사랑	[sʰa̠ɾa̠ŋ]	[sʰa̠ɾa̠ŋ]	爱 (情感)
감사합니다	[ˈka̠(ː)msʰa̠ɦa̠mnida̠]	[ˈka̠(ː)msʰa̠ɦa̠mnida̠]	感谢 (问候)
안녕하세요	[a̠nɲʌ̹ŋɦa̠sʰe̞jo]	[a̠nɲʌ̹ŋɦa̠sʰe̞jo]	你好 (问候)
죄송합니다	kwingutangnita	kwingutangnita	对不起 (表达)
네	[ne̞(ː)]	[ne̞(ː)]	是 (基础)
아니요	[a̠nijo]	[a̠nijo]	不 (基础)
맛있다	[ma̠ɕʰit̚t͈a̠]	[ma̠ɕʰit̚t͈a̠]	美味 (食物)
물	[muɭ]	[muɭ]	水 (食物)
친구	[t͡ɕʰinɡu]	[t͡ɕʰinɡu]	朋友 (人际关系)
가족	[ka̠d͡ʑo̞k̚]	[ka̠d͡ʑo̞k̚]	家庭 (关系)
귀엽다	[ˈkɥi(ː)jʌ̹p̚t͈a̠]	[ˈkɥi(ː)jʌ̹p̚t͈a̠]	可爱 (描述)
행복하다	[ˈhɛ(ː)ŋbo̞kʰa̠da̠]	[ˈhɛ(ː)ŋbo̞kʰa̠da̠]	开心 (情感)
슬프다	[sʰɯɭpʰɯda̠]	[sʰɯɭpʰɯda̠]	哀: (情感)
배고프다	[pɛɡo̞pʰɯda̠]	[pɛɡo̞pʰɯda̠]	饿 (日常生活)
피곤하다	[pʰiɡo̞nɦa̠da̠]	[pʰiɡo̞nɦa̠da̠]	累 (日常生活)
커피	[kʰʌ̹pʰi]	[kʰʌ̹pʰi]	咖啡 (饮食)
밥	[pa̠p̚]	[pa̠p̚]	饭 (饮食)
학교	[ha̠k̚k͈jo]	[ha̠k̚k͈jo]	学校 (教育)
선생님	[sʰʌ̹nsʰɛŋnim]	[sʰʌ̹nsʰɛŋnim]	老师 (教育)
학생	[ha̠ks͈ɛŋ]	[ha̠ks͈ɛŋ]	学生 (教育)
책	[t͡ɕʰɛk̚]	[t͡ɕʰɛk̚]	书 (教育)
병원	[ˈpjɘ(ː)ŋwʌ̹n]	[ˈpjɘ(ː)ŋwʌ̹n]	医院 (日常生活)
돈	[to̞(ː)n]	[to̞(ː)n]	金钱 (日常生活)
날씨	[na̠ɭɕ͈i]	[na̠ɭɕ͈i]	天 气 (日常生活)
기차	[kit͡ɕʰa̠]	[kit͡ɕʰa̠]	火车 (旅行)
공항	[ko̞ŋɦa̠ŋ]	[ko̞ŋɦa̠ŋ]	【2】银行 (旅行)
호텔	[ɸʷo̞tʰe̞ɭ]	[ɸʷo̞tʰe̞ɭ]	酒店 (旅行)
화장실	[ɸwa̠d͡ʑa̠ŋɕʰiɭ]	[ɸwa̠d͡ʑa̠ŋɕʰiɭ]	浴室 (旅行)
실례합니다	ngimryeangnita	ngimryeangnita	麻烦 (表达)
얼마	[ʌ̹ɭma̠]	[ʌ̹ɭma̠]	多少 (购物)
싸다	[s͈a̠da̠]	[s͈a̠da̠]	便宜 (购物)
비싸다	[pis͈a̠da̠]	[pis͈a̠da̠]	昂贵 (购物)
모르겠어요	murekelchochy	murekelchochy	我不知道 (表达)
좋아요	[ˈt͡ɕo̞(ː)a̠jo]	[ˈt͡ɕo̞(ː)a̠jo]	我喜欢 (表达)
싫어요	[ɕʰiɾʌ̹jo]	[ɕʰiɾʌ̹jo]	我不喜欢 (表达)
주세요	kingechy	kingechy	请 (基础)
잠깐만요	kangkanmanchy	kangkanmanchy	等一下 (表达)
축하합니다	pikaangnita	pikaangnita	恭喜 (表达)
일	[i(ː)ɭ]	[i(ː)ɭ]	工作 (日常生活)
음악	[ɯma̠k̚]	[ɯma̠k̚]	音乐 (娱乐)
영화	[jʌ̹ŋβwa̠]	[jʌ̹ŋβwa̠]	电影 (娱乐)
전화	[t͡ɕʌ̹nwa̠]	[t͡ɕʌ̹nwa̠]	电话 (日常生活)
도와주세요	tuchwkingechy	tuchwkingechy	帮助 (基础)
남자친구	[na̠md͡ʑa̠t͡ɕʰinɡu]	[na̠md͡ʑa̠t͡ɕʰinɡu]	男朋友 (关系)
여자친구	[jʌ̹d͡ʑa̠t͡ɕʰinɡu]	[jʌ̹d͡ʑa̠t͡ɕʰinɡu]	女朋友 (关系)
건배	[kʌ̹nbɛ]	[kʌ̹nbɛ]	干杯 (文化)
케이팝	[kʰe̞ipʰa̠p̚]	[kʰe̞ipʰa̠p̚]	韩国流行音乐 (文化)
아이돌	[a̠ido̞ɭ]	[a̠ido̞ɭ]	K-pop偶像 (文化)
팬덤	[pʰɛndʌ̹m]	[pʰɛndʌ̹m]	粉丝圈 (文化)
태권도	[tʰɛk͈wʌ̹ndo̞]	[tʰɛk͈wʌ̹ndo̞]	跆拳道 (文化)
먹방	[mʌ̹k̚p͈a̠ŋ]	[mʌ̹k̚p͈a̠ŋ]	吃播 (文化)
피시방	[pʰiɕʰiba̠ŋ]	[pʰiɕʰiba̠ŋ]	网咖 (文化)
케이뷰티	hechipwi	hechipwi	K-Beauty（韩国美妆） (文化)
웹툰	[we̞p̚tʰun]	[we̞p̚tʰun]	网路漫画 (文化)
만화	[ˈma̠(ː)nβwa̠]	[ˈma̠(ː)nβwa̠]	韩国漫画 (文化)
집	[t͡ɕip̚]	[t͡ɕip̚]	家 (日常生活)
일어나다	[iɾʌ̹na̠da̠]	[iɾʌ̹na̠da̠]	起床 (日常生活)
아침밥	[a̠t͡ɕʰimba̠p̚]	[a̠t͡ɕʰimba̠p̚]	早餐 (日常生活)
카페	[k͈a̠pʰe̞]	[k͈a̠pʰe̞]	咖啡厅 (日常生活)
회의	[ˈɸwe̞(ː)ɰi]	[ˈɸwe̞(ː)ɰi]	会议 (日常生活)
점심시간	[ˈt͡ɕɘ(ː)mɕʰimɕʰiɡa̠n]	[ˈt͡ɕɘ(ː)mɕʰimɕʰiɡa̠n]	午休 (日常生活)
주말	[t͡ɕuma̠ɭ]	[t͡ɕuma̠ɭ]	周末 (日常生活)
아파트	[a̠pʰa̠tʰɯ]	[a̠pʰa̠tʰɯ]	公寓 (日常生活)
빨래	[p͈a̠ɭɭɛ]	[p͈a̠ɭɭɛ]	洗衣 (日常生活)
장보기	katpuki	katpuki	买菜 (日常生活)
운동	[ˈu(ː)ndo̞ŋ]	[ˈu(ː)ndo̞ŋ]	运动 (日常生活)
은행	[ɯnɦɛŋ]	[ɯnɦɛŋ]	银行 (日常生活)
배달	[ˈpɛ(ː)da̠ɭ]	[ˈpɛ(ː)da̠ɭ]	外送 (日常生活)
인터넷	[intʰʌ̹ne̞t̚]	[intʰʌ̹ne̞t̚]	网路 (日常生活)
노래방	[no̞ɾɛba̠ŋ]	[no̞ɾɛba̠ŋ]	KTV包厢 (日常生活)
결혼식	[kjʌ̹ɾβo̞nɕʰik̚]	[kjʌ̹ɾβo̞nɕʰik̚]	婚礼 (日常生活)
휴일	[çuiɭ]	[çuiɭ]	假日 (日常生活)
마트	[ma̠tʰɯ]	[ma̠tʰɯ]	超市 (日常生活)
엘리베이터	[e̞ʎʎibe̞itʰʌ̹]	[e̞ʎʎibe̞itʰʌ̹]	电梯 (日常生活)
이웃	[iut̚]	[iut̚]	邻居 (日常生活)
아이들	[a̠idɯɭ]	[a̠idɯɭ]	孩子 (日常生活)
일정	[iʎt͡ɕ͈ʌ̹ŋ]	[iʎt͡ɕ͈ʌ̹ŋ]	行程 (日常生活)
이발	[ˈi(ː)ba̠ɭ]	[ˈi(ː)ba̠ɭ]	剪发 (日常生活)
낮잠	[na̠t̚t͡ɕ͈a̠m]	[na̠t̚t͡ɕ͈a̠m]	小睡 (日常生活)
집밥	[t͡ɕip̚p͈a̠p̚]	[t͡ɕip̚p͈a̠p̚]	在家做饭 (日常生活)
스트레스	[sʰɯtʰɯɾe̞s͈ɯ]	[sʰɯtʰɯɾe̞s͈ɯ]	压力 (日常生活)
공부	[ko̞ŋbu]	[ko̞ŋbu]	学习 (日常生活)
취미	[ˈt͡ɕʰɥi(ː)mi]	[ˈt͡ɕʰɥi(ː)mi]	兴趣爱好 (日常生活)
도서관	[to̞sʰʌ̹ɡwa̠n]	[to̞sʰʌ̹ɡwa̠n]	图书馆 (日常生活)
우체국	[ut͡ɕʰe̞ɡuk̚]	[ut͡ɕʰe̞ɡuk̚]	邮局 (日常生活)
숙제	[sʰuk̚t͡ɕ͈e̞]	[sʰuk̚t͡ɕ͈e̞]	作业 (教育)
시험	[ɕʰiɦʌ̹m]	[ɕʰiɦʌ̹m]	考试 (教育)
테스트	[tʰe̞sʰɯtʰɯ]	[tʰe̞sʰɯtʰɯ]	测验 (教育)
퀴즈	[kʰɥid͡ʑɯ]	[kʰɥid͡ʑɯ]	测验 (教育)
성적	[sʰʌ̹ŋd͡ʑʌ̹k̚]	[sʰʌ̹ŋd͡ʑʌ̹k̚]	等级： (教育)
점수	[t͡ɕʌ̹ms͈u]	[t͡ɕʌ̹ms͈u]	得分 (教育)
이해	[ˈi(ː)ɦɛ]	[ˈi(ː)ɦɛ]	理解 (教育)
질문	[t͡ɕiɭmun]	[t͡ɕiɭmun]	问题 (教育)
답	[ta̠p̚]	[ta̠p̚]	答案 (教育)
수업	[sʰuʌ̹p̚]	[sʰuʌ̹p̚]	纲 (教育)
레슨	rengen	rengen	课程 (教育)
과목	[kwa̠mo̞k̚]	[kwa̠mo̞k̚]	主题 (教育)
수학	[ˈsʰu(ː)ɦa̠k̚]	[ˈsʰu(ː)ɦa̠k̚]	数学 (教育)
과학	[kwa̠ɦa̠k̚]	[kwa̠ɦa̠k̚]	科学 (教育)
영어	[jʌ̹ŋʌ̹]	[jʌ̹ŋʌ̹]	中文 (教育)
역사	[jʌ̹ks͈a̠]	[jʌ̹ks͈a̠]	历史 (教育)
미술	[ˈmi(ː)sʰuɭ]	[ˈmi(ː)sʰuɭ]	艺术 (教育)
체육	[t͡ɕʰe̞juk̚]	[t͡ɕʰe̞juk̚]	教育选修课 (教育)
교실	[ˈkjo(ː)ɕʰiɭ]	[ˈkjo(ː)ɕʰiɭ]	课桌式 (教育)
칠판	[t͡ɕʰiɭpʰa̠n]	[t͡ɕʰiɭpʰa̠n]	黑板 (教育)
마커	[ma̠kʰʌ̹]	[ma̠kʰʌ̹]	刻度线标志 (教育)
분필	[punpʰiɭ]	[punpʰiɭ]	白垩 (教育)
공책	[ko̞ŋt͡ɕʰɛk̚]	[ko̞ŋt͡ɕʰɛk̚]	笔记本 (教育)
연필	[jʌ̹npʰiɭ]	[jʌ̹npʰiɭ]	笔 (教育)
펜	[pʰe̞n]	[pʰe̞n]	笔 (教育)
지우개	[t͡ɕiuɡɛ]	[t͡ɕiuɡɛ]	橡皮擦 (教育)
자	[t͡ɕa̠]	[t͡ɕa̠]	标尺 (教育)
계산기	[ˈkje̞(ː)sʰa̠nɡi]	[ˈkje̞(ː)sʰa̠nɡi]	计算器 (教育)
교과서	[ˈkjo(ː)ɡwa̠sʰʌ̹]	[ˈkjo(ː)ɡwa̠sʰʌ̹]	考证 (教育)
사전	[sʰa̠d͡ʑʌ̹n]	[sʰa̠d͡ʑʌ̹n]	词典 (教育)
대학교	[ˈtɛ(ː)ɦa̠k̚k͈jo]	[ˈtɛ(ː)ɦa̠k̚k͈jo]	大学 (教育)
대학	[ˈtɛ(ː)ɦa̠k̚]	[ˈtɛ(ː)ɦa̠k̚]	大学 (教育)
고등학교	[ko̞dɯŋɦa̠k̚k͈jo]	[ko̞dɯŋɦa̠k̚k͈jo]	高中 (教育)
중학교	[t͡ɕuŋɦa̠k̚k͈jo]	[t͡ɕuŋɦa̠k̚k͈jo]	初中 (教育)
초등학교	[t͡ɕʰo̞dɯŋɦa̠k̚k͈jo]	[t͡ɕʰo̞dɯŋɦa̠k̚k͈jo]	小学 (教育)
유치원	[jut͡ɕʰiwʌ̹n]	[jut͡ɕʰiwʌ̹n]	幼儿园 (教育)
캠퍼스	[kʰɛmpʰʌ̹sʰɯ]	[kʰɛmpʰʌ̹sʰɯ]	校园 (教育)
동기	[to̞ŋɡi]	[to̞ŋɡi]	同学 (教育)
아르바이트	[a̠ɾɯba̠itʰɯ]	[a̠ɾɯba̠itʰɯ]	兼职 (教育)
기술	[kisʰuɭ]	[kisʰuɭ]	技能 (教育)
학원	[ha̠ɡwʌ̹n]	[ha̠ɡwʌ̹n]	补习班 (教育)
과제	[kwa̠d͡ʑe̞]	[kwa̠d͡ʑe̞]	作业 (教育)
프로젝트	[pʰɯɾo̞d͡ʑe̞k̚tʰɯ]	[pʰɯɾo̞d͡ʑe̞k̚tʰɯ]	专案 (教育)
학기	[ha̠k̚k͈i]	[ha̠k̚k͈i]	上课学期 (教育)
방학	[pa̠ŋɦa̠k̚]	[pa̠ŋɦa̠k̚]	休假 (教育)
신나다	[ɕʰinna̠da̠]	[ɕʰinna̠da̠]	兴奋；开心 (形容词)
지루하다	[t͡ɕiɾuɦa̠da̠]	[t͡ɕiɾuɦa̠da̠]	无聊 (情感)
무섭다	[musʰʌ̹p̚t͈a̠]	[musʰʌ̹p̚t͈a̠]	恐惧 (情感)
놀라다	[ˈno̞(ː)ɭɭa̠da̠]	[ˈno̞(ː)ɭɭa̠da̠]	惊讶 (情感)
외롭다	[we̞ɾo̞p̚t͈a̠]	[we̞ɾo̞p̚t͈a̠]	孤单 (情感)
질투하다	[t͡ɕiɭtʰuɦa̠da̠]	[t͡ɕiɭtʰuɦa̠da̠]	妒忌 (情感)
불안하다	[puɾa̠nɦa̠da̠]	[puɾa̠nɦa̠da̠]	焦虑 (情感)
긴장하다	[kiɲd͡ʑa̠ŋɦa̠da̠]	[kiɲd͡ʑa̠ŋɦa̠da̠]	紧张 (情感)
감사하다	[ˈka̠(ː)msʰa̠ɦa̠da̠]	[ˈka̠(ː)msʰa̠ɦa̠da̠]	令人感激 (情感)
실망하다	[ɕʰiɭma̠ŋɦa̠da̠]	[ɕʰiɭma̠ŋɦa̠da̠]	失望的脸 (情感)
우울하다	[uuɾɦa̠da̠]	[uuɾɦa̠da̠]	压低 (情感)
명랑하다	myotratata	myotratata	开朗 (情感)
평화롭다	[pʰjʌ̹ŋβwa̠ɾo̞p̚t͈a̠]	[pʰjʌ̹ŋβwa̠ɾo̞p̚t͈a̠]	和平 (情感)
걱정하다	[kʌ̹k̚t͡ɕ͈ʌ̹ŋɦa̠da̠]	[kʌ̹k̚t͡ɕ͈ʌ̹ŋɦa̠da̠]	担心 (情感)
궁금하다	[kuŋɡɯmɦa̠da̠]	[kuŋɡɯmɦa̠da̠]	好奇 (情感)
감동받다	kangtutpakta	kangtutpakta	感动 (情感)
차분하다	[t͡ɕʰa̠bunɦa̠da̠]	[t͡ɕʰa̠bunɦa̠da̠]	沉着 (情感)
만족하다	[ma̠ɲd͡ʑo̞kʰa̠da̠]	[ma̠ɲd͡ʑo̞kʰa̠da̠]	满意 (情绪)
부러워하다	pirocheata	pirocheata	羡慕 (情绪)
기쁘다	[kip͈ɯda̠]	[kip͈ɯda̠]	喜悦 (情绪)
스트레스받다	ngeerengepakta	ngeerengepakta	压力大 (情绪)
지치다	[ˈt͡ɕi(ː)t͡ɕʰida̠]	[ˈt͡ɕi(ː)t͡ɕʰida̠]	筋疲力尽 (情绪)
재미있다	[t͡ɕɛmiit̚t͈a̠]	[t͡ɕɛmiit̚t͈a̠]	觉得有趣 (情绪)
짜증나다	taketnata	taketnata	恼怒 (情绪)
삐치다	sipita	sipita	闷闷不乐 (情感)
장난스럽다	katnanngerongta	katnanngerongta	顽皮 (情感)
따뜻하다	[t͈a̠t͈ɯtʰa̠da̠]	[t͈a̠t͈ɯtʰa̠da̠]	温暖 (情感)
아늑하다	[a̠nɯkʰa̠da̠]	[a̠nɯkʰa̠da̠]	舒适 (情感)
어색하다	[ˈɘ(ː)sʰɛkʰa̠da̠]	[ˈɘ(ː)sʰɛkʰa̠da̠]	不安 (情感)
소심하다	[ˈsʰo̞(ː)ɕʰimɦa̠da̠]	[ˈsʰo̞(ː)ɕʰimɦa̠da̠]	胆小 (情感)
부드럽다	[pudɯɾʌ̹p̚t͈a̠]	[pudɯɾʌ̹p̚t͈a̠]	招标 (情感)
상쾌하다	[ˈsʰa̠(ː)ŋkʰwɛɦa̠da̠]	[ˈsʰa̠(ː)ŋkʰwɛɦa̠da̠]	刷新完成 (情感)
맵다	[mɛp̚t͈a̠]	[mɛp̚t͈a̠]	辣 (食物)
달다	[ˈta̠(ː)ɭda̠]	[ˈta̠(ː)ɭda̠]	甜 (食物)
짜다	[t͡ɕ͈a̠da̠]	[t͡ɕ͈a̠da̠]	咸 (食物)
비빔밥	[pibimp͈a̠p̚]	[pibimp͈a̠p̚]	拌饭 (食物)
김치	[kimt͡ɕʰi]	[kimt͡ɕʰi]	泡菜 (食物)
떡볶이	[t͈ʌ̹k̚p͈o̞k͈i]	[t͈ʌ̹k̚p͈o̞k͈i]	辣炒年糕 (食物)
삼겹살	[sʰa̠mɡjʌ̹ps͈a̠ɭ]	[sʰa̠mɡjʌ̹ps͈a̠ɭ]	烤五花肉 (食物)
불고기	[puɭɡo̞ɡi]	[puɭɡo̞ɡi]	烤肉 (食物)
라면	[ɾa̠mjʌ̹n]	[ɾa̠mjʌ̹n]	泡面 (食物)
잡채	[t͡ɕa̠p̚t͡ɕʰɛ]	[t͡ɕa̠p̚t͡ɕʰɛ]	韩式杂菜 (食物)
김밥	[ˈki(ː)mba̠p̚]	[ˈki(ː)mba̠p̚]	韩式饭卷 (食物)
냉면	[ˈnɛ(ː)ŋmjʌ̹n]	[ˈnɛ(ː)ŋmjʌ̹n]	冷面 (食物)
파전	[pʰa̠d͡ʑʌ̹n]	[pʰa̠d͡ʑʌ̹n]	葱饼 (食物)
소주	[sʰo̞d͡ʑu]	[sʰo̞d͡ʑu]	烧酒 (食物)
막걸리	[ma̠k̚k͈ʌ̹ʎʎi]	[ma̠k̚k͈ʌ̹ʎʎi]	米酒 (食物)
빙수	[piŋsʰu]	[piŋsʰu]	刨冰 (食物)
갈비	[ka̠ɭbi]	[ka̠ɭbi]	排骨 (食物)
호떡	[ɸʷo̞t͈ʌ̹k̚]	[ɸʷo̞t͈ʌ̹k̚]	糖饼 (食物)
도시락	[to̞ɕʰiɾa̠k̚]	[to̞ɕʰiɾa̠k̚]	便当 (食物)
자장면	[t͡ɕa̠d͡ʑa̠ŋmjʌ̹n]	[t͡ɕa̠d͡ʑa̠ŋmjʌ̹n]	炸酱面 (食物)
양념치킨	chyatnyongpihin	chyatnyongpihin	韩式炸鸡 (食物)
만두	[ma̠ndu]	[ma̠ndu]	饺子 (食物)
국	[kuk̚]	[kuk̚]	汤 (食物)
고기	[ko̞ɡi]	[ko̞ɡi]	肉类 (食物)
계란	[kje̞ɾa̠n]	[kje̞ɾa̠n]	蛋 (食物)
마늘	[ma̠nɯɭ]	[ma̠nɯɭ]	放了大蒜的 (食物)
파	[pʰa̠]	[pʰa̠]	青葱 (食物)
참기름	[t͡ɕʰa̠mɡiɾɯm]	[t͡ɕʰa̠mɡiɾɯm]	麻油 (食物)
밥솥	[pa̠ps͈o̞t̚]	[pa̠ps͈o̞t̚]	电饭煲 (食物)
식당	[ɕʰik̚t͈a̠ŋ]	[ɕʰik̚t͈a̠ŋ]	餐厅 (食物)
메뉴	[me̞ɲu]	[me̞ɲu]	菜单 (食物)
주문	[ˈt͡ɕu(ː)mun]	[ˈt͡ɕu(ː)mun]	货物运载 (食物)
리필	[ɾipʰiɭ]	[ɾipʰiɭ]	补充 (食物)
오랜만이에요	churenmanchichechy	churenmanchichechy	好久不见... (问候)
들어오세요	temchochungechy	temchochungechy	请进 (问候)
수고하셨어요	ngikuangyolchochy	ngikuangyolchochy	辛苦了 (问候语)
파이팅	[pʰa̠itʰiŋ]	[pʰa̠itʰiŋ]	加油 (鼓励) (问候语)
힘내세요	ingnengechy	ingnengechy	打起精神来 (问候语)
괜찮아요	kwenpalchachy	kwenpalchachy	没关系 (问候语)
물론이죠	mimrunchiky	mimrunchiky	当然 (问候语)
문제없어요	minkechotchochy	minkechotchochy	没问题 (问候语)
천만에요	[t͡ɕʰʌ̹nma̠ne̞jo]	[t͡ɕʰʌ̹nma̠ne̞jo]	不客气 (问候语)
언제든지요	chonketenkichy	chonketenkichy	随时 (问候语)
알겠어요	chamkelchochy	chamkelchochy	我明白了 (问候语)
정말요	kotmamchy	kotmamchy	真的吗？ (问候语)
와	[wa̠]	[wa̠]	哇 (问候语)
대단해요	tetanechy	tetanechy	太棒了 (问候语)
바빠요	pasachy	pasachy	我很忙 (问候语)
피곤해요	ikunechy	ikunechy	我累了 (问候语)
만나요	mannachy	mannachy	见个面吧 (问候语)
조심하세요	kungingangechy	kungingangechy	小心 (问候语)
즐거웠어요	kemkochelchochy	kemkochelchochy	我玩得很开心 (问候语)
가요	[ka̠jo]	[ka̠jo]	我们走吧 (问候语)
훌륭해요	imrwtechy	imrwtechy	做得好 (问候语)
할까요	amkachy	amkachy	我们一起…好吗？ (问候语)
걱정했어요	kokkotelchochy	kokkotelchochy	我很担心你 (问候语)
그럼요	kerongchy	kerongchy	当然 (问候语)
믿어요	mikchochy	mikchochy	我相信你 (问候语)
산	[sʰa̠n]	[sʰa̠n]	山 (自然)
강	[ka̠ŋ]	[ka̠ŋ]	河流 (自然)
바다	[pa̠da̠]	[pa̠da̠]	海/海洋 (自然)
섬	[sʰɘ(ː)m]	[sʰɘ(ː)m]	岛 (自然)
봄	[po̞m]	[po̞m]	春 (自然)
여름	[jʌ̹ɾɯm]	[jʌ̹ɾɯm]	夏天 (自然)
가을	[ka̠ɯɭ]	[ka̠ɯɭ]	秋天 / 秋季 (自然)
겨울	[kjʌ̹uɭ]	[kjʌ̹uɭ]	冬天 (自然)
비	[pi]	[pi]	雨 (自然)
눈	[nun]	[nun]	雪 (自然)
벚꽃	[pʌ̹t̚k͈o̞t̚]	[pʌ̹t̚k͈o̞t̚]	樱花 (自然)
단풍	[ta̠npʰuŋ]	[ta̠npʰuŋ]	秋叶 (自然)
하늘	[ha̠nɯɭ]	[ha̠nɯɭ]	天空 (自然)
일몰	chimmum	chimmum	日落 (自然)
일출	[iʎt͡ɕʰuɭ]	[iʎt͡ɕʰuɭ]	日出 (自然)
폭포	[pʰo̞k̚pʰo̞]	[pʰo̞k̚pʰo̞]	瀑布 (自然)
숲	[sʰup̚]	[sʰup̚]	森林 (自然)
꽃	[k͈o̞t̚]	[k͈o̞t̚]	花 (自然)
나무	[na̠mu]	[na̠mu]	树 (自然)
바람	[pa̠ɾa̠m]	[pa̠ɾa̠m]	风 (自然)
구름	[kuɾɯm]	[kuɾɯm]	云 (自然)
호수	[ɸʷo̞sʰu]	[ɸʷo̞sʰu]	湖 (自然)
별	[pjɘ(ː)ɭ]	[pjɘ(ː)ɭ]	星星 (自然)
달	[ta̠ɭ]	[ta̠ɭ]	月亮 (自然)
불	[puɭ]	[puɭ]	火 (自然)
온천	[o̞ɲt͡ɕʰʌ̹n]	[o̞ɲt͡ɕʰʌ̹n]	温泉 (自然)
형	[çʌ̹ŋ]	[çʌ̹ŋ]	哥哥（男性说法） (关系)
오빠	[o̞p͈a̠]	[o̞p͈a̠]	哥哥（女性说法） (关系)
언니	[ʌ̹nni]	[ʌ̹nni]	姐姐（女性说法） (关系)
누나	[ˈnu(ː)na̠]	[ˈnu(ː)na̠]	姐姐（男性说法） (关系)
동생	[to̞ŋsʰɛŋ]	[to̞ŋsʰɛŋ]	弟弟或妹妹 (人际关系)
부모님	[pumo̞nim]	[pumo̞nim]	父母 (人际关系)
할아버지	[ha̠ɾa̠bʌ̹d͡ʑi]	[ha̠ɾa̠bʌ̹d͡ʑi]	祖父 (人际关系)
할머니	[ha̠ɭmʌ̹ni]	[ha̠ɭmʌ̹ni]	祖母 (人际关系)
동료	[to̞ŋɲo]	[to̞ŋɲo]	同事 (人际关系)
데이트	[te̞itʰɯ]	[te̞itʰɯ]	约会 (人际关系)
결혼했어요	kyomunelchochy	kyomunelchochy	结婚 (人际关系)
솔로	[s͈o̞ɭɭo̞]	[s͈o̞ɭɭo̞]	单身 (人际关系)
기념일	[kiɲʌ̹miɭ]	[kiɲʌ̹miɭ]	纪念日 (人际关系)
관계	[kwa̠nɡje̞]	[kwa̠nɡje̞]	关系 (人际关系)
외로움	[we̞ɾo̞um]	[we̞ɾo̞um]	孤独 (人际关系)
우정	[ˈu(ː)d͡ʑʌ̹ŋ]	[ˈu(ː)d͡ʑʌ̹ŋ]	友谊 (人际关系)
소개하다	[sʰo̞ɡɛɦa̠da̠]	[sʰo̞ɡɛɦa̠da̠]	介绍某人 (人际关系)
모이다	[mo̞ida̠]	[mo̞ida̠]	凝聚在一起 (人际关系)
사랑해요	ngaratechy	ngaratechy	我爱你 (人际关系)
있어요	chilchochy	chilchochy	有...吗？ (购物)
할인	[ha̠ɾin]	[ha̠ɾin]	折扣 (购物)
세일	[s͈e̞iɭ]	[s͈e̞iɭ]	Sale (购物)
사이즈	[s͈a̠id͡ʑɯ]	[s͈a̠id͡ʑɯ]	规模​​ (购物)
탈의실	[tʰa̠ɾɰiɕʰiɭ]	[tʰa̠ɾɰiɕʰiɭ]	试衣间 ? (购物)
현금	[ˈçɘ(ː)nɡɯm]	[ˈçɘ(ː)nɡɯm]	现金 (购物)
영수증	[jʌ̹ŋsʰud͡ʑɯŋ]	[jʌ̹ŋsʰud͡ʑɯŋ]	收据 (购物)
백화점	[pɛkʰwa̠d͡ʑʌ̹m]	[pɛkʰwa̠d͡ʑʌ̹m]	百货店 (购物)
화장품	[ɸwa̠d͡ʑa̠ŋpʰum]	[ɸwa̠d͡ʑa̠ŋpʰum]	化妆品 (购物)
동대문	tuttemin	tuttemin	时尚区 (购物)
시장	[ɕʰid͡ʑa̠ŋ]	[ɕʰid͡ʑa̠ŋ]	传统市场(Traditional Market) (购物)
색	[sʰɛk̚]	[sʰɛk̚]	颜色 (购物)
배송	[ˈpɛ(ː)sʰo̞ŋ]	[ˈpɛ(ː)sʰo̞ŋ]	交货和装运 (购物)
포인트	[pʰo̞intʰɯ]	[pʰo̞intʰɯ]	会员积分 (购物)
포장	[pʰo̞d͡ʑa̠ŋ]	[pʰo̞d͡ʑa̠ŋ]	包装 (购物)
품절	[ˈpʰu(ː)md͡ʑʌ̹ɭ]	[ˈpʰu(ː)md͡ʑʌ̹ɭ]	已售完 (购物)
회원권	wichenken	wichenken	职责包括︰ (购物)
후기	[ˈɸʷu(ː)ɡi]	[ˈɸʷu(ː)ɡi]	产品评论 (购物)
입어보다	chingchoputa	chingchoputa	试穿 (购物)
브랜드	[pɯɾɛndɯ]	[pɯɾɛndɯ]	品牌 (购物)
결제	kyomke	kyomke	还款 (购物)
어디예요	chotichyechy	chotichyechy	这病房里的... (旅行)
지하철	[t͡ɕiɦa̠t͡ɕʰʌ̹ɭ]	[t͡ɕiɦa̠t͡ɕʰʌ̹ɭ]	地铁 (旅行)
버스	[p͈ʌ̹s͈ɯ]	[p͈ʌ̹s͈ɯ]	公车 (旅行)
택시	[tʰɛkɕ͈i]	[tʰɛkɕ͈i]	出租车 (旅游)
기차역	[kit͡ɕʰa̠jʌ̹k̚]	[kit͡ɕʰa̠jʌ̹k̚]	铁路车站 (旅游)
체크인	pehechin	pehechin	签到 (旅游)
예약	[ˈje̞(ː)ja̠k̚]	[ˈje̞(ː)ja̠k̚]	预定 (旅游)
관광지	kwnkwtki	kwnkwtki	旅游点 (旅游)
지도	[t͡ɕido̞]	[t͡ɕido̞]	地图 (旅游)
티켓	[tʰikʰe̞t̚]	[tʰikʰe̞t̚]	传说券 (旅游)
여권	[jʌ̹k͈wʌ̹n]	[jʌ̹k͈wʌ̹n]	护照 (旅游)
환전	[ɸwa̠ɲd͡ʑʌ̹n]	[ɸwa̠ɲd͡ʑʌ̹n]	货币兑换 (旅游)
편의점	[pʰjʌ̹nɰid͡ʑʌ̹m]	[pʰjʌ̹nɰid͡ʑʌ̹m]	便利店 (旅游)
전통시장	konutngikat	konutngikat	传统市场(Traditional Market) (旅游)
궁	kit	kit	宫殿 (旅游)
등산	[tɯŋsʰa̠n]	[tɯŋsʰa̠n]	山地徒步 (旅游)
해변	[ˈhɛ(ː)bjʌ̹n]	[ˈhɛ(ː)bjʌ̹n]	沙滩 (旅游)
절	[t͡ɕʌ̹ɭ]	[t͡ɕʌ̹ɭ]	神庙 (旅游)
기념품	[kiɲʌ̹mpʰum]	[kiɲʌ̹mpʰum]	纪念品 (旅游)
면세점	[ˈmjɘ(ː)nsʰe̞d͡ʑʌ̹m]	[ˈmjɘ(ː)nsʰe̞d͡ʑʌ̹m]	免税商店 (旅游)
티머니	imoni	imoni	T-Money卡 (旅游)
한복	[ha̠nbo̞k̚]	[ha̠nbo̞k̚]	韩国传统服装 (旅游)
와이파이	[wa̠ipʰa̠i]	[wa̠ipʰa̠i]	WiFi (旅游)
약국	[ja̠k̚k͈uk̚]	[ja̠k̚k͈uk̚]	药房 (旅游)
응급실	[ˈɯ(ː)ŋɡɯpɕ͈iɭ]	[ˈɯ(ː)ŋɡɯpɕ͈iɭ]	急诊室 (旅游)
직진	[t͡ɕik̚t͡ɕ͈in]	[t͡ɕik̚t͡ɕ͈in]	直行前进 (旅游)
멀어요	momchochy	momchochy	“远吗？” (旅游)
입장료	[ip̚t͡ɕ͈a̠ŋɲo]	[ip̚t͡ɕ͈a̠ŋɲo]	门票费用 (旅游)
열었어요	chyomcholchochy	chyomcholchochy	门开着吗？ (旅游)
얼마예요	chommachyechy	chommachyechy	大概多少钱 (旅游)
신용카드	nginchythate	nginchythate	信用卡 (旅游)
짐	[t͡ɕim]	[t͡ɕim]	行李箱 (旅游)
제주도	[ˈt͡ɕe̞(ː)d͡ʑudo̞]	[ˈt͡ɕe̞(ː)d͡ʑudo̞]	济州岛 (旅游)
애교	[ˈɛ(ː)ɡjo]	[ˈɛ(ː)ɡjo]	Aegyo (文化)
대박	[ˈtɛ(ː)ba̠k̚]	[ˈtɛ(ː)ba̠k̚]	Daebak (文化)
헐	[hʌ̹ɭ]	[hʌ̹ɭ]	Heol (文化)
사랑해	[sʰa̠ɾa̠ŋɦɛ]	[sʰa̠ɾa̠ŋɦɛ]	撒浪嘿 (文化)
데뷔	[te̞bɥi]	[te̞bɥi]	偶像首次亮相 (文化)
예능	[ˈje̞(ː)nɯŋ]	[ˈje̞(ː)nɯŋ]	综艺节目 (文化)
컴백	[kʰʌ̹mbɛk̚]	[kʰʌ̹mbɛk̚]	卷土 (文化)
팬미팅	[pʰɛnmitʰiŋ]	[pʰɛnmitʰiŋ]	粉丝会议 (文化)
응원봉	[ˈɯ(ː)ŋwʌ̹nbo̞ŋ]	[ˈɯ(ː)ŋwʌ̹nbo̞ŋ]	Lightstick (文化)
셀카	[s͈e̞ɭkʰa̠]	[s͈e̞ɭkʰa̠]	自拍 (文化)
팬아트	[pʰɛna̠tʰɯ]	[pʰɛna̠tʰɯ]	粉丝艺术 (文化)
커플링	hoemrit	hoemrit	情侣戒指 (文化)
커뮤니티	[kʰʌ̹mjunitʰi]	[kʰʌ̹mjunitʰi]	网路社群 (文化)
유행	[juɦɛŋ]	[juɦɛŋ]	流行／趋势 (文化)
콘서트	[kʰo̞nsʰʌ̹tʰɯ]	[kʰo̞nsʰʌ̹tʰɯ]	演唱会 (文化)
스터디카페	ngeotihae	ngeotihae	读书咖啡厅 (文化)
앨범	[ɛɭbʌ̹m]	[ɛɭbʌ̹m]	专辑 (文化)
포토카드	uuhate	uuhate	写真卡 (文化)
최애	[ˈt͡ɕʰwe̞(ː)ɛ]	[ˈt͡ɕʰwe̞(ː)ɛ]	偏爱（最喜欢的成员） (文化)
연기	[ˈjɘ(ː)nɡi]	[ˈjɘ(ː)nɡi]	演技 (文化)
굿즈	[kut̚t͡ɕ͈ɯ]	[kut̚t͡ɕ͈ɯ]	偶像周边商品 (文化)
귀요미	kechymi	kechymi	可爱鬼（可爱游戏） (文化)
칫솔	[t͡ɕʰiss͈o̞ɭ]	[t͡ɕʰiss͈o̞ɭ]	牙刷 (日常生活)
거울	[kʌ̹uɭ]	[kʌ̹uɭ]	镜像 (日常生活)
세면대	[ˈsʰe̞(ː)mjʌ̹ndɛ]	[ˈsʰe̞(ː)mjʌ̹ndɛ]	Sink (日常生活)
샤워	[ɕʰa̠wʌ̹]	[ɕʰa̠wʌ̹]	花洒 (日常生活)
욕조	[jok̚t͡ɕ͈o̞]	[jok̚t͡ɕ͈o̞]	浴缸 (日常生活)
수건	[ˈsʰu(ː)ɡʌ̹n]	[ˈsʰu(ː)ɡʌ̹n]	Towel (日常生活)
비누	[pinu]	[pinu]	香皂 (日常生活)
샴푸	[ɕʰa̠mpʰu]	[ɕʰa̠mpʰu]	洗发水 (日常生活)
린스	[ɾins͈ɯ]	[ɾins͈ɯ]	护发素 (日常生活)
세안제	ngechanke	ngechanke	洗面奶 (日常生活)
보습제	pungengke	pungengke	保湿乳： (日常生活)
면도기	[ˈmjɘ(ː)ndo̞ɡi]	[ˈmjɘ(ː)ndo̞ɡi]	技能-电魂 (日常生活)
빗	[pit̚]	[pit̚]	梳 (日常生活)
다리미	[ta̠ɾimi]	[ta̠ɾimi]	铁 (日常生活)
다리미판	[ta̠ɾimipʰa̠n]	[ta̠ɾimipʰa̠n]	熨衣板 (日常生活)
청소기	[t͡ɕʰʌ̹ŋsʰo̞ɡi]	[t͡ɕʰʌ̹ŋsʰo̞ɡi]	真空吸尘器 (日常生活)
걸레	[kʌ̹ɭɭe̞]	[kʌ̹ɭɭe̞]	拖地 (日常生活)
빗자루	[pit̚t͡ɕ͈a̠ɾu]	[pit̚t͡ɕ͈a̠ɾu]	扫帚 (日常生活)
쓰레받기	[s͈ɯɾe̞ba̠t̚k͈i]	[s͈ɯɾe̞ba̠t̚k͈i]	畚箕 (日常生活)
쓰레기봉투	cerekiputi	cerekiputi	垃圾袋 (日常生活)
냉장고	[ˈnɛ(ː)ŋd͡ʑa̠ŋɡo̞]	[ˈnɛ(ː)ŋd͡ʑa̠ŋɡo̞]	冰箱 (日常生活)
전자레인지	[t͡ɕʌ̹ɲd͡ʑa̠ɾe̞iɲd͡ʑi]	[t͡ɕʌ̹ɲd͡ʑa̠ɾe̞iɲd͡ʑi]	微波炉 (日常生活)
식기세척기	[ɕʰik̚k͈isʰe̞t͡ɕʰʌ̹k̚k͈i]	[ɕʰik̚k͈isʰe̞t͡ɕʰʌ̹k̚k͈i]	洗碗工 (日常生活)
세탁기	[ˈsʰe̞(ː)tʰa̠k̚k͈i]	[ˈsʰe̞(ː)tʰa̠k̚k͈i]	洗衣机 (日常生活)
건조기	[kʌ̹ɲd͡ʑo̞ɡi]	[kʌ̹ɲd͡ʑo̞ɡi]	干衣机 (日常生活)
선풍기	[sʰʌ̹npʰuŋɡi]	[sʰʌ̹npʰuŋɡi]	神秘折扇 (日常生活)
에어컨	[e̞ʌ̹kʰʌ̹n]	[e̞ʌ̹kʰʌ̹n]	空调 (日常生活)
난방기	[na̠nba̠ŋɡi]	[na̠nba̠ŋɡi]	暖气机 (日常生活)
창문	[t͡ɕʰa̠ŋmun]	[t͡ɕʰa̠ŋmun]	窗户 (日常生活)
문	[mun]	[mun]	门 (日常生活)
자물쇠	[t͡ɕa̠muɭs͈we̞]	[t͡ɕa̠muɭs͈we̞]	锁 (日常生活)
열쇠	[ˈjɘ(ː)ɭs͈we̞]	[ˈjɘ(ː)ɭs͈we̞]	钥匙 (日常生活)
우편함	[upʰjʌ̹nɦa̠m]	[upʰjʌ̹nɦa̠m]	邮箱 (日常生活)
초인종	[t͡ɕʰo̞iɲd͡ʑo̞ŋ]	[t͡ɕʰo̞iɲd͡ʑo̞ŋ]	门铃 (日常生活)
인터폰	chinoun	chinoun	对讲机 (日常生活)
계단	[kje̞da̠n]	[kje̞da̠n]	楼梯 (日常生活)
복도	[po̞k̚t͈o̞]	[po̞k̚t͈o̞]	走廊 (日常生活)
발코니	[pa̠ɭkʰo̞ni]	[pa̠ɭkʰo̞ni]	阳台 (日常生活)
거실	[kʌ̹ɕʰiɭ]	[kʌ̹ɕʰiɭ]	客厅 (日常生活)
침실	[ˈt͡ɕʰi(ː)mɕʰiɭ]	[ˈt͡ɕʰi(ː)mɕʰiɭ]	卧室 (日常生活)
부엌	[puʌ̹k̚]	[puʌ̹k̚]	厨房 (日常生活)
서재	[sʰʌ̹d͡ʑɛ]	[sʰʌ̹d͡ʑɛ]	书房 (日常生活)
옷장	[o̞t̚t͡ɕ͈a̠ŋ]	[o̞t̚t͡ɕ͈a̠ŋ]	衣柜 (日常生活)
서랍	[sʰʌ̹ɾa̠p̚]	[sʰʌ̹ɾa̠p̚]	抽屉 (日常生活)
선반	[sʰʌ̹nba̠n]	[sʰʌ̹nba̠n]	架子 (日常生活)
책장	[t͡ɕʰɛk̚t͡ɕ͈a̠ŋ]	[t͡ɕʰɛk̚t͡ɕ͈a̠ŋ]	书柜 (日常生活)
소파	[s͈o̞pʰa̠]	[s͈o̞pʰa̠]	沙发 (日常生活)
감자탕	[ka̠md͡ʑa̠tʰa̠ŋ]	[ka̠md͡ʑa̠tʰa̠ŋ]	马铃薯排骨汤 (食物)
보리차	puripa	puripa	大麦茶 (食物)
바나나우유	pananachichw	pananachichw	香蕉牛奶 (食物)
고구마라떼	kukimarate	kukimarate	地瓜拿铁 (食物)
계란타르트	kyeranaree	kyeranaree	蛋塔 (食物)
초코파이	[t͡ɕʰo̞kʰo̞pʰa̠i]	[t͡ɕʰo̞kʰo̞pʰa̠i]	巧克力派 (食物)
허니버터칩	onipooping	onipooping	蜂蜜奶油洋芋片 (食物)
컵라면	[kʰʌ̹mna̠mjʌ̹n]	[kʰʌ̹mna̠mjʌ̹n]	杯面 (食物)
김치찌개	[kimt͡ɕʰit͡ɕ͈iɡɛ]	[kimt͡ɕʰit͡ɕ͈iɡɛ]	泡菜锅 (食物)
볶음	[po̞k͈ɯm]	[po̞k͈ɯm]	炒 (食物)
구우다	kichita	kichita	烤 (食物)
찐다	tinta	tinta	蒸 (食物)
끓인다	kengchinta	kengchinta	煮 (食物)
튀긴다	ekinta	ekinta	炸 (食物)
생것	ngetkot	ngetkot	生 (食物)
재운다	kechinta	kechinta	腌制 (食物)
간장	[ka̠ɲd͡ʑa̠ŋ]	[ka̠ɲd͡ʑa̠ŋ]	酱油 (食物)
된장	[ˈtwe̞(ː)ɲd͡ʑa̠ŋ]	[ˈtwe̞(ː)ɲd͡ʑa̠ŋ]	韩式大酱 (食物)
생강	[sʰɛŋɡa̠ŋ]	[sʰɛŋɡa̠ŋ]	姜 (食物)
숙주	ngikki	ngikki	豆芽 (食物)
시금치	[ɕʰiɡɯmt͡ɕʰi]	[ɕʰiɡɯmt͡ɕʰi]	菠菜 (食物)
무	[mu(ː)]	[mu(ː)]	萝卜 (食物)
두부	[tubu]	[tubu]	豆腐 (食物)
돼지고기	[ˈtwɛ(ː)d͡ʑiɡo̞ɡi]	[ˈtwɛ(ː)d͡ʑiɡo̞ɡi]	猪五花肉 (食物)
소고기	[sʰo̞ɡo̞ɡi]	[sʰo̞ɡo̞ɡi]	牛肉 (食物)
닭	[ta̠k̚]	[ta̠k̚]	鸡肉 (食物)
해물	[ˈhɛ(ː)muɭ]	[ˈhɛ(ː)muɭ]	海鲜 (食物)
조개	[t͡ɕo̞ɡɛ]	[t͡ɕo̞ɡɛ]	贝类海鲜 (食物)
다녀왔어요	tanyochwlchochy	tanyochwlchochy	我回来了 (问候语)
무지개	[mud͡ʑiɡɛ]	[mud͡ʑiɡɛ]	彩虹 (自然)
장마철	katmapom	katmapom	雨季 (自然)
안개	[ˈa̠(ː)nɡɛ]	[ˈa̠(ː)nɡɛ]	雾 (自然)
번개	[pʌ̹nɡɛ]	[pʌ̹nɡɛ]	闪电 (自然)
계곡	[kje̞ɡo̞k̚]	[kje̞ɡo̞k̚]	山谷 (自然)
개울	[kɛuɭ]	[kɛuɭ]	溪流 (自然)
소나무	[sʰo̞na̠mu]	[sʰo̞na̠mu]	松树 (自然)
대나무	[tɛna̠mu]	[tɛna̠mu]	竹子 (自然)
은행나무	[ɯnɦɛŋna̠mu]	[ɯnɦɛŋna̠mu]	银杏树 (自然)
개나리	[ˈkɛ(ː)na̠ɾi]	[ˈkɛ(ː)na̠ɾi]	连翘 (自然)
버섯	[pʌ̹sʰʌ̹t̚]	[pʌ̹sʰʌ̹t̚]	蘑菇 (自然)
산딸기	[sʰa̠nt͈a̠ɭɡi]	[sʰa̠nt͈a̠ɭɡi]	野莓 (自然)
새	[sʰɛ(ː)]	[sʰɛ(ː)]	鸟 (自然)
잠자리	[t͡ɕa̠md͡ʑa̠ɾi]	[t͡ɕa̠md͡ʑa̠ɾi]	蜻蜓 (自然)
매미	[ˈmɛ(ː)mi]	[ˈmɛ(ː)mi]	蝉 (自然)
토끼	[tʰo̞k͈i]	[tʰo̞k͈i]	兔仔 (自然)
까치	[ˈk͈a̠(ː)t͡ɕʰi]	[ˈk͈a̠(ː)t͡ɕʰi]	喜鹊 (自然)
호랑이	[ˈɸʷo̞(ː)ɾa̠ŋi]	[ˈɸʷo̞(ː)ɾa̠ŋi]	虎式 (自然)
인삼	[insʰa̠m]	[insʰa̠m]	人参 (自然)
감	[ka̠(ː)m]	[ka̠(ː)m]	柿子 (自然)
밤	[pa̠m]	[pa̠m]	褐色 (自然)
감귤	kangkwm	kangkwm	橘子；柑橘 (自然)
국립공원	kikringkutchen	kikringkutchen	国家公园 (自然)
달고나	[ta̠ɭɡo̞na̠]	[ta̠ɭɡo̞na̠]	焦糖饼干（达尔戈纳） (食物)
진흙	[t͡ɕinɣɯk̚]	[t͡ɕinɣɯk̚]	泥巴 (自然)
봄바람	[po̞mp͈a̠ɾa̠m]	[po̞mp͈a̠ɾa̠m]	春风 (自然)
후배	[ˈɸʷu(ː)bɛ]	[ˈɸʷu(ː)bɛ]	学弟/学妹 / 后辈 (人际关系)
선배	[sʰʌ̹nbɛ]	[sʰʌ̹nbɛ]	学长/学姊 / 前辈 (人际关系)
가격표	[ka̠ɡjʌ̹k̚pʰjo]	[ka̠ɡjʌ̹k̚pʰjo]	价标 (购物)
쇼핑백	[ɕʰopʰiŋp͈ɛk̚]	[ɕʰopʰiŋp͈ɛk̚]	购物袋 (购物)
쿠폰	[kʰupʰo̞n]	[kʰupʰo̞n]	优惠券 (购物)
공항버스	kutatponge	kutatponge	机场巴士 (旅游)
현관	[çʌ̹nɡwa̠n]	[çʌ̹nɡwa̠n]	玄关 (日常生活)
참치김밥	pangpikingpang	pangpikingpang	鲔鱼饭卷 (食物)
순두부	[sʰundubu]	[sʰundubu]	嫩豆腐 (食物)
미역국	[mijʌ̹k̚k͈uk̚]	[mijʌ̹k̚k͈uk̚]	海带汤 (食物)
고구마	[ˈko̞(ː)ɡuma̠]	[ˈko̞(ː)ɡuma̠]	地瓜 (食物)
눈송이	[ˈnu(ː)ns͈o̞ŋi]	[ˈnu(ː)ns͈o̞ŋi]	雪花 (自然)
낙엽	[na̠ɡjʌ̹p̚]	[na̠ɡjʌ̹p̚]	落叶 (自然)
솔방울	[sʰo̞ɭp͈a̠ŋuɭ]	[sʰo̞ɭp͈a̠ŋuɭ]	松果 (自然)
샘물	[ˈsʰɛ(ː)mmuɭ]	[ˈsʰɛ(ː)mmuɭ]	泉水 (自然)
싫어하다	[ɕʰiɾʌ̹ɦa̠da̠]	[ɕʰiɾʌ̹ɦa̠da̠]	憎恨 (人际关系)
포옹	[ˈpʰo̞(ː)o̞ŋ]	[ˈpʰo̞(ː)o̞ŋ]	拥抱 (人际关系)
키스	[cçis͈ɯ]	[cçis͈ɯ]	亲吻 (人际关系)
싸움	[s͈a̠um]	[s͈a̠um]	争吵 (人际关系)
함께	[ha̠mk͈e̞]	[ha̠mk͈e̞]	一起 (人际关系)
떨어져	tomchokyo	tomchokyo	分开 (人际关系)
만나다	[ma̠nna̠da̠]	[ma̠nna̠da̠]	见面 (人际关系)
놀다	[ˈno̞(ː)ɭda̠]	[ˈno̞(ː)ɭda̠]	闲逛 (人际关系)
전화하다	[t͡ɕʌ̹nβwa̠ɦa̠da̠]	[t͡ɕʌ̹nβwa̠ɦa̠da̠]	打电话 (人际关系)
문자하다	minkaata	minkaata	传简讯 (人际关系)
칭찬	[t͡ɕʰiŋt͡ɕʰa̠n]	[t͡ɕʰiŋt͡ɕʰa̠n]	称赞 (人际关系)
농담	[ˈno̞(ː)ŋda̠m]	[ˈno̞(ː)ŋda̠m]	Joke (人际关系)
나누다	[na̠nuda̠]	[na̠nuda̠]	共享 (人际关系)
비밀	[ˈpi(ː)miɭ]	[ˈpi(ː)miɭ]	密钥 (人际关系)
약속	[ja̠ks͈o̞k̚]	[ja̠ks͈o̞k̚]	责任 (人际关系)
존중	[t͡ɕo̞ɲd͡ʑuŋ]	[t͡ɕo̞ɲd͡ʑuŋ]	尊重 (人际关系)
돌보다	[ˈto̞(ː)ɭbo̞da̠]	[ˈto̞(ː)ɭbo̞da̠]	照顾家庭成员 (人际关系)
직불카드	kikpimhate	kikpimhate	借记卡 (购物)
바코드	[pa̠kʰo̞dɯ]	[pa̠kʰo̞dɯ]	条形码 (购物)
서점	[sʰʌ̹d͡ʑʌ̹m]	[sʰʌ̹d͡ʑʌ̹m]	书店 (购物)
전자제품점	konkakeingkong	konkakeingkong	电子商店 (购物)
의류점	chyrwkong	chyrwkong	服装店 (购物)
신발가게	nginpamkake	nginpamkake	|-鞋店 (购物)
보석가게	pungokkake	pungokkake	珠宝店 (购物)
악세서리	chakngengori	chakngengori	配饰 (购物)
지갑	[t͡ɕiɡa̠p̚]	[t͡ɕiɡa̠p̚]	钱包 (购物)
핸드백	[hɛndɯbɛk̚]	[hɛndɯbɛk̚]	奖金 (购物)
계산대	[ˈkje̞(ː)sʰa̠ndɛ]	[ˈkje̞(ː)sʰa̠ndɛ]	结账 (购物)
계산원	[ˈkje̞(ː)sʰa̠nwʌ̹n]	[ˈkje̞(ː)sʰa̠nwʌ̹n]	出纳员 (购物)
줄	[t͡ɕuɭ]	[t͡ɕuɭ]	队列行 (购物)
신상품	nginngating	nginngating	新品 (购物)
장바구니	katpakini	katpakini	购物车 (购物)
페리	eri	eri	渡轮 (旅游)
케이블카	[kʰe̞ibɯɭkʰa̠]	[kʰe̞ibɯɭkʰa̠]	缆车 (旅游)
렌터카	[ɾe̞ntʰʌ̹kʰa̠]	[ɾe̞ntʰʌ̹kʰa̠]	汽车租赁 (旅游)
휴게소	[çuɡe̞sʰo̞]	[çuɡe̞sʰo̞]	休息区 (旅游)
통행료	[tʰo̞ŋɦɛŋɲo]	[tʰo̞ŋɦɛŋɲo]	过路费 (旅游)
고속도로	kungukturu	kungukturu	高速公路 (旅游)
테마파크	emaahe	emaahe	主题乐园 (旅游)
놀이공원	[no̞ɾiɡo̞ŋwʌ̹n]	[no̞ɾiɡo̞ŋwʌ̹n]	游乐园 (旅游)
동물원	[ˈto̞(ː)ŋmuɾwʌ̹n]	[ˈto̞(ː)ŋmuɾwʌ̹n]	动物园 (旅游)
수족관	[sʰud͡ʑo̞k̚k͈wa̠n]	[sʰud͡ʑo̞k̚k͈wa̠n]	水族馆 (旅游)
박물관	[pa̠ŋmuɭɡwa̠n]	[pa̠ŋmuɭɡwa̠n]	博物馆 (旅游)
미술관	[ˈmi(ː)sʰuɭɡwa̠n]	[ˈmi(ː)sʰuɭɡwa̠n]	画廊 (旅游)
요새	[josʰɛ]	[josʰɛ]	堡垒 (旅游)
한옥마을	anchukmachem	anchukmachem	韩屋村 (旅游)
전통마을	konutmachem	konutmachem	传统村落 (旅游)
민속촌	[minsʰo̞k̚t͡ɕʰo̞n]	[minsʰo̞k̚t͡ɕʰo̞n]	民俗村 (旅游)
스키장	[sʰɯcçid͡ʑa̠ŋ]	[sʰɯcçid͡ʑa̠ŋ]	滑雪度假村 (旅游)
캠핑	[kʰɛmpʰiŋ]	[kʰɛmpʰiŋ]	露营 (旅游)
글래머핑	kemremoit	kemremoit	豪华露营 (旅游)
호스텔	[ɸʷo̞sʰɯtʰe̞ɭ]	[ɸʷo̞sʰɯtʰe̞ɭ]	青年旅馆 (旅游)
에어비앤비	chechopichenpi	chechopichenpi	Airbnb (旅游)
모텔	[mo̞tʰe̞ɭ]	[mo̞tʰe̞ɭ]	汽车旅馆 (旅游)
펜션	[pʰe̞nɕʰʌ̹n]	[pʰe̞nɕʰʌ̹n]	民宿 (旅游)
로비	[ɾo̞bi]	[ɾo̞bi]	大厅 (旅游)
컨시어지	honngichoki	honngichoki	礼宾部 (旅游)
벨보이	pempuchi	pempuchi	行李员 (旅游)
짐꾼	[t͡ɕimk͈un]	[t͡ɕimk͈un]	搬运行李人员 (旅游)
금고	[kɯmɡo̞]	[kɯmɡo̞]	保险箱 (旅游)
수영장	[sʰujʌ̹ŋd͡ʑa̠ŋ]	[sʰujʌ̹ŋd͡ʑa̠ŋ]	游泳池 (旅游)
헬스장	[he̞ɭsʰɯd͡ʑa̠ŋ]	[he̞ɭsʰɯd͡ʑa̠ŋ]	健身房设施 (旅游)
개	[kɛ(ː)]	[kɛ(ː)]	狗 (动物)
고양이	[ko̞ja̠ŋi]	[ko̞ja̠ŋi]	猫 (动物)
햄스터	[hɛmsʰɯtʰʌ̹]	[hɛmsʰɯtʰʌ̹]	仓鼠 (动物)
앵무새	[ɛŋmusʰɛ]	[ɛŋmusʰɛ]	鹦鹉 (动物)
물고기	[muɭk͈o̞ɡi]	[muɭk͈o̞ɡi]	鱼肉 (动物)
거북이	[kʌ̹buɡi]	[kʌ̹buɡi]	乌龟 (动物)
뱀	[pɛ(ː)m]	[pɛ(ː)m]	蛇 (动物)
도마뱀	[to̞ma̠bɛm]	[to̞ma̠bɛm]	蜥蜴 (动物)
개구리	[kɛɡuɾi]	[kɛɡuɾi]	青蛙 (动物)
소	[sʰo̞]	[sʰo̞]	牛 (动物)
돼지	[ˈtwɛ(ː)d͡ʑi]	[ˈtwɛ(ː)d͡ʑi]	猪 (动物)
말	[ma̠(ː)ɭ]	[ma̠(ː)ɭ]	马 (动物)
양	[ja̠ŋ]	[ja̠ŋ]	绵羊 (动物)
염소	[jʌ̹msʰo̞]	[jʌ̹msʰo̞]	山羊 (动物)
오리	[ˈo̞(ː)ɾi]	[ˈo̞(ː)ɾi]	鸭子 (动物)
거위	[kʌ̹ɥi]	[kʌ̹ɥi]	鹅 (动物)
여우	[jʌ̹u]	[jʌ̹u]	狐狸 (动物)
늑대	[nɯk̚t͈ɛ]	[nɯk̚t͈ɛ]	狼 (动物)
곰	[ko̞(ː)m]	[ko̞(ː)m]	熊 (动物)
사자	[sʰa̠d͡ʑa̠]	[sʰa̠d͡ʑa̠]	狮子 (动物)
코끼리	[kʰo̞k͈iɾi]	[kʰo̞k͈iɾi]	大象 (动物)
기린	[kiɾin]	[kiɾin]	长颈鹿 (动物)
원숭이	[ˈwɘ(ː)nsʰuŋi]	[ˈwɘ(ː)nsʰuŋi]	猴子 (动物)
판다	[pʰa̠nda̠]	[pʰa̠nda̠]	熊猫 (动物)
코알라	[kʰo̞a̠ɭɭa̠]	[kʰo̞a̠ɭɭa̠]	无尾熊 (动物)
펭귄	[pʰe̞ŋɡɥin]	[pʰe̞ŋɡɥin]	企鹅 (动物)
돌고래	[to̞ɭɡo̞ɾɛ]	[to̞ɭɡo̞ɾɛ]	海豚 (动物)
고래	[ko̞ɾɛ]	[ko̞ɾɛ]	鲸鱼 (动物)
상어	[sʰa̠ŋʌ̹]	[sʰa̠ŋʌ̹]	鲨鱼 (动物)
오징어	[o̞d͡ʑiŋʌ̹]	[o̞d͡ʑiŋʌ̹]	鱿鱼 (动物)
게	[ke̞]	[ke̞]	螃蟹 (动物)
새우	[sʰɛu]	[sʰɛu]	虾子 (动物)
독수리	[to̞ks͈uɾi]	[to̞ks͈uɾi]	老鹰 (动物)
올빼미	[o̞ɭp͈ɛmi]	[o̞ɭp͈ɛmi]	猫头鹰 (动物)
까마귀	[k͈a̠ma̠ɡɥi]	[k͈a̠ma̠ɡɥi]	乌鸦 (动物)
참새	[t͡ɕʰa̠msʰɛ]	[t͡ɕʰa̠msʰɛ]	麻雀 (动物)
제비	[ˈt͡ɕe̞(ː)bi]	[ˈt͡ɕe̞(ː)bi]	燕子 (动物)
비둘기	[piduɭɡi]	[piduɭɡi]	鸽子 (动物)
백조	[pɛk̚t͡ɕ͈o̞]	[pɛk̚t͡ɕ͈o̞]	天鹅 (动物)
나비	[na̠bi]	[na̠bi]	蝴蝶 (动物)
벌	[pɘ(ː)ɭ]	[pɘ(ː)ɭ]	蜜蜂 (动物)
개미	[ˈkɛ(ː)mi]	[ˈkɛ(ː)mi]	蚂蚁 (动物)
메뚜기	[me̞t͈uɡi]	[me̞t͈uɡi]	蚱蜢 (动物)
모기	[ˈmo̞(ː)ɡi]	[ˈmo̞(ː)ɡi]	蚊子 (动物)
거미	[kʌ̹mi]	[kʌ̹mi]	蜘蛛 (动物)
달팽이	[ta̠ɭpʰɛŋi]	[ta̠ɭpʰɛŋi]	蜗牛 (动物)
무당벌레	[ˈmu(ː)da̠ŋbʌ̹ɭɭe̞]	[ˈmu(ː)da̠ŋbʌ̹ɭɭe̞]	瓢虫 (动物)
다람쥐	[ta̠ɾa̠md͡ʑɥi]	[ta̠ɾa̠md͡ʑɥi]	松鼠 (动物)
박쥐	[ˈpa̠(ː)k̚t͡ɕ͈ɥi]	[ˈpa̠(ː)k̚t͡ɕ͈ɥi]	蝙蝠 (动物)
금붕어	[kɯmbuŋʌ̹]	[kɯmbuŋʌ̹]	金鱼 (动物)
머리	[mʌ̹ɾi]	[mʌ̹ɾi]	头 (身体部位)
머리카락	[mʌ̹ɾikʰa̠ɾa̠k̚]	[mʌ̹ɾikʰa̠ɾa̠k̚]	头发 (身体部位)
얼굴	[ʌ̹ɭɡuɭ]	[ʌ̹ɭɡuɭ]	脸 (身体部位)
이마	[ima̠]	[ima̠]	额头 (身体部位)
눈썹	[nuns͈ʌ̹p̚]	[nuns͈ʌ̹p̚]	眉毛 (身体部位)
코	[kʰo̞]	[kʰo̞]	鼻子 (身体部位)
뺨	[p͈ja̠m]	[p͈ja̠m]	脸颊 (身体部位)
귀	[kɥi]	[kɥi]	耳朵 (身体部位)
입	[ip̚]	[ip̚]	嘴巴 (身体部位)
입술	[ips͈uɭ]	[ips͈uɭ]	嘴唇 (身体部位)
혀	[çʌ̹]	[çʌ̹]	舌头 (身体部位)
이	[i]	[i]	牙齿 (身体部位)
턱	[tʰʌ̹k̚]	[tʰʌ̹k̚]	下巴 (身体部位)
목	[mo̞k̚]	[mo̞k̚]	脖子 (身体部位)
목구멍	[mo̞k̚k͈umʌ̹ŋ]	[mo̞k̚k͈umʌ̹ŋ]	喉咙 (身体部位)
어깨	[ʌ̹k͈ɛ]	[ʌ̹k͈ɛ]	肩膀 (身体部位)
팔	[pʰa̠ɭ]	[pʰa̠ɭ]	手臂 (身体部位)
팔꿈치	[pʰa̠ɭk͈umt͡ɕʰi]	[pʰa̠ɭk͈umt͡ɕʰi]	手肘 (身体部位)
손목	[sʰo̞nmo̞k̚]	[sʰo̞nmo̞k̚]	手腕 (身体部位)
손	[sʰo̞n]	[sʰo̞n]	手 (身体部位)
손가락	[sʰo̞nk͈a̠ɾa̠k̚]	[sʰo̞nk͈a̠ɾa̠k̚]	手指 (身体部位)
손톱	[sʰo̞ntʰo̞p̚]	[sʰo̞ntʰo̞p̚]	指甲 (身体部位)
가슴	[ka̠sʰɯm]	[ka̠sʰɯm]	胸部 (身体部位)
등	[tɯŋ]	[tɯŋ]	背部 (身体部位)
허리	[hʌ̹ɾi]	[hʌ̹ɾi]	腰部 (身体部位)
엉덩이	[ˈɘ(ː)ŋdʌ̹ŋi]	[ˈɘ(ː)ŋdʌ̹ŋi]	臀部 (身体部位)
배	[pɛ]	[pɛ]	腹部 (身体部位)
다리	[ta̠ɾi]	[ta̠ɾi]	腿 (身体部位)
무릎	[muɾɯp̚]	[muɾɯp̚]	膝盖 (身体部位)
발목	[pa̠ɭmo̞k̚]	[pa̠ɭmo̞k̚]	脚踝 (身体部位)
발	[pa̠ɭ]	[pa̠ɭ]	脚 (身体部位)
발가락	[pa̠ɭk͈a̠ɾa̠k̚]	[pa̠ɭk͈a̠ɾa̠k̚]	脚趾 (身体部位)
피부	[pʰibu]	[pʰibu]	皮肤 (身体部位)
피	[pʰi]	[pʰi]	血液 (身体部位)
심장	[ɕʰimd͡ʑa̠ŋ]	[ɕʰimd͡ʑa̠ŋ]	心脏 (身体部位)
땀	[t͈a̠m]	[t͈a̠m]	汗水 (身体部位)
눈물	[nunmuɭ]	[nunmuɭ]	眼泪 (身体部位)
숨	[sʰu(ː)m]	[sʰu(ː)m]	呼吸 (身体部位)
왼손	[ˈwe̞(ː)nsʰo̞n]	[ˈwe̞(ː)nsʰo̞n]	左手 (身体部位)
오른손	[o̞ɾɯnsʰo̞n]	[o̞ɾɯnsʰo̞n]	右手 (身体部位)
몸	[mo̞m]	[mo̞m]	身体 (身体部位)
키	[cçi]	[cçi]	飞行高度 (身体部位)
몸무게	[mo̞mmuɡe̞]	[mo̞mmuɡe̞]	重量 (身体部位)
날씬한	namcinan	namcinan	修 身 (身体部位)
통통한	ututan	ututan	肉嘟嘟 (身体部位)
흉터	[çuŋtʰʌ̹]	[çuŋtʰʌ̹]	疤痕部位 (身体部位)
주름	[t͡ɕuɾɯm]	[t͡ɕuɾɯm]	皱纹 (身体部位)
빨강	[p͈a̠ɭɡa̠ŋ]	[p͈a̠ɭɡa̠ŋ]	红色 (颜色和形状)
주황	kiwt	kiwt	橙色 (颜色和形状)
노랑	[no̞ɾa̠ŋ]	[no̞ɾa̠ŋ]	黄色 (颜色和形状)
초록	[t͡ɕʰo̞ɾo̞k̚]	[t͡ɕʰo̞ɾo̞k̚]	绿色 (颜色和形状)
파랑	[pʰa̠ɾa̠ŋ]	[pʰa̠ɾa̠ŋ]	蓝色 (颜色和形状)
보라	[po̞ɾa̠]	[po̞ɾa̠]	紫色 (颜色和形状)
분홍	[ˈpu(ː)nβo̞ŋ]	[ˈpu(ː)nβo̞ŋ]	粉红色 (颜色和形状)
하양	[ha̠ja̠ŋ]	[ha̠ja̠ŋ]	白色 (颜色和形状)
검정	[kʌ̹md͡ʑʌ̹ŋ]	[kʌ̹md͡ʑʌ̹ŋ]	黑色 (颜色与形状)
회색	[ɸwe̞sʰɛk̚]	[ɸwe̞sʰɛk̚]	布赖 (颜色与形状)
갈색	[ka̠ɭs͈ɛk̚]	[ka̠ɭs͈ɛk̚]	棕色 (颜色与形状)
베이지	pechiki	pechiki	米色 (颜色与形状)
네이비	nechipi	nechipi	藏青色 (颜色与形状)
하늘색	[ha̠nɯɭs͈ɛk̚]	[ha̠nɯɭs͈ɛk̚]	天蓝色 (颜色与形状)
민트	[mintʰɯ]	[mintʰɯ]	薄荷绿 (颜色与形状)
금색	[kɯmsʰɛk̚]	[kɯmsʰɛk̚]	金 (颜色与形状)
은색	[ɯnsʰɛk̚]	[ɯnsʰɛk̚]	银 (颜色与形状)
원	[wʌ̹n]	[wʌ̹n]	圆形 (颜色与形状)
사각형	[ˈsʰa̠(ː)ɡa̠cçʌ̹ŋ]	[ˈsʰa̠(ː)ɡa̠cçʌ̹ŋ]	正方形 (颜色与形状)
삼각형	[sʰa̠mɡa̠cçʌ̹ŋ]	[sʰa̠mɡa̠cçʌ̹ŋ]	三角形 (颜色与形状)
직사각형	[t͡ɕiks͈a̠ɡa̠cçʌ̹ŋ]	[t͡ɕiks͈a̠ɡa̠cçʌ̹ŋ]	长方形 (颜色与形状)
타원	[ˈtʰa̠(ː)wʌ̹n]	[ˈtʰa̠(ː)wʌ̹n]	椭圆形 (颜色与形状)
다이아몬드	[ta̠ia̠mo̞ndɯ]	[ta̠ia̠mo̞ndɯ]	菱形 (颜色与形状)
십자	[ɕʰip̚t͡ɕ͈a̠]	[ɕʰip̚t͡ɕ͈a̠]	十字 (颜色与形状)
화살표	[ɸwa̠sʰa̠ɭpʰjo]	[ɸwa̠sʰa̠ɭpʰjo]	箭头 (颜色与形状)
직선	[t͡ɕiks͈ʌ̹n]	[t͡ɕiks͈ʌ̹n]	直线 (颜色与形状)
곡선	[ko̞ks͈ʌ̹n]	[ko̞ks͈ʌ̹n]	曲线 (颜色与形状)
두꺼운	[tuk͈ʌ̹un]	[tuk͈ʌ̹un]	厚 (颜色与形状)
얇은	[ja̠ɭbɯn]	[ja̠ɭbɯn]	薄 (颜色与形状)
둥근	titken	titken	圆形 (颜色与形状)
평평한	yotyotan	yotyotan	平坦 (颜色与形状)
모퉁이	[mo̞tʰuŋi]	[mo̞tʰuŋi]	角落 (颜色与形状)
큰	[kxɯn]	[kxɯn]	大的 (颜色与形状)
작은	[t͡ɕa̠ɡɯn]	[t͡ɕa̠ɡɯn]	小的 (颜色与形状)
중간	[t͡ɕuŋɡa̠n]	[t͡ɕuŋɡa̠n]	中等的 (颜色与形状)
넓은	nolchen	nolchen	宽的 (颜色与形状)
좁은	kungchen	kungchen	窄的 (颜色与形状)
긴	[ki(ː)n]	[ki(ː)n]	长的 (颜色与形状)
짧은	talchen	talchen	短的 (颜色与形状)
높은	nuchen	nuchen	高的 (颜色与形状)
무늬	[muni]	[muni]	图案 (颜色与形状)
줄무늬	[t͡ɕuɭmuni]	[t͡ɕuɭmuni]	条纹 (颜色与形状)
점	[t͡ɕʌ̹m]	[t͡ɕʌ̹m]	点 (颜色与形状)
하나	[ha̠na̠]	[ha̠na̠]	一 (数字与时间)
둘	[tu(ː)ɭ]	[tu(ː)ɭ]	二 (数字与时间)
셋	[sʰe̞(ː)t̚]	[sʰe̞(ː)t̚]	三 (数字与时间)
넷	[ne̞(ː)t̚]	[ne̞(ː)t̚]	四 (数字与时间)
다섯	[ta̠sʰʌ̹t̚]	[ta̠sʰʌ̹t̚]	五 (数字与时间)
여섯	[jʌ̹sʰʌ̹t̚]	[jʌ̹sʰʌ̹t̚]	六 (数字与时间)
일곱	[iɭɡo̞p̚]	[iɭɡo̞p̚]	七 (数字与时间)
여덟	[jʌ̹dʌ̹ɭ]	[jʌ̹dʌ̹ɭ]	八 (数字与时间)
아홉	[a̠βo̞p̚]	[a̠βo̞p̚]	九 (数字与时间)
열	[jʌ̹ɭ]	[jʌ̹ɭ]	十 (数字与时间)
열한	chyoman	chyoman	十一 (数字与时间)
열두	chyomti	chyomti	十二 (数字与时间)
스무	[sʰɯmu]	[sʰɯmu]	二十 (数字与时间)
서른	[sʰʌ̹ɾɯn]	[sʰʌ̹ɾɯn]	三十 (数字与时间)
마흔	[ma̠ɣɯn]	[ma̠ɣɯn]	四十 (数字与时间)
쉰	[ʃʰɥi(ː)n]	[ʃʰɥi(ː)n]	五十 (数字与时间)
백	[pɛk̚]	[pɛk̚]	百 (数字与时间)
천	[t͡ɕʰɘ(ː)n]	[t͡ɕʰɘ(ː)n]	千 (数字与时间)
만	[ma̠(ː)n]	[ma̠(ː)n]	万 (数字与时间)
백만	[pɛŋma̠n]	[pɛŋma̠n]	百万 (数字与时间)
반	[pa̠(ː)n]	[pa̠(ː)n]	一半 (数字与时间)
영	[jʌ̹ŋ]	[jʌ̹ŋ]	零 (数字与时间)
숫자	[ˈsʰu(ː)t̚t͡ɕ͈a̠]	[ˈsʰu(ː)t̚t͡ɕ͈a̠]	数字 (数字与时间)
세기	[ˈsʰe̞(ː)ɡi]	[ˈsʰe̞(ː)ɡi]	数数 (数字与时间)
몇	[mjʌ̹t̚]	[mjʌ̹t̚]	多少 (数字与时间)
초	[t͡ɕʰo̞]	[t͡ɕʰo̞]	秒 (数字与时间)
분	[pun]	[pun]	分钟 (数字与时间)
날	[na̠ɭ]	[na̠ɭ]	天 (数字与时间)
주	[t͡ɕu]	[t͡ɕu]	周 (数字与时间)
년	[ɲʌ̹n]	[ɲʌ̹n]	年 (数字与时间)
아침	[a̠t͡ɕʰim]	[a̠t͡ɕʰim]	早上 (数字与时间)
오후	[ˈo̞(ː)βu]	[ˈo̞(ː)βu]	下午 (数字与时间)
저녁	[t͡ɕʌ̹ɲʌ̹k̚]	[t͡ɕʌ̹ɲʌ̹k̚]	晚上 (数字与时间)
자정	[t͡ɕa̠d͡ʑʌ̹ŋ]	[t͡ɕa̠d͡ʑʌ̹ŋ]	午夜 (数字与时间)
정오	[ˈt͡ɕɘ(ː)ŋo̞]	[ˈt͡ɕɘ(ː)ŋo̞]	中午 (数字与时间)
새벽	[sʰɛbjʌ̹k̚]	[sʰɛbjʌ̹k̚]	黎明 (数字与时间)
오늘	[o̞nɯɭ]	[o̞nɯɭ]	今天 (数字与时间)
어제	[ʌ̹d͡ʑe̞]	[ʌ̹d͡ʑe̞]	昨天 (数字与时间)
내일	[nɛiɭ]	[nɛiɭ]	明天 (数字与时间)
지금	[t͡ɕiɡɯm]	[t͡ɕiɡɯm]	现在 (数字与时间)
나중에	nakitche	nakitche	稍后 (数字与时间)
곧	[ko̞t̚]	[ko̞t̚]	很快 (数字与时间)
전에	konche	konche	之前 (数字与时间)
후에	iche	iche	之后 (数字与时间)
항상	[ha̠ŋsʰa̠ŋ]	[ha̠ŋsʰa̠ŋ]	总是 (数字与时间)
절대	[t͡ɕʌ̹ɭt͈ɛ]	[t͡ɕʌ̹ɭt͈ɛ]	从不 (数字与时间)
가끔	[ka̠k͈ɯm]	[ka̠k͈ɯm]	有时候 (数字与时间)
자주	[t͡ɕa̠d͡ʑu]	[t͡ɕa̠d͡ʑu]	经常 (数字与时间)
최근에	pwikenche	pwikenche	最近 (数字与时间)
이미	[ˈi(ː)mi]	[ˈi(ː)mi]	已经 (数字与时间)
아직	[a̠d͡ʑik̚]	[a̠d͡ʑik̚]	仍然 (数字与时间)
다시	[ta̠ɕʰi]	[ta̠ɕʰi]	再次 (数字与时间)
일찍	[iʎt͡ɕ͈ik̚]	[iʎt͡ɕ͈ik̚]	早 (数字与时间)
늦게	nepke	nepke	晚 (数字与时间)
달력	[ta̠ʎʎʌ̹k̚]	[ta̠ʎʎʌ̹k̚]	日历 (数字与时间)
기간	[kiɡa̠n]	[kiɡa̠n]	持续时间 (数字与时间)
순간	[sʰunɡa̠n]	[sʰunɡa̠n]	瞬间 (数字与时间)
즉시	[t͡ɕɯkɕ͈i]	[t͡ɕɯkɕ͈i]	即时 (数字与时间)
계절	[ˈkje̞(ː)d͡ʑʌ̹ɭ]	[ˈkje̞(ː)d͡ʑʌ̹ɭ]	季节 (数字与时间)
월요일	[wʌ̹ɾjoiɭ]	[wʌ̹ɾjoiɭ]	星期一 (数字与时间)
화요일	[ɸwa̠joiɭ]	[ɸwa̠joiɭ]	星期二 (数字与时间)
수요일	[sʰujoiɭ]	[sʰujoiɭ]	星期三 (数字与时间)
목요일	[mo̞ɡjoiɭ]	[mo̞ɡjoiɭ]	星期四 (数字与时间)
금요일	[kɯmjoiɭ]	[kɯmjoiɭ]	星期五 (数字与时间)
토요일	[tʰo̞joiɭ]	[tʰo̞joiɭ]	星期六 (数字与时间)
일요일	[iɾjoiɭ]	[iɾjoiɭ]	星期日 (数字与时间)
평일	[pʰjʌ̹ŋiɭ]	[pʰjʌ̹ŋiɭ]	平日 (数字与时间)
생일	[sʰɛŋiɭ]	[sʰɛŋiɭ]	生日 (数字与时间)
교장	[ˈkjo(ː)d͡ʑa̠ŋ]	[ˈkjo(ː)d͡ʑa̠ŋ]	校长 (校园生活)
교감	kykang	kykang	副校长 (校园生活)
담임선생님	tangchingngonngetning	tangchingngonngetning	级任老师 (校园生活)
과목선생님	kwmukngonngetning	kwmukngonngetning	科目老师 (校园生活)
가위	[ka̠ɥi]	[ka̠ɥi]	剪刀 (校园生活)
풀	[pʰuɭ]	[pʰuɭ]	胶水 (校园生活)
배낭	[ˈpɛ(ː)na̠ŋ]	[ˈpɛ(ː)na̠ŋ]	书包 (校园生活)
교복	[ˈkjo(ː)bo̞k̚]	[ˈkjo(ː)bo̞k̚]	校服 (校园生活)
종	[t͡ɕo̞(ː)ŋ]	[t͡ɕo̞(ː)ŋ]	铃 (学校生活)
시간표	[ɕʰiɡa̠npʰjo]	[ɕʰiɡa̠npʰjo]	时间表 (学校生活)
지각	[t͡ɕiɡa̠k̚]	[t͡ɕiɡa̠k̚]	迟到 (校园生活)
출석	[t͡ɕʰuɭs͈ʌ̹k̚]	[t͡ɕʰuɭs͈ʌ̹k̚]	考勤 (校园生活)
결석	[kjʌ̹ɭs͈ʌ̹k̚]	[kjʌ̹ɭs͈ʌ̹k̚]	无 (校园生活)
반장	[pa̠ɲd͡ʑa̠ŋ]	[pa̠ɲd͡ʑa̠ŋ]	班长 (校园生活)
맑은	malchen	malchen	晴 (天气)
흐린	erin	erin	Cloudy (天气)
비오는	pichunen	pichunen	多雨 (天气)
습한	ngengan	ngengan	湿气重的 (天气)
건조한	konkuan	konkuan	干燥的 (天气)
덥다	[ˈtɘ(ː)p̚t͈a̠]	[ˈtɘ(ː)p̚t͈a̠]	热门 (天气)
춥다	[t͡ɕʰup̚t͈a̠]	[t͡ɕʰup̚t͈a̠]	寒冷 (天气)
시원한	ngichenan	ngichenan	凉爽 (天气)
천둥	[t͡ɕʰʌ̹nduŋ]	[t͡ɕʰʌ̹nduŋ]	雷声 (天气)
얼음	[ʌ̹ɾɯm]	[ʌ̹ɾɯm]	冰 (天气)
온도	[o̞ndo̞]	[o̞ndo̞]	温度 (天气)
섭씨	[sʰʌ̹pɕ͈i]	[sʰʌ̹pɕ͈i]	摄氏度 (天气)
우산	[ˈu(ː)sʰa̠n]	[ˈu(ː)sʰa̠n]	雨伞 (天气)
레인코트	rechinhue	rechinhue	雨衣 (天气)
선글라스	[s͈ʌ̹nɡɯɭɭa̠s͈ɯ]	[s͈ʌ̹nɡɯɭɭa̠s͈ɯ]	太阳眼镜 (天气)
봄날씨	[po̞mna̠ɭɕ͈i]	[po̞mna̠ɭɕ͈i]	春季天气 (天气)
첫눈	[t͡ɕʰʌ̹nnun]	[t͡ɕʰʌ̹nnun]	第一场雪 (天气)
난방	[na̠nba̠ŋ]	[na̠nba̠ŋ]	加热 (天气)
냉방	netpat	netpat	冷却 (天气)
환기	[ɸwa̠nɡi]	[ɸwa̠nɡi]	通风 (天气)
떨다	[ˈt͈ɘ(ː)ɭda̠]	[ˈt͈ɘ(ː)ɭda̠]	瑟缩 (天气)
봄비	[po̞mp͈i]	[po̞mp͈i]	春雨 (天气)
티셔츠	[tʰiɕʰʌ̹t͡ɕʰɯ]	[tʰiɕʰʌ̹t͡ɕʰɯ]	T恤 (服饰)
셔츠	[ɕʰʌ̹t͡ɕʰɯ]	[ɕʰʌ̹t͡ɕʰɯ]	衬衫 (服饰)
블라우스	[pɯɭɭa̠us͈ɯ]	[pɯɭɭa̠us͈ɯ]	衬衫 (服饰)
드레스	[tɯɾe̞s͈ɯ]	[tɯɾe̞s͈ɯ]	衣着 (服饰)
스커트	[sʰɯkʰʌ̹tʰɯ]	[sʰɯkʰʌ̹tʰɯ]	裙摆 (服饰)
바지	[pa̠d͡ʑi]	[pa̠d͡ʑi]	裤子 (服饰)
청바지	[t͡ɕʰʌ̹ŋba̠d͡ʑi]	[t͡ɕʰʌ̹ŋba̠d͡ʑi]	牛仔裤 (服饰)
반바지	[ˈpa̠(ː)nba̠d͡ʑi]	[ˈpa̠(ː)nba̠d͡ʑi]	短裤 (服饰)
레깅스	[ɾe̞ɡiŋs͈ɯ]	[ɾe̞ɡiŋs͈ɯ]	紧身裤 (服饰)
재킷	[t͡ɕɛcçit̚]	[t͡ɕɛcçit̚]	夹克 (服饰)
코트	[kʰo̞tʰɯ]	[kʰo̞tʰɯ]	大衣 (服饰)
파카	aha	aha	派克大衣 (服饰)
카디건	[kʰa̠diɡʌ̹n]	[kʰa̠diɡʌ̹n]	开襟毛衣 (服饰)
스웨터	[sʰɯwe̞tʰʌ̹]	[sʰɯwe̞tʰʌ̹]	毛衣 (服饰)
후드티	itei	itei	连帽衫 (服饰)
맨투맨	menimen	menimen	运动衫 (服饰)
민소매	[minsʰo̞mɛ]	[minsʰo̞mɛ]	背心 (服饰)
잠옷	[t͡ɕa̠mo̞t̚]	[t͡ɕa̠mo̞t̚]	睡衣 (服饰)
속옷	[ˈsʰo̞(ː)ɡo̞t̚]	[ˈsʰo̞(ː)ɡo̞t̚]	内衣 (服饰)
양말	[ja̠ŋma̠ɭ]	[ja̠ŋma̠ɭ]	袜子 (服饰)
신발	[ɕʰinba̠ɭ]	[ɕʰinba̠ɭ]	鞋子 (服饰)
운동화	[ˈu(ː)ndo̞ŋβwa̠]	[ˈu(ː)ndo̞ŋβwa̠]	运动鞋 (服饰)
부츠	[put͡ɕʰɯ]	[put͡ɕʰɯ]	靴子 (服饰)
샌들	[s͈ɛndɯɭ]	[s͈ɛndɯɭ]	凉鞋 (服饰)
슬리퍼	[sʰɯʎʎipʰʌ̹]	[sʰɯʎʎipʰʌ̹]	拖鞋 (服饰)
벨트	[pe̞ɭtʰɯ]	[pe̞ɭtʰɯ]	皮带 (服饰)
모자	[mo̞d͡ʑa̠]	[mo̞d͡ʑa̠]	帽子 (服饰)
캡	[kʰɛp̚]	[kʰɛp̚]	棒球帽 (服饰)
비니	[pini]	[pini]	毛帽 (服饰)
스카프	[sʰɯkʰa̠pʰɯ]	[sʰɯkʰa̠pʰɯ]	围巾 (服饰)
장갑	[ˈt͡ɕa̠(ː)ŋɡa̠p̚]	[ˈt͡ɕa̠(ː)ŋɡa̠p̚]	手套 (服饰)
가방	[ka̠ba̠ŋ]	[ka̠ba̠ŋ]	包包 (服饰)
목걸이	[mo̞k̚k͈ʌ̹ɾi]	[mo̞k̚k͈ʌ̹ɾi]	项链 (服饰)
팔찌	[pʰa̠ʎt͡ɕ͈i]	[pʰa̠ʎt͡ɕ͈i]	手链 (服饰)
귀걸이	[kɥiɡʌ̹ɾi]	[kɥiɡʌ̹ɾi]	耳环 (服饰)
반지	[pa̠ɲd͡ʑi]	[pa̠ɲd͡ʑi]	戒指 (服饰)
시계	[ɕʰiɡje̞]	[ɕʰiɡje̞]	手表 (服饰)
마스크	[ma̠sʰɯkxɯ]	[ma̠sʰɯkxɯ]	口罩 (服饰)
캐주얼복	hekichompuk	hekichompuk	休闲服 (服饰)
면	[mjʌ̹n]	[mjʌ̹n]	棉 (服装)
울	[uɭ]	[uɭ]	羊毛 (服装)
데님	[te̞nim]	[te̞nim]	牛仔 (服装)
가죽	[ka̠d͡ʑuk̚]	[ka̠d͡ʑuk̚]	皮革 (服装)
단색	tanngek	tanngek	纯色 (服装)
다림질	[ta̠ɾimd͡ʑiɭ]	[ta̠ɾimd͡ʑiɭ]	熨烫 (服装)
보고싶어	pukungicho	pukungicho	我好想你 (韩剧表达)
미안해	michane	michane	对不起 (韩剧表达)
괜찮아	kwenpalcha	kwenpalcha	没关系 (韩剧表达)
어머	[ʌ̹mʌ̹]	[ʌ̹mʌ̹]	我的天 (韩剧表达)
아이고	[a̠iɡo̞]	[a̠iɡo̞]	诶 (韩剧表达)
아이구	chachiki	chachiki	哎哟；哎呀 (韩剧表达)
화이팅	[ɸwa̠itʰiŋ]	[ɸwa̠itʰiŋ]	争夺中 (韩剧表达)
진짜	[t͡ɕiɲt͡ɕ͈a̠]	[t͡ɕiɲt͡ɕ͈a̠]	真真 (韩剧表达)
왜	[wɛ(ː)]	[wɛ(ː)]	原因 (韩剧表达)
안돼	chantwe	chantwe	不该做的事 (韩剧表达)
몰라	[mo̞ɭɭa̠]	[mo̞ɭɭa̠]	我不知道 (韩剧表达)
어떻게	[ʌ̹t͈ʌ̹kʰe̞]	[ʌ̹t͈ʌ̹kʰe̞]	我该怎么办 (韩剧表达)
맛있어	matchilcho	matchilcho	好好喝哦 (韩剧表达)
예뻐	chyeso	chyeso	相当 (韩剧表达)
잘생겼어	kamngetkyolcho	kamngetkyolcho	帅醒 (韩剧表达)
남자	[na̠md͡ʑa̠]	[na̠md͡ʑa̠]	男子 (韩剧表达)
여자	[jʌ̹d͡ʑa̠]	[jʌ̹d͡ʑa̠]	女人 (韩剧用语)
커플	[kʰʌ̹pʰɯɭ]	[kʰʌ̹pʰɯɭ]	情侣 (韩剧用语)
조끼	[t͡ɕo̞k͈i]	[t͡ɕo̞k͈i]	授予 (服装)
수탉	[sʰutʰa̠k̚]	[sʰutʰa̠k̚]	公鸡 (动物)
투명한	imyotan	imyotan	透明 (颜色形状)
홀수	[ɸʷo̞ɭs͈u]	[ɸʷo̞ɭs͈u]	奇数和偶数 (数字与时间)
짝수	[t͡ɕ͈a̠ks͈u]	[t͡ɕ͈a̠ks͈u]	奇数和偶数 (数字与时间)
퍼센트	[pʰʌ̹sʰe̞ntʰɯ]	[pʰʌ̹sʰe̞ntʰɯ]	百分比 (数字与时间)
약	[ja̠k̚]	[ja̠k̚]	约 (数字与时间)
카운트다운	hachinetachin	hachinetachin	倒计时 (数字与时间)
소나기	[sʰo̞na̠ɡi]	[sʰo̞na̠ɡi]	突然淋浴 (天气)
애벌레	[ˈɛ(ː)bʌ̹ɭɭe̞]	[ˈɛ(ː)bʌ̹ɭɭe̞]	毛毛虫 (动物)
분수	[ˈpu(ː)nsʰu]	[ˈpu(ː)nsʰu]	分式 (数字与时间)
맑음	malcheng	malcheng	晴朗天气 (天气)
체육복	[t͡ɕʰe̞juk̚p͈o̞k̚]	[t͡ɕʰe̞juk̚p͈o̞k̚]	PE制服 (校园生活)
스쿨버스	[sʰɯkʰuɭbʌ̹sʰɯ]	[sʰɯkʰuɭbʌ̹sʰɯ]	校车 (校园生活)
급여	[kɯbjʌ̹]	[kɯbjʌ̹]	薪资 (商业)
보너스	[po̞nʌ̹s͈ɯ]	[po̞nʌ̹s͈ɯ]	加成 (商业)
채용	[ˈt͡ɕʰɛ(ː)joŋ]	[ˈt͡ɕʰɛ(ː)joŋ]	招聘 (商业)
면접	[ˈmjɘ(ː)ɲd͡ʑʌ̹p̚]	[ˈmjɘ(ː)ɲd͡ʑʌ̹p̚]	面试 (商业)
정규직	kotkwkik	kotkwkik	全职 (商业)
재택근무	[ˈt͡ɕɛ(ː)tʰɛk̚k͈ɯnmu]	[ˈt͡ɕɛ(ː)tʰɛk̚k͈ɯnmu]	远端工作 (商业)
사무실	[ˈsʰa̠(ː)muɕʰiɭ]	[ˈsʰa̠(ː)muɕʰiɭ]	办公室 (商业)
책상	[t͡ɕʰɛks͈a̠ŋ]	[t͡ɕʰɛks͈a̠ŋ]	书桌 (商业)
회의실	[ˈɸwe̞(ː)ɰiɕʰiɭ]	[ˈɸwe̞(ː)ɰiɕʰiɭ]	会议室 (商业)
휴게실	[çuɡe̞ɕʰiɭ]	[çuɡe̞ɕʰiɭ]	休息室 (商业)
명함	[mjʌ̹ŋɦa̠m]	[mjʌ̹ŋɦa̠m]	名片 (商业)
명찰	[mjʌ̹ŋt͡ɕʰa̠ɭ]	[mjʌ̹ŋt͡ɕʰa̠ɭ]	名牌 (商业)
연차	chyonpa	chyonpa	年假 (商业)
예산	[ˈje̞(ː)sʰa̠n]	[ˈje̞(ː)sʰa̠n]	预算 (商业)
지출	[t͡ɕit͡ɕʰuɭ]	[t͡ɕit͡ɕʰuɭ]	费用 (商业)
세금	[ˈsʰe̞(ː)ɡɯm]	[ˈsʰe̞(ː)ɡɯm]	税 (商业)
스타트업	ngeaechong	ngeaechong	新创公司 (商业)
마케팅	[ma̠kʰe̞tʰiŋ]	[ma̠kʰe̞tʰiŋ]	行销 (商业)
광고	[ˈkwa̠(ː)ŋɡo̞]	[ˈkwa̠(ː)ŋɡo̞]	广告 (商业)
캠페인	[kʰɛmpʰe̞in]	[kʰɛmpʰe̞in]	活动 (商业)
고객	[ko̞ɡɛk̚]	[ko̞ɡɛk̚]	顾客 (商业)
클라이언트	hemrachichone	hemrachichone	客户 (商业)
최고경영자	pwikukyotchyotka	pwikukyotchyotka	执行长 (商业)
관리자	[kwa̠ʎʎid͡ʑa̠]	[kwa̠ʎʎid͡ʑa̠]	经理 (商业)
워크숍	[wʌ̹kxɯɕʰop̚]	[wʌ̹kxɯɕʰop̚]	工作坊 (商业)
교육	[ˈkjo(ː)juk̚]	[ˈkjo(ː)juk̚]	培训 (商业)
볶다	[po̞k̚t͈a̠]	[po̞k̚t͈a̠]	爆炒 (烹饪)
지지다	kikita	kikita	平锅煎 (烹饪)
섞다	[sʰʌ̹k̚t͈a̠]	[sʰʌ̹k̚t͈a̠]	混合 (烹饪)
자르다	[t͡ɕa̠ɾɯda̠]	[t͡ɕa̠ɾɯda̠]	哐啷 (烹饪)
저미다	[t͡ɕʌ̹mida̠]	[t͡ɕʌ̹mida̠]	扇面 (烹饪)
깍둑썰기하다	kaktikcomkiata	kaktikcomkiata	骰子 (烹饪)
다지다	[ta̠d͡ʑida̠]	[ta̠d͡ʑida̠]	切碎 (烹饪)
벗기다	[pʌ̹t̚k͈ida̠]	[pʌ̹t̚k͈ida̠]	削皮 (烹饪)
담그다	[ta̠mɡɯda̠]	[ta̠mɡɯda̠]	浸 (烹饪)
붓다	[ˈpu(ː)t̚t͈a̠]	[ˈpu(ː)t̚t͈a̠]	雨 (烹饪)
거르다	[kʌ̹ɾɯda̠]	[kʌ̹ɾɯda̠]	菌株 (烹饪)
누르다	[ˈnu(ː)ɾɯda̠]	[ˈnu(ː)ɾɯda̠]	压力机 (烹饪)
불리다	[puʎʎida̠]	[puʎʎida̠]	浸泡 (烹饪)
헹굴다	etkimta	etkimta	冲洗 (烹饪)
씻다	[ɕ͈it̚t͈a̠]	[ɕ͈it̚t͈a̠]	洗车场 (烹饪)
재다	[ˈt͡ɕɛ(ː)da̠]	[ˈt͡ɕɛ(ː)da̠]	措施 (烹饪)
맛보다	[ma̠t̚p͈o̞da̠]	[ma̠t̚p͈o̞da̠]	口感 (烹饪)
담다	[ˈta̠(ː)mt͈a̠]	[ˈta̠(ː)mt͈a̠]	盘 (烹饪)
대접하다	[ˈtɛ(ː)d͡ʑʌ̹pʰa̠da̠]	[ˈtɛ(ː)d͡ʑʌ̹pʰa̠da̠]	服务 (烹饪)
데우다	[te̞uda̠]	[te̞uda̠]	后燃器 (烹饪)
해동하다	[ˈhɛ(ː)do̞ŋɦa̠da̠]	[ˈhɛ(ː)do̞ŋɦa̠da̠]	解冻 (烹饪)
냉동하다	nettutata	nettutata	冷冻 (烹饪)
냉장하다	netkatata	netkatata	冷藏 (烹饪)
보관하다	[ˈpo̞(ː)ɡwa̠nɦa̠da̠]	[ˈpo̞(ː)ɡwa̠nɦa̠da̠]	储存 (烹饪)
덜어내다	tomchoneta	tomchoneta	分装 (烹饪)
요리법	chyripong	chyripong	食谱 (烹饪)
재료	[t͡ɕɛɾjo]	[t͡ɕɛɾjo]	食材 (烹饪)
계량	[ˈkje̞(ː)ɾja̠ŋ]	[ˈkje̞(ː)ɾja̠ŋ]	测量 (烹饪)
큰술	[kxɯnsʰuɭ]	[kxɯnsʰuɭ]	汤匙 (烹饪)
작은술	[t͡ɕa̠ɡɯnsʰuɭ]	[t͡ɕa̠ɡɯnsʰuɭ]	茶匙 (烹饪)
컵	[kʰʌ̹p̚]	[kʰʌ̹p̚]	杯 (烹饪)
그램	[kɯɾɛm]	[kɯɾɛm]	克 (烹饪)
리터	[ɾitʰʌ̹]	[ɾitʰʌ̹]	公升 (烹饪)
오븐	[o̞bɯn]	[o̞bɯn]	烤箱 (烹饪)
가스레인지	[ka̠sʰɯɾe̞iɲd͡ʑi]	[ka̠sʰɯɾe̞iɲd͡ʑi]	炉灶 (烹饪)
중국냄비	kitkiknengpi	kitkiknengpi	炒锅 (烹饪)
냄비	[nɛmbi]	[nɛmbi]	锅 (烹饪)
팬	[pʰɛn]	[pʰɛn]	平底锅 (烹饪)
칼	[kʰa̠ɭ]	[kʰa̠ɭ]	刀 (烹饪)
도마	[to̞ma̠]	[to̞ma̠]	砧板 (烹饪)
강판	[ˈka̠(ː)ŋpʰa̠n]	[ˈka̠(ː)ŋpʰa̠n]	刨丝器 (烹饪)
필러	imro	imro	削皮器 (烹饪)
국자	[kuk̚t͡ɕ͈a̠]	[kuk̚t͡ɕ͈a̠]	汤勺 (烹饪)
뒤집개	tekingke	tekingke	锅铲 (烹饪)
집게	[t͡ɕip̚k͈e̞]	[t͡ɕip̚k͈e̞]	夹子 (烹饪)
거품기	[kʌ̹pʰumɡi]	[kʌ̹pʰumɡi]	打蛋器 (烹饪)
그릇	[kɯɾɯt̚]	[kɯɾɯt̚]	碗 (烹饪)
채	[t͡ɕʰɛ]	[t͡ɕʰɛ]	滤水篮 (烹饪)
찜기	[t͡ɕ͈imɡi]	[t͡ɕ͈imɡi]	蒸锅 (烹饪)
믹서기	mikngoki	mikngoki	搅拌机 (烹饪)
젓가락	[t͡ɕʌ̹t̚k͈a̠ɾa̠k̚]	[t͡ɕʌ̹t̚k͈a̠ɾa̠k̚]	筷子 (烹饪)
밥숟가락	pangngikkarak	pangngikkarak	勺子 (烹饪)
앞치마	[a̠p̚t͡ɕʰima̠]	[a̠p̚t͡ɕʰima̠]	围裙 (烹饪)
오븐장갑	[o̞bɯɲd͡ʑa̠ŋɡa̠p̚]	[o̞bɯɲd͡ʑa̠ŋɡa̠p̚]	烤箱手套 (烹饪)
타이머	[tʰa̠imʌ̹]	[tʰa̠imʌ̹]	倒计时 (烹饪)
약불	chyakpim	chyakpim	低温 (烹饪)
중불	kitpim	kitpim	五成热 (烹饪)
센불	ngenpim	ngenpim	高温 (烹饪)
바삭한	pangakan	pangakan	豆dhal (烹饪)
짭짤한	tangtaman	tangtaman	菜谱 (烹饪)
노래	[no̞ɾɛ]	[no̞ɾɛ]	Song (音乐)
멜로디	[me̞ɭɭo̞di]	[me̞ɭɭo̞di]	旋律音 (音乐)
리듬	[ɾidɯm]	[ɾidɯm]	节律 (音乐)
비트	[pitʰɯ]	[pitʰɯ]	打 (音乐)
가사	[ka̠sʰa̠]	[ka̠sʰa̠]	歌词 (音乐)
후렴	[ˈɸʷu(ː)ɾjʌ̹m]	[ˈɸʷu(ː)ɾjʌ̹m]	副歌 (音乐)
인트로	chineru	chineru	引子 (音乐)
아웃로	chachitru	chachitru	Outro (音乐)
미니앨범	minichempong	minichempong	EP (音乐)
플레이리스트	[pʰɯɭɭe̞iɾisʰɯtʰɯ]	[pʰɯɭɭe̞iɾisʰɯtʰɯ]	播放清单 (音乐)
무대	[ˈmu(ː)dɛ]	[ˈmu(ː)dɛ]	舞台 (音乐)
마이크	[ma̠ikxɯ]	[ma̠ikxɯ]	麦克风 (音乐)
스피커	[sʰɯpʰikʰʌ̹]	[sʰɯpʰikʰʌ̹]	喇叭 (音乐)
헤드폰	[he̞dɯpʰo̞n]	[he̞dɯpʰo̞n]	耳机 (音乐)
이어폰	[iʌ̹pʰo̞n]	[iʌ̹pʰo̞n]	耳塞式耳机 (音乐)
디제이	[tid͡ʑe̞i]	[tid͡ʑe̞i]	DJ (音乐)
보컬	puhom	puhom	主唱 (音乐)
래퍼	[ɾɛpʰʌ̹]	[ɾɛpʰʌ̹]	饶舌歌手 (音乐)
댄서	[tɛnsʰʌ̹]	[tɛnsʰʌ̹]	舞者 (音乐)
그룹	[kɯɾup̚]	[kɯɾup̚]	团体 (音乐)
포스터	[pʰo̞sʰɯtʰʌ̹]	[pʰo̞sʰɯtʰʌ̹]	海报 (音乐)
뮤직비디오	[mjud͡ʑik̚p͈idio̞]	[mjud͡ʑik̚p͈idio̞]	音乐录影带 (音乐)
연습실	chyonngengngim	chyonngengngim	练习室 (音乐)
오디션	[o̞diɕʰʌ̹n]	[o̞diɕʰʌ̹n]	试镜 (音乐)
차트	[t͡ɕʰa̠tʰɯ]	[t͡ɕʰa̠tʰɯ]	图表 (音乐)
힙합	[çipʰa̠p̚]	[çipʰa̠p̚]	嘻哈 (音乐)
알앤비	[a̠ɾɛnbi]	[a̠ɾɛnbi]	R&B (音乐)
발라드	[pa̠ɭɭa̠dɯ]	[pa̠ɭɭa̠dɯ]	抒情歌曲 (音乐)
록	[ɾo̞k̚]	[ɾo̞k̚]	摇滚 (音乐)
재즈	[t͡ɕ͈ɛd͡ʑɯ]	[t͡ɕ͈ɛd͡ʑɯ]	爵士乐 (音乐)
클래식	[kxɯɭɭɛɕʰik̚]	[kxɯɭɭɛɕʰik̚]	古典音乐 (音乐)
드럼	[tɯɾʌ̹m]	[tɯɾʌ̹m]	鼓 (音乐)
기타	[kitʰa̠]	[kitʰa̠]	吉他 (音乐)
피아노	[pʰia̠no̞]	[pʰia̠no̞]	钢琴 (音乐)
바이올린	[pa̠io̞ʎʎin]	[pa̠io̞ʎʎin]	小提琴 (音乐)
플루트	[pʰɯɭɭutʰɯ]	[pʰɯɭɭutʰɯ]	长笛 (音乐)
트럼펫	[tʰɯɾʌ̹mpʰe̞t̚]	[tʰɯɾʌ̹mpʰe̞t̚]	小号 (音乐)
베이스	[pe̞is͈ɯ]	[pe̞is͈ɯ]	巴斯 (音乐)
치어리딩	[t͡ɕʰiʌ̹ɾidiŋ]	[t͡ɕʰiʌ̹ɾidiŋ]	啦啦队 (运动)
비비다	[pibida̠]	[pibida̠]	Bibim Mixing (烹饪)
혼밥	[ɸʷo̞nba̠p̚]	[ɸʷo̞nba̠p̚]	Honbap (俚语)
개인	[ˈkɛ(ː)in]	[ˈkɛ(ː)in]	Gaesaeng (俚语)
레전드	[ɾe̞d͡ʑʌ̹ndɯ]	[ɾe̞d͡ʑʌ̹ndɯ]	传奇 (俚语)
커버곡	hopokuk	hopokuk	翻唱 (音乐)
완전	[wa̠ɲd͡ʑʌ̹n]	[wa̠ɲd͡ʑʌ̹n]	完全 (俚语)
인정	[iɲd͡ʑʌ̹ŋ]	[iɲd͡ʑʌ̹ŋ]	同意 (俚语)
낄낄	kimkim	kimkim	大笑 (俚语)
아싸	[a̠s͈a̠]	[a̠s͈a̠]	边缘人 (俚语)
레알	[ɾe̞a̠ɭ]	[ɾe̞a̠ɭ]	真的 (俚语)
실화냐	ngimwnya	ngimwnya	这是真的吗 (俚语)
바이브	pachipe	pachipe	氛围 (俚语)
트렌디	erenti	erenti	潮流 (俚语)
줄임말	[t͡ɕuɾimma̠ɭ]	[t͡ɕuɾimma̠ɭ]	缩写 (俚语)
취준생	pekinnget	pekinnget	求职者 (俚语)
백수	[pɛks͈u]	[pɛks͈u]	失业 (俚语)
혼술	[ɸʷo̞nsʰuɭ]	[ɸʷo̞nsʰuɭ]	独自饮酒 (网路用语)
혼영	unchyot	unchyot	独自看电影 (网路用语)
축구	[t͡ɕʰuk̚k͈u]	[t͡ɕʰuk̚k͈u]	足球 (运动)
야구	[ˈja̠(ː)ɡu]	[ˈja̠(ː)ɡu]	棒球 (运动)
농구	[no̞ŋɡu]	[no̞ŋɡu]	篮球 (运动)
배구	[pɛɡu]	[pɛɡu]	排球 (运动)
배드민턴	[pɛdɯmintʰʌ̹n]	[pɛdɯmintʰʌ̹n]	羽毛球 (运动)
탁구	[tʰa̠k̚k͈u]	[tʰa̠k̚k͈u]	桌球 (运动)
테니스	[tʰe̞nis͈ɯ]	[tʰe̞nis͈ɯ]	网球 (运动)
골프	[k͈o̞ɭpʰɯ]	[k͈o̞ɭpʰɯ]	高尔夫 (运动)
수영	[sʰujʌ̹ŋ]	[sʰujʌ̹ŋ]	游泳 (运动)
달리기	[ta̠ʎʎiɡi]	[ta̠ʎʎiɡi]	跑步 (运动)
자전거	[t͡ɕa̠d͡ʑʌ̹nɡʌ̹]	[t͡ɕa̠d͡ʑʌ̹nɡʌ̹]	自行车 (运动)
스키	[sʰɯcçi]	[sʰɯcçi]	滑雪 (运动)
스노우보드	ngenuchipute	ngenuchipute	滑雪板 (运动)
아이스스케이팅	chachingengehechiit	chachingengehechiit	溜冰 (运动)
릴레이	rimrechi	rimrechi	接力赛 (运动)
요가	[joɡa̠]	[joɡa̠]	瑜珈 (运动)
필라테스	[pʰiɭɭa̠tʰe̞s͈ɯ]	[pʰiɭɭa̠tʰe̞s͈ɯ]	皮拉提斯 (运动)
에어로빅	chechorupik	chechorupik	有氧运动 (运动)
피트니스	ieninge	ieninge	健身 (运动)
워밍업	chemitchong	chemitchong	热身 (运动)
쿨다운	himtachin	himtachin	缓和运动 (运动)
스트레칭	[sʰɯtʰɯɾe̞t͡ɕʰiŋ]	[sʰɯtʰɯɾe̞t͡ɕʰiŋ]	伸展 (运动)
유산소운동	chwngannguchintut	chwngannguchintut	心肺运动 (运动)
힘	[çim]	[çim]	力量 (运动)
속도	[sʰo̞k̚t͈o̞]	[sʰo̞k̚t͈o̞]	速度 (运动)
골	[ko̞(ː)ɭ]	[ko̞(ː)ɭ]	进球 (运动)
코치	[kʰo̞t͡ɕʰi]	[kʰo̞t͡ɕʰi]	教练 (运动)
선수	[ˈsʰɘ(ː)nsʰu]	[ˈsʰɘ(ː)nsʰu]	选手 (运动)
팀	[tʰim]	[tʰim]	队伍 (运动)
메달	[me̞da̠ɭ]	[me̞da̠ɭ]	奖牌 (运动)
금메달	[kɯmme̞da̠ɭ]	[kɯmme̞da̠ɭ]	金牌 (运动)
은메달	[ɯnme̞da̠ɭ]	[ɯnme̞da̠ɭ]	银牌 (运动)
동메달	[to̞ŋme̞da̠ɭ]	[to̞ŋme̞da̠ɭ]	铜牌 (运动)
올림픽	[o̞ʎʎimpʰik̚]	[o̞ʎʎimpʰik̚]	奥林匹克运动会 (运动)
월드컵	[wʌ̹ɭdɯkʰʌ̹p̚]	[wʌ̹ɭdɯkʰʌ̹p̚]	世界杯 (运动)
경기장	[ˈkjɘ(ː)ŋɡid͡ʑa̠ŋ]	[ˈkjɘ(ː)ŋɡid͡ʑa̠ŋ]	体育场 (运动)
아레나	charena	charena	体育馆 (运动)
필드	[pʰiɭdɯ]	[pʰiɭdɯ]	场地 (运动)
트랙	[tʰɯɾɛk̚]	[tʰɯɾɛk̚]	跑道 (运动)
응원	[ˈɯ(ː)ŋwʌ̹n]	[ˈɯ(ː)ŋwʌ̹n]	欢呼 (运动)
결승	[kjʌ̹ɭsʰɯŋ]	[kjʌ̹ɭsʰɯŋ]	决赛 (运动)
순위	[ˈsʰu(ː)nɥi]	[ˈsʰu(ː)nɥi]	排名 (运动)
기록	[kiɾo̞k̚]	[kiɾo̞k̚]	纪录 (运动)
부상	[ˈpu(ː)sʰa̠ŋ]	[ˈpu(ː)sʰa̠ŋ]	伤病 (运动)
회복	[ɸwe̞bo̞k̚]	[ɸwe̞bo̞k̚]	复原 (运动)
단백질	[ˈta̠(ː)nbɛk̚t͡ɕ͈iɭ]	[ˈta̠(ː)nbɛk̚t͡ɕ͈iɭ]	蛋白质 (运动)
스마트폰	[sʰɯma̠tʰɯpʰo̞n]	[sʰɯma̠tʰɯpʰo̞n]	智慧型手机 (科技)
태블릿	[tʰɛbɯʎʎit̚]	[tʰɛbɯʎʎit̚]	平板电脑 (科技)
노트북	[no̞tʰɯbuk̚]	[no̞tʰɯbuk̚]	笔记本 (科技)
컴퓨터	[kʰʌ̹mpʰjutʰʌ̹]	[kʰʌ̹mpʰjutʰʌ̹]	此电脑 (科技)
키보드	[cçibo̞dɯ]	[cçibo̞dɯ]	键盘热键 (科技)
마우스	[ma̠us͈ɯ]	[ma̠us͈ɯ]	鼠标 (科技)
모니터	[mo̞nitʰʌ̹]	[mo̞nitʰʌ̹]	监控 (科技)
프린터	[pʰɯɾintʰʌ̹]	[pʰɯɾintʰʌ̹]	印表机 (科技)
스캐너	[sʰɯkʰɛnʌ̹]	[sʰɯkʰɛnʌ̹]	扫描器 (科技)
충전기	[t͡ɕʰuŋd͡ʑʌ̹nɡi]	[t͡ɕʰuŋd͡ʑʌ̹nɡi]	充电器 (科技)
배터리	[pɛtʰʌ̹ɾi]	[pɛtʰʌ̹ɾi]	电池 (科技)
블루투스	[pɯɭɭutʰusʰɯ]	[pɯɭɭutʰusʰɯ]	蓝牙 (科技)
웹사이트	[we̞ps͈a̠itʰɯ]	[we̞ps͈a̠itʰɯ]	网站 (科技)
앱	[ɛp̚]	[ɛp̚]	应用程式 (科技)
다운로드	[ta̠unno̞dɯ]	[ta̠unno̞dɯ]	下载 (科技)
업로드	[ʌ̹mno̞dɯ]	[ʌ̹mno̞dɯ]	上传 (科技)
업데이트	[ʌ̹p̚t͈e̞itʰɯ]	[ʌ̹p̚t͈e̞itʰɯ]	更新 (科技)
설치	[sʰʌ̹ʎt͡ɕʰi]	[sʰʌ̹ʎt͡ɕʰi]	安装 (科技)
비밀번호	[ˈpi(ː)miɭbʌ̹nβo̞]	[ˈpi(ː)miɭbʌ̹nβo̞]	密码 (科技)
사용자명	ngachytkamyot	ngachytkamyot	使用者名称 (科技)
로그인	[ɾo̞ɡɯin]	[ɾo̞ɡɯin]	登入 (科技)
로그아웃	[ɾo̞ɡɯa̠ut̚]	[ɾo̞ɡɯa̠ut̚]	登出 (科技)
계정	[ˈkje̞(ː)d͡ʑʌ̹ŋ]	[ˈkje̞(ː)d͡ʑʌ̹ŋ]	帐户 (科技)
프로필	[pʰɯɾo̞pʰiɭ]	[pʰɯɾo̞pʰiɭ]	个人档案 (科技)
알림	chamring	chamring	通知 (科技)
설정	[sʰʌ̹ʎt͡ɕ͈ʌ̹ŋ]	[sʰʌ̹ʎt͡ɕ͈ʌ̹ŋ]	设定 (科技)
백업	[pɛɡʌ̹p̚]	[pɛɡʌ̹p̚]	备份 (科技)
카메라	[kʰa̠me̞ɾa̠]	[kʰa̠me̞ɾa̠]	摄像头 (科技)
화상통화	wngatutw	wngatutw	视频通话 (科技)
팟캐스트	[pʰa̠t̚kʰɛsʰɯtʰɯ]	[pʰa̠t̚kʰɛsʰɯtʰɯ]	播客 (科技)
유튜브	[jutʰjubɯ]	[jutʰjubɯ]	YouTube (科技)
인스타그램	[insʰɯtʰa̠ɡɯɾɛm]	[insʰɯtʰa̠ɡɯɾɛm]	Instagram (科技)
카카오톡	[kʰa̠kʰa̠o̞tʰo̞k̚]	[kʰa̠kʰa̠o̞tʰo̞k̚]	KakaoTalk (科技)
네이버	nechipo	nechipo	Naver (科技)
검색엔진	kongngekchenkin	kongngekchenkin	搜索引擎 (科技)
브라우저	[pɯɾa̠ud͡ʑʌ̹]	[pɯɾa̠ud͡ʑʌ̹]	浏览器 (科技)
로봇	[ɾo̞bo̞t̚]	[ɾo̞bo̞t̚]	机器人 (科技)
스마트워치	[sʰɯma̠tʰɯwʌ̹t͡ɕʰi]	[sʰɯma̠tʰɯwʌ̹t͡ɕʰi]	智慧手表 (科技)
이어버드	chichopote	chichopote	耳塞式耳机 (科技)
게이밍	kechimit	kechimit	游戏 (科技)
이스포츠	chingeupe	chingeupe	电竞 (科技)
두통	[tutʰo̞ŋ]	[tutʰo̞ŋ]	头痛 (健康与医疗)
복통	pukut	pukut	腹痛 (健康与医疗)
발열	[pa̠ɾjʌ̹ɭ]	[pa̠ɾjʌ̹ɭ]	发烧 (健康与医疗)
기침	[kit͡ɕʰim]	[kit͡ɕʰim]	咳嗽 (健康与医疗)
콧물	[kʰo̞nmuɭ]	[kʰo̞nmuɭ]	流鼻水 (健康与医疗)
알레르기	[a̠ɭɭe̞ɾɯɡi]	[a̠ɭɭe̞ɾɯɡi]	过敏 (健康与医疗)
구급차	[ˈku(ː)ɡɯp̚t͡ɕʰa̠]	[ˈku(ː)ɡɯp̚t͡ɕʰa̠]	救护车 (健康与医疗)
비타민	[pitʰa̠min]	[pitʰa̠min]	维他命 (健康与医疗)
다이어트	[ta̠iʌ̹tʰɯ]	[ta̠iʌ̹tʰɯ]	减肥饮食 (健康与医疗)
혈액형	[çʌ̹ɾɛcçʌ̹ŋ]	[çʌ̹ɾɛcçʌ̹ŋ]	血型 (健康与医疗)
엑스레이	[e̞ks͈ɯɾe̞i]	[e̞ks͈ɯɾe̞i]	X光 (健康与医疗)
깁스	[kips͈ɯ]	[kips͈ɯ]	石膏（医疗） (健康与医疗)
붕대	[puŋdɛ]	[puŋdɛ]	绷带 (健康与医疗)
반창고	[pa̠ɲt͡ɕʰa̠ŋɡo̞]	[pa̠ɲt͡ɕʰa̠ŋɡo̞]	OK绷 (健康与医疗)
진통제	[t͡ɕintʰo̞ŋd͡ʑe̞]	[t͡ɕintʰo̞ŋd͡ʑe̞]	止痛药 (健康与医疗)
감기	[ˈka̠(ː)mɡi]	[ˈka̠(ː)mɡi]	感冒/流感 (健康与医疗)
설사	[sʰʌ̹ɭsʰa̠]	[sʰʌ̹ɭsʰa̠]	腹泻 (健康医疗)
어지럽다	[ʌ̹d͡ʑiɾʌ̹p̚t͈a̠]	[ʌ̹d͡ʑiɾʌ̹p̚t͈a̠]	眩晕 (健康医疗)
치과	[t͡ɕʰik͈wa̠]	[t͡ɕʰik͈wa̠]	牙科医生 (健康医疗)
치통	[t͡ɕʰitʰo̞ŋ]	[t͡ɕʰitʰo̞ŋ]	牙痛 (健康医疗)
체온계	[t͡ɕʰe̞o̞nɡje̞]	[t͡ɕʰe̞o̞nɡje̞]	温度表 (健康医疗)
청진기	[t͡ɕʰʌ̹ŋd͡ʑinɡi]	[t͡ɕʰʌ̹ŋd͡ʑinɡi]	听诊器 (健康医疗)
주사기	[ˈt͡ɕu(ː)sʰa̠ɡi]	[ˈt͡ɕu(ː)sʰa̠ɡi]	注射器 (健康医疗)
휠체어	[hɥiʎt͡ɕʰe̞ʌ̹]	[hɥiʎt͡ɕʰe̞ʌ̹]	轮椅 (健康医疗)
목발	[mo̞k̚p͈a̠ɭ]	[mo̞k̚p͈a̠ɭ]	拐杖 (健康医疗)
치료	[t͡ɕʰiɾjo]	[t͡ɕʰiɾjo]	治疗 (健康与医疗)
삠	sing	sing	扭伤 (健康与医疗)
멍	[mʌ̹ŋ]	[mʌ̹ŋ]	瘀伤 (健康与医疗)
연고	[ˈjɘ(ː)nɡo̞]	[ˈjɘ(ː)nɡo̞]	药膏 (健康与医疗)
증상	[t͡ɕɯŋsʰa̠ŋ]	[t͡ɕɯŋsʰa̠ŋ]	症状 (健康与医疗)
대기실	[ˈtɛ(ː)ɡiɕʰiɭ]	[ˈtɛ(ː)ɡiɕʰiɭ]	候诊室 (健康与医疗)
의사	[ɰisʰa̠]	[ɰisʰa̠]	医生 (健康与医疗)
간호사	[ka̠nβo̞sʰa̠]	[ka̠nβo̞sʰa̠]	护士 (健康与医疗)
환자	[ˈɸwa̠(ː)ɲd͡ʑa̠]	[ˈɸwa̠(ː)ɲd͡ʑa̠]	患者 (健康医疗)
세뱃돈	[ˈsʰe̞(ː)bɛt̚t͈o̞n]	[ˈsʰe̞(ː)bɛt̚t͈o̞n]	新年红包 (节日与庆典)
어린이날	[ʌ̹ɾinina̠ɭ]	[ʌ̹ɾinina̠ɭ]	儿童节 (节日与庆典)
어버이날	chopochinam	chopochinam	父母节 (节日与庆典)
크리스마스	[kxɯɾisʰɯma̠sʰɯ]	[kxɯɾisʰɯma̠sʰɯ]	圣诞节 (节日与庆典)
카네이션	hanechingyon	hanechingyon	康乃馨 (节日与庆典)
불꽃놀이	[puɭk͈o̞nno̞ɾi]	[puɭk͈o̞nno̞ɾi]	礼花火箭 (节日庆典)
등불	[tɯŋp͈uɭ]	[tɯŋp͈uɭ]	小船灯 (节日庆典)
보름달	[po̞ɾɯmt͈a̠ɭ]	[po̞ɾɯmt͈a̠ɭ]	满月 (节日庆典)
윷놀이	[ˈju(ː)nno̞ɾi]	[ˈju(ː)nno̞ɾi]	尤茨游戏（韩国传统掷棋） (节日庆典)
태극기	[tʰɛɡɯk̚k͈i]	[tʰɛɡɯk̚k͈i]	韩国国旗 (节日庆典)
세배	[ˈsʰe̞(ː)bɛ]	[ˈsʰe̞(ː)bɛ]	岁拜（春节向长辈行大礼） (节日庆典)
전	[t͡ɕʌ̹n]	[t͡ɕʌ̹n]	韩国煎饼 (节日庆典)
졸업식	[t͡ɕo̞ɾʌ̹pɕ͈ik̚]	[t͡ɕo̞ɾʌ̹pɕ͈ik̚]	毕业典礼 (节日与庆典)
결혼기념일	kyomunkinyongchim	kyomunkinyongchim	结婚纪念日 (节日与庆典)
국경일	[kuk̚k͈jʌ̹ŋiɭ]	[kuk̚k͈jʌ̹ŋiɭ]	国定假日 (节日与庆典)
공휴일	[ko̞ŋʝuiɭ]	[ko̞ŋʝuiɭ]	公众假期 (节日与庆典)
지하철역	[t͡ɕiɦa̠t͡ɕʰʌ̹ɾjʌ̹k̚]	[t͡ɕiɦa̠t͡ɕʰʌ̹ɾjʌ̹k̚]	地铁站 (交通)
비행기	[piɦɛŋɡi]	[piɦɛŋɡi]	飞机 (交通)
자동차	[t͡ɕa̠do̞ŋt͡ɕʰa̠]	[t͡ɕa̠do̞ŋt͡ɕʰa̠]	汽车 (交通)
주차장	[ˈt͡ɕu(ː)t͡ɕʰa̠d͡ʑa̠ŋ]	[ˈt͡ɕu(ː)t͡ɕʰa̠d͡ʑa̠ŋ]	停车场 (交通)
주유소	[ˈt͡ɕu(ː)jusʰo̞]	[ˈt͡ɕu(ː)jusʰo̞]	加油站 (交通)
횡단보도	[ɸwe̞ŋda̠nbo̞do̞]	[ɸwe̞ŋda̠nbo̞do̞]	人行横道 (交通)
신호등	[ˈɕʰi(ː)nβo̞dɯŋ]	[ˈɕʰi(ː)nβo̞dɯŋ]	交通号志 (交通)
인도	[indo̞]	[indo̞]	人行道 (交通)
오토바이	[o̞tʰo̞ba̠i]	[o̞tʰo̞ba̠i]	摩托车 (交通)
안전벨트	[a̠ɲd͡ʑʌ̹nbe̞ɭtʰɯ]	[a̠ɲd͡ʑʌ̹nbe̞ɭtʰɯ]	安全带 (交通)
내비게이션	[nɛbiɡe̞iɕʰʌ̹n]	[nɛbiɡe̞iɕʰʌ̹n]	GPS 导航 (交通)
고속버스	[ko̞sʰo̞k̚p͈ʌ̹sʰɯ]	[ko̞sʰo̞k̚p͈ʌ̹sʰɯ]	高速巴士 (交通)
카카오택시	hahachuekngi	hahachuekngi	出租车应用 (交通)
출발	[t͡ɕʰuɭba̠ɭ]	[t͡ɕʰuɭba̠ɭ]	出发时间 (交通)
도착	[ˈto̞(ː)t͡ɕʰa̠k̚]	[ˈto̞(ː)t͡ɕʰa̠k̚]	到达时间 (交通)
방향	[pa̠ŋʝa̠ŋ]	[pa̠ŋʝa̠ŋ]	方向 (交通)
좌회전	[ˈt͡ɕwa̠(ː)βwe̞d͡ʑʌ̹n]	[ˈt͡ɕwa̠(ː)βwe̞d͡ʑʌ̹n]	左转 (交通)
유턴	[jutʰʌ̹n]	[jutʰʌ̹n]	急速折返 (交通)
버스카드	pongehate	pongehate	公交卡 (交通)
육교	[juk̚k͈jo]	[juk̚k͈jo]	人行天桥 (交通)
터널	[tʰʌ̹nʌ̹ɭ]	[tʰʌ̹nʌ̹ɭ]	隧道腐蚀 (交通)
도로	[ˈto̞(ː)ɾo̞]	[ˈto̞(ː)ɾo̞]	道  路 (交通)
승객	[sʰɯŋɡɛk̚]	[sʰɯŋɡɛk̚]	乘客 (交通)
운전기사	[ˈu(ː)ɲd͡ʑʌ̹nɡisʰa̠]	[ˈu(ː)ɲd͡ʑʌ̹nɡisʰa̠]	赛车手 (交通)
연료	[jʌ̹ʎʎo]	[jʌ̹ʎʎo]	燃料 (交通)
타이어	[tʰa̠iʌ̹]	[tʰa̠iʌ̹]	轮胎 (交通)
펑크	[pʰʌ̹ŋkxɯ]	[pʰʌ̹ŋkxɯ]	爆胎 (交通)
핸들	[hɛndɯɭ]	[hɛndɯɭ]	方向盘 (交通)
브레이크	[pɯɾe̞ikxɯ]	[pɯɾe̞ikxɯ]	制动 (交通)
트렁크	[tʰɯɾʌ̹ŋkxɯ]	[tʰɯɾʌ̹ŋkxɯ]	汽车后备箱 (交通)
경적	[kjʌ̹ŋd͡ʑʌ̹k̚]	[kjʌ̹ŋd͡ʑʌ̹k̚]	汽车喇叭 (交通)
세차	[ˈsʰe̞(ː)t͡ɕʰa̠]	[ˈsʰe̞(ː)t͡ɕʰa̠]	洗车 (交通)
좌석	[t͡ɕwa̠sʰʌ̹k̚]	[t͡ɕwa̠sʰʌ̹k̚]	座位 (交通)
막차	[ma̠k̚t͡ɕʰa̠]	[ma̠k̚t͡ɕʰa̠]	末班车 (交通)
셔틀버스	ngyoemponge	ngyoemponge	接驳车 (交通)
왕복표	chwtpuky	chwtpuky	来回票 (交通)
스킨케어	ngehinhecho	ngehinhecho	护肤 (美容护肤)
토너	uno	uno	爽肤水 (美容护肤)
시트마스크	ngiemangehe	ngiemangehe	面膜 (美容护肤)
아이라이너	chachirachino	chachirachino	อายไลเนอร์ (美容与护肤)
마스카라	[ma̠sʰɯkʰa̠ɾa̠]	[ma̠sʰɯkʰa̠ɾa̠]	Mascara (美容与护肤)
아이섀도	chachingyetu	chachingyetu	眼影 (美容与护肤)
블러셔	[pɯɭɭʌ̹ɕʰʌ̹]	[pɯɭɭʌ̹ɕʰʌ̹]	腮红 (美容与护肤)
파운데이션	[pʰa̠unde̞iɕʰʌ̹n]	[pʰa̠unde̞iɕʰʌ̹n]	粉底 (美妆护肤)
여드름	[jʌ̹dɯɾɯm]	[jʌ̹dɯɾɯm]	痘痘 (美妆护肤)
다크서클	[ta̠kxɯs͈ʌ̹kxɯɭ]	[ta̠kxɯs͈ʌ̹kxɯɭ]	黑眼圈 (美容与肌肤保养)
미용실	[ˈmi(ː)joŋɕʰiɭ]	[ˈmi(ː)joŋɕʰiɭ]	美容院 (美容与肌肤保养)
염색	[ˈjɘ(ː)msʰɛk̚]	[ˈjɘ(ː)msʰɛk̚]	发色 (美容与肌肤保养)
파마	[pʰa̠ma̠]	[pʰa̠ma̠]	烫发 (美容与肌肤保养)
네일아트	nechimchae	nechimchae	美甲 (美容与肌肤保养)
스파	ngea	ngea	水疗中心 (美容与肌肤保养)
향수	[ça̠ŋsʰu]	[ça̠ŋsʰu]	香水 (美容与肌肤保养)
바디로션	patirungyon	patirungyon	身体乳液 (美容与肌肤保养)
클렌징폼	hemrenkitung	hemrenkitung	洁面泡沫 (美容与肌肤保养)
립글로스	ringkemrunge	ringkemrunge	唇蜜 (美容与肌肤保养)
립스틱	[ɾips͈ɯtʰik̚]	[ɾips͈ɯtʰik̚]	口红 (美容与肌肤保养)
컨실러	honngimro	honngimro	遮瑕膏 (美容与肌肤保养)
독서	[to̞ks͈ʌ̹]	[to̞ks͈ʌ̹]	阅读 (休闲活动)
요리	[joɾi]	[joɾi]	烹饪（作为休闲活动） (休闲活动)
낚시	[na̠kɕ͈i]	[na̠kɕ͈i]	钓鱼 (休闲与爱好)
춤	[t͡ɕʰum]	[t͡ɕʰum]	跳舞 (休闲与爱好)
명상	[ˈmjɘ(ː)ŋsʰa̠ŋ]	[ˈmjɘ(ː)ŋsʰa̠ŋ]	冥想 (休闲与爱好)
수집	[sʰud͡ʑip̚]	[sʰud͡ʑip̚]	收集情报中 (嗜好与休闲)
종이접기	[t͡ɕo̞ŋid͡ʑʌ̹p̚k͈i]	[t͡ɕo̞ŋid͡ʑʌ̹p̚k͈i]	折纸 (嗜好与休闲)
여행	[jʌ̹ɦɛŋ]	[jʌ̹ɦɛŋ]	旅行 (嗜好与休闲)
방탈출	patampim	patampim	密室逃脱 (嗜好与休闲)
퍼즐	[pʰʌ̹d͡ʑɯɭ]	[pʰʌ̹d͡ʑɯɭ]	拼图 (嗜好与休闲)
스크랩북	ngeherengpik	ngeherengpik	剪贴簿 (嗜好与休闲)
피크닉	[pʰikxɯnik̚]	[pʰikxɯnik̚]	野餐 (嗜好与休闲)
반려식물	panryongikmim	panryongikmim	室内植物 (嗜好与休闲)
볼링	[po̞ʎʎiŋ]	[po̞ʎʎiŋ]	保龄球 (嗜好与休闲)
공예	[ko̞ŋje̞]	[ko̞ŋje̞]	手工艺品 (嗜好与休闲)
꽃구경	kutkikyot	kutkikyot	赏花 (嗜好与休闲)
레고	reku	reku	乐高积木 (嗜好与休闲)
휴식	[çuɕʰik̚]	[çuɕʰik̚]	放松 (嗜好与休闲)
줄넘기	[t͡ɕuɭɭʌ̹mk͈i]	[t͡ɕuɭɭʌ̹mk͈i]	跳绳 (嗜好与休闲)
판박이	anpakchi	anpakchi	随地吐痰图像 (成语俗语)
지름길	[t͡ɕiɾɯmk͈iɭ]	[t͡ɕiɾɯmk͈iɭ]	使用快捷方式 (成语俗语)
포기하다	[ˈpʰo̞(ː)ɡiɦa̠da̠]	[ˈpʰo̞(ː)ɡiɦa̠da̠]	扔进毛巾 (成语俗语)
불확실하다	pimwkngimata	pimwkngimata	不确定的；悬而未决的 (成语俗语)
장단점	[t͡ɕa̠ŋda̠ɲt͡ɕ͈ʌ̹m]	[t͡ɕa̠ŋda̠ɲt͡ɕ͈ʌ̹m]	优缺点 (成语俗语)
의자	[ɰid͡ʑa̠]	[ɰid͡ʑa̠]	椅子 (居家与家具)
침대	[ˈt͡ɕʰi(ː)mdɛ]	[ˈt͡ɕʰi(ː)mdɛ]	床 (居家与家具)
테이블	[tʰe̞ibɯɭ]	[tʰe̞ibɯɭ]	桌子 (居家与家具)
커튼	[kʰʌ̹tʰɯn]	[kʰʌ̹tʰɯn]	窗帘 (家居与家具)
램프	[ɾɛmpʰɯ]	[ɾɛmpʰɯ]	灯 (家居与家具)
베개	[pe̞ɡɛ]	[pe̞ɡɛ]	固定座 (家居家具)
담요	[ˈta̠(ː)mɲo]	[ˈta̠(ː)mɲo]	包层 (家居家具)
쓰레기통	[s͈ɯɾe̞ɡitʰo̞ŋ]	[s͈ɯɾe̞ɡitʰo̞ŋ]	垃圾桶 (家居家具)
매트	mee	mee	地垫 (居家与家具)
싱크대	[ɕʰiŋkxɯdɛ]	[ɕʰiŋkxɯdɛ]	厨房水槽 (居家与家具)
텔레비전	[tʰe̞ɭɭe̞bid͡ʑʌ̹n]	[tʰe̞ɭɭe̞bid͡ʑʌ̹n]	电视 (居家与家具)
세탁실	[ˈsʰe̞(ː)tʰa̠kɕ͈iɭ]	[ˈsʰe̞(ː)tʰa̠kɕ͈iɭ]	洗衣间 (居家与家具)
러그	roke	roke	地毯 (居家与家具)
쇼파	ngya	ngya	沙发 (居家与家具)
신발장	nginpamkat	nginpamkat	鞋架 (居家与家具)
액자	[ɛk̚t͡ɕ͈a̠]	[ɛk̚t͡ɕ͈a̠]	相框 (居家与家具)
천장	[t͡ɕʰʌ̹ɲd͡ʑa̠ŋ]	[t͡ɕʰʌ̹ɲd͡ʑa̠ŋ]	天花板 (居家与家具)
벽	[pjʌ̹k̚]	[pjʌ̹k̚]	墙壁 (居家与家具)
바닥	[pɐdɐk̚]	[pɐdɐk̚]	地板 (居家与家具)
옷걸이	[o̞t̚k͈ʌ̹ɾi]	[o̞t̚k͈ʌ̹ɾi]	衣架 (居家与家具)
가전제품	[ka̠d͡ʑʌ̹ɲd͡ʑe̞(ː)pʰum]	[ka̠d͡ʑʌ̹ɲd͡ʑe̞(ː)pʰum]	家用电器 (居家与家具)
청소	[t͡ɕʰʌ̹ŋsʰo̞]	[t͡ɕʰʌ̹ŋsʰo̞]	居家清洁 (居家与家具)
가구	[ka̠ɡu]	[ka̠ɡu]	家具 (居家与家具)
수납함	nginangang	nginangang	收纳箱 (居家与家具)
창고	[t͡ɕʰa̠ŋɡo̞]	[t͡ɕʰa̠ŋɡo̞]	储藏室 (居家与家具)
옥상	[o̞ks͈a̠ŋ]	[o̞ks͈a̠ŋ]	屋顶 (居家与家具)
지하	[t͡ɕiɦa̠]	[t͡ɕiɦa̠]	地下室 (居家与家具)
화장대	[ɸwa̠d͡ʑa̠ŋdɛ]	[ɸwa̠d͡ʑa̠ŋdɛ]	梳妆台 (居家与家具)
독서등	tukngotet	tukngotet	阅读灯 (居家与家具)
해먹	emok	emok	吊床 (居家与家具)
토스터	[tʰo̞sʰɯtʰʌ̹]	[tʰo̞sʰɯtʰʌ̹]	烤面包机 (居家与家具)
프라이팬	[pʰɯɾa̠ipʰɛn]	[pʰɯɾa̠ipʰɛn]	煎锅 (居家与家具)
숟가락	[sʰut̚k͈a̠ɾa̠k̚]	[sʰut̚k͈a̠ɾa̠k̚]	汤匙 (居家与家具)
매트리스	[mɛtʰɯɾis͈ɯ]	[mɛtʰɯɾis͈ɯ]	床垫 (居家与家具)
캐비닛	hepinit	hepinit	橱柜 (居家与家具)
게임기	[k͈e̞imɡi]	[k͈e̞imɡi]	游戏机 (居家与家具)
정수기	[t͡ɕʌ̹ŋsʰuɡi]	[t͡ɕʌ̹ŋsʰuɡi]	净水器 (居家与家具)
빨랫줄	[p͈a̠ɭɭɛt̚t͡ɕ͈uɭ]	[p͈a̠ɭɭɛt̚t͡ɕ͈uɭ]	晾衣绳 (居家与家具)
옷걸이대	chutkomchite	chutkomchite	衣帽架 (居家与家具)
약장	chyakkat	chyakkat	药柜 (居家与家具)
공유기	kutchwki	kutchwki	网路路由器 (居家与家具)
대야	[tɛja̠]	[tɛja̠]	脸盆 (居家与家具)
블라인드	[pɯɭɭa̠indɯ]	[pɯɭɭa̠indɯ]	窗帘 (居家与家具)
정원	[t͡ɕʌ̹ŋwʌ̹n]	[t͡ɕʌ̹ŋwʌ̹n]	花园 (居家与家具)
커터칼	[kʰʌ̹tʰʌ̹kʰa̠ɭ]	[kʰʌ̹tʰʌ̹kʰa̠ɭ]	美工刀 (居家与家具)
패션	[pʰɛɕʰʌ̹n]	[pʰɛɕʰʌ̹n]	时尚 (时尚与风格)
스타일	[sʰɯtʰa̠iɭ]	[sʰɯtʰa̠iɭ]	风格 (时尚与风格)
옷차림	[o̞t̚t͡ɕʰa̠ɾim]	[o̞t̚t͡ɕʰa̠ɾim]	服装搭配 (时尚与风格)
안경	[ˈa̠(ː)nɡjʌ̹ŋ]	[ˈa̠(ː)nɡjʌ̹ŋ]	眼镜 (服装与时尚)
구두	[kudu]	[kudu]	正装鞋 (时尚与风格)
쥬얼리	kwchomri	kwchomri	珠宝饰品 (时尚与风格)
오버사이즈	chupongachike	chupongachike	超宽松版型 (时尚穿搭)
꽃무늬	kutminy	kutminy	花卉 (时尚穿搭)
쇼핑몰	[ɕʰopʰiŋmo̞ɭ]	[ɕʰopʰiŋmo̞ɭ]	梦幻卖场 (时尚穿搭)
버킷햇	pohitet	pohitet	渔夫帽 (时尚与风格)
홈웨어	ungchecho	ungchecho	家居服 (时尚与风格)
아우터	chachio	chachio	外衣 (时尚与风格)
폴라넥	umranek	umranek	Polo领 (时尚与风格)
니트웨어	niechecho	niechecho	针织品 (时尚与风格)
홀터탑	umoang	umoang	悬挂顶部 (时尚与风格)
버킷백	pohitpek	pohitpek	水桶袋 (时尚与风格)
힙색	ingngek	ingngek	范妮礼包 (时尚与风格)
트렌디한	erentian	erentian	流行 (时尚穿搭)
환경	[ɸwa̠nɡjʌ̹ŋ]	[ɸwa̠nɡjʌ̹ŋ]	环境 (环境)
자연	[t͡ɕa̠jʌ̹n]	[t͡ɕa̠jʌ̹n]	自然 (环境)
친환경	[t͡ɕʰinβwa̠nɡjʌ̹ŋ]	[t͡ɕʰinβwa̠nɡjʌ̹ŋ]	环保 (环境)
텀블러	ongpemro	ongpemro	可重复使用杯子 (环境)
산소	[sʰa̠nsʰo̞]	[sʰa̠nsʰo̞]	氧气 (环境)
왕	[wa̠ŋ]	[wa̠ŋ]	王 (韩国历史)
경복궁	[kjʌ̹ŋbo̞k̚k͈uŋ]	[kjʌ̹ŋbo̞k̚k͈uŋ]	景福宫 (韩国历史)
광화문	[kwa̠ŋβwa̠mun]	[kwa̠ŋβwa̠mun]	光化门 (韩国历史)
남대문	nangtemin	nangtemin	南大门 (崇礼门) (韩国历史)
대통령	[ˈtɛ(ː)tʰo̞ŋɲʌ̹ŋ]	[ˈtɛ(ː)tʰo̞ŋɲʌ̹ŋ]	总统 (法律与政府)
선거	[ˈsʰɘ(ː)nɡʌ̹]	[ˈsʰɘ(ː)nɡʌ̹]	选举 (法律与政府)
투표	[tʰupʰjo]	[tʰupʰjo]	投票 (法律与政府)
변호사	[ˈpjɘ(ː)nβo̞sʰa̠]	[ˈpjɘ(ː)nβo̞sʰa̠]	律师 (法律与政府)
범죄	[ˈpɘ(ː)md͡ʑwe̞]	[ˈpɘ(ː)md͡ʑwe̞]	犯罪 (法律与政府)
범인	[ˈpɘ(ː)min]	[ˈpɘ(ː)min]	罪犯 (法律与政府)
체포	[t͡ɕʰe̞pʰo̞]	[t͡ɕʰe̞pʰo̞]	逮捕 (法律与政府)
경찰	[ˈkjɘ(ː)ŋt͡ɕʰa̠ɭ]	[ˈkjɘ(ː)ŋt͡ɕʰa̠ɭ]	警察 (法律与政府)
절도	[t͡ɕʌ̹ɭt͈o̞]	[t͡ɕʌ̹ɭt͈o̞]	盗窃 (法律与政府)
비자	[pid͡ʑa̠]	[pid͡ʑa̠]	签证 (法律与政府)
주민등록증	[t͡ɕumindɯŋno̞k̚t͡ɕ͈ɯŋ]	[t͡ɕumindɯŋno̞k̚t͡ɕ͈ɯŋ]	国民 ID (法律与政府)
스케치	[sʰɯkʰe̞t͡ɕʰi]	[sʰɯkʰe̞t͡ɕʰi]	素描 (艺术与设计)
유화	[juβwa̠]	[juβwa̠]	油画 (艺术与设计)
아크릴	[a̠kxɯɾiɭ]	[a̠kxɯɾiɭ]	压克力 (艺术与设计)
캔버스	[kʰɛnbʌ̹sʰɯ]	[kʰɛnbʌ̹sʰɯ]	画布 (艺术与设计)
붓	[put̚]	[put̚]	画笔 (艺术与设计)
팔레트	amree	amree	调色盘 (艺术与设计)
조각	[t͡ɕo̞ɡa̠k̚]	[t͡ɕo̞ɡa̠k̚]	雕塑 (艺术与设计)
도자기	[to̞d͡ʑa̠ɡi]	[to̞d͡ʑa̠ɡi]	陶瓷 (艺术与设计)
점토	[t͡ɕʌ̹mtʰo̞]	[t͡ɕʌ̹mtʰo̞]	粘土模式（渲染白模） (艺术与设计)
가마	[ka̠ma̠]	[ka̠ma̠]	窑 (艺术与设计)
일러스트레이션	[iɭɭʌ̹sʰɯtʰɯɾe̞iɕʰʌ̹n]	[iɭɭʌ̹sʰɯtʰɯɾe̞iɕʰʌ̹n]	插画 (艺术与设计)
그래피티	[kɯɾɛpʰitʰi]	[kɯɾɛpʰitʰi]	涂鸦 (艺术与设计)
벽화	[pjʌ̹kʰwa̠]	[pjʌ̹kʰwa̠]	壁画 (艺术与设计)
모자이크	[mo̞d͡ʑa̠ikxɯ]	[mo̞d͡ʑa̠ikxɯ]	马赛克 (艺术与设计)
건축	[ˈkɘ(ː)ɲt͡ɕʰuk̚]	[ˈkɘ(ː)ɲt͡ɕʰuk̚]	建筑 (艺术与设计)
다큐멘터리	[ta̠cçume̞ntʰʌ̹ɾi]	[ta̠cçume̞ntʰʌ̹ɾi]	纪录片 (艺术与设计)
갤러리	[kɛɭɭʌ̹ɾi]	[kɛɭɭʌ̹ɾi]	大厅 (艺术与设计)
전시	[ˈt͡ɕɘ(ː)nɕʰi]	[ˈt͡ɕɘ(ː)nɕʰi]	Exhibition (艺术与设计)
예술가	[ˈje̞(ː)sʰuɭɡa̠]	[ˈje̞(ː)sʰuɭɡa̠]	美编 (艺术设计)
디자이너	[tid͡ʑa̠inʌ̹]	[tid͡ʑa̠inʌ̹]	设计师 (艺术设计)
종교	[t͡ɕo̞ŋɡjo]	[t͡ɕo̞ŋɡjo]	宗教 (宗教)
기독교	[kido̞k̚k͈jo]	[kido̞k̚k͈jo]	基督教 (宗教)
가톨릭	[ka̠tʰo̞ʎʎik̚]	[ka̠tʰo̞ʎʎik̚]	天主教 (宗教)
개신교	[ˈkɛ(ː)ɕʰinɡjo]	[ˈkɛ(ː)ɕʰinɡjo]	新教 (宗教)
이슬람교	[isʰɯɭɭa̠mɡjo]	[isʰɯɭɭa̠mɡjo]	伊斯兰教 (宗教)
교회	[ˈkjo(ː)βwe̞]	[ˈkjo(ː)βwe̞]	教会 (宗教)
기도	[kido̞]	[kido̞]	祈祷 (宗教)
예배	[je̞bɛ]	[je̞bɛ]	崇拜 (宗教)
성경	[ˈsʰɘ(ː)ŋɡjʌ̹ŋ]	[ˈsʰɘ(ː)ŋɡjʌ̹ŋ]	圣经 (宗教)
스님	[sʰɯnim]	[sʰɯnim]	武僧 (宗教)
수녀	[sʰuɲʌ̹]	[sʰuɲʌ̹]	修女 (宗教)
신부	[ɕʰinbu]	[ɕʰinbu]	神职者 (宗教)
목사	[mo̞ks͈a̠]	[mo̞ks͈a̠]	牧师 (宗教)
믿음	[midɯm]	[midɯm]	信仰 (宗教)
신념	[ˈɕʰi(ː)nɲʌ̹m]	[ˈɕʰi(ː)nɲʌ̹m]	信念 (宗教)
하나님	[ha̠na̠nim]	[ha̠na̠nim]	上帝 (宗教)
천국	[t͡ɕʰʌ̹nɡuk̚]	[t͡ɕʰʌ̹nɡuk̚]	天堂 (宗教)
지옥	[t͡ɕio̞k̚]	[t͡ɕio̞k̚]	地狱 (宗教)
촛불	[t͡ɕʰo̞t̚p͈uɭ]	[t͡ɕʰo̞t̚p͈uɭ]	蜡烛 (宗教)
축복	[t͡ɕʰuk̚p͈o̞k̚]	[t͡ɕʰuk̚p͈o̞k̚]	祝福 (宗教)
찬송가	panngutka	panngutka	圣歌 (宗教)
복음	[po̞ɡɯm]	[po̞ɡɯm]	福音 (宗教)
초상화	[t͡ɕʰo̞sʰa̠ŋβwa̠]	[t͡ɕʰo̞sʰa̠ŋβwa̠]	肖像画 (艺术与设计)
정물화	[t͡ɕʌ̹ŋmuɾβwa̠]	[t͡ɕʌ̹ŋmuɾβwa̠]	静物画 (艺术与设计)
파스텔	[pʰa̠sʰɯtʰe̞ɭ]	[pʰa̠sʰɯtʰe̞ɭ]	粉彩 (艺术与设计)
콜라주	[kʰo̞ɭɭa̠d͡ʑu]	[kʰo̞ɭɭa̠d͡ʑu]	拼贴 (艺术与设计)
스튜디오	[sʰɯtʰjudio̞]	[sʰɯtʰjudio̞]	工作室 (艺术与设计)
입금	[ip̚k͈ɯm]	[ip̚k͈ɯm]	存款 (金融与银行)
출금	[t͡ɕʰuɭɡɯm]	[t͡ɕʰuɭɡɯm]	提款 (金融与银行)
달러	[ta̠ɭɭʌ̹]	[ta̠ɭɭʌ̹]	美元 (金融与银行)
부처	[put͡ɕʰʌ̹]	[put͡ɕʰʌ̹]	佛陀；菩萨 (宗教)
예수	[je̞sʰu]	[je̞sʰu]	耶稣 (宗教)
임신	[ˈi(ː)mɕʰin]	[ˈi(ː)mɕʰin]	怀孕 (育儿与家庭生活)
출산	[t͡ɕʰuɭs͈a̠n]	[t͡ɕʰuɭs͈a̠n]	分娩 (育儿与家庭生活)
신생아	[ɕʰinsʰɛŋa̠]	[ɕʰinsʰɛŋa̠]	新生儿 (育儿与家庭生活)
아기	[a̠ɡi]	[a̠ɡi]	婴儿 (育儿与家庭生活)
유아	[jua̠]	[jua̠]	幼儿 (育儿与家庭生活)
아이	[a̠i]	[a̠i]	小孩 (育儿与家庭生活)
십대	[ɕʰip̚t͈ɛ]	[ɕʰip̚t͈ɛ]	青少年 (育儿与家庭生活)
양육	chyatchwk	chyatchwk	育儿 (育儿与家庭生活)
모성	mungot	mungot	母亲的身份 (eomeoni-ui sinbun) (育儿与家庭生活)
부성	pingot	pingot	父亲的身份 (abeoji-ui sinbun) (育儿与家庭生活)
분유	[puɲu]	[puɲu]	配方奶粉 (pyeong-ga naepul) (育儿与家庭生活)
기저귀	[kid͡ʑʌ̹ɡɥi]	[kid͡ʑʌ̹ɡɥi]	尿布 (naebuk) (育儿与家庭生活)
이유식	chichwngik	chichwngik	婴儿食品 (育儿与家庭生活)
요람	[joɾa̠m]	[joɾa̠m]	婴儿摇篮 (育儿与家庭生活)
유모차	[jumo̞t͡ɕʰa̠]	[jumo̞t͡ɕʰa̠]	婴儿推车 (育儿与家庭生活)
아기띠	chakiti	chakiti	婴儿背带 (育儿与家庭生活)
자장가	[t͡ɕa̠d͡ʑa̠ŋɡa̠]	[t͡ɕa̠d͡ʑa̠ŋɡa̠]	摇篮曲 (育儿与家庭生活)
어린이집	[ʌ̹ɾinid͡ʑip̚]	[ʌ̹ɾinid͡ʑip̚]	日间托育 (育儿与家庭生活)
용돈	[ˈjo(ː)ŋt͈o̞n]	[ˈjo(ː)ŋt͈o̞n]	零用钱 (育儿与家庭生活)
집안일	[t͡ɕiba̠niɭ]	[t͡ɕiba̠niɭ]	家事 (育儿与家庭生活)
보상	[ˈpo̞(ː)sʰa̠ŋ]	[ˈpo̞(ː)sʰa̠ŋ]	奖励 (育儿与家庭生活)
외동이	chwitutchi	chwitutchi	独生子女 (育儿与家庭生活)
유모	[jumo̞]	[jumo̞]	保母 (育儿与家庭生活)
수입	[sʰuip̚]	[sʰuip̚]	收入 (金融与银行)
건물	[ˈkɘ(ː)nmuɭ]	[ˈkɘ(ː)nmuɭ]	建筑物 (建筑)
건축가	[ˈkɘ(ː)ɲt͡ɕʰuk̚k͈a̠]	[ˈkɘ(ː)ɲt͡ɕʰuk̚k͈a̠]	建筑师 (建筑)
마천루	[ma̠t͡ɕʰʌ̹ɭɭu]	[ma̠t͡ɕʰʌ̹ɭɭu]	摩天大楼 (建筑)
빌라	[piɭɭa̠]	[piɭɭa̠]	别墅 (建筑)
마당	[ma̠da̠ŋ]	[ma̠da̠ŋ]	庭院 (建筑)
콘크리트	[kʰo̞nkxɯɾitʰɯ]	[kʰo̞nkxɯɾitʰɯ]	混凝土 (建筑)
철강	pomkat	pomkat	钢铁 (建筑)
리모델링	rimutemrit	rimutemrit	翻新 (建筑)
에스컬레이터	[e̞sʰɯkʰʌ̹ɭɭe̞itʰʌ̹]	[e̞sʰɯkʰʌ̹ɭɭe̞itʰʌ̹]	自动扶梯 (建筑)
리조트	[ɾid͡ʑo̞tʰɯ]	[ɾid͡ʑo̞tʰɯ]	度假村 (建筑)
울타리	[uɭtʰa̠ɾi]	[uɭtʰa̠ɾi]	围墙 (建筑)
광장	[ˈkwa̠(ː)ŋd͡ʑa̠ŋ]	[ˈkwa̠(ː)ŋd͡ʑa̠ŋ]	广场 (建筑)
배관	[ˈpɛ(ː)ɡwa̠n]	[ˈpɛ(ː)ɡwa̠n]	水管工程 (建筑)
현미경	[ˈçɘ(ː)nmiɡjʌ̹ŋ]	[ˈçɘ(ː)nmiɡjʌ̹ŋ]	显微镜 (科学与研究)
망원경	[ˈma̠(ː)ŋwʌ̹nɡjʌ̹ŋ]	[ˈma̠(ː)ŋwʌ̹nɡjʌ̹ŋ]	望远镜 (科学与研究)
세포	[ˈsʰe̞(ː)pʰo̞]	[ˈsʰe̞(ː)pʰo̞]	细胞 (科学与研究)
생물학	[sʰɛŋmuɾɦa̠k̚]	[sʰɛŋmuɾɦa̠k̚]	生物学 (科学与研究)
물리학	[muʎʎiɦa̠k̚]	[muʎʎiɦa̠k̚]	物理学 (科学与研究)
과학자	[kwa̠ɦa̠k̚t͡ɕ͈a̠]	[kwa̠ɦa̠k̚t͡ɕ͈a̠]	科学家 (科学与研究)
연구자	[ˈjɘ(ː)nɡud͡ʑa̠]	[ˈjɘ(ː)nɡud͡ʑa̠]	研究员 (科学与研究)
영아	chyotcha	chyotcha	婴儿 (育儿与家庭生活)
유아원	[jua̠wʌ̹n]	[jua̠wʌ̹n]	学前班 (育儿与家庭生活)
원룸	[wʌ̹nnum]	[wʌ̹nnum]	单间公寓 (建筑)
시청	[ˈɕʰi(ː)t͡ɕʰʌ̹ŋ]	[ˈɕʰi(ː)t͡ɕʰʌ̹ŋ]	市政厅 (建筑)
문화센터	minwngeno	minwngeno	文化中心 (建筑)
동네	[ˈto̞(ː)ŋne̞]	[ˈto̞(ː)ŋne̞]	邻里 (建筑)
기자	[kid͡ʑa̠]	[kid͡ʑa̠]	记者 (媒体与新闻)
헤드라인	eterachin	eterachin	头条 (媒体与新闻)
방송	[ˈpa̠(ː)ŋsʰo̞ŋ]	[ˈpa̠(ː)ŋsʰo̞ŋ]	广播 (媒体与新闻)
리포터	riuo	riuo	现场记者 (媒体与新闻)
앵커	[ɛŋkʰʌ̹]	[ɛŋkʰʌ̹]	新闻主播 (媒体与新闻)
미디어	[midiʌ̹]	[midiʌ̹]	媒体 (媒体与新闻)
인터뷰	[intʰʌ̹bju]	[intʰʌ̹bju]	采访 (媒体与新闻)
속보	[sʰo̞k̚p͈o̞]	[sʰo̞k̚p͈o̞]	突发新闻 (媒体与新闻)
방송국	[ˈpa̠(ː)ŋsʰo̞ŋɡuk̚]	[ˈpa̠(ː)ŋsʰo̞ŋɡuk̚]	广播电台 (媒体与新闻)
구독	[kudo̞k̚]	[kudo̞k̚]	订阅 (媒体与新闻)
리트윗	riechet	riechet	Retweet (媒体与新闻学)
해시태그	[hɛɕʰitʰɛɡɯ]	[hɛɕʰitʰɛɡɯ]	Hashtag (媒体与新闻学)
신문	[ɕʰinmun]	[ɕʰinmun]	报纸 (媒体与新闻学)
잡지	[t͡ɕa̠p̚t͡ɕ͈i]	[t͡ɕa̠p̚t͡ɕ͈i]	弹匣 (媒体与新闻学)
자막	[t͡ɕa̠ma̠k̚]	[t͡ɕa̠ma̠k̚]	字幕 (媒体与新闻学)
국밥	[kuk̚p͈a̠p̚]	[kuk̚p͈a̠p̚]	汤饭(Gukbap) (韩式饮食)
탕	[tʰa̠(ː)ŋ]	[tʰa̠(ː)ŋ]	汤/炖汤(Tang) (韩式饮食)
짜장면	[t͡ɕ͈a̠d͡ʑa̠ŋmjʌ̹n]	[t͡ɕ͈a̠d͡ʑa̠ŋmjʌ̹n]	炸酱面(Jjajangmyeon) (韩式饮食)
쌈	[s͈a̠m]	[s͈a̠m]	包饭(Ssam) (韩式饮食)
치맥	[t͡ɕʰimɛk̚]	[t͡ɕʰimɛk̚]	炸鸡啤酒(Chimaek) (韩式饮食)
과자	[kwa̠d͡ʑa̠]	[kwa̠d͡ʑa̠]	韩式点心 (韩式饮食)
콩나물국	hutnamimkik	hutnamimkik	豆芽汤 (Kongnamul Guk) (韩国饮食)
오뎅	[o̞de̞ŋ]	[o̞de̞ŋ]	鱼饼 (Odeng) (韩国饮食)
죽	[t͡ɕuk̚]	[t͡ɕuk̚]	粥 (Juk) (韩国饮食)
식초	[ɕʰik̚t͡ɕʰo̞]	[ɕʰik̚t͡ɕʰo̞]	醋 (Shikcho) (韩国饮食)
양파	[ja̠ŋpʰa̠]	[ja̠ŋpʰa̠]	洋葱 (Yangpa) (韩国饮食)
탕수육	[tʰa̠ŋsʰujuk̚]	[tʰa̠ŋsʰujuk̚]	糖醋肉 (Tangsuyuk) (韩国饮食)
잡곡밥	[t͡ɕa̠p̚k͈o̞k̚p͈a̠p̚]	[t͡ɕa̠p̚k͈o̞k̚p͈a̠p̚]	杂谷饭 (Japgok Bap) (韩国饮食)
어묵탕	chomikat	chomikat	鱼饼汤 (Eomuk Tang) (韩国饮食)
계란찜	[kje̞ɾa̠ɲt͡ɕ͈im]	[kje̞ɾa̠ɲt͡ɕ͈im]	蒸蛋 (Gyeran Jjim) (韩国饮食)
매운	mechin	mechin	辣 (Maeun) (韩国饮食)
된장국	[twe̞ɲd͡ʑa̠ŋɡuk̚]	[twe̞ɲd͡ʑa̠ŋɡuk̚]	大酱汤 (Doenjang Guk) (韩国饮食)
보리밥	[po̞ɾiba̠p̚]	[po̞ɾiba̠p̚]	Boribap (韩国饮食文化)
생맥주	ngetmekki	ngetmekki	扎啤 (韩国饮食文化)
두유	[tuju]	[tuju]	豆乳 (韩国饮食文化)
국수	[kuks͈u]	[kuks͈u]	面条 (韩国饮食文化)
붕어빵	[puŋʌ̹p͈a̠ŋ]	[puŋʌ̹p͈a̠ŋ]	Bungeoppang (韩国饮食文化)
팥빙수	[pʰa̠t̚p͈iŋsʰu]	[pʰa̠t̚p͈iŋsʰu]	Patbingsu (韩国饮食文化)
생선구이	[sʰɛŋsʰʌ̹nɡui]	[sʰɛŋsʰʌ̹nɡui]	Ganjang Gui Fish (韩国饮食文化)
초간장	pukankat	pukankat	葱酱油 (韩国饮食文化)
쌈무	[s͈a̠mmu]	[s͈a̠mmu]	包饭萝卜 (韩国饮食文化)
김	[ki(ː)m]	[ki(ː)m]	海苔 (韩国饮食文化)
무국	mikik	mikik	萝卜汤 (韩国饮食文化)
볶음밥	[po̞k͈ɯmba̠p̚]	[po̞k͈ɯmba̠p̚]	炒饭 (韩国饮食文化)
소고기국	ngukukikik	ngukukikik	牛肉汤 (韩国饮食文化)
어묵볶음	chomikpukcheng	chomikpukcheng	炒鱼糕 (韩国饮食文化)
녹차	[no̞k̚t͡ɕʰa̠]	[no̞k̚t͡ɕʰa̠]	绿茶 (韩国饮食文化)
불안	[puɾa̠n]	[puɾa̠n]	焦虑 (心理健康与身心保健)
상담	[sʰa̠ŋda̠m]	[sʰa̠ŋda̠m]	咨商 (心理健康与身心保健)
웰빙	[we̞ɭbiŋ]	[we̞ɭbiŋ]	健康幸福(Well-being) (心理健康与身心保健)
행복	[ˈhɛ(ː)ŋbo̞k̚]	[ˈhɛ(ː)ŋbo̞k̚]	幸福 (心理健康与身心保健)
힐링	[çiʎʎiŋ]	[çiʎʎiŋ]	疗愈 (心理健康与保健)
분노	[ˈpu(ː)nno̞]	[ˈpu(ː)nno̞]	愤怒 (心理健康与保健)
두려움	[tuɾjʌ̹um]	[tuɾjʌ̹um]	恐惧 (心理健康与保健)
걱정	[kʌ̹k̚t͡ɕ͈ʌ̹ŋ]	[kʌ̹k̚t͡ɕ͈ʌ̹ŋ]	担忧 (心理健康与保健)
희망	[çima̠ŋ]	[çima̠ŋ]	希望 (心理健康与保健)
감정	[ˈka̠(ː)md͡ʑʌ̹ŋ]	[ˈka̠(ː)md͡ʑʌ̹ŋ]	情绪 (心理健康与保健)
인내	[innɛ]	[innɛ]	耐心 (心理健康与养生)
카카오프렌즈	hahachuerenke	hahachuerenke	Kakao Friends (韩国流行文化)
퍼포먼스	oumonnge	oumonnge	表演 (韩国流行文化)
센터	[s͈e̞ntʰʌ̹]	[s͈e̞ntʰʌ̹]	中心 (韩国流行文化)
팔로우	[pʰa̠ɭɭo̞u]	[pʰa̠ɭɭo̞u]	追踪 (韩国流行文化)
막내	[ma̠ŋnɛ]	[ma̠ŋnɛ]	忙内 (韩国流行文化)
콘텐츠	[kʰo̞ntʰe̞ɲt͡ɕʰɯ]	[kʰo̞ntʰe̞ɲt͡ɕʰɯ]	内容 (韩国流行文化)
홍대	[ɸʷo̞ŋdɛ]	[ɸʷo̞ŋdɛ]	弘大区（Hongdae）。 (韩国流行文化)
크리에이터	herichechio	herichechio	内容创建者 (韩国流行文化)
화제	[ɸwa̠d͡ʑe̞]	[ɸwa̠d͡ʑe̞]	热门话题 (韩国流行文化)
바이럴	pachirom	pachirom	病毒性 (韩国流行文化)
반려동물	[ˈpa̠(ː)ʎʎʌ̹do̞ŋmuɭ]	[ˈpa̠(ː)ʎʎʌ̹do̞ŋmuɭ]	宠物 (宠物照护与动物)
수의사	[sʰuɰisʰa̠]	[sʰuɰisʰa̠]	兽医 (宠物照护与动物)
사료	[sʰa̠ɾjo]	[sʰa̠ɾjo]	宠物食品 (宠物照护与动物)
미용	[ˈmi(ː)joŋ]	[ˈmi(ː)joŋ]	宠物美容 (宠物照护与动物)
목줄	[mo̞k̚t͡ɕ͈uɭ]	[mo̞k̚t͡ɕ͈uɭ]	牵绳 (宠物照护与动物)
강아지	[ka̠ŋa̠d͡ʑi]	[ka̠ŋa̠d͡ʑi]	小狗 (宠物照护与动物)
어항	[ʌ̹ɦa̠ŋ]	[ʌ̹ɦa̠ŋ]	鱼缸 (宠物照护与动物)
간식	[ˈka̠(ː)nɕʰik̚]	[ˈka̠(ː)nɕʰik̚]	宠物零食 (宠物照护与动物)
펫스타그램	etngeakereng	etngeakereng	宠物帐号 (宠物护理与动物)
동물병원	[to̞ŋmuɭbjʌ̹ŋwʌ̹n]	[to̞ŋmuɭbjʌ̹ŋwʌ̹n]	动物医院 (宠物护理与动物)
기니피그	[kinipʰiɡɯ]	[kinipʰiɡɯ]	豚鼠；天竺鼠 (宠物与动物)
하네스	anenge	anenge	宠物安全带 (宠物与动物)
캣타워	hetache	hetache	猫跳台 (宠物照护与动物)
새장	[sʰɛd͡ʑa̠ŋ]	[sʰɛd͡ʑa̠ŋ]	鸟笼 (宠物照护与动物)
스크래처	ngeherepo	ngeherepo	猫抓板 (宠物照护与动物)
빗질	[pit̚t͡ɕ͈iɭ]	[pit̚t͡ɕ͈iɭ]	梳毛 (宠物照护与动物)
프로게이머	erukechimo	erukechimo	职业电竞选手 (游戏与电竞)
캐리	heri	heri	Carry(带飞) (游戏与电竞)
렉	rek	rek	延迟(Lag) (游戏与电竞)
뉴비	[ɲubi]	[ɲubi]	菜鸟(新手) (游戏与电竞)
리스폰	ringeun	ringeun	重生(Respawn) (游戏与电竞)
배틀로얄	peemruchyam	peemruchyam	大逃杀 (游戏与电竞)
전리품	[ˈt͡ɕɘ(ː)ʎʎipʰum]	[ˈt͡ɕɘ(ː)ʎʎipʰum]	战利品 (游戏与电竞)
핑	[pʰiŋ]	[pʰiŋ]	延迟（Ping） (游戏与电竞)
클랜	[kxɯɭɭɛn]	[kxɯɭɭɛn]	氏族 (游戏与电竞)
게임패드	kechingete	kechingete	游戏手把 (游戏与电竞)
공략집	kutryakking	kutryakking	游戏攻略 (游戏与电竞)
헤드셋	[he̞dɯsʰe̞t̚]	[he̞dɯsʰe̞t̚]	耳机麦克风 (游戏与电竞)
매칭	[mɛt͡ɕʰiŋ]	[mɛt͡ɕʰiŋ]	配对系统 (游戏与电竞)
배틀그라운드	peemkerachinte	peemkerachinte	PUBG (绝地求生) (游戏与电竞)
스킨	ngehin	ngehin	游戏造型 (游戏与电竞)
서포터	[sʰʌ̹pʰo̞tʰʌ̹]	[sʰʌ̹pʰo̞tʰʌ̹]	辅助位 (游戏与电竞)
버프	poe	poe	增强 (游戏与电竞)
업적	[ʌ̹p̚t͡ɕ͈ʌ̹k̚]	[ʌ̹p̚t͡ɕ͈ʌ̹k̚]	成就 (游戏与电竞)
관전	kwnkon	kwnkon	观看电竞比赛 (游戏与电竞)
던전	tonkon	tonkon	地下城 (游戏与电竞)
제작	[ˈt͡ɕe̞(ː)d͡ʑa̠k̚]	[ˈt͡ɕe̞(ː)d͡ʑa̠k̚]	制作 (游戏与电竞)
인벤토리	chinpenuri	chinpenuri	物品栏 (游戏与电竞)
어시스트	[ʌ̹ɕʰisʰɯtʰɯ]	[ʌ̹ɕʰisʰɯtʰɯ]	助攻 (游戏与电竞)
결승전	kyomngetkon	kyomngetkon	决赛 (游戏与电竞)
아름답다	[a̠ɾɯmda̠p̚t͈a̠]	[a̠ɾɯmda̠p̚t͈a̠]	美丽 (描述)
화나다	[ˈɸwa̠(ː)na̠da̠]	[ˈɸwa̠(ː)na̠da̠]	生气 (情感)
시간	[ɕʰiɡa̠n]	[ɕʰiɡa̠n]	时间 (日常生活)
한류	[ˈha̠(ː)ʎʎu]	[ˈha̠(ː)ʎʎu]	韩流 (文化)
추석	[t͡ɕʰusʰʌ̹k̚]	[t͡ɕʰusʰʌ̹k̚]	秋夕 (文化)
설날	[ˈsʰɘ(ː)ɭɭa̠ɭ]	[ˈsʰɘ(ː)ɭɭa̠ɭ]	Seollal (农历新年) (文化)
한옥	[ˈha̠(ː)no̞k̚]	[ˈha̠(ː)no̞k̚]	传统韩屋 (文化)
사찰음식	ngapamchengngik	ngapamchengngik	寺庙饮食 (文化)
빨리빨리	[p͈a̠ʎʎip͈a̠ʎʎi]	[p͈a̠ʎʎip͈a̠ʎʎi]	快点快点（文化） (文化)
회식	[ˈɸwe̞(ː)ɕʰik̚]	[ˈɸwe̞(ː)ɕʰik̚]	公司聚餐 (文化)
존댓말	[t͡ɕo̞ndɛnma̠ɭ]	[t͡ɕo̞ndɛnma̠ɭ]	敬语 (文化)
스킨십	[sʰɯcçinɕʰip̚]	[sʰɯcçinɕʰip̚]	Skinship（肢体接触） (文化)
온돌	[o̞ndo̞ɭ]	[o̞ndo̞ɭ]	温突（地板暖气） (文化)
선물하기	ngonmimaki	ngonmimaki	赠礼 (文化)
출퇴근	pimwiken	pimwiken	通勤 (日常生活)
야근	[ˈja̠(ː)ɡɯn]	[ˈja̠(ː)ɡɯn]	加班 (日常生活)
건강검진	konkatkongkin	konkatkongkin	健康检查 (日常生活)
대중교통	[ˈtɛ(ː)d͡ʑuŋɡjotʰo̞ŋ]	[ˈtɛ(ː)d͡ʑuŋɡjotʰo̞ŋ]	大众运输 (日常生活)
일기예보	[iɭɡije̞bo̞]	[iɭɡije̞bo̞]	天气预报 (日常生活)
재활용	kewmchyt	kewmchyt	回收 (日常生活)
목욕탕	[mo̞ɡjok̚tʰa̠ŋ]	[mo̞ɡjok̚tʰa̠ŋ]	公共浴池 (日常生活)
어르신	[ˈɘ(ː)ɾɯɕʰin]	[ˈɘ(ː)ɾɯɕʰin]	长者 (日常生活)
간편결제	kanyonkyomke	kanyonkyomke	移动支付 (日常生活)
더치페이	[tʌ̹t͡ɕʰipʰe̞i]	[tʌ̹t͡ɕʰipʰe̞i]	我们AA吧 (日常生活)
합격	[ha̠p̚k͈jʌ̹k̚]	[ha̠p̚k͈jʌ̹k̚]	及格 (教育)
낙제	[na̠k̚t͡ɕ͈e̞]	[na̠k̚t͡ɕ͈e̞]	失败 (教育)
복습	[po̞ks͈ɯp̚]	[po̞ks͈ɯp̚]	复诊记录 (教育)
암기	[ˈa̠(ː)mɡi]	[ˈa̠(ː)mɡi]	记住 (教育)
설명	[sʰʌ̹ɭmjʌ̹ŋ]	[sʰʌ̹ɭmjʌ̹ŋ]	解释 (教育)
강의	[ˈka̠(ː)ŋɰi]	[ˈka̠(ː)ŋɰi]	课堂授课 (教育)
화이트보드	[ɸwa̠itʰɯbo̞dɯ]	[ɸwa̠itʰɯbo̞dɯ]	白板 (教育)
대학원	[ˈtɛ(ː)ɦa̠ɡwʌ̹n]	[ˈtɛ(ː)ɦa̠ɡwʌ̹n]	研究生 (教育)
전공	[t͡ɕʌ̹nɡo̞ŋ]	[t͡ɕʌ̹nɡo̞ŋ]	Major (教育)
부전공	pikonkut	pikonkut	不重要 (教育)
학점	[ha̠k̚t͡ɕ͈ʌ̹m]	[ha̠k̚t͡ɕ͈ʌ̹m]	GPA (教育)
장학금	[ˈt͡ɕa̠(ː)ŋɦa̠k̚k͈ɯm]	[ˈt͡ɕa̠(ː)ŋɦa̠k̚k͈ɯm]	奖学金 (教育)
등록금	[tɯŋno̞k̚k͈ɯm]	[tɯŋno̞k̚k͈ɯm]	学费 (教育)
기숙사	[kisʰuks͈a̠]	[kisʰuks͈a̠]	宿舍 (教育)
구내식당	[kunɛɕʰik̚t͈a̠ŋ]	[kunɛɕʰik̚t͈a̠ŋ]	餐厅 (教育)
교수	[ˈkjo(ː)sʰu]	[ˈkjo(ː)sʰu]	教授 (教育)
강사	[ˈka̠(ː)ŋsʰa̠]	[ˈka̠(ː)ŋsʰa̠]	讲师 (教育)
조교	[ˈt͡ɕo̞(ː)ɡjo]	[ˈt͡ɕo̞(ː)ɡjo]	助教 (教育)
발표	[pa̠ɭpʰjo]	[pa̠ɭpʰjo]	PPT (教育)
에세이	[e̞s͈e̞i]	[e̞s͈e̞i]	作文 (教育)
연구	[ˈjɘ(ː)nɡu]	[ˈjɘ(ː)nɡu]	研究 (教育)
실험	[ɕʰiɾɦʌ̹m]	[ɕʰiɾɦʌ̹m]	实验 (教育)
실험실	[ɕʰiɾɦʌ̹mɕʰiɭ]	[ɕʰiɾɦʌ̹mɕʰiɭ]	实验室 (教育)
졸업	[t͡ɕo̞ɾʌ̹p̚]	[t͡ɕo̞ɾʌ̹p̚]	毕业 (教育)
졸업장	[t͡ɕo̞ɾʌ̹p̚t͡ɕ͈a̠ŋ]	[t͡ɕo̞ɾʌ̹p̚t͡ɕ͈a̠ŋ]	文凭 (教育)
자격증	[t͡ɕa̠ɡjʌ̹k̚t͡ɕ͈ɯŋ]	[t͡ɕa̠ɡjʌ̹k̚t͡ɕ͈ɯŋ]	证书 (教育)
인턴십	[intʰʌ̹nɕʰip̚]	[intʰʌ̹nɕʰip̚]	实习 (教育)
이력서	[ˈi(ː)ɾjʌ̹ks͈ʌ̹]	[ˈi(ː)ɾjʌ̹ks͈ʌ̹]	履历 (教育)
자기소개서	[t͡ɕa̠ɡisʰo̞ɡɛsʰʌ̹]	[t͡ɕa̠ɡisʰo̞ɡɛsʰʌ̹]	自传 (教育)
자격	[t͡ɕa̠ɡjʌ̹k̚]	[t͡ɕa̠ɡjʌ̹k̚]	资格 (教育)
어학원	choakchen	choakchen	语学院 (教育)
과외	[kwa̠we̞]	[kwa̠we̞]	家教 (教育)
이러닝	chironit	chironit	电子学习 (教育)
마감일	makangchim	makangchim	截止日期 (教育)
보고서	[ˈpo̞(ː)ɡo̞sʰʌ̹]	[ˈpo̞(ː)ɡo̞sʰʌ̹]	报告 (教育)
피드백	[pʰidɯbɛk̚]	[pʰidɯbɛk̚]	反馈 (教育)
학년도	aknyontu	aknyontu	学年： (教育)
수학여행	[sʰuɦa̠ŋɲʌ̹ɦɛŋ]	[sʰuɦa̠ŋɲʌ̹ɦɛŋ]	修学旅行 (教育)
창피하다	[t͡ɕʰa̠ŋpʰiɦa̠da̠]	[t͡ɕʰa̠ŋpʰiɦa̠da̠]	尴尬 (情感)
자랑스럽다	[t͡ɕa̠ɾa̠ŋsʰɯɾʌ̹p̚t͈a̠]	[t͡ɕa̠ɾa̠ŋsʰɯɾʌ̹p̚t͈a̠]	自豪 (情感)
혼란스럽다	[ˈɸʷo̞(ː)ɭɭa̠nsʰɯɾʌ̹p̚t͈a̠]	[ˈɸʷo̞(ː)ɭɭa̠nsʰɯɾʌ̹p̚t͈a̠]	困惑 (情感)
답답하다	[ta̠p̚t͈a̠pʰa̠da̠]	[ta̠p̚t͈a̠pʰa̠da̠]	沮丧 (情感)
안도하다	chantuata	chantuata	放心的 (情感)
만족스럽다	[ma̠ɲd͡ʑo̞ks͈ɯɾʌ̹p̚t͈a̠]	[ma̠ɲd͡ʑo̞ks͈ɯɾʌ̹p̚t͈a̠]	操作内容 (情感)
충격받다	pitkyokpakta	pitkyokpakta	震惊 (情感)
후회하다	[ˈɸʷu(ː)βwe̞ɦa̠da̠]	[ˈɸʷu(ː)βwe̞ɦa̠da̠]	遗憾的 (情感)
다정하다	[ta̠d͡ʑʌ̹ŋɦa̠da̠]	[ta̠d͡ʑʌ̹ŋɦa̠da̠]	温情 (情感)
압도되다	changtutwita	changtutwita	不知所措 (情绪)
씁쓸하다	[s͈ɯps͈ɯɾɦa̠da̠]	[s͈ɯps͈ɯɾɦa̠da̠]	苦涩 (情绪)
부끄럽다	[puk͈ɯɾʌ̹p̚t͈a̠]	[puk͈ɯɾʌ̹p̚t͈a̠]	羞愧 (情绪)
두렵다	[tuɾjʌ̹p̚t͈a̠]	[tuɾjʌ̹p̚t͈a̠]	恐惧 (情绪)
불안정하다	pimchankotata	pimchankotata	不安全感 (情绪)
절망하다	kommatata	kommatata	绝望 (情绪)
멍하다	[ˈmɘ(ː)ŋɦa̠da̠]	[ˈmɘ(ː)ŋɦa̠da̠]	茫然 (情绪)
열정적이다	chyomkotkokchita	chyomkotkokchita	热情 (情绪)
평온하다	[pʰjʌ̹ŋo̞nɦa̠da̠]	[pʰjʌ̹ŋo̞nɦa̠da̠]	宁静 (情绪)
짜릿하다	[t͡ɕ͈a̠ɾitʰa̠da̠]	[t͡ɕ͈a̠ɾitʰa̠da̠]	激动 (情绪)
우중충하다	[ud͡ʑuŋt͡ɕʰuŋɦa̠da̠]	[ud͡ʑuŋt͡ɕʰuŋɦa̠da̠]	阴郁 (情绪)
침울하다	[t͡ɕʰimuɾɦa̠da̠]	[t͡ɕʰimuɾɦa̠da̠]	阴沉 (情感)
낙담하다	naktangata	naktangata	垂头丧气 (情感)
절박하다	kompakata	kompakata	绝望 (情感)
그리워하다	[kɯɾiwʌ̹ɦa̠da̠]	[kɯɾiwʌ̹ɦa̠da̠]	渴望 (情感)
울먹이다	chimmokchita	chimmokchita	哭 (情感)
흥분하다	[xɯŋbunɦa̠da̠]	[xɯŋbunɦa̠da̠]	浮躁？ (情感)
겸손하다	[kjʌ̹msʰo̞nɦa̠da̠]	[kjʌ̹msʰo̞nɦa̠da̠]	谦逊 (情感)
쑥스럽다	cikngerongta	cikngerongta	迎头痛击 (情感)
대담하다	tetangata	tetangata	加粗 (情感)
훈훈하다	[ɸʷunβunɦa̠da̠]	[ɸʷunβunɦa̠da̠]	治愈向 (情感)
뿌듯하다	sitetata	sitetata	已履约 (情感)
역겹다	[jʌ̹k̚k͈jʌ̹p̚t͈a̠]	[jʌ̹k̚k͈jʌ̹p̚t͈a̠]	恶心 (情绪)
비참하다	[ˈpi(ː)t͡ɕʰa̠mɦa̠da̠]	[ˈpi(ː)t͡ɕʰa̠mɦa̠da̠]	悲惨 (情绪)
순두부찌개	[sʰundubut͡ɕ͈iɡɛ]	[sʰundubut͡ɕ͈iɡɛ]	嫩豆腐锅 (食物)
된장찌개	[ˈtwe̞(ː)ɲd͡ʑa̠ŋt͡ɕ͈iɡɛ]	[ˈtwe̞(ː)ɲd͡ʑa̠ŋt͡ɕ͈iɡɛ]	豆酱锅 (食物)
설렁탕	[sʰʌ̹ɭɭʌ̹ŋtʰa̠ŋ]	[sʰʌ̹ɭɭʌ̹ŋtʰa̠ŋ]	雪浓汤 (食物)
해물파전	emimakon	emimakon	海鲜葱饼 (食物)
떡	[t͈ʌ̹k̚]	[t͈ʌ̹k̚]	年糕 (食物)
콩국수	hutkikngi	hutkikngi	豆浆冷面 (食物)
고추장	[ko̞t͡ɕʰud͡ʑa̠ŋ]	[ko̞t͡ɕʰud͡ʑa̠ŋ]	韩式辣椒酱 (食物)
반찬	[pa̠ɲt͡ɕʰa̠n]	[pa̠ɲt͡ɕʰa̠n]	小菜 (食物)
짬뽕	[t͡ɕ͈a̠mp͈o̞ŋ]	[t͡ɕ͈a̠mp͈o̞ŋ]	海鲜辣汤面 (食物)
해물탕	emimat	emimat	海鲜汤 (食物)
닭갈비	[ta̠k̚k͈a̠ɭbi]	[ta̠k̚k͈a̠ɭbi]	辣炒鸡排 (食物)
식혜	[ɕʰicçe̞]	[ɕʰicçe̞]	甜米酒（韩国传统饮品） (食物)
순대	[sʰundɛ]	[sʰundɛ]	圣代 (食物)
양념	[ja̠ŋɲʌ̹m]	[ja̠ŋɲʌ̹m]	韩式辣椒酱 (食物)
응원할게요	chetchenamkechy	chetchenamkechy	我支持你 (问候)
자랑스러워요	karatngerochechy	karatngerochechy	我为你感到骄傲 (问候语)
별말씀을요	pyommamcengchemchy	pyommamcengchemchy	不客气 (问候语)
미세먼지	[misʰe̞mʌ̹ɲd͡ʑi]	[misʰe̞mʌ̹ɲd͡ʑi]	细悬浮微粒 / 空气污染 (自然)
태풍	[tʰɛpʰuŋ]	[tʰɛpʰuŋ]	台风 (自然)
들판	[ˈtɯ(ː)ɭpʰa̠n]	[ˈtɯ(ː)ɭpʰa̠n]	田野／草地 (自然)
지진	[t͡ɕid͡ʑin]	[t͡ɕid͡ʑin]	地震 (自然)
동굴	[ˈto̞(ː)ŋɡuɭ]	[ˈto̞(ː)ŋɡuɭ]	洞穴 (自然)
논	[no̞n]	[no̞n]	稻田 (自然)
프로포즈	eruuke	eruuke	求婚 (关系)
헤어지다	[he̞ʌ̹d͡ʑida̠]	[he̞ʌ̹d͡ʑida̠]	分手 (人际关系)
소개팅	[sʰo̞ɡɛtʰiŋ]	[sʰo̞ɡɛtʰiŋ]	相亲 (人际关系)
고백	[ˈko̞(ː)bɛk̚]	[ˈko̞(ː)bɛk̚]	告白 (人际关系)
다투다	[ta̠tʰuda̠]	[ta̠tʰuda̠]	争吵／吵架 (人际关系)
화해하다	[ɸwa̠ɦɛɦa̠da̠]	[ɸwa̠ɦɛɦa̠da̠]	和好（吵架后） (人际关系)
신뢰	[ˈɕʰi(ː)ɭɭwe̞]	[ˈɕʰi(ː)ɭɭwe̞]	信任 (人际关系)
지지하다	[t͡ɕid͡ʑiɦa̠da̠]	[t͡ɕid͡ʑiɦa̠da̠]	支持 (人际关系)
시댁	[ɕʰidɛk̚]	[ɕʰidɛk̚]	姻亲 (人际关系)
멘토	[me̞ntʰo̞]	[me̞ntʰo̞]	导师 (人际关系)
의리	[ˈɰi(ː)ɾi]	[ˈɰi(ː)ɾi]	忠诚 (人际关系)
득템	[tɯk̚tʰe̞m]	[tɯk̚tʰe̞m]	讨价还价/优惠 (购物)
한정판	ankotan	ankotan	限量版 (购物)
가짜	[ˈka̠(ː)t͡ɕ͈a̠]	[ˈka̠(ː)t͡ɕ͈a̠]	假冒/假冒 (购物)
흥정	[xɯŋd͡ʑʌ̹ŋ]	[xɯŋd͡ʑʌ̹ŋ]	讨价还价/讨价还价 (购物)
찜질방	[t͡ɕ͈imd͡ʑiɭba̠ŋ]	[t͡ɕ͈imd͡ʑiɭba̠ŋ]	韩国汗蒸房 (旅行)
우리	[uɾi]	[uɾi]	我们/我们的 (文化)
멀티플레이어	momiemrechicho	momiemrechicho	멀티플레이어 (文化)
연습생	chyonngengnget	chyonngengnget	韩国流行音乐学员 (文化)
기획사	kiwiknga	kiwiknga	娱乐公司 (文化)
안티팬	chanien	chanien	黑粉 (文化)
군대	[kundɛ]	[kundɛ]	兵役 (文化)
네티즌	[ne̞tʰid͡ʑɯn]	[ne̞tʰid͡ʑɯn]	网民 (文化)
콘셉트	[kʰo̞nsʰe̞p̚tʰɯ]	[kʰo̞nsʰe̞p̚tʰɯ]	偶像概念 (文化)
안무	[ˈa̠(ː)nmu]	[ˈa̠(ː)nmu]	编舞 (文化)
응원법	[ˈɯ(ː)ŋwʌ̹nbʌ̹p̚]	[ˈɯ(ː)ŋwʌ̹nbʌ̹p̚]	粉丝呐喊 (文化)
스트리밍	[sʰɯtʰɯɾimiŋ]	[sʰɯtʰɯɾimiŋ]	串流（音乐） (文化)
시상식	ngingatngik	ngingatngik	颁奖典礼 (文化)
사극	[ˈsʰa̠(ː)ɡɯk̚]	[ˈsʰa̠(ː)ɡɯk̚]	历史剧 (文化)
워라밸	[wʌ̹ɾa̠bɛɭ]	[wʌ̹ɾa̠bɛɭ]	工作与生活平衡 (文化)
콩글리시	[kʰo̞ŋɡɯʎʎiɕʰi]	[kʰo̞ŋɡɯʎʎiɕʰi]	韩式英语（Konglish） (文化)
떡국	[t͈ʌ̹k̚k͈uk̚]	[t͈ʌ̹k̚k͈uk̚]	新年年糕汤传统 (文化)
당황스러운	tatwtngerochin	tatwtngerochin	慌乱 (情绪)
감동받은	kangtutpakchen	kangtutpakchen	深受感动 (情绪)
갈비탕	[ka̠ɭbitʰa̠ŋ]	[ka̠ɭbitʰa̠ŋ]	排骨汤 (食物)
오미자차	chumikapa	chumikapa	五味子茶 (食物)
부대찌개	[pudɛt͡ɕ͈iɡɛ]	[pudɛt͡ɕ͈iɡɛ]	部队锅 (食物)
족발	[t͡ɕo̞k̚p͈a̠ɭ]	[t͡ɕo̞k̚p͈a̠ɭ]	酱炖猪脚 (食物)
보쌈	[po̞s͈a̠m]	[po̞s͈a̠m]	水煮猪肉片 (食物)
들기름	[tɯɭɡiɾɯm]	[tɯɭɡiɾɯm]	紫苏油 (食物)
조수	[ˈt͡ɕo̞(ː)sʰu]	[ˈt͡ɕo̞(ː)sʰu]	潮汐 (自然)
갯벌	[kɛt̚p͈ʌ̹ɭ]	[kɛt̚p͈ʌ̹ɭ]	潮间带 (自然)
폭염	[pʰo̞ɡjʌ̹m]	[pʰo̞ɡjʌ̹m]	热浪 (自然)
서리	[sʰʌ̹ɾi]	[sʰʌ̹ɾi]	霜 (自然)
우박	[ˈu(ː)ba̠k̚]	[ˈu(ː)ba̠k̚]	冰雹 (自然)
한파	[ha̠npʰa̠]	[ha̠npʰa̠]	寒潮 (自然)
화산	[ˈɸwa̠(ː)sʰa̠n]	[ˈɸwa̠(ː)sʰa̠n]	火山 (自然)
절벽	[t͡ɕʌ̹ɭbjʌ̹k̚]	[t͡ɕʌ̹ɭbjʌ̹k̚]	悬崖 (自然)
연꽃	[jʌ̹nk͈o̞t̚]	[jʌ̹nk͈o̞t̚]	莲花 (自然)
진달래	[t͡ɕinda̠ɭɭɛ]	[t͡ɕinda̠ɭɭɛ]	金达莱花 (自然)
나물	[na̠muɭ]	[na̠muɭ]	香草 / 野菜 (自然)
꽃가루	[k͈o̞t̚k͈a̠ɾu]	[k͈o̞t̚k͈a̠ɾu]	花粉 (自然)
반딧불이	[pa̠ndit̚p͈uɾi]	[pa̠ndit̚p͈uɾi]	萤火虫 (自然)
사슴	[sʰa̠sʰɯm]	[sʰa̠sʰɯm]	鹿 (自然)
멧돼지	[me̞t̚t͈wɛd͡ʑi]	[me̞t̚t͈wɛd͡ʑi]	野猪 (自然)
학	[ha̠k̚]	[ha̠k̚]	起重机 (自然)
해녀	[ˈhɛ(ː)ɲʌ̹]	[ˈhɛ(ː)ɲʌ̹]	海女（济州潜水采捞女性） (自然)
철새	[t͡ɕʰʌ̹ɭs͈ɛ]	[t͡ɕʰʌ̹ɭs͈ɛ]	鸟类迁徙 (自然)
도토리	[to̞tʰo̞ɾi]	[to̞tʰo̞ɾi]	栓皮栎 (自然)
습지	[sʰɯp̚t͡ɕ͈i]	[sʰɯp̚t͡ɕ͈i]	湿地 (自然)
초원	[t͡ɕʰo̞wʌ̹n]	[t͡ɕʰo̞wʌ̹n]	草原 (自然)
자갈	[t͡ɕa̠ɡa̠ɭ]	[t͡ɕa̠ɡa̠ɭ]	鹅卵石 (自然)
황사	[ɸwa̠ŋsʰa̠]	[ɸwa̠ŋsʰa̠]	黄沙 (自然)
의지하다	[ɰid͡ʑiɦa̠da̠]	[ɰid͡ʑiɦa̠da̠]	依赖 / 依靠某人 (人际关系)
타임세일	achingngechim	achingngechim	限时特卖 (购物)
보증서	puketngo	puketngo	保证书 (购物)
트로트	[tʰɯɾo̞tʰɯ]	[tʰɯɾo̞tʰɯ]	演歌 (文化)
육개장	[juk̚k͈ɛd͡ʑa̠ŋ]	[juk̚k͈ɛd͡ʑa̠ŋ]	辣牛肉汤 (食物)
산호	[sʰa̠nβo̞]	[sʰa̠nβo̞]	珊瑚 (自然)
목련	[mo̞ŋɲʌ̹n]	[mo̞ŋɲʌ̹n]	木兰花 (自然)
아카시아	[a̠kʰa̠ɕʰia̠]	[a̠kʰa̠ɕʰia̠]	刺槐树 (自然)
해풍	eit	eit	海风 (自然)
오픈마켓	chuenmahet	chuenmahet	开放式市场 (购物)
캐시백	hengipek	hengipek	现金回馈 (购物)
충동구매	pittutkime	pittutkime	冲动购物 (购物)
곶감	[ko̞t̚k͈a̠m]	[ko̞t̚k͈a̠m]	柿饼 (食物)
이슬	[isʰɯɭ]	[isʰɯɭ]	露水 (自然)
청혼	[t͡ɕʰʌ̹ŋβo̞n]	[t͡ɕʰʌ̹ŋβo̞n]	求婚 (人际关系)
질투	[t͡ɕiɭtʰu]	[t͡ɕiɭtʰu]	嫉妒 (人际关系)
용서	[joŋsʰʌ̹]	[joŋsʰʌ̹]	宽恕 (人际关系)
사과	[sʰa̠ɡwa̠]	[sʰa̠ɡwa̠]	道歉 (人际关系)
화해	[ɸwa̠ɦɛ]	[ɸwa̠ɦɛ]	和好 (人际关系)
재결합	kekyomang	kekyomang	复合 (人际关系)
배신	[ˈpɛ(ː)ɕʰin]	[ˈpɛ(ː)ɕʰin]	背叛 (人际关系)
격려	[kjʌ̹ŋɲʌ̹]	[kjʌ̹ŋɲʌ̹]	鼓励 (人际关系)
위로	[ɥiɾo̞]	[ɥiɾo̞]	安慰 (人际关系)
차단하다	[ˈt͡ɕʰa̠(ː)da̠nɦa̠da̠]	[ˈt͡ɕʰa̠(ː)da̠nɦa̠da̠]	封锁 (人际关系)
존경하다	[t͡ɕo̞nɡjʌ̹ŋɦa̠da̠]	[t͡ɕo̞nɡjʌ̹ŋɦa̠da̠]	钦佩 (人际关系)
놀리다	[no̞ʎʎida̠]	[no̞ʎʎida̠]	开玩笑 (人际关系)
서약	[ˈsʰɘ(ː)ja̠k̚]	[ˈsʰɘ(ː)ja̠k̚]	誓言 (人际关系)
헌신	[ˈhɘ(ː)nɕʰin]	[ˈhɘ(ː)nɕʰin]	承诺 (人际关系)
헌정	onkot	onkot	献辞 (人际关系)
희생	[çisʰɛŋ]	[çisʰɛŋ]	牺牲 (人际关系)
타협	[ˈtʰa̠(ː)ʝʌ̹p̚]	[ˈtʰa̠(ː)ʝʌ̹p̚]	妥协 (人际关系)
공감	[ˈko̞(ː)ŋɡa̠m]	[ˈko̞(ː)ŋɡa̠m]	Empathy 同理心 (人际关系)
애정	[ˈɛ(ː)d͡ʑʌ̹ŋ]	[ˈɛ(ː)d͡ʑʌ̹ŋ]	好感 (人际关系)
따뜻함	tatetang	tatetang	温暖 (人际关系)
친밀함	pinmimang	pinmimang	Closeness (人际关系)
유대	[judɛ]	[judɛ]	Bond（押金） (人际关系)
연결	[jʌ̹nɡjʌ̹ɭ]	[jʌ̹nɡjʌ̹ɭ]	连接方式 (人际关系)
케미	[kʰe̞mi]	[kʰe̞mi]	化学 (人际关系)
도매	[to̞mɛ]	[to̞mɛ]	批发 (购物)
소매	[sʰo̞mɛ]	[sʰo̞mɛ]	零售 (购物)
보증	[po̞d͡ʑɯŋ]	[po̞d͡ʑɯŋ]	质保期 (购物)
불만	[puɭma̠n]	[puɭma̠n]	投诉 (购物)
환불	[ɸwa̠nbuɭ]	[ɸwa̠nbuɭ]	退款 (购物)
중고	[t͡ɕuŋɡo̞]	[t͡ɕuŋɡo̞]	二手设备 (购物)
빈티지	piniki	piniki	葡萄酒 (购物)
경매	[ˈkjɘ(ː)ŋmɛ]	[ˈkjɘ(ː)ŋmɛ]	投拍 (购物)
입찰	[ip̚t͡ɕʰa̠ɭ]	[ip̚t͡ɕʰa̠ɭ]	竞标 (购物)
재입고	kechingku	kechingku	补货 (购物)
베스트셀러	[pe̞sʰɯtʰɯsʰe̞ɭɭʌ̹]	[pe̞sʰɯtʰɯsʰe̞ɭɭʌ̹]	畅销书 (购物)
칠면조	[t͡ɕʰiɭmjʌ̹ɲd͡ʑo̞]	[t͡ɕʰiɭmjʌ̹ɲd͡ʑo̞]	火鸡 (动物)
얼룩말	[ʌ̹ɭɭuŋma̠ɭ]	[ʌ̹ɭɭuŋma̠ɭ]	斑马 (动物)
고릴라	[ko̞ɾiɭɭa̠]	[ko̞ɾiɭɭa̠]	大猩猩 (动物)
캥거루	[kʰɛŋɡʌ̹ɾu]	[kʰɛŋɡʌ̹ɾu]	袋鼠 (动物)
문어	[munʌ̹]	[munʌ̹]	章鱼 (动物)
랍스터	rangngeo	rangngeo	龙虾 (动物)
굴	[ku(ː)ɭ]	[ku(ː)ɭ]	牡蛎 (动物)
불가사리	[puɭɡa̠sʰa̠ɾi]	[puɭɡa̠sʰa̠ɾi]	海星 (动物)
해파리	[ˈhɛ(ː)pʰa̠ɾi]	[ˈhɛ(ː)pʰa̠ɾi]	水母 (动物)
플라밍고	emramitku	emramitku	红鹤 (动物)
공작	[ˈko̞(ː)ŋd͡ʑa̠k̚]	[ˈko̞(ː)ŋd͡ʑa̠k̚]	孔雀 (动物)
지렁이	[ˈt͡ɕi(ː)ɾʌ̹ŋi]	[ˈt͡ɕi(ː)ɾʌ̹ŋi]	蚯蚓 (动物)
딱정벌레	takkotpomre	takkotpomre	甲虫 (动物)
바퀴벌레	[pa̠kʰɥibʌ̹ɭɭe̞]	[pa̠kʰɥibʌ̹ɭɭe̞]	蟑螂 (动物)
너구리	[nʌ̹ɡuɾi]	[nʌ̹ɡuɾi]	浣熊 (动物)
고슴도치	[ko̞sʰɯmdo̞t͡ɕʰi]	[ko̞sʰɯmdo̞t͡ɕʰi]	刺猬 (动物)
두더지	[tudʌ̹d͡ʑi]	[tudʌ̹d͡ʑi]	鼹鼠 (动物)
수달	[sʰuda̠ɭ]	[sʰuda̠ɭ]	水獭 (动物)
물범	[muɭbʌ̹m]	[muɭbʌ̹m]	海豹 (动物)
북극곰	[puk̚k͈ɯk̚k͈o̞m]	[puk̚k͈ɯk̚k͈o̞m]	北极熊 (动物)
낙타	[na̠k̚tʰa̠]	[na̠k̚tʰa̠]	骆驼 (动物)
치타	[t͡ɕʰitʰa̠]	[t͡ɕʰitʰa̠]	猎豹 (动物)
표범	[pʰjobʌ̹m]	[pʰjobʌ̹m]	豹 (动物)
흰동가리	[çindo̞ŋɡa̠ɾi]	[çindo̞ŋɡa̠ɾi]	小丑鱼 (动物)
바다거북	[pa̠da̠ɡʌ̹buk̚]	[pa̠da̠ɡʌ̹buk̚]	海龟 (动物)
해마	[ˈhɛ(ː)ma̠]	[ˈhɛ(ː)ma̠]	海马 (动物)
진도개	kintuke	kintuke	珍岛犬 (动物)
두루미	[tuɾumi]	[tuɾumi]	鹤 (动物)
눈꺼풀	[nunk͈ʌ̹pʰuɭ]	[nunk͈ʌ̹pʰuɭ]	眼皮 (身体部位)
속눈썹	[ˈsʰo̞(ː)ŋnuns͈ʌ̹p̚]	[ˈsʰo̞(ː)ŋnuns͈ʌ̹p̚]	眼睫毛 (身体部位)
콧구멍	[kʰo̞t̚k͈umʌ̹ŋ]	[kʰo̞t̚k͈umʌ̹ŋ]	鼻孔 (身体部位)
턱뼈	[tʰʌ̹k̚p͈jʌ̹]	[tʰʌ̹k̚p͈jʌ̹]	下颚 (身体部位)
손바닥	[sʰo̞np͈a̠da̠k̚]	[sʰo̞np͈a̠da̠k̚]	手掌 (身体部位)
엄지손가락	[ʌ̹md͡ʑisʰo̞nɡa̠ɾa̠k̚]	[ʌ̹md͡ʑisʰo̞nɡa̠ɾa̠k̚]	拇指 (身体部位)
검지손가락	kongkingunkarak	kongkingunkarak	食指 (身体部位)
중지손가락	kitkingunkarak	kitkingunkarak	中指 (身体部位)
약지손가락	chyakkingunkarak	chyakkingunkarak	无名指 (身体部位)
새끼손가락	[sʰɛk͈isʰo̞nɡa̠ɾa̠k̚]	[sʰɛk͈isʰo̞nɡa̠ɾa̠k̚]	小指 (身体部位)
유방	[juba̠ŋ]	[juba̠ŋ]	乳房 (身体部位)
척추	[t͡ɕʰʌ̹k̚t͡ɕʰu]	[t͡ɕʰʌ̹k̚t͡ɕʰu]	脊椎 (身体部位)
위	[ɥi]	[ɥi]	胃 (身体部位)
배꼽	[pɛk͈o̞p̚]	[pɛk͈o̞p̚]	肚脐 (身体部位)
넓적다리	[nʌ̹p̚t͡ɕ͈ʌ̹k̚t͈a̠ɾi]	[nʌ̹p̚t͡ɕ͈ʌ̹k̚t͈a̠ɾi]	大腿 (身体部位)
정강이	[t͡ɕʌ̹ŋɡa̠ŋi]	[t͡ɕʌ̹ŋɡa̠ŋi]	胫골 (身体部位)
발뒤꿈치	[pa̠ɭt͈ɥik͈umt͡ɕʰi]	[pa̠ɭt͈ɥik͈umt͡ɕʰi]	脚跟 (身体部位)
발톱	[pa̠ɭtʰo̞p̚]	[pa̠ɭtʰo̞p̚]	趾甲 (身体部位)
근육	[kɯɲuk̚]	[kɯɲuk̚]	肌肉 (身体部位)
뼈	[p͈jʌ̹]	[p͈jʌ̹]	骨头 (身体部位)
관절	[kwa̠ɲd͡ʑʌ̹ɭ]	[kwa̠ɲd͡ʑʌ̹ɭ]	关节 (身体部位)
폐	[pʰje̞(ː)]	[pʰje̞(ː)]	肺 (身体部位)
간	[ka̠n]	[ka̠n]	肝脏 (身体部位)
신장	[ɕʰiɲd͡ʑa̠ŋ]	[ɕʰiɲd͡ʑa̠ŋ]	肾脏 (身体部位)
뇌	[nwe̞(ː)]	[nwe̞(ː)]	大脑 (身体部位)
지방	[t͡ɕiba̠ŋ]	[t͡ɕiba̠ŋ]	脂肪 (身体部位)
침	[t͡ɕʰim]	[t͡ɕʰim]	唾液 (身体部位)
맥박	[mɛk̚p͈a̠k̚]	[mɛk̚p͈a̠k̚]	脉搏 (身体部位)
자세	[t͡ɕa̠sʰe̞]	[t͡ɕa̠sʰe̞]	姿势 (身体部位)
주손	kingun	kingun	惯用手 (身体部位)
상체	[ˈsʰa̠(ː)ŋt͡ɕʰe̞]	[ˈsʰa̠(ː)ŋt͡ɕʰe̞]	上半截身子 (身体部位)
하체	[ˈha̠(ː)t͡ɕʰe̞]	[ˈha̠(ː)t͡ɕʰe̞]	下盘 (身体部位)
몸통	[mo̞mtʰo̞ŋ]	[mo̞mtʰo̞ŋ]	躯干 (身体部位)
팔다리	[pʰa̠ɭda̠ɾi]	[pʰa̠ɭda̠ɾi]	四肢 (身体部位)
장기	[ˈt͡ɕa̠(ː)ŋɡi]	[ˈt͡ɕa̠(ː)ŋɡi]	器官 (身体部位)
체형	[t͡ɕʰe̞ʝʌ̹ŋ]	[t͡ɕʰe̞ʝʌ̹ŋ]	Body Shape (身体部位)
근육질의	kenchwkkimchy	kenchwkkimchy	肌肉 (身体部位)
유연성	chwchyonngot	chwchyonngot	形态切换 (身体部位)
쌍꺼풀	[s͈a̠ŋk͈ʌ̹pʰuɭ]	[s͈a̠ŋk͈ʌ̹pʰuɭ]	双眼皮 (身体部位)
외꺼풀	chwikoim	chwikoim	Monolid (身体部位)
보조개	[po̞d͡ʑo̞ɡɛ]	[po̞d͡ʑo̞ɡɛ]	酒窝 (身体部位)
주근깨	[t͡ɕuɡɯnk͈ɛ]	[t͡ɕuɡɯnk͈ɛ]	雀斑 (身体部位)
산호색	[sʰa̠nβo̞sʰɛk̚]	[sʰa̠nβo̞sʰɛk̚]	珊瑚色 (颜色和形状)
진빨강	kinsamkat	kinsamkat	深红色 (颜色和形状)
연파랑	chyonarat	chyonarat	浅蓝色 (颜色与形状)
진초록	kinpuruk	kinpuruk	深绿色 (颜色与形状)
아이보리	chachipuri	chachipuri	象牙白 (颜色与形状)
크림색	heringngek	heringngek	奶油色 (颜色与形状)
터키석색	ohingokngek	ohingokngek	绿松石色 (颜色与形状)
자홍색	kautngek	kautngek	品红色 (颜色与形状)
제비꽃색	kepikutngek	kepikutngek	紫罗兰色 (颜色与形状)
남색	[na̠msʰɛk̚]	[na̠msʰɛk̚]	靛蓝色 (颜色与形状)
밤색	[ˈpa̠(ː)msʰɛk̚]	[ˈpa̠(ː)msʰɛk̚]	栗色 (颜色与形状)
올리브색	chumripengek	chumripengek	橄榄绿 (颜色与形状)
청록색	potrukngek	potrukngek	蓝绿色 (颜色与形状)
장미색	katmingek	katmingek	玫瑰色 (颜色与形状)
라벤더색	rapentongek	rapentongek	薰衣草色 (颜色与形状)
복숭아색	pukngitchangek	pukngitchangek	桃子色 (颜色与形状)
라일락색	rachimrakngek	rachimrakngek	淡紫色 (颜色与形状)
초승달	[t͡ɕʰo̞sʰɯŋt͈a̠ɭ]	[t͡ɕʰo̞sʰɯŋt͈a̠ɭ]	新月 (颜色与形状)
오각형	[ˈo̞(ː)ɡa̠cçʌ̹ŋ]	[ˈo̞(ː)ɡa̠cçʌ̹ŋ]	五边形 (颜色与形状)
육각형	[juk̚k͈a̠cçʌ̹ŋ]	[juk̚k͈a̠cçʌ̹ŋ]	六边形 (颜色与形状)
팔각형	[pʰa̠ɭɡa̠cçʌ̹ŋ]	[pʰa̠ɭɡa̠cçʌ̹ŋ]	八边形 (颜色与形状)
구	[ku]	[ku]	球体 (颜色与形状)
정육면체	[ˈt͡ɕɘ(ː)ŋɲuŋmjʌ̹ɲt͡ɕʰe̞]	[ˈt͡ɕɘ(ː)ŋɲuŋmjʌ̹ɲt͡ɕʰe̞]	立方体 (颜色与形状)
원기둥	[wʌ̹nɡiduŋ]	[wʌ̹nɡiduŋ]	圆柱体 (颜色与形状)
원뿔	[wʌ̹np͈uɭ]	[wʌ̹np͈uɭ]	圆锥体 (颜色与形状)
피라미드	[pʰiɾa̠midɯ]	[pʰiɾa̠midɯ]	金字塔 (颜色与形状)
나선	[na̠sʰʌ̹n]	[na̠sʰʌ̹n]	螺旋 (颜色与形状)
수평	[sʰupʰjʌ̹ŋ]	[sʰupʰjʌ̹ŋ]	水平 (颜色与形状)
수직	ngikik	ngikik	垂直 (颜色与形状)
대각선	tekakngon	tekakngon	对角线 (颜色与形状)
평행	[pʰjʌ̹ŋɦɛŋ]	[pʰjʌ̹ŋɦɛŋ]	平行 (颜色与形状)
뾰족한	sykukan	sykukan	尖锐 (颜色与形状)
단단한	tantanan	tantanan	实心 (颜色与形状)
윤곽	[junɡwa̠k̚]	[junɡwa̠k̚]	轮廓 (颜色与形状)
테두리	[tʰe̞duɾi]	[tʰe̞duɾi]	边框 (颜色与形状)
모서리	[mo̞sʰʌ̹ɾi]	[mo̞sʰʌ̹ɾi]	边缘 (颜色与形状)
각도	[ka̠k̚t͈o̞]	[ka̠k̚t͈o̞]	角度 (颜色与形状)
너비	[nʌ̹bi]	[nʌ̹bi]	宽度 (颜色与形状)
깊이	[kipʰi]	[kipʰi]	深度 (颜色与形状)
거대한	kotean	kotean	巨大的 (颜色与形状)
체크무늬	peheminy	peheminy	格子 (颜色与形状)
지그재그	kikekeke	kikekeke	锯齿形 (颜色与形状)
시대	[ɕʰidɛ]	[ɕʰidɛ]	时代 (数字与时间)
십년	ngingnyon	ngingnyon	十年 (数字与时间)
상담선생님	ngattangngonngetning	ngattangngonngetning	校内辅导员 (校园生活)
중간고사	[t͡ɕuŋɡa̠nɡo̞sʰa̠]	[t͡ɕuŋɡa̠nɡo̞sʰa̠]	期中考试 (校园生活)
기말고사	[kima̠ɭɡo̞sʰa̠]	[kima̠ɭɡo̞sʰa̠]	期末考 (学校生活)
성적표	[sʰʌ̹ŋd͡ʑʌ̹k̚pʰjo]	[sʰʌ̹ŋd͡ʑʌ̹k̚pʰjo]	成绩单 (学校生活)
등수	tetngi	tetngi	排名 (学校生活)
독서실	[to̞ks͈ʌ̹ɕʰiɭ]	[to̞ks͈ʌ̹ɕʰiɭ]	自习室 (学校生活)
과학실	[kwa̠ɦa̠kɕ͈iɭ]	[kwa̠ɦa̠kɕ͈iɭ]	科学实验室 (学校生活)
미술실	mingimngim	mingimngim	美术教室 (学校生活)
음악실	[ɯma̠kɕ͈iɭ]	[ɯma̠kɕ͈iɭ]	音乐教室 (学校生活)
동아리	[to̞ŋa̠ɾi]	[to̞ŋa̠ɾi]	社团 (学校生活)
운동회	[ˈu(ː)ndo̞ŋβwe̞]	[ˈu(ː)ndo̞ŋβwe̞]	实地考察日 (校园生活)
식	[ɕʰik̚]	[ɕʰik̚]	仪式（Ceremony） (校园生活)
문화제	minwke	minwke	文化祭 (校园生活)
조회	[ˈt͡ɕo̞(ː)βwe̞]	[ˈt͡ɕo̞(ː)βwe̞]	晨会 (校园生活)
허락장	orakkat	orakkat	权限单 (校园生活)
짝사랑	[t͡ɕ͈a̠ks͈a̠ɾa̠ŋ]	[t͡ɕ͈a̠ks͈a̠ɾa̠ŋ]	校园迷恋 (校园生活)
세미나	[s͈e̞mina̠]	[s͈e̞mina̠]	研讨课 (校园生活)
학위	[ha̠ɡɥi]	[ha̠ɡɥi]	学位 (校园生活)
동문	[ˈto̞(ː)ŋmun]	[ˈto̞(ː)ŋmun]	校友 (校园生活)
자습실	kangengngim	kangengngim	· 自主学习 (校园生活)
얼어붙는	chomchopinen	chomchopinen	冰点的 (天气)
온화한	chunwan	chunwan	温和 (天气)
폭우	[pʰo̞ɡu]	[pʰo̞ɡu]	大雨 (天气)
뇌우	[nwe̞u]	[nwe̞u]	雷暴 (天气)
진눈깨비	[t͡ɕinnunk͈ɛbi]	[t͡ɕinnunk͈ɛbi]	雨夹雪 (天气)
눈보라	[ˈnu(ː)nbo̞ɾa̠]	[ˈnu(ː)nbo̞ɾa̠]	暴风雪 (天气)
폭설	[pʰo̞ks͈ʌ̹ɭ]	[pʰo̞ks͈ʌ̹ɭ]	雪灾 (天气)
먼지폭풍	monkiukit	monkiukit	沙尘暴 (天气)
장마	[t͡ɕa̠ŋma̠]	[t͡ɕa̠ŋma̠]	雨季 (天气)
건기	konki	konki	干季 (天气)
공기질	kutkikim	kutkikim	空气品质 (天气)
습도	[sʰɯp̚t͈o̞]	[sʰɯp̚t͈o̞]	湿度水平 (天气)
풍속	[pʰuŋsʰo̞k̚]	[pʰuŋsʰo̞k̚]	风速 (天气)
풍향	ityat	ityat	风向 (天气)
대피	[ˈtɛ(ː)pʰi]	[ˈtɛ(ː)pʰi]	疏散 (天气)
대피소	[ˈtɛ(ː)pʰisʰo̞]	[ˈtɛ(ː)pʰisʰo̞]	房屋 (天气)
소름	[sʰo̞ɾɯm]	[sʰo̞ɾɯm]	鸡皮疙瘩 (天气)
일광화상	chimkwtwngat	chimkwtwngat	晒斑 (天气)
열사병	[jʌ̹ɭs͈a̠p͈jʌ̹ŋ]	[jʌ̹ɭs͈a̠p͈jʌ̹ŋ]	热病 (天气)
탈수	amngi	amngi	脱水 (天气)
뿌연	sichyon	sichyon	朦胧的 (天气)
정장	[ˈt͡ɕɘ(ː)ŋd͡ʑa̠ŋ]	[ˈt͡ɕɘ(ː)ŋd͡ʑa̠ŋ]	套装 (服饰)
블레이저	pemrechiko	pemrechiko	伐刀者 (服饰)
패딩	etit	etit	羽绒夹克 (服饰)
크롭탑	[kxɯɾo̞p̚tʰa̠p̚]	[kxɯɾo̞p̚tʰa̠p̚]	短版上衣 (服饰)
터틀넥	oemnek	oemnek	高领衫 (服饰)
폴로셔츠	umrungyope	umrungyope	Polo衫 (服饰)
드레스셔츠	terengengyope	terengengyope	正装衬衫 (服饰)
브래지어	[pɯɾɛd͡ʑiʌ̹]	[pɯɾɛd͡ʑiʌ̹]	胸罩 (服饰)
스타킹	[sʰɯtʰa̠cçiŋ]	[sʰɯtʰa̠cçiŋ]	丝袜 (服饰)
타이츠	achipe	achipe	裤袜 (服饰)
하이힐	[ha̠iʝiɭ]	[ha̠iʝiɭ]	高跟鞋 (服饰)
로퍼	ruo	ruo	乐福鞋 (服饰)
옥스포드	chukngeute	chukngeute	牛津鞋 (服饰)
벙어리장갑	potchorikatkang	potchorikatkang	连指手套 (服饰)
토트백	[tʰo̞tʰɯbɛk̚]	[tʰo̞tʰɯbɛk̚]	托特包 (服饰)
숄더백	[ɕʰoɭdʌ̹p͈ɛk̚]	[ɕʰoɭdʌ̹p͈ɛk̚]	肩背包 (服饰)
크로스백	[kxɯɾo̞sʰɯp͈ɛk̚]	[kxɯɾo̞sʰɯp͈ɛk̚]	斜背包 (服饰)
클러치	[kxɯɭɭʌ̹t͡ɕʰi]	[kxɯɭɭʌ̹t͡ɕʰi]	手拿包 (服饰)
넥타이	[ne̞k̚tʰa̠i]	[ne̞k̚tʰa̠i]	领带 (服饰)
나비넥타이	napinekachi	napinekachi	领结 (服饰)
멜빵	[ˈme̞(ː)ɭp͈a̠ŋ]	[ˈme̞(ː)ɭp͈a̠ŋ]	吊带 (服饰)
브로치	[pɯɾo̞t͡ɕʰi]	[pɯɾo̞t͡ɕʰi]	胸针 (服饰)
헤어액세서리	echochekngengori	echochekngengori	发饰 (服饰)
헤어핀	[he̞ʌ̹pʰin]	[he̞ʌ̹pʰin]	发夹 (服饰)
헤드밴드	etepente	etepente	头带 (服饰)
운동복	[ˈu(ː)ndo̞ŋbo̞k̚]	[ˈu(ː)ndo̞ŋbo̞k̚]	运动服 (服饰)
수영복	[sʰujʌ̹ŋbo̞k̚]	[sʰujʌ̹ŋbo̞k̚]	泳衣 (服饰)
비키니	[picçini]	[picçini]	比基尼 (服饰)
짐웨어	kingchecho	kingchecho	健身服 (服饰)
요가팬츠	chykaenpe	chykaenpe	瑜珈裤 (服饰)
전통의상	konutchyngat	konutchyngat	韩服 (服饰)
웨딩드레스	[we̞diŋdɯɾe̞sʰɯ]	[we̞diŋdɯɾe̞sʰɯ]	婚纱 (服饰)
린넨	rinnen	rinnen	亚麻 (服装)
실크	ngimhe	ngimhe	丝绸 (服装)
폴리에스터	[pʰo̞ʎʎie̞sʰɯtʰʌ̹]	[pʰo̞ʎʎie̞sʰɯtʰʌ̹]	聚酯 (服装)
벨벳	[pe̞ɭbe̞t̚]	[pe̞ɭbe̞t̚]	丝绒 (服装)
피팅	iit	iit	拟合 (服装)
수선	[sʰusʰʌ̹n]	[sʰusʰʌ̹n]	改动 (服装)
드라이클리닝	terachihemrinit	terachihemrinit	干洗 (服装)
손세탁	ngunngeak	ngunngeak	手洗 (服装)
첫사랑	[t͡ɕʰʌ̹ss͈a̠ɾa̠ŋ]	[t͡ɕʰʌ̹ss͈a̠ɾa̠ŋ]	初恋 (韩剧表达)
운명	[ˈu(ː)nmjʌ̹ŋ]	[ˈu(ː)nmjʌ̹ŋ]	命运 (韩剧表达)
숙명	[sʰuŋmjʌ̹ŋ]	[sʰuŋmjʌ̹ŋ]	命运 (韩剧用语)
오해	[ˈo̞(ː)ɦɛ]	[ˈo̞(ː)ɦɛ]	误会 (韩剧用语)
재회	kewi	kewi	重逢 (韩剧用语)
복수	[po̞ks͈u]	[po̞ks͈u]	复仇 (韩剧用语)
조연	[t͡ɕo̞jʌ̹n]	[t͡ɕo̞jʌ̹n]	配角 (韩剧用语)
악당	[a̠k̚t͈a̠ŋ]	[a̠k̚t͈a̠ŋ]	反派 (韩剧用语)
반전	[ˈpa̠(ː)ɲd͡ʑʌ̹n]	[ˈpa̠(ː)ɲd͡ʑʌ̹n]	情节转折 (韩剧用语)
클리프행거	hemrieetko	hemrieetko	悬念结尾 (韩剧用语)
주제곡	[t͡ɕud͡ʑe̞ɡo̞k̚]	[t͡ɕud͡ʑe̞ɡo̞k̚]	主旋律 (韩剧用语)
몰아보기	mumchapuki	mumchapuki	追剧 (韩剧用语)
스포일러	[sʰɯpʰo̞iɭɭʌ̹]	[sʰɯpʰo̞iɭɭʌ̹]	暴雷 (韩剧用语)
팬걸	enkom	enkom	女粉丝 (韩剧用语)
팬보이	enpuchi	enpuchi	男粉丝 (韩剧用语)
비하인드	piachinte	piachinte	幕后花絮 (韩剧用语)
시청자	[ˈɕʰi(ː)t͡ɕʰʌ̹ŋd͡ʑa̠]	[ˈɕʰi(ː)t͡ɕʰʌ̹ŋd͡ʑa̠]	观众人数 (韩剧用语)
현대극	yontekek	yontekek	现代剧 (韩剧用语)
멜로드라마	[me̞ɭɭo̞dɯɾa̠ma̠]	[me̞ɭɭo̞dɯɾa̠ma̠]	爱情剧 (韩剧用语)
스릴러	[sʰɯɾiɭɭʌ̹]	[sʰɯɾiɭɭʌ̹]	惊悚剧 (韩剧用语)
환생	[ɸwa̠nsʰɛŋ]	[ɸwa̠nsʰɛŋ]	转世 (韩剧表达)
초능력	[t͡ɕʰo̞nɯŋɲʌ̹k̚]	[t͡ɕʰo̞nɯŋɲʌ̹k̚]	超自然力量 (韩剧表达)
쇄골	ngwekum	ngwekum	锁骨 (身体部位)
형광색	[çʌ̹ŋɡwa̠ŋsʰɛk̚]	[çʌ̹ŋɡwa̠ŋsʰɛk̚]	霓虹灯色调 (颜色形状)
빙판길	pitankim	pitankim	滑路 (天气)
쌍무지개	[s͈a̠ŋmud͡ʑiɡɛ]	[s͈a̠ŋmud͡ʑiɡɛ]	双彩虹 (天气)
열대야	chyomtechya	chyomtechya	热带之夜 (天气)
정주행	[ˈt͡ɕɘ(ː)ŋd͡ʑuɦɛŋ]	[ˈt͡ɕɘ(ː)ŋd͡ʑuɦɛŋ]	戏剧狂欢 (韩剧表达)
돌풍	tumit	tumit	阵风 (天气)
병가	pyotka	pyotka	病假 (校园生活)
전학생	konaknget	konaknget	转学学生 (校园生活)
컨퍼런스	[kʰʌ̹npʰʌ̹ɾʌ̹nsʰɯ]	[kʰʌ̹npʰʌ̹ɾʌ̹nsʰɯ]	多人会议 (商业)
계약	[ˈkje̞(ː)ja̠k̚]	[ˈkje̞(ː)ja̠k̚]	签约书 (商业)
협상	[çʌ̹ps͈a̠ŋ]	[çʌ̹ps͈a̠ŋ]	谈判 (商业)
승진	[sʰɯŋd͡ʑin]	[sʰɯŋd͡ʑin]	晋升 (商业)
사직	[sʰa̠d͡ʑik̚]	[sʰa̠d͡ʑik̚]	辞职 (商业)
추천인	piponchin	piponchin	推荐人 (商业)
수습기간	ngingengkikan	ngingengkikan	试用期 (商业)
프리랜서	[pʰɯɾiɾɛnsʰʌ̹]	[pʰɯɾiɾɛnsʰʌ̹]	自由职业 (商业)
칸막이	[kʰa̠nma̠ɡi]	[kʰa̠nma̠ɡi]	隔间 (商业)
출산휴가	pimnganwka	pimnganwka	产假 (商业)
육아휴직	chwkchawkik	chwkchawkik	陪产假 (商业)
퇴직	[tʰwe̞d͡ʑik̚]	[tʰwe̞d͡ʑik̚]	退休 (商业)
매출	[ˈmɛ(ː)t͡ɕʰuɭ]	[ˈmɛ(ː)t͡ɕʰuɭ]	收入 (商业)
이익	[ˈi(ː)ik̚]	[ˈi(ː)ik̚]	利润 (商业)
손실	[ˈsʰo̞(ː)nɕʰiɭ]	[ˈsʰo̞(ː)nɕʰiɭ]	亏损 (商业)
송장	[ˈsʰo̞(ː)ŋd͡ʑa̠ŋ]	[ˈsʰo̞(ː)ŋd͡ʑa̠ŋ]	发票 (商业)
회계	[ˈɸwe̞(ː)ɡje̞]	[ˈɸwe̞(ː)ɡje̞]	会计 (商业)
투자	[tʰud͡ʑa̠]	[tʰud͡ʑa̠]	投资 (商业)
프랜차이즈	erenpachike	erenpachike	加盟 (商业)
홍보	[ɸʷo̞ŋbo̞]	[ɸʷo̞ŋbo̞]	公关 (商业)
공급업체	kutkengchongpe	kutkengchongpe	供应商 (商业)
판매자	[pʰa̠nmɛd͡ʑa̠]	[pʰa̠nmɛd͡ʑa̠]	供应商 (商业)
파트너십	aenonging	aenonging	合作伙伴关系 (商业)
협력	[çʌ̹mɲʌ̹k̚]	[çʌ̹mɲʌ̹k̚]	协作 (商业)
경쟁사	kyotketnga	kyotketnga	竞争者 (商业)
부하직원	piakikchen	piakikchen	下属 (商业)
번아웃	ponchachit	ponchachit	职业倦怠 (商业)
멘토링	menurit	menurit	导师指导 (商业)
튀기다	[tʰɥiɡida̠]	[tʰɥiɡida̠]	油炸 (烹饪)
굽다	[kup̚t͈a̠]	[kup̚t͈a̠]	烘焙 (烹饪)
로스트하다	rungeeata	rungeeata	烘烤 (烹饪)
조리다	[t͡ɕo̞ɾida̠]	[t͡ɕo̞ɾida̠]	炖煮 (烹饪)
데치다	[ˈte̞(ː)t͡ɕʰida̠]	[ˈte̞(ː)t͡ɕʰida̠]	汆烫 (烹饪)
두드리다	[tudɯɾida̠]	[tudɯɾida̠]	元 (烹饪)
치대다	piteta	piteta	揉~ (烹饪)
말다	[ˈma̠(ː)ɭda̠]	[ˈma̠(ː)ɭda̠]	投掷 (烹饪)
접다	[t͡ɕʌ̹p̚t͈a̠]	[t͡ɕʌ̹p̚t͈a̠]	收回 (烹饪)
채우다	[t͡ɕʰɛuda̠]	[t͡ɕʰɛuda̠]	物品 (烹饪)
절이다	[t͡ɕʌ̹ɾida̠]	[t͡ɕʌ̹ɾida̠]	泡菜 (烹饪)
보존하다	[ˈpo̞(ː)d͡ʑo̞nɦa̠da̠]	[ˈpo̞(ː)d͡ʑo̞nɦa̠da̠]	保留。 (烹饪)
조절하다	kukomata	kukomata	升温降温 (烹饪)
장식하다	[t͡ɕa̠ŋɕʰikʰa̠da̠]	[t͡ɕa̠ŋɕʰikʰa̠da̠]	传唤 ,传讯,扣发债务人的工资,扣押债务人的财产 ;v.下达扣押令 (烹饪)
압력밥솥	changryokpangngu	changryokpangngu	压力锅 (烹饪)
감칠맛	[ˈka̠(ː)mt͡ɕʰiɭma̠t̚]	[ˈka̠(ː)mt͡ɕʰiɭma̠t̚]	鲜味 (烹饪)
템포	[tʰe̞mpʰo̞]	[tʰe̞mpʰo̞]	节拍 (音乐)
음정	[ɯmd͡ʑʌ̹ŋ]	[ɯmd͡ʑʌ̹ŋ]	音高 (音乐)
음표	[ɯmpʰjo]	[ɯmpʰjo]	备注 (音乐)
화음	[ɸwa̠ɯm]	[ɸwa̠ɯm]	弦形 (音乐)
음계	[ɯmɡje̞]	[ɯmɡje̞]	设备规模 (音乐)
조화	[t͡ɕo̞βwa̠]	[t͡ɕo̞βwa̠]	均衡 (音乐)
브릿지	peritki	peritki	舰桥 (音乐)
훅	[ɸʷuk̚]	[ɸʷuk̚]	吊钩 (音乐)
반복	[ˈpa̠(ː)nbo̞k̚]	[ˈpa̠(ː)nbo̞k̚]	副歌 (音乐)
앙코르	chathure	chathure	安可 (音乐)
앰프	[ɛmpʰɯ]	[ɛmpʰɯ]	扩大机 (音乐)
프로듀서	[pʰɯɾo̞djusʰʌ̹]	[pʰɯɾo̞djusʰʌ̹]	制作人 (音乐)
작곡가	[t͡ɕa̠k̚k͈o̞k̚k͈a̠]	[t͡ɕa̠k̚k͈o̞k̚k͈a̠]	作曲家 (音乐)
작사가	[t͡ɕa̠ks͈a̠ɡa̠]	[t͡ɕa̠ks͈a̠ɡa̠]	词曲作家 (音乐)
해체	[ˈhɛ(ː)t͡ɕʰe̞]	[ˈhɛ(ː)t͡ɕʰe̞]	解散 (音乐)
사인앨범	ngachinchempong	ngachinchempong	签名专辑 (音乐)
커버댄스	hopotennge	hopotennge	翻跳 (音乐)
에이전시	chechikonngi	chechikonngi	经纪公司 (音乐)
로열티	ruchyomi	ruchyomi	版税 (音乐)
빌보드	pimpute	pimpute	告示牌 (音乐)
그래미	keremi	keremi	葛莱美奖 (音乐)
인기가요	chinkikachy	chinkikachy	人气歌谣 (音乐)
뮤직뱅크	mwkikpethe	mwkikpethe	音乐银行 (音乐)
가야금	[ka̠ja̠ɡɯm]	[ka̠ja̠ɡɯm]	伽唢啰 (音乐)
해금	[hɛɡɯm]	[hɛɡɯm]	奚琴 (音乐)
신스	nginnge	nginnge	合成器 (音乐)
녹음실	[no̞ɡɯmɕʰiɭ]	[no̞ɡɯmɕʰiɭ]	录音工作室 (音乐)
믹싱	mikngit	mikngit	混合 (音乐)
마스터링	mangeorit	mangeorit	控制 (音乐)
출장	[t͡ɕʰuʎt͡ɕ͈a̠ŋ]	[t͡ɕʰuʎt͡ɕ͈a̠ŋ]	出差 (商业)
네트워킹	neechehit	neechehit	网络 (商业)
칼질	[kʰa̠ʎd͡ʑiɭ]	[kʰa̠ʎd͡ʑiɭ]	刀技 (烹饪)
인싸	[ins͈a̠]	[ins͈a̠]	Inssa (俚语)
현타	[çʌ̹ntʰa̠]	[çʌ̹ntʰa̠]	Hyuntae (俚语)
갓생	katnget	katnget	Gatsaeng (俚语)
소확행	nguwket	nguwket	Sowhakhaeng (俚语)
꼰대	[k͈o̞ndɛ]	[k͈o̞ndɛ]	Kkondae (俚语)
갑분싸	[ka̠p̚p͈uns͈a̠]	[ka̠p̚p͈uns͈a̠]	Gabbunsssa (俚语)
세단뛰기	[sʰe̞da̠nt͈ɥiɡi]	[sʰe̞da̠nt͈ɥiɡi]	三级跳 (运动)
알고리즘	[a̠ɭɡo̞ɾid͡ʑɯm]	[a̠ɭɡo̞ɾid͡ʑɯm]	流程图（见附件） (科技)
믹스테이프	mikngeechie	mikngeechie	Mixtape (音乐)
사운드체크	ngachintepehe	ngachintepehe	声音检查 (音乐)
은근히	[ɯnɡɯnʝi]	[ɯnɡɯnʝi]	低调 (俚语)
소외감	nguchwikang	nguchwikang	FOMO(Fear of missing out)恐惧症。 (俚语)
쩐다	tonta	tonta	超酷 (俚语)
핵	[hɛk̚]	[hɛk̚]	特级 (俚语)
미쳤다	mipyolta	mipyolta	疯狂 (俚语)
꿀	[k͈uɭ]	[k͈uɭ]	甜品 (俚语)
킹받다	[cçiŋba̠t̚t͈a̠]	[cçiŋba̠t̚t͈a̠]	好烦 (俚语)
갓	[ka̠t̚]	[ka̠t̚]	神 (俚语)
극혐	[kɯcçʌ̹m]	[kɯcçʌ̹m]	极度厌恶 (俚语)
취존	pekun	pekun	尊重品味 (俚语)
웃프다	[ut̚pʰɯda̠]	[ut̚pʰɯda̠]	悲伤和滑稽 (俚语)
억울하다	[ʌ̹ɡuɾɦa̠da̠]	[ʌ̹ɡuɾɦa̠da̠]	不公平 (俚语)
아재	[a̠d͡ʑɛ]	[a̠d͡ʑɛ]	Ajae (俚语)
아재개그	[a̠d͡ʑɛɡɛɡɯ]	[a̠d͡ʑɛɡɛɡɯ]	老爸的笑话 (俚语)
눈치없다	ninpichotta	ninpichotta	没有眼力 (俚语)
센스없다	ngenngechotta	ngenngechotta	没有品味 (俚语)
관종	[kwa̠ɲd͡ʑo̞ŋ]	[kwa̠ɲd͡ʑo̞ŋ]	爱出风头的人 (俚语)
핵인싸	ekchinca	ekchinca	超级受欢迎 (俚语)
빻다	[ˈp͈a̠(ː)tʰa̠]	[ˈp͈a̠(ː)tʰa̠]	不酷 (俚语)
극공감	kekkutkang	kekkutkang	极度同感 (俚语)
가성비	[ka̠sʰʌ̹ŋbi]	[ka̠sʰʌ̹ŋbi]	性价比 (俚语)
가심비	kangingpi	kangingpi	心情消费 (俚语)
뇌절	[nwe̞d͡ʑʌ̹ɭ]	[nwe̞d͡ʑʌ̹ɭ]	脑袋短路 (俚语)
병맛	[pjʌ̹ŋma̠t̚]	[pjʌ̹ŋma̠t̚]	奇怪的品味 (俚语)
할많하않	[ha̠ɭma̠nɦa̠a̠n]	[ha̠ɭma̠nɦa̠a̠n]	太懒了 (俚语)
팩폭	[pʰɛk̚pʰo̞k̚]	[pʰɛk̚pʰo̞k̚]	真相炸弹 (俚语)
스불재	ngepimke	ngepimke	不好笑 (俚语)
자뻑	[t͡ɕa̠p͈ʌ̹k̚]	[t͡ɕa̠p͈ʌ̹k̚]	自负 (俚语)
허세	[hʌ̹sʰe̞]	[hʌ̹sʰe̞]	虚伪 (俚语)
과몰입	kwmumching	kwmumching	痴迷 (俚语)
입덕	[ip̚t͈ʌ̹k̚]	[ip̚t͈ʌ̹k̚]	成为粉丝 (俚语)
탈덕	[tʰa̠ɭdʌ̹k̚]	[tʰa̠ɭdʌ̹k̚]	脱粉 (俚语)
덕후	[tʌ̹kʰu]	[tʌ̹kʰu]	粉丝 (俚语)
힙하다	ingata	ingata	时髦 (俚语)
감성	[ka̠msʰʌ̹ŋ]	[ka̠msʰʌ̹ŋ]	感性 (俚语)
인생샷	chinngetngyat	chinngetngyat	人生照 (俚语)
핫플	atem	atem	热门地点 (俚语)
글루	kemri	kemri	蜕变 (俚语)
떡상	tokngat	tokngat	股价飙升 (俚语)
떡락	tokrak	tokrak	股价暴跌 (俚语)
존버	[t͡ɕo̞nbʌ̹]	[t͡ɕo̞nbʌ̹]	持有 (俚语)
영끌	chyotkem	chyotkem	全部投放 (俚语)
빚투	pipi	pipi	借贷投资 (俚语)
마통	maut	maut	妈妈的钱 (俚语)
스펙	[sʰɯpʰe̞k̚]	[sʰɯpʰe̞k̚]	履历 (俚语)
니트족	niekuk	niekuk	尼特族 (俚语)
캥거루족	[kʰɛŋɡʌ̹ɾud͡ʑo̞k̚]	[kʰɛŋɡʌ̹ɾud͡ʑo̞k̚]	回旋镖小孩 (俚语)
피겨스케이팅	ikyongehechiit	ikyongehechiit	花式溜冰 (运动)
스피드스케이팅	[sʰɯpʰidɯsʰɯkʰe̞itʰiŋ]	[sʰɯpʰidɯsʰɯkʰe̞itʰiŋ]	竞速溜冰 (运动)
양궁	[ja̠ŋɡuŋ]	[ja̠ŋɡuŋ]	射箭 (运动)
유도	[judo̞]	[judo̞]	柔道 (运动)
레슬링	[ɾe̞s͈ɯʎʎiŋ]	[ɾe̞s͈ɯʎʎiŋ]	摔跤 (运动)
복싱	[po̞kɕ͈iŋ]	[po̞kɕ͈iŋ]	拳击 (运动)
펜싱	[pʰe̞nɕ͈iŋ]	[pʰe̞nɕ͈iŋ]	击剑 (运动)
사격	[sʰa̠ɡjʌ̹k̚]	[sʰa̠ɡjʌ̹k̚]	射击 (运动)
역도	[jʌ̹k̚t͈o̞]	[jʌ̹k̚t͈o̞]	举重 (运动)
체조	[t͡ɕʰe̞d͡ʑo̞]	[t͡ɕʰe̞d͡ʑo̞]	体操 (运动)
마라톤	[ma̠ɾa̠tʰo̞n]	[ma̠ɾa̠tʰo̞n]	马拉松 (运动)
높이뛰기	[no̞pʰit͈ɥiɡi]	[no̞pʰit͈ɥiɡi]	跳高 (运动)
멀리뛰기	[mʌ̹ʎʎit͈ɥiɡi]	[mʌ̹ʎʎit͈ɥiɡi]	跳远 (运动)
포환던지기	[pʰo̞βwa̠ndʌ̹ɲd͡ʑiɡi]	[pʰo̞βwa̠ndʌ̹ɲd͡ʑiɡi]	铅球 (运动)
창던지기	[t͡ɕʰa̠ŋdʌ̹ɲd͡ʑiɡi]	[t͡ɕʰa̠ŋdʌ̹ɲd͡ʑiɡi]	标枪 (运动)
원판던지기	chenantonkiki	chenantonkiki	铁饼 (运动)
조정	[t͡ɕo̞d͡ʑʌ̹ŋ]	[t͡ɕo̞d͡ʑʌ̹ŋ]	划船 (运动)
요트	[jotʰɯ]	[jotʰɯ]	帆船 (运动)
서핑	[sʰʌ̹pʰiŋ]	[sʰʌ̹pʰiŋ]	冲浪 (运动)
암벽등반	changpyoktetpan	changpyoktetpan	攀岩 (运动)
지구력	kikiryok	kikiryok	耐力 (运动)
민첩성	[miɲt͡ɕʰʌ̹ps͈ʌ̹ŋ]	[miɲt͡ɕʰʌ̹ps͈ʌ̹ŋ]	敏捷性 (运动)
파울	[pʰa̠uɭ]	[pʰa̠uɭ]	犯规 (运动)
페널티	[pʰe̞nʌ̹ɭtʰi]	[pʰe̞nʌ̹ɭtʰi]	罚球 (运动)
심판	[ˈɕʰi(ː)mpʰa̠n]	[ˈɕʰi(ː)mpʰa̠n]	裁判 (运动)
주장	[t͡ɕud͡ʑa̠ŋ]	[t͡ɕud͡ʑa̠ŋ]	队长 (运动)
우승자	[usʰɯŋd͡ʑa̠]	[usʰɯŋd͡ʑa̠]	冠军 (运动)
트로피	[tʰɯɾo̞pʰi]	[tʰɯɾo̞pʰi]	奖杯 (运动)
아시안게임	changichankeching	changichankeching	亚洲运动会 (运动)
국가대표팀	kikkateying	kikkateying	国家队 (运动)
이적	[ˈi(ː)d͡ʑʌ̹k̚]	[ˈi(ː)d͡ʑʌ̹k̚]	转会 (运动)
스폰서	[sʰɯpʰo̞ns͈ʌ̹]	[sʰɯpʰo̞ns͈ʌ̹]	赞助商 (运动)
관중	[kwa̠ɲd͡ʑuŋ]	[kwa̠ɲd͡ʑuŋ]	观众 (运动)
원정경기	chenkotkyotki	chenkotkyotki	客场比赛 (运动)
홈경기	ungkyotki	ungkyotki	主场比赛 (运动)
플레이오프	[pʰɯɭɭe̞io̞pʰɯ]	[pʰɯɭɭe̞io̞pʰɯ]	季后赛 (运动)
세계기록	ngekyekiruk	ngekyekiruk	世界纪录 (运动)
훈련캠프	inryonhenge	inryonhenge	训练营 (运动)
스포츠영양	ngeupechyotchyat	ngeupechyotchyat	运动营养学 (运动)
수분섭취	ngipinngongpe	ngipinngongpe	水分补充 (运动)
인공지능	[inɡo̞ŋd͡ʑinɯŋ]	[inɡo̞ŋd͡ʑinɯŋ]	人工智慧 (科技)
머신러닝	monginronit	monginronit	机器学习 (科技)
데이터	[te̞itʰʌ̹]	[te̞itʰʌ̹]	资料 (科技)
빅데이터	piktechio	piktechio	大数据数字展厅 (科技)
데이터베이스	[te̞itʰʌ̹be̞is͈ɯ]	[te̞itʰʌ̹be̞is͈ɯ]	数据库 (科技)
서버	[s͈ʌ̹bʌ̹]	[s͈ʌ̹bʌ̹]	区服 (科技)
코딩	hutit	hutit	编码 (科技)
프로그래밍	[pʰɯɾo̞ɡɯɾɛmiŋ]	[pʰɯɾo̞ɡɯɾɛmiŋ]	编程 (科技)
소프트웨어	[s͈o̞pʰɯtʰɯwe̞ʌ̹]	[s͈o̞pʰɯtʰɯwe̞ʌ̹]	软件 (科技)
하드웨어	[ha̠dɯwe̞ʌ̹]	[ha̠dɯwe̞ʌ̹]	硬件 (科技)
버그	[pʌ̹ɡɯ]	[pʌ̹ɡɯ]	故障 (科技)
오류	[ˈo̞(ː)ɾju]	[ˈo̞(ː)ɾju]	错误 (科技)
디버그	tipoke	tipoke	调试 (科技)
오픈소스	chuenngunge	chuenngunge	华为开源 (科技)
핀테크	inehe	inehe	Fintech (科技)
전자상거래	konkangatkore	konkangatkore	电子商务 (科技)
플랫폼	[pʰɯɭɭɛt̚pʰo̞m]	[pʰɯɭɭɛt̚pʰo̞m]	站台 (科技)
반도체	[ˈpa̠(ː)ndo̞t͡ɕʰe̞]	[ˈpa̠(ː)ndo̞t͡ɕʰe̞]	半导体 (科技)
칩	[t͡ɕʰip̚]	[t͡ɕʰip̚]	芯片 (科技)
디스플레이	[tisʰɯpʰɯɭɭe̞i]	[tisʰɯpʰɯɭɭe̞i]	波形图显示 (科技)
해상도	[ˈhɛ(ː)sʰa̠ŋdo̞]	[ˈhɛ(ː)sʰa̠ŋdo̞]	分辨率 (科技)
쿠키	[kʰucçi]	[kʰucçi]	Cookie (科技)
개인정보	kechinkotpu	kechinkotpu	隐私 (科技)
사이버보안	ngachipopuchan	ngachipopuchan	网路安全 (科技)
해킹	[hɛcçiŋ]	[hɛcçiŋ]	骇客攻击 (科技)
바이러스	[pa̠iɾʌ̹s͈ɯ]	[pa̠iɾʌ̹s͈ɯ]	病毒 (科技)
암호화	[ˈa̠(ː)mβo̞βwa̠]	[ˈa̠(ː)mβo̞βwa̠]	加密 (科技)
드론	[tɯɾo̞n]	[tɯɾo̞n]	无人机 (科技)
자동화	[t͡ɕa̠do̞ŋβwa̠]	[t͡ɕa̠do̞ŋβwa̠]	自动化 (科技)
전기자동차	[ˈt͡ɕɘ(ː)nɡid͡ʑa̠do̞ŋt͡ɕʰa̠]	[ˈt͡ɕɘ(ː)nɡid͡ʑa̠do̞ŋt͡ɕʰa̠]	电动车 (科技)
자율주행차	kachwmkietpa	kachwmkietpa	自驾车 (科技)
스마트홈	ngemaeung	ngemaeung	智慧家庭 (科技)
광섬유	kwtngongchw	kwtngongchw	光纤 (科技)
위성	[ɥisʰʌ̹ŋ]	[ɥisʰʌ̹ŋ]	卫星 (科技)
태양광패널	echyatkwtenom	echyatkwtenom	太阳能电池板 (科技)
배터리저장	peorikokat	peorikokat	电池储能 (科技)
웨어러블기기	chechoropemkiki	chechoropemkiki	穿戴式装置 (科技)
사물인터넷	ngamimchinonet	ngamimchinonet	物联网 (科技)
처방전	[ˈt͡ɕʰɘ(ː)ba̠ŋd͡ʑʌ̹n]	[ˈt͡ɕʰɘ(ː)ba̠ŋd͡ʑʌ̹n]	处方笺 (健康与医疗)
혈압	[çʌ̹ɾa̠p̚]	[çʌ̹ɾa̠p̚]	血压 (健康与医疗)
당뇨병	[ta̠ŋɲop͈jʌ̹ŋ]	[ta̠ŋɲop͈jʌ̹ŋ]	糖尿病 (健康与医疗)
수술	[sʰusʰuɭ]	[sʰusʰuɭ]	手术 (健康与医疗)
예방접종	[je̞ba̠ŋd͡ʑʌ̹p̚t͡ɕ͈o̞ŋ]	[je̞ba̠ŋd͡ʑʌ̹p̚t͡ɕ͈o̞ŋ]	疫苗接种 (健康与医疗)
우울증	[uuʎt͡ɕ͈ɯŋ]	[uuʎt͡ɕ͈ɯŋ]	忧郁症 (健康与医疗)
불면증	[puɭmjʌ̹ɲt͡ɕ͈ɯŋ]	[puɭmjʌ̹ɲt͡ɕ͈ɯŋ]	失眠 (健康与医疗)
영양	[jʌ̹ŋja̠ŋ]	[jʌ̹ŋja̠ŋ]	营养 (健康与医疗)
물리치료	[muʎʎit͡ɕʰiɾjo]	[muʎʎit͡ɕʰiɾjo]	物理治疗 (健康与医疗)
한약	[ˈha̠(ː)ɲa̠k̚]	[ˈha̠(ː)ɲa̠k̚]	韩药 (健康与医疗)
골절	[ko̞ʎt͡ɕ͈ʌ̹ɭ]	[ko̞ʎt͡ɕ͈ʌ̹ɭ]	骨折 (健康与医疗)
항생제	[ˈha̠(ː)ŋsʰɛŋd͡ʑe̞]	[ˈha̠(ː)ŋsʰɛŋd͡ʑe̞]	抗生素 (健康与医疗)
구역질	[kujʌ̹k̚t͡ɕ͈iɭ]	[kujʌ̹k̚t͡ɕ͈iɭ]	恶心 (健康与医疗)
구토	[kutʰo̞]	[kutʰo̞]	呕吐 (健康医疗)
피로	[pʰiɾo̞]	[pʰiɾo̞]	乏力 (健康医疗)
발진	[pa̠ʎt͡ɕ͈in]	[pa̠ʎt͡ɕ͈in]	皮疹 (健康医疗)
피부과	[pʰibuk͈wa̠]	[pʰibuk͈wa̠]	皮肤 (健康医疗)
소아과	[ˈsʰo̞(ː)a̠k͈wa̠]	[ˈsʰo̞(ː)a̠k͈wa̠]	儿科学 (健康医疗)
콜레스테롤	[kʰo̞ɭɭe̞sʰɯtʰe̞ɾo̞ɭ]	[kʰo̞ɭɭe̞sʰɯtʰe̞ɾo̞ɭ]	胆固醇 (健康医疗)
재활	kewm	kewm	伤兵复原 (健康医疗)
건강보험	konkatpuong	konkatpuong	医疗保险 (健康医疗)
진단	[ˈt͡ɕi(ː)nda̠n]	[ˈt͡ɕi(ː)nda̠n]	诊断 (健康医疗)
감염	[ˈka̠(ː)mjʌ̹m]	[ˈka̠(ː)mjʌ̹m]	感染 (健康与医疗)
염증	[jʌ̹mt͡ɕ͈ɯŋ]	[jʌ̹mt͡ɕ͈ɯŋ]	发炎 (健康与医疗)
비만	[ˈpi(ː)ma̠n]	[ˈpi(ː)ma̠n]	肥胖 (健康与医疗)
빈혈	pinyom	pinyom	贫血 (健康与医疗)
관절염	[kwa̠ɲd͡ʑʌ̹ɾjʌ̹m]	[kwa̠ɲd͡ʑʌ̹ɾjʌ̹m]	关节炎 (健康与医疗)
천식	[ˈt͡ɕʰɘ(ː)nɕʰik̚]	[ˈt͡ɕʰɘ(ː)nɕʰik̚]	哮喘 (健康与医疗)
흡입기	engchingki	engchingki	吸入器 (健康与医疗)
고혈압	[ko̞ʝʌ̹ɾa̠p̚]	[ko̞ʝʌ̹ɾa̠p̚]	高血压 (健康与医疗)
맹장염	[mɛŋd͡ʑa̠ŋjʌ̹m]	[mɛŋd͡ʑa̠ŋjʌ̹m]	阑尾炎 (健康与医疗)
격리	[kjʌ̹ŋni]	[kjʌ̹ŋni]	隔离 (健康与医疗)
보건소	[ˈpo̞(ː)ɡʌ̹nsʰo̞]	[ˈpo̞(ː)ɡʌ̹nsʰo̞]	公共卫生中心 (健康与医疗)
링거	ritko	ritko	静脉输液 (健康与医疗)
건강보험증	konkatpuongket	konkatpuongket	・健康保险卡 (健康医疗)
송편	[sʰo̞ŋpʰjʌ̹n]	[sʰo̞ŋpʰjʌ̹n]	松片（半圆形米糕） (节日与庆典)
광복절	[kwa̠ŋbo̞k̚t͡ɕ͈ʌ̹ɭ]	[kwa̠ŋbo̞k̚t͡ɕ͈ʌ̹ɭ]	光复节 (节日与庆典)
신정	[ɕʰiɲd͡ʑʌ̹ŋ]	[ɕʰiɲd͡ʑʌ̹ŋ]	元旦 (节日庆典)
삼일절	ngangchimkom	ngangchimkom	3月1日独立运动日 (节日庆典)
한글날	[ˈha̠(ː)nɡɯɭɭa̠ɭ]	[ˈha̠(ː)nɡɯɭɭa̠ɭ]	韩文日 (节日庆典)
현충일	yonpitchim	yonpitchim	阵亡将士纪念日 (节日庆典)
돌잔치	[to̞ʎd͡ʑa̠ɲt͡ɕʰi]	[to̞ʎd͡ʑa̠ɲt͡ɕʰi]	一岁生日庆祝活动 (节日庆典)
백일	[pɛɡiɭ]	[pɛɡiɭ]	百日（婴儿出生一百天） (节日庆典)
그네뛰기	keneteki	keneteki	传统秋千 (节日庆典)
음력	[ɯmɲʌ̹k̚]	[ɯmɲʌ̹k̚]	农历 (节日庆典)
양력	[ja̠ŋɲʌ̹k̚]	[ja̠ŋɲʌ̹k̚]	公历时代 (节日庆典)
제기차기	[t͡ɕe̞ɡit͡ɕʰa̠ɡi]	[t͡ɕe̞ɡit͡ɕʰa̠ɡi]	踢毽子（韩国传统游戏） (节日庆典)
연날리기	chyonnamriki	chyonnamriki	风筝 (节日庆典)
향	[ça̠ŋ]	[ça̠ŋ]	神香 (节日庆典)
수정과	[sʰud͡ʑʌ̹ŋɡwa̠]	[sʰud͡ʑʌ̹ŋɡwa̠]	水正果（肉桂甜饮） (节日庆典)
조상	[t͡ɕo̞sʰa̠ŋ]	[t͡ɕo̞sʰa̠ŋ]	祖灵 (节日庆典)
추수감사절	pingikangngakom	pingikangngakom	丰收乐园 (节日庆典)
축의금	pikchykeng	pikchykeng	恭喜礼物 (节日庆典)
백일기념일	pekchimkinyongchim	pekchimkinyongchim	百日纪念 (节日与庆典)
해돋이	[hɛdo̞d͡ʑi]	[hɛdo̞d͡ʑi]	新年日出观赏 (节日与庆典)
귀성	kengot	kengot	返乡 (节日与庆典)
동지	[to̞ŋd͡ʑi]	[to̞ŋd͡ʑi]	冬至 (节日与庆典)
팥죽	[pʰa̠t̚t͡ɕ͈uk̚]	[pʰa̠t̚t͡ɕ͈uk̚]	Patjuk（红豆粥） (节日与庆典)
항공편	[ˈha̠(ː)ŋɡo̞ŋpʰjʌ̹n]	[ˈha̠(ː)ŋɡo̞ŋpʰjʌ̹n]	航班 (交通)
탑승권	[tʰa̠ps͈ɯŋk͈wʌ̹n]	[tʰa̠ps͈ɯŋk͈wʌ̹n]	登机证 (交通)
운전면허증	chinkonmyonoket	chinkonmyonoket	驾照 (交通)
일방통행	[iɭba̠ŋtʰo̞ŋɦɛŋ]	[iɭba̠ŋtʰo̞ŋɦɛŋ]	单行道 (交通)
제한속도	keannguktu	keannguktu	速度限制 (交通)
음주운전	[ɯmd͡ʑuuɲd͡ʑʌ̹n]	[ɯmd͡ʑuuɲd͡ʑʌ̹n]	酒醉后驾驶 (交通)
대리운전	terichinkon	terichinkon	指定司机服务 (交通)
카풀	haim	haim	拼车 (交通)
시외버스	ngichwiponge	ngichwiponge	城际公交车 (交通)
트램	[tʰɯɾɛm]	[tʰɯɾɛm]	电车 (交通)
모노레일	munurechim	munurechim	单轨铁路 (交通)
공항철도	kutatpomtu	kutatpomtu	机场铁路 (交通)
물품보관소	mimingpukwnngu	mimingpukwnngu	行李寄存 (交通)
교차로	[kjot͡ɕʰa̠ɾo̞]	[kjot͡ɕʰa̠ɾo̞]	交集 (交通)
번호판	[pʌ̹nβo̞pʰa̠n]	[pʌ̹nβo̞pʰa̠n]	车牌 (交通)
견인차	kyonchinpa	kyonchinpa	拖吊车 (交通)
보행자	[ˈpo̞(ː)ɦɛŋd͡ʑa̠]	[ˈpo̞(ː)ɦɛŋd͡ʑa̠]	行人 (交通)
엔진	[e̞ɲd͡ʑin]	[e̞ɲd͡ʑin]	部位机动 (交通)
앞유리	chachwri	chachwri	挡风板 (交通)
전조등	konkutet	konkutet	头灯 (交通)
방향지시등	patyatkingitet	patyatkingitet	方向灯 / 转向指示灯 (交通)
계기판	[ˈkje̞(ː)ɡipʰa̠n]	[ˈkje̞(ː)ɡipʰa̠n]	仪表板 (交通)
노약자석	[no̞ja̠k̚t͡ɕ͈a̠sʰʌ̹k̚]	[no̞ja̠k̚t͡ɕ͈a̠sʰʌ̹k̚]	优先座位 (交通)
정기권	kotkiken	kotkiken	月票 (交通)
세관	[ˈsʰe̞(ː)ɡwa̠n]	[ˈsʰe̞(ː)ɡwa̠n]	海关 (交通)
출입국	pimchingkik	pimchingkik	移民 (交通)
급행열차	kengetchyompa	kengetchyompa	区间快车 (交通)
탑승구	[tʰa̠ps͈ɯŋɡu]	[tʰa̠ps͈ɯŋɡu]	登机门 (交通)
심야버스	ngingchyaponge	ngingchyaponge	夜间公车 (交通)
헌화	onw	onw	献花 (节庆与活动)
애국가	[ˈɛ(ː)ɡuk̚k͈a̠]	[ˈɛ(ː)ɡuk̚k͈a̠]	国歌 (节日庆典)
풍등	[pʰuŋdɯŋ]	[pʰuŋdɯŋ]	天灯 (节日庆典)
에센스	chengennge	chengennge	精华液 (美容护肤)
세럼	ngerong	ngerong	精华素 (美容护肤)
컨투어링	honichorit	honichorit	修容 (美妆护肤)
하이라이터	achirachio	achirachio	高光 (美妆护肤)
미백	mipek	mipek	美白 (美妆护肤)
콜라겐	humraken	humraken	胶原蛋白 (美妆护肤)
아이크림	chachihering	chachihering	眼霜 (美容与肌肤保养)
립라이너	ringrachino	ringrachino	唇线笔 (美容与肌肤保养)
프라이머	erachimo	erachimo	妆前乳 (美容与肌肤保养)
에멀전	chemomkon	chemomkon	乳液 (美容与护肤)
홍조	utku	utku	泛红 (美容与护肤)
모공	mukut	mukut	毛孔 (美容与护肤)
괄사	kwmnga	kwmnga	刮痧 (美容与护肤)
원예	[wʌ̹ɲe̞]	[wʌ̹ɲe̞]	园艺 (休闲活动)
뜨개질	[t͈ɯɡɛd͡ʑiɭ]	[t͈ɯɡɛd͡ʑiɭ]	编织 (休闲与爱好)
서예	[sʰʌ̹je̞]	[sʰʌ̹je̞]	书法 (嗜好与休闲)
도예	[to̞je̞]	[to̞je̞]	陶器 (嗜好与休闲)
베이킹	pechihit	pechihit	烘培技术 (嗜好与休闲)
바느질	[pa̠nɯd͡ʑiɭ]	[pa̠nɯd͡ʑiɭ]	缝纫 (嗜好与休闲)
탐조	[tʰa̠md͡ʑo̞]	[tʰa̠md͡ʑo̞]	观鸟 (嗜好与休闲)
클라이밍	hemrachimit	hemrachimit	球场室内攀岩 (嗜好与休闲)
꽃꽂이	[k͈o̞t̚k͈o̞d͡ʑi]	[k͈o̞t̚k͈o̞d͡ʑi]	一组插花 (嗜好与休闲)
브이로그	pechiruke	pechiruke	视频日志 (嗜好与休闲)
체스	[t͡ɕʰe̞s͈ɯ]	[t͡ɕʰe̞s͈ɯ]	西洋棋 (嗜好与休闲)
레터링	reorit	reorit	手写字 (嗜好与休闲)
스타크래프트	ngeahereee	ngeahereee	星海争霸 (嗜好与休闲)
나이트라이프	nachierachie	nachierachie	夜生活 (嗜好与休闲)
패들보드	etempute	etempute	立式桨板 (嗜好与休闲)
수채화	ngipew	ngipew	水彩画 (嗜好与休闲)
자수	[ˈt͡ɕa̠(ː)sʰu]	[ˈt͡ɕa̠(ː)sʰu]	刺绣 (嗜好与休闲)
마크라메	maherame	maherame	编织 (嗜好与休闲)
테라리움	erariching	erariching	玻璃瓶花园 (嗜好与休闲)
스케이트보드	[sʰɯkʰe̞itʰɯbo̞dɯ]	[sʰɯkʰe̞itʰɯbo̞dɯ]	滑板运动 (嗜好与休闲)
압화	changw	changw	压花 (嗜好与休闲)
목공예	mukkutchye	mukkutchye	木工 (嗜好与休闲)
마술	[ma̠sʰuɭ]	[ma̠sʰuɭ]	魔术表演 (嗜好与休闲)
경마	[ˈkjɘ(ː)ŋma̠]	[ˈkjɘ(ː)ŋma̠]	赛马 (嗜好与休闲)
일석이조	[iɭs͈ʌ̹ɡid͡ʑo̞]	[iɭs͈ʌ̹ɡid͡ʑo̞]	一石二鸟 (谚语与諎谏)
유비무환	[ˈju(ː)bimuβwa̠n]	[ˈju(ː)bimuβwa̠n]	预防胜于治疗 (惯用语与谚语)
팔방미인	[pʰa̠ɭba̠ŋmiin]	[pʰa̠ɭba̠ŋmiin]	三脚猫 (成语俗语)
말실수하다	mamngimngiata	mamngimngiata	把脚放进嘴里 (成语俗语)
불운	[puɾun]	[puɾun]	厄运 (成语俗语)
냉대하다	netteata	netteata	给予冰冷的肩膀 (成语俗语)
벽지	[pjʌ̹k̚t͡ɕ͈i]	[pjʌ̹k̚t͡ɕ͈i]	墙漆 (家居与家具)
수납	nginang	nginang	储物 (家居与家具)
인테리어	[intʰe̞ɾiʌ̹]	[intʰe̞ɾiʌ̹]	居家装饰 (居家与家具)
파티션	aingyon	aingyon	隔间屏风 (居家与家具)
다용도실	tachyttungim	tachyttungim	储藏室 (居家与家具)
베란다	[pe̞ɾa̠nda̠]	[pe̞ɾa̠nda̠]	阳台 (居家与家具)
공기청정기	[ko̞ŋɡit͡ɕʰʌ̹ŋd͡ʑʌ̹ŋɡi]	[ko̞ŋɡit͡ɕʰʌ̹ŋd͡ʑʌ̹ŋɡi]	空气清净机 (居家与家具)
가습기	[ka̠sʰɯp̚k͈i]	[ka̠sʰɯp̚k͈i]	加湿器 (居家与家具)
제습기	[t͡ɕe̞sʰɯp̚k͈i]	[t͡ɕe̞sʰɯp̚k͈i]	除湿机 (居家与家具)
테라스	erange	erange	露台 (居家与家具)
김치냉장고	kingpinetkatku	kingpinetkatku	泡菜冰箱 (居家与家具)
비데	[pide̞]	[pide̞]	免治马桶 (居家与家具)
소화기	[sʰo̞βwa̠ɡi]	[sʰo̞βwa̠ɡi]	灭火器 (居家与家具)
홈짐	ungking	ungking	居家健身房 (居家与家具)
트렌치코트	erenpihue	erenpihue	风衣 (时尚与风格)
미니스커트	[minisʰɯkʰʌ̹tʰɯ]	[minisʰɯkʰʌ̹tʰɯ]	迷你裙 (时尚与风格)
애슬레저	chengemreko	chengemreko	运动休闲风 (时尚与风格)
코디네이션	hutinechingyon	hutinechingyon	服装搭配 (时尚与风格)
룩북	rikpik	rikpik	搭配 (时尚穿搭)
레이어링	rechichorit	rechichorit	压条 (时尚穿搭)
모노톤	munuun	munuun	单色 (时尚穿搭)
패션쇼	[pʰɛɕʰʌ̹nɕʰo]	[pʰɛɕʰʌ̹nɕʰo]	时装秀 (时尚穿搭)
유니섹스	chwningeknge	chwningeknge	中性 (时尚穿搭)
커플룩	hoemrik	hoemrik	匹配时装 (时尚穿搭)
명품	myoting	myoting	奢侈品 (时尚与风格)
슬링백	ngemritpek	ngemritpek	Slingback (时尚与风格)
컬러블록	homropemruk	homropemruk	颜色区块 (时尚穿搭)
오염	[ˈo̞(ː)jʌ̹m]	[ˈo̞(ː)jʌ̹m]	污染 (环境)
가뭄	[ka̠mum]	[ka̠mum]	干旱 (环境)
홍수	[ɸʷo̞ŋsʰu]	[ɸʷo̞ŋsʰu]	洪水 (环境)
산불	[sʰa̠np͈uɭ]	[sʰa̠np͈uɭ]	野火 (环境)
퇴비화	wipiw	wipiw	堆肥 (环境)
야생동물	[ˈja̠(ː)sʰɛŋ to̞(ː)ŋmuɭ]	[ˈja̠(ː)sʰɛŋ to̞(ː)ŋmuɭ]	野生动物 (环境)
광합성	[kwa̠ŋɦa̠ps͈ʌ̹ŋ]	[kwa̠ŋɦa̠ps͈ʌ̹ŋ]	光合作用(Photosynthesis) (环境)
댐	[tɛm]	[tɛm]	大坝 (环境)
스모그	[sʰɯmo̞ɡɯ]	[sʰɯmo̞ɡɯ]	烟雾 (环境)
세종대왕	ngekuttechwt	ngekuttechwt	世宗大帝 (韩国历史)
신라	[ɕʰiɭɭa̠]	[ɕʰiɭɭa̠]	新罗王国 (韩国历史)
불교	[puɭɡjo]	[puɭɡjo]	韩国佛教 (韩国历史)
거북선	[kʌ̹buks͈ʌ̹n]	[kʌ̹buks͈ʌ̹n]	龟船 (韩国历史)
비무장지대	pimikatkite	pimikatkite	非军事区（DMZ） (韩国历史)
한양	[ˈha̠(ː)ɲa̠ŋ]	[ˈha̠(ː)ɲa̠ŋ]	汉阳（旧首尔） (韩国历史)
종로	[t͡ɕo̞ŋno̞]	[t͡ɕo̞ŋno̞]	钟路（历史街区） (韩国历史)
독립기념관	tukringkinyongkwn	tukringkinyongkwn	独立纪念馆 (韩国历史)
덕수궁	tokngikit	tokngikit	德寿宫 (韩国历史)
국립중앙박물관	kikringkitchatpakmimkwn	kikringkitchatpakmimkwn	国立博物馆 (韩国历史)
해인사	echinnga	echinnga	海印寺 (韩国历史)
불국사	pimkiknga	pimkiknga	佛国寺 (韩国历史)
민화	[minβwa̠]	[minβwa̠]	民画（朝鲜民间绘画） (韩国历史)
창덕궁	pattokkit	pattokkit	昌德宫 (韩国历史)
성벽	[sʰʌ̹ŋbjʌ̹k̚]	[sʰʌ̹ŋbjʌ̹k̚]	朝鲜防御城墙 (韩国历史)
육이오	[juɡio̞]	[juɡio̞]	六二五（韩战爆发日） (韩国历史)
유관순	chwkwnngin	chwkwnngin	柳宽顺 (韩国历史)
전쟁기념관	konketkinyongkwn	konketkinyongkwn	战争纪念馆 (韩国历史)
군인	[kunin]	[kunin]	士兵 (军事)
육군	[juk̚k͈un]	[juk̚k͈un]	陆军 (军事)
공군	[ko̞ŋɡun]	[ko̞ŋɡun]	空军化一 (军事)
징병	[t͡ɕiŋbjʌ̹ŋ]	[t͡ɕiŋbjʌ̹ŋ]	征兵制 (军事)
무기	[ˈmu(ː)ɡi]	[ˈmu(ː)ɡi]	作用武器 (军事)
탱크	[tʰɛŋkxɯ]	[tʰɛŋkxɯ]	坦克 (军事)
전투기	[ˈt͡ɕɘ(ː)ntʰuɡi]	[ˈt͡ɕɘ(ː)ntʰuɡi]	战斗机 (军事)
잠수함	[t͡ɕa̠msʰuɦa̠m]	[t͡ɕa̠msʰuɦa̠m]	潜艇 (军事)
군부대	kinpite	kinpite	军事基地 (军事)
장군	[t͡ɕa̠ŋɡun]	[t͡ɕa̠ŋɡun]	将军 (军事)
중사	[t͡ɕuŋsʰa̠]	[t͡ɕuŋsʰa̠]	士官长 (军事)
군복	[kunbo̞k̚]	[kunbo̞k̚]	军服 (军事)
전쟁	[ˈt͡ɕɘ(ː)ɲd͡ʑɛŋ]	[ˈt͡ɕɘ(ː)ɲd͡ʑɛŋ]	战争 (军事)
전투	[ˈt͡ɕɘ(ː)ntʰu]	[ˈt͡ɕɘ(ː)ntʰu]	战斗 (军事)
방어	[pa̠ŋʌ̹]	[pa̠ŋʌ̹]	国防 (军事)
순찰	[sʰuɲt͡ɕʰa̠ɭ]	[sʰuɲt͡ɕʰa̠ɭ]	巡逻 (军事)
경비	[kjʌ̹ŋbi]	[kjʌ̹ŋbi]	守卫 (军事)
미사일	[misʰa̠iɭ]	[misʰa̠iɭ]	导弹 (军事)
탄약	[ˈtʰa̠(ː)ɲa̠k̚]	[ˈtʰa̠(ː)ɲa̠k̚]	弹药 (军事)
포병	[pʰo̞bjʌ̹ŋ]	[pʰo̞bjʌ̹ŋ]	火炮 (军事)
행진	[hɛŋd͡ʑin]	[hɛŋd͡ʑin]	行军 (军事)
경례	[ˈkjɘ(ː)ŋɲe̞]	[ˈkjɘ(ː)ŋɲe̞]	敬礼 (军事)
사관학교	[ˈsʰa̠(ː)ɡwa̠nɦa̠k̚k͈jo]	[ˈsʰa̠(ː)ɡwa̠nɦa̠k̚k͈jo]	军事学院 (军事)
전역	[ˈt͡ɕɘ(ː)ɲʌ̹k̚]	[ˈt͡ɕɘ(ː)ɲʌ̹k̚]	退伍 (军事)
예비군	[ˈje̞(ː)biɡun]	[ˈje̞(ː)biɡun]	预备役部队 (军事)
국방	[ˈku(ː)k̚p͈a̠ŋ]	[ˈku(ː)k̚p͈a̠ŋ]	国土防卫 (军事)
헌병	[ˈhɘ(ː)nbjʌ̹ŋ]	[ˈhɘ(ː)nbjʌ̹ŋ]	宪兵 (军事)
헬리콥터	[he̞ʎʎikʰo̞p̚tʰʌ̹]	[he̞ʎʎikʰo̞p̚tʰʌ̹]	直升机 (军事)
항공모함	[ˈha̠(ː)ŋɡo̞ŋmo̞ɦa̠m]	[ˈha̠(ː)ŋɡo̞ŋmo̞ɦa̠m]	航空母舰 (军事)
구축함	[kut͡ɕʰukʰa̠m]	[kut͡ɕʰukʰa̠m]	驱逐舰 (军事)
저격수	kokyokngi	kokyokngi	狙击手 (军事)
특수부대	[tʰɯks͈ubudɛ]	[tʰɯks͈ubudɛ]	特种部队 (军事)
낙하산병	nakanganpyot	nakanganpyot	伞兵 (军事)
해병대	[ˈhɛ(ː)bjʌ̹ŋdɛ]	[ˈhɛ(ː)bjʌ̹ŋdɛ]	海军陆战队 (军事)
나토	[na̠tʰo̞]	[na̠tʰo̞]	北约 (军事)
참전용사	pangkonchytnga	pangkonchytnga	老兵 (军事)
포로	[ˈpʰo̞(ː)ɾo̞]	[ˈpʰo̞(ː)ɾo̞]	战俘 (军事)
스파이	[sʰɯpʰa̠i]	[sʰɯpʰa̠i]	间谍 (军事)
정보	[t͡ɕʌ̹ŋbo̞]	[t͡ɕʌ̹ŋbo̞]	情报 (军事)
갑옷	[ka̠bo̞t̚]	[ka̠bo̞t̚]	装甲 (军事)
방탄복	[pa̠ŋtʰa̠nbo̞k̚]	[pa̠ŋtʰa̠nbo̞k̚]	防弹背心 (军事)
헬멧	[he̞ɭme̞t̚]	[he̞ɭme̞t̚]	头盔 (军事)
소총	[ˈsʰo̞(ː)t͡ɕʰo̞ŋ]	[ˈsʰo̞(ː)t͡ɕʰo̞ŋ]	步枪 (军事)
수류탄	[sʰuɾjutʰa̠n]	[sʰuɾjutʰa̠n]	手榴弹 (军事)
지뢰	[t͡ɕiɾwe̞]	[t͡ɕiɾwe̞]	地雷 (军事)
전사자	[ˈt͡ɕɘ(ː)nsʰa̠d͡ʑa̠]	[ˈt͡ɕɘ(ː)nsʰa̠d͡ʑa̠]	阵亡士兵 (军事)
보안	[ˈpo̞(ː)a̠n]	[ˈpo̞(ː)a̠n]	安全 (军事)
계급장	[kje̞ɡɯp̚t͡ɕ͈a̠ŋ]	[kje̞ɡɯp̚t͡ɕ͈a̠ŋ]	军衔徽章 (军事)
사격장	[sʰa̠ɡjʌ̹k̚t͡ɕ͈a̠ŋ]	[sʰa̠ɡjʌ̹k̚t͡ɕ͈a̠ŋ]	射击场 (军事)
위장	[ɥid͡ʑa̠ŋ]	[ɥid͡ʑa̠ŋ]	伪装迷彩 (军事)
군수	[kunsʰu]	[kunsʰu]	物流 (军事)
군의관	kinchykwn	kinchykwn	军医 (军事)
의무병	chymipyot	chymipyot	医护兵；卫生员 (军事)
군종장교	kinkutkatky	kinkutkatky	军队牧师 (军事)
군악대	kinchakte	kinchakte	军乐队 (军事)
의장대	chykatte	chykatte	荣耀之光 (军事)
총검	[t͡ɕʰo̞ŋɡʌ̹m]	[t͡ɕʰo̞ŋɡʌ̹m]	刺刀 (军事)
벙커	[pʌ̹ŋkʰʌ̹]	[pʌ̹ŋkʰʌ̹]	碉堡 (军事)
참호	[t͡ɕʰa̠mβo̞]	[t͡ɕʰa̠mβo̞]	管道沟。 (军事)
헌병대	onpyotte	onpyotte	军事警察 ,宪兵 (军事)
군사법원	[kunsʰa̠bʌ̹bwʌ̹n]	[kunsʰa̠bʌ̹bwʌ̹n]	军事法院 (军事)
군법	kinpong	kinpong	军法 (军事)
군기	kinki	kinki	军纪 (军事)
군사력	[kunsʰa̠ɾjʌ̹k̚]	[kunsʰa̠ɾjʌ̹k̚]	军事实力 (军事)
장교	[ˈt͡ɕa̠(ː)ŋɡjo]	[ˈt͡ɕa̠(ː)ŋɡjo]	军官 (军事)
입대	[ip̚t͈ɛ]	[ip̚t͈ɛ]	入伍 (军事)
법	[pʌ̹p̚]	[pʌ̹p̚]	法律 (法律与政府)
정부	[t͡ɕʌ̹ŋbu]	[t͡ɕʌ̹ŋbu]	政府 (法律与政府)
총리	[ˈt͡ɕʰo̞(ː)ŋni]	[ˈt͡ɕʰo̞(ː)ŋni]	国务总理 (法律与政府)
의회	[ɰiβwe̞]	[ɰiβwe̞]	国会 (法律与政府)
국회	[kukʰwe̞]	[kukʰwe̞]	国会 (法律与政府)
대표	[ˈtɛ(ː)pʰjo]	[ˈtɛ(ː)pʰjo]	代表 (法律与政府)
민주주의	[miɲd͡ʑud͡ʑuɰi]	[miɲd͡ʑud͡ʑuɰi]	民主 (法律与政府)
정당	[t͡ɕʌ̹ŋda̠ŋ]	[t͡ɕʌ̹ŋda̠ŋ]	政党 (法律与政府)
야당	[ˈja̠(ː)da̠ŋ]	[ˈja̠(ː)da̠ŋ]	反对党 (法律与政府)
여당	[ˈjɘ(ː)da̠ŋ]	[ˈjɘ(ː)da̠ŋ]	执政党 (法律与政府)
정책	[ˈt͡ɕɘ(ː)ŋt͡ɕʰɛk̚]	[ˈt͡ɕɘ(ː)ŋt͡ɕʰɛk̚]	政策 (法律与政府)
법안	[pʌ̹ba̠n]	[pʌ̹ba̠n]	法案 (法律与政府)
판사	[pʰa̠nsʰa̠]	[pʰa̠nsʰa̠]	法官 (法律与政府)
검사	[ˈkɘ(ː)msʰa̠]	[ˈkɘ(ː)msʰa̠]	检察官 (法律与政府)
피고	[ˈpʰi(ː)ɡo̞]	[ˈpʰi(ː)ɡo̞]	被告 (法律与政府)
판결	[pʰa̠nɡjʌ̹ɭ]	[pʰa̠nɡjʌ̹ɭ]	刑期 (法律与政府)
감옥	[ka̠mo̞k̚]	[ka̠mo̞k̚]	监狱 (法律与政府)
벌금	[pʌ̹ɭɡɯm]	[pʌ̹ɭɡɯm]	罚款 (法律与政府)
재판	[t͡ɕɛpʰa̠n]	[t͡ɕɛpʰa̠n]	审判 (法律与政府)
소송	[sʰo̞sʰo̞ŋ]	[sʰo̞sʰo̞ŋ]	诉讼 (法律与政府)
용의자	[joŋɰid͡ʑa̠]	[joŋɰid͡ʑa̠]	嫌疑人 (法律与政府)
수사	[ˈsʰu(ː)sʰa̠]	[ˈsʰu(ː)sʰa̠]	调查 (法律与政府)
증거	[t͡ɕɯŋɡʌ̹]	[t͡ɕɯŋɡʌ̹]	证据 (法律与政府)
권리	[kwʌ̹ʎʎi]	[kwʌ̹ʎʎi]	权利 (法律与政府)
인권	[ink͈wʌ̹n]	[ink͈wʌ̹n]	人权 (法律与政府)
평등	[pʰjʌ̹ŋdɯŋ]	[pʰjʌ̹ŋdɯŋ]	平等 (法律与政府)
정의	[ˈt͡ɕɘ(ː)ŋɰi]	[ˈt͡ɕɘ(ː)ŋɰi]	正义 (法律与政府)
부패	[ˈpu(ː)pʰɛ]	[ˈpu(ː)pʰɛ]	腐败 (法律与政府)
뇌물	[nwe̞muɭ]	[nwe̞muɭ]	贿赂 (法律与政府)
사기	[sʰa̠ɡi]	[sʰa̠ɡi]	欺诈 (法律与政府)
살인	[sʰa̠ɾin]	[sʰa̠ɾin]	谋杀 (法律与政府)
강도	[ˈka̠(ː)ŋdo̞]	[ˈka̠(ː)ŋdo̞]	抢劫 (法律与政府)
폭행	[pʰo̞kʰɛŋ]	[pʰo̞kʰɛŋ]	攻击 (法律与政府)
합의	[ha̠bɰi]	[ha̠bɰi]	协议 (法律与政府)
대사	[ˈtɛ(ː)sʰa̠]	[ˈtɛ(ː)sʰa̠]	大使 (法律与政府)
대사관	[ˈtɛ(ː)sʰa̠ɡwa̠n]	[ˈtɛ(ː)sʰa̠ɡwa̠n]	大使馆 (法律与政府)
국적	[kuk̚t͡ɕ͈ʌ̹k̚]	[kuk̚t͡ɕ͈ʌ̹k̚]	国籍 (法律与政府)
공무원	[ko̞ŋmuwʌ̹n]	[ko̞ŋmuwʌ̹n]	公务员 (法律与政府)
규정	[kjud͡ʑʌ̹ŋ]	[kjud͡ʑʌ̹ŋ]	法规 (法律与政府)
유약	[juja̠k̚]	[juja̠k̚]	釉料 (艺术与设计)
판화	anw	anw	版画 (艺术与设计)
에칭	chepit	chepit	蚀刻 (艺术与设计)
석판화	ngokanw	ngokanw	光固化成型技术 (艺术与设计)
목판화	mukanw	mukanw	木版画 (艺术与设计)
단청	[ta̠ɲt͡ɕʰʌ̹ŋ]	[ta̠ɲt͡ɕʰʌ̹ŋ]	丹青 (艺术与设计)
타이포그래피	[tʰa̠ipʰo̞ɡɯɾɛpʰi]	[tʰa̠ipʰo̞ɡɯɾɛpʰi]	排版 (艺术与设计)
애니메이션	[ɛnime̞iɕʰʌ̹n]	[ɛnime̞iɕʰʌ̹n]	动画 (艺术与设计)
구성	[kusʰʌ̹ŋ]	[kusʰʌ̹ŋ]	构图 (艺术与设计)
원근법	chenkenpong	chenkenpong	透视 (艺术与设计)
대비	[tɛbi]	[tɛbi]	对比 (艺术与设计)
질감	kimkang	kimkang	纹理 (艺术与设计)
사실주의	ngangimkichy	ngangimkichy	写实主义 (艺术与设计)
인상주의	chinngatkichy	chinngatkichy	印象派 (艺术与设计)
미니멀리즘	minimomrikeng	minimomrikeng	极简主义 (艺术与设计)
초현실주의	puyonngimkichy	puyonngimkichy	超现实主义 (艺术与设计)
아방가르드	chapatkarete	chapatkarete	前卫艺术 (艺术与设计)
르네상스	[ɾɯne̞s͈a̠ŋs͈ɯ]	[ɾɯne̞s͈a̠ŋs͈ɯ]	文艺复兴 (艺术与设计)
바로크	paruhe	paruhe	巴洛克 (艺术与设计)
직조	kikku	kikku	织入 (艺术与设计)
큐레이터	hwrechio	hwrechio	保管人 (艺术与设计)
미술사	[ˈmi(ː)sʰuɭs͈a̠]	[ˈmi(ː)sʰuɭs͈a̠]	艺术史 (艺术与设计)
포트폴리오	[pʰo̞tʰɯpʰo̞ʎʎio̞]	[pʰo̞tʰɯpʰo̞ʎʎio̞]	投资组合 (艺术设计)
의뢰	[ɰiɾwe̞]	[ɰiɾwe̞]	佣金 (艺术设计)
수집가	ngikingka	ngikingka	托收人 (艺术设计)
후원	[ɸʷuwʌ̹n]	[ɸʷuwʌ̹n]	庇护 (艺术设计)
무교	miky	miky	萨满教 (宗教)
대성당	[ˈtɛ(ː)sʰʌ̹ŋda̠ŋ]	[ˈtɛ(ː)sʰʌ̹ŋda̠ŋ]	大教堂 (宗教)
모스크	[mo̞sʰɯkxɯ]	[mo̞sʰɯkxɯ]	清真寺 (宗教)
신사	[ˈɕʰi(ː)nsʰa̠]	[ˈɕʰi(ː)nsʰa̠]	神殿 (宗教)
제단	[ˈt͡ɕe̞(ː)da̠n]	[ˈt͡ɕe̞(ː)da̠n]	祭坛 (宗教)
설교	[sʰʌ̹ɭɡjo]	[sʰʌ̹ɭɡjo]	布道 (宗教)
경전	[kjʌ̹ŋd͡ʑʌ̹n]	[kjʌ̹ŋd͡ʑʌ̹n]	宗教经典 (宗教)
꾸란	[k͈uɾa̠n]	[k͈uɾa̠n]	古兰经 (宗教)
불경	[puɭɡjʌ̹ŋ]	[puɭɡjʌ̹ŋ]	佛经 (宗教)
목사님	[mo̞ks͈a̠nim]	[mo̞ks͈a̠nim]	上人 (宗教)
주교	[t͡ɕuɡjo]	[t͡ɕuɡjo]	主教 (宗教)
교황	[ˈkjo(ː)βwa̠ŋ]	[ˈkjo(ː)βwa̠ŋ]	教宗 (宗教)
교중	kykit	kykit	会众 (宗教)
신	[ɕʰin]	[ɕʰin]	神祇 (宗教)
영혼	[jʌ̹ŋβo̞n]	[jʌ̹ŋβo̞n]	灵魂 (宗教)
혼	[ɸʷo̞n]	[ɸʷo̞n]	灵魂 (宗教)
내세	[ˈnɛ(ː)sʰe̞]	[ˈnɛ(ː)sʰe̞]	来世 (宗教)
업	[ʌ̹p̚]	[ʌ̹p̚]	业力 (宗教)
열반	[jʌ̹ɭba̠n]	[jʌ̹ɭba̠n]	涅槃 (宗教)
깨달음	[k͈ɛda̠ɾɯm]	[k͈ɛda̠ɾɯm]	觉悟 (宗教)
염불	[jʌ̹mbuɭ]	[jʌ̹mbuɭ]	诵经 (宗教)
의식	[ˈɰi(ː)ɕʰik̚]	[ˈɰi(ː)ɕʰik̚]	仪式 (宗教)
순례	[sʰuʎʎe̞]	[sʰuʎʎe̞]	朝圣 (宗教)
세례	[ˈsʰe̞(ː)ɾje̞]	[ˈsʰe̞(ː)ɾje̞]	洗礼 (宗教)
성찬	[ˈsʰɘ(ː)ŋt͡ɕʰa̠n]	[ˈsʰɘ(ː)ŋt͡ɕʰa̠n]	圣餐 (宗教)
견진	kyonkin	kyonkin	坚信礼 (宗教)
무당	[ˈmu(ː)da̠ŋ]	[ˈmu(ː)da̠ŋ]	巫师 (宗教)
운세	[unsʰe̞]	[unsʰe̞]	星座 (宗教)
부적	[ˈpu(ː)d͡ʑʌ̹k̚]	[ˈpu(ː)d͡ʑʌ̹k̚]	护身符 (宗教)
성수	[ˈsʰɘ(ː)ŋsʰu]	[ˈsʰɘ(ː)ŋsʰu]	圣水 (宗教)
묵주	[muk̚t͡ɕ͈u]	[muk̚t͡ɕ͈u]	念珠 (宗教)
염주	[ˈjɘ(ː)md͡ʑu]	[ˈjɘ(ː)md͡ʑu]	佛珠 (宗教)
부활절	[ˈpu(ː)βwa̠ʎt͡ɕ͈ʌ̹ɭ]	[ˈpu(ː)βwa̠ʎt͡ɕ͈ʌ̹ɭ]	复活节 (宗教)
라마단	ramatan	ramatan	斋戒月 (宗教)
이드	chite	chite	开斋节 (宗教)
무신론자	[muɕʰiɭɭo̞ɲd͡ʑa̠]	[muɕʰiɭɭo̞ɲd͡ʑa̠]	无神论者 (宗教)
세속적	[ˈsʰe̞(ː)sʰo̞k̚t͡ɕ͈ʌ̹k̚]	[ˈsʰe̞(ː)sʰo̞k̚t͡ɕ͈ʌ̹k̚]	世俗的 (宗教)
십일조	ngingchimku	ngingchimku	什一奉献 (宗教)
헌금	[ˈhɘ(ː)nɡɯm]	[ˈhɘ(ː)nɡɯm]	捐款给教会 (宗教)
주일학교	kichimakky	kichimakky	主日学 (宗教)
수묵화	ngimikw	ngimikw	水墨画 (艺术与设计)
분청사기	pinpotngaki	pinpotngaki	粉青瓷 (艺术与设计)
백자	pekka	pekka	白瓷 (艺术与设计)
풍경	[pʰuŋɡjʌ̹ŋ]	[pʰuŋɡjʌ̹ŋ]	风景画 (艺术与设计)
부조	piku	piku	浮雕 (艺术与设计)
석조	ngokku	ngokku	石雕 (艺术与设计)
목조	[mo̞k̚t͡ɕ͈o̞]	[mo̞k̚t͡ɕ͈o̞]	木雕 (艺术与设计)
이자율	chikachwm	chikachwm	利率 (金融与银行)
대출	[ˈtɛ(ː)t͡ɕʰuɭ]	[ˈtɛ(ː)t͡ɕʰuɭ]	贷款 (金融与银行)
신용	[ˈɕʰi(ː)ɲoŋ]	[ˈɕʰi(ː)ɲoŋ]	信用 (金融与银行)
직불	kikpim	kikpim	扣帐 (金融与银行)
환율	[ˈɸwa̠(ː)ɲuɭ]	[ˈɸwa̠(ː)ɲuɭ]	汇率 (金融与银行)
외화	[ˈwe̞(ː)βwa̠]	[ˈwe̞(ː)βwa̠]	外币 (金融与银行)
유로	[juɾo̞]	[juɾo̞]	欧元 (金融与银行)
엔	[e̞n]	[e̞n]	日圆 (金融与银行)
주식	[t͡ɕuɕʰik̚]	[t͡ɕuɕʰik̚]	股票 (金融与银行)
배당금	[ˈpɛ(ː)da̠ŋɡɯm]	[ˈpɛ(ː)da̠ŋɡɯm]	股息 (金融与银行)
펀드	[pʰʌ̹ndɯ]	[pʰʌ̹ndɯ]	基金 (金融与银行)
자산	[t͡ɕa̠sʰa̠n]	[t͡ɕa̠sʰa̠n]	资产 (金融与银行)
부채	[put͡ɕʰɛ]	[put͡ɕʰɛ]	负债 (金融与银行)
소득세	nguteknge	nguteknge	所得税 (金融与银行)
임금	[ˈi(ː)mɡɯm]	[ˈi(ː)mɡɯm]	工资 (金融与银行)
빚	[pit̚]	[pit̚]	债务 (金融与银行)
인플레이션	[inpʰɯɭɭe̞iɕʰʌ̹n]	[inpʰɯɭɭe̞iɕʰʌ̹n]	通货膨胀 (金融与银行)
페이팔	echiam	echiam	贝宝（PayPal） (金融银行)
무함마드	[muɦa̠mma̠dɯ]	[muɦa̠mma̠dɯ]	穆罕默德 (宗教)
공자	[ko̞ŋd͡ʑa̠]	[ko̞ŋd͡ʑa̠]	孔子 (宗教)
거룩한	korikan	korikan	神圣 (宗教)
죄	[t͡ɕwe̞(ː)]	[t͡ɕwe̞(ː)]	罪 (joe) (宗教)
구원	[ˈku(ː)wʌ̹n]	[ˈku(ː)wʌ̹n]	救赎 (guseok) (宗教)
은혜	[ɯnʝe̞]	[ɯnʝe̞]	恩典 (eunhye) (宗教)
회개	[ˈɸwe̞(ː)ɡɛ]	[ˈɸwe̞(ː)ɡɛ]	悔改 (hoekai) (宗教)
부활	[ˈpu(ː)βwa̠ɭ]	[ˈpu(ː)βwa̠ɭ]	复活 (hubok) (宗教)
이유	[ˈi(ː)ju]	[ˈi(ː)ju]	断奶 (育儿与家庭生活)
훈육	inchwk	inchwk	管教 (育儿与家庭生活)
오페어	chuecho	chuecho	互惠生 (育儿与家庭生活)
한부모	anpimu	anpimu	单亲家长 (育儿与家庭生活)
입양	[ibja̠ŋ]	[ibja̠ŋ]	韩国的收养 (育儿与家庭生活)
돌	[to̞(ː)ɭ]	[to̞(ː)ɭ]	周岁宴 (Dol) (亲子与家庭生活)
성인식	ngotchinngik	ngotchinngik	成年礼 (亲子与家庭生活)
재산세	kengannge	kengannge	财产税 (金融与银行)
신용점수	nginchytkongngi	nginchytkongngi	信用评分 (金融与银行)
구조	[kud͡ʑo̞]	[kud͡ʑo̞]	结构 (建筑)
평면도	yotmyontu	yotmyontu	平面图 (建筑)
설계도	[sʰʌ̹ɭɡje̞do̞]	[sʰʌ̹ɭɡje̞do̞]	蓝图 (建筑)
기와	[kiwa̠]	[kiwa̠]	屋瓦 (建筑)
기둥	[kiduŋ]	[kiduŋ]	柱子 (建筑)
보	[po̞]	[po̞]	梁 (建筑)
복원	[po̞ɡwʌ̹n]	[po̞ɡwʌ̹n]	修复 (建筑)
등대	[tɯŋdɛ]	[tɯŋdɛ]	【11】蓝方基地 (建筑)
탑	[tʰa̠p̚]	[tʰa̠p̚]	塔 (建筑)
조경	[t͡ɕo̞ɡjʌ̹ŋ]	[t͡ɕo̞ɡjʌ̹ŋ]	景观结构 (建筑)
간판	[ka̠npʰa̠n]	[ka̠npʰa̠n]	标牌 (建筑)
철거	[t͡ɕʰʌ̹ɭɡʌ̹]	[t͡ɕʰʌ̹ɭɡʌ̹]	拆除 (建筑)
비계	[piɡje̞]	[piɡje̞]	鹰架 (建筑)
가설	[ˈka̠(ː)sʰʌ̹ɭ]	[ˈka̠(ː)sʰʌ̹ɭ]	假设 (科学与研究)
이론	[ˈi(ː)ɾo̞n]	[ˈi(ː)ɾo̞n]	理论 (科学与研究)
분석	[punsʰʌ̹k̚]	[punsʰʌ̹k̚]	分析 (科学与研究)
관찰	[kwa̠ɲt͡ɕʰa̠ɭ]	[kwa̠ɲt͡ɕʰa̠ɭ]	观察 (科学与研究)
주기율표	[t͡ɕuɡijuɭpʰjo]	[t͡ɕuɡijuɭpʰjo]	周期表 (科学与研究)
원소	[wʌ̹nsʰo̞]	[wʌ̹nsʰo̞]	元素 (科学与研究)
원자	[wʌ̹ɲd͡ʑa̠]	[wʌ̹ɲd͡ʑa̠]	原子 (科学与研究)
분자	[puɲd͡ʑa̠]	[puɲd͡ʑa̠]	分子 (科学与研究)
유전자	[jud͡ʑʌ̹ɲd͡ʑa̠]	[jud͡ʑʌ̹ɲd͡ʑa̠]	基因 (科学与研究)
염색체	[ˈjɘ(ː)msʰɛk̚t͡ɕʰe̞]	[ˈjɘ(ː)msʰɛk̚t͡ɕʰe̞]	染色体 (科学与研究)
진화	[ˈt͡ɕi(ː)nβwa̠]	[ˈt͡ɕi(ː)nβwa̠]	演化 (科学与研究)
지질학	[t͡ɕid͡ʑiɾɦa̠k̚]	[t͡ɕid͡ʑiɾɦa̠k̚]	地质学 (科学与研究)
심리학	[ɕʰimniɦa̠k̚]	[ɕʰimniɦa̠k̚]	心理学 (科学与研究)
사회학	[sʰa̠βwe̞ɦa̠k̚]	[sʰa̠βwe̞ɦa̠k̚]	社会学 (科学与研究)
컴퓨터과학	hongwokwak	hongwokwak	计算机科学 (科学与研究)
출판	[t͡ɕʰuɭpʰa̠n]	[t͡ɕʰuɭpʰa̠n]	出版 (科学与研究)
학술지	akngimki	akngimki	期刊 (科学与研究)
인용	[iɲoŋ]	[iɲoŋ]	引用 (科学与研究)
노벨상	[no̞be̞ɭsʰa̠ŋ]	[no̞be̞ɭsʰa̠ŋ]	诺贝尔奖 (科学与研究)
보조금	pukukeng	pukukeng	补助金 (科学与研究)
자금	[t͡ɕa̠ɡɯm]	[t͡ɕa̠ɡɯm]	资金 (科学与研究)
박사학위	pakngaakche	pakngaakche	博士学位 (科学与研究)
조사	[t͡ɕo̞sʰa̠]	[t͡ɕo̞sʰa̠]	调查 (科学研究)
설문지	[sʰʌ̹ɭmuɲd͡ʑi]	[sʰʌ̹ɭmuɲd͡ʑi]	调查问卷 (科学研究)
모델	[mo̞de̞ɭ]	[mo̞de̞ɭ]	型号 (科学研究)
로켓	[ɾo̞kʰe̞t̚]	[ɾo̞kʰe̞t̚]	火箭 (科学研究)
천문대	[t͡ɕʰʌ̹nmundɛ]	[t͡ɕʰʌ̹nmundɛ]	天文台 (科学研究)
자존감	[t͡ɕa̠d͡ʑo̞nɡa̠m]	[t͡ɕa̠d͡ʑo̞nɡa̠m]	自尊 (育儿与家庭生活)
책임감	[t͡ɕʰɛɡimɡa̠m]	[t͡ɕʰɛɡimɡa̠m]	责任感 (育儿与家庭生活)
연구팀	chyonkiing	chyonkiing	研究团队 (科学与研究)
오피스텔	[o̞pʰisʰɯtʰe̞ɭ]	[o̞pʰisʰɯtʰe̞ɭ]	Officetel (建筑)
콘서트홀	hunngoeum	hunngoeum	音乐厅 (建筑)
정기예금	kotkichyekeng	kotkichyekeng	定期存款 (金融与银行)
송금	[sʰo̞ŋɡɯm]	[sʰo̞ŋɡɯm]	汇款 (金融与银行)
기자회견	[kid͡ʑa̠βwe̞ɡjʌ̹n]	[kid͡ʑa̠βwe̞ɡjʌ̹n]	记者会 (媒体与新闻)
사설	[sʰa̠sʰʌ̹ɭ]	[sʰa̠sʰʌ̹ɭ]	社论 (媒体与新闻)
특종	ekkut	ekkut	独家新闻 (媒体与新闻)
타블로이드	apemruchite	apemruchite	小报 (媒体与新闻)
팩트체크	ekepehe	ekepehe	事实查核 (媒体与新闻)
생중계	[sʰɛŋd͡ʑuŋɡje̞]	[sʰɛŋd͡ʑuŋɡje̞]	现场直播 (媒体与新闻)
시청률	[ˈɕʰi(ː)t͡ɕʰʌ̹ŋɲuɭ]	[ˈɕʰi(ː)t͡ɕʰʌ̹ŋɲuɭ]	收视率 (媒体与新闻)
파파라치	[pʰa̠pʰa̠ɾa̠t͡ɕʰi]	[pʰa̠pʰa̠ɾa̠t͡ɕʰi]	狗仔队 (媒体与新闻)
뉴스룸	nwngering	nwngering	新闻编辑室 (媒体与新闻学)
정보원	[t͡ɕʌ̹ŋbo̞wʌ̹n]	[t͡ɕʌ̹ŋbo̞wʌ̹n]	新闻来源 (媒体与新闻学)
해설	[ˈhɛ(ː)sʰʌ̹ɭ]	[ˈhɛ(ː)sʰʌ̹ɭ]	评论 (媒体与新闻学)
언론사	chonrunnga	chonrunnga	媒体机构 (媒体与新闻学)
객관성	kekkwnngot	kekkwnngot	客观性 (媒体与新闻学)
편집장	[pʰjʌ̹ɲd͡ʑip̚t͡ɕ͈a̠ŋ]	[pʰjʌ̹ɲd͡ʑip̚t͡ɕ͈a̠ŋ]	总编辑 (媒体与新闻学)
특파원	[tʰɯk̚pʰa̠wʌ̹n]	[tʰɯk̚pʰa̠wʌ̹n]	特派记者 (媒体与新闻学)
기자증	kikaket	kikaket	记者证 (媒体与新闻学)
독자층	tukkapet	tukkapet	读者群 (媒体与新闻学)
인포그래픽	chinukereik	chinukereik	信息图 (媒体与新闻学)
클릭률	hemrikrwm	hemrikrwm	点击率 (媒体与新闻学)
단독	tantuk	tantuk	专属 (媒体与新闻学)
여론	[ˈjɘ(ː)ɾo̞n]	[ˈjɘ(ː)ɾo̞n]	舆 论 (媒体与新闻学)
페이지뷰	echikipw	echikipw	页面视图 (媒体与新闻学)
기자단	[kid͡ʑa̠da̠n]	[kid͡ʑa̠da̠n]	记者团 (媒体与新闻学)
풍자	[pʰuŋd͡ʑa̠]	[pʰuŋd͡ʑa̠]	讽刺 (媒体与新闻学)
여론조사	chyorunkunga	chyorunkunga	观点投票 (媒体与新闻学)
취재석	pekengok	pekengok	采访席 (媒体与新闻业)
대변인	[ˈtɛ(ː)bjʌ̹nin]	[ˈtɛ(ː)bjʌ̹nin]	发言人 (媒体与新闻业)
삼계탕	[sʰa̠mɡje̞tʰa̠ŋ]	[sʰa̠mɡje̞tʰa̠ŋ]	参鸡汤(Samgyetang) (韩式饮食)
부침개	[put͡ɕʰimɡɛ]	[put͡ɕʰimɡɛ]	韩式煎饼(Buchimgae) (韩式饮食)
쌈장	[s͈a̠md͡ʑa̠ŋ]	[s͈a̠md͡ʑa̠ŋ]	包饭酱 (韩国美食与餐饮)
호박죽	[ˈɸʷo̞(ː)ba̠k̚t͡ɕ͈uk̚]	[ˈɸʷo̞(ː)ba̠k̚t͡ɕ͈uk̚]	南瓜粥 (韩国美食与餐饮)
안주	[a̠ɲd͡ʑu]	[a̠ɲd͡ʑu]	下酒菜 (韩国美食与餐饮)
백김치	pekkingpi	pekkingpi	白泡菜 (韩国美食与餐饮)
해장국	[ˈhɛ(ː)d͡ʑa̠ŋɡuk̚]	[ˈhɛ(ː)d͡ʑa̠ŋɡuk̚]	醒酒汤 (韩国美食与餐饮)
누룽지	[nuɾuŋd͡ʑi]	[nuɾuŋd͡ʑi]	锅巴 (韩国美食与餐饮)
동치미	[to̞ŋt͡ɕʰimi]	[to̞ŋt͡ɕʰimi]	萝卜水泡菜 (韩国美食与餐饮)
오이소박이	chuchingupakchi	chuchingupakchi	黄瓜泡菜 (韩国美食与餐饮)
빈대떡	[pindɛt͈ʌ̹k̚]	[pindɛt͈ʌ̹k̚]	绿豆煎饼 (韩国美食与餐饮)
돌솥비빔밥	tumngupipingpang	tumngupipingpang	石锅拌饭 (Dolsot Bibimbap) (韩国饮食)
닭볶음탕	[ta̠k̚p͈o̞k͈ɯmtʰa̠ŋ]	[ta̠k̚p͈o̞k͈ɯmtʰa̠ŋ]	辣炖鸡 (Dak Bokkeum Tang) (韩国饮食)
갈치조림	kampikuring	kampikuring	炖带鱼 (Galchi Jorim) (韩国饮食)
막국수	makkikngi	makkikngi	荞麦面 (Makguksu) (韩国饮食)
멸치볶음	myompipukcheng	myompipukcheng	炒小鱼干 (Myeolchi Bokkeum) (韩国饮食)
순대국	ngintekik	ngintekik	米肠汤 (Sundaeguk) (韩国饮食)
겉절이	[kʌ̹t̚t͡ɕ͈ʌ̹ɾi]	[kʌ̹t̚t͡ɕ͈ʌ̹ɾi]	鲜拌泡菜 (Geotjeori) (韩国饮食)
조림	[t͡ɕo̞ɾim]	[t͡ɕo̞ɾim]	炖煮 (Jorim) (韩国饮食)
무침	[mut͡ɕʰim]	[mut͡ɕʰim]	拌菜 (Muchim) (韩国饮食)
깍두기	[k͈a̠k̚t͈uɡi]	[k͈a̠k̚t͈uɡi]	块状萝卜泡菜 (Kkakdugi) (韩国饮食)
닭죽	talkik	talkik	鸡肉粥 (Dakjuk) (韩国饮食)
간장구이	kankatkichi	kankatkichi	Ganjang Gui (韩国饮食文化)
호박전	upakkon	upakkon	Hobak Jeon (韩国饮食文化)
돼지국밥	twekikikpang	twekikikpang	Dwaeji Gukbap (韩国饮食文化)
칼국수	[kʰa̠ɭɡuks͈u]	[kʰa̠ɭɡuks͈u]	Kalguksu (韩国饮食文化)
부추전	pipikon	pipikon	Buchu Jeon (韩国饮食文化)
회	[ɸwe̞]	[ɸwe̞]	锄头 (韩国饮食文化)
순대볶음	ngintepukcheng	ngintepukcheng	Sundae Bokkeum (韩国饮食文化)
메밀국수	memimkikngi	memimkikngi	荞麦面 (韩国饮食文化)
닭도리탕	[ta̠k̚t͈o̞ɾitʰa̠ŋ]	[ta̠k̚t͈o̞ɾitʰa̠ŋ]	Dakdoritang (韩国饮食文化)
육포	chwku	chwku	Yukpo (韩国饮食文化)
도토리묵	[to̞tʰo̞ɾimuk̚]	[to̞tʰo̞ɾimuk̚]	Dotorimuk (韩国饮食文化)
곰탕	[ko̞mtʰa̠ŋ]	[ko̞mtʰa̠ŋ]	Gomtang (韩国饮食文化)
수육	ngichwk	ngichwk	Suyuk (韩国饮食文化)
액젓	chekkot	chekkot	鳀鱼酱 (韩国饮食文化)
포장마차	[pʰo̞d͡ʑa̠ŋma̠t͡ɕʰa̠]	[pʰo̞d͡ʑa̠ŋma̠t͡ɕʰa̠]	路边摊 (韩国饮食文化)
장아찌	[t͡ɕa̠ŋa̠t͡ɕ͈i]	[t͡ɕa̠ŋa̠t͡ɕ͈i]	酱渍菜 (韩国饮食文化)
오징어볶음	chukitchopukcheng	chukitchopukcheng	辣炒鱿鱼 (韩国饮食文化)
미숫가루	[misʰut̚k͈a̠ɾu]	[misʰut̚k͈a̠ɾu]	谷粉饮 (韩国饮食文化)
소갈비	ngukampi	ngukampi	韩式烤排骨 (韩国饮食文化)
닭볶음	talpukcheng	talpukcheng	辣炖鸡 (韩国饮食文化)
도토리묵무침	tuurimikmiping	tuurimikmiping	橡子冻 (韩国饮食文化)
콩자반	[kʰo̞ŋd͡ʑa̠ba̠n]	[kʰo̞ŋd͡ʑa̠ba̠n]	炖黑豆 (韩国饮食文化)
무생채	mingetpe	mingetpe	凉拌萝卜丝 (韩国饮食文化)
쟁반국수	ketpankikngi	ketpankikngi	盘子冷面 (韩国饮食文化)
마음챙김	machengpetking	machengpetking	正念 (心理健康与身心保健)
트라우마	erachima	erachima	创伤 (心理健康与保健)
공황발작	kutwtpamkak	kutwtpamkak	恐慌攻击 (心理健康与保健)
심리학자	[ɕʰimniɦa̠k̚t͡ɕ͈a̠]	[ɕʰimniɦa̠k̚t͡ɕ͈a̠]	心理学家 (心理健康与保健)
슬픔	[sʰɯɭpʰɯm]	[sʰɯɭpʰɯm]	丧恸 (心理健康与保健)
공포증	[ˈko̞(ː)ŋpʰo̞t͡ɕ͈ɯŋ]	[ˈko̞(ː)ŋpʰo̞t͡ɕ͈ɯŋ]	恐惧症 (心理健康与保健)
중독	[t͡ɕuŋdo̞k̚]	[t͡ɕuŋdo̞k̚]	瘾症 (心理健康与保健)
심리치료	ngingripiry	ngingripiry	心理治疗 (心理健康与保健)
수용	ngichyt	ngichyt	接纳 (心理健康与保健)
완벽주의	chwnpyokkichy	chwnpyokkichy	完美主义 (心理健康与保健)
신체상	nginpengat	nginpengat	身体意象 (心理健康与保健)
수치심	[sʰut͡ɕʰiɕʰim]	[sʰut͡ɕʰiɕʰim]	羞耻 (心理健康与保健)
죄책감	[ˈt͡ɕwe̞(ː)t͡ɕʰɛk̚k͈a̠m]	[ˈt͡ɕwe̞(ː)t͡ɕʰɛk̚k͈a̠m]	罪恶感 (心理健康与保健)
팬사이트	enngachie	enngachie	站姐网站 (韩国流行文化)
대상	[tɛsʰa̠ŋ]	[tɛsʰa̠ŋ]	大赏 (韩国流行文化)
티저	iko	iko	预告片 (韩国流行文化)
얼짱	[ʌ̹ʎt͡ɕ͈a̠ŋ]	[ʌ̹ʎt͡ɕ͈a̠ŋ]	脸赞 (韩国流行文化)
비주얼	[pid͡ʑuʌ̹ɭ]	[pid͡ʑuʌ̹ɭ]	门面 (韩国流行文化)
스탠	ngeen	ngeen	狂粉 (韩国流行文化)
활동	[ɸwa̠ɭt͈o̞ŋ]	[ɸwa̠ɭt͈o̞ŋ]	宣传期 (韩国流行文化)
셋리스트	ngetringee	ngetringee	歌单 (韩国流行文化)
직캠	[t͡ɕik̚kʰɛm]	[t͡ɕik̚kʰɛm]	饭拍 (韩国流行文化)
팬픽	[pʰɛnpʰik̚]	[pʰɛnpʰik̚]	粉丝小说 (韩国流行文化)
중성화	kitngotw	kitngotw	结扎 (宠物照护与动物)
마이크로칩	machiheruping	machiheruping	微芯 (宠物照护与动物)
팬사인회	enngachinwi	enngachinwi	粉丝签名会 (韩国流行文化)
유닛	chwnit	chwnit	小分队 (韩国流行文化)
사생활	[sʰa̠sʰɛŋβwa̠ɭ]	[sʰa̠sʰɛŋβwa̠ɭ]	私人生活 (韩国流行文化)
구충제	kipitke	kipitke	驱虫治疗 (宠物照护与动物)
안내견	channekyon	channekyon	服务犬 (宠物照护与动物)
패치	[pʰɛt͡ɕʰi]	[pʰɛt͡ɕʰi]	游戏更新档 (游戏与电竞)
길드	kimte	kimte	公会 (游戏与电竞)
전략	[ˈt͡ɕɘ(ː)ʎʎa̠k̚]	[ˈt͡ɕɘ(ː)ʎʎa̠k̚]	游戏策略 (游戏与电竞)
빌런	[piɭɭʌ̹n]	[piɭɭʌ̹n]	恶意玩家 (游戏与电竞)
리플레이	[ɾipʰɯɭɭe̞i]	[ɾipʰɯɭɭe̞i]	重播 (游戏与电竞)
정글	[t͡ɕʌ̹ŋɡɯɭ]	[t͡ɕʌ̹ŋɡɯɭ]	打野位 (游戏与电竞)
노가다	[no̞ɡa̠da̠]	[no̞ɡa̠da̠]	农怪 (游戏与电竞)
너프	noe	noe	削弱 (游戏与电竞)
확장팩	wkkatek	wkkatek	游戏扩充内容 (游戏与电竞)
롤챔스	rumpengnge	rumpengnge	LCK (英雄联盟冠军赛) (游戏与电竞)
쿨타임	himaching	himaching	冷却时间 (游戏与电竞)
초반	[t͡ɕʰo̞ba̠n]	[t͡ɕʰo̞ba̠n]	游戏前期 (游戏与电竞)
후반	[ˈɸʷu(ː)ba̠n]	[ˈɸʷu(ː)ba̠n]	游戏后期 (游戏与电竞)
기생	[ˈki(ː)sʰɛŋ]	[ˈki(ː)sʰɛŋ]	妓生 (文化)
판소리	[pʰa̠ns͈o̞ɾi]	[pʰa̠ns͈o̞ɾi]	盘索里 (文化)
사물놀이	[sʰa̠muɭɭo̞ɾi]	[sʰa̠muɭɭo̞ɾi]	四物农乐 (文化)
정	[t͡ɕʌ̹ŋ]	[t͡ɕʌ̹ŋ]	情（深厚的情感连结） (文化)
눈치	[nuɲt͡ɕʰi]	[nuɲt͡ɕʰi]	眼色（社交意识） (文化)
국악	[kuɡa̠k̚]	[kuɡa̠k̚]	传统音乐 (文化)
교육과정	kychwkkwkot	kychwkkwkot	课程大纲 (教育)
논문	[no̞nmun]	[no̞nmun]	论文 (教育)
학위논문	akchenunmin	akchenunmin	学位论文 (教育)
수능	[sʰunɯŋ]	[sʰunɯŋ]	大学修业能力测验 (教育)
학생회	[ha̠ks͈ɛŋβwe̞]	[ha̠ks͈ɛŋβwe̞]	学生会 (教育)
희망차다	ymatpata	ymatpata	充满希望 (情感)
황홀하다	wtumata	wtumata	狂喜 (情绪)
원망하다	[ˈwɘ(ː)nma̠ŋɦa̠da̠]	[ˈwɘ(ː)nma̠ŋɦa̠da̠]	怨恨 (情绪)
무관심하다	[muɡwa̠nɕʰimɦa̠da̠]	[muɡwa̠nɕʰimɦa̠da̠]	冷漠 (情绪)
공허하다	[ko̞ŋɦʌ̹ɦa̠da̠]	[ko̞ŋɦʌ̹ɦa̠da̠]	空虚 (情绪)
간절하다	kankomata	kankomata	渴望 (情绪)
의기양양하다	chykichyatchyatata	chykichyatchyatata	兴高采烈 (情绪)
뭉클하다	[muŋkxɯɾɦa̠da̠]	[muŋkxɯɾɦa̠da̠]	移动 (情感)
분노하다	pinnuata	pinnuata	愤怒 (情感)
격분하다	kyokpinata	kyokpinata	激怒 (情感)
경악하다	[kjʌ̹ŋa̠kʰa̠da̠]	[kjʌ̹ŋa̠kʰa̠da̠]	恐惧 (情感)
결연하다	kyomchyonata	kyomchyonata	决心 (情感)
침착하다	[t͡ɕʰimt͡ɕʰa̠kʰa̠da̠]	[t͡ɕʰimt͡ɕʰa̠kʰa̠da̠]	组成 (情感)
달콤씁쓸하다	tamhungcengcemata	tamhungcengcemata	痛快乐 (情感)
아련하다	[a̠ɾjʌ̹nɦa̠da̠]	[a̠ɾjʌ̹nɦa̠da̠]	渴望的 (情感)
갈망하다	[ka̠ɭma̠ŋɦa̠da̠]	[ka̠ɭma̠ŋɦa̠da̠]	渴望 (动词)
증오하다	ketchuata	ketchuata	憎恨 (情绪)
사생팬	[sʰa̠sʰɛŋpʰɛn]	[sʰa̠sʰɛŋpʰɛn]	Sasaeng (文化)
성형수술	ngotyotngingim	ngotyotngingim	整形手术 (文化)
재벌	[t͡ɕɛbʌ̹ɭ]	[t͡ɕɛbʌ̹ɭ]	财阀 (文化)
무감각한	mikangkakan	mikangkakan	麻木 (情绪)
간장게장	[ka̠ɲd͡ʑa̠ŋɡe̞(ː)d͡ʑa̠ŋ]	[ka̠ɲd͡ʑa̠ŋɡe̞(ː)d͡ʑa̠ŋ]	花生酱 (食物)
이슬비	[isʰɯɭbi]	[isʰɯɭbi]	毛毛雨 (自然)
할부	[ha̠ɭbu]	[ha̠ɭbu]	分期付款 (购物)
탈춤	[ˈtʰa̠(ː)ʎt͡ɕʰum]	[ˈtʰa̠(ː)ʎt͡ɕʰum]	假面舞 (文化)
택견	[tʰɛk̚k͈jʌ̹n]	[tʰɛk̚k͈jʌ̹n]	跆拳 (文化)
갈대밭	kamtepa	kamtepa	芦苇田 (自然)
한지	anki	anki	韩纸 (文化)
현무암	[çʌ̹nmua̠m]	[çʌ̹nmua̠m]	熔岩石 (自然)
빙하	[piŋɦa̠]	[piŋɦa̠]	冰川 (自然)
관세	[kwa̠nsʰe̞]	[kwa̠nsʰe̞]	关税 (购物)
바다코끼리	[pa̠da̠kʰo̞k͈iɾi]	[pa̠da̠kʰo̞k͈iɾi]	海象 (动物)
코뿔소	[kʰo̞p͈uɭs͈o̞]	[kʰo̞p͈uɭs͈o̞]	犀牛 (动物)
하마	[ha̠ma̠]	[ha̠ma̠]	河马 (动物)
재규어	[t͡ɕɛɡjuʌ̹]	[t͡ɕɛɡjuʌ̹]	美洲豹 (动物)
하이에나	[ha̠ie̞na̠]	[ha̠ie̞na̠]	鬣狗 (动物)
미어캣	[miʌ̹kʰɛt̚]	[miʌ̹kʰɛt̚]	狐獴 (动物)
아르마딜로	[a̠ɾɯma̠diɭɭo̞]	[a̠ɾɯma̠diɭɭo̞]	犰狳 (动物)
오리너구리	[ˈo̞(ː)ɾinʌ̹ɡuɾi]	[ˈo̞(ː)ɾinʌ̹ɡuɾi]	鸭嘴兽 (动物)
날다람쥐	namtarangke	namtarangke	飞鼠 (动物)
황새	[ˈɸwa̠(ː)ŋsʰɛ]	[ˈɸwa̠(ː)ŋsʰɛ]	鹳 (动物)
동공	[ˈto̞(ː)ŋɡo̞ŋ]	[ˈto̞(ː)ŋɡo̞ŋ]	瞳孔 (身体部位)
정맥	[t͡ɕʌ̹ŋmɛk̚]	[t͡ɕʌ̹ŋmɛk̚]	静脉 (身体部位)
신경	[ɕʰinɡjʌ̹ŋ]	[ɕʰinɡjʌ̹ŋ]	神经 (身体部位)
힘줄	[çimt͡ɕ͈uɭ]	[çimt͡ɕ͈uɭ]	肌腱 (身体部位)
골격	[ko̞ɭɡjʌ̹k̚]	[ko̞ɭɡjʌ̹k̚]	骨架 (身体部位)
고막	[ko̞ma̠k̚]	[ko̞ma̠k̚]	耳膜 (身体部位)
진홍색	[ˈt͡ɕi(ː)nβo̞ŋsʰɛk̚]	[ˈt͡ɕi(ː)nβo̞ŋsʰɛk̚]	深红色 (颜色与形状)
주홍색	kiutngek	kiutngek	绯红色 (颜色与形状)
에메랄드색	chemeramtengek	chemeramtengek	翠绿色 (颜色与形状)
코발트색	hupamengek	hupamengek	钴蓝色 (颜色与形状)
호박색	upakngek	upakngek	琥珀色 (颜色与形状)
숯색	ngitngek	ngitngek	炭灰色 (颜色与形状)
수직선	ngikikngon	ngikikngon	垂直线 (颜色与形状)
따돌림	tatumring	tatumring	欺凌 (校园生活)
토네이도	[tʰo̞ne̞ido̞]	[tʰo̞ne̞ido̞]	龙卷风 (天气)
허리케인	[hʌ̹ɾikʰe̞in]	[hʌ̹ɾikʰe̞in]	飓风 (天气)
몬순	[mo̞nsʰun]	[mo̞nsʰun]	季风 (天气)
기압	kichang	kichang	气压 (天气)
시정	ngikot	ngikot	可见性 (天气)
이슬점	chingemkong	chingemkong	露点 (天气)
동상	[ˈto̞(ː)ŋsʰa̠ŋ]	[ˈto̞(ː)ŋsʰa̠ŋ]	冻伤 (天气)
강설량	katngomryat	katngomryat	降雪量 (天气)
포켓스퀘어	uhetngehecho	uhetngehecho	口袋巾 (服饰)
커프링크	hoerithe	hoerithe	袖扣 (服饰)
압축복	changpikpuk	changpikpuk	压力服 (服饰)
막장	[ma̠k̚t͡ɕ͈a̠ŋ]	[ma̠k̚t͡ɕ͈a̠ŋ]	狗血剧 (韩剧用语)
족제비	[t͡ɕo̞k̚t͡ɕ͈e̞bi]	[t͡ɕo̞k̚t͡ɕ͈e̞bi]	鼬属 (动物)
십억	[ɕʰibʌ̹k̚]	[ɕʰibʌ̹k̚]	十亿 (数字与时间)
회계연도	wikyechyontu	wikyechyontu	年度 (数字与时间)
해빙	epit	epit	春季解冻 (天气)
추천서	[t͡ɕʰut͡ɕʰʌ̹nsʰʌ̹]	[t͡ɕʰut͡ɕʰʌ̹nsʰʌ̹]	推荐信 (校园生活)
스톡옵션	ngeukchungngyon	ngeukchungngyon	股票期权 (商业)
지분	[t͡ɕibun]	[t͡ɕibun]	股权 (商业)
부가가치세	pikakapinge	pikakapinge	加值税 (商业)
감사	[ˈka̠(ː)msʰa̠]	[ˈka̠(ː)msʰa̠]	审计 (商业)
대차대조표	tepatekuy	tepatekuy	资产负债表 (商业)
벤처캐피탈	penpoheiam	penpoheiam	创投 (商业)
기업공개	kichongkutke	kichongkutke	首次公开发行 (商业)
합병	[ha̠p̚p͈jʌ̹ŋ]	[ha̠p̚p͈jʌ̹ŋ]	合并 (商业)
인수	[insʰu]	[insʰu]	收购 (商业)
자회사	kawinga	kawinga	子公司 (商业)
주주	[t͡ɕud͡ʑu]	[t͡ɕud͡ʑu]	股东 (商业)
최고재무책임자	pwikukemipekchingka	pwikukemipekchingka	财务长 (商业)
최고운영책임자	pwikuchinchyotpekchingka	pwikuchinchyotpekchingka	营运长 (商业)
발효하다	pamyata	pamyata	发酵 (烹饪)
염장하다	chyongkatata	chyongkatata	治愈 (烹饪)
훈제하다	inkeata	inkeata	烟 (烹饪)
수익률	ngichikrwm	ngichikrwm	利润率 (商业)
공급망	kutkengmat	kutkengmat	Supply Chain (商业)
김장	[kimd͡ʑa̠ŋ]	[kimd͡ʑa̠ŋ]	泡菜制作 (烹饪)
탕진잼	atkinkeng	atkinkeng	Tangjinjam (俚语)
극성스럽다	kekngotngerongta	kekngotngerongta	没有寒意/强烈 (俚语)
존나	kunna	kunna	真真 (俚语)
벼락거지	pyorakkoki	pyorakkoki	瞬间赤贫 (俚语)
탈조선	[tʰa̠ʎd͡ʑo̞sʰʌ̹n]	[tʰa̠ʎd͡ʑo̞sʰʌ̹n]	逃离韩国 (俚语)
헬조선	[he̞ʎd͡ʑo̞sʰʌ̹n]	[he̞ʎd͡ʑo̞sʰʌ̹n]	地狱朝鲜 (俚语)
흙수저	elngiko	elngiko	泥土汤匙 (俚语)
금수저	[kɯmsʰud͡ʑʌ̹]	[kɯmsʰud͡ʑʌ̹]	金汤匙 (俚语)
노력충	nuryokpit	nuryokpit	努力中毒者 (俚语)
열정페이	chyomkotechi	chyomkotechi	热情薪资 (俚语)
트라이애슬론	erachichengemrun	erachichengemrun	铁人三项 (运动)
장대높이뛰기	[t͡ɕa̠ŋdɛno̞pʰit͈ɥiɡi]	[t͡ɕa̠ŋdɛno̞pʰit͈ɥiɡi]	撑竿跳高 (运动)
해머던지기	[hɛmʌ̹dʌ̹ɲd͡ʑiɡi]	[hɛmʌ̹dʌ̹ɲd͡ʑiɡi]	链球 (运动)
크로스핏	herungeit	herungeit	Crossfit (运动)
블록체인	pemrukpechin	pemrukpechin	区块链 (科技)
암호화폐	[ˈa̠(ː)mβo̞βwa̠pʰje̞]	[ˈa̠(ː)mβo̞βwa̠pʰje̞]	加密货币 (科技)
메타버스	[me̞tʰa̠bʌ̹sʰɯ]	[me̞tʰa̠bʌ̹sʰɯ]	元宇宙 (科技)
가상현실	kangatyonngim	kangatyonngim	虚拟实境 (科技)
증강현실	ketkatyonngim	ketkatyonngim	扩增实境 (科技)
우주기술	chikikingim	chikikingim	太空科技 (科技)
양자컴퓨팅	chyatkahongwit	chyatkahongwit	量子计算 (科技)
재생에너지기술	kengetchenokikingim	kengetchenokikingim	再生能源科技 (科技)
퇴직금	[ˈtʰwe̞(ː)d͡ʑik̚k͈ɯm]	[ˈtʰwe̞(ː)d͡ʑik̚k͈ɯm]	资遣费 (商业)
침술	[t͡ɕʰimsʰuɭ]	[t͡ɕʰimsʰuɭ]	针灸 (健康与医疗)
한의학	anchyak	anchyak	韩医学 (健康与医疗)
자기공명영상	kakikutmyotchyotngat	kakikutmyotchyotngat	MRI (健康与医疗)
근시	[ˈkɯ(ː)nɕʰi]	[ˈkɯ(ː)nɕʰi]	近视 (健康医疗)
산부인과	[sʰa̠nbuink͈wa̠]	[sʰa̠nbuink͈wa̠]	产科/妇产科 (健康医疗)
심장내과	ngingkatnekw	ngingkatnekw	心脏病科 (健康医疗)
정형외과	kotyotchwikw	kotyotchwikw	骨科 (健康医疗)
신경과	nginkyotkw	nginkyotkw	神经内科 (健康医疗)
체질량지수	pekimryatkingi	pekimryatkingi	Prowess BMI计算器 (健康医疗)
암	[a̠(ː)m]	[a̠(ː)m]	癌症 (健康医疗)
본인부담금	punchinpitangkeng	punchinpitangkeng	定额手续费 (健康医疗)
뇌졸중	[nwe̞d͡ʑo̞ʎt͡ɕ͈uŋ]	[nwe̞d͡ʑo̞ʎt͡ɕ͈uŋ]	中风 (健康与医疗)
심장마비	[ɕʰimd͡ʑa̠ŋma̠bi]	[ɕʰimd͡ʑa̠ŋma̠bi]	心脏病发作 (健康与医疗)
신장병	nginkatpyot	nginkatpyot	肾脏疾病 (健康与医疗)
간질환	kankimwn	kankimwn	肝脏疾病 (健康与医疗)
위내시경	chenengikyot	chenengikyot	胃镜检查 (健康与医疗)
대장내시경	tekatnengikyot	tekatnengikyot	结肠镜检查 (健康与医疗)
요양원	[joja̠ŋwʌ̹n]	[joja̠ŋwʌ̹n]	疗养院/疗养院 (健康医疗)
호스피스	ungeinge	ungeinge	临终关怀 (健康医疗)
제사	[ˈt͡ɕe̞(ː)sʰa̠]	[ˈt͡ɕe̞(ː)sʰa̠]	祭礼；祭祀 (节日庆典)
차례	[t͡ɕʰa̠ɾje̞]	[t͡ɕʰa̠ɾje̞]	茶礼（节日祭祖仪式） (节日庆典)
정월대보름	kotchemtepureng	kotchemtepureng	正月大满月（元宵） (节日庆典)
부럼	[ˈpu(ː)ɾʌ̹m]	[ˈpu(ː)ɾʌ̹m]	布拉姆 (节日庆典)
오곡밥	[o̞ɡo̞k̚p͈a̠p̚]	[o̞ɡo̞k̚p͈a̠p̚]	五谷大米 (节日庆典)
개천절	keponkom	keponkom	建国纪念日 (节日庆典)
연등회	chyontetwi	chyontetwi	莲花灯节 (节日庆典)
단오	tanchu	tanchu	达诺节 (节日庆典)
돌잡이	[to̞ʎd͡ʑa̠bi]	[to̞ʎd͡ʑa̠bi]	抓周（婴儿周岁礼） (节日庆典)
환갑	[ˈɸwa̠(ː)nɡa̠p̚]	[ˈɸwa̠(ː)nɡa̠p̚]	花甲（六十岁寿辰） (节日庆典)
기제도	kiketu	kiketu	希赫多 (节日庆典)
씨름	[ɕ͈iɾɯm]	[ɕ͈iɾɯm]	韩式摔跤 (节日庆典)
널뛰기	[ˈnɘ(ː)ɭt͈ɥiɡi]	[ˈnɘ(ː)ɭt͈ɥiɡi]	跳板（韩国传统游戏） (节日庆典)
제상	kengat	kengat	Jesa桌子 (节日庆典)
풍물	itmim	itmim	农乐（韩国传统打击乐） (节日庆典)
부의금	pichykeng	pichykeng	哀悼金 (节日庆典)
폐백	[ˈpʰje̞(ː)bɛk̚]	[ˈpʰje̞(ː)bɛk̚]	Pyebaek (传统婚礼仪式) (节日与庆典)
장례식	[ˈt͡ɕa̠(ː)ŋɲe̞ɕʰik̚]	[ˈt͡ɕa̠(ː)ŋɲe̞ɕʰik̚]	葬礼 (节日与庆典)
유두	[judu]	[judu]	Yudu（夏日沐浴节） (节日与庆典)
제물	[t͡ɕe̞muɭ]	[t͡ɕe̞muɭ]	祭祀食物 (节日与庆典)
한가위	[ha̠nɡa̠ɥi]	[ha̠nɡa̠ɥi]	丰收之月 (节日与庆典)
회전교차로	[ɸwe̞d͡ʑʌ̹nɡjot͡ɕʰa̠ɾo̞]	[ɸwe̞d͡ʑʌ̹nɡjot͡ɕʰa̠ɾo̞]	环形交叉路口 (交通)
연석	[jʌ̹nsʰʌ̹k̚]	[jʌ̹nsʰʌ̹k̚]	路沿 (交通)
독립운동가	tukringchintutka	tukringchintutka	独立运动家 (节庆与活动)
신위	nginche	nginche	神主牌 (节日庆典)
히알루론산	ichamrirunngan	ichamrirunngan	玻尿酸 (美妆护肤)
레티놀	[ɾe̞tʰino̞ɭ]	[ɾe̞tʰino̞ɭ]	视黄醇 (美妆护肤)
나이아신아마이드	nachichanginchamachite	nachichanginchamachite	烟酰胺 (美妆护肤)
프로폴리스	eruumringe	eruumringe	蜂胶 (美妆护肤)
앰플	chengem	chengem	安瓶 (美容与护肤)
세라마이드	ngeramachite	ngeramachite	神经醯胺 (美容与护肤)
펩타이드	[pʰe̞p̚tʰa̠idɯ]	[pʰe̞p̚tʰa̠idɯ]	胜肽 (美容与护肤)
로즈힙	rukeing	rukeing	玫瑰果 (美容与护肤)
언더톤	chontoun	chontoun	肤色底调 (美容与护肤)
바둑	[pa̠duk̚]	[pa̠duk̚]	围棋 (Baduk) (嗜好与休闲)
천문학	[t͡ɕʰʌ̹nmunɦa̠k̚]	[t͡ɕʰʌ̹nmunɦa̠k̚]	天文学 (嗜好与休闲)
승마	[sʰɯŋma̠]	[sʰɯŋma̠]	骑马 (嗜好与休闲)
새옹지마	[sʰɛo̞ŋd͡ʑima̠]	[sʰɛo̞ŋd͡ʑima̠]	塞翁失马，焉知非福 (成语与谚语)
유유상종	[ˈju(ː)jusʰa̠ŋd͡ʑo̞ŋ]	[ˈju(ː)jusʰa̠ŋd͡ʑo̞ŋ]	物以类聚 (成语与谚语)
금상첨화	kengngatpongw	kengngatpongw	锦上添花 (惯用语与谚语)
딜레마	timrema	timrema	两难局面 (惯用语与谚语)
달변가	tampyonka	tampyonka	口才出众 (惯用语与谚语)
재단사	[t͡ɕɛda̠nsʰa̠]	[t͡ɕɛda̠nsʰa̠]	网页装修工 (时尚穿搭)
콜라보	[kʰo̞ɭɭa̠bo̞]	[kʰo̞ɭɭa̠bo̞]	协作 (时尚与风格)
런웨이	ronchechi	ronchechi	资金跑道 (时尚穿搭)
온실가스	chunngimkange	chunngimkange	温室气体 (环境)
재조림	kekuring	kekuring	再造林 (环境)
생태계	[sʰɛŋtʰɛɡje̞]	[sʰɛŋtʰɛɡje̞]	生态系统 (环境)
오존층	chukunpet	chukunpet	臭氧层 (环境)
산성비	nganngotpi	nganngotpi	酸雨 (环境)
보전	[ˈpo̞(ː)d͡ʑʌ̹n]	[ˈpo̞(ː)d͡ʑʌ̹n]	保育 (环境)
업사이클링	chongngachihemrit	chongngachihemrit	升级再造 (环境)
서식지	[ˈsʰɘ(ː)ɕʰik̚t͡ɕ͈i]	[ˈsʰɘ(ː)ɕʰik̚t͡ɕ͈i]	栖息地 (环境)
환경법	wnkyotpong	wnkyotpong	环境法 (环境)
환경부	wnkyotpi	wnkyotpi	环境部 (环境)
이산화탄소	[ˈi(ː)sʰa̠nβwa̠tʰa̠nsʰo̞]	[ˈi(ː)sʰa̠nβwa̠tʰa̠nsʰo̞]	二氧化碳 (环境)
메탄	[me̞tʰa̠n]	[me̞tʰa̠n]	甲烷 (环境)
환경세	wnkyotnge	wnkyotnge	绿色税 (环境)
수처리	ngipori	ngipori	水处理 (环境)
생물권	[sʰɛŋmuɭk͈wʌ̹n]	[sʰɛŋmuɭk͈wʌ̹n]	生物圈 (环境)
지하수	[t͡ɕiɦa̠sʰu]	[t͡ɕiɦa̠sʰu]	地下水 (环境)
남획	nangwik	nangwik	过度捕捞 (环境)
침식	pingngik	pingngik	腐蚀 (环境)
생태학	[sʰɛŋtʰɛɦa̠k̚]	[sʰɛŋtʰɛɦa̠k̚]	生态 (环境)
독립운동	tukringchintut	tukringchintut	独立运动 (韩国历史)
삼일운동	ngangchimchintut	ngangchimchintut	三一运动 (韩国历史)
고조선	[ˈko̞(ː)d͡ʑo̞sʰʌ̹n]	[ˈko̞(ː)d͡ʑo̞sʰʌ̹n]	古朝鲜 (韩国历史)
고구려	[ko̞ɡuɾjʌ̹]	[ko̞ɡuɾjʌ̹]	高句丽 (韩国历史)
백제	[pɛk̚t͡ɕ͈e̞]	[pɛk̚t͡ɕ͈e̞]	百济王国 (韩国历史)
이성계	chingotkye	chingotkye	李成桂（太祖） (韩国历史)
유교	[juɡjo]	[juɡjo]	韩国儒学 (韩国历史)
팔만대장경	ammantekatkyot	ammantekatkyot	高丽大藏经 (韩国历史)
이순신	chinginngin	chinginngin	李舜臣将军 (韩国历史)
임진왜란	[imd͡ʑinwɛɾa̠n]	[imd͡ʑinwɛɾa̠n]	壬辰战争 (韩国历史)
임시정부	chingngikotpi	chingngikotpi	临时政府 (韩国历史)
청자	[t͡ɕʰʌ̹ŋd͡ʑa̠]	[t͡ɕʰʌ̹ŋd͡ʑa̠]	青瓷 (韩国历史)
휴전	[çud͡ʑʌ̹n]	[çud͡ʑʌ̹n]	停战协定 (韩国历史)
단군	[ta̠nɡun]	[ta̠nɡun]	檀君 (韩国历史)
선비	[sʰʌ̹nbi]	[sʰʌ̹nbi]	儒生（朝鲜） (韩国历史)
화랑	[ɸwa̠ɾa̠ŋ]	[ɸwa̠ɾa̠ŋ]	花郎 (韩国历史)
고종	kukut	kukut	高宗皇帝 (韩国历史)
대한제국	teankekik	teankekik	大韩帝国 (韩国历史)
청일전쟁	potchimkonket	potchimkonket	甲午战争 (韩国历史)
첨성대	pongngotte	pongngotte	瞻星台天文台 (韩国历史)
성균관	[sʰʌ̹ŋɡjunɡwa̠n]	[sʰʌ̹ŋɡjunɡwa̠n]	成均馆 (韩国历史)
종묘	kutmy	kutmy	宗庙 (韩国历史)
규장각	kwkatkak	kwkatkak	奎章阁御览所 (韩国历史)
동학운동	tutakchintut	tutakchintut	东学运动 (韩国历史)
풍수	[pʰuŋsʰu]	[pʰuŋsʰu]	风水（韩国堪舆学） (韩国历史)
양반	[ja̠ŋba̠n]	[ja̠ŋba̠n]	两班（贵族） (韩国历史)
과거시험	kwkongiong	kwkongiong	科举考试 (韩国历史)
신분제도	nginpinketu	nginpinketu	朝鲜社会阶级 (韩国历史)
국궁	[kuk̚k͈uŋ]	[kuk̚k͈uŋ]	韩国传统射箭 (韩国历史)
석굴암	ngokkimchang	ngokkimchang	石窟庵 (韩国历史)
과거제도	kwkoketu	kwkoketu	科举考试（朝鲜） (韩国历史)
통일신라	utchimnginra	utchimnginra	统一新罗 (韩国历史)
왕건	chwtkon	chwtkon	王建（高丽太祖） (韩国历史)
천도교	[t͡ɕʰʌ̹ndo̞ɡjo]	[t͡ɕʰʌ̹ndo̞ɡjo]	天道教 (韩国历史)
삼국사기	[sʰa̠mɡuks͈a̠ɡi]	[sʰa̠mɡuks͈a̠ɡi]	三国史记 (韩国历史)
삼국유사	[sʰa̠mɡuɡjusʰa̠]	[sʰa̠mɡuɡjusʰa̠]	三国遗事 (韩国历史)
동의보감	tutchypukang	tutchypukang	东医宝鉴 (韩国历史)
박정희	pakkoty	pakkoty	朴正熙 (韩国历史)
이승만	chingetman	chingetman	李承晚 (韩国历史)
안중근	chankitken	chankitken	安重根 (韩国历史)
직지심체요절	kikkingingpechykom	kikkingingpechykom	直指心传 (韩国历史)
헌법	[ˈhɘ(ː)np͈ʌ̹p̚]	[ˈhɘ(ː)np͈ʌ̹p̚]	宪法 (法律与政府)
상원의원	[ˈsʰa̠(ː)ŋwʌ̹nɰiwʌ̹n]	[ˈsʰa̠(ː)ŋwʌ̹nɰiwʌ̹n]	参议员 (法律与政府)
공화국	[ˈko̞(ː)ŋβwa̠ɡuk̚]	[ˈko̞(ː)ŋβwa̠ɡuk̚]	共和国 (法律与政府)
군부제	kinpike	kinpike	君主制 (法律与政府)
입법	[ip̚p͈ʌ̹p̚]	[ip̚p͈ʌ̹p̚]	立法 (法律与政府)
원고	[wʌ̹nɡo̞]	[wʌ̹nɡo̞]	原告 (法律与政府)
배심단	pengingtan	pengingtan	陪审团 (法律与政府)
평결	[pʰjʌ̹ŋɡjʌ̹ɭ]	[pʰjʌ̹ŋɡjʌ̹ɭ]	判决 (法律与政府)
항소	[ˈha̠(ː)ŋsʰo̞]	[ˈha̠(ː)ŋsʰo̞]	上诉 (法律与政府)
영장	[jʌ̹ŋt͡ɕ͈a̠ŋ]	[jʌ̹ŋt͡ɕ͈a̠ŋ]	搜查令 (法律与政府)
시민권	[ˈɕʰi(ː)mink͈wʌ̹n]	[ˈɕʰi(ː)mink͈wʌ̹n]	公民权利 (法律与政府)
횡령	[ɸwe̞ŋɲʌ̹ŋ]	[ɸwe̞ŋɲʌ̹ŋ]	挪用公款 (法律与政府)
탈세	[tʰa̠ɭs͈e̞]	[tʰa̠ɭs͈e̞]	逃漏税 (法律与政府)
성희롱	ngotyrut	ngotyrut	性骚扰 (法律与政府)
저작권	[ˈt͡ɕɘ(ː)d͡ʑa̠k̚k͈wʌ̹n]	[ˈt͡ɕɘ(ː)d͡ʑa̠k̚k͈wʌ̹n]	版权 (法律与政府)
상표	[sʰa̠ŋpʰjo]	[sʰa̠ŋpʰjo]	商标 (法律与政府)
특허	[tʰɯkʰʌ̹]	[tʰɯkʰʌ̹]	专利 (法律与政府)
공증인	[ko̞ŋd͡ʑɯŋin]	[ko̞ŋd͡ʑɯŋin]	公证人 (法律与政府)
민법	minpong	minpong	民法 (法律与政府)
형법	[çʌ̹ŋp͈ʌ̹p̚]	[çʌ̹ŋp͈ʌ̹p̚]	刑法 (法律与政府)
행정법	[hɛŋd͡ʑʌ̹ŋbʌ̹p̚]	[hɛŋd͡ʑʌ̹ŋbʌ̹p̚]	行政法 (法律与政府)
국제법	[kuk̚t͡ɕ͈e̞bʌ̹p̚]	[kuk̚t͡ɕ͈e̞bʌ̹p̚]	国际法 (法律与政府)
조약	[t͡ɕo̞ja̠k̚]	[t͡ɕo̞ja̠k̚]	条约 (法律与政府)
영사	[jʌ̹ŋsʰa̠]	[jʌ̹ŋsʰa̠]	领事 (法律与政府)
외교	[ˈwe̞(ː)ɡjo]	[ˈwe̞(ː)ɡjo]	外交事务 (法律与政府)
귀화	kew	kew	归化 (法律与政府)
주민등록	kimintetruk	kimintetruk	居民登记 (法律与政府)
공무	[ko̞ŋmu]	[ko̞ŋmu]	公务员制度 (法律与政府)
관료제	[kwa̠ʎʎod͡ʑe̞]	[kwa̠ʎʎod͡ʑe̞]	官僚制 (法律与政府)
집행	[t͡ɕipʰɛŋ]	[t͡ɕipʰɛŋ]	强制执行 (法律与政府)
과세	[kwa̠sʰe̞]	[kwa̠sʰe̞]	税项 (法律与政府)
중앙은행	[t͡ɕuŋa̠ŋɯnɦɛŋ]	[t͡ɕuŋa̠ŋɯnɦɛŋ]	中央银行 (法律与政府)
대법원	[tɛbʌ̹bwʌ̹n]	[tɛbʌ̹bwʌ̹n]	最高法院 (法律与政府)
헌법재판소	[hʌ̹nbʌ̹p̚t͡ɕ͈ɛpʰa̠nsʰo̞]	[hʌ̹nbʌ̹p̚t͡ɕ͈ɛpʰa̠nsʰo̞]	宪法法庭 (法律与政府)
행정법원	[hɛŋd͡ʑʌ̹ŋbʌ̹bwʌ̹n]	[hɛŋd͡ʑʌ̹ŋbʌ̹bwʌ̹n]	行政法院 (法律与政府)
국민투표	[kuŋmintʰupʰjo]	[kuŋmintʰupʰjo]	公民投票 (法律与政府)
탄핵	[ˈtʰa̠(ː)nɦɛk̚]	[ˈtʰa̠(ː)nɦɛk̚]	弹劾 (法律与政府)
판례	[pʰa̠ʎʎe̞]	[pʰa̠ʎʎe̞]	成案 ,判例 (法律与政府)
공소시효	kutngungiy	kutngungiy	时效法规 (法律与政府)
굿	[kut̚]	[kut̚]	巫俗仪式 (宗教)
디왈리	tichwmri	tichwmri	排灯节 (宗教)
이교도	[ˈi(ː)ɡjodo̞]	[ˈi(ː)ɡjodo̞]	异教徒 (宗教)
불가지론자	pimkakirunka	pimkakirunka	不可知论者 (宗教)
포교	[ˈpʰo̞(ː)ɡjo]	[ˈpʰo̞(ː)ɡjo]	传教 (宗教)
선	[sʰʌ̹n]	[sʰʌ̹n]	禅 (宗教)
도교	[ˈto̞(ː)ɡjo]	[ˈto̞(ː)ɡjo]	道教徒 (宗教)
축귀	pikke	pikke	驱魔 (宗教)
코스피	hungei	hungei	台湾加权 (金融与银行)
비트코인	[pitʰɯkʰo̞in]	[pitʰɯkʰo̞in]	比特币 (金融与银行)
법인세	pongchinnge	pongchinnge	企业税 (金融与银行)
파산	[ˈpʰa̠(ː)sʰa̠n]	[ˈpʰa̠(ː)sʰa̠n]	破产 (金融与银行)
채권자	[ˈt͡ɕʰɛ(ː)ɡwʌ̹ɲd͡ʑa̠]	[ˈt͡ɕʰɛ(ː)ɡwʌ̹ɲd͡ʑa̠]	债权人 (金融与银行)
채무자	[ˈt͡ɕʰɛ(ː)mud͡ʑa̠]	[ˈt͡ɕʰɛ(ː)mud͡ʑa̠]	债务人 (金融与银行)
담보	[ta̠mbo̞]	[ta̠mbo̞]	抵押品 (金融与银行)
보증인	puketchin	puketchin	担保人 (金融与银行)
디플레이션	[tipʰɯɭɭe̞iɕʰʌ̹n]	[tipʰɯɭɭe̞iɕʰʌ̹n]	通货紧缩 (金融与银行)
금융감독위원회	kengchwtkangtukchechenwi	kengchwtkangtukchechenwi	金融监督委员会 (金融银行)
경제협력개발기구	kyotkeyongryokkepamkiki	kyotkeyongryokkepamkiki	经济合作与发展组织（OECD） (金融银行)
국제통화기금	kikkeutwkikeng	kikkeutwkikeng	国际货币基金组织（IMF） (金融银行)
세계은행	ngekyechenet	ngekyechenet	世界银行 (金融银行)
인수합병	chinngiangpyot	chinngiangpyot	并购 (金融银行)
중개인	[t͡ɕuŋɡɛin]	[t͡ɕuŋɡɛin]	经纪商 (金融银行)
트레이더	erechito	erechito	交易商 (金融银行)
커튼월	hoenchem	hoenchem	幕墙 (建筑)
용도지역	chyttukichyok	chyttukichyok	分区 (建筑)
길찾기	kimpapki	kimpapki	寻路。 (建筑)
음향	[ɯmʝa̠ŋ]	[ɯmʝa̠ŋ]	声学 (建筑)
냉난방	netnanpat	netnanpat	暖通空调 (建筑)
프리팹	erieng	erieng	预制 (建筑)
신경과학	nginkyotkwak	nginkyotkwak	神经科学 (科学与研究)
인류학	[iʎʎuɦa̠k̚]	[iʎʎuɦa̠k̚]	人类学 (科学与研究)
고고학	[ˈko̞(ː)ɡo̞ɦa̠k̚]	[ˈko̞(ː)ɡo̞ɦa̠k̚]	考古学 (科学与研究)
언어학	[ʌ̹nʌ̹ɦa̠k̚]	[ʌ̹nʌ̹ɦa̠k̚]	语言学 (科学与研究)
로봇공학	ruputkutak	ruputkutak	机器人学 (科学与研究)
나노기술	[na̠no̞ɡisʰuɭ]	[na̠no̞ɡisʰuɭ]	奈米技术 (科学与研究)
생명공학	ngetmyotkutak	ngetmyotkutak	生物技术 (科学与研究)
유전공학	chwkonkutak	chwkonkutak	基因工程 (科学与研究)
줄기세포	kimkingeu	kimkingeu	干细胞 (科学与研究)
임상시험	chingngatngiong	chingngatngiong	临床试验 (科学与研究)
박사후연구원	pakngaichyonkichen	pakngaichyonkichen	博士后研究员 (科学与研究)
메타분석	meapinngok	meapinngok	元分析 (科学研究)
대조군	tekukin	tekukin	对照组 (科学研究)
변수	[ˈpjɘ(ː)nsʰu]	[ˈpjɘ(ː)nsʰu]	变量 (科学研究)
상관관계	ngatkwnkwnkye	ngatkwnkwnkye	相关性 (科学研究)
인과관계	chinkwkwnkye	chinkwkwnkye	因果关系 (科学研究)
시뮬레이션	[ɕʰimjuɭɭe̞iɕʰʌ̹n]	[ɕʰimjuɭɭe̞iɕʰʌ̹n]	模拟 (科学研究)
지진학	[t͡ɕid͡ʑinɦa̠k̚]	[t͡ɕid͡ʑinɦa̠k̚]	地震学 (科学研究)
화산학	[ˈɸwa̠(ː)sʰa̠nɦa̠k̚]	[ˈɸwa̠(ː)sʰa̠nɦa̠k̚]	火山学 (科学研究)
고생물학	[ˈko̞(ː)sʰɛŋmuɾɦa̠k̚]	[ˈko̞(ː)sʰɛŋmuɾɦa̠k̚]	古生物 (科学研究)
법의학	[ˈpɘ(ː)bɰiɦa̠k̚]	[ˈpɘ(ː)bɰiɦa̠k̚]	法医学 (科学研究)
독성학	tukngotak	tukngotak	毒理学 (科学与研究)
역학	[jʌ̹kʰa̠k̚]	[jʌ̹kʰa̠k̚]	流行病学 (科学与研究)
재료과학	kerykwak	kerykwak	材料科学 (科学与研究)
동의서	tutchyngo	tutchyngo	知情同意 (科学与研究)
복리	[po̞ŋni]	[po̞ŋni]	复利 (金融与银行)
순자산	nginkangan	nginkangan	净资产 (金融与银行)
건축법	konpikpong	konpikpong	建筑规范 (建筑)
저축률	kopikrwm	kopikrwm	储蓄率 (金融与银行)
대들보	[tɛdɯɭbo̞]	[tɛdɯɭbo̞]	木梁 (建筑)
캔틸레버	henimrepo	henimrepo	悬臂 (建筑)
난간벽	nankanpyok	nankanpyok	女儿墙 (建筑)
고창	kupat	kupat	高窗 (建筑)
임파스토	chingangeu	chingangeu	厚涂法 (艺术与设计)
검열	[ˈkɘ(ː)mɲʌ̹ɭ]	[ˈkɘ(ː)mɲʌ̹ɭ]	审查 (媒体与新闻)
선전	[sʰʌ̹ɲd͡ʑʌ̹n]	[sʰʌ̹ɲd͡ʑʌ̹n]	宣传 (媒体与新闻)
기고문	kikumin	kikumin	评论文章 (媒体与新闻)
포토저널리즘	uukonomrikeng	uukonomrikeng	新闻摄影 (媒体与新闻)
논평가	nunyotka	nunyotka	评论员 (媒体与新闻)
선정주의	ngonkotkichy	ngonkotkichy	煽情主义 (媒体与新闻学)
딥페이크	tingechihe	tingechihe	深度伪造 (媒体与新闻学)
언론법	chonrunpong	chonrunpong	媒体法 (媒体与新闻学)
방송권	patngutken	patngutken	广播权限 (媒体与新闻学)
편집위원회	yonkingchechenwi	yonkingchechenwi	编辑委员会 (媒体与新闻业)
육회	[jukʰwe̞]	[jukʰwe̞]	生拌牛肉 (韩国美食与餐饮)
구절판	[kud͡ʑʌ̹ɭpʰa̠n]	[kud͡ʑʌ̹ɭpʰa̠n]	九节板 (韩国美食与餐饮)
한정식	[ˈha̠(ː)ɲd͡ʑʌ̹ŋɕʰik̚]	[ˈha̠(ː)ɲd͡ʑʌ̹ŋɕʰik̚]	韩定食 (韩国美食与餐饮)
약식	[ja̠kɕ͈ik̚]	[ja̠kɕ͈ik̚]	药饭 (韩国美食与餐饮)
떡갈비	tokkampi	tokkampi	年糕排 (Tteok Galbi) (韩国饮食)
새우젓	[sʰɛud͡ʑʌ̹t̚]	[sʰɛud͡ʑʌ̹t̚]	虾酱 (Saeujeot) (韩国饮食)
적	[t͡ɕʌ̹k̚]	[t͡ɕʌ̹k̚]	Jeok (韩国饮食文化)
멍게	[mʌ̹ŋɡe̞]	[mʌ̹ŋɡe̞]	Sea Squirt (韩国饮食文化)
낙지볶음	nakkipukcheng	nakkipukcheng	Nakji Bokkeum (韩国饮食文化)
어만두	chomanti	chomanti	Fish Mandu (韩国饮食文化)
토란국	urankik	urankik	Toranguk (韩国饮食文化)
편육	[pʰjʌ̹ɲuk̚]	[pʰjʌ̹ɲuk̚]	肉片 (韩国饮食文化)
꼬리곰탕	kurikungat	kurikungat	牛尾汤 (韩国饮食文化)
더덕구이	totokkichi	totokkichi	烤山药根 (韩国饮食文化)
천탕	ponat	ponat	清汤 (韩国饮食文化)
조현병	[t͡ɕo̞ʝʌ̹nbjʌ̹ŋ]	[t͡ɕo̞ʝʌ̹nbjʌ̹ŋ]	精神分裂症 (心理健康与保健)
인지행동치료	chinkiettutpiry	chinkiettutpiry	认知行为疗法 (心理健康与保健)
자기애	[t͡ɕa̠ɡiɛ]	[t͡ɕa̠ɡiɛ]	自恋 (心理健康与保健)
해리	[ˈhɛ(ː)ɾi]	[ˈhɛ(ː)ɾi]	分离 (心理健康与保健)
자폐증	[t͡ɕa̠pʰje̞t͡ɕ͈ɯŋ]	[t͡ɕa̠pʰje̞t͡ɕ͈ɯŋ]	自闭症 (心理健康与保健)
편집증	[pʰjʌ̹ɲd͡ʑip̚t͡ɕ͈ɯŋ]	[pʰjʌ̹ɲd͡ʑip̚t͡ɕ͈ɯŋ]	偏执 (心理健康与保健)
가스라이팅	[ka̠sʰɯɾa̠itʰiŋ]	[ka̠sʰɯɾa̠itʰiŋ]	煤气灯效应 (心理健康与保健)
공의존	kutchykun	kutchykun	共依存 (心理健康与保健)
몰입	[mo̞ɾip̚]	[mo̞ɾip̚]	心流状态 (心理健康与保健)
바이오피드백	pachichuitepek	pachichuitepek	生物回馈 (心理健康与养生)
취약성	[ˈt͡ɕʰɥi(ː)ja̠ks͈ʌ̹ŋ]	[ˈt͡ɕʰɥi(ː)ja̠ks͈ʌ̹ŋ]	脆弱性 (心理健康与养生)
세계관	[ˈsʰe̞(ː)ɡje̞ɡwa̠n]	[ˈsʰe̞(ː)ɡje̞ɡwa̠n]	世界观 (韩国流行文化)
재계약	kekyechyak	kekyechyak	续约/合约 (韩国流行文化)
하이브	achipe	achipe	HYBE (韩国流行文化)
세대	[ˈsʰe̞(ː)dɛ]	[ˈsʰe̞(ː)dɛ]	世代 (韩国流行文化)
동물권	tutmimken	tutmimken	动物权利 (宠物护理与动物)
올킬	chumhim	chumhim	一网打尽 (韩国流行文化)
총공	putkut	putkut	刷榜派对 (韩国流行文化)
안락사	[a̠ɭɭa̠ks͈a̠]	[a̠ɭɭa̠ks͈a̠]	宠物安乐死 (宠物照护与动物)
스피드런	ngeiteron	ngeiteron	速通 (游戏与电竞)
옵저버	chungkopo	chungkopo	观战者（旁观工具） (游戏与电竞)
안녕히 가세요	Annyeonghi gaseyo	Annyeonghi gaseyo	再见 (进阶词汇)
한국 드라마	Hanguk deurama	Hanguk deurama	韩剧迷 (进阶词汇)
나이와 위계	Naiwi wigye	Naiwi wigye	年龄与阶级 (进阶词汇)
게임 문화	Geim munhwa	Geim munhwa	电竞文化 (文化·生活)
빼빼로 데이	Ppaeppero dei	Ppaeppero dei	佩佩罗日 (进阶词汇)
화이트 데이	Hwaiteu dei	Hwaiteu dei	白色情人节 (进阶词汇)
한국 패션	Hanguk paesyon	Hanguk paesyon	韩国时尚 (进阶词汇)
건강 문화	Geongang munhwa	Geongang munhwa	健康养生文化 (文化·生活)
음주 문화	Eumju munhwa	Eumju munhwa	饮酒文化 (文化·生活)
생일 파티	Saengil pati	Saengil pati	生日派对 (进阶词汇)
음악 수업	Eumak Sueop	Eumak Sueop	音乐课 (名词)
스터디 그룹	Seuteodi Geurup	Seuteodi Geurup	Study Group (进阶词汇)
진로 상담사	Jinro Sangdamsa	Jinro Sangdamsa	职涯咨询师 (进阶词汇)
취업 면접	Chwieop Myeonjeop	Chwieop Myeonjeop	求职面试 (进阶词汇)
온라인 학습	Onrain Hakseup	Onrain Hakseup	线上学习 (进阶词汇)
가상 수업	Gasang Sueop	Gasang Sueop	虚拟课堂 (进阶词汇)
발표 자료	Balpyo Jaryo	Balpyo Jaryo	简报投影片 (进阶词汇)
조별 과제	Jobyeol Gwaje	Jobyeol Gwaje	小组作业 (进阶词汇)
동료 평가	Dongnyo Pyeongga	Dongnyo Pyeongga	同侪互评 (进阶词汇)
동아리 활동	Dongari Hwaldong	Dongari Hwaldong	俱乐部活动 (进阶词汇)
마음이 아프다	Maeumi apeuda	Maeumi apeuda	心碎 (进阶词汇)
향수를 느끼다	Hyangsureul neukkida	Hyangsureul neukkida	怀旧 (进阶词汇)
우수에 젖다	Usue jeokda	Usue jeokda	忧郁 (进阶词汇)
죄책감을 느끼다	Joechaekgameul neukkida	Joechaekgameul neukkida	内疚 (进阶词汇)
에너지가 넘치다	Eneojiga neomchida	Eneojiga neomchida	精力充沛 (进阶词汇)
자신감 있다	Jasigam itda	Jasigam itda	自信 (进阶词汇)
영감을 받다	Yeonggameul batda	Yeonggameul batda	受启发 (进阶词汇)
의욕이 넘치다	Uiyogi neomchida	Uiyogi neomchida	有动力 (进阶词汇)
경외감을 느끼다	Gyeongoeagameul neukkida	Gyeongoeagameul neukkida	Awestruck (进阶词汇)
회복력이 있다	Hoebongnyeogi itda	Hoebongnyeogi itda	适应性强 (进阶词汇)
계산해 주세요	Gyesan hae juseyo	Gyesan hae juseyo	请结账 (表达)
만나서 반갑습니다	Mannaseo bangapseumnida	Mannaseo bangapseumnida	很高兴认识你 (进阶词汇)
좋은 아침이에요	Joeun achimieyo	Joeun achimieyo	早安 (进阶词汇)
잘 자요	Jal jayo	Jal jayo	晚安 (进阶词汇)
행운을 빌어요	Haenguneul bireoyo	Haenguneul bireoyo	祝你好运 (进阶词汇)
잘 지내요	Jal jinaeyo	Jal jinaeyo	保重 (进阶词汇)
좋은 하루 보내세요	Joeun haru bonaeseyo	Joeun haru bonaeseyo	祝你今天愉快。 (进阶词汇)
생일 축하해요	Saengil chukahaeyo	Saengil chukahaeyo	生日快乐 (进阶词汇)
새해 복 많이 받으세요	Saehae bok mani badeuseyo	Saehae bok mani badeuseyo	新年快乐！ (进阶词汇)
빨리 나으세요	Ppalli naeuseyo	Ppalli naeuseyo	早日康复！ (进阶词汇)
어떻게 지냈어요	Eotteoke jinaesseoyo	Eotteoke jinaesseoyo	How have you been?（你近来怎样？） (进阶词汇)
보고 싶었어요	Bogo sipeoesseoyo	Bogo sipeoesseoyo	我想你。。。。 (进阶词汇)
나중에 봐요	Najunge bwayo	Najunge bwayo	回头见 (进阶词汇)
내일 봐요	Naeil bwayo	Naeil bwayo	明天见 (进阶词汇)
안녕히 계세요	Annyeonghi gyeseyo	Annyeonghi gyeseyo	告别（离开时） (进阶词汇)
어서 오세요	Eoseo oseyo	Eoseo oseyo	欢迎你 (进阶词汇)
편히 계세요	Pyeonhi gyeseyo	Pyeonhi gyeseyo	放松身心。 (进阶词汇)
잘 하셨어요	Jal hasyeosseoyo	Jal hasyeosseoyo	你太棒啦！ (进阶词汇)
걱정하지 마세요	Geokjeongaji maseyo	Geokjeongaji maseyo	别担心 (进阶词汇)
많이 힘들겠어요	Mani himdeurgeosseoyo	Mani himdeurgeosseoyo	那一定很辛苦 (进阶词汇)
다 잘 될 거예요	Da jal doel geoyeyo	Da jal doel geoyeyo	一切都会好起来的 (进阶词汇)
오늘 날씨 좋네요	Oneul nalsi jonne yo	Oneul nalsi jonne yo	今天天气真好 (进阶词汇)
밥 먹었어요	Bap meogeosseoyo	Bap meogeosseoyo	吃过饭了吗？ (进阶词汇)
같이 먹어요	Gachi meogeoyo	Gachi meogeoyo	一起吃饭吧 (进阶词汇)
잠깐 지나갈게요	Jamkkan jinaagalgeyo	Jamkkan jinaagalgeyo	不好意思，借过一下 (进阶词汇)
천천히 해요	Cheoncheonhi haeyo	Cheoncheonhi haeyo	慢慢来 (进阶词汇)
지금 몇 시예요	Jigeum myeot siyeyo	Jigeum myeot siyeyo	现在几点了？ (进阶词汇)
금방 돌아올게요	Geumbang doraolgeyo	Geumbang doraolgeyo	我马上回来 (进阶词汇)
늦을 것 같아요	Neujeul geot gatayo	Neujeul geot gatayo	我会迟到 (进阶词汇)
잘 도착했어요	Jal dochakhaesseoyo	Jal dochakhaesseoyo	平安抵达 (进阶词汇)
가고 있어요	Gago isseoyo	Gago isseoyo	我在路上了 (进阶词汇)
계속 연락해요	Gyesok yeollakaeyo	Gyesok yeollakaeyo	保持联系 (进阶词汇)
문자 주세요	Munja juseyo	Munja juseyo	传讯息给我 (进阶词汇)
전화해 주세요	Jeonhwahae juseyo	Jeonhwahae juseyo	打电话给我 (进阶词汇)
다시 만나서 반가워요	Dasi mannaseo bangawoyo	Dasi mannaseo bangawoyo	很高兴再次见到你 (进阶词汇)
가족은 잘 지내요	Gajokuneun jal jinaeyo	Gajokuneun jal jinaeyo	你的家人好吗？ (进阶词汇)
안전하게 지내요	Anjeonhage jinaeyo	Anjeonhage jinaeyo	注意安全 (进阶词汇)
푹 쉬세요	Puk swiseyo	Puk swiseyo	好好休息 (进阶词汇)
보고 싶어요	Bogo sipeoyo	Bogo sipeoyo	我想你 (进阶词汇)
즐겁게 보내요	Jeulgeopge bonaeyo	Jeulgeopge bonaeyo	玩得开心 (进阶词汇)
감사히 여기겠어요	Gamsahi yeogigesseoyo	Gamsahi yeogigesseoyo	我很感激 (进阶词汇)
신세 졌어요	Sinse jeosseoyo	Sinse jeosseoyo	我欠你一个人情 (进阶词汇)
먼저 하세요	Meonjeo haseyo	Meonjeo haseyo	您先请 (进阶词汇)
잠깐만 기다려 주세요	Jamkkanman gidaryeo juseyo	Jamkkanman gidaryeo juseyo	请稍等 (进阶词汇)
메리 크리스마스	Meri Keuriseumaseu	Meri Keuriseumaseu	圣诞快乐 (进阶词汇)
졸업 축하해요	Joreop chukahaeyo	Joreop chukahaeyo	恭喜毕业 (进阶词汇)
안전하게 다녀오세요	Anjeonhage danyeooseyo	Anjeonhage danyeooseyo	旅途平安 (进阶词汇)
잘 다녀왔어요	Jal danyeowasseoyo	Jal danyeowasseoyo	欢迎回来 (进阶词汇)
할 수 있어요	Hal su isseoyo	Hal su isseoyo	你能做到 (进阶词汇)
시간 있어요	Sigan isseoyo	Sigan isseoyo	你有空吗？ (进阶词汇)
오래 됐네요	Orae dwaennneyo	Orae dwaennneyo	好久不见 (进阶词汇)
또 오세요	Ddo oseyo	Ddo oseyo	请再来 (进阶词汇)
맛있게 드세요	Masitge deuseyo	Masitge deuseyo	请享用 (进阶词汇)
잘 되길 바라요	Jal doegil barayo	Jal doegil barayo	希望一切顺利 (进阶词汇)
좋은 저녁이에요	Joeun jeonyeogieyo	Joeun jeonyeogieyo	晚上好 (进阶词汇)
좋은 주말 보내세요	Joeun jumal bonaeseyo	Joeun jumal bonaeseyo	周末愉快 (进阶词汇)
쉬고 있어요	Swigo isseoyo	Swigo isseoyo	我在休息 (进阶词汇)
나중에 얘기해요	Najunge yaegihaeyo	Najunge yaegihaeyo	晚点再谈 (进阶词汇)
연락해줘서 반가워요	Yeollakaejeoseo bangawoyo	Yeollakaejeoseo bangawoyo	很高兴收到你的消息 (进阶词汇)
이따 봐요	Ita bwayo	Ita bwayo	待会见 (进阶词汇)
다음에 봐요	Daeume bwayo	Daeume bwayo	下次见 (进阶词汇)
친한 친구	Chinhan chingu	Chinhan chingu	挚友 (进阶词汇)
좋아하는 사람	Johahaneun saram	Johahaneun saram	暗恋对象 (进阶词汇)
첫눈에 반하다	Cheonune banhada	Cheonune banhada	一见钟情 (进阶词汇)
장거리 연애	Janggori yeonae	Janggori yeonae	远距离恋爱 (进阶词汇)
잘 지내다	Jal jinaeda	Jal jinaeda	相处融洽 (进阶词汇)
가족 모임	Gajok moim	Gajok moim	家庭聚会 (进阶词汇)
이거 얼마예요	Igeo eolmayeyo	Igeo eolmayeyo	这个多少钱？ (进阶词汇)
온라인 쇼핑	Onlain syoping	Onlain syoping	网络购物 (进阶词汇)
선물 포장	Seonmul pojang	Seonmul pojang	礼品包装 (进阶词汇)
세금 환급	Segeum hwangeup	Segeum hwangeup	返税 (进阶词汇)
인기 상품	Ingi sangpum	Ingi sangpum	畅销/热门商品 (进阶词汇)
어떻게 가요	Eotteoke gayo	Eotteoke gayo	怎么去... (进阶词汇)
길을 잃었어요	Gireul ireosseoyo	Gireul ireosseoyo	我迷路了 (进阶词汇)
오른쪽으로 가세요	Oreunjjogeuro gaseyo	Oreunjjogeuro gaseyo	右转 (进阶词汇)
사진 찍다	Sajin jikda	Sajin jikda	拍一张照片 (进阶词汇)
도와주실 수 있어요	Dowajuseul su isseoyo	Dowajuseul su isseoyo	你能帮我吗？ (进阶词汇)
심 카드	Sim kadeu	Sim kadeu	SIM卡 (进阶词汇)
영어 할 수 있어요	Yeongeo hal su isseoyo	Yeongeo hal su isseoyo	你会说英语吗？ (进阶词汇)
한국어를 잘 못해요	Hangugeoreul jal mothaeyo	Hangugeoreul jal mothaeyo	我不会说韩语 (进阶词汇)
경찰을 불러 주세요	Gyeongchareul bulleo juseyo	Gyeongchareul bulleo juseyo	报警 (进阶词汇)
채식 메뉴 있어요	Chaesik menyu isseoyo	Chaesik menyu isseoyo	有素食吗？ (进阶词汇)
연상연하 커플	Yeonsangyeonha kepeul	Yeonsangyeonha kepeul	年上年下情侣；姐弟恋 (名词)
길거리 음식	Gilgeori eumsik	Gilgeori eumsik	街头美食文化 (进阶词汇)
매운 음식 챌린지	Maeun eumsik chaellinji	Maeun eumsik chaellinji	辛辣食物挑战 (进阶词汇)
서바이벌 프로그램	Seobaibeol peulogeulaem	Seobaibeol peulogeulaem	生存实境秀 (进阶词汇)
한류 스타	Hallyu seutata	Hallyu seutata	韩国艺人 (进阶词汇)
미의 기준	Mi-ui gijun	Mi-ui gijun	韩国的审美标准 (进阶词汇)
편의점 문화	Pyeonuijeom munhwa	Pyeonuijeom munhwa	便利商店文化 (文化·生活)
먹방 문화	Meokbang munhwa	Meokbang munhwa	吃播文化 (文化·生活)
드라마 클리셰	Deurama keullise	Deurama keullise	韩剧陈腔滥调 (进阶词汇)
한국 나이	Hanguk nai	Hanguk nai	韩国年龄计算 (进阶词汇)
도시락 문화	Dosirak munhwa	Dosirak munhwa	学校午餐盒文化 (文化·生活)
한류 관광	Hallyu gwangwang	Hallyu gwangwang	K-tourism (进阶词汇)
재활용 쓰레기통	jaehwalyong sseuregitoong	jaehwalyong sseuregitoong	分类回收桶 (进阶词汇)
시원한 기분	Siwonhan Gibun	Siwonhan Gibun	清爽的感觉 (进阶词汇)
좋은 여행 되세요	Joeun Yeohaeng Doeseyo	Joeun Yeohaeng Doeseyo	祝您旅途愉快 (进阶词汇)
오늘도 수고했어요	Oneuldo Sugohasseoyo	Oneuldo Sugohasseoyo	今天辛苦了 (进阶词汇)
생태 관광	Saengtae gwangwang	Saengtae gwangwang	生态、旅游 (进阶词汇)
기후 변화	Gihu byeonhwa	Gihu byeonhwa	气候变化 (进阶词汇)
빨리빨리 문화	Ppalli Ppalli Munhwa	Ppalli Ppalli Munhwa	Ppalli Ppalli文化 (文化·生活)
인사 예절	Insa Yejeol	Insa Yejeol	鞠躬礼仪 (进阶词汇)
생활 한복	Saenghwal Hanbok	Saenghwal Hanbok	现代韩服 (进阶词汇)
혈액형 성격	Hyeoraekbyeong Seonggyeok	Hyeoraekbyeong Seonggyeok	血型性格 (进阶词汇)
사랑에 빠지다	Sarange Ppajida	Sarange Ppajida	坠入爱河 (进阶词汇)
중고 가게	Junggo Gage	Junggo Gage	二手店 (进阶词汇)
관광 패스	Gwangwang Paeseu	Gwangwang Paeseu	旅游通行证 (进阶词汇)
여행 일기	Yeohaeng Ilgi	Yeohaeng Ilgi	旅游日记 (进阶词汇)
스탬프 카드	Seutaempeu Kadeu	Seutaempeu Kadeu	集点卡 (进阶词汇)
사이가 나빠지다	Saiga Nabwajida	Saiga Nabwajida	关系恶化 (进阶词汇)
환불 정책	Hwanbul Jeongchaek	Hwanbul Jeongchaek	退款政策 (进阶词汇)
유령처럼 사라지다	yuryeongcheoreom sarajida	yuryeongcheoreom sarajida	已读不回（断讯） (进阶词汇)
팔로우 취소하다	palloou chwisaehada	palloou chwisaehada	取消追踪 (进阶词汇)
작업 거는 것	jageop geoneun geot	jageop geoneun geot	调情 (进阶词汇)
재미있는 대화	jaemiinneun daehwa	jaemiinneun daehwa	打趣 (进阶词汇)
함께 웃다	hamkke utda	hamkke utda	一起大笑 (进阶词汇)
함께 울다	hamkke ulda	hamkke ulda	一起哭泣 (进阶词汇)
친밀한 관계	chinmilhan gwangye	chinmilhan gwangye	亲密关系 (进阶词汇)
재고 정리	jae-go jeong-ri	jae-go jeong-ri	清除 (进阶词汇)
시장 가판대	si-jang ga-pan-dae	si-jang ga-pan-dae	集市上的货摊 (进阶词汇)
쇼핑 카트	syo-ping ka-teu	syo-ping ka-teu	购物车 (进阶词汇)
셀프 계산	self gye-san	self gye-san	自助结算 (进阶词汇)
무료 배송	mu-ryo bae-song	mu-ryo bae-song	免费送货 (进阶词汇)
특급 배송	teuk-geup bae-song	teuk-geup bae-song	快递配送 (进阶词汇)
반품 정책	ban-pum jeong-chaek	ban-pum jeong-chaek	退货政策 (进阶词汇)
상품 설명	sang-pum seol-myeong	sang-pum seol-myeong	商品详情 (进阶词汇)
고객 서비스	go-gaek seo-bi-seu	go-gaek seo-bi-seu	客户服务 (进阶词汇)
윈도우 쇼핑	win-do-u syo-ping	win-do-u syo-ping	橱窗购物 (进阶词汇)
충동 구매	chung-dong gu-mae	chung-dong gu-mae	冲动购买 (进阶词汇)
예산 쇼핑	ye-san syo-ping	ye-san syo-ping	Budget Shopping (进阶词汇)
사전 주문	sa-jeon ju-mun	sa-jeon ju-mun	预订单 (进阶词汇)
최고 평점	choe-go pyeong-jeom	choe-go pyeong-jeom	评价最高 (进阶词汇)
비교 쇼핑	bi-gyo syo-ping	bi-gyo syo-ping	比价购物 (进阶词汇)
위시 리스트	wi-si ri-seu-teu	wi-si ri-seu-teu	愿望清单 (进阶词汇)
주문 확인	ju-mun hwa-gin	ju-mun hwa-gin	订单确认 (进阶词汇)
추적 번호	chu-jeok beon-ho	chu-jeok beon-ho	追踪号码 (进阶词汇)
수입 상품	su-ip sang-pum	su-ip sang-pum	进口商品 (进阶词汇)
선물 가게	seon-mul ga-ge	seon-mul ga-ge	礼品店 (进阶词汇)
자전거 대여	jajeonggeo daeyeo	jajeonggeo daeyeo	自行车租赁 (进阶词汇)
스쿠터 대여	seukuteo daeyeo	seukuteo daeyeo	滑板车租赁 (进阶词汇)
로드 트립	rodeu teureep	rodeu teureep	公路旅行 (进阶词汇)
시티 투어	siti tueo	siti tueo	城市导览 (进阶词汇)
스파 리조트	seupa rijoteu	seupa rijoteu	温泉度假村 (进阶词汇)
베드 앤 브렉퍼스트	bedeu aen beureokpeoseu	bedeu aen beureokpeoseu	民宿（含早餐） (进阶词汇)
프론트 데스크	peuronteu deseukeu	peuronteu deseukeu	柜台 (进阶词汇)
세탁 서비스	setak seobiseu	setak seobiseu	洗衣服务 (进阶词汇)
조식 뷔페	josik bwipe	josik bwipe	自助早餐 (进阶词汇)
늦은 체크아웃	neujeun chekeu-aut	neujeun chekeu-aut	延迟退房 (进阶词汇)
일찍 체크인	ilccik chekeu-in	ilccik chekeu-in	提前入住 (进阶词汇)
시티 패스	siti paeseu	siti paeseu	城市通行证 (进阶词汇)
티머니 카드	timeo-ni kadeu	timeo-ni kadeu	T-money 卡 (进阶词汇)
관광 정보	gwangwang jeongbo	gwangwang jeongbo	旅游资讯 (进阶词汇)
포토 스팟	poto seupat	poto seupat	拍照景点 (进阶词汇)
단체 사진	danche sajin	danche sajin	团体照 (进阶词汇)
여행 친구	yeohaeng chingu	yeohaeng chingu	旅伴 (进阶词汇)
한국 호랑이	hanguk horang-i	hanguk horang-i	韩国虎 (进阶词汇)
내부 장기	naebu janggi	naebu janggi	内部器官 (进阶词汇)
태어날 때부터 있는 자국	taeeonnal ttaebuto itneun jaguk	taeeonnal ttaebuto itneun jaguk	胎记 (进阶词汇)
속이 빈	Sogi bbin	Sogi bbin	空心 (进阶词汇)
아주 작은	Aju jageun	Aju jageun	极小的 (进阶词汇)
굵은 선	Gulbeun seon	Gulbeun seon	粗线 (进阶词汇)
가는 선	Ganeun seon	Ganeun seon	细线 (进阶词汇)
첫 번째	cheot beonjjae	cheot beonjjae	第一 (进阶词汇)
두 번째	du beonjjae	du beonjjae	第二 (进阶词汇)
세 번째	se beonjjae	se beonjjae	第三 (进阶词汇)
사분의 일	sabun-ui il	sabun-ui il	四分之一 (进阶词汇)
시간에 맞춰	sigan-e matchwo	sigan-e matchwo	准时 (进阶词汇)
학교 식당	hakgyo sikdang	hakgyo sikdang	学校餐厅 (进阶词汇)
쉬는 시간	swineun sigan	swineun sigan	下课时间 (进阶词汇)
수업 시간	sueop sigan	sueop sigan	课时 (进阶词汇)
시험 점수	siheom jeomsu	siheom jeomsu	考试成绩 (进阶词汇)
반 등수	ban deungsu	ban deungsu	班级排名 (进阶词汇)
체육 수업	cheyuk sueop	cheyuk sueop	体育课 (进阶词汇)
학교 축제	hakgyo chukje	hakgyo chukje	学园祭 (进阶词汇)
방과 후	banggwa hu	banggwa hu	放学后 (进阶词汇)
학교 규칙	hakgyo gyuchik	hakgyo gyuchik	校规 (进阶词汇)
학부모 상담	hakbumo sangdam	hakbumo sangdam	家长-教师会议 (进阶词汇)
학교 폭력	hakgyo pokryok	hakgyo pokryok	学校暴力 (进阶词汇)
또래 압력	ttarae apryeok	ttarae apryeok	同龄人压力 (名词)
학교 우정	hakgyo ujeong	hakgyo ujeong	学校里的友谊 (进阶词汇)
학교 추억	hakgyo chueok	hakgyo chueok	学校回忆 (进阶词汇)
학생 대출	haksaeng daechul	haksaeng daechul	学生贷款 (进阶词汇)
졸업 논문	jorop nonmun	jorop nonmun	毕业论文 (进阶词汇)
현장 학습	Hyeonjang Hakseup	Hyeonjang Hakseup	实习 (进阶词汇)
체육 대회	Cheyuk Daehoe	Cheyuk Daehoe	体育日 (进阶词汇)
눈이 오는	nuni oneun	nuni oneun	小雪 (进阶词汇)
바람이 부는	barami buneun	barami buneun	有风 (进阶词汇)
안개가 낀	angaega kkin	angaega kkin	雾蒙蒙的 (进阶词汇)
폭풍우가 치는	pokpungu-ga chineun	pokpungu-ga chineun	暴风雨的 (进阶词汇)
끓는 듯한	kkeulneun deushan	kkeulneun deushan	酷热 (进阶词汇)
맑은 하늘	malgeun haneul	malgeun haneul	晴朗的天空 (进阶词汇)
흐린 날씨	heurin nalssi	heurin nalssi	阴天 (进阶词汇)
부분적으로 흐린	bubunjeogeuro heurin	bubunjeogeuro heurin	局部多云 (进阶词汇)
가는 비	ganeun bi	ganeun bi	小雨 (进阶词汇)
검은 얼음	geomeun eoreum	geomeun eoreum	黑冰 (进阶词汇)
자외선 차단제	jaoeseonseon chadangjae	jaoeseonseon chadangjae	防晒霜 (进阶词汇)
자외선 지수	jaoeseonseon jisu	jaoeseonseon jisu	紫外线指数 (进阶词汇)
날씨 앱	nalssi aep	nalssi aep	天气应用 (进阶词汇)
날씨 경보	nalssi gyeongbo	nalssi gyeongbo	天气警报 (进阶词汇)
홍수 경보	hongsu gyeongbo	hongsu gyeongbo	洪水警告 (进阶词汇)
계절 변화	gyejeol byeonhwa	gyejeol byeonhwa	季节变化 (进阶词汇)
여름 더위	yeoreum deowi	yeoreum deowi	夏暑 (进阶词汇)
가을 시원함	gaeul siwonham	gaeul siwonham	秋凉 (进阶词汇)
겨울 추위	gyeoul chuwei	gyeoul chuwei	寒冬 (进阶词汇)
벚꽃 개화 예보	beotkkot gaehwa yebo	beotkkot gaehwa yebo	樱花预报 (进阶词汇)
황사 경보	hwangsa gyeongbo	hwangsa gyeongbo	黄尘警告 (进阶词汇)
실내 공기질	silnae gonggijil	silnae gonggijil	室内空气质量 (进阶词汇)
우산 에티켓	usan etikket	usan etikket	雨伞礼仪 (进阶词汇)
우산 함께 쓰기	usan hamkke sseogi	usan hamkke sseogi	共用雨伞 (进阶词汇)
비오는 날씨 기분	bioneun nalssi gibun	bioneun nalssi gibun	雨天心情 (进阶词汇)
포근한 날씨	pogeunhan nalssi	pogeunhan nalssi	舒适的天气 (进阶词汇)
완벽한 날씨	wanbyeokhan nalssi	wanbyeokhan nalssi	完美的天气 (进阶词汇)
이상적인 온도	isangjeogin ondo	isangjeogin ondo	理想的温度 (进阶词汇)
날씨 잡담	nalssi japddam	nalssi japddam	天气闲聊 (进阶词汇)
미세먼지 경보	Miseemeonji Gyeongbo	Miseemeonji Gyeongbo	细悬浮微粒警报 (进阶词汇)
맑은 날	Malgeun Nal	Malgeun Nal	晴天 (进阶词汇)
흐린 하늘	Heurin Haneul	Heurin Haneul	阴天 (进阶词汇)
제설 작업	Jeseol Jageopp	Jeseol Jageopp	除雪 (进阶词汇)
소나기 뒤 무지개	Sonagi Dwi Mujigae	Sonagi Dwi Mujigae	雨后彩虹 (进阶词汇)
원피스 수영복	wonpis suyeong-bok	wonpis suyeong-bok	连身泳衣 (进阶词汇)
정장 렌탈	jeongjang rentol	jeongjang rentol	西装租赁 (进阶词汇)
패션 트렌드	paesyeon teureendeu	paesyeon teureendeu	时尚潮流 (进阶词汇)
거리 패션	geori paesyeon	geori paesyeon	街头时尚 (进阶词汇)
비즈니스 캐주얼	bijeunis-kaejuol	bijeunis-kaejuol	商务休闲 (进阶词汇)
복장 규칙	bokjang gyuchik	bokjang gyuchik	着装要求 (进阶词汇)
사이즈 차트	saijeu chateu	saijeu chateu	尺码表 (进阶词汇)
키스 장면	kiseu jangmyeon	kiseu jangmyeon	吻戏 (进阶词汇)
뒤에서 안기	dwie-eseo angi	dwie-eseo angi	背后拥抱 (进阶词汇)
손목 잡기	sonmok japi	sonmok japi	抓手腕 (进阶词汇)
우산 장면	usan jangmyeon	usan jangmyeon	雨伞场景 (进阶词汇)
빗 장면	bit jangmyeon	bit jangmyeon	雨中场景 (进阶词汇)
병원 장면	byeongwon jangmyeon	byeongwon jangmyeon	医院场景 (进阶词汇)
기억 상실	gieok sangsil	gieok sangsil	失忆 (进阶词汇)
비밀 정체성	bimil jeongcheseonseong	bimil jeongcheseonseong	秘密身份 (进阶词汇)
신데렐라 이야기	sinderella iyagi	sinderella iyagi	灰姑娘故事 (进阶词汇)
삼각 관계	samgak gwangye	samgak gwangye	三角恋 (进阶词汇)
남자 주인공	namja juinggong	namja juinggong	男主角 (进阶词汇)
여자 주인공	yeoja juinggong	yeoja juinggong	女主角 (进阶词汇)
슬픈 결말	seulpeun gyeolmal	seulpeun gyeolmal	悲剧结局 (进阶词汇)
행복한 결말	haengbokhan gyeolmal	haengbokhan gyeolmal	圆满结局 (进阶词汇)
다시 보기	dasi bogi	dasi bogi	重看 (进阶词汇)
최애 드라마	choeae derama	choeae derama	最喜欢的剧 (进阶词汇)
드라마 추천	derama chucheon	derama chucheon	推荐韩剧 (进阶词汇)
팬 편집	paen pyeonjip	paen pyeonjip	粉丝剪辑 (进阶词汇)
드라마 리뷰	derama ribyu	derama ribyu	戏剧评论 (进阶词汇)
드라마 시청률	derama sicheongnyul	derama sicheongnyul	收视率 (进阶词汇)
라이브 스트리밍	raibu seuteuring	raibu seuteuring	直播 (进阶词汇)
넷플릭스 코리아	netpeulikseul korea	netpeulikseul korea	Netflix 韩国 (进阶词汇)
웹툰 각색	webtun gaksaek	webtun gaksaek	网漫改编 (进阶词汇)
소설 각색	soseol gaksaek	soseol gaksaek	小说改编 (进阶词汇)
판타지 드라마	pantaji derama	pantaji derama	奇幻剧 (进阶词汇)
로맨틱 코미디	romaentik komidi	romaentik komidi	浪漫喜剧 (进阶词汇)
나이 차이 로맨스	nai chiai romaenseu	nai chiai romaenseu	年龄差恋爱 (进阶词汇)
짝사랑 드라마	jjaksarang derama	jjaksarang derama	单恋剧 (进阶词汇)
천천히 피어나는 로맨스	cheoncheonhi pieonaneun romaenseu	cheoncheonhi pieonaneun romaenseu	慢热恋情 (进阶词汇)
원수에서 연인으로	wonsu-eseo yeonin-euro	wonsu-eseo yeonin-euro	从敌人到恋人 (进阶词汇)
친구에서 연인으로	chingu-eseo yeonin-euro	chingu-eseo yeonin-euro	从朋友到恋人 (进阶词汇)
중매 결혼 드라마	jungmae gyeolhon derama	jungmae gyeolhon derama	契约婚姻剧 (进阶词汇)
가짜 연애	gajjka yeonae	gajjka yeonae	假交往 (进阶词汇)
보디가드 로맨스	bodigadeu romaenseu	bodigadeu romaenseu	保镖浪漫 (进阶词汇)
시간 여행 드라마	sigan yeohaeng derama	sigan yeohaeng derama	时光旅行剧 (进阶词汇)
계약 관계	gyeyak gwangye	gyeyak gwangye	合同关系 (进阶词汇)
파스텔 색	Paseutel Saek	Paseutel Saek	粉彩色 (进阶词汇)
첫 서리	Cheos Seori	Cheos Seori	第一次霜冻 (进阶词汇)
잔뜩 흐린	Janddeuk Heurin	Janddeuk Heurin	阴天 (进阶词汇)
체감 더위	Chegam Deowi	Chegam Deowi	体感炎热；体感温度 (名词)
한랭 전선	Hallaeng Jeonseon	Hallaeng Jeonseon	冷锋面 (进阶词汇)
주인공 보정	Juingong Bojeong	Juingong Bojeong	嘴遁 (进阶词汇)
열린 결말	Yeollin Gyeolmal	Yeollin Gyeolmal	Cliffhanger Ending (进阶词汇)
계약 결혼	Gyeyak Gyeolhon	Gyeyak Gyeolhon	婚姻合同 (进阶词汇)
학교 급식	hakgyo geubsik	hakgyo geubsik	学校午餐 (进阶词汇)
급식 트레이	geubsik teurai	geubsik teurai	午餐托盘 (进阶词汇)
젓가락 예절	jeotgarag yejeol	jeotgarag yejeol	筷子礼仪 (进阶词汇)
아침 조회	achim johoe	achim johoe	Morning Homeroom (进阶词汇)
학교 종	hakgyo jong	hakgyo jong	上课铃 (进阶词汇)
학교 사물함	hakgyo samulham	hakgyo samulham	学校储物柜 (进阶词汇)
수영 수업	suyeong sueop	suyeong sueop	游泳班 (进阶词汇)
요리 수업	yori sueop	yori sueop	烹饪课 (进阶词汇)
미술 용품	misul yongpum	misul yongpum	艺术用品 (进阶词汇)
학교 연극	hakgyo yeongeuk	hakgyo yeongeuk	学校玩耍 (进阶词汇)
학교 합창단	hakgyo hapchangdan	hakgyo hapchangdan	学校合唱团 (进阶词汇)
학교 밴드	hakgyo baendeu	hakgyo baendeu	学校乐队 (进阶词汇)
학교 신문	hakgyo sinmun	hakgyo sinmun	校报 (进阶词汇)
토론 동아리	toron dongari	toron dongari	辩论俱乐部 (进阶词汇)
과학 박람회	gwahak bakramhoe	gwahak bakramhoe	科学博览会 (进阶词汇)
학교 선거	hakgyo seongeeo	hakgyo seongeeo	学校选举 (进阶词汇)
학생회 회의	haksaenghoe hoeuyi	haksaenghoe hoeuyi	学生会会议 (进阶词汇)
지각 증명서	jigak jeungmyeongseo	jigak jeungmyeongseo	延迟到达单 (进阶词汇)
학부모 회의	hakbumeo hoeuyi	hakbumeo hoeuyi	家长会 (进阶词汇)
선생님 선물	seonsaengnim seonmul	seonsaengnim seonmul	教师礼物 (进阶词汇)
졸업 사진	jorop sajin	jorop sajin	毕业照 (进阶词汇)
고등학교 동창회	godeunghakgyo dongchanghoe	godeunghakgyo dongchanghoe	高中同学团聚么?。 (进阶词汇)
교환 학생	gyohwan haksaeng	gyohwan haksaeng	交换学生 (名词)
해외 유학	haewoe yuhak	haewoe yuhak	境外留学 (进阶词汇)
학교 주변	hakgyo jubyeon	hakgyo jubyeon	学校街区 (进阶词汇)
학교 등교	hakgyo deunggyo	hakgyo deunggyo	步行上学 (进阶词汇)
자전거로 등교	jajeongeoro deunggyo	jajeongeoro deunggyo	我骑自行车上学。 (进阶词汇)
방과후 간식	banggwahu gansik	banggwahu gansik	课后小吃 (进阶词汇)
학교 자판기	hakgyo japangi	hakgyo japangi	学校自动售货机 (进阶词汇)
학교 게시판	hakgyo gesipan	hakgyo gesipan	学校公告栏 (进阶词汇)
학교 공지	hakgyo gongji	hakgyo gongji	学校公告 (进阶词汇)
학교 일정 변경	hakgyo iljeong byeongyeong	hakgyo iljeong byeongyeong	学校日程安排变更 (进阶词汇)
대리 교사	daeri gyosa	daeri gyosa	代课老师 (进阶词汇)
눈 오는 날	nun oneun nal	nun oneun nal	雪天 (进阶词汇)
온라인 수업	onrain sueop	onrain sueop	网络课堂 (进阶词汇)
원격 학습	wonggyeok haksup	wonggyeok haksup	远程学习 (进阶词汇)
학교 상담	hakgyo sangdam	hakgyo sangdam	学校辅导 (进阶词汇)
진로 상담	jinro sangdam	jinro sangdam	职业咨询 (进阶词汇)
대학 지원	daehak jiwon	daehak jiwon	大学申请 (进阶词汇)
사극 의상	Sageuk Uisang	Sageuk Uisang	古装剧服装 (进阶词汇)
오픈 오피스	opun opiseu	opun opiseu	开放式办公室 (进阶词汇)
회사 이메일	hoesa imeireul	hoesa imeireul	公司电子邮件 (进阶词汇)
업무용 휴대폰	eobmuyong hyudaepol	eobmuyong hyudaepol	工作手机 (进阶词汇)
급여 관리	geupyeo gwanli	geupyeo gwanli	薪资发放 (进阶词汇)
현금 흐름	hyeongeum heureeum	hyeongeum heureeum	现金流 (进阶词汇)
엔젤 투자자	enjel tuijaja	enjel tuijaja	天使投资人 (进阶词汇)
소셜 미디어 마케팅	sosyeol midia maketing	sosyeol midia maketing	社群媒体行销 (进阶词汇)
검색 엔진 최적화	gemsaek enjin choejeokwha	gemsaek enjin choejeokwha	搜寻引擎优化 (进阶词汇)
목표 고객	mokpyo gogaek	mokpyo gogaek	目标受众 (进阶词汇)
시장 점유율	sijang jeomyuryul	sijang jeomyuryul	市场占有率 (进阶词汇)
핵심 성과 지표	haeksim seongwa jipyo	haeksim seongwa jipyo	KPI (进阶词汇)
목표와 핵심 결과	mokpyowa haeksim gyeolgwa	mokpyowa haeksim gyeolgwa	OKR (进阶词汇)
분기 보고서	bungi bogoseo	bungi bogoseo	季度报告 (进阶词汇)
연간 보고서	yeongan bogoseo	yeongan bogoseo	年度报告 (进阶词汇)
이사회 회의	isahoe hoeuui	isahoe hoeuui	董事会会议 (进阶词汇)
팀 리더	tim rideo	tim rideo	团队领导 (进阶词汇)
계층 구조	gyecheung gujo	gyecheung gujo	层级制度 (进阶词汇)
기업 문화	gieop munhwa	gieop munhwa	企业文化 (文化·生活)
팀 빌딩	tim bilding	tim bilding	团队建设 (进阶词汇)
성과 평가	seongwa pyeongga	seongwa pyeongga	绩效考核 (进阶词汇)
승진 기준	seungjin gijun	seungjin gijun	晋升标准 (进阶词汇)
회사 문화	hoesa munhwa	hoesa munhwa	公司文化 (文化·生活)
약불로 끓이다	yakbul-ro kkeulida	yakbul-ro kkeulida	煨 (进阶词汇)
저으면서 끓이다	jeoeumyeonseo kkeulida	jeoeumyeonseo kkeulida	搅拌。 (进阶词汇)
강판에 갈다	gangpan-e galda	gangpan-e galda	磨碎 (进阶词汇)
층을 이루다	cheung-eul iruda	cheung-eul iruda	涂层 (进阶词汇)
물을 빼다	mul-eul bbaeda	mul-eul bbaeda	排水管 (进阶词汇)
소금을 치다	sogeum-eul chida	sogeum-eul chida	Salt (进阶词汇)
무게를 재다	mugae-reul jaeda	mugae-reul jaeda	称重 (进阶词汇)
푸드 프로세서	pudeu peuroseseo	pudeu peuroseseo	食品加工机 (进阶词汇)
절구와 공이	jeolgu wa gongi	jeolgu wa gongi	研钵和研杵 (进阶词汇)
불의 세기	bul-ui segi	bul-ui segi	热度等级 (进阶词汇)
익은 정도	igeun jeongdo	igeun jeongdo	Doneness (进阶词汇)
덜 익은	deol igeun	deol igeun	稀有 (进阶词汇)
육즙이 많은	yugjeupi maneun	yugjeupi maneun	Juicy (进阶词汇)
라이브 공연	Raibu Gongnyeon	Raibu Gongnyeon	现场演出 (进阶词汇)
멜론 차트	Mellon Chateu	Mellon Chateu	Melon排行榜 (进阶词汇)
가온 차트	Gaon Chateu	Gaon Chateu	Gaon排行榜 (进阶词汇)
멜론 뮤직 어워드	Mellon Myusik Eowodeu	Mellon Myusik Eowodeu	Melon音乐奖 (进阶词汇)
음악 방송	Eumak Bangsong	Eumak Bangsong	音乐节目 (进阶词汇)
쇼 챔피언	Syo Chaempieon	Syo Chaempieon	《Show Champion》（韩国音乐节目） (专名)
인디 음악	Indi Eumak	Indi Eumak	独立音乐 (进阶词汇)
댄스 음악	Daenseu Eumak	Daenseu Eumak	舞曲 (进阶词汇)
전통 음악	Jeongtong Eumak	Jeongtong Eumak	韩国传统音乐 (进阶词汇)
일렉트릭 기타	Illeokterik Gita	Illeokterik Gita	电吉他 (进阶词汇)
어쿠스틱 기타	Eokuseutik Gita	Eokuseutik Gita	原声吉他 (进阶词汇)
음향 엔지니어	Eumhyang Enjinieo	Eumhyang Enjinieo	声音工程师 (进阶词汇)
화상 회의	Hwasang Hoeui	Hwasang Hoeui	电话会议 (进阶词汇)
시장 조사	Sijang Josa	Sijang Josa	市场调研 (进阶词汇)
브랜드 전략	Beuraendeu Jeonlyak	Beuraendeu Jeonlyak	品牌策略 (进阶词汇)
스포츠 부상	Seupocheu Busang	Seupocheu Busang	运动伤害 (进阶词汇)
프로 선수	Peuro Seonsu	Peuro Seonsu	职业运动员 (进阶词汇)
디지털 지갑	Dijiteol Jigap	Dijiteol Jigap	数位钱包 (进阶词汇)
개인 정보 보호	Gaein Jeongbo Boho	Gaein Jeongbo Boho	资料私隐 (进阶词汇)
뭉근히 끓이다	Mungeunhi Kkeurida	Mungeunhi Kkeurida	慢速烹调 (进阶词汇)
간 맞추기	Gan Matchugi	Gan Matchugi	调味料平衡 (进阶词汇)
음악 차트	Eumak Chateu	Eumak Chateu	音乐排行榜 (进阶词汇)
아이돌 그룹	Aidol Geurup	Aidol Geurup	偶像天团 (进阶词汇)
음악 프로듀서	Eumak Peuroduseeo	Eumak Peuroduseeo	音乐制作人 (进阶词汇)
음악 시상식	Eumak Sisangsik	Eumak Sisangsik	音乐奖 (进阶词汇)
계약 협상	gyeyak hyeopsang	gyeyak hyeopsang	5.1 合同谈判 (进阶词汇)
클라우드 컴퓨팅	keullaudeu keompyuting	keullaudeu keompyuting	云端运算 (进阶词汇)
데뷔 무대	debwi mudae	debwi mudae	首次亮相阶段 (进阶词汇)
개인 트레이너	gaein teureineeo	gaein teureineeo	私人教练 (进阶词汇)
클라우드 저장소	keullaoudeu jeojangso	keullaoudeu jeojangso	云端储存 (进阶词汇)
뮤직비디오 촬영	myujikbideo chwallyeong	myujikbideo chwallyeong	音乐录影带拍摄 (进阶词汇)
정신 건강	jeongshin geongang	jeongshin geongang	心理健康 (进阶词汇)
혈액 검사	hyeonaek geomsa	hyeonaek geomsa	血液检查 (进阶词汇)
시력 검사	siryeok geomsa	siryeok geomsa	视力检查 (名词)
신체 검사	sinche geomsa	sinche geomsa	体检 (进阶词汇)
항암 치료	hangam chiryo	hangam chiryo	化疗 (进阶词汇)
산소 마스크	sanso maseukeу	sanso maseukeу	氧气罩 (进阶词汇)
만성 질환	manseong jilhwan	manseong jilhwan	慢性病 (进阶词汇)
면역 체계	myeonyeok chegye	myeonyeok chegye	免疫系统 (进阶词汇)
손 소독제	son sodokje	son sodokje	洗手液 (进阶词汇)
진료 예약	jillyo yeyak	jillyo yeyak	预约看诊 (进阶词汇)
의무 기록	uimu girok	uimu girok	医疗记录 (进阶词汇)
스승의 날	seseungui nal	seseungui nal	教师节 (进阶词汇)
발렌타인 데이	balrentain dei	balrentain dei	情人节（韩国式） (进阶词汇)
블랙 데이	beullaek dei	beullaek dei	黑日 (进阶词汇)
국군의 날	gukgun ui nal	gukgun ui nal	武装部队 (进阶词汇)
부처님 오신 날	bucheonim osin nal	bucheonim osin nal	佛诞 (进阶词汇)
명절 귀성길	myeongjeol gwisonggil	myeongjeol gwisonggil	假日流量 (进阶词汇)
명절 선물세트	myeongjeol seolmul set	myeongjeol seolmul set	节日礼品套装 (进阶词汇)
명절 상여금	myeongjeol sangyeogeum	myeongjeol sangyeogeum	假期奖金 (进阶词汇)
전통 놀이	jeontong nori	jeontong nori	传统游戏 (进阶词汇)
명절 음식	myeongjeol eumsik	myeongjeol eumsik	节日食品 (名词)
축제 퍼레이드	chukje peoraid	chukje peoraid	节日游行 (进阶词汇)
어른께 절	eoreunke jeol	eoreunke jeol	向长老鞠躬 (进阶词汇)
풍성한 한가위 되세요	pungseonghan hangawi doeseyo	pungseonghan hangawi doeseyo	祝您度过丰盛的秋夕 (祝语)
연인의 날	yeonin ui nal	yeonin ui nal	情侣日 (进阶词汇)
새해 다짐	saehae dajim	saehae dajim	新年决心 (进阶词汇)
명절 연휴	myeongjeol yeonhyu	myeongjeol yeonhyu	节日假期 (进阶词汇)
로즈 데이	rojeu dei	rojeu dei	面包日（玫瑰日） (进阶词汇)
무비 데이	mubi dei	mubi dei	电影日 (进阶词汇)
성년의 날	seongnyeon ui nal	seongnyeon ui nal	成年礼 (进阶词汇)
대체 공휴일	daechе gonghyuil	daechе gonghyuil	补假 (进阶词汇)
생일 케이크	saengil keiku	saengil keiku	生日蛋糕 (进阶词汇)
생일 축하 노래	saengil chukha norae	saengil chukha norae	生日快乐歌 (进阶词汇)
명절 분위기	myeongjeol bunwigi	myeongjeol bunwigi	节日气氛 (进阶词汇)
명절 준비	myeongjeol junbi	myeongjeol junbi	节日准备 (进阶词汇)
교통 체증	gyotong chejjeung	gyotong chejjeung	交通堵塞 (进阶词汇)
버스 정류장	beoseu jeongnyujang	beoseu jeongnyujang	公交车站 (进阶词汇)
지하 주차장	jiha juchajang	jiha juchajang	地下停车场 (进阶词汇)
출퇴근 시간	chul toegeun sigan	chul toegeun sigan	尖峰时刻 (进阶词汇)
택시 요금	taeksi yogeum	taeksi yogeum	出租车车费 (进阶词汇)
지하철 노선도	jihacheol nosondo	jihacheol nosondo	地铁地图 (进阶词汇)
보행자 전용 구역	bohaengja jeonyong guyeok	bohaengja jeonyong guyeok	行人专区 (进阶词汇)
교통 표지판	gyotong pyojipan	gyotong pyojipan	道路交通标志 (进阶词汇)
교통 요금	gyotong yogeum	gyotong yogeum	交通费 (进阶词汇)
오토바이 헬멧	otobai helmet	otobai helmet	机车安全帽 (进阶词汇)
자전거 도로	jajeongeo doro	jajeongeo doro	自行车道 (进阶词汇)
자동차 보험	jadongcha boheom	jadongcha boheom	汽车保险 (进阶词汇)
교통 벌금	gyotong beolgeum	gyotong beolgeum	交通罚款 (进阶词汇)
차량 등록	charyang deungnok	charyang deungnok	车辆登记信息 (进阶词汇)
차량 고장	charyang gojang	charyang gojang	汽车故障 (进阶词汇)
가속 페달	gasok pedal	gasok pedal	加速踏板 (名词)
사이드 미러	saideu mireo	saideu mireo	侧镜 (进阶词汇)
오일 교환	oil gyohwan	oil gyohwan	换机油 (进阶词汇)
주차 금지	jucha geunji	jucha geunji	禁止停车 (进阶词汇)
환승 할인	hwanseung halin	hwanseung halin	转乘优惠 (进阶词汇)
분실물 센터	bunsil mul senteo	bunsil mul senteo	失物招领处 (进阶词汇)
다인승 차로	dainsng charo	dainsng charo	高乘载专用道 (进阶词汇)
주행 거리	juhaeng geori	juhaeng geori	里程 (进阶词汇)
항공편 지연	hanggongpyeon jiyeon	hanggongpyeon jiyeon	班机延误 (进阶词汇)
지하철 노선	jihacheol noseon	jihacheol noseon	地铁线 (进阶词汇)
교통 정보	gyotong jeongbo	gyotong jeongbo	交通报导 (进阶词汇)
국악 축제	gugak chukje	gugak chukje	传统音乐节 (进阶词汇)
명절 장터	myeongjeol jangteo	myeongjeol jangteo	节庆市集 (进阶词汇)
봄 축제	bom chukje	bom chukje	春季庆典 (进阶词汇)
더블 클렌징	deobeul keulleonjing	deobeul keulleonjing	双重清洁 (进阶词汇)
각질 제거	gakjil jegeo	gakjil jegeo	去角质 (进阶词汇)
달팽이 크림	dalpangi keurim	dalpangi keurim	蜗牛霜 (进阶词汇)
쿠션 팩트	kushyon paekteu	kushyon paekteu	气垫粉底 (进阶词汇)
립 틴트	rip tinteu	rip tinteu	唇釉 (进阶词汇)
유리알 피부	yurial pibu	yurial pibu	玻璃肌 (进阶词汇)
모공 관리	mogong gwanri	mogong gwanri	毛孔紧致 (进阶词汇)
여드름 패치	yeodeurem paechi	yeodeurem paechi	痘痘贴 (进阶词汇)
노화 방지	nohwa bangji	nohwa bangji	抗衰老 (进阶词汇)
피부과 클리닉	pibu gwa keulllinik	pibu gwa keulllinik	皮肤科诊所 (进阶词汇)
레이저 시술	reijeo sisul	reijeo sisul	激光治疗 (进阶词汇)
페이셜 마사지	peisyeol masaji	peisyeol masaji	脸部按摩 (进阶词汇)
클렌징 오일	keulleonjing oil	keulleonjing oil	卸妆产品 (进阶词汇)
페이셜 오일	peisyeol oil	peisyeol oil	脸部精华油 (进阶词汇)
숯 마스크	sut maseukeу	sut maseukeу	炭面膜 (进阶词汇)
틴티드 립밤	tintiteu ripbam	tintiteu ripbam	润色护唇膏 (进阶词汇)
피부 타입	pibu taip	pibu taip	肤质 (进阶词汇)
클레이 마스크	keullei maseukeу	keullei maseukeу	泥状面膜 (进阶词汇)
자외선 차단 지수	jawoiseon chadan jisu	jawoiseon chadan jisu	SPF (防晒系数) (进阶词汇)
립 스크럽	rip seukeureop	rip seukeureop	唇部去角质霜 (进阶词汇)
각질 제거 산	gakjil jegeo san	gakjil jegeo san	AHA / BHA 去角质 (进阶词汇)
뷰티 트렌드	byuti teurendeu	byuti teurendeu	韩国美妆趋势 (进阶词汇)
오일 클렌저	Oil Keullenjeo	Oil Keullenjeo	卸妆油 (进阶词汇)
미셀라 워터	Misella Woteo	Misella Woteo	卸妆水 (进阶词汇)
세팅 파우더	Seting Paudeo	Seting Paudeo	定妆蜜粉 (进阶词汇)
세팅 스프레이	Seting Seupeullei	Seting Seupeullei	定妆喷雾 (进阶词汇)
눈썹 펜슬	Nunssop Pensel	Nunssop Pensel	眉笔 (进阶词汇)
페이스 마스크	Peiseu Maseukeul	Peiseu Maseukeul	面膜 (进阶词汇)
지성 피부	Jiseong Pibu	Jiseong Pibu	油性肌肤 (进阶词汇)
건성 피부	Geonseong Pibu	Geonseong Pibu	干性肌肤 (进阶词汇)
복합성 피부	Bokhabseong Pibu	Bokhabseong Pibu	混合性肌肤 (进阶词汇)
민감성 피부	Mingamseong Pibu	Mingamseong Pibu	敏感性肌肤 (进阶词汇)
녹차 추출물	Nokcha Chuchulmul	Nokcha Chuchulmul	绿茶萃取 (进阶词汇)
병풀 추출물	Byeongpul Chuchulmul	Byeongpul Chuchulmul	积雪草 (进阶词汇)
알로에 베라	Alloe Bera	Alloe Bera	芦荟 (进阶词汇)
페이스 미스트	Peiseu Miseuteu	Peiseu Miseuteu	保湿喷雾 (进阶词汇)
옥 롤러	Ok Rolle	Ok Rolle	玉石滚轮 (进阶词汇)
곤약 스펀지	Gonyak Seuponji	Gonyak Seuponji	蒟蒻海绵 (进阶词汇)
메이크업 브러시	Meikeuop Beureosi	Meikeuop Beureosi	化妆刷 (进阶词汇)
뷰티 블렌더	Byuti Beullendeo	Byuti Beullendeo	美妆蛋 (进阶词汇)
헤어 마스크	Heeo Maseukeul	Heeo Maseukeul	发膜 (进阶词汇)
두피 케어	Dupi Keo	Dupi Keo	头皮护理 (进阶词汇)
헤어 세럼	Heeo Serom	Heeo Serom	护发精华 (进阶词汇)
헤어 스타일링	Heeo Seutailling	Heeo Seutailling	发型设计 (进阶词汇)
피부 톤	Pibu Ton	Pibu Ton	肤色 (进阶词汇)
비비 쿠션	Bibi Kusyon	Bibi Kusyon	气垫粉饼 (进阶词汇)
스킨 토너	Seukin Toneo	Seukin Toneo	爽肤水 (进阶词汇)
수면 팩	Sumyeon Paek	Sumyeon Paek	睡眠包 (进阶词汇)
피부 장벽	Pibu Jangbyeok	Pibu Jangbyeok	皮肤屏障 (进阶词汇)
민낯 메이크업	Minnat Meikeuop	Minnat Meikeuop	没有化妆外观 (进阶词汇)
물광 피부	Mulgwang Pibu	Mulgwang Pibu	Dewy Skin (进阶词汇)
셀프 케어 루틴	Selpeu Keo Rutin	Selpeu Keo Rutin	自我护理程序 (进阶词汇)
사진 촬영	Sajin Chwarlyeong	Sajin Chwarlyeong	摄影 (进阶词汇)
그림 그리기	Geurim Geurigi	Geurim Geurigi	绘画 (进阶词汇)
보드 게임	Bodeu Geim	Bodeu Geim	棋类游戏 (进阶词汇)
일기 쓰기	Ilgi Sseugi	Ilgi Sseugi	书写 (进阶词汇)
영화 보기	Yeonghwa Bogi	Yeonghwa Bogi	看电影 (进阶词汇)
별 보기	Byeol Bogi	Byeol Bogi	一起看星星 (进阶词汇)
모형 만들기	Mohyeong Mandeulgi	Mohyeong Mandeulgi	模型构建 (进阶词汇)
웹툰 보기	Webtun Bogi	Webtun Bogi	Webtoon Reading (进阶词汇)
악기 연주	Akgi Yeonju	Akgi Yeonju	琴艺 (进阶词汇)
외국어 공부	Oegugeo Gongbu	Oegugeo Gongbu	语言学习 (进阶词汇)
봉사 활동	Bongsa Hwaldong	Bongsa Hwaldong	志愿服务 (进阶词汇)
동전 수집	Dongjeon Sujip	Dongjeon Sujip	搜集钱币 (进阶词汇)
그래픽 디자인	Geuraeik Dijain	Geuraeik Dijain	平面设计 (进阶词汇)
와인 시음	Wain Sieum	Wain Sieum	品酒 (进阶词汇)
애니메이션 감상	Aenimasyon Gamsang	Aenimasyon Gamsang	看动画 (进阶词汇)
음악 제작	Eumak Jejak	Eumak Jejak	制作音乐 (进阶词汇)
스탠드업 코미디	Seutaendeop Komidi	Seutaendeop Komidi	单口喜剧 (进阶词汇)
카페 투어	Kape Tueo	Kape Tueo	咖啡厅巡游 (进阶词汇)
록 음악	Rok Eumak	Rok Eumak	摇滚乐 (进阶词汇)
맛집 탐방	Matjip Tambang	Matjip Tambang	美食之旅 (进阶词汇)
비누 만들기	Binu Mandeulgi	Binu Mandeulgi	制皂 (进阶词汇)
캔들 만들기	Kaendeul Mandeulgi	Kaendeul Mandeulgi	制蜡 (进阶词汇)
동물 봉사	Dongmul Bongsa	Dongmul Bongsa	动物志工 (进阶词汇)
도자기 그림 그리기	Dojagi Geurim Geurigi	Dojagi Geurim Geurigi	陶器彩绘 (进阶词汇)
운세 보기	Unse Bogi	Unse Bogi	占卜 (进阶词汇)
십자말 풀이	Sipjamal Puri	Sipjamal Puri	填字游戏 (进阶词汇)
여가 시간	Yeoga Sigan	Yeoga Sigan	空闲时间 (进阶词汇)
여가 활동	Yeoga Hwaldong	Yeoga Hwaldong	休闲活动 (进阶词汇)
그림 그리기 취미	Geurim Geurigi Chwimi	Geurim Geurigi Chwimi	画画 (进阶词汇)
케이팝 팬덤	Keipap Paendeom	Keipap Paendeom	K-pop 粉丝文化 (进阶词汇)
도시 스케치	Dosi Seukaechi	Dosi Seukaechi	城市写生 (进阶词汇)
드론 날리기	Deuron Nalligi	Deuron Nalligi	无人机飞行 (进阶词汇)
독서 모임	Dokseo Moim	Dokseo Moim	读书会 (进阶词汇)
롤러 스케이팅	Rolle Seuketing	Rolle Seuketing	轮滑 (进阶词汇)
박물관 관람	Bangmulgwan Gwallam	Bangmulgwan Gwallam	参观博物馆 (进阶词汇)
갤러리 관람	Gaelleri Gwallam	Gaelleri Gwallam	参观画廊 (进阶词汇)
공연 관람	Gongyeon Gwallam	Gongyeon Gwallam	听演唱会 (进阶词汇)
스포츠 관람	Seupochu Gwallam	Seupochu Gwallam	观看体育比赛 (进阶词汇)
사찰 방문	Sachal Bangmun	Sachal Bangmun	参观寺庙 (进阶词汇)
코바늘 뜨개질	Kobaneu Tteugaejil	Kobaneu Tteugaejil	钩针编织 (进阶词汇)
디지털 아트	Dijiteol Ateu	Dijiteol Ateu	数位艺术 (进阶词汇)
가죽 공예	Gajuk Gonghye	Gajuk Gonghye	皮革工艺 (进阶词汇)
만화책 읽기	Manhwachaek Ilgi	Manhwachaek Ilgi	漫画阅读 (进阶词汇)
새 요리법 시도하기	Sae Yoribop Sidohagi	Sae Yoribop Sidohagi	尝试新食谱 (进阶词汇)
네일 아트 취미	Neil Ateu Chwimi	Neil Ateu Chwimi	美甲（爱好） (进阶词汇)
바둑 동호회	Baduk Donghokhoe	Baduk Donghokhoe	围棋社 (进阶词汇)
레진 아트	Rejin Ateu	Rejin Ateu	树脂艺术 (进阶词汇)
수족관 관람	Sujokgwan Gwallam	Sujokgwan Gwallam	参观水族馆 (进阶词汇)
농구 경기	Nonggu Gyeonggi	Nonggu Gyeonggi	篮球赛 (进阶词汇)
어항 관리	Eohang Gwanri	Eohang Gwanri	养鱼 (进阶词汇)
시작이 반이다	Sijagi Banida	Sijagi Banida	好的开始是成功的一半 (进阶词汇)
말보다 행동이다	Malboda Haengdongida	Malboda Haengdongida	行动胜于言语 (进阶词汇)
늦게라도 하는 것이 낫다	Neutgerado Haneun Geosi Natda	Neutgerado Haneun Geosi Natda	迟做总比不做好 (进阶词汇)
피는 물보다 진하다	Pineun Mulboda Jinhada	Pineun Mulboda Jinhada	血浓于水 (进阶词汇)
연습이 완벽을 만든다	Yeonseubi Wanbyeogeul Mandeunda	Yeonseubi Wanbyeogeul Mandeunda	熟能生巧 (进阶词汇)
빛 좋은 개살구	Bit Joheun Gaesalgu	Bit Joheun Gaesalgu	金玉其外，败絮其中 (进阶词汇)
고생 끝에 낙이 온다	Gosaeng Kkeute Nagi Onda	Gosaeng Kkeute Nagi Onda	不劳无获 (进阶词汇)
외모로 사람을 판단하지 마라	Oemoro Sarameul Pandanhaji Mara	Oemoro Sarameul Pandanhaji Mara	不要用封面来评判一本书 (进阶词汇)
시간은 금이다	Siganeun Geumida	Siganeun Geumida	时间就是金钱 (进阶词汇)
사공이 많으면 배가 산으로 간다	Sagongi Maneuumyeon Baega Saneuro Ganda	Sagongi Maneuumyeon Baega Saneuro Ganda	人多嘴杂，坏了大事 (进阶词汇)
원숭이도 나무에서 떨어진다	Wonsungido Namueso Tteoreojinda	Wonsungido Namueso Tteoreojinda	熟能生巧，也会出错 (进阶词汇)
세 살 버릇 여든까지 간다	Se Sal Beoreut Yeodeunkkaji Ganda	Se Sal Beoreut Yeodeunkkaji Ganda	江山易改，本性难移 (进阶词汇)
쇠뿔도 단김에 빼라	Soeppuredo Dangie Baera	Soeppuredo Dangie Baera	打铁趁热 (进阶词汇)
지난 일은 지난 일이다	Jinan Ireun Jinan Irida	Jinan Ireun Jinan Irida	过去的事就让它过去 (谚语)
로마는 하루아침에 이루어지지 않았다	Romaneun Haruachime Irueojiji Anatta	Romaneun Haruachime Irueojiji Anatta	罗马不是一天造成的 (进阶词汇)
아는 것이 힘이다	Aneun Geosi Himida	Aneun Geosi Himida	知识就是力量 (谚语)
천천히 가는 자가 이긴다	Cheoncheoni Ganeun Jaga Iginda	Cheoncheoni Ganeun Jaga Iginda	稳扎稳打 (进阶词汇)
눈에는 눈 이에는 이	Nunene Nun Iene I	Nunene Nun Iene I	以眼还眼 (进阶词汇)
눈에서 멀어지면 마음에서도 멀어진다	Nuneso Meoreojimyeon Maeumeseo Meoreojinda	Nuneso Meoreojimyeon Maeumeseo Meoreojinda	眼不见，心不想 (进阶词汇)
어려울 때 친구가 진정한 친구다	Eoryeoul Ttae Chinguga Jinjeonhan Chinguda	Eoryeoul Ttae Chinguga Jinjeonhan Chinguda	患难见真情 (进阶词汇)
아니 땐 굴뚝에 연기 날까	Ani Ttaen Gulttuge Yeongi Nalka	Ani Ttaen Gulttuge Yeongi Nalka	无风不起浪 (进阶词汇)
돌다리도 두드려 보고 건너라	Doldarigodo Dudeuryeo Bogo Geonneora	Doldarigodo Dudeuryeo Bogo Geonneora	三思而后行 (进阶词汇)
남의 떡이 더 커 보인다	Namui Tteogi Deo Keo Boinda	Namui Tteogi Deo Keo Boinda	别人的碗公比较大 (进阶词汇)
밤새워 일하다	Bamsaewo Ilhada	Bamsaewo Ilhada	挑灯夜读 (进阶词汇)
모든 계란을 한 바구니에 담지 마라	Modeun Gyeraneul Han Bagunige Damji Mara	Modeun Gyeraneul Han Bagunige Damji Mara	不要把所有鸡蛋放在同一个篮子里 (进阶词汇)
일찍 일어나는 새가 벌레를 잡는다	Iljjik Ireonana Saega Bolleureul Japneunda	Iljjik Ireonana Saega Bolleureul Japneunda	早起的鸟儿有虫吃 (进阶词汇)
하늘은 스스로 돕는 자를 돕는다	Haneureun Seuseo Doneun Jareul Donneunda	Haneureun Seuseo Doneun Jareul Donneunda	自助者天助 (进阶词汇)
정직이 최선이다	Jeongjigi Choeseonida	Jeongjigi Choeseonida	诚实为上策 (进阶词汇)
삶에 변화가 필요하다	Salme Byeonhwaga Pilyohada	Salme Byeonhwaga Pilyohada	变化是生活的调味剂 (进阶词汇)
같은 배에서 나온 사람	Gateun Baeso Naon Saram	Gateun Baeso Naon Saram	同出一辙 (进阶词汇)
결과를 감수하다	Gyeolgwaleul Gamsuhada	Gyeolgwaleul Gamsuhada	面对现实 (进阶词汇)
지나친 호기심은 화를 부른다	Jinachin Hogisimeun Hwaleul Bureunda	Jinachin Hogisimeun Hwaleul Bureunda	好奇心害死猫 (进阶词汇)
자라 보고 놀란 가슴 솥뚜껑 보고 놀란다	Jara Bogo Nollan Gaseum Sotdukkong Bogo Nollanda	Jara Bogo Nollan Gaseum Sotdukkong Bogo Nollanda	一朝被蛇咬，十年怕井绳 (进阶词汇)
공짜라면 양잿물도 마신다	Gongjjaramyeon Yangjaemuredo Masinda	Gongjjaramyeon Yangjaemuredo Masinda	不要嫌弃礼物 (进阶词汇)
비밀을 털어놓다	Bimireul Teoreonnoda	Bimireul Teoreonnoda	泄漏秘密 (进阶词汇)
엄청나게 비싸다	Eomcheonnage Bissada	Eomcheonnage Bissada	非常昂贵 (进阶词汇)
빙빙 돌려서 말하다	Bingbing Dollyeoseo Malhada	Bingbing Dollyeoseo Malhada	拐弯抹角 (进阶词汇)
핵심을 찌르다	Haeksimeul Jjireuda	Haeksimeul Jjireuda	说到点子上了 (进阶词汇)
로마에 가면 로마법을 따르라	Romae Gamyeon Romain-beul Ttareura	Romae Gamyeon Romain-beul Ttareura	入乡随俗 (进阶词汇)
의심 없이 믿어주다	Uisim Eopsi Mideojuda	Uisim Eopsi Mideojuda	姑且相信 (进阶词汇)
될 대로 되라	Doel Daero Deora	Doel Daero Deora	船到桥头自然直 (进阶词汇)
입에서 맴돌다	Ibeso Maemdolda	Ibeso Maemdolda	话到嘴边说不出口 (进阶词汇)
누워서 떡 먹기	Nuwo Ttok Meokgi	Nuwo Ttok Meokgi	易如反掌 (进阶词汇)
모른 척하다	Moreun Cheokhada	Moreun Cheokhada	视而不见 (进阶词汇)
긁어 부스럼 만들지 마라	Geulgeo Buseulom Mandeulji Mara	Geulgeo Buseulom Mandeulji Mara	不要自寻烦恼 (进阶词汇)
불에 기름을 붓다	Bure Gireumeul Butda	Bure Gireumeul Butda	火上浇油 (进阶词汇)
발을 빼다	Bareul Baeda	Bareul Baeda	临阵退缩 (进阶词汇)
과욕은 금물	Gwayogeum Geummul	Gwayogeum Geummul	贪多不嚼 (进阶词汇)
짖는 개는 물지 않는다	Jjitneun Gaeneun Mulji Anneunda	Jjitneun Gaeneun Mulji Anneunda	吠叫的狗很少咬人 (进阶词汇)
아주 드물게	Aju Deumulge	Aju Deumulge	Once in a Blue Moon (进阶词汇)
비가 억수로 쏟아진다	Biga Eoksuro Ssodajinda	Biga Eoksuro Ssodajinda	下雨的猫和狗 (进阶词汇)
몸이 좋지 않다	Momi Jochi Anta	Momi Jochi Anta	身体不舒服 (短语)
주목을 독차지하다	Jumogeul Dokchajihada	Jumogeul Dokchajihada	窃取表演 (进阶词汇)
인내의 한계	Innaee Hangye	Innaee Hangye	最后一根稻草 (进阶词汇)
문제를 더 키우다	Munjereul Deo Kiuda	Munjereul Deo Kiuda	你开启了一个极为棘手的问题 (进阶词汇)
같은 처지다	Gateun Cheojida	Gateun Cheojida	一根绳上的蚂蚱 (进阶词汇)
다리를 불태우다	Darigul Bultaeu uda	Darigul Bultaeu uda	燃烧的桥梁 (进阶词汇)
백방으로 노력하다	Baekbangero Noryeokhada	Baekbangero Noryeokhada	千方百计努力；尽一切努力 (短语)
책임을 떠넘기다	Chaegimeul Tteonumgida	Chaegimeul Tteonumgida	推卸责任 (进阶词汇)
오늘은 여기서 끝내다	Oneuleun Yeogiseo Kkeunnada	Oneuleun Yeogiseo Kkeunnada	结束这一天 (进阶词汇)
가능성이 낮다	Ganeungseonggi Natda	Ganeungseonggi Natda	可能性低；希望渺茫 (表达)
일을 시작하다	Ireul Sijakhada	Ireul Sijakhada	Get the Ball Rolling (进阶词汇)
실력을 키우다	Sillyeogeul Kiuda	Sillyeogeul Kiuda	提升表现。 (进阶词汇)
창의적으로 생각하다	Changeui Jeogro Saenggakhada	Changeui Jeogro Saenggakhada	创造性地思考 (短语)
기회를 놓치다	Gihoereul Notchida	Gihoereul Notchida	错过机会 (短语)
이를 악물다	Ireul Angmulda	Ireul Angmulda	咬紧牙关 (短语)
비장의 무기가 있다	Bijangui Mugiga Itda	Bijangui Mugiga Itda	有一张王牌在你的袖子里 (进阶词汇)
현행범으로 잡히다	Hyeonhaengbeomro Japida	Hyeonhaengbeomro Japida	当场被捕 ,当场捕获,作案时被逮 (进阶词汇)
모 아니면 도	Mo Animyeon Do	Mo Animyeon Do	全有或全无 (进阶词汇)
중간에서 머뭇거리다	Jungganeso Meomutgeorida	Jungganeso Meomutgeorida	还在观望？ (进阶词汇)
성급하게 결론을 내리다	Seonggeupaghe Gyeolroneul Naerida	Seonggeupaghe Gyeolroneul Naerida	匆匆地作出结论 (进阶词汇)
빙산의 일각	Bingsanui Ilgak	Bingsanui Ilgak	冰山一角 (进阶词汇)
생각할 거리	Saenggakhal Geori	Saenggakhal Geori	想一想 (进阶词汇)
원점으로 돌아가다	Wonjeomro Doragada	Wonjeomro Doragada	回到原点，从头再来 (进阶词汇)
숨겨둔 패	Sumgyeodun Pae	Sumgyeodun Pae	Ace in the Hole (进阶词汇)
확정 짓다	Hwakjeong Jitda	Hwakjeong Jitda	把它钉下来 (进阶词汇)
수정처럼 맑다	Sujeongcheoreom Makda	Sujeongcheoreom Makda	水晶透 (进阶词汇)
계속 잘 해	Gyesok Jal Hae	Gyesok Jal Hae	继续保持目前的良好状态。 (进阶词汇)
가슴이 두근거리다	Gaseumi Dugeungeorida	Gaseumi Dugeungeorida	肚子里有蝴蝶 (进阶词汇)
기본으로 돌아가다	Giboneuro Doragada	Giboneuro Doragada	回归基本。 (进阶词汇)
시간 가는 줄 모르다	Sigan Ganeun Jul Moreuda	Sigan Ganeun Jul Moreuda	失去时间追踪 (进阶词汇)
두 마리 토끼를 잡다	Du Mari Tokkireul Japda	Du Mari Tokkireul Japda	两个世界的强强结合 (进阶词汇)
시류에 역행하다	Silyue Yeokaenghada	Silyue Yeokaenghada	Go Against the Grain (进阶词汇)
순풍에 돛단 배	Sunpunge Dotdan Bae	Sunpunge Dotdan Bae	一帆风顺 (进阶词汇)
본론으로 들어가다	Bolloneuro Deureogada	Bolloneuro Deureogada	话不多说 (进阶词汇)
개천에서 용 난다	Gaecheoneseo Yong Nanda	Gaecheoneseo Yong Nanda	从零到英雄 (进阶词汇)
노력은 배신하지 않는다	Noryeogeun Baesinhaji Anneunda	Noryeogeun Baesinhaji Anneunda	“功夫不负有心人”。 (进阶词汇)
강인한 사람	Ganginha Saram	Ganginha Saram	硬饼干 (进阶词汇)
여유를 가져라	Yeoyureul Gajeora	Yeoyureul Gajeora	别紧张 (进阶词汇)
바닥을 치다	Badageul Chida	Badageul Chida	低谷什么的， (进阶词汇)
본색을 드러내다	Bonsaegeul Deureondaeda	Bonsaegeul Deureondaeda	展现您的真实色彩 (进阶词汇)
상황을 봐가며 하다	Sanghwangeul Bwagamyeo Hada	Sanghwangeul Bwagamyeo Hada	“随机应变。” (进阶词汇)
모든 것을 다 하다	Modeun Geoseul Da Hada	Modeun Geoseul Da Hada	The Whole Nine Yards (进阶词汇)
주방 후드	Jubang Hudeu	Jubang Hudeu	抽油烟机 (进阶词汇)
소파 테이블	Sopa Teibel	Sopa Teibel	咖啡桌 (进阶词汇)
베란다 정원	Beranda Jeongwon	Beranda Jeongwon	阳台花园 (进阶词汇)
실내 식물	Sillae Singmul	Sillae Singmul	室内植物 (进阶词汇)
침대 협탁	Chimdae Hyeoptak	Chimdae Hyeoptak	床头柜 (进阶词汇)
주거 공간	Jugeo Gonggan	Jugeo Gonggan	居住空间 (进阶词汇)
욕실 매트	Yoksil Maeteu	Yoksil Maeteu	浴室脚踏垫 (进阶词汇)
디지털 도어락	Dijiteol Doeorak	Dijiteol Doeorak	电子门锁 (进阶词汇)
아파트 단지	Apateu Danji	Apateu Danji	住宅区 (进阶词汇)
아이 방	Ai Bang	Ai Bang	儿童房 (进阶词汇)
빨래 건조대	Ppallae Geonjodae	Ppallae Geonjodae	晾衣架 (进阶词汇)
손님 방	Sonnim Bang	Sonnim Bang	客房 (进阶词汇)
주방 수납장	Jubang Sunapjang	Jubang Sunapjang	厨柜 (进阶词汇)
아일랜드 식탁	Aillaendeu Siktak	Aillaendeu Siktak	厨房中岛 (进阶词汇)
식품 저장실	Sikpum Jeoangsil	Sikpum Jeoangsil	食品储藏室 (进阶词汇)
신발 탈의 구역	Sinbal Talui Guyeok	Sinbal Talui Guyeok	玄关鞋区 (进阶词汇)
난방 시스템	Nanbang Siseutem	Nanbang Siseutem	暖气系统 (进阶词汇)
조도 조절 스위치	Jodo Jojul Seuwitchi	Jodo Jojul Seuwitchi	调光器开关 (进阶词汇)
스탠드 조명	Seutaendeu Jomyeong	Seutaendeu Jomyeong	落地灯 (进阶词汇)
전기 포트	Jeongi Poteu	Jeongi Poteu	电热水壶 (进阶词汇)
커피 머신	Keopi Measin	Keopi Measin	咖啡机 (进阶词汇)
주방 저울	Jubang Jeoul	Jubang Jeoul	厨房秤 (进阶词汇)
사이드 테이블	Saideu Teibel	Saideu Teibel	边桌 (进阶词汇)
침대 프레임	Chimdae Peureeim	Chimdae Peureeim	床架 (进阶词汇)
사무용 의자	Samuyong Uija	Samuyong Uija	办公椅 (进阶词汇)
책상 조명	Chaeksang Jomyeong	Chaeksang Jomyeong	台灯 (进阶词汇)
충전 스테이션	Chungjeon Seuteisyon	Chungjeon Seuteisyon	充电站 (进阶词汇)
홈 씨어터	Hom Ssieoteo	Hom Ssieoteo	家庭剧院 (进阶词汇)
로봇 청소기	Robot Cheongsogi	Robot Cheongsogi	扫地机器人 (进阶词汇)
바베큐 그릴	Babekyuu Geuril	Babekyuu Geuril	烤肉架 (进阶词汇)
빨래 바구니	Ppallae Baguni	Ppallae Baguni	洗衣篮 (进阶词汇)
스팀 청소기	Seutim Cheongsogi	Seutim Cheongsogi	蒸气清洁机 (进阶词汇)
일산화탄소 경보기	Ilsanhwatanso Gyeongbogi	Ilsanhwatanso Gyeongbogi	一氧化碳侦测器 (进阶词汇)
집 전화	Jip Jeonhwa	Jip Jeonhwa	家用电话 (进阶词汇)
홈 보안 시스템	Hom Boan Siseutem	Hom Boan Siseutem	家庭安全系统 (进阶词汇)
침실 가구	Chimsil Gagu	Chimsil Gagu	卧室家具 (进阶词汇)
야외 가구	Yaoe Gagu	Yaoe Gagu	户外家具 (进阶词汇)
거실 세트	Geosil Seteu	Geosil Seteu	客厅组 (进阶词汇)
스트리트 패션	Seuteurit Paesyon	Seuteurit Paesyon	街头时尚 (进阶词汇)
현대 한복	Hyeondae Hanbok	Hyeondae Hanbok	改良式韩服 (进阶词汇)
야구 모자	Yagu Moja	Yagu Moja	棒球帽 (进阶词汇)
와이드 팬츠	Waideu Paencheu	Waideu Paencheu	宽松裤 (进阶词汇)
가죽 재킷	Gajuk Jaekit	Gajuk Jaekit	皮夹克 (进阶词汇)
조거 팬츠	Jogeo Paencheu	Jogeo Paencheu	慢跑裤 (进阶词汇)
청바지 오버롤	Cheongbaji Obeolol	Cheongbaji Obeolol	吊带裤 (进阶词汇)
빈티지 패션	Bintiji Paesyon	Bintiji Paesyon	复古时尚 (进阶词汇)
젠더리스 패션	Jendeolliseu Paesyon	Jendeolliseu Paesyon	无性别时尚 (进阶词汇)
명품 브랜드	Myeongpum Beuraendeu	Myeongpum Beuraendeu	奢侈品牌 (进阶词汇)
캡슐 옷장	Kaepseul Otjang	Kaepseul Otjang	胶囊衣橱 (进阶词汇)
패션 위크	Paesyon Wiki	Paesyon Wiki	时装周 (进阶词汇)
플랫폼 슈즈	Peullaettpom Syujeu	Peullaettpom Syujeu	厚底鞋 (进阶词汇)
패션 브랜드	Paesyon Beuraendeu	Paesyon Beuraendeu	服饰品牌 (进阶词汇)
패션 인플루언서	Paesyon Inpeulluenseo	Paesyon Inpeulluenseo	时尚影响者 (进阶词汇)
패스트 패션	Paeseuteu Paesyon	Paeseuteu Paesyon	快时尚 (进阶词汇)
지속 가능한 패션	Jisok Ganeunghan Paesyon	Jisok Ganeunghan Paesyon	永续时尚 (进阶词汇)
중고 의류	Junggo Uiryu	Junggo Uiryu	二手衣 (进阶词汇)
미니멀 스타일	minimol seutail	minimol seutail	迷你样式 (进阶词汇)
컬러 코디	keolleo kodi	keolleo kodi	色彩的协调 (进阶词汇)
오늘의 착장	oneul-ui chakjang	oneul-ui chakjang	当日服装（ OOTD ） (进阶词汇)
중고 옷	junggo ot	junggo ot	二手服装 (进阶词汇)
액세서리 가게	aeksesori gage	aeksesori gage	配饰店 (进阶词汇)
캐주얼 웨어	kaejuol weeo	kaejuol weeo	休闲服 (进阶词汇)
신발 사이즈	sinbal saijeu	sinbal saijeu	鞋子尺寸 (进阶词汇)
옷 사이즈	ot saijeu	ot saijeu	服装尺寸 (进阶词汇)
패션 잡지	paesyeon japji	paesyeon japji	时尚杂志 (进阶词汇)
패션 디자이너	paesyeon dijaineo	paesyeon dijaineo	时装设计师 (进阶词汇)
하이 패션	hai paesyeon	hai paesyeon	高端时尚 (进阶词汇)
패션 블로그	paesyeon beullogu	paesyeon beullogu	时尚博客演示 (进阶词汇)
패션 아이콘	paesyeon aikon	paesyeon aikon	时尚图标 (进阶词汇)
케이팝 패션	keipap paesyeon	keipap paesyeon	韩国流行时尚 (进阶词汇)
아이돌 패션	aidol paesyeon	aidol paesyeon	偶像时尚 (进阶词汇)
스니커 문화	seunikeo munhwa	seunikeo munhwa	运动鞋文化 (文化·生活)
그래픽 티	geuraepik ti	geuraepik ti	印花 T恤 (进阶词汇)
미니 원피스	mini wonpiseu	mini wonpiseu	针织迷你连身裙 (进阶词汇)
맥시 스커트	maeksi seukeoteu	maeksi seukeoteu	长裙 (进阶词汇)
카고 팬츠	kago paencheu	kago paencheu	工装裤 (进阶词汇)
단추 셔츠	danchu syeocheu	danchu syeocheu	纽扣衬衫 (进阶词汇)
패션 사진	paesyeon sajin	paesyeon sajin	时尚摄影 (进阶词汇)
빈티지 숍	bintiji syop	bintiji syop	复古商店 (进阶词汇)
한국 패션 트렌드	hanguk paesyeon teurendeu	hanguk paesyeon teurendeu	韩国时尚潮流 (进阶词汇)
웨지 슈즈	weji syujeu	weji syujeu	坡跟鞋 (进阶词汇)
옥스포드 슈즈	okseupohdeu syujeu	okseupohdeu syujeu	牛津鞋 (进阶词汇)
캡슐 컬렉션	kaepsul keolleksyeon	kaepsul keolleksyeon	胶囊系列 (进阶词汇)
패션 스타일리스트	paesyeon seutailliseuteu	paesyeon seutailliseuteu	时尚造型师 (进阶词汇)
프레피 스타일	peuleppi seutail	peuleppi seutail	这种学院风爱不爱 (进阶词汇)
보헤미안 스타일	bohemian seutail	bohemian seutail	波西米亚风格 (进阶词汇)
시크 스타일	sikeu seutail	sikeu seutail	别致风格 (进阶词汇)
내추럴 패션	naechurol paesyeon	naechurol paesyeon	自然时尚 (进阶词汇)
컬러풀 코디	keolleopul kodi	keolleopul kodi	五颜六色的服装 (进阶词汇)
패션 학생	paesyeon haksaeng	paesyeon haksaeng	时尚系学生 (进阶词汇)
스타일 영감	seutail yeonggam	seutail yeonggam	款式灵感 (进阶词汇)
서울 패션 위크	seoúl paesyeon wikeu	seoúl paesyeon wikeu	首尔时装周 (进阶词汇)
애슬레저 스타일	aeseulelleo seutail	aeseulelleo seutail	韩国运动休闲 (进阶词汇)
의류 대여	uiryu daeyeo	uiryu daeyeo	时尚出租 (进阶词汇)
액세서리 트렌드	aeksesori teurendeu	aeksesori teurendeu	配件趋势 (进阶词汇)
한국 패션 문화	hanguk paesyeon munhwa	hanguk paesyeon munhwa	韩国时尚文化 (文化·生活)
패션 모델	paesyeon model	paesyeon model	时装模特儿 (进阶词汇)
파스텔 컬러	paseutel keolleo	paseutel keolleo	粉彩色 (进阶词汇)
패션 하울	paesyeon haul	paesyeon haul	时尚运输 (进阶词汇)
패션 감각	paesyeon gamgak	paesyeon gamgak	时尚感 (进阶词汇)
대기 오염	daegi oyeom	daegi oyeom	空气污染 (进阶词汇)
쓰레기 분리수거	sseuRegi bullisugeo	sseuRegi bullisugeo	废弃物分离 (进阶词汇)
지구 온난화	jigu onnanhwa	jigu onnanhwa	全球变暖 (进阶词汇)
탄소 발자국	tanso baljaguk	tanso baljaguk	碳足迹 (进阶词汇)
재생 에너지	jaesaeng eneoji	jaesaeng eneoji	可再生能源 (进阶词汇)
태양 에너지	taeyang eneoji	taeyang eneoji	太阳能 (进阶词汇)
풍력 발전	pungnyeok baljeon	pungnyeok baljeon	风能 (进阶词汇)
원자력 에너지	wonjaryeok eneoji	wonjaryeok eneoji	核能 (进阶词汇)
삼림 벌채	samrim beolchae	samrim beolchae	砍伐森林 (进阶词汇)
생물 다양성	saengmul dayangsseong	saengmul dayangsseong	生物多样性 (进阶词汇)
멸종 위기종	myeoljong wigijeong	myeoljong wigijeong	濒危种 (进阶词汇)
해양 오염	haeyang oyeom	haeyang oyeom	海洋污染 (进阶词汇)
플라스틱 오염	peullaseutik oyeom	peullaseutik oyeom	塑胶污染 (进阶词汇)
수질 오염	sujil oyeom	sujil oyeom	水污染 (进阶词汇)
토양 오염	toyang oyeom	toyang oyeom	土壤污染 (进阶词汇)
소음 공해	soeum gonghae	soeum gonghae	噪音污染 (进阶词汇)
빛 공해	bit gonghae	bit gonghae	光污染 (进阶词汇)
지속 가능성	jisok ganeungseong	jisok ganeungseong	永续性 (进阶词汇)
녹색 에너지	noksaek eneoji	noksaek eneoji	绿色能源 (进阶词汇)
탄소 중립	tanso jungnip	tanso jungnip	碳中和 (进阶词汇)
대기 질 지수	daegi jil jisu	daegi jil jisu	空气品质指数 (进阶词汇)
환경 보호	hwangyeong boho	hwangyeong boho	环境保护 (进阶词汇)
제로 웨이스트	jero weiseuteu	jero weiseuteu	零废弃 (进阶词汇)
음식물 쓰레기	eumsigmul sseuRegi	eumsigmul sseuRegi	食物垃圾 (进阶词汇)
화석 연료	hwaseok yeollyo	hwaseok yeollyo	化石燃料 (进阶词汇)
일회용 플라스틱	ilhoeyong peullaseutik	ilhoeyong peullaseutik	一次性塑胶 (进阶词汇)
에너지 절약	eneoji jeoryak	eneoji jeoryak	节能 (进阶词汇)
물 절약	mul jeoryak	mul jeoryak	节约用水 (进阶词汇)
녹지 공간	nokji gonggan	nokji gonggan	绿地 (进阶词汇)
도시 농업	dosi nongeop	dosi nongeop	都市农业 (进阶词汇)
해수면 상승	haesumyeon sangseung	haesumyeon sangseung	海平面上升 (进阶词汇)
친환경 건물	chinhwangyeong geonmul	chinhwangyeong geonmul	绿建筑 (进阶词汇)
오염 방지	oyeom bangji	oyeom bangji	污染防治 (进阶词汇)
환경 운동	hwangyeong undong	hwangyeong undong	环保行动主义 (进阶词汇)
지속 가능한 개발	jisok ganeunghan gaebal	jisok ganeunghan gaebal	永续发展 (进阶词汇)
환경 교육	hwangyeong gyoyuk	hwangyeong gyoyuk	环境教育 (进阶词汇)
플라스틱 없는	peullaseutik eonneun	peullaseutik eonneun	无塑胶 (进阶词汇)
기후 위기	gihu wigi	gihu wigi	气候危机 (进阶词汇)
환경 캠페인	hwangyeong kaempein	hwangyeong kaempein	环保活动 (进阶词汇)
해변 청소	haebyeon cheongso	haebyeon cheongso	海滩清洁 (进阶词汇)
탄소 거래	tanso georae	tanso georae	碳交易 (进阶词汇)
멸종위기 식물	myeoljongwigi singmul	myeoljongwigi singmul	濒危植物 (进阶词汇)
나무 심기	namu simgi	namu simgi	植树 (进阶词汇)
청정 에너지	cheongjeong eneoji	cheongjeong eneoji	洁净能源 (进阶词汇)
수소 에너지	suso eneoji	suso eneoji	氢能 (进阶词汇)
해양 보전	haeyang bojeon	haeyang bojeon	海洋保育 (进阶词汇)
오염 감소	oyeom gamso	oyeom gamso	减少污染 (进阶词汇)
환경 봉사자	hwangyeong bongsaja	hwangyeong bongsaja	环保志工 (进阶词汇)
자연 보호 구역	jayeon boho guyeok	jayeon boho guyeok	自然保护区 (进阶词汇)
오염 모니터링	oyeom moniteoling	oyeom moniteoling	污染监测 (进阶词汇)
환경 영향	hwangyeong yeonghyang	hwangyeong yeonghyang	环境影响 (进阶词汇)
환경 과학	hwangyeong gwahak	hwangyeong gwahak	环境科学 (进阶词汇)
탄소 흡수	tanso heupsu	tanso heupsu	碳 螯 合 (进阶词汇)
생태 발자국	saengtae baljaguk	saengtae baljaguk	生态足迹 (进阶词汇)
환경 정책	hwangyeong jeongchaek	hwangyeong jeongchaek	环保政策 (进阶词汇)
환경 재해	hwangyeong jaehae	hwangyeong jaehae	环境灾难 (进阶词汇)
자연 치유	jayeon chiyu	jayeon chiyu	自然治愈 (进阶词汇)
환경 의식	hwangyeong uisik	hwangyeong uisik	环保意识 (进阶词汇)
폐기물 관리	paegimul gwanlli	paegimul gwanlli	废弃物管理 (进阶词汇)
자연 다큐멘터리	jayeon dakyumenteolli	jayeon dakyumenteolli	自然纪录片 (进阶词汇)
자연 산책	jayeon sanchaek	jayeon sanchaek	大自然漫步 (进阶词汇)
환경 기술	hwangyeong gisul	hwangyeong gisul	环境科技 (进阶词汇)
먹이 사슬	meogi saseul	meogi saseul	食物链 (进阶词汇)
외래 침입종	oerae chimipjeong	oerae chimipjeong	侵入种 (进阶词汇)
해수 온난화	haesu onnanhwa	haesu onnanhwa	海洋变暖 (进阶词汇)
미세 플라스틱	mise peullaseutik	mise peullaseutik	微塑料 (进阶词汇)
한국 역사	hanguk yeoksa	hanguk yeoksa	韩国历史 (进阶词汇)
조선 왕조	joseon wangjo	joseon wangjo	朝鲜王朝 (进阶词汇)
고려 왕조	goryeo wangjo	goryeo wangjo	高丽王朝 (进阶词汇)
삼국 시대	samguk sidae	samguk sidae	三国时期 (进阶词汇)
한글 창제	hangeul changje	hangeul changje	朝鲜文创作 (进阶词汇)
일제 강점기	ilje gangjeomgi	ilje gangjeomgi	日本殖民时期 (进阶词汇)
한국 전쟁	hanguk jeonjaeng	hanguk jeonjaeng	韩战 (进阶词汇)
남북 분단	nambuk bundan	nambuk bundan	朝鲜半岛分裂 (进阶词汇)
고대 한국	godae hanguk	godae hanguk	古代韩国 (进阶词汇)
민주화 운동	minjuhwa undong	minjuhwa undong	民主化运动 (进阶词汇)
한강의 기적	hangang-ui gijeok	hangang-ui gijeok	汉江奇迹 (进阶词汇)
서울 올림픽	seoúl ollimpik	seoúl ollimpik	1988年汉城奥运会 (进阶词汇)
금속 활자	geumsok hwalja	geumsok hwalja	金属活字印刷 (进阶词汇)
한글 역사	hangeul yeoksa	hangeul yeoksa	韩文历史 (进阶词汇)
촛불 집회	chosbul jibohe	chosbul jibohe	烛光示威 (进阶词汇)
궁중 음악	gungjung eumak	gungjung eumak	宫廷音乐 (进阶词汇)
한국 근대화	hanguk geundaehwa	hanguk geundaehwa	韩国近代化 (进阶词汇)
조선 경제	joseon gyeongje	joseon gyeongje	朝鲜经济 (进阶词汇)
수원 화성	suwon hwaSeong	suwon hwaSeong	水原华城 (进阶词汇)
서대문 형무소	seodaemun hyeongmuso	seodaemun hyeongmuso	西大门监狱 (进阶词汇)
남북 통일	nambuk tongil	nambuk tongil	韩半岛统一 (进阶词汇)
조선 미술	joseon misul	joseon misul	朝鲜艺术 (进阶词汇)
후삼국 시대	husamguk sidae	husamguk sidae	后三国时代 (进阶词汇)
몽골 침략	mongol chimnyak	mongol chimnyak	蒙古入侵朝鲜 (进阶词汇)
조선 문학	joseon munhak	joseon munhak	朝鲜文学 (进阶词汇)
유신 헌법	yusin heonbeop	yusin heonbeop	维新宪法 (进阶词汇)
대한민국 헌법	daehanjiminguk heonbeop	daehanjiminguk heonbeop	韩国宪法 (进阶词汇)
태극기 역사	taegukgi yeoksa	taegukgi yeoksa	大韩帝国国旗（太极旗历史） (进阶词汇)
조선 형벌	joseon hyeongbeol	joseon hyeongbeol	朝鲜刑罚制度 (进阶词汇)
고려 불교	goryeo bulgyo	goryeo bulgyo	高丽佛教 (进阶词汇)
내장산 국립공원	naejangsan gungnipgongwon	naejangsan gungnipgongwon	内藏山国立公园 (进阶词汇)
국악 역사	gugak yeoksa	gugak yeoksa	韩国传统音乐史 (进阶词汇)
조선 조세 제도	Joseon josae jedo	Joseon josae jedo	朝鲜王朝税制 (进阶词汇)
한국 도자기 역사	Hanguk dojagi yeoksa	Hanguk dojagi yeoksa	韩国陶瓷史 (进阶词汇)
한국 독립 운동	Hanguk dongnip undong	Hanguk dongnip undong	韩国独立运动 (进阶词汇)
군 계급	Gun gyegup	Gun gyegup	军阶 (进阶词汇)
군사 훈련	Gunsa hunryeon	Gunsa hunryeon	军事演习 (进阶词汇)
군사 전략	Gunsa jeonryak	Gunsa jeonryak	军事战略 (进阶词汇)
국기 게양식	Gukgi geyangsik	Gukgi geyangsik	升旗仪式 (进阶词汇)
군사 동맹	Gunsa dongmaeng	Gunsa dongmaeng	军事同盟 (进阶词汇)
핵 억지력	Haek eokjilryok	Haek eokjilryok	核威慑 (进阶词汇)
화학 무기	Hwahak mugi	Hwahak mugi	化学武器 (进阶词汇)
평화 유지	Pyeonghwa yuji	Pyeonghwa yuji	维和 (进阶词汇)
군사 역사	Gunsa yeoksa	Gunsa yeoksa	军事史 (进阶词汇)
드론 전쟁	Deuron jeonjaeng	Deuron jeonjaeng	无人机作战 (进阶词汇)
사이버 전쟁	Saibeeo jeonjaeng	Saibeeo jeonjaeng	网络战 (进阶词汇)
전쟁 기념비	Jeonjaeng ginyeombpi	Jeonjaeng ginyeombpi	战争纪念碑 (进阶词汇)
군인 묘지	Gunin myoji	Gunin myoji	军人公墓 (进阶词汇)
국방 예산	Gukbang yessan	Gukbang yessan	Military budget (进阶词汇)
전쟁 범죄	Jeonjaeng beomjoe	Jeonjaeng beomjoe	战争罪 (进阶词汇)
제네바 협약	Jeneba hyeobyak	Jeneba hyeobyak	公约》的进一步演进 (进阶词汇)
군사 재판	Gunsa jaepan	Gunsa jaepan	军事法庭 (进阶词汇)
신병 훈련소	Sinbyeong hunryeonso	Sinbyeong hunryeonso	Boot camp (进阶词汇)
장애물 코스	Jangaemul koseu	Jangaemul koseu	障碍路线 (进阶词汇)
야간 투시	Yagan tusi	Yagan tusi	夜视镜 (进阶词汇)
야전 병원	Yajeon byeongwon	Yajeon byeongwon	闪医院 (进阶词汇)
군사 퍼레이드	Gunsa peoreideu	Gunsa peoreideu	军事检阅 (进阶词汇)
군사 의식	Gunsa uisik	Gunsa uisik	军事仪式 (进阶词汇)
상륙 작전	Sangryuk jakjeon	Sangryuk jakjeon	两栖进攻 (进阶词汇)
군 사령부	Gun salyeongbu	Gun salyeongbu	军区 (进阶词汇)
군사 정보	Gunsa jeongbo	Gunsa jeongbo	军事情报局 (进阶词汇)
군인 선서	Gunin seonseo	Gunin seonseo	军誓 (进阶词汇)
계급 표장	Gyegup pyojang	Gyegup pyojang	军衔标志 (进阶词汇)
군용 수송	Gunyong susong	Gunyong susong	军事运输 (进阶词汇)
군사 통신	Gunsa tongsin	Gunsa tongsin	军事通讯 (进阶词汇)
군사 기술	Gunsa gisul	Gunsa gisul	军事科技 (进阶词汇)
군사 훈련 시설	Gunsa hunryeon sisul	Gunsa hunryeon sisul	军事训练设施 (进阶词汇)
군사 작전	Gunsa jakjeon	Gunsa jakjeon	军事行动 (进阶词汇)
군 인원	Gun inwon	Gun inwon	军事人员 (进阶词汇)
군사 장비	Gunsa jangbi	Gunsa jangbi	军事装备 (进阶词汇)
군 복무 기간	Gun bokmu gigan	Gun bokmu gigan	兵役期 (进阶词汇)
군 부대	Gun budae	Gun budae	军事单位 (进阶词汇)
법 개정	Beop gaejeong	Beop gaejeong	法律修正案 (进阶词汇)
언론의 자유	Eonron-ui jayou	Eonron-ui jayou	言论自由 (进阶词汇)
언론 자유	Eonron jayou	Eonron jayou	新闻自由 (进阶词汇)
종교의 자유	Jonggyo-ui jayou	Jonggyo-ui jayou	宗教自由 (进阶词汇)
자금 세탁	Jajin setag	Jajin setag	洗钱 (进阶词汇)
마약 밀수	Mayak milsu	Mayak milsu	毒品贩运 (进阶词汇)
가정 폭력	Gajeong pokhyeok	Gajeong pokhyeok	家庭暴力 (进阶词汇)
사이버 범죄	Saibeor beomjoe	Saibeor beomjoe	网路犯罪 (进阶词汇)
지적 재산권	Jijeok jaesanwon	Jijeok jaesanwon	智慧财产权 (进阶词汇)
법적 문서	Beop-jeok munso	Beop-jeok munso	法律文件 (进阶词汇)
외교 관계	Oegyo gwangye	Oegyo gwangye	外交关系 (进阶词汇)
국가 안보	Gukga anbo	Gukga anbo	国家安全 (进阶词汇)
정보 기관	Jeongbo gigwan	Jeongbo gigwan	情报机构 (进阶词汇)
비밀 경찰	Bimil gyeongchal	Bimil gyeongchal	特勤局 (进阶词汇)
재정 정책	Jaejeong jeongchaek	Jaejeong jeongchaek	财政政策 (进阶词汇)
소환 선거	Sohwan seonkeo	Sohwan seonkeo	罢免 (进阶词汇)
입법 절차	Ipbeop jeolcha	Ipbeop jeolcha	立法程序 (进阶词汇)
사법 심사	Sabeop simsa	Sabeop simsa	司法审查 (进阶词汇)
법적 책임	Beop-jeok chaekimm	Beop-jeok chaekimm	法律责任 (进阶词汇)
법적 분쟁	Beop-jeok bunjjaeng	Beop-jeok bunjjaeng	法律纠纷 ,法律争端 (进阶词汇)
법률 자문	Beobryul jamun	Beobryul jamun	法律顾问 (进阶词汇)
민간 미술	Mingan misul	Mingan misul	民间艺术 (进阶词汇)
로고 디자인	Logo dijain	Logo dijain	标志设计 (进阶词汇)
브랜드 아이덴티티	Beuraendeu aidentiti	Beuraendeu aidentiti	品牌识别 (进阶词汇)
모션 그래픽스	Mosyon geuraepikseul	Mosyon geuraepikseul	动态图像 (进阶词汇)
색채 이론	Saekchae iron	Saekchae iron	色彩理论 (进阶词汇)
추상 미술	Chusang misul	Chusang misul	抽象艺术 (进阶词汇)
현대 미술	Hyeondae misul	Hyeondae misul	现代艺术 (进阶词汇)
현대 예술	Hyeondae yesul	Hyeondae yesul	当代艺术 (进阶词汇)
팝 아트	Pap ateu	Pap ateu	普普艺术 (进阶词汇)
픽셀 아트	Piksyel ateu	Piksyel ateu	像素艺术 (进阶词汇)
가상 현실 미술	Gasang hyeonsil misul	Gasang hyeonsil misul	虚拟实境艺术 (进阶词汇)
설치 미술	Seonji misul	Seonji misul	装置艺术 (进阶词汇)
퍼포먼스 아트	Peofomenseu ateu	Peofomenseu ateu	行为艺术 (进阶词汇)
거리 미술	Geori misul	Geori misul	街头艺术 (进阶词汇)
스테인드 글래스	Seuteindeul geullaeseu	Seuteindeul geullaeseu	花窗玻璃 (进阶词汇)
공공 미술	Gonggong misul	Gonggong misul	公共艺术 (进阶词汇)
등 공예	Deung gongyae	Deung gongyae	灯笼工艺 (进阶词汇)
종이 공예	Jongyi gongyae	Jongyi gongyae	纸工艺品 (进阶词汇)
직물 디자인	Jigmul dijain	Jigmul dijain	纺织品设计 (进阶词汇)
패턴 디자인	Paeteon dijain	Paeteon dijain	图案造型 (进阶词汇)
금속 공예	Geumseok gongyae	Geumseok gongyae	金属制品 (进阶词汇)
보석 공예	Boseok gongyae	Boseok gongyae	珠宝制作 (进阶词汇)
패션 디자인	Paesyeon dijain	Paesyeon dijain	时尚设计 (进阶词汇)
제품 디자인	Jepum dijain	Jepum dijain	产品设计 (进阶词汇)
산업 디자인	Saneop dijain	Saneop dijain	工业设计 (进阶词汇)
인테리어 디자인	Interio dijain	Interio dijain	室内设计 (进阶词汇)
가구 디자인	Gagu dijain	Gagu dijain	家具设计 (进阶词汇)
비디오 아트	Bidio ateu	Bidio ateu	视频艺术 (进阶词汇)
미술 비평가	Misul bipyeonggga	Misul bipyeonggga	艺术评论家 (进阶词汇)
미술 학교	Misul hakgyo	Misul hakgyo	艺术学校 (进阶词汇)
순수 미술	Sunsu misul	Sunsu misul	美术 (进阶词汇)
미술 학사	Misul haksa	Misul haksa	美术学士 (进阶词汇)
미술 석사	Misul seoksa	Misul seoksa	MFA (进阶词汇)
작가 성명	Jakga seongmyeong	Jakga seongmyeong	艺术家自述 (进阶词汇)
미술 시장	Misul sijang	Misul sijang	艺术市场 (进阶词汇)
미술 치료	Misul chiryo	Misul chiryo	艺术治疗 (进阶词汇)
미술 교육	Misul gyoyuk	Misul gyoyuk	艺术教育 (进阶词汇)
종교 축제	Jonggyo chukje	Jonggyo chukje	宗教节日 (进阶词汇)
조상 숭배	Josang sungbae	Josang sungbae	祖先崇拜 (进阶词汇)
종교 휴일	Jonggyo hyuil	Jonggyo hyuil	宗教节日 (进阶词汇)
한국의 크리스마스	Hangugui keuliseumaseu	Hangugui keuliseumaseu	韩国的圣诞节 (进阶词汇)
추석의 종교적 측면	Chuseogui jonggyo-jeok cheukmyeon	Chuseogui jonggyo-jeok cheukmyeon	秋夕的宗教意义 (进阶词汇)
종교 간 대화	Jonggyo gan daehwa	Jonggyo gan daehwa	宗教间对话 (进阶词汇)
종교와 국가	Jonggyo-wa gukga	Jonggyo-wa gukga	宗教与国家 (进阶词汇)
선교 활동	Seonggyo hwaldong	Seonggyo hwaldong	传教工作 (进阶词汇)
종교 봉사 활동	Jonggyo bongsa hwaldong	Jonggyo bongsa hwaldong	志工服务（宗教） (进阶词汇)
종교 교육	Jonggyo gyoyuk	Jonggyo gyoyuk	宗教教育 (进阶词汇)
종교 방송	Jonggyo bangsong	Jonggyo bangsong	宗教广播 (进阶词汇)
종교 미술	Jonggyo misul	Jonggyo misul	宗教艺术 (进阶词汇)
종교 음악	Jonggyo eumak	Jonggyo eumak	宗教音乐 (进阶词汇)
도교 사원	Dogyo sawon	Dogyo sawon	道观 (进阶词汇)
무속 의식	Musok uisik	Musok uisik	萨满仪式 (进阶词汇)
영적 치유	Yeongjeok chiyu	Yeongjeok chiyu	精神疗愈 (进阶词汇)
집들이 축복식	Jipduri chukboksik	Jipduri chukboksik	新居祝福仪式 (进阶词汇)
인체 드로잉	Inche deuroing	Inche deuroing	人体素描 (进阶词汇)
목탄 드로잉	Moktan deuroing	Moktan deuroing	炭笔画 (进阶词汇)
혼합 매체	Honhap maechae	Honhap maechae	复合媒材 (进阶词汇)
청동 조각	Cheongdong jogak	Cheongdong jogak	铜雕 (进阶词汇)
스크린 인쇄	Seukeurin inswa	Seukeurin inswa	丝网印刷 (进阶词汇)
시각 미술	Sigak misul	Sigak misul	视觉艺术 (进阶词汇)
전시 개막	Jeonsi gaemak	Jeonsi gaemak	开幕式 (进阶词汇)
저축 계좌	Jeochuk gyejwa	Jeochuk gyejwa	储蓄帐户 (进阶词汇)
당좌 계좌	Dangja gyejwa	Dangja gyejwa	支票帐户 (进阶词汇)
해외 송금	Haewoe songgeum	Haewoe songgeum	国际汇款 (进阶词汇)
주택 담보 대출	Jutaek dambo daechul	Jutaek dambo daechul	抵押贷款 (进阶词汇)
현금 자동 입출금기	Hyungeum jadong ipchulgeum-gi	Hyungeum jadong ipchulgeum-gi	自动柜员机 (进阶词汇)
주식 시장	Jusik sijang	Jusik sijang	股市 (进阶词汇)
뮤추얼 펀드	Myuchuwal peundeu	Myuchuwal peundeu	共同基金 (进阶词汇)
상장 지수 펀드	Sangjang jisu peundeu	Sangjang jisu peundeu	ETF (进阶词汇)
부동산 투자	Budongsan tuija	Budongsan tuija	房地产投资 (进阶词汇)
재무 제표	Jaemu jeyo	Jaemu jeyo	财务报表 (进阶词汇)
손익 계산서	Soneik gyesan-seo	Soneik gyesan-seo	损益表 (进阶词汇)
세금 신고	Segeum singo	Segeum singo	报税单 (进阶词汇)
생명 보험	Saengmyeong boheom	Saengmyeong boheom	人寿保险 (进阶词汇)
건강 보험	Geongang boheom	Geongang boheom	健康保险 (进阶词汇)
화재 보험	Hwajae boheom	Hwajae boheom	火灾保险 (进阶词汇)
퇴직 기금	Toejik gigeum	Toejik gigeum	退休基金 (进阶词汇)
국민 연금	Gungmin yeongeum	Gungmin yeongeum	国民年金（韩国） (进阶词汇)
급여 수표	Geupyeo suhyo	Geupyeo suhyo	薪水支票 (进阶词汇)
최저 임금	Choejeo imgeum	Choejeo imgeum	最低工资 (进阶词汇)
초과 근무 수당	Chogwa geunmu sudang	Chogwa geunmu sudang	加班费 (进阶词汇)
금융 위기	Geumyung wiggi	Geumyung wiggi	金融危机 (进阶词汇)
경기 침체	Gyeonggi chimche	Gyeonggi chimche	经济衰退 (进阶词汇)
국내 총생산	Gungnaae chong saengsang	Gungnaae chong saengsang	国内生产总值 (进阶词汇)
국민 총생산	Gungmin chong saengsang	Gungmin chong saengsang	国民生产总值 (进阶词汇)
무역 적자	Muyeok jeokja	Muyeok jeokja	贸易逆差 (进阶词汇)
무역 흑자	Muyeok heukja	Muyeok heukja	贸易顺差 (进阶词汇)
수출 금융	Suchul geumyung	Suchul geumyung	出口融资 (进阶词汇)
수입 금융	Suip geumyung	Suip geumyung	进口融资 (进阶词汇)
상업 은행	Sangeop eunhaeng	Sangeop eunhaeng	商业银行 (进阶词汇)
투자 은행	Tuija eunhaeng	Tuija eunhaeng	投资银行 (进阶词汇)
모바일 뱅킹	Mobail baengking	Mobail baengking	行动银行 (进阶词汇)
인터넷 뱅킹	Inteonet baengking	Inteonet baengking	网路银行 (进阶词汇)
카카오 페이	Kakao pei	Kakao pei	Kakao Pay (进阶词汇)
네이버 페이	Neibeo pei	Neibeo pei	Naver Pay (进阶词汇)
금융 규제	Geumyung gyuje	Geumyung gyuje	金融监管 (进阶词汇)
헤지 펀드	Heji peundeu	Heji peundeu	对冲基金 (进阶词汇)
스타트업 자금	Seutateup jageum	Seutateup jageum	启动资金 (进阶词汇)
재무 고문	Jaemu gomun	Jaemu gomun	财务顾问 (进阶词汇)
모유 수유	Moyu suyu	Moyu suyu	母乳喂养 (moyeo-ui wiyuu) (进阶词汇)
잠자리 준비	Jamjari junbi	Jamjari junbi	睡前作息 (进阶词汇)
배변 훈련	Baebyon hullyeon	Baebyon hullyeon	如厕训练 (进阶词汇)
학교 준비	Hakgyo junbi	Hakgyo junbi	学前准备 (进阶词汇)
숙제 도움	Sukje doum	Sukje doum	功课辅导 (进阶词汇)
방과후 활동	Banggwahu hwaldong	Banggwahu hwaldong	课外活动 (进阶词汇)
벌칙 시간	Beolchik sigan	Beolchik sigan	暂停冷静时间 (进阶词汇)
형제 자매 싸움	Hyungje jamae ssaum	Hyungje jamae ssaum	手足竞争 (进阶词汇)
가족 식사	Gajok siksa	Gajok siksa	家庭用餐 (进阶词汇)
가족 휴가	Gajok hyuga	Gajok hyuga	家庭度假 (进阶词汇)
가족 사진	Gajok sajin	Gajok sajin	全家福 (进阶词汇)
가족 회의	Gajok hoeuui	Gajok hoeuui	家庭会议 (进阶词汇)
통금 시간	Tonggeum sigan	Tonggeum sigan	宵禁 (进阶词汇)
화면 시간	Hwamyeon sigan	Hwamyeon sigan	萤幕时间 (进阶词汇)
디지털 양육	Dijital yanguk	Dijital yanguk	数位育儿 (进阶词汇)
아이 온라인 안전	Ai onrain anjon	Ai onrain anjon	儿童网路安全 (进阶词汇)
등교 거부	Deunggyo geoboo	Deunggyo geoboo	拒学 (进阶词汇)
대학 준비	Daehak junbi	Daehak junbi	大学准备 (进阶词汇)
집을 떠나기	Jibeul tteonagi	Jibeul tteonagi	离巢 (进阶词汇)
빈 둥지	Bin dungji	Bin dungji	空巢期 (进阶词汇)
할머니 할아버지 역할	Halmeoni harabeoji yeokhal	Halmeoni harabeoji yeokhal	阿公阿嬷的角色 (进阶词汇)
아이 돌보기	Ai dolbogi	Ai dolbogi	临时保母 (进阶词汇)
이혼이 아이에게 미치는 영향	Ihon-i ai-ege michineun yeonghyang	Ihon-i ai-ege michineun yeonghyang	离婚对子女的影响 (进阶词汇)
재구성 가족	Jaegusong gajok	Jaegusong gajok	重组家庭 (进阶词汇)
위탁 양육	Witag yanguk	Witag yanguk	寄养家庭 (进阶词汇)
아동 학대 예방	Adong hakdae yebang	Adong hakdae yebang	儿童虐待预防 (进阶词汇)
아동 복지	Adong bokji	Adong bokji	儿童福利 (进阶词汇)
소아과 의사	Soagwa uisa	Soagwa uisa	儿科医生 (进阶词汇)
예방 접종 일정	Yebang jeopsong iljeong	Yebang jeopsong iljeong	疫苗接种时间表 (进阶词汇)
아동 건강 검진	Adong geongang geomjin	Adong geongang geomjin	儿童健康检查 (进阶词汇)
성장 차트	Seongjiang chatu	Seongjiang chatu	生长曲线图 (进阶词汇)
열 관리	Yeol gwanli	Yeol gwanli	发烧处理 (进阶词汇)
아이 알레르기	Ai allereugi	Ai allereugi	儿童过敏 (进阶词汇)
아동 영양	Adong yeongyang	Adong yeongyang	儿童营养 (进阶词汇)
까다로운 식사	Kkadaloum siksa	Kkadaloum siksa	挑食者 (进阶词汇)
수면 훈련	Sumeol hullyeon	Sumeol hullyeon	睡眠训练 (进阶词汇)
수면 퇴행	Sumeol toehang	Sumeol toehang	睡眠倒退期 (进阶词汇)
분리 불안	Bunli bulan	Bunli bulan	分离焦虑 (进阶词汇)
낯선 사람 위험	Natsseun saram wiheom	Natsseun saram wiheom	陌生人危险 (进阶词汇)
아이 도로 안전	Ai doro anjon	Ai doro anjon	儿童道路安全 (进阶词汇)
놀이터 안전	Noliteeo anjon	Noliteeo anjon	游乐场安全 (进阶词汇)
수영 레슨	Suyeong reseun	Suyeong reseun	游泳课程 (进阶词汇)
음악 레슨	Eumak reseun	Eumak reseun	音乐课程 (进阶词汇)
아이 미술 수업	Ai misul sueop	Ai misul sueop	儿童美术班 (进阶词汇)
아이 스포츠	Ai seupocheu	Ai seupocheu	儿童运动 (进阶词汇)
독서 습관	Dokseo seupgwan	Dokseo seupgwan	阅读习惯 (进阶词汇)
도서관 방문	Doseo-gwan bangmun	Doseo-gwan bangmun	参观图书馆 (进阶词汇)
이야기 말하기	Iyagi malhagi	Iyagi malhagi	说故事 (进阶词汇)
상상 놀이	Sangsang nol-i	Sangsang nol-i	想像力游戏 (进阶词汇)
교육 장난감	Gyoyuk jangnanggam	Gyoyuk jangnanggam	教育玩具 (进阶词汇)
야외 놀이	Yaoe nol-i	Yaoe nol-i	户外游戏 (进阶词汇)
자연 놀이	Jayeon nol-i	Jayeon nol-i	自然游戏 (进阶词汇)
아이와 캠핑	Ai-wa kaemping	Ai-wa kaemping	亲子露营 (进阶词汇)
한국 생일 전통	Hanguk saengil jeontong	Hanguk saengil jeontong	韩国生日传统 (进阶词汇)
생일 미역국	Saengil miyeok-guk	Saengil miyeok-guk	生日吃海带汤 (进阶词汇)
백일 축하	Baekil chukha	Baekil chukha	百日宴 (进阶词汇)
퇴직 계획	Toejik gyehoek	Toejik gyehoek	退休计划 (进阶词汇)
유리 외벽	Yuri oebyek	Yuri oebyek	玻璃外墙 (进阶词汇)
스마트 건물	Seumateu geonmul	Seumateu geonmul	智慧建筑 (进阶词汇)
외관 디자인	Oegwan dijain	Oegwan dijain	外观设计 (进阶词汇)
사찰 건축	Sachal geonchuk	Sachal geonchuk	寺庙建筑 (进阶词汇)
궁전 건축	Gungjeon geonchuk	Gungjeon geonchuk	宫殿建筑 (进阶词汇)
정원 디자인	Jeongwon dijain	Jeongwon dijain	庭院设计 (进阶词汇)
도시 계획	Dosi gyehoek	Dosi gyehoek	城市规划 (进阶词汇)
도시 디자인	Dosi dijain	Dosi dijain	城市设计 (进阶词汇)
토지 이용	Toji iyong	Toji iyong	土地利用 (进阶词汇)
공공 공간	Gonggong gonggan	Gonggong gonggan	公共活动场地 (进阶词汇)
공원 디자인	Gongwon dijain	Gongwon dijain	公园设计 (进阶词汇)
거리 가구	Geori gagu	Geori gagu	街道家具 (进阶词汇)
지속 가능한 건축	Jisok ganeunghan geonchuk	Jisok ganeunghan geonchuk	永续建筑 (进阶词汇)
패시브 하우스	Paesibeuh hauseu	Paesibeuh hauseu	被动式房屋 (进阶词汇)
태양광 디자인	Taeyangkwang dijain	Taeyangkwang dijain	太阳能设计 (进阶词汇)
풍력 디자인	Pungryeok dijain	Pungryeok dijain	风力设计 (进阶词汇)
조명 디자인	Jomyeong dijain	Jomyeong dijain	照明设计 (进阶词汇)
화재 안전	Hwajae anjeol	Hwajae anjeol	消防安全 (进阶词汇)
접근성 디자인	Jeobgeunseong dijain	Jeobgeunseong dijain	无障碍设计 (进阶词汇)
유니버설 디자인	Yunibeoseol dijain	Yunibeoseol dijain	通用设计 (进阶词汇)
모듈식 건축	Modyulsik geonchuk	Modyulsik geonchuk	模组化建筑 (进阶词汇)
문화유산 건물	Munhwa yusan geonmul	Munhwa yusan geonmul	历史建筑 (文化·生活)
건설 현장	Geonseol hyeonjang	Geonseol hyeonjang	建筑工地 (进阶词汇)
현장 안전	Hyeonjang anjeol	Hyeonjang anjeol	工地安全 (进阶词汇)
백신 개발	Baeksin gaebal	Baeksin gaebal	疫苗开发 (进阶词汇)
서울대학교 연구	Seoul Daehakgyo Yeongu	Seoul Daehakgyo Yeongu	首尔大学研究 (进阶词汇)
정부 연구기관	Jeongbu Yeongu Gigwan	Jeongbu Yeongu Gigwan	政府研究机构 (进阶词汇)
연구개발 예산	Yeongu Gaebal Yessan	Yeongu Gaebal Yessan	研发预算 (进阶词汇)
학부 연구	Hakbu Yeongu	Hakbu Yeongu	大学部研究 (进阶词汇)
현장 조사	Hyeonjang Josa	Hyeonjang Josa	实地工作: (进阶词汇)
인터뷰 방법	Inteobyyu Bangbeop	Inteobyyu Bangbeop	面试方式 (进阶词汇)
사례 연구	Saryae Yeongu	Saryae Yeongu	案例研究 (进阶词汇)
통계적 유의성	Tonggaejok Yuuiseong	Tonggaejok Yuuiseong	统计学显著性： (进阶词汇)
표본 크기	Pyobon Keugi	Pyobon Keugi	样本量 (进阶词汇)
데이터 시각화	Deiteo Sigakhwa	Deiteo Sigakhwa	数据可视化 (名词)
소프트웨어 개발	Sopeutuweo Gaebal	Sopeutuweo Gaebal	软件开发 (进阶词汇)
반도체 연구	Bandoche Yeongu	Bandoche Yeongu	半导体研究 (进阶词汇)
디스플레이 기술	Diseupeulei Gisul	Diseupeulei Gisul	显示技术 (进阶词汇)
배터리 연구	Baeteori Yeongu	Baeteori Yeongu	电池研究 (进阶词汇)
수소 연료전지 연구	Suso Yeonryojeonji Yeongu	Suso Yeonryojeonji Yeongu	氢燃料电池研究 (进阶词汇)
우주 탐사	Uju Tamsa	Uju Tamsa	空间探索 (进阶词汇)
해양 연구	Haeyang Yeongu	Haeyang Yeongu	海洋研究 (进阶词汇)
기후 연구	Gihu Yeongu	Gihu Yeongu	气候研究 (进阶词汇)
공중보건 연구	Gongjung Bogeon Yeongu	Gongjung Bogeon Yeongu	公共卫生研究 (进阶词汇)
의학 연구	Uihak Yeongu	Uihak Yeongu	医学研究 (进阶词汇)
신약 개발	Sinyak Gaebal	Sinyak Gaebal	药物发现 (进阶词汇)
대학 입시	Daehak ipsi	Daehak ipsi	大学入学考试 (进阶词汇)
부모 자녀 유대	Bumo janyeo yudae	Bumo janyeo yudae	亲子连结 (进阶词汇)
아이와 함께하는 시간	Ai-wa hamkkeehaneun sigan	Ai-wa hamkkeehaneun sigan	与孩子共度的优质时光 (进阶词汇)
부모 참여	Bumo chamyeo	Bumo chamyeo	家长参与 (进阶词汇)
아동 발달 이정표	Adong baltal ijeongpyo	Adong baltal ijeongpyo	儿童发展里程碑 (进阶词汇)
언어 발달	Eonneo baltal	Eonneo baltal	语言发展 (进阶词汇)
사회 기술	Sahoe gisul	Sahoe gisul	社交技能 (进阶词汇)
감정 지능	Gamjeong jineung	Gamjeong jineung	情商 (进阶词汇)
아이 독립성	Ai dokripseong	Ai dokripseong	儿童独立性 (进阶词汇)
어른 존경	Eoreun jongyeong	Eoreun jongyeong	尊敬长辈 (进阶词汇)
가족 화목	Gajok hwamok	Gajok hwamok	家庭和睦 (进阶词汇)
부모 일과 삶의 균형	Bumo ilgwa salui gyunhyeong	Bumo ilgwa salui gyunhyeong	父母的工时与生活平衡 (进阶词汇)
부모 스트레스	Bumo seuteureseu	Bumo seuteureseu	父母压力 (进阶词汇)
부모 지원 그룹	Bumo jiwon geurup	Bumo jiwon geurup	育儿支持团体 (进阶词汇)
부모 교육	Bumo gyoyuk	Bumo gyoyuk	育儿课程 (进阶词汇)
아동 심리학	Adong simni-hak	Adong simni-hak	儿童心理学 (进阶词汇)
긍정적 양육	Geungjeongjeok yanguk	Geungjeongjeok yanguk	正向育儿 (进阶词汇)
권위적 양육	Gwonwijeok yanguk	Gwonwijeok yanguk	权威型育儿 (进阶词汇)
애착 양육	Aejak yanguk	Aejak yanguk	依附式育儿 (进阶词汇)
연구 방법론	Yeongu Bangbeopllon	Yeongu Bangbeopllon	研究方法论 (进阶词汇)
문헌 검토	Munheon Geomto	Munheon Geomto	文献回顾 (进阶词汇)
가설 검증	Gaseol Geomjeung	Gaseol Geomjeung	假设检定 (进阶词汇)
질적 연구	Jiljeok Yeongu	Jiljeok Yeongu	质性研究 (进阶词汇)
양적 연구	Yangjeok Yeongu	Yangjeok Yeongu	量化研究 (进阶词汇)
연구 윤리	Yeongu Yulli	Yeongu Yulli	研究伦理 (进阶词汇)
데이터 수집	Deiteo Sujip	Deiteo Sujip	资料收集 (进阶词汇)
통계 분석	Tonggae Bunsuk	Tonggae Bunsuk	统计分析 (进阶词汇)
연구 제안서	Yeongu Jeananseo	Yeongu Jeananseo	研究计划书 (进阶词汇)
연구 결과	Yeongu Gyeolkwa	Yeongu Gyeolkwa	研究发现 (进阶词汇)
연구 영향	Yeongu Yeonghyang	Yeongu Yeonghyang	研究影响 (进阶词汇)
학제간 연구	Hakjeegan Yeongu	Hakjeegan Yeongu	跨学科研究 (进阶词汇)
협력 연구	Hyeoplyeok Yeongu	Hyeoplyeok Yeongu	合作研究 (进阶词汇)
기초 연구	Gicho Yeongu	Gicho Yeongu	基础研究 (进阶词汇)
응용 연구	Eungyong Yeongu	Eungyong Yeongu	应用研究 (进阶词汇)
중개 연구	Jungae Yeongu	Jungae Yeongu	转译研究 (进阶词汇)
연구 협업	Yeongu Hyeopeop	Yeongu Hyeopeop	研究合作 (进阶词汇)
연구 기반시설	Yeongu Gibansisel	Yeongu Gibansisel	研究基础设施 (进阶词汇)
연구 산출물	Yeongu Sanchulmul	Yeongu Sanchulmul	研究产出 (进阶词汇)
연구 확산	Yeongu Hwakssan	Yeongu Hwakssan	研究传播 (进阶词汇)
연구 평가	Yeongu Pyeongga	Yeongu Pyeongga	研究评估 (进阶词汇)
연구 진실성	Yeongu Jinsil-seong	Yeongu Jinsil-seong	研究诚信 (进阶词汇)
철근 콘크리트	cheolgeun konkeuliteu	cheolgeun konkeuliteu	钢筋混凝土 (进阶词汇)
지하 상가	jiha sangga	jiha sangga	地下商场 (进阶词汇)
문화재 보존	munhwajae bojon	munhwajae bojon	文化遗产保护 (文化·生活)
녹화 지붕	nokwa jibung	nokwa jibung	绿色屋顶 (进阶词汇)
건축 허가	geonchuk heoga	geonchuk heoga	建筑许可证 (进阶词汇)
내진 설계	naejin seolgyae	naejin seolgyae	抗震设计 (进阶词汇)
복합 건물	bokap geonmul	bokap geonmul	混合用途建筑 (进阶词汇)
마이너스 통장	maineos tongjiang	maineos tongjiang	透支 (进阶词汇)
자산 배분	jasan baebun	jasan baebun	资产配置 (进阶词汇)
적립식 투자	jeoknipsik tuja	jeoknipsik tuja	定期定额投资 (进阶词汇)
단기 금융 시장	dangi geumyung sijang	dangi geumyung sijang	货币市场 (进阶词汇)
금융 이해력	geumyung ihaenyeok	geumyung ihaenyeok	金融素养 (进阶词汇)
부채 통합	buchae tonghap	buchae tonghap	债务整合 (进阶词汇)
거래 내역서	georae naeyeokseo	georae naeyeokseo	银行对帐单 (进阶词汇)
외환 거래	oehwan georae	oehwan georae	外汇交易 (进阶词汇)
기초 공사	gicho gongsa	gicho gongsa	地基 (进阶词汇)
구조 공학	gujo gongak	gujo gongak	结构工程 (进阶词汇)
소방 안전	sobang anjeon	sobang anjeon	消防安全 (进阶词汇)
미술 전시회	misul jeonsihoae	misul jeonsihoae	艺术展览 (进阶词汇)
기준 금리	gijun geumni	gijun geumni	基准利率 (进阶词汇)
물가 상승률	mulga sangseungnyul	mulga sangseungnyul	通货膨胀率 (进阶词汇)
간편 결제	ganpyeon gyeolche	ganpyeon gyeolche	移动支付 (进阶词汇)
공항 터미널	gonghang teominal	gonghang teominal	机场航站楼 (进阶词汇)
발행 부수	balhaeng busu	balhaeng busu	发行量 (进阶词汇)
탐사 보도	tamsa bodo	tamsa bodo	调查报导 (进阶词汇)
가짜 뉴스	gajja nyuseu	gajja nyuseu	假新闻 (进阶词汇)
보도 자료	bodo jaryo	bodo jaryo	新闻稿 (进阶词汇)
기사 서명란	gisa seongmyeongnan	gisa seongmyeongnan	署名 (进阶词汇)
뉴스 통신사	nyuseu tongshinsa	nyuseu tongshinsa	通讯社 (进阶词汇)
뉴스 피드	nyuseu pideu	nyuseu pideu	新闻动态 (进阶词汇)
언론 윤리	eollon yulli	eollon yulli	新闻伦理 (进阶词汇)
허위 정보	heowi jeongbo	heowi jeongbo	错误资讯 (进阶词汇)
디지털 저널리즘	dijikeol jeoneollizeum	dijikeol jeoneollizeum	数位新闻学 (进阶词汇)
사진 설명	sajin seolmyeong	sajin seolmyeong	照片说明 (进阶词汇)
보도 금지	bodo geunji	bodo geunji	媒体禁令 (进阶词汇)
언론 편향	eollon pyeonhyang	eollon pyeonhyang	媒体偏见 (进阶词汇)
미디어 리터러시	midieo liteoraeshi	midieo liteoraeshi	媒体素养 (进阶词汇)
통신 서비스	tongsin seobiseu	tongsin seobiseu	通讯社 (进阶词汇)
기사 제안	gisa jean	gisa jean	故事提案 (进阶词汇)
신문 제호	sinmun jeho	sinmun jeho	报头 (进阶词汇)
통신 기사	tongsin gisa	tongsin gisa	通讯社稿件 (进阶词汇)
독자 권익 위원	dokja gwonigyiwon	dokja gwonigyiwon	监察员 (进阶词汇)
인쇄 매체	insae maech'e	insae maech'e	平面媒体 (进阶词汇)
방송 기자	bangsong gija	bangsong gija	广播记者 (进阶词汇)
정정 보도	jeongjong bodo	jeongjong bodo	更正 (进阶词汇)
왜곡 보도	waegok bodo	waegok bodo	舆论引导 (进阶词汇)
언론 재벌	eollon jaebeol	eollon jaebeol	媒体集团 (进阶词汇)
온라인 뉴스	ollaein nyuseu	ollaein nyuseu	网路新闻 (进阶词汇)
공영 방송	gongyeong bangsong	gongyeong bangsong	公共广播 (进阶词汇)
유출된 정보	yuchuldoen jeongbo	yuchuldoen jeongbo	泄漏资讯 (进阶词汇)
광고성 기사	gwanggoseong gisa	gwanggoseong gisa	广告报导 (进阶词汇)
취재 허가증	chwiae heogajeung	chwiae heogajeung	新闻认证 (进阶词汇)
뉴스 집계 서비스	nyuseu jipgye seobiseu	nyuseu jipgye seobiseu	新闻聚合器 (进阶词汇)
언론 홍보	eollon hongbo	eollon hongbo	媒体关系  (进阶词汇)
감시 기관	gamsi gigwan	gamsi gigwan	看门狗 (进阶词汇)
기자 간담회	gija gandamhoe	gija gandamhoe	新闻发布会 (进阶词汇)
데이터 저널리즘	deiteo jeoneollizeum	deiteo jeoneollizeum	数据新闻 (进阶词汇)
심층 보도	simcheung bodo	simcheung bodo	长篇新闻 (进阶词汇)
배너 광고	baeneogwanggo	baeneogwanggo	横幅广告 (进阶词汇)
언론 소유권	eollon soyu-gwon	eollon soyu-gwon	17. 媒体拥有权 (进阶词汇)
유료 콘텐츠	yuryo kontent'eu	yuryo kontent'eu	付费墙内容 (进阶词汇)
뉴스 편승	nyuseu pyeonseung	nyuseu pyeonseung	新闻劫持 (进阶词汇)
핵심 발언	haeksim bareun	haeksim bareun	声音咬合 (进阶词汇)
언론 투명성	eollon tumyeongseong	eollon tumyeongseong	媒体透明度 (进阶词汇)
뉴스 진행자	nyuseu jinhaenga	nyuseu jinhaenga	新闻播报员 (进阶词汇)
미디어 윤리	midieo yulli	midieo yulli	媒体伦理 (进阶词汇)
언론 자유 지수	eollon jayu jisu	eollon jayu jisu	新闻自由指数 (进阶词汇)
사이버 저널리즘	saibeo jeoneollizeum	saibeo jeoneollizeum	网路新闻学 (进阶词汇)
보도 자료 배포	bodo jaryo baepo	bodo jaryo baepo	新闻稿发布 (进阶词汇)
뉴스 분석	nyuseu bunsaek	nyuseu bunsaek	新闻分析 (进阶词汇)
지역 뉴스	jiyeok nyuseu	jiyeok nyuseu	地方新闻 (进阶词汇)
프리랜서 기자	peurilaenseo gija	peurilaenseo gija	自由记者 (进阶词汇)
허위 정보 유포	heowi jeongbo yupo	heowi jeongbo yupo	虚假资讯 (进阶词汇)
목격자 진술	mokgyeokja jinsul	mokgyeokja jinsul	目击者陈述 (进阶词汇)
언론 동향	eollon donghyang	eollon donghyang	媒体评论 (进阶词汇)
사진 촬영 기회	sajin chwallyeong giho	sajin chwallyeong giho	摄影机会 (进阶词汇)
김치 반찬	gimchi banchan	gimchi banchan	泡菜小菜 (Kimchi Banchan) (进阶词汇)
프라이드 치킨	peuraedeu chikin	peuraedeu chikin	韩国炸鸡 (进阶词汇)
로제 떡볶이	roje tteokbokkgi	roje tteokbokkgi	玫瑰辣炒年糕 (进阶词汇)
해물 된장찌개	haemul doenjang jjigae	haemul doenjang jjigae	海鲜大酱汤 (进阶词汇)
상담 치료	sangdam chiryo	sangdam chiryo	心理治疗 (进阶词汇)
자기 돌봄	jagi dolbom	jagi dolbom	自我照顾 (进阶词汇)
외상 후 스트레스 장애	oesang hu seuteureseu jangae	oesang hu seuteureseu jangae	创伤后应激障碍 (进阶词汇)
강박 장애	gangbak jangae	gangbak jangae	OCD (进阶词汇)
양극성 장애	yanggeukseong jangae	yanggeukseong jangae	躁郁症 (进阶词汇)
감정 조절	gamjeong jojeol	gamjeong jojeol	情绪调节 (进阶词汇)
회복 탄력성	hoibok tallyeokseong	hoibok tallyeokseong	复原力 (进阶词汇)
정신건강의학과 의사	jeongsin geongang uihakgwa uisa	jeongsin geongang uihakgwa uisa	心理医生 (进阶词汇)
사회 불안	sahoe buran	sahoe buran	社交焦虑 (进阶词汇)
섭식 장애	seopsik jangae	seopsik jangae	思食症 (进阶词汇)
자조 모임	jajo moim	jajo moim	支援组 (进阶词汇)
감정 소진	gamjeong sojin	gamjeong sojin	情绪疲惫 (进阶词汇)
인지 왜곡	inji waegok	inji waegok	认知扭曲 (进阶词汇)
정신 질환 낙인	jeongsin jirhwan nakjin	jeongsin jirhwan nakjin	精神疾病污名 (进阶词汇)
수면 위생	sumyeon wisaeng	sumyeon wisaeng	Sleep Hygiene (进阶词汇)
운동 치료	undong chiryo	undong chiryo	运动疗法 (进阶词汇)
호흡 운동	hoheup undong	hoheup undong	呼吸练习 (进阶词汇)
자살 예방	jasal yebang	jasal yebang	预防自杀 (进阶词汇)
위기 상담 전화	wigi sangdam jeonhwa	wigi sangdam jeonhwa	危机求助热线 (进阶词汇)
대처 전략	daeche jeonryak	daeche jeonryak	应对策略 (进阶词汇)
집단 치료	jipdan chiryo	jipdan chiryo	团体治疗 (进阶词汇)
온라인 상담	ollaein sangdam	ollaein sangdam	最佳线上治疗 (进阶词汇)
건강한 경계	geongangeun gyeonggye	geongangeun gyeonggye	健康的界限 (进阶词汇)
정신 건강 앱	jeongsin geongang aep	jeongsin geongang aep	心理健康App (进阶词汇)
긍정 심리학	geungjeong simrihak	geungjeong simrihak	积极心理学 (进阶词汇)
정신 건강의 날	jeongsin geongang-ui nal	jeongsin geongang-ui nal	心理健康日 (进阶词汇)
분노 조절	bunno jojeol	bunno jojeol	愤怒管理 (进阶词汇)
정신 건강 인식	jeongsin geongang insik	jeongsin geongang insik	心理健康意识 (进阶词汇)
침습적 사고	chimseupjeok sago	chimseupjeok sago	侵入性思维 (进阶词汇)
신경 다양성	singyeong dayangseong	singyeong dayangseong	神经多样性 (进阶词汇)
주의력 결핍 과잉행동 장애	juuiryeok gyeolpip gwaing haengdong jangae	juuiryeok gyeolpip gwaing haengdong jangae	注意力缺陷多动障碍 (进阶词汇)
감사 연습	gamsa yeonseup	gamsa yeonseup	感恩练习 (进阶词汇)
사회적 고립	sahoejeok gorip	sahoejeok gorip	社交退缩 (进阶词汇)
탈진 예방	taljin yebang	taljin yebang	倦怠预防 (进阶词汇)
성장형 마인드셋	seongjangnyeong maindeutsaet	seongjangnyeong maindeutsaet	成长型思维 (进阶词汇)
소셜 미디어와 정신 건강	sosyeol midieo wa jeongsin geongang	sosyeol midieo wa jeongsin geongang	社交媒体与心理健康 (进阶词汇)
치료 동물	chiryo dongmul	chiryo dongmul	治疗动物 (进阶词汇)
산림 치유	sallim chiyu	sallim chiyu	森林疗法 (进阶词汇)
독성 관계	dokseong gwangye	dokseong gwangye	有毒关系 (进阶词汇)
자기 자비	jagi jabi	jagi jabi	自我同情 (进阶词汇)
심리적 안전감	simrijeok anjeonggam	simrijeok anjeonggam	心理安全 (进阶词汇)
동료 지원	dongnyeo jiwon	dongnyeo jiwon	同侪支持 (进阶词汇)
생활 루틴	saengwal rutin	saengwal rutin	日常作息 (进阶词汇)
정신 건강 전문가	jeongsin geongang jeonmunga	jeongsin geongang jeonmunga	心理健康专业人士 (进阶词汇)
최면 치료	choimyeon chiryo	choimyeon chiryo	催眠疗法 (进阶词汇)
정서적 지원	jeongseojeok jiwon	jeongseojeok jiwon	情感支持 (进阶词汇)
계절성 우울증	gyejeolseong uuljung	gyejeolseong uuljung	季节性忧郁 (进阶词汇)
이완 기법	iwan gibeop	iwan gibeop	放松技巧 (进阶词汇)
회피 행동	hoepi haengdong	hoepi haengdong	回避行为 (进阶词汇)
감정 마비	gamjeong mabi	gamjeong mabi	情感麻木 (进阶词汇)
자기 성찰	jagi seonchchal	jagi seonchchal	内省 (进阶词汇)
심리적 회복력	simrijeok hoibokyeok	simrijeok hoibokyeok	心理韧性 (进阶词汇)
애착 유형	aeChak yuhyeong	aeChak yuhyeong	依附风格 (进阶词汇)
마음챙김 식사	maeum chaenggim siksa	maeum chaenggim siksa	正念饮食 (进阶词汇)
부적응적 대처	bujeokeuijeok daeche	bujeokeuijeok daeche	适应不良的应对 (进阶词汇)
긍정 확언	geungjeong hwaggeon	geungjeong hwaggeon	正面肯定语 (进阶词汇)
독성 긍정주의	dokseong geungjeongju-ui	dokseong geungjeongju-ui	毒性正面 (进阶词汇)
내면 아이	naemyeon ai	naemyeon ai	内在小孩 (进阶词汇)
약물 남용	yangmul namyong	yangmul namyong	药物滥用 (进阶词汇)
정신 건강 검진	jeongsin geongang geomjin	jeongsin geongang geomjin	心理健康检查 (进阶词汇)
노출 치료	nochul chiryo	nochul chiryo	暴露疗法 (进阶词汇)
적극적 경청	jeokgeukjeok gyeongcheong	jeokgeukjeok gyeongcheong	积极倾听 (进阶词汇)
심리 교육	simri gyoyuk	simri gyoyuk	心理教育 (进阶词汇)
전문적 도움	jeonmunjeok doum	jeonmunjeok doum	专业协助 (进阶词汇)
금단 증상	geumdan jeungsang	geumdan jeungsang	戒断症状 (进阶词汇)
정신 재활	jeongsin jaehwal	jeongsin jaehwal	心理复健 (进阶词汇)
원격 정신과 진료	wongyeok jeongsingwa jilyo	wongyeok jeongsingwa jilyo	远距精神医疗 (进阶词汇)
삶의 의미	salm-ui uimi	salm-ui uimi	生命意义 (进阶词汇)
이야기 치료	iyagi chiryo	iyagi chiryo	叙事疗法 (进阶词汇)
음악 치료	eumak chiryo	eumak chiryo	音乐治疗 (进阶词汇)
위기 개입	wigi gaeip	wigi gaeip	危机干预 (进阶词汇)
사회적 지지	sahoejeok jiji	sahoejeok jiji	社会支持 (进阶词汇)
마음 리셋	maeum riset	maeum riset	心理重置 (进阶词汇)
심신 연결	simsin yeongyeol	simsin yeongyeol	身心连结 (进阶词汇)
전인 건강	jeonin geongang	jeonin geongang	整体健康 (进阶词汇)
콘셉트 포토	konsepeuteu poto	konsepeuteu poto	概念照 (进阶词汇)
월드 투어	weoldeu tueo	weoldeu tueo	世界巡回演唱会 (进阶词汇)
걸 그룹	geol geurup	geol geurup	女子团体 (进阶词汇)
보이 그룹	boi geurup	boi geurup	男子团体 (进阶词汇)
온라인 콘서트	ollaein konseoteu	ollaein konseoteu	线上演唱会 (进阶词汇)
랩 라인	laep rain	laep rain	饶舌 line (进阶词汇)
한국 영화	hanguk yeonghwa	hanguk yeonghwa	韩国电影 (进阶词汇)
팬 아트	paen ateu	paen ateu	粉丝艺术 (进阶词汇)
라이브 방송	raibu bangsong	raibu bangsong	直播 (进阶词汇)
문화 교류	munhwa gyoryu	munhwa gyoryu	文化交流 (文化·生活)
음원 차트	eumwon chateu	eumwon chateu	音乐排行榜 (进阶词汇)
활동 중단	hwaldong jungdan	hwaldong jungdan	暂停活动 (进阶词汇)
해외 팬	haoe paen	haoe paen	国际粉丝 (进阶词汇)
오디션 프로그램	odisyeon peulogeulaem	odisyeon peulogeulaem	生存节目 (进阶词汇)
문화적 영향력	munhwajeok yeonghyangnyeok	munhwajeok yeonghyangnyeok	文化影响力 (文化·生活)
연예인 커플	yeonaein keobul	yeonaein keobul	明星情侣 (进阶词汇)
형 라인	hyeong rain	hyeong rain	哥哥 line (进阶词汇)
리액션 영상	riaeksyeon yeongsang	riaeksyeon yeongsang	反应影片 (进阶词汇)
메인 보컬	mein bokeol	mein bokeol	主唱 (进阶词汇)
메인 댄서	mein daenseo	mein daenseo	主舞 (进阶词汇)
투어 굿즈	tueo gutjeu	tueo gutjeu	巡演周边商品 (进阶词汇)
연예 뉴스	yeonye nyuseu	yeonye nyuseu	娱乐新闻 (进阶词汇)
그룹 케미	geurup kemi	geurup kemi	团体化学反应 (进阶词汇)
안무 연습 영상	anmu yeonseup yeongsang	anmu yeonseup yeongsang	舞蹈练习 (进阶词汇)
에스엠 엔터테인먼트	eseum enteuteinmeonteu	eseum enteuteinmeonteu	SM Entertainment (进阶词汇)
케이팝 역사	keipap yeoksa	keipap yeoksa	K-pop 历史 (进阶词汇)
팬 전쟁	paen jeonjaeng	paen jeonjaeng	粉丝战争 (进阶词汇)
미니 앨범	mini aelbeom	mini aelbeom	迷你专辑 (进阶词汇)
정규 앨범	jeongkyu aelbeom	jeongkyu aelbeom	正规专辑 (进阶词汇)
공항 패션	gonghang paesyeon	gonghang paesyeon	机场时尚 (进阶词汇)
브랜드 광고	beulaendeu gwanggo	beulaendeu gwanggo	品牌代言 (进阶词汇)
팬 플랫폼	paen peullaetpom	paen peullaetpom	粉丝平台 (进阶词汇)
한국 힙합	hanguk hibab	hanguk hibab	韩国嘻哈 (进阶词汇)
케이팝 잡지	keipap japji	keipap japji	韩国流行音乐杂志 (进阶词汇)
소프트 파워	sopeuteu pawo	sopeuteu pawo	软实力 (进阶词汇)
언어 학습	eoneo hakseup	eoneo hakseup	语言学习 (进阶词汇)
온라인 커뮤니티	ollaein keomyuniti	ollaein keomyuniti	在线社区 (进阶词汇)
아기 고양이	agi goyangi	agi goyangi	小猫 (进阶词汇)
동물 보호소	dongmul bohoso	dongmul bohoso	动物收容所 (进阶词汇)
반려동물 보험	ballyeo dongmul boheom	ballyeo dongmul boheom	宠物保险 (进阶词汇)
강아지 카페	gangaji kape	gangaji kape	狗狗咖啡馆 (进阶词汇)
고양이 카페	goyangi kape	goyangi kape	猫咖啡馆 (进阶词汇)
애완동물 가게	aeundongmul gage	aeundongmul gage	宠物商城 (进阶词汇)
고양이 모래	goyangi morae	goyangi morae	猫砂 (进阶词汇)
반려동물 알레르기	ballyeo dongmul allerugi	ballyeo dongmul allerugi	宠物过敏 (进阶词汇)
벼룩 치료	byeoruk chiryo	byeoruk chiryo	跳蚤护理 (进阶词汇)
동물 복지	dongmul bokji	dongmul bokji	动物保护 (进阶词汇)
이동 가방	idong gabang	idong gabang	宠物包 (进阶词汇)
반려견 훈련	ballyeogyeon hullyeon	ballyeogyeon hullyeon	狗训练 (进阶词汇)
반려동물 유모차	ballyeo dongmul yumocha	ballyeo dongmul yumocha	宠物推车 (进阶词汇)
반려동물 침대	ballyeo dongmul chimdae	ballyeo dongmul chimdae	宠物床 (进阶词汇)
강아지 공장	gangaji gongjang	gangaji gongjang	小狗磨坊 (进阶词汇)
유기 동물	yugi dongmul	yugi dongmul	流浪动物 (进阶词汇)
반려동물 치아 관리	ballyeo dongmul chia gwanri	ballyeo dongmul chia gwanri	牙科保健 (进阶词汇)
반려동물 비만	ballyeo dongmul biman	ballyeo dongmul biman	宠物肥胖 (进阶词汇)
반려동물 운동	ballyeo dongmul undong	ballyeo dongmul undong	宠物运动 (进阶词汇)
반려동물 동반 가능	ballyeo dongmul dongban ganeung	ballyeo dongmul dongban ganeung	宠物友善 (进阶词汇)
반려동물 화장	ballyeo dongmul hwajang	ballyeo dongmul hwajang	宠物火化 (进阶词汇)
반려동물 사진	ballyeo dongmul sajin	ballyeo dongmul sajin	宠物写真 (进阶词汇)
반려동물 돌봄 서비스	ballyeo dongmul dolbom seobiseu	ballyeo dongmul dolbom seobiseu	宠物日托 (进阶词汇)
반려견 공원	ballyeogyeon gongwon	ballyeogyeon gongwon	狗狗公园 (进阶词汇)
반려동물 위탁	ballyeo dongmul witak	ballyeo dongmul witak	宠物寄宿 (进阶词汇)
발톱 관리	baltop gwanri	baltop gwanri	修剪指甲 (进阶词汇)
음식 알레르기	eumsik allerugi	eumsik allerugi	食物过敏（宠物） (进阶词汇)
반려동물 놀이	ballyeo dongmul nori	ballyeo dongmul nori	宠物玩耍时间 (进阶词汇)
노령 동물	noryeong dongmul	noryeong dongmul	高龄宠物 (进阶词汇)
개 품종	gae pumjong	gae pumjong	犬种 (进阶词汇)
반려동물 생일	ballyeo dongmul saengil	ballyeo dongmul saengil	宠物生日 (进阶词汇)
컴백 무대	keombaek mudae	keombaek mudae	回归舞台 (进阶词汇)
최애 흔들기	choiae heundeurgi	choiae heundeurgi	Bias Wrecker (进阶词汇)
일방적 친밀감	ilbangjeok chinmilgam	ilbangjeok chinmilgam	拟社会关系 (进阶词汇)
안무 영상	anmu yeongsang	anmu yeongsang	舞蹈练习影片 (进阶词汇)
뮤직비디오 감독	myujikbideo gamdok	myujikbideo gamdok	MV 导演 (进阶词汇)
타이틀 곡	taiteureu gok	taiteureu gok	主打歌 (进阶词汇)
솔로 데뷔	sollo debwi	sollo debwi	个人出道 (进阶词汇)
연습생 제도	yeonseupssaeng jedo	yeonseupssaeng jedo	偶像练习生制度 (进阶词汇)
오디션 서바이벌	odisyeon seobaibeol	odisyeon seobaibeol	生存试镜 (进阶词汇)
기념 앨범	ginyeom aelbeom	ginyeom aelbeom	周年纪念相册 (进阶词汇)
음악 차트 순위	eumak chateu sunwi	eumak chateu sunwi	音乐排行榜排名 (进阶词汇)
명예의 전당	myeongyeui jeondang	myeongyeui jeondang	名人堂奖 (进阶词汇)
케이팝 굿즈	keipap gutseu	keipap gutseu	韩国流行音乐商品 (进阶词汇)
아이돌 스캔들	aidol seukaendeul	aidol seukaendeul	偶像丑闻 (进阶词汇)
사생활 침해	sasaenghwal chimhae	sasaenghwal chimhae	干预个人事务 ,侵犯私人秘密权罪,侵害私人秘密罪 (进阶词汇)
디지털 싱글	dijiteol singeul	dijiteol singeul	数字单曲 (进阶词汇)
연예 기획사	yeonye gihoeksa	yeonye gihoeksa	娱乐代理 (进阶词汇)
장수 그룹	jangsu geurup	jangsu geurup	长期运营的集团 (进阶词汇)
뮤직비디오 티저	myujikbideo tijeo	myujikbideo tijeo	音乐视频预告片 (进阶词汇)
팬 프로젝트	paen peurojekteu	paen peurojekteu	风机项目 (进阶词汇)
댄스 커버	daenseu keobeo	daenseu keobeo	舞蹈封面 (进阶词汇)
연말 시상식	yeonmal sisangsik	yeonmal sisangsik	年终奖 (进阶词汇)
고양이 품종	goyangi pumjong	goyangi pumjong	猫品种 (进阶词汇)
반려동물 건강검진	ballyeodongmul geonganggeogjin	ballyeodongmul geonganggeogjin	程序健康检查 (进阶词汇)
화장실 모래통	hwajangsil moraetong	hwajangsil moraetong	猫砂盒 (进阶词汇)
반려동물 장난감	ballyeodongmul jangnangam	ballyeodongmul jangnangam	宠物玩具 (进阶词汇)
반려동물 등록	ballyeodongmul deungnok	ballyeodongmul deungnok	宠物登记 (进阶词汇)
복종 훈련	bokjong hullyeon	bokjong hullyeon	狗的服从 (进阶词汇)
중성화 수술	jungseongwha susul	jungseongwha susul	Spay (进阶词汇)
반려동물 샴푸	ballyeodongmul syampu	ballyeodongmul syampu	宠物洗发水 (进阶词汇)
동물 교상	dongmul gyosang	dongmul gyosang	咬伤 (进阶词汇)
반려동물 영양제	ballyeodongmul yeongnangje	ballyeodongmul yeongnangje	宠物补充剂 (进阶词汇)
애완동물 미용실	aewandongmul miyongshil	aewandongmul miyongshil	宠物美容沙龙 (进阶词汇)
반려동물 여권	ballyeodongmul yeogwon	ballyeodongmul yeogwon	宠物护照 (进阶词汇)
반려견 산책 서비스	ballyeogyeon sanchek seobiseu	ballyeogyeon sanchek seobiseu	遛狗服务 (进阶词汇)
반려동물 호텔	ballyeodongmul hotel	ballyeodongmul hotel	宠物旅馆 (进阶词汇)
진드기 제거	jindeuri jegeo	jindeuri jegeo	除蜱 (进阶词汇)
반려동물 불안증	ballyeodongmul buranjeung	ballyeodongmul buranjeung	宠物焦虑 (进阶词汇)
강아지 간식	gangaji gansik	gangaji gansik	狗零食 (进阶词汇)
반려동물 정수기	ballyeodongmul jeongsugi	ballyeodongmul jeongsugi	宠物饮水机 (进阶词汇)
펫 게이트	pet geiteu	pet geiteu	宠物门栏 (进阶词汇)
반려동물 응급처치	ballyeodongmul eunggeupchochi	ballyeodongmul eunggeupchochi	宠物急救 (进阶词汇)
강아지 밥그릇	gangaji bapgeurut	gangaji bapgeurut	狗食碗 (进阶词汇)
반려동물 보험 청구	ballyeodongmul boheum cheonggu	ballyeodongmul boheum cheonggu	宠物保险理赔 (进阶词汇)
동물 교감사	dongmul gyogamsa	dongmul gyogamsa	动物沟通师 (进阶词汇)
크레이트 훈련	keuheiteu hullyeon	keuheiteu hullyeon	笼内训练 (进阶词汇)
동물 치과	dongmul chigwa	dongmul chigwa	兽医牙科 (进阶词汇)
새끼 고양이 사회화	saekkigojang sahoehwa	saekkigojang sahoehwa	幼猫社会化 (进阶词汇)
강아지 사회화	gangaji sahoehwa	gangaji sahoehwa	狗狗社会化 (进阶词汇)
습식 사료	seubsik saryo	seubsik saryo	湿粮 (进阶词汇)
건식 사료	geonsik saryo	geonsik saryo	干粮 (进阶词汇)
생식 식단	saengsik sikdan	saengsik sikdan	生食饮食 (进阶词汇)
강아지 유치원	gangaji yuchiwon	gangaji yuchiwon	幼犬幼稚园 (进阶词汇)
희귀 반려동물	huigwi ballyeodongmul	huigwi ballyeodongmul	异国宠物 (进阶词汇)
반려동물 추모	ballyeodongmul chumu	ballyeodongmul chumu	宠物纪念 (进阶词汇)
청각 장애인 도우미견	cheonggak jangaein doumigwon	cheonggak jangaein doumigwon	助听犬 (进阶词汇)
개 호루라기	gae horuaragi	gae horuaragi	狗哨 (进阶词汇)
반려동물 묘지	ballyeodongmul myoji	ballyeodongmul myoji	宠物墓园 (进阶词汇)
반려동물 문	ballyeodongmul mun	ballyeodongmul mun	宠物门 (进阶词汇)
캣 윈도우 퍼치	kaet windou peochi	kaet windou peochi	猫咪窗台座 (进阶词汇)
자동 급식기	jadong geupsikg	jadong geupsikg	自动喂食器 (进阶词汇)
실내 고양이	sillae goyangi	sillae goyangi	室内猫 (进阶词汇)
동물 학대	dongmul hakdae	dongmul hakdae	虐待动物 (进阶词汇)
안락사 없는 보호소	anlaksa eomneum bohoso	anlaksa eomneum bohoso	零扑杀收容所 (进阶词汇)
임시 보호	imsi boho	imsi boho	寄养宠物 (进阶词汇)
리그 오브 레전드	ligeu obeu lejeondeu	ligeu obeu lejeondeu	英雄联盟 (进阶词汇)
게임 스트리밍	geim seutteuriming	geim seutteuriming	游戏直播 (进阶词汇)
랭크 게임	laengkeu geim	laengkeu geim	排位赛 (进阶词汇)
연속 킬	yeonsok kil	yeonsok kil	连续击杀 (进阶词汇)
대규모 다중 사용자 온라인 롤플레잉 게임	daegyumo daejung sayongja online rolpuleeing geim	daegyumo daejung sayongja online rolpuleeing geim	大型多人在线角色扮演 (进阶词汇)
게임 개발자	geim gaebaltja	geim gaebaltja	游戏开发者 (进阶词汇)
게임 중독	geim jungdok	geim jungdok	游戏成瘾 (进阶词汇)
게임 컨트롤러	geim keonteurolleo	geim keonteurolleo	游戏控制器 (进阶词汇)
게임 메타	geim meta	geim meta	游戏元（Meta） (进阶词汇)
팀 구성	tim guseong	tim guseong	队伍组成 (进阶词汇)
게이밍 마우스	geiming maoseu	geiming maoseu	电竞滑鼠 (进阶词汇)
게임 대회	geim daehoe	geim daehoe	游戏比赛 (进阶词汇)
게임 업데이트	geim eopdeiteu	geim eopdeiteu	游戏更新 (进阶词汇)
게이밍 키보드	geiming kibodeu	geiming kibodeu	电竞键盘 (进阶词汇)
솔로 큐	sollo kyu	sollo kyu	单排 (进阶词汇)
게이밍 의자	geiming euija	geiming euija	电竞椅 (进阶词汇)
소액 결제	soaek gyeolje	soaek gyeolje	微交易 (进阶词汇)
최종 보스	choejong boseu	choejong boseu	最终头目 (进阶词汇)
프레임 속도	peuleim sokdo	peuleim sokdo	每秒帧数 (FPS) (进阶词汇)
게이밍 모니터	geiming moniteo	geiming moniteo	电竞萤幕 (进阶词汇)
탑 라인	tap lain	tap lain	上路 (进阶词汇)
게임 코치	geim kochi	geim kochi	游戏教练 (进阶词汇)
게임 계정	geim gyejeong	geim gyejeong	游戏帐号 (进阶词汇)
관전 모드	gwanjeon modo	gwanjeon modo	观战模式 (进阶词汇)
음성 채팅	eumseong chaeting	eumseong chaeting	语音聊天 (进阶词汇)
게임 랭크	geim laengkeu	geim laengkeu	游戏排名 (进阶词汇)
게임 화폐	geim hwapye	geim hwapye	游戏内货币 (进阶词汇)
세계 대회	segye daehoe	segye daehoe	世界冠军赛 (进阶词汇)
게이밍 셋업	geiming setteup	geiming setteup	电竞设备 (进阶词汇)
팀 주장	tim jujang	tim jujang	队长 (进阶词汇)
게임 디자이너	geim dijaineo	geim dijaineo	游戏设计师 (进阶词汇)
베타 테스트	beta teseuteu	beta teseuteu	Beta 测试 (进阶词汇)
게임 출시	geim chulsi	geim chulsi	游戏发布 (进阶词汇)
게임 서버	geim seobeo	geim seobeo	游戏伺服器 (进阶词汇)
게임 커뮤니티	geim keomyuniti	geim keomyuniti	游戏社群 (进阶词汇)
게임 하이라이트	geim hairaiteu	geim hairaiteu	游戏精彩时刻 (进阶词汇)
팀 데스매치	tim deseumaetchi	tim deseumaetchi	团队死斗 (进阶词汇)
오픈 월드	opeon woldeu	opeon woldeu	开放世界 (进阶词汇)
게임 시즌	geim sijeun	geim sijeun	游戏赛季 (进阶词汇)
무명 선수	mumyeong seonsu	mumyeong seonsu	无名玩家 (进阶词汇)
프로 씬	peuro ssin	peuro ssin	职业电竞圈 (进阶词汇)
게임 난이도	geim nanido	geim nanido	游戏难度 (进阶词汇)
캐릭터 선택	kaeriketeo seontaek	kaeriketeo seontaek	角色选择 (进阶词汇)
맵 리딩	maep liding	maep liding	地图意识 (进阶词汇)
캠핑 전술	kaemping jeonsul	kaemping jeonsul	蹲点策略 (进阶词汇)
진동 기능	jindong gineung	jindong gineung	控制器震动 (进阶词汇)
크로스 플랫폼	keuroasseu peullaetpom	keuroasseu peullaetpom	跨平台游戏 (进阶词汇)
게임 스폰서	geim seuponseo	geim seuponseo	游戏赞助商 (进阶词汇)
인앱 구매	inaeop gumae	inaeop gumae	应用程式内购买 (进阶词汇)
모바일 게임	mobaeil geim	mobaeil geim	手机游戏 (进阶词汇)
콘솔 게임	konsol geim	konsol geim	家用主机游戏 (进阶词汇)
가챠 게임	gacha geim	gacha geim	转蛋游戏 (进阶词汇)
샌드박스 게임	saendeubakseu geim	saendeubakseu geim	沙盒游戏 (进阶词汇)
게임 튜토리얼	geim tyutoriallyeol	geim tyutoriallyeol	游戏教学 (进阶词汇)
영구 정지	yeonggu jeongji	yeonggu jeongji	永久封锁 (进阶词汇)
게임 설정	geim seoljeong	geim seoljeong	游戏设定 (进阶词汇)
게임 그래픽	geim geuraepik	geim geuraepik	游戏画面 (进阶词汇)
최고 점수	choego jeomssu	choego jeomssu	最高分数 (进阶词汇)
게임 엔진	geim enjin	geim enjin	游戏引擎 (进阶词汇)
게임 스트리머	geim seutteurimeo	geim seutteurimeo	游戏实况主 (进阶词汇)
시간 제한	sigan jehan	sigan jehan	游戏时间限制 (进阶词汇)
게이밍 헤드폰	geiming hedeupon	geiming hedeupon	电竞耳机 (进阶词汇)
인게임 이벤트	ingeim ibenteu	ingeim ibenteu	游戏内活动 (进阶词汇)
게임 장르	geim jangreu	geim jangreu	游戏类型 (进阶词汇)
에이밍 실력	eiming sillyeok	eiming sillyeok	瞄准技巧 (进阶词汇)
게임 밸런스	geim baelleonseu	geim baelleonseu	游戏平衡 (进阶词汇)
로딩 화면	loding hwamyeon	loding hwamyeon	载入画面 (进阶词汇)
트위치 스트리밍	teuwichi seutteuriming	teuwichi seutteuriming	Twitch直播 (进阶词汇)
랭크 순위표	laengkeu sunwipyo	laengkeu sunwipyo	积分排行榜 (进阶词汇)
게임 리뷰	geim ribyu	geim ribyu	游戏评论 (进阶词汇)
짜증 퇴장	jjajeung toejang	jjajeung toejang	愤怒退出 (进阶词汇)
아이템 드롭율	aitem deurop-yul	aitem deurop-yul	物品掉落率 (进阶词汇)
플래티넘 등급	peullaetinaem deunggeup	peullaetinaem deunggeup	白金段位 (进阶词汇)
챔피언 선택	chaempieon seontaek	chaempieon seontaek	英雄选择 (进阶词汇)
게임 영상	geim yeongsang	geim yeongsang	游戏画面录影 (进阶词汇)
경쟁 게임	gyeongjaeng geim	gyeongjaeng geim	竞技游戏 (进阶词汇)
타워 디펜스	taweo dipenseu	taweo dipenseu	塔防 (进阶词汇)
게임 패스	geim paeseu	geim paeseu	游戏通行证 (进阶词汇)
가게	[ˈka̠(ː)ɡe̞]	[ˈka̠(ː)ɡe̞]	商店 (명사)
가깝다	[ka̠k͈a̠p̚t͈a̠]	[ka̠k͈a̠p̚t͈a̠]	要接近 (형용사)
가늘다	[ka̠nɯɭda̠]	[ka̠nɯɭda̠]	要薄 (형용사)
가볍다	[ka̠bjʌ̹p̚t͈a̠]	[ka̠bjʌ̹p̚t͈a̠]	轻；轻便；轻松 (形容词)
가운데	[ka̠unde̞]	[ka̠unde̞]	居中 (명사)
가져가다	[ka̠d͡ʑʌ̹ɡa̠da̠]	[ka̠d͡ʑʌ̹ɡa̠da̠]	拿走一些东西 (동사)
가져오다	[ka̠d͡ʑʌ̹o̞da̠]	[ka̠d͡ʑʌ̹o̞da̠]	带点东西来 (동사)
가지다	[ka̠d͡ʑida̠]	[ka̠d͡ʑida̠]	要进行 (동사)
간단히	[ka̠nda̠nʝi]	[ka̠nda̠nʝi]	简单地 (부사)
갈아입다	[ka̠ɾa̠ip̚t͈a̠]	[ka̠ɾa̠ip̚t͈a̠]	易装 (동사)
갈아타다	[ka̠ɾa̠tʰa̠da̠]	[ka̠ɾa̠tʰa̠da̠]	更改到 (동사)
감기약	[ka̠mɡija̠k̚]	[ka̠mɡija̠k̚]	感冒药 (명사)
갑자기	[ka̠p̚t͡ɕ͈a̠ɡi]	[ka̠p̚t͡ɕ͈a̠ɡi]	突然 (부사)
값	[ka̠p̚]	[ka̠p̚]	价格 (명사)
같다	[ka̠t̚t͈a̠]	[ka̠t̚t͈a̠]	相同 (형용사)
같이	[ka̠t͡ɕʰi]	[ka̠t͡ɕʰi]	及 (부사)
갚다	[ka̠p̚t͈a̠]	[ka̠p̚t͈a̠]	待偿还费用 (동사)
개월	[kɛwʌ̹ɭ]	[kɛwʌ̹ɭ]	百万港元 (수사)
거짓말	[ˈkɘ(ː)d͡ʑinma̠ɭ]	[ˈkɘ(ː)d͡ʑinma̠ɭ]	谎言 (명사)
건너가다	[ˈkɘ(ː)nnʌ̹ɡa̠da̠]	[ˈkɘ(ː)nnʌ̹ɡa̠da̠]	跨越 (동사)
건너다	[ˈkɘ(ː)nnʌ̹da̠]	[ˈkɘ(ː)nnʌ̹da̠]	跨越 (동사)
건너편	[ˈkɘ(ː)nnʌ̹pʰjʌ̹n]	[ˈkɘ(ː)nnʌ̹pʰjʌ̹n]	对面 (명사)
걸어가다	[kʌ̹ɾʌ̹ɡa̠da̠]	[kʌ̹ɾʌ̹ɡa̠da̠]	步行 (동사)
걸음	[kʌ̹ɾɯm]	[kʌ̹ɾɯm]	一个或多个步骤。 (명사)
검은색	[ˈkɘ(ː)mɯnsʰɛk̚]	[ˈkɘ(ː)mɯnsʰɛk̚]	黑 (명사)
게으르다	[ke̞ɯɾɯda̠]	[ke̞ɯɾɯda̠]	懒惰 (형용사)
게임	[k͈e̞im]	[k͈e̞im]	游戏 (명사)
결혼	[kjʌ̹ɾβo̞n]	[kjʌ̹ɾβo̞n]	居住地 (명사)
결혼하다	[kjʌ̹ɾβo̞nɦa̠da̠]	[kjʌ̹ɾβo̞nɦa̠da̠]	结婚 (동사)
경주	[ˈkjɘ(ː)ŋd͡ʑu]	[ˈkjɘ(ː)ŋd͡ʑu]	种族 (명사)
경찰서	[ˈkjɘ(ː)ŋt͡ɕʰa̠ɭs͈ʌ̹]	[ˈkjɘ(ː)ŋt͡ɕʰa̠ɭs͈ʌ̹]	警察局 ,巡捕房 (명사)
경험	[kjʌ̹ŋɦʌ̹m]	[kjʌ̹ŋɦʌ̹m]	经验 (명사)
계시다	[ˈkje̞(ː)ɕʰida̠]	[ˈkje̞(ː)ɕʰida̠]	尊敬的 있다 (동사)
고등학생	[ko̞dɯŋɦa̠ks͈ɛŋ]	[ko̞dɯŋɦa̠ks͈ɛŋ]	高中生 (명사)
고민	[ko̞min]	[ko̞min]	痛苦 (명사)
고프다	[ko̞pʰɯda̠]	[ko̞pʰɯda̠]	饿了 (형용사)
공부하다	[ko̞ŋbuɦa̠da̠]	[ko̞ŋbuɦa̠da̠]	观摩 (동사)
공짜	[ko̞ŋt͡ɕ͈a̠]	[ko̞ŋt͡ɕ͈a̠]	免费的东西 (명사)
관광객	[kwa̠nɡwa̠ŋɡɛk̚]	[kwa̠nɡwa̠ŋɡɛk̚]	游客 (명사)
괜찮다	[kwɛɲt͡ɕʰa̠ntʰa̠]	[kwɛɲt͡ɕʰa̠ntʰa̠]	做个好人 (형용사)
교통비	[kjotʰo̞ŋbi]	[kjotʰo̞ŋbi]	差旅费 (명사)
교통사고	[kjotʰo̞ŋsʰa̠ɡo̞]	[kjotʰo̞ŋsʰa̠ɡo̞]	车祸 ,公路交通事故,车祸,交通事故 (명사)
구십	[kuɕʰip̚]	[kuɕʰip̚]	九十 (수사)
굳다	[kut̚t͈a̠]	[kut̚t͈a̠]	困难 (형용사)
굵다	[ˈku(ː)k̚t͈a̠]	[ˈku(ː)k̚t͈a̠]	要厚 (형용사)
귀찮다	[kɥit͡ɕʰa̠ntʰa̠]	[kɥit͡ɕʰa̠ntʰa̠]	乏味 (형용사)
귤	[kjuɭ]	[kjuɭ]	蜜桔 (명사)
그것	[kɯɡʌ̹t̚]	[kɯɡʌ̹t̚]	同时 (대명사)
그곳	[kɯɡo̞t̚]	[kɯɡo̞t̚]	那里 (명사)
그날	[kɯna̠ɭ]	[kɯna̠ɭ]	那天 (명사)
그냥	[kɯɲa̠ŋ]	[kɯɲa̠ŋ]	简单地 (부사)
그대로	[kɯdɛɾo̞]	[kɯdɛɾo̞]	原样；照旧 (副词)
그동안	[kɯdo̞ŋa̠n]	[kɯdo̞ŋa̠n]	自从我们上次见面或谈话以来 (부사)
그때	[kɯt͈ɛ]	[kɯt͈ɛ]	那个时候 (명사)
그래서	[kɯɾɛsʰʌ̹]	[kɯɾɛsʰʌ̹]	因此 (부사)
그러나	[kɯɾʌ̹na̠]	[kɯɾʌ̹na̠]	但 (부사)
그러니까	[kɯɾʌ̹nik͈a̠]	[kɯɾʌ̹nik͈a̠]	因此 (부사)
그러면	[kɯɾʌ̹mjʌ̹n]	[kɯɾʌ̹mjʌ̹n]	若是如此 (부사)
그러므로	[kɯɾʌ̹mɯɾo̞]	[kɯɾʌ̹mɯɾo̞]	据此 (부사)
그런데	[kɯɾʌ̹nde̞]	[kɯɾʌ̹nde̞]	但 (부사)
그렇다	[kɯɾʌ̹tʰa̠]	[kɯɾʌ̹tʰa̠]	因此 (형용사)
그렇지만	[kɯɾʌ̹t͡ɕʰima̠n]	[kɯɾʌ̹t͡ɕʰima̠n]	仍然 (부사)
그리고	[kɯɾiɡo̞]	[kɯɾiɡo̞]	和 (부사)
그만두다	[kɯma̠nduda̠]	[kɯma̠nduda̠]	退出。 (동사)
그분	[kɯbun]	[kɯbun]	那位先生 (명사)
그쪽	[kɯt͡ɕ͈o̞k̚]	[kɯt͡ɕ͈o̞k̚]	那里 (대명사)
그치다	[kɯt͡ɕʰida̠]	[kɯt͡ɕʰida̠]	阻止某事 (동사)
극장	[kɯk̚t͡ɕ͈a̠ŋ]	[kɯk̚t͡ɕ͈a̠ŋ]	剧院 (명사)
근처	[ˈkɯ(ː)ɲt͡ɕʰʌ̹]	[ˈkɯ(ː)ɲt͡ɕʰʌ̹]	邻里 (명사)
글	[kɯɭ]	[kɯɭ]	一段文字 (명사)
글쎄요	[kɯɭs͈e̞jo]	[kɯɭs͈e̞jo]	井 (감탄사)
글씨	[kɯɭɕ͈i]	[kɯɭɕ͈i]	字符 (명사)
글자	[kɯʎt͡ɕ͈a̠]	[kɯʎt͡ɕ͈a̠]	信 (명사)
급하다	[kɯpʰa̠da̠]	[kɯpʰa̠da̠]	紧急 (형용사)
기다리다	[kida̠ɾida̠]	[kida̠ɾida̠]	等待 (동사)
기르다	[kiɾɯda̠]	[kiɾɯda̠]	的地方。 (동사)
기뻐하다	[kip͈ʌ̹ɦa̠da̠]	[kip͈ʌ̹ɦa̠da̠]	对某件事感到高兴 (동사)
기쁨	[kip͈ɯm]	[kip͈ɯm]	喜悦 (명사)
기억나다	[kiʌ̹ŋna̠da̠]	[kiʌ̹ŋna̠da̠]	召回 (동사)
기온	[kio̞n]	[kio̞n]	温气 (명사)
긴장	[kiɲd͡ʑa̠ŋ]	[kiɲd͡ʑa̠ŋ]	张力 (명사)
깊다	[kip̚t͈a̠]	[kip̚t͈a̠]	要有深度 (형용사)
까만색	[k͈a̠ma̠nsʰɛk̚]	[k͈a̠ma̠nsʰɛk̚]	黑 (명사)
까맣다	[ˈk͈a̠(ː)ma̠tʰa̠]	[ˈk͈a̠(ː)ma̠tʰa̠]	漆黑一片 (형용사)
깎다	[k͈a̠k̚t͈a̠]	[k͈a̠k̚t͈a̠]	切割 (동사)
깨끗이	[k͈ɛk͈ɯɕʰi]	[k͈ɛk͈ɯɕʰi]	清理 (부사)
깨끗하다	[k͈ɛk͈ɯtʰa̠da̠]	[k͈ɛk͈ɯtʰa̠da̠]	保持清洁 (형용사)
꺼내다	[ˈk͈ɘ(ː)nɛda̠]	[ˈk͈ɘ(ː)nɛda̠]	拿出一些东西 (동사)
껌	[k͈ʌ̹m]	[k͈ʌ̹m]	胶水 (명사)
꽃다발	[k͈o̞t̚t͈a̠ba̠ɭ]	[k͈o̞t̚t͈a̠ba̠ɭ]	一束花 (명사)
꽃병	[k͈o̞t̚p͈jʌ̹ŋ]	[k͈o̞t̚p͈jʌ̹ŋ]	花瓶 (명사)
꽃집	[k͈o̞t̚t͡ɕ͈ip̚]	[k͈o̞t̚t͡ɕ͈ip̚]	花店 (명사)
끊다	[k͈ɯntʰa̠]	[k͈ɯntʰa̠]	切割 (동사)
끓다	[k͈ɯɭtʰa̠]	[k͈ɯɭtʰa̠]	烧开 (동사)
끝나다	[k͈ɯnna̠da̠]	[k͈ɯnna̠da̠]	走到尽头 (동사)
나가다	[na̠ɡa̠da̠]	[na̠ɡa̠da̠]	出门 (동사)
나머지	[na̠mʌ̹d͡ʑi]	[na̠mʌ̹d͡ʑi]	其余的嘛 (명사)
나오다	[na̠o̞da̠]	[na̠o̞da̠]	出来 (동사)
나타나다	[na̠tʰa̠na̠da̠]	[na̠tʰa̠na̠da̠]	驾照 (동사)
나흘	[na̠ɣɯɭ]	[na̠ɣɯɭ]	四天都 (명사)
날씬하다	[na̠ɭɕ͈inɦa̠da̠]	[na̠ɭɕ͈inɦa̠da̠]	较小 (형용사)
남기다	[na̠mɡida̠]	[na̠mɡida̠]	留下 (동사)
남녀	[na̠mɲʌ̹]	[na̠mɲʌ̹]	孤男寡女 (명사)
남동생	[na̠mdo̞ŋsʰɛŋ]	[na̠mdo̞ŋsʰɛŋ]	小兄弟 (명사)
남쪽	[na̠mt͡ɕ͈o̞k̚]	[na̠mt͡ɕ͈o̞k̚]	南部 (명사)
남학생	[na̠mɦa̠ks͈ɛŋ]	[na̠mɦa̠ks͈ɛŋ]	学生 (명사)
낮	[na̠t̚]	[na̠t̚]	白天 (명사)
낮다	[na̠t̚t͈a̠]	[na̠t̚t͈a̠]	低 (형용사)
내년	[nɛɲʌ̹n]	[nɛɲʌ̹n]	明年 (명사)
내려가다	[nɛɾjʌ̹ɡa̠da̠]	[nɛɾjʌ̹ɡa̠da̠]	往下走 (동사)
내려오다	[nɛɾjʌ̹o̞da̠]	[nɛɾjʌ̹o̞da̠]	下来 (동사)
냄새	[ˈnɛ(ː)msʰɛ]	[ˈnɛ(ː)msʰɛ]	一股气味 (명사)
너희	[nʌ̹ʝi]	[nʌ̹ʝi]	你 (대명사)
넓다	[nʌ̹ɭt͈a̠]	[nʌ̹ɭt͈a̠]	要宽 (형용사)
넘어지다	[nʌ̹mʌ̹d͡ʑida̠]	[nʌ̹mʌ̹d͡ʑida̠]	摔跟头 (동사)
넣다	[ˈnɘ(ː)tʰa̠]	[ˈnɘ(ː)tʰa̠]	放入 (동사)
넷째	[ˈne̞(ː)t̚t͡ɕ͈ɛ]	[ˈne̞(ː)t̚t͡ɕ͈ɛ]	第四个 (수사)
노란색	[no̞ɾa̠nsʰɛk̚]	[no̞ɾa̠nsʰɛk̚]	黄色 (명사)
노랗다	[ˈno̞(ː)ɾa̠tʰa̠]	[ˈno̞(ː)ɾa̠tʰa̠]	变成黄色 (형용사)
노래하다	[no̞ɾɛɦa̠da̠]	[no̞ɾɛɦa̠da̠]	献唱一曲 (동사)
녹색	[no̞ks͈ɛk̚]	[no̞ks͈ɛk̚]	绿色 (명사)
높다	[no̞p̚t͈a̠]	[no̞p̚t͈a̠]	要高 (형용사)
누구	[nuɡu]	[nuɡu]	谁 (대명사)
뉴스	[ɲus͈ɯ]	[ɲus͈ɯ]	新闻广播 (명사)
느낌	[nɯk͈im]	[nɯk͈im]	感受 (명사)
늘	[nɯɭ]	[nɯɭ]	始终 (부사)
늙다	[nɯk̚t͈a̠]	[nɯk̚t͈a̠]	到年龄 (동사)
늦다	[nɯt̚t͈a̠]	[nɯt̚t͈a̠]	姗姗来迟 (형용사)
다녀오다	[ta̠ɲʌ̹o̞da̠]	[ta̠ɲʌ̹o̞da̠]	退货日期 (동사)
다니다	[ta̠nida̠]	[ta̠nida̠]	出于某种目的去某个地方 (동사)
다른	[ta̠ɾɯn]	[ta̠ɾɯn]	不同 (관형사)
다섯째	[ta̠sʰʌ̹t̚t͡ɕ͈ɛ]	[ta̠sʰʌ̹t̚t͡ɕ͈ɛ]	第五个 (수사)
다양	[ta̠ja̠ŋ]	[ta̠ja̠ŋ]	多元化 (diversity) (명사)
다음날	[ta̠ɯmna̠ɭ]	[ta̠ɯmna̠ɭ]	第二天 (명사)
다하다	[ˈta̠(ː)ɦa̠da̠]	[ˈta̠(ː)ɦa̠da̠]	用完了 (동사)
단어	[ta̠nʌ̹]	[ta̠nʌ̹]	个人 (명사)
달걀	[ta̠ɭɡja̠ɭ]	[ta̠ɭɡja̠ɭ]	母鸡蛋 (명사)
닭고기	[ta̠k̚k͈o̞ɡi]	[ta̠k̚k͈o̞ɡi]	鸡 (명사)
닮다	[ˈta̠(ː)mt͈a̠]	[ˈta̠(ː)mt͈a̠]	形似 (동사)
담배	[ˈta̠(ː)mbɛ]	[ˈta̠(ː)mbɛ]	烟草 (명사)
답장	[ta̠p̚t͡ɕ͈a̠ŋ]	[ta̠p̚t͡ɕ͈a̠ŋ]	个答案 (명사)
대답	[ˈtɛ(ː)da̠p̚]	[ˈtɛ(ː)da̠p̚]	个答案 (명사)
대답하다	[ˈtɛ(ː)da̠pʰa̠da̠]	[ˈtɛ(ː)da̠pʰa̠da̠]	回答或回复 (동사)
대부분	[ˈtɛ(ː)bubun]	[ˈtɛ(ː)bubun]	多数党 (명사)
대학생	[ˈtɛ(ː)ɦa̠ks͈ɛŋ]	[ˈtɛ(ː)ɦa̠ks͈ɛŋ]	学院/大学生 (명사)
더럽다	[ˈtɘ(ː)ɾʌ̹p̚t͈a̠]	[ˈtɘ(ː)ɾʌ̹p̚t͈a̠]	脏兮兮的 (형용사)
더욱	[tʌ̹uk̚]	[tʌ̹uk̚]	更是如此 (부사)
덕분	[tʌ̹k̚p͈un]	[tʌ̹k̚p͈un]	感激之情 (명사)
던지다	[tʌ̹ɲd͡ʑida̠]	[tʌ̹ɲd͡ʑida̠]	赶走 (동사)
데려가다	[te̞ɾjʌ̹ɡa̠da̠]	[te̞ɾjʌ̹ɡa̠da̠]	带走某人 (동사)
데려오다	[te̞ɾjʌ̹o̞da̠]	[te̞ɾjʌ̹o̞da̠]	以获取 (동사)
도와주다	[to̞wa̠d͡ʑuda̠]	[to̞wa̠d͡ʑuda̠]	提供帮助 (동사)
도움	[to̞um]	[to̞um]	帮助 (명사)
독일	[to̞ɡiɭ]	[to̞ɡiɭ]	德国 (고유명사)
돌다	[ˈto̞(ː)ɭda̠]	[ˈto̞(ː)ɭda̠]	旋转 (동사)
돌려주다	[to̞ʎʎʌ̹d͡ʑuda̠]	[to̞ʎʎʌ̹d͡ʑuda̠]	退货日期 (동사)
돌아가다	[to̞ɾa̠ɡa̠da̠]	[to̞ɾa̠ɡa̠da̠]	退货日期 (동사)
돌아오다	[to̞ɾa̠o̞da̠]	[to̞ɾa̠o̞da̠]	退货日期 (동사)
돕다	[ˈto̞(ː)p̚t͈a̠]	[ˈto̞(ː)p̚t͈a̠]	提供帮助 (동사)
동물	[ˈto̞(ː)ŋmuɭ]	[ˈto̞(ː)ŋmuɭ]	动物 (명사)
동쪽	[to̞ŋt͡ɕ͈o̞k̚]	[to̞ŋt͡ɕ͈o̞k̚]	东 (명사)
두껍다	[tuk͈ʌ̹p̚t͈a̠]	[tuk͈ʌ̹p̚t͈a̠]	要厚 (형용사)
두세	[tusʰe̞]	[tusʰe̞]	两三 (수사)
둘째	[ˈtu(ː)ʎt͡ɕ͈ɛ]	[ˈtu(ː)ʎt͡ɕ͈ɛ]	第二个 (수사)
드디어	[tɯdiʌ̹]	[tɯdiʌ̹]	最后 (부사)
드라마	[tɯɾa̠ma̠]	[tɯɾa̠ma̠]	戏剧 (명사)
들르다	[tɯɭɭɯda̠]	[tɯɭɭɯda̠]	顺道拜访 (동사)
들어오다	[tɯɾʌ̹o̞da̠]	[tɯɾʌ̹o̞da̠]	输入方式 (동사)
디자인	[tid͡ʑa̠in]	[tid͡ʑa̠in]	设 (명사)
따로	[t͈a̠ɾo̞]	[t͈a̠ɾo̞]	都不一样。 (부사)
딸기	[ˈt͈a̠(ː)ɭɡi]	[ˈt͈a̠(ː)ɭɡi]	草莓 (명사)
때문	[t͈ɛmun]	[t͈ɛmun]	原因 (명사)
떠나다	[t͈ʌ̹na̠da̠]	[t͈ʌ̹na̠da̠]	离开 (동사)
떨어지다	[t͈ʌ̹ɾʌ̹d͡ʑida̠]	[t͈ʌ̹ɾʌ̹d͡ʑida̠]	摔跟头 (동사)
또	[t͈o̞]	[t͈o̞]	又；再；还 (副词)
또는	[t͈o̞nɯn]	[t͈o̞nɯn]	要不是 (부사)
똑같다	[t͈o̞k̚k͈a̠t̚t͈a̠]	[t͈o̞k̚k͈a̠t̚t͈a̠]	如出一辙 (형용사)
똑같이	[t͈o̞k̚k͈a̠t͡ɕʰi]	[t͈o̞k̚k͈a̠t͡ɕʰi]	一样 (부사)
똑똑하다	[t͈o̞k̚t͈o̞kʰa̠da̠]	[t͈o̞k̚t͈o̞kʰa̠da̠]	智能 (형용사)
똑바로	[t͈o̞k̚p͈a̠ɾo̞]	[t͈o̞k̚p͈a̠ɾo̞]	平直 (부사)
뚱뚱하다	[t͈uŋt͈uŋɦa̠da̠]	[t͈uŋt͈uŋɦa̠da̠]	胖 (형용사)
뛰어가다	[t͈ɥiʌ̹ɡa̠da̠]	[t͈ɥiʌ̹ɡa̠da̠]	来运行  (동사)
뜻	[t͈ɯt̚]	[t͈ɯt̚]	含义 (명사)
러시아	[ɾʌ̹ɕʰia̠]	[ɾʌ̹ɕʰia̠]	俄罗斯 (고유명사)
레스토랑	[ɾe̞sʰɯtʰo̞ɾa̠ŋ]	[ɾe̞sʰɯtʰo̞ɾa̠ŋ]	餐厅菜单 (명사)
마시다	[ma̠ɕʰida̠]	[ma̠ɕʰida̠]	喝亚 (동사)
마지막	[ma̠d͡ʑima̠k̚]	[ma̠d͡ʑima̠k̚]	结尾 (명사)
막히다	[ma̠cçida̠]	[ma̠cçida̠]	被封锁或关闭 (동사)
만들다	[ma̠ndɯɭda̠]	[ma̠ndɯɭda̠]	训练 (동사)
만지다	[ma̠ɲd͡ʑida̠]	[ma̠ɲd͡ʑida̠]	触摸 (동사)
많다	[ˈma̠(ː)ntʰa̠]	[ˈma̠(ː)ntʰa̠]	许多的 (형용사)
많이	[ˈma̠(ː)ni]	[ˈma̠(ː)ni]	许多的 (부사)
말레이시아	[ma̠ɭɭe̞iɕʰia̠]	[ma̠ɭɭe̞iɕʰia̠]	马来西亚 (고유명사)
말씀	[ˈma̠(ː)ɭs͈ɯm]	[ˈma̠(ː)ɭs͈ɯm]	言语或言语 (명사)
말씀하다	[ˈma̠(ː)ɭs͈ɯmɦa̠da̠]	[ˈma̠(ː)ɭs͈ɯmɦa̠da̠]	说话。 (동사)
말하다	[ˈma̠(ː)ɾɦa̠da̠]	[ˈma̠(ː)ɾɦa̠da̠]	说话。 (동사)
맛없다	[ma̠dʌ̹p̚t͈a̠]	[ma̠dʌ̹p̚t͈a̠]	味道不好 (형용사)
매년	[ˈmɛ(ː)ɲʌ̹n]	[ˈmɛ(ː)ɲʌ̹n]	度进行检测 (부사)
매달	[ˈmɛ(ː)da̠ɭ]	[ˈmɛ(ː)da̠ɭ]	每月： (명사)
매일	[ˈmɛ(ː)iɭ]	[ˈmɛ(ː)iɭ]	每天 (부사)
매표소	[ˈmɛ(ː)pʰjosʰo̞]	[ˈmɛ(ː)pʰjosʰo̞]	售票处 (명사)
먼저	[mʌ̹ɲd͡ʑʌ̹]	[mʌ̹ɲd͡ʑʌ̹]	在时间或顺序中排名第一 (부사)
멈추다	[mʌ̹mt͡ɕʰuda̠]	[mʌ̹mt͡ɕʰuda̠]	罢停 (동사)
멋있다	[mʌ̹ɕʰit̚t͈a̠]	[mʌ̹ɕʰit̚t͈a̠]	棒极了 (형용사)
메모	[me̞mo̞]	[me̞mo̞]	备注 (명사)
메시지	[me̞ɕʰid͡ʑi]	[me̞ɕʰid͡ʑi]	信息 (명사)
메일	[me̞iɭ]	[me̞iɭ]	邮件 (명사)
며칠	[mjʌ̹t͡ɕʰiɭ]	[mjʌ̹t͡ɕʰiɭ]	几天的 ？ (명사)
모든	[ˈmo̞(ː)dɯn]	[ˈmo̞(ː)dɯn]	所有 (관형사)
모르다	[ˈmo̞(ː)ɾɯda̠]	[ˈmo̞(ː)ɾɯda̠]	不知道 (동사)
모시다	[ˈmo̞(ː)ɕʰida̠]	[ˈmo̞(ː)ɕʰida̠]	为地位较高的人服务或等待 (동사)
모으다	[mo̞ɯda̠]	[mo̞ɯda̠]	收集 (동사)
모자라다	[ˈmo̞(ː)d͡ʑa̠ɾa̠da̠]	[ˈmo̞(ː)d͡ʑa̠ɾa̠da̠]	到缺乏 (동사)
목도리	[mo̞k̚t͈o̞ɾi]	[mo̞k̚t͈o̞ɾi]	头巾 (명사)
목소리	[mo̞ks͈o̞ɾi]	[mo̞ks͈o̞ɾi]	语音 (명사)
목욕	[mo̞ɡjok̚]	[mo̞ɡjok̚]	浴室 (명사)
못생기다	[ˈmo̞(ː)ss͈ɛŋɡida̠]	[ˈmo̞(ː)ss͈ɛŋɡida̠]	丑陋 (동사)
못하다	[ˈmo̞(ː)tʰa̠da̠]	[ˈmo̞(ː)tʰa̠da̠]	无法 (동사)
몽골	[mo̞ŋɡo̞ɭ]	[mo̞ŋɡo̞ɭ]	蒙古 (고유명사)
무겁다	[muɡʌ̹p̚t͈a̠]	[muɡʌ̹p̚t͈a̠]	要沉重 (형용사)
무게	[muɡe̞]	[muɡe̞]	（按重量计） (명사)
무궁화	[muɡuŋβwa̠]	[muɡuŋβwa̠]	木槿 (명사)
무슨	[musʰɯn]	[musʰɯn]	什么 (관형사)
무엇	[muʌ̹t̚]	[muʌ̹t̚]	what -在问题中使用 (대명사)
물건	[muɭɡʌ̹n]	[muɭɡʌ̹n]	部 (명사)
물어보다	[muɾʌ̹bo̞da̠]	[muɾʌ̹bo̞da̠]	来提问 (동사)
미국	[miɡuk̚]	[miɡuk̚]	美利坚合众国 (고유명사)
미끄러지다	[mik͈ɯɾʌ̹d͡ʑida̠]	[mik͈ɯɾʌ̹d͡ʑida̠]	来滑动  (동사)
미안하다	[mia̠nɦa̠da̠]	[mia̠nɦa̠da̠]	为自己感到羞耻 (형용사)
믿다	[mit̚t͈a̠]	[mit̚t͈a̠]	信任 (동사)
밀가루	[miɭk͈a̠ɾu]	[miɭk͈a̠ɾu]	面粉 (명사)
바깥	[pa̠k͈a̠t̚]	[pa̠k͈a̠t̚]	出场 (명사)
바깥쪽	[pa̠k͈a̠t̚t͡ɕ͈o̞k̚]	[pa̠k͈a̠t̚t͡ɕ͈o̞k̚]	出场 (명사)
바꾸다	[pa̠k͈uda̠]	[pa̠k͈uda̠]	变化。 (동사)
바뀌다	[pa̠k͈ɥida̠]	[pa̠k͈ɥida̠]	待更换或更换 (동사)
바나나	[pa̠na̠na̠]	[pa̠na̠na̠]	香蕉 (명사)
바닷가	[pa̠da̠t̚k͈a̠]	[pa̠da̠t̚k͈a̠]	海边地带 ;n.海岸 (명사)
바라보다	[pa̠ɾa̠bo̞da̠]	[pa̠ɾa̠bo̞da̠]	中视 (동사)
바쁘다	[pa̠p͈ɯda̠]	[pa̠p͈ɯda̠]	占线 (형용사)
밖	[pa̠k̚]	[pa̠k̚]	出场 (명사)
반갑다	[pa̠nɡa̠p̚t͈a̠]	[pa̠nɡa̠p̚t͈a̠]	感到高兴 (형용사)
반드시	[pa̠ndɯɕʰi]	[pa̠ndɯɕʰi]	一定 (부사)
받아쓰다	[pa̠da̠s͈ɯda̠]	[pa̠da̠s͈ɯda̠]	听写 (동사)
발바닥	[pa̠ɭp͈a̠da̠k̚]	[pa̠ɭp͈a̠da̠k̚]	独身 ,惟一 (명사)
밝다	[pa̠k̚t͈a̠]	[pa̠k̚t͈a̠]	明亮 (형용사)
방법	[pa̠ŋbʌ̹p̚]	[pa̠ŋbʌ̹p̚]	道路 (명사)
번째	[pʌ̹ɲt͡ɕ͈ɛ]	[pʌ̹ɲt͡ɕ͈ɛ]	用于表示对象的顺序或相对位置的从属名词 (명사)
벌써	[pʌ̹ɭs͈ʌ̹]	[pʌ̹ɭs͈ʌ̹]	'%s'在此文件夹中已存在。 (부사)
벗다	[pʌ̹t̚t͈a̠]	[pʌ̹t̚t͈a̠]	从自己身上取下或移除某些东西 (동사)
베트남	[pe̞tʰɯna̠m]	[pe̞tʰɯna̠m]	越南 (고유명사)
변하다	[ˈpjɘ(ː)nɦa̠da̠]	[ˈpjɘ(ː)nɦa̠da̠]	变化。 (동사)
보내다	[po̞nɛda̠]	[po̞nɛda̠]	发送 (동사)
보라색	[po̞ɾa̠sʰɛk̚]	[po̞ɾa̠sʰɛk̚]	蓝紫色 (명사)
보통	[ˈpo̞(ː)tʰo̞ŋ]	[ˈpo̞(ː)tʰo̞ŋ]	平均 (명사)
복잡하다	[po̞k̚t͡ɕ͈a̠pʰa̠da̠]	[po̞k̚t͡ɕ͈a̠pʰa̠da̠]	变得复杂 (형용사)
뵙다	[ˈpwe̞(ː)p̚t͈a̠]	[ˈpwe̞(ː)p̚t͈a̠]	看到一个非常受人尊敬的人 (동사)
부럽다	[puɾʌ̹p̚t͈a̠]	[puɾʌ̹p̚t͈a̠]	叫人羡慕 (형용사)
부산	[pusʰa̠n]	[pusʰa̠n]	釜山 (고유명사)
부지런하다	[pud͡ʑiɾʌ̹nɦa̠da̠]	[pud͡ʑiɾʌ̹nɦa̠da̠]	努力工作 (형용사)
부탁	[ˈpu(ː)tʰa̠k̚]	[ˈpu(ː)tʰa̠k̚]	请求 (명사)
북쪽	[puk̚t͡ɕ͈o̞k̚]	[puk̚t͡ɕ͈o̞k̚]	北 (명사)
분위기	[punɥiɡi]	[punɥiɡi]	智力氛围或环境 (명사)
분홍색	[ˈpu(ː)nβo̞ŋsʰɛk̚]	[ˈpu(ː)nβo̞ŋsʰɛk̚]	粉红色 (명사)
불쌍하다	[puɭs͈a̠ŋɦa̠da̠]	[puɭs͈a̠ŋɦa̠da̠]	可怜 (形容词)
붙다	[put̚t͈a̠]	[put̚t͈a̠]	要坚持 (동사)
붙이다	[put͡ɕʰida̠]	[put͡ɕʰida̠]	贴上或附上 (동사)
비디오	[pidio̞]	[pidio̞]	视频 (명사)
빌딩	[piɭdiŋ]	[piɭdiŋ]	建筑物 (명사)
빌리다	[piʎʎida̠]	[piʎʎida̠]	借用 (동사)
빠르다	[p͈a̠ɾɯda̠]	[p͈a̠ɾɯda̠]	要快 (형용사)
빨간색	[p͈a̠ɭɡa̠nsʰɛk̚]	[p͈a̠ɭɡa̠nsʰɛk̚]	红色 (명사)
빨갛다	[p͈a̠ɭɡa̠tʰa̠]	[p͈a̠ɭɡa̠tʰa̠]	深红 (형용사)
빨리	[p͈a̠ʎʎi]	[p͈a̠ʎʎi]	快速 (부사)
빵집	[p͈a̠ŋt͡ɕ͈ip̚]	[p͈a̠ŋt͡ɕ͈ip̚]	面包店 (명사)
뽑다	[p͈o̞p̚t͈a̠]	[p͈o̞p̚t͈a̠]	提取 (동사)
사계절	[ˈsʰa̠(ː)ɡje̞d͡ʑʌ̹ɭ]	[ˈsʰa̠(ː)ɡje̞d͡ʑʌ̹ɭ]	6. 四季合唱团 (명사)
사귀다	[sʰa̠ɡɥida̠]	[sʰa̠ɡɥida̠]	结束日期 (동사)
사다	[sʰa̠da̠]	[sʰa̠da̠]	购买 (동사)
사람	[ˈsʰa̠(ː)ɾa̠m]	[ˈsʰa̠(ː)ɾa̠m]	人 (명사)
사랑하다	[sʰa̠ɾa̠ŋɦa̠da̠]	[sʰa̠ɾa̠ŋɦa̠da̠]	将爱 (동사)
사십	[ˈsʰa̠(ː)ɕʰip̚]	[ˈsʰa̠(ː)ɕʰip̚]	四十 (수사)
사흘	[sʰa̠ɣɯɭ]	[sʰa̠ɣɯɭ]	接了三天的机器 (명사)
산책	[ˈsʰa̠(ː)ɲt͡ɕʰɛk̚]	[ˈsʰa̠(ː)ɲt͡ɕʰɛk̚]	走 (zǒu) (명사)
삼십	[sʰa̠mɕʰip̚]	[sʰa̠mɕʰip̚]	三十 (수사)
삼월	[sʰa̠mwʌ̹ɭ]	[sʰa̠mwʌ̹ɭ]	3月 (명사)
삼촌	[sʰa̠mt͡ɕʰo̞n]	[sʰa̠mt͡ɕʰo̞n]	叔伯 (명사)
새로	[sʰɛɾo̞]	[sʰɛɾo̞]	重新 (부사)
새롭다	[sʰɛɾo̞p̚t͈a̠]	[sʰɛɾo̞p̚t͈a̠]	成为新的 (형용사)
새해	[sʰɛɦɛ]	[sʰɛɦɛ]	新年 (명사)
색깔	[sʰɛk̚k͈a̠ɭ]	[sʰɛk̚k͈a̠ɭ]	彩色 (명사)
샌드위치	[sʰɛndɯɥit͡ɕʰi]	[sʰɛndɯɥit͡ɕʰi]	三明治 (명사)
생각나다	[sʰɛŋɡa̠ŋna̠da̠]	[sʰɛŋɡa̠ŋna̠da̠]	发生在某人身上 (동사)
생각하다	[sʰɛŋɡa̠kʰa̠da̠]	[sʰɛŋɡa̠kʰa̠da̠]	思考 (동사)
생기다	[sʰɛŋɡida̠]	[sʰɛŋɡida̠]	脱颖而出 (동사)
생활	[sʰɛŋβwa̠ɭ]	[sʰɛŋβwa̠ɭ]	生活方式 (명사)
서너	[sʰʌ̹nʌ̹]	[sʰʌ̹nʌ̹]	三四位 (수사)
서두르다	[sʰʌ̹duɾɯda̠]	[sʰʌ̹duɾɯda̠]	匆匆 (동사)
서비스	[s͈ʌ̹bis͈ɯ]	[s͈ʌ̹bis͈ɯ]	服务 (명사)
서양	[sʰʌ̹ja̠ŋ]	[sʰʌ̹ja̠ŋ]	全球 (명사)
서울	[sʰʌ̹uɭ]	[sʰʌ̹uɭ]	和物业管理企业， (명사)
서쪽	[sʰʌ̹t͡ɕ͈o̞k̚]	[sʰʌ̹t͡ɕ͈o̞k̚]	西 (명사)
선물하다	[ˈsʰɘ(ː)nmuɾɦa̠da̠]	[ˈsʰɘ(ː)nmuɾɦa̠da̠]	赠送礼物/礼物 (동사)
선택	[ˈsʰɘ(ː)ntʰɛk̚]	[ˈsʰɘ(ː)ntʰɛk̚]	选择 (명사)
설거지	[sʰʌ̹ɭɡʌ̹d͡ʑi]	[sʰʌ̹ɭɡʌ̹d͡ʑi]	洗碗 (명사)
설명하다	[sʰʌ̹ɭmjʌ̹ŋɦa̠da̠]	[sʰʌ̹ɭmjʌ̹ŋɦa̠da̠]	解释 (동사)
설탕	[sʰʌ̹ɭtʰa̠ŋ]	[sʰʌ̹ɭtʰa̠ŋ]	糖 (명사)
성함	[ˈsʰɘ(ː)ŋɦa̠m]	[ˈsʰɘ(ː)ŋɦa̠m]	名称 (명사)
세탁	[ˈsʰe̞(ː)tʰa̠k̚]	[ˈsʰe̞(ː)tʰa̠k̚]	洗衣服 (명사)
세탁소	[ˈsʰe̞(ː)tʰa̠ks͈o̞]	[ˈsʰe̞(ː)tʰa̠ks͈o̞]	洗衣店 (명사)
센티미터	[s͈e̞ntʰimitʰʌ̹]	[s͈e̞ntʰimitʰʌ̹]	厘米 (명사)
셋째	[ˈsʰe̞(ː)t̚t͡ɕ͈ɛ]	[ˈsʰe̞(ː)t̚t͡ɕ͈ɛ]	第三个 (수사)
소중하다	[ˈsʰo̞(ː)d͡ʑuŋɦa̠da̠]	[ˈsʰo̞(ː)d͡ʑuŋɦa̠da̠]	珍惜。 (형용사)
손녀	[sʰo̞nɲʌ̹]	[sʰo̞nɲʌ̹]	孙女 ,外孙女 (명사)
손님	[sʰo̞nnim]	[sʰo̞nnim]	客人 (명사)
손수건	[sʰo̞ns͈uɡʌ̹n]	[sʰo̞ns͈uɡʌ̹n]	手绢 (명사)
쇼핑	[ɕ͈opʰiŋ]	[ɕ͈opʰiŋ]	购物 (명사)
순서	[ˈsʰu(ː)nsʰʌ̹]	[ˈsʰu(ː)nsʰʌ̹]	订单 (명사)
쉽다	[ˈʃʰɥi(ː)p̚t͈a̠]	[ˈʃʰɥi(ː)p̚t͈a̠]	容易 (형용사)
슈퍼마켓	[ɕʰupʰʌ̹ma̠kʰe̞t̚]	[ɕʰupʰʌ̹ma̠kʰe̞t̚]	超级市场 (명사)
스물	[sʰɯmuɭ]	[sʰɯmuɭ]	二十 (수사)
스스로	[sʰɯsʰɯɾo̞]	[sʰɯsʰɯɾo̞]	单独 (부사)
스케이트	[sʰɯkʰe̞itʰɯ]	[sʰɯkʰe̞itʰɯ]	滑冰 (명사)
스타	[sʰɯtʰa̠]	[sʰɯtʰa̠]	星 (명사)
스파게티	[sʰɯpʰa̠ɡe̞tʰi]	[sʰɯpʰa̠ɡe̞tʰi]	意大利面 (명사)
스포츠	[sʰɯpʰo̞t͡ɕʰɯ]	[sʰɯpʰo̞t͡ɕʰɯ]	体育 (명사)
슬퍼하다	[sʰɯɭpʰʌ̹ɦa̠da̠]	[sʰɯɭpʰʌ̹ɦa̠da̠]	找到SAD (동사)
습관	[sʰɯp̚k͈wa̠n]	[sʰɯp̚k͈wa̠n]	习惯 (명사)
시골	[ɕʰiɡo̞ɭ]	[ɕʰiɡo̞ɭ]	乡村 (명사)
시끄럽다	[ɕʰik͈ɯɾʌ̹p̚t͈a̠]	[ɕʰik͈ɯɾʌ̹p̚t͈a̠]	大声说话 (형용사)
시민	[ˈɕʰi(ː)min]	[ˈɕʰi(ː)min]	国民 (명사)
시어머니	[ɕʰiʌ̹mʌ̹ni]	[ɕʰiʌ̹mʌ̹ni]	女性的婆婆 (명사)
시원하다	[ɕʰiwʌ̹nɦa̠da̠]	[ɕʰiwʌ̹nɦa̠da̠]	令人耳目一新 (형용사)
식빵	[ɕʰik̚p͈a̠ŋ]	[ɕʰik̚p͈a̠ŋ]	1片面包 (명사)
식탁	[ɕʰik̚tʰa̠k̚]	[ɕʰik̚tʰa̠k̚]	餐桌 (명사)
신다	[ˈɕʰi(ː)nt͈a̠]	[ˈɕʰi(ː)nt͈a̠]	穿在脚上 (동사)
신분증	[ɕʰinbuɲt͡ɕ͈ɯŋ]	[ɕʰinbuɲt͡ɕ͈ɯŋ]	身分证 ,身份证 (명사)
신혼여행	[ɕʰinβo̞nɲʌ̹ɦɛŋ]	[ɕʰinβo̞nɲʌ̹ɦɛŋ]	蜜月 (명사)
실례하다	[ɕʰiɭɭe̞ɦa̠da̠]	[ɕʰiɭɭe̞ɦa̠da̠]	粗鲁无礼 (동사)
심하다	[ˈɕʰi(ː)mɦa̠da̠]	[ˈɕʰi(ː)mɦa̠da̠]	要严厉 (형용사)
십	[ɕʰip̚]	[ɕʰip̚]	十 (수사)
십만	[ɕʰimma̠n]	[ɕʰimma̠n]	十万 (수사)
십이월	[ɕʰibiwʌ̹ɭ]	[ɕʰibiwʌ̹ɭ]	十二月 (명사)
십일월	[ɕʰibiɾwʌ̹ɭ]	[ɕʰibiɾwʌ̹ɭ]	十一月 (명사)
싱겁다	[ɕʰiŋɡʌ̹p̚t͈a̠]	[ɕʰiŋɡʌ̹p̚t͈a̠]	平淡无奇 (형용사)
싶다	[ɕʰip̚t͈a̠]	[ɕʰip̚t͈a̠]	渴望 (형용사)
싸우다	[s͈a̠uda̠]	[s͈a̠uda̠]	斗争或挣扎 (동사)
쌀	[s͈a̠ɭ]	[s͈a̠ɭ]	未煮熟的米饭 (명사)
쌀쌀하다	[s͈a̠ɭs͈a̠ɾɦa̠da̠]	[s͈a̠ɭs͈a̠ɾɦa̠da̠]	冷冽 (형용사)
쌓다	[s͈a̠tʰa̠]	[s͈a̠tʰa̠]	叠起 (동사)
쓰레기	[s͈ɯɾe̞ɡi]	[s͈ɯɾe̞ɡi]	废物 (명사)
아가씨	[a̠ɡa̠ɕ͈i]	[a̠ɡa̠ɕ͈i]	小姐 (명사)
아까	[a̠k͈a̠]	[a̠k͈a̠]	刚刚 (부사)
아나운서	[a̠na̠unsʰʌ̹]	[a̠na̠unsʰʌ̹]	播音员 (명사)
아들	[a̠dɯɭ]	[a̠dɯɭ]	儿子 (명사)
아래쪽	[a̠ɾɛt͡ɕ͈o̞k̚]	[a̠ɾɛt͡ɕ͈o̞k̚]	下部 (명사)
아무것	[ˈa̠(ː)muɡʌ̹t̚]	[ˈa̠(ː)muɡʌ̹t̚]	任何东西 (명사)
아무리	[ˈa̠(ː)muɾi]	[ˈa̠(ː)muɾi]	多多少少 (부사)
아버님	[a̠bʌ̹nim]	[a̠bʌ̹nim]	尊敬的 아버지 (명사)
아버지	[a̠bʌ̹d͡ʑi]	[a̠bʌ̹d͡ʑi]	父亲 (명사)
아빠	[a̠p͈a̠]	[a̠p͈a̠]	爸 (명사)
아이스크림	[a̠isʰɯkxɯɾim]	[a̠isʰɯkxɯɾim]	甜筒 (명사)
아저씨	[a̠d͡ʑʌ̹ɕ͈i]	[a̠d͡ʑʌ̹ɕ͈i]	中老年男性 (명사)
아주머니	[a̠d͡ʑumʌ̹ni]	[a̠d͡ʑumʌ̹ni]	与父母同龄的女人 (명사)
아줌마	[a̠d͡ʑumma̠]	[a̠d͡ʑumma̠]	中老年女 (명사)
아프다	[a̠pʰɯda̠]	[a̠pʰɯda̠]	痛苦 (형용사)
아흔	[a̠ɣɯn]	[a̠ɣɯn]	九十 (수사)
안내문	[ˈa̠(ː)nnɛmun]	[ˈa̠(ː)nnɛmun]	公告 (명사)
안녕	[a̠nɲʌ̹ŋ]	[a̠nɲʌ̹ŋ]	平安，和平，和睦 (명사)
안녕하다	[a̠nɲʌ̹ŋɦa̠da̠]	[a̠nɲʌ̹ŋɦa̠da̠]	井 (형용사)
안녕히	[a̠nɲʌ̹ŋʝi]	[a̠nɲʌ̹ŋʝi]	正安静的 (부사)
안쪽	[a̠ɲt͡ɕ͈o̞k̚]	[a̠ɲt͡ɕ͈o̞k̚]	内 (명사)
앉다	[a̠nt͈a̠]	[a̠nt͈a̠]	坐下 (동사)
알리다	[a̠ʎʎida̠]	[a̠ʎʎida̠]	通知 (동사)
알맞다	[a̠ɭma̠t̚t͈a̠]	[a̠ɭma̠t̚t͈a̠]	做到恰到好处 (형용사)
알아보다	[a̠ɾa̠bo̞da̠]	[a̠ɾa̠bo̞da̠]	来识别 (동사)
앞	[a̠p̚]	[a̠p̚]	福尔 (명사)
앞쪽	[a̠p̚t͡ɕ͈o̞k̚]	[a̠p̚t͡ɕ͈o̞k̚]	正面 (명사)
야채	[ˈja̠(ː)t͡ɕʰɛ]	[ˈja̠(ː)t͡ɕʰɛ]	蔬菜 (명사)
약간	[ja̠k̚k͈a̠n]	[ja̠k̚k͈a̠n]	小 (명사)
약속하다	[ja̠ks͈o̞kʰa̠da̠]	[ja̠ks͈o̞kʰa̠da̠]	承诺 (동사)
얇다	[ˈja̠(ː)ɭt͈a̠]	[ˈja̠(ː)ɭt͈a̠]	细 (형용사)
양치질	[ja̠ŋt͡ɕʰid͡ʑiɭ]	[ja̠ŋt͡ɕʰid͡ʑiɭ]	刷牙 (명사)
얘기	[ˈjɛ(ː)ɡi]	[ˈjɛ(ː)ɡi]	이야기 : talk的收缩 (명사)
얘기하다	[ˈjɛ(ː)ɡiɦa̠da̠]	[ˈjɛ(ː)ɡiɦa̠da̠]	이야기하다 : to talk的收缩 (동사)
어둡다	[ʌ̹dup̚t͈a̠]	[ʌ̹dup̚t͈a̠]	深色 (형용사)
어떠하다	[ʌ̹t͈ʌ̹ɦa̠da̠]	[ʌ̹t͈ʌ̹ɦa̠da̠]	替代形式的 어떻다 (형용사)
어떤	[ʌ̹t͈ʌ̹n]	[ʌ̹t͈ʌ̹n]	何等 (관형사)
어떻다	[ʌ̹t͈ʌ̹tʰa̠]	[ʌ̹t͈ʌ̹tʰa̠]	处于什么状态 (형용사)
어렵다	[ʌ̹ɾjʌ̹p̚t͈a̠]	[ʌ̹ɾjʌ̹p̚t͈a̠]	很难 (형용사)
어린아이	[ʌ̹ɾina̠i]	[ʌ̹ɾina̠i]	子级 (명사)
어머님	[ʌ̹mʌ̹nim]	[ʌ̹mʌ̹nim]	尊敬的 어머니 (명사)
어울리다	[ʌ̹uʎʎida̠]	[ʌ̹uʎʎida̠]	到SUIT (동사)
어젯밤	[ʌ̹d͡ʑe̞t̚p͈a̠m]	[ʌ̹d͡ʑe̞t̚p͈a̠m]	昨夜 (명사)
언제나	[ˈɘ(ː)ɲd͡ʑe̞na̠]	[ˈɘ(ː)ɲd͡ʑe̞na̠]	始终 (부사)
얼마나	[ʌ̹ɭma̠na̠]	[ʌ̹ɭma̠na̠]	多长时间 (부사)
엄마	[ʌ̹mma̠]	[ʌ̹mma̠]	妈 (명사)
여기저기	[jʌ̹ɡid͡ʑʌ̹ɡi]	[jʌ̹ɡid͡ʑʌ̹ɡi]	随处可见 (부사)
여동생	[jʌ̹do̞ŋsʰɛŋ]	[jʌ̹do̞ŋsʰɛŋ]	小妹 (명사)
여든	[jʌ̹dɯn]	[jʌ̹dɯn]	八十 (수사)
여러	[jʌ̹ɾʌ̹]	[jʌ̹ɾʌ̹]	几个 (관형사)
여러분	[jʌ̹ɾʌ̹bun]	[jʌ̹ɾʌ̹bun]	女士们、先生们， (명사)
여보세요	[jʌ̹bo̞sʰe̞jo]	[jʌ̹bo̞sʰe̞jo]	你好 (감탄사)
여쭙다	[ˈjɘ(ː)t͡ɕ͈up̚t͈a̠]	[ˈjɘ(ː)t͡ɕ͈up̚t͈a̠]	来提问 (동사)
여학생	[jʌ̹ɦa̠ks͈ɛŋ]	[jʌ̹ɦa̠ks͈ɛŋ]	女学生 (명사)
여행사	[jʌ̹ɦɛŋsʰa̠]	[jʌ̹ɦɛŋsʰa̠]	旅行社 (명사)
연극	[ˈjɘ(ː)nɡɯk̚]	[ˈjɘ(ː)nɡɯk̚]	公开表演或表演 (명사)
연락처	[jʌ̹ɭɭa̠k̚t͡ɕʰʌ̹]	[jʌ̹ɭɭa̠k̚t͡ɕʰʌ̹]	联系方式 (명사)
연예인	[ˈjɘ(ː)ɲe̞in]	[ˈjɘ(ː)ɲe̞in]	表演者 ,演员 (명사)
열심히	[jʌ̹ɭɕ͈imʝi]	[jʌ̹ɭɕ͈imʝi]	热情地 (부사)
열흘	[jʌ̹ɾɣɯɭ]	[jʌ̹ɾɣɯɭ]	十天 (명사)
영국	[jʌ̹ŋɡuk̚]	[jʌ̹ŋɡuk̚]	英国 (고유명사)
영하	[jʌ̹ŋɦa̠]	[jʌ̹ŋɦa̠]	温度低于零度 (명사)
옆	[jʌ̹p̚]	[jʌ̹p̚]	不良面 (명사)
옆집	[jʌ̹p̚t͡ɕ͈ip̚]	[jʌ̹p̚t͡ɕ͈ip̚]	隔壁的房子 (명사)
예쁘다	[ˈje̞(ː)p͈ɯda̠]	[ˈje̞(ː)p͈ɯda̠]	要漂亮 (형용사)
예순	[je̞sʰun]	[je̞sʰun]	六十 (수사)
예술	[ˈje̞(ː)sʰuɭ]	[ˈje̞(ː)sʰuɭ]	文章 (명사)
옛날	[ˈje̞(ː)nna̠ɭ]	[ˈje̞(ː)nna̠ɭ]	过去 (명사)
오래간만	[o̞ɾɛɡa̠nma̠n]	[o̞ɾɛɡa̠nma̠n]	长时间缺席后的第一次出现 (명사)
오랜만	[o̞ɾɛnma̠n]	[o̞ɾɛnma̠n]	长时间 (명사)
오랫동안	[o̞ɾɛt̚t͈o̞ŋa̠n]	[o̞ɾɛt̚t͈o̞ŋa̠n]	良久。 (명사)
오렌지	[o̞ɾe̞ɲd͡ʑi]	[o̞ɾe̞ɲd͡ʑi]	橙色 (명사)
오른쪽	[o̞ɾɯɲt͡ɕ͈o̞k̚]	[o̞ɾɯɲt͡ɕ͈o̞k̚]	右手 (명사)
오십	[ˈo̞(ː)ɕʰip̚]	[ˈo̞(ː)ɕʰip̚]	五十 (수사)
올라오다	[o̞ɭɭa̠o̞da̠]	[o̞ɭɭa̠o̞da̠]	上来 (동사)
올해	[o̞ɾɦɛ]	[o̞ɾɦɛ]	本年 (명사)
와이셔츠	[wa̠iɕʰʌ̹t͡ɕʰɯ]	[wa̠iɕʰʌ̹t͡ɕʰɯ]	正装衬衫 (명사)
완전히	[wa̠ɲd͡ʑʌ̹nʝi]	[wa̠ɲd͡ʑʌ̹nʝi]	齐根 (부사)
왜냐하면	[wɛɲa̠ɦa̠mjʌ̹n]	[wɛɲa̠ɦa̠mjʌ̹n]	因为 (부사)
외국어	[ˈwe̞(ː)ɡuɡʌ̹]	[ˈwe̞(ː)ɡuɡʌ̹]	胡语 (명사)
외국인	[ˈwe̞(ː)ɡuɡin]	[ˈwe̞(ː)ɡuɡin]	外邦人，外国人 (명사)
외출	[ˈwe̞(ː)t͡ɕʰuɭ]	[ˈwe̞(ː)t͡ɕʰuɭ]	外出 (명사)
왼쪽	[ˈwe̞(ː)ɲt͡ɕ͈o̞k̚]	[ˈwe̞(ː)ɲt͡ɕ͈o̞k̚]	左侧 (명사)
요리사	[joɾisʰa̠]	[joɾisʰa̠]	厨子 (명사)
요일	[joiɭ]	[joiɭ]	一周中的一天 (명사)
요즘	[jod͡ʑɯm]	[jod͡ʑɯm]	近代 (명사)
우리나라	[uɾina̠ɾa̠]	[uɾina̠ɾa̠]	韩国 (고유명사)
우표	[upʰjo]	[upʰjo]	邮费 (명사)
운동장	[ˈu(ː)ndo̞ŋd͡ʑa̠ŋ]	[ˈu(ː)ndo̞ŋd͡ʑa̠ŋ]	运动场 (명사)
운동하다	[ˈu(ː)ndo̞ŋɦa̠da̠]	[ˈu(ː)ndo̞ŋɦa̠da̠]	锻炼 (동사)
운전사	[ˈu(ː)ɲd͡ʑʌ̹nsʰa̠]	[ˈu(ː)ɲd͡ʑʌ̹nsʰa̠]	驾驶员 (명사)
운전하다	[ˈu(ː)ɲd͡ʑʌ̹nɦa̠da̠]	[ˈu(ː)ɲd͡ʑʌ̹nɦa̠da̠]	能够驾驶 (동사)
움직이다	[umd͡ʑiɡida̠]	[umd͡ʑiɡida̠]	移动 (동사)
웃다	[ˈu(ː)t̚t͈a̠]	[ˈu(ː)t̚t͈a̠]	笑 (동사)
웃음	[usʰɯm]	[usʰɯm]	欢笑 (명사)
원피스	[wʌ̹npʰi(ː)sʰɯ]	[wʌ̹npʰi(ː)sʰɯ]	服装 (명사)
월급	[wʌ̹ɭɡɯp̚]	[wʌ̹ɭɡɯp̚]	月工资 (명사)
위쪽	[ɥit͡ɕ͈o̞k̚]	[ɥit͡ɕ͈o̞k̚]	上部 (명사)
위험	[ɥiɦʌ̹m]	[ɥiɦʌ̹m]	危险 (명사)
위험하다	[ɥiɦʌ̹mɦa̠da̠]	[ɥiɦʌ̹mɦa̠da̠]	危险 (형용사)
육십	[jukɕ͈ip̚]	[jukɕ͈ip̚]	六十 (수사)
음료	[ˈɯ(ː)mɲo]	[ˈɯ(ː)mɲo]	喝 (명사)
음료수	[ˈɯ(ː)mɲosʰu]	[ˈɯ(ː)mɲosʰu]	饮料 (명사)
음식	[ˈɯ(ː)mɕʰik̚]	[ˈɯ(ː)mɕʰik̚]	食物 (명사)
음식점	[ˈɯ(ː)mɕʰik̚t͡ɕ͈ʌ̹m]	[ˈɯ(ː)mɕʰik̚t͡ɕ͈ʌ̹m]	餐厅菜单 (명사)
음악가	[ɯma̠k̚k͈a̠]	[ɯma̠k̚k͈a̠]	音乐家 (명사)
이것	[iɡʌ̹t̚]	[iɡʌ̹t̚]	此 (대명사)
이곳	[iɡo̞t̚]	[iɡo̞t̚]	此处 (대명사)
이날	[ina̠ɭ]	[ina̠ɭ]	那天 (명사)
이따가	[it͈a̠ɡa̠]	[it͈a̠ɡa̠]	晚一点点 (부사)
이때	[it͈ɛ]	[it͈ɛ]	现在 (명사)
이렇다	[iɾʌ̹tʰa̠]	[iɾʌ̹tʰa̠]	喜欢这个 (형용사)
이름	[iɾɯm]	[iɾɯm]	名称 (명사)
이십	[ˈi(ː)ɕʰip̚]	[ˈi(ː)ɕʰip̚]	二十 (수사)
이야기	[ija̠ɡi]	[ija̠ɡi]	说 (명사)
이야기하다	[ija̠ɡiɦa̠da̠]	[ija̠ɡiɦa̠da̠]	交谈 (동사)
익숙하다	[iks͈ukʰa̠da̠]	[iks͈ukʰa̠da̠]	技术熟练 (형용사)
인도네시아	[indo̞ne̞ɕʰia̠]	[indo̞ne̞ɕʰia̠]	印尼 (고유명사)
인사하다	[insʰa̠ɦa̠da̠]	[insʰa̠ɦa̠da̠]	迎接 (동사)
인천	[iɲt͡ɕʰʌ̹n]	[iɲt͡ɕʰʌ̹n]	仁川 (고유명사)
일본	[iɭbo̞n]	[iɭbo̞n]	日本 (고유명사)
일어서다	[iɾʌ̹sʰʌ̹da̠]	[iɾʌ̹sʰʌ̹da̠]	站了起来 (동사)
일주일	[iʎt͡ɕ͈uiɭ]	[iʎt͡ɕ͈uiɭ]	一周 (명사)
일하다	[ˈi(ː)ɾɦa̠da̠]	[ˈi(ː)ɾɦa̠da̠]	工作。 (동사)
일흔	[iɾɣɯn]	[iɾɣɯn]	七十 (수사)
읽다	[ik̚t͈a̠]	[ik̚t͈a̠]	阅读 (동사)
잃다	[iɭtʰa̠]	[iɭtʰa̠]	输掉 (동사)
잃어버리다	[iɾʌ̹bʌ̹ɾida̠]	[iɾʌ̹bʌ̹ɾida̠]	输掉 (동사)
입장권	[ip̚t͡ɕ͈a̠ŋk͈wʌ̹n]	[ip̚t͡ɕ͈a̠ŋk͈wʌ̹n]	入场劵 (명사)
잊어버리다	[id͡ʑʌ̹bʌ̹ɾida̠]	[id͡ʑʌ̹bʌ̹ɾida̠]	忘记 (동사)
자기소개	[t͡ɕa̠ɡisʰo̞ɡɛ]	[t͡ɕa̠ɡisʰo̞ɡɛ]	Self-introduction 自我介绍 (명사)
자동판매기	[t͡ɕa̠do̞ŋpʰa̠nmɛɡi]	[t͡ɕa̠do̞ŋpʰa̠nmɛɡi]	自动贩卖机 (명사)
자세히	[t͡ɕa̠sʰe̞ʝi]	[t͡ɕa̠sʰe̞ʝi]	具体规定是： (부사)
작년	[t͡ɕa̠ŋɲʌ̹n]	[t͡ɕa̠ŋɲʌ̹n]	去年 (명사)
잘되다	[t͡ɕa̠ɭdwe̞da̠]	[t͡ɕa̠ɭdwe̞da̠]	做好 (동사)
잘못	[t͡ɕa̠ɭmo̞t̚]	[t͡ɕa̠ɭmo̞t̚]	错误 (명사)
잘못되다	[t͡ɕa̠ɭmo̞t̚t͈we̞da̠]	[t͡ɕa̠ɭmo̞t̚t͈we̞da̠]	出错 (동사)
잘못하다	[t͡ɕa̠ɭmo̞tʰa̠da̠]	[t͡ɕa̠ɭmo̞tʰa̠da̠]	犯错 (동사)
잘생기다	[t͡ɕa̠ɭsʰɛŋɡida̠]	[t͡ɕa̠ɭsʰɛŋɡida̠]	长得要帅 (동사)
잘하다	[t͡ɕa̠ɾɦa̠da̠]	[t͡ɕa̠ɾɦa̠da̠]	你应该做点什么东西 你应该你应该 (동사)
잠깐	[t͡ɕa̠mk͈a̠n]	[t͡ɕa̠mk͈a̠n]	暂停一小段时间。 (부사)
잠시	[ˈt͡ɕa̠(ː)mɕʰi]	[ˈt͡ɕa̠(ː)mɕʰi]	一会儿 (명사)
잠자다	[t͡ɕa̠md͡ʑa̠da̠]	[t͡ɕa̠md͡ʑa̠da̠]	睡觉 (동사)
잡수시다	[t͡ɕa̠ps͈uɕʰida̠]	[t͡ɕa̠ps͈uɕʰida̠]	吃：尊敬的 먹다 (동사)
장난감	[t͡ɕa̠ŋna̠nk͈a̠m]	[t͡ɕa̠ŋna̠nk͈a̠m]	玩具 (명사)
재미없다	[t͡ɕɛmiʌ̹p̚t͈a̠]	[t͡ɕɛmiʌ̹p̚t͈a̠]	无趣 wúqù (형용사)
재채기	[t͡ɕɛt͡ɕʰɛɡi]	[t͡ɕɛt͡ɕʰɛɡi]	打喷嚏 (명사)
저것	[t͡ɕʌ̹ɡʌ̹t̚]	[t͡ɕʌ̹ɡʌ̹t̚]	同时 (대명사)
저곳	[t͡ɕʌ̹ɡo̞t̚]	[t͡ɕʌ̹ɡo̞t̚]	那里 (명사)
저금	[ˈt͡ɕɘ(ː)ɡɯm]	[ˈt͡ɕɘ(ː)ɡɯm]	把钱放在一边 (명사)
저렇다	[t͡ɕʌ̹ɾʌ̹tʰa̠]	[t͡ɕʌ̹ɾʌ̹tʰa̠]	就这样 (형용사)
저쪽	[t͡ɕʌ̹t͡ɕ͈o̞k̚]	[t͡ɕʌ̹t͡ɕ͈o̞k̚]	在那里 (대명사)
전하다	[t͡ɕʌ̹nɦa̠da̠]	[t͡ɕʌ̹nɦa̠da̠]	传递下去 (동사)
전화기	[ˈt͡ɕɘ(ː)nβwa̠ɡi]	[ˈt͡ɕɘ(ː)nβwa̠ɡi]	电话机 (명사)
전화번호	[ˈt͡ɕɘ(ː)nβwa̠bʌ̹nβo̞]	[ˈt͡ɕɘ(ː)nβwa̠bʌ̹nβo̞]	电话号码， (명사)
젊다	[ˈt͡ɕɘ(ː)mt͈a̠]	[ˈt͡ɕɘ(ː)mt͈a̠]	年轻 (형용사)
점심	[ˈt͡ɕɘ(ː)mɕʰim]	[ˈt͡ɕɘ(ː)mɕʰim]	午餐 (명사)
접시	[t͡ɕʌ̹pɕ͈i]	[t͡ɕʌ̹pɕ͈i]	厚板 (명사)
정거장	[t͡ɕʌ̹ŋɡʌ̹d͡ʑa̠ŋ]	[t͡ɕʌ̹ŋɡʌ̹d͡ʑa̠ŋ]	岗位 (명사)
정류장	[t͡ɕʌ̹ŋɲud͡ʑa̠ŋ]	[t͡ɕʌ̹ŋɲud͡ʑa̠ŋ]	停止 (명사)
조금씩	[t͡ɕo̞ɡɯmɕ͈ik̚]	[t͡ɕo̞ɡɯmɕ͈ik̚]	渐进地 (부사)
조용히	[t͡ɕo̞joŋʝi]	[t͡ɕo̞joŋʝi]	默默 (부사)
조카	[t͡ɕo̞kʰa̠]	[t͡ɕo̞kʰa̠]	侄/甥 (명사)
졸업하다	[t͡ɕo̞ɾʌ̹pʰa̠da̠]	[t͡ɕo̞ɾʌ̹pʰa̠da̠]	要毕业的话。 (동사)
종업원	[t͡ɕo̞ŋʌ̹bwʌ̹n]	[t͡ɕo̞ŋʌ̹bwʌ̹n]	雇员 (명사)
좋아하다	[ˈt͡ɕo̞(ː)a̠ɦa̠da̠]	[ˈt͡ɕo̞(ː)a̠ɦa̠da̠]	喜欢某事或某人 (동사)
죄송하다	[ˈt͡ɕwe̞(ː)sʰo̞ŋɦa̠da̠]	[ˈt͡ɕwe̞(ː)sʰo̞ŋɦa̠da̠]	对不起 (형용사)
주머니	[t͡ɕumʌ̹ni]	[t͡ɕumʌ̹ni]	袋子 (명사)
주무시다	[t͡ɕumuɕʰida̠]	[t͡ɕumuɕʰida̠]	睡觉：致敬 자다 (동사)
주스	[t͡ɕusʰɯ]	[t͡ɕusʰɯ]	果汁 (명사)
주황색	[t͡ɕuβwa̠ŋsʰɛk̚]	[t͡ɕuβwa̠ŋsʰɛk̚]	橙色 (명사)
준비	[ˈt͡ɕu(ː)nbi]	[ˈt͡ɕu(ː)nbi]	完备 (명사)
준비하다	[ˈt͡ɕu(ː)nbiɦa̠da̠]	[ˈt͡ɕu(ː)nbiɦa̠da̠]	准备 (동사)
줄다	[ˈt͡ɕu(ː)ɭda̠]	[ˈt͡ɕu(ː)ɭda̠]	减少 (동사)
줄이다	[t͡ɕuɾida̠]	[t͡ɕuɾida̠]	减少一些东西 (동사)
중국	[t͡ɕuŋɡuk̚]	[t͡ɕuŋɡuk̚]	中国 (고유명사)
중국집	[t͡ɕuŋɡuk̚t͡ɕ͈ip̚]	[t͡ɕuŋɡuk̚t͡ɕ͈ip̚]	中餐厅 (명사)
중학생	[t͡ɕuŋɦa̠ks͈ɛŋ]	[t͡ɕuŋɦa̠ks͈ɛŋ]	初中或中学/高中生 (명사)
즐겁다	[t͡ɕɯɭɡʌ̹p̚t͈a̠]	[t͡ɕɯɭɡʌ̹p̚t͈a̠]	感到愉快 (형용사)
지나가다	[t͡ɕina̠ɡa̠da̠]	[t͡ɕina̠ɡa̠da̠]	及格线 (동사)
지나다	[t͡ɕina̠da̠]	[t͡ɕina̠da̠]	及格线 (동사)
지난달	[t͡ɕina̠nda̠ɭ]	[t͡ɕina̠nda̠ɭ]	上月 (명사)
지난번	[t͡ɕina̠nbʌ̹n]	[t͡ɕina̠nbʌ̹n]	上次 (명사)
지난주	[t͡ɕina̠ɲd͡ʑu]	[t͡ɕina̠ɲd͡ʑu]	上周 (명사)
지난해	[t͡ɕina̠nɦɛ]	[t͡ɕina̠nɦɛ]	销售价值及其变化。 (명사)
지하도	[t͡ɕiɦa̠do̞]	[t͡ɕiɦa̠do̞]	UNDERPASS地下通道 (명사)
직업	[t͡ɕiɡʌ̹p̚]	[t͡ɕiɡʌ̹p̚]	作业 (명사)
질문하다	[t͡ɕiɭmunɦa̠da̠]	[t͡ɕiɭmunɦa̠da̠]	以提出问题 (동사)
집들이	[t͡ɕip̚t͈ɯɾi]	[t͡ɕip̚t͈ɯɾi]	乔迁聚会 (명사)
짜증	[t͡ɕ͈a̠d͡ʑɯŋ]	[t͡ɕ͈a̠d͡ʑɯŋ]	刺激 (명사)
짧다	[t͡ɕ͈a̠ɭt͈a̠]	[t͡ɕ͈a̠ɭt͈a̠]	短整型data type in C/ C++ (형용사)
착하다	[t͡ɕʰa̠kʰa̠da̠]	[t͡ɕʰa̠kʰa̠da̠]	心地善良 (형용사)
참다	[ˈt͡ɕʰa̠(ː)mt͈a̠]	[ˈt͡ɕʰa̠(ː)mt͈a̠]	承受 (동사)
찾다	[t͡ɕʰa̠t̚t͈a̠]	[t͡ɕʰa̠t̚t͈a̠]	添加到搜索 (동사)
찾아가다	[t͡ɕʰa̠d͡ʑa̠ɡa̠da̠]	[t͡ɕʰa̠d͡ʑa̠ɡa̠da̠]	去见某人或与某人见面。 (동사)
찾아보다	[t͡ɕʰa̠d͡ʑa̠bo̞da̠]	[t͡ɕʰa̠d͡ʑa̠bo̞da̠]	去找人 (동사)
찾아오다	[t͡ɕʰa̠d͡ʑa̠o̞da̠]	[t͡ɕʰa̠d͡ʑa̠o̞da̠]	来拜访某人 (동사)
채소	[ˈt͡ɕʰɛ(ː)sʰo̞]	[ˈt͡ɕʰɛ(ː)sʰo̞]	蔬菜 (명사)
처음	[t͡ɕʰʌ̹ɯm]	[t͡ɕʰʌ̹ɯm]	首次客户： (명사)
천천히	[ˈt͡ɕʰɘ(ː)ɲt͡ɕʰʌ̹nʝi]	[ˈt͡ɕʰɘ(ː)ɲt͡ɕʰʌ̹nʝi]	不疾不徐 (부사)
첫	[t͡ɕʰʌ̹t̚]	[t͡ɕʰʌ̹t̚]	第一页 (관형사)
첫날	[t͡ɕʰʌ̹nna̠ɭ]	[t͡ɕʰʌ̹nna̠ɭ]	第一日 (명사)
첫째	[t͡ɕʰʌ̹t̚t͡ɕ͈ɛ]	[t͡ɕʰʌ̹t̚t͡ɕ͈ɛ]	第一页 (수사)
청년	[t͡ɕʰʌ̹ŋɲʌ̹n]	[t͡ɕʰʌ̹ŋɲʌ̹n]	我的青春是你的 (명사)
청소년	[t͡ɕʰʌ̹ŋsʰo̞ɲʌ̹n]	[t͡ɕʰʌ̹ŋsʰo̞ɲʌ̹n]	青少年 (명사)
체육관	[t͡ɕʰe̞juk̚k͈wa̠n]	[t͡ɕʰe̞juk̚k͈wa̠n]	健身 中心 (명사)
쳐다보다	[ˈt͡ɕʰɘ(ː)da̠bo̞da̠]	[ˈt͡ɕʰɘ(ː)da̠bo̞da̠]	看或瞥一眼。 (동사)
초대장	[t͡ɕʰo̞dɛd͡ʑa̠ŋ]	[t͡ɕʰo̞dɛd͡ʑa̠ŋ]	请帖 (명사)
초등학생	[t͡ɕʰo̞dɯŋɦa̠ks͈ɛŋ]	[t͡ɕʰo̞dɯŋɦa̠ks͈ɛŋ]	小学生/小学生 (명사)
초록색	[t͡ɕʰo̞ɾo̞ks͈ɛk̚]	[t͡ɕʰo̞ɾo̞ks͈ɛk̚]	碧绿色 (명사)
초콜릿	[t͡ɕʰo̞kʰo̞ʎʎit̚]	[t͡ɕʰo̞kʰo̞ʎʎit̚]	巧克力 (명사)
최근	[ˈt͡ɕʰwe̞(ː)ɡɯn]	[ˈt͡ɕʰwe̞(ː)ɡɯn]	最新 (명사)
축구공	[t͡ɕʰuk̚k͈uɡo̞ŋ]	[t͡ɕʰuk̚k͈uɡo̞ŋ]	足球 (zúqiú) (명사)
축하	[t͡ɕʰukʰa̠]	[t͡ɕʰukʰa̠]	恭喜 (명사)
축하하다	[t͡ɕʰukʰa̠ɦa̠da̠]	[t͡ɕʰukʰa̠ɦa̠da̠]	祝贺 (동사)
출근	[t͡ɕʰuɭɡɯn]	[t͡ɕʰuɭɡɯn]	去上班 (명사)
출발하다	[t͡ɕʰuɭba̠ɾɦa̠da̠]	[t͡ɕʰuɭba̠ɾɦa̠da̠]	出发 (동사)
출입	[t͡ɕʰuɾip̚]	[t͡ɕʰuɾip̚]	出入之地 (명사)
춤추다	[t͡ɕʰumt͡ɕʰuda̠]	[t͡ɕʰumt͡ɕʰuda̠]	跳舞 (동사)
취직	[ˈt͡ɕʰɥi(ː)d͡ʑik̚]	[ˈt͡ɕʰɥi(ː)d͡ʑik̚]	找工作 (명사)
치약	[t͡ɕʰija̠k̚]	[t͡ɕʰija̠k̚]	牙膏 (명사)
치킨	[t͡ɕʰicçin]	[t͡ɕʰicçin]	炸鸡 (명사)
친절	[t͡ɕʰiɲd͡ʑʌ̹ɭ]	[t͡ɕʰiɲd͡ʑʌ̹ɭ]	恩情 (명사)
친절하다	[t͡ɕʰiɲd͡ʑʌ̹ɾɦa̠da̠]	[t͡ɕʰiɲd͡ʑʌ̹ɾɦa̠da̠]	善良 (형용사)
친척	[t͡ɕʰiɲt͡ɕʰʌ̹k̚]	[t͡ɕʰiɲt͡ɕʰʌ̹k̚]	家族 ,亲戚 (명사)
친하다	[t͡ɕʰinɦa̠da̠]	[t͡ɕʰinɦa̠da̠]	要接近 (형용사)
칠십	[t͡ɕʰiɭɕ͈ip̚]	[t͡ɕʰiɭɕ͈ip̚]	七十 (수사)
칠월	[t͡ɕʰiɾwʌ̹ɭ]	[t͡ɕʰiɾwʌ̹ɭ]	7月 (명사)
카드	[kʰa̠dɯ]	[kʰa̠dɯ]	卡 (명사)
카레	[kʰa̠ɾe̞]	[kʰa̠ɾe̞]	咖哩 (명사)
캐나다	[kʰɛna̠da̠]	[kʰɛna̠da̠]	加拿大 (고유명사)
커피숍	[kʰʌ̹pʰiɕʰop̚]	[kʰʌ̹pʰiɕʰop̚]	咖啡店 (명사)
콜라	[kʰo̞ɭɭa̠]	[kʰo̞ɭɭa̠]	可乐 (명사)
크기	[kxɯɡi]	[kxɯɡi]	尺寸 (명사)
키우다	[cçiuda̠]	[cçiuda̠]	到后方 (동사)
킬로그램	[cçiɭɭo̞ɡɯɾɛm]	[cçiɭɭo̞ɡɯɾɛm]	公斤 (명사)
킬로미터	[cçiɭɭo̞mitʰʌ̹]	[cçiɭɭo̞mitʰʌ̹]	公里 (명사)
태국	[tʰɛɡuk̚]	[tʰɛɡuk̚]	泰国 (고유명사)
태어나다	[tʰɛʌ̹na̠da̠]	[tʰɛʌ̹na̠da̠]	出生 (동사)
택배	[tʰɛk̚p͈ɛ]	[tʰɛk̚p͈ɛ]	送货上门 (명사)
터미널	[tʰʌ̹minʌ̹ɭ]	[tʰʌ̹minʌ̹ɭ]	末端的 (명사)
테니스장	[tʰe̞nisʰɯd͡ʑa̠ŋ]	[tʰe̞nisʰɯd͡ʑa̠ŋ]	羽毛球场 (명사)
토마토	[tʰo̞ma̠tʰo̞]	[tʰo̞ma̠tʰo̞]	番茄 (명사)
퇴근	[ˈtʰwe̞(ː)ɡɯn]	[ˈtʰwe̞(ː)ɡɯn]	下班 (명사)
트럭	[tʰɯɾʌ̹k̚]	[tʰɯɾʌ̹k̚]	卡车 (명사)
특별하다	[tʰɯk̚p͈jʌ̹ɾɦa̠da̠]	[tʰɯk̚p͈jʌ̹ɾɦa̠da̠]	是特别的还是与众不同的 (형용사)
특별히	[tʰɯk̚p͈jʌ̹ɾʝi]	[tʰɯk̚p͈jʌ̹ɾʝi]	特别 (부사)
특히	[tʰɯcçi]	[tʰɯcçi]	尤其 (부사)
튼튼하다	[tʰɯntʰɯnɦa̠da̠]	[tʰɯntʰɯnɦa̠da̠]	坚固 (형용사)
틀다	[tʰɯɭda̠]	[tʰɯɭda̠]	转向 (동사)
티브이	[tʰibɯi]	[tʰibɯi]	标准表单 (명사)
파란색	[pʰa̠ɾa̠nsʰɛk̚]	[pʰa̠ɾa̠nsʰɛk̚]	蓝色 (명사)
파랗다	[ˈpʰa̠(ː)ɾa̠tʰa̠]	[ˈpʰa̠(ː)ɾa̠tʰa̠]	是蓝色的 (형용사)
파티	[pʰa̠tʰi]	[pʰa̠tʰi]	派对 (명사)
팔다	[pʰa̠ɭda̠]	[pʰa̠ɭda̠]	转销售 (동사)
팔리다	[pʰa̠ʎʎida̠]	[pʰa̠ʎʎida̠]	待售 (동사)
팔십	[pʰa̠ɭɕ͈ip̚]	[pʰa̠ɭɕ͈ip̚]	八十 (수사)
팔월	[pʰa̠ɾwʌ̹ɭ]	[pʰa̠ɾwʌ̹ɭ]	8月 (명사)
펴다	[pʰjʌ̹da̠]	[pʰjʌ̹da̠]	传播 (동사)
편찮다	[pʰjʌ̹ɲt͡ɕʰa̠ntʰa̠]	[pʰjʌ̹ɲt͡ɕʰa̠ntʰa̠]	生病 (형용사)
푸르다	[pʰuɾɯda̠]	[pʰuɾɯda̠]	是蓝色的 (형용사)
풀다	[pʰuɭda̠]	[pʰuɭda̠]	松绑 (동사)
프랑스	[pʰɯɾa̠ŋsʰɯ]	[pʰɯɾa̠ŋsʰɯ]	法国 (고유명사)
프로그램	[pʰɯɾo̞ɡɯɾɛm]	[pʰɯɾo̞ɡɯɾɛm]	程序 (명사)
피곤	[pʰiɡo̞n]	[pʰiɡo̞n]	疲倦 (명사)
피자	[pʰid͡ʑa̠]	[pʰid͡ʑa̠]	比萨 (명사)
필요	[pʰiɾjo]	[pʰiɾjo]	您需要激活插件 (명사)
필요하다	[pʰiɾjoɦa̠da̠]	[pʰiɾjoɦa̠da̠]	有需要 (형용사)
필통	[pʰiɭtʰo̞ŋ]	[pʰiɭtʰo̞ŋ]	刷盒 (명사)
하숙비	[ˈha̠(ː)sʰuk̚p͈i]	[ˈha̠(ː)sʰuk̚p͈i]	食宿费 (명사)
하숙집	[ˈha̠(ː)sʰuk̚t͡ɕ͈ip̚]	[ˈha̠(ː)sʰuk̚t͡ɕ͈ip̚]	寄宿家庭 (명사)
하얀색	[ha̠ja̠nsʰɛk̚]	[ha̠ja̠nsʰɛk̚]	白色 (명사)
하얗다	[ˈha̠(ː)ja̠tʰa̠]	[ˈha̠(ː)ja̠tʰa̠]	白色 (형용사)
하지만	[ha̠d͡ʑima̠n]	[ha̠d͡ʑima̠n]	但 (부사)
학년	[ha̠ŋɲʌ̹n]	[ha̠ŋɲʌ̹n]	学年 (명사)
한강	[ˈha̠(ː)nɡa̠ŋ]	[ˈha̠(ː)nɡa̠ŋ]	汉江 (고유명사)
한국	[ˈha̠(ː)nɡuk̚]	[ˈha̠(ː)nɡuk̚]	韩国 (고유명사)
한두	[ha̠ndu]	[ha̠ndu]	一两 (수사)
한번	[ha̠nbʌ̹n]	[ha̠nbʌ̹n]	某个时间 (부사)
한잔	[ha̠ɲd͡ʑa̠n]	[ha̠ɲd͡ʑa̠n]	一杯饮料 (명사)
항공	[ˈha̠(ː)ŋɡo̞ŋ]	[ˈha̠(ː)ŋɡo̞ŋ]	航空 (명사)
항공권	[ˈha̠(ː)ŋɡo̞ŋk͈wʌ̹n]	[ˈha̠(ː)ŋɡo̞ŋk͈wʌ̹n]	机票款 (명사)
해마다	[hɛma̠da̠]	[hɛma̠da̠]	度进行检测 (부사)
해외	[ˈhɛ(ː)we̞]	[ˈhɛ(ː)we̞]	海外 ,境外 (명사)
핸드폰	[hɛndɯpʰo̞n]	[hɛndɯpʰo̞n]	行动电话 (명사)
햄버거	[hɛmbʌ̹ɡʌ̹]	[hɛmbʌ̹ɡʌ̹]	汉堡蛋糕 (명사)
햇빛	[hɛt̚p͈it̚]	[hɛt̚p͈it̚]	阳光 (명사)
행동	[hɛŋdo̞ŋ]	[hɛŋdo̞ŋ]	操作 (명사)
헬스클럽	[he̞ɭsʰɯkxɯɭɭʌ̹p̚]	[he̞ɭsʰɯkxɯɭɭʌ̹p̚]	健身 中心 (명사)
호주	[ɸʷo̞d͡ʑu]	[ɸʷo̞d͡ʑu]	澳大利亚 (고유명사)
홍차	[ɸʷo̞ŋt͡ɕʰa̠]	[ɸʷo̞ŋt͡ɕʰa̠]	红茶 (명사)
화내다	[ˈɸwa̠(ː)nɛda̠]	[ˈɸwa̠(ː)nɛda̠]	生气/生气/发疯 (동사)
화려하다	[ɸwa̠ɾjʌ̹ɦa̠da̠]	[ɸwa̠ɾjʌ̹ɦa̠da̠]	华丽 (형용사)
회사원	[ˈɸwe̞(ː)sʰa̠wʌ̹n]	[ˈɸwe̞(ː)sʰa̠wʌ̹n]	办事员 ,职员 (명사)
회원	[ˈɸwe̞(ː)wʌ̹n]	[ˈɸwe̞(ː)wʌ̹n]	成员 (명사)
훌륭하다	[ɸʷuʎʎuŋɦa̠da̠]	[ɸʷuʎʎuŋɦa̠da̠]	优秀 (형용사)
훨씬	[ɸwʌ̹ɭɕ͈in]	[ɸwʌ̹ɭɕ͈in]	大概 (부사)
휴대폰	[çudɛpʰo̞n]	[çudɛpʰo̞n]	行动电话 (명사)
휴지통	[çud͡ʑitʰo̞ŋ]	[çud͡ʑitʰo̞ŋ]	纸篓 (명사)
흔들다	[xɯndɯɭda̠]	[xɯndɯɭda̠]	造成晃动 (동사)
흘리다	[xɯʎʎida̠]	[xɯʎʎida̠]	导致流动 (동사)
흰색	[çinsʰɛk̚]	[çinsʰɛk̚]	颜色 - 白色 (명사)
힘들다	[çimdɯɭda̠]	[çimdɯɭda̠]	困难 (형용사)
가까이	[ka̠k͈a̠i]	[ka̠k͈a̠i]	严严实实 (부사)
가꾸다	[ka̠k͈uda̠]	[ka̠k͈uda̠]	修炼一下。 (동사)
가난하다	[ka̠na̠nɦa̠da̠]	[ka̠na̠nɦa̠da̠]	较差的 (형용사)
가능	[ˈka̠(ː)nɯŋ]	[ˈka̠(ː)nɯŋ]	可能性 (명사)
가능성	[ˈka̠(ː)nɯŋs͈ʌ̹ŋ]	[ˈka̠(ː)nɯŋs͈ʌ̹ŋ]	可能性程度 (명사)
가능하다	[ˈka̠(ː)nɯŋɦa̠da̠]	[ˈka̠(ː)nɯŋɦa̠da̠]	才有可能 (형용사)
가득히	[ka̠dɯcçi]	[ka̠dɯcçi]	十分 (부사)
가라앉다	[ka̠ɾa̠a̠nt͈a̠]	[ka̠ɾa̠a̠nt͈a̠]	下沉 (동사)
가렵다	[ka̠ɾjʌ̹p̚t͈a̠]	[ka̠ɾjʌ̹p̚t͈a̠]	发痒 (형용사)
가로등	[ka̠ɾo̞dɯŋ]	[ka̠ɾo̞dɯŋ]	路灯 (명사)
가르다	[ka̠ɾɯda̠]	[ka̠ɾɯda̠]	进行除法 (동사)
가만	[ka̠ma̠n]	[ka̠ma̠n]	默默地 (부사)
가스	[k͈a̠s͈ɯ]	[k͈a̠s͈ɯ]	燃气 (명사)
가슴속	[ka̠sʰɯmsʰo̞k̚]	[ka̠sʰɯmsʰo̞k̚]	介意 (명사)
가이드	[ka̠idɯ]	[ka̠idɯ]	导 (명사)
가입	[ka̠ip̚]	[ka̠ip̚]	条目 (명사)
가정주부	[ka̠d͡ʑʌ̹ŋd͡ʑubu]	[ka̠d͡ʑʌ̹ŋd͡ʑubu]	全职家庭主妇 (명사)
가져다주다	[ka̠d͡ʑʌ̹da̠d͡ʑuda̠]	[ka̠d͡ʑʌ̹da̠d͡ʑuda̠]	必带物品： (동사)
가치관	[ka̠t͡ɕʰiɡwa̠n]	[ka̠t͡ɕʰiɡwa̠n]	价值 (명사)
각국	[ka̠k̚k͈uk̚]	[ka̠k̚k͈uk̚]	每个国家/民族 (명사)
각종	[ka̠k̚t͡ɕ͈o̞ŋ]	[ka̠k̚t͡ɕ͈o̞ŋ]	每种排序 (명사)
간섭	[ka̠nsʰʌ̹p̚]	[ka̠nsʰʌ̹p̚]	干涉；干扰；干预 (명사)
간신히	[ka̠nɕʰinʝi]	[ka̠nɕʰinʝi]	敝履 (부사)
간지럽다	[ka̠ɲd͡ʑiɾʌ̹p̚t͈a̠]	[ka̠ɲd͡ʑiɾʌ̹p̚t͈a̠]	发痒 (동사)
간편하다	[ka̠npʰjʌ̹nɦa̠da̠]	[ka̠npʰjʌ̹nɦa̠da̠]	简单方便 (형용사)
간호	[ka̠nβo̞]	[ka̠nβo̞]	护理 (명사)
간혹	[ˈka̠(ː)nβo̞k̚]	[ˈka̠(ː)nβo̞k̚]	偶尔 (副词)
갇히다	[ka̠t͡ɕʰida̠]	[ka̠t͡ɕʰida̠]	被锁起来 (동사)
갈수록	[ka̠ɭs͈uɾo̞k̚]	[ka̠ɭs͈uɾo̞k̚]	岁月流逝 (부사)
갈증	[ka̠ʎt͡ɕ͈ɯŋ]	[ka̠ʎt͡ɕ͈ɯŋ]	口渴 (명사)
감독	[ka̠mdo̞k̚]	[ka̠mdo̞k̚]	方向 (명사)
감동적	[ˈka̠(ː)mdo̞ŋd͡ʑʌ̹k̚]	[ˈka̠(ː)mdo̞ŋd͡ʑʌ̹k̚]	感人的；令人感动的 (形容词)
감싸다	[ˈka̠(ː)ms͈a̠da̠]	[ˈka̠(ː)ms͈a̠da̠]	覆盖 (동사)
감추다	[ka̠mt͡ɕʰuda̠]	[ka̠mt͡ɕʰuda̠]	隐藏 (동사)
감히	[ˈka̠(ː)mʝi]	[ˈka̠(ː)mʝi]	大胆地 (부사)
갑작스럽다	[ka̠p̚t͡ɕ͈a̠ks͈ɯɾʌ̹p̚t͈a̠]	[ka̠p̚t͡ɕ͈a̠ks͈ɯɾʌ̹p̚t͈a̠]	突然 (형용사)
강당	[ˈka̠(ː)ŋda̠ŋ]	[ˈka̠(ː)ŋda̠ŋ]	学术报告厅 (명사)
강물	[ka̠ŋmuɭ]	[ka̠ŋmuɭ]	河水 (명사)
강수량	[ˈka̠(ː)ŋsʰuɾja̠ŋ]	[ˈka̠(ː)ŋsʰuɾja̠ŋ]	降水 (명사)
강원도	[ka̠ŋwʌ̹ndo̞]	[ka̠ŋwʌ̹ndo̞]	江原道 (고유명사)
강조하다	[ka̠ŋd͡ʑo̞ɦa̠da̠]	[ka̠ŋd͡ʑo̞ɦa̠da̠]	强调 (동사)
갖추다	[ka̠t̚t͡ɕʰuda̠]	[ka̠t̚t͡ɕʰuda̠]	做好必要的准备 (동사)
개념	[ˈkɛ(ː)ɲʌ̹m]	[ˈkɛ(ː)ɲʌ̹m]	方案 (명사)
개발	[kɛba̠ɭ]	[kɛba̠ɭ]	发育 (명사)
개발하다	[kɛba̠ɾɦa̠da̠]	[kɛba̠ɾɦa̠da̠]	开发或利用 (동사)
개인적	[ˈkɛ(ː)iɲd͡ʑʌ̹k̚]	[ˈkɛ(ː)iɲd͡ʑʌ̹k̚]	个人 (명사)
개최	[kɛt͡ɕʰwe̞]	[kɛt͡ɕʰwe̞]	举办会议或活动 (명사)
개혁	[ˈkɛ(ː)ʝʌ̹k̚]	[ˈkɛ(ː)ʝʌ̹k̚]	浪潮 (명사)
객관적	[kɛk̚k͈wa̠ɲd͡ʑʌ̹k̚]	[kɛk̚k͈wa̠ɲd͡ʑʌ̹k̚]	客观性 (명사)
걔	[kjɛ]	[kjɛ]	“那小儿！ (대명사)
거꾸로	[kʌ̹k͈uɾo̞]	[kʌ̹k͈uɾo̞]	底朝天 (부사)
거대	[ˈkɘ(ː)dɛ]	[ˈkɘ(ː)dɛ]	巨人 (명사)
거두다	[kʌ̹duda̠]	[kʌ̹duda̠]	选中以收获 (동사)
거래처	[ˈkɘ(ː)ɾɛt͡ɕʰʌ̹]	[ˈkɘ(ː)ɾɛt͡ɕʰʌ̹]	客户 (명사)
거스름돈	[kʌ̹sʰɯɾɯmt͈o̞n]	[kʌ̹sʰɯɾɯmt͈o̞n]	更改 (명사)
거짓	[ˈkɘ(ː)d͡ʑit̚]	[ˈkɘ(ː)d͡ʑit̚]	虚假 (명사)
거칠다	[kʌ̹t͡ɕʰiɭda̠]	[kʌ̹t͡ɕʰiɭda̠]	纹理粗糙或粗糙 (형용사)
거품	[kʌ̹pʰum]	[kʌ̹pʰum]	气泡 (명사)
걱정되다	[kʌ̹k̚t͡ɕ͈ʌ̹ŋdwe̞da̠]	[kʌ̹k̚t͡ɕ͈ʌ̹ŋdwe̞da̠]	要担心的是 (동사)
걱정스럽다	[kʌ̹k̚t͡ɕ͈ʌ̹ŋsʰɯɾʌ̹p̚t͈a̠]	[kʌ̹k̚t͡ɕ͈ʌ̹ŋsʰɯɾʌ̹p̚t͈a̠]	焦虑 (형용사)
건너오다	[ˈkɘ(ː)nnʌ̹o̞da̠]	[ˈkɘ(ː)nnʌ̹o̞da̠]	跨越 (동사)
건널목	[ˈkɘ(ː)nnʌ̹ɭmo̞k̚]	[ˈkɘ(ː)nnʌ̹ɭmo̞k̚]	平交道 (명사)
건네다	[ˈkɘ(ː)nne̞da̠]	[ˈkɘ(ː)nne̞da̠]	交出或交出 (동사)
건드리다	[ˈkɘ(ː)ndɯɾida̠]	[ˈkɘ(ː)ndɯɾida̠]	触摸 (동사)
건설	[ˈkɘ(ː)nsʰʌ̹ɭ]	[ˈkɘ(ː)nsʰʌ̹ɭ]	建设 (명사)
건지다	[kʌ̹ɲd͡ʑida̠]	[kʌ̹ɲd͡ʑida̠]	要获得 (동사)
걸치다	[ˈkɘ(ː)ʎt͡ɕʰida̠]	[ˈkɘ(ː)ʎt͡ɕʰida̠]	穿上 (동사)
검색	[ˈkɘ(ː)msʰɛk̚]	[ˈkɘ(ː)msʰɛk̚]	搜索 (명사)
검정색	[kʌ̹md͡ʑʌ̹ŋsʰɛk̚]	[kʌ̹md͡ʑʌ̹ŋsʰɛk̚]	颜色为黑色。 (명사)
검토	[ˈkɘ(ː)mtʰo̞]	[ˈkɘ(ː)mtʰo̞]	检查 (명사)
겉모습	[kʌ̹nmo̞sʰɯp̚]	[kʌ̹nmo̞sʰɯp̚]	外观 (명사)
겉옷	[kʌ̹do̞t̚]	[kʌ̹do̞t̚]	外衣 (명사)
게다가	[ke̞da̠ɡa̠]	[ke̞da̠ɡa̠]	此外 (부사)
게시판	[ˈke̞(ː)ɕʰipʰa̠n]	[ˈke̞(ː)ɕʰipʰa̠n]	公布栏 (명사)
겨우	[kjʌ̹u]	[kjʌ̹u]	敝履 (부사)
겨울철	[kjʌ̹uʎt͡ɕʰʌ̹ɭ]	[kjʌ̹uʎt͡ɕʰʌ̹ɭ]	冬天 (명사)
겪다	[kjʌ̹k̚t͈a̠]	[kjʌ̹k̚t͈a̠]	遭受；使…受折磨 (동사)
견디다	[kjʌ̹ndida̠]	[kjʌ̹ndida̠]	忍受 (동사)
결국	[kjʌ̹ɭɡuk̚]	[kjʌ̹ɭɡuk̚]	到底 (부사)
결코	[kjʌ̹ɭkʰo̞]	[kjʌ̹ɭkʰo̞]	完全 没有 。 (부사)
결합	[kjʌ̹ɾɦa̠p̚]	[kjʌ̹ɾɦa̠p̚]	组合 (명사)
겸손	[kjʌ̹msʰo̞n]	[kjʌ̹msʰo̞n]	谦逊，端庄 (명사)
경기도	[kjʌ̹ŋɡido̞]	[kjʌ̹ŋɡido̞]	京畿道 (고유명사)
경상도	[ˈkjɘ(ː)ŋsʰa̠ŋdo̞]	[ˈkjɘ(ː)ŋsʰa̠ŋdo̞]	庆尚北道 (고유명사)
경쟁	[ˈkjɘ(ː)ŋd͡ʑɛŋ]	[ˈkjɘ(ː)ŋd͡ʑɛŋ]	竞争 (명사)
경쟁력	[ˈkjɘ(ː)ŋd͡ʑɛŋɲʌ̹k̚]	[ˈkjɘ(ː)ŋd͡ʑɛŋɲʌ̹k̚]	竞争力 (명사)
경제적	[kjʌ̹ŋd͡ʑe̞d͡ʑʌ̹k̚]	[kjʌ̹ŋd͡ʑe̞d͡ʑʌ̹k̚]	经济 (명사)
경찰관	[ˈkjɘ(ː)ŋt͡ɕʰa̠ɭɡwa̠n]	[ˈkjɘ(ː)ŋt͡ɕʰa̠ɭɡwa̠n]	警察 (명사)
경험하다	[kjʌ̹ŋɦʌ̹mɦa̠da̠]	[kjʌ̹ŋɦʌ̹mɦa̠da̠]	该怎么操作了。 (동사)
계산하다	[ˈkje̞(ː)sʰa̠nɦa̠da̠]	[ˈkje̞(ː)sʰa̠nɦa̠da̠]	当计算 (동사)
계약서	[ˈkje̞(ː)ja̠ks͈ʌ̹]	[ˈkje̞(ː)ja̠ks͈ʌ̹]	合同 (명사)
계층	[kje̞t͡ɕʰɯŋ]	[kje̞t͡ɕʰɯŋ]	一类人 (명사)
고급스럽다	[ko̞ɡɯps͈ɯɾʌ̹p̚t͈a̠]	[ko̞ɡɯps͈ɯɾʌ̹p̚t͈a̠]	豪华 (형용사)
고등어	[ko̞dɯŋʌ̹]	[ko̞dɯŋʌ̹]	鲭鱼 (명사)
고모부	[ko̞mo̞bu]	[ko̞mo̞bu]	父亲的妹妹的丈夫 (명사)
고민하다	[ko̞minɦa̠da̠]	[ko̞minɦa̠da̠]	公用事业 (동사)
고생	[ko̞sʰɛŋ]	[ko̞sʰɛŋ]	痛苦 (명사)
고생하다	[ko̞sʰɛŋɦa̠da̠]	[ko̞sʰɛŋɦa̠da̠]	经历一段艰难的时期 (동사)
고춧가루	[ko̞t͡ɕʰut̚k͈a̠ɾu]	[ko̞t͡ɕʰut̚k͈a̠ɾu]	辣椒粉 (명사)
고층	[ˈko̞(ː)t͡ɕʰɯŋ]	[ˈko̞(ː)t͡ɕʰɯŋ]	某种高层建筑 (명사)
고통	[ko̞tʰo̞ŋ]	[ko̞tʰo̞ŋ]	疼痛 (명사)
고통스럽다	[ko̞tʰo̞ŋsʰɯɾʌ̹p̚t͈a̠]	[ko̞tʰo̞ŋsʰɯɾʌ̹p̚t͈a̠]	痛苦 (형용사)
곡식	[ko̞kɕ͈ik̚]	[ko̞kɕ͈ik̚]	食物 (명사)
곤란	[ˈko̞(ː)ɭɭa̠n]	[ˈko̞(ː)ɭɭa̠n]	问题 (명사)
곧바로	[ko̞t̚p͈a̠ɾo̞]	[ko̞t̚p͈a̠ɾo̞]	立即 (부사)
곧이어	[ko̞diʌ̹]	[ko̞diʌ̹]	紧接着 (부사)
곧잘	[ko̞t̚t͡ɕ͈a̠ɭ]	[ko̞t̚t͡ɕ͈a̠ɭ]	挺好的 (부사)
곧장	[ko̞t̚t͡ɕ͈a̠ŋ]	[ko̞t̚t͡ɕ͈a̠ŋ]	以下措施。 (부사)
골고루	[ko̞ɭɡo̞ɾu]	[ko̞ɭɡo̞ɾu]	匀 (부사)
골목길	[ko̞ɭmo̞k̚k͈iɭ]	[ko̞ɭmo̞k̚k͈iɭ]	胡同 (명사)
곱하다	[ko̞pʰa̠da̠]	[ko̞pʰa̠da̠]	乘以 (동사)
곳곳	[ko̞t̚k͈o̞t̚]	[ko̞t̚k͈o̞t̚]	随处可见 (부사)
공동체	[ˈko̞(ː)ŋdo̞ŋt͡ɕʰe̞]	[ˈko̞(ː)ŋdo̞ŋt͡ɕʰe̞]	社区 (명사)
공손하다	[ko̞ŋsʰo̞nɦa̠da̠]	[ko̞ŋsʰo̞nɦa̠da̠]	有礼貌的 (형용사)
공중전화	[ko̞ŋd͡ʑuŋd͡ʑʌ̹nβwa̠]	[ko̞ŋd͡ʑuŋd͡ʑʌ̹nβwa̠]	公共电话 (명사)
공통	[ˈko̞(ː)ŋtʰo̞ŋ]	[ˈko̞(ː)ŋtʰo̞ŋ]	普通 (명사)
공통점	[ˈko̞(ː)ŋtʰo̞ŋt͡ɕ͈ʌ̹m]	[ˈko̞(ː)ŋtʰo̞ŋt͡ɕ͈ʌ̹m]	共性： (명사)
과학적	[kwa̠ɦa̠k̚t͡ɕ͈ʌ̹k̚]	[kwa̠ɦa̠k̚t͡ɕ͈ʌ̹k̚]	科学 ,学术 (명사)
관객	[kwa̠nɡɛk̚]	[kwa̠nɡɛk̚]	观众成员 (명사)
관계없이	[kwa̠nɡje̞ʌ̹pɕ͈i]	[kwa̠nɡje̞ʌ̹pɕ͈i]	不相干地 (부사)
관람	[kwa̠ɭɭa̠m]	[kwa̠ɭɭa̠m]	查看 (명사)
관련	[kwa̠ʎʎʌ̹n]	[kwa̠ʎʎʌ̹n]	关联 (명사)
관련되다	[kwa̠ʎʎʌ̹ndwe̞da̠]	[kwa̠ʎʎʌ̹ndwe̞da̠]	有联系 (동사)
관련하다	[kwa̠ʎʎʌ̹nɦa̠da̠]	[kwa̠ʎʎʌ̹nɦa̠da̠]	连接或相关的 (동사)
관심사	[kwa̠nɕʰimsʰa̠]	[kwa̠nɕʰimsʰa̠]	自定义利率 (명사)
관찰하다	[kwa̠ɲt͡ɕʰa̠ɾɦa̠da̠]	[kwa̠ɲt͡ɕʰa̠ɾɦa̠da̠]	中视 (동사)
광경	[kwa̠ŋɡjʌ̹ŋ]	[kwa̠ŋɡjʌ̹ŋ]	景点 (명사)
광주	[kwa̠ŋd͡ʑu]	[kwa̠ŋd͡ʑu]	光州 (고유명사)
괜히	[ˈkwɛ(ː)nʝi]	[ˈkwɛ(ː)nʝi]	白白 (부사)
괴로움	[kwe̞ɾo̞um]	[kwe̞ɾo̞um]	痛苦 (명사)
괴롭다	[kwe̞ɾo̞p̚t͈a̠]	[kwe̞ɾo̞p̚t͈a̠]	痛苦 (형용사)
괴롭히다	[kwe̞ɾo̞pʰida̠]	[kwe̞ɾo̞pʰida̠]	骚扰 (동사)
굉장하다	[kwe̞ŋd͡ʑa̠ŋɦa̠da̠]	[kwe̞ŋd͡ʑa̠ŋɦa̠da̠]	棒极了 (형용사)
굉장히	[kwe̞ŋd͡ʑa̠ŋʝi]	[kwe̞ŋd͡ʑa̠ŋʝi]	非常 (부사)
구경하다	[ˈku(ː)ɡjʌ̹ŋɦa̠da̠]	[ˈku(ː)ɡjʌ̹ŋɦa̠da̠]	去观光 (동사)
구멍	[kumʌ̹ŋ]	[kumʌ̹ŋ]	洞；孔 (名词)
구체적	[kut͡ɕʰe̞d͡ʑʌ̹k̚]	[kut͡ɕʰe̞d͡ʑʌ̹k̚]	混凝土 (관형사)
국내선	[kuŋnɛsʰʌ̹n]	[kuŋnɛsʰʌ̹n]	国内航班 (명사)
국립	[kuŋnip̚]	[kuŋnip̚]	国家的 (명사)
국물	[kuŋmuɭ]	[kuŋmuɭ]	清汤 (명사)
국민	[kuŋmin]	[kuŋmin]	一个国家的人民 (명사)
국산	[kuks͈a̠n]	[kuks͈a̠n]	国内产品 (명사)
국제선	[kuk̚t͡ɕ͈e̞sʰʌ̹n]	[kuk̚t͡ɕ͈e̞sʰʌ̹n]	国际航线 (명사)
국제화	[kuk̚t͡ɕ͈e̞βwa̠]	[kuk̚t͡ɕ͈e̞βwa̠]	国际化 (명사)
국회의원	[kukʰwe̞ɰiwʌ̹n]	[kukʰwe̞ɰiwʌ̹n]	关岛的国会议员 (명사)
군데	[kunde̞]	[kunde̞]	位 (수사)
굳어지다	[kudʌ̹d͡ʑida̠]	[kudʌ̹d͡ʑida̠]	硬化 (동사)
굳이	[kud͡ʑi]	[kud͡ʑi]	强烈地 (부사)
굶다	[ˈku(ː)mt͈a̠]	[ˈku(ː)mt͈a̠]	跳过 (동사)
굽	[kup̚]	[kup̚]	蹄 (명사)
굽히다	[kupʰida̠]	[kupʰida̠]	弯曲或弯曲某物。 (동사)
권위	[kwʌ̹nɥi]	[kwʌ̹nɥi]	权力和声望 (명사)
권하다	[ˈkwɘ(ː)nɦa̠da̠]	[ˈkwɘ(ː)nɦa̠da̠]	建议 (동사)
귀국하다	[ˈkɥi(ː)ɡukʰa̠da̠]	[ˈkɥi(ː)ɡukʰa̠da̠]	回到自己的国家 (동사)
귀하다	[ˈkɥi(ː)ɦa̠da̠]	[ˈkɥi(ː)ɦa̠da̠]	珍贵 (형용사)
규모	[kjumo̞]	[kjumo̞]	比例或尺寸 (명사)
규칙적	[kjut͡ɕʰik̚t͡ɕ͈ʌ̹k̚]	[kjut͡ɕʰik̚t͡ɕ͈ʌ̹k̚]	定期 (관형사)
균형	[kjunʝʌ̹ŋ]	[kjunʝʌ̹ŋ]	余额 (명사)
그나마	[kɯna̠ma̠]	[kɯna̠ma̠]	至少选择一个项目 (부사)
그녀	[kɯɲʌ̹]	[kɯɲʌ̹]	她 (대명사)
그늘	[kɯnɯɭ]	[kɯnɯɭ]	阴影Note this is a KRunner (명사)
그다음	[kɯda̠ɯm]	[kɯda̠ɯm]	下一张 (부사)
그다지	[kɯda̠d͡ʑi]	[kɯda̠d͡ʑi]	食物。 (부사)
그대	[kɯdɛ]	[kɯdɛ]	你 (대명사)
그래도	[kɯɾɛdo̞]	[kɯɾɛdo̞]	然而，虽然 (부사)
그러하다	[kɯɾʌ̹ɦa̠da̠]	[kɯɾʌ̹ɦa̠da̠]	就这样 (형용사)
그렇게	[kɯɾʌ̹kʰe̞]	[kɯɾʌ̹kʰe̞]	所以 (부사)
그렇지	[kɯɾʌ̹t͡ɕʰi]	[kɯɾʌ̹t͡ɕʰi]	是 (부사)
그려지다	[kɯɾjʌ̹d͡ʑida̠]	[kɯɾjʌ̹d͡ʑida̠]	待绘制 (동사)
그리움	[kɯɾium]	[kɯɾium]	怀念 (명사)
그림자	[ˈkɯ(ː)ɾimd͡ʑa̠]	[ˈkɯ(ː)ɾimd͡ʑa̠]	影子 (명사)
그림책	[ˈkɯ(ː)ɾimt͡ɕʰɛk̚]	[ˈkɯ(ː)ɾimt͡ɕʰɛk̚]	画册 (명사)
그만큼	[kɯma̠nkxɯm]	[kɯma̠nkxɯm]	在这个程度上 (부사)
그만하다	[kɯma̠nɦa̠da̠]	[kɯma̠nɦa̠da̠]	罢停 (동사)
그야말로	[kɯja̠ma̠ɭɭo̞]	[kɯja̠ma̠ɭɭo̞]	真 (부사)
그저	[kɯd͡ʑʌ̹]	[kɯd͡ʑʌ̹]	只是；不过 (副词)
그중	[kɯd͡ʑuŋ]	[kɯd͡ʑuŋ]	其中 (명사)
그토록	[kɯtʰo̞ɾo̞k̚]	[kɯtʰo̞ɾo̞k̚]	食物。 (부사)
그해	[kɯɦɛ]	[kɯɦɛ]	那一年 (명사)
극히	[kɯcçi]	[kɯcçi]	非常 (부사)
근교	[ˈkɯ(ː)nɡjo]	[ˈkɯ(ː)nɡjo]	区/县(Suburb) (명사)
근래	[ˈkɯ(ː)ɭɭɛ]	[ˈkɯ(ː)ɭɭɛ]	最近 (명사)
근로자	[ˈkɯ(ː)ɭɭo̞d͡ʑa̠]	[ˈkɯ(ː)ɭɭo̞d͡ʑa̠]	工作者 ,劳动者,劳工 (명사)
근무	[ˈkɯ(ː)nmu]	[ˈkɯ(ː)nmu]	工作 (명사)
근무하다	[ˈkɯ(ː)nmuɦa̠da̠]	[ˈkɯ(ː)nmuɦa̠da̠]	工作。 (동사)
근본	[kɯnbo̞n]	[kɯnbo̞n]	根 (명사)
근본적	[kɯnbo̞ɲd͡ʑʌ̹k̚]	[kɯnbo̞ɲd͡ʑʌ̹k̚]	一些基本的或根本的东西。 (명사)
글쓰기	[kɯɭs͈ɯɡi]	[kɯɭs͈ɯɡi]	写入中... (명사)
긁다	[kɯk̚t͈a̠]	[kɯk̚t͈a̠]	从头开始 (동사)
금년	[kɯmɲʌ̹n]	[kɯmɲʌ̹n]	今年 (명사)
금융	[kɯmɲuŋ]	[kɯmɲuŋ]	财经 (명사)
금지하다	[ˈkɯ(ː)md͡ʑiɦa̠da̠]	[ˈkɯ(ː)md͡ʑiɦa̠da̠]	禁止 (동사)
급격히	[kɯp̚k͈jʌ̹cçi]	[kɯp̚k͈jʌ̹cçi]	快速 (부사)
급히	[kɯpʰi]	[kɯpʰi]	急急忙忙 (부사)
긍정적	[ˈkɯ(ː)ŋd͡ʑʌ̹ŋd͡ʑʌ̹k̚]	[ˈkɯ(ː)ŋd͡ʑʌ̹ŋd͡ʑʌ̹k̚]	积极 (명사)
기대하다	[kidɛɦa̠da̠]	[kidɛɦa̠da̠]	未来展望 (동사)
기록하다	[kiɾo̞kʰa̠da̠]	[kiɾo̞kʰa̠da̠]	记录在文档中 (동사)
기본	[kibo̞n]	[kibo̞n]	基本信息 (명사)
기본적	[kibo̞ɲd͡ʑʌ̹k̚]	[kibo̞ɲd͡ʑʌ̹k̚]	基本区域图表 (관형사)
기술자	[kisʰuʎt͡ɕ͈a̠]	[kisʰuʎt͡ɕ͈a̠]	技术人员 (명사)
기억력	[kiʌ̹ŋɲʌ̹k̚]	[kiʌ̹ŋɲʌ̹k̚]	召回权 (명사)
기울다	[kiuɭda̠]	[kiuɭda̠]	倾斜 (동사)
기울이다	[kiuɾida̠]	[kiuɾida̠]	向前倾斜 (동사)
기존	[kid͡ʑo̞n]	[kid͡ʑo̞n]	没有 (명사)
긴급	[kinɡɯp̚]	[kinɡɯp̚]	突发事件 (명사)
길가	[kiɭk͈a̠]	[kiɭk͈a̠]	小路边 (명사)
길거리	[kiɭk͈ʌ̹ɾi]	[kiɭk͈ʌ̹ɾi]	一条大道 (명사)
까다롭다	[ˈk͈a̠(ː)da̠ɾo̞p̚t͈a̠]	[ˈk͈a̠(ː)da̠ɾo̞p̚t͈a̠]	特殊 (형용사)
까닭	[k͈a̠da̠k̚]	[k͈a̠da̠k̚]	原因 (명사)
까먹다	[k͈a̠mʌ̹k̚t͈a̠]	[k͈a̠mʌ̹k̚t͈a̠]	剥皮和吃 (동사)
깔끔하다	[k͈a̠ɭk͈ɯmɦa̠da̠]	[k͈a̠ɭk͈ɯmɦa̠da̠]	方正 (형용사)
깔다	[k͈a̠ɭda̠]	[k͈a̠ɭda̠]	传播 (동사)
깜깜하다	[k͈a̠mk͈a̠mɦa̠da̠]	[k͈a̠mk͈a̠mɦa̠da̠]	漆黑一片 (형용사)
깜빡	[k͈a̠mp͈a̠k̚]	[k͈a̠mp͈a̠k̚]	同时确实快速连续变暗然后变亮 (명사)
깨닫다	[k͈ɛda̠t̚t͈a̠]	[k͈ɛda̠t̚t͈a̠]	逮捕 (동사)
깨뜨리다	[k͈ɛt͈ɯɾida̠]	[k͈ɛt͈ɯɾida̠]	破碎 (동사)
깨물다	[k͈ɛmuɭda̠]	[k͈ɛmuɭda̠]	用力咬 (동사)
깨어나다	[k͈ɛʌ̹na̠da̠]	[k͈ɛʌ̹na̠da̠]	唤醒 (동사)
깨지다	[ˈk͈ɛ(ː)d͡ʑida̠]	[ˈk͈ɛ(ː)d͡ʑida̠]	被打破 (동사)
꺾다	[k͈ʌ̹k̚t͈a̠]	[k͈ʌ̹k̚t͈a̠]	对齐 (동사)
껍질	[k͈ʌ̹p̚t͡ɕ͈iɭ]	[k͈ʌ̹p̚t͡ɕ͈iɭ]	皮肤 (명사)
껴안다	[k͈jʌ̹a̠nt͈a̠]	[k͈jʌ̹a̠nt͈a̠]	拥抱 (동사)
꼼꼼하다	[k͈o̞mk͈o̞mɦa̠da̠]	[k͈o̞mk͈o̞mɦa̠da̠]	一丝不苟 (형용사)
꼼꼼히	[k͈o̞mk͈o̞mʝi]	[k͈o̞mk͈o̞mʝi]	仔细 (부사)
꼼짝	[k͈o̞mt͡ɕ͈a̠k̚]	[k͈o̞mt͡ɕ͈a̠k̚]	真正缓慢而轻微的动作 (명사)
꽂다	[k͈o̞t̚t͈a̠]	[k͈o̞t̚t͈a̠]	坚持 (동사)
꽂히다	[k͈o̞t͡ɕʰida̠]	[k͈o̞t͡ɕʰida̠]	被卡住 (동사)
꽃잎	[k͈o̞nnip̚]	[k͈o̞nnip̚]	花瓣 (명사)
꽉	[k͈wa̠k̚]	[k͈wa̠k̚]	紧紧地 (명사)
꾸미다	[k͈umida̠]	[k͈umida̠]	装饰 (동사)
꾸준하다	[k͈ud͡ʑunɦa̠da̠]	[k͈ud͡ʑunɦa̠da̠]	连续 (형용사)
꾸준히	[k͈ud͡ʑunʝi]	[k͈ud͡ʑunʝi]	稳步提升上市公司市值。 (부사)
꾸중	[k͈ud͡ʑuŋ]	[k͈ud͡ʑuŋ]	责骂 (명사)
꿇다	[k͈uɭtʰa̠]	[k͈uɭtʰa̠]	跪下 (동사)
꿈꾸다	[k͈umk͈uda̠]	[k͈umk͈uda̠]	梦想 (동사)
끄덕이다	[k͈ɯdʌ̹ɡida̠]	[k͈ɯdʌ̹ɡida̠]	点头 (동사)
끊기다	[k͈ɯncçida̠]	[k͈ɯncçida̠]	待切割 (동사)
끊어지다	[k͈ɯnʌ̹d͡ʑida̠]	[k͈ɯnʌ̹d͡ʑida̠]	崩塌 (동사)
끊임없다	[k͈ɯnimʌ̹p̚t͈a̠]	[k͈ɯnimʌ̹p̚t͈a̠]	持续 (형용사)
끊임없이	[k͈ɯnimʌ̹pɕ͈i]	[k͈ɯnimʌ̹pɕ͈i]	连续 (부사)
끌다	[ˈk͈ɯ(ː)ɭda̠]	[ˈk͈ɯ(ː)ɭda̠]	拉 (동사)
끌리다	[ˈk͈ɯ(ː)ʎʎida̠]	[ˈk͈ɯ(ː)ʎʎida̠]	被拉出 (동사)
끌어당기다	[k͈ɯɾʌ̹da̠ŋɡida̠]	[k͈ɯɾʌ̹da̠ŋɡida̠]	拉 (동사)
끌어안다	[ˈk͈ɯ(ː)ɾʌ̹a̠nt͈a̠]	[ˈk͈ɯ(ː)ɾʌ̹a̠nt͈a̠]	拥抱 (동사)
끝없다	[k͈ɯdʌ̹p̚t͈a̠]	[k͈ɯdʌ̹p̚t͈a̠]	它每年需要数千人的工作时间和无穷无尽的奉献精神来 (형용사)
끝없이	[ˈk͈ɯ(ː)dʌ̹pɕ͈i]	[ˈk͈ɯ(ː)dʌ̹pɕ͈i]	没完没了地 (부사)
끼어들다	[k͈iʌ̹dɯɭda̠]	[k͈iʌ̹dɯɭda̠]	切入 (동사)
나뉘다	[na̠nɥida̠]	[na̠nɥida̠]	收缩 나누이다 (동사)
나란히	[na̠ɾa̠nʝi]	[na̠ɾa̠nʝi]	并排箭头 (부사)
나름	[na̠ɾɯm]	[na̠ɾɯm]	未决 (명사)
나무라다	[na̠muɾa̠da̠]	[na̠muɾa̠da̠]	责备 (동사)
나뭇가지	[na̠mut̚k͈a̠d͡ʑi]	[na̠mut̚k͈a̠d͡ʑi]	一根枝节 (명사)
나뭇잎	[na̠munnip̚]	[na̠munnip̚]	树叶 (명사)
나빠지다	[na̠p͈a̠d͡ʑida̠]	[na̠p͈a̠d͡ʑida̠]	变坏 (동사)
나서다	[na̠sʰʌ̹da̠]	[na̠sʰʌ̹da̠]	向前走 (동사)
나아가다	[na̠a̠ɡa̠da̠]	[na̠a̠ɡa̠da̠]	前进 (동사)
나아지다	[na̠a̠d͡ʑida̠]	[na̠a̠d͡ʑida̠]	改善 (동사)
나이프	[na̠ipʰɯ]	[na̠ipʰɯ]	刀具 (명사)
나타내다	[na̠tʰa̠nɛda̠]	[na̠tʰa̠nɛda̠]	表示 (동사)
난처하다	[na̠ɲt͡ɕʰʌ̹ɦa̠da̠]	[na̠ɲt͡ɕʰʌ̹ɦa̠da̠]	别扭 (형용사)
날아가다	[na̠ɾa̠ɡa̠da̠]	[na̠ɾa̠ɡa̠da̠]	飞行 (동사)
날아오다	[na̠ɾa̠o̞da̠]	[na̠ɾa̠o̞da̠]	飞行 (동사)
날카롭다	[na̠ɭkʰa̠ɾo̞p̚t͈a̠]	[na̠ɭkʰa̠ɾo̞p̚t͈a̠]	要锋利 (형용사)
남매	[na̠mmɛ]	[na̠mmɛ]	兄妹 (명사)
남북	[na̠mbuk̚]	[na̠mbuk̚]	天南地北 (고유명사)
남산	[ˈna̠(ː)msʰa̠n]	[ˈna̠(ː)msʰa̠n]	南山 (고유명사)
낭비	[ˈna̠(ː)ŋbi]	[ˈna̠(ː)ŋbi]	废物 (명사)
낮추다	[na̠t̚t͡ɕʰuda̠]	[na̠t̚t͡ɕʰuda̠]	使它更低 (동사)
낯설다	[na̠ss͈ʌ̹ɭda̠]	[na̠ss͈ʌ̹ɭda̠]	奇怪 (형용사)
내놓다	[ˈnɛ(ː)no̞tʰa̠]	[ˈnɛ(ː)no̞tʰa̠]	放手 (동사)
내다보다	[nɛda̠bo̞da̠]	[nɛda̠bo̞da̠]	向外看 (동사)
내달	[ˈnɛ(ː)da̠ɭ]	[ˈnɛ(ː)da̠ɭ]	接下来的一个月 (명사)
내려놓다	[nɛɾjʌ̹no̞tʰa̠]	[nɛɾjʌ̹no̞tʰa̠]	取下 (동사)
내려다보다	[nɛɾjʌ̹da̠bo̞da̠]	[nɛɾjʌ̹da̠bo̞da̠]	向下看 (동사)
내려앉다	[nɛɾjʌ̹a̠nt͈a̠]	[nɛɾjʌ̹a̠nt͈a̠]	- 降落？ (동사)
내밀다	[ˈnɛ(ː)miɭda̠]	[ˈnɛ(ː)miɭda̠]	推出或推出或向前。 (동사)
내버리다	[ˈnɛ(ː)bʌ̹ɾida̠]	[ˈnɛ(ː)bʌ̹ɾida̠]	丢弃@ info (동사)
내보내다	[ˈnɛ(ː)bo̞nɛda̠]	[ˈnɛ(ː)bo̞nɛda̠]	让外出 (동사)
내주다	[ˈnɛ(ː)d͡ʑuda̠]	[ˈnɛ(ː)d͡ʑuda̠]	给予 (동사)
내쫓다	[nɛt͡ɕ͈o̞t̚t͈a̠]	[nɛt͡ɕ͈o̞t̚t͈a̠]	开除 (동사)
내후년	[nɛβuɲʌ̹n]	[nɛβuɲʌ̹n]	三年后 (명사)
냉동	[ˈnɛ(ː)ŋdo̞ŋ]	[ˈnɛ(ː)ŋdo̞ŋ]	寒冷的 (명사)
냉수	[ˈnɛ(ː)ŋsʰu]	[ˈnɛ(ː)ŋsʰu]	冷水 (명사)
너그럽다	[nʌ̹ɡɯɾʌ̹p̚t͈a̠]	[nʌ̹ɡɯɾʌ̹p̚t͈a̠]	慷慨大方 (형용사)
너머	[nʌ̹mʌ̹]	[nʌ̹mʌ̹]	出乎 (명사)
너무나	[nʌ̹muna̠]	[nʌ̹muna̠]	太多了 (부사)
넉넉하다	[nʌ̹ŋnʌ̹kʰa̠da̠]	[nʌ̹ŋnʌ̹kʰa̠da̠]	足够 (형용사)
널리	[nʌ̹ʎʎi]	[nʌ̹ʎʎi]	普遍 (부사)
넓이	[nʌ̹ɭbi]	[nʌ̹ɭbi]	都出生在皮兹堡地区 (명사)
넓히다	[nʌ̹ɭpʰida̠]	[nʌ̹ɭpʰida̠]	展开 (동사)
넘기다	[nʌ̹mɡida̠]	[nʌ̹mɡida̠]	让一些东西掠过 (동사)
넘어서다	[nʌ̹mʌ̹sʰʌ̹da̠]	[nʌ̹mʌ̹sʰʌ̹da̠]	穿过或穿过。 (동사)
넘치다	[ˈnɘ(ː)mt͡ɕʰida̠]	[ˈnɘ(ː)mt͡ɕʰida̠]	溢出 (동사)
네거리	[ˈne̞(ː)ɡʌ̹ɾi]	[ˈne̞(ː)ɡʌ̹ɾi]	十字路口 (명사)
네모	[ˈne̞(ː)mo̞]	[ˈne̞(ː)mo̞]	矩形 (명사)
녀석	[ɲʌ̹sʰʌ̹k̚]	[ɲʌ̹sʰʌ̹k̚]	花花公子 (명사)
년대	[ɲʌ̹ndɛ]	[ɲʌ̹ndɛ]	朝鲜和延边形式的 연대 (명사)
년도	[ɲʌ̹ndo̞]	[ɲʌ̹ndo̞]	年 (명사)
노동자	[no̞do̞ŋd͡ʑa̠]	[no̞do̞ŋd͡ʑa̠]	工人 (명사)
노랫소리	[no̞ɾɛss͈o̞ɾi]	[no̞ɾɛss͈o̞ɾi]	唱歌 (명사)
노려보다	[no̞ɾjʌ̹bo̞da̠]	[no̞ɾjʌ̹bo̞da̠]	狠狠地盯着 (동사)
노선도	[ˈno̞(ː)sʰʌ̹ndo̞]	[ˈno̞(ː)sʰʌ̹ndo̞]	公共交通地图 (명사)
녹음기	[no̞ɡɯmɡi]	[no̞ɡɯmɡi]	记事官 (명사)
녹이다	[no̞ɡida̠]	[no̞ɡida̠]	融化 (동사)
논리	[no̞ʎʎi]	[no̞ʎʎi]	理 (명사)
논의하다	[no̞nɰiɦa̠da̠]	[no̞nɰiɦa̠da̠]	讨论 (동사)
논쟁	[no̞ɲd͡ʑɛŋ]	[no̞ɲd͡ʑɛŋ]	争议 ,纷争 ,纠纷,争端,争执 (명사)
놀랍다	[ˈno̞(ː)ɭɭa̠p̚t͈a̠]	[ˈno̞(ː)ɭɭa̠p̚t͈a̠]	令人惊讶的是 (형용사)
놀이터	[no̞ɾitʰʌ̹]	[no̞ɾitʰʌ̹]	游乐场 (명사)
농민	[no̞ŋmin]	[no̞ŋmin]	农民 (명사)
농사일	[no̞ŋsʰa̠iɭ]	[no̞ŋsʰa̠iɭ]	耕种 (명사)
농산물	[no̞ŋsʰa̠nmuɭ]	[no̞ŋsʰa̠nmuɭ]	一种或多种农产品。 (명사)
농업	[no̞ŋʌ̹p̚]	[no̞ŋʌ̹p̚]	农业 (명사)
농촌	[no̞ŋt͡ɕʰo̞n]	[no̞ŋt͡ɕʰo̞n]	乡村小村 (명사)
높아지다	[no̞pʰa̠d͡ʑida̠]	[no̞pʰa̠d͡ʑida̠]	被提升或抬高 (동사)
높이다	[no̞pʰida̠]	[no̞pʰida̠]	升高或提升。 (동사)
높임말	[no̞pʰimma̠ɭ]	[no̞pʰimma̠ɭ]	恭敬或敬语 (명사)
놓아두다	[no̞a̠duda̠]	[no̞a̠duda̠]	留下 (동사)
놓이다	[no̞ida̠]	[no̞ida̠]	待铺设 (동사)
놓치다	[no̞t̚t͡ɕʰida̠]	[no̞t̚t͡ɕʰida̠]	让一些东西溜走 (동사)
놔두다	[nwa̠duda̠]	[nwa̠duda̠]	收缩 놓아두다 (동사)
누님	[nunim]	[nunim]	的荣誉누나。 (명사)
눈동자	[nunt͈o̞ŋd͡ʑa̠]	[nunt͈o̞ŋd͡ʑa̠]	瞳孔 (명사)
눈뜨다	[nunt͈ɯda̠]	[nunt͈ɯda̠]	张眼 (동사)
눈부시다	[nunbuɕʰida̠]	[nunbuɕʰida̠]	令人眼花缭乱 (형용사)
눈사람	[ˈnu(ː)ns͈a̠ɾa̠m]	[ˈnu(ː)ns͈a̠ɾa̠m]	雪人 (명사)
눈앞	[nuna̠p̚]	[nuna̠p̚]	身边的 (명사)
뉴욕	[ɲujok̚]	[ɲujok̚]	纽约 (고유명사)
느껴지다	[nɯk͈jʌ̹d͡ʑida̠]	[nɯk͈jʌ̹d͡ʑida̠]	被感受到或察觉到 (동사)
느끼하다	[nɯk͈iɦa̠da̠]	[nɯk͈iɦa̠da̠]	油腻 (형용사)
늘리다	[nɯʎʎida̠]	[nɯʎʎida̠]	展开一些东西 (동사)
늘어나다	[nɯɾʌ̹na̠da̠]	[nɯɾʌ̹na̠da̠]	展开或拉伸 (동사)
늘어놓다	[nɯɾʌ̹no̞tʰa̠]	[nɯɾʌ̹no̞tʰa̠]	罗布 (동사)
늘어서다	[nɯɾʌ̹sʰʌ̹da̠]	[nɯɾʌ̹sʰʌ̹da̠]	排队 (동사)
늦가을	[nɯt̚k͈a̠ɯɭ]	[nɯt̚k͈a̠ɯɭ]	深秋 (명사)
늦겨울	[nɯt̚k͈jʌ̹uɭ]	[nɯt̚k͈jʌ̹uɭ]	深冬 (명사)
늦여름	[nɯd͡ʑʌ̹ɾɯm]	[nɯd͡ʑʌ̹ɾɯm]	夏末 (명사)
늦잠	[nɯt̚t͡ɕ͈a̠m]	[nɯt̚t͡ɕ͈a̠m]	睡眠过度 (명사)
늦추다	[nɯt̚t͡ɕʰuda̠]	[nɯt̚t͡ɕʰuda̠]	松开 (동사)
다가가다	[ta̠ɡa̠ɡa̠da̠]	[ta̠ɡa̠ɡa̠da̠]	接近 (동사)
다가오다	[ta̠ɡa̠o̞da̠]	[ta̠ɡa̠o̞da̠]	接近 (동사)
다녀가다	[ta̠ɲʌ̹ɡa̠da̠]	[ta̠ɲʌ̹ɡa̠da̠]	顺便拜访一下 (동사)
다듬다	[ta̠dɯmt͈a̠]	[ta̠dɯmt͈a̠]	修剪 (동사)
다름없다	[ta̠ɾɯmʌ̹p̚t͈a̠]	[ta̠ɾɯmʌ̹p̚t͈a̠]	要像 (형용사)
다물다	[ta̠muɭda̠]	[ta̠muɭda̠]	保持关闭 (동사)
다수	[ta̠sʰu]	[ta̠sʰu]	多数 (명사)
다짐	[ta̠d͡ʑim]	[ta̠d͡ʑim]	承诺 ,答应,订约,诺言 ;n.许诺 ,预约 (명사)
다행	[ta̠ɦɛŋ]	[ta̠ɦɛŋ]	好远气 (명사)
다행히	[ta̠ɦɛŋʝi]	[ta̠ɦɛŋʝi]	辛亏 (부사)
단단하다	[ta̠nda̠nɦa̠da̠]	[ta̠nda̠nɦa̠da̠]	很难 (형용사)
단맛	[ta̠nma̠t̚]	[ta̠nma̠t̚]	甜味 (名词)
단순하다	[ta̠nsʰunɦa̠da̠]	[ta̠nsʰunɦa̠da̠]	要简单 (형용사)
단순히	[ta̠nsʰunʝi]	[ta̠nsʰunʝi]	简单地 (부사)
닫히다	[ta̠t͡ɕʰida̠]	[ta̠t͡ɕʰida̠]	待关闭 (동사)
달라지다	[ta̠ɭɭa̠d͡ʑida̠]	[ta̠ɭɭa̠d͡ʑida̠]	变得与众不同 (동사)
달려가다	[ta̠ʎʎʌ̹ɡa̠da̠]	[ta̠ʎʎʌ̹ɡa̠da̠]	匆匆离去 (동사)
달려오다	[ta̠ʎʎʌ̹o̞da̠]	[ta̠ʎʎʌ̹o̞da̠]	来跑步 (동사)
달빛	[ta̠ɭp͈it̚]	[ta̠ɭp͈it̚]	兼职 (명사)
달성	[ta̠ɭs͈ʌ̹ŋ]	[ta̠ɭs͈ʌ̹ŋ]	成就 (명사)
달아나다	[ta̠ɾa̠na̠da̠]	[ta̠ɾa̠na̠da̠]	逃出生天 (동사)
달콤하다	[ta̠ɭkʰo̞mɦa̠da̠]	[ta̠ɭkʰo̞mɦa̠da̠]	要甜美 (형용사)
닳다	[ta̠ɭtʰa̠]	[ta̠ɭtʰa̠]	磨损 (동사)
담당자	[ta̠mda̠ŋd͡ʑa̠]	[ta̠mda̠ŋd͡ʑa̠]	负责人 ,主管 (명사)
담당하다	[ta̠mda̠ŋɦa̠da̠]	[ta̠mda̠ŋɦa̠da̠]	负责 (동사)
담백하다	[ˈta̠(ː)mbɛkʰa̠da̠]	[ˈta̠(ː)mbɛkʰa̠da̠]	无私 (형용사)
담임	[ta̠mim]	[ta̠mim]	掌控事情。 (명사)
답하다	[ta̠pʰa̠da̠]	[ta̠pʰa̠da̠]	给回答付费 (동사)
닷새	[ta̠ss͈ɛ]	[ta̠ss͈ɛ]	五曰 (명사)
당근	[ta̠ŋɡɯn]	[ta̠ŋɡɯn]	胡萝卜 (명사)
당당하다	[ta̠ŋda̠ŋɦa̠da̠]	[ta̠ŋda̠ŋɦa̠da̠]	庄严 (형용사)
당일	[ta̠ŋiɭ]	[ta̠ŋiɭ]	那天 (명사)
당첨	[ta̠ŋt͡ɕʰʌ̹m]	[ta̠ŋt͡ɕʰʌ̹m]	常胜 (명사)
당황하다	[ta̠ŋβwa̠ŋɦa̠da̠]	[ta̠ŋβwa̠ŋɦa̠da̠]	尴尬 (동사)
대구	[tɛɡu]	[tɛɡu]	鳕鱼或黑线鳕 (명사)
대규모	[ˈtɛ(ː)ɡjumo̞]	[ˈtɛ(ː)ɡjumo̞]	规模庞大。 (명사)
대기업	[ˈtɛ(ː)ɡiʌ̹p̚]	[ˈtɛ(ː)ɡiʌ̹p̚]	大公司 (명사)
대낮	[ˈtɛ(ː)na̠t̚]	[ˈtɛ(ː)na̠t̚]	正午 (명사)
대다수	[ˈtɛ(ː)da̠sʰu]	[ˈtɛ(ː)da̠sʰu]	差不多的 (명사)
대단하다	[ˈtɛ(ː)da̠nɦa̠da̠]	[ˈtɛ(ː)da̠nɦa̠da̠]	成为优秀的 (형용사)
대단히	[ˈtɛ(ː)da̠nʝi]	[ˈtɛ(ː)da̠nʝi]	非常 (부사)
대도시	[ˈtɛ(ː)do̞ɕʰi]	[ˈtɛ(ː)do̞ɕʰi]	大城 (명사)
대략	[ˈtɛ(ː)ɾja̠k̚]	[ˈtɛ(ː)ɾja̠k̚]	大概 (부사)
대여섯	[ˈtɛ(ː)jʌ̹sʰʌ̹t̚]	[ˈtɛ(ː)jʌ̹sʰʌ̹t̚]	五六个 (수사)
대전	[tɛd͡ʑʌ̹n]	[tɛd͡ʑʌ̹n]	大田 (고유명사)
대중가요	[tɛd͡ʑuŋɡa̠jo]	[tɛd͡ʑuŋɡa̠jo]	流行歌曲 (명사)
대중문화	[ˈtɛ(ː)d͡ʑuŋmunβwa̠]	[ˈtɛ(ː)d͡ʑuŋmunβwa̠]	通俗文化 (명사)
대체로	[ˈtɛ(ː)t͡ɕʰe̞ɾo̞]	[ˈtɛ(ː)t͡ɕʰe̞ɾo̞]	综合来看， (부사)
대표적	[ˈtɛ(ː)pʰjod͡ʑʌ̹k̚]	[ˈtɛ(ː)pʰjod͡ʑʌ̹k̚]	售人员。 (관형사)
대한민국	[ˈtɛ(ː)ɦa̠nminɡuk̚]	[ˈtɛ(ː)ɦa̠nminɡuk̚]	韩国 (고유명사)
더러워지다	[ˈtɘ(ː)ɾʌ̹wʌ̹d͡ʑida̠]	[ˈtɘ(ː)ɾʌ̹wʌ̹d͡ʑida̠]	变得肮脏 (동사)
더럽히다	[tʌ̹ɾʌ̹pʰida̠]	[tʌ̹ɾʌ̹pʰida̠]	弄脏 (동사)
더불다	[tʌ̹buɭda̠]	[tʌ̹buɭda̠]	由以下人员陪同 (동사)
더욱더	[tʌ̹uk̚t͈ʌ̹]	[tʌ̹uk̚t͈ʌ̹]	越来越 (부사)
더욱이	[tʌ̹uɡi]	[tʌ̹uɡi]	除了 (부사)
더위	[tʌ̹ɥi]	[tʌ̹ɥi]	热量 (명사)
더하다	[tʌ̹ɦa̠da̠]	[tʌ̹ɦa̠da̠]	多于 (형용사)
덕택	[tʌ̹k̚tʰɛk̚]	[tʌ̹k̚tʰɛk̚]	帮助 (명사)
덧붙이다	[tʌ̹t̚p͈ut͡ɕʰida̠]	[tʌ̹t̚p͈ut͡ɕʰida̠]	附着 (동사)
덩어리	[tʌ̹ŋʌ̹ɾi]	[tʌ̹ŋʌ̹ɾi]	肿块 (명사)
덮다	[tʌ̹p̚t͈a̠]	[tʌ̹p̚t͈a̠]	覆盖 (동사)
덮이다	[tʌ̹pʰida̠]	[tʌ̹pʰida̠]	待承保 (동사)
데리다	[te̞ɾida̠]	[te̞ɾida̠]	携带或携带 (동사)
도대체	[to̞dɛt͡ɕʰe̞]	[to̞dɛt͡ɕʰe̞]	上地 (부사)
도리어	[to̞ɾiʌ̹]	[to̞ɾiʌ̹]	代替 (부사)
도망가다	[to̞ma̠ŋɡa̠da̠]	[to̞ma̠ŋɡa̠da̠]	逃跑 (동사)
도망치다	[to̞ma̠ŋt͡ɕʰida̠]	[to̞ma̠ŋt͡ɕʰida̠]	逃出生天 (동사)
도입	[ˈto̞(ː)ip̚]	[ˈto̞(ː)ip̚]	简介 (명사)
도저히	[ˈto̞(ː)d͡ʑʌ̹ʝi]	[ˈto̞(ː)d͡ʑʌ̹ʝi]	完全没有 (부사)
독립	[to̞ŋnip̚]	[to̞ŋnip̚]	自主 ,独立 ,独立性 (명사)
독일어	[to̞ɡiɾʌ̹]	[to̞ɡiɾʌ̹]	德国 (명사)
독특하다	[to̞k̚tʰɯkʰa̠da̠]	[to̞k̚tʰɯkʰa̠da̠]	独一无二 (형용사)
독하다	[to̞kʰa̠da̠]	[to̞kʰa̠da̠]	有毒 (형용사)
돌멩이	[ˈto̞(ː)ɭme̞ŋi]	[ˈto̞(ː)ɭme̞ŋi]	石材 (명사)
돌아다니다	[to̞ɾa̠da̠nida̠]	[to̞ɾa̠da̠nida̠]	如何四处转转 (동사)
돌아보다	[to̞ɾa̠bo̞da̠]	[to̞ɾa̠bo̞da̠]	回首往事 (동사)
돌아서다	[to̞ɾa̠sʰʌ̹da̠]	[to̞ɾa̠sʰʌ̹da̠]	转过身来 (동사)
동그라미	[to̞ŋɡɯɾa̠mi]	[to̞ŋɡɯɾa̠mi]	圈 (명사)
동남아	[to̞ŋna̠ma̠]	[to̞ŋna̠ma̠]	东南亚 (고유명사)
동양인	[to̞ŋja̠ŋin]	[to̞ŋja̠ŋin]	欧亚东部 (명사)
동영상	[ˈto̞(ː)ŋɲʌ̹ŋsʰa̠ŋ]	[ˈto̞(ː)ŋɲʌ̹ŋsʰa̠ŋ]	视频 (명사)
동호회	[to̞ŋβo̞βwe̞]	[to̞ŋβo̞βwe̞]	社会 shèhuì (명사)
되게	[ˈtwe̞(ː)ɡe̞]	[ˈtwe̞(ː)ɡe̞]	非常 (부사)
되돌리다	[twe̞do̞ʎʎida̠]	[twe̞do̞ʎʎida̠]	后恢复 (동사)
되살리다	[twe̞sʰa̠ʎʎida̠]	[twe̞sʰa̠ʎʎida̠]	复活 (동사)
되찾다	[twe̞t͡ɕʰa̠t̚t͈a̠]	[twe̞t͡ɕʰa̠t̚t͈a̠]	以检索 (동사)
두뇌	[tunwe̞]	[tunwe̞]	脑 (명사)
두드러지다	[tudɯɾʌ̹d͡ʑida̠]	[tudɯɾʌ̹d͡ʑida̠]	出色 (형용사)
두려워하다	[tuɾjʌ̹wʌ̹ɦa̠da̠]	[tuɾjʌ̹wʌ̹ɦa̠da̠]	发憷 (동사)
두르다	[tuɾɯda̠]	[tuɾɯda̠]	围住 (동사)
두어	[tuʌ̹]	[tuʌ̹]	几个 (관형사)
두통약	[tutʰo̞ŋja̠k̚]	[tutʰo̞ŋja̠k̚]	头痛药丸 (명사)
둘러보다	[tuɭɭʌ̹bo̞da̠]	[tuɭɭʌ̹bo̞da̠]	环顾周围 (동사)
둘러싸다	[tuɭɭʌ̹s͈a̠da̠]	[tuɭɭʌ̹s͈a̠da̠]	围住 (동사)
둘레	[tuɭɭe̞]	[tuɭɭe̞]	方圆 (명사)
둥지	[tuŋd͡ʑi]	[tuŋd͡ʑi]	窝 (명사)
뒤늦다	[ˈtɥi(ː)nɯt̚t͈a̠]	[ˈtɥi(ː)nɯt̚t͈a̠]	最新 (형용사)
뒤따르다	[ˈtɥi(ː)t͈a̠ɾɯda̠]	[ˈtɥi(ː)t͈a̠ɾɯda̠]	用户关注 (동사)
뒤떨어지다	[ˈtɥi(ː)t͈ʌ̹ɾʌ̹d͡ʑida̠]	[ˈtɥi(ː)t͈ʌ̹ɾʌ̹d͡ʑida̠]	落后于 (동사)
뒤집다	[tɥid͡ʑip̚t͈a̠]	[tɥid͡ʑip̚t͈a̠]	倒置 (동사)
뒷모습	[ˈtɥi(ː)nmo̞sʰɯp̚]	[ˈtɥi(ː)nmo̞sʰɯp̚]	从后面看 (명사)
뒷문	[ˈtɥi(ː)nmun]	[ˈtɥi(ː)nmun]	后门 (명사)
뒷산	[tɥiss͈a̠n]	[tɥiss͈a̠n]	后面的山或丘陵 (명사)
드나들다	[tɯna̠dɯɭda̠]	[tɯna̠dɯɭda̠]	来来去去 (동사)
드라이브	[tɯɾa̠ibɯ]	[tɯɾa̠ibɯ]	驾驶 (명사)
드러나다	[tɯɾʌ̹na̠da̠]	[tɯɾʌ̹na̠da̠]	驾照 (동사)
드러내다	[tɯɾʌ̹nɛda̠]	[tɯɾʌ̹nɛda̠]	曝光 (동사)
드물다	[tɯmuɭda̠]	[tɯmuɭda̠]	是罕见的 (형용사)
든든하다	[tɯndɯnɦa̠da̠]	[tɯndɯnɦa̠da̠]	坚固 (형용사)
들려오다	[tɯʎʎʌ̹o̞da̠]	[tɯʎʎʌ̹o̞da̠]	被挫伤 (동사)
들려주다	[tɯʎʎʌ̹d͡ʑuda̠]	[tɯʎʎʌ̹d͡ʑuda̠]	告诉 (동사)
들어서다	[tɯɾʌ̹sʰʌ̹da̠]	[tɯɾʌ̹sʰʌ̹da̠]	输入方式 (동사)
들어주다	[tɯɾʌ̹d͡ʑuda̠]	[tɯɾʌ̹d͡ʑuda̠]	接受某人的愿望并使之成真 (동사)
들여다보다	[tɯɾjʌ̹da̠bo̞da̠]	[tɯɾjʌ̹da̠bo̞da̠]	要查看 (동사)
등록증	[tɯŋno̞k̚t͡ɕ͈ɯŋ]	[tɯŋno̞k̚t͡ɕ͈ɯŋ]	注册证书 (명사)
등산로	[tɯŋsʰa̠nno̞]	[tɯŋsʰa̠nno̞]	徒步道 (명사)
따님	[t͈a̠nim]	[t͈a̠nim]	尊敬的 딸 (명사)
따라가다	[t͈a̠ɾa̠ɡa̠da̠]	[t͈a̠ɾa̠ɡa̠da̠]	用户关注 (동사)
따라다니다	[t͈a̠ɾa̠da̠nida̠]	[t͈a̠ɾa̠da̠nida̠]	跟着到处走 (동사)
따라서	[t͈a̠ɾa̠sʰʌ̹]	[t͈a̠ɾa̠sʰʌ̹]	因此 (부사)
따라오다	[t͈a̠ɾa̠o̞da̠]	[t͈a̠ɾa̠o̞da̠]	用户关注 (동사)
따르릉	[t͈a̠ɾɯɾɯŋ]	[t͈a̠ɾɯɾɯŋ]	叮铃铃 (명사)
땅바닥	[t͈a̠ŋba̠da̠k̚]	[t͈a̠ŋba̠da̠k̚]	地面 (명사)
땅속	[t͈a̠ŋsʰo̞k̚]	[t͈a̠ŋsʰo̞k̚]	地铁 (명사)
땅콩	[t͈a̠ŋkʰo̞ŋ]	[t͈a̠ŋkʰo̞ŋ]	花生 (명사)
때때로	[t͈ɛt͈ɛɾo̞]	[t͈ɛt͈ɛɾo̞]	有时；偶尔 (副词)
때로	[t͈ɛɾo̞]	[t͈ɛɾo̞]	偶尔 (부사)
떠나가다	[t͈ʌ̹na̠ɡa̠da̠]	[t͈ʌ̹na̠ɡa̠da̠]	离开 (동사)
떠오르다	[t͈ʌ̹o̞ɾɯda̠]	[t͈ʌ̹o̞ɾɯda̠]	上升 (동사)
떠올리다	[t͈ʌ̹o̞ʎʎida̠]	[t͈ʌ̹o̞ʎʎida̠]	让某人想到某事 (동사)
떨어뜨리다	[t͈ʌ̹ɾʌ̹t͈ɯɾida̠]	[t͈ʌ̹ɾʌ̹t͈ɯɾida̠]	降下 (동사)
또다시	[t͈o̞da̠ɕʰi]	[t͈o̞da̠ɕʰi]	不再显示弹出窗口 (명사)
또한	[t͈o̞ɦa̠n]	[t͈o̞ɦa̠n]	也；此外 (副词)
똥	[t͈o̞ŋ]	[t͈o̞ŋ]	粪便 (명사)
뚜껑	[t͈uk͈ʌ̹ŋ]	[t͈uk͈ʌ̹ŋ]	顶盖 (명사)
뚜렷하다	[t͈uɾjʌ̹tʰa̠da̠]	[t͈uɾjʌ̹tʰa̠da̠]	事先说明 (형용사)
뚫다	[t͈uɭtʰa̠]	[t͈uɭtʰa̠]	刺穿一个洞 (동사)
뛰어나다	[t͈ɥiʌ̹na̠da̠]	[t͈ɥiʌ̹na̠da̠]	出色；优秀 (形容词)
뛰어나오다	[t͈ɥiʌ̹na̠o̞da̠]	[t͈ɥiʌ̹na̠o̞da̠]	用完了 (동사)
뛰어넘다	[t͈ɥiʌ̹nʌ̹mt͈a̠]	[t͈ɥiʌ̹nʌ̹mt͈a̠]	跳跃 (동사)
뛰어다니다	[t͈ɥiʌ̹da̠nida̠]	[t͈ɥiʌ̹da̠nida̠]	跳来跳去 (동사)
뛰어들다	[t͈ɥiʌ̹dɯɭda̠]	[t͈ɥiʌ̹dɯɭda̠]	来运行  (동사)
뛰어오다	[t͈ɥiʌ̹o̞da̠]	[t͈ɥiʌ̹o̞da̠]	来跑步 (동사)
뜯다	[t͈ɯt̚t͈a̠]	[t͈ɯt̚t͈a̠]	撕裂 (동사)
뜻대로	[t͈ɯt̚t͈ɛɾo̞]	[t͈ɯt̚t͈ɛɾo̞]	随心所欲 (부사)
뜻밖	[t͈ɯt̚p͈a̠k̚]	[t͈ɯt̚p͈a̠k̚]	意外 (명사)
뜻밖에	[t͈ɯt̚p͈a̠k͈e̞]	[t͈ɯt̚p͈a̠k͈e̞]	居然 (부사)
라이터	[ɾa̠itʰʌ̹]	[ɾa̠itʰʌ̹]	细体 (명사)
레몬	[ɾe̞mo̞n]	[ɾe̞mo̞n]	柠檬 (명사)
렌즈	[ɾe̞ɲd͡ʑɯ]	[ɾe̞ɲd͡ʑɯ]	镜头 (명사)
리모컨	[ɾimo̞kʰʌ̹n]	[ɾimo̞kʰʌ̹n]	音节缩写 리모트 컨트롤 (명사)
리본	[ɾibo̞n]	[ɾibo̞n]	窄带材 (명사)
마땅하다	[ma̠t͈a̠ŋɦa̠da̠]	[ma̠t͈a̠ŋɦa̠da̠]	适合 (형용사)
마련	[ma̠ɾjʌ̹n]	[ma̠ɾjʌ̹n]	准备 (명사)
마련되다	[ma̠ɾjʌ̹ndwe̞da̠]	[ma̠ɾjʌ̹ndwe̞da̠]	有待拟订 (동사)
마련하다	[ma̠ɾjʌ̹nɦa̠da̠]	[ma̠ɾjʌ̹nɦa̠da̠]	准备好一些东西 (동사)
마무리	[ma̠muɾi]	[ma̠muɾi]	完成 (명사)
마사지	[ma̠s͈a̠d͡ʑi]	[ma̠s͈a̠d͡ʑi]	马杀鸡 (명사)
마약	[ma̠ja̠k̚]	[ma̠ja̠k̚]	药物 (명사)
마음가짐	[ma̠ɯmɡa̠d͡ʑim]	[ma̠ɯmɡa̠d͡ʑim]	心态 (명사)
마음껏	[ma̠ɯmk͈ʌ̹t̚]	[ma̠ɯmk͈ʌ̹t̚]	痛快 (부사)
마음대로	[ma̠ɯmdɛɾo̞]	[ma̠ɯmdɛɾo̞]	随心所欲/喜欢 (부사)
마음먹다	[ma̠ɯmmʌ̹k̚t͈a̠]	[ma̠ɯmmʌ̹k̚t͈a̠]	来决定 (동사)
마음속	[ma̠ɯms͈o̞k̚]	[ma̠ɯms͈o̞k̚]	一个人的心脏 (명사)
마음씨	[ma̠ɯmɕ͈i]	[ma̠ɯmɕ͈i]	缓和 (명사)
마주치다	[ma̠d͡ʑut͡ɕʰida̠]	[ma̠d͡ʑut͡ɕʰida̠]	满足 (동사)
마찬가지	[ma̠t͡ɕʰa̠nɡa̠d͡ʑi]	[ma̠t͡ɕʰa̠nɡa̠d͡ʑi]	完全相同 (명사)
마찰	[ma̠t͡ɕʰa̠ɭ]	[ma̠t͡ɕʰa̠ɭ]	摩擦。 (명사)
마침내	[ma̠t͡ɕʰimnɛ]	[ma̠t͡ɕʰimnɛ]	最后 (부사)
만남	[ma̠nna̠m]	[ma̠nna̠m]	会议 (명사)
만들어지다	[ma̠ndɯɾʌ̹d͡ʑida̠]	[ma̠ndɯɾʌ̹d͡ʑida̠]	待制作 (동사)
만점	[ma̠ɲt͡ɕ͈ʌ̹m]	[ma̠ɲt͡ɕ͈ʌ̹m]	满分 (명사)
만큼	[ma̠nkxɯm]	[ma̠nkxɯm]	的程度或程度 (명사)
만화책	[ˈma̠(ː)nβwa̠t͡ɕʰɛk̚]	[ˈma̠(ː)nβwa̠t͡ɕʰɛk̚]	漫画书 (명사)
많아지다	[ˈma̠(ː)na̠d͡ʑida̠]	[ˈma̠(ː)na̠d͡ʑida̠]	成为更多 (동사)
말다툼	[ˈma̠(ː)ɭda̠tʰum]	[ˈma̠(ː)ɭda̠tʰum]	争吵 (명사)
말씀드리다	[ma̠ɭs͈ɯmdɯɾida̠]	[ma̠ɭs͈ɯmdɯɾida̠]	说话。 (동사)
말없이	[ˈma̠(ː)ɾʌ̹pɕ͈i]	[ˈma̠(ː)ɾʌ̹pɕ͈i]	默默 (부사)
말투	[ˈma̠(ː)ɭtʰu]	[ˈma̠(ː)ɭtʰu]	说话方式 (명사)
말하기	[ˈma̠(ː)ɾɦa̠ɡi]	[ˈma̠(ː)ɾɦa̠ɡi]	言语 (명사)
맘껏	[ˈma̠(ː)mk͈ʌ̹t̚]	[ˈma̠(ː)mk͈ʌ̹t̚]	收缩 마음껏 (부사)
맘대로	[ˈma̠(ː)mdɛɾo̞]	[ˈma̠(ː)mdɛɾo̞]	收缩마음대로：随心所欲/喜欢 (부사)
망가지다	[ma̠ŋɡa̠d͡ʑida̠]	[ma̠ŋɡa̠d͡ʑida̠]	破解 (동사)
망설이다	[ma̠ŋsʰʌ̹ɾida̠]	[ma̠ŋsʰʌ̹ɾida̠]	犹豫不决 (동사)
망치다	[ma̠ŋt͡ɕʰida̠]	[ma̠ŋt͡ɕʰida̠]	宠坏 (동사)
망하다	[ma̠ŋɦa̠da̠]	[ma̠ŋɦa̠da̠]	失败 (동사)
맞벌이	[ma̠t̚p͈ʌ̹ɾi]	[ma̠t̚p͈ʌ̹ɾi]	一起工作谋生 (명사)
맞서다	[ma̠ss͈ʌ̹da̠]	[ma̠ss͈ʌ̹da̠]	面对面站着 (동사)
맞은편	[ma̠d͡ʑɯnpʰjʌ̹n]	[ma̠d͡ʑɯnpʰjʌ̹n]	对方 (명사)
맞이하다	[ma̠d͡ʑiɦa̠da̠]	[ma̠d͡ʑiɦa̠da̠]	带收货 (동사)
맞춤법	[ma̠t̚t͡ɕʰump͈ʌ̹p̚]	[ma̠t̚t͡ɕʰump͈ʌ̹p̚]	拼写法 (명사)
맡기다	[ma̠t̚k͈ida̠]	[ma̠t̚k͈ida̠]	促使承担 (동사)
매달다	[ˈmɛ(ː)da̠ɭda̠]	[ˈmɛ(ː)da̠ɭda̠]	悬挂 (동사)
매달리다	[ˈmɛ(ː)da̠ʎʎida̠]	[ˈmɛ(ː)da̠ʎʎida̠]	被吊死 (동사)
매력	[mɛɾjʌ̹k̚]	[mɛɾjʌ̹k̚]	超级按钮 (명사)
매번	[ˈmɛ(ː)bʌ̹n]	[ˈmɛ(ː)bʌ̹n]	我们一直这么做。 (부사)
매체	[mɛt͡ɕʰe̞]	[mɛt͡ɕʰe̞]	一种媒介。 (명사)
맨발	[mɛnba̠ɭ]	[mɛnba̠ɭ]	赤脚；光脚 (명사)
맺다	[mɛt̚t͈a̠]	[mɛt̚t͈a̠]	完成或总结 (동사)
머리칼	[mʌ̹ɾikʰa̠ɭ]	[mʌ̹ɾikʰa̠ɭ]	缩写为 머리카락 (명사)
머릿속	[mʌ̹ɾiss͈o̞k̚]	[mʌ̹ɾiss͈o̞k̚]	内心深处 (명사)
머무르다	[mʌ̹muɾɯda̠]	[mʌ̹muɾɯda̠]	入住 (동사)
머물다	[mʌ̹muɭda̠]	[mʌ̹muɭda̠]	替代形式的 머무르다 (동사)
머뭇거리다	[mʌ̹mut̚k͈ʌ̹ɾida̠]	[mʌ̹mut̚k͈ʌ̹ɾida̠]	犹豫不决 (동사)
먹이	[mʌ̹ɡi]	[mʌ̹ɡi]	食物 (명사)
먹이다	[mʌ̹ɡida̠]	[mʌ̹ɡida̠]	造成먹다 以下情况的原因： (동사)
먹히다	[mʌ̹cçida̠]	[mʌ̹cçida̠]	被动于먹다： (동사)
멀어지다	[ˈmɘ(ː)ɾʌ̹d͡ʑida̠]	[ˈmɘ(ː)ɾʌ̹d͡ʑida̠]	退去 (동사)
멀쩡하다	[mʌ̹ʎt͡ɕ͈ʌ̹ŋɦa̠da̠]	[mʌ̹ʎt͡ɕ͈ʌ̹ŋɦa̠da̠]	完美无瑕 (형용사)
멋대로	[mʌ̹t̚t͈ɛɾo̞]	[mʌ̹t̚t͈ɛɾo̞]	随心所欲/喜欢 (부사)
멋지다	[mʌ̹t̚t͡ɕ͈ida̠]	[mʌ̹t̚t͡ɕ͈ida̠]	冷静下来 (형용사)
메뉴판	[me̞ɲupʰa̠n]	[me̞ɲupʰa̠n]	菜单 (명사)
메모지	[me̞mo̞d͡ʑi]	[me̞mo̞d͡ʑi]	便笺簿 (명사)
며느리	[mjʌ̹nɯɾi]	[mjʌ̹nɯɾi]	媳妇 (명사)
면담	[ˈmjɘ(ː)nda̠m]	[ˈmjɘ(ː)nda̠m]	采访 (명사)
면도	[ˈmjɘ(ː)ndo̞]	[ˈmjɘ(ː)ndo̞]	刮胡子 (명사)
면적	[ˈmjɘ(ː)ɲd͡ʑʌ̹k̚]	[ˈmjɘ(ː)ɲd͡ʑʌ̹k̚]	都出生在皮兹堡地区 (명사)
면접관	[ˈmjɘ(ː)ɲd͡ʑʌ̹p̚k͈wa̠n]	[ˈmjɘ(ː)ɲd͡ʑʌ̹p̚k͈wa̠n]	采访 (명사)
멸치	[mjʌ̹ʎt͡ɕʰi]	[mjʌ̹ʎt͡ɕʰi]	凤尾鱼 (명사)
명확하다	[mjʌ̹ŋβwa̠kʰa̠da̠]	[mjʌ̹ŋβwa̠kʰa̠da̠]	清除 (형용사)
몇몇	[mjʌ̹nmjʌ̹t̚]	[mjʌ̹nmjʌ̹t̚]	一些 (관형사)
모집	[mo̞d͡ʑip̚]	[mo̞d͡ʑip̚]	补充 (명사)
모처럼	[mo̞t͡ɕʰʌ̹ɾʌ̹m]	[mo̞t͡ɕʰʌ̹ɾʌ̹m]	特别 (부사)
모험	[ˈmo̞(ː)ɦʌ̹m]	[ˈmo̞(ː)ɦʌ̹m]	冒险 (명사)
목록	[mo̞ŋno̞k̚]	[mo̞ŋno̞k̚]	列表 (명사)
목마르다	[mo̞ŋma̠ɾɯda̠]	[mo̞ŋma̠ɾɯda̠]	口渴 (형용사)
목숨	[mo̞ks͈um]	[mo̞ks͈um]	生命 (명사)
목적지	[mo̞k̚t͡ɕ͈ʌ̹k̚t͡ɕ͈i]	[mo̞k̚t͡ɕ͈ʌ̹k̚t͡ɕ͈i]	目标 (명사)
목표	[mo̞k̚pʰjo]	[mo̞k̚pʰjo]	目标 (명사)
몫	[mo̞k̚]	[mo̞k̚]	份额；一份 (名词)
몰려들다	[mo̞ʎʎʌ̹dɯɭda̠]	[mo̞ʎʎʌ̹dɯɭda̠]	成群结队地聚集在一起 (동사)
몸매	[mo̞mmɛ]	[mo̞mmɛ]	体的样子 (명사)
몸짓	[mo̞mt͡ɕ͈it̚]	[mo̞mt͡ɕ͈it̚]	笔势 (명사)
몹시	[ˈmo̞(ː)pɕ͈i]	[ˈmo̞(ː)pɕ͈i]	十二分 (부사)
못나다	[ˈmo̞(ː)nna̠da̠]	[ˈmo̞(ː)nna̠da̠]	丑 (형용사)
못되다	[ˈmo̞(ː)t̚t͈we̞da̠]	[ˈmo̞(ː)t̚t͈we̞da̠]	很恶心 (형용사)
못지않다	[ˈmo̞(ː)t̚t͡ɕ͈ia̠ntʰa̠]	[ˈmo̞(ː)t̚t͡ɕ͈ia̠ntʰa̠]	像……一样 (동사)
무관심	[muɡwa̠nɕʰim]	[muɡwa̠nɕʰim]	冷漠 (명사)
무너지다	[munʌ̹d͡ʑida̠]	[munʌ̹d͡ʑida̠]	崩塌 (동사)
무덤	[mudʌ̹m]	[mudʌ̹m]	墓，墓地 (명사)
무덥다	[mudʌ̹p̚t͈a̠]	[mudʌ̹p̚t͈a̠]	火 (형용사)
무렵	[muɾjʌ̹p̚]	[muɾjʌ̹p̚]	的时间 (명사)
무서워하다	[musʰʌ̹wʌ̹ɦa̠da̠]	[musʰʌ̹wʌ̹ɦa̠da̠]	发憷 (동사)
무시하다	[muɕʰiɦa̠da̠]	[muɕʰiɦa̠da̠]	忽略 (동사)
무의미	[muɰimi]	[muɰimi]	废话 (명사)
무조건	[mud͡ʑo̞k͈ʌ̹n]	[mud͡ʑo̞k͈ʌ̹n]	绝对的命令 (부사)
무책임	[mut͡ɕʰɛɡim]	[mut͡ɕʰɛɡim]	不承担责任 ,不负责任,无责任 (명사)
묵묵히	[muŋmucçi]	[muŋmucçi]	默默 (부사)
묶다	[muk̚t͈a̠]	[muk̚t͈a̠]	捆绑起来 (동사)
문구점	[munɡud͡ʑʌ̹m]	[munɡud͡ʑʌ̹m]	文具店 (명사)
문방구	[munba̠ŋɡu]	[munba̠ŋɡu]	文具 (명사)
문서	[munsʰʌ̹]	[munsʰʌ̹]	文档 (명사)
문제점	[ˈmu(ː)ɲd͡ʑe̞t͡ɕ͈ʌ̹m]	[ˈmu(ː)ɲd͡ʑe̞t͡ɕ͈ʌ̹m]	有问题或有争议的观点 (명사)
문화재	[munβwa̠d͡ʑɛ]	[munβwa̠d͡ʑɛ]	文化瑰宝。 (명사)
문화적	[munβwa̠d͡ʑʌ̹k̚]	[munβwa̠d͡ʑʌ̹k̚]	文化 (관형사)
물결	[muɭk͈jʌ̹ɭ]	[muɭk͈jʌ̹ɭ]	遮挽 (명사)
물들다	[muɭdɯɭda̠]	[muɭdɯɭda̠]	以吸收颜色 (동사)
물러나다	[muɭɭʌ̹na̠da̠]	[muɭɭʌ̹na̠da̠]	退一步 (동사)
물러서다	[muɭɭʌ̹sʰʌ̹da̠]	[muɭɭʌ̹sʰʌ̹da̠]	“让开。” (동사)
물속	[muɭs͈o̞k̚]	[muɭs͈o̞k̚]	水中月 (명사)
뭉치다	[muŋt͡ɕʰida̠]	[muŋt͡ɕʰida̠]	起皱 (동사)
뮤지컬	[mjud͡ʑikʰʌ̹ɭ]	[mjud͡ʑikʰʌ̹ɭ]	音乐 (명사)
미국인	[miɡuɡin]	[miɡuɡin]	美洲 (명사)
미끄럽다	[mik͈ɯɾʌ̹p̚t͈a̠]	[mik͈ɯɾʌ̹p̚t͈a̠]	滑溜溜的 (형용사)
미루다	[miɾuda̠]	[miɾuda̠]	推迟 (동사)
미성년자	[ˈmi(ː)sʰʌ̹ŋɲʌ̹ɲd͡ʑa̠]	[ˈmi(ː)sʰʌ̹ŋɲʌ̹ɲd͡ʑa̠]	小 (명사)
미용사	[ˈmi(ː)joŋsʰa̠]	[ˈmi(ː)joŋsʰa̠]	美容用品制造者 (명사)
미움	miching	miching	仇恨 (명사)
미워하다	[miwʌ̹ɦa̠da̠]	[miwʌ̹ɦa̠da̠]	恨 (동사)
미장원	[ˈmi(ː)d͡ʑa̠ŋwʌ̹n]	[ˈmi(ː)d͡ʑa̠ŋwʌ̹n]	理发店？ (명사)
미처	[mit͡ɕʰʌ̹]	[mit͡ɕʰʌ̹]	仍然 (부사)
미팅	[mitʰiŋ]	[mitʰiŋ]	（由第三者安排的）男女初次会面 (명사)
민족	[miɲd͡ʑo̞k̚]	[miɲd͡ʑo̞k̚]	用户 (명사)
밀리미터	[miʎʎimitʰʌ̹]	[miʎʎimitʰʌ̹]	毫米 (명사)
밉다	[mip̚t͈a̠]	[mip̚t͈a̠]	不愉快 (형용사)
및	[mit̚]	[mit̚]	和 (부사)
밑줄	[mit̚t͡ɕ͈uɭ]	[mit̚t͡ɕ͈uɭ]	下划线 (명사)
바구니	[pa̠ɡuni]	[pa̠ɡuni]	篮子，箩筐 (명사)
바늘	[pa̠nɯɭ]	[pa̠nɯɭ]	针 (명사)
바닷물	[pa̠da̠nmuɭ]	[pa̠da̠nmuɭ]	海水 (명사)
바람직하다	[pa̠ɾa̠md͡ʑikʰa̠da̠]	[pa̠ɾa̠md͡ʑikʰa̠da̠]	是合适的 (형용사)
바로잡다	[pa̠ɾo̞d͡ʑa̠p̚t͈a̠]	[pa̠ɾo̞d͡ʑa̠p̚t͈a̠]	太顺 (동사)
바보	[ˈpa̠(ː)bo̞]	[ˈpa̠(ː)bo̞]	傻瓜 (명사)
박스	[pa̠ks͈ɯ]	[pa̠ks͈ɯ]	盒 (명사)
박히다	[pa̠cçida̠]	[pa̠cçida̠]	被钉住 (동사)
반값	[pa̠nɡa̠p̚]	[pa̠nɡa̠p̚]	对折 (명사)
반기다	[pa̠nɡida̠]	[pa̠nɡida̠]	迎接 (동사)
반대말	[ˈpa̠(ː)ndɛma̠ɭ]	[ˈpa̠(ː)ndɛma̠ɭ]	反义词 (명사)
반말	[ˈpa̠(ː)nma̠ɭ]	[ˈpa̠(ː)nma̠ɭ]	粗俗的语言 (명사)
반죽	[pa̠ɲd͡ʑuk̚]	[pa̠ɲd͡ʑuk̚]	面团 (명사)
반짝이다	[pa̠ɲt͡ɕ͈a̠ɡida̠]	[pa̠ɲt͡ɕ͈a̠ɡida̠]	闪闪发光 (동사)
받아들이다	[pa̠da̠dɯɾida̠]	[pa̠da̠dɯɾida̠]	接受某人的某样东西 (동사)
받침	[pa̠t̚t͡ɕʰim]	[pa̠t̚t͡ɕʰim]	支持部门 (명사)
발걸음	[pa̠ɭk͈ʌ̹ɾɯm]	[pa̠ɭk͈ʌ̹ɾɯm]	档位 (명사)
발견되다	[pa̠ɭɡjʌ̹ndwe̞da̠]	[pa̠ɭɡjʌ̹ndwe̞da̠]	待发现 (동사)
발길	[pa̠ɭk͈iɭ]	[pa̠ɭk͈iɭ]	脚步 (명사)
발끝	[pa̠ɭk͈ɯt̚]	[pa̠ɭk͈ɯt̚]	脚尖 (명사)
발달	[pa̠ɭt͈a̠ɭ]	[pa̠ɭt͈a̠ɭ]	发育 (명사)
발달하다	[pa̠ɭt͈a̠ɾɦa̠da̠]	[pa̠ɭt͈a̠ɾɦa̠da̠]	制定 (동사)
발등	[pa̠ɭt͈ɯŋ]	[pa̠ɭt͈ɯŋ]	甲贺流 (명사)
발생	[pa̠ɭs͈ɛŋ]	[pa̠ɭs͈ɛŋ]	事件 (명사)
발생하다	[pa̠ɭs͈ɛŋɦa̠da̠]	[pa̠ɭs͈ɛŋɦa̠da̠]	搬迁。 (동사)
발자국	[pa̠ʎt͡ɕ͈a̠ɡuk̚]	[pa̠ʎt͡ɕ͈a̠ɡuk̚]	脚印 ,足迹 (명사)
발표하다	[pa̠ɭpʰjoɦa̠da̠]	[pa̠ɭpʰjoɦa̠da̠]	进行演示， (동사)
밝혀내다	[pa̠ɭcçʌ̹nɛda̠]	[pa̠ɭcçʌ̹nɛda̠]	如何找出答案 (동사)
밝혀지다	[pa̠ɭcçʌ̹d͡ʑida̠]	[pa̠ɭcçʌ̹d͡ʑida̠]	待发现 (동사)
밝히다	[pa̠ɭcçida̠]	[pa̠ɭcçida̠]	让它变得明亮 (동사)
밟다	[ˈpa̠(ː)p̚t͈a̠]	[ˈpa̠(ː)p̚t͈a̠]	迈步 (동사)
밟히다	[pa̠ɭpʰida̠]	[pa̠ɭpʰida̠]	的致病因素 밟다 (동사)
밤낮	[pa̠mna̠t̚]	[pa̠mna̠t̚]	白天、黑夜 (명사)
밤늦다	[pa̠mnɯt̚t͈a̠]	[pa̠mnɯt̚t͈a̠]	深夜。 (형용사)
밤새다	[pa̠msʰɛda̠]	[pa̠msʰɛda̠]	整夜熬夜 (동사)
밤새우다	[pa̠msʰɛuda̠]	[pa̠msʰɛuda̠]	整夜熬夜 (동사)
밤중	[pa̠mt͡ɕ͈uŋ]	[pa̠mt͡ɕ͈uŋ]	子夜 (명사)
밥그릇	[pa̠p̚k͈ɯɾɯt̚]	[pa̠p̚k͈ɯɾɯt̚]	饭碗 (명사)
밥맛	[pa̠mma̠t̚]	[pa̠mma̠t̚]	食欲 (명사)
방문하다	[ˈpa̠(ː)ŋmunɦa̠da̠]	[ˈpa̠(ː)ŋmunɦa̠da̠]	澳洲外交部长即将访问新西兰 (동사)
방송사	[ˈpa̠(ː)ŋsʰo̞ŋsʰa̠]	[ˈpa̠(ː)ŋsʰo̞ŋsʰa̠]	广播电台 (명사)
배낭여행	[pɛna̠ŋɲʌ̹ɦɛŋ]	[pɛna̠ŋɲʌ̹ɦɛŋ]	背包客 (명사)
배웅	[pɛuŋ]	[pɛuŋ]	正在送出 (명사)
배편	[pɛpʰjʌ̹n]	[pɛpʰjʌ̹n]	船上邮件投递 (명사)
뱉다	[ˈpɛ(ː)t̚t͈a̠]	[ˈpɛ(ː)t̚t͈a̠]	吐出 (동사)
버터	[pʌ̹tʰʌ̹]	[pʌ̹tʰʌ̹]	奶油 (명사)
버튼	[pʌ̹tʰɯn]	[pʌ̹tʰɯn]	按钮 (명사)
버티다	[pʌ̹tʰida̠]	[pʌ̹tʰida̠]	忍受 (동사)
번갈다	[pʌ̹nɡa̠ɭda̠]	[pʌ̹nɡa̠ɭda̠]	轮流 (동사)
번거롭다	[pʌ̹nɡʌ̹ɾo̞p̚t͈a̠]	[pʌ̹nɡʌ̹ɾo̞p̚t͈a̠]	笨重 (형용사)
번역	[pʌ̹ɲʌ̹k̚]	[pʌ̹ɲʌ̹k̚]	翻译 (명사)
벌떡	[pʌ̹ɭt͈ʌ̹k̚]	[pʌ̹ɭt͈ʌ̹k̚]	忽然站起来 (명사)
벌이다	[ˈpɘ(ː)ɾida̠]	[ˈpɘ(ː)ɾida̠]	开始于 (동사)
범위	[ˈpɘ(ː)mɥi]	[ˈpɘ(ː)mɥi]	选取字段 (명사)
법률	[pʌ̹mɲuɭ]	[pʌ̹mɲuɭ]	A. 法律 (명사)
법칙	[pʌ̹p̚t͡ɕʰik̚]	[pʌ̹p̚t͡ɕʰik̚]	法律 (명사)
베풀다	[pe̞pʰuɭda̠]	[pe̞pʰuɭda̠]	以显示 (동사)
벤치	[pe̞ɲt͡ɕʰi]	[pe̞ɲt͡ɕʰi]	法官；裁判官；法官席 (명사)
벽시계	[pjʌ̹kɕ͈iɡje̞]	[pjʌ̹kɕ͈iɡje̞]	挂钟 (명사)
변덕스럽다	[ˈpjɘ(ː)ndʌ̹ks͈ɯɾʌ̹p̚t͈a̠]	[ˈpjɘ(ː)ndʌ̹ks͈ɯɾʌ̹p̚t͈a̠]	反复无常 (형용사)
변동	[ˈpjɘ(ː)ndo̞ŋ]	[ˈpjɘ(ː)ndo̞ŋ]	更改 (명사)
변화	[ˈpjɘ(ː)nβwa̠]	[ˈpjɘ(ː)nβwa̠]	更改 (명사)
변화하다	[ˈpjɘ(ː)nβwa̠ɦa̠da̠]	[ˈpjɘ(ː)nβwa̠ɦa̠da̠]	变化。 (동사)
별다르다	[pjʌ̹ɭda̠ɾɯda̠]	[pjʌ̹ɭda̠ɾɯda̠]	特殊 (형용사)
별말씀	[pjʌ̹ɭma̠ɭs͈ɯm]	[pjʌ̹ɭma̠ɭs͈ɯm]	替代形式的 별말 (명사)
별일	[pjʌ̹ʎʎiɭ]	[pjʌ̹ʎʎiɭ]	不寻常的事件 (명사)
병들다	[ˈpjɘ(ː)ŋdɯɭda̠]	[ˈpjɘ(ː)ŋdɯɭda̠]	生病 (동사)
보람	[po̞ɾa̠m]	[po̞ɾa̠m]	无效果 (명사)
보살피다	[po̞sʰa̠ɭpʰida̠]	[po̞sʰa̠ɭpʰida̠]	来照顾 (동사)
보존	[ˈpo̞(ː)d͡ʑo̞n]	[ˈpo̞(ː)d͡ʑo̞n]	保存 ,保管,保护 (명사)
보충	[ˈpo̞(ː)t͡ɕʰuŋ]	[ˈpo̞(ː)t͡ɕʰuŋ]	补充 (명사)
보험	[ˈpo̞(ː)ɦʌ̹m]	[ˈpo̞(ː)ɦʌ̹m]	保险 (명사)
복숭아	[po̞ks͈uŋa̠]	[po̞ks͈uŋa̠]	桃花 (명사)
복습하다	[po̞ks͈ɯpʰa̠da̠]	[po̞ks͈ɯpʰa̠da̠]	要修改 (동사)
본능	[po̞nnɯŋ]	[po̞nnɯŋ]	下意识行为 (명사)
본래	[po̞ɭɭɛ]	[po̞ɭɭɛ]	原本 (부사)
본인	[po̞nin]	[po̞nin]	相关人员 (명사)
볼일	[ˈpo̞(ː)ʎʎiɭ]	[ˈpo̞(ː)ʎʎiɭ]	个体经济 (명사)
부끄러움	[puk͈ɯɾʌ̹um]	[puk͈ɯɾʌ̹um]	羞耻 (명사)
부끄러워하다	[puk͈ɯɾʌ̹wʌ̹ɦa̠da̠]	[puk͈ɯɾʌ̹wʌ̹ɦa̠da̠]	害羞 (동사)
부동산	[pudo̞ŋsʰa̠n]	[pudo̞ŋsʰa̠n]	房地产 (명사)
부딪치다	[pudit̚t͡ɕʰida̠]	[pudit̚t͡ɕʰida̠]	罢工 (동사)
부딪히다	[pudit͡ɕʰida̠]	[pudit͡ɕʰida̠]	被撞到 (동사)
부러지다	[puɾʌ̹d͡ʑida̠]	[puɾʌ̹d͡ʑida̠]	破解 (동사)
부분적	[pubuɲd͡ʑʌ̹k̚]	[pubuɲd͡ʑʌ̹k̚]	部分 (명사)
부서지다	[pusʰʌ̹d͡ʑida̠]	[pusʰʌ̹d͡ʑida̠]	被粉碎。 (동사)
부수다	[pusʰuda̠]	[pusʰuda̠]	破解 (동사)
부작용	[ˈpu(ː)d͡ʑa̠ɡjoŋ]	[ˈpu(ː)d͡ʑa̠ɡjoŋ]	不良反应 (명사)
부잣집	[ˈpu(ː)d͡ʑa̠t̚t͡ɕ͈ip̚]	[ˈpu(ː)d͡ʑa̠t̚t͡ɕ͈ip̚]	富裕的家庭 (명사)
부정적	[ˈpu(ː)d͡ʑʌ̹ŋd͡ʑʌ̹k̚]	[ˈpu(ː)d͡ʑʌ̹ŋd͡ʑʌ̹k̚]	负面的东西。 (명사)
부정확	[pud͡ʑʌ̹ŋβwa̠k̚]	[pud͡ʑʌ̹ŋβwa̠k̚]	不准确性 (명사)
부족하다	[pud͡ʑo̞kʰa̠da̠]	[pud͡ʑo̞kʰa̠da̠]	不足 (형용사)
부주의	[pud͡ʑuɰi]	[pud͡ʑuɰi]	疏忽 (명사)
부친	[put͡ɕʰin]	[put͡ɕʰin]	父亲 (명사)
부탁하다	[ˈpu(ː)tʰa̠kʰa̠da̠]	[ˈpu(ː)tʰa̠kʰa̠da̠]	如何请求 (동사)
부품	[pupʰum]	[pupʰum]	部分 (명사)
북미	[puŋmi]	[puŋmi]	北美 (고유명사)
북한	[pukʰa̠n]	[pukʰa̠n]	北韩 (고유명사)
분명히	[punmjʌ̹ŋʝi]	[punmjʌ̹ŋʝi]	以一种显而易见的方式。 (부사)
분야	[puɲa̠]	[puɲa̠]	行业 (명사)
불가능	[puɭɡa̠nɯŋ]	[puɭɡa̠nɯŋ]	不可能 ,不能赎回,不能不能犯 (명사)
불가능하다	[puɭɡa̠nɯŋɦa̠da̠]	[puɭɡa̠nɯŋɦa̠da̠]	不可能 (형용사)
불가피하다	[puɭɡa̠pʰiɦa̠da̠]	[puɭɡa̠pʰiɦa̠da̠]	必然 ,不可避免 ,无法规避 (형용사)
불규칙	[puɭɡjut͡ɕʰik̚]	[puɭɡjut͡ɕʰik̚]	不规则 ,违法,不符司法程序 ,不正当行为, (명사)
불러일으키다	[puɭɭʌ̹iɾɯcçida̠]	[puɭɭʌ̹iɾɯcçida̠]	唤醒 (동사)
불만족	[puɭma̠ɲd͡ʑo̞k̚]	[puɭma̠ɲd͡ʑo̞k̚]	不满 (명사)
불빛	[puɭp͈it̚]	[puɭp͈it̚]	光污染 (명사)
불어오다	[puɾʌ̹o̞da̠]	[puɾʌ̹o̞da̠]	前菜 (동사)
불완전	[puɾwa̠ɲd͡ʑʌ̹n]	[puɾwa̠ɲd͡ʑʌ̹n]	瑕疵 (명사)
불충분	[puʎt͡ɕʰuŋbun]	[puʎt͡ɕʰuŋbun]	不充分 ,不足,供应不足 ,缺乏 (명사)
불친절	[puʎt͡ɕʰiɲd͡ʑʌ̹ɭ]	[puʎt͡ɕʰiɲd͡ʑʌ̹ɭ]	不友善 (명사)
불평등	[puɭpʰjʌ̹ŋdɯŋ]	[puɭpʰjʌ̹ŋdɯŋ]	不平等 (명사)
불행	[puɾɦɛŋ]	[puɾɦɛŋ]	不快乐 (명사)
불확실	[puɾβwa̠kɕ͈iɭ]	[puɾβwa̠kɕ͈iɭ]	不确定 (명사)
붐비다	[pumbida̠]	[pumbida̠]	拥挤 (동사)
붙들다	[put̚t͈ɯɭda̠]	[put̚t͈ɯɭda̠]	抓住 (동사)
붙잡다	[put̚t͡ɕ͈a̠p̚t͈a̠]	[put̚t͡ɕ͈a̠p̚t͈a̠]	抓住 (동사)
붙잡히다	[put̚t͡ɕ͈a̠pʰida̠]	[put̚t͡ɕ͈a̠pʰida̠]	待掌握 (동사)
뷔페	[pɥipʰe̞]	[pɥipʰe̞]	自助餐 (명사)
비교적	[ˈpi(ː)ɡjod͡ʑʌ̹k̚]	[ˈpi(ː)ɡjod͡ʑʌ̹k̚]	相比之下的 (관형사)
비교하다	[ˈpi(ː)ɡjoɦa̠da̠]	[ˈpi(ː)ɡjoɦa̠da̠]	比较 (동사)
비극	[ˈpi(ː)ɡɯk̚]	[ˈpi(ː)ɡɯk̚]	悲剧 (명사)
비난	[ˈpi(ː)na̠n]	[ˈpi(ː)na̠n]	批注 (명사)
비닐	[piniɭ]	[piniɭ]	黑胶唱片 (명사)
비닐봉지	[piniɭbo̞ŋd͡ʑi]	[piniɭbo̞ŋd͡ʑi]	塑料袋 (명사)
비로소	[piɾo̞sʰo̞]	[piɾo̞sʰo̞]	初次来访者 (부사)
비롯되다	[piɾo̞t̚t͈we̞da̠]	[piɾo̞t̚t͈we̞da̠]	开始于 (동사)
비롯하다	[piɾo̞tʰa̠da̠]	[piɾo̞tʰa̠da̠]	开始或发起 (동사)
비바람	[piba̠ɾa̠m]	[piba̠ɾa̠m]	雨和风 (명사)
비상구	[ˈpi(ː)sʰa̠ŋɡu]	[ˈpi(ː)sʰa̠ŋɡu]	紧急出口 (명사)
비웃다	[ˈpi(ː)ut̚t͈a̠]	[ˈpi(ː)ut̚t͈a̠]	嘲笑 (동사)
비추다	[pit͡ɕʰuda̠]	[pit͡ɕʰuda̠]	闪耀 (동사)
비키다	[ˈpi(ː)cçida̠]	[ˈpi(ː)cçida̠]	“让开。” (동사)
비틀거리다	[pitʰɯɭɡʌ̹ɾida̠]	[pitʰɯɭɡʌ̹ɾida̠]	绊倒 (동사)
비판적	[ˈpi(ː)pʰa̠ɲd͡ʑʌ̹k̚]	[ˈpi(ː)pʰa̠ɲd͡ʑʌ̹k̚]	关键 (관형사)
비판하다	[ˈpi(ː)pʰa̠nɦa̠da̠]	[ˈpi(ː)pʰa̠nɦa̠da̠]	上纲上线 (동사)
비하다	[ˈpi(ː)ɦa̠da̠]	[ˈpi(ː)ɦa̠da̠]	比较 (동사)
비행장	[piɦɛŋd͡ʑa̠ŋ]	[piɦɛŋd͡ʑa̠ŋ]	飞机场 (명사)
빗물	[pinmuɭ]	[pinmuɭ]	雨水 (명사)
빗방울	[pit̚p͈a̠ŋuɭ]	[pit̚p͈a̠ŋuɭ]	水滴 (명사)
빚다	[pit̚t͈a̠]	[pit̚t͈a̠]	酿造 (동사)
빛	[pit̚]	[pit̚]	光污染 (명사)
빛깔	[pit̚k͈a̠ɭ]	[pit̚k͈a̠ɭ]	色素 (명사)
빛나다	[pinna̠da̠]	[pinna̠da̠]	闪耀 (동사)
빠뜨리다	[ˈp͈a̠(ː)t͈ɯɾida̠]	[ˈp͈a̠(ː)t͈ɯɾida̠]	降下 (동사)
빠져나가다	[ˈp͈a̠(ː)d͡ʑʌ̹na̠ɡa̠da̠]	[ˈp͈a̠(ː)d͡ʑʌ̹na̠ɡa̠da̠]	出门 (동사)
빠져나오다	[ˈp͈a̠(ː)d͡ʑʌ̹na̠o̞da̠]	[ˈp͈a̠(ː)d͡ʑʌ̹na̠o̞da̠]	逃出生天 (동사)
빼놓다	[ˈp͈ɛ(ː)no̞tʰa̠]	[ˈp͈ɛ(ː)no̞tʰa̠]	省略 (동사)
빼앗기다	[p͈ɛa̠t̚k͈ida̠]	[p͈ɛa̠t̚k͈ida̠]	被剥夺 (동사)
빼앗다	[p͈ɛa̠t̚t͈a̠]	[p͈ɛa̠t̚t͈a̠]	服用 (동사)
뻗다	[p͈ʌ̹t̚t͈a̠]	[p͈ʌ̹t̚t͈a̠]	到达 (동사)
뽀뽀	[p͈o̞p͈o̞]	[p͈o̞p͈o̞]	么么 (명사)
뽑히다	[p͈o̞pʰida̠]	[p͈o̞pʰida̠]	被拉出 (동사)
뿌리	[p͈uɾi]	[p͈uɾi]	根 (명사)
뿌리다	[p͈uɾida̠]	[p͈uɾida̠]	洒 (동사)
뿌리치다	[p͈uɾit͡ɕʰida̠]	[p͈uɾit͡ɕʰida̠]	甩掉 (동사)
사나이	[sʰa̠na̠i]	[sʰa̠na̠i]	替代形式的 사내 (명사)
사냥	[sʰa̠ɲa̠ŋ]	[sʰa̠ɲa̠ŋ]	“猎 (명사)
사라지다	[sʰa̠ɾa̠d͡ʑida̠]	[sʰa̠ɾa̠d͡ʑida̠]	消退 (동사)
사랑스럽다	[sʰa̠ɾa̠ŋsʰɯɾʌ̹p̚t͈a̠]	[sʰa̠ɾa̠ŋsʰɯɾʌ̹p̚t͈a̠]	变得可爱 (형용사)
사로잡다	[sʰa̠ɾo̞d͡ʑa̠p̚t͈a̠]	[sʰa̠ɾo̞d͡ʑa̠p̚t͈a̠]	活捉 (동사)
사무소	[ˈsʰa̠(ː)musʰo̞]	[ˈsʰa̠(ː)musʰo̞]	办公室 (명사)
사무직	[ˈsʰa̠(ː)mud͡ʑik̚]	[ˈsʰa̠(ː)mud͡ʑik̚]	办公室工作 (명사)
사업가	[ˈsʰa̠(ː)ʌ̹p̚k͈a̠]	[ˈsʰa̠(ː)ʌ̹p̚k͈a̠]	做买卖的 (명사)
사업자	[ˈsʰa̠(ː)ʌ̹p̚t͡ɕ͈a̠]	[ˈsʰa̠(ː)ʌ̹p̚t͡ɕ͈a̠]	买卖人 (명사)
사용되다	[ˈsʰa̠(ː)joŋdwe̞da̠]	[ˈsʰa̠(ː)joŋdwe̞da̠]	待用 (동사)
사용자	[ˈsʰa̠(ː)joŋd͡ʑa̠]	[ˈsʰa̠(ː)joŋd͡ʑa̠]	users用户 (명사)
사우나	[s͈a̠una̠]	[s͈a̠una̠]	桑拿 (명사)
사진첩	[sʰa̠d͡ʑiɲt͡ɕʰʌ̹p̚]	[sʰa̠d͡ʑiɲt͡ɕʰʌ̹p̚]	相机 (명사)
사촌	[ˈsʰa̠(ː)t͡ɕʰo̞n]	[ˈsʰa̠(ː)t͡ɕʰo̞n]	嫡表亲 ,嫡堂亲,第一代嫡堂或表兄弟姐妹 (명사)
사춘기	[sʰa̠t͡ɕʰunɡi]	[sʰa̠t͡ɕʰunɡi]	青春期 (명사)
사투리	[ˈsʰa̠(ː)tʰuɾi]	[ˈsʰa̠(ː)tʰuɾi]	语言的方言或口音 (명사)
사회적	[sʰa̠βwe̞d͡ʑʌ̹k̚]	[sʰa̠βwe̞d͡ʑʌ̹k̚]	社会 (관형사)
산속	[sʰa̠ns͈o̞k̚]	[sʰa̠ns͈o̞k̚]	山的心脏 (명사)
산업	[ˈsʰa̠(ː)nʌ̹p̚]	[ˈsʰa̠(ː)nʌ̹p̚]	行业 (명사)
살리다	[sʰa̠ʎʎida̠]	[sʰa̠ʎʎida̠]	的致病因素 살다 (동사)
살아가다	[sʰa̠ɾa̠ɡa̠da̠]	[sʰa̠ɾa̠ɡa̠da̠]	以此为生 (동사)
살아남다	[sʰa̠ɾa̠na̠mt͈a̠]	[sʰa̠ɾa̠na̠mt͈a̠]	生还 (동사)
살아오다	[sʰa̠ɾa̠o̞da̠]	[sʰa̠ɾa̠o̞da̠]	一直活着。 (동사)
살찌다	[sʰa̠ʎt͡ɕ͈ida̠]	[sʰa̠ʎt͡ɕ͈ida̠]	变胖 (동사)
살펴보다	[sʰa̠ɭpʰjʌ̹bo̞da̠]	[sʰa̠ɭpʰjʌ̹bo̞da̠]	中视 (동사)
삶	[sʰa̠(ː)m]	[sʰa̠(ː)m]	生命 (명사)
삶다	[ˈsʰa̠(ː)mt͈a̠]	[ˈsʰa̠(ː)mt͈a̠]	烧开 (동사)
삼키다	[sʰa̠mcçida̠]	[sʰa̠mcçida̠]	下咽 (동사)
상관없다	[sʰa̠ŋɡwa̠nʌ̹p̚t͈a̠]	[sʰa̠ŋɡwa̠nʌ̹p̚t͈a̠]	与任何事情无关 (형용사)
상당히	[sʰa̠ŋda̠ŋʝi]	[sʰa̠ŋda̠ŋʝi]	适当地 (부사)
상대적	[sʰa̠ŋdɛd͡ʑʌ̹k̚]	[sʰa̠ŋdɛd͡ʑʌ̹k̚]	相对 (관형사)
상류	[sʰa̠ŋɲu]	[sʰa̠ŋɲu]	上游 (명사)
상반기	[ˈsʰa̠(ː)ŋba̠nɡi]	[ˈsʰa̠(ː)ŋba̠nɡi]	上半年 (명사)
상점	[sʰa̠ŋd͡ʑʌ̹m]	[sʰa̠ŋd͡ʑʌ̹m]	商店 (명사)
상징	[sʰa̠ŋd͡ʑiŋ]	[sʰa̠ŋd͡ʑiŋ]	符号 (명사)
생각되다	[sʰɛŋɡa̠k̚t͈we̞da̠]	[sʰɛŋɡa̠k̚t͈we̞da̠]	发生或想到 (동사)
생김새	[sʰɛŋɡimsʰɛ]	[sʰɛŋɡimsʰɛ]	看 (명사)
생년월일	[sʰɛŋɲʌ̹nwʌ̹ɾiɭ]	[sʰɛŋɲʌ̹nwʌ̹ɾiɭ]	出生日期 (명사)
생략	[sʰɛŋɲa̠k̚]	[sʰɛŋɲa̠k̚]	不作为 ,消极的行为 (명사)
생명	[sʰɛŋmjʌ̹ŋ]	[sʰɛŋmjʌ̹ŋ]	生命 (명사)
생방송	[sʰɛŋba̠ŋsʰo̞ŋ]	[sʰɛŋba̠ŋsʰo̞ŋ]	现场直播 (명사)
생산	[sʰɛŋsʰa̠n]	[sʰɛŋsʰa̠n]	生产 (명사)
생생하다	[sʰɛŋsʰɛŋɦa̠da̠]	[sʰɛŋsʰɛŋɦa̠da̠]	要新鲜 (형용사)
생존	[sʰɛŋd͡ʑo̞n]	[sʰɛŋd͡ʑo̞n]	生存 (명사)
생활비	[sʰɛŋβwa̠ɭbi]	[sʰɛŋβwa̠ɭbi]	生活费 (명사)
생활용품	[sʰɛŋβwa̠ɾjoŋpʰum]	[sʰɛŋβwa̠ɾjoŋpʰum]	家居单品 (명사)
생활하다	[sʰɛŋβwa̠ɾɦa̠da̠]	[sʰɛŋβwa̠ɾɦa̠da̠]	活着 (동사)
서넛	[sʰʌ̹nʌ̹t̚]	[sʰʌ̹nʌ̹t̚]	三四位 (수사)
서늘하다	[sʰʌ̹nɯɾɦa̠da̠]	[sʰʌ̹nɯɾɦa̠da̠]	冷静下来 (형용사)
서럽다	[ˈsʰɘ(ː)ɾʌ̹p̚t͈a̠]	[ˈsʰɘ(ː)ɾʌ̹p̚t͈a̠]	悲伤 (형용사)
서서히	[ˈsʰɘ(ː)sʰʌ̹ʝi]	[ˈsʰɘ(ː)sʰʌ̹ʝi]	渐渐地 (부사)
서양인	[sʰʌ̹ja̠ŋin]	[sʰʌ̹ja̠ŋin]	西方人 (명사)
서운하다	[sʰʌ̹unɦa̠da̠]	[sʰʌ̹unɦa̠da̠]	心烦意乱 (형용사)
서투르다	[ˈsʰɘ(ː)tʰuɾɯda̠]	[ˈsʰɘ(ː)tʰuɾɯda̠]	不熟练 (형용사)
서툴다	[ˈsʰɘ(ː)tʰuɭda̠]	[ˈsʰɘ(ː)tʰuɭda̠]	收缩 서투르다 (형용사)
섞이다	[sʰʌ̹k͈ida̠]	[sʰʌ̹k͈ida̠]	混合 (동사)
선진국	[sʰʌ̹ɲd͡ʑinɡuk̚]	[sʰʌ̹ɲd͡ʑinɡuk̚]	发达国家 (명사)
선택하다	[ˈsʰɘ(ː)ntʰɛkʰa̠da̠]	[ˈsʰɘ(ː)ntʰɛkʰa̠da̠]	选择 (동사)
설득	[sʰʌ̹ɭt͈ɯk̚]	[sʰʌ̹ɭt͈ɯk̚]	意见 (명사)
설레다	[sʰʌ̹ɭɭe̞da̠]	[sʰʌ̹ɭɭe̞da̠]	悸动 (동사)
설명서	[sʰʌ̹ɭmjʌ̹ŋsʰʌ̹]	[sʰʌ̹ɭmjʌ̹ŋsʰʌ̹]	说明书 (명사)
성공적	[sʰʌ̹ŋɡo̞ŋd͡ʑʌ̹k̚]	[sʰʌ̹ŋɡo̞ŋd͡ʑʌ̹k̚]	成功的状态或条件 (명사)
성공하다	[sʰʌ̹ŋɡo̞ŋɦa̠da̠]	[sʰʌ̹ŋɡo̞ŋɦa̠da̠]	以取得成功 (동사)
성립	[sʰʌ̹ŋnip̚]	[sʰʌ̹ŋnip̚]	正在建立 (명사)
성질	[ˈsʰɘ(ː)ŋd͡ʑiɭ]	[ˈsʰɘ(ː)ŋd͡ʑiɭ]	缓和 (명사)
세계적	[ˈsʰe̞(ː)ɡje̞d͡ʑʌ̹k̚]	[ˈsʰe̞(ː)ɡje̞d͡ʑʌ̹k̚]	全球 (명사)
세계화	[ˈsʰe̞(ː)ɡje̞βwa̠]	[ˈsʰe̞(ː)ɡje̞βwa̠]	全球化 (명사)
세력	[ˈsʰe̞(ː)ɾjʌ̹k̚]	[ˈsʰe̞(ː)ɾjʌ̹k̚]	影响 (명사)
세련되다	[ˈsʰe̞(ː)ɾjʌ̹ndwe̞da̠]	[ˈsʰe̞(ː)ɾjʌ̹ndwe̞da̠]	儒雅 (형용사)
세워지다	[sʰe̞wʌ̹d͡ʑida̠]	[sʰe̞wʌ̹d͡ʑida̠]	待创立 (동사)
세트	[s͈e̞tʰɯ]	[s͈e̞tʰɯ]	套；组 (名词)
소개되다	[sʰo̞ɡɛdwe̞da̠]	[sʰo̞ɡɛdwe̞da̠]	待介绍 (동사)
소금물	[sʰo̞ɡɯmmuɭ]	[sʰo̞ɡɯmmuɭ]	咸水 (명사)
소득	[ˈsʰo̞(ː)dɯk̚]	[ˈsʰo̞(ː)dɯk̚]	收入 (명사)
소리치다	[sʰo̞ɾit͡ɕʰida̠]	[sʰo̞ɾit͡ɕʰida̠]	呐喊 (동사)
소문나다	[ˈsʰo̞(ː)munna̠da̠]	[ˈsʰo̞(ː)munna̠da̠]	众所周知 (동사)
소방관	[sʰo̞ba̠ŋɡwa̠n]	[sʰo̞ba̠ŋɡwa̠n]	消防员 (명사)
소방서	[sʰo̞ba̠ŋsʰʌ̹]	[sʰo̞ba̠ŋsʰʌ̹]	消防局 (명사)
소방차	[sʰo̞ba̠ŋt͡ɕʰa̠]	[sʰo̞ba̠ŋt͡ɕʰa̠]	消防车 (명사)
소비자	[sʰo̞bid͡ʑa̠]	[sʰo̞bid͡ʑa̠]	消费者或消费者 (명사)
소설가	[sʰo̞sʰʌ̹ɭɡa̠]	[sʰo̞sʰʌ̹ɭɡa̠]	小说家 (명사)
소설책	[ˈsʰo̞(ː)sʰʌ̹ʎt͡ɕʰɛk̚]	[ˈsʰo̞(ː)sʰʌ̹ʎt͡ɕʰɛk̚]	小说 (명사)
소시지	[s͈o̞ɕʰid͡ʑi]	[s͈o̞ɕʰid͡ʑi]	香肠 (명사)
소용없다	[ˈsʰo̞(ː)joŋʌ̹p̚t͈a̠]	[ˈsʰo̞(ː)joŋʌ̹p̚t͈a̠]	毫无用处 (형용사)
소지품	[ˈsʰo̞(ː)d͡ʑipʰum]	[ˈsʰo̞(ː)d͡ʑipʰum]	效果 (명사)
속담	[sʰo̞k̚t͈a̠m]	[sʰo̞k̚t͈a̠m]	谚语 yànyǔ (명사)
속마음	[ˈsʰo̞(ː)ŋma̠ɯm]	[ˈsʰo̞(ː)ŋma̠ɯm]	一个人内心的内心/想法 (명사)
속이다	[sʰo̞ɡida̠]	[sʰo̞ɡida̠]	欺骗 (동사)
손가방	[sʰo̞nk͈a̠ba̠ŋ]	[sʰo̞nk͈a̠ba̠ŋ]	手提包 (명사)
손끝	[sʰo̞nk͈ɯt̚]	[sʰo̞nk͈ɯt̚]	手指头 (명사)
손목시계	[sʰo̞nmo̞kɕ͈iɡje̞]	[sʰo̞nmo̞kɕ͈iɡje̞]	17. 手表 (명사)
손뼉	[sʰo̞np͈jʌ̹k̚]	[sʰo̞np͈jʌ̹k̚]	手掌和手指的整个地板结合在一起 (명사)
손쉽다	[sʰo̞nʃʰɥip̚t͈a̠]	[sʰo̞nʃʰɥip̚t͈a̠]	容易 (형용사)
손잡다	[sʰo̞ɲd͡ʑa̠p̚t͈a̠]	[sʰo̞ɲd͡ʑa̠p̚t͈a̠]	握住自己的手 (동사)
손잡이	[sʰo̞ɲd͡ʑa̠bi]	[sʰo̞ɲd͡ʑa̠bi]	控制代码 (명사)
손질	[sʰo̞ɲd͡ʑiɭ]	[sʰo̞ɲd͡ʑiɭ]	修边 (명사)
손해	[ˈsʰo̞(ː)nɦɛ]	[ˈsʰo̞(ː)nɦɛ]	损失 (명사)
솔직하다	[sʰo̞ʎt͡ɕ͈ikʰa̠da̠]	[sʰo̞ʎt͡ɕ͈ikʰa̠da̠]	诚实 (형용사)
솔직히	[sʰo̞ʎt͡ɕ͈icçi]	[sʰo̞ʎt͡ɕ͈icçi]	实在 (부사)
솜씨	[sʰo̞mɕ͈i]	[sʰo̞mɕ͈i]	技能 (명사)
송아지	[sʰo̞ŋa̠d͡ʑi]	[sʰo̞ŋa̠d͡ʑi]	小牛 (명사)
쇠고기	[ˈsʰwe̞(ː)ɡo̞ɡi]	[ˈsʰwe̞(ː)ɡo̞ɡi]	牛肉 (명사)
수도권	[sʰudo̞k͈wʌ̹n]	[sʰudo̞k͈wʌ̹n]	京都区域 (명사)
수도꼭지	[sʰudo̞k͈o̞k̚t͡ɕ͈i]	[sʰudo̞k͈o̞k̚t͡ɕ͈i]	点选 (명사)
수돗물	[sʰudo̞nmuɭ]	[sʰudo̞nmuɭ]	自来水 (명사)
수수께끼	[sʰusʰuk͈e̞k͈i]	[sʰusʰuk͈e̞k͈i]	谜语，奥秘，隐语 (명사)
수수료	[sʰusʰuɾjo]	[sʰusʰuɾjo]	佣金 (명사)
수시로	[sʰuɕʰiɾo̞]	[sʰuɕʰiɾo̞]	随时；经常 (副词)
수십	[ˈsʰu(ː)ɕʰip̚]	[ˈsʰu(ː)ɕʰip̚]	分数 (명사)
수없이	[ˈsʰu(ː)ʌ̹pɕ͈i]	[ˈsʰu(ː)ʌ̹pɕ͈i]	大量 (부사)
수준	[sʰud͡ʑun]	[sʰud͡ʑun]	标准或准则级别 (명사)
수화기	[sʰuβwa̠ɡi]	[sʰuβwa̠ɡi]	电话接收器 (명사)
숙녀	[sʰuŋɲʌ̹]	[sʰuŋɲʌ̹]	太后 (명사)
숙박	[sʰuk̚p͈a̠k̚]	[sʰuk̚p͈a̠k̚]	住处 (명사)
숙이다	[sʰuɡida̠]	[sʰuɡida̠]	弯曲 (동사)
순식간	[sʰunɕʰik̚k͈a̠n]	[sʰunɕʰik̚k͈a̠n]	转眼间；一瞬间 (名词)
술자리	[sʰuʎt͡ɕ͈a̠ɾi]	[sʰuʎt͡ɕ͈a̠ɾi]	饮酒派对 (명사)
숨기다	[sʰumɡida̠]	[sʰumɡida̠]	隐藏 (동사)
숨소리	[ˈsʰu(ː)ms͈o̞ɾi]	[ˈsʰu(ː)ms͈o̞ɾi]	呼吸的声音 (명사)
숨지다	[ˈsʰu(ː)md͡ʑida̠]	[ˈsʰu(ː)md͡ʑida̠]	去世；死亡 (动词)
쉿	[ʃʰɥit̚]	[ʃʰɥit̚]	嘘 (감탄사)
슈퍼	[ɕʰupʰʌ̹]	[ɕʰupʰʌ̹]	超级 (명사)
스무째	[sʰɯmut͡ɕ͈ɛ]	[sʰɯmut͡ɕ͈ɛ]	第二十 (수사)
스케줄	[sʰɯkʰe̞d͡ʑuɭ]	[sʰɯkʰe̞d͡ʑuɭ]	日程表 (명사)
슬쩍	[sʰɯʎt͡ɕ͈ʌ̹k̚]	[sʰɯʎt͡ɕ͈ʌ̹k̚]	有些微妙 (부사)
승낙	[sʰɯŋna̠k̚]	[sʰɯŋna̠k̚]	欧盟同意 (명사)
승리	[sʰɯŋni]	[sʰɯŋni]	胜利 (명사)
승무원	[sʰɯŋmuwʌ̹n]	[sʰɯŋmuwʌ̹n]	海员 (명사)
승용차	[sʰɯŋjoŋt͡ɕʰa̠]	[sʰɯŋjoŋt͡ɕʰa̠]	一辆车 (명사)
승차권	[sʰɯŋt͡ɕʰa̠ɡwʌ̹n]	[sʰɯŋt͡ɕʰa̠ɡwʌ̹n]	工单 (명사)
시달리다	[ɕʰida̠ʎʎida̠]	[ɕʰida̠ʎʎida̠]	陷入困境 (동사)
시들다	[ɕʰidɯɭda̠]	[ɕʰidɯɭda̠]	枯萎 (동사)
시리즈	[ɕʰiɾid͡ʑɯ]	[ɕʰiɾid͡ʑɯ]	A 系列 (명사)
시멘트	[ɕʰime̞ntʰɯ]	[ɕʰime̞ntʰɯ]	水泥 (명사)
시부모	[ɕʰibumo̞]	[ɕʰibumo̞]	丈夫的父母 (명사)
시스템	[ɕ͈isʰɯtʰe̞m]	[ɕ͈isʰɯtʰe̞m]	系统 (명사)
시아버지	[ɕʰia̠bʌ̹d͡ʑi]	[ɕʰia̠bʌ̹d͡ʑi]	公公，岳父 (명사)
시집가다	[ɕʰid͡ʑip̚k͈a̠da̠]	[ɕʰid͡ʑip̚k͈a̠da̠]	招亲 (동사)
시험지	[ɕʰiɦʌ̹md͡ʑi]	[ɕʰiɦʌ̹md͡ʑi]	考试纸代码 (명사)
식료품	[ɕʰiŋɲopʰum]	[ɕʰiŋɲopʰum]	粮食 (명사)
식욕	[ɕʰiɡjok̚]	[ɕʰiɡjok̚]	食欲 (명사)
식용유	[ɕʰiɡjoŋɲu]	[ɕʰiɡjoŋɲu]	食用油 (명사)
식중독	[ɕʰik̚t͡ɕ͈uŋdo̞k̚]	[ɕʰik̚t͡ɕ͈uŋdo̞k̚]	食物中毒 (명사)
식히다	[ɕʰicçida̠]	[ɕʰicçida̠]	冷却 (동사)
신맛	[ɕʰinma̠t̚]	[ɕʰinma̠t̚]	坏心眼 (명사)
신문사	[ɕʰinmunsʰa̠]	[ɕʰinmunsʰa̠]	报社 (명사)
신문지	[ɕʰinmuɲd͡ʑi]	[ɕʰinmuɲd͡ʑi]	新闻用纸 (명사)
신앙	[ˈɕʰi(ː)na̠ŋ]	[ˈɕʰi(ː)na̠ŋ]	信仰 (명사)
신입생	[ɕʰinips͈ɛŋ]	[ɕʰinips͈ɛŋ]	新生 (명사)
신제품	[ɕʰiɲd͡ʑe̞pʰum]	[ɕʰiɲd͡ʑe̞pʰum]	新产品 (명사)
신청서	[ɕʰiɲt͡ɕʰʌ̹ŋsʰʌ̹]	[ɕʰiɲt͡ɕʰʌ̹ŋsʰʌ̹]	证券认购单,申请书,求职申请书 (명사)
신체적	[ɕʰiɲt͡ɕʰe̞d͡ʑʌ̹k̚]	[ɕʰiɲt͡ɕʰe̞d͡ʑʌ̹k̚]	身体 (명사)
신혼부부	[ɕʰinβo̞nbubu]	[ɕʰinβo̞nbubu]	一对新人 (명사)
실내	[ɕʰiɭɭɛ]	[ɕʰiɭɭɛ]	室内 (명사)
실수하다	[ɕʰiɭs͈uɦa̠da̠]	[ɕʰiɭs͈uɦa̠da̠]	犯一个错误 (동사)
실습	[ɕʰiɭs͈ɯp̚]	[ɕʰiɭs͈ɯp̚]	实践 (명사)
실은	[ɕʰiɾɯn]	[ɕʰiɾɯn]	实际上 (부사)
실장	[ɕʰiʎt͡ɕ͈a̠ŋ]	[ɕʰiʎt͡ɕ͈a̠ŋ]	办公室主任 (명사)
실제로	[ɕʰiʎt͡ɕ͈e̞ɾo̞]	[ɕʰiʎt͡ɕ͈e̞ɾo̞]	实际上 ;prep.事实上 (부사)
실컷	[ɕʰiɭkʰʌ̹t̚]	[ɕʰiɭkʰʌ̹t̚]	痛快 (부사)
실현	[ɕʰiɾʝʌ̹n]	[ɕʰiɾʝʌ̹n]	得 (명사)
싫어지다	[ɕʰiɾʌ̹d͡ʑida̠]	[ɕʰiɾʌ̹d͡ʑida̠]	变得厌恶 (동사)
싫증	[ɕʰiʎt͡ɕ͈ɯŋ]	[ɕʰiʎt͡ɕ͈ɯŋ]	厌恶 (명사)
심부름	[ˈɕʰi(ː)mbuɾɯm]	[ˈɕʰi(ː)mbuɾɯm]	家务 (명사)
심지어	[ˈɕʰi(ː)md͡ʑiʌ̹]	[ˈɕʰi(ː)md͡ʑiʌ̹]	持平 (부사)
싱싱하다	[ɕʰiŋɕʰiŋɦa̠da̠]	[ɕʰiŋɕʰiŋɦa̠da̠]	清新 (형용사)
싸구려	[s͈a̠ɡuɾjʌ̹]	[s͈a̠ɡuɾjʌ̹]	便宜货 (명사)
쌍둥이	[s͈a̠ŋduŋi]	[s͈a̠ŋduŋi]	双子zodiac symbol for Canc (명사)
쌓이다	[s͈a̠ida̠]	[s͈a̠ida̠]	打桩 (동사)
썩다	[s͈ʌ̹k̚t͈a̠]	[s͈ʌ̹k̚t͈a̠]	腐烂 (동사)
쏟다	[s͈o̞t̚t͈a̠]	[s͈o̞t̚t͈a̠]	倾泻而出 (동사)
쏟아지다	[s͈o̞da̠d͡ʑida̠]	[s͈o̞da̠d͡ʑida̠]	要溅出 (동사)
쓰다듬다	[s͈ɯda̠dɯmt͈a̠]	[s͈ɯda̠dɯmt͈a̠]	具有笔触样式的文本 (동사)
쓰러지다	[s͈ɯɾʌ̹d͡ʑida̠]	[s͈ɯɾʌ̹d͡ʑida̠]	摔跟头 (동사)
쓴맛	[s͈ɯnma̠t̚]	[s͈ɯnma̠t̚]	苦度 (명사)
쓸데없다	[s͈ɯɭt͈e̞ʌ̹p̚t͈a̠]	[s͈ɯɭt͈e̞ʌ̹p̚t͈a̠]	不必要 (형용사)
쓸쓸하다	[s͈ɯɭs͈ɯɾɦa̠da̠]	[s͈ɯɭs͈ɯɾɦa̠da̠]	孤独 (형용사)
씨앗	[ɕ͈ia̠t̚]	[ɕ͈ia̠t̚]	苗裔，种子 (명사)
아깝다	[a̠k͈a̠p̚t͈a̠]	[a̠k͈a̠p̚t͈a̠]	作为一名 (형용사)
아끼다	[a̠k͈ida̠]	[a̠k͈ida̠]	珍惜 (동사)
아냐	[a̠ɲa̠]	[a̠ɲa̠]	收缩 아니야 (감탄사)
아니야	[a̠nija̠]	[a̠nija̠]	否 (감탄사)
아드님	[a̠dɯnim]	[a̠dɯnim]	尊敬的 아들 (명사)
아래층	[a̠ɾɛt͡ɕʰɯŋ]	[a̠ɾɛt͡ɕʰɯŋ]	楼下 (명사)
아랫집	[a̠ɾɛt̚t͡ɕ͈ip̚]	[a̠ɾɛt̚t͡ɕ͈ip̚]	房子下面 (명사)
아마도	[a̠ma̠do̞]	[a̠ma̠do̞]	行 。 (부사)
아무개	[ˈa̠(ː)muɡɛ]	[ˈa̠(ː)muɡɛ]	某个未指明的人 (명사)
아무래도	[ˈa̠(ː)muɾɛdo̞]	[ˈa̠(ː)muɾɛdo̞]	不管如何 (부사)
아무런	[ˈa̠(ː)muɾʌ̹n]	[ˈa̠(ː)muɾʌ̹n]	任何类型的 (관형사)
아무튼	[ˈa̠(ː)mutʰɯn]	[ˈa̠(ː)mutʰɯn]	好歹 (부사)
아쉬움	[a̠ʃʰɥium]	[a̠ʃʰɥium]	后悔 (명사)
아쉽다	[a̠ʃʰɥip̚t͈a̠]	[a̠ʃʰɥip̚t͈a̠]	难过 (형용사)
아시아	[a̠ɕʰia̠]	[a̠ɕʰia̠]	亚洲 (고유명사)
아예	[a̠je̞]	[a̠je̞]	这些重量级 (부사)
아울러	[a̠uɭɭʌ̹]	[a̠uɭɭʌ̹]	还 (부사)
아이디어	[a̠idiʌ̹]	[a̠idiʌ̹]	想法 (명사)
아프리카	[a̠pʰɯɾikʰa̠]	[a̠pʰɯɾikʰa̠]	非洲 (고유명사)
아픔	[a̠pʰɯm]	[a̠pʰɯm]	疼痛 (명사)
아하	[a̠ɦa̠]	[a̠ɦa̠]	啊哈！ (감탄사)
아홉째	[a̠βo̞p̚t͡ɕ͈ɛ]	[a̠βo̞p̚t͡ɕ͈ɛ]	第九个 (수사)
악몽	[a̠ŋmo̞ŋ]	[a̠ŋmo̞ŋ]	噩梦 (명사)
안내서	[ˈa̠(ː)nnɛsʰʌ̹]	[ˈa̠(ː)nnɛsʰʌ̹]	指南手册 (명사)
안내원	[ˈa̠(ː)nnɛwʌ̹n]	[ˈa̠(ː)nnɛwʌ̹n]	导 (명사)
안내하다	[ˈa̠(ː)nnɛɦa̠da̠]	[ˈa̠(ː)nnɛɦa̠da̠]	指引 (동사)
안색	[a̠nsʰɛk̚]	[a̠nsʰɛk̚]	脸色 (명사)
안전하다	[a̠ɲd͡ʑʌ̹nɦa̠da̠]	[a̠ɲd͡ʑʌ̹nɦa̠da̠]	提供安全： (형용사)
안타까워하다	[a̠ntʰa̠k͈a̠wʌ̹ɦa̠da̠]	[a̠ntʰa̠k͈a̠wʌ̹ɦa̠da̠]	可怜 (동사)
안타깝다	[a̠ntʰa̠k͈a̠p̚t͈a̠]	[a̠ntʰa̠k͈a̠p̚t͈a̠]	不幸 (형용사)
않다	[a̠ntʰa̠]	[a̠ntʰa̠]	辅助形容词，用于否定主形容词所属的子句 (형용사)
알려지다	[a̠ʎʎʌ̹d͡ʑida̠]	[a̠ʎʎʌ̹d͡ʑida̠]	要让人知道 (동사)
알아내다	[a̠ɾa̠nɛda̠]	[a̠ɾa̠nɛda̠]	如何找出答案 (동사)
알아듣다	[a̠ɾa̠dɯt̚t͈a̠]	[a̠ɾa̠dɯt̚t͈a̠]	了解 (동사)
알차다	[a̠ʎt͡ɕʰa̠da̠]	[a̠ʎt͡ɕʰa̠da̠]	完全成熟 (형용사)
앓다	[a̠ɭtʰa̠]	[a̠ɭtʰa̠]	患有疾病 (동사)
압력	[a̠mɲʌ̹k̚]	[a̠mɲʌ̹k̚]	压力 (명사)
앞날	[a̠mna̠ɭ]	[a̠mna̠ɭ]	未来 (명사)
앞두다	[a̠p̚t͈uda̠]	[a̠p̚t͈uda̠]	要有躺在一个前面 (동사)
앞뒤	[a̠p̚t͈ɥi]	[a̠p̚t͈ɥi]	前和后 (명사)
앞머리	[a̠mmʌ̹ɾi]	[a̠mmʌ̹ɾi]	刘海 (명사)
앞서	[a̠ps͈ʌ̹]	[a̠ps͈ʌ̹]	之前创建的网站导出 (부사)
앞서다	[a̠ps͈ʌ̹da̠]	[a̠ps͈ʌ̹da̠]	到前面 (동사)
앞세우다	[a̠ps͈e̞uda̠]	[a̠ps͈e̞uda̠]	让某人继续前进 (동사)
앞장서다	[a̠p̚t͡ɕ͈a̠ŋsʰʌ̹da̠]	[a̠p̚t͡ɕ͈a̠ŋsʰʌ̹da̠]	引领 (동사)
앞집	[a̠p̚t͡ɕ͈ip̚]	[a̠p̚t͡ɕ͈ip̚]	前面的房子 (명사)
애쓰다	[ˈɛ(ː)s͈ɯda̠]	[ˈɛ(ː)s͈ɯda̠]	为实现目标而努力或紧张。 (동사)
애완동물	[ˈɛ(ː)wa̠ndo̞ŋmuɭ]	[ˈɛ(ː)wa̠ndo̞ŋmuɭ]	宠物 (명사)
액세서리	[ɛks͈e̞sʰʌ̹ɾi]	[ɛks͈e̞sʰʌ̹ɾi]	配件 (명사)
야간	[ˈja̠(ː)ɡa̠n]	[ˈja̠(ː)ɡa̠n]	夜晚 (명사)
야외	[ˈja̠(ː)we̞]	[ˈja̠(ː)we̞]	至多外面 (명사)
약도	[ja̠k̚t͈o̞]	[ja̠k̚t͈o̞]	草图 (명사)
약혼	[ja̠kʰo̞n]	[ja̠kʰo̞n]	参与 (명사)
약혼녀	[ja̠kʰo̞nɲʌ̹]	[ja̠kʰo̞nɲʌ̹]	未婚妻子 (명사)
양배추	[ja̠ŋbɛt͡ɕʰu]	[ja̠ŋbɛt͡ɕʰu]	卷心菜 (명사)
양보하다	[ˈja̠(ː)ŋbo̞ɦa̠da̠]	[ˈja̠(ː)ŋbo̞ɦa̠da̠]	让步 (동사)
양쪽	[ˈja̠(ː)ŋt͡ɕ͈o̞k̚]	[ˈja̠(ː)ŋt͡ɕ͈o̞k̚]	双方 (명사)
얕다	[ja̠t̚t͈a̠]	[ja̠t̚t͈a̠]	浅 (형용사)
어긋나다	[ʌ̹ɡɯnna̠da̠]	[ʌ̹ɡɯnna̠da̠]	与之交叉 (동사)
어느새	[ʌ̹nɯsʰɛ]	[ʌ̹nɯsʰɛ]	突然 (부사)
어두워지다	[ʌ̹duwʌ̹d͡ʑida̠]	[ʌ̹duwʌ̹d͡ʑida̠]	成为 (동사)
어둠	[ʌ̹dum]	[ʌ̹dum]	深色 (명사)
어떡하다	[ʌ̹t͈ʌ̹kʰa̠da̠]	[ʌ̹t͈ʌ̹kʰa̠da̠]	一个人应该做什么 (동사)
어려움	[ʌ̹ɾjʌ̹um]	[ʌ̹ɾjʌ̹um]	困难 (명사)
어리석다	[ʌ̹ɾisʰʌ̹k̚t͈a̠]	[ʌ̹ɾisʰʌ̹k̚t͈a̠]	愚蠢 (형용사)
어린애	[ʌ̹ɾinɛ]	[ʌ̹ɾinɛ]	收缩 어린아이 (명사)
어저께	[ʌ̹d͡ʑʌ̹k͈e̞]	[ʌ̹d͡ʑʌ̹k͈e̞]	昨天 (명사)
어쨌든	[ʌ̹t͡ɕ͈ɛt̚t͈ɯn]	[ʌ̹t͡ɕ͈ɛt̚t͈ɯn]	反正是 (부사)
어쩌면	[ʌ̹t͡ɕ͈ʌ̹mjʌ̹n]	[ʌ̹t͡ɕ͈ʌ̹mjʌ̹n]	大概 (부사)
어쩐지	[ʌ̹t͡ɕ͈ʌ̹ɲd͡ʑi]	[ʌ̹t͡ɕ͈ʌ̹ɲd͡ʑi]	不知怎的， (부사)
어찌하다	[ʌ̹t͡ɕ͈iɦa̠da̠]	[ʌ̹t͡ɕ͈iɦa̠da̠]	形式 어쩌다 (동사)
어차피	[ʌ̹t͡ɕʰa̠pʰi]	[ʌ̹t͡ɕʰa̠pʰi]	反正是 (부사)
억양	[ʌ̹ɡja̠ŋ]	[ʌ̹ɡja̠ŋ]	音准 (명사)
억지로	[ʌ̹k̚t͡ɕ͈iɾo̞]	[ʌ̹k̚t͡ɕ͈iɾo̞]	通过武力 (부사)
언급	[ʌ̹nɡɯp̚]	[ʌ̹nɡɯp̚]	援引 (명사)
언덕	[ʌ̹ndʌ̹k̚]	[ʌ̹ndʌ̹k̚]	小山丘 (명사)
언론	[ʌ̹ɭɭo̞n]	[ʌ̹ɭɭo̞n]	言语 (명사)
언젠가	[ˈɘ(ː)ɲd͡ʑe̞nɡa̠]	[ˈɘ(ː)ɲd͡ʑe̞nɡa̠]	在某个时候 (부사)
얹다	[ʌ̹nt͈a̠]	[ʌ̹nt͈a̠]	放置/穿上 (동사)
얻어먹다	[ʌ̹dʌ̹mʌ̹k̚t͈a̠]	[ʌ̹dʌ̹mʌ̹k̚t͈a̠]	乞讨 (동사)
얼룩	[ʌ̹ɭɭuk̚]	[ʌ̹ɭɭuk̚]	锈渍 (명사)
엄청나다	[ʌ̹mt͡ɕʰʌ̹ŋna̠da̠]	[ʌ̹mt͡ɕʰʌ̹ŋna̠da̠]	惊人 (형용사)
업다	[ʌ̹p̚t͈a̠]	[ʌ̹p̚t͈a̠]	背在背上 (동사)
업체	[ʌ̹p̚t͡ɕʰe̞]	[ʌ̹p̚t͡ɕʰe̞]	公司或公司 (명사)
없애다	[ˈɘ(ː)ps͈ɛda̠]	[ˈɘ(ː)ps͈ɛda̠]	以消除 (동사)
없어지다	[ˈɘ(ː)ps͈ʌ̹d͡ʑida̠]	[ˈɘ(ː)ps͈ʌ̹d͡ʑida̠]	消失或消失 (동사)
없이	[ˈɘ(ː)pɕ͈i]	[ˈɘ(ː)pɕ͈i]	没有 (부사)
엉뚱하다	[ʌ̹ŋt͈uŋɦa̠da̠]	[ʌ̹ŋt͈uŋɦa̠da̠]	不常见 (형용사)
엉망	[ʌ̹ŋma̠ŋ]	[ʌ̹ŋma̠ŋ]	乱七八糟 (명사)
엉터리	[ʌ̹ŋtʰʌ̹ɾi]	[ʌ̹ŋtʰʌ̹ɾi]	废话 (명사)
엊그제	[ʌ̹t̚k͈ɯd͡ʑe̞]	[ʌ̹t̚k͈ɯd͡ʑe̞]	前些日子 (명사)
엎드리다	[ʌ̹p̚t͈ɯɾida̠]	[ʌ̹p̚t͈ɯɾida̠]	面朝下躺下 (동사)
에너지	[e̞nʌ̹d͡ʑi]	[e̞nʌ̹d͡ʑi]	能源 (명사)
여간	[jʌ̹ɡa̠n]	[jʌ̹ɡa̠n]	一星半点 (명사)
여고생	[jʌ̹ɡo̞sʰɛŋ]	[jʌ̹ɡo̞sʰɛŋ]	高中女生 (명사)
여기다	[jʌ̹ɡida̠]	[jʌ̹ɡida̠]	考虑 (동사)
여대생	[jʌ̹dɛsʰɛŋ]	[jʌ̹dɛsʰɛŋ]	大学女生 (명사)
여덟째	[jʌ̹dʌ̹ʎt͡ɕ͈ɛ]	[jʌ̹dʌ̹ʎt͡ɕ͈ɛ]	第八个 (수사)
여럿	[jʌ̹ɾʌ̹t̚]	[jʌ̹ɾʌ̹t̚]	多了一个人 (명사)
여름철	[jʌ̹ɾɯmt͡ɕʰʌ̹ɭ]	[jʌ̹ɾɯmt͡ɕʰʌ̹ɭ]	夏天 (명사)
여섯째	[jʌ̹sʰʌ̹t̚t͡ɕ͈ɛ]	[jʌ̹sʰʌ̹t̚t͡ɕ͈ɛ]	第六个 (수사)
여유	[jʌ̹ju]	[jʌ̹ju]	余地 (명사)
여유롭다	[jʌ̹juɾo̞p̚t͈a̠]	[jʌ̹juɾo̞p̚t͈a̠]	放松 (형용사)
여직원	[jʌ̹d͡ʑiɡwʌ̹n]	[jʌ̹d͡ʑiɡwʌ̹n]	女员工 (명사)
여쭈다	[ˈjɘ(ː)t͡ɕ͈uda̠]	[ˈjɘ(ː)t͡ɕ͈uda̠]	卑微的形式 묻다 (동사)
역사적	[jʌ̹ks͈a̠d͡ʑʌ̹k̚]	[jʌ̹ks͈a̠d͡ʑʌ̹k̚]	历史 (명사)
역할	[jʌ̹kʰa̠ɭ]	[jʌ̹kʰa̠ɭ]	角色或部分 (명사)
엮다	[jʌ̹k̚t͈a̠]	[jʌ̹k̚t͈a̠]	编织 (동사)
연결되다	[jʌ̹nɡjʌ̹ɭdwe̞da̠]	[jʌ̹nɡjʌ̹ɭdwe̞da̠]	在这里 您可以 (동사)
연구소	[jʌ̹nɡusʰo̞]	[jʌ̹nɡusʰo̞]	研究所 (명사)
연구실	[jʌ̹nɡuɕʰiɭ]	[jʌ̹nɡuɕʰiɭ]	实验室 (명사)
연기자	[ˈjɘ(ː)nɡid͡ʑa̠]	[ˈjɘ(ː)nɡid͡ʑa̠]	演员 (명사)
연두색	[jʌ̹ndusʰɛk̚]	[jʌ̹ndusʰɛk̚]	黄绿色 (명사)
연못	[jʌ̹nmo̞t̚]	[jʌ̹nmo̞t̚]	池塘 (명사)
열중	[jʌ̹ʎt͡ɕ͈uŋ]	[jʌ̹ʎt͡ɕ͈uŋ]	积极性 (명사)
열째	[jʌ̹ʎt͡ɕ͈ɛ]	[jʌ̹ʎt͡ɕ͈ɛ]	第十个 (수사)
엿보다	[ˈjɘ(ː)t̚p͈o̞da̠]	[ˈjɘ(ː)t̚p͈o̞da̠]	窥视 (동사)
영양제	[jʌ̹ŋja̠ŋd͡ʑe̞]	[jʌ̹ŋja̠ŋd͡ʑe̞]	营养补充剂 (명사)
영업	[jʌ̹ŋʌ̹p̚]	[jʌ̹ŋʌ̹p̚]	企业 (명사)
영웅	[jʌ̹ŋuŋ]	[jʌ̹ŋuŋ]	英雄 (명사)
영원하다	[ˈjɘ(ː)ŋwʌ̹nɦa̠da̠]	[ˈjɘ(ː)ŋwʌ̹nɦa̠da̠]	永恒 (형용사)
영향력	[ˈjɘ(ː)ŋʝa̠ŋɲʌ̹k̚]	[ˈjɘ(ː)ŋʝa̠ŋɲʌ̹k̚]	影响 (명사)
옆방	[jʌ̹p̚p͈a̠ŋ]	[jʌ̹p̚p͈a̠ŋ]	下个房间 (명사)
예보	[ˈje̞(ː)bo̞]	[ˈje̞(ː)bo̞]	预测 (명사)
예외	[ˈje̞(ː)we̞]	[ˈje̞(ː)we̞]	反对；抗辩；除外条件 (명사)
예절	[je̞d͡ʑʌ̹ɭ]	[je̞d͡ʑʌ̹ɭ]	优待 (명사)
예측	[ˈje̞(ː)t͡ɕʰɯk̚]	[ˈje̞(ː)t͡ɕʰɯk̚]	预测 (명사)
예컨대	[ˈje̞(ː)kʰʌ̹ndɛ]	[ˈje̞(ː)kʰʌ̹ndɛ]	和固体壁面之间的传质为例 (부사)
옛날이야기	[ˈje̞(ː)nna̠ʎʎija̠ɡi]	[ˈje̞(ː)nna̠ʎʎija̠ɡi]	一个古老的故事 (명사)
오가다	[o̞ɡa̠da̠]	[o̞ɡa̠da̠]	来来去去 (동사)
오늘날	[o̞nɯɭɭa̠ɭ]	[o̞nɯɭɭa̠ɭ]	这些日子 (명사)
오락실	[ˈo̞(ː)ɾa̠kɕ͈iɭ]	[ˈo̞(ː)ɾa̠kɕ͈iɭ]	游戏中心 (명사)
오래전	[o̞ɾɛd͡ʑʌ̹n]	[o̞ɾɛd͡ʑʌ̹n]	早 (명사)
오랜	[o̞ɾɛn]	[o̞ɾɛn]	长期 (관형사)
오로지	[ˈo̞(ː)ɾo̞d͡ʑi]	[ˈo̞(ː)ɾo̞d͡ʑi]	只要 (부사)
오르내리다	[o̞ɾɯnɛɾida̠]	[o̞ɾɯnɛɾida̠]	上下便捷 (동사)
오른발	[o̞ɾɯnba̠ɭ]	[o̞ɾɯnba̠ɭ]	右脚 (명사)
오히려	[o̞ʝiɾjʌ̹]	[o̞ʝiɾjʌ̹]	相当地；有点（用作状语） (부사)
옥수수	[o̞ks͈usʰu]	[o̞ks͈usʰu]	玉米 (명사)
온갖	[ˈo̞(ː)nɡa̠t̚]	[ˈo̞(ː)nɡa̠t̚]	所有 (관형사)
온라인	[o̞nna̠in]	[o̞nna̠in]	在线 (명사)
온몸	[ˈo̞(ː)nmo̞m]	[ˈo̞(ː)nmo̞m]	周身 (명사)
온종일	[ˈo̞(ː)ɲd͡ʑo̞ŋiɭ]	[ˈo̞(ː)ɲd͡ʑo̞ŋiɭ]	全天 (명사)
온통	[ˈo̞(ː)ntʰo̞ŋ]	[ˈo̞(ː)ntʰo̞ŋ]	所有 (명사)
올라서다	[o̞ɭɭa̠sʰʌ̹da̠]	[o̞ɭɭa̠sʰʌ̹da̠]	站在高处 (동사)
올려놓다	[o̞ʎʎʌ̹no̞tʰa̠]	[o̞ʎʎʌ̹no̞tʰa̠]	穿上 (동사)
올바르다	[o̞ɭba̠ɾɯda̠]	[o̞ɭba̠ɾɯda̠]	要合适 (형용사)
올여름	[o̞ʎʎʌ̹ɾɯm]	[o̞ʎʎʌ̹ɾɯm]	今年夏天 (명사)
옮기다	[o̞mɡida̠]	[o̞mɡida̠]	移动 (동사)
와인	[wa̠in]	[wa̠in]	酒 (명사)
완벽하다	[wa̠nbjʌ̹kʰa̠da̠]	[wa̠nbjʌ̹kʰa̠da̠]	完美 (형용사)
왕복	[ˈwa̠(ː)ŋbo̞k̚]	[ˈwa̠(ː)ŋbo̞k̚]	来回行程 (명사)
왠지	[wɛɲd͡ʑi]	[wɛɲd͡ʑi]	不知怎的， (부사)
외교관	[ˈwe̞(ː)ɡjoɡwa̠n]	[ˈwe̞(ː)ɡjoɡwa̠n]	外交家 ,外交官 (명사)
외삼촌	[ˈwe̞(ː)sʰa̠mt͡ɕʰo̞n]	[ˈwe̞(ː)sʰa̠mt͡ɕʰo̞n]	舅父 (명사)
외숙모	[we̞sʰuŋmo̞]	[we̞sʰuŋmo̞]	舅母的妻子 (명사)
외아들	[we̞a̠dɯɭ]	[we̞a̠dɯɭ]	独生子 (명사)
외출하다	[ˈwe̞(ː)t͡ɕʰuɾɦa̠da̠]	[ˈwe̞(ː)t͡ɕʰuɾɦa̠da̠]	出门 (동사)
외할머니	[we̞ɦa̠ɭmʌ̹ni]	[we̞ɦa̠ɭmʌ̹ni]	姥姥 ,外祖母,外祖母 (명사)
외할아버지	[we̞ɦa̠ɾa̠bʌ̹d͡ʑi]	[we̞ɦa̠ɾa̠bʌ̹d͡ʑi]	姥爷 ,外祖父,外祖父 (명사)
왼발	[ˈwe̞(ː)nba̠ɭ]	[ˈwe̞(ː)nba̠ɭ]	左脚 (명사)
요구르트	[joɡuɾɯtʰɯ]	[joɡuɾɯtʰɯ]	酸奶 (명사)
요구하다	[joɡuɦa̠da̠]	[joɡuɦa̠da̠]	按需 (동사)
요즈음	[jod͡ʑɯɯm]	[jod͡ʑɯɯm]	今天 (명사)
요청	[jot͡ɕʰʌ̹ŋ]	[jot͡ɕʰʌ̹ŋ]	请求 (명사)
욕망	[joŋma̠ŋ]	[joŋma̠ŋ]	渴望 (명사)
욕실	[jokɕ͈iɭ]	[jokɕ͈iɭ]	浴室水槽 (명사)
욕심	[jokɕ͈im]	[jokɕ͈im]	贪婪 (명사)
용감하다	[ˈjo(ː)ŋɡa̠mɦa̠da̠]	[ˈjo(ː)ŋɡa̠mɦa̠da̠]	勇敢 (형용사)
우리말	[uɾima̠ɭ]	[uɾima̠ɭ]	朝鲜语 (명사)
우습다	[ˈu(ː)sʰɯp̚t͈a̠]	[ˈu(ː)sʰɯp̚t͈a̠]	有趣 (형용사)
우승하다	[usʰɯŋɦa̠da̠]	[usʰɯŋɦa̠da̠]	成为赢家 (동사)
우아하다	[ua̠ɦa̠da̠]	[ua̠ɦa̠da̠]	优雅 (형용사)
우연히	[ujʌ̹nʝi]	[ujʌ̹nʝi]	机缘巧合下 (부사)
우울	[uuɭ]	[uuɭ]	惆怅 (명사)
우체통	[ut͡ɕʰe̞tʰo̞ŋ]	[ut͡ɕʰe̞tʰo̞ŋ]	信箱 (명사)
우회전	[ˈu(ː)βwe̞d͡ʑʌ̹n]	[ˈu(ː)βwe̞d͡ʑʌ̹n]	右转 (명사)
운동량	[ˈu(ː)ndo̞ŋɲa̠ŋ]	[ˈu(ː)ndo̞ŋɲa̠ŋ]	动量PropertyName (명사)
운동선수	[undo̞ŋsʰʌ̹nsʰu]	[undo̞ŋsʰʌ̹nsʰu]	运动员 (명사)
운전자	[ˈu(ː)ɲd͡ʑʌ̹ɲd͡ʑa̠]	[ˈu(ː)ɲd͡ʑʌ̹ɲd͡ʑa̠]	驾驶员 (명사)
울산	[uɭs͈a̠n]	[uɭs͈a̠n]	蔚山 (고유명사)
울음소리	[uɾɯms͈o̞ɾi]	[uɾɯms͈o̞ɾi]	哭 (명사)
움직임	[umd͡ʑiɡim]	[umd͡ʑiɡim]	移动 (명사)
웃기다	[ut̚k͈ida̠]	[ut̚k͈ida̠]	好玩 (동사)
웃어른	[udʌ̹ɾɯn]	[udʌ̹ɾɯn]	资深 (명사)
웃음소리	[usʰɯms͈o̞ɾi]	[usʰɯms͈o̞ɾi]	欢笑 (명사)
워낙	[wʌ̹na̠k̚]	[wʌ̹na̠k̚]	所以 (부사)
원만하다	[wʌ̹nma̠nɦa̠da̠]	[wʌ̹nma̠nɦa̠da̠]	轻度 (형용사)
원칙	[wʌ̹ɲt͡ɕʰik̚]	[wʌ̹ɲt͡ɕʰik̚]	原则 (명사)
월말	[wʌ̹ɭma̠ɭ]	[wʌ̹ɭma̠ɭ]	月底 (명사)
웨이터	[we̞itʰʌ̹]	[we̞itʰʌ̹]	小二 (명사)
웬만하다	[we̞nma̠nɦa̠da̠]	[we̞nma̠nɦa̠da̠]	可以接受 (형용사)
웬일	[ˈwe̞(ː)nniɭ]	[ˈwe̞(ː)nniɭ]	什么事情 (명사)
위아래	[ɥia̠ɾɛ]	[ɥia̠ɾɛ]	上一点一拉 (명사)
위원회	[ɥiwʌ̹nβwe̞]	[ɥiwʌ̹nβwe̞]	委员会 (명사)
위층	[ɥit͡ɕʰɯŋ]	[ɥit͡ɕʰɯŋ]	楼上 (명사)
위치하다	[ɥit͡ɕʰiɦa̠da̠]	[ɥit͡ɕʰiɦa̠da̠]	待定位 (동사)
위협	[ɥiʝʌ̹p̚]	[ɥiʝʌ̹p̚]	威胁 (명사)
윗사람	[ɥiss͈a̠ɾa̠m]	[ɥiss͈a̠ɾa̠m]	一个人的前辈 (명사)
유난히	[ˈju(ː)na̠nʝi]	[ˈju(ː)na̠nʝi]	太特玛 (부사)
유람선	[juɾa̠msʰʌ̹n]	[juɾa̠msʰʌ̹n]	邮轮 (명사)
유럽	[juɾʌ̹p̚]	[juɾʌ̹p̚]	欧洲 (고유명사)
유머	[jumʌ̹]	[jumʌ̹]	幽默/幽默 (명사)
유적지	[jud͡ʑʌ̹k̚t͡ɕ͈i]	[jud͡ʑʌ̹k̚t͡ɕ͈i]	历史遗迹 (명사)
유창하다	[jut͡ɕʰa̠ŋɦa̠da̠]	[jut͡ɕʰa̠ŋɦa̠da̠]	要流利 (형용사)
유쾌	[jukʰwɛ]	[jukʰwɛ]	愉快 (명사)
육체적	[juk̚t͡ɕʰe̞d͡ʑʌ̹k̚]	[juk̚t͡ɕʰe̞d͡ʑʌ̹k̚]	身体 (명사)
음반	[ɯmba̠n]	[ɯmba̠n]	记录 (명사)
음식물	[ɯmɕʰiŋmuɭ]	[ɯmɕʰiŋmuɭ]	食品和饮料 (名词)
음악회	[ɯma̠kʰwe̞]	[ɯma̠kʰwe̞]	音乐会 (명사)
음주	[ˈɯ(ː)md͡ʑu]	[ˈɯ(ː)md͡ʑu]	饮酒 (명사)
응답	[ˈɯ(ː)ŋda̠p̚]	[ˈɯ(ː)ŋda̠p̚]	个答案 (명사)
의논	[ɰino̞n]	[ɰino̞n]	讨论 (명사)
의류	[ɰiɾju]	[ɰiɾju]	衣服 (명사)
의심하다	[ɰiɕʰimɦa̠da̠]	[ɰiɕʰimɦa̠da̠]	质疑 (동사)
의외	[ɰiwe̞]	[ɰiwe̞]	出乎意料 (명사)
의욕	[ˈɰi(ː)jok̚]	[ˈɰi(ː)jok̚]	将 (명사)
의존	[ɰid͡ʑo̞n]	[ɰid͡ʑo̞n]	未决 (명사)
이기적	[ˈi(ː)ɡid͡ʑʌ̹k̚]	[ˈi(ː)ɡid͡ʑʌ̹k̚]	有私心的 (명사)
이끌다	[ik͈ɯɭda̠]	[ik͈ɯɭda̠]	拉 (동사)
이념	[ˈi(ː)ɲʌ̹m]	[ˈi(ː)ɲʌ̹m]	智力地位背后的意识形态或原则。 (명사)
이대로	[idɛɾo̞]	[idɛɾo̞]	原样 (부사)
이러다	[iɾʌ̹da̠]	[iɾʌ̹da̠]	为了做到这一点 (동사)
이러하다	[iɾʌ̹ɦa̠da̠]	[iɾʌ̹ɦa̠da̠]	形式 이렇다 (형용사)
이런저런	[iɾʌ̹ɲd͡ʑʌ̹ɾʌ̹n]	[iɾʌ̹ɲd͡ʑʌ̹ɾʌ̹n]	这个和那个 (관형사)
이렇게	[iɾʌ̹kʰe̞]	[iɾʌ̹kʰe̞]	喜欢这个 (부사)
이루어지다	[iɾuʌ̹d͡ʑida̠]	[iɾuʌ̹d͡ʑida̠]	有待实现 (동사)
이룩하다	[iɾukʰa̠da̠]	[iɾukʰa̠da̠]	以实现 (동사)
이뤄지다	[iɾwʌ̹d͡ʑida̠]	[iɾwʌ̹d͡ʑida̠]	替代形式的 이루어지다 (동사)
이른바	[iɾɯnba̠]	[iɾɯnba̠]	正所谓 (부사)
이만큼	[ima̠nkxɯm]	[ima̠nkxɯm]	这么多 (부사)
이메일	[ime̞iɭ]	[ime̞iɭ]	电邮 (명사)
이미지	[imid͡ʑi]	[imid͡ʑi]	公共形象 (명사)
이발소	[ˈi(ː)ba̠ɭs͈o̞]	[ˈi(ː)ba̠ɭs͈o̞]	理发店 (명사)
이별	[ˈi(ː)bjʌ̹ɭ]	[ˈi(ː)bjʌ̹ɭ]	告别 (명사)
이빨	[ip͈a̠ɭ]	[ip͈a̠ɭ]	牙 (명사)
이상하다	[ˈi(ː)sʰa̠ŋɦa̠da̠]	[ˈi(ː)sʰa̠ŋɦa̠da̠]	很奇怪 (형용사)
이어지다	[iʌ̹d͡ʑida̠]	[iʌ̹d͡ʑida̠]	继续 (동사)
이용되다	[ˈi(ː)joŋdwe̞da̠]	[ˈi(ː)joŋdwe̞da̠]	待用 (동사)
이용자	[ˈi(ː)joŋd͡ʑa̠]	[ˈi(ː)joŋd͡ʑa̠]	users用户 (명사)
이웃집	[iut̚t͡ɕ͈ip̚]	[iut̚t͡ɕ͈ip̚]	邻居家 (명사)
이윽고	[iɯk̚k͈o̞]	[iɯk̚k͈o̞]	最后 (부사)
이튿날	[itʰɯnna̠ɭ]	[itʰɯnna̠ɭ]	明天 (명사)
이해관계	[ˈi(ː)ɦɛɡwa̠nɡje̞]	[ˈi(ː)ɦɛɡwa̠nɡje̞]	兴趣 (명사)
이혼하다	[ˈi(ː)βo̞nɦa̠da̠]	[ˈi(ː)βo̞nɦa̠da̠]	离婚 (동사)
익숙해지다	[iks͈ukʰɛd͡ʑida̠]	[iks͈ukʰɛd͡ʑida̠]	习惯 (동사)
인간성	[inɡa̠nsʰʌ̹ŋ]	[inɡa̠nsʰʌ̹ŋ]	人文 (명사)
인간적	[inɡa̠ɲd͡ʑʌ̹k̚]	[inɡa̠ɲd͡ʑʌ̹k̚]	人道 (관형사)
인격	[ink͈jʌ̹k̚]	[ink͈jʌ̹k̚]	个性 (명사)
인물	[inmuɭ]	[inmuɭ]	一个人的体形 (명사)
인삼차	[insʰa̠mt͡ɕʰa̠]	[insʰa̠mt͡ɕʰa̠]	人参茶 (명사)
인상적	[insʰa̠ŋd͡ʑʌ̹k̚]	[insʰa̠ŋd͡ʑʌ̹k̚]	难以忘怀的 (명사)
인쇄	[insʰwɛ]	[insʰwɛ]	打印" executing object "ac (명사)
인스턴트	[insʰɯtʰʌ̹ntʰɯ]	[insʰɯtʰʌ̹ntʰɯ]	瞬间 (명사)
인식	[inɕʰik̚]	[inɕʰik̚]	认识 (명사)
인원	[inwʌ̹n]	[inwʌ̹n]	员工 (명사)
인체	[iɲt͡ɕʰe̞]	[iɲt͡ɕʰe̞]	危害 (명사)
일곱째	[iɭɡo̞p̚t͡ɕ͈ɛ]	[iɭɡo̞p̚t͡ɕ͈ɛ]	第七个 (수사)
일등	[iɭt͈ɯŋ]	[iɭt͈ɯŋ]	第一位 (명사)
일반인	[iɭba̠nin]	[iɭba̠nin]	平民 (명사)
일반적	[iɭba̠ɲd͡ʑʌ̹k̚]	[iɭba̠ɲd͡ʑʌ̹k̚]	常规 (관형사)
일본어	[iɭbo̞nʌ̹]	[iɭbo̞nʌ̹]	日语 (고유명사)
일본인	[iɭbo̞nin]	[iɭbo̞nin]	日语 (명사)
일부러	[ˈi(ː)ɭbuɾʌ̹]	[ˈi(ː)ɭbuɾʌ̹]	蓄意损害 ,有意,故意 (부사)
일상생활	[iɭs͈a̠ŋsʰɛŋβwa̠ɭ]	[iɭs͈a̠ŋsʰɛŋβwa̠ɭ]	日常生活 (명사)
일시불	[iɭɕʰibuɭ]	[iɭɕʰibuɭ]	总数 ,总额 (명사)
일시적	[iɭɕʰid͡ʑʌ̹k̚]	[iɭɕʰid͡ʑʌ̹k̚]	临时 (명사)
일쑤	[iɭs͈u]	[iɭs͈u]	常见/习惯性事物 (명사)
일어	[iɾʌ̹]	[iɾʌ̹]	日本语 (명사)
일으키다	[iɾɯcçida̠]	[iɾɯcçida̠]	唤醒 (동사)
일자리	[ˈi(ː)ʎt͡ɕ͈a̠ɾi]	[ˈi(ː)ʎt͡ɕ͈a̠ɾi]	作业 (명사)
일찍이	[iʎt͡ɕ͈iɡi]	[iʎt͡ɕ͈iɡi]	早 (부사)
입맛	[imma̠t̚]	[imma̠t̚]	味道 (명사)
입학하다	[ipʰa̠kʰa̠da̠]	[ipʰa̠kʰa̠da̠]	进入学校 (동사)
입히다	[ipʰida̠]	[ipʰida̠]	穿衣服 (동사)
잇따르다	[ˈi(ː)t̚t͈a̠ɾɯda̠]	[ˈi(ː)t̚t͈a̠ɾɯda̠]	用户关注 (동사)
잊히다	[it͡ɕʰida̠]	[it͡ɕʰida̠]	被遗忘 (동사)
자가용	[t͡ɕa̠ɡa̠joŋ]	[t͡ɕa̠ɡa̠joŋ]	车辆 (명사)
자꾸만	[t͡ɕa̠k͈uma̠n]	[t͡ɕa̠k͈uma̠n]	替代形式的 자꾸 (부사)
자라나다	[t͡ɕa̠ɾa̠na̠da̠]	[t͡ɕa̠ɾa̠na̠da̠]	长大 (동사)
자부심	[t͡ɕa̠buɕʰim]	[t͡ɕa̠buɕʰim]	自信 (명사)
자신감	[t͡ɕa̠ɕʰinɡa̠m]	[t͡ɕa̠ɕʰinɡa̠m]	自信 (명사)
자연스럽다	[t͡ɕa̠jʌ̹nsʰɯɾʌ̹p̚t͈a̠]	[t͡ɕa̠jʌ̹nsʰɯɾʌ̹p̚t͈a̠]	天然 (형용사)
자연환경	[t͡ɕa̠jʌ̹nβwa̠nɡjʌ̹ŋ]	[t͡ɕa̠jʌ̹nβwa̠nɡjʌ̹ŋ]	自然环境 (명사)
자연히	[t͡ɕa̠jʌ̹nʝi]	[t͡ɕa̠jʌ̹nʝi]	自然而然 (부사)
자유롭다	[t͡ɕa̠juɾo̞p̚t͈a̠]	[t͡ɕa̠juɾo̞p̚t͈a̠]	免费 (형용사)
자존심	[t͡ɕa̠d͡ʑo̞nɕʰim]	[t͡ɕa̠d͡ʑo̞nɕʰim]	自爱 (명사)
자주색	[t͡ɕa̠d͡ʑusʰɛk̚]	[t͡ɕa̠d͡ʑusʰɛk̚]	蓝紫色 (명사)
작아지다	[t͡ɕa̠ɡa̠d͡ʑida̠]	[t͡ɕa̠ɡa̠d͡ʑida̠]	变小 (동사)
작은아버지	[t͡ɕa̠ɡɯna̠bʌ̹d͡ʑi]	[t͡ɕa̠ɡɯna̠bʌ̹d͡ʑi]	叔伯 (명사)
잔디밭	[t͡ɕa̠ndiba̠t̚]	[t͡ɕa̠ndiba̠t̚]	草坪 (명사)
잔뜩	[t͡ɕa̠nt͈ɯk̚]	[t͡ɕa̠nt͈ɯk̚]	非常 (부사)
잔소리	[t͡ɕa̠nsʰo̞ɾi]	[t͡ɕa̠nsʰo̞ɾi]	碎碎念 (명사)
잔액	[t͡ɕa̠nɛk̚]	[t͡ɕa̠nɛk̚]	余额 (명사)
잘나다	[t͡ɕa̠ɭɭa̠da̠]	[t͡ɕa̠ɭɭa̠da̠]	有一张漂亮的脸蛋 (형용사)
잘살다	[t͡ɕa̠ɭsʰa̠ɭda̠]	[t͡ɕa̠ɭsʰa̠ɭda̠]	在财富中生活 (동사)
잠들다	[t͡ɕa̠mdɯɭda̠]	[t͡ɕa̠mdɯɭda̠]	睡觉 (동사)
잡아당기다	[t͡ɕa̠ba̠da̠ŋɡida̠]	[t͡ɕa̠ba̠da̠ŋɡida̠]	拉 (동사)
잡아먹다	[t͡ɕa̠ba̠mʌ̹k̚t͈a̠]	[t͡ɕa̠ba̠mʌ̹k̚t͈a̠]	屠宰和食用 (동사)
장난	[t͡ɕa̠ŋna̠n]	[t͡ɕa̠ŋna̠n]	不和 ,制定法中的含糊不清 ;n.伤害 ,危害 (명사)
장래	[t͡ɕa̠ŋnɛ]	[t͡ɕa̠ŋnɛ]	未来 (명사)
장르	[t͡ɕa̠ŋnɯ]	[t͡ɕa̠ŋnɯ]	类型 (명사)
장애인	[t͡ɕa̠ŋɛin]	[t͡ɕa̠ŋɛin]	残废 ,残疾人 (명사)
재능	[t͡ɕɛnɯŋ]	[t͡ɕɛnɯŋ]	他连得 (명사)
재떨이	[t͡ɕɛt͈ʌ̹ɾi]	[t͡ɕɛt͈ʌ̹ɾi]	烟灰缸 (명사)
재빨리	[t͡ɕɛp͈a̠ʎʎi]	[t͡ɕɛp͈a̠ʎʎi]	快速 (부사)
재산	[t͡ɕɛsʰa̠n]	[t͡ɕɛsʰa̠n]	公共或私人财产 (명사)
재작년	[ˈt͡ɕɛ(ː)d͡ʑa̠ŋɲʌ̹n]	[ˈt͡ɕɛ(ː)d͡ʑa̠ŋɲʌ̹n]	前年 (명사)
쟤	[t͡ɕɛ]	[t͡ɕɛ]	“那小儿！ (대명사)
저러다	[t͡ɕʌ̹ɾʌ̹da̠]	[t͡ɕʌ̹ɾʌ̹da̠]	缩写为 저리하다 (동사)
저렇게	[t͡ɕʌ̹ɾʌ̹kʰe̞]	[t͡ɕʌ̹ɾʌ̹kʰe̞]	这样子 (부사)
저마다	[t͡ɕʌ̹ma̠da̠]	[t͡ɕʌ̹ma̠da̠]	个 (부사)
저만큼	[t͡ɕʌ̹ma̠nkxɯm]	[t͡ɕʌ̹ma̠nkxɯm]	那么多 (부사)
저절로	[t͡ɕʌ̹d͡ʑʌ̹ɭɭo̞]	[t͡ɕʌ̹d͡ʑʌ̹ɭɭo̞]	本身 (부사)
저지르다	[t͡ɕʌ̹d͡ʑiɾɯda̠]	[t͡ɕʌ̹d͡ʑiɾɯda̠]	承诺 (동사)
적극	[t͡ɕʌ̹k̚k͈ɯk̚]	[t͡ɕʌ̹k̚k͈ɯk̚]	动态 (명사)
적극적	[t͡ɕʌ̹k̚k͈ɯk̚t͡ɕ͈ʌ̹k̚]	[t͡ɕʌ̹k̚k͈ɯk̚t͡ɕ͈ʌ̹k̚]	积极 (관형사)
적당히	[t͡ɕʌ̹k̚t͈a̠ŋʝi]	[t͡ɕʌ̹k̚t͈a̠ŋʝi]	比较有吸引力 (부사)
적어도	[ˈt͡ɕɘ(ː)ɡʌ̹do̞]	[ˈt͡ɕɘ(ː)ɡʌ̹do̞]	至少选择一个项目 (부사)
적용	[t͡ɕʌ̹ɡjoŋ]	[t͡ɕʌ̹ɡjoŋ]	应用程序 (명사)
적용하다	[t͡ɕʌ̹ɡjoŋɦa̠da̠]	[t͡ɕʌ̹ɡjoŋɦa̠da̠]	如何申请 (동사)
적절하다	[t͡ɕʌ̹k̚t͡ɕ͈ʌ̹ɾɦa̠da̠]	[t͡ɕʌ̹k̚t͡ɕ͈ʌ̹ɾɦa̠da̠]	适合 (형용사)
적히다	[t͡ɕʌ̹cçida̠]	[t͡ɕʌ̹cçida̠]	待写入 (동사)
전국적	[t͡ɕʌ̹nɡuk̚t͡ɕ͈ʌ̹k̚]	[t͡ɕʌ̹nɡuk̚t͡ɕ͈ʌ̹k̚]	在全国范围内 (명사)
전기밥솥	[ˈt͡ɕɘ(ː)nɡiba̠ps͈o̞t̚]	[ˈt͡ɕɘ(ː)nɡiba̠ps͈o̞t̚]	电饭煲 (명사)
전날	[t͡ɕʌ̹nna̠ɭ]	[t͡ɕʌ̹nna̠ɭ]	前一天 (명사)
전라도	[t͡ɕʌ̹ɭɭa̠do̞]	[t͡ɕʌ̹ɭɭa̠do̞]	全罗道 (고유명사)
전문점	[t͡ɕʌ̹nmuɲd͡ʑʌ̹m]	[t͡ɕʌ̹nmuɲd͡ʑʌ̹m]	专卖店 (명사)
전시회	[ˈt͡ɕɘ(ː)nɕʰiβwe̞]	[ˈt͡ɕɘ(ː)nɕʰiβwe̞]	展览 ,奖学金 ,展览会 (명사)
전자사전	[ˈt͡ɕɘ(ː)ɲd͡ʑa̠sʰa̠d͡ʑʌ̹n]	[ˈt͡ɕɘ(ː)ɲd͡ʑa̠sʰa̠d͡ʑʌ̹n]	电子词典 (명사)
전체적	[t͡ɕʌ̹ɲt͡ɕʰe̞d͡ʑʌ̹k̚]	[t͡ɕʌ̹ɲt͡ɕʰe̞d͡ʑʌ̹k̚]	总体 (명사)
전통적	[t͡ɕʌ̹ntʰo̞ŋd͡ʑʌ̹k̚]	[t͡ɕʌ̹ntʰo̞ŋd͡ʑʌ̹k̚]	传统 (명사)
전해지다	[t͡ɕʌ̹nɦɛd͡ʑida̠]	[t͡ɕʌ̹nɦɛd͡ʑida̠]	被告知 (동사)
절대로	[t͡ɕʌ̹ɭt͈ɛɾo̞]	[t͡ɕʌ̹ɭt͈ɛɾo̞]	当然是 (부사)
절대적	[t͡ɕʌ̹ɭt͈ɛd͡ʑʌ̹k̚]	[t͡ɕʌ̹ɭt͈ɛd͡ʑʌ̹k̚]	无条件 (명사)
절반	[t͡ɕʌ̹ɭba̠n]	[t͡ɕʌ̹ɭba̠n]	半场 (명사)
절약	[t͡ɕʌ̹ɾja̠k̚]	[t͡ɕʌ̹ɾja̠k̚]	俭 (명사)
절약하다	[t͡ɕʌ̹ɾja̠kʰa̠da̠]	[t͡ɕʌ̹ɾja̠kʰa̠da̠]	节省 (동사)
젊은이	[t͡ɕʌ̹ɭmɯni]	[t͡ɕʌ̹ɭmɯni]	我的青春是你的 (명사)
젊음	[ˈt͡ɕɘ(ː)ɭmɯm]	[ˈt͡ɕɘ(ː)ɭmɯm]	我的青春是你的 (명사)
점검	[t͡ɕʌ̹mɡʌ̹m]	[t͡ɕʌ̹mɡʌ̹m]	未登记入住 (명사)
점잖다	[ˈt͡ɕɘ(ː)md͡ʑa̠ntʰa̠]	[ˈt͡ɕɘ(ː)md͡ʑa̠ntʰa̠]	品行端正 (형용사)
점퍼	[t͡ɕʌ̹mpʰʌ̹]	[t͡ɕʌ̹mpʰʌ̹]	替代形式的 잠바 (명사)
접근	[t͡ɕʌ̹p̚k͈ɯn]	[t͡ɕʌ̹p̚k͈ɯn]	位 (명사)
접속	[t͡ɕʌ̹ps͈o̞k̚]	[t͡ɕʌ̹ps͈o̞k̚]	关联 (명사)
접촉	[t͡ɕʌ̹p̚t͡ɕʰo̞k̚]	[t͡ɕʌ̹p̚t͡ɕʰo̞k̚]	欢迎联系我们 (명사)
정답	[ˈt͡ɕɘ(ː)ŋda̠p̚]	[ˈt͡ɕɘ(ː)ŋda̠p̚]	正确答案 (명사)
정리하다	[ˈt͡ɕɘ(ː)ŋniɦa̠da̠]	[ˈt͡ɕɘ(ː)ŋniɦa̠da̠]	矫正 (동사)
정말로	[ˈt͡ɕɘ(ː)ŋma̠ɭɭo̞]	[ˈt͡ɕɘ(ː)ŋma̠ɭɭo̞]	真 (부사)
정보화	[t͡ɕʌ̹ŋbo̞βwa̠]	[t͡ɕʌ̹ŋbo̞βwa̠]	计算机化,电脑化 (명사)
정상적	[ˈt͡ɕɘ(ː)ŋsʰa̠ŋd͡ʑʌ̹k̚]	[ˈt͡ɕɘ(ː)ŋsʰa̠ŋd͡ʑʌ̹k̚]	常规 (명사)
정신적	[t͡ɕʌ̹ŋɕʰiɲd͡ʑʌ̹k̚]	[t͡ɕʌ̹ŋɕʰiɲd͡ʑʌ̹k̚]	心理 (명사)
정육점	[t͡ɕʌ̹ŋjuk̚t͡ɕ͈ʌ̹m]	[t͡ɕʌ̹ŋjuk̚t͡ɕ͈ʌ̹m]	肉店 (명사)
정착	[ˈt͡ɕɘ(ː)ŋt͡ɕʰa̠k̚]	[ˈt͡ɕɘ(ː)ŋt͡ɕʰa̠k̚]	解决 (명사)
정치인	[t͡ɕʌ̹ŋt͡ɕʰiin]	[t͡ɕʌ̹ŋt͡ɕʰiin]	政治家 (명사)
정치적	[t͡ɕʌ̹ŋt͡ɕʰid͡ʑʌ̹k̚]	[t͡ɕʌ̹ŋt͡ɕʰid͡ʑʌ̹k̚]	政治 (명사)
정해지다	[ˈt͡ɕɘ(ː)ŋɦɛd͡ʑida̠]	[ˈt͡ɕɘ(ː)ŋɦɛd͡ʑida̠]	待定 (동사)
젖	[t͡ɕʌ̹t̚]	[t͡ɕʌ̹t̚]	胸部 (명사)
제과점	[ˈt͡ɕe̞(ː)ɡwa̠d͡ʑʌ̹m]	[ˈt͡ɕe̞(ː)ɡwa̠d͡ʑʌ̹m]	面包店 (명사)
제대로	[t͡ɕe̞dɛɾo̞]	[t͡ɕe̞dɛɾo̞]	好好 (부사)
제때	[t͡ɕe̞t͈ɛ]	[t͡ɕe̞t͈ɛ]	合适的时间 (명사)
조그맣다	[t͡ɕo̞ɡɯma̠tʰa̠]	[t͡ɕo̞ɡɯma̠tʰa̠]	要小 (형용사)
조깅	[t͡ɕo̞ɡiŋ]	[t͡ɕo̞ɡiŋ]	慢跑 (명사)
조미료	[t͡ɕo̞miɾjo]	[t͡ɕo̞miɾjo]	作料 (명사)
조심스럽다	[ˈt͡ɕo̞(ː)ɕʰimsʰɯɾʌ̹p̚t͈a̠]	[ˈt͡ɕo̞(ː)ɕʰimsʰɯɾʌ̹p̚t͈a̠]	要小心谨慎 (형용사)
존경	[t͡ɕo̞nɡjʌ̹ŋ]	[t͡ɕo̞nɡjʌ̹ŋ]	崇慕 (명사)
존재	[t͡ɕo̞ɲd͡ʑɛ]	[t͡ɕo̞ɲd͡ʑɛ]	存在 (명사)
졸업생	[t͡ɕo̞ɾʌ̹ps͈ɛŋ]	[t͡ɕo̞ɾʌ̹ps͈ɛŋ]	毕业 (명사)
좀처럼	[ˈt͡ɕo̞(ː)mt͡ɕʰʌ̹ɾʌ̹m]	[ˈt͡ɕo̞(ː)mt͡ɕʰʌ̹ɾʌ̹m]	难得 (부사)
종교적	[t͡ɕo̞ŋɡjod͡ʑʌ̹k̚]	[t͡ɕo̞ŋɡjod͡ʑʌ̹k̚]	宗教信仰 (명사)
종아리	[ˈt͡ɕo̞(ː)ŋa̠ɾi]	[ˈt͡ɕo̞(ː)ŋa̠ɾi]	小牛 (명사)
종이컵	[t͡ɕo̞ŋikʰʌ̹p̚]	[t͡ɕo̞ŋikʰʌ̹p̚]	纸杯 (명사)
종합	[t͡ɕo̞ŋɦa̠p̚]	[t͡ɕo̞ŋɦa̠p̚]	整合功能 (명사)
좋아지다	[ˈt͡ɕo̞(ː)a̠d͡ʑida̠]	[ˈt͡ɕo̞(ː)a̠d͡ʑida̠]	改善 (동사)
주고받다	[t͡ɕuɡo̞ba̠t̚t͈a̠]	[t͡ɕuɡo̞ba̠t̚t͈a̠]	可兑换 (동사)
주먹	[t͡ɕumʌ̹k̚]	[t͡ɕumʌ̹k̚]	拳脚 (명사)
주민	[ˈt͡ɕu(ː)min]	[ˈt͡ɕu(ː)min]	某个地方的居民 (명사)
주어지다	[t͡ɕuʌ̹d͡ʑida̠]	[t͡ɕuʌ̹d͡ʑida̠]	【待提供】 (동사)
주인공	[t͡ɕuinɡo̞ŋ]	[t͡ɕuinɡo̞ŋ]	主角 (명사)
주저앉다	[t͡ɕud͡ʑʌ̹a̠nt͈a̠]	[t͡ɕud͡ʑʌ̹a̠nt͈a̠]	无力地坐下 (동사)
주전자	[t͡ɕud͡ʑʌ̹ɲd͡ʑa̠]	[t͡ɕud͡ʑʌ̹ɲd͡ʑa̠]	烧水壶 (명사)
주택	[ˈt͡ɕu(ː)tʰɛk̚]	[ˈt͡ɕu(ː)tʰɛk̚]	居民楼 (명사)
준비물	[t͡ɕunbimuɭ]	[t͡ɕunbimuɭ]	有待准备的项目 (명사)
줄곧	[t͡ɕuɭɡo̞t̚]	[t͡ɕuɭɡo̞t̚]	连续 (부사)
줄어들다	[t͡ɕuɾʌ̹dɯɭda̠]	[t͡ɕuɾʌ̹dɯɭda̠]	减少或减少 (동사)
중고품	[t͡ɕuŋɡo̞pʰum]	[t͡ɕuŋɡo̞pʰum]	二手物品 (명사)
중국어	[t͡ɕuŋɡuɡʌ̹]	[t͡ɕuŋɡuɡʌ̹]	中文；汉语 (名词)
중국인	[t͡ɕuŋɡuɡin]	[t͡ɕuŋɡuɡin]	中文 (명사)
중급	[t͡ɕuŋɡɯp̚]	[t͡ɕuŋɡɯp̚]	中阶 (명사)
중소기업	[t͡ɕuŋsʰo̞ɡiʌ̹p̚]	[t͡ɕuŋsʰo̞ɡiʌ̹p̚]	规模较小的企业 (명사)
중순	[t͡ɕuŋsʰun]	[t͡ɕuŋsʰun]	一个月的中间十天 (명사)
중식	[t͡ɕuŋɕʰik̚]	[t͡ɕuŋɕʰik̚]	中国菜 (명사)
중심지	[t͡ɕuŋɕʰimd͡ʑi]	[t͡ɕuŋɕʰimd͡ʑi]	中央，内核 (명사)
중얼거리다	[t͡ɕuŋʌ̹ɭɡʌ̹ɾida̠]	[t͡ɕuŋʌ̹ɭɡʌ̹ɾida̠]	喃喃自语 (동사)
중요성	[ˈt͡ɕu(ː)ŋjos͈ʌ̹ŋ]	[ˈt͡ɕu(ː)ŋjos͈ʌ̹ŋ]	重要性： (명사)
즉석	[t͡ɕɯks͈ʌ̹k̚]	[t͡ɕɯks͈ʌ̹k̚]	即兴表演 (명사)
즐거움	[t͡ɕɯɭɡʌ̹um]	[t͡ɕɯɭɡʌ̹um]	喜悦 (명사)
증명	[t͡ɕɯŋmjʌ̹ŋ]	[t͡ɕɯŋmjʌ̹ŋ]	证明 (명사)
증명서	[t͡ɕɯŋmjʌ̹ŋsʰʌ̹]	[t͡ɕɯŋmjʌ̹ŋsʰʌ̹]	证书 (명사)
지겹다	[t͡ɕiɡjʌ̹p̚t͈a̠]	[t͡ɕiɡjʌ̹p̚t͈a̠]	无聊 (형용사)
지극히	[t͡ɕiɡɯcçi]	[t͡ɕiɡɯcçi]	异常 (부사)
지나치다	[t͡ɕina̠t͡ɕʰida̠]	[t͡ɕina̠t͡ɕʰida̠]	继续经历一些事情， (동사)
지난날	[t͡ɕina̠nna̠ɭ]	[t͡ɕina̠nna̠ɭ]	过去 (명사)
지능	[t͡ɕinɯŋ]	[t͡ɕinɯŋ]	智能 (명사)
지니다	[t͡ɕinida̠]	[t͡ɕinida̠]	保留或保存 (동사)
지도자	[t͡ɕido̞d͡ʑa̠]	[t͡ɕido̞d͡ʑa̠]	领导者 (명사)
지붕	[t͡ɕibuŋ]	[t͡ɕibuŋ]	屋顶 (명사)
지식인	[t͡ɕiɕʰiɡin]	[t͡ɕiɕʰiɡin]	知性 (명사)
지저분하다	[t͡ɕid͡ʑʌ̹bunɦa̠da̠]	[t͡ɕid͡ʑʌ̹bunɦa̠da̠]	污秽 (형용사)
지켜보다	[t͡ɕicçʌ̹bo̞da̠]	[t͡ɕicçʌ̹bo̞da̠]	观看 (동사)
지퍼	[t͡ɕipʰʌ̹]	[t͡ɕipʰʌ̹]	拉链 (명사)
지폐	[t͡ɕipʰje̞]	[t͡ɕipʰje̞]	帐单 (명사)
지하실	[t͡ɕiɦa̠ɕʰiɭ]	[t͡ɕiɦa̠ɕʰiɭ]	地下室 (명사)
지혜롭다	[t͡ɕiʝe̞ɾo̞p̚t͈a̠]	[t͡ɕiʝe̞ɾo̞p̚t͈a̠]	聪 (cōng) (형용사)
직장인	[t͡ɕik̚t͡ɕ͈a̠ŋin]	[t͡ɕik̚t͡ɕ͈a̠ŋin]	办事员 ,职员 (명사)
직접적	[t͡ɕik̚t͡ɕ͈ʌ̹p̚t͡ɕ͈ʌ̹k̚]	[t͡ɕik̚t͡ɕ͈ʌ̹p̚t͡ɕ͈ʌ̹k̚]	直接或即时 (명사)
직후	[t͡ɕikʰu]	[t͡ɕikʰu]	紧接着某件事 (명사)
진리	[t͡ɕiʎʎi]	[t͡ɕiʎʎi]	为什么无需迷信 PageSpeed分数：%1$s (명사)
진지하다	[t͡ɕiɲd͡ʑiɦa̠da̠]	[t͡ɕiɲd͡ʑiɦa̠da̠]	真诚的 (형용사)
진학	[t͡ɕinɦa̠k̚]	[t͡ɕinɦa̠k̚]	进入学校的下一个层次 (명사)
진행되다	[ˈt͡ɕi(ː)nɦɛŋdwe̞da̠]	[ˈt͡ɕi(ː)nɦɛŋdwe̞da̠]	以取得进展 (동사)
진행자	[ˈt͡ɕi(ː)nɦɛŋd͡ʑa̠]	[ˈt͡ɕi(ː)nɦɛŋd͡ʑa̠]	结婚证明 (명사)
진행하다	[ˈt͡ɕi(ː)nɦɛŋɦa̠da̠]	[ˈt͡ɕi(ː)nɦɛŋɦa̠da̠]	以取得进展 (동사)
짐승	[t͡ɕimsʰɯŋ]	[t͡ɕimsʰɯŋ]	动物 (명사)
짐작	[t͡ɕimd͡ʑa̠k̚]	[t͡ɕimd͡ʑa̠k̚]	猜 (명사)
집단	[t͡ɕip̚t͈a̠n]	[t͡ɕip̚t͈a̠n]	一行人 (명사)
집어넣다	[t͡ɕibʌ̹nʌ̹tʰa̠]	[t͡ɕibʌ̹nʌ̹tʰa̠]	放入 (동사)
짖다	[t͡ɕit̚t͈a̠]	[t͡ɕit̚t͈a̠]	吠叫 (동사)
짠맛	[t͡ɕ͈a̠nma̠t̚]	[t͡ɕ͈a̠nma̠t̚]	味觉 (명사)
쫓기다	[t͡ɕ͈o̞t̚k͈ida̠]	[t͡ɕ͈o̞t̚k͈ida̠]	「受人追捧」 (동사)
쫓다	[t͡ɕ͈o̞t̚t͈a̠]	[t͡ɕ͈o̞t̚t͈a̠]	追逐 (동사)
쫓아가다	[t͡ɕ͈o̞t͡ɕʰa̠ɡa̠da̠]	[t͡ɕ͈o̞t͡ɕʰa̠ɡa̠da̠]	去追 (동사)
쫓아내다	[t͡ɕ͈o̞t͡ɕʰa̠nɛda̠]	[t͡ɕ͈o̞t͡ɕʰa̠nɛda̠]	开车出去 (동사)
쫓아오다	[t͡ɕ͈o̞t͡ɕʰa̠o̞da̠]	[t͡ɕ͈o̞t͡ɕʰa̠o̞da̠]	来追逐 (동사)
쭉	[t͡ɕ͈uk̚]	[t͡ɕ͈uk̚]	以一种确实排成一排的方式 (명사)
찌르다	[t͡ɕ͈iɾɯda̠]	[t͡ɕ͈iɾɯda̠]	到刺痛 (동사)
찌푸리다	[t͡ɕ͈ipʰuɾida̠]	[t͡ɕ͈ipʰuɾida̠]	皱眉 (동사)
찡그리다	[t͡ɕ͈iŋɡɯɾida̠]	[t͡ɕ͈iŋɡɯɾida̠]	扭曲成皱眉 (동사)
찢다	[t͡ɕ͈it̚t͈a̠]	[t͡ɕ͈it̚t͈a̠]	撕裂 (동사)
찢어지다	[t͡ɕ͈id͡ʑʌ̹d͡ʑida̠]	[t͡ɕ͈id͡ʑʌ̹d͡ʑida̠]	被撕开 (동사)
차라리	[t͡ɕʰa̠ɾa̠ɾi]	[t͡ɕʰa̠ɾa̠ɾi]	最好 (부사)
차리다	[t͡ɕʰa̠ɾida̠]	[t͡ɕʰa̠ɾida̠]	准备 (동사)
차림표	[t͡ɕʰa̠ɾimpʰjo]	[t͡ɕʰa̠ɾimpʰjo]	菜单 (명사)
차마	[t͡ɕʰa̠ma̠]	[t͡ɕʰa̠ma̠]	可能站立 (부사)
차별	[t͡ɕʰa̠bjʌ̹ɭ]	[t͡ɕʰa̠bjʌ̹ɭ]	歧视 (명사)
차이	[t͡ɕʰa̠i]	[t͡ɕʰa̠i]	成绩等级 (명사)
차창	[t͡ɕʰa̠t͡ɕʰa̠ŋ]	[t͡ɕʰa̠t͡ɕʰa̠ŋ]	车窗 (명사)
차츰	[t͡ɕʰa̠t͡ɕʰɯm]	[t͡ɕʰa̠t͡ɕʰɯm]	渐渐地 (부사)
참석	[t͡ɕʰa̠msʰʌ̹k̚]	[t͡ɕʰa̠msʰʌ̹k̚]	出勤 (명사)
참석하다	[t͡ɕʰa̠msʰʌ̹kʰa̠da̠]	[t͡ɕʰa̠msʰʌ̹kʰa̠da̠]	参加会议或其他聚会 (동사)
참여	[t͡ɕʰa̠mjʌ̹]	[t͡ɕʰa̠mjʌ̹]	参股 ,参加,共享,加功 (명사)
참으로	[t͡ɕʰa̠mɯɾo̞]	[t͡ɕʰa̠mɯɾo̞]	确实 (부사)
찻잔	[t͡ɕʰa̠t̚t͡ɕ͈a̠n]	[t͡ɕʰa̠t̚t͡ɕ͈a̠n]	茶碗（杯） (명사)
창밖	[t͡ɕʰa̠ŋba̠k̚]	[t͡ɕʰa̠ŋba̠k̚]	窗外 (명사)
창작	[t͡ɕʰa̠ŋd͡ʑa̠k̚]	[t͡ɕʰa̠ŋd͡ʑa̠k̚]	创建 (명사)
찾아내다	[t͡ɕʰa̠d͡ʑa̠nɛda̠]	[t͡ɕʰa̠d͡ʑa̠nɛda̠]	以查找 (동사)
채널	[t͡ɕʰɛnʌ̹ɭ]	[t͡ɕʰɛnʌ̹ɭ]	路 (명사)
책가방	[t͡ɕʰɛk̚k͈a̠ba̠ŋ]	[t͡ɕʰɛk̚k͈a̠ba̠ŋ]	书包 (명사)
책임자	[t͡ɕʰɛɡimd͡ʑa̠]	[t͡ɕʰɛɡimd͡ʑa̠]	负责人 ,主管 (명사)
책임지다	[t͡ɕʰɛɡimd͡ʑida̠]	[t͡ɕʰɛɡimd͡ʑida̠]	承担责任 (동사)
챔피언	[t͡ɕʰɛmpʰiʌ̹n]	[t͡ɕʰɛmpʰiʌ̹n]	冠军 (명사)
챙기다	[t͡ɕʰɛŋɡida̠]	[t͡ɕʰɛŋɡida̠]	收集或包装 (동사)
처녀	[ˈt͡ɕʰɘ(ː)ɲʌ̹]	[ˈt͡ɕʰɘ(ː)ɲʌ̹]	独身女人 (명사)
처방	[ˈt͡ɕʰɘ(ː)ba̠ŋ]	[ˈt͡ɕʰɘ(ː)ba̠ŋ]	食谱 (명사)
처벌	[ˈt͡ɕʰɘ(ː)bʌ̹ɭ]	[ˈt͡ɕʰɘ(ː)bʌ̹ɭ]	刑罚 (명사)
처하다	[ˈt͡ɕʰɘ(ː)ɦa̠da̠]	[ˈt͡ɕʰɘ(ː)ɦa̠da̠]	是 (동사)
천주교	[t͡ɕʰʌ̹ɲd͡ʑuɡjo]	[t͡ɕʰʌ̹ɲd͡ʑuɡjo]	天主教教会 (명사)
철도	[t͡ɕʰʌ̹ɭt͈o̞]	[t͡ɕʰʌ̹ɭt͈o̞]	铁路 (명사)
철저히	[t͡ɕʰʌ̹ʎt͡ɕ͈ʌ̹ʝi]	[t͡ɕʰʌ̹ʎt͡ɕ͈ʌ̹ʝi]	干干净净 (부사)
청구서	[t͡ɕʰʌ̹ŋɡusʰʌ̹]	[t͡ɕʰʌ̹ŋɡusʰʌ̹]	帐单 (명사)
청하다	[t͡ɕʰʌ̹ŋɦa̠da̠]	[t͡ɕʰʌ̹ŋɦa̠da̠]	来提问 (동사)
체력	[t͡ɕʰe̞ɾjʌ̹k̚]	[t͡ɕʰe̞ɾjʌ̹k̚]	体力量 (명사)
체온	[t͡ɕʰe̞o̞n]	[t͡ɕʰe̞o̞n]	体心温度 (명사)
체험	[t͡ɕʰe̞ɦʌ̹m]	[t͡ɕʰe̞ɦʌ̹m]	经验 (명사)
초가을	[t͡ɕʰo̞ɡa̠ɯɭ]	[t͡ɕʰo̞ɡa̠ɯɭ]	早秋作物 (명사)
초겨울	[t͡ɕʰo̞ɡjʌ̹uɭ]	[t͡ɕʰo̞ɡjʌ̹uɭ]	初冬 (명사)
초밥	[t͡ɕʰo̞ba̠p̚]	[t͡ɕʰo̞ba̠p̚]	寿司 (명사)
초보자	[t͡ɕʰo̞bo̞d͡ʑa̠]	[t͡ɕʰo̞bo̞d͡ʑa̠]	初学者 (명사)
초봄	[t͡ɕʰo̞bo̞m]	[t͡ɕʰo̞bo̞m]	早春 (명사)
초여름	[t͡ɕʰo̞jʌ̹ɾɯm]	[t͡ɕʰo̞jʌ̹ɾɯm]	初夏。 (명사)
촌스럽다	[ˈt͡ɕʰo̞(ː)nsʰɯɾʌ̹p̚t͈a̠]	[ˈt͡ɕʰo̞(ː)nsʰɯɾʌ̹p̚t͈a̠]	粗鲁 (형용사)
촬영	[t͡ɕʰwa̠ɾjʌ̹ŋ]	[t͡ɕʰwa̠ɾjʌ̹ŋ]	枪决 (명사)
최대	[ˈt͡ɕʰwe̞(ː)dɛ]	[ˈt͡ɕʰwe̞(ː)dɛ]	最伟大的 (명사)
최대한	[ˈt͡ɕʰwe̞(ː)dɛɦa̠n]	[ˈt͡ɕʰwe̞(ː)dɛɦa̠n]	(最高限额) (명사)
최소한	[ˈt͡ɕʰwe̞(ː)sʰo̞ɦa̠n]	[ˈt͡ɕʰwe̞(ː)sʰo̞ɦa̠n]	至少选择一个项目 (부사)
최신	[ˈt͡ɕʰwe̞(ː)ɕʰin]	[ˈt͡ɕʰwe̞(ː)ɕʰin]	最新 (명사)
최종	[ˈt͡ɕʰwe̞(ː)d͡ʑo̞ŋ]	[ˈt͡ɕʰwe̞(ː)d͡ʑo̞ŋ]	最后 一贴 咯 . (명사)
최초	[ˈt͡ɕʰwe̞(ː)t͡ɕʰo̞]	[ˈt͡ɕʰwe̞(ː)t͡ɕʰo̞]	第一页 (명사)
추억	[t͡ɕʰuʌ̹k̚]	[t͡ɕʰuʌ̹k̚]	记忆 (명사)
추측	[t͡ɕʰut͡ɕʰɯk̚]	[t͡ɕʰut͡ɕʰɯk̚]	推测 (명사)
축구장	[t͡ɕʰuk̚k͈ud͡ʑa̠ŋ]	[t͡ɕʰuk̚k͈ud͡ʑa̠ŋ]	足球场 (명사)
출국	[t͡ɕʰuɭɡuk̚]	[t͡ɕʰuɭɡuk̚]	离开一个国家 (명사)
출근하다	[t͡ɕʰuɭɡɯnɦa̠da̠]	[t͡ɕʰuɭɡɯnɦa̠da̠]	去上班 (동사)
출신	[t͡ɕʰuɭɕ͈in]	[t͡ɕʰuɭɕ͈in]	本地人 (명사)
출입문	[t͡ɕʰuɾimmun]	[t͡ɕʰuɾimmun]	闸板 (명사)
출현	[t͡ɕʰuɾʝʌ̹n]	[t͡ɕʰuɾʝʌ̹n]	外观 (명사)
충고	[t͡ɕʰuŋɡo̞]	[t͡ɕʰuŋɡo̞]	建议 (명사)
충돌	[t͡ɕʰuŋdo̞ɭ]	[t͡ɕʰuŋdo̞ɭ]	正面冲突 (명사)
충분히	[t͡ɕʰuŋbunʝi]	[t͡ɕʰuŋbunʝi]	充分地 (부사)
충청도	[t͡ɕʰuŋt͡ɕʰʌ̹ŋdo̞]	[t͡ɕʰuŋt͡ɕʰʌ̹ŋdo̞]	忠清道 (고유명사)
취업	[ˈt͡ɕʰɥi(ː)ʌ̹p̚]	[ˈt͡ɕʰɥi(ː)ʌ̹p̚]	就业 (명사)
측	[t͡ɕʰɯk̚]	[t͡ɕʰɯk̚]	侧 (进阶词汇)
측면	[t͡ɕʰɯŋmjʌ̹n]	[t͡ɕʰɯŋmjʌ̹n]	侧面 (명사)
치료하다	[t͡ɕʰiɾjoɦa̠da̠]	[t͡ɕʰiɾjoɦa̠da̠]	来治疗 (동사)
치르다	[t͡ɕʰiɾɯda̠]	[t͡ɕʰiɾɯda̠]	出钱 (동사)
치즈	[t͡ɕʰid͡ʑɯ]	[t͡ɕʰid͡ʑɯ]	乳酪 (명사)
친딸	[t͡ɕʰint͈a̠ɭ]	[t͡ɕʰint͈a̠ɭ]	真正的女儿 (명사)
친아들	[t͡ɕʰina̠dɯɭ]	[t͡ɕʰina̠dɯɭ]	真正的儿子 (명사)
친아버지	[t͡ɕʰina̠bʌ̹d͡ʑi]	[t͡ɕʰina̠bʌ̹d͡ʑi]	亲生父亲 (명사)
친어머니	[t͡ɕʰinʌ̹mʌ̹ni]	[t͡ɕʰinʌ̹mʌ̹ni]	真正的母亲 (명사)
침묵	[t͡ɕʰimmuk̚]	[t͡ɕʰimmuk̚]	沉默 (명사)
캄캄하다	[kʰa̠mkʰa̠mɦa̠da̠]	[kʰa̠mkʰa̠mɦa̠da̠]	漆黑一片 (형용사)
커다랗다	[ˈkʰɘ(ː)da̠ɾa̠tʰa̠]	[ˈkʰɘ(ː)da̠ɾa̠tʰa̠]	异常庞大 (형용사)
커지다	[kʰʌ̹d͡ʑida̠]	[kʰʌ̹d͡ʑida̠]	变大或变大 (동사)
켜지다	[cçʌ̹d͡ʑida̠]	[cçʌ̹d͡ʑida̠]	去开启 (동사)
코너	[kʰo̞nʌ̹]	[kʰo̞nʌ̹]	角 (명사)
코미디	[kʰo̞midi]	[kʰo̞midi]	喜剧片 (명사)
코스	[kʰo̞sʰɯ]	[kʰo̞sʰɯ]	课程 (명사)
콜록콜록	[kʰo̞ɭɭo̞k̚kʰo̞ɭɭo̞k̚]	[kʰo̞ɭɭo̞k̚kʰo̞ɭɭo̞k̚]	一遍又一遍地咳嗽 (명사)
콤플렉스	[kʰo̞mpʰɯɭɭe̞ks͈ɯ]	[kʰo̞mpʰɯɭɭe̞ks͈ɯ]	种族歧视。 (명사)
콧노래	[kʰo̞nno̞ɾɛ]	[kʰo̞nno̞ɾɛ]	哼着 (명사)
콩나물	[kʰo̞ŋna̠muɭ]	[kʰo̞ŋna̠muɭ]	大豆芽 (명사)
크림	[kxɯɾi(ː)m]	[kxɯɾi(ː)m]	奶油色 (명사)
큰길	[kxɯnɡiɭ]	[kxɯnɡiɭ]	高速路 (명사)
큰아들	[kxɯna̠dɯɭ]	[kxɯna̠dɯɭ]	大子 (명사)
큰아버지	[kxɯna̠bʌ̹d͡ʑi]	[kxɯna̠bʌ̹d͡ʑi]	叔伯 (명사)
클럽	[kxɯɭɭʌ̹p̚]	[kxɯɭɭʌ̹p̚]	夜总会 (명사)
타오르다	[tʰa̠o̞ɾɯda̠]	[tʰa̠o̞ɾɯda̠]	燃烧起来 (동사)
탄생	[ˈtʰa̠(ː)nsʰɛŋ]	[ˈtʰa̠(ː)nsʰɛŋ]	生日 (명사)
탑승	[tʰa̠ps͈ɯŋ]	[tʰa̠ps͈ɯŋ]	接舷战 (명사)
택하다	[tʰɛkʰa̠da̠]	[tʰɛkʰa̠da̠]	选择 (동사)
탤런트	[tʰɛɭɭʌ̹ntʰɯ]	[tʰɛɭɭʌ̹ntʰɯ]	电视演员 (명사)
터뜨리다	[ˈtʰɘ(ː)t͈ɯɾida̠]	[ˈtʰɘ(ː)t͈ɯɾida̠]	破解 (동사)
터지다	[ˈtʰɘ(ː)d͡ʑida̠]	[ˈtʰɘ(ː)d͡ʑida̠]	爆裂 (동사)
털	[tʰʌ̹ɭ]	[tʰʌ̹ɭ]	头发 (명사)
털다	[ˈtʰɘ(ː)ɭda̠]	[ˈtʰɘ(ː)ɭda̠]	甩掉 (동사)
테이프	[tʰe̞ipʰɯ]	[tʰe̞ipʰɯ]	黏胶带 (명사)
토하다	[ˈtʰo̞(ː)ɦa̠da̠]	[ˈtʰo̞(ː)ɦa̠da̠]	呕吐 (동사)
통과	[tʰo̞ŋɡwa̠]	[tʰo̞ŋɡwa̠]	通道 (명사)
통역	[ˈtʰo̞(ː)ŋjʌ̹k̚]	[ˈtʰo̞(ː)ŋjʌ̹k̚]	翻译，解释 (명사)
통증	[ˈtʰo̞(ː)ŋt͡ɕ͈ɯŋ]	[ˈtʰo̞(ː)ŋt͡ɕ͈ɯŋ]	疼痛 (명사)
통하다	[tʰo̞ŋɦa̠da̠]	[tʰo̞ŋɦa̠da̠]	通过 (동사)
통행	[tʰo̞ŋɦɛŋ]	[tʰo̞ŋɦɛŋ]	通过 (명사)
퇴근하다	[ˈtʰwe̞(ː)ɡɯnɦa̠da̠]	[ˈtʰwe̞(ː)ɡɯnɦa̠da̠]	下班 (동사)
특별	[tʰɯk̚p͈jʌ̹ɭ]	[tʰɯk̚p͈jʌ̹ɭ]	特殊性的状态或质量。 (명사)
특정	[tʰɯk̚t͡ɕ͈ʌ̹ŋ]	[tʰɯk̚t͡ɕ͈ʌ̹ŋ]	特殊 (명사)
특징	[tʰɯk̚t͡ɕ͈iŋ]	[tʰɯk̚t͡ɕ͈iŋ]	区分特征 (명사)
틀림없다	[tʰɯʎʎimʌ̹p̚t͈a̠]	[tʰɯʎʎimʌ̹p̚t͈a̠]	要精确地正确 (형용사)
틀림없이	[tʰɯʎʎimʌ̹pɕ͈i]	[tʰɯʎʎimʌ̹pɕ͈i]	正确 (부사)
틈틈이	[tʰɯmtʰɯmi]	[tʰɯmtʰɯmi]	每一个 (부사)
파괴	[ˈpʰa̠(ː)ɡwe̞]	[ˈpʰa̠(ː)ɡwe̞]	毁灭 (명사)
파도	[pʰa̠do̞]	[pʰa̠do̞]	一波水或情绪。 (명사)
파리	[ˈpʰa̠(ː)ɾi]	[ˈpʰa̠(ː)ɾi]	飞 (명사)
파출소	[pʰa̠t͡ɕʰuɭs͈o̞]	[pʰa̠t͡ɕʰuɭs͈o̞]	当地警察派出所 ,派出所 (명사)
파트너	[pʰa̠tʰɯnʌ̹]	[pʰa̠tʰɯnʌ̹]	伙伴 (명사)
판단	[pʰa̠nda̠n]	[pʰa̠nda̠n]	审判（Judgment） (명사)
판매	[pʰa̠nmɛ]	[pʰa̠nmɛ]	出售 (명사)
판매하다	[pʰa̠nmɛɦa̠da̠]	[pʰa̠nmɛɦa̠da̠]	转销售 (동사)
패스트푸드	[pʰɛsʰɯtʰɯpʰudɯ]	[pʰɛsʰɯtʰɯpʰudɯ]	快餐 (명사)
팬티	[pʰɛntʰi]	[pʰɛntʰi]	内库 (명사)
퍼지다	[ˈpʰɘ(ː)d͡ʑida̠]	[ˈpʰɘ(ː)d͡ʑida̠]	向外扩散 (동사)
페이지	[pʰe̞id͡ʑi]	[pʰe̞id͡ʑi]	页 (명사)
펴내다	[pʰjʌ̹nɛda̠]	[pʰjʌ̹nɛda̠]	发布 (동사)
편견	[pʰjʌ̹nɡjʌ̹n]	[pʰjʌ̹nɡjʌ̹n]	偏见 ;v.损害 (명사)
편리하다	[pʰjʌ̹ʎʎiɦa̠da̠]	[pʰjʌ̹ʎʎiɦa̠da̠]	方便实用 (형용사)
편식	[pʰjʌ̹nɕʰik̚]	[pʰjʌ̹nɕʰik̚]	偏食 (명사)
편히	[pʰjʌ̹nʝi]	[pʰjʌ̹nʝi]	安逸 (부사)
펼쳐지다	[pʰjʌ̹ʎt͡ɕʰʌ̹d͡ʑida̠]	[pʰjʌ̹ʎt͡ɕʰʌ̹d͡ʑida̠]	展开 (동사)
펼치다	[pʰjʌ̹ʎt͡ɕʰida̠]	[pʰjʌ̹ʎt͡ɕʰida̠]	拉伸 (동사)
평균	[pʰjʌ̹ŋɡjun]	[pʰjʌ̹ŋɡjun]	平均 (명사)
평범하다	[pʰjʌ̹ŋbʌ̹mɦa̠da̠]	[pʰjʌ̹ŋbʌ̹mɦa̠da̠]	平均 (형용사)
평상시	[pʰjʌ̹ŋsʰa̠ŋɕʰi]	[pʰjʌ̹ŋsʰa̠ŋɕʰi]	常规 (명사)
평생	[pʰjʌ̹ŋsʰɛŋ]	[pʰjʌ̹ŋsʰɛŋ]	生平 (명사)
포근하다	[pʰo̞ɡɯnɦa̠da̠]	[pʰo̞ɡɯnɦa̠da̠]	舒适 (형용사)
포도주	[pʰo̞do̞d͡ʑu]	[pʰo̞do̞d͡ʑu]	酒 (명사)
포장지	[pʰo̞d͡ʑa̠ŋd͡ʑi]	[pʰo̞d͡ʑa̠ŋd͡ʑi]	包裹 (명사)
폭넓다	[pʰo̞ŋnʌ̹ɭt͈a̠]	[pʰo̞ŋnʌ̹ɭt͈a̠]	细节 (형용사)
폭력	[pʰo̞ŋɲʌ̹k̚]	[pʰo̞ŋɲʌ̹k̚]	暴力 (명사)
표면	[pʰjomjʌ̹n]	[pʰjomjʌ̹n]	表面 (명사)
표준어	[pʰjod͡ʑunʌ̹]	[pʰjod͡ʑunʌ̹]	使用标准语言 (명사)
표지판	[pʰjod͡ʑipʰa̠n]	[pʰjod͡ʑipʰa̠n]	标志 (명사)
표현	[pʰjoʝʌ̹n]	[pʰjoʝʌ̹n]	表达式 (명사)
표현하다	[pʰjoʝʌ̹nɦa̠da̠]	[pʰjoʝʌ̹nɦa̠da̠]	表达 (동사)
풀리다	[pʰuʎʎida̠]	[pʰuʎʎida̠]	解开束缚。 (동사)
풀어지다	[pʰuɾʌ̹d͡ʑida̠]	[pʰuɾʌ̹d͡ʑida̠]	松动或解开 (동사)
풍기다	[pʰuŋɡida̠]	[pʰuŋɡida̠]	传播 (동사)
풍부하다	[pʰuŋbuɦa̠da̠]	[pʰuŋbuɦa̠da̠]	丰富 (형용사)
플라스틱	[pʰɯɭɭa̠sʰɯtʰik̚]	[pʰɯɭɭa̠sʰɯtʰik̚]	塑性应变 (명사)
피하다	[ˈpʰi(ː)ɦa̠da̠]	[ˈpʰi(ː)ɦa̠da̠]	逃避 (동사)
피해자	[ˈpʰi(ː)ɦɛd͡ʑa̠]	[ˈpʰi(ː)ɦɛd͡ʑa̠]	受害者 (명사)
필름	[pʰiɭɭɯm]	[pʰiɭɭɯm]	电影 (명사)
필수적	[pʰiɭs͈ud͡ʑʌ̹k̚]	[pʰiɭs͈ud͡ʑʌ̹k̚]	需要 (명사)
필수품	[pʰiɭs͈upʰum]	[pʰiɭs͈upʰum]	生活必需品 (명사)
필요성	[pʰiɾjos͈ʌ̹ŋ]	[pʰiɾjos͈ʌ̹ŋ]	必要性 (명사)
핑계	[pʰiŋɡje̞]	[pʰiŋɡje̞]	宽恕 ,赦免,原谅 ;n.借口 ,赦免,原谅 (명사)
하긴	[ha̠ɡin]	[ha̠ɡin]	实在 (부사)
하나하나	[ha̠na̠ɦa̠na̠]	[ha̠na̠ɦa̠na̠]	每一个人 (명사)
하느님	[ha̠nɯnim]	[ha̠nɯnim]	神 (고유명사)
하숙	[ˈha̠(ː)sʰuk̚]	[ˈha̠(ː)sʰuk̚]	接舷战 (명사)
하여튼	[ha̠jʌ̹tʰɯn]	[ha̠jʌ̹tʰɯn]	反正是 (부사)
학부모	[ha̠k̚p͈umo̞]	[ha̠k̚p͈umo̞]	学校家长 (명사)
학비	[ha̠k̚p͈i]	[ha̠k̚p͈i]	学费 (명사)
학습	[ha̠ks͈ɯp̚]	[ha̠ks͈ɯp̚]	研究 (명사)
학용품	[ha̠ɡjoŋpʰum]	[ha̠ɡjoŋpʰum]	学校用品/用品 (명사)
한가운데	[ha̠nɡa̠unde̞]	[ha̠nɡa̠unde̞]	中间 (명사)
한계	[ˈha̠(ː)nɡje̞]	[ˈha̠(ː)nɡje̞]	界限值 (명사)
한국말	[ˈha̠(ː)nɡuŋma̠ɭ]	[ˈha̠(ː)nɡuŋma̠ɭ]	朝鲜语 (명사)
한국어	[ˈha̠(ː)nɡuɡʌ̹]	[ˈha̠(ː)nɡuɡʌ̹]	朝鲜语 (명사)
한국인	[ˈha̠(ː)nɡuɡin]	[ˈha̠(ː)nɡuɡin]	一个韩国人 (명사)
한꺼번에	[ha̠nk͈ʌ̹bʌ̹ne̞]	[ha̠nk͈ʌ̹bʌ̹ne̞]	同时 tóngshí (부사)
한낮	[ha̠nna̠t̚]	[ha̠nna̠t̚]	正午 (명사)
한동안	[ha̠ndo̞ŋa̠n]	[ha̠ndo̞ŋa̠n]	了一会 (부사)
한둘	[ha̠nduɭ]	[ha̠nduɭ]	一两 (수사)
한때	[ha̠nt͈ɛ]	[ha̠nt͈ɛ]	一次性 (명사)
한라산	[ˈha̠(ː)ɭɭa̠sʰa̠n]	[ˈha̠(ː)ɭɭa̠sʰa̠n]	芒特哈拉 (고유명사)
한마디	[ha̠nma̠di]	[ha̠nma̠di]	简短的陈述 (명사)
한밤중	[ha̠nba̠mt͡ɕ͈uŋ]	[ha̠nba̠mt͡ɕ͈uŋ]	深更半夜 (명사)
한여름	[ha̠nɲʌ̹ɾɯm]	[ha̠nɲʌ̹ɾɯm]	盛夏 (명사)
한잔하다	[ha̠ɲd͡ʑa̠nɦa̠da̠]	[ha̠ɲd͡ʑa̠nɦa̠da̠]	喝一杯 (동사)
한쪽	[ha̠ɲt͡ɕ͈o̞k̚]	[ha̠ɲt͡ɕ͈o̞k̚]	一侧或方向。 (명사)
한참	[ha̠ɲt͡ɕʰa̠m]	[ha̠ɲt͡ɕʰa̠m]	一会儿 (명사)
한층	[ha̠ɲt͡ɕʰɯŋ]	[ha̠ɲt͡ɕʰɯŋ]	更加的 (부사)
한편	[ha̠npʰjʌ̹n]	[ha̠npʰjʌ̹n]	另一方面 (부사)
할인점	[ha̠ɾiɲd͡ʑʌ̹m]	[ha̠ɾiɲd͡ʑʌ̹m]	廉价零售商店，廉价商店,折扣商店 (명사)
함부로	[ha̠mbuɾo̞]	[ha̠mbuɾo̞]	轻率地 (부사)
합리적	[ha̠mnid͡ʑʌ̹k̚]	[ha̠mnid͡ʑʌ̹k̚]	合理的 (명사)
합치다	[ha̠p̚t͡ɕʰida̠]	[ha̠p̚t͡ɕʰida̠]	结合 (동사)
항공료	[ha̠ŋɡo̞ŋɲo]	[ha̠ŋɡo̞ŋɲo]	飞机票价 (명사)
해결책	[ˈhɛ(ː)ɡjʌ̹ʎt͡ɕʰɛk̚]	[ˈhɛ(ː)ɡjʌ̹ʎt͡ɕʰɛk̚]	解决方案 (명사)
해결하다	[ˈhɛ(ː)ɡjʌ̹ɾɦa̠da̠]	[ˈhɛ(ː)ɡjʌ̹ɾɦa̠da̠]	解决纠纷或混淆 (동사)
해내다	[ˈhɛ(ː)nɛda̠]	[ˈhɛ(ː)nɛda̠]	完成 (동사)
해롭다	[ˈhɛ(ː)ɾo̞p̚t͈a̠]	[ˈhɛ(ː)ɾo̞p̚t͈a̠]	有害 (형용사)
해산물	[ˈhɛ(ː)sʰa̠nmuɭ]	[ˈhɛ(ː)sʰa̠nmuɭ]	海鲜 (명사)
해수욕장	[ˈhɛ(ː)sʰujok̚t͡ɕ͈a̠ŋ]	[ˈhɛ(ː)sʰujok̚t͡ɕ͈a̠ŋ]	游泳海滩 (명사)
해치다	[ˈhɛ(ː)t͡ɕʰida̠]	[ˈhɛ(ː)t͡ɕʰida̠]	受伤 (동사)
핵심	[hɛkɕ͈im]	[hɛkɕ͈im]	具有核心或关键重要性的东西。 (명사)
햇볕	[hɛt̚p͈jʌ̹t̚]	[hɛt̚p͈jʌ̹t̚]	阳光 (명사)
햇살	[hɛss͈a̠ɭ]	[hɛss͈a̠ɭ]	阳光 (명사)
행동하다	[hɛŋdo̞ŋɦa̠da̠]	[hɛŋdo̞ŋɦa̠da̠]	行为举止 (동사)
행사장	[hɛŋsʰa̠d͡ʑa̠ŋ]	[hɛŋsʰa̠d͡ʑa̠ŋ]	地点 (명사)
행위	[hɛŋɥi]	[hɛŋɥi]	行为或行为 (명사)
행하다	[hɛŋɦa̠da̠]	[hɛŋɦa̠da̠]	待办事宜 (동사)
향하다	[ˈça̠(ː)ŋɦa̠da̠]	[ˈça̠(ː)ŋɦa̠da̠]	面对 (동사)
허락	[hʌ̹ɾa̠k̚]	[hʌ̹ɾa̠k̚]	欧盟同意 (명사)
허리띠	[hʌ̹ɾit͈i]	[hʌ̹ɾit͈i]	带 (명사)
허벅지	[hʌ̹bʌ̹k̚t͡ɕ͈i]	[hʌ̹bʌ̹k̚t͡ɕ͈i]	大腿上部 (명사)
허용	[hʌ̹joŋ]	[hʌ̹joŋ]	权限 (명사)
허용하다	[hʌ̹joŋɦa̠da̠]	[hʌ̹joŋɦa̠da̠]	允许 (동사)
헌	[hɘ(ː)n]	[hɘ(ː)n]	老 (관형사)
험하다	[hʌ̹mɦa̠da̠]	[hʌ̹mɦa̠da̠]	加固 (형용사)
헤매다	[he̞mɛda̠]	[he̞mɛda̠]	漫步 (동사)
헤아리다	[ˈhe̞(ː)a̠ɾida̠]	[ˈhe̞(ː)a̠ɾida̠]	考虑 (동사)
헤엄치다	[he̞ʌ̹mt͡ɕʰida̠]	[he̞ʌ̹mt͡ɕʰida̠]	游泳 (동사)
현대적	[ˈçɘ(ː)ndɛd͡ʑʌ̹k̚]	[ˈçɘ(ː)ndɛd͡ʑʌ̹k̚]	现代 (명사)
현실적	[ˈçɘ(ː)nɕʰiʎt͡ɕ͈ʌ̹k̚]	[ˈçɘ(ː)nɕʰiʎt͡ɕ͈ʌ̹k̚]	该项目 (관형사)
형님	[çʌ̹ŋnim]	[çʌ̹ŋnim]	尊敬的 형 (명사)
형태	[çʌ̹ŋtʰɛ]	[çʌ̹ŋtʰɛ]	型材 (명사)
혜택	[ˈçe̞(ː)tʰɛk̚]	[ˈçe̞(ː)tʰɛk̚]	百万港元 (명사)
호감	[ˈɸʷo̞(ː)ɡa̠m]	[ˈɸʷo̞(ː)ɡa̠m]	良好的感觉 (명사)
호기심	[ˈɸʷo̞(ː)ɡiɕʰim]	[ˈɸʷo̞(ː)ɡiɕʰim]	好奇心 (명사)
호르몬	[ɸʷo̞ɾɯmo̞n]	[ɸʷo̞ɾɯmo̞n]	激素 (명사)
호흡	[ɸʷo̞ɣɯp̚]	[ɸʷo̞ɣɯp̚]	气息 (명사)
혹은	[ɸʷo̞ɡɯn]	[ɸʷo̞ɡɯn]	或者 (부사)
혼나다	[ɸʷo̞nna̠da̠]	[ɸʷo̞nna̠da̠]	被责骂 (동사)
혼내다	[ɸʷo̞nnɛda̠]	[ɸʷo̞nnɛda̠]	责骂 (동사)
홈페이지	[ɸʷo̞mpʰe̞id͡ʑi]	[ɸʷo̞mpʰe̞id͡ʑi]	主页 (명사)
화폐	[ˈɸwa̠(ː)pʰje̞]	[ˈɸwa̠(ː)pʰje̞]	货币 (명사)
확산	[ɸwa̠ks͈a̠n]	[ɸwa̠ks͈a̠n]	分配 (명사)
확실하다	[ɸwa̠kɕ͈iɾɦa̠da̠]	[ɸwa̠kɕ͈iɾɦa̠da̠]	确定或确定 (형용사)
확실히	[ɸwa̠kɕ͈iɾʝi]	[ɸwa̠kɕ͈iɾʝi]	一定 (부사)
확인하다	[ɸwa̠ɡinɦa̠da̠]	[ɸwa̠ɡinɦa̠da̠]	以确认 (동사)
확장	[ɸwa̠k̚t͡ɕ͈a̠ŋ]	[ɸwa̠k̚t͡ɕ͈a̠ŋ]	扩展名 (명사)
환상적	[ˈɸwa̠(ː)nsʰa̠ŋd͡ʑʌ̹k̚]	[ˈɸwa̠(ː)nsʰa̠ŋd͡ʑʌ̹k̚]	梦幻 般 (명사)
환영회	[ɸwa̠ɲʌ̹ŋβwe̞]	[ɸwa̠ɲʌ̹ŋβwe̞]	喜迎G20晚会拼凑 (명사)
활동적	[ɸwa̠ɭt͈o̞ŋd͡ʑʌ̹k̚]	[ɸwa̠ɭt͈o̞ŋd͡ʑʌ̹k̚]	活跃 (명사)
활발하다	[ɸwa̠ɭba̠ɾɦa̠da̠]	[ɸwa̠ɭba̠ɾɦa̠da̠]	动画 (형용사)
활용	[ɸwa̠ɾjoŋ]	[ɸwa̠ɾjoŋ]	应用程序 (명사)
활용하다	[ɸwa̠ɾjoŋɦa̠da̠]	[ɸwa̠ɾjoŋɦa̠da̠]	如何申请 (동사)
활짝	[ɸwa̠ʎt͡ɕ͈a̠k̚]	[ɸwa̠ʎt͡ɕ͈a̠k̚]	张开满 (부사)
회담	[ˈɸwe̞(ː)da̠m]	[ˈɸwe̞(ː)da̠m]	会议 (명사)
회복하다	[ɸwe̞bo̞kʰa̠da̠]	[ɸwe̞bo̞kʰa̠da̠]	恢复 (동사)
횟수	[ɸwe̞ss͈u]	[ɸwe̞ss͈u]	做某事的次数 (명사)
효과적	[ˈço(ː)k͈wa̠d͡ʑʌ̹k̚]	[ˈço(ː)k͈wa̠d͡ʑʌ̹k̚]	有效 (관형사)
후식	[ˈɸʷu(ː)ɕʰik̚]	[ˈɸʷu(ː)ɕʰik̚]	在用餐结束时提供少量食物 (명사)
후춧가루	[ɸʷut͡ɕʰut̚k͈a̠ɾu]	[ɸʷut͡ɕʰut̚k͈a̠ɾu]	已磨胡椒 (명사)
훈련	[ˈɸʷu(ː)ʎʎʌ̹n]	[ˈɸʷu(ː)ʎʎʌ̹n]	培训 (명사)
휴대	[çudɛ]	[çudɛ]	携带 (명사)
휴양지	[çuja̠ŋd͡ʑi]	[çuja̠ŋd͡ʑi]	度假胜地 (명사)
휴학	[çuɦa̠k̚]	[çuɦa̠k̚]	暂时缺课 (명사)
흉내	[çuŋnɛ]	[çuŋnɛ]	仿制品 ,复制品,冒牌货,赝品,假冒 ,伪造 (명사)
흐름	[xɯɾɯm]	[xɯɾɯm]	百万港元 (명사)
흑백	[xɯk̚p͈ɛk̚]	[xɯk̚p͈ɛk̚]	黑白 (명사)
흔들리다	[xɯndɯʎʎida̠]	[xɯndɯʎʎida̠]	摇晃 (동사)
흔적	[xɯɲd͡ʑʌ̹k̚]	[xɯɲd͡ʑʌ̹k̚]	画 (명사)
흔하다	[xɯnɦa̠da̠]	[xɯnɦa̠da̠]	频繁 (형용사)
흔히	[xɯnʝi]	[xɯnʝi]	一般 (부사)
흘러나오다	[xɯɭɭʌ̹na̠o̞da̠]	[xɯɭɭʌ̹na̠o̞da̠]	流出 (동사)
흘러내리다	[xɯɭɭʌ̹nɛɾida̠]	[xɯɭɭʌ̹nɛɾida̠]	向下运行 (동사)
흥미	[ˈxɯ(ː)ŋmi]	[ˈxɯ(ː)ŋmi]	自定义利率 (명사)
흥미롭다	[ˈxɯ(ː)ŋmiɾo̞p̚t͈a̠]	[ˈxɯ(ː)ŋmiɾo̞p̚t͈a̠]	有趣的是 (형용사)
흥분	[xɯŋbun]	[xɯŋbun]	激动 (명사)
흩어지다	[xɯtʰʌ̹d͡ʑida̠]	[xɯtʰʌ̹d͡ʑida̠]	被分散 (동사)
희다	[çida̠]	[çida̠]	成为白人 (형용사)
희생자	[çisʰɛŋd͡ʑa̠]	[çisʰɛŋd͡ʑa̠]	受害者 (명사)
힘껏	[çimk͈ʌ̹t̚]	[çimk͈ʌ̹t̚]	与强大和主要 (부사)
힘쓰다	[çims͈ɯda̠]	[çims͈ɯda̠]	分娩 (동사)
힘차다	[çimt͡ɕʰa̠da̠]	[çimt͡ɕʰa̠da̠]	加粗 (형용사)
가로수	[ka̠ɾo̞sʰu]	[ka̠ɾo̞sʰu]	路边树 (명사)
가르침	[ka̠ɾɯt͡ɕʰim]	[ka̠ɾɯt͡ɕʰim]	教育 (명사)
가입하다	[ka̠ipʰa̠da̠]	[ka̠ipʰa̠da̠]	拜入 (동사)
가정교사	[ka̠d͡ʑʌ̹ŋ kjo(ː)sʰa̠]	[ka̠d͡ʑʌ̹ŋ kjo(ː)sʰa̠]	私教 (명사)
간접	[ˈka̠(ː)ɲd͡ʑʌ̹p̚]	[ˈka̠(ː)ɲd͡ʑʌ̹p̚]	间接性 (명사)
감소하다	[ka̠msʰo̞ɦa̠da̠]	[ka̠msʰo̞ɦa̠da̠]	减少 (동사)
강남	[ka̠ŋna̠m]	[ka̠ŋna̠m]	江之南 (명사)
강력하다	[ka̠ŋɲʌ̹kʰa̠da̠]	[ka̠ŋɲʌ̹kʰa̠da̠]	变得强大或强大 (형용사)
강력히	[ka̠ŋɲʌ̹cçi]	[ka̠ŋɲʌ̹cçi]	强烈地 (부사)
강북	[ka̠ŋbuk̚]	[ka̠ŋbuk̚]	河流以北 (명사)
강요하다	[ˈka̠(ː)ŋjoɦa̠da̠]	[ˈka̠(ː)ŋjoɦa̠da̠]	要强霸 (동사)
같이하다	[ka̠t͡ɕʰiɦa̠da̠]	[ka̠t͡ɕʰiɦa̠da̠]	一起做 (동사)
개발되다	[kɛba̠ɭdwe̞da̠]	[kɛba̠ɭdwe̞da̠]	待开发 (동사)
개방되다	[kɛba̠ŋdwe̞da̠]	[kɛba̠ŋdwe̞da̠]	开银行 (동사)
거대하다	[ˈkɘ(ː)dɛɦa̠da̠]	[ˈkɘ(ː)dɛɦa̠da̠]	巨大 (형용사)
거듭	[kʌ̹dɯp̚]	[kʌ̹dɯp̚]	不再显示弹出窗口 (부사)
거부하다	[ˈkɘ(ː)buɦa̠da̠]	[ˈkɘ(ː)buɦa̠da̠]	拒绝 (동사)
거액	[ˈkɘ(ː)ɛk̚]	[ˈkɘ(ː)ɛk̚]	巨额 (명사)
건설하다	[ˈkɘ(ː)nsʰʌ̹ɾɦa̠da̠]	[ˈkɘ(ː)nsʰʌ̹ɾɦa̠da̠]	需要建造的设计 (동사)
걷기	[ˈkɘ(ː)t̚k͈i]	[ˈkɘ(ː)t̚k͈i]	步行 (명사)
결과적	[kjʌ̹ɭɡwa̠d͡ʑʌ̹k̚]	[kjʌ̹ɭɡwa̠d͡ʑʌ̹k̚]	结果是 (명사)
결석하다	[kjʌ̹ɭs͈ʌ̹kʰa̠da̠]	[kjʌ̹ɭs͈ʌ̹kʰa̠da̠]	缺席 (동사)
경제학	[kjʌ̹ŋd͡ʑe̞ɦa̠k̚]	[kjʌ̹ŋd͡ʑe̞ɦa̠k̚]	经济学 (명사)
고려	[ko̞ɾjʌ̹]	[ko̞ɾjʌ̹]	高丽 (고유명사)
고무신	[ko̞muɕʰin]	[ko̞muɕʰin]	橡胶拖鞋 (명사)
고요하다	[ko̞joɦa̠da̠]	[ko̞joɦa̠da̠]	保持沉默 (형용사)
고집하다	[ko̞d͡ʑipʰa̠da̠]	[ko̞d͡ʑipʰa̠da̠]	坚持 (동사)
곤란하다	[ˈko̞(ː)ɭɭa̠nɦa̠da̠]	[ˈko̞(ː)ɭɭa̠nɦa̠da̠]	困难 (형용사)
공개하다	[ko̞ŋɡɛɦa̠da̠]	[ko̞ŋɡɛɦa̠da̠]	让公众注意到某事或某人 (동사)
공격하다	[ˈko̞(ː)ŋɡjʌ̹kʰa̠da̠]	[ˈko̞(ː)ŋɡjʌ̹kʰa̠da̠]	来攻击 (동사)
공식적	[ko̞ŋɕʰik̚t͡ɕ͈ʌ̹k̚]	[ko̞ŋɕʰik̚t͡ɕ͈ʌ̹k̚]	官方 (명사)
공통적	[ˈko̞(ː)ŋtʰo̞ŋd͡ʑʌ̹k̚]	[ˈko̞(ː)ŋtʰo̞ŋd͡ʑʌ̹k̚]	普通 (명사)
관계되다	[kwa̠nɡje̞dwe̞da̠]	[kwa̠nɡje̞dwe̞da̠]	相互关联 (동사)
관광버스	[kwa̠nɡwa̠ŋbʌ̹sʰɯ]	[kwa̠nɡwa̠ŋbʌ̹sʰɯ]	旅游巴士 (명사)
관리하다	[kwa̠ʎʎiɦa̠da̠]	[kwa̠ʎʎiɦa̠da̠]	前往经营 (동사)
관습	[kwa̠nsʰɯp̚]	[kwa̠nsʰɯp̚]	自定义 (명사)
구별되다	[kubjʌ̹ɭdwe̞da̠]	[kubjʌ̹ɭdwe̞da̠]	有区别或与众不同 (동사)
구별하다	[kubjʌ̹ɾɦa̠da̠]	[kubjʌ̹ɾɦa̠da̠]	以区分 (동사)
구분되다	[kubundwe̞da̠]	[kubundwe̞da̠]	待分类 (동사)
구석구석	[kusʰʌ̹k̚k͈usʰʌ̹k̚]	[kusʰʌ̹k̚k͈usʰʌ̹k̚]	每个角落和角落 (부사)
구성되다	[kusʰʌ̹ŋdwe̞da̠]	[kusʰʌ̹ŋdwe̞da̠]	要被配置或成形 (동사)
구성하다	[kusʰʌ̹ŋɦa̠da̠]	[kusʰʌ̹ŋɦa̠da̠]	构成 (동사)
구속되다	[kusʰo̞k̚t͈we̞da̠]	[kusʰo̞k̚t͈we̞da̠]	被逮捕 (동사)
국왕	[kuɡwa̠ŋ]	[kuɡwa̠ŋ]	国王 (명사)
국제적	[kuk̚t͡ɕ͈e̞d͡ʑʌ̹k̚]	[kuk̚t͡ɕ͈e̞d͡ʑʌ̹k̚]	国际的 (명사)
굳히다	[kut͡ɕʰida̠]	[kut͡ɕʰida̠]	硬化 (동사)
궁극적	[kuŋɡɯk̚t͡ɕ͈ʌ̹k̚]	[kuŋɡɯk̚t͡ɕ͈ʌ̹k̚]	完全 (명사)
그놈	[kɯno̞m]	[kɯno̞m]	那个男生 (명사)
그래픽	[kɯɾɛpʰik̚]	[kɯɾɛpʰik̚]	图形 (명사)
그럴듯하다	[kɯɾʌ̹ɭdɯtʰa̠da̠]	[kɯɾʌ̹ɭdɯtʰa̠da̠]	合理的 (형용사)
그리로	[kɯɾiɾo̞]	[kɯɾiɾo̞]	替代形式的 그리 (부사)
그리하여	[kɯɾiɦa̠jʌ̹]	[kɯɾiɦa̠jʌ̹]	所以... (부사)
극작가	[kɯk̚t͡ɕ͈a̠k̚k͈a̠]	[kɯk̚t͡ɕ͈a̠k̚k͈a̠]	剧作者 (명사)
근거하다	[kɯnɡʌ̹ɦa̠da̠]	[kɯnɡʌ̹ɦa̠da̠]	到底座 (동사)
근원	[kɯnwʌ̹n]	[kɯnwʌ̹n]	根 (명사)
금강산	[kɯmɡa̠ŋsʰa̠n]	[kɯmɡa̠ŋsʰa̠n]	金刚山 (고유명사)
금지되다	[ˈkɯ(ː)md͡ʑidwe̞da̠]	[ˈkɯ(ː)md͡ʑidwe̞da̠]	被禁止 (동사)
급증하다	[kɯp̚t͡ɕ͈ɯŋɦa̠da̠]	[kɯp̚t͡ɕ͈ɯŋɦa̠da̠]	溢价 (동사)
기념하다	[kiɲʌ̹mɦa̠da̠]	[kiɲʌ̹mɦa̠da̠]	来纪念 (동사)
기대되다	[kidɛdwe̞da̠]	[kidɛdwe̞da̠]	敬请期待 (동사)
기억되다	[kiʌ̹k̚t͈we̞da̠]	[kiʌ̹k̚t͈we̞da̠]	被记住 (동사)
기업인	[kiʌ̹bin]	[kiʌ̹bin]	承包人 ,企业家,中间商,主办者 (명사)
기여하다	[kijʌ̹ɦa̠da̠]	[kijʌ̹ɦa̠da̠]	贡献 (동사)
긴장되다	[kiɲd͡ʑa̠ŋdwe̞da̠]	[kiɲd͡ʑa̠ŋdwe̞da̠]	紧张 (동사)
깡패	[k͈a̠ŋpʰɛ]	[k͈a̠ŋpʰɛ]	地痞 ,恶棍 ;v.威吓 (명사)
꼬마	[k͈o̞ma̠]	[k͈o̞ma̠]	仔 (명사)
나침반	[na̠t͡ɕʰimba̠n]	[na̠t͡ɕʰimba̠n]	罗盘 (명사)
낚시꾼	[na̠kɕ͈ik͈un]	[na̠kɕ͈ik͈un]	渔家 (명사)
낚싯대	[na̠kɕ͈it̚t͈ɛ]	[na̠kɕ͈it̚t͈ɛ]	鱼竿 (명사)
남미	[na̠mmi]	[na̠mmi]	南美洲 (고유명사)
납득하다	[na̠p̚t͈ɯkʰa̠da̠]	[na̠p̚t͈ɯkʰa̠da̠]	接受 (동사)
낮아지다	[na̠d͡ʑa̠d͡ʑida̠]	[na̠d͡ʑa̠d͡ʑida̠]	减少 (동사)
내쉬다	[ˈnɛ(ː)ʃʰɥida̠]	[ˈnɛ(ː)ʃʰɥida̠]	呼气 (동사)
냇물	[nɛnmuɭ]	[nɛnmuɭ]	流动 (명사)
논하다	[no̞nɦa̠da̠]	[no̞nɦa̠da̠]	讨论 (동사)
다짐하다	[ta̠d͡ʑimɦa̠da̠]	[ta̠d͡ʑimɦa̠da̠]	承诺 (동사)
다툼	[ta̠tʰum]	[ta̠tʰum]	争吵 (명사)
대신하다	[ˈtɛ(ː)ɕʰinɦa̠da̠]	[ˈtɛ(ː)ɕʰinɦa̠da̠]	换置 (동사)
대응하다	[ˈtɛ(ː)ɯŋɦa̠da̠]	[ˈtɛ(ː)ɯŋɦa̠da̠]	对应于 (동사)
대표하다	[ˈtɛ(ː)pʰjoɦa̠da̠]	[ˈtɛ(ː)pʰjoɦa̠da̠]	代表了美国 (동사)
대합실	[ˈtɛ(ː)ɦa̠pɕ͈iɭ]	[ˈtɛ(ː)ɦa̠pɕ͈iɭ]	休息室 (명사)
도덕	[ˈto̞(ː)dʌ̹k̚]	[ˈto̞(ː)dʌ̹k̚]	道德 (명사)
도움말	[to̞umma̠ɭ]	[to̞umma̠ɭ]	帮助 (명사)
동일하다	[to̞ŋiɾɦa̠da̠]	[to̞ŋiɾɦa̠da̠]	相同 (형용사)
듯싶다	[tɯɕɕ͈ip̚t͈a̠]	[tɯɕɕ͈ip̚t͈a̠]	看起来 (동사)
듯하다	[tɯtʰa̠da̠]	[tɯtʰa̠da̠]	被视为 (형용사)
디스크	[tisʰɯkxɯ]	[tisʰɯkxɯ]	磁盘 (명사)
뛰어오르다	[t͈ɥiʌ̹o̞ɾɯda̠]	[t͈ɥiʌ̹o̞ɾɯda̠]	跳起来 (동사)
뜻하다	[t͈ɯtʰa̠da̠]	[t͈ɯtʰa̠da̠]	意味着 (동사)
라이벌	[ɾa̠ibʌ̹ɭ]	[ɾa̠ibʌ̹ɭ]	竞争对手 (명사)
라켓	[ɾa̠kʰe̞t̚]	[ɾa̠kʰe̞t̚]	球拍 (名词)
레이저	[ɾe̞id͡ʑʌ̹]	[ɾe̞id͡ʑʌ̹]	灼热射线 (명사)
로터리	[ɾo̞tʰʌ̹ɾi]	[ɾo̞tʰʌ̹ɾi]	环形交叉 (명사)
마요네즈	[ma̠jone̞d͡ʑɯ]	[ma̠jone̞d͡ʑɯ]	蛋黄酱 (명사)
만하다	[ma̠nɦa̠da̠]	[ma̠nɦa̠da̠]	配得上 (형용사)
만화가	[ˈma̠(ː)nβwa̠ɡa̠]	[ˈma̠(ː)nβwa̠ɡa̠]	漫画家 (명사)
매너	[mɛnʌ̹]	[mɛnʌ̹]	礼貌 (명사)
매스컴	[mɛsʰɯkʰʌ̹m]	[mɛsʰɯkʰʌ̹m]	大众传播工具 (명사)
머리말	[mʌ̹ɾima̠ɭ]	[mʌ̹ɾima̠ɭ]	序言 (명사)
명령어	[mjʌ̹ŋɲʌ̹ŋʌ̹]	[mjʌ̹ŋɲʌ̹ŋʌ̹]	命令 (명사)
묘사하다	[ˈmjo(ː)sʰa̠ɦa̠da̠]	[ˈmjo(ː)sʰa̠ɦa̠da̠]	描述 (동사)
무리하다	[muɾiɦa̠da̠]	[muɾiɦa̠da̠]	不合理 (형용사)
무용가	[ˈmu(ː)joŋɡa̠]	[ˈmu(ː)joŋɡa̠]	舞者 (명사)
무의미하다	[muɰimiɦa̠da̠]	[muɰimiɦa̠da̠]	无意义的 (형용사)
무책임하다	[mut͡ɕʰɛɡimɦa̠da̠]	[mut͡ɕʰɛɡimɦa̠da̠]	不负责任 (형용사)
물체	[muʎt͡ɕʰe̞]	[muʎt͡ɕʰe̞]	对象 (명사)
뭣	met	met	什么 (대명사)
민간	[minɡa̠n]	[minɡa̠n]	私 (명사)
민주화	[miɲd͡ʑuβwa̠]	[miɲd͡ʑuβwa̠]	民主化 (명사)
밀접하다	[miʎt͡ɕ͈ʌ̹pʰa̠da̠]	[miʎt͡ɕ͈ʌ̹pʰa̠da̠]	关闭 (형용사)
반대편	[ˈpa̠(ː)ndɛpʰjʌ̹n]	[ˈpa̠(ː)ndɛpʰjʌ̹n]	对面 (명사)
반영하다	[ˈpa̠(ː)ɲʌ̹ŋɦa̠da̠]	[ˈpa̠(ː)ɲʌ̹ŋɦa̠da̠]	反射 (동사)
발레	[pa̠ɭɭe̞]	[pa̠ɭɭe̞]	芭蕾舞剧 (명사)
발전되다	[pa̠ʎt͡ɕ͈ʌ̹ndwe̞da̠]	[pa̠ʎt͡ɕ͈ʌ̹ndwe̞da̠]	被提前 (동사)
발휘하다	[pa̠ɾɦɥiɦa̠da̠]	[pa̠ɾɦɥiɦa̠da̠]	显示 (동사)
밝아지다	[pa̠ɭɡa̠d͡ʑida̠]	[pa̠ɭɡa̠d͡ʑida̠]	来提亮 (동사)
밤하늘	[pa̠mɦa̠nɯɭ]	[pa̠mɦa̠nɯɭ]	夜穹 (명사)
밥상	[pa̠ps͈a̠ŋ]	[pa̠ps͈a̠ŋ]	数据表 (명사)
방해하다	[pa̠ŋɦɛɦa̠da̠]	[pa̠ŋɦɛɦa̠da̠]	阻碍或阻碍 (동사)
배추김치	[ˈpɛ(ː)t͡ɕʰuɡimt͡ɕʰi]	[ˈpɛ(ː)t͡ɕʰuɡimt͡ɕʰi]	卷心菜泡菜 (명사)
백성	[pɛks͈ʌ̹ŋ]	[pɛks͈ʌ̹ŋ]	民众 ,平民 (명사)
뱃사람	[pɛss͈a̠ɾa̠m]	[pɛss͈a̠ɾa̠m]	海员 (명사)
번역하다	[pʌ̹ɲʌ̹kʰa̠da̠]	[pʌ̹ɲʌ̹kʰa̠da̠]	需翻译 (동사)
병아리	[pjʌ̹ŋa̠ɾi]	[pjʌ̹ŋa̠ɾi]	雏儿 (명사)
보완하다	[ˈpo̞(ː)wa̠nɦa̠da̠]	[ˈpo̞(ː)wa̠nɦa̠da̠]	补补 (동사)
보장되다	[ˈpo̞(ː)d͡ʑa̠ŋdwe̞da̠]	[ˈpo̞(ː)d͡ʑa̠ŋdwe̞da̠]	有待保证 (동사)
보충하다	[ˈpo̞(ː)t͡ɕʰuŋɦa̠da̠]	[ˈpo̞(ː)t͡ɕʰuŋɦa̠da̠]	补充 (동사)
보호하다	[ˈpo̞(ː)βo̞ɦa̠da̠]	[ˈpo̞(ː)βo̞ɦa̠da̠]	呵护 (동사)
복사기	[po̞ks͈a̠ɡi]	[po̞ks͈a̠ɡi]	复印机 (명사)
본격적	[po̞nk͈jʌ̹k̚t͡ɕ͈ʌ̹k̚]	[po̞nk͈jʌ̹k̚t͡ɕ͈ʌ̹k̚]	真正 (관형사)
부피	[pupʰi]	[pupʰi]	体积 (명사)
부회장	[ˈpu(ː)βwe̞d͡ʑa̠ŋ]	[ˈpu(ː)βwe̞d͡ʑa̠ŋ]	副委员长 (명사)
분리되다	[puʎʎidwe̞da̠]	[puʎʎidwe̞da̠]	待分离 (동사)
불과하다	[puɭɡwa̠ɦa̠da̠]	[puɭɡwa̠ɦa̠da̠]	不超过 (형용사)
불완전하다	[puɾwa̠ɲd͡ʑʌ̹nɦa̠da̠]	[puɾwa̠ɲd͡ʑʌ̹nɦa̠da̠]	不完整 (형용사)
불필요하다	[puɭpʰiɾjoɦa̠da̠]	[puɭpʰiɾjoɦa̠da̠]	不必要 (형용사)
사실상	[ˈsʰa̠(ː)ɕʰiɭs͈a̠ŋ]	[ˈsʰa̠(ː)ɕʰiɭs͈a̠ŋ]	实际上 ;prep.事实上 (부사)
사회주의	[sʰa̠βwe̞d͡ʑuɰi]	[sʰa̠βwe̞d͡ʑuɰi]	社会主义 (명사)
삼가다	[sʰa̠mɡa̠da̠]	[sʰa̠mɡa̠da̠]	避免 (동사)
삼국	[sʰa̠mɡuk̚]	[sʰa̠mɡuk̚]	三国 (명사)
상징하다	[sʰa̠ŋd͡ʑiŋɦa̠da̠]	[sʰa̠ŋd͡ʑiŋɦa̠da̠]	象征着 (동사)
색연필	[sʰɛŋɲʌ̹npʰiɭ]	[sʰɛŋɲʌ̹npʰiɭ]	彩铅 (명사)
생산되다	[sʰɛŋsʰa̠ndwe̞da̠]	[sʰɛŋsʰa̠ndwe̞da̠]	待制作 (동사)
생산력	[sʰɛŋsʰa̠nɲʌ̹k̚]	[sʰɛŋsʰa̠nɲʌ̹k̚]	生产力 (명사)
생산자	[sʰɛŋsʰa̠ɲd͡ʑa̠]	[sʰɛŋsʰa̠ɲd͡ʑa̠]	生产者；制造商 (名词)
생산하다	[sʰɛŋsʰa̠nɦa̠da̠]	[sʰɛŋsʰa̠nɦa̠da̠]	生产 (동사)
서민	[ˈsʰɘ(ː)min]	[ˈsʰɘ(ː)min]	常人 (명사)
서클	[s͈ʌ̹kxɯɭ]	[s͈ʌ̹kxɯɭ]	党 (명사)
선언하다	[sʰʌ̹nʌ̹nɦa̠da̠]	[sʰʌ̹nʌ̹nɦa̠da̠]	宣布 (동사)
설득하다	[sʰʌ̹ɭt͈ɯkʰa̠da̠]	[sʰʌ̹ɭt͈ɯkʰa̠da̠]	说服 (동사)
설립하다	[sʰʌ̹ʎʎipʰa̠da̠]	[sʰʌ̹ʎʎipʰa̠da̠]	建立 (동사)
성립되다	[sʰʌ̹ŋnip̚t͈we̞da̠]	[sʰʌ̹ŋnip̚t͈we̞da̠]	有待确定 (동사)
섹시하다	[sʰe̞kɕ͈iɦa̠da̠]	[sʰe̞kɕ͈iɦa̠da̠]	性感 (형용사)
소비하다	[sʰo̞biɦa̠da̠]	[sʰo̞biɦa̠da̠]	消费 (동사)
소요되다	[ˈsʰo̞(ː)jodwe̞da̠]	[ˈsʰo̞(ː)jodwe̞da̠]	被要求 (동사)
소유자	[ˈsʰo̞(ː)jud͡ʑa̠]	[ˈsʰo̞(ː)jud͡ʑa̠]	所有者 (명사)
속삭이다	[sʰo̞ks͈a̠ɡida̠]	[sʰo̞ks͈a̠ɡida̠]	窃窃私语 (동사)
손질하다	[sʰo̞ɲd͡ʑiɾɦa̠da̠]	[sʰo̞ɲd͡ʑiɾɦa̠da̠]	修复 (동사)
솜	[sʰo̞(ː)m]	[sʰo̞(ː)m]	棉花 (명사)
수컷	[sʰukʰʌ̹t̚]	[sʰukʰʌ̹t̚]	雄性动物 (명사)
슬그머니	[sʰɯɭɡɯmʌ̹ni]	[sʰɯɭɡɯmʌ̹ni]	悄咪咪 (부사)
승리하다	[sʰɯŋniɦa̠da̠]	[sʰɯŋniɦa̠da̠]	获得胜利 (동사)
시나리오	[ɕ͈ina̠ɾio̞]	[ɕ͈ina̠ɾio̞]	场景 (명사)
시즌	[ɕʰid͡ʑɯn]	[ɕʰid͡ʑɯn]	季节 (명사)
식생활	[ɕʰiks͈ɛŋβwa̠ɭ]	[ɕʰiks͈ɛŋβwa̠ɭ]	饮食习惯 (명사)
신규	[ɕʰinɡju]	[ɕʰinɡju]	新规定 (명사)
신중하다	[ˈɕʰi(ː)ɲd͡ʑuŋɦa̠da̠]	[ˈɕʰi(ː)ɲd͡ʑuŋɦa̠da̠]	周细 (형용사)
실시되다	[ɕʰiɭɕʰidwe̞da̠]	[ɕʰiɭɕʰidwe̞da̠]	见效慢 (동사)
실질적	[ɕʰiʎd͡ʑiʎd͡ʑʌ̹k̚]	[ɕʰiʎd͡ʑiʎd͡ʑʌ̹k̚]	该项目 (명사)
실현하다	[ɕʰiɾʝʌ̹nɦa̠da̠]	[ɕʰiɾʝʌ̹nɦa̠da̠]	达到 (동사)
아니하다	[a̠niɦa̠da̠]	[a̠niɦa̠da̠]	形式 않다 (형용사)
아스팔트	[a̠sʰɯpʰa̠ɭtʰɯ]	[a̠sʰɯpʰa̠ɭtʰɯ]	沥青 (명사)
안심하다	[a̠nɕʰimɦa̠da̠]	[a̠nɕʰimɦa̠da̠]	轻松休息 (동사)
안정되다	[a̠ɲd͡ʑʌ̹ŋdwe̞da̠]	[a̠ɲd͡ʑʌ̹ŋdwe̞da̠]	保持稳定 (동사)
알루미늄	[a̠ɭɭumiɲum]	[a̠ɭɭumiɲum]	铝 (명사)
알코올	[a̠ɭkʰo̞o̞ɭ]	[a̠ɭkʰo̞o̞ɭ]	酒精 (명사)
암컷	[a̠mkʰʌ̹t̚]	[a̠mkʰʌ̹t̚]	雌性动物 (명사)
앞문	[a̠mmun]	[a̠mmun]	前门 (명사)
야구장	[ˈja̠(ː)ɡud͡ʑa̠ŋ]	[ˈja̠(ː)ɡud͡ʑa̠ŋ]	棒球场 (명사)
양상추	[ja̠ŋsʰa̠ŋt͡ɕʰu]	[ja̠ŋsʰa̠ŋt͡ɕʰu]	生菜 (명사)
어째서	[ʌ̹t͡ɕ͈ɛsʰʌ̹]	[ʌ̹t͡ɕ͈ɛsʰʌ̹]	为什么 (부사)
어찌	[ʌ̹t͡ɕ͈i]	[ʌ̹t͡ɕ͈i]	工作 (부사)
얼핏	[ʌ̹ɭpʰit̚]	[ʌ̹ɭpʰit̚]	转眼间 (명사)
엇갈리다	[ʌ̹t̚k͈a̠ʎʎida̠]	[ʌ̹t̚k͈a̠ʎʎida̠]	缺席 (동사)
여겨지다	[jʌ̹ɡjʌ̹d͡ʑida̠]	[jʌ̹ɡjʌ̹d͡ʑida̠]	要考虑的 (동사)
여왕	[jʌ̹wa̠ŋ]	[jʌ̹wa̠ŋ]	皇后 (명사)
여전하다	[jʌ̹d͡ʑʌ̹nɦa̠da̠]	[jʌ̹d͡ʑʌ̹nɦa̠da̠]	保持和以前一样 (형용사)
영남	[jʌ̹ŋna̠m]	[jʌ̹ŋna̠m]	永南 (고유명사)
옆구리	[jʌ̹p̚k͈uɾi]	[jʌ̹p̚k͈uɾi]	不良面 (명사)
예상되다	[ˈje̞(ː)sʰa̠ŋdwe̞da̠]	[ˈje̞(ː)sʰa̠ŋdwe̞da̠]	可以预测或预期的 (동사)
예상하다	[ˈje̞(ː)sʰa̠ŋɦa̠da̠]	[ˈje̞(ː)sʰa̠ŋɦa̠da̠]	未来展望 (동사)
예약하다	[ˈje̞(ː)ja̠kʰa̠da̠]	[ˈje̞(ː)ja̠kʰa̠da̠]	预订 (동사)
예측하다	[ˈje̞(ː)t͡ɕʰɯkʰa̠da̠]	[ˈje̞(ː)t͡ɕʰɯkʰa̠da̠]	来预测 (동사)
오염되다	[ˈo̞(ː)jʌ̹mdwe̞da̠]	[ˈo̞(ː)jʌ̹mdwe̞da̠]	被污染 (동사)
올가을	[o̞ɭk͈a̠ɯɭ]	[o̞ɭk͈a̠ɯɭ]	今年秋天 (명사)
왕비	[wa̠ŋbi]	[wa̠ŋbi]	皇后 (명사)
외면하다	[ˈwe̞(ː)mjʌ̹nɦa̠da̠]	[ˈwe̞(ː)mjʌ̹nɦa̠da̠]	将目光移开 (동사)
요구되다	[joɡudwe̞da̠]	[joɡudwe̞da̠]	被要求 (동사)
요청하다	[jot͡ɕʰʌ̹ŋɦa̠da̠]	[jot͡ɕʰʌ̹ŋɦa̠da̠]	如何请求 (동사)
욕하다	[jokʰa̠da̠]	[jokʰa̠da̠]	滥用 (동사)
용서하다	[joŋsʰʌ̹ɦa̠da̠]	[joŋsʰʌ̹ɦa̠da̠]	原谅 (동사)
운영하다	[ˈu(ː)ɲʌ̹ŋɦa̠da̠]	[ˈu(ː)ɲʌ̹ŋɦa̠da̠]	运营 (동사)
위로하다	[ɥiɾo̞ɦa̠da̠]	[ɥiɾo̞ɦa̠da̠]	到控制台 (동사)
위원장	[ɥiwʌ̹ɲd͡ʑa̠ŋ]	[ɥiwʌ̹ɲd͡ʑa̠ŋ]	委员会的主席或主席。 (명사)
윗몸	[ɥinmo̞m]	[ɥinmo̞m]	上半身 (명사)
유능하다	[ˈju(ː)nɯŋɦa̠da̠]	[ˈju(ː)nɯŋɦa̠da̠]	有能力 (형용사)
유발하다	[juba̠ɾɦa̠da̠]	[juba̠ɾɦa̠da̠]	唤醒 (동사)
응답하다	[ˈɯ(ː)ŋda̠pʰa̠da̠]	[ˈɯ(ː)ŋda̠pʰa̠da̠]	回应 (동사)
의논하다	[ɰino̞nɦa̠da̠]	[ɰino̞nɦa̠da̠]	讨论 (동사)
의외로	[ˈɰi(ː)we̞ɾo̞]	[ˈɰi(ː)we̞ɾo̞]	居然 (부사)
이데올로기	[ide̞o̞ɭɭo̞ɡi]	[ide̞o̞ɭɭo̞ɡi]	意识形态 ,思想 (명사)
이동하다	[ido̞ŋɦa̠da̠]	[ido̞ŋɦa̠da̠]	移动 (동사)
이사장	[ˈi(ː)sʰa̠d͡ʑa̠ŋ]	[ˈi(ː)sʰa̠d͡ʑa̠ŋ]	总经理 (명사)
이해되다	[ˈi(ː)ɦɛdwe̞da̠]	[ˈi(ː)ɦɛdwe̞da̠]	要被理解 (동사)
인근	[inɡɯn]	[inɡɯn]	邻近 (명사)
인식하다	[inɕʰikʰa̠da̠]	[inɕʰikʰa̠da̠]	来识别 (동사)
인정되다	[iɲd͡ʑʌ̹ŋdwe̞da̠]	[iɲd͡ʑʌ̹ŋdwe̞da̠]	待认证 (동사)
인정하다	[iɲd͡ʑʌ̹ŋɦa̠da̠]	[iɲd͡ʑʌ̹ŋɦa̠da̠]	申明 (동사)
일정하다	[iʎt͡ɕ͈ʌ̹ŋɦa̠da̠]	[iʎt͡ɕ͈ʌ̹ŋɦa̠da̠]	待修复 (형용사)
일치하다	[iʎt͡ɕʰiɦa̠da̠]	[iʎt͡ɕʰiɦa̠da̠]	同意 (동사)
임신부	[ˈi(ː)mɕʰinbu]	[ˈi(ː)mɕʰinbu]	孕妇 (명사)
임신하다	[ˈi(ː)mɕʰinɦa̠da̠]	[ˈi(ː)mɕʰinɦa̠da̠]	来怀孕 (동사)
잊혀지다	[it͡ɕʰʌ̹d͡ʑida̠]	[it͡ɕʰʌ̹d͡ʑida̠]	被遗忘 (동사)
자극하다	[t͡ɕa̠ɡɯkʰa̠da̠]	[t͡ɕa̠ɡɯkʰa̠da̠]	刺激 (동사)
자율	[t͡ɕa̠juɭ]	[t͡ɕa̠juɭ]	自治 ,自主 (명사)
작성하다	[t͡ɕa̠ks͈ʌ̹ŋɦa̠da̠]	[t͡ɕa̠ks͈ʌ̹ŋɦa̠da̠]	训练 (동사)
잔디	[t͡ɕa̠ndi]	[t͡ɕa̠ndi]	草坪 (명사)
잠바	[t͡ɕa̠mba̠]	[t͡ɕa̠mba̠]	跳线 (명사)
잡수다	[t͡ɕa̠ps͈uda̠]	[t͡ɕa̠ps͈uda̠]	尊敬的形式 먹다 (동사)
장모님	[ˈt͡ɕa̠(ː)ŋmo̞nim]	[ˈt͡ɕa̠(ː)ŋmo̞nim]	尊敬的 장모 (명사)
장사꾼	[t͡ɕa̠ŋsʰa̠k͈un]	[t͡ɕa̠ŋsʰa̠k͈un]	商人 (명사)
재밌다	[t͡ɕɛmit̚t͈a̠]	[t͡ɕɛmit̚t͈a̠]	收缩 재미있다 (형용사)
저편	[t͡ɕʌ̹pʰjʌ̹n]	[t͡ɕʌ̹pʰjʌ̹n]	那边 (명사)
적용되다	[t͡ɕʌ̹ɡjoŋdwe̞da̠]	[t͡ɕʌ̹ɡjoŋdwe̞da̠]	如何申请 (동사)
적합하다	[t͡ɕʌ̹kʰa̠pʰa̠da̠]	[t͡ɕʌ̹kʰa̠pʰa̠da̠]	适合 (형용사)
전개되다	[ˈt͡ɕɘ(ː)nɡɛdwe̞da̠]	[ˈt͡ɕɘ(ː)nɡɛdwe̞da̠]	展开 (동사)
전달되다	[t͡ɕʌ̹nda̠ɭdwe̞da̠]	[t͡ɕʌ̹nda̠ɭdwe̞da̠]	待发往 (동사)
전반적	[t͡ɕʌ̹nba̠ɲd͡ʑʌ̹k̚]	[t͡ɕʌ̹nba̠ɲd͡ʑʌ̹k̚]	总体 (명사)
전주	[t͡ɕʌ̹ɲd͡ʑu]	[t͡ɕʌ̹ɲd͡ʑu]	含义的比喻性延伸 (명사)
접근하다	[t͡ɕʌ̹p̚k͈ɯnɦa̠da̠]	[t͡ɕʌ̹p̚k͈ɯnɦa̠da̠]	接近 (동사)
정신과	[t͡ɕʌ̹ŋɕʰink͈wa̠]	[t͡ɕʌ̹ŋɕʰink͈wa̠]	精神病学 (명사)
정치권	[t͡ɕʌ̹ŋt͡ɕʰik͈wʌ̹n]	[t͡ɕʌ̹ŋt͡ɕʰik͈wʌ̹n]	政治圈子 (명사)
정치학	[t͡ɕʌ̹ŋt͡ɕʰiɦa̠k̚]	[t͡ɕʌ̹ŋt͡ɕʰiɦa̠k̚]	政治科学 (명사)
제거하다	[t͡ɕe̞ɡʌ̹ɦa̠da̠]	[t͡ɕe̞ɡʌ̹ɦa̠da̠]	灭绝 (동사)
제대하다	[t͡ɕe̞dɛɦa̠da̠]	[t͡ɕe̞dɛɦa̠da̠]	出院 (동사)
제시되다	[t͡ɕe̞ɕʰidwe̞da̠]	[t͡ɕe̞ɕʰidwe̞da̠]	被动于 제시하다 (동사)
제외하다	[t͡ɕe̞we̞ɦa̠da̠]	[t͡ɕe̞we̞ɦa̠da̠]	要排除的网址 (동사)
제의하다	[t͡ɕe̞ɰiɦa̠da̠]	[t͡ɕe̞ɰiɦa̠da̠]	建议 (동사)
제한되다	[ˈt͡ɕe̞(ː)ɦa̠ndwe̞da̠]	[ˈt͡ɕe̞(ː)ɦa̠ndwe̞da̠]	受到限制 (동사)
제한하다	[ˈt͡ɕe̞(ː)ɦa̠nɦa̠da̠]	[ˈt͡ɕe̞(ː)ɦa̠nɦa̠da̠]	以限制 (동사)
조그마하다	[t͡ɕo̞ɡɯma̠ɦa̠da̠]	[t͡ɕo̞ɡɯma̠ɦa̠da̠]	要小 (형용사)
조직	[t͡ɕo̞d͡ʑik̚]	[t͡ɕo̞d͡ʑik̚]	主办 (명사)
존재하다	[t͡ɕo̞ɲd͡ʑɛɦa̠da̠]	[t͡ɕo̞ɲd͡ʑɛɦa̠da̠]	存在 (동사)
존중하다	[t͡ɕo̞ɲd͡ʑuŋɦa̠da̠]	[t͡ɕo̞ɲd͡ʑuŋɦa̠da̠]	尊重 (동사)
종소리	[t͡ɕo̞ŋs͈o̞ɾi]	[t͡ɕo̞ŋs͈o̞ɾi]	铃声/铃声 (명사)
종합하다	[t͡ɕo̞ŋɦa̠pʰa̠da̠]	[t͡ɕo̞ŋɦa̠pʰa̠da̠]	合成 (동사)
좋아	[ˈt͡ɕo̞(ː)a̠]	[ˈt͡ɕo̞(ː)a̠]	不定式的 좋다 (형용사)
죄인	[ˈt͡ɕwe̞(ː)in]	[ˈt͡ɕwe̞(ː)in]	犯 ,犯人,犯罪,犯罪分子,犯罪人,犯罪者, (명사)
주름살	[t͡ɕuɾɯmsʰa̠ɭ]	[t͡ɕuɾɯmsʰa̠ɭ]	皱纹 (명사)
주요하다	[t͡ɕujoɦa̠da̠]	[t͡ɕujoɦa̠da̠]	成为主要 (형용사)
중단하다	[t͡ɕuŋda̠nɦa̠da̠]	[t͡ɕuŋda̠nɦa̠da̠]	停止 (동사)
중요시하다	[ˈt͡ɕu(ː)ŋjoɕʰiɦa̠da̠]	[ˈt͡ɕu(ː)ŋjoɕʰiɦa̠da̠]	看重 (동사)
증권사	[t͡ɕɯŋk͈wʌ̹nsʰa̠]	[t͡ɕɯŋk͈wʌ̹nsʰa̠]	股票公司 (명사)
증명하다	[t͡ɕɯŋmjʌ̹ŋɦa̠da̠]	[t͡ɕɯŋmjʌ̹ŋɦa̠da̠]	来证明 (동사)
지도하다	[t͡ɕido̞ɦa̠da̠]	[t͡ɕido̞ɦa̠da̠]	指引 (동사)
지속되다	[t͡ɕisʰo̞k̚t͈we̞da̠]	[t͡ɕisʰo̞k̚t͈we̞da̠]	继续 (동사)
지속적	[t͡ɕisʰo̞k̚t͡ɕ͈ʌ̹k̚]	[t͡ɕisʰo̞k̚t͡ɕ͈ʌ̹k̚]	持续 (명사)
지시하다	[t͡ɕiɕʰiɦa̠da̠]	[t͡ɕiɕʰiɦa̠da̠]	直接 (동사)
지적되다	[t͡ɕid͡ʑʌ̹k̚t͈we̞da̠]	[t͡ɕid͡ʑʌ̹k̚t͈we̞da̠]	要指出的是 (동사)
지적하다	[t͡ɕid͡ʑʌ̹kʰa̠da̠]	[t͡ɕid͡ʑʌ̹kʰa̠da̠]	指向 (동사)
진급	[ˈt͡ɕi(ː)nɡɯp̚]	[ˈt͡ɕi(ː)nɡɯp̚]	升级 (명사)
진료	[ˈt͡ɕi(ː)ʎʎo]	[ˈt͡ɕi(ː)ʎʎo]	体检和治疗 (명사)
진실하다	[t͡ɕinɕʰiɾɦa̠da̠]	[t͡ɕinɕʰiɾɦa̠da̠]	真诚的 (형용사)
짐작하다	[t͡ɕimd͡ʑa̠kʰa̠da̠]	[t͡ɕimd͡ʑa̠kʰa̠da̠]	要猜的单词 (동사)
집중되다	[t͡ɕip̚t͡ɕ͈uŋdwe̞da̠]	[t͡ɕip̚t͡ɕ͈uŋdwe̞da̠]	待浓缩 (동사)
쩔쩔매다	[t͡ɕ͈ʌ̹ʎt͡ɕ͈ʌ̹ɭmɛda̠]	[t͡ɕ͈ʌ̹ʎt͡ɕ͈ʌ̹ɭmɛda̠]	慌乱 (동사)
찌꺼기	[t͡ɕ͈ik͈ʌ̹ɡi]	[t͡ɕ͈ik͈ʌ̹ɡi]	渣滓 (명사)
찬성하다	[ˈt͡ɕʰa̠(ː)nsʰʌ̹ŋɦa̠da̠]	[ˈt͡ɕʰa̠(ː)nsʰʌ̹ŋɦa̠da̠]	同意 (동사)
참되다	[t͡ɕʰa̠mt͈we̞da̠]	[t͡ɕʰa̠mt͈we̞da̠]	要真实 (형용사)
참여하다	[t͡ɕʰa̠mjʌ̹ɦa̠da̠]	[t͡ɕʰa̠mjʌ̹ɦa̠da̠]	参与 (동사)
창조적	[ˈt͡ɕʰa̠(ː)ŋd͡ʑo̞d͡ʑʌ̹k̚]	[ˈt͡ɕʰa̠(ː)ŋd͡ʑo̞d͡ʑʌ̹k̚]	创造性的 (명사)
창조하다	[ˈt͡ɕʰa̠(ː)ŋd͡ʑo̞ɦa̠da̠]	[ˈt͡ɕʰa̠(ː)ŋd͡ʑo̞ɦa̠da̠]	创设 (동사)
처지	[ˈt͡ɕʰɘ(ː)d͡ʑi]	[ˈt͡ɕʰɘ(ː)d͡ʑi]	职位 (명사)
철저하다	[t͡ɕʰʌ̹ʎt͡ɕ͈ʌ̹ɦa̠da̠]	[t͡ɕʰʌ̹ʎt͡ɕ͈ʌ̹ɦa̠da̠]	彻底 (형용사)
철학	[t͡ɕʰʌ̹ɾɦa̠k̚]	[t͡ɕʰʌ̹ɾɦa̠k̚]	哲学 (명사)
철학자	[t͡ɕʰʌ̹ɾɦa̠k̚t͡ɕ͈a̠]	[t͡ɕʰʌ̹ɾɦa̠k̚t͡ɕ͈a̠]	哲学家 (명사)
체험하다	[t͡ɕʰe̞ɦʌ̹mɦa̠da̠]	[t͡ɕʰe̞ɦʌ̹mɦa̠da̠]	该怎么操作了。 (동사)
최악	[ˈt͡ɕʰwe̞(ː)a̠k̚]	[ˈt͡ɕʰwe̞(ː)a̠k̚]	最不好 (명사)
최후	[ˈt͡ɕʰwe̞(ː)βu]	[ˈt͡ɕʰwe̞(ː)βu]	最后一周 (명사)
추가하다	[t͡ɕʰuɡa̠ɦa̠da̠]	[t͡ɕʰuɡa̠ɦa̠da̠]	添加 (동사)
출발점	[t͡ɕʰuɭba̠ʎt͡ɕ͈ʌ̹m]	[t͡ɕʰuɭba̠ʎt͡ɕ͈ʌ̹m]	起点 (명사)
출석하다	[t͡ɕʰuɭsʰʌ̹kʰa̠da̠]	[t͡ɕʰuɭsʰʌ̹kʰa̠da̠]	出席 (동사)
출판사	[t͡ɕʰuɭpʰa̠nsʰa̠]	[t͡ɕʰuɭpʰa̠nsʰa̠]	出版商 (명사)
출현하다	[t͡ɕʰuɾʝʌ̹nɦa̠da̠]	[t͡ɕʰuɾʝʌ̹nɦa̠da̠]	驾照 (동사)
충돌하다	[t͡ɕʰuŋdo̞ɾɦa̠da̠]	[t͡ɕʰuŋdo̞ɾɦa̠da̠]	碰撞 (동사)
칠하다	[t͡ɕʰiɾɦa̠da̠]	[t͡ɕʰiɾɦa̠da̠]	来油漆 (동사)
칭찬하다	[t͡ɕʰiŋt͡ɕʰa̠nɦa̠da̠]	[t͡ɕʰiŋt͡ɕʰa̠nɦa̠da̠]	恭维 (동사)
캐릭터	[kʰɛɾik̚tʰʌ̹]	[kʰɛɾik̚tʰʌ̹]	虚假的角色 (명사)
케첩	[kʰe̞t͡ɕʰʌ̹p̚]	[kʰe̞t͡ɕʰʌ̹p̚]	番茄酱 (명사)
코끝	[kʰo̞k͈ɯt̚]	[kʰo̞k͈ɯt̚]	鼻尖 (명사)
쾌감	[kʰwɛɡa̠m]	[kʰwɛɡa̠m]	愉悦的感觉 (명사)
쿠데타	[kʰude̞tʰa̠]	[kʰude̞tʰa̠]	政变 (명사)
타자기	[ˈtʰa̠(ː)d͡ʑa̠ɡi]	[ˈtʰa̠(ː)d͡ʑa̠ɡi]	输入文本 (명사)
탁월하다	[tʰa̠ɡwʌ̹ɾɦa̠da̠]	[tʰa̠ɡwʌ̹ɾɦa̠da̠]	优秀 (형용사)
탓	[tʰa̠t̚]	[tʰa̠t̚]	在 (명사)
테러	[tʰe̞ɾʌ̹]	[tʰe̞ɾʌ̹]	恐怖主义行为 (명사)
텍스트	[tʰe̞ks͈ɯtʰɯ]	[tʰe̞ks͈ɯtʰɯ]	文本 (명사)
토대	[tʰo̞dɛ]	[tʰo̞dɛ]	收牌区slot type (명사)
토론하다	[ˈtʰo̞(ː)ɾo̞nɦa̠da̠]	[ˈtʰo̞(ː)ɾo̞nɦa̠da̠]	辩论 (동사)
토론회	[ˈtʰo̞(ː)ɾo̞nβwe̞]	[ˈtʰo̞(ː)ɾo̞nβwe̞]	争论 (명사)
통과하다	[tʰo̞ŋɡwa̠ɦa̠da̠]	[tʰo̞ŋɡwa̠ɦa̠da̠]	及格线 (동사)
통로	[tʰo̞ŋno̞]	[tʰo̞ŋno̞]	通道 (명사)
통일하다	[tʰo̞ŋiɾɦa̠da̠]	[tʰo̞ŋiɾɦa̠da̠]	统一 (동사)
통합	[ˈtʰo̞(ː)ŋɦa̠p̚]	[ˈtʰo̞(ː)ŋɦa̠p̚]	共同租借权 , 统一 ,团结 (명사)
튀다	[tʰɥida̠]	[tʰɥida̠]	飞溅 (동사)
튀어나오다	[tʰɥiʌ̹na̠o̞da̠]	[tʰɥiʌ̹na̠o̞da̠]	突出 (동사)
트이다	[tʰɯida̠]	[tʰɯida̠]	获得清除 (동사)
특수성	[tʰɯks͈usʰʌ̹ŋ]	[tʰɯks͈usʰʌ̹ŋ]	特殊而言 (명사)
특이하다	[tʰɯɡiɦa̠da̠]	[tʰɯɡiɦa̠da̠]	不常见 (형용사)
특정하다	[tʰɯk̚t͡ɕ͈ʌ̹ŋɦa̠da̠]	[tʰɯk̚t͡ɕ͈ʌ̹ŋɦa̠da̠]	特殊 (형용사)
튼튼히	[tʰɯntʰɯnʝi]	[tʰɯntʰɯnʝi]	强烈地 (부사)
파괴하다	[ˈpʰa̠(ː)ɡwe̞ɦa̠da̠]	[ˈpʰa̠(ː)ɡwe̞ɦa̠da̠]	摧毁或拆除 (동사)
파악하다	[pʰa̠a̠kʰa̠da̠]	[pʰa̠a̠kʰa̠da̠]	彻底理解或掌握 (동사)
판단하다	[pʰa̠nda̠nɦa̠da̠]	[pʰa̠nda̠nɦa̠da̠]	裁定 (동사)
팝송	[pʰa̠ps͈o̞ŋ]	[pʰa̠ps͈o̞ŋ]	西方流行歌曲 (명사)
팩스	[pʰɛks͈ɯ]	[pʰɛks͈ɯ]	传真 (명사)
팩시밀리	[pʰɛkɕ͈imiʎʎi]	[pʰɛkɕ͈imiʎʎi]	影印本 (명사)
평가되다	[ˈpʰjɘ(ː)ŋɡa̠dwe̞da̠]	[ˈpʰjɘ(ː)ŋɡa̠dwe̞da̠]	待估算 (동사)
평가하다	[ˈpʰjɘ(ː)ŋk͈a̠ɦa̠da̠]	[ˈpʰjɘ(ː)ŋk͈a̠ɦa̠da̠]	去评价 (동사)
평양	[pʰjʌ̹ŋja̠ŋ]	[pʰjʌ̹ŋja̠ŋ]	平壤 (고유명사)
표현되다	[pʰjoʝʌ̹ndwe̞da̠]	[pʰjoʝʌ̹ndwe̞da̠]	待表达 (동사)
하룻밤	[ha̠ɾut̚p͈a̠m]	[ha̠ɾut̚p͈a̠m]	一晚 (명사)
하반기	[ˈha̠(ː)ba̠nɡi]	[ˈha̠(ː)ba̠nɡi]	下半年 (명사)
학번	[ha̠k̚p͈ʌ̹n]	[ha̠k̚p͈ʌ̹n]	年 (명사)
학술	[ha̠ks͈uɭ]	[ha̠ks͈uɭ]	文理科 (명사)
한반도	[ˈha̠(ː)nba̠ndo̞]	[ˈha̠(ː)nba̠ndo̞]	朝鲜半岛 (고유명사)
한정되다	[ha̠ɲd͡ʑʌ̹ŋdwe̞da̠]	[ha̠ɲd͡ʑʌ̹ŋdwe̞da̠]	受到限制 (동사)
함께하다	[ha̠mk͈e̞ɦa̠da̠]	[ha̠mk͈e̞ɦa̠da̠]	是 (동사)
합격하다	[ha̠p̚k͈jʌ̹kʰa̠da̠]	[ha̠p̚k͈jʌ̹kʰa̠da̠]	及格线 (동사)
항공기	[ˈha̠(ː)ŋɡo̞ŋɡi]	[ˈha̠(ː)ŋɡo̞ŋɡi]	航空器 (명사)
해결되다	[ˈhɛ(ː)ɡjʌ̹ɭdwe̞da̠]	[ˈhɛ(ː)ɡjʌ̹ɭdwe̞da̠]	等待结算 (동사)
해답	[ˈhɛ(ː)da̠p̚]	[ˈhɛ(ː)da̠p̚]	个答案 (명사)
해당되다	[hɛda̠ŋdwe̞da̠]	[hɛda̠ŋdwe̞da̠]	对应 (동사)
허락하다	[hʌ̹ɾa̠kʰa̠da̠]	[hʌ̹ɾa̠kʰa̠da̠]	允许 (동사)
헬기	[he̞ɭɡi]	[he̞ɭɡi]	直升机 (명사)
현관문	[çʌ̹nɡwa̠nmun]	[çʌ̹nɡwa̠nmun]	前门 (명사)
혈액	[çʌ̹ɾɛk̚]	[çʌ̹ɾɛk̚]	血液 (명사)
형성되다	[çʌ̹ŋsʰʌ̹ŋdwe̞da̠]	[çʌ̹ŋsʰʌ̹ŋdwe̞da̠]	以形成或成形 (동사)
형성하다	[çʌ̹ŋsʰʌ̹ŋɦa̠da̠]	[çʌ̹ŋsʰʌ̹ŋɦa̠da̠]	以形成 (동사)
형식적	[çʌ̹ŋɕʰik̚t͡ɕ͈ʌ̹k̚]	[çʌ̹ŋɕʰik̚t͡ɕ͈ʌ̹k̚]	正规 (명사)
혼잣말	[ɸʷo̞ɲd͡ʑa̠nma̠ɭ]	[ɸʷo̞ɲd͡ʑa̠nma̠ɭ]	自取其辱 (명사)
홀로	[ɸʷo̞ɭɭo̞]	[ɸʷo̞ɭɭo̞]	寂寞 (부사)
확산되다	[ɸwa̠ks͈a̠ndwe̞da̠]	[ɸwa̠ks͈a̠ndwe̞da̠]	被动于 확산하다 (동사)
확신하다	[ɸwa̠kɕ͈inɦa̠da̠]	[ɸwa̠kɕ͈inɦa̠da̠]	被说服 (동사)
확인되다	[ɸwa̠ɡindwe̞da̠]	[ɸwa̠ɡindwe̞da̠]	未验证 (동사)
환경오염	[ɸwa̠nɡjʌ̹ŋo̞jʌ̹m]	[ɸwa̠nɡjʌ̹ŋo̞jʌ̹m]	公害 ,环境污染 (명사)
환영하다	[ɸwa̠ɲʌ̹ŋɦa̠da̠]	[ɸwa̠ɲʌ̹ŋɦa̠da̠]	欢迎 (동사)
회견	[ˈɸwe̞(ː)ɡjʌ̹n]	[ˈɸwe̞(ː)ɡjʌ̹n]	采访 (명사)
회관	[ˈɸwe̞(ː)ɡwa̠n]	[ˈɸwe̞(ː)ɡwa̠n]	休息室 (명사)
효도하다	[ˈço(ː)do̞ɦa̠da̠]	[ˈço(ː)do̞ɦa̠da̠]	孝道 (형용사)
흐려지다	[xɯɾjʌ̹d͡ʑida̠]	[xɯɾjʌ̹d͡ʑida̠]	变得多云 (동사)
흑인	[xɯɡin]	[xɯɡin]	黑人 (명사)
희곡	[çiɡo̞k̚]	[çiɡo̞k̚]	播放 (명사)
힘겹다	[çimɡjʌ̹p̚t͈a̠]	[çimɡjʌ̹p̚t͈a̠]	困难 (형용사)
