abandon	Le refuge recueille les chiens victimes d'abandon.	收容所收留遭遗弃的狗。
abandon	Après son abandon des études, il a appris un métier manuel.	辍学之后，他学了一门手艺。
abandon	L'abandon du projet a déçu toute l'équipe.	项目被放弃，全队都很失望。
abdomen	Le médecin palpe l'abdomen du patient avec précaution.	医生小心地按压病人的腹部。
abdomen	Il porte un bandage serré autour de l'abdomen après l'opération.	术后他的腹部缠着绷带。
abdomen	Les douleurs à l'abdomen l'ont réveillé cette nuit.	昨晚腹痛把他疼醒了。
abdominal	Le kiné lui prescrit des exercices pour les muscles abdominaux.	理疗师给他开了针对腹部肌肉的锻炼。
abdominal	Une douleur abdominale persistante nécessite une consultation rapide.	持续的腹痛需要尽快就医。
abdominal	La respiration abdominale aide à se détendre avant l'examen.	腹式呼吸有助于考前放松。
abject	Mentir à une mourante pour lui voler son argent, c'est abject.	为偷钱而对临终之人撒谎，卑劣至极。
abject	Le tribunal a décrit un comportement d'une lâcheté abjecte.	法庭认定其行为怯懦卑鄙。
abject	Ces menaces abjectes lui ont valu une condamnation ferme.	这些卑劣的威胁让他受到了严惩。
abominable	Nous avons subi un temps abominable pendant tout le séjour.	整个假期我们都被糟糕透顶的天气困扰。
abominable	Le crime a été qualifié d'abominable par le procureur.	检察官称这一罪行令人发指。
abominable	Elle se souvient de cette semaine abominable à l'hôpital.	她仍记得在医院度过的那一周，苦不堪言。
about	Le menuisier ponce l'about de la planche avant l'assemblage.	木匠在拼装前把木板的端头打磨光滑。
about	L'about de la poutre s'appuie sur le mur de pierre.	梁的末端支在石墙上。
about	Les deux abouts des câbles se rejoignent dans la boîte.	电缆的两个端头在线盒里相接。
absence	Son absence a été remarquée par tout le monde à la réunion.	他的缺席在会上被所有人都注意到了。
absence	Rien ne pousse dans cette pièce à cause de l'absence de lumière.	由于缺乏光照，这个房间里什么也长不出来。
absence	Justifie ton absence auprès du professeur dès demain matin.	最迟明天上午去向老师说明你缺席的原因。
absent	Trois élèves sont absents aujourd'hui à cause de la grippe.	今天有三名学生因流感缺课。
absent	Pendant la réunion, il avait l'air absent, le regard perdu ailleurs.	开会时他一副心不在焉的样子，目光飘向别处。
absent	Le directeur est absent toute la semaine, il revient lundi.	主任整个星期都不在，周一回来。
absorber	Les plantes absorbent l'eau par leurs racines.	植物通过根部吸收水分。
absorber	Cette éponge absorbe deux fois son poids en liquide.	这种海绵能吸收相当于自身两倍重量的液体。
absorber	Le pays a dû absorber un afflux soudain de touristes.	这个国家不得不承受游客的突然涌入。
abuser	Ne vous laissez pas abuser par ses promesses trop belles.	别被他动听的承诺蒙骗。
abuser	Il abuse de la patience de ses voisins avec ses fêtes bruyantes.	他老开吵闹的派对，滥用了邻居们的耐心。
abuser	Ce vendeur a abusé de la confiance d'une cliente âgée.	这个推销员利用一位老年顾客的信任行骗。
accent	Elle parle français avec un léger accent du sud.	她说法语带一点南方口音。
accent	Mets l'accent sur la dernière syllabe de ce mot.	这个词的重音要放在最后一个音节上。
accent	On a reconnu sa ville rien qu'à son accent.	光听口音大家就认出他来自哪座城市。
acceptable	Un retard de deux heures reste acceptable pour ce train.	这趟火车晚点两小时还算能接受。
acceptable	Propose un prix acceptable et l'affaire sera conclue.	报个能接受的价格，生意就成交。
acceptable	De telles conditions de travail ne sont plus acceptables.	这样的工作条件再也不能容忍了。
accessible	Le musée est accessible aux fauteuils roulants.	博物馆可以坐轮椅进出。
accessible	Ce roman reste accessible même pour les débutants en français.	这部小说即使是法语初学者也读得懂。
accessible	La montagne n'est accessible qu'à pied, en quatre heures de marche.	这座山只能徒步攀登，要走上四个小时。
accident	Il y a eu un grave accident sur la rocade ce matin.	今天早上环城路上发生了一起严重事故。
accident	Elle s'est cassé le poignet dans un accident de vélo.	她在一次自行车事故中摔断了手腕。
accident	Ce n'est pas ta faute, c'était vraiment un accident.	这不是你的错，那真的是个意外。
acclamation	Le candidat a été désigné par acclamation dès le premier vote.	候选人在首轮表决中即获全场欢呼通过。
acclamation	L'équipe a été accueillie par des acclamations à sa descente de l'avion.	球队下飞机时受到人群的欢呼迎接。
acclamation	Sous les acclamations du public, la chanteuse est revenue sur scène.	在观众的欢呼声中，歌手重返舞台。
accord	Nous sommes enfin d'accord sur la date de la réunion.	我们终于就会议日期达成了一致。
accord	Les deux pays ont signé un accord commercial hier.	两国昨天签署了一项贸易协定。
accord	Tout le monde est d'accord ? Alors on commence !	大家都同意了吗？那我们开始吧！
accusation	Cette accusation de vol est totalement infondée.	这起盗窃指控完全没有根据。
accusation	Il a affronté les accusations avec calme devant le juge.	在法官面前，他冷静地面对各项指控。
accusation	Une accusation sans preuve peut détruire une réputation.	没有证据的指控足以毁掉一个人的名声。
accuser	N'accuse pas ton frère sans preuve.	没有证据别怪你弟弟。
accuser	Le témoin a accusé formellement le conducteur du camion.	证人明确指认了卡车司机。
accuser	Les journalistes accusent la municipalité de négligence.	记者们指责市政府玩忽职守。
acquisition	L'acquisition du nouveau logiciel a coûté plus que prévu.	购置新软件的花费超出了预期。
acquisition	La langue s'enrichit par l'acquisition progressive du vocabulaire.	语言是通过逐步积累词汇获得的。
acquisition	Le musée a fait l'acquisition d'un tableau rare.	博物馆购得了一幅稀有的画作。
action	Passons à l'action au lieu de discuter toute la nuit.	别整晚讨论了，我们开始行动吧。
action	Sauver ce chat coincé dans l'arbre était une action courageuse.	把被困在树上的猫救下来是一种勇敢的行动。
action	Ses actions parlent beaucoup plus fort que ses promesses.	他的行动比他的承诺有力得多。
activation	L'activation de la carte se fait en ligne en deux minutes.	卡片的激活在线两分钟就能完成。
activation	L'activation du système d'alarme est automatique la nuit.	夜间警报系统会自动启动。
activation	Une simple activation du compte a suffi à débloquer les services.	只需激活账户，服务即可解锁。
adaptation	L'adaptation du roman au cinéma sortira en décembre.	这部小说的电影改编版十二月上映。
adaptation	Son adaptation à la nouvelle ville a pris un an.	适应新城市花了他一整年。
adaptation	Cette adaptation de la bande dessinée respecte l'esprit de l'original.	这部漫画改编作品保留了原作的神韵。
adapter	Il faut adapter le menu aux goûts des invités.	菜单要按客人的口味来调整。
adapter	Elle s'adapte vite à son nouvel environnement de travail.	她很快适应了新的工作环境。
adapter	Ce logement a été adapté aux personnes à mobilité réduite.	这套住房为行动不便的人做了改造。
addition	Garçon, l'addition, s'il vous plaît !	服务员，请结账！
addition	Ils ont partagé l'addition en trois parts égales.	他们把账单平均分成了三份。
addition	Vérifie ton addition avant de donner le résultat.	检查一下你的加法再写答案。
adieu	Il lui a dit adieu avant de monter dans le train.	上车前他向她道了别。
adieu	Elle a fait ses adieux à sa famille à l'aéroport.	她在机场和家人道别。
adieu	Adieu, mon ami, bon voyage et bonne chance !	别了，我的朋友，一路顺风，好运！
adjoint	Le maire a confié les dossiers culturels à son adjoint.	市长把文化方面的文件交给了副市长。
adjoint	Mon adjoint signera les bons de commande en mon absence.	我不在时，由副手签署订单。
adjoint	Elle a été nommée adjointe du directeur commercial.	她被任命为销售总监的副手。
administration	L'administration de l'hôpital a embauché vingt infirmiers.	医院管理层新聘了二十名护士。
administration	Ce dossier traîne depuis des semaines dans l'administration.	这份材料在行政部门压了好几个星期。
administration	L'administration centrale a validé notre demande de subvention.	中央行政部门批准了我们的补贴申请。
admirable	Elle a gardé un calme admirable pendant toute la crise.	整个危机期间，她始终镇定得令人赞叹。
admirable	Le sauveteur a fait preuve d'un courage admirable.	救援人员表现出令人敬佩的勇气。
admirable	La vue depuis la terrasse est tout simplement admirable.	从露台望出去的景色美得让人惊叹。
admiration	Elle regarde sa grand-mère avec beaucoup d'admiration.	她满怀钦佩地看着奶奶。
admiration	Son courage force l'admiration de toute l'équipe.	他的勇气赢得了全队的敬佩。
admiration	Il a gagné mon admiration en sauvant cet enfant de l'eau.	他从水里救出那个孩子，让我由衷敬佩。
admirer	Nous nous sommes arrêtés pour admirer la vue sur la vallée.	我们停下来欣赏山谷的景色。
admirer	Elle admire beaucoup son professeur de musique.	她非常钦佩她的音乐老师。
admirer	Les touristes admirent les fresques de la chapelle depuis ce matin.	游客们从今天早上起就在欣赏小教堂的壁画。
admission	L'admission à cette école se fait sur concours.	这所学校凭考试成绩录取。
admission	Le billet comprend l'admission aux deux expositions.	这张票包含两个展览的入场资格。
admission	Les frais d'admission couvrent le premier semestre.	入学费用涵盖第一学期。
ado	Les ados passent trop de temps sur leurs téléphones.	青少年在手机上花的时间太多了。
ado	À quinze ans, c'est un ado plutôt réservé.	十五岁的他是个相当内向的少年。
ado	Ma sœur était un ado turbulent, toujours dehors avec ses amis.	我妹妹年少时很爱闹腾，总和朋友在外面跑。
adolescence	Il a passé son adolescence dans une petite ville de Provence.	他在普罗旺斯的一座小城度过了少年时代。
adolescence	L'adolescence est une période de grands changements.	青春期是一个变化巨大的阶段。
adolescence	Elle garde de son adolescence une passion pour le rock.	从少年时代起，她就热爱摇滚乐。
adolescent	Cet adolescent rêve de devenir pilote de ligne.	这个少年梦想成为民航飞行员。
adolescent	Les adolescents passent beaucoup de temps sur leurs téléphones.	青少年在手机上花的时间很多。
adolescent	Déjà adolescent, il dessinait ses propres bandes dessinées.	还在少年时，他就画起了自己的连环画。
adopter	Ils ont décidé d'adopter un enfant après deux ans de démarches.	经过两年的手续，他们决定领养一个孩子。
adopter	Adoptez cette habitude simple : marcher trente minutes par jour.	养成这个简单的习惯：每天步行三十分钟。
adopter	La ville a adopté de nouvelles règles de stationnement.	市里通过了新的停车规定。
adoption	L'adoption de leur fille a changé leur vie.	领养女儿改变了他们的生活。
adoption	Le vote sur l'adoption de la loi aura lieu mardi.	法律草案的表决将在周二进行。
adoption	Un chien attend son adoption au refuge depuis six mois.	一只狗在收容所等领养已经等了半年。
adorable	Votre fille est vraiment adorable avec les plus petits.	您女儿对小小孩真的很友好贴心。
adorable	C'était adorable de sa part de nous prêter sa voiture.	他把车借给我们，真是太贴心了。
adorable	Ils ont adopté un chiot adorable aux grandes oreilles.	他们收养了一只长着大耳朵的可爱小狗。
affectation	Son affectation à la branche lyonnaise prend effet en janvier.	他调往里昂分部的任命一月起生效。
affectation	Il parle sans affectation, avec des mots simples.	他说话毫不做作，用词朴实。
affectation	La commission a confirmé son affectation au service des Archives.	委员会确认了他调往档案部门的安排。
affection	Elle témoigne une grande affection à ses nièces.	她对侄女们怀有深厚的感情。
affection	Son affection pour son chien n'a pas de limites.	她对狗的喜爱毫无保留。
affection	Entre eux, une profonde affection a grandi avec les années.	岁月让他们之间的情谊愈发深厚。
affront	Refuser l'invitation du clan rival fut perçu comme un affront.	拒绝敌对家族的邀请被视为一种冒犯。
affront	Il a essuyé un affront public devant toute la cour.	他当着满朝文武的面受了羞辱。
affront	Laver cet affront exigera des excuses formelles.	要洗刷这次侮辱，必须正式道歉。
agenda	Note la date de l'examen dans ton agenda.	把考试日期记在你的日程本上。
agenda	Mon agenda est déjà plein pour le mois de juin.	我六月的日程已经排满了。
agenda	Je vérifie mon agenda avant de te confirmer la réunion.	确认会议之前我先查一下日程安排。
agent	L'agent de sécurité vérifie les sacs à l'entrée du stade.	安保人员在体育场入口检查背包。
agent	Un agent immobilier nous a fait visiter trois appartements.	一位房产中介带我们看了三套公寓。
agent	Cet agent secret voyage sous une fausse identité.	这名特工用假身份四处行动。
agile	Le chat agile saute du mur au toit sans effort.	敏捷的猫不费劲就能从墙头跳上屋顶。
agile	Ses doigts agiles volent sur le clavier.	她灵巧的手指在键盘上翻飞。
agile	Reste agile en dansant trois fois par semaine.	每周跳三次舞，能保持身体灵活。
agitation	Une vague d'agitation traverse la foule devant le palais.	王宫前的人群掀起一阵骚动。
agitation	Après la journée d'agitation, les enfants se sont enfin endormis.	闹腾了一整天，孩子们终于睡着了。
agitation	Son agitation contrastait avec le calme du salon.	她的焦躁与客厅的安静形成鲜明对比。
agriculture	L'agriculture biologique gagne du terrain dans le pays.	有机农业在这个国家不断发展。
agriculture	Autrefois, l'agriculture occupait la majorité de la population.	过去，大多数人都以农业为生。
agriculture	Il étudie l'agriculture de montagne dans une école spécialisée.	他在一所专业学校学习山地农业。
aide	Merci pour ton aide, je n'y serais pas arrivé seul.	多亏你帮忙，不然我一个人可做不到。
aide	J'ai besoin d'aide pour porter ces cartons.	这些箱子我需要人帮忙搬。
aide	Elle travaille comme aide à domicile auprès des personnes âgées.	她的工作是上门照护老人。
ail	Ajoute une gousse d'ail à la sauce tomate.	往番茄酱里加一瓣大蒜。
ail	Cette soupe à l'ail est un remède de grand-mère.	这大蒜汤是奶奶辈的老偏方。
ail	Il ne faut pas trop d'ail dans cette recette de tarte.	这个挞的配方里大蒜不能放太多。
air	Ouvre la fenêtre pour renouveler l'air de la chambre.	打开窗户，让房间里的空气流通一下。
air	Elle a un air fatigué depuis la rentrée.	开学以来她看起来一副疲惫的样子。
air	Respire le grand air de la montagne, ça te fera du bien.	呼吸山里的新鲜空气，对你有好处。
album	Le dernier album de ce groupe sort en octobre.	这个乐队的最新专辑十月份发行。
album	Nous feuilletons le vieil album de photos de mariage.	我们翻看那本旧婚礼相册。
album	Elle collectionne les albums de bandes dessinées depuis l'enfance.	她从小就收藏连环画册。
alias	Le suspect, alias « Le Corse », a été arrêté à Gênes.	绰号“科西嘉人”的嫌疑人在热那亚落网。
alias	Sur les forums, il écrivait sous l'alias « Vent du Nord ».	在论坛上，他以“北风”为别名发帖。
alias	Le commissaire traque « Fantômas », alias le professeur Latouche.	警长追捕的“幽灵”，真名是拉图什教授。
alibi	Son alibi est solide : il était chez le dentiste à midi.	他的不在场证明很可靠：中午他在牙医那里。
alibi	Les enquêteurs ont vérifié l'alibi des deux frères.	侦查人员核实了兄弟俩的不在场证明。
alibi	Son emploi du temps chargé n'est qu'un alibi pour éviter les retrouvailles.	所谓日程太满，不过是他回避重逢的托词。
aliment	Le riz est l'aliment de base de la moitié du monde.	世界上有一半的人以大米为主食。
aliment	Certains aliments se conservent mieux au frais.	有些食品冷藏保存更好。
aliment	Ce supermarché retire un aliment suspect de ses rayons.	这家超市把一种可疑食品下架了。
alimentation	Une bonne alimentation aide à rester en forme.	良好的饮食有助于保持健康。
alimentation	Il a changé son alimentation après le diagnostic du médecin.	确诊之后，他调整了自己的饮食。
alimentation	L'alimentation des nourrissons demande beaucoup d'attention.	婴儿的喂养需要格外细心。
alliance	Les deux entreprises ont signé une alliance pour développer ce projet.	两家公司签署联盟协议，共同开发这个项目。
alliance	Il a perdu son alliance en lavant la vaisselle.	他洗碗时把结婚戒指弄丢了。
alliance	Une alliance solide entre les écoles et les familles profite aux enfants.	学校与家庭紧密合作，孩子们受益。
alligator	Un alligator se prélassait au bord du marécage.	一只短吻鳄在沼泽边晒太阳。
alligator	Les alligators chassent surtout la nuit.	短吻鳄主要在夜间捕猎。
alligator	Ce zoo nourrit ses alligators une fois par semaine.	这家动物园每周给短吻鳄喂一次食。
allo	Allo, ici Marie, tu m'entends bien ?	喂，我是玛丽，你听得清楚吗？
allo	Il a dit allô deux fois, mais personne ne répondait.	他喂了两声，可没有人应答。
allo	Allo, tu peux m'entendre ? Ça coupe tout le temps.	喂，你能听到我说话吗？信号老断。
allocation	L'allocation de rentrée aide les familles à équiper les enfants.	开学补助帮助家庭为孩子添置用品。
allocation	Il perçoit une allocation chômage depuis six mois.	他领失业津贴已经六个月了。
allocation	L'allocation logement couvre une partie du loyer.	住房补贴能覆盖一部分房租。
allure	Elle marche d'une allure rapide malgré la chaleur.	尽管天气炎热，她仍走得飞快。
allure	Ce cheval a une allure majestueuse au galop.	这匹马飞奔起来姿态威严。
allure	Garde une allure régulière pour finir le marathon.	保持匀速才能跑完马拉松。
allusion	Fais-moi grâce de tes allusions sur mon âge.	别再拿年龄影射我了。
allusion	Le discours du président contenait une allusion claire à ses rivaux.	主席的讲话中有一处明显暗指他的对手。
allusion	Son sourire laissait entendre une allusion que je n'ai pas saisie.	他的笑容里似乎藏着一句我没听懂的暗示。
alpha	Le professeur a écrit un grand alpha au tableau.	老师在黑板上写了一个大大的阿尔法。
alpha	Cette mission marque l'alpha d'une nouvelle ère spatiale.	这次任务标志着太空新纪元的开端。
alpha	Dans le classement, l'équipe alpha part en tête.	排行榜上，阿尔法队暂列第一。
alphabet	Les tout-petits apprennent l'alphabet en chantant.	小孩子们边唱歌边学字母表。
alphabet	Combien de lettres compte l'alphabet grec ?	希腊字母表有多少个字母？
alphabet	L'enfant récite l'alphabet du début à la fin sans se tromper.	这孩子把字母表从头背到尾，一个不错。
alternative	Le train reste une bonne alternative à la voiture en ville.	在城里，火车仍是汽车之外的另一个好选择。
alternative	Nous n'avons pas d'autre alternative que d'annuler la sortie.	除了取消出行，我们没有别的办法。
alternative	Le menu végétarien offre une alternative aux plats de viande.	素食菜单为肉菜之外提供了另一种选择。
altitude	À cette altitude, l'air manque et le soleil brûle.	在这样的海拔，空气稀薄，阳光灼人。
altitude	L'avion a atteint son altitude de croisière au-dessus des nuages.	飞机已在云层之上到达巡航高度。
altitude	Le refuge se dresse à une altitude de deux mille huit cents mètres.	山间小屋坐落在海拔两千八百米处。
aluminium	Ce cadre de vélo est en aluminium, il est très léger.	这个车架是铝制的，非常轻。
aluminium	Couvre le plat avec du papier aluminium avant de l'enfourner.	把菜放进烤箱前先盖上铝箔纸。
aluminium	Les canettes en aluminium se recyclent très facilement.	铝制易拉罐非常容易回收。
amateur	C'est un amateur éclairé de vins anciens.	他是一位懂行的老酒爱好者。
amateur	Les amateurs de jazz se retrouvent chaque jeudi au caveau.	爵士迷们每周四在小酒馆聚会。
amateur	Ce club amateur atteint les huitièmes de finale de la coupe.	这家业余俱乐部打进了杯赛十六强。
ambition	Son ambition la pousse à travailler chaque week-end.	她的抱负驱使她每个周末都工作。
ambition	Sa seule ambition est de finir ce marathon malgré la chaleur.	她唯一的心愿就是顶着炎热跑完马拉松。
ambition	L'entreprise a grandi grâce à l'ambition de ses fondateurs.	公司的发展得益于创始人的雄心。
ambulance	Appelez une ambulance, cet homme vient de s'évanouir !	快叫救护车，这个人刚晕倒了！
ambulance	L'ambulance est arrivée en cinq minutes devant l'immeuble.	救护车五分钟就赶到了楼下。
ambulance	Il a été emmené à l'hôpital en ambulance après la chute.	摔倒后他被救护车送去了医院。
ambulant	Le commerce ambulant s'installe sur la place tous les vendredis.	流动商贩每周五在广场上摆摊。
ambulant	Une bibliothèque ambulante dessert les villages de la montagne.	流动图书馆为山区各村送书上门。
ambulant	Les vendeurs ambulants proposent des glaces près de la plage.	海滩附近有小贩叫卖冰淇淋。
amour	Leur amour a traversé toutes ces années sans faiblir.	他们的爱情历经这么多年从未减弱。
amour	C'est une chanson qui parle du premier amour.	这是一首关于初恋的歌。
amour	Elle a gardé toutes les lettres d'amour de son mari.	她保存着丈夫写给她的所有情书。
ampoule	L'ampoule du salon a grillé, il faut la changer.	客厅的灯泡烧了，得换一个。
ampoule	Visse l'ampoule neuve dans le sens des aiguilles d'une montre.	把新灯泡按顺时针方向拧进去。
ampoule	Après la randonnée, il a une ampoule douloureuse au talon.	远足之后，他的脚后跟磨了个疼人的水疱。
amusement	Cette fête foraine promet des heures d'amusement.	这个游乐集市能让人玩上好几个小时。
amusement	Les enfants trouvent leur amusement dans le plus simple des jeux.	最简单的游戏也能让孩子们玩得开心。
amusement	Pour lui, cuisiner n'est pas une corvée, c'est un amusement.	对他来说，做饭不是苦差，而是一种消遣。
an	Elle a passé un an à étudier à Paris.	她在巴黎学习了一年。
an	Mon petit frère a six ans et adore les dinosaures.	我弟弟六岁，特别喜欢恐龙。
an	Ils se sont mariés il y a vingt ans déjà.	他们结婚已经二十年了。
anal	Le bébé passe d'abord par le stade oral, puis anal.	婴儿先经历口腔期，然后是肛门期。
anal	Une infection anale exige un avis médical rapide.	肛门部位感染需要尽快就医。
anal	La période anale du nourrisson intrigue les jeunes parents.	幼儿的肛欲期常让新手父母摸不着头脑。
analyse	Les résultats de l'analyse du sang seront prêts demain matin.	验血结果明天上午就能出来。
analyse	Son analyse de la situation économique est très juste.	他对经济形势的分析非常到位。
analyse	Après une nouvelle analyse, l'expert a confirmé la panne du moteur.	经过再次分析，专家确认了发动机故障。
analyser	Le laboratoire va analyser les échantillons d'eau.	实验室将对水样进行分析。
analyser	Il faut analyser les résultats avant de tirer des conclusions.	下结论之前要先分析结果。
analyser	Elle analyse chaque match pour progresser.	她每场比赛后都做分析，以便提高。
ancestral	Cette recette ancestrale se transmet de mère en fille.	这道祖传配方由母亲传给女儿。
ancestral	Le village perpétue un rite ancestral au solstice d'été.	村子年年过夏至的古老仪式。
ancestral	Il défend les droits ancestraux de sa tribu sur la forêt.	他捍卫部族对森林的世袭权利。
anecdote	Il aime ponctuer ses discours d'une anecdote amusante.	他喜欢在演讲中穿插趣闻。
anecdote	Cette anecdote de jeunesse fait toujours rire ses amis.	这个年轻时的轶事总能让朋友们发笑。
anecdote	Le guide raconte une anecdote oubliée sur ce château.	导游讲了一个关于这座城堡的鲜为人知的轶事。
angle	Le menuisier coupe la planche à un angle de quarante-cinq degrés.	木匠把木板切成四十五度角。
angle	Sous cet angle, la photo prend un tout autre sens.	从这个角度看，照片呈现出完全不同的意味。
angle	Un angle droit mesure quatre-vingt-dix degrés.	直角是九十度。
animal	Le panda est un animal protégé en Chine.	熊猫是中国受保护的动物。
animal	Quel animal veux-tu adopter, un chat ou un lapin ?	你想养什么动物，猫还是兔子？
animal	Cet animal vit en groupe, comme la plupart des animaux sauvages.	这种动物像大多数野生动物一样群居。
antidote	L'antidote doit être injecté dans l'heure qui suit l'empoisonnement.	解毒剂必须在中毒后一小时内注射。
antidote	Le labo a enfin mis au point un antidote à ce venin.	实验室终于研制出了针对这种毒液的解毒剂。
antidote	Il n'existe pas d'antidote contre cette substance.	这种物质目前没有解药。
antique	Ils ont admiré les colonnes antiques du temple grec.	他们赞叹那座希腊神庙古老的石柱。
antique	Ce marchand vend des meubles antiques et des gravures.	这家店卖古董家具和版画。
antique	La Rome antique fascine toujours les visiteurs du Forum.	古罗马至今仍令广场上的游客着迷。
apocalypse	Ce film de zombies met en scène le monde après l'apocalypse.	这部僵尸片讲述末日浩劫后的世界。
apocalypse	Selon certaines prophéties, l'apocalypse était attendue pour l'an mil.	按某些预言，天启本来定在一千年之交。
apocalypse	Ils ont constitué des réserves comme si l'apocalypse approchait.	他们囤了大量物资，好像末日将至。
apparent	Sa sérénité n'était qu'apparente, la nuit il ne dormait pas.	他的平静只是表面现象，夜里根本睡不着。
apparent	La fissure apparente sur la façade inquiète les copropriétaires.	外墙上明显的裂缝让业主们很担心。
apparent	Il n'y a aucune raison apparente à ce retard.	这次延误没有任何明显的原因。
apparition	L'apparition de nouvelles technologies a transformé nos habitudes.	新技术的出现改变了我们的生活习惯。
apparition	On raconte qu'une apparition hante ce vieux château.	传说有个幽灵在这座古堡出没。
apparition	Son apparition sur scène a déclenché des tonnerres d'applaudissements.	他一登台，掌声雷动。
application	J'ai téléchargé une application pour réviser le vocabulaire.	我下载了一个复习单词的应用。
application	Son application au travail lui a valu une promotion.	他工作勤恳，因此获得升职。
application	L'application de cette règle varie selon les régions.	这条规则的执行因地区而异。
approbation	Le conseil a donné son approbation au nouveau projet.	董事会批准了新方案。
approbation	Elle cherchait l'approbation de son père avant chaque examen.	每次考试前，她都渴望得到父亲的赞许。
approbation	La foule a salué le discours par une approbation unanime.	人群以一致的赞许回应了这篇讲话。
aptitude	Son aptitude aux langues étonne tous ses professeurs.	他的语言天赋让所有老师惊叹。
aptitude	Le concours teste l'aptitude des candidats à raisonner vite.	竞赛考查候选人快速推理的能力。
aptitude	L'entreprise évalue les aptitudes manuelles des postulants.	公司对求职者进行动手能力测试。
aquarium	Nous avons visité le grand aquarium de la ville avec la classe.	我们全班一起参观了城里的大水族馆。
aquarium	Il nettoie l'aquarium des poissons rouges chaque semaine.	他每周都清洗金鱼缸。
aquarium	Les requins nagent dans le bassin central de l'aquarium.	鲨鱼在水族馆中央的大池里游弋。
arc	Le tireur a bandé son arc avant le signal.	发令前弓箭手张满了弓。
arc	Les enfants admirent l'arc-en-ciel après l'orage.	孩子们欣赏雨后的彩虹。
arc	Le pont repose sur trois arcs de pierre.	这座桥靠三个石拱支撑。
archer	L'archer vise la pomme au sommet du mât.	弓箭手瞄准杆顶的苹果。
archer	Les archers du roi montaient la garde sur les remparts.	国王的弓箭手曾在城墙上站岗。
archer	Ce jeune archer vise une place aux championnats.	这位年轻射手瞄准了锦标赛的一个席位。
architecture	Il étudie l'architecture à l'école des beaux-arts.	他在美术学院攻读建筑学。
architecture	L'architecture gothique se reconnaît à ses flèches et ses vitraux.	哥特式建筑以尖塔和彩窗为标志。
architecture	Cette villa mêle architecture moderne et matériaux anciens.	这栋别墅把现代建筑风格与老材料融为一体。
archive	Le notaire classe l'acte dans les archives de l'étude.	公证人把契据归入事务所的档案。
archive	Une archive inédite révèle le vrai nom de l'artisan.	一份未公开的档案揭示了工匠的真名。
archive	Les archives municipales dorment au sous-sol de la mairie.	市政档案静静躺在市政厅的地下室里。
ardent	Il est un ardent défenseur du patrimoine local.	他是当地文化遗产的热心捍卫者。
ardent	Le soleil ardent desséchait les blés de la plaine.	烈日炙烤着平原上的麦田。
ardent	Un débat ardent a suivi la projection du documentaire.	纪录片放映后展开了一场热烈的讨论。
argument	Son argument le plus fort reste le prix.	价格仍是他最有力的论据。
argument	Elle a réfuté chaque argument du débat avec calme.	她冷静地驳倒了对方的每个论点。
argument	Il a fini par céder devant cet argument imparable.	面对这个无懈可击的理由，他最终让步了。
arrangement	Ils sont parvenus à un arrangement à l'amiable après la dispute.	争吵之后，他们达成了和解。
arrangement	L'arrangement floral du salon a séduit tous les invités.	客厅的插花布置让宾客们赞不绝口。
arrangement	Un petit arrangement avec le voisin nous permet de partager le garage.	跟邻居的小约定让我们共用这个车库。
arrogance	Son arrogance en réunion finit par lasser tout le monde.	他在会上的傲慢最终让所有人厌倦。
arrogance	Il répond avec une arrogance qui irrite le jury.	他傲慢的回答惹恼了评委。
arrogance	L'arrogance du champion lui a coûté des sponsors.	冠军的傲慢让他失去了赞助商。
arrogant	Son ton arrogant a vite agacé ses collègues.	他傲慢的语气很快让同事反感。
arrogant	Riche et arrogant, il méprisait ses anciens amis.	他有钱后就变得傲慢，瞧不起老朋友。
arrogant	Elle paraît arrogante, mais elle est simplement réservée.	她显得高傲，其实只是腼腆。
arsenal	Les murailles de l'arsenal abritent aujourd'hui des artistes.	兵工厂的围墙里如今住满了艺术家。
arsenal	Le traité limite l'arsenal nucléaire des deux pays.	条约限制了两国核武库的规模。
arsenal	Il déploie tout un arsenal d'arguments pour convaincre le jury.	他搬出整套说辞来说服评委。
art	Le musée d'art moderne ouvre à dix heures.	现代艺术博物馆十点开门。
art	Elle étudie l'art de la Renaissance à l'université.	她在大学里研究文艺复兴时期的艺术。
art	Réussir une bonne crêpe, c'est tout un art.	摊好一张可丽饼可是一门学问。
article	Son article sur les abeilles a été publié dans la revue.	他写的那篇关于蜜蜂的文章发表在杂志上。
article	Cet article est en promotion, profite-en avant dimanche.	这件商品在打折，周日前快去抢购。
article	Les articles définis posent souvent problème aux débutants.	定冠词常常让初学者犯难。
artifice	Le magicien révèle enfin l'artifice de son grand tour.	魔术师终于揭开了大招的窍门。
artifice	Sans artifice, ce plat mise tout sur la qualité des produits.	这道菜不加任何花哨技巧，全凭食材品质。
artifice	Il a trouvé l'artifice qui débloque le niveau du jeu.	他找到了解锁游戏关卡的诀窍。
artisan	Cet artisan répare les meubles anciens avec soin.	这位工匠精心修复旧家具。
artisan	Le fromage vient d'un artisan de la vallée.	这奶酪出自山谷里的一位手艺人。
artisan	Les artisans du quartier ouvrent leurs portes ce week-end.	本周末街区手艺人开放工作室迎客。
artiste	Cet artiste peint des paysages au coucher du soleil.	这位艺术家画日落时分的风景。
artiste	L'artiste signe des autographes après le concert.	音乐会结束后艺术家为歌迷签名。
artiste	Elle rêve de devenir artiste de cirque.	她梦想成为一名马戏团艺人。
as	Ce pilote est un as de la voltige aérienne.	这位飞行员是特技飞行的行家。
as	Au poker, il sort toujours l'as au bon moment.	打扑克时，他总能在关键时刻亮出王牌。
as	Mon petit frère est un as pour réparer les vélos.	我弟弟修自行车特别在行。
aspect	Sous cet aspect, le projet paraît plus réaliste.	从这方面看，这个项目显得更实际了。
aspect	La façade a retrouvé son aspect d'origine après restauration.	修复后，外立面恢复了原来的样子。
aspect	Il a examiné chaque aspect du contrat avant de signer.	签约前他逐条研究了合同的各个方面。
aspiration	Son aspiration vers la montagne remonte à l'enfance.	他对山的向往始于童年。
aspiration	Ce bouton règle l'aspiration de l'aspirateur.	这个按钮调节吸尘器的吸力。
aspiration	Une profonde aspiration de paix se lit sur son visage.	他脸上写满对安宁的深深渴望。
assassin	Le roman raconte la traque d'un assassin en fuite.	小说讲述追捕一名在逃凶手的故事。
assassin	L'assassin présumé a été interpellé dans le train.	凶手嫌疑人已在火车上被拘捕。
assassin	Dans ce polar, l'assassin se cache parmi les invités.	这部侦探小说里，凶手就藏在宾客之中。
assembler	Il faut assembler les deux parties du meuble avant de visser.	先把家具的两部分拼好再拧螺丝。
assembler	Les élèves se sont assemblés dans la cour pour la photo.	学生们在操场上集合拍照。
assembler	Elle a assemblé un puzzle de mille pièces pendant les vacances.	假期里她拼完了一千片的拼图。
assistance	Il remercie l'assistance pour sa patience.	他感谢观众的耐心。
assistance	Cette association offre une assistance juridique gratuite.	这个协会提供免费法律援助。
assistance	L'assistance routière est intervenue en moins d'une heure.	道路救援不到一小时就赶到了。
assistant	Son assistant gère les rendez-vous et les appels.	他的助理负责安排约见和接听电话。
assistant	Elle travaille comme assistante dans un cabinet dentaire.	她在一家牙科诊所当助理。
assistant	L'assistant de recherche a classé les archives du laboratoire.	研究助理整理了实验室的档案。
association	L'association organise un vide-grenier chaque printemps.	协会每年春天办一次跳蚤市场。
association	Il est président d'une association de protection des oiseaux.	他是一家护鸟协会的会长。
association	L'association de ces deux saveurs étonne les papilles.	这两种口味的组合令人惊艳。
assurance	Il faut déclarer ce sinistre à ton assurance dans les cinq jours.	五天内要向保险公司申报这次损失。
assurance	Son assurance au volant impressionne les passagers.	他开车时那股自信让乘客佩服。
assurance	Il m'a donné l'assurance que tout serait prêt vendredi.	他向我保证周五一切都会就绪。
attache	Fixe la remorque sur l'attache du véhicule.	把拖车挂到车的拖钩上。
attache	L'attache du sac à dos a lâché en pleine randonnée.	徒步途中，背包的扣带断了。
attache	Le technicien remplace l'attache de la ceinture du siège arrière.	技工更换了后座安全带的卡扣。
attention	Attention, le sol vient d'être lavé !	小心，地刚拖过！
attention	Fais attention en traversant la rue avec les enfants.	带孩子过马路时要小心。
attention	Attention à la marche en descendant du bus !	下车时小心台阶！
attitude	Son attitude positive aide toute l'équipe à avancer.	他积极的态度带动整个团队前进。
attitude	Je n'aime pas son attitude en classe, elle distrait les autres.	我不喜欢她上课的态度，她干扰了别人。
attitude	Il garde la même attitude calme quelles que soient les critiques.	无论受到怎样的批评，他都保持同样平静的态度。
attraction	La grande roue reste l'attraction préférée des enfants.	摩天轮仍是孩子们最爱的游乐设施。
attraction	L'attraction de la lune provoque les marées.	月球的引力引起潮汐。
attraction	Ce château est la principale attraction touristique de la vallée.	这座城堡是山谷最主要的旅游景点。
audience	L'audience du procès reprend lundi avec les réquisitions.	庭审周一继续，将宣读控方意见。
audience	L'émission a perdu la moitié de son audience en un an.	这档节目一年内失去了一半观众。
audience	Le conférencier a capté son audience dès les premières minutes.	演讲者开场几分钟就抓住了听众。
audition	Elle a passé une audition pour la comédie musicale de la ville.	她参加了市里音乐剧的试镜。
audition	Le guitariste a retenu trois musiciens à l'audition de samedi.	周六的试音中，吉他手挑中了三名乐手。
audition	Avec l'âge, son audition s'est affaiblie, surtout dans les aigus.	随着年纪增长，他的听力下降，高音尤其听不清。
augmentation	Il a demandé une augmentation à son patron après deux ans d'efforts.	苦干两年后，他向老板提出加薪。
augmentation	L'augmentation du prix du pain frappe les petites boulangeries.	面包涨价让小面包店日子更难。
augmentation	Une augmentation de dix pour cent du trafic est prévue cet été.	预计今年夏天交通流量增加一成。
aura	L'aura de la chanteuse remplit la salle avant même son entrée.	女歌手还未登场，气场已充满全场。
aura	Cette aura mystérieuse nourrit les légendes du château.	这股神秘气息滋养着城堡的种种传说。
aura	Le vieux professeur garde une aura d'autorité bienveillante.	老教授身上有一种威严而慈祥的气场。
auteur	Cet auteur a écrit dix romans policiers passionnants.	这位作家写了十本引人入胜的侦探小说。
auteur	Elle rencontre son auteur favori à la librairie du coin.	她在街角书店见到了自己最喜欢的作家。
auteur	Qui est l'auteur de cette lettre anonyme ?	这封匿名信是谁写的？
auto	Il a acheté une auto d'occasion pour aller au travail.	他买了一辆二手车用来上班代步。
auto	Papa range l'auto dans le garage tous les soirs.	爸爸每天晚上都把车停进车库。
auto	En auto, il faut compter deux heures jusqu'à la côte.	开车去海边得算上两个小时。
automobile	L'industrie automobile emploie beaucoup d'ouvriers dans la région.	汽车工业在这一带雇用了大量工人。
automobile	Elle est passionnée d'automobile ancienne.	她对老爷车非常着迷。
automobile	Le salon de l'automobile ouvre ses portes vendredi.	车展周五开幕。
avalanche	Une avalanche a coupé la route du col pendant deux jours.	一场雪崩切断了山口公路，两天未能通行。
avalanche	Les skieurs ont déclenché l'avalanche hors des pistes balisées.	滑雪者在标示雪道之外引发了雪崩。
avalanche	Après l'article, une avalanche de courriels a inondé la rédaction.	文章发表后，铺天盖地的邮件涌向编辑部。
avant	Lave-toi les mains avant de passer à table.	吃饭前要先洗手。
avant	Nous sommes arrivés avant tout le monde, la salle était vide.	我们到得最早，大厅里还空着。
avant	Avant, il y avait une épicerie à ce coin de rue.	从前这个街角有一家小杂货店。
avatar	Après bien des avatars, la maison d'édition a enfin trouvé son équilibre.	历经波折，这家出版社终于走上正轨。
avatar	Ce manuscrit a connu tous les avatars possibles avant sa publication.	这部手稿出版前经历了种种曲折。
avatar	Mon avatar de jeu porte un manteau rouge.	我游戏里的化身披着一件红斗篷。
avenue	L'appartement donne sur une avenue bordée de platanes.	这套公寓的窗户正对着一条种满梧桐的大街。
avenue	Il habite avenue Victor-Hugo, tout près du marché.	他住在维克多·雨果大街，离市场很近。
avenue	Nous avons traversé l'avenue au feu vert.	我们趁着绿灯穿过了大街。
aviation	L'aviation civile a connu une forte reprise après la crise.	民航在危机后强劲复苏。
aviation	Il se passionne pour l'aviation depuis son premier vol en montgolfière.	自第一次乘热气球飞行后，他就迷上了航空。
aviation	L'aviation militaire patrouille au-dessus de la frontière nord.	军用飞机在北部边境上空巡逻。
axe	La porte tourne sur son axe en grinçant.	门轴吱呀作响地转动。
axe	Le développement durable constitue l'axe principal du programme.	可持续发展是该计划的主轴。
axe	Relier les deux gares : c'est l'axe majeur du nouveau tramway.	连接两座车站，这是新有轨电车的主干线。
baby	Le baby dort enfin dans son berceau.	小宝宝终于在自己的摇篮里睡着了。
baby	Elle chante tout bas pour calmer le baby.	她轻声哼唱哄宝宝安静下来。
baby	Le baby pleure dès qu'on éteint la lumière.	一关灯宝宝就哭。
baby-sitter	La baby-sitter arrive à dix-neuf heures précises.	临时保姆晚上七点整到。
baby-sitter	Nous cherchons une baby-sitter pour le samedi soir.	我们想找一位周六晚上帮忙看孩子的人。
baby-sitter	La baby-sitter a lu trois histoires aux enfants avant de partir.	临时保姆走之前给孩子们读了三个故事。
bacon	Il fait griller du bacon pour le petit-déjeuner.	他在煎培根当早餐。
bacon	J'ajoute un peu de bacon dans la quiche.	我在法式咸派里加点培根。
bacon	Le bacon croustillant accompagne très bien les œufs.	脆培根和鸡蛋是绝配。
badge	Passe ton badge devant le lecteur pour ouvrir la porte.	把工牌在读卡器上刷一下就能开门。
badge	Il a oublié son badge à la maison et attend devant l'agence.	他把工牌忘在家里，只好在办公室门口等。
badge	Le nouveau badge de sécurité comporte une photo et une puce.	新的安保门禁卡带照片和芯片。
baguette	Il achète une baguette bien cuite tous les matins.	他每天早上都买一根烤得刚好的法棍。
baguette	Au restaurant chinois, on nous a donné des baguettes.	在中餐馆，他们给了我们筷子。
baguette	Elle coupe la baguette en petits morceaux pour l'apéritif.	她把法棍切成小块，配开胃酒吃。
bail	Le propriétaire refuse de renouveler le bail à la fin du mois.	房东拒绝在月底续签租约。
bail	Notre bail court encore deux ans, on ne peut pas déménager maintenant.	我们的租约还有两年才到期，现在不能搬家。
bail	Lisez bien le bail avant de signer, surtout les clauses sur les charges.	签约前请仔细阅读租约，尤其是关于杂费的条款。
balance	Mets les tomates sur la balance du marchand.	把西红柿放到摊主的秤上。
balance	Il pèse la farine avec une balance de cuisine.	他用厨房秤称面粉。
balance	Cette vieille balance à plateaux marche encore parfaitement.	这架老式天平至今还很好用。
ballet	Elle suit des cours de ballet depuis l'âge de six ans.	她从六岁起就学芭蕾舞。
ballet	Le ballet de fin d'année a fait salle comble.	年末芭蕾演出场场爆满。
ballet	Les danseuses répètent le ballet dans la grande salle de miroirs.	女舞者们在大镜厅里排练芭蕾。
ballon	Les enfants jouent au ballon dans la cour de récréation.	孩子们在课间的操场上玩球。
ballon	Le ballon de foot est retombé chez le voisin.	足球掉到邻居家院子里去了。
ballon	À la fête foraine, elle a gagné un ballon rouge.	在游乐集市上，她赢了一只红气球。
banal	Ses remarques sont si banales que personne ne les écoute.	他的评论太平庸了，没人愿意听。
banal	Une question banale, mais elle a déclenché un débat passionné.	一个平淡无奇的问题，却引发了一场热烈的讨论。
banal	La décoration de l'hôtel paraît banale comparée aux photos du site.	和网站上的照片相比，酒店的装修显得很普通。
bandage	Le kiné a posé un bandage autour de sa cheville.	理疗师在他的脚踝上缠了绷带。
bandage	Change le bandage tous les deux jours pour éviter l'infection.	每两天换一次绷带，防止感染。
bandage	Il s'est fait un bandage improvisé avec son foulard.	他用围巾临时做了个绷带。
bandit	Le bandit masqué a détalé dès que l'alarme a retenti.	警报一响，蒙面劫匪撒腿就跑。
bandit	Dans les westerns, le shérif pourchasse toujours le bandit.	西部片里警长总是追捕歹徒。
bandit	Ce petit bandit a dérobé le dernier macaron.	这个小捣蛋偷走了最后一块马卡龙。
banjo	Il raconte des histoires en s'accompagnant au banjo.	他一边弹班卓琴一边讲故事。
banjo	Dans les groupes de folk, le banjo tient souvent le rôle principal.	在民谣乐队里，班卓琴常常担任主奏。
banjo	Mon oncle accorde son banjo chaque soir avant le dîner.	我叔叔每天晚饭前都会给他的班卓琴调音。
banquet	Le banquet de mariage s'est terminé à deux heures du matin.	婚宴一直持续到凌晨两点。
banquet	Un banquet officiel a été donné en l'honneur du président.	为总统举行了正式的欢迎宴会。
banquet	Les moines préparent un banquet végétarien pour la fête du temple.	僧人们为寺庙的节日准备了一场素食宴席。
banquette	Les enfants se disputent la place sur la banquette arrière.	孩子们争抢汽车后座的座位。
banquette	On a commandé un café et on s'est assis sur la banquette près de la vitrine.	我们点了咖啡，坐在橱窗边的长凳上。
banquette	La banquette du vieux wagon a été refaite en velours rouge.	老车厢的长椅重新包上了红色天鹅绒。
bar	On prend un verre au bar de l'hôtel ce soir ?	今晚去酒店酒吧喝一杯怎么样？
bar	Le bar à cocktails ouvre à dix-huit heures en semaine.	那家鸡尾酒吧工作日晚上六点开门。
bar	Il a laissé son parapluie au bar hier soir.	他昨晚把伞落在酒吧了。
barbe	Mon frère se rase la barbe deux fois par semaine.	我哥哥每周刮两次胡子。
barbe	Le vieux pêcheur a une barbe blanche et épaisse.	老渔夫留着浓密的白胡子。
barbe	Pour la fête des pères, il a laissé pousser sa barbe.	父亲节的时候，他特意留起了胡子。
barbecue	On fait un barbecue au jardin dimanche, vous venez ?	周日我们在花园里烧烤，你们来吗？
barbecue	Allume le barbecue avant que les invités arrivent.	趁客人还没到，先把烤架点着。
barbecue	Les brochettes grillent doucement sur le barbecue.	烤串在烤架上慢慢烤着。
barman	Le barman prépare un cocktail sans alcool pour les enfants.	酒保给孩子们调了一杯无酒精鸡尾酒。
barman	Le barman essuie les verres en écoutant les clients.	酒保一边听客人聊天一边擦杯子。
barman	Notre barman préféré travaille dans un pub irlandais.	我们最喜欢的调酒师在一家爱尔兰酒馆工作。
baron	Au Moyen Âge, ce baron contrôlait toute la vallée.	中世纪时，这位男爵控制着整个山谷。
baron	Le château appartint à un baron normand jusqu'au dix-septième siècle.	这座城堡到十七世纪一直属于一位诺曼男爵。
baron	On le surnomme le baron du textile régional.	他被戏称为当地纺织业的巨头。
barrage	Le barrage retient l'eau de la rivière depuis 1953.	这座水坝自1953年起拦蓄着河水。
barrage	La police a dressé un barrage sur l'autoroute pour contrôler les voitures.	警察在高速公路上设了路障检查车辆。
barrage	Les agriculteurs manifestent derrière un barrage de tracteurs.	农民们用拖拉机组成路障进行抗议。
barricade	Les manifestants ont dressé une barricade au carrefour.	示威者在十字路口筑起了路障。
barricade	La police a démantelé la barricade à l'aube.	天亮时警方拆除了街垒。
barricade	Derrière la barricade, les étudiants chantaient encore.	街垒后面，学生们仍在唱歌。
base	Cette sauce tomate est la base de tout mon plat.	这份番茄酱是我这道菜的基础。
base	La base militaire se trouve à trente kilomètres d'ici.	军事基地离这里三十公里。
base	Revois les bases de la grammaire avant l'examen.	考试前把语法基础再复习一遍。
baseball	Le baseball est très populaire aux États-Unis.	棒球在美国非常流行。
baseball	Son frère collectionne les cartes de baseball depuis des années.	他哥哥多年来一直收集棒球卡。
baseball	Elle a acheté une batte de baseball neuve pour son neveu.	她给侄子买了一根新棒球棒。
basket	Il a reçu de nouvelles baskets blanches pour la rentrée.	开学时他收到了一双新的白色球鞋。
basket	Elle joue au basket avec ses camarades le mercredi après-midi.	她每周三下午和同学们打篮球。
basket	Mes baskets sont usées, il faut les remplacer avant le match.	我的球鞋磨坏了，比赛前得换新的。
bazar	Ce bazar du souk vend des tapis et des lampes.	这个集市卖地毯和灯具。
bazar	Quel bazar dans ta chambre ! Range tes affaires.	你房间乱成一团，快收拾！
bazar	Il a transformé le garage en bazar d'outils hétéroclites.	他把车库堆成了乱七八糟的工具杂货堆。
beau	Quel beau jardin vous avez fait !	你们把花园打理得真漂亮！
beau	Il fait beau aujourd'hui, on déjeune sur la terrasse.	今天天气好，我们在露台上吃午饭。
beau	C'est le plus beau souvenir de mon enfance.	这是我童年最美好的回忆。
bide	Ce film a fait un bide monumental au box-office.	这部电影在票房上惨败。
bide	Après les fêtes, j'ai repris du bide.	过完节，我的肚子又胖了回来。
bide	Il s'est pris un coup de poing dans le bide pendant la bagarre.	打架时他的肚子挨了一拳。
bikini	Elle a acheté un bikini à pois pour les vacances.	她买了一件波点比基尼准备度假。
bikini	N'oublie pas le bikini, la piscine de l'hôtel est chauffée.	别忘了带比基尼，酒店泳池是恒温的。
bikini	Le magazine présente les tendances bikini de l'été.	杂志介绍了今夏比基尼的流行款式。
bile	Le foie produit la bile qui aide à digérer les graisses.	肝脏分泌胆汁，帮助消化脂肪。
bile	Un excès de bile peut donner à la peau une teinte jaune.	胆汁过多会让皮肤发黄。
bile	Il a beau déverser sa bile, personne ne l'écoute.	他尽管大发牢骚，也没人听。
billet	J'ai acheté un billet de train aller simple pour Lyon.	我买了一张去里昂的单程火车票。
billet	Conserve ton billet jusqu'à la sortie de la gare.	出站前请保管好车票。
billet	Il a payé son café avec deux petits billets.	他用两张小面额钞票付了咖啡钱。
bingo	Les aînés jouent au bingo tous les mardis après-midi.	老人们每周二下午玩宾果。
bingo	Elle a fait bingo au troisième tirage et gagné un panier gourmand.	第三轮她就宾果中奖，赢得一份美食篮。
bingo	L'association organise une soirée bingo pour financer le voyage.	协会办宾果之夜，为旅行筹款。
bio	J'achète des légumes bio au marché du mercredi.	我周三在集市买有机蔬菜。
bio	Ce magasin vend surtout des produits bio locaux.	这家店主要卖本地有机产品。
bio	Elle préfère le pain bio au pain industriel.	比起工厂量产的面包，她更喜欢有机面包。
biscuit	J'ai préparé des biscuits au beurre pour le goûter.	我做了黄油饼干当下午茶点。
biscuit	Ce biscuit aux amandes fond dans la bouche.	这个杏仁饼干入口即化。
biscuit	Il trempe son biscuit dans son chocolat chaud.	他把饼干泡在热巧克力里。
bison	Les bisons paissent tranquillement dans la réserve naturelle.	野牛在自然保护区里安静地吃草。
bison	Un bison peut peser près d'une tonne.	一头野牛能重达一吨左右。
bison	Nous avons photographié un troupeau de bisons au loin.	我们拍下了远处的一群野牛。
bizarre	Quel temps bizarre pour un mois de juin !	六月份有这样的天气真奇怪！
bizarre	Il raconte toujours des histoires bizarres à ses neveux.	他总是给侄子们讲些稀奇古怪的故事。
bizarre	C'est bizarre, je crois que j'ai oublié mes clés au bureau.	真奇怪，我好像把钥匙忘在办公室了。
black	Ce rappeur black a grandi dans une cité de Marseille.	这位黑人说唱歌手在马赛的一个街区长大。
black	Le quartier accueille chaque été un festival de musique black.	这个街区每年夏天都举办黑人音乐节。
black	Son idole, c'est un grand black qui jouait au basket dans les années quatre-vingt-dix.	他的偶像是九十年代打篮球的一位黑人巨星。
bled	Il habite dans un bled perdu à trois cents kilomètres de la capitale.	他住在一个离首都有三百公里的偏僻小村。
bled	Le week-end, ce bled s'endort dès neuf heures.	到了周末，这个小村九点就入睡了。
bled	Elle a quitté son bled natal à dix-sept ans pour la ville.	她十七岁就离开家乡的小村去了城里。
bloc	Le chat dort sur le bloc de pierre au bord du chemin.	猫咪睡在路边的大石头上。
bloc	Le gouvernement présente un bloc de mesures économiques.	政府推出一揽子经济措施。
bloc	Le mur du jardin est monté en blocs de béton.	花园围墙是用混凝土砌块垒的。
blond	Sa petite fille a de longs cheveux blonds.	他的小女儿有一头金色长发。
blond	Ce jeune homme blond travaille à la boulangerie du coin.	这个金发小伙子在街角面包店工作。
blond	C'est le blond avec les lunettes qui a gagné le concours.	得奖的是那个戴眼镜的金发男孩。
blouse	La blouse blanche du pharmacien rassure les clients.	药剂师的白大褂让人安心。
blouse	Mettez votre blouse pour la séance de chimie.	上化学课前请穿上工作服。
blouse	Elle a taché sa blouse de peinture en décorant la pancarte.	装饰标语牌时她把罩衫溅上了颜料。
blues	Depuis son départ, j'ai le blues tous les dimanches.	自从她走后，每逢周日我都闷闷不乐。
blues	Il joue du blues dans les bars de Chicago depuis vingt ans.	二十年来他一直在芝加哥的酒吧里弹奏布鲁斯。
blues	Cette pluie froide me file un sacré blues.	这场冷雨让我的心情格外低落。
bluff	Ses menaces n'étaient qu'un bluff pour nous faire peur.	他的威胁只是吓唬我们的虚张声势。
bluff	Au poker, il a gagné la main grâce à un bluff audacieux.	在扑克牌局里，他靠一次大胆的唬人赢了这一局。
bluff	Tout ce discours s'avère être du bluff, le projet n'existe même pas.	这番说辞原来是虚晃一枪，项目根本不存在。
bombardier	Un bombardier ennemi a survolé le port à l'aube.	黎明时分，一架敌方轰炸机掠过了港口上空。
bombardier	Le pilote de bombardier racontait ses missions avec un calme troublant.	那位轰炸机飞行员讲述任务时平静得让人不安。
bombardier	Ce musée conserve un bombardier de la Seconde Guerre mondiale.	这座博物馆保存着一架二战时期的轰炸机。
bon	Ce gâteau est vraiment bon, tu l'as fait toi-même ?	这蛋糕真好吃，是你自己做的吗？
bon	Bon voyage et envoie-nous plein de photos !	一路顺风，多发照片给我们！
bon	Bon, il est tard, je rentre me coucher.	好了，不早了，我回去睡觉了。
bonbon	Les enfants réclament des bonbons à chaque fête foraine.	孩子们每次去游乐集市都要糖果。
bonbon	Ce bonbon à la fraise pique un peu la langue.	这个草莓糖有点麻舌头。
bonbon	Ne mange pas trop de bonbons avant le dîner.	晚饭前别吃太多糖。
bond	Le chat a fait un bond et a disparu dans les buissons.	猫纵身一跃，钻进了灌木丛。
bond	D'un seul bond, la biche a franchi la barrière.	母鹿一跃越过了栅栏。
bond	La société a fait un bond en avant grâce aux nouveaux investissements.	多亏新的投资，公司实现了一次飞跃。
bonnet	Mets ton bonnet, il gèle dehors ce matin.	戴上毛线帽，今天早上外面冻得很。
bonnet	Le bébé porte un bonnet bleu à pompon.	宝宝戴着一顶带绒球的蓝帽子。
bonnet	Elle a perdu son bonnet dans le bus scolaire.	她把帽子丢在校车上了。
bonus	Les employés touchent un bonus de fin d'année si les objectifs sont atteints.	目标达成后，员工年底能拿到奖金。
bonus	Ce jeu vidéo propose un niveau bonus débloqué après la fin.	这款游戏通关后可解锁奖励关卡。
bonus	En achetant deux, le troisième est offert en bonus.	买二送一，第三件算赠品。
boom	L'immobilier connaît un boom sans précédent depuis trois ans.	三年来房地产市场出现了前所未有的繁荣。
boom	Le boom des naissances d'après-guerre a marqué toute une génération.	战后的婴儿潮影响了一整代人。
boom	On assiste à un boom des ventes de vélos électriques.	电动自行车的销量正在激增。
boomer	Son père, un vrai boomer, imprime encore tous ses mails.	他爸爸是个十足的婴儿潮老人，连邮件都要打印出来。
boomer	Les boomers ont souvent acheté leur maison à trente ans.	婴儿潮一代常常在三十岁就买下了房子。
boomer	Ne sois pas boomer, essaie au moins cette application.	别这么老古董，至少试试这个应用。
boomerang	Le lanceur récupère son boomerang d'un geste sûr.	投掷者稳稳接住回旋的回力镖。
boomerang	Ses mensonges lui sont revenus comme un boomerang.	他的谎言像回旋镖一样反噬了自己。
boomerang	En Australie, les boomerangs traditionnels servaient aussi à la chasse.	在澳大利亚，传统回旋镖也曾用于狩猎。
border	Je vais border les enfants avant de sortir les poubelles.	我先把孩子们掖好被子，再去倒垃圾。
border	Le chemin longe un champ bordé de peupliers.	小路沿着一片白杨树环绕的田野延伸。
border	Elle a bordé la couette autour du chat endormi.	她把被子掖在睡着的猫咪身边。
borne	Une borne en pierre marque la limite entre les deux propriétés.	一块界石标出两块地产的分界。
borne	L'autoroute est équipée de bornes de recharge tous les cinquante kilomètres.	高速公路上每五十公里就设有充电桩。
borne	Suivez les bornes kilométriques jusqu'au village.	沿着里程碑一直走到村子。
boss	Mon boss a accepté nos congés en août.	我老板批准了我们八月的假期。
boss	Le boss du restaurant goûte chaque sauce lui-même.	餐厅老板每道酱汁都亲自尝。
boss	Parle au boss directement, c'est lui qui décide de tout.	直接跟老板谈，一切由他说了算。
bouillon	Une tasse de bouillon chaud réconforte les malades.	一杯热汤能让病人舒坦不少。
bouillon	Elle prépare le bouillon avec des herbes du jardin.	她用院子里的香草熬高汤。
bouillon	Le bouillon de volaille sert de base à la sauce.	鸡汤高汤是这酱汁的底料。
boule	Les enfants roulent une grosse boule de neige au parc.	孩子们在公园里滚大雪球。
boule	Le chat poursuit une boule de laine sous le canapé.	猫追着毛线球钻到沙发底下。
boule	Il a serré son mouchoir en boule dans sa poche.	他把手帕攥成一团塞进口袋。
boulevard	Ils flânent sur le boulevard Saint-Michel au crépuscule.	黄昏时分他们在圣米歇尔大道上闲逛。
boulevard	Le nouveau boulevard désengorge le trafic du centre-ville.	新大道缓解了市中心的交通拥堵。
boulevard	Un kiosque à journaux subsiste au milieu du boulevard.	大街中央还保留着一个报刊亭。
bouquet	Il lui a offert un bouquet de tulipes pour son anniversaire.	他送了她一束郁金香作为生日礼物。
bouquet	Le bouquet final illumine le ciel de la fête.	结尾的烟花照亮了节日的夜空。
bouquet	Un bouquet de lavande parfume toute la chambre.	一束薰衣草香满整个房间。
bourgeois	Les grands bourgeois du quartier possédaient presque tous les immeubles.	这个街区的大资产阶级几乎拥有所有的房产。
bourgeois	Elle a épousé un fils de famille bourgeoise.	她嫁给了一位资产阶级家庭出身的少爷。
bourgeois	Ce café affiche des prix très bourgeois.	这家咖啡馆的价格相当小资。
bourgeoisie	Au dix-neuvième siècle, la bourgeoisie industrielle s'enrichit grâce aux usines.	十九世纪，工业资产阶级靠工厂发了财。
bourgeoisie	La montée de la bourgeoisie a transformé les villes européennes.	中产阶层的崛起改变了欧洲的城市面貌。
bourgeoisie	Ce roman décrit les hypocrisies de la bourgeoisie provinciale.	这部小说刻画了外省中产阶级的虚伪。
bourse	Elle a obtenu une bourse pour étudier un an à Kyoto.	她拿到奖学金，要去京都留学一年。
bourse	Les valeurs de la bourse rebondissent en fin de séance.	收盘前交易所的股票价格回升。
bourse	Depuis sa retraite, il joue en bourse avec prudence.	退休后他谨慎地做股票投资。
bout	Il a fini ce puzzle jusqu'au bout sans aucune aide.	没有任何帮助，他还是把拼图坚持拼完了。
bout	Tire au bout de la corde pour ouvrir le portail.	拉绳子的末端就能打开院门。
bout	Le train s'arrête au bout du quai.	火车停在站台尽头。
boutique	La boutique de jouets ferme plus tard en décembre.	玩具店十二月打烊更晚。
boutique	Elle tient une petite boutique de céramiques faites main.	她经营一家卖手工陶瓷的小店。
boutique	Cette boutique vend des souvenirs de la région.	这家小店卖当地纪念品。
boxer	Il a appris à boxer dans la salle du quartier.	他在街区的拳馆学会了拳击。
boxer	Les deux boxeurs s'apprêtent à boxer pour le titre.	两名拳手即将为冠军头衔展开对决。
boxer	Il a boxé dans la catégorie des lourds pendant dix ans.	他打了十年重量级拳击。
bracelet	Elle porte un bracelet en cuir au poignet gauche.	她左手腕上戴着皮手镯。
bracelet	Il a offert un bracelet d'argent à sa mère pour Noël.	圣诞节他送了妈妈一条银手链。
bracelet	Le bracelet de sa montre s'est cassé ce matin.	他手表的表带今早断了。
brandy	Il sirote un brandy près de la cheminée.	他坐在壁炉边小口啜饮白兰地。
brandy	Le barman a versé une dose de brandy dans le café.	调酒师往咖啡里加了一份白兰地。
brandy	Ils ont trinqué au brandy pour fêter la signature du contrat.	他们举杯共饮白兰地，庆祝合同签署。
brave	C'est un brave homme qui aide tout le quartier.	他是个热心好人，帮了整个街坊。
brave	Le brave chien a sauvé l'enfant tombé dans l'eau.	勇敢的狗救起了落水的孩子。
brave	Sois brave, le médecin ne va pas te faire mal.	勇敢点，医生不会弄疼你的。
bravo	Bravo, tu as réussi ton permis du premier coup !	太棒了，你一次就考过了驾照！
bravo	Le public a crié bravo à la fin du concert.	音乐会结束时，观众高声喝彩。
bravo	Bravo pour ce délicieux dîner, vraiment !	说真的，这顿晚餐做得太棒了！
break	Le médecin lui a conseillé de faire un break de deux semaines.	医生建议他休息两周。
break	Après trois mois de négociations, les deux parties ont pris un break.	谈判三个月后，双方暂停了下来。
break	Ils partent en week-end dans leur break tout neuf.	他们开着崭新的旅行车去度周末。
bridge	Mes grands-parents jouent au bridge tous les jeudis après-midi.	我的祖父母每周四下午都打桥牌。
bridge	Elle a appris le bridge pour se faire des amis au club.	为了在俱乐部交朋友，她学会了打桥牌。
bridge	Ce tournoi de bridge attire des joueurs de toute la région.	这场桥牌锦标赛吸引了全地区的牌手。
briefing	Le briefing matinal a duré vingt minutes seulement.	晨间简报只开了二十分钟。
briefing	Avant le vol, le pilote a réuni son équipage pour un briefing.	起飞前，机长把机组人员召集起来开了个简报会。
briefing	L'agence a organisé un briefing de presse avant le lancement.	公司在发布前组织了一场媒体吹风会。
brigade	La brigade anti-criminalité patrouille dans le quartier du port.	打击犯罪分队在港区巡逻。
brigade	Le chef de brigade a supervisé l'intervention de nuit.	分队长督导了夜间行动。
brigade	Une brigade de pompiers est intervenue en dix minutes.	一支消防队十分钟内赶到了现场。
brigand	Autrefois, les brigands attaquaient les voyageurs dans cette forêt.	从前，强盗们常在这片森林里袭击旅人。
brigand	Le brigand cachait son butin dans la grotte derrière la cascade.	强盗把赃物藏在瀑布后面的山洞里。
brigand	Ce petit brigand de frère a mangé tout le chocolat.	这个小强盗弟弟把巧克力全吃了。
brochette	Fais griller les brochettes de poulet au barbecue.	把鸡肉串放到烧烤架上烤。
brochette	Une brochette d'erreurs a plombé le dossier.	一连串失误拖垮了这份材料。
brochette	Le serveur apporte une brochette de fruits en dessert.	服务员端上一串水果当甜点。
brochure	Prends cette brochure sur les randonnées de la région.	拿好这本介绍本地徒步路线的小册子。
brochure	La brochure de l'école détaille les filières et les tarifs.	学校的宣传册详细列出专业和收费。
brochure	Il a feuilleté la brochure du camping avant de réserver.	订营位前他翻了翻营地的宣传册。
bronze	La statue du général est coulée en bronze.	将军雕像由青铜铸成。
bronze	Le médaillé a levé son trophée de bronze sous les ovations.	获奖者捧起铜制奖杯，全场欢呼。
bronze	Le sculpteur polit le bronze jusqu'à ce qu'il reflète la lumière.	雕塑家把青铜打磨得能映出光来。
brouhaha	On entendait le brouhaha du marché depuis la fenêtre de l'appartement.	从公寓的窗户能听到集市的嘈杂声。
brouhaha	Le brouhaha de la cantine couvre toutes les conversations.	食堂里的喧哗声盖过了所有的谈话。
brouhaha	Un brouhaha d'applaudissements et de cris a salué l'entrée du chanteur.	歌手一登场，掌声和欢呼声响成一片。
bruit	Quel bruit dans la rue cette nuit, impossible de dormir !	今晚街上太吵了，根本睡不着！
bruit	Ne fais pas de bruit, le bébé vient de s'endormir.	别出声，宝宝刚睡着。
bruit	J'ai entendu un bruit bizarre dans l'escalier.	我听到楼梯上有奇怪的声响。
brusque	Son refus a été si brusque que tout le monde est resté interdit.	他的拒绝来得太突然，所有人都愣住了。
brusque	Ne sois pas si brusque avec les nouveaux stagiaires.	对新来的实习生别那么生硬。
brusque	Un mouvement brusque du volant a fait dévier la voiture.	方向盘猛地一动，车子偏了出去。
brutal	Son refus brutal a coupé court à la discussion.	他生硬的回绝让谈话戛然而止。
brutal	Le coach est exigeant sans être brutal.	教练要求严格但不粗暴。
brutal	Un arrêt brutal du traitement peut provoquer des effets secondaires.	骤然停药可能引起副作用。
brute	Ce film met en scène une brute épaisse au grand cœur.	这部电影讲的是一个外冷内热的莽汉。
brute	Ne joue pas les brutes avec les plus petits.	别对小孩子撒野。
brute	Sous ses airs de brute, il cache une sensibilité étonnante.	他看似粗鲁，内心却出奇地细腻。
budget	Notre budget vacances ne dépasse pas huit cents euros.	我们的度假预算不超过八百欧元。
budget	Elle note chaque dépense pour tenir son budget.	她把每笔开销都记下来，好守住预算。
budget	La mairie a réduit le budget des bibliothèques cette année.	今年市政府削减了图书馆的预算。
buffet	Le buffet du salon range la vaisselle de fête.	客厅的餐边柜收着节庆餐具。
buffet	Ils ont hérité d'un buffet ancien en chêne.	他们继承了一件老橡木餐柜。
buffet	Le buffet de la réception propose des canapés et des fruits.	招待会的自助餐台摆着小点心和水果。
bulldozer	Le bulldozer a rasé les hangars abandonnés en une matinée.	推土机一个上午就铲平了废弃仓库。
bulldozer	Le conducteur du bulldozer a dégagé la route après le glissement de terrain.	滑坡之后，推土机手清通了道路。
bulldozer	Ils ont loué un bulldozer pour niveler le terrain.	他们租了一台推土机平整场地。
bulletin	Il a glissé son bulletin de vote dans l'urne.	他把选票投进了票箱。
bulletin	Les notes paraîtront sur le bulletin trimestriel.	成绩将登在季度成绩单上。
bulletin	Le bulletin météo annonce des averses pour demain.	天气预报说明天有阵雨。
bunker	Les soldats se sont réfugiés dans le bunker pendant le bombardement.	轰炸期间，士兵们躲进了地堡。
bunker	Ce bunker de la Seconde Guerre mondiale est aujourd'hui un musée.	这座二战地堡如今成了博物馆。
bunker	Le golf compte deux bunkers autour du green.	这座高尔夫球场在果岭周围有两个沙坑。
bureau	Mon bureau est toujours en désordre avant une échéance.	每逢交活的关键期，我的办公桌总是乱糟糟的。
bureau	Elle a un bureau lumineux au troisième étage.	她在三楼有一间明亮的办公室。
bureau	Range tes crayons dans le tiroir du bureau.	把你的铅笔收进书桌抽屉里。
burger	On commande un burger et des frites ce soir ?	今晚点个汉堡和薯条怎么样？
burger	Ce burger végétarien surprend même les amateurs de viande.	这个素汉堡连肉食爱好者都赞不绝口。
burger	Le nouveau restaurant sert des burgers maison le midi.	这家新餐馆中午供应手工汉堡。
bus	Je vais au travail en bus tous les matins.	我每天早上坐公交车上班。
bus	Le dernier bus part à vingt-trois heures.	末班车晚上十一点发车。
bus	Nous avons manqué le bus et sommes rentrés à pied.	我们没赶上公交，走路回家的。
business	Il monte un business de livraison de repas végétariens.	他正创办一个素食送餐生意。
business	Elle a quitté son poste pour se lancer dans le business du fitness.	她辞了职，投身健身行业。
business	Ce salon réunit tous les acteurs du business local.	这个展会汇集了本地商界各方人士。
but	Il a marqué le but de la victoire dans le temps additionnel.	他在补时阶段打入制胜一球。
but	Le but de cette réunion est de fixer le calendrier.	这次会议的目的是敲定日程。
but	Persévère, tu es tout proche de ton but.	坚持住，你离目标不远了。
bye	Bye, à demain à la même heure !	拜拜，明天同一时间见！
bye	Elle a dit bye et a refermé la porte en riant.	她说了声拜拜，笑着带上了门。
bye	Je dois y aller, bye, prends soin de toi !	我得走了，拜拜，照顾好自己！
bye-bye	Le petit a dit bye-bye à sa nounou avant de partir.	小家伙出门前跟保姆说了拜拜。
bye-bye	Fais un bye-bye de la main à papa.	跟爸爸挥挥手说拜拜。
bye-bye	Bye-bye, reviens quand tu veux nous voir !	拜拜，想我们了随时来玩！
cabaret	Ils ont passé la soirée dans un cabaret de Pigalle.	他们在皮加勒的一家夜总会度过了一晚。
cabaret	Le cabaret propose dîner et spectacle chaque vendredi.	这家俱乐部每周五提供晚餐加演出。
cabaret	Elle chante dans un cabaret de Montmartre depuis cinq ans.	她在蒙马特的一家歌舞餐厅唱了五年歌。
cabinet	Le notaire a reçu ses clients dans son cabinet de la rue Royale.	公证人在皇家街的事务所接待了客户。
cabinet	Elle consulte un cabinet dentaire près de la gare.	她在车站附近的一家牙科诊所就诊。
cabinet	Le premier ministre a remanié son cabinet après les élections.	大选后总理改组了内阁。
cache	La police a découvert une cache d'armes dans le garage désaffecté.	警方在一间废弃车库发现了藏匿的武器。
cache	Le renard a creusé une cache pour stocker ses réserves.	狐狸挖了个洞藏它的储备粮。
cache	Ils ont retrouvé le trésor dans une cache derrière la cheminée.	他们在壁炉后面的暗格中找到了宝藏。
cachet	Il a pris un cachet d'aspirine contre le mal de tête.	他吃了一片阿司匹林药片治头痛。
cachet	Le cachet de la poste fait foi pour la date d'envoi.	邮戳是寄出日期的凭证。
cachet	Cette maison a un cachet que les constructions neuves n'ont pas.	这栋房子有一种新建筑所没有的韵味。
cactus	Ce cactus survit sans eau pendant des semaines.	这株仙人掌几个星期不浇水也能活。
cactus	Elle a oublié d'arroser ses cactus du bureau.	她忘了给办公室的仙人掌浇水。
cactus	Attention aux épines du cactus posé sur l'étagère.	小心架子上的仙人掌刺。
cadence	La cadence de production a doublé avant les fêtes.	节日前，生产节奏加快了一倍。
cadence	Le tambour donne la cadence à la colonne de marche.	鼓声为行进队伍打着拍子。
cadence	Quatre cents pièces à l'heure, voilà une cadence infernale.	每小时四百件，这节奏真是快得吓人。
cadet	Le cadet de la famille entre au lycée cette année.	家里的小儿子今年上高中了。
cadet	Son frère cadet apprend déjà à lire tout seul.	他的弟弟已经开始自学认字了。
cadet	Le cadet imite tout ce que fait l'aîné.	小的总爱模仿哥哥的一举一动。
cadre	Elle a été promue cadre en janvier.	一月份她升任主管。
cadre	Ce projet s'inscrit dans le cadre du plan ville.	该项目属于城市计划的范畴。
cadre	Le cadre de la fenêtre met le jardin en valeur.	窗框把花园的景致衬得恰到好处。
cage	Le perroquet chante dans sa cage près de la fenêtre.	鹦鹉在窗边的笼子里鸣叫。
cage	Il a nettoyé la cage des lapins ce matin.	他今天早上打扫了兔笼。
cage	N'oublie pas de fermer la cage du hamster.	别忘了关好仓鼠笼。
cake	Elle prépare un cake aux olives pour l'apéritif.	她做了个橄榄咸蛋糕配开胃酒。
cake	Ce cake au jambon se garde deux jours au frais.	这个火腿蛋糕冷藏能放两天。
cake	Le cake du goûter a déjà disparu.	下午茶点的那块果料蛋糕已经没了。
calibre	Ce chasseur utilise un fusil de gros calibre.	这位猎人用大口径猎枪。
calibre	Un écrivain de ce calibre se rencontre une fois par génération.	这样的作家几代人才能出一个。
calibre	La police a retrouvé une douille de calibre neuf millimètres.	警方找到了一枚九毫米口径的弹壳。
calmer	Calme-toi, il n'y a aucun danger.	冷静点，没有任何危险。
calmer	Elle chante tout bas pour calmer le bébé.	她轻声哼唱哄宝宝安静下来。
calmer	La pluie a calmé l'incendie de la colline.	大雨平息了山上的火情。
came	Les policiers ont saisi de la came dans la voiture du dealer.	警察在毒贩的车里搜出了毒品。
came	Il a tout dépensé en came avant de se faire soigner.	毒品花光了他所有的钱，他后来才去接受治疗。
came	La came circule librement dans ce quartier la nuit.	夜里，毒品在这个街区公然流通。
camouflage	Le lièvre doit son salut à son camouflage d'hiver.	野兔靠冬天的保护色逃过一劫。
camouflage	Les soldats ont repeint leur camion en camouflage.	士兵们把卡车重新漆上迷彩。
camouflage	Son sourire n'est qu'un camouflage de sa nervosité.	他的微笑只是掩饰紧张的伪装。
camp	Nous montons le camp près de la rivière.	我们在河边扎营。
camp	Le camp de vacances ouvre ses portes en juillet.	夏令营七月份开营。
camp	Dans ce débat, il change de camp à chaque réunion.	在这场争论中，他每次开会都换阵营。
camper	Nous campons au bord du lac chaque été.	我们每年夏天都在湖边露营。
camper	Ils ont campé sous la pluie toute la nuit.	他们在雨中露营了一整夜。
camper	On peut camper gratuitement ici hors saison.	淡季可以在这里免费露营。
camping	Le camping municipal est complet au mois d'août.	市营露营地八月份全部订满。
camping	Elle a réservé un emplacement au camping près des dunes.	她在沙丘旁的露营地订了一块营地。
camping	Nous partons une semaine en camping dans les montagnes.	我们去山里露营一周。
campus	La bibliothèque du campus ouvre jusqu'à minuit pendant les examens.	考试期间校园图书馆开到午夜。
campus	Ils se retrouvent sur le campus entre deux cours.	课间他们在校园里碰面。
campus	Le nouveau campus attire des étudiants du monde entier.	新校区吸引了世界各地的学生。
canal	Les péniches remontent le canal de Bourgogne au printemps.	春天驳船沿勃艮第运河上行。
canal	Ce canal relie la Garonne à la Méditerranée.	这条运河连接加龙河和地中海。
canal	Sur quel canal passe le match ce soir ?	今晚比赛在哪个频道播？
canard	Les canards barbotent dans l'étang du parc.	鸭子们在公园的池塘里戏水。
canard	Elle nourrit les canards avec des graines au bord de la rivière.	她在河边用谷物喂鸭子。
canard	Ce restaurant sert un canard à l'orange délicieux.	这家餐馆的香橙鸭非常美味。
cancer	Le dépistage précoce augmente les chances face au cancer.	早筛查能提高对抗癌症的胜算。
cancer	Son grand-père a vaincu un cancer du poumon.	他祖父战胜了肺癌。
cancer	La recherche sur le cancer progresse grâce aux dons.	多亏捐赠，癌症研究不断取得进展。
canon	Le canon de la forteresse pointe vers la vallée.	要塞的大炮对着山谷。
canon	Les soldats ont remorqué le canon à travers la boue.	士兵们拖着大炮在泥泞中前行。
canon	Un coup de canon a marqué le départ de la régate.	一声炮响宣告帆船赛开始。
canyon	Le canyon s'enfonce sur vingt kilomètres entre les falaises rouges.	峡谷在红色峭壁之间延伸二十公里。
canyon	Ils ont descendu le canyon à pied depuis le belvédère.	他们从观景台出发，徒步下到峡谷底部。
canyon	La rivière a creusé ce canyon en des millénaires.	河流历经千万年凿出了这道峡谷。
cap	Le navire a mis le cap sur le nord.	船调头向北航行。
cap	Après deux années difficiles, l'entreprise a tenu le cap.	苦熬两年后，公司挺过来了。
cap	Garde le cap sur le phare et tu tomberas sur la baie.	朝着灯塔方向走，就能到海湾。
capable	Elle est capable de finir ce projet toute seule.	她有能力独立完成这个项目。
capable	Cet élève est capable du meilleur comme du pire.	这个学生好起来很好，差起来也很差。
capable	Ils sont capables de marcher vingt kilomètres sans se plaindre.	他们能一声不吭地走二十公里。
cape	Le mousquetaire jetait sa cape sur son épaule avant de sortir.	火枪手出门前把披风甩上肩膀。
cape	Elle a cousu une cape rouge pour le carnaval de l'école.	她为学校狂欢节缝了一件红斗篷。
cape	Sous sa cape humide, le messager cachait une lettre scellée.	湿透的披风下面，信使藏着一封封了火漆的信。
capital	C'est un point capital pour comprendre toute l'affaire.	这一点对理解整个案件至关重要。
capital	Son témoignage est capital pour l'enquête.	他的证词对调查至关重要。
capital	L'eau reste un enjeu capital au siècle prochain.	下一世纪，水仍将是头等大事。
caprice	La petite fait un caprice devant le rayon de jouets.	小姑娘在玩具货架前闹起了脾气。
caprice	Il s'est offert cette moto par pur caprice.	他纯粹一时兴起买下了这辆摩托车。
caprice	Céder à tous les caprices d'un enfant ne l'aide pas.	对孩子百依百顺对他没有好处。
capsule	Il a retiré la capsule de la bouteille avant de servir.	上酒前他撕掉了瓶盖封套。
capsule	La machine utilise des capsules de café en aluminium.	这台机器用铝制咖啡胶囊。
capsule	Une capsule de vitamine par jour suffit.	每天一粒维生素胶囊就够了。
capture	La capture de l'ours errant s'est faite sans incident.	迷路棕熊被顺利捕获，未发生意外。
capture	La capture d'écran du bug circule dans tous les services.	那个故障的截屏传遍了各个部门。
capture	La capture au filet reste interdite dans ce lac.	这个湖禁止用网捕鱼。
car	Ferme la porte, car le vent souffle fort.	把门关上，因为风很大。
car	Elle est rentrée tôt, car elle se sentait fatiguée.	她很早就回家了，因为觉得累了。
car	Prends un parapluie, car il va pleuvoir cet après-midi.	带把伞吧，因为下午要下雨。
caramel	Elle nappe sa glace de caramel au beurre salé.	她给冰淇淋淋上咸黄油焦糖。
caramel	Le caramel brunit vite, surveille bien la casserole.	焦糖很快就会变深，盯紧锅。
caramel	Ce yaourt au caramel plaît beaucoup aux enfants.	这种焦糖酸奶很受孩子们喜欢。
cardinal	Le cardinal a célébré la messe de minuit devant des milliers de fidèles.	红衣主教在数千信众面前主持了子夜弥撒。
cardinal	Le conclave a élu un cardinal de Milan.	教皇选举会议选出了一位米兰的红衣主教。
cardinal	Ce cardinal conseillait le roi sur toutes les questions religieuses.	这位红衣主教在一切宗教事务上为国王出谋划策。
cargo	Le cargo décharge des conteneurs au quai quatre.	货轮在四号码头卸集装箱。
cargo	Un cargo reliant Le Havre à Alger a évité la tempête.	一艘从勒阿弗尔驶往阿尔及尔的货船避开了风暴。
cargo	Le cargo de vingt ans sera démoli au Portugal.	这艘服役二十年的货轮将在葡萄牙拆解。
carnage	Le carnage de la bataille a marqué toute une génération.	那场战役的屠杀震撼了一代人。
carnage	L'accident a fait un véritable carnage sur l'autoroute.	事故在高速公路上造成了惨烈的伤亡。
carnage	L'orage a fait un carnage dans les vignes.	暴风雨把葡萄园糟蹋得一片狼藉。
carte	La carte du restaurant change à chaque saison.	这家餐厅的菜单每个季节都换。
carte	J'ai envoyé une carte postale de Nice à mes grands-parents.	我从尼斯给祖父母寄了一张明信片。
carte	Aide-moi à trouver le chemin sur la carte.	帮我在地图上找找这条路。
carton	Les livres sont encore dans un carton au garage.	书还在车库的一个纸箱里。
carton	Il a calé la vaisselle avec du carton pour le déménagement.	搬家时他用纸板垫好餐具。
carton	Elle a déménagé ses affaires en trois cartons seulement.	她的家当只用三个纸箱就搬完了。
cascade	La cascade tombe dans un bassin d'eau turquoise.	瀑布落入碧绿的水潭。
cascade	Le cascadeur a répété la cascade dix fois.	特技演员把这一幕排练了十遍。
cascade	On remonte le sentier jusqu'à la cascade supérieure.	我们沿小径上行到上层瀑布。
case	Coche la case correspondant à ton âge.	在与你年龄相符的方格里打钩。
case	Il a rempli la mauvaise case du formulaire et tout est à recommencer.	他填错了表格的一格，一切只好重来。
case	L'énigme avance case par case sur la grille.	谜题在方格上一格一格地推进。
cash	Il a payé cash pour obtenir une remise.	他付现金换了个折扣。
cash	Le brocanteur achète cash tout ce qui date d'avant 1950.	旧货商现金收购上世纪五十年代以前的物件。
cash	Le patron répond cash, sans détour.	老板有话直说，不绕弯子。
casino	Le casino de la plage attire les touristes chaque été.	海滩赌场每年夏天吸引大批游客。
casino	Ils ont gagné un week-end au casino grâce à la tombola.	他们抽奖抽中了赌场周末游。
casino	Il a perdu au casino ce qu'il avait gagné au loto.	他在赌场把彩票赢的钱全输了。
casserole	La sauce mijote dans la plus grande casserole.	酱汁在最大的锅里慢慢炖着。
casserole	Il reste du riz au fond de la casserole.	锅底还剩一点米饭。
casserole	Baisse le feu, le lait déborde de la casserole !	把火关小点，牛奶从锅里溢出来了！
cassette	Il a retrouvé de vieilles cassettes audio au grenier.	他在阁楼里翻出了一些老式录音带。
cassette	On écoute la cassette de chansons dans la voiture.	我们在车里听那盘歌曲磁带。
cassette	Elle a enregistré les voix de la famille sur une cassette.	她把家人的声音录在了一盘磁带上。
casting	Elle a passé un casting pour une série policière.	她参加了一部警匪剧的试镜。
casting	Le casting du film a duré six mois.	这部电影的选角花了六个月。
casting	Le réalisateur cherche un nouveau visage pour son casting.	导演正在为自己的演员阵容寻找新面孔。
castor	Le castor construit des barrages avec des branches et de la boue.	河狸用树枝和泥巴筑坝。
castor	Nous avons observé un castor qui rongeait du bois au bord de la rivière.	我们看见一只河狸在河边啃木头。
castor	Le castor est un excellent nageur grâce à sa large queue plate.	多亏了宽扁的尾巴，河狸是个游泳高手。
catalogue	Le catalogue d'automne met les vivaces en avant.	秋季目录主推多年生植物。
catalogue	Commande le catalogue par courriel ou par téléphone.	目录可以发邮件或打电话索取。
catalogue	Ce musée publie un catalogue de ses collections tous les cinq ans.	这家博物馆每五年出版一册馆藏图录。
catastrophe	Cette tempête a causé une vraie catastrophe dans tout le village.	这场暴风雨给全村造成了一场真正的灾难。
catastrophe	Rassure-toi, ce n'est qu'un petit problème, pas une catastrophe !	放心，这只是个小问题，不是什么灾难！
catastrophe	Si tu rates ton examen, ce ne sera pas une catastrophe, tu le repasseras.	就算考砸了也不是灾难，你还能补考呢。
catch	Mon petit frère adore regarder le catch à la télé.	我弟弟特别爱在电视上看摔角。
catch	Les matchs de catch sont préparés à l'avance, tout le monde le sait.	摔角比赛都是提前编排好的，大家都知道。
catch	Il s'est inscrit à un club de catch pour se défouler.	为了发泄精力，他报名加入了摔角俱乐部。
cause	La cause de l'accident reste encore inconnue.	事故的原因仍然不明。
cause	Elle défend la cause des animaux depuis des années.	她多年来一直为保护动物奔走。
cause	À cause du trafic, nous sommes arrivés en retard à la réunion.	因为堵车，我们开会迟到了。
caution	Le propriétaire demande un mois de loyer comme caution.	房东要求一个月房租作为押金。
caution	Elle a récupéré sa caution en partant sans dégâts.	她退房时没有损坏，押金全额退回。
caution	Son père s'est porté caution pour le prêt.	父亲为这笔贷款做了担保。
cavalier	Le cavalier salue le public après le parcours.	骑手完成障碍赛后向观众致意。
cavalier	Un cavalier a emmené les touristes jusqu'au col.	一位骑手把游客带到了山口。
cavalier	Le cavalier remonte en selle après la pause.	休息过后，骑手重新上马。
cave	La cave du château abrite des milliers de bouteilles.	城堡酒窖里存着成千上万瓶酒。
cave	On a transformé la cave en salle de jeux.	我们把地窖改成了游戏室。
cave	L'humidité de la cave abîme les cartons entreposés.	地窖的潮气侵蚀着存放的纸箱。
caviar	Il a goûté le caviar pour la première fois au réveillon.	守岁时他第一次尝了鱼子酱。
caviar	Le caviar d'Aquitaine se déguste frais, sur toast beurré.	阿基坦鱼子酱要趁新鲜抹黄油吐司吃。
caviar	Servir du caviar à un prix abordable reste un défi.	让鱼子酱卖得亲民仍是一大难题。
cellule	Une cellule de crise s'est réunie dans la nuit.	危机处理小组连夜开会。
cellule	La cellule du prisonnier donne sur la cour intérieure.	牢房朝着内院。
cellule	Chaque cellule du corps se renouvelle à son rythme.	人体每个细胞都按自己的节奏更新。
censure	Le livre a échappé à la censure grâce à son éditeur.	多亏出版商，这本书躲过了审查。
censure	La censure des films remonte à l'entre-deux-guerres.	电影审查制度可追溯到两次大战之间。
censure	Les artistes ont dénoncé la censure qui pèse sur leur scène.	艺术家们抨击了压在他们舞台上的审查。
cent	Ce pull coûte cent euros en période de soldes.	打折季这件毛衣卖一百欧。
cent	La tradition de ce village remonte à plus de cent ans.	这个村庄的传统已经延续了一百多年。
cent	Ce manuel compte exactement cent pages.	这本教材正好一百页。
centime	Cette pomme coûte cinquante centimes de plus qu'hier.	这种苹果比昨天贵了五十生丁。
centime	Il n'a pas un centime en poche.	他身上一分钱都没有。
centime	Économise chaque centime si tu veux partir en voyage cet été.	想今年夏天去旅行，就攒下每一分钱吧。
central	La gare centrale ouvre ses quais rénovés en septembre.	中央车站翻新后的站台九月启用。
central	Ce point reste central dans le débat sur les transports.	这个问题仍是交通辩论的核心。
central	Le patio central apporte de la lumière à tout l'immeuble.	中央天井给整栋楼带来光线。
centre	Nous habitons à dix minutes du centre-ville.	我们住在离市中心十分钟的地方。
centre	Le centre de la pizza est encore brûlant.	披萨中间还是烫的。
centre	Elle a déménagé dans un appartement au centre de Lyon.	她搬进了里昂市中心的一套公寓。
cerise	Le gâteau est décoré d'une cerise sur le dessus.	蛋糕顶上用一颗樱桃做装饰。
cerise	Elle adore cueillir des cerises au jardin de sa grand-mère.	她喜欢在外婆的园子里摘樱桃。
cerise	Cette cerise est trop acide pour moi.	这颗樱桃对我来说太酸了。
certain	Je suis certain qu'il viendra à la fête.	我确信他会来参加聚会。
certain	Un certain Monsieur Martin a téléphoné ce matin.	一位姓马丁的先生今早来过电话。
certain	Elle a mis un certain temps à comprendre la leçon.	她花了不少时间才弄懂这一课。
certifier	L'expert a certifié que le tableau était authentique.	专家鉴定这幅画是真迹。
certifier	Ce label certifie l'origine biologique des produits.	这个标志证明产品的有机来源。
certifier	Je te certifie que la porte était fermée quand je suis parti.	我向你保证，我走的时候门是锁好的。
certitude	J'ai la certitude qu'elle réussira son examen.	我确信她会通过考试。
certitude	Il affirme tout avec certitude, même quand il se trompe.	他什么事都言之凿凿，就算说错了也不改口。
certitude	À l'époque, j'avais la certitude que tout irait bien.	那时候，我满心确信一切都会好起来。
chagrin	Elle cachait son chagrin derrière un sourire poli.	她用礼貌的微笑掩藏了自己的忧伤。
chagrin	Le départ de son meilleur ami lui a causé beaucoup de chagrin.	挚友的离开让他非常伤心。
chagrin	Ses remarques blessantes m'ont fait beaucoup de chagrin.	他那些伤人的话让我难过了很久。
chair	La chair du melon doit être bien ferme avant de le couper.	切之前，甜瓜的果肉应该足够紧实。
chair	Il a la chair de poule dès qu'il entend ce bruit.	一听到这个声音，他就起鸡皮疙瘩。
chair	Le médecin a examiné la chair autour de la blessure.	医生检查了伤口周围的皮肉。
chaise	Tire une chaise et assieds-toi avec nous.	拉把椅子过来，跟我们一起坐。
chaise	Cette vieille chaise grince dès qu'on bouge.	这把旧椅子一动就咯吱响。
chaise	Il y aura assez de chaises pour tous les invités.	椅子会备足，所有客人都有得坐。
chalet	Nous avons loué un chalet au pied des pistes pour la semaine.	我们在雪道脚下租了一栋木屋住一周。
chalet	Le chalet en bois sent la résine et le feu de bois.	木屋里弥漫着松脂和柴火的味道。
chalet	Ils rêvent de construire leur chalet dans la vallée.	他们梦想在山谷里盖一栋自己的木屋。
champ	Les vaches broutent tranquillement dans le champ.	奶牛在田里安静地吃草。
champ	Après la pluie, le champ de blé est tout vert.	雨后麦田绿油油的。
champ	Il a planté des tournesols dans son champ cette année.	今年他在田里种了向日葵。
champagne	Nous avons trinqué au champagne pour fêter leur mariage.	我们开香槟庆祝他们的婚礼。
champagne	Cette région est célèbre pour son champagne.	这个地区以香槟闻名。
champagne	Une bouteille de champagne reste au frais dans le réfrigérateur.	一瓶香槟冰在冰箱里。
champion	Il est devenu champion de tennis à dix-huit ans.	他十八岁就当上了网球冠军。
champion	Le champion a remporté la course avec dix secondes d'avance.	冠军以十秒的优势赢得了比赛。
champion	Elle est championne de natation dans sa région.	她是本地区的游泳冠军。
chance	Tu as de la chance d'avoir un tel ami.	有这样的朋友你真幸运。
chance	Bonne chance pour ton examen demain !	祝你明天考试顺利！
chance	Il n'y a aucune chance qu'il change d'avis.	他不可能改变主意。
change	Le taux de change entre l'euro et le dollar varie chaque jour.	欧元和美元之间的汇率每天都在变。
change	Où puis-je trouver un bureau de change ouvert le dimanche ?	哪里有周日营业的兑换点？
change	Le change à l'aéroport coûte toujours plus cher.	机场的兑换总是贵得离谱。
changer	Il est temps de changer les draps du lit.	该换床单了。
changer	Le temps va changer demain, prends un parapluie.	明天天气会变，带把伞吧。
changer	Cette expérience a changé ma façon de voir les choses.	这段经历改变了我看待事物的方式。
chanson	Cette chanson passe à la radio toute la journée.	这首歌整天在电台里播。
chanson	Elle a écrit une chanson pour l'anniversaire de sa mère.	她为妈妈的生日写了一首歌。
chanson	Nous chantons ensemble la même chanson depuis des années.	多年来我们一直合唱同一首歌。
chant	Le chant des oiseaux me réveille chaque matin.	鸟鸣声每天早上把我唤醒。
chant	Elle a pris des cours de chant pendant trois ans.	她学过三年声乐。
chant	On entendait le chant des marins au loin.	远处传来水手的歌声。
chanter	Les oiseaux chantent dès l'aube dans le parc.	公园里天一亮鸟儿就开始唱歌。
chanter	Papa chante sous la douche chaque matin.	爸爸每天早上都一边淋浴一边唱歌。
chanter	Nous avons chanté tous ensemble autour du feu.	我们围着篝火一起唱了歌。
chaos	Après la tempête, la ville était dans un chaos total.	暴风雨过后，整座城市一片混乱。
chaos	La grève des transports a plongé la ville dans le chaos.	交通大罢工让全城陷入了混乱。
chaos	Le bureau de mon frère ressemble à un vrai chaos.	我弟弟的房间简直乱成一团。
chaperon	Autrefois, une tante faisait le chaperon lors des premiers rendez-vous.	从前，初次约会要有姑妈当陪护。
chaperon	La gouvernante accompagna les deux jeunes filles comme chaperon.	家庭教师以监护妇的身份陪着两位小姐。
chaperon	Au bal, aucune jeune fille n'entrait sans chaperon.	那个年代，没有陪护的姑娘不许进舞会。
char	Un char a écrasé la barricade de la place.	一辆坦克碾过了广场上的街垒。
char	Les chars ont percé la ligne de défense à l'aube.	黎明时分，坦克突破了防线。
char	Ce char de la Seconde Guerre mondiale est exposé au fort.	这辆二战坦克陈列在要塞里。
charge	Les charges sont comprises dans le loyer de l'appartement.	房租里已经包含各项杂费。
charge	Le directeur a décidé de prendre ce dossier en charge.	经理决定亲自负责这个案子。
charge	Ce mois-ci, j'ai une charge de travail énorme au bureau.	这个月我在公司的工作量特别大。
charger	Peux-tu charger mon téléphone, la batterie est presque vide ?	帮我充一下手机电行吗？电池快没了。
charger	Il a chargé les cartons dans le coffre de la voiture.	他把纸箱装进了汽车后备箱。
charger	L'assistant est chargé de préparer les documents pour la réunion.	助理负责为会议准备文件。
chariot	Prends un chariot, on va acheter beaucoup de provisions.	推辆购物车吧，我们要买很多东西。
chariot	J'ai laissé mon chariot au milieu du rayon, excusez-moi.	我把购物车忘在货架中间了，不好意思。
chariot	Le chariot de la cuisine grince à chaque déplacement.	厨房的小推车一挪动就吱嘎作响。
charitable	C'est une âme charitable qui nourrit les sans-abri du quartier.	她心地仁慈，常常给街区的无家可归者送吃的。
charitable	Soyez charitable, laissez-lui une dernière chance.	发发善心，再给他一次机会吧。
charitable	L'organisation charitable collecte des vêtements pour l'hiver.	这家慈善机构为过冬募集衣物。
charlatan	Ce charlatan vend des cures miracles sur internet.	这个江湖骗子在网上卖神药。
charlatan	Ne fais pas confiance à ce charlatan de foire.	别信集市上那个江湖郎中。
charlatan	À l'époque, les charlatans promettaient de guérir toutes les maladies.	那个年代，江湖骗子声称包治百病。
charmer	Cette chanson m'a charmé dès la première écoute.	这首歌第一次听就把我迷住了。
charmer	Il sait charmer tout le monde avec ses histoires drôles.	他讲笑话很有一套，能把所有人都迷住。
charmer	Elle a été charmée par son sens de l'humour.	他的幽默感让她着迷。
charnel	Ce roman explore le désir charnel et la foi.	这部小说探讨了肉欲与信仰。
charnel	Le peintre excelle à rendre la présence charnelle des corps.	这位画家极善于表现人体的血肉质感。
charnel	Pour lui, le bonheur reste d'abord charnel.	在他看来，幸福首先是感官的欢愉。
chaste	Dans ce récit, l'amour reste chaste et respectueux.	在这个故事里，爱情始终纯洁而克制。
chaste	Elle lui a dit adieu avec un baiser chaste sur le front.	她在他额头留下一个纯洁的吻作别。
chaste	Le poète chante une muse chaste et lointaine.	诗人歌颂着一位纯洁而遥远的女神。
chat	Mon chat dort sur le canapé toute la journée.	我的猫整天睡在沙发上。
chat	Le voisin a un chat noir aux yeux verts.	邻居家有一只绿眼睛的黑猫。
chat	Le chat guette un oiseau par la fenêtre.	猫隔着窗户盯着一只鸟。
chauffeur	Le chauffeur de bus s'arrête à chaque arrêt.	公交司机每站都停。
chauffeur	Notre chauffeur de taxi connaissait tous les raccourcis.	我们的出租车司机熟悉所有近道。
chauffeur	Un chauffeur expérimenté conduit prudemment sur l'autoroute.	有经验的司机在高速上开得很稳。
cheeseburger	Je prends un cheeseburger avec des frites, s'il vous plaît.	我要一个芝士汉堡加薯条，麻烦了。
cheeseburger	Ce restaurant sert le meilleur cheeseburger de la ville.	这家餐厅的芝士汉堡是全城最好吃的。
cheeseburger	Il a commandé deux cheeseburgers pour le déjeuner.	他午餐点了两个芝士汉堡。
chef	Le chef cuisine un plat délicieux ce soir.	主厨今晚做一道美味的菜。
chef	Mon chef m'a demandé de finir ce rapport avant vendredi.	我上司让我周五前交这份报告。
chef	Elle est devenue chef d'entreprise à trente ans.	她三十岁就当上了公司老板。
chemise	Il repasse sa chemise blanche avant la réunion.	开会前他把白衬衫熨了熨。
chemise	Cette chemise en coton est très confortable.	这件棉衬衫穿着很舒服。
chemise	Le garçon a tâché sa chemise avec de la sauce.	小男孩的衬衫沾上了酱汁。
chenille	Une chenille verte se promène sur la feuille de chou.	一条绿毛虫在卷心菜叶上爬。
chenille	La chenille deviendra un papillon magnifique.	毛虫会变成漂亮的蝴蝶。
chenille	Les enfants observent une chenille dans une boîte.	孩子们隔着盒子观察一条毛毛虫。
chic	Cette robe est très chic pour une soirée.	这条裙子晚会上穿很时髦。
chic	Le nouveau restaurant du quartier a un décor chic et moderne.	街区新餐厅的装潢雅致又现代。
chic	Elle choisit toujours des accessoires élégants et chic.	她挑配饰总是又优雅又别致。
chiffon	Passe-moi un chiffon, j'ai renversé du jus sur la table.	递给我一块抹布，果汁洒到桌子上了。
chiffon	Elle nettoie le miroir avec un chiffon doux.	她用软布擦镜子。
chiffon	Il a essuyé la vaisselle avec un chiffon humide.	他用湿抹布把碗碟擦干。
chip	Il a trempé sa chip dans la sauce avant de la manger.	他把薯片蘸了酱再吃。
chip	Une seule chip ne suffit pas, il finit toujours le paquet.	只吃一片不够，他总会把整包吃完。
chip	Elle préfère manger une chip à la fois pour en profiter.	她喜欢一片一片慢慢吃，好好品尝。
chips	On partage un paquet de chips devant le film.	看电影时我们分一包薯片。
chips	Il mange trop de chips, ce n'est pas bon pour sa santé.	他薯片吃得太多，对身体不好。
chips	Elle a acheté des chips au paprika pour la fête.	她为聚会买了红椒味薯片。
chorale	La chorale de l'école répète tous les jeudis soirs.	学校合唱团每周四晚上排练。
chorale	Elle a rejoint une chorale pour rencontrer des gens.	她加入合唱团是为了多认识些人。
chorale	La chorale chantera à la fête de la musique.	音乐节那天，合唱团要登台演出。
chose	Il reste encore une chose à faire.	还剩一件事要做。
chose	J'ai oublié quelque chose à la maison.	我把东西落在家里了。
chose	Les choses vont mieux depuis la semaine dernière.	从上周开始情况好多了。
chute	Sa chute dans l'escalier lui a valu une jambe cassée.	他在楼梯上摔了一跤，结果腿骨折了。
chute	La chute de l'empire romain a duré des siècles.	罗马帝国的衰亡延续了几个世纪。
chute	Les actions ont subi une chute brutale ce matin.	今天上午股价急剧下跌。
cigarette	Il sort fumer une cigarette devant le bureau.	他到办公楼下抽了根烟。
cigarette	Les cigarettes sont interdites dans ce restaurant.	这家餐厅禁止吸烟。
cigarette	Elle a jeté sa dernière cigarette à la poubelle pour de bon.	她把最后一支烟扔进了垃圾桶，这次是认真的。
circuit	Les électriciens ont vérifié tout le circuit de la maison.	电工检查了整栋房子的线路。
circuit	Ce circuit touristique passe par trois villages typiques.	这条旅游线路经过三个很有特色的村子。
circuit	La voiture de course a bouclé le circuit en moins de deux minutes.	赛车不到两分钟就跑完了一整圈赛道。
circulation	Il y a beaucoup de circulation en heure de pointe.	高峰时段路上车很多。
circulation	La circulation est bloquée à cause d'un accident.	一起事故堵住了交通。
circulation	Attention, la circulation change de sens pendant les travaux.	注意，施工期间车辆改道行驶。
citation	Son discours s'ouvre sur une citation de Victor Hugo.	他的演讲以一句雨果的名言开场。
citation	Il faut indiquer la source de chaque citation dans ton mémoire.	论文里每处引用都必须注明出处。
citation	J'ai noté une belle citation dans mon carnet.	我在小本子上记了一句很美的名言。
civil	L'avocat a suivi une formation en droit civil.	这位律师专门研究民法。
civil	Le policier était en civil pour ne pas se faire remarquer.	为了不引人注意，警察穿的是便装。
civil	Pendant la guerre, beaucoup de civils ont fui la ville.	战争期间，许多平民逃离了这座城市。
civilisation	La civilisation égyptienne fascine les archéologues depuis des siècles.	埃及文明几个世纪以来一直令考古学家着迷。
civilisation	Ces grottes témoignent d'une civilisation très ancienne.	这些洞穴证明存在过一个十分古老的文明。
civilisation	L'écriture marque une étape essentielle dans l'histoire de la civilisation.	文字的发明是文明史上关键的一步。
clan	Ce village est partagé entre deux clans rivaux.	这个村子分成了两个对立的帮派。
clan	Toute la famille s'est rassemblée ; le clan était au complet.	全家人都到齐了，整个家族聚齐了。
clan	Dans cette entreprise, chaque clan défend ses propres intérêts.	在这家公司里，每个小团体都在维护自己的利益。
clause	Lisez la clause sept avant de signer le contrat.	签合同前先读一下第七条条款。
clause	Cette clause prévoit une pénalité en cas de retard.	这一条规定，逾期将支付违约金。
clause	Une clause du bail interdit les animaux.	租约中有一条禁止养宠物。
client	Le client attend son café au comptoir.	顾客在吧台等咖啡。
client	Ce magasin offre une remise à chaque client fidèle.	这家店给每位老客户优惠。
client	Un client impatient demande son addition.	一位着急的客人催着结账。
clip	Le nouveau clip du chanteur a été vu un million de fois.	歌手的新音乐短片播放量破了一百万。
clip	Elle tourne son premier clip avec des amis.	她和朋友们一起拍摄了自己的第一支音乐短片。
clip	J'ai regardé le clip en boucle toute la soirée.	这支音乐短片我循环看了一晚上。
clique	Il ne fréquente que sa petite clique du lycée.	他只跟中学的那一小撮伙伴来往。
clique	La clique au pouvoir protège ses intérêts avant tout.	掌权的小圈子首先维护的是自身利益。
clique	Une clique de fidèles entoure le directeur depuis des années.	多年来，一小帮亲信一直围在经理身边。
clone	Les scientifiques ont réussi à créer un clone de la brebis.	科学家成功培育出这只母羊的克隆体。
clone	Ce clone est génétiquement identique au modèle original.	这个克隆体在基因上与母本完全一致。
clone	Il copie tout : c'est le clone de son grand frère.	他什么都学哥哥，简直就是哥哥的翻版。
club	Elle s'est inscrite au club de tennis de la ville.	她报名参加了市里的网球俱乐部。
club	Ce club de lecture se réunit tous les jeudis.	这个读书会每周四聚会。
club	Son club de football a gagné hier soir.	她的足球俱乐部昨晚赢了。
coach	Son coach l'encourage avant chaque match.	每场比赛前教练都给他鼓劲。
coach	J'ai fait appel à un coach pour mieux organiser mon travail.	我请了一位指导来更好地安排工作。
coach	Le coach de natation exige beaucoup de discipline.	游泳教练对纪律要求很严。
cobra	Le cobra dresse son cou devant le charmeur de serpents.	眼镜蛇在耍蛇人面前昂起了头颈。
cobra	En Inde, il a vu un cobra près du temple.	在印度，他在寺庙附近见过一条眼镜蛇。
cobra	Le cobra crache son venin à plusieurs mètres.	眼镜蛇能把毒液喷出好几米远。
coca	Je voudrais un coca bien frais, s'il vous plaît.	我想要一杯冰可乐，麻烦了。
coca	Il boit trop de coca, c'est mauvais pour ses dents.	他可乐喝得太多，对牙不好。
coca	Elle mélange du citron et du coca pour son cocktail.	她用柠檬和可乐调了一杯饮品。
cocktail	On a trinqué avec un cocktail de fruits sans alcool.	我们碰杯喝的是无酒精的水果鸡尾酒。
cocktail	L'hôtel propose un cocktail de bienvenue à ses invités.	酒店为来宾送上迎宾鸡尾酒。
cocktail	Ce médicament est un vrai cocktail de vitamines.	这种药简直就是一堆维生素的大杂烩。
code	Il a oublié le code de la carte bancaire.	他忘了银行卡的密码。
code	Tape le code pour ouvrir le portail.	输入密码就能打开大门。
code	Ce code secret ne doit jamais être partagé.	这个密码绝不能外传。
coder	Il apprend à coder pour changer de métier.	他正在学编程，想换个行当。
coder	Elle a codé toute la nuit pour finir le projet.	为了赶完项目，她熬了个通宵写代码。
coder	Ces données doivent être codées avant l'envoi.	这些数据发送前必须先编码。
cognac	Il offre un vieux cognac à son beau-père pour Noël.	圣诞节他送给岳父一瓶陈年干邑。
cognac	Un verre de cognac après le dîner, c'est la tradition ici.	饭后一杯干邑是这里的传统。
cognac	Cette distillerie produit un cognac réputé depuis trois générations.	这家酒厂三代人酿出了远近闻名的干邑。
coiffure	Sa nouvelle coiffure fait sensation à la fête.	她的新发型在聚会上大受欢迎。
coiffure	Elle change de coiffure à chaque saison.	她每季都换发型。
coiffure	Cette coiffure demande beaucoup d'entretien le matin.	这款发型每天早上都要花功夫打理。
coin	Il attend le bus au coin de la rue.	他在街角等公交。
coin	Ce coin de la bibliothèque est très tranquille.	图书馆这个角落非常安静。
coin	Nous cherchons un coin calme pour pique-niquer.	我们找个安静的角落野餐。
coke	Il a totalement arrêté la coke depuis son entrée en cure.	进了戒毒所之后，他彻底戒了毒。
coke	Ce film montre la descente de quelqu'un accro à la coke.	这部电影刻画了一个染上毒瘾的人的堕落。
coke	La coke détruit la santé et les amitiés.	毒品毁掉的不仅是身体，还有友情。
col	La route du col est fermée en hiver à cause de la neige.	冬天因为下雪，山口的道路封闭。
col	Il a relevé le col de son manteau contre le vent.	他竖起大衣领子挡风。
col	Nous avons atteint le col après quatre heures de marche.	走了四个小时，我们终于登上了山口。
collaboration	Ce livre est le fruit d'une collaboration entre deux artistes.	这本书是两位艺术家合作的成果。
collaboration	Merci pour votre collaboration pendant ce projet.	感谢各位在整个项目中的配合。
collaboration	Après la guerre, la question de la collaboration a divisé le pays.	战后，通敌问题曾让整个国家陷入分裂。
collection	Sa collection de timbres compte déjà trois cents pièces.	他的邮票收藏已有三百枚。
collection	Ce musée présente une collection d'armures anciennes.	这座博物馆展出一批古代盔甲。
collection	Elle a hérité de la collection de disques de son père.	她继承了父亲的唱片收藏。
collier	Elle a reçu un collier de perles pour son anniversaire.	她生日时收到一条珍珠项链。
collier	Ce collier en or appartenait à sa grand-mère.	这条金项链是她外婆的。
collier	Il a perdu le fermoir de son collier.	他项链的搭扣丢了。
collision	La collision entre les deux voitures a bloqué le carrefour.	两车相撞堵住了路口。
collision	Le train a évité la collision de justesse.	列车千钧一发之际避免了相撞。
collision	Une collision de vues a divisé le conseil.	观点的冲突使委员会产生了分歧。
colon	Son arrière-grand-père était un colon en Algérie.	他的曾祖父曾是阿尔及利亚的殖民者。
colon	Les colons défrichaient la forêt pour planter du café.	殖民者开垦森林种植咖啡。
colon	Le musée retrace la vie des colons du dix-neuvième siècle.	博物馆重现了十九世纪殖民者的生活。
colonel	Le colonel a passé en revue les troupes.	上校检阅了部队。
colonel	Mon voisin était colonel dans l'armée de terre.	我的邻居曾是陆军上校。
colonel	Le colonel a donné l'ordre de recommencer l'exercice.	上校下令重新演练一遍。
colonial	Cette ville garde des bâtiments de style colonial.	这座城市保留着不少殖民风格的建筑。
colonial	L'empire colonial français s'étendait sur plusieurs continents.	法兰西殖民帝国曾横跨几大洲。
colonial	L'histoire coloniale du pays suscite encore des débats.	这个国家的殖民历史至今仍引发争论。
coma	L'accidenté est resté dans le coma pendant deux semaines.	事故伤者昏迷了两个星期。
coma	Il est sorti du coma sans séquelle grave.	他从昏迷中醒来，没留下严重的后遗症。
coma	Le médecin parle d'un coma artificiel pour soulager le cerveau.	医生说要用人工昏迷来保护大脑。
combat	Ce combat contre la maladie l'a beaucoup affaibli.	与病魔的搏斗让他虚弱了不少。
combat	Le combat des suffragettes a changé la société.	当年女权斗士的抗争改变了社会。
combat	Les deux boxeurs ont livré un combat acharné.	两位拳手打了一场难解难分的恶战。
combine	Il connaît une combine pour payer moins d'impôts.	他知道一个少交税的窍门。
combine	Arrête tes combines, je vois ce que tu prépares.	别耍花招了，我看得出你在打什么主意。
combine	Entre eux, c'est toujours la même combine.	他们之间玩的总是同一套把戏。
combustion	Le moteur à combustion produit du dioxyde de carbone.	内燃机会排放二氧化碳。
combustion	La combustion du bois chauffe la maison tout l'hiver.	整个冬天都靠烧柴给房子供暖。
combustion	Une combustion incomplète laisse des dépôts noirs.	燃烧不完全会留下黑色沉积物。
commandant	Le commandant du navire a annoncé la tempête.	舰长宣布说前方有风暴。
commandant	Le commandant de police a ouvert l'enquête.	警长着手展开了调查。
commandant	Le commandant a ordonné l'évacuation du bâtiment.	指挥官下令撤离大楼。
commander	Je voudrais commander une pizza pour ce soir.	我想订一份今晚的披萨。
commander	Elle commande toujours le même plat dans ce restaurant.	在这家餐厅她总点同一道菜。
commander	Le patron commande de nouvelles chaises pour le bureau.	老板给办公室订购了新椅子。
commando	Un commando a débarqué sur la plage à l'aube.	一支突击队在拂晓时分登上了海滩。
commando	Les commandos s'entraînent dans la montagne.	突击队员们在山里进行训练。
commando	Il porte un pantalon style commando pour la randonnée.	远足时他穿一条突击队风格的工装裤。
commencement	Au commencement du film, l'héroïne quitte sa province.	电影开头，女主角离开家乡。
commencement	Ce n'est qu'un commencement, le plus dur reste à faire.	这只是个开端，最难的还在后面。
commencement	Le commencement de cette fête remonte au Moyen Âge.	这个节日起源于中世纪。
comment	Comment vas-tu depuis notre dernière rencontre ?	上次见面后你还好吗？
comment	Comment fait-on pour réserver un billet en ligne ?	怎么在网上订票？
comment	Je ne sais pas comment lui annoncer la nouvelle.	我不知道该怎么把这个消息告诉他。
commenter	Le journaliste commente le match en direct.	记者正对着比赛做现场解说。
commenter	Le professeur a commenté chaque ligne du poème.	老师逐句讲解了这首诗。
commenter	N'hésitez pas à commenter l'article sur le site.	欢迎在网站上给这篇文章留言评论。
commerce	Elle tient un commerce de fleurs près de la gare.	她在火车站旁边开着一家花店。
commerce	Le commerce en ligne change nos habitudes d'achat.	网购正在改变我们的消费习惯。
commerce	Ce commerce se transmet de génération en génération.	这家店铺代代相传。
commercial	Le service commercial répond sous vingt-quatre heures.	商务部门保证二十四小时内答复。
commercial	Cette zone commerciale ouvre ses portes samedi.	这片商业区周六开业。
commercial	Son argument est purement commercial, sans aucune valeur juridique.	他的论点纯粹出于商业考虑，毫无法律价值。
commissariat	Il s'est rendu au commissariat pour porter plainte.	他去警察局报了案。
commissariat	Le nouveau commissariat ouvre rue Victor Hugo.	新的警察分局开在维克多·雨果街上。
commissariat	Les témoins ont été convoqués au commissariat central.	证人被传唤到中心警察局。
commission	La commission d'enquête rendra son rapport le mois prochain.	调查委员会下个月提交报告。
commission	Il touche cinq pour cent de commission sur chaque vente.	他每做成一单生意能拿百分之五的佣金。
commission	La commission se réunit tous les premiers mardis du mois.	委员会每月第一个周二开会。
commode	C'est commode de prendre le bus juste devant la maison.	公共汽车站就在家门口，太方便了。
commode	Ce canapé-lit est très commode pour recevoir des invités.	这张沙发床招待客人特别实用。
commode	Il trouve moins commode de travailler depuis chez lui.	他觉得在家办公没那么舒服。
commotion	Le rugbyman a reçu une commotion cérébrale.	那位橄榄球员脑震荡了。
commotion	Après la commotion, il ne se souvient plus de l'accident.	脑震荡之后，他对事故毫无记忆。
commotion	Une commotion de l'explosion a brisé les vitrines.	爆炸产生的震荡震碎了橱窗玻璃。
commune	Notre commune compte à peine deux mille habitants.	我们这个市镇只有两千来个居民。
commune	Le conseil de la commune vote le budget en mars.	市镇议会在三月表决预算。
commune	La commune voisine a ouvert une médiathèque flambant neuve.	邻镇新开了一家崭新的图书馆。
communication	Une bonne communication évite bien des malentendus.	良好的沟通能避免许多误会。
communication	Le directeur a fait une communication importante à l'assemblée.	经理在大会上作了一次重要通报。
communication	Les moyens de communication ont beaucoup évolué.	通讯手段这些年变化太大了。
communion	Les enfants font leur première communion au printemps.	孩子们在春天初次领圣体。
communion	Toute la famille s'est réunie pour la communion de la petite.	全家人聚在一起参加小姑娘的初领圣体仪式。
communion	Un sentiment de communion animait la foule au concert.	音乐会上，人群洋溢着一种心灵相通的气氛。
compassion	Elle regarde les réfugiés avec compassion.	她满怀同情地望着难民。
compassion	Sa compassion envers les malades fait sa réputation.	他对病人的同情心为他赢得了好名声。
compassion	Aide-moi par des actes, pas seulement par compassion.	用行动帮我，光有怜悯没有用。
compatible	Cette imprimante est compatible avec tous les ordinateurs portables.	这台打印机和所有笔记本电脑都兼容。
compatible	Leurs horaires ne sont pas compatibles avec une vie de famille.	他们的工作时间和家庭生活实在难以兼容。
compatible	Ces deux logiciels sont compatibles entre eux.	这两个软件互相兼容。
compensation	Les victimes ont reçu une compensation financière.	受害者获得了经济赔偿。
compensation	Cette compensation ne rembourse même pas la moitié des pertes.	这点补偿连损失的一半都抵不上。
compensation	Un jour de congé sert de compensation pour le week-end travaillé.	加班的周末用一天假来补偿。
complication	L'opération s'est déroulée sans complication.	手术进行得很顺利，没有并发症。
complication	Une complication s'est produite pendant l'anesthésie.	麻醉过程中出现了并发症。
complication	Ce dossier ne mérite pas tant de complications administratives.	这份文件用不着这么多行政上的繁琐手续。
complice	La police soupçonne un complice à l'intérieur de la banque.	警方怀疑银行内部有内应。
complice	Le complice attendait la voiture au coin de la rue.	同伙在街角等着那辆接应的车。
complice	Depuis l'enfance, ils sont complices de toutes les farces.	从小到大，他俩合伙搞过数不清的恶作剧。
compliment	Elle a reçu des compliments sur son gâteau.	她的蛋糕赢得了大家的一致称赞。
compliment	Le patron a fait des compliments à toute l'équipe.	老板夸了全组的人。
compliment	Merci pour le compliment, mais le crédit revient à toute l'équipe.	谢谢夸奖，不过功劳属于整个团队。
composer	Il compose de la musique pour des films.	他为电影创作音乐。
composer	L'équipe est composée de cinq personnes.	这支队伍由五个人组成。
composer	Composez le numéro d'urgence en cas d'accident.	出了事故请拨打紧急号码。
composition	La composition de ce parfum reste secrète.	这款香水的配方保密。
composition	La composition du jury a été annoncée hier.	评审团的组成昨天公布了。
composition	Pour l'examen, la composition portera sur le romantisme.	考试的论述题将围绕浪漫主义。
con	Arrête de te comporter comme un con au volant.	开车别像个蠢货似的。
con	Il a fait le con devant tout le monde.	他在所有人面前出尽了洋相。
con	Quel con, il a oublié nos billets !	真是个蠢货，把我们的票都忘了！
concentration	Il manque de concentration avant les examens.	考试前他有些注意力不集中。
concentration	Le bruit de la rue gêne sa concentration.	街上的噪音妨碍他专心。
concentration	Un bon petit-déjeuner aide la concentration des enfants à l'école.	好好吃早餐有助于孩子在学校集中注意力。
concept	Ce concept de restaurant sans serveurs intrigue les clients.	这种无服务员的餐厅概念让顾客很好奇。
concept	Le concept du film est original mais difficile à résumer.	这部电影的理念很新颖，但很难概括。
concept	Ils ont vendu leur concept à une grande marque.	他们把自己的创意卖给了大品牌。
conception	Sa conception du bonheur est très simple.	他对幸福的理解非常朴素。
conception	La conception du site a pris six mois.	网站的设计花了六个月。
conception	Les gens avaient une autre conception du travail à cette époque.	在那个年代，人们对工作的看法和现在不同。
concert	Nous allons à un concert de jazz vendredi soir.	周五晚上我们去听爵士音乐会。
concert	Le concert a été reporté à cause de la pluie.	音乐会因下雨延期了。
concert	Elle a obtenu deux places pour le concert de son chanteur préféré.	她弄到了两张偶像演唱会的票。
concession	Après des heures de négociation, chacun a fait une concession.	谈判几个小时后，双方各让了一步。
concession	Obtenir la concession du magasin en bord de plage a coûté cher.	拿下海滩边店铺的经营权花了不少钱。
concession	Sa seule concession au confort, c'est le siège chauffant.	他对舒适唯一的让步就是座椅加热。
concierge	La concierge distribue le courrier chaque matin.	女门房每天早上分发邮件。
concierge	Demandez la clé de la salle au concierge.	去门房那儿领活动室的钥匙。
concierge	Le concierge de l'immeuble connaît tout le monde.	这栋楼的管理员认识所有住户。
conclusion	La conclusion de ce rapport surprend tous les lecteurs.	这份报告的结论让所有读者吃了一惊。
conclusion	Tirez-en les conclusions que vous voudrez.	你爱怎么理解就怎么理解吧。
conclusion	En conclusion, le projet mérite d'être financé.	总之，这个项目值得投资。
concurrence	Ce magasin pratique des prix imbattables face à la concurrence.	面对竞争，这家店的价格低得没话说。
concurrence	La concurrence asiatique pèse sur notre secteur.	亚洲同行的竞争压得我们这一行喘不过气。
concurrence	En concurrence avec trois candidats, elle a décroché le poste.	在与三名候选人的竞争中，她拿到了这份工作。
concurrent	Notre restaurant a perdu la moitié de ses clients au profit d'un concurrent récemment ouvert.	我们的餐厅有一半顾客被一家新开的竞争对手抢走了。
concurrent	Ce concurrent vend le même appareil dix euros moins cher.	这家对手的同类产品便宜十欧元。
concurrent	Avant de fixer nos prix, nous étudions toujours ce que font les concurrents.	定价之前，我们总要研究竞争对手的动向。
condition	Je viendrai à condition que tu m'accompagnes.	你陪我去，我就来。
condition	Il accepte de nous aider à une seule condition.	他答应帮忙，只有一个条件。
condition	Ces travailleurs demandent de meilleures conditions dans l'usine.	工人们要求改善工厂里的条件。
conduit	Un conduit bouché provoque souvent des fuites de gaz dangereuses.	管道堵塞常常引发危险的燃气泄漏。
conduit	Le plombier a remplacé le conduit d'évacuation sous l'évier.	水管工更换了水槽下面的排水管。
conduit	L'air chaud circule dans ces conduits jusqu'aux étages supérieurs.	热空气通过这些管道输送到楼上各层。
confession	Le prêtre écoute les confessions le samedi soir.	神父每周六晚上听取忏悔。
confession	Devant le juge, sa confession a surpris tout le monde.	在法官面前，他的供词让所有人大吃一惊。
confession	Elle m'a fait une étrange confession hier soir.	昨天晚上她跟我袒露了一件怪事。
confidence	Entre deux tasses de thé, Marion m'a fait d'étranges confidences.	喝着茶，玛丽翁跟我倾诉了些奇怪的知心话。
confidence	Elle garde ses confidences pour sa sœur, la seule en qui elle a confiance.	她只对妹妹说心里话，那是她唯一信任的人。
confidence	Ne répète pas cette confidence, je te l'ai dite en secret.	这句悄悄话别说出去，我只告诉了你一个人。
confirmation	J'attends encore la confirmation de mon vol.	我还在等航班的确认信息。
confirmation	La confirmation du diagnostic a pris une semaine.	确诊花了一个星期。
confirmation	Vous recevrez une confirmation par courriel.	您会收到一封确认邮件。
confrontation	Les deux suspects ont été placés face à face pour une confrontation.	两名嫌疑人被安排当面对质。
confrontation	Il fuit toute confrontation avec son patron.	他总是回避和上司正面对峙。
confrontation	La confrontation des deux versions a révélé des contradictions.	把双方的说法一对照，破绽就出来了。
confusion	Une confusion entre les deux dossiers a retardé le paiement.	两份档案弄混，付款被耽误了。
confusion	Dans la confusion de l'évacuation, elle a perdu sa valise.	疏散时一片慌乱，她把行李箱弄丢了。
confusion	Il règne une confusion totale dans ce service.	这个部门乱成了一锅粥。
conjugal	Ils traversent une crise conjugale depuis quelques mois.	几个月来他们的婚姻一直有危机。
conjugal	La vie conjugale demande des compromis de la part des deux partenaires.	婚姻生活需要双方都做出让步。
conjugal	Le couple a suivi une thérapie conjugale pour sauver son mariage.	为了挽救婚姻，夫妻俩接受了婚姻治疗。
conjurer	La grand-mère touche du bois pour conjurer le mauvais sort.	奶奶摸摸木头，祛除霉运。
conjurer	On a organisé une messe pour conjurer la sécheresse.	人们做了一场弥撒，祈求解除旱灾。
conjurer	Je te conjure d'écouter un instant ce que j'ai à te dire.	我恳求你听我说一句话。
connecter	Je n'arrive pas à me connecter au réseau du bureau.	我连不上公司的网络。
connecter	Connecte-toi avec ton mot de passe habituel.	用你平时的密码登录就行。
connecter	Le couloir connecte la salle à manger et la cuisine.	走廊把餐厅和厨房连在一起。
connexion	La connexion internet est très lente ce matin.	今早网速很慢。
connexion	J'ai perdu la connexion pendant la visioconférence.	视频会议时我的网络断了。
connexion	Ce café offre une connexion gratuite aux clients.	这家咖啡馆为客人提供免费网络。
conscience	Il a perdu conscience après le choc.	撞击之后，他失去了知觉。
conscience	Elle a la conscience tranquille.	她问心无愧。
conscience	Sa conscience écologique l'a poussé à vendre sa voiture.	环保意识促使他把车卖了。
conservatoire	Ma fille entre au conservatoire en septembre pour étudier le violon.	我女儿九月进音乐学院学小提琴。
conservatoire	Ce conservatoire forme les meilleurs pianistes du pays.	这所音乐学院培养出全国最优秀的钢琴家。
conservatoire	Elle a obtenu son prix de chant au conservatoire l'année dernière.	去年她在音乐学院获得了声乐奖。
conserve	Le garde-manger est plein de conserves maison.	储藏室里摆满了自家做的罐头。
conserve	Cette conserve de tomates date de l'été dernier.	这罐西红柿是去年夏天做的。
conserve	En randonnée, on emporte surtout des conserves légères.	徒步时主要带些轻便的罐头食品。
consigner	Le gardien consigne chaque entrée et chaque sortie dans un registre.	门卫把每次进出都登记在簿子上。
consigner	Consignez ces documents dans le coffre avant de quitter le bureau.	下班前把这些文件存进保险柜。
consigner	Toutes les anomalies doivent être consignées dans le cahier de maintenance.	所有异常情况都要记录在维护日志里。
consolation	Sa visite m'a apporté une vraie consolation.	他的探望给了我真正的安慰。
consolation	Petite consolation : le match reporté tombe un jour de congé.	小小的安慰是：改期的比赛正好撞上休假。
consolation	Elle cherchait une consolation dans la musique.	她从音乐里寻求慰藉。
console	Il a passé l'après-midi sur sa console de jeux.	他整个下午都在打游戏机。
console	Cette console accepte les jeux de la génération précédente.	这台游戏机兼容上一代游戏。
console	Les enfants se disputent la console le week-end.	周末孩子们抢着要玩游戏机。
constant	Elle suit ce dossier avec une attention constante.	她一直密切关注着这份卷宗。
constant	La température reste constante dans la cave.	地窖里的温度保持恒定。
constant	Leur soutien a été constant pendant toute la maladie.	整个患病期间，他们的支持从未间断。
constitution	La constitution garantit la liberté d'expression à tous les citoyens.	宪法保障全体公民的言论自由。
constitution	Une révision de la constitution nécessite le vote des deux tiers du parlement.	修宪需要议会三分之二多数通过。
constitution	Grâce à sa constitution robuste, il n'a jamais été malade.	他体质结实，从来没生过病。
construction	La construction de la nouvelle école commence en mars.	新学校三月动工。
construction	Cette construction en bois respecte l'environnement.	这座木结构建筑很环保。
construction	La phrase est fautive : sa construction est incorrecte.	这个句子有语病：结构不对。
consul	Adresse-toi au consul pour renouveler ton passeport.	换护照的事，你去找领事办。
consul	Le consul de France à Lima a aidé les touristes bloqués.	法国驻利马的领事帮了被滞留游客的忙。
consul	Dans l'Antiquité, chaque consul commandait une légion.	古罗马时代，每位执政官统率一个军团。
consultation	La consultation du médecin a duré vingt minutes.	医生这次看诊用了二十分钟。
consultation	Il a pris rendez-vous pour une consultation d'urgence.	他约了一个急诊号。
consultation	Le projet sera soumis à la consultation des habitants.	工程方案将交由居民征询意见。
consumer	L'incendie a consumé toute la grange en moins d'une heure.	大火不到一小时就把整座谷仓烧了个精光。
consumer	La jalousie le consume jour après jour.	嫉妒一天天吞噬着他。
consumer	Les flammes consumaient encore les débris au petit matin.	清晨时分，火焰还在吞噬残骸。
contact	Garde le contact avec tes anciens camarades.	和老同学保持联系吧。
contact	Il a repris contact avec son ancien professeur.	他重新联系上了以前的老师。
contact	Évite tout contact entre la viande crue et les légumes.	生肉要避免和蔬菜接触。
container	Le container est arrivé au port ce matin.	集装箱今天早上到港了。
container	Ils ont transformé un container en maison de campagne.	他们把一个集装箱改成了乡间小屋。
container	Déposez vos déchets verts dans le container prévu à cet effet.	园林垃圾请放进指定的垃圾箱。
contamination	La contamination de la nappe phréatique inquiète les riverains.	地下水层受到污染，让附近居民很担心。
contamination	Des mesures strictes limitent la contamination dans les hôpitaux.	医院采取严格措施控制感染。
contamination	Les experts craignent une contamination des cultures voisines.	专家担心污染会扩散到邻近农田。
content	Je suis content de te revoir.	很高兴又见到你。
content	Elle est très contente de son nouveau travail.	她对新工作非常满意。
content	Les enfants sont contents de cette surprise.	孩子们对这个惊喜很开心。
continent	L'Afrique est un continent aux mille visages.	非洲是一片面貌万千的大陆。
continent	Cet oiseau migre d'un continent à l'autre.	这种鸟在两大洲之间迁徙。
continent	Ils ont traversé le continent en train.	他们坐火车横穿了整片大陆。
contraction	Une contraction musculaire l'a réveillé en pleine nuit.	半夜一次肌肉抽搐把他弄醒了。
contraction	À l'écrit soigné, on évite la contraction des mots.	在讲究的书面语里，要避免缩略形式。
contraction	La contraction du métal au froid modifie la mesure.	遇冷收缩会让金属测出来的尺寸变掉。
contravention	Il a reçu une contravention pour excès de vitesse sur l'autoroute.	他因在高速公路上超速收到了罚单。
contravention	La contravention de cinquante euros est arrivée à la maison hier.	那张五十欧元的罚单昨天寄到了家里。
contravention	Se garer devant une sortie de secours coûte une contravention salée.	把车停在安全出口前，罚单可不小。
contribution	Sa contribution au projet a été décisive.	他对这个项目的贡献是决定性的。
contribution	Chaque famille verse une contribution de dix euros pour la kermesse.	每户出十欧元，分摊游园会的费用。
contribution	Merci à tous pour votre contribution à la réussite de l'événement.	感谢大家为活动成功举办出的一份力。
contusion	Il s'est fait une contusion au genou en tombant du vélo.	他从自行车上摔下来，膝盖淤青了一块。
contusion	Le médecin a diagnostiqué une simple contusion, sans fracture.	医生诊断只是挫伤，没有骨折。
contusion	Appliquez du froid sur la contusion pour faire baisser le gonflement.	挫伤处要冷敷消肿。
convention	La convention signée hier protège mieux les travailleurs.	昨天签署的公约能更好地保护劳动者。
convention	Le film joue avec les conventions du polar.	这部电影有意打破警匪片的常规套路。
convention	Les salariés ont voté la convention collective à l'unanimité.	员工们一致通过了集体协议。
conversation	Leur conversation a duré jusqu'à minuit.	他们的谈话一直聊到半夜。
conversation	Elle a interrompu la conversation pour répondre au téléphone.	她停下谈话去接电话。
conversation	J'ai entendu une conversation intéressante dans le train.	我在火车上听到了一段有意思的对话。
conviction	Elle a plaidé avec conviction devant le tribunal.	她在法庭上满怀信念地作了陈述。
conviction	J'ai la conviction que ce choix est le bon.	我坚信这个选择是对的。
conviction	Ses convictions politiques ne datent pas d'hier.	他的政治信念不是一天两天了。
cookie	Elle a préparé des cookies au chocolat pour le goûter.	她烤了巧克力曲奇当点心。
cookie	Ce cookie sort tout juste du four.	这块曲奇刚出炉。
cookie	Il partage ses cookies avec ses camarades de classe.	他和同学分享曲奇。
cool	Ton nouveau sac est vraiment cool.	你的新包真酷。
cool	Il est très cool avec ses voisins.	他对邻居们很随和。
cool	Ce prof est cool, il ne donne pas de devoirs le week-end.	这位老师很开明，周末不留作业。
copier	Ne copie pas les devoirs de ton voisin.	别抄同桌的作业。
copier	Elle copie la recette dans son carnet.	她把食谱抄进本子里。
copier	Il faut copier ce fichier sur la clé USB.	要把这个文件复制到优盘上。
cordon	Ton cordon de chaussure est défait.	你的鞋带开了。
cordon	La police a établi un cordon de sécurité autour du bâtiment.	警方在大楼周围拉起了警戒线。
cordon	Branche le cordon d'alimentation avant d'allumer l'écran.	开机前先插好电源线。
corps	Il nage tous les matins pour entretenir son corps.	他每天早上游泳锻炼身体。
corps	Le corps humain contient beaucoup d'eau.	人体含有大量的水。
corps	Après la course, tout son corps lui fait mal.	跑完步他浑身都疼。
correct	Ta réponse est correcte, tu peux passer à l'exercice suivant.	你的答案是对的，可以继续做下一题。
correct	Il parle un français correct mais lent.	他的法语说得还行，就是慢。
correct	Ce prix est correct pour une chambre avec vue.	这个价格对带窗房间来说算公道。
correction	La correction des copies prendra deux jours.	批改试卷要花两天时间。
correction	Apporte la correction de l'exercice demain.	明天把练习的标准答案带来。
correction	Merci de la correction, mon texte était plein d'erreurs.	谢谢你帮我改稿，我那篇文章原来错漏百出。
corruption	La corruption gangrène les douanes de cette région.	这个地区的海关腐败成风。
corruption	Il a été condamné pour corruption et abus de biens sociaux.	他因受贿和挪用公司资产被判刑。
corruption	Une commission indépendante enquêtera sur la corruption dans le foot.	一个独立委员会将调查足球界的腐败问题。
cortex	Le cortex préfrontal gère la prise de décision et l'attention.	前额叶皮层负责决策和注意力。
cortex	Une lésion du cortex peut altérer la mémoire et le langage.	皮层受损可能影响记忆和语言。
cortex	Les chercheurs ont observé l'activité du cortex pendant le sommeil.	研究人员观察了睡眠期间皮层的活动。
cosmos	Les astronomes cherchent notre place dans le cosmos depuis des siècles.	几百年来，天文学家一直在探寻我们在宇宙中的位置。
cosmos	Ce télescope nous montre des recoins inconnus du cosmos.	这架望远镜让我们看到宇宙中未知的角落。
cosmos	Il rêvait d'explorer le cosmos dès l'enfance.	他从孩提时代就梦想探索宇宙。
costume	Il porte un costume sombre pour le mariage.	婚礼上他穿了一身深色西装。
costume	Son costume de super-héros fait rire tout le monde.	他的超人戏服逗笑了所有人。
costume	Elle a loué un costume ancien pour la fête costumée.	她为化装舞会租了一套古装。
coup	Tu peux me donner un coup de main pour ces cartons ?	能帮我搭把手搬这些箱子吗？
coup	Tout à coup, la lumière s'est éteinte dans tout le quartier.	突然之间，全街区的灯都灭了。
coup	Elle a attrapé un coup de soleil à la plage.	她在海边晒伤了。
coupe	L'équipe a soulevé la coupe devant ses fans.	球队在球迷面前捧起了奖杯。
coupe	Elle a changé de coupe pour l'été.	她换了新发型准备过夏天。
coupe	Ce golfeur a gagné la coupe régionale deux fois.	这位高尔夫球手两度赢得地区冠军。
couple	Ce couple se promène tous les dimanches au parc.	这对伴侣每周日都去公园散步。
couple	Ils forment un couple adorable depuis dix ans.	他们相恋十年，是一对甜蜜的情侣。
couple	Le couple de danseurs a émerveillé le public.	这对舞者令观众赞叹不已。
courage	Bon courage pour ta première journée de travail !	第一天上班，加油！
courage	Il a eu le courage de dire la vérité.	他有勇气说出了真相。
courage	Elle rassemble tout son courage et monte sur scène.	她鼓起全部勇气走上舞台。
course	Elle fait ses courses le samedi matin au marché.	她周六早上去市场采购。
course	La course des enfants autour de la piscine fatigue leur mère.	孩子们绕着泳池跑来跑去，妈妈累坏了。
course	Cette course à pied traverse toute la ville en mai.	这场跑步比赛五月横穿全城。
court	Ce film est trop court, on en veut plus.	这部电影太短了，让人意犹未尽。
court	Elle a les cheveux courts depuis cet été.	今年夏天起她留了短发。
court	Il préfère les trajets courts à pied jusqu'au bureau.	他喜欢步行短距离去上班。
courtier	Notre courtier nous a trouvé un prêt à un taux avantageux.	贷款经纪帮我们找到了利率划算的贷款。
courtier	Le courtier en vin connaît tous les crus de la région.	这位酒类经纪对当地各款葡萄酒了如指掌。
courtier	Sans passer par un courtier, vous payez souvent plus cher.	不找经纪人，你常常要花更多钱。
cousin	Mon cousin arrive de Marseille ce week-end.	我表哥这个周末从马赛过来。
cousin	J'ai grandi avec ma cousine et mon cousin.	我是和表姐、表哥一起长大的。
cousin	Elle ressemble beaucoup à son cousin germain.	她和堂哥长得很像。
couture	Elle apprend la couture sur une vieille machine.	她用一台旧缝纫机学缝纫。
couture	La haute couture française fascine le monde entier.	法国高级时装令全世界着迷。
couture	La couture de cette poche a lâché.	这只口袋的缝线开线了。
couturier	Ce couturier lance sa collection printemps-été.	这位时装设计师即将发布春夏系列。
couturier	Le couturier a ajusté la robe en vingt minutes.	裁缝只用二十分钟就把裙子改好了。
couturier	Les grands couturiers présentent leurs créations à Paris.	大牌设计师们纷纷在巴黎发布新作。
coyote	Un coyote traverse la route juste devant la voiture.	一只郊狼正好从车前穿过马路。
coyote	Les coyotes hurlent la nuit dans les collines.	夜里山丘上传来郊狼的嚎叫。
coyote	Le fermier garde ses moutons dans un enclos pour les protéger des coyotes.	农场主把羊圈起来防郊狼。
crack	Ce jeune informaticien est un crack des bases de données.	这位年轻程序员是数据库方面的高手。
crack	Notre comptable, un vrai crack, a trouvé l'erreur en dix minutes.	我们的会计是个真正的高手，十分钟就找到了错账。
crack	Recrute-la : c'est un crack en négociation.	招她吧，她谈判特别厉害。
cracker	Elle tartine ses crackers de fromage de chèvre.	她往脆饼干上抹山羊奶酪。
cracker	Un paquet de crackers traîne sur la table du salon.	客厅桌上放着一包脆饼干。
cracker	Servez les crackers avec le foie gras au moment de l'apéritif.	餐前酒时把脆饼干配鹅肝端上。
crash	Le crash de l'avion n'a laissé aucun survivant.	那次坠机无人生还。
crash	Les experts redoutent un crash boursier.	专家们担心股市崩盘。
crash	L'enquête sur le crash se poursuit.	坠机事故的调查仍在进行。
crayon	Prête-moi ton crayon, le mien ne marche plus.	借我你的铅笔，我的不能用了。
crayon	Elle dessine une fleur au crayon sur son cahier.	她在笔记本上用铅笔画了一朵花。
crayon	Le crayon est tombé sous le bureau.	铅笔掉到桌子底下了。
cricket	Le cricket reste le sport préféré de tout le village.	板球仍是全村人最爱的运动。
cricket	Ils ont organisé un match de cricket sur la pelouse.	他们在草坪上组织了一场板球赛。
cricket	Mon cousin anglais m'a appris les règles du cricket.	英国表哥教了我板球规则。
crime	Ce crime reste impuni depuis vingt ans.	这桩罪行二十年来始终未受惩处。
crime	Le détective a résolu le crime en trois jours.	侦探三天就破了案。
crime	Gaspiller autant de nourriture, c'est un vrai crime.	浪费这么多粮食简直是造孽。
critique	La critique salue ce premier roman.	评论界对这部处女作赞不绝口。
critique	Il ne supporte pas la critique.	他受不了别人的批评。
critique	La critique du film m'a donné envie de le voir.	那篇影评让我很想去看这部电影。
crochet	Elle accroche ses clés à un crochet près de la porte.	她把钥匙挂在门边的挂钩上。
crochet	Ma tante tricote des écharpes au crochet.	我姑姑用钩针钩围巾。
crochet	Le cambrioleur a crocheté la serrure en dix secondes.	小偷十秒钟就把锁撬开了。
crocodile	Le crocodile attend immobile au bord de la rivière.	鳄鱼一动不动地守在河边。
crocodile	Nous avons visité une ferme à crocodiles en Floride.	我们在佛罗里达参观了一家鳄鱼场。
crocodile	Ce crocodile mesure plus de quatre mètres de long.	这条鳄鱼身长超过四米。
croissant	J'achète des croissants à la boulangerie chaque matin.	我每天早上都去面包店买羊角面包。
croissant	Le croissant encore chaud sent très bon.	刚出炉的羊角面包特别香。
croissant	Il prend toujours un café avec son croissant.	他吃羊角面包总要配杯咖啡。
crucial	Le témoignage de la voisine s'est révélé crucial dans l'enquête.	邻居的证词成了破案的关键。
crucial	Il est crucial de vérifier les chiffres avant la publication.	发布之前核对数字至关重要。
crucial	La prochaine semaine sera cruciale pour la survie de l'entreprise.	下一周对公司的存亡至关重要。
cruel	C'était une décision cruelle mais nécessaire.	那是个残忍却必要的决定。
cruel	Le sort s'est montré cruel avec cette équipe.	命运对这支队伍太残酷了。
cruel	Sa remarque a été cruelle sans qu'il s'en rende compte.	他随口那句话伤人至深，自己却没意识到。
cube	Elle met un cube de sucre dans son thé.	她往茶里放了一块方糖。
cube	L'enfant empile des cubes colorés dans sa chambre.	孩子在房间里搭彩色积木。
cube	Le volume de ce cube se calcule facilement.	这个立方体的体积很容易算。
cuisine	Maman prépare le dîner dans la cuisine.	妈妈正在厨房做晚饭。
cuisine	J'aime beaucoup la cuisine italienne.	我非常喜欢意大利菜。
cuisine	Leur nouvelle maison a une cuisine spacieuse et lumineuse.	他们的新家有一个宽敞明亮的厨房。
culture	La culture japonaise l'intéresse depuis toujours.	日本文化一直吸引着他。
culture	Il s'ouvre à la culture en visitant des musées.	他通过参观博物馆接触各种文化。
culture	La culture du riz demande beaucoup d'eau.	种水稻需要大量的水。
cure	Elle suit une cure de vitamines depuis un mois.	她服用维生素补充疗程已经一个月。
cure	Le médecin lui prescrit une cure thermale pour son dos.	医生为他的背痛开了温泉疗养。
cure	Après la cure, il se sent complètement régénéré.	疗程结束后，他感觉整个人焕然一新。
cutter	Ouvre le carton avec le cutter sur l'étagère.	用架子上的美工刀拆纸箱。
cutter	Il a coupé la moquette au cutter pour poser le parquet.	他用美工刀裁开地毯铺木地板。
cutter	Range ton cutter : la lame est encore sortie.	把美工刀收好，刀片还露着呢。
cycle	Le cycle des saisons se répète chaque année.	四季的轮回每年重复一次。
cycle	Cette machine à laver propose un cycle court de trente minutes.	这台洗衣机有一个三十分钟的快洗程序。
cycle	Le cycle de vie de ce produit dure deux ans.	这款产品的生命周期只有两年。
dame	Cette dame cherche son chat depuis ce matin.	这位女士从早上起就在找她的猫。
dame	Une dame âgée monte dans le bus lentement.	一位上了年纪的女士慢慢上了公交车。
dame	La dame du troisième étage vend des fleurs le samedi.	三楼的那位女士每周六卖花。
dandy	Ce dandy s'habille chez le même tailleur depuis vingt ans.	这位时髦绅士二十年来都在同一家裁缝店做衣服。
dandy	Le dandy traverse le salon en faisant tourner sa canne.	花花公子转着手杖穿过客厅。
dandy	Oscar Wilde incarnait le dandy londonien de son époque.	奥斯卡·王尔德是当时伦敦纨绔子弟的化身。
danger	Le panneau rouge signale un danger sur la route.	红色警示牌提示前方道路有危险。
danger	Il a compris le danger en voyant le courant fort.	看到湍急的水流他意识到危险。
danger	Courir sur les rails représente un vrai danger.	在铁轨上奔跑非常危险。
date	Quelle est la date de ton anniversaire ?	你的生日是哪天？
date	Note la date de l'examen dans ton agenda.	把考试日期记在你的日程本上。
date	Cette date reste gravée dans ma mémoire.	这个日子深深刻在我的记忆里。
deal	Ils ont conclu un deal avantageux pour les deux entreprises.	他们达成了一笔对两家公司都有利的交易。
deal	La police a arrêté deux hommes en train de faire un deal dans le parc.	警察在公园里逮捕了两个正在交易毒品的人。
deal	Ce deal m'a permis d'acheter la voiture à moitié prix.	这笔买卖让我半价买到了那辆车。
dealer	Les habitants ont signalé un dealer près de l'école.	居民举报学校附近有毒贩出没。
dealer	Ce dealer du quartier vendait aussi aux mineurs.	这个街区的毒贩连未成年人也卖。
dealer	La brigade a interpellé deux dealers dans le parking souterrain.	警察在地下停车场抓了两名毒贩。
delta	Le delta du Rhône s'étend jusqu'à la mer.	罗讷河三角洲一直延伸到海边。
delta	Les oiseaux migrateurs nichent dans le delta.	候鸟在三角洲筑巢。
delta	L'eau douce du delta fertilise les rizières voisines.	三角洲的淡水滋养着附近的稻田。
demander	Je vais demander mon chemin à un passant.	我去问路人怎么走。
demander	Il m'a demandé où se trouvait la gare.	他问我火车站在哪儿。
demander	N'hésite pas à demander de l'aide si besoin.	需要的话尽管求助。
dent	Je me brosse les dents après chaque repas.	我每顿饭后都刷牙。
dent	Cette dent de sagesse me fait souffrir.	这颗智齿疼得我难受。
dent	Le bébé a deux dents de plus.	宝宝又长了两颗牙。
descendant	Il prétend être un descendant de Napoléon.	他自称是拿破仑的后代。
descendant	Les descendants du fondateur dirigent encore l'entreprise familiale.	创始人的后代们仍在经营这家家族企业。
descendant	Ce château se transmet aux descendants de la famille depuis six générations.	这座城堡六代以来一直传给家族的后人。
description	La police a publié une description précise du suspect.	警方公布了嫌疑人特征的详细描述。
description	J'ai adoré la description des paysages dans ce roman.	我很喜欢这部小说里对风景的描写。
description	Sa description de l'accident correspond aux images de la vidéosurveillance.	他对事故的描述与监控录像相符。
dessert	Quel dessert me recommandes-tu ce soir ?	今晚你给我推荐什么甜点？
dessert	En dessert, je prends une tarte aux pommes.	甜点我要一份苹果挞。
dessert	Les enfants attendent le dessert avec impatience.	孩子们迫不及待地等着甜点。
destination	Rome est une destination idéale pour un week-end.	罗马是周末游的理想目的地。
destination	Il vérifie la destination sur le panneau du quai.	他在站台上核对列车终到站。
destination	Cette île est devenue une destination touristique très prisée.	这座岛成了热门旅游目的地。
destruction	L'incendie a causé la destruction totale de la grange.	大火导致谷仓彻底被毁。
destruction	La destruction de la forêt menace beaucoup d'espèces animales.	森林的破坏威胁着许多动物物种。
destruction	Cette arme a été conçue pour la destruction massive.	这种武器是为大规模毁灭而设计的。
devise	La devise de la ville est gravée sur le portail.	城市的格言刻在大门上。
devise	Il a fait graver la devise de sa famille au-dessus de la cheminée.	他把家训刻在了壁炉上方。
devise	Le taux de change de la devise locale flotte librement.	当地货币的汇率自由浮动。
diagnostic	Le médecin pose son diagnostic après une seule auscultation.	医生听诊一次就下了诊断。
diagnostic	Le diagnostic de panne confirme un problème de batterie.	故障诊断确认是电池出了问题。
diagnostic	Un diagnostic précoce améliore nettement les chances de guérison.	早诊断能明显提高治愈机会。
dialogue	Ce film est intense, mais ses dialogues sont trop rapides.	这部电影很紧张，但对白语速太快。
dialogue	Un vrai dialogue entre les deux pays reste la seule solution.	两国之间真正的对话仍是唯一的出路。
dialogue	Le prof a demandé aux élèves d'inventer un dialogue en espagnol.	老师让学生们编一段西班牙语对话。
difficile	Cet exercice de grammaire est vraiment difficile.	这道语法题真的很难。
difficile	Il est difficile de se lever en hiver.	冬天早起真难。
difficile	La vie était difficile pendant la guerre.	战争年代日子很艰难。
diffuser	La chaîne diffusera le match en direct ce soir.	电视台今晚直播这场比赛。
diffuser	Ils ont diffusé un communiqué pour calmer la population.	他们发布公报安抚民众。
diffuser	Ce parfum diffuse une odeur de lavande dans toute la maison.	这种香水让整座房子都弥漫着薰衣草的气味。
diffusion	La diffusion du film est prévue pour le printemps prochain.	影片定于明年春天播出。
diffusion	Internet facilite la diffusion des informations à grande échelle.	互联网让信息得以大规模传播。
diffusion	La diffusion de cette rumeur a semé la panique.	这条谣言的散布引起了恐慌。
digital	Le marché digital offre de nouvelles opportunités aux petites marques.	数字市场为小品牌带来了新机遇。
digital	Il a digitalisé toute sa bibliothèque de photos.	他把整本相册都扫描成了数字版。
digital	L'empreinte digitale est restée sur le verre.	玻璃杯上留着一枚指纹。
diligence	La diligence reliait Lyon à Marseille en quatre jours.	驿车当年从里昂到马赛要走四天。
diligence	Les passagers de la diligence descendent se dégourdir les jambes au relais.	驿车乘客在驿站下车舒展腿脚。
diligence	Il a traité cette affaire avec une grande diligence.	他办理此案极为勤勉。
dimension	Vérifie les dimensions de l'étagère avant de l'acheter.	买架子之前先量一下尺寸。
dimension	Cette découverte donne une nouvelle dimension à l'histoire de l'art.	这一发现为艺术史赋予了新的维度。
dimension	La dimension humaine est oubliée dans ce projet technologique.	这个科技项目忽略了人性的一面。
dire	Je dois te dire quelque chose d'important.	我有件重要的事要告诉你。
dire	Elle dit toujours bonjour aux voisins le matin.	她早上总跟邻居们问好。
dire	Qu'est-ce que tu veux dire par là ?	你这话是什么意思？
direct	Le vol direct pour Montréal dure huit heures.	直飞蒙特利尔要八个小时。
direct	Elle répond de façon directe à toutes les questions.	她回答问题总是直截了当。
direct	Ce train est plus direct que l'autre.	这趟火车比那趟更直达。
direction	Prends la direction du centre-ville.	往市中心方向走。
direction	Elle a changé de direction pour éviter les travaux.	为了避开施工她换了方向。
direction	La direction a annoncé une réunion vendredi matin.	管理层宣布周五上午开会。
directive	Le siège a envoyé une nouvelle directive sur les congés.	总部下发了一项关于休假的新指令。
directive	Il faut suivre les directives de sécurité sur le chantier.	工地上必须遵守安全规程。
directive	Cette directive européenne s'applique à tous les membres.	这项欧盟指令适用于所有成员国。
disciple	Le maître rassemble ses disciples dans la cour du temple.	师父在寺院庭院里召集门徒。
disciple	Il se dit disciple de Cézanne, mais personne ne le croit.	他自称塞尚的追随者，没人信。
disciple	Les disciples recopient les manuscrits à la lueur des bougies.	门徒们就着烛光誊抄手稿。
discipline	Cette école est réputée pour sa discipline stricte.	这所学校以纪律严明著称。
discipline	La physique est une discipline exigeante mais passionnante.	物理是一门要求很高却令人着迷的学科。
discipline	Sans discipline, aucun athlète ne peut rester au sommet.	没有纪律，任何运动员都无法保持巅峰。
discussion	Ils ont eu une longue discussion autour du feu.	他们在火堆旁长谈。
discussion	Cette discussion a permis de clarifier le malentendu.	这次谈话澄清了误会。
discussion	Elle met fin à la discussion et s'en va.	她结束谈话，转身走了。
dispenser	Elle dispense un cours de yoga tous les mardis soirs.	她每周二晚上教瑜伽课。
dispenser	L'hôpital dispense des soins gratuits aux plus démunis.	这家医院为最贫困的人提供免费医疗。
dispenser	Le professeur dispense les bons élèves de l'interrogation.	老师免了优等生的随堂测验。
disposition	La réceptionniste reste à votre disposition pour toute question.	有任何问题，前台随时为您效劳。
disposition	L'appartement a une belle disposition : la cuisine ouvre sur le salon.	这套公寓格局很好：厨房正对客厅。
disposition	Tout le matériel est à la disposition des étudiants.	所有设备都供学生自由使用。
dispute	Leur dispute a réveillé tout l'immeuble.	他们的争吵吵醒了整栋楼。
dispute	Il a oublié cette dispute depuis longtemps.	那次争吵他早就忘了。
dispute	Une petite dispute entre frères finit toujours en fou rire.	兄弟间的小争吵最后总是笑场。
distance	Il préfère travailler à distance deux jours par semaine.	他每周有两天远程办公。
distance	La distance entre les deux villes est de cent kilomètres.	两城之间相距一百公里。
distance	Ses parents gardent une certaine distance avec ses nouveaux amis.	她父母对新朋友保持一点距离。
distant	Depuis leur dispute, il se montre distant avec toute l'équipe.	自从那场争执，他对全组人都很冷淡。
distant	Son ton distant a trahi son mécontentement.	他冷淡的语气暴露了不满。
distant	Les cousins restent polis mais distants à chaque réunion de famille.	家族聚会时，表亲们客气却疏远。
distinct	Il y a deux problèmes distincts dans ce dossier.	这份案卷里有两个不同的问题。
distinct	Le rapport compare trois méthodes distinctes de fabrication.	这份报告比较了三种不同的制造方法。
distinct	On entend des voix distinctes derrière la porte.	门后传来的说话声勉强可以分辨。
distinction	Il faut faire la distinction entre rumeur et information vérifiée.	要区分谣言和经过核实的信息。
distinction	Elle a reçu une distinction pour l'ensemble de sa carrière.	她因整个职业生涯的贡献获得了一项殊荣。
distinction	Cette distinction entre les deux modèles n'est pas évidente au premier regard.	这两款机型的区别乍一看并不明显。
distraction	La lecture est sa distraction préférée le dimanche.	阅读是他周日最喜欢的消遣。
distraction	Le téléphone est une source de distraction au volant.	开车时手机是导致分心的一大原因。
distraction	Ce bruit constant est une vraie distraction quand je travaille.	工作时这种持续的噪音实在让人分心。
distribution	La distribution de journaux commence très tôt le matin.	报纸的分发每天一大早就开始。
distribution	Toute la distribution du film a salué le public.	影片全体演员向观众致意。
distribution	La distribution des prix aura lieu à la fin de l'année scolaire.	颁奖仪式将在学年结束时举行。
district	Ce district industriel emploie des milliers d'ouvriers.	这个工业区雇用了数千名工人。
district	Ils habitent le district des affaires, tout près de la gare.	他们住在商务区，离火车站很近。
district	Le nouveau district scolaire va ouvrir deux écoles.	新的学区将开办两所学校。
diva	La diva a fait la grève du chant jusqu'à obtenir sa loge rénovée.	这位大牌歌星罢演，直到化妆间翻修一新才罢休。
diva	Tout le monde connaît cette diva lyrique pour ses aigus fantastiques.	这位歌剧名伶以惊人的高音闻名。
diva	Elle se comporte en diva dès qu'on l'applaudit.	一有人鼓掌，她就摆起大明星的架子。
divan	Le chat dort sur le divan du bureau depuis le matin.	猫从早上起就睡在书房的长沙发上。
divan	Il s'étend sur le divan pour lire son roman policier.	他躺在软榻上看侦探小说。
divan	Ce divan en velours vert vient d'une brocante de Lyon.	这张绿色天鹅绒长沙发是从里昂旧货市场淘来的。
divers	Elle a visité divers musées pendant son séjour.	假期里她参观了各式各样的博物馆。
divers	Le panier contient des fruits divers et variés.	篮子里装了各式各样的水果。
divers	Ses divers projets l'occupent tout l'été.	这个夏天各种项目让她忙个不停。
diversion	L'incendie de la grange n'était qu'une diversion pour attirer les gendarmes.	谷仓那把火只是引开宪兵的调虎离山之计。
diversion	Le gouvernement a tenté une diversion médiatique avant les élections.	大选前政府试图转移媒体视线。
diversion	Créons une diversion pendant que l'autre groupe entre par l'arrière.	我们搞个声东击西，另一组人从后面进。
division	La division du travail a augmenté la productivité de l'usine.	劳动分工提高了工厂的生产率。
division	Mon fils révise la division pour son contrôle de maths.	我儿子正在为数学测验复习除法。
division	Il travaille dans la division commerciale de la société.	他在公司的销售部门工作。
divorce	Leur divorce s'est fait à l'amiable.	他们协议离婚了。
divorce	Le taux de divorce augmente dans ce pays.	这个国家的离婚率在上升。
divorce	Après le divorce, il a déménagé près de son travail.	离婚后他搬到公司附近住。
do	Cette chanson commence par un do très doux.	这首歌从一个很轻柔的哆开始。
do	Le professeur joue un do parfait sur le piano.	老师在钢琴上弹出一个标准的哆。
do	Chante le do grave, puis monte la gamme.	先唱低音哆，再往上爬音阶。
dock	Les bateaux de pêche rentrent au dock avant l'orage.	渔船赶在暴风雨前回到码头。
dock	Le dock des Capucins accueille maintenant un marché couvert.	老船坞如今成了室内集市。
dock	Nous avons dîné dans un restaurant du dock, face aux grues.	我们在码头一家餐厅吃饭，正对着吊机。
document	Ce document officiel doit être signé en deux exemplaires.	这份正式文件要一式两份签字。
document	Elle archive chaque document important dans un dossier bleu.	她把每份重要文件归档到蓝色文件夹。
document	Il traduit un document ancien pour le musée.	他为博物馆翻译一份古老文献。
dodo	Il est l'heure de faire dodo, mon petit cœur.	到点啦小宝贝，该睡觉了。
dodo	Le bébé fait dodo dans sa poussette.	宝宝在婴儿车里睡着了。
dodo	Le soir, elle chante une berceuse pour le dodo de l'enfant.	晚上她唱歌哄孩子入睡。
dollar	Ce livre coûte vingt dollars.	这本书卖二十美元。
dollar	Il a gagné mille dollars à la loterie.	他买彩票中了一千美元。
dollar	Le prix est indiqué en dollars canadiens.	价格标注的是加拿大元。
domicile	Il travaille à domicile depuis la naissance de sa fille.	女儿出生后他在家办公。
domicile	Le livreur dépose le colis à domicile le matin.	快递员上午把包裹送货上门。
domicile	Elle reçoit ses patients à domicile en fin de journée.	她傍晚上门看诊病人。
dominant	Le rouge est la couleur dominante de cette affiche.	红色是这张海报的主色调。
dominant	Cette équipe dominante a gagné tous ses matchs cette saison.	这支强队本赛季赢下了所有比赛。
dominant	Le caractère dominant de son frère impose souvent ses idées.	他哥哥性格强势，总要别人听他的。
domination	La domination de cette marque sur le marché dure depuis dix ans.	十年来，这个品牌一直主导着市场。
domination	Le peuple s'est libéré après des siècles de domination étrangère.	在数百年外来统治之后，人民获得了自由。
domination	Il refuse toute forme de domination dans ses relations.	他拒绝任何关系中的支配与控制。
don	Elle a un don pour apaiser les tensions.	她有种化解紧张气氛的天赋。
don	Il a fait un don de mille euros à l'hôpital.	他向医院捐了一千欧元。
don	Ce don du sang peut sauver trois vies.	这一次献血可以挽救三条生命。
dose	Prends une dose de sirop avant de te coucher.	睡前喝一剂糖浆。
dose	Le médecin a doublé sa dose d'antidouleurs.	医生把他的止痛药剂量加倍了。
dose	Il faut une bonne dose de patience pour élever des jumeaux.	抚养双胞胎需要极大的耐心。
dossier	Le dossier de ta demande sera étudié sous quinze jours.	你的申请材料将在十五天内审理。
dossier	J'ai retrouvé le dossier dans le deuxième tiroir du bureau.	我在办公桌第二个抽屉里找到了那份卷宗。
dossier	L'avocat a remis un dossier complet au tribunal.	律师向法庭提交了完整的案卷。
dot	La dot de la mariée comprenait deux chevaux et un champ.	新娘的嫁妆包括两匹马和一块田。
dot	Sans dot, la jeune fille ne trouvait pas de mari dans ce village.	在那个村子，没有嫁妆的姑娘说不上亲。
dot	Le père a constitué une dot pour chacune de ses filles.	父亲给每个女儿都备了嫁妆。
double	Ils ont réservé une chambre double avec vue sur la mer.	他们订了带海景的双人间。
double	Ce mot a un double sens dans la phrase.	这个词在这句话里有双重含义。
double	Elle prend la portion double, elle a très faim.	她实在太饿，点了大份的。
doyen	À quatre-vingt-onze ans, il est le doyen du hameau.	九十一岁的他是村里年纪最大的人。
doyen	Le doyen de la faculté ouvre la cérémonie de rentrée.	系主任主持开学典礼。
doyen	Ce doyen de la presse sportive a couvert huit grands tournois.	这位体育新闻界元老报道过八届大赛。
dragon	Dans ce conte, un dragon garde un pont de pierre.	故事里一条龙守卫着石桥。
dragon	Les enfants déguisés en dragon font peur à leurs copains.	装扮成龙的孩子吓到了小伙伴们。
dragon	Ce dragon chinois danse dans les rues au Nouvel An.	中国新年时舞龙队伍在大街上起舞。
drap	Elle change les draps chaque samedi matin.	她每周六早上换床单。
drap	Un drap blanc sèche sur la corde à linge.	一条白床单晾在晾衣绳上。
drap	Il cache ses cadeaux sous le drap du lit.	他把礼物藏在床单下面。
dresser	Le chien dresse les oreilles dès qu'il entend son nom.	一听叫自己的名字，狗就竖起耳朵。
dresser	C'est dur de dresser un chat, mais pas impossible.	训练猫很难，但不是不可能。
dresser	L'avocate a dressé la liste des preuves en une nuit.	女律师一晚上就列出了全部证据清单。
duel	Les deux officiers se sont donné rendez-vous pour un duel à l'aube.	两位军官约定拂晓决斗。
duel	Le duel des tirs au but a tenu le stade en haleine.	点球大战让全场屏住了呼吸。
duel	Cette finale oppose un duel de stratèges hors norme.	这场决赛是两位顶级战术大师的对决。
dune	Nous avons grimpé la dune du Pilat en fin d'après-midi.	傍晚时分我们登上了皮拉沙丘。
dune	Le vent déplace les dunes de quelques mètres chaque année.	风每年都会把沙丘推移几米。
dune	Le chameau traverse les dunes à un rythme régulier.	骆驼以稳定的步伐穿越沙丘。
duo	Ils forment un duo de jazz connu dans toute la ville.	他们组成了全城闻名的爵士二重奏。
duo	Ce duo frère-sœur gagne toutes les compétitions de danse.	这对兄妹组合包揽了所有舞蹈比赛的冠军。
duo	Sur scène, le duo chante en parfait accord.	舞台上，这对二重唱配合得天衣无缝。
dupe	Je ne serai pas dupe de ses belles promesses.	他的甜言蜜语骗不了我。
dupe	Ne reste pas dupe : vérifie toujours l'adresse de l'expéditeur.	别上当：发件人地址一定要核实。
dupe	Il s'est rendu compte qu'il avait été dupe du stratagème.	他发觉自己中了圈套。
dynamite	Les ouvriers ont utilisé de la dynamite pour creuser le tunnel.	工人们用炸药开凿隧道。
dynamite	Ce cocktail est de la vraie dynamite, attention !	这杯鸡尾酒劲儿十足，当心！
dynamite	Le vieux silo a été détruit à la dynamite.	那座旧粮仓是用炸药炸掉的。
e-mail	Je t'ai envoyé un e-mail hier soir, tu l'as vu ?	我昨晚给你发了封电子邮件，你看到了吗？
e-mail	Note mon adresse e-mail sur ton téléphone.	把我的电子邮箱记到手机里。
e-mail	Il doit encore répondre à une dizaine d'e-mails aujourd'hui.	他今天还有十来封邮件要回。
eau	Je bois au moins un litre et demi d'eau par jour.	我每天至少喝一升半的水。
eau	L'eau du lac est très claire en été.	夏天湖里的水非常清澈。
eau	Un verre d'eau gazeuse, s'il vous plaît.	麻烦给我一杯气泡水。
ecstasy	La police a saisi des comprimés d'ecstasy lors du contrôle.	警察在检查时查获了一批摇头丸。
ecstasy	Il a expliqué aux jeunes les dangers de l'ecstasy.	他向年轻人讲解摇头丸的危害。
ecstasy	Sous l'effet de l'ecstasy, il a dansé jusqu'à l'aube.	在迷狂状态下，他跳舞跳到了天亮。
effort	Fais un petit effort, on arrive bientôt au sommet !	加把劲，我们马上就到山顶了！
effort	Ses efforts ont fini par payer : il a obtenu la bourse.	他的努力终于有了回报：拿到了奖学金。
effort	Je fais des efforts pour parler français tous les jours.	我每天都在努力说法语。
ego	Son ego l'empêche de reconnaître ses erreurs.	自负让他不肯承认错误。
ego	Ce sportif a un ego énorme, tout tourne autour de lui.	这位运动员自我膨胀得很，仿佛全世界都得围着他转。
ego	Il a mis son ego de côté pour s'excuser.	他放下面子道了歉。
empire	L'Empire romain s'étendait sur toute la Méditerranée.	罗马帝国的版图曾横跨整个地中海。
empire	Cet homme a bâti un empire dans le textile.	这个人在纺织业建立了一个庞大的商业帝国。
empire	L'empire s'est effondré après la mort du souverain.	君主去世后，帝国瓦解了。
employer	Employez ce mot seulement dans un contexte familier.	这个词只在口语场合使用。
employer	L'usine emploie deux cents personnes du village.	这家工厂雇用了村里两百个人。
employer	Il faut employer les bons outils pour ce travail.	干这活得用对工具。
encore	Il dort encore, ne le réveille pas tout de suite.	他还在睡觉，先别急着叫醒他。
encore	Encore une part de gâteau et on range la table.	再吃一块蛋糕，我们就收拾桌子。
encore	Ma grand-mère court encore très vite pour son âge.	我祖母这么大年纪，跑起来还是很快。
encouragement	Un simple encouragement de son coach a tout changé.	教练一句简单的鼓励改变了一切。
encouragement	Elle suit ses cours avec l'encouragement de toute la famille.	在全家人的鼓励下，她坚持上完了课程。
encouragement	Les applaudissements sont un bel encouragement pour les jeunes artistes.	掌声是对年轻艺人最好的鼓舞。
engagement	Son engagement associatif remonte au lycée.	他投身社团公益从高中就开始了。
engagement	Le mariage est un engagement pour la vie.	婚姻是一辈子的承诺。
engagement	Ce contrat comporte un engagement de dix-huit mois.	这份合同包含十八个月的约定期。
ennui	Un profond ennui s'installe pendant ces réunions sans fin.	这种没完没了的会议让人无聊透顶。
ennui	Ce film dure deux heures et l'ennui gagne vite.	这部电影足足两个小时，很快就让人犯闷。
ennui	Elle raconte ses ennuis de voiture à quiconque veut l'entendre.	她逢人便诉说车子带来的烦心事。
ensemble	On va au cinéma ensemble ce samedi ?	这周六我们一起去看电影怎么样？
ensemble	Toute l'équipe a travaillé ensemble pour finir le projet.	为了完成项目，全组人一起努力。
ensemble	Ils chantent ensemble dans la chorale du quartier.	他们一起在社区合唱团唱歌。
entente	Les deux pays ont conclu une entente sur la pêche.	两国就渔业问题达成了一项协议。
entente	Vivre à six sous un toit exige une bonne entente.	六个人住在一个屋檐下，关系和睦很重要。
entente	Il y a une vraie entente entre le chef et son second.	主厨和他的副手配合得非常默契。
entourage	Son entourage l'a encouragé à accepter cette proposition.	身边的人鼓励他接受这个提议。
entourage	L'entourage du président a démenti la rumeur.	总统的随行人员否认了这一传闻。
entourage	Choisis bien ton entourage, il façonne tes habitudes.	择友要慎重，身边的人会塑造你的习惯。
entrain	Malgré ses quatre-vingts ans, elle garde son entrain.	尽管八十岁了，她仍然劲头十足。
entrain	L'équipe a travaillé avec entrain jusqu'à la fin du chantier.	团队干劲十足，一直干到工程收尾。
entrain	Ce matin, il manque cruellement d'entrain.	今天早上他完全提不起劲。
entrepreneur	Cet entrepreneur a créé sa boîte à vingt-cinq ans.	这位企业家二十五岁就创办了自己的公司。
entrepreneur	L'entrepreneur promet de livrer les travaux avant l'hiver.	承包商承诺在入冬前完工交付。
entrepreneur	Grâce à son expérience, cet entrepreneur redresse une entreprise en difficulté.	凭借丰富经验，这位企业家让陷入困境的企业起死回生。
environ	Le trajet dure environ deux heures en train.	坐火车大约要两个小时。
environ	Il y avait environ cinquante personnes au mariage.	婚礼上大概有五十位宾客。
environ	Ce manteau coûte environ cent vingt euros.	这件外套大约一百二十欧元。
errant	Un chien errant a suivi notre randonnée toute la journée.	一只流浪狗跟着我们走了一整天的山路。
errant	L'esprit errant de son père le hantait encore.	父亲漂泊不定的灵魂仍萦绕着他。
errant	Des cavaliers errants traversaient la steppe au crépuscule.	黄昏时分，游牧骑手们穿越草原。
escalade	L'escalade demande de la force et beaucoup de concentration.	攀岩需要力量和高度的专注。
escalade	Il s'est initié à l'escalade l'été dernier dans les Alpes.	去年夏天，他在阿尔卑斯山初学攀岩。
escalade	La salle d'escalade ouvre ses portes à dix heures.	攀岩馆十点开门。
esprit	Garde un esprit ouvert pendant le voyage.	旅行时要保持开放的心态。
esprit	C'est une femme d'esprit, toujours pleine d'idées.	她是个有头脑的女人，总有好点子。
esprit	L'esprit d'équipe compte autant que le talent.	团队精神和天赋一样重要。
essence	Il faut faire le plein d'essence avant l'autoroute.	上高速前要加满油。
essence	Le prix de l'essence augmente encore ce mois-ci.	这个月油价又涨了。
essence	La voiture tombe en panne d'essence au milieu de nulle part.	车在荒郊野外没油抛锚了。
estimation	Selon mon estimation, le trajet durera environ quatre heures.	据我估计，这段路程大约要四个小时。
estimation	L'agent immobilier a fait une estimation de la maison.	房产中介对这栋房子做了估价。
estimation	L'estimation des dégâts s'élève à plusieurs millions.	损失估计高达数百万。
euro	Ce pull coûte trente euros en solde.	这件毛衣打折后卖三十欧元。
euro	Un café sur la place coûte deux euros cinquante.	广场边的一杯咖啡要两欧五。
euro	Il ne me reste que dix euros jusqu'à la fin du mois.	到月底我就只剩下十欧元了。
exact	Je ne me souviens pas de la date exacte du concert.	我记不清音乐会的确切日期了。
exact	C'est exact, je suis bien arrivé à huit heures.	没错，我确实是八点到的。
exact	Donne-moi l'heure exacte de ton arrivée, s'il te plaît.	请告诉我你到达的确切时间。
exam	J'ai mon exam de maths demain matin.	我明天上午有数学考试。
exam	Il a raté son exam de conduite une deuxième fois.	他第二次没通过驾照考试。
exam	Après l'exam, on va tous fêter ça.	考完试，我们都要好好庆祝一下。
examiner	Le médecin examine la gorge de l'enfant.	医生检查孩子的喉咙。
examiner	Examine bien le contrat avant de signer.	签字前要仔细看合同。
examiner	La police examine les caméras du quartier.	警察正在查看街区的监控录像。
excellence	Nous louons l'excellence de votre travail.	我们赞叹您工作的卓越。
excellence	L'excellence académique ne suffit pas pour réussir en entreprise.	光有优异的学业成绩并不足以保证事业成功。
excellence	Monsieur l'Ambassadeur, votre Excellence nous honore de sa présence.	大使阁下，您的光临使我们不胜荣幸。
excellent	Ce restaurant sert une excellente cuisine traditionnelle.	这家餐厅的传统菜肴做得极好。
excellent	Elle a obtenu une note excellente à l'oral.	她口语考试拿到了优异的成绩。
excellent	C'est un excellent médecin, écoute ses conseils.	他是一位出色的医生，听他的建议吧。
exception	Aujourd'hui, je fais une exception et je mange un dessert.	今天我破例吃个甜点。
exception	Sans exception, tout le monde doit porter son badge.	任何人都要佩戴胸牌，无一例外。
exception	Cette règle connaît quelques exceptions dans les petites entreprises.	这条规定在小企业中有一些例外。
excitant	Voyager seul en Asie est une aventure excitante.	独自去亚洲旅行是一场刺激的冒险。
excitant	Il trouve son nouveau poste très excitant.	他觉得新岗位非常令人兴奋。
excitant	Les débats sur l'intelligence artificielle sont excitants pour les chercheurs.	对研究者来说，关于人工智能的辩论令人兴奋。
excitation	Une excitation étrange montait dans la salle avant le concert.	音乐会开始前，一种莫名的兴奋在观众席中蔓延。
excitation	Les enfants n'arrivaient pas à dormir, pris d'excitation la veille de Noël.	平安夜前夜，孩子们兴奋得睡不着觉。
excitation	Son excitation retombée, il a enfin pu se concentrer.	兴奋劲儿过去后，他终于能集中注意力了。
exciter	L'idée du voyage l'excite depuis des semaines.	几周以来，旅行的想法让他兴奋不已。
exciter	Le sucre excite les enfants juste avant l'heure du coucher.	睡前吃糖会让孩子兴奋得睡不着。
exciter	Le public était excité par la victoire de l'équipe.	球队的胜利让观众兴奋不已。
excursion	Nous avons organisé une excursion en vélo le long du canal.	我们组织了一次沿运河的骑行远足。
excursion	L'excursion à pied a été annulée à cause de la pluie.	因为下雨，这次徒步远足取消了。
excursion	Les enfants préparent leur excursion à la ferme avec leur maîtresse.	孩子们正在和老师一起准备去农场的远足。
excuse	Présente-lui toutes mes excuses pour hier soir.	请代我向她为昨晚的事道歉。
excuse	Tu trouves toujours une excuse pour ne pas sortir !	你总能找到不出去的借口！
excuse	Il a inventé mille excuses pour justifier son retard.	他编了一堆借口来解释迟到。
existence	Elle mène une existence tranquille au bord du lac.	她在湖边过着平静的生活。
existence	L'existence de cette espèce a été prouvée récemment.	这个物种的存在最近才得到证实。
existence	Son existence a changé après la naissance de ses jumeaux.	双胞胎出生后，她的生活全变了。
expert	Demande l'avis d'un expert avant d'acheter ce tableau.	买这幅画之前先听听专家的意见。
expert	Il est expert en réparation de voitures anciennes.	他是修理老式汽车的行家。
expert	Les experts ont examiné la signature pendant deux jours.	专家们花了两天鉴定这个签名。
expertise	Faites appel à son expertise pour réviser le contrat.	请借助他的专业知识来审这份合同。
expertise	L'expertise du tableau a confirmé son authenticité.	对这幅画的鉴定证实了它是真迹。
expertise	Elle a reconnu son expertise en matière de vin.	大家公认她在葡萄酒方面的专业造诣。
explication	Ton explication ne tient pas debout, avoue la vérité.	你的解释根本站不住脚，说实话吧。
explication	Le professeur a donné une explication claire de la règle.	老师把这个规则解释得很清楚。
explication	Je vous dois une explication sur ce qui s'est passé.	关于发生的事，我欠您一个解释。
exploit	Traverser l'Atlantique à la rame reste un exploit.	划船横渡大西洋至今仍是一项壮举。
exploit	On a raconté ses exploits pendant des générations.	他的功绩被传颂了好几代人。
exploit	Réussir ce saut en parachute, c'était un véritable exploit pour elle.	完成这次跳伞对她来说是个了不起的壮举。
exploitation	L'exploitation minière a transformé toute la vallée.	采矿改变了整个山谷。
exploitation	Cette exploitation agricole emploie douze personnes.	这家农场雇了十二个人。
exploitation	Il dénonce l'exploitation des travailleurs par certaines entreprises.	他谴责某些企业对工人的剥削。
exploiter	La mine exploite un gisement de cuivre depuis 1974.	这座矿从1974年起开采一处铜矿。
exploiter	Ne te laisse pas exploiter par ton patron.	别让老板剥削你。
exploiter	Ils exploitent une petite ferme bio auvergnate.	他们经营着奥弗涅的一座小型有机农场。
explorer	Les enfants adorent explorer la forêt derrière la maison.	孩子们喜欢探索房子后面的树林。
explorer	La sonde continue d'explorer la surface de Mars.	探测器仍在继续勘测火星表面。
explorer	Je voudrais explorer d'autres pistes avant de décider.	在做决定之前，我想探索其他的可能性。
explosion	L'explosion de la centrale a été entendue à dix kilomètres.	十公里外都能听到发电厂的爆炸声。
explosion	On assiste à une explosion du nombre de livraisons à domicile.	上门配送的数量正在激增。
explosion	Une explosion de joie a suivi le but victorieux.	制胜一球后爆发出一阵欢呼。
expo	Il y a une expo gratuite au centre culturel ce mois-ci.	这个月文化中心有一场免费展览。
expo	L'expo de sculptures attire beaucoup de monde ce week-end.	这个雕塑展周末吸引了很多人。
expo	On s'est retrouvés devant l'expo avant d'aller boire un verre.	我们先在展厅门口碰头，然后去喝了一杯。
exposition	L'exposition sur l'Égypte ancienne ferme dimanche.	古埃及特展周日就要结束了。
exposition	Une exposition de peintures contemporaines ouvre à la mairie.	市政厅将举办一场当代绘画展。
exposition	Les étudiants ont organisé une exposition de leurs travaux.	学生们自己办了一场作品展。
express	Prends le train express, il arrive en une heure.	坐特快列车吧，一小时就到。
express	J'ai commandé un café express entre deux rendez-vous.	我在两个会议之间点了杯特浓咖啡。
express	Ce courrier doit partir en express pour arriver ce soir.	这份快件得走特快，今晚就要送到。
expression	Cette expression française n'existe pas dans ma langue.	这个法语短语在我的语言里没有对应说法。
expression	Ne traduis pas cette expression mot à mot.	别逐字翻译这个习语。
expression	Il a une expression triste quand il parle de son pays.	说起祖国时，他的表情很忧伤。
expulsion	L'expulsion du locataire a été suspendue par le tribunal.	法院暂停了对房客的驱逐。
expulsion	Après deux cartons jaunes, l'expulsion était inévitable.	两黄变一红，被罚下是必然的。
expulsion	Son expulsion de l'université a fait grand bruit.	他被大学开除一事闹得沸沸扬扬。
extension	Ils ont décidé de faire construire une extension de la maison.	他们决定给房子加建一部分。
extension	L'extension du réseau de tramway est prévue pour 2030.	有轨电车网络的扩展预计在2030年完成。
extension	Cette nouvelle extension du logiciel ajoute des fonctions utiles.	软件的这个新扩展增加了一些实用功能。
extinction	Cette espèce de tigre est en voie d'extinction.	这种老虎正濒临灭绝。
extinction	L'extinction des dinosaures reste un mystère fascinant.	恐龙的灭绝至今仍是个引人入胜的谜。
extinction	L'extinction des feux est signalée à vingt-deux heures.	熄灯时间定在晚上十点。
extra	Le concert d'hier soir était vraiment extra !	昨晚的音乐会真是太棒了！
extra	Tu m'as rendu un énorme service, tu es extra.	你帮了我大忙，你人太好了。
extra	Le patron a promis une prime extra à toute l'équipe.	老板答应给全队发一笔额外的奖金。
extraordinaire	Quelle vue extraordinaire depuis le sommet du mont !	从山顶看到的景色真了不起！
extraordinaire	C'est une histoire extraordinaire, presque impossible à croire.	这个故事太离奇了，简直难以置信。
extraordinaire	Elle a un talent extraordinaire pour le dessin.	她在绘画方面有着非凡的天赋。
extravagant	Il porte un chapeau tout à fait extravagant.	他戴着一顶特别离谱的帽子。
extravagant	Ses idées les plus extravagantes ont fait sa fortune.	他那些最离谱的点子反倒让他发了财。
extravagant	Une déclaration extravagante a secoué la réunion.	一句离谱的发言让会场炸了锅。
fable	Les fables de La Fontaine se lisent encore à l'école.	拉封丹的寓言至今仍在学校里被诵读。
fable	Ce que tu racontes là est une pure fable.	你说的这些纯属虚构。
fable	La maîtresse lit une fable aux enfants avant la sieste.	午睡前，老师给孩子们读一篇寓言。
fabrication	La fabrication de ce fromage demande au moins six mois.	这种奶酪的制作至少需要六个月。
fabrication	Cette usine a arrêté la fabrication de pièces pour voitures anciennes.	这家工厂停止了生产老式汽车的零部件。
fabrication	Toute cette histoire est une fabrication de bout en bout.	整个故事从头到尾都是编造出来的。
face	Notre hôtel se trouve face à la mer.	我们酒店正对着大海。
face	Montre-moi la face de la carte, pas le dos.	给我看卡片的正面，不要背面。
face	Face à ces difficultés, elle garde son calme.	面对这些困难，她保持冷静。
facial	Ce spa propose un soin facial aux algues.	这家水疗馆提供海藻面部护理。
facial	Une expression faciale trahit souvent l'émotion réelle.	面部表情常常泄露真实情绪。
facial	Le chirurgien a reconstruit le squelette facial du patient.	医生重建了患者的面部骨骼。
facile	C'est une recette facile, même les débutants réussissent.	这道菜谱很简单，新手也能做成功。
facile	Ce n'est pas facile de se lever avant l'aube en hiver.	冬天天没亮就起床可不容易。
facile	Elle trouve le français plus facile que l'allemand.	她觉得法语比德语好学。
facture	La facture d'électricité a encore augmenté ce trimestre.	这个季度的电费又涨了。
facture	Gardez la facture pour pouvoir échanger l'article.	留好发票，以便退换商品。
facture	Il a réglé la facture du restaurant sans même la regarder.	他连看都没看就把餐厅的账单付了。
falsifier	Il est accusé d'avoir falsifié les comptes.	他被指控篡改账目。
falsifier	Ne falsifie jamais un document officiel.	千万别伪造官方文件。
falsifier	Des résultats falsifiés ont suffi à discréditer l'étude.	被篡改的数据让这项研究名声扫地。
familial	Nous organisons un repas familial chaque dimanche.	每周日我们都吃一顿家庭聚餐。
familial	Cette ferme est une entreprise familiale depuis quatre générations.	这家农场是经营了四代的家族企业。
familial	Il a un problème familial et ne viendra pas à la réunion.	他家里有事，不会来参加会议了。
famine	La sécheresse a provoqué une famine terrible dans la région.	干旱在该地区引发了可怕的饥荒。
famine	Des organisations envoient de la nourriture aux pays menacés de famine.	一些组织向面临饥荒威胁的国家运送粮食。
famine	Les anciens racontent la famine de l'après-guerre.	老人们讲述战后那场饥荒。
fan	Mon frère est un grand fan de ce groupe.	我哥哥是这个乐队的铁杆粉丝。
fan	Les fans attendent depuis six heures devant la salle de concert.	歌迷们在演出场馆前已经等了六个小时。
fan	Même à quarante ans, il reste fan de cette série.	即使四十岁了，他依然是这部剧的忠实观众。
fanfare	Une fanfare animait la fête du village.	一支铜管乐队为村里的节庆助兴。
fanfare	La fanfare a joué l'hymne sur le perron de la mairie.	乐队在市政厅台阶上奏响了国歌。
fanfare	Les retrouvailles ont eu lieu sans grande fanfare.	这次重逢办得并不张扬。
farce	Les enfants ont préparé une farce pour le premier avril.	孩子们为愚人节准备了一个恶作剧。
farce	Cette farce de poireaux accompagne le rôti.	这份韭菜馅用来配烤肉。
farce	Le théâtre de Molière mêle farce et comédie de mœurs.	莫里哀的戏剧把闹剧和风俗喜剧融为一体。
fascination	Il éprouve une véritable fascination pour les trains à vapeur.	他对蒸汽火车有着真正的迷恋。
fascination	La fascination qu'exerce cet artiste ne faiblit pas.	这位艺术家的魅力丝毫不减。
fascination	Les enfants regardent la tempête avec fascination.	孩子们着迷地望着暴风雨。
fast-food	Les adolescents déjeunent souvent au fast-food du centre commercial.	青少年经常在商场的快餐店吃午饭。
fast-food	Manger trop souvent au fast-food n'est pas bon pour la santé.	常吃快餐对健康不好。
fast-food	Ce fast-food propose aussi des salades pour ceux qui font attention.	这家快餐店还为注重饮食的人提供沙拉。
fatal	Une erreur de dosage s'est révélée fatale au patient.	用药剂量出错，对病人是致命的。
fatal	Ce commandement erroné a eu un effet fatal sur la mission.	这道错误命令对任务造成了致命影响。
fatal	Cet oubli en fin de match s'est avéré fatal.	比赛末尾的这次疏忽是致命的。
fatigue	La fatigue se fait sentir après dix heures de route.	开了十个小时的车，疲倦感上来了。
fatigue	Il dort dès le dîner à cause de la fatigue accumulée.	因为实在太累，他一吃完晚饭就睡了。
fatigue	Un week-end au calme et la fatigue disparaît.	安安静静过个周末，疲劳就消了。
faux	Ce billet de cinquante euros est un faux.	这张五十欧元的纸币是假币。
faux	Excusez-moi, j'ai composé un faux numéro.	不好意思，我拨错号了。
faux	Elle a répondu faux à la troisième question.	第三题她答错了。
favorable	Les conditions météo sont enfin favorables au décollage.	天气条件终于有利于起飞了。
favorable	Le public s'est montré favorable au nouveau projet de quartier.	公众对新的街区项目表示支持。
favorable	Elle a reçu un avis favorable du jury.	她得到了评审委员会的肯定意见。
fax	Envoie-moi le contrat par fax, c'est plus rapide.	把合同传真给我，这样更快。
fax	Le fax de l'agence est resté bloqué toute la matinée.	事务所的传真机卡了一上午。
fax	Notre numéro de fax a changé depuis la semaine dernière.	我们的传真号上周换掉了。
fertile	La vallée du Nil est l'une des terres les plus fertiles du monde.	尼罗河谷是世界上最肥沃的土地之一。
fertile	Cette terre fertile produit deux récoltes par an.	这片肥沃的土地一年收获两次。
fertile	Son imagination fertile nourrit tous ses romans.	他那多产的想象力滋养着他所有的小说。
festival	Le festival de Cannes attire des réalisateurs du monde entier.	戛纳电影节吸引着全世界的导演。
festival	Nous avons dansé toute la nuit au festival de musique.	音乐节上我们跳了一整夜的舞。
festival	Ce festival de théâtre a lieu chaque été dans la vieille ville.	这个戏剧节每年夏天在老城举办。
fibre	Cette écharpe contient une fibre naturelle très douce.	这条围巾用的是非常柔软的天然纤维。
fibre	La fibre optique arrive enfin dans notre hameau.	光纤终于通到我们这个小村子了。
fibre	Toucher une fibre patriotique, voilà son art.	拨动人的爱国心弦正是他的本事。
fiction	Ce film mêle fiction et archives réelles.	这部电影把虚构情节和真实资料混在一起。
fiction	La fiction dépasse parfois la réalité.	小说有时比现实更离奇。
fiction	Écrire de la science-fiction demande une vraie rigueur.	写科幻小说需要真正的严谨。
fief	Ce village est resté le fief de la famille jusqu'en 1789.	直到1789年，这个村子一直是那户家族的封地。
fief	Le sud reste le fief du club de rugby.	南方仍是这支橄榄球俱乐部的大本营。
fief	Il défend son fief à chaque élection.	每次选举他都守住了自己的地盘。
figure	Elle a une figure ronde et souriante.	她有一张圆圆的、爱笑的脸。
figure	Il a fait une drôle de figure en goûtant la soupe.	尝了一口汤，他的表情怪怪的。
figure	Cette reine est une figure importante de l'histoire de France.	这位王后是法国历史上的重要人物。
figurine	Il collectionne les figurines de soldats de plomb.	他收藏铅制的小兵人。
figurine	Une figurine de porcelaine trône sur la cheminée.	壁炉上摆着一只瓷人像。
figurine	Il a peint chaque figurine au pinceau fin.	他用细笔给每一尊小雕像上色。
file	La file d'attente devant la pâtisserie s'allonge à l'heure du déjeuner.	午餐时间，甜品店前的队伍越排越长。
file	Mettez-vous en file, les enfants, on va entrer un par un.	孩子们，排成一队，我们一个一个进去。
file	Une longue file de voitures s'étire sur l'autoroute.	高速公路上车流排成了长龙。
filer	File-moi le sel, s'il te plaît.	把盐递给我，好吗？
filer	Désolé, je file, mon bus arrive dans deux minutes.	抱歉，我得赶紧走了，公交车两分钟后就到。
filer	Les policiers le filent discrètement depuis la gare.	警察从车站起就悄悄跟踪他。
filet	Le pêcheur a réparé son filet avant de retourner en mer.	渔夫出海前先把渔网补好了。
filet	Un filet d'eau coule encore du robinet défectueux.	坏掉的水龙头还在滴着细细的水流。
filet	Il a commandé un filet mignon de porc pour le dîner.	他为晚餐点了一份猪里脊。
film	On se regarde un film ce soir chez toi ?	今晚去你家看部电影怎么样？
film	Ce film dure plus de trois heures.	这部电影有三个多小时。
film	Les films d'animation font rire petits et grands.	动画片让大人和孩子都笑个不停。
fin	Tout le monde a pleuré à la fin du film.	电影结尾大家都哭了。
fin	Le polar a une fin surprenante à la dernière page.	这本侦探小说在最后一页有个出人意料的结局。
fin	À la fin de la journée, je n'ai plus de voix.	到了一天结束的时候，我嗓子都哑了。
final	La décision finale reviendra au jury.	最终决定权在评审团手里。
final	Le score final est de trois buts à un.	最终比分是三比一。
final	Dans la version finale du rapport, quelques chiffres ont été corrigés.	报告的最终版本修正了几个数字。
finale	L'équipe locale a gagné la finale sur le fil.	本地球队惊险赢下了决赛。
finale	Les billets pour la finale de la coupe se sont arrachés en une heure.	杯赛决赛的门票一小时内就被抢购一空。
finale	La symphonie se termine par une finale spectaculaire.	这部交响曲以气势恢宏的终曲收尾。
finance	Elle a fait carrière dans la finance à Londres.	她在伦敦的金融界闯出了一番事业。
finance	Le ministère des finances a présenté le budget.	财政部提交了预算案。
finance	Les finances de la commune sont fragiles cette année.	今年这个市镇的财政很吃紧。
financier	La crise financière de 2008 a touché le monde entier.	2008年的金融危机波及全球。
financier	Son soutien financier nous a permis de lancer l'atelier.	他的资金支持让我们得以创办这间工作室。
financier	L'année financière se clôture au mois de décembre.	财务年度于十二月结束。
finesse	On apprécie la finesse de ce vin blanc.	这款白葡萄酒口感细腻。
finesse	Résoudre l'affaire a demandé beaucoup de finesse.	破这个案子需要相当的敏锐。
finesse	Elle a taquiné son frère avec finesse.	她巧妙地打趣了哥哥一番。
fisc	Le fisc réclame les justificatifs de trois ans.	税务机关要求提交三年的凭证。
fisc	Un contrôleur du fisc a visité la boutique mardi.	周二税务局的一位稽查员来店里查了账。
fisc	N'évite pas le fisc, il finit toujours par te retrouver.	别想瞒税，税务局迟早会找上门。
fiscal	Le gouvernement a voté un nouvel avantage fiscal.	政府通过了一项新的税收优惠。
fiscal	La pression fiscale grimpe encore cette année.	今年税负又加重了。
fiscal	Le dossier fiscal du ministre fait jaser.	部长的税务案子成了大家的谈资。
fissure	Une fissure est apparue au plafond après les travaux du voisin.	邻居施工之后，天花板上出现了一道裂缝。
fissure	L'expert a repéré une fissure dans le mur porteur.	专家在承重墙上发现了一道裂痕。
fissure	Cette fissure dans leur amitié n'a jamais vraiment cicatrisé.	两人友谊上的这道裂痕始终没有真正愈合。
fixer	Il faut fixer l'étagère au mur avec des chevilles solides.	得用结实的膨胀螺栓把架子固定在墙上。
fixer	Elle a fixé la photo pendant de longues minutes, sans un mot.	她盯着那张照片看了好久，一言不发。
fixer	Nous devons fixer la date de la réunion avant vendredi.	我们得在周五前定下会议日期。
flagrant	Le voleur a été pris en flagrant délit.	小偷被当场抓获。
flagrant	C'est un flagrant délit de double langage.	这是明摆着的两面派做法。
flagrant	Une erreur flagrante figure en page trois.	第三页有一个明显的错误。
flair	Ce chien renifleur a un flair exceptionnel.	这只嗅探犬嗅觉特别灵敏。
flair	Elle a le flair des bonnes affaires.	她很有生意眼光。
flair	Sans flair, un journaliste passe à côté du scoop.	没有新闻嗅觉，记者就与独家新闻擦肩而过。
flash	Le flash de l'appareil a réveillé le bébé.	相机的闪光灯把宝宝弄醒了。
flash	Un flash d'information a interrompu la série ce soir.	今晚一则插播快讯打断了电视剧。
flash	J'ai vu un flash dans le ciel, l'orage arrive.	我看见天上一道闪光，暴风雨要来了。
flatter	Ce miroir flatte les visages ronds.	这种镜子把圆脸照得好看些。
flatter	Il flatte son chef depuis la promotion.	升职之后，他一个劲儿地巴结上司。
flatter	Flatte le chat, il ronronne déjà.	摸摸猫吧，它已经咕噜起来了。
flipper	Je flippes à l'idée de passer l'oral demain.	一想到明天要考口语我就发慌。
flipper	Il a flippé en entendant gratter la porte du garage.	听见车库门被抓挠的声音，他吓坏了。
flipper	Arrête de flipper, le médecin a dit que c'était bénin.	别慌了，医生说没什么大碍。
flirt	Leur flirt a commencé au bord de la piscine.	他们的调情从泳池边开始。
flirt	Ce petit flirt de vacances n'ira pas plus loin.	这段假期里的小暧昧不会有什么结果。
flirt	Le flirt au bureau finit souvent mal.	办公室里调情往往没有好结果。
flux	Le flux des touristes double en été.	夏天游客流量翻倍。
flux	Les flux de données circulent jour et nuit.	数据流日夜不停地传输。
flux	Le flux migratoire vers l'Europe a changé de route.	流向欧洲的移民潮改道了。
foetus	L'échographie montre le foetus de profil.	超声检查显示胎儿侧影。
foetus	La loi protège le foetus à partir du troisième mois.	法律从怀孕第三个月起保护胎儿。
foetus	Le cœur du foetus commence à battre très tôt.	胎儿的心脏很早就开始跳动了。
fond	Les clés sont tombées au fond du puits.	钥匙掉到了井底。
fond	Au fond du tableau, on distingue un petit village.	画的背景深处隐约可见一座小村庄。
fond	Au fond de moi, je savais qu'il avait raison.	在内心深处，我知道他是对的。
foot	Il joue au foot avec ses copains tous les mercredis.	他每个星期三都和伙伴们踢足球。
foot	On regarde le match de foot au bar du coin.	我们在街角的酒吧看足球比赛。
foot	Tu préfères le foot ou le basket ?	你更喜欢足球还是篮球？
football	Le football est le sport le plus populaire de France.	足球是法国最受欢迎的运动。
football	Elle regarde tous les matchs de football de la coupe du monde.	世界杯的足球比赛她一场都不错过。
football	Il a offert un ballon de football à son petit-fils.	他送给小孙子一个足球。
force	Il a soulevé le carton avec une force incroyable.	他用惊人的力气抬起了那个纸箱。
force	La force du vent a arraché quelques tuiles du toit.	大风把屋顶上的几片瓦掀掉了。
force	Rester calme demande parfois plus de force que crier.	有时保持冷静比大喊大叫需要更大的力量。
forger	L'apprenti forge des lames dans la braise.	学徒在炭火里锻打刀刃。
forger	Ces années difficiles ont forgé son caractère.	艰难岁月锤炼了他的性格。
forger	Il faut du temps pour forger une vraie confiance.	建立真正的信任需要时间。
formation	L'entreprise offre une formation continue à ses salariés.	公司为员工提供在职培训。
formation	Il a suivi une formation de plombier après le lycée.	中学毕业后，他参加了水管工培训。
formation	La formation d'une équipe solide demande du temps.	打造一支有凝聚力的队伍需要时间。
former	L'usine forme chaque année une trentaine d'apprentis.	工厂每年培养三十来名学徒。
former	Le brouillard forme un voile épais sur la vallée.	雾在山谷上空形成一层厚厚的面纱。
former	Ces années passées à l'étranger l'ont formé.	在国外度过的这些年塑造了他。
formidable	Ce fut un voyage formidable, je voudrais y retourner.	这是一次极棒的旅行，我还想再去。
formidable	Elle a fait un travail formidable sur ce dossier.	这份案卷她完成得非常出色。
formidable	Tu as réussi ton permis ? Formidable !	你驾照考过了？太棒了！
fort	Ne parle pas si fort, le bébé dort.	别这么大声说话，宝宝在睡觉呢。
fort	Ce café est trop fort pour moi.	这咖啡对我来说太浓了。
fort	Ma grand-mère est encore très forte pour son âge.	我祖母这么大年纪，身子骨还很硬朗。
fortune	Il a dépensé une fortune pour rénover la maison.	他花了一大笔钱翻修房子。
fortune	Cette famille a fait fortune dans le vin.	这家人靠葡萄酒发了财。
fortune	La fortune sourit aux audacieux, dit le proverbe.	谚语说，命运眷顾勇敢的人。
fosse	Les ouvriers ont creusé une fosse pour planter le chêne.	工人们挖了一个坑来种橡树。
fosse	La fosse septique doit être vidée tous les cinq ans.	化粪池每五年要清理一次。
fosse	Les archéologues ont découvert une fosse contenant des ossements.	考古学家发现了一处埋有骨头的墓穴。
four	Préchauffe le four à cent quatre-vingts degrés.	把烤箱预热到一百八十度。
four	Le gâteau est resté au four cinq minutes de trop.	蛋糕在烤箱里多放了五分钟。
four	Elle a enfourné le pain dans le four à bois.	她把面包放进柴火烤炉里。
foyer	Elle est restée au foyer pour élever ses trois enfants.	她留在家里照顾三个孩子。
foyer	Les pompiers ont maîtrisé le foyer d'incendie avant minuit.	消防员在午夜前控制住了火源。
foyer	Ce foyer de jeunes travailleurs propose des chambres à prix réduit.	这个青年工人之家提供价格优惠的宿舍。
fracas	On a entendu un fracas terrifiant dans la cour.	院子里传来一声可怕的撞击巨响。
fracas	Le fracas des vagues couvrait nos voix.	浪涛的轰鸣盖过了我们的说话声。
fracas	Le placard s'est effondré avec un grand fracas.	橱柜轰然倒塌。
fracture	Le skieur s'est fait une fracture ouverte de la jambe.	这位滑雪者小腿开放性骨折。
fracture	La radiographie a confirmé une fracture du poignet.	X光检查确认了手腕骨折。
fracture	Cette affaire a creusé une fracture au sein du club.	这件事在俱乐部内部造成了裂痕。
fragile	Ce vase est fragile, porte-le à deux mains.	这个花瓶易碎，用双手端着。
fragile	Elle se remet doucement, elle est encore fragile après la maladie.	她正在慢慢恢复，病后身体还很虚弱。
fragile	La paix dans la région reste fragile.	该地区的和平依然脆弱。
fragment	On a retrouvé un fragment de poterie dans le jardin.	在园子里发现了一块陶片。
fragment	Elle n'a entendu que des fragments de la conversation.	她只听到了谈话的片段。
fragment	Ce fragment de code provoque le bug.	就是这段代码造成了故障。
franc	Sois franc avec moi : est-ce que j'ai bien joué ?	跟我说实话：我演得好吗？
franc	Il a toujours un regard franc et direct.	他的眼神总是坦率而直接。
franc	Elle est franche : elle n'a pas aimé le film.	她很直率：她不喜欢这部电影。
franchise	Elle parle avec une franchise désarmante.	她说话直率得让人没法接。
franchise	Il a ouvert une franchise de boulangerie en centre-ville.	他在市中心开了一家面包连锁加盟店。
franchise	Sa franchise lui a coûté son poste.	他的直率让他丢了工作。
front	Elle a posé sa main froide sur mon front brûlant.	她把冰凉的手放在我发烫的额头上。
front	Un pli s'est creusé sur son front en lisant la lettre.	读信时他的额头皱了起来。
front	Il essuie la sueur de son front après la course.	跑完步他擦了擦额头上的汗。
fruit	Mange des fruits à chaque repas, c'est bon pour la santé.	每餐都吃点水果，对健康有好处。
fruit	Ce fruit exotique se mange avec une cuillère.	这种热带水果要用勺子挖着吃。
fruit	Le panier débordait de fruits mûrs cueillis ce matin.	篮子里装满了今天早上摘的熟果子。
frustration	Il a caché sa frustration derrière un sourire poli.	他用礼貌的微笑掩饰了内心的挫败。
frustration	Attendre trois heures sans réponse laisse un sentiment de frustration.	等了三个小时没有任何答复，让人很不是滋味。
frustration	La frustration de ne pas avoir été retenu l'a poussé à s'entraîner davantage.	落选的不甘促使他更加刻苦地训练。
fugue	Leur fille a fait une fugue le jour de ses quinze ans.	他们女儿十五岁生日那天离家出走了。
fugue	La fugue de Bach résonne dans la cathédrale.	巴赫的赋格曲在大教堂里回荡。
fugue	Après sa fugue, il est rentré tout honteux.	离家出走之后，他灰溜溜地回来了。
fun	Ce jeu de société est vraiment fun en famille.	这个桌游一家人玩特别有意思。
fun	Le karting, c'est fun, mais ça coûte cher.	卡丁车很好玩，就是贵。
fun	On a passé un moment fun au parc d'attractions.	我们在游乐园玩得很开心。
fusible	Le fusible a grillé, la cave est dans le noir.	保险丝烧了，地下室一片漆黑。
fusible	Remplace le fusible de dix ampères dans le tableau.	把配电箱里十安的保险丝换掉。
fusible	Un fusible de rechange traîne dans le tiroir de la cuisine.	厨房抽屉里有一个备用保险丝。
fusillade	Une fusillade a éclaté devant la banque.	银行门前突然爆发枪战。
fusillade	La fusillade a duré moins d'une minute.	枪战不到一分钟就结束了。
fusillade	Après la fusillade du parc, le quartier reste sous le choc.	公园枪击事件后，街区至今惊魂未定。
fusion	La fusion des deux banques créera le premier groupe national.	两家银行合并后将组成全国第一大集团。
fusion	La fusion nucléaire alimente le soleil.	核聚变为太阳提供能量。
fusion	Leur duo montre une vraie fusion des styles.	他们的二重奏真正融合了两种风格。
futile	Ces détails paraissent futiles mais coûtent cher.	这些细节看似琐碎，代价却不小。
futile	Arrête de te chamailler pour des riens futiles.	别为无谓的小事争吵了。
futile	Une conversation futile en vaut parfois une profonde.	一场闲聊有时胜过一次深谈。
gadget	Ce gadget de cuisine finit toujours au fond du tiroir.	这种厨房小玩意儿最后总是沉在抽屉底。
gadget	Il collectionne les gadgets électroniques les plus récents.	他收集最新的电子小玩意。
gadget	Ce stylo n'est pas un simple gadget, il enregistre aussi la voix.	这支笔不只是个小玩意儿，还能录音。
gaffe	Il a fait une gaffe en parlant de l'ex de Marie.	他提起了玛丽的前任，说走了嘴。
gaffe	Évite les gaffes pendant ce dîner de famille.	这次家宴上可别失礼。
gaffe	Encore une gaffe du présentateur, ça devient lassant.	主持人又出洋相了，真让人看不下去。
gaffer	Le maire a gaffé en citant le mauvais nom.	镇长念错了名字，闹了笑话。
gaffer	Ne gaffe pas devant les invités, s'il te plaît.	拜托，客人面前别说漏嘴。
gaffer	Sa gaffe a déridé toute la salle.	他一句失言逗笑了全场。
gag	Le gag du chapeau fait toujours rire le public.	帽子那一下噱头总能逗笑观众。
gag	Le film aligne un gag toutes les trente secondes.	这部电影每三十秒来一个笑点。
gag	Un gag improvisé a détendu la conférence.	一个临场笑料缓和了发布会的气氛。
gage	Sa ponctualité est le gage de son sérieux.	守时就是他可靠的保证。
gage	Il a laissé sa montre en gage.	他把手表押在了那里。
gage	Ce bouquet est un gage d'estime.	这束花是敬意的表示。
gain	Le gain net de l'entreprise a doublé cette année.	公司今年的净利润翻了一番。
gain	Ce placement offre un gain régulier sans grand risque.	这项投资收益稳定，风险不大。
gain	Les gains de productivité permettent de baisser les prix.	生产率的提升使降价成为可能。
gala	La ville organise son gala annuel au profit des écoles.	市里举办年度慈善晚会，为学校筹款。
gala	Les artistes de l'opéra se produisent au gala de charité.	歌剧院的艺术家们将在这场义演中登台。
gala	Il a mis son plus beau costume pour le gala de fin d'année.	他穿上最漂亮的西装去参加年终庆典晚会。
gale	Ce chien se gratte sans arrêt, il a la gale.	这狗老挠痒，得了疥癣。
gale	La gale se soigne avec un traitement rigoureux.	疥疮需要严格按疗程治疗。
gale	Une épidémie de gale a touché l'école primaire.	小学里闹了一场疥疮。
gang	La police a démantelé un gang de voleurs de voitures.	警方摧毁了一个偷车团伙。
gang	Ce gang terrorise le quartier depuis des mois.	几个月来，这伙人一直在街区里作恶。
gang	Dans ce film, un gang de gamins défend son terrain vague.	影片里，一群孩子守卫着他们的荒地。
gangster	Ce gangster des années trente inspirait la peur à toute la ville.	这位三十年代的匪徒让全城闻风丧胆。
gangster	Le film raconte l'ascension et la chute d'un gangster.	影片讲述了一个黑帮分子发迹与覆灭的故事。
gangster	Les gangsters ont pris la fuite après le braquage.	抢劫得手后，匪徒们四散逃窜。
garage	Gare la voiture dans le garage, l'orage arrive.	把车停进车库，暴风雨要来了。
garage	Le garage du coin répare bien les vieilles voitures.	街角的修车行修老车很在行。
garage	Ils ont transformé le garage en atelier de poterie.	他们把车库改成了陶艺工作室。
gauche	Tourne à gauche après le feu, la banque est juste là.	过了红绿灯往左拐，银行就在那儿。
gauche	Il écrit de la main gauche depuis tout petit.	他从小就用左手写字。
gauche	À gauche de la cheminée, il y a une vieille photo de famille.	壁炉左边挂着一张旧的全家福。
gay	Son cousin assume d'être gay depuis toujours.	他表哥一直坦然面对自己的同性恋身份。
gay	Ce quartier est connu pour ses bars gay très animés.	这个街区以热闹的同性恋酒吧闻名。
gay	La marche des fiertés réunit des milliers de personnes, gay ou non.	骄傲游行每年吸引数千人参加，无论是否是同性恋。
gazelle	La gazelle bondit au-dessus des buissons épineux.	瞪羚从带刺的灌木丛上一跃而过。
gazelle	Une gazelle s'est abreuvée à la mare au petit jour.	清晨，一只瞪羚在水塘边饮了水。
gazelle	Elle court comme une gazelle depuis ses cours d'athlétisme.	上过田径课后，她跑起来像只瞪羚。
gel	Le gel a détruit la moitié des vignes cette année.	今年的霜冻毁掉了一半葡萄园。
gel	Attention au gel en fin de nuit au mois d'avril.	四月后半夜要提防霜冻。
gel	Les jardiniers protègent les jeunes plants contre le gel.	园丁们保护幼苗免受霜冻。
gendarme	Le gendarme contrôle les papiers à l'entrée du village.	宪兵在村口查验证件。
gendarme	Un gendarme a aidé la touriste perdue à retrouver son hôtel.	一名宪兵帮迷路的游客找到了酒店。
gendarme	Les gendarmes sillonnent la campagne toute la nuit.	宪兵们整夜在乡间巡逻。
genre	Quel genre de musique écoutes-tu le soir ?	你晚上听哪种类型的音乐？
genre	Ce genre de remarque ne m'aide pas du tout.	这种话对我一点帮助都没有。
genre	Elle lit tous les genres, du polar au roman historique.	从侦探小说到历史小说，她什么类型都读。
gens	Il y a trop de gens dans le métro à cette heure.	这个钟点地铁里人太多了。
gens	Les gens du village se connaissent tous très bien.	村里的人彼此都非常熟悉。
gens	Ces gens attendent le bus depuis vingt bonnes minutes.	这些人等公交车已经足足等了二十分钟。
gentleman	Ce gentleman tient la porte à tout le monde.	这位绅士为每个人扶着门。
gentleman	Un vrai gentleman paie l'addition sans broncher.	真正的绅士会一声不响地结账。
gentleman	Son comportement de gentleman a séduit la tablée.	他的绅士风度赢得了全桌人的好感。
ghetto	Il a grandi dans le ghetto de Varsovie avant la guerre.	战前他在华沙的犹太人聚居区长大。
ghetto	Le quartier s'est transformé en ghetto économique.	这个街区沦为经济上的贫民区。
ghetto	Les murs du ghetto racontent une histoire douloureuse.	聚居区的墙诉说着一段苦难历史。
gigantesque	Un feu d'artifice gigantesque a illuminé la baie.	盛大的烟花照亮了整个海湾。
gigantesque	Ils ont devant eux un travail gigantesque de restauration.	摆在他们面前的是一项庞大的修复工程。
gigantesque	L'usine gigantesque employait autrefois trois mille ouvriers.	这座巨型工厂当年雇用过三千名工人。
gin	Il commande un gin tonic chaque vendredi soir.	每周五晚上他都要一杯金汤力。
gin	Le gin de cette marque sent le genévrier.	这个牌子的金酒有杜松子的香气。
gin	Un verre de gin l'a réchauffé après la marche.	走完这段路，一杯金酒让他暖了过来。
glacial	Un vent glacial balaye les quais ce matin.	今天早上，刺骨的寒风扫过河堤。
glacial	Elle a accueilli sa remarque d'un silence glacial.	面对这番话，她报以冰冷的沉默。
glacial	L'eau du lac reste glaciale même en plein été.	即使盛夏，湖水依然冰冷刺骨。
glacier	Le glacier des Alpes recule d'année en année.	阿尔卑斯山的冰川逐年退缩。
glacier	Les alpinistes campent au bord du glacier.	登山者在冰川边缘扎营。
glacier	Les enfants attendent devant le glacier pour une glace à la fraise.	孩子们在冷饮店门口等着买草莓冰淇淋。
gland	Un gland a germé sous le vieux chêne.	一颗橡子在老橡树下发了芽。
gland	Les écureuils cachent des glands dans la pelouse.	松鼠把橡果藏进草坪里。
gland	Il ramasse des glands pour l'atelier de bricolage.	他捡橡果准备手工课用。
global	Le coût global des travaux dépasse le budget initial.	工程总费用超出了最初预算。
global	Il faut une vision globale du dossier avant de trancher.	裁决之前要对整个案卷有全局把握。
global	Le réchauffement global menace les côtes de la planète.	全球变暖威胁着地球的海岸线。
globe	Le globe terrestre tourne autour du soleil en un an.	地球绕太阳一周需要一年。
globe	Sur ce globe ancien, l'Amérique est dessinée très petit.	在这个老式地球仪上，美洲画得很小。
globe	Des voyageurs venus des quatre coins du globe se retrouvent ici.	来自世界各地的旅行者在此相聚。
globule	L'analyse révèle un manque de globules blancs.	化验显示白细胞偏少。
globule	Chaque globule rouge transporte l'oxygène.	每个红细胞都负责运送氧气。
globule	Le labo compte les globules au microscope.	实验室在显微镜下计数血球。
gnome	Un gnome de jardin trône près du bassin.	一个花园小矮人立在池塘边。
gnome	Les gnomes des légendes gardent les trésors souterrains.	传说里的地精守着地下宝藏。
gnome	Elle collectionne les gnomes peints à la main.	她收藏手工上色的小地精。
golf	Il joue au golf tous les samedis matin avec ses collègues.	他每周六上午都和同事打高尔夫球。
golf	Le terrain de golf borde la mer.	高尔夫球场紧挨着大海。
golf	Elle a offert un nouveau club de golf à son père.	她送给父亲一根新高尔夫球杆。
gorge	J'ai la gorge irritée, je vais boire une tisane.	我喉咙发炎，去喝杯草药茶。
gorge	Le guide parle fort pour couvrir le bruit de la rivière dans les gorges.	峡谷里水声很大，导游提高嗓门讲解。
gorge	Sa gorge s'est serrée quand elle a lu le message.	读到那条消息时，她的喉咙一阵发紧。
gourmand	Mon chien est si gourmand qu'il mendie à table.	我家狗馋得很，吃饭时总来讨食。
gourmand	Elle a toujours été gourmande de desserts au chocolat.	她一直特别爱吃巧克力甜点。
gourmand	Les gourmands se sont rués sur le buffet du mariage.	贪吃的人们蜂拥扑向婚宴的自助餐台。
grade	Il a obtenu le grade de capitaine après l'examen.	通过考核后他晋升上尉军衔。
grade	Son nouveau grade s'accompagne d'une augmentation.	升了职级，工资也跟着涨了。
grade	Les grades sont cousus sur les épaulettes.	军衔缝在肩章上。
graffiti	Des graffitis colorés recouvrent le mur du vieux quai.	彩色的涂鸦铺满了旧码头的墙面。
graffiti	Cet artiste signe ses graffitis dans toute la ville.	这位艺术家的涂鸦遍布全城。
graffiti	La mairie a fait effacer les graffitis de la gare.	市政厅让人清除了车站的涂鸦。
grain	Un grain de sable a bloqué le mécanisme.	一粒沙子卡住了机件。
grain	Les poules picorent les grains de maïs dans la cour.	母鸡在院子里啄食玉米粒。
grain	Ce grain de beauté près de l'œil la rend attachante.	她眼角那颗小痣让她别有韵味。
gramme	Ajoutez cent grammes de sucre à la pâte.	往面团里加一百克糖。
gramme	Ce colis pèse à peine deux cents grammes.	这个包裹顶多两百克重。
gramme	Il ne reste que quelques grammes de café dans la boîte.	罐子里只剩下几克咖啡了。
grand	Leur maison est encore plus grande que la nôtre.	他们的房子比我们家的还要大。
grand	Mon frère mesure un mètre quatre-vingt-dix, il est très grand.	我哥哥身高一米九，个子特别高。
grand	Elle a de grands projets pour les vacances d'été.	她对暑假有一番宏大的计划。
grandeur	On a été surpris par la grandeur du jardin.	花园之大让我们吃了一惊。
grandeur	Il a mesuré la grandeur de la pièce avant d'acheter le tapis.	买地毯前，他先量了房间的尺寸。
grandeur	Sa grandeur d'âme lui a valu le respect de tous.	他宽宏的胸襟赢得了众人的尊敬。
grandiose	Le feu d'artifice final était vraiment grandiose.	压轴烟花真是壮观。
grandiose	Ils ont organisé une réception grandiose pour le centenaire.	他们为百年庆典办了一场盛大的招待会。
grandiose	Le projet grandiose de l'architecte divise la municipalité.	建筑师这个宏大方案在市政府内部意见不一。
grange	Le foin est rangé dans la grange depuis la moisson.	收割后干草就堆在谷仓里。
grange	Ils ont transformé l'ancienne grange en salle de réception.	他们把旧谷仓改成了宴会厅。
grange	Les hirondelles nichent sous le toit de la grange.	燕子在谷仓的屋檐下筑巢。
gratis	Les enfants entrent gratis dans le parc cette semaine.	本周儿童免费入园。
gratis	Il distribue des échantillons gratis devant la boutique.	他在店门口免费发放试用品。
gratis	Rien n'est jamais totalement gratis dans la vie.	世上从来没有完全免费的事。
gratitude	Il exprima sa gratitude envers l'équipe de secours.	他向救援队表达了谢意。
gratitude	Une carte de gratitude a accompagné le cadeau.	随礼物附上一张致谢卡。
gratitude	Sa gratitude envers sa grand-mère ne s'éteindra jamais.	他对祖母的感激永远不会消失。
grave	Son état est grave, les médecins restent à son chevet.	他的情况很严重，医生守在床边。
grave	Ce n'est pas grave, on ratera juste le début du film.	没关系，只是错过电影开头而已。
grave	Une erreur grave dans le rapport a coûté le contrat.	报告里的一个严重错误让公司丢了合同。
graver	L'artisan a gravé leurs prénoms sur le médaillon.	工匠把两人的名字刻在了挂坠上。
graver	On peut graver un message au dos de la montre.	可以在手表背面刻一句留言。
graver	Cette scène est gravée dans ma mémoire pour toujours.	这一幕永远铭刻在我的记忆里。
grenade	Elle presse une grenade pour préparer le jus du matin.	她榨了一个石榴做早晨的果汁。
grenade	Les grains de grenade parsèment la salade d'hiver.	石榴籽点缀在冬季沙拉里。
grenade	Le film montre un soldat qui désamorce une grenade.	影片中一名士兵拆解了一枚手榴弹。
grille	Remplis chaque case de la grille de mots croisés.	把填字游戏的每个格子都填满。
grille	Le courrier glisse sous la grille du portail.	信件从大门的栅栏缝里塞了进来。
grille	La grille de la cour se ferme automatiquement à vingt-deux heures.	院子的大铁门每晚十点自动关闭。
grimace	Le bébé fait des grimaces quand il goûte le citron.	婴儿尝到柠檬时直做鬼脸。
grimace	Il a caché sa douleur derrière une grimace.	他用一个怪相掩住了疼痛。
grimace	Ne fais pas cette grimace, le plat est bon !	别做那副苦相，菜很好吃！
grotesque	Son déguisement est franchement grotesque.	他的化装服真是滑稽。
grotesque	La scène tourne au grotesque.	场面变得荒诞起来。
grotesque	Ces accusations grotesques n'ont aucun fondement.	这些荒诞的指控毫无根据。
grouper	Le professeur groupe les élèves par trois pour l'exercice.	老师把学生三人一组进行练习。
grouper	Les boutiques se regroupent autour de la place du marché.	小店都聚在集市广场周围。
grouper	Le rapport groupe les données par région.	报告把数据按地区归类。
guide	Notre guide explique l'histoire du château en trois langues.	导游用三种语言讲解这座城堡的历史。
guide	Ce guide du voyage indique les meilleurs restaurants de Lisbonne.	这本旅行指南列出了里斯本最好的餐厅。
guide	L'ancien ouvrier sert de guide aux visiteurs de l'usine.	这位老工人给参观工厂的客人当向导。
guise	On lui a servi une soupe froide en guise d'entrée.	他们端上一道凉汤，权当开胃菜。
guise	Il invoque la tradition en guise d'excuse pour tout interdire.	他拿传统当借口，什么都要禁。
guise	En vacances, chacun vit à sa guise.	度假时各人想怎么过就怎么过。
gym	Je vais à la gym deux fois par semaine pour garder la forme.	我每周去健身房两次，保持体形。
gym	Le cours de gym commence par un échauffement.	健身课从热身开始。
gym	Elle met ses affaires de gym dans un sac bleu.	她把健身用品装进一个蓝色的包里。
ha	Ha, quelle bonne surprise de te voir ici !	哈，能在这儿见到你真是个惊喜！
ha	Ha ! J'ai encore oublié de sortir la poubelle.	哎呀！我又忘了倒垃圾。
ha	Ha, je savais bien que tu arriverais en retard !	哈，我早知道你会迟到！
habit	Le marié portait un habit traditionnel de sa région.	新郎穿着他家乡的传统服饰。
habit	Cet habit neuf lui va à merveille.	这件新衣服他穿非常合身。
habit	Elle a changé d'habit avant la soirée dansante.	舞会开始前，她换了身衣服。
habitant	Les habitants du village se réunissent pour nettoyer la place.	村民们聚在一起打扫广场。
habitant	Cette île compte à peine mille habitants.	这座岛只有不到一千名居民。
habitant	Un habitant a signalé l'odeur bizarre à la mairie.	有位居民向市政府反映了怪味。
habitude	Il a l'habitude de boire un café en lisant le journal.	他习惯边喝咖啡边看报。
habitude	Tu prends cette route par habitude ? Essaie plutôt le chemin de la rivière.	你是习惯性地走这条路？不如试试河边那条。
habitude	Cinq ans dans la même maison, cela crée des habitudes.	在同一栋房子里住上五年，就会养成各种习惯。
hall	Attends-moi dans le hall de l'hôtel, je descends dans cinq minutes.	你在酒店大堂等我，我五分钟后下来。
hall	Le hall d'entrée sent la cire fraîche.	门厅里有一股新打蜡的味道。
hall	Un grand lustre illumine le hall de la mairie.	一盏大吊灯照亮了市政厅的门厅。
hallucination	Il a vu une silhouette, mais c'était une hallucination.	他看到一个影子，其实那是幻觉。
hallucination	La fièvre lui provoquait des hallucinations la nuit.	发烧让他在夜里产生幻觉。
hallucination	Ce décor surréaliste donne une impression d'hallucination.	这种超现实的布景让人恍如幻觉。
hamburger	Il commande toujours un hamburger avec des frites croustillantes.	他每次都点一个汉堡，配上酥脆的薯条。
hamburger	Ce bistrot sert les meilleurs hamburgers du quartier.	这家小酒馆的汉堡是附近一带最好吃的。
hamburger	Un hamburger végétarien et une limonade, s'il vous plaît.	麻烦来一个素食汉堡和一杯柠檬水。
hamster	Le hamster fait sa roue toute la nuit.	仓鼠整晚都在跑轮上跑。
hamster	Nourris le hamster de Léa pendant son absence.	莉亚不在的时候，请你帮忙喂她的仓鼠。
hamster	Ce hamster s'est échappé de sa cage hier soir.	昨晚这只仓鼠从笼子里跑出去了。
handicap	Parler trois langues n'est jamais un handicap pour trouver un emploi.	会三门语言对找工作绝不会是障碍。
handicap	Son petit gabarit reste un handicap au basket.	偏矮的身材在篮球场上始终是个劣势。
handicap	Les marches sans rampe sont un vrai handicap pour les fauteuils roulants.	没有扶手的台阶对轮椅使用者是实实在在的障碍。
hangar	Les tondeuses sont rangées dans le hangar derrière la ferme.	割草机都收在农场后面的库房里。
hangar	L'avion attend son tour dans le hangar de la compagnie.	飞机在公司的机库里等候起飞。
hangar	Ils transforment un vieux hangar en salle de répétition.	他们把一座旧棚库改成了排练厅。
hauteur	L'avion a atteint sa hauteur de croisière au bout de dix minutes.	飞机十分钟后达到了巡航高度。
hauteur	Il lui a répondu avec hauteur avant de quitter la réunion.	他傲慢地回了她一句，然后离开了会议室。
hauteur	La hauteur du plafond donne au salon une impression d'espace.	天花板的高度让客厅显得很开阔。
hectare	Cette exploitation couvre deux cents hectares de vignes.	这家农场拥有两百公顷葡萄园。
hectare	Un hectare de forêt a brûlé avant l'arrivée des pompiers.	在消防队赶到之前，一公顷森林已被烧毁。
hectare	Ils plantent un verger de trois hectares derrière la colline.	他们在山后种了一片三公顷的果园。
hippie	Les hippies des années soixante-dix rêvaient de vie communautaire.	七十年代的嬉皮士向往公社生活。
hippie	Ce vieux hippie vend des bijoux artisanaux sur la plage.	那个老嬉皮士在海滩上卖手工首饰。
hippie	Elle mène une vie de hippie dans une cabane en bois.	她住在一间木屋里，过着嬉皮士般的生活。
hobby	Son hobby principal est la photo de rue.	他的主要爱好是街头摄影。
hobby	Le jardinage est un hobby qui détend beaucoup de gens.	园艺是很多人用来放松的爱好。
hobby	Elle cherche un hobby pour occuper ses dimanches pluvieux.	她想找点爱好，让下雨的周日有事情做。
hockey	Mon fils joue au hockey sur glace depuis cinq ans.	我儿子打冰球已经五年了。
hockey	Le match de hockey a été reporté à cause de la neige.	因为下雪，冰球比赛推迟了。
hockey	À l'université, elle pratique le hockey sur gazon.	大学里她玩草地曲棍球。
hold-up	Le film retrace un hold-up manqué dans une banque de province.	这部电影讲的是外省银行一场未遂的持械抢劫。
hold-up	Ce hold-up a duré moins de trois minutes selon les témoins.	据目击者说，这次持械抢劫不到三分钟。
hold-up	Après le hold-up, les voleurs ont pris la fuite en scooter.	抢劫得手后，劫匪骑着摩托逃走了。
homicide	L'enquête a établi qu'il s'agissait d'un homicide volontaire.	调查认定这是一起故意杀人案。
homicide	Le nombre d'homicides a baissé dans la ville depuis cinq ans.	五年来这座城市的凶杀案减少了。
homicide	Il est accusé d'homicide par imprudence après l'accident de la route.	车祸之后他被指控过失致人死亡。
honorable	Il a obtenu une mention honorable à son examen de fin d'année.	他期末考试获得了良好等级。
honorable	C'est une femme honorable qui a consacré sa vie à l'enseignement.	她是位可敬的女性，一生都奉献给了教育。
honorable	Le salaire est honorable, même s'il ne rend pas riche.	薪水还算体面，虽然发不了财。
horde	Une horde de touristes envahit la vieille ville chaque été.	每年夏天大批游客涌进老城。
horde	Les hordes barbares franchirent le fleuve au crépuscule.	蛮族部落于黄昏渡河。
horde	Une horde d'enfants s'est ruée sur le gâteau d'anniversaire.	一大群孩子扑向了生日蛋糕。
horizon	Du sommet, on aperçoit la mer à l'horizon.	从山顶望去，海在天边隐约可见。
horizon	Cette formation a élargi mes horizons professionnels.	这段培训开阔了我的职业眼界。
horizon	Un nuage sombre se lève à l'horizon.	地平线上升起一朵乌云。
hormone	Le stress provoque la libération d'une hormone appelée cortisol.	压力会促使一种叫皮质醇的激素分泌。
hormone	À l'adolescence, les hormones rendent les émotions plus intenses.	青春期荷尔蒙让情绪更加激烈。
hormone	Ce traitement vise à rééquilibrer les hormones thyroïdiennes.	这种治疗旨在重新平衡甲状腺激素。
horoscope	Ma grand-mère lit son horoscope chaque matin.	我祖母每天早上都看自己的星座运势。
horoscope	Ton horoscope annonce une belle surprise cette semaine.	你的星座运势预告这周会有惊喜。
horoscope	Je ne crois pas à l'horoscope, mais j'aime le lire.	我不信星座运势，但喜欢读一读。
horrible	Quel temps horrible pour un pique-nique !	这天气野餐可真糟糕！
horrible	Il a fait un rêve horrible après le film.	看完电影他做了个噩梦。
horrible	Cette douleur horrible dans le dos ne passe pas.	背上这阵剧痛一直不消。
hors	Hors saison, l'hôtel coûte moitié moins cher.	淡季时酒店便宜一半。
hors	Le chien s'est échappé hors du jardin par le trou du grillage.	狗从栅栏的洞钻出去，跑出了院子。
hors	Ce dossier est hors de mes compétences, adresse-toi au service comptable.	这个案子超出我的能力范围，你去问会计部门吧。
hospice	Elle a passé ses dernières années dans un hospice tranquille.	她在一家安静的养老院度过了晚年。
hospice	L'hospice accueille les sans-abri pendant les nuits de gel.	严寒的夜里，收容所接纳无家可归的人。
hospice	Les sœurs dirigeaient l'hospice avec une grande générosité.	修女们慷慨地管理着济贫院。
hostile	Le public s'est montré hostile envers l'arbitre.	观众对裁判表现出敌意。
hostile	Ils ont traversé une région hostile où l'eau manquait.	他们穿过一片缺水的荒凉地带。
hostile	Son regard hostile m'a glacé sur place.	他充满敌意的眼神让我僵在原地。
hot dog	J'ai acheté un hot dog au stand devant le stade.	我在体育场外的小摊买了个热狗。
hot dog	Mange ton hot dog avant que la moutarde ne coule.	趁芥末还没流出来，快点吃你的热狗。
hot dog	Un hot dog géant, c'est trop pour mon appétit.	超大热狗对我的胃口来说太多了。
hot-dog	Ce stand propose le meilleur hot-dog de la ville.	这个摊位卖全城最好吃的热狗。
hot-dog	Il a commandé un hot-dog avec des oignons grillés.	他点了一个加烤洋葱的热狗。
hot-dog	Le prix du hot-dog a encore augmenté cette année.	热狗的价格今年又涨了。
hum	Hum, je ne suis pas convaincu par ce plan.	嗯，这个方案我可不怎么信服。
hum	Hum, il y a un problème avec cette facture.	嗯，这张发票好像有点问题。
hum	Elle a répondu « hum » et a continué à lire.	她应了一声“嗯”，接着看书。
humble	Reste humble même quand tout te réussit.	即使事事顺利也要保持谦虚。
humble	Il mène une vie humble dans son village natal.	他在老家过着简朴的生活。
humble	Elle a des origines très humbles et elle en est fière.	她出身卑微，却引以为豪。
humiliation	Il n'a jamais digéré cette humiliation devant ses collègues.	他始终无法释怀在同事面前受的那次羞辱。
humiliation	Infliger une telle humiliation à un enfant est inacceptable.	让孩子遭受这样的羞辱是不可接受的。
humiliation	Après cette humiliation publique, elle a démissionné sans un mot.	当众受辱之后，她一言不发地辞了职。
humour	Son humour met tout le bureau de bonne humeur.	他的幽默让整个办公室心情大好。
humour	J'apprécie son humour anglais, toujours piquant.	我很欣赏他的英式幽默，总带着机锋。
humour	Un peu d'humour aide à passer les moments difficiles.	一点幽默感有助于度过艰难时刻。
hurler	Le bébé hurle dès qu'on lui enlève son jouet.	一拿走玩具，宝宝就大喊大叫。
hurler	Il a hurlé de douleur en se cognant le petit doigt.	他撞到小指头，疼得大叫起来。
hurler	Les supporters hurlent le nom de leur équipe.	球迷们高喊着自己球队的名字。
hyper	Ce quartier est hyper animé le samedi soir.	周六晚上这个街区特别热闹。
hyper	Elle est hyper contente de son nouveau travail.	她对新工作非常满意。
hyper	Le trajet était hyper long à cause des travaux.	因为施工，路上花了特别长时间。
hypocrite	Ne fais pas l'hypocrite, avoue que tu es vexé.	别装了，承认你不高兴吧。
hypocrite	Elle a compris que son faux ami n'était qu'un hypocrite.	她明白了那个假朋友不过是个伪君子。
hypocrite	Il est si hypocrite qu'il complimente pour mieux critiquer ensuite.	他虚伪得很，先恭维再狠狠批评。
identification	L'entrée du laboratoire se fait par badge d'identification.	进入实验室要刷身份识别卡。
identification	La police demande une pièce d'identification à chaque témoin.	警察要求每位证人出示身份证件。
identification	L'identification du corps a pris plusieurs jours.	尸体的身份确认花了好几天。
identifier	Les douaniers ont identifié le suspect grâce aux caméras.	海关人员通过摄像头认出了嫌疑人。
identifier	Il faut identifier les causes du problème avant de le résoudre.	解决问题之前得先弄清原因。
identifier	Peux-tu identifier cette odeur dans la cuisine ?	你能闻出厨房里这是什么味道吗？
idiot	Arrête de faire l'idiot devant les caméras !	别在镜头前装傻了！
idiot	Quel idiot, j'ai oublié mes clés dans la voiture.	我真是个傻瓜，把钥匙锁车里了。
idiot	Ce type me prend pour un idiot, je connais les prix.	这家伙当我是傻子，价格我门儿清。
ignoble	Trahir un ami pour de l'argent, c'est ignoble.	为了钱出卖朋友，实在卑鄙。
ignoble	Il a tenu des propos ignobles pendant toute la soirée.	整晚他都在说些不堪入耳的话。
ignoble	Ce trafic d'organes est un commerce ignoble.	器官交易是卑劣的买卖。
ignorance	Son ignorance des règles de base l'a mis en danger.	他连基本规则都不懂，因此陷入危险。
ignorance	L'ignorance nourrit la peur, la connaissance l'apaise.	无知滋生恐惧，知识使人安心。
ignorance	Il avoue son ignorance complète en musique classique.	他坦承自己对古典音乐一无所知。
ignorant	Sur ce sujet, je suis totalement ignorant.	在这个话题上，我一无所知。
ignorant	Il passe pour arrogant parce qu'il traite tout le monde d'ignorant.	他把谁都当成无知的人，所以显得傲慢。
ignorant	Face au jury, il a paru ignorant des règles les plus élémentaires.	面对评委，他连最基本的规则都显得一窍不通。
illusion	Il vit dans l'illusion qu'elle reviendra un jour.	他活在幻觉里，以为她总有一天会回来。
illusion	Le magicien a créé une illusion parfaite.	魔术师营造出一场完美的幻象。
illusion	Reprendre ce bar sans capital serait une pure illusion.	没有本钱就想接手这家酒吧，纯属幻想。
image	L'image du film est restée dans ma tête toute la nuit.	电影里的那个画面在我脑子里萦绕了一夜。
image	Les images du reportage montrent la vie du port.	纪录片的画面展现了港口的生活。
image	Cette marque soigne beaucoup son image.	这个品牌非常注重自己的形象。
imagination	Les enfants ont une imagination sans limites.	孩子们的想象力没有边界。
imagination	Son imagination l'emporte parfois trop loin.	她的想象有时跑得太远。
imagination	C'est avec imagination qu'il a réparé la porte sans outils.	他没工具，全凭巧思把门修好了。
imitation	Son imitation du présentateur a fait rire toute la classe.	她模仿主持人，逗笑了全班。
imitation	Attention, ce sac n'est qu'une imitation.	小心，这个包只是仿制品。
imitation	L'enfant apprend beaucoup par imitation des adultes.	孩子通过模仿大人学到很多。
immature	Se fâcher pour ça est vraiment immature.	为这点事发脾气，实在太不成熟。
immature	Il reste immature malgré ses quarante ans bien tassés.	他都四十出头了，还是孩子气。
immature	Ce comportement immature agace toute l'équipe.	这种幼稚的行为让全组的人都烦。
immense	La plaine immense s'étend jusqu'à l'horizon.	辽阔的平原一直延伸到天边。
immense	Merci infiniment, votre aide m'a été d'un immense secours.	太感谢了，您的帮助帮了大忙。
immense	Devant l'immense bibliothèque, elle ne savait par où commencer.	面对巨大的藏书库，她不知从何读起。
immigration	L'immigration a fortement façonné la population de ce pays.	移民深深塑造了这个国家的人口构成。
immigration	Le débat sur l'immigration divise l'opinion publique.	关于移民的辩论让舆论分裂。
immigration	Son grand-père est arrivé pendant la grande immigration italienne.	他祖父是在意大利移民潮时期来的。
imminent	L'orage gronde, l'arrivée de la pluie est imminente.	雷声隆隆，眼看就要下雨了。
imminent	Une éruption du volcan est imminente selon les volcanologues.	火山学家认为火山喷发迫在眉睫。
imminent	Le train approche, le départ est imminent !	火车进站了，马上就要发车！
immobile	Le héron reste immobile au bord de l'étang.	苍鹭一动不动地站在池塘边。
immobile	Reste immobile pendant la photo, sinon elle sera floue.	拍照时别动，不然照片会糊。
immobile	Immobile derrière le rideau, elle attendait son tour de scène.	她一动不动地站在幕布后面，等着上场。
immoral	Profiter de la détresse des gens est immoral.	趁人之危牟利是不道德的。
immoral	Il trouve immoral de vendre des médicaments à des prix exorbitants.	他认为把药卖出天价有违道德。
immoral	Cette pratique autrefois banale nous paraît aujourd'hui immorale.	这套做法当年司空见惯，如今看来很不道德。
impact	La crise a eu un impact direct sur nos ventes.	危机直接冲击了我们的销售。
impact	Il faut réduire l'impact environnemental du bâtiment.	必须减少这栋建筑对环境的影响。
impact	L'impact de la balle a fissuré le pare-brise.	球撞在挡风玻璃上，把它撞裂了。
impasse	La voiture s'est engagée par erreur dans une impasse.	汽车误闯进了一条死胡同。
impasse	Les négociations sont dans une impasse depuis des mois.	谈判僵持了好几个月。
impasse	Toute la rue débouche sur une impasse derrière la gare.	整条街到车站后面就成了断头路。
impatience	Elle attend l'arrivée de son frère avec une impatience visible.	她满脸急切地等着哥哥到来。
impatience	Son impatience grandit à chaque minute d'attente dans la salle d'embarquement.	在候机厅里，每多等一分钟她的急躁就多一分。
impatience	Il ne cache plus son impatience depuis que le train a pris du retard.	火车晚点之后，他已经掩饰不住自己的不耐烦了。
impatient	Les enfants sont impatients d'ouvrir leurs cadeaux.	孩子们迫不及待想拆礼物。
impatient	Il commence à s'impatienter dans la file d'attente.	排队时他开始不耐烦了。
impatient	Je suis impatiente de lire ton roman.	我急着想读你的小说。
impeccable	Son français est impeccable après deux ans à Paris.	在巴黎待了两年，他的法语无可挑剔。
impeccable	L'hôtel était impeccable : chambre propre et accueil chaleureux.	酒店无可挑剔：房间干净，接待热情。
impeccable	Arrive à l'heure et avec une tenue impeccable.	要准时到场，衣着也要整洁得体。
implant	Son implant cochléaire lui a rendu une partie de l'audition.	人工耳蜗让他恢复了一部分听力。
implant	Le dentiste pose un implant en titane à la place de la molaire.	牙医在臼齿的位置种了一颗钛种植体。
implant	Les implants modernes durent plus de quinze ans.	现代种植体能用十五年以上。
implication	Son implication dans le scandale a surpris tout le cabinet.	他卷入丑闻让整个事务所大吃一惊。
implication	Je mesure enfin les implications de cette décision.	我现在才明白这个决定的种种影响。
implication	Malgré son implication prouvée, il continue de nier.	尽管涉案证据确凿，他仍在否认。
importance	Ce dossier est d'une grande importance pour l'avenir de l'entreprise.	这份文件对公司的未来非常重要。
importance	Elle attache beaucoup d'importance aux repas pris en famille.	她非常重视一家人一起吃饭。
importance	Personne n'a encore mesuré toute l'importance de cette découverte.	还没有人意识到这项发现有多重要。
important	C'est important de bien dormir avant un examen.	考试前睡好觉很重要。
important	Ce contrat est très important pour notre entreprise.	这份合同对我们公司来说非常重要。
important	L'important, c'est de participer, pas de gagner.	重要的是参与，而不是取胜。
importer	Peu importe le prix, l'essentiel est que la chaise soit solide.	价钱无所谓，关键是这把椅子要结实。
importer	Ce qui importe vraiment, c'est que tout le monde rentre sain et sauf.	真正要紧的是每个人都平安回家。
importer	La France importe la moitié de son énergie de l'étranger.	法国一半的能源靠从国外进口。
impossible	C'est impossible de finir tout ce travail avant ce soir.	今天晚上之前做完这些活儿，根本不可能。
impossible	Sans invitation, il est impossible d'entrer dans la salle.	没有请柬，就进不了那个会场。
impossible	Trouver une place de parking ici, c'est mission impossible.	想在这儿找到车位，简直是件不可能完成的任务。
impression	J'ai l'impression qu'il ne nous dit pas tout.	我总觉得他没把话说完。
impression	La première impression compte beaucoup en entretien.	面试时第一印象很重要。
impression	Sous l'impression d'être suivi, il a changé de trottoir.	感觉像是被人跟踪，他换到了对面人行道。
improbable	Une rencontre improbable a réuni ces deux écrivains à Lisbonne.	一场离奇的相遇让两位作家在里斯本相逢。
improbable	Il est improbable que le vol décolle à l'heure avec ce brouillard.	大雾之下，航班准点起飞的可能性很小。
improbable	Son scénario repose sur des coïncidences improbables.	他的剧本全靠不太可能的巧合支撑。
imprudent	Doubler à cet endroit est vraiment imprudent.	在这里超车实在太冒险。
imprudent	Il a été imprudent de publier ces photos sans accord.	未经同意就发布这些照片很轻率。
imprudent	Une déclaration imprudente a suffi pour froisser nos partenaires.	一句欠考虑的话就足以得罪合作伙伴。
impuissance	Il a vécu ce naufrage dans une rageuse impuissance.	他眼睁睁看着沉船，满腔无奈。
impuissance	Face à la vague de démissions, le comité avoue son impuissance.	面对辞职潮，委员会承认无能为力。
impuissance	Le sentiment d'impuissance est le pire dans ce métier.	干这行最难受的就是那种无力感。
impuissant	Assis sur le quai, il se sentait impuissant face au départ du train.	他坐在站台上，对列车的远去无能为力。
impuissant	Les pompiers restèrent impuissants devant la propagation des flammes.	火势蔓延，消防员束手无策。
impuissant	Ne reste pas impuissant, appelle les secours tout de suite !	别干等着，赶紧打求救电话！
impulsion	Le nouveau directeur a donné une impulsion forte aux ventes.	新经理给销售带来了强劲的推动。
impulsion	L'État finance ce projet pour donner une impulsion à la recherche.	国家出资支持，为研究注入动力。
impulsion	Le plongeur prend son impulsion sur le bord de la piscine.	跳水的人蹬着泳池边起跳。
inacceptable	Un tel retard sans prévenir est inacceptable.	这样迟到还不打招呼，实在不能接受。
inacceptable	Elle a trouvé ce comportement inacceptable et est partie.	她认为这种行为不可容忍，转身就走了。
inacceptable	Ces prix sont tout simplement inacceptables.	这个价格简直高得离谱，无法接受。
inaccessible	Le sommet reste inaccessible en hiver.	这座山峰冬季无法攀登。
inaccessible	Sans mot de passe, ce fichier reste inaccessible.	没有密码，这个文件无法打开。
inaccessible	Son chef paraît inaccessible, toujours enfermé dans son bureau.	他的上司显得难以接近，总是关在办公室里。
inadmissible	Un retard de trois heures sans excuse, c'est inadmissible !	无缘无故迟到三个小时，简直离谱！
inadmissible	Le juge a jugé ces conditions de travail inadmissibles.	法官认定这些劳动条件不可容忍。
inadmissible	Une telle erreur serait inadmissible dans un hôpital.	在医院里出这种错是绝对不能接受的。
inaudible	Sa voix est restée inaudible pendant tout l'entretien.	整场面谈他的声音都小得听不清。
inaudible	L'annonce était inaudible à cause des klaxons.	因为汽车喇叭声，广播根本听不见。
inaudible	Parle plus fort, tu es inaudible au fond de la salle !	大点声，礼堂后排根本听不到你！
inauguration	L'inauguration du pont attire une foule considérable.	大桥落成典礼吸引了大批民众。
inauguration	Le maire a assisté à l'inauguration de la médiathèque.	市长出席了多媒体图书馆的开幕仪式。
inauguration	Pour l'inauguration de la boutique, le champagne coulera à flots.	店铺开业那天，香槟会敞开供应。
incapable	Face à cette panne, je me suis senti incapable de réagir.	面对这个故障，我完全不知道该怎么办。
incapable	Il est incapable de dire non à ses enfants.	他没法拒绝自己的孩子。
incapable	Sans son ordinateur, elle se sent incapable de travailler.	没有电脑，她觉得自己根本没法工作。
incertitude	Il traverse cette période d'incertitude avec beaucoup de courage.	他鼓起勇气熬过这段前途未卜的日子。
incertitude	L'incertitude du lendemain pèse sur les familles.	明天的不确定压得家家户户喘不过气。
incertitude	Elle a répondu avec une certaine incertitude dans la voix.	她回答时声音里带着几分迟疑。
incident	Un incident technique a retardé le décollage.	一个技术故障推迟了起飞。
incident	Le match a été interrompu après un incident entre les supporters.	球迷之间发生冲突后，比赛被迫中断。
incident	Rien à signaler, si ce n'est un incident mineur au parking.	没什么可报告的，只是停车场出了点小状况。
incision	Le chirurgien pratique une petite incision sous la cage thoracique.	外科医生在胸腔下方开了一个小切口。
incision	L'incision a cicatrisé en moins de deux semaines.	刀口不到两周就愈合了。
incision	On aperçoit une fine incision sur l'écorce de l'arbre.	树皮上能看到一道细细的切口。
incorrect	Ta réponse est incorrecte, relis bien la deuxième ligne.	你的答案不对，把第二行再读一遍。
incorrect	Il est incorrect de parler la bouche pleine à table.	嘴里含着饭说话不礼貌。
incorrect	Le correcteur a signalé deux chiffres incorrects dans mon calcul.	批改的人指出我的计算里有两个数字错了。
incurable	Son optimisme incurable remonte le moral de tout le service.	他那没药救的乐观劲儿鼓舞了整个部门。
incurable	La maladie s'est révélée incurable malgré les traitements.	尽管一直治疗，病还是治不好。
incurable	C'est un romantique incurable qui écrit des poèmes chaque soir.	他是个无可救药的浪漫派，每晚都写诗。
index	Consulte l'index en fin de volume pour retrouver le chapitre.	查卷末索引就能找到那一章。
index	Elle lève l'index pour demander la parole.	她竖起食指要求发言。
index	Il s'est brûlé l'index en sortant le plat du four.	从烤箱端菜时他烫伤了食指。
indication	Suis les indications du panneau jusqu'au parking.	按指示牌的指引一直开到停车场。
indication	Le médecin vous donnera toutes les indications nécessaires.	医生会告诉你所有必要的注意事项。
indication	Son sourire était une bonne indication de son humeur.	他的微笑清楚地透露了他的心情。
indispensable	Une bonne nuit de sommeil est indispensable avant l'examen.	考试前一晚睡好觉必不可少。
indispensable	Ce dictionnaire est indispensable pour tout étudiant en langue.	这本词典是每个语言学习者的必备品。
indispensable	Ta présence est indispensable à la réunion de lundi.	周一的会议你必须到场。
indulgence	Montre un peu d'indulgence, c'est sa première journée.	宽容点吧，这是他上班第一天。
indulgence	Le jury a fait preuve d'indulgence envers le jeune patineur.	评委对年轻的滑冰选手网开一面。
indulgence	Il réclame plus d'indulgence pour les erreurs de jeunesse.	他呼吁对年轻时的过错多些宽厚。
indulgent	Ce professeur est indulgent avec les retardataires.	这位老师对迟到的人很宽容。
indulgent	Elle n'est pas très indulgente envers elle-même.	她对自己并不太宽容。
indulgent	Soyons indulgents, il débute tout juste dans le métier.	我们宽容些吧，他刚入行。
inestimable	Ce manuscrit a une valeur inestimable pour les historiens.	这份手稿对历史学家来说价值无法估量。
inestimable	Votre aide m'a été d'un secours inestimable.	你的帮助对我弥足珍贵。
inestimable	Le musée assure des œuvres d'une valeur inestimable.	博物馆为价值连城的艺术品上了保险。
inexplicable	Sa disparition demeure inexplicable.	他的失踪至今无法解释。
inexplicable	Il éprouve une frayeur inexplicable devant les ascenseurs.	他一见到电梯就莫名恐惧。
inexplicable	Pour une raison inexplicable, ce village échappe aux orages.	不知什么原因，这个村庄总是躲过雷暴。
infantile	Ces rires infantiles traversent le couloir de la maternelle.	幼儿园走廊里传来稚嫩的笑声。
infantile	Quitter l'équipe pour un oui ou pour un non, c'est infantile.	说翻脸就翻脸退出团队，太幼稚了。
infantile	Une maladie infantile comme la scarlatine se soigne bien aujourd'hui.	猩红热这类幼儿疾病如今很好治。
infect	Il fait un temps infect depuis lundi.	从周一起天气就一直糟透了。
infect	Une odeur infecte flotte au-dessus des poubelles.	垃圾箱上方飘着一股恶臭。
infect	La cantine sert une soupe d'un goût infect.	食堂的汤难喝得要命。
infection	Cette plaie mal désinfectée a causé une infection.	这处伤口消毒不彻底，引发了感染。
infection	Le médecin prescrit des antibiotiques contre l'infection.	医生开了抗生素来治疗感染。
infection	L'hôpital a renforcé ses protocoles contre les infections.	医院强化了防控感染的规程。
infernal	Le trafic est infernal sur la rocade en heure de pointe.	高峰时段环路的交通让人抓狂。
infernal	Ce vacarme infernal m'empêche de me concentrer.	这地狱般的噪音让我无法集中精神。
infernal	Ils ont grimpé sous un soleil infernal jusqu'au refuge.	他们在毒辣的日头下一直爬到山间小屋。
influence	La publicité a une forte influence sur les enfants.	广告对小孩子的影响很大。
influence	Sous l'influence de son nouvel ami, il a changé de style.	受新朋友的影响，他换了风格。
influence	Ce professeur a exercé une influence durable sur sa façon d'écrire.	这位老师对他写作方式的影响很深远。
influent	C'est un journaliste très influent dans les milieux politiques.	这位记者在政界很有影响力。
influent	Elle est devenue une voix influente du syndicat.	她成了工会里举足轻重的声音。
influent	Un actionnaire influent a bloqué le projet de fusion.	一位有分量的股东否决了合并计划。
info	J'ai une info à te donner : le concert de samedi est annulé.	告诉你个消息：周六的音乐会取消了。
info	Regarde les infos ce soir, il va encore pleuvoir sur la région.	今晚看看新闻，这一地区又要下雨了。
info	La rumeur a circulé avant que l'info officielle ne soit publiée.	官方消息发布之前，谣言已经传开了。
information	Merci pour cette information, elle m'a été très utile.	谢谢你提供的信息，帮了我大忙。
information	Le service client demande des informations sur la commande.	客服索要订单的相关信息。
information	Il a refusé de donner des informations à la police.	他拒绝向警方提供情况。
informer	Je vous informe que le magasin fermera plus tôt ce soir.	我通知您，商店今晚提早关门。
informer	Informe-moi dès que tu as du nouveau sur le déménagement.	搬家有新消息就马上告诉我。
informer	Les parents ont été informés du changement d'horaire par courriel.	学校已通过电子邮件告知家长时间调整。
infraction	Stationner ici constitue une infraction au code de la route.	在这儿停车违反交通法规。
infraction	Il a écopé d'une amende pour une simple infraction.	他因一次轻微违章被罚款。
infraction	Aucune infraction n'a été relevée lors du contrôle.	检查中没有发现任何违法行为。
initial	Le plan initial prévoyait trois salles, pas deux.	最初的方案规划的是三个厅，不是两个。
initial	Son enthousiasme initial s'est vite éteint.	他最初的热情很快就熄灭了。
initial	Le devis initial a doublé en cours de chantier.	施工过程中，最初的报价翻了一倍。
initiative	L'association a lancé une initiative pour nettoyer la plage.	协会发起了一项清理海滩的倡议。
initiative	C'est à toi de prendre l'initiative de t'excuser.	该由你主动去道歉。
initiative	De sa propre initiative, il a réparé la clôture.	他自作主张把围栏修好了。
injection	Le vaccin se fait en une seule injection.	这种疫苗只需注射一针。
injection	L'infirmière lui a fait une injection dans le bras.	护士在他的手臂上打了一针。
injection	La voiture a un problème d'injection.	这辆车喷油系统出了故障。
injure	Il a proféré des injures contre l'arbitre.	他对裁判破口大骂。
injure	Répondre aux injures par le silence est souvent plus fort.	面对辱骂，沉默往往更有力。
injure	Une injure en pleine rue peut coûter une amende.	在大街上骂人可能被罚款。
injustice	Cette injustice restera gravée dans la mémoire de la famille.	这桩冤屈将永远刻在全家的记忆里。
injustice	Il lutte contre l'injustice sociale depuis vingt ans.	二十年来他一直在与社会不公作斗争。
injustice	Quelle injustice de punir tout le groupe pour un seul !	因一个人连累全组受罚，太不公平了！
innocence	L'enquête a fini par prouver son innocence.	调查最终证明了他的清白。
innocence	Il clame son innocence depuis le premier jour.	从第一天起他就坚称自己无辜。
innocence	Le sourire d'innocence du bébé a fait fondre sa grand-mère.	婴儿天真的笑容融化了奶奶的心。
innocent	Le tribunal a reconnu l'accusé innocent après vérification.	经过核实，法庭认定被告无罪。
innocent	Ce bébé au regard innocent ne comprend rien à la dispute.	这个眼神天真的小宝宝完全不懂大人在吵什么。
innocent	Elle a posé une question toute innocente : pourquoi le ciel est bleu ?	她天真地问了个问题：天为什么是蓝的？
insatiable	Cet investisseur insatiable veut toujours plus de rendement.	这个贪得无厌的投资人总想要更高回报。
insatiable	Elle est insatiable de récits d'aventures.	她对冒险故事百听不厌。
insatiable	Sa curiosité insatiable le pousse à apprendre trois langues.	永不满足的好奇心促使他学三门语言。
inscription	La date limite d'inscription est le 30 juin.	报名截止日期是六月三十日。
inscription	L'inscription gravée sur la pierre est presque illisible.	石头上刻的题词几乎看不清了。
inscription	Il a confirmé son inscription à la bibliothèque municipale.	他确认了市图书馆的注册。
insensible	Il est resté insensible aux critiques de la presse.	他对媒体的批评无动于衷。
insensible	Ses doigts sont restés insensibles après des heures dans le froid.	在冰天雪地里泡了几小时，手指失去了知觉。
insensible	Rien ne la laisse insensible, elle pleure à chaque film.	她什么都动情，看什么电影都哭。
insolence	Son insolence envers le proviseur lui a valu une retenue.	他对校长出言不逊，被罚留校。
insolence	Il répond avec une insolence calculée aux questions gênantes.	面对难堪的问题，他回敬以有备而来的放肆。
insolence	Cette insolence de jeunesse finit par charmer le vieux professeur.	这股少年人的傲气最后竟打动了老教授。
insolent	Un élève insolent a répondu à la maîtresse devant tous.	一个无礼的学生当众顶撞了老师。
insolent	Son sourire insolent cache une vraie générosité.	他那副狂放的笑容下藏着真心实意的慷慨。
insolent	Ne prends pas ce ton insolent avec moi !	别用这种傲慢的口气跟我说话！
insouciant	Des enfants insouciants jouent au ballon sur la plage.	无忧无虑的孩子们在海滩上踢球。
insouciant	Il traverse les examens avec un air insouciant.	他一副若无其事的样子去应付考试。
insouciant	Elle était insouciante avant cette année difficile.	在这艰难的一年之前，她活得无忧无虑。
inspection	L'usine se prépare à l'inspection annuelle.	工厂正在为年度检查做准备。
inspection	Une inspection rapide du toit a révélé des tuiles fissurées.	对屋顶的快速检查发现了开裂的瓦片。
inspection	L'inspection des bagages a pris du retard.	行李检查耽搁了时间。
inspiration	J'ai trouvé l'inspiration en marchant au bord de la mer.	在海边散步时，我找到了灵感。
inspiration	Prends une profonde inspiration avant de plonger.	跳水之前先深深吸一口气。
inspiration	Ce peintre s'inspire des paysages de Provence.	这位画家的创作灵感来自普罗旺斯的风景。
installation	L'installation du chauffage est prévue la semaine prochaine.	暖气安装定在下周。
installation	Les installations sportives ouvrent à huit heures.	体育设施八点开放。
installation	Son installation dans le nouvel appartement s'est bien passée.	他搬进新公寓的安置过程很顺利。
installer	Le technicien installe la fibre dans tout le bâtiment.	技术员正在给整栋楼安装光纤。
installer	Nous nous sommes installés près de la cheminée pour dîner.	我们挨着壁炉坐下吃晚饭。
installer	Il faut installer une alarme avant de partir en vacances.	度假出发之前得装个警报器。
instant	Attends un instant, je finis mon message et j'arrive.	稍等片刻，我把消息发完就来。
instant	Il a hésité un instant avant d'accepter l'invitation.	他犹豫了一下才接受邀请。
instant	En un instant, le ciel s'est couvert et l'orage a éclaté.	转眼间天色一暗，暴风雨来了。
instinct	Par instinct, le chat s'est mis à l'abri avant l'orage.	凭着本能，猫在暴风雨来临前躲了起来。
instinct	Elle suit son instinct et refuse l'offre.	她听从直觉，拒绝了这份报价。
instinct	L'instinct maternel est puissant chez cette espèce.	这个物种的母性本能很强。
institution	Cette université est une institution respectée depuis deux siècles.	这所大学两百年来一直备受尊崇。
institution	Le mariage reste une institution importante dans cette région.	在这一地区，婚姻仍是一项重要的制度。
institution	De nouvelles institutions financières s'installent dans le quartier.	一些新的金融机构正在进驻这个街区。
instruction	Lis attentivement les instructions avant de monter l'étagère.	组装书架前，仔细阅读说明书。
instruction	L'instruction est obligatoire jusqu'à seize ans.	十六岁之前必须接受教育。
instruction	L'instruction du dossier avance lentement.	案卷的调查进展缓慢。
instrument	Elle joue de trois instruments : le piano, la flûte et le violon.	她会三种乐器：钢琴、长笛和小提琴。
instrument	Le pilote vérifie tous les instruments avant le décollage.	起飞前，飞行员要检查所有仪表。
instrument	Ce microscope est un instrument précieux au laboratoire.	这台显微镜是实验室里很贵重的仪器。
insupportable	Cette chaleur est insupportable sans climatiseur.	没有空调，这种热天简直没法忍受。
insupportable	Il devient insupportable quand il perd.	他输的时候特别讨人厌。
insupportable	Le bruit des travaux est devenu insupportable.	施工噪音已经让人无法忍受。
intact	Le colis est arrivé intact malgré la grève.	尽管赶上罢工，包裹仍完好送达。
intact	Sa réputation reste intacte après ce scandale.	这场风波过后，他的名誉丝毫未损。
intact	Les fresques sont intactes depuis quatre siècles.	这些壁画四个世纪以来保存完好。
intelligence	Il résout les problèmes avec une intelligence remarquable.	他以过人的智慧解决问题。
intelligence	L'intelligence artificielle transforme déjà nos métiers.	人工智能已经在改变我们的职业。
intelligence	L'intelligence des corbeaux surprend les chercheurs.	乌鸦的智力让研究人员惊讶。
intelligent	C'est un élève intelligent qui pose beaucoup de questions.	他是个聪明的学生，总爱提问题。
intelligent	Ta remarque est très intelligente, je n'y avais pas pensé.	你这个意见很有见地，我之前都没想到。
intelligent	Ce chien comprend vite, il est vraiment intelligent.	这只狗理解得很快，真是聪明。
intense	Une émotion intense l'a envahie devant la mer.	面对大海，一股强烈的情绪涌上她的心头。
intense	Ce stage propose un rythme intense de huit heures par jour.	这个培训课程强度很大，每天八小时。
intense	Le débat a été intense mais courtois.	辩论十分激烈，但仍不失风度。
intention	Je n'ai aucune intention de te vexer.	我完全没有惹你生气的意思。
intention	Elle a l'intention de reprendre ses études.	她打算重新读书。
intention	Il nous a fait part de ses bonnes intentions.	他向我们表明了善意。
intercepter	Le gardien a intercepté le ballon au nez de l'attaquant.	守门员在进攻队员眼前把球截了下来。
intercepter	La police a intercepté la voiture sur l'autoroute.	警察在高速公路上拦下了那辆车。
intercepter	Le missile a été intercepté au-dessus de la mer.	导弹在海上空被拦截。
interdiction	L'interdiction de fumer s'applique aussi aux terrasses.	禁烟令同样适用于露天座位。
interdiction	Il a contesté son interdiction de stade.	他对禁入球场的处罚提出申诉。
interdiction	Un panneau annonce l'interdiction de camper sur la plage.	牌子写着禁止在海滩露营。
interminable	La file d'attente paraît interminable devant le guichet.	窗口前的队伍长得望不到头。
interminable	Ce discours interminable a épuisé toute la salle.	这场冗长的讲话把全场都拖垮了。
interminable	L'hiver a été interminable cette année dans le nord.	今年北方的冬天没完没了。
international	L'aéroport international accueille des vols venus du monde entier.	这座国际机场接纳来自世界各地的航班。
international	Ce traité international protège les océans de la surpêche.	这项国际条约保护海洋免受过度捕捞。
international	Le tournoi attire des équipes de réputation internationale.	这项锦标赛吸引了具有国际声誉的队伍。
interne	Ce problème est interne à l'entreprise.	这个问题属于公司内部事务。
interne	La réforme touche les affaires internes du syndicat.	改革涉及工会的内部事务。
interne	C'est l'interne de garde qui a répondu en pleine nuit.	深夜里是值班的实习医生接的电话。
interrogation	Le professeur a annoncé une interrogation écrite pour lundi.	老师宣布周一有小测验。
interrogation	Après trois heures d'interrogation, le suspect a fini par parler.	审讯三小时后，嫌疑人终于开口了。
interrogation	Le silence qui a suivi sa question traduisait une totale interrogation.	他的提问之后一片沉默，满是困惑。
interruption	Une panne a causé l'interruption du service.	一起故障导致服务中断。
interruption	Après une courte interruption, la réunion a repris.	短暂中断之后，会议继续进行。
interruption	Il redoute l'interruption de son contrat en fin de mois.	他担心月底合同会被中止。
intervention	Son intervention en réunion a débloqué la situation.	他在会上的发言打破了僵局。
intervention	Une intervention chirurgicale est prévue jeudi.	手术定在周四。
intervention	L'intervention des pompiers a duré trois heures.	消防员的救援行动持续了三个小时。
intrigue	L'intrigue du film se noue autour d'un héritage.	电影的情节围绕一笔遗产展开。
intrigue	Une intrigue palatiale a précipité la chute du ministre.	一场宫廷阴谋加速了那位大臣的倒台。
intrigue	Le polar multiplie les intrigues secondaires.	这部侦探小说的支线情节层出不穷。
intriguer	Son départ brusque intrigue toute l'équipe.	他的突然离开让全组人都摸不着头脑。
intriguer	Cette lettre anonyme m'intrigue depuis hier.	这封匿名信从昨天起就让我好奇。
intriguer	Les moteurs secrets du complot intriguaient les historiens.	阴谋背后的隐秘动机令历史学家着迷。
introduction	Relis l'introduction du mémoire, elle manque de clarté.	把论文的引言再改改，写得不够清楚。
introduction	L'introduction de l'euro a demandé des années de préparation.	欧元的引进经过了多年的准备。
introduction	Ce manuel sert d'introduction à la philosophie.	这本教材是哲学的入门读物。
intrusion	L'entreprise a subi une intrusion dans son réseau interne.	公司内网遭到了入侵。
intrusion	Il a dénoncé cette intrusion dans sa vie privée.	他控诉这种侵犯私生活的行为。
intrusion	Une intrusion nocturne a été filmée par la caméra du portail.	门禁摄像头拍下了夜里的闯入者。
intuition	Son intuition ne l'a jamais trompée.	她的直觉从没出过错。
intuition	J'ai l'intuition que quelque chose ne va pas.	我直觉有点不对劲。
intuition	Les grands chercheurs allient raisonnement et intuition.	伟大的研究者把推理和直觉结合起来。
inutile	Il est inutile de crier, personne n'entend.	喊也没用，没人听得见。
inutile	Cet achat s'est révélé totalement inutile.	这次购物证明完全是白花钱。
inutile	Toutes mes excuses semblaient inutiles.	我所有的道歉似乎都无济于事。
invasion	L'invasion de criquets a ravagé les champs.	蝗虫入侵毁掉了庄稼地。
invasion	Ce château a résisté à plusieurs invasions.	这座城堡抵挡过多次入侵。
invasion	L'invasion du canapé par les chats se répète chaque soir.	猫霸占沙发的入侵每晚都会上演。
invention	L'imprimerie est une invention majeure de l'humanité.	印刷术是人类的一项重大发明。
invention	Son histoire de pêche miraculeuse est une pure invention.	他那段神奇钓鱼的经历纯属编造。
invention	Ce gadget est la dernière invention de mon oncle.	这个小玩意是我叔叔的最新发明。
inverse	C'est exactement l'inverse.	事实恰恰相反。
inverse	Il est parti dans la direction inverse.	他朝相反的方向走了。
inverse	L'inverse se produit en hiver : les touristes repartent.	冬天情况正好倒过来，游客都走了。
investigation	L'équipe d'investigation remonte la piste du faux courtier.	调查组顺着假掮客的线索一路追查。
investigation	Une longue investigation a abouti à cette arrestation.	经过长期侦查，终于实施这次抓捕。
investigation	Les journalistes d'investigation publient leur dossier vendredi.	调查记者的专题报道周五见报。
invincible	Cette équipe paraît invincible depuis le début de la saison.	从赛季开始，这支队伍就势不可挡。
invincible	Il croyait son château invincible jusqu'à ce siège.	直到那次围城之前，他都以为自己的城堡固若金汤。
invincible	Sa bonne humeur reste invincible, même le lundi matin.	哪怕是周一早晨，他的好心情也无坚不摧。
invisible	À cette distance, la côte reste invisible.	距离这么远，海岸线还看不见。
invisible	Une encre invisible apparaît sous la lampe.	隐形墨水在灯下显出字来。
invisible	Son travail de l'ombre reste invisible pour le public.	他幕后的工作公众看不见。
invitation	Nous avons reçu une invitation au mariage de notre voisine.	我们收到了邻居婚礼的邀请。
invitation	Merci pour ton invitation au pique-nique de dimanche.	谢谢你邀请我参加周日的野餐。
invitation	Les invitations sont parties un mois à l'avance.	请帖提前一个月就发出去了。
inviter	Nous invitons les voisins pour un apéritif samedi soir.	星期六晚上我们请邻居们来喝一杯。
inviter	Elle m'invite à dîner chez elle ce vendredi.	这个星期五她请我去她家吃晚饭。
inviter	On t'invite à la fête de départ de Julien.	朱利安的欢送会邀请你参加。
iris	Des iris bleus bordent l'allée du jardin.	蓝色的鸢尾花沿花园小径盛开。
iris	L'iris de son œil vire au gris avec l'âge.	上了年纪，她的虹膜渐渐泛灰。
iris	Le peintre a fixé un iris violet dans un vase de grès.	画家把一朵紫鸢尾插在粗陶瓶里画了下来。
irruption	Son irruption en plein cours a fait rire toute la classe.	他突然闯进课堂，逗得全班大笑。
irruption	La police a fait irruption dans l'entrepôt à l'aube.	警察拂晓突袭了那座仓库。
irruption	L'irruption du portable a bouleversé nos habitudes.	手机的横空出世改变了我们的生活习惯。
islam	L'islam est la deuxième religion du pays.	伊斯兰教是该国的第二大宗教。
islam	Il étudie l'histoire de l'islam à l'université.	他在大学研究伊斯兰教历史。
islam	Ce musée présente les arts de l'islam classique.	这家博物馆展出了古典伊斯兰艺术。
issue	L'issue de secours est bloquée par des cartons.	安全出口被纸箱堵住了。
issue	Les négociations n'offrent plus aucune issue honorable.	谈判已经找不到体面的出路。
issue	Ils cherchent une issue au conflit depuis des mois.	几个月来他们一直在为冲突寻找出路。
jalousie	Sa jalousie a fini par lasser son mari.	她的妒忌最终让丈夫疲惫不堪。
jalousie	Entre les deux sœurs, la jalousie n'a jamais existé.	姐妹俩之间从来没有过妒忌。
jalousie	Devant le succès de son collègue, il cache mal sa jalousie.	面对同事的成功，他藏不住自己的妒忌。
jazz	Nous écoutons du jazz dans un club du quartier latin.	我们在拉丁区的一家俱乐部听爵士乐。
jazz	Elle adore le jazz manouche et ses improvisations à la guitare.	她喜欢吉普赛爵士和吉他即兴演奏。
jazz	Le festival de jazz attire des musiciens du monde entier.	爵士音乐节吸引了世界各地的乐手。
jean	Je mets mon jean préféré pour aller au cinéma.	我穿上最喜欢的牛仔裤去看电影。
jean	Un jean et un t-shirt blanc, c'est sa tenue de tous les jours.	牛仔裤配白T恤就是他每天的穿着。
jean	Ce jean est trop serré, il me faut une taille au-dessus.	这条牛仔裤太紧了，我得穿大一号的。
jeep	Ils ont traversé le désert en jeep.	他们开着吉普车穿越了沙漠。
jeep	Une jeep militaire est garée devant la mairie.	一辆军用吉普车停在市政厅前。
jeep	Le guide conduit une jeep décapotable pour le safari.	向导开着敞篷吉普车带人游猎观光。
jet	La fontaine lance un jet d'eau de dix mètres.	喷泉喷出十米高的水柱。
jet	Un jet de pierre sépare les deux maisons.	两座房子相距只有一箭之遥。
jet	Le jet de la cascade mouille la passerelle.	瀑布的水流溅湿了便桥。
job	Elle a trouvé un job d'été dans un camping près de la mer.	她在海边一个露营地找到了一份暑期工作。
job	Ce job me prend deux soirs par semaine, juste après les cours.	这份活儿每周占用我两个晚上，就在下课后。
job	Changer de job à quarante ans, ça fait vraiment réfléchir.	四十岁换工作，真得好好想想。
jogging	Il fait son jogging chaque matin avant le petit-déjeuner.	他每天早饭前去慢跑。
jogging	Mets ton jogging et tes baskets, on va à la salle de sport.	穿上运动裤和运动鞋，我们去健身房。
jogging	Un jogging de vingt minutes suffit pour se sentir mieux.	慢跑二十分钟就足以让人舒服些。
joint	Le plombier resserre le joint du robinet.	水管工把水龙头的接头拧紧了。
joint	Un joint défectueux laisse passer l'eau sous l'évier.	水槽下面有个坏掉的接缝在漏水。
joint	Il a enduit le joint de silicone avant de fixer la vitre.	他先给接缝打了密封胶，再固定玻璃。
joker	Il pose le joker et gagne la manche.	他打出鬼牌，赢下了这一局。
joker	Garde un joker pour la dernière question.	留一张王牌应对最后一题。
joker	Dans ce jeu, le joker remplace n'importe quelle carte.	在这个游戏里，鬼牌可以代替任何一张牌。
journal	Il lit son journal avec un café chaque matin.	他每天早上边喝咖啡边看报纸。
journal	Elle consigne ses idées dans un journal intime.	她把自己的想法写进私人日记里。
journal	Ce journal paraît six fois par semaine.	这份报纸每周出六期。
jungle	Les explorateurs ont avancé lentement dans la jungle humide.	探险队员在潮湿的丛林中缓慢前行。
jungle	Cette ville est une jungle pour qui n'a pas de contacts.	对没有门路的人来说，这座城市就是一片丛林。
jungle	Le film se déroule dans la jungle amazonienne.	影片的故事发生在亚马孙丛林。
junior	Elle vient d'être embauchée comme développeuse junior.	她刚被录用为初级开发员。
junior	Ce tournoi junior réunit les meilleurs jeunes de la région.	这项青年组比赛汇集了本地区最优秀的年轻选手。
junior	Mon frère court en catégorie junior depuis septembre.	我弟弟从九月起参加青年组比赛。
junkie	Ce parc est fréquenté la nuit par des junkies.	夜里常有毒瘾患者出没这座公园。
junkie	Il a décroché après dix ans de junkie.	沉沦十年之后，他终于戒了毒。
junkie	Le junkie cherche sa dose au petit matin.	天刚亮，瘾君子就在找他的毒品。
jury	Le jury a délibéré trois heures.	评审团商议了三个小时。
jury	Le jury du prix a salué l'originalité du film.	评奖团称赞了这部影片的独创性。
jury	Devant le jury, elle a soutenu sa thèse sans trembler.	面对答辩委员会，她毫不发抖地完成了论文答辩。
justice	Il demande justice pour son frère.	他要为弟弟讨回公道。
justice	La justice a tranché en faveur du locataire.	法院最终判房客胜诉。
justice	Rendre la justice exige de l'impartialité.	主持正义需要不偏不倚。
justifier	Rien ne justifie une telle violence.	任何理由都不能为这样的暴力开脱。
justifier	Il doit justifier son retard auprès du chef.	他得向老板解释迟到的原因。
justifier	Elle a justifié chaque dépense sur la facture.	她为账单上的每笔开支都说明了用途。
karma	Selon le karma, chaque acte finit par revenir.	按因果的说法，所作所为终有报应。
karma	Il croit que son mauvais karma l'a suivi jusqu'ici.	他觉得自己的霉运是业报缠身。
karma	Aide les autres et ton karma s'améliorera.	多帮助别人，你的福报自然增长。
ketchup	Mets un peu de ketchup avec tes frites.	薯条配点番茄酱吧。
ketchup	Il n'y a plus de ketchup dans le placard de la cuisine.	厨房柜子里已经没有番茄酱了。
ketchup	Les enfants arrosent tout de ketchup, même le riz.	孩子们什么都浇番茄酱，连米饭都不放过。
kid	Ce kid vole la vedette aux adultes.	这小家伙抢尽了大人们的风头。
kid	Les kids du quartier se retrouvent au skatepark.	街区的孩子们在滑板场聚齐。
kid	Un kid de dix ans a tiré son petit frère de l'eau.	一个十岁的小孩把弟弟从水里拉了上来。
kidnapper	Le gang projetait de kidnapper l'héritier.	这伙歹徒曾密谋绑架继承人。
kidnapper	Ils ont kidnappé le fils du notaire pendant la nuit.	夜里他们绑架了公证人的儿子。
kidnapper	Kidnapper une star, quel plan absurde !	绑架明星？这主意真荒唐！
kidnapping	Le kidnapping a choqué tout le pays.	这起绑架案震动了全国。
kidnapping	Ce reportage revient sur le kidnapping de 1998.	这篇报道回顾了1998年的绑架案。
kidnapping	L'assureur refuse de couvrir les risques de kidnapping à l'étranger.	保险公司拒绝承保国外的绑架风险。
kilo	J'achète un kilo de pommes au marché.	我在集市买了一公斤苹果。
kilo	Il a perdu trois kilos depuis le printemps.	从春天开始他瘦了三公斤。
kilo	Ce colis pèse exactement cinq kilos.	这个包裹正好重五公斤。
kit	Ce kit contient tout pour réparer la chambre à air.	这套工具包里修内胎的东西一应俱全。
kit	Elle a acheté un kit de poterie pour débutants.	她买了一套陶艺新手套装。
kit	Le meuble arrive en kit avec la notice.	家具以散件套装形式送达，附有说明书。
labourer	Le fermier laboure le champ avant les semis de printemps.	农夫在春播前翻耕田地。
labourer	On laboure encore ces coteaux à l'ancienne, avec des chevaux.	这些坡地还沿用老法子，用马耕地。
labourer	Le tracteur laboure la parcelle en fin de journée.	傍晚时分，拖拉机在那块地上翻土。
laid	Ce pull est si laid que tout le monde le remarque.	这件毛衣丑得出奇，人人都注意到了。
laid	Ne dis pas que le cadeau est laid, ce n'est pas gentil.	别说人家送的礼物难看，这样不厚道。
laid	L'immeuble en béton paraît laid entre les maisons anciennes.	夹在老房子中间，那栋水泥楼显得很难看。
lame	La lame de ce couteau coupe net.	这把刀的刀刃切得很利落。
lame	Il a remplacé la lame de la scie.	他换了锯子的锯片。
lame	Attention, la lame du rasoir est toute neuve.	小心，剃刀的刀片是全新的。
lamentable	L'équipe a livré une prestation lamentable hier soir.	昨晚球队的表现惨不忍睹。
lamentable	Ils vivent dans des conditions lamentables depuis l'incendie.	火灾之后，他们的居住条件一塌糊涂。
lamentable	Un service aussi lamentable mérite une réclamation.	服务糟糕到这个地步，值得投诉。
lance	Le cavalier brandit sa lance avant la charge.	骑士冲锋前高举长矛。
lance	Les gardes tendent leurs lances devant la porte du palais.	卫兵们在宫门前挺矛而立。
lance	Il a transpercé la cible du premier coup de lance.	他一矛就刺穿了靶子。
lard	Fais revenir des lardons avec les pommes de terre.	把培根丁和土豆一起炒一下。
lard	La quiche lorraine se prépare avec de la crème et du lard.	洛林咸派要用奶油和培根来做。
lard	Il n'aime pas le lard trop grillé.	他不喜欢烤得太焦的培根。
large	Cette rue est assez large pour laisser passer deux voitures.	这条街够宽，能容两辆车通过。
large	Le fleuve fait presque un kilomètre de large à cet endroit.	河在这里宽得差不多有一公里。
large	Elle porte une chemise large et confortable pour peindre.	她画画时穿着一件宽松舒服的衬衫。
laser	Le chirurgien opère désormais au laser, sans grande cicatrice.	如今外科医生用激光做手术，几乎不留疤。
laser	Une imprimante laser coûte plus cher mais dure longtemps.	激光打印机贵一些，但用得久。
laser	Le spectacle son et laser raconte l'histoire du château.	这场声光秀讲述这座城堡的历史。
lavage	Le lavage des vitres est prévu jeudi.	擦玻璃安排在周四。
lavage	Ce tissu supporte un lavage à trente degrés.	这种面料可以用三十度水温洗涤。
lavage	Il a emmené la voiture au lavage.	他把车送去洗车房了。
lave	La lave du volcan coule lentement vers la mer.	火山的熔岩缓缓流向大海。
lave	Sous la croûte refroidie, la lave reste incandescente.	冷却的外壳下，熔岩仍然炽热通红。
lave	Les coulées de lave ont figé les anciens vignobles.	熔岩流凝固了古老的葡萄园。
laver	Lave tes mains avant de manger, s'il te plaît.	请吃饭前洗洗手。
laver	Je lave la voiture tous les samedis matins.	我每周六上午洗车。
laver	Elle a lavé le linge hier soir.	她昨晚洗了衣服。
leader	Ce magasin est le leader du marché du meuble.	这家商店是家具市场的领跑者。
leader	Elle est devenue leader de son équipe en un an.	一年之内她成了团队的领头人。
leader	Le leader du peloton a sprinté à trois cents mètres de l'arrivée.	车队领先者在距终点三百米处开始冲刺。
lecture	Elle consacre une heure par jour à la lecture.	她每天留出一小时来阅读。
lecture	La lecture du contrat m'a pris tout l'après-midi.	读完合同花了我一下午。
lecture	Ce manuel de lecture aide les enfants à progresser vite.	这本阅读教材帮孩子们进步很快。
lent	Ce vieil ordinateur est lent au démarrage.	这台旧电脑开机很慢。
lent	L'escargot est lent, mais il finit toujours par arriver.	蜗牛虽慢，最后总能到达。
lent	Le service était si lent que nous avons quitté le restaurant.	服务太慢了，我们干脆离开了那家餐厅。
lever	Levez la main si vous avez une question.	有问题请举手。
lever	Le soleil se lève à six heures en été.	夏天太阳六点升起。
lever	Elle a levé les yeux vers le ciel étoilé.	她抬起头望着满天的星星。
liaison	La liaison ferroviaire entre les deux villes rouvre en mai.	两城之间的铁路交通五月重新开通。
liaison	Il assure la liaison entre la direction et les ateliers.	他负责管理层和车间之间的联络。
liaison	Leur liaison a alimenté les commérages du village.	他们的私情成了村里的谈资。
licence	Il a validé sa licence d'histoire en trois ans.	他用三年拿到了历史学学士学位。
licence	Ta licence de pilote doit être renouvelée.	你的飞行执照需要换新了。
licence	Renouvelle ta licence de tennis avant le tournoi.	锦标赛前记得续办网球会员资格。
lien	Ce lien mène vers une vidéo de recette.	这个链接指向一个做菜的教程视频。
lien	Un lien solide s'est créé entre les deux voisins.	两位邻居之间结下了深厚的情谊。
lien	Les chercheurs ont trouvé un lien entre le sommeil et la mémoire.	研究人员发现了睡眠和记忆之间的联系。
lier	Il faut lier fermement les deux bouts de la corde.	必须把绳子的两端牢牢系在一起。
lier	Lier sa vie à celle de quelqu'un demande du courage.	把自己的生活和另一个人绑在一起需要勇气。
lier	Avant de lier le paquet, vérifie l'adresse.	捆包裹之前，先核对一下地址。
lieu	Le mariage aura lieu en plein air, près de la rivière.	婚礼将在河边露天举行。
lieu	La réunion change de lieu, rendez-vous en salle deux.	会议换了地点，改到二号会议室碰头。
lieu	Aucun lieu ne lui semble aussi paisible que ce village.	在他看来，没有哪个地方比这个村子更宁静。
lieutenant	Le lieutenant a dirigé l'évacuation avec calme.	中尉沉着地指挥了撤离。
lieutenant	Il est entré à l'école des officiers pour devenir lieutenant.	他考进军官学校，想当上中尉。
lieutenant	Sous les ordres du lieutenant, la section a tenu la position.	在中尉的指挥下，这个排守住了阵地。
light	Ce soda light contient moins de sucre.	这款轻卡汽水含糖更少。
light	Elle préfère une mayonnaise light pour la salade.	拌沙拉她更喜欢用低脂蛋黄酱。
light	La version light de ce fromage goûte presque pareil.	这款低脂奶酪味道几乎一样。
lingerie	Elle a ouvert une boutique de lingerie rue des Lilas.	她在丁香街开了一家内衣店。
lingerie	La lingerie fine se lave à la main.	精细的内衣要手洗。
lingerie	Il a offert un coffret de lingerie pour l'anniversaire.	他送了一套内衣作生日礼物。
lion	Le lion rugit au fond de la savane.	狮子在草原深处吼叫。
lion	Au zoo, les enfants observent les lions pendant des heures.	在动物园，孩子们一连几小时观察狮子。
lion	Le lion est surnommé le roi des animaux.	狮子被称为百兽之王。
liqueur	Elle verse une goutte de liqueur dans le café.	她往咖啡里滴了一点利口酒。
liqueur	Cette liqueur de menthe se sert en digestif.	这种薄荷利口酒用作餐后酒。
liqueur	La grand-mère arrose sa génoise d'une liqueur d'orange.	祖母往海绵蛋糕上浇了橙味利口酒。
lit	Range ta chambre et fais ton lit.	收拾房间，把床铺好。
lit	Les chats dorment sur le lit toute la journée.	猫咪整天睡在床上。
lit	Je tombe de fatigue, je vais me mettre au lit.	我累坏了，这就上床睡觉。
litre	Achète un litre de lait, s'il te plaît.	请去买一升牛奶。
litre	Cette bouteille contient un litre et demi d'eau.	这个瓶子装一升半的水。
litre	La voiture consomme six litres aux cent kilomètres.	这辆车每百公里耗油六升。
live	L'album live du concert de Nîmes sort vendredi.	尼姆演唱会现场专辑周五发行。
live	Elle préfère les sessions live aux enregistrements de studio.	比起录音室版本，她更喜欢现场演出。
live	Un enregistrement live capte l'énergie de la salle.	现场录音能捕捉到全场的能量。
lobe	Le médecin observe le lobe frontal sur l'imagerie.	医生在影像上观察额叶。
lobe	Une boucle d'oreille pend de son lobe.	一只耳环垂在她的耳垂上。
lobe	Le lobe temporal gère une partie de la mémoire.	颞叶掌管着一部分记忆。
local	Ce fromage provient d'une ferme locale.	这种奶酪产自当地一家农场。
local	La mairie soutient les producteurs locaux.	市政府扶持本地生产者。
local	Ils cherchent un local pour leur atelier de céramique.	他们在找一个场地开办陶艺工作室。
location	La location d'une voiture coûte moins cher en septembre.	九月份租车要便宜一些。
location	Nous avons signé le contrat de location hier à l'agence.	我们昨天在中介签了租房合同。
location	L'agence de location de vélos ferme à dix-neuf heures.	自行车租车行晚上七点关门。
locomotive	La locomotive verte tire douze wagons pleins de charbon.	绿色火车头牵引着十二节装满煤的车厢。
locomotive	Les enfants admirent l'ancienne locomotive exposée en gare.	孩子们在车站观赏展出的老式火车头。
locomotive	Le conducteur vérifie la locomotive avant chaque départ.	司机每次发车前都要检查火车头。
loin	La gare n'est pas loin, on peut y aller à pied.	车站不远，我们可以走路去。
loin	Nous habitons loin de mes parents.	我们住得离父母很远。
loin	Ne t'éloigne pas trop loin du camping !	别跑得离营地太远！
long	Elle a les cheveux longs et bouclés.	她留着长长的卷发。
long	La réunion a été très longue aujourd'hui.	今天的会议开得太长了。
long	Nous avons attendu dans une longue file.	我们排了很长的队。
longer	La route longe la falaise pendant dix kilomètres.	这条路沿着悬崖延伸十公里。
longer	Nous longeons le canal pour rejoindre le marché.	我们沿着运河一路走到市场。
longer	Longe le mur jusqu'au portail, puis sonne.	沿着墙走到大门，然后按门铃。
look	Elle a adopté un look d'enfer pour la soirée.	为了这次晚会，她打造了一身超酷的造型。
look	Il a changé de look pour la rentrée.	开学季他换了新造型。
look	Ce look vintage lui va très bien.	这身复古装扮非常适合他。
lot	Chaque enfant repart avec un lot de la kermesse.	每个孩子都领到了游园会的奖品。
lot	Ce lot de terrains sera vendu aux enchères publiques.	这批地块将公开拍卖。
lot	Le lot de consolation était un panier garni.	安慰奖是一篮子美食。
lover	Le chat se love au creux du plaid.	猫蜷在毯子窝里。
lover	Le serpent se love autour de la branche tiède.	蛇盘在温热的树枝上。
lover	Elle s'est lovée dans le fauteuil avec son livre.	她抱着书蜷进扶手椅。
loyal	Il a été loyal envers son équipe jusqu'au bout.	他自始至终对自己的球队忠心耿耿。
loyal	Elle a mené une campagne loyale et transparente.	她开展了一场光明磊落的竞选。
loyal	Sois loyal : dis-le en face plutôt que dans son dos.	要光明正大：当面说，别背后讲。
lustre	Un lustre en cristal éclaire le grand escalier.	一盏水晶吊灯照亮大楼梯。
lustre	Elle nettoie le lustre du salon deux fois par an.	客厅的吊灯她每年擦两次。
lustre	Cela fait un lustre que nous ne nous sommes vus !	咱们可有五年没见面了！
macabre	Un sens de l'humour macabre traverse tout le roman.	全书透着一种黑色幽默。
macabre	Le musée présente une collection macabre d'instruments anciens.	博物馆展出一批阴森的古刑具收藏。
macabre	Elle raconte des anecdotes macabres pour faire frissonner les enfants.	她专讲毛骨悚然的故事吓唬孩子。
macaroni	Elle prépare un gratin de macaronis au fromage.	她在做奶酪焗通心粉。
macaroni	Les macaronis cuisaient pendant que la sauce réduisait.	通心粉煮着，酱汁同时收汁。
macaroni	Ce plat de macaronis réchauffe les soirées d'hiver.	这道通心粉温暖了冬夜。
machine	La machine à laver fait un bruit étrange depuis hier.	从昨天起，洗衣机就有奇怪的响声。
machine	Une machine automatique distribue les tickets à l'entrée.	入口处有台自动机器发售票。
machine	Éteins la machine avant de quitter l'atelier.	离开车间之前把机器关掉。
macho	Son nouveau collègue est un macho qui coupe la parole aux femmes.	他的新同事是个大男子汉，总爱打断女士说话。
macho	Il joue les machos à la salle de sport.	他在健身房里摆大男子汉的谱。
macho	Elle n'a pas besoin d'un macho pour lui expliquer sa voiture.	用不着一个大男子主义的人来教她怎么用车。
madame	Madame Dupont enseigne le piano à nos enfants.	杜邦太太教我们的孩子弹钢琴。
madame	Bonjour madame, je peux vous aider ?	您好女士，需要我帮忙吗？
madame	Madame la directrice, puis-je vous poser une question ?	校长女士，我可以问您一个问题吗？
mademoiselle	Mademoiselle, vous avez oublié votre écharpe.	小姐，您忘拿围巾了。
mademoiselle	Cette mademoiselle travaille à la boulangerie du coin.	这位小姐在街角面包店工作。
mademoiselle	Merci mademoiselle, vous avez été très gentille.	谢谢您，小姐，您真是太好了。
maestro	Le maestro a salué le public pendant dix minutes.	大师谢幕十分钟之久。
maestro	Ce jeune chef promet de devenir un maestro.	这位年轻指挥有朝一日必成大师。
maestro	Tout l'orchestre attend le signal du maestro.	全体乐手都在等大师发令。
magazine	Elle lit un magazine de cuisine dans le métro.	她在地铁里读一本美食杂志。
magazine	Son article paraît dans le magazine du mois prochain.	她的文章将刊登在下个月的杂志上。
magazine	Ce magazine pour adolescents parle de musique et de sport.	这本青少年杂志谈音乐和体育。
mail	Je t'envoie un mail avec les photos du voyage.	我用电子邮件把旅行照片发给你。
mail	Vérifie tes mails, la convocation est arrivée.	查查你的邮件，通知已经到了。
mail	Il a répondu à mon mail en trois mots seulement.	他回我的邮件只写了三个词。
main	Serre-lui la main quand tu arrives.	到了之后要跟他握手。
main	Elle écrit toujours avec la main gauche.	她总是用左手写字。
main	Lave-toi bien les mains avant le repas.	饭前要好好洗手。
maintenance	La maintenance des ascenseurs est assurée chaque mois.	电梯每月进行一次保养。
maintenance	Le contrat de maintenance couvre les pièces et la main-d'œuvre.	维护合同涵盖配件和人工。
maintenance	Une panne de clim a interrompu la maintenance du serveur.	空调故障中断了服务器维护。
major	Le major a fait aligner la section avant l'inspection.	军士长让全排在检查前列好队。
major	Elle sort major de sa promotion d'infirmières.	她以第一名成绩从护士班毕业。
major	Le major de la promo prend la parole en premier.	年级第一名第一个发言。
maladroit	Il est maladroit, mais ses intentions sont bonnes.	他虽然笨手笨脚，但心是好的。
maladroit	Un geste maladroit, et le vase est tombé.	手一笨，花瓶就摔了。
maladroit	Les débutants sont souvent maladroits avec les baguettes.	新手用筷子往往很笨拙。
malaise	Un malaise l'a saisie au milieu du discours.	听到一半，她突然感到一阵不适。
malaise	Il y a un malaise évident entre les deux frères.	兄弟俩之间明显别扭。
malaise	Après ce malaise, le médecin lui a prescrit du repos.	那次头晕之后，医生叮嘱他静养。
manager	Le manager de l'équipe a changé la tactique à la mi-temps.	球队经理在中场时改变了战术。
manager	Notre manager accepte le télétravail deux jours par semaine.	我们经理同意每周两天远程办公。
manager	Elle rêve de devenir manager d'un groupe de rock.	她梦想成为一支摇滚乐队的经纪人。
manger	Mange lentement, tu vas avoir une indigestion.	吃慢点，不然你会消化不良的。
manger	Nous mangeons souvent des crêpes le dimanche.	我们周日经常吃可丽饼。
manger	Il n'a rien mangé de toute la journée.	他一整天什么都没吃。
manifestation	La manifestation pour le climat a rassemblé des milliers de personnes.	这场气候游行聚集了数千人。
manifestation	Les autorités ont encadré la manifestation dès le matin.	当局从一早就对示威活动做了管控。
manifestation	Sa joie fut la première manifestation de son soulagement.	她的欣喜是如释重负的第一个表现。
manipulation	Ses excuses n'étaient qu'une forme de manipulation.	他的道歉不过是一种操纵手段。
manipulation	Cette publicité joue sur nos peurs, c'est de la manipulation pure.	这则广告利用我们的恐惧，纯属操控。
manipulation	Victime de manipulation affective, elle a mis des années à s'en rendre compte.	她深受情感操控之害，多年后才意识到。
mannequin	Elle travaille comme mannequin pour une grande maison de couture parisienne.	她为巴黎一家大牌时装屋做模特。
mannequin	Le mannequin a défilé avec assurance sur le podium devant les photographes.	模特自信地在T台上走秀，面对众多摄影师。
mannequin	La vitrine du magasin expose des mannequins habillés de la collection d'hiver.	商店橱窗里陈列着穿着冬季新装的人体模型。
manoeuvre	Le remorquage exige une manœuvre délicate dans un port étroit.	在狭窄的港口拖船需要精细的操船动作。
manoeuvre	Pendant les grandes manoeuvres, l'armée simule une attaque nocturne.	大演习期间，军队模拟夜间进攻。
manoeuvre	Ses larmes n'étaient qu'une manœuvre pour obtenir notre pitié.	她的眼泪不过是博取同情的手段。
marcher	Marche doucement, le bébé dort à l'étage.	走路轻一点，宝宝在楼上睡觉。
marcher	On peut marcher jusqu'à la gare en dix minutes.	走路十分钟就能到车站。
marcher	La vieille radio ne marche plus depuis l'orage.	打雷之后那台旧收音机就坏了。
mare	Les grenouilles coassent près de la mare au fond du pré.	草地尽头池塘边的青蛙呱呱直叫。
mare	Les canards barbotent dans la mare du parc.	鸭子在公园的池塘里戏水。
mare	Une mare de boue s'est formée devant la grange.	谷仓前积了一滩泥水。
marijuana	Il a reconnu avoir fumé de la marijuana au lycée.	他承认上中学时抽过大麻。
marijuana	La possession de marijuana reste passible de poursuites dans ce pays.	在这个国家，持有大麻仍可能被起诉。
marijuana	Certains États autorisent désormais l'usage médical de la marijuana.	如今美国一些州已允许大麻的医疗用途。
marine	Il a passé dix ans dans la marine nationale comme officier.	他在海军服役十年，担任军官。
marine	Il a choisi une cravate bleu marine pour son entretien d'embauche.	他为求职面试选了一条藏青色领带。
marine	La base marine de Toulon accueille plusieurs navires de guerre.	土伦海军基地停泊着几艘军舰。
maritime	Le transport maritime coûte moins cher mais prend beaucoup plus de temps.	海运便宜得多，但耗时也更长。
maritime	Cette ville maritime vit essentiellement de la pêche et du tourisme.	这座海滨城市主要靠渔业和旅游业为生。
maritime	Un climat maritime adoucit les hivers sur toute la côte ouest.	海洋性气候使整个西海岸的冬天较为温和。
marquis	Le marquis recevait ses hôtes dans la grande galerie du château.	侯爵在城堡的大画廊里接待宾客。
marquis	Ce domaine appartenait autrefois à un marquis exilé pendant la Révolution.	这片领地曾属于大革命期间流亡的一位侯爵。
marquis	Sous l'Ancien Régime, un marquis pouvait lever l'impôt sur ses terres.	在旧制度下，侯爵可以在自己的领地上征税。
martial	Le général arborait un air martial devant ses troupes.	将军在部队面前神情威严如临战阵。
martial	Après l'émeute, le gouvernement a instauré la loi martiale.	骚乱之后，政府宣布实行军事管制。
martial	Sa démarche raide et son regard martial impressionnaient les nouvelles recrues.	他僵硬的步伐和好斗的眼神让新兵印象深刻。
martyr	Ce saint est honoré comme un martyr mort pour sa foi.	这位圣徒被尊为为信仰献身的殉道者。
martyr	Leur village a érigé un monument à ses martyrs de la Résistance.	他们的村庄为抵抗运动的烈士立了纪念碑。
martyr	Il joue les martyrs chaque fois qu'on lui demande un petit service.	每次请他帮个小忙，他就一副受苦受难的样子。
masque	Le masque de carnaval cache tout son visage.	狂欢节的面具遮住了她的整张脸。
masque	Il garde son masque dans la poche de son blouson.	他把口罩放在夹克口袋里。
masque	Ce masque de plongée embue dès que l'eau se refroidit.	水一凉，这个潜水面镜就起雾。
masquer	Un immense pan de rocher masque la vue sur la vallée.	一大片岩壁遮住了山谷的景色。
masquer	Elle ne peut plus masquer son inquiétude depuis l'annonce des résultats.	结果公布之后，她再也掩饰不住担忧。
masquer	Ce fond de teint masque parfaitement les cernes.	这种粉底能很好地遮住黑眼圈。
massacre	Le film retrace le massacre de civils pendant la guerre.	影片再现了战争期间对平民的屠杀。
massacre	L'histoire du village raconte un massacre oublié depuis des siècles.	村庄的历史讲述了一场几个世纪前被遗忘的屠杀。
massacre	Ce match s'est terminé en massacre : sept à zéro !	这场比赛最后成了单方面屠杀：七比零！
massage	Après le marathon, un bon massage a soulagé mes muscles.	马拉松之后，一次舒服的按摩缓解了我的肌肉酸痛。
massage	Elle offre un massage du dos à sa mère pour son anniversaire.	她送给母亲一次背部按摩作为生日礼物。
massage	Le kiné lui prescrit des séances de massage pour le cou.	理疗师给他开了几次颈部按摩。
massif	Une table en chêne massif occupe le centre de la salle à manger.	一张厚重的实木橡木餐桌占据了餐厅中央。
massif	Le pont repose sur des piliers de béton massif.	大桥靠巨大的混凝土桥墩支撑。
massif	Le vieux château est protégé par un mur massif de trois mètres.	古堡由一堵三米厚的坚固城墙保护。
master	Elle prépare un master de droit à l'université de Lyon.	她在里昂大学攻读法学硕士。
master	Après la licence, il a enchaîné directement sur un master.	本科毕业后，他直接接着读了硕士。
master	Ce master en informatique est très recherché par les entreprises.	这个信息学硕士项目很受企业青睐。
mat	Il a annoncé le mat en trois coups.	他宣布三步之内将死对手。
mat	Le jeune joueur a infligé un mat à son adversaire en moins de vingt coups.	这位年轻棋手不到二十回合就将死了对手。
mat	Pousser le roi ennemi jusqu'au mat demande beaucoup de patience.	把对方的王逼到被将死需要极大耐心。
match	Le match commence à vingt heures, dépêche-toi.	比赛八点开始，快点。
match	Elle a vu son premier match de rugby au stade.	她在体育场看了人生第一场橄榄球赛。
match	Ce match nul relance la course au titre.	这场平局让冠军争夺再起悬念。
mater	On va mater le match chez toi ?	咱们去你家看比赛？
mater	Je me suis arrêté pour mater la vitrine du brocanteur.	我停下来看了看旧货商的橱窗。
mater	La cavalerie a fini par mater la révolte dans le quartier.	骑兵最终镇压了那个街区的暴动。
maths	Elle a un contrôle de maths demain.	她明天有数学测验。
maths	Les maths ne sont pas son point fort, il préfère l'histoire.	数学不是他的强项，他更喜欢历史。
maths	J'ai besoin d'aide pour mes devoirs de maths.	我的数学作业需要人帮忙。
max	Ce soir, on met le son au max !	今晚咱们把音量开到最大！
max	Je t'accorde une semaine, c'est le max que je peux faire.	我给你一周时间，这已是极限。
max	Ce moteur tourne au max depuis six heures sans broncher.	这台发动机满负荷运转六个小时毫无问题。
maximal	La vitesse maximale sur cette autoroute est de cent trente kilomètres-heure.	这条高速公路的最高时速是一百三十公里。
maximal	Ce logiciel fonctionne avec un effort minimal et un rendement maximal.	这款软件以最小的投入实现最大的产出。
maximal	Pour gagner cette course, il faut déployer un effort maximal.	要赢得这场比赛，必须付出最大的努力。
maximum	Ce four atteint un maximum de deux cent cinquante degrés.	这台烤箱最高能到两百五十度。
maximum	Pousse le volume au maximum, on n'entend rien.	把音量调到最大，什么都听不见。
maximum	Cinq invités, c'est le maximum pour cette petite salle.	这间小屋最多容得下五位客人。
mayonnaise	La mayonnaise maison monte mieux avec des œufs à température ambiante.	用常温鸡蛋，自制蛋黄酱更容易打发。
mayonnaise	Ajoute une cuillère de mayonnaise dans la sauce.	在酱汁里加一勺蛋黄酱。
mayonnaise	Cette mayonnaise industrielle est trop sucrée à son goût.	这种市售蛋黄酱甜得不合他的口味。
me	Mes parents me ramènent à la gare.	父母会开车送我去车站。
me	Rappelle-moi d'acheter du pain en rentrant.	回来时提醒我买面包。
me	Tu me raconteras tes vacances cet été.	这个夏天你要把旅行的事讲给我听。
meeting	Le candidat a tenu un meeting devant des milliers de supporters.	候选人在数千名支持者面前举行了集会。
meeting	Le meeting de présentation du produit a duré deux heures.	产品推介会持续了两个小时。
meeting	Un meeting d'athlétisme international se tiendra au stade en juin.	六月将在体育场举行一场国际田径运动会。
melon	Ce melon du Cavaillon sent bon.	这个卡瓦永甜瓜香气扑鼻。
melon	Coupe le melon en tranches fines pour l'apéritif.	把甜瓜切成薄片，当作开胃小食。
melon	Un melon bien frais se garde au frigo.	新鲜的甜瓜要放冰箱保存。
menace	La tempête représente une vraie menace pour les bateaux.	这场风暴对船只构成真正的威胁。
menace	Il a ignoré la menace d'amende du syndic.	他没把物业的罚款警告当回事。
menace	Cette usine fermée est une menace pour l'emploi local.	这家关闭的工厂给当地就业带来隐忧。
menacer	Le nuage noir menace de tout arroser.	乌云压顶，眼看就要大雨倾盆。
menacer	Le propriétaire menace de ne pas renouveler le bail.	房东威胁说不续签租约。
menacer	Ils ont menacé de quitter la réunion si personne ne les écoutait.	他们威胁说，要是没人听，就退出会议。
mental	La préparation mentale compte autant que l'entraînement physique.	心理准备和身体训练同样重要。
mental	Elle consulte un spécialiste pour sa fatigue mentale.	她因为精神疲劳去看了专科医生。
mental	Fais un calcul mental : combien coûtent trois tickets à cinq euros ?	做个心算：三张票每张五欧元一共多少钱？
mention	Il a reçu son diplôme avec la mention très bien.	他以特优的评语拿到了毕业证书。
mention	Le rapport fait mention de plusieurs irrégularités graves.	报告中提到几起严重的违规行为。
mention	Ajoute la mention « fragile » sur tous les colis en verre.	在所有玻璃包裹上注明易碎字样。
menu	Le menu du jour affiche une soupe et un rôti.	今日菜单上有汤和烤肉。
menu	Ils ont pris le menu à vingt-cinq euros chacun.	他们每人点了一份二十五欧元的套餐。
menu	Ce petit menu végétarien ravira les invités.	这份小小的素食菜单会让客人满意。
message	J'ai laissé un message sur ton répondeur hier soir.	昨晚我在你的语音信箱留了言。
message	Ton message m'a fait plaisir ce matin.	你今天早上的短信让我很开心。
message	Elle a supprimé le message par erreur.	她误删了那条消息。
micro	Passe-moi le micro, je veux dire un mot.	把话筒递给我，我想说两句。
micro	Le micro du karaoké grésille un peu.	卡拉OK的话筒有点杂音。
micro	Elle ajuste son micro avant l'interview.	采访开始前，她调了调麦克风。
microbe	Lave-toi les mains, les microbes se transmettent très vite en hiver.	洗手去，冬天细菌传播得特别快。
microbe	Ce laboratoire étudie les microbes présents dans l'eau de la rivière.	这家实验室研究河水中的微生物。
microbe	Il a attrapé un microbe à l'école et reste au lit depuis trois jours.	他在学校染上了病菌，已经卧床三天了。
microscope	Au microscope, une goutte d'eau révèle un monde vivant.	在显微镜下，一滴水展现出一片生机。
microscope	Elle observe des cellules au microscope du labo.	她用实验室的显微镜观察细胞。
microscope	Ce microscope d'école grossit quatre cents fois.	这台学校用的显微镜能放大四百倍。
mien	Ce vélo n'est pas le mien, je le rends demain.	这辆自行车不是我的，我明天就还。
mien	Ton parapluie ressemble beaucoup au mien.	你的伞跟我的很像。
mien	Chacun son avis, le mien est fait.	各有各的看法，我的主意已定。
migraine	Une violente migraine l'a obligée à annuler sa réunion.	剧烈的偏头痛迫使她取消了会议。
migraine	Je sens arriver ma migraine : je vais devoir m'allonger dans le noir.	我感觉偏头痛要犯了，得躺到暗处去。
migraine	Les écrans aggravent souvent les migraines chez les étudiants.	屏幕常常加重学生的偏头痛。
mile	Ce bateau parcourt un mile marin en dix minutes.	这艘船十分钟就能跑一海里。
mile	Le pont mesure un mile de long.	这座桥长一英里。
mile	Il court un mile en moins de cinq minutes.	他一英里能跑进五分钟以内。
milieu	Le chat dort au milieu du lit.	猫睡在床中间。
milieu	Ils se sont rencontrés au milieu du pont.	他们是在桥中间相遇的。
milieu	Elle a grandi dans un milieu musical.	她在一个充满音乐氛围的环境里长大。
militant	Ce militant écologiste distribue des tracts devant la mairie.	这位环保积极分子在市政厅前分发传单。
militant	Les militants syndicaux ont obtenu une meilleure convention collective.	工会积极分子争取到了更好的集体协议。
militant	Militant depuis vingt ans, il connaît toutes les luttes du quartier.	他干了二十年积极分子，熟悉这个街区的所有抗争。
million	Cette ville compte plus d'un million d'habitants.	这座城市有超过一百万人口。
million	Il a gagné un million à la loterie.	他买彩票赢了一百万。
million	Le film a été vu par des millions de spectateurs.	这部电影有数百万观众看过。
mime	Le mime joue un homme coincé dans une bulle invisible.	哑剧演员表演一个人被困在看不见的泡泡里。
mime	Son numéro de mime a fait rire toute la salle.	他的哑剧段子逗笑了全场观众。
mime	Elle étudie le mime à l'école de théâtre depuis deux ans.	两年来她一直在戏剧学校学习哑剧。
mince	Elle garde une silhouette mince en marchant tous les jours.	她每天走路，保持着苗条的身材。
mince	Ce fil très mince casse facilement.	这种细线很容易断。
mince	Une couche mince de neige recouvre les toits.	屋顶上盖着薄薄一层雪。
mine	Quelle bonne mine tu as depuis tes vacances !	你度假回来气色真好！
mine	Tu tires une drôle de mine ce matin, raconte ce qui se passe.	你今天早上面色不对，说说出了什么事。
mine	Mon arrière-grand-père a travaillé toute sa vie dans la mine de charbon.	我的曾祖父一辈子都在煤矿干活。
miner	Le doute mine peu à peu sa confiance en lui.	怀疑渐渐侵蚀着他的自信。
miner	Ce chagrin non exprimé a miné sa santé pendant des années.	这份无处倾诉的悲伤多年来损害着他的健康。
miner	Les insectes minent les poutres du vieux grenier.	虫蛀正在啃蚀旧阁楼的房梁。
miniature	Elle collectionne les miniatures de meubles anciens pour sa maison de poupée.	她为玩具屋收集古董家具的微缩模型。
miniature	Ce peintre reproduit des miniatures du Moyen Âge avec un pinceau très fin.	这位画师用极细的画笔复制中世纪的微型画。
miniature	L'architecte a présenté une miniature du quartier rénové.	建筑师展示了改造街区的微缩模型。
minimum	Le salaire minimum augmente chaque année.	最低工资每年都在上调。
minimum	Trois séances par semaine, c'est le minimum pour progresser.	每周训练三次，这是进步的最低要求。
minimum	Il reste au minimum vingt minutes d'attente à la préfecture.	在市政府办事，至少要等二十分钟。
minuscule	Une minuscule araignée s'était installée dans l'angle du plafond.	一只极小的蜘蛛趴在天花板的角落里。
minuscule	L'appartement est minuscule, mais il est en plein centre-ville.	公寓极小，但就在市中心。
minuscule	Écris lisiblement, tes lettres sont minuscules.	写清楚点，你的字太小了。
minute	Attends une minute, je termine mon mail.	等我一分钟，我把邮件写完。
minute	Le bus part dans cinq minutes.	公交车五分钟后出发。
minute	Elle est arrivée à la dernière minute.	她是最后一刻才赶到的。
miracle	La greffe a fonctionné, c'est un vrai miracle.	移植成功了，这真是个奇迹。
miracle	Plus rien ne pousse ici, il faudrait un miracle.	这里什么都不长，除非出现奇迹。
miracle	Elle a survécu à l'accident par miracle.	她在车祸中幸存下来，简直是奇迹。
miser	Il a misé cinquante euros sur le cheval numéro sept.	他在七号马身上押了五十欧元。
miser	Ne mise pas tout ton argent sur un seul match.	别把所有钱都押在一场比赛上。
miser	L'entreprise mise sur les énergies renouvelables pour l'avenir.	公司把未来押在可再生能源上。
miss	La nouvelle miss salue la foule sur scène.	新科选美冠军在台上向观众致意。
miss	Miss France visite l'hôpital des enfants aujourd'hui.	法兰西小姐今天参观儿童医院。
miss	Les candidates miss se préparent depuis six mois.	选美参赛者们已经准备了半年。
missile	Le pays a testé un nouveau missile à longue portée.	该国试射了一枚新型远程导弹。
missile	Des systèmes antimissile protègent la capitale.	反导弹系统保卫着首都。
missile	Les ingénieurs installent les missiles sur le sous-marin.	工程师们把导弹装上潜艇。
mission	Notre mission consiste à livrer les vaccins avant vendredi.	我们的任务是在周五前把疫苗送到。
mission	Il est parti en mission humanitaire au Sénégal pour six mois.	他去塞内加尔执行为期六个月的人道主义任务。
mission	Cette sonde spatiale accomplit une mission scientifique historique.	这艘探测器正在完成一项具有历史意义的科学使命。
mobile	Rappelle-moi sur mon mobile dès que tu quittes l'aéroport.	你一离开机场就用手机给我回个电话。
mobile	J'ai retrouvé ton mobile sous le siège de la voiture.	我在汽车座椅底下找到了你的手机。
mobile	Les enquêteurs n'ont pas encore déterminé le mobile de l'agression.	调查人员尚未确定这起袭击案的作案动机。
mode	Les vêtements de mode changent chaque saison.	时装的样式每季都在变。
mode	Elle suit la mode sans jamais dépenser trop.	她追赶潮流，但从不乱花钱。
mode	Ils ont changé de mode de vie en quittant Paris.	离开巴黎之后，他们改变了生活方式。
moderne	Ce musée d'art moderne ouvre ses portes en mai.	这座现代艺术博物馆五月开门迎客。
moderne	La cuisine moderne privilégie les produits locaux.	现代烹饪讲究使用本地食材。
moderne	L'immeuble est ancien mais les équipements sont modernes.	楼是老楼，设备却是现代化的。
modification	La modification du plan de la maison a nécessité un nouveau permis.	房屋图纸的修改需要重新办许可证。
modification	Apporte-moi le contrat, je veux faire une modification avant de signer.	把合同拿来，我想在签字前做一处修改。
modification	Toute modification d'horaires doit être signalée au responsable.	任何班次变更都必须报告主管。
modifier	Tu peux modifier l'heure du rendez-vous dans l'application.	你可以在应用里修改约会时间。
modifier	Elle a modifié sa présentation après la répétition.	排练之后，她修改了演讲内容。
modifier	Modifier cette phrase rendra le paragraphe plus clair.	改一下这句话，段落会更清楚。
module	Le module lunaire s'est posé sur la mer de la Tranquillité.	登月舱降落在静海。
module	Ce module se branche directement sur la carte mère.	这个模块可以直接插在主板上。
module	L'étudiant suit un module d'électronique ce semestre.	这名学生这学期修读一个电子学单元。
moment	Attends un moment, j'arrive tout de suite.	稍等一下，我马上就来。
moment	C'est le bon moment pour planter les tomates.	现在正是种西红柿的好时候。
moment	Il m'a téléphoné au moment où je sortais.	我刚要出门他就来电话了。
montage	Le montage du meuble prend deux heures avec la bonne notice.	有一份好说明书，组装这件家具要两个小时。
montage	Son montage du documentaire alterne archives et témoignages.	他剪辑的纪录片交替使用档案画面和证词。
montage	Le montage de l'échafaudage commence lundi matin.	脚手架的安装周一一早开始。
monument	Ce monument rend hommage aux soldats de la dernière guerre.	这座纪念碑缅怀上一场战争的士兵们。
monument	La cathédrale est le monument le plus visité de la ville.	大教堂是这座城市参观人数最多的宏伟建筑。
monument	Ils ont érigé un monument en l'honneur du fondateur.	他们为创始人立了一座纪念碑。
moral	Le moral des troupes remonte après cette victoire.	这场胜利后部队士气有所回升。
moral	C'est un vrai soutien moral dans les moments difficiles.	这是困难时刻真正的精神支持。
moral	Ce débat porte sur des questions morales et religieuses.	这场辩论涉及道德和宗教问题。
morale	L'histoire du film contient une morale simple : ne mens jamais.	电影故事蕴含一个朴素的道理：永远别说谎。
morale	La morale de cette fable enseigne la patience.	这则寓言的寓意是教人耐心。
morale	Il respecte une morale stricte héritée de son éducation.	他恪守从小教育得来的严格道德准则。
morgue	Le corps a été transporté à la morgue pour identification.	遗体已被送往停尸房等待辨认。
morgue	Son regard de morgue glace tous les nouveaux collègues.	他那副傲慢的眼神让新同事不寒而栗。
morgue	Elle répond avec morgue à chaque question du journaliste.	面对记者的每个问题，她都倨傲作答。
morphine	Le médecin a prescrit de la morphine pour calmer les douleurs.	医生开了吗啡来缓解疼痛。
morphine	Une dose de morphine lui a rendu la nuit supportable.	一剂吗啡让他熬过了那个夜晚。
morphine	La morphine reste essentielle dans les soins palliatifs.	吗啡始终是临终关怀中不可或缺的药物。
motel	Ils ont dormi dans un motel en bord de route.	他们在路边一家汽车旅馆过了一夜。
motel	Le motel affiche complet depuis l'ouverture du festival.	音乐节开幕以来，这家汽车旅馆一直客满。
motel	Ce vieux motel garde le charme kitsch des années cinquante.	这家老汽车旅馆保留着五十年代俗艳的魅力。
motif	Quel est le motif de votre retard cette fois ?	这次你迟到的理由是什么？
motif	Le tapis arbore un motif traditionnel aux couleurs vives.	地毯上是色彩鲜艳的传统图案。
motif	Son motif de départ reste mystérieux pour tout le monde.	他的离开动机对所有人来说仍是个谜。
motion	Le conseil a rejeté la motion à une voix près.	委员会以一票之差否决了这项动议。
motion	Une motion de censure sera déposée demain matin.	明天上午将提出一项不信任动议。
motion	Elle défend sa motion devant l'assemblée pendant vingt minutes.	她在大会上为动议辩护了二十分钟。
motivation	Sa motivation pour apprendre le japonais vient des mangas.	他学日语的动力来自漫画。
motivation	L'équipe manque de motivation depuis l'annonce des résultats.	结果公布后，团队缺乏干劲。
motivation	La motivation des bénévoles a fait réussir la collecte de fonds.	志愿者的热情使募捐活动取得了成功。
mousse	La bière déborde et la mousse coule sur la table.	啤酒溢出来，泡沫流到桌上。
mousse	Une mousse verte recouvre les pierres du vieux puits.	绿色的苔藓覆盖着老井的石壁。
mousse	Pour le dessert, elle prépare une mousse au chocolat aérienne.	甜点她做的是轻盈的巧克力慕斯。
moustache	Mon chat remue ses moustaches quand il sent le thon.	一闻到金枪鱼的味道，我家的猫胡须就直动。
moustache	Le vieux monsieur tient sa moustache avec de la cire.	这位老先生用发蜡给小胡子定型。
moustache	Il se rase la moustache avant l'entretien.	面试之前他把小胡子刮掉了。
muffin	Un muffin aux myrtilles sort du four.	蓝莓玛芬刚出炉。
muffin	Elle prépare des muffins salés pour le pique-nique.	她做了咸味玛芬带去野餐。
muffin	Ce muffin au chocolat fond dans la bouche.	这块巧克力玛芬入口即化。
mule	La mule portait les sacs de farine jusqu'au village isolé.	骡子把面粉袋驮到偏远的村庄。
mule	Dans ce sentier escarpé, une mule vaut mieux qu'un 4x4.	在这条陡峭的小路上，骡子比越野车还管用。
mule	Les mules traversent le gué sans se presser.	骡子们不慌不忙地涉水过河。
multiple	Les causes de cet échec sont multiples.	这次失败的原因是多方面的。
multiple	Il a dû gérer des priorités multiples en même temps.	他不得不同时应对多项优先事务。
multiple	Ce logiciel permet des usages multiples, du dessin à la musique.	这款软件用途多样，从绘图到音乐都行。
multiplier	Pour calculer l'aire, il faut multiplier la longueur par la largeur.	计算面积要用长乘以宽。
multiplier	La crise a multiplié le nombre de familles qui demandent de l'aide.	危机使寻求帮助的家庭数量成倍增加。
multiplier	Trois multiplié par quatre donne douze.	三乘四等于十二。
municipal	La piscine municipale rouvre ses portes au printemps.	市立游泳馆春季重新开放。
municipal	Le conseil municipal a voté le budget des écoles.	市议会表决通过了学校预算。
municipal	Un jardin municipal remplacera l'ancien parking du marché.	一个市属花园将取代集市旁的旧停车场。
munition	Les chasseurs emportent toujours leurs munitions dans une sacoche orange.	猎人总是把子弹装在橙色的挎包里。
munition	Il ne reste qu'une seule munition dans le chargeur.	弹匣里只剩下一发子弹。
munition	L'armée a interdit la vente de munitions de gros calibre aux particuliers.	军方禁止向个人出售大口径弹药。
muscle	Ce sport renforce les muscles du dos.	这项运动能锻炼背部肌肉。
muscle	Il sent son muscle se nouer après la course.	跑步之后，他感觉肌肉发紧。
muscle	Un muscle endolori demande du repos.	酸痛的肌肉需要休息。
muse	Cette ville a été la muse de tant de peintres.	这座城市曾是众多画家的灵感女神。
muse	Le poète cherche sa muse depuis des mois sans la trouver.	诗人寻找灵感女神已有数月，却始终没有找到。
muse	Les neuf muses de la mythologie grecque président aux arts.	希腊神话中的九位缪斯各掌一门艺术。
musical	Elle a une oreille musicale étonnante.	她的音乐听觉惊人。
musical	Le groupe propose un univers musical entre jazz et folk.	这个乐队的音乐风格介于爵士和民谣之间。
musical	Ce spectacle musical plaît aux enfants et aux parents.	这出音乐剧让孩子和家长都喜欢。
must	Ce blouson est le must de la saison.	这件夹克是本季必备单品。
must	Un carnet et un bon stylo, c'est le must de tout étudiant sérieux.	一个本子加一支好笔，是每个认真求学者的必备品。
must	L'application de traduction est devenue le must des voyageurs.	翻译软件如今成了旅行者的必备之物。
mutant	Ce mutant tolère le froid mieux que la variété d'origine.	这种突变体比原品种更耐寒。
mutant	Dans le film, le jeune mutant cache son pouvoir pour survivre.	电影里，年轻的变种人为求生存隐藏自己的能力。
mutant	Les chercheurs comparent le mutant à la souche sauvage.	研究人员把突变体和野生型菌株进行对比。
mutation	Il vient d'obtenir sa mutation pour Marseille.	他刚拿到调往马赛的调令。
mutation	Cette mutation génétique se transmet de génération en génération.	这种基因突变会代代相传。
mutation	Une mutation de poste l'oblige à déménager avec toute sa famille.	一次工作调动迫使他举家搬迁。
mystique	Sa poésie exprime une vision mystique de la nature.	他的诗表达了对自然的神秘主义理解。
mystique	Ce lieu garde une atmosphère mystique incomparable.	这个地方有一种无与伦比的神秘氛围。
mystique	Les chants mystiques accompagnent la prière du soir.	神秘主义的颂歌伴随着晚祷。
naissance	Nous fêtons la naissance de leur premier enfant.	我们在庆祝他们第一个孩子的出生。
naissance	Ce quartier a vu la naissance d'un mouvement musical.	一场音乐运动就诞生在这个街区。
naissance	La naissance du printemps colore les vergers.	春天的到来给果园添了色彩。
natal	Il retourne chaque été dans son village natal au Portugal.	他每年夏天都回葡萄牙的老家村庄。
natal	Sa ville natale a beaucoup changé depuis son départ.	自从她离开后，故乡的城市变了很多。
natal	Elle garde un accent chantant de sa région natale.	她说话仍带着家乡特有的动听口音。
natation	Elle s'inscrit à un cours de natation pour adultes.	她报名参加成人游泳班。
natation	La natation renforce tout le corps.	游泳能锻炼全身。
natation	Le club de natation recrute des enfants dès six ans.	游泳俱乐部招收六岁以上的孩子。
nation	Toute la nation a suivi le discours du président.	全国上下都收听了总统讲话。
nation	Cette nation insulaire vit de la pêche depuis des siècles.	这个岛国几个世纪以来靠捕鱼为生。
nation	Le drapeau symbolise l'unité de la nation.	国旗象征国家的统一。
national	La fête nationale rassemble les familles devant les feux d'artifice.	国庆节那天，家家户户聚在一起看烟花。
national	Ce parc national protège les chamois.	这个国家公园保护岩羊。
national	L'équipe nationale joue à Bordeaux ce soir.	国家队今晚在波尔多比赛。
nature	On profite de la nature dans ce parc immense.	在这个大公园里可以亲近大自然。
nature	C'est dans sa nature d'aider les autres.	乐于助人是他的天性。
nature	La nature reprend ses droits sur la friche.	大自然正在一点点收复这片荒地。
naval	L'industrie navale emploie des milliers d'ouvriers dans la rade.	造船业在海湾一带雇佣了数千名工人。
naval	Ce port abrite une base navale depuis deux siècles.	两个世纪以来，这个港口一直设有海军基地。
naval	Le traité naval de 1922 limitait le tonnage des cuirassés.	一九二二年的海军条约限制了战列舰的吨位。
navigation	La navigation sur ce fleuve est dangereuse après la fonte des neiges.	积雪消融后在这条河上航行很危险。
navigation	Le système de navigation de la voiture propose un itinéraire plus court.	汽车导航系统给出了一条更短的路线。
navigation	Trois mois de navigation les ont menés jusqu'aux îles du Pacifique.	三个月的航行把他们带到了太平洋的岛屿。
nectar	Les abeilles transforment le nectar en miel.	蜜蜂把花蜜酿成蜂蜜。
nectar	Au petit matin, le colibri puise le nectar au fond des fleurs.	清晨，蜂鸟在花的深处吸食花蜜。
nectar	Cette eau glacée est un nectar après la randonnée.	远足之后，这冰水简直是甘露。
net	Sa réponse a été nette : non, sans discussion.	他的回答很干脆：不行，没得商量。
net	Le coureur a pris un avantage net sur ses adversaires.	这位选手明显领先于对手。
net	Essuie la table proprement, tout doit être net avant l'arrivée des invités.	把桌子擦干净，客人来之前一切都要利利索索。
niche	Le chien file dans sa niche dès qu'il pleut.	一下雨，狗就钻进窝里。
niche	Une statuette repose dans la niche du mur du salon.	客厅墙上的壁龛里摆着一尊小雕像。
niche	Cette start-up occupe une niche très rentable du marché.	这家初创公司占据着市场上一个很赚钱的细分领域。
nickel	Ma voiture est nickel après ce lavage complet.	全面清洗后，我的车干干净净。
nickel	La maison doit être nickel avant l'arrivée de la belle-famille.	岳父母来之前，家里必须一尘不染。
nickel	Ce bracelet en nickel provoque des allergies chez certaines personnes.	这种镍制手镯会让一些人过敏。
noble	C'est un noble geste de partager ton déjeuner.	把午饭分给别人，这是高尚的行为。
noble	Cette famille noble vivait autrefois dans ce château.	这个贵族家庭从前就住在这座城堡里。
noble	Le cheval a une allure noble et fière.	这匹马步态高贵而骄傲。
nocturne	Les gardes assurent une ronde nocturne autour du camp.	哨兵在营地周围夜间巡逻。
nocturne	Le marché nocturne de la place attire les touristes chaque vendredi.	每逢周五，广场夜市吸引着游客。
nocturne	Il joue une nocturne de Chopin à la lueur des bougies.	他借着烛光弹奏一首肖邦夜曲。
nomination	Sa nomination à la tête du groupe a surpris tout le milieu.	他执掌集团的消息让整个业界吃惊。
nomination	La nomination du nouveau recteur sera officialisée vendredi.	新校长的任命将于周五正式公布。
nomination	Une nomination aux Oscars a changé sa carrière du jour au lendemain.	一项奥斯卡提名让他的事业一夜改观。
normal	C'est tout à fait normal de se sentir fatigué après le travail.	干完活觉得累，这再正常不过了。
normal	La température normale du corps est d'environ trente-sept degrés.	人体的正常体温大约是三十七度。
normal	Ne t'inquiète pas, c'est normal d'avoir peur la première fois.	别担心，第一次害怕很正常。
note	Il a obtenu la meilleure note de la classe.	他拿到了全班最高分。
note	Laisse-moi une note sur la porte.	在门上给我留张字条。
note	Le pianiste tient la note finale très longtemps.	钢琴师把最后一个音符拖得很长。
notion	La notion de temps varie beaucoup d'une culture à l'autre.	时间这一概念因文化而异。
notion	Il maîtrise les notions de base de l'économie.	他掌握了经济学的基本概念。
notion	Cette notion de justice s'apprend dès l'enfance.	这种公正的观念从小就要学习。
nouveau	Il y a un nouveau dans notre classe.	我们班来了个新同学。
nouveau	C'est nouveau, je ne l'ai jamais vu avant.	这是个新东西，我以前从没见过。
nouveau	Elle a trouvé un nouveau travail à Lyon.	她在里昂找到了一份新工作。
objection	Avez-vous une objection à ce que je fume dehors ?	我到外面抽烟，您有异议吗？
objection	Le notaire a soulevé une objection sur la clause du contrat.	公证人对合同条款提出了异议。
objection	Aucune objection sérieuse n'a été formulée contre le projet.	对这项计划没有提出任何认真的反对意见。
obligation	Le port du casque est une obligation pour tous les motards.	摩托车手都必须戴头盔，这是强制要求。
obligation	Il a des obligations familiales qui l'empêchent de déménager.	他有家庭责任，没法搬家。
obligation	Selon le contrat, l'entreprise a l'obligation de former les apprentis.	按合同，公司有义务培训学徒。
observation	Son observation sur le planning a fait gagner deux jours à l'équipe.	他对日程表的评论为团队省了两天时间。
observation	L'observation des oiseaux demande de la patience et de bonnes jumelles.	观鸟需要耐心和一副好望远镜。
observation	Sous observation médicale, le patient reste deux jours à l'hôpital.	病人在医院接受两天医学观察。
observer	Les scientifiques observent les baleines depuis le vieux phare.	科学家们从老灯塔观察鲸鱼。
observer	Observe bien la manière dont il pétrit la pâte.	仔细看他揉面的手法。
observer	Elle a observé le comportement des clients pendant tout le mois.	她整月都在观察顾客的行为。
obsession	Ses examens sont devenus une véritable obsession.	考试成了他挥之不去的心病。
obsession	Il a l'obsession du détail : tout doit être parfait.	他对细节近乎痴迷：一切必须完美。
obsession	Cette obsession de la performance l'épuise peu à peu.	对成绩的执念正一点点把他拖垮。
obstacle	Le manque de financement reste le principal obstacle du projet.	资金短缺仍是这个项目的主要障碍。
obstacle	Il a surmonté tous les obstacles pour devenir vétérinaire.	他克服重重困难当上了兽医。
obstacle	Un arbre tombé fait obstacle au passage du sentier.	一棵倒下的树挡住了小路的去路。
occasion	Profite de cette occasion pour lui présenter tes excuses.	趁这个机会向他道个歉吧。
occasion	J'ai acheté cette voiture d'occasion à un prix très bas.	我以很便宜的价格买了这辆二手车。
occasion	C'est une belle occasion de goûter la cuisine régionale.	这是品尝当地特色菜的好机会。
occidental	Le mode de vie occidental séduit et fatigue à la fois les grandes villes d'Asie.	西方生活方式既吸引也困扰着亚洲大城市。
occidental	La musique occidentale influence fortement la jeunesse locale.	西方音乐深深影响着当地年轻人。
occidental	Cette pharmacopée combine des plantes occidentales et des remèdes traditionnels chinois.	这套药方把西方草药和传统中药结合起来。
occupant	L'occupant des lieux doit quitter l'appartement avant le premier décembre.	房屋占用人必须在十二月一日前搬离。
occupant	Les résistants sabotaient les convois de l'occupant.	抵抗者破坏占领军的运输车队。
occupant	Chaque occupant du véhicule doit attacher sa ceinture.	车上每位乘员都必须系好安全带。
occupation	Pendant l'occupation, la radio clandestine passait de maison en maison.	被占领期间，地下电台在一栋栋民宅间辗转。
occupation	L'occupation des locaux par les étudiants dure depuis trois jours.	学生占领校舍已经三天了。
occupation	Son occupation favorite ? Photographier les oiseaux du marais.	他最大的消遣？拍摄沼泽里的鸟儿。
oeuvre	Ce tableau est l'œuvre d'un peintre inconnu du dix-septième siècle.	这幅画出自一位十七世纪的无名画家之手。
oeuvre	L'association œuvre depuis vingt ans pour l'alphabétisation.	该协会为扫盲事业工作了二十年。
oeuvre	Toute son œuvre littéraire parle de la mer et des marins.	她的全部文学作品都围绕大海和水手。
off	La voix off du narrateur guide tout le documentaire.	解说员的画外音贯穿整部纪录片。
off	Cette réplique reste en off, jamais filmée.	这句台词只作画外音，从未出镜。
off	Un bruit de moteur en off annonce l'arrivée du héros.	画外传来引擎声，预示主人公即将登场。
offense	Cette remarque n'était pas une offense, juste un conseil.	这句话并非冒犯，只是个建议。
offense	Léser l'honneur d'une famille était autrefois une grave offense.	从前，伤害一个家族的名誉是严重的冒犯。
offense	Pardonner une offense libère souvent celui qui la subit.	原谅一次冒犯，往往能让受害者得到解脱。
offensive	L'armée a lancé une offensive au petit matin.	军队拂晓发起攻势。
offensive	L'entreprise a mené une offensive commerciale sur le marché asiatique.	公司在亚洲市场展开了商业攻势。
offensive	Ses questions ont été perçues comme une offensive personnelle.	他的提问被视为人身攻击。
office	L'office du tourisme distribue des plans gratuits de la ville.	旅游办事处免费发放城市地图。
office	Assumer son office de trésorier demande de la rigueur.	履行财务主管的职责需要严谨。
office	L'office de placement lui a trouvé un poste en deux semaines.	职业介绍所两周内就帮他找到了工作。
ogre	Dans le conte, l'ogre dévore les enfants égarés.	童话里，食人魔吞吃迷路的孩子。
ogre	Le petit Poucet a berné l'ogre en lui volant ses bottes de sept lieues.	小拇指骗过食人魔，偷走了他的七里格靴。
ogre	Ce patron est un ogre qui ne laisse aucun week-end à ses équipes.	这位老板是个贪得无厌的家伙，连周末都不给员工放。
olive	En novembre, elle cueille des olives dans le jardin.	十一月，她在园子里摘橄榄。
olive	J'adore le pain aux olives et à l'huile d'olive.	我很喜欢加了橄榄和橄榄油的面包。
olive	L'huile d'olive de cette région est réputée dans tout le pays.	这个地区的橄榄油全国闻名。
omelette	Je sais préparer une omelette aux champignons.	我会做蘑菇煎蛋卷。
omelette	Pour le dîner, il a commandé une omelette nature.	晚餐他点了一份清煎蛋卷。
omelette	L'omelette du chef est célèbre dans tout le quartier.	主厨的煎蛋卷在全城都很有名。
on	On va à la plage demain si le temps est beau.	明天天气好，我们就去海边。
on	Ici, on dîne vers huit heures.	在这儿，大家八点左右吃晚饭。
on	On se retrouve devant la gare à sept heures ?	我们七点在车站门口碰头，好吗？
once	Cette recette demande six onces de beurre fondu.	这个配方需要六盎司融化黄油。
once	Le bijou pèse exactement une once d'or fin.	这件首饰恰好重一盎司纯金。
once	Malgré la pression, il n'a pas cédé une once de terrain.	尽管压力重重，他寸步不让。
opinion	Chacun est libre d'avoir sa propre opinion.	每个人都有权持有自己的看法。
opinion	Les sondages mesurent l'opinion publique.	民调反映的是公众的意见。
opinion	Il a changé d'opinion après avoir lu le rapport.	读完那份报告后，他改变了看法。
opium	Les guerres de l'opium ont marqué le dix-neuvième siècle.	鸦片战争给十九世纪留下了深刻的印记。
opium	La teinture d'opium calmait autrefois les douleurs des soldats.	从前鸦片酊用来缓解士兵的疼痛。
opium	Pour certains, la télévision est l'opium du peuple.	对某些人来说，电视就是人民的鸦片。
opposition	L'opposition a voté contre le budget de la défense.	反对派投票反对国防预算。
opposition	Il y a une vraie opposition entre ses paroles et ses actes.	他的言行之间存在真正的矛盾。
opposition	Le projet fait face à l'opposition des riverains.	该项目遭到周边居民的反对。
oppression	La poésie de cet exilé dénonce l'oppression du régime.	这位流亡者的诗控诉着政权的压迫。
oppression	Une oppression dans la poitrine l'a réveillé en sursaut.	胸口的憋闷让他从睡梦中惊醒。
oppression	Sous l'oppression, les chansons deviennent des drapeaux.	在压迫之下，歌声成了旗帜。
option	L'option tout compris coûte cent euros de plus.	全包选项要多花一百欧元。
option	Elle a choisi l'option latin au lycée.	她在高中选修了拉丁语。
option	Garder ta voiture actuelle est encore la meilleure option cette année.	今年留下你现在的车仍是最好的选择。
or	Cette bague ancienne est en or massif.	这枚古董戒指是纯金做的。
or	Les mineurs cherchaient de l'or au fond de la rivière.	矿工们曾在河底淘金。
or	Le coureur a remporté une médaille d'or aux championnats.	那位选手在锦标赛上拿了金牌。
oracle	Les pèlerins gravissaient la montagne pour consulter l'oracle.	朝圣者们登山求取神谕。
oracle	Il est devenu l'oracle du quartier pour tout ce qui touche aux vins.	街区里凡涉及葡萄酒的事，大家都把他当权威。
oracle	L'oracle de Delphes répondait en paroles obscures.	德尔斐神谕的回答总是晦涩难解。
oral	Elle a réussi son examen oral avec une bonne note.	她口试成绩不错，顺利通过了。
oral	La tradition orale transmet les histoires de génération en génération.	口口相传把这些故事一代代留了下来。
oral	Un accord oral ne vaut pas un contrat écrit.	口头协议比不上白纸黑字的合同。
orange	Presse deux oranges pour le jus du matin.	早上榨两个橙子做果汁。
orange	Elle porte une jupe orange très lumineuse.	她穿着一条很亮眼的橙色裙子。
orange	Tu préfères la pomme ou l'orange ?	你更喜欢苹果还是橙子？
organisation	Cette organisation humanitaire vient en aide aux réfugiés.	这个人道组织为难民提供帮助。
organisation	L'organisation du voyage lui a pris deux semaines.	筹备这次旅行花了他两个星期。
organisation	Il travaille pour une organisation internationale à Genève.	他在日内瓦的一家国际组织工作。
organiser	Nous organisons une fête surprise pour l'anniversaire de Léa.	我们正在为莉娅的生日筹备一个惊喜派对。
organiser	Elle sait parfaitement organiser son temps de travail.	她很会安排自己的工作时间。
organiser	Le club sportif a organisé un tournoi de football.	体育俱乐部组织了一场足球赛。
oriental	Ce souk vend des épices orientales aux parfums enivrants.	这个集市卖东方香料，气味令人陶醉。
oriental	La musique orientale accompagne la danseuse sur scène.	东方音乐为台上的舞者伴奏。
oriental	Le palais mêle l'architecture orientale et l'influence italienne.	这座宫殿融合了东方建筑与意大利风格。
orientation	L'orientation de la maison protège la terrasse du vent.	房子的朝向使露台免受风吹。
orientation	Il a consulté un conseiller d'orientation pour choisir sa filière.	他咨询了升学指导来选择专业方向。
orientation	L'orientation politique du journal est connue de tous.	这家报纸的政治倾向人尽皆知。
original	Je n'avais jamais lu une fin aussi originale dans ce genre de roman.	这一类型的小说里，我从没读过如此新颖的结局。
original	Garde le document original et envoie-nous une simple copie.	原件留好，给我们寄一份复印件就行。
original	Le décor original de l'appartement a été conservé pendant la rénovation.	装修时保留了公寓原有的装饰。
oui	Oui, bien sûr, je t'accompagne au marché.	好，当然，我陪你去市场。
oui	Il dit oui à tout, c'est agaçant.	他什么都点头答应，真让人着急。
oui	Tu as fait tes devoirs ? Oui, maman !	你作业做完了吗？做完了，妈妈！
ours	Un ours noir a traversé la route devant notre voiture.	一头黑熊从我们车前的马路上穿过。
ours	L'enfant ne dort jamais sans son ours en peluche.	这孩子睡觉离不开他的玩具熊。
ours	Les ours polaires souffrent du réchauffement climatique.	北极熊正饱受气候变暖之苦。
out	Ce genre de coupe est complètement out aujourd'hui.	这种版型如今早就过时了。
out	Le jury l'a déclaré out dès le premier tour du concours.	比赛第一轮评委就判他出局了。
out	Porter un jean déchiré au bureau, c'est vraiment out.	穿破洞牛仔裤上班，实在太老土了。
outrage	Il a été condamné pour outrage à magistrat.	他因辱骂法官被判刑。
outrage	Abattre ce chêne centenaire serait un outrage à la forêt.	砍倒这棵百年橡树是对森林的亵渎。
outrage	L'outrage public à la pudeur reste un délit dans le code.	公然猥亵在法律中仍属轻罪。
overdose	Les secours ont réanimé cet adolescent victime d'une overdose.	急救人员救醒了这位用药过量的少年。
overdose	Une overdose de sédatifs l'a conduit aux urgences.	镇静剂过量让他进了急诊室。
overdose	Prévention, éducation : la ville déploie un plan contre les overdoses.	预防与教育：市政府推出应对药物过量的行动方案。
page	Lis la page vingt pour demain.	读到第二十页，明天上课用。
page	Il y a une belle illustration en haut de cette page.	这一页的上方有一幅漂亮的插图。
page	Il marque sa page avec un joli marque-page.	他用一个漂亮的书签来做记号。
pain	Achète une baguette de pain pour ce soir.	给今晚买根长棍面包回来。
pain	Le boulanger sort le pain du four à sept heures.	面包师七点把面包从烤炉里取出来。
pain	Je mange du pain grillé avec de la confiture.	我吃烤面包片配果酱。
pair	Un nombre pair se divise exactement par deux.	偶数都能被二整除。
pair	Choisis un nombre pair entre dix et vingt.	在十到二十之间选一个偶数。
pair	À chaque étage pair, les balcons donnent sur la cour.	每个偶数层的阳台都朝向庭院。
palace	Cet hôtel palace offre une vue imprenable sur la baie.	这家豪华大饭店可以一览无余地俯瞰海湾。
palace	Le petit déjeuner au palace se sert sous les verrières du patio.	豪华饭店的早餐在露台玻璃棚下供应。
palace	Autrefois palais d'été, le bâtiment abrite aujourd'hui un palace.	这里曾是夏宫，如今成了一家豪华酒店。
papa	Papa nous emmène au match de football samedi.	爸爸周六带我们去看足球赛。
papa	Mon papa prépare les meilleures crêpes du monde.	我爸爸摊的可丽饼是全世界最好吃的。
papa	Demande à papa s'il peut te conduire à l'école.	问问爸爸能不能开车送你去学校。
par	Ce poème a été écrit par Victor Hugo.	这首诗是维克多·雨果写的。
par	Nous sommes passés par le parc pour éviter la circulation.	我们从公园穿过去，避开堵车。
par	Il lit vingt pages par jour.	他每天读二十页书。
parachute	Son parachute s'est ouvert sans accroc à huit cents mètres.	他的降落伞在八百米高空顺利打开。
parachute	Les pompiers parachutistes sautent avec un parachute adapté aux zones boisées.	空降消防员使用适合林区的降落伞跳伞。
parachute	Offrir un saut en parachute est un cadeau qui marque à vie.	送人跳伞体验是一份终生难忘的礼物。
parade	La parade du quatorze juillet descend les Champs-Élysées.	七月十四日的阅兵式沿香榭丽舍大街行进。
parade	Les soldats répètent la parade depuis trois semaines.	士兵们为阅兵已经排练了三周。
parade	Arrête ta parade, tout le monde a compris que tu es fort.	别炫耀了，大家早知道你厉害。
parasite	Ce parasite s'attaque aux racines des tomates.	这种寄生虫侵害番茄的根部。
parasite	Le vétérinaire a détecté un parasite intestinal chez le chiot.	兽医在小狗身上查出了肠道寄生虫。
parasite	Un parasite du sang explique la fièvre du voyageur.	一种血液寄生虫是这位旅行者发烧的原因。
pardon	Pardon, je ne vous ai pas entendu.	对不起，我没听见您说话。
pardon	Pardon, je suis en retard, le bus est passé sans s'arrêter.	不好意思我迟到了，公交没停就开走了。
pardon	Tu as dit pardon à ta sœur pour hier ?	昨天的事，你向妹妹道歉了吗？
parent	Mes parents arrivent ce week-end pour mon anniversaire.	我父母这个周末来给我过生日。
parent	Chaque parent veut le meilleur pour ses enfants.	每个父母都想把最好的给孩子。
parent	Un parent doit accompagner les élèves à la sortie.	放学时必须有家长来接学生。
parking	Le parking du centre commercial est plein le samedi.	周六商场的停车场总是停满了。
parking	Elle n'a pas trouvé de place au parking souterrain.	她在地下停车场没找到车位。
parking	Il est interdit de se garer devant l'entrée du parking.	停车场入口前禁止停车。
parole	Il a toujours tenu sa parole, même dans les moments difficiles.	即使在困难时期，他也一直信守承诺。
parole	Je connais par cœur les paroles de cette chanson.	这首歌的歌词我全都背下来了。
parole	Après la dispute, ils n'ont plus échangé une seule parole.	那次争吵之后，他们再没说过一句话。
parquet	Le parquet ancien craque sous les pas dans le couloir.	走廊里的老木地板踩上去咯吱作响。
parquet	Elle a poncé le parquet avant de poser la première couche de vernis.	她把木地板打磨后上了第一遍清漆。
parquet	Le parquet a ouvert une information judiciaire dans cette affaire.	检察院已就此案立案侦查。
part	Donne-moi ma part du gâteau, s'il te plaît.	把属于我的那份蛋糕给我，拜托。
part	C'est un cadeau de la part de toute l'équipe.	这是全队送你的礼物。
part	Il a vendu sa part de l'entreprise à son associé.	他把自己的那份公司股份卖给了合伙人。
participation	Sa participation au concours a renforcé la confiance de l'équipe.	她参赛提振了全队的信心。
participation	La participation aux élections a baissé dans les grandes villes.	大城市的选举投票率下降了。
participation	Une participation aux bénéfices motive les vendeurs mieux qu'une prime fixe.	利润分成比固定奖金更能调动销售人员的积极性。
partisan	Il reste un partisan convaincu de la majoration du salaire minimum.	他始终坚决支持上调最低工资。
partisan	Les partisans du club occupent la tribune nord.	球队的拥趸占据了北看台。
partisan	Ce projet n'a plus aucun partisan au conseil.	这项方案在委员会里已无人支持。
partition	Le chef tourne les pages de la partition sans lever les yeux.	指挥目不斜视地翻着乐谱。
partition	Cette partition de Bach est annotée de la main du maître.	这份巴赫乐谱上有大师本人的批注。
partition	Une nouvelle partition des compétences entre les deux ministères a été votée.	两部之间的职权划分已表决通过。
passage	Le passage étroit mène à la vieille église.	这条窄窄的过道通向老教堂。
passage	Il cite un passage célèbre du roman dans son exposé.	他在报告里引用了小说中的一段名句。
passage	Le passage à niveau se ferme quand le train approche.	火车快到时，道口就关上了。
passe	Sa passe décisive a offert la victoire à l'équipe.	他的关键传球为球队锁定胜局。
passe	Le randonneur a franchi la passe de montagne avant la nuit.	徒步者在天黑前翻过了山口。
passe	Il faudra plusieurs passes de ponçage avant de peindre l'escalier.	刷楼梯前还要打磨好几遍。
passer	Nous passons le week-end chez mes grands-parents.	周末我们在爷爷奶奶家过。
passer	Le bus passe toutes les dix minutes.	公交车每十分钟来一班。
passer	Peux-tu me passer le sel, s'il te plaît ?	请把盐递给我好吗？
passion	Elle a une passion pour l'archéologie depuis l'enfance.	从孩提时代起，她就对考古充满热情。
passion	Il parle de sa passion pour les voitures anciennes.	他聊起自己酷爱的老爷车就停不下来。
passion	Leur passion commune pour la musique les a rapprochés.	对音乐的共同热爱让他们越走越近。
patience	Il faut de la patience pour apprendre un instrument.	学乐器得有耐心。
patience	Elle attend son tour avec patience depuis une heure.	她已经耐心地等了一个小时。
patience	J'ai fini par perdre patience dans la file d'attente.	排队排到最后我终于失去耐心了。
patient	Le patient doit rester à jeun avant l'examen.	病人检查前必须空腹。
patient	Ce médecin écoute chaque patient sans regarder sa montre.	这位医生看诊从不看表，耐心听完每位病人。
patient	Les patients du service de cardiologie sortiront vendredi.	心脏科病房的病人周五出院。
patron	Le patron de la boulangerie se lève avant l'aube.	面包店老板天不亮就起床。
patron	J'ai demandé conseil à mon patron avant de signer le contrat.	签合同之前，我征求了老板的意见。
patron	Elle est devenue patronne de son propre restaurant.	她开了自己的餐厅，当了老板娘。
pause	Faisons une pause de dix minutes avant de continuer.	先休息十分钟再继续吧。
pause	Pendant la pause déjeuner, elle lit un chapitre de roman.	午休时她读一章小说。
pause	Le chanteur a marqué une pause avant le dernier couplet.	歌手在唱最后一段前停顿了一下。
payer	Je paie l'addition aujourd'hui, tu paieras la prochaine fois.	今天我买单，下次你请。
payer	Il faut payer le ticket avant de monter dans le train.	上火车前要先付车票钱。
payer	Nous avons payé le loyer en retard ce mois-ci.	这个月我们房租交晚了。
penchant	Il a toujours eu un penchant pour les vieilles voitures anglaises.	他一直偏爱英国老车。
penchant	Son penchant pour l'exagération agace ses collègues.	他爱夸大其词的毛病让同事恼火。
penchant	Mon penchant pour le sucre résiste à tous les régimes.	我对甜食的偏好什么节食都挡不住。
pendant	Pendant les vacances, nous logeons chez ma tante.	放假期间，我们住在姑姑家。
pendant	Il a plu pendant toute la cérémonie.	整个典礼期间一直在下雨。
pendant	Elle lit pendant que son frère joue dehors.	她看书的时候，她弟弟在外面玩。
pension	Il touche une pension de retraite modeste depuis deux ans.	两年来他领着微薄的退休金。
pension	La pension de famille comprend le dîner et le petit déjeuner.	家庭旅馆的房费含晚餐和早餐。
pension	Elle a placé son vieux chien dans une pension pendant les vacances.	度假期间她把老狗寄养在寄养所。
people	Ce magazine people vit de scoops douteux.	这本八卦杂志靠真假难辨的猛料过活。
people	La Croisette attire chaque année une foule people pendant le festival.	电影节期间，海滨大道挤满了明星和看热闹的人。
people	Elle rêve d'une vie people, flashs et tapis rouge.	她梦想过闪光灯和红毯相伴的名人生活。
perception	Sa perception des couleurs change avec la lumière du soir.	他对色彩的感知随傍晚光线变化。
perception	La perception du risque varie beaucoup d'une personne à l'autre.	人对风险的看法差异很大。
perception	Une meilleure perception des besoins des clients a sauvé la gamme.	更好地把握客户需求挽救了这个产品线。
perfection	Elle vise la perfection dans tout ce qu'elle entreprend.	无论做什么，她都追求完美。
perfection	Le tableau a été restauré à la perfection.	这幅画被修复得尽善尽美。
perfection	La perfection n'existe pas, mais on peut s'en approcher.	完美并不存在，但我们可以不断接近它。
performance	La performance de la batterie a doublé avec la nouvelle version.	新版本让电池性能翻了一番。
performance	Sa performance au marathon a battu le record du club.	他马拉松的成绩打破了俱乐部纪录。
performance	L'équipe analyse la performance des ventes chaque trimestre.	团队每季度分析销售业绩。
permanence	Le médecin de garde assure la permanence ce week-end.	值班医生本周末负责轮值。
permanence	La permanence juridique du centre social reçoit sans rendez-vous.	社区中心的法律值班室无需预约即可咨询。
permanence	Une équipe de permanence surveille le chantier toute la nuit.	值班小组整夜守在工地上。
permanent	Le personnel permanent encadre les nouveaux arrivants.	正式员工负责带新人。
permanent	Une exposition permanente retrace l'histoire du port.	一个常设展览讲述港口的历史。
permanent	Ce souvenir permanent de son voyage l'accompagne partout.	旅途的永久记忆一直伴随着他。
permission	Il a demandé la permission au directeur pour partir plus tôt.	他向经理申请提前下班的许可。
permission	Sans la permission de tes parents, pas d'excursion.	没有爸妈的同意，别想出去玩。
permission	Elle lui a accordé la permission d'utiliser sa voiture.	她允许他借用她的车。
personnel	Le personnel de l'hôtel est très accueillant.	这家酒店的员工特别热情。
personnel	C'est une question personnelle, je préfère ne pas répondre.	这是个私人问题，我不想回答。
personnel	Chaque employé possède une armoire personnelle.	每位员工都有一个专属储物柜。
perspective	Cette formation ouvre une belle perspective d'embauche.	这项培训带来了不错的就业前景。
perspective	Le peintre maîtrise la perspective du paysage à la perfection.	画家把风景的透视处理得炉火纯青。
perspective	Changer de perspective aide à dénouer bien des conflits.	换个视角看问题，许多矛盾就能化解。
persuader	Rien ne pourra me persuader de vendre la maison familiale.	什么都无法说服我卖掉祖屋。
persuader	Elle a persuadé son patron d'essayer le télétravail un jour par semaine.	她说服老板每周试行一天远程办公。
persuader	Persuader un enfant de finir sa soupe demande de l'imagination.	说服孩子喝完汤需要点想象力。
pertinent	Sa remarque pertinente a relancé le débat.	他中肯的评论让讨论重新活跃起来。
pertinent	Choisis des exemples pertinents pour appuyer ton argumentation.	选一些贴切的例子来支撑你的论点。
pertinent	Le jury a jugé la question parfaitement pertinente.	评委认为这个问题提得非常到位。
perversion	Cette perversion de la justice choque tous les avocats.	司法被如此扭曲，所有律师都感到震惊。
perversion	Le film explore la perversion d'un personnage apparemment banal.	影片剖析了一个看似普通人物的变态心理。
perversion	Miser contre son équipe est une perversion de l'esprit sportif.	压自家球队输球，是对体育精神的歪曲。
peso	Le prix du marché est affiché en pesos.	市场价格用比索标示。
peso	Un peso vaut aujourd'hui moins qu'il y a six mois.	一比索现在的币值比半年前低了。
peso	Il a changé ses euros en pesos à l'aéroport.	他在机场把欧元换成了比索。
pet	En pleine prière, le petit a lâché un pet qui a fait rire toute la nef.	祷告进行到一半，小家伙放了个屁，把整座教堂的人都逗笑了。
pet	Un pet de cheval dans la cour a déclenché l'hilarité des enfants.	院子里马放了个屁，孩子们笑作一团。
pet	Ne retiens pas tes pets, ça ne sert qu'à te donner mal au ventre.	别憋着屁，只会胀得肚子疼。
phase	Le projet entre dans sa phase finale avant la livraison.	项目在交付前进入最后阶段。
phase	Passe-moi le rapport quand tu as terminé cette phase.	你做完这个阶段就把报告递给我。
phase	Chaque phase de la vie apporte son lot de leçons.	人生的每个阶段都有各自的功课。
photo	On fait une photo de groupe devant la tour ?	我们在铁塔前面拍张合影好吗？
photo	Cette vieille photo de famille date de 1985.	这张老全家福是一九八五年拍的。
photo	Elle accroche ses photos de voyage au mur du salon.	她把旅行照片挂在客厅墙上。
phrase	Répète cette phrase après moi, s'il te plaît.	请跟我把这句话念一遍。
phrase	Cette phrase est trop longue, coupe-la en deux.	这个句子太长，把它拆成两句吧。
phrase	Il a terminé son devoir par une phrase amusante.	他用一句有趣的话结束了作文。
physique	Elle a une forme physique impressionnante pour son âge.	这个年纪有这样的体格真让人佩服。
physique	La physique quantique lui semble incompréhensible.	量子物理他完全看不懂。
physique	Ce travail demande un effort physique important.	这活儿很费体力。
piano	Elle joue du piano depuis l'âge de cinq ans.	她五岁起就学弹钢琴。
piano	Le piano du salon n'a pas été accordé depuis des années.	客厅那架钢琴好几年没调音了。
piano	Il répète son morceau de piano tous les soirs.	他每天晚上练习自己的钢琴曲。
pied	Nous montons au sommet à pied.	我们步行登上山顶。
pied	Il s'est blessé au pied en jouant au football.	他踢足球时把脚弄伤了。
pied	Le village est à dix minutes à pied de la plage.	村子离海滩步行十分钟。
pigeon	Les pigeons de la place volent vers les enfants.	广场上的鸽子朝孩子们飞去。
pigeon	Un pigeon s'est installé sur mon balcon et y niche.	一只鸽子在我家阳台上安了家。
pigeon	Il élève des pigeons voyageurs comme son père.	他像父亲当年一样养起了信鸽。
pile	La télécommande ne marche plus, change la pile.	遥控器没电了，换节电池吧。
pile	Il a une pile de dossiers à traiter avant vendredi.	他有一摞文件要在周五前处理完。
pile	Cette pile dure environ six mois avec un usage normal.	正常使用的话，这节电池能用半年左右。
pilotage	Son pilotage souple a impressionné le moniteur.	他平顺的驾驶技术让教练印象深刻。
pilotage	Le pilote automatique reprend le pilotage au-dessus de dix mille mètres.	一万米以上由自动驾驶系统接管操控。
pilotage	Le pilotage du port guide les navires jusqu'à quai.	引航部门引导船只靠泊码头。
pilule	Ma grand-mère ne peut pas avaler ces grosses pilules.	我祖母咽不下这些大药丸。
pilule	Elle a arrêté la pilule pour essayer d'avoir un bébé.	她停了避孕药，想试着要个孩子。
pilule	Le médecin lui a prescrit une pilule contre le mal des transports.	医生给她开了一粒防晕车的药丸。
pin	La forêt de pins sent bon la résine.	松树林里满是树脂的清香。
pin	Un grand pin cache le soleil de la terrasse.	一棵大松树给露台挡住了太阳。
pin	Nous avons cueilli des pommes de pin pour décorer la table.	我们捡了些松果来装饰桌子。
ping-pong	Nous jouons au ping-pong pendant la pause du midi.	午休时我们打乒乓球。
ping-pong	Le club de ping-pong recrute de nouveaux membres.	乒乓球俱乐部正在招新成员。
ping-pong	Il a gagné le tournoi de ping-pong du lycée.	他拿了学校的乒乓球赛冠军。
pipe	Mon grand-père fumait la pipe en lisant le journal.	爷爷以前总是一边看报一边抽烟斗。
pipe	Il a offert une belle pipe en bois à son oncle.	他送给叔叔一支漂亮的木烟斗。
pipe	Il nettoie sa pipe chaque soir près de la cheminée.	他每天晚上在壁炉边清理烟斗。
piquant	Ce fromage de chèvre a un goût bien piquant.	这种山羊奶酪的味道相当冲。
piquant	Attention aux cactus, leurs épines sont piquantes.	小心仙人掌，它的刺会扎人。
piquant	Il a lancé une remarque piquante au cours du dîner.	他在晚饭时说了一句尖刻的话。
pique	Le valet de pique remporte le pli.	黑桃杰克赢下了这一墩。
pique	Le picador plante sa pique sur le garrot du taureau.	骑马长矛手把长矛刺在牛的肩颈上。
pique	Les gardes du roi brandissaient piques et hallebardes.	国王的卫兵举着长矛和戟。
pirate	Le petit joue aux pirates avec ses copains.	小家伙和伙伴们扮成海盗玩耍。
pirate	Un pirate informatique a bloqué les serveurs de l'entreprise.	一名黑客把公司的服务器给锁了。
pirate	Ce costume de pirate pour Halloween est déjà prêt.	万圣节的海盗服装已经准备好了。
piscine	Les enfants nagent à la piscine municipale le mercredi.	孩子们每周三去市游泳馆游泳。
piscine	La piscine de l'hôtel est chauffée toute l'année.	酒店的泳池全年都有温水。
piscine	Ferme la piscine avant l'hiver, sinon l'eau gèle.	入冬前得把泳池关掉，不然水会结冰。
piston	Le piston de la pompe s'use plus vite que prévu.	水泵的活塞磨损得比预想的快。
piston	Il a obtenu le poste par piston, tout le monde le sait.	他是靠关系得到这个职位的，大家都知道。
piston	Ce moteur quatre cylindres a un piston fendu.	这台四缸发动机有一个活塞裂了。
pizza	On commande une pizza ce soir, tu en veux ?	今晚叫个披萨，你要来一份吗？
pizza	Cette pizzeria fait la meilleure pizza de la ville.	这家店的披萨是全城最好吃的。
pizza	Il reste deux parts de pizza au frigo.	冰箱里还剩两块披萨。
placard	Les couvertures d'hiver sont rangées dans le placard du couloir.	过冬的被子都收在走廊的壁橱里。
placard	Il y a encore des conserves au fond du placard.	橱柜最里面还有几罐罐头。
placard	Elle a trouvé sa robe de mariée dans le placard de sa mère.	她在妈妈的柜子里找到了婚纱。
place	Ta place est à côté de la mienne.	你的位子在我旁边。
place	Nous nous retrouvons sur la place du marché à midi.	我们中午在集市广场碰头。
place	Il n'y a plus de place dans le parking.	停车场里已经没有空位了。
placement	L'assurance-vie reste un placement sûr pour les prudents.	对稳健的人来说，人寿保险仍是稳妥的投资。
placement	Son placement immobilier rapporte mieux que le livret.	他的房产投资比储蓄账户收益高。
placement	Le placement des couverts suit un ordre précis sur la table.	餐具的摆放要按规矩来。
placer	Il faut placer les invités à table selon un plan précis.	要按座次表安排宾客入席。
placer	Où placer cette grande armoire dans une pièce si petite ?	房间这么小，这个大衣柜往哪儿放？
placer	Le guide place les touristes au premier rang pour le spectacle.	导游把游客安排在第一排看演出。
plan	Sur ce plan de la ville, la gare est près du fleuve.	在这张城市地图上，车站就在河边。
plan	Son plan d'économies a fini par fonctionner.	他的省钱计划最后还真管用。
plan	On a changé de plan à la dernière minute, la météo s'est gâtée.	天气变坏，我们临时改了计划。
planer	Les aigles planent au-dessus de la vallée en tournant.	鹰在山谷上空盘旋翱翔。
planer	Un doute plane sur l'avenir de l'entreprise.	疑云笼罩着公司的前途。
planer	Une odeur de grillades plane dans tout le jardin.	烤肉的香味飘满了整个花园。
planning	Mon planning est chargé cette semaine, je n'ai aucune heure libre.	我这周日程排得很满，一点空闲都没有。
planning	Affiche le planning des équipes dans la salle de repos.	把各组的排班表贴在休息室里。
planning	Avec un bon planning, tu gagneras beaucoup de temps.	日程安排得好，能省下不少时间。
plantation	La plantation de café s'étend sur des centaines d'hectares.	咖啡种植园绵延数百公顷。
plantation	Nous avons fini la plantation des tomates ce week-end.	我们周末完成了番茄的移栽。
plantation	Les ouvriers de la plantation se lèvent avant l'aube.	种植园的工人们天不亮就起床。
planter	Nous plantons des tomates et des salades au printemps.	春天我们种下番茄和生菜。
planter	Il a planté un pommier au fond du jardin.	他在花园深处栽了一棵苹果树。
planter	Elle a planté un clou dans le mur pour accrocher le miroir.	她在墙上钉了个钉子挂镜子。
plaque	L'agent a relevé le numéro de la plaque d'immatriculation.	警察记下了车牌号。
plaque	Une plaque de marbre recouvre le comptoir de la cuisine.	厨房台面上铺着一块大理石板。
plaque	La plaque du four reste chaude après la cuisson.	烤箱的烤盘用完之后还很烫。
plasma	La collecte de plasma manque de donneurs depuis l'été.	入夏以来，血浆采集一直缺捐献者。
plasma	Le cœur du soleil est un plasma à quinze millions de degrés.	太阳核心是温度高达一千五百万度的等离子体。
plasma	L'écran plasma du salon grésille encore après vingt ans.	客厅的等离子电视用了二十年还有轻微的电流声。
plateau	La serveuse apporte le plateau du petit-déjeuner dans la chambre.	女服务员把早餐托盘端进房间。
plateau	Le village domine un plateau aride où paissent les moutons.	村子俯瞰着一片干旱高原，羊群在上面吃草。
plateau	Ce plateau de fromages est impressionnant, goûte le bleu.	这盘奶酪很气派，尝尝蓝纹的。
plausible	Son explication paraît plausible, vérifions quand même.	他的解释听起来有道理，但还是核实一下。
plausible	Un scénario plausible d'ici 2050 prévoit des étés de quarante degrés.	一种到二〇五〇年的可信情景预测夏天将达四十度。
plausible	Cette version est plausible, mais rien ne la prouve.	这个说法说得通，只是没有证据。
plume	Une plume de cygne flotte sur l'eau du lac.	一根天鹅羽毛在湖面上飘着。
plume	Les plumes du paon brillent de mille couleurs.	孔雀的羽毛五彩斑斓。
plume	Autrefois, on écrivait avec une plume d'oie.	从前人们用鹅毛笔写字。
plus	Ce sac est plus lourd qu'il n'y paraît.	这个包比看上去要重。
plus	Je ne veux plus entendre cette chanson.	这首歌我再也不想听了。
plus	Deux plus trois font cinq.	二加三等于五。
podium	Elle a grimpé sur la première marche du podium, émue aux larmes.	她登上领奖台最高一级，激动得流下眼泪。
podium	Le conférencier s'installe derrière le podium et commence son discours.	演讲者在讲台后坐定，开始发言。
podium	Les journalistes se bousculent au pied du podium pour interviewer les médaillés.	记者们挤在领奖台下，争着采访奖牌得主。
point	Notre équipe a gagné avec trois points d'avance.	我们队以三分优势赢了比赛。
point	Je vois ton point de vue, mais je reste d'un autre avis.	我明白你的观点，但我还是不这么看。
point	Le point de rencontre est devant la cathédrale à dix heures.	集合点在大教堂门口，十点见。
pointer	Les ouvriers doivent pointer avant sept heures du matin.	工人必须在早上七点前打卡。
pointer	Elle a pointé du doigt l'erreur dans le rapport.	她用手指出了报告里的错误。
pointer	Un sourire pointe au coin de ses lèvres.	一丝笑意在他嘴角浮现。
poison	Certains champignons sauvages contiennent un poison mortel.	有些野蘑菇含有致命的毒素。
poison	Dans les contes, la sorcière prépare un poison vert.	故事里，女巫调制了一瓶绿色的毒药。
poison	La rumeur agit comme un poison dans un petit village.	流言在小村子里就像毒药一样害人。
poker	Ils jouent au poker tous les vendredis soir entre amis.	每逢周五晚上，他们几个朋友聚在一起打扑克。
poker	Elle a gagné la partie de poker avec une main excellente.	她靠一手好牌赢了那局扑克。
poker	Le poker demande de la chance, mais aussi de la stratégie.	打扑克既靠运气，也靠策略。
police	Appelle la police, il y a eu un accident.	快报警，这里出事故了。
police	La police municipale patrouille dans le centre-ville.	市政警察在市中心巡逻。
police	Il a signalé le vol de sa voiture à la police.	他向警方报了汽车失窃。
pollution	La pollution de l'air aggrave les allergies au printemps.	春天的空气污染让过敏更严重。
pollution	La ville limite la circulation pour réduire la pollution.	为了减少污染，市政府限制了机动车通行。
pollution	Les enfants apprennent à l'école les effets de la pollution.	孩子们在学校学习污染的危害。
pop	Elle écoute de la pop des années quatre-vingts en voiture.	她开车时听八十年代的流行乐。
pop	Ce groupe pop sort un nouvel album au printemps.	这支流行乐队将在春天发新专辑。
pop	Sa culture pop est immense : films, séries, musiques.	他的流行文化储备大得惊人：电影、剧集、音乐样样都懂。
population	La population de cette région double en été.	夏天这个地区的人口会翻倍。
population	Le recensement compte la population de chaque quartier.	人口普查统计每个街区的人数。
population	Une grande partie de la population vieillit dans les zones rurales.	农村地区的居民正在老龄化。
port	Les bateaux de pêche rentrent au port avant la nuit.	渔船赶在天黑前回港。
port	Le port de Marseille est le premier de France.	马赛港是法国第一大港。
port	Nous nous promenons sur les quais du port le dimanche.	周日我们沿着港口的堤岸散步。
portable	Elle a oublié son portable à la maison.	她把手机忘在家里了。
portable	Ce portable coûte moins de deux cents euros.	这部手机不到两百欧元。
portable	L'ordinateur portable tient dans ce sac à dos.	这台笔记本电脑放得进这个背包。
porter	Elle porte toujours la même écharpe rouge.	她总是围着同一条红围巾。
porter	Ce sac est lourd, tu ne peux pas le porter seul.	这个包很重，你一个人拎不动。
porter	Il porte son petit frère sur ses épaules.	他把小弟弟扛在肩膀上。
portion	Il reste une portion de lasagnes pour ton dîner.	还剩一份千层面，留给你当晚饭。
portion	Cette portion de la route est fermée pour travaux.	这段路因施工封闭。
portion	Les portions servies dans ce restaurant sont énormes.	这家餐厅的菜量惊人。
portrait	Un portrait de sa grand-mère, peint en 1930, orne le salon.	客厅里挂着一幅 1930 年画的外祖母肖像。
portrait	Le journaliste a dressé un portrait saisissant de la ville.	记者把这座城市描绘得栩栩如生。
portrait	Elle a fait faire son portrait par un artiste de la place du Tertre.	她请小丘广场的一位画家给自己画了像。
pose	Le mannequin garde sa pose devant l'objectif.	模特在镜头前保持着姿势。
pose	Elle adopte la même pose sur toutes les photos.	她每张照片都摆同一个姿势。
pose	L'artiste a demandé une pose immobile de dix minutes.	画家要求她保持姿势十分钟不许动。
position	Le chirurgien ajuste la position du patient avant l'opération.	手术前，外科医生先调整病人的姿势。
position	Sa position sur ce dossier n'a pas changé depuis des mois.	几个月来，他对这个案子的立场一直没变。
position	Dans cette position, les noirs ont l'avantage.	在这个局面里，黑棋占优。
possession	La maison est toujours en la possession de la famille Duval.	这栋房子仍归杜瓦尔家所有。
possession	Il a inventorié toutes ses possessions avant de déménager.	搬家前，他把全部家当清点了一遍。
possession	Ce document prouve votre possession du terrain depuis vingt ans.	这份文件证明您拥有这块地已有二十年。
possible	Est-il possible de réserver une table pour ce soir ?	今晚订个位子可以吗？
possible	Avec de la patience, tout devient possible.	只要有耐心，一切都有可能。
possible	C'est possible, mais il faudra se lever très tôt.	有可能，不过得起得很早。
postal	Le service postal délivre le courrier même en montagne.	即使在山区，邮政也能送信上门。
postal	Elle collectionne les cartes postales et les timbres postaux.	她收集明信片和邮票。
postal	N'oublie pas ton adresse postale complète sur le formulaire.	别忘了在表格上填上完整的邮寄地址。
poster	J'ai posté ta lettre recommandée ce matin.	我今早把你的挂号信寄出去了。
poster	Elle a posté une annonce dans le hall de l'université.	她在大学门厅贴了一则启事。
poster	Les manifestants ont posté des affiches sur tous les murs du quartier.	示威者把海报贴满了街区所有的墙。
pot	Elle prépare de la confiture et la met dans des pots en verre.	她做果酱，装进玻璃罐里。
pot	Il a un pot de fleurs sur le rebord de la fenêtre.	窗台上摆着他的一盆花。
pot	Tu as eu du pot, le dernier train partait dans dix minutes.	你运气真好，末班车十分钟之后才发车。
potable	L'eau du robinet est potable dans toute la commune.	全城的自来水都可饮用。
potable	Cette source n'est pas potable, ne buvez pas dedans.	这处泉水不能喝，别喝它。
potable	Le restaurant était correct, la cuisine juste potable.	餐厅还过得去，菜只能算凑合。
potence	Au Moyen Âge, les voleurs finissaient parfois au bout de la potence.	中世纪，小偷有时会落得被绞死的下场。
potence	Le condamné a grimpé sur la potence sans dire un mot.	死刑犯一言不发地走上了绞刑架。
potence	L'exposition présente la reconstitution d'une potence médiévale.	展览展示了中世纪绞刑架的复原模型。
potion	La sorcière prépare une potion magique dans son chaudron.	女巫在大锅里熬制魔法药水。
potion	Le pharmacien a préparé une potion contre la toux.	药剂师调配了一服止咳药水。
potion	Buvez cette potion trois fois par jour avant les repas.	这药水每日三次，饭前服用。
pour	Ce cadeau est pour toi, joyeux anniversaire !	这份礼物是送你的，生日快乐！
pour	Nous partons pour Lyon demain matin.	我们明天早上去里昂。
pour	Il court chaque matin pour rester en forme.	他每天早晨跑步锻炼身体。
prairie	Les vaches paissent dans la prairie jusqu'au coucher du soleil.	奶牛在草地上吃草，一直吃到日落。
prairie	Une prairie fleurie s'étend derrière la ferme.	农场后面是一片开满野花的草地。
prairie	Nous avons pique-niqué au bord de la prairie, près du ruisseau.	我们在草地边、小溪旁野了餐。
premier	C'est mon premier jour dans cette entreprise.	今天是我在这家公司的第一天。
premier	Le premier train part à cinq heures et demie.	头班火车五点半发车。
premier	Elle a gagné le premier prix au concours de piano.	她在钢琴比赛里拿了一等奖。
prescription	Le pharmacien refuse de délivrer ce médicament sans prescription.	没有处方，药剂师不肯卖这种药。
prescription	L'avocat invoque la prescription pour faire annuler la poursuite.	律师援引时效规定，要求撤销诉讼。
prescription	Ce délit est couvert par la prescription depuis deux ans.	这起轻罪已过两年诉讼时效。
pressing	Je dépose mon costume au pressing en revenant du bureau.	下班回来时，我把西装送去干洗店。
pressing	Ce pressing rend les chemises le jour même.	这家干洗店当天就能取衬衫。
pressing	Le pressing du coin a baissé ses tarifs pour attirer les étudiants.	街角的干洗店降价招揽学生顾客。
prestige	Cette grande école jouit d'un immense prestige à l'international.	这所名校在国际上声望极高。
prestige	Le prestige des anciens élèves n'ouvre pas toutes les portes.	校友的名望并非万能的敲门砖。
prestige	La marque mise sur le prestige de son histoire centenaire.	这个品牌主打百年历史的声望。
prime	Les employés touchent une prime de fin d'année en décembre.	员工十二月领年终奖。
prime	Une prime de fidélité récompense les clients de longue date.	忠诚信赖奖用来回报老客户。
prime	Cette année, la prime a été versée plus tôt que d'habitude.	今年奖金发得比往年早。
primordial	Il est primordial de vérifier les freins avant un long trajet.	长途出行前，检查刹车至关重要。
primordial	L'eau représente un enjeu primordial pour cette région aride.	对这片干旱地区来说，水是首要问题。
primordial	Sa mère joue un rôle primordial dans sa réussite.	母亲在他的成功中起到了关键作用。
prince	Le prince charmant arrive toujours à temps dans les contes.	童话里，白马王子总是及时赶到。
prince	Ce palais appartient au prince depuis trois générations.	这座宫殿是亲王家的，已经传了三代。
prince	Le petit garçon s'habille en prince pour le carnaval.	小男孩化装成王子去过狂欢节。
principal	La raison principale de son départ reste le travail.	他离职最主要的原因还是工作。
principal	L'entrée principale du musée ouvre à neuf heures.	博物馆正门九点开门。
principal	Son principal défaut reste son manque de patience.	他最大的毛病就是没有耐心。
prise	Branche la lampe dans la prise près du canapé.	把台灯插到沙发旁边的插座上。
prise	Elle a saisi la corde à deux mains, d'une prise ferme.	她双手紧紧抓住绳子，握得很牢。
prise	La prise de son a échoué, il faut refaire l'enregistrement.	收音没成功，得重新录一遍。
prison	Le voleur a passé trois ans en prison.	那个小偷蹲了三年监狱。
prison	Cette ancienne prison abrite aujourd'hui un musée.	这座旧监狱如今改成了博物馆。
prison	Il risque la prison à vie pour ce crime.	他犯下重罪，可能被判终身监禁。
pro	Pour la plomberie, fais appel à un pro.	水管的事要请行家来做。
pro	Il joue au tennis comme un vrai pro.	他网球打得像职业选手。
pro	Les pros conseillent d'aiguiser ses couteaux chaque mois.	行家们建议每月磨一次刀。
probable	Il est probable qu'il pleuve demain matin.	明天早上很可能下雨。
probable	Un retard est probable à cause de la grève.	因为罢工，很可能会晚点。
probable	La solution la plus probable reste un simple malentendu.	最可能的解释是一场误会。
procession	La procession traverse le village derrière la statue de la Vierge.	游行队伍抬着圣母像穿过村庄。
procession	Une longue procession d'invités s'arrête devant la salle de fête.	一长列宾客在宴会厅前停了下来。
procession	Les enfants suivent la procession en chantant des cantiques.	孩子们唱着圣歌跟在游行队伍后面。
production	La production de la série reprendra au printemps.	这部连续剧的摄制将在春季恢复。
production	L'usine a doublé sa production depuis l'installation des nouveaux robots.	装上新机器人后，工厂产量翻了一番。
production	Ce pays dépend encore de la production pétrolière.	这个国家仍然依赖石油生产。
prof	Mon prof de maths explique toujours deux fois.	我的数学老师总是讲两遍。
prof	La prof d'anglais a annulé le cours de ce matin.	英语老师取消了今天上午的课。
prof	Notre prof nous a donné moins de devoirs pour les vacances.	放假前，老师给我们的作业布置得少了些。
profession	Quelle profession exerces-tu ?	你从事什么职业？
profession	Elle exerce la profession d'infirmière depuis vingt ans.	她做护士这一行已经二十年了。
profession	Ce métier demande une vraie passion, c'est plus qu'une profession.	这一行需要真正的热爱，不只是份职业。
profit	L'association reverse tout son profit aux écoles du quartier.	协会把全部利润都捐给街区的学校。
profit	Tire profit de tes erreurs pour progresser.	要从错误中获益，才能进步。
profit	L'entreprise a réalisé un profit record cette année.	公司今年利润创了纪录。
programme	Le programme du festival sort la semaine prochaine.	艺术节的节目单下周发布。
programme	Elle a suivi un programme de remise en forme pendant trois mois.	她照着一个健身计划练了三个月。
programme	Ce programme télévisé passionne toute la famille.	这档电视节目全家人都爱看。
programmer	Je vais programmer le réveil pour six heures et demie.	我要把闹钟定到六点半。
programmer	Elle programme des applications pour les hôpitaux.	她为医院开发应用程序。
programmer	La municipalité a programmé des concerts gratuits tout l'été.	市政府安排了整个夏天的免费音乐会。
projection	La projection du documentaire aura lieu jeudi soir.	纪录片放映定在周四晚上。
projection	La projection du plan sur le mur a guidé les maçons.	把图纸投射到墙上，指导了砌墙的工人。
projection	La projection commence après une courte présentation du réalisateur.	放映之前，导演会先做简短介绍。
promenade	Nous faisons une promenade le long du canal chaque dimanche.	每周日我们都沿运河散步。
promenade	La promenade du soir l'aide à penser à autre chose.	晚上的散步能让她暂时不想烦心事。
promenade	Les enfants adorent la promenade à dos de poney.	孩子们最喜欢骑小马兜风。
promo	Il y a une promo sur le poulet cette semaine.	这周鸡肉特价。
promo	J'ai profité d'une promo pour acheter mon ordinateur.	我趁促销活动买了电脑。
promo	Les promos d'hiver commencent mercredi dans tous les magasins.	各家商店的冬季促销周三开始。
promotion	Elle a obtenu une promotion après seulement deux ans dans l'entreprise.	进公司才两年，她就得到了晋升。
promotion	Il y a une promotion de vingt pour cent sur tous les pantalons.	所有裤子都在打八折。
promotion	Les anciens de la promotion 2010 organisent une soirée.	2010 届的毕业生在筹办聚会。
proportion	Une grande proportion des élèves réussit l'examen du premier coup.	很大比例的学生一次就通过考试。
proportion	La proportion de personnes âgées augmente chaque année.	老年人口的比例逐年上升。
proportion	Le châtiment doit être en proportion de la faute.	惩罚应与过错相称。
proposition	J'accepte ta proposition de reporter la réunion à jeudi.	我接受你把会议改到周四的提议。
proposition	La proposition sera soumise au vote de l'assemblée.	这项提案将交由大会表决。
proposition	Le vendeur m'a fait une proposition intéressante sur la voiture.	卖家就这辆车给了我一个不错的报价。
prostitution	La prostitution reste un fléau dans certains quartiers la nuit.	夜晚，卖淫现象在某些街区仍是顽疾。
prostitution	Cette association aide les personnes qui quittent la prostitution.	这个组织帮助人们脱离卖淫行业。
prostitution	La ville a fermé les lieux de prostitution près des écoles.	市政府关闭了学校附近的卖淫场所。
protection	Ce casque offre une bonne protection pour le vélo.	这顶头盔骑车防护效果很好。
protection	La protection de l'environnement préoccupe toute la commune.	环境保护是全社区都关心的事。
protection	Les crèmes solaires offrent une protection contre les ultraviolets.	防晒霜能挡住紫外线。
protestant	Ce temple protestant date du dix-septième siècle.	这座新教教堂建于十七世纪。
protestant	Ma grand-mère protestante chantait les psaumes tous les dimanches.	我信新教的祖母每个星期天都唱圣诗。
protestant	Les protestants représentent une minorité religieuse dans cette région.	在这个地区，新教徒是宗教少数群体。
protestation	La hausse des prix a déclenché des protestations chez les usagers.	涨价引发了用户的抗议。
protestation	Malgré les protestations du voisinage, le chantier a démarré.	尽管邻里抗议，工地还是开工了。
protestation	Il a quitté la salle en signe de protestation.	他离开会场，以示抗议。
protester	Des centaines d'agriculteurs ont protesté devant la préfecture.	数百名农民在省政府前抗议。
protester	Elle a protesté contre la décision du jury.	她对评审团的决定提出了抗议。
protester	Il proteste vivement, mais personne ne l'écoute.	他激烈抗议，却没人听。
prototype	L'ingénieur présente le prototype de la voiture électrique.	工程师展示了电动车的原型样机。
prototype	Ce prototype coûte cher, mais il prouve le concept.	这个样机造价不菲，但验证了设计构想。
prototype	Après trois prototypes ratés, la quatrième version fonctionne enfin.	三个原型失败之后，第四版终于能用。
protégé	Ce jeune peintre est le protégé d'une galeriste renommée.	这位年轻画家是知名画廊老板的门生。
protégé	En tant que tuteur, il veille sur son protégé jour et nuit.	作为监护人，他日夜照看被保护的孩子。
protégé	L'ancien chef a présenté son protégé à tout le comité.	老领导把他提携的后生介绍给了全体委员。
provenance	Ce fromage porte une étiquette indiquant sa provenance.	这块奶酪贴着标明产地的标签。
provenance	La police a tracé la provenance de l'appel menaçant.	警方追查到了那通威胁电话的来源。
provenance	Des touristes de toutes provenances visitent le château en été.	夏天，来自各地的游客都来参观这座城堡。
province	Il est parti étudier à Paris, loin de sa province natale.	他离开家乡的外省，去巴黎求学。
province	Cette usine alimente toute la province en meubles.	这家工厂为全省供应家具。
province	En province, les rythmes de vie sont plus lents.	在外省，生活节奏更慢一些。
provision	Fais des provisions avant le week-end de Pâques.	复活节小长假前先囤些吃的。
provision	Le chalet est plein de provisions pour l'hiver.	小木屋里备满了过冬的物资。
provision	Nous avons pris des provisions de route pour le trajet.	我们备好了路上的干粮。
provocation	Répéter sans arrêt la même insulte, c'est de la provocation.	不停地重复同一句侮辱，这就是挑衅。
provocation	Sa démission a été perçue comme une provocation par la direction.	管理层把他的辞职视为一种挑衅。
provocation	Cette tenue n'est pas une provocation, c'est son style.	这样穿不是挑衅，是她的风格。
prudence	Roulez avec prudence, la route est verglacée.	路面结冰，小心驾驶。
prudence	Par prudence, il a fait vérifier les freins avant le voyage.	为谨慎起见，出行前他去检查了刹车。
prudence	Sa prudence l'a sauvé plus d'une fois en montagne.	在山里，他的谨慎不止一次救了他。
prudent	Sois prudent en traversant cette route sans trottoir.	过这条没人行道的马路要小心。
prudent	Elle reste toujours prudente quand elle signe un contrat.	签合同的时候她一向谨慎。
prudent	Un conducteur prudent ralentit avant ce virage.	稳重的司机过弯前总会减速。
prune	Il récolte les prunes du verger fin août.	八月底他收果园里的李子。
prune	Elle prépare une tarte aux prunes pour le goûter.	她做了李子挞当下午茶点心。
prune	Les prunes séchées se conservent tout l'hiver.	李子干能存放一整个冬天。
pub	Cette pub m'est restée dans la tête toute la journée.	这条广告在我脑子里转了一整天。
pub	Il zappe dès qu'une pub commence à la télé.	电视里广告一开始他就换台。
pub	La nouvelle pub pour la voiture sort au cinéma ce mois-ci.	汽车的新广告这个月登陆影院。
public	Le public applaudit longuement à la fin du spectacle.	演出结束时，观众掌声经久不息。
public	Ce parc est ouvert au public toute l'année.	这座公园全年对公众开放。
public	L'exposition attire un public de tous les âges.	这场展览吸引了各个年龄段的观众。
pudding	Elle prépare un pudding au chocolat pour le dessert.	她做了巧克力布丁当甜点。
pudding	Ce pudding anglais à la vanille est son péché mignon.	这款香草英式布丁是他的心头好。
pudding	Il reste un peu de pudding dans le frigo pour toi.	冰箱里还剩一点布丁，给你留着呢。
puissance	Cette voiture de sport développe une puissance de trois cents chevaux.	这辆跑车功率高达三百马力。
puissance	La puissance de la tempête a arraché des toits.	风暴威力之大，掀掉了一些屋顶。
puissance	La Chine et les États-Unis sont deux grandes puissances économiques.	中国和美国是两大经济强国。
puissant	Ce moteur puissant monte les côtes sans effort.	这台大功率发动机爬坡毫不费力。
puissant	Elle a une voix puissante qui remplit la salle.	她的嗓音浑厚，能撑满整个大厅。
puissant	Le pays le plus puissant de la région change d'allié.	该地区最有实力的国家换了盟友。
pull	Mets un pull, il fait frais ce soir.	今晚凉，穿件毛衣吧。
pull	Elle a tricoté un pull bleu pour son neveu.	她给侄子织了件蓝毛衣。
pull	Ce pull en laine gratte un peu, mais il tient chaud.	这件羊毛衫有点扎，但很暖和。
punch	Pour l'anniversaire, on a préparé un punch au rhum et aux fruits.	过生日时，我们调了朗姆水果潘趣酒。
punch	Servez le punch bien glacé avec des tranches d'ananas.	潘趣酒要冰镇透了，配上菠萝片再上桌。
punch	Ils ont fini le punch avant même l'arrivée du gâteau.	蛋糕还没上桌，潘趣酒就被他们喝完了。
punk	Ce groupe punk des années soixante-dix influence encore les musiciens.	这支七十年代的朋克乐队至今仍在影响音乐人。
punk	Il a gardé sa crête punk bien après la fac.	大学毕业很久之后，他还留着朋克鸡冠头。
punk	Le mouvement punk est né comme une révolte contre le rock commercial.	朋克运动是对商业摇滚的一种反抗。
purifier	Cette fontaine purifie l'eau par filtration sur charbon.	这台饮水机用活性炭过滤净化水。
purifier	Les moines croient que la prière purifie l'âme.	僧侣们相信祈祷能净化灵魂。
purifier	Il faut purifier l'air de la pièce après la peinture.	刷完漆后要净化房间里的空气。
puzzle	Les enfants assemblent le puzzle de mille pièces sur la table basse.	孩子们在矮桌上拼那幅一千块的拼图。
puzzle	Il ne reste qu'un morceau de puzzle à trouver.	拼图只剩一块没找到。
puzzle	Chaque samedi, elle termine un nouveau puzzle.	每个周六她都拼完一幅新拼图。
pyjama	Les enfants mettent leur pyjama avant l'histoire du soir.	孩子们换上睡衣听睡前故事。
pyjama	Il reste en pyjama tout le dimanche matin.	周日早上他能穿着睡衣赖一上午。
pyjama	Ce pyjama en coton est doux pour la peau sensible.	这套棉质睡衣适合敏感肌肤。
python	Le python s'enroule autour de la branche et attend sa proie.	蟒蛇盘在树枝上，静静等待猎物。
python	Le soigneur nourrit le python du zoo une fois par semaine.	饲养员每周给动物园的蟒蛇喂一次食。
python	Ce python atteint cinq mètres une fois adulte.	这种蟒蛇成年后能长到五米长。
qualification	Sa qualification d'électricien date de 2005.	他的电工资格证是 2005 年考的。
qualification	Cette formation mène à une qualification reconnue par la branche.	这个培训结业后可获得行业认可的资格。
qualification	Il manque une qualification technique pour postuler.	应聘还差一项技术资质。
qualifier	Comment qualifieriez-vous ce genre de comportement ?	您会如何定性这种行为？
qualifier	Le jury l'a qualifiée de meilleure joueuse du tournoi.	评审团称她为锦标赛最佳球员。
qualifier	Les médias ont qualifié l'événement d'historique.	媒体把这次事件称为历史性的。
quant	Quant à moi, je préfère rester à la maison ce soir.	至于我，今晚宁愿待在家里。
quant	Le train part à sept heures; quant au retour, il faut réserver.	火车七点发车；返程则需要预订。
quant	Quant aux enfants, ils dormiront chez leurs grands-parents.	至于孩子们，他们将在祖父母家过夜。
quart	Il arrive toujours un quart d'heure en avance.	他总是提前一刻钟到。
quart	Elle a bu un quart de litre de jus d'orange.	她喝了四分之一升橙汁。
quart	Il reste un quart du gâteau pour demain.	蛋糕还剩四分之一，留到明天。
quasi	Le projet est quasi terminé, il reste la peinture.	项目差不多完工了，就剩刷漆。
quasi	Son imitation est quasi parfaite.	他的模仿几乎完美。
quasi	La quasi-totalité des voisins a signé la lettre.	几乎全部邻居都在信上签了名。
question	J'ai une question à propos du devoir.	关于这份作业，我有个问题。
question	Le professeur répond à chaque question avec patience.	老师耐心地回答每一个问题。
question	C'est une bonne question, laisse-moi réfléchir.	这个问题问得好，让我想一想。
queue	Il y a une longue queue devant la boulangerie.	面包店门口排着长队。
queue	Le lapin remue sa petite queue dans l'herbe.	小兔子在草丛里摇着短尾巴。
queue	Fais la queue au guichet numéro deux.	请到二号窗口排队。
quitter	Elle quitte son appartement à la fin du mois.	月底她要搬离这套公寓。
quitter	Ne quitte pas la salle avant la fin de l'examen.	考试结束前别离开考场。
quitter	Il a quitté son village natal à dix-huit ans.	他十八岁就离开了老家村子。
rabbi	Rabbi Jacob est accueilli avec de grands honneurs dans la ville.	雅各布拉比受到全城盛情迎接。
rabbi	Rabbi Nathan répond aux questions des enfants avec patience.	内森拉比耐心解答孩子们的问题。
rabbi	Chaque vendredi, les fidèles saluent Rabbi Lévy avant l'office.	每逢周五，信众在做礼拜前都会向莱维拉比致意。
race	Cette race de chiens est réputée pour sa douceur avec les enfants.	这个犬种以对小孩温顺而闻名。
race	Les races bovines locales s'adaptent bien au climat humide.	当地的牛品种很适应湿润的气候。
race	La loi punit la discrimination fondée sur la race.	法律惩治基于种族的歧视。
racial	La loi condamne toute insulte à caractère racial.	法律惩处一切带有种族性质的侮辱。
racial	Ce quartier souffre encore d'une ségrégation raciale héritée de l'histoire.	这个街区仍受历史上遗留的种族隔离之害。
racial	L'égalité raciale progresse lentement dans les entreprises.	企业内的种族平等进展缓慢。
racket	Deux lycéens ont dénoncé le racket dans les couloirs du collège.	两名中学生举报了校园里的敲诈勒索。
racket	Le racket des commerçants sévit dans ce quartier depuis des mois.	几个月来，这个街区的商户一直遭勒索。
racket	La police a démantelé un réseau de racket près du marché.	警方捣毁了市场附近一个敲诈团伙。
radar	Un radar automatique flashe les voitures trop rapides.	自动测速雷达专拍超速的车。
radar	Les avions sont suivis par radar jusqu'à l'atterrissage.	直到降落，飞机一直由雷达跟踪。
radar	La police installe un radar mobile sur cette départementale.	交警在这条省道上装了移动测速仪。
radiation	La radiation du fichier des conducteurs suit une procédure stricte.	从驾驶员名册中除名要经过严格程序。
radiation	Il a demandé sa radiation de la liste des avocats.	他申请从律师名录中除名。
radiation	La radiation de l'élève a été annulée après recours.	经过申诉，对该学生的除名处理被撤销。
radical	Un changement radical de méthode a sauvé le projet.	方法上的彻底转变挽救了这个项目。
radical	Ses idées sont trop radicales pour l'électorat du centre.	他的观点对中间选民来说太激进了。
radical	La solution radicale serait de tout rénover.	彻底的办法是把一切翻新。
radio	Écoute les informations à la radio en cuisinant.	做饭的时候听听广播里的新闻。
radio	Cette station de radio passe du jazz toute la nuit.	这个电台整晚都放爵士乐。
radio	Ma grand-mère écoute encore la radio à piles.	我奶奶还在听那种电池收音机。
rage	Il a quitté la salle dans un accès de rage.	他勃然大怒，冲出了房间。
rage	Sa rage de vaincre impressionne les adversaires.	他那股求胜的狠劲让对手胆寒。
rage	Un chien errant atteint de rage a été signalé près du bois.	林子附近发现一只患狂犬病的流浪狗。
raid	L'escadron a lancé un raid surprise derrière les lignes ennemies.	突击队对敌后发动了突袭。
raid	Leur raid à vélo à travers l'Islande a duré trois semaines.	他们骑车横穿冰岛的远征持续了三周。
raid	Un raid de la police a eu lieu au petit matin.	天刚亮，警方就进行了突查。
rail	Un rail tordu a forcé le train à ralentir.	一段铁轨变形，火车只好减速。
rail	Les ouvriers remplacent chaque rail usé la nuit.	工人们夜间更换磨损的铁轨。
rail	Le vieux tramway glisse en suivant le rail encastré dans les pavés.	老式有轨电车沿着石板路里嵌的轨道滑行。
raisin	Les vendanges commencent quand le raisin est bien mûr.	葡萄熟透了才开始采收。
raisin	Elle achète du raisin noir au marché du samedi.	周六集市上她买了黑葡萄。
raisin	Le jus de raisin fermente pour devenir du vin.	葡萄汁发酵后就变成了酒。
ranch	Ce ranch élève des chevaux depuis trois générations.	这个牧场养马已经三代了。
ranch	Il travaille comme cowboy dans un ranch du Montana.	他在蒙大拿的一家大牧场当牛仔。
ranch	Nous avons visité un ranch et fait une balade à cheval.	我们参观了一个大牧场，还骑了马。
rang	Les élèves se mettent en rang devant l'école.	学生们在学校门口站成一排。
rang	Elle occupe le premier rang de la salle de concert.	音乐会上她坐在第一排。
rang	Les soldats s'alignent en rang derrière le capitaine.	士兵们在上尉身后列队站好。
ranger	Range ta chambre avant de sortir.	出门前把房间收拾好。
ranger	Elle range les achats dans les placards de la cuisine.	她把买来的东西归置进厨房的柜子。
ranger	Il faut ranger les outils après le bricolage.	干完活得把工具收好。
rap	Il écrit ses premiers textes de rap à quinze ans.	他十五岁写下了第一批说唱歌词。
rap	Ce morceau mêle rap et musiques traditionnelles.	这首曲子把说唱和传统音乐揉在一起。
rap	Le concert de rap de samedi est déjà complet.	周六的说唱演唱会票已售罄。
rapport	Le rapport annuel sera présenté à l'assemblée.	年度报告将在大会上提交。
rapport	Il y a un rapport entre la pollution et ces allergies.	污染和这些过敏之间有关联。
rapport	J'ai rédigé un rapport de dix pages sur le sujet.	我写了一份十页的专题报告。
rare	Cette fleur est si rare qu'on ne la voit qu'ici.	这种花太少见了，只有这儿才有。
rare	Il est rare qu'il pleuve en juillet ici.	这里七月很少下雨。
rare	Les moments de calme sont rares dans cette maison.	在这个家里，安安静静的时刻可不多。
rat	Un rat s'est faufilé sous le portail du jardin.	一只老鼠从花园门底下溜了进去。
rat	Les rats prolifèrent près des poubelles mal fermées.	垃圾桶盖不严，老鼠就越聚越多。
rat	L'enfant a un rat domestique comme animal de compagnie.	孩子养了一只宠物鼠作伴。
rater	Dépêche-toi, on va rater le début du film.	快点，电影开头要赶不上了。
rater	Elle a raté son train d'une minute.	她就晚了一分钟，没赶上火车。
rater	Ne rate pas cette occasion unique de visiter l'atelier.	参观工坊的机会难得，别错过了。
ration	Chaque soldat reçoit sa ration du jour avant le départ.	出发前，每名士兵领到当日口粮。
ration	Pendant le blocus, le pain était limité à une ration par famille.	封锁期间，每家每户只配给一份面包。
ration	Le vétérinaire conseille de doubler la ration des chiens de traîneau.	兽医建议给雪橇犬增加一倍口粮。
ravage	La tempête a laissé des ravages sur tout le littoral.	风暴给整个海岸线留下了破坏痕迹。
ravage	Les ravages du temps se voient sur cette façade.	岁月的侵蚀在这面墙上留下了痕迹。
ravage	Le rapport détaille les ravages de la drogue dans la région.	报告详细记述了毒品对该地区的危害。
ravioli	Ces raviolis maison sont farcis aux épinards et à la ricotta.	这些自制意式方饺包的是菠菜里科塔奶酪馅。
ravioli	Plonge les raviolis dans l'eau bouillante trois minutes.	把方饺放进滚水里煮三分钟。
ravioli	Le chef sert ses ravioli avec un beurre de sauge.	大厨在方饺上浇了鼠尾草黄油。
rayon	Les céréales sont au rayon du fond, à gauche.	麦片在尽头的货架，左手边。
rayon	Un rayon de soleil traverse les stores et tombe sur son bureau.	一缕阳光穿过百叶窗，落在他桌上。
rayon	Il travaille au rayon fromages du supermarché.	他在超市的奶酪区上班。
recherche	Sa recherche d'appartement dure depuis mars.	他从三月起就在找房子。
recherche	Cette équipe de recherche travaille sur les batteries du futur.	这个研究团队在攻关未来的电池。
recherche	La recherche d'un emploi prend du temps, garde courage.	找工作需要时间，要有耐心。
reconnaissance	Ses yeux pleins de reconnaissance ont suffi à me récompenser.	他满含感激的眼神就是对我最好的回报。
reconnaissance	Sa reconnaissance envers sa nourrice dura toute sa vie.	他对养育自己的奶妈感激了一辈子。
reconnaissance	La reconnaissance légale de ce diplôme prendra des mois.	这份文凭获得官方承认还需要几个月。
reconstitution	La reconstitution du crime a réuni témoins et enquêteurs sur place.	案发现场聚集了证人和办案人员，进行现场重现。
reconstitution	Ce musée présente une reconstitution d'un atelier médiéval.	博物馆里复原了一间中世纪作坊。
reconstitution	La reconstitution faciale du squelette a permis de l'identifier.	通过对骨架的面容复原，死者身份得以确认。
reconstruction	La reconstruction du pont durera dix-huit mois.	大桥重建需要十八个月。
reconstruction	Après l'incendie, la reconstruction de la cathédrale mobilise tout le pays.	大火之后，全国都投入到教堂的重建中。
reconstruction	Cette époque a vu la reconstruction économique de la région.	那个年代见证了该地区的经济重建。
record	Elle a battu le record du 100 mètres féminin.	她刷新了女子百米纪录。
record	Ce film a établi un record d'entrées au cinéma.	这部电影创下了影院观影人次纪录。
record	Il détient le record de victoires dans ce tournoi.	他保持着这项赛事的获胜次数纪录。
refrain	Tout le public a chanté le refrain en chœur.	全场观众齐声唱起了副歌。
refrain	Ce refrain te collera à la tête toute la journée.	这段旋律会在你脑子里绕上一整天。
refrain	Il répète toujours le même refrain sur la jeunesse d'antan.	他总在重复同一个老调子，怀念从前的年轻人。
refuge	Les randonneurs passent la nuit au refuge du col.	远足的人在山口的山间小屋里过夜。
refuge	Elle a trouvé refuge chez sa sœur pendant les travaux.	装修期间，她到姐姐家暂住。
refuge	Ce refuge pour animaux cherche des bénévoles le week-end.	这家动物收容所周末招募志愿者。
regard	Son regard doux apaise les enfants.	他温和的眼神让孩子们安静下来。
regard	D'un simple regard, ils se sont compris.	一个眼神，他们彼此就懂了。
regard	Elle a jeté un dernier regard à la maison avant de fermer le portail.	关上大门前，她最后望了一眼这座房子。
regret	Partir si loin est mon plus grand regret.	远走他乡是我最大的遗憾。
regret	Elle a quitté la ville sans regret.	她毫无留恋地离开了这座城市。
regret	À mon grand regret, le concert est annulé.	非常遗憾，音乐会取消了。
regrettable	Il est regrettable que la réunion soit annulée si tard.	会议这么晚才取消，实在遗憾。
regrettable	Ce malentendu a eu des conséquences regrettables.	这场误会造成了令人惋惜的后果。
regrettable	Une erreur regrettable s'est glissée dans le rapport final.	最终报告里出现了一个令人遗憾的错误。
rein	Il boit beaucoup d'eau pour protéger ses reins.	他多喝水，好保护肾脏。
rein	Le médecin a détecté un petit calcul dans le rein gauche.	医生发现他左肾里有一颗小结石。
rein	Après avoir porté ces cartons, elle a mal aux reins.	搬了那些箱子后，她腰酸得不行。
relation	Il entretient de bonnes relations avec ses voisins.	他和邻居们关系处得很好。
relation	Leur relation a survécu à la distance.	距离没有毁掉他们的感情。
relation	Ce rapport étudie la relation entre sommeil et mémoire.	这份报告研究睡眠与记忆的关系。
relax	Sois relax, ce n'est qu'un jeu.	放松点，不过是玩玩而已。
relax	L'ambiance du bar est très relax en fin de journée.	傍晚时分，酒吧的气氛非常松弛。
relax	Il garde une attitude relax même pendant les examens.	就算是考试，他也一副轻松的样子。
religion	La religion occupe une place importante dans la vie de ce pays.	宗教在这个国家的生活中占有重要地位。
religion	Il respecte toutes les religions et aime visiter les lieux de culte.	他尊重所有宗教，喜欢参观各类宗教场所。
religion	On étudie l'histoire des grandes religions en classe de quatrième.	四年级的课堂上会学习各大宗教的历史。
renaissance	La Renaissance a bouleversé l'art et la pensée européens.	文艺复兴彻底改变了欧洲的艺术与思想。
renaissance	Ce quartier portuaire connaît une vraie renaissance depuis dix ans.	十年来，这片港口街区真正重现了生机。
renaissance	Après sa longue maladie, il a vécu cette année comme une renaissance.	久病初愈，他把这一年当作自己的新生。
rentable	Ce restaurant n'est rentable que depuis deux ans.	这家餐厅直到两年前才开始盈利。
rentable	Le groupe a fermé les usines les moins rentables.	集团关闭了利润最差的那几家工厂。
rentable	Sur dix ans, acheter peut être plus rentable que louer.	从十年来看，买房可能比租房更划算。
reportage	Son reportage sur les glaciers a fait réagir tout le pays.	他关于冰川的报道在全国引起了反响。
reportage	L'équipe de la chaîne prépare un reportage sur les marchés de nuit.	电视台摄制组正在制作一期关于夜市的报道。
reportage	Ce photojournaliste passe des mois à réaliser un seul reportage.	这位摄影记者会花好几个月去完成一篇报道。
reporter	Ils ont reporté la fête au week-end suivant à cause de l'orage.	因为暴风雨，聚会推迟到了下周末。
reporter	Le concert est reporté sine die, faute de financement.	因资金不足，音乐会无限期推迟。
reporter	Il reporte sans cesse son rendez-vous chez le dentiste.	他一再推掉看牙的预约。
reprise	La reprise des cours est fixée au deux septembre.	开学定在九月二日。
reprise	La reprise économique tarde dans cette région industrielle.	这个工业区的经济复苏来得迟缓。
reprise	Sa reprise de Jacques Brel fait lever la salle.	她翻唱的雅克·布雷让全场起立。
reproduction	Cette reproduction de la Joconde est accrochée dans le couloir.	那幅《蒙娜丽莎》的复制品就挂在走廊里。
reproduction	La reproduction des pandas reste difficile en captivité.	大熊猫在圈养条件下的繁殖依然很困难。
reproduction	La reproduction de ce document est strictement interdite.	严禁复制这份文件。
reptile	Mon fils s'intéresse aux reptiles depuis la visite du muséum.	参观自然历史博物馆之后，我儿子迷上了爬行动物。
reptile	Ce reptile peut rester des heures immobile au soleil.	这种爬行动物能在太阳下一动不动地待上几个小时。
reptile	Elle a une peur bleue des serpents et de tous les reptiles.	她特别怕蛇，也怕一切爬行动物。
requiem	Le chœur répète le Requiem de Mozart depuis septembre.	唱诗班从九月起就在排练莫扎特的安魂曲。
requiem	Un requiem retentit dans la cathédrale lors de la cérémonie.	仪式上，安魂曲在大教堂中回荡。
requiem	Ce compositeur a écrit son requiem pour les victimes de la guerre.	这位作曲家为战争死难者创作了安魂曲。
respect	Il manque de respect à ses aînés, et c'est dommage.	他对长辈不够尊重，真可惜。
respect	Ce monument a été restauré dans le plus grand respect du style d'origine.	这座古迹的修复最大程度尊重了原有风格。
respect	Le respect des règles de circulation évite bien des accidents.	遵守交通规则能避免许多事故。
respectable	Ce professeur respectable enseigne depuis quarante ans.	这位令人敬重的老师从教四十年。
respectable	Il touche un salaire tout à fait respectable dans cette entreprise.	他在这家公司的薪水相当可观。
respectable	Une distance respectable sépare les deux maisons.	两座房子之间隔着相当的距离。
respecter	Il faut respecter les files d'attente, même quand il fait chaud.	即使天热也要排队守序。
respecter	Respecte le silence dans la bibliothèque, les gens lisent.	在图书馆里请保持安静，大家都在看书。
respecter	Nous respectons toujours les engagements pris envers nos clients.	我们始终遵守对客户许下的承诺。
respiration	Concentre-toi sur ta respiration pendant la méditation.	冥想的时候，把注意力放在自己的呼吸上。
respiration	Quelques respirations profondes calment le stress avant l'entretien.	面试前做几次深呼吸能缓解紧张。
respiration	Le plongeur a calmé sa respiration avant de descendre.	潜水员在下潜前放慢了呼吸。
restaurant	Ce restaurant sert une cuisine régionale excellente.	这家餐厅的地方菜做得非常棒。
restaurant	On réserve une table au restaurant pour l'anniversaire de Léa.	为了给莉亚过生日，我们在餐厅订了位子。
restaurant	Le restaurant ferme la cuisine à vingt-deux heures.	这家餐厅二十二点停止供餐。
retard	Le train arrive avec vingt minutes de retard ce matin.	今天早上这班火车晚点二十分钟。
retard	Je suis désolé d'être en retard, la circulation était infernale.	抱歉我来晚了，路上堵得一塌糊涂。
retard	Ses dossiers en retard s'accumulent depuis le début du trimestre.	从季度初开始，他逾期的文件越积越多。
revolver	Dans ce film policier, le détective dégaine son revolver à la fin.	在这部警匪片里，侦探在结尾拔出了左轮手枪。
revolver	Le voleur a été arrêté avec un revolver chargé dans son sac.	窃贼被捕时，包里装着一把上了膛的左轮手枪。
revolver	Les cow-boys dégainaient leur revolver plus vite que leur ombre.	西部牛仔拔左轮手枪比影子还快。
revue	Cette revue publie des articles de linguistique très pointus.	这本期刊刊登非常专业的语言学研究文章。
revue	Il a fait paraître son étude dans une revue spécialisée.	他把研究发表在了一份专业期刊上。
revue	Elle feuillette les vieilles revues en attendant son tour chez le médecin.	在诊所候诊时，她翻阅着旧杂志。
ride	Sa première ride est apparue vers ses quarante ans.	她的第一道皱纹在四十岁左右出现。
ride	Malgré ses rides, ma grand-mère garde toujours le sourire.	尽管满脸皱纹，祖母总是面带微笑。
ride	Elle applique une crème chaque soir pour éviter les rides.	她每晚都涂面霜以防长皱纹。
ridicule	Je ne vais pas sortir habillé comme ça, c'est ridicule !	我才不要穿成这样出门，太可笑了！
ridicule	Le prix demandé est complètement ridicule.	这个要价简直离谱。
ridicule	Il a eu peur du ridicule et a retiré sa candidature.	他怕被人笑话，撤回了申请。
rime	Les enfants adorent les vers qui riment.	孩子们都喜欢押韵的诗句。
rime	Il a cherché une heure une rime à ce dernier vers.	他为最后一句诗找韵脚找了一个小时。
rime	Sans rime ni raison, il a changé d'avis.	毫无缘由地，他改变了主意。
ring	Les deux boxeurs montent sur le ring sous les ovations.	两名拳手在欢呼声中登上拳台。
ring	Il est tombé trois fois dans le ring avant l'abandon.	他三次倒在拳台上，最终认输。
ring	Le ring du club est réservé aux compétitions le week-end.	俱乐部的拳台周末专用于比赛。
rite	Ce rite ancestral ouvre la fête des moissons.	这项古老仪式拉开收获节的序幕。
rite	Le café du matin est devenu un rite immuable chez lui.	早晨那杯咖啡成了他雷打不动的习惯。
rite	Les écoliers suivent le rite de la rentrée avec leurs cartables neufs.	学生们背着新书包，延续开学的老规矩。
rival	Son rival direct a déposé un brevet le même jour.	他的直接竞争对手同一天申请了专利。
rival	Les deux écoles rivales s'affrontent au tournoi final.	两所竞争学校在决赛中相遇。
rival	Il respecte son rival plus que n'importe quel ami.	他对对手的敬重胜过任何朋友。
rive	Nous pique-niquons sur la rive droite du fleuve.	我们在河的右岸野餐。
rive	Les deux villes se font face, chacune sur une rive.	两座城隔河相望，各在一岸。
rive	Des hérons pêchent en silence au bord de la rive.	苍鹭静静地站在岸边捕鱼。
robe	Elle a choisi une robe bleue pour le mariage.	为了参加婚礼，她挑了一条蓝裙子。
robe	Cette robe te va très bien.	这条裙子你穿着特别好看。
robe	La robe du soir est encore chez la couturière.	晚礼服还留在裁缝那儿。
robot	Ce robot de cuisine prépare la soupe tout seul.	这台料理机器人能自动做汤。
robot	Les robots nettoient les ateliers de l'usine la nuit.	夜里由机器人清扫工厂车间。
robot	Un robot aspirateur passe chaque matin dans le salon.	每天早上都有扫地机器人在客厅里工作。
rock	Ce groupe joue du rock depuis plus de vingt ans.	这支乐队玩摇滚已有二十多年。
rock	Elle écoute du rock quand elle fait du sport au gymnase.	她在健身房锻炼时听摇滚乐。
rock	Le concert de rock a secoué toute la salle de bal.	那场摇滚音乐会震撼了整个舞厅。
rose	Il lui a offert trois roses rouges.	他送了她三朵红玫瑰。
rose	Sa chambre est peinte en rose pâle.	她的房间刷成了淡粉色。
rose	Une rose fanée est restée dans le livre.	一朵干枯的玫瑰还夹在那本书里。
rotation	La Terre effectue une rotation complète en vingt-quatre heures.	地球自转一周需要二十四小时。
rotation	Le personnel travaille par rotation, de jour comme de nuit.	员工们轮班工作，日夜交替。
rotation	Une rotation des cultures préserve la qualité du sol.	轮作能保持土壤的肥力。
rouble	Le prix du billet est passé de cinquante à soixante roubles.	票价从五十卢布涨到了六十卢布。
rouble	Il garde des roubles de son voyage à Saint-Pétersbourg.	他还留着圣彼得堡之行剩下的卢布。
rouble	Le rouble a fortement baissé face à l'euro ce trimestre.	本季度卢布对欧元大幅贬值。
rouge	Le feu passe au rouge, freine !	红灯亮了，快刹车！
rouge	Elle met du rouge à lèvres devant le miroir.	她对着镜子涂口红。
rouge	Ces tomates mûres sont bien rouges.	这些熟透的西红柿红得很。
roulette	Ils ont perdu cent euros à la roulette du casino.	他们在赌场的轮盘上输了一百欧元。
roulette	La roulette de la valise est cassée, il faut la réparer.	行李箱的滚轮坏了，得修一修。
roulette	Les chaises à roulette glissent facilement sur ce parquet.	带滚轮的椅子在这种木地板上滑动很顺。
round	Le troisième round a duré à peine trente secondes.	第三个回合只持续了三十秒。
round	L'arbitre a arrêté le round dès le premier choc.	裁判在第一次重击后就终止了这个回合。
round	Après douze rounds, le match va aux points.	十二回合打完，比赛进入评分判定。
route	Nous avons pris la route de la côte tôt le matin.	我们一大早就上了去海边的公路。
route	Cette route de montagne est fermée en hiver.	这条山路冬天封闭。
route	Reste sur cette route jusqu'au prochain carrefour.	沿这条路一直走到下一个路口。
routine	Le lundi matin, tout le monde reprend sa routine.	周一早上，大家又恢复了日常作息。
routine	Il court chaque soir à dix-huit heures : une vraie routine.	他每天傍晚六点去跑步，雷打不动。
routine	Sortir de sa routine fait parfois beaucoup de bien.	偶尔跳出常规，对身体和心情都有好处。
royal	Le palais royal ouvre ses portes aux visiteurs le week-end.	王宫周末对游客开放。
royal	Ils ont préparé un repas royal pour les fêtes de fin d'année.	岁末节日里他们准备了丰盛的大餐。
royal	Ce château royal date du dix-septième siècle.	这座王家城堡建于十七世纪。
rude	L'hiver a été rude dans le massif cette année.	今年山区的冬天格外严酷。
rude	C'est un concurrent rude, mais il joue loyalement.	这个对手很强悍，但比赛作风正派。
rude	Elle a une voix rude qui convient aux chansons de marins.	她嗓音沙哑粗粝，正适合唱水手歌。
rue	Les enfants jouent dans la rue derrière l'immeuble.	孩子们在楼后面的街上玩耍。
rue	Habites-tu dans cette rue depuis longtemps ?	你在这条街住很久了吗？
rue	La rue est très calme le dimanche matin.	星期天早上街上非常安静。
rupture	La rupture du câble a provoqué une panne générale.	缆绳断裂导致了大面积故障。
rupture	Après leur rupture, ils sont restés en bons termes.	分手之后，他们仍保持着友好的关系。
rupture	Il y a une rupture de stock sur ce modèle depuis mardi.	这个型号从周二起就断货了。
ruse	Par ruse, le renard a entraîné les chiens loin du terrier.	狐狸耍了个花招，把猎狗引得远离洞穴。
ruse	Sa ruse a consisté à feindre la panne au milieu du pont.	他的计策就是假装在桥中央抛锚。
ruse	La patience est parfois la meilleure des ruses.	耐心有时是最好的计谋。
sable	Les enfants construisent un château de sable au bord de la mer.	孩子们在海边堆沙堡。
sable	Le vent pousse le sable des dunes vers le village.	风把沙丘的沙子往村子方向吹。
sable	Ses chaussures étaient pleines de sable après la balade.	散步回来，他鞋里全是沙子。
sabot	Le cheval s'est blessé à un sabot sur les cailloux.	马在碎石上伤了一只蹄子。
sabot	Autrefois, les paysans portaient des sabots en bois.	从前农民都穿木鞋。
sabot	On entendait les sabots du mulet résonner sur le pavé.	骡子的蹄声在石板路上回响。
sabotage	La police suspecte un sabotage des freins du train.	警方怀疑火车刹车遭人蓄意破坏。
sabotage	Cet incendie est un acte de sabotage, selon les experts.	专家认为这场火灾是人为破坏。
sabotage	Le ralentissement du serveur vient d'un sabotage interne.	服务器变慢是内部人员搞破坏所致。
sabre	L'officier portait un sabre décoré à sa ceinture.	军官腰间佩着一把装饰精美的军刀。
sabre	Les hussards chargeaient, sabre au clair.	骠骑兵挥着出鞘的马刀发起冲锋。
sabre	On ouvre le champagne en le tranchant avec un sabre.	人们会用军刀削开香槟瓶口。
sac	Mon sac est resté dans le coffre.	我的包落在后备箱里了。
sac	Elle a acheté un sac à main en cuir.	她买了一个皮手提包。
sac	Mets tes chaussures de sport dans ton sac.	把运动鞋装进你的包里。
sachet	Prends un sachet de thé et fais-le infuser cinq minutes.	拿一包茶包，泡五分钟。
sachet	Elle a acheté un sachet de bonbons pour la route.	她买了一小袋糖路上吃。
sachet	Le sachet en plastique est tombé par terre au supermarché.	塑料小袋在超市里掉到了地上。
sacrifice	Ses parents ont fait de gros sacrifices pour payer ses études.	为了供他上学，父母作出了很大牺牲。
sacrifice	Ce trophée récompense le sacrifice de toute l'équipe.	这座奖杯是对全队付出的回报。
sacrifice	Un petit sacrifice aujourd'hui, une vraie liberté demain.	今天一点小小的牺牲，换来明天真正的自由。
sage	Sois sage pendant que maman fait ses courses.	妈妈买东西的时候你要乖乖的。
sage	C'est une décision sage prise après beaucoup de réflexion.	这是深思熟虑后做出的明智决定。
sage	Les enfants sont restés sages toute la cérémonie.	整个仪式期间孩子们都很乖。
saint	Chaque village fête son saint patron au printemps.	每个村子都在春天庆祝自己的主保圣人节。
saint	Cette chapelle abrite les reliques d'un saint très vénéré.	这座小教堂供奉着一位极受敬仰的圣人遗物。
saint	Ils se sont fiancés le jour de la Saint-Valentin.	他们是在情人节那天订婚的。
sale	Va te laver les mains, elles sont toutes sales.	去把手洗了，脏成这样。
sale	Ce pantalon est sale après le match de football.	踢完足球，这条裤子全脏了。
sale	Il fait sale aujourd'hui, le ciel est gris.	今天天气不好，天灰蒙蒙的。
salon	Nous avons repeint le salon en blanc cet hiver.	今年冬天我们把客厅刷成了白色。
salon	Le salon de l'automobile ouvre ses portes jeudi prochain.	车展下周四开展。
salon	Ils discutent tranquillement dans le salon en écoutant de la musique.	他们一边听音乐一边在客厅里悠闲聊天。
saloon	Les cow-boys s'arrêtaient au saloon après la longue journée.	牛仔们结束漫长的一天后到酒馆歇脚。
saloon	Une bagarre a éclaté dans le saloon du village.	村里的酒馆里爆发了一场斗殴。
saloon	Le piano du saloon jouait toute la nuit.	酒馆里的钢琴弹了一整夜。
salutation	Il m'a adressé une brève salutation de la main.	他抬手向我匆匆致意。
salutation	Mes salutations les plus respectueuses à votre famille.	向您全家致以最诚挚的问候。
salutation	Le courrier s'achevait par une formule de salutation.	信的结尾是一句问候语。
samba	Tout le monde a dansé la samba jusqu'au bout de la nuit.	大家跳着桑巴舞直到深夜。
samba	Elle a appris la samba lors de son voyage à Rio.	她在里约旅行时学会了桑巴舞。
samba	L'orchestre a lancé une samba entraînante.	乐队奏起了一支欢快的桑巴。
sanction	Un retard répété entraîne une sanction.	屡次迟到将受到处罚。
sanction	L'Union européenne a voté des sanctions économiques.	欧盟投票决定实施经济制裁。
sanction	Sans sanction claire, les règles ne sont pas respectées.	没有明确的处罚，规则就没人遵守。
sang	L'infirmière a prélevé un peu de son sang pour l'analyse.	护士抽了他一点血去化验。
sang	Il donne son sang chaque année à la banque du coin.	他每年都在当地的血库献血。
sang	Elle a le sang chaud et se fâche pour un rien.	她性子急，一点小事就发火。
sardine	Les sardines grillées sont la spécialité du port en été.	烤沙丁鱼是这座海港夏天的招牌。
sardine	Il emporte une boîte de sardines à l'huile pour sa randonnée.	他带上一盒油浸沙丁鱼去远足。
sardine	Ces sardines fraîches n'ont besoin que de citron et de sel.	这些新鲜沙丁鱼只需要柠檬和盐调味。
satellite	Ce satellite observe les glaces polaires jour et nuit.	这颗卫星日夜观测极地冰川。
satellite	La Lune est le seul satellite naturel de la Terre.	月球是地球唯一的天然卫星。
satellite	Le signal passe par un satellite en orbite basse.	信号经由一颗低轨卫星传输。
satin	Elle portait une robe de satin rouge.	她穿着一条红缎子长裙。
satin	Le ruban de satin scintille sous les lumières.	缎带在灯光下闪闪发亮。
satin	Ce lit est orné de draps en satin.	这张床铺着缎面床单。
satisfaction	Elle a exprimé sa satisfaction après la remise des diplômes.	颁完证书后她表达了满意之情。
satisfaction	Le client a rempli une enquête de satisfaction à la sortie du magasin.	顾客离开商店时填了一份满意度调查。
satisfaction	Travailler de ses mains procure une vraie satisfaction.	亲手劳作能带来真正的满足感。
sauce	Mets encore un peu de sauce sur tes pâtes.	再往你的面上浇点酱汁。
sauce	Cette sauce tomate mijote depuis deux heures.	这锅番茄酱已经炖了两个小时。
sauce	Le cuisinier goûte la sauce avant de servir.	上菜之前，厨师先尝了尝酱汁。
sauna	Après le sport, il passe au sauna pour détendre ses muscles.	运动之后他去蒸桑拿放松肌肉。
sauna	L'hôtel propose un sauna avec vue sur la montagne.	这家酒店有能看山景的桑拿房。
sauna	Dix minutes au sauna suffisent pour se sentir reposé.	桑拿十分钟就足以让人感到舒缓。
savant	Ce savant passe ses journées à observer les abeilles.	这位学者整天都在观察蜜蜂。
savant	Une formule savante décore le tableau noir.	黑板上写着一条高深的公式。
savant	Le musée expose les instruments des savants du dix-huitième siècle.	博物馆展出了十八世纪学者的仪器。
scanner	La secrétaire passe chaque facture au scanner pour l'archiver.	秘书把每张发票扫描存档。
scanner	Ce scanner couleur peut numériser trente pages à la minute.	这台彩色扫描仪每分钟能扫三十页。
scanner	Mets ta carte d'embarquement sous le scanner, s'il te plaît.	请把登机牌放到扫描仪下面。
science	La science avance vite dans le domaine de la génétique.	遗传学领域的科学进展很快。
science	Elle a choisi d'étudier la science des matériaux à l'université.	她选择在大学攻读材料科学。
science	Pour lui, la science explique mieux le monde que les légendes.	在他看来，科学比传说更能解释世界。
scoop	Le journaliste a décroché un scoop sur la démission du ministre.	这名记者独家爆料了部长辞职的消息。
scoop	Petit scoop: le groupe sortira un nouvel album en mars.	独家小消息：乐队三月份将发行新专辑。
scoop	Personne n'a cru son scoop jusqu'à la confirmation.	在得到证实之前，没人相信他的独家新闻。
scooter	Il se déplace en scooter dans Paris malgré la pluie.	即使下雨，他也骑小摩托穿行巴黎。
scooter	Son nouveau scooter lui permet d'arriver au bureau en dix minutes.	新买的踏板摩托让他十分钟就能到公司。
scooter	Les jeunes louent des scooters pour longer la mer en été.	夏天年轻人租小摩托沿海兜风。
score	Le score final est resté de deux buts à un.	最终比分定格在二比一。
score	Elle a battu son meilleur score au bowling hier soir.	昨晚她刷新了自己的保龄球最高分。
score	L'équipe revient au score à la soixante-quinzième minute.	球队在第七十五分钟扳平了比分。
scorpion	Attention, un scorpion s'est caché sous tes chaussures !	小心，你的鞋底下藏着一只蝎子！
scorpion	Dans le désert, il faut secouer ses bottes pour chasser les scorpions.	在沙漠里，穿靴子前要先抖一抖赶走蝎子。
scorpion	Le scorpion utilise son dard pour se défendre.	蝎子用尾刺自卫。
scotch	Fixe l'affiche avec du scotch, pas avec des clous.	用胶带贴海报，别用钉子。
scotch	Il a répondu au scotch offert d'un signe de tête.	他点头示意，接下了那杯威士忌。
scotch	Le paquet tient grâce à trois morceaux de scotch.	包裹全靠三段胶带才缠住。
scout	Mon fils est scout et part camper chaque été.	我儿子是童子军，每年夏天都去露营。
scout	Les scouts ont monté la tente en dix minutes.	童子军们十分钟就搭好了帐篷。
scout	Le chef scout apprend aux enfants à allumer un feu.	童子军辅导员教孩子们生火。
script	L'acteur a demandé une copie du script avant le tournage.	开拍前，演员索要了一份剧本。
script	Le script du film a été réécrit trois fois.	影片的剧本改了三稿。
script	Un petit script automatise la sauvegarde des fichiers.	一个小脚本能自动完成文件备份。
sculpture	Cette sculpture de marbre date de la Renaissance.	这件大理石雕塑是文艺复兴时期的作品。
sculpture	Le parc expose des sculptures contemporaines en plein air.	公园露天展出当代雕塑。
sculpture	Il apprend la sculpture sur bois auprès d'un artisan local.	他跟随当地一位工匠学习木雕。
second	Il a terminé second de la course, juste derrière le champion.	他跑了第二名，紧随冠军之后。
second	Nous habitons au second étage, juste au-dessus de la pharmacie.	我们住二楼，药店正上方。
second	Chaque seconde compte quand on pratique ce sport.	练这项运动，每一秒都很关键。
secret	Elle m'a confié un secret que je ne dirai à personne.	她把一个秘密告诉了我，我不会对任何人讲。
secret	Ils se sont mariés en secret dans un petit village de montagne.	他们在一个山村悄悄结了婚。
secret	Le secret de cette recette se transmet de mère en fille.	这道菜谱的秘诀代代母女相传。
section	La section sportive du lycée recrute des nageurs.	中学的体育班正在招收游泳学员。
section	Trouvez la section fromages au fond du magasin.	奶酪专柜在商店最里面。
section	Le comité a voté la création d'une section handball.	委员会表决通过了成立手球部门。
seize	Il fait seize degrés ce matin, prends une veste.	今天早上十六度，穿件外套吧。
seize	La bibliothèque ouvre à seize heures le samedi.	图书馆周六十六点开门。
seize	Nous sommes le seize avril aujourd'hui.	今天是四月十六号。
semblable	Je n'ai jamais vu un orage semblable.	我从没见过这样的暴风雨。
semblable	Les deux frères sont très semblables dans leur manière de travailler.	两兄弟的工作方式非常相似。
semblable	Un malheur semblable ne doit plus se reproduire.	这样的悲剧不该再重演。
sensation	Une sensation de froid parcourt son dos quand la porte s'ouvre.	门一开，一阵寒意顺着他的后背蹿上来。
sensation	Le nouveau grand huit procure des sensations fortes.	这个新过山车带来强烈的刺激。
sensation	La sensation dans ses doigts revient peu à peu après le froid.	冻僵之后，指尖的知觉慢慢恢复了。
sensible	Ne dis rien, il est très sensible sur ce sujet.	什么都别说，他对这个话题特别敏感。
sensible	Cette plante est sensible au gel dès octobre.	这种植物一入十月就怕霜冻。
sensible	Elle a le cœur sensible : un film triste la fait pleurer.	她心软，看一部悲情电影就会掉泪。
sentence	La sentence du tribunal a été lue dans le silence.	法庭的判决在一片寂静中宣读。
sentence	L'arbitre a rendu sa sentence après avoir visionné la vidéo.	裁判看完录像后作出了裁决。
sentence	Il a accepté la sentence sans faire appel.	他接受了裁决，没有上诉。
sentiment	Un sentiment de fierté l'envahit quand le drapeau monte.	国旗升起时，一股自豪感涌上他的心头。
sentiment	Elle ne cache plus son sentiment pour lui.	她不再掩饰对他的感情。
sentiment	J'ai le sentiment qu'on a oublié quelque chose d'important.	我总觉得我们漏掉了什么重要的事。
sentimental	C'est un film sentimental qui fait pleurer des salles entières.	这是一部让全场观众落泪的温情电影。
sentimental	Il garde un souvenir sentimental de chaque ville où il a vécu.	他对住过的每座城市都怀有一份眷恋。
sentimental	Sa vie sentimentale occupe les colonnes des magazines people.	她的感情生活占据了娱乐杂志的版面。
sermon	Le curé a prononcé un sermon sur le pardon.	本堂神父讲了一场关于宽恕的布道。
sermon	Encore un long sermon sur mes mauvaises notes!	又是一大篇关于我成绩差的训诫！
sermon	Ses sermons hebdomadaires attirent les fidèles de tout le quartier.	他每周的布道吸引着全区信众。
serpent	Un serpent s'est glissé sous le portail du jardin.	一条蛇钻进了花园门下。
serpent	En randonnée, on a aperçu un serpent inoffensif près du ruisseau.	徒步时我们在溪边看到一条无毒的蛇。
serpent	Le serpent se faufile entre les rochers à la recherche d'une proie.	蛇在岩石间穿行寻找猎物。
service	Le service de ce restaurant est rapide et sympathique.	这家餐厅服务快而周到。
service	Un pourboire est apprécié quand le service a été impeccable.	服务无可挑剔时，客人乐意付小费。
service	Le service après-vente a réparé ma machine sous garantie.	售后部门免费修好了我的机器。
serviette	Pense à prendre ta serviette de bain pour la piscine.	去游泳记得带上浴巾。
serviette	Essuie tes mains avec la serviette posée près de l'évier.	用水槽旁的毛巾擦手。
serviette	Il a posé sa serviette en cuir sur le bureau du directeur.	他把手提包放在了经理的办公桌上。
session	La session d'inscription ouvre lundi à neuf heures.	报名时段周一早上九点开放。
session	Une session de rattrapage est prévue en septembre.	九月安排了一场补考场次。
session	La session parlementaire s'ouvre le premier octobre.	议会会期于十月一日开始。
set	Il a gagné le troisième set six jeux à quatre.	他以六比四拿下了第三盘。
set	Ce set a duré plus d'une heure à cause du vent.	受大风影响，这一盘打了一个多小时。
set	Elle mène deux sets à un avant la pluie.	下雨之前，她以两盘比一盘领先。
sexy	Elle porte une robe simple mais très sexy pour la soirée.	她穿了条简洁却很性感的裙子去参加晚会。
sexy	Cette voiture au design sexy attire tous les regards.	这辆车线条性感，引来众人注目。
sexy	Il trouve que l'accent du sud-ouest est très sexy.	他觉得西南地区的口音特别性感。
sheriff	Le sheriff a dégainé avant le bandit.	治安官比劫匪先拔出了枪。
sheriff	Dans ce comté, le sheriff est élu pour quatre ans.	在这个县，治安官由选举产生，任期四年。
sheriff	Ce vieux western montre un sheriff solitaire face à une bande de hors-la-loi.	这部老西部片里，孤身警长对抗一伙亡命徒。
sherry	On sert un petit verre de sherry avant le dîner.	晚餐前先来一小杯雪利酒。
sherry	Ce sherry sec accompagne parfaitement les olives.	这款干型雪利酒配橄榄正合适。
sherry	Ma grand-mère gardait toujours une bouteille de sherry au placard.	我奶奶的柜子里总备着一瓶雪利酒。
shit	La police a saisi du shit dans la voiture.	警察从车里搜出了大麻。
shit	Il a arrêté de fumer du shit après l'accident de moto.	摩托车事故之后，他不再抽大麻了。
shit	Les dealers du quartier vendent du shit aux lycéens.	街区的毒贩向高中生兜售大麻。
shooter	Il a shooté dans le ballon depuis trente mètres.	他在三十米开外起脚射门。
shooter	Ne shoote pas comme ça, tu vas casser la vitre.	别这么开枪，你会把玻璃打碎的。
shooter	L'entraîneur lui a appris à shooter du gauche.	教练教他用左脚射门。
shopping	Les soldes sont l'occasion d'une virée shopping entre copines.	打折季正是闺蜜们逛街购物的好时机。
shopping	Elle a rapporté trois sacs de son après-midi shopping.	她一下午购物提回来三个袋子。
shopping	Ce quartier propose du shopping pour tous les budgets.	这个街区什么预算的购物需求都能满足。
short	Il fait trop chaud pour un jean, mets un short.	穿牛仔裤太热了，换条短裤吧。
short	Ses shorts de sport sèchent très vite au soleil.	他的运动短裤在太阳下干得很快。
short	Pour la randonnée, préfère un short solide et respirant.	远足时最好选结实透气的短裤。
signal	Le train démarre au signal du chef de gare.	火车按站长的信号发车。
signal	Il n'y a aucun signal téléphonique dans cette vallée isolée.	这个偏僻山谷里手机完全没有信号。
signal	Un froncement de sourcils est parfois un signal de mécontentement.	皱眉有时是不满的信号。
signaler	Signale toute fuite d'eau au syndic immédiatement.	发现漏水要立即报告物业。
signaler	Elle a signalé un colis suspect au gardien.	她向门卫报告了一个可疑包裹。
signaler	Un panneau signale le virage dangereux.	一块牌子标示出这个危险弯道。
signature	Mets ta signature au bas du contrat.	把名字签在合同末尾。
signature	La banque demande une signature manuscrite pour valider le dossier.	银行要求手写签名来确认文件。
signature	Sa signature est si petite qu'on l'aperçoit à peine.	他的签名小得几乎看不清。
signification	La signification de ce mot varie selon les régions.	这个词的含义因地区而异。
signification	Il cherche la signification profonde de ce rêve.	他想弄清这个梦的深层含义。
signification	Le prof a expliqué la signification du poème ligne par ligne.	老师逐行讲解了这首诗的意思。
signifier	Ce silence ne signifie pas qu'il est d'accord.	这种沉默并不表示他同意。
signifier	Que signifie exactement ce terme juridique ?	这个法律术语究竟是什么意思？
signifier	La direction a signifié son refus par courrier.	管理层以书面形式表达了拒绝。
silence	Un grand silence a suivi l'annonce du verdict.	判决宣布后是一片沉寂。
silence	Le silence de la bibliothèque facilite la concentration.	图书馆的安静有助于集中注意力。
silence	Ils marchèrent en silence jusqu'au bout du chemin.	他们默默走到路的尽头。
silhouette	Une silhouette s'est dessinée derrière le rideau.	窗帘后面映出一个身影。
silhouette	Sa fine silhouette court au bord de la mer chaque matin.	每天清晨，他瘦削的身影都在海边奔跑。
silhouette	Dans la brume, on devine la silhouette du château.	雾中隐约可见城堡的轮廓。
silicone	Ce moule en silicone passe au four sans problème.	这个硅胶模具可以直接进烤箱。
silicone	Un joint de silicone étanche le bord de la baignoire.	硅酮密封胶把浴缸边缘封得严严实实。
silicone	Le fabricant garantit un silicone sans odeur pour la pâtisserie.	厂家保证这种烘焙硅胶没有异味。
simple	C'est une recette simple avec seulement quatre ingrédients.	这道菜谱很简单，只用四种食材。
simple	Sois simple et direct dans ta présentation.	你的展示要简单直接。
simple	Un simple appel suffit pour annuler le rendez-vous.	打个电话就能取消预约。
simplifier	Ce logiciel sert à simplifier la gestion des stocks.	这款软件用来简化库存管理。
simplifier	Il faut simplifier ce formulaire, il décourage les candidats.	这张表格得简化，不然把申请人都吓跑了。
simplifier	Peux-tu simplifier ton explication pour les débutants ?	你能把解释简化一下，方便初学者理解吗？
simulation	Une simulation d'entretien aide à gérer le stress.	面试模拟练习有助于缓解紧张。
simulation	Les élèves ont réalisé une simulation de vote à l'école.	学生们在学校进行了一次模拟投票。
simulation	Sa maladie n'était qu'une simulation pour éviter le voyage.	她那场病不过是躲这趟出行的托词。
singe	Le singe attrape une banane au bout de la branche.	猴子够到了树枝尽头的香蕉。
singe	Les touristes ont vu des singes jouer près du temple.	游客们看见猴子在寺庙旁玩耍。
singe	Ne fais pas le singe pendant la visite guidée !	参观的时候别捣乱出洋相！
sire	Sire, le peuple réclame du pain.	陛下，百姓在要面包啊。
sire	Le chancelier s'inclina devant le roi et murmura: Sire.	大臣向国王行礼，低唤一声陛下。
sire	Sire, permettez-moi de vous présenter mes hommages.	陛下，请容我向您致意。
site	Ce site web vend des billets à moitié prix.	这个网站卖半价门票。
site	Ce site archéologique date de l'âge du bronze.	这处考古遗址属于青铜时代。
site	Le nouveau site de l'usine se trouve près du port.	工厂的新厂址在港口附近。
situation	La situation économique du pays inquiète beaucoup de familles.	国家的经济形势让许多家庭担忧。
situation	Explique-moi la situation, je n'ai pas tout compris.	把情况跟我讲讲，我没全弄明白。
situation	Dans cette situation délicate, mieux vaut rester calme.	局面这么微妙，最好保持冷静。
six	Nous nous levons à six heures pour attraper le premier train.	为了赶头班火车，我们六点就起床。
six	Il y a six bougies sur le gâteau d'anniversaire.	生日蛋糕上插着六根蜡烛。
six	Le paquet de six yaourts est en promotion.	六连杯酸奶在搞促销。
skate	Les ados font du skate devant la gare désaffectée.	青少年们在废弃车站前玩滑板。
skate	Il a offert un nouveau skate à son petit frère pour son anniversaire.	弟弟过生日，他送了一块新滑板。
skate	Ce skate est usé jusqu'à la moitié de la planche.	这块滑板的板面已经磨掉一半了。
sketch	Ce sketch sur les réunions de bureau fait hurler de rire.	这个讲开会的段子让人笑翻。
sketch	Les élèves ont joué un sketch pour la fête de l'école.	学生们在学校联欢会上演了一个小品。
sketch	Son sketch sur les files d'attente cartonne sur Internet.	他那个吐槽排队的小品在网上火了。
ski	Nous partons au ski chaque février avec les cousins.	每年二月我们都和表兄弟们去滑雪。
ski	Les cours de ski débutent lundi à la station.	滑雪课周一在雪场开课。
ski	Elle a rangé ses skis dans le garage jusqu'à l'hiver prochain.	她把滑雪板收进车库，等下一个冬天再用。
skier	Apprendre à skier demande un peu de patience.	学滑雪需要一点耐心。
skier	Les champions skient à plus de cent kilomètres à l'heure.	冠军选手滑行时速超过一百公里。
skier	Elle préfère skier hors des pistes balisées.	她更喜欢在标记雪道之外滑野雪。
slip	Ne sors pas en slip sur la terrasse, les voisins sont là.	别只穿条内裤就上露台，邻居都在呢。
slip	Range tes slips et tes chaussettes dans ce tiroir.	把你的内裤和袜子放进这个抽屉。
slip	Il a plongé dans le lac en slip devant tout le monde.	他穿着内裤当众跳进了湖里。
slogan	Les manifestants scandaient des slogans contre la fermeture.	抗议者齐声喊着反对关厂的口号。
slogan	Ce slogan publicitaire reste dans les têtes depuis vingt ans.	这句广告语二十年来一直让人记得住。
slogan	Invente un slogan pour le club de mathématiques.	给数学社想一句口号吧。
smoking	Il a loué un smoking pour le gala de fin d'année.	为了参加年终晚会，他租了一套男士晚礼服。
smoking	Il repasse son smoking la veille du bal.	舞会前一天晚上，他把晚礼服熨好。
smoking	Tout le monde portait un smoking ou une robe longue.	在场的人不是穿晚礼服就是穿长裙。
sniffer	Le chien douanier sniffe chaque valise à la recherche de drogue.	缉毒犬逐个嗅检每件行李，搜寻毒品。
sniffer	Il a été interpellé pour avoir sniffé de la colle dans le parc.	他因在公园里吸胶毒被警方带走。
sniffer	Le chiot sniffait le sol de toutes parts, fasciné par les odeurs.	小狗到处嗅着地面，被各种气味迷住了。
sniper	Le sniper a neutralisé la menace depuis le toit d'en face.	狙击手从对面楼顶消除了威胁。
sniper	Dans ce jeu vidéo, j'adore jouer le sniper.	在这款游戏里，我最爱扮演狙击手。
sniper	Un tireur d'élite, un vrai sniper, surveillait la place.	一名真正的狙击手监视着广场。
social	L'assistant social du quartier aide les familles en difficulté.	社区的社工帮助有困难的家庭。
social	Elle suit des cours de sciences sociales et politiques.	她在上社会科学与政治学课程。
social	Son travail dans le secteur social lui apporte beaucoup.	社会工作领域的工作让她收获很多。
soda	Les enfants ont bu un soda chacun à la fête.	派对上每个孩子都喝了一杯汽水。
soda	Ne bois pas ce soda glacé si vite.	冰汽水别喝那么快。
soda	Il reste deux canettes de soda dans le frigo.	冰箱里还有两罐汽水。
sofa	Le chat dort sur le sofa depuis ce matin.	猫从今天早上起就一直在沙发上睡。
sofa	Installe-toi sur le sofa, je prépare le thé.	你在沙发上坐好，我去泡茶。
sofa	Ils ont acheté un sofa d'angle pour le nouveau salon.	他们为新客厅买了张转角沙发。
sol	Ne laisse pas tes affaires traîner sur le sol du couloir.	别把你的东西扔在走廊地上。
sol	Le sol de la cuisine est couvert de carrelage ancien.	厨房地面铺着老式瓷砖。
sol	Le joueur ramasse la balle qui roule au sol.	球员捡起滚在地上的球。
solitaire	Il mène une vie solitaire au bord du lac.	他在湖边过着离群索居的生活。
solitaire	C'est un oiseau solitaire qu'on voit rarement en groupe.	这是一种独来独往的鸟，很少成群出现。
solitaire	La randonnée solitaire demande une bonne préparation.	独自徒步需要做好充分的准备。
solitude	Il apprécie la solitude de sa cabane en forêt.	他很享受森林小屋里独处的时光。
solitude	Après le départ des enfants, une douce solitude s'installe dans la maison.	孩子们搬走之后，家里剩下安静的冷清。
solitude	Elle choisit la solitude pour finir son roman.	为了写完小说，她选择了独处。
solo	Le guitariste a improvisé un solo de dix minutes.	吉他手即兴演奏了十分钟的独奏。
solo	Elle chantera un solo au concert de fin d'année.	她将在年末音乐会上独唱一曲。
solo	Après le duo, chaque danseur se produit en solo.	双人舞之后，每位舞者单独登台表演。
solution	Il faut trouver une solution avant la fin du mois.	月底前必须找到解决办法。
solution	Cette solution vous coûtera moins cher à long terme.	从长远看，这个方案更省钱。
solution	Elle a fini par trouver la solution de l'énigme.	她终于解开了谜题。
sombre	Le ciel est devenu sombre en quelques minutes.	天空几分钟之内就暗了下来。
sombre	Cette pièce trop sombre mérite une seconde lampe.	这个房间太暗了，该再添一盏灯。
sombre	Il a traversé une période sombre après son accident.	事故之后，他度过了一段灰暗的日子。
son	Son frère joue au football tous les mercredis.	他弟弟每周三都踢足球。
son	Le chat dort dans son panier.	猫在它自己的篮子里睡觉。
son	Elle a oublié son parapluie dans le bus.	她把伞忘在公交车上了。
soprano	Cette soprano illumine la scène de l'opéra depuis dix ans.	十年来，这位女高音一直闪耀在歌剧院舞台上。
soprano	Elle chante la partie de soprano dans la chorale paroissiale.	她在教区合唱团里担任女高音声部。
soprano	Le compositeur a écrit ce rôle pour une jeune soprano.	作曲家专为一位年轻女高音写了这个角色。
sort	Le sort s'acharne contre lui cette semaine.	这个星期，厄运总是缠着他不放。
sort	La sorcière a jeté un sort au château.	女巫给城堡下了咒。
sort	On ne peut pas échapper à son sort.	谁也逃不脱自己的命运。
sortie	La sortie des élèves a lieu à seize heures trente.	学生下午四点半放学。
sortie	Nous prévoyons une sortie à la mer dimanche si le temps le permet.	如果天气允许，周日我们打算去海边玩。
sortie	Repérez la sortie de secours avant le début du spectacle.	演出开始前先找到安全出口。
souffle	Le souffle du vent a éteint les bougies de la terrasse.	一阵风把露台上的蜡烛吹灭了。
souffle	Il a repris son souffle au sommet de la côte.	爬到坡顶，他喘了口气。
souffle	Le plongeur a gardé son souffle pendant une minute.	潜水员屏住呼吸撑了一分钟。
source	Cette information provient d'une source sûre.	这条消息来源可靠。
source	Nous buvons l'eau d'une source de montagne.	我们喝的是山泉水。
source	Cette rivière prend sa source dans les Pyrénées.	这条河发源于比利牛斯山。
souvenir	Je me souviens de nos vacances en Provence comme si c'était hier.	普罗旺斯度假的情景我记得清清楚楚，仿佛就在昨天。
souvenir	Tu te souviens du nom de cette chanson ?	你还记得这首歌的名字吗？
souvenir	Il ne se souvient plus où il a garé la voiture.	他不记得把车停哪儿了。
spaghetti	Mets les spaghettis dans l'eau bouillante salée neuf minutes.	把意面放进加盐的滚水里煮九分钟。
spaghetti	Ce restaurant sert des spaghetti à la carbonara comme en Italie.	这家餐馆的培根蛋意面做得和意大利一样正宗。
spaghetti	Les enfants roulent les spaghetti autour de leur fourchette.	孩子们用叉子卷着意面吃。
spatial	L'agence spatiale européenne lance deux satellites ce printemps.	欧洲航天局今年春天要发射两颗卫星。
spatial	Il rêve d'une carrière spatiale depuis l'enfance.	他从小就梦想从事太空事业。
spatial	Cette image spatiale montre la tempête vue d'en haut.	这张太空图像展现了从高处看到的风暴。
spectacle	Ce spectacle de magie a émerveillé les enfants.	这场魔术表演让孩子们看得入迷。
spectacle	Le coucher de soleil sur la baie est un spectacle inoubliable.	海湾上的日落是令人难忘的景象。
spectacle	Les billets du spectacle du samedi soir sont déjà épuisés.	周六晚场演出的票已经售罄。
spectre	La lumière décomposée révèle tout un spectre de couleurs.	光经过分解呈现出整条色谱。
spectre	Un spectre hantait le donjon selon la légende.	传说有幽灵出没在这座主塔楼里。
spectre	Le débat couvre un large spectre d'opinions.	这场讨论涵盖了各种各样的观点。
speed	La fête a tourné court après la saisie de speed.	查获毒品之后，派对草草收场。
speed	Le speed abîme le cœur et les dents.	安非他明伤心脏，也毁牙齿。
speed	Il a franchi la frontière avec du speed caché dans la roue de secours.	他把毒品藏在备胎里闯关过境。
sponsor	Son sponsor principal se retire à la fin de la saison.	他的主赞助商将在赛季末退出。
sponsor	Le club cherche un nouveau sponsor pour les maillots.	俱乐部正在为球衣寻找新的赞助商。
sponsor	Elle a convaincu un sponsor local de financer le tournoi.	她说服了一家本地赞助商资助这项赛事。
sport	Le sport fait du bien après une journée de bureau.	在办公室坐了一天后，运动一下很舒服。
sport	Quel sport pratiques-tu pendant l'hiver ?	冬天你做什么运动？
sport	Son sport préféré, c'est la natation.	他最喜欢的运动是游泳。
spot	Ce spot publicitaire de trente secondes a coûté une fortune.	这条三十秒的广告片花了不少钱。
spot	Elle connaît un spot de baignade tranquille sur la rivière.	她知道河边一处安静的游泳地点。
spot	Le nouveau spot passe toutes les dix minutes à la télé.	新广告每十分钟就在电视上播一遍。
spray	Vaporise un peu de spray désinfectant sur la table.	往桌上喷一点消毒喷雾。
spray	Ce spray anti-moustiques sera très utile au camping.	露营时这瓶驱蚊喷雾会很有用。
spray	Elle a acheté un spray spécial pour ses cheveux frisés.	她买了一瓶专门护理卷发的喷雾。
square	Les enfants jouent au ballon dans le square du quartier.	孩子们在街区小公园里玩球。
square	Les grands-mères se retrouvent chaque matin au square.	老奶奶们每天早上在小公园碰头。
square	Il fait une pause déjeuner sur un banc du square.	他在街心花园的长椅上吃午饭歇脚。
stabiliser	Les banques centrales cherchent à stabiliser les prix.	各国央行设法稳定物价。
stabiliser	Le patient est stabilisé après l'opération.	术后病人的情况已经稳定。
stabiliser	Des sacs de sable stabilisent l'échafaudage.	沙袋把脚手架压稳了。
stable	La météo restera stable toute la semaine.	这一周天气都会保持稳定。
stable	Le prix du loyer est resté stable depuis deux ans.	房租两年来一直没变。
stable	Pose l'échelle sur un sol stable avant de monter.	爬梯子之前，先把它架稳。
stage	Elle fait son stage dans un cabinet d'architectes à Bordeaux.	她在波尔多的一家建筑师事务所实习。
stage	Ce stage de théâtre dure une semaine pendant les vacances.	这个戏剧培训班假期里办一周。
stage	À la fin de son stage, l'entreprise lui a proposé un contrat.	实习结束时，公司向他递出了合同。
stand	Passe nous voir au stand de l'association, salle trois.	来三号厅我们协会的展台看看吧。
stand	Le stand du salon présente les nouveaux modèles électriques.	展会上这个展台陈列着新款电动车。
stand	On tient un stand de gâteaux au marché de Noël.	圣诞市集上我们摆了个卖蛋糕的摊位。
standard	La procédure standard prend une semaine.	标准流程需要一个星期。
standard	Il n'y a pas de réponse standard à cette question.	这个问题没有标准答案。
standard	La version standard de l'abonnement coûte dix euros.	订阅标准版每月十欧元。
star	Cette star de cinéma dîne anonymement dans les bistros du quartier.	这位电影明星常匿名在街区的餐馆吃饭。
star	Il rêve de devenir une star de la chanson.	他梦想成为歌坛明星。
star	La star a salué ses fans depuis les marches du palais.	明星在宫殿台阶上向粉丝们致意。
station	La station de métro la plus proche ferme à minuit.	最近的地铁站午夜关闭。
station	Ils attendent le bus à la station du centre commercial.	他们在商场的公交站等车。
station	Cette station de ski ouvre ses pistes dès décembre.	这个滑雪场十二月就开雪道。
statue	Une statue de bronze orne la place du marché.	市场广场上立着一尊青铜雕像。
statue	Les pigeons se posent souvent sur la statue du parc.	鸽子经常落在公园的雕像上。
statue	Cette statue représente une femme tenant une lampe.	这座雕像是一位手举灯的女子。
steak	Le steak haché doit être bien cuit pour les enfants.	给孩子吃的牛肉饼一定要煎熟。
steak	Il aime son steak saignant avec des frites maison.	他喜欢三分熟的牛排配自制薯条。
steak	On a grillé des steaks au barbecue du jardin dimanche.	周日我们在花园烤架上烤了牛排。
stock	Le magasin a écoulé tout son stock avant les fêtes.	商店赶在节前把库存全部卖光了。
stock	Ce modèle n'est plus en stock, il faudra commander.	这个型号已经没货了，得预订。
stock	L'entrepôt ne peut plus absorber un tel stock de marchandises.	仓库再也装不下这么多存货了。
stop	Arrête-toi au panneau stop, même si la route est vide.	到停车标志前要停下，哪怕路上没车。
stop	Stop, arrête de sauter sur le canapé !	停！别在沙发上跳了！
stop	Le panneau stop est tombé pendant la tempête.	暴风雨把停车标志牌刮倒了。
stopper	Le policier a stoppé la voiture au bord de l'autoroute.	警察让那辆车在高速公路边停了下来。
stopper	Il faut stopper la machine avant de nettoyer le filtre.	清洗滤网前必须先停机。
stopper	Le médecin lui a conseillé de stopper ce traitement.	医生建议他停止这项治疗。
store	Abaisse le store, le soleil tape sur l'écran.	把遮阳帘放下来，太阳晃到屏幕了。
store	Nous avons installé un store banne sur la terrasse.	我们在露台装了伸缩遮阳篷。
store	Le store de la boutique se lève à huit heures.	店铺的卷帘八点升起。
stress	Le stress des examens lui donne des insomnies.	考试压力让他失眠。
stress	Respirer profondément aide à réduire le stress avant l'entretien.	面试前深呼吸有助于减压。
stress	Il a quitté son poste à cause du stress permanent.	由于长期压力大，他辞了职。
strict	Le règlement intérieur est très strict sur les horaires.	内部规章对上班时间要求很严格。
strict	Ses parents étaient stricts sur la politesse à table.	他的父母在餐桌礼仪上要求很严。
strict	C'est un professeur exigeant mais pas strict.	他是一位要求高但不刻板的老师。
string	Elle a acheté un string noir au rayon lingerie.	她在内衣区买了一条黑色丁字裤。
string	Le string est devenu populaire dans les années quatre-vingt-dix.	丁字裤在上世纪九十年代流行起来。
string	Attention à la ligne du string sous ce pantalon blanc.	穿这条白裤子，丁字裤的边会透出来。
structure	La structure du pont a été renforcée après le séisme.	地震后大桥的结构得到了加固。
structure	Cette association est une structure d'accueil pour étudiants étrangers.	这家协会是一个接待外国学生的机构。
structure	Il faudra revoir la structure de ta phrase.	你得重新调整一下这句子的结构。
studio	Elle loue un studio meublé près de la faculté.	她在学院附近租了一间带家具的单间公寓。
studio	Le musicien a transformé son garage en studio d'enregistrement.	音乐人把车库改成了录音棚。
studio	Ils répètent dans un studio au sous-sol de l'immeuble.	他们在楼地下室的一间排练室里排练。
style	J'aime son style simple et élégant.	我喜欢他简洁优雅的风格。
style	Ce style de musique plaît beaucoup aux adolescents.	这种音乐风格很受青少年欢迎。
style	L'architecte a gardé le style ancien de la façade.	建筑师保留了立面的原有风格。
sublime	Quel sublime coucher de soleil sur les toits!	屋顶上的落日美得惊人！
sublime	Sa patience devant ces enfants est sublime.	她面对这群孩子时的耐心令人敬佩。
sublime	Le soprane a tenu une note sublime pendant dix secondes.	女高音把一个音完美地保持了十秒。
substance	Une substance huileuse flottait sur la rivière.	河面上漂着一层油状物质。
substance	Le résumé reprend la substance du rapport sans les détails.	摘要撷取了报告的实质内容，省去了细节。
substance	Cette substance est toxique pour les chats.	这种物质对猫有毒。
subvention	L'État a accordé une subvention à ce théâtre indépendant.	国家给这家独立剧院发放了补贴。
subvention	Sans cette subvention, le projet ne verrait jamais le jour.	没有这笔补助金，项目根本无法启动。
subvention	L'association demande une subvention à la mairie chaque année.	协会每年都向市政府申请补助。
succession	Une succession de pannes a retardé le chantier.	接连不断的故障耽误了工期。
succession	La succession du roi a déclenché un conflit entre les frères.	王位继承在兄弟之间引发了争斗。
succession	Les papiers de la succession sont chez le notaire.	遗产继承的文件在公证人那里。
suggestion	Merci pour ta suggestion, nous allons la suivre.	谢谢你的建议，我们会采纳。
suggestion	J'ai une suggestion à vous faire pour améliorer l'accueil.	我有一条改进接待工作的建议。
suggestion	Sur la suggestion du professeur, elle a relu son devoir.	在老师的建议下，她把作业重读了一遍。
suicide	La police écarte la thèse du suicide et ouvre une enquête.	警方排除自杀的结论，已展开调查。
suicide	Des campagnes de prévention du suicide sont lancées chaque automne.	每年秋天都会开展预防自杀的宣传活动。
suicide	Cette ligne d'écoute aide les personnes en détresse vingt-quatre heures sur vingt-quatre.	这条心理援助热线全天候帮助陷入困境的人。
suite	Et la suite du film est encore meilleure que le début.	电影的后续部分比开头还精彩。
suite	Je t'explique tout de suite comment ça marche.	我马上就告诉你这是怎么回事。
suite	Ils ont réservé une suite avec vue sur la mer pour leur lune de miel.	蜜月他们订了海景套房。
super	Ce gâteau est super, tu l'as fait toi-même ?	这蛋糕太棒了，是你自己做的吗？
super	La nouvelle bibliothèque est super, il y a même un café.	新图书馆特别棒，里面居然还有咖啡馆。
super	On a passé un super week-end au bord du lac.	我们在湖边过了一个超棒的周末。
superstition	Passer sous une échelle est une vieille superstition.	从梯子下走过是一种老迷信。
superstition	Cette superstition du vendredi treize persiste dans les bureaux.	黑色星期五的迷信在办公室里依然流行。
superstition	La raison finit par vaincre la superstition.	理性终将战胜迷信。
supplier	Elle a supplié le gardien de laisser entrer son frère.	她哀求门卫放她哥哥进去。
supplier	Il supplie son patron de ne pas le licencier.	他恳求老板不要解雇他。
supplier	Ne me force pas à supplier pour obtenir ce qui m'est dû.	别逼我为了拿回属于自己的东西去苦苦哀求。
support	Le carton sert de support à l'affiche.	纸板用来做海报的底衬。
support	Ce disque dur est un support de sauvegarde fiable.	这块硬盘是可靠的存储介质。
support	Le mur supporte l'étagère depuis vingt ans.	这面墙撑着书架已经二十年了。
supporter	Je ne supporte pas le bruit la nuit.	我受不了夜里的噪音。
supporter	Elle n'a jamais pu supporter l'humidité de cette région.	她一直忍受不了这个地区的潮湿。
supporter	Comment as-tu supporté cette chaleur toute la semaine ?	这一整周的高温你是怎么熬过来的？
supposition	Tout cela n'est qu'une supposition de votre part.	这一切都只是你的猜测。
supposition	Partons de la supposition que le train part à sept heures.	就假定火车七点发车吧。
supposition	Cette supposition s'est révélée exacte au final.	这一推测最终被证实是对的。
surf	Les jeunes apprennent le surf sur les vagues de la côte atlantique.	年轻人在大西洋沿岸的海浪中学冲浪。
surf	Il a acheté une nouvelle planche de surf avant l'été.	入夏前他买了块新冲浪板。
surf	Après deux leçons, elle tient déjà debout sur son surf.	上了两节课，她已经能在冲浪板上站稳了。
surface	La surface de la table est rayée par les couteaux.	桌面被刀子划花了。
surface	Cet appartement offre une surface habitable de soixante mètres carrés.	这套公寓的使用面积有六十平方米。
surface	Sous une surface calme, elle cache beaucoup d'émotions.	平静的外表下，她藏着许多情绪。
surfer	Les jeunes passent des heures à surfer sur les réseaux sociaux.	年轻人一上网就在社交平台上泡好几个小时。
surfer	Il apprend à surfer sur les vagues de la côte atlantique.	他在大西洋沿岸学习冲浪。
surfer	Surfer sur cette tendance serait une bonne affaire pour la marque.	借这股潮流的势头，对品牌来说是笔好买卖。
surprise	Organisons une surprise pour les dix ans de Julien.	我们来为于连的十岁生日准备一个惊喜吧。
surprise	Sa visite fut une agréable surprise pour toute la famille.	他的到访让全家人又惊又喜。
surprise	Quelle surprise de te croiser au marché ce matin !	今天早上在市场碰见你，真没想到！
surveillance	Les caméras de surveillance ont filmé le voleur.	监控摄像头拍到了窃贼。
surveillance	Le patient reste sous surveillance médicale pendant la nuit.	病人整夜都在医疗监护之下。
surveillance	La surveillance du périmètre est assurée par des drones.	周边的监视由无人机负责。
susceptible	Ce médicament est susceptible de provoquer des vertiges.	这种药可能引起眩晕。
susceptible	Ne le taquine pas, il est très susceptible.	别逗他了，他特别容易恼火。
susceptible	Tout citoyen est susceptible d'être convoqué comme témoin.	任何公民都可能被传唤作证。
suspect	Le suspect a refusé de répondre aux questions du policier.	嫌疑人拒绝回答警察的问话。
suspect	Un individu suspect rôdait près des garages la nuit.	夜里有个可疑的人在车库附近转悠。
suspect	Les enquêteurs ont relâché le suspect faute de preuves.	由于证据不足，调查人员释放了嫌疑人。
suspense	Le film maintient le suspense jusqu'à la dernière minute.	影片把悬念保持到了最后一刻。
suspense	Ce roman policier est un modèle de suspense.	这部推理小说是悬念设置的典范。
suspense	Ne garde pas le suspense plus longtemps, dis-nous le résultat!	别再吊我们胃口了，快说结果！
suspension	Le joueur écope d'une suspension de deux matchs.	这名球员被禁赛两场。
suspension	Une suspension de paiement a été demandée au tribunal.	已向法院申请中止付款。
suspension	La suspension du salon éclaire la table à manger.	客厅的吊灯正好照亮餐桌。
suture	L'infirmière retirera les sutures dans une semaine.	护士一周后拆线。
suture	Le chirurgien a soigneusement refermé la plaie avec des sutures.	外科医生用缝线仔细缝合了伤口。
suture	Une suture bien faite laisse une cicatrice discrète.	缝合得好，疤痕会很不明显。
synagogue	La synagogue du quartier accueille aussi des conférences.	街区里的犹太教堂也举办讲座。
synagogue	Nous avons visité la vieille synagogue de Prague.	我们参观了布拉格的老犹太会堂。
synagogue	La synagogue a été restaurée après l'incendie.	火灾之后，犹太教堂得到了修复。
syndrome	Le médecin évoque un syndrome grippal banal.	医生说这只是一般的流感样症状。
syndrome	Il souffre du syndrome de la page blanche avant chaque article.	每次动笔前，他都犯写作卡壳的毛病。
syndrome	Les médecins ont identifié un syndrome rare chez ce patient.	医生在这位病人身上确认了一种罕见的综合征。
table	Mets les assiettes sur la table, s'il te plaît.	请把盘子摆到桌上。
table	Ils jouent aux échecs à la table de la cuisine.	他们在厨房的桌子上下棋。
table	Cette table en bois vient du marché aux puces.	这张木桌是从跳蚤市场淘来的。
tableau	Le professeur efface le tableau après chaque leçon.	每节课后老师都把黑板擦干净。
tableau	Ce tableau de Van Gogh est exposé au musée d'Amsterdam.	梵高的这幅画陈列在阿姆斯特丹的博物馆里。
tableau	Le tableau des prix est affiché à l'entrée du parking.	停车场入口贴着收费表。
tact	Elle a annoncé la mauvaise nouvelle avec beaucoup de tact.	她委婉得体地传达了这个坏消息。
tact	Il manque complètement de tact avec les clients.	他面对客户完全不懂分寸。
tact	Avec tact, le médecin a annoncé le diagnostic à la famille.	医生很讲分寸地向家属告知了诊断结果。
talent	Elle a un vrai talent pour raconter des histoires.	她讲故事特别有天分。
talent	Ce jeune pianiste montre un talent précoce.	这位年轻钢琴家早早显露了才华。
talent	Le concours révèle chaque année de nouveaux talents.	这项比赛每年都发掘出新秀。
talon	Ces chaussures à haut talon font mal aux pieds.	这种高跟鞋穿着脚疼。
talon	Le cordonnier a réparé le talon de sa botte.	修鞋匠修好了她靴子的鞋跟。
talon	Elle a une ampoule au talon à cause des nouvelles chaussures.	新鞋磨脚，她脚跟上起了泡。
tampon	Le douanier a apposé un tampon sur mon passeport.	海关官员在我的护照上盖了章。
tampon	Ce tampon encreur est tombé par terre.	这枚印章掉到了地上。
tampon	La boutique vend aussi des tampons et des serviettes.	这家小店也卖棉条和卫生巾。
tango	Ils dansent le tango depuis dix ans.	他们跳探戈已经十年了。
tango	Un orchestre joue un tango entraînant sur la place.	广场上有乐队在演奏一支欢快的探戈曲。
tango	Elle a appris les pas du tango en Argentine.	她在阿根廷学会了探戈舞步。
tank	Ce musée expose un tank de la Seconde Guerre mondiale.	这家博物馆陈列着一辆二战坦克。
tank	Le vieux film montre des tanks traverser la campagne.	老电影里坦克正穿越乡野。
tank	Dans ce jeu vidéo, ton tank doit franchir le pont sous les tirs ennemis.	在这款游戏里，你的坦克要在敌人火力下过桥。
tanner	Les artisans tannent les peaux avec de l'écorce.	工匠用树皮鞣制兽皮。
tanner	Il m'a tanné toute la soirée avec son idée de voyage.	他整个晚上拿旅行计划磨我，烦死了。
tanner	L'atelier tanne le cuir selon des méthodes traditionnelles.	这家作坊沿用传统方法鞣革。
tape	Il a salué son ami d'une tape sur l'épaule.	他拍了拍朋友的肩膀打招呼。
tape	Une petite tape sur la main, et le chien arrête de quémander.	轻拍一下爪子，狗就不再讨食了。
tape	Elle a reçu une tape du proviseur pour son insolence.	因为出言不逊，她挨了校长一记耳光。
taper	Tape ton mot de passe puis appuie sur la touche entrée.	输入密码，然后按回车键。
taper	Elle tape son mémoire sur un vieux clavier bruyant.	她在一台吵闹的旧键盘上敲论文。
taper	Ne tape pas sur la table pour appeler le serveur.	别敲桌子叫服务员。
taxi	Nous avons pris un taxi parce qu'il pleuvait.	因为下雨，我们打了一辆出租车。
taxi	Le taxi t'attend devant l'hôtel.	出租车在旅馆门口等你。
taxi	Les taxis de la gare acceptent les cartes.	火车站的出租车可以刷卡。
team	L'entreprise a organisé une journée de team building au bord du lac.	公司组织了一次湖边团建活动。
team	Notre team se qualifie pour la finale du tournoi.	我们的队伍晋级了锦标赛决赛。
team	Il gère une team de bénévoles pour le festival.	他为艺术节管理着一支志愿者小组。
technique	Ce manuel technique explique le fonctionnement du moteur.	这本技术手册讲解发动机的工作原理。
technique	L'équipe a développé une technique originale de fabrication.	团队研发出一套独特的制造工艺。
technique	Son problème est technique et demande un spécialiste.	他的问题是技术性的，得找专家。
temple	Les visiteurs retirent leurs chaussures avant d'entrer dans le temple.	参观者进寺庙前先脱鞋。
temple	Ce temple bouddhiste attire des pèlerins de tout le pays.	这座佛寺吸引全国各地的香客。
temple	On aperçoit le temple au sommet de la colline.	可以看到神殿矗立在山顶上。
tendance	Les jupes longues reviennent à la mode, c'est la tendance.	长裙重新流行，这就是当下的时尚趋势。
tendance	La tendance du marché reste favorable aux voitures électriques.	市场行情依然利好电动汽车。
tendance	Il a la mauvaise tendance à toujours arriver en retard.	他有个坏毛病，总是迟到。
tennis	Elle joue au tennis deux fois par semaine.	她每周打两次网球。
tennis	La finale de tennis attire des milliers de spectateurs.	网球决赛吸引了数千观众。
tennis	Il a acheté une nouvelle raquette de tennis avant le tournoi.	赛前他买了支新网球拍。
tension	Le médecin contrôle sa tension tous les mois.	医生每月检查一次他的血压。
tension	Une tension diplomatique monte entre les deux pays.	两国之间的外交紧张局势正在升级。
tension	Des tensions sont apparues dans l'équipe après cette décision.	这项决定公布后，团队里出现了紧张关系。
tentative	Sa tentative d'escalade du mur d'enceinte a échoué.	他翻越围墙的企图失败了。
tentative	La police a arrêté un homme pour tentative de vol.	警方以盗窃未遂逮捕了一名男子。
tentative	Après plusieurs tentatives, elle a enfin obtenu son permis.	经过几次尝试，她终于拿到了驾照。
tequila	La tequila se savore lentement, avec du sel et du citron.	龙舌兰酒要配盐和柠檬慢慢品。
tequila	Un verre de tequila a mis le feu à la soirée.	一轮龙舌兰酒点燃了整晚的气氛。
tequila	Cette distillerie produit une tequila bio depuis trois générations.	这家酒厂三代人酿造有机龙舌兰酒。
terminal	Le terminal 2 accueille les vols long-courriers.	2号航站楼起降远程航班。
terminal	Nous attendons le car au terminal des autocars.	我们在长途汽车总站等大巴。
terminal	Un nouveau terminal sera construit d'ici cinq ans.	五年内将新建一座航站楼。
terminus	C'est le terminus, tout le monde doit descendre.	这是终点站，请大家全部下车。
terminus	Le terminus de cette ligne est le stade.	这条线路的终点站是体育场。
terminus	Après le terminus, les voyageurs prennent une navette.	过了终点站，乘客要换乘接驳车。
termite	Les termites rongent la poutre maîtresse depuis des années.	多年来白蚁一直在蛀蚀主梁。
termite	Un diagnostic termite est obligatoire avant la vente.	卖房前必须做白蚁检测。
termite	On a découvert une colonie de termites sous la terrasse.	露台下面发现了一个白蚁巢。
terrain	Les enfants jouent au ballon sur le terrain voisin.	孩子们在隔壁场地上踢球。
terrain	Ils ont acheté un terrain pour construire leur maison.	他们买了一块地来盖房子。
terrain	Ce terrain escarpé demande de bonnes chaussures de marche.	这种陡峭的地形需要一双好的徒步鞋。
terrible	L'accident de vélo a fait un bruit terrible.	自行车摔出的声响大得吓人。
terrible	Elle a une migraine terrible depuis ce matin.	从今天早上起她头疼得厉害。
terrible	La tempête a causé des dégâts terribles sur la côte.	风暴给海岸造成了严重破坏。
test	Le test de vue a lieu mardi chez l'ophtalmologue.	周二是眼科医生那里的视力检查。
test	Elle a réussi le test d'anglais sans difficulté.	她轻松通过了英语测试。
test	Ce test de personnalité circule beaucoup sur les réseaux.	这个性格测试在网上传得很火。
testament	Elle a rédigé son testament chez le notaire.	她在公证人那里立了遗嘱。
testament	Le testament du grand-père a surpris toute la famille.	祖父的遗嘱让全家大吃一惊。
testament	Il a modifié son testament après la naissance de sa petite-fille.	孙女出生后，他修改了遗嘱。
tester	Les ingénieurs vont tester le prototype en conditions réelles.	工程师将在真实环境下测试样机。
tester	Veux-tu tester cette application de cuisine ?	你想试试这款做菜软件吗？
tester	Il faut tester le détecteur de fumée tous les mois.	烟雾报警器每个月都要测试一次。
thorax	La radiographie du thorax ne montre rien d'anormal.	胸部X光片没有发现异常。
thorax	L'insecte porte ses ailes sur le thorax.	昆虫的翅膀长在胸部。
thorax	La ceinture de sécurité a comprimé son thorax lors du choc.	撞车时安全带勒紧了他的胸口。
tibia	Il s'est fracturé le tibia en skiant.	他滑雪时胫骨骨折了。
tibia	Le tibia relie le genou à la cheville.	胫骨连接膝盖和脚踝。
tibia	Le défenseur a reçu un coup de crampon sur le tibia.	后卫的胫骨被鞋钉踢了一记。
tic	Son tic de se mordiller les lèvres la trahit.	她一紧张就咬嘴唇，这习惯出卖了她。
tic	Un tic nerveux agite sa paupière quand il est fatigué.	他一累，眼皮就神经性地抽动。
tic	Répéter du coup à chaque phrase est devenu un tic de langage.	句句不离口头禅，已经成了语言习惯。
ticket	Garde ton ticket de caisse pour un éventuel échange.	留着小票，方便以后退换。
ticket	Il a pris un ticket à la boulangerie pour attendre son tour.	他在面包店取了个号，等着轮到自己。
ticket	Ce ticket de métro est valable jusqu'à la fin de la journée.	这张地铁票当天有效。
timbre	Il manque un timbre pour envoyer cette lettre.	寄这封信还差一枚邮票。
timbre	Elle collectionne les timbres anciens depuis son enfance.	她从小就收集老邮票。
timbre	Le timbre de sa voix est grave et apaisant.	他的嗓音低沉而安抚人心。
timing	Son timing était parfait: il est entré juste avant la panne.	他时机掐得真准：故障前一刻刚进门。
timing	Ce n'est pas le timing idéal pour demander une augmentation.	现在要求加薪可不是好时机。
timing	Le nageur travaille son timing de départ chaque matin.	游泳运动员每天早晨练习出发时机。
titre	Le titre du nouveau roman sera dévoilé lundi.	新小说的书名将于周一揭晓。
titre	Il a gagné le titre de champion régional deux fois.	他两次夺得地区冠军头衔。
titre	Écris le titre au centre de la première page.	把标题写在第一页正中。
toast	On a levé un toast aux jeunes mariés à minuit.	午夜时分，大家举杯祝新人幸福。
toast	Il a grillé deux toasts pour le petit-déjeuner.	他烤了两片吐司当早餐。
toast	Le champagne est servi pour le toast final du dîner.	晚宴最后一轮祝酒时端上了香槟。
toile	Le peintre a fixé sa toile sur le châssis.	画家把画布绷在画框上。
toile	Une araignée tisse sa toile dans le coin du grenier.	一只蜘蛛在阁楼角落里结网。
toile	Cette toile de Monet attire tous les visiteurs du musée.	这幅莫奈的画作吸引着所有参观者。
toilette	Elle fait sa toilette rapide avant le petit-déjeuner.	她趁早餐前快速梳洗。
toilette	Les toilettes des visiteurs se trouvent au fond du couloir.	访客洗手间在走廊尽头。
toilette	Il a rangé sa serviette après sa toilette du matin.	晨洗之后，他收好了毛巾。
ton	Ton frère ressemble beaucoup à ton père.	你弟弟长得特别像你爸爸。
ton	Ton vélo est derrière le garage.	你的自行车在车库后面。
ton	Prends ton temps pour choisir ton cadeau.	挑礼物的事，你慢慢来。
tonne	Cette cargaison pèse presque une tonne au total.	这批货物总共将近一吨重。
tonne	Le camion transporte trois tonnes de gravier pour le chantier.	卡车给工地运来三吨碎石。
tonne	Une tonne de sable a été livrée pour la cour de l'école.	学校操场运来了一吨沙子。
top	À quarante ans, elle est toujours au top de sa forme.	四十岁的她状态仍处在巅峰。
top	Ce nouveau restaurant est vraiment top, réserve une table.	这家新餐厅特别棒，赶紧订个位子。
top	La marque est au top du classement des ventes.	这个品牌位居销量榜榜首。
torrent	Le torrent dévale la pente avec un bruit sourd.	激流轰鸣着冲下山坡。
torrent	Nous avons traversé le torrent sur des pierres glissantes.	我们踩着湿滑的石头渡过溪流。
torrent	Des torrents de paroles ont suivi la défaite.	失利之后，各种议论铺天盖地。
tort	Tu as tort de partir sans dire au revoir.	不告别就走是不对的。
tort	Il a reconnu son tort et s'est excusé.	他承认了错误并道了歉。
tort	Ce bruit constant me fait du tort.	这种持续的噪音对我有害。
torture	Le rapport dénonce l'usage de la torture dans les prisons.	报告揭露了监狱中滥用酷刑的现象。
torture	Ce questionnaire est une vraie torture mentale.	这份问卷简直是精神折磨。
torture	Les survivants ont raconté des années de torture.	幸存者们讲述了多年遭受拷打的经历。
torturer	Cette incertitude le torture depuis des semaines.	这种不确定感折磨了他好几周。
torturer	Ne me fais pas deviner, ça me torture !	别让我猜了，这折磨死我了！
torturer	Le suspense du film torture le spectateur jusqu'à la dernière minute.	影片的悬念把观众煎熬到最后一刻。
total	Le silence total régnait dans la salle après l'annonce.	消息宣布后，大厅里鸦雀无声。
total	La distance totale du parcours est de vingt kilomètres.	全程总长二十公里。
total	Il a le soutien total de son équipe.	他得到团队的全力支持。
touche	Appuie sur la touche Entrée pour valider.	按回车键确认。
touche	Chaque touche du piano demande des années de travail.	钢琴的每个琴键背后都是多年的苦练。
touche	Sa peinture se reconnaît à sa touche légère.	他的画作以轻盈的笔触而辨识。
tour	Nous montons au sommet de la tour pour la vue.	我们登上塔顶看风景。
tour	C'est ton tour de lancer les dés.	轮到你掷骰子了。
tour	Les enfants font un tour de carrousel avant de rentrer.	回家前孩子们坐一圈旋转木马。
tout	Tout le monde aime cette tarte aux pommes.	大家都喜欢这个苹果挞。
tout	Il a tout rangé avant de partir en vacances.	出发去度假前，他把一切都收拾好了。
tout	Le bébé dort tout doucement dans son berceau.	宝宝在摇篮里睡得特别安稳。
trace	Les enquêteurs ont trouvé une trace de pas près du portail.	调查人员在大门附近发现了一枚脚印。
trace	Il a disparu sans laisser aucune trace.	他消失得无影无踪。
trace	Les murs gardent la trace des anciens propriétaires.	墙壁上还留着历任屋主的痕迹。
tracer	L'enfant a tracé un grand soleil sur son cahier.	孩子在作业本上画了一个大太阳。
tracer	Trace une ligne droite entre les deux points.	在两点之间画一条直线。
tracer	L'architecte a tracé le plan du nouveau quartier.	建筑师勾勒出了新街区的规划图。
tract	Les étudiants distribuent des tracts devant la fac.	学生们在大学门前发传单。
tract	Ce tract annonce la grève de vendredi.	这份传单预告了周五的罢工。
tract	Un tract anonyme circule dans l'usine.	厂里流传着一份匿名传单。
tradition	Dans notre famille, c'est une tradition de se réunir chaque Noël.	在我们家，每年圣诞节团聚是一项传统。
tradition	Cette fête perpétue une tradition vieille de plusieurs siècles.	这个节日延续了几百年的传统。
tradition	Offrir des fleurs le premier mai est une tradition bien française.	五月一日送花是地道的法国传统。
train	Le train pour Bordeaux part du quai numéro deux.	去波尔多的火车在二号站台发车。
train	Nous avons raté le train de dix heures.	我们没赶上十点的火车。
train	J'entends le train passer derrière la maison.	我听见火车从房子后面开过去。
trait	D'un trait rapide, le dessinateur a esquissé le profil.	画师寥寥数笔勾出了侧脸。
trait	L'honnêteté est son trait de caractère le plus marquant.	诚实是他最鲜明的性格特征。
trait	Le portrait gagne en force à chaque trait du crayon.	每添一笔，画像就更有力量。
tram	Je prends le tram tous les jours pour aller au bureau.	我每天坐有轨电车去上班。
tram	Le dernier tram part à minuit, dépêchons-nous !	最后一班电车午夜发车，我们快点吧！
tram	La nouvelle ligne de tram relie la gare au stade en dix minutes.	新的有轨电车线路十分钟就能从火车站到体育场。
tranche	Il coupe une tranche épaisse de pain de campagne.	他切下一厚片乡村面包。
tranche	Cette tranche d'âge adore les jeux de société.	这个年龄段的人特别爱桌游。
tranche	La première tranche du budget finance les écoles.	预算的第一部分用来办学。
transaction	La transaction s'est conclue après trois mois de négociation.	经过三个月谈判，交易终于达成。
transaction	Toute transaction bancaire apparaît sur votre relevé.	每笔银行交易都会显示在对账单上。
transaction	Ils sont parvenus à une transaction à l'amiable.	他们达成了友好和解。
transformation	La transformation du grenier en chambre a demandé presque un an.	把阁楼改造成卧室花了将近一年。
transformation	La transformation numérique change le métier de vendeur.	数字化转型正在改变销售这一行。
transformation	La chenille connaît une transformation complète avant de devenir papillon.	毛虫在变成蝴蝶前会经历彻底的蜕变。
transformer	Cette formation a transformé sa façon de travailler.	这次培训彻底改变了他工作方式。
transformer	Ils ont transformé la grange en salle de concert.	他们把谷仓改成了音乐厅。
transformer	L'hiver transforme le lac en patinoire.	冬天，湖面变成了溜冰场。
transfusion	Le blessé a reçu une transfusion sur place.	伤员在现场接受了输血。
transfusion	Une transfusion régulière soulage les patients atteints de cette maladie.	定期输血能缓解这种病患者的痛苦。
transfusion	Le don du sang permet les transfusions d'urgence.	献血保障了紧急输血的需要。
transition	La transition entre les deux scènes est un peu brutale.	两个场景之间的过渡有点生硬。
transition	Le pays engage une transition vers les énergies renouvelables.	这个国家正在向可再生能源转型。
transition	Une bonne transition facilite la lecture du texte.	好的过渡能让文章读起来更顺畅。
transmission	La transmission des données se fait par satellite.	数据通过卫星传输。
transmission	La transmission de la maladie passe par les moustiques.	这种疾病经蚊子传播。
transmission	Cette voiture à transmission automatique s'arrête toute seule aux feux.	这辆自动挡车遇到红灯会自动停下。
transparent	Le verre de cette fenêtre est si transparent qu'on l'oublie.	这扇窗的玻璃干净透明，让人几乎忘了它的存在。
transparent	Ses intentions sont parfaitement transparentes.	他的意图再明显不过了。
transparent	Une bâche transparente protège les tomates du vent.	一块透明篷布替番茄挡风。
transplantation	La transplantation cardiaque a duré huit heures.	心脏移植手术进行了八个小时。
transplantation	Une transplantation capillaire reste coûteuse mais efficace.	植发依然昂贵，但效果不错。
transplantation	La première transplantation rénale réussie date de 1954.	首例成功的肾移植发生在1954年。
transport	Le transport en commun est gratuit pour les enfants de la ville.	市里的公共交通对儿童免费。
transport	Le coût du transport des marchandises a beaucoup augmenté.	货物运输的成本涨了很多。
transport	Pour ce trajet, le transport en commun reste le plus rapide.	这段路坐公共交通还是最快的。
transporter	Ce camion transporte des légumes frais vers les marchés de la région.	这辆卡车把新鲜蔬菜运往本地的市场。
transporter	L'odeur du pain me transporte dans mon enfance.	面包的香味把我带回童年。
transporter	Les déménageurs ont transporté le piano jusqu'au troisième étage.	搬运工把钢琴搬到了三楼。
trauma	Cet accident de voiture lui a laissé un trauma durable.	那场车祸给他留下了持久的心理创伤。
trauma	En séance, elle parle enfin de son trauma d'enfance.	在心理治疗中，她终于谈起了童年的创伤。
trauma	Un trauma pareil ne s'efface pas en une nuit.	这样的创伤不会一夜之间消散。
travail	Son travail commence à huit heures précises.	他的工作八点整开始。
travail	Ce tableau est un travail de plusieurs mois.	这幅画花了好几个月的工夫。
travail	Elle cherche un travail près de chez elle.	她在找离家近的工作。
trembler	Mes jambes tremblent quand je parle devant tout le monde.	当着大家的面讲话时，我的腿会发抖。
trembler	Elle a tremblé de peur en entendant du bruit dans le couloir.	听到走廊里有响动，她吓得发抖。
trembler	Le petit chien tremble de froid sur le seuil de la porte.	小狗在门口冻得发抖。
triangle	Dessine un triangle équilatéral dans ton cahier de géométrie.	在几何本上画一个等边三角形。
triangle	Un triangle a trois côtés et trois sommets.	三角形有三条边和三个顶点。
triangle	Le toit pointu de la cabane forme un triangle parfait.	小屋的尖顶正好构成一个三角形。
tribunal	L'affaire sera jugée au tribunal correctionnel de Marseille.	此案将由马赛的刑事法庭审理。
tribunal	Le tribunal a condamné l'entreprise à une lourde amende.	法院判处该公司巨额罚款。
tribunal	Les journalistes attendent devant le tribunal depuis ce matin.	记者们从今天早上起就守在法院门口。
tribune	Les supporters envahissent la tribune d'honneur après le but.	进球后，球迷们涌上了主看台。
tribune	Depuis la tribune, on voit tout le stade.	从看台上能看清整个体育场。
tribune	Le député monte à la tribune pour défendre sa loi.	议员登上讲坛为他的法案辩护。
trier	Il faut trier les déchets dans ce quartier.	这个街区要求垃圾分类。
trier	Elle trie le courrier chaque matin avant neuf heures.	她每天上午九点前分拣邮件。
trier	Trie le linge par couleurs avant de lancer la machine.	洗之前先把衣服按颜色分好。
trio	Un trio de jazz anime les soirées du club.	一支爵士三重奏给俱乐部的夜晚助兴。
trio	Le trio de tête a bouclé la course dans le même temps.	领跑的三人组以相同成绩完赛。
trio	Les trois sœurs forment un trio de chanteuses réputé.	三姐妹组成了一个有名的女声三重唱组合。
trip	Ce voyage en van à travers l'Islande, c'était un vrai trip.	那次开着房车穿越冰岛的旅行真是一场疯狂的体验。
trip	Il revient de son trip en Inde tout transformé.	他的印度之旅回来后整个人都变了。
trip	Organiser un trip entre copines, ça nous changerait les idées.	组织一次闺蜜出游能让我们换换心情。
tripe	Il n'aime vraiment pas le goût des tripes.	他实在不喜欢牛肚的味道。
tripe	La recette des tripes à la mode de Caen demande du temps.	卡昂式炖牛肚的传统做法很费时间。
tripe	Voir cette saleté me retourne les tripes.	看到这么脏的东西，我五脏六腑都翻腾了。
triple	Le loyer de cet appartement vaut le triple du mien.	这套公寓的租金是我那套的三倍。
triple	Ce dessert contient le triple de sucre d'une recette classique.	这份甜点的含糖量是传统配方的三倍。
triple	Il a réalisé un triple saut remarquable aux championnats.	他在锦标赛上完成了出色的一记三级跳。
trombone	J'ai relié les feuilles avec un trombone.	我用回形针把几张纸别在一起。
trombone	Il déplie un trombone pour appuyer sur le petit bouton.	他把回形针掰直了去按那个小按钮。
trombone	Le trombone du musicien a un son plus grave que la trompette.	长号的音色比小号低沉。
tropical	Le climat tropical favorise la culture des bananes.	热带气候适宜种植香蕉。
tropical	Une pluie tropicale s'est abattue sur la ville en fin de journée.	傍晚时分，一场热带暴雨袭击了这座城市。
tropical	Ils ont aménagé un jardin tropical autour de la piscine.	他们在泳池周围造了一座热带花园。
trotter	On regarde les chevaux trotter au bord du canal.	我们看着马儿在运河边小跑。
trotter	Elle aime trotter sur les chemins le dimanche matin.	她喜欢周日早上在小路上小跑。
trotter	Le chien apprend à trotter à côté du vélo.	这只狗在学跟在自行车旁小跑。
trouble	Cet article jette le trouble sur sa gestion du club.	这篇文章让人们对俱乐部在他手下的经营产生了疑问。
trouble	Le trouble s'installe dans la salle après l'annonce.	通知一出，大厅里一片骚动。
trouble	Le médecin note un trouble de la mémoire.	医生注意到他有记忆障碍。
troupe	La troupe de théâtre répète tous les mardis.	剧团每周二排练。
troupe	Une troupe de comédiens de rue anime le festival.	一支街头剧团为艺术节添彩。
troupe	La troupe a quitté la ville avant l'aube.	队伍在黎明前离开了这座城市。
tube	Prends le tube de peinture bleue sur l'étagère.	把架子上的那管蓝色颜料拿来。
tube	Ce tube de dentifrice est presque vide.	这支牙膏快用完了。
tube	L'eau coule dans un tube de cuivre sous l'évier.	水从水槽下方的铜管里流过。
tunnel	Le train disparaît quelques minutes dans le tunnel.	火车在隧道里消失了几分钟。
tunnel	Le tunnel sous la Manche relie la France et l'Angleterre.	英吉利海峡隧道连接法国和英国。
tunnel	La route traverse un long tunnel éclairé en bleu.	公路穿过一条蓝色灯光的长隧道。
type	Quel type de musique écoutes-tu en travaillant ?	你工作时听什么类型的音乐？
type	Ce type de problème se résout avec un peu de patience.	这类问题稍微有点耐心就能解决。
type	Un type très sympa m'a aidé à porter mes valises.	一个特别好的家伙帮我把行李搬了上去。
uni	Le couple est resté uni malgré les épreuves.	这对夫妻历经磨难依然同心。
uni	Cette chemise unie va avec toutes les cravates.	这件纯色衬衫配任何领带都行。
uni	Une équipe unie gagne les matchs serrés.	团结的队伍才能赢下势均力敌的比赛。
union	L'union fait la force, dit le proverbe.	谚语说，团结就是力量。
union	Leur union a duré plus de quarante ans.	他们的结合延续了四十多年。
union	Les deux partis annoncent l'union de leurs listes pour les élections.	两党宣布在选举中联合参选。
unique	Ce restaurant propose un menu unique à midi.	这家餐厅中午只提供一套菜单。
unique	C'est une fille unique, elle n'a ni frère ni sœur.	她是独生女，没有兄弟姐妹。
unique	Son talent unique le distingue des autres musiciens.	他独特的才华让他有别于其他音乐家。
urgent	Il est urgent de réparer cette fuite d'eau.	这处漏水必须马上修。
urgent	J'ai une course urgente à faire avant la fermeture de la banque.	银行关门前我有一件急事要办。
urgent	Pouvez-vous me remplacer ce matin ? C'est vraiment urgent !	今天早上您能替我一下吗？真的很急！
urine	Le laboratoire analyse un échantillon d'urine.	实验室在分析一份尿液样本。
urine	L'infirmière note la couleur de l'urine du patient.	护士记录病人的尿液颜色。
urine	Boire plus d'eau clarifie l'urine.	多喝水能让尿液变清。
usage	Cet outil est réservé à l'usage professionnel.	这件工具仅供专业用途。
usage	Selon l'usage local, on enlève ses chaussures en entrant.	按当地习惯，进门要脱鞋。
usage	L'usage veut qu'on réponde à une invitation sous trois jours.	惯例是收到邀请三天内回复。
user	Le président menace d'user de son droit de veto.	总统威胁要动用否决权。
user	User de menaces pour obtenir un aveu est illégal.	用威胁手段逼取供认是违法的。
user	On ne saurait user de la force contre des manifestants désarmés.	不能对手无寸铁的示威者动用武力。
utile	Ce dictionnaire est très utile pour préparer l'examen.	备考时这本词典非常有用。
utile	N'hésite pas à m'appeler si mon aide t'est utile.	如果用得上我，尽管打电话。
utile	Il est utile de vérifier son itinéraire avant de partir.	出发前核对一下路线很有用。
utilisation	Lisez le mode d'utilisation avant de démarrer la machine.	启动机器前请先阅读使用说明。
utilisation	L'utilisation du téléphone est interdite pendant les cours.	上课期间禁止使用手机。
utilisation	Une bonne utilisation de son temps demande un peu d'organisation.	合理安排时间需要一点条理。
vagabond	Le vieux vagabond dort sur le banc du parc.	老流浪汉睡在公园的长椅上。
vagabond	Il a mené une vie de vagabond pendant cinq ans.	他过了五年的流浪生活。
vagabond	Un chien vagabond erre autour de la boulangerie.	一条流浪狗在面包店附近转悠。
vague	Une grande vague a mouillé tous les baigneurs.	一个大浪把游泳的人都打湿了。
vague	Les surfeurs attendent la vague parfaite depuis ce matin.	冲浪者从早上起就在等完美的浪。
vague	Le vent pousse les vagues contre les rochers.	风把海浪推向礁石。
vain	Toutes leurs tentatives pour le joindre sont restées vaines.	他们联系他的一切尝试都白费了。
vain	Il s'est battu en vain pour sauver l'entreprise.	他为挽救公司奔波，却徒劳无功。
vain	Espérer qu'il change serait vain, disent ses amis.	朋友们说，指望他改变是白搭。
valet	Le valet ouvre la portière du carrosse avec un salut.	男仆行礼后打开了马车车门。
valet	Au whist, le valet de trèfle vaut un point.	打惠斯特牌时，梅花杰克算一分。
valet	Ce valet écoute toutes les confidences de la maison.	这个男仆听遍了这家人的所有私房话。
valve	Le cardiologue ausculte la valve mitrale.	心脏科医生听诊二尖瓣。
valve	Une valve défectueuse fuit au fond du chauffe-eau.	热水器底部的阀门漏水了。
valve	Remplace la valve du pneu avant de gonfler.	打气前先换掉气门嘴。
vampire	Les vampires sortent seulement la nuit, selon la légende.	传说中吸血鬼只在夜里出没。
vampire	Pour Halloween, elle s'est déguisée en vampire avec une longue cape noire.	万圣节她披着黑斗篷扮成吸血鬼。
vampire	Ce film de vampire m'a fait un peu peur quand j'étais petit.	小时候这部吸血鬼电影让我有点害怕。
van	Ils ont aménagé un vieux van pour voyager sur les routes d'Écosse.	他们改装了一辆旧厢式车，沿着苏格兰的公路旅行。
van	Le van de déménagement est garé devant l'immeuble.	搬家货车停在楼前。
van	Nous dormons dans notre van aménagé près du lac.	我们睡在湖边改装好的露营车里。
vase	Elle a mis des roses fraîches dans le vase du salon.	她把新鲜的玫瑰插进了客厅的花瓶。
vase	Attention, ce vase en porcelaine est très fragile.	小心，这个瓷花瓶非常易碎。
vase	Le chat a renversé le vase en jouant sur l'étagère.	猫在架子上玩的时候把花瓶打翻了。
vassal	Le vassal prête hommage à son suzerain.	附庸向领主宣誓效忠。
vassal	Ce duché restait vassal de la couronne de France.	这个公国仍臣属于法兰西王冠。
vassal	Les vassaux devaient quarante jours de service militaire.	附庸须履行四十天的兵役义务。
vengeance	Il a renoncé à sa vengeance pour le bien de ses enfants.	为了孩子们，他放弃了复仇。
vengeance	La vengeance est un plat qui se mange froid.	报仇这份菜要凉着吃，意思是君子报仇十年不晚。
vengeance	Dans le film, la vengeance conduit le héros à sa perte.	影片中，复仇把主人公引向了毁灭。
vent	Le vent souffle fort sur la côte en hiver.	冬天海边的风刮得很猛。
vent	Un petit vent frais rend la marche agréable.	微微的凉风让散步很舒服。
vent	Ferme les fenêtres, le vent va tout renverser.	把窗户关上，风要吹翻东西了。
ventilation	La ventilation du bureau est en panne depuis lundi.	办公室的通风系统从周一起就坏了。
ventilation	Ouvre la ventilation de la cave pour éviter l'humidité.	打开地下室的通风装置防潮。
ventilation	Une bonne ventilation réduit les risques de moisissures.	通风良好能减少霉菌滋生。
venue	La venue du printemps réveille les vergers.	春天的到来唤醒了果园。
venue	Sa venue surprise a ému toute la famille.	他突然到来让全家都很感动。
venue	On prépare la salle depuis des semaines pour la venue du ministre.	为了部长的到来，大家布置大厅已有数周。
verbal	Ils sont parvenus à un accord verbal sur le prix.	他们在价格上达成了口头协议。
verbal	Une simple promesse verbale ne suffit pas ici.	在这里，口头承诺是不算数的。
verbal	La leçon porte sur le groupe verbal de la phrase.	这节课讲句子的动词部分。
verdict	Le verdict du jury a surpris les avocats.	陪审团的裁决让律师们感到意外。
verdict	Le public attend le verdict de la finale avec impatience.	观众急切地等待决赛的评定结果。
verdict	Après trois jours de délibération, le verdict est tombé.	经过三天合议，判决下来了。
version	J'ai acheté la version française de ce livre.	我买了这本书的法语版。
version	Cette application propose une version d'essai gratuite d'un mois.	这款应用提供一个月的免费试用版。
version	Le réalisateur a sorti une nouvelle version du film avec des scènes inédites.	导演推出了电影的新版本，加进了未公开的镜头。
via	Nous irons à Rome via Milan.	我们将途经米兰前往罗马。
via	Elle a envoyé le dossier via la messagerie sécurisée.	她通过加密邮件发送了资料。
via	Le train passe via Lyon avant d'arriver à Marseille.	火车先经过里昂，然后抵达马赛。
vibration	Les vibrations du sol ont fait trembler les vitres.	地面的震动震得窗玻璃直响。
vibration	Mets ton téléphone en mode vibration pendant la réunion.	开会时把手机调成振动模式。
vibration	Une légère vibration du moteur inquiète le conducteur.	发动机轻微的震动让司机很担心。
vice	Son seul vice, c'est le chocolat.	他唯一的嗜好就是巧克力。
vice	Le vice de construction explique ces fissures.	建筑缺陷解释了这些裂缝的由来。
vice	Ce contrat comporte un vice de forme.	这份合同在形式上有瑕疵。
vie	La vie à la campagne est plus calme.	乡村生活更安静。
vie	Elle raconte sa vie de voyageuse dans ce livre.	她在这本书里讲述自己四处旅行的日子。
vie	C'est la plus belle journée de ma vie !	这是我这辈子最美好的一天！
vigilant	Reste vigilant quand tu traverses ce quartier la nuit.	晚上穿过这个街区时要时刻警惕。
vigilant	Le maître-nageur reste vigilant tout l'après-midi.	救生员整个下午都不敢松懈。
vigilant	Les douaniers restent vigilants face aux faux documents.	海关人员对伪造文件保持警觉。
villa	Ils ont loué une villa avec piscine pour les vacances.	度假时他们租了一栋带泳池的别墅。
villa	Cette villa de bord de mer vaut une fortune.	这栋海景别墅值一大笔钱。
villa	La villa construite en 1930 est classée monument historique.	这栋1930年建的别墅被列为历史建筑。
village	Le village s'éveille avec le chant du coq.	村子在鸡鸣声中醒来。
village	Tous les habitants du village assistent à la fête.	全村人都来参加节庆。
village	Ce village de pêcheurs vit surtout du tourisme.	这个渔村主要靠旅游业过活。
viol	Le procès pour viol s'ouvre lundi au tribunal.	强奸案周一在法院开庭审理。
viol	Les associations accompagnent les victimes de viol au quotidien.	一些组织日常陪伴强奸案的受害幸存者。
viol	Le film aborde le viol avec une grande pudeur.	影片以极为克制的方式涉及强暴题材。
violation	La publication de ces données constitue une violation du contrat.	公布这些数据违反了合同。
violation	Ce contrôle massif est une violation de la vie privée.	这种大规模监控是对隐私的侵犯。
violation	Une violation du cessez-le-feu a été signalée cette nuit.	今晨有报道称停火协议遭到违反。
violence	La violence dans certains films choque beaucoup de parents.	某些电影里的暴力让很多家长不满。
violence	Il condamne toute forme de violence à l'école.	他谴责学校里一切形式的暴力。
violence	La violence de la tempête a arraché des arbres entiers.	风暴太猛烈，连整棵大树都被连根拔起。
violent	La mer est très violente aujourd'hui, ne vous baignez pas.	今天海浪很猛，别下海游泳。
violent	Un violent orage a interrompu le match.	一场猛烈的暴风雨中断了比赛。
violent	Il joue un personnage violent dans ce film policier.	他在这部警匪片里演一个暴力人物。
violet	Elle a peint sa chambre en violet clair.	她把卧室刷成了淡紫色。
violet	Les violettes tapissent le sous-bois au printemps.	春天林间空地开满了紫罗兰。
violet	Il porte une cravate violette pour la fête.	他系着一条紫色的领带去参加庆典。
virus	Un virus informatique a bloqué tous les serveurs de l'entreprise.	一个电脑病毒让公司所有服务器瘫痪了。
virus	Ce virus se propage surtout en hiver.	这种病毒主要在冬天传播。
virus	Le médecin a diagnostiqué un simple virus, pas besoin d'antibiotiques.	医生诊断只是普通病毒感染，不用吃抗生素。
visa	Il faut un visa pour travailler dans ce pays.	在这个国家工作需要签证。
visa	Son visa touristique expire dans trois semaines.	他的旅游签证三周后到期。
visa	La demande de visa peut désormais se faire en ligne.	如今签证申请可以在线办理。
visage	Son visage s'illumine quand elle parle de ses petits-enfants.	一说起孙子孙女，她的脸上就放光。
visage	Il avait le visage rouge après la course.	跑完步，他满脸通红。
visage	Je me lave le visage à l'eau froide le matin.	我早上用冷水洗脸。
visible	Du pont, le château est visible par temps clair.	天气晴朗时，从桥上能看到那座城堡。
visible	Sa déception était visible malgré son sourire.	尽管他在笑，失望还是写在脸上。
visible	Le panneau devient visible juste après le virage.	指示牌在转弯后马上就能看见。
vision	Il a une vision claire de l'avenir de l'entreprise.	他对公司的未来有着清晰的愿景。
vision	Sa vision s'est dégradée avec l'âge.	随着年龄增长，他的视力下降了。
vision	Le rapport propose une nouvelle vision du transport urbain.	报告提出了城市交通的新理念。
vital	L'eau potable est vitale pour les villages isolés.	饮用水对偏远的村庄至关重要。
vital	Cet organe vital a été opéré à temps.	这个维系生命的器官得到了及时手术。
vital	Elle y voit un enjeu vital pour l'entreprise.	她认为这对公司来说生死攸关。
vitamine	Les oranges sont pleines de vitamine C.	橙子含有丰富的维生素C。
vitamine	Ce complément contient plusieurs vitamines essentielles.	这种补充剂含有多种必需的维生素。
vitamine	Mange des fruits et des légumes pour faire le plein de vitamines.	多吃水果和蔬菜，补足维生素。
vocal	Ce chœur privilégie le répertoire vocal du XVIIe siècle.	这个合唱团主打十七世纪的声乐曲目。
vocal	Une commande vocale lance la musique sans les mains.	语音指令不用动手就能播放音乐。
vocal	Son enregistrement vocal suffit pour valider l'accès.	录一段语音就足以验证身份。
vocation	Enseigner est une vraie vocation pour elle.	教书对她来说是一种真正的天职。
vocation	Cette école a une vocation agricole affirmée.	这所学校具有鲜明的农业特色。
vocation	Le port a perdu sa vocation militaire depuis trente ans.	三十年来这座港口已不再承担军事职能。
vodka	Il boit sa vodka bien fraîche, nature.	他喝冰镇伏特加，不加任何东西。
vodka	Ce cocktail mélange vodka, citron et menthe.	这款鸡尾酒混合了伏特加、柠檬和薄荷。
vodka	La vodka est une boisson forte originaire d'Europe de l'Est.	伏特加是一种源自东欧的烈酒。
vogue	Les moustaches refont leur vogue chez les jeunes créateurs.	小胡子在年轻设计师中重新流行起来。
vogue	Cette tendance est en pleine vogue sur les réseaux.	这种风潮在社交网络上正当红。
vogue	Les casquettes vintage connaissent une nouvelle vogue chez les étudiants.	复古棒球帽在大学生中掀起了新一轮风潮。
volant	Garde toujours les deux mains sur le volant.	开车时双手要一直握住方向盘。
volant	Elle a serré le volant au moment du virage.	转弯时她紧紧握住方向盘。
volant	Le volant de badminton est resté coincé dans les branches.	羽毛球卡在树枝上了。
volume	Baisse le volume, les enfants dorment.	把音量调低，孩子们在睡觉。
volume	Ce colis dépasse le volume autorisé en cabine.	这件包裹超过了客舱允许的体积。
volume	Le deuxième volume de la saga sort en septembre.	这套系列小说的第二卷九月出版。
vortex	L'eau tourbillonne en un vortex au fond du lavabo.	水在洗手池底部打着旋形成涡流。
vortex	Un vortex de vent a fait tanguer le petit avion.	一股气旋涡流让小飞机剧烈摇晃。
vortex	La tempête dessine un vortex visible depuis le satellite.	从卫星上能看到风暴形成的涡旋。
vote	Le vote des députés a eu lieu à main levée.	议员们以举手方式进行表决。
vote	Le vote électronique sera testé lors des prochaines élections.	电子投票将在下次选举中试用。
vote	Un vote à la majorité des deux tiers est nécessaire.	需要三分之二多数表决通过。
voter	Tous les citoyens de plus de dix-huit ans peuvent voter.	年满十八岁的公民都可以投票。
voter	Le parlement va voter cette loi jeudi prochain.	议会将在下周四对这项法律进行表决。
voter	Nous avons voté à l'unanimité pour le nouveau projet.	我们一致投票通过了新方案。
voyage	Le voyage en train dure trois heures.	坐火车过去要三个小时。
voyage	Elle raconte son voyage au Japon avec plein de photos.	她带着一大堆照片讲她的日本之行。
voyage	Bon voyage ! Envoie-nous une carte postale.	一路顺风！给我们寄张明信片。
voyager	J'aime voyager en train, c'est plus reposant.	我喜欢坐火车旅行，更省心。
voyager	Elle voudrait voyager en Amérique du Sud l'année prochaine.	她想明年去南美洲旅行。
voyager	Voyager seul permet de rencontrer beaucoup de gens.	独自旅行能认识很多人。
voyageur	Chaque voyageur doit présenter son passeport à la douane.	每位旅客过海关都要出示护照。
voyageur	Les voyageurs attendent sur le quai depuis vingt minutes.	旅客们已经在站台上等了二十分钟。
voyageur	Un voyageur égaré nous a demandé son chemin vers la gare.	一位迷路的旅客向我们打听去火车站的路。
voyeur	Un voyeur observait les fenêtres depuis le parking.	一个偷窥狂在停车场窥视住户的窗户。
voyeur	Les voisins ont signalé ce voyeur à la police.	邻居们向警方举报了这个偷窥者。
voyeur	Ce film interroge le regard voyeur du spectateur.	这部电影探讨观众偷窥式的目光。
wagon	Notre wagon est le dernier du train, loin du restaurant.	我们坐的车厢在整列火车的最后，离餐车很远。
wagon	Les voyageurs montent dans le wagon de tête.	旅客们登上最前面的车厢。
wagon	Dans ce wagon-lit, on peut dormir jusqu'à Vienne.	在这节卧铺车厢里可以一路睡到维也纳。
web	Ce site web propose des cours gratuits de français.	这个网站提供免费法语课程。
web	Elle a ouvert sa boutique sur le web il y a deux ans.	两年前她在网上开了自己的小店。
web	Toute l'information circule désormais sur le web.	如今所有信息都在网络上传播。
western	Mon père adore les westerns de Sergio Leone.	我父亲痴迷塞尔吉奥·莱昂内的西部片。
western	Ce village transformé en décor de western attire les touristes.	这个改造成西部片布景的村子吸引着游客。
western	Le film mêle western et science-fiction.	这部电影把西部片和科幻融合在一起。
whisky	Il boit un verre de whisky le samedi soir, jamais en semaine.	他只在周六晚上喝一杯威士忌，平日从不喝。
whisky	Ce whisky écossais a vieilli dix ans en fût.	这款苏格兰威士忌在木桶里陈了十年。
whisky	Vous préférez du whisky ou un simple jus de fruits ?	您想喝威士忌还是来杯纯果汁？
yacht	Ils ont loué un yacht pour longer la côte amalfitaine.	他们租了一艘游艇沿阿马尔菲海岸游览。
yacht	Le yacht accostera au quai neuf à l'aube.	游艇将于黎明停靠新码头。
yacht	Un yacht à voiles participe à la régate.	一艘帆船游艇参加了这场帆船赛。
yen	Le voyage au Japon lui a coûté deux cent mille yens.	日本之行花了他二十万日元。
yen	Le yen s'est déprécié face à l'euro cette année.	今年日元对欧元贬值了。
yen	Elle a changé des euros en yens avant le départ.	出发前她把欧元换成了日元。
yoga	Elle fait du yoga chaque matin pour bien commencer la journée.	她每天早上练瑜伽，以良好的状态开始一天。
yoga	Un cours de yoga pour débutants ouvre lundi dans notre quartier.	我们街区周一将开设瑜伽入门课。
yoga	Le yoga l'aide à évacuer le stress du travail.	瑜伽帮她排解工作压力。
yuan	Ce souvenir coûte seulement dix yuan.	这个纪念品只花十元。
yuan	Il a échangé des euros contre des yuan avant le départ.	出发前他把欧元换成了人民币。
yuan	Le repas coûte environ cinquante yuan par personne.	这顿饭人均大约五十元。
zapper	Arrête de zapper, choisis enfin une chaîne !	别再不停换台了，赶紧选定一个台吧！
zapper	Il zappe les publicités avec la télécommande.	他用遥控器跳过广告。
zapper	On a zappé la deuxième partie du concert pour éviter la foule.	为了避开人流，我们跳过了演唱会下半场。
zombie	Les enfants déguisés en zombies ont envahi la cour pour Halloween.	万圣节时，扮成僵尸的孩子们涌进了院子。
zombie	Ce film de zombies fait peur sans être insupportable.	这部僵尸片够吓人，但还不至于受不了。
zombie	Après sa nuit blanche, il marchait comme un zombie.	熬了个通宵后，他走路像具行尸走肉。
zone	Cette zone industrielle emploie des centaines d'ouvriers.	这片工业区雇用了数百名工人。
zone	Il est interdit de stationner dans la zone piétonne.	步行区内禁止停车。
zone	Le séisme a frappé une zone montagneuse difficile d'accès.	地震袭击了一片交通不便的山区。
zoo	Les élèves de maternelle visitent le zoo jeudi.	幼儿园的小朋友们周四去参观动物园。
zoo	Au zoo, les pandas attirent toujours la foule.	动物园里，熊猫总是引来大批游客。
zoo	Le zoo ferme ses portes à dix-huit heures.	动物园十八点闭园。
zoom	Fais un zoom sur la carte pour voir le détail.	把地图放大，看看细节。
zoom	Le zoom de cet appareil photo est impressionnant.	这台相机的变焦功能很了得。
zoom	En zoom arrière, on découvre tout le tableau.	缩小画面后，整幅画尽收眼底。
