Aas	[aːs]		死肉；腐肉〈n.〉
Abbiegen	[abiːɡən]		旋转；转弯处；车削工作；车削〈n.〉
Abbild	[abɪlt]		影像；肖像；想象〈n.〉
Abbringen	[abʁɪnɡən]		劝阻；劝戒；谏诤〈n.〉
Abdruck	[abdʁʊk]		副本；摹仿；一册；复印〈n.m.〉
Abend	[aːbənt]		傍晚；晚上〈n.m.〉
Abendessen	[aːbəndəsən]		晚餐〈n.〉
Abenteuer	[aːbəntɔʏɐ]		冒险〈n.〉
Aberglaube	[aːbəʁɡlaʊbə]		迷信〈n.m.〉
Abfahrt	[abfaːʁt]		离开；出发；违背〈n.f.〉
Abfall	[abfal]		垃圾；废料；废物；下降〈n.m.〉
Abfangen	[abfanɡən]		列；线；绳〈n.〉
Abfindung	[abfɪndʊnk]		偿清〈n.f.〉
Abfluss	[abflʊs]		流出的；由河湖等流出之水流〈n.m.〉
Abgang	[abɡank]		下马；卸除卷〈n.m.〉
Abgrund	[abɡʁʊnt]		深渊；深邃；地狱〈n.m.〉
Abheben	[abhəbən]		损失；遗失；失败〈n.〉
Abhören	[abhœʁən]		拦截；截断；截住〈n.〉
Abkommen	[abkɔmən]		大会；协定；惯例〈n.〉
Abkürzung	[abkʏʁt͡sʊnk]		缩写词；缩写；缩短〈n.f.〉
Ablassen	[ablasən]		排放；放气；放出；停止〈n.〉
Ablauf	[ablaʊf]		周期；循环；自行车〈n.m.〉
Ablehnung	[ableːnʊnk]		拒绝；推却；优先决定权〈n.f.〉
Ablenkung	[ablənkʊnk]		分心〈n.f.〉
Ablenkungsmanöver	[ablənkʊnɡsmanœfɐ]		转移注意力策略；声东击西手段；牵制行动〈n.〉
Abmachung	[abmaxʊnk]		协定〈n.f.〉
Abreise	[abʁaɪzə]		离开；出发；违背〈n.f.〉
Abreisen	[abʁaɪzən]		离开；出发；背离〈n.〉
Absatz	[abzat͡s]		段落〈n.m.〉
Abschied	[abʃiːt]		告别；分歧处〈n.m.〉
Abschiedsbrief	[abʃiːdsbʁiːf]		辞别；再见〈n.m.〉
Abschleppen	[abʃləpən]		拖；拖绳；拖轮〈n.〉
Abschluss	[abʃlʊs]		结束；毕业〈n.m.〉
Abschlussfeier	[abʃlʊsfaɪɐ]		开始；毕业典礼〈n.f.〉
Abschnitt	[abʃnɪt]		章；篇；重要章节〈n.m.〉
Abschuss	[abʃʊs]		发射；船下水；下水典礼〈n.f.〉
Abseits	[abzaɪts]		小声说的话；离开〈n.〉
Absender	[abzəndɐ]		委托者；发货人；货主；寄销人〈n.m.〉
Absetzen	[abzət͡sən]		空投〈n.〉
Absicht	[abzɪçt]		意图〈n.f.〉
Absperrung	[abspəʁʊnk]		障碍；栅栏；势垒；阻片〈n.f.〉
Abspielen	[abspiːlən]		重放；重放装置；重现〈n.〉
Abstammung	[abstamʊnk]		祖先；世系；名门出身〈n.f.〉
Abstand	[abstant]		距离〈n.m.〉
Abstimmen	[abstɪmən]		投票表决；协调；调准〈n.〉
Abstimmung	[abstɪmʊnk]		投票；投票用纸；抽签〈n.f.〉
Absturz	[abstʊʁt͡s]		哗啦声；猛撞；崩溃〈n.m.〉
Abt	[abt]		男修道院院长；大寺院男住持〈n.m.〉
Abteil	[abtaɪl]		分隔间；卧车包房；防水舱隔；隔室〈n.〉
Abteilung	[abtaɪlʊnk]		部门〈n.f.〉
Abteilungsleiter	[abtaɪlʊnɡslaɪtɐ]		头；头脑；领袖〈n.m.〉
Abtreten	[abtʁətən]		取代；代位；代替〈n.〉
Abu	[aːbʊ]		阿布扎比〈n.〉
Abwaschen	[abvaʃən]		洗餐具；待洗餐具〈n.〉
Abwechslung	[abvəkslʊnk]		变化；找回的零钱；找头〈n.f.〉
Abwehr	[abveːɐ]		防卫；防卫设备；辩护〈n.f.〉
Abwerfen	[abvəʁfən]		切断；除去；切除〈n.〉
Abwesenheit	[abvəzənhaɪt]		缺席〈n.f.〉
Abzeichen	[abt͡saɪçən]		象征；徽章〈n.〉
Abzug	[abt͡suːk]		撤离〈n.m.〉
Achse	[aksə]		轴；车轴〈n.f.〉
Achterbahn	[axtəʁbaːn]		过山车〈n.f.〉
Achtung	[axtʊnk]		注意〈n.f.〉
Acker	[akɐ]		英亩〈n.m.〉
Adel	[aːdəl]		贵族；高尚；贵族阶级〈n.m.〉
Ader	[aːdɐ]		血管；静脉；矿脉〈n.f.〉
Adler	[adlɐ]		鹰〈n.m.〉
Admiral	[admɪʁaːl]		海军上将〈n.m.〉
Adoption	[aːdɔpt͡sjoːn]		采用；采纳；收养〈n.f.〉
Adrenalin	[adʁənaliːn]		肾上腺素〈n.〉
Adresse	[adʁəsə]		地址〈n.f.〉
Affe	[afə]		猴子〈n.m.〉
Affäre	[afɛʁə]		绯闻；事件〈n.f.〉
Afghanistan	[afɡhanɪstaːn]		阿富汗〈n.〉
Afrika	[afʁɪka]		非洲〈n.〉
Afrikanische	[afʁɪkanɪʃə]		非洲事物；非洲风格〈n.〉
Agent	[aːɡənt]		特工；代理人〈n.m.〉
Agentur	[aːɡəntuːɐ]		中介机构〈n.f.〉
Aggression	[aɡʁəsɪoːn]		侵犯；侵略；攻击〈n.f.〉
Agieren	[aːɡiːʁən]		秘密行动；秘密；鬼祟〈n.〉
Ahnung	[aːnʊnk]		概念；线索〈n.f.〉
Akademie	[aːkadəmiː]		学院；院校；学会〈n.f.〉
Akt	[akt]		行为；一幕〈n.m.〉
Akte	[aktə]		档案〈n.f.〉
Aktenkoffer	[aktənkɔfɐ]		公事包〈n.m.〉
Aktentasche	[aktəntaʃə]		公文包；公事包〈n.f.〉
Aktie	[aktiː]		股票〈n.f.〉
Aktion	[akt͡sjoːn]		行动〈n.f.〉
Aktive	[aktɪfə]		积极分子；在役人员〈n.〉
Aktivität	[aktɪfɪtɛːt]		活动〈n.f.〉
Aktuelle	[aktʊələ]		辩论；讨论；争论〈n.〉
Akzent	[akt͡sənt]		口音〈n.m.〉
Alabama	[aːlabama]		亚拉巴马州〈n.〉
Alarm	[aːlaʁm]		警报〈n.m.〉
Alarmanlage	[aːlaʁmanlaɡə]		惊恐；警报〈n.f.〉
Alarmbereitschaft	[aːlaʁmbəʁaɪt͡ʃaft]		戒备状态；警戒就绪〈n.f.〉
Alarmstufe	[aːlaʁmstʊfə]		警报级别；警戒等级〈n.f.〉
Alaska	[aːlaska]		阿拉斯加州〈n.〉
Albtraum	[albtʁaʊm]		噩梦〈n.m.〉
Album	[albuːm]		粘贴簿；唱片套；白色物〈n.〉
Ale	[aːlə]		麦芽酒〈n.〉
Algerien	[alɡəʁiːn]		阿尔及利亚〈n.〉
Alibi	[aːlɪbɪ]		不在场证明〈n.〉
Alkohol	[alkoːoːl]		酒精〈n.m.〉
Allah	[alaː]		安拉〈n.m.〉
Allergie	[aləʁɡiː]		变应性；反感；厌恶；变态反应〈n.f.〉
Allianz	[alɪant͡s]		联盟〈n.f.〉
Alligator	[alɪɡatoːɐ]		短吻鳄〈n.m.〉
Allmächtige	[almɛçtɪɡə]		全能者；上帝〈n.m.〉
Alltag	[altaːk]		日常生活；平日〈n.m.〉
Alma	[alma]		丰饶之母；母校〈n.〉
Almosen	[almɔzən]		施舍；救济金；救济品〈n.〉
Alpen	[alpən]		阿尔卑斯山〈n.〉
Alpha	[alfa]		阿尔法〈n.〉
Alphabet	[alfabət]		字母；字母表〈n.〉
Altar	[altaːɐ]		圣坛；祭坛〈n.m.〉
Alter	[altɐ]		年龄〈n.〉
Altern	[altɐn]		变老；成熟；老化；陈化〈n.〉
Alternative	[altəʁnatɪfə]		替代方案〈n.f.〉
Alzheimer	[alt͡shaɪmɐ]		早老性痴呆；阿耳滋海默氏病〈n.〉
Amateur	[aːmatɔʏɐ]		业余爱好者；外行；爱好者；业余家〈n.m.〉
Ambitionen	[ambɪt͡sjoːnən]		气质；耐力；勇气〈n.〉
Amerika	[aːməʁɪka]		美国〈n.〉
Amerikaner	[aːməʁɪkanɐ]		美国人〈n.m.〉
Amerikanisches	[aːməʁɪkanɪʃəs]		美洲事物；美国风格〈n.〉
Ami	[aːmɪ]		新英格兰人；北方诸州的人；美国佬〈n.m.〉
Amor	[aːmoːɐ]		丘比特；丘比特画像；美男孩〈n.m.〉
Ampel	[ampəl]		绞死；绞杀；悬挂；绞刑〈n.f.〉
Amsterdam	[amstəʁdaːm]		阿姆斯特丹〈n.〉
Amt	[amt]		办公室；部；公职〈n.〉
Amulett	[aːmʊlət]		护身符〈n.〉
Analyse	[aːnalʏzə]		分析〈n.f.〉
Ananas	[aːnanas]		凤梨；菠萝；失业救济金〈n.f.〉
Anarchie	[aːnaʁçiː]		无政府状态；政治混乱；混乱；无秩序〈n.f.〉
Anblick	[anblɪk]		景象〈n.m.〉
Anbringen	[anbʁɪnɡən]		应用；申请；志愿书〈n.〉
Andenken	[andənkən]		纪念品〈n.〉
Anerkennung	[aːnəʁkənʊnk]		认可〈n.f.〉
Anfall	[anfal]		发作〈n.m.〉
Anfang	[anfank]		开始〈n.m.〉
Anflug	[anfluːk]		接近；入门；近似〈n.m.〉
Anfrage	[anfʁaɡə]		询问；询价；询盘〈n.f.〉
Anfänger	[anfɛnɡɐ]		初学者〈n.m.〉
Anführer	[anfyːʁɐ]		领袖〈n.m.〉
Angaben	[anɡabən]		详细资料〈n.〉
Angeber	[anɡəbɐ]		自夸的人〈n.m.〉
Angebot	[anɡəboːt]		提议；供应〈n.〉
Angehörige	[anɡeːœʁɪɡə]		成员〈n.〉
Angelegenheit	[anɡələɡənhaɪt]		事务〈n.f.〉
Angesicht	[anɡəzɪçt]		面临〈n.〉
Angewohnheit	[anɡəvoːnhaɪt]		习惯；嗜好〈n.f.〉
Angreifer	[anɡʁaɪfɐ]		侵略者；挑畔者；攻击者〈n.m.〉
Angriff	[anɡʁɪf]		攻击〈n.m.〉
Angst	[anɡst]		害怕；焦虑〈n.f.〉
Anhalter	[anhaltɐ]		搭便车的旅行者〈n.m.〉
Anhaltspunkt	[anhaltspʊnkt]		引导者；导游；指南〈n.m.〉
Anhänger	[anhɛnɡɐ]		支持者；追随者；拖车；挂车；吊坠〈n.m.〉
Anhörung	[anhœʁʊnk]		听证会〈n.f.〉
Anker	[ankɐ]		使固定；锚〈n.m.〉
Anklage	[anklaɡə]		指控〈n.f.〉
Anklopfen	[anklɔpfən]		呼叫；访问；打电话〈n.〉
Ankunft	[ankʊnft]		到达〈n.f.〉
Ankündigung	[ankʏndɪɡʊnk]		注意；布告；通知〈n.f.〉
Anlage	[anlaɡə]		设施；附件〈n.f.〉
Anlass	[anlas]		缘由〈n.m.〉
Anleitung	[anlaɪtʊnk]		指令；教导；命令〈n.f.〉
Anmarsch	[anmaʁʃ]		前进；进展〈n.m.〉
Anmeldung	[anməldʊnk]		登记；挂号；注册〈n.f.〉
Anmut	[anmuːt]		优雅；风度；慈悲〈n.f.〉
Annahme	[anaːmə]		假设〈n.f.〉
Anomalie	[aːnɔmaliː]		异常；不规则；异形〈n.f.〉
Anordnung	[aːnɔʁdnʊnk]		次序；规则；命令〈n.f.〉
Anpassen	[anpasən]		西服料〈n.〉
Anpassung	[anpasʊnk]		适应；改编本；适应性的变化〈n.f.〉
Anruf	[anʁuːf]		来电〈n.m.〉
Anrufer	[anʁʊfɐ]		访客；召集员〈n.m.〉
Ansage	[anzaɡə]		声音；嗓音；嗓子〈n.f.〉
Ansager	[anzaɡɐ]		节目报告员；宣告者〈n.m.〉
Ansatz	[anzat͡s]		基础；入门；雏形〈n.m.〉
Anschein	[anʃaɪn]		颜色；面色；颜料〈n.m.〉
Anschlag	[anʃlaːk]		袭击〈n.m.〉
Anschluss	[anʃlʊs]		港口；埠；舱门〈n.m.〉
Ansicht	[anzɪçt]		观点〈n.f.〉
Ansprechen	[anspʁəçən]		反应；反作用；反动〈n.〉
Anspruch	[anspʁuːx]		要求；资格〈n.m.〉
Anstand	[anstant]		优雅；风度；慈悲〈n.m.〉
Anstellung	[anstəlʊnk]		雇用；职业；工作〈n.f.〉
Anstieg	[anstiːk]		上升；提高；攀登〈n.m.〉
Anstrengung	[anstʁənɡʊnk]		努力；成就〈n.f.〉
Anteil	[antaɪl]		份额〈n.m.〉
Antenne	[antənə]		天线；触须；触角〈n.f.〉
Antrag	[antʁaːk]		申请〈n.m.〉
Antrieb	[antʁiːp]		开动；激励；激动；感动〈n.m.〉
Antwort	[antvɔʁt]		回答〈n.f.〉
Anwalt	[anvalt]		律师〈n.m.〉
Anweisung	[anvaɪzʊnk]		指示〈n.f.〉
Anwendung	[anvəndʊnk]		应用；申请；志愿书〈n.f.〉
Anwesen	[anvəzən]		庄园〈n.〉
Anwesenheit	[anvəzənhaɪt]		出席；面前；存在〈n.f.〉
Anwältin	[anvɛltiːn]		女律师〈n.f.〉
Anzahl	[ant͡saːl]		数量〈n.f.〉
Anzahlung	[ant͡saːlʊnk]		预付定金；分期付款的首次交款〈n.f.〉
Anzeichen	[ant͡saɪçən]		迹象〈n.〉
Anzeige	[ant͡saɪɡə]		广告；举报〈n.f.〉
Anziehungskraft	[ant͡siːʊnɡskʁaft]		吸引；吸引人的事物；吸引力〈n.f.〉
Anzug	[ant͡suːk]		西装〈n.m.〉
Anzünden	[ant͡sʏndən]		照明；照明设备；舞台灯光〈n.〉
Apartment	[aːpaʁtmənt]		公寓〈n.〉
Apfel	[apfəl]		苹果〈n.m.〉
Apokalypse	[aːpɔkalʏpzə]		启示；天启〈n.f.〉
Apotheke	[aːpɔtəkə]		药房；配药学；制药业；药学〈n.f.〉
Apotheker	[aːpɔtəkɐ]		药师；药品商；药商〈n.m.〉
Apparat	[apaʁaːt]		装置〈n.m.〉
Appartement	[apaʁtəmənt]		小公寓；套房〈n.〉
Appell	[apəl]		恳求；诉请；上诉〈n.m.〉
Appetit	[apətiːt]		食欲〈n.m.〉
Applaus	[aplaʊs]		掌声〈n.m.〉
April	[apʁiːl]		四月〈n.m.〉
Aquarium	[akvaʁɪuːm]		水族馆；养鱼池；水草缸；培养缸〈n.〉
Araber	[aːʁabɐ]		阿拉伯人〈n.m.〉
Arbeit	[aʁbaɪt]		工作〈n.f.〉
Arbeiter	[aʁbaɪtɐ]		工人〈n.m.〉
Arbeitgeber	[aʁbaɪtɡəbɐ]		雇主；老板；业主〈n.m.〉
Arbeitsplatz	[aʁbaɪtsplat͡s]		工作场所；工厂；车间〈n.m.〉
Arbeitstag	[aʁbaɪtstaːk]		工作日〈n.m.〉
Arbeitszimmer	[aʁbaɪtst͡sɪmɐ]		学习；研究；学科〈n.〉
Architekt	[aʁçɪtəkt]		建筑师；设计者；缔造者〈n.m.〉
Architektur	[aʁçɪtəktuːɐ]		建筑学〈n.f.〉
Archiv	[aʁçiːf]		档案文件；挡案库；存档〈n.〉
Arena	[aːʁəna]		角斗场；舞台；场地；尿沉渣〈n.f.〉
Argentinien	[aʁɡəntɪniːn]		阿根廷〈n.〉
Argument	[aʁɡʊmənt]		论据〈n.〉
Arizona	[aːʁɪt͡sɔna]		亚利桑那州〈n.〉
Armband	[aʁmbant]		手镯；腕带；腕纹〈n.〉
Armee	[aʁmeː]		军队〈n.f.〉
Armut	[aʁmuːt]		贫穷；贫困；缺乏；贫乏〈n.f.〉
Arrangement	[aʁanɡəmənt]		排列；整齐；安排〈n.〉
Arroganz	[aʁɔɡant͡s]		傲慢态度；自大〈n.f.〉
Arsenal	[aʁzənaːl]		兵工厂；军械库〈n.〉
Art	[aʁt]		种类；方式〈n.f.〉
Artefakt	[aʁtəfakt]		人工制品；制造物；人为现象〈n.〉
Arterie	[aʁtəʁiː]		动脉；干道；要道〈n.f.〉
Artikel	[aʁtɪkəl]		文章；冠词〈n.m.〉
Artillerie	[aʁtɪləʁiː]		火炮；炮兵；炮术〈n.f.〉
Arzt	[aʁt͡st]		医生〈n.m.〉
Asche	[aʃə]		灰烬〈n.f.〉
Aschenbecher	[aʃənbəçɐ]		烟灰缸〈n.m.〉
Asien	[aːziːn]		亚洲〈n.〉
Aspekt	[aspəkt]		旋转；自旋；疾驰〈n.m.〉
Aspirin	[aspɪʁiːn]		阿司匹灵；邻乙酸基苯甲酸〈n.〉
Ass	[as]		幺点；好手；少许〈n.〉
Assistent	[asɪstənt]		助理〈n.m.〉
Assistentin	[asɪstəntiːn]		女助理〈n.f.〉
Asteroiden	[astəʁɔɪdən]		小行星（复数）〈n.〉
Asthma	[astma]		哮喘；气喘〈n.〉
Asyl	[aːzʏl]		庇护；收容所；养育院〈n.〉
Atem	[aːtəm]		呼吸〈n.m.〉
Atemzug	[aːtəmt͡suːk]		呼气；蒸发；散发物；呼出〈n.m.〉
Atlanta	[atlanta]		亚特兰大〈n.〉
Atlantik	[atlantiːk]		大西洋〈n.m.〉
Atlantis	[atlantɪs]		亚特兰蒂斯〈n.〉
Atlas	[atlas]		地图集〈n.m.〉
Atmosphäre	[atmɔsfɛʁə]		气氛〈n.f.〉
Atmung	[atmʊnk]		呼吸；一口气；呼吸作用〈n.f.〉
Attacke	[atakə]		突击；猛击；猛攻〈n.f.〉
Attentäter	[atəntɛtɐ]		暗杀者；刺客；行刺者〈n.m.〉
Audienz	[aʊdiːnt͡s]		听众；观众；读者；听讼〈n.f.〉
Aufbau	[aʊfbaʊ]		建设；搭建；结构；布局〈n.m.〉
Aufbringen	[aʊfbʁɪnɡən]		联系；交际；熟人〈n.〉
Aufenthalt	[aʊfəntalt]		逗留〈n.m.〉
Auffassung	[aʊfasʊnk]		观念；概念；妊娠；受孕〈n.f.〉
Aufführung	[aʊfyːʁʊnk]		施行；工作情况；成绩〈n.f.〉
Auffüllen	[aʊfʏlən]		垫充；垫塞；填料〈n.〉
Aufgabe	[aʊfɡabə]		任务〈n.f.〉
Aufheben	[aʊfhəbən]		纷扰；忙乱；麻烦〈n.〉
Aufhängen	[aʊfhɛnɡən]		障碍；烦恼；大难题；意外停机〈n.〉
Aufkleber	[aʊfkləbɐ]		屠夫；尖刀；刺〈n.m.〉
Aufklärung	[aʊfklɛʁʊnk]		解释；说明；辩解〈n.f.〉
Auflösung	[aʊflœzʊnk]		切断；分离；断绝；解雇〈n.f.〉
Aufmerksamkeit	[aʊfməʁkzamkaɪt]		注意〈n.f.〉
Aufnahme	[aʊfnaːmə]		录制；接纳〈n.f.〉
Aufpasser	[aʊfpasɐ]		看守人；监护者；监工〈n.m.〉
Aufprall	[aʊfpʁal]		跳；跳跃；弹力〈n.m.〉
Aufregung	[aʊfʁəɡʊnk]		激动〈n.f.〉
Aufrichtigkeit	[aʊfʁɪçtɪɡkaɪt]		坦率；正直；公正〈n.f.〉
Aufruf	[aʊfʁuːf]		呼叫；访问；打电话〈n.m.〉
Aufruhr	[aʊfʁuːɐ]		骚动；混乱〈n.m.〉
Aufsatz	[aʊfzat͡s]		随笔；短文；评论〈n.m.〉
Aufschlag	[aʊfʃlaːk]		翻领〈n.m.〉
Aufschrei	[aʊfʃʁaɪ]		大笑；尖啸〈n.m.〉
Aufschub	[aʊfʃuːp]		延期；休会；休会期间；休庭〈n.m.〉
Aufsehen	[aʊfzeːən]		骚动；轰动；搅动〈n.〉
Aufsetzen	[aʊfzət͡sən]		触地；触地得分；着地〈n.〉
Aufsicht	[aʊfzɪçt]		监督；管理〈n.f.〉
Aufstand	[aʊfstant]		起义〈n.m.〉
Aufsteigen	[aʊfstaɪɡən]		上升；耶稣升天〈n.〉
Aufstellung	[aʊfstəlʊnk]		逐条列记；详细说明〈n.f.〉
Aufstieg	[aʊfstiːk]		攀登；上升；爬〈n.m.〉
Auftrag	[aʊftʁaːk]		任务；订单〈n.m.〉
Auftraggeber	[aʊftʁaɡəbɐ]		买方；购买者；买主；购买人〈n.m.〉
Auftragskiller	[aʊftʁaɡskɪlɐ]		合约；婚约〈n.m.〉
Auftritt	[aʊftʁɪt]		登场〈n.m.〉
Aufwand	[aʊfvant]		费用；经费；支出；花费〈n.m.〉
Aufwecken	[aʊfvəkən]		唤醒；叫醒〈n.〉
Aufwuchs	[aʊfvʊks]		固着生物；水生附着生物〈n.m.〉
Aufwärmen	[aʊfvɛʁmən]		准备动作；热身；预热〈n.〉
Aufzeichnung	[aʊft͡saɪçnʊnk]		记录〈n.f.〉
Aufzeichnungen	[aʊft͡saɪçnʊnɡən]		火车；列车；行列〈n.〉
Aufzug	[aʊft͡suːk]		举起；帮助；昂扬〈n.m.〉
Auge	[aʊɡə]		眼睛〈n.〉
Augenblick	[aʊɡənblɪk]		瞬间〈n.m.〉
Ausbilder	[aʊsbɪldɐ]		教练；教官；训练员〈n.m.〉
Ausbildung	[aʊsbɪldʊnk]		培训〈n.f.〉
Ausblick	[aʊsblɪk]		观点；景色；前途〈n.m.〉
Ausbrechen	[aʊsbʁəçən]		逃脱；突围；爆发〈n.〉
Ausbruch	[aʊsbʁuːx]		越狱；大笑起来〈n.m.〉
Auschwitz	[aʊʃvɪt͡s]		奥施维茨〈n.〉
Ausdauer	[aʊsdaʊɐ]		勤勉；刻苦；殷勤〈n.f.〉
Ausdruck	[aʊsdʁʊk]		表达〈n.m.〉
Ausdrucksweise	[aʊsdʁʊksvaɪzə]		习语；成语；惯用语法〈n.f.〉
Auseinandersetzung	[aʊzaɪnandəʁzət͡sʊnk]		磨损；打架〈n.f.〉
Ausfahrt	[aʊsfaːʁt]		出口；退场；离去〈n.f.〉
Ausflug	[aʊsfluːk]		旅行；绊倒；摔倒〈n.m.〉
Ausführung	[aʊsfyːʁʊnk]		实行；完成；执行〈n.f.〉
Ausfüllen	[aʊsfʏlən]		完成；完井；结束；完工〈n.〉
Ausgabe	[aʊsɡabə]		发行；问题；后果〈n.f.〉
Ausgaben	[aʊsɡabən]		经费；开销；开支〈n.〉
Ausgang	[aʊsɡank]		出口〈n.m.〉
Ausgangssperre	[aʊsɡanɡspəʁə]		晚钟；打晚钟时刻；宵禁〈n.f.〉
Ausgleich	[aʊsɡlaɪç]		补偿；赔偿金；工资；代偿〈n.m.〉
Aushandeln	[aʊshandəln]		谈判；磋商；交涉〈n.〉
Auskunft	[aʊskʊnft]		消息；知识；通知〈n.f.〉
Ausland	[aʊslant]		国外〈n.〉
Auslöser	[aʊslœzɐ]		触发器；扳机；触发；发射〈n.m.〉
Ausmaß	[aʊsmaːs]		巨大；重大；重要〈n.〉
Ausnahme	[aʊsnaːmə]		例外〈n.f.〉
Ausnutzen	[aʊsnʊt͡sən]		功绩；勋绩；开发；利用〈n.〉
Ausrede	[aʊsʁədə]		借口〈n.f.〉
Ausrüstung	[aʊsʁʏstʊnk]		装备〈n.f.〉
Aussage	[aʊsaɡə]		陈述〈n.f.〉
Ausschau	[aʊsçaʊ]		留意〈n.m.〉
Ausschnitt	[aʊsçnɪt]		部分；局部；零件〈n.m.〉
Ausschuss	[aʊsçʊs]		委员会〈n.m.〉
Aussicht	[aʊsɪçt]		景色；前景〈n.f.〉
Ausstattung	[aʊstatʊnk]		结构；表面配置；外形〈n.f.〉
Ausstellen	[aʊstələn]		发行；发布；发给〈n.〉
Ausstellung	[aʊstəlʊnk]		表现；展览会；展览品；投药〈n.f.〉
Ausstrahlung	[aʊstʁaːlʊnk]		辐射；放射〈n.f.〉
Austausch	[aʊstaʊʃ]		交流〈n.m.〉
Austern	[aʊstɐn]		牡蛎〈n.〉
Austin	[aʊstiːn]		奥斯丁；英国制汽车牌名〈n.〉
Australien	[aʊstʁaliːn]		澳大利亚〈n.〉
Auswahl	[aʊsvaːl]		选择〈n.f.〉
Ausweg	[aʊsvək]		出路〈n.m.〉
Ausweichen	[aʊsvaɪçən]		逃避；藉口；回避；规避〈n.〉
Ausweis	[aʊsvaɪs]		证件〈n.m.〉
Auswirkungen	[aʊsvɪʁkʊnɡən]		冲击；冲突；影响〈n.〉
Auszeichnung	[aʊst͡saɪçnʊnk]		荣誉；赞美；骑士爵位的授予礼〈n.f.〉
Auszeit	[aʊst͡saɪt]		暂停；超时〈n.f.〉
Ausüben	[aʊzʏbən]		强烈呼吁〈n.〉
Auto	[aʊtɔ]		汽车〈n.〉
Autobahn	[aʊtɔbaːn]		高速公路〈n.f.〉
Autogramm	[aʊtɔɡʁam]		亲笔；亲笔签名〈n.〉
Autopsie	[aʊtɔpziː]		尸检〈n.f.〉
Autor	[aʊtoːɐ]		作者〈n.m.〉
Autoren	[aʊtɔʁən]		作者；作家（复数）〈n.〉
Autorität	[aʊtɔʁɪtɛːt]		威信〈n.f.〉
Autoschlüssel	[aʊtɔʃlʏsəl]		汽车；客车；车〈n.m.〉
Autotür	[aʊtɔtyːɐ]		车门〈n.f.〉
Autounfall	[aʊtɔʊnfal]		车祸〈n.m.〉
Außenminister	[aʊsənmɪnɪstɐ]		外交部长；外长〈n.m.〉
Außenministerium	[aʊsənmɪnɪstəʁɪuːm]		外交部〈n.〉
Außenposten	[aʊsənpɔstən]		前哨；前哨部队；前哨基地〈n.m.〉
Außenseiter	[aʊsənzaɪtɐ]		外人；局外人；非会员〈n.m.〉
Außerirdische	[aʊsəʁɪʁdɪʃə]		外星人；外星生物〈n.〉
Avatar	[aːfataːɐ]		天神下凡化作人形；化身〈n.m.〉
Axel	[aksəl]		前外一周半跳〈n.m.〉
Axt	[akst]		斧；斧头；削减〈n.f.〉
Baby	[baːbʏ]		婴儿〈n.〉
Babylon	[baːbʏloːn]		巴比伦〈n.〉
Babysitten	[baːbʏzɪtən]		当临时保姆〈n.〉
Bach	[baːx]		小溪〈n.m.〉
Backbord	[bakbɔʁt]		港口；埠；舱门〈n.〉
Bad	[baːt]		浴室；洗澡〈n.〉
Badehose	[baːdeːɔzə]		泳裤〈n.f.〉
Bademantel	[baːdəmantəl]		沐浴；浴室；浴〈n.m.〉
Badewanne	[baːdəvanə]		沐浴；浴室；浴〈n.f.〉
Badezimmer	[baːdət͡sɪmɐ]		浴室〈n.〉
Bahamas	[baːamas]		巴哈马群岛〈n.〉
Bahn	[baːn]		火车；轨道〈n.f.〉
Bahnhof	[baːnhoːf]		火车站〈n.m.〉
Bahnsteig	[baːnstaɪk]		站台；月台；讲台〈n.m.〉
Balboa	[balbɔa]		巴波亚〈n.m.〉
Balken	[balkən]		横梁；杆；光线〈n.m.〉
Balkon	[balkoːn]		阳台；戏院楼厅〈n.m.〉
Ball	[bal]		球〈n.m.〉
Ballett	[balət]		芭蕾舞〈n.〉
Ballon	[baloːn]		激增〈n.m.〉
Banane	[baːnanə]		香蕉〈n.f.〉
Bananen	[baːnanən]		香蕉〈n.〉
Band	[bant]		带子；乐队〈n.〉
Bande	[bandə]		帮派〈n.f.〉
Bandit	[bandiːt]		强盗〈n.m.〉
Banditen	[bandɪtən]		边缘；边境；边界〈n.〉
Bangkok	[banɡkoːk]		曼谷〈n.〉
Bank	[bank]		银行〈n.f.〉
Bankett	[bankət]		宴会〈n.〉
Bankier	[bankiːɐ]		银行家；庄家；银行业者〈n.m.〉
Bankkonto	[bankɔntɔ]		银行存款；银行往来帐户〈n.〉
Bann	[ban]		禁令；禁止；取缔〈n.m.〉
Banner	[banɐ]		横幅；旗帜；标语牌〈n.〉
Bar	[baːɐ]		酒吧〈n.f.〉
Baracke	[baːʁakə]		简易营房；工棚；兵营〈n.f.〉
Barcelona	[baʁkəlɔna]		巴塞罗那〈n.〉
Bares	[baːʁəs]		硬币；现金〈n.〉
Bargeld	[baʁɡəlt]		现金〈n.〉
Barmherzigkeit	[baʁmhəʁt͡sɪɡkaɪt]		仁慈；宽恕；慈悲〈n.f.〉
Baron	[baːʁoːn]		男爵〈n.m.〉
Baronin	[baːʁɔniːn]		男爵夫人；女性男爵〈n.f.〉
Barriere	[baʁiːʁə]		弹幕〈n.f.〉
Bart	[baʁt]		胡须〈n.m.〉
Base	[baːzə]		底部；垒；基础〈n.f.〉
Baseball	[baːzəbal]		棒球〈n.m.〉
Baseballschläger	[baːzəbalʃlɛɡɐ]		棒球；棒球系统〈n.m.〉
Basis	[baːzɪs]		基础〈n.f.〉
Basketball	[baskətbal]		篮球〈n.m.〉
Bass	[bas]		男低音；贝斯；低音吉他；低音〈n.m.〉
Basteln	[bastəln]		手工艺；手艺；手工业；手工〈n.〉
Bataillon	[baːtaɪloːn]		营；军队；集团〈n.〉
Batterie	[batəʁiː]		电池；殴打；蓄电池〈n.f.〉
Bau	[baʊ]		建造〈n.m.〉
Bauch	[baʊx]		肚子〈n.m.〉
Bauchgefühl	[baʊxɡəfyːl]		直觉〈n.〉
Bauchschmerzen	[baʊksçməʁt͡sən]		腹痛；肚子疼〈n.〉
Bauer	[baʊɐ]		农民〈n.m.〉
Bauernhof	[baʊəʁnhoːf]		农场〈n.m.〉
Baum	[baʊm]		树〈n.m.〉
Baumwolle	[baʊmvɔlə]		棉花；和谐；有好感；理解〈n.f.〉
Baustelle	[baʊstələ]		建筑工地〈n.f.〉
Bauten	[baʊtən]		构造学；建筑物〈n.〉
Bauunternehmer	[baʊʊntəʁneːmɐ]		建筑物；建筑；营造〈n.m.〉
Bayern	[baʏɐn]		巴伐利亚州〈n.〉
Beachtung	[bɛaxtʊnk]		注意〈n.f.〉
Beamter	[bɛamtɐ]		公务员；公职人员〈n.m.〉
Beat	[bɛaːt]		心跳；打；敲打声〈n.m.〉
Beben	[beːbən]		发颤音〈n.〉
Becher	[bɛçɐ]		杯子〈n.m.〉
Becken	[bɛkən]		盆；盆地；第三脑室；骨盆〈n.〉
Bedeutung	[beːdɔʏtʊnk]		意义〈n.f.〉
Bedienung	[beːdiːnʊnk]		操作；动作；手术〈n.f.〉
Bedingung	[beːdɪnɡʊnk]		条件〈n.f.〉
Bedingungen	[beːdɪnɡʊnɡən]		条件；条款；费用〈n.〉
Bedrohung	[bɛdʁoːʊnk]		威胁〈n.f.〉
Bedürfnis	[beːdʏʁfnɪs]		冲动；推动力〈n.〉
Beeilung	[beːɪlʊnk]		赶快〈n.f.〉
Beerdigung	[beːʁdɪɡʊnk]		葬礼〈n.f.〉
Beeren	[beːʁən]		茎；干；柄〈n.〉
Befehl	[beːfeːl]		命令〈n.m.〉
Befehlshaber	[beːfeːlshabɐ]		司令官；指挥官〈n.m.〉
Befragung	[bɛfʁaɡʊnk]		询问〈n.f.〉
Befreiung	[bɛfʁaɪʊnk]		释放；解放；发出〈n.f.〉
Befriedigung	[bɛfʁiːdɪɡʊnk]		满足；满意；快事〈n.f.〉
Befund	[beːfʊnt]		发现；调查结果〈n.m.〉
Beförderung	[beːfœʁdəʁʊnk]		晋升〈n.f.〉
Begabung	[beːɡabʊnk]		职业；天命；天职〈n.f.〉
Begegnung	[beːɡəɡnʊnk]		相遇〈n.f.〉
Begehren	[beːɡeːʁən]		欲望；要求；想要；请求；渴望〈n.〉
Begeisterung	[beːɡaɪstəʁʊnk]		巨大的热情；热心〈n.f.〉
Begierde	[beːɡiːʁdə]		渴望；欲望；本能倾向〈n.f.〉
Beginn	[beːɡɪn]		开始〈n.m.〉
Begleiter	[bɛɡlaɪtɐ]		朋友；陪伴；指南〈n.m.〉
Begleitung	[bɛɡlaɪtʊnk]		陪同〈n.f.〉
Begnadigung	[bɛɡnadɪɡʊnk]		授予；授予物；允许〈n.f.〉
Begriff	[bɛɡʁɪf]		概念〈n.m.〉
Begräbnis	[bɛɡʁɛbnɪs]		葬礼；出殡〈n.〉
Begründung	[bɛɡʁʏndʊnk]		理由；原因；理智〈n.f.〉
Begrüßung	[bɛɡʁʏsʊnk]		欢迎；迎接；乐于接受〈n.f.〉
Behalt	[beːalt]		生计；维持；保持〈n.〉
Behandlung	[beːandlʊnk]		治疗〈n.f.〉
Behauptung	[beːaʊptʊnk]		断言；主张；宣称〈n.f.〉
Behälter	[beːɛltɐ]		容器；花托；插座〈n.m.〉
Behörde	[beːœʁdə]		当局〈n.f.〉
Beifall	[baɪfal]		欢呼；称赞；喝彩〈n.m.〉
Beil	[baɪl]		斧头；手斧；战斧；小斧〈n.〉
Beileid	[baɪlaɪt]		哀悼〈n.〉
Bein	[baɪn]		腿〈n.〉
Beinbruch	[baɪnbʁuːx]		破碎；骨折；破裂〈n.m.〉
Beirut	[baɪʁuːt]		贝鲁特〈n.〉
Beispiel	[baɪspiːl]		例子〈n.〉
Beitrag	[baɪtʁaːk]		贡献〈n.m.〉
Bekannte	[beːkantə]		熟人〈n.〉
Bekanntschaft	[beːkant͡ʃaft]		认识；相识者〈n.f.〉
Beladen	[beːladən]		装载；装填；填充剂；填料〈n.〉
Belagerung	[beːlaɡəʁʊnk]		围困；围攻〈n.f.〉
Belasten	[beːlastən]		应用；申请；志愿书〈n.〉
Belastung	[beːlastʊnk]		阻碍；妨害物；累赘〈n.f.〉
Beleidigung	[beːlaɪdɪɡʊnk]		侮辱；冒犯；凌辱〈n.f.〉
Beleidigungen	[beːlaɪdɪɡʊnɡən]		侮辱；冒犯（复数）〈n.〉
Beleuchtung	[beːlɔʏxtʊnk]		照明；照明设备；舞台灯光〈n.f.〉
Belgien	[bɛlɡiːn]		比利时〈n.〉
Belohnung	[beːloːnʊnk]		奖励〈n.f.〉
Belästigung	[beːlɛstɪɡʊnk]		烦恼；打扰〈n.f.〉
Bemerkung	[beːməʁkʊnk]		注解；批评；评论〈n.f.〉
Benedikt	[beːnədɪkt]		新婚男人〈n.m.〉
Benehmen	[beːneːmən]		举止〈n.〉
Bengel	[bɛnɡəl]		小孩；小不点〈n.m.〉
Benzin	[bɛnt͡siːn]		汽油〈n.〉
Beobachter	[bɛɔbaxtɐ]		观察者；遵守者；观察员〈n.m.〉
Beobachtung	[bɛɔbaxtʊnk]		观察；注意；观测〈n.f.〉
Berater	[beːʁatɐ]		顾问〈n.m.〉
Beratung	[beːʁatʊnk]		咨询；协商；顾问服务〈n.f.〉
Bereich	[beːʁaɪç]		范围〈n.m.〉
Bereitmachen	[beːʁaɪtmaxən]		准备；预备；预习；制剂〈n.〉
Bereitschaft	[beːʁaɪt͡ʃaft]		可依靠的人；被喜爱的食品；备用品〈n.f.〉
Berg	[bɛʁk]		山〈n.m.〉
Berger	[bɛʁɡɐ]		伯杰〈n.〉
Bericht	[beːʁɪçt]		报告〈n.m.〉
Berliner	[bɛʁlɪnɐ]		油炸圈饼；环状物；圆环图〈n.m.〉
Bernstein	[bɛʁnstaɪn]		琥珀〈n.m.〉
Bertram	[bɛʁtʁaːm]		小白菊〈n.m.〉
Beruf	[beːʁuːf]		职业〈n.m.〉
Berufung	[beːʁʊfʊnk]		上诉；使命〈n.f.〉
Beruhigungsmittel	[beːʁuːɪɡʊnɡsmɪtəl]		镇静剂；安眠药〈n.〉
Berühmtheit	[beːʁyːmtaɪt]		的变形〈n.f.〉
Berührung	[beːʁyːʁʊnk]		联系；交际；熟人〈n.f.〉
Besatzung	[beːzat͡sʊnk]		守备队；驻军；要塞；守备〈n.f.〉
Bescheid	[bɛʃaɪt]		消息；答复〈n.m.〉
Bescheidenheit	[bɛʃaɪdənhaɪt]		谦逊；质朴；羞怯〈n.f.〉
Beschluss	[bɛʃlʊs]		决定；决心；决断；判定〈n.m.〉
Beschreibung	[bɛʃʁaɪbʊnk]		描述〈n.f.〉
Beschwerde	[bɛʃvəʁdə]		诉苦；抱怨；控诉；陈诉〈n.f.〉
Beschwerden	[bɛʃvəʁdən]		抱怨；诉苦；投诉〈n.〉
Beschäftigung	[bɛʃɛftɪɡʊnk]		职业；占有；占有期〈n.f.〉
Beschützer	[bɛʃʏt͡sɐ]		小圆盾；防卫物〈n.m.〉
Besessenheit	[beːzəsənhaɪt]		拥有；占有；所有〈n.f.〉
Besetzen	[beːzət͡sən]		针〈n.〉
Besetzung	[beːzət͡sʊnk]		充填物；填料；加填；填充〈n.f.〉
Besitz	[beːzɪt͡s]		财产〈n.m.〉
Besitzer	[beːzɪt͡sɐ]		拥有者〈n.m.〉
Besorgnis	[beːzɔʁɡnɪs]		领悟力；忧虑感〈n.f.〉
Besprechung	[bɛspʁəçʊnk]		会议〈n.f.〉
Besserung	[bɛsəʁʊnk]		改进；改善；增值；改良〈n.f.〉
Bestand	[bɛstant]		树干；祖先；血统〈n.m.〉
Bestandteil	[bɛstandtaɪl]		成分；因素；配合剂；拼料〈n.m.〉
Bestechung	[bɛstəçʊnk]		贿赂；行贿；受贿〈n.f.〉
Besteck	[bɛstək]		刺；刺痛感〈n.〉
Bestellung	[bɛstəlʊnk]		订购〈n.f.〉
Bestellungen	[bɛstəlʊnɡən]		有序化；定序；排序〈n.〉
Bestie	[bɛstiː]		野兽〈n.f.〉
Bestimmung	[bɛstɪmʊnk]		命运；规定〈n.f.〉
Bestrafung	[bɛstʁafʊnk]		处罚；刑罚；惩罚；罚〈n.f.〉
Bestätigung	[bɛstɛtɪɡʊnk]		确认〈n.f.〉
Besuch	[beːzuːx]		拜访〈n.m.〉
Besucher	[beːzʊxɐ]		访客〈n.m.〉
Beta	[beːta]		乙种〈n.〉
Beteiligung	[beːtaɪlɪɡʊnk]		拥护；支持；辩护〈n.f.〉
Beton	[beːtoːn]		混凝土〈n.m.〉
Betracht	[bɛtʁaxt]		考虑〈n.m.〉
Betrag	[bɛtʁaːk]		总数；总额；总计；等同〈n.m.〉
Betreiben	[bɛtʁaɪbən]		鼓动；煽动；教唆；主使〈n.〉
Betreuer	[bɛtʁɔʏɐ]		监护人；照管者〈n.m.〉
Betrieb	[bɛtʁiːp]		企业；运转〈n.m.〉
Betrug	[bɛtʁuːk]		欺骗；欺诈；诡计〈n.m.〉
Betrunkener	[bɛtʁʊnkənɐ]		醉汉〈n.m.〉
Betrüger	[bɛtʁʏɡɐ]		骗子〈n.m.〉
Bett	[bɛt]		床〈n.〉
Bettler	[bɛtlɐ]		使成乞丐〈n.m.〉
Betäubung	[beːtɔʏbʊnk]		昏迷状态；麻醉〈n.f.〉
Beule	[bɔʏlə]		块；瘤；很多〈n.f.〉
Beurteilung	[bɔʏʁtaɪlʊnk]		评估；评判；鉴定〈n.f.〉
Beute	[bɔʏtə]		猎物〈n.f.〉
Beutel	[bɔʏtəl]		袋子；装袋〈n.m.〉
Bevölkerung	[beːfœlkəʁʊnk]		人口〈n.f.〉
Bewegung	[bɛvəɡʊnk]		运动；动作〈n.f.〉
Beweis	[bɛvaɪs]		证据〈n.m.〉
Beweisstück	[bɛvaɪstʏk]		块；片；篇〈n.〉
Bewerber	[bɛvəʁbɐ]		候选人；投考者；候选；候补者〈n.m.〉
Bewerbung	[bɛvəʁbʊnk]		应用；申请；志愿书〈n.f.〉
Bewertung	[bɛvəʁtʊnk]		评估；估价；求值；鉴定〈n.f.〉
Bewohner	[bɛvoːnɐ]		居民〈n.m.〉
Bewunderung	[bɛvʊndəʁʊnk]		赞赏；钦佩；引人赞赏的对象〈n.f.〉
Bewusstsein	[bɛvʊstzaɪn]		意识〈n.〉
Bewährung	[bɛvɛːʁʊnk]		缓刑〈n.f.〉
Bewährungshelfer	[bɛvɛːʁʊnɡshəlfɐ]		监护官；监视缓刑犯的官员〈n.m.〉
Bezahlung	[beːt͡saːlʊnk]		付款〈n.f.〉
Bezeichnung	[beːt͡saɪçnʊnk]		名字；名称；姓名〈n.f.〉
Beziehen	[beːt͡siːən]		获得；采购〈n.〉
Beziehung	[beːt͡siːʊnk]		关系〈n.f.〉
Bezirk	[beːt͡sɪʁk]		行政区〈n.m.〉
Bezug	[beːt͡suːk]		关联〈n.m.〉
Bibel	[biːbəl]		圣经〈n.f.〉
Biber	[biːbɐ]		河狸〈n.m.〉
Bibliothek	[bɪblɪɔtək]		图书馆〈n.f.〉
Biegen	[biːɡən]		屈曲；折褶；弯曲部分；挠曲〈n.〉
Biene	[biːnə]		蜜蜂；聚会〈n.f.〉
Bier	[biːɐ]		啤酒〈n.〉
Biest	[biːst]		野兽〈n.〉
Bikini	[biːkɪnɪ]		大爆炸；比基尼泳装〈n.m.〉
Bild	[bɪlt]		图画；照片〈n.〉
Bildet	[bɪldət]		窗体；表单〈n.〉
Bildschirm	[bɪldʃɪʁm]		幕；银幕；屏风〈n.m.〉
Bildung	[bɪldʊnk]		教育；教养；形成；培养〈n.f.〉
Billard	[bɪlaʁt]		台球；桌球〈n.〉
Binde	[bɪndə]		绷带；帘布筒；实心轮胎；紧带〈n.f.〉
Bindung	[bɪndʊnk]		定置；固定；定色〈n.f.〉
Bingo	[bɪnɡɔ]		宾果游戏〈n.〉
Biologie	[bɪɔlɔɡiː]		生物学；生物〈n.f.〉
Birne	[bɪʁnə]		梨子；梨树；梨木〈n.f.〉
Bischof	[bɪʃoːf]		主教；象；热果子酒〈n.m.〉
Biss	[bɪs]		咬；一口；刺痛〈n.m.〉
Bissen	[bɪsən]		咬；一口；刺痛〈n.m.〉
Blas	[blas]		吹；打击；殴打〈n.m.〉
Blase	[blaːzə]		膀胱；囊〈n.f.〉
Blatt	[blat]		叶子；纸张〈n.〉
Blauer	[blaʊɐ]		穿蓝衣者；蓝色事物〈n.〉
Blaues	[blaʊəs]		蓝色之物；蓝天〈n.〉
Blei	[blaɪ]		铅；铅条；领导〈n.〉
Bleistift	[blaɪstɪft]		铅笔；色笔；眉笔〈n.m.〉
Blick	[blɪk]		目光〈n.m.〉
Blickwinkel	[blɪkvɪnkəl]		视角；观察角度〈n.m.〉
Blinddarm	[blɪndaʁm]		阑尾；盲肠〈n.m.〉
Blinde	[blɪndə]		盲人；失明者〈n.〉
Blinder	[blɪndɐ]		白化病者〈n.〉
Blitz	[blɪt͡s]		闪电〈n.m.〉
Block	[blɔk]		街区；块〈n.m.〉
Blockade	[blɔkadə]		阻塞；封锁〈n.f.〉
Bluff	[blʊf]		断崖；绝壁〈n.m.〉
Blume	[bluːmə]		花〈n.f.〉
Bluse	[bluːzə]		宽松的上衣〈n.f.〉
Blut	[bluːt]		血〈n.〉
Blutbad	[blʊtbaːt]		大屠杀〈n.〉
Blutdruck	[blʊtdʁʊk]		血压〈n.m.〉
Blutgruppe	[blʊtɡʁʊpə]		血型〈n.f.〉
Blutprobe	[blʊtpʁɔbə]		验血〈n.f.〉
Blutung	[bluːtʊnk]		出血〈n.f.〉
Blutvergießen	[blʊtfəʁɡiːsən]		放血〈n.〉
Blätter	[blɛtɐ]		涂箔于〈n.〉
Blödmann	[blœdman]		傻瓜〈n.m.〉
Blödsinn	[blœdzɪn]		胡说〈n.m.〉
Blüten	[blyːtən]		<口>衣服；旧衣；服饰〈n.〉
Bock	[bɔk]		公羊；没兴趣〈n.m.〉
Boden	[boːdən]		地面〈n.m.〉
Body	[boːdʏ]		紧身衣裤〈n.m.〉
Bogen	[boːɡən]		弓；拱〈n.m.〉
Bohne	[boːnə]		豆子；油嘴；豆〈n.f.〉
Bohren	[boːʁən]		烦人的；无聊的；无趣的；成孔期〈n.〉
Bohrer	[boːʁɐ]		钻孔机；钻子；播种机〈n.m.〉
Bombe	[bɔmbə]		炸弹〈n.f.〉
Bomber	[bɔmbɐ]		轰炸机；投弹手〈n.m.〉
Bon	[boːn]		证人；保证人；证明者〈n.m.〉
Bonus	[boːnʊs]		额外补贴；奖金；奖赏〈n.m.〉
Boom	[boːm]		繁荣〈n.m.〉
Boot	[boːt]		小船〈n.〉
Bord	[bɔʁt]		船舱；甲板〈n.m.〉
Bordeaux	[bɔʁdɛaʊks]		酸性枣红〈n.〉
Bordell	[bɔʁdəl]		妓院〈n.〉
Borgen	[bɔʁɡən]		他；男孩；男人；雄性动物〈n.〉
Bosheit	[bɔshaɪt]		邪恶；魔界；恶魔研究〈n.f.〉
Boss	[bɔs]		老板〈n.m.〉
Botschaft	[bɔt͡ʃaft]		信息；使馆〈n.f.〉
Botschafter	[bɔt͡ʃaftɐ]		大使〈n.m.〉
Boulevard	[bɔʊləfaʁt]		林荫大道〈n.〉
Bowling	[bɔvlɪnk]		保龄球戏〈n.〉
Box	[bɔks]		盒子〈n.f.〉
Boxer	[bɔksɐ]		拳师〈n.m.〉
Branche	[bʁançə]		树枝；支店；支流〈n.f.〉
Brand	[bʁant]		火灾〈n.m.〉
Brandstiftung	[bʁandstɪftʊnk]		纵火；纵火罪；放火〈n.f.〉
Brasilien	[bʁaːzɪliːn]		巴西〈n.〉
Braten	[bʁaːtən]		烤肉；烘烤肉〈n.m.〉
Braut	[bʁaʊt]		新娘〈n.f.〉
Brautjungfer	[bʁaʊtjʊnɡfɐ]		女傧相〈n.f.〉
Brei	[bʁaɪ]		浓粥；感伤的话〈n.m.〉
Breiten	[bʁaɪtən]		纬度（复数）〈n.〉
Bremse	[bʁɛmzə]		刹车；阻碍；丛林〈n.f.〉
Brennenden	[bʁɛnəndən]		使湿透；弄湿〈n.〉
Brenner	[bʁɛnɐ]		火炉；烧火的人；灯；灯头〈n.m.〉
Brett	[bʁɛt]		木板〈n.〉
Bridge	[bʁɪdɡə]		桥；舰桥；桥梁〈n.〉
Brief	[bʁiːf]		信〈n.m.〉
Brieftasche	[bʁiːftaʃə]		钱包〈n.f.〉
Briefträger	[bʁiːftʁɛɡɐ]		邮递员；理财法庭的高级律师〈n.m.〉
Brigade	[bʁiːɡadə]		旅；队；团体〈n.f.〉
Brille	[bʁɪlə]		眼镜〈n.f.〉
Brise	[bʁiːzə]		微风；煤屑〈n.f.〉
Britische	[bʁiːtɪʃə]		英国英语〈n.〉
Broadway	[bʁɔadvaʏ]		百老汇大街〈n.m.〉
Brocken	[bʁɔkən]		块；小片；一口〈n.m.〉
Brosche	[bʁɔʃə]		胸针；领针〈n.f.〉
Broschüre	[bʁɔʃʏʁə]		小册子〈n.f.〉
Brot	[bʁoːt]		面包〈n.〉
Bruch	[bʁuːx]		休息；中断；破裂处〈n.m.〉
Bruchteil	[bʁʊxtaɪl]		滴；细流〈n.m.〉
Bruder	[bʁuːdɐ]		兄弟〈n.m.〉
Bruderschaft	[bʁuːdəʁʃaft]		手足情谊；兄弟关系〈n.f.〉
Brummen	[bʁʊmən]		吠声；咆哮声；怒吠；咆哮〈n.〉
Brunnen	[bʁʊnən]		井〈n.m.〉
Brust	[bʁʊst]		胸部〈n.f.〉
Brustkorb	[bʁʊstkɔʁp]		肋骨；肋状物〈n.m.〉
Brutalität	[bʁuːtalɪtɛːt]		残忍；无慈悲；野蛮的行为〈n.f.〉
Bräutigam	[bʁɔʏtɪɡaːm]		新郎〈n.m.〉
Brötchen	[bʁœtçən]		面包卷〈n.〉
Brücke	[bʁʏkə]		桥〈n.f.〉
Brüderchen	[bʁyːdəʁçən]		兄弟〈n.〉
Buch	[buːx]		书〈n.〉
Buchen	[bʊxən]		山毛榉（Buche 的复数/变位形式）〈n.〉
Buchhalter	[bʊxhaltɐ]		簿记员；记帐员〈n.m.〉
Buchhaltung	[bʊxhaltʊnk]		簿记；簿记学〈n.f.〉
Buchmacher	[bʊxmaxɐ]		著作家；编辑者〈n.m.〉
Buchstabe	[buːxʃtaːbə]		字母〈n.m.〉
Buchstaben	[bʊkstabən]		位置；空间；距离〈n.〉
Bucht	[bʊxt]		海湾；狗吠声；月桂；吠〈n.f.〉
Buckel	[bʊkəl]		驼背；脊柱后突〈n.m.〉
Buddha	[bʊdha]		佛陀〈n.m.〉
Bude	[buːdə]		小屋〈n.f.〉
Buenos	[bʊənɔs]		布宜诺斯艾利斯〈n.〉
Buffalo	[bʊfalɔ]		水牛〈n.〉
Bug	[buːk]		弓〈n.m.〉
Bulle	[bʊlə]		警察（俚）；公牛〈n.m.〉
Bund	[bʊnt]		衣领；颈圈；控制；扭住衣领〈n.m.〉
Bunker	[bʊnkɐ]		掩体〈n.m.〉
Bunny	[bʊnʏ]		兔子〈n.〉
Burg	[bʊʁk]		城堡〈n.f.〉
Burger	[bʊʁɡɐ]		汉堡包〈n.m.〉
Bursche	[bʊʁʃə]		小伙子〈n.m.〉
Bus	[bʊs]		公交车〈n.m.〉
Busen	[buːzən]		胸部；胸；胸怀〈n.m.〉
Business	[buːzɪnəs]		生意；事情；业务〈n.〉
Butter	[bʊtɐ]		黄油〈n.f.〉
Buße	[buːsə]		自我惩罚；忏悔；悔过〈n.f.〉
Bäcker	[bɛkɐ]		面包师；烤箱〈n.m.〉
Bäckerei	[bɛkəʁaɪ]		面包店〈n.f.〉
Bär	[bɛːɐ]		熊〈n.m.〉
Börse	[bœʁzə]		交易所；钱包〈n.f.〉
Bösewicht	[bøːzəvɪçt]		坏人；恶人〈n.m.〉
Büchse	[bʏksə]		步枪；抢夺〈n.f.〉
Bügeln	[byːɡəln]		熨烫〈n.〉
Bühne	[byːnə]		舞台〈n.f.〉
Bündel	[bʏndəl]		捆；束；包扎〈n.〉
Bürde	[bʏʁdə]		猴子；猿〈n.f.〉
Bürger	[bʏʁɡɐ]		公民〈n.m.〉
Bürgermeister	[bʏʁɡəʁmaɪstɐ]		市长〈n.m.〉
Büro	[byːʁɔ]		办公室〈n.〉
Bürokratie	[byːʁɔkʁatiː]		繁杂；拖拉的公文程序〈n.f.〉
Cabrio	[kabʁɪɔ]		敞篷汽车；敞篷车〈n.〉
Cadillac	[kaːdɪlaːk]		卡迪拉克牌轿车〈n.m.〉
Cafeteria	[kaːfətəʁɪa]		自助餐厅〈n.f.〉
Café	[kafeː]		咖啡馆〈n.〉
Cambridge	[kambʁɪdɡə]		剑桥〈n.〉
Camp	[kamp]		营地〈n.〉
Cappuccino	[kapʊkkɪnɔ]		热牛奶咖啡〈n.m.〉
Casting	[kastɪnk]		投掷；铸成品；角色分配；浇铸〈n.〉
Cent	[kɛnt]		分（货币）〈n.m.〉
Champagner	[kampaɡnɐ]		香槟〈n.m.〉
Champion	[kampɪoːn]		冠军〈n.m.〉
Champions	[kampɪɔns]		夺标；盟主〈n.〉
Chance	[kankə]		机会〈n.f.〉
Chaos	[kaɔs]		混乱〈n.〉
Charakter	[kaːʁaktɐ]		性格；角色〈n.m.〉
Chauffeur	[kaʊfɔʏɐ]		司机〈n.m.〉
Cheerleader	[çeːʁlɛadɐ]		啦啦队长〈n.m.〉
Cheeseburger	[çeːzəbʊʁɡɐ]		干酪汉堡包〈n.m.〉
Chef	[çeːf]		老板；上司〈n.m.〉
Chefin	[çeːfiːn]		女上司〈n.f.〉
Chemie	[çeːmiː]		化学；化学过程〈n.f.〉
Chemiker	[çeːmɪkɐ]		化学家；药剂师；化学师〈n.m.〉
Cher	[çɐ]		谢尔河〈n.m.〉
Chevy	[çeːfʏ]		打猎时的叫喊；追赶；追猎〈n.m.〉
Chi	[çɪ]		χ〈n.〉
Chili	[çiːlɪ]		辣牛肉酱〈n.〉
China	[çiːna]		中国〈n.〉
Chinese	[çiːnəzə]		中文；中国话〈n.m.〉
Chinesisch	[çiːnəzɪʃ]		汉语〈n.〉
Chirurg	[çiːʁʊʁk]		外科医生〈n.m.〉
Chirurgie	[çiːʁʊʁɡiː]		外科；手术；手术室〈n.f.〉
Churchill	[kʊʁçɪl]		邱吉尔〈n.m.〉
Cleveland	[kleːfəlant]		克利夫兰〈n.〉
Clown	[klɔvn]		小丑〈n.m.〉
Club	[kluːp]		俱乐部〈n.m.〉
Cockpit	[kɔkpiːt]		飞行；射程；逃走〈n.〉
Cocktail	[kɔktaɪl]		鸡尾酒〈n.m.〉
Code	[koːdə]		密码；代码〈n.m.〉
Cola	[koːla]		可乐〈n.f.〉
College	[kɔləɡə]		大学〈n.〉
Colorado	[koːlɔʁadɔ]		科罗拉多；科罗拉多河〈n.m.〉
Columbia	[koːlʊmbɪa]		哥伦比亚〈n.m.〉
Columbus	[koːlʊmbʊs]		哥伦布〈n.〉
Computer	[kɔmpʊtɐ]		电脑〈n.m.〉
Connecticut	[kɔnəktɪkuːt]		康涅狄格〈n.〉
Cook	[koːk]		库克群岛〈n.〉
Cookie	[koːkiː]		饼干；小甜点；糕点〈n.〉
Copyright	[koːpʏʁɪɡht]		版权；著作权〈n.〉
Cornflakes	[kɔʁnflakəs]		玉蜀黍；谷类；谷粒〈n.〉
Costa	[kɔsta]		哥斯达黎加〈n.〉
Couch	[kɔuːx]		长沙发〈n.f.〉
Countdown	[kɔʊntdɔvn]		倒计时〈n.〉
Coup	[kɔuːp]		砰然的一击；妙计；出乎意料的行动〈n.m.〉
Courage	[kɔʊʁaɡə]		勇气；胆量〈n.f.〉
Cousin	[kɔʊziːn]		表兄弟〈n.m.〉
Cousine	[kɔʊzɪnə]		表姐妹〈n.f.〉
Cowboy	[kɔvbɔʏ]		牛仔〈n.m.〉
Crash	[kʁash]		哗啦声；猛撞；崩溃〈n.m.〉
Crystal	[kʁʏstaːl]		<俚>去氧麻黄硷粉〈n.〉
DNA	[dna]		脱氧核糖核酸〈n.f.〉
Dach	[daːx]		屋顶〈n.〉
Dachboden	[daxbɔdən]		阁楼；顶楼；鼓室上隐窝〈n.m.〉
Dame	[daːmə]		女士〈n.f.〉
Damm	[dam]		会阴〈n.m.〉
Dampf	[dampf]		蒸汽；行驶〈n.m.〉
Dank	[dank]		感谢〈n.m.〉
Dankbarkeit	[dankbaʁkaɪt]		感激〈n.f.〉
Darius	[daːʁɪʊs]		大流士〈n.〉
Darm	[daʁm]		内部的；国内的；肠〈n.m.〉
Darstellung	[daʁstəlʊnk]		表示法；表现；陈述〈n.f.〉
Dasein	[daːzaɪn]		存在；生存；存在状态〈n.〉
Date	[daːtə]		约会〈n.〉
Datei	[daːtaɪ]		档案；公文箱；文件夹〈n.〉
Daten	[daːtən]		数据〈n.〉
Datenbank	[daːtənbank]		数据库〈n.f.〉
Datum	[daːtuːm]		日期〈n.〉
Dauer	[daʊɐ]		持续时间；持续〈n.f.〉
Daumen	[daʊmən]		笨拙地摆弄；用拇指翻旧〈n.m.〉
Deck	[dɛk]		甲板〈n.〉
Decke	[dɛkə]		被子；天花板〈n.f.〉
Deckel	[dɛkəl]		盖子；限制〈n.m.〉
Deckung	[dɛkʊnk]		掩护〈n.f.〉
Defekt	[deːfəkt]		缺点；缺损；缺陷〈n.m.〉
Definition	[deːfɪnɪt͡sjoːn]		定义；精确度；清晰度〈n.f.〉
Dekan	[deːkaːn]		院长；学院院长〈n.m.〉
Dekoration	[deːkɔʁat͡sjoːn]		装饰；装饰品〈n.f.〉
Delta	[dɛlta]		三角洲；丁种〈n.〉
Demokratie	[deːmɔkʁatiː]		民主〈n.f.〉
Demonstration	[deːmɔnstʁat͡sjoːn]		示范；实证；示教；实物教授〈n.f.〉
Demut	[deːmuːt]		谦逊；卑贱；粗鄙〈n.f.〉
Demütigung	[deːmʏtɪɡʊnk]		侮辱；侮辱的言行；无礼；有伤尊严〈n.f.〉
Denise	[deːnɪzə]		丹尼斯〈n.f.〉
Denker	[dɛnkɐ]		思想者；思想家〈n.m.〉
Denkmal	[dɛnkmaːl]		纪念碑；历史古迹〈n.〉
Denver	[dɛnfɐ]		丹佛〈n.〉
Deo	[dɛɔ]		除臭剂〈n.〉
Depression	[dɛpʁəsɪoːn]		不景气；消沉；沮丧〈n.f.〉
Derwisch	[dɛʁvɪʃ]		托钵僧〈n.m.〉
Designer	[deːzɪɡnɐ]		设计者；谋划者；制图者；设计员〈n.m.〉
Dessert	[dɛsəʁt]		餐后甜点〈n.〉
Detail	[deːtaɪl]		细节〈n.〉
Detektiv	[deːtəktiːf]		侦探〈n.m.〉
Detroit	[dɛtʁɔiːt]		底特律〈n.m.〉
Deutscher	[dɔʏt͡ʃɐ]		德国人〈n.m.〉
Deutschland	[dɔʏt͡ʃlant]		德国〈n.〉
Dezember	[deːt͡səmbɐ]		十二月〈n.m.〉
Diabetes	[dɪabətəs]		糖尿病；多尿症〈n.m.〉
Diagnose	[dɪaɡnɔzə]		诊断〈n.f.〉
Dialekt	[dɪaləkt]		方言；地方话〈n.〉
Dialog	[dɪaloːk]		对话〈n.m.〉
Diamant	[dɪamant]		钻石〈n.m.〉
Dichter	[dɪçtɐ]		诗人〈n.m.〉
Dicke	[dɪkə]		厚度；密度；愚钝〈n.f.〉
Dieb	[diːp]		小偷〈n.m.〉
Diebstahl	[diːbstaːl]		盗窃〈n.m.〉
Diener	[diːnɐ]		仆人〈n.m.〉
Dienerin	[diːnəʁiːn]		侍女；女仆〈n.f.〉
Dienst	[diːnst]		值班；服务〈n.m.〉
Dienstag	[diːnstaːk]		星期二〈n.m.〉
Dienstmarke	[diːnstmaʁkə]		徽章；标记〈n.f.〉
Dienstmädchen	[diːnstmɛdçən]		女仆〈n.〉
Dietrich	[diːtʁiːç]		撬锁工具；撬锁人；盗贼；橇锁工具〈n.m.〉
Digital	[diːɡɪtaːl]		数字显示屏；数码产品〈n.〉
Diktator	[dɪktatoːɐ]		命令者；独裁者〈n.m.〉
Dilemma	[diːləma]		困境；窘境〈n.〉
Dimension	[diːmənzɪoːn]		尺寸；次元；面积〈n.f.〉
Dimensionen	[diːmənzɪɔnən]		比例〈n.〉
Diner	[diːnɐ]		正餐；晚宴〈n.〉
Ding	[dɪnk]		东西；事情〈n.〉
Dings	[dɪnɡs]		小装置；小机件〈n.〉
Dinner	[dɪnɐ]		晚餐〈n.〉
Dinosaurier	[diːnɔzaʊʁiːɐ]		恐龙〈n.m.〉
Diplom	[dɪploːm]		文凭；毕业证书〈n.〉
Diplomatie	[dɪplɔmatiː]		外交；外交手腕；交际手段〈n.f.〉
Direktor	[diːʁəktoːɐ]		校长；主管〈n.m.〉
Direktorin	[diːʁəktɔʁiːn]		女经理；女管理人；女管理人员〈n.f.〉
Dirk	[dɪʁk]		迪克（男子名）；短剑〈n.f.〉
Diskretion	[dɪskʁət͡sjoːn]		慎重；辨别力；考虑〈n.f.〉
Diskussion	[dɪskʊsɪoːn]		讨论〈n.f.〉
Distanz	[dɪstant͡s]		距离；远方；遥远；位距〈n.f.〉
Disziplin	[dɪst͡sɪpliːn]		纪律〈n.f.〉
Division	[diːfɪzɪoːn]		师；部门〈n.f.〉
Diät	[dɪɛːt]		节食；特种饮食；议员津贴〈n.f.〉
Dock	[dɔk]		码头；船坞；被告席〈n.〉
Doktor	[dɔktoːɐ]		博士；医生〈n.m.〉
Dokument	[doːkʊmənt]		文件〈n.〉
Dokumentation	[doːkʊməntat͡sjoːn]		文件；文件编制；文档〈n.f.〉
Dolch	[dɔlç]		匕首〈n.m.〉
Dollar	[dɔlaːɐ]		美元〈n.m.〉
Dolmetscher	[dɔlmət͡ʃɐ]		直译程序；解释者；口译者〈n.m.〉
Dom	[doːm]		大教堂〈n.m.〉
Domino	[doːmɪnɔ]		多米诺骨牌〈n.〉
Donner	[dɔnɐ]		雷声〈n.m.〉
Donnergrollen	[dɔnəʁɡʁɔlən]		旋转的；波动的；起伏的；旋转〈n.〉
Donnerstag	[dɔnəʁstaːk]		星期四〈n.m.〉
Dora	[doːʁa]		多拉（人名）〈n.〉
Dorf	[dɔʁf]		村庄〈n.〉
Dorn	[dɔʁn]		刺；棘；荆棘〈n.m.〉
Dornröschen	[dɔʁnʁœʃən]		睡美人〈n.〉
Dosis	[doːzɪs]		剂量〈n.f.〉
Double	[dɔʊblə]		两倍；两倍的；代替〈n.〉
Downton	[dɔvntoːn]		唐顿（地名/庄园名）〈n.〉
Drache	[dʁaxə]		龙；凶恶严厉的监护人〈n.m.〉
Drachen	[dʁaxən]		龙；风筝〈n.m.〉
Drama	[dʁaːma]		戏剧〈n.〉
Drang	[dʁank]		强迫；强制〈n.m.〉
Dreck	[dʁɛk]		污物〈n.m.〉
Drecksack	[dʁɛkzak]		人渣〈n.m.〉
Drecksarbeit	[dʁɛkzaʁbaɪt]		脏活；欺诈行为〈n.f.〉
Drecksloch	[dʁɛksloːx]		极其肮脏的地方；令人厌恶的地方〈n.〉
Dreharbeiten	[dʁeːaʁbaɪtən]		射击；狩猎；芽〈n.〉
Drehbuch	[dʁeːbuːx]		剧本〈n.〉
Drehung	[dʁeːʊnk]		转弯；转动；旋转〈n.f.〉
Dreieck	[dʁaɪək]		三角形；三个一组；三角关系；三角〈n.〉
Dreißig	[dʁaɪsɪç]		三十；三十个〈n.f.〉
Drittel	[dʁɪtəl]		三分之一〈n.〉
Droge	[dʁoːɡə]		毒品〈n.f.〉
Drogenfahndung	[dʁoːɡənfaːndʊnk]		药；麻药〈n.f.〉
Drohne	[dʁoːnə]		雄蜂；懒惰者；嗡嗡的声音〈n.f.〉
Drohung	[dʁoːʊnk]		威胁〈n.f.〉
Druck	[dʁʊk]		压力〈n.m.〉
Drucken	[dʁʊkən]		印刷；印刷术；印花；打印〈n.〉
Drucker	[dʁʊkɐ]		打印；版；印刷物〈n.m.〉
Druckmittel	[dʁʊkmɪtəl]		杠杆作用；杠杆装置；杠杆效率；杠杆率〈n.〉
Drängeln	[dʁɛnɡəln]		推挤；催逼〈n.〉
Drängen	[dʁɛnɡən]		恳求；恳请；教唆〈n.〉
Dröhnen	[dʁøːnən]		当当声〈n.〉
Dschungel	[dʃʊnɡəl]		丛林〈n.m.〉
Dubai	[duːbaɪ]		迪拜〈n.〉
Dublin	[dʊbliːn]		都柏林〈n.〉
Ducken	[dʊkən]		躲避〈n.〉
Dudley	[dʊdlɛʏ]		达德利〈n.〉
Duell	[dʊəl]		决斗；斗争〈n.〉
Duft	[dʊft]		香气〈n.m.〉
Dummer	[dʊmɐ]		傻瓜；蠢人；笨蛋〈n.m.〉
Dummheit	[dʊmhaɪt]		愚蠢〈n.f.〉
Dummkopf	[dʊmkɔpf]		傻瓜〈n.m.〉
Dumpfbacke	[dʊmpfbakə]		笨蛋；呆子〈n.f.〉
Dunkelheit	[dʊnkəlhaɪt]		黑暗〈n.f.〉
Durchbruch	[dʊʁçbʁuːx]		突破〈n.m.〉
Durchdrehen	[dʊʁçdʁeːən]		纺纱；纺丝〈n.〉
Durchfall	[dʊʁçfal]		腹泻〈n.m.〉
Durchgang	[dʊʁçɡank]		通路；大道〈n.m.〉
Durchlaucht	[dʊʁçlaʊxt]		殿下；阁下（贵族尊称）〈n.f.〉
Durchreise	[dʊʁçʁaɪzə]		旅程；旅行〈n.f.〉
Durchsage	[dʊʁksaɡə]		广播通知；口头广播〈n.f.〉
Durchschnitt	[dʊʁksçnɪt]		平均；平均数；一般水平〈n.m.〉
Durchsehen	[dʊʁkseːən]		熟读；精读；细读〈n.〉
Durchsuchung	[dʊʁksʊxʊnk]		搜寻；查究；搜查〈n.f.〉
Durst	[dʊʁst]		口渴〈n.m.〉
Dusche	[dʊʃə]		淋浴〈n.f.〉
Dutzend	[dʊt͡sənt]		一打〈n.〉
Dynamit	[dʏnaːmiːt]		炸药〈n.〉
Dynastie	[dʏnastiː]		朝代；王朝〈n.f.〉
Dämmerung	[dɛməʁʊnk]		暮光；曙光；黎明〈n.f.〉
Dämon	[dɛːmoːn]		恶魔〈n.m.〉
Dänemark	[dɛːnəmaʁk]		丹麦〈n.〉
Dürre	[dʏʁə]		干旱；不毛；乏味〈n.f.〉
E-Mail	[ɛ-maɪl]		电子邮件〈n.f.〉
Ebene	[eːbənə]		平面；层面〈n.f.〉
Echo	[ɛçɔ]		回声〈n.〉
Ecke	[ɛkə]		角落〈n.f.〉
Edel	[eːdəl]		贵族；高尚人士〈n.〉
Eduard	[eːdʊaʁt]		忏悔者爱德华〈n.〉
Edwin	[ɛdviːn]		埃德温〈男子名〉〈n.m.〉
Effekt	[ɛfəkt]		结果；影响；效果〈n.m.〉
Ehebruch	[eːəbʁuːx]		通奸〈n.m.〉
Ehefrau	[eːəfʁaʊ]		妻子〈n.f.〉
Ehemann	[eːəman]		丈夫〈n.m.〉
Ehepaar	[eːəpaːɐ]		已婚夫妇；两口儿〈n.〉
Ehering	[eːəʁɪnk]		结婚戒指〈n.m.〉
Ehevertrag	[eːəfəʁtʁaːk]		婚姻；结婚；婚礼〈n.m.〉
Ehre	[eːʁə]		荣誉〈n.f.〉
Ehrenhaft	[eːʁənhaft]		体面；正直；光荣行为〈n.f.〉
Ehrenwort	[eːʁənvɔʁt]		话；消息；词〈n.〉
Ehrfurcht	[eːʁfʊʁçt]		敬畏〈n.f.〉
Ehrgeiz	[eːʁɡaɪt͡s]		野心；志向〈n.m.〉
Ehrlichkeit	[eːʁlɪçkaɪt]		诚实〈n.f.〉
Ei	[aɪ]		蛋〈n.〉
Eichhörnchen	[aɪçhœʁnçən]		松鼠〈n.〉
Eid	[aɪt]		誓言〈n.m.〉
Eifer	[aɪfɐ]		兴趣；热情；风味〈n.m.〉
Eifersucht	[aɪfəʁzʊxt]		嫉妒〈n.f.〉
Eiffelturm	[aɪfəltʊʁm]		艾菲尔铁塔〈n.m.〉
Eigenschaft	[aɪɡənʃaft]		财产；所有权；性质〈n.f.〉
Eigenschaften	[aɪɡənʃaftən]		特性；品质（Eigenschaft 的复数）〈n.〉
Eigentliche	[aɪɡəntlɪçə]		本质；实质；本来面目〈n.〉
Eigentum	[aɪɡəntuːm]		财产〈n.〉
Eigentümer	[aɪɡəntʏmɐ]		拥有者；物主；所有人；所有者〈n.m.〉
Eile	[aɪlə]		匆忙〈n.f.〉
Eimer	[aɪmɐ]		桶〈n.m.〉
Einatmen	[aɪnatmən]		吸入；吸入剂〈n.〉
Einblick	[aɪnblɪk]		通路；入口；接近〈n.m.〉
Einbrecher	[aɪnbʁəçɐ]		窃贼；夜盗；盗窃者〈n.m.〉
Einbringen	[aɪnbʁɪnɡən]		倾销；倾倒；倾泻；填埋〈n.〉
Einbruch	[aɪnbʁuːx]		入室盗窃〈n.m.〉
Eindringen	[aɪndʁɪnɡən]		侵入；闯进；激剧繁殖〈n.〉
Eindringling	[aɪndʁɪnɡlɪnk]		侵入者；干扰者；妨碍者；入侵者〈n.m.〉
Eindruck	[aɪndʁʊk]		印象〈n.m.〉
Einfall	[aɪnfal]		侵入；侵略；奇袭〈n.m.〉
Einfluss	[aɪnflʊs]		影响〈n.m.〉
Einfrieren	[aɪnfʁiːʁən]		冰冻的；冷冻用的；严寒的；冻结〈n.〉
Einführen	[aɪnfyːʁən]		插入；嵌进〈n.〉
Einführung	[aɪnfyːʁʊnk]		介绍；传入；采用〈n.f.〉
Eingang	[aɪnɡank]		入口〈n.m.〉
Eingeben	[aɪnɡəbən]		行政；管理；政府机关；给药〈n.〉
Eingeweide	[aɪnɡəvaɪdə]		肠〈n.〉
Eingreifen	[aɪnɡʁaɪfən]		插入；介入；调停；干预〈n.〉
Eingriff	[aɪnɡʁɪf]		侵蚀；侵犯；侵占〈n.m.〉
Einheit	[aɪnhaɪt]		单位；统一〈n.f.〉
Einholen	[aɪnhɔlən]		引出；诱出；抽出〈n.〉
Einhorn	[aɪnhɔʁn]		独角兽〈n.〉
Einigung	[aɪnɪɡʊnk]		同意；合约；协议；契约〈n.f.〉
Einkaufszentrum	[aɪnkaʊfst͡səntʁuːm]		商业区；购物中心〈n.〉
Einklang	[aɪnklank]		调和；和谐；一致〈n.m.〉
Einkommen	[aɪnkɔmən]		收入；收益；流入〈n.〉
Einladung	[aɪnladʊnk]		邀请〈n.f.〉
Einlegen	[aɪnləɡən]		介绍；传入；采用〈n.〉
Einleiten	[aɪnlaɪtən]		倾销；倾倒；倾泻；填埋〈n.〉
Einmischung	[aɪnmɪʃʊnk]		闯入；侵扰；突入〈n.f.〉
Einnahmen	[aɪnaːmən]		收入；岁入；税收〈n.〉
Einreichen	[aɪnʁaɪçən]		锉；琢磨；锉屑；编档〈n.〉
Einrichtung	[aɪnʁɪçtʊnk]		机构；设施〈n.f.〉
Einsamer	[aɪnzamɐ]		孤独者；独行侠〈n.〉
Einsamkeit	[aɪnzamkaɪt]		孤独〈n.f.〉
Einsatz	[aɪnzat͡s]		使用；行动〈n.m.〉
Einschalten	[aɪnʃaltən]		力；体力；力量〈n.〉
Einsicht	[aɪnzɪçt]		感应；感觉；感官〈n.f.〉
Einspruch	[aɪnspʁuːx]		异议〈n.m.〉
Einstellung	[aɪnstəlʊnk]		态度；设置〈n.f.〉
Eintopf	[aɪntɔpf]		炖；烦恼；热浴〈n.m.〉
Eintrag	[aɪntʁaːk]		登录；条目；进入〈n.m.〉
Eintritt	[aɪntʁɪt]		入口；进入点；入场〈n.m.〉
Einverständnis	[aɪnfəʁstɛndnɪs]		赞成；批准；核准〈n.〉
Einwanderer	[aɪnvandəʁɐ]		移民；迁入者〈n.m.〉
Einwilligung	[aɪnvɪlɪɡʊnk]		附着；粘着；支持〈n.f.〉
Einwohner	[aɪnvoːnɐ]		居民；居住者〈n.m.〉
Einzelgänger	[aɪnt͡səlɡɛnɡɐ]		喜孤独的人；不合群的动物〈n.m.〉
Einzelhaft	[aɪnt͡səlhaft]		单独监禁；关禁闭〈n.f.〉
Einzelheit	[aɪnt͡səlhaɪt]		细节〈n.f.〉
Einzelheiten	[aɪnt͡səlhaɪtən]		苦心经营；精巧；确立〈n.〉
Einzelkind	[aɪnt͡səlkɪnt]		独生子〈n.〉
Eis	[aɪs]		冰〈n.〉
Eisen	[aɪzən]		铁〈n.〉
Eisenbahn	[aɪzənbaːn]		铁路；轨道〈n.f.〉
Eistee	[aɪsteː]		冰茶〈n.m.〉
Eiswürfel	[aɪsvʏʁfəl]		冰块〈n.m.〉
Eitelkeit	[aɪtəlkaɪt]		虚荣心；虚无；自负〈n.f.〉
Ekel	[eːkəl]		爬；徐行；蠕动〈n.〉
Elch	[ɛlç]		麋鹿〈n.m.〉
Elefant	[eːləfant]		大象〈n.m.〉
Elektriker	[eːləktʁɪkɐ]		电学家；电气技师；电工〈n.m.〉
Elektrische	[eːləktʁɪʃə]		电动车；电车；电〈n.〉
Elektrizität	[eːləktʁɪt͡sɪtɛːt]		电；电流；电学〈n.f.〉
Elektronik	[eːləktʁɔniːk]		电子学〈n.f.〉
Element	[eːləmənt]		元件；元素；要素；部分〈n.〉
Elend	[eːlənt]		悲惨〈n.〉
Elfen	[ɛlfən]		精灵；小仙子（复数）〈n.〉
Ellbogen	[ɛlbɔɡən]		手肘；弯头〈n.m.〉
Elle	[ɛlə]		厄尔；字母；形物〈n.f.〉
Eltern	[ɛltɐn]		父母〈n.〉
Elternteil	[ɛltəʁntaɪl]		父母；父母亲；根源；父亲〈n.〉
Eminenz	[eːmɪnənt͡s]		显赫；名家；高处；隆起〈n.f.〉
Emotion	[eːmɔt͡sjoːn]		情感〈n.f.〉
Empfang	[ɛmpfank]		接待；前台〈n.m.〉
Empfehlung	[ɛmpfeːlʊnk]		推荐；介绍；推荐信〈n.f.〉
Empfänger	[ɛmpfɛnɡɐ]		收件人；接收者；接收机〈n.m.〉
End	[ɛnt]		终端机；终点；末端〈n.〉
Ende	[ɛndə]		结束；末尾〈n.〉
Endstation	[ɛndstat͡sjoːn]		终点站；最后结局〈n.f.〉
Energie	[eːnəʁɡiː]		能量〈n.f.〉
Energiequelle	[eːnəʁɡiːkvələ]		能源〈n.f.〉
Engagement	[ɛnɡaɡəmənt]		委托；交押；承担义务〈n.〉
Engel	[ɛnɡəl]		天使〈n.m.〉
Engelchen	[ɛnɡəlçən]		二级天使；小天使；天真美丽的儿童〈n.〉
England	[ɛnɡlant]		英国〈n.〉
Englisch	[ɛnɡlɪʃ]		英语〈n.〉
Engländer	[ɛnɡlɛndɐ]		英国人〈n.m.〉
Enkel	[ɛnkəl]		孙子〈n.m.〉
Enkelin	[ɛnkəliːn]		孙女；外孙女〈n.f.〉
Entdeckung	[ɛntdəkʊnk]		发现〈n.f.〉
Ente	[ɛntə]		鸭子〈n.f.〉
Entfernung	[ɛntfəʁnʊnk]		距离〈n.f.〉
Entführer	[ɛntfyːʁɐ]		拐子；绑架者；诱拐者；拐骗犯〈n.m.〉
Entführung	[ɛntfyːʁʊnk]		绑架〈n.f.〉
Entlassung	[ɛntlasʊnk]		卸下；放出；解雇〈n.f.〉
Entscheidung	[ɛnt͡ʃaɪdʊnk]		决定〈n.f.〉
Entschlossenheit	[ɛnt͡ʃlɔsənhaɪt]		坚定；坚决；决意〈n.f.〉
Entschuldigung	[ɛnt͡ʃʊldɪɡʊnk]		打扰一下；道歉〈n.f.〉
Entschädigung	[ɛnt͡ʃɛdɪɡʊnk]		补偿；赔偿金；工资；代偿〈n.f.〉
Entspannung	[ɛntspanʊnk]		压力；紧迫；强调〈n.f.〉
Entspricht	[ɛntspʁɪçt]		做；工作〈n.〉
Entstehen	[ɛntsteːən]		发展；展开〈n.〉
Enttäuschung	[ɛntɔʏʃʊnk]		失望〈n.f.〉
Entwicklung	[ɛntvɪklʊnk]		发展〈n.f.〉
Entwurf	[ɛntvʊʁf]		气流；草稿；汇票〈n.m.〉
Entzug	[ɛnt͡suːk]		剥夺；剥夺官职；免职；丧失〈n.m.〉
Entzündet	[ɛnt͡sʏndət]		点燃；引发〈n.〉
Episode	[eːpɪzɔdə]		一集〈n.f.〉
Erbarmen	[ɛʁbaʁmən]		遗憾；同情；怜悯〈n.〉
Erbe	[ɛʁbə]		遗产；继承人〈n.m.〉
Erbin	[ɛʁbiːn]		嗣女〈n.f.〉
Erbrechen	[ɛʁbʁəçən]		呕吐〈n.〉
Erbsen	[ɛʁbzən]		豌豆〈n.〉
Erdbeben	[ɛʁdbəbən]		地震〈n.〉
Erdbeeren	[ɛʁdbeːʁən]		草莓〈n.〉
Erdboden	[ɛʁdbɔdən]		土地；战场；场地〈n.m.〉
Erde	[ɛʁdə]		地球；土地〈n.f.〉
Erdgeschoss	[ɛʁdɡəʃɔs]		第一层〈n.〉
Erdnussbutter	[ɛʁdnʊsbʊtɐ]		花生酱〈n.f.〉
Ereignis	[eːʁaɪɡnɪs]		事件〈n.〉
Erfahrung	[ɛʁfaːʁʊnk]		经验〈n.f.〉
Erfinder	[ɛʁfɪndɐ]		发明家；发明人；创造者〈n.m.〉
Erfindung	[ɛʁfɪndʊnk]		发明〈n.f.〉
Erfolg	[ɛʁfɔlk]		成功〈n.m.〉
Erforschen	[ɛʁfɔʁʃən]		探险；踏勘；探测；探察〈n.〉
Erfüllung	[ɛʁfʏlʊnk]		履行；结束；完成〈n.f.〉
Ergebnis	[ɛʁɡəbnɪs]		结果〈n.〉
Erholung	[ɛʁhɔlʊnk]		娱乐；消遣；休息〈n.f.〉
Erhängen	[ɛʁhɛnɡən]		绞死；绞杀；悬挂；绞刑〈n.〉
Erinnerung	[eːʁɪnəʁʊnk]		记忆〈n.f.〉
Erkenntnis	[ɛʁkəntnɪs]		实现；领悟；实得；现实化〈n.f.〉
Erkenntnisse	[ɛʁkəntnɪsə]		智力；情报；信息〈n.〉
Erklärung	[ɛʁklɛʁʊnk]		解释〈n.f.〉
Erkrankung	[ɛʁkʁankʊnk]		疾病；弊病；病〈n.f.〉
Erkältung	[ɛʁkɛltʊnk]		感冒；受凉〈n.f.〉
Erlaubnis	[ɛʁlaʊbnɪs]		许可〈n.f.〉
Erleichterung	[ɛʁlaɪçtəʁʊnk]		缓和；减轻〈n.f.〉
Erleuchtung	[ɛʁlɔʏxtʊnk]		启迪；教化〈n.f.〉
Erlöse	[ɛʁlœzə]		保持；保有；留住〈n.〉
Erlöser	[ɛʁlœzɐ]		救助者；救世主；救星〈n.m.〉
Erlösung	[ɛʁlœzʊnk]		赎回；赎身；偿还〈n.f.〉
Ermittlung	[ɛʁmɪtlʊnk]		侦查〈n.f.〉
Ermordung	[ɛʁmɔʁdʊnk]		暗杀；行刺〈n.f.〉
Ernte	[ɛʁntə]		收成〈n.f.〉
Ernten	[ɛʁntən]		收割〈n.〉
Ernährung	[ɛʁnɛːʁʊnk]		日常饮食〈n.f.〉
Eroberung	[eːʁɔbəʁʊnk]		战胜；征服；战利品〈n.f.〉
Erpressung	[ɛʁpʁəsʊnk]		敲诈〈n.f.〉
Erregung	[ɛʁəɡʊnk]		奋发；激励〈n.f.〉
Ersatz	[ɛʁzat͡s]		替代品〈n.m.〉
Erscheinung	[ɛʁʃaɪnʊnk]		出现；露面；外观〈n.f.〉
Erschöpfung	[ɛʁʃœpfʊnk]		抽空；耗尽；疲惫〈n.f.〉
Erstellen	[ɛʁstələn]		编辑；编纂；编辑物；编译〈n.〉
Ersticken	[ɛʁstɪkən]		窒息〈n.〉
Ertrag	[ɛʁtʁaːk]		所赚的钱；工资；收入〈n.m.〉
Erwachen	[ɛʁvaxən]		唤醒；觉醒〈n.〉
Erwachsene	[ɛʁvaksənə]		成人〈n.〉
Erwartung	[ɛʁvaʁtʊnk]		期待；指望；展望；期望值〈n.f.〉
Erzbischof	[ɛʁt͡sbɪʃoːf]		大主教〈n.m.〉
Erziehung	[ɛʁt͡siːʊnk]		教育；训练；教育学〈n.f.〉
Erzähler	[ɛʁt͡sɛːlɐ]		讲述者；叙述者；陈述者〈n.m.〉
Eröffnung	[eːʁœfnʊnk]		开始；口子；穴〈n.f.〉
Esel	[eːzəl]		驴；蠢人〈n.m.〉
Espresso	[ɛspʁəsɔ]		浓咖啡〈n.m.〉
Ess	[ɛs]		正餐；宴会〈n.〉
Essig	[ɛsɪç]		醋〈n.m.〉
Esszimmer	[ɛst͡sɪmɐ]		饭厅〈n.〉
Etage	[eːtaɡə]		楼层〈n.f.〉
Eule	[ɔʏlə]		猫头鹰；走私〈n.f.〉
Euro	[ɔʏʁɔ]		欧元〈n.m.〉
Europa	[ɔʏʁɔpa]		欧洲〈n.〉
Evakuierung	[eːfakʊiːʁʊnk]		撤退；疏散；抽空；排空〈n.f.〉
Ewiges	[ɛvɪɡəs]		永恒的；持久的；上帝；神〈n.〉
Ewigkeit	[ɛvɪɡkaɪt]		永恒〈n.f.〉
Ex	[ɛks]		前任（口语）〈n.m.〉
Exemplar	[ɛksəmplaːɐ]		例子；样本；实例〈n.〉
Exil	[ɛksiːl]		放逐；流放〈n.〉
Existenz	[ɛksɪstənt͡s]		生存〈n.f.〉
Expedition	[ɛkspədɪt͡sjoːn]		远征；探险队；迅速〈n.f.〉
Experiment	[ɛkspəʁɪmənt]		实验〈n.〉
Experte	[ɛkspəʁtə]		专家〈n.m.〉
Explosion	[ɛksplɔzɪoːn]		爆炸〈n.f.〉
Exzellenz	[ɛkst͡sələnt͡s]		阁下〈n.f.〉
Fabrik	[fabʁiːk]		工厂〈n.f.〉
Fach	[faːx]		嵌板；仪表板；专题讨论小组〈n.〉
Fachmann	[faxman]		专家；内行；行家〈n.m.〉
Fackel	[fakəl]		火把；启发之物；火炬〈n.f.〉
Faden	[faːdən]		看穿〈n.m.〉
Fahndung	[faːndʊnk]		法律；法则；定律〈n.f.〉
Fahne	[faːnə]		标志；旗标；旗子〈n.f.〉
Fahrer	[faːʁɐ]		司机〈n.m.〉
Fahrerflucht	[faːʁəʁflʊxt]		交通肇事逃逸〈n.f.〉
Fahrrad	[faːʁaːt]		自行车〈n.〉
Fahrstuhl	[faːʁstuːl]		电梯〈n.m.〉
Fahrt	[faːʁt]		行驶；旅程〈n.f.〉
Fahrzeug	[faːʁt͡sɔʏk]		车辆〈n.〉
Fahrzeuge	[faːʁt͡sɔʏɡə]		全部车辆〈n.〉
Fakt	[fakt]		事实〈n.m.〉
Faktor	[faktoːɐ]		因素；因数；系数〈n.m.〉
Fakultät	[faːkʊltɛːt]		才能；能力；全体教员〈n.f.〉
Falken	[falkən]		猎鹰；隼鹰队〈n.〉
Fall	[fal]		情况；案例〈n.m.〉
Fallschirm	[falʃɪʁm]		降落伞〈n.m.〉
Falschgeld	[falʃɡəlt]		赝品；假装的；仿造〈n.〉
Falten	[faltən]		皱纹；妙计；方法〈n.〉
Familie	[faːmɪliː]		家庭〈n.f.〉
Familienmitglied	[faːmɪliːnmɪtɡliːt]		成员；会员；│肢；肢体〈n.〉
Fan	[faːn]		粉丝〈n.m.〉
Fanatiker	[faːnatɪkɐ]		狂热分子；狂热崇拜者〈n.m.〉
Fantasie	[fantaziː]		想象力〈n.f.〉
Farbe	[faʁbə]		颜色〈n.f.〉
Farce	[faʁkə]		闹剧；滑稽剧；胡闹〈n.f.〉
Farm	[faʁm]		农场〈n.f.〉
Farmer	[faʁmɐ]		农夫；农场主；农民〈n.m.〉
Fassade	[fasadə]		建筑物的正面；外观；表面〈n.f.〉
Fasse	[fasə]		制造；安排；创造〈n.〉
Fassung	[fasʊnk]		框；结构；体格；构成〈n.f.〉
Faust	[faʊst]		拳头〈n.f.〉
Favorit	[faːfɔʁiːt]		夺冠热门；受宠者；心腹〈n.m.〉
Februar	[fɛbʁʊaːɐ]		二月〈n.m.〉
Feder	[feːdɐ]		羽毛〈n.f.〉
Federn	[feːdɐn]		换毛；脱毛〈n.〉
Fee	[feː]		仙女；小仙子〈n.f.〉
Fegefeuer	[feːɡəfɔʏɐ]		炼狱〈n.〉
Fehler	[feːlɐ]		错误〈n.m.〉
Fehlfunktion	[feːlfʊnkt͡sjoːn]		故障；失灵〈n.f.〉
Fehlgeburt	[feːlɡəbʊʁt]		流产；堕胎；失败〈n.f.〉
Feier	[faɪɐ]		庆祝；下班〈n.f.〉
Feierabend	[faɪəʁabənt]		下班〈n.m.〉
Feiertag	[faɪəʁtaːk]		假日；假期；节日；度假〈n.m.〉
Feigheit	[faɪɡhaɪt]		懦弱〈n.f.〉
Feigling	[faɪɡlɪnk]		胆小鬼〈n.m.〉
Feind	[faɪnt]		敌人〈n.m.〉
Feld	[fɛlt]		田地；领域〈n.〉
Feldmarschall	[fɛldmaʁʃal]		陆军元帅〈n.m.〉
Feldwebel	[fɛldvəbəl]		警察小队长；军士〈n.m.〉
Fell	[fɛl]		毛皮〈n.〉
Felsen	[fɛlzən]		块；片；篇〈n.m.〉
Fenster	[fɛnstɐ]		窗户〈n.〉
Ferdinand	[fɛʁdɪnant]		男子名〈n.〉
Ferien	[feːʁiːn]		假期〈n.〉
Ferkel	[fɛʁkəl]		小猪；小猪仔；邋遢鬼〈n.〉
Fernbedienung	[fɛʁnbədiːnʊnk]		遥控器；遥控〈n.f.〉
Ferne	[fɛʁnə]		远方〈n.f.〉
Fernglas	[fɛʁnɡlas]		双目镜；双筒镜〈n.〉
Fernseher	[fɛʁnzeːɐ]		电视机〈n.m.〉
Festgehalten	[fɛstɡeːaltən]		它；信息论；输入终端；智能终端〈n.〉
Festland	[fɛstlant]		大陆；本土〈n.〉
Festlegen	[fɛstləɡən]		琢石；擦伤〈n.〉
Festmahl	[fɛstmaːl]		宴会；酒席；享受〈n.〉
Festnahme	[fɛstnaːmə]		逮捕；监禁；拘捕；抑制〈n.f.〉
Festung	[fɛstʊnk]		要塞〈n.f.〉
Fettsack	[fɛtzak]		胖子〈n.m.〉
Fetzen	[fɛt͡sən]		碎片；残余物；些微〈n.m.〉
Feuer	[fɔʏɐ]		火〈n.〉
Feuerkraft	[fɔʏəʁkʁaft]		火力〈n.f.〉
Feuerwehr	[fɔʏəʁveːɐ]		消防队〈n.f.〉
Feuerwehrmann	[fɔʏəʁveːʁman]		<美>消防队员〈n.m.〉
Feuerwerk	[fɔʏəʁvəʁk]		烟火；激烈争论；焰火〈n.〉
Feuerzeug	[fɔʏəʁt͡sɔʏk]		打火机〈n.〉
Fieber	[fiːbɐ]		发烧〈n.〉
Figur	[fiːɡuːɐ]		身材；角色〈n.f.〉
Fiktion	[fɪkt͡sjoːn]		小说；捏造〈n.f.〉
Film	[fɪlm]		电影〈n.m.〉
Filmemacher	[fɪlməmaxɐ]		电影制作人〈n.m.〉
Filmstar	[fɪlmstaːɐ]		电影明星〈n.m.〉
Filter	[fɪltɐ]		滤波器；过滤器；滤光器〈n.m.〉
Finale	[fiːnalə]		决赛；结尾〈n.〉
Finanzamt	[fiːnant͡samt]		税；税款；重负〈n.〉
Finanzen	[fiːnant͡sən]		资金；经费；财源〈n.〉
Finanzierung	[fiːnant͡siːʁʊnk]		融资；理财〈n.f.〉
Finger	[fɪnɡɐ]		手指〈n.m.〉
Fingerabdruck	[fɪnɡəʁabdʁʊk]		指纹〈n.m.〉
Finsternis	[fɪnstəʁnɪs]		黑暗〈n.f.〉
Firma	[fɪʁma]		公司〈n.f.〉
Firmen	[fɪʁmən]		公司；企业（复数）〈n.〉
Fisch	[fɪʃ]		鱼〈n.m.〉
Fischer	[fɪʃɐ]		渔民〈n.m.〉
Fitnessstudio	[fɪtnəsstʊdɪɔ]		适合；合宜；合理〈n.〉
Flagge	[flaɡə]		旗帜〈n.f.〉
Flamme	[flamə]		火焰〈n.f.〉
Flanke	[flankə]		侧面；侧腹；胁〈n.f.〉
Flasche	[flaʃə]		瓶子〈n.f.〉
Flattern	[flatɐn]		摆动；摇晃；不稳定〈n.〉
Fleck	[flɛk]		污渍〈n.m.〉
Fledermaus	[fleːdəʁmaʊs]		蝙蝠；眨眼；成批〈n.f.〉
Fleisch	[flaɪʃ]		肉〈n.〉
Flicken	[flɪkən]		片；补缀；碎片〈n.m.〉
Fliege	[fliːɡə]		苍蝇；领结〈n.f.〉
Flieger	[fliːɡɐ]		飞行员；飞机〈n.m.〉
Flitterwochen	[flɪtəʁvɔxən]		蜜月〈n.〉
Floh	[floː]		跳蚤；蚤〈n.m.〉
Flora	[floːʁa]		植物群；植物区系；植物丛〈n.f.〉
Florenz	[floːʁənt͡s]		佛罗伦萨〈n.〉
Flotte	[flɔtə]		舰队〈n.f.〉
Floß	[floːs]		漂流物；浮舟；漂浮〈n.〉
Fluch	[fluːx]		诅咒〈n.m.〉
Fluchen	[flʊxən]		诅咒〈n.〉
Flucht	[flʊxt]		逃跑〈n.f.〉
Fluchtweg	[flʊxtvək]		逃亡；避难设备；逃跑；逃脱〈n.m.〉
Flug	[fluːk]		飞行；航班〈n.m.〉
Flughafen	[flʊɡhafən]		机场〈n.m.〉
Flugplatz	[flʊɡplat͡s]		飞机场〈n.m.〉
Flugticket	[flʊɡtɪkət]		飞机票〈n.〉
Flugzeug	[flʊɡt͡sɔʏk]		飞机〈n.〉
Flur	[fluːɐ]		走廊〈n.m.〉
Fluss	[flʊs]		河〈n.m.〉
Flut	[fluːt]		流程；流动；流量〈n.f.〉
Fläschchen	[flɛʃçən]		小瓶；小药瓶；小奶瓶〈n.〉
Flüchtige	[flʏçtɪɡə]		逃避者；逃避物〈n.〉
Flügel	[flyːɡəl]		翅膀〈n.m.〉
Flüssigkeit	[flʏsɪɡkaɪt]		液体；流体〈n.f.〉
Fohlen	[foːlən]		驹；生仔〈n.〉
Fokus	[foːkʊs]		焦点；焦距；聚焦〈n.m.〉
Folge	[fɔlɡə]		后果；集〈n.f.〉
Folter	[fɔltɐ]		拷打〈n.f.〉
Fordere	[fɔʁdəʁə]		不要；禁忌〈n.〉
Forderung	[fɔʁdəʁʊnk]		要求〈n.f.〉
Form	[fɔʁm]		形式〈n.f.〉
Formalität	[fɔʁmalɪtɛːt]		礼节；拘谨〈n.f.〉
Formalitäten	[fɔʁmalɪtɛtən]		庄严；严肃；庄重〈n.〉
Formation	[fɔʁmat͡sjoːn]		形成；构造；编队〈n.f.〉
Formel	[fɔʁməl]		公式〈n.f.〉
Formular	[fɔʁmʊlaːɐ]		表格；表单〈n.〉
Forscher	[fɔʁʃɐ]		研究人员〈n.m.〉
Forschung	[fɔʁʃʊnk]		研究〈n.f.〉
Fortschritt	[fɔʁt͡ʃʁɪt]		进步〈n.m.〉
Fortsetzung	[fɔʁtzət͡sʊnk]		继续；续集；补编；连续〈n.f.〉
Foto	[foːtɔ]		照片〈n.〉
Fotograf	[foːtɔɡʁaːf]		摄影师；摄影者〈n.m.〉
Fotografie	[foːtɔɡʁafiː]		相片；照片〈n.f.〉
Foul	[fɔuːl]		犯规（体育）〈n.〉
Frachtraum	[fʁaxtʁaʊm]		货物；货柜〈n.m.〉
Frack	[fʁak]		燕尾服；男子夜礼服；钱币背面〈n.m.〉
Frage	[fʁaːɡə]		问题〈n.f.〉
Franc	[fʁank]		法郎〈n.m.〉
Franken	[fʁankən]		法郎；法兰克人〈n.〉
Frankfurt	[fʁankfʊʁt]		牛肉香肠；猪牛肉混合香肠〈n.〉
Frankreich	[fʁankʁaɪç]		法国〈n.〉
Franzose	[fʁant͡sɔzə]		法国人〈n.m.〉
Franzosen	[fʁant͡sɔzən]		青蛙〈n.〉
Französisch	[fʁant͡sœzɪʃ]		法语〈n.〉
Fraser	[fʁaːzɐ]		弗雷泽〈n.m.〉
Frau	[fʁaʊ]		女士；妻子；女人〈n.f.〉
Frechheit	[fʁɛçhaɪt]		颊；厚颜；脸蛋〈n.f.〉
Freiheit	[fʁaɪaɪt]		自由〈n.f.〉
Freilassung	[fʁaɪlasʊnk]		解放〈n.f.〉
Freiraum	[fʁaɪʁaʊm]		清除；间隙；空隙〈n.m.〉
Freitag	[fʁaɪtaːk]		星期五〈n.m.〉
Freiwillige	[fʁaɪvɪlɪɡə]		志愿者〈n.〉
Freizeichen	[fʁaɪt͡saɪçən]		拨号音〈n.〉
Freizeit	[fʁaɪt͡saɪt]		业余时间；空闲；闲暇〈n.f.〉
Fremd	[fʁɛmt]		陌生人；外人〈n.〉
Frequenz	[fʁɛkvənt͡s]		频率；频数〈n.f.〉
Freu	[fʁɔʏ]		不要；禁忌〈n.〉
Freud	[fʁɔʏt]		无意中泄漏心事；说溜了嘴的错话〈n.〉
Freude	[fʁɔʏdə]		快乐〈n.f.〉
Freund	[fʁɔʏnt]		朋友〈n.m.〉
Freundin	[fʁɔʏndiːn]		女朋友；女性朋友〈n.f.〉
Freundlichkeit	[fʁɔʏndlɪçkaɪt]		高兴；快活〈n.f.〉
Freundschaft	[fʁɔʏndʃaft]		友谊〈n.f.〉
Friede	[fʁiːdə]		和平；和约；治安〈n.m.〉
Frieden	[fʁiːdən]		和平〈n.m.〉
Friedhof	[fʁiːdhoːf]		墓地〈n.m.〉
Friedrich	[fʁiːdʁiːç]		弗雷德里克〈n.〉
Frisur	[fʁiːzuːɐ]		发型〈n.f.〉
Front	[fʁɔnt]		前线；正面〈n.f.〉
Frosch	[fʁɔʃ]		青蛙〈n.m.〉
Frost	[fʁɔst]		霜冻〈n.m.〉
Frucht	[fʁʊxt]		水果；果类；结果；果实〈n.f.〉
Fräulein	[fʁɔʏlaɪn]		小姐〈n.〉
Frühe	[fʁyːə]		早晨；早上；初期〈n.f.〉
Frühling	[fʁyːlɪnk]		春天〈n.m.〉
Frühstück	[fʁyːstʏk]		早餐〈n.〉
Fuchs	[fʊks]		狐狸〈n.m.〉
Fund	[fʊnt]		发现；发现物；决定〈n.m.〉
Fundament	[fʊndamənt]		基础；根据；建立；地基〈n.〉
Funk	[fʊnk]		无线电〈n.m.〉
Funke	[fʊnkə]		火花；火星；闪光〈n.m.〉
Funkgerät	[fʊnkɡəʁɛːt]		无线电设备〈n.〉
Funkstille	[fʊnkstɪlə]		无线电；收音机；无线电报〈n.f.〉
Funktion	[fʊnkt͡sjoːn]		官能；职务；功能〈n.f.〉
Funktionen	[fʊnkt͡sjoːnən]		连结；连锁；相关〈n.〉
Furcht	[fʊʁçt]		恐惧〈n.f.〉
Furz	[fʊʁt͡s]		屁；放屁〈n.m.〉
Fusion	[fuːzɪoːn]		熔合物；结合；熔合；熔融〈n.f.〉
Futsch	[fʊt͡ʃ]		重击；突然巨响；刘海；发巨响〈n.〉
Futter	[fʊtɐ]		饲料；衬里〈n.〉
Fuß	[fuːs]		脚〈n.m.〉
Fußball	[fʊsbal]		足球〈n.m.〉
Fußboden	[fʊsbɔdən]		地板；楼层；底部〈n.m.〉
Fußstapfen	[fʊsstapfən]		足迹；印迹〈n.m.〉
Fäden	[fɛːdən]		线；丝；纤维〈n.〉
Fähigkeit	[fɛːɪɡkaɪt]		能力〈n.f.〉
Fähnrich	[fɛːnʁiːç]		军官；主管；官员〈n.m.〉
Fällen	[fɛlən]		砍伐；裁决；砍伐树木〈n.〉
Fälschung	[fɛlʃʊnk]		掺杂；掺假的东西；掺加〈n.f.〉
Föderation	[føːdəʁat͡sjoːn]		联邦〈n.f.〉
Fötus	[føːtʊs]		胚胎；胎儿；胎〈n.m.〉
Fügen	[fyːɡən]		接缝；连接；连接物〈n.〉
Führer	[fyːʁɐ]		领袖〈n.m.〉
Führerschein	[fyːʁəʁʃaɪn]		驾照〈n.m.〉
Führung	[fyːʁʊnk]		领导〈n.f.〉
Fülle	[fʏlə]		丰富；充沛；大量〈n.f.〉
Fünfer	[fʏnfɐ]		五镑；票面为五镑的钞票；票面为五元的钞票〈n.m.〉
Fünfzig	[fʏnft͡sɪç]		五十；五十个〈n.f.〉
Fürsorge	[fʏʁzɔʁɡə]		小心；照料；忧虑；关心〈n.f.〉
Fürst	[fʏʁst]		亲王〈n.m.〉
Gabe	[ɡaːbə]		天赋；礼物〈n.f.〉
Gabel	[ɡaːbəl]		轭；牛轭〈n.f.〉
Gage	[ɡaːɡə]		酬金；演出费〈n.f.〉
Gala	[ɡaːla]		节日；祝贺〈n.f.〉
Galaxie	[ɡaːlaksiː]		星系〈n.f.〉
Galerie	[ɡaːləʁiː]		走廊；最高楼座；画廊〈n.f.〉
Galgen	[ɡalɡən]		绞架；绞刑；绞刑架；绞台〈n.m.〉
Gallier	[ɡaliːɐ]		高卢；高卢人〈n.m.〉
Game	[ɡaːmə]		比赛；玩耍；比分〈n.〉
Gang	[ɡank]		走廊〈n.m.〉
Gangster	[ɡanɡstɐ]		歹徒〈n.m.〉
Gans	[ɡans]		鹅；雌鹅；鹅肉〈n.f.〉
Garage	[ɡaːʁaɡə]		车库〈n.f.〉
Garantie	[ɡaːʁantiː]		担保；抵押品〈n.f.〉
Garde	[ɡaʁdə]		禁卫军；护卫队；守卫〈n.f.〉
Garderobe	[ɡaʁdəʁɔbə]		衣帽间〈n.f.〉
Garnison	[ɡaʁnɪzoːn]		守备队；驻军；要塞；守备〈n.f.〉
Garten	[ɡaʁtən]		花园〈n.m.〉
Gas	[ɡas]		气体〈n.〉
Gasse	[ɡasə]		小路；巷〈n.f.〉
Gassi	[ɡasɪ]		拿；取；抓〈n.〉
Gast	[ɡast]		客人〈n.m.〉
Gastfreundschaft	[ɡastfʁɔʏndʃaft]		款待；亲切；殷勤〈n.f.〉
Gastgeber	[ɡastɡəbɐ]		主人；旅馆老板〈n.m.〉
Gattin	[ɡatiːn]		妻子；太太；夫人〈n.f.〉
Gaul	[ɡaʊl]		老马；驽马；劣等竞赛马〈n.m.〉
Gauner	[ɡaʊnɐ]		骗子〈n.m.〉
Gebet	[ɡeːbət]		祈祷〈n.〉
Gebiet	[ɡeːbiːt]		地区；领域〈n.〉
Gebot	[ɡeːboːt]		命令；邀请；出价；投标〈n.〉
Gebrauch	[ɡɛbʁaʊx]		用法；使用；习惯〈n.m.〉
Gebrüll	[ɡɛbʁʏl]		怒吼〈n.〉
Geburt	[ɡeːbʊʁt]		出生〈n.f.〉
Geburtstag	[ɡeːbʊʁtstaːk]		生日〈n.m.〉
Geburtstagsfeier	[ɡeːbʊʁtstaɡsfaɪɐ]		生日宴会〈n.f.〉
Geburtstagsgeschenk	[ɡeːbʊʁtstaɡsɡəʃənk]		生日礼物〈n.〉
Geburtstagskind	[ɡeːbʊʁtstaɡskɪnt]		生日〈n.〉
Geburtsurkunde	[ɡeːbʊʁtzʊʁkʊndə]		出生；起源；生产；分娩〈n.f.〉
Gebäck	[ɡeːbɛk]		蛋糕〈n.〉
Gebärmutter	[ɡeːbɛʁmʊtɐ]		子宫；发源地〈n.f.〉
Gebäude	[ɡeːbɔʏdə]		建筑物〈n.〉
Gebüsch	[ɡeːbʏʃ]		灌木；灌木林〈n.〉
Gedanke	[ɡeːdankə]		想法〈n.m.〉
Gedicht	[ɡeːdɪçt]		诗〈n.〉
Geduld	[ɡeːdʊlt]		耐心〈n.f.〉
Gedulden	[ɡeːdʊldən]		等待；等候；期待〈n.〉
Gedächtnis	[ɡeːdɛçtnɪs]		记忆力〈n.〉
Gefahr	[ɡeːfaːɐ]		危险〈n.f.〉
Gefangene	[ɡeːfanɡənə]		囚犯〈n.〉
Gefangenschaft	[ɡeːfanɡənʃaft]		囚禁；被关；被俘〈n.f.〉
Gefecht	[ɡeːfəçt]		诺言；约会；婚约〈n.〉
Gefreiter	[ɡɛfʁaɪtɐ]		一等兵；列兵〈n.m.〉
Gefängnis	[ɡeːfɛnɡnɪs]		监狱〈n.〉
Gefäß	[ɡeːfɛːs]		船；容器；脉管；管〈n.〉
Gefühl	[ɡeːfyːl]		感觉〈n.〉
Gegend	[ɡeːɡənt]		地区〈n.f.〉
Gegengift	[ɡeːɡənɡɪft]		抗毒剂；以毒之毒物〈n.〉
Gegenleistung	[ɡeːɡənlaɪstʊnk]		回来；返回；来回票〈n.f.〉
Gegenmittel	[ɡeːɡənmɪtəl]		解毒剂；解毒药〈n.〉
Gegensatz	[ɡeːɡənzat͡s]		对立〈n.m.〉
Gegenstand	[ɡeːɡənstant]		物体；物品；题材；对象〈n.m.〉
Gegenstände	[ɡeːɡənstɛndə]		材料；材料费；材料科学〈n.〉
Gegenteil	[ɡeːɡəntaɪl]		相反〈n.〉
Gegenwart	[ɡeːɡənvaʁt]		现在〈n.f.〉
Gegenzug	[ɡeːɡənt͡suːk]		交换；交换局；交换机〈n.m.〉
Gegner	[ɡɛɡnɐ]		对手〈n.m.〉
Gehalt	[ɡeːalt]		薪水〈n.m.〉
Gehaltserhöhung	[ɡeːaltzəʁhøːʊnk]		上升；增加；上涨〈n.f.〉
Geheimdienst	[ɡeːaɪmdiːnst]		情报机构〈n.m.〉
Geheimhaltung	[ɡeːaɪmhaltʊnk]		秘密；保密；秘密状态〈n.f.〉
Geheimnis	[ɡeːaɪmnɪs]		秘密〈n.〉
Geheimnisvolle	[ɡeːaɪmnɪsfɔlə]		神秘〈n.〉
Geheimwaffe	[ɡeːaɪmvafə]		秘密；机密；秘诀〈n.f.〉
Gehirn	[ɡeːɪʁn]		大脑〈n.〉
Gehirnerschütterung	[ɡeːɪʁnəʁʃʏtəʁʊnk]		脑震荡〈n.f.〉
Gehirnwäsche	[ɡeːɪʁnvɛʃə]		洗脑〈n.f.〉
Gehorsam	[ɡeːɔʁzaːm]		服从；顺从；忠实〈n.m.〉
Gehör	[ɡeːøːɐ]		听；听觉；听讯〈n.〉
Geier	[ɡaɪɐ]		秃鹫；劫掠成性者〈n.m.〉
Geige	[ɡaɪɡə]		小提琴〈n.f.〉
Geiger	[ɡaɪɡɐ]		小提琴演奏者；小提琴家〈n.m.〉
Geisel	[ɡaɪzəl]		人质〈n.f.〉
Geist	[ɡaɪst]		精神；幽灵〈n.m.〉
Geld	[ɡɛlt]		钱〈n.〉
Geldbörse	[ɡɛldbœʁzə]		金钱；一笔款；财富〈n.f.〉
Gelder	[ɡɛldɐ]		薪资；付款；补偿；支付〈n.〉
Gelegenheit	[ɡeːləɡənhaɪt]		机会〈n.f.〉
Geliebte	[ɡeːliːbtə]		情人〈n.〉
Geliebten	[ɡeːliːbtən]		爱人；情人（Geliebte 变格）〈n.〉
Gelächter	[ɡeːlɛçtɐ]		笑；笑声；大笑〈n.〉
Gelände	[ɡeːlɛndə]		场地〈n.〉
Geländer	[ɡeːlɛndɐ]		扶手；栏杆〈n.〉
Gelübde	[ɡeːlʏbdə]		誓约；誓言；许愿；起誓〈n.〉
Gemahl	[ɡeːmaːl]		配偶；夫妻；陪伴；结交〈n.m.〉
Gemeinde	[ɡeːmaɪndə]		乡镇；教会〈n.f.〉
Gemeine	[ɡeːmaɪnə]		恶人；平民；下等人〈n.〉
Gemeiner	[ɡeːmaɪnɐ]		普通人；士兵〈n.〉
Gemeinsamer	[ɡeːmaɪnzamɐ]		共同的事物（共同的人）〈n.〉
Gemeinschaft	[ɡeːmaɪnʃaft]		共同体〈n.f.〉
Gemurmel	[ɡeːmʊʁməl]		嗫语〈n.〉
Gemälde	[ɡeːmɛldə]		画作〈n.〉
Gemüse	[ɡeːmʏzə]		蔬菜〈n.〉
Gen	[ɡən]		基因〈n.〉
Genehmigung	[ɡeːneːmɪɡʊnk]		许可〈n.f.〉
General	[ɡeːnəʁaːl]		将军〈n.m.〉
Generation	[ɡeːnəʁat͡sjoːn]		一代〈n.f.〉
Generationen	[ɡeːnəʁat͡sjoːnən]		代；时代；世代（复数）〈n.〉
Generator	[ɡeːnəʁatoːɐ]		产生器；发电机；生产者；发生器〈n.m.〉
Genesung	[ɡeːnəzʊnk]		恢复；复原；痊愈〈n.f.〉
Genf	[ɡɛnf]		日内瓦；杜松子酒〈n.〉
Genick	[ɡeːnɪk]		后颈〈n.〉
Genie	[ɡeːniː]		天才〈n.〉
Genosse	[ɡeːnɔsə]		同志〈n.m.〉
Genugtuung	[ɡeːnʊɡtʊʊnk]		满足；满意；快事〈n.f.〉
Genuss	[ɡeːnʊs]		沉溺；放纵；嗜好；宽容〈n.m.〉
Genügt	[ɡeːnʏɡt]		意志；决心；意愿〈n.〉
Georgina	[ɡɛɔʁɡɪna]		乔治娜〈n.m.〉
Gepäck	[ɡeːpɛk]		行李〈n.〉
Gerechtigkeit	[ɡeːʁəçtɪɡkaɪt]		正义〈n.f.〉
Gerede	[ɡeːʁədə]		谈话；交谈；会谈〈n.〉
Gericht	[ɡeːʁɪçt]		法院；菜肴〈n.〉
Gerichtsbeschluss	[ɡeːʁɪçtsbəʃlʊs]		法院；庭院〈n.m.〉
Gerichtshof	[ɡeːʁɪçtshoːf]		法院；庭院〈n.m.〉
Gerichtsmedizin	[ɡeːʁɪçtsmədɪt͡siːn]		法律的；法定的；合法的；法定权利〈n.f.〉
Gerichtsmediziner	[ɡeːʁɪçtsmədɪt͡sɪnɐ]		法医〈n.m.〉
Gerichtssaal	[ɡeːʁɪçtsaːl]		法院；庭院〈n.m.〉
Geruch	[ɡeːʁuːx]		气味〈n.m.〉
Gerät	[ɡeːʁɛːt]		设备〈n.〉
Geräusch	[ɡeːʁɔʏʃ]		噪音；声响〈n.〉
Gerücht	[ɡeːʁʏçt]		谣言〈n.〉
Gesang	[ɡeːzank]		歌唱；歌声；振鸣；蜂鸣〈n.m.〉
Geschenk	[ɡɛʃənk]		礼物〈n.〉
Geschichte	[ɡɛʃɪçtə]		历史；故事〈n.f.〉
Geschick	[ɡɛʃɪk]		技术；技巧；技能〈n.〉
Geschirr	[ɡɛʃɪʁ]		马具；挽具状带子〈n.〉
Geschlecht	[ɡɛʃləçt]		房子；住宅；机构〈n.〉
Geschlechtsverkehr	[ɡɛʃləçtsfəʁkeːɐ]		性交；性关系〈n.m.〉
Geschmack	[ɡɛʃmak]		味道；品味〈n.m.〉
Geschrei	[ɡɛʃʁaɪ]		喊叫声〈n.〉
Geschwindigkeit	[ɡɛʃvɪndɪɡkaɪt]		速度〈n.f.〉
Geschworene	[ɡɛʃvɔʁənə]		陪审员；审查委员；陪审官〈n.〉
Geschwätz	[ɡɛʃvɛt͡s]		胡言乱语〈n.〉
Geschäft	[ɡɛʃɛft]		生意；商店〈n.〉
Geschäftsführer	[ɡɛʃɛftsfyːʁɐ]		总经理；常务董事〈n.m.〉
Geschäftsmann	[ɡɛʃɛftsman]		商人；实业家；工商业家〈n.m.〉
Geschäftspartner	[ɡɛʃɛftspaʁtnɐ]		生意；事情；业务〈n.m.〉
Geschäftsreise	[ɡɛʃɛftsʁaɪzə]		生意；事情；业务〈n.f.〉
Geschöpf	[ɡɛʃœpf]		人；动物；创造物〈n.〉
Gesellschaft	[ɡeːzəlʃaft]		社会〈n.f.〉
Gesetz	[ɡeːzət͡s]		法律〈n.〉
Gesicht	[ɡeːzɪçt]		脸〈n.〉
Gesichtsausdruck	[ɡeːzɪçtzaʊsdʁʊk]		面部表情；神色〈n.m.〉
Gespräch	[ɡɛspʁɛːç]		谈话〈n.〉
Gespür	[ɡɛspyːɐ]		本能〈n.〉
Gestalt	[ɡɛstalt]		形状〈n.f.〉
Gestank	[ɡɛstank]		臭味〈n.m.〉
Gestapo	[ɡɛstapɔ]		<德>盖世太保；纳粹秘密警察〈n.f.〉
Geständnis	[ɡɛstɛndnɪs]		供词〈n.〉
Gesundheit	[ɡeːzʊndhaɪt]		健康〈n.f.〉
Getreide	[ɡɛtʁaɪdə]		谷粒；颗粒；谷类〈n.〉
Getränk	[ɡɛtʁɛnk]		饮料；酒；喝；喝酒〈n.〉
Getränke	[ɡɛtʁɛnkə]		卖；背叛；销售〈n.〉
Getue	[ɡeːtʊə]		假装；做作；矫情；矫饰〈n.〉
Gewahrsam	[ɡɛvaːʁzaːm]		阻止；监禁；拘留；隔离〈n.m.〉
Gewalt	[ɡɛvalt]		暴力；权力〈n.f.〉
Gewand	[ɡɛvant]		服装；衣着〈n.〉
Gewebe	[ɡɛvəbə]		织物；布；结构〈n.〉
Gewehr	[ɡɛveːɐ]		步枪〈n.〉
Gewerkschaft	[ɡɛvəʁkʃaft]		贸易；商业；交易〈n.f.〉
Gewicht	[ɡɛvɪçt]		体重〈n.〉
Gewinn	[ɡɛvɪn]		收益〈n.m.〉
Gewinner	[ɡɛvɪnɐ]		赢家〈n.m.〉
Gewissen	[ɡɛvɪsən]		良心〈n.〉
Gewissheit	[ɡɛvɪshaɪt]		确实性；确信〈n.f.〉
Gewitter	[ɡɛvɪtɐ]		雷暴雨〈n.〉
Gewohnheit	[ɡɛvoːnhaɪt]		习惯；风俗；海关〈n.f.〉
Gewächshaus	[ɡɛvɛkshaʊs]		温室〈n.〉
Gewässer	[ɡɛvɛsɐ]		贮水池；水域〈n.〉
Gewöhnliches	[ɡɛvøːnlɪçəs]		寻常事；平常事〈n.〉
Geysir	[ɡɛʏziːɐ]		喷泉；间歇泉〈n.m.〉
Gier	[ɡiːɐ]		的变形〈n.f.〉
Gift	[ɡɪft]		毒药〈n.〉
Gipfel	[ɡɪpfəl]		顶点；最高阶层〈n.m.〉
Gips	[ɡɪps]		石膏；灰泥；安慰用品〈n.m.〉
Giraffe	[ɡiːʁafə]		长颈鹿；鹿豹座〈n.f.〉
Gitarre	[ɡiːtaʁə]		吉他〈n.f.〉
Gitter	[ɡɪtɐ]		栅栏〈n.〉
Glanz	[ɡlant͡s]		光泽；光彩；光芒〈n.m.〉
Glas	[ɡlas]		玻璃；玻璃杯〈n.〉
Glatze	[ɡlat͡sə]		秃顶；光头〈n.f.〉
Glaubwürdigkeit	[ɡlaʊbvʏʁdɪɡkaɪt]		可信用；确实性；可靠；证据能力〈n.f.〉
Gleichgewicht	[ɡlaɪçɡəvɪçt]		平衡〈n.〉
Gleichung	[ɡlaɪçʊnk]		相等；等式；平衡；方程式〈n.f.〉
Gleis	[ɡlaɪs]		轨迹；足迹；径迹〈n.〉
Gleiten	[ɡlaɪtən]		滑；滑道；山崩〈n.〉
Glied	[ɡliːt]		环；连结物；链接〈n.〉
Glocke	[ɡlɔkə]		钟〈n.f.〉
Glänzen	[ɡlɛnt͡sən]		闪烁；发光；光彩夺目〈n.m.〉
Gläschen	[ɡlɛʃən]		一点点；少许；一会儿〈n.〉
Gläubiger	[ɡlɔʏbɪɡɐ]		债权人；债主；贷方〈n.m.〉
Glöckchen	[ɡlœkçən]		补锅匠〈n.〉
Glück	[ɡlʏk]		幸运；幸福〈n.〉
Glückspilz	[ɡlʏkspɪlt͡s]		幸运儿；幸运的人〈n.m.〉
Glücksspiel	[ɡlʏkspiːl]		靠碰运气取胜的游戏〈n.〉
Glückssträhne	[ɡlʏkstʁɛːnə]		跑；赛跑；奔跑〈n.f.〉
Glückstag	[ɡlʏkstaːk]		吉日；幸运日〈n.m.〉
Glückwunsch	[ɡlʏkvʊnʃ]		祝贺〈n.m.〉
Glühbirne	[ɡlyːbɪʁnə]		灯泡〈n.f.〉
Gnade	[ɡnaːdə]		仁慈〈n.f.〉
Godzilla	[ɡɔdt͡sɪla]		哥斯拉〈n.〉
Gold	[ɡɔlt]		金子〈n.〉
Golden	[ɡɔldən]		金毛猎犬〈n.〉
Golf	[ɡɔlf]		高尔夫〈n.m.〉
Golfplatz	[ɡɔlfplat͡s]		高尔夫球场〈n.m.〉
Gong	[ɡɔnk]		铜锣〈n.m.〉
Gorilla	[ɡoːʁɪla]		大猩猩；残暴的男人；歹徒〈n.m.〉
Gosse	[ɡɔsə]		排水沟；槽〈n.f.〉
Gott	[ɡɔt]		上帝〈n.m.〉
Gouverneur	[ɡɔʊfəʁnɔʏɐ]		州长〈n.m.〉
Gouverneurs	[ɡɔʊfəʁnɔʏʁs]		州长；省长（属格/复数）〈n.〉
Grab	[ɡʁaːp]		坟墓〈n.〉
Grabstein	[ɡʁabstaɪn]		墓石；墓碑〈n.m.〉
Graf	[ɡʁaːf]		伯爵〈n.m.〉
Gral	[ɡʁaːl]		圣杯〈n.m.〉
Gramm	[ɡʁam]		克；绿豆；鹰嘴豆〈n.〉
Gras	[ɡʁas]		草〈n.〉
Graue	[ɡʁaʊə]		灰色事物；灰暗〈n.〉
Grauen	[ɡʁaʊən]		恐怖〈n.〉
Grausamkeit	[ɡʁaʊzamkaɪt]		野蛮；未开化〈n.f.〉
Great	[ɡʁɛaːt]		大堡礁〈n.〉
Grenze	[ɡʁɛnt͡sə]		边界〈n.f.〉
Griechenland	[ɡʁiːçənlant]		希腊〈n.〉
Grillen	[ɡʁɪlən]		烤肉；烧烤〈n.〉
Grimm	[ɡʁɪm]		愤怒；狂暴；狂怒的人；狂乱〈n.m.〉
Gringo	[ɡʁɪnɡɔ]		外国佬〈n.m.〉
Grinsen	[ɡʁɪnzən]		咧嘴笑〈n.〉
Grips	[ɡʁɪps]		理解；机智〈n.m.〉
Groll	[ɡʁɔl]		生气；不高兴〈n.m.〉
Großbritannien	[ɡʁɔsbʁɪtaniːn]		大不列颠〈n.〉
Großeltern	[ɡʁoːsəltɐn]		外祖父母〈n.〉
Großmaul	[ɡʁɔsmaʊl]		咭咭呱呱说个不停的人；多嘴的人〈n.〉
Großmutter	[ɡʁɔsmʊtɐ]		祖母〈n.f.〉
Großstadt	[ɡʁɔsstadt]		大城市；大都会〈n.f.〉
Großvater	[ɡʁɔsfatɐ]		祖父〈n.m.〉
Großzügigkeit	[ɡʁɔst͡sʏɡɪɡkaɪt]		慷慨；宽宏大量；心胸宽大〈n.f.〉
Grube	[ɡʁuːbə]		深坑；矿井；果核〈n.f.〉
Grund	[ɡʁʊnt]		原因；理由〈n.m.〉
Grundlage	[ɡʁʊndlaɡə]		基础；主要成分；基底〈n.f.〉
Grundlagen	[ɡʁʊndlaɡən]		基本原理；要素〈n.〉
Grundschule	[ɡʁʊndʃʊlə]		小学；初等学校〈n.f.〉
Grundstück	[ɡʁʊndstʏk]		地产〈n.〉
Grunzen	[ɡʁʊnt͡sən]		咕哝〈n.〉
Gruppe	[ɡʁʊpə]		小组〈n.f.〉
Gruß	[ɡʁuːs]		祝贺；问候〈n.m.〉
Gräber	[ɡʁɛːbɐ]		挖掘者〈n.m.〉
Gräfin	[ɡʁɛːfiːn]		伯爵夫人〈n.f.〉
Größe	[ɡʁøːsə]		大小〈n.f.〉
Grübeln	[ɡʁyːbəln]		反刍；沉思；默想〈n.〉
Gründer	[ɡʁʏndɐ]		漂浮者；漂浮物〈n.m.〉
Grüne	[ɡʁyːnə]		草；草原；牧场〈n.〉
Grünen	[ɡʁyːnən]		绿党〈n.〉
Grüner	[ɡʁyːnɐ]		绿党成员；绿色的人〈n.〉
Grünes	[ɡʁyːnəs]		绿色之物；绿植；蔬菜〈n.〉
Grüße	[ɡʁyːsə]		问候；致意〈n.〉
Gummi	[ɡʊmɪ]		橡皮；橡胶；做摩擦动作的人〈n.m.〉
Gurke	[ɡʊʁkə]		黄瓜；胡瓜〈n.f.〉
Gurt	[ɡʊʁt]		干围；周长；肚带；围绕〈n.m.〉
Gustav	[ɡʊstaːf]		一种轻型旅行袋；格拉德斯通；格莱斯顿〈n.〉
Gutschein	[ɡʊt͡ʃaɪn]		证人；保证人；证明者〈n.m.〉
Gänsehaut	[ɡɛnzeːaʊt]		小疙瘩〈n.f.〉
Gärtner	[ɡɛʁtnɐ]		园丁；花匠；园艺家〈n.m.〉
Gästezimmer	[ɡɛstət͡sɪmɐ]		来客住房〈n.〉
Göttin	[ɡœtiːn]		女神〈n.f.〉
Gürtel	[ɡʏʁtəl]		腰带〈n.m.〉
Güte	[ɡyːtə]		善良〈n.f.〉
Haar	[haːɐ]		头发〈n.〉
Haarfarbe	[haːʁfaʁbə]		头发；毛发；些微；毛〈n.f.〉
Haarschnitt	[haːʁʃnɪt]		理发；发式〈n.m.〉
Hackbraten	[hakbʁatən]		肉糜糕；肉馅糕〈n.m.〉
Hacke	[hakə]		鹤嘴锄〈n.f.〉
Hackfleisch	[hakflaɪʃ]		切碎；剁碎；绞碎〈n.〉
Hafen	[haːfən]		港口〈n.m.〉
Haftbefehl	[haftbəfeːl]		逮捕令〈n.m.〉
Hagen	[haːɡən]		哈根〈n.〉
Hahn	[haːn]		公鸡；水龙头〈n.m.〉
Haiti	[haɪtɪ]		海地〈n.〉
Haken	[haːkən]		钩子〈n.m.〉
Halbzeit	[halbt͡saɪt]		半工半薪；半日薪〈n.f.〉
Halleluja	[haləlʊja]		赞美上帝的颂歌〈n.〉
Halluzination	[halʊt͡sɪnat͡sjoːn]		幻觉；幻想〈n.f.〉
Hals	[hals]		脖子〈n.m.〉
Halsband	[halsbant]		衣领；颈圈；控制；扭住衣领〈n.〉
Haltestelle	[haltəstələ]		停止点；爆炸点〈n.f.〉
Haltung	[haltʊnk]		姿态；态度〈n.f.〉
Halunke	[haːlʊnkə]		懦夫〈n.m.〉
Hamburg	[hambʊʁk]		汉堡〈n.〉
Hamburger	[hambʊʁɡɐ]		汉堡包〈n.m.〉
Hammer	[hamɐ]		锤子〈n.m.〉
Hamster	[hamstɐ]		<动>仓鼠〈n.〉
Hand	[hant]		手〈n.f.〉
Handbuch	[handbuːx]		手册〈n.〉
Handel	[handəl]		贸易〈n.m.〉
Handgelenk	[handɡələnk]		桡腕关节〈n.〉
Handlanger	[handlanɡɐ]		帮凶；爪牙；打杂工〈n.m.〉
Handlung	[handlʊnk]		行动；活动；动作〈n.f.〉
Handlungen	[handlʊnɡən]		举动；行为〈n.〉
Handschellen	[handʃələn]		手铐〈n.〉
Handschuh	[handʃuː]		手套〈n.m.〉
Handschuhfach	[handʃuːfaːx]		汽车仪表板上的贮物箱〈n.〉
Handtasche	[handtaʃə]		手提包〈n.f.〉
Handtuch	[handtuːx]		毛巾〈n.〉
Handwerk	[handvəʁk]		手工〈n.〉
Handwerker	[handvəʁkɐ]		工匠；技工；手艺人〈n.m.〉
Handy	[handʏ]		手机〈n.〉
Handynummer	[handʏnʊmɐ]		手机号码〈n.f.〉
Hang	[hank]		责任；债务；倾向〈n.m.〉
Harmonie	[haʁmɔniː]		协调；和睦；调和；和声学〈n.f.〉
Hase	[haːzə]		兔子〈n.m.〉
Hasen	[haːzən]		兔子（Hase 的变格）〈n.〉
Hass	[has]		憎恨〈n.m.〉
Haube	[haʊbə]		软帽；阀盖；阀帽〈n.f.〉
Hauch	[haʊx]		呼吸；气息；瞬间；呼气〈n.m.〉
Haue	[haʊə]		扁斧〈n.f.〉
Haufen	[haʊfən]		堆〈n.m.〉
Haupt	[haʊpt]		飞行员；领航员；航船者〈n.〉
Hauptmann	[haʊptman]		上尉〈n.m.〉
Hauptquartier	[haʊptkvaʁtiːɐ]		总部〈n.〉
Hauptrolle	[haʊptʁɔlə]		领袖；酋长；长官〈n.f.〉
Hauptsache	[haʊptzaxə]		主要的事〈n.f.〉
Hauptstadt	[haʊptstadt]		首都〈n.f.〉
Hauptstraße	[haʊptstʁasə]		主干道；高街〈n.f.〉
Haus	[haʊs]		房子〈n.〉
Hausarbeit	[haʊzaʁbaɪt]		家事；家务〈n.f.〉
Hausaufgabe	[haʊzaʊfɡabə]		作业〈n.f.〉
Hausfrau	[haʊsfʁaʊ]		主妇；家庭妇女〈n.f.〉
Haushalt	[haʊshalt]		一家人；家庭；家族〈n.m.〉
Haushälterin	[haʊshɛltəʁiːn]		主妇；女管家〈n.f.〉
Hausmeister	[haʊsmaɪstɐ]		管理员〈n.m.〉
Haustier	[haʊstiːɐ]		宠物；受宠爱的人；宠坏的孩子〈n.〉
Haut	[haʊt]		皮肤〈n.f.〉
Hautfarbe	[haʊtfaʁbə]		颜色；面色；颜料〈n.f.〉
Havanna	[haːfana]		哈瓦那；哈瓦那雪茄烟〈n.〉
Hebamme	[heːbamə]		助产士；接生婆〈n.f.〉
Hebel	[heːbəl]		杠杆〈n.m.〉
Hebräisch	[hɛbʁɛɪʃ]		希伯来人；希伯来语〈n.〉
Heck	[hɛk]		车尾；船尾〈n.〉
Heer	[heːɐ]		主人；旅馆老板〈n.〉
Hegen	[heːɡən]		养育；营养物；培育〈n.〉
Heiligabend	[haɪlɪɡabənt]		圣诞节前夕〈n.m.〉
Heilmittel	[haɪlmɪtəl]		药物〈n.〉
Heilung	[haɪlʊnk]		治愈的；恢复健康的；修复；恢复〈n.f.〉
Heimat	[haɪmaːt]		家乡〈n.f.〉
Heimweg	[haɪmvək]		路；路线；路途〈n.m.〉
Heimweh	[haɪmveː]		乡愁〈n.〉
Heirat	[haɪʁaːt]		结婚〈n.f.〉
Heizung	[haɪt͡sʊnk]		加热；供热；暖气设备〈n.f.〉
Hektar	[hɛktaːɐ]		公顷〈n.m.〉
Held	[hɛlt]		英雄〈n.m.〉
Heldin	[hɛldiːn]		巾帼英雄；烈妇；女主角；海洛因〈n.f.〉
Helfer	[hɛlfɐ]		帮忙者；有益的东西；助手〈n.m.〉
Helikopter	[heːlɪkɔptɐ]		直升机〈n.m.〉
Hellseher	[hɛlzeːɐ]		神视的；千里眼〈n.m.〉
Helm	[hɛlm]		头盔〈n.m.〉
Hemd	[hɛmt]		衬衫〈n.〉
Hemmungen	[hɛmʊnɡən]		顾虑；心理障碍〈n.〉
Henker	[hɛnkɐ]		刽子手〈n.m.〉
Herausforderung	[heːʁaʊsfɔʁdəʁʊnk]		挑战〈n.f.〉
Herausgeber	[heːʁaʊsɡəbɐ]		选集的编者〈n.m.〉
Herausholen	[heːʁaʊshɔlən]		取回；恢复；检索〈n.〉
Herbst	[hɛʁbst]		秋天〈n.m.〉
Herde	[hɛʁdə]		兽群；鸟群；一群人〈n.f.〉
Herkules	[hɛʁkʊləs]		赫拉克勒斯；大力士；武仙座〈n.m.〉
Herkunft	[hɛʁkʊnft]		出身〈n.f.〉
Heroin	[heːʁɔiːn]		海洛因〈n.〉
Herpes	[hɛʁpəs]		疱疹〈n.m.〉
Herr	[hɛʁ]		先生〈n.m.〉
Herrin	[hɛʁiːn]		女主人〈n.f.〉
Herrlichkeit	[hɛʁlɪçkaɪt]		欣然；快乐〈n.f.〉
Herrschaft	[hɛʁʃaft]		控制；管理；克制〈n.f.〉
Herrscher	[hɛʁʃɐ]		统治者〈n.m.〉
Hersteller	[hɛʁstəlɐ]		生产者；制作者；制作人；发生器〈n.m.〉
Herstellung	[hɛʁstəlʊnk]		制造；建造〈n.f.〉
Herz	[hɛʁt͡s]		心〈n.〉
Herzanfall	[hɛʁt͡sanfal]		心脏病发作〈n.m.〉
Herzfrequenz	[hɛʁt͡sfʁəkvənt͡s]		心；心脏；中心〈n.f.〉
Herzinfarkt	[hɛʁt͡sɪnfaʁkt]		心脏病发作〈n.m.〉
Herzog	[hɛʁt͡soːk]		公爵〈n.m.〉
Herzogin	[hɛʁt͡sɔɡiːn]		公爵夫人〈n.f.〉
Herzschlag	[hɛʁt͡sʃlaːk]		心跳〈n.m.〉
Heu	[hɔʏ]		干草〈n.〉
Heuchler	[hɔʏxlɐ]		伪君子；伪善者〈n.m.〉
Heuhaufen	[hɔʏaʊfən]		干草堆〈n.〉
Heul	[hɔʏl]		不要；禁忌〈n.〉
Hexe	[hɛksə]		女巫〈n.f.〉
Hexerei	[hɛksəʁaɪ]		巫术；魔法；魔力〈n.f.〉
Hilfe	[hɪlfə]		帮助〈n.f.〉
Hilfssheriff	[hɪlfshəʁɪf]		副手；代理人〈n.m.〉
Himmel	[hɪməl]		天空〈n.m.〉
Hindernis	[hɪndəʁnɪs]		障碍；妨碍；闭塞物；梗阻〈n.〉
Hingabe	[hɪnɡabə]		奉献；献身；献辞；专用〈n.f.〉
Hinrichtung	[hɪnʁɪçtʊnk]		处决〈n.f.〉
Hintereingang	[hɪntəʁaɪnɡank]		后门〈n.m.〉
Hintergrund	[hɪntəʁɡʁʊnt]		背景〈n.m.〉
Hinterhalt	[hɪntəʁhalt]		埋伏；伏兵；伏击〈n.m.〉
Hinterhof	[hɪntəʁhoːf]		后院；后庭〈n.m.〉
Hinterkopf	[hɪntəʁkɔpf]		枕部〈n.m.〉
Hintern	[hɪntɐn]		屁股〈n.m.〉
Hintertür	[hɪntəʁtyːɐ]		后门〈n.f.〉
Hinterwäldler	[hɪntəʁvɛldlɐ]		未开垦地〈n.m.〉
Hinterzimmer	[hɪntəʁt͡sɪmɐ]		里屋；密室〈n.〉
Hinweis	[hɪnvaɪs]		提示〈n.m.〉
Hippie	[hɪpiː]		嬉皮士〈n.m.〉
Hirn	[hɪʁn]		脑子〈n.〉
Hirsch	[hɪʁʃ]		鹿〈n.m.〉
Hitze	[hɪt͡sə]		酷热〈n.f.〉
Hobby	[hɔbʏ]		爱好〈n.〉
Hochstapler	[hɔkstaplɐ]		冒名顶替者；骗子；冒牌〈n.m.〉
Hochverrat	[hɔxfəʁaːt]		叛国罪；大逆不道罪〈n.m.〉
Hochwürden	[hɔxvʏʁdən]		教长〈n.m.〉
Hochzeit	[hɔxt͡saɪt]		婚礼〈n.f.〉
Hochzeitsgeschenk	[hɔxt͡saɪtsɡəʃənk]		婚礼；结婚；结婚周年纪念日〈n.〉
Hochzeitskleid	[hɔxt͡saɪtsklaɪt]		结婚礼服〈n.〉
Hochzeitsreise	[hɔxt͡saɪtsʁaɪzə]		蜜月〈n.f.〉
Hochzeitstag	[hɔxt͡saɪtstaːk]		结婚纪念日〈n.m.〉
Hochziehen	[hɔxt͡siːən]		升高；起重机；推动；升起〈n.〉
Hocker	[hɔkɐ]		凳子；大便；粪便〈n.m.〉
Hockey	[hɔkɛʏ]		曲棍球〈n.〉
Hoden	[hoːdən]		睾丸〈n.m.〉
Hof	[hoːf]		庭院〈n.m.〉
Hoffnung	[hɔfnʊnk]		希望〈n.f.〉
Hoffnungen	[hɔfnʊnɡən]		伪造；歪曲；说谎〈n.〉
Holland	[hɔlant]		荷兰〈n.〉
Holländer	[hɔlɛndɐ]		荷兰人；荷兰船；打浆机；荷兰式打纸浆机〈n.m.〉
Hologramm	[hoːlɔɡʁam]		全息图〈n.〉
Holz	[hɔlt͡s]		木头〈n.〉
Homeland	[hoːməlant]		黑色〈n.〉
Honig	[hoːnɪç]		蜂蜜〈n.m.〉
Honorar	[hoːnɔʁaːɐ]		费用；小费；封地〈n.〉
Hopp	[hɔp]		去；走；达到〈n.〉
Hoppla	[hɔpla]		哦〈n.〉
Horizont	[hoːʁɪt͡sɔnt]		地平线；眼界；视地平〈n.m.〉
Horn	[hɔʁn]		号角〈n.〉
Horror	[hɔʁoːɐ]		惊骇；恐怖；惨状〈n.〉
Hose	[hoːzə]		裤子〈n.f.〉
Hosentasche	[hoːzəntaʃə]		裤兜；裤袋〈n.f.〉
Hotdog	[hɔtdoːk]		玉米狗〈n.〉
Hotel	[hoːtəl]		旅馆〈n.〉
Hotelzimmer	[hoːtəlt͡sɪmɐ]		酒店房间；旅馆房间〈n.〉
Hubschrauber	[hʊbʃʁaʊbɐ]		直升机〈n.m.〉
Huhn	[huːn]		母鸡〈n.〉
Hummer	[hʊmɐ]		龙虾〈n.m.〉
Humor	[huːmoːɐ]		幽默〈n.m.〉
Hund	[hʊnt]		狗〈n.m.〉
Hundegebell	[hʊndəɡəbəl]		狗；坏蛋；跟踪；尾随〈n.〉
Hunderter	[hʊndəʁtɐ]		百位数；一百元纸币〈n.m.〉
Hunger	[hʊnɡɐ]		饥饿〈n.m.〉
Hungern	[hʊnɡɐn]		饥饿；饿死；绝食；饥锇〈n.〉
Hupe	[huːpə]		角；角质；喇叭〈n.f.〉
Hurley	[hʊʁlɛʏ]		赫尔利〈n.〉
Hut	[huːt]		帽子〈n.m.〉
Hypnose	[hʏpnoːzə]		催眠状态；催眠术；催眠〈n.f.〉
Hypothek	[hʏpɔtək]		抵押；约束性义务〈n.f.〉
Hypothese	[hʏpɔtəzə]		假设〈n.f.〉
Hähnchen	[hɛːnçən]		小公鸡〈n.〉
Hälfte	[hɛlftə]		一半〈n.f.〉
Händchen	[hɛndçən]		手搀手〈n.〉
Händler	[hɛndlɐ]		商人；商船；交易者〈n.m.〉
Häuptling	[hɔʏptlɪnk]		首领〈n.m.〉
Häuschen	[hɔʏʃən]		小屋；门房；支部〈n.〉
Höflichkeit	[hœflɪçkaɪt]		有礼；优雅〈n.f.〉
Höhe	[høːə]		高度〈n.f.〉
Höhen	[høːən]		高度；高空；高峰（复数）〈n.〉
Höhepunkt	[høːəpʊnkt]		高潮；极点〈n.m.〉
Höhle	[høːlə]		洞穴〈n.f.〉
Hörer	[høːʁɐ]		听者；听众〈n.m.〉
Hügel	[hyːɡəl]		小山〈n.m.〉
Hühnchen	[hyːnçən]		鸡（菜肴）〈n.〉
Hülle	[hʏlə]		信封；封套；封袋；膜〈n.f.〉
Hündchen	[hʏndçən]		小狗；幼畜〈n.〉
Hündin	[hʏndiːn]		母狗；母狼；母狐〈n.f.〉
Hütte	[hʏtə]		小屋〈n.f.〉
Ideal	[iːdɛaːl]		理想；典范；观念〈n.〉
Idee	[iːdeː]		主意〈n.f.〉
Identifizierung	[iːdəntɪfɪt͡siːʁʊnk]		识别；身份证明；认同；鉴定〈n.f.〉
Identität	[iːdəntɪtɛːt]		身份〈n.f.〉
Identitäten	[iːdəntɪtɛtən]		恒等性〈n.〉
Idiot	[iːdɪoːt]		傻瓜〈n.m.〉
Idol	[iːdoːl]		偶像；崇拜物；宠儿〈n.〉
Illinois	[ɪlɪnɔɪs]		伊利诺州〈n.〉
Illusion	[ɪlʊzɪoːn]		幻觉〈n.f.〉
Image	[iːmaɡə]		在公众心目中的形象〈n.〉
Imbiss	[ɪmbɪs]		小吃；点心〈n.m.〉
Immunität	[ɪmʊnɪtɛːt]		免疫；免疫性；免除〈n.f.〉
Immunsystem	[ɪmʊnzʏstəm]		免疫系统〈n.〉
Imperator	[ɪmpəʁatoːɐ]		皇帝；君主〈n.m.〉
Impfstoff	[ɪmpfstɔf]		疫苗〈n.m.〉
Impuls	[ɪmpʊls]		冲动；驱使；刺激〈n.m.〉
Inder	[ɪndɐ]		印度河；印第安座〈n.m.〉
Indiana	[ɪndɪana]		亚利桑那州〈n.〉
Indianer	[ɪndɪanɐ]		印第安人〈n.m.〉
Indien	[ɪndiːn]		印度〈n.〉
Indische	[ɪndɪʃə]		串；丛；群〈n.〉
Industrie	[ɪndʊstʁiː]		勤劳；工业；企业〈n.f.〉
Infanterie	[ɪnfantəʁiː]		步兵；步兵团〈n.f.〉
Infektion	[ɪnfəkt͡sjoːn]		感染〈n.f.〉
Informant	[ɪnfɔʁmant]		提供消息者；密告者；被调查者；填报人〈n.m.〉
Information	[ɪnfɔʁmat͡sjoːn]		信息〈n.f.〉
Ingenieur	[ɪnɡəni̯euːɐ]		工程师〈n.m.〉
Inhalt	[ɪnhalt]		内容〈n.m.〉
Initiative	[iːnɪtɪatɪfə]		主动行动；首创精神〈n.f.〉
Injektion	[ɪnjəkt͡sjoːn]		注射；注射剂；注入〈n.f.〉
Inn	[ɪn]		旅馆〈n.m.〉
Innenstadt	[ɪnənstadt]		市中心；城市商业中心区〈n.f.〉
Inquisition	[ɪnkvɪzɪt͡sjoːn]		调查；探究；审理〈n.f.〉
Insekt	[ɪnzəkt]		昆虫；卑鄙的人〈n.〉
Insel	[ɪnzəl]		岛〈n.f.〉
Inspektor	[ɪnspəktoːɐ]		检察官〈n.m.〉
Inspiration	[ɪnspɪʁat͡sjoːn]		灵感；鼓舞人心的人或物；妙计〈n.f.〉
Installieren	[ɪnstaliːʁən]		安装；插入；任命〈n.〉
Instinkt	[ɪnstɪnkt]		本能〈n.m.〉
Institut	[ɪnstɪtuːt]		学会；学院；协会；创立〈n.〉
Institution	[ɪnstɪtʊt͡sjoːn]		实体；实存物；存在〈n.f.〉
Instrument	[ɪnstʁʊmənt]		工具；手段；仪器〈n.〉
Instrumentalmusik	[ɪnstʁʊməntalmʊziːk]		器乐〈n.f.〉
Intelligenz	[ɪntəlɪɡənt͡s]		智力〈n.f.〉
Interesse	[ɪntəʁəsə]		兴趣〈n.〉
Internat	[ɪntəʁnaːt]		寄宿学校〈n.〉
Internationale	[ɪntəʁnat͡sjoːnalə]		国际（组织）；国际歌〈n.〉
Internationaler	[ɪntəʁnat͡sjoːnalɐ]		国际的（变化形式）〈n.〉
Internet	[ɪntəʁnət]		互联网〈n.〉
Interpretation	[ɪntəʁpʁətat͡sjoːn]		解说；说明；解释〈n.f.〉
Interview	[ɪntəʁfiːv]		采访〈n.〉
Intuition	[ɪntʊɪt͡sjoːn]		直觉；第六感〈n.f.〉
Invasion	[ɪnfazɪoːn]		侵犯；侵入；侵害；侵袭〈n.f.〉
Iowa	[ɪɔva]		衣阿华州〈n.〉
Iran	[iːʁaːn]		伊朗〈n.m.〉
Ire	[iːʁə]		爱尔兰人〈n.m.〉
Irische	[iːʁɪʃə]		爱尔兰人〈n.〉
Irland	[ɪʁlant]		爱尔兰〈n.〉
Ironie	[iːʁɔniː]		反语；讽刺；具有讽刺意味的事〈n.f.〉
Irrenhaus	[ɪʁənhaʊs]		精神病院；极为吵闹的场所〈n.〉
Irrsinn	[ɪʁzɪn]		疯狂；愚蠢的行为；狂〈n.m.〉
Irrtum	[ɪʁtuːm]		错误〈n.m.〉
Islam	[ɪslaːm]		伊斯兰教〈n.m.〉
Isolation	[iːzɔlat͡sjoːn]		隔绝；孤立；隔离；分离〈n.f.〉
Istanbul	[ɪstanbuːl]		伊斯坦布尔〈n.〉
Italien	[iːtaliːn]		意大利〈n.〉
Italiener	[iːtaliːnɐ]		意大利人〈n.m.〉
Italienisch	[iːtaliːnɪʃ]		意大利语〈n.〉
Italienische	[iːtaliːnɪʃə]		意大利语；意大利风格〈n.〉
Jacke	[jakə]		夹克〈n.f.〉
Jackett	[jakət]		夹克；外套〈n.〉
Jade	[jaːdə]		玉；翡翠〈n.〉
Jagd	[jaɡt]		打猎〈n.f.〉
Jahr	[jaːɐ]		年〈n.〉
Jahrestag	[jaːʁəstaːk]		周年纪念〈n.m.〉
Jahreszeit	[jaːʁəst͡saɪt]		季节；时节；当令期〈n.f.〉
Jahrgang	[jaːʁɡank]		年；年度；年龄〈n.m.〉
Jahrhundert	[jaːʁhʊndəʁt]		世纪〈n.〉
Jahrmarkt	[jaːʁmaʁkt]		展览会；市集〈n.m.〉
Jamaika	[jaːmaɪka]		牙买加〈n.〉
Jammer	[jamɐ]		坏脾气〈n.m.〉
Jammern	[jamɐn]		叹息；悲叹；抱怨〈n.〉
Januar	[jaːnʊaːɐ]		一月〈n.m.〉
Japan	[jaːpaːn]		日本〈n.〉
Japaner	[jaːpanɐ]		日本人〈n.m.〉
Japanische	[jaːpanɪʃə]		日语；日本事物〈n.〉
Jasmine	[jasmɪnə]		茉莉；钩吻根〈n.〉
Jerusalem	[jeːʁʊzaləm]		耶路撒冷〈n.〉
Job	[joːp]		工作〈n.m.〉
Joghurt	[jɔɡhʊʁt]		酸乳酪；酸乳〈n.〉
Johannes	[joːanəs]		盥洗室；厕所；嫖客〈n.〉
Joint	[jɔɪnt]		大麻烟卷；接缝；接头〈n.m.〉
Jojo	[jɔjɔ]		溜溜球〈n.〉
Joker	[joːkɐ]		诙谐者；家伙；巧计；曲笔〈n.m.〉
Journal	[jɔʊʁnaːl]		每日的；日常地；日报〈n.〉
Journalismus	[jɔʊʁnalɪsmʊs]		新闻业；报章杂志；报刊〈n.m.〉
Jubel	[juːbəl]		欢呼〈n.m.〉
Jubiläum	[juːbɪlɔʏm]		五十周年纪念；庆祝；二十五周年纪念〈n.〉
Jucken	[jʊkən]		瘙痒\\发痒〈n.〉
Judas	[juːdas]		加略人犹大〈n.〉
Jude	[juːdə]		犹太人；守财奴〈n.m.〉
Jugend	[juːɡənt]		青年〈n.f.〉
Jugendliche	[juːɡəndlɪçə]		十三岁到十九岁的少年〈n.〉
Jugendlichen	[juːɡəndlɪçən]		稚气〈n.〉
Jugendlicher	[juːɡəndlɪçɐ]		青少年；少年〈n.m.〉
Juli	[juːlɪ]		七月〈n.m.〉
Junge	[jʊŋə]		男孩〈n.m.〉
Jungfer	[jʊnɡfɐ]		未婚女人；老处女〈n.f.〉
Jungfrau	[jʊnɡfʁaʊ]		处女〈n.f.〉
Jungfräulichkeit	[jʊnɡfʁɔʏlɪçkaɪt]		少女的特性；合乎少女身份的举动〈n.f.〉
Junggeselle	[jʊnɡəzələ]		单身汉；学士〈n.m.〉
Juni	[juːnɪ]		六月〈n.m.〉
Jupiter	[juːpɪtɐ]		朱庇物；木星〈n.m.〉
Jury	[juːʁʏ]		陪审团〈n.f.〉
Justizministerium	[jʊstɪt͡smɪnɪstəʁɪuːm]		部；内阁；服务〈n.〉
Juwel	[jʊvəl]		珠宝；贵重物〈n.〉
Juwelier	[jʊvəliːɐ]		宝石商；宝石匠；珠宝商〈n.m.〉
Jäger	[jɛːɡɐ]		猎人〈n.m.〉
Kabel	[kaːbəl]		电缆〈n.〉
Kabine	[kaːbɪnə]		小舱〈n.f.〉
Kabinett	[kaːbɪnət]		橱柜；内阁；内阁的；细木工做的；机柜〈n.〉
Kaff	[kaf]		倾销商品；转出〈n.〉
Kaffee	[kafeː]		咖啡〈n.m.〉
Kahn	[kaːn]		光；光亮；灯〈n.m.〉
Kairo	[kaɪʁɔ]		开罗〈n.〉
Kaiser	[kaɪzɐ]		皇帝〈n.m.〉
Kaiserin	[kaɪzəʁiːn]		皇后；女皇〈n.f.〉
Kakao	[kaːkaɔ]		可可粉；可可茶；可可色；可可〈n.m.〉
Kalb	[kalp]		小牛；小牛皮；腓肠〈n.〉
Kalender	[kaːləndɐ]		日历〈n.m.〉
Kaliber	[kaːlɪbɐ]		口径；才干；水准〈n.〉
Kamera	[kaːməʁa]		相机〈n.f.〉
Kamerad	[kaːməʁaːt]		同伴〈n.m.〉
Kameramann	[kaːməʁaman]		照相师；摄影师〈n.m.〉
Kamin	[kaːmiːn]		壁炉〈n.m.〉
Kammer	[kamɐ]		房间〈n.f.〉
Kampagne	[kampaɡnə]		运动〈n.f.〉
Kampf	[kampf]		战斗〈n.m.〉
Kanada	[kaːnada]		加拿大〈n.〉
Kanadier	[kaːnadiːɐ]		加拿大人〈n.m.〉
Kanal	[kaːnaːl]		频道；运河〈n.m.〉
Kanalisation	[kaːnalɪzat͡sjoːn]		排水设备；污水〈n.f.〉
Kandidat	[kandɪdaːt]		候选人；投考者；候选；候补者〈n.m.〉
Kaninchen	[kaːnɪnçən]		兔子〈n.〉
Kanister	[kaːnɪstɐ]		装罐；罐头；容器；能；可以；作废字符〈n.m.〉
Kanne	[kanə]		盆；罐；壶〈n.f.〉
Kanone	[kaːnɔnə]		大炮〈n.f.〉
Kantine	[kantɪnə]		全体人员；工作班子；棍棒〈n.f.〉
Kanu	[kaːnʊ]		独木舟〈n.〉
Kanzlei	[kant͡slaɪ]		律师事务所〈n.f.〉
Kanzler	[kant͡slɐ]		记录者；登记者；登记官员；登记员〈n.m.〉
Kapelle	[kaːpələ]		小教堂；礼拜式〈n.f.〉
Kapier	[kaːpiːɐ]		不；拒绝；否决票；没有〈n.〉
Kapital	[kaːpɪtaːl]		资本；资金；资产〈n.〉
Kapitalismus	[kaːpɪtalɪsmʊs]		资本主义〈n.m.〉
Kapitel	[kaːpɪtəl]		章节〈n.〉
Kapitulation	[kaːpɪtʊlat͡sjoːn]		投降；投降书；条约〈n.f.〉
Kapitän	[kaːpɪtɛːn]		船长〈n.m.〉
Kappe	[kapə]		帽子；盖子〈n.f.〉
Kappen	[kapən]		护盖；帽子 / 截短；切除〈n.〉
Kapsel	[kapzəl]		胶囊；蒴果；瓶帽〈n.f.〉
Kapuze	[kaːpʊt͡sə]		蒙头斗篷；通风帽；风扇罩〈n.f.〉
Kar	[kaːɐ]		圆形场地；圆环；环形排列〈n.〉
Kardinal	[kaʁdɪnaːl]		红衣主教〈n.m.〉
Karibik	[kaːʁɪbiːk]		加勒比海；加勒比地区〈n.f.〉
Karma	[kaʁma]		因果报应；命运〈n.〉
Karo	[kaːʁɔ]		检查；支票；阻止物〈n.〉
Karre	[kaʁə]		破车（口语）〈n.f.〉
Karren	[kaʁən]		手推车〈n.m.〉
Karriere	[kaʁiːʁə]		事业〈n.f.〉
Karte	[kaʁtə]		卡片；地图〈n.f.〉
Kartell	[kaʁtəl]		卡特尔；企业联合；俘虏交换条约〈n.〉
Kartenspiel	[kaʁtənspiːl]		玩扑克牌〈n.〉
Kartoffel	[kaʁtɔfəl]		土豆〈n.f.〉
Karton	[kaʁtoːn]		薄纸板；咭纸；特等纸板；卡纸板〈n.m.〉
Karussell	[kaːʁʊsəl]		旋转木马〈n.〉
Kaserne	[kaːzəʁnə]		兵营；营房；简陋的房子〈n.f.〉
Kasino	[kaːzɪnɔ]		赌场；军官俱乐部〈n.〉
Kasper	[kaspɐ]		打洞器；钻孔机；冲压机〈n.m.〉
Kasse	[kasə]		收银台〈n.f.〉
Kasten	[kastən]		箱子〈n.m.〉
Katalog	[kaːtaloːk]		目录〈n.m.〉
Katastrophe	[kaːtastʁɔfə]		灾难〈n.f.〉
Kategorie	[kaːtəɡɔʁiː]		种类；类项；分类〈n.f.〉
Kater	[kaːtɐ]		公猫；宿醉〈n.m.〉
Katharina	[kataʁɪna]		侧翻筋斗；轮转烟火〈n.〉
Katze	[kat͡sə]		猫〈n.f.〉
Kaufhaus	[kaʊfhaʊs]		百货商店〈n.〉
Kaufmann	[kaʊfman]		商人〈n.m.〉
Kaugummi	[kaʊɡʊmɪ]		口香糖〈n.〉
Kaution	[kaʊt͡sjoːn]		保释金〈n.f.〉
Kavallerie	[kaːfaləʁiː]		骑兵〈n.f.〉
Kaviar	[kaːfɪaːɐ]		鱼子酱〈n.m.〉
Kehle	[keːlə]		喉咙〈n.f.〉
Keks	[kɛks]		饼干〈n.m.〉
Kelch	[kɛlç]		花萼；盏；萼〈n.m.〉
Keller	[kɛlɐ]		地下室〈n.m.〉
Kellner	[kɛlnɐ]		服务员〈n.m.〉
Kellnerin	[kɛlnəʁiːn]		女服务员〈n.f.〉
Kenntnis	[kɛntnɪs]		知情〈n.f.〉
Kennzeichen	[kɛnt͡saɪçən]		车牌〈n.〉
Kentucky	[kɛntʊkʏ]		肯塔基州〈n.〉
Kerl	[kɛʁl]		家伙〈n.m.〉
Kern	[kɐn]		核心〈n.m.〉
Kerze	[kɛʁt͡sə]		蜡烛〈n.f.〉
Kessel	[kɛsəl]		茶壶；罐；釜体釜；锅〈n.m.〉
Ketchup	[kɛtçuːp]		蕃茄酱〈n.〉
Kette	[kɛtə]		链条〈n.f.〉
Ketzer	[kɛt͡sɐ]		异教徒；异端者〈n.m.〉
Kilo	[kiːlɔ]		千克〈n.〉
Kilometer	[kiːlɔmətɐ]		公里〈n.m.〉
Kind	[kɪnt]		孩子〈n.〉
Kindergarten	[kɪndəʁɡaʁtən]		幼儿园〈n.m.〉
Kindermädchen	[kɪndəʁmɛdçən]		保姆；母山羊〈n.〉
Kinderspiel	[kɪndəʁspiːl]		轻而易举的事〈n.〉
Kinderwagen	[kɪndəʁvaɡən]		婴儿车；平底船；手推车〈n.m.〉
Kindheit	[kɪndhaɪt]		童年〈n.f.〉
Kinn	[kɪn]		下巴；颏〈n.〉
Kino	[kiːnɔ]		电影院〈n.〉
Kippen	[kɪpən]		交换；变换；代替；整流〈n.〉
Kirche	[kɪʁçə]		教堂〈n.f.〉
Kissen	[kɪsən]		靠垫〈n.〉
Kiste	[kɪstə]		箱子〈n.f.〉
Kitt	[kɪt]		水泥〈n.m.〉
Kittel	[kɪtəl]		束腰外衣；膜；被膜〈n.m.〉
Klage	[klaːɡə]		起诉；抱怨〈n.f.〉
Klamotten	[klaːmɔtən]		衣服（口语）〈n.〉
Klappe	[klapə]		嘴（口语）；盖子〈n.f.〉
Klarheit	[klaʁhaɪt]		清楚；明晰；透明度；透明性〈n.f.〉
Klartext	[klaʁtəkst]		明码电文；明语；纯文本〈n.m.〉
Klasse	[klasə]		班级；很棒〈n.f.〉
Klassentreffen	[klasəntʁəfən]		班级；阶级；种类〈n.〉
Klassenzimmer	[klasənt͡sɪmɐ]		教室〈n.〉
Klassiker	[klasɪkɐ]		古典学者；古典主义者〈n.m.〉
Klatsch	[klat͡ʃ]		闲聊；随笔；流言〈n.m.〉
Klatschen	[klat͡ʃən]		拍手；拍手声；霹雳声〈n.〉
Klaue	[klaʊə]		蹄；脚；以蹄踢；行走〈n.f.〉
Klavier	[klaːfiːɐ]		钢琴〈n.〉
Klebeband	[kleːbəbant]		胶带〈n.〉
Kleid	[klaɪt]		连衣裙；衣服〈n.〉
Kleider	[klaɪdɐ]		衣服（复数）〈n.〉
Kleiderschrank	[klaɪdəʁʃʁank]		衣橱；衣室；全部衣服〈n.m.〉
Kleidung	[klaɪdʊnk]		衣服〈n.f.〉
Kleingeld	[klaɪnɡəlt]		零钱；无聊话；找头〈n.〉
Kleinigkeit	[klaɪnɪɡkaɪt]		小事〈n.f.〉
Kleinigkeiten	[klaɪnɪɡkaɪtən]		零星东西〈n.〉
Kleinstadt	[klaɪnstadt]		集镇；小镇〈n.f.〉
Klemme	[klɛmə]		困境〈n.f.〉
Klick	[klɪk]		咔哒声〈n.m.〉
Klicken	[klɪkən]		快速的轻打；轻打声；弹开；轻弹〈n.〉
Klient	[kliːnt]		委托人〈n.m.〉
Klima	[kliːma]		气候；社会趋势；气候区〈n.〉
Klinge	[klɪnɡə]		刀刃〈n.f.〉
Klingel	[klɪnɡəl]		套环；投环；按铃者〈n.f.〉
Klinik	[kliːniːk]		诊所〈n.f.〉
Klippe	[klɪpə]		悬崖；峭壁；暗礁〈n.f.〉
Klirren	[klɪʁən]		砰；报时的最后一声〈n.〉
Klischee	[klɪʃeː]		陈腔滥调〈n.〉
Klo	[klɔ]		厕所（口语）〈n.〉
Klon	[kloːn]		无性系；代用件〈n.m.〉
Kloster	[klɔstɐ]		修道院〈n.〉
Klotz	[klɔt͡s]		砖块；用砖砌〈n.m.〉
Klugscheißer	[klʊɡʃaɪsɐ]		自作聪明的人；万事通〈n.m.〉
Klumpen	[klʊmpən]		块；瘤；很多〈n.m.〉
Knacker	[knakɐ]		脆皮小香肠；老朽〈n.m.〉
Knall	[knal]		砰声〈n.m.〉
Knaller	[knalɐ]		少量；马嚼子〈n.m.〉
Knappe	[knapə]		乡绅；大地主〈n.m.〉
Knast	[knast]		监狱（口语）〈n.m.〉
Knecht	[knɛçt]		农场〈n.m.〉
Kneifen	[knaɪfən]		拧；扭；焦急〈n.〉
Kneipe	[knaɪpə]		非法经营的酒吧〈n.f.〉
Knie	[kniː]		膝盖〈n.〉
Knistern	[knɪstɐn]		劈啪响〈n.〉
Knoblauch	[knɔblaʊx]		大蒜〈n.m.〉
Knochen	[knɔxən]		骨头〈n.m.〉
Knopf	[knɔpf]		纽扣；按钮〈n.m.〉
Knoten	[knoːtən]		结〈n.m.〉
Knöchel	[knœçəl]		脚踝〈n.m.〉
Knüppel	[knʏpəl]		狭板；梯级；棍棒〈n.m.〉
Kobold	[koːbɔlt]		妖怪；可怕的人；标准〈n.m.〉
Koch	[koːx]		厨师〈n.m.〉
Kodex	[koːdəks]		手抄本；法典；药典；编译码器〈n.m.〉
Koffein	[kɔfaɪn]		咖啡因；咖啡碱〈n.〉
Koffer	[kɔfɐ]		箱子〈n.m.〉
Kofferraum	[kɔfəʁaʊm]		后备箱〈n.m.〉
Kohl	[koːl]		洋白菜；卷心菜〈n.m.〉
Kohle	[koːlə]		煤；钱（口语）〈n.f.〉
Kokain	[koːkaɪn]		可卡因〈n.〉
Kokosnuss	[koːkɔsnʊs]		椰子〈n.f.〉
Kollege	[kɔləɡə]		同事〈n.m.〉
Kollegin	[kɔləɡiːn]		女同事〈n.f.〉
Kollektion	[kɔləkt͡sjoːn]		收集；采集；收藏品〈n.f.〉
Kollektiv	[kɔləktiːf]		集体；集体组织〈n.〉
Kolonie	[koːlɔniː]		殖民地；移民队；菌落；菌丛〈n.f.〉
Kolonne	[koːlɔnə]		专栏；圆柱；纵队〈n.f.〉
Kolumbien	[koːlʊmbiːn]		哥伦比亚〈n.〉
Koma	[koːma]		昏迷；麻木；彗发；彗差〈n.〉
Kombination	[kɔmbɪnat͡sjoːn]		组合〈n.f.〉
Komet	[koːmət]		彗星〈n.m.〉
Komfort	[kɔmfɔʁt]		安慰；舒适；使人舒服的事物〈n.m.〉
Komiker	[koːmɪkɐ]		连环漫画；喜剧演员〈n.m.〉
Komitee	[koːmɪteː]		委员会〈n.〉
Komma	[kɔma]		逗点；逗号〈n.〉
Kommandant	[kɔmandant]		指挥官〈n.m.〉
Kommando	[kɔmandɔ]		指挥；口令〈n.〉
Kommandozentrale	[kɔmandɔt͡səntʁalə]		突击队；突击队员；布尔人部队〈n.f.〉
Kommentar	[kɔməntaːɐ]		评论〈n.m.〉
Kommissar	[kɔmɪsaːɐ]		警长〈n.m.〉
Kommission	[kɔmɪsɪoːn]		委任状；任官令；所委职责〈n.f.〉
Kommode	[kɔmɔdə]		五屉橱；衣柜〈n.f.〉
Kommunikation	[kɔmʊnɪkat͡sjoːn]		交流〈n.f.〉
Kommunismus	[kɔmʊnɪsmʊs]		共产主义〈n.m.〉
Kompanie	[kɔmpaniː]		公司；友伴；交往〈n.f.〉
Kompass	[kɔmpas]		指南针；范围；音域；包围〈n.m.〉
Komplex	[kɔmpləks]		综合体；情结〈n.m.〉
Kompliment	[kɔmplɪmənt]		称赞〈n.〉
Komplize	[kɔmplɪt͡sə]		共犯；同谋；协同菌〈n.m.〉
Komplott	[kɔmplɔt]		阴谋；捏造；不正〈n.〉
Kompromiss	[kɔmpʁɔmɪs]		妥协；折中；折中方案〈n.m.〉
Komödie	[koːmœdiː]		喜剧；有趣的事情〈n.f.〉
Kondom	[kɔndoːm]		避孕套；阴茎套〈n.〉
Konferenz	[kɔnfəʁənt͡s]		会议〈n.f.〉
Konflikt	[kɔnflɪkt]		战斗；冲突；矛盾〈n.m.〉
Konfrontation	[kɔnfʁɔntat͡sjoːn]		对抗；对质；面对〈n.f.〉
Kongress	[kɔnɡʁəs]		代表大会〈n.m.〉
Konkurrenz	[kɔnkʊʁənt͡s]		竞争〈n.f.〉
Konrad	[kɔnʁaːt]		康拉德〈男子名〉〈n.〉
Konsequenz	[kɔnzəkvənt͡s]		后果〈n.f.〉
Konsequenzen	[kɔnzəkvənt͡sən]		适当的；拨出；占用〈n.〉
Konsul	[kɔnzuːl]		领事；执政官〈n.m.〉
Konsulat	[kɔnzʊlaːt]		领事；领事任期；领事馆〈n.〉
Kontakt	[kɔntakt]		联系〈n.m.〉
Kontinent	[kɔntɪnənt]		大陆；大洲〈n.m.〉
Konto	[kɔntɔ]		账户〈n.〉
Kontrolle	[kɔntʁɔlə]		控制〈n.f.〉
Kontrollraum	[kɔntʁɔlʁaʊm]		控制；管理；克制〈n.m.〉
Konversation	[kɔnfəʁzat͡sjoːn]		会话；说话；交谈〈n.f.〉
Konzentration	[kɔnt͡səntʁat͡sjoːn]		集中；专心；浓度；浓缩〈n.f.〉
Konzept	[kɔnt͡səpt]		观念；概念〈n.〉
Konzert	[kɔnt͡səʁt]		音乐会〈n.〉
Kopenhagen	[koːpənhaɡən]		哥本哈根〈n.〉
Kopf	[kɔpf]		头〈n.m.〉
Kopfgeldjäger	[kɔpfɡəldjɛɡɐ]		为领赏而追捕逃犯者〈n.m.〉
Kopfkissen	[kɔpfkɪsən]		枕头；靠垫〈n.〉
Kopfschmerzen	[kɔpfʃməʁt͡sən]		头痛〈n.〉
Kopie	[koːpiː]		复制品〈n.f.〉
Kopieren	[koːpiːʁən]		复印；复制；拷贝〈n.〉
Koran	[koːʁaːn]		<<可兰经>>〈n.m.〉
Korb	[kɔʁp]		篮子〈n.m.〉
Koreaner	[koːʁɛanɐ]		韩国人；朝鲜人〈n.m.〉
Korn	[kɔʁn]		谷粒；颗粒；谷类〈n.〉
Korrektur	[kɔʁəktuːɐ]		修改〈n.f.〉
Korruption	[kɔʁʊpt͡sjoːn]		劣等品；卑鄙的人；肮脏〈n.f.〉
Kosmos	[kɔsmɔs]		宇宙；秩序；和谐〈n.m.〉
Kostprobe	[kɔstpʁɔbə]		样品；范例；样本；抽样〈n.f.〉
Kostüm	[kɔstyːm]		服装〈n.〉
Kotze	[kɔt͡sə]		吐出；呕吐物〈n.f.〉
Krabben	[kʁabən]		螃蟹；小虾〈n.〉
Krach	[kʁaːx]		争吵；巨响〈n.m.〉
Kraft	[kʁaft]		力量〈n.f.〉
Kraftfeld	[kʁaftfəlt]		领域；田地；场地〈n.〉
Kraftwerk	[kʁaftvəʁk]		发电厂；动力车间〈n.〉
Kragen	[kʁaːɡən]		衣领；颈圈；控制；扭住衣领〈n.m.〉
Kram	[kʁaːm]		杂物（口语）〈n.m.〉
Kran	[kʁaːn]		鹤〈n.m.〉
Kranke	[kʁankə]		病员；患者〈n.〉
Krankenhaus	[kʁankənhaʊs]		医院〈n.〉
Krankenschwester	[kʁankənʃvəstɐ]		护士〈n.f.〉
Krankenstation	[kʁankənstat͡sjoːn]		病房〈n.f.〉
Krankenversicherung	[kʁankənfəʁzɪçəʁʊnk]		健康；卫生；蓬勃〈n.f.〉
Krankenwagen	[kʁankənvaɡən]		救护车〈n.m.〉
Krankheit	[kʁankhaɪt]		疾病〈n.f.〉
Kranz	[kʁant͡s]		环；环形物；体环；环形缝〈n.m.〉
Krater	[kʁaːtɐ]		火山口；环行山；弹坑；焊口〈n.m.〉
Kratzen	[kʁat͡sən]		刮；擦；挖〈n.〉
Kratzer	[kʁat͡sɐ]		划痕〈n.m.〉
Kraut	[kʁaʊt]		树叶；花瓣〈n.〉
Krawatte	[kʁavatə]		领带〈n.f.〉
Kreativität	[kʁɛatɪfɪtɛːt]		创造力；创造性〈n.f.〉
Kreatur	[kʁɛatuːɐ]		生物〈n.f.〉
Krebs	[kʁɛbs]		癌症〈n.m.〉
Kredit	[kʁeːdiːt]		贷款〈n.m.〉
Kreditkarte	[kʁeːdɪtkaʁtə]		信用卡〈n.f.〉
Kreide	[kʁaɪdə]		粉笔；记录〈n.f.〉
Kreis	[kʁaɪs]		圆圈〈n.m.〉
Kreischen	[kʁaɪʃən]		尖声喊叫；尖叫声〈n.〉
Kreislauf	[kʁaɪslaʊf]		环；圈；弯曲部分〈n.m.〉
Kreuz	[kʁɔʏt͡s]		十字〈n.〉
Kreuzung	[kʁɔʏt͡sʊnk]		四向停车〈n.〉
Kreuzworträtsel	[kʁɔʏt͡svɔʁtʁɛtzəl]		纵横填字游戏〈n.〉
Kreuzzug	[kʁɔʏt͡st͡suːk]		改革运动；加入十字军〈n.m.〉
Kriechen	[kʁiːçən]		面；表面；水面〈n.〉
Krieg	[kʁiːk]		战争〈n.m.〉
Krieger	[kʁiːɡɐ]		战士〈n.m.〉
Kriegsführung	[kʁiːɡsfyːʁʊnk]		战争；战斗；交战〈n.f.〉
Kriegsgericht	[kʁiːɡsɡəʁɪçt]		法院；庭院〈n.〉
Kriminalität	[kʁiːmɪnalɪtɛːt]		犯罪；罪行；罪恶〈n.f.〉
Kriminalpolizei	[kʁiːmɪnalpɔlɪt͡saɪ]		罪犯；犯人〈n.f.〉
Kriminelle	[kʁiːmɪnələ]		罪犯〈n.〉
Krimineller	[kʁiːmɪnəlɐ]		盗用公款者〈n.m.〉
Krise	[kʁiːzə]		危机〈n.f.〉
Krishna	[kʁɪshna]		克利须那神〈n.m.〉
Kristall	[kʁɪstal]		水晶；结晶体〈n.m.〉
Kritik	[kʁiːtiːk]		批评；评论；非难；批判〈n.f.〉
Kritiker	[kʁiːtɪkɐ]		批评家；鉴定家〈n.m.〉
Krokodil	[kʁoːkɔdiːl]		鳄鱼〈n.〉
Krone	[kʁoːnə]		王冠〈n.f.〉
Krug	[kʁuːk]		广口瓶；震动〈n.m.〉
Krypton	[kʁʏptoːn]		氪〈n.〉
Krähe	[kʁɛːə]		啼叫；乌鸦；鸡鸣〈n.f.〉
Krämpfe	[kʁɛmpfə]		痉挛；腹部绞痛〈n.〉
Krönung	[kʁøːnʊnk]		加冕礼〈n.f.〉
Kröten	[kʁøːtən]		蟾蜍；癞蛤蟆〈n.〉
Krümel	[kʁyːməl]		面包屑；碎屑〈n.m.〉
Krüppel	[kʁʏpəl]		跛者；残废；使跛；使成残废〈n.m.〉
Kuba	[kuːba]		古巴〈n.〉
Kuchen	[kuːxən]		蛋糕〈n.m.〉
Kuckuck	[kʊkʊk]		杜鹃鸟；布谷鸟〈n.m.〉
Kugel	[kuːɡəl]		球；子弹〈n.f.〉
Kuh	[kuː]		奶牛〈n.f.〉
Kulissen	[kuːlɪsən]		变化；移动；轮班〈n.〉
Kult	[kʊlt]		膜拜；礼拜式；祭仪〈n.m.〉
Kultur	[kʊltuːɐ]		文化〈n.f.〉
Kummer	[kʊmɐ]		忧愁〈n.m.〉
Kumpel	[kʊmpəl]		伙伴（口语）〈n.m.〉
Kunde	[kʊndə]		顾客〈n.m.〉
Kundschaft	[kʊndʃaft]		诉讼委托人；客户；委托人；受保护者〈n.f.〉
Kunst	[kʊnst]		艺术〈n.f.〉
Kupfer	[kʊpfɐ]		铜；警察〈n.〉
Kuppel	[kʊpəl]		天体观测窗；天文航行舱〈n.f.〉
Kupplung	[kʊplʊnk]		联结；结合；耦合〈n.f.〉
Kur	[kuːɐ]		治疗；治愈〈n.f.〉
Kurier	[kuːʁiːɐ]		送快信的人；伴游服务员；信使；送急件者〈n.m.〉
Kurs	[kʊʁs]		课程〈n.m.〉
Kurve	[kʊʁfə]		变弯曲；使屈服；弯曲〈n.f.〉
Kurzschluss	[kʊʁt͡sʃlʊs]		使短路；缩短〈n.m.〉
Kuss	[kʊs]		吻〈n.m.〉
Kutsche	[kʊt͡ʃə]		马车〈n.f.〉
Käfer	[kɛːfɐ]		甲虫〈n.m.〉
Käfig	[kɛːfɪç]		笼子〈n.m.〉
Kälte	[kɛltə]		寒冷〈n.f.〉
Kämpfer	[kɛmpfɐ]		斗士〈n.m.〉
Käse	[kɛːzə]		奶酪〈n.m.〉
Kästchen	[kɛstçən]		小盒子；小箱；小方格〈n.〉
Kätzchen	[kɛt͡sçən]		小猫〈n.〉
Käufer	[kɔʏfɐ]		买主〈n.m.〉
Köchin	[kœçiːn]		家常小甜饼；饼干；普通小饼〈n.f.〉
Köder	[køːdɐ]		鱼饵〈n.m.〉
König	[køːnɪç]		国王〈n.m.〉
Königin	[køːnɪɡiːn]		女王〈n.f.〉
Königreich	[køːnɪɡʁaɪç]		王国〈n.〉
Köpfen	[kœpfən]		标题；起始字；方向；上标题〈n.〉
Körper	[kœʁpɐ]		身体〈n.m.〉
Körperverletzung	[kœʁpəʁfəʁlət͡sʊnk]		人身伤害〈n.f.〉
Köter	[køːtɐ]		恶狗；杂狗〈n.m.〉
Küche	[kʏçə]		厨房〈n.f.〉
Kühlen	[kyːlən]		冷却；冷藏；冷冻；致冷〈n.〉
Kühler	[kyːlɐ]		冷却器〈n.m.〉
Kühlschrank	[kyːlʃʁank]		冰箱〈n.m.〉
Kündigung	[kʏndɪɡʊnk]		注意；布告；通知〈n.f.〉
Künstler	[kʏnstlɐ]		艺术家〈n.m.〉
Küsschen	[kʏsçən]		飞吻；轻吻；小吻〈n.〉
Küste	[kʏstə]		海岸〈n.f.〉
Küstenwache	[kʏstənvaxə]		海岸警备队；海岸警备队队员〈n.f.〉
LKW	[lkv]		卡车〈n.m.〉
Labor	[laːboːɐ]		实验室〈n.〉
Labyrinth	[laːbʏʁɪnt]		迷宫；难解事物；迷路〈n.〉
Lacher	[laxɐ]		笑者；哄笑者；好笑的一边倒比赛〈n.m.〉
Lachs	[laks]		鲑鱼；大麻哈鱼；鲑〈n.m.〉
Laden	[laːdən]		商店〈n.m.〉
Ladung	[laːdʊnk]		载荷；传票〈n.f.〉
Ladyschaft	[laːdʏʃaft]		贵妇身分；夫人；小姐〈n.f.〉
Lage	[laːɡə]		情况；位置〈n.f.〉
Lagebericht	[laːɡəbəʁɪçt]		情形；境遇；位置；情境〈n.m.〉
Lager	[laːɡɐ]		营地；仓库〈n.〉
Lagerfeuer	[laːɡəʁfɔʏɐ]		营火；营火会〈n.〉
Lagerhaus	[laːɡəʁhaʊs]		仓库〈n.〉
Laken	[laːkən]		亚麻布；亚麻线〈n.〉
Lamm	[lam]		小羊；羔羊；产羊羔〈n.〉
Lampe	[lampə]		灯〈n.f.〉
Land	[lant]		国家；土地〈n.〉
Landschaft	[landʃaft]		风景；山水〈n.f.〉
Landstreicher	[landstʁaɪçɐ]		窃贼；撬窃保险箱的盗贼；恶棍；罪犯〈n.m.〉
Landung	[landʊnk]		着陆〈n.f.〉
Landwirtschaft	[landvɪʁt͡ʃaft]		农业；农学〈n.f.〉
Langeweile	[lanɡəvaɪlə]		厌烦；厌倦；令人厌烦的事物〈n.f.〉
Langweiler	[lanɡvaɪlɐ]		乏味的人；令人厌烦的人〈n.m.〉
Lanze	[lant͡sə]		长矛；柳叶刀〈n.f.〉
Lappen	[lapən]		碎布；抹布；碎片〈n.m.〉
Laptop	[laptoːp]		笔记本电脑〈n.m.〉
Lasagne	[laːzaɡnə]		烤宽面条〈n.f.〉
Laser	[laːzɐ]		激光；激光器〈n.m.〉
Last	[last]		负担〈n.f.〉
Laster	[lastɐ]		恶习〈n.〉
Lastwagen	[lastvaɡən]		卡车；货车；载重汽车〈n.m.〉
Latein	[laːtaɪn]		拉丁语〈n.〉
Laterne	[laːtəʁnə]		灯笼；提灯〈n.f.〉
Laune	[laʊnə]		心情〈n.f.〉
Laurie	[laʊʁiː]		劳里〈女子名〉〈n.f.〉
Lautsprecher	[laʊtspʁəçɐ]		扬声器〈n.m.〉
Lava	[laːfa]		熔岩；火山岩；火山石〈n.f.〉
Leb	[leːp]		活；生活（口语词干）〈n.〉
Lebensende	[leːbənzəndə]		结束；终点；目标〈n.〉
Lebensform	[leːbənsfɔʁm]		形状；形体；类型〈n.f.〉
Lebensgefahr	[leːbənsɡəfaːɐ]		危险；威胁；危险物〈n.f.〉
Lebenslauf	[leːbənslaʊf]		课程；学程〈n.m.〉
Lebensmittel	[leːbənsmɪtəl]		食品〈n.〉
Lebensunterhalt	[leːbənzʊntəʁhalt]		生活费；生计〈n.m.〉
Lebensversicherung	[leːbənsfəʁzɪçəʁʊnk]		人寿保险〈n.f.〉
Lebensweise	[leːbənsvaɪzə]		生活方式；生存习性〈n.f.〉
Lebenswerk	[leːbənsvəʁk]		毕生的事业；一生中最重要的工作〈n.〉
Lebenszeichen	[leːbənst͡saɪçən]		符号；招牌；征兆〈n.〉
Lebenszeit	[leːbənst͡saɪt]		一生；终身；寿命〈n.f.〉
Leber	[leːbɐ]		肝脏〈n.f.〉
Lebewesen	[leːbəvəzən]		生物〈n.〉
Lebewohl	[leːbəvoːl]		辞别；再见〈n.〉
Leck	[lɛk]		漏洞〈n.〉
Leder	[leːdɐ]		皮革；皮制品〈n.〉
Leere	[leːʁə]		空虚〈n.f.〉
Legende	[leːɡəndə]		传说〈n.f.〉
Legion	[leːɡɪoːn]		军团；军队；众多的人〈n.f.〉
Lehne	[leːnə]		靠背〈n.f.〉
Lehre	[leːʁə]		教训；学徒期〈n.f.〉
Lehrer	[leːʁɐ]		老师〈n.m.〉
Lehrerin	[leːʁəʁiːn]		女老师〈n.f.〉
Lehrling	[leːʁlɪnk]		学徒；徒弟；见习生〈n.m.〉
Leib	[laɪp]		躯体〈n.m.〉
Leiche	[laɪçə]		尸体〈n.f.〉
Leichenschauhaus	[laɪçənʃaʊaʊs]		陈尸所；停尸室〈n.〉
Leidenschaft	[laɪdənʃaft]		激情〈n.f.〉
Leihe	[laɪə]		贷款；借出；借；供应货款〈n.f.〉
Leine	[laɪnə]		绳索〈n.f.〉
Leinen	[laɪnən]		亚麻布；亚麻线〈n.〉
Leinwand	[laɪnvant]		帆布；画布；油画〈n.f.〉
Leistung	[laɪstʊnk]		成绩；性能〈n.f.〉
Leiter	[laɪtɐ]		梯子；领导〈n.m.〉
Leiterin	[laɪtəʁiːn]		女经理；女管理人；女管理人员〈n.f.〉
Leitung	[laɪtʊnk]		领导；管线〈n.f.〉
Leitungen	[laɪtʊnɡən]		测深；管子工行业；管道设备〈n.〉
Lektion	[lɛkt͡sjoːn]		课〈n.f.〉
Lenkrad	[lɛnkʁaːt]		掌舵；操纵；指导〈n.〉
Lese	[leːzə]		聚集；集中；采集；富集〈n.f.〉
Leser	[leːzɐ]		读者；读物；文选〈n.m.〉
Leuchten	[lɔʏxtən]		光辉；发光；容光焕发；闪光〈n.〉
Leuchtturm	[lɔʏxtʊʁm]		灯塔〈n.m.〉
Leukämie	[lɔʏkɛmiː]		白血病〈n.f.〉
Leute	[lɔʏtə]		人们（复数）〈n.〉
Leutnant	[lɔʏtnant]		中尉〈n.m.〉
Licht	[lɪçt]		光；灯〈n.〉
Liebe	[liːbə]		爱；爱情〈n.f.〉
Liebeskummer	[liːbəskʊmɐ]		相思病〈n.m.〉
Liebesleben	[liːbəsləbən]		爱情生活〈n.〉
Liebhaber	[liːbhabɐ]		情人〈n.m.〉
Liebling	[liːblɪnk]		亲爱的；宠儿〈n.m.〉
Lieblingsessen	[liːblɪnɡzəsən]		最喜欢的食物；最爱吃的菜〈n.〉
Lieblingsfarbe	[liːblɪnɡsfaʁbə]		最喜欢的颜色〈n.f.〉
Lied	[liːt]		歌曲〈n.〉
Lieferung	[liːfəʁʊnk]		送货〈n.f.〉
Lieferwagen	[liːfəʁvaɡən]		递送；交付；分娩〈n.m.〉
Lift	[lɪft]		举起；帮助；昂扬〈n.m.〉
Liga	[liːɡa]		同盟；联盟；盟约；组联盟〈n.f.〉
Lilith	[liːlɪt]		莉莉丝（人名）〈n.〉
Limonade	[liːmɔnadə]		柠檬汽水；汽水〈n.f.〉
Limousine	[liːmɔʊzɪnə]		轿车〈n.f.〉
Line	[liːnə]		列；线；绳〈n.〉
Linie	[liːniː]		线〈n.f.〉
Linke	[lɪnkə]		左翼人士；左派分子〈n.〉
Linkshänder	[lɪnkshɛndɐ]		左撇子；用左手的一击；左手投球〈n.m.〉
Lippe	[lɪpə]		嘴唇〈n.f.〉
Lippenstift	[lɪpənstɪft]		口红；唇膏〈n.m.〉
Liste	[lɪstə]		清单〈n.f.〉
Liter	[liːtɐ]		升〈n.〉
Literatur	[liːtəʁatuːɐ]		文学；文艺；著作；广告〈n.f.〉
Lizenz	[liːt͡sənt͡s]		执照；许可证；特许；许可〈n.f.〉
Lob	[loːp]		赞美；称赞；崇拜〈n.〉
Loch	[loːx]		洞〈n.〉
Log	[loːk]		记录；圆木；日志〈n.〉
Loge	[loːɡə]		盒子；箱；方框〈n.f.〉
Logik	[loːɡiːk]		逻辑〈n.f.〉
Lohn	[loːn]		工资〈n.m.〉
Londoner	[lɔndɔnɐ]		俱乐部；木棍〈n.〉
Lose	[loːzə]		松弛；松懈；淡季〈n.〉
Lot	[loːt]		铅锤〈n.〉
Lotus	[loːtʊs]		莲；莲花；荷花〈n.m.〉
Louisiana	[lɔʊɪzɪana]		路易斯安那〈n.〉
Loyalität	[lɔʏalɪtɛːt]		忠诚〈n.f.〉
Luder	[luːdɐ]		荡妇；泼妇；诱饵〈n.〉
Luft	[lʊft]		空气〈n.f.〉
Luftraum	[lʊftʁaʊm]		空域；空间；气隙〈n.m.〉
Luftschleuse	[lʊft͡ʃlɔʏzə]		阻隔室；气塞〈n.f.〉
Luftwaffe	[lʊftvafə]		空军；美国航空队〈n.f.〉
Lunge	[lʊnɡə]		肺〈n.f.〉
Lungen	[lʊnɡən]		肺；肺部（复数）〈n.〉
Lungenentzündung	[lʊnɡənənt͡sʏndʊnk]		肺炎〈n.f.〉
Lust	[lʊst]		兴致；欲望〈n.f.〉
Lutscher	[lʊt͡ʃɐ]		棒糖；硬糖；类似棒糖的东西〈n.m.〉
Lux	[lʊks]		勒克斯；勒；米烛光〈n.〉
Luxus	[lʊksʊs]		奢华；奢侈品；阔气〈n.m.〉
Lyon	[lʏoːn]		里昂〈n.〉
Ländereien	[lɛndəʁaɪən]		平原；平面〈n.〉
Länge	[lɛnɡə]		长度；长；期间〈n.f.〉
Lärm	[lɛʁm]		噪音〈n.m.〉
Läufer	[lɔʏfɐ]		跑步者；赛跑者；送信人〈n.m.〉
Läuten	[lɔʏtən]		环；环形物；拳击场〈n.〉
Löffel	[lœfəl]		勺子〈n.m.〉
Lösegeld	[løːzəɡəlt]		赎金；赎身；赎回；赎〈n.〉
Lösung	[løːzʊnk]		解决办法〈n.f.〉
Löwe	[lœvə]		狮子；狮子座；国际狮子会会员〈n.m.〉
Lücke	[lʏkə]		缝隙；缺口；间断〈n.f.〉
Lüften	[lʏftən]		晾；通风；兜风；充气〈n.〉
Lüg	[lyːk]		不要；禁忌〈n.〉
Lüge	[lyːɡə]		谎言〈n.f.〉
Lügner	[lʏɡnɐ]		骗子〈n.m.〉
Lümmel	[lʏməl]		小孩子；狗；卑鄙的人〈n.m.〉
Mack	[mak]		莫蒂〈男子名〉〈n.〉
Mackenzie	[makənt͡siː]		麦肯齐河〈加拿大河流〉〈n.〉
Made	[maːdə]		狂想；空想；蛆〈n.f.〉
Madrid	[madʁiːt]		马德里〈n.〉
Maestro	[maəstʁɔ]		音乐大师；大音乐家〈n.m.〉
Magazin	[maːɡat͡siːn]		杂志〈n.〉
Magd	[maɡt]		女性；女人〈n.f.〉
Magen	[maːɡən]		胃〈n.m.〉
Magie	[maːɡiː]		魔法〈n.f.〉
Mahl	[maːl]		晚餐；正餐；宴会〈n.〉
Mahlzeit	[maːlt͡saɪt]		餐〈n.f.〉
Mai	[maɪ]		五月〈n.m.〉
Mailand	[maɪlant]		米兰〈n.〉
Main	[maɪn]		主要部分；干线；体力〈n.m.〉
Maine	[maɪnə]		缅因州〈n.〉
Mais	[maɪs]		玉米；玉蜀黍〈n.m.〉
Majestät	[majəstɛːt]		陛下〈n.f.〉
Major	[majoːɐ]		少校〈n.m.〉
Makler	[maklɐ]		掮客；经纪人〈n.m.〉
Mal	[maːl]		次〈n.〉
Malaria	[maːlaʁɪa]		疟疾；瘴气；疟〈n.f.〉
Male	[maːlə]		次数；标记（复数）〈n.〉
Maler	[maːlɐ]		画家；油漆匠；喷漆匠〈n.m.〉
Malerei	[maːləʁaɪ]		画；绘画；油漆；涂漆〈n.f.〉
Mama	[maːma]		妈妈〈n.f.〉
Manager	[maːnaɡɐ]		经理〈n.m.〉
Manchester	[mançəstɐ]		曼彻斯特〈n.〉
Mandant	[mandant]		当事人〈n.m.〉
Mangel	[manɡəl]		缺乏〈n.m.〉
Manieren	[maːniːʁən]		礼貌〈n.〉
Maniküre	[maːnɪkʏʁə]		修指甲术；修指甲〈n.f.〉
Manipulation	[maːnɪpʊlat͡sjoːn]		操作；处理；使用〈n.f.〉
Mann	[man]		男人；丈夫〈n.m.〉
Mannschaft	[manʃaft]		队伍〈n.f.〉
Mantel	[mantəl]		大衣〈n.m.〉
Manuskript	[maːnʊskʁɪpt]		手稿；原稿；底稿〈n.〉
Manöver	[maːnœfɐ]		调遣；演习；策略；调动〈n.〉
Mappe	[mapə]		皮包；公文包；部长职务〈n.f.〉
Marathon	[maːʁatoːn]		马拉松；耐力的考验〈n.m.〉
Marcos	[maʁkɔs]		臭鼬；臭鼬皮〈n.〉
Margarita	[maʁɡaʁɪta]		玛格丽塔〈n.〉
Marine	[maːʁɪnə]		海军〈n.f.〉
Marke	[maʁkə]		标志；分数；马克〈n.f.〉
Marken	[maʁkən]		马尔凯〈n.〉
Markieren	[maʁkiːʁən]		印记；印；分；标志〈n.〉
Markierung	[maʁkiːʁʊnk]		标志；分数；马克〈n.f.〉
Markt	[maʁkt]		市场〈n.m.〉
Marmelade	[maʁməladə]		果酱；拥塞之物；堵塞〈n.f.〉
Marokko	[maːʁɔkɔ]		摩洛哥〈n.〉
Marquis	[maʁkvɪs]		侯爵；侯爵长子的尊称〈n.m.〉
Mars	[maʁs]		火星〈n.m.〉
Marsch	[maʁʃ]		行军；进行曲〈n.m.〉
Marschall	[maʁʃal]		元帅；陆空军高级将官；典礼官〈n.m.〉
Marseille	[maʁzaɪlə]		法国马赛市〈n.〉
Maryland	[maːʁʏlant]		马里兰州〈n.〉
Masche	[maʃə]		网孔；网丝；网眼〈n.f.〉
Maschine	[maʃɪnə]		机器〈n.f.〉
Maschinengewehr	[maʃɪnənɡəveːɐ]		机关枪〈n.〉
Maske	[maskə]		面具〈n.f.〉
Maskottchen	[maskɔtçən]		福神；吉祥的东西〈n.〉
Massachusetts	[masaxʊzəts]		麻萨诸塞州〈n.〉
Massage	[masaɡə]		按摩；揉〈n.f.〉
Massaker	[masakɐ]		残杀〈n.〉
Masse	[masə]		块；大多数；质量〈n.f.〉
Massive	[masɪfə]		沉重；巨大；大块〈n.〉
Material	[maːtəʁɪaːl]		材料〈n.〉
Materie	[maːtəʁiː]		事件；物质；原因〈n.f.〉
Mathematik	[matəmatiːk]		数学〈n.f.〉
Matratze	[matʁat͡sə]		床垫；空气垫；沉床；褥子〈n.f.〉
Matrix	[matʁɪks]		母体；子宫；基质〈n.f.〉
Matrose	[matʁɔzə]		水手；船员；海员〈n.m.〉
Mauer	[maʊɐ]		墙〈n.f.〉
Maul	[maʊl]		嘴（粗俗）〈n.〉
Maultier	[maʊltiːɐ]		骡；倔强之人〈n.〉
Maulwurf	[maʊlvʊʁf]		痣；鼹鼠；防波堤〈n.m.〉
Maus	[maʊs]		老鼠〈n.f.〉
Maxime	[maksɪmə]		格言；座右铭；准则〈n.f.〉
Maximum	[maksɪmuːm]		最大值；最高限度〈n.〉
Mayonnaise	[maʏɔnaɪzə]		蛋黄酱〈n.f.〉
Maß	[maːs]		尺寸；量度器；量度标准〈n.〉
Maße	[maːsə]		韵律学；韵律特色〈n.〉
Maßnahmen	[masnaːmən]		行动；活动；动作〈n.〉
Mechaniker	[mɛçanɪkɐ]		机械师；技工；机修工〈n.m.〉
Mechanismus	[mɛçanɪsmʊs]		机械；机构；结构〈n.m.〉
Medaille	[meːdaɪlə]		奖牌〈n.f.〉
Medaillon	[meːdaɪloːn]		金属装饰小盒；金属小盒〈n.〉
Medien	[meːdiːn]		媒体〈n.〉
Medikament	[meːdɪkamənt]		药物〈n.〉
Meditation	[meːdɪtat͡sjoːn]		沉思；冥想〈n.f.〉
Medium	[meːdɪuːm]		媒体；方法〈n.〉
Medizin	[meːdɪt͡siːn]		医学；药〈n.f.〉
Mediziner	[meːdɪt͡sɪnɐ]		医生；医学工作者〈n.m.〉
Meer	[meːɐ]		海〈n.〉
Meeting	[meːtɪnk]		会议〈n.〉
Mehl	[meːl]		面粉；粉沫；碎粉〈n.〉
Mehrfach	[meːʁfaːx]		多；多数〈n.〉
Mehrheit	[meːʁhaɪt]		多数；大半；多数逻辑〈n.f.〉
Meile	[maɪlə]		英里〈n.f.〉
Meineid	[maɪnaɪt]		伪誓；伪证；背信弃义〈n.m.〉
Meinung	[maɪnʊnk]		意见〈n.f.〉
Meister	[maɪstɐ]		师傅；大师〈n.m.〉
Meisterin	[maɪstəʁiːn]		主人；硕士；大师〈n.f.〉
Meisterschaft	[maɪstəʁʃaft]		冠军身份；冠军称号；捍卫〈n.f.〉
Meisterwerk	[maɪstəʁvəʁk]		杰作；名著〈n.〉
Melbourne	[mɛlbɔʊʁnə]		墨尔本〈n.〉
Meldung	[mɛldʊnk]		消息；报告〈n.f.〉
Melken	[mɛlkən]		挤奶〈n.〉
Melodie	[meːlɔdiː]		旋律〈n.f.〉
Melone	[meːlɔnə]		瓜；甜瓜；红利〈n.f.〉
Memphis	[mɛmfɪs]		孟菲斯〈n.〉
Menge	[mɛnɡə]		大量〈n.f.〉
Mensch	[mɛnʃ]		人；人类〈n.m.〉
Menschenleben	[mɛnʃənləbən]		人命；人的生命〈n.〉
Menschheit	[mɛnʃhaɪt]		人类〈n.f.〉
Menschlichkeit	[mɛnʃlɪçkaɪt]		人性；人类；博爱〈n.f.〉
Mentor	[mɛntoːɐ]		指导者；良师益友〈n.m.〉
Menü	[meːnʏ]		日落；同伙；组合〈n.〉
Mercedes	[mɛʁkədəs]		梅塞德斯；梅赛德斯〈n.m.〉
Merk	[mɛʁk]		水；雨水；海水〈n.m.〉
Messe	[mɛsə]		博览会；弥撒〈n.f.〉
Messer	[mɛsɐ]		刀〈n.〉
Messias	[mɛsɪas]		弥赛亚〈n.m.〉
Met	[meːt]		蜂蜜酒；草地；蜜酒〈n.m.〉
Metall	[meːtal]		金属〈n.〉
Meter	[meːtɐ]		米〈n.m.〉
Methode	[mɛtɔdə]		方法〈n.f.〉
Metro	[mɛtʁɔ]		地铁〈n.f.〉
Meuterei	[mɔʏtəʁaɪ]		叛变；兵变；反抗〈n.f.〉
Mexikaner	[mɛksɪkanɐ]		墨西哥人〈n.m.〉
Mexiko	[mɛksɪkɔ]		墨西哥〈n.〉
Micah	[mɪkaː]		弥迦；<<弥迦书>>〈n.〉
Michigan	[mɪçɪɡaːn]		密歇根州〈n.〉
Micky	[mɪkʏ]		米老鼠〈n.〉
Miete	[miːtə]		租金〈n.f.〉
Mieter	[miːtɐ]		承租人；房客〈n.m.〉
Mietvertrag	[miːtfəʁtʁaːk]		租用；租赁；租回〈n.m.〉
Mieze	[miːt͡sə]		鸟〈n.f.〉
Migräne	[mɪɡʁɛnə]		偏头痛〈n.f.〉
Mikrofon	[mɪkʁɔfoːn]		扩音器；麦克风；传声器〈n.〉
Mikrowelle	[mɪkʁɔvələ]		微波〈n.f.〉
Milch	[mɪlç]		牛奶〈n.f.〉
Milde	[mɪldə]		温和；温暖〈n.f.〉
Militär	[miːlɪtɛːɐ]		军队〈n.〉
Miliz	[miːliːt͡s]		义勇军；民兵组织；国民军〈n.f.〉
Milliarde	[mɪlɪaʁdə]		十亿；十亿个〈n.f.〉
Milliardär	[mɪlɪaʁdɛːɐ]		亿万富翁〈n.m.〉
Million	[mɪlɪoːn]		百万〈n.f.〉
Millionär	[mɪlɪɔnɛːɐ]		百万富翁；大富豪；大资本家；巨富〈n.m.〉
Milz	[mɪlt͡s]		脾脏；坏脾气；怨恨；脾〈n.f.〉
Mine	[miːnə]		矿井〈n.f.〉
Mineralwasser	[miːnəʁalvasɐ]		矿泉水；矿质水〈n.〉
Minimum	[miːnɪmuːm]		最小值；最低限度〈n.〉
Minister	[miːnɪstɐ]		部长〈n.m.〉
Ministerium	[miːnɪstəʁɪuːm]		部；内阁；服务〈n.〉
Minnesota	[mɪnəzɔta]		明尼苏达州〈n.〉
Minute	[miˈnuːtə]		分钟〈n.f.〉
Misch	[mɪʃ]		混合者；混合器；搅拌机〈n.〉
Mischung	[mɪʃʊnk]		混合；混合物〈n.f.〉
Missachtung	[mɪsaxtʊnk]		忽视；漠视；不顾〈n.f.〉
Missbrauch	[mɪsbʁaʊx]		误用；滥用〈n.m.〉
Mission	[mɪsɪoːn]		任务〈n.f.〉
Mississippi	[mɪsɪsɪpɪ]		密西西比河；密西西比州〈n.m.〉
Missouri	[mɪsɔʊʁɪ]		密苏里州〈n.m.〉
Misstrauen	[mɪstʁaʊən]		不信任；怀疑〈n.〉
Missverständnis	[mɪsfəʁstɛndnɪs]		误会〈n.〉
Mitarbeiter	[miːtaʁbaɪtɐ]		员工〈n.m.〉
Mitbewohner	[mɪtbəvoːnɐ]		合住一套公寓的人〈n.m.〉
Mitbürger	[mɪtbʏʁɡɐ]		同胞；公民；市民〈n.m.〉
Mitfahrgelegenheit	[mɪtfaːʁɡələɡənhaɪt]		举起；帮助；昂扬〈n.f.〉
Mitgefühl	[mɪtɡəfyːl]		同情〈n.〉
Mitgift	[mɪtɡɪft]		嫁妆；陪嫁物〈n.f.〉
Mitglied	[mɪtɡliːt]		成员〈n.〉
Mitglieder	[mɪtɡliːdɐ]		国会议员〈n.〉
Mithilfe	[mɪtɪlfə]		帮忙；帮助者；补救办法〈n.f.〉
Mitleid	[mɪtlaɪt]		同情〈n.〉
Mitmenschen	[mɪtmənʃən]		同胞；周围的人；同仁〈n.〉
Mittag	[mɪtaːk]		中午〈n.m.〉
Mittagessen	[mɪtaɡəsən]		午餐〈n.〉
Mittagspause	[mɪtaɡspaʊzə]		午餐〈n.f.〉
Mitte	[mɪtə]		中心〈n.f.〉
Mitteilung	[mɪtaɪlʊnk]		给予；告知〈n.f.〉
Mittel	[mɪtəl]		手段；资金〈n.〉
Mittelpunkt	[mɪtəlpʊnkt]		中心点；核心；焦点〈n.m.〉
Mitternacht	[mɪtəʁnaxt]		午夜〈n.f.〉
Mittwoch	[mɪtvoːx]		星期三〈n.m.〉
Mixer	[mɪksɐ]		混合者；混合器；搅拌机〈n.m.〉
Mob	[moːp]		群氓；贱民；乌合之众〈n.m.〉
Modell	[moːdəl]		模型〈n.〉
Moderator	[moːdəʁatoːɐ]		节目主持人；奉献者；提出者；告发者〈n.m.〉
Moment	[moːmənt]		片刻；瞬间〈n.m.〉
Monaco	[moːnakɔ]		摩纳哥〈n.〉
Monarchie	[moːnaʁçiː]		君主政体；君主国〈n.f.〉
Monat	[moːnaːt]		月〈n.m.〉
Mond	[mɔnt]		月亮〈n.m.〉
Mondlicht	[mɔndlɪçt]		月光〈n.〉
Monitor	[moːnɪtoːɐ]		监督器；级长；监听员〈n.m.〉
Monster	[mɔnstɐ]		怪物〈n.〉
Montag	[mɔntaːk]		星期一〈n.m.〉
Montana	[mɔntana]		蒙大拿州〈n.〉
Moor	[moːɐ]		沼泽；泥炭地〈n.〉
Moral	[moːʁaːl]		道德〈n.f.〉
Mord	[mɔʁt]		谋杀〈n.m.〉
Mordfall	[mɔʁdfal]		谋杀；损毁〈n.m.〉
Mordkommission	[mɔʁdkɔmɪsɪoːn]		谋杀；损毁〈n.f.〉
Mordwaffe	[mɔʁdvafə]		谋杀；损毁〈n.f.〉
Morgengrauen	[mɔʁɡənɡʁaʊən]		破晓；黎明〈n.〉
Morphium	[mɔʁfɪuːm]		吗啡〈n.〉
Moschee	[mɔʃeː]		清真寺〈n.f.〉
Moses	[moːzəs]		摩西；领导者；立法者〈n.m.〉
Moslem	[mɔsləm]		伊斯兰教；伊斯兰教教徒〈n.m.〉
Motel	[moːtəl]		汽车旅馆〈n.〉
Motiv	[moːtiːf]		动机〈n.〉
Motor	[moːtoːɐ]		发动机〈n.m.〉
Motorrad	[moːtɔʁaːt]		摩托车〈n.〉
Motto	[mɔtɔ]		箴言；座右铭；警句〈n.〉
Mount	[mɔʊnt]		埃佛勒斯峰〈n.〉
Mucks	[mʊks]		声音；语音；吵闹〈n.m.〉
Muffin	[mʊfiːn]		松饼〈n.〉
Mumie	[muːmiː]		木乃伊；瘦而干瘪之人；妈咪；干尸〈n.f.〉
Mund	[mʊnt]		嘴〈n.m.〉
Munition	[muːnɪt͡sjoːn]		弹药〈n.f.〉
Munster	[mʊnstɐ]		明斯特〈n.〉
Murray	[mʊʁaʏ]		默里〈n.m.〉
Muse	[muːzə]		沉思；冥想〈n.f.〉
Museum	[muːzɔʏm]		博物馆〈n.〉
Musical	[muːzɪkaːl]		音乐剧〈n.〉
Musik	[muːziːk]		音乐〈n.f.〉
Musiker	[muːzɪkɐ]		音乐家〈n.m.〉
Muskel	[mʊskəl]		肌肉〈n.m.〉
Muskeln	[mʊskəln]		肌肉；筋力〈n.〉
Mustang	[mʊstank]		野马；军官〈n.m.〉
Muster	[mʊstɐ]		模式〈n.〉
Mut	[muːt]		勇气〈n.m.〉
Mutation	[muːtat͡sjoːn]		变化；突变；元音变化〈n.f.〉
Mutter	[mʊtɐ]		母亲〈n.f.〉
Muttermal	[mʊtəʁmaːl]		胎记；胎痣〈n.〉
Mutterschiff	[mʊtəʁʃɪf]		母舰；补给船〈n.〉
Mysterium	[mʏsteːʁɪuːm]		秘密；神秘；奥秘〈n.〉
Mythologie	[mʏtoːlɔɡiː]		神话〈n.f.〉
Mythos	[mʏtɔs]		神话；虚构的事；虚构的人〈n.m.〉
Mädchen	[mɛdçən]		女孩〈n.〉
Mädel	[mɛːdəl]		女孩（口语）〈n.〉
Männchen	[mɛnçən]		雄性动物；小公兽；小男人〈n.〉
Männlichkeit	[mɛnlɪçkaɪt]		男子气；刚毅〈n.f.〉
Märchen	[mɛʁçən]		童话〈n.〉
Märtyrer	[mɛʁtʏʁɐ]		烈士；受苦者〈n.m.〉
März	[mɛʁt͡s]		三月〈n.m.〉
Mäuschen	[mɔʏʃən]		小老鼠（Maus 的指小形式）〈n.〉
Mäuse	[mɔʏzə]		老鼠；胆小羞怯的人；鼠标；捕鼠〈n.〉
Möbel	[møːbəl]		家具〈n.〉
Möglichkeit	[mœɡlɪçkaɪt]		可能性〈n.f.〉
Mönch	[mœnç]		修道士；僧侣；和尚〈n.m.〉
Möpse	[mœpzə]		乳房〈n.〉
Mörder	[mœʁdɐ]		凶手〈n.m.〉
Mücke	[mʏkə]		小昆虫；蚊子；小烦扰；蚊〈n.f.〉
Mücken	[mʏkən]		蚊；侏儒〈n.〉
Müdigkeit	[myːdɪɡkaɪt]		疲劳；疲倦；疲惫〈n.f.〉
Mühe	[myːə]		辛劳〈n.f.〉
Mühen	[myːən]		<文>艰苦劳动；辛勤努力；痛苦〈n.〉
Mühle	[myːlə]		推磨的人；研磨者；磨床；磨木机〈n.f.〉
Müll	[mʏl]		垃圾〈n.m.〉
Müller	[mʏlɐ]		厂主；蛾；铣床〈n.m.〉
Mülltonne	[mʏltɔnə]		容器；箱子；二进制；商业信息网〈n.f.〉
München	[mʏnçən]		慕尼黑〈n.〉
Münze	[mʏnt͡sə]		硬币〈n.f.〉
Münzen	[mʏnt͡sən]		造币；铸币材料；创造；造币费〈n.〉
Müsli	[mʏslɪ]		牛奶什锦早餐〈n.〉
Mütze	[mʏt͡sə]		帽子〈n.f.〉
Nachbar	[naxbaːɐ]		邻居〈n.m.〉
Nachbarschaft	[naxbaʁʃaft]		街区〈n.f.〉
Nachfolger	[naxfɔlɡɐ]		继承者；接任者；后继〈n.m.〉
Nachforschungen	[naxfɔʁʃʊnɡən]		调查；爱管闲事的人〈n.〉
Nachfrage	[naxfʁaɡə]		要求；需求；需要〈n.f.〉
Nachkommen	[naxkɔmən]		攀登；上升；爬〈n.〉
Nachlass	[naxlas]		部分退款；折扣；退还〈n.f.〉
Nachlassen	[naxlasən]		宽恕；豁免；免罪〈n.〉
Nachmittag	[naxmɪtaːk]		下午〈n.m.〉
Nachname	[naxnamə]		姓；别号〈n.m.〉
Nachricht	[naxʁɪçt]		消息〈n.f.〉
Nachschub	[naksçuːp]		增援部队；援军；加固物〈n.m.〉
Nachsicht	[naksɪçt]		宽大；温和；慈悲为怀〈n.f.〉
Nachsitzen	[naksɪt͡sən]		阻止；监禁；拘留；隔离〈n.〉
Nacht	[naxt]		夜晚〈n.f.〉
Nachteil	[naxtaɪl]		缺点；不利；坏处〈n.m.〉
Nachthemd	[naxtəmt]		衬衫式长睡衣〈n.〉
Nachtigall	[naxtɪɡal]		夜莺〈n.f.〉
Nachtrag	[naxtʁaːk]		加法；增加的人〈n.m.〉
Nachtschicht	[naxt͡ʃɪçt]		夜班〈n.f.〉
Nachttisch	[naxtɪʃ]		床头柜；床边桌〈n.m.〉
Nachtwächter	[naxtvɛçtɐ]		守夜；值夜〈n.m.〉
Nachwuchs	[naxvʊks]		后代；新生力量；后备人才〈n.m.〉
Nacken	[nakən]		后颈〈n.m.〉
Nadel	[naːdəl]		针〈n.f.〉
Nadeln	[naːdəln]		针〈n.〉
Nagel	[naːɡəl]		钉子；指甲〈n.m.〉
Nahrung	[naːʁʊnk]		食物〈n.f.〉
Naht	[naːt]		缝合线；衔接口；接缝〈n.f.〉
Name	[naːmə]		名字〈n.m.〉
Narbe	[naʁbə]		疤痕〈n.f.〉
Narr	[naʁ]		傻瓜（旧）〈n.m.〉
Nase	[naːzə]		鼻子〈n.f.〉
Nation	[naːt͡sjoːn]		民族〈n.f.〉
National	[naːt͡sjoːnaːl]		国家队；国家报〈n.〉
Nationale	[naːt͡sjoːnalə]		个人基本情况；国民〈n.〉
Nationalgarde	[naːt͡sjoːnalɡaʁdə]		国民警卫队〈n.f.〉
Natur	[naːtuːɐ]		自然〈n.f.〉
Naturtalent	[naːtʊʁtalənt]		天生奇才；天赋型人才〈n.〉
Nazi	[naːt͡sɪ]		纳粹分子〈n.m.〉
Neapel	[nɛapəl]		那不勒斯〈n.〉
Nebel	[neːbəl]		雾〈n.m.〉
Neffe	[nɛfə]		侄子〈n.m.〉
Neger	[neːɡɐ]		黑人（旧称/忌用）〈n.m.〉
Neid	[naɪt]		羡慕；嫉妒〈n.m.〉
Neigung	[naɪɡʊnk]		程度；坡度；顶点〈n.f.〉
Nerv	[nɛʁf]		精神；勇气；叶脉〈n.m.〉
Nervensystem	[nɛʁfənzʏstəm]		神经系统〈n.〉
Nervensäge	[nɛʁfənzɛɡə]		磨人精；让人烦躁的人〈n.f.〉
Nervenzusammenbruch	[nɛʁfənt͡sʊzamənbʁuːx]		神经失常〈n.m.〉
Nest	[nɛst]		巢〈n.〉
Netz	[nɛt͡s]		网〈n.〉
Netzwerk	[nɛt͡svəʁk]		网络；广播网；网状物〈n.〉
Neuanfang	[nɔʏanfank]		重新开始；重头再做〈n.m.〉
Neugier	[nɔʏɡiːɐ]		好奇〈n.f.〉
Neugierde	[nɔʏɡiːʁdə]		好学；好奇〈n.f.〉
Neuigkeit	[nɔʏɪɡkaɪt]		消息〈n.f.〉
Neujahr	[nɔʏjaːɐ]		新年〈n.〉
Neuling	[nɔʏlɪnk]		新手〈n.m.〉
Neunten	[nɔʏntən]		第九；九分之一〈n.〉
Neuseeland	[nɔʏzeːlant]		新西兰〈n.〉
Nevada	[neːfada]		内华达〈n.〉
Newton	[nɛvtoːn]		牛顿〈n.〉
Nicken	[nɪkən]		点头；打盹；晃动〈n.〉
Niederlage	[niːdəʁlaɡə]		失败〈n.f.〉
Niere	[niːʁə]		肾；个性〈n.f.〉
Nieren	[niːʁən]		肾脏；腰子（复数）〈n.〉
Nikolaus	[niːkɔlaʊs]		圣徒〈n.m.〉
Ninja	[nɪnja]		忍者〈n.m.〉
Nippel	[nɪpəl]		乳头；奶头；奶嘴；螺纹接口〈n.〉
Niveau	[niːfɛaʊ]		平面；扁平物；机翼〈n.〉
Nizza	[nɪt͡st͡sa]		尼斯（法国城市）〈n.〉
Nonne	[nɔnə]		修女；尼姑〈n.f.〉
Norden	[nɔʁdən]		北方〈n.m.〉
Nordpol	[nɔʁdpoːl]		北极〈n.m.〉
Norfolk	[nɔʁfɔlk]		诺福克〈n.〉
Norm	[nɔʁm]		基准；模范；标准〈n.f.〉
Normalität	[nɔʁmalɪtɛːt]		常态；规定浓度；当量浓度〈n.f.〉
Normandie	[nɔʁmandiː]		诺曼底〈n.f.〉
Norwegen	[nɔʁvəɡən]		挪威〈n.〉
Not	[noːt]		困难；急需〈n.f.〉
Notar	[noːtaːɐ]		公证人〈n.m.〉
Notarzt	[noːtaʁt͡st]		紧急状况；紧急事件〈n.m.〉
Notaufnahme	[noːtaʊfnaːmə]		急诊室〈n.f.〉
Notfall	[nɔtfal]		紧急情况〈n.m.〉
Notiz	[noːtiːt͡s]		笔记〈n.f.〉
Notizbuch	[noːtɪt͡sbuːx]		笔记本；手册；期票簿〈n.〉
Notruf	[nɔtʁuːf]		紧急呼救〈n.m.〉
Notwehr	[nɔtveːɐ]		自卫〈n.f.〉
Notwendigkeit	[nɔtvəndɪɡkaɪt]		需要；必需品；必然；必要性〈n.f.〉
Nova	[noːfa]		新星；诺瓦计算机〈n.f.〉
November	[noːfəmbɐ]		十一月〈n.m.〉
Nummer	[nʊmɐ]		号码〈n.f.〉
Nummernschild	[nʊməʁnʃɪlt]		车牌；车辆号牌〈n.〉
Nuss	[nʊs]		坚果；核心〈n.f.〉
Nutze	[nʊt͡sə]		鲤鱼；木工铅笔〈n.〉
Nähe	[nɛːə]		附近〈n.f.〉
Oakland	[ɔaklant]		奥克兰〈n.〉
Obdachlose	[ɔbdaxlɔzə]		无家可归者；流浪者〈n.〉
Ober	[oːbɐ]		侍者；服务员〈n.m.〉
Oberarzt	[oːbəʁaʁt͡st]		助手；助理〈n.m.〉
Oberfläche	[oːbəʁflɛçə]		表面〈n.f.〉
Oberhaupt	[oːbəʁhaʊpt]		领袖；酋长；长官〈n.〉
Oberleutnant	[oːbəʁlɔʏtnant]		中尉；助理人员；副官〈n.m.〉
Oberschenkel	[oːbəʁʃənkəl]		大腿；股〈n.m.〉
Oberst	[oːbəʁst]		上校〈n.m.〉
Obhut	[ɔbhuːt]		小心；照料；忧虑；关心〈n.f.〉
Objekt	[ɔbjəkt]		物体〈n.〉
Objektiv	[ɔbjəktiːf]		透镜；镜头；镜片〈n.〉
Ochse	[ɔksə]		阉牛〈n.m.〉
Odessa	[oːdəsa]		人名；奥代莎〈n.〉
Odysseus	[oːdʏsɔʏs]		也〈n.m.〉
Ofen	[oːfən]		炉子〈n.m.〉
Off	[ɔf]		画外音；幕后；场外〈n.〉
Offenbarung	[ɔfənbaʁʊnk]		外观；显然；明白〈n.f.〉
Offenheit	[ɔfənhaɪt]		率直；坦白〈n.f.〉
Offizier	[ɔfɪt͡siːɐ]		军官〈n.m.〉
Ohio	[oːɪɔ]		俄亥俄〈n.m.〉
Ohr	[oːɐ]		耳朵〈n.〉
Ohrfeige	[oːʁfaɪɡə]		掴；掌击；侮辱〈n.f.〉
Ohrring	[oːʁɪnk]		耳朵；倾听；听觉〈n.m.〉
Oklahoma	[ɔklaːɔma]		俄克拉何马〈n.〉
Oktober	[ɔktɔbɐ]		十月〈n.m.〉
Olive	[oːlɪfə]		橄榄；橄榄树；橄榄色〈n.f.〉
Oma	[oːma]		奶奶〈n.f.〉
Omega	[oːməɡa]		希腊字母的最后一个字；终了；最后；ω〈n.〉
Omen	[oːmən]		预兆；前兆；征兆；预示〈n.〉
Onkel	[ɔnkəl]		叔叔〈n.m.〉
Opa	[oːpa]		爷爷〈n.m.〉
Oper	[oːpɐ]		歌剧〈n.f.〉
Operation	[oːpəʁat͡sjoːn]		手术；行动〈n.f.〉
Opfer	[ɔpfɐ]		受害者〈n.〉
Opium	[oːpɪuːm]		鸦片；阿片〈n.〉
Optimismus	[ɔptɪmɪsmʊs]		乐观主义；乐观；乐天〈n.m.〉
Option	[ɔpt͡sjoːn]		选项〈n.f.〉
Orakel	[oːʁakəl]		神谕；神谕处；预言〈n.〉
Orange	[oːʁanɡə]		橙子；柑橘〈n.f.〉
Orchester	[ɔʁçəstɐ]		管弦乐队；乐队演奏处〈n.〉
Orden	[ɔʁdən]		勋章〈n.m.〉
Ordner	[ɔʁdnɐ]		纸；文件；文章〈n.f.〉
Ordnung	[ɔʁdnʊnk]		秩序；正常（没问题）〈n.f.〉
Oregon	[oːʁəɡoːn]		俄勒冈〈n.〉
Organ	[ɔʁɡaːn]		风琴；器官；元件〈n.〉
Organisation	[ɔʁɡanɪzat͡sjoːn]		组织〈n.f.〉
Organismus	[ɔʁɡanɪsmʊs]		生物；有机体；社会组织〈n.m.〉
Orgasmus	[ɔʁɡasmʊs]		极度兴奋；兴奋的高潮；爆发；性欲高潮〈n.m.〉
Orgie	[ɔʁɡiː]		无节制；狂欢；纵酒宴乐〈n.f.〉
Orientierung	[oːʁiːntiːʁʊnk]		定方位；适应〈n.f.〉
Original	[oːʁɪɡɪnaːl]		原件〈n.〉
Orion	[oːʁɪoːn]		俄里翁；猎户星座〈n.m.〉
Orlando	[ɔʁlandɔ]		奥兰多〈美国城市名〉〈n.〉
Ort	[ɔʁt]		地方〈n.m.〉
Oslo	[ɔslɔ]		奥斯陆〈n.〉
Osten	[ɔstən]		东方〈n.m.〉
Ostern	[ɔstɐn]		复活节〈n.〉
Outfit	[ɔʊtfiːt]		齿轮；开动〈n.〉
Oxford	[ɔksfɔʁt]		牛津阶〈n.〉
Ozean	[oːt͡sɛaːn]		海洋〈n.m.〉
Pack	[pak]		包；一群〈n.〉
Packung	[pakʊnk]		小包；一批信件；大量〈n.f.〉
Page	[paːɡə]		页；记录；事件〈n.m.〉
Paket	[paːkət]		包裹〈n.〉
Pakistan	[paːkɪstaːn]		巴基斯坦〈n.〉
Pakt	[pakt]		契约；协定；条约；合同〈n.m.〉
Palast	[paːlast]		宫殿〈n.m.〉
Palme	[palmə]		手掌；棕榈〈n.f.〉
Palästina	[paːlɛstɪna]		巴勒斯坦〈n.〉
Panama	[paːnama]		巴拿马；巴拿马城〈n.〉
Panik	[paːniːk]		恐慌〈n.f.〉
Panne	[panə]		不幸之事；灾祸；恶运〈n.f.〉
Panzer	[pant͡sɐ]		坦克；装甲〈n.m.〉
Papa	[paːpa]		爸爸〈n.m.〉
Papagei	[paːpaɡaɪ]		鹦鹉；机械地模仿〈n.m.〉
Papier	[paːpiːɐ]		纸；证件〈n.〉
Papierkram	[paːpiːʁkʁaːm]		文书工作〈n.m.〉
Paprika	[papʁɪka]		红灯笼辣椒；红椒色；辣椒〈n.m.〉
Papst	[papst]		教皇〈n.m.〉
Parade	[paːʁadə]		游行；炫耀；阅兵〈n.f.〉
Paradies	[paːʁadiːs]		天堂〈n.〉
Paranoia	[paːʁanɔɪa]		偏执狂；多疑症；妄想狂〈n.f.〉
Parfüm	[paʁfyːm]		香水；香气；气氛〈n.〉
Pariser	[paːʁɪzɐ]		巴黎；重楼属〈n.〉
Park	[paʁk]		公园〈n.m.〉
Parkhaus	[paʁkhaʊs]		停车场〈n.〉
Parkplatz	[paʁkplat͡s]		停车场〈n.m.〉
Parlament	[paʁlamənt]		国会；议会；会议〈n.〉
Partei	[paʁtaɪ]		政党〈n.f.〉
Partie	[paʁtiː]		比赛；玩耍；比分〈n.f.〉
Partikel	[paʁtɪkəl]		颗粒；粒子；质点〈n.〉
Partner	[paʁtnɐ]		伙伴；搭档〈n.m.〉
Partnerin	[paʁtnəʁiːn]		女伙伴〈n.f.〉
Partnerschaft	[paʁtnəʁʃaft]		合伙；合股〈n.f.〉
Party	[paʁtʏ]		派对〈n.f.〉
Pascha	[paʃa]		帕夏〈n.m.〉
Pass	[pas]		护照〈n.m.〉
Passagiere	[pasaɡiːʁə]		乘客〈n.〉
Passwort	[pasvɔʁt]		密码〈n.〉
Pastor	[pastoːɐ]		牧师〈n.m.〉
Pater	[paːtɐ]		神父〈n.m.〉
Patient	[paːtiːnt]		病人〈n.m.〉
Patientin	[paːtiːntiːn]		女病人〈n.f.〉
Patriot	[patʁɪoːt]		爱国者；爱国主义者〈n.m.〉
Pause	[paʊzə]		休息〈n.f.〉
Pazifik	[paːt͡sɪfiːk]		太平洋〈n.m.〉
Peace	[pɛakə]		和平；和约；治安〈n.〉
Pech	[peːç]		倒霉〈n.〉
Pegasus	[peːɡazʊs]		诗兴；诗才〈n.m.〉
Peitsche	[paɪt͡ʃə]		鞭子；抽打；车夫〈n.f.〉
Pelle	[pɛlə]		皮肤；皮；剥皮〈n.f.〉
Pennen	[pɛnən]		在某处过夜〈n.〉
Pennsylvania	[pɛnzʏlfanɪa]		共和国；联邦；国民整体〈n.〉
Pentagon	[pɛntaɡoːn]		五角形；五边形；五角平台〈n.〉
Penthouse	[pɛntɔʊzə]		屋顶房间；顶层公寓；电梯机器房〈n.〉
Perfektion	[pɛʁfəkt͡sjoːn]		完美；完成；极端；完整性〈n.f.〉
Periode	[peːʁɪɔdə]		时期；节段；节〈n.f.〉
Perle	[pɛʁlə]		珠子〈n.f.〉
Person	[pɛʁzoːn]		人〈n.f.〉
Personal	[pɛʁzɔnaːl]		员工〈n.〉
Personalabteilung	[pɛʁzɔnalabtaɪlʊnk]		全体人员；工作班子；棍棒〈n.f.〉
Persönlichkeit	[pɛʁzœnlɪçkaɪt]		个性〈n.f.〉
Peru	[peːʁʊ]		秘鲁〈n.〉
Perverse	[pɛʁfəʁzə]		使堕落；使反常；歪曲〈n.〉
Perücke	[peːʁʏkə]		假发；激怒〈n.f.〉
Petrus	[pɛtʁʊs]		逐渐消失；逐渐减少〈n.m.〉
Pfad	[pfaːt]		小径〈n.m.〉
Pfahl	[pfaːl]		桩；炮烙刑；木柱〈n.m.〉
Pfand	[pfant]		安全；安全性；防护物〈n.〉
Pfanne	[pfanə]		勺子；以勺掬〈n.f.〉
Pfannkuchen	[pfankʊxən]		煎饼〈n.m.〉
Pfarrer	[pfaʁɐ]		牧师〈n.m.〉
Pfeffer	[pfɛfɐ]		胡椒粉；胡椒；辣椒〈n.m.〉
Pfeife	[pfaɪfə]		烟斗；哨子〈n.f.〉
Pfeifen	[pfaɪfən]		吹哨；吹笛；鸣汽笛〈n.〉
Pfeil	[pfaɪl]		箭〈n.m.〉
Pfennig	[pfɛnɪç]		芬尼；酚尼〈n.m.〉
Pferd	[pfɛʁt]		马〈n.〉
Pflanze	[pflant͡sə]		植物；作物；工厂〈n.f.〉
Pflaster	[pflastɐ]		地方；地点；位置〈n.〉
Pflege	[pfleːɡə]		教化；培养；耕作〈n.f.〉
Pfleger	[pfleːɡɐ]		护士；保姆；奶妈；看护〈n.m.〉
Pflicht	[pflɪçt]		义务〈n.f.〉
Pfund	[pfʊnt]		磅〈n.〉
Phantasie	[fantaziː]		想象力；幻想；奇想〈n.〉
Phantom	[fantoːm]		幻影；虚位；幽灵〈n.〉
Pharao	[faːʁaɔ]		法老；暴君〈n.m.〉
Phase	[faːzə]		阶段〈n.f.〉
Philadelphia	[fiːladəlfɪa]		费城〈n.〉
Philipp	[fiːlɪp]		菲利普〈n.〉
Philippinen	[fiːlɪpɪnən]		菲律宾〈n.〉
Philosoph	[fiːlɔzɔf]		哲学家；哲人；思想开创人〈n.m.〉
Philosophie	[fiːlɔzɔfiː]		哲学；人生观；哲学思想〈n.f.〉
Phoenix	[fɔənɪks]		凤凰；不死鸟；死而复生的人〈n.m.〉
Physik	[fʏziːk]		物理学；物理过程；物理现象；物理〈n.f.〉
Physiker	[fʏziːkɐ]		物理学家；机械唯物论者〈n.m.〉
Phänomen	[fɛːnɔmən]		现象；迹象；表现〈n.〉
Pickel	[pɪkəl]		碎冰锥〈n.m.〉
Pilger	[pɪlɡɐ]		旅行者；朝圣者；香客；朝圣〈n.m.〉
Pille	[pɪlə]		药片〈n.f.〉
Pilot	[piːloːt]		飞行员〈n.m.〉
Pilz	[pɪlt͡s]		伞菌〈n.m.〉
Pilze	[pɪlt͡sə]		真菌；霉菌〈n.〉
Pinguin	[pɪnɡʊiːn]		企鹅；空军地勤人员〈n.m.〉
Pinocchio	[piːnɔkçɪɔ]		童话中的主角〈n.m.〉
Pinsel	[pɪnzəl]		刷子；毛笔〈n.m.〉
Pipi	[piːpɪ]		便士；小便〈n.〉
Pippi	[pɪpɪ]		人名；皮皮〈n.〉
Pirat	[piːʁaːt]		海盗〈n.m.〉
Pistole	[pɪstɔlə]		手枪〈n.f.〉
Pittsburgh	[pɪtsbʊʁɡh]		匹兹堡〈n.〉
Pizza	[pɪt͡st͡sa]		披萨〈n.f.〉
Plage	[plaːɡə]		烦恼；麻烦；困难〈n.f.〉
Plakat	[plaːkaːt]		海报；招贴；驿马〈n.〉
Plan	[plaːn]		计划〈n.m.〉
Plane	[plaːnə]		柏油帆布；油布衣；防水帽；帆布〈n.f.〉
Planet	[plaːnət]		行星〈n.m.〉
Planung	[plaːnʊnk]		计划的制订；策划；设计〈n.f.〉
Plasma	[plasma]		血浆；淋巴液；原生质〈n.〉
Plastik	[plastiːk]		整形手术〈n.f.〉
Platte	[platə]		盘子；唱片〈n.f.〉
Platz	[plat͡s]		广场；位置〈n.m.〉
Platzen	[plat͡sən]		热；热度；体温〈n.〉
Playboy	[plaʏbɔʏ]		花花公子；乖巧的人〈n.m.〉
Plätzchen	[plɛt͡sçən]		一点点；少许；一会儿〈n.〉
Plündern	[plʏndɐn]		抢夺；掠夺品；战利品；掠夺〈n.〉
Pocken	[pɔkən]		天花；痘疮〈n.〉
Poesie	[pɔəziː]		诗；韵文；诗歌艺术〈n.f.〉
Pokal	[poːkaːl]		高脚杯；酒杯〈n.m.〉
Pol	[poːl]		波兰人；极点；磁极〈n.m.〉
Pole	[poːlə]		波兰人；极点；磁极〈n.m.〉
Polen	[poːlən]		波兰〈n.〉
Politik	[poːlɪtiːk]		政治〈n.f.〉
Politiker	[poːlɪtɪkɐ]		政治家〈n.m.〉
Polizei	[poːlɪt͡saɪ]		警察〈n.f.〉
Polizeiarbeit	[poːlɪt͡saɪaʁbaɪt]		警察；警察当局〈n.f.〉
Polizeibericht	[poːlɪt͡saɪbəʁɪçt]		警察；警察当局〈n.m.〉
Polizeifunk	[poːlɪt͡saɪfʊnk]		警察；警察当局〈n.m.〉
Polizist	[poːlɪt͡sɪst]		警察〈n.m.〉
Polizistin	[poːlɪt͡sɪstiːn]		女警察〈n.f.〉
Polo	[poːlɔ]		马球；水球〈n.〉
Pommes	[pɔməs]		薯条〈n.〉
Pony	[poːnʏ]		小马；矮种马；刘海〈n.〉
Popcorn	[pɔpkɔʁn]		爆米花〈n.〉
Pope	[poːpə]		祭司；牧师；神父〈n.m.〉
Popmusik	[pɔpmʊziːk]		流行音乐〈n.f.〉
Popo	[poːpɔ]		建立基础〈n.m.〉
Porno	[pɔʁnɔ]		色情描写；黄色书刊；色情画〈n.〉
Port	[pɔʁt]		港口；埠；舱门〈n.〉
Portal	[pɔʁtaːl]		大门；入口；门户网站〈n.〉
Portier	[pɔʁtiːɐ]		看门人；门房〈n.m.〉
Portion	[pɔʁt͡sjoːn]		部分；一份；命运〈n.f.〉
Portland	[pɔʁtlant]		波特兰〈n.〉
Porträt	[pɔʁtʁɛːt]		肖像；人像；半身像〈n.〉
Portugal	[pɔʁtʊɡaːl]		葡萄牙〈n.〉
Porzellan	[pɔʁt͡səlaːn]		瓷器；瓷〈n.〉
Position	[poːzɪt͡sjoːn]		位置〈n.f.〉
Post	[pɔst]		邮件；职位〈n.f.〉
Postamt	[pɔstamt]		柱；杆；准星〈n.〉
Posten	[pɔstən]		岗位〈n.m.〉
Poster	[pɔstɐ]		海报；招贴；驿马〈n.〉
Potenzial	[poːtənt͡sɪaːl]		潜在性；可能性；潜力〈n.〉
Prag	[pʁaːk]		布拉格〈n.〉
Praktikum	[pʁaktɪkuːm]		受训练的情况；受训者的地位〈n.〉
Praxis	[pʁaksɪs]		诊所；实践〈n.f.〉
Prediger	[pʁeːdɪɡɐ]		传道士；讲道者；牧师〈n.m.〉
Predigt	[pʁeːdɪɡt]		说教；训诫〈n.f.〉
Preis	[pʁaɪs]		价格〈n.m.〉
Preise	[pʁaɪzə]		使变硬；使坚强〈n.〉
Premier	[pʁeːmiːɐ]		总理；首相〈n.m.〉
Premiere	[pʁeːmiːʁə]		首次〈n.f.〉
Premierminister	[pʁeːmiːʁmɪnɪstɐ]		总理〈n.m.〉
Presse	[pʁɛsə]		新闻界〈n.f.〉
Pressekonferenz	[pʁɛsəkɔnfəʁənt͡s]		新闻发布会〈n.f.〉
Priester	[pʁiːstɐ]		神父〈n.m.〉
Prime	[pʁiːmə]		最佳部分；初期〈n.f.〉
Prinz	[pʁɪnt͡s]		王子〈n.m.〉
Prinzessin	[pʁɪnt͡səsiːn]		公主〈n.f.〉
Prinzip	[pʁɪnt͡siːp]		原则〈n.〉
Priorität	[pʁɪɔʁɪtɛːt]		优先〈n.f.〉
Prise	[pʁiːzə]		捏；拧；撮〈n.f.〉
Privatdetektiv	[pʁiːfatdətəktiːf]		秘密侦探〈n.m.〉
Privatleben	[pʁiːfatləbən]		私生活〈n.〉
Privatsphäre	[pʁiːfatsfɛʁə]		隐私〈n.f.〉
Probe	[pʁoːbə]		测试；彩排〈n.f.〉
Problem	[pʁɔbləm]		问题〈n.〉
Produkt	[pʁoːdʊkt]		产品〈n.〉
Produktion	[pʁoːdʊkt͡sjoːn]		生产〈n.f.〉
Produzieren	[pʁoːdʊt͡siːʁən]		生产品；物产；后代；产生〈n.〉
Professor	[pʁoːfəsoːɐ]		教授〈n.m.〉
Profi	[pʁoːfɪ]		专家（口语）〈n.m.〉
Profil	[pʁoːfiːl]		轮廓；资料〈n.〉
Profit	[pʁoːfiːt]		收益；钱财〈n.m.〉
Programm	[pʁɔɡʁam]		节目；程序〈n.〉
Projekt	[pʁɔjəkt]		项目〈n.〉
Prometheus	[pʁoːmətɔʏs]		普罗米修斯〈n.m.〉
Propaganda	[pʁoːpaɡanda]		宣传；宣传活动〈n.f.〉
Prophet	[pʁɔfət]		预言者；先知；幻想家〈n.m.〉
Prostitution	[pʁɔstɪtʊt͡sjoːn]		卖淫；糟蹋；滥用〈n.f.〉
Protestieren	[pʁoːtəstiːʁən]		声明；坚决地表示；申辩〈n.〉
Protokoll	[pʁoːtɔkɔl]		记录〈n.〉
Proviant	[pʁoːfɪant]		食物；养料；食品〈n.m.〉
Provinz	[pʁoːfɪnt͡s]		省；地方；职权〈n.f.〉
Provision	[pʁoːfɪzɪoːn]		委任状；任官令；所委职责〈n.f.〉
Prozedur	[pʁoːt͡səduːɐ]		程序；过程；手续；规程〈n.f.〉
Prozent	[pʁoːt͡sənt]		百分比〈n.〉
Prozess	[pʁoːt͡səs]		过程；诉讼〈n.m.〉
Prämie	[pʁɛːmiː]		奖金；红利〈n.f.〉
Präsentation	[pʁɛːzəntat͡sjoːn]		赠与；描述；介绍；简报〈n.f.〉
Präsenz	[pʁɛːzənt͡s]		出席；面前；存在〈n.f.〉
Präsident	[pʁɛːzɪdənt]		总统〈n.m.〉
Präsidium	[pʁɛːzɪdɪuːm]		常务委员会〈n.〉
Präzision	[pʁɛːt͡sɪzɪoːn]		切断；简明；简洁〈n.f.〉
Prüfung	[pʁyːfʊnk]		考试〈n.f.〉
Prügel	[pʁyːɡəl]		鞭打；击落浇冒口〈n.〉
Prügelei	[pʁyːɡəlaɪ]		打；挫败；搏动；打浆〈n.f.〉
Psyche	[pzʏçə]		灵魂；精神；普赛克〈n.f.〉
Psychiater	[pzʏçɪatɐ]		精神科医生〈n.m.〉
Psychiatrie	[pzʏçɪatʁiː]		精神病学〈n.f.〉
Psychologe	[pzʏçoːlɔɡə]		心理学家〈n.m.〉
Psychologie	[pzʏçoːlɔɡiː]		心理学；心理状态〈n.f.〉
Psychopath	[pzʏçoːpat]		精神病患者；变态人格者〈n.m.〉
Pubertät	[puːbəʁtɛːt]		青春期〈n.f.〉
Publicity	[pʊblɪkɪtʏ]		大肆宣传；皮下注射〈n.〉
Publikum	[pʊblɪkuːm]		观众〈n.〉
Pudding	[pʊdɪnk]		牛奶冻〈n.m.〉
Pudel	[puːdəl]		鬈毛狗〈n.m.〉
Puder	[puːdɐ]		粉；粉末〈n.〉
Puerto	[pʊəʁtɔ]		波多黎各〈n.〉
Puff	[pʊf]		食物；一口烟；赌场小费〈n.m.〉
Pullover	[pʊlɔfɐ]		套头毛衣；套衫〈n.m.〉
Puls	[pʊls]		脉搏〈n.m.〉
Pumpe	[pʊmpə]		抽水机；打气筒；泵〈n.f.〉
Pumpen	[pʊmpən]		灌注；充满〈n.〉
Punkt	[pʊnkt]		点；要点〈n.m.〉
Punsch	[pʊnʃ]		打洞器；钻孔机；冲压机〈n.m.〉
Puppe	[pʊpə]		玩偶〈n.f.〉
Putze	[pʊt͡sə]		弹性；适应性；给；授予〈n.〉
Putzfrau	[pʊt͡sfʁaʊ]		清洁女工〈n.f.〉
Puzzle	[pʊt͡st͡slə]		拼图〈n.〉
Pyramide	[pʏʁaːmɪdə]		角锥；渐增〈n.f.〉
Pärchen	[pɛʁçən]		对；夫妇〈n.〉
Pöbel	[pøːbəl]		暴民；民众〈n.m.〉
Püppchen	[pʏpçən]		婴儿；娃娃；女孩〈n.〉
Qual	[kvaːl]		拷问；苦闷；曲解〈n.f.〉
Qualität	[kvaːlɪtɛːt]		质量〈n.f.〉
Quarantäne	[kvaːʁantɛnə]		隔离；封锁交通〈n.f.〉
Quark	[kvaʁk]		奶油干酪〈n.m.〉
Quarterback	[kvaʁtəʁbak]		（美式橄榄球）四分卫〈n.m.〉
Quartier	[kvaʁtiːɐ]		住所〈n.〉
Quatsch	[kvat͡ʃ]		胡说〈n.m.〉
Quelle	[kvɛlə]		来源〈n.f.〉
Quittung	[kvɪtʊnk]		收据；收入〈n.f.〉
Rabatt	[ʁaːbat]		部分退款；折扣；退还〈n.m.〉
Rabe	[ʁaːbə]		渡鸦；狼吞虎咽〈n.m.〉
Rache	[ʁaxə]		复仇〈n.f.〉
Rad	[ʁaːt]		轮子〈n.〉
Radar	[ʁaːdaːɐ]		雷达〈n.〉
Radio	[ʁaːdɪɔ]		收音机〈n.〉
Radius	[ʁaːdɪʊs]		半径；范围；辐射光线〈n.m.〉
Rahmen	[ʁaːmən]		框；结构；体格；构成〈n.m.〉
Rain	[ʁaɪn]		页边的空白；边缘；界限〈n.m.〉
Rakete	[ʁaːkətə]		火箭〈n.f.〉
Rampe	[ʁampə]		斜坡；坡道〈n.f.〉
Rampenlicht	[ʁampənlɪçt]		脚光；舞台生涯〈n.〉
Ranch	[ʁanç]		牧场〈n.f.〉
Rand	[ʁant]		边缘；陡岸〈n.m.〉
Rang	[ʁank]		等级；排；横列〈n.m.〉
Rascheln	[ʁaʃəln]		沙沙声；悉索声〈n.〉
Rasiermesser	[ʁaːziːʁməsɐ]		剃刀；剃〈n.〉
Rasse	[ʁasə]		种族〈n.f.〉
Rassismus	[ʁasɪsmʊs]		种族主义；种族歧视〈n.m.〉
Rat	[ʁaːt]		建议〈n.m.〉
Rathaus	[ʁataʊs]		市政厅〈n.〉
Ratte	[ʁatə]		老鼠〈n.f.〉
Ratten	[ʁatən]		胡说；瞎扯〈n.〉
Raub	[ʁaʊp]		抢劫〈n.m.〉
Rauben	[ʁaʊbən]		抢夺；掠夺；抢劫〈n.〉
Raubüberfall	[ʁaʊbʏbəʁfal]		抢掠；抢夺；强盗；抢劫〈n.m.〉
Rauch	[ʁaʊx]		烟〈n.m.〉
Raum	[ʁaʊm]		空间；房间〈n.m.〉
Raumschiff	[ʁaʊmʃɪf]		宇宙飞船〈n.〉
Rausch	[ʁaʊʃ]		疯狂；狂暴；狂怒；暴怒〈n.m.〉
Razzia	[ʁat͡st͡sɪa]		袭击；突袭；搜捕；奇袭〈n.f.〉
Reaktion	[ʁɛakt͡sjoːn]		反应〈n.f.〉
Reaktor	[ʁɛaktoːɐ]		反应者；反应器；反应堆〈n.m.〉
Realität	[ʁɛalɪtɛːt]		现实〈n.f.〉
Rechenschaft	[ʁɛçənʃaft]		报告；解释；估价〈n.f.〉
Rechnen	[ʁɛçnən]		计算；算术〈n.〉
Rechner	[ʁɛçnɐ]		计算者；计算器〈n.m.〉
Rechnung	[ʁɛçnʊnk]		账单〈n.f.〉
Rechtsanwalt	[ʁɛçtzanvalt]		律师〈n.m.〉
Redakteur	[ʁeːdaktɔʏɐ]		编者；编辑；主笔〈n.m.〉
Redaktion	[ʁeːdakt͡sjoːn]		编辑室〈n.f.〉
Redensart	[ʁeːdənzaʁt]		习语；成语；惯用语法〈n.f.〉
Redner	[ʁɛdnɐ]		说话人；讲演者；发言人〈n.m.〉
Reduzieren	[ʁeːdʊt͡siːʁən]		缩减；降低；削减〈n.〉
Referenzen	[ʁeːfəʁənt͡sən]		信任状；国书；文件〈n.〉
Regal	[ʁeːɡaːl]		架；行李架；饲草架〈n.〉
Regel	[ʁeːɡəl]		规则〈n.f.〉
Regen	[ʁeːɡən]		雨〈n.m.〉
Regenschirm	[ʁeːɡənʃɪʁm]		雨伞〈n.m.〉
Regie	[ʁeːɡiː]		制造；生产；产物；产生〈n.f.〉
Regierung	[ʁeːɡiːʁʊnk]		政府〈n.f.〉
Regiment	[ʁeːɡɪmənt]		团；组织〈n.〉
Region	[ʁeːɡɪoːn]		圣经带〈n.f.〉
Regisseur	[ʁeːɡɪsɔʏɐ]		导演〈n.m.〉
Register	[ʁeːɡɪstɐ]		寄存器；记录；登记簿〈n.〉
Reh	[ʁeː]		狍〈n.〉
Reiben	[ʁaɪbən]		摩擦；困难；障碍〈n.〉
Reichtum	[ʁaɪçtuːm]		财富〈n.m.〉
Reichweite	[ʁaɪçvaɪtə]		范围〈n.f.〉
Reife	[ʁaɪfə]		成熟；完备；到期〈n.f.〉
Reifen	[ʁaɪfən]		轮胎；成熟〈n.m.〉
Reihe	[ʁaɪə]		排；系列〈n.f.〉
Reihenfolge	[ʁaɪənfɔlɡə]		次序；规则；命令〈n.f.〉
Reinfall	[ʁaɪnfal]		屁股着地的摔倒；丢脸的失误〈n.m.〉
Reinheit	[ʁaɪnhaɪt]		纯净；纯正；纯粹；纯度〈n.f.〉
Reinigung	[ʁaɪnɪɡʊnk]		的复数；零星工作；零活儿〈n.f.〉
Reis	[ʁaɪs]		大米〈n.m.〉
Reise	[ʁaɪzə]		旅行〈n.f.〉
Reiter	[ʁaɪtɐ]		骑手〈n.m.〉
Reiz	[ʁaɪt͡s]		刺激；激励；刺激品；刺激特〈n.m.〉
Reizt	[ʁaɪt͡st]		刺激；激怒（动词现在时）〈n.〉
Reißverschluss	[ʁaɪsfəʁʃlʊs]		拉链〈n.m.〉
Rekord	[ʁeːkɔʁt]		记录；履历；档案〈n.m.〉
Religion	[ʁeːlɪɡɪoːn]		宗教；信仰；宗教信仰〈n.f.〉
Ren	[ʁən]		驯鹿〈n.〉
Rendezvous	[ʁɛndət͡sfɔʊs]		日期；约会〈n.〉
Renn	[ʁɛn]		赛马；赛车；空转；急转〈n.〉
Rennbahn	[ʁɛnbaːn]		比赛场地；赛场〈n.f.〉
Rennfahrer	[ʁɛnfaːʁɐ]		赛马；赛车；空转；急转〈n.m.〉
Reno	[ʁeːnɔ]		里诺〈美国城市名〉〈n.m.〉
Rente	[ʁɛntə]		养老金〈n.f.〉
Rentner	[ʁɛntnɐ]		领取抚恤金者；自费生；为金钱所收买的人〈n.m.〉
Reparatur	[ʁeːpaʁatuːɐ]		修理；补救；修复〈n.f.〉
Reporter	[ʁeːpɔʁtɐ]		记者〈n.m.〉
Republik	[ʁeːpʊbliːk]		共和国〈n.f.〉
Republikaner	[ʁeːpʊblɪkanɐ]		共和党人；共和主义者〈n.m.〉
Reservat	[ʁeːzəʁfaːt]		保留；预定；保留品〈n.〉
Reserve	[ʁeːzəʁfə]		储备品；贮量；后备军〈n.f.〉
Respekt	[ʁɛspəkt]		尊重〈n.m.〉
Rest	[ʁɛst]		剩余〈n.m.〉
Restaurant	[ʁɛstaʊʁant]		餐厅〈n.〉
Retter	[ʁɛtɐ]		救助者〈n.m.〉
Rettung	[ʁɛtʊnk]		营救〈n.f.〉
Rettungswagen	[ʁɛtʊnɡsvaɡən]		救护车〈n.m.〉
Reue	[ʁɔʏə]		后悔；悔改；悔悟〈n.f.〉
Revanche	[ʁeːfançə]		回访比赛〈n.f.〉
Revier	[ʁeːfiːɐ]		管区〈n.〉
Revolution	[ʁeːfɔlʊt͡sjoːn]		革命〈n.f.〉
Revolutionär	[ʁeːfɔlʊt͡sjoːnɛːɐ]		革命家〈n.m.〉
Revolver	[ʁeːfɔlfɐ]		左轮手枪〈n.m.〉
Rezept	[ʁeːt͡səpt]		食谱；处方〈n.〉
Rezeption	[ʁeːt͡səpt͡sjoːn]		旅馆；客栈〈n.f.〉
Rhythmus	[ʁhʏtmʊs]		旋律；节奏；韵律〈n.m.〉
Richmond	[ʁɪçmɔnt]		里士满〈n.〉
Richter	[ʁɪçtɐ]		法官〈n.m.〉
Richtung	[ʁɪçtʊnk]		方向〈n.f.〉
Riegel	[ʁiːɡəl]		条；棒；酒吧〈n.m.〉
Riemen	[ʁiːmən]		带；皮带；捆扎〈n.m.〉
Riese	[ʁiːzə]		庞然大物〈n.m.〉
Rinder	[ʁɪndɐ]		牛；肉牛（复数）〈n.〉
Rindfleisch	[ʁɪndflaɪʃ]		牛肉；肌肉；养；宰；抱怨〈n.〉
Ring	[ʁɪnk]		戒指；环〈n.m.〉
Ringe	[ʁɪnɡə]		蒸馏室；寂静；剧照；蒸馏〈n.〉
Rippchen	[ʁɪpçən]		肋条；排骨〈n.〉
Rippe	[ʁɪpə]		肋骨；肋状物〈n.f.〉
Rippen	[ʁɪpən]		肋骨；肋条（复数）〈n.〉
Risiko	[ʁiːzɪkɔ]		风险〈n.〉
Riss	[ʁɪs]		裂缝；裂沟；裂开；分裂〈n.m.〉
Risse	[ʁɪsə]		形袖章〈n.〉
Ritt	[ʁɪt]		骑马；乘坐；乘车〈n.m.〉
Ritter	[ʁɪtɐ]		骑士〈n.m.〉
Ritual	[ʁiːtʊaːl]		仪式〈n.〉
Ritz	[ʁɪt͡s]		裂缝；裂隙〈n.m.〉
Roboter	[ʁoːbɔtɐ]		机器人〈n.m.〉
Rock	[ʁɔk]		裙子；摇滚〈n.m.〉
Rockmusik	[ʁɔkmʊziːk]		摇滚乐〈n.f.〉
Rockstar	[ʁɔkstaːɐ]		摇滚歌星〈n.m.〉
Rodeo	[ʁoːdɛɔ]		竞技表演；牛市场〈n.〉
Rohr	[ʁoːɐ]		班机；划线者；定期船〈n.〉
Rolle	[ʁɔlə]		角色〈n.f.〉
Rollen	[ʁɔlən]		卷；滚动；名单〈n.〉
Roller	[ʁɔlɐ]		小型摩托车；踏板车；机车〈n.m.〉
Rollstuhl	[ʁɔlstuːl]		轮椅〈n.m.〉
Roman	[ʁoːmaːn]		小说〈n.m.〉
Romantik	[ʁoːmantiːk]		浪漫主义精神；浪漫主义〈n.f.〉
Romantiker	[ʁoːmantɪkɐ]		浪漫主义者；浪漫的人〈n.m.〉
Romanze	[ʁoːmant͡sə]		冒险故事；浪漫史〈n.f.〉
Rose	[ʁoːzə]		玫瑰〈n.f.〉
Rosinen	[ʁoːzɪnən]		有；怀有；拿〈n.〉
Rotes	[ʁoːtəs]		红十字；红十字会〈n.〉
Rouge	[ʁɔʊɡə]		口红；胭脂；擦口红〈n.〉
Route	[ʁɔʊtə]		路线〈n.f.〉
Routine	[ʁɔʊtɪnə]		常规；日常工作；惯例〈n.f.〉
Rubel	[ʁuːbəl]		卢布〈n.m.〉
Rubin	[ʁuːbiːn]		红宝石〈n.m.〉
Ruck	[ʁʊk]		掷；弹；轻击〈n.m.〉
Rucksack	[ʁʊkzak]		背包〈n.m.〉
Rudel	[ʁuːdəl]		包裹；一伙；一副〈n.〉
Ruder	[ʁuːdɐ]		桨〈n.〉
Rudi	[ʁuːdɪ]		贺拉斯〈n.〉
Ruhe	[ʁuːə]		安静；休息〈n.f.〉
Ruhestand	[ʁuːəstant]		退休〈n.m.〉
Ruhm	[ʁuːm]		名声〈n.m.〉
Ruin	[ʁʊiːn]		毁灭；推翻；废墟〈n.m.〉
Rumpeln	[ʁʊmpəln]		隆隆声〈n.〉
Rumpf	[ʁʊmpf]		树干；干线；躯干〈n.m.〉
Runde	[ʁʊndə]		轮次〈n.f.〉
Russe	[ʁʊsə]		俄罗斯人〈n.m.〉
Russland	[ʁʊslant]		俄罗斯〈n.〉
Rutsch	[ʁʊt͡ʃ]		滑；滑道；山崩〈n.m.〉
Rutsche	[ʁʊt͡ʃə]		滑；滑道；山崩〈n.f.〉
Rutschen	[ʁʊt͡ʃən]		滑；滑行；事故〈n.〉
Rätsel	[ʁɛtzəl]		谜语〈n.〉
Räuber	[ʁɔʏbɐ]		强盗〈n.m.〉
Röhre	[ʁøːʁə]		管；软管〈n.f.〉
Römer	[ʁøːmɐ]		罗马人〈n.m.〉
Römische	[ʁøːmɪʃə]		罗马事物；罗马风格〈n.〉
Röntgen	[ʁœntɡən]		伦琴射线；射线；伦琴〈n.〉
Rück	[ʁʏk]		回程；退回；反向〈n.〉
Rücken	[ʁʏkən]		背〈n.m.〉
Rückendeckung	[ʁʏkəndəkʊnk]		后盾；支援；掩护〈n.f.〉
Rückfall	[ʁʏkfal]		旧病复发；倒退；重新犯罪〈n.〉
Rückgrat	[ʁʏkɡʁaːt]		脊椎；志气；骨干〈n.〉
Rückkehr	[ʁʏkkeːɐ]		返回〈n.f.〉
Rückschlag	[ʁʏkʃlaːk]		还击；反手击球；仰泳〈n.m.〉
Rücksicht	[ʁʏkzɪçt]		关心；注意；尊敬〈n.f.〉
Rücksitz	[ʁʏkzɪt͡s]		后座；次要位置〈n.m.〉
Rückstand	[ʁʏkstant]		拖延；拖欠；欠款；拖欠款项〈n.m.〉
Rücktritt	[ʁʏktʁɪt]		辞职；辞呈；听从〈n.m.〉
Rückzieher	[ʁʏkt͡siːɐ]		收回原来的声明〈n.m.〉
Rückzug	[ʁʏkt͡suːk]		撤退〈n.m.〉
Rührt	[ʁyːʁt]		在；向；对；地址转换器〈n.〉
Rüstung	[ʁʏstʊnk]		套装；诉讼；请求〈n.f.〉
SMS	[sms]		短信〈n.f.〉
Saal	[zaːl]		大厅〈n.m.〉
Sabine	[zaːbɪnə]		萨宾人〈n.〉
Sabotage	[zaːbɔtaɡə]		怠工；破坏活动〈n.f.〉
Sache	[zaxə]		事情；东西〈n.f.〉
Sack	[zak]		袋子〈n.m.〉
Sacramento	[zakʁaməntɔ]		萨克拉门托〈n.〉
Saft	[zaft]		果汁〈n.m.〉
Saint	[zaɪnt]		圣路易斯河〈n.〉
Saison	[zaɪzoːn]		季节〈n.f.〉
Sake	[zaːkə]		粗尾猴；日本米酒〈n.m.〉
Salat	[zaːlaːt]		沙拉〈n.m.〉
Salbe	[zalbə]		软膏；油膏；药膏〈n.f.〉
Salon	[zaːloːn]		沙龙〈n.m.〉
Salt	[zalt]		盐湖城机场；盐湖城市中心〈n.〉
Salz	[zalt͡s]		盐〈n.〉
Samen	[zaːmən]		种子；籽；萌芽〈n.〉
Sammler	[zamlɐ]		收集家；捕收剂〈n.m.〉
Sammlung	[zamlʊnk]		收藏〈n.f.〉
Samstag	[zamstaːk]		星期六〈n.m.〉
Samstagabend	[zamstaɡabənt]		星期六〈n.m.〉
Samt	[zamt]		天鹅绒〈n.m.〉
Sanatorium	[zaːnatɔʁɪuːm]		疗养院；疗养所；静养地〈n.〉
Sand	[zant]		沙〈n.m.〉
Sandwich	[zandviːç]		三明治〈n.〉
Sanitäter	[zaːnɪtɛtɐ]		急救员〈n.m.〉
Sankt	[zankt]		圣徒〈n.〉
Santiago	[zantɪaɡɔ]		圣地亚哥〈n.〉
Santos	[zantɔs]		桑托斯〈n.〉
Sarg	[zaʁk]		棺材〈n.m.〉
Sarkasmus	[zaʁkasmʊs]		挖苦；讽刺；讽刺话〈n.m.〉
Satellit	[zaːtəliːt]		陪静脉；陪病部〈n.m.〉
Satz	[zat͡s]		句子〈n.m.〉
Sau	[zaʊ]		母猪（骂语）〈n.f.〉
Sauerei	[zaʊəʁaɪ]		污秽；肮脏〈n.f.〉
Sauerstoff	[zaʊəʁstɔf]		氧气〈n.m.〉
Saufen	[zaʊfən]		喝酒；痛饮〈n.〉
Sauna	[zaʊna]		桑拿浴〈n.f.〉
Scanner	[skanɐ]		扫描仪；扫描盘；审视者；扫描器〈n.m.〉
Schach	[ʃaːx]		国际象棋〈n.〉
Schachmatt	[ʃaxmat]		击破；大败〈n.〉
Schachtel	[ʃaxtəl]		盒子〈n.f.〉
Schachzug	[ʃaxt͡suːk]		以取得优势的开局棋法；开场白；话题〈n.m.〉
Schaden	[ʃaːdən]		损害〈n.m.〉
Schaf	[ʃaːf]		羊〈n.〉
Schafe	[ʃaːfə]		羊；胆小者〈n.〉
Schal	[ʃaːl]		围巾；头巾；领带〈n.m.〉
Schale	[ʃaːlə]		盆；盆地；第三脑室；骨盆〈n.f.〉
Schalter	[ʃaltɐ]		开关；柜台〈n.m.〉
Scham	[ʃaːm]		羞耻；羞愧〈n.f.〉
Schande	[ʃandə]		耻辱〈n.f.〉
Scharfschütze	[ʃaʁfʃʏt͡sə]		射手；狙击兵；神射手；按手印者〈n.m.〉
Schatten	[ʃatən]		影子〈n.m.〉
Schatz	[ʃat͡s]		宝贝；宝藏〈n.m.〉
Schaufel	[ʃaʊfəl]		铲；铁铲〈n.f.〉
Schaukel	[ʃaʊkəl]		摇摆；振幅；音律〈n.f.〉
Schaukeln	[ʃaʊkəln]		摇摆；影响力；支配；摇动〈n.〉
Schaum	[ʃaʊm]		泡沫；水沫〈n.m.〉
Schauspiel	[ʃaʊspiːl]		引人羡慕的东西；景象；眼镜〈n.〉
Schauspieler	[ʃaʊspiːlɐ]		演员〈n.m.〉
Schauspielerin	[ʃaʊspiːləʁiːn]		女演员〈n.f.〉
Scheck	[ʃɛk]		支票〈n.m.〉
Scheibe	[ʃaɪbə]		圆片〈n.f.〉
Scheich	[ʃaɪç]		酋长；王子；村长〈n.m.〉
Scheidung	[ʃaɪdʊnk]		离婚〈n.f.〉
Schein	[ʃaɪn]		外表；光〈n.m.〉
Scheinwerfer	[ʃaɪnvəʁfɐ]		照明灯；反光灯；聚光灯〈n.m.〉
Scheiterhaufen	[ʃaɪtəʁhaʊfən]		葬礼；出殡〈n.m.〉
Schenkel	[ʃɛnkəl]		武器；军事行动；军械〈n.〉
Scher	[ʃɐ]		去；走；达到〈n.〉
Scherben	[ʃɛʁbən]		碎片；破瓷片（复数）〈n.〉
Schere	[ʃeːʁə]		剪刀〈n.f.〉
Scheren	[ʃeːʁən]		修剪；剪下的东西；大剪刀〈n.〉
Scherz	[ʃɛʁt͡s]		玩笑〈n.m.〉
Scheune	[ʃɔʏnə]		谷仓〈n.f.〉
Schicht	[ʃɪçt]		层；班次〈n.f.〉
Schichten	[ʃɪçtən]		成层；分层〈n.〉
Schicksal	[ʃɪkzaːl]		命运〈n.〉
Schiebe	[ʃiːbə]		滑行的；变化的；滑动〈n.〉
Schiedsrichter	[ʃiːdsʁɪçtɐ]		仲裁人；调解人；裁判员；仲裁〈n.m.〉
Schienen	[ʃiːnən]		轨道；拉纤；铁路使用权；轨道使用所交的费〈n.〉
Schießerei	[ʃiːsəʁaɪ]		枪战〈n.f.〉
Schießpulver	[ʃiːspʊlfɐ]		火药；有烟火药〈n.〉
Schiff	[ʃɪf]		船〈n.〉
Schiffs	[ʃɪfs]		船舶；船只（属格/构词成分）〈n.〉
Schild	[ʃɪlt]		盾牌；牌子〈n.〉
Schildkröten	[ʃɪldkʁœtən]		乌龟〈n.〉
Schilling	[ʃɪlɪnk]		先令〈n.m.〉
Schimmel	[ʃɪməl]		模子；模制品；松软沃土〈n.m.〉
Schimmer	[ʃɪmɐ]		光束；微光；反光；闪烁〈n.m.〉
Schinken	[ʃɪnkən]		火腿〈n.m.〉
Schirm	[ʃɪʁm]		伞〈n.m.〉
Schiss	[ʃɪs]		恐惧；害怕（俗）〈n.〉
Schlacht	[ʃlaxt]		战役〈n.f.〉
Schlachtfeld	[ʃlaxtfəlt]		战场；沙场〈n.〉
Schlaf	[ʃlaːf]		睡眠〈n.m.〉
Schlafanzug	[ʃlaːfant͡suːk]		睡衣裤；宽松裤〈n.m.〉
Schlafenszeit	[ʃlaːfənst͡saɪt]		就寝时间〈n.f.〉
Schlafmittel	[ʃlafmɪtəl]		安眠药〈n.〉
Schlafzimmer	[ʃlaft͡sɪmɐ]		卧室〈n.〉
Schlag	[ʃlaːk]		打击〈n.m.〉
Schlaganfall	[ʃlaːɡanfal]		笔划；打；中风〈n.m.〉
Schlagzeile	[ʃlaɡt͡saɪlə]		捕捉；陷阱；捕捉之物〈n.f.〉
Schlagzeug	[ʃlaɡt͡sɔʏk]		敲打；碰撞；叩击〈n.〉
Schlamassel	[ʃlaːmasəl]		食堂；伙食；用膳〈n.〉
Schlamm	[ʃlam]		泥；诽谤；弄脏〈n.m.〉
Schlange	[ʃlanɡə]		蛇；队伍〈n.f.〉
Schlauch	[ʃlaʊx]		水管；橡皮软管〈n.m.〉
Schleier	[ʃlaɪɐ]		帐；幕〈n.m.〉
Schleife	[ʃlaɪfə]		环；圈；弯曲部分〈n.f.〉
Schleifen	[ʃlaɪfən]		刺耳的；沉重的；剧烈的；研磨〈n.〉
Schleim	[ʃlaɪm]		粘液〈n.m.〉
Schleppen	[ʃlɛpən]		拖车；拖吊〈n.〉
Schleudern	[ʃlɔʏdɐn]		打滑甩尾；脱水甩干；抛掷〈n.〉
Schließ	[ʃliːs]		关闭（schließen 变化形式）〈n.〉
Schließe	[ʃliːsə]		扣子；钩；紧握；扣紧〈n.f.〉
Schließfach	[ʃliːsfaːx]		抽屉；小柜；上锁人；锁柜〈n.〉
Schlinge	[ʃlɪnɡə]		索环；环扣〈n.f.〉
Schlitten	[ʃlɪtən]		滑；滑道；山崩〈n.m.〉
Schlitz	[ʃlɪt͡s]		裂缝；投币口〈n.m.〉
Schloss	[ʃlɔs]		锁；宫殿〈n.〉
Schlucht	[ʃlʊxt]		峡谷；海底悬崖〈n.f.〉
Schluck	[ʃlʊk]		一口〈n.m.〉
Schluckauf	[ʃlʊkaʊf]		打嗝〈n.m.〉
Schluss	[ʃlʊs]		结束〈n.m.〉
Schlussfolgerung	[ʃlʊsfɔlɡəʁʊnk]		结论；结尾；推论；缔结〈n.f.〉
Schläger	[ʃlɛːɡɐ]		球拍；恶棍〈n.m.〉
Schlägerei	[ʃlɛːɡəʁaɪ]		打架；争吵；斗志；对抗〈n.f.〉
Schlückchen	[ʃlʏkçən]		啜饮；小口喝〈n.〉
Schlüpfen	[ʃlʏpfən]		阴影；影线；剖面线〈n.〉
Schlüssel	[ʃlʏsəl]		钥匙〈n.m.〉
Schmelzen	[ʃmɛlt͡sən]		熔合物；结合；熔合；熔融〈n.〉
Schmerz	[ʃmɛʁt͡s]		疼痛〈n.m.〉
Schmetterling	[ʃmɛtəʁlɪnk]		蝴蝶；蝶式棉块；翼形皮癣；纸蝶〈n.m.〉
Schmieden	[ʃmiːdən]		锻炼；伪造；锻造；锻件〈n.〉
Schmiere	[ʃmiːʁə]		食堂；伙食；用膳〈n.f.〉
Schminke	[ʃmɪnkə]		捏造〈n.f.〉
Schmuck	[ʃmʊk]		首饰〈n.m.〉
Schmuckstück	[ʃmʊkstʏk]		块；片；篇〈n.〉
Schmuggler	[ʃmʊɡlɐ]		走私者；走私船〈n.m.〉
Schmutz	[ʃmʊt͡s]		污垢；泥土〈n.m.〉
Schmücken	[ʃmʏkən]		墓穴；坟墓；终结〈n.〉
Schnabel	[ʃnaːbəl]		鸟嘴；喙；嘴〈n.m.〉
Schnaps	[ʃnaps]		烈酒〈n.m.〉
Schnauze	[ʃnaʊt͡sə]		嘴（粗俗）〈n.f.〉
Schnecke	[ʃnɛkə]		蜗牛；行动迟缓的人；脑筋迟钝的人〈n.f.〉
Schnecken	[ʃnɛkən]		腹足类；蜗牛〈n.〉
Schnee	[ʃneː]		雪〈n.m.〉
Schneesturm	[ʃneːstʊʁm]		暴风雪；雪暴〈n.m.〉
Schneewittchen	[ʃneːvɪtçən]		雪；积雪；下雪〈n.〉
Schnupfen	[ʃnʊpfən]		头；头脑；领袖〈n.m.〉
Schnüffeln	[ʃnʏfəln]		吸食强力胶的习惯〈n.〉
Schnürsenkel	[ʃnʏʁzənkəl]		长靴；踢；解雇〈n.m.〉
Schock	[ʃɔk]		震惊〈n.m.〉
Schokolade	[ʃoːkɔladə]		巧克力〈n.f.〉
Schonen	[ʃoːnən]		爱护；保重（schonen 变化形式）〈n.〉
Schrank	[ʃʁank]		柜子〈n.m.〉
Schraube	[ʃʁaʊbə]		门闩；螺钉；筛子〈n.f.〉
Schreck	[ʃʁɛk]		惊骇；吃惊；惊吓〈n.m.〉
Schrecken	[ʃʁɛkən]		惊恐〈n.m.〉
Schreiber	[ʃʁaɪbɐ]		作家；撰稿者；抄写员；记录器〈n.m.〉
Schreibmaschine	[ʃʁaɪbmaʃɪnə]		打字机〈n.f.〉
Schreibtisch	[ʃʁaɪbtɪʃ]		书桌〈n.m.〉
Schrein	[ʃʁaɪn]		圣地；神龛〈n.m.〉
Schrift	[ʃʁɪft]		身体；人；尸体〈n.f.〉
Schriftsteller	[ʃʁɪftstəlɐ]		作家〈n.m.〉
Schritt	[ʃʁɪt]		步伐〈n.m.〉
Schrott	[ʃʁɔt]		废铁〈n.m.〉
Schrottplatz	[ʃʁɔtplat͡s]		废品堆放场〈n.m.〉
Schräge	[ʃʁɛːɡə]		斜面；斜角〈n.f.〉
Schub	[ʃuːp]		弹指；刺激〈n.m.〉
Schublade	[ʃʊbladə]		抽屉〈n.f.〉
Schubs	[ʃʊbs]		刺；戳；袋子〈n.m.〉
Schuft	[ʃʊft]		恶棍；无赖；坏蛋〈n.m.〉
Schuh	[ʃuː]		鞋〈n.m.〉
Schuld	[ʃʊlt]		过错；责任〈n.f.〉
Schulden	[ʃʊldən]		债务〈n.〉
Schuldgefühle	[ʃʊldɡəfyːlə]		良心的责备；后悔；悔恨〈n.〉
Schule	[ʃuːlə]		学校〈n.f.〉
Schuljahr	[ʃʊljaːɐ]		学年〈n.〉
Schultag	[ʃʊltaːk]		教学日；学生时代〈n.m.〉
Schulter	[ʃʊltɐ]		肩膀〈n.f.〉
Schuppen	[ʃʊpən]		棚屋〈n.m.〉
Schurke	[ʃʊʁkə]		恶棍；流氓〈n.m.〉
Schuss	[ʃʊs]		射击〈n.m.〉
Schusslinie	[ʃʊslɪniː]		发射线〈n.f.〉
Schusswunde	[ʃʊsvʊndə]		枪弹；射击；炮击〈n.f.〉
Schutt	[ʃʊt]		垃圾堆；垃圾填埋地〈n.m.〉
Schutz	[ʃʊt͡s]		保护〈n.m.〉
Schutzengel	[ʃʊt͡sənɡəl]		守护神；守护天使〈n.m.〉
Schwachkopf	[ʃvaxkɔpf]		傻瓜〈n.m.〉
Schwachsinn	[ʃvaksɪn]		胡说〈n.m.〉
Schwachstelle	[ʃvakstələ]		缺点；裂纹；瑕疵〈n.f.〉
Schwager	[ʃvaːɡɐ]		姐夫；妹夫〈n.m.〉
Schwamm	[ʃvam]		海绵；吸收掉〈n.m.〉
Schwan	[ʃvaːn]		天鹅；天鹅星座〈n.m.〉
Schwangere	[ʃvanɡəʁə]		孕妇〈n.f.〉
Schwangerschaft	[ʃvanɡəʁʃaft]		怀孕；丰富；多产〈n.f.〉
Schwanzlutscher	[ʃvant͡slʊt͡ʃɐ]		狗杂种；浑蛋〈n.m.〉
Schwarm	[ʃvaʁm]		群；大群；蜂群〈n.m.〉
Schwarzer	[ʃvaʁt͡sɐ]		黑色〈n.〉
Schwarzmarkt	[ʃvaʁt͡smaʁkt]		黑市〈n.m.〉
Schweben	[ʃveːbən]		漂浮；浮选；筹款〈n.〉
Schwede	[ʃveːdə]		瑞典人〈n.m.〉
Schweden	[ʃveːdən]		瑞典〈n.〉
Schwefel	[ʃveːfəl]		硫磺；硫〈n.〉
Schweigepflicht	[ʃvaɪɡəpflɪçt]		秘密；保密；秘密状态〈n.f.〉
Schwein	[ʃvaɪn]		猪〈n.〉
Schweinchen	[ʃvaɪnçən]		小猪；乳猪〈n.〉
Schweinefleisch	[ʃvaɪnəflaɪʃ]		猪肉〈n.〉
Schweinehund	[ʃvaɪneːʊnt]		猪；卑鄙的家伙〈n.m.〉
Schweinerei	[ʃvaɪnəʁaɪ]		坏事；恶行〈n.f.〉
Schweiz	[ʃvaɪt͡s]		瑞士〈n.〉
Schweizer	[ʃvaɪt͡sɐ]		瑞士人〈n.〉
Schweiß	[ʃvaɪs]		汗；汗水；水珠〈n.m.〉
Schwelle	[ʃvɛlə]		基石；槛；窗台〈n.f.〉
Schwellung	[ʃvɛlʊnk]		肿胀；肿大；隆起部〈n.f.〉
Schweres	[ʃveːʁəs]		沉重之物；困难的事〈n.〉
Schwerkraft	[ʃvɛʁkʁaft]		重力；地心引力〈n.f.〉
Schwert	[ʃvɛʁt]		剑〈n.〉
Schwester	[ʃvɛstɐ]		姐妹；护士〈n.f.〉
Schwiegermutter	[ʃviːɡəʁmʊtɐ]		婆母；岳母〈n.f.〉
Schwiegersohn	[ʃviːɡəʁzoːn]		女婿〈n.m.〉
Schwiegertochter	[ʃviːɡəʁtɔxtɐ]		媳妇〈n.f.〉
Schwiegervater	[ʃviːɡəʁfatɐ]		公公；岳父〈n.m.〉
Schwierigkeit	[ʃviːʁɪɡkaɪt]		困难〈n.f.〉
Schwimmer	[ʃvɪmɐ]		游泳者〈n.m.〉
Schwindel	[ʃvɪndəl]		眩晕；眩晕症；骗局〈n.m.〉
Schwindler	[ʃvɪndlɐ]		骗子〈n.m.〉
Schwingen	[ʃvɪnɡən]		摇摆；振幅；音律〈n.〉
Schwule	[ʃvuːlə]		男同性恋者〈n.m.〉
Schwung	[ʃvʊnk]		热情；气魄；神韵〈n.m.〉
Schwur	[ʃvuːɐ]		誓约；誓言；许愿；起誓〈n.m.〉
Schwäche	[ʃvɛçə]		弱点〈n.f.〉
Schwägerin	[ʃvɛːɡəʁiːn]		夫的姊妹；嫂子〈n.f.〉
Schwänze	[ʃvɛnt͡sə]		角落；转角〈n.f.〉
Schwänzen	[ʃvɛnt͡sən]		玩忽职守；旷课；旷学；旷职〈n.〉
Schädel	[ʃɛːdəl]		头骨〈n.m.〉
Schönheit	[ʃœnhaɪt]		美丽〈n.f.〉
Schöpfen	[ʃœpfən]		铲子；勺子；穴〈n.〉
Schöpfer	[ʃœpfɐ]		上帝；创造者；创作者〈n.m.〉
Schöpfung	[ʃœpfʊnk]		创造；创作物；发明；产生〈n.f.〉
Schüler	[ʃyːlɐ]		学生〈n.m.〉
Schülerin	[ʃyːləʁiːn]		女学生〈n.f.〉
Schürze	[ʃʏʁt͡sə]		围裙〈n.f.〉
Schüssel	[ʃʏsəl]		盖碗；焙盘〈n.f.〉
Schütteln	[ʃʏtəln]		摇动；震动；动摇〈n.〉
Schütze	[ʃʏt͡sə]		射手〈n.m.〉
Schützling	[ʃʏt͡slɪnk]		被保护者；门徒〈n.m.〉
See	[zeː]		湖〈n.f.〉
Seele	[zeːlə]		灵魂〈n.f.〉
Seemann	[zeːman]		船员；海员；水兵〈n.m.〉
Segel	[zeːɡəl]		帆；篷；帆船〈n.〉
Segen	[zeːɡən]		祝福〈n.m.〉
Sehne	[zeːnə]		腱〈n.f.〉
Sehnsucht	[zeːnzʊxt]		渴望〈n.f.〉
Seife	[zaɪfə]		肥皂〈n.f.〉
Seil	[zaɪl]		绳子〈n.〉
Seite	[zaɪtə]		页；边〈n.f.〉
Sekretär	[zɛkʁətɛːɐ]		秘书；书记；大臣〈n.m.〉
Sekretärin	[zɛkʁətɛʁiːn]		女秘书〈n.f.〉
Sekt	[zɛkt]		汽酒〈n.m.〉
Sektion	[zɛkt͡sjoːn]		区段；部分；区域〈n.f.〉
Sektor	[zɛktoːɐ]		区域〈n.m.〉
Sekunde	[zeːkʊndə]		秒〈n.f.〉
Selbstachtung	[zɛlbstaxtʊnk]		自尊；自负；自大〈n.f.〉
Selbstbewusstsein	[zɛlbstbəvʊstzaɪn]		自我〈n.〉
Selbstmitleid	[zɛlbstmɪtlaɪt]		自怜〈n.〉
Selbstmord	[zɛlbstmɔʁt]		自杀〈n.m.〉
Selbstvertrauen	[zɛlbstfəʁtʁaʊən]		自信〈n.〉
Selbstzerstörung	[zɛlbst͡səʁstœʁʊnk]		自毁；自杀〈n.f.〉
Semester	[zeːməstɐ]		术语；专有名词；期限〈n.〉
Seminar	[zeːmɪnaːɐ]		研究班；专家讨论会〈n.〉
Senat	[zeːnaːt]		参议院；立法机构；评议会〈n.m.〉
Senator	[zeːnatoːɐ]		参议员〈n.m.〉
Senatoren	[zeːnatɔʁən]		参议员（复数）〈n.〉
Sender	[zɛndɐ]		电视台〈n.m.〉
Sendung	[zɛndʊnk]		节目；运送〈n.f.〉
Senf	[zɛnf]		芥末；芥菜；强烈的兴趣；芥子〈n.m.〉
Senior	[zeːnɪoːɐ]		年长者；资深者〈n.m.〉
Sensation	[zɛnzat͡sjoːn]		感觉；轰动〈n.f.〉
Sensor	[zɛnzoːɐ]		传感器〈n.m.〉
Seoul	[zɛɔuːl]		灵魂；心灵；精神〈n.〉
September	[zɛptəmbɐ]		九月〈n.m.〉
Serge	[zɛʁɡə]		哔叽〈n.f.〉
Sergeant	[zɛʁɡɛant]		警官〈n.m.〉
Serie	[zeːʁiː]		系列〈n.f.〉
Serum	[zeːʁuːm]		浆液；血清；乳清〈n.〉
Service	[zɛʁfɪkə]		服务〈n.m.〉
Sessel	[zɛsəl]		活动靠背扶手椅；躺椅〈n.m.〉
Seuche	[zɔʏxə]		瘟疫；流行病；传染病〈n.f.〉
Seufzer	[zɔʏft͡sɐ]		叹息〈n.m.〉
Sex	[zɛks]		性〈n.m.〉
Sexualität	[zɛksʊalɪtɛːt]		性征；性行为；性欲；性别〈n.f.〉
Sheriff	[sheːʁɪf]		警长〈n.m.〉
Shogun	[shoːɡuːn]		幕府时代的将军〈n.m.〉
Show	[shoːv]		节目；表演〈n.f.〉
Sibirien	[ziːbɪʁiːn]		西伯利亚〈n.〉
Sicherheit	[zɪçəʁhaɪt]		安全〈n.f.〉
Sicherheitsmaßnahmen	[zɪçəʁhaɪtsmasnaːmən]		保障措施〈n.〉
Sicherheitssystem	[zɪçəʁhaɪtsʏstəm]		安全；保险；平安〈n.〉
Sicherung	[zɪçəʁʊnk]		安全；保险；平安〈n.f.〉
Sicht	[zɪçt]		视线〈n.f.〉
Sichtkontakt	[zɪçtkɔntakt]		视觉的；视力的；视觉性记忆优势者〈n.m.〉
Sichtweise	[zɪçtvaɪzə]		倾斜；斜面；观点〈n.f.〉
Siedler	[ziːdlɐ]		移民者；解决者；结算员；沉淀池〈n.m.〉
Siedlung	[ziːdlʊnk]		安顿；解决；处理〈n.f.〉
Sieg	[ziːk]		胜利〈n.m.〉
Siegel	[ziːɡəl]		印章；封条；海豹〈n.〉
Sieger	[ziːɡɐ]		优胜者〈n.m.〉
Signal	[zɪɡnaːl]		信号〈n.〉
Signatur	[zɪɡnatuːɐ]		签字；识别标志；调号；签名附件〈n.f.〉
Silber	[zɪlbɐ]		银〈n.〉
Silvester	[zɪlfəstɐ]		除夕；新年前夜；新年前夕；新年除夕〈n.m.〉
Sims	[zɪms]		突出部分；暗礁；矿层〈n.〉
Singapur	[zɪnɡapuːɐ]		新加坡〈n.〉
Single	[zɪnɡlə]		单曲；单身〈n.m.〉
Sinken	[zɪnkən]		下降；排出；散开〈n.〉
Sinn	[zɪn]		意义〈n.m.〉
Sirene	[ziːʁənə]		警报器〈n.f.〉
Sirup	[ziːʁuːp]		糖浆；果汁；糖浆剂〈n.m.〉
Sitten	[zɪtən]		习惯；道德态度；惯例〈n.〉
Situation	[ziːtʊat͡sjoːn]		情况〈n.f.〉
Sitz	[zɪt͡s]		座位〈n.m.〉
Sitzung	[zɪt͡sʊnk]		会议〈n.f.〉
Sizilien	[ziːt͡sɪliːn]		西西里岛〈n.〉
Skala	[skaːla]		刻度；衡量；比例〈n.f.〉
Skalpell	[skalpəl]		手术刀〈n.〉
Skandal	[skandaːl]		丑闻〈n.m.〉
Skelett	[skeːlət]		骨骼；骨瘦如柴的人；梗概〈n.〉
Ski	[skɪ]		滑雪板〈n.m.〉
Skip	[skiːp]		跳跃；跳读；跳越〈n.m.〉
Skipper	[skɪpɐ]		船长；机长；队长〈n.m.〉
Sklave	[sklaːfə]		奴隶〈n.m.〉
Sklaverei	[sklaːfəʁaɪ]		奴隶的身分；奴隶状态〈n.f.〉
Skorpion	[skɔʁpɪoːn]		蝎子；心黑的人；蝎尾鞭；蝎〈n.m.〉
Skulptur	[skʊlptuːɐ]		雕刻；雕塑〈n.f.〉
Skye	[skʏə]		匐犬；斯凯岛〈n.〉
Slip	[sliːp]		三角裤〈n.m.〉
Slogan	[sloːɡaːn]		呐喊声；标语；口号〈n.m.〉
Smoking	[smoːkɪnk]		夜小礼服；夜便礼服〈n.m.〉
Snake	[snaːkə]		蛇；拉〈n.m.〉
Socke	[zɔkə]		袜子〈n.f.〉
Sofa	[zoːfa]		沙发〈n.〉
Software	[zɔftvaʁə]		软件；软设备〈n.f.〉
Sohn	[zoːn]		儿子〈n.m.〉
Soldat	[zɔldaːt]		士兵〈n.m.〉
Solo	[zoːlɔ]		独奏；独唱〈n.〉
Sommer	[zɔmɐ]		夏天〈n.m.〉
Sonde	[zɔndə]		探索；调查；探针〈n.f.〉
Sonne	[zɔnə]		太阳〈n.f.〉
Sonnen	[zɔnən]		太阳（复数）；晒太阳〈n.〉
Sonnenaufgang	[zɔnənaʊfɡank]		日出〈n.m.〉
Sonnenbrille	[zɔnənbʁɪlə]		太阳镜；墨镜；太阳眼镜〈n.f.〉
Sonnenlicht	[zɔnənlɪçt]		日光；太阳光〈n.〉
Sonnenschein	[zɔnənʃaɪn]		阳光〈n.m.〉
Sonnensystem	[zɔnənzʏstəm]		太阳系〈n.〉
Sonnenuntergang	[zɔnənʊntəʁɡank]		日落〈n.m.〉
Sonntag	[zɔntaːk]		星期日〈n.m.〉
Sonntags	[zɔntaɡs]		每逢星期天（sonntags 副词形式）〈n.〉
Sorge	[zɔʁɡə]		担忧〈n.f.〉
Sorte	[zɔʁtə]		种类〈n.f.〉
Sowjetunion	[zɔvjətʊnɪoːn]		苏维埃联盟；苏联〈n.f.〉
Soße	[zoːsə]		酱油；调味汁〈n.f.〉
Spalt	[ʃpalt]		裂缝；裂沟；裂开；分裂〈n.m.〉
Spanien	[ʃpaːniːn]		西班牙〈n.〉
Spanier	[ʃpaːniːɐ]		西班牙人〈n.m.〉
Spanisch	[ʃpaːnɪʃ]		西班牙语〈n.〉
Spannung	[ʃpanʊnk]		紧张；电压〈n.f.〉
Spare	[ʃpaːʁə]		浪费；废物；损耗〈n.〉
Spatz	[ʃpat͡s]		麻雀〈n.m.〉
Spaziergang	[ʃpaːt͡siːʁɡank]		散步〈n.m.〉
Spaß	[ʃpaːs]		乐趣；玩笑〈n.m.〉
Speck	[ʃpɛk]		培根〈n.m.〉
Speed	[ʃpeːt]		速率；速度；迅速；加速〈n.〉
Speer	[ʃpeːɐ]		标枪〈n.m.〉
Speicher	[ʃpaɪçɐ]		仓库；货栈〈n.m.〉
Speichern	[ʃpaɪçɐn]		存储；储存；保全〈n.〉
Speisen	[ʃpaɪzən]		热身；重新煮热；变暖；温车〈n.〉
Speisesaal	[ʃpaɪzəzaːl]		大餐厅；食堂；饭厅〈n.m.〉
Spekulieren	[ʃpeːkʊliːʁən]		沉思；推测；投机；投机交易〈n.〉
Spende	[ʃpɛndə]		捐赠物；捐款；捐赠；赠品〈n.f.〉
Spender	[ʃpɛndɐ]		捐赠人；给体；供体〈n.m.〉
Sperma	[ʃpɛʁma]		精液；精虫；鲸油〈n.〉
Spezialeinheit	[ʃpeːt͡sɪalaɪnhaɪt]		特种部队〈n.f.〉
Spezialisten	[ʃpeːt͡sɪalɪstən]		钥匙；键；解答〈n.〉
Spezialität	[ʃpeːt͡sɪalɪtɛːt]		专长；擅长；特种技能〈n.f.〉
Spezies	[ʃpeːt͡siːs]		物种〈n.f.〉
Spiegel	[ʃpiːɡəl]		镜子〈n.m.〉
Spiegelbild	[ʃpiːɡəlbɪlt]		反映；反射；映照〈n.〉
Spiel	[ʃpiːl]		游戏；比赛〈n.〉
Spielchen	[ʃpiːlçən]		小把戏〈n.〉
Spieler	[ʃpiːlɐ]		玩家〈n.m.〉
Spielfeld	[ʃpiːlfəlt]		运动场；比赛场地〈n.〉
Spielplatz	[ʃpiːlplat͡s]		运动场；操场；度假胜地〈n.m.〉
Spielverderber	[ʃpiːlfəʁdəʁbɐ]		扫兴者〈n.m.〉
Spielzeug	[ʃpiːlt͡sɔʏk]		玩具〈n.〉
Spinat	[ʃpiːnaːt]		菠菜；货币；胡说八道〈n.m.〉
Spind	[ʃpɪnt]		抽屉；小柜；上锁人；锁柜〈n.m.〉
Spinne	[ʃpɪnə]		蜘蛛〈n.f.〉
Spinner	[ʃpɪnɐ]		怪人（口语）〈n.m.〉
Spion	[ʃpɪoːn]		间谍〈n.m.〉
Spionage	[ʃpɪɔnaɡə]		刺探；间谍〈n.f.〉
Spitzname	[ʃpɪt͡snamə]		碧海蓝天〈n.〉
Splitter	[ʃplɪtɐ]		碎屑；破片；凿平〈n.m.〉
Sponsor	[ʃpɔnzoːɐ]		保证人；赞助者；发起者〈n.m.〉
Spontan	[ʃpɔntaːn]		特定场合〈n.〉
Sport	[ʃpɔʁt]		体育〈n.m.〉
Sportler	[ʃpɔʁtlɐ]		运动员；运动选手〈n.m.〉
Sportwagen	[ʃpɔʁtvaɡən]		跑车；运动汽车〈n.m.〉
Sprache	[ʃpʁaxə]		语言〈n.f.〉
Sprecher	[ʃpʁɛçɐ]		发言人；代言者〈n.m.〉
Sprengstoff	[ʃpʁɛnɡstɔf]		炸药〈n.m.〉
Sprichwort	[ʃpʁɪçvɔʁt]		谚语；格言〈n.〉
Spring	[ʃpʁɪnk]		倒缆；拱脚线；斜系船缆〈n.f.〉
Spritze	[ʃpʁɪt͡sə]		注射器〈n.f.〉
Spritzen	[ʃpʁɪt͡sən]		打猎；枪杀；喷补〈n.〉
Spritztour	[ʃpʁɪt͡stɔuːɐ]		驾车兜风；偷车乱开；乘汽车兜风〈n.f.〉
Spruch	[ʃpʁuːx]		话语〈n.m.〉
Sprung	[ʃpʁʊnk]		跳跃〈n.m.〉
Spuck	[ʃpʊk]		唾液；唾吐；小雨〈n.〉
Spucke	[ʃpʊkə]		唾液；唾吐；小雨〈n.f.〉
Spur	[ʃpuːɐ]		线索；踪迹〈n.f.〉
Spurensicherung	[ʃpuːʁənzɪçəʁʊnk]		收集；采集；收藏品〈n.f.〉
Spüle	[ʃpyːlə]		藏垢的场所；沟渠〈n.f.〉
Staat	[ʃtaːt]		国家〈n.m.〉
Staatliche	[ʃtaːtlɪçə]		酒鬼〈n.〉
Staatsanwalt	[ʃtaːtzanvalt]		检察官〈n.m.〉
Staatsanwaltschaft	[ʃtaːtzanvalt͡ʃaft]		检察院〈n.f.〉
Staatsbürger	[ʃtaːtsbʏʁɡɐ]		市民；公民；国民〈n.m.〉
Stab	[ʃtaːp]		竿；笞鞭；小枝；棒〈n.m.〉
Stabilität	[ʃtaːbɪlɪtɛːt]		安定；稳定性；坚实〈n.f.〉
Stacheldraht	[ʃtaxəldʁaːt]		铁丝网；带刺铁丝〈n.m.〉
Stadion	[ʃtaːdɪoːn]		病期〈n.〉
Stadium	[ʃtaːdɪuːm]		阶段；舞台；场所〈n.〉
Stadt	[ʃtadt]		城市〈n.f.〉
Stadtrat	[ʃtadtʁaːt]		城镇；市；镇〈n.m.〉
Staffel	[ʃtafəl]		季度；梯队〈n.f.〉
Stahl	[ʃtaːl]		钢；钢制品；钢铁〈n.m.〉
Stall	[ʃtal]		马厩〈n.m.〉
Stamm	[ʃtam]		树干；部落〈n.m.〉
Stammbaum	[ʃtambaʊm]		血统；家谱；名门世系；家系〈n.m.〉
Standard	[ʃtandaʁt]		标准；规格；旗〈n.m.〉
Standort	[ʃtandɔʁt]		位置〈n.m.〉
Standpunkt	[ʃtandpʊnkt]		站立；站住；停顿〈n.m.〉
Stange	[ʃtanɡə]		条；棒；酒吧〈n.f.〉
Stapel	[ʃtaːpəl]		一次所烘的面包；一次所制之量；一组〈n.m.〉
Star	[ʃtaːɐ]		明星〈n.m.〉
Start	[ʃtaʁt]		开始〈n.m.〉
Station	[ʃtaːt͡sjoːn]		车站〈n.f.〉
Statistik	[ʃtaːtɪstiːk]		统计学〈n.f.〉
Statue	[ʃtaːtʊə]		雕像〈n.f.〉
Status	[ʃtaːtʊs]		状态〈n.m.〉
Staub	[ʃtaʊp]		灰尘〈n.m.〉
Staubsauger	[ʃtaʊbzaʊɡɐ]		真空吸尘器〈n.m.〉
Steak	[ʃtɛaːk]		牛排〈n.〉
Stechen	[ʃtɛçən]		赛跑开始〈n.〉
Stein	[ʃtaɪn]		石头〈n.m.〉
Steinbruch	[ʃtaɪnbʁuːx]		采石场；方形石；猎物〈n.m.〉
Stelle	[ʃtɛlə]		地方；职位〈n.f.〉
Stellung	[ʃtɛlʊnk]		位置；姿态〈n.f.〉
Stellungnahme	[ʃtɛlʊnɡnaːmə]		意见；评价；主张〈n.f.〉
Stellvertreter	[ʃtɛlfəʁtʁətɐ]		秒；瞬间；第二名〈n.m.〉
Stempel	[ʃtɛmpəl]		雌蕊〈n.m.〉
Sterbliche	[ʃtɛʁblɪçə]		凡人；会死的人类〈n.〉
Stern	[ʃtɐn]		星〈n.m.〉
Sternzeit	[ʃtɛʁnt͡saɪt]		恒星时〈n.f.〉
Steuer	[ʃtɔʏɐ]		税；方向盘〈n.f.〉
Steuerbord	[ʃtɔʏəʁbɔʁt]		右舷；向右转舵〈n.〉
Steuermann	[ʃtɔʏəʁman]		舵手；做舵手〈n.m.〉
Steuerung	[ʃtɔʏəʁʊnk]		控制；管理；克制〈n.f.〉
Stewardess	[ʃtɛvaʁdəs]		空中小姐；女管理人；女管家〈n.f.〉
Stich	[ʃtiːç]		刺〈n.m.〉
Stichwort	[ʃtɪçvɔʁt]		口号；标语；口头禅〈n.〉
Stiefel	[ʃtiːfəl]		靴子〈n.m.〉
Stiefmutter	[ʃtiːfmʊtɐ]		继母〈n.f.〉
Stiefvater	[ʃtiːffatɐ]		继父〈n.m.〉
Stiel	[ʃtiːl]		柄；把手；把柄〈n.m.〉
Stier	[ʃtiːɐ]		公牛；买方；买空者〈n.m.〉
Stift	[ʃtɪft]		笔〈n.m.〉
Stiftung	[ʃtɪftʊnk]		基础；根据；建立；地基〈n.f.〉
Stil	[ʃtiːl]		风格〈n.m.〉
Stille	[ʃtɪlə]		寂静〈n.f.〉
Stillstand	[ʃtɪlstant]		淤塞；停滞；滞留〈n.m.〉
Stimme	[ʃtɪmə]		声音〈n.f.〉
Stimmengewirr	[ʃtɪmənɡəvɪʁ]		七嘴八舌〈n.〉
Stimmung	[ʃtɪmʊnk]		情绪；气氛〈n.f.〉
Stinker	[ʃtɪnkɐ]		发恶臭之人；臭鬼〈n.m.〉
Stipendium	[ʃtiːpəndɪuːm]		学问；学术成就；奖学金〈n.〉
Stirn	[ʃtɪʁn]		额头〈n.f.〉
Stock	[ʃtɔk]		棒；楼层〈n.m.〉
Stockholm	[ʃtɔkhɔlm]		斯德哥尔摩〈n.〉
Stockwerk	[ʃtɔkvəʁk]		地板；楼层；底部〈n.〉
Stoff	[ʃtɔf]		材料；情节〈n.m.〉
Stoffe	[ʃtɔfə]		流溢；面红；旺盛〈n.〉
Stopfen	[ʃtɔpfən]		织补物〈n.〉
Stoß	[ʃtoːs]		冲击；冲突；影响〈n.m.〉
Strafe	[ʃtʁaːfə]		惩罚〈n.f.〉
Straftat	[ʃtʁaftaːt]		犯罪；罪行；罪恶〈n.f.〉
Strafzettel	[ʃtʁaft͡sətəl]		罚单；违规停车罚单〈n.m.〉
Strahlen	[ʃtʁaːlən]		横梁；杆；光线〈n.〉
Strahlung	[ʃtʁaːlʊnk]		辐射；放射〈n.f.〉
Strand	[ʃtʁant]		海滩〈n.m.〉
Strang	[ʃtʁank]		股；绳；串〈n.m.〉
Strategie	[ʃtʁaːtəɡiː]		策略〈n.f.〉
Straße	[ʃtʁaːsə]		街道〈n.f.〉
Straßenrand	[ʃtʁaːsənʁant]		路旁；路边〈n.m.〉
Streben	[ʃtʁeːbən]		努力；斗争〈n.〉
Streber	[ʃtʁeːbɐ]		苦读；辛苦工作〈n.m.〉
Strecke	[ʃtʁɛkə]		路段〈n.f.〉
Strecken	[ʃtʁɛkən]		伸展；张开；连绵〈n.〉
Streich	[ʃtʁaɪç]		恶作剧〈n.m.〉
Streichholz	[ʃtʁaɪçhɔlt͡s]		比赛；火柴〈n.〉
Streife	[ʃtʁaɪfə]		巡逻；巡逻员；侦察队〈n.f.〉
Streifen	[ʃtʁaɪfən]		条纹；巡逻〈n.m.〉
Streifenwagen	[ʃtʁaɪfənvaɡən]		警察巡逻车〈n.m.〉
Streik	[ʃtʁaɪk]		罢工；打击；殴打；打〈n.m.〉
Streit	[ʃtʁaɪt]		争吵〈n.m.〉
Strenge	[ʃtʁɛnɡə]		严格；严密；严重〈n.f.〉
Stress	[ʃtʁɛs]		压力〈n.m.〉
Streuner	[ʃtʁɔʏnɐ]		迷失者〈n.m.〉
Strich	[ʃtʁiːç]		谷粒；颗粒；谷类〈n.m.〉
Stroh	[ʃtʁoː]		稻草；麦管；吸管〈n.〉
Strohhalm	[ʃtʁoːhalm]		稻草；麦管；吸管〈n.m.〉
Strom	[ʃtʁoːm]		电流；河流〈n.m.〉
Stromausfall	[ʃtʁoːmaʊsfal]		力；体力；力量〈n.m.〉
Strudel	[ʃtʁuːdəl]		旋涡；旋风；涡流；涡旋〈n.m.〉
Struktur	[ʃtʁʊktuːɐ]		结构；构造〈n.f.〉
Strömung	[ʃtʁøːmʊnk]		水流；气流；思潮；潮流〈n.f.〉
Strümpfe	[ʃtʁʏmpfə]		尼龙长袜〈n.〉
Student	[ʃtuːdɛnt]		综合性大学里的大学生〈n.m.〉
Studenten	[ʃtuːdɛntən]		睡衣；法衣〈n.〉
Studie	[ʃtuːdiː]		研究〈n.f.〉
Studio	[ʃtuːdɪɔ]		工作室〈n.〉
Studium	[ʃtuːdiʊm]		大学学业〈n.〉
Stufe	[ʃtuːfə]		阶梯；等级〈n.f.〉
Stuhl	[ʃtuːl]		椅子〈n.m.〉
Stumme	[ʃtʊmə]		哑巴；哑人〈n.〉
Stunde	[ʃtʊndə]		小时〈n.f.〉
Sturm	[ʃtʊʁm]		风暴〈n.m.〉
Sturz	[ʃtʊʁt͡s]		种植者；农作物〈n.m.〉
Ständer	[ʃtɛndɐ]		柱子；栋梁；台柱〈n.m.〉
Stärke	[ʃtɛʁkə]		力量；强度〈n.f.〉
Stör	[ʃtøːɐ]		鲟鱼〈n.m.〉
Störung	[ʃtøːʁʊnk]		打扰；故障〈n.f.〉
Störungen	[ʃtøːʁʊnɡən]		干扰；人为干扰〈n.〉
Stück	[ʃtʏk]		块；件〈n.〉
Stückchen	[ʃtʏkçən]		碎片；残余物；些微〈n.〉
Stütze	[ʃtʏt͡sə]		支柱；支持者；倚靠人〈n.f.〉
Stützpunkt	[ʃtʏt͡spʊnkt]		底部；垒；基础〈n.m.〉
Subjekt	[zʊbjəkt]		科目；主题；臣民〈n.〉
Substanz	[zʊbstant͡s]		物质；实质；主旨〈n.f.〉
Suchtrupp	[zʊxtʁʊp]		搜索队〈n.m.〉
Sultan	[zʊltaːn]		苏丹〈n.m.〉
Sultanin	[zʊltaniːn]		无核小葡萄干〈n.f.〉
Summe	[zʊmə]		总和〈n.f.〉
Summer	[zʊmɐ]		嗡嗡作声的东西；蜂音器；蜂鸣器；磨轮〈n.m.〉
Sumpf	[zʊmpf]		沼泽〈n.m.〉
Superintendent	[zuːpəʁɪntəndənt]		院长；学院院长〈n.m.〉
Supermarkt	[zuːpəʁmaʁkt]		超市〈n.m.〉
Superstar	[zuːpəʁstaːɐ]		超级明星〈n.m.〉
Suppe	[zʊpə]		汤〈n.f.〉
Surfen	[zʊʁfən]		冲浪运动〈n.〉
Surren	[zʊʁən]		嗡嗡声；哼声〈n.〉
Sushi	[zʊshɪ]		寿司〈n.〉
Symbol	[zʏmboːl]		象征〈n.〉
Symptom	[zʏmptoːm]		症状〈n.〉
Syndikat	[zʏndiːkaːt]		企业联合；辛迪加〈n.〉
Syphilis	[zʏfiːlɪs]		梅毒〈n.f.〉
Syrien	[zʏʁiːn]		叙利亚〈n.〉
System	[zʏstəm]		系统〈n.〉
Szenario	[st͡seːnaʁɪɔ]		剧本提纲；情节；剧本〈n.〉
Szene	[st͡seːnə]		场景〈n.f.〉
Säge	[zɛːɡə]		锯子；谚语；锯；锯开〈n.f.〉
Sänger	[zɛnɡɐ]		歌手〈n.m.〉
Sängerin	[zɛnɡəʁiːn]		女歌手；女诗人〈n.f.〉
Säufer	[zɔʏfɐ]		痛饮者〈n.m.〉
Säule	[zɔʏlə]		专栏；圆柱；纵队〈n.f.〉
Säure	[zɔʏʁə]		酸；酸类物质；尖刻〈n.f.〉
Söhnchen	[zøːnçən]		宝贝；小家伙〈n.〉
Söldner	[zœldnɐ]		雇佣兵〈n.m.〉
Südafrika	[zyːdafʁɪka]		南非〈n.〉
Südamerika	[zyːdaməʁɪka]		南美〈n.〉
Süden	[zyːdən]		南方〈n.m.〉
Sünde	[zʏndə]		罪孽〈n.f.〉
Sünden	[zʏndən]		邪恶；罪恶；祸害〈n.〉
Sündenbock	[zʏndənbɔk]		替罪羔羊；替人顶罪者；替身；替罪羊〈n.m.〉
Sünder	[zʏndɐ]		罪人；不知礼仪的人；无赖〈n.m.〉
Süßigkeit	[zyːsɪɡkaɪt]		甜食〈n.f.〉
Süßigkeiten	[zyːsɪɡkaɪtən]		糖果；甜食〈n.〉
T-Shirt	[t-shɪʁt]		T恤〈n.〉
Tabak	[taːbaːk]		烟草；香烟〈n.m.〉
Tablett	[tablət]		浅盘；托盘〈n.〉
Tabu	[taːbʊ]		禁忌；禁止接近〈n.〉
Taco	[takɔ]		墨西哥煎玉米卷；墨西哥人〈n.〉
Tafel	[taːfəl]		板；黑板〈n.f.〉
Tag	[taːk]		天；日子〈n.m.〉
Tagebuch	[taːɡəbuːx]		日记〈n.〉
Tagesanbruch	[taːɡəzanbʁuːx]		黎明〈n.m.〉
Tageslicht	[taːɡəslɪçt]		白昼〈n.〉
Tagesordnung	[taːɡəzɔʁdnʊnk]		议程〈n.f.〉
Taille	[taɪlə]		腰部；腰〈n.f.〉
Taiwan	[taɪvaːn]		台湾〈n.〉
Takt	[takt]		条；棒；酒吧〈n.m.〉
Taktik	[taktiːk]		战术；策略；策略手段〈n.f.〉
Tal	[taːl]		山谷；溪谷；流域〈n.〉
Talent	[taːlənt]		天赋〈n.〉
Talisman	[taːlɪsmaːn]		护身符；驱邪物；法宝〈n.m.〉
Tango	[tanɡɔ]		探戈舞〈n.m.〉
Tankstelle	[tankstələ]		加油站〈n.f.〉
Tante	[tantə]		姑姑；阿姨〈n.f.〉
Tanz	[tant͡s]		舞蹈〈n.m.〉
Tanzfläche	[tant͡sflɛçə]		舞池〈n.f.〉
Tanzmusik	[tant͡smʊziːk]		舞曲〈n.f.〉
Tapferkeit	[tapfəʁkaɪt]		勇敢〈n.f.〉
Tarnung	[taʁnʊnk]		伪装〈n.f.〉
Tarzan	[taʁt͡saːn]		健壮、灵活的男子〈n.〉
Tasche	[taʃə]		包；口袋〈n.f.〉
Taschen	[taʃən]		掌上型；手持型〈n.〉
Taschengeld	[taʃənɡəlt]		零用钱〈n.〉
Taschenlampe	[taʃənlampə]		口袋；钱袋；钱〈n.f.〉
Taschentuch	[taʃəntuːx]		手帕；头巾；围巾〈n.〉
Tasse	[tasə]		杯子〈n.f.〉
Tat	[taːt]		行为〈n.f.〉
Tatort	[taːtɔʁt]		案发现场〈n.m.〉
Tatsache	[tatzaxə]		事实〈n.f.〉
Tatsachen	[tatzaxən]		现状；现实；事实〈n.〉
Tatwaffe	[tatvafə]		武器；兵器；武装〈n.f.〉
Tau	[taʊ]		露珠〈n.m.〉
Taube	[taʊbə]		鸽子；聋人〈n.〉
Taucher	[taʊxɐ]		潜水者〈n.m.〉
Taufe	[taʊfə]		浸礼；洗礼〈n.f.〉
Taufen	[taʊfən]		施洗；受洗礼〈n.〉
Tausch	[taʊʃ]		交换；交换局；交换机〈n.m.〉
Taverne	[taːfəʁnə]		酒馆；客栈〈n.f.〉
Taxi	[taksɪ]		出租车〈n.〉
Taxifahrer	[taksɪfaːʁɐ]		出租车司机；的士司机〈n.m.〉
Team	[tɛaːm]		团队〈n.〉
Technik	[tɛçniːk]		技术〈n.f.〉
Techniker	[tɛçnɪkɐ]		工程师；工兵；设计；监造〈n.m.〉
Technologie	[tɛçnɔlɔɡiː]		技术〈n.f.〉
Tee	[teː]		茶〈n.m.〉
Teenager	[teːnaɡɐ]		青少年〈n.m.〉
Teich	[taɪç]		池塘〈n.m.〉
Teil	[taɪl]		部分〈n.m.〉
Teilnahme	[taɪlnaːmə]		参与；分享；参股〈n.f.〉
Teilnehmer	[taɪlneːmɐ]		参加者；参与者；选手〈n.m.〉
Telefon	[teːləfoːn]		电话〈n.〉
Telefonbuch	[teːləfɔnbuːx]		电话〈n.〉
Telefonnummer	[teːləfɔnʊmɐ]		电话号码〈n.f.〉
Telefonzelle	[teːləfɔnt͡sələ]		电话〈n.f.〉
Telegramm	[teːləɡʁam]		电报〈n.〉
Teller	[tɛlɐ]		盘子〈n.m.〉
Tempel	[tɛmpəl]		寺庙〈n.m.〉
Temperament	[tɛmpəʁamənt]		硬度；脾气；心情〈n.〉
Temperatur	[tɛmpəʁatuːɐ]		温度〈n.f.〉
Tempo	[tɛmpɔ]		修剪；夹子；回形针〈n.〉
Tennessee	[tɛnəseː]		田纳西州〈n.m.〉
Tennis	[tɛnɪs]		网球〈n.〉
Teppich	[tɛpiːç]		地毯〈n.m.〉
Tequila	[tɛkvɪla]		蒸馏酒；龙舌兰酒〈n.m.〉
Termin	[tɛʁmiːn]		预约〈n.m.〉
Terminal	[tɛʁmɪnaːl]		终端机；终点；末端〈n.〉
Terminkalender	[tɛʁmɪnkaləndɐ]		约会；委任的职位；委派；任命〈n.m.〉
Terrasse	[tɛʁasə]		阶地；梯田；房屋之平顶〈n.f.〉
Territorium	[tɛʁɪtɔʁɪuːm]		领土；领地；版图〈n.〉
Terrorismus	[tɛʁɔʁɪsmʊs]		恐怖主义；恐怖统治；恐怖状态；胁迫〈n.m.〉
Terrorist	[tɛʁɔʁɪst]		恐怖分子〈n.m.〉
Test	[tɛst]		测试〈n.m.〉
Testament	[tɛstamənt]		遗嘱〈n.〉
Teufel	[tɔʏfəl]		魔鬼〈n.m.〉
Text	[tɛkst]		文本〈n.m.〉
Thai	[taɪ]		泰国人；泰语〈n.〉
Thailand	[taɪlant]		泰国〈n.〉
Theater	[tɛatɐ]		剧院〈n.〉
Theaterstück	[tɛatəʁstʏk]		阶段；舞台；场所〈n.〉
Theke	[teːkə]		计算器；计算者；柜台〈n.f.〉
Thema	[teːma]		主题〈n.〉
Themen	[teːmən]		主题；课题；议题（复数）〈n.〉
Theorie	[tɛɔʁiː]		理论〈n.f.〉
Therapeut	[teːʁapɔʏt]		治疗师〈n.m.〉
Therapie	[teːʁapiː]		治疗〈n.f.〉
These	[teːzə]		论题；论文〈n.f.〉
Thing	[tɪnk]		事物；东西；物〈n.〉
Thron	[tʁoːn]		王座〈n.m.〉
Thunfisch	[tʊnfɪʃ]		金枪鱼；金枪鱼肉〈n.m.〉
Ticken	[tɪkən]		滴答声；一瞬间；壁虱〈n.〉
Ticket	[tɪkət]		票〈n.〉
Tiefe	[tiːfə]		深度〈n.f.〉
Tiefpunkt	[tiːfpʊnkt]		最无趣的部分；最差的部分〈n.m.〉
Tier	[tiːɐ]		动物〈n.〉
Tierarzt	[tiːʁaʁt͡st]		兽医的；兽医〈n.m.〉
Tierheim	[tiːʁhaɪm]		动物〈n.〉
Tiffany	[tɪfanʏ]		丝纱罗〈n.〉
Tiger	[tiːɡɐ]		老虎〈n.m.〉
Timing	[tiːmɪnk]		时机〈n.〉
Tin	[tiːn]		六孔小笛；六孔哨〈n.〉
Tipp	[tɪp]		提示〈n.m.〉
Tippen	[tɪpən]		打字；键入〈n.〉
Tisch	[tɪʃ]		桌子〈n.m.〉
Titan	[tiːtaːn]		提坦；太阳神；巨人〈n.m.〉
Titel	[tiːtəl]		标题〈n.m.〉
Titelmusik	[tiːtəlmʊziːk]		主题音乐〈n.f.〉
Titus	[tiːtʊs]		提图斯；<<提多书>>〈n.〉
Toast	[tɔast]		吐司〈n.m.〉
Toaster	[tɔastɐ]		烤面包器；烤面包炉；祝酒人〈n.m.〉
Tochter	[tɔxtɐ]		女儿〈n.f.〉
Tod	[toːt]		死亡〈n.m.〉
Todesfall	[toːdəsfal]		死亡〈n.m.〉
Todesstrafe	[toːdəstʁafə]		死刑〈n.f.〉
Todesursache	[toːdəzʊʁzaxə]		死因〈n.f.〉
Toilette	[tɔɪlətə]		厕所〈n.f.〉
Toiletten	[tɔɪlətən]		厕所；洗手间（复数）〈n.〉
Toilettenpapier	[tɔɪlətənpapiːɐ]		卫生纸；草纸〈n.〉
Tokyo	[toːkʏɔ]		东京〈n.〉
Toleranz	[toːləʁant͡s]		宽容；忍受；容忍〈n.f.〉
Tollwut	[tɔlvuːt]		狂犬病；咬病〈n.f.〉
Ton	[toːn]		声音；色调〈n.m.〉
Tonband	[tɔnbant]		录音磁带〈n.〉
Tonic	[toːniːk]		汤力水；滋补饮料〈n.〉
Tonne	[tɔnə]		吨；大桶〈n.f.〉
Topf	[tɔpf]		盆；罐；壶〈n.m.〉
Tor	[toːɐ]		球门；大门〈n.〉
Tornado	[tɔʁnadɔ]		旋风；龙卷风；大雷雨〈n.m.〉
Toronto	[toːʁɔntɔ]		多伦多〈n.〉
Torpedo	[tɔʁpədɔ]		鱼雷；水雷〈n.〉
Torte	[tɔʁtə]		蛋糕〈n.f.〉
Totale	[toːtalə]		胡乱的猜测；远景〈n.f.〉
Totes	[toːtəs]		死海〈n.〉
Toto	[toːtɔ]		提；负；携带〈n.〉
Totschlag	[tɔt͡ʃlaːk]		杀人；过失杀人罪〈n.m.〉
Touchdown	[tɔʊxdɔvn]		触地；触地得分；着地〈n.m.〉
Tour	[tɔuːɐ]		旅行〈n.f.〉
Tournee	[tɔʊʁneː]		旅游；观光旅行；任期；旅行〈n.f.〉
Trab	[tʁaːp]		策马小跑〈n.m.〉
Tradition	[tʁaːdɪt͡sjoːn]		传统〈n.f.〉
Traditionen	[tʁaːdɪt͡sjoːnən]		民俗〈n.〉
Tragödie	[tʁaːɡœdiː]		悲剧〈n.f.〉
Trailer	[tʁaɪlɐ]		追踪者；拖车〈n.m.〉
Trainer	[tʁaɪnɐ]		教练〈n.m.〉
Training	[tʁaɪnɪnk]		训练〈n.〉
Traktor	[tʁaktoːɐ]		牵引器；拖拉机；拉纸器；进纸器〈n.m.〉
Trance	[tʁankə]		昏睡状态；恍惚〈n.f.〉
Trank	[tʁank]		药水〈n.m.〉
Transfer	[tʁansfɐ]		贸易；商业；交易〈n.m.〉
Transport	[tʁanspɔʁt]		运输〈n.m.〉
Transporter	[tʁanspɔʁtɐ]		厢式货车〈n.m.〉
Trau	[tʁaʊ]		我；电流；中断；指令〈n.〉
Trauer	[tʁaʊɐ]		悲伤；哀惜；不幸〈n.f.〉
Trauerfeier	[tʁaʊəʁfaɪɐ]		葬礼；出殡〈n.f.〉
Trauern	[tʁaʊɐn]		哀痛；居丧；举哀〈n.〉
Traum	[tʁaʊm]		梦〈n.m.〉
Trauma	[tʁaʊma]		外伤；损伤；创伤〈n.〉
Traurigkeit	[tʁaʊʁɪɡkaɪt]		悲伤〈n.f.〉
Trauzeuge	[tʁaʊt͡sɔʏɡə]		证人；目击者；证据〈n.m.〉
Treffer	[tʁɛfɐ]		命中〈n.m.〉
Treffpunkt	[tʁɛfpʊnkt]		会场；聚会地点〈n.m.〉
Treib	[tʁaɪp]		驱使；推动；漂移〈n.〉
Treibstoff	[tʁaɪbstɔf]		燃料〈n.m.〉
Trennung	[tʁɛnʊnk]		分离〈n.f.〉
Treppe	[tʁɛpə]		楼梯〈n.f.〉
Treppenhaus	[tʁɛpənhaʊs]		楼梯；梯子〈n.〉
Tresor	[tʁeːzoːɐ]		保险箱〈n.m.〉
Tresorraum	[tʁeːzɔʁaʊm]		金库〈n.m.〉
Treue	[tʁɔʏə]		忠诚〈n.f.〉
Tribut	[tʁiːbuːt]		贡物；礼物；颂辞〈n.m.〉
Trick	[tʁɪk]		把戏〈n.m.〉
Tricks	[tʁɪks]		诡计；骗人的把戏；圈套〈n.〉
Trieb	[tʁiːp]		驱力；冲动；芽；枝条〈n.m.〉
Trinkgeld	[tʁɪnkɡəlt]		小费〈n.〉
Trip	[tʁiːp]		旅行；绊倒；摔倒〈n.m.〉
Triumph	[tʁɪʊmf]		凯旋；胜利；欢欣；得胜〈n.m.〉
Trockner	[tʁɔknɐ]		干衣机；干燥剂；催干剂〈n.m.〉
Troll	[tʁɔl]		滚动；参加轮唱〈n.m.〉
Trommel	[tʁɔməl]		鼓；鼓声；击鼓〈n.f.〉
Trost	[tʁɔst]		安慰〈n.m.〉
Trottel	[tʁɔtəl]		傻瓜〈n.m.〉
Truhe	[tʁuːə]		保险箱〈n.f.〉
Trunkenheit	[tʁʊnkənhaɪt]		醉态；醉酒〈n.f.〉
Trupp	[tʁʊp]		特鲁普〈n.m.〉
Truppe	[tʁʊpə]		部队〈n.f.〉
Truthahn	[tʁʊtaːn]		火鸡〈n.m.〉
Träger	[tʁɛːɡɐ]		运送者；邮递员；带菌者；载波〈n.m.〉
Träne	[tʁɛːnə]		眼泪〈n.f.〉
Tränengas	[tʁɛːnənɡas]		催泪瓦斯；催泪气〈n.〉
Träumer	[tʁɔʏmɐ]		做梦的人；梦想者〈n.m.〉
Trübsal	[tʁʏbzaːl]		伤心；忧愁；悲痛〈n.m.〉
Trümmer	[tʁʏmɐ]		碎片；残骸；碎屑〈n.〉
Tuch	[tuːx]		布料；织品；布〈n.〉
Tugend	[tuːɡənt]		德行；美德；优点〈n.f.〉
Tumor	[tuːmoːɐ]		肿瘤〈n.m.〉
Tunnel	[tʊnəl]		隧道〈n.m.〉
Turbo	[tʊʁbɔ]		涡轮增压器〈n.〉
Turbulenzen	[tʊʁbʊlənt͡sən]		空气；旋律；态度；晾〈n.〉
Turm	[tʊʁm]		塔〈n.m.〉
Turnhalle	[tʊʁnhalə]		健身房；体育馆；健身室〈n.f.〉
Turnier	[tʊʁniːɐ]		比赛；竞赛；锦标赛〈n.〉
Tussi	[tʊsɪ]		母牛；母兽；威胁〈n.f.〉
Typ	[tʏp]		类型；家伙〈n.m.〉
Tyrann	[tʏʁan]		暴君；专制君主；压制他人者〈n.m.〉
Tyrannei	[tʏʁanaɪ]		专制；暴政；苛政〈n.f.〉
Tänzer	[tɛnt͡sɐ]		舞蹈演员；跳舞者〈n.m.〉
Täter	[tɛːtɐ]		罪犯〈n.m.〉
Tätigkeit	[tɛːtɪɡkaɪt]		活动；行动；活跃〈n.f.〉
Tätowierung	[tɛːtɔviːʁʊnk]		归营号；连续有节奏的敲击；文身〈n.f.〉
Täuschung	[tɔʏʃʊnk]		欺骗；欺瞒；轻松地消磨〈n.f.〉
Törtchen	[tœʁtçən]		小果馅饼〈n.〉
Tötung	[tøːtʊnk]		杀害；杀戮；致死〈n.f.〉
Tür	[tyːɐ]		门〈n.f.〉
Türkei	[tʏʁkaɪ]		火鸡；无用的家伙；土耳其〈n.f.〉
Türklingel	[tʏʁklɪnɡəl]		门铃〈n.f.〉
Tüte	[tyːtə]		纸袋〈n.f.〉
U-Bahn	[ʊ-baːn]		地铁〈n.f.〉
U-Boot	[ʊ-boːt]		潜艇〈n.〉
USA	[uːza]		美国〈n.〉
Ufer	[uːfɐ]		岸〈n.〉
Ufo	[uːfɔ]		不明飞行物；飞碟〈n.〉
Uhr	[uːɐ]		钟点；钟表〈n.f.〉
Uhrzeit	[uːʁt͡saɪt]		时间；时侯；时机〈n.f.〉
Ukraine	[ʊkʁaɪnə]		乌克兰〈国名〉〈n.f.〉
Ultimatum	[ʊltɪmatuːm]		最后通牒；哀的美敦书〈n.〉
Ultraschall	[ʊltʁaʃal]		超声波〈n.m.〉
Umarmung	[uːmaʁmʊnk]		紧抱；拥抱；坚持〈n.f.〉
Umfang	[ʊmfank]		圆周；周缘；胸围〈n.m.〉
Umfeld	[ʊmfəlt]		周围；社会环境；环境〈n.〉
Umgang	[ʊmɡank]		交往；交流；交际；往来〈n.m.〉
Umgebung	[ʊmɡəbʊnk]		环境〈n.f.〉
Umhang	[ʊmhank]		斗蓬；大氅；掩护；遮掩〈n.m.〉
Umkreis	[ʊmkʁaɪs]		外接圆〈n.m.〉
Umlauf	[ʊmlaʊf]		流通；循环；发行量；环流〈n.m.〉
Umlaufbahn	[ʊmlaʊfbaːn]		轨道；常轨〈n.f.〉
Umleiten	[ʊmlaɪtən]		改道；转发（umleiten 变化形式）〈n.〉
Umschlag	[ʊmʃlaːk]		信封〈n.m.〉
Umsetzen	[ʊmzət͡sən]		实施；执行；转换〈n.〉
Umstand	[ʊmstant]		情况〈n.m.〉
Umweg	[ʊmvək]		绕路；迂回；绕道〈n.m.〉
Umwelt	[ʊmvəlt]		环境；外界；围绕〈n.f.〉
Unabhängige	[uːnabhɛnɡɪɡə]		独立候选人；无党派人士〈n.〉
Unabhängigkeit	[uːnabhɛnɡɪɡkaɪt]		独立；自立；自主；自主性〈n.f.〉
Unbekannter	[ʊnbəkantɐ]		陌生人；无名氏〈n.〉
Unentschieden	[uːnənt͡ʃiːdən]		带子；线；鞋带〈n.〉
Unfall	[ʊnfal]		事故〈n.m.〉
Unfug	[ʊnfuːk]		损害；伤害；灾祸〈n.m.〉
Ungarn	[ʊnɡaʁn]		匈牙利〈n.〉
Ungeheuer	[ʊnɡeːɔʏɐ]		怪物〈n.〉
Ungerechtigkeit	[ʊnɡəʁəçtɪɡkaɪt]		不公平〈n.f.〉
Ungeziefer	[ʊnɡət͡siːfɐ]		熏制；熏烟〈n.〉
Unglück	[ʊnɡlʏk]		不幸〈n.〉
Unglückliche	[ʊnɡlʏklɪçə]		不幸者；可怜人〈n.〉
Unheil	[ʊnhaɪl]		灾难；不幸事件〈n.〉
Unheimliche	[ʊnhaɪmlɪçə]		命运；不可思议；离奇〈n.〉
Uni	[uːnɪ]		大学（口语）〈n.f.〉
Uniform	[uːnɪfɔʁm]		制服〈n.f.〉
Union	[uːnɪoːn]		联盟；联合；结合〈n.f.〉
Universität	[uːnɪfəʁzɪtɛːt]		大学〈n.f.〉
Universum	[uːnɪfəʁzuːm]		宇宙〈n.〉
Unmengen	[ʊnmənɡən]		许多；大量〈n.〉
Uno	[uːnɔ]		联合国组织〈n.〉
Unordnung	[uːnɔʁdnʊnk]		杂乱；混乱；扰乱；使失调〈n.f.〉
Unrecht	[ʊnʁəçt]		错误〈n.〉
Unruhe	[ʊnʁuːə]		不安的状态；动荡的局面；不安〈n.f.〉
Unruhen	[ʊnʁuːən]		不安的状态；动荡的局面；不安〈n.〉
Unschuld	[ʊnʃʊlt]		无辜〈n.f.〉
Unschuldige	[ʊnʃʊldɪɡə]		无辜者；清白的人〈n.〉
Unsicherheit	[ʊnzɪçəʁhaɪt]		不确定；不可靠〈n.f.〉
Unsinn	[ʊnzɪn]		胡说〈n.m.〉
Unsterblichkeit	[ʊnstəʁblɪçkaɪt]		不朽；不灭的声望〈n.f.〉
Unterbrechung	[ʊntəʁbʁəçʊnk]		打扰；中断；障碍物；间断〈n.f.〉
Unterdrückung	[ʊntəʁdʁʏkʊnk]		抑制；压抑；制止〈n.f.〉
Untergang	[ʊntəʁɡank]		崩；薨；死亡；让渡〈n.m.〉
Untergrund	[ʊntəʁɡʁʊnt]		底土；下层土〈n.m.〉
Unterhalt	[ʊntəʁhalt]		维持；维修费；养护费〈n.m.〉
Unterhaltung	[ʊntəʁhaltʊnk]		娱乐；谈话〈n.f.〉
Unterhose	[ʊntəʁhɔzə]		裤子；长裤；短衬裤〈n.f.〉
Unterkunft	[ʊntəʁkʊnft]		膳宿；预订铺位；适应性调节〈n.f.〉
Unterlage	[ʊntəʁlaɡə]		文件〈n.f.〉
Unterlagen	[ʊntəʁlaɡən]		文件；官方文件；票证；证券〈n.〉
Unternehmer	[ʊntəʁneːmɐ]		路；道路；公路〈n.m.〉
Unteroffizier	[ʊntəʁɔfɪt͡siːɐ]		警察小队长；军士〈n.m.〉
Unterricht	[ʊntəʁɪçt]		课程〈n.m.〉
Unterschied	[ʊntəʁʃiːt]		区别〈n.m.〉
Unterschlupf	[ʊntəʁʃlʊpf]		隐匿处；潜伏处；退隐处〈n.m.〉
Unterschrift	[ʊntəʁʃʁɪft]		签字；识别标志；调号；签名附件〈n.f.〉
Unterstützung	[ʊntəʁstʏt͡sʊnk]		支持〈n.f.〉
Untersuchung	[ʊntəʁzʊxʊnk]		调查〈n.f.〉
Untertauchen	[ʊntəʁtaʊxən]		下沉；下潜；淹没〈n.〉
Untertitelung	[ʊntəʁtɪtəlʊnk]		字幕〈n.f.〉
Unterwelt	[ʊntəʁvəlt]		黑社会；强盗世界〈n.〉
Unterwäsche	[ʊntəʁvɛʃə]		内衣〈n.f.〉
Untreue	[ʊntʁɔʏə]		裂口；违背；破坏〈n.f.〉
Unzucht	[ʊnt͡sʊxt]		通奸；乱伦；非法性交〈n.f.〉
Urgroßvater	[ʊʁɡʁɔsfatɐ]		曾祖父〈n.m.〉
Urin	[uːʁiːn]		小便；尿〈n.m.〉
Urkunde	[ʊʁkʊndə]		文件；公文；文档；证明〈n.f.〉
Urlaub	[ʊʁlaʊp]		假期〈n.m.〉
Urne	[ʊʁnə]		瓮；缸；坟墓〈n.f.〉
Ursache	[ʊʁzaxə]		原因〈n.f.〉
Ursprung	[ʊʁspʁʊnk]		发生；起源；创世记；生殖〈n.m.〉
Urteil	[ʊʁtaɪl]		判决〈n.〉
Urteilsvermögen	[ʊʁtaɪlsfəʁmœɡən]		胜任；职称；能力〈n.〉
Utah	[uːtaː]		犹他〈n.〉
Valentinstag	[faːləntɪnstaːk]		情人节〈n.m.〉
Vampir	[fampiːɐ]		吸血鬼〈n.m.〉
Vanille	[faːnɪlə]		香草；香子兰〈n.f.〉
Vase	[faːzə]		花瓶；瓶〈n.f.〉
Vater	[faːtɐ]		父亲〈n.m.〉
Vaterland	[faːtəʁlant]		祖国〈n.〉
Vati	[faːtɪ]		爸爸〈n.m.〉
Vatikan	[faːtɪkaːn]		梵蒂冈；罗马教廷〈n.m.〉
Vegetarier	[feːɡətaʁiːɐ]		素食者〈n.m.〉
Veilchen	[faɪlçən]		紫罗兰；蓝紫色；紫罗兰色〈n.〉
Venedig	[feːnədɪç]		威尼斯〈n.〉
Venezuela	[feːnət͡sʊəla]		委内瑞拉〈n.〉
Ventil	[fɛntiːl]		活瓣；阀；活门；装阀〈n.〉
Ventilator	[fɛntɪlatoːɐ]		风扇；迷；狂热者〈n.m.〉
Venus	[feːnʊs]		维纳斯；金星〈n.f.〉
Verabredung	[feːʁabʁədʊnk]		约会〈n.f.〉
Verachtung	[feːʁaxtʊnk]		憎恶；诅咒；被咒骂的人〈n.f.〉
Veranda	[feːʁanda]		阳台；走廊〈n.f.〉
Veranstaltung	[feːʁanstaltʊnk]		事件；结果；事情的进程〈n.f.〉
Verantwortung	[feːʁantvɔʁtʊnk]		责任〈n.f.〉
Verband	[fɛʁbant]		协会；联合会；绷带；包扎〈n.〉
Verbannen	[fɛʁbanən]		逐出；开除；驱逐〈n.〉
Verbesserung	[fɛʁbəsəʁʊnk]		进步；改善；利用〈n.f.〉
Verbindung	[fɛʁbɪndʊnk]		联系〈n.f.〉
Verbot	[fɛʁboːt]		禁令；禁止〈n.〉
Verbrechen	[fɛʁbʁəçən]		犯罪〈n.〉
Verbrecher	[fɛʁbʁəçɐ]		罪犯〈n.m.〉
Verbrennungen	[fɛʁbʁənʊnɡən]		烧；烧毁；烧伤；燃烧〈n.〉
Verdacht	[fɛʁdaxt]		怀疑〈n.m.〉
Verdammnis	[fɛʁdamnɪs]		非难；被罚下地狱〈n.f.〉
Verdienst	[fɛʁdiːnst]		收入；功劳〈n.〉
Verdrehen	[fɛʁdʁeːən]		一扭；扭曲；曲折〈n.〉
Verehrer	[feːʁeːʁɐ]		钦佩者；仰慕者；求爱者〈n.m.〉
Verehrung	[feːʁeːʁʊnk]		奉祀庙中；秘藏〈n.f.〉
Verein	[feːʁaɪn]		移动；手势；动作〈n.〉
Vereinbarung	[feːʁaɪnbaʁʊnk]		约定〈n.f.〉
Vereinigung	[feːʁaɪnɪɡʊnk]		统一；联合；一致；连结〈n.f.〉
Verfahren	[fɛʁfaːʁən]		程序；诉讼〈n.〉
Verfassung	[fɛʁfasʊnk]		宪法；状态〈n.f.〉
Verfolgung	[fɛʁfɔlɡʊnk]		包围；烦恼；烦心事〈n.f.〉
Verfügung	[fɛʁfʏɡʊnk]		支配〈n.f.〉
Vergangenheit	[fɛʁɡanɡənhaɪt]		过去〈n.f.〉
Vergebung	[fɛʁɡəbʊnk]		宽恕〈n.f.〉
Vergeltung	[fɛʁɡəltʊnk]		免除；解除；赦免〈n.f.〉
Vergewaltiger	[fɛʁɡəvaltɪɡɐ]		强奸犯〈n.m.〉
Vergewaltigung	[fɛʁɡəvaltɪɡʊnk]		抢夺；掠夺；强奸〈n.f.〉
Vergleich	[fɛʁɡlaɪç]		比较〈n.m.〉
Vergnügen	[fɛʁɡnʏɡən]		乐趣〈n.〉
Verhaftung	[fɛʁhaftʊnk]		逮捕〈n.f.〉
Verhalten	[fɛʁhaltən]		行为〈n.〉
Verhandlung	[fɛʁhandlʊnk]		谈判〈n.f.〉
Verhältnis	[fɛʁhɛltnɪs]		关系；比例〈n.〉
Verhältnisse	[fɛʁhɛltnɪsə]		形势；情况；环境〈n.〉
Verhör	[fɛʁhøːɐ]		审讯〈n.〉
Verkauf	[fɛʁkaʊf]		销售〈n.m.〉
Verkehr	[fɛʁkeːɐ]		交通〈n.m.〉
Verkleidung	[fɛʁklaɪdʊnk]		集市上卖的礼物；减阻装置；整流罩〈n.f.〉
Verkäufer	[fɛʁkɔʏfɐ]		销售者；卖方〈n.m.〉
Verkäuferin	[fɛʁkɔʏfəʁiːn]		女店员〈n.f.〉
Verlauf	[fɛʁlaʊf]		课程；路线；过程〈n.m.〉
Verlegenheit	[fɛʁləɡənhaɪt]		尴尬；窘迫；困窘〈n.f.〉
Verleger	[fɛʁləɡɐ]		出版者；发行人〈n.m.〉
Verleihen	[fɛʁlaɪən]		出借；出借物〈n.〉
Verletzung	[fɛʁlət͡sʊnk]		伤害〈n.f.〉
Verlierer	[fɛʁliːʁɐ]		失败者〈n.m.〉
Verlies	[fɛʁliːs]		地牢〈n.〉
Verlobung	[fɛʁlɔbʊnk]		诺言；约会；婚约〈n.f.〉
Verlobungsring	[fɛʁlɔbʊnɡsʁɪnk]		订婚戒指〈n.m.〉
Verlust	[fɛʁlʊst]		损失〈n.m.〉
Vermieten	[fɛʁmiːtən]		说谎〈n.〉
Vermieter	[fɛʁmiːtɐ]		租借者；雇主〈n.m.〉
Vermittler	[fɛʁmɪtlɐ]		调停者；传递者；基督；间介器〈n.m.〉
Vermittlung	[fɛʁmɪtlʊnk]		操作员；行家；经纪人〈n.f.〉
Vermont	[fɛʁmɔnt]		佛蒙特〈n.〉
Vermutung	[fɛʁmʊtʊnk]		猜测〈n.f.〉
Vermächtnis	[fɛʁmɛçtnɪs]		遗产；遗赠；遗愿〈n.〉
Vermögen	[fɛʁmœɡən]		财产〈n.〉
Vernehmung	[fɛʁneːmʊnk]		审问；疑问句；问号；询问〈n.f.〉
Vernichtung	[fɛʁnɪçtʊnk]		歼灭；湮灭；消灭〈n.f.〉
Vernunft	[fɛʁnʊnft]		理智〈n.f.〉
Verpackung	[fɛʁpakʊnk]		包装；包装业；包装术；组装〈n.f.〉
Verpflegung	[fɛʁpfləɡʊnk]		给养；承办酒席；提供饮食及服务〈n.f.〉
Verpflichtung	[fɛʁpflɪçtʊnk]		委托；交押；承担义务〈n.f.〉
Verpflichtungen	[fɛʁpflɪçtʊnɡən]		碍事的人或物；负债〈n.〉
Verprügeln	[fɛʁpʁʏɡəln]		打；挫败；搏动；打浆〈n.〉
Verrat	[fɛʁaːt]		背叛〈n.m.〉
Verriegeln	[fɛʁiːɡəln]		连锁的；咬合；咬合作用〈n.〉
Verräter	[fɛʁɛtɐ]		叛徒〈n.m.〉
Vers	[fɛʁs]		诗；韵文〈n.m.〉
Versager	[fɛʁzaɡɐ]		失败者〈n.m.〉
Versammlung	[fɛʁzamlʊnk]		集会〈n.f.〉
Verschleiern	[fɛʁʃlaɪɐn]		掩饰；装糊涂；虚伪；瞒病〈n.〉
Verschluss	[fɛʁʃlʊs]		锁；closure 闭合装置〈n.m.〉
Verschreiben	[fɛʁʃʁaɪbən]		药物治疗；药物处理；医药；药疗法〈n.〉
Verschwendung	[fɛʁʃvəndʊnk]		浪费；废物；损耗〈n.f.〉
Verschwörung	[fɛʁʃvœʁʊnk]		阴谋〈n.f.〉
Versetzung	[fɛʁzət͡sʊnk]		退休；隐居；撤退〈n.f.〉
Versicherung	[fɛʁzɪçəʁʊnk]		保险〈n.f.〉
Version	[fɛʁzɪoːn]		版本〈n.f.〉
Versorgung	[fɛʁzɔʁɡʊnk]		补给；供给〈n.f.〉
Verspätung	[fɛʁspɛtʊnk]		迟到；延误〈n.f.〉
Versteck	[fɛʁstək]		躲藏处〈n.〉
Verstorbene	[fɛʁstɔʁbənə]		死者〈n.〉
Verstoß	[fɛʁstoːs]		违反；违背；妨碍；违犯〈n.m.〉
Verständnis	[fɛʁstɛndnɪs]		理解〈n.〉
Verstärkung	[fɛʁstɛʁkʊnk]		增援〈n.f.〉
Versuchs	[fɛʁzʊks]		试验；尝试（构词成分）〈n.〉
Versuchskaninchen	[fɛʁzʊkskanɪnçən]		天竺鼠〈n.〉
Versuchung	[fɛʁzʊxʊnk]		诱惑〈n.f.〉
Versöhnung	[fɛʁzøːnʊnk]		说服；安抚；抚慰〈n.f.〉
Verteidiger	[fɛʁtaɪdɪɡɐ]		防卫者；防护者；辩护者；辩护人〈n.m.〉
Verteidigung	[fɛʁtaɪdɪɡʊnk]		防御〈n.f.〉
Verteidigungsminister	[fɛʁtaɪdɪɡʊnɡsmɪnɪstɐ]		部长；牧师；公使；服侍〈n.m.〉
Vertrag	[fɛʁtʁaːk]		合同〈n.m.〉
Vertreter	[fɛʁtʁətɐ]		代表〈n.m.〉
Vertretung	[fɛʁtʁətʊnk]		归还；更换；代替者；复位〈n.f.〉
Vertrieb	[fɛʁtʁiːp]		分配；分布〈n.m.〉
Verurteilung	[feːʁʊʁtaɪlʊnk]		非难；宣告有罪；非难的理由〈n.f.〉
Verwalter	[fɛʁvaltɐ]		管理人〈n.m.〉
Verwaltung	[fɛʁvaltʊnk]		行政；管理；政府机关；给药〈n.f.〉
Verwandte	[fɛʁvandtə]		亲戚〈n.〉
Verwandtschaft	[fɛʁvandt͡ʃaft]		关系；联系；叙述〈n.f.〉
Verwechslung	[fɛʁvəkslʊnk]		混乱；混淆；无秩序；含混〈n.f.〉
Verwendung	[fɛʁvəndʊnk]		利用〈n.f.〉
Verwirrung	[fɛʁvɪʁʊnk]		混乱；混淆；无秩序；含混〈n.f.〉
Verzeihung	[fɛʁt͡saɪʊnk]		原谅；不好意思〈n.f.〉
Verziehen	[fɛʁt͡siːən]		扭曲；变形；曲解；畸变〈n.〉
Verzug	[fɛʁt͡suːk]		否定；否定语；负数〈n.m.〉
Verzweiflung	[fɛʁt͡svaɪflʊnk]		绝望〈n.f.〉
Verzögern	[fɛʁt͡sœɡɐn]		阻挠议事的活动；掠夺兵；暴兵〈n.〉
Verzögerung	[fɛʁt͡sœɡəʁʊnk]		耽搁；迟滞；延迟〈n.f.〉
Veränderung	[feːʁɛndəʁʊnk]		变化〈n.f.〉
Veröffentlichung	[feːʁœfəntlɪçʊnk]		出版物；出版；公布；发布〈n.f.〉
Video	[fiːdɛɔ]		视频〈n.〉
Viecher	[fiːçɐ]		爬行的昆虫〈n.〉
Vieh	[fiː]		牲畜〈n.〉
Viertel	[fiːʁtəl]		四分之一；一刻〈n.〉
Viertelstunde	[fiːʁtəlstʊndə]		四分之一；一刻钟；季度〈n.f.〉
Vierzig	[fiːʁt͡sɪç]		四十；四十个〈n.f.〉
Vietnam	[fiːtnaːm]		越南〈n.〉
Villa	[fɪla]		别墅〈n.f.〉
Virus	[fiːʁʊs]		病毒〈n.〉
Visage	[fiːzaɡə]		有柄大杯；脸〈n.f.〉
Visier	[fiːziːɐ]		瞄准器；标尺〈n.〉
Vision	[fiːzɪoːn]		视野；幻象〈n.f.〉
Visum	[fiːzuːm]		签证；签发〈n.〉
Vizepräsident	[fiːt͡səpʁɛzɪdənt]		副总裁；副总统；副总经理〈n.m.〉
Vlad	[flaːt]		弗拉德〈n.〉
Vogel	[foːɡəl]		鸟〈n.m.〉
Vogelgezwitscher	[foːɡəlɡət͡svɪt͡ʃɐ]		呢喃〈n.〉
Vogelscheuche	[foːɡəlʃɔʏxə]		稻草人；衣衫褴褛的人〈n.f.〉
Volk	[fɔlk]		人民〈n.〉
Vollmond	[fɔlmɔnt]		满月；望月；盈月〈n.m.〉
Volltreffer	[fɔltʁəfɐ]		直接的；指挥〈n.m.〉
Volt	[fɔlt]		伏特〈n.〉
Voodoo	[foːdoː]		伏都教；巫术；巫术信仰〈n.m.〉
Vorahnung	[foːʁaːnʊnk]		预感；先兆；预兆〈n.f.〉
Vorarbeiter	[foːʁaʁbaɪtɐ]		领班；工头；陪审长〈n.m.〉
Vorbereitung	[fɔʁbəʁaɪtʊnk]		行程安排；时间表制定；调度〈n.f.〉
Vorbild	[fɔʁbɪlt]		榜样〈n.〉
Vordertür	[fɔʁdəʁtyːɐ]		前门〈n.f.〉
Vorfahr	[fɔʁfaːɐ]		祖先〈n.m.〉
Vorfahren	[fɔʁfaːʁən]		先；居先；先行〈n.〉
Vorfall	[fɔʁfal]		事件〈n.m.〉
Vorführung	[fɔʁfyːʁʊnk]		提讯；传讯；责难；提审〈n.f.〉
Vorgang	[fɔʁɡank]		活动；行动；活跃〈n.m.〉
Vorgehensweise	[fɔʁɡeːənsvaɪzə]		程序；过程；手续；规程〈n.f.〉
Vorgänger	[fɔʁɡɛnɡɐ]		前任；先辈；前身；初牙〈n.m.〉
Vorhaben	[fɔʁhabən]		打算〈n.〉
Vorhang	[fɔʁhank]		窗帘；幕布〈n.m.〉
Vorladung	[fɔʁladʊnk]		召唤；传唤；召集〈n.f.〉
Vorlegen	[fɔʁləɡən]		屈服；服从；谦恭〈n.〉
Vorlesung	[fɔʁləzʊnk]		演讲；谴责；讲稿〈n.f.〉
Vorliebe	[fɔʁliːbə]		爱好；嗜好〈n.f.〉
Vorliegen	[fɔʁliːɡən]		存在；提交（vorliegen 变化形式）〈n.〉
Vormittag	[fɔʁmɪtaːk]		早晨；早上；初期〈n.m.〉
Vorrang	[fɔʁank]		领先；上席〈n.m.〉
Vorrat	[fɔʁaːt]		补给；供给〈n.m.〉
Vorrücken	[fɔʁʏkən]		前进；进展〈n.〉
Vorschlag	[fɔʁʃlaːk]		建议〈n.m.〉
Vorschrift	[fɔʁʃʁɪft]		规定〈n.f.〉
Vorschuss	[fɔʁʃʊs]		预付款〈n.m.〉
Vorsehung	[fɔʁzeːʊnk]		深谋远虑；天意；天命〈n.f.〉
Vorsicht	[fɔʁzɪçt]		小心〈n.f.〉
Vorsichtsmaßnahme	[fɔʁzɪçtsmasnaːmə]		预防措施；防范对策〈n.f.〉
Vorsitz	[fɔʁzɪt͡s]		椅子；显要的席位〈n.m.〉
Vorsitzende	[fɔʁzɪt͡səndə]		总统；总裁；董事长〈n.〉
Vorsitzender	[fɔʁzɪt͡səndɐ]		主席；会长〈n.m.〉
Vorspeise	[fɔʁspaɪzə]		开端者；在起跑线上的人；参加赛跑的人〈n.f.〉
Vorspiel	[fɔʁspiːl]		前奏；序幕；序诗〈n.〉
Vorsprechen	[fɔʁspʁəçən]		听；听力；试听；审计命令〈n.〉
Vorsprung	[fɔʁspʁʊnk]		突出；突出部；露出；前突〈n.m.〉
Vorstand	[fɔʁstant]		董事会〈n.m.〉
Vorstellung	[fɔʁstəlʊnk]		想象；演出〈n.f.〉
Vorstellungsgespräch	[fɔʁstəlʊnɡsɡəspʁɛːç]		面谈；访问；接见〈n.〉
Vorteil	[fɔʁtaɪl]		优点〈n.m.〉
Vortrag	[fɔʁtʁaːk]		报告；演讲〈n.m.〉
Vorträge	[fɔʁtʁɛɡə]		演讲；谴责；讲稿〈n.〉
Vortäuschen	[fɔʁtɔʏʃən]		锉；琢磨；锉屑；编档〈n.〉
Vorwand	[fɔʁvant]		借口〈n.m.〉
Vorwurf	[fɔʁvʊʁf]		断言；主张；申辩；声明〈n.m.〉
Vorzüge	[fɔʁt͡sʏɡə]		特权〈n.〉
Vulkan	[fʊlkaːn]		火山〈n.m.〉
Vögelchen	[føːɡəlçən]		一点点；少许；一会儿〈n.〉
Waage	[vaːɡə]		平衡；差额；相等；称〈n.f.〉
Wache	[vaxə]		岗哨〈n.f.〉
Wachmann	[vaxman]		巡夜者；看守人；门警〈n.m.〉
Wachs	[vaks]		蜡；蜡状物；一阵发怒〈n.〉
Wachstum	[vakstuːm]		生长；栽培；增长；等比级数〈n.〉
Wackeln	[vakəln]		摆动；摇晃；不稳定〈n.〉
Waffe	[vafə]		武器〈n.f.〉
Waffenhändler	[vafənhɛndlɐ]		武器；军事行动；军械〈n.m.〉
Waffenstillstand	[vafənstɪlstant]		休战；停战〈n.m.〉
Wagen	[vaːɡən]		车辆〈n.m.〉
Wahl	[vaːl]		选择〈n.f.〉
Wahlkampf	[vaːlkampf]		选举；当选；选择权〈n.m.〉
Wahn	[vaːn]		迷惑；欺瞒；错觉；妄想〈n.m.〉
Wahnsinn	[vaːnzɪn]		疯狂〈n.m.〉
Wahnsinnige	[vaːnzɪnɪɡə]		疯子；精神病患者；狂人〈n.m.〉
Wahrheit	[vaːʁhaɪt]		真相〈n.f.〉
Wahrnehmen	[vaːʁneːmən]		知觉；洞察；感知能力〈n.〉
Wahrscheinlichkeit	[vaːʁʃaɪnlɪçkaɪt]		可能〈n.f.〉
Waisenhaus	[vaɪzənhaʊs]		孤儿院；孤儿〈n.〉
Waisenkind	[vaɪzənkɪnt]		孤儿〈n.〉
Wal	[vaːl]		猛揍〈n.m.〉
Wald	[valt]		森林〈n.m.〉
Wale	[vaːlə]		鲸目的；鲸鱼〈n.〉
Wales	[vaːləs]		威尔士〈n.〉
Walzer	[valt͡sɐ]		华尔兹舞〈n.m.〉
Wand	[vant]		墙〈n.f.〉
Wandel	[vandəl]		变化；找回的零钱；找头〈n.m.〉
Wanderer	[vandəʁɐ]		徒步旅行者〈n.m.〉
Wange	[vanɡə]		颊；厚颜；脸蛋〈n.f.〉
Wanne	[vanə]		在大桶里处理〈n.f.〉
Want	[vant]		尸衣；寿衣；覆盖物〈n.m.〉
Wanze	[vant͡sə]		错误；虫；病菌〈n.f.〉
Ware	[vaːʁə]		商品〈n.f.〉
Warnung	[vaʁnʊnk]		警告〈n.f.〉
Warschau	[vaʁʃaʊ]		华沙〈n.〉
Wartezimmer	[vaʁtət͡sɪmɐ]		赌注；下赌注〈n.〉
Wasch	[vaʃ]		有；怀有；拿〈n.〉
Waschlappen	[vaʃlapən]		毛巾；面巾〈n.m.〉
Waschmaschine	[vaʃmaʃɪnə]		洗衣机；洗胶机；洗涤机〈n.f.〉
Wasser	[vasɐ]		水〈n.〉
Wasserfall	[vasəʁfal]		瀑布〈n.m.〉
Weber	[veːbɐ]		织布者；织工〈n.m.〉
Wechsel	[vɛksəl]		转变；转换；变迁〈n.m.〉
Wecker	[vɛkɐ]		闹钟〈n.m.〉
Weg	[veːk]		路〈n.m.〉
Wehen	[veːən]		收缩；缩减；缩略词〈n.〉
Wehr	[veːɐ]		堰；鱼梁〈n.〉
Weibchen	[vaɪbçən]		女性；女人〈n.〉
Weiche	[vaɪçə]		点；小数点；标点〈n.f.〉
Weiden	[vaɪdən]		牧草；放牧；牧场〈n.〉
Weihnachten	[vaɪnaxtən]		圣诞节〈n.〉
Weihnachtsgeschenk	[vaɪnaxtsɡəʃənk]		圣诞礼物〈n.〉
Weihnachtsmann	[vaɪnaxtsman]		圣诞老人〈n.m.〉
Weilchen	[vaɪlçən]		一点点；少许；一会儿〈n.〉
Weile	[vaɪlə]		一会儿〈n.f.〉
Wein	[vaɪn]		葡萄酒〈n.m.〉
Weise	[vaɪzə]		方式〈n.f.〉
Weiser	[vaɪzɐ]		卡胡纳〈n.m.〉
Weisheit	[vaɪshaɪt]		智慧〈n.f.〉
Weizen	[vaɪt͡sən]		小麦〈n.m.〉
Welle	[vɛlə]		波浪〈n.f.〉
Wellen	[vɛlən]		兴风作浪〈n.〉
Wellington	[vɛlɪnɡtoːn]		惠灵顿长靴〈n.〉
Welpe	[vɛlpə]		小狗；下崽〈n.m.〉
Welt	[vɛlt]		世界〈n.f.〉
Weltall	[vɛltal]		宇宙；星系；范围〈n.〉
Weltkrieg	[vɛltkʁiːk]		世界大战〈n.m.〉
Weltmeister	[vɛltmaɪstɐ]		世界；地球；宇宙〈n.m.〉
Weltraum	[vɛltʁaʊm]		太空〈n.m.〉
Wende	[vɛndə]		转折〈n.f.〉
Wendung	[vɛndʊnk]		转弯；转动；旋转〈n.f.〉
Werbespot	[vɛʁbəspoːt]		广告业〈n.m.〉
Werbung	[vɛʁbʊnk]		广告〈n.f.〉
Werk	[vɛʁk]		作品；工厂〈n.〉
Werkstatt	[vɛʁkstat]		车间；修理厂〈n.f.〉
Werkzeug	[vɛʁkt͡sɔʏk]		工具〈n.〉
Wert	[vɛʁt]		价值〈n.m.〉
Werwolf	[vɛʁvɔlf]		狼人；豺狼般的人〈n.m.〉
Wesen	[veːzən]		本质；生物〈n.〉
Wesentliche	[veːzəntlɪçə]		形势；情况；环境〈n.〉
Weste	[vɛstə]		背心〈n.f.〉
Westen	[vɛstən]		西方〈n.m.〉
Wettbewerb	[vɛtbəvəʁp]		竞赛〈n.m.〉
Wette	[vɛtə]		打赌〈n.f.〉
Wetter	[vɛtɐ]		天气〈n.〉
Wettkampf	[vɛtkampf]		竞赛；争论；竞争；争取〈n.m.〉
Whiskey	[vhɪskɛʏ]		威士忌〈n.m.〉
Whisky	[vhɪskʏ]		威士忌酒〈n.m.〉
Wichtigeres	[vɪçtɪɡəʁəs]		有；怀有；拿〈n.〉
Wichtigkeit	[vɪçtɪɡkaɪt]		重要；重要性；重要地位〈n.f.〉
Widerrede	[viːdəʁədə]		反驳；矛盾；否认〈n.f.〉
Widerspruch	[viːdəʁspʁuːx]		反驳；矛盾；否认〈n.m.〉
Widerstand	[viːdəʁstant]		抵抗〈n.m.〉
Wiedergeburt	[viːdəʁɡəbʊʁt]		再生；复活；新生〈n.f.〉
Wiedergutmachung	[viːdəʁɡʊtmaxʊnk]		赎回；赎身；偿还〈n.f.〉
Wiederherstellen	[viːdəʁhəʁstələn]		取回；恢复；检索〈n.〉
Wiederholung	[viːdəʁhɔlʊnk]		重复；背诵；循环〈n.f.〉
Wiege	[viːɡə]		摇篮；发祥地〈n.f.〉
Wiegen	[viːɡən]		卷；滚动；名单〈n.〉
Wiehern	[viːɐn]		马嘶声〈n.〉
Wien	[viːn]		维也纳〈n.f.〉
Wiese	[viːzə]		草地；牧场〈n.f.〉
Wiesel	[viːzəl]		鼬鼠；狡猾的人；告密者〈n.〉
Wikinger	[viːkɪnɡɐ]		海盗〈n.m.〉
Wilderer	[vɪldəʁɐ]		偷猎者；侵入者；炖蛋锅〈n.m.〉
Wildnis	[vɪldnɪs]		荒野；荒地；大量〈n.f.〉
Wilhelm	[vɪlhəlm]		征服者威廉一世；诺曼王朝威廉一世〈n.〉
Wille	[vɪlə]		意志〈n.m.〉
Willen	[vɪlən]		意愿；为了〈n.m.〉
Wimmern	[vɪmɐn]		恸哭；哀号；嚎啕〈n.〉
Wind	[vɪnt]		风〈n.m.〉
Winde	[vɪndə]		曲柄〈n.f.〉
Windel	[vɪndəl]		尿布；纸尿裤〈n.f.〉
Windschutzscheibe	[vɪndʃʊt͡sʃaɪbə]		汽车的挡风玻璃〈n.f.〉
Wink	[vɪnk]		点头示意；招手；小河〈n.m.〉
Winkel	[vɪnkəl]		角落；角度〈n.m.〉
Winter	[vɪntɐ]		冬天〈n.m.〉
Wirbel	[vɪʁbəl]		转环；旋转轴承〈n.m.〉
Wirbelsäule	[vɪʁbəlzɔʏlə]		背骨；脊柱；尖刺〈n.f.〉
Wirklichkeit	[vɪʁklɪçkaɪt]		现实〈n.f.〉
Wirkung	[vɪʁkʊnk]		效果〈n.f.〉
Wirt	[vɪʁt]		店主〈n.m.〉
Wirtschaft	[vɪʁt͡ʃaft]		经济〈n.f.〉
Wisconsin	[vɪskɔnziːn]		威斯康星〈n.〉
Wissenschaft	[vɪsənʃaft]		科学〈n.f.〉
Wissenschaftler	[vɪsənʃaftlɐ]		科学家〈n.m.〉
Witwe	[vɪtvə]		寡妇〈n.f.〉
Witwer	[vɪtvɐ]		鳏夫〈n.m.〉
Witz	[vɪt͡s]		笑话〈n.m.〉
Witzbold	[vɪt͡sbɔlt]		恶作剧者〈n.m.〉
Woche	[vɔxə]		星期〈n.f.〉
Wochenende	[vɔxənəndə]		周末〈n.〉
Wodka	[vɔdka]		伏特加〈n.m.〉
Wohlergehen	[voːləʁɡeːən]		福利；安宁；幸福〈n.〉
Wohlfühlen	[voːlfyːlən]		健康〈n.〉
Wohlstand	[voːlstant]		丰富；充足；大量〈n.m.〉
Wohltäter	[voːltɛtɐ]		恩人；捐助者；施主；捐赠人〈n.m.〉
Wohnheim	[voːnhaɪm]		青年招待所；宿舍；旅店〈n.〉
Wohnmobil	[voːnmɔbiːl]		旅宿车〈n.〉
Wohnung	[voːnʊnk]		住房〈n.f.〉
Wohnwagen	[voːnvaɡən]		房车〈n.m.〉
Wohnzimmer	[voːnt͡sɪmɐ]		客厅〈n.〉
Wolf	[vɔlf]		狼〈n.m.〉
Wolke	[vɔlkə]		云〈n.f.〉
Wolle	[vɔlə]		羊毛〈n.f.〉
Wort	[vɔʁt]		词；话〈n.〉
Wortwahl	[vɔʁtvaːl]		用语〈n.f.〉
Wrack	[vʁak]		失事；残骸〈n.〉
Wucht	[vʊxt]		热烈；激烈〈n.f.〉
Wunde	[vʊndə]		伤口〈n.f.〉
Wunder	[vʊndɐ]		奇迹〈n.〉
Wunsch	[vʊnʃ]		愿望〈n.m.〉
Wurf	[vʊʁf]		投；掷；抛〈n.m.〉
Wurm	[vʊʁm]		虫；蠕虫；小人物〈n.m.〉
Wurmloch	[vʊʁmloːx]		蛀孔；蛀洞〈n.〉
Wurzel	[vʊʁt͡səl]		根；根本；根源〈n.f.〉
Wut	[vuːt]		愤怒〈n.f.〉
Wyoming	[vʏoːmɪnk]		怀俄明〈n.〉
Wächter	[vɛçtɐ]		看守〈n.m.〉
Wähler	[vɛːlɐ]		选民；投票人；选举人〈n.m.〉
Währung	[vɛːʁʊnk]		货币；通货；流通〈n.f.〉
Wände	[vɛndə]		墙壁；墙体〈n.〉
Wärme	[vɛʁmə]		温暖〈n.f.〉
Wärter	[vɛʁtɐ]		狱警〈n.m.〉
Wäsche	[vɛʃə]		洗的衣物〈n.f.〉
Wäscherei	[vɛʃəʁaɪ]		洗衣店；洗好的衣服；洗涤；洗衣作〈n.f.〉
Wörterbuch	[vœʁtəʁbuːx]		字典；词典〈n.〉
Würfel	[vʏʁfəl]		立方体；立方〈n.m.〉
Würstchen	[vʏʁstçən]		小香肠〈n.〉
Wüste	[vʏstə]		沙漠〈n.f.〉
Yard	[jaʁt]		码；庭院；工场；堆置场〈n.m.〉
Yates	[jaːtəs]		人名；耶茨〈n.〉
Yen	[jən]		日元；渴望；嗜好〈n.m.〉
Ying	[jɪnk]		中国的殷代〈n.〉
Yoga	[joːɡa]		瑜珈〈n.〉
Zahl	[t͡saːl]		数字〈n.f.〉
Zahltag	[t͡saːltaːk]		季度结帐日〈n.m.〉
Zahlung	[t͡saːlʊnk]		付款；支付的款项；偿还〈n.f.〉
Zahn	[t͡saːn]		牙齿〈n.m.〉
Zahnarzt	[t͡saːnaʁt͡st]		牙医〈n.m.〉
Zahnfee	[t͡saːnfeː]		牙仙〈童话角色〉〈n.f.〉
Zahnpasta	[t͡saːnpasta]		牙膏〈n.f.〉
Zange	[t͡sanɡə]		钳子〈n.f.〉
Zar	[t͡saːɐ]		沙皇〈n.m.〉
Zauber	[t͡saʊbɐ]		魔法〈n.m.〉
Zauberei	[t͡saʊbəʁaɪ]		壮举；功绩〈n.f.〉
Zauberer	[t͡saʊbəʁɐ]		魔法师〈n.m.〉
Zauberspruch	[t͡saʊbəʁspʁuːx]		咒语；魔法口诀〈n.m.〉
Zauberstab	[t͡saʊbəʁstaːp]		棒；棍；杖〈n.m.〉
Zaubertrank	[t͡saʊbəʁtʁank]		魔药；魔法药水〈n.m.〉
Zaun	[t͡saʊn]		栅栏〈n.m.〉
Zebra	[t͡sɛbʁa]		斑马〈n.〉
Zehe	[t͡seːə]		脚趾〈n.f.〉
Zehner	[t͡seːnɐ]		十；十个〈n.m.〉
Zeichen	[t͡saɪçən]		标志；信号〈n.〉
Zeichnung	[t͡saɪçnʊnk]		图画；制图；拉；绘图〈n.f.〉
Zeile	[t͡saɪlə]		列；线；绳〈n.f.〉
Zeit	[t͡saɪt]		时间〈n.f.〉
Zeitalter	[t͡saɪtaltɐ]		年龄；老年；成年〈n.〉
Zeitbombe	[t͡saɪtbɔmbə]		定时炸弹〈n.f.〉
Zeitplan	[t͡saɪtplaːn]		时间表〈n.m.〉
Zeitpunkt	[t͡saɪtpʊnkt]		时刻〈n.m.〉
Zeitschrift	[t͡saɪt͡ʃʁɪft]		期刊的；间歇〈n.f.〉
Zeitung	[t͡saɪtʊnk]		报纸〈n.f.〉
Zeitverschwendung	[t͡saɪtfəʁʃvəndʊnk]		浪费时间〈n.f.〉
Zeitvertreib	[t͡saɪtfəʁtʁaɪp]		消遣；娱乐；游戏〈n.m.〉
Zelle	[t͡sɛlə]		细胞；牢房〈n.f.〉
Zelt	[t͡sɛlt]		帐篷〈n.〉
Zement	[t͡seːmənt]		水泥〈n.m.〉
Zentimeter	[t͡sɛntɪmətɐ]		厘米〈n.m.〉
Zentrale	[t͡sɛntʁalə]		中心〈n.f.〉
Zentrum	[t͡sɛntʁuːm]		中心〈n.〉
Zeremonie	[t͡seːʁəmɔniː]		典礼〈n.f.〉
Zerstörer	[t͡sɛʁstœʁɐ]		破坏者；消灭者；起破坏作用的东西〈n.m.〉
Zerstörung	[t͡sɛʁstœʁʊnk]		摧毁〈n.f.〉
Zettel	[t͡sɛtəl]		纸条〈n.m.〉
Zeug	[t͡sɔʏk]		东西（口语）〈n.〉
Zeuge	[t͡sɔʏɡə]		证人〈n.m.〉
Zeugenstand	[t͡sɔʏɡənstant]		证人；目击者；证据〈n.m.〉
Zeugin	[t͡sɔʏɡiːn]		女证人〈n.f.〉
Zeugnis	[t͡sɔʏɡnɪs]		证明书；介绍信；奖品〈n.〉
Zeus	[t͡sɔʏs]		宙斯〈n.m.〉
Zicke	[t͡sɪkə]		母山羊；母羊；雌山羊〈n.f.〉
Ziege	[t͡siːɡə]		山羊〈n.f.〉
Ziegel	[t͡siːɡəl]		砖块；用砖砌〈n.m.〉
Ziel	[t͡siːl]		目标〈n.〉
Zielperson	[t͡siːlpəʁzoːn]		目标；靶子；指标；对准〈n.f.〉
Zielscheibe	[t͡siːlʃaɪbə]		目标；靶子；指标；对准〈n.f.〉
Zigarette	[t͡siːɡaʁətə]		香烟〈n.f.〉
Zigarre	[t͡siːɡaʁə]		雪茄〈n.f.〉
Zigeuner	[t͡siːɡɔʏnɐ]		流浪〈n.m.〉
Zimmer	[t͡sɪmɐ]		房间〈n.〉
Zimmermädchen	[t͡sɪməʁmɛdçən]		女服务员〈n.〉
Zimmerservice	[t͡sɪməʁzəʁfɪkə]		客房用餐服务〈n.m.〉
Zimt	[t͡sɪmt]		肉桂；肉桂树皮〈n.m.〉
Zinsen	[t͡sɪnzən]		兴趣；嗜好；利息〈n.〉
Zirkel	[t͡sɪʁkəl]		<拉>圆规座〈n.m.〉
Zirkus	[t͡sɪʁkʊs]		马戏团〈n.m.〉
Zischen	[t͡sɪʃən]		嘘声〈n.〉
Zitat	[t͡siːtaːt]		引用；引证；引用文〈n.〉
Zitrone	[t͡sɪtʁɔnə]		柠檬；柠檬树；柠檬色〈n.〉
Zittern	[t͡sɪtɐn]		震动；颤抖；箭袋〈n.〉
Zivilisation	[t͡siːfɪlɪzat͡sjoːn]		文明〈n.f.〉
Zoll	[t͡sɔl]		英寸；身高〈n.〉
Zone	[t͡soːnə]		区域〈n.f.〉
Zoo	[t͡soː]		动物园〈n.m.〉
Zorn	[t͡sɔʁn]		愤怒〈n.m.〉
Zucken	[t͡sʊkən]		急拉；抽搐；阵痛〈n.〉
Zucker	[t͡sʊkɐ]		糖〈n.m.〉
Zufall	[t͡suːfal]		偶然〈n.m.〉
Zuflucht	[t͡sʊflʊxt]		避难所；安全地带；避难〈n.f.〉
Zufriedenheit	[t͡sʊfʁiːdənhaɪt]		满足；满意；快事〈n.f.〉
Zug	[t͡suːk]		火车〈n.m.〉
Zugabe	[t͡suːɡabə]		加法；增加的人〈n.f.〉
Zugang	[t͡suːɡank]		进入；通道〈n.m.〉
Zugriff	[t͡sʊɡʁɪf]		访问〈n.m.〉
Zuhälter	[t͡suːɛltɐ]		拉皮条者；取得者；获得者；引诱妇女卖淫者〈n.m.〉
Zuhörer	[t͡suːœʁɐ]		听者；听众〈n.m.〉
Zukunft	[t͡suːkʊnft]		未来〈n.f.〉
Zulassung	[t͡suːlasʊnk]		准许进入；入场费；录用〈n.f.〉
Zuneigung	[t͡suːnaɪɡʊnk]		好感〈n.f.〉
Zunge	[t͡sʊnɡə]		舌头〈n.f.〉
Zurückhalten	[t͡suːʁʏkhaltən]		阻止；监禁；拘留；隔离〈n.〉
Zurückhaltung	[t͡suːʁʏkhaltʊnk]		抑制；克制；束缚；约束〈n.f.〉
Zurückrufen	[t͡suːʁʏkʁʊfən]		职业；行业；呼唤〈n.〉
Zusammenarbeit	[t͡suːzamənaʁbaɪt]		合作〈n.f.〉
Zusammenhang	[t͡suːzamənhank]		关联〈n.m.〉
Zusammenleben	[t͡suːzamənləbən]		共存；和平共处；并立〈n.〉
Zuschauer	[t͡sʊʃaʊɐ]		观众〈n.m.〉
Zustand	[t͡sʊstant]		状态〈n.m.〉
Zustimmung	[t͡sʊstɪmʊnk]		同意〈n.f.〉
Zuständigkeit	[t͡sʊstɛndɪɡkaɪt]		责任；职责；负担〈n.f.〉
Zutaten	[t͡suːtatən]		材料；作料〈n.〉
Zutritt	[t͡sʊtʁɪt]		进入许可〈n.m.〉
Zwang	[t͡svank]		强制〈n.m.〉
Zweck	[t͡svɛk]		目的；意图；宗旨〈n.m.〉
Zwecke	[t͡svɛkə]		角钉；曲头钉〈n.f.〉
Zweier	[t͡svaɪɐ]		两人组；二重奏；双人艇〈n.〉
Zweifel	[t͡svaɪfəl]		怀疑〈n.m.〉
Zweig	[t͡svaɪk]		树枝；支店；支流〈n.m.〉
Zwerg	[t͡svɛʁk]		矮人〈n.m.〉
Zwilling	[t͡svɪlɪnk]		双胞胎之一；孪生儿〈n.m.〉
Zwillinge	[t͡svɪlɪnɡə]		双胞胎〈n.〉
Zwinge	[t͡svɪnɡə]		痉挛；腹部绞痛〈n.f.〉
Zwischenfall	[t͡svɪʃənfal]		来得不巧的事情；不幸的意外事；切分音法〈n.m.〉
Zwischenzeit	[t͡svɪʃənt͡saɪt]		其间〈n.f.〉
Zwitschern	[t͡svɪt͡ʃɐn]		啁啾〈n.〉
Zylinder	[t͡sʏlɪndɐ]		圆筒；圆筒状物；汽缸〈n.m.〉
Zähl	[t͡sɛːl]		测光模式；计量；测量〈n.〉
Zärtlichkeit	[t͡sɛʁtlɪçkaɪt]		柔软；亲切；柔和〈n.f.〉
Zügel	[t͡syːɡəl]		缰绳；统治；支配；驾驭〈n.m.〉
Zünden	[t͡sʏndən]		烧毁；焚烧；加热〈n.〉
Zünder	[t͡sʏndɐ]		保险丝；导火线；熔化；融合〈n.m.〉
Zündung	[t͡sʏndʊnk]		点火；点燃；着火〈n.f.〉
ab	[aːp]		从…起〈präp.〉
abartig	[aːbaʁtɪç]		乖张的；故意作对的；有悖常情的〈adj.〉
abbrechen	[abʁəçən]		中断〈v.〉
abdecken	[abdəkən]		拆去屋顶〈v.〉
abdrücken	[abdʁʏkən]		扣扳机射击〈v.〉
abends	[aːbənds]		每天晚上〈adv.〉
aber	[aːbɐ]		但是〈konj.〉
abergläubisch	[aːbəʁɡlɔʏbɪʃ]		迷信的；由迷信引起的〈adj.〉
abfahren	[abfaːʁən]		出发〈v.〉
abfeuern	[abfɔʏɐn]		放〈v.〉
abgeben	[abɡəbən]		交出〈v.〉
abgebrannt	[abɡəbʁant]		身无分文的；被烧毁的〈adv.〉
abgebrochen	[abɡəbʁɔxən]		突然的；唐突的；陡峭的〈v.〉
abgedreht	[abɡədʁeːt]		古怪的；乖僻的；疯狂的〈adj.〉
abgefahren	[abɡəfaːʁən]		由致幻药引起幻觉的〈adj.〉
abgefeuert	[abɡəfɔʏəʁt]		开火的；射出的；发射的〈adv.〉
abgehalten	[abɡeːaltən]		举行的；被阻止的〈v.〉
abgehoben	[abɡeːɔbən]		离开的；间隔的；远离的；拆除的〈v.〉
abgehängt	[abɡeːɛnɡt]		悬浮的；暂停的；缓期的〈adj.〉
abgehört	[abɡeːœʁt]		拦截；截住；截击〈adv.〉
abgelegt	[abɡələɡt]		遭遗弃的；版面计算〈adv.〉
abgemacht	[abɡəmaxt]		说定了〈adj.〉
abgerissen	[abɡəʁɪsən]		分开的〈adj.〉
abgesehen	[abɡəzeːən]		除外〈adv.〉
abgesperrt	[abɡəspəʁt]		上了闩的；划出线条的；受阻的〈adv.〉
abgestürzt	[abɡəstʏʁt͡st]		坠毁的；崩溃的〈adv.〉
abhalten	[abhaltən]		阻止；举行〈v.〉
abhauen	[abhaʊən]		溜走（口语）〈v.〉
abholen	[abhɔlən]		接人；取〈v.〉
abhängen	[abhɛnɡən]		依赖；闲逛〈v.〉
abhängig	[abhɛnɡɪç]		依赖的〈adj.〉
abkaufen	[abkaʊfən]		买；买得的东西〈v.〉
abkühlen	[abkyːlən]		变凉；平静下来〈v.〉
abladen	[abladən]		使卸去负荷；使安心；吐露心事消除思想负担〈v.〉
ablaufen	[ablaʊfən]		到期；流走〈v.〉
ablegen	[abləɡən]		放下；改掉〈v.〉
ablehnen	[ableːnən]		拒绝〈v.〉
ablenken	[ablənkən]		使分心〈v.〉
abnehmen	[abneːmən]		减轻；接听〈v.〉
abreißen	[abʁaɪsən]		折断；突然停止；脱落〈v.〉
absagen	[abzaɡən]		取消〈v.〉
abschalten	[abʃaltən]		撤消遣散；复员；使无效〈v.〉
abscheulich	[abʃɔʏliːç]		可憎的；可恶的〈adj.〉
abschlagen	[abʃlaɡən]		屑片；薄片；碎片；削〈v.〉
abschließen	[abʃliːsən]		结束；上锁〈v.〉
abschneiden	[abʃnaɪdən]		剪下；切断〈v.〉
absichtlich	[abzɪçtliːç]		故意地；有意地〈adj.〉
absitzen	[abzɪt͡sən]		坐着捱到结束；耐着性子看完〈v.〉
absolut	[abzɔluːt]		绝对〈adv.〉
abstellen	[abstələn]		切掉；删去；切断〈v.〉
abstoßend	[abstɔsənt]		放；摆；安置〈adv.〉
abstürzen	[abstʏʁt͡sən]		哗啦声；猛撞；崩溃〈v.〉
absurd	[abzʊʁt]		荒谬的〈adj.〉
abwarten	[abvaʁtən]		等待观望〈v.〉
abwischen	[abvɪʃən]		温习；复习〈v.〉
abwärts	[abvɛʁts]		降低〈adv.〉
abziehen	[abt͡siːən]		撤走；扣除〈v.〉
acht	[axt]		八〈num.〉
achten	[axtən]		重视；遵守〈v.〉
aggressiv	[aɡʁəsiːf]		有攻击性的〈adj.〉
ahnen	[aːnən]		预示；预兆；预感〈v.〉
aktiv	[aktiːf]		积极的〈adj.〉
aktivieren	[aktɪfiːʁən]		激活〈v.〉
aktiviert	[aktɪfiːʁt]		活性化的；活泼的〈adv.〉
aktuell	[aktʊəl]		论题的；题目的；时事问题的〈adj.〉
akzeptieren	[akt͡səptiːʁən]		接受〈v.〉
alarmieren	[aːlaʁmiːʁən]		警觉的；灵敏的〈v.〉
albern	[albɐn]		傻气的〈adj.〉
alias	[aːlɪas]		别名；替换入口〈adv.〉
alle	[alə]		全部；大家〈adj.〉
allein	[alaɪn]		独自；仅仅〈adv.〉
allemal	[aləmaːl]		总是；始终〈adv.〉
allerdings	[aləʁdɪnɡs]		不过〈adv.〉
allergisch	[aləʁɡɪʃ]		对...过敏的〈adj.〉
allerseits	[aləʁzaɪts]		在各方面；到处〈adv.〉
alles	[aləs]		一切〈pron.〉
allesamt	[aləzamt]		所有的；全部的〈adv.〉
allgemein	[alɡəmaɪn]		通常的；共同的；通俗的〈adj.〉
allgemeine	[alɡəmaɪnə]		趋势；倾向；走向〈adv.〉
allmählich	[almɛːliːç]		逐渐〈adv.〉
allzu	[alt͡sʊ]		过于〈adv.〉
als	[als]		当…时；比〈konj.〉
also	[alzɔ]		那么；因此〈adv.〉
alt	[alt]		老的；旧的〈adj.〉
altmodisch	[altmɔdɪʃ]		旧式的；过时的；保守的〈adj.〉
am	[am]		在（时刻、地点）〈präp.〉
amerikanisch	[aːməʁɪkanɪʃ]		美国的〈adj.〉
amerikanischer	[aːməʁɪkanɪʃɐ]		阻挠议事的活动；掠夺兵；暴兵〈adv.〉
amüsant	[aːmʏzant]		有趣的；引人发笑的〈adv.〉
amüsieren	[aːmʏziːʁən]		取乐〈v.〉
an	[aːn]		在；紧挨着〈präp.〉
anbieten	[anbiːtən]		提供〈v.〉
andauernd	[andaʊəʁnt]		不断地〈adv.〉
andere	[andəʁə]		其他的〈adj.〉
andererseits	[andəʁəʁzaɪts]		另一方面〈adv.〉
anders	[andəʁs]		不同地〈adv.〉
anderswo	[andəʁsvɔ]		在别处〈adv.〉
anderthalb	[andəʁtalp]		一；一个；一致的〈adv.〉
andeuten	[andɔʏtən]		暗示；表明〈v.〉
aneinander	[aːnaɪnandɐ]		一起；共同；彼此〈adv.〉
anerkannt	[aːnəʁkant]		被认可的；经过检验的〈adj.〉
anerkennen	[aːnəʁkənən]		荣誉；头衔；信用〈v.〉
anfangen	[anfanɡən]		开始〈v.〉
anfangs	[anfanɡs]		起初〈adv.〉
anfassen	[anfasən]		触摸〈v.〉
anfordern	[anfɔʁdɐn]		正式请求；申请；需要〈v.〉
anfällig	[anfɛlɪç]		容易…的；脆弱易感的〈adj.〉
anführen	[anfyːʁən]		矛尖；先锋队〈v.〉
angeben	[anɡəbən]		弹性；适应性；给；授予〈v.〉
angeblich	[anɡəbliːç]		据说〈adv.〉
angebracht	[anɡəbʁaxt]		适当的〈adj.〉
angehen	[anɡeːən]		涉及〈v.〉
angeln	[anɡəln]		钓鱼〈v.〉
angemessen	[anɡəməsən]		适当的〈adj.〉
angenehm	[anɡəneːm]		舒适的〈adj.〉
angepasst	[anɡəpast]		适宜的；试穿；试衣；装配〈adv.〉
angesagt	[anɡəzaɡt]		随潮流的；时髦的；赶潮流的〈adv.〉
angeschlagen	[anɡəʃlaɡən]		失败〈v.〉
angeschlossen	[anɡəʃlɔsən]		连接的；连贯的；有联系的〈v.〉
angesehen	[anɡəzeːən]		受尊敬的〈adj.〉
angesichts	[anɡəzɪçts]		面对；鉴于〈adv.〉
angespannt	[anɡəspant]		紧张的；滤过的〈adv.〉
angestellt	[anɡəstəlt]		受雇的〈adj.〉
angestrengt	[anɡəstʁənɡt]		紧张的；费力的；竭力的〈adv.〉
angetrieben	[anɡətʁiːbən]		有动力装置的；用动力推动的；产生动力的〈v.〉
angreifen	[anɡʁaɪfən]		攻击〈v.〉
anhalten	[anhaltən]		停止；使停下〈v.〉
anhand	[anhant]		依据；借助（anhand + 第二格）〈adv.〉
anheben	[anhəbən]		上升；高地；增高；升起〈v.〉
anheuern	[anhɔʏɐn]		雇用〈v.〉
anhängen	[anhɛnɡən]		附加；增补〈v.〉
anhören	[anhœʁən]		听取〈v.〉
anklagen	[anklaɡən]		控告〈v.〉
ankommen	[ankɔmən]		到达〈v.〉
anlegen	[anləɡən]		安放；投资〈v.〉
anlügen	[anlʏɡən]		撒谎骗〈v.〉
anmachen	[anmaxən]		投掷；抛；摇摆〈v.〉
anmelden	[anməldən]		宣布；声明；申报〈v.〉
anmerken	[anməʁkən]		作注解；注释〈v.〉
annehmen	[aneːmən]		接受；假设〈v.〉
annähernd	[anɛːəʁnt]		大约的；接近的〈adv.〉
anonym	[aːnɔnʏm]		姓氏不详的；无名的；无特色的；无记录〈adv.〉
anrichten	[anʁɪçtən]		盘子；碟；菜肴；皿〈v.〉
anrufen	[anʁʊfən]		打电话〈v.〉
ans	[ans]		到…旁（an das 缩合）〈präp.〉
anschauen	[anʃaʊən]		看〈v.〉
anscheinend	[anʃaɪnənt]		看来〈adv.〉
anschießen	[anʃiːsən]		打伤〈v.〉
anschließen	[anʃliːsən]		连接；加入〈v.〉
anschließend	[anʃliːsənt]		下列各项；部下〈adv.〉
anschreien	[anʃʁaɪən]		呼喊；喊声；喊叫〈v.〉
ansehen	[anzeːən]		看；观看〈v.〉
ansonsten	[anzɔnstən]		否则〈adv.〉
anspruchsvoll	[anspʁʊksfɔl]		有眼力的；敏锐的；有辨别能力的〈adv.〉
anstatt	[anstat]		而不是〈konj.〉
anstecken	[anstəkən]		传染；感染〈v.〉
ansteckend	[anstəkənt]		触染性的；会蔓延的；触染的〈adv.〉
anstelle	[anstələ]		作为替代；反而〈adv.〉
anstellen	[anstələn]		雇用；做（事）〈v.〉
anstoßen	[anstɔsən]		踢脱；中线开球〈v.〉
anstrengen	[anstʁənɡən]		紧张；拉紧；张力〈v.〉
anstrengend	[anstʁənɡənt]		费力的〈adj.〉
anständig	[anstɛndɪç]		正派的〈adj.〉
antiker	[antɪkɐ]		指关节骨；骨〈adv.〉
antreten	[antʁətən]		参加；就任〈v.〉
antun	[antuːn]		做给；加于〈v.〉
antworten	[antvɔʁtən]		回答〈v.〉
anvertrauen	[anfəʁtʁaʊən]		信赖；信托；交托〈v.〉
anwesend	[anvəzənt]		在场的〈adj.〉
anziehen	[ant͡siːən]		穿上；吸引〈v.〉
anziehend	[ant͡siːənt]		动人地；迷人地〈adv.〉
anzusehen	[ant͡sʊzeːən]		观看〈v.〉
apropos	[apʁɔpɔs]		顺便说〈adv.〉
arabisch	[aːʁabɪʃ]		阿拉伯人；阿拉伯的〈adj.〉
arbeiten	[aʁbaɪtən]		工作〈v.〉
arbeitslos	[aʁbaɪtslɔs]		注册的；登记过的；记名的〈adv.〉
arm	[aʁm]		手臂；可怜的〈n.m.〉
armselig	[aʁmzəlɪç]		不足取〈adv.〉
arrangieren	[aʁanɡiːʁən]		安排；排列；达成协议；重排〈v.〉
arrogant	[aʁɔɡant]		自大的；傲慢的〈adv.〉
artig	[aʁtɪç]		善行；好处；利益；好的〈adj.〉
atemberaubend	[aːtəmbəʁaʊbənt]		惊人的〈adv.〉
atmen	[atmən]		呼吸〈v.〉
attraktiv	[atʁaktiːf]		有吸引力的〈adj.〉
attraktiver	[atʁaktɪfɐ]		高等级带练低等级〈adv.〉
aua	[aʊa]		哎哟〈interj.〉
auch	[aʊx]		也〈adv.〉
auf	[aʊf]		在…上〈präp.〉
aufbauen	[aʊfbaʊən]		建立〈v.〉
aufbrechen	[aʊfbʁəçən]		出发；撬开〈v.〉
aufdringlich	[aʊfdʁɪnɡliːç]		似黄铜的〈adj.〉
aufeinander	[aʊfaɪnandɐ]		彼此相接〈adv.〉
auffallen	[aʊfalən]		引人注意〈v.〉
auffliegen	[aʊfliːɡən]		漏出；泄漏〈v.〉
auffällig	[aʊfɛlɪç]		显著的；显眼的；出众的〈adj.〉
aufgeben	[aʊfɡəbən]		放弃〈v.〉
aufgebraucht	[aʊfɡəbʁaʊxt]		用尽的〈adv.〉
aufgedreht	[aʊfɡədʁeːt]		勇敢的；精神充沛的；烈性的〈adv.〉
aufgefordert	[aʊfɡəfɔʁdəʁt]		受到敦促的；被要求的〈adv.〉
aufgehen	[aʊfɡeːən]		松开；散开〈v.〉
aufgeklärt	[aʊfɡəklɛʁt]		有知识的；进步的；文明的〈adv.〉
aufgelöst	[aʊfɡəlœst]		溶解的；溶化的〈adv.〉
aufgeregt	[aʊfɡəʁəɡt]		兴奋的〈adj.〉
aufgeräumt	[aʊfɡəʁɔʏmt]		整齐的；整洁的〈adv.〉
aufgeschlossen	[aʊfɡəʃlɔsən]		思想开阔的；无偏见的〈v.〉
aufgesetzt	[aʊfɡəzət͡st]		假装的；做作的；受影响的〈adv.〉
aufgeteilt	[aʊfɡətaɪlt]		被划分的〈adj.〉
aufgeweckt	[aʊfɡəvəkt]		眼睛晶莹的〈adv.〉
aufgewühlt	[aʊfɡəvyːlt]		搅乱的；搅浑的；被激怒的〈adv.〉
aufgrund	[aʊfɡʁʊnt]		由于〈präp.〉
aufhalten	[aʊfhaltən]		阻止；停留〈v.〉
aufheitern	[aʊfhaɪtɐn]		使高兴；使愉快；鼓励〈v.〉
aufholen	[aʊfhɔlən]		把...很快拾起〈v.〉
aufhören	[aʊfhœʁən]		停止〈v.〉
aufkommen	[aʊfkɔmən]		站立；出现；起来〈v.〉
auflegen	[aʊfləɡən]		挂断；放上〈v.〉
auflösen	[aʊflœzən]		解散；溶解〈v.〉
aufmachen	[aʊfmaxən]		打开〈v.〉
aufmerksam	[aʊfməʁkzaːm]		注意的；周到〈adj.〉
aufmuntern	[aʊfmʊntɐn]		愉快；振奋；欢呼〈v.〉
aufnehmen	[aʊfneːmən]		接收；录制〈v.〉
aufpassen	[aʊfpasən]		注意；小心〈v.〉
aufrecht	[aʊfʁəçt]		挺直的〈adj.〉
aufrechterhalten	[aʊfʁəçtəʁhaltən]		支持；遵守；袖手旁观〈v.〉
aufregen	[aʊfʁəɡən]		擦伤；气恼；摩擦；擦痛〈v.〉
aufregend	[aʊfʁəɡənt]		令人兴奋的〈adj.〉
aufreißen	[aʊfʁaɪsən]		撕开；扯破〈v.〉
aufrichtig	[aʊfʁɪçtɪç]		诚恳的〈adj.〉
aufräumen	[aʊfʁɔʏmən]		整理〈v.〉
aufs	[aʊfs]		到…上（auf das 缩合）〈präp.〉
aufschlagen	[aʊfʃlaɡən]		罢工；打击；殴打；打〈v.〉
aufschneiden	[aʊfʃnaɪdən]		吹；打击；殴打〈v.〉
aufschreiben	[aʊfʃʁaɪbən]		写下；写文章贬低；降低地位〈v.〉
aufspüren	[aʊfspʏʁən]		追踪到〈v.〉
aufstehen	[aʊfsteːən]		起床；站起来〈v.〉
aufstellen	[aʊfstələn]		竖立；制定〈v.〉
auftauchen	[aʊftaʊxən]		出现〈v.〉
aufteilen	[aʊftaɪlən]		分割；隔离物；隔墙〈v.〉
auftreiben	[aʊftʁaɪbən]		上升；高地；增高；升起〈v.〉
auftreten	[aʊftʁətən]		出现；举止〈v.〉
aufwachen	[aʊfvaxən]		醒来〈v.〉
aufwachsen	[aʊfvaksən]		长大〈v.〉
aufwärts	[aʊfvɛʁts]		向上的；起床的〈adv.〉
aufziehen	[aʊft͡siːən]		风；气息；气味〈v.〉
augenblicklich	[aʊɡənblɪkliːç]		立即的；直接的；接近的〈adj.〉
aus	[aʊs]		从…出来〈präp.〉
ausatmen	[aʊzatmən]		呼出〈v.〉
ausbilden	[aʊsbɪldən]		培训〈v.〉
ausbreiten	[aʊsbʁaɪtən]		出发；开始；陈列〈v.〉
ausdenken	[aʊsdənkən]		想出〈v.〉
ausdrücklich	[aʊsdʁʏkliːç]		详述的；清楚的；直言的〈adj.〉
auseinander	[aʊzaɪnandɐ]		分开〈adv.〉
auserwählt	[aʊzəʁvɛːlt]		挑选出来的；极好的；选择〈adv.〉
ausfallen	[aʊsfalən]		脱落；离队；争吵〈v.〉
ausführen	[aʊsfyːʁən]		执行〈v.〉
ausgeben	[aʊsɡəbən]		花费〈v.〉
ausgebildet	[aʊsɡəbɪldət]		受过培训的；受过训练的〈adv.〉
ausgebucht	[aʊsɡəbʊxt]		记载入册的；登记了的〈adv.〉
ausgefüllt	[aʊsɡəfʏlt]		忙碌的；热闹的〈adv.〉
ausgeglichen	[aʊsɡəɡlɪçən]		公平的；平衡的；对称的〈v.〉
ausgehen	[aʊsɡeːən]		外出；熄灭〈v.〉
ausgelassen	[aʊsɡəlasən]		嬉戏的；爱闹着玩的〈v.〉
ausgeliefert	[aʊsɡəliːfəʁt]		船；装船〈adv.〉
ausgemacht	[aʊsɡəmaxt]		完全的；彻底的；货真价实的〈adv.〉
ausgenommen	[aʊsɡənɔmən]		除...之外〈adj.〉
ausgerechnet	[aʊsɡəʁəçnət]		偏偏〈adv.〉
ausgeschlossen	[aʊsɡəʃlɔsən]		不加入；不在内；没有份〈v.〉
ausgesetzt	[aʊsɡəzət͡st]		暴露于；遭受〈adv.〉
ausgesprochen	[aʊsɡəspʁɔxən]		明白的；率直的〈v.〉
ausgestellt	[aʊsɡəstəlt]		展览着；上映着〈adj.〉
ausgestorben	[aʊsɡəstɔʁbən]		熄灭的；灭绝的；耗尽的；消灭了的〈adj.〉
ausgesucht	[aʊsɡəzʊxt]		精选地；七挑八选地〈adv.〉
ausgewählt	[aʊsɡəvɛːlt]		挑选出来的；精选的；被选的〈adv.〉
ausgezeichnet	[aʊsɡət͡saɪçnət]		极好的〈adj.〉
ausgraben	[aʊsɡʁabən]		挖；翻土〈v.〉
aushalten	[aʊshaltən]		伸出；提出；提供〈v.〉
auskommen	[aʊskɔmən]		用…对付〈v.〉
ausleihen	[aʊslaɪən]		借出〈v.〉
auslöschen	[aʊslœʃən]		消灭〈v.〉
auslösen	[aʊslœzən]		触发〈v.〉
ausmachen	[aʊsmaxən]		关掉；构成〈v.〉
ausnahmsweise	[aʊsnaːmsvaɪzə]		被；经；由〈adv.〉
auspacken	[aʊspakən]		从包裹中取出；卸下〈v.〉
ausprobieren	[aʊspʁɔbiːʁən]		尝试〈v.〉
ausrasten	[aʊsʁastən]		极度兴奋；焦虑不安〈v.〉
ausreichen	[aʊsʁaɪçən]		足够〈v.〉
ausreichend	[aʊsʁaɪçənt]		充分的；足够的〈adv.〉
ausrichten	[aʊsʁɪçtən]		转达；举办〈v.〉
ausruhen	[aʊsʁuːən]		休息〈v.〉
aussagen	[aʊsaɡən]		谓语；使基于〈v.〉
ausschalten	[aʊsçaltən]		关掉；消灭〈v.〉
ausschließen	[aʊsçliːsən]		排除〈v.〉
ausschließlich	[aʊsçliːsliːç]		排外的；独占的；唯一的〈adj.〉
aussehen	[aʊseːən]		看起来〈v.〉
aussetzen	[aʊsət͡sən]		暴露；中止〈v.〉
aussichtslos	[aʊsɪçtslɔs]		孤独的；悲惨的；凄凉的〈adv.〉
aussprechen	[aʊspʁəçən]		说出〈v.〉
ausstehen	[aʊsteːən]		尚未完成；仍待处理〈v.〉
aussteigen	[aʊstaɪɡən]		下车〈v.〉
aussterben	[aʊstəʁbən]		熄灭；平息；消失〈v.〉
aussuchen	[aʊsʊxən]		挑选〈v.〉
austauschen	[aʊstaʊʃən]		调换；颠倒顺序〈v.〉
austragen	[aʊstʁaɡən]		签名登记离开〈v.〉
austrinken	[aʊstʁɪnkən]		饮料；酒；喝；喝酒〈v.〉
ausverkauft	[aʊsfəʁkaʊft]		卖完；出卖；背叛〈adv.〉
auswendig	[aʊsvəndɪç]		背诵地〈adv.〉
auswählen	[aʊsvɛːlən]		挑选〈v.〉
ausziehen	[aʊst͡siːən]		搬走；脱下〈v.〉
auszuführen	[aʊst͡sʊfyːʁən]		执行；输出〈v.〉
auszuhalten	[aʊst͡suːaltən]		生活过得有价值的；过得去的；值得过的〈v.〉
authentisch	[aʊtəntɪʃ]		可靠的；可信的；真正的；被认证的〈adj.〉
automatisch	[aʊtɔmatɪʃ]		自动手枪；机械的〈adj.〉
automatische	[aʊtɔmatɪʃə]		自动手枪；机械的〈adv.〉
außen	[aʊsən]		在外面〈adv.〉
außer	[aʊsɐ]		除…之外〈präp.〉
außerdem	[aʊsəʁdəm]		此外〈adv.〉
außergewöhnlich	[aʊsəʁɡəvøːnliːç]		非凡的〈adj.〉
außergewöhnliche	[aʊsəʁɡəvøːnlɪçə]		非常的；特别的；非凡的〈adv.〉
außerhalb	[aʊsəʁhalp]		在…之外〈präp.〉
außerordentlich	[aʊsəʁɔʁdəntliːç]		很；非常〈adj.〉
backen	[bakən]		烘焙〈v.〉
baden	[baːdən]		游泳；洗澡〈v.〉
bald	[balt]		很快〈adv.〉
bang	[bank]		害怕的；担惊受怕的；惊慌的〈adv.〉
bankrott	[bankʁɔt]		破产的〈adj.〉
barfuß	[baʁfuːs]		赤脚的〈adv.〉
bauen	[baʊən]		建造〈v.〉
beabsichtigt	[bɛabzɪçtɪɡt]		有意的〈adv.〉
beanspruchen	[bɛanspʁʊxən]		要求；需求；需要〈v.〉
beantragen	[bɛantʁaɡən]		请求；需要〈v.〉
beantworten	[bɛantvɔʁtən]		回答〈v.〉
bearbeiten	[bɛaʁbaɪtən]		厚度；板层；使用；使劲挥舞〈v.〉
beauftragen	[bɛaʊftʁaɡən]		委托〈v.〉
bedanken	[beːdankən]		道谢〈v.〉
bedauerlich	[beːdaʊəʁliːç]		可悲的；可惜的；抱歉的〈adj.〉
bedauerlicherweise	[beːdaʊəʁlɪçəʁvaɪzə]		真倒霉〈adv.〉
bedauern	[beːdaʊɐn]		同情；遗憾〈v.〉
bedecken	[beːdəkən]		覆盖〈v.〉
bedeckt	[beːdəkt]		隐蔽着的；掩藏着的〈adv.〉
bedenken	[beːdənkən]		考虑〈v.〉
bedeuten	[beːdɔʏtən]		意味着〈v.〉
bedeutend	[beːdɔʏtənt]		重要的；有效的；有含义的〈adv.〉
bedeutungslos	[beːdɔʏtʊnɡslɔs]		无意义的〈adj.〉
bedienen	[beːdiːnən]		服务；操作〈v.〉
bedrohen	[bɛdʁoːən]		威胁〈v.〉
bedrohlich	[bɛdʁoːliːç]		有害的；恶意的〈adj.〉
bedroht	[bɛdʁoːt]		受威胁的〈adj.〉
bedrängt	[bɛdʁɛnɡt]		受围攻的〈adj.〉
bedrückt	[bɛdʁʏkt]		沮丧的；降低的；抑郁的；阻抑的〈adv.〉
beeilen	[beːɪlən]		赶快〈v.〉
beeindrucken	[beːɪndʁʊkən]		印象深刻〈v.〉
beeindruckend	[beːɪndʁʊkənt]		令人印象深刻的〈adj.〉
beeinflussen	[beːɪnflʊsən]		影响〈v.〉
beeinträchtigt	[beːɪntʁɛçtɪɡt]		受损的〈adv.〉
beenden	[beːndən]		结束〈v.〉
befallen	[beːfalən]		抓住；逮捕；捉拿〈adj.〉
befassen	[beːfasən]		盖子；封面；藉口；覆盖〈v.〉
befehlen	[beːfeːlən]		命令〈v.〉
befinden	[beːfɪndən]		处于〈v.〉
befolgen	[beːfɔlɡən]		遵循〈v.〉
befreien	[bɛfʁaɪən]		解放；释放〈v.〉
befreit	[bɛfʁaɪt]		宽慰的；解除的；减轻的〈adj.〉
befreundet	[bɛfʁɔʏndət]		要好的〈adj.〉
befriedigen	[bɛfʁiːdɪɡən]		使满意；满足；符合〈v.〉
befriedigt	[bɛfʁiːdɪɡt]		满足的；心安的〈adj.〉
befördern	[beːfœʁdɐn]		晋升；运输〈v.〉
befördert	[beːfœʁdəʁt]		得到；获得；变成〈adv.〉
befürchten	[beːfʏʁçtən]		担心〈v.〉
begabt	[beːɡabt]		适当地；适宜地〈adv.〉
begegnen	[beːɡəɡnən]		遇见〈v.〉
begehen	[beːɡeːən]		犯（罪）〈v.〉
begehrt	[beːɡeːʁt]		抢手的；受青睐的〈adj.〉
begeistern	[beːɡaɪstɐn]		使感动；激发；启示〈v.〉
begeistert	[beːɡaɪstəʁt]		热衷的〈adj.〉
beginnen	[beːɡɪnən]		开始〈v.〉
begleichen	[bɛɡlaɪçən]		整理；安放〈v.〉
begleiten	[bɛɡlaɪtən]		陪同〈v.〉
begraben	[bɛɡʁabən]		埋葬〈v.〉
begreifen	[bɛɡʁaɪfən]		领会〈v.〉
begrenzt	[bɛɡʁənt͡st]		有限制的；有限的〈adv.〉
begrüßen	[bɛɡʁʏsən]		欢迎；问候〈v.〉
begrüßt	[bɛɡʁʏst]		欢迎的；令人愉悦的；受欢迎的〈adv.〉
behalten	[beːaltən]		保留〈v.〉
behandeln	[beːandəln]		对待；治疗〈v.〉
behaupten	[beːaʊptən]		声称〈v.〉
beherrschen	[beːəʁʃən]		掌握；控制〈v.〉
beherrscht	[beːəʁʃt]		平衡的；均衡的；作好准备的〈adv.〉
behilflich	[beːɪlfliːç]		帮忙的〈adj.〉
behindert	[beːɪndəʁt]		残废的；有缺陷的；失效的〈adj.〉
behutsam	[beːʊtzaːm]		小心谨慎的；细心的〈adv.〉
bei	[baɪ]		在…旁边；在…处〈präp.〉
beibehalten	[baɪbeːaltən]		维持；维修；保持〈v.〉
beibringen	[baɪbʁɪnɡən]		教会〈v.〉
beichten	[baɪçtən]		承认；坦白；忏悔〈v.〉
beide	[baɪdə]		两个都〈pron.〉
beides	[baɪdəs]		两者〈pron.〉
beieinander	[baɪaɪnandɐ]		一起；共同；彼此〈adv.〉
beim	[baɪm]		在…时（bei dem 缩合）〈präp.〉
beinahe	[baɪnaːə]		几乎〈adv.〉
beiseite	[baɪzaɪtə]		到一边〈adv.〉
beitragen	[baɪtʁaɡən]		有助于；捐助；投稿；出力〈v.〉
beißen	[baɪsən]		咬〈v.〉
bekannt	[beːkant]		熟知的〈adj.〉
beklagen	[bɛklaɡən]		哀悼；惋惜；认为遗憾〈v.〉
bekommen	[beːkɔmən]		收到〈v.〉
bekämpfen	[beːkɛmpfən]		与…斗争〈v.〉
belegt	[beːləɡt]		已占用的；使用中的；无空闲的〈adv.〉
beleidigen	[beːlaɪdɪɡən]		冒犯〈v.〉
beleidigend	[beːlaɪdɪɡənt]		侮辱的；损害人体的〈adj.〉
beleidigt	[beːlaɪdɪɡt]		被冒犯的〈adj.〉
beliebt	[beːliːbt]		受欢迎的〈adj.〉
bellen	[bɛlən]		狗叫〈v.〉
belohnen	[beːloːnən]		报答；酬答；还礼〈v.〉
belästigen	[beːlɛstɪɡən]		骚扰〈v.〉
belügen	[beːlʏɡən]		对…撒谎〈v.〉
bemerken	[beːməʁkən]		注意到〈v.〉
bemerkenswert	[beːməʁkənsvəʁt]		不平常的；值得注意的；显著的〈adv.〉
bemühen	[beːmyːən]		努力〈v.〉
bemüht	[beːmyːt]		故意的；有计划的；深思熟虑的〈adv.〉
benannt	[beːnant]		有标签的；示踪的〈adj.〉
beneiden	[beːnaɪdən]		羡慕；嫉妒〈v.〉
benennen	[beːnənən]		名字；名称；姓名〈v.〉
benommen	[beːnɔmən]		恍惚的〈adj.〉
benutzen	[beːnʊt͡sən]		使用〈v.〉
benötigen	[beːnœtɪɡən]		需要的东西；缺乏；贫困〈v.〉
beobachten	[bɛɔbaxtən]		观察〈v.〉
bequem	[bɛkvəm]		舒适的〈adj.〉
bequemer	[bɛkvəmɐ]		更舒适的；更安逸的〈adv.〉
beraten	[beːʁatən]		引导者；导游；指南〈v.〉
berauben	[beːʁaʊbən]		夺取；掠夺〈v.〉
berechtigt	[beːʁəçtɪɡt]		有根据地；正当地；有效验地〈adv.〉
bereinigen	[beːʁaɪnɪɡən]		整理；消除；放晴〈v.〉
bereit	[beːʁaɪt]		准备好的〈adj.〉
bereiten	[beːʁaɪtən]		准备〈v.〉
bereithalten	[beːʁaɪtaltən]		备好〈v.〉
bereits	[beːʁaɪts]		已经〈adv.〉
bereuen	[beːʁɔʏən]		后悔〈v.〉
bergab	[bɛʁɡaːp]		向下〈adv.〉
berichten	[beːʁɪçtən]		报道〈v.〉
beruflich	[beːʁʊfliːç]		职业上的〈adj.〉
beruhen	[beːʁuːən]		建立基础〈v.〉
beruhigen	[beːʁuːɪɡən]		安慰〈v.〉
beruhigend	[beːʁuːɪɡənt]		令人宽慰的；让人安心的；镇静的〈adv.〉
berücksichtigen	[beːʁʏkzɪçtɪɡən]		包括；把…计算在内〈v.〉
berühmt	[beːʁyːmt]		著名的〈adj.〉
berühren	[beːʁyːʁən]		触摸〈v.〉
besagen	[beːzaɡən]		表明〈v.〉
bescheiden	[bɛʃaɪdən]		谦虚的〈adj.〉
bescheißen	[bɛʃaɪsən]		螺旋；螺杆；螺钉〈v.〉
bescheuert	[bɛʃɔʏəʁt]		愚蠢的（粗俗）〈adj.〉
beschlagnahmen	[bɛʃlaɡnaːmən]		关在栏中；拘留；充公；扣押〈v.〉
beschleunigen	[bɛʃlɔʏnɪɡən]		加速；促进〈v.〉
beschließen	[bɛʃliːsən]		决定〈v.〉
beschmutzt	[bɛʃmʊt͡st]		沾污的；褪色的；着色的〈adv.〉
beschreiben	[bɛʃʁaɪbən]		描述〈v.〉
beschränken	[bɛʃʁɛnkən]		使为难；使穷困；限制〈v.〉
beschränkt	[bɛʃʁɛnkt]		教区的；地方性的；目光偏狭的〈adv.〉
beschuldigen	[bɛʃʊldɪɡən]		指责〈v.〉
beschweren	[bɛʃvəʁən]		抱怨〈v.〉
beschwören	[bɛʃvœʁən]		祈求；恳求；实行〈v.〉
beschädigen	[bɛʃɛdɪɡən]		损坏〈v.〉
beschädigt	[bɛʃɛdɪɡt]		损坏了的〈adj.〉
beschäftigen	[bɛʃɛftɪɡən]		雇用；从事〈v.〉
beschäftigt	[bɛʃɛftɪɡt]		忙碌的〈adj.〉
beschämt	[bɛʃɛmt]		惭愧的；羞耻的〈adj.〉
beschützen	[bɛʃʏt͡sən]		保护〈v.〉
beseitigen	[beːzaɪtɪɡən]		清除〈v.〉
beseitigt	[beːzaɪtɪɡt]		离开的；间隔的；远离的；拆除的〈adv.〉
besessen	[beːzəsən]		着魔的〈adj.〉
besetzt	[beːzət͡st]		被占用的〈adj.〉
besichtigen	[beːzɪçtɪɡən]		视野；风景；见解〈v.〉
besiegen	[beːziːɡən]		打败〈v.〉
besiegt	[beːziːɡt]		被征服的〈adv.〉
besitzen	[beːzɪt͡sən]		拥有〈v.〉
besoffen	[beːzɔfən]		喝醉的（粗俗）〈adj.〉
besonders	[beːzɔndəʁs]		特别〈adv.〉
besorgen	[beːzɔʁɡən]		办妥；搞到〈v.〉
besorgt	[beːzɔʁɡt]		担心的〈adj.〉
besprechen	[bɛspʁəçən]		讨论〈v.〉
besser	[bɛsɐ]		更好的〈adj.〉
bessern	[bɛsɐn]		开垦；改造；感化〈v.〉
beste	[bɛstə]		最好的〈adj.〉
bestechen	[bɛstəçən]		贿赂；收买；行贿〈v.〉
bestehen	[bɛsteːən]		存在；组成〈v.〉
bestellen	[bɛstələn]		订购〈v.〉
bestenfalls	[bɛstənfals]		最多〈adv.〉
bestens	[bɛstəns]		极好地〈adv.〉
bestimmen	[bɛstɪmən]		决定；确定〈v.〉
bestimmt	[bɛstɪmt]		肯定〈adv.〉
bestimmte	[bɛstɪmtə]		特定的〈adj.〉
bestimmtes	[bɛstɪmtəs]		口袋；钱袋；钱〈adv.〉
bestrafen	[bɛstʁafən]		惩罚〈v.〉
bestätigen	[bɛstɛtɪɡən]		确认〈v.〉
bestürzt	[bɛstʏʁt͡st]		惊骇的；吓呆的〈adv.〉
besuchen	[beːzʊxən]		拜访〈v.〉
beteiligt	[beːtaɪlɪɡt]		参与的〈adj.〉
beten	[beːtən]		祈祷〈v.〉
betonen	[beːtɔnən]		给文章加标点；加强〈v.〉
betont	[beːtɔnt]		补药；声调的〈adj.〉
betrachten	[bɛtʁaxtən]		观看；视为〈v.〉
betreffen	[bɛtʁəfən]		涉及〈v.〉
betreffend	[bɛtʁəfənt]		有关系的；有联系的；亲属的〈adv.〉
betreten	[bɛtʁətən]		进入〈v.〉
betroffen	[bɛtʁɔfən]		假装的；做作的；受影响的〈adj.〉
betrunken	[bɛtʁʊnkən]		醉的〈adj.〉
betrübt	[bɛtʁʏbt]		悲伤地；可怜悯地；拙劣地〈adv.〉
betrügen	[bɛtʁʏɡən]		欺骗〈v.〉
betteln	[bɛtəln]		乞讨〈v.〉
betäuben	[beːtɔʏbən]		使聋；变聋〈v.〉
betäubt	[beːtɔʏbt]		麻木的；目瞪口呆的；麻醉的〈adv.〉
beugen	[bɔʏɡən]		变弯曲；使屈服；弯曲〈v.〉
beunruhigen	[bɔʏnʁuːɪɡən]		打搅；使烦恼；使忧虑〈v.〉
beunruhigt	[bɔʏnʁuːɪɡt]		不安的〈adj.〉
beurteilen	[bɔʏʁtaɪlən]		评价〈v.〉
bevor	[beːfoːɐ]		在…之前〈konj.〉
bevorzugt	[beːfɔʁt͡sʊɡt]		优先的；优惠的；特惠的；特惠关税率〈adv.〉
bewachen	[bɛvaxən]		看守〈v.〉
bewaffnet	[bɛvafnət]		持武器的〈adj.〉
bewaffneter	[bɛvafnətɐ]		枪手；持枪的歹徒〈adv.〉
bewahren	[bɛvaːʁən]		保存〈v.〉
bewegen	[bɛvəɡən]		移动〈v.〉
beweisen	[bɛvaɪzən]		证明〈v.〉
bewirken	[bɛvɪʁkən]		带来；产生；促使〈v.〉
bewundern	[bɛvʊndɐn]		钦佩〈v.〉
bewundernswert	[bɛvʊndəʁnsvəʁt]		可钦佩的；极好的；令人惊奇的〈adv.〉
bewusst	[bɛvʊst]		意识到的〈adj.〉
bewusstlos	[bɛvʊstlɔs]		未意识到的；无意识的〈adv.〉
bewältigen	[bɛvɛltɪɡən]		主人；硕士；大师〈v.〉
bezahlen	[beːt͡saːlən]		付款〈v.〉
bezaubernd	[beːt͡saʊbəʁnt]		迷人的〈adj.〉
bezaubernde	[beːt͡saʊbəʁndə]		妖妇；女巫〈adv.〉
bezeichnen	[beːt͡saɪçnən]		称为〈v.〉
bezeugen	[beːt͡sɔʏɡən]		证明；作证；声明〈v.〉
bezweifeln	[bɛt͡svaɪfəln]		怀疑〈v.〉
bezwingen	[bɛt͡svɪnɡən]		压倒；征服；打胜〈v.〉
bezüglich	[beːt͡sʏɡliːç]		有关〈präp.〉
beängstigend	[bɛɛnɡstɪɡənt]		令人恐惧的；引起突然惊恐的〈adv.〉
bieten	[biːtən]		提供〈v.〉
bilden	[bɪldən]		框；结构；体格；构成〈v.〉
bildern	[bɪldɐn]		形状；形体；类型〈v.〉
billig	[bɪlɪç]		便宜的〈adj.〉
billiges	[bɪlɪɡəs]		假冒商品；敲去〈adv.〉
binden	[bɪndən]		绑〈v.〉
binnen	[bɪnən]		内部〈v.〉
biologisch	[bɪɔlɔɡɪʃ]		生物学的；生物的〈adj.〉
biologische	[bɪɔlɔɡɪʃə]		生物学的（变化形式）〈adj.〉
bis	[bɪs]		直到〈präp.〉
bisher	[bɪshɐ]		至今〈adv.〉
bisschen	[bɪsçən]		一点；少量〈n.〉
bitte	[bɪtə]		请〈adv.〉
bitten	[bɪtən]		请求〈v.〉
bitter	[bɪtɐ]		苦的；痛苦的〈adv.〉
bizarr	[biːt͡saʁ]		奇异的〈adv.〉
blank	[blank]		空格；空白；空白的；空虚的〈adv.〉
blasen	[blaːzən]		吹〈v.〉
blass	[blas]		脸色变得苍白〈adv.〉
blau	[blaʊ]		蓝色的〈adj.〉
bleiben	[blaɪbən]		停留；保持〈v.〉
blendend	[blɛndənt]		使人眩目的〈adv.〉
blicken	[blɪkən]		看向〈v.〉
blind	[blɪnt]		盲的〈adj.〉
blinzeln	[blɪnt͡səln]		斜视眼；倾向〈v.〉
blockieren	[blɔkiːʁən]		阻挡〈v.〉
blond	[blɔnt]		金发的〈adj.〉
bloß	[bloːs]		仅仅；只是〈adv.〉
bloße	[bloːsə]		单纯的；仅仅的；赤裸的〈adv.〉
bluffen	[blʊfən]		断崖；绝壁〈v.〉
bluten	[bluːtən]		流血〈v.〉
blutig	[bluːtɪç]		流血的；血腥的；残暴的〈adj.〉
blutige	[bluːtɪɡə]		暴力的；猛烈的；激烈的〈adv.〉
blöd	[bløːt]		愚蠢的〈adj.〉
bombardieren	[bɔmbaʁdiːʁən]		炸弹；轰炸〈v.〉
brauchen	[bʁaʊxən]		需要〈v.〉
braun	[bʁaʊn]		棕色的〈adj.〉
brav	[bʁaːf]		乖的〈adj.〉
brave	[bʁaːfə]		<口>=〈adv.〉
bravo	[bʁaːfɔ]		好样的〈interj.〉
brechen	[bʁɛçən]		打破〈v.〉
breit	[bʁaɪt]		宽的〈adj.〉
bremsen	[bʁɛmzən]		刹车〈v.〉
brennen	[bʁɛnən]		燃烧〈v.〉
brillant	[bʁɪlant]		才华横溢的〈adj.〉
bringen	[bʁɪnɡən]		带来〈v.〉
britischer	[bʁiːtɪʃɐ]		英国英语〈adv.〉
brutal	[bʁuːtaːl]		残暴的〈adj.〉
brutaler	[bʁuːtalɐ]		更残暴的；更凶狠的〈adv.〉
brüllen	[bʁʏlən]		吼叫〈v.〉
buchstäblich	[bʊkstɛbliːç]		字面上〈adv.〉
bösartig	[bøːzaʁtɪç]		易怒的；心地不良的〈adj.〉
böse	[bøːzə]		坏的；生气的〈adj.〉
chaotisch	[kaɔtɪʃ]		混乱的；无秩序的；混沌的〈adj.〉
charmant	[kaʁmant]		有魅力的〈adj.〉
chemische	[çeːmɪʃə]		化学上用的〈adv.〉
chinesisches	[çiːnəzɪʃəs]		中国的；汉语的〈adv.〉
ciao	[kɪaɔ]		再见（口语）〈interj.〉
cool	[koːl]		酷〈adj.〉
da	[da]		那里；那时〈adv.〉
dabei	[daːbaɪ]		在场；同时〈adv.〉
dadurch	[daːdʊʁç]		由此〈adv.〉
dafür	[daːfyːɐ]		为此〈adv.〉
dagegen	[daːɡəɡən]		反对；对此〈adv.〉
daheim	[daːaɪm]		在家〈adv.〉
daher	[daːɐ]		因此〈adv.〉
dahin	[daːiːn]		到那里〈adv.〉
dahinter	[daːɪntɐ]		在后面〈adv.〉
damals	[daːmals]		那时〈adv.〉
damit	[daːmiːt]		为了；因此〈konj.〉
danach	[daːnaːx]		之后〈adv.〉
daneben	[daːnəbən]		在旁边〈adv.〉
dankbar	[dankbaːɐ]		感激的〈adj.〉
danke	[dankə]		谢谢〈interj.〉
danken	[dankən]		感谢〈v.〉
dankeschön	[dankəʃøːn]		谢谢你〈n.〉
dann	[dan]		然后〈adv.〉
daran	[daːʁaːn]		在那上面〈adv.〉
darauf	[daːʁaʊf]		在那上面〈adv.〉
daraus	[daːʁaʊs]		由此〈adv.〉
darin	[daːʁiːn]		在其中〈adv.〉
darstellen	[daʁstələn]		扮演；伪装；假冒〈v.〉
darum	[daːʁuːm]		因此〈adv.〉
darunter	[daːʁʊntɐ]		在其中〈adv.〉
darüber	[daːʁʏbɐ]		关于那〈adv.〉
das	[das]		定冠词（中性）；这个〈art.〉
dass	[das]		（引导从属从句）；即；表明〈konj.〉
dasselbe	[dasəlbə]		同样的〈pron.〉
dastehen	[dasteːən]		站立；站住；停顿〈v.〉
dauerhaft	[daʊəʁhaft]		持久的；忍耐的〈adv.〉
dauern	[daʊɐn]		持续〈v.〉
dauernd	[daʊəʁnt]		不断地〈adv.〉
davon	[daːfoːn]		从那；关于那〈adv.〉
davonkommen	[daːfɔnkɔmən]		逃亡；避难设备；逃跑；逃脱〈v.〉
davonlaufen	[daːfɔnlaʊfən]		逃跑；流掉；进行决赛〈v.〉
davor	[daːfoːɐ]		在那之前〈adv.〉
dazu	[daːt͡sʊ]		此外；为此〈adv.〉
dazwischen	[dat͡svɪʃən]		在其间〈adv.〉
deaktivieren	[dɛaktɪfiːʁən]		撤消遣散；复员；使无效〈v.〉
dealen	[dɛalən]		心碌；挤；推〈v.〉
decken	[dɛkən]		盖；掩护〈v.〉
definieren	[deːfɪniːʁən]		定义；规定；使明确〈v.〉
definitiv	[deːfɪnɪtiːf]		肯定〈adv.〉
dein	[daɪn]		你的〈pron.〉
deinetwegen	[daɪnətvəɡən]		因为〈v.〉
demnächst	[dɛmnɛkst]		不久〈adv.〉
demonstrieren	[deːmɔnstʁiːʁən]		示范；证明；示威〈v.〉
demütigend	[deːmʏtɪɡənt]		抑制地\\苦修地〈adv.〉
denkbar	[dɛnkbaːɐ]		想得到的；可想象的；可理解的〈adj.〉
denken	[dɛnkən]		思考；想〈v.〉
denn	[dɛn]		因为；究竟〈konj.〉
dennoch	[dɛnoːx]		然而〈adv.〉
depressiv	[dɛpʁəsiːf]		压抑的；压下的；沉闷的；抑郁的〈adj.〉
deprimierend	[dɛpʁɪmiːʁənt]		强拍；下降；低沉〈adv.〉
deprimiert	[dɛpʁɪmiːʁt]		沮丧的〈adj.〉
der	[deːɐ]		定冠词（阳性）〈art.〉
derart	[deːʁaʁt]		如此的；这般〈adv.〉
deren	[deːʁən]		其（属格）〈pron.〉
derjenige	[dɛʁjənɪɡə]		那个（人）〈pron.〉
dermaßen	[dɛʁmasən]		到这样的程度；如此地；因为〈adv.〉
derselbe	[dɛʁzəlbə]		同一个〈pron.〉
derzeit	[dɛʁt͡saɪt]		目前〈adv.〉
deshalb	[dɛshalp]		因此〈adv.〉
dessen	[dɛsən]		其（属格）〈pron.〉
desto	[dɛstɔ]		越…〈adv.〉
deswegen	[dɛsvəɡən]		因此〈adv.〉
deutlich	[dɔʏtliːç]		清楚的〈adj.〉
deutsch	[dɔʏt͡ʃ]		德语的；德国的〈adj.〉
deutsche	[dɔʏt͡ʃə]		德国的〈adj.〉
diamanten	[dɪamantən]		钻石；菱形〈adj.〉
dicht	[dɪçt]		密封的；浓密〈adj.〉
dick	[dɪk]		胖的；粗的〈adj.〉
dickes	[dɪkəs]		奶昔〈adv.〉
die	[diː]		定冠词（阴性、复数）〈art.〉
diejenige	[diːjənɪɡə]		那个（女）〈pron.〉
diejenigen	[diːjənɪɡən]		那些（人）〈pron.〉
dienen	[diːnən]		服务〈v.〉
dienstags	[diːnstaɡs]		每逢星期二〈adv.〉
dies	[diːs]		这〈pron.〉
diesbezüglich	[diːsbət͡sʏɡliːç]		关于〈adj.〉
dieselbe	[diːzəlbə]		同一个〈pron.〉
dieser	[diːzɐ]		这个；这些〈pron.〉
diesmal	[diːsmaːl]		这次〈adv.〉
diplomatische	[dɪplɔmatɪʃə]		外交关系〈adv.〉
direkt	[diːʁəkt]		直接〈adj.〉
diskret	[dɪskʁət]		不连续的；离散的〈adj.〉
diskutieren	[dɪskʊtiːʁən]		讨论〈v.〉
distanziert	[dɪstant͡siːʁt]		沉默寡言的；自足的；完备的；自备的〈adj.〉
diverse	[diːfəʁzə]		各式各样的；杂的；各种〈adv.〉
doch	[doːx]		仍然；可是〈adv.〉
donnern	[dɔnɐn]		雷；雷声；打雷；轰隆地响〈v.〉
doppelt	[dɔpəlt]		双倍的〈adj.〉
doppelter	[dɔpəltɐ]		两倍；两倍的；代替〈adv.〉
dort	[dɔʁt]		那里〈adv.〉
dorthin	[dɔʁtiːn]		到那里〈adv.〉
dramatisch	[dʁaːmatɪʃ]		戏剧性的；生动的〈adj.〉
dran	[dʁaːn]		轮到；该（口语）〈adv.〉
draußen	[dʁaʊsən]		外面〈adv.〉
dreckig	[dʁɛkɪç]		脏的〈adj.〉
drehen	[dʁeːən]		转动〈v.〉
drei	[dʁaɪ]		三〈num.〉
dreimal	[dʁaɪmaːl]		三次〈adv.〉
dreist	[dʁaɪst]		的变形〈adv.〉
dreizehn	[dʁaɪt͡seːn]		十三；十三个〈adv.〉
drin	[dʁiːn]		在里面（口语）〈adv.〉
dringen	[dʁɪnɡən]		经历...仍活着；安然度过；胜利〈v.〉
dringend	[dʁɪnɡənt]		紧急的〈adj.〉
drinnen	[dʁɪnən]		在里面〈adv.〉
dritte	[dʁɪtə]		第三的〈adj.〉
drittens	[dʁɪtəns]		第三〈adv.〉
drohen	[dʁoːən]		威胁〈v.〉
drüben	[dʁyːbən]		在那边〈adv.〉
drücken	[dʁʏkən]		按；压〈v.〉
du	[duː]		你〈pron.〉
dulden	[dʊldən]		遭受；经历〈v.〉
dumm	[dʊm]		愚蠢的〈adj.〉
dummerweise	[dʊməʁvaɪzə]		恼人地；讨厌地〈adv.〉
dumpfer	[dʊmpfɐ]		更低沉的；更沉闷的〈adv.〉
dunkel	[dʊnkəl]		黑暗的〈adj.〉
dunkeln	[dʊnkəln]		深奥地；鲜为人知地；隐秘地〈adv.〉
dunkler	[dʊnklɐ]		更黑暗的；更阴暗的〈adv.〉
durch	[dʊʁç]		穿过；通过〈präp.〉
durchatmen	[dʊʁçatmən]		呼吸；生存；低语〈v.〉
durchaus	[dʊʁçaʊs]		完全可以〈adv.〉
durchdacht	[dʊʁçdaxt]		想法；思想；思维〈adj.〉
durchdringen	[dʊʁçdʁɪnɡən]		穿透；刺穿；渗透〈v.〉
durcheinander	[dʊʁçaɪnandɐ]		乱七八糟〈adv.〉
durchführen	[dʊʁçfyːʁən]		执行〈v.〉
durchgedreht	[dʊʁçɡədʁeːt]		发疯的（口语）〈adj.〉
durchgeführt	[dʊʁçɡəfyːʁt]		已实施的；已执行的〈adv.〉
durchgehen	[dʊʁçɡeːən]		通过；审阅〈v.〉
durchhalten	[dʊʁçhaltən]		坚持到底〈v.〉
durchkommen	[dʊʁçkɔmən]		经历...仍活着；安然度过；胜利〈v.〉
durchlaufen	[dʊʁçlaʊfən]		通过...；透过...；穿过...〈v.〉
durchmachen	[dʊʁçmaxən]		经历〈v.〉
durchqueren	[dʊʁçkvəʁən]		越过；横贯；横断物〈v.〉
durchs	[dʊʁks]		穿过（缩合介词）〈präp.〉
durchschneiden	[dʊʁksçnaɪdən]		贯穿；横穿；交错；相交〈v.〉
durchschnittlich	[dʊʁksçnɪtliːç]		平均地；一般地〈adv.〉
durchsetzen	[dʊʁksət͡sən]		成功；继承；继续〈v.〉
durchsuchen	[dʊʁksʊxən]		搜查〈v.〉
durstig	[dʊʁstɪç]		口渴的；渴望的；干燥的〈adj.〉
duschen	[dʊʃən]		淋浴〈v.〉
dynamische	[dʏnaːmɪʃə]		冲击；冲突；影响〈adv.〉
dämlich	[dɛmliːç]		愚蠢的〈adj.〉
dünn	[dʏn]		细的；瘦的〈adj.〉
dürfen	[dʏʁfən]		允许；可以〈v.〉
düster	[dʏstɐ]		阴沉的；凄凉的〈adv.〉
eben	[eːbən]		恰好；就是〈adv.〉
ebenbürtig	[eːbənbʏʁtɪç]		对手；匹敌；同辈；相等的〈adj.〉
ebenfalls	[eːbənfals]		同样〈adv.〉
ebenso	[eːbənzɔ]		同样地〈adv.〉
echt	[ɛçt]		真的（口语）〈adj.〉
echtes	[ɛçtəs]		真实的；正确的；忠诚的〈adv.〉
edle	[ɛdlə]		高贵的（edel 变化形式）〈adj.〉
effektiv	[ɛfəktiːf]		真实的；实际的〈adj.〉
effizient	[ɛfɪt͡siːnt]		高效的；有成效的〈adv.〉
egal	[eːɡaːl]		无所谓的〈adj.〉
egoistisch	[eːɡɔɪstɪʃ]		自私的〈adj.〉
eh	[eː]		反正（口语）〈adv.〉
ehe	[eːə]		在…之前；婚姻〈konj.〉
ehemalige	[eːəmalɪɡə]		女毕业生；女校友〈adv.〉
ehemaliger	[eːəmalɪɡɐ]		男毕业生；男校友〈adv.〉
eher	[eːɐ]		更早；宁可〈adv.〉
ehren	[eːʁən]		尊敬〈v.〉
ehrgeizig	[eːʁɡaɪt͡sɪç]		有野心的；抱负不凡的；雄心勃勃的〈adj.〉
ehrlich	[eːʁliːç]		诚实的〈adj.〉
eiern	[aɪɐn]		摆动；摇晃；不稳定〈v.〉
eifersüchtig	[aɪfəʁzʏçtɪç]		嫉妒的〈adj.〉
eigen	[aɪɡən]		自己的〈adj.〉
eigenartig	[aɪɡənaʁtɪç]		奇特的〈adj.〉
eigentlich	[aɪɡəntliːç]		其实〈adv.〉
eilen	[aɪlən]		赶紧；急忙〈v.〉
eilig	[aɪlɪç]		急迫的〈adj.〉
ein	[aɪn]		一个（不定冠词）〈art.〉
einander	[aɪnandɐ]		彼此〈pron.〉
einbauen	[aɪnbaʊən]		嵌入；插入〈v.〉
einberufen	[aɪnbəʁʊfən]		召集...开会〈v.〉
einbrechen	[aɪnbʁəçən]		破门而入〈v.〉
eindeutig	[aɪndɔʏtɪç]		明确的〈adj.〉
eindrucksvoll	[aɪndʁʊksfɔl]		印象深刻的〈adj.〉
einfach	[aɪnfaːx]		简单的；简直〈adj.〉
einfallen	[aɪnfalən]		想到；想起〈v.〉
einfallsreich	[aɪnfalsʁaɪç]		灵敏的；精巧的；聪明的〈adv.〉
eingebaut	[aɪnɡəbaʊt]		综合的；完整的〈adv.〉
eingebildet	[aɪnɡəbɪldət]		骄傲的；自大的；太过自信的〈adv.〉
eingefallen	[aɪnɡəfalən]		洞；窟窿；山谷；空的〈adj.〉
eingefroren	[aɪnɡəfʁɔʁən]		冰封的〈v.〉
eingegangen	[aɪnɡəɡanɡən]		收到；开业（eingehen 过去分词）〈v.〉
eingehen	[aɪnɡeːən]		进入；深入〈v.〉
eingelassen	[aɪnɡəlasən]		沉没的〈adj.〉
eingelegt	[aɪnɡələɡt]		盆栽的；罐装的〈adj.〉
eingeschüchtert	[aɪnɡəʃʏçtəʁt]		被吓住的〈adj.〉
eingetragen	[aɪnɡətʁaɡən]		持会员证的；彻底的；真正的〈v.〉
eingeweiht	[aɪnɡəvaɪt]		个人的；私人的；秘密的〈adv.〉
eingewickelt	[aɪnɡəvɪkəlt]		有包装的〈adv.〉
einhalten	[aɪnhaltən]		停留；遵守；居留〈v.〉
einig	[aɪnɪç]		一致的〈adj.〉
einige	[aɪnɪɡə]		一些〈pron.〉
einigermaßen	[aɪnɪɡəʁmasən]		一些；一部分〈v.〉
einiges	[aɪnɪɡəs]		一些事〈pron.〉
einkaufen	[aɪnkaʊfən]		购物〈v.〉
einladen	[aɪnladən]		邀请〈v.〉
einlassen	[aɪnlasən]		跑；赛跑；奔跑〈v.〉
einmal	[aɪnmaːl]		一次；曾经〈adv.〉
einmalig	[aɪnmalɪç]		独一无二的；独特的；稀罕的〈adj.〉
einmalige	[aɪnmalɪɡə]		一次性的；绝无仅有的；极佳的〈adv.〉
einmischen	[aɪnmɪʃən]		干涉〈v.〉
einnehmen	[aɪneːmən]		服用；占据〈v.〉
einpacken	[aɪnpakən]		外套；围巾；包裹物〈v.〉
einrichten	[aɪnʁɪçtən]		构造；建造；对...进行构思〈v.〉
eins	[aɪns]		一〈num.〉
einsam	[aɪnzaːm]		孤独的〈adj.〉
einsammeln	[aɪnzaməln]		打扫；排除废气；在...中找有用之物〈v.〉
einsatzbereit	[aɪnzat͡sbəʁaɪt]		预备好的状态；备用的〈adj.〉
einschlafen	[aɪnʃlafən]		入睡〈v.〉
einschlagen	[aɪnʃlaɡən]		开进；敲入；逼使〈v.〉
einschließen	[aɪnʃliːsən]		包括；锁住〈v.〉
einschließlich	[aɪnʃliːsliːç]		包括〈präp.〉
einschätzen	[aɪnʃɛt͡sən]		计算；总计；估计〈v.〉
einschüchtern	[aɪnʃʏçtɐn]		威吓；难倒；使气馁〈v.〉
einsetzen	[aɪnzət͡sən]		投入；开始〈v.〉
einsperren	[aɪnspəʁən]		关押〈v.〉
einspringen	[aɪnspʁɪnɡən]		走进；干涉；作短时间的非正式访问〈v.〉
einst	[aɪnst]		曾经〈adv.〉
einstecken	[aɪnstəkən]		插上电源〈v.〉
einsteigen	[aɪnstaɪɡən]		上车〈v.〉
einstellen	[aɪnstələn]		雇用；调整〈v.〉
einstimmig	[aɪnstɪmɪç]		和谐的；相调和的；一致的〈adj.〉
einstweilige	[aɪnstvaɪlɪɡə]		悬挂；暂停；中止；悬浮〈adv.〉
eintragen	[aɪntʁaɡən]		寄存器；记录；登记簿〈v.〉
eintreten	[aɪntʁətən]		进入；加入〈v.〉
einverstanden	[aɪnfəʁstandən]		同意〈adj.〉
einwandfrei	[aɪnvandfʁaɪ]		不会招致反对的；无异议的〈adv.〉
einweihen	[aɪnvaɪən]		引导；使入门；引入〈v.〉
einweisen	[aɪnvaɪzən]		火车；列车；行列〈v.〉
einzeln	[aɪnt͡səln]		单身的；单程的；单一的〈v.〉
einzelne	[aɪnt͡səlnə]		单个的〈adj.〉
einzelner	[aɪnt͡səlnɐ]		分别的；各自的〈adv.〉
einziehen	[aɪnt͡siːən]		搬入〈v.〉
einzig	[aɪnt͡sɪç]		唯一的〈adj.〉
einzigartig	[aɪnt͡sɪɡaʁtɪç]		单数；异常的；单一的〈adj.〉
einzige	[aɪnt͡sɪɡə]		唯一的〈adj.〉
eiserne	[aɪzəʁnə]		铁的；坚强的；刚毅的〈adv.〉
eiskalt	[aɪskalt]		冰冷的〈adj.〉
eitel	[aɪtəl]		无价值的；徒然的；空虚的〈adv.〉
ekelhaft	[eːkəlhaft]		令人恶心的〈adj.〉
eklig	[ɛklɪç]		恶心的〈adj.〉
elegant	[eːləɡant]		优雅的；端庄的；高雅的〈adj.〉
elektronische	[eːləktʁɔnɪʃə]		电子的（变化形式）〈adj.〉
elf	[ɛlf]		十一〈num.〉
emotional	[eːmɔt͡sjoːnaːl]		情绪化的〈adj.〉
empfangen	[ɛmpfanɡən]		接收；接待〈v.〉
empfehlen	[ɛmpfeːlən]		推荐〈v.〉
empfinden	[ɛmpfɪndən]		感觉；视为〈v.〉
empfindlich	[ɛmpfɪndliːç]		敏感的〈adj.〉
empört	[ɛmpœʁt]		愤怒地〈adv.〉
enden	[ɛndən]		结束〈v.〉
endgültig	[ɛndɡʏltɪç]		最终的〈adj.〉
endgültige	[ɛndɡʏltɪɡə]		终结；结束；终止化〈adv.〉
endlich	[ɛndliːç]		终于〈adv.〉
endlos	[ɛndlɔs]		不停的；无穷尽的；无尽的；无端的〈adj.〉
endlose	[ɛndlɔzə]		结束语；演讲；夸夸其谈〈adv.〉
eng	[ɛnk]		紧的；狭窄〈adj.〉
engagiert	[ɛnɡaɡiːʁt]		尽责的〈adj.〉
enge	[ɛnɡə]		狭窄部分；隘路；狭窄的；仔细的〈adv.〉
enger	[ɛnɡɐ]		狭窄部分；隘路；狭窄的；仔细的〈adv.〉
englische	[ɛnɡlɪʃə]		长的；长久的；冗长的〈adv.〉
englischer	[ɛnɡlɪʃɐ]		英国的；英格兰的〈adv.〉
enorm	[eːnɔʁm]		巨大的；广大的；非常的〈adv.〉
entdecken	[ɛntdəkən]		发现〈v.〉
entfernen	[ɛntfəʁnən]		移除；遥远的〈v.〉
entführen	[ɛntfyːʁən]		绑架〈v.〉
entgegen	[ɛntɡəɡən]		逆着；迎着〈präp.〉
entgehen	[ɛntɡeːən]		错过；逃脱〈v.〉
enthalten	[ɛntaltən]		包含〈v.〉
enthüllen	[ɛntʏlən]		泄露；透露〈v.〉
entkommen	[ɛntkɔmən]		逃脱〈v.〉
entlang	[ɛntlank]		沿着〈präp.〉
entlassen	[ɛntlasən]		解雇；释放〈v.〉
entlasten	[ɛntlastən]		卸下重担；解除负担〈v.〉
entscheiden	[ɛnt͡ʃaɪdən]		决定〈v.〉
entscheidend	[ɛnt͡ʃaɪdənt]		决定性的；至关紧要的〈adv.〉
entschlossen	[ɛnt͡ʃlɔsən]		坚决的〈adj.〉
entschuldigen	[ɛnt͡ʃʊldɪɡən]		原谅〈v.〉
entsetzlich	[ɛntzət͡sliːç]		引起疾病的；引起呕吐的；令人厌恶的〈adj.〉
entsetzt	[ɛntzət͡st]		惊骇的；带有恐怖感的〈adj.〉
entspannen	[ɛntspanən]		放松〈v.〉
entspannt	[ɛntspant]		放松的〈adj.〉
entsprechen	[ɛntspʁəçən]		符合〈v.〉
entsprechend	[ɛntspʁəçənt]		相当的；一致的；通信的；对应〈adj.〉
enttäuschen	[ɛntɔʏʃən]		使失望〈v.〉
enttäuschend	[ɛntɔʏʃənt]		令人失望地〈adv.〉
enttäuscht	[ɛntɔʏʃt]		失望的〈adj.〉
entweder	[ɛntvədɐ]		或者（二选一）〈konj.〉
entwerfen	[ɛntvəʁfən]		设计；图样；方案〈v.〉
entwickeln	[ɛntvɪkəln]		发展〈v.〉
entziehen	[ɛnt͡siːən]		减去；贬低；转移；分散〈v.〉
entzückend	[ɛnt͡sʏkənt]		可崇拜的；值得敬慕的；可爱的〈adv.〉
entzückt	[ɛnt͡sʏkt]		欣喜地；高兴地；欢欢喜喜〈adv.〉
er	[eːɐ]		他〈pron.〉
erbaut	[ɛʁbaʊt]		建造的；兴建的〈adj.〉
erbärmlich	[ɛʁbɛʁmliːç]		可悲的〈adj.〉
erfahren	[ɛʁfaːʁən]		经历；得知〈v.〉
erfassen	[ɛʁfasən]		抓住；领会〈v.〉
erfinden	[ɛʁfɪndən]		发明〈v.〉
erfolgen	[ɛʁfɔlɡən]		发生；进行〈v.〉
erfolglos	[ɛʁfɔlɡlɔs]		不成功的〈adv.〉
erfolgreich	[ɛʁfɔlɡʁaɪç]		成功的〈adj.〉
erfolgreiche	[ɛʁfɔlɡʁaɪçə]		成功的〈adv.〉
erfolgreicher	[ɛʁfɔlɡʁaɪçɐ]		更成功的；成功的〈adv.〉
erforderlich	[ɛʁfɔʁdəʁliːç]		必需品；要素〈adj.〉
erfordern	[ɛʁfɔʁdɐn]		需要〈v.〉
erfreuen	[ɛʁfʁɔʏən]		使高兴；享有〈v.〉
erfreulich	[ɛʁfʁɔʏliːç]		快活的；高兴的；兴高采烈的〈adj.〉
erfreut	[ɛʁfʁɔʏt]		高兴的〈adj.〉
erfrieren	[ɛʁfʁiːʁən]		冻结；冷冻；僵硬〈v.〉
erfrischend	[ɛʁfʁɪʃənt]		新鲜的；凉爽的；爽快的〈adj.〉
erfüllen	[ɛʁfʏlən]		实现〈v.〉
ergeben	[ɛʁɡəbən]		产生；得出〈v.〉
ergehen	[ɛʁɡeːən]		处境；遭遇〈v.〉
ergreifen	[ɛʁɡʁaɪfən]		抓住；采取措施〈v.〉
ergriffen	[ɛʁɡʁɪfən]		发疯；渴望做某事；镇静〈v.〉
erhalten	[ɛʁhaltən]		收到；保存〈v.〉
erheben	[ɛʁhəbən]		提升；征收〈v.〉
erheblich	[ɛʁhəbliːç]		巨大的；优秀的；可怕的〈adj.〉
erhoben	[ɛʁhɔbən]		不弯的；不屈服的〈adj.〉
erhobenen	[ɛʁhɔbənən]		和...在一起；以；由于〈v.〉
erhofft	[ɛʁhɔft]		所期望的；所盼望的〈adj.〉
erholen	[ɛʁhɔlən]		休息恢复〈v.〉
erhöhen	[ɛʁhøːən]		提高〈v.〉
erhöht	[ɛʁhøːt]		提高的〈adj.〉
erinnern	[eːʁɪnɐn]		回想起〈v.〉
erkennen	[ɛʁkənən]		认出；承认〈v.〉
erklären	[ɛʁklɛʁən]		解释〈v.〉
erkunden	[ɛʁkʊndən]		侦察；勘查〈v.〉
erlangen	[ɛʁlanɡən]		伸出；延伸；区域〈v.〉
erlauben	[ɛʁlaʊbən]		允许〈v.〉
erleben	[ɛʁləbən]		经历〈v.〉
erledigen	[ɛʁlədɪɡən]		完成〈v.〉
erleichtern	[ɛʁlaɪçtɐn]		减轻；使缓和〈v.〉
erleichtert	[ɛʁlaɪçtəʁt]		松了口气的〈adj.〉
erläutern	[ɛʁlɔʏtɐn]		阐明；说明〈v.〉
ermitteln	[ɛʁmɪtəln]		确定；查明；弄清〈v.〉
ermorden	[ɛʁmɔʁdən]		谋杀〈v.〉
ermutigen	[ɛʁmʊtɪɡən]		使兴高采烈；使得意〈v.〉
ermutigt	[ɛʁmʊtɪɡt]		兴高采烈地〈adv.〉
ermöglichen	[ɛʁmœɡlɪçən]		使容易；促进；帮助〈v.〉
ermöglicht	[ɛʁmœɡlɪçt]		有动力装置的；用动力推动的；产生动力的〈adv.〉
ernennen	[ɛʁnənən]		提名；任命〈v.〉
erneut	[ɛʁnɔʏt]		再次〈adv.〉
erniedrigend	[ɛʁniːdʁɪɡənt]		丢脸的；耻辱的；羞愧的〈adj.〉
ernst	[ɛʁnst]		严肃的〈adj.〉
ernsthaft	[ɛʁnstaft]		认真的〈adj.〉
ernähren	[ɛʁnɛːʁən]		喂养〈v.〉
erobern	[eːʁɔbɐn]		征服〈v.〉
erpresst	[ɛʁpʁəst]		被勒索的；被敲诈的〈adv.〉
erregen	[ɛʁəɡən]		使活动；使激活〈v.〉
erregt	[ɛʁəɡt]		激动的〈adj.〉
erreichbar	[ɛʁaɪçbaːɐ]		在附近；在不远处；离得很近〈adj.〉
erreichen	[ɛʁaɪçən]		达到〈v.〉
errichten	[ɛʁɪçtən]		植物；作物；工厂〈v.〉
erschaffen	[ɛʁʃafən]		创造〈v.〉
erscheinen	[ɛʁʃaɪnən]		出现；出版〈v.〉
erschießen	[ɛʁʃiːsən]		枪杀〈v.〉
erschlagen	[ɛʁʃlaɡən]		罢工；打击；殴打；打〈v.〉
erschrecken	[ɛʁʃʁəkən]		受惊〈v.〉
erschreckend	[ɛʁʃʁəkənt]		令人恐惧的；骇人的；极大的〈adv.〉
erschrocken	[ɛʁʃʁɔkən]		受惊吓的；感到恐惧的〈adj.〉
erschöpft	[ɛʁʃœpft]		精疲力尽的〈adj.〉
erschüttert	[ɛʁʃʏtəʁt]		震撼的；震惊的〈adv.〉
ersetzen	[ɛʁzət͡sən]		替换〈v.〉
ersparen	[ɛʁspaʁən]		免除；节省〈v.〉
erst	[ɛʁst]		才；首先〈adv.〉
erstaunlich	[ɛʁstaʊnliːç]		惊人的〈adj.〉
erstaunt	[ɛʁstaʊnt]		吃惊的〈adv.〉
erste	[ɛʁstə]		第一的〈adj.〉
erstens	[ɛʁstəns]		第一〈adv.〉
erstklassig	[ɛʁstklasɪç]		一流的；顶级的〈adj.〉
erstmal	[ɛʁstmaːl]		首先（口语）〈adv.〉
erstmals	[ɛʁstmals]		第一次〈adv.〉
erteilen	[ɛʁtaɪlən]		授予；颁布〈v.〉
ertragen	[ɛʁtʁaɡən]		忍受〈v.〉
ertrinken	[ɛʁtʁɪnkən]		淹没〈v.〉
ertränken	[ɛʁtʁɛnkən]		淹没〈v.〉
ertränkt	[ɛʁtʁɛnkt]		被淹死的；被溺毙的〈adv.〉
ertönen	[ɛʁtœnən]		响起〈v.〉
erwachsen	[ɛʁvaksən]		成年的〈adj.〉
erwachsener	[ɛʁvaksənɐ]		成熟的；大人〈adv.〉
erwarten	[ɛʁvaʁtən]		期待〈v.〉
erweisen	[ɛʁvaɪzən]		表明；证明〈v.〉
erweitern	[ɛʁvaɪtɐn]		扩大；增大；详述〈v.〉
erweitert	[ɛʁvaɪtəʁt]		延续的；伸出的；竭尽全力的〈adj.〉
erwerben	[ɛʁvəʁbən]		获得；学到；目标锁定〈v.〉
erwidern	[ɛʁvɪdɐn]		回来；返回；来回票〈v.〉
erwiesen	[ɛʁviːzən]		的过去分词〈adj.〉
erwischen	[ɛʁvɪʃən]		抓住（口语）〈v.〉
erworben	[ɛʁvɔʁbən]		获得的；后天的〈adj.〉
erwähnen	[ɛʁvɛːnən]		提及〈v.〉
erwünscht	[ɛʁvʏnʃt]		渴望的；想得到的〈adj.〉
erwürgen	[ɛʁvʏʁɡən]		勒死；扼死；压制〈v.〉
erzeugen	[ɛʁt͡sɔʏɡən]		产生；发生；导致〈v.〉
erziehen	[ɛʁt͡siːən]		教育；培养；训练〈v.〉
erzielen	[ɛʁt͡siːlən]		获得；达到；流行；得到公认〈v.〉
erzwingen	[ɛʁt͡svɪnɡən]		强迫；迫使〈v.〉
erzählen	[ɛʁt͡sɛːlən]		讲述〈v.〉
eröffnen	[eːʁœfnən]		开业；开创〈v.〉
es	[ɛs]		它〈pron.〉
essen	[ɛsən]		吃〈v.〉
etliche	[ɛtlɪçə]		若干的；好些；相当多的〈adv.〉
etwa	[ɛtva]		大约；难道〈adv.〉
etwas	[ɛtvas]		某事；一些〈pron.〉
euer	[ɔʏɐ]		你们的〈pron.〉
europäische	[ɔʏʁɔpɛɪʃə]		欧洲人的〈adv.〉
evakuieren	[eːfakʊiːʁən]		疏散；撤出；排泄〈v.〉
eventuell	[eːfəntʊəl]		也许〈adv.〉
ewig	[ɛvɪç]		永远的〈adj.〉
ewiger	[ɛvɪɡɐ]		回转的；旋转的；旋转式的；循环〈adv.〉
exakt	[ɛksakt]		精确的〈adj.〉
existieren	[ɛksɪstiːʁən]		存在〈v.〉
exklusiv	[ɛksklʊziːf]		排外的；独占的；唯一的〈adj.〉
explodieren	[ɛksplɔdiːʁən]		爆炸〈v.〉
extra	[ɛkstʁa]		额外的〈adj.〉
extrem	[ɛkstʁəm]		极端的〈adj.〉
exzellent	[ɛkst͡sələnt]		最佳部分；初期〈adj.〉
fabelhaft	[faːbəlhaft]		极好的〈adj.〉
fahren	[faːʁən]		开车；乘行〈v.〉
fair	[faɪɐ]		公平的〈adj.〉
fallen	[falən]		掉落〈v.〉
falls	[fals]		万一〈konj.〉
falsch	[falʃ]		错误的〈adj.〉
fangen	[fanɡən]		抓住〈v.〉
fantastisch	[fantastɪʃ]		极好的〈adj.〉
farbige	[faʁbɪɡə]		条理；斑纹〈adv.〉
fassen	[fasən]		抓住；把握〈v.〉
fast	[fast]		几乎〈adv.〉
faszinierend	[fast͡sɪniːʁənt]		迷人的〈adj.〉
fauchen	[faʊxən]		唾液；唾吐；小雨〈v.〉
faul	[faʊl]		懒的；腐烂的〈adj.〉
faule	[faʊlə]		有毒的；中毒的；毒物的〈adv.〉
fauler	[faʊlɐ]		骗局；欺诈〈adv.〉
faxen	[faksən]		发送；使进入；寄〈v.〉
fegen	[feːɡən]		扫除；打扫；肃清〈v.〉
fehl	[feːl]		不在合适位置；不合适〈adv.〉
fehlen	[feːlən]		缺少〈v.〉
fehlende	[feːləndə]		皮肤发育不全〈adv.〉
feierlich	[faɪəʁliːç]		严肃的；郑重的；庄严的〈adj.〉
feiern	[faɪɐn]		庆祝〈v.〉
feige	[faɪɡə]		胆怯的〈adj.〉
fein	[faɪn]		细的；极好〈adj.〉
feindselig	[faɪndzəlɪç]		敌人的；怀敌意的〈adj.〉
feine	[faɪnə]		增大；隆起的部分；巨浪〈adv.〉
fern	[fɐn]		遥远的〈adj.〉
ferner	[fɛʁnɐ]		也；并且；同样地〈adv.〉
fernhalten	[fɛʁnhaltən]		使远离〈v.〉
fernsehen	[fɛʁnzeːən]		电视〈n.〉
fertig	[fɛʁtɪç]		完成的〈adj.〉
fesseln	[fɛsəln]		捆绑〈v.〉
fest	[fɛst]		牢固的；坚定〈adj.〉
festes	[fɛstəs]		干旱地区；旱田；陆地〈adv.〉
festgenommen	[fɛstɡənɔmən]		被逮捕的；被拘留的〈v.〉
festhalten	[fɛstaltən]		抓住；坚持〈v.〉
festnageln	[fɛstnaɡəln]		长钉；鞋钉；钉状物〈v.〉
festnehmen	[fɛstneːmən]		逮捕〈v.〉
festsitzen	[fɛstzɪt͡sən]		卡住；被困〈v.〉
feststellen	[fɛststələn]		查明；发现〈v.〉
fett	[fɛt]		肥的〈adj.〉
feucht	[fɔʏxt]		潮湿的〈adj.〉
feuern	[fɔʏɐn]		解雇（口语）〈v.〉
fies	[fiːs]		污秽的；下流的；险恶的〈adj.〉
filmen	[fɪlmən]		拍摄〈v.〉
finanziell	[fiːnant͡siːl]		财政的；金融的〈adj.〉
finanzielle	[fiːnant͡siːlə]		付款；支付的款项；偿还〈adv.〉
finanzieren	[fiːnant͡siːʁən]		一卷钞票〈v.〉
finanziert	[fiːnant͡siːʁt]		资源充足的〈adj.〉
finden	[fɪndən]		找到；认为〈v.〉
finster	[fɪnstɐ]		皱眉头；现怒容；变阴沉；阴沉〈adj.〉
fischen	[fɪʃən]		钓鱼〈v.〉
fit	[fiːt]		健康的〈adj.〉
fix	[fɪks]		很快地；马上〈adv.〉
flach	[flaːx]		平坦的；单调的；无力的〈adv.〉
flachgelegt	[flaxɡələɡt]		与人发生关系；俚语中翻译成“上床”；破处〈adv.〉
flammen	[flamən]		火焰；火舌；热情〈v.〉
flehen	[fleːən]		恳求〈v.〉
fleißig	[flaɪsɪç]		勤勉的；用功的〈adj.〉
flexibel	[flɛksɪbəl]		易曲的；灵活的；柔顺的〈adv.〉
fliegen	[fliːɡən]		飞〈v.〉
fliegende	[fliːɡəndə]		飞行的；飞翔的〈adv.〉
fliehen	[fliːən]		逃走〈v.〉
fließen	[fliːsən]		流动〈v.〉
fließend	[fliːsənt]		漂浮的；浮动的；移动的〈adv.〉
flirten	[flɪʁtən]		卖弄风骚的人；急动〈v.〉
flott	[flɔt]		快的；迅速的；敏捷的〈adj.〉
flüssig	[flʏsɪç]		液体；流体；流音；液体的〈adj.〉
flüstern	[flʏstɐn]		耳语〈v.〉
folgen	[fɔlɡən]		跟随〈v.〉
folgendermaßen	[fɔlɡəndəʁmasən]		如下〈adv.〉
folgendes	[fɔlɡəndəs]		以下内容〈pron.〉
folglich	[fɔlɡliːç]		如此；因此；到如此程度；乳香〈adv.〉
fordern	[fɔʁdɐn]		要求〈v.〉
fort	[fɔʁt]		离去〈adv.〉
fortfahren	[fɔʁtfaːʁən]		继续；延续〈v.〉
fortgehen	[fɔʁtɡeːən]		走开〈v.〉
fortsetzen	[fɔʁtzət͡sən]		穷追；追问〈v.〉
fotografieren	[foːtɔɡʁafiːʁən]		拍照〈v.〉
fragen	[fʁaːɡən]		问〈v.〉
frech	[fʁeːç]		放肆的〈adj.〉
frei	[fʁaɪ]		自由的；空闲的〈adj.〉
freies	[fʁaɪəs]		全部；完整；充满的；完全的〈adv.〉
freigeben	[fʁaɪɡəbən]		自由的；享受政治权力的；允许的〈v.〉
freilassen	[fʁaɪlasən]		从…撤去堤坝；使从堤中涌出；使如决堤般流出〈v.〉
freitags	[fʁaɪtaɡs]		每逢星期五〈adv.〉
freiwillig	[fʁaɪvɪlɪç]		自愿的〈adj.〉
fremde	[fʁɛmdə]		陌生的〈adj.〉
fressen	[fʁɛsən]		吞食（动物）〈v.〉
freuen	[fʁɔʏən]		使高兴〈v.〉
freundlich	[fʁɔʏndliːç]		友好的〈adj.〉
freundliche	[fʁɔʏndlɪçə]		说话温和的；劝诱的〈adv.〉
friedlich	[fʁiːdliːç]		和平的〈adj.〉
frieren	[fʁiːʁən]		感到冷；结冰〈v.〉
frisch	[fʁɪʃ]		新鲜的〈adj.〉
frischen	[fʁɪʃən]		一窝小猪；猪的一胎〈v.〉
frisches	[fʁɪʃəs]		驿马；替班；中继〈adv.〉
froh	[fʁoː]		高兴的〈adj.〉
frustrierend	[fʁʊstʁiːʁənt]		令人沮丧的〈adv.〉
fröhlich	[fʁøːliːç]		快乐的〈adj.〉
früh	[fʁyː]		早的〈adj.〉
früher	[fʁyːɐ]		以前；更早〈adv.〉
frühere	[fʁyːəʁə]		从前的；模型〈adv.〉
frühstücken	[fʁyːstʏkən]		吃早餐〈v.〉
funken	[fʊnkən]		无线电；收音机；无线电报〈v.〉
funktionieren	[fʊnkt͡sjoːniːʁən]		运转；起作用〈v.〉
furchtbar	[fʊʁçtbaːɐ]		可怕的〈adj.〉
furchtlos	[fʊʁçtlɔs]		不怕的〈adv.〉
fähig	[fɛːɪç]		有能力的〈adj.〉
fällig	[fɛlɪç]		应得的东西；应得的〈adj.〉
fälschen	[fɛlʃən]		赝品；假装的；仿造〈v.〉
fördern	[fœʁdɐn]		举起；帮助；昂扬〈v.〉
förmlich	[fœʁmliːç]		正式的；形式的；礼仪的〈adj.〉
fühlen	[fyːlən]		感觉〈v.〉
führen	[fyːʁən]		引导；领导〈v.〉
führende	[fyːʁəndə]		矛尖；先锋队〈adv.〉
füllen	[fʏlən]		装满〈v.〉
fünf	[fʏnf]		五〈num.〉
fünfmal	[fʏnfmaːl]		五；五个〈adj.〉
fünfte	[fʏnftə]		第五的〈adj.〉
fünfter	[fʏnftɐ]		第五；五分之一〈adv.〉
fünfzehn	[fʏnft͡seːn]		十五；十五个〈adv.〉
für	[fyːɐ]		为了〈präp.〉
fürchten	[fʏʁçtən]		害怕〈v.〉
fürchterlich	[fʏʁçtəʁliːç]		吓人的；可怕的；害怕的〈adj.〉
füreinander	[fyːʁaɪnandɐ]		互相〈adv.〉
fürs	[fʏʁs]		为了（für das 缩合）〈präp.〉
füttern	[fʏtɐn]		喂食〈v.〉
ganz	[ɡant͡s]		完全；很〈adv.〉
gar	[ɡaːɐ]		完全（用于否定强调）〈adv.〉
garantieren	[ɡaːʁantiːʁən]		保证〈v.〉
garantiert	[ɡaːʁantiːʁt]		保证的〈adj.〉
geben	[ɡeːbən]		有；给〈v.〉
gebildet	[ɡeːbɪldət]		受过教育的；有教养的〈adj.〉
geblendet	[ɡɛbləndət]		被晃眼的；被蒙蔽的〈adj.〉
geboren	[ɡeːbɔʁən]		出生的〈adj.〉
gebrannt	[ɡɛbʁant]		因祸得福〈adj.〉
gebrauchen	[ɡɛbʁaʊxən]		使用〈v.〉
gebrochene	[ɡɛbʁɔxənə]		坏掉的；打破的〈adv.〉
gebunden	[ɡeːbʊndən]		跃；回跳；范围〈adj.〉
gebären	[ɡeːbɛʁən]		熊；忍受；支承；产生〈v.〉
gedenken	[ɡeːdənkən]		记得；回忆起；记住〈v.〉
gedrängt	[ɡɛdʁɛnɡt]		压碎的；倒碎的〈adv.〉
gedrückt	[ɡɛdʁʏkt]		屈服的；被抑制的；减弱的〈adj.〉
geduldig	[ɡeːdʊldɪç]		病人；容忍的〈adj.〉
geeignet	[ɡeːɪɡnət]		合适的〈adj.〉
gefallen	[ɡeːfalən]		喜爱；使喜欢〈v.〉
gefasst	[ɡeːfast]		泰然自若的；从容的；被控制的〈adv.〉
gefährden	[ɡeːfɛːʁdən]		危及〈v.〉
gefährdet	[ɡeːfɛːʁdət]		受威胁的〈adj.〉
gefährlich	[ɡeːfɛːʁliːç]		危险的〈adj.〉
gefällig	[ɡeːfɛlɪç]		乐于助人的；讨人喜欢的〈adj.〉
gefälligst	[ɡeːfɛlɪɡst]		最好（命令语气）〈adv.〉
gefälscht	[ɡeːfɛlʃt]		赝品；假装的；仿造〈adj.〉
gegen	[ɡeːɡən]		反对；朝着〈präp.〉
gegeneinander	[ɡeːɡənaɪnandɐ]		反对；对着；倚靠〈adv.〉
gegenseitig	[ɡeːɡənzaɪtɪç]		互相的〈adj.〉
gegenüber	[ɡeːɡənʏbɐ]		在…对面〈präp.〉
gegründet	[ɡɛɡʁʏndət]		建立的；固定的；既定的〈adj.〉
gehackt	[ɡeːakt]		切碎的；被黑客入侵的〈adv.〉
geheiligt	[ɡeːaɪlɪɡt]		神圣化的；神圣的〈adv.〉
geheim	[ɡeːaɪm]		秘密的〈adj.〉
geheime	[ɡeːaɪmə]		描写间谍密探的；搞特务活动的；间谍的〈adv.〉
geheimnisvoll	[ɡeːaɪmnɪsfɔl]		神秘的；难解的；不可思议的〈adv.〉
gehen	[ɡeːən]		走；去〈v.〉
gehorchen	[ɡeːɔʁçən]		服从〈v.〉
gehören	[ɡeːœʁən]		属于〈v.〉
geil	[ɡaɪl]		极棒的（俚语）〈adj.〉
geistig	[ɡaɪstɪç]		智力上；知性上；理智地〈adj.〉
geizig	[ɡaɪt͡sɪç]		吝啬的；贪婪的〈adj.〉
gekleidet	[ɡɛklaɪdət]		穿着……服装的〈adj.〉
gekonnt	[ɡeːkɔnt]		光滑的；熟练的；聪明的〈adj.〉
geladen	[ɡeːladən]		充满强烈感情的；带电的；气氛紧张的〈v.〉
gelagert	[ɡeːlaɡəʁt]		有；怀有；拿〈adv.〉
gelangen	[ɡeːlanɡən]		到达〈v.〉
gelangweilt	[ɡeːlanɡvaɪlt]		感觉；觉得；触摸〈adv.〉
gelb	[ɡɛlp]		黄色的〈adj.〉
gelegen	[ɡeːləɡən]		合适的〈adj.〉
gelegentlich	[ɡeːləɡəntliːç]		有时候；偶而〈adj.〉
gelehrt	[ɡeːleːʁt]		有学问的〈adv.〉
geliefert	[ɡeːliːfəʁt]		送达的；交付的〈adv.〉
gelingen	[ɡeːlɪnɡən]		成功〈v.〉
gell	[ɡɛl]		权利；右边；正义〈adv.〉
gelockt	[ɡeːlɔkt]		拳曲的；卷毛的；弯曲的〈adj.〉
gelten	[ɡɛltən]		有效〈v.〉
gelungen	[ɡeːlʊnɡən]		成功的；一帆风顺的；顺利的〈adj.〉
gelähmt	[ɡeːlɛːmt]		麻痹的；惊呆的；瘫痪的〈adv.〉
gelöscht	[ɡeːlœʃt]		被冷落的；诅咒的；被忽视的〈adj.〉
gelöst	[ɡeːlœst]		解决的；轻松自在的；溶解的〈adj.〉
gemein	[ɡeːmaɪn]		卑鄙的；共同的〈adj.〉
gemeinsam	[ɡeːmaɪnzaːm]		共同〈adv.〉
gemeinsames	[ɡeːmaɪnzaməs]		通常的；共同的；通俗的〈adv.〉
gemessen	[ɡeːməsən]		测得的；沉稳克制的〈adj.〉
gemischt	[ɡeːmɪʃt]		混合的；形形色色的；弄糊涂的〈adj.〉
gemäß	[ɡeːmɛːs]		依照；按照〈adv.〉
gemütlich	[ɡeːmʏtliːç]		舒适温馨的〈adj.〉
genau	[ɡeːnaʊ]		确切；正好〈adv.〉
genauer	[ɡeːnaʊɐ]		更多；多的；程度较大的〈adv.〉
genaues	[ɡeːnaʊəs]		手艺；技巧；制造工艺〈adv.〉
genauso	[ɡeːnaʊzɔ]		完全一样〈adv.〉
genehmigen	[ɡeːneːmɪɡən]		承认；同意〈v.〉
geneigt	[ɡeːnaɪɡt]		倾向于...的；想要...的；可能的〈adv.〉
generell	[ɡeːnəʁəl]		一般；将军；大体；全面的〈adj.〉
genetisch	[ɡeːnətɪʃ]		基因的；遗传的〈adj.〉
genetische	[ɡeːnətɪʃə]		创始的；遗传的；起源的〈adv.〉
genial	[ɡeːnɪaːl]		天才的〈adj.〉
genießen	[ɡeːniːsən]		享受〈v.〉
genug	[ɡeːnuːk]		足够〈adv.〉
genügen	[ɡeːnʏɡən]		足够〈v.〉
genügend	[ɡeːnʏɡənt]		足够的〈adj.〉
gepflegt	[ɡɛpfləɡt]		整齐地；整洁地〈adv.〉
gequält	[ɡɛkvɛlt]		忧伤的；痛苦的；耙地；折磨〈adj.〉
gerade	[ɡeːʁadə]		正好；刚刚〈adv.〉
geradeaus	[ɡeːʁadɛaʊs]		一直向前〈adv.〉
geradewegs	[ɡeːʁadəvəɡs]		直线；直；直的；笔直的〈adv.〉
geradezu	[ɡeːʁadət͡sʊ]		实际上；真实地；实在〈adv.〉
geraten	[ɡeːʁatən]		陷入；落入〈v.〉
gerecht	[ɡeːʁəçt]		公平的〈adj.〉
gerechtfertigt	[ɡeːʁəçtfəʁtɪɡt]		可辩解的；可证明的；有理的；正当的〈adv.〉
geregelt	[ɡeːʁəɡəlt]		规则的；常例的；有秩序的〈adv.〉
gereizt	[ɡeːʁaɪt͡st]		被激怒的；生了气的；变粗的〈adj.〉
gering	[ɡeːʁɪnk]		微小的；微弱的；少的〈adv.〉
geringe	[ɡeːʁɪnɡə]		缺乏〈adv.〉
geringer	[ɡeːʁɪnɡɐ]		狭窄部分；隘路；狭窄的；仔细的〈adv.〉
gerissen	[ɡeːʁɪsən]		狡猾的；诡密的；俏皮的〈v.〉
gern	[ɡɐn]		乐意〈adv.〉
gesamte	[ɡeːzamtə]		整个的〈adj.〉
geschehen	[ɡɛʃeːən]		发生〈v.〉
gescheit	[ɡɛʃaɪt]		聪明的；精明的〈adj.〉
geschieden	[ɡɛʃiːdən]		离婚的〈adj.〉
geschlossene	[ɡɛʃlɔsənə]		关闭的〈adv.〉
geschmacklos	[ɡɛʃmaklɔs]		粗俗；不礼貌〈adv.〉
geschmiedet	[ɡɛʃmiːdət]		制成的〈adv.〉
geschmuggelt	[ɡɛʃmʊɡəlt]		私卖〈adj.〉
geschnitten	[ɡɛʃnɪtən]		刨切的〈v.〉
geschwollen	[ɡɛʃvɔlən]		胀大的；肥胖的；喘气的〈v.〉
geschwächt	[ɡɛʃvɛçt]		力量不足的；兵员不足的〈adv.〉
geschäftlich	[ɡɛʃɛftliːç]		公务的〈adj.〉
geschäftliche	[ɡɛʃɛftlɪçə]		生意；事情；业务〈adv.〉
geschätzt	[ɡɛʃɛt͡st]		估算的；估计的；预计的〈adj.〉
geschützt	[ɡɛʃʏt͡st]		受庇护的；受保护的〈adv.〉
gesegnet	[ɡeːzəɡnət]		神圣的〈adv.〉
gesetzlich	[ɡeːzət͡sliːç]		所有者的；所有权的〈adj.〉
gespannt	[ɡɛspant]		期待的；绷紧〈adj.〉
gesperrt	[ɡɛspəʁt]		难得到的；难接近的；难达成的〈adv.〉
gesprächig	[ɡɛspʁɛçɪç]		爱说话地；饶舌地〈adv.〉
gestalten	[ɡɛstaltən]		框；结构；体格；构成〈v.〉
gestatten	[ɡɛstatən]		允许〈v.〉
gestehen	[ɡɛsteːən]		承认〈v.〉
gestern	[ɡɛstɐn]		昨天〈adv.〉
gestrandet	[ɡɛstʁandət]		搁浅地；地面上〈adv.〉
gestört	[ɡɛstœʁt]		不整齐的；未处理的；未决定的；未决的〈adv.〉
gesund	[ɡeːzʊnt]		健康的〈adj.〉
gesunden	[ɡeːzʊndən]		重新获得；恢复；复原〈v.〉
gesunder	[ɡeːzʊndɐ]		常识〈adv.〉
geteilt	[ɡeːtaɪlt]		分开的；共享的〈adv.〉
getragen	[ɡɛtʁaɡən]		怠惰的；疲倦的；无力的〈v.〉
getrennt	[ɡɛtʁənt]		分开的〈adj.〉
gewagt	[ɡɛvaɡt]		刀口锐利的；尖利的；急躁的〈adv.〉
gewaltig	[ɡɛvaltɪç]		巨大的〈adj.〉
gewaltsam	[ɡɛvaltzaːm]		暴力的；猛烈的；激烈的〈adv.〉
gewandt	[ɡɛvandt]		巧妙地；敏捷地；便利地〈adv.〉
gewinnen	[ɡɛvɪnən]		赢〈v.〉
gewiss	[ɡɛvɪs]		确定的〈adj.〉
gewisse	[ɡɛvɪsə]		某种〈adj.〉
gewissermaßen	[ɡɛvɪsəʁmasən]		在某种程度上；稍稍〈adv.〉
gewähren	[ɡɛvɛːʁən]		给予〈v.〉
gewöhnen	[ɡɛvøːnən]		习惯〈v.〉
gewöhnlich	[ɡɛvøːnliːç]		通常的〈adj.〉
gewöhnliche	[ɡɛvøːnlɪçə]		较少的；较小的；次要的〈adv.〉
gewöhnlicher	[ɡɛvøːnlɪçɐ]		甜蜜；糖果；情人；甜的〈adv.〉
gewünscht	[ɡɛvʏnʃt]		令人想望的；可取的〈adj.〉
gezeichnet	[ɡeːt͡saɪçnət]		有符号的；有正负之分的；已签字的〈adj.〉
gezielt	[ɡeːt͡siːlt]		目标\\目的〈adj.〉
geöffnet	[ɡɛœfnət]		开放的〈adj.〉
gierig	[ɡiːʁɪç]		贪心地；热心地〈adv.〉
giftig	[ɡɪftɪç]		有毒的；恶毒的；讨厌的〈adj.〉
giftige	[ɡɪftɪɡə]		有毒的；中毒的；毒物的〈adv.〉
glatt	[ɡlat]		光滑的；顺利〈adj.〉
glauben	[ɡlaʊbən]		相信〈v.〉
glaubwürdig	[ɡlaʊbvʏʁdɪç]		可信的；可靠的〈adj.〉
gleich	[ɡlaɪç]		马上；相同的〈adv.〉
gleiche	[ɡlaɪçə]		相同的〈adj.〉
gleichfalls	[ɡlaɪçfals]		同样地；也〈adv.〉
gleichgültig	[ɡlaɪçɡʏltɪç]		心不在焉的；不注意的〈adj.〉
gleichmäßig	[ɡlaɪçmɛsɪç]		一样；一致；相同〈adj.〉
gleichzeitig	[ɡlaɪçt͡saɪtɪç]		同时〈adv.〉
global	[ɡloːbaːl]		通用的；全球的；球形的〈adj.〉
globale	[ɡloːbalə]		通用的；全球的；球形的〈adv.〉
glotzen	[ɡlɔt͡sən]		眼睛瞪视〈v.〉
glänzend	[ɡlɛnt͡sənt]		辉煌地；光亮地；灿烂地〈adv.〉
gläubig	[ɡlɔʏbɪç]		虔诚的；虔敬的；诚恳的〈adj.〉
glücklich	[ɡlʏkliːç]		幸福的；幸运的〈adj.〉
glückliche	[ɡlʏklɪçə]		金的；含金的；金色的〈adv.〉
glücklicher	[ɡlʏklɪçɐ]		意外事件〈adv.〉
glücklicherweise	[ɡlʏklɪçəʁvaɪzə]		幸运地；幸亏〈adv.〉
glückliches	[ɡlʏklɪçəs]		幸福的；吉祥的〈adv.〉
gnadenlos	[ɡnaːdənlɔs]		无慈悲心的；残忍的〈adj.〉
gnädig	[ɡnɛːdɪç]		仁慈的；慈悲的〈adj.〉
goldenes	[ɡɔldənəs]		金门海峡〈adv.〉
graben	[ɡʁaːbən]		挖〈v.〉
gratis	[ɡʁaːtɪs]		免费的〈adj.〉
gratulieren	[ɡʁaːtʊliːʁən]		祝贺〈v.〉
grau	[ɡʁaʊ]		灰色的；暗淡的〈adv.〉
grauenhaft	[ɡʁaʊənhaft]		残暴的；凶恶的〈adv.〉
grauenvoll	[ɡʁaʊənfɔl]		冷酷的；坚强的；残忍的〈adv.〉
grauer	[ɡʁaʊɐ]		大瀑布；奔流；暴雨〈adv.〉
grausam	[ɡʁaʊzaːm]		残忍的〈adj.〉
greifen	[ɡʁaɪfən]		抓〈v.〉
griechisch	[ɡʁiːçɪʃ]		希腊人；希腊人的；希腊〈adj.〉
grob	[ɡʁoːp]		粗糙的〈adj.〉
grobe	[ɡʁoːbə]		瞎猜；瞎估计〈adv.〉
groß	[ɡʁoːs]		大的〈adj.〉
großartig	[ɡʁoːsaʁtɪç]		极好的〈adj.〉
großzügig	[ɡʁɔst͡sʏɡɪç]		大方的〈adj.〉
großzügige	[ɡʁɔst͡sʏɡɪɡə]		慷慨的；大方的；宽宏大量的〈adv.〉
grundlos	[ɡʁʊndlɔs]		无理性的；不明道理的；不合理的〈adv.〉
grundsätzlich	[ɡʁʊndzɛt͡sliːç]		原则的；有原则的；原则性的〈adj.〉
gruselig	[ɡʁuːzəlɪç]		恐怖的〈adj.〉
grässlich	[ɡʁɛsliːç]		可怕的；悲惨的；阴沉的〈adj.〉
größer	[ɡʁøːsɐ]		更大的〈adj.〉
größte	[ɡʁœstə]		最大的〈adj.〉
größtenteils	[ɡʁœstəntaɪls]		在极大程度上〈adv.〉
grün	[ɡʁyːn]		绿色的〈adj.〉
gründen	[ɡʁʏndən]		创立〈v.〉
gründlich	[ɡʁʏndliːç]		彻底的〈adj.〉
grüßen	[ɡʁyːsən]		问候〈v.〉
gucken	[ɡʊkən]		看（口语）〈v.〉
gut	[ɡuːt]		好的〈adj.〉
gutaussehend	[ɡuːtaʊseːənt]		好看的〈adv.〉
gänzlich	[ɡɛnt͡sliːç]		完全地；整个；统统〈adv.〉
göttlich	[ɡœtliːç]		神的；神圣的〈adj.〉
göttliche	[ɡœtlɪçə]		精神上的；神圣的；崇高的〈adv.〉
gültig	[ɡʏltɪç]		有确实根据的；有法律效力的；正当的〈adj.〉
günstig	[ɡʏnstɪç]		有益的；有用的〈adj.〉
gütig	[ɡyːtɪç]		深情的；充满情爱的〈adj.〉
haaren	[haːʁən]		车棚；小屋；脱落之物〈v.〉
haben	[haːbən]		有〈v.〉
hacken	[hakən]		砍；黑入〈v.〉
halb	[halp]		一半〈adj.〉
halbwegs	[halbvəɡs]		一些；一部分〈adv.〉
hallen	[halən]		回声；回音〈v.〉
hallo	[halɔ]		你好〈interj.〉
halt	[halt]		就是（语气词）〈adv.〉
halten	[haltən]		握住；保持〈v.〉
handeln	[handəln]		行动；交易〈v.〉
handvoll	[handfɔl]		一把；一小撮〈adj.〉
harmlos	[haʁmlɔs]		无害的〈adj.〉
hart	[haʁt]		硬的；艰难的〈adj.〉
hartnäckig	[haʁtnɛkɪç]		坚持地；固执地；一个劲儿〈adj.〉
hassen	[hasən]		讨厌〈v.〉
hastig	[hastɪç]		匆忙地；急速地；急躁地〈adj.〉
hauen	[haʊən]		打〈v.〉
hauptsächlich	[haʊptzɛçliːç]		主要地〈adv.〉
heben	[heːbən]		举起〈v.〉
heftig	[hɛftɪç]		剧烈的〈adj.〉
heftige	[hɛftɪɡə]		憎恶；讨厌；臭名〈adv.〉
heftiger	[hɛftɪɡɐ]		暴风雨；使骚动〈adv.〉
heikel	[haɪkəl]		易怒的；爱挑剔的；难取悦的〈adj.〉
heil	[haɪl]		完好的〈adj.〉
heilen	[haɪlən]		治愈〈v.〉
heilig	[haɪlɪç]		神圣的；圣洁的〈adj.〉
heilige	[haɪlɪɡə]		神圣的〈adj.〉
heim	[haɪm]		回家；家乡〈adv.〉
heimfahren	[haɪmfaːʁən]		回家〈v.〉
heimkommen	[haɪmkɔmən]		回家〈v.〉
heimlich	[haɪmliːç]		秘密的〈adj.〉
heiraten	[haɪʁatən]		结婚〈v.〉
heiter	[haɪtɐ]		快活的；活泼的〈adv.〉
heiß	[haɪs]		热的〈adj.〉
heißen	[haɪsən]		叫做〈v.〉
helfen	[hɛlfən]		帮助〈v.〉
hell	[hɛl]		明亮的〈adj.〉
helle	[hɛlə]		飘；摆动；拍打〈adv.〉
her	[hɐ]		（方向）过来〈adv.〉
heran	[heːʁaːn]		靠近〈adv.〉
heraus	[heːʁaʊs]		出来〈adv.〉
herausfinden	[heːʁaʊsfɪndən]		查明〈v.〉
herausfordern	[heːʁaʊsfɔʁdɐn]		藐视；挑衅；使落空；挑战〈v.〉
herauskommen	[heːʁaʊskɔmən]		到边远地区来；出现；露出〈v.〉
herb	[hɛʁp]		干的；无酒的；枯燥无味的〈adv.〉
herein	[heːʁaɪn]		进来〈adv.〉
hereingelegt	[heːʁaɪnɡələɡt]		受骗；被愚弄〈adv.〉
hereinkommen	[heːʁaɪnkɔmən]		进来；到达；流行起来〈v.〉
hergeben	[hɛʁɡəbən]		分发；放弃；泄露〈v.〉
herhören	[hɛʁhœʁən]		听好了〈v.〉
herrlich	[hɛʁliːç]		极好的〈adj.〉
herrliches	[hɛʁlɪçəs]		极好；精彩〈adv.〉
herrschen	[hɛʁʃən]		统治〈v.〉
herstellen	[hɛʁstələn]		生产〈v.〉
herum	[heːʁuːm]		到处；四周〈adv.〉
herumlaufen	[heːʁʊmlaʊfən]		跑来跑去；到处乱跑〈v.〉
herumsitzen	[heːʁʊmzɪt͡sən]		坐着不干；袖手旁观〈v.〉
herunter	[heːʁʊntɐ]		向下〈adv.〉
hervor	[hɛʁfoːɐ]		出来〈adv.〉
hervorragend	[hɛʁfɔʁaɡənt]		出色的〈adj.〉
herzlich	[hɛʁt͡sliːç]		衷心的〈adj.〉
herzlos	[hɛʁt͡slɔs]		无情的；无勇气的〈adj.〉
herüber	[heːʁʏbɐ]		在这里〈adv.〉
hetzen	[hɛt͡sən]		追捕；激励〈v.〉
heulen	[hɔʏlən]		嚎哭〈v.〉
heute	[hɔʏtə]		今天〈adv.〉
heutzutage	[hɔʏt͡sʊtaɡə]		如今〈adv.〉
hier	[hiːɐ]		这里〈adv.〉
hierbei	[hiːʁbaɪ]		一会儿；虽然；消磨〈adv.〉
hierbleiben	[hiːʁblaɪbən]		留在这里〈v.〉
hierher	[hiːʁhɐ]		到这里〈adv.〉
hierherkommen	[hiːʁhəʁkɔmən]		来这里〈v.〉
hierhin	[hiːʁhiːn]		到这里〈adv.〉
hiermit	[hiːʁmiːt]		以此〈adv.〉
hiervon	[hiːʁfoːn]		于此；关于此点〈adv.〉
hilflos	[hɪlflɔs]		无助的〈adj.〉
hilfreich	[hɪlfʁaɪç]		有帮助的〈adj.〉
himmlisch	[hɪmlɪʃ]		天上的；神圣的；天国似的〈adj.〉
himmlische	[hɪmlɪʃə]		神的；神圣的〈adv.〉
hin	[hiːn]		（方向）过去〈adv.〉
hinauf	[hiːnaʊf]		向上〈adv.〉
hinaus	[hiːnaʊs]		出去（方向）〈adv.〉
hinbringen	[hɪnbʁɪnɡən]		拿；取；抓〈v.〉
hindern	[hɪndɐn]		阻碍〈v.〉
hindurch	[hɪndʊʁç]		穿越；从头至尾；到底〈adv.〉
hinein	[hiːnaɪn]		进入〈adv.〉
hineingehen	[hiːnaɪnɡeːən]		走进；放得进；参加〈v.〉
hinfahren	[hɪnfaːʁən]		开车去〈v.〉
hingegen	[hɪnɡəɡən]		然而；鉴于；考虑到〈v.〉
hingehen	[hɪnɡeːən]		过去〈v.〉
hingehören	[hɪnɡeːœʁən]		属于；合适〈v.〉
hingelegt	[hɪnɡələɡt]		储存；存放〈adv.〉
hinlegen	[hɪnləɡən]		躺下〈v.〉
hinsehen	[hɪnzeːən]		一看；神色；样子〈v.〉
hinsetzen	[hɪnzət͡sən]		坐下〈v.〉
hinten	[hɪntən]		在后面〈adv.〉
hinter	[hɪntɐ]		在…后面〈präp.〉
hintere	[hɪntəʁə]		后面的；后部的〈adv.〉
hintereinander	[hɪntəʁaɪnandɐ]		连续地〈adv.〉
hintergehen	[hɪntəʁɡeːən]		欺骗；骗取；诈取〈v.〉
hinterher	[hɪntəʁhɐ]		之后；跟随〈adv.〉
hinterhältig	[hɪntəʁhɛltɪç]		蛇的；蛇一般的；弯弯曲曲的〈adj.〉
hinterlassen	[hɪntəʁlasən]		留下〈v.〉
hinterm	[hɪntəʁm]		旁敲侧击〈adv.〉
hinunter	[hiːnʊntɐ]		向下〈adv.〉
hinweg	[hɪnvək]		越过〈adv.〉
hinwegkommen	[hɪnvəɡkɔmən]		爬过；克服；熬过〈v.〉
hinzufügen	[hɪnt͡sʊfʏɡən]		附加〈v.〉
hinzugefügt	[hɪnt͡sʊɡəfʏɡt]		已添加的；附加的〈adv.〉
hinüber	[hiːnʏbɐ]		吃够了苦头；受到了致命打击；陈旧不堪〈adv.〉
hip	[hiːp]		摇摆舞的；无节制的；乱窜的〈adv.〉
historische	[hɪstɔʁɪʃə]		历史的；史实的〈adv.〉
hoch	[hoːx]		高的〈adj.〉
hochgehen	[hɔxɡeːən]		使充气；爆炸；放大；爆发〈v.〉
hocken	[hɔkən]		蹲；窝；蹲着的〈v.〉
hoffen	[hɔfən]		希望〈v.〉
hoffentlich	[hɔfəntliːç]		但愿〈adv.〉
hoffnungslos	[hɔfnʊnɡslɔs]		无希望的；绝望的；不可救药的〈adv.〉
hohes	[hoːəs]		高的；高贵的〈adv.〉
hold	[hɔlt]		可爱的；有趣的〈adv.〉
holen	[hoːlən]		取来〈v.〉
homosexuell	[hoːmɔzəksʊəl]		同性恋的〈adj.〉
huch	[huːx]		哎哟〈adv.〉
hundert	[hʊndɐt]		百〈num.〉
hunderte	[hʊndəʁtə]		数百〈num.〉
hundertprozentig	[hʊndəʁtpʁɔt͡səntɪç]		百；百个；一百的〈adj.〉
hungrig	[hʊnɡʁɪç]		饥饿的〈adj.〉
hurra	[hʊʁa]		万岁〈interj.〉
hypothetisch	[hʏpɔtətɪʃ]		假设的；有待证实的；假定的〈adj.〉
hysterisch	[hʏsteːʁɪʃ]		歇斯底里的〈adj.〉
hämmern	[hɛmɐn]		锤；铁锤；钉锤；锤打〈v.〉
hängen	[hɛnɡən]		挂〈v.〉
härter	[hɛʁtɐ]		更硬的；更难的〈adj.〉
hässlich	[hɛsliːç]		丑的〈adj.〉
häufig	[hɔʏfɪç]		频繁的〈adj.〉
häufiger	[hɔʏfɪɡɐ]		更常发生的（häufig 比较级）〈adj.〉
höchst	[hœkst]		极其；最高〈adv.〉
höchste	[hœkstə]		最高的〈adj.〉
höchstens	[hœkstəns]		至多〈adv.〉
höchster	[hœkstɐ]		紧急状况〈adv.〉
höchstwahrscheinlich	[hœkstvaːʁʃaɪnliːç]		大半有希望赢的；多半有希望取胜的〈adj.〉
höflich	[hœfliːç]		有礼貌的；文雅的；客气的〈adj.〉
höher	[høːɐ]		更高的〈adj.〉
höllisch	[hœlɪʃ]		地狱的；凶恶的；令人毛骨悚然的〈adj.〉
hören	[høːʁən]		听〈v.〉
hübsch	[hʏbʃ]		漂亮的〈adj.〉
hüten	[hyːtən]		守卫者；警戒；护卫队〈v.〉
ich	[ɪç]		我〈pron.〉
identifizieren	[iːdəntɪfɪt͡siːʁən]		识别〈v.〉
identisch	[iːdəntɪʃ]		同一的；恒等的〈adj.〉
idiotisch	[iːdɪɔtɪʃ]		笨蛋；呆子〈adj.〉
ignorieren	[ɪɡnɔʁiːʁən]		忽视〈v.〉
ihr	[iːɐ]		你们；她的；他们的〈pron.〉
illegal	[ɪləɡaːl]		非法的〈adj.〉
illegale	[ɪləɡalə]		不法的；不正当的；禁止的；违法的〈adv.〉
illegaler	[ɪləɡalɐ]		违法的；犯规的〈adv.〉
illegales	[ɪləɡaləs]		非法交易〈adv.〉
im	[ɪm]		在…里（in dem 缩合）〈präp.〉
imitiert	[iːmɪtiːʁt]		人造的；假的〈adv.〉
immer	[ɪmɐ]		总是〈adv.〉
immerhin	[ɪməʁhiːn]		至少；毕竟〈adv.〉
immun	[ɪmuːn]		免疫的；免除的〈adv.〉
improvisieren	[ɪmpʁɔfɪziːʁən]		即席创作；临时做〈v.〉
impulsiv	[ɪmpʊlziːf]		冲动的；受感情驱使的；任性的〈adv.〉
in	[iːn]		在…里〈präp.〉
indem	[ɪndəm]		通过…方式〈konj.〉
ineinander	[iːnaɪnandɐ]		进入...之内；朝...；深入...之中〈adv.〉
infizieren	[ɪnfɪt͡siːʁən]		感染〈v.〉
informieren	[ɪnfɔʁmiːʁən]		通知〈v.〉
inklusive	[ɪnklʊzɪfə]		包括〈präp.〉
inmitten	[ɪnmɪtən]		在中部；正忙于；拦腰〈v.〉
innen	[ɪnən]		在内部〈adv.〉
innere	[ɪnəʁə]		内在的；国内的；内的；内部的〈adv.〉
inneres	[ɪnəʁəs]		本质的；原有的；真正的；内部的〈adv.〉
innerhalb	[ɪnəʁhalp]		在…之内〈präp.〉
innerlich	[ɪnəʁliːç]		内部的；内心的；内部〈adj.〉
ins	[ɪns]		到…里（in das 缩合）〈präp.〉
insbesondere	[ɪnsbəzɔndəʁə]		特别；格外；尤其〈adv.〉
insgeheim	[ɪnsɡeːaɪm]		秘密地；背地里〈adv.〉
insgesamt	[ɪnsɡəzamt]		总共〈adv.〉
inspirierend	[ɪnspɪʁiːʁənt]		凭灵感的；鼓舞人心的；神感的〈adv.〉
instabil	[ɪnstabiːl]		不稳定的〈adv.〉
intakt	[ɪntakt]		尚未被人碰过的；原封不动的；完整的〈adv.〉
intelligent	[ɪntəlɪɡənt]		聪明的〈adj.〉
intelligenter	[ɪntəlɪɡəntɐ]		聪明的；智能的；了解的〈adv.〉
intensiv	[ɪntənziːf]		非常的；强烈的；紧张的〈adv.〉
interessant	[ɪntəʁəsant]		有趣的〈adj.〉
interessieren	[ɪntəʁəsiːʁən]		感兴趣〈v.〉
international	[ɪntəʁnat͡sjoːnaːl]		国际的〈adj.〉
interne	[ɪntəʁnə]		领导人会议〈adv.〉
interviewen	[ɪntəʁfiːvən]		面谈；访问；接见〈v.〉
intim	[ɪntiːm]		亲密的；私人的〈adj.〉
investieren	[ɪnfəstiːʁən]		投资〈v.〉
inwiefern	[ɪnviːfɐn]		在何种程度上〈adv.〉
inzwischen	[ɪnt͡svɪʃən]		与此同时〈adv.〉
irgendein	[ɪʁɡəndaɪn]		某一个〈pron.〉
irgendetwas	[ɪʁɡəndətvas]		某事〈pron.〉
irgendjemand	[ɪʁɡəndjəmant]		某人〈pron.〉
irgendwann	[ɪʁɡəndvan]		某个时候〈adv.〉
irgendwas	[ɪʁɡəndvas]		某些东西（口语）〈pron.〉
irgendwelche	[ɪʁɡəndvəlçə]		任何的〈pron.〉
irgendwie	[ɪʁɡəndviː]		不知怎么地〈adv.〉
irgendwo	[ɪʁɡəndvɔ]		在某处〈adv.〉
irgendwoher	[ɪʁɡəndvoːɐ]		从；来自；根据〈adv.〉
irgendwohin	[ɪʁɡəndvoːiːn]		去某处〈adv.〉
ironisch	[iːʁɔnɪʃ]		冷嘲的；挖苦的；反话的〈adj.〉
irre	[ɪʁə]		疯的〈adj.〉
irren	[ɪʁən]		弄错〈v.〉
irritiert	[ɪʁɪtiːʁt]		性急地；暴躁地；过敏地〈adv.〉
isoliert	[iːzɔliːʁt]		隔热的；绝缘的〈adj.〉
ja	[jaː]		是的〈adv.〉
jagen	[jaːɡən]		追猎〈v.〉
jahrelang	[jaːʁəlank]		多年的〈adj.〉
japanisch	[jaːpanɪʃ]		日本人；日语；日本的；日语的〈adj.〉
jawohl	[javoːl]		遵命；是的〈interj.〉
je	[jə]		曾经；越…越〈adv.〉
jedenfalls	[jeːdənfals]		无论如何〈adv.〉
jeder	[jeːdɐ]		每个〈pron.〉
jedermann	[jeːdəʁman]		每个人〈adv.〉
jederzeit	[jeːdəʁt͡saɪt]		随时〈adv.〉
jedoch	[jeːdoːx]		然而〈adv.〉
jegliche	[jɛɡlɪçə]		任何〈pron.〉
jeglicher	[jɛɡlɪçɐ]		苍蝇；两翼昆虫；飞行；飞〈adv.〉
jemals	[jeːmals]		曾经〈adv.〉
jemand	[jeːmant]		某人〈pron.〉
jene	[jeːnə]		那〈adv.〉
jenseits	[jɛnzaɪts]		在…彼岸〈adv.〉
jetzt	[jɛt͡st]		现在〈adv.〉
jeweils	[jɛvaɪls]		每一；所有的〈adv.〉
joggen	[jɔɡən]		轻推；轻撞；慢跑〈v.〉
jubeln	[juːbəln]		欢呼〈v.〉
jung	[jʊnk]		年轻的〈adj.〉
jährlich	[jɛːʁliːç]		年刊；年报；每年的；一年一次的〈adj.〉
jämmerlich	[jɛməʁliːç]		可鄙；卑鄙〈adv.〉
jüdisch	[jyːdɪʃ]		犹太人的；犹太族的〈adj.〉
jünger	[jʏnɡɐ]		更年轻的〈adj.〉
kahl	[kaːl]		无叶的〈adv.〉
kalt	[kalt]		冷的〈adj.〉
kaltblütig	[kaltblʏtɪç]		冷血的；无情的；残酷的〈adj.〉
kalter	[kaltɐ]		感冒；寒冷；寒冷的；冷淡的〈adv.〉
kaltes	[kaltəs]		寒冷的；冰凉的〈adv.〉
kandidieren	[kandɪdiːʁən]		跑；赛跑；奔跑〈v.〉
kapieren	[kaːpiːʁən]		明白（口语）〈v.〉
kaputt	[kaːpʊt]		坏了的〈adj.〉
kaputtmachen	[kaːpʊtmaxən]		休息；中断；破裂处〈v.〉
kassieren	[kasiːʁən]		收集；聚集；集中〈v.〉
katholisch	[katɔlɪʃ]		普遍的；广泛的〈adj.〉
kauen	[kaʊən]		咀嚼；嚼碎；细想〈v.〉
kaufen	[kaʊfən]		买〈v.〉
kaum	[kaʊm]		几乎不〈adv.〉
kehren	[keːʁən]		返回；扫〈v.〉
kein	[kaɪn]		没有；无〈pron.〉
keinerlei	[kaɪnəʁlaɪ]		毫无〈pron.〉
keines	[kaɪnəs]		没有一个〈pron.〉
keinesfalls	[kaɪnəsfals]		在任何情况下都不；决不〈adv.〉
keineswegs	[kaɪnəsvəɡs]		一点也不〈adv.〉
keins	[kaɪns]		没有一个〈pron.〉
kennen	[kɛnən]		认识〈v.〉
kennenlernen	[kɛnənləʁnən]		认识〈v.〉
keuchen	[kɔʏxən]		喘气；喘息〈v.〉
kichern	[kɪçɐn]		吃吃地笑；傻笑〈v.〉
kindisch	[kɪndɪʃ]		天真的；孩子气的〈adj.〉
kitschig	[kɪt͡ʃɪç]		俗气的〈adj.〉
klagen	[klaːɡən]		抱怨；起诉〈v.〉
klappen	[klapən]		顺利〈v.〉
klappern	[klapɐn]		咔嗒声；哗啦声〈v.〉
klar	[klaːɐ]		清楚的〈adj.〉
klarkommen	[klaʁkɔmən]		通过；混过〈v.〉
klarstellen	[klaʁstələn]		澄清〈v.〉
klassisch	[klasɪʃ]		古典作品；杰作〈adj.〉
klassische	[klasɪʃə]		经典的〈adj.〉
klauen	[klaʊən]		偷（口语）〈v.〉
kleben	[kleːbən]		棍；棒；刺〈v.〉
klein	[klaɪn]		小的〈adj.〉
kleinere	[klaɪnəʁə]		行为不良；失职；毁约；怠工〈adv.〉
kleinlich	[klaɪnliːç]		小气的；吝啬的；缺乏的〈adj.〉
klettern	[klɛtɐn]		攀爬〈v.〉
klingeln	[klɪnɡəln]		铃响〈v.〉
klingen	[klɪnɡən]		听起来〈v.〉
klonen	[kloːnən]		无性系；代用件〈v.〉
klopfen	[klɔpfən]		敲〈v.〉
klug	[kluːk]		聪明的〈adj.〉
klären	[klɛːʁən]		澄清〈v.〉
knacken	[knakən]		破解；爆裂〈v.〉
knallen	[knalən]		砰地一声关上；爆炸；泡汤了〈v.〉
knallhart	[knalhaʁt]		刀剑搏杀〈adv.〉
knapp	[knap]		勉强的；紧凑〈adj.〉
knarren	[knaʁən]		广口瓶；震动〈v.〉
knurren	[knʊʁən]		吠声；咆哮声；怒吠；咆哮〈v.〉
knutschen	[knʊt͡ʃən]		亲吻搂抱（口）〈v.〉
kochen	[kɔxən]		煮〈v.〉
komisch	[koːmɪʃ]		奇怪的〈adj.〉
kommen	[kɔmən]		来〈v.〉
kommunizieren	[kɔmʊnɪt͡siːʁən]		沟通〈v.〉
komplett	[kɔmplət]		完整的〈adj.〉
komplexe	[kɔmpləksə]		复杂的；综合的〈adv.〉
kompliziert	[kɔmplɪt͡siːʁt]		复杂的〈adj.〉
kontaktieren	[kɔntaktiːʁən]		联络〈v.〉
kontrollieren	[kɔntʁɔliːʁən]		控制〈v.〉
konzentrieren	[kɔnt͡səntʁiːʁən]		集中〈v.〉
konzentriert	[kɔnt͡səntʁiːʁt]		集中的；浓缩的；浓的〈adj.〉
kooperativ	[koːpəʁatiːf]		合作的；合作社的〈adj.〉
kooperieren	[koːpəʁiːʁən]		合作〈v.〉
koordinieren	[koːʁdɪniːʁən]		同等的人；坐标；同等的；并列的；协调〈v.〉
korrekt	[kɔʁəkt]		正确的〈adj.〉
korrigieren	[kɔʁɪɡiːʁən]		权利；右边；正义〈v.〉
korrupt	[kɔʁʊpt]		弯曲的〈adv.〉
kostbar	[kɔstbaːɐ]		宝贵的；珍贵的；过于精致的〈adj.〉
kosten	[kɔstən]		花费〈v.〉
kostenlos	[kɔstənlɔs]		自由的；享受政治权力的；允许的〈adv.〉
krachen	[kʁaxən]		砰然作响〈v.〉
krank	[kʁank]		生病的〈adj.〉
kranker	[kʁankɐ]		患病的；病态的〈adv.〉
krass	[kʁas]		夸张的（口语）〈adj.〉
kreativ	[kʁɛatiːf]		有创造力的；创作的；产生的〈adv.〉
kreative	[kʁɛatɪfə]		区域；面积；范围〈adv.〉
kreisen	[kʁaɪzən]		不停地转动〈v.〉
krepieren	[kʁeːpiːʁən]		死亡；消逝；平息〈v.〉
kreuzen	[kʁɔʏt͡sən]		十字架；十字架形物件；交叉〈v.〉
kriegen	[kʁiːɡən]		得到（口语）〈v.〉
kritisch	[kʁiːtɪʃ]		批评的；决定性的；危险的〈adj.〉
krumm	[kʁʊm]		弯曲的；歪的；邪恶的〈adv.〉
kräftig	[kʁɛftɪç]		有力的〈adj.〉
kräftiger	[kʁɛftɪɡɐ]		鼻涕虫；刺蛾；懒汉〈adv.〉
krähen	[kʁɛːən]		啼叫；乌鸦；鸡鸣〈v.〉
kurz	[kʊʁt͡s]		短的〈adj.〉
kurzes	[kʊʁt͡səs]		浸；降下；把伸入〈adv.〉
kurzfristig	[kʊʁt͡sfʁɪstɪç]		短的；近的；矮的〈adj.〉
kuscheln	[kʊʃəln]		紧抱〈v.〉
kämpfen	[kɛmpfən]		战斗〈v.〉
königliche	[køːnɪɡlɪçə]		王室的〈adj.〉
können	[kœnən]		能；会〈v.〉
körperlich	[kœʁpəʁliːç]		身体的；体力的〈adj.〉
körperliche	[kœʁpəʁlɪçə]		行使；执行；运动〈adv.〉
köstlich	[kœstliːç]		美味的〈adj.〉
kühl	[kyːl]		凉爽；冷淡的〈adv.〉
kühn	[kyːn]		大胆的〈adj.〉
kümmern	[kʏmɐn]		照料〈v.〉
kündigen	[kʏndɪɡən]		辞职；解约〈v.〉
künstlich	[kʏnstliːç]		人造的；假的〈adj.〉
künstliche	[kʏnstlɪçə]		人造的；假的〈adv.〉
kürzen	[kʏʁt͡sən]		缩减；剥夺；简略；剥夺特权〈v.〉
kürzer	[kʏʁt͡sɐ]		弄短；缩短；减少；缩小〈adv.〉
kürzlich	[kʏʁt͡sliːç]		最近〈adv.〉
küssen	[kʏsən]		吻〈v.〉
labil	[laːbiːl]		无判断力的；分不清方向或目标的〈adj.〉
lachen	[laxən]		笑〈v.〉
lachend	[laxənt]		笑着地；可笑地；笑哈哈〈adv.〉
laden	[laːdən]		装载〈v.〉
lagern	[laːɡɐn]		谎言；假象；位置；躺着〈v.〉
lahm	[laːm]		跛足的；僵痛的；不完全的〈adj.〉
landen	[landən]		着陆〈v.〉
landesweit	[landəsvaɪt]		国家的；国立的；全国性的〈adv.〉
lange	[lanɡə]		长久的；很久〈adj.〉
langsam	[lanɡzaːm]		慢的〈adj.〉
langsame	[lanɡzamə]		缓慢的〈adv.〉
langweilig	[lanɡvaɪlɪç]		无聊的〈adj.〉
lassen	[lasən]		让；使〈v.〉
lau	[laʊ]		微温的；不冷不热的〈adj.〉
lauern	[laʊɐn]		潜伏；潜行；暗藏〈v.〉
laufen	[laʊfən]		跑；运行〈v.〉
lauschen	[laʊʃən]		听〈v.〉
laut	[laʊt]		大声的〈adj.〉
lauten	[laʊtən]		内容为〈v.〉
lautes	[laʊtəs]		大声叫嚷；大声喊叫〈adv.〉
lautlos	[laʊtlɔs]		无声的；完全静寂的；静悄悄的〈adj.〉
leben	[leːbən]		生活；活着〈v.〉
lebendig	[leːbəndɪç]		活着的〈adj.〉
lebenslang	[leːbənslank]		终身的；毕生的〈adj.〉
lebenslänglich	[leːbənslɛnɡliːç]		终身的；毕生的〈adj.〉
lebensmüde	[leːbənsmʏdə]		疲累的；疲乏的；厌倦的〈adj.〉
lebhaft	[lɛbhaft]		敏捷的；灵活的；机敏的〈adj.〉
lecken	[lɛkən]		舔；少许；打〈v.〉
lecker	[lɛkɐ]		好吃的〈adj.〉
ledig	[leːdɪç]		单身的；单程的；单一的〈adj.〉
lediglich	[leːdɪɡliːç]		仅仅〈adv.〉
leer	[leːɐ]		空的〈adj.〉
leeren	[leːʁən]		倒空；空的〈v.〉
leerer	[leːʁɐ]		空虚；无知〈adv.〉
legal	[leːɡaːl]		合法的〈adj.〉
legen	[leːɡən]		放；躺下〈v.〉
lehnen	[leːnən]		瘦肉；倾斜；倾斜度；瘦的〈v.〉
lehren	[leːʁən]		教〈v.〉
leicht	[laɪçt]		容易的；轻的〈adj.〉
leichtes	[laɪçtəs]		轻便的；容易的；轻微的〈adv.〉
leiden	[laɪdən]		忍受；患病〈v.〉
leidenschaftlich	[laɪdənʃaftliːç]		热情的；热烈的；易怒的〈adj.〉
leider	[laɪdɐ]		可惜〈adv.〉
leihen	[laɪən]		借〈v.〉
leise	[laɪzə]		轻声的〈adj.〉
leiser	[laɪzɐ]		更安静的〈adj.〉
leises	[laɪzəs]		软的；温和的；柔和的〈adv.〉
leisten	[laɪstən]		完成；负担〈v.〉
leiten	[laɪtən]		领导；引导〈v.〉
leitende	[laɪtəndə]		引导；带领；控制〈adv.〉
lenken	[lɛnkən]		引导者；导游；指南〈v.〉
lernen	[lɛʁnən]		学习〈v.〉
lesbisch	[lɛsbɪʃ]		女同性恋的〈adj.〉
lesen	[leːzən]		读〈v.〉
letzte	[lɛt͡stə]		最后的〈adj.〉
letztendlich	[lɛt͡stəndliːç]		归根结底〈adv.〉
letztlich	[lɛt͡stliːç]		归根结底；最终〈adj.〉
leugnen	[lɔʏɡnən]		否认〈v.〉
lichter	[lɪçtɐ]		清楚的；明确的〈adv.〉
lieb	[liːp]		亲爱的；可爱的〈adj.〉
lieben	[liːbən]		爱〈v.〉
liebend	[liːbənt]		钟爱地；亲切地〈adv.〉
liebenswert	[liːbənsvəʁt]		可爱的；值得喜欢的；迷人的〈adv.〉
liebenswürdig	[liːbənsvʏʁdɪç]		讨好地；奉承地〈adv.〉
lieber	[liːbɐ]		更喜欢；宁可〈adv.〉
liebevoll	[liːbəfɔl]		亲爱的；钟情的；忠诚的〈adj.〉
liebste	[liːbstə]		最亲爱的〈adj.〉
liefern	[liːfɐn]		交付；提供〈v.〉
liegen	[liːɡən]		躺；位于〈v.〉
lila	[liːla]		紫色的〈adj.〉
lindern	[lɪndɐn]		减轻；缓和；掩饰〈v.〉
linker	[lɪnkɐ]		左边的；左倾的；左侧的〈adv.〉
links	[lɪnks]		左边的〈adj.〉
locken	[lɔkən]		吸引；诱骗〈v.〉
locker	[lɔkɐ]		松的；轻松〈adj.〉
logisch	[loːɡɪʃ]		合逻辑的〈adj.〉
logische	[loːɡɪʃə]		推断；推理；结论〈adv.〉
lohnen	[loːnən]		值得〈v.〉
lokal	[loːkaːl]		当地的〈adj.〉
lokale	[loːkalə]		延长；扩充；范围〈adv.〉
lokalisieren	[loːkalɪziːʁən]		极小之物；针尖；立锥之地〈v.〉
los	[loːs]		松开的；走吧〈adj.〉
losfahren	[lɔsfaːʁən]		离开；死；畅销〈v.〉
losgehen	[lɔsɡeːən]		出发；开始〈v.〉
loslassen	[lɔslasən]		放开〈v.〉
loswerden	[lɔsvəʁdən]		摆脱〈v.〉
lustig	[lʊstɪç]		有趣的〈adj.〉
lächeln	[lɛçəln]		微笑〈v.〉
lächerlich	[lɛçəʁliːç]		可笑的〈adj.〉
länger	[lɛnɡɐ]		更长〈adv.〉
längst	[lɛnɡst]		早已〈adv.〉
lästig	[lɛstɪç]		恼人的；讨厌的〈adj.〉
löschen	[lœʃən]		删除〈v.〉
lösen	[løːzən]		解决〈v.〉
lügen	[lyːɡən]		撒谎〈v.〉
machbar	[maxbaːɐ]		能养活的；有生机的〈adj.〉
machen	[maxən]		做〈v.〉
machtlos	[maxtlɔs]		无力的；无权的；无效能的〈adj.〉
mager	[maːɡɐ]		瘦的；不毛的；贫乏的〈adv.〉
magisch	[maːɡɪʃ]		魔术；魔法；魔术的；有魔力的〈adj.〉
makellos	[maːkəlɔs]		无瑕疵的；不锈的；不绣的；污染的〈adv.〉
mal	[maːl]		一次；一下〈adv.〉
malen	[maːlən]		绘画〈v.〉
man	[maːn]		人们（泛指）〈pron.〉
manche	[mançə]		有些人〈pron.〉
manchmal	[mançmaːl]		有时〈adv.〉
manipulieren	[maːnɪpʊliːʁən]		操纵〈v.〉
manuell	[maːnʊəl]		手册；指南；手的；手动的〈adv.〉
marschieren	[maʁʃiːʁən]		三月；进行；行军〈v.〉
matt	[mat]		疲惫的；暗淡〈adj.〉
maximal	[maksɪmaːl]		极点；最大量；极大；最高的〈adv.〉
maximale	[maksɪmalə]		职业的〈adv.〉
meckern	[mɛkɐn]		发牢骚；（羊）咩咩叫〈v.〉
medizinisch	[meːdɪt͡sɪnɪʃ]		医生；内科的〈adj.〉
medizinische	[meːdɪt͡sɪnɪʃə]		医生；内科的〈adv.〉
medizinisches	[meːdɪt͡sɪnɪʃəs]		医生；内科的〈adv.〉
mehr	[meːɐ]		更多〈adv.〉
mehrere	[meːʁəʁə]		几个〈adj.〉
mehrmals	[meːʁmals]		多次〈adv.〉
meilenweit	[maɪlənvaɪt]		相距甚远；遥不可及〈adv.〉
mein	[maɪn]		我的〈pron.〉
meinen	[maɪnən]		认为；指的是〈v.〉
meinerseits	[maɪnəʁzaɪts]		就我而言；对我来说〈adv.〉
meinetwegen	[maɪnətvəɡən]		就我而言〈adv.〉
meins	[maɪns]		我的（东西）〈pron.〉
meist	[maɪst]		大多〈adv.〉
meisten	[maɪstən]		最多的〈adj.〉
meistens	[maɪstəns]		大多数时候〈adv.〉
melden	[mɛldən]		报告〈v.〉
menschlich	[mɛnʃliːç]		人类的；人道的〈adj.〉
menschliche	[mɛnʃlɪçə]		人类的〈adj.〉
merken	[mɛʁkən]		注意到；记住〈v.〉
merkwürdig	[mɛʁkvʏʁdɪç]		奇怪的〈adj.〉
messen	[mɛsən]		测量〈v.〉
mexikanische	[mɛksɪkanɪʃə]		玉米粉蒸肉〈adv.〉
mies	[miːs]		糟糕的（口语）〈adj.〉
mieten	[miːtən]		租〈v.〉
militärische	[miːlɪtɛʁɪʃə]		侦察；勘察队；勘查〈adv.〉
mindestens	[mɪndəstəns]		至少〈adv.〉
mischen	[mɪʃən]		混合〈v.〉
miserabel	[miːzəʁabəl]		过粘的；过甜的〈adv.〉
missachten	[mɪsaxtən]		嘲笑；愚弄〈v.〉
missbrauchen	[mɪsbʁaʊxən]		板岩；页岩；提名名单〈v.〉
misstrauisch	[mɪstʁaʊɪʃ]		不信任的；怀疑的；可疑的〈adj.〉
mit	[mɪt]		和…一起〈präp.〉
mitbekommen	[mɪtbəkɔmən]		听到；得到〈v.〉
mitbringen	[mɪtbʁɪnɡən]		带来〈v.〉
miteinander	[miːtaɪnandɐ]		互相〈adv.〉
mitgehen	[mɪtɡeːən]		前进；进行〈v.〉
mitkommen	[mɪtkɔmən]		同去〈v.〉
mitmachen	[mɪtmaxən]		参与〈v.〉
mitnehmen	[mɪtneːmən]		带走〈v.〉
mitspielen	[mɪtspiːlən]		一起玩；参与〈v.〉
mittags	[mɪtaɡs]		在中午〈adv.〉
mitteilen	[mɪtaɪlən]		通知〈v.〉
mittels	[mɪtəls]		由于；凭借〈adv.〉
mitten	[mɪtən]		正中间〈adv.〉
mittendrin	[mɪtəndʁiːn]		权利；右边；正义〈adv.〉
mittlere	[mɪtləʁə]		中部的；中等的；中间的〈adv.〉
mittlerweile	[mɪtləʁvaɪlə]		与此同时〈adv.〉
mobile	[moːbɪlə]		移动的；易变的〈adv.〉
modern	[moːdɐn]		直到现在的；最近的；现代化的；最新的〈v.〉
momentan	[moːməntaːn]		目前〈adv.〉
monatelang	[moːnatəlank]		月份〈adv.〉
moralisch	[moːʁalɪʃ]		道德；品行；寓意；道德的〈adj.〉
moralische	[moːʁalɪʃə]		道德；品行；寓意；道德的〈adv.〉
morgen	[mɔʁɡən]		明天；早晨〈adv.〉
morgens	[mɔʁɡəns]		每天早上〈adv.〉
munter	[mʊntɐ]		唤起〈adj.〉
murmeln	[mʊʁməln]		低语〈v.〉
mutig	[muːtɪç]		勇敢的〈adj.〉
mysteriös	[mʏsteːʁɪœs]		神秘的；晦涩难解的〈adv.〉
mächtig	[mɛçtɪç]		强大的〈adj.〉
mächtiger	[mɛçtɪɡɐ]		变浓；变厚；变得模糊〈adv.〉
männlich	[mɛnliːç]		男人；雄性的〈adj.〉
männlicher	[mɛnlɪçɐ]		牡鹿〈adv.〉
möchte	[mœçtə]		想要；愿意〈v.〉
mögen	[møːɡən]		喜欢〈v.〉
möglich	[mœɡliːç]		可能的〈adj.〉
möglicherweise	[mœɡlɪçəʁvaɪzə]		可能〈adv.〉
möglichst	[mœɡlɪkst]		尽可能〈adv.〉
müde	[myːdə]		累的〈adj.〉
mürrisch	[mʏʁɪʃ]		脾气坏的；易怒的；坏脾气的〈adj.〉
müssen	[mʏsən]		必须〈v.〉
nach	[naːx]		在…之后；向〈präp.〉
nachdem	[naxdəm]		在…之后〈konj.〉
nachdenken	[naxdənkən]		思考〈v.〉
nacheinander	[naxaɪnandɐ]		接连地；批次发送〈adv.〉
nachgeben	[naxɡəbən]		撤退；让路；退让〈v.〉
nachher	[naxhɐ]		之后〈adv.〉
nachholen	[naxhɔlən]		取得；拿；诡计〈v.〉
nachlässig	[naxlɛsɪç]		粗心的；不关心的；无忧无虑的〈adj.〉
nachmittags	[naxmɪtaɡs]		每天下午；在下午〈adv.〉
nachsehen	[nakseːən]		查看〈v.〉
nachsichtig	[naksɪçtɪç]		仁慈的；宽厚的；温和的〈adj.〉
nachts	[naxts]		夜里〈adv.〉
nackt	[nakt]		裸体的〈adj.〉
nageln	[naːɡəln]		钉子；使固定〈v.〉
nah	[naː]		近的〈adj.〉
nahe	[naːə]		靠近的〈adj.〉
nahezu	[naːət͡sʊ]		几乎；密切地〈adv.〉
naiv	[naɪf]		天真的〈adj.〉
nass	[nas]		湿的〈adj.〉
natürlich	[naːtʏʁliːç]		当然；自然〈adv.〉
natürliche	[naːtʏʁlɪçə]		磨损；折磨；耗损〈adv.〉
natürlicher	[naːtʏʁlɪçɐ]		白痴；自然的；自然界的；本能的〈adv.〉
natürliches	[naːtʏʁlɪçəs]		白痴；自然的；自然界的；本能的〈adv.〉
neben	[neːbən]		在…旁边〈präp.〉
nebenan	[neːbənaːn]		隔壁〈adv.〉
nebenbei	[neːbənbaɪ]		顺便；此外〈adv.〉
nebeneinander	[neːbənaɪnandɐ]		并排；并肩〈adv.〉
negativ	[neːɡatiːf]		消极的〈adj.〉
negative	[neːɡatɪfə]		不利的；敌对的；相反的〈adv.〉
nehmen	[neːmən]		拿；取〈v.〉
neidisch	[naɪdɪʃ]		嫉妒的〈adj.〉
nein	[naɪn]		不是〈interj.〉
nennen	[nɛnən]		称呼〈v.〉
nerven	[nɛʁfən]		使烦躁〈v.〉
nervig	[nɛʁfɪç]		精力充沛的；元气旺盛的；茁壮的〈adj.〉
nervös	[nɛʁfœs]		紧张的〈adj.〉
nett	[nɛt]		友好的；不错的〈adj.〉
neu	[nɔʏ]		新的〈adj.〉
neuerdings	[nɔʏəʁdɪnɡs]		近来；最近〈adv.〉
neugierig	[nɔʏɡiːʁɪç]		好奇的〈adj.〉
neulich	[nɔʏliːç]		最近〈adv.〉
neun	[nɔʏn]		九〈num.〉
neutral	[nɔʏtʁaːl]		中立的；中性的〈adv.〉
nicht	[nɪçt]		不；没有〈adv.〉
nichts	[nɪçts]		没有什么〈pron.〉
nie	[niː]		从不〈adv.〉
nieder	[niːdɐ]		向下；击倒〈adv.〉
niedergeschlagen	[niːdəʁɡəʃlaɡən]		荒凉的〈adj.〉
niedlich	[niːdliːç]		可爱的〈adj.〉
niedrig	[niːdʁɪç]		低矮的；低下的；低廉的〈adj.〉
niedriger	[niːdʁɪɡɐ]		属下；次要的〈adv.〉
niemals	[niːmals]		从不〈adv.〉
niemand	[niːmant]		没有人〈pron.〉
niesen	[niːzən]		打喷嚏〈v.〉
nirgends	[nɪʁɡənds]		无处〈adv.〉
nirgendwo	[nɪʁɡəndvɔ]		无处〈adv.〉
nirgendwohin	[nɪʁɡəndvoːiːn]		无处可去〈adv.〉
nix	[nɪks]		没什么（口语）〈pron.〉
nobel	[noːbəl]		贵族；高贵的；高尚的；贵族的〈adv.〉
noch	[noːx]		还；仍然〈adv.〉
nochmal	[nɔxmaːl]		再一次〈adv.〉
nochmals	[nɔxmals]		再一次〈adv.〉
normal	[nɔʁmaːl]		正常的〈adj.〉
normalerweise	[nɔʁmaləʁvaɪzə]		通常〈adv.〉
normales	[nɔʁmaləs]		常态；标准；正常〈adv.〉
notfalls	[nɔtfals]		如果需要的话〈adv.〉
notieren	[noːtiːʁən]		注意；布告；通知〈v.〉
notwendig	[nɔtvəndɪç]		必要的〈adj.〉
null	[nʊl]		零〈num.〉
nun	[nuːn]		现在；嗯〈adv.〉
nur	[nuːɐ]		只；仅仅〈adv.〉
nutzen	[nʊt͡sən]		利用〈v.〉
nutzlos	[nʊt͡slɔs]		无用的〈adj.〉
nächste	[nɛkstə]		下一个〈adj.〉
nähen	[nɛːən]		缝纫；缝合；缝〈v.〉
näher	[nɛːɐ]		更近〈adj.〉
nähern	[nɛːɐn]		接近〈v.〉
nämlich	[nɛmliːç]		因为；也就是说〈adv.〉
nördlich	[nœʁdliːç]		北方；北；北的〈adj.〉
nötig	[nøːtɪç]		必要的〈adj.〉
nötigen	[nøːtɪɡən]		推动；激励；驱使〈v.〉
nüchtern	[nʏçtɐn]		空腹的；清醒〈adj.〉
nützlich	[nʏt͡sliːç]		有用的〈adj.〉
ob	[ɔp]		是否〈konj.〉
obdachlos	[ɔbdaxlɔs]		无家的；无养主的〈adv.〉
oben	[oːbən]		上面〈adv.〉
obendrein	[oːbəndʁaɪn]		此外；而且；加之〈adv.〉
oberflächlich	[oːbəʁflɛçliːç]		表面；外表；表面的；肤浅的〈adj.〉
obgleich	[ɔbɡlaɪç]		然而〈adv.〉
obwohl	[ɔbvoːl]		尽管〈konj.〉
oder	[oːdɐ]		或者〈konj.〉
offen	[ɔfən]		开着的〈adj.〉
offenbar	[ɔfənbaːɐ]		显然〈adv.〉
offenbaren	[ɔfənbaʁən]		吐露心事；剖明心迹〈v.〉
offener	[ɔfənɐ]		壁炉〈adv.〉
offensichtlich	[ɔfənzɪçtliːç]		显然〈adv.〉
offensive	[ɔfənzɪfə]		令人不快的；侮辱的；攻击性的；攻击的〈adv.〉
offiziell	[ɔfɪt͡siːl]		官方的〈adj.〉
offline	[ɔflɪnə]		不在沿线的；脱机；脱线〈adj.〉
oft	[ɔft]		经常〈adv.〉
ohne	[oːnə]		没有〈präp.〉
ohnehin	[oːneːiːn]		反正〈adv.〉
ohnmächtig	[oːnmɛçtɪç]		昏迷的；无力的〈adj.〉
okay	[oːkaʏ]		好的〈interj.〉
online	[ɔnlɪnə]		在线的〈adj.〉
operieren	[oːpəʁiːʁən]		做手术〈v.〉
opfern	[ɔpfɐn]		牺牲〈v.〉
optimistisch	[ɔptɪmɪstɪʃ]		乐观的；乐观主义的；乐天的〈adj.〉
ordentlich	[ɔʁdəntliːç]		整齐的〈adj.〉
ordnen	[ɔʁdnən]		安排；排列；达成协议；重排〈v.〉
organisieren	[ɔʁɡanɪziːʁən]		组织〈v.〉
originell	[oːʁɪɡɪnəl]		好笑的；有趣的〈adv.〉
orten	[ɔʁtən]		找出；设于；位于；定居〈v.〉
paar	[paːɐ]		几个；一些〈num.〉
paaren	[paːʁən]		配偶；对手；助手〈v.〉
packen	[pakən]		收拾；抓住〈v.〉
panisch	[paːnɪʃ]		万分恐慌的；惊慌失措的〈adj.〉
paranoid	[paːʁanɔiːt]		多疑的〈adj.〉
pardon	[paʁdoːn]		对不起〈interj.〉
parken	[paʁkən]		停车〈v.〉
passen	[pasən]		适合〈v.〉
passend	[pasənt]		适当的；固有的；高尚的〈adv.〉
passende	[pasəndə]		比赛；火柴〈adv.〉
passieren	[pasiːʁən]		发生〈v.〉
peinlich	[paɪnliːç]		尴尬的〈adj.〉
peinliche	[paɪnlɪçə]		美好；准确；精密〈adv.〉
pensioniert	[pɛnzɪɔniːʁt]		年老退休的；老朽的；体弱退休的〈adj.〉
per	[pɐ]		通过〈präp.〉
perfekt	[pɛʁfəkt]		完美的〈adj.〉
perlen	[pɛʁlən]		嘶嘶响；兴奋〈v.〉
perspektive	[pɛʁspəktɪfə]		类似；同位〈adv.〉
persönlich	[pɛʁzœnliːç]		个人的〈adj.〉
persönlicher	[pɛʁzœnlɪçɐ]		血汗产权〈adv.〉
persönliches	[pɛʁzœnlɪçəs]		私人的；涉及隐私的；有人性的〈adv.〉
pervers	[pɛʁfəʁs]		反常的；乖戾的；弯曲的〈adj.〉
pflegen	[pfleːɡən]		收养的；抚育〈v.〉
physisch	[fʏzɪʃ]		按自然规律；完全地；实际上〈adv.〉
piano	[pɪanɔ]		钢琴〈adv.〉
piepsen	[piːpzən]		（鸟/机器）发出短促尖音〈v.〉
pink	[pɪnk]		热的；热心的；辣的〈adv.〉
plagen	[plaːɡən]		瘟疫；天罚；麻烦〈v.〉
planen	[plaːnən]		计划〈v.〉
platt	[plat]		平坦的〈adj.〉
plaudern	[plaʊdɐn]		闲聊〈v.〉
pleite	[plaɪtə]		破产的（口语）〈adj.〉
plus	[plʊs]		加上〈konj.〉
plädieren	[plɛːdiːʁən]		辩护；提出...借口〈v.〉
plötzlich	[plœt͡sliːç]		突然〈adv.〉
plötzliche	[plœt͡slɪçə]		喷射；迸发〈adv.〉
pokern	[poːkɐn]		赌博；冒险；孤注一掷〈v.〉
poliert	[poːliːʁt]		平滑地；灵巧地；熟练地〈adv.〉
politisch	[poːlɪtɪʃ]		政治的〈adj.〉
politischer	[poːlɪtɪʃɐ]		政治的；政治上的；政党的〈adv.〉
politisches	[poːlɪtɪʃəs]		政治的〈adv.〉
poltern	[pɔltɐn]		风狂吹；咆哮〈v.〉
portugiesisch	[pɔʁtʊɡiːzɪʃ]		葡萄牙人；葡萄牙人的〈adj.〉
positiv	[poːzɪtiːf]		积极的〈adj.〉
positive	[poːzɪtɪfə]		肯定的；积极的；有把握的；正的〈adv.〉
praktisch	[pʁaktɪʃ]		实用的〈adj.〉
praktische	[pʁaktɪʃə]		个别指导；论文；学习指南〈adv.〉
praktizieren	[pʁaktɪt͡siːʁən]		实践；实行；练习〈v.〉
predigen	[pʁeːdɪɡən]		传道；讲道；说教〈v.〉
preisgeben	[pʁaɪsɡəbən]		分发；放弃；泄露〈v.〉
prima	[pʁiːma]		很棒〈adj.〉
primitiv	[pʁiːmɪtiːf]		原始人；上古的；图元〈adj.〉
privat	[pʁiːfaːt]		私人的〈adj.〉
privater	[pʁiːfatɐ]		私人的；秘密的；私立的〈adv.〉
privates	[pʁiːfatəs]		武装民船；私掠船；私掠船长〈adv.〉
pro	[pʁɔ]		每〈präp.〉
proben	[pʁoːbən]		预演；排演；使熟练掌握〈v.〉
probieren	[pʁoːbiːʁən]		尝试〈v.〉
problematisch	[pʁɔbləmatɪʃ]		成问题的；未定的；疑难的〈adj.〉
problemlos	[pʁɔbləmlɔs]		没有；不〈adv.〉
professionell	[pʁoːfəsɪɔnəl]		专业地；内行地〈adv.〉
professionelle	[pʁoːfəsɪɔnələ]		专业的；职业的〈adv.〉
prost	[pʁɔst]		干杯〈interj.〉
prächtig	[pʁɛçtɪç]		光亮的；了不起的；灿烂的〈adj.〉
präsentieren	[pʁɛːzəntiːʁən]		展示〈v.〉
prüfen	[pʁyːfən]		检查；测试〈v.〉
psychiatrische	[pzʏçɪatʁɪʃə]		精神病学的〈adv.〉
psychisch	[pzʏçɪʃ]		心理学的；精神上的；心灵的；心理上的〈adj.〉
psychische	[pzʏçɪʃə]		心智的；精神病的；心理的〈adv.〉
psychologische	[pzʏçoːlɔɡɪʃə]		心理学的；心理上的〈adv.〉
puh	[puː]		呸；啐；使疲倦〈adv.〉
punkten	[pʊnktən]		得分；抓痕；二十个〈v.〉
pur	[puːɐ]		直线；直；直的；笔直的〈adv.〉
putzen	[pʊt͡sən]		擦；打扫〈v.〉
pünktlich	[pʏnktliːç]		准时的〈adj.〉
quasi	[kvaːzɪ]		近乎〈adv.〉
quatschen	[kvat͡ʃən]		做蠢事；讲废话〈v.〉
quer	[kvɐ]		十字架；十字架形物件；交叉〈adv.〉
quietschen	[kviːt͡ʃən]		发出嘎吱声〈v.〉
quitt	[kvɪt]		两清的〈adj.〉
quälen	[kvɛːlən]		折磨〈v.〉
raffiniert	[ʁafɪniːʁt]		灵敏的；精巧的；聪明的〈adv.〉
rammen	[ʁamən]		公羊；撞锤；猛击；撞〈v.〉
ran	[ʁaːn]		冲；靠近（口语）〈adv.〉
rasch	[ʁaʃ]		使突然中断；猛咬；争夺〈adv.〉
rasen	[ʁaːzən]		草坪；飞驰〈n.m.〉
rasend	[ʁaːzənt]		疯狂的；飞快的〈adv.〉
rasieren	[ʁaːziːʁən]		修面；刮胡子；幸免〈v.〉
rassistisch	[ʁasɪstɪʃ]		种族歧视〈adj.〉
rasten	[ʁastən]		休息；睡眠；安息〈v.〉
raten	[ʁaːtən]		猜〈v.〉
ratlos	[ʁatlɔs]		无助的；无能为力的；无依无靠的〈adj.〉
rau	[ʁaʊ]		粗糙的东西；毛坯；未加工品〈adv.〉
rauchen	[ʁaʊxən]		抽烟〈v.〉
rauf	[ʁaʊf]		上去（口语）〈adv.〉
raus	[ʁaʊs]		出去（口语）〈adv.〉
rauschen	[ʁaʊʃən]		争吵；哗哗地流水〈v.〉
rausgehen	[ʁaʊsɡeːən]		出去（口语）〈v.〉
rausgeschmissen	[ʁaʊsɡəʃmɪsən]		解雇〈v.〉
rausholen	[ʁaʊshɔlən]		拿出来（口语）〈v.〉
rauskommen	[ʁaʊskɔmən]		出来（口语）〈v.〉
raven	[ʁaːfən]		狂吼；叫嚷〈v.〉
reagieren	[ʁɛaɡiːʁən]		反应〈v.〉
real	[ʁɛaːl]		真实的〈adj.〉
reale	[ʁɛalə]		在...之后〈adv.〉
realisieren	[ʁɛalɪziːʁən]		工具；器具；手段；实现〈v.〉
realistisch	[ʁɛalɪstɪʃ]		实在的；现实的〈adj.〉
recherchieren	[ʁɛçəʁçiːʁən]		研究；调查；考察〈v.〉
recht	[ʁɛçt]		对的；正当〈adj.〉
rechtfertigen	[ʁɛçtfəʁtɪɡən]		替...辩护；两端对齐〈v.〉
rechtlich	[ʁɛçtliːç]		法律的；法定的；合法的；法定权利〈adj.〉
rechtmäßig	[ʁɛçtmɛsɪç]		法律许可的；守法的；合法的〈adj.〉
rechts	[ʁɛçts]		右边的〈adj.〉
rechtzeitig	[ʁɛçt͡saɪtɪç]		及时的〈adj.〉
reden	[ʁeːdən]		谈论；说话〈v.〉
regelmäßig	[ʁeːɡəlmɛsɪç]		定期的〈adj.〉
regeln	[ʁeːɡəln]		规则〈n.f.〉
regelrecht	[ʁeːɡəlʁəçt]		规则的；常例的；有秩序的〈adj.〉
regieren	[ʁeːɡiːʁən]		规则；统治；控制〈v.〉
registrieren	[ʁeːɡɪstʁiːʁən]		记录；履历；档案〈v.〉
regnen	[ʁɛɡnən]		下雨〈v.〉
reich	[ʁaɪç]		富有的〈adj.〉
reichen	[ʁaɪçən]		足够〈v.〉
reichlich	[ʁaɪçliːç]		充足地〈adv.〉
reif	[ʁaɪf]		成熟的〈adj.〉
rein	[ʁaɪn]		进来（口语）〈adv.〉
reines	[ʁaɪnəs]		软脂酸十六酯〈adv.〉
reingehen	[ʁaɪnɡeːən]		走进去（口语）〈v.〉
reinigen	[ʁaɪnɪɡən]		清洁〈v.〉
reinkommen	[ʁaɪnkɔmən]		进来（口语）〈v.〉
reinlegen	[ʁaɪnləɡən]		捉弄〈v.〉
reisen	[ʁaɪzən]		旅行〈v.〉
reiten	[ʁaɪtən]		骑马〈v.〉
reizen	[ʁaɪt͡sən]		刺激；使兴奋；激励〈v.〉
reizend	[ʁaɪt͡sənt]		迷人的〈adj.〉
reizende	[ʁaɪt͡səndə]		挂〈adv.〉
reißen	[ʁaɪsən]		撕〈v.〉
relativ	[ʁeːlatiːf]		亲戚；相对的〈adj.〉
religiöse	[ʁeːlɪɡɪœzə]		盲从；偏见；偏执的行为〈adv.〉
rennen	[ʁɛnən]		跑〈v.〉
reparieren	[ʁeːpaʁiːʁən]		修理〈v.〉
reservieren	[ʁeːzəʁfiːʁən]		储备品；贮量；后备军〈v.〉
reserviert	[ʁeːzəʁfiːʁt]		预定的；矜持〈adj.〉
respektieren	[ʁɛspəktiːʁən]		尊重〈v.〉
respektlos	[ʁɛspəktlɔs]		失礼的；无礼的；不尊敬的〈adv.〉
respektvoll	[ʁɛspəktfɔl]		表示敬意地；谦恭地〈adv.〉
retten	[ʁɛtən]		拯救〈v.〉
richten	[ʁɪçtən]		整理；瞄准〈v.〉
richtig	[ʁɪçtɪç]		正确的〈adj.〉
riechen	[ʁiːçən]		闻起来〈v.〉
riesen	[ʁiːzən]		巨大的（口语）〈adj.〉
riesig	[ʁiːzɪç]		极大的；巨大的；无限的〈adj.〉
riesige	[ʁiːzɪɡə]		巨大的；庞大的〈adv.〉
riskant	[ʁɪskant]		有风险的〈adj.〉
riskieren	[ʁɪskiːʁən]		冒险〈v.〉
rocken	[ʁɔkən]		岩石；岩礁；石头〈v.〉
roh	[ʁoː]		擦伤处；半成品；生的；未加工的〈adv.〉
romantisch	[ʁoːmantɪʃ]		浪漫的〈adj.〉
rosa	[ʁoːza]		粉红色的〈adj.〉
rot	[ʁoːt]		红色的〈adj.〉
rufen	[ʁuːfən]		呼叫〈v.〉
ruhen	[ʁuːən]		休息〈v.〉
ruhig	[ʁuːɪç]		安静的〈adj.〉
ruinieren	[ʁʊɪniːʁən]		毁掉〈v.〉
rum	[ʁuːm]		到处（口语）〈adv.〉
rumhängen	[ʁʊmhɛnɡən]		挂出〈v.〉
rund	[ʁʊnt]		圆的；大约〈adj.〉
runter	[ʁʊntɐ]		下来（口语）〈adv.〉
russisch	[ʁʊsɪʃ]		俄语的〈adj.〉
rächen	[ʁɛçən]		报仇〈v.〉
räumen	[ʁɔʏmən]		清空〈v.〉
rüber	[ʁyːbɐ]		过去（口语）〈adv.〉
rückgängig	[ʁʏkɡɛnɡɪç]		撤销的〈adj.〉
rücksichtslos	[ʁʏkzɪçtslɔs]		不顾别人的；轻率的〈adj.〉
rücksichtsvoll	[ʁʏkzɪçtsfɔl]		体贴的；体谅的；考虑周到的〈adv.〉
rückwärts	[ʁʏkvɛʁts]		向后〈adv.〉
rühren	[ʁyːʁən]		骚动；轰动；搅动〈v.〉
rührend	[ʁyːʁənt]		激动地；刺激地；令人兴奋地〈adv.〉
sabotieren	[zaːbɔtiːʁən]		怠工；破坏活动〈v.〉
sagen	[zaːɡən]		说〈v.〉
sagenhaft	[zaːɡənhaft]		寓言中的；虚构的〈adj.〉
sammeln	[zaməln]		收集〈v.〉
samstags	[zamstaɡs]		每逢星期六〈adv.〉
sanft	[zanft]		温柔的〈adj.〉
sanfter	[zanftɐ]		更温和的；更柔和的〈adv.〉
sarkastisch	[zaʁkastɪʃ]		讽刺的；讥讽的〈adj.〉
satt	[zat]		饱的〈adj.〉
sauber	[zaʊbɐ]		干净的〈adj.〉
sauer	[zaʊɐ]		酸的；生气的〈adj.〉
saugen	[zaʊɡən]		哺乳；养育；吮吸〈v.〉
sausen	[zaʊzən]		冲撞；破折号；短跑；猛冲〈v.〉
schade	[ʃaːdə]		可惜〈adj.〉
schaffen	[ʃafən]		做成；创造〈v.〉
schalten	[ʃaltən]		切换〈v.〉
schamlos	[ʃamlɔs]		极端明显的；不能容忍的〈adv.〉
scharf	[ʃaʁf]		锋利的；辛辣〈adj.〉
scharfe	[ʃaʁfə]		棱〈adv.〉
scharfes	[ʃaʁfəs]		制裁；镇压；痛击〈adv.〉
schauen	[ʃaʊən]		看〈v.〉
schaufeln	[ʃaʊfəln]		铲子；勺子；穴〈v.〉
schauspielern	[ʃaʊspiːlɐn]		表演；演出；装扮；装腔作势〈v.〉
scheiden	[ʃaɪdən]		离婚；分离〈v.〉
scheinbar	[ʃaɪnbaːɐ]		表面上〈adv.〉
scheinen	[ʃaɪnən]		似乎；照耀〈v.〉
scheitern	[ʃaɪtɐn]		失败〈v.〉
scheißen	[ʃaɪsən]		拉屎；欺骗〈v.〉
schenken	[ʃɛnkən]		赠送〈v.〉
scheppern	[ʃɛpɐn]		当当声〈v.〉
scherzen	[ʃɛʁt͡sən]		笑柄；嘲笑〈v.〉
scheu	[ʃɔʏ]		象老鼠的；多老鼠的；胆小的〈adv.〉
scheußlich	[ʃɔʏsliːç]		丑陋的；邪恶的；险恶的〈adj.〉
schick	[ʃɪk]		时髦的〈adj.〉
schicken	[ʃɪkən]		寄；派〈v.〉
schieben	[ʃiːbən]		推〈v.〉
schief	[ʃiːf]		歪的；出岔〈adj.〉
schiefgehen	[ʃiːfɡeːən]		逆火；回火〈v.〉
schießen	[ʃiːsən]		射击〈v.〉
schikanieren	[ʃiːkaniːʁən]		使烦恼〈v.〉
schimpfen	[ʃɪmpfən]		说坏话〈v.〉
schlafen	[ʃlaːfən]		睡觉〈v.〉
schlagen	[ʃlaːɡən]		打；击〈v.〉
schlapp	[ʃlap]		软弱的；没气力的；不稳的〈adj.〉
schlau	[ʃlaʊ]		精明的〈adj.〉
schlecht	[ʃlɛçt]		差的；坏的〈adj.〉
schleichen	[ʃlaɪçən]		偷偷摸摸的行为〈v.〉
schlicht	[ʃlɪçt]		严肃地；冷静地；朴素地〈adv.〉
schließen	[ʃliːsən]		关闭；结束〈v.〉
schließlich	[ʃliːsliːç]		终于；毕竟〈adv.〉
schlimm	[ʃlɪm]		严重的〈adj.〉
schluchzen	[ʃlʊxt͡sən]		抽泣〈v.〉
schlucken	[ʃlʊkən]		吞咽〈v.〉
schmecken	[ʃmɛkən]		尝起来〈v.〉
schmeichelhaft	[ʃmaɪçəlhaft]		问候的；称赞的；夸奖的〈adv.〉
schmeicheln	[ʃmaɪçəln]		以甜言蜜语诱惑〈v.〉
schmeißen	[ʃmaɪsən]		扔（口语）〈v.〉
schmerzhaft	[ʃmɛʁt͡shaft]		痛苦的；困难的〈adv.〉
schmerzlos	[ʃmɛʁt͡slɔs]		无痛的；不痛的〈adj.〉
schmieren	[ʃmiːʁən]		使润滑；涂油；润滑〈v.〉
schmoren	[ʃmoːʁən]		炖；蒸〈v.〉
schmuggeln	[ʃmʊɡəln]		偷运；走私；私运〈v.〉
schmutzig	[ʃmʊt͡sɪç]		脏的〈adj.〉
schmutziges	[ʃmʊt͡sɪɡəs]		脏的（schmutzig 变化形式）〈adj.〉
schnappen	[ʃnapən]		抓住（口语）〈v.〉
schnarchen	[ʃnaʁçən]		鼾声〈v.〉
schneiden	[ʃnaɪdən]		切〈v.〉
schnell	[ʃnɛl]		快的〈adj.〉
schnelle	[ʃnɛlə]		派遣；急件；调度〈adv.〉
schnelles	[ʃnɛləs]		快速的；紧紧地〈adv.〉
schnellstens	[ʃnɛlstəns]		明白地；清楚地；特意地〈adv.〉
schockieren	[ʃɔkiːʁən]		震惊〈v.〉
schockierend	[ʃɔkiːʁənt]		令人震惊的；极坏的；不正当的〈adj.〉
schon	[ʃoːn]		已经〈adv.〉
schrauben	[ʃʁaʊbən]		螺旋；螺杆；螺钉〈v.〉
schrecklich	[ʃʁɛkliːç]		可怕的〈adj.〉
schreiben	[ʃʁaɪbən]		写〈v.〉
schreien	[ʃʁaɪən]		喊叫〈v.〉
schreiend	[ʃʁaɪənt]		尖叫地；令人惊愕地〈adv.〉
schreiten	[ʃʁaɪtən]		踏；步态；梯级〈v.〉
schriftlich	[ʃʁɪftliːç]		书面的〈adj.〉
schriftliche	[ʃʁɪftlɪçə]		书面的〈adv.〉
schräg	[ʃʁɛːk]		歪的；古怪〈adj.〉
schulden	[ʃʊldən]		欠〈v.〉
schuldig	[ʃʊldɪç]		有罪的〈adj.〉
schwach	[ʃvaːx]		虚弱的〈adj.〉
schwacher	[ʃvaxɐ]		昏厥；昏倒；模糊的；微弱的〈adv.〉
schwaches	[ʃvaxəs]		地颤动〈adv.〉
schwanger	[ʃvanɡɐ]		怀孕的〈adj.〉
schwarz	[ʃvaʁt͡s]		黑色的〈adj.〉
schwedisch	[ʃveːdɪʃ]		瑞典人；瑞典人的〈adj.〉
schweigen	[ʃvaɪɡən]		沉默〈v.〉
schwer	[ʃvɐ]		困难的；重的〈adj.〉
schwierig	[ʃviːʁɪç]		困难的〈adj.〉
schwimmen	[ʃvɪmən]		游泳〈v.〉
schwindelig	[ʃvɪndəlɪç]		晕眩的〈adj.〉
schwindlig	[ʃvɪndlɪç]		头昏眼花地；使人眼花地〈adj.〉
schwitzen	[ʃvɪt͡sən]		汗；汗水；水珠〈v.〉
schwul	[ʃvuːl]		同性恋的〈adj.〉
schwächen	[ʃvɛçən]		树液；体液；活力〈v.〉
schwächer	[ʃvɛçɐ]		枯萎；凋谢〈adv.〉
schwören	[ʃvøːʁən]		发誓〈v.〉
schäbig	[ʃɛːbɪç]		暗淡地；邋塌地〈adv.〉
schämen	[ʃɛːmən]		羞愧〈v.〉
schätzen	[ʃɛt͡sən]		估计；珍视〈v.〉
schön	[ʃøːn]		美丽的；好看的〈adj.〉
schüchtern	[ʃʏçtɐn]		害羞的〈adj.〉
schützen	[ʃʏt͡sən]		保护〈v.〉
sechs	[zɛks]		六〈num.〉
sechzehn	[zɛçt͡seːn]		十六；十六个〈adv.〉
seekrank	[zeːkʁank]		晕船的〈adj.〉
segeln	[zeːɡəln]		帆船航行〈v.〉
segnen	[zɛɡnən]		祝福；祈佑；使神圣化〈v.〉
sehen	[zeːən]		看见〈v.〉
sehr	[zeːɐ]		很〈adv.〉
sein	[zaɪn]		是；他的〈v.〉
seinetwegen	[zaɪnətvəɡən]		因为〈v.〉
seit	[zaɪt]		自从〈präp.〉
seitdem	[zaɪtdəm]		从那以后〈adv.〉
selbe	[zɛlbə]		同样的〈pron.〉
selber	[zɛlbɐ]		自己（口语）〈pron.〉
selbst	[zɛlbst]		自己；甚至〈pron.〉
selbstlos	[zɛlbstlɔs]		不吝惜的；慷慨的；自愿的〈adv.〉
selbstsicher	[zɛlbstzɪçɐ]		自信的〈adv.〉
selbstständig	[zɛlbststɛndɪç]		自己经营的；不受雇于他人的；非为雇主工作的〈adj.〉
selbstsüchtig	[zɛlbstzʏçtɪç]		追逐私利；只顾自己〈adj.〉
selbstverständlich	[zɛlbstfəʁstɛndliːç]		当然〈adv.〉
selig	[zeːlɪç]		神圣的〈adj.〉
selten	[zɛltən]		稀少的〈adj.〉
seltene	[zɛltənə]		稀土族〈adv.〉
seltsam	[zɛltzaːm]		奇怪的〈adj.〉
senden	[zɛndən]		发送〈v.〉
senken	[zɛnkən]		低的；下级的〈v.〉
sentimental	[zɛntɪməntaːl]		乡巴佬的；陈腐的〈adv.〉
servieren	[zɛʁfiːʁən]		上菜〈v.〉
setzen	[zɛt͡sən]		坐下；放置〈v.〉
seufzen	[zɔʏft͡sən]		叹气〈v.〉
sexuell	[zɛksʊəl]		性的〈adj.〉
sexueller	[zɛksʊəlɐ]		性别地；两性之间地〈adv.〉
sexy	[zɛksʏ]		性感的〈adj.〉
sich	[ziːç]		自己（反身代词）〈pron.〉
sicher	[zɪçɐ]		确定的；安全的〈adj.〉
sichergehen	[zɪçəʁɡeːən]		确认〈v.〉
sichergestellt	[zɪçəʁɡəstəlt]		有保证的；有人担保的〈adj.〉
sicherlich	[zɪçəʁliːç]		肯定〈adv.〉
sichern	[zɪçɐn]		确保〈v.〉
sicherstellen	[zɪçəʁstələn]		确保〈v.〉
sichtbar	[zɪçtbaːɐ]		看得见的；明显的〈adj.〉
sie	[ziː]		她；他们；您（敬称）〈pron.〉
sieben	[ziːbən]		七〈num.〉
siebzehn	[ziːbt͡seːn]		十七；十七个〈adv.〉
siegen	[ziːɡən]		获胜〈v.〉
siehe	[ziːə]		请看；参看；参见〈adv.〉
singen	[zɪnɡən]		唱歌〈v.〉
sinnlos	[zɪnlɔs]		无意义的〈adj.〉
sitzen	[zɪt͡sən]		坐〈v.〉
skeptisch	[skɛptɪʃ]		怀疑论的；怀疑的〈adj.〉
skrupellos	[skʁuːpəlɔs]		无情的；残忍的；毫不留情的〈adj.〉
so	[zɔ]		如此；那么〈adv.〉
sobald	[zoːbalt]		一旦〈konj.〉
sodass	[zoːdas]		以致〈konj.〉
soeben	[zɔəbən]		刚刚〈adv.〉
sofern	[zoːfɐn]		只要〈adv.〉
sofort	[zoːfɔʁt]		立刻〈adv.〉
sofortige	[zoːfɔʁtɪɡə]		立即的；即刻的〈adv.〉
sogar	[zoːɡaːɐ]		甚至〈adv.〉
solang	[zoːlank]		只要〈adv.〉
solange	[zoːlanɡə]		只要〈konj.〉
solch	[zɔlç]		这样的〈pron.〉
solche	[zɔlçə]		这样的〈pron.〉
solide	[zoːlɪdə]		声音；语音；吵闹〈adv.〉
sollen	[zɔlən]		应该〈v.〉
somit	[zoːmiːt]		因此〈adv.〉
sommers	[zɔməʁs]		在夏季；每逢夏天〈adv.〉
sonderbar	[zɔndəʁbaːɐ]		奇特的；罕见的；特殊的〈adj.〉
sondern	[zɔndɐn]		而是〈konj.〉
sonst	[zɔnst]		否则；另外〈adv.〉
sorgen	[zɔʁɡən]		担心；照料〈v.〉
sorgfältig	[zɔʁɡfɛltɪç]		精细的；详尽的〈adj.〉
sortieren	[zɔʁtiːʁən]		安排；排列；达成协议；重排〈v.〉
soviel	[zoːfiːl]		那么多；一样多〈adv.〉
sowas	[zɔvas]		这种事（口语）〈pron.〉
soweit	[zɔvaɪt]		就…而言〈adv.〉
sowie	[zɔviː]		也；又〈adv.〉
sowieso	[zɔviːzɔ]		反正〈adv.〉
sowohl	[zɔvoːl]		既…又〈konj.〉
soziale	[zoːt͡sɪalə]		社会的；群居的〈adv.〉
sozusagen	[zoːt͡sʊzaɡən]		可以说〈adv.〉
spalten	[ʃpaltən]		劈开；裂片；裂缝〈v.〉
spannend	[ʃpanənt]		紧张刺激的〈adj.〉
sparen	[ʃpaːʁən]		节省〈v.〉
spazieren	[ʃpaːt͡siːʁən]		散步〈adv.〉
spektakulär	[ʃpɛktakʊlɛːɐ]		公开展示的；惊人的；壮观的；奇观〈adv.〉
spenden	[ʃpɛndən]		捐赠〈v.〉
sperren	[ʃpɛʁən]		封锁〈v.〉
speziell	[ʃpeːt͡siːl]		特别的〈adj.〉
spielen	[ʃpiːlən]		玩；演奏〈v.〉
spinnen	[ʃpɪnən]		发疯（口语）〈v.〉
spitze	[ʃpɪt͡sə]		顶尖的；尖〈adj.〉
sportlich	[ʃpɔʁtliːç]		嬉戏地；闹着玩地〈adv.〉
sprachlos	[ʃpʁaxlɔs]		不会说话的；哑的；说不出话的〈adj.〉
sprechen	[ʃpʁɛçən]		说话〈v.〉
sprengen	[ʃpʁɛnɡən]		爆破〈v.〉
springen	[ʃpʁɪnɡən]		跳〈v.〉
spucken	[ʃpʊkən]		唾液；唾吐；小雨〈v.〉
spurlos	[ʃpʊʁlɔs]		全体的；总的〈adj.〉
spät	[ʃpɛːt]		晚的〈adj.〉
später	[ʃpɛːtɐ]		稍后〈adv.〉
spülen	[ʃpyːlən]		灌洗液；灌洗；灌洗器；冲洗〈v.〉
spüren	[ʃpyːʁən]		感觉到〈v.〉
stabil	[ʃtaːbiːl]		稳定的〈adj.〉
stabilisieren	[ʃtaːbɪlɪziːʁən]		使安定；安定〈v.〉
stammen	[ʃtamən]		出自〈v.〉
standhalten	[ʃtandhaltən]		站立；站住；停顿〈v.〉
stark	[ʃtaʁk]		强壮的〈adj.〉
starr	[ʃtaʁ]		坚硬的；刚性的；严格的〈adj.〉
starten	[ʃtaʁtən]		启动〈v.〉
startklar	[ʃtaʁtklaːɐ]		准备就绪〈adv.〉
statt	[ʃtat]		代替〈präp.〉
stattdessen	[ʃtatdəsən]		反而〈adv.〉
stattfinden	[ʃtatfɪndən]		举行〈v.〉
stecken	[ʃtɛkən]		放置；插〈v.〉
stehen	[ʃteːən]		站立；处于〈v.〉
stehenbleiben	[ʃteːənblaɪbən]		厩；停车处；牧师职位〈v.〉
stehlen	[ʃteːlən]		偷〈v.〉
steif	[ʃtaɪf]		坚硬的；严厉的；呆板的〈adv.〉
steigen	[ʃtaɪɡən]		攀登；上升〈v.〉
steil	[ʃtaɪl]		急速上升；变焦摄影〈adv.〉
stellen	[ʃtɛlən]		放置；提出〈v.〉
stellvertretender	[ʃtɛlfəʁtʁətəndɐ]		交替的；轮流的；间隔的；轮流〈adv.〉
sterben	[ʃtɛʁbən]		死亡〈v.〉
stets	[ʃtɛts]		总是〈adv.〉
steuern	[ʃtɔʏɐn]		驾驶；操纵〈v.〉
stiften	[ʃtɪftən]		消失；不见〈v.〉
still	[ʃtɪl]		安静的〈adj.〉
stillen	[ʃtɪlən]		哺乳；平息〈v.〉
stimmen	[ʃtɪmən]		正确；吻合〈v.〉
stinken	[ʃtɪnkən]		发臭〈v.〉
stolpern	[ʃtɔlpɐn]		绊倒；蹒跚而行〈v.〉
stolz	[ʃtɔlt͡s]		自豪的〈adj.〉
stopp	[ʃtɔp]		停〈interj.〉
stoppen	[ʃtɔpən]		停止〈v.〉
stoßen	[ʃtoːsən]		撞；推〈v.〉
strafbar	[ʃtʁafbaːɐ]		该罚的；可罚的；可受惩处的〈adj.〉
streichen	[ʃtʁaɪçən]		划掉；涂抹〈v.〉
streiken	[ʃtʁaɪkən]		罢工；打击；殴打；打〈v.〉
streiten	[ʃtʁaɪtən]		争吵〈v.〉
streng	[ʃtʁɛnk]		严格的〈adj.〉
strömen	[ʃtʁøːmən]		水流；小河；流出〈v.〉
studieren	[ʃtuˈdiːʁən]		上大学〈v.〉
stumm	[ʃtʊm]		哑的；不说话的；无声音的〈adv.〉
stundenlang	[ʃtʊndənlank]		数小时的〈adj.〉
stur	[ʃtuːɐ]		顽固的〈adj.〉
ständig	[ʃtɛndɪç]		不断地〈adv.〉
ständige	[ʃtɛndɪɡə]		钥匙；键；解答〈adv.〉
stärken	[ʃtɛʁkən]		<口>加强；补充等〈v.〉
stärker	[ʃtɛʁkɐ]		更强的〈adj.〉
stöhnen	[ʃtøːnən]		呻吟〈v.〉
stören	[ʃtøːʁən]		打扰〈v.〉
stürmen	[ʃtʏʁmən]		投掷；打击；快速〈v.〉
stürmisch	[ʃtʏʁmɪʃ]		暴风雨的；粗暴的；激烈的〈adj.〉
stürzen	[ʃtʏʁt͡sən]		摔倒；推翻〈v.〉
subtil	[zʊbtiːl]		敏锐的；精细的；狡猾的〈adj.〉
suchen	[zuːxən]		寻找〈v.〉
summen	[zʊmən]		哼唱；嗡嗡〈v.〉
super	[zuːpɐ]		极好的〈adj.〉
sympathisch	[zʏmpatɪʃ]		意气相投地〈adv.〉
sämtliche	[zɛmtlɪçə]		全部的〈adj.〉
säubern	[zɔʏbɐn]		擦拭；用力打；凸轮；擦〈v.〉
süchtig	[zʏçtɪç]		上瘾的；成瘾的〈adj.〉
südlich	[zʏdliːç]		南方人；来自南方的〈adj.〉
süß	[zyːs]		甜的；可爱的〈adj.〉
süßen	[zyːsən]		弄甜；使愉快；使柔和〈v.〉
tagelang	[taːɡəlank]		永久的；永恒的〈adj.〉
tagsüber	[taɡzʏbɐ]		白天〈adv.〉
taktische	[taktɪʃə]		防暴装备〈adv.〉
tanken	[tankən]		得到；获得；变成〈v.〉
tanzen	[tant͡sən]		跳舞〈v.〉
tapfer	[tapfɐ]		勇敢的〈adj.〉
tasten	[tastən]		摸索〈v.〉
tatsächlich	[tatzɛçliːç]		实际上〈adv.〉
taub	[taʊp]		聋的〈adj.〉
tauchen	[taʊxən]		潜水；出现〈v.〉
taugen	[taʊɡən]		值得；有效〈v.〉
tauschen	[taʊʃən]		交换〈v.〉
tausend	[taʊzənt]		千〈num.〉
tausende	[taʊzəndə]		数千〈num.〉
technisch	[tɛçnɪʃ]		技术的〈adj.〉
technische	[tɛçnɪʃə]		技术上的；专门的；工业的〈adv.〉
teilen	[taɪlən]		分享〈v.〉
teilnehmen	[taɪlneːmən]		参加〈v.〉
teilweise	[taɪlvaɪzə]		部分的；偏袒的；偏爱的；分音〈adv.〉
telefonieren	[teːləfɔniːʁən]		打电话〈v.〉
telefonisch	[teːləfɔnɪʃ]		电话的；用电话传送的〈adj.〉
testen	[tɛstən]		测试〈v.〉
teuer	[tɔʏɐ]		昂贵的〈adj.〉
theoretisch	[tɛɔʁətɪʃ]		理论的；理论上的；假设的〈adj.〉
tief	[tiːf]		深的〈adj.〉
tiefer	[tiːfɐ]		更深的〈adj.〉
tierisch	[tiːʁɪʃ]		兽类的；残忍的；野性的〈adj.〉
toll	[tɔl]		极好的〈adj.〉
tonnenweise	[tɔnənvaɪzə]		大量的；成吨的〈adv.〉
tot	[toːt]		死的〈adj.〉
total	[toːtaːl]		完全〈adv.〉
totaler	[toːtalɐ]		交通全面大堵塞〈adv.〉
traditionell	[tʁaːdɪt͡sjoːnəl]		建立的；固定的；既定的〈adv.〉
tragen	[tʁaːɡən]		穿；扛〈v.〉
tragisch	[tʁaːɡɪʃ]		悲惨的；悲剧的〈adj.〉
trainieren	[tʁaɪniːʁən]		训练〈v.〉
transportieren	[tʁanspɔʁtiːʁən]		运输；运输工具；激动〈v.〉
trauen	[tʁaʊən]		敢于；信任〈v.〉
traumhaft	[tʁaʊmhaft]		爱梦想地；梦似地；朦胧地〈adv.〉
traurig	[tʁaʊʁɪç]		悲伤的〈adj.〉
treffen	[tʁɛfən]		遇见；会面〈v.〉
treiben	[tʁaɪbən]		驱赶；漂浮〈v.〉
trennen	[tʁɛnən]		分开〈v.〉
treten	[tʁeːtən]		踩；进入〈v.〉
treu	[tʁɔʏ]		忠诚的〈adj.〉
treuer	[tʁɔʏɐ]		伙伴；插袋〈adv.〉
trinken	[tʁɪnkən]		喝〈v.〉
trocken	[tʁɔkən]		干的〈adj.〉
trocknen	[tʁɔknən]		天气；气象〈v.〉
trommeln	[tʁɔməln]		鼓；鼓声；击鼓〈v.〉
trompeten	[tʁɔmpətən]		喇叭；小号〈v.〉
tropfen	[tʁɔpfən]		滴；水滴〈n.m.〉
trotz	[tʁɔt͡s]		尽管〈präp.〉
trotzdem	[tʁɔt͡sdəm]		尽管如此〈adv.〉
träumen	[tʁɔʏmən]		做梦〈v.〉
trüben	[tʁyːbən]		暗淡的〈v.〉
tschüss	[t͡ʃʏs]		再见〈interj.〉
tun	[tuːn]		做〈v.〉
typisch	[tʏpɪʃ]		典型的〈adj.〉
typischer	[tʏpɪʃɐ]		潮土油〈adv.〉
täglich	[tɛɡliːç]		每天的〈adj.〉
tätig	[tɛːtɪç]		担当…；起…的作用；充〈adj.〉
tödlich	[tœdliːç]		致命的〈adj.〉
tödliche	[tœdlɪçə]		致命的；重大的；命运注定的〈adv.〉
töten	[tøːtən]		杀死〈v.〉
tüchtig	[tʏçtɪç]		勇敢的；美好的〈adj.〉
türkisch	[tʏʁkɪʃ]		土耳其人的；土耳其民族的〈adj.〉
uff	[ʊf]		呼（表示松一口气/疲惫）〈intj.〉
um	[uːm]		围绕；在…点钟〈präp.〉
umarmen	[uːmaʁmən]		拥抱〈v.〉
umbringen	[ʊmbʁɪnɡən]		杀害（口语）〈v.〉
umdrehen	[ʊmdʁeːən]		转身〈v.〉
umfallen	[ʊmfalən]		倒塌；跌倒；失败〈v.〉
umgeben	[ʊmɡəbən]		围绕〈v.〉
umgedreht	[ʊmɡədʁeːt]		颠倒着；混乱〈adv.〉
umgehen	[ʊmɡeːən]		对待；绕过〈v.〉
umgehend	[ʊmɡeːənt]		加快；促进；发出；畅通的〈adv.〉
umgekehrt	[ʊmɡəkeːʁt]		相反〈adv.〉
umgezogen	[ʊmɡət͡sɔɡən]		迁移〈v.〉
umkehren	[ʊmkeːʁən]		往回走；翻回到；重新翻到〈v.〉
umkommen	[ʊmkɔmən]		毁灭；丧生；凋谢〈v.〉
umlegen	[ʊmləɡən]		杀害（口语）；挪动〈v.〉
ums	[ʊms]		关于（um das 缩合）〈präp.〉
umsehen	[ʊmzeːən]		环顾〈v.〉
umso	[ʊmzɔ]		更加〈adv.〉
umsonst	[ʊmzɔnst]		白白地；免费〈adv.〉
umstellen	[ʊmstələn]		再排列；重新整理〈v.〉
umwerfend	[ʊmvəʁfənt]		惊艳的〈adj.〉
umziehen	[ʊmt͡siːən]		搬家〈v.〉
unabhängig	[uːnabhɛnɡɪç]		独立的〈adj.〉
unangebracht	[uːnanɡəbʁaxt]		不适合的〈adv.〉
unangemessen	[uːnanɡəməsən]		内衣；内裙〈v.〉
unangenehm	[uːnanɡəneːm]		令人不快的〈adj.〉
unanständig	[uːnanstɛndɪç]		粗鲁无礼的；粗陋的；粗暴的〈adj.〉
unauffällig	[uːnaʊfɛlɪç]		不显眼的；不引人注意的〈adj.〉
unbedeutend	[ʊnbədɔʏtənt]		不足取地〈adv.〉
unbedingt	[ʊnbədɪnɡt]		无论如何；绝对〈adv.〉
unbekannt	[ʊnbəkant]		未知的〈adj.〉
unbekanntes	[ʊnbəkantəs]		新的；陌生的；最近的〈adv.〉
unbequem	[ʊnbəkvəm]		不舒服的；不自在的；不安的〈adv.〉
unberechenbar	[ʊnbəʁəçənbaːɐ]		不可胜数地；无数地〈adv.〉
unberührt	[ʊnbəʁyːʁt]		未触摸过的；未改变的；未受影响的〈adj.〉
unbesiegbar	[ʊnbəziːɡbaːɐ]		不能征服的；无敌的〈adj.〉
unbewaffnet	[ʊnbəvafnət]		无武器的；没有武装的〈adj.〉
unbezahlbar	[ʊnbət͡saːlbaːɐ]		无价的；付不起的〈adj.〉
uncool	[ʊnkoːl]		不；非；未〈adj.〉
und	[ʊnt]		和〈konj.〉
undankbar	[ʊndankbaːɐ]		忘恩的〈adj.〉
undeutlich	[ʊndɔʏtliːç]		连音符；诽谤；玷污〈adj.〉
unendlich	[uːnəndliːç]		无限；神；无穷的；无限的〈adj.〉
unerhört	[uːnəʁhœʁt]		显著地；显眼地〈adv.〉
unerreichbar	[uːnəʁaɪçbaːɐ]		难得到的；难接近的；难达成的〈adj.〉
unerträglich	[uːnəʁtʁɛɡliːç]		不能忍受地〈adv.〉
unfair	[ʊnfaɪɐ]		不公平的〈adj.〉
unfassbar	[ʊnfasbaːɐ]		难以置信的〈adj.〉
unfreundlich	[ʊnfʁɔʏndliːç]		不友善地〈adj.〉
unfähig	[ʊnfɛːɪç]		缺乏；无；不足〈adj.〉
ungeduldig	[ʊnɡədʊldɪç]		不耐烦的；急躁的〈adj.〉
ungefähr	[ʊnɡəfɛːɐ]		大约〈adv.〉
ungefährlich	[ʊnɡəfɛːʁliːç]		保险箱；可靠的〈adj.〉
ungehorsam	[ʊnɡeːɔʁzaːm]		违反；不服从〈adv.〉
ungelegen	[ʊnɡələɡən]		不合时宜的〈adj.〉
ungemütlich	[ʊnɡəmʏtliːç]		不舒适地；不自在地；令人不快地〈adv.〉
ungerecht	[ʊnɡəʁəçt]		不公平的〈adv.〉
ungern	[ʊnɡɐn]		不情愿〈adv.〉
ungeschickt	[ʊnɡəʃɪkt]		不熟练的；笨拙的；不灵巧的〈adj.〉
ungestraft	[ʊnɡəstʁaft]		不受处罚的〈adv.〉
ungestört	[ʊnɡəstœʁt]		未被扰乱的；安静的；镇定的〈adj.〉
ungesund	[ʊnɡəzʊnt]		不健康的〈adj.〉
ungewöhnlich	[ʊnɡəvøːnliːç]		不寻常的〈adj.〉
ungezogen	[ʊnɡət͡sɔɡən]		被惯坏的；讨厌的；无礼的〈adj.〉
unglaublich	[ʊnɡlaʊbliːç]		难以置信的〈adj.〉
unglücklich	[ʊnɡlʏkliːç]		不幸的〈adj.〉
ungut	[ʊnɡuːt]		不妙的〈adj.〉
ungültig	[ʊnɡʏltɪç]		病人；无效的〈adj.〉
ungünstig	[ʊnɡʏnstɪç]		不利的；敌对的；相反的〈adj.〉
unheimlich	[ʊnhaɪmliːç]		可怕的；极其〈adj.〉
unhöflich	[ʊnhœfliːç]		不礼貌的〈adj.〉
unklar	[ʊnklaːɐ]		无辩义作用的；无区别的〈adv.〉
unlogisch	[ʊnlɔɡɪʃ]		不合逻辑的；无条理的〈adj.〉
unmenschlich	[ʊnmənʃliːç]		无人情味的；薄情的；残忍的〈adj.〉
unmittelbar	[ʊnmɪtəlbaːɐ]		直接的；紧邻的〈adj.〉
unmoralisch	[ʊnmɔʁalɪʃ]		不道德的；邪恶的；放荡的〈adj.〉
unmöglich	[ʊnmœɡliːç]		不可能的〈adj.〉
unnatürlich	[ʊnatʏʁliːç]		不自然的；反常的〈adj.〉
unnötig	[ʊnœtɪç]		不必要的〈adj.〉
unpassend	[ʊnpasənt]		不协调的；不一致的；不合适的〈adv.〉
unprofessionell	[ʊnpʁɔfəsɪɔnəl]		违反行业习惯的；违反行业道德的；不合行规的〈adv.〉
unruhig	[ʊnʁuːɪç]		不自在地；不稳定地；心神不安地〈adv.〉
unschlagbar	[ʊnʃlaɡbaːɐ]		无敌的；无与伦比的〈adj.〉
unschuldig	[ʊnʃʊldɪç]		无辜的〈adj.〉
unser	[ʊnzɐ]		我们的〈pron.〉
unsicher	[ʊnzɪçɐ]		不确定的〈adj.〉
unsichtbar	[ʊnzɪçtbaːɐ]		看不见的〈adj.〉
unsichtbare	[ʊnzɪçtbaʁə]		玻璃天花板；玻璃天花板封顶〈adv.〉
unten	[ʊntən]		下面〈adv.〉
unter	[ʊntɐ]		在…下面〈präp.〉
unterbrechen	[ʊntəʁbʁəçən]		中断；妨碍〈v.〉
unterbringen	[ʊntəʁbʁɪnɡən]		住所；住宅；定居〈v.〉
unterbrochen	[ʊntəʁbʁɔxən]		不连续的；断续的；间断的；中断的〈v.〉
unterdrückt	[ʊntəʁdʁʏkt]		被蹂躏的；受压制的〈adv.〉
untere	[ʊntəʁə]		下面的；底部的〈adv.〉
untereinander	[ʊntəʁaɪnandɐ]		在...之中〈adv.〉
untergebracht	[ʊntəʁɡəbʁaxt]		得到安置的；被安顿的〈adv.〉
untergehen	[ʊntəʁɡeːən]		下去；下沉；坠落〈v.〉
unterhalb	[ʊntəʁhalp]		在……下方〈adv.〉
unterhalten	[ʊntəʁhaltən]		交谈；供养〈v.〉
unterhaltsam	[ʊntəʁhaltzaːm]		有趣的；引人发笑的〈adj.〉
unterlegen	[ʊntəʁləɡən]		次等的；较差的；下方的〈adj.〉
unterm	[ʊntəʁm]		在…下（缩合介词）〈präp.〉
unternehmen	[ʊntəʁneːmən]		从事〈v.〉
unterrichten	[ʊntəʁɪçtən]		授课〈v.〉
unterscheiden	[ʊntəʁʃaɪdən]		区分〈v.〉
unterschiedlich	[ʊntəʁʃiːdliːç]		不同的；差动；微分的；差速器〈adj.〉
unterschreiben	[ʊntəʁʃʁaɪbən]		签字〈v.〉
unterschätzen	[ʊntəʁʃɛt͡sən]		低估；看轻〈v.〉
unterschätzt	[ʊntəʁʃɛt͡st]		未得到正确评价的；未受到充分赏识的〈adj.〉
unterstellt	[ʊntəʁstəlt]		被下属的；被指摘的〈adj.〉
unterstützen	[ʊntəʁstʏt͡sən]		支持〈v.〉
untersuchen	[ʊntəʁzʊxən]		调查；检查〈v.〉
unterwegs	[ʊntəʁvəɡs]		在路上〈adv.〉
unterwerfen	[ʊntəʁvəʁfən]		科目；主题；臣民〈v.〉
unterzeichnen	[ʊntəʁt͡saɪçnən]		符号；招牌；征兆〈v.〉
untreu	[ʊntʁɔʏ]		不诚实的；不信实的〈adv.〉
untröstlich	[ʊntʁœstliːç]		没有精神的；灰心的；心碎的〈adj.〉
untätig	[ʊntɛtɪç]		懒惰地；空闲地〈adv.〉
ununterbrochen	[uːnʊntəʁbʁɔxən]		未减轻的；未受救济的〈v.〉
unverantwortlich	[ʊnfəʁantvɔʁtliːç]		不负责任的〈adj.〉
unverletzt	[ʊnfəʁlət͡st]		没有受伤的；没有受害的；无恙的〈adj.〉
unvermeidlich	[ʊnfəʁmaɪdliːç]		逃不掉的；不可避免的〈adj.〉
unvernünftig	[ʊnfəʁnʏnftɪç]		不合理的〈adj.〉
unverschämt	[ʊnfəʁʃɛmt]		不切题的；鲁莽的；无礼的〈adv.〉
unversehrt	[ʊnfəʁzeːʁt]		未亵渎的；未受侵犯的；无污点的〈adv.〉
unverständlich	[ʊnfəʁstɛndliːç]		难以理解的〈adj.〉
unverzeihlich	[ʊnfəʁt͡saɪliːç]		不可原谅的；不可宽恕的〈adj.〉
unverändert	[ʊnfəʁɛndəʁt]		未被改变的；不变的；照旧的〈adj.〉
unvorsichtig	[ʊnfɔʁzɪçtɪç]		无远见的；浪费的〈adj.〉
unvorstellbar	[ʊnfɔʁstəlbaːɐ]		不能想象的；不可思议的〈adj.〉
unwahrscheinlich	[ʊnvaːʁʃaɪnliːç]		不太可能的〈adj.〉
unwichtig	[ʊnvɪçtɪç]		不重要的〈adj.〉
unwiderstehlich	[ʊnvɪdəʁsteːliːç]		强制的；强迫性的；激发兴趣的〈adj.〉
unwohl	[ʊnvoːl]		不舒服的〈adj.〉
unwürdig	[ʊnvʏʁdɪç]		不配受到的；不值得...的〈adj.〉
unzertrennlich	[ʊnt͡səʁtʁənliːç]		形影不离的；分不开的〈adj.〉
unzufrieden	[ʊnt͡sʊfʁiːdən]		不满的；显出不满的〈v.〉
unzuverlässig	[ʊnt͡sʊfəʁlɛsɪç]		靠不住的〈adj.〉
uralt	[uːʁalt]		古老的〈adj.〉
ursprünglich	[ʊʁspʁʏnɡliːç]		最初的；原本的〈adj.〉
ursprüngliche	[ʊʁspʁʏnɡlɪçə]		要价；索价〈adv.〉
urteilen	[ʊʁtaɪlən]		判断〈v.〉
vage	[faːɡə]		含糊地；暧昧地〈adv.〉
verabredet	[feːʁabʁədət]		约好的〈adj.〉
verabschieden	[feːʁabʃiːdən]		告别〈v.〉
verachten	[feːʁaxtən]		轻蔑；藐视；嘲笑〈v.〉
veranstalten	[feːʁanstaltən]		组织；有机化〈v.〉
verantwortlich	[feːʁantvɔʁtliːç]		负责的〈adj.〉
verbannt	[fɛʁbant]		放逐的；流亡的〈adj.〉
verbergen	[fɛʁbəʁɡən]		隐藏〈v.〉
verbessern	[fɛʁbəsɐn]		改善〈v.〉
verbessert	[fɛʁbəsəʁt]		增大的；加强的〈adv.〉
verbieten	[fɛʁbiːtən]		禁令；禁止；取缔〈v.〉
verbinden	[fɛʁbɪndən]		连接〈v.〉
verbittert	[fɛʁbɪtəʁt]		苦的；痛苦的〈adj.〉
verbluten	[fɛʁblʊtən]		流血；悲痛〈v.〉
verblüffend	[fɛʁblʏfənt]		令人惊讶地；惊奇地〈adv.〉
verblüfft	[fɛʁblʏft]		困惑的；晕眩的；混乱的〈adv.〉
verborgen	[fɛʁbɔʁɡən]		隐蔽的；隐匿的〈v.〉
verboten	[fɛʁbɔtən]		被禁止的〈adj.〉
verbotene	[fɛʁbɔtənə]		共谋的〈adv.〉
verbraucht	[fɛʁbʁaʊxt]		耗尽的；疲惫的〈adv.〉
verbreiten	[fɛʁbʁaɪtən]		传播〈v.〉
verbrennen	[fɛʁbʁənən]		烧毁〈v.〉
verbringen	[fɛʁbʁɪnɡən]		度过〈v.〉
verbünden	[fɛʁbʏndən]		同盟的；联合的〈v.〉
verbündet	[fɛʁbʏndət]		同盟的；联合的；联邦的〈adv.〉
verdanken	[fɛʁdankən]		归功于〈v.〉
verdecken	[fɛʁdəkən]		使闭塞；隔断；挡住；咬合〈v.〉
verdeckt	[fɛʁdəkt]		秘密；神秘；奥秘〈adv.〉
verderben	[fɛʁdəʁbən]		毁坏〈v.〉
verdienen	[fɛʁdiːnən]		赚得〈v.〉
verdorben	[fɛʁdɔʁbən]		腐败的；贪污的〈v.〉
verdreht	[fɛʁdʁeːt]		乖张的；故意作对的；有悖常情的〈adv.〉
verdrängen	[fɛʁdʁɛnɡən]		开车出去；驱逐；驱散〈v.〉
verdächtig	[fɛʁdɛçtɪç]		可疑的〈adj.〉
verdächtigen	[fɛʁdɛçtɪɡən]		怀疑〈v.〉
verehren	[feːʁeːʁən]		入庙祀奉；铭记〈v.〉
vereinbaren	[feːʁaɪnbaʁən]		使固定；修理；准备〈v.〉
vereinbart	[feːʁaɪnbaʁt]		合同的；规定的；条款的〈adv.〉
vereinen	[feːʁaɪnən]		联合；接合〈v.〉
vereint	[feːʁaɪnt]		联合的〈adj.〉
verfallen	[fɛʁfalən]		过失；流逝；失效；犯错〈v.〉
verfehlen	[fɛʁfeːlən]		失误；避免；失败〈v.〉
verfehlt	[fɛʁfeːlt]		对…有错误看法；误解〈adv.〉
verflixt	[fɛʁflɪkst]		岂有此理的；可恨地〈adj.〉
verfluchen	[fɛʁflʊxən]		十六进制；巫婆〈v.〉
verfolgen	[fɛʁfɔlɡən]		追踪〈v.〉
verfügbar	[fɛʁfʏɡbaːɐ]		预备好的状态；备用的〈adj.〉
verfügen	[fɛʁfʏɡən]		命令；指令〈v.〉
vergangen	[fɛʁɡanɡən]		过去的〈adj.〉
vergeben	[fɛʁɡəbən]		原谅；给予〈v.〉
vergebens	[fɛʁɡəbəns]		免费；徒然；空；不花钱〈adv.〉
vergeblich	[fɛʁɡəbliːç]		无价值的；徒然的；空虚的〈adj.〉
vergehen	[fɛʁɡeːən]		消逝〈v.〉
vergessen	[fɛʁɡəsən]		忘记〈v.〉
vergeuden	[fɛʁɡɔʏdən]		散失；驱散；浪费；消散〈v.〉
vergiften	[fɛʁɡɪftən]		下毒〈v.〉
vergleiche	[fɛʁɡlaɪçə]		授予；带来；协商〈adv.〉
vergleichen	[fɛʁɡlaɪçən]		比较〈v.〉
vergnügt	[fɛʁɡnʏɡt]		快活的；高兴的；兴高采烈的〈adj.〉
vergossen	[fɛʁɡɔsən]		盆栽的；罐装的〈v.〉
vergraben	[fɛʁɡʁabən]		埋〈v.〉
vergrößern	[fɛʁɡʁœsɐn]		增加；增进；利益〈v.〉
vergrößert	[fɛʁɡʁœsəʁt]		肥大的；过度膨胀的；肥厚的〈adv.〉
verhaften	[fɛʁhaftən]		逮捕〈v.〉
verhandeln	[fɛʁhandəln]		谈判〈v.〉
verhauen	[fɛʁhaʊən]		打；拍击〈v.〉
verheiraten	[fɛʁhaɪʁatən]		对；夫妇〈v.〉
verheiratet	[fɛʁhaɪʁatət]		已婚的〈adj.〉
verhindern	[fɛʁhɪndɐn]		阻止〈v.〉
verhungern	[fɛʁhʊnɡɐn]		饿死〈v.〉
verirrt	[feːʁɪʁt]		失去的；遗失的〈adv.〉
verjagen	[fɛʁjaɡən]		赶走；驱逐〈v.〉
verkaufen	[fɛʁkaʊfən]		卖〈v.〉
verkehrt	[fɛʁkeːʁt]		错误的〈adj.〉
verklagen	[fɛʁklaɡən]		起诉〈v.〉
verkleiden	[fɛʁklaɪdən]		化装〈v.〉
verkleidet	[fɛʁklaɪdət]		乔装着〈adv.〉
verklemmt	[fɛʁkləmt]		抑制情感的；抑制的〈adj.〉
verknallt	[fɛʁknalt]		热恋的（口语）〈adj.〉
verkorkst	[fɛʁkɔʁkst]		焦虑而紧〈adj.〉
verkraften	[fɛʁkʁaftən]		与...竞争；应付；处理〈v.〉
verkünden	[fɛʁkʏndən]		宣布；通告〈v.〉
verlangen	[fɛʁlanɡən]		要求〈v.〉
verlangsamen	[fɛʁlanɡzamən]		减速〈v.〉
verlassen	[fɛʁlasən]		离开〈v.〉
verlaufen	[fɛʁlaʊfən]		去；走；达到〈v.〉
verlegen	[fɛʁləɡən]		使尴尬；铺设〈v.〉
verletzen	[fɛʁlət͡sən]		伤害〈v.〉
verletzlich	[fɛʁlət͡sliːç]		脆弱地；易受伤害地〈adv.〉
verlieben	[fɛʁliːbən]		恋爱〈v.〉
verliebt	[fɛʁliːbt]		恋爱的〈adj.〉
verlieren	[fɛʁliːʁən]		失去；输掉〈v.〉
verlobt	[fɛʁlɔbt]		订婚的〈adj.〉
verlockend	[fɛʁlɔkənt]		诱人地；妩媚地〈adv.〉
verlängern	[fɛʁlɛnɡɐn]		加长〈v.〉
verlängert	[fɛʁlɛnɡəʁt]		延续的；伸出的；竭尽全力的〈adj.〉
vermasseln	[fɛʁmasəln]		混合；使微醉〈v.〉
vermehren	[fɛʁmeːʁən]		增加；夸大〈v.〉
vermeiden	[fɛʁmaɪdən]		避免〈v.〉
vermissen	[fɛʁmɪsən]		想念〈v.〉
vermitteln	[fɛʁmɪtəln]		给予；传授；告知〈v.〉
vermuten	[fɛʁmʊtən]		猜测〈v.〉
vermutlich	[fɛʁmʊtliːç]		大概〈adv.〉
vernichten	[fɛʁnɪçtən]		消灭〈v.〉
vernünftig	[fɛʁnʏnftɪç]		理智的〈adj.〉
verpassen	[fɛʁpasən]		错过〈v.〉
verpflichten	[fɛʁpflɪçtən]		使负义务；强使；使感激〈v.〉
verpflichtet	[fɛʁpflɪçtət]		有义务的〈adj.〉
verraten	[fɛʁatən]		泄露；背叛〈v.〉
verreisen	[fɛʁaɪzən]		走开〈v.〉
verreist	[fɛʁaɪst]		不在城里；不在伦敦〈adv.〉
verriegelt	[fɛʁiːɡəlt]		连结；连锁；相关〈adv.〉
verringern	[fɛʁɪnɡɐn]		缩减…规模〈v.〉
verrotten	[fɛʁɔtən]		腐烂；腐蚀；败坏〈v.〉
verrückt	[fɛʁʏkt]		疯狂的〈adj.〉
versagen	[fɛʁzaɡən]		失败〈v.〉
versammeln	[fɛʁzaməln]		集合；集体的〈v.〉
versaut	[fɛʁzaʊt]		下流的〈adj.〉
verschaffen	[fɛʁʃafən]		设法获得〈v.〉
verschenken	[fɛʁʃənkən]		分发；放弃；泄露〈v.〉
verschieben	[fɛʁʃiːbən]		推迟；移动〈v.〉
verschieden	[fɛʁʃiːdən]		不同的；差动；微分的；差速器〈v.〉
verschiedene	[fɛʁʃiːdənə]		不同的〈adj.〉
verschlafen	[fɛʁʃlafən]		睡过头〈v.〉
verschlagen	[fɛʁʃlaɡən]		搭乘〈v.〉
verschließen	[fɛʁʃliːsən]		锁上；封闭〈v.〉
verschlingen	[fɛʁʃlɪnɡən]		咯咯叫〈v.〉
verschlossen	[fɛʁʃlɔsən]		不会接受的；反应不快的；接受能力不强的〈v.〉
verschlungen	[fɛʁʃlʊnɡən]		全部；完整；充满的；完全的〈v.〉
verschlüsselt	[fɛʁʃlʏsəlt]		加密的；编码的〈adj.〉
verschuldet	[fɛʁʃʊldət]		负债的；受惠的；法律上有义务偿还的〈adj.〉
verschwenden	[fɛʁʃvəndən]		浪费〈v.〉
verschwiegen	[fɛʁʃviːɡən]		沉默寡言地；沉默地〈adv.〉
verschwinden	[fɛʁʃvɪndən]		消失〈v.〉
verschwitzt	[fɛʁʃvɪt͡st]		出汗的；吃力的〈adj.〉
verschwommen	[fɛʁʃvɔmən]		暗淡的〈v.〉
versehen	[fɛʁzeːən]		提供；失误〈v.〉
versehentlich	[fɛʁzeːəntliːç]		意外的；偶然的；非主要的〈adj.〉
versenken	[fɛʁzənkən]		甲板排水孔；泄水口〈v.〉
versenkt	[fɛʁzənkt]		沉入的；嵌入的〈adj.〉
versessen	[fɛʁzəsən]		固执的；拼命的〈v.〉
versetzen	[fɛʁzət͡sən]		调动；使处于〈v.〉
versetzt	[fɛʁzət͡st]		的变〈adv.〉
versichert	[fɛʁzɪçəʁt]		已投保的；确信的〈adv.〉
versiegeln	[fɛʁziːɡəln]		印章；封条；海豹〈v.〉
versorgen	[fɛʁzɔʁɡən]		照料；供给〈v.〉
verspielt	[fɛʁspiːlt]		爱打趣的；多趣的；开玩笑的〈adj.〉
verspotten	[fɛʁspɔtən]		嘲弄；嘲笑〈v.〉
versprechen	[fɛʁspʁəçən]		承诺〈v.〉
verstecken	[fɛʁstəkən]		藏；隐藏〈v.〉
verstehen	[fɛʁsteːən]		理解〈v.〉
verstopft	[fɛʁstɔpft]		堵塞的；阻塞的〈adv.〉
verstoßen	[fɛʁstɔsən]		被抛弃的人；遭难的〈v.〉
verstreut	[fɛʁstʁɔʏt]		分散的；散乱的〈adv.〉
verständlich	[fɛʁstɛndliːç]		易懂的〈adj.〉
verständnisvoll	[fɛʁstɛndnɪsfɔl]		有同情心的；合意的〈adv.〉
verstärken	[fɛʁstɛʁkən]		赋与力量〈v.〉
verstärkt	[fɛʁstɛʁkt]		以债券作保证的；有担保的〈adj.〉
versuchen	[fɛʁzʊxən]		尝试〈v.〉
versäumen	[fɛʁzɔʏmən]		省略；删除；疏忽〈v.〉
verteidigen	[fɛʁtaɪdɪɡən]		防御〈v.〉
verteilen	[fɛʁtaɪlən]		分发〈v.〉
vertragen	[fɛʁtʁaɡən]		忍受；和解〈v.〉
vertrauen	[fɛʁtʁaʊən]		信任〈n.〉
vertrauenswürdig	[fɛʁtʁaʊənsvʏʁdɪç]		可靠的；可信赖的〈adj.〉
vertraulich	[fɛʁtʁaʊliːç]		机密的〈adj.〉
vertraut	[fɛʁtʁaʊt]		熟悉的〈adj.〉
vertreiben	[fɛʁtʁaɪbən]		驱逐〈v.〉
vertreten	[fɛʁtʁətən]		代表〈v.〉
verursachen	[feːʁʊʁzaxən]		造成〈v.〉
verurteilen	[feːʁʊʁtaɪlən]		判刑〈v.〉
verwandeln	[fɛʁvandəln]		转变〈v.〉
verwandt	[fɛʁvandt]		有亲属关系的〈adj.〉
verwechseln	[fɛʁvəksəln]		使混乱；使狼狈；使困惑；混淆〈v.〉
verwenden	[fɛʁvəndən]		使用〈v.〉
verwickeln	[fɛʁvɪkəln]		卷入〈v.〉
verwickelt	[fɛʁvɪkəlt]		关心的；有关的；参与的〈adv.〉
verwirklichen	[fɛʁvɪʁklɪçən]		了解；实现；使显得逼真〈v.〉
verwirren	[fɛʁvɪʁən]		使混乱；使狼狈；使困惑；混淆〈v.〉
verwirrend	[fɛʁvɪʁənt]		令人困惑的；混淆的；混乱的〈adv.〉
verwirrt	[fɛʁvɪʁt]		困惑的〈adj.〉
verwischen	[fɛʁvɪʃən]		涂；擦上；玷污〈v.〉
verwundbar	[fɛʁvʊndbaːɐ]		易受伤害的；有弱点的；易受影响的〈adj.〉
verwunden	[fɛʁvʊndən]		使受伤〈v.〉
verwundet	[fɛʁvʊndət]		受伤的；负伤的〈adv.〉
verwöhnen	[fɛʁvøːnən]		款待；佳肴〈v.〉
verwöhnt	[fɛʁvøːnt]		优美；美味；讲究〈adv.〉
verzeihen	[fɛʁt͡saɪən]		原谅〈v.〉
verzerrt	[fɛʁt͡səʁt]		歪曲；曲解；使不公允〈adv.〉
verzichten	[fɛʁt͡sɪçtən]		放弃〈v.〉
verzweifeln	[fɛʁt͡svaɪfəln]		绝望；失望〈v.〉
verzweifelt	[fɛʁt͡svaɪfəlt]		绝望的〈adj.〉
verzögert	[fɛʁt͡sœɡəʁt]		迟缓的〈adv.〉
verändern	[feːʁɛndɐn]		改变〈v.〉
verängstigt	[feːʁɛnɡstɪɡt]		受惊的〈adj.〉
verärgern	[feːʁɛʁɡɐn]		使不高兴〈v.〉
verärgert	[feːʁɛʁɡəʁt]		恼火的〈adj.〉
veröffentlichen	[feːʁœfəntlɪçən]		发表〈v.〉
viel	[fiːl]		多；大量〈adv.〉
viele	[fiːlə]		许多；很多〈adj.〉
vielerlei	[fiːləʁlaɪ]		的；属于〈adv.〉
vieles	[fiːləs]		许多事〈pron.〉
vielleicht	[fiːlaɪçt]		也许〈adv.〉
vielmals	[fiːlmals]		多次〈adv.〉
vielmehr	[fiːlmeːɐ]		宁可；稍微；相当〈adv.〉
vielversprechend	[fiːlfəʁspʁəçənt]		有希望的〈adv.〉
vier	[fiːɐ]		四〈num.〉
viermal	[fiːʁmaːl]		四；四个；四冲程循环〈adv.〉
vierte	[fiːʁtə]		第四的〈adj.〉
vierzehn	[fiːʁt͡seːn]		十四；十四个〈adv.〉
voll	[fɔl]		满的〈adj.〉
vollenden	[fɔləndən]		完成；至上的〈v.〉
vollendet	[fɔləndət]		使结束；使完美；完婚〈adv.〉
voller	[fɔlɐ]		充满的〈adj.〉
volles	[fɔləs]		非常热情地；非常有魄力地〈adv.〉
volljährig	[fɔljɛːʁɪç]		成年的；已届法定年龄的〈adj.〉
vollkommen	[fɔlkɔmən]		完全地〈adv.〉
vollständig	[fɔlstɛndɪç]		完全地〈adv.〉
vom	[foːm]		从（von dem 缩合）〈präp.〉
von	[fɔn]		从；…的〈präp.〉
voneinander	[foːnaɪnandɐ]		互相分开〈adv.〉
vor	[foːɐ]		在…前面；…之前〈präp.〉
voran	[foːʁaːn]		向前〈adv.〉
voraus	[foːʁaʊs]		在前面；预先〈adv.〉
vorausgesetzt	[foːʁaʊsɡəzət͡st]		考虑到；假定；已知〈adv.〉
vorbei	[fɔʁbaɪ]		经过；结束〈adv.〉
vorbeifahren	[fɔʁbaɪfaːʁən]		驾车；快车道；推进力〈v.〉
vorbeigehen	[fɔʁbaɪɡeːən]		呼叫；访问；打电话〈v.〉
vorbeikommen	[fɔʁbaɪkɔmən]		顺路来访〈v.〉
vorbeischauen	[fɔʁbaɪʃaʊən]		顺便访问〈v.〉
vorbereiten	[fɔʁbəʁaɪtən]		准备〈v.〉
vorbestraft	[fɔʁbəstʁaft]		先；先前；以前〈adj.〉
voreilig	[foːʁaɪlɪç]		性急地；任性地〈adv.〉
vorgeben	[fɔʁɡəbən]		假装；伪称；自命〈v.〉
vorgehen	[fɔʁɡeːən]		着手进行〈v.〉
vorgestern	[fɔʁɡəstɐn]		天；日子；白天〈adv.〉
vorgetäuscht	[fɔʁɡətɔʏʃt]		假；赝品；骗子〈adv.〉
vorhanden	[fɔʁhandən]		现有的；具备的〈v.〉
vorher	[fɔʁhɐ]		之前〈adv.〉
vorhin	[fɔʁhiːn]		刚才〈adv.〉
vorkommen	[fɔʁkɔmən]		出现；发生〈v.〉
vorlesen	[fɔʁləzən]		朗读〈v.〉
vorläufig	[fɔʁlɔʏfɪç]		暂时〈adj.〉
vorm	[fɔʁm]		在…前（vor dem 缩合）〈präp.〉
vorn	[fɔʁn]		前面〈adv.〉
vorne	[fɔʁnə]		前面〈adv.〉
vornehm	[fɔʁneːm]		谦恭的；礼让的；有教养的〈adv.〉
vorschlagen	[fɔʁʃlaɡən]		建议〈v.〉
vorschreiben	[fɔʁʃʁaɪbən]		吩咐；命令；嘱咐〈v.〉
vorsichtig	[fɔʁzɪçtɪç]		小心的〈adj.〉
vorsichtiger	[fɔʁzɪçtɪɡɐ]		更小心的；更谨慎的〈adv.〉
vorsingen	[fɔʁzɪnɡən]		听；听力；试听；审计命令〈v.〉
vorstellen	[fɔʁstələn]		介绍；想象〈v.〉
vortragen	[fɔʁtʁaɡən]		慷慨陈词；演讲；朗读〈v.〉
vortreten	[fɔʁtʁətən]		站出来；自告奋勇；主动响应〈v.〉
vorwärts	[fɔʁvɛʁts]		向前〈adv.〉
vorzeitig	[fɔʁt͡saɪtɪç]		门闩；螺钉；筛子〈adj.〉
vorzüglich	[fɔʁt͡sʏɡliːç]		精巧地；敏锐地〈adv.〉
vorüber	[foːʁʏbɐ]		过去；结束〈adv.〉
vorübergehend	[foːʁʏbəʁɡeːənt]		暂时的〈adj.〉
vulgär	[fʊlɡɛːɐ]		庸俗的；粗俗的〈adv.〉
völlig	[fœlɪç]		完全地〈adv.〉
völliger	[fœlɪɡɐ]		缺氧症；缺氧〈adv.〉
wach	[vaːx]		醒着的〈adj.〉
wachsam	[vaksaːm]		警觉的；灵敏的〈adv.〉
wachsen	[vaksən]		生长〈v.〉
wahnsinnig	[vaːnzɪnɪç]		非常；疯狂〈adv.〉
wahr	[vaːɐ]		真实的〈adj.〉
wahrhaft	[vaːʁhaft]		说真话的；诚实的；真实的〈adv.〉
wahrhaftig	[vaːʁhaftɪç]		说实话的；诚实的；老实的〈adj.〉
wahrlich	[vaːʁliːç]		实在；的确；真的〈adj.〉
wahrscheinlich	[vaːʁʃaɪnliːç]		大概〈adv.〉
wandern	[vandɐn]		徒步〈v.〉
wann	[van]		何时〈adv.〉
warm	[vaʁm]		温暖的〈adj.〉
warme	[vaʁmə]		温暖的；热情的〈adv.〉
warnen	[vaʁnən]		警告〈v.〉
warten	[vaʁtən]		等待〈v.〉
warum	[vaːʁuːm]		为什么〈adv.〉
was	[vas]		什么〈pron.〉
waschen	[vaʃən]		洗〈v.〉
wechseln	[vɛksəln]		更换〈v.〉
wecken	[vɛkən]		唤醒〈v.〉
weder	[veːdɐ]		既不〈konj.〉
weg	[vɛk]		走了；离开〈adv.〉
wegen	[veːɡən]		因为〈präp.〉
wegfahren	[vɛɡfaːʁən]		离开；出发；背离〈v.〉
weggehen	[vɛɡeːən]		离开〈v.〉
weggesperrt	[vɛɡəspəʁt]		被关押的；被锁起来的〈adv.〉
wegkommen	[vɛɡkɔmən]		离开；逃脱；起跑〈v.〉
weglaufen	[vɛɡlaʊfən]		逃跑〈v.〉
wegnehmen	[vɛɡneːmən]		拿；取；抓〈v.〉
wegschaffen	[vɛɡʃafən]		移动；调动；除去〈v.〉
wegtreten	[vɛɡtʁətən]		脱落；离队；争吵〈v.〉
wegwerfen	[vɛɡvəʁfən]		扔掉〈v.〉
wegziehen	[vɛɡt͡siːən]		脱身；离开〈v.〉
weh	[veː]		疼的〈adj.〉
wehe	[veːə]		当心〈adv.〉
wehtun	[veːtuːn]		疼〈v.〉
weiblich	[vaɪbliːç]		女性的；雌性的〈adj.〉
weich	[vaɪç]		软的〈adj.〉
weichen	[vaɪçən]		渐渐枯竭〈v.〉
weil	[vaɪl]		因为〈konj.〉
weinen	[vaɪnən]		哭〈v.〉
weinend	[vaɪnənt]		啜泣地；抽抽噎噎地；呜咽地〈adv.〉
weisen	[vaɪzən]		指示〈v.〉
weit	[vaɪt]		远的〈adj.〉
weiter	[vaɪtɐ]		继续〈adv.〉
weiterarbeiten	[vaɪtəʁaʁbaɪtən]		继续；延续〈v.〉
weitere	[vaɪtəʁə]		更多的〈adj.〉
weiterer	[vaɪtəʁɐ]		更远的；此外的〈adv.〉
weiterfahren	[vaɪtəʁfaːʁən]		继续开车；煽动；鼓励〈v.〉
weiterführen	[vaɪtəʁfyːʁən]		追赶；追踪；追随〈v.〉
weitergehen	[vaɪtəʁɡeːən]		继续；延续〈v.〉
weiterhin	[vaɪtəʁhiːn]		继续〈adv.〉
weiterleben	[vaɪtəʁləbən]		继续生活〈v.〉
weitermachen	[vaɪtəʁmaxən]		继续做〈v.〉
weiterreden	[vaɪtəʁədən]		去；走；达到〈v.〉
weißer	[vaɪsɐ]		啄木鸟〈adv.〉
weißes	[vaɪsəs]		海松树脂；软膏壶〈adv.〉
welch	[vɛlç]		多么（感叹）〈pron.〉
welche	[vɛlçə]		哪个〈pron.〉
welcher	[vɛlçɐ]		哪一个〈pron.〉
weltweit	[vɛltvaɪt]		全世界〈adj.〉
wen	[veːn]		谁（宾语）〈pron.〉
wenden	[vɛndən]		转向；求助〈v.〉
wenig	[veːnɪç]		少量；少许〈adj.〉
wenige	[veːnɪɡə]		少数的〈adj.〉
weniger	[veːnɪɡɐ]		更少〈adv.〉
wenigstens	[veːnɪɡstəns]		至少〈adv.〉
wenn	[vɛn]		如果；当…时〈konj.〉
wer	[veːɐ]		谁〈pron.〉
werben	[vɛʁbən]		招徕顾客〈v.〉
werden	[veːɐdən]		变得；将〈v.〉
werfen	[vɛʁfən]		扔〈v.〉
wertlos	[vɛʁtlɔs]		无价值的；无益的〈adv.〉
wertvoll	[vɛʁtfɔl]		贵重的〈adj.〉
wesentlich	[veːzəntliːç]		重要的；显著〈adj.〉
weshalb	[vɛshalp]		为什么〈adv.〉
wessen	[vɛsən]		谁的〈pron.〉
westlich	[vɛstliːç]		向西的；往西〈adv.〉
westliche	[vɛstlɪçə]		灰色；灰色的〈adv.〉
weswegen	[vɛsvəɡən]		为什么〈adv.〉
wichtig	[vɪçtɪç]		重要的〈adj.〉
wickeln	[vɪkəln]		风；气息；气味〈v.〉
wider	[viːdɐ]		反对；违背〈adv.〉
widerlich	[viːdəʁliːç]		令人厌恶的〈adj.〉
widerrufen	[viːdəʁʊfən]		取消；撤回〈v.〉
widersprechen	[viːdəʁspʁəçən]		反驳；与...抵触〈v.〉
widerstehen	[viːdəʁsteːən]		抵抗〈v.〉
wie	[viː]		怎样；多么〈adv.〉
wieder	[viːdɐ]		再次〈adv.〉
wiedergeben	[viːdəʁɡəbən]		回报；给于；付给〈v.〉
wiedergeboren	[viːdəʁɡəbɔʁən]		重生的；再生的〈v.〉
wiedergutmachen	[viːdəʁɡʊtmaxən]		赔偿；赔罪；补偿〈v.〉
wiederholen	[viːdəʁhɔlən]		重复〈v.〉
wiederholt	[viːdəʁhɔlt]		重复的；再三的；反复的〈adv.〉
wiederhören	[viːdəʁhœʁən]		再听到〈v.〉
wiederkommen	[viːdəʁkɔmən]		再来〈v.〉
wiedersehen	[viːdəʁzeːən]		再见面〈v.〉
wiener	[viːnɐ]		维也纳〈adj.〉
wieso	[viːzɔ]		为什么（口语）〈adv.〉
wieviel	[viːfiːl]		多少〈adv.〉
wild	[vɪlt]		野生的〈adj.〉
willens	[vɪləns]		乐意的；自愿的；甘愿的〈adv.〉
willkommen	[vɪlkɔmən]		欢迎〈adj.〉
winken	[vɪnkən]		波；波浪；波动〈v.〉
winters	[vɪntəʁs]		在冬季；每逢冬天〈adv.〉
winzig	[vɪnt͡sɪç]		很少的；微小的〈adj.〉
winziges	[vɪnt͡sɪɡəs]		尘埃；微粒〈adv.〉
wir	[viːɐ]		我们〈pron.〉
wirken	[vɪʁkən]		显得；起作用〈v.〉
wirklich	[vɪʁkliːç]		真的〈adv.〉
wischen	[vɪʃən]		擦拭；用力打；凸轮；擦〈v.〉
wissen	[vɪsən]		知道〈v.〉
wissenschaftlich	[vɪsənʃaftliːç]		科学的；系统的〈adj.〉
wissenschaftliche	[vɪsənʃaftlɪçə]		科学的；系统的〈adv.〉
witzig	[vɪt͡sɪç]		好笑的〈adj.〉
witzige	[vɪt͡sɪɡə]		妙语；遁辞〈adv.〉
wo	[voː]		哪里〈adv.〉
woanders	[vɔandəʁs]		在别处〈adv.〉
wobei	[voːbaɪ]		和；与〈adv.〉
wochenlang	[vɔxənlank]		永久的；永恒的〈adv.〉
wodurch	[voːdʊʁç]		如何；怎样；多少〈adv.〉
wofür	[voːfyːɐ]		为了什么〈adv.〉
woher	[voːɐ]		从哪里〈adv.〉
wohin	[voːiːn]		去哪里〈adv.〉
wohl	[voːl]		大概；健康〈adv.〉
wohlauf	[voːlaʊf]		安好的；健康的〈adv.〉
wohlhabend	[voːlhabənt]		富有的；小康的；富裕的〈adv.〉
wohnen	[voːnən]		居住〈v.〉
wollen	[vɔlən]		想要〈v.〉
womit	[voːmiːt]		用什么〈adv.〉
womöglich	[voːmœɡliːç]		可能〈adv.〉
wonach	[voːnaːx]		在什么之后〈adv.〉
woran	[voːʁaːn]		在什么上〈adv.〉
worauf	[voːʁaʊf]		指什么〈adv.〉
woraus	[voːʁaʊs]		的；属于〈adv.〉
worin	[voːʁiːn]		在其中；在那里头〈adv.〉
worum	[voːʁuːm]		关于什么〈adv.〉
worüber	[voːʁʏbɐ]		关于什么〈adv.〉
wovon	[voːfoːn]		关于什么〈adv.〉
wovor	[voːfoːɐ]		在什么前面〈adv.〉
wozu	[voːt͡sʊ]		为什么目的〈adv.〉
wund	[vʊnt]		擦伤处；半成品；生的；未加工的〈adv.〉
wunderbar	[vʊndəʁbaːɐ]		美妙的〈adj.〉
wunderschön	[vʊndəʁʃøːn]		极美的〈adj.〉
wundervoll	[vʊndəʁfɔl]		美妙的〈adj.〉
wurzeln	[vʊʁt͡səln]		根；根本；根源〈v.〉
wählen	[vɛːlən]		选择；投票〈v.〉
während	[vɛːʁənt]		在…期间〈präp.〉
währenddessen	[vɛːʁəndəsən]		其时；于此时〈v.〉
wärmen	[vɛʁmən]		加热；取暖〈v.〉
wörtlich	[vœʁtliːç]		逐字的；字面上的；文字的〈adj.〉
wünschen	[vʏnʃən]		祝愿〈v.〉
würdig	[vʏʁdɪç]		值得的〈adj.〉
würdigen	[vʏʁdɪɡən]		认为；相信〈v.〉
würfeln	[vʏʁfəln]		掷骰子〈v.〉
würgen	[vʏʁɡən]		窒息；阻塞；噎〈v.〉
wütend	[vyːtənt]		生气的〈adj.〉
wütender	[vyːtəndɐ]		更愤怒的〈adv.〉
zahlen	[t͡saːlən]		付款〈v.〉
zappeln	[t͡sapəln]		荷边装饰；挣扎〈v.〉
zart	[t͡saʁt]		细致优雅的；微妙的；美味的；柔弱的〈adv.〉
zauberhaft	[t͡saʊbəʁhaft]		令人向往地；富有魅力地〈adv.〉
zaubern	[t͡saʊbɐn]		进行；履行；完成〈v.〉
zehn	[t͡seːn]		十〈num.〉
zeichnen	[t͡saɪçnən]		绘画〈v.〉
zeigen	[t͡saɪɡən]		展示〈v.〉
zelten	[t͡sɛltən]		露营；帐篷〈v.〉
zerbrechen	[t͡sɛʁbʁəçən]		休息；中断；破裂处〈v.〉
zerbrechlich	[t͡sɛʁbʁəçliːç]		会破的；易碎的东西〈adj.〉
zerfallen	[t͡sɛʁfalən]		使衰退〈v.〉
zerlegen	[t͡sɛʁləɡən]		雕刻；切开〈v.〉
zerreißen	[t͡sɛʁaɪsən]		撕成碎片；挖开；撕掉〈v.〉
zerren	[t͡sɛʁən]		拖；拉；一拖；一拉〈v.〉
zerrissen	[t͡sɛʁɪsən]		破裂的〈v.〉
zerschlagen	[t͡sɛʁʃlaɡən]		平板；以平板盖上〈v.〉
zerstreut	[t͡sɛʁstʁɔʏt]		茫然地；精神不集中地〈adv.〉
zerstören	[t͡sɛʁstœʁən]		摧毁〈v.〉
ziehen	[t͡siːən]		拉；搬〈v.〉
zielen	[t͡siːlən]		瞄准〈v.〉
ziemlich	[t͡siːmliːç]		相当〈adv.〉
zimmern	[t͡sɪmɐn]		做；进行；完成〈v.〉
zivilisiert	[t͡siːfɪlɪziːʁt]		文明的；有礼的〈adj.〉
zu	[t͡sʊ]		到；向；太〈präp.〉
zubereiten	[t͡suːbəʁaɪtən]		准备；筹备；使在思想上有准备〈v.〉
zueinander	[t͡sʊaɪnandɐ]		彼此相对〈adv.〉
zuerst	[t͡sʊəʁst]		首先〈adv.〉
zufolge	[t͡suːfɔlɡə]		根据〈präp.〉
zufrieden	[t͡sʊfʁiːdən]		满意的〈adj.〉
zufällig	[t͡suːfɛlɪç]		偶然〈adv.〉
zugeben	[t͡suːɡəbən]		承认〈v.〉
zugelassen	[t͡suːɡəlasən]		被承认了的；公认的〈adj.〉
zugleich	[t͡sʊɡlaɪç]		同时；但是〈adv.〉
zugrunde	[t͡sʊɡʁʊndə]		毁灭；丧生；凋谢〈adv.〉
zugänglich	[t͡suːɡɛnɡliːç]		易接近的；可进入的；可使用的〈adj.〉
zuhause	[t͡suːaʊzə]		在家〈adv.〉
zuhören	[t͡suːœʁən]		倾听〈v.〉
zulassen	[t͡suːlasən]		允许；容许〈v.〉
zuletzt	[t͡suːlət͡st]		最后〈adv.〉
zum	[t͡sʊm]		到…（zu dem 缩合）〈präp.〉
zumal	[t͡suːmaːl]		尤其；特别；格外〈adv.〉
zumindest	[t͡suːmɪndəst]		至少〈adv.〉
zunächst	[t͡suːnɛkst]		首先〈adv.〉
zur	[t͡suːɐ]		到…（zu der 缩合）〈präp.〉
zurecht	[t͡suːʁəçt]		公正地；正当地〈adv.〉
zurechtkommen	[t͡suːʁəçtkɔmən]		竞争；应付；长袍〈v.〉
zurzeit	[t͡sʊʁt͡saɪt]		目前〈adv.〉
zurück	[t͡suːʁʏk]		回；返回〈adv.〉
zurückbekommen	[t͡suːʁʏkbəkɔmən]		开垦；改造；感化〈v.〉
zurückbleiben	[t͡suːʁʏkblaɪbən]		落后；囚犯；迟延〈v.〉
zurückbringen	[t͡suːʁʏkbʁɪnɡən]		送回〈v.〉
zurückfahren	[t͡suːʁʏkfaːʁən]		驾车；快车道；推进力〈v.〉
zurückgeben	[t͡suːʁʏkɡəbən]		归还〈v.〉
zurückgeblieben	[t͡suːʁʏkɡəbliːbən]		向后地；相反的；倒推〈adj.〉
zurückgehen	[t͡suːʁʏkɡeːən]		返回；追溯〈v.〉
zurückgewinnen	[t͡suːʁʏkɡəvɪnən]		回来；恢复；送回〈v.〉
zurückgezogen	[t͡suːʁʏkɡət͡sɔɡən]		隐退的；隐蔽的〈adj.〉
zurückhaltend	[t͡suːʁʏkhaltənt]		不露声色的；矜持寡言的〈adv.〉
zurückholen	[t͡suːʁʏkhɔlən]		取回〈v.〉
zurückkehren	[t͡suːʁʏkkeːʁən]		返回〈v.〉
zurückkommen	[t͡suːʁʏkkɔmən]		回来〈v.〉
zurücklassen	[t͡suːʁʏklasən]		留下〈v.〉
zurücknehmen	[t͡suːʁʏkneːmən]		送还；撤消；撤回；重新获得〈v.〉
zurückschlagen	[t͡suːʁʏkʃlaɡən]		向后折；倒折〈v.〉
zurücktreten	[t͡suːʁʏktʁətən]		辞职；放弃〈v.〉
zurückverfolgen	[t͡suːʁʏkfəʁfɔlɡən]		返回；退走；撤退〈v.〉
zurückzahlen	[t͡suːʁʏkt͡saːlən]		偿还；报答；报复〈v.〉
zurückziehen	[t͡suːʁʏkt͡siːən]		撤退；退出〈v.〉
zusagen	[t͡suːzaɡən]		接受；承认；同意〈v.〉
zusammen	[t͡suːzamən]		一起〈adv.〉
zusammenarbeiten	[t͡suːzamənaʁbaɪtən]		合作〈v.〉
zusammenbleiben	[t͡suːzamənblaɪbən]		在一起〈v.〉
zusammenbrechen	[t͡suːzamənbʁəçən]		毁掉；制服；压倒〈v.〉
zusammenbringen	[t͡suːzamənbʁɪnɡən]		使相合；使相识；使坐在一起〈v.〉
zusammengestellt	[t͡suːzamənɡəstəlt]		集合〈adv.〉
zusammenhalten	[t͡suːzamənhaltən]		团结友爱；互相支持〈v.〉
zusammenkommen	[t͡suːzamənkɔmən]		聚集；收集；积累〈v.〉
zusammenziehen	[t͡suːzamənt͡siːən]		齐心协力〈v.〉
zuschauen	[t͡sʊʃaʊən]		观看；旁观；看待〈v.〉
zuschlagen	[t͡sʊʃlaɡən]		猛击〈v.〉
zusehen	[t͡suːzeːən]		观看〈v.〉
zustande	[t͡sʊstandə]		发生；改变方向〈adv.〉
zustimmen	[t͡sʊstɪmən]		同意〈v.〉
zuständig	[t͡sʊstɛndɪç]		负责的〈adj.〉
zusätzlich	[t͡suːzɛt͡sliːç]		附加的；另外的；额外的；加添的〈adj.〉
zusätzliche	[t͡suːzɛt͡slɪçə]		首都；大写字母；资本；首都的〈adv.〉
zutiefst	[t͡suːtiːfst]		深深地；深切地〈adv.〉
zuverlässig	[t͡suːfəʁlɛsɪç]		有责任的；负责的〈adj.〉
zuversichtlich	[t͡suːfəʁzɪçtliːç]		自信地；安心地〈adj.〉
zuviel	[t͡suːfiːl]		太多〈adv.〉
zuvor	[t͡suːfoːɐ]		之前〈adv.〉
zwangsläufig	[t͡svanɡslɔʏfɪç]		必然地；只得〈adj.〉
zwanzig	[t͡svant͡sɪç]		二十〈num.〉
zwar	[t͡svaːɐ]		虽然；确实〈adv.〉
zwecklos	[t͡svɛklɔs]		无目的的；无意义的〈adv.〉
zwei	[t͡svaɪ]		二；两〈num.〉
zweifellos	[t͡svaɪfəlɔs]		毫无疑问〈adv.〉
zweifeln	[t͡svaɪfəln]		怀疑；疑惑；不信〈v.〉
zweimal	[t͡svaɪmaːl]		两次〈adv.〉
zweite	[t͡svaɪtə]		第二的〈adj.〉
zweitens	[t͡svaɪtəns]		第二〈adv.〉
zwingen	[t͡svɪnɡən]		强迫〈v.〉
zwischen	[t͡svɪʃən]		在…之间〈präp.〉
zwölf	[t͡svœlf]		十二〈num.〉
zynisch	[t͡sʏnɪʃ]		愤世嫉俗的；讽刺的；冷嘲的〈adj.〉
zählen	[t͡sɛːlən]		数；算数〈v.〉
zärtlich	[t͡sɛʁtliːç]		嫩的；柔软的；脆弱的〈adj.〉
züchten	[t͡sʏçtən]		种类；品种；养育；引起〈v.〉
Ägypten	[ɛːɡʏptən]		埃及〈n.〉
Ähnlichkeit	[ɛːnlɪçkaɪt]		相似处；类似；肖像〈n.f.〉
Änderung	[ɛndəʁʊnk]		变更；改动〈n.f.〉
Änderungen	[ɛndəʁʊnɡən]		更改（Änderung 的复数）〈n.〉
Ärger	[ɛʁɡɐ]		麻烦〈n.m.〉
Ärmel	[ɛʁməl]		袖子〈n.m.〉
Ärztin	[ɛʁt͡stiːn]		女医生〈n.f.〉
Äußere	[ɔʏsəʁə]		外表；外貌；外部〈n.〉
Öde	[øːdə]		荒原；荒凉；单调乏味〈n.f.〉
Öffentlichkeit	[œfəntlɪçkaɪt]		公众〈n.f.〉
Öffnung	[œfnʊnk]		孔口；口；管口〈n.f.〉
Öl	[øːl]		油〈n.〉
Österreich	[œstəʁaɪç]		奥地利〈n.〉
Übelkeit	[yːbəlkaɪt]		反胃；晕船；恶心〈n.f.〉
Überblick	[yːbəʁblɪk]		概述；概观；总的看法〈n.m.〉
Überdenken	[yːbəʁdənkən]		再考虑；再审查；再议〈n.〉
Überdosis	[yːbəʁdɔzɪs]		使过分沉溺〈n.f.〉
Übereinstimmung	[yːbəʁaɪnstɪmʊnk]		遵照；适合；一致〈n.f.〉
Überfall	[yːbəʁfal]		袭击〈n.m.〉
Übergabe	[yːbəʁɡabə]		递送；交付；分娩〈n.f.〉
Übergang	[yːbəʁɡank]		转变；转换；变迁〈n.m.〉
Überholen	[yːbəʁhɔlən]		追上；赶上；超过〈n.〉
Überlaufen	[yːbəʁlaʊfən]		背叛；缺乏；毛病；缺点〈n.〉
Überlegung	[yːbəʁləɡʊnk]		考虑；原因；思考〈n.f.〉
Überlisten	[yːbəʁlɪstən]		周期；循环；自行车〈n.〉
Übernahme	[yːbəʁnaːmə]		接管；接收〈n.f.〉
Überprüfung	[yːbəʁpʁʏfʊnk]		检验；检查；视察〈n.f.〉
Überraschung	[yːbəʁaʃʊnk]		惊讶；惊喜〈n.f.〉
Übersee	[yːbəʁzeː]		海外；海外地区〈n.〉
Übersetzung	[yːbəʁzət͡sʊnk]		翻译〈n.f.〉
Überstunden	[yːbəʁstʊndən]		超时；加班〈n.〉
Übertragung	[yːbəʁtʁaɡʊnk]		迁移；移动；传递〈n.f.〉
Überwachung	[yːbəʁvaxʊnk]		监视〈n.f.〉
Überwachungskamera	[yːbəʁvaxʊnɡskaməʁa]		安全；安全性；防护物〈n.f.〉
Überweisung	[yːbəʁvaɪzʊnk]		参照；介绍；被介绍人〈n.f.〉
Überzeugung	[yːbəʁt͡sɔʏɡʊnk]		定罪；信服；坚信〈n.f.〉
Übung	[yːbʊnk]		练习〈n.f.〉
ächzen	[ɛçt͡sən]		呻吟〈v.〉
ähnlich	[ɛːnliːç]		相似的〈adj.〉
älter	[ɛltɐ]		更老的〈adj.〉
ändern	[ɛndɐn]		改变〈v.〉
ängstlich	[ɛnɡstliːç]		胆怯的〈adj.〉
ärgerlich	[ɛʁɡəʁliːç]		生气的；愤怒的〈adj.〉
ärgern	[ɛʁɡɐn]		生气〈v.〉
ärztliche	[ɛʁt͡stlɪçə]		医生的；医疗的〈adv.〉
ätzend	[ɛt͡sənt]		腐蚀的；腐蚀性的〈adv.〉
äußerst	[ɔʏsəʁst]		极其〈adv.〉
öffentlich	[œfəntliːç]		公开的〈adj.〉
öffentlicher	[œfəntlɪçɐ]		公众；民众；公众的；公共的〈adv.〉
öffnen	[œfnən]		打开〈v.〉
öfter	[œftɐ]		更经常〈adv.〉
örtliche	[œʁtlɪçə]		地方性的；当地的；局部的〈adv.〉
östlich	[œstliːç]		往东的；向东旅行的〈adj.〉
übel	[yːbəl]		恶劣的；不舒服〈adj.〉
üben	[yːbən]		练习〈v.〉
über	[yːbɐ]		在…上方；关于〈präp.〉
überall	[yːbəʁal]		到处〈adv.〉
überallhin	[yːbəʁalhiːn]		全部结束；到处；浑身〈adv.〉
überaus	[yːbəʁaʊs]		极其〈adv.〉
überein	[yːbəʁaɪn]		一致〈adv.〉
überfahren	[yːbəʁfaːʁən]		碾过〈v.〉
überfallen	[yːbəʁfalən]		袭击〈v.〉
überflüssig	[yːbəʁflʏsɪç]		多余的；过剩的〈adj.〉
überfordert	[yːbəʁfɔʁdəʁt]		不堪重负的；超负荷的〈adv.〉
überfällig	[yːbəʁfɛlɪç]		过期的；未兑的；迟到的〈adj.〉
überführt	[yːbəʁfyːʁt]		站立；站住；停顿〈adv.〉
übergeben	[yːbəʁɡəbən]		递交〈v.〉
übergehen	[yːbəʁɡeːən]		等级；年级；阶段〈v.〉
überglücklich	[yːbəʁɡlʏkliːç]		快乐的；幸福的；愉快的〈adj.〉
überhaupt	[yːbəʁhaʊpt]		究竟；根本〈adv.〉
überlassen	[yːbəʁlasən]		让给；听任〈v.〉
überleben	[yːbəʁləbən]		幸存〈v.〉
überlegen	[yːbəʁləɡən]		考虑；优越〈v.〉
übermorgen	[yːbəʁmɔʁɡən]		后天〈adv.〉
übernachten	[yːbəʁnaxtən]		过夜〈v.〉
übernehmen	[yːbəʁneːmən]		接管〈v.〉
überprüfen	[yːbəʁpʁʏfən]		检查〈v.〉
überqueren	[yːbəʁkvəʁən]		十字架；十字架形物件；交叉〈v.〉
überraschen	[yːbəʁaʃən]		使惊讶〈v.〉
überraschend	[yːbəʁaʃənt]		惊人的〈adj.〉
überrascht	[yːbəʁaʃt]		惊讶的〈adj.〉
überreden	[yːbəʁədən]		说服〈v.〉
überschreiten	[yːbəʁʃʁaɪtən]		超过；逃脱〈v.〉
übersehen	[yːbəʁzeːən]		忽视；看漏〈v.〉
übersetzen	[yːbəʁzət͡sən]		翻译〈v.〉
überspringen	[yːbəʁspʁɪnɡən]		跳过〈v.〉
überstehen	[yːbəʁsteːən]		经受住〈v.〉
überstürzen	[yːbəʁstʏʁt͡sən]		匆忙；急忙；急促；急派〈v.〉
überstürzt	[yːbəʁstʏʁt͡st]		匆忙的；仓促的；草率的〈adv.〉
übertragen	[yːbəʁtʁaɡən]		转播；传输〈v.〉
übertreffen	[yːbəʁtʁəfən]		打败；胜过〈v.〉
übertreiben	[yːbəʁtʁaɪbən]		夸张〈v.〉
übertrieben	[yːbəʁtʁiːbən]		夸张地〈adv.〉
übertroffen	[yːbəʁtʁɔfən]		胜过；优于〈adj.〉
überwachen	[yːbəʁvaxən]		监视〈v.〉
überwinden	[yːbəʁvɪndən]		克服〈v.〉
überwältigen	[yːbəʁvɛltɪɡən]		战胜；克服；胜过；得胜〈v.〉
überwältigend	[yːbəʁvɛltɪɡənt]		引起幻觉的；使兴奋的〈adv.〉
überwältigt	[yːbəʁvɛltɪɡt]		淹没；压倒；覆盖〈adj.〉
überzeugen	[yːbəʁt͡sɔʏɡən]		使信服〈v.〉
überzeugend	[yːbəʁt͡sɔʏɡənt]		有说服力的〈adj.〉
überzogen	[yːbəʁt͡sɔɡən]		过分劳累的；过度紧张的；神经质的〈v.〉
üble	[ʏblə]		态度；看法；姿势；体态〈adv.〉
übler	[ʏblɐ]		更糟的；更恶劣的〈adv.〉
übles	[ʏbləs]		邪恶；不幸；罪恶；邪恶的〈adv.〉
üblich	[ʏbliːç]		惯常的〈adj.〉
übliche	[ʏblɪçə]		常见的；惯例的；通常的〈adv.〉
üblicherweise	[ʏblɪçəʁvaɪzə]		过去经常...；过去有规律地发生〈adv.〉
übrig	[ʏbʁɪç]		剩余的〈adj.〉
übrigens	[ʏbʁɪɡəns]		顺便说〈adv.〉
