أَنَا			[’anā] 我〈代〉
أَنْتَ			[’anta] 你（男性单数）〈代〉
هُوَ			[huwa] 他〈代〉
هِيَ			[hiya] 她〈代〉
نَحْنُ			[naḥnu] 我们〈代〉
أَنْتُمْ			[’antum] 你们（男性/复数）〈代〉
هُمْ			[hum] 他们〈代〉
هَذَا			[hādhā] 这个（阳性）〈代〉
هَذِهِ			[hādhihi] 这个（阴性/非理智复数）〈代〉
ذَلِكَ			[dhālika] 那个（阳性）〈代〉
تِلْكَ			[tilka] 那个（阴性）〈代〉
هُنَا			[hunā] 这里〈副〉
هُنَاكَ			[hunāka] 那里；有，存在〈副〉
كِتَابٌ			[kitāb] 书，书籍〈名〉
قَلَمٌ			[qalam] 笔〈名〉
مَدْرَسَةٌ			[madrasah] 学校〈名〉
جَامِعَةٌ			[jāmi‘ah] 大学〈名〉
أُسْتَاذٌ			[’ustādh] 教授，老师，先生〈名〉
طَالِبٌ			[ṭālib] 学生（男）〈名〉
طَالِبَةٌ			[ṭālibah] 学生（女）〈名〉
بَيْتٌ			[bayt] 房屋，家〈名〉
غُرْفَةٌ			[ghurfah] 房间〈名〉
بَابٌ			[bāb] 门〈名〉
نَافِذَةٌ			[nāfidhah] 窗户〈名〉
مَاءٌ			[mā’] 水〈名〉
طَعَامٌ			[ṭa‘ām] 食物〈名〉
شَايٌ			[shāy] 茶〈名〉
قَهْوَةٌ			[qahwah] 咖啡〈名〉
خُبْزٌ			[khubz] 面包〈名〉
يَوْمٌ			[yawm] 天，日子〈名〉
أُسْبُوعٌ			[’usbū‘] 周，星期〈名〉
شَهْرٌ			[shahr] 月，月份〈名〉
سَنَةٌ			[sanah] 年，岁〈名〉
صَبَاحٌ			[ṣabāḥ] 早晨，上午〈名〉
مَسَاءٌ			[masā’] 傍晚，晚上〈名〉
وَقْتٌ			[waqt] 时间〈名〉
سَاعَةٌ			[sā‘ah] 小时；钟表〈名〉
أَبٌ			[’ab] 父亲〈名〉
أُمٌّ			[’umm] 母亲〈名〉
أَخٌ			[’akh] 兄弟，哥哥，弟弟〈名〉
أُخْتٌ			[’ukht] 姐妹，姐姐，妹妹〈名〉
وَلَدٌ			[walad] 男孩，孩子〈名〉
بِنْتٌ			[bint] 女孩，女儿〈名〉
رَجُلٌ			[rajul] 男人，成年男子〈名〉
امْرَأَةٌ			[imra’ah] 女人，妇女〈名〉
صَدِيقٌ			[ṣadīq] 朋友〈名〉
مَدِينَةٌ			[madīnah] 城市〈名〉
بَلَدٌ			[balad] 国家，城镇〈名〉
شَارِعٌ			[shāri‘] 街道，马路〈名〉
سَيَّارَةٌ			[sayyārah] 汽车〈名〉
طَائِرَةٌ			[ṭā’irah] 飞机〈名〉
قِطَارٌ			[qiṭār] 火车〈名〉
قَرَأَ			[qara’a] 阅读，朗读〈动〉
كَتَبَ			[kataba] 书写，写作〈动〉
ذَهَبَ			[dhahaba] 去，前往〈动〉
جَاءَ			[jā’a] 来，到达〈动〉
رَأَى			[ra’ā] 看见，认为〈动〉
سَمِعَ			[sami‘a] 听见，听〈动〉
تَكَلَّمَ			[takallama] 说话，讲（某语言）〈动〉
أَكَلَ			[’akala] 吃〈动〉
شَرِبَ			[shariba] 喝〈动〉
نَامَ			[nāma] 睡觉〈动〉
اسْتَيْقَظَ			[istayqaẓa] 醒来，起床〈动〉
عَمِلَ			[‘amila] 工作，做〈动〉
فَهِمَ			[fahima] 理解，明白〈动〉
عَرَفَ			[‘arafa] 知道，认识〈动〉
قَالَ			[qāla] 说〈动〉
فَعَلَ			[fa‘ala] 做，行动〈动〉
سَأَلَ			[sa’ala] 询问，提问〈动〉
أَجَابَ			[’ajāba] 回答〈动〉
أَحَبَّ			[’aḥabba] 喜爱，爱〈动〉
وَجَدَ			[wajada] 找到，发现〈动〉
كَبِيرٌ			[kabīr] 大的，重要的〈形〉
صَغِيرٌ			[ṣaghīr] 小的，年幼的〈形〉
جَدِيدٌ			[jadīd] 新的〈形〉
قَدِيمٌ			[qadīm] 旧的，古老的〈形〉
جَمِيلٌ			[jamīl] 美丽的，好的〈形〉
سَرِيعٌ			[sarī‘] 快的，迅速的〈形〉
بَطِيءٌ			[baṭī’] 慢的，迟缓的〈形〉
صَعْبٌ			[ṣa‘b] 困难的，艰巨的〈形〉
سَهْلٌ			[sahl] 容易的，平坦的〈形〉
قَرِيبٌ			[qarīb] 近的，亲近的〈形〉
بَعِيدٌ			[ba‘īd] 远的〈形〉
كَثِيرٌ			[kathīr] 多的，许多的〈形〉
قَلِيلٌ			[qalīl] 少的，少量的〈形〉
حَارٌّ			[ḥārr] 热的，炎热的〈形〉
بَارِدٌ			[bārid] 冷的，寒冷的〈形〉
طَوِيلٌ			[ṭawīl] 长的，高大的〈形〉
قَصِيرٌ			[qaṣīr] 短的，矮的〈形〉
فِي			[fī] 在……里，在……中〈介〉
مِنْ			[min] 从，来自；由……构成〈介〉
إِلَى			[’ilā] 向，到，至〈介〉
عَلَى			[‘alā] 在……之上，按照〈介〉
عَنْ			[‘an] 关于，离开，代表〈介〉
مَعَ			[ma‘a] 同，和，与〈介〉
بَيْنَ			[bayna] 在……之间〈介〉
قَبْلَ			[qabla] 在……之前〈介〉
بَعْدَ			[ba‘da] 在……之后〈介〉
تَحْتَ			[taḥta] 在……之下〈介〉
فَوْقَ			[fawqa] 在……上方〈介〉
وَ			[wa] 和，与，并且〈连〉
أَوْ			[’aw] 或者〈连〉
ثُمَّ			[thumma] 然后，接着〈连〉
لَكِنَّ			[lākinna] 但是，然而〈连〉
لِأَنَّ			[li’anna] 因为〈连〉
نَعَمْ			[na‘am] 是的，对〈助〉
لَا			[lā] 不，不是，没有〈助〉
اقْتِصَادٌ			[iqtiṣād] 经济，节约〈名〉
حُكُومَةٌ			[ḥukūmah] 政府，内阁〈名〉
مُجْتَمَعٌ			[mujtama‘] 社会〈名〉
ثَقَافَةٌ			[thaqāfah] 文化，教养〈名〉
تَعْلِيمٌ			[ta‘līm] 教育，教学〈名〉
صِنَاعَةٌ			[ṣinā‘ah] 工业，制造业〈名〉
زِرَاعَةٌ			[zirā‘ah] 农业，种植业〈名〉
تِجَارَةٌ			[tijārah] 贸易，商业〈名〉
سِيَاسَةٌ			[siyāsah] 政治，政策〈名〉
قَانُونٌ			[qānūn] 法律，法则〈名〉
عَلَاقَةٌ			[‘alāqah] 关系，联系〈名〉
مَشْرُوعٌ			[mashrū‘] 项目，工程；合法的〈名〉
فُرْصَةٌ			[furṣah] 机会，机遇〈名〉
مُؤْتَمَرٌ			[mu’tamar] 会议，大会〈名〉
اتِّفَاقِيَّةٌ			[ittifāqiyyah] 条约，协定〈名〉
مَسْؤُولِيَّةٌ			[mas’ūliyyah] 责任，职责〈名〉
تَطْوِيرٌ			[taṭwīr] 发展，开发，改良〈名〉
تَغْيِيرٌ			[taghyīr] 改变，变革〈名〉
نَجَاحٌ			[najāḥ] 成功，胜利〈名〉
تَحَدٍّ			[taḥaddin] 挑战〈名〉
مَنْهَجٌ			[manhaj] 方法，方针，课程大纲〈名〉
مُسْتَوًى			[mustawan] 水平，层次〈名〉
دَوْرٌ			[dawr] 角色，作用，轮次〈名〉
شَرِكَةٌ			[sharikah] 公司，企业〈名〉
عَمَلِيَّةٌ			[‘amaliyyah] 过程，操作；手术〈名〉
سَاعَدَ			[sā‘ada] 帮助，协助（Form III）〈动〉
حَاوَلَ			[ḥāwala] 尝试，企图（Form III）〈动〉
شَارَكَ			[shāraka] 参与，分享（Form III）〈动〉
وَافَقَ			[wāfaqa] 同意，赞同（Form III）〈动〉
أَرْسَلَ			[’arsala] 派遣，发送（Form IV）〈动〉
أَعْلَنَ			[’a‘lana] 宣布，公布（Form IV）〈动〉
أَصْبَحَ			[’aṣbaḥa] 变得，成为（Form IV）〈动〉
تَعَلَّمَ			[ta‘allama] 学习，求知（Form V）〈动〉
تَغَيَّرَ			[taghayyara] 改变，变动（Form V）〈动〉
تَقَدَّمَ			[taqaddama] 前进，进步（Form V）〈动〉
تَعَاوَنَ			[ta‘āwana] 协作，互相合作（Form VI）〈动〉
تَنَاوَلَ			[tanāwala] 探讨；吃喝（Form VI）〈动〉
انْطَلَقَ			[inṭalaqa] 出发，启航，展开（Form VII）〈动〉
اجْتَمَعَ			[ijtama‘a] 集合，开会（Form VIII）〈动〉
احْتَرَمَ			[iḥtarama] 尊敬，尊重（Form VIII）〈动〉
اسْتَخْدَمَ			[istakhdama] 使用，利用（Form X）〈动〉
اسْتَفَادَ			[istafāda] 获益，利用（Form X）〈动〉
اسْتَمَرَّ			[istamarra] 继续，持续（Form X）〈动〉
سِيَادَةٌ			[siyādah] 主权，统治权〈名〉
اسْتِرَاتِيجِيَّةٌ			[istrātījiyyah] 战略，策略〈名〉
تَضَامُنٌ			[taḍāmun] 声援，团结互助〈名〉
شَفَافِيَّةٌ			[shaffāfiyyah] 透明度〈名〉
اسْتِدَامَةٌ			[istidāmah] 可持续性〈名〉
ازْدِهَارٌ			[izdihār] 繁荣，昌盛〈名〉
تَوَافُقٌ			[tawāfuq] 共识，契合，一致〈名〉
نُفُوذٌ			[nufūdh] 影响力，势力〈名〉
هَيْمَنَةٌ			[haymanah] 霸权，支配，控制〈名〉
تَكَتُّلٌ			[takattul] 集团，同盟，集团化〈名〉
تَسْوِيَةٌ			[taswiyah] 调解，解决，和解〈名〉
مُرُونَةٌ			[murūnah] 弹性，灵活性〈名〉
جَدْوَى			[jadwā] 可行性，益处，收益〈名〉
حَافِزٌ			[ḥāfiz] 诱因，动机，刺激因素〈名〉
تَكْرِيسٌ			[takrīs] 确立，巩固，神圣化〈名〉
مُعْضِلَةٌ			[mu‘ḍilah] 困境，两难难题〈名〉
انْدِمَاجٌ			[indimāj] 融合，一体化〈名〉
جَوْهَرِيٌّ			[jawhariyy] 本质的，实质性的〈形〉
شَامِلٌ			[shāmil] 全面的，包罗万象的〈形〉
مِحْوَرِيٌّ			[miḥwariyy] 关键的，枢纽的，核心的〈形〉
بَرْمَجَةٌ			[barmajah] 编程，程序设计〈名〉
خَوَارِزْمِيَّةٌ			[khawārizmiyyah] 算法（源自数学家花拉子米）〈名〉
ذَكَاءٌ اصْطِنَاعِيٌّ			[dhakā’ iṣṭinā‘iyy] 人工智能 (AI)〈名〉
قَاعِدَةُ بَيَانَاتٍ			[qā‘idat bayānāt] 数据库〈名〉
شَبَكَةٌ			[shabakah] 网络〈名〉
خَادِمٌ			[khādim] 服务器 (Server)〈名〉
أَمْنٌ سِيبِرَانِيٌّ			[’amn sībīrāniyy] 网络安全 (Cybersecurity)〈名〉
تَشْفِيرٌ			[tashfīr] 加密 (Encryption)〈名〉
حَوْسَبَةٌ سَحَابِيَّةٌ			[ḥawsabah saḥābiyyah] 云计算 (Cloud Computing)〈名〉
مُعَالَجَةُ اللُّغَاتِ الطَّبِيعِيَّةِ			[mu‘ālajat al-lughāt] 自然语言处理 (NLP)〈名〉
نِظَامُ تَشْغِيلٍ			[niẓām tashghīl] 操作系统 (OS)〈名〉
مَفْتُوحُ المَصْدَرِ			[maftūḥ al-maṣdar] 开源的 (Open Source)〈形〉
وَاجِهَةُ بَرْمَجَةِ التَّطْبِيقَاتِ			[wājihah barmajat al-tatbīqāt] 应用程序编程接口 (API)〈名〉
تَعَلُّمُ الآلَةِ			[ta‘allum al-’ālah] 机器学习 (Machine Learning)〈名〉
بَيَانَاتٌ ضَخْمَةٌ			[bayānāt ḍakhmah] 大数据 (Big Data)〈名〉
تَطْبِيقٌ			[taṭbīq] 应用，软件 App〈名〉
مُطَوِّرٌ			[muṭawwir] 开发者，开发工程师〈名〉
شَفْرَةٌ بَرْمَجِيَّةٌ			[shafrah barmajiyyah] 代码，源码〈名〉
مُتَصَفِّحٌ			[mutaṣaffiḥ] 浏览器〈名〉
تَخْزِينٌ			[takhzīn] 存储，储存〈名〉
تَضَخُّمٌ			[taḍakhkhum] 通货膨胀〈名〉
سِعْرُ الفَائِدَةِ			[si‘r al-fā’idah] 利率〈名〉
عَجْزُ المِيزَانِيَّةِ			[‘ajz al-mīzāniyyah] 预算赤字〈名〉
اسْتِثْمَارٌ			[istithmār] 投资，资本投入〈名〉
سُوقُ الأَسْهُمِ			[sūq al-’ashum] 股票市场，股市〈名〉
سَنَدَاتٌ			[sanadāt] 债券〈名〉
سُيُولَةٌ نَقْدِيَّةٌ			[suyūlah naqdiyyah] 现金流动性〈名〉
صَادِرَاتٌ			[ṣādirāt] 出口产品，出口额〈名〉
وَارِدَاتٌ			[wāridāt] 进口产品，进口额〈名〉
عَقْدٌ			[‘aqd] 合同，契约〈名〉
إِفْلَاسٌ			[’iflās] 破产〈名〉
حِصَّةٌ سُوقِيَّةٌ			[ḥiṣṣah sūqiyyah] 市场份额〈名〉
أَرْبَاحٌ			[’arbāḥ] 利润，收益〈名〉
خَسَائِرٌ			[khasā’ir] 亏损，损失〈名〉
انْدِمَاجٌ وَاسْتِحْوَاذٌ			[indimāj wa-stiḥwādh] 并购 (M&A)〈名〉
مَصْرِفٌ مَرْكَزِيٌّ			[maṣrif markaziyy] 中央银行〈名〉
ضَرِيبَةُ القِيمَةِ المُضَافَةِ			[ḍarībatu l-qīmati l-muḍāfati] 增值税 (VAT)〈名〉
تَأْمِينٌ			[ta’mīn] 保险〈名〉
عَوْلَمَةٌ			[‘awlamah] 全球化〈名〉
رَأْسُمَالٌ			[ra’sumāl] 资本，资产〈名〉
سَفَارَةٌ			[safārah] 大使馆〈名〉
سَفِيرٌ			[safīr] 大使〈名〉
قِمَّةٌ			[qimmah] 峰会，首脑会议〈名〉
مُعَاهَدَةٌ			[mu‘āhadah] 公约，条约〈名〉
عُقُوبَاتٌ دَوْلِيَّةٌ			[‘uqūbāt dawliyya] 国际制裁〈名〉
بَرَاعَةٌ دِبْلُومَاسِيَّةٌ			[barā‘ah diblūmāsiyyah] 外交智慧与技巧〈名〉
وَقْفُ إِطْلَاقِ النَّارِ			[waqf ’iṭlāq an-nār] 停火，停战〈名〉
قَرَارُ مَجْلِسِ الأَمْنِ			[qarāru majlisi al-’amni] 安理会决议〈名〉
حِصَانَةٌ دِبْلُومَاسِيَّةٌ			[ḥiṣānah dīblūmāsiyyah] 外交豁免权〈名〉
حُسْنُ الجِوَارِ			[ḥusn al-jiwār] 睦邻友好〈名〉
عُضْوِيَّةٌ			[‘uḍwiyyah] 会员资格，席位〈名〉
بَيَانٌ خِتَامِيٌّ			[bayān khitāmiyy] 闭幕公报，联合声明〈名〉
وَسَاطَةٌ			[wasāṭah] 斡旋，居中调停〈名〉
اسْتِفْتَاءٌ شَعْبِيٌّ			[istiftā’ sha‘biyy] 全民公投〈名〉
حُقُوقُ الإِنْسَانِ			[ḥuqūq al-’insān] 人权〈名〉
تَشْخِيصٌ			[tashkhīṣ] 诊断〈名〉
عِلَاجٌ			[‘ilāj] 治疗，疗法〈名〉
جِرَاحَةٌ			[jirāḥah] 外科，外科学〈名〉
لِقَاحٌ			[liqāḥ] 疫苗〈名〉
مَنَاعَةٌ			[manā‘ah] 免疫力，免疫系统〈名〉
وَبَاءٌ			[wabā’] 流行病，瘟疫〈名〉
أَعْرَاضٌ			[’a‘rāḍ] 症状〈名〉
مُضَادٌّ حَيَوِيٌّ			[muḍādd ḥayawiyy] 抗生素〈名〉
وَصْفَةٌ طِبِّيَّةٌ			[waṣfah ṭibbiyyah] 处方〈名〉
ضَغْطُ الدَّمِ			[ḍaghṭ ad-dam] 血压〈名〉
السُّكَّرِيُّ			[as-sukkariyy] 糖尿病〈名〉
عِنَايَةٌ مُرَكَّزَةٌ			[‘ināyah murakkazah] 重症监护 (ICU)〈名〉
فَحْصٌ شُعَاعِيٌّ			[faḥṣ shu‘ā‘iyy] 放射检查，X光/CT检查〈名〉
عَدْوَى			[‘adwā] 感染，传染〈名〉
تَأْهِيلٌ طِبِّيٌّ			[ta’hīl ṭibbiyy] 康复医疗〈名〉
دُسْتُورٌ			[dustūr] 宪法〈名〉
مَحْكَمَةٌ			[maḥkamah] 法院，法庭〈名〉
قَاضٍ			[qāḍin] 法官〈名〉
مُحَامٍ			[muḥāmin] 律师，辩护人〈名〉
دَعْوَى قَضَائِيَّةٌ			[da‘wā qaḍā’iyyah] 诉讼，官司〈名〉
بَرَاءَةٌ			[barā’ah] 无罪释放，清白〈名〉
تَعْوِيضٌ			[ta‘wīḍ] 赔偿，赔偿金〈名〉
مِلْكِيَّةٌ فِكْرِيَّةٌ			[milkiyyah fikriyyah] 知识产权〈名〉
تَحْكِيمٌ تِجَارِيٌّ			[taḥkīm tijāriyy] 商事仲裁〈名〉
شَاهِدٌ			[shāhid] 证人〈名〉
جِنَايَةٌ			[jināyah] 重罪〈名〉
اسْتِئْنَافٌ			[isti’nāf] 上诉〈名〉
نَافِذُ المَفْعُولِ			[nāfidh al-maf‘ūl] 生效的，有法律效力的〈形〉
بُطْلَانٌ			[buṭlān] 无效，废止〈名〉
قُوَّةٌ قَاهِرَةٌ			[quwwah qāhirah] 不可抗力〈名〉
الصَّبْرُ مِفْتَاحُ الفَرَجِ			[aṣ-ṣabru miftāḥu al-faraj] 忍耐是胜利之匙（苦尽甘来）〈成语〉
الوَقْتُ كَالسَّيْفِ			[al-waqtu ka-s-sayf] 光阴似剑（一寸光阴一寸金）〈格言〉
طَلَبُ العِلْمِ مِنَ المَهْدِ إِلَى اللَّحْدِ			[ṭalabu al-‘ilm] 活到老学到老（从摇篮求知到坟墓）〈格言〉
رُبَّ ضَارَّةٍ نَافِعَةٌ			[rubba ḍārratin nāfi‘ah] 塞翁失马，焉知非福〈成语〉
يَدٌ وَاحِدَةٌ لَا تُصَفِّقُ			[yadun wāḥidatun lā tuṣaffiq] 孤掌难鸣（团结力量大）〈熟语〉
لَا دُخَانَ بِلَا نَارٍ			[lā dukhāna bilā nār] 无风不起浪（事出必有因）〈成语〉
مَنْ جَدَّ وَجَدَ			[man jadda wajada] 天道酬勤（一分耕耘一分收获）〈格言〉
العَقْلُ السَّلِيمُ فِي الجِسْمِ السَّلِيمِ			[al-‘aqlu as-salīm] 健全的精神寓于健全的体魄〈格言〉
عَلَى أَهْلِ العَزْمِ تَأْتِي العَزَائِمُ			[‘alā ’ahli al-‘azm] 唯志者事竟成（名诗人穆太奈比名句）〈诗句格言〉
حَبْلُ الكَذِبِ قَصِيرٌ			[ḥablu al-kadhibi qaṣīr] 谎言腿短（若要人不知，除非己莫为）〈熟语〉
ك-ت-ب (كَتَبَ)			[k-t-b] 【书写/记录】派生: كِتَاب(书) مَكْتَب(办公桌) مَكْتَبَة(图书馆) كَاتِب(作者)〈词根〉
د-ر-س (دَرَسَ)			[d-r-s] 【学习/研读】派生: دَرْس(功课) مُدَرِّس(教师) مَدْرَسَة(学校) دِرَاسَة(学业/研究)〈词根〉
ع-ل-م (عَلِمَ)			[‘-l-m] 【知识/认知】派生: عِلْم(科学/知识) عَالِم(学者) مُعَلِّم(导师) مَعْلُومَة(资讯/信息)〈词根〉
س-ل-م (سَلِمَ)			[s-l-m] 【平安/和平】派生: سَلَام(和平) إِسْلَام(伊斯兰) سَلَامَة(安全) مُسْلِم(穆斯林)〈词根〉
ح-ك-م (حَكَمَ)			[ḥ-k-m] 【审判/智慧/统治】派生: حُكْم(裁决) حِكْمَة(智慧) حَاكِم(统治者) حُكُومَة(政府) مَحْكَمَة(法院)〈词根〉
ع-م-ل (عَمِلَ)			[‘-m-l] 【工作/践行】派生: عَمَل(工作) عَامِل(工人) عَمَلِيَّة(过程/操作) مُعَامَلَة(对待/交易)〈词根〉
ص-ن-ع (صَنَعَ)			[ṣ-n-‘] 【制造/工艺】派生: صِنَاعَة(工业) مَصْنَع(工厂) صَانِع(工匠/制造者) مَصْنُوعَات(制品)〈词根〉
ش-ر-ك (شَرِكَ)			[sh-r-k] 【分享/伙伴】派生: شَرِكَة(公司) شَرِيك(合伙人) مُشَارَكَة(参与) اشْتِرَاك(订阅/会费)〈词根〉
ن-ظ-م (نَظَمَ)			[n-ẓ-m] 【组织/规整】派生: نِظَام(制度/系统) تَنْظِيم(组织/规划) مُنَظَّمَة(国际机构/组织) مُنْتَظِم(有规律的)〈词根〉
ن-ق-ل (نَقَلَ)			[n-q-l] 【迁移/运输/转述】派生: نَقْل(运输/交通) مَنْقُول(转让的/活动动产) انْتِقَال(转移/过渡) نَاقِلَة(运输机/油轮)〈词根〉
أن			[’anna] 确实，那（从属连词）〈连〉
قد			[qad] 已经；可能，也许〈助〉
هل			[hal] 是否，吗（疑问助词）〈助〉
يا			[yā] 呀，啊（呼唤助词）〈助〉
لم			[lam] 未，没有（否定过去式）〈助〉
كان			[kāna] 是，过去曾经是〈动〉
كلّ			[kull] 全部，所有，每个〈名〉
الآن			[al-’ān] 现在，此时此刻〈副〉
فقط			[faqat] 只，仅仅〈副〉
الذي			[alladhī] 那个（阳性关系代词）〈代〉
كن			[kun] 是（كان的祈使式）〈动〉
أجل			[’ajl] 期限；目的（لأجل 为了）〈名〉
لن			[lan] 将不会（否定将来）〈助〉
يجب			[wajaba] 必须，应当〈动〉
أنه			[’annahu] （从属连词，引出“他/它…”从句）〈连〉
أمر			[’amr] 命令〈名〉
كيّف			[kayfa] 怎样，如何〈副〉
سوف			[sawfa] 将要（表将来）〈助〉
حسنًا			[ḥsnanā] 好，好吧〈叹〉
أيّ			[’ayy] 任何的；任何〈名〉
لي			[lī] 为了我；归我所有〈助〉
إذا			[’idhā] 如果，假如；突然〈连〉
عندما			[‘ndmā] 当…的时候〈连〉
كانت			[kānt] 她（过去）是〈动〉
الأمر			[āl’amr] 命令〈名〉
لماذا			[lmādhā] 为什么〈副〉
عد			[‘add] 数；计数〈动〉
حتى			[ḥattā] 直至，甚至，为了〈介〉
ها			[hā] 嘿；哈〈叹〉
كذلك			[kadhālik] 同样；也；如此〈副〉
ربّما			[rubbamā] 也许；大概〈副〉
لو			[law] 假如；要是；倘若〈连〉
إن			[’inna] 确实，真的（句首强调词）〈连〉
شخّص			[shakhkhaṣa] 诊断；确诊〈动〉
أيّن			[’ayyn] 确定日期；查明时间〈名〉
أريد			[’aryd] 我想要；我愿〈动〉
عضّ			[‘aḍḍa] 咬；叮咬〈动〉
صحيح			[ṣaḥīḥ] 正确的；真实的；合适的〈形〉
مثّل			[maththala] 代表；扮演；作为…的例子〈动〉
دي			[day] 总督〈名〉
أحدّ			[’aḥdd] 灵敏的；尖锐的〈形〉
له			[lahu] 他的；属于他〈代〉
أكثر			[’akthr] 更多的；此外的〈形〉
الوقت			[ālwqt] 时间；时候；时机〈名〉
جيّد			[jayyid] 好的；良好的；出色地〈形〉
أعلم			[’a‘lm] 通知；使知道〈动〉
آخر			[’ākhr] 另外的；别的；其他的〈形〉
لذا			[ldhā] 因此；所以〈连〉
يمكّن			[yumakkinu] 使能够；使可能〈动〉
أفضل			[’afḍl] 较好的；比较好〈形〉
كلا			[klā] 绝不；两者都不〈副〉
يبدو			[yabdū] 好像；仿佛〈动〉
اليوم			[al-yawm] 今天，现今〈名〉
سبّب			[sabba] 引起；导致〈动〉
غير			[ghayr] 非…；别的；其他的〈名〉
أليس			[’alys] 爱丽丝〈名〉
منذ			[mundhu] 以前；自从〈副〉
الرّجل			[ālrrjl] 男人；丈夫；人〈名〉
واحد			[wāḥd] 一；任何人；一个〈名〉
منزّل			[munazzal] 住宅；居所；被降下的〈名〉
نا			[nā] 我们的（所有格后缀）〈后缀〉
الناس			[ālnās] 人们；人类〈名〉
الكثير			[ālkthyr] 许多；大量〈名〉
أوه			[’awh] 哦〈叹〉
رائع			[rā’i‘] 精彩的；绝妙的；出色的〈形〉
بهذا			[bhdhā] 就这样；关于这个；因此〈短语〉
جدًّا			[jddanā] 令人惊讶地〈名〉
آسف			[’āsf] 抱歉的；遗憾的；惋惜的〈形〉
بذلك			[bidhālika] 因此；就这样〈短语〉
دون			[dūn] 没有；在…之下；除…之外〈介〉
ولا			[wlā] 也不；也没有；或非〈连〉
أني			[’any] 安妮〈名〉
العمل			[āl‘ml] 行动；活动；动作〈名〉
خارج			[khārj] 外面；外部；在…之外〈名〉
يحدث			[yaḥduth] 发生〈动〉
بالطبع			[bālṭb‘] 当然〈短语〉
شكرا			[shkrā] 感谢；谢意；谢忱〈名〉
طبّع			[ṭabba‘a] 使常态化；使合标准；使合规格〈动〉
الطبع			[ālṭb‘] 性情；天性；印刷〈名〉
مرحبًا			[mrḥbanā] 你好；欢迎〈叹〉
لها			[lhā] 为她；属于她；她有〈代〉
هكذا			[hkdhā] 这样；如此〈副〉
المكان			[ālmkān] 地方；地点；位置〈名〉
شكّل			[shakkala] 构成；形成；组成〈动〉
أمي			[’amy] 我的母亲；妈妈〈名〉
لذلك			[ladhālika] 因此；所以〈副〉
اللّيلة			[ālllylah] 今晚；今夜〈名〉
إلهي			[’ilhy] 我的上帝啊；我的神啊〈名〉
الحقيقة			[ālḥqyqah] 事实；现实；现状〈名〉
لـ			[li] 为；给；属于〈介〉
نفسُك			[nfsuk] 你自己〈名〉
حوْلَ			[ḥwla] 关于；在……周围〈名〉
مجرد			[mujarrad] 仅仅的；纯粹的；抽象的；单身汉〈名〉
حقا			[ḥqā] 实在；的确；真的〈副〉
نفّس			[naffasa] 呼吸；使通气；发泄〈动〉
أمور			[’amwr] 事项；事态；事件〈名〉
المنزل			[ālmnzl] 住所；住处；家〈名〉
بالتّأكيد			[bāltt’akyd] 确实地；无疑地；当然〈副〉
الذّهاب			[āldhdhhāb] 去；往；到〈名〉
التّأكيد			[āltt’akyd] 强调；重读；肯定〈名〉
العالم			[āl‘ālm] 世界；学者〈名〉
خلال			[khlāl] 在…期间；穿越〈介〉
لنا			[lnā] 我们的；为我们〈代〉
أوّل			[’awwl] 最初的；最重要的；在最前〈名〉
توقّف			[tawaqquf] 停止；停下来〈名〉
اللّعنة			[ālll‘nah] 诅咒；咒骂〈名〉
داخل			[dākhl] 里面；内部；进入的〈形〉
للغاية			[llghāyah] 极度地；非常〈副〉
عام			[‘ām] 普通的；公共的；年〈形〉
المال			[ālmāl] 金钱；一笔款；财富〈名〉
يعني			[ya‘nī] 意味着；意思是；也就是说〈动〉
متى			[mtā] 何时；什么时候〈副〉
لحظة			[lḥẓah] 片刻；一会儿〈名〉
الشيء			[ālshy’] 事物；东西；事情〈名〉
النّسبة			[ālnnsbah] 比率；比例；百分比〈名〉
نفسي			[nafsī] 我自己；我亲自；我独自〈名〉
طفل			[ṭifl] 儿童；小孩〈名〉
سيدة			[sydah] 女士；夫人；太太〈名〉
أقل			[’aql] 较少的；更少的〈形〉
ثانيةً			[thāniyatan] 秒；第二次；再一次〈名〉
نوّع			[nawwa‘a] 使多样化；使有变化〈动〉
السيد			[ālsayyid] 先生；主人；阁下〈名〉
الحياة			[ālḥayāh] 生活；生命〈名〉
انظر			[unẓur] 看；请看；参阅〈动〉
أشعر			[’ash‘r] 我感觉；我觉得〈动〉
الطّريق			[ālṭarīq] 道路；途径；方法〈名〉
حيث			[ḥayth] 在…的地方；由于；既然〈连〉
ذين			[dhīn] （关系代词）那两个…的人〈代〉
بدون			[bidūn] 没有；无；缺少〈介〉
سنوات			[sanawāt] 年（复数）；多年〈名〉
ثلاثة			[thlāthah] 三；三个〈名〉
وحيد			[waḥīd] 单独的；独自的；唯一的〈形〉
الشّرطة			[ālshrṭah] 警察；警察部门〈名〉
لَكَمَ			[lakama] 用拳打；拳击〈动〉
الفعل			[ālf‘l] 动词〈名〉
الجحيم			[āljḥym] 地狱〈名〉
الأشياء			[āl’ashyā’] 东西；事物〈名〉
تعال			[ta‘āl] 来；过来（祈使）〈动〉
واقع			[wāqi‘] 现实；实际情况；位于…的〈名〉
وضع			[waḍa‘a] 放置；状况；形势〈动〉
بالفعل			[bi-l-fi‘l] 已经；确实；事实上〈副〉
يريد			[yrīd] 想要；愿意；打算〈动〉
خاصّ			[khāṣṣ] 特别的；专门的；私有的〈形〉
الشخص			[ālshakhṣ] 人；个人；人物〈名〉
أيضًا			[’ayḍan] 也；而且；同样地〈副〉
مَزيد			[mazyd] 更多的；增加的〈名〉
أرض			[’arḍ] 土地；地面〈名〉
النّار			[ālnār] 火〈名〉
السّيّارة			[ālssyyārah] 汽车〈名〉
اللّه			[ālllh] 安拉〈名〉
الرّجال			[ālrrjāl] 男人们；男人〈名〉
يقول			[qāla] 说〈动〉
الحصول			[ālḥṣwl] 获得；取得〈名〉
السبب			[ālsbb] 原因；缘故〈名〉
يعرّف			[yu‘arrifu] 下定义；界定〈动〉
انتظر			[āntẓr] 等候；等待〈动〉
دقيقة			[dqyqah] 分钟〈名〉
إلي			[’ily] 对我；向我〈介〉
ضع			[waḍa'a] 放置；安放〈动〉
الباب			[ālbāb] 门〈名〉
عظيم			[‘aẓīm] 伟大的；巨大的〈形〉
الطّريقة			[ālṭṭryqah] 方法；道路〈名〉
اذهب			[ādhhb] 去〈动〉
تو			[tāw] 希腊字母τ〈名〉
ضبط			[ḍabṭ] 调整；校准〈名〉
التحدّث			[āltḥddth] 交谈；谈话〈名〉
خطأ			[khṭ’a] 错误；不正确〈名〉
الخارج			[ālkhārj] 外部；表面；外貌〈名〉
نفسه			[nafsuhu] 他自己；他亲自〈名〉
المدينة			[ālmdynah] 城；镇〈名〉
الأفضل			[āl’afḍl] 最好的；最优者〈形〉
دائمًا			[dā’iman] 总是；始终〈副〉
الأرض			[āl’arḍ] 地球；土地〈名〉
شيئ			[shy’i] 事物；东西〈名〉
سعيد			[sa‘īd] 充满喜悦的；快乐的〈形〉
جون			[Jūn] 乔恩〈名〉
رفاق			[rfāq] 伙伴；同伴们〈名〉
الضبط			[ālḍbṭ] 准确；精确；控制〈名〉
بسرعة			[bsr‘ah] 快速地；赶快〈副〉
بالضبط			[bālḍbṭ] 确切地；正好〈副〉
غريب			[gharīb] 奇怪的；陌生的〈形〉；外国人〈名〉
الفتاة			[ālftāah] 女孩；少女〈名〉
نصف			[niṣf] 一半〈名〉
صورة			[ṣwrah] 图像；照片；样子〈名〉
طبيب			[ṭabīb] 医生；医师〈名〉
بينما			[bynmā] 当…的时候；然而〈连〉
جانب			[jānb] 侧；边；方面〈名〉
هاتف			[hātf] 电话〈名〉
ممكن			[mumkin] 可能的；也许〈形〉
يعمل			[ya‘malu] 做；工作；起作用〈动〉
الموت			[ālmwt] 死亡〈名〉
المرة			[ālmrah] 次；回〈名〉
حقيقي			[ḥaqīqī] 真实的；真正的〈形〉
خروج			[khurūj] 出去；出口〈名〉
لهم			[lahum] 给他们；为他们〈代〉
يتم			[yatimmu] 被完成；得以完成〈动〉
جاك			[jāk] 杰克〈名〉
يفعّل			[yufa‘‘ilu] 激活；使生效〈动〉
أكبر			[’akbr] 更大的；最大的〈形〉
متأكّد			[mt’akkd] 确信的；肯定的〈形〉
عرّض			[‘arraḍa] 使暴露；使遭受〈动〉
أعلى			[’a‘lā] 更高的；最高的〈形〉
مات			[māt] 死；去世〈动〉
المدرسة			[ālmdrsah] 学校〈名〉
نوّم			[nawwama] 使入睡；催眠〈动〉
الأطفال			[āl’aṭfāl] 孩子们；儿童〈名〉
أسفل			[’asfl] 在下方〈名〉
الرّئيس			[ālrr’iys] 首领；老板；总统〈名〉
واضح			[wāḍḥ] 清楚的；明显的〈形〉
الحبّ			[ālḥbb] 爱情；爱〈名〉
جدت			[jadda] 祖母〈名〉
أود			[’awd] 想要；愿意〈动〉
عشر			[‘ashr] 十；十个〈名〉
الصباح			[ālṣbāḥ] 早晨；上午〈名〉
كامل			[kāml] 完整的；完全的〈形〉
أخذ			[’akhdh] 拿；取；开始〈动〉
يكفي			[yakfī] 足够；够用〈动〉
لطيف			[laṭīf] 温柔的；和蔼的；精美的〈形〉
موضوع			[mawḍū‘] 主题；题目〈名〉
جو			[jaww] 气氛；空气；大气〈名〉
صوّت			[ṣawwata] 投票；表决〈动〉
قادم			[qādm] 即将到来的；下一个〈形〉
لعين			[la‘īn] 被咒的；注定完蛋的；讨厌的〈形〉
العودة			[āl‘wdah] 返回；回归〈名〉
حديث			[ḥadīth] 谈话；讲话〈名〉；新的；现代的〈形〉
الجنس			[āljns] 种；类；属〈名〉
يعلم			[ya‘lamu] 知道；懂得〈动〉
الطّفل			[ālṭṭfl] 婴儿；幼儿；小孩〈名〉
السجن			[ālsjn] 监狱〈名〉
الأوّل			[āl’awwl] 第一；首先〈名〉
البيت			[ālbyt] 房子；家〈名〉
نساء			[nsā’] 妇女们；女人〈名〉
الساعة			[ālsā‘ah] 钟表；小时；钟点〈名〉
حصل			[ḥaṣala] 获得；得到〈动〉
السيدة			[ālsydah] 夫人〈名〉
وِلِيسْ			[wiliys] 并非；而不是〈连〉
البعض			[ālb‘ḍ] 一些；一部分；若干〈名〉
البقاء			[ālbqā’] 生存；留存；持续〈名〉
مهما			[mhmā] 无论什么；不管怎样〈连〉
منطقة			[mnṭqah] 地区；区域；地带〈名〉
قليلا			[qlylā] 一点点；少许；一会儿〈副〉
الليل			[āllyl] 夜间〈名〉
قاتل			[qātl] 致命的；重大的；命运注定的〈形〉
الداخل			[āldākhl] 内部；内政；内部的〈名〉
الصغير			[ālṣghyr] 小的；年幼的；小人物〈形〉
الهاتف			[ālhātf] 电话〈名〉
طلب			[ṭalab] 请求；要求；订购〈名〉
الطعام			[ālṭ‘ām] 食物；食品〈名〉
مجموعة			[mjmw‘ah] 小组；群；一套〈名〉
حان			[ḥān] （时间）到；来临〈动〉
تماماً			[tmāmān] 完全地；绝对地；确确实实地〈副〉
الماء			[ālmā’] 水；雨水；海水〈名〉
الخروج			[ālkhrwj] 出去；出口；退出〈名〉
عبر			[‘abara] 跨越；穿过；渡过〈动〉
سامّ			[sāmm] 有毒的；恶毒的；讨厌的〈形〉
الماضي			[ālmāḍy] 已往；过去〈名〉
قدّر			[qaddara] 估计；重视；赏识〈动〉
مهم			[muhimm] 重要的；有地位的；大量的〈形〉
زواج			[zwāj] 结婚；婚姻生活；婚礼〈名〉
أمس			[’ams] 昨天〈名〉
مفترض			[mufarraḍ] 假定的；应当的；假想的〈形〉
خمسة			[khmsah] 五；五个〈名〉
سيء			[sayyi’] 坏的；恶劣的；糟糕的〈形〉
الجديد			[āljdyd] 新的；新事物；新东西〈名〉
أبدا			[’abdā] 绝不；从来不；根本〈副〉
أحمق			[’aḥmq] 愚蠢的；傻的〈形〉
سلاح			[slāḥ] 武器〈名〉
النّوم			[ālnwm] 睡眠〈名〉
خطر			[khaṭar] 危险〈名〉
مجنون			[majnūn] 疯狂的；癫狂的〈形〉
جود			[jawd] 慷慨；宽宏〈名〉
هراء			[hrā’] 胡说；废话〈名〉
المفترض			[ālmftrḍ] 应当的；假定的〈形〉
وجّه			[wajjaha] 指导；指示；把…朝向〈动〉
علّم			[‘allama] 教；教授〈动〉
مناسب			[mnāsb] 合适的；适宜的〈形〉
الحرب			[ālḥrb] 战争〈名〉
المرأة			[ālmr’ah] 女人；妇女〈名〉
الحديث			[ālḥdyth] 谈话；讲话；圣训〈名〉
عديد			[‘adīd] 很多的；众多的〈形〉
آه			[’āh] 啊；哈〈叹〉
مستشفى			[mstshfā] 医院〈名〉
صور			[ṣuwar] 图像；照片；形式〈名〉
مركّز			[murakkaz] 集中的；浓缩的〈形〉
بخصوص			[bi-khuṣūṣ] 关于；至于〈介〉
الماضيّة			[ālmāḍyyah] 过去；往事〈名〉
بد			[bad] 坏的；糟糕的〈形〉
المشكلة			[ālmshklah] 问题；难题〈名〉
عدّد			[‘addada] 列举；逐条数〈动〉
قسّم			[qassama] 分配；分摊；分派〈动〉
لعب			[la‘ib] 玩；玩耍〈名〉
حدّ			[ḥadd] 界限；限度；边缘〈名〉
الموضوع			[ālmwḍw‘] 主题；话题；题目〈名〉
أسف			[’asf] 遗憾；抱歉〈名〉
الغرفة			[ālghrfah] 室；房间；枪膛〈名〉
النّساء			[ālnisā’] 妇女；女人〈名〉
قائد			[qā’id] 首领；领袖〈名〉
موقّع			[muwaqqa‘] 签署的；已签字的〈形〉
خطّ			[khaṭṭ] 线；线条；笔画〈名〉
مستحيل			[mustaḥīl] 不可能的；难以置信的；令人无法忍受的〈形〉
يذهّب			[yudhahhib] 把…镀金；给…上金色；作多余的修饰〈动〉
مايكل			[māykl] 迈克尔〈名〉
الفتيات			[ālftyāt] 少女；女孩；未婚女子〈名〉
حسّن			[ḥassana] 改善；改进；改良〈动〉
جد			[jadd] 祖父；外祖父〈名〉
بدأ			[bada’a] 开始〈动〉
المساعدة			[ālmsā‘dah] 帮助〈名〉
الطبيب			[ālṭbyb] 医生；博士〈名〉
عدّة			[‘ddah] 几个的；一些的〈形〉
كثيرا			[kathīran] 大量地；非常；经常〈副〉
الدّخول			[ālddkhwl] 进入；进入权；准许进入〈名〉
أسرع			[’asra‘] 更快的；最快的〈形〉
حينما			[ḥīnamā] 每当；不论何时；每逢〈连〉
مثير			[muthīr] 刺激的；激动人心的；惊人的〈形〉
العشاء			[āl‘shā’] 晚餐；正餐；宴会〈名〉
النهاية			[ālnihāyah] 结束；终点；尽头〈名〉
مباشرة			[mubāsharah] 直接地；亲自〈副〉
أربعة			[’arb‘ah] 四；四个〈名〉
يحصل			[yaḥṣul] 获得；取得；得到〈动〉
ميت			[mayyit] 死的；无生命的；麻木的〈形〉
الفتى			[ālftā] 青年；家伙；少年〈名〉
نحو			[naḥwa] 向；朝；大约〈介〉
وفي			[wafiyy] 忠诚的；忠实的〈形〉
التّفكير			[āltafkīr] 思考；思索〈名〉
الأشخاص			[āl’ashkhāṣ] 人们；人〈名〉
النظر			[ālnẓr] 看；注视；观点〈名〉
ضدّ			[ḍidd] 相反；对抗〈名〉
نيويورك			[nīyūyūrk] 纽约〈名〉
مايك			[māyk] 迈克（男子名）〈名〉
أحضر			[’aḥḍr] 带来；携带〈动〉
قدّم			[qaddama] 提交；提出；前进〈动〉
دفع			[dafa‘a] 推；支付；驱赶〈动〉
ابن			[ābn] 儿子；后裔〈名〉
الحقّ			[ālḥqq] 真理；权利；应得之物〈名〉
أثناء			[’athnā’] 在…期间；正当…的时候〈介〉
ذاهب			[dhāhb] 去的；前往的；动身的〈形〉
لحم			[laḥm] 肉；肌肉〈名〉
أبد			[’abd] 绝不；根本不〈副〉
بالخارج			[bālkhārj] 在外面；在国外〈名〉
غبيّ			[ghabīy] 愚蠢的；笨的〈形〉
مقابل			[mqābl] 相对的；对面；作为交换〈名〉
أصدق			[’aṣdq] 最真实的；最真诚的〈形〉
عيّن			[‘ayyana] 任命；指定；确定〈动〉
إعادة			[’i‘ādah] 重复；重做；再进行〈名〉
تبقّى			[tbqqā] 剩下；留存〈动〉
تذكّر			[tadhakkara] 想起；记得；回忆〈动〉
قلق			[qaliq] 忧虑的；不安的〈形〉
الثانية			[ālthānyah] 秒；瞬间；第二名〈名〉
الإطلاق			[āl’iṭlāq] 发射；释放；开火〈名〉
فرانك			[frānk] 弗兰克（男子名）〈名〉
جورج			[Jūrj] 乔治（男子名）〈名〉
الملك			[ālmlk] 国王；君主〈名〉
البحث			[ālbḥth] 专题论文；研究；探讨〈名〉
انتهى			[ānthā] 结束；终止〈动〉
جي			[jī] 字母 G；G音〈名〉
الزواج			[ālzwāj] 结婚；婚姻〈名〉
اللّقاء			[ālliqā’] 会面；相遇；会见〈名〉
ترك			[taraka] 放弃；离开；留下〈动〉
رجاء			[rjā’] 希望；恳求〈名〉
لكلّ			[li-kull] 每个；对于每一个〈介〉
الوضع			[ālwḍ‘] 状况；形势；位置〈名〉
تعوّد			[tawaddada] 习惯于；养成习惯〈动〉
أخرج			[’akhrj] 取出；拿出；输出〈动〉
سابق			[sābq] 以前的；先前的；前任的〈形〉
القضية			[ālqḍyah] 案件；问题；议题〈名〉
سوّى			[swwā] 调解；使平整；摆平〈动〉
مليون			[milyūn] 百万；一百万〈数〉
الدّم			[ālddm] 血；血液〈名〉
مرّات			[mrrāt] 次；倍；多次〈名〉
العائلة			[āl‘ā’ilah] 家庭；家属；家族〈名〉
القليل			[ālqlyl] 少量〈名〉
مدير			[mudīr] 经理；管理员；管理器〈名〉
قلّ			[qalla] 缺少；不足；稀少〈动〉
النوع			[ālnw‘] 类型；流派〈名〉
تحقيق			[taḥqīq] 调查；审查；核实〈名〉
أمّن			[’ammn] 投保；使安全；保证〈动〉
قيّد			[qayyada] 束缚；限制；登记〈动〉
ستّة			[sttah] 六；六个〈数〉
ألّف			[’allf] 编写；创作；著作〈动〉
قطّع			[qaṭṭa'a] 切断；切碎；分割〈动〉
بيتر			[bītar] 彼得（人名）〈名〉
تحرّك			[taḥarraka] 移动；行动；动身〈动〉
وكّل			[wakkala] 委托；授权；委任〈动〉
تحمّل			[taḥammala] 承担；忍受；负起〈动〉
وراء			[wrā’] 在…后面；在…背后〈介〉
تشارلي			[tshārly] 通讯中用以代表字母的词〈名〉
توم			[tawm] 雄性动物；雄猫〈名〉
نقطة			[nqṭah] 点；要点；标点〈名〉
صاح			[ṣāḥ] 大叫；大喊〈动〉
إنتظرْ			[’intẓr] 等待；等候；期待〈动〉
وغد			[waghad] 恶棍；无赖〈名〉
موجود			[mawjūd] 存在的；现有的；在场的〈形〉
جعل			[ja‘ala] 使成为；把…当作；放置〈动〉
البداية			[ālbdāyah] 开始〈名〉
إذهب			[’idhhb] 去；走〈动〉
يعوّد			[yu‘awwidu] 使习惯于；使养成习惯〈动〉
الحظّ			[ālḥẓẓ] 运气；幸运〈名〉
جين			[jīn] 基因〈名〉
مستقبل			[mustaqbal] 未来；前途；接收器〈名〉
السّؤال			[ālss’uāl] 问题；提问〈名〉
مضحك			[muḍḥik] 好笑的；有趣的；滑稽的〈形〉
سيارات			[syārāt] 汽车〈名〉
محتمل			[muḥtamal] 可能的；很可能发生的〈形〉
عمليّ			[‘amaliyy] 实际的；实用的；可适用的〈形〉
تحديد			[taḥdīd] 确定；限定；精确定位〈名〉
بعيدًا			[b‘ydan] 远离；远远地〈副〉
قرّب			[qarraba] 使靠近；拉近〈动〉
السماء			[ālsmā’] 天空；苍天〈名〉
الجانب			[āljānb] 旁边；侧；方面〈名〉
الوصول			[ālwṣwl] 到达；抵达；接近〈名〉
ويس			[wīs] 外斯（姓氏）〈名〉
الكلام			[ālklām] 谈话；讲话；演说〈名〉
الشمس			[ālshms] 太阳；日；日光〈名〉
بول			[bawl] 尿〈名〉
المخدّرات			[ālmkhddrāt] 毒品；麻醉品〈名〉
القتل			[ālqtl] 杀害；杀戮〈名〉
ظهر			[ẓahr] 背；背部〈名〉
المعلومات			[ālm‘lwmāt] 信息〈名〉
صفّ			[ṣaff] 排；行列〈名〉
الخطأ			[ālkhṭ’a] 错误〈名〉
اسميّ			[āsmyy] 名词性的；名词的〈形〉
يفترض			[yaftarḍu] 假设；假定〈动〉
المستشفى			[ālmstshfā] 医院〈名〉
الثاني			[ālthāny] 第二〈数〉
شاحنة			[shāḥnah] 卡车；货车〈名〉
ال			[āl] 定冠词〈冠〉
مبنى			[mbnā] 建筑物；大楼〈名〉
نادي			[nādy] 俱乐部〈名〉
هجوم			[hujūm] 攻击；袭击〈名〉
نقل			[naql] 运输；搬运；转移〈名〉
موافقة			[mwāfqah] 同意；批准〈名〉
كوني			[kawnī] 宇宙的〈形〉
بنفسي			[binafsī] 我自己；亲自〈代〉
إثنان			[’ithnān] 二；两个〈数〉
حلّ			[ḥall] 解决；解开〈名〉
الجزء			[āljz’] 部分；份〈名〉
ريد			[rīd] 里德〈名〉
طابق			[ṭābq] 把…放上去；使重叠〈动〉
مريض			[marīḍ] 病人；患病的〈名〉
عنوان			[’nwān] 标题；地址〈名〉
معا			[m‘ā] 共同地；一起〈副〉
ماري			[māry] 玛丽〈名〉
الأيام			[āl’ayām] 日子；天〈名〉
بنّاء			[bnnā’] 建设者；建筑工人〈名〉
تعامل			[t‘āml] 交往；相处；处理〈名〉
أولئك			[’ulā’ik] 那些〈代〉
ردّ			[radd] 回答；回复〈名〉
الجريمة			[āljrymah] 犯罪；有罪；犯罪行为〈名〉
اللحظة			[āllḥẓah] 瞬间；时刻；片刻〈名〉
يعدّ			[ya‘uddu] 数；计算；准备〈动〉
عجوز			[‘ajūz] 老太婆；老妇人〈名〉
عادة			[‘ādah] 习惯；惯例；通常〈名〉
الطائرة			[ālṭā’irah] 飞机；女飞行员〈名〉
الحلقة			[ālḥlqah] 环；环形物；体环〈名〉
مستعدّ			[musta'idd] 准备好的；有准备的〈形〉
ني			[nī] 我〈代〉
الدّكتور			[ālddktwr] 博士；医生〈名〉
علا			[‘lā] 升高；高过（يعلو 的过去式）〈动〉
فعلا			[f‘lā] 真正地；确实；实际上〈副〉
عمّا			[‘mmā] 关于什么（عن ما 的缩合）〈代〉
هرب			[haraba] 逃跑；逃走；潜逃〈动〉
أكره			[’akrh] 憎恶；讨厌（我恨）〈动〉
المنطقة			[ālmnṭqah] 区域；地区；地带〈名〉
لويس			[luwīs] 路易斯〈名〉
الشّارع			[ālshār‘] 街道；大街〈名〉
الفريق			[ālfryq] 队；团队；小组〈名〉
مختلف			[mukhtalif] 不同的；有差别的〈形〉
القانون			[ālqānwn] 法律；法则；定律〈名〉
صل			[ṣal] 到达；抵达（وصل 的过去式词干）〈动〉
بيل			[bīl] 账单；法案〈名〉
ينتهي			[yantahī] 结束；终止；期满〈动〉
المناسبة			[ālmnāsbah] 时机；场合；机会〈名〉
الهواء			[ālhwā’] 空气；大气〈名〉
الصّورة			[ālṣṣwrah] 图像；图片；照片〈名〉
حوالي			[ḥwāly] 大约；左右；在…周围〈副〉
مطعم			[maṭ‘am] 菜馆；饭店〈名〉
مرض			[maraḍ] 疾病；病症〈名〉
لوّن			[lawwana] 上色；着色；给…涂颜色〈动〉
زوجي			[zawjī] 我的丈夫〈名〉
يحبّ			[ḥabba] 爱；喜爱；喜欢〈动〉
مفهوم			[mafhūm] 概念；观念〈名〉
مسدّس			[musaddas] 六角形的；六边形的〈形〉
يعيش			[ya‘īshu] 生活；活着；居住〈动〉
القائد			[ālqā’id] 领导者；指挥者；售票员〈名〉
الشعور			[ālsh‘wr] 摸；触觉；知觉〈名〉
غدا			[ghdā] 明天；未来；未来地〈名〉
يصبح			[yaṣbaḥu] 变为；成为〈动〉
أبيض			[’abyḍ] 白色的；白色〈形〉
قبض			[qabaḍa] 逮捕；抓住；拘捕〈动〉
شرطي			[shurṭī] 警察〈名〉
القوّة			[ālqwwah] 力量；力气；实力〈名〉
ممتاز			[mmtāz] 第一等的；优秀的〈形〉
مسرح			[masraḥ] 剧院；剧场；戏剧〈名〉
الكتاب			[ālktāb] 书；书籍；帐簿〈名〉
وبّ			[wabb] 祸患；灾祸〈名〉
موقف			[mawqif] 立场；态度；停车处〈名〉
جيمي			[jīmī] 吉米（人名）〈名〉
المكتب			[ālmktb] 局；办公处；司〈名〉
السيطرة			[ālsyṭrah] 控制；支配；统治〈名〉
أقسم			[’aqsm] 宣誓；发誓〈动〉
إمرأة			[’imr’ah] 女子；妇女；女人〈名〉
العرض			[āl‘rḍ] 展示；演出；宽度〈名〉
بشدّة			[bshddah] 尖锐地；剧烈地〈副〉
يموت			[yamūtu] 死亡；凋谢；消失〈动〉
السّنة			[ālssnah] 年；年度；年龄〈名〉
شي			[shī] 事物；东西；某事〈名〉
حادث			[ḥādth] 事故；事件〈名〉
هنري			[Hinrī] 亨利；亨〈名〉
كاد			[kād] 几乎；差点〈动〉
القاتل			[ālqātl] 杀人者；屠杀者；猛兽〈名〉
نجّد			[najjada] 援救；救助〈动〉
يعتقد			[ya‘taqidu] 认为；相信；想〈动〉
الأعلى			[āl’a‘lā] 最高的；至高的；上级〈形〉
راي			[rāy] 意见；观点〈名〉
يلمّ			[yalammu] 收集；汇集〈动〉
القصّة			[ālqṣṣah] 故事〈名〉
عادِ			[‘āda] 返回；恢复；重又〈动〉
قلبي			[qalbiyy] 心脏的；衷心的〈形〉
الصّور			[ālṣṣwr] 图像；图片；形象〈名〉
خطب			[khaṭaba] 求婚；提亲〈动〉
الخلف			[ālkhlf] 后面；后方；继任者〈名〉
ملَكَة			[mlakah] 所有物；财产〈名〉
اللعبة			[āll‘bah] 比赛；玩耍；比分〈名〉
متجّر			[matjar] 商店；店铺〈名〉
أطلق			[’aṭlq] 发射；释放；说出〈动〉
أخبَر			[’akhbar] 更有知识的；消息更灵通的〈形〉
البلدة			[ālbldah] 城镇；市；镇〈名〉
جاهز			[jāhz] 准备好的；现成的〈形〉
دين			[dīn] 宗教；信仰；债务〈名〉
السّفينة			[ālssfynah] 船；舰〈名〉
القادم			[ālqādm] 来的人；新来者；有成功希望的人〈名〉
الغدّ			[ālghd] 明天；未来〈名〉
أخير			[’akhyr] 最后的；最新的〈形〉
القهوة			[ālqhwah] 咖啡豆；咖啡粉；咖啡〈名〉
لد			[ladā] 向；在…近旁〈介〉
الوغد			[ālwghd] 恶棍；无赖〈名〉
داني			[dāny] 丹尼〈名〉
محقّق			[muḥaqqiq] 调查员；审查者〈名〉
الطابق			[ālṭābq] 楼层〈名〉
العيش			[āl‘ysh] 生计；维持；保持〈名〉
البشر			[ālbshr] 人类〈名〉
أغنية			[’aghnyah] 喧闹的庆祝〈名〉
سخيف			[sakhīf] 卑劣的；可鄙的〈名〉
أعدّ			[’a‘dd] 撑牢的；拉牢的；支撑的〈名〉
تود			[tūd] 托德〈名〉
بالكامل			[bālkāml] 身体的；亲自〈名〉
ضحيّة			[ḍḥyyah] 被处死的；牺牲；献出〈名〉
الفرصة			[ālfrṣah] 机会；意外；可能性〈名〉
حيّ			[ḥayy] 使有生气；赋予生命；有生命的〈名〉
الدّماء			[ālddmā’] 血液〈名〉
كلما			[klmā] 无论何时〈名〉
حانة			[ḥānah] 酒馆；餐馆〈名〉
خوّف			[khawwafa] 使惊吓；惊恐〈名〉
الأخبار			[āl’akhbār] 新闻；消息；报导〈名〉
روس			[rūs] 俄国的；俄国人的；俄国语的〈名〉
القيادة			[ālqyādah] 命令；指挥；控制〈名〉
البحر			[ālbḥr] 海；海洋；海浪〈名〉
طبيعي			[ṭabī‘ī] 自然的；天生的〈名〉
الموسيقى			[ālmwsyqā] 音乐；乐曲〈名〉
المحكمة			[ālmḥkmah] 法院；法庭〈名〉
الخطّ			[ālkhṭṭ] 线条；字体；行列〈名〉
هديّة			[hdyyah] 礼物；礼品〈名〉
المشاكل			[ālmshākl] 问题；难题〈名〉
فجأةً			[fj’ahan] 突然地；唐突地〈名〉
أحمر			[’aḥmr] 红的；红色的；红肿的〈名〉
وسط			[wasaṭ] 在当中〈名〉
أمّا			[’ammā] 至于〈连〉
نيك			[nīk] 性交〈名〉
العميل			[āl‘myl] 代理人；客户；间谍〈名〉
خاطئ			[khāṭ’i] 错误的；有毛病的〈形〉
الجلوس			[ālǧulūs] 坐；就座〈名〉
بماذا			[bimādhā] 用什么；以什么〈副〉
رئيسي			[ra’īsiyy] 主要的；首要的〈形〉
الجيش			[āljysh] 军队；陆军〈名〉
مباراة			[mubārāh] 比赛；竞赛〈名〉
الشركة			[ālshrkah] 公司；合作；法人团体〈名〉
صنّع			[ṣanna‘] 制造；使工业化〈动〉
مضى			[maḍā] 过去；流逝〈动〉
الأمن			[āl’amn] 安全；安全性；防护物〈名〉
القلب			[ālqalb] 心；心脏；中心〈名〉
يستحقّ			[yastaḥiqq] 应受；应得；值得〈动〉
الملابس			[ālmalābis] 衣服；服装〈名〉
القول			[ālqawl] 话；言语；说法〈名〉
بالدّاخل			[bāldākhl] 在内部；在里面〈副〉
القديم			[ālqdym] 古老的；旧时的〈形〉
بالكاد			[bālkād] 几乎不；勉强〈副〉
السّلاح			[ālsilāḥ] 武器；军备〈名〉
كذب			[kadhb] 说谎；谎言〈名〉
جيمس			[jīms] 詹姆斯；《雅各书》〈名〉
أمريكا			[’amrykā] 美洲；美国〈名〉
صاحب			[ṣāḥib] 拥有者；同伴；朋友〈名〉
يتعلّق			[yata‘allaq] 与…有关；涉及〈动〉
كون			[kawn] 宇宙；存在；形成〈名〉
الإتّصال			[āl’ittṣāl] 连接；关系；前后关系〈名〉
العاهرة			[āl‘āhrah] 妓女〈名〉
الحالة			[ālḥālah] 情况；状态；情形〈名〉
سبق			[sabq] 先例；领先；抢先〈名〉
إلينا			[’ilynā] 给我们；对我们〈代〉
ضرب			[ḍarb] 打；敲；打击；类型〈名〉
فحص			[faḥṣ] 检查；检验；体检〈名〉
المُستقبِل			[ālmustqbil] 未来；将来；接收器〈名〉
معظّم			[mu‘aẓẓam] 被尊崇的；至高的〈形〉
تدخّل			[tadakhkhul] 插入；调停；干涉〈名〉
الحمّام			[ālḥmmām] 浴室；厕所〈名〉
خائف			[khā’if] 害怕的；担心的〈形〉
الميلاد			[ālmylād] 出生；分娩；起源〈名〉
الكلب			[ālklb] 狗〈名〉
أولا			[’awlā] 首先；第一〈副〉
قارَب			[qārab] 接近；与…相近；近似于〈动〉
الأحمق			[āl’aḥmq] 傻瓜；蠢人〈名〉
النظام			[ālnẓām] 制度；系统；秩序〈名〉
جيم			[jīm] （阿拉伯语）字母ج的名称〈名〉
السابقة			[ālsābqah] 先例；前例；在先的〈名〉
آمن			[’āmn] 安全的；安心的；无虑的〈形〉
التعامل			[ālt‘āml] 交往；对待；交易〈名〉
المياه			[ālmyāh] 水；水域；领海〈名〉
الحفلة			[ālḥflah] 聚会；晚会；舞会〈名〉
الانتظار			[ālāntẓār] 等待；等候〈名〉
يصل			[yaṣilu] 到达；抵达；来〈动〉
قاضي			[qāḍy] 法官〈名〉
سحر			[siḥr] 魔法；魔术；魅力〈名〉
ولو			[wa-law] 即使；就算〈连〉
اللعب			[āll‘b] 玩；游戏；玩耍〈名〉
الأخير			[āl’akhyr] 最后的；最近的〈形〉
قويّ			[qawiyy] 强壮的；有力的；强烈的〈形〉
فصل			[faṣl] 季节；章节；分开〈名〉
ديفيد			[dīfīd] 大卫；戴维〈名〉
الهراء			[ālhrā’] 胡说〈名〉
قِفْ			[qif] 站住；停下〈动〉
مُذهِل			[mudhhil] 惊人的；使人惊叹的〈形〉
جوار			[jwār] 附近；邻近〈名〉
ميّل			[mayyala] 使倾斜；偏向〈动〉
بريد			[barīd] 邮件；邮政；邮递〈名〉
الثالث			[ālthālth] 第三〈名〉
تصرّف			[taṣarruf] 行为；举止；处理方式〈名〉
الرّقص			[ālrrqṣ] 跳舞；舞蹈〈名〉
الهدف			[ālhdf] 目标；瞄准；击中目标的能力〈名〉
القبض			[ālqbḍ] 逮捕；抓住；收款〈名〉
الطاقة			[ālṭāqah] 精力；精神；活力〈名〉
بجانب			[bjānb] 在…旁边；靠近〈介〉
تقريبًا			[tqrybanā] 大约；差不多〈副〉
متأخّر			[mt’akhkhr] 迟的；落后的；过期的〈形〉
المهمة			[ālmhmah] 任务；差使；使命〈名〉
الصّوت			[ālṣṣwt] 声音；嗓音〈名〉
آلة			[’ālah] 机器；机械装置；机构〈名〉
يأخذ			[y’akhdh] 拿；取〈动〉
قريبا			[qrybā] 不久；很快〈副〉
المبنى			[ālmbnā] 建筑物；建筑；营造〈名〉
فرّق			[farraqa] 区分；分配；使分散〈动〉
الكفاية			[ālkfāyah] 足够；能力；够用〈名〉
السّرير			[ālssryr] 床〈名〉
القتال			[ālqtāl] 战斗；斗争；打架〈名〉
طيّب			[ṭayyib] 善良的；好的〈形〉
حبيبي			[ḥabībī] 我的爱人；亲爱的〈名〉
بيلي			[bīlī] 比利〈名〉
لوس			[lūs] 月球轨道航天器；视线〈名〉
الكرة			[ālkrah] 球；球状物〈名〉
مثلي			[mithlī] 像我一样的〈形〉；同性恋者〈名〉
سر			[sirr] 秘密；秘密的事〈名〉
السّيّارات			[ālssyyārāt] 汽车〈名〉
الأمس			[āl’ams] 昨天〈名〉
الأبّ			[āl’abb] 爸爸〈名〉
بلدي			[baladī] 市政的；自治区的〈形〉
حكم			[ḥukm] 判定〈名〉
وصل			[waṣl] 到达；连接；接通〈名〉
سيدات			[sydāt] 夫人；女士；太太〈名〉
طوّل			[ṭawwala] 延长；伸长〈动〉
الألم			[āl’alm] 疼痛；痛苦〈名〉
العملية			[āl‘mlyah] 手术；行动；操作〈名〉
يظهر			[yaẓharu] 出现；呈现；看上去好像〈动〉
الفندق			[ālfndq] 旅馆；客栈〈名〉
الظلام			[ālẓlām] 黑暗；暗；深色〈名〉
حلم			[ḥulm] 梦；梦想〈名〉
يبقى			[ybqā] 保持；仍然是；留下〈动〉
الحيوانات			[ālḥywānāt] 动物；动物世界；牲畜〈名〉
صالح			[ṣālḥ] 正直的；有效的〈形〉；好人〈名〉
لاحقا			[lāḥqā] 后来；稍后〈副〉
الشاب			[ālshāb] 小伙子；年轻人〈名〉
السادة			[ālsādah] 先生们；老爷们〈名〉
العجوز			[āl‘jwz] 老人〈名〉
سان			[sān] 声望；名誉〈名〉
نيل			[nīl] 获得；尼罗河〈名〉
مارك			[mārk] 马克；标记〈名〉
الأمّ			[āl’umm] 母亲；修女院长〈名〉
حقير			[ḥaqīr] 卑鄙的；可轻蔑的；不足挂齿的〈形〉
سيّئ			[syy’i] 坏的；糟糕的〈形〉
الخطّة			[ālkhṭṭah] 计划；方案；蓝图〈名〉
بيّض			[bayyaḍa] 产卵；下蛋〈动〉
الولايات			[ālwlāyāt] 州；省份〈名〉
الأعمال			[āl’a‘māl] 工作；作品；行为〈名〉
الحكومة			[ālḥkwmah] 政府；内阁〈名〉
بسيط			[basīṭ] 简单的；简易的〈形〉
سبعة			[sb‘ah] 七；七个〈数〉
كلية			[klyah] 学院；系〈名〉
واثق			[wāthq] 确信的；自信的〈形〉
ريتشارد			[rytshārd] 理查德〈名〉
الشعر			[ālsh‘r] 头发；毛发；些微〈名〉
بحرّيّة			[bḥrryyah] 海军〈名〉
القاضي			[ālqāḍy] 评判员；审判者；判决者〈名〉
بيتي			[bītī] 贝蒂〈名〉
المحقّق			[ālmḥqqq] 调查者；审查者；审查员〈名〉
فكّر			[tafakkara] 思考；思索〈动〉
يرى			[yrā] 看；认为〈动〉
الأسلحة			[āl’aslḥah] 军备；武器装备〈名〉
حم			[ḥummā] 热；发烧〈名〉
كلارك			[klārk] 克拉克〈名〉
رأسي			[r’asy] 头的；头侧的〈形〉
سطّح			[saṭṭaḥa] 使平坦；弄平；铺〈动〉
إدارة			[’idārah] 管理；行政部门；局〈名〉
مرح			[maraḥ] 欢乐；愉快；乐趣〈名〉
الضّوء			[ālḍḍw’] 光；灯光〈名〉
بيني			[baynī] 在我之间；在我与…之间〈介〉
الخوف			[ālkhwf] 害怕；恐惧；担心〈名〉
جادّ			[jādd] 认真的；严肃的〈形〉
الغداء			[ālghdā’] 午餐〈名〉
لندن			[Landan] 伦敦〈名〉
القطار			[ālqṭār] 火车；列车；行列〈名〉
تحقّق			[taḥaqqaqa] 实现；核实；查明〈动〉
شون			[shawn] 肖恩〈名〉
المدير			[ālmdyr] 经理；主任；主管〈名〉
الغابة			[ālghābah] 森林；林区〈名〉
يشعر			[yash‘uru] 感到；觉得；触摸〈动〉
ستيف			[sutīf] 史蒂夫〈名〉
الرقم			[ālrqm] 数字；位数〈名〉
رسائل			[rsā’il] 信件；消息〈名〉
ملازم			[mlāzm] 中尉；必然的；伴随的〈名〉
كريس			[Krīs] 克里斯；克莉丝〈名〉
أقرب			[’aqrb] 更近的；最近的〈形〉
ذكّر			[dhakkara] 提醒；使想起〈动〉
شديد			[shadīd] 严重的；激烈的；痛苦的〈形〉
علامة			[‘lāmah] 标志；记号；符号〈名〉
غضب			[ghaḍab] 愤怒；发怒〈名〉
الرسالة			[ālrsālah] 书信〈名〉
العمر			[āl‘mr] 年龄；老年；成年〈名〉
الآنسة			[āl’ānsah] 小姐；女士〈名〉
المهمّ			[ālmhmm] 重要的；要紧的〈形〉
إسمع			[’ism‘] 听；听见；听说〈动〉
مسؤول			[ms’uwl] 负责的〈形〉；负责人〈名〉
اللّحم			[āllḥm] 肉；肌肉〈名〉
دعّم			[da‘‘ama] 支持；加固〈动〉
الشّيطان			[ālshyṭān] 魔鬼〈名〉
الأسئلة			[āl’as’ilah] 问题〈名〉
جوّيّ			[jawwiyy] 大气的；空气的〈形〉
أبقى			[’abqā] 使留下；更长久的〈动〉
الكلمات			[ālklmāt] 言语；话语；字〈名〉
مر			[marra] 通过；经过〈动〉
سكوت			[sukūt] 沉默；缄默〈名〉
خلفي			[khalfiyy] 后面的；背后的〈形〉
الأولاد			[āl’awlād] 男孩子们；小伙子们〈名〉
حاضر			[ḥāḍr] 出席的；在场的；出席者〈名〉
أقوى			[’aqwā] 更强的；更有力的〈形〉
القرب			[ālqrb] 邻近；接近〈名〉
الصّفّ			[ālṣaff] 班级；排；行列〈名〉
التّوقّف			[ālttwqqf] 停止；暂停〈名〉
الأبيض			[āl’abyḍ] 白色；洁白；眼白〈名〉
الدّفاع			[ālddfā‘] 支持；辩护；辩护术〈名〉
تومي			[tūmī] 汤米（人名）〈名〉
دان			[dān] 丹（人名）〈名〉
الضغط			[ālḍghṭ] 压力；按压；血压〈名〉
إبن			[’ibn] 儿子〈名〉
أحسنت			[’aḥsnt] 干得好；做得好〈动〉
حمّل			[ḥammala] 装载；使承担；下载〈动〉
إنتهى			[’inthā] 结束；终止〈动〉
الشراب			[ālshrāb] 饮料；酒；喝〈名〉
السلامة			[ālslāmah] 安全；平安〈名〉
الرحيل			[ālrḥyl] 离开；启程；去世〈名〉
باريس			[bārys] 巴黎（法国首都）〈名〉
الشاحنة			[ālshāḥnah] 卡车；货车；载重汽车〈名〉
البلاد			[ālblād] 国家；乡村；地区〈名〉
جاي			[jāy] 来；到来的〈名〉
الكنيسة			[ālknysah] 教堂〈名〉
القمر			[ālqmr] 月亮；月球；月光〈名〉
السلام			[ālslām] 和平；平安〈名〉
السّرعة			[ālssr‘ah] 速度〈名〉
أنفسنا			[’anfsnā] 我们自己〈名〉
سوّ			[sawwā] 炖；煨；焖〈动〉
مفضّل			[mufaḍḍal] 喜欢的事物；喜爱的；宠爱的〈名〉
مصدّر			[muṣaddir] 出口；输出〈名〉
القدم			[ālqdm] 脚；古老；年代久远〈名〉
معروف			[ma‘rūf] 知名的；众所周知的；善行〈形〉
يبدأ			[ybd’a] 开始；着手〈动〉
ليلي			[laylī] 莱拉（女子名）；夜的；夜间发生的〈名〉
خطير			[khaṭīr] 危险的；严重的〈形〉
أدخل			[’adkhl] 使进入；输入；插入〈动〉
عقل			[‘aql] 理智；智力；头脑〈名〉
الترجمة			[āltrjmah] 翻译；译文；转化〈名〉
الضحيّة			[ālḍḥyyah] 牺牲者；受害者；祭品〈名〉
حامل			[ḥāml] 携带者；载体；怀孕的〈名〉
الإضافة			[āl’iḍāfah] 添加；增加；附加〈名〉
ثمانية			[thmānyah] 八；八个〈名〉
الفكرة			[ālfkrah] 想法；主意；观念〈名〉
تنفّس			[tanaffasa] 呼吸〈动〉
تطلّب			[taṭallaba] 要求；需要；订购〈动〉
الثانوية			[ālthānwyah] 中学；高中〈名〉
وداعاً			[wdā‘āan] 再见；告别〈叹〉
قادر			[qādr] 能够的；有能力的〈形〉
والتر			[wāltr] 沃尔特〈名〉
جوني			[jūnī] 乔尼（男子名）〈名〉
ذكيّ			[dhakiyy] 聪明的；机敏的〈形〉
المفضّل			[ālmfḍḍl] 最受喜爱的；首选的〈形〉
بوابة			[bwābah] 大门；门户；门户网站〈名〉
الكلّ			[ālkll] 全部；整体；一切〈名〉
مثالي			[mthāly] 理想的；模范的〈形〉
أقدم			[’aqdm] 最古老的；最年长的〈形〉
الدرجة			[āldrjah] 程度；度数；学位〈名〉
كسر			[kasara] 打破；折断；骨折〈动〉
كلير			[Klīr] 克莱尔〈名〉
باقي			[bāqy] 剩余的；其余；剩余部分〈名〉
الصّندوق			[ālṣṣndwq] 盒子；箱；方框〈名〉
بوبي			[būbī] 博比〈名〉
صراحة			[ṣrāḥah] 坦率；直率；坦率地〈名〉
القدر			[ālqdr] 命运；天命；定量〈名〉
عشرون			[‘ishrūn] 二十；二十个〈数〉
محظوظ			[muḥaẓẓūẓ] 幸运的；幸福的〈形〉
تصديق			[taṣdīq] 核实；认证；相信〈名〉
الشّباب			[ālshbāb] 年轻；青年时代；青年们〈名〉
تعديل			[ta‘dīl] 修改；更改；改变〈名〉
الشخصية			[ālshkhṣyah] 个性；人格；特有特性〈名〉
الرّاحة			[ālrrāḥah] 休息；舒适；安逸〈名〉
أماميّ			[’amāmyy] 前面的；前部的〈形〉
قومي			[qawmiyy] 民族的；国家的；民族主义的〈形〉
التحكّم			[āltḥkkm] 控制；掌控〈名〉
مرّتين			[marratayn] 两次；两遍〈副〉
الرحلة			[ālrḥlah] 旅程；旅行；行程〈名〉
الأسود			[āl’aswd] 黑色；黑颜料；黑色的〈名〉
جيري			[jīrī] 格里〈名〉
أقدر			[’aqdr] 更能干的；更有能力的〈形〉
التّحقيق			[ālttḥqyq] 调查；核实；查明〈名〉
قرية			[qryah] 村庄；村子〈名〉
مكتبي			[maktabī] 我的办公室；我的办公桌〈名〉
سواء			[swā’] 是否；不论；两个中的哪一个〈名〉
الشكل			[ālshkl] 形状；形体；类型〈名〉
طيران			[ṭyrān] 飞行；航空〈名〉
المسدس			[ālmsds] 手枪；左轮手枪〈名〉
الشهر			[ālshhr] 月〈名〉
جيني			[jīnī] 妖怪；鬼〈名〉
رايان			[rāyān] 拉扬〈名〉
شجاعة			[shjā‘ah] 勇气；勇敢；胆量〈名〉
تراجع			[trāj‘] 后退；退缩；改变主意〈名〉
المفتاح			[ālmftāḥ] 钥匙；关键〈名〉
مشغول			[mashghūl] 忙碌的；没空的〈形〉
إمكان			[’imkān] 能力；才干；才能〈名〉
بدا			[bdā] 显得；似乎〈动〉
ولهذا			[wlhdhā] 所以；因此〈连〉
سحب			[saḥb] 拉；拔；抽取〈名〉
جائزة			[jā’izah] 奖品；奖赏；奖金〈名〉
الأصدقاء			[āl’aṣdqā’] 朋友；伙伴〈名〉
غاضب			[ghāḍb] 生气的；愤怒的〈形〉
داخلي			[dākhly] 内部的；内在的；内心的〈形〉
ريك			[rīk] 里克〈名〉
الإنتظار			[āl’intẓār] 等待；等候〈名〉
الجامعة			[āljām‘ah] 大学〈名〉
كارل			[kārl] 卡尔〈名〉
خنزير			[khinzīr] 猪〈名〉
حارس			[ḥārs] 守卫者；看守者；卫兵〈名〉
توماس			[twmās] 多马〈名〉
وقعت			[waq‘a] 落下；发生；签署（动词过去式）〈名〉
توني			[tūnī] 托尼〈名〉
البريد			[ālbryd] 邮件〈名〉
موافق			[mwāfq] 同意的；赞成的〈形〉
لوك			[lūk] 卢克；路加；路加福音〈名〉
ببساطة			[bbsāṭah] 简单地；简直〈副〉
العلاج			[āl‘lāj] 治愈；治疗法〈名〉
السحر			[ālsḥr] 魔法；魔术；妖术〈名〉
شخصي			[shakhṣī] 个人的；私人的〈形〉
الموقع			[ālmwq‘] 位置；场所；特定区域〈名〉
الخطب			[ālkhṭb] 慷慨激昂的演说；雄辩；慷慨激昂的演说词〈名〉
يمين			[yamīn] 誓言；右边〈名〉
الثّقة			[ālthqah] 信任；信心；自信〈名〉
الثلج			[ālthlj] 雪；冰〈名〉
المطبخ			[ālmṭbkh] 厨房；烹调风格；烹饪法〈名〉
جسّم			[jassama] 使具体化；使客观化〈动〉
كايل			[kāyl] 狭海峡；海峡〈名〉
النجوم			[ālnjwm] 恒星；星星；名人〈名〉
نووي			[nawawiyy] 核的；核能的；核武器的〈形〉
السيدات			[ālsydāt] 夫人；女人〈名〉
الرّأس			[ālrr’as] 头；顶部；顶端〈名〉
بصراحة			[bṣrāḥah] 坦率地；坦白地〈副〉
هيئة			[hy’iah] 风采；态度；样子〈名〉
الجوّ			[āljww] 空气；天气；气氛〈名〉
علنا			[‘lnā] 公然地；公开地〈副〉
الأحمر			[āl’aḥmr] 红色；红色颜料〈名〉
الفضاء			[ālfḍā’] 空间；太空；场地〈名〉
جدّي			[jiddiyy] 严肃的；认真的〈形〉
ممتع			[mumti‘] 令人快乐的；美味的；使人愉快的〈形〉
النبيذ			[ālnbydh] 葡萄酒；果酒〈名〉
الزفاف			[ālzfāf] 婚礼；婚宴〈名〉
البيض			[ālbyḍ] 鸡蛋；蛋〈名〉
القدّوم			[ālqddwm] 扁斧〈名〉
الطّاولة			[ālṭṭāwlah] 桌子；西洋双陆棋〈名〉
الجوار			[āljwār] 邻近；附近〈名〉
أطول			[’aṭwl] 更长的；最长的〈形〉
غادر			[ghādr] 离开；启程；背弃〈动〉
ضخم			[ḍakhm] 巨大的；庞大的〈形〉
فيك			[fīka] 在你里面（介词 في 与代词 ك 的合写）〈短语〉
الجثّة			[āljthah] 尸体〈名〉
احصل			[āḥṣl] 获得；取得〈动〉
الحدود			[ālḥdwd] 边界；界限；范围〈名〉
مالك			[mālk] 拥有者；物主；主人〈名〉
النافذة			[ālnāfdhah] 窗户；窗子；窗口〈名〉
كيم			[kīm] 金姆〈名〉
الملازم			[ālmlāzm] 中尉；随从；仆人〈名〉
المراقبة			[ālmrāqbah] 监视；监督；观察〈名〉
الكلمة			[ālklmah] 话；消息；词〈名〉
رعاية			[r‘āyah] 赞助；主办；保护〈名〉
صح			[ṣaḥḥ] 正确；对〈形〉
الفوضى			[ālfwḍā] 混乱；无秩序〈名〉
الكون			[ālkwn] 宇宙〈名〉
الفيديو			[ālfydyw] 视频；录像；影像〈名〉
أغلق			[’aghlq] 关闭；合上〈动〉
حذّر			[ḥadhdhara] 警告；告诫〈动〉
عاديّ			[‘ādyy] 平常的；普通的〈形〉
لأعلى			[l’a‘lā] 向上；朝上〈副〉
نائب			[nā’ib] 副手；代理人；代表〈名〉
أثر			[’athr] 影响；痕迹；遗迹〈名〉
الشاي			[ālshāy] 茶；茶叶；茶剂〈名〉
الهجوم			[ālhjwm] 攻击；抨击；动手干〈名〉
مائة			[mā’iah] 一百；百〈数〉
الغبيّ			[ālghbyy] 愚蠢的；笨的〈形〉
سجّل			[sajjala] 登记；记录；注册〈动〉
الكذب			[ālkdhb] 说谎；谎言〈名〉
كعك			[ka‘k] 糕点；蛋糕〈名〉
الحقيبة			[ālḥqybah] 公事包〈名〉
عربة			[‘rbah] 车；马车；手推车〈名〉
فظيع			[faẓī'] 残暴的；凶恶的〈形〉
دانيال			[dānyāl] 丹尼尔〈名〉
السّوء			[ālssw’] 恶；坏事；邪恶〈名〉
طائر			[ṭā’ir] 鸟；禽；飞鸟〈名〉
رَفع			[raf‘] 举起；抬高；提高〈名〉
الكلاب			[ālklāb] 狗；犬类〈名〉
الجنون			[āljnwn] 疯狂；精神错乱；癫狂〈名〉
تشارلز			[tshārlz] 查尔斯〈名〉
قع			[qa‘a] 跌落；倒下；坠落〈动〉
النهر			[ālnhr] 河；江；河流〈名〉
البرنامج			[ālbrnāmj] 节目；程序；计划〈名〉
الفوز			[ālfwz] 胜利；获得；成功〈名〉
المحيط			[ālmḥyṭ] 海洋；大洋；四周〈名〉
الغريب			[ālghryb] 奇怪的；陌生的；陌生人〈形〉
يحمل			[yaḥmilu] 携带；搬运；承担〈动〉
الوجه			[ālwjh] 脸；面孔；方面〈名〉
الصيف			[ālṣyf] 全盛时期；夏季〈名〉
مقعد			[maq‘ad] 座位；席位；座椅〈名〉
السّنوات			[ālssnwāt] 年代；岁月；年〈名〉
يدخل			[yadkhulu] 进入；加入；参加〈动〉
أعظم			[’a‘ẓm] 最伟大的；最重大的；最大的〈形〉
كافي			[kāfy] 足够的；充足的〈形〉
دواء			[dwā’] 药；药品；药物〈名〉
الموافقة			[ālmwāfqah] 同意；赞成；批准〈名〉
الولد			[ālwld] 男孩；少年；儿子〈名〉
التصوير			[āltṣwyr] 摄影；拍摄；描绘〈名〉
مارتن			[mārtn] 马丁（男子名）〈名〉
الملكة			[ālmlkah] 王后；女王〈名〉
الاسم			[ālāsm] 名称；称号；称呼〈名〉
وقود			[waqūd] 燃料〈名〉
كاثرين			[kāthryn] 凯瑟琳（女子名）〈名〉
البحرية			[ālbḥryah] 海军；海军人员；海军军力〈名〉
ليّن			[layyin] 柔软的；温和的；柔嫩的〈形〉
السعادة			[āls‘ādah] 幸福；快乐；幸运〈名〉
قذر			[qadhir] 肮脏的；污秽的；卑劣的〈形〉
ليو			[līyū] 狮子；狮子座〈名〉
القارب			[ālqārb] 船；小船；艇〈名〉
أبعد			[’ab‘d] 更远的〈形〉；使远离；疏远〈动〉
بسهولة			[bshwlah] 容易地；轻易地；流利地〈副〉
سرّيّ			[sirriyy] 秘密的；机密的；私人的〈形〉
الضّابط			[ālḍḍābṭ] 军官；警官；调节器〈名〉
صحّة			[ṣḥḥah] 健康〈名〉
فان			[fān] 厢式车；客货车〈名〉
مؤكّد			[m’ukkd] 确定的；肯定的；被证实的〈形〉
جسّد			[jassada] 具体表达；使具体化；合并〈动〉
يشبّه			[yushabbihu] 把…比作；把…比作…〈动〉
المركز			[ālmrkz] 中心；中心区；焦点〈名〉
مدهش			[mudhish] 令人惊讶的；惊人的〈形〉
كرسي			[kursī] 椅子；座位；席位〈名〉
كارتر			[kārtr] 卡特（人名）〈名〉
يسمح			[yasmaḥu] 允许；准许〈动〉
التفاصيل			[āltfāṣyl] 详细资料；细节〈名〉
ورّق			[warraqa] 贴金箔于；镀金；翻阅〈动〉
الجزيرة			[āljzyrah] 岛；岛屿；半岛〈名〉
كلاهما			[klāhmā] 两者都〈代〉
النصف			[ālnṣf] 一半；半场；不完全〈名〉
أنفسهم			[’anfshm] 他们自己；她们自己；它们自己〈代〉
القرار			[ālqrār] 决定；决心；决断〈名〉
القلق			[ālqlq] 焦虑；忧虑；不安〈名〉
محاكمة			[mḥākmah] 审判；审理；审判权〈名〉
الوحش			[ālwḥsh] 怪物；恶人；巨物〈名〉
وقّع			[waqqa‘a] 签署；签名；签字〈动〉
تحسّن			[taḥassana] 改善；改进；好转〈动〉
وسيم			[wasīm] 清秀的；标致的；英俊的〈形〉
بقوة			[bqwah] 激烈地；强有力地；有说服力地〈副〉
هاتفي			[hātfy] 电话的；用电话传送的〈形〉
احضر			[āḥḍr] 参加；出席；到场〈动〉
هانا			[hānā] 汉娜〈名〉
يدفع			[yadfa‘u] 支付；付款；推动〈动〉
القائمة			[ālqā’imah] 名单；清单；列表〈名〉
القسم			[ālqsm] 部门；部分；誓言〈名〉
السهل			[ālshl] 平原；平地〈名〉；容易的〈形〉
السنّ			[ālsnn] 牙齿；年龄；齿状物〈名〉
إنظر			[’inẓr] 看；瞧；注意看〈动〉
رسم			[rasm] 图画；绘图；图表〈名〉
حذاء			[ḥdhā’] 鞋〈名〉
للأسف			[ll’asf] 可惜；遗憾的是〈副〉
اهدأ			[āhd’a] 安静；平静下来〈动〉
قصّر			[qaṣṣara] 缩短；删节；减少〈动〉
اللون			[āllwn] 颜色；面色；颜料〈名〉
العلاقة			[āl‘lāqah] 关系；关联；联系〈名〉
أصغر			[’aṣghr] 较小的；更年轻的；年少者〈形〉
سعّر			[sa‘‘ara] 定价；标价；限定价格〈动〉
الطّرق			[ālṭṭrq] 道路；方法〈名〉；敲〈动〉
مدرّب			[mudarrib] 教练；训练员；辅导者〈名〉
قوّى			[qwwā] 加强；增强；强化〈动〉
شبح			[shabaḥ] 鬼；幽灵；幻影〈名〉
مطاف			[mṭāf] 环游场；巡游场（麦加）〈名〉
أدرك			[’adrk] 意识到；领悟；赶上〈动〉
الوُحْدة			[ālwuḥdah] 孤独；单独；统一〈名〉
سوية			[swyah] 一起；共同；彼此〈副〉
جسر			[jisr] 桥；桥梁〈名〉
أطباء			[’aṭbā’] 医生（طبيب 的复数）〈名〉
كره			[kariha] 恨；憎恨；厌恶〈动〉
علامات			[‘lāmāt] 标记；记号；唛头〈名〉
ضمّن			[ḍammana] 包含；含有；意味着〈动〉
يتوقّف			[tawaqqafa] 停止；停下〈动〉
أحيانا			[’aḥyānā] 有时；偶尔〈副〉
إصلاح			[’iṣlāḥ] 修补工作〈名〉
رفض			[rafaḍa] 拒绝；不接受〈动〉
الحقير			[ālḥqyr] 卑贱的；卑鄙的；可耻的〈形〉
المطعم			[ālmṭ‘m] 餐馆；餐厅〈名〉
تيد			[tīd] 每日三次〈名〉
مصاب			[mṣāb] 受伤者；伤员；被感染的〈名〉
القاعدة			[ālqā‘dah] 规则；法则；基础；基地〈名〉
المرح			[ālmrḥ] 快乐；欢乐；有趣〈名〉
دع			[da‘] 让；允许（命令式）〈动〉
النادي			[ālnādy] 俱乐部会所〈名〉
الأموال			[āl’amwāl] 基金；资金；现金〈名〉
خطّط			[khaṭṭaṭa] 制定计划；规划〈动〉
ضروري			[ḍarūrī] 必需的；必要的〈形〉
الموقف			[ālmwqf] 态度；看法；姿势〈名〉
ينجح			[yanjaḥu] 成功；及格；获得成功〈动〉
اليدّ			[ālyd] 手；手部；把手〈名〉
الكتب			[ālktb] 书；书籍（كتاب 的复数）〈名〉
مشروب			[mashrūb] 饮料〈名〉
ضَعْف			[ḍa‘f] 虚弱；弱点；薄弱〈名〉
المساء			[ālmsā’] 黄昏；日暮〈名〉
التحديد			[āltḥdyd] 确定；限定；界定〈名〉
جينا			[jynā] 吉娜〈名〉
الحانة			[ālḥānah] 酒馆；小酒馆〈名〉
مسلسل			[musalsal] 电视剧；连续剧；连续的〈名〉
العامة			[āl‘āmmah] 公众；大众；普通民众〈名〉
التحقيقات			[āltḥqyqāt] 调查；侦查；查询〈名〉
آدم			[’ādm] 亚当；人类〈名〉
المرور			[ālmrwr] 交通；通行；通过〈名〉
جيل			[jayl] 一代；世代；一代人〈名〉
آلي			[’āly] 自动的；机器人的；像机器人的〈形〉
جانبي			[jānby] 侧面的；旁边的；一侧的〈形〉
جدار			[jdār] 墙；墙壁；隔墙〈名〉
الفرق			[ālfrq] 差别；区别；乐队〈名〉
الغضب			[ālghḍb] 愤怒；怒火；发怒〈名〉
الشّاطئ			[ālshāṭ’i] 海滩〈名〉
المغادرة			[ālmghādrah] 出发；背离；出港〈名〉
أزرق			[’azrq] 蓝色的；蓝色；忧郁的〈形〉
يسبق			[yasbiqu] 先于；领先；超过〈动〉
مختبر			[mukhtabar] 实验室〈名〉
المعركة			[ālm‘rkah] 战役；战斗〈名〉
أسهل			[’ashl] 更容易的；较容易的；更轻松的〈形〉
السوداء			[ālswdā’] 黑色的；黑色〈形〉
المسرح			[ālmsrḥ] 剧场；舞台；戏剧〈名〉
آني			[’āny] 即时的；瞬间的；猝发的〈形〉
جيسي			[jīsī] 杰西〈名〉
الذنب			[āldhnb] 罪过；罪责；过失〈名〉
الرّصاص			[ālrrṣāṣ] 子弹〈名〉
مقدار			[mqdār] 程度；量；数额〈名〉
اصبح			[āṣbḥ] 变成；成为；变得〈动〉
معجب			[mu‘jib] 赞赏的；钦佩的；羡慕的〈形〉
يضع			[yaḍa‘u] 放置；放下；摆〈动〉
السبت			[ālsbt] 星期六；安息日〈名〉
شرير			[sharīr] 邪恶的；恶的；坏的〈形〉
تسعة			[ts‘ah] 九；九个〈名〉
سوزان			[swzān] 苏珊〈名〉
الرابع			[ālrāb‘] 第四〈名〉
العدالة			[āl‘dālah] 公正；公平；正义〈名〉
السّلطة			[ālsslṭah] 权力；当权者；当局〈名〉
حرّ			[ḥurr] 自由的；不受束缚的〈形〉
كريم			[karīm] 慷慨的；宽大的〈形〉
الروح			[ālrwḥ] 精神；灵魂；心灵〈名〉
الحدّ			[ālḥdd] 边界；分界线〈名〉
الجمعة			[āljm‘ah] 星期五〈名〉
حجّر			[ḥajjara] 使成化石；使石化；用石头砸〈动〉
مشفى			[mshfā] 医院〈名〉
مفقود			[mafqūd] 缺席的；不在的；缺乏的〈形〉
حجز			[ḥajz] 预订；预约；保留〈名〉
السّماح			[ālssmāḥ] 允许〈名〉
الحافلة			[ālḥāflah] 公共汽车；总线；汇流条〈名〉
الأمل			[āl’aml] 希望；期望〈名〉
رَحَلَ			[raḥala] 离开；启程；去世〈动〉
السفر			[ālsfr] 旅行；旅游〈名〉
ستان			[stān] 斯坦〈名〉
كيلي			[kīlī] 凯利；战士〈名〉
الرقيب			[ālrqyb] 检查员；检查；审查〈名〉
الأكبر			[āl’akbr] 最大的〈形〉
كلوي			[kulyawī] 肾脏的；肾的〈形〉
أنواع			[’anwā‘] 种类；类型〈名〉
يستخدم			[yastakhdimu] 使用；利用；运用〈动〉
جوش			[jawsh] 热情；沸腾〈名〉
بو			[bū] 呸〈叹〉
الصّفقة			[ālṣṣfqah] 交易；协议；买卖〈名〉
بنات			[bnāt] 女孩儿们〈名〉
الطيران			[ālṭyrān] 航空；航空学；航空工业〈名〉
المرض			[ālmrḍ] 病痛；疾病〈名〉
مسار			[msār] 路线；轨道；跑道〈名〉
الوظيفة			[ālwẓyfah] 职务；工作；功能〈名〉
المسؤول			[ālms’uwl] 官员；公务员；职员〈名〉
يساعد			[ysā‘d] 帮助；协助〈动〉
غناء			[ghnā’] 歌唱；唱歌〈名〉
لوسي			[Lūsī] 露西〈名〉
كين			[kīn] 视野范围；知识范围；见地〈名〉
مخرج			[makhraj] 出口；出口处；输出〈名〉
التّصرّف			[ālttṣrrf] 行动；行为〈名〉
الدّفع			[ālddf‘] 付账；付出；支付分担额〈名〉
جيف			[jīf] 杰夫〈名〉
البوابة			[ālbwābah] 大门；门口；网关〈名〉
الهروب			[ālhrwb] 逃跑；逃走；潜逃〈名〉
بجدّ			[bi-jidd] 勤奋地；勤勉地〈副〉
مخيف			[mukhīf] 可怕的；吓人的〈形〉
مثله			[mithluhu] 像他那样的；与他相似者；同样的人〈名〉
الفصل			[ālfṣl] 判决；裁定；宣告〈名〉
الحرية			[ālḥryah] 自由〈名〉
الأدلة			[āl’adlah] 证据；根据；指南〈名〉
النهار			[ālnhār] 白天；日间〈名〉
حالاً			[ḥālan] 立刻；马上〈副〉
أقصى			[’aqṣā] 最远的；最大的；极度的〈形〉
التّخلّص			[ālttkhllṣ] 摆脱；免除；清除〈名〉
ينظر			[yanẓuru] 看；注视〈动〉
إنذار			[’indhār] 警告；警示；警告通知〈名〉
القوات			[ālqwāt] 势力；兵力；武装力量〈名〉
كول			[kūl] 芸苔属植物；海甘蓝〈名〉
غرّب			[gharriba] 使西洋化；使欧化〈动〉
عينيّ			[‘ayniyy] 同时用两眼的；两眼并用的；双眼的〈名〉
شاذّ			[shādhdh] 反常的；不规则的；变态的〈名〉
روما			[rwmā] 罗马〈名〉
الثّمن			[ālthmn] 价格；价钱；代价〈名〉
المرحلة			[ālmrḥlah] 阶段；时期〈名〉
أخيرا			[’akhyrā] 最后；终于〈副〉
تحوّل			[taḥawwala] 转变；变化；转型〈动〉
بشري			[basharī] 人类的；人间的〈形〉
الديك			[āldyk] 公鸡；雄禽〈名〉
أسوء			[’asw’] 更坏的；最坏的〈形〉
واشنطن			[wāshnṭn] 华盛顿〈名〉
الحلوى			[ālḥlwā] 正餐后的甜食〈名〉
الحرارة			[ālḥrārah] 热；温度；暑热〈名〉
إختبار			[’ikhtbār] 考试；测验；考验〈名〉
ذكريات			[dhkryāt] 回忆；记忆〈名〉
سائل			[sā’il] 发问者；请求者〈名〉
زجاجة			[zjājah] 瓶；玻璃瓶；一瓶的量〈名〉
السرية			[ālsryah] 保密；机密性；秘密状态〈名〉
قانوني			[qānwny] 法律的；法定的；合法的〈形〉
عقلي			[‘aqlī] 理智的；智力的；精神的〈形〉
الكوكب			[ālkwkb] 行星；命运星辰；杰出的人〈名〉
محرّك			[muḥarrik] 发动机；引擎；推动者〈名〉
الطوارئ			[ālṭwār’i] 紧急情况；突发事件〈名〉
يعتمد			[’i‘tamada] 依靠；依赖；信赖〈动〉
يتكلّم			[yatakallamu] 说话；讲话〈动〉
برّد			[barrada] 使冷却；使变凉；使冷静〈动〉
كوب			[kūb] 杯子；一杯〈名〉
التنفّس			[āltnffs] 呼吸；呼吸作用〈名〉
الشّريط			[ālshryṭ] 带子；磁带；胶带〈名〉
الحَكَم			[ālḥakam] 仲裁人；公断者；公断人〈名〉
كوين			[kwīn] 硬币〈名〉
المفاتيح			[ālmfātyḥ] 钥匙；关键；要害〈名〉
منطقيّ			[mantiqiyy] 合乎逻辑的；合理的〈形〉
جائع			[jā’i‘] 饥饿的；渴望的〈形〉
تخيّل			[takhayyala] 想象；设想〈动〉
يتّصل			[’ittaṣala] 联系；连接；接通〈动〉
السّير			[ālssyr] 行走；行进；进行〈名〉
الأفلام			[āl’aflām] 电影；薄膜；胶片〈名〉
وجدتها			[wjdthā] 找到了；发现了〈动〉
مطلوب			[maṭlūb] 被要求的；所需的；抢手的〈形〉
التّدريب			[ālttdryb] 训练；培训；练习〈名〉
البدء			[ālbd’] 开始；开端〈名〉
الخدمة			[ālkhdmah] 服务；服役；礼拜〈名〉
طبّ			[ṭibb] 医学；医术〈名〉
المجموعة			[ālmjmw‘ah] 组；群；集团〈名〉
عالي			[‘āly] 高的；高贵的；高级的〈形〉
شيكاغو			[shykāghw] 芝加哥〈名〉
قفز			[qafaza] 跳；跳跃〈动〉
طرف			[ṭaraf] 边；端；方面；一方〈名〉
أوقف			[’awqf] 使停止；使停下；使停职〈动〉
الصبي			[ālṣby] 少年；年青人；老弟〈名〉
مميّز			[mumayyaz] 独特的；卓越的；有特色的〈形〉
فرنسا			[frnsā] 法国〈名〉
غَرَفَ			[gharafa] 舀；舀取〈动〉
فقدان			[fqdān] 丧失；失去；损失〈名〉
السطح			[ālsṭḥ] 面；表面；水面〈名〉
روبن			[rūbin] 旅鸫；刺槐毒素〈名〉
رسمي			[rasmī] 官方的；正式的〈形〉
بقتل			[bi-qatl] 杀死地；以杀的方式〈副〉
صدّق			[ṣaddaqa] 相信；确信；证实〈动〉
مفتوح			[maftūḥ] 开着的；敞开的；开放的〈形〉
أمسك			[’amsk] 抓住；握住；逮捕〈动〉
مقرف			[muqrif] 令人厌恶的；恶心的〈形〉
الحيّ			[ālḥyy] 街区；居民区；邻区〈名〉
الجنود			[āljnwd] 士兵们；军队〈名〉
اتفاق			[ātfāq] 协议；协定；一致〈名〉
مجلة			[mjlah] 杂志；星期专刊；期刊〈名〉
الحركة			[ālḥrkah] 运动；移动；动作〈名〉
كاليفورنيا			[kālyfwrnyā] 加利福尼亚〈名〉
دوري			[dawrī] 联赛；锦标赛；周期的；循环的〈名〉
بحيرة			[bḥyrah] 湖；湖泊〈名〉
يطلب			[yaṭlubu] 他要求；请求〈动〉
البيانات			[ālbyānāt] 数据；资料〈名〉
كارين			[kāryn] 凯伦；克伦邦〈名〉
معقول			[maqbūl] 合理的；说得通的；可接受的〈形〉
معلّم			[mu‘allim] 教师；老师〈名〉
فريد			[farīd] 独特的；独一无二的；珍奇的〈形〉
جودي			[Jūdī] 朱迪〈名〉
النظرة			[ālnẓrah] 注视；凝视〈名〉
عزيز			[‘azīz] 亲爱的；珍贵的〈形〉
أجمل			[’ajml] 更美丽的；更美的〈形〉
درّس			[darrasa] 教授；讲授；教〈动〉
ملكي			[malakiyy] 君主的；王室的；君主政体的〈形〉
الأوراق			[āl’awrāq] 纸张；文件；树叶〈名〉
أرد			[’ard] 我想要；我愿意〈动〉
ضعيف			[ḍa‘īf] 虚弱的；脆弱的；意志薄弱的〈形〉
جَلَدَ			[jalada] 鞭打；抽打〈动〉
يطلق			[yaṭliqu] 释放；松开；不受约束地表达〈动〉
الحديقة			[ālḥdyqah] 花园；果园；菜园〈名〉
الأماكن			[āl’amākn] 地点；位置；位数〈名〉
جونز			[Jūnz] 琼斯〈名〉
مجرّم			[mujarrim] 罪犯；犯罪分子〈名〉
الشّوارع			[ālshwār‘] 大街；林阴大道〈名〉
سرق			[saraqa] 偷；窃取；抢劫〈动〉
السريع			[ālsry‘] 快车；快递；专使〈名〉
الشكر			[ālshkr] 谢谢；感谢〈名〉
ملاحظة			[mlāḥẓah] 笔记；注释；观察〈名〉
ظِلّ			[ẓill] 阴影；本影；暗影〈名〉
الهند			[ālhnd] 印度〈名〉
القرن			[ālqrn] 世纪；角〈名〉
الجمال			[āljmāl] 美；美人〈名〉
الحضور			[ālḥḍwr] 出席；在场〈名〉
بهدوء			[bihudū'] 平静地；安静地〈副〉
الجنرال			[āljnrāl] 将军〈名〉
نيو			[nīyū] 纽埃岛〈名〉
السوق			[ālswq] 商业中心；市场〈名〉
إسمي			[’ismy] 我的名字〈名〉
مساعد			[msā‘d] 助手；助理〈名〉
المحاولة			[ālmḥāwlah] 尝试；企图〈名〉
ديف			[dīf] 戴夫〈名〉
المتجر			[ālmtjr] 商场；大百货商店〈名〉
يدور			[yadūru] 旋转；转动〈动〉
اسفل			[āsfl] 下面；底部〈名〉
السمك			[ālsmk] 鱼；鱼肉；鱼类〈名〉
قبّعة			[qbb‘ah] 帽子〈名〉
دافع			[dāf‘] 动机；原因〈名〉
عصير			[‘aṣīr] 果汁〈名〉
مكتوب			[maktūb] 书面的；写下的〈形〉
حيّد			[ḥayyid] 中性的；中立的〈形〉
المشي			[ālmshy] 步行；走路〈名〉
الكحول			[ālkḥwl] 酒精；酒；醇〈名〉
الإجابة			[āl’ijābah] 答案；回答；回报〈名〉
العين			[āl‘yn] 眼睛；泉眼；监视者〈名〉
فضّل			[faḍḍala] 更喜欢；宁愿；偏爱〈动〉
البشرية			[ālbshryah] 人类；人性；人道〈名〉
طقّس			[ṭuqs] 仪式；典礼；祭礼〈名〉
الأغنية			[āl’aghnyah] 歌曲；歌；曲调〈名〉
بارك			[bārk] 祝福；祈佑〈动〉
لاري			[lāry] 拉里〈名〉
فارغ			[fārgh] 空的；空虚的；空腹的〈形〉
حزّن			[ḥazzana] 使悲伤；使忧愁〈动〉
الفرّاش			[ālfrrāsh] 旅馆侍者；旅馆服务员〈名〉
يترك			[yatruku] 离开；留下；放弃〈动〉
الوقود			[ālwqwd] 燃料；供给燃料〈名〉
الدليل			[āldlyl] 目录；指南；证据〈名〉
اللغة			[āllghah] 语言；文字；措辞〈名〉
القواعد			[ālqwā‘d] 规则；语法；基础〈名〉
ساحر			[sāḥr] 迷人的；有魅力的〈形〉
طرد			[ṭarada] 驱逐；开除；解雇〈动〉
المستوى			[ālmstwā] 水平；等级；层面〈名〉
الخامس			[ālkhāms] 第五〈名〉
العدوّ			[āl‘dww] 敌人；敌手；对手〈名〉
يصدّق			[yaṣaddiqu] 相信；认为真实〈动〉
التحرّك			[āltḥrrk] 移动；运动；活动〈名〉
جنسي			[jinsī] 性的；性别的〈形〉
العلم			[āl‘lm] 科学；学问；旗帜〈名〉
العنوان			[āl‘nwān] 地址；标题；题目〈名〉
الشر			[ālshr] 恶；邪恶；祸害〈名〉
الشّرطيّ			[ālshrṭyy] 警察〈名〉
جبال			[jbāl] 山；山脉〈名〉
السرطان			[ālsrṭān] 癌〈名〉
الألعاب			[āl’al‘āb] 游戏；比赛；运动会〈名〉
وزارة			[wzārah] 部；内阁；部长职位〈名〉
ينتظر			[yantaẓiru] 等候；等待；期待〈动〉
صمت			[ṣamt] 沉默；寂静〈名〉
حشّ			[ḥashsh] 填塞；填料；装填〈名〉
القنبلة			[ālqnblah] 炸弹；轰炸〈名〉
الأمير			[āl’amyr] 王子；亲王；君主〈名〉
الإنسان			[āl’insān] 人；人类〈名〉
القرية			[ālqryah] 村庄；乡村〈名〉
القوانين			[ālqwānyn] 法律；规章〈名〉
باتريك			[bātryk] 帕特里克〈名〉
يسير			[yasīr] 容易的；轻微的〈形〉
الجهاز			[āljhāz] 器械；设备；器官〈名〉
مصنّع			[muṣanni‘] 制造商；制造厂〈名〉
المجلس			[ālmjls] 委员会；议会；会议〈名〉
الشّقّة			[ālshqqah] 公寓；一套房间〈名〉
العكس			[āl‘ks] 相反；反面〈名〉
تقبُّل			[tqbbul] 接受；接纳；无怨接受〈名〉
النّفس			[ālnnfs] 灵魂；自身；呼吸〈名〉
لورا			[lwrā] 劳拉〈名〉
العمليات			[āl‘mlyāt] 运作；运营；业务操作〈名〉
روجر			[rūjar] 罗杰〈名〉
مهتمّ			[muhtamm] 关心的；感兴趣的〈形〉
اليسار			[ālysār] 左；左面〈名〉
كاذب			[kādhb] 说谎的；撒谎者〈形〉
جايك			[jāyk] 杰克〈名〉
مسموح			[masmūḥ] 允许的；被许可的〈形〉
المجتمع			[ālmjtm‘] 社会；社交界；交往〈名〉
نشر			[nashr] 出版；发表；发布〈名〉
الخطر			[ālkhṭr] 危险；威胁；危险物〈名〉
المطار			[ālmṭār] 飞机场；航空站；机场〈名〉
بجدية			[bjdyah] 严肃地；认真地〈副〉
الظّهر			[ālẓẓhr] 背部；背；中午〈名〉
القمامة			[ālqmāmah] 垃圾；废物；无用信息〈名〉
السباحة			[ālsbāḥah] 游泳〈名〉
الأوقات			[āl’awqāt] 时代；境遇；时报〈名〉
البنك			[ālbnk] 银行；堤；岸〈名〉
المريض			[ālmryḍ] 病人；患者；患病的〈名〉
الشمال			[ālshmāl] 北方；北；北的〈名〉
محدّد			[muḥaddid] 限定的；确定的〈形〉
يفكّر			[yufakkiru] 思考；想〈动〉
الشّجاعة			[ālshjā‘ah] 勇敢〈名〉
سبّع			[sabba‘a] 使成七倍；乘七〈动〉
الأمان			[āl’amān] 安全；保险；平安〈名〉
الموعد			[ālmw‘d] 约会；委任的职位；委派〈名〉
شرعي			[shar‘iyy] 合法的；正当的〈形〉
الطبيعة			[ālṭby‘ah] 自然；本性；性质〈名〉
ظهور			[ẓuhūr] 出现；显现〈名〉
تشرّب			[tasharraba] 吸收；汲取〈动〉
كاري			[kāry] 咖喱〈名〉
تحويل			[taḥwīl] 转换；转变；兑换〈名〉
مذكرة			[mdhkrah] 备忘录〈名〉
التأكد			[ālt’akd] 确信；肯定〈名〉
إتّصل			[’ittṣl] 联系；联络〈动〉
الكليّة			[ālklyyah] 学院；大学；学会〈名〉
حاكم			[ḥākm] 统治者；裁判〈名〉
الحادث			[ālḥādth] 意外事件；机遇；事故〈名〉
الكعك			[ālk‘k] 糕点；饼〈名〉
الوقوف			[ālwqwf] 站立；停止〈名〉
الحائط			[ālḥā’iṭ] 墙；墙壁；垣〈名〉
فخور			[fakhūr] 骄傲的；自大的；自豪的〈名〉
روعة			[rw‘ah] 壮丽；华美；精彩〈名〉
قابل			[qābl] 可接受的；可…的；会见者〈名〉
بطولة			[bṭwlah] 锦标赛；冠军；扮演主角〈名〉
يعتبر			[’i‘tabara] 认为；被视为；考虑〈动〉
الرسائل			[ālrsā’il] 书信；书信体诗文；鱼雁〈名〉
المتعة			[ālmt‘ah] 兴味；娱乐；消遣〈名〉
ديل			[dīl] 小谷；小溪谷；小凹〈名〉
العسل			[āl‘sl] 蜂蜜；亲爱的；花蜜〈名〉
مسرور			[masrūr] 高兴的；快乐的〈名〉
المحطة			[ālmḥṭah] 车站；站；局〈名〉
الجسم			[āljsm] 身体；人；尸体〈名〉
فيليب			[fīlīb] 菲利普；爱马的人〈名〉
العمّ			[āl‘mm] 叔父；伯父〈名〉
مؤسف			[m’usf] 可悲的；可惜的；抱歉的〈名〉
الأطباء			[āl’aṭbā’] 医生〈名〉
الدّجاج			[ālddjāj] 鸡；鸡肉〈名〉
الخنزير			[ālkhnzyr] 猪；公猪〈名〉
المقابل			[ālmqābl] 对应物；相对物；报酬〈名〉
لذيذ			[ladhīdh] 特别美味的〈名〉
وقف			[waqf] 停止；暂停；宗教捐赠〈名〉
ستيفن			[sutīfin] 史蒂文〈名〉
الغرض			[ālghrḍ] 目的；意向；决心〈名〉
معالجة			[m‘āljah] 治疗；处理〈名〉
ماركوس			[mārkws] 马库斯〈名〉
الأمريكيّ			[āl’amrykyy] 美国人；美洲人〈名〉
الشعب			[ālsh‘b] 人民；民族〈名〉
الأحداث			[āl’aḥdāth] 事件；事变；时事〈名〉
الخمر			[ālkhmr] 酒；酒精饮料〈名〉
التوقيت			[āltwqyt] 时间控制；时间安排；计时〈名〉
السرّ			[ālsrr] 秘密；机密；秘诀〈名〉
الكهرباء			[ālkhrbā’] 电；电流；电学〈名〉
صدفة			[ṣdfah] 贝壳；壳；外形〈名〉
الإثنان			[āl’ithnān] 星期一〈名〉
مقبّل			[muqabbil] 吻；接吻；轻拂〈名〉
مولي			[mawlī] 主人；庇护人；门徒〈名〉
سفلي			[suflī] 下方的；下面的〈形〉
فرانكي			[frānky] 弗兰基〈名〉
الطّيور			[ālṭṭywr] 鸟类；禽〈名〉
جبان			[jbān] 懦夫；怯懦者；胆小鬼〈名〉
كايت			[kāyt] 凯特〈名〉
باري			[bāry] 巴里〈名〉
الشرف			[ālshrf] 荣誉；尊严；名誉〈名〉
تعويذة			[‘wydhah] 咒语；护身符；符咒〈名〉
قرد			[qird] 猴子；猿〈名〉
هامّ			[hāmm] 重要的；重大的〈形〉
ريبيكا			[rybykā] 丽贝卡〈名〉
المرضى			[ālmrḍā] 病人〈名〉
لازم			[lāzm] 必需的；必要的〈形〉
الأرواح			[āl’arwāḥ] 灵魂；精神〈名〉
عصَرَ			[‘ṣara] 榨（汁）；挤压〈动〉
يجد			[wajada] 找到；发现〈动〉
لاحق			[lāḥq] 后来的；随后的〈形〉
العقيد			[āl‘qyd] 陆军上校；长官〈名〉
المرّات			[ālmrrāt] 次；倍〈名〉
طبّق			[ṭabbaqa] 涂；应用；实施〈动〉
كيل			[kīl] 量器；计量；干量单位〈名〉
مقدّس			[muqaddas] 神圣的；被尊为圣的〈形〉
الصّغار			[ālṣṣghār] 小孩们；幼者；晚辈〈名〉
فينس			[fīns] 文斯〈名〉
معتاد			[m‘tād] 习惯的；习以为常的；上瘾的〈形〉
ماريا			[māryā] 玛丽亚〈名〉
ساخن			[sākhn] 热的；激昂的；兴奋的〈形〉
جسدي			[jasadī] 肉体的；身体的；肉欲的〈形〉
الدين			[āldyn] 宗教；信仰；债务〈名〉
إهدأ			[’ihd’a] 安静下来；冷静〈动〉
يتطلّب			[yataṭlabu] 需要；要求〈动〉
سميث			[smīth] 铁匠；金属品工匠；锻造工〈名〉
هارفي			[hārfy] 哈维〈名〉
إيما			[’iymā] 艾玛〈名〉
يكذب			[yakdhibu] 说谎；撒谎〈动〉
الأحَدّ			[āl’aḥadd] 星期日；礼拜日〈名〉
جوليا			[jwlyā] 朱莉娅〈名〉
صفّر			[ṣaffara] 嘟嘟响；鸣笛；吹哨〈动〉
وايت			[wāyt] 韦特〈名〉
بوضوح			[biwuḍūḥ] 清楚地；明白地〈副〉
جدّد			[jaddada] 更新；翻新；革新〈动〉
الجرائم			[āljrā’im] 犯罪〈名〉
معدّل			[mu‘addal] 改良的；修改的；平均的〈形〉
ديريك			[dīrīk] 德里克〈名〉
الضحايا			[ālḍḥāyā] 受害者；遇难者〈名〉
البرد			[ālbrd] 感冒；寒冷〈名〉
اللّوحة			[ālllwḥah] 画；牌匾；板〈名〉
أنقذ			[’anqdh] 拯救；挽救〈动〉
الحمقى			[ālḥmqā] 傻瓜〈名〉
أميال			[’amyāl] 英里〈名〉
عنى			[‘nā] 意指；意味着〈动〉
تيم			[tīm] 蒂姆〈名〉
هيلين			[Hīlīn] 海琳〈名〉
الرياح			[ālryāḥ] 风；气流〈名〉
مجهول			[majhūl] 未知的；无名的；匿名的〈形〉
الرائحة			[ālrā’iḥah] 气味；香味〈名〉
التركيز			[āltrkyz] 集中；专心；浓度〈名〉
وطني			[waṭanī] 国家的；民族的；爱国的〈形〉
عميق			[‘amīq] 深的；深刻的；深奥的〈形〉
باركر			[bārkr] 帕克（人名）〈名〉
القصص			[ālqṣṣ] 故事；叙事〈名〉
السباق			[ālsbāq] 竞赛；比赛；领先〈名〉
كارول			[kārwl] 卡罗尔〈名〉
مكاني			[mkāny] 空间的；受空间条件限制的〈形〉
تهرّب			[taharrub] 溜掉；逃避；推卸〈名〉
النّقطة			[ālnnqṭah] 点；句点；地点〈名〉
الفرقة			[ālfrqah] 队；乐队；小组〈名〉
الطقس			[ālṭqs] 天气；气象；处境〈名〉
هادئ			[hād’i] 平静的；无风的；镇定的〈形〉
المبلغ			[ālmblgh] 金额；款项〈名〉
أدوية			[’adwyah] 药；药品〈名〉
سقّف			[saqqafa] 装天花板；装船内衬板〈动〉
مبكر			[mubakkir] 早的；提前的〈形〉
مزعج			[muz‘ij] 恼人的；讨厌的〈形〉
مذنب			[mudhnib] 犯罪的；有过失的；自觉有错的〈形〉
البكاء			[ālbkā’] 哭；哭泣〈名〉
الحساب			[ālḥsāb] 计算；算术；账户〈名〉
قبول			[qabūl] 接受；接纳；录取〈名〉
صوتيّ			[ṣawtiyy] 声音的；语音的；声学的〈形〉
المقبّل			[ālmqbbl] 接吻的人〈名〉
دار			[dār] 宅邸；家；宅院〈名〉
نيت			[nīt] 全国英语教师协会〈名〉
نهائي			[nhā’iy] 最后的；最终的；决赛的〈形〉
الأبواب			[āl’abwāb] 大门；入口；通道〈名〉
مخزّن			[mukhazzin] 仓库；储藏室；储存〈名〉
زوي			[Zūy] 佐伊（女子名）〈名〉
يعاني			[y‘āny] 受苦；遭受；患病〈动〉
يتغيّر			[yataghayyaru] 改变；变化〈动〉
ليسا			[lysā] 丽莎〈名〉
مدخل			[madkhal] 入口；入门；条目〈名〉
الغناء			[ālghnā’] 歌唱；唱歌〈名〉
الكتابة			[ālktābah] 书写；写作〈名〉
الولاية			[ālwlāyah] 地方长官的职位；县；县长的职权〈名〉
العنف			[āl‘nf] 暴力；强暴行为〈名〉
لورين			[Lūrīn] 洛林；罗琳〈名〉
الشجرة			[ālshjrah] 树；树状图；家谱〈名〉
منصّب			[manṣib] 职位；职务〈名〉
الحصان			[ālḥṣān] 马〈名〉
الصين			[ālṣyn] 中国；瓷器〈名〉
المطر			[ālmṭr] 雨水〈名〉
إصابة			[’iṣābah] 受伤；感染；命中〈名〉
الخيار			[ālkhyār] 黄瓜；胡瓜〈名〉
مالي			[māly] 财政的；金融的〈形〉
اللطيف			[āllṭyf] 温和的；亲切的〈形〉
الحريق			[ālḥryq] 火灾；大火〈名〉
مسرحية			[msrḥyah] 戏剧；剧本〈名〉
جولي			[Jūlī] 朱莉〈名〉
الدور			[āldwr] 角色；职责；任务〈名〉
حرّف			[ḥarrafa] 歪曲；扭曲〈动〉
الدعم			[āld‘m] 支持；支援〈名〉
عمّق			[‘ammaqa] 加深；使深化〈动〉
مخطئ			[mkhṭ’i] 犯错的；错误的〈形〉
المجنون			[ālmjnwn] 疯子；狂人〈名〉
خاصتي			[khāṣty] 我的；我的东西〈形〉
الصّيد			[ālṣṣyd] 打猎；狩猎；渔猎〈名〉
المسافة			[ālmsāfah] 距离；路程〈名〉
الصواب			[ālṣwāb] 正确；正道；正确答案〈名〉
الجثث			[āljthth] 死尸；尸体〈名〉
جاكي			[jāky] 杰基（男子名）〈名〉
سمّ			[samm] 毒；毒物；毒药〈名〉
الأميرة			[āl’amyrah] 公主；王妃〈名〉
مؤلم			[m’ulm] 痛苦的；令人痛苦的；折磨人的〈形〉
دونا			[dwnā] 女士；堂娜〈名〉
الغاز			[ālghāz] 气体；煤气；瓦斯〈名〉
كيفين			[kīfīn] 凯文〈名〉
مباشر			[mbāshr] 直接的；直率的〈形〉
البطل			[ālbṭl] 冠军；拥护者；战士〈名〉
مفتّش			[mufattash] 检查员；视察员；稽查员〈名〉
درّج			[darraja] 分级；分度；使成梯级〈动〉
العادة			[āl‘ādah] 习惯；惯例；风俗〈名〉
عبث			[‘abath] 胡闹；乱动；摆弄〈名〉
الزّهور			[ālzzhwr] 花；花丛；花簇〈名〉
مشترك			[mushtarak] 共同的；共享的；参加者〈形〉
نينا			[nynā] 尼娜〈名〉
الإثنين			[āl’ithnyn] 星期一〈名〉
الأرقام			[āl’arqām] 数字；号码〈名〉
الجسر			[āljsr] 桥；桥梁〈名〉
الشرب			[ālshrb] 喝；饮水；喝酒〈名〉
العلاقات			[āl‘lāqāt] 关系；情爱关系；血缘关系〈名〉
الملفّات			[ālmlffāt] 文件夹；档案〈名〉
الطلاق			[ālṭlāq] 离婚；分离〈名〉
يحضر			[yaḥḍuru] 参加；出席；在场〈动〉
الوداع			[ālwdā‘] 告别；辞行；再见〈名〉
المشاعر			[ālmshā‘r] 感情；情绪；心情〈名〉
النّيران			[ālnnyrān] 火；火焰；炉火〈名〉
الحليب			[ālḥlyb] 奶；乳汁；乳状物〈名〉
أشباح			[’ashbāḥ] 幽灵；鬼；幻影〈名〉
يردّ			[yaruddu] 回答；回复；回应〈动〉
يقع			[yaqa‘u] 位于；坐落在；发生〈动〉
أكيد			[’akyd] 确定的；肯定的；无疑的〈形〉
الفائدة			[ālfā’idah] 好处；益处；利息〈名〉
الأفكار			[āl’afkār] 想法；思想；观点〈名〉
الصراخ			[ālṣrākh] 喊叫；尖叫；大声呼喊〈名〉
متزوّج			[mutazawwij] 已婚的；有配偶的〈形〉
مارتي			[mārty] 马蒂〈名〉
القدرة			[ālqdrah] 能力；才能；力量〈名〉
إقامة			[’iqāmah] 居住；逗留；举行（仪式）〈名〉
عادل			[‘ādl] 公平的；公正的；不偏不倚的〈形〉
مخلوق			[makhlūq] 生物；造物；被造之物〈名〉
الآخرون			[āl’ākhrwn] 其他人〈名〉
مظهر			[maẓhar] 外观；外表；表现形式〈名〉
ابدأ			[ābd’a] 开始；着手〈动〉
رحمة			[rḥmah] 怜悯；仁慈；慈悲〈名〉
اللّوم			[āllwm] 责备；指责；归咎〈名〉
الأوامر			[āl’awāmr] 命令；指令〈名〉
كاتب			[kātb] 作家；作者；文书〈名〉
سايمون			[sāymwn] 西蒙〈名〉
ساره			[sārh] 萨拉（女子名）〈名〉
البيرة			[ālbyrah] 啤酒〈名〉
المكسيك			[ālmksyk] 墨西哥〈名〉
علمي			[‘ilmī] 科学的；学术的〈形〉
البقية			[ālbqyah] 其余；剩余部分；其余的人〈名〉
الموادّ			[ālmwādd] 材料；原料；科目〈名〉
رايتشل			[rāytshl] 雷切尔〈名〉
تصنّع			[taṣanna‘] 制造；工业〈名〉
هولي			[hūlī] 冬青树〈名〉
الحزن			[ālḥzn] 悲伤；哀伤〈名〉
الأسنان			[āl’asnān] 牙齿〈名〉
الحمض			[ālḥmḍ] 酸；酸类物质；尖刻〈名〉
دمية			[dmyah] 玩偶；布娃娃〈名〉
ممثّل			[mumaththil] 演员；代表〈名〉
دوّ			[daww] 回响；鸣响；反响〈名〉
التسجيل			[āltsjyl] 登记；注册；录音〈名〉
الوطن			[ālwṭn] 本国；故国〈名〉
حزام			[ḥzām] 腰带；束腰带〈名〉
يجلس			[jalasa] 坐〈动〉
الأمام			[āl’amām] 前面；前方〈名〉
النجاح			[ālnjāḥ] 成功〈名〉
يغادر			[yghādr] 离开；出发；开出〈动〉
نوّر			[nawwara] 照亮；点亮〈动〉
الهدوء			[ālhdw’] 安静；宁静〈名〉
مغلق			[mughlaq] 关闭的；限于少数人的；关闭指令〈名〉
الخبز			[ālkhbz] 各种面包〈名〉
يستمر			[yastamirru] 继续；持续〈动〉
يمتلك			[yamliku] 拥有；持有〈动〉
دوغ			[Dūgh] 道格〈名〉
الخاتم			[ālkhātm] 戒指；图章〈名〉
مخيّم			[mukhayyam] 营地；露营地〈名〉
يأكل			[y’akl] 吃〈动〉
السرقة			[ālsrqah] 偷窃；盗窃〈名〉
الملفّ			[ālmlff] 捆缚者；用以绑缚之物；活页夹〈名〉
السكر			[ālskr] 糖；糖尿病〈名〉
الشّأن			[ālsh’an] 事件；事务；恋爱事件〈名〉
ميشيل			[mīshīl] 米歇尔〈名〉
المحامي			[ālmḥāmy] 律师；辩护人〈名〉
مصرّف			[muṣarrif] 动词变位；变化形式〈名〉
صلّب			[ṣallaba] 使坚固；锻炼；钉十字架〈动〉
السيف			[ālsyf] 双刃长剑〈名〉
تسوّق			[tasawwuq] 购物〈名〉
الأوغاد			[āl’awghād] 恶棍；卑鄙的人〈名〉
مسح			[masḥ] 擦；擦拭；抹〈名〉
القرف			[ālqrf] 污物；粪便〈名〉
الحبوب			[ālḥbwb] 谷类食品；谷类〈名〉
الزعيم			[ālz‘ym] 酋长；首领〈名〉
أماندا			[’amāndā] 阿曼达〈名〉
سابقا			[sābqā] 以前；先前〈副〉
المقعد			[ālmq‘d] 座位；座椅〈名〉
لوكاس			[lwkās] 卢卡斯〈名〉
النتائج			[ālntā’ij] 结果；成果〈名〉
الظّروف			[ālẓẓrwf] 副词〈名〉
سلّم			[sallama] 递送；交付；移交〈动〉
التّقرير			[ālttqryr] 报告；报道〈名〉
المختبر			[ālmkhtbr] 实验室；研究室；化工厂〈名〉
الكرسيّ			[ālkrsyy] 椅子；座位〈名〉
الحلم			[ālḥlm] 梦；梦想〈名〉
إستمع			[’istm‘] 听；倾听；听从〈动〉
مدين			[madīn] 负债的；欠债的〈形〉
فائز			[fā’iz] 获胜者；获奖者〈名〉
الجنسية			[āljnsyah] 国籍；国家；民族性〈名〉
روبي			[rūbī] 红宝石；深红色；红宝石色的〈名〉
البيتزا			[ālbytzā] 比萨饼〈名〉
ظهري			[ẓahrī] 背部的；背面的〈形〉
الإشارة			[āl’ishārah] 信号；指示；手势〈名〉
الجنوب			[āljnwb] 南方；南〈名〉
محمد			[muḥammad] 穆罕默德〈名〉
مالم			[mālm] 除非〈连〉
عدّل			[‘addala] 调整；修改；校正〈动〉
المصعد			[ālmṣ‘d] 电梯；升降机〈名〉
ذئب			[dh’ib] 狼〈名〉
الجبن			[āljbn] 懦弱；胆小〈名〉
اللازم			[āllāzm] 不及物的；不及物动词〈名〉
طبي			[ṭibbī] 医学的；医疗的〈形〉
روحي			[rūḥiyy] 精神的；心理的；灵魂的〈形〉
القبو			[ālqbw] 土窖；地穴；地下室〈名〉
المجال			[ālmjāl] 领域；范围；界〈名〉
المثال			[ālmthāl] 例子；榜样；典范〈名〉
الباقي			[ālbāqy] 剩余的；其余的〈形〉
شعري			[sha‘riyy] 毛状的；头发的〈形〉
عالمي			[‘ālmy] 世界的；全球的〈形〉
مدّعي			[mudda‘ī] 原告；声称者；自称的〈名〉
غاري			[ghāry] 盖理〈名〉
توبي			[tūbī] 托比（人名）〈名〉
الأشجار			[āl’ashjār] 树木；乔木；树状结构〈名〉
القطع			[ālqṭ‘] 切断；除去；切除〈名〉
بارع			[bār‘] 灵巧的；娴熟的〈形〉
العقد			[āl‘qd] 合同；契约；结；十年〈名〉
الحارس			[ālḥārs] 守卫；看守人；守门员〈名〉
السّعة			[ālss‘ah] 容量；容积；宽度〈名〉
حزين			[ḥazīn] 伤心的；悲哀的〈形〉
بار			[bār] 扶手杠；横档〈名〉
أوليفيا			[’awlyfyā] 奥利维亚〈名〉
أبله			[’ablh] 愚蠢的；傻的〈形〉
ذرة			[dhrah] 原子；玉米；微粒〈名〉
مليء			[malī’] 充满…的；装满的〈形〉
الرّؤية			[ālru’yah] 视力；视觉；见解〈名〉
مأمور			[m’amwr] 官员；公务员；警官〈名〉
هرقل			[Hiraql] 赫拉克勒斯；大力士；武仙座〈名〉
بروك			[brūk] 布鲁克〈名〉
ليز			[līz] 莉斯〈名〉
تظاهر			[tẓāhr] 假装；佯装；示威〈动〉
المركزية			[ālmrkzyah] 中央集权；集中制〈名〉
خشب			[khashab] 木头；木材；木料〈名〉
الحمل			[ālḥml] 怀孕；负荷；搬运〈名〉
الخطوة			[ālkhṭwah] 脚步；脚步声；足迹〈名〉
الحجم			[ālḥjm] 大小；尺寸；规模〈名〉
تكساس			[tksās] 德克萨斯〈名〉
الرئيسة			[ālr’iysah] 女主席；女议长〈名〉
العاصمة			[āl‘āṣmah] 首都；首府〈名〉
الجدّ			[āljdd] 祖父；外祖父〈名〉
الشبكة			[ālshbkah] 网；网络〈名〉
بوني			[būnī] 邦妮〈名〉
الجبل			[āljbl] 山；高山〈名〉
ملعون			[mal’ūn] 被诅咒的〈形〉
قرّر			[qarrara] 决定；决心〈动〉
إيميلي			[’iymyly] 埃米莉〈名〉
رون			[rūn] 研究法辛烷值〈名〉
التّغيير			[ālttghyyr] 变更；改动〈名〉
المدرّب			[ālmdrrb] 教练；教官；训练员〈名〉
المادّة			[ālmāddah] 物质；材料；条款；文章〈名〉
العزيز			[āl‘zyz] 亲爱的；可爱的人；可爱的物〈名〉
نائم			[nā’im] 睡着的；长眠的；麻木的〈形〉
ماعدا			[mā‘dā] 除…之外；把…排除在外〈介〉
بالغ			[bālgh] 成年的；成人的；极度的〈形〉
الممرّ			[ālmmrr] 走廊；侧廊；过道〈名〉
العظام			[āl‘ẓām] 骨骼；尸体〈名〉
العاصفة			[āl‘āṣfah] 暴风雨；风暴〈名〉
حثّ			[ḥathth] 敦促；激励〈名〉
فاشل			[fāshl] 失败的；不成功的〈形〉
الحماية			[ālḥmāyah] 保护；防护〈名〉
إيريك			[’iyryk] 埃里克（男子名）〈名〉
الدولة			[āldwlah] 国家；政府〈名〉
المشهد			[ālmshhd] 场景；场面；镜头〈名〉
اسمح			[’asmḥ] 允许；请允许〈动〉
أنْصَتَ			[’anṣata] 倾听；聆听〈动〉
الحاكم			[ālḥākm] 州长；总督；统治者〈名〉
متوقّع			[mutawaqqa‘] 预期的；预料之中的〈形〉
المعرفة			[ālm‘rfah] 知识；认识；熟知〈名〉
الرأي			[ālr’ay] 意见；评价；主张〈名〉
مشهور			[mashhūr] 驰名的；有名的〈形〉
شلّ			[shalla] 使瘫痪；使麻痹〈动〉
صوفي			[ṣūfī] 苏菲派的；苏菲修行者〈名〉
إجلس			[’ijls] 坐；请坐〈动〉
العسكرية			[āl‘skryah] 军事；军队〈名〉
الرفاق			[ālrfāq] 亲密的伙伴；战友；朋友〈名〉
الوعي			[ālw‘y] 意识；认识；识别〈名〉
يغيّر			[yughayyiru] 改变；更改〈动〉
الحرّاس			[ālḥrrās] 警卫；卫兵〈名〉
ثلاثون			[thlāthwn] 三十；三十个〈名〉
ثقب			[thuqb] 孔；洞；穿孔〈名〉
تابع			[tāb‘] 信徒；追随者；附着的〈名〉
يهرب			[yahribu] 逃跑；逃脱〈动〉
القصر			[ālqṣr] 宫殿；王宫〈名〉
السّائق			[ālssā’iq] 司机；驾驶员〈名〉
خائن			[khā’in] 叛徒；不忠的；背信弃义的〈名〉
العالميّة			[āl‘ālmyyah] 国际性；全球性〈名〉
أثبت			[’athbt] 证明；证实〈动〉
سليم			[salīm] 完好的；健全的；无恙的〈形〉
ليون			[liyūn] 里昂〈名〉
فجّر			[fajjara] 引爆；使爆炸；使爆裂〈动〉
دائم			[dā’im] 永久的；持久的；不变的〈形〉
التأمين			[ālt’amyn] 保险〈名〉
مرآة			[mr’āah] 镜子；写真；典范〈名〉
أعيد			[’a‘yd] 重播；再播放；重新进行〈动〉
سكّن			[sakkana] 减轻；使…缓和〈动〉
الفنّ			[ālfnn] 艺术；人文科学；技术〈名〉
الرّصاصة			[ālrrṣāṣah] 子弹；弹；距节〈名〉
شو			[shū] 什么（方言口语）〈代〉
الأسف			[āl’asf] 后悔；悔恨〈名〉
الجراحة			[āljrāḥah] 外科；手术；手术室〈名〉
الشرق			[ālshrq] 东方；东；东方的〈名〉
الشتاء			[ālshtā’] 冬季；萧条期；衰退期〈名〉
كارلوس			[kārlws] 卡洛斯〈名〉
المقدس			[ālmqds] 圣殿；圣所；圣物〈名〉
الراديو			[ālrādyw] 无线电；收音机；无线电报〈名〉
تفتّح			[tafaṭṭaḥa] 绽放；开放；开朗起来〈动〉
أصعب			[’aṣ‘b] 更难的；最难的〈形〉
صحّي			[ṣiḥḥī] 卫生的；卫生学的；促进健康的〈形〉
المشروع			[ālmshrw‘] 项目；工程；计划〈名〉
الغذاء			[ālghdhā’] 食物；养料；食品〈名〉
مؤخرا			[m’ukhrā] 近来；最近〈副〉
بيث			[bīth] 贝丝〈名〉
شرّح			[sharraḥa] 解剖；仔细分析；详解〈动〉
مقبول			[maqbūl] 可接受的；公认的；已承兑的〈形〉
السّكّين			[ālsskkyn] 刀；小刀〈名〉
بريء			[barī’] 无可责难的；无过失的；清白的〈名〉
الزّاوية			[ālzzāwyah] 角；角度；角落〈名〉
العملاء			[āl‘mlā’] 客户；代理人；工作人员〈名〉
خارجي			[khārjy] 外部的；外面的〈形〉
لص			[liṣṣ] 小偷〈名〉
ليندا			[lyndā] 琳达〈名〉
القراءة			[ālqrā’ah] 阅读；朗读〈名〉
حفر			[ḥafr] 挖掘；雕刻；凿孔〈名〉
ايه			[āyh] 啊！嗯！是吗？〈叹〉
جوليان			[jwlyān] 尤利安（人名）〈名〉
ويلسون			[wīlsūn] 威尔逊〈名〉
خاصّتك			[khāṣṣtk] 你的（东西）〈代〉
الصّمت			[ālṣṣmt] 沉默；寂静〈名〉
ارع			[ār‘] 保姆；照看婴孩的人〈名〉
الأخضر			[āl’akhḍr] 绿色；绿色颜料；绿色的〈名〉
صعود			[ṣu'ūd] 上升；攀登；爬上〈名〉
إليزابيث			[’ilyzābyth] 伊丽莎白〈名〉
ركض			[rakḍ] 奔跑；跑步〈名〉
كوخ			[kūkh] 一种小屋；窝棚〈名〉
الجولة			[āljwlah] 一局；挨次轮换；执政期〈名〉
مقرّ			[maqarr] 总部；驻地；中心〈名〉
ميكي			[mīkī] 米基（人名）〈名〉
مستشار			[mstshār] 顾问；参事〈名〉
الدراسة			[āldrāsah] 学习；研究〈名〉
الحيوان			[ālḥywān] 动物〈名〉
غنيّ			[ghanīy] 富有的；丰富的〈名〉
الصحراء			[ālṣḥrā’] 沙漠；荒野〈名〉
الحبل			[ālḥbl] 绳索；束缚；索〈名〉
منتج			[muntaj] 产品；产物〈名〉
الصحافة			[ālṣḥāfah] 新闻业；报章杂志；报刊〈名〉
الأكل			[āl’akl] 吃；食物；侵蚀〈名〉
يصعّب			[yuṣa‘‘ibu] 使…困难；使艰难〈动〉
المؤكّد			[ālm’ukkd] 确定的事；肯定无疑的事〈名〉
راهن			[rāhn] 向导；引路人〈名〉
تجاوز			[tjāwz] 绕过；避开；不顾〈名〉
قيل			[qīla] 据说；人们说〈动〉
الآلهة			[āl’ālhah] 神；女神；神祇〈名〉
الجبال			[āljbāl] 山脉；群山〈名〉
أليسون			[’alyswn] 艾利森〈名〉
وجودي			[wujūdī] 存在的；有关存在的〈形〉
حبيب			[ḥabīb] 心爱的人；爱人；哈比卜（人名）〈名〉
رايلي			[rāyly] 赖利（人名）〈名〉
رودي			[rūdī] 鲁迪〈名〉
النّتيجة			[ālnntyjah] 结果；后果〈名〉
جاري			[jāry] 进行中的；流动的；当前的〈形〉
متعب			[mut‘ab] 疲倦的；劳累的〈形〉
البقر			[ālbqr] 牛；母牛〈名〉
لولا			[lwlā] 要不是；若非〈连〉
الرائد			[ālrā’id] 先驱；先锋；侦察兵〈名〉
قاسي			[qāsy] 残酷的；残忍的；严厉的〈形〉
سالي			[sāly] 萨莉（人名）〈名〉
شم			[shamma] 嗅；闻〈动〉
شجار			[shjār] 争吵；吵架〈名〉
معقّد			[mu'aqqad] 复杂的；难懂的〈形〉
أصليّ			[’aṣlyy] 原本的；正宗的；真正的〈形〉
المحرّك			[ālmḥrrk] 发动机；马达；引擎〈名〉
الردّ			[ālrdd] 回复；答复〈名〉
المحاكمة			[ālmḥākmah] 审判；审理〈名〉
المفتّش			[ālmfttsh] 检查员；视察员〈名〉
الثّلاثاء			[ālthlāthā’] 星期二〈名〉
معسكر			[mu‘askar] 营地；营房〈名〉
ميامي			[myāmy] 迈阿密〈名〉
العربة			[āl‘rbah] 马车；四轮马车；手推车〈名〉
إلكتروني			[’ilktrwny] 电子的；电子化的〈形〉
دُخَّان			[dukhkhān] 自夸；蒸发〈名〉
المقابلة			[ālmqāblah] 面试；会面；采访〈名〉
أمّم			[’ammam] 使国际化〈动〉
الطلاب			[ālṭlāb] 学生〈名〉
سمين			[samīn] 肥大的；肥胖的〈形〉
بديل			[badīl] 替代品；替代者；替代〈名〉
الجلد			[āljld] 皮肤；皮革〈名〉
تاجر			[tājr] 商人；商；贩〈名〉
التّحقّق			[ālttḥqqq] 确定；查明；探知〈名〉
المالية			[ālmālyah] 财政；金融；财务〈名〉
أوروبا			[’awrwbā] 欧洲〈名〉
بوسطن			[būsṭun] 波士顿〈名〉
صحفي			[ṣaḥafī] 新闻的；新闻工作者的〈形〉；记者〈名〉
النجاة			[ālnjāah] 获救；生还；得救〈名〉
تذكري			[tadhakkarī] 记住！（تذكَّر 的阴性单数命令式）〈动〉
ولذلك			[wa-li-dhālika] 所以；因此〈连〉
خدّاع			[khddā‘] 骗人的；欺骗性的〈形〉
الصّدر			[ālṣṣdr] 胸；胸部〈名〉
المحادثة			[ālmḥādthah] 会话；说话；交谈〈名〉
نظيف			[naẓīf] 干净的；清洁的；清白的〈形〉
آمين			[’āmyn] 阿门〈名〉
المقاطعة			[ālmqāṭ‘ah] 抵制；拒绝参加〈名〉
السادس			[ālsāds] 第六〈名〉
أوسكار			[’awskār] 奥斯卡金像奖；奥斯卡奖〈名〉
مان			[mān] 曼；曼恩法案〈名〉
شرقي			[sharqī] 东方的〈形〉；东方人〈名〉
الأساس			[āl’asās] 基础；根基；基本原理〈名〉
تجمّع			[tajammu‘] 聚集；集会；集合〈名〉
مفيد			[mufīd] 有益的；有用的〈形〉
كارولين			[kārwlyn] 卡洛琳〈名〉
روي			[rūy] 罗伊〈名〉
الخلفيّة			[ālkhlfyyah] 背景；背景资料；后台〈名〉
الحاجة			[ālḥājah] 需要；必要；需求〈名〉
القفز			[ālqfz] 跳；跳跃〈名〉
الحذر			[ālḥdhr] 小心；谨慎；警惕〈名〉
قناع			[qnā‘] 面具；假面具；掩饰〈名〉
يفهم			[yafhamu] 理解；懂得；明白〈动〉
التّقدّم			[ālttqddm] 进步；前进；申请〈名〉
الوطني			[ālwṭny] 爱国的；国家的；民族的〈形〉
أولي			[’awly] 最初的；首要的；第一的〈形〉
التجربة			[āltjrbah] 实验；试验；经验〈名〉
ستار			[stār] 斯塔尔〈名〉
الإسم			[āl’ism] 名字；名称；名词〈名〉
المدّعي			[ālmdd‘y] 提出要求者；原告；索赔人〈名〉
القضاء			[ālqḍā’] 司法；审判；法院〈名〉
يدين			[yudīnu] 谴责；判罪；指责〈动〉
يتصرّف			[yataṣarrafu] 表现；举止；行事〈动〉
مت			[māta] 死亡；逝世〈动〉
أينما			[’aynmā] 无论在哪里；凡是…的地方〈连〉
المرحاض			[ālmrḥāḍ] 厕所〈名〉
الضرائب			[ālḍrā’ib] 税；税收〈名〉
الجنّة			[āljnnah] 极乐世界；天堂〈名〉
يصنع			[yaṣna‘u] 制造；制作；做〈动〉
فرانسيس			[frānsys] 弗朗西斯〈名〉
التدخين			[āltdkhyn] 吸烟；抽烟〈名〉
متعلّق			[muta‘alliq] 与…有关的；依附于…的；挂念的〈形〉
فكري			[fikriyy] 思想的；智力的；脑力的〈形〉
يسمع			[yasma‘u] 他听见；他听〈动〉
مورغان			[mwrghān] 摩根马〈名〉
هان			[hān] 汉；汉朝〈名〉
المسؤولية			[ālms’uwlyah] 责任；职责；义务〈名〉
مركّب			[murakkab] 复合的；组合成的〈形〉；船〈名〉
ماثيو			[māthyw] 马太；马太福音〈名〉
الحقائق			[ālḥqā’iq] 现状；现实；事实〈名〉
الغرب			[ālghrb] 西方；欧美；西欧诸国〈名〉
البنّاء			[ālbnnā’] 建筑工人；建设者〈名〉；建设性的〈形〉
العبث			[āl‘bth] 胡闹；轻率举动；无意义之举〈名〉
محترم			[muḥtaram] 受尊敬的；尊敬的（信函敬语）〈形〉
الدرج			[āldrj] 抽屉；台阶；楼梯〈名〉
معبّد			[mu‘abbad] 铺好的；平坦的〈形〉
براون			[brāwn] 布朗；布朗恩〈名〉
غامض			[ghāmḍ] 神秘的；含义模糊的；秘密的〈形〉
البحيرة			[ālbḥyrah] 湖；狭长的海湾〈名〉
فكّ			[fakk] 颚；上颚；嘴的上部〈名〉
ليلى			[lylā] 利拉〈名〉
التّصويت			[ālttṣwyt] 投票；表决〈名〉
مخاطر			[mkhāṭr] 危险；风险〈名〉
الاجتماع			[ālājtmā‘] 会议；集会〈名〉
الحلّ			[ālḥll] 解决；答案；分解；解散〈名〉
ستّون			[sittūn] 六十〈数〉
تافه			[tāfh] 无关紧要的；无意义的；琐碎的〈形〉
الصحف			[ālṣḥf] 报纸；报章〈名〉
الخميس			[ālkhmys] 星期四〈名〉
خان			[khān] 可汗；汗〈名〉
الربيع			[ālrby‘] 春天；春季〈名〉
الطّلب			[ālṭṭlb] 请求；要求；申请〈名〉
الذّكريات			[āldhdhkryāt] 回忆；纪念〈名〉
يخصّ			[yukhaṣṣ] 属于；专门关于〈动〉
الفترة			[ālftrah] 时期；一段时间〈名〉
بلطف			[bi-luṭf] 温和地；礼貌地〈副〉
الولادة			[ālwlādah] 分娩；生产〈名〉
مخطّط			[mukhaṭṭaṭ] 计划；图表；示意图〈名〉
المكتبة			[ālmktbah] 书店〈名〉
الدّرّاجة			[ālddrrājah] 自行车；脚踏车〈名〉
صوفيا			[ṣwfyā] 索菲娅〈名〉
مريح			[murīḥ] 舒适的；令人舒服的〈形〉
المأمور			[ālm’amwr] 官员；公务员〈名〉
عملاق			[‘mlāq] 巨人般的；巨大的〈名〉
جيسيكا			[jysykā] 杰西卡〈名〉
حرّة			[ḥrrah] 自由女；自由民〈名〉
يؤدّي			[y’uddy] 履行；行使；表演〈动〉
فرنسي			[faransiyy] 法国的；法语的〈形〉
جنوني			[junūnī] 躁狂的；狂乱的；狂热的〈形〉
يشير			[yashīru] 指；指出；意指〈动〉
محلي			[maḥallī] 当地的；地方的；本地的〈形〉
الاهتمام			[ālāhtmām] 关心；关注；兴趣〈名〉
ممنوع			[mamnū‘] 被禁止的；违禁的〈形〉
التلفزيون			[āltlfzywn] 电视；电视机〈名〉
الأسماء			[āl’asmā’] 名称；称号〈名〉
فلوريدا			[flwrydā] 佛罗里达州〈名〉
نصّر			[naṣṣara] 使信基督教；传福音；传道〈动〉
حاليا			[ḥālyā] 现在；目前〈副〉
ينام			[ynām] 睡觉；就寝〈动〉
يثبت			[thabbata] 证明；证实；固定〈动〉
خمسون			[khamsūn] 五十〈数〉
معتوه			[mu‘tawih] 疯癫的；痴呆的〈形〉
الزجّاج			[ālzjjāj] 玻璃；玻璃制品〈名〉
ربط			[rabṭ] 连接；系；捆〈名〉
اليابان			[ālyābān] 日本〈名〉
تنظيم			[tanzīm] 组织；整理；体制〈名〉
الإله			[āl’ilh] 神；神性〈名〉
إضافي			[’iḍāfy] 附属的；附加的〈形〉
المحلّيّة			[ālmḥllyyah] 地方性；当地〈名〉
غربي			[gharbī] 西方的；西方人〈形〉
الذاكرة			[āldhākrah] 记忆；记忆力；回忆〈名〉
نسخ			[naskh] 抄写；复制；版本〈名〉
أكمل			[’akml] 最完整的；最完备的〈形〉
أنجيلا			[’anjylā] 安吉拉〈名〉
المخاطرة			[ālmkhāṭrah] 冒险；风险〈名〉
مفروض			[mafrūḍ] 假定的；规定的；应当的〈形〉
الميت			[ālmyt] 死的；不能使用的；死者〈名〉
خارق			[khārq] 超自然的；异常的〈形〉
فَرَاغ			[farāgh] 空闲；闲暇〈名〉
الوزن			[ālwzn] 重；重量；体重〈名〉
الآلة			[āl’ālah] 工具；手段；仪器〈名〉
الأضواء			[āl’aḍwā’] 灯光；聚光灯〈名〉
الطائرات			[ālṭā’irāt] 飞机；航空器〈名〉
ضيّق			[ḍayyiq] 狭窄的；不便的〈形〉
ماي			[māy] 五月〈名〉
شارلوت			[shārlwt] 水果奶油布丁〈名〉
وادي			[wādy] 干河床；河道；干谷〈名〉
الحذاء			[ālḥdhā’] 鞋〈名〉
المسار			[ālmsār] 轨道；弹道；轨线〈名〉
لقّب			[laqqaba] 授予称号；给…起绰号〈动〉
المدّة			[ālmddah] 持续时间；持续〈名〉
البنات			[ālbnāt] 女儿们；女孩们〈名〉
مظلم			[muẓlim] 微暗的；浅黑的〈名〉
طَبَخَ			[ṭabakha] 烹饪；做饭〈名〉
الطاقم			[ālṭāqm] 全体人员；一群人；全体队员〈名〉
عضلات			[‘ḍlāt] 肌肉；筋力〈名〉
أشرار			[’ashrār] 作恶者；罪犯；坏人〈名〉
البيع			[ālby‘] 出售；销售〈名〉
توقّع			[tawaqqu‘] 预期；预测〈名〉
مارثا			[mārthā] 马大〈名〉
أندرو			[’andrw] 安德鲁〈名〉
عبد			[‘abd] 奴隶；仆人；崇拜〈名〉
الشهود			[ālshhwd] 目击者；证词；见证〈名〉
كيني			[kīnī] 肯尼〈名〉
الحاسوب			[ālḥāswb] 电脑；电子计算机；计算机〈名〉
باس			[bās] 贝丝〈名〉
فريدي			[Frīdī] 弗雷迪〈名〉
يقدّم			[yuqaddimu] 提出；呈递；提供〈名〉
إمساك			[’imsāk] 戒除；避免；弃权〈名〉
الأريكة			[āl’arykah] 长沙发；睡椅；卧榻〈名〉
الشرقي			[ālshrqy] 东方人〈名〉
يومي			[yawmiyy] 每日的；每日发作的；司空见惯的〈名〉
نانسي			[nānsy] 女性化的男人；女性化的；同性恋的〈名〉
النقل			[ālnql] 运输；搬运；转移〈名〉
الحدث			[ālḥdth] 事件；事故〈名〉
النّاحية			[ālnnāḥyah] 方面；方向；地区〈名〉
الأحلام			[āl’aḥlām] 梦想；美梦〈名〉
الجرح			[āljrḥ] 伤口；创伤〈名〉
تينا			[tynā] 蒂娜〈名〉
مزاح			[mzāḥ] 玩笑；笑话；幽默〈名〉
الفائز			[ālfā’iz] 戴桂冠的；用月桂树枝编织成的；荣誉的〈名〉
الوحوش			[ālwḥwsh] 怪物；小恶魔；恶棍〈名〉
الضحك			[ālḍḥk] 笑；笑声〈名〉
رو			[rū] 罗〈名〉
اعتذار			[ā‘tdhār] 道歉；谢罪〈名〉
اعترف			[ā‘trf] 承认；供认〈动〉
التنين			[āltnyn] 龙；凶暴的人；凶恶的人〈名〉
مو			[mū] 有效性量度〈名〉
الشرير			[ālshryr] 恶人；坏蛋〈名〉
اللورد			[āllwrd] 勋爵；老爷；领主〈名〉
أري			[’ary] 阿里（人名）〈名〉
القذارة			[ālqdhārah] 肮脏；污秽〈名〉
الهدايا			[ālhdāyā] 礼品；赠品；礼物〈名〉
العدد			[āl‘dd] 数目；期号；装备〈名〉
القومي			[ālqwmy] 民族的；国家的；国家主义的〈形〉
شجاع			[shjā‘] 勇敢的；大胆的；有胆量的〈形〉
مسئول			[ms’iwl] 负责的；有责任的〈形〉
الفيروس			[ālfyrws] 病毒〈名〉
الأشباح			[āl’ashbāḥ] 鬼；幽灵〈名〉
أندي			[’andy] 安迪〈名〉
مخدّر			[mukhadhir] 麻醉剂；镇静剂〈名〉
إفتح			[’iftaḥ] 打开〈动〉
الجائزة			[āljā’izah] 奖品；奖金〈名〉
وري			[warā] 显示；指示；教导〈名〉
الرّياضيّة			[ālrryāḍyyah] 女运动员〈名〉
هاوس			[hāws] 豪斯（音译名）〈名〉
الجيران			[āljyrān] 邻居；邻近的人；邻国〈名〉
الخارجية			[ālkhārjyah] 外部；外面；外交部〈名〉
القضايا			[ālqḍāyā] 议题；问题；争点〈名〉
ويلي			[wīlī] 威利（人名）〈名〉
عزف			[‘azf] 弹奏；演奏〈名〉
هارولد			[hārwld] 哈罗德〈名〉
السياسة			[ālsyāsah] 政治；政治学；政见〈名〉
الوزراء			[ālwzrā’] 大臣；部长；公使〈名〉
بسلام			[bslām] 平安地；平静地〈副〉
راقب			[rāqb] 观察者；监视者〈名〉
الرّاهن			[ālrrāhn] 发誓人；举杯祝酒的人；抵押者〈名〉
تامّ			[tāmm] 完全的；全然的〈形〉
الأرضية			[āl’arḍyah] 地板；地板材料；铺地板〈名〉
الأخ			[āl’akh] 兄弟〈名〉
تشريح			[tashrīḥ] 验尸；尸体解剖；尸体剖检〈名〉
مارس			[mārs] 发挥；运用；练习〈动〉
محمول			[maḥmūl] 便携的；被运送的〈形〉
حماقة			[ḥmāqah] 荒谬；悖理；荒谬的言行〈名〉
يفسّر			[yufassiru] 解释；翻译；作句法分析〈动〉
الحيويّة			[ālḥywyyah] 活力；生命力〈名〉
عذراء			[‘dhrā’] 年轻未婚女子；少女；处女〈名〉
متر			[mitr] 米；公尺；仪表〈名〉
جايسون			[jāyswn] 詹森〈名〉
صرّف			[ṣarrafa] 使消散；发泄〈动〉
أعمى			[’a‘mā] 失明的；盲人〈名〉
محرج			[muḥrij] 令人尴尬的；难堪的〈形〉
السّابع			[ālssāb‘] 第七〈名〉
بام			[bām] 欺骗；哄骗；基本存取方法〈名〉
دقيق			[daqīq] 正确的；精确的；准确的〈形〉
طرح			[ṭaraḥa] 提出；投放；方案〈动〉
يفتح			[yaftaḥu] 打开；开启〈动〉
يموّن			[yumawwinu] 提供饮食及服务；满足需要；适合〈动〉
ثوّر			[thawwara] 鼓吹革命；使发生革命性剧变〈动〉
عصبي			[‘aṣabī] 神经的；紧张的；易怒的〈形〉
سامي			[sāmy] 高尚的；尊贵的；高位的〈形〉
البساطة			[ālbsāṭah] 简单；简易；朴素〈名〉
مُعيّن			[mu‘yyn] 特定的；指定的；任命的〈形〉
محمّل			[muḥammal] 有负载的；有含蓄的；加重的〈形〉
روسيا			[rwsyā] 俄罗斯；俄国〈名〉
الاتّجاه			[ālāttjāh] 方向；趋势；倾向〈名〉
أُصمت			[’uṣmt] 嘘；安静〈叹〉
خالي			[khāly] 空的；缺乏的〈形〉；我的舅舅〈名〉
الرياضة			[ālryāḍah] 运动；游戏；娱乐〈名〉
ملائم			[mlā’im] 合适的；适宜的〈形〉
التنظيف			[āltnẓyf] 洗涤〈名〉
الزوجة			[ālzwjah] 妻子；太太；夫人〈名〉
المثل			[ālmthl] 格言；谚语〈名〉
تولي			[tawallā] 就任；掌管；转向〈动〉
الفتيان			[ālftyān] 少年们；男孩们〈名〉
متّهم			[muttaham] 被告；被指控者〈名〉
الحجز			[ālḥjz] 预订；保留；扣押〈名〉
الفحص			[ālfḥṣ] 试验；化验；分析〈名〉
يؤثّر			[y’uthr] 影响；起作用〈动〉
روث			[rūth] 粪肥；畜粪〈名〉
السقف			[ālsqf] 天花板；顶点；顶线〈名〉
البطاقة			[ālbṭāqah] 卡片；纸牌；节目单〈名〉
التعبير			[ālt‘byr] 表达；表现；词语〈名〉
البندقيّة			[ālbndqyyah] 步枪；来复枪；威尼斯〈名〉
والت			[wālt] 沃尔特〈名〉
الغربي			[ālghrby] 西方的；西部的〈名〉
هتلر			[hitlar] 希特勒〈名〉
الحادثة			[ālḥādthah] 事件；事故；事变〈名〉
الخزانة			[ālkhzānah] 柜子；橱柜；国库〈名〉
الضرر			[ālḍrr] 损害；危害；坏处〈名〉
إدوارد			[’idwārd] 爱德华〈名〉
القسّ			[ālqiss] 牧师；神父〈名〉
الجمهور			[āljmhwr] 听众；观众；读者〈名〉
سود			[sūd] 黑人〈名〉
المعلم			[ālm‘lm] 教师；老师〈名〉
الإيمان			[āl’iymān] 信念；相信；信仰〈名〉
هائل			[hā’il] 巨大的；庞大的〈形〉
بيري			[bīrī] 梨子酒〈名〉
مدمن			[mudmin] 上瘾者；成瘾者〈名〉
الملعب			[ālml‘b] 球场；运动场；操场〈名〉
مصادفة			[mṣādfah] 巧合；偶然〈名〉
مدار			[mdār] 轨道；中心〈名〉
الحجر			[ālḥjr] 石头；岩石〈名〉
صناعيّ			[ṣnā‘yy] 人造的；合成的；非天然的〈形〉
المزرعة			[ālmzr‘ah] 农场；农田〈名〉
مونيكا			[mwnykā] 莫尼卡〈名〉
محزن			[muḥzin] 令人悲痛的；使人悲伤的〈形〉
الطّائر			[ālṭṭā’ir] 小鸟〈名〉
الأحذية			[āl’aḥdhyah] 鞋；鞋子〈名〉
كفّ			[kaff] 手掌〈名〉
ألمانيا			[’almānyā] 德国〈名〉
الصفحة			[ālṣfḥah] 页；记录；事件〈名〉
اكره			[ākrh] 厌恶；憎恨〈动〉
كاي			[kāy] 字母；字形物〈名〉
ريس			[rīs] 首领；船长；主席〈名〉
يستمع			[yastami‘u] 倾听；聆听〈动〉
تزلّج			[tazalluj] 滑冰；滑雪〈名〉
شماليّ			[shmālyy] 北方的；北部的〈形〉
مطلقا			[mṭlqā] 绝对；根本〈副〉
الإفطار			[āl’ifṭār] 早餐；早饭；吃早餐〈名〉
التّخلي			[ālttkhly] 放弃；舍弃〈名〉
كريستين			[Krīstīn] 克莉丝汀〈名〉
زيّت			[zayyata] 涂油；使润滑；上油〈动〉
أباك			[’abāk] 算图；诺模图〈名〉
القطط			[ālqṭṭ] 猫〈名〉
القنابل			[ālqnābl] 炸弹〈名〉
المثير			[ālmthyr] 刺激者；激励者；刺激物〈名〉
الملل			[ālmll] 厌烦；厌倦；令人厌烦的事物〈名〉
الرّغبة			[ālrrghbah] 愿望；欲望；意愿〈名〉
أساسيّ			[’asāsyy] 基本的；基础的；根本的〈形〉
الخريطة			[ālkhryṭah] 地图；天体图；映像〈名〉
الملايين			[ālmlāyyn] 数百万〈名〉
مملّ			[mumill] 乏味的；无聊的；令人厌倦的〈形〉
مؤقت			[m’uqt] 暂时的；临时的；非永久的〈形〉
تعذيب			[ta‘dhīb] 拷打；折磨；酷刑〈名〉
الغرف			[ālghrf] 房间〈名〉
قُدُماً			[qudumāan] 在前；向前；提前〈副〉
شُحِن			[shuḥin] 被装载；被装货〈动〉
العيون			[āl‘ywn] 眼睛〈名〉
النهائي			[ālnhā’iy] 最终的；决赛的〈名〉
لائق			[lā’iq] 适当的；合适的；有资格的〈形〉
أبّن			[’abbn] 把…称为儿子；收为义子〈动〉
يرسل			[yursilu] 发送；寄送〈动〉
جوزيف			[Yūsuf] 约瑟夫〈名〉
الأسرار			[āl’asrār] 秘密；隐私〈名〉
الزيّ			[ālzyy] 打扮；装束；穿衣〈名〉
الشركات			[ālshrkāt] 公司；企业〈名〉
ارتفاع			[ārtfā‘] 升高；上升；高度〈名〉
العار			[āl‘ār] 耻辱；羞耻；丢脸的事〈名〉
المشروبات			[ālmshrwbāt] 饮料〈名〉
المثالي			[ālmthāly] 理想的；完美的〈名〉
الأسوأ			[āl’aswa’] 最坏的；最糟的〈形〉；最坏的时候〈名〉
شغّل			[shaghghal] 启动；开动；使运转〈动〉
الجنديّ			[āljundī] 士兵；军人〈名〉
حكيم			[ḥakīm] 智慧的；贤明的〈形〉；贤哲；医生〈名〉
عسكري			[‘askarī] 军事的；军队的〈形〉
المجنونة			[ālmjnwnah] 狂女；疯女〈名〉
يسقط			[yasqaṭ] 落下；掉落；推翻；使坠落〈动〉
بات			[bāt] 成为；变得；过夜〈动〉
يثير			[yuthīr] 引起；激起；唤起〈动〉
السّلّة			[ālssllah] 篮；篮子；装入篮〈名〉
لاك			[lāk] 十万（印度计数单位）〈名〉
التّصديق			[ālttaṣdīq] 认证；公证；批准〈名〉
سببي			[sababī] 原因的；因果关系的；表示原因或理由的〈形〉
ثقيل			[thaqīl] 重的；沉重的；迟缓的〈形〉
متحمّس			[mutaḥammis] 热情的；热心的〈形〉
يسأل			[yas’al] 问；询问〈动〉
بالي			[bāly] 巴厘岛〈名〉
المخلوقات			[ālmkhlwqāt] 生物；造物；可怜的人〈名〉
مديرة			[mdyrah] 女经理；女管理人；女管理人员〈名〉
إيفان			[’iyfān] 伊凡〈名〉
العناية			[āl‘nāyah] 关心；照料；护理〈名〉
تطوّر			[taṭawwur] 进展；进化；展开〈名〉
إليوت			[’ilywt] 艾略特〈名〉
اليهود			[ālyahūd] 犹太人〈名〉
عقلية			[‘aqlīyah] 心态；智力；思维方式〈名〉
روني			[rūnī] 如尼文字的；如尼文的〈形〉
يجلب			[yajlib] 带来；招致；引来〈动〉
باور			[bāwr] 鲍尔〈名〉
يدير			[yudīr] 管理；经营；使旋转〈动〉
مطلق			[muṭlaq] 绝对的；完全的；专制的〈形〉
تجنّب			[tajannaba] 避免；避开；防止〈动〉
لوّح			[lawwaḥa] 挥动；挥手；暗示〈动〉
ستيوارت			[stywārt] 英国斯图亚特王室；斯图尔特〈名〉
عالق			[‘ālq] 受困的；陷入的；卡住的〈形〉
إلين			[’ilyn] 埃伦〈名〉
القلعة			[ālql‘ah] 城堡〈名〉
القطعة			[ālqṭ‘ah] 块；片段；物品〈名〉
السعر			[āls‘r] 价格；代价；价值〈名〉
محارب			[mḥārb] 战士；作战者；交战者〈名〉
مزيّف			[muzayyaf] 伪造的；假冒的〈形〉
حسابيّ			[ḥsābyy] 算术的；计算的〈形〉
يبلغ			[yablughu] 达到；告知；报告〈动〉
القميص			[ālqmyṣ] 衬衫；上衣〈名〉
يعطي			[’a‘ṭā] 给；给予；提供〈动〉
الشبح			[ālshbḥ] 鬼；灵魂；幻影〈名〉
قبيح			[qabīḥ] 丑陋的；难看的；丑恶的〈形〉
نموت			[namūt] 死；死亡〈动〉
الملكية			[ālmlkyah] 所有权；所有制；地产〈名〉
صادق			[ṣādq] 诚实的；真诚的；真实的〈形〉
الأصوات			[āl’aṣwāt] 声音；嗓音；选票〈名〉
الرعاية			[ālr‘āyah] 照料；监护；赞助〈名〉
النائب			[ālnā’ib] 代表；代理人；副手〈名〉
العدل			[āl‘dl] 公正；合理；公平〈名〉
بصدق			[biṣidq] 真诚地；确实〈副〉
الصّخور			[ālṣṣkhwr] 岩石；磐石〈名〉
الطّبيعيّة			[ālṭṭby‘yyah] 自然；当然〈名〉
الأدوية			[āl’adwyah] 药品；药物〈名〉
تلمّس			[talammasa] 摸索；试探〈动〉
تقييم			[taqyīm] 评价；评估；估计〈名〉
واصل			[wāṣl] 继续的；不间断的〈形〉
فيكتوريا			[fyktwryā] 维多利亚〈名〉
الغباء			[ālghbā’] 愚蠢；愚笨〈名〉
إيفا			[’iyfā] 伊娃〈名〉
مفاجئ			[mfāj’i] 突然的；意外的〈形〉
متوسّط			[mutawassiṭ] 中等的；平均的；中间的〈形〉
تجاري			[tjāry] 商业的；贸易的〈形〉
سياسي			[syāsy] 政治的；政党的〈形〉
اعتذر			[ā‘tdhr] 道歉〈动〉
فاز			[fāz] 赢；获胜〈动〉
المقدّمة			[ālmqddmah] 前言；引言；开端〈名〉
رياضيّ			[ryāḍyy] 体育的；运动的；数学的〈形〉
حاد			[ḥād] 锐利的；尖利的；激烈的〈形〉
لوثر			[Lūthir] 卢瑟〈名〉
الإدارة			[āl’idārah] 管理；行政；管理部门〈名〉
الدّبّ			[ālddbb] 熊〈名〉
الرّسم			[ālrrsm] 笔法；绘画〈名〉
القرد			[ālqrd] 猴子；猿〈名〉
ثمل			[thamil] 醉的；酩酊的〈形〉
بنى			[bnā] 建造；建立〈动〉
نفّذ			[naffadha] 执行；实施；完成〈动〉
مين			[mīn] 谁〈名〉
أذكى			[’adhkā] 更聪明的；最聪明的〈形〉
كلاي			[klāy] 黏土；泥土〈名〉
الاختبار			[ālākhtbār] 测验；考试〈名〉
ناري			[nāry] 火的；炽热的；火红的〈形〉
التوتّر			[āltwttr] 紧张；紧张状态〈名〉
التجارية			[āltjāryah] 商业的〈形〉
يصرخ			[yaṣrakhu] 喊叫；尖叫〈动〉
الاحترام			[ālāḥtrām] 尊敬；尊重〈名〉
فرانسيسكو			[frānsyskw] 弗朗西斯科〈名〉
نورمان			[nwrmān] 诺曼第语的；诺曼第人的〈形〉
تثبّت			[tathabbata] 使稳；使平稳；稳住〈动〉
الشيوخ			[ālshywkh] 长老；长辈；比我年长的人〈名〉
آلان			[’ālān] 艾伦〈名〉
إريك			[’iryk] 埃里克〈名〉
الساحرة			[ālsāḥrah] 妖妇；女巫〈名〉
المدى			[ālmdā] 范围；程度；区域〈名〉
سحري			[siḥrī] 魔法的；神奇的〈形〉
ديلان			[dylān] 狄伦〈名〉
أوين			[’awyn] 欧文〈名〉
المضحِّك			[ālmḍḥḥik] 小丑；笨人；马屁精〈名〉
الحالات			[ālḥālāt] 情况；案例；状况〈名〉
الشمالي			[ālshmāly] 北方的；北部的〈形〉
نورا			[nwrā] 诺拉〈名〉
الأسرّة			[āl’asrrah] 床；铺位〈名〉
ميتش			[mītsh] 米奇〈名〉
الرياضيات			[ālryāḍyāt] 数学〈名〉
أماه			[’amāh] 妈妈；母亲〈名〉
الزوج			[ālzwj] 丈夫；一对；配偶〈名〉
يساوي			[ysāwy] 等于；相当于〈动〉
الساحل			[ālsāḥl] 海岸；海滨〈名〉
فورا			[fwrā] 立即；马上〈副〉
دفن			[dafana] 埋葬；掩埋〈动〉
أزال			[’azāl] 除去；消除；废除〈动〉
تلوّ			[talawwin] 蠕动；辗转不安〈名〉
الأغراض			[āl’aghrāḍ] 目的；用途〈名〉
هاريس			[hārys] 哈里斯〈名〉
الخشب			[ālkhshb] 木材；木头〈名〉
ثوْب			[thawb] 衣服；衣裳〈名〉
السفن			[ālsfn] 船只；轮船〈名〉
التظاهر			[āltẓāhr] 示威游行；假装；显示〈名〉
المنازل			[ālmnāzl] 住宅；住所；家园〈名〉
العصابة			[āl‘ṣābah] 帮伙；团伙；头带〈名〉
تروي			[tarwī] 讲述；叙述；使解渴〈动〉
النزول			[ālnzwl] 下降；降落；下榻〈名〉
العدّ			[āl‘dd] 计算；命数法；数字的读法〈名〉
الحفلات			[ālḥflāt] 狂欢会；舞会；吵闹〈名〉
الإجتماع			[āl’ijtmā‘] 会议；集会〈名〉
السلطات			[ālslṭāt] 当局；权力；职权〈名〉
سهم			[sahm] 箭；股份〈名〉
الروس			[ālrws] 俄国人；俄罗斯人；俄语〈名〉
باتي			[bāty] 小馅饼〈名〉
الظّهيرة			[ālẓẓhyrah] 中午〈名〉
الواجب			[ālwājb] 义务；功课；任务〈名〉
المؤخّرة			[ālm’ukhkhrah] 后部；船尾；臀部〈名〉
وِتّْ			[witt] 威特〈名〉
القرص			[ālqrṣ] 小而圆的物块；大丸药〈名〉
الرّهان			[ālrrhān] 打赌；赌博〈名〉
كوريا			[kwryā] 朝鲜；韩国〈名〉
الحزب			[ālḥzb] 党；政党；派别〈名〉
يسرق			[yasriqu] 偷；偷窃〈动〉
النحو			[ālnḥw] 句法；语法；句子构造〈名〉
نبيل			[nabīl] 高贵的；出身高贵的〈形〉
الإسبوع			[āl’isbw‘] 星期；周〈名〉
المرآة			[ālmr’āah] 镜子〈名〉
الأشعة			[āl’ash‘ah] 射线；光线；X光〈名〉
الزناد			[ālznād] 触发器；扳机；触发〈名〉
كهربائي			[khrbā’iy] 电的；电气的〈形〉
السهولة			[ālshwlah] 容易；轻易〈名〉
الضيوف			[ālḍywf] 客人；来宾〈名〉
كايسي			[kāysy] 凯西〈名〉
الضّخم			[ālḍḍkhm] 巨大的；庞大的〈名〉
يكتب			[yaktub] 写；刻〈名〉
بمعنى			[bm‘nā] 即；就是〈名〉
العصابات			[āl‘ṣābāt] 阴谋小集团；阴谋〈名〉
ذهبيّ			[dhahabī] 金色的；镀金的；文体华丽的〈名〉
القوى			[ālqwā] 长处；优势；强项〈名〉
الذّكاء			[āldhdhkā’] 智力；聪明〈名〉
الأحياء			[āl’aḥyā’] 地区；某地区的人；与某处邻近的地区〈名〉
مخبر			[mukhbir] 告密者；实验室的〈名〉
النصر			[ālnṣr] 胜利；战胜；克服〈名〉
يذكّر			[yudhakkiru] 提醒〈名〉
المشاركة			[ālmshārkah] 共享；交流；恳谈〈名〉
أقلق			[’aqlq] 扰乱；使混乱；使心绪不宁〈名〉
الثّامن			[ālthāmn] 第八〈名〉
ألفا			[’alfā] 阿尔瓦〈名〉
يحتوي			[yaḥtawī] 包含；容纳；包含某字符串〈名〉
جيفري			[jīfrī] 杰弗里〈名〉
الإنذار			[āl’indhār] 警报；警告〈名〉
عداد			[‘dād] 计数器〈名〉
موريس			[mūrīs] 莫里斯舞〈名〉
جاسوس			[jāsws] 间谍；密探〈名〉
الألمان			[āl’almān] 德国人〈名〉
الضّربة			[ālḍḍrbah] 顶撞；推；轻打〈名〉
متّصل			[muttaṣil] 连续的；连接的；联络的〈名〉
لوري			[Lūrī] 劳里〈名〉
ثنائيّ			[thnā’iyy] 由两部分组成的；两分的〈名〉
الصّعود			[ālṣṣ‘wd] 上升的；向上的；递增〈名〉
الرّمز			[ālrrmz] 符号；象征；代号〈名〉
المخرج			[ālmkhrj] 导演；出口〈名〉
الظّهور			[ālẓẓhwr] 出现；外观；显露〈名〉
الجرس			[āljrs] 铃；钟；响铃命令〈名〉
الأخطاء			[āl’akhṭā’] 错误；过失〈名〉
شبّه			[shabbaha] 把…比作；比拟〈动〉
ناثان			[nāthān] 南森〈名〉
ماركو			[mārkw] 马尔科〈名〉
خيّط			[khayyaṭa] 缝；缝纫〈动〉
الإتّجاه			[āl’ittjāh] 方向；指导；趋势〈名〉
برلين			[barlīn] 柏林；柏林毛线〈名〉
خادمة			[khādmah] 女仆；女佣〈名〉
يشرب			[yashrabu] 喝；饮〈动〉
السّلوك			[ālsslwk] 行为；举止；特性〈名〉
الأيدي			[āl’aydy] 手（يد 的复数）〈名〉
التّدخّل			[ālttdkhkhl] 干预；干涉〈名〉
زرع			[zara'a] 种植；播种〈动〉
التخّرج			[āltkhkhrj] 毕业；毕业典礼〈名〉
لويد			[luwīd] 劳埃德〈名〉
زنجيّ			[zanjī] 黑人〈名〉
أجري			[’ajry] 我的工资；我的报酬〈名〉
قضى			[qḍā] 度过；完成；判决〈动〉
المدخل			[ālmdkhl] 通路；入口；接近〈名〉
الخيول			[ālkhywl] 马；马匹〈名〉
لينا			[lynā] 莉娜；勒拿河〈名〉
المواقع			[ālmwāq‘] 位置；定位件；地点〈名〉
الفستان			[ālfstān] 连衣裙；女礼服〈名〉
نظريّ			[naẓarī] 理论的；理论上的〈形〉
مرآب			[mr’āb] 汽车棚〈名〉
الإهتمام			[āl’ihtmām] 关心；注意；兴趣〈名〉
السينما			[ālsynmā] 电影院；电影〈名〉
اسأل			[ās’al] 问；询问；请求〈动〉
النوافذ			[ālnawāfdh] 窗户〈名〉
كاميرون			[kāmyrwn] 喀麦隆〈名〉
درو			[darū] 知道；了解（口语，即 عرفوا）〈名〉
أيمن			[’aymn] 右侧的；右边的；幸运的〈形〉
السّجلّات			[ālssjllāt] 记录；登记簿；档案〈名〉
الحسابات			[ālḥsābāt] 计算；估计〈名〉
طف			[ṭāfa] 环游；绕行；巡游〈动〉
التمثيل			[āltmthyl] 表演；代表；表现〈名〉
جيرمي			[jīrmī] 杰里米〈名〉
أحلم			[’aḥlm] 做梦；怀有梦想〈动〉
الانتقال			[ālāntqāl] 转移；过渡；搬迁〈名〉
لاي			[lāy] 利〈名〉
يهودي			[yahūdiyy] 犹太人的；犹太族的〈形〉
التّهديد			[āltthdyd] 威胁；恐吓〈名〉
المصرّف			[ālmṣrrf] 出纳员；银行经理〈名〉
النّيل			[ālnnyl] 尼罗河〈名〉
تأخير			[t’akhyr] 延迟；推迟〈名〉
شخصيا			[shkhṣyā] 亲自地；个别地；当面〈副〉
مبكّرًا			[mbkkranā] 早；提早〈副〉
الأعضاء			[āl’a‘ḍā’] 成员；器官〈名〉
الفجر			[ālfjr] 黎明；曙光〈名〉
الدائرة			[āldā’irah] 圆；圈子；部门〈名〉
ناتالي			[nātāly] 纳塔利〈名〉
الممرضة			[ālmmrḍah] 护士；保姆；奶妈〈名〉
بويد			[būyd] 博伊德〈名〉
العراق			[āl‘rāq] 伊拉克〈名〉
الانتهاء			[ālānthā’] 结束；终止〈名〉
الرعب			[ālr‘b] 恐怖；憎恶；令人感到恐怖的事〈名〉
الحديد			[ālḥdyd] 铁〈名〉
غالبا			[ghālbā] 常常；通常〈副〉
الذّئب			[āldhdh’ib] 狼；残忍贪婪之人；极度穷困〈名〉
أليك			[’alyk] 亚历克〈名〉
عظّم			[‘aẓẓama] 尊崇；使伟大；使尊贵〈动〉
مضادّ			[mḍādd] 反对的；相反的；拮抗的〈形〉
الهواتف			[ālhwātf] 电话（复数）〈名〉
إنهض			[’inhḍ] 起来！振奋起来〈动〉
دانا			[dānā] 达纳（人名）〈名〉
البنت			[ālbnt] 女孩；女儿〈名〉
تردّد			[taraddud] 犹豫；迟疑；踌躇〈名〉
ثابت			[thābt] 固定的；不变的；稳固的〈形〉
الثلاجة			[ālthlājah] 电冰箱〈名〉
نادر			[nādr] 稀少的；罕见的；珍贵的〈形〉
السّود			[ālsswd] 黑人〈名〉
يرحل			[yarḥalu] 离开；启程；迁走〈动〉
ماجي			[mājy] 马吉〈名〉
الصّحّة			[ālṣṣḥḥah] 健康〈名〉
يرنّ			[yurinnu] 鸣响；发出铃声〈动〉
الشياطين			[ālshyāṭyn] 魔鬼；恶魔〈名〉
الهبوط			[ālhbwṭ] 下降；沦落；下坡〈名〉
الاتّفاق			[ālāttfāq] 同意〈名〉
الفضول			[ālfḍwl] 好奇心；好管闲事〈名〉
الغرباء			[ālghrbā’] 局外人；圈外人；门外汉〈名〉
قوّس			[qawwasa] 使弯曲；拱起〈动〉
الرجوع			[ālrjw‘] 返回；回归；后退〈名〉
أصفر			[’aṣfr] 黄色的〈形〉
القناة			[ālqnāah] 运河；海峡；频道〈名〉
الحشيش			[ālḥshysh] 大麻〈名〉
أودري			[’awdry] 奥德丽〈名〉
الساعات			[ālsā‘āt] 钟表；时钟〈名〉
بيرس			[bīrs] 皮尔斯〈名〉
الشّديد			[ālshdyd] 剧烈的；强烈的；严厉的〈形〉
ميتا			[mytā] 无生命的；死气沉沉的〈形〉
الحشرات			[ālḥshrāt] 昆虫；昆虫类；昆虫纲〈名〉
اسودّ			[āswdd] 变黑；发黑〈动〉
جوّع			[jawwa‘a] 使挨饿；使饥饿〈动〉
الجوع			[āljw‘] 饥饿；饥荒；渴望〈名〉
دوّار			[dwwār] 旋转的；轮流的〈形〉；旋转式机器〈名〉
سيدني			[sīdnī] 西德尼；茜德尼〈名〉
يكره			[yakrahu] 憎恶；厌恶；不喜欢〈动〉
ابيضّ			[ābyḍḍ] 变白；发白〈动〉
حيثما			[ḥythmā] 无论哪里；凡是…的地方〈连〉
ماتي			[māty] 马提；玛蒂〈名〉
الصبر			[ālṣbr] 耐心；忍耐〈名〉
التّوقيع			[ālttwqy‘] 签名；签署〈名〉
العشب			[āl‘shb] 草；草地；牧草〈名〉
العفو			[āl‘fw] 原谅；宽恕；赦免〈名〉
المناطق			[ālmnāṭq] 区域；领域；面积〈名〉
زائد			[zā’id] 多余的；额外的〈形〉；加号〈名〉
بحّار			[bḥḥār] 水手〈名〉
الأمراض			[āl’amrāḍ] 疾病；不适〈名〉
الفاعل			[ālfā‘l] 行为者；实干家；行为人〈名〉
الريح			[ālryḥ] 风；气息；气味〈名〉
هندي			[hindiyy] 印度的；印度人的〈形〉
الصّدمة			[ālṣṣdmah] 休克；冲击；震惊〈名〉
الإثارة			[āl’ithārah] 刺激；激动；煽动〈名〉
الانفجار			[ālānfjār] 爆炸；爆发〈名〉
إنجلترا			[’injltrā] 英格兰；英国〈名〉
تسلّل			[tasallala] 潜行；潜入；偷偷接近〈动〉
الأشرار			[āl’ashrār] 为恶者；做坏事的人；妖魔鬼怪〈名〉
برايان			[brāyān] 布莱恩〈名〉
نزّل			[nazzala] 下载；使降落〈动〉
بينهما			[bynhmā] 在两者之间〈短语〉
البيسبول			[ālbysbwl] 棒球运动〈名〉
متوتّر			[mutawattir] 紧张的；焦虑的〈形〉
منخفض			[munkhafiḍ] 低的；低下的；低气压〈形〉
التهم			[ālthm] 指控；罪名〈名〉
أخرس			[’akhrs] 哑的；沉默的〈形〉
الشاهد			[ālshāhd] 证人；见证人〈名〉
ادفع			[ādf‘] 支付；付款〈动〉
توفيق			[tawfīq] 成功；和解；协调〈名〉
الشاشة			[ālshāshah] 屏幕；银幕〈名〉
مادي			[mādy] 物质的；物质上的〈形〉
إستمرّ			[’istmrr] 继续；持续；坚持〈动〉
الجناح			[āljnāḥ] 翼；翅膀；侧翼；分馆〈名〉
إدي			[’idy] 埃迪〈名〉
مراجعة			[mrāj‘ah] 校订；修正；修订本〈名〉
موضع			[mawḍi‘] 位置；地点；部位〈名〉
قابلة			[qāblah] 助产士；接生婆〈名〉
سيث			[sīth] 赛斯〈名〉
كتلة			[ktlah] 块；大多数；质量〈名〉
خصوصا			[khṣwṣā] 尤其；特别；格外〈副〉
مريع			[murī‘] 骇人的；令人震惊的〈形〉
سمح			[samiḥa] 允许；容许〈动〉
ببطئ			[bbṭ’i] 缓慢地〈副〉
يمثّل			[yumaththilu] 代表；扮演；体现〈动〉
خدم			[khadama] 服侍；服务〈动〉
التلاعب			[āltlā‘b] 操作；操纵；控制〈名〉
روب			[rūb] 抢夺；抢掠；剥夺〈名〉
التذاكر			[āltdhākr] 票；罚单〈名〉
أوضح			[’awḍḥ] 更清楚的；最清楚的；明确的〈形〉
مهرِّج			[mhrrij] 米默泉〈名〉
الحقوق			[ālḥqwq] 权利；权益；学费〈名〉
يرجع			[yarji'u] 返回；回归；归因于〈动〉
الوكالة			[ālwkālah] 代理机构；经销商；中介〈名〉
المالك			[ālmālk] 所有者；业主；物主〈名〉
المحدّد			[ālmḥddd] 指示者；指定者；指示符〈名〉
ملحّ			[muliḥḥ] 紧急的；迫切的；坚持要求的〈形〉
المقاومة			[ālmqāwmah] 抵抗；阻力；电阻〈名〉
النهائية			[ālnhā’iyah] 决赛；期末考试〈名〉；最后的〈形〉
أصاب			[’aṣāb] 击中；命中；使遭受〈动〉
الصدفة			[ālṣdfah] 贝壳；偶然；巧合〈名〉
رنين			[ranīn] 铃声；响声；鸣响〈名〉
العاهرات			[āl‘āhrāt] 妓女；人尽可夫的女人；路柳墙花〈名〉
الوطنية			[ālwṭnyah] 爱国心；爱国精神；爱国主义〈名〉
تنفيذي			[tanfīdhī] 行政的；执行的；主管的〈形〉
مرتفع			[murtafi‘] 高的；高耸的；升高的〈形〉
الصّديق			[ālṣṣdyq] 朋友〈名〉
الكعكة			[ālk‘kah] 蛋糕；糕饼〈名〉
الوحدات			[ālwḥdāt] 单位；单元；部队〈名〉
الانتقام			[ālāntqām] 复仇；报仇〈名〉
الإعدام			[āl’i‘dām] 死刑；处决〈名〉
تقاعد			[tqā‘d] 退休；引退；退役〈动〉
النجم			[ālnjm] 星；恒星；杰出人物〈名〉
بلير			[Blīr] 布莱尔〈名〉
لير			[līr] 李尔〈名〉
تماسك			[tmāsk] 凝聚；内聚力；团结〈名〉
أعطى			[’a‘ṭā] 给；给予；授予〈动〉
الضّرب			[ālḍḍrb] 打；击打；敲〈名〉
يختفي			[yakhtafī] 消失；隐没〈动〉
بدّل			[baddala] 变更；交换；置换〈动〉
سياتل			[syātl] 西雅图〈名〉
البيانو			[ālbyānw] 钢琴〈名〉
مدّن			[maddana] 使都市化；使城市化；使文雅〈动〉
الرحمة			[ālrḥmah] 仁慈；宽厚；仁厚〈名〉
الورقة			[ālwrqah] 纸；叶子；纸张〈名〉
مصادر			[mṣādr] 来源；资源；资料〈名〉
المنافسة			[ālmnāfsah] 竞争；竞赛；竞销〈名〉
الآباء			[āl’ābā’] 父亲们；祖先〈名〉
واسع			[wās‘] 宽阔的；宽敞的；广泛的〈形〉
ديانا			[dyānā] 迪安娜〈名〉
الضرورة			[ālḍrwrah] 必要；必要性；急需〈名〉
كاثي			[kāthy] 凯茜〈名〉
المجرم			[ālmjrm] 罪犯；犯人；刑事犯〈名〉
اللجنة			[ālljnah] 委员会〈名〉
التعليم			[ālt‘lym] 教育；教学；教导〈名〉
مكسور			[maksūr] 断裂的；挫伤的；折裂的〈形〉
ليلا			[lylā] 在夜间；夜晚〈副〉
النفق			[ālnfq] 隧道；地道〈名〉
مسبقًا			[msbqan] 预先；提前〈副〉
القاعة			[ālqā‘ah] 大厅；礼堂；教室〈名〉
أهّل			[’ahhl] 使有资格；使胜任〈动〉
أدريان			[’adryān] 阿德里安（人名）〈名〉
الدرس			[āldrs] 课；课业；教训〈名〉
العلماء			[āl‘lmā’] 学者们；科学家们〈名〉
أروع			[’arw‘] 最精彩的；最了不起的〈形〉
الخطاب			[ālkhṭāb] 演讲；书信；公文〈名〉
كبرت			[kaburat] 她长大了；变大了〈动〉
ديون			[duyūn] 债务；负债〈名〉
العصر			[āl‘ṣr] 时代；纪元；时期〈名〉
الفشل			[ālfshl] 失败〈名〉
ويندي			[wīndī] 温迪〈名〉
جولز			[Jūlz] 朱尔斯〈名〉
التقنية			[āltqnyah] 技术；工艺；工业技术〈名〉
الكأس			[ālk’as] 杯子；茶杯；优胜杯〈名〉
درع			[dir‘] 盾；铠甲；防护物〈名〉
التخطيط			[āltkhṭyṭ] 规划；计划；设计〈名〉
المخاطر			[ālmkhāṭr] 危险；风险〈名〉
يضرب			[yaḍribu] 打；击；打击〈动〉
الطّرف			[ālṭṭrf] 边；端；边缘〈名〉
يزداد			[yzdād] 增加；增多〈动〉
هارب			[hārb] 逃亡者；逃跑的〈名〉
يفقد			[yafqudu] 失去；丢失〈动〉
يحلّ			[yaḥullu] 解决；解开〈动〉
مربّع			[murabba‘] 正方形的；平方的〈形〉
الخيانة			[ālkhyānah] 背叛；叛国；不忠〈名〉
البار			[ālbār] 出售麦酒的酒店；酒馆〈名〉
الإمساك			[āl’imsāk] 便秘；秘结〈名〉
بحذر			[bi-ḥadhar] 小心地；谨慎地〈副〉
ديني			[dīnī] 宗教的〈形〉；我的宗教〈名〉
مهندس			[muhandis] 工程师；设计师〈名〉
المصنع			[ālmṣn‘] 工厂；产生地；代理店〈名〉
الدخان			[āldkhān] 烟；烟气〈名〉
الركض			[ālrkḍ] 奔跑；跑步〈名〉
الغيرة			[ālghyrah] 妒忌；猜忌；羡慕〈名〉
وين			[wayn] 哪里（方言）〈名〉
دول			[duwal] 国家；各国（دولة 的复数）〈名〉
الكاهن			[ālkāhn] 祭司；神父〈名〉
باستمرار			[bāstmrār] 持续地；不断地〈副〉
إيان			[’iyān] 伊恩〈名〉
أمهات			[’amhāt] 母亲；妈妈（أم 的复数）〈名〉
يخطّط			[yukhaṭṭiṭ] 计划；规划〈动〉
العمّال			[āl‘mmāl] 工人；劳动者〈名〉
المثالية			[ālmthālyah] 唯心主义；观念论；唯心论〈名〉
اقترب			[āqtrb] 接近；靠近〈动〉
الموسيقيّة			[ālmwsyqyyah] 音乐技巧；音乐感；音乐才能〈名〉
مجيد			[majīd] 光荣的；宏伟的〈形〉
القوم			[ālqwm] 人们；家人；亲属〈名〉
نيد			[nayyid] 有膝一般关节的；有节的〈形〉
صائب			[ṣā’ib] 正确的；准确的；无误的〈形〉
الساحر			[ālsāḥr] 巫士；可爱的人〈名〉
الدّولارات			[ālddwlārāt] 美元〈名〉
دولي			[duwalī] 国际的〈名〉
البريّة			[ālbryyah] 荒野；沙漠；在野〈名〉
براندون			[brāndwn] 布兰登〈名〉
بروكلين			[Brūklīn] 布鲁克林区〈名〉
السّكّان			[ālsskkān] 居民；人口〈名〉
جوناثان			[jwnāthān] 乔纳森〈名〉
المخّ			[ālmkhkh] 脑；头脑〈名〉
الفرار			[ālfrār] 逃跑；逃脱〈名〉
الذّرّة			[āldhdhrrah] 原子；核能；微粒〈名〉
حسّاس			[ḥssās] 敏感的；灵敏的〈形〉
راج			[rāj] 主权；统治；支配〈名〉
التّأثير			[āltt’athyr] 影响；作用〈名〉
كارلا			[kārlā] 卡拉〈名〉
جنوبيّ			[janūbī] 南的；南方的〈形〉
الفطائر			[ālfṭā’ir] 馅饼；糕点〈名〉
مجّد			[majjada] 颂扬；赞美〈动〉
داء			[dā’] 病；疾病；弊病〈名〉
جذّاب			[jdhdhāb] 有魅力的；吸引人的〈形〉
المعرض			[ālm‘rḍ] 展览会；博览会〈名〉
الخيارات			[ālkhyārāt] 选择；期权；选择项〈名〉
بولي			[būlī] 泡利〈名〉
الاختيار			[ālākhtyār] 选择〈名〉
تارا			[tārā] 塔拉（人名）〈名〉
القطّ			[ālqṭṭ] 猫〈名〉
التضحية			[āltḍḥyah] 宰杀；献身；祭物〈名〉
كيث			[kīth] 基思〈名〉
مستمر			[mustamirr] 连续的；继续的；连续不断的〈形〉
القطّة			[ālqṭṭah] 猫；恶妇〈名〉
القمّة			[ālqmmah] 顶点；极度；最高点〈名〉
فورد			[fawrada] 浅滩；福特汽车〈名〉；涉过〈动〉
مقطّع			[muqaṭṭa‘] 切片；切块〈名〉
السجناء			[ālsjnā’] 囚徒；俘虏；被夺去自由的人等〈名〉
البطولة			[ālbṭwlah] 冠军身份；冠军称号；英勇〈名〉
يقدّر			[yuqaddiru] 感激；欣赏；意识到〈动〉
الزّرّ			[ālzzrr] 钮扣；按钮；扣住〈名〉
زمني			[zamānī] 年代的；按时间顺序的；按照年月顺序的〈形〉
العلامة			[āl‘lāmah] 符号；标记；声调符号〈名〉
المعدّات			[ālm‘ddāt] 器具；装备；设备〈名〉
عاطفيّ			[‘āṭfyy] 情感的；表达感情的；感情的〈形〉
المخزن			[ālmkhzn] 杂物收藏室〈名〉
القبّعة			[ālqbb‘ah] 帽子；盖子〈名〉
بجنون			[bi-junūn] 发狂地；疯子似地〈副〉
الزبائن			[ālzbā’in] 客户；顾客〈名〉
احترس			[āḥtrs] 小心；谨防〈动〉
السمّ			[ālsmm] 毒药；毒；毒物〈名〉
جانبًا			[jānban] 在一边；旁白〈副〉
بينيت			[bīnīt] 班尼特〈名〉
مبالغ			[mbālgh] 夸张的；夸大的〈形〉
البرج			[ālbrj] 塔；楼塔；星座〈名〉
رقمي			[raqmī] 数字化的〈形〉
الاعتراف			[ālā‘trāf] 承认；确认；感谢〈名〉
يتحوّل			[yataḥawwalu] 转变；变成〈动〉
أخرق			[’akhrq] 笨拙的；不雅观的；粗陋的〈形〉
مستقيم			[mustaqīm] 直的；正直的；公正的〈形〉
القتلة			[ālqtlah] 凶手；消灭…者；致命物〈名〉
الآلاف			[āl’ālāf] 数千〈名〉
بغرابة			[bghrābah] 奇怪地〈副〉
تبوّل			[tabawwala] 排尿〈动〉
رالف			[rālf] 拉尔夫〈名〉
الأخت			[āl’akht] 姐妹；姐；妹〈名〉
عاجل			[‘ājl] 紧急的；急速的〈形〉
كروز			[krūz] 克鲁兹〈名〉
ينفع			[yanfa‘u] 有益；有用〈动〉
دوايت			[dwāyt] 德怀特〈名〉
الطبخ			[ālṭbkh] 烹饪；烹调〈名〉
بعناية			[b‘nāyah] 小心地；仔细地〈副〉
الفهم			[ālfhm] 理解；领会〈名〉
آلية			[’ālyah] 机械；机构；结构〈名〉
ريا			[ryā] 美洲鸵；苎麻〈名〉
الإحترام			[āl’iḥtrām] 顺从；尊重〈名〉
الأسباب			[āl’asbāb] 原因〈名〉
الأسماك			[āl’asmāk] 鱼类〈名〉
شاحنات			[shāḥnāt] 卡车；货车〈名〉
تجوّل			[tajawwala] 散步；闲逛〈动〉
المملكة			[ālmmlkah] 王国；领域；界〈名〉
الميدان			[ālmydān] 广场；市场；购物区〈名〉
ليف			[līf] 纤维〈名〉
أحدث			[’aḥdth] 使发生；引起〈动〉
الفلم			[ālflm] 电影；胶片〈名〉
تصوّر			[taṣawwur] 想象；概念；设想〈名〉
التجارب			[āltjārb] 实验；试验；尝试〈名〉
الضّعف			[ālḍḍ‘f] 虚弱；弱点；倍数〈名〉
المجانين			[ālmjānyn] 怪人；狂人〈名〉
العطلة			[āl‘ṭlah] 假日；假期；节日〈名〉
السلالم			[ālslālm] 梯子；阶梯；途径〈名〉
فعليّ			[fi'liyy] 真实的；实际的；现行的〈形〉
جريج			[Grīj] 格雷格〈名〉
الساحة			[ālsāḥah] 广场；场地；战场〈名〉
الخلايا			[ālkhlāyā] 细胞；牢房；小屋〈名〉
حلو			[ḥulw] 甜的；好吃的；甜蜜的〈形〉
التحية			[āltḥyah] 问候；致意；敬礼〈名〉
قيصر			[qayṣar] 皇帝〈名〉
دلّ			[dalla] 证明；表明；指示〈动〉
التّجارة			[ālttjārah] 商业；贸易；生意〈名〉
الحفرة			[ālḥfrah] 坑；洞；穴〈名〉
مصنوع			[maṣnū‘] 制成的；制造的；制品〈形〉
الميناء			[ālmynā’] 港口；港〈名〉
قسوة			[qswah] 冷酷无情；凉薄〈名〉
كندا			[kndā] 加拿大〈名〉
الغابات			[ālghābāt] 森林；丛林；一丛〈名〉
شاقّ			[shāqq] 艰难的；费力的〈形〉
أغرب			[’aghrb] 更奇怪的；更古怪的〈形〉
إبق			[’ibq] 保留；保持；使继续存在〈动〉
مألوف			[m’alwf] 熟悉的；常见的〈形〉
الهوية			[ālhwyah] 身份；特性；认同〈名〉
مونرو			[mūnrū] 芒罗〈名〉
مايو			[māyw] 五月〈名〉
يبيع			[yabī‘u] 卖；出售〈动〉
ليديا			[lydyā] 吕底亚〈名〉
الرهائن			[ālrhā’in] 人质〈名〉
قياس			[qyās] 测量；计量；测定〈名〉
المخيّم			[ālmkhyym] 营地；露营〈名〉
لينكولن			[līnkūlīn] 林肯〈名〉
ميراندا			[myrāndā] 米兰达〈名〉
الحوض			[ālḥwḍ] 盆；水池；水槽〈名〉
الوزير			[ālwzyr] 部长；大臣；宰相〈名〉
راسل			[rāsl] 拉塞尔（人名）；通信〈动〉
المحكّ			[ālmḥkk] 试金石；标准〈名〉
ينفّذ			[yunaffidhu] 执行；实施；履行〈动〉
الفضل			[ālfḍl] 功劳；恩惠；美德〈名〉
أهدأ			[’ahd’a] 更安静的；更平静的〈形〉
المعيشة			[ālm‘yshah] 生活；生计；生存〈名〉
الأستاذ			[āl’astādh] 老师；教授；先生〈名〉
الخطوط			[ālkhṭwṭ] 线条；航线；字体〈名〉
معهد			[ma‘had] 学院；院校；学会〈名〉
السجائر			[ālsjā’ir] 纸烟；香烟〈名〉
الملعون			[ālml‘wn] 被诅咒者；该死的〈名〉
مصر			[miṣr] 埃及〈名〉
النّزيف			[ālnnzyf] 出血；流血；渗色〈名〉
كريستينا			[krystynā] 克里斯蒂娜〈名〉
تفاوض			[tfāwḍ] 商议；谈判；交涉〈名〉
بيرت			[bīrt] 伯特〈名〉
الخيال			[ālkhyāl] 幻想；想象的产物〈名〉
احمرّ			[āḥmrr] 变红；发红〈动〉
القرارات			[ālqrārāt] 决定；决议；决断〈名〉
أثار			[’athār] 激起；引起；使激动〈动〉
الأجرة			[āl’ajrah] 工资；报酬；车费〈名〉
بالقوّة			[bālqwwah] 用力地；强行地〈副〉
بريطانيا			[bryṭānyā] 英国〈名〉
ألي			[’aly] 伊利〈名〉
تقليد			[taqlīd] 模仿；拟态；模拟〈名〉
فيكي			[fīkī] 维姬〈名〉
فاسد			[fāsd] 腐坏的；腐败的；堕落的〈形〉
ساندي			[sāndy] 桑迪（人名）〈名〉
كلّيًّا			[kllyyanā] 完全地；总而言之〈名〉
القانونيّة			[ālqānwnyyah] 合法性；法律问题〈名〉
الإنضمام			[āl’inḍmām] 加入；加盟；连接〈名〉
الصينية			[ālṣynyah] 汉语；中文；中国女子〈名〉
الحلقات			[ālḥlqāt] 环；圈；集；回合〈名〉
الإحساس			[āl’iḥsās] 感觉；触觉；感情〈名〉
الأراضي			[āl’arāḍy] 土地；陆地；国土〈名〉
يبكي			[yabkī] 哭；哭泣〈动〉
ألقى			[’alqā] 投；扔；发表（演讲）〈动〉
صدري			[ṣadrī] 胸的；胸部的〈形〉
الجاذبيّة			[āljādhbyyah] 引力；吸引力〈名〉
ديبي			[dībī] 黛比〈名〉
مرتاح			[mrtāḥ] 舒适的；放心的；轻松的〈形〉
الأقدام			[āl’aqdām] 脚；尺〈名〉
المنظر			[ālmnẓr] 景象；风景；外观〈名〉
منحرف			[munḥarif] 偏离的；越轨的；行为不端者〈形〉
بعمق			[bi-‘umq] 深刻地；在深处〈副〉
جوان			[jwān] 乔安妮〈名〉
جامعي			[jām‘y] 大学的；学院的；学术的〈形〉
خاسر			[khāsr] 失败者；输家；亏损的〈名〉
عنيف			[‘anīf] 狂怒的；激烈的；猛烈的〈形〉
المسرحية			[ālmsrḥyah] 戏剧；剧本〈名〉
ليني			[līnī] 连尼〈名〉
السلم			[ālslm] 梯子；和平；音阶〈名〉
الإعلام			[āl’i‘lām] 新闻媒体；传媒；信息〈名〉
الشّكّ			[ālshkk] 怀疑；疑问〈名〉
الإنفجار			[āl’infjār] 爆发；激增；爆炸〈名〉
المظهر			[ālmẓhr] 外观；面貌〈名〉
هاواي			[hāwāy] 夏威夷〈名〉
الجدّة			[āljddah] 奶奶；老奶奶；老婆婆〈名〉
الغسيل			[ālghsyl] 洗涤；浸；洗涤物〈名〉
كلارا			[klārā] 克拉拉〈名〉
أبو			[’abw] 父亲〈名〉
أوسط			[’awsṭ] 正中的；中间的〈形〉
مسلّح			[musallaḥ] 武装的；持械的〈形〉
يشتري			[yashtarī] 购买；购得〈动〉
مرتبط			[murtabiṭ] 连接的；连贯的；有联系的〈形〉
توت			[tūt] 桑葚；桑树〈名〉
ليزي			[līzī] 利齐〈名〉
موسكو			[mūskū] 莫斯科〈名〉
لسان			[lsān] 舌头；语言；舌状物〈名〉
أرضيّ			[’arḍyy] 地面的；陆地的；地球的〈形〉
الصناعي			[ālṣnā‘y] 工业的；人工的〈形〉
بيكر			[bīkir] 贝克尔〈名〉
النسخة			[ālnskhah] 副本；摹仿；一册〈名〉
شهير			[shahīr] 著名的；驰名的〈形〉
التّراجع			[ālttrāj‘] 撤退；后退；回退〈名〉
الأزياء			[āl’azyā’] 流行；时尚；风行一时的事物〈名〉
الإعلان			[āl’i‘lān] 告示；通告〈名〉
يبعد			[yub'idu] 使疏远；远离〈动〉
كولين			[kūlīn] 科林〈名〉
الرّصيف			[ālrrṣyf] 人行道；路边；月台〈名〉
الإيجار			[āl’iyjār] 租约；租期；租〈名〉
النفط			[ālnfṭ] 石油〈名〉
الخدمات			[ālkhdmāt] 服务；公共事业〈名〉
الضّبّاط			[ālḍḍbbāṭ] 军官〈名〉
الألوان			[āl’alwān] 颜色；色彩〈名〉
الأغاني			[āl’aghāny] 歌曲；歌谣；小调〈名〉
تدمر			[tadammur] 被毁坏；崩塌〈名〉
رايموند			[rāymwnd] 雷蒙德〈名〉
السكن			[ālskn] 居住；住所〈名〉
مارلين			[mārlyn] 马琳〈名〉
مخبّأ			[mkhbb’a] 藏身处；隐蔽处〈名〉
وليام			[wlyām] 威廉〈名〉
أمرا			[’amrā] 两件事；两个命令〈名〉
المحافظ			[ālmḥāfẓ] 省长；州长；保守的〈名〉
أمَة			[’amah] 女奴；婢女〈名〉
المغزى			[ālmghzā] 要旨；寓意〈名〉
يتوقّع			[yatawaqqa‘u] 预料；预计；预期〈动〉
الجنوبي			[āljnwby] 南方的；南部的〈名〉
رخيص			[rakhīṣ] 便宜的；廉价的；可鄙的〈形〉
شيلدون			[shīldūn] 谢尔登〈名〉
العريف			[āl‘ryf] 下士；首领；显著者〈名〉
يتذكّر			[yatadhakkaru] 记得；想起；回想〈动〉
المغفّل			[ālmghffl] 被蒙蔽者；受骗者〈名〉
مغناطيسي			[mghnāṭysy] 磁性的；磁的〈形〉
الخنازير			[ālkhnāzyr] 猪〈名〉
العلامات			[āl‘lāmāt] 标记；符号；标志〈名〉
ينزف			[yanzifu] 出血；流血〈动〉
كوري			[kūrī] 科里〈名〉
كورت			[kūrt] 库尔特〈名〉
المسابقة			[ālmsābqah] 竞赛；争论；竞争〈名〉
يمشي			[yamshī] 走；步行〈动〉
راقص			[rāqṣ] 舞者；舞蹈演员〈名〉
البطاقات			[ālbṭāqāt] 卡片；纸牌〈名〉
العدوى			[āl‘dwā] 传染；接触传染；道德败坏〈名〉
غابي			[ghāby] 森林的〈形〉
ألان			[’alān] 艾伦〈名〉
مكافأة			[mkāf’ah] 报酬；奖赏〈名〉
حرج			[ḥaraj] 困境；危险〈名〉
الهنود			[ālhnwd] 印第安人；印度人〈名〉
عميد			[‘amīd] 陆军准将；准将〈名〉
الحقائب			[ālḥqā’ib] 包；手提包；行李〈名〉
الحفر			[ālḥfr] 挖掘；坑；洞穴〈名〉
ليزلي			[layzlī] 莱斯利〈名〉
شقّ			[shaqq] 裂缝；裂开〈名〉
برينان			[brynān] 布伦南〈名〉
الإستخبارات			[āl’istkhbārāt] 智力；情报；信息〈名〉
الأبرياء			[āl’abryā’] 无辜者〈名〉
إختفى			[’ikhtfā] 消失〈动〉
مدام			[mdām] 只要；一直〈连〉
القدّيس			[ālqddys] 圣徒；圣人；神圣的〈名〉
مقصود			[maqṣūd] 有意的；故意的〈形〉
المعبد			[ālm‘bd] 寺庙；神殿〈名〉
الإنتقام			[āl’intqām] 报复；报仇；回敬〈名〉
العزف			[āl‘zf] 演奏〈名〉
تيس			[tays] 公山羊〈名〉
العلوم			[āl‘lwm] 科学；学科〈名〉
البابا			[ālbābā] 罗马教皇；主教〈名〉
الأربعاء			[āl’arb‘ā’] 星期三〈名〉
ريتشي			[rītshī] 里奇〈名〉
التسوّق			[āltswwq] 买东西；购物〈名〉
المدارس			[ālmdārs] 学校〈名〉
يمارس			[ymārs] 从事；实行〈动〉
العرش			[āl‘rsh] 王位；宝座〈名〉
يعيد			[yu‘īdu] 归还；交还；使恢复〈动〉
تقاطع			[tqāṭ‘] 十字形；交叉；矛盾〈名〉
النمر			[ālnmr] 老虎；豹〈名〉
رود			[rūd] 罗德岛〈名〉
باول			[bāwl] 鲍威尔〈名〉
الأدوات			[āl’adwāt] 工具；用具；器具〈名〉
وحيدًا			[waḥīdan] 独自地；单独地〈副〉
الفئران			[ālf’irān] 老鼠〈名〉
أبلغ			[’ablgh] 通知；告知〈动〉
العبور			[āl‘bwr] 横越；横渡；交叉点〈名〉
اللّصوص			[ālllṣwṣ] 窃贼；破门盗窃者；破门盗贼〈名〉
مور			[mūl] 摩尔〈名〉
المتّهم			[ālmtthm] 被告；被指控者〈名〉
الإختبار			[āl’ikhtbār] 测验；考试；检验〈名〉
الشخصيات			[ālshkhṣyāt] 人物；角色；个性〈名〉
بيكي			[bīkī] 上挂钩〈名〉
النفايات			[ālnfāyāt] 垃圾；废物〈名〉
خمّن			[khannana] 推测；猜测；估计〈动〉
الكهف			[ālkhf] 巨穴；洞窟；深处〈名〉
المستشار			[ālmstshār] 顾问；劝告者；指导教师〈名〉
المعنى			[ālm‘nā] 意义；意思〈名〉
الحساء			[ālḥsā’] 汤；浓汤〈名〉
المركّب			[ālmrkkb] 化合物；复合词；混合物；船〈名〉
مجّاني			[mjjāny] 免费的；无偿的〈形〉
الفرسان			[ālfrsān] 骑兵〈名〉
المخلوق			[ālmkhlwq] 生物；造物；生灵〈名〉
المصدّر			[ālmṣddr] 出口商；输出者；出口公司〈名〉
فيشر			[fīshar] 渔夫；食鱼动物；渔船〈名〉
الكشف			[ālkshf] 发现；揭露；检查〈名〉
إستثناء			[’istithnā’] 例外；除外〈名〉
العضلات			[āl‘ḍlāt] 肌肉〈名〉
الجنازة			[āljnāzah] 葬礼；出殡〈名〉
هايلي			[hāyly] 海莉（人名）〈名〉
بوم			[būm] 猫头鹰〈名〉
نزع			[naza'a] 拔除；摘下；脱去〈动〉
مقزّز			[muqazziz] 令人作呕的；恶心的〈形〉
اشترى			[āshtrā] 买；购买〈动〉
الغطاء			[ālghṭā’] 覆盖物；罩子；盖子〈名〉
الملكي			[ālmlky] 皇家的；王室的〈形〉
العناء			[āl‘nā’] 辛劳；辛苦〈名〉
دويل			[duwīl] 柯南道尔；道尔〈名〉
ألماني			[’almāny] 德国的；德国人的〈形〉
الإتفاق			[āl’itfāq] 协议；一致；共同点〈名〉
العيادة			[āl‘yādah] 诊所；门诊〈名〉
الليالي			[āllyāly] 夜晚（ليلة的复数）〈名〉
يفضّل			[yufaḍḍilu] 更喜欢；宁愿；偏好〈动〉
الذعر			[āldh‘r] 惊慌；恐慌〈名〉
الفراغ			[ālfrāgh] 空白；空虚；空闲〈名〉
قوارب			[qwārb] 小船；艇（قارب的复数）〈名〉
مزدوج			[muzdawaj] 双的；成对的；双重的〈形〉
تواعد			[twā‘d] 相约；约会〈动〉
بريطانيّ			[bryṭānyy] 英国的；英国人的〈形〉
السقوط			[ālsqwṭ] 坠落；陷落；垮台〈名〉
اهرب			[āhrb] 逃跑；逃走〈动〉
أفغانستان			[’afghānstān] 阿富汗〈名〉
الفرنسي			[ālfrnsy] 法国的；法语的〈名〉
عائلي			[‘ā’ily] 家庭的；家族的〈形〉
نقي			[naqī] 纯洁的；纯净的；纯正的〈形〉
الإنتقال			[āl’intqāl] 转移；移动；过渡〈名〉
ودّيّ			[wuddiyy] 友善的；友好的〈形〉
التّقارير			[ālttqāryr] 报告；报道；报表〈名〉
الأبله			[āl’ablh] 笨蛋；轻佻的人；轻率浮躁的人〈名〉
المؤتمر			[ālm’utmr] 会议；讨论会；协商会〈名〉
ممتن			[mumtann] 感谢的；感激的〈形〉
يُمضي			[yumḍy] 度过；消磨〈动〉
يعرّض			[yu'arriḍ] 使暴露；使遭受；曝光〈动〉
الوسط			[ālwsṭ] 中间；中部；中心〈名〉
البطاطا			[ālbṭāṭā] 马铃薯；土豆〈名〉
وِتَر			[witar] 弦；肌腱〈名〉
النقاط			[ālnqāṭ] 点；句点；分数〈名〉
مستقبلي			[mustaqbalī] 未来的；将来的〈形〉
اللحظات			[āllḥẓāt] 片刻；顷刻；刹那〈名〉
أتوُد			[’atwud] 阿特伍德 的变体；阿特伍德〈名〉
إكس			[’iks] 字母X；未知数〈名〉
التعليمات			[ālt‘lymāt] 指示；指令；说明书〈名〉
الفمّ			[ālfmm] 口；口腔〈名〉
العجلة			[āl‘jlah] 轮子；车轮；匆忙〈名〉
الصّداقة			[ālṣṣdāqah] 友谊；友好；亲善关系〈名〉
الجدول			[āljdwl] 表格；日程表；小溪〈名〉
التّفّاح			[ālttffāḥ] 苹果；井架小零件〈名〉
مطرقة			[mṭrqah] 锤子；榔头〈名〉
المنظمة			[ālmnẓmah] 组织；结构；团体〈名〉
مقاتل			[mqātl] 战士；战斗者〈名〉
الحمار			[ālḥmār] 驴子；笨蛋；顽固者〈名〉
أسعد			[’as‘d] 最幸福的；最快乐的〈形〉
الصلب			[ālṣlb] 固体；核心；坚实部分〈名〉
المستودع			[ālmstwd‘] 仓库；货栈；贮藏所〈名〉
جذب			[jadhaba] 吸引；招引〈动〉
الكائنات			[ālkā’ināt] 生物；存在物〈名〉
هوك			[hūk] 钩子；挂钩〈名〉
الحكمة			[ālḥkmah] 格言；箴言〈名〉
ديكس			[dīks] 迪克斯〈名〉
كريهة			[kryhah] 讨厌的；可憎的；令人厌恶的〈形〉
يدّعي			[yuda''ī] 断言；宣称；辩解〈动〉
يحترق			[iḥtaraqa] 燃烧；被烧毁〈动〉
حظّي			[ḥuẓẓī] 我的运气；好运〈名〉
كراهية			[krāhyah] 憎恨；厌恶〈名〉
الحالية			[ālḥālyah] 现状；当前情况〈名〉
ألغام			[’alghām] 地雷；水雷；谜语〈名〉
العصا			[āl‘ṣā] 手杖；棍棒〈名〉
العمّة			[āl‘mmah] 姑妈；姑母〈名〉
مخادع			[mkhād‘] 诡计；欺骗手段〈名〉
الفقراء			[ālfqrā’] 穷人；贫民〈名〉
فقير			[faqīr] 贫穷的；贫乏的〈形〉
بحجم			[bi-ḥajm] 尺寸；大小〈名〉
الأصل			[āl’aṣl] 祖先；世系；名门出身〈名〉
حرم			[ḥaram] 圣地；禁区〈名〉
ليونارد			[lywnārd] 伦纳德〈名〉
المسلسل			[ālmslsl] 连续剧；连载作品〈名〉
الدولية			[āldwlyah] 国际主义；国际性〈名〉
الكنز			[ālknz] 宝藏；财宝〈名〉
الأمنية			[āl’amnyah] 所愿望之物；迫切需要之物〈名〉
ريّف			[rīf] 农村；乡村〈名〉
الصّناديق			[ālṣṣnādyq] 小木箱；盒子〈名〉
جماعي			[jmā‘y] 集体的；共同的〈形〉
مجمّع			[mujamma‘] 总和；综合体〈名〉
ناجح			[nājḥ] 成功的；兴旺的〈形〉
غرايس			[ghrāys] 优雅；风度；慈悲〈名〉
دافئ			[dāf’i] 温暖的；暖和的〈形〉
وردي			[wardī] 粉红色的；玫瑰色的〈形〉
القضيب			[ālqḍyb] 阴茎；棒；杆〈名〉
محبوب			[maḥbūb] 心爱的；心爱的人〈名〉
الثّورة			[ālthwrah] 革命；起义〈名〉
روزي			[rūzī] 罗西〈名〉
العقلية			[āl‘qlyah] 理性；理智；心智〈名〉
ضائع			[ḍā’i‘] 丢失的；下落不明的〈形〉
إيف			[’iyf] 伊夫；夏娃（人名）〈名〉
يقبل			[yaqbalu] 接受；同意〈动〉
بورك			[būrk] 伯克（人名）〈名〉
بالمائة			[bālmā’iah] 百分比；百分数〈名〉
نولان			[nwlān] 诺兰〈名〉
خلّل			[khallala] 解剖；剖析；分析〈动〉
مباني			[mbāny] 建筑物；楼房〈名〉
الأغبياء			[āl’aghbyā’] 傻子；愚人们〈名〉
القطاع			[ālqṭā‘] 部门；领域；切开〈名〉
افترض			[āftrḍ] 假定；假设〈动〉
الجلسة			[āljlsah] 会议；开庭；坐〈名〉
الضوضاء			[ālḍwḍā’] 噪音；喧闹声〈名〉
يورك			[Yūrk] 约克（英国城市）〈名〉
العقاب			[āl‘qāb] 处罚；刑罚；惩罚〈名〉
جالس			[jāls] 坐着的；就座的〈形〉
يشكّل			[yushakkilu] 组成；构成；形成〈动〉
دونالد			[dwnāld] 唐纳德〈名〉
الطين			[ālṭyn] 黏土〈名〉
رومانسي			[rwmānsy] 浪漫的；风流的；传奇性的〈形〉
الوكيل			[ālwkyl] 代理人；代理商；代表〈名〉
يكتشف			[yaktashif] 发现；发觉；撞见〈动〉
مسجّل			[musajjal] 已登记的；已注册的；录音机〈名〉
التيار			[āltyār] 水流；电流；潮流〈名〉
الملائكة			[ālmlā’ikah] 天使；天使们〈名〉
ثمين			[thamīn] 珍贵的；贵重的〈形〉
الكوخ			[ālkwkh] 小屋；茅舍〈名〉
ملكك			[milkuka] 你的〈代〉
مخلص			[mukhliṣ] 忠心的；忠实的；真诚的〈形〉
الكبد			[ālkbd] 肝脏〈名〉
الشّمبانيا			[ālshmbānyā] 香槟；香槟酒〈名〉
الحملة			[ālḥmlah] 战役；运动；竞选运动〈名〉
الوجود			[ālwjwd] 存在；生存；生活〈名〉
حافظ			[ḥāfẓ] 保护者；守卫者；背诵者〈名〉
بالمقابل			[bālmqābl] 相反；作为回报〈副〉
مراقب			[mrāqb] 监督者；观察员；监视者〈名〉
الأولي			[āl’awly] 最初的；第一的；初级的〈形〉
الإستمرار			[āl’istmrār] 继续；持续〈名〉
الدموع			[āldmw‘] 眼泪；泪水〈名〉
البدلة			[ālbdlah] 装束；服装〈名〉
المتفجرات			[ālmtfjrāt] 炸药；爆炸物〈名〉
وقح			[waqḥ] 厚颜无耻的；放肆的〈形〉
الخطط			[ālkhṭṭ] 计划；规划；方案〈名〉
الدّوام			[ālddwām] 持续；上班时间〈名〉
مباريات			[mbāryāt] 比赛；赛事〈名〉
تنفسي			[tanafusī] 呼吸的〈形〉
الذئاب			[āldh’iāb] 狼；狼皮；残暴成性的人〈名〉
الأنفاق			[āl’anfāq] 隧道；地道；穴〈名〉
الغبار			[ālghbār] 灰尘；尘土〈名〉
التزلج			[āltzlj] 滑雪；滑冰〈名〉
بالضرورة			[bālḍrwrah] 必然地；不得已地〈副〉
كايتي			[kāyty] 卡蒂〈名〉
يمسك			[yamsiku] 抓住；握住〈动〉
دعيّ			[da‘iyy] 虚弱的；孱弱的；卑贱的〈形〉
الدعوة			[āld‘wah] 邀请；号召；传道〈名〉
الحراسة			[ālḥrāsah] 守卫；警戒；看守〈名〉
تقليدي			[taqlīdī] 传统的；习惯的；约定的〈形〉
كريستي			[Krīstī] 克里斯蒂（人名）〈名〉
الأصغر			[āl’aṣghr] 较小的；较年幼的〈形〉
المرآب			[ālmr’āb] 车库；汽车修理厂；机库〈名〉
البحّار			[ālbḥḥār] 水手；海员〈名〉
حبلى			[ḥblā] 怀孕的；充满的〈形〉
يبقي			[yubqī] 保留；使继续存在；剩下〈动〉
المنتصف			[ālmntṣf] 中点；一半〈名〉
فني			[fannī] 艺术的；艺术家的；富有艺术性的〈形〉
المنصّة			[ālmnṣṣah] 平台；站台；讲台〈名〉
يقيّم			[qayyama] 评价；估价；评估〈动〉
خدع			[khada‘a] 蒙骗；欺骗〈动〉
فْيَنّي			[fyanny] 维也纳的；维也纳人的；维也纳式的〈形〉
الخمس			[ālkhms] 第五；五分之一〈名〉
ألبرت			[’albrt] 艾伯特〈名〉
الصحيفة			[ālṣḥyfah] 报纸〈名〉
تشو			[tshū] 周；甘蓝；心爱的人〈名〉
التعاون			[ālt‘āwn] 合作；协力；配合〈名〉
الأكاذيب			[āl’akādhyb] 谎话；谎言〈名〉
الغلاف			[ālghlāf] 封面；包皮；外皮〈名〉
المئات			[ālm’iāt] 数以百计；几百〈名〉
الأمهات			[āl’amhāt] 母亲们；妈妈们〈名〉
كونراد			[kwnrād] 康拉德〈名〉
تأمّل			[t’amml] 注视；沉思；盘算〈名〉
غلوريا			[ghlwryā] 格洛丽亚（人名）〈名〉
كلّي			[kulliyy] 全部的；总的〈形〉
مشرّف			[musharrif] 荣幸的；光荣的；监导的〈形〉
محتال			[mḥtāl] 骗子；狡诈的；诡计多端的〈名〉
الجملة			[āljmlah] 句子；命题；宣判〈名〉
الوادي			[ālwādy] 山谷；河谷；干河床〈名〉
بمعرفة			[bma‘rifah] 在…的指导下；经…之手〈介短〉
مقال			[mqāl] 文章；论文〈名〉
ينمو			[yanmū] 生长；发育；增长〈动〉
السّترة			[ālsstrah] 上衣；外套〈名〉
هولمز			[hūlmz] 福尔摩斯〈名〉
الأمم			[āl’umam] 民族；各国人民；国家（复数）〈名〉
جافّ			[jāff] 干燥的；枯燥的〈形〉
الإنتهاء			[āl’inthā’] 结束；终止；到期〈名〉
تأجيل			[t’ajyl] 延期；休会；休会期间〈名〉
ريجينا			[ryjynā] 里贾纳（人名）〈名〉
خالد			[khāld] 不死的；永恒的〈形〉
جينيفر			[jīnīfir] 詹尼弗〈名〉
الأسد			[āl’asd] 狮子〈名〉
تبرّع			[tatabarru‘] 捐赠〈名〉
يرفض			[yarfuḍu] 拒绝；不接受〈动〉
بابلو			[bāblw] 巴勃罗；帕布洛；帕布鲁〈名〉
إرهابي			[’irhāby] 恐怖主义的；恐怖行为的〈形〉
الخبرة			[ālkhbrah] 经验；阅历〈名〉
إيطاليا			[’iyṭālyā] 意大利〈名〉
ميك			[mīk] 米克（人名）〈名〉
تسرّب			[tasarrub] 渗出；渗流；漏〈名〉
الأبطال			[āl’abṭāl] 英雄；冠军（复数）〈名〉
داعر			[dā‘r] 好色的；引起淫欲的；纵欲的〈形〉
العائلات			[āl‘ā’ilāt] 家庭（复数）〈名〉
نصب			[naṣb] 纪念碑；诈骗；安装〈名〉
العملاق			[āl‘mlāq] 巨人；巨头〈名〉
الإعتراف			[āl’i‘trāf] 承认；坦白；招供〈名〉
النّقاش			[ālnnqāsh] 讨论；辩论〈名〉
زواجي			[zwājy] 婚姻的；婚配的〈形〉
التفتيش			[āltftysh] 检查；搜查；审查〈名〉
أربعون			[’arb‘wn] 四十；四十个〈名〉
سكران			[skrān] 醉的；喝醉的〈形〉
غراميّ			[ghrāmyy] 多情的；表示爱情的；恋爱的〈形〉
السّخرية			[ālsskhryah] 嘲弄；讥讽；取笑〈名〉
الصواريخ			[ālṣwārykh] 导弹；投射物〈名〉
بحري			[baḥrī] 海的；海上的；海事的〈形〉
تشكّ			[tashakkuk] 怀疑；疑虑〈名〉
كريستوفر			[Krīstūfar] 克里斯多夫〈名〉
الخلوي			[ālkhlwy] 细胞的〈形〉
الدّافع			[ālddāf‘] 动机；推动力〈名〉
مرعب			[muri‘ib] 使惊愕的；使惊恐的〈形〉
القطب			[ālqṭb] 极；极点；磁极〈名〉
دالاس			[dālās] 达拉斯〈名〉
المزاج			[ālmzāj] 情绪〈名〉
مشرق			[mashriq] 东方；日出之地〈名〉
المتحف			[ālmtḥf] 博物馆〈名〉
حضر			[ḥaḍara] 参加；伴随；注意〈动〉
بون			[būn] 布恩〈名〉
مستاء			[mstā’] 不满的；显出不满的〈形〉
هاموند			[hāmwnd] 哈蒙德〈名〉
المريخ			[ālmrykh] 火星；战神〈名〉
الخسارة			[ālkhsārah] 丧失；失去〈名〉
قزم			[qazm] 矮子；侏儒〈名〉
والاس			[wālās] 华莱士〈名〉
الآثار			[āl’āthār] 文物；古迹；遗迹〈名〉
الجزر			[āljzr] 胡萝卜；岛屿〈名〉
الاعتقال			[ālā‘tqāl] 拘留；逮捕〈名〉
الحلبة			[ālḥlbah] 角斗场；舞台；场地〈名〉
الفرص			[ālfrṣ] 机会；偶然；风险〈名〉
القيمة			[ālqymah] 价值；数值；重要性〈名〉
يقرأ			[yqr’a] 读；朗读；阅读〈动〉
الصفر			[ālṣfr] 零；零度；零点〈名〉
البرق			[ālbrq] 闪电；电光〈名〉
سلبي			[salbī] 消极的；否定的；被动的〈形〉
ثلاثي			[thlāthy] 三重的；三倍的；三个一组的〈形〉
ستانلي			[stānly] 斯坦利〈名〉
كوبا			[kwbā] 古巴〈名〉
كونج			[kūnj] 含锡砾石下的无矿基岩；钢〈名〉
الجروح			[āljrwḥ] 伤口；创伤〈名〉
النباتات			[ālnbātāt] 植物；植物界〈名〉
الطراز			[ālṭrāz] 式样；款式；风格〈名〉
عوّد			[‘awwada] 使习惯于；使养成习惯〈动〉
مجرى			[mjrā] 河道；水道；进程〈名〉
بدقّة			[bdqqah] 正确地；精确地〈副〉
الأسى			[āl’asā] 悲叹；哀伤；忧虑〈名〉
النصّ			[ālnṣṣ] 正文；文本；课文〈名〉
المصباح			[ālmṣbāḥ] 灯；灯盏〈名〉
سلون			[salūn] 客厅；沙龙〈名〉
اجتماعيّ			[ājtmā‘yy] 社会的；社交的〈形〉
الاعتماد			[ālā‘tmād] 信赖；依靠；委托〈名〉
الهدية			[ālhdyah] 礼物；赠品〈名〉
تحالف			[tḥālf] 联盟；同盟；结盟〈名〉
الرّسميّة			[ālrrsmyyah] 正式；官方性〈名〉
سوزي			[sūzī] 苏西〈名〉
ونج			[wanj] 王；黄；汪〈名〉
الرمال			[ālrmāl] 沙；沙地〈名〉
شيلا			[shylā] 希拉（人名）〈名〉
تسلّق			[tasalluq] 攀登；攀爬〈名〉
طعن			[ṭa‘n] 刺；攻击；质疑〈名〉
الفنّيّة			[ālfnnyyah] 艺术性〈名〉
كيميائيّ			[kymyā’iyy] 化学的；炼金术的〈形〉
المجد			[ālmjd] 光荣；荣耀；荣誉〈名〉
أجّر			[’ajjr] 租用；雇用；出租〈动〉
الأذى			[āl’adhā] 伤害；损害〈名〉
مرشّح			[murashshaḥ] 候选人；被提名者〈名〉
الولاء			[ālwlā’] 忠贞；效忠〈名〉
التحوّل			[āltḥwwl] 蜕变；变质；变形〈名〉
الشّهادة			[ālshhādah] 证明；证据；证词〈名〉
السجين			[ālsjyn] 囚犯；犯人；战俘〈名〉
الأداء			[āl’adā’] 施行；工作情况；成绩〈名〉
اكتب			[āktb] 写；书写；著述〈动〉
أدير			[’adyr] 管理；经营；转动〈动〉
القفص			[ālqfṣ] 笼子；鸟笼〈名〉
ميتشل			[mītshl] 米歇尔〈名〉
راحل			[rāḥl] 离开的；启程的；去世的〈形〉
مونا			[mwnā] 白腹长尾猴；莫娜〈名〉
المنتج			[ālmntj] 制造业者；厂商；制造人〈名〉
معني			[ma‘nan] 意义；含义〈名〉
يواجه			[ywājh] 面对；面临；使对质〈动〉
حصّن			[ḥaṣṣana] 加固；设防；使坚固〈动〉
الإنتباه			[āl’intbāh] 留心；注意；听从〈名〉
البثّ			[ālbth] 广播；播送；播放〈名〉
دراسي			[drāsy] 学业的；学术的〈形〉
عجّل			[‘ajjala] 加速；加快；催促〈动〉
ذكور			[dhukūr] 雄性；雄性动物（ذكر的复数）〈名〉
الأهمية			[āl’ahmyah] 重要；重要性；重要地位〈名〉
الانتباه			[ālāntbāh] 注意；注意力；引起注意信号〈名〉
ديكسون			[dīksūn] 迪克逊〈名〉
السائل			[ālsā’il] 液体；分泌液；流体〈名〉
ميليّ			[mīliyy] 英里的；里程的〈形〉
تولّى			[twllā] 担任；负责；掌管〈动〉
الحافّة			[ālḥāffah] 边缘；陡岸〈名〉
ريكس			[rīks] 雷克斯；国王；君主〈名〉
أعمق			[’a‘mq] 更深的；较深的〈形〉
الإرهاب			[āl’irhāb] 恐怖；恐怖主义〈名〉
شيلي			[shīlī] 智利〈名〉
العنكبوت			[āl‘nkbwt] 蜘蛛；设圈套者；星形轮〈名〉
يعبث			[ya‘bathu] 摆弄；乱动；胡闹〈动〉
نقودي			[nuqūdī] 货币的；金融的〈形〉
الليمون			[āllymwn] 柠檬〈名〉
المجاورة			[ālmjāwrah] 为邻；相邻；睦邻〈名〉
الطّيّار			[ālṭṭyyār] 飞行员；驾驶员〈名〉
المخدّر			[ālmkhddr] 麻醉剂；麻药；麻醉的〈名〉
بائس			[bā’is] 悲惨的；凄凉的〈形〉
يمنع			[yamna‘u] 禁止；阻止〈动〉
بيد			[bayd] 斑驳的；杂色的；穿花衣服的〈形〉
مولّد			[muwallid] 发电机；发生器；出生的〈名〉
مطاعم			[maṭā‘im] 餐馆；餐厅〈名〉
فيجاس			[fyjās] 维加斯〈名〉
إستيقظ			[’istyqẓ] 醒来；睡醒〈动〉
المعسكر			[ālm‘skr] 营地；军营〈名〉
الأسهم			[āl’ashm] 股票；存货；库存量〈名〉
عرضيّ			[‘arḍiyy] 偶然的；侧向的；横向的〈形〉
المدن			[ālmdn] 城市〈名〉
الطلاء			[ālṭlā’] 涂层；油漆；镀层〈名〉
كيسي			[kīsiyy] 胞囊的；膀胱的；胆囊的〈形〉
منزعج			[munza‘ij] 恼怒的；烦躁的〈形〉
التأهيل			[ālt’ahyl] 康复；培训；使合格〈名〉
الملاك			[ālmlāk] 天使；守护神；善人〈名〉
بضائع			[bḍā’i‘] 商品；货物〈名〉
بصعوبة			[bṣ‘wbah] 困难地；吃力地〈副〉
كودي			[kūdī] 科迪〈名〉
عنيد			[‘anīd] 固执的；顽强的；执拗的〈形〉
رقاقة			[rqāqah] 微型集成电路片；微片；芯片〈名〉
الحاجز			[ālḥājz] 障碍；屏障；隔板〈名〉
الإمبراطور			[āl’imbrāṭwr] 皇帝；君主〈名〉
فرح			[faraḥ] 欢乐；喜悦；婚礼〈名〉
بوش			[būsh] 矮树丛；管衬〈名〉
الغثيان			[ālghthyān] 反胃；晕船；恶心〈名〉
الظّل			[ālẓẓl] 影子；阴影〈名〉
العقار			[āl‘qār] 药；麻药；麻醉药〈名〉
أصلح			[’aṣlḥ] 胜任的；适当的〈形〉
الطبقة			[ālṭbqah] 层；阶层；社会阶级〈名〉
زاد			[zād] 干粮；粮食；储备食物〈名〉
مبني			[mabnan] 建筑物；建造的〈名〉
أوقع			[’awq‘] 施以；加害；使承受〈动〉
الأرنب			[āl’arnb] 兔子〈名〉
القضبان			[ālqḍbān] 棒条体；鱼竿〈名〉
التحدي			[āltḥdy] 挑战；挑战赛〈名〉
فيفيان			[fyfyān] 维维安〈名〉
الخصوصية			[ālkhṣwṣyah] 隐私；私密性；特性〈名〉
الأذن			[āl’adhn] 耳朵；倾听；听觉〈名〉
التسلّل			[āltslll] 潜入；渗透；越位〈名〉
الشطرنج			[ālshṭrnj] 国际象棋〈名〉
جريس			[Grīs] 格雷斯（人名）〈名〉
غرق			[ghariqa] 溺水；淹没；沉没〈动〉
مستيقظ			[mustayqiẓ] 醒着的；清醒的〈形〉
التّرتيب			[ālttrtyb] 排列；顺序；整理〈名〉
البنزين			[ālbnzyn] 轻质汽油；汽油；挥发油〈名〉
أسقط			[’asqṭ] 使落下；推翻；击落〈动〉
تدليك			[tadlīk] 按摩；窜改〈名〉
سكاي			[skāy] 斯凯梗；斯凯岛〈名〉
سكوتي			[Skūtī] 苏格兰狗〈名〉
هيلي			[Hīlī] 希利 的变体；希利〈名〉
معالج			[m‘ālj] 处理器；治疗者；处理的〈形〉
مدعو			[mad‘ū] 受邀者；被邀请的人〈名〉
مصوّر			[muṣawwir] 摄影师；画家〈名〉
الوجوه			[ālwjwh] 脸面；脸色；表面〈名〉
يغلق			[yaghliqu] 关闭；关上〈动〉
ديفيس			[dīfīs] 戴维斯〈名〉
متأنّق			[mt’annq] 衣着考究的〈形〉
متحرّك			[mutaḥarrik] 运动的；移动的〈形〉
الفناء			[ālfnā’] 毁灭；消亡；庭院〈名〉
الملح			[ālmlḥ] 盐；食盐〈名〉
لامع			[lām‘] 光辉的；灿烂的；有才气的〈形〉
يقرّر			[yuqarriru] 决定；决心做〈动〉
إبدأ			[’ibd’a] 开始；着手〈动〉
حظر			[ḥaẓr] 禁止；禁令〈名〉
تركيب			[tarkīb] 组合；构成；装配〈名〉
العبيد			[āl‘byd] 奴隶们；仆人们〈名〉
بالأحرى			[bāl’aḥrā] 更确切地说；毋宁说〈副〉
لاين			[lāyn] 线；线条；航线〈名〉
يستيقظ			[yastayqīẓu] 醒来；睡醒〈动〉
الخائن			[ālkhā’in] 叛徒；叛国贼；背信者〈名〉
البيئة			[ālby’iah] 环境；外界；围绕〈名〉
سوليفان			[swlyfān] 沙利文；苏利文〈名〉
جورجيا			[jwrjyā] 乔治亚州〈名〉
ريو			[rīyū] 里约〈名〉
بريت			[Brīt] 布雷特〈名〉
الصّخرة			[ālṣṣkhrah] 岩石；巨石〈名〉
بليك			[blīk] 布莱克〈名〉
بسوء			[bisū’] 恶劣地；坏〈副〉
العيد			[āl‘yd] 节日；开斋节；宰牲节〈名〉
اللّواء			[ālllwā’] 旅；队；团体〈名〉
الشِّجار			[ālshijār] 吵架；滋事；吵嘴〈名〉
شيلبي			[shīlbī] 谢尔比〈名〉
قاطع			[qāṭ‘] 断然的；决定性的；切割器〈名〉
الإستماع			[āl’istmā‘] 听；监听；助听用的〈名〉
سيندي			[sīndī] 辛迪〈名〉
مسكّن			[musakkil] 减轻的；缓和剂〈名〉
الرفض			[ālrfḍ] 拒绝；反对〈名〉
مذكرات			[mdhkrāt] 自传；回忆录〈名〉
سريري			[sarīrī] 临床的；门诊部的；临证的〈名〉
تشاد			[tshād] 乍得；孔屑〈名〉
الكهربائي			[ālkhrbā’iy] 电学家；电气技师；电工〈名〉
طوكيو			[ṭūkyū] 东京〈名〉
الفيزياء			[ālfyzyā’] 物理学；物理过程；物理现象〈名〉
السياج			[ālsyāj] 篱笆；栅栏；围墙〈名〉
الخليج			[ālkhlyj] 海湾；湾〈名〉
الجبان			[āljbān] 懦弱的人；胆小的人〈名〉
الميتة			[ālmytah] 死肉；腐肉；腐肉的〈名〉
المشاهدة			[ālmshāhdah] 观看；目睹〈名〉
قرود			[qurūd] 猴子〈名〉
أشدّ			[’ashdd] 更强烈的；更严重的（比较级）〈形〉
السّعيد			[ālss‘yd] 幸福的；快乐的〈形〉
المعاناة			[ālm‘ānāah] 苦难；忍受；煎熬〈名〉
صارّ			[ṣārr] 吱吱响的；发轧声的〈名〉
غارسيا			[ghārsyā] 加西亚〈名〉
الأعداء			[āl’a‘dā’] 敌手〈名〉
أفسد			[’afsd] 败坏；损害；搞糟〈动〉
التّلّ			[āltall] 山丘；土丘；小山〈名〉
الخدعة			[ālkhd‘ah] 诡计；骗局〈名〉
الإعتناء			[āl’i‘tnā’] 关心；照料；重视〈名〉
الحدوث			[ālḥdwth] 发生；事件；出现〈名〉
تمتّع			[tamatta‘a] 享受；享有；以…为乐〈动〉
السّهم			[ālsshm] 箭；箭状物；箭头记号〈名〉
يوافق			[ywāfq] 同意；符合；恰逢〈动〉
رابط			[rābṭ] 链接；连接物；联系〈名〉
هيو			[Hyū] 休〈名〉
القراصنة			[ālqrāṣnah] 海盗；掠夺者〈名〉
الصّلاة			[ālṣṣlāah] 礼拜；祈祷〈名〉
الحقل			[ālḥql] 领域；田地；场地〈名〉
يقارب			[yqārb] 接近；近似；与…相仿〈动〉
تخلّى			[tkhllā] 放弃；抛弃；舍弃〈动〉
مكروه			[makrūh] 可憎的；令人厌恶的〈形〉
نويل			[nūyīl] 圣诞节；圣诞颂歌〈名〉
غموض			[ghumūḍ] 晦涩；隐晦；费解〈名〉
ينقذ			[yunqidhu] 营救；拯救；解救〈动〉
الملاحظة			[ālmlāḥẓah] 注意；观察；注释〈名〉
وُلْفْ			[wulf] 乌尔夫〈名〉
النّحل			[ālnnḥl] 蜜蜂〈名〉
مُرحِّب			[murḥḥib] 欢迎者〈名〉
غشّ			[ghishsh] 欺骗；作弊；掺假〈名〉
الذاتيّة			[āldhātyyah] 主观；主观性〈名〉
مصمّم			[muṣammim] 坚决的；已下决心的〈形〉
تيريزا			[tyryzā] 特里萨〈名〉
يتنفّس			[tanaffasa] 呼吸；透气〈动〉
البلدية			[ālbldyah] 市政当局；市政府〈名〉
جوس			[Jūs] 格斯〈名〉
القاتلة			[ālqātlah] 女杀手〈名〉
الأجهزة			[āl’ajhzah] 设备；装置；仪器〈名〉
المشروب			[ālmshrwb] 饮料〈名〉
الزنجي			[ālznjy] 黑人；社会地位低下的人；深棕色〈名〉
اللّوحات			[ālllwḥāt] 木板；板子；纸板〈名〉
غلين			[ghalīn] 峡谷；幽谷〈名〉
مترجم			[mutarjim] 翻译；译员〈名〉
المؤسسة			[ālmu’assasah] 机构；基金会；设施〈名〉
مركزي			[markaziyy] 中心的；中央的〈形〉
ديبرا			[dybrā] 黛布拉〈名〉
المجوهرات			[ālmjwhrāt] 宝石〈名〉
جرين			[Grīn] 格林〈名〉
الطّعم			[ālṭṭ‘m] 味道；滋味〈名〉
الشرفة			[ālshrfah] 阳台；露台；看台〈名〉
البارد			[ālbārd] 寒冷的；冷的〈形〉
يستعمل			[yasta‘milu] 使用；利用〈动〉
القفل			[ālqfl] 锁；闩〈名〉
عطّل			[‘aṭṭala] 使失效；使瘫痪〈动〉
يدرك			[yudriku] 意识到；领会〈动〉
الفنون			[ālfnwn] 艺术；技艺〈名〉
لهجة			[lhjah] 方言；口音〈名〉
نذل			[nadhal] 无赖；恶棍〈名〉
الزيارة			[ālzyārah] 访问；参观〈名〉
ثانيا			[thānyā] 第二；其次〈副〉
الكمّ			[ālkmm] 袖子；袖〈名〉
العهد			[āl‘hd] 盟约；时代〈名〉
الإختيار			[āl’ikhtyār] 选择；决定〈名〉
الظلال			[ālẓlāl] 阴影；影子〈名〉
الحزام			[ālḥzām] 带子；地带；带〈名〉
ماهر			[māhr] 熟练的；娴熟的〈形〉
موهوب			[mawhūb] 有天赋的〈形〉；天赋；有天赋的人〈名〉
طارئ			[ṭār’i] 意外的；偶然的；非主要的〈名〉
الزّجاجة			[ālzzjājah] 瓶子；玻璃瓶；酒瓶〈名〉
الشحن			[ālshḥn] 装货；运输；充电〈名〉
الأجزاء			[āl’ajzā’] 部分；零件；分册〈名〉
شعبيّ			[sha‘biyy] 民众的；大众的；民间的〈形〉
المنطق			[ālmnṭq] 逻辑；逻辑学；道理〈名〉
يدلّ			[yudallu] 表明；指示；指向〈动〉
نسر			[nasr] 鹰；雕〈名〉
الشفاه			[ālshfāh] 嘴唇〈名〉
الحشد			[ālḥshd] 人群；集结；动员〈名〉
رقيق			[raqīq] 温和的；纤细的；稀薄的〈形〉
أنتوني			[’antwny] 安东尼〈名〉
سفّاح			[sffāḥ] 屠夫；杀人狂；嗜杀成性的人〈名〉
المساحة			[ālmsāḥah] 测量；测绘；面积〈名〉
سال			[sāl] 流；流出〈动〉
الإحتفاظ			[āl’iḥtfāẓ] 保持；留置；保留〈名〉
معدن			[ma‘din] 矿物；金属；矿床〈名〉
مفوّض			[mufawwaḍ] 受委托的；被授权的〈形〉
متبقي			[mutabaqqī] 剩余的；残余的；残留的〈形〉
الجرأة			[āljr’ah] 大胆〈名〉
النّشاط			[ālnnshāṭ] 活动；行动；活跃〈名〉
المقاعد			[ālmqā‘d] 座位；议席；座椅〈名〉
الرومانسية			[ālrwmānsyah] 浪漫主义；浪漫情调；爱情故事〈名〉
الأعراض			[āl’a‘rāḍ] 病徵；症状；症候〈名〉
رفيع			[rafī‘] 细的；薄的；精良的〈形〉
الإجراءات			[āl’ijrā’āt] 程序；手续；措施〈名〉
الثّور			[ālthwr] 牛；公牛〈名〉
موسى			[mwsā] 摩西；领导者；立法者〈名〉
كوك			[kūk] 库克〈名〉
الأصابع			[āl’aṣābī‘] 手指头；指头〈名〉
الملاحظات			[ālmlāḥẓāt] 笔记；观察记录；备注〈名〉
نيس			[nīs] 尼斯（法国城市）；四月〈名〉
الخجل			[ālkhjl] 羞愧；害臊〈名〉
ليستر			[līstir] 莱斯特；喻指显赫的人〈名〉
كارمن			[kārmn] 卡门〈名〉
الذّراع			[āldhdhrā‘] 手臂；袖子；狭长港湾〈名〉
بدين			[badīn] 大肚子的；肥胖的；腹大的〈形〉
يخبر			[yukhbir] 告诉；告知〈动〉
المنصب			[ālmnṣb] 职位；职务；官职〈名〉
العميد			[āl‘myd] 系主任；院长；上校〈名〉
الإنقاذ			[āl’inqādh] 救援；营救；拯救〈名〉
يستحسن			[yastaḥsinu] 最好；宜于；被认为可取〈动〉
الشّفرة			[ālshfrah] 刀刃；刀锋；密码〈名〉
الزنزانة			[ālznzānah] 地牢〈名〉
الوثائق			[ālwthā’iq] 文档〈名〉
ألين			[’alyn] 艾伦〈名〉
التزام			[āltzām] 承诺；义务；坚持〈名〉
الدّمويّة			[ālddmwyyah] 血腥的；嗜血的〈名〉
جلدي			[jildī] 皮肤上的；影响皮肤的；皮的〈形〉
معكرونة			[m‘krwnah] 通心粉；面食〈名〉
البقعة			[ālbq‘ah] 斑点；污点；地点〈名〉
جرّ			[jarr] 拖；拉；牵引〈名〉
يولّد			[wallada] 生成；产生；发生〈动〉
الأمواج			[āl’amwāj] 海浪；波浪；拍岸浪〈名〉
الفول			[ālfwl] 豆子；豆类；黄豆〈名〉
غيور			[ghayūr] 嫉妒的；羡慕的；留心的〈形〉
روميو			[rūmyū] 罗密欧〈名〉
أغسطس			[’aghsṭs] 八月〈名〉
الإنسانية			[āl’insānyah] 人道；人性；人类〈名〉
الصحفي			[ālṣḥfy] 新闻记者；从事新闻杂志业的人〈名〉
منحدر			[munḥadir] 斜坡；坡道；斜面〈名〉
يخفي			[yukhfī] 隐藏；隐瞒；遮掩〈动〉
الفارس			[ālfārs] 骑士；骑手；骑士〈名〉
المحلّي			[ālmḥlly] 本地的；当地的〈形〉
الكيس			[ālkys] 囊；黏液囊；粘液囊〈名〉
فحّم			[faḥḥama] 使碳化；使焦化；使与碳化合〈动〉
تسكّع			[taskakka‘a] 游手好闲；闲逛；混日子〈动〉
يراقب			[yrāqb] 监视；观察；注视〈动〉
مطرود			[maṭrūd] 被逐出的；被开除的〈形〉
نوح			[nūḥ] 诺亚〈名〉
دمّر			[dammara] 毁坏；摧毁；使荒废〈动〉
الفرن			[ālfrn] 火炉；熔炉；考验〈名〉
صامت			[ṣāmt] 沉默的；无声的〈形〉
منح			[manaḥa] 授予；奖给；判给〈动〉
الدّرّاجات			[ālddrrājāt] 自行车〈名〉
التّأخير			[āltt’akhyr] 推迟；延误；延迟〈名〉
الإتصالات			[āl’itṣālāt] 通讯；联络；联系〈名〉
ماريان			[māryān] 玛丽安〈名〉
الحروب			[ālḥrwb] 战争〈名〉
أنيق			[’anyq] 优雅的；雅致的；时髦的〈形〉
الدمية			[āldmyah] 傀儡；假人；仿制品〈名〉
البشرة			[ālbshrah] 皮肤；肤色〈名〉
السحرة			[ālsḥrah] 魔术师；巫师（ساحر的复数）〈名〉
الورم			[ālwrm] 肿瘤；肿块〈名〉
خرق			[khurq] 违反；破坏；撕破〈名〉
الوشم			[ālwshm] 文身；刺青〈名〉
المخبر			[ālmkhbr] 告密者；线人；实验室（المَخْبَر）〈名〉
المعدة			[ālm‘dah] 胃〈名〉
كلايد			[klāyd] 克莱德〈名〉
جوين			[juwīn] 格温〈名〉
القريب			[ālqryb] 近的；近亲；亲戚〈名〉
تعثّر			[ta‘aththara] 绊倒；受挫；陷入困境〈动〉
القبر			[ālqbr] 坟墓〈名〉
فائق			[fā’iq] 超越的；优越的；过度的〈形〉
يقرّب			[yuqarribu] 使接近；使靠近〈动〉
العمود			[āl‘mwd] 柱子；专栏；脊椎〈名〉
الأنف			[āl’anf] 鼻；鼻子；嗅觉〈名〉
تجار			[tjār] 商人（تاجر 的复数）〈名〉
الخريف			[ālkhryf] 秋天；成熟期〈名〉
العنق			[āl‘nq] 颈；脖子；子宫颈〈名〉
هارت			[hārt] 雄赤鹿；雄鹿〈名〉
حلّق			[ḥallaqa] 剃；剃头；翱翔〈动〉
سدّ			[sadd] 堵塞；封锁〈动〉；堤坝〈名〉
خيالي			[khyāly] 虚构的；想象的；幻想的〈形〉
السّفير			[ālssfyr] 大使；使节〈名〉
بيلا			[bylā] 贝拉〈名〉
الإهانة			[āl’ihānah] 公开侮辱；轻蔑；冒犯〈名〉
الدمى			[āldmā] 玩偶；木偶（دمية 的复数）〈名〉
يحمي			[yaḥmī] 保护；防护；保卫〈动〉
معادن			[m‘ādn] 矿物；金属（معدن 的复数）〈名〉
حَقَنَ			[ḥaqana] 注射；给…打针〈动〉
يعترف			[yu'tirif] 承认；供认；坦白〈动〉
المقهى			[ālmqhā] 咖啡馆〈名〉
يختار			[ykhtār] 挑选；选择；选定〈动〉
البسكويت			[ālbskwyt] 饼干；素坯〈名〉
السموم			[ālsmwm] 毒药；毒物（سمّ 的复数）〈名〉
مبارك			[mbārk] 蒙福的；吉庆的；幸福的〈形〉
الرضيع			[ālrḍy‘] 婴儿；乳儿〈名〉
الحظيرة			[ālḥẓyrah] 畜栏；家禽饲养场；场院〈名〉
اللغز			[āllghz] 谜语；难题〈名〉
البوكر			[ālbwkr] 扑克牌戏〈名〉
الروسي			[ālrwsy] 俄国人；俄语；俄国的〈名〉
الربع			[ālrb‘] 四分之一；一刻钟；季度〈名〉
تركي			[turkiyy] 土耳其语；土耳其的；土耳其人的〈名〉
تانيا			[tānyā] 塔尼娅〈名〉
الكرات			[ālkrāt] 球（كرة的复数）〈名〉
السفارة			[ālsfārah] 大使馆；大使馆全体人员〈名〉
مونتي			[mūntī] 蒙蒂（人名）〈名〉
يسكّن			[yusakkinu] 使安静；减轻；缓解〈动〉
ناعم			[nā‘m] 柔软的；光滑的；温和的〈形〉
الرفيق			[ālrfyq] 同志；伙伴〈名〉
ديان			[dyān] 黛安娜〈名〉
الجهد			[āljhd] 努力；成就〈名〉
المروحية			[ālmrwḥyah] 直升飞机〈名〉
خافت			[khāft] 微弱的；暗淡的；模糊的〈形〉
اللّحوم			[āllḥwm] 肉类（لحم的复数）〈名〉
سوني			[sūnī] 索尼〈名〉
ضفدع			[ḍifda'] 蛙；青蛙〈名〉
ستو			[sutū] 斯图〈名〉
التّبنّي			[ālttbnny] 采用；领养〈名〉
الاستحمام			[ālāstḥmām] 洗澡；沐浴〈名〉
الضّباب			[ālḍḍbāb] 雾；薄雾〈名〉
الردهة			[ālrdhah] 门厅；走廊；回廊〈名〉
إبعاد			[’ib‘ād] 使远离；排除；疏远〈名〉
الساحرات			[ālsāḥrāt] 妖妇；女巫〈名〉
بقّع			[baqqa‘a] 使呈杂色；使斑驳〈动〉
نفع			[nafa‘a] 有益于；对…有用〈动〉
الفلفل			[ālflfl] 辣椒；辣椒粉〈名〉
يلزم			[yalzamu] 是必需的；使负有义务〈动〉
الصّالة			[ālṣṣālah] 门厅；走廊；会堂〈名〉
فرجينيا			[frjynyā] 弗吉尼亚〈名〉
الفحوصات			[ālfḥwṣāt] 检查；核对；体格检查〈名〉
رف			[raff] 架子；搁板〈名〉
ستيفاني			[styfāny] 斯蒂芬妮〈名〉
الشفقة			[ālshfqah] 同情；怜悯〈名〉
مرهق			[murhiq] 使人疲倦的；累人的〈形〉
النظّارات			[ālnẓẓārāt] 眼镜〈名〉
يوجين			[Yūjīn] 尤金〈名〉
فيليكس			[fīliks] 菲力克斯；费力克斯制导炸弹〈名〉
منتهى			[mnthā] 终点；极限；尽头〈名〉
إرفع			[’irf‘] 提升；提高〈动〉
الصليب			[ālṣlyb] 十字架；十字形〈名〉
المتأنّق			[ālmt’annq] 讲究穿着的；优雅的〈形〉
يدمّر			[yudammiru] 破坏；摧毁；毁灭〈动〉
اِخْتِلاف			[ikhtilāf] 差异；分歧；不同〈名〉
الطّرد			[ālṭṭrd] 驱逐；开除；投掷〈名〉
كارلتون			[kārltwn] 卡尔顿〈名〉
هونج			[hūnj] 行；商行〈名〉
ناضج			[nāḍj] 成熟的；醇的；熟练的〈形〉
محبط			[maḥbūṭ] 沮丧的；令人沮丧的〈形〉
المديرة			[ālmdyrah] 女经理；女主管〈名〉
تشين			[tshīn] 陈〈名〉
مندهش			[mundahish] 惊讶的；吃惊的〈形〉
الحجرة			[ālḥjrah] 房间；小室〈名〉
هجرة			[hjrah] 移民；移往；移动〈名〉
يقطع			[yaqṭa‘u] 切断；剪断；截断〈动〉
يتضمّن			[yataḍammanu] 包括；包含〈动〉
مقبض			[miqbaḍ] 把手；柄〈名〉
الإعتبار			[āl’i‘tbār] 考虑；重视；鉴于〈名〉
الصداع			[ālṣdā‘] 头痛；令人头痛的事〈名〉
المشاهير			[ālmshāhyr] 名人；知名人士〈名〉
الجبهة			[āljbhah] 额头；前线；阵线〈名〉
الأسابيع			[āl’asāby‘] 星期；周〈名〉
غالي			[ghāly] 昂贵的；费用大的〈形〉
الصّعوبة			[ālṣṣ‘wbah] 困难；难点〈名〉
يوري			[yūrī] 尤里；坂崎由莉〈名〉
الجمجمة			[āljmjmah] 头盖；脑壳；颅〈名〉
قفزة			[qfzah] 跳；跳跃；一跃〈名〉
الماس			[ālmās] 钻石；菱形〈名〉
سبينسر			[sabīnsir] 针织短外衣；斜桁纵帆〈名〉
شيرلي			[shīrlī] 雪莉〈名〉
يتحمّل			[yataḥammalu] 忍受；承担；容忍〈动〉
عشوائي			[‘shwā’iy] 随机的；任意的〈形〉
فقري			[faqariyy] 椎骨的；脊椎的〈形〉
البطن			[ālbṭn] 腹部；腹〈名〉
كيرك			[kīrk] 教会；苏格兰教会〈名〉
الشاحنات			[ālshāḥnāt] 卡车；货车〈名〉
روبين			[rūbīn] 鲁本〈名〉
العرق			[āl‘rq] 汗；矿脉〈名〉
السلسلة			[ālslslah] 串联；连结；一系列相互联系的事物〈名〉
الكواكب			[ālkwākb] 行星；星辰〈名〉
ينهار			[ynhār] 崩塌；垮掉；崩溃〈动〉
فورمان			[fwrmān] 领班；工头；陪审长〈名〉
الأوّليةّ			[āl’awwlyah] 首要；优先；初级〈名〉
المُتّصل			[ālmuttṣl] 打电话的人〈名〉
نحوي			[naḥwiyy] 句法的；语法的〈形〉
يكبّر			[yukabbir] 使变大；放大；夸大〈动〉
أنظف			[’anẓf] 更干净的；最干净的〈形〉
فيرا			[fyrā] 薇拉（人名）〈名〉
طوّر			[ṭawwara] 发展；使发达；进步〈动〉
لويز			[luwīz] 路易丝〈名〉
فاخر			[fākhr] 上等的；优等的；豪华的〈形〉
المساعد			[ālmsā‘d] 助手；助理；副手〈名〉
التحمّل			[āltḥmml] 忍耐；忍耐力；耐性〈名〉
يوسف			[yūsuf] 约瑟夫；约瑟〈名〉
الصّحية			[ālṣṣḥyah] 健康〈名〉
رسميا			[rsmyā] 正式地；形式上〈副〉
لاحظ			[lāḥẓ] 注意到；觉察到；观察到〈动〉
إيزابيل			[’iyzābyl] 伊莎贝尔〈名〉
السلك			[ālslk] 电缆；海底电报；缆〈名〉
الفأر			[ālf’ar] 老鼠；胆小羞怯的人；鼠标〈名〉
الدورة			[āldwrah] 周期；循环；巡回〈名〉
العصير			[āl‘ṣyr] 果汁；菜汁；肉汁〈名〉
النهوض			[ālnhwḍ] 再起；复活；再现〈名〉
والي			[wāly] 总督；省长；州长〈名〉
الندم			[ālndm] 悔恨；懊悔；悔改〈名〉
فيتنام			[fytnām] 越南〈名〉
مطيع			[muṭī‘] 顺从的；服从的〈形〉
الأعصاب			[āl’a‘ṣāb] 神经；愤怒；紧张情绪〈名〉
تفوّق			[tafawwuq] 卓越；优越；优势〈名〉
بسعادة			[bs‘ādah] 愉快地；幸福地〈副〉
اليأس			[āly’as] 绝望；失望〈名〉
قضيبي			[qaḍībiyy] 阴茎的；生殖器的；阳物崇拜的〈形〉
العصبية			[āl‘ṣbyah] 神经紧张；神经过敏；宗派情绪〈名〉
الويسكي			[ālwysky] 威士忌酒〈名〉
التّجوّل			[ālttjwwl] 走动〈名〉
كبّر			[kabbara] 放大；增大；夸大〈动〉
التعب			[ālt‘b] 疲劳；疲倦；辛苦〈名〉
مذاق			[mdhāq] 味道；滋味；品味〈名〉
كينزي			[kīnzī] 金赛〈名〉
النظرية			[ālnẓryah] 理论；学说；原理〈名〉
مجاور			[mjāwr] 毗连的；邻近的；连接的〈形〉
التّهمة			[āltthmah] 控告；指控；罪名〈名〉
يختلف			[yakhtalif] 不同；有分歧；相异〈动〉
يير			[yayr] 注视的人〈名〉
بيير			[Byīr] 皮埃尔〈名〉
إرجع			[’irj‘] 回到；返回〈动〉
ستايسي			[stāysy] 史黛西；斯特西〈名〉
مسحوق			[masḥūq] 粉状的；成粉末的〈形〉
أندرسون			[’andrswn] 安德森市；安德森〈名〉
التّشريح			[ālttshryḥ] 剖析；解剖；解剖学〈名〉
متسلسل			[mutasalsil] 连续的；系列的；连环的〈形〉
ميرفي			[mīrfī] 墨菲〈名〉
العواقب			[āl‘wāqb] 后果；结果〈名〉
كولومبيا			[kwlwmbyā] 哥伦比亚〈名〉
المبيعات			[ālmby‘āt] 销售；销售额〈名〉
الفاكهة			[ālfākhah] 水果；果类；结果〈名〉
فرس			[faras] 母马；母驴〈名〉
فرّ			[farra] 逃匿；潜逃；逃跑〈动〉
الخدم			[ālkhdm] 服务人员；侍者；随从〈名〉
الفواتير			[ālfwātyr] 账单；议案〈名〉
فصاعدا			[fṣā‘dā] 从今以后；往后〈副〉
دايل			[dāyl] 小谷；溪谷〈名〉
المباني			[ālmbāny] 建筑物〈名〉
الإقلاع			[āl’iqlā‘] 起飞；启动〈名〉
مزيج			[mazīj] 杂集；杂录；混杂〈名〉
المهرّج			[ālmhrrj] 小丑〈名〉
العاطفة			[āl‘āṭfah] 情绪；激动；强烈的情感〈名〉
تريسي			[tirīsī] 特蕾西〈名〉
المعطف			[ālm‘ṭf] 大衣；外套〈名〉
إعتقد			[’i‘tqd] 认为；以为〈动〉
مَهْبِل			[mahbil] 鞘；阴道〈名〉
الاقتراب			[ālāqtrāb] 接近；临近〈名〉
إيجابي			[’iyjāby] 积极的；肯定的〈形〉
اللّصّ			[ālllṣṣ] 窃贼；夜盗；盗窃者〈名〉
رينيه			[rīnīh] 雷内；刘若英〈名〉
الفتي			[ālfty] 少年；青年〈名〉
الأزهار			[āl’azhār] 花；开花〈名〉
بيرسي			[bīrsī] 珀西〈名〉
مستقرّ			[mustaqarr] 居住；定居；驻扎〈名〉
يسيطر			[yusayṭiru] 控制；支配〈动〉
زن			[zana] 称重量；衡量〈动〉
قدّس			[qaddasa] 奉为神圣；崇敬〈动〉
القدس			[ālqds] 耶路撒冷〈名〉
البصر			[ālbṣr] 视力；视觉；眼界〈名〉
تنكّر			[tankara] 伪装；假扮〈动〉
ينزل			[yanzilu] 下降；下船登陆；下榻〈动〉
بشع			[bashi‘] 丑陋的；骇人的〈形〉
المشرحة			[ālmshrḥah] 陈尸所；停尸室〈名〉
السياسي			[ālsyāsy] 政客；政治家；从事党派政治的人〈名〉
مروّع			[murawwa‘] 恐怖的；令人毛骨悚然的〈名〉
العروض			[āl‘rwḍ] 展示；演出；报价〈名〉
التنس			[āltns] 网球〈名〉
المافيا			[ālmāfyā] 黑手党；秘密政党〈名〉
ألفريد			[’alfryd] 阿尔佛雷德〈名〉
الدمار			[āldmār] 毁灭；破坏〈名〉
التّعذيب			[āltt‘dhyb] 拷打；折磨〈名〉
المزاح			[ālmzāḥ] 玩笑；逗乐；开玩笑〈名〉
يتعلّم			[ta‘allama] 学习〈动〉
الذّكرى			[āldhdhkrā] 纪念日；回忆；周年纪念〈名〉
جرانت			[jrānt] 授予；授予物；允许〈名〉
ألطف			[’alṭf] 最美好的；最令人愉快的〈形〉
وسيط			[wāsiṭ] 调停者；中介；媒介〈名〉
مشوّش			[mushawwash] 模糊的；混乱的；杂乱的〈形〉
التّصميم			[ālttṣmym] 设计；图样；设计方案〈名〉
الهندي			[ālhndy] 印度人；印第安人；印第安语〈名〉
اجتماعات			[ājtmā‘āt] 会议；集会；会见〈名〉
أجرب			[’ajrb] 疥癣的；污秽的〈形〉
الفخر			[ālfkhr] 自豪；骄傲〈名〉
الشمسيّة			[ālshmsyyah] 遮阳伞；天棚；帽遮〈名〉
إكتشف			[’iktshf] 发现；找到；揭露〈动〉
واقف			[wāqf] 站立的；停驻的〈形〉
دام			[dām] 持续；延续；长久保持〈动〉
الفاتورة			[ālfātwrah] 帐单；清单；发票〈名〉
التوت			[āltwt] 桑葚；浆果〈名〉
الأسلاك			[āl’aslāk] 金属丝；电线；导线〈名〉
قاد			[qād] 领导；引导；驾驶〈动〉
البديل			[ālbdyl] 两者择一；供替代的选择；两者择一的〈名〉
الإتحاد			[āl’itḥād] 同盟；联盟；组织联盟〈名〉
الساق			[ālsāq] 小腿；腿；茎秆〈名〉
الكمّيّة			[ālkmmyyah] 数量；量；一份〈名〉
ينتقل			[yantaqilu] 迁移；搬家；转移〈动〉
استسلم			[āstslm] 屈服；投降〈动〉
الرّياضيّ			[ālrryāḍyy] 运动员；运动选手〈名〉
المفاجأة			[ālmfāj’ah] 意外之事；惊喜；突然性〈名〉
فاق			[fāq] 超过；胜过〈动〉
فريدريك			[Frīdrīk] 弗里德里希〈名〉
جزئي			[jz’iy] 部分的；碎片的；微少的〈形〉
السيرك			[ālsyrk] 马戏团；马戏；竞技场〈名〉
فطر			[faṭara] 吃早餐；供给…早餐〈动〉
البنوك			[ālbnwk] 银行〈名〉
لورنس			[Lūrins] 劳伦斯〈名〉
العصبيّ			[āl‘ṣbyy] 神经的；易怒的〈形〉；烈性子的人〈名〉
الرّداء			[ālrrdā’] 圣职人员的白长袍〈名〉
نقّد			[naqqada] 批评；评论〈动〉
انضمّ			[ānḍmm] 加入；参加〈动〉
جهّز			[jahhaza] 装备；供以军用品；供以服装〈动〉
قياسيّ			[qyāsyy] 相似的；类推的；比拟的〈形〉
ينفجر			[yinfajiru] 爆炸；爆发〈动〉
العناصر			[āl’anāṣr] 元素；要素；成分〈名〉
بريدي			[barīdiyy] 邮政的；邮局的〈形〉
الحجارة			[ālḥjārah] 石头；宝石；果核〈名〉
موّن			[mawwana] 提供饮食及服务；投合；迎合〈动〉
يرفع			[yarfa'u] 举起；提升；提高〈动〉
الإرسال			[āl’irsāl] 发送；寄送；发射〈名〉
محطّم			[muḥaṭṭam] 被毁的；毁坏；遭破坏的〈形〉
مقنع			[muqni‘] 使人首肯的；使人信服的；中肯切题的〈形〉
تشي			[tshī] 希腊语第二十二个字母；χ〈名〉
الشّائعات			[ālshā’i‘āt] 谣言；传闻〈名〉
الثّقب			[ālthqb] 孔；钻孔；钻头〈名〉
عاري			[‘āry] 赤裸的；缺少的；无遮蔽的〈形〉
الإحتفال			[āl’iḥtfāl] 庆祝；庆典〈名〉
باكستر			[bākstr] 巴克斯特〈名〉
الأنواع			[āl’anwā‘] 类型；体裁；风格〈名〉
الزنوج			[ālznwj] 黑人（复数）〈名〉
الإعلانات			[āl’i‘lānāt] 公告；广告〈名〉
الإمبراطورية			[āl’imbrāṭwryah] 帝国；帝权〈名〉
خدش			[khadsh] 抓痕；划伤；刮擦〈名〉
طُموح			[ṭumwḥ] 有抱负的；有志气的〈形〉
الاستعداد			[ālisti‘dād] 准备；预备；准备工作〈名〉
سخافة			[skhāfah] 荒谬；悖理；荒谬的言行〈名〉
تعلّق			[t‘alluq] 依恋；悬挂；附着〈名〉
النّموذج			[ālnmwdhj] 模型；模范；范例〈名〉
ثري			[thariyy] 富有的；丰裕的；充分的〈形〉
إختلاف			[’ikhtlāf] 相异；不同；差异性〈名〉
العاطفية			[āl‘āṭfyah] 感情的；情绪化的〈名〉
الشواذّ			[ālshwādhdh] 不规则；反常事物；畸形〈名〉
القوارب			[ālqwārb] 船艇；船〈名〉
الملهى			[ālmlhā] 卡巴莱；卡巴莱歌舞表演〈名〉
متواضع			[mtwāḍ‘] 谦卑的；谦虚的；谦恭的〈形〉
الكاتب			[ālkātb] 作者；抄写员；书记〈名〉
إنجيل			[’injyl] 福音；福音书〈名〉
التشغيل			[āltshghyl] 操作；运行；运营〈名〉
النادل			[ālnādl] 侍者；服务员〈名〉
الهوكي			[ālhwky] 冰球；曲棍球〈名〉
هيلاري			[hylāry] 希拉里〈名〉
الكره			[ālkrh] 痛恨；憎恶〈名〉
ينطبق			[yanṭabiqu] 适用；符合〈动〉
السمّاعة			[ālsmmā‘ah] 耳机；听筒〈名〉
الدّرع			[ālddr‘] 盔甲；潜水服；装甲〈名〉
مسافر			[msāfr] 旅客；旅行者〈名〉
سوداني			[swdāny] 苏丹的；苏丹人〈形〉
الشموع			[ālshmw‘] 蜡烛；烛台〈名〉
الممثّل			[ālmmthl] 男演员；行动者；作用物〈名〉
يغني			[yughnī] 使富有；使富裕；充实〈动〉
المجلّة			[ālmjllah] 杂志；期刊〈名〉
تزوّج			[tazawwaja] 结婚；娶〈动〉
فْيَنّا			[fyannā] 维也纳〈名〉
شميت			[shumīt] 施密特〈名〉
بالصدفة			[bālṣdfah] 偶然地；意外地〈副〉
الحرائق			[ālḥrā’iq] 大火〈名〉
المقبرة			[ālmqbrah] 墓地；公墓〈名〉
إجتماعي			[’ijtmā‘y] 社交的；群居的〈形〉
الإيقاع			[āl’iyqā‘] 韵律；抑扬；调子〈名〉
الدوار			[āldwār] 眩晕；头晕〈名〉
متاجر			[mtājr] 商店〈名〉
الكراهية			[ālkrāhyah] 仇恨；憎恶；敌意〈名〉
الكمال			[ālkmāl] 完善；完美〈名〉
العدم			[āl‘dm] 无；微不足道；无价值〈名〉
يفسد			[yufsidu] 败坏；腐坏〈动〉
الوظائف			[ālwẓā’if] 功能；函数〈名〉
أبق			[’abq] 维持；保持〈动〉
القصوى			[ālqṣwā] 极度；最大限度〈名〉
وحشيّ			[waḥshī] 残忍的；野蛮的；不讲理的〈形〉
الأجوبة			[āl’ajwbah] 回复；回答；答复〈名〉
الدّوران			[ālddwrān] 旋转；循环〈名〉
الهيروين			[ālhyrwyn] 海洛因；二乙酰吗啡〈名〉
المنضدة			[ālmnḍdah] 桌子；餐桌；工作台〈名〉
طردي			[ṭaradī] 支持的；拥护的〈形〉
قصّ			[qaṣṣa] 剪；切；裁〈动〉
عاشر			[‘āshr] 第十的〈形〉
أنفي			[’anfy] 鼻的；鼻音的〈形〉
الأقراص			[āl’aqrāṣ] 小而圆的物块；大丸药〈名〉
الشّقراء			[ālshqrā’] 金发白肤的女子〈名〉
محبّ			[muḥibb] 爱好者；慈爱的〈名〉
رحيم			[raḥīm] 慈悲的；仁慈的〈形〉
لوجان			[lwjān] 洛根〈名〉
مستنقع			[mustanqa‘] 沼泽；水洼〈名〉
القبول			[ālqbwl] 接受；接纳〈名〉
التّغطية			[ālttghṭyah] 覆盖；覆盖率；新闻报道〈名〉
الورقيّة			[ālwrqyyah] 纸质的；纸制品〈名〉
الحرّ			[ālḥrr] 自由的；自由民；炎热的〈名〉
القلم			[ālqlm] 钢笔；笔；笔调〈名〉
اخلع			[ikhl‘] 脱下；脱掉〈动〉
بالعكس			[bāl‘ks] 相反；恰恰相反〈副〉
الشّاذّ			[ālshādhdh] 异常的；反常的；出格的〈形〉
أخلاقي			[’akhlāqy] 伦理的；道德的〈形〉
الأرز			[āl’arz] 大米；稻米；雪松〈名〉
بنجاح			[bnjāḥ] 成功地；顺利地〈副〉
الحوار			[ālḥwār] 对话；用对话表达〈名〉
المشترك			[ālmshtrk] 共同的；参加者；订户〈名〉
فيس			[fīs] 脸；面孔〈名〉
التطوّر			[āltṭwwr] 发展；进化；演变〈名〉
متنزّه			[mutanazzah] 公园；游乐地〈名〉
إشعاع			[’ish‘ā‘] 辐射；辐射率；光辉〈名〉
الموهبة			[ālmwhbah] 资质；才能；自然倾向〈名〉
الحوادث			[ālḥwādth] 意外事故；事故〈名〉
الإمرأة			[āl’imr’ah] 女人；妇女；女仆〈名〉
الآلات			[āl’ālāt] 乐器；工具；仪器〈名〉
التحسّن			[āltḥssn] 改善；好转；进步〈名〉
يجمع			[jama‘a] 收集；编辑；编制〈动〉
ضئيل			[ḍ’iyl] 微小的；少量的〈形〉
الثياب			[ālthyāb] 衣服；衣裳〈名〉
سرا			[srā] 秘密地；暗地里〈副〉
رمادي			[rmādy] 灰色的；灰色〈名〉
الأعشاب			[āl’a‘shāb] 草；草药；草本植物〈名〉
المضرب			[ālmḍrb] 球拍；搅拌器〈名〉
هاجم			[hājm] 攻击；袭击；抨击〈动〉
الزّقاق			[ālzzqāq] 小路；巷〈名〉
المذكّرة			[ālmdhkkrah] 备忘录；外交备忘录；交易备忘录〈名〉
مريب			[marīb] 可疑的〈形〉
الطيبة			[ālṭybah] 善良；美德〈名〉
الإجتماعية			[āl’ijtmā‘yah] 社会性；社交性〈名〉
الجنين			[āljnyn] 胚胎；晶胚〈名〉
العذراء			[āl‘dhrā’] 处女；室女座〈名〉
الملاكمة			[ālmlākmah] 拳击〈名〉
السجل			[ālsjl] 年代记；记录；编年史〈名〉
الذّاتيّ			[āldhdhātyy] 主观的；自我的〈形〉
أوهايو			[’awhāyw] 俄亥俄〈名〉
رودني			[rūdnī] 罗德尼〈名〉
التسكّع			[āltskk‘] 闲逛；游荡〈名〉
الإنتحار			[āl’intḥār] 自杀；自取灭亡〈名〉
إنطلق			[’inṭlq] 出发；动身；启动〈动〉
مؤمّن			[m’ummn] 被保险人〈名〉
الكلبة			[ālklbah] 母狗〈名〉
الموز			[ālmwz] 香蕉〈名〉
رسول			[rasūl] 报信者；使者；送信者〈名〉
التقاعد			[āltqā‘d] 退休；退役〈名〉
المزاد			[ālmzād] 拍卖〈名〉
قيّم			[qayyama] 评价；估价；鉴定〈动〉
الشهرة			[ālshhrah] 名声；名气〈名〉
الكيمياء			[ālkymyā’] 化学；化学过程〈名〉
العلبة			[āl‘lbah] 盒；箱；罐〈名〉
الصّوتيّة			[ālṣṣwtyyah] 声学；语音学〈名〉
وضّح			[waḍḍaḥa] 澄清；阐明；使明晰〈动〉
التذكر			[āltdhkr] 记起；回忆〈名〉
الرّنين			[ālrrnyn] 锣；大钟等的当当声〈名〉
الريف			[ālryf] 乡下地方；乡下居民〈名〉
البرامج			[ālbrāmj] 程序；节目；广播节目〈名〉
معدني			[ma‘danī] 金属的；矿物的〈形〉
تذوّق			[tadhawwaqa] 品尝；品味〈动〉
العقارات			[āl‘qārāt] 不动产；房地产；财产〈名〉
خليط			[khalīṭ] 混合物〈名〉
مالكولم			[mālkwlm] 马尔科姆〈名〉
المهام			[ālmhām] 任务；工作；苦差事〈名〉
الصّفراء			[ālṣṣfrā’] 胆汁；坏脾气；暴躁〈名〉
الدّببة			[ālddbbah] 空头；熊〈名〉
القمار			[ālqmār] 赌博〈名〉
الملوك			[ālmlwk] 国王；列王〈名〉
الدّهون			[ālddhwn] 油脂；脂肪〈名〉
عانى			[‘ānā] 受苦；受痛苦；患病〈动〉
عرب			[‘Arab] 阿拉伯人；阿拉伯〈名〉
المتوقّع			[ālmtwqq‘] 预期的事；所期待的〈名〉
ينتشر			[yantashiru] 蔓延；传播；扩散〈动〉
الزّبدة			[ālzzbdah] 黄油；奶油〈名〉
الحمّى			[ālḥmmā] 发烧；发热；热病〈名〉
يوميا			[ywmyā] 每日地；每天〈副〉
هود			[Hūd] 休德（先知名）〈名〉
القلادة			[ālqlādah] 项链〈名〉
هيوستن			[Hyūstūn] 休斯顿〈名〉
مدني			[madanī] 市民的；公民的；城市的〈形〉
الأبعاد			[āl’ab‘ād] 尺寸；维度；面积〈名〉
المحترم			[ālmḥtrm] 先生；绅士〈名〉
الإعتماد			[āl’i‘tmād] 依赖；依存；信赖〈名〉
الحركات			[ālḥrkāt] 动作；运动；移动〈名〉
الأخوّة			[āl’akhwwah] 弟兄之爱；兄弟的情谊；友爱〈名〉
مراسل			[mrāsl] 记者；通讯员〈名〉
شارون			[shārwn] 在河上渡亡往冥府去的神；摆渡的〈名〉
النّمو			[ālnmw] 增长；成长；生长〈名〉
النّبض			[ālnnbḍ] 心跳；中心〈名〉
السيناريو			[ālsynāryw] 剧本提纲；情节；剧本〈名〉
دمويّ			[damawiyy] 血的；血腥的；血性的〈形〉
الثرثرة			[ālthrthrah] 喋喋不休；饶舌；闲聊〈名〉
الأنابيب			[āl’anābyb] 管道；管子〈名〉
مَقْصُورَة			[maqṣuwrah] 包厢；小隔间〈名〉
ستيفي			[sutīfī] 史蒂维〈名〉
المعارك			[ālm‘ārk] 战役；战斗〈名〉
لَبَسَ			[labasa] 穿；戴；穿上〈动〉
بغيض			[baghīḍ] 讨厌的；令人憎恶的〈形〉
التّلال			[ālttlāl] 山丘；丘陵〈名〉
واقعي			[wāq‘y] 事实的；实际的；与事实有关的〈形〉
كينيث			[kīnīth] 肯尼思〈名〉
يلاحظ			[ylāḥẓ] 注意到；观察到〈动〉
الرسوم			[ālrswm] 图；图画；费用〈名〉
مرجّح			[murajjiḥ] 摇摆的；倾向于…的；天平〈名〉
موثوق			[muwaththaq] 可信的；可靠的〈形〉
الإبن			[āl’ibn] 儿子；男孩〈名〉
كينت			[kīnt] 肯特郡〈名〉
يتزوّج			[yatazawwaju] 结婚；娶；嫁〈动〉
البُعد			[ālbu‘d] 距离；维度；方面〈名〉
مراهق			[mrāhq] 青少年；十几岁的少年〈名〉
المجلات			[ālmjlāt] 杂志；期刊〈名〉
بارون			[bārwn] 男爵〈名〉
جانيس			[jānys] 贾尼斯〈名〉
العقول			[āl‘qwl] 理智；头脑〈名〉
شيبرد			[shībird] 谢泼德；雪柏街〈名〉
الخداع			[ālkhdā‘] 欺骗；欺瞒〈名〉
التّوازن			[ālttwāzn] 平衡；差额；相等〈名〉
بيرني			[bīrnī] 伯尼〈名〉
التّجميل			[ālttjmyl] 美化；装饰；变美〈名〉
الطلقات			[ālṭlqāt] 子弹；射击〈名〉
يتحسّن			[yataḥassanu] 改善；好转〈动〉
التّافه			[ālttāfh] 琐碎的；无谓的〈形〉
ساندرا			[sāndrā] 桑德拉〈名〉
الطّفولة			[ālṭṭfwlah] 童年；幼年时代〈名〉
إنزل			[’inzl] 下车；下来〈动〉
التمرين			[āltmryn] 练习；训练〈名〉
موس			[mūs] 摩斯〈名〉
يحقّق			[yuḥaqqiqu] 实现；落实〈动〉
الغرابة			[ālghrābah] 奇怪；陌生〈名〉
يوضّح			[yuwaḍḍiḥu] 澄清；阐明〈动〉
الأثاث			[āl’athāth] 家具〈名〉
ميلاني			[mylāny] 梅勒妮〈名〉
القرود			[ālqrwd] 猴；猿〈名〉
يتحقّق			[yataḥaqqaqu] 查明；弄清〈动〉
الهجرة			[ālhjrah] 移民；移居外国；血细胞渗出〈名〉
التّبرّعات			[ālttbrr‘āt] 捐赠；捐款〈名〉
الستائر			[ālstā’ir] 窗帘〈名〉
الطّبق			[ālṭṭbq] 盘子；菜肴〈名〉
المتوسّط			[ālmtwssṭ] 平均；平均数；一般水平〈名〉
فروست			[frūst] 霜；冰冻；冷漠〈名〉
هارفارد			[hārfārd] 哈佛大学〈名〉
الشبّان			[ālshbbān] 青年；小伙子〈名〉
التعلّم			[ālt‘llm] 学习〈名〉
براعة			[brā‘ah] 精湛；熟练〈名〉
المواقف			[ālmwāqf] 态度；姿势；姿态〈名〉
الشّريان			[ālshryān] 动脉〈名〉
حرفيا			[ḥrfyā] 照字面地；逐字地〈副〉
يوقف			[awqafa] 使停止；停下〈动〉
التجسس			[āltjss] 间谍活动；刺探；间谍〈名〉
النّقانق			[ālnnqānq] 香肠；小香肠〈名〉
المميّز			[ālmmyyz] 杰出的；卓越的；独特的〈形〉
الطّول			[ālṭṭwl] 长度〈名〉
تمرّد			[tamarrud] 违抗上级命令；叛变；反叛〈名〉
تعطيل			[ta‘ṭīl] 停用；中止；使瘫痪〈名〉
أبدي			[’abdy] 永恒的；永久的〈形〉
موقد			[mīqad] 炉子；灶；火炉〈名〉
العضو			[āl‘ḍw] 成员；器官；肢体〈名〉
الرومان			[ālrwmān] 罗马人〈名〉
صريح			[ṣarīḥ] 直率的；坦率的；明确的〈形〉
ينهي			[yanhī] 结束；终止〈动〉
القلوب			[ālqlwb] 心；中心；内心〈名〉
مقدّم			[muqaddam] 前面的；先进的；提交的〈形〉
الليزر			[āllyzr] 激光；雷射〈名〉
هتاف			[htāf] 喝彩；欢呼；赞同〈名〉
الأضرار			[āl’aḍrār] 损害；危害〈名〉
العبّارة			[āl‘bbārah] 渡轮；渡船〈名〉
أناني			[’anāny] 自私的；自私自利的〈形〉
وبالمناسبة			[wbālmnāsbah] 顺便说；顺便提一下〈短语〉
شيريل			[shīrīl] 谢丽尔〈名〉
السّموّ			[ālssmww] 高度；崇高；尊贵〈名〉
ديترويت			[dītruwīt] 底特律〈名〉
الصاروخ			[ālṣārwkh] 发射物；导弹；飞弹〈名〉
مهني			[mihaniyy] 职业的；专业的〈形〉
الشفاء			[ālshfā’] 痊愈；康复〈名〉
سلطان			[slṭān] 苏丹〈名〉
الذّخيرة			[āldhdhkhyrah] 军火；弹药〈名〉
باكستان			[bākstān] 巴基斯坦〈名〉
العشر			[āl‘shr] 什一税；十分之一；小部分〈名〉
السحب			[ālsḥb] 拉；拖；拔剑〈名〉
الروعة			[ālrw‘ah] 壮丽；壮观；精彩〈名〉
النّمل			[ālnnml] 蚂蚁；蚁〈名〉
يتولّى			[ytwllā] 担任；负责；主持〈动〉
التّفاوض			[ālttfāwḍ] 讨价还价；谈判；交涉〈名〉
الحبيب			[ālḥbyb] 心爱的人；爱人；亲爱的〈名〉
يطوّل			[yaṭawwilu] 延长；加长〈动〉
الرّموز			[ālrrmwz] 符号；象征；代码〈名〉
القدماء			[ālqdmā’] 古人；先人〈名〉
واجه			[wājh] 面对；正视；勇敢面对〈动〉
العظمة			[āl‘ẓmah] 骨头；骨；骨制品〈名〉
مضطرب			[muḍṭarib] 不安的；烦躁的；紊乱的〈形〉
المنجّم			[ālmnjjm] 占星家〈名〉
الرحلات			[ālrḥlāt] 旅行；旅程；航班〈名〉
متخصّص			[mutakhaṣṣiṣ] 专门的；专科的；专业的〈形〉
التاج			[āltāj] 王冠；王权；顶点〈名〉
كلوديا			[klwdyā] 克劳迪娅〈名〉
ماركس			[mārks] 马克思〈名〉
بوريس			[būrīs] 鲍里斯〈名〉
حيويّ			[ḥayawī] 生命的；生物的；充满活力的〈形〉
حديديّ			[ḥadīdiyy] 铁的；含铁的；钢铁般的〈形〉
لورانس			[lwrāns] 劳伦斯〈名〉
يكمن			[yakmunu] 在于；潜藏；卧伏〈动〉
أوستن			[’awstn] 奥斯丁；英国制汽车牌名〈名〉
جوانا			[jwānā] 乔安娜〈名〉
الباص			[ālbāṣ] 最低声部；男低音歌手〈名〉
ماريو			[māryw] 马里奥〈名〉
مقدّر			[muqaddar] 估计出的；受重视的；命定的〈形〉
القفازات			[ālqfāzāt] 手套〈名〉
هوس			[hawas] 狂躁；热衷；狂热〈名〉
التنبؤ			[āltnb’u] 预言；预报；预测〈名〉
المعادن			[ālm‘ādn] 矿物质；矿物；矿产〈名〉
بليون			[bilyūn] 十亿〈数〉
التّعديل			[āltt‘dyl] 修订；改善；改良〈名〉
الإصابة			[āl’iṣābah] 受伤；命中；感染〈名〉
الوردي			[ālwrdy] 粉红色的；玫瑰色的〈形〉
الاختبارات			[ālākhtbārāt] 考试；测验〈名〉
المحرّكات			[ālmḥrrkāt] 发动机；马达〈名〉
يغطّي			[yughattī] 覆盖；涵盖〈动〉
فق			[faq] 段落；条款〈名〉
الخادم			[ālkhādm] 仆人；侍者；服务器〈名〉
الألماني			[āl’almāny] 德语；德语的〈名〉
إشعال			[’ish‘āl] 点燃；点火〈名〉
مقرّب			[muqarrab] 亲近的；被拉近的〈形〉
مشابه			[mshābh] 相似的；类似的〈形〉
العنب			[āl‘nb] 葡萄；葡萄树〈名〉
هيلينا			[hylynā] 海伦娜〈名〉
الحيتان			[ālḥytān] 鲸；鲸鱼〈名〉
الأفعى			[āl’af‘ā] 蝰蛇；毒蛇〈名〉
الأزواج			[āl’azwāj] 一对；一双；夫妻〈名〉
حدس			[ḥads] 直觉；猜测〈名〉
أوصل			[’awṣl] 送达；使到达〈动〉
المهارات			[ālmhārāt] 技能；技巧〈名〉
تراجعي			[trāj‘y] 倒退的；退步的；回归的〈形〉
قضائيّ			[qḍā’iyy] 判决的；审判的；司法的〈形〉
مارجريت			[mārjryt] 玛格利特〈名〉
اللّوح			[ālllwḥ] 木板；板；牌匾〈名〉
أصلا			[’aṣlā] 本来；原本〈副〉
مارسي			[mārsy] 马西山；马尔西〈名〉
تلفزيوني			[tilfizyūnī] 电视的；电视播送的〈形〉
خيريّ			[khayriyy] 善意的；慈善的〈形〉
الحبس			[ālḥbs] 监禁；拘留；禁闭〈名〉
شنيع			[shanī‘] 恶劣的；卑鄙的；骇人听闻的〈形〉
البول			[ālbwl] 小便；尿〈名〉
تعاطف			[t‘āṭf] 移情；神会〈名〉
اليانصيب			[ālyānṣyb] 奖券；彩票；运气〈名〉
روكي			[rūkī] 洛基（人名）〈名〉
رينولدز			[rīnūldz] 雷诺兹〈名〉
الخاسر			[ālkhāsr] 失败者；输家〈名〉
ميج			[mīj] 梅格〈名〉
يحكم			[yaḥkumu] 统治；裁决；判定〈动〉
الكازينو			[ālkāzynw] 卡西诺赌场；卡西诺牌戏〈名〉
مرغوب			[marghūb] 合意的；受欢迎的；令人向往的〈形〉
حدّد			[ḥaddada] 确定；限定；标出〈动〉
الدروس			[āldrws] 功课；课程；教训〈名〉
شمسي			[shamsiyy] 太阳的；日光的；源自太阳的〈形〉
النّطاق			[ālnnṭāq] 范围；区域；管辖区〈名〉
شجّر			[shajjara] 绿化；植树造林〈动〉
الإطفاء			[āl’iṭfā’] 熄灭〈名〉
جويس			[jūyis] 乔伊斯〈名〉
المحافظة			[ālmḥāfẓah] 省；保守；监护〈名〉
بريندا			[bryndā] 布伦达〈名〉
البطّاريّة			[ālbṭṭāryyah] 电池；蓄电池〈名〉
الأصفاد			[āl’aṣfād] 手铐〈名〉
الوالد			[ālwāld] 父亲；家长〈名〉
العصور			[āl‘ṣwr] 纪元；时代；年代〈名〉
النسر			[ālnsr] 鹰；鹰状标饰〈名〉
مجموع			[majmū‘] 总数；合计；全集〈名〉
ظلّم			[ẓallama] 冤枉；欺压；使变暗〈动〉
التوأم			[āltw’am] 双胞胎中一人；一对非常相像的人中的一个；双胞胎的〈名〉
الحماس			[ālḥmās] 热忱；热情；情欲〈名〉
الليّ			[āllyy] 扭弯；扭歪；曲解〈名〉
النداء			[ālndā’] 呼叫；呼唤；号召〈名〉
التّحليل			[ālttḥlyl] 分析；分解〈名〉
بيرد			[bīrd] 伯德〈名〉
هيرمان			[hyrmān] 赫尔曼〈名〉
الرقبة			[ālrqbah] 脖子；衣领；颈〈名〉
القطيع			[ālqṭy‘] 畜群；兽群〈名〉
العربيّة			[āl‘rbyyah] 阿拉伯语；阿拉伯语的；阿拉伯人的〈名〉
إسرائيل			[’isrā’iyl] 以色列；以色列后裔；犹太人〈名〉
المترجم			[ālmtrjm] 译者；翻译器；翻译程序〈名〉
يقفز			[yaqfiz] 跳；跳跃〈动〉
الرمل			[ālrml] 沙；沙子；沙滩〈名〉
اقبل			[āqbl] 接受；同意〈动〉
فضولي			[fuḍūlī] 好奇的；好问的〈形〉
مادلين			[mādlyn] 玛德琳〈名〉
مدرسيّ			[madrasī] 学校的；学校教育的；学究气的〈形〉
مدرك			[mudrik] 意识到的；认识到的〈形〉
الأسلوب			[āl’aslwb] 方式；风格；文体〈名〉
هاوارد			[hāwārd] 霍华德〈名〉
الجاز			[āljāz] 爵士乐；喧闹；爵士乐的〈名〉
التبوّل			[āltbwwl] 撒尿；倾盆而下〈名〉
الجيل			[āljyl] 一代；世代〈名〉
نيكو			[nīkū] 尼科〈名〉
الأهداف			[āl’ahdāf] 目标；目的〈名〉
النّصيحة			[ālnnṣyḥah] 忠告；劝告；意见〈名〉
الجيب			[āljyb] 口袋；衣袋；海湾〈名〉
تصفيق			[taṣfīq] 鼓掌；掌声〈名〉
الثّدي			[ālthdy] 乳房〈名〉
الحارة			[ālḥārah] 小巷；窄街〈名〉
الوعد			[ālw‘d] 承诺；诺言；许诺〈名〉
الطّلبات			[ālṭṭlbāt] 申请；请求；订单〈名〉
غنّى			[ghnnā] 唱；歌唱〈动〉
شيرمان			[shyrmān] 谢尔曼〈名〉
الشحنة			[ālshḥnah] 货运；装运的货物；一批货〈名〉
البنادق			[ālbnādq] 火枪；滑膛枪〈名〉
اظهر			[āẓhr] 出现；显现；显露〈动〉
الإجابات			[āl’ijābāt] 答案；回答〈名〉
سيلفيا			[sylfyā] 西尔维亚〈名〉
بالتيمور			[bāltymwr] 巴尔的摩〈名〉
المهنة			[ālmhnah] 职业；行业〈名〉
الفيل			[ālfyl] 象〈名〉
الأسطورة			[āl’asṭwrah] 传说；传奇文学；图例〈名〉
بيفرلي			[bīfirlī] 贝弗莉〈名〉
متحدّث			[mutaḥaddith] 说话者；发言者〈名〉
الفضة			[ālfḍah] 银〈名〉
ممتلئ			[mmtl’i] 满的；充满的；满到边的〈形〉
الرؤوس			[ālr’uws] 头；头部；首领〈名〉
الإحتمالات			[āl’iḥtmālāt] 可能性；或然情况〈名〉
إنجليزي			[’injlyzy] 英语；英文的；英国人的〈名〉
الزّهرة			[ālzzhrah] 花；花开的状态；兴旺期〈名〉
شيطاني			[shyṭāny] 恶魔的；邪恶的〈形〉
تاكو			[tākw] 墨西哥煎玉米卷；塔可〈名〉
يكلّف			[yukallifu] 使承担；指派；花费〈动〉
الرّماد			[ālrrmād] 灰；灰烬；灰分〈名〉
التّمثال			[ālttmthāl] 雕像；塑像〈名〉
يسهّل			[yusahhilu] 使容易；促进；使便利〈动〉
الإنتخابات			[āl’intkhābāt] 选举；选举制；投票〈名〉
حرّك			[ḥarraka] 移动；使动；开动〈动〉
يناسب			[ynāsb] 适合；适宜于〈动〉
مهجور			[mahjūr] 被抛弃的；荒废的〈形〉
السوداني			[ālswdāny] 苏丹的；苏丹人的〈形〉
اللقيط			[āllqyṭ] 弃儿；拾来的孩儿〈名〉
يائس			[yā’is] 没有精神的；灰心的；心碎的〈形〉
الثوب			[ālthwb] 衣服；服装；衣料〈名〉
النسيان			[ālnsyān] 遗忘；忘记〈名〉
البرتقال			[ālbrtqāl] 柑桔；橙子〈名〉
المفوّض			[ālmfwwḍ] 委员；理事；行政长官〈名〉
مرفوض			[marfūḍ] 不赞成的；被拒绝的〈形〉
يسخر			[yaskharu] 嘲笑；讥讽〈动〉
الهندسة			[ālhndsah] 工程学；工程；操纵〈名〉
الذكر			[āldhkr] 提到；说起；提名表扬〈名〉
المحارب			[ālmḥārb] 战士；交战者〈名〉
الجمهورية			[āljmhwryah] 共和国；共和政体〈名〉
خفيّ			[khafiyy] 隐藏的；暗中的〈形〉
مغطّى			[mghṭṭā] 隐蔽着的；掩藏着的；有顶盖的〈形〉
حرص			[ḥirṣ] 渴望；贪求；珍惜〈名〉
يؤكّد			[y’ukkd] 确认；强调；断言〈动〉
الفحم			[ālfḥm] 煤；木炭；加煤〈名〉
التفجير			[āltfjyr] 爆炸；引爆〈名〉
النصائح			[ālnṣā’iḥ] 忠告；劝告〈名〉
التّفاهات			[ālttfāhāt] 琐事；无聊的废话〈名〉
التمارين			[āltmāryn] 练习题；演习；运动〈名〉
بيرل			[bīrl] 实际抽取与汇报语言〈名〉
البرازيل			[ālbrāzyl] 巴西〈名〉
العملاقة			[āl‘mlāqah] 女巨人〈名〉
حكومي			[ḥukūmī] 政府的；官方的〈形〉
نوكس			[nūks] 诺克斯〈名〉
مشوي			[mashwiyy] 烤的；炙过的〈形〉
هِوائيّ			[hiwā’iyy] 业余爱好的；副业的〈形〉
تدرّب			[tadarriba] 训练；练习；排练〈动〉
الشروط			[ālshrwṭ] 条件；条款〈名〉
الركاب			[ālrkāb] 马蹬〈名〉
الأخوات			[āl’akhwāt] 姐妹们〈名〉
يشغّل			[yushaghghilu] 开动；使运转；驱动〈动〉
الثّعبان			[ālth‘bān] 蛇〈名〉
العامل			[āl‘āml] 工人；工作人员；因素〈名〉
مونتانا			[mwntānā] 蒙大拿州〈名〉
الإطار			[āl’iṭār] 框架；边框；车胎〈名〉
البركة			[ālbrkah] 水池；水塘；吉庆〈名〉
الدّير			[ālddyr] 大修道院〈名〉
برادلي			[brādly] 布兰得利〈名〉
ميلان			[mylān] 米兰〈名〉
الأمة			[āl’amah] 民族；国家；乌玛〈名〉
محاماة			[mḥāmāah] 律师职业；辩护；代理〈名〉
الأكاديميّة			[āl’akādymyyah] 学院；院校；学会〈名〉
يسافر			[ysāfr] 旅行；出行〈动〉
الأزمة			[āl’azmah] 危机；危急关头〈名〉
المستشفيات			[ālmstshfyāt] 医院〈名〉
مخبول			[makhbūl] 精神有点失常的；喝醉了的；着魔似的〈形〉
الاستفادة			[ālāstfādah] 受益；利用；获益〈名〉
حطّم			[ḥaṭṭama] 打碎；摧毁；使破灭〈动〉
وضيع			[waḍī‘] 卑贱的；卑鄙的；低下的〈形〉
الدعوى			[āld‘wā] 诉讼；诉讼案件〈名〉
منشار			[mnshār] 锯子；锯〈名〉
الغوّاصة			[ālghwwāṣah] 潜水艇〈名〉
البقرة			[ālbqrah] 母牛；牛〈名〉
تريب			[tirīb] 旅行；行程〈名〉
النسخ			[ālnskh] 誊写；复制；拷贝〈名〉
تدخلي			[tadakhkhalī] 干涉的；介入的；闯入的〈形〉
الهيكل			[ālhaykal] 结构；骨架；底盘〈名〉
الفخّ			[ālfkhkh] 圈套；诱骗〈名〉
المزارع			[ālmuzāri‘] 农民；农场主〈名〉
أصلع			[’aṣla‘] 秃头的〈形〉
الوسيلة			[ālwasīlah] 方法；手段；工具〈名〉
منفّذ			[munaffidh] 执行者；执行〈名〉
ريكو			[rīkū] 反诈骗腐败组织集团犯罪法〈名〉
يقابل			[yuqābil] 对应；相对；会见〈动〉
متوحّش			[mutawaḥḥish] 野蛮的；残暴的；粗野的〈形〉
الفودكا			[ālfwdkā] 伏特加酒〈名〉
الإنجيل			[āl’anjīl] 福音书；福音；圣经〈名〉
التدريس			[āltadrīs] 教学；授课〈名〉
السراويل			[ālsarāwīl] 裤子；长裤〈名〉
أشقر			[’ashqar] 金发的；白肤金发碧眼的〈形〉
مستخدم			[mustakhdim] 雇员；使用者〈名〉
الشّعبة			[ālshu‘bah] 部门；分支；班级〈名〉
البريطانيّ			[ālbryṭānyy] 大不列颠人；英国人〈名〉
الكونجرس			[ālkūnjirās] 国会；代表大会〈名〉
لاند			[lānd] 隆德；伦德〈名〉
الطقوس			[ālṭqws] 仪式；例行公事；老规矩〈名〉
يرتفع			[yartafi‘] 升起；上升；上涨〈动〉
العريس			[āl‘rys] 新郎〈名〉
المقطع			[ālmaqṭa‘] 片段；段落；路段〈名〉
خام			[khām] 生的；未加工的；原料〈形〉
المجرة			[ālmjrah] 银河；星系；一群〈名〉
ليونيل			[liyūnīl] 莱昂内尔〈名〉
شقي			[shaqī] 顽皮的；没规矩的；不适当的〈形〉
العلمية			[āl‘ilmīyah] 科学的〈形〉
الموجات			[ālmawjāt] 波；波浪；电波〈名〉
الخطوات			[ālkhuṭwāt] 步伐；步骤〈名〉
المشرف			[ālmshrf] 监督官；地方行政长官；管理员〈名〉
العرب			[āl‘rb] 阿拉伯人〈名〉
الفنادق			[ālfnādq] 酒店；大饭店；旅馆〈名〉
الجوائز			[āljwā’iz] 奖项；奖赏〈名〉
هولت			[hūlt] 霍尔特（人名）〈名〉
المتبقّي			[ālmtbqqy] 剩余的；残余的〈名〉
ريفيّ			[rīwiyy] 乡村的；乡下的；土气的〈形〉
نورما			[nwrmā] 矩尺座；诺尔玛（人名）〈名〉
الحيلة			[ālḥylah] 诡计；计谋；狡猾〈名〉
روماني			[rwmāny] 罗马尼亚的；罗马尼亚人；罗马尼亚语〈形〉
اللباس			[āllbās] 衣服〈名〉
الإشارات			[āl’ishārāt] 信号；手势；标志〈名〉
الخادمة			[ālkhādmah] 女佣；女仆〈名〉
الصحون			[ālṣḥwn] 餐具〈名〉
الراقص			[ālrāqṣ] 舞蹈演员；跳舞者〈名〉
رعد			[ra‘d] 雷；雷声〈名〉
بريان			[bryān] 布赖恩〈名〉
العملة			[āl‘mlah] 货币；通货；流通〈名〉
الهيئة			[ālhy’iah] 机构；团体；外貌；仪态〈名〉
كالفين			[kālfyn] 卡尔文；加尔文〈名〉
بأمانة			[b’amānah] 忠实地；诚实地；公正地〈副〉
الصودا			[ālṣwdā] 苏打；碳酸水；纯碱〈名〉
نظريات			[nẓryāt] 理论〈名〉
المشرق			[ālmshrq] 东方；东方诸国；东方的〈名〉
المدعو			[ālmd‘w] 被邀请者〈名〉
نقّال			[nqqāl] 搬运工；运输商〈名〉
الهجمات			[ālhjmāt] 攻击；冲击；抨击〈名〉
لاصق			[lāṣq] 粘着的；涂有粘性物质的；粘合剂〈名〉
اللّاعب			[āllā‘ib] 运动员；选手；球员〈名〉
الصلصة			[ālṣlṣah] 调味酱；酱汁〈名〉
المعجزات			[ālm‘jzāt] 奇迹；奇事；令人惊奇的事〈名〉
مرسيدس			[mirsīdis] 梅塞德斯；梅赛德斯〈名〉
متأخّرًا			[mt’akhkhran] 迟到地；晚地；延误地〈副〉
نيوتن			[nīyūtūn] 牛顿〈名〉
الطلقة			[ālṭlqah] 子弹；射击；一次发射〈名〉
مسك			[masaka] 抓住的过去式〈动〉
دومينيك			[dūmīnīk] 多米尼克；多米尼加〈名〉
الكائن			[ālkā’in] 生物；存在；存在物〈名〉
النمط			[ālnmṭ] 模态；调式；样式〈名〉
المصير			[ālmṣyr] 命运；结局〈名〉
ميريديث			[mīrīdīth] 梅雷迪思；梅瑞狄斯〈名〉
ابتسم			[ābtsm] 微笑；露出笑容〈动〉
الجرعة			[āljr‘ah] 剂量；一剂；一服〈名〉
التسليم			[āltslym] 交付；递送；投降〈名〉
الجوارب			[āljwārb] 袜子；长袜〈名〉
النشوة			[ālnshwah] 狂喜；心醉神迷；忘形〈名〉
أجنبي			[’ajnby] 外国的；外来的；海外的〈形〉
برونو			[Brūnū] 布鲁诺〈名〉
المهرجان			[ālmhrjān] 节日；庆典；嘉年华〈名〉
التخمين			[āltkhmyn] 推测；猜想；猜测〈名〉
الأفق			[āl’afq] 地平线；眼界；视地平〈名〉
الدعارة			[āld‘ārah] 卖淫；卖淫行为〈名〉
يكشف			[yaksifu] 揭露；揭发；使显露〈动〉
موجّه			[muwajjih] 指导者；主管；导向的〈名〉
الواقي			[ālwāqy] 保护者；防护用品；防护的〈名〉
شكسبير			[shaksbīr] 莎士比亚〈名〉
علّق			[‘allaqa] 评论；注释；发表意见〈动〉
طليق			[ṭalīq] 自由的；获释的；离异的〈形〉
الأقمار			[āl’aqmār] 卫星；月亮〈名〉
أريزونا			[’aryzwnā] 亚利桑那州〈名〉
مسدود			[masdūd] 关闭的；堵塞的；封闭的〈形〉
التعرّض			[ālt‘rrḍ] 暴露；遭受；面临〈名〉
مغرور			[maghrūr] 瞎自夸的；瞎自大的；傲慢的〈形〉
الطالب			[ālṭālb] 学生〈名〉
البقالة			[ālbqālah] 食品杂货店；食品杂货业〈名〉
النبيل			[ālnbyl] 各级爵位的成员；骑士；最低级的贵族〈名〉
الضّيق			[ālḍḍyq] 狭窄；窘迫；烦恼〈名〉
شاعر			[shā‘ir] 诗人〈名〉
قصف			[qaṣf] 轰炸；炮击〈名〉
التوصيل			[āltwṣyl] 递送；运送；连接〈名〉
الخلية			[ālkhlyah] 单元；细胞；电池〈名〉
يدوي			[ydawy] 手工的；手动的〈形〉
الحبال			[ālḥbāl] 绳索；缆绳〈名〉
المجمّع			[ālmjmm‘] 综合体；编译程序〈名〉
الفتحة			[ālftḥah] 孔；洞；穴〈名〉
إلهام			[’ilhām] 灵感；启示〈名〉
كسول			[kasūl] 懒惰的；懒散的〈形〉
المقر			[ālmqr] 总部；驻地；住所〈名〉
الموجة			[ālmwjah] 波；波浪；浪潮〈名〉
تكشّف			[tkashshaf] 揭示；显露；揭露〈动〉
رونالد			[rwnāld] 罗纳德〈名〉
اللّسان			[ālllsān] 舌〈名〉
دوغلاس			[dwghlās] 道格拉斯〈名〉
البوابات			[ālbwābāt] 大门；闸门；门户〈名〉
عظمي			[‘aẓmī] 骨的；骨骼的〈形〉
كلاسيكي			[klāsyky] 古典的；经典的〈形〉
جيرالد			[jyrāld] 杰拉尔德〈名〉
مسيطر			[musayṭir] 控制的；占主导的〈形〉；控制者〈名〉
الأقوى			[āl’aqwā] 最强的；最有力的〈形〉
المواهب			[ālmwāhb] 才能；资质；天资〈名〉
الفطيرة			[ālfṭyrah] 煎饼；薄饼〈名〉
فظّ			[faẓẓ] 唐突的；直率的〈形〉
ديفون			[dīfūn] 德文郡；德文岛〈名〉
العبقري			[āl‘bqry] 天才〈名〉
رِبَاط			[ribāṭ] 绳索；纽带；里巴特（驻防堡）〈名〉
حتماً			[ḥtmāan] 必定；一定；务必〈副〉
خوان			[khwān] 胡安〈名〉
كثّر			[kaththara] 使增多；使大量增加〈动〉
بويل			[būyil] 波义耳〈名〉
التّقدير			[ālttqdyr] 评价；尊重；估计〈名〉
مميت			[mumīt] 致命的；致命性的〈形〉
أشعل			[’ash‘l] 点燃；使灼热；使兴奋〈动〉
الربح			[ālrbḥ] 利润；赢利；收益〈名〉
التّقليديّة			[ālttqlydyyah] 传统性；因循守旧〈名〉
مصالح			[mṣālḥ] 利益；福利〈名〉
مُؤنْ			[mu’un] 食物；粮食〈名〉
مشكّل			[mushakkal] 加注元音符号的；复杂的〈形〉
جوديث			[Jūdīth] 朱迪思〈名〉
السيوف			[ālsywf] 剑（سيف的复数）〈名〉
الإشعاع			[āl’ish‘ā‘] 辐射；放射〈名〉
الجماعة			[āljmā‘ah] 团体；群体；集体〈名〉
مرافقة			[mrāfqah] 陪同；护送；伴随〈名〉
ازرقّ			[azrqq] 变蓝；发蓝〈动〉
الخطورة			[ālkhṭwrah] 严重性；危险性〈名〉
الثروة			[ālthrwah] 财富；运气；兴隆〈名〉
الكشّافة			[ālkshāfah] 侦察活动；童子军活动；初步勘探〈名〉
ساذج			[sādhj] 天真的；幼稚的〈形〉
رنّ			[ranna] 鸣响；发出铃声〈动〉
الغشّ			[ālghsh] 掺杂；掺假的东西；掺加〈名〉
وسّع			[wassa‘a] 使变宽；扩大〈动〉
رينو			[rīnū] 里诺〈名〉
البيوت			[ālbywt] 房屋；家宅；住所〈名〉
الشّركاء			[ālshrkā’] 同伴；合作人；联合公司〈名〉
الميزانيّة			[ālmyzānyyah] 预算；收支；预算案〈名〉
الممرضات			[ālmmrḍāt] 护士〈名〉
بريدجيت			[Brīdjīt] 布丽奇特；圣布里奇特〈名〉
جيبس			[jībs] 吉布斯〈名〉
خالص			[khālṣ] 纯粹的；纯净的；净(额)的〈形〉
التحديق			[āltḥdyq] 怒视〈名〉
رينا			[rynā] 丽纳〈名〉
إجراميّ			[’ijrāmyy] 犯罪的；刑事的〈形〉
تيمي			[tīmī] 蒂米〈名〉
التّصريح			[ālttṣryḥ] 声明；许可；许可证〈名〉
مؤثر			[m’uthr] 有效的；感人的；有影响的〈形〉
يهدأ			[yhd’a] 平静下来；安静下来〈动〉
طريف			[ṭarīf] 好笑的；滑稽的；逗趣的〈形〉
الديون			[āldywn] 债务；欠款〈名〉
فاليري			[fālyry] 瓦莱丽〈名〉
الأثر			[āl’athr] 影响；效果；痕迹；遗迹〈名〉
الإطارات			[āl’iṭārāt] 框架；轮胎；干部〈名〉
منظور			[manẓūr] 视角；视野；可见的〈名〉
الوسائل			[ālwsā’il] 工具；设施；设备〈名〉
عمّد			[‘ammada] 施洗礼；为…命名〈动〉
يرقص			[yarquṣu] 跳舞〈动〉
ليزبن			[līzbin] 里斯本〈名〉
الغروب			[ālghrwb] 日落；薄暮；晚霞〈名〉
يعزف			[‘azafa] 弹奏；演奏〈动〉
يقْبضْ			[yaqbiḍ] 抓住；收缩；收款〈动〉
المواعيد			[ālmwā‘yd] 约会；约定的时间；日期〈名〉
الخلود			[ālkhlwd] 永恒；不朽〈名〉
ثمانيّ			[thmānyy] 八；八个的〈数〉
الأطراف			[āl’aṭrāf] 末端；四肢；各方〈名〉
البطّ			[ālbṭṭ] 鸭；鸭子；公鸭〈名〉
القنوات			[ālqnwāt] 渠道；水渠；频道〈名〉
بكى			[bkā] 哭；哭泣〈动〉
المطاعم			[ālmṭā‘m] 餐馆；餐厅〈名〉
دن			[dunn] 嗡嗡声；低哼；接近〈名〉
القيود			[ālqywd] 限制；克制；抑制〈名〉
أستراليا			[’astrālyā] 澳洲；澳大利亚〈名〉
أخطأ			[’akhṭ’a] 犯错；做错；犯罪〈动〉
يحدّق			[yuḥaddiq] 凝视；盯着看〈动〉
غراب			[ghrāb] 乌鸦〈名〉
مخفوق			[makhfūq] 搅打过的；打散的〈形〉
الإخوة			[āl’ikhwah] 哥们儿；兄弟〈名〉
الأدب			[āl’adb] 文学；礼仪；教养〈名〉
لفّ			[laffa] 卷；缠绕；盘绕〈动〉
الأشرطة			[āl’ashrṭah] 磁带；带子；胶带〈名〉
الأرباح			[āl’arbāḥ] 收益；红利；盈利〈名〉
رمى			[rmā] 扔；投掷；抛〈动〉
الصراع			[ālṣrā‘] 斗争；冲突；挣扎〈名〉
يتمتّع			[yatamatta‘u] 享受；享有〈动〉
مدّعى			[mdd‘ā] 宣称者；原告；自称者〈名〉
الأخلاق			[āl’akhlāq] 道德规范；伦理学〈名〉
كلود			[Klūd] 克劳德〈名〉
المخطط			[ālmkhṭṭ] 图表；平面图；示意图〈名〉
مدرّج			[mudarraj] 阶梯教室；看台；刻度器〈名〉
الطير			[ālṭyr] 鸟；飞禽；家禽〈名〉
الرئة			[ālr’iah] 肺；肺脏〈名〉
الأباء			[āl’abā’] 父亲们；祖先〈名〉
الضّربات			[ālḍḍrbāt] 打击；敲击；搏动〈名〉
تقني			[tiqnī] 技术的〈形〉
يصعد			[yaṣ‘adu] 上升；登高；追溯〈动〉
زائف			[zā’if] 假的；伪造的〈形〉
السوائل			[ālswā’il] 液体；流体〈名〉
عاجز			[‘ājz] 无能为力的；无助的〈形〉
الصمود			[ālṣmwd] 坚定；稳当〈名〉
مؤهّل			[m’ahhal] 合格的；有资格的〈形〉
النسيج			[ālnsyj] 织物；（生物）组织〈名〉
الدرجات			[āldrjāt] 度数；等级；台阶〈名〉
اليونان			[ālywnān] 希腊〈名〉
مشعوذ			[mash‘ūdh] 魔术师；巫师；骗子〈名〉
اليهودي			[ālyhwdy] 犹太人；守财奴；犹太教信徒〈名〉
محاكاة			[mḥākāah] 模仿；拟态；模拟〈名〉
مائيّ			[mā’iyy] 水的；水生的〈形〉
مهتما			[mhtmā] 感兴趣地；关心地〈副〉
الضّعيف			[ālḍḍ‘yf] 弱的；虚弱的〈形〉
نطق			[nuṭq] 发音；发声；言语〈名〉
أغضب			[’aghḍb] 使生气；激怒〈动〉
عاليًا			[‘ālyan] 高高地〈副〉
كاندي			[kāndy] 糖果；冰糖；用糖煮〈名〉
أحرق			[’aḥrq] 烧毁；烧掉；使燃烧〈动〉
سليمان			[slymān] 所罗门；聪明人；贤人〈名〉
النبلاء			[ālnblā’] 贵族阶级〈名〉
العجلات			[āl‘jlāt] 车轮；轮子〈名〉
غذائيّ			[ghdhā’iyy] 饮食的；营养的〈形〉
العينات			[āl‘ynāt] 样品；样本〈名〉
الأوبرا			[āl’awbrā] 歌剧〈名〉
أضعف			[’aḍ‘f] 最弱的；较弱的〈形〉
الفساد			[ālfsād] 腐败；腐化；堕落〈名〉
دوريس			[Dūrīs] 桃瑞丝〈名〉
الملجأ			[ālmlj’a] 避难所；庇护所；安息所〈名〉
السمعة			[ālsm‘ah] 声望；威望；威信〈名〉
سيباستيان			[sybāstyān] 塞巴斯蒂安〈名〉
جنسيا			[jnsyā] 在性方面；性方面〈副〉
القطّارات			[ālqṭṭārāt] 火车；列车〈名〉
شعّ			[sha‘‘a] 放射；散发；辐射〈动〉
يتجوّل			[yatajawwalu] 闲逛；漫步；走动〈动〉
حراري			[ḥrāry] 热的；由热造成的〈形〉
التّرياق			[ālttryāq] 解毒剂；解毒药〈名〉
الخيط			[ālkhyṭ] 线；丝；线索〈名〉
طوّق			[ṭawwaqa] 环绕；包围；圈住〈动〉
المؤامرة			[ālm’uāmrah] 阴谋；密谋；阴谋集团〈名〉
محدود			[maḥdūd] 有限的；有穷的；限定的〈形〉
صن			[ṣāna] 击退；保护；供养〈动〉
يعقوب			[ya‘qūb] 雅各；雅各布〈名〉
المعكرونة			[ālm‘krwnah] 面条；挂面〈名〉
تقسيم			[taqsīm] 划分；分割；分配〈名〉
منظّم			[munazzim] 有组织的；有条理的〈形〉；组织者〈名〉
الرحم			[ālrḥm] 子宫〈名〉
يوقع			[waqqi‘a] 签署；签名；使遭受〈动〉
أقنعة			[’aqn‘ah] 遮罩；面罩；口罩〈名〉
الإزعاج			[āl’iz‘āj] 打扰；骚扰；喧闹〈名〉
المعالجة			[ālm‘āljah] 治疗；处理；加工〈名〉
ناتج			[nātj] 产物；产出〈名〉；作为结果的〈形〉
التّغييرات			[ālttghyyrāt] 改变；变更；服装修改〈名〉
روّل			[rawwala] 展开；卷开；滚动〈名〉
كابا			[kābā] 希腊文第十个字母〈名〉
اللقطات			[āllqṭāt] 镜头；截图；片段〈名〉
الغموض			[ālghmwḍ] 模糊；隐晦；神秘〈名〉
التّصويب			[ālttṣwyb] 改正；纠正；校正〈名〉
المنحرف			[ālmnḥrf] 偏离正道的；堕落者〈名〉
عنصري			[‘unṣurī] 种族主义的；种族歧视的〈形〉
مرئي			[mr’iy] 看得见的；可见的〈形〉
لوت			[lūt] 鲁特琴〈名〉
لحن			[laḥn] 曲调；旋律〈名〉
خلط			[khalṭ] 使混合；混合〈名〉
الأخرق			[āl’akhrq] 笨拙的；不灵巧的〈形〉
نوبل			[nūbil] 诺贝尔（人名）〈名〉
سويسرا			[swysrā] 瑞士〈名〉
المغامرة			[ālmghāmrah] 冒险；冒险活动〈名〉
الإقامة			[āl’iqāmah] 居留；居住〈名〉
الوصف			[ālwṣf] 记述；叙述〈名〉
هولدن			[hūldin] 霍尔顿（人名）〈名〉
ميرا			[myrā] 迈拉；米拉〈名〉
الجودة			[āljwdah] 质量；品质〈名〉
الأدنى			[āl’adnā] 最下的；最低的〈形〉
مسارات			[msārāt] 路线；路径（مسار 的复数）〈名〉
المقارنة			[ālmqārnah] 比较；对比〈名〉
صنّف			[ṣannafa] 把…分类；归类〈动〉
جل			[jall] 尊贵的；伟大的〈名〉
الحلاقة			[ālḥlāqah] 理发；发式〈名〉
الأفعال			[āl’af‘āl] 动作；行动〈名〉
مدّي			[maddī] 潮汐的；受潮汐影响的〈形〉
الحافلات			[ālḥāflāt] 公共汽车（حافلة 的复数）〈名〉
الضّجّة			[ālḍḍjjah] 喧闹；骚动；喧噪〈名〉
ديزني			[dīznī] 迪斯尼〈名〉
التحرير			[āltḥryr] 解放；解脱；编辑〈名〉
يدرس			[yadrusu] 学习；研究；钻研〈动〉
المشاهد			[ālmshāhd] 观众；观看者〈名〉
القبلة			[ālqblah] 吻；接吻〈名〉
بولا			[bwlā] 保拉〈名〉
التفسير			[āltfsyr] 解释；翻译；作句法分析〈名〉
تدلّ			[tadallā] 下垂；垂下；消沉〈动〉
الأشكال			[āl’ashkāl] 形状；形式；种类〈名〉
تلوث			[talawwuth] 污染；污损；玷污〈名〉
التّرتيبات			[ālttrtybāt] 安排；准备；整理〈名〉
إدخل			[’idkhl] 进入；输入；插入〈动〉
فوري			[fawriyy] 立即的；直接的；接近的〈形〉
اللاسلكي			[āllāslky] 无线电；无线的；无线电的〈名〉
التّحالف			[ālttḥālf] 联盟；联合；同盟〈名〉
الحبر			[ālḥbr] 墨水；墨汁；涂墨水于〈名〉
كارلو			[kārlw] 卡洛〈名〉
الصدق			[ālṣdq] 诚实；真实；真诚〈名〉
ريّش			[rīsh] 装羽毛；羽饰；拔毛〈名〉
الأنسجة			[āl’ansjah] 纤维织物〈名〉
الأمطار			[āl’amṭār] 雨；降雨；雨水〈名〉
أكّد			[’akkd] 肯定；强调；证实〈动〉
دانتي			[dānty] 但丁〈名〉
المتأخر			[ālmt’akhr] 逾期债款；欠帐；未做之事〈名〉
المدافع			[ālmdāf‘] 辩护者；教义辩护文作者；辩解者〈名〉
كريج			[Krīj] 克雷格〈名〉
التغير			[āltghyr] 变化；改变；变迁〈名〉
مارفن			[mārfn] 马文〈名〉
الخمور			[ālkhmwr] 酒；酒类；葡萄酒〈名〉
أليف			[’alyf] 驯服的；亲昵的；亲密的伙伴〈形〉
كاميل			[kāmyl] 卡米尔〈名〉
الصفحات			[ālṣfḥāt] 页；页面；版面〈名〉
عادَى			[‘ādā] 敌视；与…为敌；仇视〈动〉
جمّل			[jammala] 美化；修饰；使美观〈动〉
مقتنع			[muqtani‘] 确信的；深信的；信服的〈形〉
الإدّعاء			[āl’idd‘ā’] 声称；主张；指控〈名〉
حامض			[ḥāmḍ] 酸的；酸性的〈形〉
المدرسية			[ālmdrsyah] 学校的；女教师的〈名〉
التّعليق			[āltt‘lyq] 注解；评注〈名〉
التخزين			[āltkhzyn] 贮存；储存；储藏〈名〉
الاستسلام			[ālāstslām] 投降；屈从〈名〉
المشتري			[ālmshtry] 买主；买方；买手〈名〉
قطرات			[qṭrāt] 滴；水滴〈名〉
نوعي			[naw‘iyy] 性质的；质的；定性的〈形〉
القوس			[ālqws] 弧；弧形；弓形〈名〉
الرّقصة			[ālrrqṣah] 舞蹈；一支舞〈名〉
متقدّم			[mutaqaddim] 先进的；进步的；提前的〈形〉
بيترسون			[bītarsūn] 彼得森〈名〉
زينة			[zynah] 装饰；打扮〈名〉
يركّب			[yurakkibu] 安装；装配；使乘坐〈动〉
الحساسية			[ālḥsāsyah] 敏感；过敏；敏感性〈名〉
السّطو			[ālssṭw] 抢劫；行劫〈名〉
دود			[Dūd] 多德〈名〉
المركّبات			[ālmrkkbāt] 化合物；复合物；车辆〈名〉
مرافق			[mrāfq] 同伴；随从；设施〈名〉
مرتّب			[murattab] 整齐的；有条理的〈形〉
اللقب			[āllqb] 姓；名字；绰号〈名〉
غاريت			[ghāryt] 加勒特〈名〉
السّمع			[ālssm‘] 听觉；听力〈名〉
الرّفّ			[ālrrff] 书架〈名〉
رجع			[raja‘a] 返回；回到〈动〉
الوثيقة			[ālwthyqah] 文件；公文；文档〈名〉
تخيّليّ			[takhayyuliyy] 想象的；虚构的〈形〉
كولورادو			[kwlwrādw] 科罗拉多；科罗拉多河〈名〉
باين			[bāyn] 佩恩〈名〉
تعليمي			[ta‘līmī] 教育的；教学的〈形〉
هانز			[hānz] 德国人或荷兰人的绰号；汉斯〈名〉
المزعج			[ālmz‘j] 令人烦恼的；讨厌的〈名〉
يصبّ			[yaṣubbu] 倒；灌；注入〈动〉
ويتني			[wītnī] 惠特尼；惠特尼山〈名〉
التّنفيذ			[ālttnfydh] 执行；实施〈名〉
الدّجاجة			[ālddjājah] 母鸡；鸡〈名〉
الشوكولاته			[ālshwkwlāth] 巧克力〈名〉
دونوفان			[dwnwfān] 多诺万〈名〉
ناش			[nāsh] 纳什〈名〉
الهزيمة			[ālhzymah] 失败；败局；溃败〈名〉
عائق			[‘ā’iq] 障碍；妨碍〈名〉
بيتسي			[bītsī] 贝琪〈名〉
أدم			[’adām] 使永存；使不朽〈动〉
عمليا			[‘mlyā] 实际上；事实上〈副〉
محّار			[mḥḥār] 牡蛎；蚝〈名〉
المراهقة			[ālmrāhqah] 青春期；青年期〈名〉
الأسطول			[āl’asṭwl] 舰队；船队〈名〉
فير			[fīr] 做；从事〈动〉
هنتر			[Hantar] 亨特〈名〉
مدمّرة			[mdmmrah] 驱逐舰〈名〉
المطاردة			[ālmṭārdah] 追逐〈名〉
مخفي			[makhfī] 隐藏的；秘密的〈形〉
إلتهاب			[’ilthāb] 炎症；发炎〈名〉
الأنظمة			[āl’anẓmah] 系统；制度〈名〉
الحطام			[ālḥṭām] 碎片；残骸；碎屑〈名〉
يهاجم			[yhājm] 攻击；袭击〈动〉
الإنفصال			[āl’infṣāl] 分离；脱离〈名〉
نيفادا			[nyfādā] 内华达〈名〉
العربات			[āl‘rbāt] 四轮马车〈名〉
يربط			[yarbiṭu] 连接；联系；把…联系起来〈动〉
يحدّد			[yuḥaddid] 确定；限定；划定范围〈动〉
القزم			[ālqzm] 矮子；侏儒〈名〉
السور			[ālswr] 城墙；围墙〈名〉
سيلينا			[sylynā] 萨琳娜（人名）〈名〉
المذنب			[ālmdhnb] 罪人；犯错者；罪犯〈名〉
رطب			[raṭb] 潮湿的；湿润的〈形〉
الشجاع			[ālshjā‘] 勇敢者；勇士〈名〉
ميكانيكي			[mykānyky] 机械师；技工〈名〉
استعراض			[āst‘rāḍ] 分列式〈名〉
جلين			[jalīn] 格林〈名〉
الترحيب			[āltrḥyb] 欢迎；迎接；接待〈名〉
العيب			[āl‘yb] 缺点；缺陷；毛病〈名〉
مخصِّص			[mkhṣṣiṣ] 分配器；呼叫分配器〈名〉
النّقد			[ālnnqd] 批评；评论；现金〈名〉
كوميدي			[kūmīdī] 喜剧的；滑稽的〈形〉
المسيحية			[ālmsyḥyah] 基督教；基督教精神〈名〉
مأساوي			[m’asāwy] 悲剧性的；悲惨的；不幸的〈形〉
الإستقبال			[āl’istqbāl] 接受；领受〈名〉
الإنتاج			[āl’intāj] 生产；产量；产品〈名〉
الكتف			[ālktf] 肩；肩膀；衣肩〈名〉
أمريكيون			[’amrykywn] 美国人（复数）〈名〉
كريه			[karīh] 讨厌的；令人憎恶的〈形〉
البلاط			[ālblāṭ] 石板；铺石路〈名〉
التذكرة			[āltdhkrah] 票；券；车票〈名〉
مقوّد			[muqawwid] 领导者；引导者〈名〉
عتبة			[‘tbah] 阈值〈名〉
المطرقة			[ālmṭrqah] 锤子；榔头；议事槌〈名〉
جوّال			[jwwāl] 手机；移动电话〈名〉
المزيّف			[ālmzyyf] 伪造的；假冒的；赝品〈名〉
مجروح			[majrūḥ] 受伤的；负伤的〈形〉；伤员〈名〉
يضيع			[yaḍī‘u] 丢失；浪费；虚度〈动〉
الإختباء			[ālikhtibā’] 躲藏；隐藏〈名〉
الشريك			[ālshryk] 合作者；合伙人；同犯〈名〉
أسكت			[’askt] 安静下来；闭嘴；使安静〈动〉
مذكور			[madhkūr] 被提到的；上述的〈形〉
مزدحم			[muzdaḥim] 拥挤的；塞满的〈形〉
الزوّار			[ālzwwār] 访问者；游客〈名〉
الجدال			[āljdāl] 争论；辩论；论证〈名〉
انصرف			[ānṣrf] 离开；走掉；散去〈动〉
المقالة			[ālmqālah] 随笔；短文；评论〈名〉
مسن			[musinn] 上了年纪的；年老的〈形〉
الصلة			[ālṣlah] 联系；关系；亲属关系〈名〉
البرّي			[ālbrry] 陆地的；野生的〈形〉
الحيّة			[ālḥyyah] 蛇〈名〉
البقايا			[ālbqāyā] 残余；剩余物；遗迹〈名〉
هوليود			[hūlīwūd] 好莱坞；美国电影界；美国电影工业〈名〉
الرادار			[ālrādār] 雷达；无线电探测器；雷达图〈名〉
برت			[bart] 伯特〈名〉
الحوت			[ālḥwt] 鲸〈名〉
بقسوة			[bqswah] 严厉地；冷酷地〈副〉
الفرح			[ālfrḥ] 喜悦；欢乐；婚礼〈名〉
تعديلات			[t‘dylāt] 修改；更改；修正案〈名〉
اللّطف			[ālluṭf] 和善；亲切；恩惠〈名〉
الانفصال			[ālānfṣāl] 分离；脱离；断开〈名〉
الحلويات			[ālḥlwyāt] 甜食；糕点〈名〉
التشجيع			[āltshjy‘] 鼓励；促进〈名〉
مقاطع			[mqāṭ‘] 片段；部分；抵制〈名〉
ملأ			[ml’a] 填满；装满；充满〈动〉
إرحل			[’irḥl] 离开；启程；动身〈动〉
روجرز			[rūjarz] 罗杰斯〈名〉
دنيس			[Danīs] 丹尼斯〈名〉
تيفاني			[tyfāny] 蒂芙尼〈名〉
اللّبن			[āllbn] 酸奶；酪乳〈名〉
يتجاوز			[ytjāwz] 超过；超越；胜过〈动〉
بعنف			[bi‘unf] 猛烈地；厉害地〈副〉
عضوي			[‘uḍwī] 器官的；有机的；组织的〈形〉
مخزون			[makhzūn] 库存；储备〈名〉
أنطونيو			[’anṭwnyw] 安东尼奥〈名〉
ستانفورد			[stānfwrd] 斯坦福；斯坦福大学〈名〉
الدّوق			[āldwq] 公爵〈名〉
مشغّل			[mushaghghil] 开关；播放器；操作者〈名〉
الطماطم			[ālṭmāṭm] 蕃茄〈名〉
جافًّا			[jāffanā] 干燥〈名〉
هايز			[hāyz] 海耶斯〈名〉
المسئوليّة			[ālms’iwlyyah] 责任；职责〈名〉
الشكوك			[ālshkwk] 怀疑；疑虑；未确定〈名〉
الشواء			[ālshwā’] 烤；烧烤〈名〉
يحرق			[yaḥriq] 燃烧；焚烧〈动〉
ظاهر			[ẓāhr] 清晰可见的；显然的；表面上的〈形〉
مماثل			[mmāthl] 相似的；相同的〈形〉
قفّاز			[qfāz] 手套〈名〉
بكتيريا			[bktyryā] 细菌〈名〉
القدرات			[ālqdrāt] 能力；才能〈名〉
التبرّع			[āltbrr‘] 捐赠物；捐款；捐赠〈名〉
مهذّب			[muhaddhab] 彬彬有礼的；谦恭的〈形〉
متخلّف			[mutakhallif] 落后者；落后的人〈名〉
مير			[mīr] 迈耶〈名〉
الجزم			[āljzm] 郑重声明；断言〈名〉
جزم			[jazm] 郑重声明；断言〈名〉
المشهور			[ālmashhwr] 著名的；著名人物〈形〉
مستوي			[mustawī] 平面的；在同一平面上的；二维的〈名〉
الدقائق			[āldqā’iq] 分钟；会议记录〈名〉
صيفي			[ṣayfī] 夏季的；夏天的〈形〉
سلفريدج			[Salfirīj] 塞尔弗里奇〈名〉
الشّكوى			[ālshkwā] 抱怨；诉苦；控诉〈名〉
يجيء			[jā’a] 来；来到〈动〉
الإستعداد			[āl’ist‘dād] 准备；思想准备〈名〉
يسحب			[yasḥibu] 拖；拉；牵引〈动〉
الثّعلب			[ālth‘lb] 狐狸；狡猾的人〈名〉
الممتلكات			[ālmmtlkāt] 所有物；财产〈名〉
يطابق			[yṭābq] 与…相符；符合；匹配〈动〉
القماش			[ālqmāsh] 布料；织品；布〈名〉
أخطر			[’akhṭr] 最危险的；最致命的〈形〉
آسيا			[’āsyā] 亚洲〈名〉
كادي			[kādy] 卡迪（人名）〈名〉
دلهي			[dilhī] 德里〈名〉
نباتيّ			[nbātyy] 植物的；素食的〈形〉
النفوذ			[ālnfwdh] 影响力；势力〈名〉
الإباحيّة			[āl’ibāḥyyah] 色情；放任〈名〉
يهدّد			[yuhaddid] 威胁；恐吓〈动〉
المنطقي			[ālmnṭqy] 逻辑的；合乎逻辑的〈形〉
روبرتس			[rūbirts] 罗伯茨〈名〉
عقلانية			[‘qlānyah] 理性；合理性〈名〉
نتن			[natan] 恶臭〈名〉
فاصل			[fāṣl] 分隔符；间隔；幕间休息〈名〉
الصابون			[ālṣābwn] 肥皂〈名〉
التردّد			[āltrddd] 犹豫；频率〈名〉
البرلمان			[ālbrlmān] 国会；议会〈名〉
يغضب			[yaghḍabu] 发怒；生气〈动〉
مقلي			[maqlī] 油炸的〈形〉
الأجسام			[āl’ajsām] 身体；物体；主体〈名〉
خشبي			[khashabī] 木制的；木质的〈形〉
البالغ			[ālbālgh] 成人；成虫；成年的〈名〉
المعدّل			[ālm‘ddl] 平均数；平均值；修正者〈名〉
الحصن			[ālḥṣn] 碉堡〈名〉
القادة			[ālqādah] 领导者；领袖〈名〉
السلاسل			[ālslāsl] 链条；锁链；一系列〈名〉
فعّال			[f‘‘āl] 有效的；灵验的〈形〉
فيليس			[fīlis] 菲利斯〈名〉
كوبرا			[kwbrā] 眼镜蛇〈名〉
أميل			[’amyl] 倾斜；偏向〈名〉
الشغب			[ālshghb] 骚乱；闹事〈名〉
أصغ			[’aṣgh] 倾听；侧耳〈动〉
الضّجيج			[ālḍḍjyj] 喧闹；嘈杂声〈名〉
منافس			[mnāfs] 竞争者；对手〈名〉
النّذل			[ālnndhl] 卑鄙的人；下贱的人〈名〉
يتظاهر			[ytẓāhr] 示威；假装；显示〈动〉
المهمات			[ālmhmāt] 任务；要务〈名〉
التربة			[āltrbah] 土壤；土地〈名〉
الماشية			[ālmāshyah] 牛；家畜〈名〉
مسمّى			[msmmā] 名称；术语；所谓的〈名〉
عفن			[‘ufn] 霉；霉菌；发霉的〈名〉
الجماهير			[āljmāhyr] 群众；大众〈名〉
يشمل			[yashmalu] 包含；包括〈动〉
الكارثة			[ālkārthah] 大灾难；大祸；突变〈名〉
الصيانة			[ālṣyānah] 维护；保养〈名〉
نامي			[nāmy] 生长的；发展的〈形〉
الأولوية			[āl’awlwyah] 优先；优先权〈名〉
جماهير			[jmāhyr] 群众；大众〈名〉
البسيط			[ālbsyṭ] 简单的；简易的；谦逊的〈形〉
ناقص			[nāqṣ] 不足的；不完全的；有缺陷的〈形〉
الشّعبيّة			[ālsh‘byyah] 平民主义；民粹主义〈名〉
الكمان			[ālkmān] 小提琴〈名〉
ينال			[ynāl] 获得；得到〈动〉
المعدن			[ālm‘dn] 矿物；无机物；苏打水〈名〉
المنحدر			[ālmnḥdr] 斜坡；山坡〈名〉
يضغط			[yaḍghaṭu] 压；按；挤压〈动〉
بولين			[būlīn] 保罗的；使徒保罗写的；圣保罗学校的学生〈形〉
الرّكوب			[ālrrkwb] 骑；乘坐；骑术〈名〉
تخميني			[takhmīnī] 推测的；猜测的〈形〉
إنساني			[’insāny] 人道的；人性的；人文的〈形〉
برودواي			[brwdwāy] 百老汇大街〈名〉
الخدع			[ālkhd‘] 诡计；骗局〈名〉
الكرز			[ālkrz] 樱桃；樱桃树；樱桃色〈名〉
يقلق			[yuqliq] 使担忧；使不安〈动〉
المصادر			[ālmṣādr] 来源；资源〈名〉
نبرة			[nbrah] 重音；口音；特点〈名〉
روسو			[rūsū] 卢梭（人名）〈名〉
متهوّر			[mutahawwir] 愚勇的；有勇无谋的〈形〉
الحاسب			[ālḥāsb] 计算机；计算者〈名〉
شدّ			[shadda] 拉紧；收紧；加强〈动〉
التّهديدات			[āltthdydāt] 威胁；恐吓〈名〉
دوروثي			[Dūrūthī] 桃乐茜〈名〉
تقدمّي			[taqaddumī] 进步的；前进的〈形〉
حِصار			[ḥiṣār] 围困；围攻〈名〉
قائم			[qā’im] 存在的；直立的；现行的〈形〉
بصري			[baṣarī] 视觉的；视力的；光学的〈形〉
اتّفق			[āttfq] 同意；商定；达成一致〈动〉
وصلة			[wṣlah] 连接；环节；组曲〈名〉
الكلاسيكية			[ālklāsykyah] 古典主义；古典风格；古典崇拜〈名〉
المصارعة			[ālmṣār‘ah] 摔跤〈名〉
الإجتماعي			[āl’ijtmā‘y] 社会的；社交的〈形〉
الوحشيّة			[ālwḥshyyah] 如兽；粗野；残酷〈名〉
غلام			[ghlām] 男孩；少年；仆人〈名〉
الطاعون			[ālṭā‘wn] 瘟疫；天罚；麻烦〈名〉
قذف			[qadhf] 扔；摇荡；摇匀〈名〉
القرون			[ālqrwn] 角；世纪〈名〉
الإصابات			[āl’iṣābāt] 受伤；伤害〈名〉
الغيوم			[ālghywm] 云彩；白云〈名〉
الفنّان			[ālfnnān] 艺术家；画家〈名〉
أقصر			[’aqṣr] 更短的；较短的；更简洁的〈形〉
القاع			[ālqā‘] 底部；海底；谷底〈名〉
الاستيلاء			[ālāstylā’] 夺取；侵占；并吞〈名〉
القيصر			[ālqyṣr] 沙皇〈名〉
يميل			[yamīlu] 倾斜；倾向；偏向〈动〉
استعارة			[āst‘ārah] 隐喻〈名〉
الوصفة			[ālwṣfah] 处方；食谱；药方〈名〉
إسبانيا			[’isbānyā] 西班牙〈名〉
الصّقر			[ālṣṣqr] 猎鹰；隼〈名〉
البدين			[ālbdyn] 胖子；肥胖的人〈名〉
الباليه			[ālbālyh] 芭蕾舞；芭蕾舞剧；芭蕾舞团〈名〉
المحادثات			[ālmḥādthāt] 交谈；交往；谈话技巧〈名〉
السجادة			[ālsjādah] 地毯；地毯状物；铺以地毯〈名〉
راندل			[rāndl] 兰德尔〈名〉
سافر			[sāfr] 旅行；出远门〈动〉
الجينات			[āljynāt] 基因〈名〉
شبكات			[shbkāt] 网络；网；网状物〈名〉
الإختبارات			[āl’ikhtbārāt] 考试；测验〈名〉
فينيسا			[fynysā] 瓦内萨〈名〉
الديناصورات			[āldynāṣwrāt] 恐龙；守旧落伍的人；过时落后的东西〈名〉
الزائدة			[ālzā’idah] 阑尾；附属物；多余之物〈名〉
مغرّم			[mughram] 热恋的；迷恋…的〈形〉
الياباني			[ālyābāny] 日本人；日语〈名〉
كمن			[kaman] 如同；好像；宛如〈连〉
الزراعة			[ālzrā‘ah] 农业；农学；农艺〈名〉
اللّهب			[āllahb] 火焰；烈焰；光辉〈名〉
الترفيه			[āltrfyh] 娱乐；款待；娱乐表演〈名〉
سبعون			[sab‘ūn] 七十；七十个〈名〉
القطن			[ālqṭn] 棉；棉线；棉织物〈名〉
محلول			[maḥlūl] 溶液；溶解了的〈名〉
الدّعاية			[āld‘āyah] 广告；宣传；招揽〈名〉
منعش			[mun‘ish] 新鲜的；凉爽的；爽快的〈形〉
كلّف			[kallafa] 分配；指派；使承担〈动〉
رتّب			[rattaba] 整理；排列；安排妥当〈动〉
الوحل			[ālwḥl] 烂泥；泥泞；淤泥〈名〉
الكوابيس			[ālkwābys] 噩梦；可怕的事情；无法摆脱的恐惧〈名〉
السلمون			[ālslmwn] 鲑鱼；大马哈鱼〈名〉
الحلفاء			[ālḥlfā’] 协约国；同盟国〈名〉
الحانات			[ālḥānāt] 酒馆；酒吧〈名〉
أحل			[’aḥl] 使合法；解决；解除〈动〉
المسح			[ālmsḥ] 涂油礼〈名〉
الشوكولاتة			[ālshwkwlātah] 巧克力糖〈名〉
العينة			[āl‘ynah] 样本；样品；标本〈名〉
الأجانب			[āl’ajānb] 外国人；外侨；局外人〈名〉
يسجّل			[yusajjilu] 记录；登记；注册〈动〉
الحقول			[ālḥqwl] 域；字段；场设置〈名〉
برّئ			[brr’i] 无辜的；清白的；无罪的〈形〉
المجيئ			[ālmjy’i] 到来〈名〉
تفاعل			[tfā‘l] 相互作用；反应；互相影响〈名〉
الأجواء			[āl’ajwā’] 周围环境；气氛〈名〉
التّوجيه			[ālttwjyh] 指导；导向〈名〉
السواحل			[ālswāḥl] 海岸；海滨〈名〉
كاسبر			[kāsbr] 卡斯珀〈名〉
التجمع			[āltjm‘] 集合；聚集；集会〈名〉
الأوكسجين			[āl’awksjyn] 氧〈名〉
العناوين			[āl‘nāwyn] 标题；地址〈名〉
البوب			[ālbwb] 流行音乐〈名〉
سينثيا			[synthyā] 辛西娅〈名〉
جليدي			[jalīdī] 冰的；冰川的〈形〉
المصابيح			[ālmṣābyḥ] 灯；灯具〈名〉
الحماقة			[ālḥmāqah] 荒谬；谬论；荒谬的言行〈名〉
يستسلم			[yastaslimu] 投降〈动〉
المعجزة			[ālm‘jzah] 奇迹；奇事〈名〉
ميني			[mīnī] 迷你〈名〉
المدّ			[ālmdd] 潮汐〈名〉
والش			[wālsh] 沃尔什〈名〉
الأداة			[āl’adāah] 工具；器具〈名〉
التعايش			[ālt‘āysh] 同时共存；和平共处〈名〉
تعايش			[t‘āysh] 共存〈名〉
القبّعات			[ālqbb‘āt] 帽子〈名〉
رضّ			[raḍḍ] 捣碎；碾碎〈名〉
كاميلوت			[kāmylwt] 卡米洛特〈名〉
دافن			[dāfn] 瑞香；达芙妮〈名〉
يحوّل			[yuḥawwil] 转换；转变〈动〉
الضّفدع			[ālḍḍfd‘] 青蛙〈名〉
الحضارة			[ālḥḍārah] 文明；教化；文化〈名〉
متبادل			[mtbādl] 相互的；互惠的〈形〉
الشراء			[ālshrā’] 购买；购买品〈名〉
أعزب			[’a‘zb] 未婚的；单身的〈形〉
الدّقّة			[ālddqqah] 正确度〈名〉
يغفر			[yaghfiru] 赦免；宽恕〈动〉
مولود			[mawlūd] 新生儿；出生的〈名〉
بانتظار			[bāntẓār] 等待；等候〈介〉
ريغان			[ryghān] 里根〈名〉
أندريه			[’andryh] 安德烈〈名〉
الإعتداء			[āl’i‘tdā’] 攻击；侵犯〈名〉
الزبون			[ālzbwn] 消费者；顾客〈名〉
الإغلاق			[āl’ighlāq] 停业；倒闭；结束〈名〉
المهندس			[ālmhnds] 工程师；工兵；设计〈名〉
ادّعاء			[ādd‘ā’] 声称；主张；假装〈名〉
بكثرة			[bkthrah] 大量地；频繁地〈副〉
سيرا			[syrā] 步行；行走〈名〉
الثقافة			[ālthqāfah] 文化；修养；耕种〈名〉
الحرف			[ālḥrf] 字母；字符〈名〉
مغطاة			[mghṭāah] 有篷的；被遮盖的〈形〉
الشّارة			[ālshārah] 徽章；标记〈名〉
المغسلة			[ālmghslah] 洗衣店；洗衣机；盥洗槽〈名〉
التّقبيل			[ālttqbyl] 接吻；亲吻〈名〉
متعدد			[muta‘addid] 多样的；多种的；多重的〈形〉
كانساس			[kānsās] 堪萨斯（美国州名）〈名〉
الحرج			[ālḥrj] 羞愧；害臊〈名〉
المتحدث			[ālmtḥdth] 发言者；演讲者；说话者〈名〉
خفّض			[khaffaḍa] 使降低；使降级〈动〉
الأحجار			[āl’aḥjār] 石头；宝石〈名〉
جلس			[jalasa] 坐；就座〈动〉
البصل			[ālbṣl] 洋葱〈名〉
عاقل			[‘āql] 理智的；明智的；清醒的〈形〉
تحفّظ			[taḥaffuẓ] 保留（意见）；谨慎；持保留态度〈名〉
يسلّي			[yusallī] 使人发笑；逗乐；使消遣〈动〉
المتابعة			[ālmtāb‘ah] 跟进；继续关注；跟踪报道〈名〉
الهاوية			[ālhāwyah] 深渊；深邃；地狱〈名〉
متبرّع			[mutabarri‘] 捐赠者；捐助人〈名〉
الحبيبة			[ālḥbybah] 心爱的人；爱人；宝贝〈名〉
مدريد			[Madrīd] 马德里〈名〉
الخبير			[ālkhbyr] 专家；行家；能手〈名〉
مثلّج			[muthallaj] 冰冻的；结冰的；冰凉的〈形〉
الحدائق			[ālḥdā’iq] 花园〈名〉
كئيب			[k’iyb] 阴郁的；凄凉的；萧瑟的〈形〉
إيلا			[’iylā] 艾拉〈名〉
تسعون			[tis‘ūn] 九十；九十个〈数〉
فيلا			[fylā] 别墅；花园住宅〈名〉
الشهور			[ālshhwr] 月份〈名〉
بيدرو			[bīdrū] 彼得罗（人名）〈名〉
عطش			[‘aṭash] 渴；渴感；长期的干渴〈名〉
الأمتعة			[āl’amt‘ah] 行李〈名〉
المفاوضات			[ālmfāwḍāt] 磋商；谈判〈名〉
أمضى			[’amḍā] 度过；消磨（时间）〈动〉
برويّة			[brwyyah] 经过考虑地；故意地〈副〉
التحميل			[āltḥmyl] 装载；加载；上传〈名〉
الجمع			[āljm‘] 收集；集合；加法；复数〈名〉
يخدم			[yakhdim] 服务；为…服务；有用〈动〉
الخبراء			[ālkhbrā’] 专家；能手〈名〉
كثيف			[kathīf] 浓密的；稠密的；密集的〈形〉
بغداد			[bghdād] 巴格达〈名〉
نخاع			[nkhā‘] 髓；骨髓；精华〈名〉
ينبض			[yanbiḍu] 跳动；搏动〈动〉
إستمتع			[’istmt‘] 享受；享有（…的乐趣）〈动〉
مدمّر			[mudammir] 毁灭性的；破坏性的〈形〉
بأذى			[b’adhā] 伤害地；有害地〈名〉
يتراجع			[ytrāj‘] 退回；后退；改变主意〈动〉
در			[durr] 珍珠〈名〉
شيل			[shīl] 负载；货物〈名〉
العقود			[āl‘qwd] 契约；婚约；契约法〈名〉
الأطعمة			[āl’aṭ‘mah] 食物；食品〈名〉
العملات			[āl‘mlāt] 通货；货币；流通〈名〉
هرم			[haram] 金字塔〈名〉
الموقد			[ālmwqd] 炉子；炉灶〈名〉
عدوانيّة			[‘dwānyyah] 侵略性；攻击性〈名〉
داكوتا			[dākwtā] 达科他〈名〉
التّمويل			[ālttmwyl] 提供资金〈名〉
زحف			[zaḥf] 爬行；匍匐前进；进军〈名〉
تذكاري			[tdhkāry] 纪念的；备忘的〈形〉
العقوبة			[āl‘qwbah] 惩罚；刑罚〈名〉
كيري			[kīrī] 凯里（人名）〈名〉
التسجيلات			[āltsjylāt] 录音；录像；登记〈名〉
غايل			[ghāyl] 盖尔〈名〉
خبيث			[khabīth] 有恶意的；恶性的；有害的〈形〉
محمّص			[muḥammaṣ] 烤的；烘焙的〈形〉
الأرانب			[āl’arānb] 兔子〈名〉
المستنقع			[ālmstnq‘] 沼泽；泥潭〈名〉
عنقي			[‘unaqī] 颈的；子宫颈的〈形〉
الطبول			[ālṭbwl] 鼓；鼓声〈名〉
الخنجر			[ālkhnjr] 匕首；短剑〈名〉
السجون			[ālsjwn] 监狱〈名〉
يستعدّ			[yasta‘iddu] 准备；预备〈动〉
الجاسوس			[āljāsws] 间谍；密探〈名〉
الزوجيّة			[ālzwjyyah] 婚姻状况；婚姻；有关婚姻之事〈名〉
جبّار			[jbbār] 强有力的；强盛的；有权力的〈形〉
تنحّى			[tnḥḥā] 退位；让位；放弃〈动〉
الدراسات			[āldrāsāt] 研究；学业；论著〈名〉
المصل			[ālmṣl] 浆液；血清；乳清〈名〉
الطلق			[ālṭlq] 滑石；云母〈名〉
النّادلة			[ālnnādlah] 酒吧女侍；酒吧女招待〈名〉
غول			[ghūl] 食尸鬼；饿鬼；盗墓者〈名〉
التّهوية			[āltthwyah] 通风；换气〈名〉
الوصية			[ālwṣyah] 遗嘱；嘱咐；戒律〈名〉
ميتشيل			[mītshīl] 米切尔〈名〉
يرتكب			[yartakibu] 犯（罪、错误）〈动〉
هارلي			[hārly] 哈雷〈名〉
الرعد			[ālr‘d] 雷声；隆隆的响声；打雷〈名〉
الثنائي			[ālthnā’iy] 二重唱〈名〉
هيتي			[hītī] 海蒂〈名〉
آيفي			[’āyfy] 常春藤；常春藤盟校〈名〉
أسمى			[’asmā] 更高的；最高的〈形〉
الإحداثيات			[āl’iḥdāthyāt] 坐标〈名〉
الصغرى			[ālṣghrā] 较小的；次要的〈形〉
ناقل			[nāql] 载体；传播者；传送装置〈名〉
مختصر			[mukhtaṣar] 摘要；概要；简明的〈形〉
مدلّل			[mudallal] 娇惯的；受宠的〈形〉
رولاند			[rwlānd] 罗兰〈名〉
أشير			[’ashyr] 打手势；示意〈动〉
ترودي			[Trūdī] 特鲁迪〈名〉
الإقتراب			[āl’iqtrāb] 接近；临近〈名〉
الفكر			[ālfkr] 思想；思维；头脑〈名〉
متدرّب			[mutadarrib] 学徒；初学者；见习生〈名〉
ستالين			[stālyn] 斯大林〈名〉
القنّاص			[ālqnnāṣ] 狙击兵〈名〉
متشرّد			[mutasharrid] 流浪的；流浪汉〈形〉
يطارد			[yṭārd] 追逐；追捕〈动〉
مثلّث			[muthallath] 三角形〈名〉
جشع			[jasha‘] 贪婪；贪心；贪食〈名〉
رباعي			[rbā‘y] 四重奏；四人一组；四边形〈名〉
الاجتماعات			[ālājtmā‘āt] 会议；集会〈名〉
السفاح			[ālsfāḥ] 凶手；谋杀者；杀人的〈名〉
صافي			[ṣāfy] 净的；纯的；清澈的〈名〉
المرشّح			[ālmrshḥ] 候选人；投考者；候选〈名〉
سيطر			[sayṭara] 控制；支配；统治〈动〉
الإحباط			[āl’iḥbāṭ] 挫折；沮丧；失望〈名〉
البلهاء			[ālblhā’] 低能者；傻瓜〈名〉
دورا			[dwrā] 多拉（人名）〈名〉
ينضمّ			[yanḍammu] 加入；参加；并入〈动〉
الدّقيق			[ālddqyq] 面粉〈名〉；精确的〈形〉
الذّيل			[āldhdhyl] 尾巴；尾部〈名〉
ثانوي			[thānwy] 次要的；中等的；副的〈形〉
تنافس			[tnāfs] 竞争；对抗〈名〉
إيران			[’iyrān] 伊朗〈名〉
البخار			[ālbkhār] 蒸汽；水汽〈名〉
التّقييم			[ālttqyym] 评价；估价；评估〈名〉
أرخص			[’arkhṣ] 最便宜的〈形〉
الرسومات			[ālrswmāt] 图画；图纸；费用〈名〉
إيزابيلا			[’iyzābylā] 伊莎贝拉〈名〉
لوبيز			[Lūbīz] 洛佩斯〈名〉
بألم			[b’alm] 痛苦地；疼痛地〈副〉
لوكهارت			[lwkhārt] 洛克哈特〈名〉
موراي			[mwrāy] 默里；墨累河〈名〉
مارلو			[mārlw] 马洛〈名〉
مخالف			[mkhālf] 不符合的；有差异的；矛盾的〈形〉
مقيّم			[muqayyim] 评估者；估价人〈名〉
الفئة			[ālf’iah] 类别；阶层；群体〈名〉
بيجي			[bījī] 佩吉〈名〉
ثلّث			[thulth] 三等分；分成三部分〈名〉
راجع			[rāj‘] 复查；审阅；回顾〈名〉
الكفالة			[ālkfālah] 保释；担保〈名〉
بارز			[bārz] 卓越的；显著的〈形〉
التدمير			[āltdmyr] 摧毁；毁灭〈名〉
الإناث			[āl’ināth] 雌性动物；女人〈名〉
ريتشموند			[rītshmūnd] 里士满〈名〉
الثلاثي			[ālthlāthy] 三重唱〈名〉
الفطر			[ālfṭr] 蘑菇；开斋饭〈名〉
العواصف			[āl‘wāṣf] 暴雨；倾盆大雨〈名〉
المانع			[ālmān‘] 阻止者；障碍；妨碍物〈名〉
الخيوط			[ālkhywṭ] 线；丝线〈名〉
المحترمون			[ālmḥtrmwn] 先生；绅士〈名〉
العواطف			[āl‘wāṭf] 情绪；情感〈名〉
الشريحة			[ālshryḥah] 薄片；芯片；幻灯片〈名〉
مود			[mūd] 心情；情绪〈名〉
المورفين			[ālmwrfyn] 吗啡〈名〉
العقرب			[āl‘qrb] 蝎子；天蝎座；天蝎宫〈名〉
مدبّر			[mudabbir] 预谋的；蓄意的〈形〉
القادر			[ālqādr] 能干的；能够的〈形〉
صوف			[ṣūf] 羊毛〈名〉
لساني			[lsāny] 舌的；舌音的；语言的〈形〉
بيطري			[bayṭarī] 兽医的〈形〉
دمج			[damaja] 合并；融合〈动〉
ماكر			[mākr] 狡猾的；诡计多端的〈形〉
مخلّل			[mukhallal] 盐渍的；腌制的；烂醉如泥的〈形〉
الكدمات			[ālkdmāt] 瘀伤；伤痕；擦伤〈名〉
مضاعف			[mḍā‘f] 加倍的〈形〉
يغرق			[yaghriqu] 淹没；溺死；浸透〈动〉
قطّر			[qaṭṭara] 蒸馏；滴下〈动〉
يكسب			[yaksibu] 赚得；挣钱；获得〈动〉
تذمّر			[tadhammara] 抱怨；发牢骚〈动〉
مناظر			[mnāẓr] 景色；风景；景象〈名〉
إستعدّ			[’ist‘dd] 准备；筹备；使在思想上有准备〈动〉
إطلاقاً			[’iṭlāqāan] 完全地；绝对地；确确实实地〈副〉
تشاو			[tshāw] 钞〈名〉
هالي			[hāly] 哈雷〈名〉
جيرارد			[jyrārd] 杰勒德〈名〉
حرفي			[ḥarfī] 逐字的；字面上的；文字的〈形〉
كذّاب			[kdhdhāb] 说谎的人；撒谎者〈名〉
فضي			[fiḍī] 像银的；银色的；银铃一般的〈形〉
زيّن			[zayyana] 装饰；美化；打扮〈动〉
ملفوف			[malfūf] 卷起的；缠绕的；包裹的〈形〉
التوابل			[āltwābl] 调味品〈名〉
العمق			[āl‘mq] 深度；深处；深奥〈名〉
الثلوج			[ālthlwj] 雪；积雪〈名〉
الذّباب			[āldhbāb] 苍蝇〈名〉
التابوت			[āltābwt] 棺材；灵柩〈名〉
مفترس			[mufarris] 掠食者；食肉动物；凶残的〈名〉
الأدوار			[āl’adwār] 角色；轮次；阶段〈名〉
يلتقي			[yaltaqī] 相遇；会合；会见〈动〉
نيكسون			[nīksūn] 尼克松〈名〉
بإحكام			[b’iḥkām] 紧紧地；牢固地〈副〉
الشرح			[ālshrḥ] 论述；详细讲解〈名〉
الضمان			[ālḍmān] 担保；保证；保修〈名〉
المعالج			[ālm‘ālj] 治疗者；处理器〈名〉
رامي			[rāmy] 射手；狙击兵；神射手〈名〉
بنظام			[bnẓām] 有秩序地；系统地〈副〉
المركزة			[ālmrkzah] 集中；中央集权化；集中式〈名〉
بشرف			[bisharaf] 光荣地；体面地〈副〉
أسبق			[’asbq] 更早的；最早的；先前的〈形〉
البيضة			[ālbyḍah] 蛋；鸡蛋；卵〈名〉
الجواسيس			[āljwāsys] 间谍；密探〈名〉
خجول			[khajūl] 害羞的；腼腆的〈形〉
البلاستيك			[ālblāstyk] 塑料〈名〉
هدِّئ			[hddi’i] 抚慰；缓解；平息〈名〉
نظّف			[naẓẓafa] 打扫；清洗；使清洁〈动〉
سوريا			[swryā] 叙利亚〈名〉
الفقير			[ālfqyr] 穷人；贫民〈名〉
النّميمة			[ālnnmymah] 搬弄是非；背后说人坏话〈名〉
الزوجات			[ālzwjāt] 妻子们；众妻〈名〉
الين			[ālyn] 日元〈名〉
اللّجوء			[āllljw’] 避难；庇护；寻求庇护〈名〉
حقّق			[ḥaqqaqa] 实现；落实；查证〈动〉
خفّت			[khaffat] 减轻；变轻；减弱〈动〉
الجرذان			[āljrdhān] 老鼠；鼠类〈名〉
ألحق			[’alḥaqa] 附加；使隶属；附上〈动〉
الجبناء			[āljbnā’] 胆小鬼们；懦夫们〈名〉
أنكر			[’ankara] 否认；不承认〈动〉
محاصر			[muḥāṣar] 被围困的；被包围的〈形〉
منتظم			[muntẓim] 有组织的；有条理的；定期的〈形〉
الأنثى			[āl’anthā] 女性；女人；雌性动物〈名〉
جيلي			[jaylī] 世代的；一代的；代与代之间的〈形〉
الأساطير			[āl’asāṭyr] 神话；传说〈名〉
الخِفية			[ālkhifyah] 隐匿性〈名〉
الكتلة			[ālktlah] 大团；大块；成块的〈名〉
الإجراء			[āl’ijrā’] 程序；步骤；措施〈名〉
أصمّ			[’aṣmm] 聋的；耳聋的〈形〉
محكوم			[maḥkwm] 被统治者；被判刑者〈名〉
اجراءات			[ājrā’āt] 措施；程序〈名〉
الهائل			[ālhā’il] 巨大的；庞大的〈形〉
الجمعيّة			[āljm‘yyah] 协会〈名〉
يُوفّر			[yuwaffir] 提供；供应；节省〈动〉
التّرقية			[ālttrqyah] 晋升；升级〈名〉
النّعيم			[ālnn‘ym] 福佑；天赐的福；乐园的幸福〈名〉
التعاطف			[ālt‘āṭf] 同情；怜悯；共鸣〈名〉
النكات			[ālnkāt] 笑话〈名〉
منطقيا			[mnṭqyā] 逻辑上；合乎逻辑地〈副〉
الفزع			[ālfz‘] 惊恐；恐慌〈名〉
الثقوب			[ālthqwb] 眼孔；孔眼；小孔〈名〉
الأعذار			[āl’a‘dhār] 理由；借口；歉意〈名〉
التقاليد			[āltqālyd] 传统；惯例〈名〉
البائس			[ālbā’is] 可怜的人；卑鄙的人；家伙〈名〉
يشرّح			[yusharriḥu] 解剖；仔细分析；详细讲解〈动〉
الخزي			[ālkhzy] 羞耻；惭愧〈名〉
الزائد			[ālzā’id] 多余的；附加的；过剩的〈形〉
أوف			[’awf] 法语国家大学协会〈名〉
حاسم			[ḥāsm] 决定性的；关键的；果断的〈形〉
يبعث			[yab'athu] 发出；派出；使复活〈动〉
الرّابط			[ālrrābṭ] 连接者；链接；纽带〈名〉
رئوي			[r’iwy] 肺的；与肺有关的〈形〉
الكابوس			[ālkābws] 噩梦；梦魇；沉重的负担〈名〉
الخيمة			[ālkhymah] 帐篷；大帐篷；遮篷〈名〉
الرواية			[ālrwāyah] 小说；叙述；长篇故事〈名〉
الثعابين			[ālth‘ābyn] 蛇（ثعبان的复数）〈名〉
الفقرة			[ālfqrah] 段落；节目；一项〈名〉
الصّفات			[ālṣṣfāt] 属性；特征；品质（صفة的复数）〈名〉
مفرط			[mufriṭ] 过度的；奢侈的；挥霍无度的〈形〉
يقظة			[yqẓah] 留心；警觉〈名〉
الفرامل			[ālfrāml] 刹车系统；制动；刹车〈名〉
يصيب			[yaṣību] 击中；降临到头上；感染〈动〉
كاليب			[kālyb] 迦勒；卡莱布；“天狗”发射装置〈名〉
المسدسات			[ālmsdsāt] 手枪〈名〉
بولندا			[bwlndā] 波兰〈名〉
سولي			[sūlī] 索利〈名〉
أعجبت			[’a‘jbt] 使钦佩；使喜爱；喜欢〈动〉
الاقتصاد			[ālāqtṣād] 经济；节约；节俭〈名〉
الإعصار			[āl’i‘ṣār] 龙卷风；暴风；旋流器〈名〉
القسيس			[ālqsys] 牧师〈名〉
المطلّق			[ālmṭllq] 离婚者〈名〉
القامة			[ālqāmah] 身材；身高；体格〈名〉
الخامّ			[ālkhāmm] 天然的；未成熟的；粗糙的〈形〉
الأفراد			[āl’afrād] 个人；个体〈名〉
نيزك			[nīzik] 陨石；流星〈名〉
الشلل			[ālshll] 麻痹；停顿；瘫痪〈名〉
الحرير			[ālḥryr] 丝；绸；缎子类〈名〉
الإلتزام			[āl’iltzām] 义务；承诺；恪守〈名〉
الفدية			[ālfdyah] 赎金；赎身；赎回〈名〉
مجفّف			[mujaffif] 干燥机；脱水机；使干燥的〈名〉
الثمالة			[ālthmālah] 宿醉；昏沉；恍惚〈名〉
المهبل			[ālmhbl] 阴道；鞘；叶鞘〈名〉
مكعّب			[muka‘‘ab] 立方体的；立方的〈形〉
المصوّر			[ālmṣwwr] 照相师；摄影师〈名〉
حقد			[ḥiqd] 恶意；蓄意害人；怨恨〈名〉
الأيتام			[āl’aytām] 孤儿〈名〉
بتحديد			[bi-taḥdīd] 确切地；具体地；即〈副〉
النعناع			[āln‘nā‘] 薄荷；铸币厂；薄荷糖〈名〉
تائه			[tā’ih] 迷失的；流浪的；茫然的〈名〉
الإدمان			[āl’idmān] 成瘾；毒瘾；沉溺〈名〉
الكاردينال			[ālkārdynāl] 红衣主教；鲜红色〈名〉；主要的〈形〉
السّروال			[ālssrwāl] 长裤；裤子〈名〉
إعترف			[’i‘trf] 承认；坦白；忏悔〈动〉
الأقزام			[āl’aqzām] 矮子；侏儒〈名〉
البهجة			[ālbhjah] 喜悦；快乐〈名〉
العاطفي			[āl‘āṭfy] 情感的；感伤的〈形〉
المكتوب			[ālmktwb] 书写；著作；笔迹〈名〉
مشبّك			[mushabbak] 花边；钩针织物〈名〉
الكهنة			[ālkhnah] 祭司；神职人员〈名〉
الرهن			[ālrhn] 抵押〈名〉
الدورية			[āldwryah] 期刊；定期性；周期性〈名〉
النية			[ālnyah] 意图；诚意；心意〈名〉
الثّيران			[ālthyrān] 公牛；公牛队〈名〉
محجوز			[maḥjūz] 被预订的；被扣押的〈形〉
الفرد			[ālfrd] 人；个人；个体〈名〉
المؤن			[ālm’un] 食物；饮料；食品〈名〉
الباحث			[ālbāḥth] 研究者；研究员〈名〉
شيوعي			[shuyū‘ī] 共产主义的；共产主义者的〈名〉
سيليا			[sylyā] 西莉亚〈名〉
إترك			[’itrk] 割让；让与；放弃〈动〉
الفاسد			[ālfāsd] 腐烂的；腐败的；堕落的〈形〉
إلينور			[’ilynwr] 埃莉诺〈名〉
كندي			[kanadī] 加拿大的；加拿大人〈形〉
الأسعار			[āl’as‘ār] 价格〈名〉
الأمريكيّون			[āl’amrykyywn] 美国人〈名〉
نما			[nmā] 发芽；生长；迅速发展〈动〉
كيرت			[kīrt] 库尔特〈名〉
فلويد			[Flūyd] 弗洛伊德〈名〉
ينخفض			[yankhafiḍu] 下降；降低〈动〉
مايرز			[māyrz] 迈尔斯〈名〉
التعرّي			[ālt‘rry] 裸露；赤裸；剥光〈名〉
الدّيدان			[ālddydān] 蠕虫〈名〉
الحشود			[ālḥshwd] 人群；部队；集结〈名〉
الشّعلة			[ālsh‘lah] 火焰；火炬〈名〉
الجماع			[āljmā‘] 连结；交配；交尾〈名〉
بيرو			[bīrū] 秘鲁〈名〉
رديء			[radī’] 劣质的；糟糕的；差的〈形〉
الغراب			[ālghrāb] 乌鸦〈名〉
أرثر			[’arthr] 亚瑟；亚瑟王〈名〉
بوذا			[bwdhā] 佛陀〈名〉
الحمّامات			[ālḥmmāmāt] 公共澡堂；公共游泳池；沐浴〈名〉
قاس			[qās] 严厉的；严酷的；苛刻的〈形〉
مستقلّ			[mustaqill] 独立的；自治的；自主的〈形〉
مخنّث			[mukhannath] 雌雄同体的；两性畸形的〈形〉
احترق			[āḥtrq] 燃烧；烧着；烧毁〈动〉
هيّب			[hayyaba] 使畏惧；威慑〈动〉
أرنولد			[’arnwld] 阿诺德〈名〉
صارم			[ṣārm] 严厉的；激烈的；锋利的〈形〉
الغوص			[ālghwṣ] 潜水；跳水〈名〉
الإشاعات			[āl’ishā‘āt] 传闻；风闻；谣言〈名〉
سكني			[sakanī] 住宅的；与居住有关的〈形〉
الممرّات			[ālmmrrāt] 过道；通道〈名〉
فيلي			[fīlī] 象的；巨大的；粗笨的〈形〉
فرو			[farw] 毛皮〈名〉
الفضلات			[ālfḍlāt] 排泄物；废物；残渣〈名〉
الدوائر			[āldwā’ir] 环路；巡回；电路〈名〉
فلّ			[falla] 驱除虱子〈动〉
المعادلة			[ālm‘ādlah] 方程式；等式；相等〈名〉
المناشف			[ālmnāshf] 毛巾；手巾；纸巾〈名〉
الإضاءة			[āl’iḍā’ah] 光；照明；灯光〈名〉
مبرّر			[mubarrar] 有正当理由的；可辩护的；理由〈名〉
المستقبلي			[ālmstqbly] 未来的；将来时的；未来主义的〈形〉
الإرتياح			[āl’irtyāḥ] 舒适；安心；宽慰〈名〉
الدّروع			[ālddrw‘] 盔甲；护甲；盾牌〈名〉
البوق			[ālbwq] 喇叭；号角〈名〉
منصّف			[munaṣṣif] 中点；中位数；居中者〈名〉
كو			[kū] 说〈动〉
التغذية			[āltghdhyah] 营养；喂养；补给〈名〉
السعال			[āls‘āl] 咳嗽〈名〉
الأرملة			[āl’armlah] 寡妇；遗孀〈名〉
آيريس			[’āyrys] 虹膜；鸢尾属植物；虹〈名〉
أغنى			[’aghnā] 富裕的；最富的〈形〉
إسأل			[’is’al] 问；询问〈动〉
يسوء			[yasū’u] 变坏；恶化〈动〉
انهار			[ānhār] 河流〈名〉
يدافع			[ydāf‘] 辩护；保卫；防守〈动〉
جانج			[jānj] 荣格〈名〉
جوليت			[Jūlīt] 朱丽叶〈名〉
الخسائر			[ālkhsā’ir] 损失；损耗〈名〉
مسرحيّ			[masraḥiyy] 戏剧的；戏剧性的；夸张的〈形〉
فيرنون			[fīrnūn] 弗农〈名〉
تنازل			[tnāzl] 放弃；让与；割让〈名〉
الإطراء			[āl’iṭrā’] 恭维；奉承〈名〉
مسروق			[masrūq] 被偷的；赃物〈名〉
المحار			[ālmḥār] 牡蛎；蚝〈名〉
الحواجز			[ālḥwājz] 屏障；障碍物；护栏〈名〉
الصّفقات			[ālṣṣfqāt] 交易；买卖；协议〈名〉
الدنّ			[āldnn] 喧闹声；喧嚣〈名〉
العطر			[āl‘ṭr] 香水；芳香〈名〉
التنهدات			[āltnhdāt] 叹息声〈名〉
البذور			[ālbdhwr] 种子；种子状物；子孙后代〈名〉
والدن			[wāldn] 瓦尔登湖〈名〉
الزيتون			[ālzytwn] 橄榄〈名〉
الخطيئة			[ālkhṭy’iah] 罪过；罪孽；过错〈名〉
الحيل			[ālḥyl] 灵巧；诡计；巧妙办法〈名〉
الكراسيّ			[ālkrāsyy] 椅子〈名〉
رشّ			[rashsh] 喷洒；喷〈名〉
بر			[barr] 陆地；旱地〈名〉
الجدوى			[āljdwā] 用处；可行性；好处〈名〉
طبيعيا			[ṭby‘yā] 自然地；天生地〈副〉
عرضًا			[‘rḍanā] 横向地；横着〈副〉
محاكم			[mḥākm] 法院；法庭〈名〉
أساسًا			[’asāsanā] 基本上；主要地〈副〉
النظافة			[ālnẓāfah] 清洁；干净〈名〉
ثمانون			[thmānwn] 八十；八十个〈数〉
باريت			[bāryt] 巴雷特〈名〉
التعريف			[ālt‘ryf] 定义；界定；说明〈名〉
لوز			[lawz] 杏仁；扁桃〈名〉
متقاعد			[mtqā‘d] 隐退的；退休的；退役的〈形〉
العوالم			[āl‘wālm] 世界；领域〈名〉
المهارة			[ālmhārah] 熟练〈名〉
الكهوف			[ālkhwf] 洞穴〈名〉
المقود			[ālmqwd] 方向盘；操纵杆〈名〉
الجسديّة			[āljsdyyah] 物质性；肉体的存在〈名〉
الجينز			[āljynz] 工装裤；牛仔裤〈名〉
ينقل			[yanqulu] 运送；转移；传递〈动〉
مورين			[mūrīn] 莫林〈名〉
محلّى			[mḥllā] 加糖的；甜的〈形〉
إصعد			[’iṣ‘d] 登上；上升〈动〉
الجرّاح			[āljrrāḥ] 外科医生〈名〉
الإرادة			[āl’irādah] 意志；意志力；决定〈名〉
التّمساح			[ālttmsāḥ] 鳄鱼；鳄鱼皮〈名〉
بطني			[baṭnī] 腹部的；腹面的〈形〉
رفاقي			[rfāqy] 我的伙伴们〈名〉
القبور			[ālqbwr] 坟墓〈名〉
أسواق			[’aswāq] 市场；集市〈名〉
المنتجات			[ālmntjāt] 产品；商品〈名〉
طر			[ṭāra] 乘飞机；飞行〈动〉
ديرك			[dīrk] 短剑；匕首〈名〉
التشخيص			[āltshkhyṣ] 诊断〈名〉
ثبّت			[thabbata] 使固定；使稳固；注视〈动〉
ميسي			[mīsī] 少女；姑娘；小姐〈名〉
المخلّص			[ālmkhllṣ] 救星；救世主；真诚的〈名〉
عربيّ			[‘arabiyy] 阿拉伯的；阿拉伯人的〈形〉
العمالقة			[āl‘mālqah] 巨人；大国；巨头〈名〉
القرض			[ālqrḍ] 贷款；借出；借〈名〉
الظّرف			[ālẓẓrf] 副词；状语；境况〈名〉
لوني			[lawnī] 我的颜色〈名〉
إنس			[’ins] 亲密；人情；人类〈名〉
جراهام			[jrāhām] 格雷厄姆（人名）〈名〉
السكّة			[ālskkah] 轨道；小路；车辙〈名〉
أعجب			[’a‘jb] 赞赏；钦佩〈动〉
العشرينات			[āl‘shrynāt] 二十多岁；二十年代〈名〉
المقطورة			[ālmqṭwrah] 拖车；挂车〈名〉
تجمّد			[tajammud] 结冰；冻结；僵住〈名〉
مربّى			[mrbbā] 果酱〈名〉
مفلس			[muflis] 赤贫的；贫穷的〈形〉
التّدريبات			[ālttdrybāt] 练习；训练〈名〉
الرّضا			[ālrrḍā] 满意；满足；欣慰〈名〉
معارض			[m‘ārḍ] 反对的〈形〉；反对者〈名〉
يفشل			[yafshalu] 不及格；失败；评定不及格〈动〉
مناورة			[mnāwrah] 移动；用策略；操纵〈名〉
يجول			[jāla] 漫游；徘徊；游荡〈动〉
أبسط			[’absṭ] 最简单的；最简明的〈形〉
هَوًى			[hawanā] 爱慕；欲望；嗜好〈名〉
ينظف			[yunaẓẓifu] 洗净；擦净；清洁〈动〉
كوكو			[kūkū] 椰子；椰子树〈名〉
التمييز			[āltmyyz] 区分；辨别；区别对待〈名〉
المعلّمة			[ālm‘llmah] 女教师〈名〉
القريبة			[ālqrybah] 女亲戚〈名〉
مرتزقة			[mrtzqah] 雇佣兵；唯利是图的人〈名〉
الأمسية			[āl’amsyah] 晚会；社交聚会〈名〉
تيلر			[taylar] 泰勒；秘密会所看守人〈名〉
وليامز			[wlyāmz] 威廉姆斯〈名〉
أثينا			[’athynā] 雅典（希腊首都）〈名〉
الجفاف			[āljfāf] 干旱；不毛；乏味〈名〉
الصّدمات			[ālṣṣdmāt] 休克；冲击；震荡〈名〉
المخبأ			[ālmkhb’a] 藏身处；隐蔽所；秘密据点〈名〉
العظماء			[āl‘ẓmā’] 大人物们；伟人；要人〈名〉
المأساة			[ālm’asāah] 悲剧；惨案；悲剧作品〈名〉
تبليغ			[tablīgh] 通知；报告〈名〉
التّحويل			[ālttḥwyl] 转换；转账；改编〈名〉
المقصورة			[ālmqṣwrah] 小卧室；小隔间〈名〉
الشخير			[ālshkhyr] 鼾声；打呼噜〈名〉
التبليغ			[āltblygh] 通知；通告；告示〈名〉
تيموثي			[tīmūthī] 蒂莫西（男子名）〈名〉
بذلّ			[badhall] 低贱的；卑劣的；可怜的〈形〉
يطرح			[yaṭraḥu] 提出；抛出；扔〈动〉
المراقب			[ālmrāqb] 审计官；主计；会计师〈名〉
الحصاد			[ālḥṣād] 收割；收获〈名〉
الكذبة			[ālkdhbah] 谎言；假话〈名〉
الرّاهب			[ālrrāhb] 和尚；僧〈名〉
مشكوك			[mashkūk] 可疑的；不确定的〈形〉
لوسيل			[Lūsīl] 露西尔〈名〉
السلحفاة			[ālslḥfāah] 乌龟；海龟；陆龟〈名〉
فوضويّ			[fawḍawiyy] 混乱的；无政府主义的〈形〉
الإعجاب			[āl’i‘jāb] 赞赏；钦佩；引人赞赏的对象〈名〉
الشّجعان			[ālshj‘ān] 勇士；勇敢的人们〈名〉
الدفء			[āldf’] 温暖；暖和〈名〉
المدفع			[ālmdf‘] 大炮；加农炮〈名〉
دكتوراه			[dktwrāh] 博士学位；博士〈名〉
مفجّر			[mufajjir] 爆炸性的〈形〉；引爆装置〈名〉
الوباء			[ālwbā’] 传染病；流行病〈名〉
مكبّر			[mukabbir] 扩音器；放大器〈名〉
المكسيكي			[ālmksyky] 墨西哥人〈名〉；墨西哥的〈形〉
العناكب			[āl‘nākb] 蜘蛛；网页爬虫〈名〉
العذاب			[āl‘dhāb] 痛苦；折磨〈名〉
الفرس			[ālfrs] 马；波斯〈名〉
القشّ			[ālqsh] 稻草；干草〈名〉
المخططات			[ālmkhṭṭāt] 图表；平面图；计划〈名〉
أسكن			[’askn] 我居住；我住宿〈动〉
الشمل			[ālshml] 全体；家庭；团聚〈名〉
تركيا			[trkyā] 土耳其〈名〉
منقذ			[munqidh] 救援者；救星〈名〉
ارْتفعَ			[ārtf‘a] 上升；升高（过去时）〈动〉
العشرات			[āl‘shrāt] 几十；许多〈名〉
نسائي			[nsā’iy] 妇女的；女用的〈形〉
الصلبة			[ālṣlbah] 巩膜〈名〉
معطّل			[mu‘aṭṭil] 停用的；失灵的〈形〉
يدعم			[yad‘umu] 支持；支援（现在时）〈动〉
المراسم			[ālmrāsm] 典礼；仪式；礼节〈名〉
المأزق			[ālm’azq] 困境；僵局〈名〉
مسبّق			[musabbaq] 预先的；提前的；备好的〈形〉
بيولوجيّ			[bīyūlūjiyy] 生物学的〈形〉
القارة			[ālqārah] 大陆；洲〈名〉
هيك			[hīk] 这样；如此〈副〉
جوليوس			[Jūliyūs] 朱利叶斯〈名〉
القبل			[ālqbl] 以前；之前〈名〉
العبودية			[āl‘bwdyah] 奴隶的身分；奴隶状态；奴隶制度〈名〉
التّخييم			[ālttkhyym] 露营；野营〈名〉
عبودية			[‘bwdyah] 奴役；奴役状态；束缚〈名〉
أتباع			[’atbā‘] 支持者；拥护者；党羽〈名〉
القبة			[ālqbah] 圆顶；穹顶〈名〉
الأظافر			[āl’aẓāfr] 指甲〈名〉
سكّري			[sukkarī] 含糖的；糖一般的；甜的〈形〉
مظاهر			[mẓāhr] 外观；表现；现象〈名〉
أزل			[’azl] 永恒；无始〈名〉
جونسن			[Jūnsin] 约翰逊〈名〉
جيروم			[jīrūm] 杰罗姆〈名〉
زمّ			[zamm] 整洁的；端正的；规规矩矩的〈形〉
الخوخ			[ālkhwkh] 桃子；桃树〈名〉
فيليبس			[fīlībs] 飞利浦；菲利普斯〈名〉
التّعويض			[āltt‘wyḍ] 补偿；赔偿；弥补〈名〉
المؤخّرات			[ālm’ukhkhrāt] 后部；臀部〈名〉
الفقر			[ālfqr] 贫穷；贫困〈名〉
إجلب			[’ijlb] 取得；拿来〈动〉
الثلاثية			[ālthlāthyah] 三部剧；三部曲；三联〈名〉
تحارب			[tḥārb] 互相交战；作战〈动〉
القمصان			[ālqmṣān] 衬衫〈名〉
انقطاع			[ānqṭā‘] 中断；断绝；戒绝〈名〉
السّكاكين			[ālsskākyn] 刀；小刀〈名〉
المصرفيّ			[ālmṣrfyy] 银行家；庄家；银行业者〈名〉
الصديقة			[ālṣdyqah] 女朋友〈名〉
كنتاكي			[kntāky] 肯塔基州〈名〉
الجرو			[āljrw] 小狗；小动物；自负的年轻人〈名〉
متروك			[matrūk] 被抛弃的；恣意放荡的〈形〉
برغبة			[brghbah] 愿意地；怀着欲望地〈副〉
التحذير			[āltḥdhyr] 警告；附加说明〈名〉
مؤسس			[mu’assis] 创始人；创立者；创建者〈名〉
ماريون			[mārywn] 马里恩〈名〉
هزم			[hazama] 击败；战胜〈动〉
ترومان			[trwmān] 杜鲁门〈名〉
الفاتيكان			[ālfātykān] 梵蒂冈；罗马教廷〈名〉
يحسب			[yaḥsibu] 计算；估算；认为〈动〉
يجذب			[jadhaba] 吸引；引起…的好感〈动〉
الجوز			[āljwz] 核桃；胡桃；一对〈名〉
إسحاق			[’isḥāq] 艾萨克；以撒〈名〉
يجتمع			[’ijtama‘a] 聚集；集会；召开〈动〉
الختم			[ālkhtm] 公章；私人印戳；标记〈名〉
مستأجر			[mst’ajr] 承租人；租户〈名〉
البحوث			[ālbḥwth] 研究；研究论文〈名〉
التبغ			[āltbgh] 烟草；香烟〈名〉
دزينة			[dzynah] 打；十二个；一打〈名〉
النبات			[ālnbāt] 植物；作物〈名〉
الثأر			[ālth’ar] 复仇；报仇〈名〉
التمرد			[āltmrd] 拒不服从；反抗权威；不听法院命令〈名〉
الرئاسة			[ālr’iāsah] 主席职位；总统职位；主席团〈名〉
مرتبك			[murtabik] 混乱的；不安的；窘迫的〈形〉
الإستسلام			[āl’istslām] 投降〈名〉
الواقعيّة			[ālwāq‘yyah] 现实主义；现实〈名〉
ليليان			[lylyān] 莉莲〈名〉
المراسٍ			[ālmrāsin] 锚地；码头；停泊处〈名〉
المسمار			[ālmsmār] 钉子；销子；指甲〈名〉
المجاري			[ālmjāry] 水道；沟渠；下水道〈名〉
الأقفال			[āl’aqfāl] 锁；水闸；锁定器〈名〉
فرحة			[frḥah] 愉快；快活〈名〉
الجوانب			[āljwānb] 边；方面；侧面〈名〉
سينمائي			[synmā’iy] 电影的；电影艺术的〈形〉
مغناطيس			[mghnāṭys] 磁铁；磁石；吸引人的东西〈名〉
فاتن			[fātn] 迷人的；妖媚的〈形〉
ادّعى			[ādd‘ā] 声称；主张；冒称〈动〉
الحصّة			[ālḥṣṣah] 份；份额；一节课〈名〉
البطّاريّات			[ālbṭṭāryyāt] 电池〈名〉
المتنزه			[ālmtnzh] 公园；游乐场〈名〉
خاطر			[khāṭr] 心念；念头；心意〈名〉
العضوية			[āl‘ḍwyah] 会员资格〈名〉
الدّولار			[ālddwlār] 美元；元〈名〉
المواجهة			[ālmwājhah] 对抗；面对；对峙〈名〉
التنقل			[āltnql] 移动；迁移；流动〈名〉
طار			[ṭār] 飞（طار 的过去式）〈动〉
الملاحة			[ālmlāḥah] 航行；航海；导航〈名〉
الاستيقاظ			[ālāstyqāẓ] 醒来；觉醒〈名〉
المولّد			[ālmwlld] 发电机；发生器〈名〉
مالون			[mālwn] 马龙〈名〉
الحلق			[ālḥlq] 喉咙；刮脸；剃须〈名〉
كوهين			[kūhīn] 科恩〈名〉
التشفير			[āltshfyr] 加密；编码〈名〉
المربع			[ālmrb‘] 正方形；街区；广场〈名〉
زجاجي			[zjājy] 玻璃的；玻璃似的；玻璃质的〈形〉
مصيبة			[mṣybah] 灾祸；不幸；事故〈名〉
مقيّد			[muqayyad] 受约束的；被束缚的；受限的〈形〉
الإستجواب			[āl’istjwāb] 审问；讯问〈名〉
مرّر			[marrara] 使通过；传递；播放〈动〉
الحامل			[ālḥāmil] 怀孕的；携带者；载体〈名〉
محتوى			[muḥtawā] 内容〈名〉
يروي			[yarwī] 讲述；叙述〈动〉
الممثّلة			[ālmmthlah] 女演员〈名〉
مديري			[mudīrī] 我的经理；我的主管〈名〉
الصّغر			[ālṣighar] 微小；幼小〈名〉
المقابلات			[ālmqāblāt] 接见；采访；面谈〈名〉
صغّر			[ṣaghghar] 使变小；使缩小；使降低〈动〉
باق			[bāq] 剩余的；留存的〈形〉
الفضّية			[ālfiḍḍīyah] 银器；银币；银质奖牌〈名〉
الصّيّاد			[ālṣayyād] 渔夫；猎人〈名〉
ثرثار			[tharthār] 多嘴的人；喋喋不休的人〈名〉
روسل			[rūsal] 拉塞尔〈名〉
المنعطف			[ālmun‘aṭaf] 转弯处；弯道〈名〉
الخطابات			[ālkhiṭābāt] 演讲；讲话〈名〉
الأبناء			[āl’abnā’] 儿子们；子弟〈名〉
الغرام			[ālgharām] 爱；恋情〈名〉
الكوب			[ālkūb] 杯子；一杯的量〈名〉
العجز			[āl‘jz] 无力；无能；残疾〈名〉
فايف			[fāyf] 横笛〈名〉
أمتار			[’amtār] 米；公尺〈名〉
السّهام			[ālsshām] 箭；箭矢〈名〉
الصّفوف			[ālṣufūf] 行列；队伍〈名〉
التسويق			[āltswyq] 行销；买卖；推销〈名〉
المربية			[ālmrbyah] 保姆〈名〉
اللحية			[ālliḥyah] 胡须；络腮胡〈名〉
البرودة			[ālbrwdah] 冷；凉爽；冷静〈名〉
جاهل			[jāhl] 无知的；愚昧的〈形〉
الخياليّة			[ālkhyālyyah] 幻想；想象力〈名〉
الديمقراطية			[āldymqrāṭyah] 民主政治；民主主义；民主〈名〉
مرسل			[mursil] 发送者；寄件人；已发送的〈名〉
الأجر			[āl’ajr] 工资；报酬；租金〈名〉
لاو			[lāw] 老挝；老挝人；老挝语〈名〉
حديثا			[ḥdythā] 近来；最近〈副〉
الزّوايا			[ālzzwāyā] 角度〈名〉
المكاتب			[ālmkātb] 局；办事处；书桌〈名〉
أضخم			[’aḍkhm] 庞大的；巨大的〈形〉
نزف			[nazafa] 流血；出血〈动〉
الغرق			[ālghrq] 淹溺；淹死〈名〉
مغادر			[mghādr] 离开者；出发者〈名〉
اختطف			[’akhtṭf] 诱拐；绑架；劫持〈动〉
باز			[bāz] 鹰；隼〈名〉
يشهد			[yashhadu] 见证；证明；作证〈动〉
التبادل			[āltbādl] 交换；兑换；交流〈名〉
خلسة			[khlsah] 偷偷地；秘密地〈名〉
أنيتا			[’anytā] 安尼塔〈名〉
الهوائيّ			[ālhwā’iyy] 天线；空中的；空气的〈名〉
الموظف			[ālmwẓf] 职员；负责人员；官员〈名〉
متجمّد			[mutajammid] 冻结的；结冰的；冷淡的〈形〉
إحتياطي			[’iḥtyāṭy] 剩余；备用品；备件〈名〉
الوسادة			[ālwsādah] 枕头；靠垫〈名〉
الكتيبة			[ālktybah] 营；军队；集团〈名〉
وهمي			[wahmī] 虚幻的；虚构的〈形〉
الدّعابة			[āldd‘ābah] 离奇古怪；滑稽；幽默〈名〉
الواجهة			[ālwājhah] 房子的正面；前方；临街地〈名〉
النكتة			[ālnktah] 笑话；玩笑；笑柄〈名〉
المسامير			[ālmsāmyr] 钉子；螺钉〈名〉
الخرائط			[ālkhrā’iṭ] 地图；图表〈名〉
توسّع			[tawassa‘a] 扩大；膨胀；详述〈动〉
مرفق			[murfaq] 被附上的；附上；内附〈名〉
المرتفعات			[ālmrtf‘āt] 高度；高地；高处〈名〉
عكسي			[‘aksī] 反向的；逆的〈形〉
يعالج			[y‘ālj] 用药医治；治疗；处理〈动〉
داروين			[dārwyn] 达尔文〈名〉
المتاجر			[ālmtājr] 商店〈名〉
مستعجل			[musta'jil] 匆忙的；急躁的；轻率的〈形〉
لايل			[lāyl] 莱尔〈名〉
يشارك			[yshārk] 参加；参与；分享〈动〉
التدليك			[āltdlyk] 按摩〈名〉
أغلى			[’aghlā] 最昂贵的；代价最高的〈形〉
الضمير			[ālḍmyr] 代词；良心〈名〉
بالمقارنة			[bālmqārnah] 相比之下；比较起来〈副〉
المفاجئة			[ālmfāj’iah] 突然的；意外的〈形〉
الحقن			[ālḥqn] 注射〈名〉
الطرقات			[ālṭrqāt] 道路；公路〈名〉
النعاس			[āln‘ās] 睡意；困倦〈名〉
يدخّن			[yudakhkhanu] 吸烟；抽烟〈动〉
مقتول			[maqtūl] 被杀死的；被屠宰的〈形〉
يرتاح			[yrtāḥ] 休息；感到轻松；放心〈动〉
الحمر			[ālḥmr] 红色；红色的东西〈名〉
حمّر			[ḥammara] 使变红；把…染红〈动〉
المحبّة			[ālmḥbbah] 爱；喜爱；爱慕之情〈名〉
فاتح			[fātḥ] 浅色的；开朗的；开创的〈形〉
مختار			[mkhtār] 被选中的；选定的〈形〉
المختار			[ālmkhtār] 被选中者；当选者〈名〉
الرقاقة			[ālrqāqah] 屑片；薄片；碎片〈名〉
متعمّد			[muta‘ammid] 深思熟虑的；故意的〈形〉
داليا			[dālyā] 迪莉娅〈名〉
الدخل			[āldkhl] 收入〈名〉
المشاة			[ālmshāah] 步兵；步兵团〈名〉
الجذور			[āljdhwr] 根；根源；祖籍〈名〉
موّل			[mawwala] 提供资金；资助〈动〉
الشّمع			[ālshm‘] 蜡；蜡烛〈名〉
إشرب			[’ishrb] 喧闹的酒会或宴会；痛饮；畅饮〈名〉
المنتجع			[ālmntj‘] 度假村；疗养地〈名〉
ويليس			[wīlis] 威利斯〈名〉
ينطلق			[yanṭaliqu] 出发；动身；开始〈动〉
يتعافى			[yt‘āfā] 康复；痊愈〈动〉
المكوّنات			[ālmkwwnāt] 部件；组件；成分〈名〉
يحطّم			[yuḥaṭṭimu] 打碎；摧毁；破坏〈动〉
لادن			[lādn] 装满的；负载的；苦恼的〈形〉
نعومي			[na'ūmī] 内奥米〈名〉
يتخلى			[ytkhlā] 放弃；舍弃；退出〈动〉
تذكار			[tdhkār] 纪念物；令人回忆的东西〈名〉
فيرن			[fīrn] 凡尔纳；威恩〈名〉
اللقاح			[āllqāḥ] 疫苗；牛痘苗〈名〉
حثّي			[ḥaththī] 归纳的；感应的〈形〉
محترق			[muḥtaraq] 烧焦的；燃烧过的〈形〉
تجريبي			[tajribī] 实验的；根据实验的〈形〉
يضمن			[yaḍmanu] 确保；担保；保证获得〈动〉
إستعمل			[’ist‘ml] 使用；利用〈动〉
يحسّن			[yuḥassinu] 改善；改进〈动〉
المناخ			[ālmnākh] 气候；地方；地域〈名〉
الراعي			[ālrā‘y] 牧羊人；赞助人；监护人〈名〉
بولوك			[būlūk] 鳕鱼类〈名〉
الطابور			[ālṭābwr] 队伍；队列；行列〈名〉
أحزمة			[’aḥzmah] 腰带；束腰带〈名〉
الارتفاع			[ālārtfā‘] 高度；海拔；高处〈名〉
يقلل			[qallala] 减少；降低；削减〈动〉
فاني			[fāny] 范妮（女子名）〈名〉
الركبة			[ālrkbah] 膝；膝盖〈名〉
الخوض			[ālkhwḍ] 涉水；深入探讨〈名〉
أوبري			[’awbry] 奥布里〈名〉
منفصل			[munfaṣil] 分开的；分离的；离散的〈形〉
الرمح			[ālrmḥ] 长矛；矛〈名〉
الظنّ			[ālẓnn] 臆测；推断；揣测〈名〉
التطوير			[āltṭwyr] 发展；展开〈名〉
التخيّل			[āltkhyyl] 想像；幻想；做白日梦〈名〉
ويحي			[wayḥay] 哎呀；祸哉（表示警告的叹词）〈叹〉
الألف			[āl’alf] 一千；千；艾利夫（字母名）〈名〉
نظّم			[naẓẓama] 组织；整理；使有条理〈动〉
كلايف			[klāyf] 克莱夫〈名〉
الوفيّات			[ālwfyyāt] 死亡数〈名〉
فريزر			[Frayzar] 弗雷则河；弗雷泽〈名〉
كاميلا			[kāmylā] 卡蜜拉〈名〉
المغفرة			[ālmghfrah] 宽恕；赦免〈名〉
الظّلمة			[ālẓẓlmah] 黝暗；阴沉〈名〉
البائع			[ālbā’i‘] 卖主；售货员；卖方〈名〉
السلبية			[ālslbyah] 否定性；消极性〈名〉
التعقّب			[ālt‘qqb] 跟踪；追踪〈名〉
زهري			[zahrī] 花似的；花的〈形〉
هانيبال			[hānybāl] 汉尼巴尔；汉尼拔〈名〉
بساط			[bsāṭ] 地毯〈名〉
المناقشة			[ālmnāqshah] 讨论；商讨〈名〉
الدستور			[āldstwr] 宪法；章程；法规〈名〉
الإختلاف			[āl’ikhtlāf] 不同；相异；相异点〈名〉
سادي			[sādy] 虐待狂的；残酷成性的〈形〉
الفخذ			[ālfkhdh] 大腿；股〈名〉
العموم			[āl‘mwm] 公众；普遍性；总体〈名〉
الخشبيّة			[ālkhshbyyah] 木制品；木制的东西〈名〉
الرّوبوت			[ālrrwbwt] 机器人；自动机械〈名〉
هارون			[hārwn] 亚伦〈名〉
النوادي			[ālnwādy] 俱乐部；社团〈名〉
يقاوم			[yqāwm] 抵抗；对抗〈动〉
القسوة			[ālqswah] 残忍；残暴；残酷〈名〉
السلع			[ālsl‘] 商品；农产品；有价值的物品〈名〉
محرّر			[muḥarrir] 编辑；撰稿人；编辑器〈名〉
الأمعاء			[āl’am‘ā’] 肠；内脏；内部〈名〉
حذف			[ḥadhf] 删除；省略〈名〉
الإئتمان			[āl’i’itmān] 信用；信任；荣誉〈名〉
موزّع			[muwazzi‘] 分销商；分配者；分配器〈名〉
مضمون			[maḍmūn] 内容；实质；有保证的〈名〉
إدغار			[’idghār] 埃德加〈名〉
الكلى			[ālklā] 肾脏；转炉的附着物；肾形矿脉〈名〉
الروماني			[ālrwmāny] 罗马尼亚人；罗马尼亚语；罗马尼亚的〈名〉
ريني			[rīnī] 蕾妮〈名〉
الأسر			[āl’asr] 捕捉〈名〉
الإخلاء			[āl’ikhlā’] 撤退；疏散；抽空〈名〉
محمي			[maḥmī] 受保护的〈形〉
المجرات			[ālmjrāt] 星系；银河系；一群〈名〉
السبعينات			[ālsab‘īnāt] 七十年代；七十多岁〈名〉
الشامبانيا			[ālshāmbānyā] 香槟酒〈名〉
العمى			[āl‘mā] 盲目；失明；愚昧〈名〉
الأسقف			[āl’asqaf] 主教〈名〉
مزارعين			[muzāri‘īn] 农夫们；农民〈名〉
السعي			[āls‘y] 努力；尽力；竭力〈名〉
الحشرة			[ālḥshrah] 昆虫；卑鄙的人〈名〉
عصّب			[‘aṣṣaba] 使受神经支配；使神经分布于〈动〉
البطريق			[ālbṭryq] 企鹅；空军地勤人员〈名〉
القيم			[ālqym] 对价值的看法；准则；标准〈名〉
الإحراج			[āl’iḥrāj] 困窘；尴尬；局促不安〈名〉
يستدعي			[yastad‘ī] 传唤；召唤；需要〈动〉
الكوميديا			[ālkwmydyā] 喜剧；有趣的事情〈名〉
انسحب			[ānsḥb] 撤退；退出；撤走〈动〉
القضاة			[ālqḍāah] 法官（قاضٍ 的复数）〈名〉
الوردية			[ālwrdyah] 粉红色；轮班；班次〈名〉
منتهي			[muntahī] 结束的；终止的；有结尾的〈形〉
الفأس			[ālf’as] 斧头〈名〉
فريمان			[frymān] 自由民；公民；正会员〈名〉
وراثي			[wrāthy] 遗传的；世袭的〈形〉
نابليون			[nāblywn] 拿破仑〈名〉
موقعي			[mawqi‘ī] 位置的；地位的〈形〉
ريمان			[rymān] 黎曼〈名〉
أنجز			[’anjz] 完成；实现；达成〈动〉
الشعار			[ālsh‘ār] 口号；标语；标志〈名〉
اليهودية			[ālyhwdyah] 犹太教；犹太文明；犹太教信仰〈名〉
المصادفة			[ālmṣādfah] 巧合；偶然；碰巧〈名〉
الجن			[āljn] 精灵；镇尼；神灵〈名〉
الحمولة			[ālḥmwlah] 货物；载重；负载〈名〉
يتدخّل			[yatadakhkhalu] 干预；干涉；插手〈动〉
ادّع			[ādd‘] 宣称；主张；提出〈动〉
الحرق			[ālḥrq] 烧；烧毁；烧伤〈名〉
التّسوية			[ālttswyah] 解决；和解；平整〈名〉
باكو			[bākw] 巴库〈名〉
إنتقل			[’intql] 迁移；搬迁；转移〈动〉
الغزو			[ālghzw] 入侵；征服；侵略〈名〉
كاساندرا			[kāsāndrā] 卡珊德拉；凶事预言家；不为人所信的预言家〈名〉
محاط			[mḥāṭ] 被包围的；四周环绕的〈名〉
الشيخ			[ālshykh] 年长者；老人；前辈〈名〉
المقبض			[ālmqbḍ] 柄；刀把〈名〉
الفستق			[ālfstq] 阿月浑子树；阿月浑子果实；淡草绿色〈名〉
إدفع			[’idf‘] 支付；付出〈动〉
الفاكس			[ālfāks] 传真；发传真；传真系统〈名〉
الراتب			[ālrātb] 薪金；定期生活津贴；薪水〈名〉
معلّق			[mu‘allaq] 中止的；暂时搁置的；悬而未决的〈形〉
المصاب			[ālmṣāb] 受伤者；伤亡人员〈名〉
الخصم			[ālkhṣm] 敌手；对手；对抗物〈名〉
المذبح			[ālmdhbḥ] 圣坛；祭坛〈名〉
إخلاص			[’ikhlāṣ] 真诚；全心全意；虔诚〈名〉
هولندا			[hwlndā] 荷兰〈名〉
إسحب			[’isḥb] 拖；拉；拔出〈动〉
الانهيار			[ālānhyār] 崩塌；崩溃；垮台〈名〉
الحقنة			[ālḥqnah] 注射；打针；针剂〈名〉
الأجراس			[āl’ajrās] 钟；铃；排钟〈名〉
الممارسة			[ālmmārsah] 实践；练习；实行〈名〉
يزن			[yazinu] 称…的重量；重达；权衡〈动〉
علاء			[‘lā’] 崇高；恩惠；福祉〈名〉
تشيس			[tshīs] 轻便马车〈名〉
هوفر			[Hūfar] 职业舞蹈家〈名〉
الرخصة			[ālrkhṣah] 执照；许可证；特许〈名〉
الأفاعي			[āl’afā‘y] 蛇；毒蛇；蝰蛇〈名〉
العادات			[āl‘ādāt] 习惯；风俗〈名〉
المستخدم			[ālmstkhdm] 职员；员工；受雇人员〈名〉
الغرامة			[ālghrāmah] 罚金；罚款〈名〉
الغزال			[ālghzāl] 羚羊〈名〉
المقامرة			[ālmqāmrah] 赌博；冒险；孤注一掷〈名〉
الخزان			[ālkhzān] 贮水池；贮藏处；贮备〈名〉
عزم			[‘azm] 决心；决意〈名〉
المعهد			[ālm‘hd] 学院；研究院；学会〈名〉
الظلم			[ālẓlm] 不公平；非正义；待…不公正〈名〉
التطبيق			[āltṭbyq] 应用；实施；执行〈名〉
الاتّهام			[ālātthām] 控告；指控；指责〈名〉
البوّاب			[ālbwwāb] 看门人〈名〉
الخواتم			[ālkhwātm] 戒指〈名〉
الإجتماعات			[āl’ijtmā‘āt] 会议〈名〉
المراهنة			[ālmrāhnah] 打赌；赌博〈名〉
المضيّف			[ālmḍyyf] 主人；东道主〈名〉
الثّوّار			[ālthwwār] 革命者；起义者〈名〉
عقليا			[‘qlyā] 心理上；精神上；智力上〈副〉
الثراء			[ālthrā’] 富裕；丰富；大量〈名〉
الألغاز			[āl’alghāz] 谜；猜不透的难题；难答的问题〈名〉
اليقين			[ālyqyn] 确实性；确信〈名〉
طائش			[ṭā’ish] 轻佻的；妄动的〈形〉
مطّاط			[mṭṭāṭ] 橡胶；橡皮〈名〉
البروتين			[ālbrwtyn] 蛋白质〈名〉
ملحوظ			[mulḥūẓ] 显著的；值得注意的〈形〉
المقرّب			[ālmqrrb] 亲信；心腹〈名〉
الدّفعة			[ālddf‘ah] 一批；一组；付款；分期付款〈名〉
بعدي			[bu‘dī] 维的；量纲的；因次的〈形〉
إنديانا			[’indyānā] 印地安那州〈名〉
التّعديلات			[āltt‘dylāt] 改动；修正案；修改〈名〉
الدّودة			[ālddwdah] 蠕虫；虫子〈名〉
النوبة			[ālnwbah] 发作；值班〈名〉
صعد			[ṣa'ida] 上升；攀登〈动〉
أفرغ			[’afrgh] 倒空；腾空〈动〉
نحيل			[naḥīl] 瘦的；消瘦的〈形〉
الرّؤساء			[ālrr’usā’] 老板；经理；上司〈名〉
الفصول			[ālfṣwl] 章；回；章节〈名〉
دايانا			[dāyānā] 狄安娜；独身女子〈名〉
إنجل			[’injl] 恩格尔〈名〉
حدودي			[ḥudūdī] 边界的；界限的〈形〉
الهارب			[ālhārb] 逃亡者；逃跑者；逃兵〈名〉
الرّهانات			[ālrrhānāt] 赌注；打赌〈名〉
كوستا			[kwstā] 肋骨；肋脉；叶的中脉〈名〉
يهزم			[yahzimu] 击败；打败〈动〉
داكن			[dākn] 暗色的；深色的〈形〉
الإصلاح			[āl’iṣlāḥ] 改革；改良；修复〈名〉
المناديل			[ālmnādyl] 手帕〈名〉
متوفّر			[mutawaffir] 可获得的；现成有的〈形〉
مقبّلات			[mqbblāt] 开胃食物〈名〉
البيان			[ālbyān] 公报〈名〉
المساواة			[ālmsāwāah] 平等；均等〈名〉
الصيدلية			[ālṣydlyah] 药房；杂货店〈名〉
المشاريع			[ālmshāry‘] 项目；工程；企业〈名〉
المستويات			[ālmstwyāt] 水平；等级；层次〈名〉
الخزينة			[ālkhzynah] 金库〈名〉
التقليدي			[āltqlydy] 传统的〈形〉
الغفران			[ālghfrān] 宽恕；赦免〈名〉
نادم			[nādm] 忏悔的；悔悟的〈形〉
الإيطالي			[āl’iyṭāly] 意大利人；意大利语〈名〉；意大利的〈形〉
مهّد			[mahhada] 铺设；为…铺平道路；使容易〈动〉
التّشويش			[ālttshwysh] 干扰；扰乱；噪声〈名〉
الشرطية			[ālshrṭyah] 警察；女警察〈名〉
ديلون			[dīlūn] 狄龙〈名〉
وشيك			[washīk] 即将来临的；逼近的〈形〉
نفسانيّ			[nfsānyy] 心理的；精神的〈形〉
المواصفات			[ālmwāṣfāt] 规格；规范；明细单〈名〉
الجمهوري			[āljmhwry] 共和主义者；共和党员；共和政体的拥护者〈名〉
الوضوح			[ālwḍwḥ] 清晰〈名〉
النّفقات			[ālnnfqāt] 开支；费用；赡养费〈名〉
النحاس			[ālnḥās] 铜；警察〈名〉
الغيبوبة			[ālghybwbah] 昏迷〈名〉
التسبّب			[āltsbbb] 成为…的原因〈名〉
تعيس			[tayyis] 郁郁不乐的；不幸的〈形〉
مقرّر			[muqarrar] 确定的；决定的；既定的〈形〉
المقرّر			[ālmqrrr] 课程；议程；被决定的事〈名〉
النمور			[ālnmwr] 老虎；豹〈名〉
منفرد			[munfarid] 单独的；独自的；无伴的〈形〉
باختصار			[bākhtṣār] 简短地；扼要地；简言之〈副〉
مطابق			[mṭābq] 一致的；符合的；与…相符的〈形〉
دقّ			[daqqa] 敲；叩；敲响〈动〉
المستمر			[ālmstmr] 持续的；连续的〈形〉
أسدي			[’asdy] 狮子的；狮子般的〈形〉
جواري			[jwāry] 侍女；女奴〈名〉
طفيف			[ṭafīf] 轻微的；微小的；微不足道的〈形〉
التّماسيح			[ālttmāsyḥ] 鳄鱼〈名〉
مصدوم			[maṣdūm] 受震惊的；惊呆的〈形〉
نقيض			[naqīḍ] 反义词；对立面；相反物〈名〉
إرث			[’irth] 遗产；传统〈名〉
التوضيح			[āltwḍyḥ] 澄清；说明；阐明〈名〉
الراهبات			[ālrāhbāt] 修女；尼姑〈名〉
الاكتئاب			[ālākt’iāb] 抑郁；沮丧〈名〉
هويت			[hūyit] 霍伊特〈名〉
كريشنا			[kryshnā] 克利须那神〈名〉
التايمز			[āltāymz] 泰晤士河〈名〉
دبّي			[dubbī] 熊的；像熊的〈形〉
المناعة			[ālmnā‘ah] 免疫力；免疫〈名〉
نوفاك			[nwfāk] 诺瓦克〈名〉
المحيطات			[ālmḥyṭāt] 海洋〈名〉
براغ			[brāgh] 布拉格〈名〉
راؤول			[rā’uwl] 劳尔〈名〉
الخضار			[ālkhḍār] 蔬菜〈名〉
الإختفاء			[āl’ikhtfā’] 消失〈名〉
مسكون			[maskūn] 闹鬼的；被鬼魂缠住的〈形〉
ترشّح			[tarashshuḥ] 竞选；候选〈名〉
بولو			[būlū] 马球〈名〉
مبدع			[mubdi‘] 有创造力的；创新的〈形〉
الليموزين			[āllymwzyn] 轿车〈名〉
ليب			[līb] 解放〈名〉
الندبة			[ālndbah] 疤痕；哀悼〈名〉
الادّعاء			[ālādd‘ā’] 断言；主张；申辩〈名〉
مشوّق			[mushawwaq] 吸引人的；引人入胜的〈形〉
هاوي			[hāwy] 业余爱好者；外行的；浅薄的〈名〉
العنصر			[āl‘nṣr] 元件；元素；要素〈名〉
الجزيئات			[āljzy’iāt] 分子；微粒〈名〉
ماكسين			[māksyn] 玛克辛〈名〉
نَذِيْرْ			[nadhiyr] 警告者；报讯者〈名〉
يعلن			[ya‘linu] 宣布；宣告〈动〉
منظّف			[munadhdhif] 清洁剂〈名〉
الأزرار			[āl’azrār] 纽扣；按钮〈名〉
الجزار			[āljzār] 屠夫〈名〉
قدير			[qadīr] 有能力的；能干的〈形〉
الدلافين			[āldlāfyn] 海豚；系缆柱〈名〉
عارض			[‘āriḍ] 反对者；反对的〈名〉
الحكّام			[ālḥkkām] 统治者〈名〉
إسراع			[’isrā‘] 加速；促进；加速度〈名〉
الإسراع			[āl’isrā‘] 加速〈名〉
السّكينة			[ālskynah] 平静；安宁〈名〉
العطش			[āl‘ṭsh] 口渴〈名〉
المحفظة			[ālmḥfẓah] 皮夹〈名〉
إضغط			[’iḍghṭ] 按；压〈动〉
الوفاء			[ālwfā’] 忠诚；忠实〈名〉
الزحام			[ālzḥām] 拥挤；交通拥堵〈名〉
الإسلام			[āl’islām] 伊斯兰教〈名〉
المحنة			[ālmḥnah] 逆境；不幸；灾祸〈名〉
الصينيون			[ālṣynywn] 中国人〈名〉
أدر			[’adr] 管理；经营；使运转〈动〉
غائب			[ghā’ib] 缺席的；不在的；缺乏的〈形〉
الاستراحة			[ālāstrāḥah] 休息；休憩〈名〉
القمح			[ālqmḥ] 小麦〈名〉
مخطىء			[mkhṭā’] 犯错的；有过错的〈形〉
العزوبية			[āl‘zwbyah] 独身；单身状态〈名〉
إدواردز			[’idwārdz] 爱德华兹〈名〉
اللافتة			[āllāftah] 标语牌；招牌〈名〉
سيل			[sayl] 洪水；激流〈名〉
تضمّن			[taḍammana] 包含；包括〈动〉
الحزين			[ālḥzyn] 悲伤的；忧愁的〈形〉
حدسي			[ḥadsī] 直觉的〈形〉
رويس			[rūys] 罗伊斯〈名〉
دهن			[duhn] 油脂；油〈名〉
إقطع			[’iqṭ‘] 切；割〈动〉
العبء			[āl‘b’] 负担；重担〈名〉
الأجنحة			[āl’ajnḥah] 翼；机翼；侧翼〈名〉
رابح			[rābḥ] 赢家；获利者〈名〉
تقريري			[taqrīrī] 报告的；报道的〈形〉
أوسع			[’aws‘] 更宽的；更广的（واسع 的比较级）〈形〉
يواصل			[ywāṣl] 继续；持续〈动〉
المكوك			[ālmkwk] 穿梭；梭子；往返移动之物〈名〉
جلطة			[jlṭah] 血栓〈名〉
عطشان			[‘ṭshān] 渴的；渴望的〈形〉
معماريّ			[m‘māryy] 建筑学的；建筑上的〈形〉
يصيح			[yaṣīḥu] 大叫；大喊；放声大哭〈动〉
البكتيريا			[ālbktyryā] 细菌；杆菌〈名〉
الوشاح			[ālwshāḥ] 围巾；披巾；头巾〈名〉
النّصل			[ālnnṣl] 刀刃；剑身；刃口〈名〉
الخوذة			[ālkhwdhah] 钢盔；盔；防护帽〈名〉
معجون			[ma‘jūn] 糊剂；膏；面团〈名〉
الوعود			[ālw‘wd] 允诺〈名〉
المخادع			[ālmkhād‘] 欺骗者；枕头（مخدة 的复数）〈名〉
درايك			[drāyk] 公鸭；蜉蝣类〈名〉
الوسيط			[ālwsyṭ] 中间人；调解人；媒介〈名〉
الروتين			[ālrwtyn] 常规；例行公事；老一套〈名〉
المجموعات			[ālmjmw‘āt] 群组；集合；成套物品〈名〉
بدائي			[bdā’iy] 原始的；初级的〈形〉
الحصار			[ālḥṣār] 封锁；围困〈名〉
المناسبات			[ālmnāsbāt] 机会；时刻；原因〈名〉
الجراء			[āljrā’] 小狗；幼兽〈名〉
الدبابات			[āldbābāt] 坦克；贮水池；大容器〈名〉
هوبز			[Hūbz] 霍布斯〈名〉
الفكّ			[ālfkk] 颚；颌〈名〉
أرتب			[’artb] 更整齐的；更有条理的〈形〉
بكر			[bakr] 初生的幼驼；初次所生之子〈名〉
النوعية			[ālnw‘yah] 质量；品质〈名〉
المفاعل			[ālmfā‘l] 反应者；反应器；反应堆〈名〉
جرف			[jarafa] 铲起；舀取；冲走〈动〉
القبائل			[ālqbā’il] 部落；族；帮〈名〉
نسب			[nasaba] 把…归于；认为属于；归功于〈动〉
المفاصل			[ālmfāṣl] 关节；连接；接头〈名〉
المخارج			[ālmkhārj] 出口；出路〈名〉
مؤذي			[m’udhy] 有害的；造成伤害的〈名〉
يتسكّع			[yataskka‘u] 闲逛；游荡〈名〉
مالوري			[mālwry] 马洛里合金〈名〉
الراكون			[ālrākwn] 浣熊〈名〉
الصّلاحيّة			[ālṣṣlāḥyyah] 适航性〈名〉
الصناعة			[ālṣnā‘ah] 工艺；手工艺〈名〉
يخضع			[yakhḍa‘] 服从；屈服〈名〉
هبط			[habaṭa] 下降；降落〈名〉
المهملات			[ālmhmlāt] 废纸；废纸般的东西〈名〉
فاسق			[fāsq] 通奸的〈名〉
النّشر			[ālnnshr] 传播〈名〉
مختص			[mukhtaṣṣ] 专门的；专家〈名〉
السويد			[ālswyd] 瑞典〈名〉
البلوغ			[ālblwgh] 成年；到达〈名〉
أشار			[’ashār] 约略显示；勾画出…的轮廓〈名〉
الخرافات			[ālkhrāfāt] 迷信；荒诞传说〈名〉
البارود			[ālbārwd] 火药；有烟火药〈名〉
روان			[rwān] 流畅的；柔滑的；丝绸般的〈名〉
إجمالي			[’ijmāly] 集合的；聚集的；作为整体的〈名〉
البطّة			[ālbṭṭah] 鸭子；没入水中；闪避〈名〉
يحيط			[yaḥīṭ] 围绕；包围；包含〈名〉
ليفي			[līfī] 纤维的；纤维性的；纤维性〈名〉
الجامعات			[āljām‘āt] 大学〈名〉
افحص			[āfḥṣ] 听诊〈名〉
تواجدي			[twājdy] 我的在场；我的存在〈名〉
تغوّط			[taghwīṭ] 排泄；分泌〈名〉
ينشر			[yanshur] 分发传单；通知；分发民意测验单〈名〉
إدموند			[’idmwnd] 艾德蒙〈名〉
الثوم			[ālthwm] 大蒜〈名〉
هدّد			[haddada] 威胁；迫近〈动〉
بخيل			[bakhīl] 吝啬的；小气的〈形〉
كوم			[kūm] 堆；土堆〈名〉
التداخل			[āltdākhl] 互相贯通；渗透〈名〉
لويزيانا			[lwyzyānā] 路易斯安那〈名〉
الرابطة			[ālrābṭah] 联系；联结；联盟〈名〉
روندا			[rwndā] 朗达〈名〉
الهلع			[ālhl‘] 恐惧；惊惶；忧虑〈名〉
شكلي			[shakliyy] 形式上的；表面的〈形〉
العجائز			[āl‘jā’iz] 老人〈名〉
الفولاذ			[ālfwlādh] 钢；钢制品；钢铁〈名〉
الاحتيال			[ālāḥtyāl] 诈骗；欺诈〈名〉
مربوط			[marbūṭ] 被系住的；相连的〈形〉
عمومي			[‘umūmī] 公有的；公共的；公众的〈形〉
التبديل			[āltbdyl] 更换；调换；替换〈名〉
البقع			[ālbq‘] 斑点；污渍；污点〈名〉
الفجوة			[ālfjwah] 裂缝；差距；鸿沟〈名〉
ينقلب			[yanqalibu] 翻转；倾覆；倒台〈动〉
منحني			[munḥanin] 弯曲的；弯的〈形〉
بالتبني			[bāltbny] 通过收养；以收养方式〈副〉
البريطانيّون			[ālbryṭānyywn] 英国人〈名〉
الكؤوس			[ālk’uws] 杯子；杯〈名〉
الدردشة			[āldrdshah] 闲谈；聊天〈名〉
مسلّم			[musallam] 已交付的；公认的〈形〉
الإقتصاد			[āl’iqtṣād] 经济；理财；节约〈名〉
أقنع			[’aqn‘] 说服；使信服〈动〉
تخفيضات			[tkhfyḍāt] 减价；折扣；削减〈名〉
الإبتسامة			[āl’ibtsāmah] 微笑〈名〉
تيريسا			[tyrysā] 特丽萨〈名〉
مصداقيّة			[mṣdāqyyah] 可信度；真实性；公信力〈名〉
الاختطاف			[ālākhtṭāf] 诱拐；绑架；外展〈名〉
التأخّر			[ālt’akhkhr] 迟；晚〈名〉
المدني			[ālmdny] 平民的；民事的；平民〈形〉
السماوات			[ālsmāwāt] 诸天；天空〈名〉
فيرمونت			[fīrmūnt] 费尔蒙特〈名〉
صدم			[ṣadama] 撞击；冲击；猛撞〈动〉
جراحي			[jrāḥy] 外科的；手术的〈形〉
بثبات			[bthbāt] 稳定地；坚定地〈副〉
بارتون			[bārtwn] 庄园内的农场；农家庭院〈名〉
الوهم			[ālwhm] 幻想；错觉；妄念〈名〉
الضواحي			[ālḍwāḥy] 市郊；郊外〈名〉
الاضطرابات			[ālāḍṭrābāt] 紊乱；失调；骚乱〈名〉
السّجقّ			[ālssjqq] 香肠〈名〉
يملأ			[yml’a] 装满；填满；充满〈动〉
التدقيق			[āltdqyq] 校对；精确；审核〈名〉
السلاحف			[ālslāḥf] 乌龟〈名〉
المصطلح			[ālmṣṭlḥ] 术语；专门用语〈名〉
المنشّطات			[ālmnshṭāt] 兴奋剂；刺激物〈名〉
المحتال			[ālmḥtāl] 骗子；诈骗者〈名〉
مبهر			[mubhir] 令人目眩的；眼花缭乱的〈形〉
التغيرات			[āltghyrāt] 变化；改变；转变〈名〉
يتبوّل			[yatabawwalu] 排尿；撒尿〈动〉
الصنوبر			[ālṣnwbr] 松树；松木〈名〉
تطوّع			[taṭawwa‘a] 自愿效劳；主动提出〈动〉
مستذئب			[mstdh’ib] 狼人；凶残的人〈名〉
التّفّاحة			[ālttffāḥah] 苹果〈名〉
مفصّل			[mufaṣṣal] 详细的；详尽的〈形〉
الأبقار			[āl’abqār] 牛；乳牛〈名〉
مجمّد			[mujammid] 冷冻的；冻结的；冰冷的〈形〉
بناتي			[bnāty] 我的女儿们〈名〉
الغازات			[ālghāzāt] 气体〈名〉
ماليبو			[mālybw] 马里布〈名〉
نادية			[nādyah] 纳迪亚〈名〉
الشذوذ			[ālshdhwdh] 异常；反常〈名〉
التحضير			[āltaḥḍyr] 准备；预备；预习〈名〉
فرانكو			[frānkw] 免费的；费用在内价的〈形〉
همفري			[Hamfrī] 汉弗莱〈名〉
المألوف			[ālma’lwf] 熟悉的；常见的〈形〉
السّارق			[ālssārq] 小偷；盗窃者〈名〉
أخفق			[’akhfq] 失败；未能做到〈动〉
نحيف			[naḥīf] 瘦削的；消瘦的〈形〉
يسمّي			[yusammī] 命名；把…称作〈动〉
المادّيّة			[ālmāddyyah] 唯物主义；物质性〈名〉
الإجازة			[āl’ijāzah] 假期；休假；许可〈名〉
الجرذ			[āljrdh] 鼠；卑鄙的人；破坏者〈名〉
التّأقلم			[āltt’aqlm] 适应；服水土〈名〉
الفرع			[ālfr‘] 分支；支部；分支机构〈名〉
تأقلم			[t’aqlm] 适应；服水土〈动〉
ملتزم			[multazim] 恪尽职守的；献身于某种事业的〈形〉
الحكاية			[ālḥkāyah] 故事；叙述；话〈名〉
يعاقب			[y‘āqb] 惩罚；处罚〈动〉
يبارك			[ybārk] 祝福；赐福〈动〉
يمنح			[yamnaḥu] 赠给；授予〈动〉
براحة			[brāḥah] 舒适；安逸〈名〉
مكلّف			[mukallaf] 受委任的；受任命的；受托的〈形〉
مدفون			[madfūn] 被埋葬的；埋着的〈形〉
أعط			[’a‘ṭ] 给；给予〈动〉
أسمر			[’asmr] 深肤色的；棕褐色的〈形〉
المذاق			[ālmdhāq] 滋味；乐趣；享受〈名〉
سيمور			[sīmūr] 西摩〈名〉
المغنّي			[ālmghnny] 歌手；歌唱家〈名〉
الاختلاف			[ālākhtlāf] 多样性；不同〈名〉
الفطرة			[ālfṭrah] 天性；本性〈名〉
الورد			[ālwrd] 玫瑰〈名〉
أمستردام			[’amstrdām] 阿姆斯特丹〈名〉
القرصان			[ālqrṣān] 海盗；做海盗〈名〉
السّندات			[ālssndāt] 债券；证券〈名〉
تشرشل			[tsharshil] 丘吉尔〈名〉
المقالات			[ālmqālāt] 文章；论文；散文〈名〉
الرهبان			[ālrhbān] 天主教会修士〈名〉
التضحيات			[āltḍḥyāt] 牺牲；舍身；献祭〈名〉
معبّر			[mu‘abbir] 表达的；富于表情的〈名〉
الجار			[āljār] 邻居；邻接的东西；邻国〈名〉
نادرا			[nādrā] 很少；难得〈副〉
الصويا			[ālṣwyā] 大豆；黄豆〈名〉
البركان			[ālbrkān] 火山〈名〉
التّخدير			[ālttkhdyr] 麻醉〈名〉
متحكّم			[mutaḥakkim] 控制者；控制器〈名〉
ورّث			[warratha] 使继承；将…传给〈动〉
المسيحي			[ālmsyḥy] 基督徒〈名〉
النسور			[ālnswr] 鹰；雕〈名〉
اللهجة			[āllhjah] 方言；同源语〈名〉
مارتينيز			[mārtynyz] 马丁内斯〈名〉
صمّم			[ṣammama] 设计；下决心；决意〈名〉
مهرّب			[muharrib] 走私者；走私〈名〉
لعوب			[la‘ūb] 卖弄风情的〈名〉
الشرعية			[ālshr‘yah] 合法性；正统性〈名〉
الأثريّة			[āl’athryyah] 古迹；文物；考古〈名〉
مهاجم			[mhājm] 攻击者；前锋〈名〉
وقائي			[wqā’iy] 给予保护的；保护的；防护的〈名〉
بيرسون			[bīrsūn] 皮尔森〈名〉
الحاوية			[ālḥāwyah] 容器；集装箱；贮存箱〈名〉
الجوال			[āljwāl] 手机；移动电话〈名〉
المنشار			[ālmnshār] 锯；锯子〈名〉
العنيف			[āl‘nyf] 猛烈的；狂暴的；激烈的〈形〉
الجماعية			[āljmā‘yah] 集体性；总体；集体〈名〉
التخفّي			[āltkhffy] 隐蔽；掩盖；伪装〈名〉
الشيطانية			[ālshyṭānyah] 撒旦崇拜；恶魔学〈名〉
مقلوب			[maqlūb] 翻倒的；倒置的；被推翻的〈形〉
ملوّن			[mulawwan] 颜色丰富的；鲜艳的；艳丽的〈形〉
الرقائق			[ālrqā’iq] 炸土豆条；小木片；圆形筹码〈名〉
تشانج			[tshānj] 青稞酒〈名〉
الإعتقاد			[āl’i‘tqād] 信念；信仰；看法〈名〉
الأنهار			[āl’anhār] 河流〈名〉
المواطن			[ālmwāṭn] 市民；自由民；自治市公民〈名〉
مقطوع			[maqṭū‘] 被切断的；切下的；被删去的〈形〉
القبضة			[ālqbḍah] 拳头；一把的量；握把〈名〉
كرّر			[karrara] 重复；反复说；重做〈动〉
المبادرة			[ālmbādrah] 主动行动；首创精神；主动权〈名〉
الإبحار			[āl’ibḥār] 航行；操纵〈名〉
متسابق			[mtsābq] 竞赛者；参加比赛者〈名〉
غلى			[ghlā] 煮沸；沸腾〈动〉
الطبّاخ			[ālṭbbākh] 厨师；炊事员〈名〉
دنكان			[dnkān] 邓肯〈名〉
القرى			[ālqrā] 村庄；村落〈名〉
موريسون			[mūrīsūn] 莫里森〈名〉
نوريس			[nūrīs] 诺里斯〈名〉
سوفيتي			[sūfītī] 代表会议；苏维埃；苏联〈名〉
فتّاك			[fttāk] 剧毒的；致命的；刻毒的〈形〉
مقلاة			[mqlāah] 锅；炒菜锅〈名〉
أنال			[’anāl] 记录；编年史〈名〉
ألفيس			[’alfys] 埃尔维斯〈名〉
الإرتفاع			[āl’irtfā‘] 海拔；提高；仰角〈名〉
تنازلي			[tnāzly] 下降的；递减的；让步的〈形〉
البارون			[ālbārwn] 男爵；贵族；大王〈名〉
النقابة			[ālnqābah] 团体；协会；行业协会〈名〉
متحوّل			[mutaḥawwil] 变量〈名〉；变化的〈形〉
المواضيع			[ālmwāḍy‘] 主题；题目；话题〈名〉
معدّلات			[m‘ddlāt] 平均数；比率；标准〈名〉
المبدأ			[ālmbd’a] 原则；原理；主义〈名〉
الضّعفاء			[ālḍḍ‘fā’] 弱者；虚弱的人〈名〉
أقام			[’aqām] 建立；设立；居住〈动〉
عاطل			[‘āṭl] 失业者；游手好闲者〈名〉
آينشتاين			[’āynshtāyn] 爱因斯坦〈名〉
الملاهي			[ālmlāhy] 娱乐；乐趣；娱乐活动〈名〉
اخترق			[ākhtrq] 穿透；侵入；入侵〈动〉
المجرمون			[ālmjrmwn] 罪犯；犯人〈名〉
معاكس			[m‘āks] 相反的；逆向的〈形〉
يكمل			[yukmilu] 完成；使完整；补全〈动〉
اللمس			[āllms] 触摸；触觉；接触〈名〉
العفن			[āl‘fn] 霉；霉菌〈名〉
النبوءة			[ālnbw’ah] 预言；预言能力〈名〉
حماسة			[ḥmāsah] 热忱；积极；狂热〈名〉
صادر			[ṣādr] 没收；充公〈动〉
التصرفات			[āltṣrfāt] 举止；行为；管理〈名〉
الغالي			[ālghāly] 亲爱的人；亲爱的；昂贵的〈形〉
تشويه			[tashwīh] 歪曲；丑化；变形〈名〉
المنحة			[ālmnḥah] 奖学金；补助金；拨款〈名〉
المؤتمرات			[ālm’utmrāt] 会议；大会；代表大会〈名〉
السيجار			[ālsyjār] 雪茄〈名〉
العطل			[āl‘ṭl] 假日；休假〈名〉
يهوذا			[yhwdhā] 犹大；叛徒〈名〉
برات			[brāt] 无罪；赦免；开释〈名〉
البوم			[ālbwm] 猫头鹰〈名〉
علني			[‘alaniyy] 公开的；公然的〈形〉
الموكب			[ālmwkb] 行列；一队扈从；一队随从〈名〉
الزنجبيل			[ālznjbyl] 姜〈名〉
مروّج			[murawwaj] 被推广的；畅销的〈形〉
الكعب			[ālk‘b] 脚跟；鞋跟〈名〉
كاسترو			[kāstrw] 卡斯特罗〈名〉
كالاهان			[kālāhān] 卡拉汉〈名〉
القبيلة			[ālqbylah] 宗族；部落；一群人〈名〉
الواجبات			[ālwājbāt] 作业；职责〈名〉
الشّقق			[ālshqq] 公寓；套间；公寓住宅〈名〉
النّادرة			[ālnnādrah] 轶事；奇闻〈名〉
أخف			[’akhf] 更轻的〈形〉
هجين			[hajīn] 杂种的；杂种〈名〉
التّوقّعات			[ālttawaqqu‘āt] 预期；预料〈名〉
البلياردو			[ālblyārdw] 台球；桌球〈名〉
غارق			[ghārq] 淹没的；沉浸于…的〈形〉
لويزا			[lwyzā] 路易莎〈名〉
التّصفيق			[ālttṣfyq] 鼓掌；掌声〈名〉
المباشرة			[ālmbāshrah] 直接；亲自处理〈名〉
الكفاح			[ālkfāḥ] 奋斗；斗争〈名〉
يرتبط			[yartabiṭu] 与…有关联；被联系〈动〉
أضف			[’aḍf] 添加；另外〈动〉
القنّينة			[ālqnnynah] 瓶子；小瓶〈名〉
جريجوري			[Grījūrī] 格雷戈里〈名〉
لاتِينِيّ			[lātīniyy] 拉丁的；从拉丁文衍生的；类似拉丁语的〈形〉
الأمومة			[āl’amwmah] 母性；母爱；母亲身份〈名〉
الثالوث			[ālthālwth] 三人一组；三个一组的东西；三位一体〈名〉
متنقّل			[mutanaqqil] 移动的；流动的；可移动的〈形〉
السيجارة			[ālsyjārah] 香烟；纸烟〈名〉
يخطئ			[ykhṭ’i] 犯错误；做错〈动〉
مثاليا			[mthālyā] 完美地；理想地〈副〉
دودي			[dūdī] 幼虫的；幼虫状态的〈形〉
باميلا			[bāmylā] 帕梅拉〈名〉
التقنيات			[āltqnyāt] 技术；科技〈名〉
المعايير			[ālm‘āyyr] 判断的标准；定规；尺度〈名〉
المحاكم			[ālmḥākm] 法院；场地〈名〉
مزّق			[mazzaqa] 撕碎；撕破；使痛心〈动〉
النبي			[ālnby] 先知；预言者〈名〉
الخياطة			[ālkhyāṭah] 缝纫；裁缝；缝合〈名〉
كوكا			[kwkā] 古柯；古柯叶〈名〉
الإستراحة			[āl’istrāḥah] 休息室；休息处；度假屋〈名〉
الريش			[ālrysh] 羽毛；翎；羽状物〈名〉
الحصانة			[ālḥṣānah] 免疫；豁免；不受侵犯〈名〉
الإبرة			[āl’ibrah] 针；针状物；指针〈名〉
الهرم			[ālhrm] 角锥；金字塔；成金字塔状〈名〉
يجهّز			[jahhaza] 准备；筹备；装备〈动〉
المحاسبة			[ālmḥāsbah] 会计；会计学；账单〈名〉
النرد			[ālnrd] 骰子；双六棋〈名〉
دافي			[dāfy] 温暖的；暖和的〈形〉
بإنتظار			[b’intẓār] 期待；期待着；期望〈名〉
مسيّر			[musayyar] 被引导的；受操纵的；有向的〈形〉
نيلي			[nīlī] 靛蓝；靛蓝色的〈名〉
المرفأ			[ālmrf’a] 港口；海港；码头〈名〉
دائريّ			[dā’iryy] 圆形的；环形的〈形〉
النزاع			[ālnzā‘] 争端；冲突；纠纷〈名〉
الجمل			[āljml] 骆驼；打捞浮筒〈名〉
دورين			[Dūrīn] 多琳〈名〉
ديفي			[dīfī] 迪菲；戴菲〈名〉
مخطأ			[mkhṭ’a] 错误；过失；犯错的人〈名〉
البندق			[ālbndq] 榛树；榛木〈名〉
الإختطاف			[āl’ikhtṭāf] 劫持；绑架〈名〉
الشراكة			[ālshrākah] 合伙；合股；合作关系〈名〉
المتوحّش			[ālmtwḥḥsh] 畜生；残忍或好色之人；野蛮的〈名〉
محبوس			[maḥbūs] 被禁闭的；被扣押的〈形〉
التّاريخيّة			[ālttārykhyyah] 历史性〈名〉
الخفاء			[ālkhfā’] 看不见；难觉察的；看不见的东西〈名〉
مغتصب			[mughtaṣab] 强奸者；篡夺者〈名〉
المكافأة			[ālmkāf’ah] 奖赏；奖励〈名〉
الخفافيش			[ālkhfāfysh] 蝙蝠〈名〉
كرّس			[karrasa] 奉献；献身；使神圣化〈动〉
العذر			[āl‘dhr] 借口；托辞；辩解〈名〉
جامح			[jāmḥ] 脱缰的；桀骜不驯的〈形〉
مارسيل			[mārsyl] 波浪形鬈发；烫发〈名〉
أوزوالد			[’awzwāld] 奥斯瓦德〈名〉
منحنى			[mnḥnā] 曲线〈名〉
التّسلية			[ālttslyah] 娱乐；消遣〈名〉
البراءة			[ālbrā’ah] 无罪〈名〉
النماذج			[ālnmādhj] 模型；模范；原型〈名〉
الضيافة			[ālḍyāfah] 款待；好客〈名〉
يغيب			[yaghību] 缺席；不在；消失〈动〉
بايرون			[bāyrwn] 拜伦〈名〉
التعزيزات			[ālt‘zyzāt] 增援；加强；强化〈名〉
مرْسوم			[marsūm] 敕令；圣旨；谕旨〈名〉
أقرّ			[’aqrr] 承认；认可〈动〉
الذروة			[āldhrwah] 顶点；高潮；最高点〈名〉
راشي			[rāshy] 头等的；容易倾斜的；多绒尖的〈形〉
أديل			[’adyl] 阿黛尔〈名〉
الشّقّ			[ālshqq] 裂缝；裂口；分裂〈名〉
الفاصل			[ālfāṣl] 分隔物；间隔号；决定性的〈名〉
أسطوري			[’asṭwry] 传说的；传奇中说的；传奇般的〈形〉
عذب			[‘adhb] 美妙的；美味的；悦目的〈形〉
يتّفق			[’ittafaqa] 同意；一致；符合〈动〉
بود			[būd] 存在；逗留〈名〉
الفرنسيون			[ālfrnsywn] 法国人〈名〉
الحطب			[ālḥṭb] 木柴〈名〉
الفيدراليون			[ālfydrālywn] 联邦主义者；联邦派〈名〉
روّج			[rawwaja] 推销；宣传；推广〈动〉
الممتاز			[ālmmtāz] 优秀的；极好的；杰出者〈形〉
كولمان			[kwlmān] 科尔曼〈名〉
الكاثوليكية			[ālkāthwlykyah] 天主教的信仰〈名〉
العشّ			[āl‘sh] 巢；窝；休息所〈名〉
كمثل			[kamithl] 如同；就像；好比〈介〉
الضغوط			[ālḍghwṭ] 压力；重压〈名〉
ليم			[līm] 柠檬；酸橙〈名〉
التقني			[āltqny] 技术的；技术性的〈名〉
الخونة			[ālkhwnah] 叛徒；叛国贼；背信者〈名〉
مغلّف			[mughallaf] 包裹的；加封套的；包装材料〈名〉
المقدار			[ālmqdār] 量；数量；程度〈名〉
السنجاب			[ālsnjāb] 松鼠〈名〉
يتردّد			[yatarraddadu] 犹豫；迟疑；回响〈动〉
الإنسحاب			[āl’insḥāb] 撤退；退出；撤回〈名〉
ويني			[wīnī] 维尼；温妮〈名〉
حلقيّ			[ḥalqī] 环形的；环状的〈形〉
يوصل			[yūṣilu] 连接；使相连；送达〈动〉
العقبات			[āl‘qbāt] 障碍；障碍物〈名〉
التنويم			[āltnwym] 催眠；催眠状态〈名〉
نادين			[nādyn] 纳丁〈名〉
المناظر			[ālmnāẓr] 风景；景色；舞台布景〈名〉
الحيويّ			[ālḥywyy] 有活力的；生机勃勃的；至关重要的〈形〉
يزيل			[yuzīlu] 切除；移除；消除〈动〉
يوجّه			[yuwajjih] 引导；指导；使朝向〈动〉
برأس			[br’as] 有…头的；有某种类型的头或头发的〈形〉
الوقاحة			[ālwqāḥah] 无耻；厚颜无耻〈名〉
قاري			[qāry] 大陆的；洲的〈形〉
نابولي			[nābwly] 那不勒斯的；那不勒斯人的；那不勒斯人〈名〉
عقلاني			[‘qlāny] 理性的；理智的；理性主义的〈形〉
متشوّق			[mutashawwiq] 渴望的；急切的〈形〉
الهلاك			[ālhlāk] 毁灭；灭亡；灾难〈名〉
العناق			[āl‘nāq] 拥抱；搂抱〈名〉
الناتج			[ālnātj] 输出；产品；产量〈名〉
مُلحق			[mulḥq] 附属的；附加的〈形〉
بحماقة			[bḥmāqah] 荒谬地；荒唐地；愚蠢地〈副〉
البلدان			[ālbldān] 两个国家；两国〈名〉
متعجرف			[mutajarraf] 傲慢的；自大的；鄙视别人的〈形〉
جواد			[jwād] 慷慨的；大方的〈形〉
اقبض			[āqbḍ] 逮捕；拘捕；抓取〈动〉
برونكس			[Brūnks] 布朗克斯区；布朗克斯鸡尾酒〈名〉
السّدّ			[ālssdd] 封锁；妨碍；堵塞〈名〉
الخ			[ālkh] 及其他；等等〈名〉
الجدّيّة			[āljddyyah] 认真；诚挚；正经〈名〉
التذمّر			[āltdhmmr] 抱怨；发牢骚〈名〉
النخاع			[ālnkhā‘] 骨髓；髓质；脊髓〈名〉
الإستمتاع			[āl’istmtā‘] 享受；享乐〈名〉
شنغهاي			[shnghhāy] 上海；浦东鸡；上海的〈名〉
عتيق			[‘atīq] 古老的；陈旧的；过时的〈形〉
الذوق			[āldhwq] 品味；鉴赏力〈名〉
الإجهاد			[āl’ijhād] 疲劳；劳累；竭尽〈名〉
البحّارة			[ālbḥḥārah] 水手；船员〈名〉
القذائف			[ālqdhā’if] 炮弹；投射物〈名〉
المجموع			[ālmjmw‘] 合计；总计；聚集体〈名〉
الألواح			[āl’alwāḥ] 板；板材；牌匾〈名〉
القصف			[ālqṣf] 轰炸；投弹；轰击〈名〉
أجبر			[’ajbr] 强制；强迫〈动〉
المذكرات			[ālmdhkrāt] 备忘录；内部通知〈名〉
سالم			[sālm] 塞伦（地名）〈名〉
الإرهابي			[āl’irhāby] 恐怖分子；恐怖的〈名〉
الشّفرات			[ālshfrāt] 刀刃；扁叉；刀片〈名〉
الزلزال			[ālzlzāl] 地震〈名〉
فورست			[Fūrist] 佛利斯特〈名〉
الأعداد			[āl’a‘dād] 数；数字〈名〉
يعتذر			[i‘tadhara] 道歉；辩白〈动〉
الغول			[ālghwl] 妖怪；可怕的人〈名〉
المقاتل			[ālmqātl] 斗士；战士；好战者〈名〉
يخفق			[yakhfiq] （心脏）搏动；拍翅；失败〈动〉
مرهم			[marham] 药膏〈名〉
أرتي			[’arty] 阿蒂〈名〉
تشيستر			[tshīstir] 切斯特〈名〉
القاهرة			[ālqāhrah] 开罗〈名〉
الخراب			[ālkhrāb] 荒废；破损；崩塌〈名〉
متكرّر			[mutakarrar] 反复出现的；频繁的〈形〉
الأيادي			[āl’ayādy] 手；人手〈名〉
الأسواق			[āl’aswāq] 市场；集市〈名〉
يُلحق			[yulḥq] 使跟上；使附属；追赶〈动〉
العجل			[āl‘jl] 小牛；牛犊〈名〉
الضّفادع			[ālḍḍfād‘] 青蛙〈名〉
المواصلة			[ālmwāṣlah] 继续；连续；继续进行〈名〉
مزيل			[mazīl] 去除剂；清除器；橡皮擦〈名〉
مغناطيسية			[mghnāṭysyah] 磁性；吸引力；磁学〈名〉
الجشع			[āljsh‘] 贪心；贪婪〈名〉
الصراحة			[ālṣrāḥah] 坦率；直率；坦诚〈名〉
الميل			[ālmyl] 倾斜；斜度；倾向〈名〉
الاستقرار			[ālāstqrār] 稳定性〈名〉
تزيين			[tazyīn] 装饰；装饰品〈名〉
التطهير			[āltṭhyr] 净化；清洗；消毒〈名〉
المؤسسات			[ālm’ussāt] 企业；建立；当权派〈名〉
مزاجي			[mzājy] 心情不稳的；郁郁寡欢的；喜怒无常的〈形〉
مارين			[māryn] 马林〈名〉
اللقطة			[āllqṭah] 快照；抽点打印；瞬象〈名〉
لام			[lām] 拉姆（阿拉伯语字母 ل）〈名〉
الشيوعية			[ālshyw‘yah] 共产主义〈名〉
جريفين			[Grīfīn] 格里芬（人名）〈名〉
بؤس			[b’us] 痛苦；悲惨；可怜〈名〉
الكوارث			[ālkwārth] 灾祸；灾难；不幸事件〈名〉
توسّل			[tawassul] 恳求；乞求〈名〉
السقيفة			[ālsqyfah] 门廊；走廊〈名〉
المنشفة			[ālmnshfah] 手巾；毛巾；擦干身子〈名〉
وفير			[wafīr] 丰富的；充分的；大量的〈形〉
هبّ			[habba] （风）吹起；刮起；爆发〈动〉
الخلق			[ālkhlq] 创造；创作物；发明〈名〉
الغجر			[ālghjr] 吉普赛人；吉普赛人的生活方式〈名〉
الطبقات			[ālṭbqāt] 层；阶层；阶级〈名〉
قاصر			[qāṣr] 未成年的；有限的；不足的〈形〉
باترسون			[bātrswn] 帕特森〈名〉
سيمز			[sīmz] 次级离子质谱分析法〈名〉
الاتّهامات			[ālātthāmāt] 指责；指控；控告〈名〉
الرّماية			[ālrrmāyah] 射箭术〈名〉
الهوس			[ālhws] 狂热；痴迷；发狂〈名〉
المسافر			[ālmsāfr] 旅客；乘客〈名〉
السجاد			[ālsjād] 地毯〈名〉
الشمعة			[ālshm‘ah] 蜡烛〈名〉
يخترق			[yakhtruq] 渗透；侵入；穿透〈动〉
النغمة			[ālnghmah] 音调；音质；语调〈名〉
المدرّج			[ālmdrrj] 圆形剧场；大会堂；比赛场〈名〉
القشرة			[ālqshrah] 外壳；坚硬外皮；面包皮〈名〉
كار			[kār] 轿车；大巴车〈名〉
إنضمّ			[’inḍamm] 加入；参加；连接〈动〉
متواصل			[mtwāṣl] 不断的；连续的；持续的〈形〉
التّقاطع			[ālttqāṭ‘] 交叉；相交；交点〈名〉
رمزي			[ramzī] 象征的；符号的〈形〉
الملصقات			[ālmlṣqāt] 招贴；海报；印成的大幅画〈名〉
ورقي			[waraqī] 纸的；纸制的〈形〉
مستمتع			[mustamti'] 感到愉快的；享受的〈形〉
التّأمّل			[āltt’amml] 沉思；观照性〈名〉
الرمادية			[ālrmādyah] 灰色；阴暗〈名〉
الغرور			[ālghrwr] 傲慢态度；自大〈名〉
لارسون			[lārswn] 拉森〈名〉
يتلاشى			[ytlāshā] 消失；逐渐消逝〈动〉
الحضيض			[ālḥḍyḍ] 近地点〈名〉
روكو			[rūkū] 罗科〈名〉
الصمّام			[ālṣmmām] 龙头；开关；调节旋塞〈名〉
الأخذ			[āl’akhdh] 取；拿；取得〈名〉
الخلاف			[ālkhlāf] 论争；辩论；论战〈名〉
عموما			[‘mwmā] 一般地；通常；大体上〈副〉
الثابت			[ālthābt] 不变的；固定的；常数〈形〉
نقدي			[naqdī] 现金的；货币的〈形〉
الإسترخاء			[āl’istrkhā’] 放松；松弛；休息〈名〉
المخاوف			[ālmkhāwf] 恐惧；忧虑；担心的事〈名〉
الحصص			[ālḥṣṣ] 课时；课程；份额〈名〉
الإجهاض			[āl’ijhāḍ] 堕胎；人工流产〈名〉
التسلّق			[āltsllq] 攀登；攀爬；上升〈名〉
نسى			[nsā] 忘记；遗忘〈动〉
الجراثيم			[āljrāthym] 致病菌；细菌；病菌〈名〉
يخاطر			[ykhāṭr] 冒险；使遭受危险〈动〉
جذّر			[jadhdhara] 使生根；使根深蒂固；使激进〈动〉
التسلسل			[āltslsl] 连锁；序列；一连串〈名〉
وتد			[watad] 木桩；楔子；桩柱〈名〉
الأصول			[āl’aṣwl] 起源；根源；基本原则〈名〉
الطوابق			[ālṭwābq] 楼层；层〈名〉
الأعزّاء			[āl’a‘zzā’] 至亲的人；最亲爱的人〈名〉
غابريل			[ghābryl] 加布里埃尔〈名〉
المراحيض			[ālmrāḥyḍ] 厕所；抽水马桶；公共厕所〈名〉
الفلسفة			[ālflsfah] 哲学；人生观；哲学思想〈名〉
الأضلاع			[āl’aḍlā‘] 边；侧边；肋骨〈名〉
إقرأ			[’iqr’a] 读；朗读（命令式）〈动〉
فران			[frān] 烤炉；面包炉〈名〉
السّاقي			[ālssāqy] 斟酒人；送水人〈名〉
مكيّف			[mukayyif] 空调；空调机〈名〉
البقشيش			[ālbqshysh] 小费；赏钱〈名〉
بومباي			[bwmbāy] 孟买〈名〉
الزملاء			[ālzmlā’] 同事们；同僚〈名〉
الحاد			[ālḥād] 尖锐；激烈；恶化〈名〉
ذبح			[dhabḥ] 屠宰〈名〉
الرافعة			[ālrāf‘ah] 杠杆；起重机〈名〉
الصوديوم			[ālṣwdywm] 钠〈名〉
أنتون			[’antwn] 安东〈名〉
يطالب			[yṭālb] 要求；索取〈动〉
منعزل			[mun‘azil] 隐居的；偏僻的〈形〉
هايدن			[hāydn] 海顿〈名〉
ماكسويل			[mākswyl] 麦克斯韦〈名〉
بيكاسو			[bykāsw] 毕加索〈名〉
سويني			[suwaynī] 斯威尼〈名〉
المصحّة			[ālmṣḥḥah] 疗养院；休养地；休养所〈名〉
جهنم			[jahannam] 地狱；深渊〈名〉
التّسمّم			[ālttsmmm] 中毒〈名〉
الأعماق			[āl’a‘māq] 深处；深渊〈名〉
أبطأ			[’abṭ’a] 减速；放慢〈动〉
آيك			[’āyk] 艾克；光电摄像管；存储式摄像管〈名〉
تيتو			[Tītū] 提托〈名〉
سيريل			[sīrīl] 西里尔〈名〉
عازب			[‘āzb] 独身者；独身的人〈名〉
خفّة			[khffah] 轻松；轻；轻微〈名〉
يحلّق			[yuḥalliqu] 翱翔；高飞；增长〈动〉
الأنانيّة			[āl’anānyyah] 自我中心；自私自利〈名〉
بستاني			[bstāny] 园丁〈名〉
نضج			[nuḍj] 成熟〈名〉
شمالا			[shmālā] 向北〈副〉
الرواتب			[ālrwātb] 薪俸〈名〉
اعتقل			[ā‘tql] 逮捕；拘留〈动〉
أثقل			[’athql] 加重；使更重〈动〉
ليوناردو			[lywnārdw] 李奥纳多〈名〉
صاخب			[ṣākhb] 喧闹的；响亮的〈形〉
الإحتيال			[āl’iḥtyāl] 欺诈；欺骗〈名〉
منهك			[munhak] 耗尽的；疲惫的〈形〉
فردي			[fardiyy] 个人的；个别的〈形〉
البازلاء			[ālbāzlā’] 豌豆〈名〉
سدني			[Sidnī] 悉尼〈名〉
أنجي			[’anjy] 安琪；安吉〈名〉
كروت			[kārūt] 卡片〈名〉
الإنجاب			[āl’injāb] 生育；繁殖〈名〉
بانكوك			[bānkwk] 曼谷〈名〉
مكتئب			[mkt’ib] 垂头丧气的；意气沮丧的；气馁的〈形〉
المسجّل			[ālmsjjl] 登记者；被记录者〈名〉
صباحي			[ṣbāḥy] 早晨的；黎明的；早的〈形〉
فيرجل			[fīrjil] 维吉尔〈名〉
الزّينة			[ālzzynah] 装饰；装饰品〈名〉
الفراشة			[ālfrāshah] 蝴蝶；蝶式棉块；翼形皮癣〈名〉
الإنطلاق			[āl’inṭlāq] 出发；启动；发射〈名〉
مسقط			[Masqaṭ] 马斯喀特〈名〉
شوكيّ			[shawkīy] 多刺的；带刺的〈形〉
أنّس			[’anns] 亲切的；合群的〈形〉
المزمار			[ālmzmār] 米兹玛尔笛；管乐器〈名〉
وصي			[waṣī] 遗嘱执行人；监护人〈名〉
اللحن			[āllḥn] 曲调；旋律〈名〉
إفريقيا			[’ifryqyā] 非洲〈名〉
فرانسوا			[frānswā] 弗朗索瓦〈名〉
المقيّمين			[ālmqyymyn] 评估者；评价者〈名〉
المسكّن			[ālmskkn] 止痛的；痛觉缺失的；止痛剂〈名〉
الملازمة			[ālmlāzmah] 随行；伴随〈名〉
انقلب			[ānqlb] 产生事与愿违的结果；自食其果〈动〉
النظرات			[ālnẓrāt] 凝视；注视〈名〉
كارلايل			[kārlāyl] 卡莱尔〈名〉
مملوء			[mamlū’] 加满的；装满的；满的〈形〉
هوكينز			[hūkīnz] 霍金斯〈名〉
الحسن			[ālḥsn] 美好；美德〈名〉
الواعظ			[ālwā‘ẓ] 说教者〈名〉
المزحة			[ālmzḥah] 开玩笑；恶作剧；戏谑〈名〉
سيؤول			[sy’uwl] 汉城〈名〉
أرقّ			[’arqq] 淡而无味的；平和的；温和的〈名〉
مبتذل			[mubtadhal] 低俗的；平庸的；陈腐的〈名〉
الرؤى			[ālr’uā] 看见；辨明；觉察出〈名〉
الطباعة			[ālṭbā‘ah] 印刷；印刷术；印花〈名〉
العبد			[āl‘bd] 奴隶；从动装置；卑鄙的人〈名〉
تقي			[taqī] 虔诚的；敬神的；尽责的〈名〉
المفجر			[ālmfjr] 引爆者；放置炸弹的人〈名〉
المشعوذ			[ālmsh‘wdh] 巫师；魔术师；变戏法的人〈名〉
التعقيد			[ālt‘qyd] 复杂化；复杂；纠缠〈名〉
يسلّم			[yusallimu] 递送；交付；发表〈名〉
جنيف			[jinīf] 日内瓦〈名〉
التّطفّل			[ālttṭffl] 攀附讨要；蹭吃蹭喝；强求〈名〉
تطفّل			[tatafful] 闯入；侵入；强加于〈名〉
وخز			[wakhz] 戳；猛击；捅〈名〉
ريتز			[rītz] 豪华旅馆〈名〉
سيبيل			[sībīl] 女巫；女预言家〈名〉
المبتدئ			[ālmbtd’i] 字母的；初步的；初学者〈名〉
مذعور			[madh‘ūr] 受惊的；焦虑的；惊恐的〈名〉
المكنسة			[ālmknsah] 长扫帚；清洗；扫〈名〉
القصيدة			[ālqṣydah] 诗；长诗；颂诗〈名〉
أخفى			[’akhfā] 掩饰；证明…为虚假；辜负〈名〉
يزعج			[yuz‘iju] 打扰；扰乱；使焦虑〈名〉
الصحن			[ālṣḥn] 盘子；碟；菜肴〈名〉
يبلي			[yablī] 磨损；疲惫〈名〉
النازية			[ālnāzyah] 纳粹主义〈名〉
روبينز			[rūbīnz] 罗宾斯〈名〉
فيتو			[fītū] 否决；否决权〈名〉
الوكالات			[ālwkālāt] 代理；代理处〈名〉
المحاصيل			[ālmḥāṣyl] 农作物；庄稼；收成〈名〉
مدان			[mdān] 被定罪的；被判有罪的〈形〉
كارلسون			[kārlswn] 卡尔森；卡尔松〈名〉
تيل			[tīl] 亚麻；亚麻籽〈名〉
انقطع			[ānqṭ‘] 被切断；中断；断绝〈动〉
ديلا			[dylā] 黛拉〈名〉
هزّ			[hazza] 摇动；摇晃〈动〉
وانج			[wānj] 王；王安电脑公司〈名〉
الإنعاش			[āl’in‘āsh] 复苏；使恢复活力；提神〈名〉
الطائفة			[ālṭā’ifah] 教派；宗派；派别〈名〉
الصراصير			[ālṣrāṣyr] 蟑螂〈名〉
التبريد			[āltbryd] 冷却；制冷〈名〉
صرخ			[ṣarakha] 喊叫；尖叫〈动〉
عاطفيا			[‘āṭfyā] 在情感上；情绪上〈副〉
حفيد			[ḥafīd] 孙子；外孙〈名〉
ساطع			[sāṭ‘] 光辉的；闪耀的〈形〉
جاكلين			[jāklyn] 杰奎琳〈名〉
شاغر			[shāghr] 空的；空缺的；空虚的〈形〉
الحلول			[ālḥlwl] 来到；来临〈名〉
بالارد			[bālārd] 加拿大巴拉德公司；巴拉德〈名〉
الثناء			[ālthnā’] 赞辞；称赞；赞美〈名〉
الصافرة			[ālṣāfrah] 哨子；哨声〈名〉
الإدراك			[āl’idrāk] 感知；认知；领会〈名〉
التلوّث			[āltlwwth] 污染；污物；沾污〈名〉
مفصول			[maṣfūl] 被分开的；被隔开的；被开除的〈形〉
الرئتين			[ālr’ityn] 肺；肺脏〈名〉
بدُوار			[bduwār] 昏昏沉沉地；软弱无力地〈副〉
أشجع			[’ashj‘] 更勇敢的；最勇敢的〈形〉
قانونيا			[qānwnyā] 在法律上；合法地〈副〉
الملصق			[ālmlṣq] 海报；招贴；贴纸〈名〉
اعتذاريّ			[ā‘tdhāryy] 道歉的；认错的；辩护的〈形〉
الأحكام			[āl’aḥkām] 判决；裁决；规定〈名〉
المقدّم			[ālmqddm] 司仪；主持人；担任主持人〈名〉
سلاسة			[slāsah] 光滑；流畅；流利〈名〉
يستعيد			[yasta‘īdu] 取回；收回；恢复〈动〉
الفضّيّ			[ālfḍḍyy] 银的；银制的；似银的〈形〉
سبات			[sbāt] 冬眠；休眠；沉睡〈名〉
الجادة			[āljādah] 大马路；林荫道〈名〉
مولع			[mūli‘] 喜爱的；酷爱…的〈形〉
الغوريلا			[ālghwrylā] 大猩猩；残暴的男人；歹徒〈名〉
لولو			[lūlū] 珍珠〈名〉
لارس			[lārs] 拉尔斯〈名〉
ميريام			[myryām] 米里亚姆；苦难之洋〈名〉
يذوب			[yadhūbu] 融化；溶解〈动〉
الشّغل			[ālshghl] 工作；活儿；事务〈名〉
الحداد			[ālḥdād] 铁匠；打铁；哀悼〈名〉
أنجب			[’anjb] 生育；繁衍〈动〉
تشيلي			[tshīlī] 智利；番椒；辣椒〈名〉
الروايات			[ālrwāyāt] 小说〈名〉
المسحوق			[ālmsḥwq] 粉；粉末；火药〈名〉
بحكمة			[bḥkmah] 明智地；贤明地〈副〉
السيّاح			[ālsyyāḥ] 旅行者；观光客〈名〉
بذكاء			[bdhkā’] 聪明地；机智地〈副〉
ببراعة			[bbrā‘ah] 精湛地；娴熟地〈副〉
أيّد			[’ayyd] 支持；证实；肯定〈动〉
استقال			[āstqāl] 辞职〈动〉
الهيدروجين			[ālhydrwjyn] 氢〈名〉
التنظيم			[āltnẓym] 组织；整理；安排〈名〉
حركيّ			[ḥarakīyy] 运动的；运动引起的；动力学的〈形〉
المحاضرة			[ālmḥāḍrah] 演讲；讲课；责备〈名〉
ميس			[mīs] 迈斯（女子名）〈名〉
المدار			[ālmdār] 轨道；常轨；眼眶〈名〉
أسلوبيّ			[’aslwbyy] 措辞上的；风格上的〈形〉
ركب			[rakiba] 骑；搭乘〈动〉
هولندي			[hūlandiyy] 荷兰的；荷兰人的〈形〉
الكفاءة			[ālkfā’ah] 能力；效率；胜任〈名〉
مالح			[mālḥ] 咸的；含盐的〈形〉
التربية			[āltrbyah] 教育；教养；培养〈名〉
الزّجاجات			[ālzzjājāt] 瓶子；奶瓶；一瓶〈名〉
وسّخ			[wassakha] 弄脏；使肮脏〈动〉
الإنهيار			[āl’inhyār] 崩溃；倒塌；衰败〈名〉
الضيف			[ālḍyf] 客人；来宾；旅客〈名〉
يستقرّ			[yastaqirru] 定居；安定；稳定下来〈动〉
سيرجي			[sīrjī] 塞奇〈名〉
البرميل			[ālbrmyl] 桶；一桶（石油计量单位）〈名〉
حواء			[ḥwā’] 夏娃；女人名〈名〉
هاب			[hāb] 人身保护〈名〉
التّقليد			[ālttqlyd] 模仿〈名〉
بارلو			[bārlw] 巴洛刀〈名〉
دال			[dāl] 〈植〉木豆；木豆做的菜〈名〉
المصاعد			[ālmṣā‘d] 电梯〈名〉
الخردل			[ālkhrdl] 芥末；芥菜；强烈的兴趣〈名〉
المبادئ			[ālmbād’i] 原则；原理；道义〈名〉
البلازما			[ālblāzmā] 等离子体〈名〉
يسبح			[yasbaḥu] 游泳〈动〉
اشتاق			[ishtāq] 渴望；切盼；向往〈动〉
الآلام			[āl’ālām] 苦恼；灾难；苦恼的原因〈名〉
الظواهر			[ālẓwāhr] 现象〈名〉
النخبة			[ālnkhbah] 精华；精锐；中坚分子〈名〉
يستغل			[yastaghillu] 利用；剥削〈动〉
القروض			[ālqrwḍ] 借贷；贷款〈名〉
ترافس			[trāfs] 崔维斯合唱团；特拉维斯〈名〉
المظلّة			[ālmẓllah] 遮篷；雨篷〈名〉
الطّموح			[ālṭṭmwḥ] 野心；志向〈名〉
أردن			[’ardn] 昔时阿尔丁的森林地带；浪漫的地方〈名〉
الكسر			[ālksr] 打破；断裂；骨折〈名〉
الشّرائط			[ālshrā’iṭ] 磁带；带子；条带〈名〉
الحقد			[ālḥqd] 仇恨；怨恨〈名〉
التّمتّع			[ālttmtt‘] 享受；享有〈名〉
التحلية			[āltḥlyah] 甜点；加糖；加甜〈名〉
الصوف			[ālṣwf] 羊毛；羊毛制的覆盖物；剪下羊毛〈名〉
الألياف			[āl’alyāf] 纤维；纤维质〈名〉
الزرع			[ālzr‘] 种植；播种；庄稼〈名〉
الأردن			[āl’ardn] 约旦；约旦河；尿壶〈名〉
نفخ			[nafkh] 吹；吹气；吹制〈名〉
التنقيب			[āltnqyb] 挖掘；开凿；开凿的洞穴〈名〉
منتشي			[muntashī] 狂喜的人；狂喜的〈名〉
الشقي			[ālshqy] 不幸的；调皮的；脸颊〈名〉
الإبقاء			[āl’ibqā’] 保留；保存〈名〉
تمشّى			[tmshā] 散步；漫步〈动〉
الكوكتيل			[ālkwktyl] 鸡尾酒；开胃品；鸡尾酒会用的〈名〉
الفراء			[ālfrā’] 皮草；毛皮；舌苔〈名〉
فاريل			[fāryl] 法雷尔〈名〉
المشنقة			[ālmshnqah] 绞首台；绞刑；枭首示众〈名〉
مندوب			[mundūb] 代表；代理人〈名〉
التلاميذ			[āltlāmydh] 学生；瞳孔；弟子〈名〉
مشارك			[mshārk] 参加者；参与者；共享的〈名〉
المنظار			[ālmnẓār] 望远镜；窥镜；潜望镜〈名〉
يعلّق			[yu‘alliqu] 评论；注解；悬挂〈动〉
الإلهام			[āl’ilhām] 灵感；神明启示〈名〉
الفراشات			[ālfrāshāt] 蝴蝶〈名〉
يعقّد			[‘aqqada] 使复杂化〈动〉
فادح			[fādḥ] 损失惨重的；严重的〈形〉
منتخب			[muntakhab] 当选的；被选出的；（国家）代表队〈名〉
القفاز			[ālqfāz] 手套〈名〉
عوائق			[‘awā’iq] 障碍；阻碍〈名〉
الحنين			[ālḥnyn] 乡愁；向往过去；怀旧之情〈名〉
جرّا			[jrrā] 拖；拉长〈名〉
أحيا			[’aḥyā] 使复活；使有生气；激励〈动〉
تينيسي			[tīnīsī] 田纳西州〈名〉
ويستن			[wīstin] 韦斯顿标准电池；韦斯顿〈名〉
الألبوم			[āl’albwm] 相册；集邮册；专辑〈名〉
النّصب			[ālnnṣb] 宾格；诈欺；竖立〈名〉
عباس			[‘bās] 阿巴斯；阿巴斯王朝〈名〉
مدخّن			[mudakhkhin] 吸烟者〈名〉
روحانيّ			[rwḥānyy] 精神的；灵性的；灵媒〈名〉
المسلسلات			[ālmslslāt] 电视连续剧；连载小说〈名〉
أبولّو			[’abwllw] 阿波罗；美男子〈名〉
نشّط			[nashshaṭa] 使活跃；使振作〈动〉
المصالح			[ālmṣālḥ] 利益；好处；适宜〈名〉
الروائح			[ālrwā’iḥ] 气味；臭气〈名〉
الإصبع			[āl’iṣb‘] 手指；指状物；手指部分〈名〉
المسارات			[ālmsārāt] 路线；路径；轨道〈名〉
أهلك			[’ahlk] 毁灭；使灭亡；使丧生〈动〉
يبرّد			[yubarrid] 使变凉〈动〉
فوس			[faws] 壕坑；城河〈名〉
جينو			[jīnū] 牛羚；角马〈名〉
المليمتر			[ālmlymtr] 毫米〈名〉
صوري			[ṣūriyy] 形式的；假想的〈名〉
البساط			[ālbsāṭ] 地毯；垫子〈名〉
الستّينات			[ālsttynāt] 六十年代〈名〉
التّعليقات			[āltt‘lyqāt] 注释；附注〈名〉
التقليل			[āltqlyl] 减少；缩减；贬低〈名〉
بكين			[Bakīn] 北京〈名〉
القولون			[ālqwlwn] 冒号；结肠〈名〉
المقابر			[ālmqābr] 墓地；公墓〈名〉
العلب			[āl‘lb] 易拉罐；金属罐；罐〈名〉
الوزارة			[ālwzārah] 部；内阁〈名〉
عابر			[‘ābr] 短暂的；朝生暮死的；过路的〈形〉
الخان			[ālkhān] 旅馆；客栈；旅店〈名〉
مانويل			[mānwyl] 曼纽尔；曼努埃尔二世〈名〉
الراكب			[ālrākb] 乘客；骑手；乘车者〈名〉
برائحة			[brā’iḥah] 有香味的；散发着…气味的〈形〉
النظريات			[ālnẓryāt] 理论〈名〉
المدفعيّة			[ālmdf‘yyah] 火炮；炮兵；炮术〈名〉
حارب			[ḥārb] 战斗；与…作战〈动〉
البوصلة			[ālbwṣlah] 指南针；罗盘〈名〉
بياني			[byāny] 图解的；图表的；图式的〈形〉
اللّياقة			[ālllyāqah] 体能；胜任；适宜〈名〉
حريص			[ḥarīṣ] 热切的；急切的；留心的〈形〉
النّفع			[ālnnf‘] 益处；利益；好处〈名〉
طولي			[ṭūlī] 纵向的；经度的；经线的〈形〉
المغرب			[ālmghrb] 摩洛哥；摩洛哥皮革；摩洛哥革〈名〉
الأبوّة			[āl’abwwah] 父亲身份；父系血统；父权〈名〉
المحطات			[ālmḥṭāt] 车站；驻地；位置〈名〉
العربيّ			[āl‘rbyy] 阿拉伯人；阿拉伯马；阿拉伯人的〈名〉
الدّفن			[ālddfn] 葬礼；埋葬〈名〉
المسيطر			[ālmsyṭr] 支配者；统治者；支配力〈名〉
يقترح			[yaqtariḥu] 提议；建议；提出〈动〉
يبستر			[yubastir] 用巴氏灭菌法消毒〈动〉
سيلفي			[sīlfī] 自拍；自拍照〈名〉
الصالون			[ālṣālwn] 大厅；沙龙；理发店〈名〉
ويبستر			[wībistar] 韦伯斯特〈名〉
الشّهيّة			[ālshhyyah] 食欲；欲望；爱好〈名〉
الزحف			[ālzḥf] 爬行；推进〈名〉
القنصليّة			[ālqnṣlyyah] 领事馆；领事职位〈名〉
مطاطي			[mṭāṭy] 橡胶的；有弹性的〈形〉
هزلي			[hazliyy] 滑稽的；戏谑的〈形〉
بغباء			[bghbā’] 愚蠢；愚昧〈名〉
سماوية			[smāwyah] 天空的；天上的；天蓝的〈形〉
السماويّة			[ālsmāwyyah] 天界；天空〈名〉
الحمم			[ālḥmm] 熔岩；火山岩；火山石〈名〉
بالغون			[bālghwn] 成年人（بالغ 的复数）〈名〉
الإساءة			[āl’isā’ah] 侮辱；虐待；得罪〈名〉
المأوى			[ālm’awā] 避难所；安全地带；避难〈名〉
يتسلّل			[yatasallalu] 潜行；偷偷接近〈动〉
الإتهام			[āl’ithām] 指控；谴责〈名〉
المعارضة			[ālm‘ārḍah] 反对；矛盾；乖张〈名〉
التنافس			[āltnāfs] 竞争〈名〉
باهظ			[bāhẓ] 过高的；过分的；昂贵的〈形〉
الإغتصاب			[āl’ightṣāb] 强夺；强奸〈名〉
الخطبة			[ālkhṭbah] 布道；讲演；婚约〈名〉
الكونتيسة			[ālkwntysah] 伯爵夫人；女伯爵〈名〉
المسن			[ālmsn] 老年人〈名〉
محتوم			[maḥtūm] 逃不掉的；不可避免的〈形〉
منوي			[manawiyy] 精液的；精囊的；生殖的〈形〉
الانصراف			[ālānṣrāf] 离开；退场；散会〈名〉
بنطلون			[banṭalūn] 裤子〈名〉
التّجهيزات			[ālttjhyzāt] 装备；设备〈名〉
الوحشيّ			[ālwḥshyy] 野蛮的；残忍的〈形〉
الجسور			[āljswr] 桥梁工事；桥；桥托〈名〉
الدّيكور			[ālddykwr] 装饰；布景；装潢〈名〉
الصعوبات			[ālṣ‘wbāt] 困难；难度；难事〈名〉
المسجد			[ālmsjd] 清真寺〈名〉
فيسك			[fīsk] 国库；罗马皇帝王室财库〈名〉
ترابط			[trābṭ] 相互关联〈名〉
يوهان			[ywhān] 约翰〈名〉
إسباني			[’isbāny] 西班牙人；西班牙语；西班牙的〈名〉
الفضيحة			[ālfḍyḥah] 丑闻；丑事；丢脸的事〈名〉
المسخ			[ālmskh] 突变体；突变型〈名〉
صب			[ṣabb] 倾注；浇铸；倾泻〈名〉
بحزم			[bi-ḥazm] 坚决地；果断地〈副〉
الأغلبية			[āl’aghlbyah] 多数；大半；多数逻辑〈名〉
العيوب			[āl‘ywb] 缺陷；缺点；瑕疵〈名〉
الخطف			[ālkhṭf] 绑架；诱拐；使外展〈名〉
بشجاعة			[bshjā‘ah] 勇敢地〈副〉
التوزيع			[āltwzy‘] 分配；分布；发行〈名〉
ساتن			[sātn] 缎子；缎纹织物〈名〉
الشّجيرات			[ālshjyrāt] 灌木；衬套；套管〈名〉
خشن			[khashin] 粗糙的；粗硬的；生硬的〈形〉
يخون			[yakhūnu] 背叛；对…不忠；出卖〈动〉
الكسور			[ālkswr] 骨折；断裂；折断〈名〉
الجليل			[āljlyl] 加利利；西端入口处的门廊〈名〉
المرايا			[ālmrāyā] 镜子；反光镜〈名〉
جليل			[jalīl] 尊贵的；伟大的；隆重的〈形〉
النّطق			[ālnnṭq] 发音；读音；吐字〈名〉
أنجلو			[’anjlw] 安吉洛〈名〉
يمينا			[ymynā] 向右〈副〉
الإستيقاظ			[āl’istyqāẓ] 醒来；起床；觉醒〈名〉
الانطلاق			[ālānṭlāq] 升空；发射〈名〉
الأبراج			[āl’abrāj] 塔；塔楼；星座〈名〉
فرويد			[Frūyd] 佛洛伊德〈名〉
الحرص			[ālḥrṣ] 渴望；热切；珍惜〈名〉
المتاهة			[ālmtāhah] 迷宫；迷津〈名〉
ماتيلدا			[mātyldā] 玛蒂尔达（人名）〈名〉
النواة			[ālnwāah] 核心；核子；原子核〈名〉
العصب			[āl‘ṣb] 神经；筋〈名〉
الزيارات			[ālzyārāt] 访问；参观〈名〉
الثلاثينات			[ālthlāthynāt] 三十年代；三十多岁〈名〉
التجّار			[āltjjār] 商人；商人们〈名〉
مينيسوتا			[mynyswtā] 明尼苏达州〈名〉
الماسة			[ālmāsah] 钻石；金刚石〈名〉
العدّاد			[āl‘ddād] 计数器；仪表〈名〉
النهائيات			[ālnhā’iyāt] 决赛；总决赛〈名〉
أوليفير			[’awlyfyr] 奥利维尔（人名）〈名〉
الخضوع			[ālkhḍw‘] 柔顺；服从〈名〉
إبطال			[’ibṭāl] 取消；作废〈名〉
الوقح			[ālwqḥ] 厚脸皮的人；无礼的人〈名〉
أنفق			[’anfq] 花费；支出〈动〉
الدنمارك			[āldnmārk] 丹麦〈名〉
مايكلز			[māyklz] 迈克尔斯（人名）〈名〉
آنيا			[’ānyā] 安妮娅（人名）〈名〉
سكوبي			[Skūbī] 斯科普里〈名〉
ينطق			[yanṭiqu] 发音；说出〈动〉
التّكيّف			[ālttkyyf] 适应性；自适应性〈名〉
تكيّف			[takayyuf] 适应；顺应〈名〉
الوردة			[ālwrdah] 玫瑰；蔷薇；玫瑰色〈名〉
أحلى			[’aḥlā] 最甜的；最美好的〈形〉
الحجاب			[ālḥjāb] 面纱；遮盖物〈名〉
يخفّف			[yukhaffifu] 减轻；减少〈动〉
المظاهر			[ālmẓāhr] 外观；外表；示威游行〈名〉
يصرّف			[yaṣarrifu] 列出变化形式；兑换；处理〈动〉
الرفقة			[ālrfqah] 交往；友谊；一群同伴〈名〉
النهايات			[ālnhāyāt] 终点；末端；尽头〈名〉
الصبيان			[ālṣbyān] 男孩们；孩子们〈名〉
المشكّل			[ālmshkkl] 成形机；牛头刨床；造型者〈名〉
يوكي			[Yūki] 徐怀钰；友希；雪〈名〉
سطحيّ			[saṭḥiyy] 表面的；肤浅的〈形〉
يخدع			[yakhda‘] 蒙骗；欺骗〈动〉
الورطة			[ālwrṭah] 一团糟；错综复杂的局面〈名〉
جوك			[Jūk] 苏格兰高原地方的士兵；运动员；乔克〈名〉
نقّع			[naqqa‘a] 用腌泡汁腌；浸泡〈动〉
إيمانيّ			[’iymānyy] 信仰的；信教的〈形〉
نموذجيّ			[namūdhajī] 典型的；模范的〈形〉
الهواة			[ālhwāah] 业余爱好者；非专业人员〈名〉
الطّوب			[ālṭṭwb] 砖；砖块〈名〉
إخلع			[’ikhl‘] 脱；丢弃；摆脱〈动〉
إنخفض			[’inkhfḍ] 降低；下降；削弱〈动〉
المخلل			[ālmkhll] 腌菜；泡菜〈名〉
المطاط			[ālmṭāṭ] 橡胶〈名〉
ريج			[rīj] 脊；山脊；山脉〈名〉
اقامة			[āqāmah] 居住；定居〈名〉
الأرجنتين			[āl’arjntyn] 阿根廷〈名〉
التّقديم			[ālttqdym] 提交；提出；优先〈名〉
بيلامي			[bylāmy] 贝拉米〈名〉
راضي			[rāḍy] 满足的；满意的；得意的〈形〉
جاكسن			[jāksn] 杰克逊〈名〉
تعرّق			[ta‘arraqa] 出汗；流汗〈动〉
التّابع			[ālttāb‘] 追随者；部下；随从〈名〉
متفائل			[mtfā’il] 乐观的〈形〉
العارضة			[āl‘ārḍah] 意外事故；临时发生的事〈名〉
الدعوات			[āld‘awāt] 邀请；请柬；号召〈名〉
ديزموند			[dīzmūnd] 德斯蒙德〈名〉
ستانتون			[stāntwn] 斯汤顿〈名〉
راغب			[rāghb] 祝愿者；希望者〈名〉
الأعياد			[āl’a‘yād] 节日；假日〈名〉
الأورام			[āl’awrām] 肿瘤〈名〉
التوائم			[āltwā’im] 双胞胎；双子座〈名〉
اليخت			[ālykht] 快艇；游艇〈名〉
ودود			[wadūd] 慈爱的；友好的；和蔼的〈形〉
الأكياس			[āl’akyās] 小袋；育儿袋；邮袋〈名〉
بوحشيّة			[bwḥshyyah] 残忍；蛮横；暴虐〈名〉
بينز			[bīnz] 奔驰〈名〉
مبهج			[mubhij] 令人高兴的；使人愉快的〈形〉
محروق			[maḥrūq] 被烧焦的；烧过的；晒黑的〈形〉
الشارب			[ālshārb] 胡须；上唇胡；饮者〈名〉
الجوهرة			[āljwhrah] 珠宝；贵重物；镶珠宝的饰物〈名〉
المستقيم			[ālmstqym] 直肠〈名〉
النشاطات			[ālnshāṭāt] 活动；各项活动〈名〉
الأقسام			[āl’aqsām] 部；部分；部门〈名〉
الأجيال			[āl’ajyāl] 世代〈名〉
القياس			[ālqyās] 测量；测定；计量〈名〉
هاتي			[hāty] 拿来；给我（阴性祈使动词）〈名〉
التّماثيل			[ālttmāthyl] 雕像；塑像〈名〉
الشّاعر			[ālshā‘r] 吟游诗人；诗人〈名〉
المدلّل			[ālmdlll] 被宠坏的；娇生惯养的〈形〉
معتدل			[mu‘tadil] 温和的；适度的；有节制的〈形〉
تلقائي			[tlqā’iy] 自然而然的；无意识的；不知不觉的〈形〉
لوريتا			[lwrytā] 洛雷塔〈名〉
الأجمل			[āl’ajml] 最美的；更美的〈形〉
المسافات			[ālmsāfāt] 距离；远处；相距〈名〉
البعثة			[ālb‘thah] 远征；探险队；使团〈名〉
البند			[ālbnd] 子句；条款〈名〉
الجنّيات			[āljnnyāt] 仙人；小仙子；小精灵〈名〉
ضارب			[ḍārb] 加以打击的；使人难过的〈名〉
النازي			[ālnāzy] 纳粹党人；纳粹党的〈名〉
المقذوفات			[ālmqdhwfāt] 抛射体；射弹；自动推进的武器〈名〉
الرّبط			[ālrrbṭ] 结扎；绑〈名〉
ينكر			[yunkiru] 否认；不承认〈动〉
بليد			[balīd] 愚笨的；粗鲁的；全然不顾他人的〈名〉
المعاهدة			[ālm‘āhdah] 条约；协定〈名〉
لوسيا			[lwsyā] 露西娅〈名〉
هامش			[hāmsh] 页边的空白；边缘；界限〈名〉
عدن			[‘Adan] 亚丁〈名〉
ساخر			[sākhr] 嘲笑的；挖苦的；讥讽的〈形〉
هانسن			[hānsn] 韩氏兄弟合唱团；汉森〈名〉
الإفتتاح			[āl’ifttāḥ] 开幕；开通；落成典礼〈名〉
هاديء			[hādy’] 平静的；安静的〈形〉
النصوص			[ālnṣwṣ] 课文；文字〈名〉
اتصالي			[ātṣāly] 通信的；通讯的；交往的〈形〉
المقص			[ālmqṣ] 大剪刀；截割器〈名〉
لينج			[linj] 林格（人名）〈名〉
مونتريال			[mwntryāl] 蒙特利尔〈名〉
التفصيل			[āltfṣyl] 细节；详述〈名〉
معدّ			[mu‘idd] 准备者；筹备者〈名〉
المحقّقون			[ālmḥqqqwn] 调查者；审查者〈名〉
ماكنزي			[māknzy] 麦肯齐；马更些〈名〉
رافائيل			[rāfā’iyl] 拉斐尔〈名〉
الكنائس			[ālknā’is] 教堂；礼拜仪式；教派〈名〉
الإختراق			[āl’ikhtrāq] 侵入；渗透；（网络）入侵〈名〉
الإتهامات			[āl’ithāmāt] 指控；谴责；罪名〈名〉
انعطف			[ān‘ṭf] 转弯；拐弯；转向〈动〉
يتيم			[yatīm] 孤儿；无父母的〈名〉
بيريز			[bīrīz] 佩雷斯〈名〉
تقاعدي			[tqā‘dy] 抚恤金的；领取抚恤金的；依靠抚恤金生活的〈形〉
أنعم			[’an‘m] 更柔软的；更温和的；更温柔的〈形〉
السباقات			[ālsbāqāt] 比赛；赛跑；竞赛〈名〉
الحوائط			[ālḥwā’iṭ] 墙壁；墙体〈名〉
عمدا			[‘mdā] 故意地；有意地；特意地〈副〉
الفرعون			[ālfr‘wn] 法老；暴君〈名〉
محشو			[maḥshū] 塞满的；填馅的；饱食的〈形〉
الفاتنة			[ālfātnah] 诱惑男人的女性〈名〉
الخصر			[ālkhṣr] 腰部；腰〈名〉
ألغى			[’alghā] 废除；取消；撤销〈动〉
ساد			[sād] 统治；支配；盛行〈动〉
يزحف			[yazḥafu] 爬行；匍匐前进；进军〈动〉
ديميتري			[dīmītrī] 德米特里〈名〉
مشتاق			[mshtāq] 渴望的；思念的；想念的〈形〉
ليروي			[līruwī] 勒罗伊〈名〉
اللغات			[āllghāt] 语言；语种；语言文字〈名〉
الإشراف			[āl’ishrāf] 监督；主管；督导〈名〉
العزل			[āl‘zl] 隔离；隔绝；绝缘〈名〉
الأعلام			[āl’a‘lām] 标记；旗帜〈名〉
الرّشوة			[ālrrshwah] 贿赂行为；行贿；受贿〈名〉
النوّاب			[ālnwwāb] 议员；代表；委员〈名〉
النوبات			[ālnwbāt] 阵发；发作；一阵〈名〉
مورس			[mūris] 摩尔斯电码〈名〉
روزماري			[rwzmāry] 迷迭香〈名〉
النّمسا			[ālnnmsā] 奥地利〈名〉
الطّعن			[ālṭṭ‘n] 刺；刺伤；抨击〈名〉
الإحتياطي			[āl’iḥtyāṭy] 储备的；后备的；预备的〈形〉
الضّروريّة			[ālḍḍrwryyah] 必要性；必需品〈名〉
الورشة			[ālwrshah] 工场；车间；研讨会〈名〉
الطّوق			[ālṭṭwq] 项圈；环；圈〈名〉
منتشر			[muntashir] 散布的；普及的；扩散的〈形〉
الجلسات			[āljlsāt] 会议；座谈会（جلسة的复数）〈名〉
الطابع			[ālṭāb‘] 邮票；印记；性质〈名〉
زيتا			[zytā] 希腊字母ζ（第六个字母）〈名〉
يتّهم			[’ittahama] 指责；控告〈动〉
الشقوق			[ālshqwq] 裂缝；缺口〈名〉
بأدب			[b’adb] 有礼貌地；客气地〈副〉
محفّز			[muḥaffiz] 催化剂；激励因素〈名〉
تقديري			[taqdīrī] 估计的；大约的〈形〉
تقلّب			[taqallaba] 变动；起伏；动摇〈动〉
التفاعل			[āltfā‘l] 互相作用；互相影响〈名〉
بينا			[bynā] 在我们之间〈介〉
الأنشطة			[āl’anshṭah] 活动；活动区；活动性〈名〉
الجذع			[āljdh‘] 树干；躯干〈名〉
يحفظ			[yaḥfaẓu] 保存；记住；背诵〈动〉
إختر			[’ikhtr] 选择（اختر的常见变体）〈动〉
سيسيل			[sīsīl] 塞西尔〈名〉
مكشوف			[makshūf] 暴露的；敞开的；被揭发的〈形〉
القارورة			[ālqārwrah] 细颈瓶；烧瓶；小水瓶〈名〉
الكنوز			[ālknwz] 宝藏；珍宝（كنز的复数）〈名〉
زوّد			[zawwada] 供给；供应；配备〈动〉
الوضيع			[ālwḍy‘] 卑贱者；卑鄙的人〈名〉
دفاعي			[dfā‘y] 防御的；防卫的〈形〉
البوظة			[ālbwẓah] 冰淇淋〈名〉
الرطوبة			[ālrṭwbah] 湿度；潮湿〈名〉
الرهينة			[ālrhynah] 人质；抵押品〈名〉
يجرح			[jaraḥa] 损害；伤害；使受伤〈名〉
أوكلاهوما			[’awklāhwmā] 俄克拉何马〈名〉
السكرتير			[ālskrtyr] 秘书；书记；大臣〈名〉
ينبح			[yanbaḥu] （狗）吠叫〈名〉
أندروز			[’andrwz] 安德鲁斯〈名〉
أقسى			[’aqsā] 残酷的；残忍的；使人痛苦的〈名〉
عوّض			[‘awwaḍ] 偿还；补偿；付报酬〈名〉
تشوك			[tshūk] 抚弄；赶走；抛掷〈名〉
الشباك			[ālshbāk] 窗户〈名〉
باختيار			[bākhtyār] 随意地〈名〉
الحروق			[ālḥrwq] 烧伤；灼伤〈名〉
إضرب			[’iḍrb] 打；痛打〈名〉
الإمتحان			[āl’imtḥān] 考试；测验〈名〉
الخناق			[ālkhnāq] 扁桃腺炎；扁桃体周脓肿〈名〉
الروابط			[ālrwābṭ] 联系；纽带；链接〈名〉
النّظّارة			[ālnnẓẓārah] 眼镜〈名〉
الصّياح			[ālṣṣyāḥ] 大叫；放声痛哭；大声叫出〈名〉
كوليت			[kūlīt] 科莱特〈名〉
متطور			[mutaṭawwir] 发达的；成熟的〈名〉
الفساتين			[ālfsātyn] 连衣裙〈名〉
بطعم			[bi ṭa‘m] =〈名〉
المواطنون			[ālmwāṭnwn] 市民；自由民；自治市公民〈名〉
البطّانيّة			[ālbṭṭānyyah] 毛毯；毯子；掩盖〈名〉
الأزمات			[āl’azmāt] 危机；骤变；转折点〈名〉
الوصاية			[ālwṣāyah] 监护；保护；守护〈名〉
الصّخر			[ālṣṣkhr] 正长岩〈名〉
عظميّة			[‘ẓmyyah] 骨质；骨骼〈名〉
التّقويم			[ālttqwym] 年历；历书；年鉴〈名〉
بلجيكا			[bljykā] 比利时〈名〉
مجنّد			[mujannad] 新兵；应征入伍者〈名〉
التدفئة			[āltdf’iah] 暖气装置〈名〉
مشاغب			[mshāghb] 引起骚扰的；暴乱的；放荡的〈形〉
الثقاب			[ālthqāb] 火柴〈名〉
أحرز			[’aḥrz] 取得；得到；获得〈动〉
مربك			[murbik] 令人困惑的；混乱的〈形〉
مقلّب			[muqallib] 恶作剧；诡计；频道转换〈名〉
تقنيا			[tqnyā] 技术上地；科技地〈副〉
العطاء			[āl‘ṭā’] 赠与；给与〈名〉
المراسل			[ālmrāsl] 通讯记者；通信者〈名〉
الكرامة			[ālkrāmah] 尊严；高贵；高位〈名〉
لاكس			[lāks] 勒克斯；勒；米烛光〈名〉
ميرل			[mīril] 默尔〈名〉
يسرّ			[yasuRRu] 高兴；满意；想要〈动〉
بنما			[bnmā] 巴拿马；巴拿马城〈名〉
متمرد			[mutamarrid] 不听命令的；反抗权威的；反抗法院命令的〈形〉
وظيفي			[wiẓīfī] 功能的；机能的；官能的〈形〉
هافانا			[hāfānā] 哈瓦那；哈瓦那雪茄烟〈名〉
يغسل			[yaghsilu] 洗；洗烫〈动〉
ميريل			[mīrīl] 美林〈名〉
الزّباديّ			[ālzzbādyy] 酸乳酪；酸乳〈名〉
برين			[Brīn] 布琳〈名〉
مطّلع			[muṭaṭṭali‘] 熟悉的；亲近的；有交情的〈形〉
تخصّص			[takhaṣṣuṣ] 专业；专长；专门化〈名〉
إقفز			[’iqfz] 跳；跳跃〈动〉
الباندا			[ālbāndā] 大熊猫；小熊猫〈名〉
أليسيا			[’alysyā] 艾丽西娅〈名〉
المبارزة			[ālmbārzah] 决斗；斗争〈名〉
المقبّلات			[ālmqbblāt] 开胃菜；前菜〈名〉
الفيلة			[ālfylah] 象；大象〈名〉
البلوط			[ālblwṭ] 橡树；橡木；橡木制的〈名〉
المروحة			[ālmrwḥah] 螺旋桨；推进器；搅拌叶片〈名〉
جنوبا			[jnwbā] 向南；在南方〈副〉
التهاني			[ālthāny] 祝贺词；祝贺语〈名〉
المحترف			[ālmḥtrf] 职业选手；专业人员；行家〈名〉
المصانع			[ālmṣān‘] 工厂；车厂〈名〉
اندفاع			[āndfā‘] 冲动；猛冲；热情〈名〉
متوجّه			[mutawajjih] 前往…的；开往…的〈形〉
التّساؤل			[ālttsā’ul] 疑问；询问；质疑〈名〉
يئنّ			[y’inn] 呻吟；哀鸣〈动〉
شاحب			[shāḥb] 苍白的；灰白的〈形〉
الاضطراب			[ālāḍṭrāb] 紊乱；动荡；失调〈名〉
الشّبكات			[ālshbkāt] 网络；网状物〈名〉
النخب			[ālnkhb] 精华；精锐；上层集团〈名〉
النرويج			[ālnrwyj] 挪威〈名〉
البطاريق			[ālbṭāryq] 企鹅〈名〉
الكعكات			[ālk‘kāt] 烤饼；烤小圆面包〈名〉
يفصل			[yafṣilu] 分开；隔开；判决〈动〉
المرسل			[ālmrsl] 委托者；发货人；货主〈名〉
الدبلوماسية			[āldblwmāsyah] 外交；外交手腕；交际手段〈名〉
العصفور			[āl‘ṣfwr] 小鸟；麻雀〈名〉
مشجّع			[mushajji‘] 鼓舞人心的；支持者；球迷〈名〉
التشابه			[āltshābh] 相似；类似〈名〉
سامري			[sāmry] 撒马利亚人；乐善好施者〈名〉
البطلة			[ālbṭlah] 巾帼英雄；烈妇；女主角〈名〉
السرقات			[ālsrqāt] 盗窃〈名〉
خطابي			[khṭāby] 演说的；雄辩的；演说家的〈形〉
العزم			[āl‘zm] 决心；决意〈名〉
الرّمليّة			[ālrrmlyyah] 沙质；含沙〈名〉
الستارة			[ālstārah] 帐；幕；窗帘〈名〉
زاحف			[zāḥf] 爬行的；缓慢行进的〈形〉
الزّميل			[ālzzmyl] 同事；同志；同仁〈名〉
المستعمرة			[ālmst‘mrah] 殖民地；移民队；菌落〈名〉
مطارد			[mṭārd] 被追捕的；被追猎的〈名〉
الوريث			[ālwryth] 继承人；嗣子；后嗣〈名〉
مادوكس			[mādwks] 马多克斯〈名〉
ينكسر			[yankasiru] 被折断；破碎；被打破〈动〉
مغري			[maghrī] 诱人的；有吸引力的〈形〉
تيكيلا			[tykylā] 蒸馏酒；龙舌兰酒〈名〉
النّعمة			[ālnn‘mah] 恩惠〈名〉
اللّكمات			[ālllkmāt] 重击；猛撞；痛击〈名〉
الترخيص			[āltrkhyṣ] 许可；执照；批准〈名〉
الملفوف			[ālmlfwf] 洋白菜；卷心菜〈名〉
التطوّرات			[āltṭwwrāt] 发展；进展；演变〈名〉
الميزان			[ālmyzān] 天平；秤；天秤座〈名〉
ألاباما			[’alābāmā] 亚拉巴马州〈名〉
الأفيون			[āl’afywn] 鸦片；阿片〈名〉
الروبيان			[ālrwbyān] 虾；小虾；矮小的人〈名〉
ساكس			[sāks] 萨克斯管〈名〉
الجواهر			[āljwāhr] 珠宝首饰〈名〉
الزواحف			[ālzwāḥf] 爬行动物〈名〉
مجبر			[mujbar] 被迫的；勉强的〈形〉
تحلّل			[taḥallala] 分解；分析〈动〉
ساو			[sāw] 使相等；把…等同看待〈动〉
كيربي			[kīrbī] 卡比〈名〉
الوهمية			[ālwhmyah] 虚幻的；不真实的〈形〉
يخيف			[yukhīfu] 恐吓；使害怕〈动〉
الإغراء			[āl’ighrā’] 引诱；诱惑〈名〉
كورنيل			[kūrnīl] 康奈尔〈名〉
المبالغة			[ālmbālghah] 夸张；夸大的事物；夸大之词〈名〉
ينوّر			[yunawwiru] 启发；照亮〈动〉
الخمسينات			[ālkhmsynāt] 五十年代〈名〉
متعفّن			[muta‘affin] 腐烂的；发臭的〈形〉
لينور			[līnūr] 丽诺尔〈名〉
علاجي			[‘lājy] 治疗的；补救的；矫正的〈形〉
راندولف			[rāndwlf] 伦道夫〈名〉
الأغطية			[āl’aghṭyah] 覆盖物；罩子〈名〉
فيتش			[fītsh] 艾鼬；艾鼬毛皮〈名〉
الجين			[āljyn] 基因〈名〉
الإبر			[āl’ibr] 针；注射针〈名〉
الطيف			[ālṭyf] 光谱；范围；系列〈名〉
حجب			[ḥajaba] 使遮暗；蒙蔽〈动〉
الكاريبي			[ālkāryby] 加勒比海；加勒比海的；加勒比人的〈名〉
طفيلي			[ṭafīlī] 寄生的；由寄生虫引起的〈形〉
التزحلق			[āltzḥlq] 滑雪运动；滑雪术〈名〉
فلاديمير			[flādymyr] 弗拉基米尔〈名〉
جسديًّا			[jsdyyanā] 肉体上〈名〉
كراوفورد			[krāwfwrd] 克劳福德〈名〉
معلوماتي			[m‘lwmāty] 信息的；情报的；提供消息的〈形〉
يطبخ			[yaṭbukhu] 烹饪；做饭〈动〉
ويسكونسن			[wīskūnsin] 威斯康星〈名〉
ويتمان			[wytmān] 惠特曼〈名〉
المقدرة			[ālmqdrah] 能力；才干；水准〈名〉
العزلة			[āl‘zlah] 隔离；孤立；隔开〈名〉
الظّهير			[ālẓẓhyr] 后卫球员〈名〉
خسيس			[khasīs] 卑鄙的；恶劣的；低贱的〈形〉
الكبريت			[ālkbryt] 硫磺；硫黄〈名〉
الضّمادات			[ālḍḍmādāt] 绷带〈名〉
السياق			[ālsyāq] 上下文；背景；来龙去脉〈名〉
التحديات			[āltḥdyāt] 挑战；要求；查问口令〈名〉
مسجون			[masjūn] 被监禁的；在押的〈形〉
أشلي			[’ashly] 艾希莉〈名〉
بيتهوفن			[bīthūfin] 贝多芬〈名〉
فيتامين			[fytāmyn] 维生素；维他命〈名〉
الذّرّات			[āldhdhrrāt] 原子〈名〉
اليقظة			[ālyqẓah] 警戒；机敏〈名〉
الشيخوخة			[ālshykhwkhah] 老年；高龄〈名〉
بريس			[Brīs] 布赖斯〈名〉
الخالق			[ālkhālq] 造物主；创造者〈名〉
الإصطدام			[āl’iṣṭdām] 碰撞；冲突；抵触〈名〉
مقلق			[muqliq] 令人不安的；烦扰人的〈形〉
هامبتون			[hāmbtwn] 汉普顿〈名〉
مليندا			[mlyndā] 梅林达〈名〉
رومانيا			[rwmānyā] 罗马尼亚〈名〉
يبيّن			[yubayyinu] 表明；说明〈动〉
شاكر			[shākr] 感谢的；感恩的〈形〉
الزّنًا			[ālzznanā] 通奸〈名〉
كونستانس			[kwnstāns] 康士坦茨湖〈名〉
الزئبق			[ālz’ibq] 水银；汞；水星〈名〉
ريبلي			[rīblī] 里普利；天才雷普利〈名〉
سانتياغو			[sāntyāghw] 圣地亚哥〈名〉
اليورانيوم			[ālywrānywm] 铀〈名〉
الوسائد			[ālwsā’id] 长枕；垫子；衬垫〈名〉
مؤقّتا			[m’uqqtā] 临时地；暂时地〈副〉
القفزة			[ālqfzah] 跳；跃；跳跃〈名〉
فرانز			[frānz] 弗朗茨〈名〉
الشوفان			[ālshwfān] 燕麦；燕麦属植物；燕麦粥〈名〉
جريء			[jarī’] 大胆的；鲁莽的；胆大妄为的〈形〉
النّقيض			[ālnnqyḍ] 正相反的事物；对映体〈名〉
التّفوّق			[ālttfwwq] 卓越；优越；优秀〈名〉
الغياب			[ālghyāb] 缺席；不参加；不在〈名〉
يعكس			[’a‘kasa] 反映；使倒转；反射〈动〉
انظف			[ānẓf] 更干净的〈形〉
متوقّف			[mutawaqqaf] 停止的；中断的；被暂停的〈形〉
كاديلاك			[kādylāk] 卡迪拉克牌轿车〈名〉
محظور			[maḥẓūr] 被禁止的；不允许的〈形〉
قطبي			[quṭbiyy] 两极的；极地的；正好相反的〈形〉
تولّ			[tawalla] 掌管；负责；承担〈动〉
المرافق			[ālmrāfq] 同伴；伴唱者〈名〉
هدم			[hadama] 拆毁；推倒；铲平〈名〉
الاستعراض			[ālāst‘rāḍ] 阅兵；游行；表演〈名〉
التعافي			[ālt‘āfy] 康复〈名〉
الإعداد			[āl’i‘dād] 准备；筹备；预备〈名〉
الفردية			[ālfrdyah] 个人主义；个性〈名〉
البطيخ			[ālbṭykh] 西瓜〈名〉
المشكلات			[ālmshklāt] 问题；难题〈名〉
الأمين			[āl’amyn] 秘书；保管员〈名〉；忠实的〈形〉
معاق			[m‘āq] 残疾的〈形〉
الإرتباط			[āl’irtbāṭ] 相互关系；相关；关联〈名〉
مزمن			[muzmin] 慢性的；习惯性的；长期存在的〈形〉
الغطس			[ālghṭs] 跳水；潜水；浸入〈名〉
غطّس			[ghaṭṭasa] 使浸入；蘸〈动〉
سلس			[salis] 容易教的；温顺的〈形〉
يصوّر			[yaṣawwiru] 拍摄；描绘；描述〈动〉
التوظيف			[āltwẓyf] 雇用；职业；工作〈名〉
الاستجابة			[ālāstjābah] 响应；反应；回答〈名〉
الشّروق			[ālshrwq] 日出〈名〉
المحامون			[ālmḥāmwn] 代理人；律师〈名〉
بروستر			[brūstar] 酒酿造者〈名〉
متسكّع			[mutasakki‘] 游手好闲的人；闲逛者〈名〉
مخترق			[mukhtariq] 入侵者；黑客；渗透者〈名〉
بتنظيم			[bi-tanẓīm] 有组织地；有条理地〈副〉
المراسلة			[ālmrāslah] 通信；书信往来；对应〈名〉
الخزائن			[ālkhzā’in] 柜子；储藏柜；衣柜〈名〉
الخرطوم			[ālkhrṭwm] 软管；水管；（象的）长鼻；喀土穆〈名〉
الغزل			[ālghzl] 纺纱；纱线；情诗〈名〉
رئاسي			[ri’āsy] 总统的；主席的；首长的〈形〉
بصدمة			[bṣdmah] 震惊地；受到冲击地〈副〉
المساعدات			[ālmsā‘dāt] 援助；补助金〈名〉
الخلط			[ālkhlṭ] 混合；混淆〈名〉
مدفوع			[madfū’] 已付的；被支付的〈形〉
محير			[muḥīr] 令人困惑的；费解的〈形〉
بتأكيد			[bt’akyd] 强调地；肯定地〈副〉
التجميد			[āltjmyd] 冻结；冷冻〈名〉
لامار			[lāmār] 拉马尔〈名〉
الرباعي			[ālrbā‘y] 四边形的；四边形〈名〉
سويدي			[suwaydī] 瑞典人；瑞典语；瑞典的〈名〉
النّحلة			[ālnnḥlah] 蜜蜂〈名〉
بسرية			[bsryah] 偷偷摸摸地；秘密地〈副〉
الصراف			[ālṣrāf] 出纳员；司库；收支员〈名〉
الكبرياء			[ālkbryā’] 傲慢；自大；骄傲〈名〉
هوي			[hawā] 爱慕；欲望；私欲〈名〉
الخراف			[ālkhrāf] 绵羊〈名〉
قاوم			[qāwm] 抵抗；抵制；耐得住〈动〉
الطوابع			[ālṭwāb‘] 邮票；印记；图章〈名〉
سينا			[synā] 锡耶纳〈名〉
الدّولاب			[ālddwlāb] 大型衣橱〈名〉
التّنازل			[ālttnāzl] 让步；放弃；舍弃〈名〉
المعاطف			[ālm‘āṭf] 大衣；外套〈名〉
دريل			[darīl] 电钻；手电钻〈名〉
مُحْكم			[muḥkm] 坚固的；严密的；严谨的〈形〉
اليوناني			[ālywnāny] 希腊人；希腊语〈名〉；希腊的〈形〉
هيد			[hīd] 海德〈名〉
المقاطع			[ālmqāṭ‘] 段落；片段；章节〈名〉
الهلوسة			[ālhlwsah] 幻觉〈名〉
يتخطّى			[ytkhṭṭā] 越过；跨过；超越〈动〉
الرمية			[ālrmyah] 投；掷；抛〈名〉
التزم			[āltzm] 遵守；恪守；坚持〈动〉
بيز			[bīz] 商业；生意〈名〉
أسّس			[’assas] 建立；创立；创办〈动〉
الخلافات			[ālkhlāfāt] 分歧；争执；争论〈名〉
الفكاهة			[ālfkāhah] 滑稽；幽默〈名〉
المعنوية			[ālm‘nwyah] 意义性；含义性〈名〉
حجري			[ḥijarī] 石的；石制的〈形〉
مطمئن			[mṭm’in] 放心的；安心的〈形〉
ثيودور			[thīūdūr] 希欧多尔〈名〉
الصقور			[ālṣqwr] 鹰；隼〈名〉
البكر			[ālbkr] 初次的；最初的；清晨〈名〉
الدكتوراه			[āldktwrāh] 博士学位〈名〉
يحوم			[yaḥūm] 盘旋；徘徊；逗留〈动〉
الإصغاء			[āl’iṣghā’] 倾听；留心听；专注〈名〉
ماكدونالد			[mākdwnāld] 麦克唐纳；麦当劳〈名〉
المراهق			[ālmrāhq] 青春期的；青少年的；青少年〈名〉
مثبّت			[mthabbit] 固定件；固定住的；使稳固的〈名〉
المربّى			[ālmrbbā] 果酱；拥塞之物；堵塞〈名〉
النقّالة			[ālnqqālah] 担架；延伸器〈名〉
الكاحل			[ālkāḥl] 踝；踝关节〈名〉
مشعّ			[mushi‘‘] 发光的；放射的；辐射的〈形〉
المعجنات			[ālm‘jnāt] 糕点；酥皮点心〈名〉
المقاتلة			[ālmqātlah] 战斗机；战斗者〈名〉
المدخنة			[ālmdkhnah] 烟囱〈名〉
دارلين			[dārlyn] 达琳〈名〉
كاثلين			[kāthlyn] 凯思琳〈名〉
الطفح			[ālṭfḥ] 溢落的东西；过剩人口〈名〉
اِنْحِرَاف			[āinḥirāf] 偏差；偏离；堕落〈名〉
المهاجم			[ālmhājm] 攻击者；行凶者〈名〉
متضايق			[mtḍāyq] 恼怒的；烦闷的〈形〉
الجارية			[āljāryah] 贴身使女〈名〉
جرّد			[jarrada] 使摆脱；使脱去；夺去〈动〉
هوبكنز			[Hūbkinz] 霍普金斯〈名〉
يهتزّ			[yahtazzu] 颤动；摇晃；颠簸〈动〉
منجذب			[munjadhib] 被吸引的；着迷的〈形〉
مرق			[maraq] 肉汤；清汤〈名〉
التدفق			[āltdfq] 流动；流出；现金流量〈名〉
الفرو			[ālfrw] 毛皮；皮衣〈名〉
الكونية			[ālkwnyah] 宇宙性；普遍性〈名〉
التجوال			[āltjwāl] 漫游；游荡〈名〉
الغازيّة			[ālghāzyyah] 充满气体状态〈名〉
اللعاب			[āll‘āb] 唾液；口水〈名〉
المنخفض			[ālmnkhfḍ] 洼地；低气压区；低谷〈名〉
الحكايات			[ālḥkāyāt] 故事；传说〈名〉
خار			[khār] 荆棘；刺〈名〉
المؤلّف			[ālm’ullf] 作者；著作；创始人〈名〉
مجعّد			[muja‘‘ad] 拳曲的；卷曲的；起皱的〈形〉
الثقافات			[ālthqāfāt] 文明；文化〈名〉
الغربان			[ālghrbān] 乌鸦；雄鸡的啼声；公鸡啼鸣〈名〉
يتوافق			[ytwāfq] 相一致；相符合；和谐相处〈动〉
المفهوم			[ālmfhwm] 概念；观念；含义〈名〉
يقارن			[yqārn] 比较；对照；把…比做〈动〉
متقلّب			[mutaqallab] 多变的；反复无常的〈形〉
التّاجر			[ālttājr] 商人；买卖人〈名〉
كاثوليكي			[kāthwlyky] 天主教徒；天主教的；普遍的〈名〉
الدوقة			[āldwqah] 公爵夫人〈名〉
ليدز			[līdz] 利兹市〈名〉
ثوري			[thawriyy] 革命者；革命党人；革命的〈名〉
الكمين			[ālkmyn] 埋伏；伏兵；伏击〈名〉
حرّر			[ḥarrara] 解放；释放；编辑〈动〉
يصف			[yaṣifu] 描述；记述；形容〈动〉
نيرو			[nīrū] 尼禄〈名〉
يقتحم			[yaqtahimu] 闯入；强攻；突破〈动〉
متعهّد			[muta‘āhid] 保证人；立约人；承包人〈名〉
طروادة			[ṭrwādah] 特洛伊（古城）；特洛伊〈名〉
العقدة			[āl‘qdah] 节；树节；树瘤〈名〉
الحزمة			[ālḥzmah] 捆；束；包扎〈名〉
الدّيناصور			[ālddynāṣwr] 恐龙〈名〉
العارضات			[āl‘ārḍāt] 女模特儿〈名〉
يصرّ			[yaṣirru] 坚持；执意〈动〉
الزجاجية			[ālzjājyah] 玻璃质〈名〉
تكبير			[takbīr] 放大倍数〈名〉
عدوانيّ			[‘dwānyy] 侵略性的；好斗的；挑衅的〈形〉
الإشاعة			[āl’ishā‘ah] 谣言；流言〈名〉
الحاجب			[ālḥājb] 眉毛；额；眉〈名〉
المجاملة			[ālmjāmlah] 礼貌；谦恭；好意〈名〉
ببطىء			[bbṭā’] 缓慢地；迟缓地〈副〉
ميجيل			[mījīl] 米格尔〈名〉
استغلّ			[āstghll] 利用；剥削；滥用〈动〉
الخلاصة			[ālkhlāṣah] 摘要；结论；要点〈名〉
النّبتة			[ālnnbtah] 幼苗；植株；植物〈名〉
الديناميت			[āldynāmyt] 炸药〈名〉
السّهول			[ālsshwl] 平原；旷野〈名〉
الهويّات			[ālhwyyāt] 身份；同一性；个性〈名〉
كينيا			[kynyā] 肯尼亚〈名〉
العاري			[āl‘āry] 赤裸的；裸体的〈形〉
الطّبّاع			[ālṭṭbbā‘] 印刷工人〈名〉
الجزائر			[āljzā’ir] 阿尔及利亚〈名〉
أدولف			[’adwlf] 阿道夫〈名〉
التكييف			[āltkyyf] 适应；调节；空调〈名〉
ملزم			[mulzim] 有责任的；必须履行的〈形〉
تركيزي			[tarkīzī] 集中性的；使专心的〈形〉
إرني			[’irny] 摇奖机〈名〉
المنوال			[ālmnwāl] 织布机；方式；样式〈名〉
البوتاسيوم			[ālbwtāsywm] 钾〈名〉
الأتراك			[āl’atrāk] 土耳其人；突厥人〈名〉
طرزان			[ṭrzān] 健壮、灵活的男子〈名〉
الدبوس			[āldbws] 大头针；别针；探针〈名〉
التواريخ			[āltwārykh] 日期；枣子；大枣〈名〉
المحاكاة			[ālmḥākāah] 模仿；模拟；仿真〈名〉
النافورة			[ālnāfwrah] 喷泉；饮水台〈名〉
بلوتو			[Blūtū] 冥王星；普路托〈名〉
التباهي			[āltbāhy] 出风头；炫耀；虚张声势〈名〉
الفيروسات			[ālfyrwsāt] 病毒〈名〉
الهتاف			[ālhtāf] 欢呼；高呼；口号〈名〉
بيرتي			[bīrtī] 伯蒂〈名〉
كولير			[kūlīr] 煤矿工人；运煤船；运煤船员〈名〉
مضبوط			[maḍbūṭ] 精确的；准确的〈形〉
المأكولات			[ālm’akwlāt] 食品；食物〈名〉
هيس			[hīs] 海塞〈名〉
الأهل			[āl’ahl] 家属；亲属〈名〉
بلوك			[Blūkh] 布洛赫〈名〉
الفقاعات			[ālfqā‘āt] 气泡；水泡〈名〉
شرس			[sharis] 凶猛的；残忍的〈形〉
الإتّجاهات			[āl’ittjāhāt] 指示；方向；用法说明书〈名〉
الاثارة			[ālāthārah] 激动；兴奋；刺激〈名〉
فولي			[fūlī] 蚕豆的；豆类的〈名〉
مبيّت			[mubīt] 过夜；住宿；露宿〈名〉
الاستلقاء			[ālāstlqā’] 仰卧；平躺〈名〉
تامبا			[tāmbā] 坦帕市〈名〉
بانتظام			[bāntẓām] 定期地；有规律地〈副〉
الإقتحام			[āl’iqtḥām] 强攻；闯入；强行进入〈名〉
قاتم			[qātm] 黑暗的；晦涩的〈形〉
العبّارات			[āl‘bbārāt] 渡船；渡轮〈名〉
القوائم			[ālqwā’im] 清单；名单；菜单〈名〉
التواضع			[āltwāḍ‘] 谦逊；质朴；羞怯〈名〉
التّصادم			[ālttṣādm] 相撞；碰撞；冲突〈名〉
الدبابة			[āldbābah] 坦克〈名〉
الهدنة			[ālhdnah] 休战；停战；停火〈名〉
منسّق			[munassiq] 协调人；统筹者〈名〉
كريستوف			[Krīstūf] 克里斯托夫〈名〉
يخرّب			[yukharrib] 破坏；毁坏〈动〉
منافق			[mnāfq] 伪君子；伪善者〈名〉
مزوّد			[muzawwid] 供应者；供应商〈名〉
مشمس			[mushammis] 阳光充足的；乐观的；快乐的〈形〉
سلوكيّ			[sulūkī] 行为的〈形〉
كامي			[kāmy] 计算机辅助信息输入；国际计算机辅助制造业组织；民用航空医学协会〈名〉
الأقراط			[āl’aqrāṭ] 耳环；耳饰〈名〉
هوراس			[hwrās] 贺拉斯〈名〉
المسكّنات			[ālmskknāt] 止痛药；镇静剂〈名〉
بابل			[bābl] 巴比伦〈名〉
المروحيات			[ālmrwḥyāt] 直升飞机〈名〉
القروش			[ālqrwsh] 鲨鱼〈名〉
يتطوّر			[yataṭawwaru] 发展；进化；演变〈动〉
ماليا			[mālyā] 金融上；财政上〈副〉
العزاء			[āl‘zā’] 安慰；安慰物〈名〉
أزعج			[’az‘aj] 扰乱；妨碍；使不安〈动〉
إجباري			[’ijbāry] 强制的；义务的；被迫的〈形〉
التسرّب			[āltsrrb] 渗入；渗透；渗透物〈名〉
المحدودة			[ālmḥdwdah] 有限公司；有限的〈名〉
ناسو			[nāsw] 拿索〈名〉
بينج			[bīnj] 砰；报时的最后一声；声脉冲〈名〉
الشامبو			[ālshāmbw] 洗发剂；洗发香波；洗头〈名〉
الأحاديث			[āl’aḥādyth] 交谈；谈话〈名〉
المجفف			[ālmjff] 干衣机；干燥剂；催干剂〈名〉
هير			[hīr] 先生；德国绅士〈名〉
حكمي			[ḥukmī] 审判的；司法的〈形〉
الدّعاء			[āldu‘ā’] 祈祷；祈求；祝福〈名〉
كليو			[Klīyū] 主管史诗、历史的女神〈名〉
التنكّر			[āltnkkr] 假扮；化装；伪装〈名〉
الإكتئاب			[āl’iktiāb] 沮丧；抑郁；抑郁症〈名〉
يرقة			[yrqah] 蛆；幼虫〈名〉
باتريشيا			[bātryshyā] 帕特丽夏〈名〉
تقيّؤ			[tqyy’u] 呕吐〈名〉
خفّف			[khaffafa] 减少；减轻；减弱〈动〉
يسدّد			[yusaddidu] 分期偿还；付清〈动〉
يسرع			[yusri‘u] 加快；增速；促使…早日发生〈动〉
الرّباط			[ālrrbāṭ] 拉巴特（摩洛哥首都）；韧带；系带物〈名〉
التعادل			[ālt‘ādl] 平局；均衡；相等〈名〉
المستعمرات			[ālmst‘mrāt] 殖民地；聚居区；群体〈名〉
مشبوه			[mashbūh] 可疑的；不确定的〈形〉
متأثر			[mt’athr] 受影响的；受感动的〈形〉
المراحل			[ālmrāḥl] 阶段；时期〈名〉
صبور			[ṣabūr] 耐心的；坚忍的〈形〉
التّخريب			[āltakhrīb] 破坏；毁坏；破坏行为〈名〉
موحّد			[muwaḥḥid] 统一的；联合的；使统一的〈形〉
استيعاب			[āsty‘āb] 理解；领会；容纳〈名〉
الحوامل			[ālḥwāml] 孕妇〈名〉
الفتحات			[ālftḥāt] 小孔；破洞〈名〉
هاريت			[hāryt] 哈里特〈名〉
رودولف			[rūdūlf] 鲁道夫〈名〉
مخاض			[mkhāḍ] 分娩阵痛；产痛〈名〉
سيلاس			[sylās] 赛拉斯〈名〉
الصدريّة			[ālṣdryyah] 背心；汗背心〈名〉
بتغيّر			[bi-taghayyur] 随着变化；通过变化〈副〉
مزعوم			[maz'ūm] 所谓的；被断言的；提出而尚未证实的〈形〉
الفيضان			[ālfyḍān] 洪水；泛滥；血崩〈名〉
نفسيا			[nfsyā] 心理上；精神上〈副〉
الجياد			[āljyād] 马；坐骑〈名〉
بثقة			[bthqah] 自信地；有把握地〈副〉
بإضافة			[b’iḍāfah] 此外；另外〈副〉
المراوغة			[ālmrāwghah] 推诿；搪塞；耍花招〈名〉
بسخاء			[bskhā’] 慷慨地；宽厚地；丰盛地〈副〉
الرابح			[ālrābḥ] 获得者；得利者；胜利者〈名〉
جونس			[Jūns] 约翰斯〈名〉
الأساليب			[āl’asālyb] 方式；方法；风格〈名〉
الشمّ			[ālshmm] 嗅；闻〈名〉
ويلكوكس			[wīlkūks] 威尔科克斯〈名〉
بياتريس			[byātrys] 比阿特丽斯；碧翠斯〈名〉
المفترس			[ālmftrs] 捕食者；猛兽；吞噬者〈名〉
دافيس			[dāfys] 戴维斯〈名〉
مبلّل			[muballal] 湿的；被弄湿的〈形〉
لويل			[luwīl] 洛厄尔〈名〉
الرزّ			[ālrzz] 米饭；大米〈名〉
الجلبة			[āljlbah] 痂；斑点病；拒不参加罢工的工人〈名〉
أخجل			[’akhjl] 使不安；使羞愧；使困窘〈动〉
بوقاحة			[bwqāḥah] 厚脸皮地；无耻地〈副〉
الأساسيات			[āl’asāsyāt] 基本面；基本原理〈名〉
أدق			[’adq] 更精确的；更细致的〈形〉
النّزلاء			[ālnnzlā’] 客人；房客；投宿者〈名〉
مرعوب			[mur‘ūb] 惊骇的；丧胆的〈形〉
أليكساندر			[’alyksāndr] 亚历山大〈名〉
مُتلهّف			[mutlhhf] 急切的；热望的〈形〉
الرقابة			[ālrqābah] 检查制度；督察；监察〈名〉
خرّب			[kharriba] 毁坏；破坏；使荒废〈动〉
بحرارة			[bḥrārah] 热烈地；热情地〈副〉
الدش			[āldsh] 阵雨；淋浴；一阵〈名〉
هشّ			[hashsh] 脆的；易碎的；脆弱的〈形〉
المتبرّع			[ālmtbrr‘] 恩人；捐助者；施主〈名〉
التركيب			[āltrkyb] 构造；合成；构成〈名〉
يشتكي			[yashtakī] 抱怨；诉苦；投诉〈动〉
إستسلم			[’istslm] 投降；屈服〈动〉
يتابع			[ytāb‘] 继续；跟踪；关注〈动〉
الأفضلية			[āl’afḍlyah] 优先；优越；优先权〈名〉
يصغي			[yaṣghī] 倾听；侧耳听〈动〉
هانكوك			[hānkwk] 全民超人；汉考克〈名〉
الجولات			[āljwlāt] 局；回合；盘〈名〉
البدائيّة			[ālbdā’iyyah] 原始主义；原始的风格；质朴的风格〈名〉
النّواحي			[ālnnwāḥy] 方面；面貌；方位〈名〉
أنطوان			[’anṭwān] 安托万〈名〉
الصّيّادون			[ālṣṣyyādwn] 猎人；渔民；捕猎者〈名〉
تبرئة			[tbr’iah] 免罪；赦免；免除〈名〉
برشلونة			[brshlwnah] 巴塞罗那〈名〉
الحظر			[ālḥẓr] 禁止；禁令；封锁〈名〉
الكلاسيكي			[ālklāsyky] 古典的；古典主义者〈名〉
يأمر			[ya’mur] 命令；下令；吩咐〈动〉
الكسول			[ālkswl] 懒汉；懒骨头〈名〉
نيكل			[nīkil] 镍；镍币〈名〉
العنصري			[āl‘nṣry] 种族主义者；种族主义的〈名〉
أخضع			[’akhḍ‘] 征服；使服从；抑制〈动〉
الرّبّان			[ālrrbbān] 船长；机长；队长〈名〉
الدفتر			[āldftr] 笔记本；本子；簿册〈名〉
الإضطرابات			[āl’iḍṭrābāt] 骚动；暴乱；震荡〈名〉
الكاكاو			[ālkākāw] 可可粉；可可茶；可可色〈名〉
مل			[milla] 感到厌倦；厌烦〈动〉
حصري			[ḥiṣriyy] 排外的；独占的；唯一的〈形〉
التهرّب			[ālthrrb] 逃避；推诿；模棱两可〈名〉
مخيّب			[mukhayyib] 使失望的；令人失望的〈形〉
العصيّ			[āl‘ṣyy] 顽抗的；不顺从的；倔强的〈形〉
القافلة			[ālqāflah] 车队；商队；护航队〈名〉
الرّسّام			[ālrrāsām] 画家；画师〈名〉
أنشأ			[’ansh’a] 建立；创立；兴建〈动〉
نيلسن			[nīlsin] 尼尔森（人名）〈名〉
الشظايا			[ālshẓāyā] 碎片；弹片〈名〉
يلوّح			[yulawwiḥu] 挥动；挥手示意〈动〉
المقياس			[ālmqyās] 尺度；标准；比例尺〈名〉
الصنف			[ālṣnf] 种类；类别；等级〈名〉
الجنية			[āljnyah] 仙女；精灵〈名〉
التأريخ			[ālt’arykh] 日期；历史〈名〉
يهزّ			[yahuzzu] 摇动；震动；动摇〈动〉
الإحتمال			[āl’iḥtmāl] 可能发生的事；可能性〈名〉
فرناندو			[frnāndw] 费尔南多〈名〉
العوامل			[āl‘wāml] 因素〈名〉
أكسفورد			[’aksfwrd] 牛津；牛津大学〈名〉
يصمت			[yaṣmutu] 沉默；静默〈动〉
ينزلق			[yanzaliqu] 滑动；滑落〈动〉
الجيوش			[āljywsh] 军队；陆军；大群〈名〉
الزورق			[ālzwrq] 独木舟；轻舟；乘独木舟〈名〉
الخندق			[ālkhndq] 壕沟；战壕〈名〉
رولي			[rūlī] 罗利〈名〉
مقلّد			[muqallid] 一味模仿的；模仿的〈形〉
أليسا			[’alysā] 阿莉莎〈名〉
المطالبة			[ālmṭālbah] 要求；索赔；主张〈名〉
الزيادة			[ālzyādah] 增加；增多；增加物〈名〉
بالدوين			[bāldwyn] 鲍尔温苹果；鲍尔温〈名〉
المؤشّرات			[ālm’ushrāt] 指标；迹象；指示器〈名〉
المعاملات			[ālm‘āmlāt] 交易；交往；待遇〈名〉
العباقرة			[āl‘bāqrah] 天才；创造能力；才华〈名〉
المحرقة			[ālmḥrqah] 大屠杀；大火灾；毁灭〈名〉
ميلير			[mīlīr] 一英里跑运动员〈名〉
الظاهرة			[ālẓāhrah] 现象；迹象；表现〈名〉
بلين			[blīn] 布林材质；模拟金属〈名〉
الساعي			[ālsā‘y] 送快信的人；伴游服务员；信使〈名〉
بالملابس			[bālmlābs] 穿着衣服；用衣服〈名〉
الكآبة			[ālk’ābah] 忧郁；消沉〈名〉
المراكز			[ālmrākz] 中心；中心区；中心点〈名〉
المهر			[ālmhr] 彩礼；聘金〈名〉
دمشق			[Dimashq] 大马士革〈名〉
كآبة			[k’ābah] 忧郁；悲哀；愁思〈名〉
محتاج			[mḥtāj] 贫穷的；贫困的；生活艰苦的〈形〉
أوينز			[’awynz] 欧文斯〈名〉
الاصطناعيّ			[ālāṣṭnā‘yy] 人工的；人造的；不自然的〈形〉
يقسّم			[yuqassimu] 分；划分；分配〈动〉
المدمّر			[ālmdmmr] 驱逐舰；毁灭者〈名〉
المصلحة			[ālmṣlḥah] 利益；方面〈名〉
الاستقالة			[ālāstqālah] 辞职〈名〉
البعوض			[ālb‘wḍ] 蚊子〈名〉
الهلام			[ālhlām] 凝胶剂；定型发胶〈名〉
النوايا			[ālnwāyā] 意图；意向〈名〉
عالج			[‘ālj] 治疗；用药治疗〈动〉
يشتغل			[yashtagilu] 工作；运转；操作〈动〉
باتيرسون			[bātyrswn] 帕特森〈名〉
الشقيق			[ālshqyq] 兄弟；同胞〈名〉
الحقراء			[ālḥqrā’] 卑微的人；贱民〈名〉
النّشرة			[ālnnshrah] 公告；布告；公报〈名〉
كولومبوس			[kūlūmbūs] 哥伦布〈名〉
يطرد			[yaṭrudu] 驱逐；开除〈动〉
رثّ			[rathth] 破烂的；褴褛的〈形〉
الإفلاس			[āl’iflās] 破产；倒闭〈名〉
المخبز			[ālmkhbz] 面包店〈名〉
القلنسوة			[ālqlnswah] 蒙头斗篷；通风帽；风扇罩〈名〉
يفرّق			[yufarriqu] 使分散；区分；分发〈动〉
الكفّ			[ālkff] 手掌〈名〉
بيبودي			[bībūdī] 白喉带鹀；皮博迪〈名〉
إنزع			[’inz‘] 取下；拆除〈动〉
المشاجرة			[ālmshājrah] 争论；争吵〈名〉
المخنّث			[ālmkhnnth] 两性的；雌雄同体的〈名〉
بيروت			[bayrūt] 贝鲁特〈名〉
البدلات			[ālbdlāt] 服装〈名〉
المداعبة			[ālmdā‘bah] 爱抚；戏逗〈名〉
المحبّ			[ālmḥbb] 爱好者；献身者；虔诚的宗教信徒〈名〉
الجني			[āljny] 精灵；镇尼〈名〉
الجهل			[āljhl] 无知；愚昧〈名〉
الأخشاب			[āl’akhshāb] 木材；木料〈名〉
التسامح			[āltsāmḥ] 宽容；宽宏大量；忍让〈名〉
مفترق			[muf taraq] 岔路口；分岔处〈名〉
توتو			[tūtū] 托托（人名/昵称）〈名〉
أخشاب			[’akhshāb] 木材；木结构〈名〉
البراعة			[ālbrā‘ah] 精湛；高超技艺；娴熟〈名〉
المحاسب			[ālmḥāsb] 会计人员；会计师〈名〉
كونواي			[kwnwāy] 康韦；康惠〈名〉
مهمل			[muhmil] 疏忽的；粗心的；被忽视的〈形〉
جريتا			[jrytā] 格里塔〈名〉
خوزيه			[khūzīh] 约瑟〈名〉
المنقذ			[ālmnqdh] 救命者；救生员；济急的人〈名〉
منفعة			[mnf‘ah] 功用；有用之物；实用〈名〉
المرتفع			[ālmrtf‘] 高地；高处；高原〈名〉
الكرنب			[ālkrnb] 甘蓝；卷心菜〈名〉
المنظمات			[ālmnẓmāt] 组织；机构〈名〉
يحفر			[yaḥfuru] 挖掘；挖洞；凿〈动〉
إنفجر			[’infjr] 爆炸；爆发；激增〈动〉
الغنائم			[ālghnā’im] 赃物；战利品〈名〉
المدمن			[ālmdmn] 成瘾者；上瘾的人〈名〉
الابتزاز			[ālābtzāz] 敲诈；勒索〈名〉
التحطّم			[āltḥṭṭm] 破碎；坠毁；崩溃〈名〉
تشنّج			[tashannuj] 痉挛；抽搐〈名〉
الإضطراب			[āl’iḍṭrāb] 紊乱；不安；动荡〈名〉
المنظور			[ālmnẓwr] 远景；透视感；视角〈名〉
السودان			[ālswdān] 苏丹；苯偶氮间苯二酚〈名〉
الهالة			[ālhālah] 光环；晕；气场〈名〉
يمتصّ			[yamaṣṣu] 吸收；吸取；吞并〈动〉
بيكس			[bīks] 像素〈名〉
القرع			[ālqr‘] 葫芦；南瓜〈名〉
التوسّع			[āltwss‘] 膨胀；扩张术；扩张〈名〉
التجديد			[āltjdyd] 更新；翻新；续订〈名〉
الفضائح			[ālfḍā’iḥ] 丑闻；丢脸的事〈名〉
الدوريات			[āldwryāt] 巡逻队〈名〉
انكسر			[ānksr] 破裂；折断；被打破〈动〉
التساوي			[āltsāwy] 相等；均等〈名〉
الإندماج			[āl’indmāj] 融合；结合；一体化〈名〉
العندليب			[āl‘ndlyb] 夜莺〈名〉
الشاشات			[ālshāshāt] 屏幕；显示器〈名〉
الكوري			[ālkwry] 韩国的；朝鲜的〈名〉
يشقّ			[yashiqqu] 劈开；割开；分裂〈动〉
الخزانات			[ālkhzānāt] 水箱；储罐；柜子〈名〉
الجان			[āljān] 精灵；神灵〈名〉
جريفيث			[Grīfīth] 格里菲思〈名〉
الراهبة			[ālrāhbah] 修女；尼姑〈名〉
النازيون			[ālnāzywn] 纳粹；纳粹党人〈名〉
بوتس			[būts] 波茨〈名〉
يلائم			[ylā’im] 适合；与…相称〈动〉
التّعاويذ			[āltt‘āwydh] 咒语；符咒〈名〉
الشوربة			[ālshwrbah] 汤；羹〈名〉
مارشا			[mārshā] 玛莎〈名〉
الباحة			[ālbāḥah] 门厅；庭院；巴哈（沙特城市）〈名〉
العداء			[āl‘dā’] 对立；敌对；敌意〈名〉
المغامرات			[ālmghāmrāt] 冒险活动；冒险经历；奇遇〈名〉
دسم			[dasam] 肥的；多脂的；脂肪〈形〉
المداخل			[ālmdākhl] 入口；大门；途径〈名〉
الدّسم			[ālddsm] 乳脂；牛乳脂；奶油〈名〉
يدفن			[yadfunu] 埋葬；掩埋〈动〉
مشلول			[mashlūl] 瘫痪的；麻痹的〈形〉
النقر			[ālnqr] 敲击；点击〈名〉
موزارت			[mwzārt] 莫扎特〈名〉
تعهّد			[ta‘ahhud] 承诺；保证；担保〈名〉
الفصّ			[ālfṣṣ] 瓣；丁香瓣〈名〉
سيسيليا			[sysylyā] 塞西莉亚〈名〉
هوراشيو			[hwrāshyw] 霍雷肖〈名〉
المدفأة			[ālmdf’ah] 加热器；暖炉〈名〉
المحاضرات			[ālmḥāḍrāt] 演讲；讲课；冗长的训斥〈名〉
البنكرياس			[ālbnkryās] 胰；胰腺〈名〉
الجدل			[āljdl] 争论；辩论；辩证法〈名〉
الشهوة			[ālshhwah] 渴望；欲望；本能倾向〈名〉
المرفق			[ālmrfq] 肘；附件〈名〉
المهد			[ālmhd] 摇篮；发祥地；孩提时代〈名〉
الوميض			[ālwmyḍ] 闪光；闪现；一瞬间〈名〉
العنيد			[āl‘nyd] 顽固的〈形〉；固执的人〈名〉
أبحر			[’abḥr] 航行；启航〈动〉
سوانسون			[swānswn] 斯汪森；斯旺森〈名〉
اليمن			[ālymn] 也门〈名〉
الشّوكة			[ālshwkah] 刺；叉子〈名〉
الإيجابيّة			[āl’iyjābyyah] 积极性；肯定〈名〉
القرفة			[ālqrfah] 肉桂皮；桂皮香料；肉桂色〈名〉
يفجّر			[yufajjiru] 使爆炸；引爆〈动〉
متقن			[mutqin] 精通的；娴熟的〈形〉
الإمكانيات			[āl’imkānyāt] 可能；可能性〈名〉
لانكا			[lānkā] 兰卡；楞伽〈名〉
المحور			[ālmḥwr] 轴；坐标轴〈名〉
استدعى			[āstd‘ā] 传唤；召唤〈动〉
الكبر			[ālkbr] 自大；傲慢；年老〈名〉
سيان			[syān] 蓝绿色；青色；氰基〈名〉
فاطمة			[fāṭmah] 法蒂玛〈名〉
الأنين			[āl’anyn] 呻吟；活塞在气缸内的不正常声；哼声〈名〉
الخروف			[ālkhrwf] 绵羊；羊〈名〉
لمسي			[lamsiyy] 触觉的；触摸感知的〈形〉
الليّة			[āllyyah] 一扭；扭曲；曲折〈名〉
الجذّاب			[āljdhdhāb] 引人注意的人；吸引子〈名〉
الأكواب			[āl’akwāb] 杯子；水杯；茶杯〈名〉
البلورة			[ālblwrah] 结晶；定形；明朗化〈名〉
المدراء			[ālmdrā’] 主管；主任；经理；董事〈名〉
ليندن			[līndin] 椴；菩提树；椴树〈名〉
الطفيليات			[ālṭfylyāt] 寄生虫；寄生生物〈名〉
التّنبيه			[ālttnbyh] 提醒；警告；通知〈名〉
التزاوج			[āltzāwj] 交配；交尾；配对〈名〉
الذقن			[āldhqn] 下巴；颏〈名〉
الخنادق			[ālkhnādq] 战壕；壕沟（خندق 的复数）〈名〉
المطاطية			[ālmṭāṭyah] 弹力；弹性〈名〉
الكسوف			[ālkswf] 日食；食；蚀〈名〉
البصيرة			[ālbṣyrah] 远见；深谋远虑；先见〈名〉
غافن			[ghāfn] 加文〈名〉
المقاييس			[ālmqāyys] 规格；尺度；标准；量规〈名〉
الإبهام			[āl’ibhām] 拇指；含糊；歧义〈名〉
مناعي			[mnā‘y] 免疫的；免疫学的〈形〉
مكارثي			[mkārthy] 麦卡锡〈名〉
تزاوج			[tzāwj] 交配；配套〈名〉
النسل			[ālnsl] 子孙；后代；产物〈名〉
الإنكار			[āl’inkār] 否认；抵赖；否定〈名〉
ثملاً			[thamlān] 口渴地；干渴地〈副〉
كولومبو			[kūlūmbū] 科伦坡〈名〉
الإنصات			[āl’inṣāt] 倾听；聆听；专注听〈名〉
العدّة			[āl‘ddah] 装备；工具箱；成套工具〈名〉
حُصُر			[ḥuṣur] 无能；无力；束手无策〈名〉
منبّه			[munabbih] 兴奋剂；刺激物；闹钟〈名〉
يخوض			[yakhūḍu] 涉水；参与；从事〈动〉
الشّواطئ			[ālshwāṭ’i] 海滩；海滨〈名〉
معزول			[ma'zūl] 隐居的；与世隔绝的；孤立的〈形〉
مانشستر			[mānshstr] 曼彻斯特〈名〉
المنديل			[ālmndyl] 一块印花大手帕；手帕〈名〉
التشكيل			[āltshkyl] 组建；组成；构成〈名〉
الضريبة			[ālḍrybah] 税；税款；消费税〈名〉
أوروبي			[’awrwby] 欧洲的；欧洲人的；欧洲人〈形〉
التعبئة			[ālt‘b’iah] 动员；调动；装箱〈名〉
المُنفّذ			[ālmunffdh] 执行者；已实施的〈名〉
برادفورد			[brādfwrd] 布拉德福德〈名〉
الديسكو			[āldyskw] 夜总会；迪斯科；的士高〈名〉
العقوبات			[āl‘qwbāt] 惩罚；处罚；刑罚〈名〉
الشّراع			[ālshrā‘] 帆；船帆〈名〉
نقْلي			[naqlī] 运输的；转运的；转移的〈形〉
الغنيمة			[ālghnymah] 战利品；获得之物；赃物〈名〉
الإخلاص			[āl’ikhlāṣ] 虔诚；真诚；专一〈名〉
المنشورات			[ālmnshwrāt] 出版物；刊物〈名〉
كيلسي			[kīlsī] 凯尔西〈名〉
صرّح			[ṣarraḥa] 声明；明确表示；断言〈动〉
نيم			[nīm] 尼姆（法国城市）〈名〉
سنغافورة			[snghāfwrah] 新加坡〈名〉
الأحاسيس			[āl’aḥāsys] 感觉；知觉〈名〉
بغزارة			[bghzārah] 大量地；丰富地〈副〉
غزارة			[ghzārah] 丰富；充足；大量〈名〉
التعقيدات			[ālt‘qydāt] 并发症；复杂问题〈名〉
الجرعات			[āljr‘āt] 剂量；一剂〈名〉
الحنجرة			[ālḥnjrah] 喉头；喉〈名〉
أوريغون			[’awryghwn] 俄勒冈〈名〉
انزلق			[ānzlq] 滑倒；滑动〈动〉
المثلث			[ālmthlth] 三角形；三个一组；三角关系〈名〉
الطّنين			[ālṭṭnyn] 嗡嗡声；鸣响；嗡嗡叫〈名〉
الزلازل			[ālzlāzl] 地震〈名〉
نيف			[nīf] 雪；积雪〈名〉
المغناطيسية			[ālmghnāṭysyah] 磁性；磁学；磁力〈名〉
إتبع			[’itb‘] 跟随；追随；仿效〈动〉
اللّوز			[ālllwz] 杏仁；扁桃；杏仁色〈名〉
يلتزم			[yaltazimu] 遵守；坚持；承担〈动〉
إستثنائي			[’istthnā’iy] 非常的；例外的；非凡的〈形〉
السّلالة			[ālsslālah] 血统；种系〈名〉
نصّاب			[nṣṣāb] 庸医；江湖医〈名〉
السكارى			[ālskārā] 醉汉；酒鬼；酗酒者〈名〉
التحرر			[āltḥrr] 解放；解脱；摆脱〈名〉
الإثبات			[āl’ithbāt] 证明；证实；肯定〈名〉
إستر			[’istr] 以斯帖；以斯帖记；埃丝特〈名〉
يمسح			[yamsaḥu] 擦；抹；擦拭〈动〉
الحكومات			[ālḥkwmāt] 政府；政权〈名〉
ينسحب			[yansaḥibu] 撤退；退出；撤回〈动〉
الماسات			[ālmāsāt] 钻石〈名〉
ساء			[sā’] 变得更坏；恶化〈动〉
أدار			[’adār] 管理；经营；主持〈动〉
تزايد			[tzāyd] 增长；增多；加剧〈动〉
البراميل			[ālbrāmyl] 桶；枪管；一桶〈名〉
الأجور			[āl’ajwr] 工资；工钱；报酬〈名〉
فتّش			[fattisha] 搜查；检查；搜索〈动〉
التأثيرات			[ālt’athyrāt] 影响；效果〈名〉
فيليسيتي			[fīlisītī] 快乐；幸福；幸运〈名〉
جامايكا			[jāmāykā] 牙买加〈名〉
التوراة			[āltwrāah] 律法；托拉；摩西五经〈名〉
المطارات			[ālmṭārāt] 航空站；机场；航空港〈名〉
الاختراق			[ālākhtrāq] 穿透；侵入；突破〈名〉
الإعتراض			[āl’i‘trāḍ] 反对；异议；抗议〈名〉
التغوّط			[āltghwwṭ] 排便〈名〉
الطبل			[ālṭbl] 鼓；鼓声；击鼓〈名〉
التفريق			[āltfryq] 分开；驱散；使分散〈名〉
ينقص			[yanquṣu] 减少；减损；贬低〈动〉
هونولولو			[hūnūlūlū] 火奴鲁鲁〈名〉
ميخائيل			[mykhā’iyl] 米哈伊尔〈名〉
يعارض			[y‘ārḍ] 反对；抵制；使相对〈动〉
تورنتو			[tūrāntū] 多伦多〈名〉
بتهديد			[bi-tahdīd] 威胁地；胁迫地〈副〉
الصّمغ			[ālṣṣmgh] 粘合剂〈名〉
المقلاة			[ālmqlāah] 油炸锅；煎锅〈名〉
مضغ			[maḍḍ] 咀嚼；塑炼〈名〉
العشوائيّة			[āl‘shwā’iyyah] 随机性；随意〈名〉
الفلبين			[ālflbyn] 菲律宾〈名〉
الجدري			[āljdry] 天花；痘疮〈名〉
الشّرايين			[ālshrāyyn] 动脉〈名〉
الرّاية			[ālrrāyah] 旗帜；标志〈名〉
المغازلة			[ālmghāzlah] 求爱；求婚；求爱时期〈名〉
يعيق			[yu‘ayyiqu] 阻碍；妨碍；限制〈动〉
العصيان			[āl‘ṣyān] 不服从；不顺从〈名〉
العقبة			[āl‘qbah] 障碍；难关〈名〉
الحمية			[ālḥmyah] 日常饮食；规定饮食〈名〉
إهرب			[’ihrb] 逃跑；逃走〈动〉
روزالي			[rwzāly] 罗莎莉〈名〉
باكي			[bāky] 哭泣的〈形〉
الكبسولة			[ālkbswlah] 胶囊；蒴果；瓶帽〈名〉
المجمّدة			[ālmjmmdah] 冷冻库；冰箱冷冻室〈名〉
والس			[wāls] 华尔兹〈名〉
الحماسة			[ālḥmāsah] 热心；热烈〈名〉
بيكمان			[bykmān] 贝克曼〈名〉
المحاربة			[ālmḥārbah] 战斗；作战；交战〈名〉
الاقتراع			[ālāqtrā‘] 投票〈名〉
غور			[ghawr] 洼地；低地；深处〈名〉
أصب			[’aṣb] 感染；患上〈动〉
سارية			[sāryah] 桅；桅杆；杆〈名〉
القومية			[ālqwmyah] 民族主义；民族特性〈名〉
إقتحم			[’iqtḥm] 强行闯入；猛攻〈动〉
التّصفير			[ālttṣfyr] 吹哨；鸣笛；归零〈名〉
ممزّق			[mumazzaq] 成碎片的；破碎的〈形〉
بريسكوت			[Brīskūt] 普莱斯考特〈名〉
السرب			[ālsrb] 骑兵营；分遣队；小舰队〈名〉
غدّة			[ghddah] 腺〈名〉
ساكن			[sākn] 静止的；平静的；无声的〈形〉
متعاون			[mt‘āwn] 合作的；协作的〈形〉
الأوهام			[āl’awhām] 幻觉；妄想〈名〉
إختياري			[’ikhtyāry] 任选的；选修的〈形〉
محلّل			[muḥallil] 分析者；分析器〈名〉
حمّي			[ḥummī] 发热的；热病的；热性的〈形〉
الغدّة			[ālghddah] 腺〈名〉
الدّهّان			[ālddhhān] 漆匠〈名〉
لحمي			[laḥmī] 肉的；似肉的；多肉的〈形〉
العريضة			[āl‘ryḍah] 请愿书；诉状〈名〉
سميك			[samīk] 厚的；粗壮的；浓的〈名〉
يضيف			[yaḍīfu] 添加；补充〈动〉
بغضب			[bi-ghaḍab] 愤怒地〈副〉
كارسن			[kārsn] 卡尔森〈名〉
الميكانيكي			[ālmykānyky] 机械师；技工〈名〉
يتخيّل			[yatakhayyalu] 想像；幻想；做白日梦〈动〉
النخيل			[ālnkhyl] 棕榈树；枣椰树〈名〉
إباحيّ			[’ibāḥyy] 好色的；色情的〈形〉
الأذكى			[āl’adhkā] 最聪明的；最机智的〈形〉
العدسة			[āl‘adasah] 透镜；镜片；晶状体〈名〉
الأجنبيّ			[āl’ajnbyy] 外国人；外侨〈名〉
الملائمة			[ālmlā’imah] 适宜；合适；便利〈名〉
الفقّاعة			[ālfqqā‘ah] 泡；气泡；泡沫〈名〉
كالدويل			[kāldwyl] 考德威尔〈名〉
غينيا			[ghynyā] 几内亚〈名〉
غازي			[ghāzy] 气体的；气状的；含气的〈形〉
جالب			[jālb] 带来者；引入者；吸引人的〈名〉
يبرّر			[yubarriru] 证明…有理；为…辩护；对…作出解释〈动〉
كوتش			[kūtsh] 教练；辅导教师；长途客车〈名〉
النائم			[ālnā’im] 睡眠者〈名〉
يغلي			[yaghli] 沸腾；激动；大怒〈动〉
النّزهة			[ālnnzhah] 散步；郊游；兜风〈名〉
تسريع			[tasrī‘] 加速；促进；加速度〈名〉
الكرم			[ālkrm] 慷慨；富裕〈名〉
المستنقعات			[ālmstnq‘āt] 沼泽；泥潭；污浊之地〈名〉
سبّ			[sabb] 辱骂；诋毁；咒骂〈名〉
الكوكائين			[ālkwkā’iyn] 可卡因；古柯碱〈名〉
دامون			[dāmwn] 达蒙；戴蒙〈名〉
المجاعة			[ālmjā‘ah] 饥荒；缺乏；饥饿〈名〉
الأنماط			[āl’anmāṭ] 模式；样式；类型〈名〉
الإنتصار			[āl’intṣār] 获胜；克服；打败〈名〉
الأرشيف			[āl’arshyf] 档案；档案馆；档案文件〈名〉
الميراث			[ālmyrāth] 遗产；继承；传统〈名〉
المنحدرات			[ālmnḥdrāt] 斜坡；山坡〈名〉
السّيرة			[ālssyrah] 传记〈名〉
الصّفّارة			[ālṣṣffārah] 口哨；哨子；哨声〈名〉
الموضع			[ālmwḍ‘] 位置；地点；场所〈名〉
روّع			[rawwa'a] 使恐惧；使震惊〈动〉
متردّد			[mutaraddid] 犹豫的；迟疑的；吞吞吐吐的〈形〉
الرايخ			[ālrāykh] 帝国；德意志帝国〈名〉
الموجّه			[ālmwjjh] 指导者；驾驶员；导演〈名〉
الخصوبة			[ālkhṣwbah] 肥沃；丰饶；生产力〈名〉
السحّابة			[ālsḥḥābah] 云；云状物〈名〉
خوانيتا			[khwānytā] 胡安妮塔〈名〉
القمل			[ālqml] 虱子〈名〉
يعاود			[y‘āwd] 重做；复发；再犯〈动〉
الانضباط			[ālānḍbāṭ] 纪律；守纪律〈名〉
يختنق			[yakhtaniq] 窒息；被闷住〈动〉
مبتهج			[mubtahij] 兴高采烈的；欢欣的〈形〉
مخزي			[makhzī] 可耻的；不光彩的；声名狼藉的〈形〉
المصري			[ālmṣry] 埃及人；埃及的；埃及人的〈名〉
أميري			[’amyry] 王侯般的；王子的；威严的〈形〉
التعاقد			[ālt‘āqd] 订立合同；缔约〈名〉
واتس			[wāts] 瓦特〈名〉
مُعتقِل			[mu‘tqil] 拘留营；被拘留者〈名〉
المتشرّد			[ālmtshrrd] 流浪者；游民〈名〉
استحمّ			[āstḥmm] 洗澡；沐浴〈动〉
المحصول			[ālmḥṣwl] 收成；产量；产品〈名〉
مشرّد			[musharrad] 流浪的；无家可归的；流离失所的〈形〉
يضعف			[yaḍ‘ufu] 变弱；减弱〈动〉
المصائب			[ālmṣā’ib] 灾难；不幸；灾祸〈名〉
الإهمال			[āl’ihmāl] 疏忽；怠慢；玩忽职守〈名〉
القاطع			[ālqāṭ‘] 裁剪者；切割者；切割器〈名〉
دوف			[dūf] 水果干布丁；细煤；煤屑〈名〉
فارلي			[fārly] 法利〈名〉
غنائي			[ghnā’iy] 抒情的；歌唱的〈形〉
ماهوني			[māhwny] 马奥尼〈名〉
مسموع			[masmū‘] 听得见的；可闻的〈形〉
الصداقات			[ālṣdāqāt] 友情；友谊；朋友关系〈名〉
الناقل			[ālnāql] 搬运者；传达者；转让财产者〈名〉
بارتياح			[bārtyāḥ] 安乐地；舒服地；宽裕地〈副〉
الكوبرا			[ālkwbrā] 眼镜蛇〈名〉
التكوين			[āltkwyn] 构成；形成；组成〈名〉
السيقان			[ālsyqān] 腿；小腿〈名〉
الشبه			[ālshbh] 相似；类似；形似〈名〉
حازم			[ḥāzm] 果断的；坚决的〈形〉
قديمًا			[qdyman] 以往；古代〈副〉
العدوانيّة			[āl‘dwānyyah] 侵略；侵犯；寻衅〈名〉
سلميّ			[salmī] 和平的；非暴力的〈形〉
الحاويات			[ālḥāwyāt] 集装箱；容器〈名〉
الشرط			[ālshrṭ] 条件；条款〈名〉
المسرحيات			[ālmsrḥyāt] 戏剧〈名〉
بطلاقة			[bṭlāqah] 流利地；通畅地〈副〉
الدخيل			[āldkhyl] 侵入者；干扰者；妨碍者〈名〉
المارتيني			[ālmārtyny] 马丁尼酒〈名〉
الصاعقة			[ālṣā‘qah] 霹雳；雷电；晴天霹雳〈名〉
أوكرانيا			[’awkrānyā] 乌克兰〈名〉
الدّمج			[ālddmj] 合并；融合；整合〈名〉
اتّهم			[ātthm] 指控；指责〈动〉
الأوتار			[āl’awtār] 弦；琴弦；腱〈名〉
المدمرة			[ālmdmrah] 驱逐舰〈名〉
إليز			[’ilyz] 伊莉斯〈名〉
الجهود			[āljhwd] 努力；尽力〈名〉
بالمصادفة			[bālmṣādfah] 碰巧；偶然地〈副〉
أولاف			[’awlāf] 奥拉夫〈名〉
الإستقرار			[āl’istqrār] 稳定；安定；定居〈名〉
تايوان			[tāywān] 台湾〈名〉
الحيوانيّة			[ālḥywānyyah] 动物性；兽性〈名〉
أميرال			[’amyrāl] 海军上将；舰队司令〈名〉
الإقرار			[āl’iqrār] 承认；确认；致谢〈名〉
منفتح			[munfatih] 开朗的；外向的；开放的〈形〉
المشبك			[ālmshbk] 搭扣；钩扣；胸罩〈名〉
الفراغات			[ālfrāghāt] 空闲时间；空白页〈名〉
المنافس			[ālmnāfs] 竞争者；对手；参赛者〈名〉
المعاشرة			[ālm‘āshrah] 结伴；交往；相处〈名〉
متوافق			[mtwāfq] 一致的；兼容的；和谐的〈形〉
دولان			[dwlān] 多兰〈名〉
الورك			[ālwrk] 髋部；髋关节〈名〉
متغطرس			[mutaghaṭris] 傲慢的；自大的〈形〉
الفريسة			[ālfrysah] 猎物；牺牲品〈名〉
يتجسّس			[yatajassasu] 侦察；刺探；当间谍〈动〉
فراغات			[frāghāt] 空隙；空白；空档〈名〉
ويكفيلد			[wīkfīld] 韦克菲尔德〈名〉
سدّد			[saddada] 偿还；付清；瞄准〈动〉
زراعيّة			[zrā‘yyah] 农业的〈形〉
ينجز			[yunjizu] 完成；实现〈动〉
طفوليّ			[ṭufūlī] 幼稚的；孩子气的〈形〉
إرتكب			[’irtkb] 犯（罪）；犯下〈动〉
أعزل			[’a‘zl] 手无寸铁的；无防备的〈形〉
مستثمر			[mustathmir] 投资者〈名〉
المسوخ			[ālmswkh] 突变体〈名〉
الرّبو			[ālrrbw] 哮喘；气喘〈名〉
نُفِي			[nufiy] 被驱逐；被流放〈名〉
فسّر			[fassara] 解释；阐释〈动〉
المساومة			[ālmsāwmah] 讨价还价；妥协〈名〉
إرتفع			[’irtf‘] 上升；升高；上涨〈动〉
البالوعة			[ālbālw‘ah] 下水道；排水沟〈名〉
الكرنفال			[ālkrnfāl] 嘉年华会；狂欢节；饮宴狂欢〈名〉
المسرحي			[ālmsrḥy] 戏剧的；剧场的〈形〉
ديلي			[dīlī] 熟食店；熟食品〈名〉
العوائل			[āl‘wā’il] 家族；家庭〈名〉
سخي			[sakhī] 丰厚的；慷慨的〈形〉
ثديي			[thadyiyy] 乳房的；乳腺的〈形〉
مطهّر			[muṭahhir] 使洁净的；去垢的〈形〉
المطهّر			[ālmṭhhr] 抗菌剂；防腐剂〈名〉
التّروس			[ālttrws] 齿轮；轮齿〈名〉
الخليط			[ālkhlyṭ] 混合〈名〉
اسق			[āsq] 当酒吧侍者；在酒吧掌柜〈动〉
الجماعات			[āljmā‘āt] 集体〈名〉
كاليه			[kālyh] 加来；卡莱斯牌汽车〈名〉
شرقا			[shrqā] 向东方地；朝东〈副〉
الصديقات			[ālṣdyqāt] 女朋友；女友们〈名〉
جاردنر			[jārdnr] 加德纳〈名〉
الوصي			[ālwṣy] 摄政者；摄政王；摄政的〈名〉
البراغي			[ālbrāghy] 螺丝钉；螺栓；螺旋〈名〉
تروس			[turūs] 盾牌；齿轮〈名〉
الخنق			[ālkhnq] 窒息〈名〉
الجبر			[āljbr] 代数学〈名〉
الآخرة			[āl’ākhrah] 来世；后世〈名〉
يخالف			[ykhālf] 违反；与…相抵触；有分歧〈动〉
التّصوّر			[ālttṣwwr] 概念；构想；想象〈名〉
الكولا			[ālkwlā] 可乐饮料〈名〉
الشيطانة			[ālshyṭānah] 女恶鬼；女恶魔；女魔鬼〈名〉
الأخطار			[āl’akhṭār] 危险；危险因素；危害〈名〉
العدسات			[āl‘dsāt] 透镜；镜片；镜头〈名〉
الشرائح			[ālshrā’iḥ] 切片；薄片；阶层；幻灯片〈名〉
مقامر			[mqāmr] 赌徒；冒险者〈名〉
يشفي			[yashfī] 治愈；医治〈动〉
التستّر			[āltsttr] 遮盖；掩饰；隐蔽〈名〉
الآراء			[āl’ārā’] 意见；舆论；评价〈名〉
فانكوفر			[fānkwfr] 温哥华〈名〉
الكويكبات			[ālkwykbāt] 小行星〈名〉
تعيينيّ			[ta‘yīniyy] 任命的；派任的〈形〉
ناجي			[nājy] 幸存者；生还者〈名〉
انعدام			[ān‘dām] 不存在；无；缺乏〈名〉
الوتد			[ālwtd] 楔子；木桩〈名〉
متطابق			[mtṭābiq] 完全相同的；一致的〈形〉
المعارض			[ālm‘ārḍ] 展览会；展出者〈名〉
مجهّز			[mujahhiz] 装备者；供应者；已装备的〈名〉
النكهة			[ālnkhah] 味；调味香料；滋味〈名〉
التصنيع			[āltṣny‘] 制造；加工〈名〉
يقهر			[qahara] 压服；击败；压倒〈动〉
فلسطين			[Filasṭīn] 巴勒斯坦〈名〉
النهضة			[ālnhḍah] 复兴；振兴；文艺复兴〈名〉
النّاجي			[ālnnājy] 幸存者；生还者〈名〉
الشّرج			[ālshrj] 屁眼儿；肛门〈名〉
المزيج			[ālmzyj] 混合物；混合料〈名〉
البارع			[ālbār‘] 能干的；精湛的〈形〉
المتخلّف			[ālmtkhllf] 落后者；迟钝的人〈名〉
نشيط			[nashīṭ] 活跃的；勤快的〈形〉
المزايدة			[ālmzāydah] 竞买；拍卖；出价〈名〉
كرومويل			[krūmwīl] 克伦威尔〈名〉
العباءة			[āl‘bā’ah] 斗篷；长袍〈名〉
الفهد			[ālfhd] 猎豹〈名〉
التجريبية			[āltjrybyah] 实验主义；经验主义；实验论〈名〉
أبل			[’abl] 苹果公司〈名〉
الفيتامينات			[ālfytāmynāt] 维生素〈名〉
آها			[’āhā] 啊哈〈叹〉
الأسوار			[āl’aswār] 城郭；外栅〈名〉
كليم			[kalīm] 说话者；代言人〈名〉
الذنوب			[āldhnwb] 罪行；内疚；罪〈名〉
الوصفات			[ālwṣfāt] 医药处方；药方〈名〉
الحبة			[ālḥbah] 药丸；弹丸；屈辱〈名〉
الأنقاض			[āl’anqāḍ] 粗石；碎砖；粗石堆〈名〉
بإحترام			[b’iḥtrām] 尊敬地；恭敬地〈副〉
غنّ			[ghinn] 歌唱；唱歌〈名〉
الناقلة			[ālnāqlah] 油船；运输船；航空母舰〈名〉
موقّر			[muwaqqar] 庄严的；值得尊敬的〈形〉
المعصم			[ālm‘ṣm] 手腕；腕关节；腕〈名〉
معدي			[mu‘din] 触染性的；会蔓延的；触染的〈形〉
التجنيد			[āltjnyd] 征兵；募兵；征用〈名〉
المقدّر			[ālmqddr] 命运；定数；被注定的〈名〉
الرضّع			[ālrḍḍ‘] 乳儿；乳臭未干的小子〈名〉
المسؤولون			[ālms’uwlwn] 行政官员〈名〉
القرصنة			[ālqrṣnah] 海盗行为；海上劫掠；剽窃〈名〉
سيّج			[sayyij] 平坦的；平整的〈形〉
الخدوش			[ālkhdwsh] 搔痒；抓痕；刮擦声〈名〉
الهليكوبتر			[ālhlykwbtr] 直升机〈名〉
توقيعي			[tawqī‘ī] 亲笔的；手稿的；亲笔签名的〈形〉
السّوط			[ālsswṭ] 鞭子；鞭〈名〉
الرّفوف			[ālrrfwf] 书架〈名〉
نظريًّا			[nẓryyanā] 理论上；从理论上说（نظري 的宾格副词形式）〈名〉
جيوفاني			[jywfāny] 乔瓦尼〈名〉
الحاجّ			[ālḥājj] 朝圣者；香客〈名〉
المبالغ			[ālmbālgh] 金额；款项；总数〈名〉
بسلامة			[bslāmah] 安全地；确实地〈副〉
المماطلة			[ālmmāṭlah] 拖延；拖延症；敷衍〈名〉
الإبادة			[āl’ibādah] 歼灭；湮灭；消灭〈名〉
المرساة			[ālmrsāah] 锚；抛锚停泊；使固定〈名〉
يغشّ			[yughashshī] 欺骗；掺假〈动〉
لزوجة			[lzwjah] 粘性；粘附度〈名〉
الإبداع			[āl’ibdā‘] 创造力；创造性〈名〉
المعضلة			[ālm‘ḍlah] 困境；窘境〈名〉
الإستثمار			[āl’istthmār] 投资；包埋料；围模料〈名〉
الأزل			[āl’azl] 永恒；无限〈名〉
الإستقلال			[āl’istqlāl] 独立；自立；自主〈名〉
نوب			[nūb] 球形手把；蕾形装饰；流苏〈名〉
دويّ			[dawīy] 轰鸣；轰响〈名〉
يكافح			[ykāfḥ] 斗争；搏斗〈动〉
إنفرادي			[’infrādy] 个别的；单独的〈形〉
بطيئ			[bṭy’i] 慢的；缓慢的〈形〉
ملخص			[mukhallaṣ] 摘要；概要〈名〉
متميّز			[mutamayyaz] 杰出的；卓越的〈形〉
النّسيم			[ālnnsym] 微风；和风〈名〉
الأسرى			[āl’asrā] 战俘；俘虏〈名〉
