사랑	[sʰa̠ɾa̠ŋ]	[sʰa̠ɾa̠ŋ]	[[sʰa̠ɾa̠ŋ]] 愛 (情感)
감사합니다	[ˈka̠(ː)msʰa̠ɦa̠mnida̠]	[ˈka̠(ː)msʰa̠ɦa̠mnida̠]	[[ˈka̠(ː)msʰa̠ɦa̠mnida̠]] 感謝 (問候)
안녕하세요	[a̠nɲʌ̹ŋɦa̠sʰe̞jo]	[a̠nɲʌ̹ŋɦa̠sʰe̞jo]	[[a̠nɲʌ̹ŋɦa̠sʰe̞jo]] 你好 (問候)
죄송합니다			對不起 (表達)
네	[ne̞(ː)]	[ne̞(ː)]	[[ne̞(ː)]] 是 (基礎)
아니요	[a̠nijo]	[a̠nijo]	[[a̠nijo]] 不 (基礎)
맛있다	[ma̠ɕʰit̚t͈a̠]	[ma̠ɕʰit̚t͈a̠]	[[ma̠ɕʰit̚t͈a̠]] 美味 (食物)
물	[muɭ]	[muɭ]	[[muɭ]] 水 (食物)
친구	[t͡ɕʰinɡu]	[t͡ɕʰinɡu]	[[t͡ɕʰinɡu]] 朋友 (人際關係)
가족	[ka̠d͡ʑo̞k̚]	[ka̠d͡ʑo̞k̚]	[[ka̠d͡ʑo̞k̚]] Family (關係)
귀엽다	[ˈkɥi(ː)jʌ̹p̚t͈a̠]	[ˈkɥi(ː)jʌ̹p̚t͈a̠]	[[ˈkɥi(ː)jʌ̹p̚t͈a̠]] Cute (描述)
행복하다	[ˈhɛ(ː)ŋbo̞kʰa̠da̠]	[ˈhɛ(ː)ŋbo̞kʰa̠da̠]	[[ˈhɛ(ː)ŋbo̞kʰa̠da̠]] Happy (情感)
슬프다	[sʰɯɭpʰɯda̠]	[sʰɯɭpʰɯda̠]	[[sʰɯɭpʰɯda̠]] Sad (情感)
배고프다	[pɛɡo̞pʰɯda̠]	[pɛɡo̞pʰɯda̠]	[[pɛɡo̞pʰɯda̠]] 餓 (日常生活)
피곤하다	[pʰiɡo̞nɦa̠da̠]	[pʰiɡo̞nɦa̠da̠]	[[pʰiɡo̞nɦa̠da̠]] 累 (日常生活)
커피	[kʰʌ̹pʰi]	[kʰʌ̹pʰi]	[[kʰʌ̹pʰi]] 咖啡 (飲食)
밥	[pa̠p̚]	[pa̠p̚]	[[pa̠p̚]] 飯 (飲食)
학교	[ha̠k̚k͈jo]	[ha̠k̚k͈jo]	[[ha̠k̚k͈jo]] 學校 (教育)
선생님	[sʰʌ̹nsʰɛŋnim]	[sʰʌ̹nsʰɛŋnim]	[[sʰʌ̹nsʰɛŋnim]] 老師 (教育)
학생	[ha̠ks͈ɛŋ]	[ha̠ks͈ɛŋ]	[[ha̠ks͈ɛŋ]] 學生 (教育)
책	[t͡ɕʰɛk̚]	[t͡ɕʰɛk̚]	[[t͡ɕʰɛk̚]] 書 (教育)
병원	[ˈpjɘ(ː)ŋwʌ̹n]	[ˈpjɘ(ː)ŋwʌ̹n]	[[ˈpjɘ(ː)ŋwʌ̹n]] 醫院 (日常生活)
돈	[to̞(ː)n]	[to̞(ː)n]	[[to̞(ː)n]] Money (日常生活)
날씨	[na̠ɭɕ͈i]	[na̠ɭɕ͈i]	[[na̠ɭɕ͈i]] Weather (日常生活)
기차	[kit͡ɕʰa̠]	[kit͡ɕʰa̠]	[[kit͡ɕʰa̠]] Train (旅行)
공항	[ko̞ŋɦa̠ŋ]	[ko̞ŋɦa̠ŋ]	[[ko̞ŋɦa̠ŋ]] Airport (旅行)
호텔	[ɸʷo̞tʰe̞ɭ]	[ɸʷo̞tʰe̞ɭ]	[[ɸʷo̞tʰe̞ɭ]] Hotel (旅行)
화장실	[ɸwa̠d͡ʑa̠ŋɕʰiɭ]	[ɸwa̠d͡ʑa̠ŋɕʰiɭ]	[[ɸwa̠d͡ʑa̠ŋɕʰiɭ]] 浴室 (旅行)
실례합니다			麻煩 (表達)
얼마	[ʌ̹ɭma̠]	[ʌ̹ɭma̠]	[[ʌ̹ɭma̠]] 多少 (購物)
싸다	[s͈a̠da̠]	[s͈a̠da̠]	[[s͈a̠da̠]] 便宜 (購物)
비싸다	[pis͈a̠da̠]	[pis͈a̠da̠]	[[pis͈a̠da̠]] 昂貴 (購物)
모르겠어요			我不知道 (表達)
좋아요	[ˈt͡ɕo̞(ː)a̠jo]	[ˈt͡ɕo̞(ː)a̠jo]	[[ˈt͡ɕo̞(ː)a̠jo]] 我喜歡 (表達)
싫어요	[ɕʰiɾʌ̹jo]	[ɕʰiɾʌ̹jo]	[[ɕʰiɾʌ̹jo]] 我不喜歡 (表達)
주세요			請 (基礎)
잠깐만요			等一下 (表達)
축하합니다			恭喜 (表達)
일	[i(ː)ɭ]	[i(ː)ɭ]	[[i(ː)ɭ]] 工作 (日常生活)
음악	[ɯma̠k̚]	[ɯma̠k̚]	[[ɯma̠k̚]] 音樂 (娛樂)
영화	[jʌ̹ŋβwa̠]	[jʌ̹ŋβwa̠]	[[jʌ̹ŋβwa̠]] 電影 (娛樂)
전화	[t͡ɕʌ̹nwa̠]	[t͡ɕʌ̹nwa̠]	[[t͡ɕʌ̹nwa̠]] 電話 (日常生活)
도와주세요			幫助 (基礎)
남자친구	[na̠md͡ʑa̠t͡ɕʰinɡu]	[na̠md͡ʑa̠t͡ɕʰinɡu]	[[na̠md͡ʑa̠t͡ɕʰinɡu]] 男朋友 (關係)
여자친구	[jʌ̹d͡ʑa̠t͡ɕʰinɡu]	[jʌ̹d͡ʑa̠t͡ɕʰinɡu]	[[jʌ̹d͡ʑa̠t͡ɕʰinɡu]] 女朋友 (關係)
건배	[kʌ̹nbɛ]	[kʌ̹nbɛ]	[[kʌ̹nbɛ]] 乾杯 (文化)
케이팝	[kʰe̞ipʰa̠p̚]	[kʰe̞ipʰa̠p̚]	[[kʰe̞ipʰa̠p̚]] K-pop (文化)
아이돌	[a̠ido̞ɭ]	[a̠ido̞ɭ]	[[a̠ido̞ɭ]] K-pop偶像 (文化)
팬덤	[pʰɛndʌ̹m]	[pʰɛndʌ̹m]	[[pʰɛndʌ̹m]] 粉絲圈 (文化)
태권도	[tʰɛk͈wʌ̹ndo̞]	[tʰɛk͈wʌ̹ndo̞]	[[tʰɛk͈wʌ̹ndo̞]] 跆拳道 (文化)
먹방	[mʌ̹k̚p͈a̠ŋ]	[mʌ̹k̚p͈a̠ŋ]	[[mʌ̹k̚p͈a̠ŋ]] 吃播 (文化)
피시방	[pʰiɕʰiba̠ŋ]	[pʰiɕʰiba̠ŋ]	[[pʰiɕʰiba̠ŋ]] 網咖 (文化)
케이뷰티			K-Beauty（韓國美妝） (文化)
웹툰	[we̞p̚tʰun]	[we̞p̚tʰun]	[[we̞p̚tʰun]] 網路漫畫 (文化)
만화	[ˈma̠(ː)nβwa̠]	[ˈma̠(ː)nβwa̠]	[[ˈma̠(ː)nβwa̠]] 韓國漫畫 (文化)
집	[t͡ɕip̚]	[t͡ɕip̚]	[[t͡ɕip̚]] 家 (日常生活)
일어나다	[iɾʌ̹na̠da̠]	[iɾʌ̹na̠da̠]	[[iɾʌ̹na̠da̠]] 起床 (日常生活)
아침밥	[a̠t͡ɕʰimba̠p̚]	[a̠t͡ɕʰimba̠p̚]	[[a̠t͡ɕʰimba̠p̚]] 早餐 (日常生活)
카페	[k͈a̠pʰe̞]	[k͈a̠pʰe̞]	[[k͈a̠pʰe̞]] 咖啡廳 (日常生活)
회의	[ˈɸwe̞(ː)ɰi]	[ˈɸwe̞(ː)ɰi]	[[ˈɸwe̞(ː)ɰi]] 會議 (日常生活)
점심시간	[ˈt͡ɕɘ(ː)mɕʰimɕʰiɡa̠n]	[ˈt͡ɕɘ(ː)mɕʰimɕʰiɡa̠n]	[[ˈt͡ɕɘ(ː)mɕʰimɕʰiɡa̠n]] 午休 (日常生活)
주말	[t͡ɕuma̠ɭ]	[t͡ɕuma̠ɭ]	[[t͡ɕuma̠ɭ]] 週末 (日常生活)
아파트	[a̠pʰa̠tʰɯ]	[a̠pʰa̠tʰɯ]	[[a̠pʰa̠tʰɯ]] 公寓 (日常生活)
빨래	[p͈a̠ɭɭɛ]	[p͈a̠ɭɭɛ]	[[p͈a̠ɭɭɛ]] 洗衣 (日常生活)
장보기			買菜 (日常生活)
운동	[ˈu(ː)ndo̞ŋ]	[ˈu(ː)ndo̞ŋ]	[[ˈu(ː)ndo̞ŋ]] 運動 (日常生活)
은행	[ɯnɦɛŋ]	[ɯnɦɛŋ]	[[ɯnɦɛŋ]] 銀行 (日常生活)
배달	[ˈpɛ(ː)da̠ɭ]	[ˈpɛ(ː)da̠ɭ]	[[ˈpɛ(ː)da̠ɭ]] 外送 (日常生活)
인터넷	[intʰʌ̹ne̞t̚]	[intʰʌ̹ne̞t̚]	[[intʰʌ̹ne̞t̚]] 網路 (日常生活)
노래방	[no̞ɾɛba̠ŋ]	[no̞ɾɛba̠ŋ]	[[no̞ɾɛba̠ŋ]] KTV包廂 (日常生活)
결혼식	[kjʌ̹ɾβo̞nɕʰik̚]	[kjʌ̹ɾβo̞nɕʰik̚]	[[kjʌ̹ɾβo̞nɕʰik̚]] 婚禮 (日常生活)
휴일	[çuiɭ]	[çuiɭ]	[[çuiɭ]] 假日 (日常生活)
마트	[ma̠tʰɯ]	[ma̠tʰɯ]	[[ma̠tʰɯ]] 超市 (日常生活)
엘리베이터	[e̞ʎʎibe̞itʰʌ̹]	[e̞ʎʎibe̞itʰʌ̹]	[[e̞ʎʎibe̞itʰʌ̹]] 電梯 (日常生活)
이웃	[iut̚]	[iut̚]	[[iut̚]] 鄰居 (日常生活)
아이들	[a̠idɯɭ]	[a̠idɯɭ]	[[a̠idɯɭ]] 孩子 (日常生活)
일정	[iʎt͡ɕ͈ʌ̹ŋ]	[iʎt͡ɕ͈ʌ̹ŋ]	[[iʎt͡ɕ͈ʌ̹ŋ]] 行程 (日常生活)
이발	[ˈi(ː)ba̠ɭ]	[ˈi(ː)ba̠ɭ]	[[ˈi(ː)ba̠ɭ]] 剪髮 (日常生活)
낮잠	[na̠t̚t͡ɕ͈a̠m]	[na̠t̚t͡ɕ͈a̠m]	[[na̠t̚t͡ɕ͈a̠m]] 小睡 (日常生活)
집밥	[t͡ɕip̚p͈a̠p̚]	[t͡ɕip̚p͈a̠p̚]	[[t͡ɕip̚p͈a̠p̚]] 在家做飯 (日常生活)
스트레스	[sʰɯtʰɯɾe̞s͈ɯ]	[sʰɯtʰɯɾe̞s͈ɯ]	[[sʰɯtʰɯɾe̞s͈ɯ]] 壓力 (日常生活)
공부	[ko̞ŋbu]	[ko̞ŋbu]	[[ko̞ŋbu]] 學習 (日常生活)
취미	[ˈt͡ɕʰɥi(ː)mi]	[ˈt͡ɕʰɥi(ː)mi]	[[ˈt͡ɕʰɥi(ː)mi]] Hobby (日常生活)
도서관	[to̞sʰʌ̹ɡwa̠n]	[to̞sʰʌ̹ɡwa̠n]	[[to̞sʰʌ̹ɡwa̠n]] Library (日常生活)
우체국	[ut͡ɕʰe̞ɡuk̚]	[ut͡ɕʰe̞ɡuk̚]	[[ut͡ɕʰe̞ɡuk̚]] Post office (日常生活)
숙제	[sʰuk̚t͡ɕ͈e̞]	[sʰuk̚t͡ɕ͈e̞]	[[sʰuk̚t͡ɕ͈e̞]] 作業 (教育)
시험	[ɕʰiɦʌ̹m]	[ɕʰiɦʌ̹m]	[[ɕʰiɦʌ̹m]] 考試 (教育)
테스트	[tʰe̞sʰɯtʰɯ]	[tʰe̞sʰɯtʰɯ]	[[tʰe̞sʰɯtʰɯ]] 測驗 (教育)
퀴즈	[kʰɥid͡ʑɯ]	[kʰɥid͡ʑɯ]	[[kʰɥid͡ʑɯ]] 測驗 (教育)
성적	[sʰʌ̹ŋd͡ʑʌ̹k̚]	[sʰʌ̹ŋd͡ʑʌ̹k̚]	[[sʰʌ̹ŋd͡ʑʌ̹k̚]] Grade (教育)
점수	[t͡ɕʌ̹ms͈u]	[t͡ɕʌ̹ms͈u]	[[t͡ɕʌ̹ms͈u]] Score (教育)
이해	[ˈi(ː)ɦɛ]	[ˈi(ː)ɦɛ]	[[ˈi(ː)ɦɛ]] Understand (教育)
질문	[t͡ɕiɭmun]	[t͡ɕiɭmun]	[[t͡ɕiɭmun]] Question (教育)
답	[ta̠p̚]	[ta̠p̚]	[[ta̠p̚]] Answer (教育)
수업	[sʰuʌ̹p̚]	[sʰuʌ̹p̚]	[[sʰuʌ̹p̚]] Class (教育)
레슨			Lesson (教育)
과목	[kwa̠mo̞k̚]	[kwa̠mo̞k̚]	[[kwa̠mo̞k̚]] Subject (教育)
수학	[ˈsʰu(ː)ɦa̠k̚]	[ˈsʰu(ː)ɦa̠k̚]	[[ˈsʰu(ː)ɦa̠k̚]] Math (教育)
과학	[kwa̠ɦa̠k̚]	[kwa̠ɦa̠k̚]	[[kwa̠ɦa̠k̚]] Science (教育)
영어	[jʌ̹ŋʌ̹]	[jʌ̹ŋʌ̹]	[[jʌ̹ŋʌ̹]] English (教育)
역사	[jʌ̹ks͈a̠]	[jʌ̹ks͈a̠]	[[jʌ̹ks͈a̠]] History (教育)
미술	[ˈmi(ː)sʰuɭ]	[ˈmi(ː)sʰuɭ]	[[ˈmi(ː)sʰuɭ]] Art (教育)
체육	[t͡ɕʰe̞juk̚]	[t͡ɕʰe̞juk̚]	[[t͡ɕʰe̞juk̚]] Physical Education (教育)
교실	[ˈkjo(ː)ɕʰiɭ]	[ˈkjo(ː)ɕʰiɭ]	[[ˈkjo(ː)ɕʰiɭ]] Classroom (教育)
칠판	[t͡ɕʰiɭpʰa̠n]	[t͡ɕʰiɭpʰa̠n]	[[t͡ɕʰiɭpʰa̠n]] Blackboard (教育)
마커	[ma̠kʰʌ̹]	[ma̠kʰʌ̹]	[[ma̠kʰʌ̹]] Marker (教育)
분필	[punpʰiɭ]	[punpʰiɭ]	[[punpʰiɭ]] Chalk (教育)
공책	[ko̞ŋt͡ɕʰɛk̚]	[ko̞ŋt͡ɕʰɛk̚]	[[ko̞ŋt͡ɕʰɛk̚]] Notebook (教育)
연필	[jʌ̹npʰiɭ]	[jʌ̹npʰiɭ]	[[jʌ̹npʰiɭ]] Pencil (教育)
펜	[pʰe̞n]	[pʰe̞n]	[[pʰe̞n]] Pen (教育)
지우개	[t͡ɕiuɡɛ]	[t͡ɕiuɡɛ]	[[t͡ɕiuɡɛ]] Eraser (教育)
자	[t͡ɕa̠]	[t͡ɕa̠]	[[t͡ɕa̠]] Ruler (教育)
계산기	[ˈkje̞(ː)sʰa̠nɡi]	[ˈkje̞(ː)sʰa̠nɡi]	[[ˈkje̞(ː)sʰa̠nɡi]] Calculator (教育)
교과서	[ˈkjo(ː)ɡwa̠sʰʌ̹]	[ˈkjo(ː)ɡwa̠sʰʌ̹]	[[ˈkjo(ː)ɡwa̠sʰʌ̹]] Textbook (教育)
사전	[sʰa̠d͡ʑʌ̹n]	[sʰa̠d͡ʑʌ̹n]	[[sʰa̠d͡ʑʌ̹n]] Dictionary (教育)
대학교	[ˈtɛ(ː)ɦa̠k̚k͈jo]	[ˈtɛ(ː)ɦa̠k̚k͈jo]	[[ˈtɛ(ː)ɦa̠k̚k͈jo]] University (教育)
대학	[ˈtɛ(ː)ɦa̠k̚]	[ˈtɛ(ː)ɦa̠k̚]	[[ˈtɛ(ː)ɦa̠k̚]] College (教育)
고등학교	[ko̞dɯŋɦa̠k̚k͈jo]	[ko̞dɯŋɦa̠k̚k͈jo]	[[ko̞dɯŋɦa̠k̚k͈jo]] High School (教育)
중학교	[t͡ɕuŋɦa̠k̚k͈jo]	[t͡ɕuŋɦa̠k̚k͈jo]	[[t͡ɕuŋɦa̠k̚k͈jo]] Middle School (教育)
초등학교	[t͡ɕʰo̞dɯŋɦa̠k̚k͈jo]	[t͡ɕʰo̞dɯŋɦa̠k̚k͈jo]	[[t͡ɕʰo̞dɯŋɦa̠k̚k͈jo]] Elementary School (教育)
유치원	[jut͡ɕʰiwʌ̹n]	[jut͡ɕʰiwʌ̹n]	[[jut͡ɕʰiwʌ̹n]] Kindergarten (教育)
캠퍼스	[kʰɛmpʰʌ̹sʰɯ]	[kʰɛmpʰʌ̹sʰɯ]	[[kʰɛmpʰʌ̹sʰɯ]] Campus (教育)
동기	[to̞ŋɡi]	[to̞ŋɡi]	[[to̞ŋɡi]] Classmate (教育)
아르바이트	[a̠ɾɯba̠itʰɯ]	[a̠ɾɯba̠itʰɯ]	[[a̠ɾɯba̠itʰɯ]] 兼職 (教育)
기술	[kisʰuɭ]	[kisʰuɭ]	[[kisʰuɭ]] 技能 (教育)
학원	[ha̠ɡwʌ̹n]	[ha̠ɡwʌ̹n]	[[ha̠ɡwʌ̹n]] 補習班 (教育)
과제	[kwa̠d͡ʑe̞]	[kwa̠d͡ʑe̞]	[[kwa̠d͡ʑe̞]] 作業 (教育)
프로젝트	[pʰɯɾo̞d͡ʑe̞k̚tʰɯ]	[pʰɯɾo̞d͡ʑe̞k̚tʰɯ]	[[pʰɯɾo̞d͡ʑe̞k̚tʰɯ]] 專案 (教育)
학기	[ha̠k̚k͈i]	[ha̠k̚k͈i]	[[ha̠k̚k͈i]] Semester (Education)
방학	[pa̠ŋɦa̠k̚]	[pa̠ŋɦa̠k̚]	[[pa̠ŋɦa̠k̚]] Vacation (Education)
신나다	[ɕʰinna̠da̠]	[ɕʰinna̠da̠]	[[ɕʰinna̠da̠]] Excited (情感)
지루하다	[t͡ɕiɾuɦa̠da̠]	[t͡ɕiɾuɦa̠da̠]	[[t͡ɕiɾuɦa̠da̠]] Bored (情感)
무섭다	[musʰʌ̹p̚t͈a̠]	[musʰʌ̹p̚t͈a̠]	[[musʰʌ̹p̚t͈a̠]] Scared (情感)
놀라다	[ˈno̞(ː)ɭɭa̠da̠]	[ˈno̞(ː)ɭɭa̠da̠]	[[ˈno̞(ː)ɭɭa̠da̠]] 驚訝 (情感)
외롭다	[we̞ɾo̞p̚t͈a̠]	[we̞ɾo̞p̚t͈a̠]	[[we̞ɾo̞p̚t͈a̠]] 孤單 (情感)
질투하다	[t͡ɕiɭtʰuɦa̠da̠]	[t͡ɕiɭtʰuɦa̠da̠]	[[t͡ɕiɭtʰuɦa̠da̠]] Jealous (Emotions)
불안하다	[puɾa̠nɦa̠da̠]	[puɾa̠nɦa̠da̠]	[[puɾa̠nɦa̠da̠]] Anxious (Emotions)
긴장하다	[kiɲd͡ʑa̠ŋɦa̠da̠]	[kiɲd͡ʑa̠ŋɦa̠da̠]	[[kiɲd͡ʑa̠ŋɦa̠da̠]] Nervous (Emotions)
감사하다	[ˈka̠(ː)msʰa̠ɦa̠da̠]	[ˈka̠(ː)msʰa̠ɦa̠da̠]	[[ˈka̠(ː)msʰa̠ɦa̠da̠]] Grateful (Emotions)
실망하다	[ɕʰiɭma̠ŋɦa̠da̠]	[ɕʰiɭma̠ŋɦa̠da̠]	[[ɕʰiɭma̠ŋɦa̠da̠]] Disappointed (Emotions)
우울하다	[uuɾɦa̠da̠]	[uuɾɦa̠da̠]	[[uuɾɦa̠da̠]] Depressed (Emotions)
명랑하다			Cheerful (Emotions)
평화롭다	[pʰjʌ̹ŋβwa̠ɾo̞p̚t͈a̠]	[pʰjʌ̹ŋβwa̠ɾo̞p̚t͈a̠]	[[pʰjʌ̹ŋβwa̠ɾo̞p̚t͈a̠]] Peaceful (Emotions)
걱정하다	[kʌ̹k̚t͡ɕ͈ʌ̹ŋɦa̠da̠]	[kʌ̹k̚t͡ɕ͈ʌ̹ŋɦa̠da̠]	[[kʌ̹k̚t͡ɕ͈ʌ̹ŋɦa̠da̠]] Worried (Emotions)
궁금하다	[kuŋɡɯmɦa̠da̠]	[kuŋɡɯmɦa̠da̠]	[[kuŋɡɯmɦa̠da̠]] Curious (Emotions)
감동받다			Touched (Emotions)
차분하다	[t͡ɕʰa̠bunɦa̠da̠]	[t͡ɕʰa̠bunɦa̠da̠]	[[t͡ɕʰa̠bunɦa̠da̠]] Calm (Emotions)
만족하다	[ma̠ɲd͡ʑo̞kʰa̠da̠]	[ma̠ɲd͡ʑo̞kʰa̠da̠]	[[ma̠ɲd͡ʑo̞kʰa̠da̠]] 滿意 (情緒)
부러워하다			羨慕 (情緒)
기쁘다	[kip͈ɯda̠]	[kip͈ɯda̠]	[[kip͈ɯda̠]] 喜悅 (情緒)
스트레스받다			壓力大 (情緒)
지치다	[ˈt͡ɕi(ː)t͡ɕʰida̠]	[ˈt͡ɕi(ː)t͡ɕʰida̠]	[[ˈt͡ɕi(ː)t͡ɕʰida̠]] 筋疲力盡 (情緒)
재미있다	[t͡ɕɛmiit̚t͈a̠]	[t͡ɕɛmiit̚t͈a̠]	[[t͡ɕɛmiit̚t͈a̠]] 覺得有趣 (情緒)
짜증나다			惱怒 (情緒)
삐치다			Sulky (Emotions)
장난스럽다			Playful (Emotions)
따뜻하다	[t͈a̠t͈ɯtʰa̠da̠]	[t͈a̠t͈ɯtʰa̠da̠]	[[t͈a̠t͈ɯtʰa̠da̠]] Warm (Emotions)
아늑하다	[a̠nɯkʰa̠da̠]	[a̠nɯkʰa̠da̠]	[[a̠nɯkʰa̠da̠]] Cozy (Emotions)
어색하다	[ˈɘ(ː)sʰɛkʰa̠da̠]	[ˈɘ(ː)sʰɛkʰa̠da̠]	[[ˈɘ(ː)sʰɛkʰa̠da̠]] Uneasy (Emotions)
소심하다	[ˈsʰo̞(ː)ɕʰimɦa̠da̠]	[ˈsʰo̞(ː)ɕʰimɦa̠da̠]	[[ˈsʰo̞(ː)ɕʰimɦa̠da̠]] Timid (Emotions)
부드럽다	[pudɯɾʌ̹p̚t͈a̠]	[pudɯɾʌ̹p̚t͈a̠]	[[pudɯɾʌ̹p̚t͈a̠]] Tender (Emotions)
상쾌하다	[ˈsʰa̠(ː)ŋkʰwɛɦa̠da̠]	[ˈsʰa̠(ː)ŋkʰwɛɦa̠da̠]	[[ˈsʰa̠(ː)ŋkʰwɛɦa̠da̠]] Refreshed (Emotions)
맵다	[mɛp̚t͈a̠]	[mɛp̚t͈a̠]	[[mɛp̚t͈a̠]] 辣 (食物)
달다	[ˈta̠(ː)ɭda̠]	[ˈta̠(ː)ɭda̠]	[[ˈta̠(ː)ɭda̠]] 甜 (食物)
짜다	[t͡ɕ͈a̠da̠]	[t͡ɕ͈a̠da̠]	[[t͡ɕ͈a̠da̠]] 鹹 (食物)
비빔밥	[pibimp͈a̠p̚]	[pibimp͈a̠p̚]	[[pibimp͈a̠p̚]] 拌飯 (食物)
김치	[kimt͡ɕʰi]	[kimt͡ɕʰi]	[[kimt͡ɕʰi]] 泡菜 (食物)
떡볶이	[t͈ʌ̹k̚p͈o̞k͈i]	[t͈ʌ̹k̚p͈o̞k͈i]	[[t͈ʌ̹k̚p͈o̞k͈i]] 辣炒年糕 (食物)
삼겹살	[sʰa̠mɡjʌ̹ps͈a̠ɭ]	[sʰa̠mɡjʌ̹ps͈a̠ɭ]	[[sʰa̠mɡjʌ̹ps͈a̠ɭ]] 烤五花肉 (食物)
불고기	[puɭɡo̞ɡi]	[puɭɡo̞ɡi]	[[puɭɡo̞ɡi]] 烤肉 (食物)
라면	[ɾa̠mjʌ̹n]	[ɾa̠mjʌ̹n]	[[ɾa̠mjʌ̹n]] 泡麵 (食物)
잡채	[t͡ɕa̠p̚t͡ɕʰɛ]	[t͡ɕa̠p̚t͡ɕʰɛ]	[[t͡ɕa̠p̚t͡ɕʰɛ]] 韓式雜菜 (食物)
김밥	[ˈki(ː)mba̠p̚]	[ˈki(ː)mba̠p̚]	[[ˈki(ː)mba̠p̚]] 韓式飯捲 (食物)
냉면	[ˈnɛ(ː)ŋmjʌ̹n]	[ˈnɛ(ː)ŋmjʌ̹n]	[[ˈnɛ(ː)ŋmjʌ̹n]] 冷麵 (食物)
파전	[pʰa̠d͡ʑʌ̹n]	[pʰa̠d͡ʑʌ̹n]	[[pʰa̠d͡ʑʌ̹n]] 蔥餅 (食物)
소주	[sʰo̞d͡ʑu]	[sʰo̞d͡ʑu]	[[sʰo̞d͡ʑu]] 燒酒 (食物)
막걸리	[ma̠k̚k͈ʌ̹ʎʎi]	[ma̠k̚k͈ʌ̹ʎʎi]	[[ma̠k̚k͈ʌ̹ʎʎi]] 米酒 (食物)
빙수	[piŋsʰu]	[piŋsʰu]	[[piŋsʰu]] 刨冰 (食物)
갈비	[ka̠ɭbi]	[ka̠ɭbi]	[[ka̠ɭbi]] 排骨 (食物)
호떡	[ɸʷo̞t͈ʌ̹k̚]	[ɸʷo̞t͈ʌ̹k̚]	[[ɸʷo̞t͈ʌ̹k̚]] 糖餅 (食物)
도시락	[to̞ɕʰiɾa̠k̚]	[to̞ɕʰiɾa̠k̚]	[[to̞ɕʰiɾa̠k̚]] 便當 (食物)
자장면	[t͡ɕa̠d͡ʑa̠ŋmjʌ̹n]	[t͡ɕa̠d͡ʑa̠ŋmjʌ̹n]	[[t͡ɕa̠d͡ʑa̠ŋmjʌ̹n]] 炸醬麵 (食物)
양념치킨			韓式炸雞 (食物)
만두	[ma̠ndu]	[ma̠ndu]	[[ma̠ndu]] 餃子 (食物)
국	[kuk̚]	[kuk̚]	[[kuk̚]] Soup (Food)
고기	[ko̞ɡi]	[ko̞ɡi]	[[ko̞ɡi]] Meat (Food)
계란	[kje̞ɾa̠n]	[kje̞ɾa̠n]	[[kje̞ɾa̠n]] Egg (Food)
마늘	[ma̠nɯɭ]	[ma̠nɯɭ]	[[ma̠nɯɭ]] Garlic (Food)
파	[pʰa̠]	[pʰa̠]	[[pʰa̠]] Green onion (Food)
참기름	[t͡ɕʰa̠mɡiɾɯm]	[t͡ɕʰa̠mɡiɾɯm]	[[t͡ɕʰa̠mɡiɾɯm]] Sesame oil (Food)
밥솥	[pa̠ps͈o̞t̚]	[pa̠ps͈o̞t̚]	[[pa̠ps͈o̞t̚]] Rice cooker (Food)
식당	[ɕʰik̚t͈a̠ŋ]	[ɕʰik̚t͈a̠ŋ]	[[ɕʰik̚t͈a̠ŋ]] Restaurant (Food)
메뉴	[me̞ɲu]	[me̞ɲu]	[[me̞ɲu]] Menu (Food)
주문	[ˈt͡ɕu(ː)mun]	[ˈt͡ɕu(ː)mun]	[[ˈt͡ɕu(ː)mun]] Order (food) (Food)
리필	[ɾipʰiɭ]	[ɾipʰiɭ]	[[ɾipʰiɭ]] Refill (free) (Food)
오랜만이에요			Long time no see (Greetings)
들어오세요			Please come in (Greetings)
수고하셨어요			辛苦了 (問候語)
파이팅	[pʰa̠itʰiŋ]	[pʰa̠itʰiŋ]	[[pʰa̠itʰiŋ]] 加油 (鼓勵) (問候語)
힘내세요			打起精神來 (問候語)
괜찮아요			沒關係 (問候語)
물론이죠			當然 (問候語)
문제없어요			沒問題 (問候語)
천만에요	[t͡ɕʰʌ̹nma̠ne̞jo]	[t͡ɕʰʌ̹nma̠ne̞jo]	[[t͡ɕʰʌ̹nma̠ne̞jo]] 不客氣 (問候語)
언제든지요			隨時 (問候語)
알겠어요			我明白了 (問候語)
정말요			真的嗎？ (問候語)
와	[wa̠]	[wa̠]	[[wa̠]] 哇 (問候語)
대단해요			太棒了 (問候語)
바빠요			我很忙 (問候語)
피곤해요			我累了 (問候語)
만나요			見個面吧 (問候語)
조심하세요			小心 (問候語)
즐거웠어요			我玩得很開心 (問候語)
가요	[ka̠jo]	[ka̠jo]	[[ka̠jo]] 我們走吧 (問候語)
훌륭해요			做得好 (問候語)
할까요			我們一起…好嗎？ (問候語)
걱정했어요			我很擔心你 (問候語)
그럼요			當然 (問候語)
믿어요			我相信你 (問候語)
산	[sʰa̠n]	[sʰa̠n]	[[sʰa̠n]] 山 (自然)
강	[ka̠ŋ]	[ka̠ŋ]	[[ka̠ŋ]] 河流 (自然)
바다	[pa̠da̠]	[pa̠da̠]	[[pa̠da̠]] 海/海洋 (自然)
섬	[sʰɘ(ː)m]	[sʰɘ(ː)m]	[[sʰɘ(ː)m]] 島 (自然)
봄	[po̞m]	[po̞m]	[[po̞m]] 春 (自然)
여름	[jʌ̹ɾɯm]	[jʌ̹ɾɯm]	[[jʌ̹ɾɯm]] 夏天 (自然)
가을	[ka̠ɯɭ]	[ka̠ɯɭ]	[[ka̠ɯɭ]] 秋天 / 秋季 (自然)
겨울	[kjʌ̹uɭ]	[kjʌ̹uɭ]	[[kjʌ̹uɭ]] 冬天 (自然)
비	[pi]	[pi]	[[pi]] 雨 (自然)
눈	[nun]	[nun]	[[nun]] 雪 (自然)
벚꽃	[pʌ̹t̚k͈o̞t̚]	[pʌ̹t̚k͈o̞t̚]	[[pʌ̹t̚k͈o̞t̚]] 櫻花 (自然)
단풍	[ta̠npʰuŋ]	[ta̠npʰuŋ]	[[ta̠npʰuŋ]] 秋葉 (自然)
하늘	[ha̠nɯɭ]	[ha̠nɯɭ]	[[ha̠nɯɭ]] 天空 (自然)
일몰			日落 (自然)
일출	[iʎt͡ɕʰuɭ]	[iʎt͡ɕʰuɭ]	[[iʎt͡ɕʰuɭ]] 日出 (自然)
폭포	[pʰo̞k̚pʰo̞]	[pʰo̞k̚pʰo̞]	[[pʰo̞k̚pʰo̞]] 瀑布 (自然)
숲	[sʰup̚]	[sʰup̚]	[[sʰup̚]] 森林 (自然)
꽃	[k͈o̞t̚]	[k͈o̞t̚]	[[k͈o̞t̚]] 花 (自然)
나무	[na̠mu]	[na̠mu]	[[na̠mu]] 樹 (自然)
바람	[pa̠ɾa̠m]	[pa̠ɾa̠m]	[[pa̠ɾa̠m]] 風 (自然)
구름	[kuɾɯm]	[kuɾɯm]	[[kuɾɯm]] 雲 (自然)
호수	[ɸʷo̞sʰu]	[ɸʷo̞sʰu]	[[ɸʷo̞sʰu]] 湖 (自然)
별	[pjɘ(ː)ɭ]	[pjɘ(ː)ɭ]	[[pjɘ(ː)ɭ]] 星星 (自然)
달	[ta̠ɭ]	[ta̠ɭ]	[[ta̠ɭ]] 月亮 (自然)
불	[puɭ]	[puɭ]	[[puɭ]] 火 (自然)
온천	[o̞ɲt͡ɕʰʌ̹n]	[o̞ɲt͡ɕʰʌ̹n]	[[o̞ɲt͡ɕʰʌ̹n]] 溫泉 (自然)
형	[çʌ̹ŋ]	[çʌ̹ŋ]	[[çʌ̹ŋ]] 哥哥（男性說法） (關係)
오빠	[o̞p͈a̠]	[o̞p͈a̠]	[[o̞p͈a̠]] 哥哥（女性說法） (關係)
언니	[ʌ̹nni]	[ʌ̹nni]	[[ʌ̹nni]] 姐姐（女性說法） (關係)
누나	[ˈnu(ː)na̠]	[ˈnu(ː)na̠]	[[ˈnu(ː)na̠]] 姐姐（男性說法） (關係)
동생	[to̞ŋsʰɛŋ]	[to̞ŋsʰɛŋ]	[[to̞ŋsʰɛŋ]] 弟弟或妹妹 (人際關係)
부모님	[pumo̞nim]	[pumo̞nim]	[[pumo̞nim]] 父母 (人際關係)
할아버지	[ha̠ɾa̠bʌ̹d͡ʑi]	[ha̠ɾa̠bʌ̹d͡ʑi]	[[ha̠ɾa̠bʌ̹d͡ʑi]] 祖父 (人際關係)
할머니	[ha̠ɭmʌ̹ni]	[ha̠ɭmʌ̹ni]	[[ha̠ɭmʌ̹ni]] 祖母 (人際關係)
동료	[to̞ŋɲo]	[to̞ŋɲo]	[[to̞ŋɲo]] 同事 (人際關係)
데이트	[te̞itʰɯ]	[te̞itʰɯ]	[[te̞itʰɯ]] 約會 (人際關係)
결혼했어요			結婚 (人際關係)
솔로	[s͈o̞ɭɭo̞]	[s͈o̞ɭɭo̞]	[[s͈o̞ɭɭo̞]] 單身 (人際關係)
기념일	[kiɲʌ̹miɭ]	[kiɲʌ̹miɭ]	[[kiɲʌ̹miɭ]] 紀念日 (人際關係)
관계	[kwa̠nɡje̞]	[kwa̠nɡje̞]	[[kwa̠nɡje̞]] 關係 (人際關係)
외로움	[we̞ɾo̞um]	[we̞ɾo̞um]	[[we̞ɾo̞um]] 孤獨 (人際關係)
우정	[ˈu(ː)d͡ʑʌ̹ŋ]	[ˈu(ː)d͡ʑʌ̹ŋ]	[[ˈu(ː)d͡ʑʌ̹ŋ]] 友誼 (人際關係)
소개하다	[sʰo̞ɡɛɦa̠da̠]	[sʰo̞ɡɛɦa̠da̠]	[[sʰo̞ɡɛɦa̠da̠]] 介紹某人 (人際關係)
모이다	[mo̞ida̠]	[mo̞ida̠]	[[mo̞ida̠]] Gather together (Relationships)
사랑해요			I love you (Relationships)
있어요			有...嗎？ (購物)
할인	[ha̠ɾin]	[ha̠ɾin]	[[ha̠ɾin]] 折扣 (購物)
세일	[s͈e̞iɭ]	[s͈e̞iɭ]	[[s͈e̞iɭ]] Sale (購物)
사이즈	[s͈a̠id͡ʑɯ]	[s͈a̠id͡ʑɯ]	[[s͈a̠id͡ʑɯ]] Size (購物)
탈의실	[tʰa̠ɾɰiɕʰiɭ]	[tʰa̠ɾɰiɕʰiɭ]	[[tʰa̠ɾɰiɕʰiɭ]] Fitting room (Shopping)
현금	[ˈçɘ(ː)nɡɯm]	[ˈçɘ(ː)nɡɯm]	[[ˈçɘ(ː)nɡɯm]] Cash (Shopping)
영수증	[jʌ̹ŋsʰud͡ʑɯŋ]	[jʌ̹ŋsʰud͡ʑɯŋ]	[[jʌ̹ŋsʰud͡ʑɯŋ]] Receipt (Shopping)
백화점	[pɛkʰwa̠d͡ʑʌ̹m]	[pɛkʰwa̠d͡ʑʌ̹m]	[[pɛkʰwa̠d͡ʑʌ̹m]] Department store (Shopping)
화장품	[ɸwa̠d͡ʑa̠ŋpʰum]	[ɸwa̠d͡ʑa̠ŋpʰum]	[[ɸwa̠d͡ʑa̠ŋpʰum]] Cosmetics (Shopping)
동대문			Fashion district (Shopping)
시장	[ɕʰid͡ʑa̠ŋ]	[ɕʰid͡ʑa̠ŋ]	[[ɕʰid͡ʑa̠ŋ]] Traditional market (Shopping)
색	[sʰɛk̚]	[sʰɛk̚]	[[sʰɛk̚]] Color (Shopping)
배송	[ˈpɛ(ː)sʰo̞ŋ]	[ˈpɛ(ː)sʰo̞ŋ]	[[ˈpɛ(ː)sʰo̞ŋ]] Delivery / Shipping (Shopping)
포인트	[pʰo̞intʰɯ]	[pʰo̞intʰɯ]	[[pʰo̞intʰɯ]] Loyalty points (Shopping)
포장	[pʰo̞d͡ʑa̠ŋ]	[pʰo̞d͡ʑa̠ŋ]	[[pʰo̞d͡ʑa̠ŋ]] Packaging (Shopping)
품절	[ˈpʰu(ː)md͡ʑʌ̹ɭ]	[ˈpʰu(ː)md͡ʑʌ̹ɭ]	[[ˈpʰu(ː)md͡ʑʌ̹ɭ]] Sold out (Shopping)
회원권			Membership (Shopping)
후기	[ˈɸʷu(ː)ɡi]	[ˈɸʷu(ː)ɡi]	[[ˈɸʷu(ː)ɡi]] Product review (Shopping)
입어보다			Try on (clothes) (Shopping)
브랜드	[pɯɾɛndɯ]	[pɯɾɛndɯ]	[[pɯɾɛndɯ]] Brand (Shopping)
결제			Payment (Shopping)
어디예요			Where is...? (旅行)
지하철	[t͡ɕiɦa̠t͡ɕʰʌ̹ɭ]	[t͡ɕiɦa̠t͡ɕʰʌ̹ɭ]	[[t͡ɕiɦa̠t͡ɕʰʌ̹ɭ]] 地鐵 (旅行)
버스	[p͈ʌ̹s͈ɯ]	[p͈ʌ̹s͈ɯ]	[[p͈ʌ̹s͈ɯ]] 公車 (旅行)
택시	[tʰɛkɕ͈i]	[tʰɛkɕ͈i]	[[tʰɛkɕ͈i]] Taxi (Travel)
기차역	[kit͡ɕʰa̠jʌ̹k̚]	[kit͡ɕʰa̠jʌ̹k̚]	[[kit͡ɕʰa̠jʌ̹k̚]] Train station (Travel)
체크인			Check in (旅遊)
예약	[ˈje̞(ː)ja̠k̚]	[ˈje̞(ː)ja̠k̚]	[[ˈje̞(ː)ja̠k̚]] Reservation (旅遊)
관광지			Tourist attraction (旅遊)
지도	[t͡ɕido̞]	[t͡ɕido̞]	[[t͡ɕido̞]] Map (旅遊)
티켓	[tʰikʰe̞t̚]	[tʰikʰe̞t̚]	[[tʰikʰe̞t̚]] Ticket (旅遊)
여권	[jʌ̹k͈wʌ̹n]	[jʌ̹k͈wʌ̹n]	[[jʌ̹k͈wʌ̹n]] Passport (旅遊)
환전	[ɸwa̠ɲd͡ʑʌ̹n]	[ɸwa̠ɲd͡ʑʌ̹n]	[[ɸwa̠ɲd͡ʑʌ̹n]] Exchange money (旅遊)
편의점	[pʰjʌ̹nɰid͡ʑʌ̹m]	[pʰjʌ̹nɰid͡ʑʌ̹m]	[[pʰjʌ̹nɰid͡ʑʌ̹m]] Convenience store (旅遊)
전통시장			Traditional market (旅遊)
궁			Palace (旅遊)
등산	[tɯŋsʰa̠n]	[tɯŋsʰa̠n]	[[tɯŋsʰa̠n]] Mountain hiking (旅遊)
해변	[ˈhɛ(ː)bjʌ̹n]	[ˈhɛ(ː)bjʌ̹n]	[[ˈhɛ(ː)bjʌ̹n]] Beach (旅遊)
절	[t͡ɕʌ̹ɭ]	[t͡ɕʌ̹ɭ]	[[t͡ɕʌ̹ɭ]] Temple (旅遊)
기념품	[kiɲʌ̹mpʰum]	[kiɲʌ̹mpʰum]	[[kiɲʌ̹mpʰum]] Souvenir (旅遊)
면세점	[ˈmjɘ(ː)nsʰe̞d͡ʑʌ̹m]	[ˈmjɘ(ː)nsʰe̞d͡ʑʌ̹m]	[[ˈmjɘ(ː)nsʰe̞d͡ʑʌ̹m]] Duty free (旅遊)
티머니			T-Money card (旅遊)
한복	[ha̠nbo̞k̚]	[ha̠nbo̞k̚]	[[ha̠nbo̞k̚]] Traditional Korean clothing (旅遊)
와이파이	[wa̠ipʰa̠i]	[wa̠ipʰa̠i]	[[wa̠ipʰa̠i]] WiFi (旅遊)
약국	[ja̠k̚k͈uk̚]	[ja̠k̚k͈uk̚]	[[ja̠k̚k͈uk̚]] Pharmacy (旅遊)
응급실	[ˈɯ(ː)ŋɡɯpɕ͈iɭ]	[ˈɯ(ː)ŋɡɯpɕ͈iɭ]	[[ˈɯ(ː)ŋɡɯpɕ͈iɭ]] Emergency room (旅遊)
직진	[t͡ɕik̚t͡ɕ͈in]	[t͡ɕik̚t͡ɕ͈in]	[[t͡ɕik̚t͡ɕ͈in]] Straight ahead (旅遊)
멀어요			Is it far? (旅遊)
입장료	[ip̚t͡ɕ͈a̠ŋɲo]	[ip̚t͡ɕ͈a̠ŋɲo]	[[ip̚t͡ɕ͈a̠ŋɲo]] Entrance fee (旅遊)
열었어요			Is it open? (旅遊)
얼마예요			How much is it? (旅遊)
신용카드			Credit card (旅遊)
짐	[t͡ɕim]	[t͡ɕim]	[[t͡ɕim]] Luggage (旅遊)
제주도	[ˈt͡ɕe̞(ː)d͡ʑudo̞]	[ˈt͡ɕe̞(ː)d͡ʑudo̞]	[[ˈt͡ɕe̞(ː)d͡ʑudo̞]] Jeju Island (旅遊)
애교	[ˈɛ(ː)ɡjo]	[ˈɛ(ː)ɡjo]	[[ˈɛ(ː)ɡjo]] Aegyo (文化)
대박	[ˈtɛ(ː)ba̠k̚]	[ˈtɛ(ː)ba̠k̚]	[[ˈtɛ(ː)ba̠k̚]] Daebak (awesome) (文化)
헐	[hʌ̹ɭ]	[hʌ̹ɭ]	[[hʌ̹ɭ]] Heol (speechless) (文化)
사랑해	[sʰa̠ɾa̠ŋɦɛ]	[sʰa̠ɾa̠ŋɦɛ]	[[sʰa̠ɾa̠ŋɦɛ]] Saranghae (I love you casual) (文化)
데뷔	[te̞bɥi]	[te̞bɥi]	[[te̞bɥi]] Idol debut (文化)
예능	[ˈje̞(ː)nɯŋ]	[ˈje̞(ː)nɯŋ]	[[ˈje̞(ː)nɯŋ]] Variety show (文化)
컴백	[kʰʌ̹mbɛk̚]	[kʰʌ̹mbɛk̚]	[[kʰʌ̹mbɛk̚]] Comeback (music release) (文化)
팬미팅	[pʰɛnmitʰiŋ]	[pʰɛnmitʰiŋ]	[[pʰɛnmitʰiŋ]] Fan meeting (文化)
응원봉	[ˈɯ(ː)ŋwʌ̹nbo̞ŋ]	[ˈɯ(ː)ŋwʌ̹nbo̞ŋ]	[[ˈɯ(ː)ŋwʌ̹nbo̞ŋ]] Lightstick (文化)
셀카	[s͈e̞ɭkʰa̠]	[s͈e̞ɭkʰa̠]	[[s͈e̞ɭkʰa̠]] Selfie (文化)
팬아트	[pʰɛna̠tʰɯ]	[pʰɛna̠tʰɯ]	[[pʰɛna̠tʰɯ]] Fan art (文化)
커플링			Couple ring (文化)
커뮤니티	[kʰʌ̹mjunitʰi]	[kʰʌ̹mjunitʰi]	[[kʰʌ̹mjunitʰi]] 網路社群 (文化)
유행	[juɦɛŋ]	[juɦɛŋ]	[[juɦɛŋ]] 流行／趨勢 (文化)
콘서트	[kʰo̞nsʰʌ̹tʰɯ]	[kʰo̞nsʰʌ̹tʰɯ]	[[kʰo̞nsʰʌ̹tʰɯ]] 演唱會 (文化)
스터디카페			讀書咖啡廳 (文化)
앨범	[ɛɭbʌ̹m]	[ɛɭbʌ̹m]	[[ɛɭbʌ̹m]] 專輯 (文化)
포토카드			寫真卡 (文化)
최애	[ˈt͡ɕʰwe̞(ː)ɛ]	[ˈt͡ɕʰwe̞(ː)ɛ]	[[ˈt͡ɕʰwe̞(ː)ɛ]] 偏愛（最喜歡的成員） (文化)
연기	[ˈjɘ(ː)nɡi]	[ˈjɘ(ː)nɡi]	[[ˈjɘ(ː)nɡi]] 演技 (文化)
굿즈	[kut̚t͡ɕ͈ɯ]	[kut̚t͡ɕ͈ɯ]	[[kut̚t͡ɕ͈ɯ]] 偶像周邊商品 (文化)
귀요미			可愛鬼（可愛遊戲） (文化)
칫솔	[t͡ɕʰiss͈o̞ɭ]	[t͡ɕʰiss͈o̞ɭ]	[[t͡ɕʰiss͈o̞ɭ]] Toothbrush (日常生活)
거울	[kʌ̹uɭ]	[kʌ̹uɭ]	[[kʌ̹uɭ]] Mirror (日常生活)
세면대	[ˈsʰe̞(ː)mjʌ̹ndɛ]	[ˈsʰe̞(ː)mjʌ̹ndɛ]	[[ˈsʰe̞(ː)mjʌ̹ndɛ]] Sink (日常生活)
샤워	[ɕʰa̠wʌ̹]	[ɕʰa̠wʌ̹]	[[ɕʰa̠wʌ̹]] Shower (日常生活)
욕조	[jok̚t͡ɕ͈o̞]	[jok̚t͡ɕ͈o̞]	[[jok̚t͡ɕ͈o̞]] Bathtub (日常生活)
수건	[ˈsʰu(ː)ɡʌ̹n]	[ˈsʰu(ː)ɡʌ̹n]	[[ˈsʰu(ː)ɡʌ̹n]] Towel (日常生活)
비누	[pinu]	[pinu]	[[pinu]] Soap (日常生活)
샴푸	[ɕʰa̠mpʰu]	[ɕʰa̠mpʰu]	[[ɕʰa̠mpʰu]] Shampoo (日常生活)
린스	[ɾins͈ɯ]	[ɾins͈ɯ]	[[ɾins͈ɯ]] Conditioner (日常生活)
세안제			Face Wash (日常生活)
보습제			Moisturizer (日常生活)
면도기	[ˈmjɘ(ː)ndo̞ɡi]	[ˈmjɘ(ː)ndo̞ɡi]	[[ˈmjɘ(ː)ndo̞ɡi]] Razor (日常生活)
빗	[pit̚]	[pit̚]	[[pit̚]] Comb (日常生活)
다리미	[ta̠ɾimi]	[ta̠ɾimi]	[[ta̠ɾimi]] Iron (日常生活)
다리미판	[ta̠ɾimipʰa̠n]	[ta̠ɾimipʰa̠n]	[[ta̠ɾimipʰa̠n]] Ironing Board (日常生活)
청소기	[t͡ɕʰʌ̹ŋsʰo̞ɡi]	[t͡ɕʰʌ̹ŋsʰo̞ɡi]	[[t͡ɕʰʌ̹ŋsʰo̞ɡi]] Vacuum Cleaner (日常生活)
걸레	[kʌ̹ɭɭe̞]	[kʌ̹ɭɭe̞]	[[kʌ̹ɭɭe̞]] Mop (日常生活)
빗자루	[pit̚t͡ɕ͈a̠ɾu]	[pit̚t͡ɕ͈a̠ɾu]	[[pit̚t͡ɕ͈a̠ɾu]] Broom (日常生活)
쓰레받기	[s͈ɯɾe̞ba̠t̚k͈i]	[s͈ɯɾe̞ba̠t̚k͈i]	[[s͈ɯɾe̞ba̠t̚k͈i]] Dustpan (日常生活)
쓰레기봉투			Garbage Bag (日常生活)
냉장고	[ˈnɛ(ː)ŋd͡ʑa̠ŋɡo̞]	[ˈnɛ(ː)ŋd͡ʑa̠ŋɡo̞]	[[ˈnɛ(ː)ŋd͡ʑa̠ŋɡo̞]] Refrigerator (日常生活)
전자레인지	[t͡ɕʌ̹ɲd͡ʑa̠ɾe̞iɲd͡ʑi]	[t͡ɕʌ̹ɲd͡ʑa̠ɾe̞iɲd͡ʑi]	[[t͡ɕʌ̹ɲd͡ʑa̠ɾe̞iɲd͡ʑi]] Microwave (日常生活)
식기세척기	[ɕʰik̚k͈isʰe̞t͡ɕʰʌ̹k̚k͈i]	[ɕʰik̚k͈isʰe̞t͡ɕʰʌ̹k̚k͈i]	[[ɕʰik̚k͈isʰe̞t͡ɕʰʌ̹k̚k͈i]] Dishwasher (日常生活)
세탁기	[ˈsʰe̞(ː)tʰa̠k̚k͈i]	[ˈsʰe̞(ː)tʰa̠k̚k͈i]	[[ˈsʰe̞(ː)tʰa̠k̚k͈i]] Washing Machine (日常生活)
건조기	[kʌ̹ɲd͡ʑo̞ɡi]	[kʌ̹ɲd͡ʑo̞ɡi]	[[kʌ̹ɲd͡ʑo̞ɡi]] Dryer (日常生活)
선풍기	[sʰʌ̹npʰuŋɡi]	[sʰʌ̹npʰuŋɡi]	[[sʰʌ̹npʰuŋɡi]] Fan (日常生活)
에어컨	[e̞ʌ̹kʰʌ̹n]	[e̞ʌ̹kʰʌ̹n]	[[e̞ʌ̹kʰʌ̹n]] Air Conditioner (日常生活)
난방기	[na̠nba̠ŋɡi]	[na̠nba̠ŋɡi]	[[na̠nba̠ŋɡi]] 暖氣機 (日常生活)
창문	[t͡ɕʰa̠ŋmun]	[t͡ɕʰa̠ŋmun]	[[t͡ɕʰa̠ŋmun]] 窗戶 (日常生活)
문	[mun]	[mun]	[[mun]] 門 (日常生活)
자물쇠	[t͡ɕa̠muɭs͈we̞]	[t͡ɕa̠muɭs͈we̞]	[[t͡ɕa̠muɭs͈we̞]] 鎖 (日常生活)
열쇠	[ˈjɘ(ː)ɭs͈we̞]	[ˈjɘ(ː)ɭs͈we̞]	[[ˈjɘ(ː)ɭs͈we̞]] 鑰匙 (日常生活)
우편함	[upʰjʌ̹nɦa̠m]	[upʰjʌ̹nɦa̠m]	[[upʰjʌ̹nɦa̠m]] 郵箱 (日常生活)
초인종	[t͡ɕʰo̞iɲd͡ʑo̞ŋ]	[t͡ɕʰo̞iɲd͡ʑo̞ŋ]	[[t͡ɕʰo̞iɲd͡ʑo̞ŋ]] 門鈴 (日常生活)
인터폰			對講機 (日常生活)
계단	[kje̞da̠n]	[kje̞da̠n]	[[kje̞da̠n]] 樓梯 (日常生活)
복도	[po̞k̚t͈o̞]	[po̞k̚t͈o̞]	[[po̞k̚t͈o̞]] 走廊 (日常生活)
발코니	[pa̠ɭkʰo̞ni]	[pa̠ɭkʰo̞ni]	[[pa̠ɭkʰo̞ni]] 陽台 (日常生活)
거실	[kʌ̹ɕʰiɭ]	[kʌ̹ɕʰiɭ]	[[kʌ̹ɕʰiɭ]] 客廳 (日常生活)
침실	[ˈt͡ɕʰi(ː)mɕʰiɭ]	[ˈt͡ɕʰi(ː)mɕʰiɭ]	[[ˈt͡ɕʰi(ː)mɕʰiɭ]] 臥室 (日常生活)
부엌	[puʌ̹k̚]	[puʌ̹k̚]	[[puʌ̹k̚]] 廚房 (日常生活)
서재	[sʰʌ̹d͡ʑɛ]	[sʰʌ̹d͡ʑɛ]	[[sʰʌ̹d͡ʑɛ]] 書房 (日常生活)
옷장	[o̞t̚t͡ɕ͈a̠ŋ]	[o̞t̚t͡ɕ͈a̠ŋ]	[[o̞t̚t͡ɕ͈a̠ŋ]] 衣櫃 (日常生活)
서랍	[sʰʌ̹ɾa̠p̚]	[sʰʌ̹ɾa̠p̚]	[[sʰʌ̹ɾa̠p̚]] 抽屜 (日常生活)
선반	[sʰʌ̹nba̠n]	[sʰʌ̹nba̠n]	[[sʰʌ̹nba̠n]] 架子 (日常生活)
책장	[t͡ɕʰɛk̚t͡ɕ͈a̠ŋ]	[t͡ɕʰɛk̚t͡ɕ͈a̠ŋ]	[[t͡ɕʰɛk̚t͡ɕ͈a̠ŋ]] 書櫃 (日常生活)
소파	[s͈o̞pʰa̠]	[s͈o̞pʰa̠]	[[s͈o̞pʰa̠]] 沙發 (日常生活)
감자탕	[ka̠md͡ʑa̠tʰa̠ŋ]	[ka̠md͡ʑa̠tʰa̠ŋ]	[[ka̠md͡ʑa̠tʰa̠ŋ]] 馬鈴薯排骨湯 (食物)
보리차			大麥茶 (食物)
바나나우유			香蕉牛奶 (食物)
고구마라떼			地瓜拿鐵 (食物)
계란타르트			蛋塔 (食物)
초코파이	[t͡ɕʰo̞kʰo̞pʰa̠i]	[t͡ɕʰo̞kʰo̞pʰa̠i]	[[t͡ɕʰo̞kʰo̞pʰa̠i]] 巧克力派 (食物)
허니버터칩			蜂蜜奶油洋芋片 (食物)
컵라면	[kʰʌ̹mna̠mjʌ̹n]	[kʰʌ̹mna̠mjʌ̹n]	[[kʰʌ̹mna̠mjʌ̹n]] 杯麵 (食物)
김치찌개	[kimt͡ɕʰit͡ɕ͈iɡɛ]	[kimt͡ɕʰit͡ɕ͈iɡɛ]	[[kimt͡ɕʰit͡ɕ͈iɡɛ]] 泡菜鍋 (食物)
볶음	[po̞k͈ɯm]	[po̞k͈ɯm]	[[po̞k͈ɯm]] 炒 (食物)
구우다			烤 (食物)
찐다			蒸 (食物)
끓인다			煮 (食物)
튀긴다			炸 (食物)
생것			生 (食物)
재운다			醃製 (食物)
간장	[ka̠ɲd͡ʑa̠ŋ]	[ka̠ɲd͡ʑa̠ŋ]	[[ka̠ɲd͡ʑa̠ŋ]] 醬油 (食物)
된장	[ˈtwe̞(ː)ɲd͡ʑa̠ŋ]	[ˈtwe̞(ː)ɲd͡ʑa̠ŋ]	[[ˈtwe̞(ː)ɲd͡ʑa̠ŋ]] 韓式大醬 (食物)
생강	[sʰɛŋɡa̠ŋ]	[sʰɛŋɡa̠ŋ]	[[sʰɛŋɡa̠ŋ]] 薑 (食物)
숙주			豆芽 (食物)
시금치	[ɕʰiɡɯmt͡ɕʰi]	[ɕʰiɡɯmt͡ɕʰi]	[[ɕʰiɡɯmt͡ɕʰi]] 菠菜 (食物)
무	[mu(ː)]	[mu(ː)]	[[mu(ː)]] 蘿蔔 (食物)
두부	[tubu]	[tubu]	[[tubu]] 豆腐 (食物)
돼지고기	[ˈtwɛ(ː)d͡ʑiɡo̞ɡi]	[ˈtwɛ(ː)d͡ʑiɡo̞ɡi]	[[ˈtwɛ(ː)d͡ʑiɡo̞ɡi]] 豬五花肉 (食物)
소고기	[sʰo̞ɡo̞ɡi]	[sʰo̞ɡo̞ɡi]	[[sʰo̞ɡo̞ɡi]] 牛肉 (食物)
닭	[ta̠k̚]	[ta̠k̚]	[[ta̠k̚]] 雞肉 (食物)
해물	[ˈhɛ(ː)muɭ]	[ˈhɛ(ː)muɭ]	[[ˈhɛ(ː)muɭ]] 海鮮 (食物)
조개	[t͡ɕo̞ɡɛ]	[t͡ɕo̞ɡɛ]	[[t͡ɕo̞ɡɛ]] 貝類海鮮 (食物)
다녀왔어요			我回來了 (問候語)
무지개	[mud͡ʑiɡɛ]	[mud͡ʑiɡɛ]	[[mud͡ʑiɡɛ]] 彩虹 (自然)
장마철			雨季 (自然)
안개	[ˈa̠(ː)nɡɛ]	[ˈa̠(ː)nɡɛ]	[[ˈa̠(ː)nɡɛ]] 霧 (自然)
번개	[pʌ̹nɡɛ]	[pʌ̹nɡɛ]	[[pʌ̹nɡɛ]] 閃電 (自然)
계곡	[kje̞ɡo̞k̚]	[kje̞ɡo̞k̚]	[[kje̞ɡo̞k̚]] 山谷 (自然)
개울	[kɛuɭ]	[kɛuɭ]	[[kɛuɭ]] 溪流 (自然)
소나무	[sʰo̞na̠mu]	[sʰo̞na̠mu]	[[sʰo̞na̠mu]] 松樹 (自然)
대나무	[tɛna̠mu]	[tɛna̠mu]	[[tɛna̠mu]] 竹子 (自然)
은행나무	[ɯnɦɛŋna̠mu]	[ɯnɦɛŋna̠mu]	[[ɯnɦɛŋna̠mu]] 銀杏樹 (自然)
개나리	[ˈkɛ(ː)na̠ɾi]	[ˈkɛ(ː)na̠ɾi]	[[ˈkɛ(ː)na̠ɾi]] 連翹 (自然)
버섯	[pʌ̹sʰʌ̹t̚]	[pʌ̹sʰʌ̹t̚]	[[pʌ̹sʰʌ̹t̚]] 蘑菇 (自然)
산딸기	[sʰa̠nt͈a̠ɭɡi]	[sʰa̠nt͈a̠ɭɡi]	[[sʰa̠nt͈a̠ɭɡi]] 野莓 (自然)
새	[sʰɛ(ː)]	[sʰɛ(ː)]	[[sʰɛ(ː)]] 鳥 (自然)
잠자리	[t͡ɕa̠md͡ʑa̠ɾi]	[t͡ɕa̠md͡ʑa̠ɾi]	[[t͡ɕa̠md͡ʑa̠ɾi]] 蜻蜓 (自然)
매미	[ˈmɛ(ː)mi]	[ˈmɛ(ː)mi]	[[ˈmɛ(ː)mi]] Cicada (Nature)
토끼	[tʰo̞k͈i]	[tʰo̞k͈i]	[[tʰo̞k͈i]] Rabbit (Nature)
까치	[ˈk͈a̠(ː)t͡ɕʰi]	[ˈk͈a̠(ː)t͡ɕʰi]	[[ˈk͈a̠(ː)t͡ɕʰi]] Magpie (Nature)
호랑이	[ˈɸʷo̞(ː)ɾa̠ŋi]	[ˈɸʷo̞(ː)ɾa̠ŋi]	[[ˈɸʷo̞(ː)ɾa̠ŋi]] Tiger (Nature)
인삼	[insʰa̠m]	[insʰa̠m]	[[insʰa̠m]] Ginseng (Nature)
감	[ka̠(ː)m]	[ka̠(ː)m]	[[ka̠(ː)m]] Persimmon (Nature)
밤	[pa̠m]	[pa̠m]	[[pa̠m]] Chestnut (Nature)
감귤			Tangerine (Nature)
국립공원			National park (Nature)
달고나	[ta̠ɭɡo̞na̠]	[ta̠ɭɡo̞na̠]	[[ta̠ɭɡo̞na̠]] Dalgona Candy (Food)
진흙	[t͡ɕinɣɯk̚]	[t͡ɕinɣɯk̚]	[[t͡ɕinɣɯk̚]] 泥巴 (Nature)
봄바람	[po̞mp͈a̠ɾa̠m]	[po̞mp͈a̠ɾa̠m]	[[po̞mp͈a̠ɾa̠m]] 春風 (Nature)
후배	[ˈɸʷu(ː)bɛ]	[ˈɸʷu(ː)bɛ]	[[ˈɸʷu(ː)bɛ]] 學弟/學妹 / 後輩 (Relationships)
선배	[sʰʌ̹nbɛ]	[sʰʌ̹nbɛ]	[[sʰʌ̹nbɛ]] 學長/學姊 / 前輩 (Relationships)
가격표	[ka̠ɡjʌ̹k̚pʰjo]	[ka̠ɡjʌ̹k̚pʰjo]	[[ka̠ɡjʌ̹k̚pʰjo]] 價標 (Shopping)
쇼핑백	[ɕʰopʰiŋp͈ɛk̚]	[ɕʰopʰiŋp͈ɛk̚]	[[ɕʰopʰiŋp͈ɛk̚]] 購物袋 (Shopping)
쿠폰	[kʰupʰo̞n]	[kʰupʰo̞n]	[[kʰupʰo̞n]] 優惠券 (Shopping)
공항버스			機場巴士 (Travel)
현관	[çʌ̹nɡwa̠n]	[çʌ̹nɡwa̠n]	[[çʌ̹nɡwa̠n]] 玄關 (Daily Life)
참치김밥			鮪魚飯捲 (Food)
순두부	[sʰundubu]	[sʰundubu]	[[sʰundubu]] 嫩豆腐 (Food)
미역국	[mijʌ̹k̚k͈uk̚]	[mijʌ̹k̚k͈uk̚]	[[mijʌ̹k̚k͈uk̚]] 海帶湯 (Food)
고구마	[ˈko̞(ː)ɡuma̠]	[ˈko̞(ː)ɡuma̠]	[[ˈko̞(ː)ɡuma̠]] 地瓜 (Food)
눈송이	[ˈnu(ː)ns͈o̞ŋi]	[ˈnu(ː)ns͈o̞ŋi]	[[ˈnu(ː)ns͈o̞ŋi]] 雪花 (Nature)
낙엽	[na̠ɡjʌ̹p̚]	[na̠ɡjʌ̹p̚]	[[na̠ɡjʌ̹p̚]] 落葉 (Nature)
솔방울	[sʰo̞ɭp͈a̠ŋuɭ]	[sʰo̞ɭp͈a̠ŋuɭ]	[[sʰo̞ɭp͈a̠ŋuɭ]] 松果 (Nature)
샘물	[ˈsʰɛ(ː)mmuɭ]	[ˈsʰɛ(ː)mmuɭ]	[[ˈsʰɛ(ː)mmuɭ]] 泉水 (Nature)
싫어하다	[ɕʰiɾʌ̹ɦa̠da̠]	[ɕʰiɾʌ̹ɦa̠da̠]	[[ɕʰiɾʌ̹ɦa̠da̠]] 憎恨 (人際關係)
포옹	[ˈpʰo̞(ː)o̞ŋ]	[ˈpʰo̞(ː)o̞ŋ]	[[ˈpʰo̞(ː)o̞ŋ]] 擁抱 (人際關係)
키스	[cçis͈ɯ]	[cçis͈ɯ]	[[cçis͈ɯ]] 親吻 (人際關係)
싸움	[s͈a̠um]	[s͈a̠um]	[[s͈a̠um]] 爭吵 (人際關係)
함께	[ha̠mk͈e̞]	[ha̠mk͈e̞]	[[ha̠mk͈e̞]] 一起 (人際關係)
떨어져			分開 (人際關係)
만나다	[ma̠nna̠da̠]	[ma̠nna̠da̠]	[[ma̠nna̠da̠]] 見面 (人際關係)
놀다	[ˈno̞(ː)ɭda̠]	[ˈno̞(ː)ɭda̠]	[[ˈno̞(ː)ɭda̠]] 閒逛 (人際關係)
전화하다	[t͡ɕʌ̹nβwa̠ɦa̠da̠]	[t͡ɕʌ̹nβwa̠ɦa̠da̠]	[[t͡ɕʌ̹nβwa̠ɦa̠da̠]] 打電話 (人際關係)
문자하다			傳簡訊 (人際關係)
칭찬	[t͡ɕʰiŋt͡ɕʰa̠n]	[t͡ɕʰiŋt͡ɕʰa̠n]	[[t͡ɕʰiŋt͡ɕʰa̠n]] 稱讚 (人際關係)
농담	[ˈno̞(ː)ŋda̠m]	[ˈno̞(ː)ŋda̠m]	[[ˈno̞(ː)ŋda̠m]] Joke (人際關係)
나누다	[na̠nuda̠]	[na̠nuda̠]	[[na̠nuda̠]] Share (人際關係)
비밀	[ˈpi(ː)miɭ]	[ˈpi(ː)miɭ]	[[ˈpi(ː)miɭ]] Secret (人際關係)
약속	[ja̠ks͈o̞k̚]	[ja̠ks͈o̞k̚]	[[ja̠ks͈o̞k̚]] Promise (人際關係)
존중	[t͡ɕo̞ɲd͡ʑuŋ]	[t͡ɕo̞ɲd͡ʑuŋ]	[[t͡ɕo̞ɲd͡ʑuŋ]] Respect (人際關係)
돌보다	[ˈto̞(ː)ɭbo̞da̠]	[ˈto̞(ː)ɭbo̞da̠]	[[ˈto̞(ː)ɭbo̞da̠]] Care (人際關係)
직불카드			Debit Card (購物)
바코드	[pa̠kʰo̞dɯ]	[pa̠kʰo̞dɯ]	[[pa̠kʰo̞dɯ]] Barcode (購物)
서점	[sʰʌ̹d͡ʑʌ̹m]	[sʰʌ̹d͡ʑʌ̹m]	[[sʰʌ̹d͡ʑʌ̹m]] Bookstore (購物)
전자제품점			Electronics Store (購物)
의류점			Clothing Store (Shopping)
신발가게			Shoe Store (Shopping)
보석가게			Jewelry Store (Shopping)
악세서리			Accessories (Shopping)
지갑	[t͡ɕiɡa̠p̚]	[t͡ɕiɡa̠p̚]	[[t͡ɕiɡa̠p̚]] Wallet (Shopping)
핸드백	[hɛndɯbɛk̚]	[hɛndɯbɛk̚]	[[hɛndɯbɛk̚]] Purse (Shopping)
계산대	[ˈkje̞(ː)sʰa̠ndɛ]	[ˈkje̞(ː)sʰa̠ndɛ]	[[ˈkje̞(ː)sʰa̠ndɛ]] Checkout (Shopping)
계산원	[ˈkje̞(ː)sʰa̠nwʌ̹n]	[ˈkje̞(ː)sʰa̠nwʌ̹n]	[[ˈkje̞(ː)sʰa̠nwʌ̹n]] Cashier (Shopping)
줄	[t͡ɕuɭ]	[t͡ɕuɭ]	[[t͡ɕuɭ]] Queue Line (Shopping)
신상품			新品 (購物)
장바구니			購物車 (購物)
페리			渡輪 (旅遊)
케이블카	[kʰe̞ibɯɭkʰa̠]	[kʰe̞ibɯɭkʰa̠]	[[kʰe̞ibɯɭkʰa̠]] 纜車 (旅遊)
렌터카	[ɾe̞ntʰʌ̹kʰa̠]	[ɾe̞ntʰʌ̹kʰa̠]	[[ɾe̞ntʰʌ̹kʰa̠]] 汽車租賃 (旅遊)
휴게소	[çuɡe̞sʰo̞]	[çuɡe̞sʰo̞]	[[çuɡe̞sʰo̞]] 休息區 (旅遊)
통행료	[tʰo̞ŋɦɛŋɲo]	[tʰo̞ŋɦɛŋɲo]	[[tʰo̞ŋɦɛŋɲo]] 過路費 (旅遊)
고속도로			高速公路 (旅遊)
테마파크			主題樂園 (旅遊)
놀이공원	[no̞ɾiɡo̞ŋwʌ̹n]	[no̞ɾiɡo̞ŋwʌ̹n]	[[no̞ɾiɡo̞ŋwʌ̹n]] 遊樂園 (旅遊)
동물원	[ˈto̞(ː)ŋmuɾwʌ̹n]	[ˈto̞(ː)ŋmuɾwʌ̹n]	[[ˈto̞(ː)ŋmuɾwʌ̹n]] 動物園 (旅遊)
수족관	[sʰud͡ʑo̞k̚k͈wa̠n]	[sʰud͡ʑo̞k̚k͈wa̠n]	[[sʰud͡ʑo̞k̚k͈wa̠n]] 水族館 (旅遊)
박물관	[pa̠ŋmuɭɡwa̠n]	[pa̠ŋmuɭɡwa̠n]	[[pa̠ŋmuɭɡwa̠n]] 博物館 (旅遊)
미술관	[ˈmi(ː)sʰuɭɡwa̠n]	[ˈmi(ː)sʰuɭɡwa̠n]	[[ˈmi(ː)sʰuɭɡwa̠n]] 畫廊 (旅遊)
요새	[josʰɛ]	[josʰɛ]	[[josʰɛ]] 堡壘 (旅遊)
한옥마을			韓屋村 (旅遊)
전통마을			傳統村落 (旅遊)
민속촌	[minsʰo̞k̚t͡ɕʰo̞n]	[minsʰo̞k̚t͡ɕʰo̞n]	[[minsʰo̞k̚t͡ɕʰo̞n]] 民俗村 (旅遊)
스키장	[sʰɯcçid͡ʑa̠ŋ]	[sʰɯcçid͡ʑa̠ŋ]	[[sʰɯcçid͡ʑa̠ŋ]] 滑雪度假村 (旅遊)
캠핑	[kʰɛmpʰiŋ]	[kʰɛmpʰiŋ]	[[kʰɛmpʰiŋ]] 露營 (旅遊)
글래머핑			豪華露營 (旅遊)
호스텔	[ɸʷo̞sʰɯtʰe̞ɭ]	[ɸʷo̞sʰɯtʰe̞ɭ]	[[ɸʷo̞sʰɯtʰe̞ɭ]] 青年旅館 (旅遊)
에어비앤비			Airbnb (旅遊)
모텔	[mo̞tʰe̞ɭ]	[mo̞tʰe̞ɭ]	[[mo̞tʰe̞ɭ]] 汽車旅館 (旅遊)
펜션	[pʰe̞nɕʰʌ̹n]	[pʰe̞nɕʰʌ̹n]	[[pʰe̞nɕʰʌ̹n]] 民宿 (旅遊)
로비	[ɾo̞bi]	[ɾo̞bi]	[[ɾo̞bi]] 大廳 (旅遊)
컨시어지			禮賓部 (旅遊)
벨보이			行李員 (旅遊)
짐꾼	[t͡ɕimk͈un]	[t͡ɕimk͈un]	[[t͡ɕimk͈un]] 搬運行李人員 (旅遊)
금고	[kɯmɡo̞]	[kɯmɡo̞]	[[kɯmɡo̞]] 保險箱 (旅遊)
수영장	[sʰujʌ̹ŋd͡ʑa̠ŋ]	[sʰujʌ̹ŋd͡ʑa̠ŋ]	[[sʰujʌ̹ŋd͡ʑa̠ŋ]] 游泳池 (旅遊)
헬스장	[he̞ɭsʰɯd͡ʑa̠ŋ]	[he̞ɭsʰɯd͡ʑa̠ŋ]	[[he̞ɭsʰɯd͡ʑa̠ŋ]] 健身房設施 (旅遊)
개	[kɛ(ː)]	[kɛ(ː)]	[[kɛ(ː)]] Dog (動物)
고양이	[ko̞ja̠ŋi]	[ko̞ja̠ŋi]	[[ko̞ja̠ŋi]] Cat (動物)
햄스터	[hɛmsʰɯtʰʌ̹]	[hɛmsʰɯtʰʌ̹]	[[hɛmsʰɯtʰʌ̹]] Hamster (動物)
앵무새	[ɛŋmusʰɛ]	[ɛŋmusʰɛ]	[[ɛŋmusʰɛ]] Parrot (動物)
물고기	[muɭk͈o̞ɡi]	[muɭk͈o̞ɡi]	[[muɭk͈o̞ɡi]] Fish (動物)
거북이	[kʌ̹buɡi]	[kʌ̹buɡi]	[[kʌ̹buɡi]] 烏龜 (動物)
뱀	[pɛ(ː)m]	[pɛ(ː)m]	[[pɛ(ː)m]] 蛇 (動物)
도마뱀	[to̞ma̠bɛm]	[to̞ma̠bɛm]	[[to̞ma̠bɛm]] 蜥蜴 (動物)
개구리	[kɛɡuɾi]	[kɛɡuɾi]	[[kɛɡuɾi]] 青蛙 (動物)
소	[sʰo̞]	[sʰo̞]	[[sʰo̞]] 牛 (動物)
돼지	[ˈtwɛ(ː)d͡ʑi]	[ˈtwɛ(ː)d͡ʑi]	[[ˈtwɛ(ː)d͡ʑi]] 豬 (動物)
말	[ma̠(ː)ɭ]	[ma̠(ː)ɭ]	[[ma̠(ː)ɭ]] 馬 (動物)
양	[ja̠ŋ]	[ja̠ŋ]	[[ja̠ŋ]] 綿羊 (動物)
염소	[jʌ̹msʰo̞]	[jʌ̹msʰo̞]	[[jʌ̹msʰo̞]] 山羊 (動物)
오리	[ˈo̞(ː)ɾi]	[ˈo̞(ː)ɾi]	[[ˈo̞(ː)ɾi]] 鴨子 (動物)
거위	[kʌ̹ɥi]	[kʌ̹ɥi]	[[kʌ̹ɥi]] 鵝 (動物)
여우	[jʌ̹u]	[jʌ̹u]	[[jʌ̹u]] 狐狸 (動物)
늑대	[nɯk̚t͈ɛ]	[nɯk̚t͈ɛ]	[[nɯk̚t͈ɛ]] 狼 (動物)
곰	[ko̞(ː)m]	[ko̞(ː)m]	[[ko̞(ː)m]] 熊 (動物)
사자	[sʰa̠d͡ʑa̠]	[sʰa̠d͡ʑa̠]	[[sʰa̠d͡ʑa̠]] 獅子 (動物)
코끼리	[kʰo̞k͈iɾi]	[kʰo̞k͈iɾi]	[[kʰo̞k͈iɾi]] 大象 (動物)
기린	[kiɾin]	[kiɾin]	[[kiɾin]] 長頸鹿 (動物)
원숭이	[ˈwɘ(ː)nsʰuŋi]	[ˈwɘ(ː)nsʰuŋi]	[[ˈwɘ(ː)nsʰuŋi]] 猴子 (動物)
판다	[pʰa̠nda̠]	[pʰa̠nda̠]	[[pʰa̠nda̠]] 熊貓 (動物)
코알라	[kʰo̞a̠ɭɭa̠]	[kʰo̞a̠ɭɭa̠]	[[kʰo̞a̠ɭɭa̠]] 無尾熊 (動物)
펭귄	[pʰe̞ŋɡɥin]	[pʰe̞ŋɡɥin]	[[pʰe̞ŋɡɥin]] 企鵝 (動物)
돌고래	[to̞ɭɡo̞ɾɛ]	[to̞ɭɡo̞ɾɛ]	[[to̞ɭɡo̞ɾɛ]] 海豚 (動物)
고래	[ko̞ɾɛ]	[ko̞ɾɛ]	[[ko̞ɾɛ]] 鯨魚 (動物)
상어	[sʰa̠ŋʌ̹]	[sʰa̠ŋʌ̹]	[[sʰa̠ŋʌ̹]] 鯊魚 (動物)
오징어	[o̞d͡ʑiŋʌ̹]	[o̞d͡ʑiŋʌ̹]	[[o̞d͡ʑiŋʌ̹]] 魷魚 (動物)
게	[ke̞]	[ke̞]	[[ke̞]] 螃蟹 (動物)
새우	[sʰɛu]	[sʰɛu]	[[sʰɛu]] 蝦子 (動物)
독수리	[to̞ks͈uɾi]	[to̞ks͈uɾi]	[[to̞ks͈uɾi]] 老鷹 (動物)
올빼미	[o̞ɭp͈ɛmi]	[o̞ɭp͈ɛmi]	[[o̞ɭp͈ɛmi]] 貓頭鷹 (動物)
까마귀	[k͈a̠ma̠ɡɥi]	[k͈a̠ma̠ɡɥi]	[[k͈a̠ma̠ɡɥi]] 烏鴉 (動物)
참새	[t͡ɕʰa̠msʰɛ]	[t͡ɕʰa̠msʰɛ]	[[t͡ɕʰa̠msʰɛ]] 麻雀 (動物)
제비	[ˈt͡ɕe̞(ː)bi]	[ˈt͡ɕe̞(ː)bi]	[[ˈt͡ɕe̞(ː)bi]] 燕子 (動物)
비둘기	[piduɭɡi]	[piduɭɡi]	[[piduɭɡi]] 鴿子 (動物)
백조	[pɛk̚t͡ɕ͈o̞]	[pɛk̚t͡ɕ͈o̞]	[[pɛk̚t͡ɕ͈o̞]] 天鵝 (動物)
나비	[na̠bi]	[na̠bi]	[[na̠bi]] 蝴蝶 (動物)
벌	[pɘ(ː)ɭ]	[pɘ(ː)ɭ]	[[pɘ(ː)ɭ]] 蜜蜂 (動物)
개미	[ˈkɛ(ː)mi]	[ˈkɛ(ː)mi]	[[ˈkɛ(ː)mi]] 螞蟻 (動物)
메뚜기	[me̞t͈uɡi]	[me̞t͈uɡi]	[[me̞t͈uɡi]] 蚱蜢 (動物)
모기	[ˈmo̞(ː)ɡi]	[ˈmo̞(ː)ɡi]	[[ˈmo̞(ː)ɡi]] 蚊子 (動物)
거미	[kʌ̹mi]	[kʌ̹mi]	[[kʌ̹mi]] 蜘蛛 (動物)
달팽이	[ta̠ɭpʰɛŋi]	[ta̠ɭpʰɛŋi]	[[ta̠ɭpʰɛŋi]] 蝸牛 (動物)
무당벌레	[ˈmu(ː)da̠ŋbʌ̹ɭɭe̞]	[ˈmu(ː)da̠ŋbʌ̹ɭɭe̞]	[[ˈmu(ː)da̠ŋbʌ̹ɭɭe̞]] 瓢蟲 (動物)
다람쥐	[ta̠ɾa̠md͡ʑɥi]	[ta̠ɾa̠md͡ʑɥi]	[[ta̠ɾa̠md͡ʑɥi]] 松鼠 (動物)
박쥐	[ˈpa̠(ː)k̚t͡ɕ͈ɥi]	[ˈpa̠(ː)k̚t͡ɕ͈ɥi]	[[ˈpa̠(ː)k̚t͡ɕ͈ɥi]] 蝙蝠 (動物)
금붕어	[kɯmbuŋʌ̹]	[kɯmbuŋʌ̹]	[[kɯmbuŋʌ̹]] 金魚 (動物)
머리	[mʌ̹ɾi]	[mʌ̹ɾi]	[[mʌ̹ɾi]] 頭 (身體部位)
머리카락	[mʌ̹ɾikʰa̠ɾa̠k̚]	[mʌ̹ɾikʰa̠ɾa̠k̚]	[[mʌ̹ɾikʰa̠ɾa̠k̚]] 頭髮 (身體部位)
얼굴	[ʌ̹ɭɡuɭ]	[ʌ̹ɭɡuɭ]	[[ʌ̹ɭɡuɭ]] 臉 (身體部位)
이마	[ima̠]	[ima̠]	[[ima̠]] 額頭 (身體部位)
눈썹	[nuns͈ʌ̹p̚]	[nuns͈ʌ̹p̚]	[[nuns͈ʌ̹p̚]] 眉毛 (身體部位)
코	[kʰo̞]	[kʰo̞]	[[kʰo̞]] 鼻子 (身體部位)
뺨	[p͈ja̠m]	[p͈ja̠m]	[[p͈ja̠m]] 臉頰 (身體部位)
귀	[kɥi]	[kɥi]	[[kɥi]] 耳朵 (身體部位)
입	[ip̚]	[ip̚]	[[ip̚]] 嘴巴 (身體部位)
입술	[ips͈uɭ]	[ips͈uɭ]	[[ips͈uɭ]] 嘴唇 (身體部位)
혀	[çʌ̹]	[çʌ̹]	[[çʌ̹]] 舌頭 (身體部位)
이	[i]	[i]	[[i]] 牙齒 (身體部位)
턱	[tʰʌ̹k̚]	[tʰʌ̹k̚]	[[tʰʌ̹k̚]] 下巴 (身體部位)
목	[mo̞k̚]	[mo̞k̚]	[[mo̞k̚]] 脖子 (身體部位)
목구멍	[mo̞k̚k͈umʌ̹ŋ]	[mo̞k̚k͈umʌ̹ŋ]	[[mo̞k̚k͈umʌ̹ŋ]] 喉嚨 (身體部位)
어깨	[ʌ̹k͈ɛ]	[ʌ̹k͈ɛ]	[[ʌ̹k͈ɛ]] 肩膀 (身體部位)
팔	[pʰa̠ɭ]	[pʰa̠ɭ]	[[pʰa̠ɭ]] 手臂 (身體部位)
팔꿈치	[pʰa̠ɭk͈umt͡ɕʰi]	[pʰa̠ɭk͈umt͡ɕʰi]	[[pʰa̠ɭk͈umt͡ɕʰi]] 手肘 (身體部位)
손목	[sʰo̞nmo̞k̚]	[sʰo̞nmo̞k̚]	[[sʰo̞nmo̞k̚]] 手腕 (身體部位)
손	[sʰo̞n]	[sʰo̞n]	[[sʰo̞n]] 手 (身體部位)
손가락	[sʰo̞nk͈a̠ɾa̠k̚]	[sʰo̞nk͈a̠ɾa̠k̚]	[[sʰo̞nk͈a̠ɾa̠k̚]] 手指 (身體部位)
손톱	[sʰo̞ntʰo̞p̚]	[sʰo̞ntʰo̞p̚]	[[sʰo̞ntʰo̞p̚]] 指甲 (身體部位)
가슴	[ka̠sʰɯm]	[ka̠sʰɯm]	[[ka̠sʰɯm]] 胸部 (身體部位)
등	[tɯŋ]	[tɯŋ]	[[tɯŋ]] 背部 (身體部位)
허리	[hʌ̹ɾi]	[hʌ̹ɾi]	[[hʌ̹ɾi]] 腰部 (身體部位)
엉덩이	[ˈɘ(ː)ŋdʌ̹ŋi]	[ˈɘ(ː)ŋdʌ̹ŋi]	[[ˈɘ(ː)ŋdʌ̹ŋi]] 臀部 (身體部位)
배	[pɛ]	[pɛ]	[[pɛ]] 腹部 (身體部位)
다리	[ta̠ɾi]	[ta̠ɾi]	[[ta̠ɾi]] 腿 (身體部位)
무릎	[muɾɯp̚]	[muɾɯp̚]	[[muɾɯp̚]] 膝蓋 (身體部位)
발목	[pa̠ɭmo̞k̚]	[pa̠ɭmo̞k̚]	[[pa̠ɭmo̞k̚]] 腳踝 (身體部位)
발	[pa̠ɭ]	[pa̠ɭ]	[[pa̠ɭ]] 腳 (身體部位)
발가락	[pa̠ɭk͈a̠ɾa̠k̚]	[pa̠ɭk͈a̠ɾa̠k̚]	[[pa̠ɭk͈a̠ɾa̠k̚]] 腳趾 (身體部位)
피부	[pʰibu]	[pʰibu]	[[pʰibu]] 皮膚 (身體部位)
피	[pʰi]	[pʰi]	[[pʰi]] 血液 (身體部位)
심장	[ɕʰimd͡ʑa̠ŋ]	[ɕʰimd͡ʑa̠ŋ]	[[ɕʰimd͡ʑa̠ŋ]] 心臟 (身體部位)
땀	[t͈a̠m]	[t͈a̠m]	[[t͈a̠m]] 汗水 (身體部位)
눈물	[nunmuɭ]	[nunmuɭ]	[[nunmuɭ]] 眼淚 (身體部位)
숨	[sʰu(ː)m]	[sʰu(ː)m]	[[sʰu(ː)m]] 呼吸 (身體部位)
왼손	[ˈwe̞(ː)nsʰo̞n]	[ˈwe̞(ː)nsʰo̞n]	[[ˈwe̞(ː)nsʰo̞n]] 左手 (身體部位)
오른손	[o̞ɾɯnsʰo̞n]	[o̞ɾɯnsʰo̞n]	[[o̞ɾɯnsʰo̞n]] 右手 (身體部位)
몸	[mo̞m]	[mo̞m]	[[mo̞m]] 身體 (身體部位)
키	[cçi]	[cçi]	[[cçi]] Height (身體部位)
몸무게	[mo̞mmuɡe̞]	[mo̞mmuɡe̞]	[[mo̞mmuɡe̞]] Weight (身體部位)
날씬한			Slim (身體部位)
통통한			Chubby (身體部位)
흉터	[çuŋtʰʌ̹]	[çuŋtʰʌ̹]	[[çuŋtʰʌ̹]] Scar (身體部位)
주름	[t͡ɕuɾɯm]	[t͡ɕuɾɯm]	[[t͡ɕuɾɯm]] Wrinkle (身體部位)
빨강	[p͈a̠ɭɡa̠ŋ]	[p͈a̠ɭɡa̠ŋ]	[[p͈a̠ɭɡa̠ŋ]] 紅色 (顏色和形狀)
주황			橙色 (顏色和形狀)
노랑	[no̞ɾa̠ŋ]	[no̞ɾa̠ŋ]	[[no̞ɾa̠ŋ]] 黃色 (顏色和形狀)
초록	[t͡ɕʰo̞ɾo̞k̚]	[t͡ɕʰo̞ɾo̞k̚]	[[t͡ɕʰo̞ɾo̞k̚]] 綠色 (顏色和形狀)
파랑	[pʰa̠ɾa̠ŋ]	[pʰa̠ɾa̠ŋ]	[[pʰa̠ɾa̠ŋ]] 藍色 (顏色和形狀)
보라	[po̞ɾa̠]	[po̞ɾa̠]	[[po̞ɾa̠]] 紫色 (顏色和形狀)
분홍	[ˈpu(ː)nβo̞ŋ]	[ˈpu(ː)nβo̞ŋ]	[[ˈpu(ː)nβo̞ŋ]] 粉紅色 (顏色和形狀)
하양	[ha̠ja̠ŋ]	[ha̠ja̠ŋ]	[[ha̠ja̠ŋ]] 白色 (顏色和形狀)
검정	[kʌ̹md͡ʑʌ̹ŋ]	[kʌ̹md͡ʑʌ̹ŋ]	[[kʌ̹md͡ʑʌ̹ŋ]] Black (顏色與形狀)
회색	[ɸwe̞sʰɛk̚]	[ɸwe̞sʰɛk̚]	[[ɸwe̞sʰɛk̚]] Gray (顏色與形狀)
갈색	[ka̠ɭs͈ɛk̚]	[ka̠ɭs͈ɛk̚]	[[ka̠ɭs͈ɛk̚]] Brown (顏色與形狀)
베이지			Beige (顏色與形狀)
네이비			Navy (顏色與形狀)
하늘색	[ha̠nɯɭs͈ɛk̚]	[ha̠nɯɭs͈ɛk̚]	[[ha̠nɯɭs͈ɛk̚]] Sky Blue (顏色與形狀)
민트	[mintʰɯ]	[mintʰɯ]	[[mintʰɯ]] Mint (顏色與形狀)
금색	[kɯmsʰɛk̚]	[kɯmsʰɛk̚]	[[kɯmsʰɛk̚]] 金 (顏色與形狀)
은색	[ɯnsʰɛk̚]	[ɯnsʰɛk̚]	[[ɯnsʰɛk̚]] 銀 (顏色與形狀)
원	[wʌ̹n]	[wʌ̹n]	[[wʌ̹n]] 圓形 (顏色與形狀)
사각형	[ˈsʰa̠(ː)ɡa̠cçʌ̹ŋ]	[ˈsʰa̠(ː)ɡa̠cçʌ̹ŋ]	[[ˈsʰa̠(ː)ɡa̠cçʌ̹ŋ]] 正方形 (顏色與形狀)
삼각형	[sʰa̠mɡa̠cçʌ̹ŋ]	[sʰa̠mɡa̠cçʌ̹ŋ]	[[sʰa̠mɡa̠cçʌ̹ŋ]] 三角形 (顏色與形狀)
직사각형	[t͡ɕiks͈a̠ɡa̠cçʌ̹ŋ]	[t͡ɕiks͈a̠ɡa̠cçʌ̹ŋ]	[[t͡ɕiks͈a̠ɡa̠cçʌ̹ŋ]] 長方形 (顏色與形狀)
타원	[ˈtʰa̠(ː)wʌ̹n]	[ˈtʰa̠(ː)wʌ̹n]	[[ˈtʰa̠(ː)wʌ̹n]] 橢圓形 (顏色與形狀)
다이아몬드	[ta̠ia̠mo̞ndɯ]	[ta̠ia̠mo̞ndɯ]	[[ta̠ia̠mo̞ndɯ]] 菱形 (顏色與形狀)
십자	[ɕʰip̚t͡ɕ͈a̠]	[ɕʰip̚t͡ɕ͈a̠]	[[ɕʰip̚t͡ɕ͈a̠]] 十字 (顏色與形狀)
화살표	[ɸwa̠sʰa̠ɭpʰjo]	[ɸwa̠sʰa̠ɭpʰjo]	[[ɸwa̠sʰa̠ɭpʰjo]] 箭頭 (顏色與形狀)
직선	[t͡ɕiks͈ʌ̹n]	[t͡ɕiks͈ʌ̹n]	[[t͡ɕiks͈ʌ̹n]] 直線 (顏色與形狀)
곡선	[ko̞ks͈ʌ̹n]	[ko̞ks͈ʌ̹n]	[[ko̞ks͈ʌ̹n]] 曲線 (顏色與形狀)
두꺼운	[tuk͈ʌ̹un]	[tuk͈ʌ̹un]	[[tuk͈ʌ̹un]] 厚 (顏色與形狀)
얇은	[ja̠ɭbɯn]	[ja̠ɭbɯn]	[[ja̠ɭbɯn]] 薄 (顏色與形狀)
둥근			圓形 (顏色與形狀)
평평한			平坦 (顏色與形狀)
모퉁이	[mo̞tʰuŋi]	[mo̞tʰuŋi]	[[mo̞tʰuŋi]] 角落 (顏色與形狀)
큰	[kxɯn]	[kxɯn]	[[kxɯn]] 大的 (顏色與形狀)
작은	[t͡ɕa̠ɡɯn]	[t͡ɕa̠ɡɯn]	[[t͡ɕa̠ɡɯn]] 小的 (顏色與形狀)
중간	[t͡ɕuŋɡa̠n]	[t͡ɕuŋɡa̠n]	[[t͡ɕuŋɡa̠n]] 中等的 (顏色與形狀)
넓은			寬的 (顏色與形狀)
좁은			窄的 (顏色與形狀)
긴	[ki(ː)n]	[ki(ː)n]	[[ki(ː)n]] 長的 (顏色與形狀)
짧은			短的 (顏色與形狀)
높은			高的 (顏色與形狀)
무늬	[muni]	[muni]	[[muni]] 圖案 (顏色與形狀)
줄무늬	[t͡ɕuɭmuni]	[t͡ɕuɭmuni]	[[t͡ɕuɭmuni]] 條紋 (顏色與形狀)
점	[t͡ɕʌ̹m]	[t͡ɕʌ̹m]	[[t͡ɕʌ̹m]] 點 (顏色與形狀)
하나	[ha̠na̠]	[ha̠na̠]	[[ha̠na̠]] 一 (數字與時間)
둘	[tu(ː)ɭ]	[tu(ː)ɭ]	[[tu(ː)ɭ]] 二 (數字與時間)
셋	[sʰe̞(ː)t̚]	[sʰe̞(ː)t̚]	[[sʰe̞(ː)t̚]] 三 (數字與時間)
넷	[ne̞(ː)t̚]	[ne̞(ː)t̚]	[[ne̞(ː)t̚]] 四 (數字與時間)
다섯	[ta̠sʰʌ̹t̚]	[ta̠sʰʌ̹t̚]	[[ta̠sʰʌ̹t̚]] 五 (數字與時間)
여섯	[jʌ̹sʰʌ̹t̚]	[jʌ̹sʰʌ̹t̚]	[[jʌ̹sʰʌ̹t̚]] 六 (數字與時間)
일곱	[iɭɡo̞p̚]	[iɭɡo̞p̚]	[[iɭɡo̞p̚]] 七 (數字與時間)
여덟	[jʌ̹dʌ̹ɭ]	[jʌ̹dʌ̹ɭ]	[[jʌ̹dʌ̹ɭ]] 八 (數字與時間)
아홉	[a̠βo̞p̚]	[a̠βo̞p̚]	[[a̠βo̞p̚]] 九 (數字與時間)
열	[jʌ̹ɭ]	[jʌ̹ɭ]	[[jʌ̹ɭ]] 十 (數字與時間)
열한			十一 (數字與時間)
열두			十二 (數字與時間)
스무	[sʰɯmu]	[sʰɯmu]	[[sʰɯmu]] 二十 (數字與時間)
서른	[sʰʌ̹ɾɯn]	[sʰʌ̹ɾɯn]	[[sʰʌ̹ɾɯn]] 三十 (數字與時間)
마흔	[ma̠ɣɯn]	[ma̠ɣɯn]	[[ma̠ɣɯn]] 四十 (數字與時間)
쉰	[ʃʰɥi(ː)n]	[ʃʰɥi(ː)n]	[[ʃʰɥi(ː)n]] 五十 (數字與時間)
백	[pɛk̚]	[pɛk̚]	[[pɛk̚]] 百 (數字與時間)
천	[t͡ɕʰɘ(ː)n]	[t͡ɕʰɘ(ː)n]	[[t͡ɕʰɘ(ː)n]] 千 (數字與時間)
만	[ma̠(ː)n]	[ma̠(ː)n]	[[ma̠(ː)n]] 萬 (數字與時間)
백만	[pɛŋma̠n]	[pɛŋma̠n]	[[pɛŋma̠n]] 百萬 (數字與時間)
반	[pa̠(ː)n]	[pa̠(ː)n]	[[pa̠(ː)n]] 一半 (數字與時間)
영	[jʌ̹ŋ]	[jʌ̹ŋ]	[[jʌ̹ŋ]] 零 (數字與時間)
숫자	[ˈsʰu(ː)t̚t͡ɕ͈a̠]	[ˈsʰu(ː)t̚t͡ɕ͈a̠]	[[ˈsʰu(ː)t̚t͡ɕ͈a̠]] 數字 (數字與時間)
세기	[ˈsʰe̞(ː)ɡi]	[ˈsʰe̞(ː)ɡi]	[[ˈsʰe̞(ː)ɡi]] 數數 (數字與時間)
몇	[mjʌ̹t̚]	[mjʌ̹t̚]	[[mjʌ̹t̚]] 多少 (數字與時間)
초	[t͡ɕʰo̞]	[t͡ɕʰo̞]	[[t͡ɕʰo̞]] 秒 (數字與時間)
분	[pun]	[pun]	[[pun]] 分鐘 (數字與時間)
날	[na̠ɭ]	[na̠ɭ]	[[na̠ɭ]] 天 (數字與時間)
주	[t͡ɕu]	[t͡ɕu]	[[t͡ɕu]] 週 (數字與時間)
년	[ɲʌ̹n]	[ɲʌ̹n]	[[ɲʌ̹n]] 年 (數字與時間)
아침	[a̠t͡ɕʰim]	[a̠t͡ɕʰim]	[[a̠t͡ɕʰim]] 早上 (數字與時間)
오후	[ˈo̞(ː)βu]	[ˈo̞(ː)βu]	[[ˈo̞(ː)βu]] 下午 (數字與時間)
저녁	[t͡ɕʌ̹ɲʌ̹k̚]	[t͡ɕʌ̹ɲʌ̹k̚]	[[t͡ɕʌ̹ɲʌ̹k̚]] 晚上 (數字與時間)
자정	[t͡ɕa̠d͡ʑʌ̹ŋ]	[t͡ɕa̠d͡ʑʌ̹ŋ]	[[t͡ɕa̠d͡ʑʌ̹ŋ]] 午夜 (數字與時間)
정오	[ˈt͡ɕɘ(ː)ŋo̞]	[ˈt͡ɕɘ(ː)ŋo̞]	[[ˈt͡ɕɘ(ː)ŋo̞]] 中午 (數字與時間)
새벽	[sʰɛbjʌ̹k̚]	[sʰɛbjʌ̹k̚]	[[sʰɛbjʌ̹k̚]] 黎明 (數字與時間)
오늘	[o̞nɯɭ]	[o̞nɯɭ]	[[o̞nɯɭ]] 今天 (數字與時間)
어제	[ʌ̹d͡ʑe̞]	[ʌ̹d͡ʑe̞]	[[ʌ̹d͡ʑe̞]] 昨天 (數字與時間)
내일	[nɛiɭ]	[nɛiɭ]	[[nɛiɭ]] 明天 (數字與時間)
지금	[t͡ɕiɡɯm]	[t͡ɕiɡɯm]	[[t͡ɕiɡɯm]] 現在 (數字與時間)
나중에			稍後 (數字與時間)
곧	[ko̞t̚]	[ko̞t̚]	[[ko̞t̚]] 很快 (數字與時間)
전에			之前 (數字與時間)
후에			之後 (數字與時間)
항상	[ha̠ŋsʰa̠ŋ]	[ha̠ŋsʰa̠ŋ]	[[ha̠ŋsʰa̠ŋ]] 總是 (數字與時間)
절대	[t͡ɕʌ̹ɭt͈ɛ]	[t͡ɕʌ̹ɭt͈ɛ]	[[t͡ɕʌ̹ɭt͈ɛ]] 從不 (數字與時間)
가끔	[ka̠k͈ɯm]	[ka̠k͈ɯm]	[[ka̠k͈ɯm]] 有時候 (數字與時間)
자주	[t͡ɕa̠d͡ʑu]	[t͡ɕa̠d͡ʑu]	[[t͡ɕa̠d͡ʑu]] 經常 (數字與時間)
최근에			最近 (數字與時間)
이미	[ˈi(ː)mi]	[ˈi(ː)mi]	[[ˈi(ː)mi]] 已經 (數字與時間)
아직	[a̠d͡ʑik̚]	[a̠d͡ʑik̚]	[[a̠d͡ʑik̚]] 仍然 (數字與時間)
다시	[ta̠ɕʰi]	[ta̠ɕʰi]	[[ta̠ɕʰi]] 再次 (數字與時間)
일찍	[iʎt͡ɕ͈ik̚]	[iʎt͡ɕ͈ik̚]	[[iʎt͡ɕ͈ik̚]] 早 (數字與時間)
늦게			晚 (數字與時間)
달력	[ta̠ʎʎʌ̹k̚]	[ta̠ʎʎʌ̹k̚]	[[ta̠ʎʎʌ̹k̚]] 日曆 (數字與時間)
기간	[kiɡa̠n]	[kiɡa̠n]	[[kiɡa̠n]] 持續時間 (數字與時間)
순간	[sʰunɡa̠n]	[sʰunɡa̠n]	[[sʰunɡa̠n]] 瞬間 (數字與時間)
즉시	[t͡ɕɯkɕ͈i]	[t͡ɕɯkɕ͈i]	[[t͡ɕɯkɕ͈i]] 即時 (數字與時間)
계절	[ˈkje̞(ː)d͡ʑʌ̹ɭ]	[ˈkje̞(ː)d͡ʑʌ̹ɭ]	[[ˈkje̞(ː)d͡ʑʌ̹ɭ]] 季節 (數字與時間)
월요일	[wʌ̹ɾjoiɭ]	[wʌ̹ɾjoiɭ]	[[wʌ̹ɾjoiɭ]] 星期一 (數字與時間)
화요일	[ɸwa̠joiɭ]	[ɸwa̠joiɭ]	[[ɸwa̠joiɭ]] 星期二 (數字與時間)
수요일	[sʰujoiɭ]	[sʰujoiɭ]	[[sʰujoiɭ]] 星期三 (數字與時間)
목요일	[mo̞ɡjoiɭ]	[mo̞ɡjoiɭ]	[[mo̞ɡjoiɭ]] 星期四 (數字與時間)
금요일	[kɯmjoiɭ]	[kɯmjoiɭ]	[[kɯmjoiɭ]] 星期五 (數字與時間)
토요일	[tʰo̞joiɭ]	[tʰo̞joiɭ]	[[tʰo̞joiɭ]] 星期六 (數字與時間)
일요일	[iɾjoiɭ]	[iɾjoiɭ]	[[iɾjoiɭ]] 星期日 (數字與時間)
평일	[pʰjʌ̹ŋiɭ]	[pʰjʌ̹ŋiɭ]	[[pʰjʌ̹ŋiɭ]] 平日 (數字與時間)
생일	[sʰɛŋiɭ]	[sʰɛŋiɭ]	[[sʰɛŋiɭ]] 生日 (數字與時間)
교장	[ˈkjo(ː)d͡ʑa̠ŋ]	[ˈkjo(ː)d͡ʑa̠ŋ]	[[ˈkjo(ː)d͡ʑa̠ŋ]] 校長 (校園生活)
교감			副校長 (校園生活)
담임선생님			級任老師 (校園生活)
과목선생님			科目老師 (校園生活)
가위	[ka̠ɥi]	[ka̠ɥi]	[[ka̠ɥi]] 剪刀 (校園生活)
풀	[pʰuɭ]	[pʰuɭ]	[[pʰuɭ]] 膠水 (校園生活)
배낭	[ˈpɛ(ː)na̠ŋ]	[ˈpɛ(ː)na̠ŋ]	[[ˈpɛ(ː)na̠ŋ]] 書包 (校園生活)
교복	[ˈkjo(ː)bo̞k̚]	[ˈkjo(ː)bo̞k̚]	[[ˈkjo(ː)bo̞k̚]] 校服 (校園生活)
종	[t͡ɕo̞(ː)ŋ]	[t͡ɕo̞(ː)ŋ]	[[t͡ɕo̞(ː)ŋ]] 鈴 (學校生活)
시간표	[ɕʰiɡa̠npʰjo]	[ɕʰiɡa̠npʰjo]	[[ɕʰiɡa̠npʰjo]] 時間表 (學校生活)
지각	[t͡ɕiɡa̠k̚]	[t͡ɕiɡa̠k̚]	[[t͡ɕiɡa̠k̚]] Late Arrival (School Life)
출석	[t͡ɕʰuɭs͈ʌ̹k̚]	[t͡ɕʰuɭs͈ʌ̹k̚]	[[t͡ɕʰuɭs͈ʌ̹k̚]] Attendance (School Life)
결석	[kjʌ̹ɭs͈ʌ̹k̚]	[kjʌ̹ɭs͈ʌ̹k̚]	[[kjʌ̹ɭs͈ʌ̹k̚]] Absent (School Life)
반장	[pa̠ɲd͡ʑa̠ŋ]	[pa̠ɲd͡ʑa̠ŋ]	[[pa̠ɲd͡ʑa̠ŋ]] Class President (School Life)
맑은			Sunny (天氣)
흐린			Cloudy (天氣)
비오는			Rainy (天氣)
습한			濕氣重的 (天氣)
건조한			乾燥的 (天氣)
덥다	[ˈtɘ(ː)p̚t͈a̠]	[ˈtɘ(ː)p̚t͈a̠]	[[ˈtɘ(ː)p̚t͈a̠]] Hot (Weather)
춥다	[t͡ɕʰup̚t͈a̠]	[t͡ɕʰup̚t͈a̠]	[[t͡ɕʰup̚t͈a̠]] 寒冷 (天氣)
시원한			涼爽 (天氣)
천둥	[t͡ɕʰʌ̹nduŋ]	[t͡ɕʰʌ̹nduŋ]	[[t͡ɕʰʌ̹nduŋ]] 雷聲 (天氣)
얼음	[ʌ̹ɾɯm]	[ʌ̹ɾɯm]	[[ʌ̹ɾɯm]] 冰 (天氣)
온도	[o̞ndo̞]	[o̞ndo̞]	[[o̞ndo̞]] 溫度 (天氣)
섭씨	[sʰʌ̹pɕ͈i]	[sʰʌ̹pɕ͈i]	[[sʰʌ̹pɕ͈i]] 攝氏度 (天氣)
우산	[ˈu(ː)sʰa̠n]	[ˈu(ː)sʰa̠n]	[[ˈu(ː)sʰa̠n]] 雨傘 (天氣)
레인코트			雨衣 (天氣)
선글라스	[s͈ʌ̹nɡɯɭɭa̠s͈ɯ]	[s͈ʌ̹nɡɯɭɭa̠s͈ɯ]	[[s͈ʌ̹nɡɯɭɭa̠s͈ɯ]] 太陽眼鏡 (天氣)
봄날씨	[po̞mna̠ɭɕ͈i]	[po̞mna̠ɭɕ͈i]	[[po̞mna̠ɭɕ͈i]] Spring Weather (天氣)
첫눈	[t͡ɕʰʌ̹nnun]	[t͡ɕʰʌ̹nnun]	[[t͡ɕʰʌ̹nnun]] First Snow (天氣)
난방	[na̠nba̠ŋ]	[na̠nba̠ŋ]	[[na̠nba̠ŋ]] Heating (天氣)
냉방			Cooling (天氣)
환기	[ɸwa̠nɡi]	[ɸwa̠nɡi]	[[ɸwa̠nɡi]] Ventilation (天氣)
떨다	[ˈt͈ɘ(ː)ɭda̠]	[ˈt͈ɘ(ː)ɭda̠]	[[ˈt͈ɘ(ː)ɭda̠]] Shiver (天氣)
봄비	[po̞mp͈i]	[po̞mp͈i]	[[po̞mp͈i]] 春雨 (天氣)
티셔츠	[tʰiɕʰʌ̹t͡ɕʰɯ]	[tʰiɕʰʌ̹t͡ɕʰɯ]	[[tʰiɕʰʌ̹t͡ɕʰɯ]] T-shirt (服飾)
셔츠	[ɕʰʌ̹t͡ɕʰɯ]	[ɕʰʌ̹t͡ɕʰɯ]	[[ɕʰʌ̹t͡ɕʰɯ]] Shirt (服飾)
블라우스	[pɯɭɭa̠us͈ɯ]	[pɯɭɭa̠us͈ɯ]	[[pɯɭɭa̠us͈ɯ]] Blouse (服飾)
드레스	[tɯɾe̞s͈ɯ]	[tɯɾe̞s͈ɯ]	[[tɯɾe̞s͈ɯ]] Dress (服飾)
스커트	[sʰɯkʰʌ̹tʰɯ]	[sʰɯkʰʌ̹tʰɯ]	[[sʰɯkʰʌ̹tʰɯ]] Skirt (服飾)
바지	[pa̠d͡ʑi]	[pa̠d͡ʑi]	[[pa̠d͡ʑi]] Pants (服飾)
청바지	[t͡ɕʰʌ̹ŋba̠d͡ʑi]	[t͡ɕʰʌ̹ŋba̠d͡ʑi]	[[t͡ɕʰʌ̹ŋba̠d͡ʑi]] Jeans (服飾)
반바지	[ˈpa̠(ː)nba̠d͡ʑi]	[ˈpa̠(ː)nba̠d͡ʑi]	[[ˈpa̠(ː)nba̠d͡ʑi]] Shorts (服飾)
레깅스	[ɾe̞ɡiŋs͈ɯ]	[ɾe̞ɡiŋs͈ɯ]	[[ɾe̞ɡiŋs͈ɯ]] 緊身褲 (服飾)
재킷	[t͡ɕɛcçit̚]	[t͡ɕɛcçit̚]	[[t͡ɕɛcçit̚]] 夾克 (服飾)
코트	[kʰo̞tʰɯ]	[kʰo̞tʰɯ]	[[kʰo̞tʰɯ]] 大衣 (服飾)
파카			派克大衣 (服飾)
카디건	[kʰa̠diɡʌ̹n]	[kʰa̠diɡʌ̹n]	[[kʰa̠diɡʌ̹n]] 開襟毛衣 (服飾)
스웨터	[sʰɯwe̞tʰʌ̹]	[sʰɯwe̞tʰʌ̹]	[[sʰɯwe̞tʰʌ̹]] 毛衣 (服飾)
후드티			連帽衫 (服飾)
맨투맨			運動衫 (服飾)
민소매	[minsʰo̞mɛ]	[minsʰo̞mɛ]	[[minsʰo̞mɛ]] 背心 (服飾)
잠옷	[t͡ɕa̠mo̞t̚]	[t͡ɕa̠mo̞t̚]	[[t͡ɕa̠mo̞t̚]] 睡衣 (服飾)
속옷	[ˈsʰo̞(ː)ɡo̞t̚]	[ˈsʰo̞(ː)ɡo̞t̚]	[[ˈsʰo̞(ː)ɡo̞t̚]] 內衣 (服飾)
양말	[ja̠ŋma̠ɭ]	[ja̠ŋma̠ɭ]	[[ja̠ŋma̠ɭ]] 襪子 (服飾)
신발	[ɕʰinba̠ɭ]	[ɕʰinba̠ɭ]	[[ɕʰinba̠ɭ]] 鞋子 (服飾)
운동화	[ˈu(ː)ndo̞ŋβwa̠]	[ˈu(ː)ndo̞ŋβwa̠]	[[ˈu(ː)ndo̞ŋβwa̠]] 運動鞋 (服飾)
부츠	[put͡ɕʰɯ]	[put͡ɕʰɯ]	[[put͡ɕʰɯ]] 靴子 (服飾)
샌들	[s͈ɛndɯɭ]	[s͈ɛndɯɭ]	[[s͈ɛndɯɭ]] 涼鞋 (服飾)
슬리퍼	[sʰɯʎʎipʰʌ̹]	[sʰɯʎʎipʰʌ̹]	[[sʰɯʎʎipʰʌ̹]] 拖鞋 (服飾)
벨트	[pe̞ɭtʰɯ]	[pe̞ɭtʰɯ]	[[pe̞ɭtʰɯ]] 皮帶 (服飾)
모자	[mo̞d͡ʑa̠]	[mo̞d͡ʑa̠]	[[mo̞d͡ʑa̠]] 帽子 (服飾)
캡	[kʰɛp̚]	[kʰɛp̚]	[[kʰɛp̚]] 棒球帽 (服飾)
비니	[pini]	[pini]	[[pini]] 毛帽 (服飾)
스카프	[sʰɯkʰa̠pʰɯ]	[sʰɯkʰa̠pʰɯ]	[[sʰɯkʰa̠pʰɯ]] 圍巾 (服飾)
장갑	[ˈt͡ɕa̠(ː)ŋɡa̠p̚]	[ˈt͡ɕa̠(ː)ŋɡa̠p̚]	[[ˈt͡ɕa̠(ː)ŋɡa̠p̚]] 手套 (服飾)
가방	[ka̠ba̠ŋ]	[ka̠ba̠ŋ]	[[ka̠ba̠ŋ]] 包包 (服飾)
목걸이	[mo̞k̚k͈ʌ̹ɾi]	[mo̞k̚k͈ʌ̹ɾi]	[[mo̞k̚k͈ʌ̹ɾi]] 項鍊 (服飾)
팔찌	[pʰa̠ʎt͡ɕ͈i]	[pʰa̠ʎt͡ɕ͈i]	[[pʰa̠ʎt͡ɕ͈i]] 手鍊 (服飾)
귀걸이	[kɥiɡʌ̹ɾi]	[kɥiɡʌ̹ɾi]	[[kɥiɡʌ̹ɾi]] 耳環 (服飾)
반지	[pa̠ɲd͡ʑi]	[pa̠ɲd͡ʑi]	[[pa̠ɲd͡ʑi]] 戒指 (服飾)
시계	[ɕʰiɡje̞]	[ɕʰiɡje̞]	[[ɕʰiɡje̞]] 手錶 (服飾)
마스크	[ma̠sʰɯkxɯ]	[ma̠sʰɯkxɯ]	[[ma̠sʰɯkxɯ]] 口罩 (服飾)
캐주얼복			休閒服 (服飾)
면	[mjʌ̹n]	[mjʌ̹n]	[[mjʌ̹n]] Cotton (Clothing)
울	[uɭ]	[uɭ]	[[uɭ]] Wool (Clothing)
데님	[te̞nim]	[te̞nim]	[[te̞nim]] Denim (Clothing)
가죽	[ka̠d͡ʑuk̚]	[ka̠d͡ʑuk̚]	[[ka̠d͡ʑuk̚]] Leather (Clothing)
단색			Solid color (Clothing)
다림질	[ta̠ɾimd͡ʑiɭ]	[ta̠ɾimd͡ʑiɭ]	[[ta̠ɾimd͡ʑiɭ]] Ironing (Clothing)
보고싶어			I Miss You (韓劇表達)
미안해			對不起 (韓劇表達)
괜찮아			沒關係 (韓劇表達)
어머	[ʌ̹mʌ̹]	[ʌ̹mʌ̹]	[[ʌ̹mʌ̹]] 我的天 (韓劇表達)
아이고	[a̠iɡo̞]	[a̠iɡo̞]	[[a̠iɡo̞]] Alas (K-Drama Expressions)
아이구			Oh Dear (K-Drama Expressions)
화이팅	[ɸwa̠itʰiŋ]	[ɸwa̠itʰiŋ]	[[ɸwa̠itʰiŋ]] Fighting (K-Drama Expressions)
진짜	[t͡ɕiɲt͡ɕ͈a̠]	[t͡ɕiɲt͡ɕ͈a̠]	[[t͡ɕiɲt͡ɕ͈a̠]] Really (K-Drama Expressions)
왜	[wɛ(ː)]	[wɛ(ː)]	[[wɛ(ː)]] Why (K-Drama Expressions)
안돼			Don't (K-Drama Expressions)
몰라	[mo̞ɭɭa̠]	[mo̞ɭɭa̠]	[[mo̞ɭɭa̠]] I Don't Know (K-Drama Expressions)
어떻게	[ʌ̹t͈ʌ̹kʰe̞]	[ʌ̹t͈ʌ̹kʰe̞]	[[ʌ̹t͈ʌ̹kʰe̞]] What Should I Do (K-Drama Expressions)
맛있어			It's Delicious (K-Drama Expressions)
예뻐			Pretty (K-Drama Expressions)
잘생겼어			Handsome (K-Drama Expressions)
남자	[na̠md͡ʑa̠]	[na̠md͡ʑa̠]	[[na̠md͡ʑa̠]] Man (K-Drama Expressions)
여자	[jʌ̹d͡ʑa̠]	[jʌ̹d͡ʑa̠]	[[jʌ̹d͡ʑa̠]] 女人 (韓劇用語)
커플	[kʰʌ̹pʰɯɭ]	[kʰʌ̹pʰɯɭ]	[[kʰʌ̹pʰɯɭ]] 情侶 (韓劇用語)
조끼	[t͡ɕo̞k͈i]	[t͡ɕo̞k͈i]	[[t͡ɕo̞k͈i]] Vest (Clothing)
수탉	[sʰutʰa̠k̚]	[sʰutʰa̠k̚]	[[sʰutʰa̠k̚]] Rooster (Animals)
투명한			Transparent (Colors and Shapes)
홀수	[ɸʷo̞ɭs͈u]	[ɸʷo̞ɭs͈u]	[[ɸʷo̞ɭs͈u]] Odd Number (Numbers and Time)
짝수	[t͡ɕ͈a̠ks͈u]	[t͡ɕ͈a̠ks͈u]	[[t͡ɕ͈a̠ks͈u]] Even Number (Numbers and Time)
퍼센트	[pʰʌ̹sʰe̞ntʰɯ]	[pʰʌ̹sʰe̞ntʰɯ]	[[pʰʌ̹sʰe̞ntʰɯ]] Percentage (Numbers and Time)
약	[ja̠k̚]	[ja̠k̚]	[[ja̠k̚]] Approximately (Numbers and Time)
카운트다운			Countdown (Numbers and Time)
소나기	[sʰo̞na̠ɡi]	[sʰo̞na̠ɡi]	[[sʰo̞na̠ɡi]] Sudden Shower (Weather)
애벌레	[ˈɛ(ː)bʌ̹ɭɭe̞]	[ˈɛ(ː)bʌ̹ɭɭe̞]	[[ˈɛ(ː)bʌ̹ɭɭe̞]] Caterpillar (Animals)
분수	[ˈpu(ː)nsʰu]	[ˈpu(ː)nsʰu]	[[ˈpu(ː)nsʰu]] Fraction (Numbers and Time)
맑음			Clear Weather (Weather)
체육복	[t͡ɕʰe̞juk̚p͈o̞k̚]	[t͡ɕʰe̞juk̚p͈o̞k̚]	[[t͡ɕʰe̞juk̚p͈o̞k̚]] PE Uniform (School Life)
스쿨버스	[sʰɯkʰuɭbʌ̹sʰɯ]	[sʰɯkʰuɭbʌ̹sʰɯ]	[[sʰɯkʰuɭbʌ̹sʰɯ]] School Bus (校園生活)
급여	[kɯbjʌ̹]	[kɯbjʌ̹]	[[kɯbjʌ̹]] Salary (商業)
보너스	[po̞nʌ̹s͈ɯ]	[po̞nʌ̹s͈ɯ]	[[po̞nʌ̹s͈ɯ]] Bonus (商業)
채용	[ˈt͡ɕʰɛ(ː)joŋ]	[ˈt͡ɕʰɛ(ː)joŋ]	[[ˈt͡ɕʰɛ(ː)joŋ]] Hire (商業)
면접	[ˈmjɘ(ː)ɲd͡ʑʌ̹p̚]	[ˈmjɘ(ː)ɲd͡ʑʌ̹p̚]	[[ˈmjɘ(ː)ɲd͡ʑʌ̹p̚]] 面試 (商業)
정규직			全職 (商業)
재택근무	[ˈt͡ɕɛ(ː)tʰɛk̚k͈ɯnmu]	[ˈt͡ɕɛ(ː)tʰɛk̚k͈ɯnmu]	[[ˈt͡ɕɛ(ː)tʰɛk̚k͈ɯnmu]] 遠端工作 (商業)
사무실	[ˈsʰa̠(ː)muɕʰiɭ]	[ˈsʰa̠(ː)muɕʰiɭ]	[[ˈsʰa̠(ː)muɕʰiɭ]] 辦公室 (商業)
책상	[t͡ɕʰɛks͈a̠ŋ]	[t͡ɕʰɛks͈a̠ŋ]	[[t͡ɕʰɛks͈a̠ŋ]] 書桌 (商業)
회의실	[ˈɸwe̞(ː)ɰiɕʰiɭ]	[ˈɸwe̞(ː)ɰiɕʰiɭ]	[[ˈɸwe̞(ː)ɰiɕʰiɭ]] 會議室 (商業)
휴게실	[çuɡe̞ɕʰiɭ]	[çuɡe̞ɕʰiɭ]	[[çuɡe̞ɕʰiɭ]] 休息室 (商業)
명함	[mjʌ̹ŋɦa̠m]	[mjʌ̹ŋɦa̠m]	[[mjʌ̹ŋɦa̠m]] 名片 (商業)
명찰	[mjʌ̹ŋt͡ɕʰa̠ɭ]	[mjʌ̹ŋt͡ɕʰa̠ɭ]	[[mjʌ̹ŋt͡ɕʰa̠ɭ]] 名牌 (商業)
연차			年假 (商業)
예산	[ˈje̞(ː)sʰa̠n]	[ˈje̞(ː)sʰa̠n]	[[ˈje̞(ː)sʰa̠n]] 預算 (商業)
지출	[t͡ɕit͡ɕʰuɭ]	[t͡ɕit͡ɕʰuɭ]	[[t͡ɕit͡ɕʰuɭ]] 費用 (商業)
세금	[ˈsʰe̞(ː)ɡɯm]	[ˈsʰe̞(ː)ɡɯm]	[[ˈsʰe̞(ː)ɡɯm]] 稅 (商業)
스타트업			新創公司 (商業)
마케팅	[ma̠kʰe̞tʰiŋ]	[ma̠kʰe̞tʰiŋ]	[[ma̠kʰe̞tʰiŋ]] 行銷 (商業)
광고	[ˈkwa̠(ː)ŋɡo̞]	[ˈkwa̠(ː)ŋɡo̞]	[[ˈkwa̠(ː)ŋɡo̞]] 廣告 (商業)
캠페인	[kʰɛmpʰe̞in]	[kʰɛmpʰe̞in]	[[kʰɛmpʰe̞in]] 活動 (商業)
고객	[ko̞ɡɛk̚]	[ko̞ɡɛk̚]	[[ko̞ɡɛk̚]] 顧客 (商業)
클라이언트			客戶 (商業)
최고경영자			執行長 (商業)
관리자	[kwa̠ʎʎid͡ʑa̠]	[kwa̠ʎʎid͡ʑa̠]	[[kwa̠ʎʎid͡ʑa̠]] 經理 (商業)
워크숍	[wʌ̹kxɯɕʰop̚]	[wʌ̹kxɯɕʰop̚]	[[wʌ̹kxɯɕʰop̚]] 工作坊 (商業)
교육	[ˈkjo(ː)juk̚]	[ˈkjo(ː)juk̚]	[[ˈkjo(ː)juk̚]] 培訓 (商業)
볶다	[po̞k̚t͈a̠]	[po̞k̚t͈a̠]	[[po̞k̚t͈a̠]] Stir-fry (烹飪)
지지다			Pan-fry (烹飪)
섞다	[sʰʌ̹k̚t͈a̠]	[sʰʌ̹k̚t͈a̠]	[[sʰʌ̹k̚t͈a̠]] Mix (烹飪)
자르다	[t͡ɕa̠ɾɯda̠]	[t͡ɕa̠ɾɯda̠]	[[t͡ɕa̠ɾɯda̠]] Chop (烹飪)
저미다	[t͡ɕʌ̹mida̠]	[t͡ɕʌ̹mida̠]	[[t͡ɕʌ̹mida̠]] Slice (烹飪)
깍둑썰기하다			Dice (烹飪)
다지다	[ta̠d͡ʑida̠]	[ta̠d͡ʑida̠]	[[ta̠d͡ʑida̠]] 切碎 (烹飪)
벗기다	[pʌ̹t̚k͈ida̠]	[pʌ̹t̚k͈ida̠]	[[pʌ̹t̚k͈ida̠]] 削皮 (烹飪)
담그다	[ta̠mɡɯda̠]	[ta̠mɡɯda̠]	[[ta̠mɡɯda̠]] Dip (Cooking)
붓다	[ˈpu(ː)t̚t͈a̠]	[ˈpu(ː)t̚t͈a̠]	[[ˈpu(ː)t̚t͈a̠]] Pour (Cooking)
거르다	[kʌ̹ɾɯda̠]	[kʌ̹ɾɯda̠]	[[kʌ̹ɾɯda̠]] Strain (Cooking)
누르다	[ˈnu(ː)ɾɯda̠]	[ˈnu(ː)ɾɯda̠]	[[ˈnu(ː)ɾɯda̠]] Press (Cooking)
불리다	[puʎʎida̠]	[puʎʎida̠]	[[puʎʎida̠]] Soak (Cooking)
헹굴다			Rinse (Cooking)
씻다	[ɕ͈it̚t͈a̠]	[ɕ͈it̚t͈a̠]	[[ɕ͈it̚t͈a̠]] Wash (Cooking)
재다	[ˈt͡ɕɛ(ː)da̠]	[ˈt͡ɕɛ(ː)da̠]	[[ˈt͡ɕɛ(ː)da̠]] Measure (Cooking)
맛보다	[ma̠t̚p͈o̞da̠]	[ma̠t̚p͈o̞da̠]	[[ma̠t̚p͈o̞da̠]] Taste (Cooking)
담다	[ˈta̠(ː)mt͈a̠]	[ˈta̠(ː)mt͈a̠]	[[ˈta̠(ː)mt͈a̠]] Plate (Cooking)
대접하다	[ˈtɛ(ː)d͡ʑʌ̹pʰa̠da̠]	[ˈtɛ(ː)d͡ʑʌ̹pʰa̠da̠]	[[ˈtɛ(ː)d͡ʑʌ̹pʰa̠da̠]] Serve (Cooking)
데우다	[te̞uda̠]	[te̞uda̠]	[[te̞uda̠]] Reheat (Cooking)
해동하다	[ˈhɛ(ː)do̞ŋɦa̠da̠]	[ˈhɛ(ː)do̞ŋɦa̠da̠]	[[ˈhɛ(ː)do̞ŋɦa̠da̠]] 解凍 (烹飪)
냉동하다			冷凍 (烹飪)
냉장하다			冷藏 (烹飪)
보관하다	[ˈpo̞(ː)ɡwa̠nɦa̠da̠]	[ˈpo̞(ː)ɡwa̠nɦa̠da̠]	[[ˈpo̞(ː)ɡwa̠nɦa̠da̠]] 儲存 (烹飪)
덜어내다			分裝 (烹飪)
요리법			食譜 (烹飪)
재료	[t͡ɕɛɾjo]	[t͡ɕɛɾjo]	[[t͡ɕɛɾjo]] 食材 (烹飪)
계량	[ˈkje̞(ː)ɾja̠ŋ]	[ˈkje̞(ː)ɾja̠ŋ]	[[ˈkje̞(ː)ɾja̠ŋ]] 測量 (烹飪)
큰술	[kxɯnsʰuɭ]	[kxɯnsʰuɭ]	[[kxɯnsʰuɭ]] 湯匙 (烹飪)
작은술	[t͡ɕa̠ɡɯnsʰuɭ]	[t͡ɕa̠ɡɯnsʰuɭ]	[[t͡ɕa̠ɡɯnsʰuɭ]] 茶匙 (烹飪)
컵	[kʰʌ̹p̚]	[kʰʌ̹p̚]	[[kʰʌ̹p̚]] 杯 (烹飪)
그램	[kɯɾɛm]	[kɯɾɛm]	[[kɯɾɛm]] 克 (烹飪)
리터	[ɾitʰʌ̹]	[ɾitʰʌ̹]	[[ɾitʰʌ̹]] 公升 (烹飪)
오븐	[o̞bɯn]	[o̞bɯn]	[[o̞bɯn]] 烤箱 (烹飪)
가스레인지	[ka̠sʰɯɾe̞iɲd͡ʑi]	[ka̠sʰɯɾe̞iɲd͡ʑi]	[[ka̠sʰɯɾe̞iɲd͡ʑi]] 爐灶 (烹飪)
중국냄비			炒鍋 (烹飪)
냄비	[nɛmbi]	[nɛmbi]	[[nɛmbi]] 鍋 (烹飪)
팬	[pʰɛn]	[pʰɛn]	[[pʰɛn]] 平底鍋 (烹飪)
칼	[kʰa̠ɭ]	[kʰa̠ɭ]	[[kʰa̠ɭ]] 刀 (烹飪)
도마	[to̞ma̠]	[to̞ma̠]	[[to̞ma̠]] 砧板 (烹飪)
강판	[ˈka̠(ː)ŋpʰa̠n]	[ˈka̠(ː)ŋpʰa̠n]	[[ˈka̠(ː)ŋpʰa̠n]] 刨絲器 (烹飪)
필러			削皮器 (烹飪)
국자	[kuk̚t͡ɕ͈a̠]	[kuk̚t͡ɕ͈a̠]	[[kuk̚t͡ɕ͈a̠]] 湯勺 (烹飪)
뒤집개			鍋鏟 (烹飪)
집게	[t͡ɕip̚k͈e̞]	[t͡ɕip̚k͈e̞]	[[t͡ɕip̚k͈e̞]] 夾子 (烹飪)
거품기	[kʌ̹pʰumɡi]	[kʌ̹pʰumɡi]	[[kʌ̹pʰumɡi]] 打蛋器 (烹飪)
그릇	[kɯɾɯt̚]	[kɯɾɯt̚]	[[kɯɾɯt̚]] 碗 (烹飪)
채	[t͡ɕʰɛ]	[t͡ɕʰɛ]	[[t͡ɕʰɛ]] 濾水籃 (烹飪)
찜기	[t͡ɕ͈imɡi]	[t͡ɕ͈imɡi]	[[t͡ɕ͈imɡi]] 蒸鍋 (烹飪)
믹서기			Blender (烹飪)
젓가락	[t͡ɕʌ̹t̚k͈a̠ɾa̠k̚]	[t͡ɕʌ̹t̚k͈a̠ɾa̠k̚]	[[t͡ɕʌ̹t̚k͈a̠ɾa̠k̚]] Chopsticks (烹飪)
밥숟가락			Serving Spoon (烹飪)
앞치마	[a̠p̚t͡ɕʰima̠]	[a̠p̚t͡ɕʰima̠]	[[a̠p̚t͡ɕʰima̠]] Apron (烹飪)
오븐장갑	[o̞bɯɲd͡ʑa̠ŋɡa̠p̚]	[o̞bɯɲd͡ʑa̠ŋɡa̠p̚]	[[o̞bɯɲd͡ʑa̠ŋɡa̠p̚]] Oven Mitt (烹飪)
타이머	[tʰa̠imʌ̹]	[tʰa̠imʌ̹]	[[tʰa̠imʌ̹]] Timer (烹飪)
약불			Low Heat (烹飪)
중불			Medium Heat (烹飪)
센불			High Heat (烹飪)
바삭한			Crispy (烹飪)
짭짤한			Savory (烹飪)
노래	[no̞ɾɛ]	[no̞ɾɛ]	[[no̞ɾɛ]] Song (音樂)
멜로디	[me̞ɭɭo̞di]	[me̞ɭɭo̞di]	[[me̞ɭɭo̞di]] Melody (音樂)
리듬	[ɾidɯm]	[ɾidɯm]	[[ɾidɯm]] Rhythm (音樂)
비트	[pitʰɯ]	[pitʰɯ]	[[pitʰɯ]] Beat (音樂)
가사	[ka̠sʰa̠]	[ka̠sʰa̠]	[[ka̠sʰa̠]] 歌詞 (音樂)
후렴	[ˈɸʷu(ː)ɾjʌ̹m]	[ˈɸʷu(ː)ɾjʌ̹m]	[[ˈɸʷu(ː)ɾjʌ̹m]] 副歌 (音樂)
인트로			引子 (音樂)
아웃로			Outro (音樂)
미니앨범			EP (音樂)
플레이리스트	[pʰɯɭɭe̞iɾisʰɯtʰɯ]	[pʰɯɭɭe̞iɾisʰɯtʰɯ]	[[pʰɯɭɭe̞iɾisʰɯtʰɯ]] Playlist (音樂)
무대	[ˈmu(ː)dɛ]	[ˈmu(ː)dɛ]	[[ˈmu(ː)dɛ]] 舞台 (音樂)
마이크	[ma̠ikxɯ]	[ma̠ikxɯ]	[[ma̠ikxɯ]] 麥克風 (音樂)
스피커	[sʰɯpʰikʰʌ̹]	[sʰɯpʰikʰʌ̹]	[[sʰɯpʰikʰʌ̹]] 喇叭 (音樂)
헤드폰	[he̞dɯpʰo̞n]	[he̞dɯpʰo̞n]	[[he̞dɯpʰo̞n]] 耳機 (音樂)
이어폰	[iʌ̹pʰo̞n]	[iʌ̹pʰo̞n]	[[iʌ̹pʰo̞n]] 耳塞式耳機 (音樂)
디제이	[tid͡ʑe̞i]	[tid͡ʑe̞i]	[[tid͡ʑe̞i]] DJ (音樂)
보컬			主唱 (音樂)
래퍼	[ɾɛpʰʌ̹]	[ɾɛpʰʌ̹]	[[ɾɛpʰʌ̹]] 饒舌歌手 (音樂)
댄서	[tɛnsʰʌ̹]	[tɛnsʰʌ̹]	[[tɛnsʰʌ̹]] 舞者 (音樂)
그룹	[kɯɾup̚]	[kɯɾup̚]	[[kɯɾup̚]] 團體 (音樂)
포스터	[pʰo̞sʰɯtʰʌ̹]	[pʰo̞sʰɯtʰʌ̹]	[[pʰo̞sʰɯtʰʌ̹]] 海報 (音樂)
뮤직비디오	[mjud͡ʑik̚p͈idio̞]	[mjud͡ʑik̚p͈idio̞]	[[mjud͡ʑik̚p͈idio̞]] 音樂錄影帶 (音樂)
연습실			練習室 (音樂)
오디션	[o̞diɕʰʌ̹n]	[o̞diɕʰʌ̹n]	[[o̞diɕʰʌ̹n]] 試鏡 (音樂)
차트	[t͡ɕʰa̠tʰɯ]	[t͡ɕʰa̠tʰɯ]	[[t͡ɕʰa̠tʰɯ]] 圖表 (音樂)
힙합	[çipʰa̠p̚]	[çipʰa̠p̚]	[[çipʰa̠p̚]] 嘻哈 (音樂)
알앤비	[a̠ɾɛnbi]	[a̠ɾɛnbi]	[[a̠ɾɛnbi]] R&B (音樂)
발라드	[pa̠ɭɭa̠dɯ]	[pa̠ɭɭa̠dɯ]	[[pa̠ɭɭa̠dɯ]] 抒情歌曲 (音樂)
록	[ɾo̞k̚]	[ɾo̞k̚]	[[ɾo̞k̚]] 搖滾 (音樂)
재즈	[t͡ɕ͈ɛd͡ʑɯ]	[t͡ɕ͈ɛd͡ʑɯ]	[[t͡ɕ͈ɛd͡ʑɯ]] 爵士樂 (音樂)
클래식	[kxɯɭɭɛɕʰik̚]	[kxɯɭɭɛɕʰik̚]	[[kxɯɭɭɛɕʰik̚]] 古典音樂 (音樂)
드럼	[tɯɾʌ̹m]	[tɯɾʌ̹m]	[[tɯɾʌ̹m]] 鼓 (音樂)
기타	[kitʰa̠]	[kitʰa̠]	[[kitʰa̠]] 吉他 (音樂)
피아노	[pʰia̠no̞]	[pʰia̠no̞]	[[pʰia̠no̞]] 鋼琴 (音樂)
바이올린	[pa̠io̞ʎʎin]	[pa̠io̞ʎʎin]	[[pa̠io̞ʎʎin]] 小提琴 (音樂)
플루트	[pʰɯɭɭutʰɯ]	[pʰɯɭɭutʰɯ]	[[pʰɯɭɭutʰɯ]] 長笛 (音樂)
트럼펫	[tʰɯɾʌ̹mpʰe̞t̚]	[tʰɯɾʌ̹mpʰe̞t̚]	[[tʰɯɾʌ̹mpʰe̞t̚]] 小號 (音樂)
베이스	[pe̞is͈ɯ]	[pe̞is͈ɯ]	[[pe̞is͈ɯ]] Bass (音樂)
치어리딩	[t͡ɕʰiʌ̹ɾidiŋ]	[t͡ɕʰiʌ̹ɾidiŋ]	[[t͡ɕʰiʌ̹ɾidiŋ]] 啦啦隊 (運動)
비비다	[pibida̠]	[pibida̠]	[[pibida̠]] Bibim Mixing (烹飪)
혼밥	[ɸʷo̞nba̠p̚]	[ɸʷo̞nba̠p̚]	[[ɸʷo̞nba̠p̚]] Honbap (俚語)
개인	[ˈkɛ(ː)in]	[ˈkɛ(ː)in]	[[ˈkɛ(ː)in]] Gaesaeng (俚語)
레전드	[ɾe̞d͡ʑʌ̹ndɯ]	[ɾe̞d͡ʑʌ̹ndɯ]	[[ɾe̞d͡ʑʌ̹ndɯ]] 傳奇 (俚語)
커버곡			Cover Song (音樂)
완전	[wa̠ɲd͡ʑʌ̹n]	[wa̠ɲd͡ʑʌ̹n]	[[wa̠ɲd͡ʑʌ̹n]] 完全 (俚語)
인정	[iɲd͡ʑʌ̹ŋ]	[iɲd͡ʑʌ̹ŋ]	[[iɲd͡ʑʌ̹ŋ]] 同意 (俚語)
낄낄			Giggle (俚語)
아싸	[a̠s͈a̠]	[a̠s͈a̠]	[[a̠s͈a̠]] 邊緣人 (俚語)
레알	[ɾe̞a̠ɭ]	[ɾe̞a̠ɭ]	[[ɾe̞a̠ɭ]] 真的 (俚語)
실화냐			這是真的嗎 (俚語)
바이브			氛圍 (俚語)
트렌디			潮流 (俚語)
줄임말	[t͡ɕuɾimma̠ɭ]	[t͡ɕuɾimma̠ɭ]	[[t͡ɕuɾimma̠ɭ]] 縮寫 (俚語)
취준생			求職者 (俚語)
백수	[pɛks͈u]	[pɛks͈u]	[[pɛks͈u]] 失業 (俚語)
혼술	[ɸʷo̞nsʰuɭ]	[ɸʷo̞nsʰuɭ]	[[ɸʷo̞nsʰuɭ]] 獨自飲酒 (網路用語)
혼영			獨自看電影 (網路用語)
축구	[t͡ɕʰuk̚k͈u]	[t͡ɕʰuk̚k͈u]	[[t͡ɕʰuk̚k͈u]] 足球 (運動)
야구	[ˈja̠(ː)ɡu]	[ˈja̠(ː)ɡu]	[[ˈja̠(ː)ɡu]] 棒球 (運動)
농구	[no̞ŋɡu]	[no̞ŋɡu]	[[no̞ŋɡu]] 籃球 (運動)
배구	[pɛɡu]	[pɛɡu]	[[pɛɡu]] 排球 (運動)
배드민턴	[pɛdɯmintʰʌ̹n]	[pɛdɯmintʰʌ̹n]	[[pɛdɯmintʰʌ̹n]] 羽毛球 (運動)
탁구	[tʰa̠k̚k͈u]	[tʰa̠k̚k͈u]	[[tʰa̠k̚k͈u]] 桌球 (運動)
테니스	[tʰe̞nis͈ɯ]	[tʰe̞nis͈ɯ]	[[tʰe̞nis͈ɯ]] 網球 (運動)
골프	[k͈o̞ɭpʰɯ]	[k͈o̞ɭpʰɯ]	[[k͈o̞ɭpʰɯ]] 高爾夫 (運動)
수영	[sʰujʌ̹ŋ]	[sʰujʌ̹ŋ]	[[sʰujʌ̹ŋ]] 游泳 (運動)
달리기	[ta̠ʎʎiɡi]	[ta̠ʎʎiɡi]	[[ta̠ʎʎiɡi]] 跑步 (運動)
자전거	[t͡ɕa̠d͡ʑʌ̹nɡʌ̹]	[t͡ɕa̠d͡ʑʌ̹nɡʌ̹]	[[t͡ɕa̠d͡ʑʌ̹nɡʌ̹]] 自行車 (運動)
스키	[sʰɯcçi]	[sʰɯcçi]	[[sʰɯcçi]] 滑雪 (運動)
스노우보드			滑雪板 (運動)
아이스스케이팅			溜冰 (運動)
릴레이			接力賽 (運動)
요가	[joɡa̠]	[joɡa̠]	[[joɡa̠]] 瑜珈 (運動)
필라테스	[pʰiɭɭa̠tʰe̞s͈ɯ]	[pʰiɭɭa̠tʰe̞s͈ɯ]	[[pʰiɭɭa̠tʰe̞s͈ɯ]] 皮拉提斯 (運動)
에어로빅			有氧運動 (運動)
피트니스			健身 (運動)
워밍업			熱身 (運動)
쿨다운			緩和運動 (運動)
스트레칭	[sʰɯtʰɯɾe̞t͡ɕʰiŋ]	[sʰɯtʰɯɾe̞t͡ɕʰiŋ]	[[sʰɯtʰɯɾe̞t͡ɕʰiŋ]] 伸展 (運動)
유산소운동			心肺運動 (運動)
힘	[çim]	[çim]	[[çim]] 力量 (運動)
속도	[sʰo̞k̚t͈o̞]	[sʰo̞k̚t͈o̞]	[[sʰo̞k̚t͈o̞]] 速度 (運動)
골	[ko̞(ː)ɭ]	[ko̞(ː)ɭ]	[[ko̞(ː)ɭ]] 進球 (運動)
코치	[kʰo̞t͡ɕʰi]	[kʰo̞t͡ɕʰi]	[[kʰo̞t͡ɕʰi]] 教練 (運動)
선수	[ˈsʰɘ(ː)nsʰu]	[ˈsʰɘ(ː)nsʰu]	[[ˈsʰɘ(ː)nsʰu]] 選手 (運動)
팀	[tʰim]	[tʰim]	[[tʰim]] 隊伍 (運動)
메달	[me̞da̠ɭ]	[me̞da̠ɭ]	[[me̞da̠ɭ]] 獎牌 (運動)
금메달	[kɯmme̞da̠ɭ]	[kɯmme̞da̠ɭ]	[[kɯmme̞da̠ɭ]] 金牌 (運動)
은메달	[ɯnme̞da̠ɭ]	[ɯnme̞da̠ɭ]	[[ɯnme̞da̠ɭ]] 銀牌 (運動)
동메달	[to̞ŋme̞da̠ɭ]	[to̞ŋme̞da̠ɭ]	[[to̞ŋme̞da̠ɭ]] 銅牌 (運動)
올림픽	[o̞ʎʎimpʰik̚]	[o̞ʎʎimpʰik̚]	[[o̞ʎʎimpʰik̚]] 奧林匹克運動會 (運動)
월드컵	[wʌ̹ɭdɯkʰʌ̹p̚]	[wʌ̹ɭdɯkʰʌ̹p̚]	[[wʌ̹ɭdɯkʰʌ̹p̚]] 世界盃 (運動)
경기장	[ˈkjɘ(ː)ŋɡid͡ʑa̠ŋ]	[ˈkjɘ(ː)ŋɡid͡ʑa̠ŋ]	[[ˈkjɘ(ː)ŋɡid͡ʑa̠ŋ]] 體育場 (運動)
아레나			體育館 (運動)
필드	[pʰiɭdɯ]	[pʰiɭdɯ]	[[pʰiɭdɯ]] 場地 (運動)
트랙	[tʰɯɾɛk̚]	[tʰɯɾɛk̚]	[[tʰɯɾɛk̚]] 跑道 (運動)
응원	[ˈɯ(ː)ŋwʌ̹n]	[ˈɯ(ː)ŋwʌ̹n]	[[ˈɯ(ː)ŋwʌ̹n]] 歡呼 (運動)
결승	[kjʌ̹ɭsʰɯŋ]	[kjʌ̹ɭsʰɯŋ]	[[kjʌ̹ɭsʰɯŋ]] 決賽 (運動)
순위	[ˈsʰu(ː)nɥi]	[ˈsʰu(ː)nɥi]	[[ˈsʰu(ː)nɥi]] 排名 (運動)
기록	[kiɾo̞k̚]	[kiɾo̞k̚]	[[kiɾo̞k̚]] 紀錄 (運動)
부상	[ˈpu(ː)sʰa̠ŋ]	[ˈpu(ː)sʰa̠ŋ]	[[ˈpu(ː)sʰa̠ŋ]] 傷病 (運動)
회복	[ɸwe̞bo̞k̚]	[ɸwe̞bo̞k̚]	[[ɸwe̞bo̞k̚]] 復原 (運動)
단백질	[ˈta̠(ː)nbɛk̚t͡ɕ͈iɭ]	[ˈta̠(ː)nbɛk̚t͡ɕ͈iɭ]	[[ˈta̠(ː)nbɛk̚t͡ɕ͈iɭ]] 蛋白質 (運動)
스마트폰	[sʰɯma̠tʰɯpʰo̞n]	[sʰɯma̠tʰɯpʰo̞n]	[[sʰɯma̠tʰɯpʰo̞n]] 智慧型手機 (科技)
태블릿	[tʰɛbɯʎʎit̚]	[tʰɛbɯʎʎit̚]	[[tʰɛbɯʎʎit̚]] 平板電腦 (科技)
노트북	[no̞tʰɯbuk̚]	[no̞tʰɯbuk̚]	[[no̞tʰɯbuk̚]] Laptop (科技)
컴퓨터	[kʰʌ̹mpʰjutʰʌ̹]	[kʰʌ̹mpʰjutʰʌ̹]	[[kʰʌ̹mpʰjutʰʌ̹]] Computer (科技)
키보드	[cçibo̞dɯ]	[cçibo̞dɯ]	[[cçibo̞dɯ]] Keyboard (科技)
마우스	[ma̠us͈ɯ]	[ma̠us͈ɯ]	[[ma̠us͈ɯ]] Mouse (科技)
모니터	[mo̞nitʰʌ̹]	[mo̞nitʰʌ̹]	[[mo̞nitʰʌ̹]] Monitor (科技)
프린터	[pʰɯɾintʰʌ̹]	[pʰɯɾintʰʌ̹]	[[pʰɯɾintʰʌ̹]] 印表機 (科技)
스캐너	[sʰɯkʰɛnʌ̹]	[sʰɯkʰɛnʌ̹]	[[sʰɯkʰɛnʌ̹]] 掃描器 (科技)
충전기	[t͡ɕʰuŋd͡ʑʌ̹nɡi]	[t͡ɕʰuŋd͡ʑʌ̹nɡi]	[[t͡ɕʰuŋd͡ʑʌ̹nɡi]] 充電器 (科技)
배터리	[pɛtʰʌ̹ɾi]	[pɛtʰʌ̹ɾi]	[[pɛtʰʌ̹ɾi]] 電池 (科技)
블루투스	[pɯɭɭutʰusʰɯ]	[pɯɭɭutʰusʰɯ]	[[pɯɭɭutʰusʰɯ]] 藍牙 (科技)
웹사이트	[we̞ps͈a̠itʰɯ]	[we̞ps͈a̠itʰɯ]	[[we̞ps͈a̠itʰɯ]] 網站 (科技)
앱	[ɛp̚]	[ɛp̚]	[[ɛp̚]] 應用程式 (科技)
다운로드	[ta̠unno̞dɯ]	[ta̠unno̞dɯ]	[[ta̠unno̞dɯ]] 下載 (科技)
업로드	[ʌ̹mno̞dɯ]	[ʌ̹mno̞dɯ]	[[ʌ̹mno̞dɯ]] 上傳 (科技)
업데이트	[ʌ̹p̚t͈e̞itʰɯ]	[ʌ̹p̚t͈e̞itʰɯ]	[[ʌ̹p̚t͈e̞itʰɯ]] 更新 (科技)
설치	[sʰʌ̹ʎt͡ɕʰi]	[sʰʌ̹ʎt͡ɕʰi]	[[sʰʌ̹ʎt͡ɕʰi]] 安裝 (科技)
비밀번호	[ˈpi(ː)miɭbʌ̹nβo̞]	[ˈpi(ː)miɭbʌ̹nβo̞]	[[ˈpi(ː)miɭbʌ̹nβo̞]] 密碼 (科技)
사용자명			使用者名稱 (科技)
로그인	[ɾo̞ɡɯin]	[ɾo̞ɡɯin]	[[ɾo̞ɡɯin]] 登入 (科技)
로그아웃	[ɾo̞ɡɯa̠ut̚]	[ɾo̞ɡɯa̠ut̚]	[[ɾo̞ɡɯa̠ut̚]] 登出 (科技)
계정	[ˈkje̞(ː)d͡ʑʌ̹ŋ]	[ˈkje̞(ː)d͡ʑʌ̹ŋ]	[[ˈkje̞(ː)d͡ʑʌ̹ŋ]] 帳戶 (科技)
프로필	[pʰɯɾo̞pʰiɭ]	[pʰɯɾo̞pʰiɭ]	[[pʰɯɾo̞pʰiɭ]] 個人檔案 (科技)
알림			通知 (科技)
설정	[sʰʌ̹ʎt͡ɕ͈ʌ̹ŋ]	[sʰʌ̹ʎt͡ɕ͈ʌ̹ŋ]	[[sʰʌ̹ʎt͡ɕ͈ʌ̹ŋ]] 設定 (科技)
백업	[pɛɡʌ̹p̚]	[pɛɡʌ̹p̚]	[[pɛɡʌ̹p̚]] 備份 (科技)
카메라	[kʰa̠me̞ɾa̠]	[kʰa̠me̞ɾa̠]	[[kʰa̠me̞ɾa̠]] Camera (科技)
화상통화			Video Call (科技)
팟캐스트	[pʰa̠t̚kʰɛsʰɯtʰɯ]	[pʰa̠t̚kʰɛsʰɯtʰɯ]	[[pʰa̠t̚kʰɛsʰɯtʰɯ]] Podcast (科技)
유튜브	[jutʰjubɯ]	[jutʰjubɯ]	[[jutʰjubɯ]] YouTube (科技)
인스타그램	[insʰɯtʰa̠ɡɯɾɛm]	[insʰɯtʰa̠ɡɯɾɛm]	[[insʰɯtʰa̠ɡɯɾɛm]] Instagram (科技)
카카오톡	[kʰa̠kʰa̠o̞tʰo̞k̚]	[kʰa̠kʰa̠o̞tʰo̞k̚]	[[kʰa̠kʰa̠o̞tʰo̞k̚]] KakaoTalk (科技)
네이버			Naver (科技)
검색엔진			Search Engine (科技)
브라우저	[pɯɾa̠ud͡ʑʌ̹]	[pɯɾa̠ud͡ʑʌ̹]	[[pɯɾa̠ud͡ʑʌ̹]] Browser (科技)
로봇	[ɾo̞bo̞t̚]	[ɾo̞bo̞t̚]	[[ɾo̞bo̞t̚]] 機器人 (科技)
스마트워치	[sʰɯma̠tʰɯwʌ̹t͡ɕʰi]	[sʰɯma̠tʰɯwʌ̹t͡ɕʰi]	[[sʰɯma̠tʰɯwʌ̹t͡ɕʰi]] 智慧手錶 (科技)
이어버드			耳塞式耳機 (科技)
게이밍			遊戲 (科技)
이스포츠			電競 (科技)
두통	[tutʰo̞ŋ]	[tutʰo̞ŋ]	[[tutʰo̞ŋ]] 頭痛 (健康與醫療)
복통			腹痛 (健康與醫療)
발열	[pa̠ɾjʌ̹ɭ]	[pa̠ɾjʌ̹ɭ]	[[pa̠ɾjʌ̹ɭ]] 發燒 (健康與醫療)
기침	[kit͡ɕʰim]	[kit͡ɕʰim]	[[kit͡ɕʰim]] 咳嗽 (健康與醫療)
콧물	[kʰo̞nmuɭ]	[kʰo̞nmuɭ]	[[kʰo̞nmuɭ]] 流鼻水 (健康與醫療)
알레르기	[a̠ɭɭe̞ɾɯɡi]	[a̠ɭɭe̞ɾɯɡi]	[[a̠ɭɭe̞ɾɯɡi]] 過敏 (健康與醫療)
구급차	[ˈku(ː)ɡɯp̚t͡ɕʰa̠]	[ˈku(ː)ɡɯp̚t͡ɕʰa̠]	[[ˈku(ː)ɡɯp̚t͡ɕʰa̠]] 救護車 (健康與醫療)
비타민	[pitʰa̠min]	[pitʰa̠min]	[[pitʰa̠min]] 維他命 (健康與醫療)
다이어트	[ta̠iʌ̹tʰɯ]	[ta̠iʌ̹tʰɯ]	[[ta̠iʌ̹tʰɯ]] 減肥飲食 (健康與醫療)
혈액형	[çʌ̹ɾɛcçʌ̹ŋ]	[çʌ̹ɾɛcçʌ̹ŋ]	[[çʌ̹ɾɛcçʌ̹ŋ]] 血型 (健康與醫療)
엑스레이	[e̞ks͈ɯɾe̞i]	[e̞ks͈ɯɾe̞i]	[[e̞ks͈ɯɾe̞i]] X光 (健康與醫療)
깁스	[kips͈ɯ]	[kips͈ɯ]	[[kips͈ɯ]] 石膏（醫療） (健康與醫療)
붕대	[puŋdɛ]	[puŋdɛ]	[[puŋdɛ]] 繃帶 (健康與醫療)
반창고	[pa̠ɲt͡ɕʰa̠ŋɡo̞]	[pa̠ɲt͡ɕʰa̠ŋɡo̞]	[[pa̠ɲt͡ɕʰa̠ŋɡo̞]] OK繃 (健康與醫療)
진통제	[t͡ɕintʰo̞ŋd͡ʑe̞]	[t͡ɕintʰo̞ŋd͡ʑe̞]	[[t͡ɕintʰo̞ŋd͡ʑe̞]] 止痛藥 (健康與醫療)
감기	[ˈka̠(ː)mɡi]	[ˈka̠(ː)mɡi]	[[ˈka̠(ː)mɡi]] 感冒/流感 (健康與醫療)
설사	[sʰʌ̹ɭsʰa̠]	[sʰʌ̹ɭsʰa̠]	[[sʰʌ̹ɭsʰa̠]] Diarrhea (Health & Medical)
어지럽다	[ʌ̹d͡ʑiɾʌ̹p̚t͈a̠]	[ʌ̹d͡ʑiɾʌ̹p̚t͈a̠]	[[ʌ̹d͡ʑiɾʌ̹p̚t͈a̠]] Dizzy (Health & Medical)
치과	[t͡ɕʰik͈wa̠]	[t͡ɕʰik͈wa̠]	[[t͡ɕʰik͈wa̠]] Dentist (Health & Medical)
치통	[t͡ɕʰitʰo̞ŋ]	[t͡ɕʰitʰo̞ŋ]	[[t͡ɕʰitʰo̞ŋ]] Toothache (Health & Medical)
체온계	[t͡ɕʰe̞o̞nɡje̞]	[t͡ɕʰe̞o̞nɡje̞]	[[t͡ɕʰe̞o̞nɡje̞]] Thermometer (Health & Medical)
청진기	[t͡ɕʰʌ̹ŋd͡ʑinɡi]	[t͡ɕʰʌ̹ŋd͡ʑinɡi]	[[t͡ɕʰʌ̹ŋd͡ʑinɡi]] Stethoscope (Health & Medical)
주사기	[ˈt͡ɕu(ː)sʰa̠ɡi]	[ˈt͡ɕu(ː)sʰa̠ɡi]	[[ˈt͡ɕu(ː)sʰa̠ɡi]] Syringe (Health & Medical)
휠체어	[hɥiʎt͡ɕʰe̞ʌ̹]	[hɥiʎt͡ɕʰe̞ʌ̹]	[[hɥiʎt͡ɕʰe̞ʌ̹]] Wheelchair (Health & Medical)
목발	[mo̞k̚p͈a̠ɭ]	[mo̞k̚p͈a̠ɭ]	[[mo̞k̚p͈a̠ɭ]] Crutches (Health & Medical)
치료	[t͡ɕʰiɾjo]	[t͡ɕʰiɾjo]	[[t͡ɕʰiɾjo]] 治療 (健康與醫療)
삠			扭傷 (健康與醫療)
멍	[mʌ̹ŋ]	[mʌ̹ŋ]	[[mʌ̹ŋ]] 瘀傷 (健康與醫療)
연고	[ˈjɘ(ː)nɡo̞]	[ˈjɘ(ː)nɡo̞]	[[ˈjɘ(ː)nɡo̞]] 藥膏 (健康與醫療)
증상	[t͡ɕɯŋsʰa̠ŋ]	[t͡ɕɯŋsʰa̠ŋ]	[[t͡ɕɯŋsʰa̠ŋ]] 症狀 (健康與醫療)
대기실	[ˈtɛ(ː)ɡiɕʰiɭ]	[ˈtɛ(ː)ɡiɕʰiɭ]	[[ˈtɛ(ː)ɡiɕʰiɭ]] 候診室 (健康與醫療)
의사	[ɰisʰa̠]	[ɰisʰa̠]	[[ɰisʰa̠]] 醫生 (健康與醫療)
간호사	[ka̠nβo̞sʰa̠]	[ka̠nβo̞sʰa̠]	[[ka̠nβo̞sʰa̠]] 護士 (健康與醫療)
환자	[ˈɸwa̠(ː)ɲd͡ʑa̠]	[ˈɸwa̠(ː)ɲd͡ʑa̠]	[[ˈɸwa̠(ː)ɲd͡ʑa̠]] Patient (Health & Medical)
세뱃돈	[ˈsʰe̞(ː)bɛt̚t͈o̞n]	[ˈsʰe̞(ː)bɛt̚t͈o̞n]	[[ˈsʰe̞(ː)bɛt̚t͈o̞n]] 新年紅包 (節日與慶典)
어린이날	[ʌ̹ɾinina̠ɭ]	[ʌ̹ɾinina̠ɭ]	[[ʌ̹ɾinina̠ɭ]] 兒童節 (節日與慶典)
어버이날			父母節 (節日與慶典)
크리스마스	[kxɯɾisʰɯma̠sʰɯ]	[kxɯɾisʰɯma̠sʰɯ]	[[kxɯɾisʰɯma̠sʰɯ]] 聖誕節 (節日與慶典)
카네이션			康乃馨 (節日與慶典)
불꽃놀이	[puɭk͈o̞nno̞ɾi]	[puɭk͈o̞nno̞ɾi]	[[puɭk͈o̞nno̞ɾi]] Fireworks (Holidays & Festivals)
등불	[tɯŋp͈uɭ]	[tɯŋp͈uɭ]	[[tɯŋp͈uɭ]] Lantern (Holidays & Festivals)
보름달	[po̞ɾɯmt͈a̠ɭ]	[po̞ɾɯmt͈a̠ɭ]	[[po̞ɾɯmt͈a̠ɭ]] Full Moon (Holidays & Festivals)
윷놀이	[ˈju(ː)nno̞ɾi]	[ˈju(ː)nno̞ɾi]	[[ˈju(ː)nno̞ɾi]] Yutnori (Traditional Board Game) (Holidays & Festivals)
태극기	[tʰɛɡɯk̚k͈i]	[tʰɛɡɯk̚k͈i]	[[tʰɛɡɯk̚k͈i]] Korean National Flag (Holidays & Festivals)
세배	[ˈsʰe̞(ː)bɛ]	[ˈsʰe̞(ː)bɛ]	[[ˈsʰe̞(ː)bɛ]] Yebae (Respectful Bow) (Holidays & Festivals)
전	[t͡ɕʌ̹n]	[t͡ɕʌ̹n]	[[t͡ɕʌ̹n]] Jeon (Korean Pancake) (Holidays & Festivals)
졸업식	[t͡ɕo̞ɾʌ̹pɕ͈ik̚]	[t͡ɕo̞ɾʌ̹pɕ͈ik̚]	[[t͡ɕo̞ɾʌ̹pɕ͈ik̚]] 畢業典禮 (節日與慶典)
결혼기념일			結婚紀念日 (節日與慶典)
국경일	[kuk̚k͈jʌ̹ŋiɭ]	[kuk̚k͈jʌ̹ŋiɭ]	[[kuk̚k͈jʌ̹ŋiɭ]] 國定假日 (節日與慶典)
공휴일	[ko̞ŋʝuiɭ]	[ko̞ŋʝuiɭ]	[[ko̞ŋʝuiɭ]] 公眾假期 (節日與慶典)
지하철역	[t͡ɕiɦa̠t͡ɕʰʌ̹ɾjʌ̹k̚]	[t͡ɕiɦa̠t͡ɕʰʌ̹ɾjʌ̹k̚]	[[t͡ɕiɦa̠t͡ɕʰʌ̹ɾjʌ̹k̚]] 地鐵站 (交通)
비행기	[piɦɛŋɡi]	[piɦɛŋɡi]	[[piɦɛŋɡi]] 飛機 (交通)
자동차	[t͡ɕa̠do̞ŋt͡ɕʰa̠]	[t͡ɕa̠do̞ŋt͡ɕʰa̠]	[[t͡ɕa̠do̞ŋt͡ɕʰa̠]] 汽車 (交通)
주차장	[ˈt͡ɕu(ː)t͡ɕʰa̠d͡ʑa̠ŋ]	[ˈt͡ɕu(ː)t͡ɕʰa̠d͡ʑa̠ŋ]	[[ˈt͡ɕu(ː)t͡ɕʰa̠d͡ʑa̠ŋ]] 停車場 (交通)
주유소	[ˈt͡ɕu(ː)jusʰo̞]	[ˈt͡ɕu(ː)jusʰo̞]	[[ˈt͡ɕu(ː)jusʰo̞]] 加油站 (交通)
횡단보도	[ɸwe̞ŋda̠nbo̞do̞]	[ɸwe̞ŋda̠nbo̞do̞]	[[ɸwe̞ŋda̠nbo̞do̞]] 人行橫道 (交通)
신호등	[ˈɕʰi(ː)nβo̞dɯŋ]	[ˈɕʰi(ː)nβo̞dɯŋ]	[[ˈɕʰi(ː)nβo̞dɯŋ]] 交通號誌 (交通)
인도	[indo̞]	[indo̞]	[[indo̞]] Sidewalk (Transportation)
오토바이	[o̞tʰo̞ba̠i]	[o̞tʰo̞ba̠i]	[[o̞tʰo̞ba̠i]] Scooter (Transportation)
안전벨트	[a̠ɲd͡ʑʌ̹nbe̞ɭtʰɯ]	[a̠ɲd͡ʑʌ̹nbe̞ɭtʰɯ]	[[a̠ɲd͡ʑʌ̹nbe̞ɭtʰɯ]] Seatbelt (Transportation)
내비게이션	[nɛbiɡe̞iɕʰʌ̹n]	[nɛbiɡe̞iɕʰʌ̹n]	[[nɛbiɡe̞iɕʰʌ̹n]] GPS Navigation (Transportation)
고속버스	[ko̞sʰo̞k̚p͈ʌ̹sʰɯ]	[ko̞sʰo̞k̚p͈ʌ̹sʰɯ]	[[ko̞sʰo̞k̚p͈ʌ̹sʰɯ]] Express Bus (Transportation)
카카오택시			Taxi App (Transportation)
출발	[t͡ɕʰuɭba̠ɭ]	[t͡ɕʰuɭba̠ɭ]	[[t͡ɕʰuɭba̠ɭ]] Departure (Transportation)
도착	[ˈto̞(ː)t͡ɕʰa̠k̚]	[ˈto̞(ː)t͡ɕʰa̠k̚]	[[ˈto̞(ː)t͡ɕʰa̠k̚]] Arrival (Transportation)
방향	[pa̠ŋʝa̠ŋ]	[pa̠ŋʝa̠ŋ]	[[pa̠ŋʝa̠ŋ]] Direction (Transportation)
좌회전	[ˈt͡ɕwa̠(ː)βwe̞d͡ʑʌ̹n]	[ˈt͡ɕwa̠(ː)βwe̞d͡ʑʌ̹n]	[[ˈt͡ɕwa̠(ː)βwe̞d͡ʑʌ̹n]] Turn Left (Transportation)
유턴	[jutʰʌ̹n]	[jutʰʌ̹n]	[[jutʰʌ̹n]] U-Turn (Transportation)
버스카드			Bus Card (Transportation)
육교	[juk̚k͈jo]	[juk̚k͈jo]	[[juk̚k͈jo]] Overpass (Transportation)
터널	[tʰʌ̹nʌ̹ɭ]	[tʰʌ̹nʌ̹ɭ]	[[tʰʌ̹nʌ̹ɭ]] Tunnel (Transportation)
도로	[ˈto̞(ː)ɾo̞]	[ˈto̞(ː)ɾo̞]	[[ˈto̞(ː)ɾo̞]] Road (Transportation)
승객	[sʰɯŋɡɛk̚]	[sʰɯŋɡɛk̚]	[[sʰɯŋɡɛk̚]] Passenger (Transportation)
운전기사	[ˈu(ː)ɲd͡ʑʌ̹nɡisʰa̠]	[ˈu(ː)ɲd͡ʑʌ̹nɡisʰa̠]	[[ˈu(ː)ɲd͡ʑʌ̹nɡisʰa̠]] Driver (Transportation)
연료	[jʌ̹ʎʎo]	[jʌ̹ʎʎo]	[[jʌ̹ʎʎo]] Fuel (Transportation)
타이어	[tʰa̠iʌ̹]	[tʰa̠iʌ̹]	[[tʰa̠iʌ̹]] Tire (Transportation)
펑크	[pʰʌ̹ŋkxɯ]	[pʰʌ̹ŋkxɯ]	[[pʰʌ̹ŋkxɯ]] Flat Tire (Transportation)
핸들	[hɛndɯɭ]	[hɛndɯɭ]	[[hɛndɯɭ]] Steering Wheel (Transportation)
브레이크	[pɯɾe̞ikxɯ]	[pɯɾe̞ikxɯ]	[[pɯɾe̞ikxɯ]] Brake (Transportation)
트렁크	[tʰɯɾʌ̹ŋkxɯ]	[tʰɯɾʌ̹ŋkxɯ]	[[tʰɯɾʌ̹ŋkxɯ]] Car Trunk (Transportation)
경적	[kjʌ̹ŋd͡ʑʌ̹k̚]	[kjʌ̹ŋd͡ʑʌ̹k̚]	[[kjʌ̹ŋd͡ʑʌ̹k̚]] 汽車喇叭 (交通)
세차	[ˈsʰe̞(ː)t͡ɕʰa̠]	[ˈsʰe̞(ː)t͡ɕʰa̠]	[[ˈsʰe̞(ː)t͡ɕʰa̠]] 洗車 (交通)
좌석	[t͡ɕwa̠sʰʌ̹k̚]	[t͡ɕwa̠sʰʌ̹k̚]	[[t͡ɕwa̠sʰʌ̹k̚]] 座位 (交通)
막차	[ma̠k̚t͡ɕʰa̠]	[ma̠k̚t͡ɕʰa̠]	[[ma̠k̚t͡ɕʰa̠]] 末班車 (交通)
셔틀버스			接駁車 (交通)
왕복표			來回票 (交通)
스킨케어			護膚 (美容護膚)
토너			爽膚水 (美容護膚)
시트마스크			面膜 (美容護膚)
아이라이너			Eyeliner (美容與護膚)
마스카라	[ma̠sʰɯkʰa̠ɾa̠]	[ma̠sʰɯkʰa̠ɾa̠]	[[ma̠sʰɯkʰa̠ɾa̠]] Mascara (美容與護膚)
아이섀도			Eyeshadow (美容與護膚)
블러셔	[pɯɭɭʌ̹ɕʰʌ̹]	[pɯɭɭʌ̹ɕʰʌ̹]	[[pɯɭɭʌ̹ɕʰʌ̹]] Blusher (美容與護膚)
파운데이션	[pʰa̠unde̞iɕʰʌ̹n]	[pʰa̠unde̞iɕʰʌ̹n]	[[pʰa̠unde̞iɕʰʌ̹n]] 粉底 (Beauty & Skincare)
여드름	[jʌ̹dɯɾɯm]	[jʌ̹dɯɾɯm]	[[jʌ̹dɯɾɯm]] 痘痘 (Beauty & Skincare)
다크서클	[ta̠kxɯs͈ʌ̹kxɯɭ]	[ta̠kxɯs͈ʌ̹kxɯɭ]	[[ta̠kxɯs͈ʌ̹kxɯɭ]] 黑眼圈 (美容與肌膚保養)
미용실	[ˈmi(ː)joŋɕʰiɭ]	[ˈmi(ː)joŋɕʰiɭ]	[[ˈmi(ː)joŋɕʰiɭ]] 美容院 (美容與肌膚保養)
염색	[ˈjɘ(ː)msʰɛk̚]	[ˈjɘ(ː)msʰɛk̚]	[[ˈjɘ(ː)msʰɛk̚]] 髮色 (美容與肌膚保養)
파마	[pʰa̠ma̠]	[pʰa̠ma̠]	[[pʰa̠ma̠]] 燙髮 (美容與肌膚保養)
네일아트			美甲 (美容與肌膚保養)
스파			水療中心 (美容與肌膚保養)
향수	[ça̠ŋsʰu]	[ça̠ŋsʰu]	[[ça̠ŋsʰu]] 香水 (美容與肌膚保養)
바디로션			身體乳液 (美容與肌膚保養)
클렌징폼			潔面泡沫 (美容與肌膚保養)
립글로스			唇蜜 (美容與肌膚保養)
립스틱	[ɾips͈ɯtʰik̚]	[ɾips͈ɯtʰik̚]	[[ɾips͈ɯtʰik̚]] 口紅 (美容與肌膚保養)
컨실러			遮瑕膏 (美容與肌膚保養)
독서	[to̞ks͈ʌ̹]	[to̞ks͈ʌ̹]	[[to̞ks͈ʌ̹]] 閱讀 (休閒活動)
요리	[joɾi]	[joɾi]	[[joɾi]] 烹飪（作為休閒活動） (休閒活動)
낚시	[na̠kɕ͈i]	[na̠kɕ͈i]	[[na̠kɕ͈i]] 釣魚 (休閒與愛好)
춤	[t͡ɕʰum]	[t͡ɕʰum]	[[t͡ɕʰum]] 跳舞 (休閒與愛好)
명상	[ˈmjɘ(ː)ŋsʰa̠ŋ]	[ˈmjɘ(ː)ŋsʰa̠ŋ]	[[ˈmjɘ(ː)ŋsʰa̠ŋ]] 冥想 (休閒與愛好)
수집	[sʰud͡ʑip̚]	[sʰud͡ʑip̚]	[[sʰud͡ʑip̚]] Collecting (嗜好與休閒)
종이접기	[t͡ɕo̞ŋid͡ʑʌ̹p̚k͈i]	[t͡ɕo̞ŋid͡ʑʌ̹p̚k͈i]	[[t͡ɕo̞ŋid͡ʑʌ̹p̚k͈i]] Origami (嗜好與休閒)
여행	[jʌ̹ɦɛŋ]	[jʌ̹ɦɛŋ]	[[jʌ̹ɦɛŋ]] Traveling (嗜好與休閒)
방탈출			Escape Room (嗜好與休閒)
퍼즐	[pʰʌ̹d͡ʑɯɭ]	[pʰʌ̹d͡ʑɯɭ]	[[pʰʌ̹d͡ʑɯɭ]] Puzzle (嗜好與休閒)
스크랩북			剪貼簿 (嗜好與休閒)
피크닉	[pʰikxɯnik̚]	[pʰikxɯnik̚]	[[pʰikxɯnik̚]] 野餐 (嗜好與休閒)
반려식물			室內植物 (嗜好與休閒)
볼링	[po̞ʎʎiŋ]	[po̞ʎʎiŋ]	[[po̞ʎʎiŋ]] 保齡球 (嗜好與休閒)
공예	[ko̞ŋje̞]	[ko̞ŋje̞]	[[ko̞ŋje̞]] 手工藝品 (嗜好與休閒)
꽃구경			賞花 (嗜好與休閒)
레고			樂高積木 (嗜好與休閒)
휴식	[çuɕʰik̚]	[çuɕʰik̚]	[[çuɕʰik̚]] 放鬆 (嗜好與休閒)
줄넘기	[t͡ɕuɭɭʌ̹mk͈i]	[t͡ɕuɭɭʌ̹mk͈i]	[[t͡ɕuɭɭʌ̹mk͈i]] 跳繩 (嗜好與休閒)
판박이			Spitting Image (Idioms & Proverbs)
지름길	[t͡ɕiɾɯmk͈iɭ]	[t͡ɕiɾɯmk͈iɭ]	[[t͡ɕiɾɯmk͈iɭ]] Take a Shortcut (Idioms & Proverbs)
포기하다	[ˈpʰo̞(ː)ɡiɦa̠da̠]	[ˈpʰo̞(ː)ɡiɦa̠da̠]	[[ˈpʰo̞(ː)ɡiɦa̠da̠]] Throw in the Towel (Idioms & Proverbs)
불확실하다			Up in the Air (Idioms & Proverbs)
장단점	[t͡ɕa̠ŋda̠ɲt͡ɕ͈ʌ̹m]	[t͡ɕa̠ŋda̠ɲt͡ɕ͈ʌ̹m]	[[t͡ɕa̠ŋda̠ɲt͡ɕ͈ʌ̹m]] Pros and Cons (Idioms & Proverbs)
의자	[ɰid͡ʑa̠]	[ɰid͡ʑa̠]	[[ɰid͡ʑa̠]] 椅子 (居家與家具)
침대	[ˈt͡ɕʰi(ː)mdɛ]	[ˈt͡ɕʰi(ː)mdɛ]	[[ˈt͡ɕʰi(ː)mdɛ]] 床 (居家與家具)
테이블	[tʰe̞ibɯɭ]	[tʰe̞ibɯɭ]	[[tʰe̞ibɯɭ]] 桌子 (居家與家具)
커튼	[kʰʌ̹tʰɯn]	[kʰʌ̹tʰɯn]	[[kʰʌ̹tʰɯn]] 窗簾 (家居與家具)
램프	[ɾɛmpʰɯ]	[ɾɛmpʰɯ]	[[ɾɛmpʰɯ]] 燈 (家居與家具)
베개	[pe̞ɡɛ]	[pe̞ɡɛ]	[[pe̞ɡɛ]] Pillow (Home & Furniture)
담요	[ˈta̠(ː)mɲo]	[ˈta̠(ː)mɲo]	[[ˈta̠(ː)mɲo]] Blanket (Home & Furniture)
쓰레기통	[s͈ɯɾe̞ɡitʰo̞ŋ]	[s͈ɯɾe̞ɡitʰo̞ŋ]	[[s͈ɯɾe̞ɡitʰo̞ŋ]] Trash Can (Home & Furniture)
매트			地墊 (居家與家具)
싱크대	[ɕʰiŋkxɯdɛ]	[ɕʰiŋkxɯdɛ]	[[ɕʰiŋkxɯdɛ]] 廚房水槽 (居家與家具)
텔레비전	[tʰe̞ɭɭe̞bid͡ʑʌ̹n]	[tʰe̞ɭɭe̞bid͡ʑʌ̹n]	[[tʰe̞ɭɭe̞bid͡ʑʌ̹n]] 電視 (居家與家具)
세탁실	[ˈsʰe̞(ː)tʰa̠kɕ͈iɭ]	[ˈsʰe̞(ː)tʰa̠kɕ͈iɭ]	[[ˈsʰe̞(ː)tʰa̠kɕ͈iɭ]] 洗衣間 (居家與家具)
러그			地毯 (居家與家具)
쇼파			沙發 (居家與家具)
신발장			鞋架 (居家與家具)
액자	[ɛk̚t͡ɕ͈a̠]	[ɛk̚t͡ɕ͈a̠]	[[ɛk̚t͡ɕ͈a̠]] 相框 (居家與家具)
천장	[t͡ɕʰʌ̹ɲd͡ʑa̠ŋ]	[t͡ɕʰʌ̹ɲd͡ʑa̠ŋ]	[[t͡ɕʰʌ̹ɲd͡ʑa̠ŋ]] 天花板 (居家與家具)
벽	[pjʌ̹k̚]	[pjʌ̹k̚]	[[pjʌ̹k̚]] 牆壁 (居家與家具)
바닥	[pɐdɐk̚]	[pɐdɐk̚]	[[pɐdɐk̚]] 地板 (居家與家具)
옷걸이	[o̞t̚k͈ʌ̹ɾi]	[o̞t̚k͈ʌ̹ɾi]	[[o̞t̚k͈ʌ̹ɾi]] 衣架 (居家與家具)
가전제품	[ka̠d͡ʑʌ̹ɲd͡ʑe̞(ː)pʰum]	[ka̠d͡ʑʌ̹ɲd͡ʑe̞(ː)pʰum]	[[ka̠d͡ʑʌ̹ɲd͡ʑe̞(ː)pʰum]] 家用電器 (居家與家具)
청소	[t͡ɕʰʌ̹ŋsʰo̞]	[t͡ɕʰʌ̹ŋsʰo̞]	[[t͡ɕʰʌ̹ŋsʰo̞]] 居家清潔 (居家與家具)
가구	[ka̠ɡu]	[ka̠ɡu]	[[ka̠ɡu]] 家具 (居家與家具)
수납함			收納箱 (居家與家具)
창고	[t͡ɕʰa̠ŋɡo̞]	[t͡ɕʰa̠ŋɡo̞]	[[t͡ɕʰa̠ŋɡo̞]] 儲藏室 (居家與家具)
옥상	[o̞ks͈a̠ŋ]	[o̞ks͈a̠ŋ]	[[o̞ks͈a̠ŋ]] 屋頂 (居家與家具)
지하	[t͡ɕiɦa̠]	[t͡ɕiɦa̠]	[[t͡ɕiɦa̠]] 地下室 (居家與家具)
화장대	[ɸwa̠d͡ʑa̠ŋdɛ]	[ɸwa̠d͡ʑa̠ŋdɛ]	[[ɸwa̠d͡ʑa̠ŋdɛ]] 梳妝台 (居家與家具)
독서등			閱讀燈 (居家與家具)
해먹			吊床 (居家與家具)
토스터	[tʰo̞sʰɯtʰʌ̹]	[tʰo̞sʰɯtʰʌ̹]	[[tʰo̞sʰɯtʰʌ̹]] 烤麵包機 (居家與家具)
프라이팬	[pʰɯɾa̠ipʰɛn]	[pʰɯɾa̠ipʰɛn]	[[pʰɯɾa̠ipʰɛn]] 煎鍋 (居家與家具)
숟가락	[sʰut̚k͈a̠ɾa̠k̚]	[sʰut̚k͈a̠ɾa̠k̚]	[[sʰut̚k͈a̠ɾa̠k̚]] 湯匙 (居家與家具)
매트리스	[mɛtʰɯɾis͈ɯ]	[mɛtʰɯɾis͈ɯ]	[[mɛtʰɯɾis͈ɯ]] 床墊 (居家與家具)
캐비닛			櫥櫃 (居家與家具)
게임기	[k͈e̞imɡi]	[k͈e̞imɡi]	[[k͈e̞imɡi]] 遊戲機 (居家與家具)
정수기	[t͡ɕʌ̹ŋsʰuɡi]	[t͡ɕʌ̹ŋsʰuɡi]	[[t͡ɕʌ̹ŋsʰuɡi]] 淨水器 (居家與家具)
빨랫줄	[p͈a̠ɭɭɛt̚t͡ɕ͈uɭ]	[p͈a̠ɭɭɛt̚t͡ɕ͈uɭ]	[[p͈a̠ɭɭɛt̚t͡ɕ͈uɭ]] 晾衣繩 (居家與家具)
옷걸이대			衣帽架 (居家與家具)
약장			藥櫃 (居家與家具)
공유기			網路路由器 (居家與家具)
대야	[tɛja̠]	[tɛja̠]	[[tɛja̠]] 臉盆 (居家與家具)
블라인드	[pɯɭɭa̠indɯ]	[pɯɭɭa̠indɯ]	[[pɯɭɭa̠indɯ]] 窗簾 (居家與家具)
정원	[t͡ɕʌ̹ŋwʌ̹n]	[t͡ɕʌ̹ŋwʌ̹n]	[[t͡ɕʌ̹ŋwʌ̹n]] 花園 (居家與家具)
커터칼	[kʰʌ̹tʰʌ̹kʰa̠ɭ]	[kʰʌ̹tʰʌ̹kʰa̠ɭ]	[[kʰʌ̹tʰʌ̹kʰa̠ɭ]] 美工刀 (居家與家具)
패션	[pʰɛɕʰʌ̹n]	[pʰɛɕʰʌ̹n]	[[pʰɛɕʰʌ̹n]] 時尚 (時尚與風格)
스타일	[sʰɯtʰa̠iɭ]	[sʰɯtʰa̠iɭ]	[[sʰɯtʰa̠iɭ]] 風格 (時尚與風格)
옷차림	[o̞t̚t͡ɕʰa̠ɾim]	[o̞t̚t͡ɕʰa̠ɾim]	[[o̞t̚t͡ɕʰa̠ɾim]] 服裝搭配 (時尚與風格)
안경	[ˈa̠(ː)nɡjʌ̹ŋ]	[ˈa̠(ː)nɡjʌ̹ŋ]	[[ˈa̠(ː)nɡjʌ̹ŋ]] 眼鏡 (服裝與時尚)
구두	[kudu]	[kudu]	[[kudu]] 正裝鞋 (時尚與風格)
쥬얼리			珠寶飾品 (時尚與風格)
오버사이즈			Oversized (Fashion & Style)
꽃무늬			Floral (Fashion & Style)
쇼핑몰	[ɕʰopʰiŋmo̞ɭ]	[ɕʰopʰiŋmo̞ɭ]	[[ɕʰopʰiŋmo̞ɭ]] Shopping Mall (Fashion & Style)
버킷햇			Bucket Hat (時尚與風格)
홈웨어			Loungewear (時尚與風格)
아우터			Outerwear (時尚與風格)
폴라넥			Polo Neck (Turtleneck) (時尚與風格)
니트웨어			Knitwear (時尚與風格)
홀터탑			Halter Top (時尚與風格)
버킷백			Bucket Bag (時尚與風格)
힙색			Fanny Pack (時尚與風格)
트렌디한			Trendy (Fashion & Style)
환경	[ɸwa̠nɡjʌ̹ŋ]	[ɸwa̠nɡjʌ̹ŋ]	[[ɸwa̠nɡjʌ̹ŋ]] 環境 (環境)
자연	[t͡ɕa̠jʌ̹n]	[t͡ɕa̠jʌ̹n]	[[t͡ɕa̠jʌ̹n]] 自然 (環境)
친환경	[t͡ɕʰinβwa̠nɡjʌ̹ŋ]	[t͡ɕʰinβwa̠nɡjʌ̹ŋ]	[[t͡ɕʰinβwa̠nɡjʌ̹ŋ]] 環保 (環境)
텀블러			可重複使用杯子 (環境)
산소	[sʰa̠nsʰo̞]	[sʰa̠nsʰo̞]	[[sʰa̠nsʰo̞]] Oxygen (Environment)
왕	[wa̠ŋ]	[wa̠ŋ]	[[wa̠ŋ]] 王 (韓國歷史)
경복궁	[kjʌ̹ŋbo̞k̚k͈uŋ]	[kjʌ̹ŋbo̞k̚k͈uŋ]	[[kjʌ̹ŋbo̞k̚k͈uŋ]] 景福宮 (韓國歷史)
광화문	[kwa̠ŋβwa̠mun]	[kwa̠ŋβwa̠mun]	[[kwa̠ŋβwa̠mun]] 光化門 (韓國歷史)
남대문			南大門 (崇禮門) (韓國歷史)
대통령	[ˈtɛ(ː)tʰo̞ŋɲʌ̹ŋ]	[ˈtɛ(ː)tʰo̞ŋɲʌ̹ŋ]	[[ˈtɛ(ː)tʰo̞ŋɲʌ̹ŋ]] 總統 (法律與政府)
선거	[ˈsʰɘ(ː)nɡʌ̹]	[ˈsʰɘ(ː)nɡʌ̹]	[[ˈsʰɘ(ː)nɡʌ̹]] 選舉 (法律與政府)
투표	[tʰupʰjo]	[tʰupʰjo]	[[tʰupʰjo]] 投票 (法律與政府)
변호사	[ˈpjɘ(ː)nβo̞sʰa̠]	[ˈpjɘ(ː)nβo̞sʰa̠]	[[ˈpjɘ(ː)nβo̞sʰa̠]] 律師 (法律與政府)
범죄	[ˈpɘ(ː)md͡ʑwe̞]	[ˈpɘ(ː)md͡ʑwe̞]	[[ˈpɘ(ː)md͡ʑwe̞]] 犯罪 (法律與政府)
범인	[ˈpɘ(ː)min]	[ˈpɘ(ː)min]	[[ˈpɘ(ː)min]] 罪犯 (法律與政府)
체포	[t͡ɕʰe̞pʰo̞]	[t͡ɕʰe̞pʰo̞]	[[t͡ɕʰe̞pʰo̞]] 逮捕 (法律與政府)
경찰	[ˈkjɘ(ː)ŋt͡ɕʰa̠ɭ]	[ˈkjɘ(ː)ŋt͡ɕʰa̠ɭ]	[[ˈkjɘ(ː)ŋt͡ɕʰa̠ɭ]] 警察 (法律與政府)
절도	[t͡ɕʌ̹ɭt͈o̞]	[t͡ɕʌ̹ɭt͈o̞]	[[t͡ɕʌ̹ɭt͈o̞]] 盜竊 (法律與政府)
비자	[pid͡ʑa̠]	[pid͡ʑa̠]	[[pid͡ʑa̠]] Visa (法律與政府)
주민등록증	[t͡ɕumindɯŋno̞k̚t͡ɕ͈ɯŋ]	[t͡ɕumindɯŋno̞k̚t͡ɕ͈ɯŋ]	[[t͡ɕumindɯŋno̞k̚t͡ɕ͈ɯŋ]] National ID (法律與政府)
스케치	[sʰɯkʰe̞t͡ɕʰi]	[sʰɯkʰe̞t͡ɕʰi]	[[sʰɯkʰe̞t͡ɕʰi]] 素描 (藝術與設計)
유화	[juβwa̠]	[juβwa̠]	[[juβwa̠]] 油畫 (藝術與設計)
아크릴	[a̠kxɯɾiɭ]	[a̠kxɯɾiɭ]	[[a̠kxɯɾiɭ]] 壓克力 (藝術與設計)
캔버스	[kʰɛnbʌ̹sʰɯ]	[kʰɛnbʌ̹sʰɯ]	[[kʰɛnbʌ̹sʰɯ]] 畫布 (藝術與設計)
붓	[put̚]	[put̚]	[[put̚]] 畫筆 (藝術與設計)
팔레트			調色盤 (藝術與設計)
조각	[t͡ɕo̞ɡa̠k̚]	[t͡ɕo̞ɡa̠k̚]	[[t͡ɕo̞ɡa̠k̚]] 雕塑 (藝術與設計)
도자기	[to̞d͡ʑa̠ɡi]	[to̞d͡ʑa̠ɡi]	[[to̞d͡ʑa̠ɡi]] 陶瓷 (藝術與設計)
점토	[t͡ɕʌ̹mtʰo̞]	[t͡ɕʌ̹mtʰo̞]	[[t͡ɕʌ̹mtʰo̞]] Clay (藝術與設計)
가마	[ka̠ma̠]	[ka̠ma̠]	[[ka̠ma̠]] Kiln (藝術與設計)
일러스트레이션	[iɭɭʌ̹sʰɯtʰɯɾe̞iɕʰʌ̹n]	[iɭɭʌ̹sʰɯtʰɯɾe̞iɕʰʌ̹n]	[[iɭɭʌ̹sʰɯtʰɯɾe̞iɕʰʌ̹n]] 插畫 (藝術與設計)
그래피티	[kɯɾɛpʰitʰi]	[kɯɾɛpʰitʰi]	[[kɯɾɛpʰitʰi]] Graffiti (藝術與設計)
벽화	[pjʌ̹kʰwa̠]	[pjʌ̹kʰwa̠]	[[pjʌ̹kʰwa̠]] Mural (藝術與設計)
모자이크	[mo̞d͡ʑa̠ikxɯ]	[mo̞d͡ʑa̠ikxɯ]	[[mo̞d͡ʑa̠ikxɯ]] Mosaic (藝術與設計)
건축	[ˈkɘ(ː)ɲt͡ɕʰuk̚]	[ˈkɘ(ː)ɲt͡ɕʰuk̚]	[[ˈkɘ(ː)ɲt͡ɕʰuk̚]] Architecture (藝術與設計)
다큐멘터리	[ta̠cçume̞ntʰʌ̹ɾi]	[ta̠cçume̞ntʰʌ̹ɾi]	[[ta̠cçume̞ntʰʌ̹ɾi]] Documentary (藝術與設計)
갤러리	[kɛɭɭʌ̹ɾi]	[kɛɭɭʌ̹ɾi]	[[kɛɭɭʌ̹ɾi]] Gallery (藝術與設計)
전시	[ˈt͡ɕɘ(ː)nɕʰi]	[ˈt͡ɕɘ(ː)nɕʰi]	[[ˈt͡ɕɘ(ː)nɕʰi]] Exhibition (藝術與設計)
예술가	[ˈje̞(ː)sʰuɭɡa̠]	[ˈje̞(ː)sʰuɭɡa̠]	[[ˈje̞(ː)sʰuɭɡa̠]] Artist (Art & Design)
디자이너	[tid͡ʑa̠inʌ̹]	[tid͡ʑa̠inʌ̹]	[[tid͡ʑa̠inʌ̹]] Designer (Art & Design)
종교	[t͡ɕo̞ŋɡjo]	[t͡ɕo̞ŋɡjo]	[[t͡ɕo̞ŋɡjo]] 宗教 (宗教)
기독교	[kido̞k̚k͈jo]	[kido̞k̚k͈jo]	[[kido̞k̚k͈jo]] 基督教 (宗教)
가톨릭	[ka̠tʰo̞ʎʎik̚]	[ka̠tʰo̞ʎʎik̚]	[[ka̠tʰo̞ʎʎik̚]] 天主教 (宗教)
개신교	[ˈkɛ(ː)ɕʰinɡjo]	[ˈkɛ(ː)ɕʰinɡjo]	[[ˈkɛ(ː)ɕʰinɡjo]] 新教 (宗教)
이슬람교	[isʰɯɭɭa̠mɡjo]	[isʰɯɭɭa̠mɡjo]	[[isʰɯɭɭa̠mɡjo]] 伊斯蘭教 (宗教)
교회	[ˈkjo(ː)βwe̞]	[ˈkjo(ː)βwe̞]	[[ˈkjo(ː)βwe̞]] 教會 (宗教)
기도	[kido̞]	[kido̞]	[[kido̞]] 祈禱 (宗教)
예배	[je̞bɛ]	[je̞bɛ]	[[je̞bɛ]] Worship (Religion)
성경	[ˈsʰɘ(ː)ŋɡjʌ̹ŋ]	[ˈsʰɘ(ː)ŋɡjʌ̹ŋ]	[[ˈsʰɘ(ː)ŋɡjʌ̹ŋ]] Bible (Religion)
스님	[sʰɯnim]	[sʰɯnim]	[[sʰɯnim]] Monk (Religion)
수녀	[sʰuɲʌ̹]	[sʰuɲʌ̹]	[[sʰuɲʌ̹]] Nun (Religion)
신부	[ɕʰinbu]	[ɕʰinbu]	[[ɕʰinbu]] Priest (Religion)
목사	[mo̞ks͈a̠]	[mo̞ks͈a̠]	[[mo̞ks͈a̠]] Pastor (Religion)
믿음	[midɯm]	[midɯm]	[[midɯm]] 信仰 (宗教)
신념	[ˈɕʰi(ː)nɲʌ̹m]	[ˈɕʰi(ː)nɲʌ̹m]	[[ˈɕʰi(ː)nɲʌ̹m]] 信念 (宗教)
하나님	[ha̠na̠nim]	[ha̠na̠nim]	[[ha̠na̠nim]] 上帝 (宗教)
천국	[t͡ɕʰʌ̹nɡuk̚]	[t͡ɕʰʌ̹nɡuk̚]	[[t͡ɕʰʌ̹nɡuk̚]] 天堂 (宗教)
지옥	[t͡ɕio̞k̚]	[t͡ɕio̞k̚]	[[t͡ɕio̞k̚]] 地獄 (宗教)
촛불	[t͡ɕʰo̞t̚p͈uɭ]	[t͡ɕʰo̞t̚p͈uɭ]	[[t͡ɕʰo̞t̚p͈uɭ]] 蠟燭 (宗教)
축복	[t͡ɕʰuk̚p͈o̞k̚]	[t͡ɕʰuk̚p͈o̞k̚]	[[t͡ɕʰuk̚p͈o̞k̚]] 祝福 (宗教)
찬송가			聖歌 (宗教)
복음	[po̞ɡɯm]	[po̞ɡɯm]	[[po̞ɡɯm]] 福音 (宗教)
초상화	[t͡ɕʰo̞sʰa̠ŋβwa̠]	[t͡ɕʰo̞sʰa̠ŋβwa̠]	[[t͡ɕʰo̞sʰa̠ŋβwa̠]] 肖像畫 (藝術與設計)
정물화	[t͡ɕʌ̹ŋmuɾβwa̠]	[t͡ɕʌ̹ŋmuɾβwa̠]	[[t͡ɕʌ̹ŋmuɾβwa̠]] 靜物畫 (藝術與設計)
파스텔	[pʰa̠sʰɯtʰe̞ɭ]	[pʰa̠sʰɯtʰe̞ɭ]	[[pʰa̠sʰɯtʰe̞ɭ]] 粉彩 (藝術與設計)
콜라주	[kʰo̞ɭɭa̠d͡ʑu]	[kʰo̞ɭɭa̠d͡ʑu]	[[kʰo̞ɭɭa̠d͡ʑu]] 拼貼 (藝術與設計)
스튜디오	[sʰɯtʰjudio̞]	[sʰɯtʰjudio̞]	[[sʰɯtʰjudio̞]] 工作室 (藝術與設計)
입금	[ip̚k͈ɯm]	[ip̚k͈ɯm]	[[ip̚k͈ɯm]] 存款 (金融與銀行)
출금	[t͡ɕʰuɭɡɯm]	[t͡ɕʰuɭɡɯm]	[[t͡ɕʰuɭɡɯm]] 提款 (金融與銀行)
달러	[ta̠ɭɭʌ̹]	[ta̠ɭɭʌ̹]	[[ta̠ɭɭʌ̹]] 美元 (金融與銀行)
부처	[put͡ɕʰʌ̹]	[put͡ɕʰʌ̹]	[[put͡ɕʰʌ̹]] Buddha (Religion)
예수	[je̞sʰu]	[je̞sʰu]	[[je̞sʰu]] Jesus (Religion)
임신	[ˈi(ː)mɕʰin]	[ˈi(ː)mɕʰin]	[[ˈi(ː)mɕʰin]] 懷孕 (育兒與家庭生活)
출산	[t͡ɕʰuɭs͈a̠n]	[t͡ɕʰuɭs͈a̠n]	[[t͡ɕʰuɭs͈a̠n]] 分娩 (育兒與家庭生活)
신생아	[ɕʰinsʰɛŋa̠]	[ɕʰinsʰɛŋa̠]	[[ɕʰinsʰɛŋa̠]] 新生兒 (育兒與家庭生活)
아기	[a̠ɡi]	[a̠ɡi]	[[a̠ɡi]] 嬰兒 (育兒與家庭生活)
유아	[jua̠]	[jua̠]	[[jua̠]] 幼兒 (育兒與家庭生活)
아이	[a̠i]	[a̠i]	[[a̠i]] 小孩 (育兒與家庭生活)
십대	[ɕʰip̚t͈ɛ]	[ɕʰip̚t͈ɛ]	[[ɕʰip̚t͈ɛ]] 青少年 (育兒與家庭生活)
양육			育兒 (育兒與家庭生活)
모성			母親的身份 (eomeoni-ui sinbun) (育兒與家庭生活)
부성			父親的身份 (abeoji-ui sinbun) (育兒與家庭生活)
분유	[puɲu]	[puɲu]	[[puɲu]] 配方奶粉 (pyeong-ga naepul) (育兒與家庭生活)
기저귀	[kid͡ʑʌ̹ɡɥi]	[kid͡ʑʌ̹ɡɥi]	[[kid͡ʑʌ̹ɡɥi]] 尿布 (naebuk) (育兒與家庭生活)
이유식			嬰兒食品 (育兒與家庭生活)
요람	[joɾa̠m]	[joɾa̠m]	[[joɾa̠m]] 嬰兒搖籃 (育兒與家庭生活)
유모차	[jumo̞t͡ɕʰa̠]	[jumo̞t͡ɕʰa̠]	[[jumo̞t͡ɕʰa̠]] 嬰兒推車 (育兒與家庭生活)
아기띠			嬰兒背帶 (育兒與家庭生活)
자장가	[t͡ɕa̠d͡ʑa̠ŋɡa̠]	[t͡ɕa̠d͡ʑa̠ŋɡa̠]	[[t͡ɕa̠d͡ʑa̠ŋɡa̠]] 搖籃曲 (育兒與家庭生活)
어린이집	[ʌ̹ɾinid͡ʑip̚]	[ʌ̹ɾinid͡ʑip̚]	[[ʌ̹ɾinid͡ʑip̚]] 日間托育 (育兒與家庭生活)
용돈	[ˈjo(ː)ŋt͈o̞n]	[ˈjo(ː)ŋt͈o̞n]	[[ˈjo(ː)ŋt͈o̞n]] 零用錢 (育兒與家庭生活)
집안일	[t͡ɕiba̠niɭ]	[t͡ɕiba̠niɭ]	[[t͡ɕiba̠niɭ]] 家事 (育兒與家庭生活)
보상	[ˈpo̞(ː)sʰa̠ŋ]	[ˈpo̞(ː)sʰa̠ŋ]	[[ˈpo̞(ː)sʰa̠ŋ]] 獎勵 (育兒與家庭生活)
외동이			獨生子女 (育兒與家庭生活)
유모	[jumo̞]	[jumo̞]	[[jumo̞]] 保母 (育兒與家庭生活)
수입	[sʰuip̚]	[sʰuip̚]	[[sʰuip̚]] 收入 (金融與銀行)
건물	[ˈkɘ(ː)nmuɭ]	[ˈkɘ(ː)nmuɭ]	[[ˈkɘ(ː)nmuɭ]] 建築物 (建築)
건축가	[ˈkɘ(ː)ɲt͡ɕʰuk̚k͈a̠]	[ˈkɘ(ː)ɲt͡ɕʰuk̚k͈a̠]	[[ˈkɘ(ː)ɲt͡ɕʰuk̚k͈a̠]] 建築師 (建築)
마천루	[ma̠t͡ɕʰʌ̹ɭɭu]	[ma̠t͡ɕʰʌ̹ɭɭu]	[[ma̠t͡ɕʰʌ̹ɭɭu]] 摩天大樓 (建築)
빌라	[piɭɭa̠]	[piɭɭa̠]	[[piɭɭa̠]] 別墅 (建築)
마당	[ma̠da̠ŋ]	[ma̠da̠ŋ]	[[ma̠da̠ŋ]] 庭院 (建築)
콘크리트	[kʰo̞nkxɯɾitʰɯ]	[kʰo̞nkxɯɾitʰɯ]	[[kʰo̞nkxɯɾitʰɯ]] 混凝土 (建築)
철강			鋼鐵 (建築)
리모델링			翻新 (建築)
에스컬레이터	[e̞sʰɯkʰʌ̹ɭɭe̞itʰʌ̹]	[e̞sʰɯkʰʌ̹ɭɭe̞itʰʌ̹]	[[e̞sʰɯkʰʌ̹ɭɭe̞itʰʌ̹]] Escalator (建築)
리조트	[ɾid͡ʑo̞tʰɯ]	[ɾid͡ʑo̞tʰɯ]	[[ɾid͡ʑo̞tʰɯ]] Resort (建築)
울타리	[uɭtʰa̠ɾi]	[uɭtʰa̠ɾi]	[[uɭtʰa̠ɾi]] Fence (建築)
광장	[ˈkwa̠(ː)ŋd͡ʑa̠ŋ]	[ˈkwa̠(ː)ŋd͡ʑa̠ŋ]	[[ˈkwa̠(ː)ŋd͡ʑa̠ŋ]] Plaza (建築)
배관	[ˈpɛ(ː)ɡwa̠n]	[ˈpɛ(ː)ɡwa̠n]	[[ˈpɛ(ː)ɡwa̠n]] 水管工程 (建築)
현미경	[ˈçɘ(ː)nmiɡjʌ̹ŋ]	[ˈçɘ(ː)nmiɡjʌ̹ŋ]	[[ˈçɘ(ː)nmiɡjʌ̹ŋ]] 顯微鏡 (科學與研究)
망원경	[ˈma̠(ː)ŋwʌ̹nɡjʌ̹ŋ]	[ˈma̠(ː)ŋwʌ̹nɡjʌ̹ŋ]	[[ˈma̠(ː)ŋwʌ̹nɡjʌ̹ŋ]] 望遠鏡 (科學與研究)
세포	[ˈsʰe̞(ː)pʰo̞]	[ˈsʰe̞(ː)pʰo̞]	[[ˈsʰe̞(ː)pʰo̞]] 細胞 (科學與研究)
생물학	[sʰɛŋmuɾɦa̠k̚]	[sʰɛŋmuɾɦa̠k̚]	[[sʰɛŋmuɾɦa̠k̚]] 生物學 (科學與研究)
물리학	[muʎʎiɦa̠k̚]	[muʎʎiɦa̠k̚]	[[muʎʎiɦa̠k̚]] 物理學 (科學與研究)
과학자	[kwa̠ɦa̠k̚t͡ɕ͈a̠]	[kwa̠ɦa̠k̚t͡ɕ͈a̠]	[[kwa̠ɦa̠k̚t͡ɕ͈a̠]] 科學家 (科學與研究)
연구자	[ˈjɘ(ː)nɡud͡ʑa̠]	[ˈjɘ(ː)nɡud͡ʑa̠]	[[ˈjɘ(ː)nɡud͡ʑa̠]] 研究員 (科學與研究)
영아			嬰兒 (育兒與家庭生活)
유아원	[jua̠wʌ̹n]	[jua̠wʌ̹n]	[[jua̠wʌ̹n]] 學前班 (育兒與家庭生活)
원룸	[wʌ̹nnum]	[wʌ̹nnum]	[[wʌ̹nnum]] 單間公寓 (建築)
시청	[ˈɕʰi(ː)t͡ɕʰʌ̹ŋ]	[ˈɕʰi(ː)t͡ɕʰʌ̹ŋ]	[[ˈɕʰi(ː)t͡ɕʰʌ̹ŋ]] 市政廳 (建築)
문화센터			文化中心 (建築)
동네	[ˈto̞(ː)ŋne̞]	[ˈto̞(ː)ŋne̞]	[[ˈto̞(ː)ŋne̞]] 鄰里 (建築)
기자	[kid͡ʑa̠]	[kid͡ʑa̠]	[[kid͡ʑa̠]] 記者 (媒體與新聞)
헤드라인			頭條 (媒體與新聞)
방송	[ˈpa̠(ː)ŋsʰo̞ŋ]	[ˈpa̠(ː)ŋsʰo̞ŋ]	[[ˈpa̠(ː)ŋsʰo̞ŋ]] 廣播 (媒體與新聞)
리포터			現場記者 (媒體與新聞)
앵커	[ɛŋkʰʌ̹]	[ɛŋkʰʌ̹]	[[ɛŋkʰʌ̹]] 新聞主播 (媒體與新聞)
미디어	[midiʌ̹]	[midiʌ̹]	[[midiʌ̹]] 媒體 (媒體與新聞)
인터뷰	[intʰʌ̹bju]	[intʰʌ̹bju]	[[intʰʌ̹bju]] 採訪 (媒體與新聞)
속보	[sʰo̞k̚p͈o̞]	[sʰo̞k̚p͈o̞]	[[sʰo̞k̚p͈o̞]] 突發新聞 (媒體與新聞)
방송국	[ˈpa̠(ː)ŋsʰo̞ŋɡuk̚]	[ˈpa̠(ː)ŋsʰo̞ŋɡuk̚]	[[ˈpa̠(ː)ŋsʰo̞ŋɡuk̚]] 廣播電台 (媒體與新聞)
구독	[kudo̞k̚]	[kudo̞k̚]	[[kudo̞k̚]] 訂閱 (媒體與新聞)
리트윗			Retweet (媒體與新聞學)
해시태그	[hɛɕʰitʰɛɡɯ]	[hɛɕʰitʰɛɡɯ]	[[hɛɕʰitʰɛɡɯ]] Hashtag (媒體與新聞學)
신문	[ɕʰinmun]	[ɕʰinmun]	[[ɕʰinmun]] Newspaper (媒體與新聞學)
잡지	[t͡ɕa̠p̚t͡ɕ͈i]	[t͡ɕa̠p̚t͡ɕ͈i]	[[t͡ɕa̠p̚t͡ɕ͈i]] Magazine (媒體與新聞學)
자막	[t͡ɕa̠ma̠k̚]	[t͡ɕa̠ma̠k̚]	[[t͡ɕa̠ma̠k̚]] Caption (媒體與新聞學)
국밥	[kuk̚p͈a̠p̚]	[kuk̚p͈a̠p̚]	[[kuk̚p͈a̠p̚]] 湯飯(Gukbap) (韓式飲食)
탕	[tʰa̠(ː)ŋ]	[tʰa̠(ː)ŋ]	[[tʰa̠(ː)ŋ]] 湯/燉湯(Tang) (韓式飲食)
짜장면	[t͡ɕ͈a̠d͡ʑa̠ŋmjʌ̹n]	[t͡ɕ͈a̠d͡ʑa̠ŋmjʌ̹n]	[[t͡ɕ͈a̠d͡ʑa̠ŋmjʌ̹n]] 炸醬麵(Jjajangmyeon) (韓式飲食)
쌈	[s͈a̠m]	[s͈a̠m]	[[s͈a̠m]] 包飯(Ssam) (韓式飲食)
치맥	[t͡ɕʰimɛk̚]	[t͡ɕʰimɛk̚]	[[t͡ɕʰimɛk̚]] 炸雞啤酒(Chimaek) (韓式飲食)
과자	[kwa̠d͡ʑa̠]	[kwa̠d͡ʑa̠]	[[kwa̠d͡ʑa̠]] 韓式點心 (韓式飲食)
콩나물국			豆芽湯 (Kongnamul Guk) (韓國飲食)
오뎅	[o̞de̞ŋ]	[o̞de̞ŋ]	[[o̞de̞ŋ]] 魚餅 (Odeng) (韓國飲食)
죽	[t͡ɕuk̚]	[t͡ɕuk̚]	[[t͡ɕuk̚]] 粥 (Juk) (韓國飲食)
식초	[ɕʰik̚t͡ɕʰo̞]	[ɕʰik̚t͡ɕʰo̞]	[[ɕʰik̚t͡ɕʰo̞]] 醋 (Shikcho) (韓國飲食)
양파	[ja̠ŋpʰa̠]	[ja̠ŋpʰa̠]	[[ja̠ŋpʰa̠]] 洋蔥 (Yangpa) (韓國飲食)
탕수육	[tʰa̠ŋsʰujuk̚]	[tʰa̠ŋsʰujuk̚]	[[tʰa̠ŋsʰujuk̚]] 糖醋肉 (Tangsuyuk) (韓國飲食)
잡곡밥	[t͡ɕa̠p̚k͈o̞k̚p͈a̠p̚]	[t͡ɕa̠p̚k͈o̞k̚p͈a̠p̚]	[[t͡ɕa̠p̚k͈o̞k̚p͈a̠p̚]] 雜穀飯 (Japgok Bap) (韓國飲食)
어묵탕			魚餅湯 (Eomuk Tang) (韓國飲食)
계란찜	[kje̞ɾa̠ɲt͡ɕ͈im]	[kje̞ɾa̠ɲt͡ɕ͈im]	[[kje̞ɾa̠ɲt͡ɕ͈im]] 蒸蛋 (Gyeran Jjim) (韓國飲食)
매운			辣 (Maeun) (韓國飲食)
된장국	[twe̞ɲd͡ʑa̠ŋɡuk̚]	[twe̞ɲd͡ʑa̠ŋɡuk̚]	[[twe̞ɲd͡ʑa̠ŋɡuk̚]] 大醬湯 (Doenjang Guk) (韓國飲食)
보리밥	[po̞ɾiba̠p̚]	[po̞ɾiba̠p̚]	[[po̞ɾiba̠p̚]] Boribap (韓國飲食文化)
생맥주			Draft Beer (韓國飲食文化)
두유	[tuju]	[tuju]	[[tuju]] Soy Milk (韓國飲食文化)
국수	[kuks͈u]	[kuks͈u]	[[kuks͈u]] Noodles (韓國飲食文化)
붕어빵	[puŋʌ̹p͈a̠ŋ]	[puŋʌ̹p͈a̠ŋ]	[[puŋʌ̹p͈a̠ŋ]] Bungeoppang (韓國飲食文化)
팥빙수	[pʰa̠t̚p͈iŋsʰu]	[pʰa̠t̚p͈iŋsʰu]	[[pʰa̠t̚p͈iŋsʰu]] Patbingsu (韓國飲食文化)
생선구이	[sʰɛŋsʰʌ̹nɡui]	[sʰɛŋsʰʌ̹nɡui]	[[sʰɛŋsʰʌ̹nɡui]] Ganjang Gui Fish (韓國飲食文化)
초간장			蔥醬油 (韓國飲食文化)
쌈무	[s͈a̠mmu]	[s͈a̠mmu]	[[s͈a̠mmu]] 包飯蘿蔔 (韓國飲食文化)
김	[ki(ː)m]	[ki(ː)m]	[[ki(ː)m]] 海苔 (韓國飲食文化)
무국			蘿蔔湯 (韓國飲食文化)
볶음밥	[po̞k͈ɯmba̠p̚]	[po̞k͈ɯmba̠p̚]	[[po̞k͈ɯmba̠p̚]] 炒飯 (韓國飲食文化)
소고기국			牛肉湯 (韓國飲食文化)
어묵볶음			炒魚糕 (韓國飲食文化)
녹차	[no̞k̚t͡ɕʰa̠]	[no̞k̚t͡ɕʰa̠]	[[no̞k̚t͡ɕʰa̠]] 綠茶 (韓國飲食文化)
불안	[puɾa̠n]	[puɾa̠n]	[[puɾa̠n]] 焦慮 (心理健康與身心保健)
상담	[sʰa̠ŋda̠m]	[sʰa̠ŋda̠m]	[[sʰa̠ŋda̠m]] 諮商 (心理健康與身心保健)
웰빙	[we̞ɭbiŋ]	[we̞ɭbiŋ]	[[we̞ɭbiŋ]] 健康幸福(Well-being) (心理健康與身心保健)
행복	[ˈhɛ(ː)ŋbo̞k̚]	[ˈhɛ(ː)ŋbo̞k̚]	[[ˈhɛ(ː)ŋbo̞k̚]] 幸福 (心理健康與身心保健)
힐링	[çiʎʎiŋ]	[çiʎʎiŋ]	[[çiʎʎiŋ]] 療癒 (心理健康與保健)
분노	[ˈpu(ː)nno̞]	[ˈpu(ː)nno̞]	[[ˈpu(ː)nno̞]] 憤怒 (心理健康與保健)
두려움	[tuɾjʌ̹um]	[tuɾjʌ̹um]	[[tuɾjʌ̹um]] 恐懼 (心理健康與保健)
걱정	[kʌ̹k̚t͡ɕ͈ʌ̹ŋ]	[kʌ̹k̚t͡ɕ͈ʌ̹ŋ]	[[kʌ̹k̚t͡ɕ͈ʌ̹ŋ]] 擔憂 (心理健康與保健)
희망	[çima̠ŋ]	[çima̠ŋ]	[[çima̠ŋ]] 希望 (心理健康與保健)
감정	[ˈka̠(ː)md͡ʑʌ̹ŋ]	[ˈka̠(ː)md͡ʑʌ̹ŋ]	[[ˈka̠(ː)md͡ʑʌ̹ŋ]] 情緒 (心理健康與保健)
인내	[innɛ]	[innɛ]	[[innɛ]] 耐心 (心理健康與養生)
카카오프렌즈			Kakao Friends (韓國流行文化)
퍼포먼스			表演 (韓國流行文化)
센터	[s͈e̞ntʰʌ̹]	[s͈e̞ntʰʌ̹]	[[s͈e̞ntʰʌ̹]] 中心 (韓國流行文化)
팔로우	[pʰa̠ɭɭo̞u]	[pʰa̠ɭɭo̞u]	[[pʰa̠ɭɭo̞u]] 追蹤 (韓國流行文化)
막내	[ma̠ŋnɛ]	[ma̠ŋnɛ]	[[ma̠ŋnɛ]] 忙內 (韓國流行文化)
콘텐츠	[kʰo̞ntʰe̞ɲt͡ɕʰɯ]	[kʰo̞ntʰe̞ɲt͡ɕʰɯ]	[[kʰo̞ntʰe̞ɲt͡ɕʰɯ]] 內容 (韓國流行文化)
홍대	[ɸʷo̞ŋdɛ]	[ɸʷo̞ŋdɛ]	[[ɸʷo̞ŋdɛ]] Hongdae (韓國流行文化)
크리에이터			Content Creator (韓國流行文化)
화제	[ɸwa̠d͡ʑe̞]	[ɸwa̠d͡ʑe̞]	[[ɸwa̠d͡ʑe̞]] Hot Topic (韓國流行文化)
바이럴			Viral (韓國流行文化)
반려동물	[ˈpa̠(ː)ʎʎʌ̹do̞ŋmuɭ]	[ˈpa̠(ː)ʎʎʌ̹do̞ŋmuɭ]	[[ˈpa̠(ː)ʎʎʌ̹do̞ŋmuɭ]] 寵物 (寵物照護與動物)
수의사	[sʰuɰisʰa̠]	[sʰuɰisʰa̠]	[[sʰuɰisʰa̠]] 獸醫 (寵物照護與動物)
사료	[sʰa̠ɾjo]	[sʰa̠ɾjo]	[[sʰa̠ɾjo]] 寵物食品 (寵物照護與動物)
미용	[ˈmi(ː)joŋ]	[ˈmi(ː)joŋ]	[[ˈmi(ː)joŋ]] 寵物美容 (寵物照護與動物)
목줄	[mo̞k̚t͡ɕ͈uɭ]	[mo̞k̚t͡ɕ͈uɭ]	[[mo̞k̚t͡ɕ͈uɭ]] 牽繩 (寵物照護與動物)
강아지	[ka̠ŋa̠d͡ʑi]	[ka̠ŋa̠d͡ʑi]	[[ka̠ŋa̠d͡ʑi]] 小狗 (寵物照護與動物)
어항	[ʌ̹ɦa̠ŋ]	[ʌ̹ɦa̠ŋ]	[[ʌ̹ɦa̠ŋ]] Fish Tank (寵物照護與動物)
간식	[ˈka̠(ː)nɕʰik̚]	[ˈka̠(ː)nɕʰik̚]	[[ˈka̠(ː)nɕʰik̚]] Pet Treat (寵物照護與動物)
펫스타그램			寵物帳號 (寵物護理與動物)
동물병원	[to̞ŋmuɭbjʌ̹ŋwʌ̹n]	[to̞ŋmuɭbjʌ̹ŋwʌ̹n]	[[to̞ŋmuɭbjʌ̹ŋwʌ̹n]] 動物醫院 (寵物護理與動物)
기니피그	[kinipʰiɡɯ]	[kinipʰiɡɯ]	[[kinipʰiɡɯ]] Guinea Pig (Pet Care & Animals)
하네스			Pet Harness (Pet Care & Animals)
캣타워			貓跳台 (寵物照護與動物)
새장	[sʰɛd͡ʑa̠ŋ]	[sʰɛd͡ʑa̠ŋ]	[[sʰɛd͡ʑa̠ŋ]] 鳥籠 (寵物照護與動物)
스크래처			貓抓板 (寵物照護與動物)
빗질	[pit̚t͡ɕ͈iɭ]	[pit̚t͡ɕ͈iɭ]	[[pit̚t͡ɕ͈iɭ]] 梳毛 (寵物照護與動物)
프로게이머			職業電競選手 (遊戲與電競)
캐리			Carry(帶飛) (遊戲與電競)
렉			延遲(Lag) (遊戲與電競)
뉴비	[ɲubi]	[ɲubi]	[[ɲubi]] 菜鳥(新手) (遊戲與電競)
리스폰			重生(Respawn) (遊戲與電競)
배틀로얄			大逃殺 (遊戲與電競)
전리품	[ˈt͡ɕɘ(ː)ʎʎipʰum]	[ˈt͡ɕɘ(ː)ʎʎipʰum]	[[ˈt͡ɕɘ(ː)ʎʎipʰum]] 戰利品 (遊戲與電競)
핑	[pʰiŋ]	[pʰiŋ]	[[pʰiŋ]] 延遲（Ping） (遊戲與電競)
클랜	[kxɯɭɭɛn]	[kxɯɭɭɛn]	[[kxɯɭɭɛn]] 氏族 (遊戲與電競)
게임패드			遊戲手把 (遊戲與電競)
공략집			遊戲攻略 (遊戲與電競)
헤드셋	[he̞dɯsʰe̞t̚]	[he̞dɯsʰe̞t̚]	[[he̞dɯsʰe̞t̚]] 耳機麥克風 (遊戲與電競)
매칭	[mɛt͡ɕʰiŋ]	[mɛt͡ɕʰiŋ]	[[mɛt͡ɕʰiŋ]] 配對系統 (遊戲與電競)
배틀그라운드			PUBG (絕地求生) (遊戲與電競)
스킨			遊戲造型 (遊戲與電競)
서포터	[sʰʌ̹pʰo̞tʰʌ̹]	[sʰʌ̹pʰo̞tʰʌ̹]	[[sʰʌ̹pʰo̞tʰʌ̹]] 輔助位 (遊戲與電競)
버프			增強 (遊戲與電競)
업적	[ʌ̹p̚t͡ɕ͈ʌ̹k̚]	[ʌ̹p̚t͡ɕ͈ʌ̹k̚]	[[ʌ̹p̚t͡ɕ͈ʌ̹k̚]] 成就 (遊戲與電競)
관전			觀看電競比賽 (遊戲與電競)
던전			地下城 (遊戲與電競)
제작	[ˈt͡ɕe̞(ː)d͡ʑa̠k̚]	[ˈt͡ɕe̞(ː)d͡ʑa̠k̚]	[[ˈt͡ɕe̞(ː)d͡ʑa̠k̚]] 製作 (遊戲與電競)
인벤토리			物品欄 (遊戲與電競)
어시스트	[ʌ̹ɕʰisʰɯtʰɯ]	[ʌ̹ɕʰisʰɯtʰɯ]	[[ʌ̹ɕʰisʰɯtʰɯ]] 助攻 (遊戲與電競)
결승전			決賽 (遊戲與電競)
아름답다	[a̠ɾɯmda̠p̚t͈a̠]	[a̠ɾɯmda̠p̚t͈a̠]	[[a̠ɾɯmda̠p̚t͈a̠]] Beautiful (描述)
화나다	[ˈɸwa̠(ː)na̠da̠]	[ˈɸwa̠(ː)na̠da̠]	[[ˈɸwa̠(ː)na̠da̠]] 生氣 (情感)
시간	[ɕʰiɡa̠n]	[ɕʰiɡa̠n]	[[ɕʰiɡa̠n]] 時間 (日常生活)
한류	[ˈha̠(ː)ʎʎu]	[ˈha̠(ː)ʎʎu]	[[ˈha̠(ː)ʎʎu]] 韓流 (文化)
추석	[t͡ɕʰusʰʌ̹k̚]	[t͡ɕʰusʰʌ̹k̚]	[[t͡ɕʰusʰʌ̹k̚]] 秋夕 (文化)
설날	[ˈsʰɘ(ː)ɭɭa̠ɭ]	[ˈsʰɘ(ː)ɭɭa̠ɭ]	[[ˈsʰɘ(ː)ɭɭa̠ɭ]] Seollal (農曆新年) (文化)
한옥	[ˈha̠(ː)no̞k̚]	[ˈha̠(ː)no̞k̚]	[[ˈha̠(ː)no̞k̚]] 傳統韓屋 (文化)
사찰음식			寺廟飲食 (文化)
빨리빨리	[p͈a̠ʎʎip͈a̠ʎʎi]	[p͈a̠ʎʎip͈a̠ʎʎi]	[[p͈a̠ʎʎip͈a̠ʎʎi]] 快點快點（文化） (文化)
회식	[ˈɸwe̞(ː)ɕʰik̚]	[ˈɸwe̞(ː)ɕʰik̚]	[[ˈɸwe̞(ː)ɕʰik̚]] 公司聚餐 (文化)
존댓말	[t͡ɕo̞ndɛnma̠ɭ]	[t͡ɕo̞ndɛnma̠ɭ]	[[t͡ɕo̞ndɛnma̠ɭ]] 敬語 (文化)
스킨십	[sʰɯcçinɕʰip̚]	[sʰɯcçinɕʰip̚]	[[sʰɯcçinɕʰip̚]] Skinship（肢體接觸） (文化)
온돌	[o̞ndo̞ɭ]	[o̞ndo̞ɭ]	[[o̞ndo̞ɭ]] 溫突（地板暖氣） (文化)
선물하기			贈禮 (文化)
출퇴근			通勤 (日常生活)
야근	[ˈja̠(ː)ɡɯn]	[ˈja̠(ː)ɡɯn]	[[ˈja̠(ː)ɡɯn]] 加班 (日常生活)
건강검진			健康檢查 (日常生活)
대중교통	[ˈtɛ(ː)d͡ʑuŋɡjotʰo̞ŋ]	[ˈtɛ(ː)d͡ʑuŋɡjotʰo̞ŋ]	[[ˈtɛ(ː)d͡ʑuŋɡjotʰo̞ŋ]] 大眾運輸 (日常生活)
일기예보	[iɭɡije̞bo̞]	[iɭɡije̞bo̞]	[[iɭɡije̞bo̞]] 天氣預報 (日常生活)
재활용			回收 (日常生活)
목욕탕	[mo̞ɡjok̚tʰa̠ŋ]	[mo̞ɡjok̚tʰa̠ŋ]	[[mo̞ɡjok̚tʰa̠ŋ]] 公共浴池 (日常生活)
어르신	[ˈɘ(ː)ɾɯɕʰin]	[ˈɘ(ː)ɾɯɕʰin]	[[ˈɘ(ː)ɾɯɕʰin]] 長者 (日常生活)
간편결제			Mobile payment (日常生活)
더치페이	[tʌ̹t͡ɕʰipʰe̞i]	[tʌ̹t͡ɕʰipʰe̞i]	[[tʌ̹t͡ɕʰipʰe̞i]] Split the bill (日常生活)
합격	[ha̠p̚k͈jʌ̹k̚]	[ha̠p̚k͈jʌ̹k̚]	[[ha̠p̚k͈jʌ̹k̚]] Pass (教育)
낙제	[na̠k̚t͡ɕ͈e̞]	[na̠k̚t͡ɕ͈e̞]	[[na̠k̚t͡ɕ͈e̞]] Fail (教育)
복습	[po̞ks͈ɯp̚]	[po̞ks͈ɯp̚]	[[po̞ks͈ɯp̚]] Review (教育)
암기	[ˈa̠(ː)mɡi]	[ˈa̠(ː)mɡi]	[[ˈa̠(ː)mɡi]] Memorize (教育)
설명	[sʰʌ̹ɭmjʌ̹ŋ]	[sʰʌ̹ɭmjʌ̹ŋ]	[[sʰʌ̹ɭmjʌ̹ŋ]] Explain (教育)
강의	[ˈka̠(ː)ŋɰi]	[ˈka̠(ː)ŋɰi]	[[ˈka̠(ː)ŋɰi]] Lecture (教育)
화이트보드	[ɸwa̠itʰɯbo̞dɯ]	[ɸwa̠itʰɯbo̞dɯ]	[[ɸwa̠itʰɯbo̞dɯ]] Whiteboard (教育)
대학원	[ˈtɛ(ː)ɦa̠ɡwʌ̹n]	[ˈtɛ(ː)ɦa̠ɡwʌ̹n]	[[ˈtɛ(ː)ɦa̠ɡwʌ̹n]] Graduate School (教育)
전공	[t͡ɕʌ̹nɡo̞ŋ]	[t͡ɕʌ̹nɡo̞ŋ]	[[t͡ɕʌ̹nɡo̞ŋ]] Major (教育)
부전공			Minor (教育)
학점	[ha̠k̚t͡ɕ͈ʌ̹m]	[ha̠k̚t͡ɕ͈ʌ̹m]	[[ha̠k̚t͡ɕ͈ʌ̹m]] GPA (教育)
장학금	[ˈt͡ɕa̠(ː)ŋɦa̠k̚k͈ɯm]	[ˈt͡ɕa̠(ː)ŋɦa̠k̚k͈ɯm]	[[ˈt͡ɕa̠(ː)ŋɦa̠k̚k͈ɯm]] Scholarship (教育)
등록금	[tɯŋno̞k̚k͈ɯm]	[tɯŋno̞k̚k͈ɯm]	[[tɯŋno̞k̚k͈ɯm]] Tuition (教育)
기숙사	[kisʰuks͈a̠]	[kisʰuks͈a̠]	[[kisʰuks͈a̠]] Dormitory (教育)
구내식당	[kunɛɕʰik̚t͈a̠ŋ]	[kunɛɕʰik̚t͈a̠ŋ]	[[kunɛɕʰik̚t͈a̠ŋ]] Cafeteria (教育)
교수	[ˈkjo(ː)sʰu]	[ˈkjo(ː)sʰu]	[[ˈkjo(ː)sʰu]] Professor (教育)
강사	[ˈka̠(ː)ŋsʰa̠]	[ˈka̠(ː)ŋsʰa̠]	[[ˈka̠(ː)ŋsʰa̠]] Lecturer (教育)
조교	[ˈt͡ɕo̞(ː)ɡjo]	[ˈt͡ɕo̞(ː)ɡjo]	[[ˈt͡ɕo̞(ː)ɡjo]] Teaching Assistant (教育)
발표	[pa̠ɭpʰjo]	[pa̠ɭpʰjo]	[[pa̠ɭpʰjo]] Presentation (教育)
에세이	[e̞s͈e̞i]	[e̞s͈e̞i]	[[e̞s͈e̞i]] Essay (教育)
연구	[ˈjɘ(ː)nɡu]	[ˈjɘ(ː)nɡu]	[[ˈjɘ(ː)nɡu]] 研究 (教育)
실험	[ɕʰiɾɦʌ̹m]	[ɕʰiɾɦʌ̹m]	[[ɕʰiɾɦʌ̹m]] 實驗 (教育)
실험실	[ɕʰiɾɦʌ̹mɕʰiɭ]	[ɕʰiɾɦʌ̹mɕʰiɭ]	[[ɕʰiɾɦʌ̹mɕʰiɭ]] 實驗室 (教育)
졸업	[t͡ɕo̞ɾʌ̹p̚]	[t͡ɕo̞ɾʌ̹p̚]	[[t͡ɕo̞ɾʌ̹p̚]] 畢業 (教育)
졸업장	[t͡ɕo̞ɾʌ̹p̚t͡ɕ͈a̠ŋ]	[t͡ɕo̞ɾʌ̹p̚t͡ɕ͈a̠ŋ]	[[t͡ɕo̞ɾʌ̹p̚t͡ɕ͈a̠ŋ]] 文憑 (教育)
자격증	[t͡ɕa̠ɡjʌ̹k̚t͡ɕ͈ɯŋ]	[t͡ɕa̠ɡjʌ̹k̚t͡ɕ͈ɯŋ]	[[t͡ɕa̠ɡjʌ̹k̚t͡ɕ͈ɯŋ]] 證書 (教育)
인턴십	[intʰʌ̹nɕʰip̚]	[intʰʌ̹nɕʰip̚]	[[intʰʌ̹nɕʰip̚]] 實習 (教育)
이력서	[ˈi(ː)ɾjʌ̹ks͈ʌ̹]	[ˈi(ː)ɾjʌ̹ks͈ʌ̹]	[[ˈi(ː)ɾjʌ̹ks͈ʌ̹]] 履歷 (教育)
자기소개서	[t͡ɕa̠ɡisʰo̞ɡɛsʰʌ̹]	[t͡ɕa̠ɡisʰo̞ɡɛsʰʌ̹]	[[t͡ɕa̠ɡisʰo̞ɡɛsʰʌ̹]] 自傳 (教育)
자격	[t͡ɕa̠ɡjʌ̹k̚]	[t͡ɕa̠ɡjʌ̹k̚]	[[t͡ɕa̠ɡjʌ̹k̚]] 資格 (教育)
어학원			語學院 (教育)
과외	[kwa̠we̞]	[kwa̠we̞]	[[kwa̠we̞]] 家教 (教育)
이러닝			電子學習 (教育)
마감일			截止日期 (教育)
보고서	[ˈpo̞(ː)ɡo̞sʰʌ̹]	[ˈpo̞(ː)ɡo̞sʰʌ̹]	[[ˈpo̞(ː)ɡo̞sʰʌ̹]] 報告 (教育)
피드백	[pʰidɯbɛk̚]	[pʰidɯbɛk̚]	[[pʰidɯbɛk̚]] Feedback (Education)
학년도			Academic Year (Education)
수학여행	[sʰuɦa̠ŋɲʌ̹ɦɛŋ]	[sʰuɦa̠ŋɲʌ̹ɦɛŋ]	[[sʰuɦa̠ŋɲʌ̹ɦɛŋ]] School Trip (Education)
창피하다	[t͡ɕʰa̠ŋpʰiɦa̠da̠]	[t͡ɕʰa̠ŋpʰiɦa̠da̠]	[[t͡ɕʰa̠ŋpʰiɦa̠da̠]] 尷尬 (情感)
자랑스럽다	[t͡ɕa̠ɾa̠ŋsʰɯɾʌ̹p̚t͈a̠]	[t͡ɕa̠ɾa̠ŋsʰɯɾʌ̹p̚t͈a̠]	[[t͡ɕa̠ɾa̠ŋsʰɯɾʌ̹p̚t͈a̠]] Proud (Emotions)
혼란스럽다	[ˈɸʷo̞(ː)ɭɭa̠nsʰɯɾʌ̹p̚t͈a̠]	[ˈɸʷo̞(ː)ɭɭa̠nsʰɯɾʌ̹p̚t͈a̠]	[[ˈɸʷo̞(ː)ɭɭa̠nsʰɯɾʌ̹p̚t͈a̠]] Confused (Emotions)
답답하다	[ta̠p̚t͈a̠pʰa̠da̠]	[ta̠p̚t͈a̠pʰa̠da̠]	[[ta̠p̚t͈a̠pʰa̠da̠]] Frustrated (Emotions)
안도하다			Relieved (Emotions)
만족스럽다	[ma̠ɲd͡ʑo̞ks͈ɯɾʌ̹p̚t͈a̠]	[ma̠ɲd͡ʑo̞ks͈ɯɾʌ̹p̚t͈a̠]	[[ma̠ɲd͡ʑo̞ks͈ɯɾʌ̹p̚t͈a̠]] Content (Emotions)
충격받다			Shocked (Emotions)
후회하다	[ˈɸʷu(ː)βwe̞ɦa̠da̠]	[ˈɸʷu(ː)βwe̞ɦa̠da̠]	[[ˈɸʷu(ː)βwe̞ɦa̠da̠]] Regretful (Emotions)
다정하다	[ta̠d͡ʑʌ̹ŋɦa̠da̠]	[ta̠d͡ʑʌ̹ŋɦa̠da̠]	[[ta̠d͡ʑʌ̹ŋɦa̠da̠]] Affectionate (Emotions)
압도되다			不知所措 (情緒)
씁쓸하다	[s͈ɯps͈ɯɾɦa̠da̠]	[s͈ɯps͈ɯɾɦa̠da̠]	[[s͈ɯps͈ɯɾɦa̠da̠]] 苦澀 (情緒)
부끄럽다	[puk͈ɯɾʌ̹p̚t͈a̠]	[puk͈ɯɾʌ̹p̚t͈a̠]	[[puk͈ɯɾʌ̹p̚t͈a̠]] 羞愧 (情緒)
두렵다	[tuɾjʌ̹p̚t͈a̠]	[tuɾjʌ̹p̚t͈a̠]	[[tuɾjʌ̹p̚t͈a̠]] 恐懼 (情緒)
불안정하다			不安全感 (情緒)
절망하다			絕望 (情緒)
멍하다	[ˈmɘ(ː)ŋɦa̠da̠]	[ˈmɘ(ː)ŋɦa̠da̠]	[[ˈmɘ(ː)ŋɦa̠da̠]] 茫然 (情緒)
열정적이다			熱情 (情緒)
평온하다	[pʰjʌ̹ŋo̞nɦa̠da̠]	[pʰjʌ̹ŋo̞nɦa̠da̠]	[[pʰjʌ̹ŋo̞nɦa̠da̠]] 寧靜 (情緒)
짜릿하다	[t͡ɕ͈a̠ɾitʰa̠da̠]	[t͡ɕ͈a̠ɾitʰa̠da̠]	[[t͡ɕ͈a̠ɾitʰa̠da̠]] 激動 (情緒)
우중충하다	[ud͡ʑuŋt͡ɕʰuŋɦa̠da̠]	[ud͡ʑuŋt͡ɕʰuŋɦa̠da̠]	[[ud͡ʑuŋt͡ɕʰuŋɦa̠da̠]] 陰鬱 (情緒)
침울하다	[t͡ɕʰimuɾɦa̠da̠]	[t͡ɕʰimuɾɦa̠da̠]	[[t͡ɕʰimuɾɦa̠da̠]] Somber (Emotions)
낙담하다			Dejected (Emotions)
절박하다			Desperate (Emotions)
그리워하다	[kɯɾiwʌ̹ɦa̠da̠]	[kɯɾiwʌ̹ɦa̠da̠]	[[kɯɾiwʌ̹ɦa̠da̠]] Longing (Emotions)
울먹이다			Tearful (Emotions)
흥분하다	[xɯŋbunɦa̠da̠]	[xɯŋbunɦa̠da̠]	[[xɯŋbunɦa̠da̠]] Agitated (Emotions)
겸손하다	[kjʌ̹msʰo̞nɦa̠da̠]	[kjʌ̹msʰo̞nɦa̠da̠]	[[kjʌ̹msʰo̞nɦa̠da̠]] Humble (Emotions)
쑥스럽다			Bashful (Emotions)
대담하다			Bold (Emotions)
훈훈하다	[ɸʷunβunɦa̠da̠]	[ɸʷunβunɦa̠da̠]	[[ɸʷunβunɦa̠da̠]] Heartwarming (Emotions)
뿌듯하다			Fulfilled (Emotions)
역겹다	[jʌ̹k̚k͈jʌ̹p̚t͈a̠]	[jʌ̹k̚k͈jʌ̹p̚t͈a̠]	[[jʌ̹k̚k͈jʌ̹p̚t͈a̠]] 噁心 (情緒)
비참하다	[ˈpi(ː)t͡ɕʰa̠mɦa̠da̠]	[ˈpi(ː)t͡ɕʰa̠mɦa̠da̠]	[[ˈpi(ː)t͡ɕʰa̠mɦa̠da̠]] 悲慘 (情緒)
순두부찌개	[sʰundubut͡ɕ͈iɡɛ]	[sʰundubut͡ɕ͈iɡɛ]	[[sʰundubut͡ɕ͈iɡɛ]] 嫩豆腐鍋 (食物)
된장찌개	[ˈtwe̞(ː)ɲd͡ʑa̠ŋt͡ɕ͈iɡɛ]	[ˈtwe̞(ː)ɲd͡ʑa̠ŋt͡ɕ͈iɡɛ]	[[ˈtwe̞(ː)ɲd͡ʑa̠ŋt͡ɕ͈iɡɛ]] 豆醬鍋 (食物)
설렁탕	[sʰʌ̹ɭɭʌ̹ŋtʰa̠ŋ]	[sʰʌ̹ɭɭʌ̹ŋtʰa̠ŋ]	[[sʰʌ̹ɭɭʌ̹ŋtʰa̠ŋ]] 雪濃湯 (食物)
해물파전			海鮮蔥餅 (食物)
떡	[t͈ʌ̹k̚]	[t͈ʌ̹k̚]	[[t͈ʌ̹k̚]] 年糕 (食物)
콩국수			豆漿冷麵 (食物)
고추장	[ko̞t͡ɕʰud͡ʑa̠ŋ]	[ko̞t͡ɕʰud͡ʑa̠ŋ]	[[ko̞t͡ɕʰud͡ʑa̠ŋ]] 韓式辣椒醬 (食物)
반찬	[pa̠ɲt͡ɕʰa̠n]	[pa̠ɲt͡ɕʰa̠n]	[[pa̠ɲt͡ɕʰa̠n]] 小菜 (食物)
짬뽕	[t͡ɕ͈a̠mp͈o̞ŋ]	[t͡ɕ͈a̠mp͈o̞ŋ]	[[t͡ɕ͈a̠mp͈o̞ŋ]] 海鮮辣湯麵 (食物)
해물탕			海鮮湯 (食物)
닭갈비	[ta̠k̚k͈a̠ɭbi]	[ta̠k̚k͈a̠ɭbi]	[[ta̠k̚k͈a̠ɭbi]] 辣炒雞排 (食物)
식혜	[ɕʰicçe̞]	[ɕʰicçe̞]	[[ɕʰicçe̞]] Sikhye (Food)
순대	[sʰundɛ]	[sʰundɛ]	[[sʰundɛ]] Sundae (Food)
양념	[ja̠ŋɲʌ̹m]	[ja̠ŋɲʌ̹m]	[[ja̠ŋɲʌ̹m]] Gochujang sauce (Food)
응원할게요			我支持你 (問候)
자랑스러워요			我為你感到驕傲 (問候語)
별말씀을요			不客氣 (問候語)
미세먼지	[misʰe̞mʌ̹ɲd͡ʑi]	[misʰe̞mʌ̹ɲd͡ʑi]	[[misʰe̞mʌ̹ɲd͡ʑi]] 細懸浮微粒 / 空氣污染 (自然)
태풍	[tʰɛpʰuŋ]	[tʰɛpʰuŋ]	[[tʰɛpʰuŋ]] 颱風 (自然)
들판	[ˈtɯ(ː)ɭpʰa̠n]	[ˈtɯ(ː)ɭpʰa̠n]	[[ˈtɯ(ː)ɭpʰa̠n]] 田野／草地 (自然)
지진	[t͡ɕid͡ʑin]	[t͡ɕid͡ʑin]	[[t͡ɕid͡ʑin]] 地震 (自然)
동굴	[ˈto̞(ː)ŋɡuɭ]	[ˈto̞(ː)ŋɡuɭ]	[[ˈto̞(ː)ŋɡuɭ]] 洞穴 (自然)
논	[no̞n]	[no̞n]	[[no̞n]] 稻田 (自然)
프로포즈			求婚 (關係)
헤어지다	[he̞ʌ̹d͡ʑida̠]	[he̞ʌ̹d͡ʑida̠]	[[he̞ʌ̹d͡ʑida̠]] 分手 (人際關係)
소개팅	[sʰo̞ɡɛtʰiŋ]	[sʰo̞ɡɛtʰiŋ]	[[sʰo̞ɡɛtʰiŋ]] 相親 (人際關係)
고백	[ˈko̞(ː)bɛk̚]	[ˈko̞(ː)bɛk̚]	[[ˈko̞(ː)bɛk̚]] 告白 (人際關係)
다투다	[ta̠tʰuda̠]	[ta̠tʰuda̠]	[[ta̠tʰuda̠]] 爭吵／吵架 (人際關係)
화해하다	[ɸwa̠ɦɛɦa̠da̠]	[ɸwa̠ɦɛɦa̠da̠]	[[ɸwa̠ɦɛɦa̠da̠]] 和好（吵架後） (人際關係)
신뢰	[ˈɕʰi(ː)ɭɭwe̞]	[ˈɕʰi(ː)ɭɭwe̞]	[[ˈɕʰi(ː)ɭɭwe̞]] 信任 (人際關係)
지지하다	[t͡ɕid͡ʑiɦa̠da̠]	[t͡ɕid͡ʑiɦa̠da̠]	[[t͡ɕid͡ʑiɦa̠da̠]] 支持 (人際關係)
시댁	[ɕʰidɛk̚]	[ɕʰidɛk̚]	[[ɕʰidɛk̚]] 姻親 (人際關係)
멘토	[me̞ntʰo̞]	[me̞ntʰo̞]	[[me̞ntʰo̞]] Mentor (Relationships)
의리	[ˈɰi(ː)ɾi]	[ˈɰi(ː)ɾi]	[[ˈɰi(ː)ɾi]] Loyalty (Relationships)
득템	[tɯk̚tʰe̞m]	[tɯk̚tʰe̞m]	[[tɯk̚tʰe̞m]] Bargain / Good deal (購物)
한정판			Limited edition (Shopping)
가짜	[ˈka̠(ː)t͡ɕ͈a̠]	[ˈka̠(ː)t͡ɕ͈a̠]	[[ˈka̠(ː)t͡ɕ͈a̠]] Fake / Counterfeit (Shopping)
흥정	[xɯŋd͡ʑʌ̹ŋ]	[xɯŋd͡ʑʌ̹ŋ]	[[xɯŋd͡ʑʌ̹ŋ]] Bargaining / Negotiating price (Shopping)
찜질방	[t͡ɕ͈imd͡ʑiɭba̠ŋ]	[t͡ɕ͈imd͡ʑiɭba̠ŋ]	[[t͡ɕ͈imd͡ʑiɭba̠ŋ]] 韓國汗蒸房 (旅行)
우리	[uɾi]	[uɾi]	[[uɾi]] We / Our (collective identity) (文化)
멀티플레이어			멀티플레이어 (multitasker) (文化)
연습생			K-pop trainee (文化)
기획사			Entertainment company (文化)
안티팬			Anti-fan (文化)
군대	[kundɛ]	[kundɛ]	[[kundɛ]] 兵役 (文化)
네티즌	[ne̞tʰid͡ʑɯn]	[ne̞tʰid͡ʑɯn]	[[ne̞tʰid͡ʑɯn]] 網民 (文化)
콘셉트	[kʰo̞nsʰe̞p̚tʰɯ]	[kʰo̞nsʰe̞p̚tʰɯ]	[[kʰo̞nsʰe̞p̚tʰɯ]] 偶像概念 (文化)
안무	[ˈa̠(ː)nmu]	[ˈa̠(ː)nmu]	[[ˈa̠(ː)nmu]] 編舞 (文化)
응원법	[ˈɯ(ː)ŋwʌ̹nbʌ̹p̚]	[ˈɯ(ː)ŋwʌ̹nbʌ̹p̚]	[[ˈɯ(ː)ŋwʌ̹nbʌ̹p̚]] 粉絲吶喊 (文化)
스트리밍	[sʰɯtʰɯɾimiŋ]	[sʰɯtʰɯɾimiŋ]	[[sʰɯtʰɯɾimiŋ]] 串流（音樂） (文化)
시상식			頒獎典禮 (文化)
사극	[ˈsʰa̠(ː)ɡɯk̚]	[ˈsʰa̠(ː)ɡɯk̚]	[[ˈsʰa̠(ː)ɡɯk̚]] 歷史劇 (文化)
워라밸	[wʌ̹ɾa̠bɛɭ]	[wʌ̹ɾa̠bɛɭ]	[[wʌ̹ɾa̠bɛɭ]] 工作與生活平衡 (文化)
콩글리시	[kʰo̞ŋɡɯʎʎiɕʰi]	[kʰo̞ŋɡɯʎʎiɕʰi]	[[kʰo̞ŋɡɯʎʎiɕʰi]] 韓式英語（Konglish） (文化)
떡국	[t͈ʌ̹k̚k͈uk̚]	[t͈ʌ̹k̚k͈uk̚]	[[t͈ʌ̹k̚k͈uk̚]] 新年年糕湯傳統 (文化)
당황스러운			慌亂 (情緒)
감동받은			深受感動 (情緒)
갈비탕	[ka̠ɭbitʰa̠ŋ]	[ka̠ɭbitʰa̠ŋ]	[[ka̠ɭbitʰa̠ŋ]] 排骨湯 (食物)
오미자차			五味子茶 (食物)
부대찌개	[pudɛt͡ɕ͈iɡɛ]	[pudɛt͡ɕ͈iɡɛ]	[[pudɛt͡ɕ͈iɡɛ]] 部隊鍋 (食物)
족발	[t͡ɕo̞k̚p͈a̠ɭ]	[t͡ɕo̞k̚p͈a̠ɭ]	[[t͡ɕo̞k̚p͈a̠ɭ]] 醬燉豬腳 (食物)
보쌈	[po̞s͈a̠m]	[po̞s͈a̠m]	[[po̞s͈a̠m]] 水煮豬肉片 (食物)
들기름	[tɯɭɡiɾɯm]	[tɯɭɡiɾɯm]	[[tɯɭɡiɾɯm]] 紫蘇油 (食物)
조수	[ˈt͡ɕo̞(ː)sʰu]	[ˈt͡ɕo̞(ː)sʰu]	[[ˈt͡ɕo̞(ː)sʰu]] 潮汐 (自然)
갯벌	[kɛt̚p͈ʌ̹ɭ]	[kɛt̚p͈ʌ̹ɭ]	[[kɛt̚p͈ʌ̹ɭ]] 潮間帶 (自然)
폭염	[pʰo̞ɡjʌ̹m]	[pʰo̞ɡjʌ̹m]	[[pʰo̞ɡjʌ̹m]] 熱浪 (自然)
서리	[sʰʌ̹ɾi]	[sʰʌ̹ɾi]	[[sʰʌ̹ɾi]] 霜 (自然)
우박	[ˈu(ː)ba̠k̚]	[ˈu(ː)ba̠k̚]	[[ˈu(ː)ba̠k̚]] 冰雹 (自然)
한파	[ha̠npʰa̠]	[ha̠npʰa̠]	[[ha̠npʰa̠]] 寒潮 (自然)
화산	[ˈɸwa̠(ː)sʰa̠n]	[ˈɸwa̠(ː)sʰa̠n]	[[ˈɸwa̠(ː)sʰa̠n]] 火山 (自然)
절벽	[t͡ɕʌ̹ɭbjʌ̹k̚]	[t͡ɕʌ̹ɭbjʌ̹k̚]	[[t͡ɕʌ̹ɭbjʌ̹k̚]] 懸崖 (自然)
연꽃	[jʌ̹nk͈o̞t̚]	[jʌ̹nk͈o̞t̚]	[[jʌ̹nk͈o̞t̚]] 蓮花 (自然)
진달래	[t͡ɕinda̠ɭɭɛ]	[t͡ɕinda̠ɭɭɛ]	[[t͡ɕinda̠ɭɭɛ]] 金達萊花 (自然)
나물	[na̠muɭ]	[na̠muɭ]	[[na̠muɭ]] 香草 / 野菜 (自然)
꽃가루	[k͈o̞t̚k͈a̠ɾu]	[k͈o̞t̚k͈a̠ɾu]	[[k͈o̞t̚k͈a̠ɾu]] 花粉 (自然)
반딧불이	[pa̠ndit̚p͈uɾi]	[pa̠ndit̚p͈uɾi]	[[pa̠ndit̚p͈uɾi]] Firefly (Nature)
사슴	[sʰa̠sʰɯm]	[sʰa̠sʰɯm]	[[sʰa̠sʰɯm]] Deer (Nature)
멧돼지	[me̞t̚t͈wɛd͡ʑi]	[me̞t̚t͈wɛd͡ʑi]	[[me̞t̚t͈wɛd͡ʑi]] Wild boar (Nature)
학	[ha̠k̚]	[ha̠k̚]	[[ha̠k̚]] Crane (Nature)
해녀	[ˈhɛ(ː)ɲʌ̹]	[ˈhɛ(ː)ɲʌ̹]	[[ˈhɛ(ː)ɲʌ̹]] Haenyeo (women divers) (Nature)
철새	[t͡ɕʰʌ̹ɭs͈ɛ]	[t͡ɕʰʌ̹ɭs͈ɛ]	[[t͡ɕʰʌ̹ɭs͈ɛ]] Migratory birds (Nature)
도토리	[to̞tʰo̞ɾi]	[to̞tʰo̞ɾi]	[[to̞tʰo̞ɾi]] Acorn (Nature)
습지	[sʰɯp̚t͡ɕ͈i]	[sʰɯp̚t͡ɕ͈i]	[[sʰɯp̚t͡ɕ͈i]] Wetland (Nature)
초원	[t͡ɕʰo̞wʌ̹n]	[t͡ɕʰo̞wʌ̹n]	[[t͡ɕʰo̞wʌ̹n]] 草原 (Nature)
자갈	[t͡ɕa̠ɡa̠ɭ]	[t͡ɕa̠ɡa̠ɭ]	[[t͡ɕa̠ɡa̠ɭ]] 鵝卵石 (Nature)
황사	[ɸwa̠ŋsʰa̠]	[ɸwa̠ŋsʰa̠]	[[ɸwa̠ŋsʰa̠]] 黃沙 (Nature)
의지하다	[ɰid͡ʑiɦa̠da̠]	[ɰid͡ʑiɦa̠da̠]	[[ɰid͡ʑiɦa̠da̠]] 依賴 / 依靠某人 (Relationships)
타임세일			限時特賣 (Shopping)
보증서			保證書 (Shopping)
트로트	[tʰɯɾo̞tʰɯ]	[tʰɯɾo̞tʰɯ]	[[tʰɯɾo̞tʰɯ]] 演歌 (Culture)
육개장	[juk̚k͈ɛd͡ʑa̠ŋ]	[juk̚k͈ɛd͡ʑa̠ŋ]	[[juk̚k͈ɛd͡ʑa̠ŋ]] 辣牛肉湯 (Food)
산호	[sʰa̠nβo̞]	[sʰa̠nβo̞]	[[sʰa̠nβo̞]] 珊瑚 (Nature)
목련	[mo̞ŋɲʌ̹n]	[mo̞ŋɲʌ̹n]	[[mo̞ŋɲʌ̹n]] 木蘭花 (Nature)
아카시아	[a̠kʰa̠ɕʰia̠]	[a̠kʰa̠ɕʰia̠]	[[a̠kʰa̠ɕʰia̠]] 刺槐樹 (Nature)
해풍			海風 (Nature)
오픈마켓			開放式市場 (Shopping)
캐시백			現金回饋 (Shopping)
충동구매			衝動購物 (Shopping)
곶감	[ko̞t̚k͈a̠m]	[ko̞t̚k͈a̠m]	[[ko̞t̚k͈a̠m]] 柿餅 (Food)
이슬	[isʰɯɭ]	[isʰɯɭ]	[[isʰɯɭ]] 露水 (Nature)
청혼	[t͡ɕʰʌ̹ŋβo̞n]	[t͡ɕʰʌ̹ŋβo̞n]	[[t͡ɕʰʌ̹ŋβo̞n]] 求婚 (人際關係)
질투	[t͡ɕiɭtʰu]	[t͡ɕiɭtʰu]	[[t͡ɕiɭtʰu]] 嫉妒 (人際關係)
용서	[joŋsʰʌ̹]	[joŋsʰʌ̹]	[[joŋsʰʌ̹]] 寬恕 (人際關係)
사과	[sʰa̠ɡwa̠]	[sʰa̠ɡwa̠]	[[sʰa̠ɡwa̠]] 道歉 (人際關係)
화해	[ɸwa̠ɦɛ]	[ɸwa̠ɦɛ]	[[ɸwa̠ɦɛ]] 和好 (人際關係)
재결합			復合 (人際關係)
배신	[ˈpɛ(ː)ɕʰin]	[ˈpɛ(ː)ɕʰin]	[[ˈpɛ(ː)ɕʰin]] 背叛 (人際關係)
격려	[kjʌ̹ŋɲʌ̹]	[kjʌ̹ŋɲʌ̹]	[[kjʌ̹ŋɲʌ̹]] 鼓勵 (人際關係)
위로	[ɥiɾo̞]	[ɥiɾo̞]	[[ɥiɾo̞]] 安慰 (人際關係)
차단하다	[ˈt͡ɕʰa̠(ː)da̠nɦa̠da̠]	[ˈt͡ɕʰa̠(ː)da̠nɦa̠da̠]	[[ˈt͡ɕʰa̠(ː)da̠nɦa̠da̠]] 封鎖 (人際關係)
존경하다	[t͡ɕo̞nɡjʌ̹ŋɦa̠da̠]	[t͡ɕo̞nɡjʌ̹ŋɦa̠da̠]	[[t͡ɕo̞nɡjʌ̹ŋɦa̠da̠]] 欽佩 (人際關係)
놀리다	[no̞ʎʎida̠]	[no̞ʎʎida̠]	[[no̞ʎʎida̠]] 開玩笑 (人際關係)
서약	[ˈsʰɘ(ː)ja̠k̚]	[ˈsʰɘ(ː)ja̠k̚]	[[ˈsʰɘ(ː)ja̠k̚]] Vow (人際關係)
헌신	[ˈhɘ(ː)nɕʰin]	[ˈhɘ(ː)nɕʰin]	[[ˈhɘ(ː)nɕʰin]] Commitment (人際關係)
헌정			Dedication (人際關係)
희생	[çisʰɛŋ]	[çisʰɛŋ]	[[çisʰɛŋ]] Sacrifice (人際關係)
타협	[ˈtʰa̠(ː)ʝʌ̹p̚]	[ˈtʰa̠(ː)ʝʌ̹p̚]	[[ˈtʰa̠(ː)ʝʌ̹p̚]] Compromise (人際關係)
공감	[ˈko̞(ː)ŋɡa̠m]	[ˈko̞(ː)ŋɡa̠m]	[[ˈko̞(ː)ŋɡa̠m]] Empathy (人際關係)
애정	[ˈɛ(ː)d͡ʑʌ̹ŋ]	[ˈɛ(ː)d͡ʑʌ̹ŋ]	[[ˈɛ(ː)d͡ʑʌ̹ŋ]] Affection (人際關係)
따뜻함			Warmth (人際關係)
친밀함			Closeness (人際關係)
유대	[judɛ]	[judɛ]	[[judɛ]] Bond (人際關係)
연결	[jʌ̹nɡjʌ̹ɭ]	[jʌ̹nɡjʌ̹ɭ]	[[jʌ̹nɡjʌ̹ɭ]] Connection (人際關係)
케미	[kʰe̞mi]	[kʰe̞mi]	[[kʰe̞mi]] Chemistry (人際關係)
도매	[to̞mɛ]	[to̞mɛ]	[[to̞mɛ]] Wholesale (購物)
소매	[sʰo̞mɛ]	[sʰo̞mɛ]	[[sʰo̞mɛ]] Retail (購物)
보증	[po̞d͡ʑɯŋ]	[po̞d͡ʑɯŋ]	[[po̞d͡ʑɯŋ]] Warranty (Shopping)
불만	[puɭma̠n]	[puɭma̠n]	[[puɭma̠n]] Complaint (Shopping)
환불	[ɸwa̠nbuɭ]	[ɸwa̠nbuɭ]	[[ɸwa̠nbuɭ]] Refund (Shopping)
중고	[t͡ɕuŋɡo̞]	[t͡ɕuŋɡo̞]	[[t͡ɕuŋɡo̞]] Second-Hand (Shopping)
빈티지			Vintage (Shopping)
경매	[ˈkjɘ(ː)ŋmɛ]	[ˈkjɘ(ː)ŋmɛ]	[[ˈkjɘ(ː)ŋmɛ]] Auction (Shopping)
입찰	[ip̚t͡ɕʰa̠ɭ]	[ip̚t͡ɕʰa̠ɭ]	[[ip̚t͡ɕʰa̠ɭ]] Bidding (Shopping)
재입고			補貨 (購物)
베스트셀러	[pe̞sʰɯtʰɯsʰe̞ɭɭʌ̹]	[pe̞sʰɯtʰɯsʰe̞ɭɭʌ̹]	[[pe̞sʰɯtʰɯsʰe̞ɭɭʌ̹]] 暢銷書 (購物)
칠면조	[t͡ɕʰiɭmjʌ̹ɲd͡ʑo̞]	[t͡ɕʰiɭmjʌ̹ɲd͡ʑo̞]	[[t͡ɕʰiɭmjʌ̹ɲd͡ʑo̞]] 火雞 (動物)
얼룩말	[ʌ̹ɭɭuŋma̠ɭ]	[ʌ̹ɭɭuŋma̠ɭ]	[[ʌ̹ɭɭuŋma̠ɭ]] 斑馬 (動物)
고릴라	[ko̞ɾiɭɭa̠]	[ko̞ɾiɭɭa̠]	[[ko̞ɾiɭɭa̠]] 大猩猩 (動物)
캥거루	[kʰɛŋɡʌ̹ɾu]	[kʰɛŋɡʌ̹ɾu]	[[kʰɛŋɡʌ̹ɾu]] 袋鼠 (動物)
문어	[munʌ̹]	[munʌ̹]	[[munʌ̹]] 章魚 (動物)
랍스터			龍蝦 (動物)
굴	[ku(ː)ɭ]	[ku(ː)ɭ]	[[ku(ː)ɭ]] 牡蠣 (動物)
불가사리	[puɭɡa̠sʰa̠ɾi]	[puɭɡa̠sʰa̠ɾi]	[[puɭɡa̠sʰa̠ɾi]] 海星 (動物)
해파리	[ˈhɛ(ː)pʰa̠ɾi]	[ˈhɛ(ː)pʰa̠ɾi]	[[ˈhɛ(ː)pʰa̠ɾi]] 水母 (動物)
플라밍고			紅鶴 (動物)
공작	[ˈko̞(ː)ŋd͡ʑa̠k̚]	[ˈko̞(ː)ŋd͡ʑa̠k̚]	[[ˈko̞(ː)ŋd͡ʑa̠k̚]] 孔雀 (動物)
지렁이	[ˈt͡ɕi(ː)ɾʌ̹ŋi]	[ˈt͡ɕi(ː)ɾʌ̹ŋi]	[[ˈt͡ɕi(ː)ɾʌ̹ŋi]] 蚯蚓 (動物)
딱정벌레			甲蟲 (動物)
바퀴벌레	[pa̠kʰɥibʌ̹ɭɭe̞]	[pa̠kʰɥibʌ̹ɭɭe̞]	[[pa̠kʰɥibʌ̹ɭɭe̞]] 蟑螂 (動物)
너구리	[nʌ̹ɡuɾi]	[nʌ̹ɡuɾi]	[[nʌ̹ɡuɾi]] 浣熊 (動物)
고슴도치	[ko̞sʰɯmdo̞t͡ɕʰi]	[ko̞sʰɯmdo̞t͡ɕʰi]	[[ko̞sʰɯmdo̞t͡ɕʰi]] 刺猬 (動物)
두더지	[tudʌ̹d͡ʑi]	[tudʌ̹d͡ʑi]	[[tudʌ̹d͡ʑi]] 鼴鼠 (動物)
수달	[sʰuda̠ɭ]	[sʰuda̠ɭ]	[[sʰuda̠ɭ]] 水獺 (動物)
물범	[muɭbʌ̹m]	[muɭbʌ̹m]	[[muɭbʌ̹m]] 海豹 (動物)
북극곰	[puk̚k͈ɯk̚k͈o̞m]	[puk̚k͈ɯk̚k͈o̞m]	[[puk̚k͈ɯk̚k͈o̞m]] 北極熊 (動物)
낙타	[na̠k̚tʰa̠]	[na̠k̚tʰa̠]	[[na̠k̚tʰa̠]] 駱駝 (動物)
치타	[t͡ɕʰitʰa̠]	[t͡ɕʰitʰa̠]	[[t͡ɕʰitʰa̠]] 獵豹 (動物)
표범	[pʰjobʌ̹m]	[pʰjobʌ̹m]	[[pʰjobʌ̹m]] 豹 (動物)
흰동가리	[çindo̞ŋɡa̠ɾi]	[çindo̞ŋɡa̠ɾi]	[[çindo̞ŋɡa̠ɾi]] 小丑魚 (動物)
바다거북	[pa̠da̠ɡʌ̹buk̚]	[pa̠da̠ɡʌ̹buk̚]	[[pa̠da̠ɡʌ̹buk̚]] 海龜 (動物)
해마	[ˈhɛ(ː)ma̠]	[ˈhɛ(ː)ma̠]	[[ˈhɛ(ː)ma̠]] 海馬 (動物)
진도개			珍島犬 (動物)
두루미	[tuɾumi]	[tuɾumi]	[[tuɾumi]] 鶴 (動物)
눈꺼풀	[nunk͈ʌ̹pʰuɭ]	[nunk͈ʌ̹pʰuɭ]	[[nunk͈ʌ̹pʰuɭ]] 眼皮 (身體部位)
속눈썹	[ˈsʰo̞(ː)ŋnuns͈ʌ̹p̚]	[ˈsʰo̞(ː)ŋnuns͈ʌ̹p̚]	[[ˈsʰo̞(ː)ŋnuns͈ʌ̹p̚]] 眼睫毛 (身體部位)
콧구멍	[kʰo̞t̚k͈umʌ̹ŋ]	[kʰo̞t̚k͈umʌ̹ŋ]	[[kʰo̞t̚k͈umʌ̹ŋ]] 鼻孔 (身體部位)
턱뼈	[tʰʌ̹k̚p͈jʌ̹]	[tʰʌ̹k̚p͈jʌ̹]	[[tʰʌ̹k̚p͈jʌ̹]] 下顎 (身體部位)
손바닥	[sʰo̞np͈a̠da̠k̚]	[sʰo̞np͈a̠da̠k̚]	[[sʰo̞np͈a̠da̠k̚]] 手掌 (身體部位)
엄지손가락	[ʌ̹md͡ʑisʰo̞nɡa̠ɾa̠k̚]	[ʌ̹md͡ʑisʰo̞nɡa̠ɾa̠k̚]	[[ʌ̹md͡ʑisʰo̞nɡa̠ɾa̠k̚]] 拇指 (身體部位)
검지손가락			食指 (身體部位)
중지손가락			中指 (身體部位)
약지손가락			無名指 (身體部位)
새끼손가락	[sʰɛk͈isʰo̞nɡa̠ɾa̠k̚]	[sʰɛk͈isʰo̞nɡa̠ɾa̠k̚]	[[sʰɛk͈isʰo̞nɡa̠ɾa̠k̚]] 小指 (身體部位)
유방	[juba̠ŋ]	[juba̠ŋ]	[[juba̠ŋ]] 乳房 (身體部位)
척추	[t͡ɕʰʌ̹k̚t͡ɕʰu]	[t͡ɕʰʌ̹k̚t͡ɕʰu]	[[t͡ɕʰʌ̹k̚t͡ɕʰu]] 脊椎 (身體部位)
위	[ɥi]	[ɥi]	[[ɥi]] 胃 (身體部位)
배꼽	[pɛk͈o̞p̚]	[pɛk͈o̞p̚]	[[pɛk͈o̞p̚]] 肚臍 (身體部位)
넓적다리	[nʌ̹p̚t͡ɕ͈ʌ̹k̚t͈a̠ɾi]	[nʌ̹p̚t͡ɕ͈ʌ̹k̚t͈a̠ɾi]	[[nʌ̹p̚t͡ɕ͈ʌ̹k̚t͈a̠ɾi]] 大腿 (身體部位)
정강이	[t͡ɕʌ̹ŋɡa̠ŋi]	[t͡ɕʌ̹ŋɡa̠ŋi]	[[t͡ɕʌ̹ŋɡa̠ŋi]] 脛골 (身體部位)
발뒤꿈치	[pa̠ɭt͈ɥik͈umt͡ɕʰi]	[pa̠ɭt͈ɥik͈umt͡ɕʰi]	[[pa̠ɭt͈ɥik͈umt͡ɕʰi]] 腳跟 (身體部位)
발톱	[pa̠ɭtʰo̞p̚]	[pa̠ɭtʰo̞p̚]	[[pa̠ɭtʰo̞p̚]] 趾甲 (身體部位)
근육	[kɯɲuk̚]	[kɯɲuk̚]	[[kɯɲuk̚]] 肌肉 (身體部位)
뼈	[p͈jʌ̹]	[p͈jʌ̹]	[[p͈jʌ̹]] 骨頭 (身體部位)
관절	[kwa̠ɲd͡ʑʌ̹ɭ]	[kwa̠ɲd͡ʑʌ̹ɭ]	[[kwa̠ɲd͡ʑʌ̹ɭ]] 關節 (身體部位)
폐	[pʰje̞(ː)]	[pʰje̞(ː)]	[[pʰje̞(ː)]] 肺 (身體部位)
간	[ka̠n]	[ka̠n]	[[ka̠n]] 肝臟 (身體部位)
신장	[ɕʰiɲd͡ʑa̠ŋ]	[ɕʰiɲd͡ʑa̠ŋ]	[[ɕʰiɲd͡ʑa̠ŋ]] 腎臟 (身體部位)
뇌	[nwe̞(ː)]	[nwe̞(ː)]	[[nwe̞(ː)]] 大腦 (身體部位)
지방	[t͡ɕiba̠ŋ]	[t͡ɕiba̠ŋ]	[[t͡ɕiba̠ŋ]] 脂肪 (身體部位)
침	[t͡ɕʰim]	[t͡ɕʰim]	[[t͡ɕʰim]] 唾液 (身體部位)
맥박	[mɛk̚p͈a̠k̚]	[mɛk̚p͈a̠k̚]	[[mɛk̚p͈a̠k̚]] 脈搏 (身體部位)
자세	[t͡ɕa̠sʰe̞]	[t͡ɕa̠sʰe̞]	[[t͡ɕa̠sʰe̞]] 姿勢 (身體部位)
주손			慣用手 (身體部位)
상체	[ˈsʰa̠(ː)ŋt͡ɕʰe̞]	[ˈsʰa̠(ː)ŋt͡ɕʰe̞]	[[ˈsʰa̠(ː)ŋt͡ɕʰe̞]] Upper Body (身體部位)
하체	[ˈha̠(ː)t͡ɕʰe̞]	[ˈha̠(ː)t͡ɕʰe̞]	[[ˈha̠(ː)t͡ɕʰe̞]] Lower Body (身體部位)
몸통	[mo̞mtʰo̞ŋ]	[mo̞mtʰo̞ŋ]	[[mo̞mtʰo̞ŋ]] Torso (身體部位)
팔다리	[pʰa̠ɭda̠ɾi]	[pʰa̠ɭda̠ɾi]	[[pʰa̠ɭda̠ɾi]] Limb (身體部位)
장기	[ˈt͡ɕa̠(ː)ŋɡi]	[ˈt͡ɕa̠(ː)ŋɡi]	[[ˈt͡ɕa̠(ː)ŋɡi]] Organ (身體部位)
체형	[t͡ɕʰe̞ʝʌ̹ŋ]	[t͡ɕʰe̞ʝʌ̹ŋ]	[[t͡ɕʰe̞ʝʌ̹ŋ]] Body Shape (身體部位)
근육질의			Muscular (身體部位)
유연성			Flexibility (身體部位)
쌍꺼풀	[s͈a̠ŋk͈ʌ̹pʰuɭ]	[s͈a̠ŋk͈ʌ̹pʰuɭ]	[[s͈a̠ŋk͈ʌ̹pʰuɭ]] Double Eyelid (身體部位)
외꺼풀			Monolid (身體部位)
보조개	[po̞d͡ʑo̞ɡɛ]	[po̞d͡ʑo̞ɡɛ]	[[po̞d͡ʑo̞ɡɛ]] Dimple (身體部位)
주근깨	[t͡ɕuɡɯnk͈ɛ]	[t͡ɕuɡɯnk͈ɛ]	[[t͡ɕuɡɯnk͈ɛ]] Freckle (身體部位)
산호색	[sʰa̠nβo̞sʰɛk̚]	[sʰa̠nβo̞sʰɛk̚]	[[sʰa̠nβo̞sʰɛk̚]] 珊瑚色 (顏色和形狀)
진빨강			深紅色 (顏色和形狀)
연파랑			淺藍色 (顏色與形狀)
진초록			深綠色 (顏色與形狀)
아이보리			象牙白 (顏色與形狀)
크림색			奶油色 (顏色與形狀)
터키석색			綠松石色 (顏色與形狀)
자홍색			品紅色 (顏色與形狀)
제비꽃색			紫羅蘭色 (顏色與形狀)
남색	[na̠msʰɛk̚]	[na̠msʰɛk̚]	[[na̠msʰɛk̚]] 靛藍色 (顏色與形狀)
밤색	[ˈpa̠(ː)msʰɛk̚]	[ˈpa̠(ː)msʰɛk̚]	[[ˈpa̠(ː)msʰɛk̚]] 栗色 (顏色與形狀)
올리브색			橄欖綠 (顏色與形狀)
청록색			藍綠色 (顏色與形狀)
장미색			玫瑰色 (顏色與形狀)
라벤더색			薰衣草色 (顏色與形狀)
복숭아색			桃子色 (顏色與形狀)
라일락색			淡紫色 (顏色與形狀)
초승달	[t͡ɕʰo̞sʰɯŋt͈a̠ɭ]	[t͡ɕʰo̞sʰɯŋt͈a̠ɭ]	[[t͡ɕʰo̞sʰɯŋt͈a̠ɭ]] 新月 (顏色與形狀)
오각형	[ˈo̞(ː)ɡa̠cçʌ̹ŋ]	[ˈo̞(ː)ɡa̠cçʌ̹ŋ]	[[ˈo̞(ː)ɡa̠cçʌ̹ŋ]] 五邊形 (顏色與形狀)
육각형	[juk̚k͈a̠cçʌ̹ŋ]	[juk̚k͈a̠cçʌ̹ŋ]	[[juk̚k͈a̠cçʌ̹ŋ]] 六邊形 (顏色與形狀)
팔각형	[pʰa̠ɭɡa̠cçʌ̹ŋ]	[pʰa̠ɭɡa̠cçʌ̹ŋ]	[[pʰa̠ɭɡa̠cçʌ̹ŋ]] 八邊形 (顏色與形狀)
구	[ku]	[ku]	[[ku]] 球體 (顏色與形狀)
정육면체	[ˈt͡ɕɘ(ː)ŋɲuŋmjʌ̹ɲt͡ɕʰe̞]	[ˈt͡ɕɘ(ː)ŋɲuŋmjʌ̹ɲt͡ɕʰe̞]	[[ˈt͡ɕɘ(ː)ŋɲuŋmjʌ̹ɲt͡ɕʰe̞]] 立方體 (顏色與形狀)
원기둥	[wʌ̹nɡiduŋ]	[wʌ̹nɡiduŋ]	[[wʌ̹nɡiduŋ]] 圓柱體 (顏色與形狀)
원뿔	[wʌ̹np͈uɭ]	[wʌ̹np͈uɭ]	[[wʌ̹np͈uɭ]] 圓錐體 (顏色與形狀)
피라미드	[pʰiɾa̠midɯ]	[pʰiɾa̠midɯ]	[[pʰiɾa̠midɯ]] 金字塔 (顏色與形狀)
나선	[na̠sʰʌ̹n]	[na̠sʰʌ̹n]	[[na̠sʰʌ̹n]] 螺旋 (顏色與形狀)
수평	[sʰupʰjʌ̹ŋ]	[sʰupʰjʌ̹ŋ]	[[sʰupʰjʌ̹ŋ]] 水平 (顏色與形狀)
수직			垂直 (顏色與形狀)
대각선			對角線 (顏色與形狀)
평행	[pʰjʌ̹ŋɦɛŋ]	[pʰjʌ̹ŋɦɛŋ]	[[pʰjʌ̹ŋɦɛŋ]] 平行 (顏色與形狀)
뾰족한			尖銳 (顏色與形狀)
단단한			實心 (顏色與形狀)
윤곽	[junɡwa̠k̚]	[junɡwa̠k̚]	[[junɡwa̠k̚]] 輪廓 (顏色與形狀)
테두리	[tʰe̞duɾi]	[tʰe̞duɾi]	[[tʰe̞duɾi]] 邊框 (顏色與形狀)
모서리	[mo̞sʰʌ̹ɾi]	[mo̞sʰʌ̹ɾi]	[[mo̞sʰʌ̹ɾi]] 邊緣 (顏色與形狀)
각도	[ka̠k̚t͈o̞]	[ka̠k̚t͈o̞]	[[ka̠k̚t͈o̞]] 角度 (顏色與形狀)
너비	[nʌ̹bi]	[nʌ̹bi]	[[nʌ̹bi]] 寬度 (顏色與形狀)
깊이	[kipʰi]	[kipʰi]	[[kipʰi]] 深度 (顏色與形狀)
거대한			巨大的 (顏色與形狀)
체크무늬			格子 (顏色與形狀)
지그재그			鋸齒形 (顏色與形狀)
시대	[ɕʰidɛ]	[ɕʰidɛ]	[[ɕʰidɛ]] 時代 (數字與時間)
십년			十年 (數字與時間)
상담선생님			校內輔導員 (校園生活)
중간고사	[t͡ɕuŋɡa̠nɡo̞sʰa̠]	[t͡ɕuŋɡa̠nɡo̞sʰa̠]	[[t͡ɕuŋɡa̠nɡo̞sʰa̠]] 期中考試 (校園生活)
기말고사	[kima̠ɭɡo̞sʰa̠]	[kima̠ɭɡo̞sʰa̠]	[[kima̠ɭɡo̞sʰa̠]] 期末考 (學校生活)
성적표	[sʰʌ̹ŋd͡ʑʌ̹k̚pʰjo]	[sʰʌ̹ŋd͡ʑʌ̹k̚pʰjo]	[[sʰʌ̹ŋd͡ʑʌ̹k̚pʰjo]] 成績單 (學校生活)
등수			排名 (學校生活)
독서실	[to̞ks͈ʌ̹ɕʰiɭ]	[to̞ks͈ʌ̹ɕʰiɭ]	[[to̞ks͈ʌ̹ɕʰiɭ]] 自習室 (學校生活)
과학실	[kwa̠ɦa̠kɕ͈iɭ]	[kwa̠ɦa̠kɕ͈iɭ]	[[kwa̠ɦa̠kɕ͈iɭ]] 科學實驗室 (學校生活)
미술실			美術教室 (學校生活)
음악실	[ɯma̠kɕ͈iɭ]	[ɯma̠kɕ͈iɭ]	[[ɯma̠kɕ͈iɭ]] 音樂教室 (學校生活)
동아리	[to̞ŋa̠ɾi]	[to̞ŋa̠ɾi]	[[to̞ŋa̠ɾi]] 社團 (學校生活)
운동회	[ˈu(ː)ndo̞ŋβwe̞]	[ˈu(ː)ndo̞ŋβwe̞]	[[ˈu(ː)ndo̞ŋβwe̞]] Field Day (School Life)
식	[ɕʰik̚]	[ɕʰik̚]	[[ɕʰik̚]] Ceremony (School Life)
문화제			Cultural Festival (School Life)
조회	[ˈt͡ɕo̞(ː)βwe̞]	[ˈt͡ɕo̞(ː)βwe̞]	[[ˈt͡ɕo̞(ː)βwe̞]] Morning Assembly (School Life)
허락장			Permission Slip (School Life)
짝사랑	[t͡ɕ͈a̠ks͈a̠ɾa̠ŋ]	[t͡ɕ͈a̠ks͈a̠ɾa̠ŋ]	[[t͡ɕ͈a̠ks͈a̠ɾa̠ŋ]] School Crush (School Life)
세미나	[s͈e̞mina̠]	[s͈e̞mina̠]	[[s͈e̞mina̠]] Seminar (School Life)
학위	[ha̠ɡɥi]	[ha̠ɡɥi]	[[ha̠ɡɥi]] Degree (School Life)
동문	[ˈto̞(ː)ŋmun]	[ˈto̞(ː)ŋmun]	[[ˈto̞(ː)ŋmun]] Alumni (School Life)
자습실			Self-Study Room (School Life)
얼어붙는			冰點的 (天氣)
온화한			溫和 (天氣)
폭우	[pʰo̞ɡu]	[pʰo̞ɡu]	[[pʰo̞ɡu]] 大雨 (天氣)
뇌우	[nwe̞u]	[nwe̞u]	[[nwe̞u]] 雷暴 (天氣)
진눈깨비	[t͡ɕinnunk͈ɛbi]	[t͡ɕinnunk͈ɛbi]	[[t͡ɕinnunk͈ɛbi]] 雨夾雪 (天氣)
눈보라	[ˈnu(ː)nbo̞ɾa̠]	[ˈnu(ː)nbo̞ɾa̠]	[[ˈnu(ː)nbo̞ɾa̠]] 暴風雪 (天氣)
폭설	[pʰo̞ks͈ʌ̹ɭ]	[pʰo̞ks͈ʌ̹ɭ]	[[pʰo̞ks͈ʌ̹ɭ]] 雪災 (天氣)
먼지폭풍			沙塵暴 (天氣)
장마	[t͡ɕa̠ŋma̠]	[t͡ɕa̠ŋma̠]	[[t͡ɕa̠ŋma̠]] 雨季 (天氣)
건기			乾季 (天氣)
공기질			空氣品質 (天氣)
습도	[sʰɯp̚t͈o̞]	[sʰɯp̚t͈o̞]	[[sʰɯp̚t͈o̞]] Humidity Level (天氣)
풍속	[pʰuŋsʰo̞k̚]	[pʰuŋsʰo̞k̚]	[[pʰuŋsʰo̞k̚]] Wind Speed (天氣)
풍향			Wind Direction (天氣)
대피	[ˈtɛ(ː)pʰi]	[ˈtɛ(ː)pʰi]	[[ˈtɛ(ː)pʰi]] Evacuation (天氣)
대피소	[ˈtɛ(ː)pʰisʰo̞]	[ˈtɛ(ː)pʰisʰo̞]	[[ˈtɛ(ː)pʰisʰo̞]] Shelter (天氣)
소름	[sʰo̞ɾɯm]	[sʰo̞ɾɯm]	[[sʰo̞ɾɯm]] Goosebumps (天氣)
일광화상			Sunburn (天氣)
열사병	[jʌ̹ɭs͈a̠p͈jʌ̹ŋ]	[jʌ̹ɭs͈a̠p͈jʌ̹ŋ]	[[jʌ̹ɭs͈a̠p͈jʌ̹ŋ]] Heat Stroke (天氣)
탈수			脫水 (天氣)
뿌연			朦朧的 (天氣)
정장	[ˈt͡ɕɘ(ː)ŋd͡ʑa̠ŋ]	[ˈt͡ɕɘ(ː)ŋd͡ʑa̠ŋ]	[[ˈt͡ɕɘ(ː)ŋd͡ʑa̠ŋ]] Suit (服飾)
블레이저			Blazer (服飾)
패딩			羽絨夾克 (服飾)
크롭탑	[kxɯɾo̞p̚tʰa̠p̚]	[kxɯɾo̞p̚tʰa̠p̚]	[[kxɯɾo̞p̚tʰa̠p̚]] 短版上衣 (服飾)
터틀넥			高領衫 (服飾)
폴로셔츠			Polo衫 (服飾)
드레스셔츠			正裝襯衫 (服飾)
브래지어	[pɯɾɛd͡ʑiʌ̹]	[pɯɾɛd͡ʑiʌ̹]	[[pɯɾɛd͡ʑiʌ̹]] 胸罩 (服飾)
스타킹	[sʰɯtʰa̠cçiŋ]	[sʰɯtʰa̠cçiŋ]	[[sʰɯtʰa̠cçiŋ]] 絲襪 (服飾)
타이츠			褲襪 (服飾)
하이힐	[ha̠iʝiɭ]	[ha̠iʝiɭ]	[[ha̠iʝiɭ]] 高跟鞋 (服飾)
로퍼			樂福鞋 (服飾)
옥스포드			牛津鞋 (服飾)
벙어리장갑			連指手套 (服飾)
토트백	[tʰo̞tʰɯbɛk̚]	[tʰo̞tʰɯbɛk̚]	[[tʰo̞tʰɯbɛk̚]] 托特包 (服飾)
숄더백	[ɕʰoɭdʌ̹p͈ɛk̚]	[ɕʰoɭdʌ̹p͈ɛk̚]	[[ɕʰoɭdʌ̹p͈ɛk̚]] 肩背包 (服飾)
크로스백	[kxɯɾo̞sʰɯp͈ɛk̚]	[kxɯɾo̞sʰɯp͈ɛk̚]	[[kxɯɾo̞sʰɯp͈ɛk̚]] 斜背包 (服飾)
클러치	[kxɯɭɭʌ̹t͡ɕʰi]	[kxɯɭɭʌ̹t͡ɕʰi]	[[kxɯɭɭʌ̹t͡ɕʰi]] 手拿包 (服飾)
넥타이	[ne̞k̚tʰa̠i]	[ne̞k̚tʰa̠i]	[[ne̞k̚tʰa̠i]] 領帶 (服飾)
나비넥타이			領結 (服飾)
멜빵	[ˈme̞(ː)ɭp͈a̠ŋ]	[ˈme̞(ː)ɭp͈a̠ŋ]	[[ˈme̞(ː)ɭp͈a̠ŋ]] 吊帶 (服飾)
브로치	[pɯɾo̞t͡ɕʰi]	[pɯɾo̞t͡ɕʰi]	[[pɯɾo̞t͡ɕʰi]] 胸針 (服飾)
헤어액세서리			髮飾 (服飾)
헤어핀	[he̞ʌ̹pʰin]	[he̞ʌ̹pʰin]	[[he̞ʌ̹pʰin]] 髮夾 (服飾)
헤드밴드			頭帶 (服飾)
운동복	[ˈu(ː)ndo̞ŋbo̞k̚]	[ˈu(ː)ndo̞ŋbo̞k̚]	[[ˈu(ː)ndo̞ŋbo̞k̚]] 運動服 (服飾)
수영복	[sʰujʌ̹ŋbo̞k̚]	[sʰujʌ̹ŋbo̞k̚]	[[sʰujʌ̹ŋbo̞k̚]] 泳衣 (服飾)
비키니	[picçini]	[picçini]	[[picçini]] 比基尼 (服飾)
짐웨어			健身服 (服飾)
요가팬츠			瑜珈褲 (服飾)
전통의상			韓服 (服飾)
웨딩드레스	[we̞diŋdɯɾe̞sʰɯ]	[we̞diŋdɯɾe̞sʰɯ]	[[we̞diŋdɯɾe̞sʰɯ]] 婚紗 (服飾)
린넨			Linen (Clothing)
실크			Silk (Clothing)
폴리에스터	[pʰo̞ʎʎie̞sʰɯtʰʌ̹]	[pʰo̞ʎʎie̞sʰɯtʰʌ̹]	[[pʰo̞ʎʎie̞sʰɯtʰʌ̹]] Polyester (Clothing)
벨벳	[pe̞ɭbe̞t̚]	[pe̞ɭbe̞t̚]	[[pe̞ɭbe̞t̚]] Velvet (Clothing)
피팅			Fitting (Clothing)
수선	[sʰusʰʌ̹n]	[sʰusʰʌ̹n]	[[sʰusʰʌ̹n]] Alteration (Clothing)
드라이클리닝			Dry clean (Clothing)
손세탁			Hand wash (Clothing)
첫사랑	[t͡ɕʰʌ̹ss͈a̠ɾa̠ŋ]	[t͡ɕʰʌ̹ss͈a̠ɾa̠ŋ]	[[t͡ɕʰʌ̹ss͈a̠ɾa̠ŋ]] 初戀 (韓劇表達)
운명	[ˈu(ː)nmjʌ̹ŋ]	[ˈu(ː)nmjʌ̹ŋ]	[[ˈu(ː)nmjʌ̹ŋ]] 命運 (韓劇表達)
숙명	[sʰuŋmjʌ̹ŋ]	[sʰuŋmjʌ̹ŋ]	[[sʰuŋmjʌ̹ŋ]] 命運 (韓劇用語)
오해	[ˈo̞(ː)ɦɛ]	[ˈo̞(ː)ɦɛ]	[[ˈo̞(ː)ɦɛ]] 誤會 (韓劇用語)
재회			重逢 (韓劇用語)
복수	[po̞ks͈u]	[po̞ks͈u]	[[po̞ks͈u]] 復仇 (韓劇用語)
조연	[t͡ɕo̞jʌ̹n]	[t͡ɕo̞jʌ̹n]	[[t͡ɕo̞jʌ̹n]] 配角 (韓劇用語)
악당	[a̠k̚t͈a̠ŋ]	[a̠k̚t͈a̠ŋ]	[[a̠k̚t͈a̠ŋ]] 反派 (韓劇用語)
반전	[ˈpa̠(ː)ɲd͡ʑʌ̹n]	[ˈpa̠(ː)ɲd͡ʑʌ̹n]	[[ˈpa̠(ː)ɲd͡ʑʌ̹n]] 情節轉折 (韓劇用語)
클리프행거			懸念結尾 (韓劇用語)
주제곡	[t͡ɕud͡ʑe̞ɡo̞k̚]	[t͡ɕud͡ʑe̞ɡo̞k̚]	[[t͡ɕud͡ʑe̞ɡo̞k̚]] 主旋律 (韓劇用語)
몰아보기			追劇 (韓劇用語)
스포일러	[sʰɯpʰo̞iɭɭʌ̹]	[sʰɯpʰo̞iɭɭʌ̹]	[[sʰɯpʰo̞iɭɭʌ̹]] 暴雷 (韓劇用語)
팬걸			女粉絲 (韓劇用語)
팬보이			男粉絲 (韓劇用語)
비하인드			幕後花絮 (韓劇用語)
시청자	[ˈɕʰi(ː)t͡ɕʰʌ̹ŋd͡ʑa̠]	[ˈɕʰi(ː)t͡ɕʰʌ̹ŋd͡ʑa̠]	[[ˈɕʰi(ː)t͡ɕʰʌ̹ŋd͡ʑa̠]] 觀眾人數 (韓劇用語)
현대극			現代劇 (韓劇用語)
멜로드라마	[me̞ɭɭo̞dɯɾa̠ma̠]	[me̞ɭɭo̞dɯɾa̠ma̠]	[[me̞ɭɭo̞dɯɾa̠ma̠]] 愛情劇 (韓劇用語)
스릴러	[sʰɯɾiɭɭʌ̹]	[sʰɯɾiɭɭʌ̹]	[[sʰɯɾiɭɭʌ̹]] 驚悚劇 (韓劇用語)
환생	[ɸwa̠nsʰɛŋ]	[ɸwa̠nsʰɛŋ]	[[ɸwa̠nsʰɛŋ]] Reincarnation (K-Drama Expressions)
초능력	[t͡ɕʰo̞nɯŋɲʌ̹k̚]	[t͡ɕʰo̞nɯŋɲʌ̹k̚]	[[t͡ɕʰo̞nɯŋɲʌ̹k̚]] Supernatural Power (K-Drama Expressions)
쇄골			Collarbone (Body Parts)
형광색	[çʌ̹ŋɡwa̠ŋsʰɛk̚]	[çʌ̹ŋɡwa̠ŋsʰɛk̚]	[[çʌ̹ŋɡwa̠ŋsʰɛk̚]] Neon Color (Colors and Shapes)
빙판길			Slippery Road (Weather)
쌍무지개	[s͈a̠ŋmud͡ʑiɡɛ]	[s͈a̠ŋmud͡ʑiɡɛ]	[[s͈a̠ŋmud͡ʑiɡɛ]] Double Rainbow (Weather)
열대야			Tropical Night (Weather)
정주행	[ˈt͡ɕɘ(ː)ŋd͡ʑuɦɛŋ]	[ˈt͡ɕɘ(ː)ŋd͡ʑuɦɛŋ]	[[ˈt͡ɕɘ(ː)ŋd͡ʑuɦɛŋ]] Drama Binge (K-Drama Expressions)
돌풍			Wind Gust (Weather)
병가			Sick Leave (校園生活)
전학생			Transfer Student (校園生活)
컨퍼런스	[kʰʌ̹npʰʌ̹ɾʌ̹nsʰɯ]	[kʰʌ̹npʰʌ̹ɾʌ̹nsʰɯ]	[[kʰʌ̹npʰʌ̹ɾʌ̹nsʰɯ]] Conference (商業)
계약	[ˈkje̞(ː)ja̠k̚]	[ˈkje̞(ː)ja̠k̚]	[[ˈkje̞(ː)ja̠k̚]] Contract (商業)
협상	[çʌ̹ps͈a̠ŋ]	[çʌ̹ps͈a̠ŋ]	[[çʌ̹ps͈a̠ŋ]] 談判 (商業)
승진	[sʰɯŋd͡ʑin]	[sʰɯŋd͡ʑin]	[[sʰɯŋd͡ʑin]] 晉升 (商業)
사직	[sʰa̠d͡ʑik̚]	[sʰa̠d͡ʑik̚]	[[sʰa̠d͡ʑik̚]] 辭職 (商業)
추천인			推薦人 (商業)
수습기간			試用期 (商業)
프리랜서	[pʰɯɾiɾɛnsʰʌ̹]	[pʰɯɾiɾɛnsʰʌ̹]	[[pʰɯɾiɾɛnsʰʌ̹]] 自由職業 (商業)
칸막이	[kʰa̠nma̠ɡi]	[kʰa̠nma̠ɡi]	[[kʰa̠nma̠ɡi]] 隔間 (商業)
출산휴가			產假 (商業)
육아휴직			陪產假 (商業)
퇴직	[tʰwe̞d͡ʑik̚]	[tʰwe̞d͡ʑik̚]	[[tʰwe̞d͡ʑik̚]] 退休 (商業)
매출	[ˈmɛ(ː)t͡ɕʰuɭ]	[ˈmɛ(ː)t͡ɕʰuɭ]	[[ˈmɛ(ː)t͡ɕʰuɭ]] 收入 (商業)
이익	[ˈi(ː)ik̚]	[ˈi(ː)ik̚]	[[ˈi(ː)ik̚]] 利潤 (商業)
손실	[ˈsʰo̞(ː)nɕʰiɭ]	[ˈsʰo̞(ː)nɕʰiɭ]	[[ˈsʰo̞(ː)nɕʰiɭ]] 虧損 (商業)
송장	[ˈsʰo̞(ː)ŋd͡ʑa̠ŋ]	[ˈsʰo̞(ː)ŋd͡ʑa̠ŋ]	[[ˈsʰo̞(ː)ŋd͡ʑa̠ŋ]] 發票 (商業)
회계	[ˈɸwe̞(ː)ɡje̞]	[ˈɸwe̞(ː)ɡje̞]	[[ˈɸwe̞(ː)ɡje̞]] 會計 (商業)
투자	[tʰud͡ʑa̠]	[tʰud͡ʑa̠]	[[tʰud͡ʑa̠]] 投資 (商業)
프랜차이즈			加盟 (商業)
홍보	[ɸʷo̞ŋbo̞]	[ɸʷo̞ŋbo̞]	[[ɸʷo̞ŋbo̞]] 公關 (商業)
공급업체			供應商 (商業)
판매자	[pʰa̠nmɛd͡ʑa̠]	[pʰa̠nmɛd͡ʑa̠]	[[pʰa̠nmɛd͡ʑa̠]] 供應商 (商業)
파트너십			合作夥伴關係 (商業)
협력	[çʌ̹mɲʌ̹k̚]	[çʌ̹mɲʌ̹k̚]	[[çʌ̹mɲʌ̹k̚]] 協作 (商業)
경쟁사			競爭者 (商業)
부하직원			下屬 (商業)
번아웃			職業倦怠 (商業)
멘토링			導師指導 (商業)
튀기다	[tʰɥiɡida̠]	[tʰɥiɡida̠]	[[tʰɥiɡida̠]] Deep-fry (烹飪)
굽다	[kup̚t͈a̠]	[kup̚t͈a̠]	[[kup̚t͈a̠]] Bake (烹飪)
로스트하다			烘烤 (烹飪)
조리다	[t͡ɕo̞ɾida̠]	[t͡ɕo̞ɾida̠]	[[t͡ɕo̞ɾida̠]] 燉煮 (烹飪)
데치다	[ˈte̞(ː)t͡ɕʰida̠]	[ˈte̞(ː)t͡ɕʰida̠]	[[ˈte̞(ː)t͡ɕʰida̠]] 汆燙 (烹飪)
두드리다	[tudɯɾida̠]	[tudɯɾida̠]	[[tudɯɾida̠]] Pound (Cooking)
치대다			Knead (Cooking)
말다	[ˈma̠(ː)ɭda̠]	[ˈma̠(ː)ɭda̠]	[[ˈma̠(ː)ɭda̠]] Roll (Cooking)
접다	[t͡ɕʌ̹p̚t͈a̠]	[t͡ɕʌ̹p̚t͈a̠]	[[t͡ɕʌ̹p̚t͈a̠]] Fold (Cooking)
채우다	[t͡ɕʰɛuda̠]	[t͡ɕʰɛuda̠]	[[t͡ɕʰɛuda̠]] Stuff (Cooking)
절이다	[t͡ɕʌ̹ɾida̠]	[t͡ɕʌ̹ɾida̠]	[[t͡ɕʌ̹ɾida̠]] Pickle (Cooking)
보존하다	[ˈpo̞(ː)d͡ʑo̞nɦa̠da̠]	[ˈpo̞(ː)d͡ʑo̞nɦa̠da̠]	[[ˈpo̞(ː)d͡ʑo̞nɦa̠da̠]] Preserve (Cooking)
조절하다			Adjust (Cooking)
장식하다	[t͡ɕa̠ŋɕʰikʰa̠da̠]	[t͡ɕa̠ŋɕʰikʰa̠da̠]	[[t͡ɕa̠ŋɕʰikʰa̠da̠]] Garnish (Cooking)
압력밥솥			壓力鍋 (烹飪)
감칠맛	[ˈka̠(ː)mt͡ɕʰiɭma̠t̚]	[ˈka̠(ː)mt͡ɕʰiɭma̠t̚]	[[ˈka̠(ː)mt͡ɕʰiɭma̠t̚]] Umami (烹飪)
템포	[tʰe̞mpʰo̞]	[tʰe̞mpʰo̞]	[[tʰe̞mpʰo̞]] Tempo (音樂)
음정	[ɯmd͡ʑʌ̹ŋ]	[ɯmd͡ʑʌ̹ŋ]	[[ɯmd͡ʑʌ̹ŋ]] 音高 (音樂)
음표	[ɯmpʰjo]	[ɯmpʰjo]	[[ɯmpʰjo]] Note (音樂)
화음	[ɸwa̠ɯm]	[ɸwa̠ɯm]	[[ɸwa̠ɯm]] Chord (音樂)
음계	[ɯmɡje̞]	[ɯmɡje̞]	[[ɯmɡje̞]] Scale (音樂)
조화	[t͡ɕo̞βwa̠]	[t͡ɕo̞βwa̠]	[[t͡ɕo̞βwa̠]] Harmony (音樂)
브릿지			Bridge (音樂)
훅	[ɸʷuk̚]	[ɸʷuk̚]	[[ɸʷuk̚]] Hook (音樂)
반복	[ˈpa̠(ː)nbo̞k̚]	[ˈpa̠(ː)nbo̞k̚]	[[ˈpa̠(ː)nbo̞k̚]] Refrain (音樂)
앙코르			安可 (音樂)
앰프	[ɛmpʰɯ]	[ɛmpʰɯ]	[[ɛmpʰɯ]] 擴大機 (音樂)
프로듀서	[pʰɯɾo̞djusʰʌ̹]	[pʰɯɾo̞djusʰʌ̹]	[[pʰɯɾo̞djusʰʌ̹]] 製作人 (音樂)
작곡가	[t͡ɕa̠k̚k͈o̞k̚k͈a̠]	[t͡ɕa̠k̚k͈o̞k̚k͈a̠]	[[t͡ɕa̠k̚k͈o̞k̚k͈a̠]] 作曲家 (音樂)
작사가	[t͡ɕa̠ks͈a̠ɡa̠]	[t͡ɕa̠ks͈a̠ɡa̠]	[[t͡ɕa̠ks͈a̠ɡa̠]] 詞曲作家 (音樂)
해체	[ˈhɛ(ː)t͡ɕʰe̞]	[ˈhɛ(ː)t͡ɕʰe̞]	[[ˈhɛ(ː)t͡ɕʰe̞]] 解散 (音樂)
사인앨범			簽名專輯 (音樂)
커버댄스			翻跳 (音樂)
에이전시			經紀公司 (音樂)
로열티			版稅 (音樂)
빌보드			告示牌 (音樂)
그래미			葛萊美獎 (音樂)
인기가요			人氣歌謠 (音樂)
뮤직뱅크			音樂銀行 (音樂)
가야금	[ka̠ja̠ɡɯm]	[ka̠ja̠ɡɯm]	[[ka̠ja̠ɡɯm]] 伽嗩囉 (音樂)
해금	[hɛɡɯm]	[hɛɡɯm]	[[hɛɡɯm]] 奚琴 (音樂)
신스			合成器 (音樂)
녹음실	[no̞ɡɯmɕʰiɭ]	[no̞ɡɯmɕʰiɭ]	[[no̞ɡɯmɕʰiɭ]] Recording Studio (音樂)
믹싱			Mixing (音樂)
마스터링			Mastering (音樂)
출장	[t͡ɕʰuʎt͡ɕ͈a̠ŋ]	[t͡ɕʰuʎt͡ɕ͈a̠ŋ]	[[t͡ɕʰuʎt͡ɕ͈a̠ŋ]] Business Trip (商業)
네트워킹			Networking (商業)
칼질	[kʰa̠ʎd͡ʑiɭ]	[kʰa̠ʎd͡ʑiɭ]	[[kʰa̠ʎd͡ʑiɭ]] Knife Skills (烹飪)
인싸	[ins͈a̠]	[ins͈a̠]	[[ins͈a̠]] Inssa (俚語)
현타	[çʌ̹ntʰa̠]	[çʌ̹ntʰa̠]	[[çʌ̹ntʰa̠]] Hyuntae (俚語)
갓생			Gatsaeng (俚語)
소확행			Sowhakhaeng (俚語)
꼰대	[k͈o̞ndɛ]	[k͈o̞ndɛ]	[[k͈o̞ndɛ]] Kkondae (俚語)
갑분싸	[ka̠p̚p͈uns͈a̠]	[ka̠p̚p͈uns͈a̠]	[[ka̠p̚p͈uns͈a̠]] Gabbunsssa (俚語)
세단뛰기	[sʰe̞da̠nt͈ɥiɡi]	[sʰe̞da̠nt͈ɥiɡi]	[[sʰe̞da̠nt͈ɥiɡi]] 三級跳 (運動)
알고리즘	[a̠ɭɡo̞ɾid͡ʑɯm]	[a̠ɭɡo̞ɾid͡ʑɯm]	[[a̠ɭɡo̞ɾid͡ʑɯm]] Algorithm (科技)
믹스테이프			Mixtape (音樂)
사운드체크			Soundcheck (音樂)
은근히	[ɯnɡɯnʝi]	[ɯnɡɯnʝi]	[[ɯnɡɯnʝi]] Lowkey (俚語)
소외감			FOMO (Fear of Missing Out) (俚語)
쩐다			Cool (俚語)
핵	[hɛk̚]	[hɛk̚]	[[hɛk̚]] Super (俚語)
미쳤다			Crazy (俚語)
꿀	[k͈uɭ]	[k͈uɭ]	[[k͈uɭ]] Sweet (俚語)
킹받다	[cçiŋba̠t̚t͈a̠]	[cçiŋba̠t̚t͈a̠]	[[cçiŋba̠t̚t͈a̠]] Annoying (俚語)
갓	[ka̠t̚]	[ka̠t̚]	[[ka̠t̚]] God (俚語)
극혐	[kɯcçʌ̹m]	[kɯcçʌ̹m]	[[kɯcçʌ̹m]] Extreme Disgust (俚語)
취존			Respect Taste (俚語)
웃프다	[ut̚pʰɯda̠]	[ut̚pʰɯda̠]	[[ut̚pʰɯda̠]] Sad and Funny (俚語)
억울하다	[ʌ̹ɡuɾɦa̠da̠]	[ʌ̹ɡuɾɦa̠da̠]	[[ʌ̹ɡuɾɦa̠da̠]] Unfair (俚語)
아재	[a̠d͡ʑɛ]	[a̠d͡ʑɛ]	[[a̠d͡ʑɛ]] Ajae (俚語)
아재개그	[a̠d͡ʑɛɡɛɡɯ]	[a̠d͡ʑɛɡɛɡɯ]	[[a̠d͡ʑɛɡɛɡɯ]] 老爸的笑話 (俚語)
눈치없다			沒有眼力 (俚語)
센스없다			沒有品味 (俚語)
관종	[kwa̠ɲd͡ʑo̞ŋ]	[kwa̠ɲd͡ʑo̞ŋ]	[[kwa̠ɲd͡ʑo̞ŋ]] 愛出風頭的人 (俚語)
핵인싸			超級受歡迎 (俚語)
빻다	[ˈp͈a̠(ː)tʰa̠]	[ˈp͈a̠(ː)tʰa̠]	[[ˈp͈a̠(ː)tʰa̠]] 不酷 (俚語)
극공감			極度同感 (俚語)
가성비	[ka̠sʰʌ̹ŋbi]	[ka̠sʰʌ̹ŋbi]	[[ka̠sʰʌ̹ŋbi]] 性價比 (俚語)
가심비			心情消費 (俚語)
뇌절	[nwe̞d͡ʑʌ̹ɭ]	[nwe̞d͡ʑʌ̹ɭ]	[[nwe̞d͡ʑʌ̹ɭ]] 腦袋短路 (俚語)
병맛	[pjʌ̹ŋma̠t̚]	[pjʌ̹ŋma̠t̚]	[[pjʌ̹ŋma̠t̚]] 奇怪的品味 (俚語)
할많하않	[ha̠ɭma̠nɦa̠a̠n]	[ha̠ɭma̠nɦa̠a̠n]	[[ha̠ɭma̠nɦa̠a̠n]] 太懶了 (俚語)
팩폭	[pʰɛk̚pʰo̞k̚]	[pʰɛk̚pʰo̞k̚]	[[pʰɛk̚pʰo̞k̚]] 真相炸彈 (俚語)
스불재			不好笑 (俚語)
자뻑	[t͡ɕa̠p͈ʌ̹k̚]	[t͡ɕa̠p͈ʌ̹k̚]	[[t͡ɕa̠p͈ʌ̹k̚]] 自負 (俚語)
허세	[hʌ̹sʰe̞]	[hʌ̹sʰe̞]	[[hʌ̹sʰe̞]] 虛偽 (俚語)
과몰입			痴迷 (俚語)
입덕	[ip̚t͈ʌ̹k̚]	[ip̚t͈ʌ̹k̚]	[[ip̚t͈ʌ̹k̚]] 成為粉絲 (俚語)
탈덕	[tʰa̠ɭdʌ̹k̚]	[tʰa̠ɭdʌ̹k̚]	[[tʰa̠ɭdʌ̹k̚]] 脫粉 (俚語)
덕후	[tʌ̹kʰu]	[tʌ̹kʰu]	[[tʌ̹kʰu]] 粉絲 (俚語)
힙하다			時髦 (俚語)
감성	[ka̠msʰʌ̹ŋ]	[ka̠msʰʌ̹ŋ]	[[ka̠msʰʌ̹ŋ]] 感性 (俚語)
인생샷			人生照 (俚語)
핫플			熱門地點 (俚語)
글루			蛻變 (俚語)
떡상			股價飆升 (俚語)
떡락			股價暴跌 (俚語)
존버	[t͡ɕo̞nbʌ̹]	[t͡ɕo̞nbʌ̹]	[[t͡ɕo̞nbʌ̹]] 持有 (俚語)
영끌			All In (俚語)
빚투			借貸投資 (俚語)
마통			媽媽的錢 (俚語)
스펙	[sʰɯpʰe̞k̚]	[sʰɯpʰe̞k̚]	[[sʰɯpʰe̞k̚]] 履歷 (俚語)
니트족			尼特族 (俚語)
캥거루족	[kʰɛŋɡʌ̹ɾud͡ʑo̞k̚]	[kʰɛŋɡʌ̹ɾud͡ʑo̞k̚]	[[kʰɛŋɡʌ̹ɾud͡ʑo̞k̚]] 迴旋鏢小孩 (俚語)
피겨스케이팅			花式溜冰 (運動)
스피드스케이팅	[sʰɯpʰidɯsʰɯkʰe̞itʰiŋ]	[sʰɯpʰidɯsʰɯkʰe̞itʰiŋ]	[[sʰɯpʰidɯsʰɯkʰe̞itʰiŋ]] 競速溜冰 (運動)
양궁	[ja̠ŋɡuŋ]	[ja̠ŋɡuŋ]	[[ja̠ŋɡuŋ]] 射箭 (運動)
유도	[judo̞]	[judo̞]	[[judo̞]] 柔道 (運動)
레슬링	[ɾe̞s͈ɯʎʎiŋ]	[ɾe̞s͈ɯʎʎiŋ]	[[ɾe̞s͈ɯʎʎiŋ]] 摔跤 (運動)
복싱	[po̞kɕ͈iŋ]	[po̞kɕ͈iŋ]	[[po̞kɕ͈iŋ]] 拳擊 (運動)
펜싱	[pʰe̞nɕ͈iŋ]	[pʰe̞nɕ͈iŋ]	[[pʰe̞nɕ͈iŋ]] 擊劍 (運動)
사격	[sʰa̠ɡjʌ̹k̚]	[sʰa̠ɡjʌ̹k̚]	[[sʰa̠ɡjʌ̹k̚]] 射擊 (運動)
역도	[jʌ̹k̚t͈o̞]	[jʌ̹k̚t͈o̞]	[[jʌ̹k̚t͈o̞]] 舉重 (運動)
체조	[t͡ɕʰe̞d͡ʑo̞]	[t͡ɕʰe̞d͡ʑo̞]	[[t͡ɕʰe̞d͡ʑo̞]] 體操 (運動)
마라톤	[ma̠ɾa̠tʰo̞n]	[ma̠ɾa̠tʰo̞n]	[[ma̠ɾa̠tʰo̞n]] 馬拉松 (運動)
높이뛰기	[no̞pʰit͈ɥiɡi]	[no̞pʰit͈ɥiɡi]	[[no̞pʰit͈ɥiɡi]] 跳高 (運動)
멀리뛰기	[mʌ̹ʎʎit͈ɥiɡi]	[mʌ̹ʎʎit͈ɥiɡi]	[[mʌ̹ʎʎit͈ɥiɡi]] 跳遠 (運動)
포환던지기	[pʰo̞βwa̠ndʌ̹ɲd͡ʑiɡi]	[pʰo̞βwa̠ndʌ̹ɲd͡ʑiɡi]	[[pʰo̞βwa̠ndʌ̹ɲd͡ʑiɡi]] 鉛球 (運動)
창던지기	[t͡ɕʰa̠ŋdʌ̹ɲd͡ʑiɡi]	[t͡ɕʰa̠ŋdʌ̹ɲd͡ʑiɡi]	[[t͡ɕʰa̠ŋdʌ̹ɲd͡ʑiɡi]] 標槍 (運動)
원판던지기			鐵餅 (運動)
조정	[t͡ɕo̞d͡ʑʌ̹ŋ]	[t͡ɕo̞d͡ʑʌ̹ŋ]	[[t͡ɕo̞d͡ʑʌ̹ŋ]] 划船 (運動)
요트	[jotʰɯ]	[jotʰɯ]	[[jotʰɯ]] 帆船 (運動)
서핑	[sʰʌ̹pʰiŋ]	[sʰʌ̹pʰiŋ]	[[sʰʌ̹pʰiŋ]] 衝浪 (運動)
암벽등반			攀岩 (運動)
지구력			耐力 (運動)
민첩성	[miɲt͡ɕʰʌ̹ps͈ʌ̹ŋ]	[miɲt͡ɕʰʌ̹ps͈ʌ̹ŋ]	[[miɲt͡ɕʰʌ̹ps͈ʌ̹ŋ]] 敏捷性 (運動)
파울	[pʰa̠uɭ]	[pʰa̠uɭ]	[[pʰa̠uɭ]] 犯規 (運動)
페널티	[pʰe̞nʌ̹ɭtʰi]	[pʰe̞nʌ̹ɭtʰi]	[[pʰe̞nʌ̹ɭtʰi]] 罰球 (運動)
심판	[ˈɕʰi(ː)mpʰa̠n]	[ˈɕʰi(ː)mpʰa̠n]	[[ˈɕʰi(ː)mpʰa̠n]] 裁判 (運動)
주장	[t͡ɕud͡ʑa̠ŋ]	[t͡ɕud͡ʑa̠ŋ]	[[t͡ɕud͡ʑa̠ŋ]] 隊長 (運動)
우승자	[usʰɯŋd͡ʑa̠]	[usʰɯŋd͡ʑa̠]	[[usʰɯŋd͡ʑa̠]] 冠軍 (運動)
트로피	[tʰɯɾo̞pʰi]	[tʰɯɾo̞pʰi]	[[tʰɯɾo̞pʰi]] 獎盃 (運動)
아시안게임			亞洲運動會 (運動)
국가대표팀			國家隊 (運動)
이적	[ˈi(ː)d͡ʑʌ̹k̚]	[ˈi(ː)d͡ʑʌ̹k̚]	[[ˈi(ː)d͡ʑʌ̹k̚]] 轉會 (運動)
스폰서	[sʰɯpʰo̞ns͈ʌ̹]	[sʰɯpʰo̞ns͈ʌ̹]	[[sʰɯpʰo̞ns͈ʌ̹]] 贊助商 (運動)
관중	[kwa̠ɲd͡ʑuŋ]	[kwa̠ɲd͡ʑuŋ]	[[kwa̠ɲd͡ʑuŋ]] 觀眾 (運動)
원정경기			客場比賽 (運動)
홈경기			主場比賽 (運動)
플레이오프	[pʰɯɭɭe̞io̞pʰɯ]	[pʰɯɭɭe̞io̞pʰɯ]	[[pʰɯɭɭe̞io̞pʰɯ]] 季後賽 (運動)
세계기록			世界紀錄 (運動)
훈련캠프			訓練營 (運動)
스포츠영양			運動營養學 (運動)
수분섭취			水分補充 (運動)
인공지능	[inɡo̞ŋd͡ʑinɯŋ]	[inɡo̞ŋd͡ʑinɯŋ]	[[inɡo̞ŋd͡ʑinɯŋ]] 人工智慧 (科技)
머신러닝			機器學習 (科技)
데이터	[te̞itʰʌ̹]	[te̞itʰʌ̹]	[[te̞itʰʌ̹]] 資料 (科技)
빅데이터			Big Data (科技)
데이터베이스	[te̞itʰʌ̹be̞is͈ɯ]	[te̞itʰʌ̹be̞is͈ɯ]	[[te̞itʰʌ̹be̞is͈ɯ]] Database (科技)
서버	[s͈ʌ̹bʌ̹]	[s͈ʌ̹bʌ̹]	[[s͈ʌ̹bʌ̹]] Server (科技)
코딩			Coding (科技)
프로그래밍	[pʰɯɾo̞ɡɯɾɛmiŋ]	[pʰɯɾo̞ɡɯɾɛmiŋ]	[[pʰɯɾo̞ɡɯɾɛmiŋ]] Programming (科技)
소프트웨어	[s͈o̞pʰɯtʰɯwe̞ʌ̹]	[s͈o̞pʰɯtʰɯwe̞ʌ̹]	[[s͈o̞pʰɯtʰɯwe̞ʌ̹]] Software (科技)
하드웨어	[ha̠dɯwe̞ʌ̹]	[ha̠dɯwe̞ʌ̹]	[[ha̠dɯwe̞ʌ̹]] Hardware (科技)
버그	[pʌ̹ɡɯ]	[pʌ̹ɡɯ]	[[pʌ̹ɡɯ]] Bug (科技)
오류	[ˈo̞(ː)ɾju]	[ˈo̞(ː)ɾju]	[[ˈo̞(ː)ɾju]] Error (科技)
디버그			Debug (科技)
오픈소스			Open Source (科技)
핀테크			Fintech (科技)
전자상거래			E-commerce (科技)
플랫폼	[pʰɯɭɭɛt̚pʰo̞m]	[pʰɯɭɭɛt̚pʰo̞m]	[[pʰɯɭɭɛt̚pʰo̞m]] Platform (科技)
반도체	[ˈpa̠(ː)ndo̞t͡ɕʰe̞]	[ˈpa̠(ː)ndo̞t͡ɕʰe̞]	[[ˈpa̠(ː)ndo̞t͡ɕʰe̞]] Semiconductor (科技)
칩	[t͡ɕʰip̚]	[t͡ɕʰip̚]	[[t͡ɕʰip̚]] Chip (科技)
디스플레이	[tisʰɯpʰɯɭɭe̞i]	[tisʰɯpʰɯɭɭe̞i]	[[tisʰɯpʰɯɭɭe̞i]] Display (科技)
해상도	[ˈhɛ(ː)sʰa̠ŋdo̞]	[ˈhɛ(ː)sʰa̠ŋdo̞]	[[ˈhɛ(ː)sʰa̠ŋdo̞]] Resolution (科技)
쿠키	[kʰucçi]	[kʰucçi]	[[kʰucçi]] Cookie (科技)
개인정보			Privacy (科技)
사이버보안			網路安全 (科技)
해킹	[hɛcçiŋ]	[hɛcçiŋ]	[[hɛcçiŋ]] 駭客攻擊 (科技)
바이러스	[pa̠iɾʌ̹s͈ɯ]	[pa̠iɾʌ̹s͈ɯ]	[[pa̠iɾʌ̹s͈ɯ]] 病毒 (科技)
암호화	[ˈa̠(ː)mβo̞βwa̠]	[ˈa̠(ː)mβo̞βwa̠]	[[ˈa̠(ː)mβo̞βwa̠]] 加密 (科技)
드론	[tɯɾo̞n]	[tɯɾo̞n]	[[tɯɾo̞n]] 無人機 (科技)
자동화	[t͡ɕa̠do̞ŋβwa̠]	[t͡ɕa̠do̞ŋβwa̠]	[[t͡ɕa̠do̞ŋβwa̠]] 自動化 (科技)
전기자동차	[ˈt͡ɕɘ(ː)nɡid͡ʑa̠do̞ŋt͡ɕʰa̠]	[ˈt͡ɕɘ(ː)nɡid͡ʑa̠do̞ŋt͡ɕʰa̠]	[[ˈt͡ɕɘ(ː)nɡid͡ʑa̠do̞ŋt͡ɕʰa̠]] 電動車 (科技)
자율주행차			自駕車 (科技)
스마트홈			智慧家庭 (科技)
광섬유			光纖 (科技)
위성	[ɥisʰʌ̹ŋ]	[ɥisʰʌ̹ŋ]	[[ɥisʰʌ̹ŋ]] 衛星 (科技)
태양광패널			太陽能電池板 (科技)
배터리저장			電池儲能 (科技)
웨어러블기기			穿戴式裝置 (科技)
사물인터넷			物聯網 (科技)
처방전	[ˈt͡ɕʰɘ(ː)ba̠ŋd͡ʑʌ̹n]	[ˈt͡ɕʰɘ(ː)ba̠ŋd͡ʑʌ̹n]	[[ˈt͡ɕʰɘ(ː)ba̠ŋd͡ʑʌ̹n]] 處方箋 (健康與醫療)
혈압	[çʌ̹ɾa̠p̚]	[çʌ̹ɾa̠p̚]	[[çʌ̹ɾa̠p̚]] 血壓 (健康與醫療)
당뇨병	[ta̠ŋɲop͈jʌ̹ŋ]	[ta̠ŋɲop͈jʌ̹ŋ]	[[ta̠ŋɲop͈jʌ̹ŋ]] 糖尿病 (健康與醫療)
수술	[sʰusʰuɭ]	[sʰusʰuɭ]	[[sʰusʰuɭ]] 手術 (健康與醫療)
예방접종	[je̞ba̠ŋd͡ʑʌ̹p̚t͡ɕ͈o̞ŋ]	[je̞ba̠ŋd͡ʑʌ̹p̚t͡ɕ͈o̞ŋ]	[[je̞ba̠ŋd͡ʑʌ̹p̚t͡ɕ͈o̞ŋ]] 疫苗接種 (健康與醫療)
우울증	[uuʎt͡ɕ͈ɯŋ]	[uuʎt͡ɕ͈ɯŋ]	[[uuʎt͡ɕ͈ɯŋ]] 憂鬱症 (健康與醫療)
불면증	[puɭmjʌ̹ɲt͡ɕ͈ɯŋ]	[puɭmjʌ̹ɲt͡ɕ͈ɯŋ]	[[puɭmjʌ̹ɲt͡ɕ͈ɯŋ]] 失眠 (健康與醫療)
영양	[jʌ̹ŋja̠ŋ]	[jʌ̹ŋja̠ŋ]	[[jʌ̹ŋja̠ŋ]] 營養 (健康與醫療)
물리치료	[muʎʎit͡ɕʰiɾjo]	[muʎʎit͡ɕʰiɾjo]	[[muʎʎit͡ɕʰiɾjo]] 物理治療 (健康與醫療)
한약	[ˈha̠(ː)ɲa̠k̚]	[ˈha̠(ː)ɲa̠k̚]	[[ˈha̠(ː)ɲa̠k̚]] 韓藥 (健康與醫療)
골절	[ko̞ʎt͡ɕ͈ʌ̹ɭ]	[ko̞ʎt͡ɕ͈ʌ̹ɭ]	[[ko̞ʎt͡ɕ͈ʌ̹ɭ]] 骨折 (健康與醫療)
항생제	[ˈha̠(ː)ŋsʰɛŋd͡ʑe̞]	[ˈha̠(ː)ŋsʰɛŋd͡ʑe̞]	[[ˈha̠(ː)ŋsʰɛŋd͡ʑe̞]] 抗生素 (健康與醫療)
구역질	[kujʌ̹k̚t͡ɕ͈iɭ]	[kujʌ̹k̚t͡ɕ͈iɭ]	[[kujʌ̹k̚t͡ɕ͈iɭ]] 噁心 (健康與醫療)
구토	[kutʰo̞]	[kutʰo̞]	[[kutʰo̞]] Vomiting (Health & Medical)
피로	[pʰiɾo̞]	[pʰiɾo̞]	[[pʰiɾo̞]] Fatigue (Health & Medical)
발진	[pa̠ʎt͡ɕ͈in]	[pa̠ʎt͡ɕ͈in]	[[pa̠ʎt͡ɕ͈in]] Rash (Health & Medical)
피부과	[pʰibuk͈wa̠]	[pʰibuk͈wa̠]	[[pʰibuk͈wa̠]] Dermatology (Health & Medical)
소아과	[ˈsʰo̞(ː)a̠k͈wa̠]	[ˈsʰo̞(ː)a̠k͈wa̠]	[[ˈsʰo̞(ː)a̠k͈wa̠]] Pediatrics (Health & Medical)
콜레스테롤	[kʰo̞ɭɭe̞sʰɯtʰe̞ɾo̞ɭ]	[kʰo̞ɭɭe̞sʰɯtʰe̞ɾo̞ɭ]	[[kʰo̞ɭɭe̞sʰɯtʰe̞ɾo̞ɭ]] Cholesterol (Health & Medical)
재활			Rehabilitation (Health & Medical)
건강보험			Health Insurance (Health & Medical)
진단	[ˈt͡ɕi(ː)nda̠n]	[ˈt͡ɕi(ː)nda̠n]	[[ˈt͡ɕi(ː)nda̠n]] Diagnosis (Health & Medical)
감염	[ˈka̠(ː)mjʌ̹m]	[ˈka̠(ː)mjʌ̹m]	[[ˈka̠(ː)mjʌ̹m]] 感染 (健康與醫療)
염증	[jʌ̹mt͡ɕ͈ɯŋ]	[jʌ̹mt͡ɕ͈ɯŋ]	[[jʌ̹mt͡ɕ͈ɯŋ]] 發炎 (健康與醫療)
비만	[ˈpi(ː)ma̠n]	[ˈpi(ː)ma̠n]	[[ˈpi(ː)ma̠n]] 肥胖 (健康與醫療)
빈혈			貧血 (健康與醫療)
관절염	[kwa̠ɲd͡ʑʌ̹ɾjʌ̹m]	[kwa̠ɲd͡ʑʌ̹ɾjʌ̹m]	[[kwa̠ɲd͡ʑʌ̹ɾjʌ̹m]] 關節炎 (健康與醫療)
천식	[ˈt͡ɕʰɘ(ː)nɕʰik̚]	[ˈt͡ɕʰɘ(ː)nɕʰik̚]	[[ˈt͡ɕʰɘ(ː)nɕʰik̚]] 哮喘 (健康與醫療)
흡입기			吸入器 (健康與醫療)
고혈압	[ko̞ʝʌ̹ɾa̠p̚]	[ko̞ʝʌ̹ɾa̠p̚]	[[ko̞ʝʌ̹ɾa̠p̚]] 高血壓 (健康與醫療)
맹장염	[mɛŋd͡ʑa̠ŋjʌ̹m]	[mɛŋd͡ʑa̠ŋjʌ̹m]	[[mɛŋd͡ʑa̠ŋjʌ̹m]] 闌尾炎 (健康與醫療)
격리	[kjʌ̹ŋni]	[kjʌ̹ŋni]	[[kjʌ̹ŋni]] 隔離 (健康與醫療)
보건소	[ˈpo̞(ː)ɡʌ̹nsʰo̞]	[ˈpo̞(ː)ɡʌ̹nsʰo̞]	[[ˈpo̞(ː)ɡʌ̹nsʰo̞]] 公共衛生中心 (健康與醫療)
링거			靜脈輸液 (健康與醫療)
건강보험증			Health Insurance Card (Health & Medical)
송편	[sʰo̞ŋpʰjʌ̹n]	[sʰo̞ŋpʰjʌ̹n]	[[sʰo̞ŋpʰjʌ̹n]] 松片（半圓形米糕） (節日與慶典)
광복절	[kwa̠ŋbo̞k̚t͡ɕ͈ʌ̹ɭ]	[kwa̠ŋbo̞k̚t͡ɕ͈ʌ̹ɭ]	[[kwa̠ŋbo̞k̚t͡ɕ͈ʌ̹ɭ]] 光復節 (節日與慶典)
신정	[ɕʰiɲd͡ʑʌ̹ŋ]	[ɕʰiɲd͡ʑʌ̹ŋ]	[[ɕʰiɲd͡ʑʌ̹ŋ]] New Year's Day (Holidays & Festivals)
삼일절			March 1st Independence Movement Day (Holidays & Festivals)
한글날	[ˈha̠(ː)nɡɯɭɭa̠ɭ]	[ˈha̠(ː)nɡɯɭɭa̠ɭ]	[[ˈha̠(ː)nɡɯɭɭa̠ɭ]] Hangeul Day (Holidays & Festivals)
현충일			Memorial Day (Holidays & Festivals)
돌잔치	[to̞ʎd͡ʑa̠ɲt͡ɕʰi]	[to̞ʎd͡ʑa̠ɲt͡ɕʰi]	[[to̞ʎd͡ʑa̠ɲt͡ɕʰi]] First Birthday Celebration (Holidays & Festivals)
백일	[pɛɡiɭ]	[pɛɡiɭ]	[[pɛɡiɭ]] Baegil (100th Day Celebration) (Holidays & Festivals)
그네뛰기			Traditional Swing (Geunetuigi) (Holidays & Festivals)
음력	[ɯmɲʌ̹k̚]	[ɯmɲʌ̹k̚]	[[ɯmɲʌ̹k̚]] Lunar Calendar (Holidays & Festivals)
양력	[ja̠ŋɲʌ̹k̚]	[ja̠ŋɲʌ̹k̚]	[[ja̠ŋɲʌ̹k̚]] Solar Calendar (Holidays & Festivals)
제기차기	[t͡ɕe̞ɡit͡ɕʰa̠ɡi]	[t͡ɕe̞ɡit͡ɕʰa̠ɡi]	[[t͡ɕe̞ɡit͡ɕʰa̠ɡi]] Jegichagi (Shuttlecock Kicking) (Holidays & Festivals)
연날리기			Kite Flying (Holidays & Festivals)
향	[ça̠ŋ]	[ça̠ŋ]	[[ça̠ŋ]] Incense (Holidays & Festivals)
수정과	[sʰud͡ʑʌ̹ŋɡwa̠]	[sʰud͡ʑʌ̹ŋɡwa̠]	[[sʰud͡ʑʌ̹ŋɡwa̠]] Sujeonggwa (Cinnamon Punch) (Holidays & Festivals)
조상	[t͡ɕo̞sʰa̠ŋ]	[t͡ɕo̞sʰa̠ŋ]	[[t͡ɕo̞sʰa̠ŋ]] Ancestral Spirit (Holidays & Festivals)
추수감사절			Harvest Festival (Holidays & Festivals)
축의금			Congratulatory Gift (Holidays & Festivals)
백일기념일			百日紀念 (節日與慶典)
해돋이	[hɛdo̞d͡ʑi]	[hɛdo̞d͡ʑi]	[[hɛdo̞d͡ʑi]] 新年日出觀賞 (節日與慶典)
귀성			返鄉 (節日與慶典)
동지	[to̞ŋd͡ʑi]	[to̞ŋd͡ʑi]	[[to̞ŋd͡ʑi]] 冬至 (節日與慶典)
팥죽	[pʰa̠t̚t͡ɕ͈uk̚]	[pʰa̠t̚t͡ɕ͈uk̚]	[[pʰa̠t̚t͡ɕ͈uk̚]] Patjuk（紅豆粥） (節日與慶典)
항공편	[ˈha̠(ː)ŋɡo̞ŋpʰjʌ̹n]	[ˈha̠(ː)ŋɡo̞ŋpʰjʌ̹n]	[[ˈha̠(ː)ŋɡo̞ŋpʰjʌ̹n]] 航班 (交通)
탑승권	[tʰa̠ps͈ɯŋk͈wʌ̹n]	[tʰa̠ps͈ɯŋk͈wʌ̹n]	[[tʰa̠ps͈ɯŋk͈wʌ̹n]] 登機證 (交通)
운전면허증			駕照 (交通)
일방통행	[iɭba̠ŋtʰo̞ŋɦɛŋ]	[iɭba̠ŋtʰo̞ŋɦɛŋ]	[[iɭba̠ŋtʰo̞ŋɦɛŋ]] One-Way Street (Transportation)
제한속도			Speed Limit (Transportation)
음주운전	[ɯmd͡ʑuuɲd͡ʑʌ̹n]	[ɯmd͡ʑuuɲd͡ʑʌ̹n]	[[ɯmd͡ʑuuɲd͡ʑʌ̹n]] Drunk Driving (Transportation)
대리운전			Designated Driver Service (Transportation)
카풀			Ride-Sharing (Transportation)
시외버스			Intercity Bus (Transportation)
트램	[tʰɯɾɛm]	[tʰɯɾɛm]	[[tʰɯɾɛm]] Tram (Transportation)
모노레일			Monorail (Transportation)
공항철도			Airport Railroad (Transportation)
물품보관소			Luggage Storage (Transportation)
교차로	[kjot͡ɕʰa̠ɾo̞]	[kjot͡ɕʰa̠ɾo̞]	[[kjot͡ɕʰa̠ɾo̞]] Intersection (Transportation)
번호판	[pʌ̹nβo̞pʰa̠n]	[pʌ̹nβo̞pʰa̠n]	[[pʌ̹nβo̞pʰa̠n]] License Plate (Transportation)
견인차			Tow Truck (Transportation)
보행자	[ˈpo̞(ː)ɦɛŋd͡ʑa̠]	[ˈpo̞(ː)ɦɛŋd͡ʑa̠]	[[ˈpo̞(ː)ɦɛŋd͡ʑa̠]] Pedestrian (Transportation)
엔진	[e̞ɲd͡ʑin]	[e̞ɲd͡ʑin]	[[e̞ɲd͡ʑin]] Engine (Transportation)
앞유리			Windshield (Transportation)
전조등			頭燈 (交通)
방향지시등			方向燈 / 轉向指示燈 (交通)
계기판	[ˈkje̞(ː)ɡipʰa̠n]	[ˈkje̞(ː)ɡipʰa̠n]	[[ˈkje̞(ː)ɡipʰa̠n]] 儀表板 (交通)
노약자석	[no̞ja̠k̚t͡ɕ͈a̠sʰʌ̹k̚]	[no̞ja̠k̚t͡ɕ͈a̠sʰʌ̹k̚]	[[no̞ja̠k̚t͡ɕ͈a̠sʰʌ̹k̚]] 優先座位 (交通)
정기권			月票 (交通)
세관	[ˈsʰe̞(ː)ɡwa̠n]	[ˈsʰe̞(ː)ɡwa̠n]	[[ˈsʰe̞(ː)ɡwa̠n]] 海關 (交通)
출입국			移民 (交通)
급행열차			區間快車 (交通)
탑승구	[tʰa̠ps͈ɯŋɡu]	[tʰa̠ps͈ɯŋɡu]	[[tʰa̠ps͈ɯŋɡu]] 登機門 (交通)
심야버스			夜間公車 (交通)
헌화			獻花 (節慶與活動)
애국가	[ˈɛ(ː)ɡuk̚k͈a̠]	[ˈɛ(ː)ɡuk̚k͈a̠]	[[ˈɛ(ː)ɡuk̚k͈a̠]] 國歌 (Holidays & Festivals)
풍등	[pʰuŋdɯŋ]	[pʰuŋdɯŋ]	[[pʰuŋdɯŋ]] 天燈 (Holidays & Festivals)
에센스			精華液 (美容護膚)
세럼			精華素 (美容護膚)
컨투어링			修容 (Beauty & Skincare)
하이라이터			高光 (Beauty & Skincare)
미백			美白 (Beauty & Skincare)
콜라겐			膠原蛋白 (Beauty & Skincare)
아이크림			眼霜 (美容與肌膚保養)
립라이너			唇線筆 (美容與肌膚保養)
프라이머			妝前乳 (美容與肌膚保養)
에멀전			乳液 (美容與護膚)
홍조			泛紅 (美容與護膚)
모공			毛孔 (美容與護膚)
괄사			刮痧 (美容與護膚)
원예	[wʌ̹ɲe̞]	[wʌ̹ɲe̞]	[[wʌ̹ɲe̞]] 園藝 (休閒活動)
뜨개질	[t͈ɯɡɛd͡ʑiɭ]	[t͈ɯɡɛd͡ʑiɭ]	[[t͈ɯɡɛd͡ʑiɭ]] 編織 (休閒與愛好)
서예	[sʰʌ̹je̞]	[sʰʌ̹je̞]	[[sʰʌ̹je̞]] Calligraphy (嗜好與休閒)
도예	[to̞je̞]	[to̞je̞]	[[to̞je̞]] Pottery (嗜好與休閒)
베이킹			Baking (嗜好與休閒)
바느질	[pa̠nɯd͡ʑiɭ]	[pa̠nɯd͡ʑiɭ]	[[pa̠nɯd͡ʑiɭ]] Sewing (嗜好與休閒)
탐조	[tʰa̠md͡ʑo̞]	[tʰa̠md͡ʑo̞]	[[tʰa̠md͡ʑo̞]] Bird Watching (嗜好與休閒)
클라이밍			Indoor Climbing (嗜好與休閒)
꽃꽂이	[k͈o̞t̚k͈o̞d͡ʑi]	[k͈o̞t̚k͈o̞d͡ʑi]	[[k͈o̞t̚k͈o̞d͡ʑi]] Flower Arrangement (嗜好與休閒)
브이로그			Vlogging (嗜好與休閒)
체스	[t͡ɕʰe̞s͈ɯ]	[t͡ɕʰe̞s͈ɯ]	[[t͡ɕʰe̞s͈ɯ]] 西洋棋 (嗜好與休閒)
레터링			手寫字 (嗜好與休閒)
스타크래프트			星海爭霸 (嗜好與休閒)
나이트라이프			夜生活 (嗜好與休閒)
패들보드			立式槳板 (嗜好與休閒)
수채화			水彩畫 (嗜好與休閒)
자수	[ˈt͡ɕa̠(ː)sʰu]	[ˈt͡ɕa̠(ː)sʰu]	[[ˈt͡ɕa̠(ː)sʰu]] 刺繡 (嗜好與休閒)
마크라메			編織 (嗜好與休閒)
테라리움			玻璃瓶花園 (嗜好與休閒)
스케이트보드	[sʰɯkʰe̞itʰɯbo̞dɯ]	[sʰɯkʰe̞itʰɯbo̞dɯ]	[[sʰɯkʰe̞itʰɯbo̞dɯ]] 滑板運動 (嗜好與休閒)
압화			壓花 (嗜好與休閒)
목공예			木工 (嗜好與休閒)
마술	[ma̠sʰuɭ]	[ma̠sʰuɭ]	[[ma̠sʰuɭ]] 魔術表演 (嗜好與休閒)
경마	[ˈkjɘ(ː)ŋma̠]	[ˈkjɘ(ː)ŋma̠]	[[ˈkjɘ(ː)ŋma̠]] 賽馬 (嗜好與休閒)
일석이조	[iɭs͈ʌ̹ɡid͡ʑo̞]	[iɭs͈ʌ̹ɡid͡ʑo̞]	[[iɭs͈ʌ̹ɡid͡ʑo̞]] 一石二鳥 (諺語與諎諫)
유비무환	[ˈju(ː)bimuβwa̠n]	[ˈju(ː)bimuβwa̠n]	[[ˈju(ː)bimuβwa̠n]] 預防勝於治療 (慣用語與諺語)
팔방미인	[pʰa̠ɭba̠ŋmiin]	[pʰa̠ɭba̠ŋmiin]	[[pʰa̠ɭba̠ŋmiin]] Jack of All Trades (Idioms & Proverbs)
말실수하다			Put Your Foot in Your Mouth (Idioms & Proverbs)
불운	[puɾun]	[puɾun]	[[puɾun]] Misfortune (Idioms & Proverbs)
냉대하다			Give the Cold Shoulder (Idioms & Proverbs)
벽지	[pjʌ̹k̚t͡ɕ͈i]	[pjʌ̹k̚t͡ɕ͈i]	[[pjʌ̹k̚t͡ɕ͈i]] 牆漆 (家居與家具)
수납			儲物 (家居與家具)
인테리어	[intʰe̞ɾiʌ̹]	[intʰe̞ɾiʌ̹]	[[intʰe̞ɾiʌ̹]] 居家裝飾 (居家與家具)
파티션			隔間屏風 (居家與家具)
다용도실			儲藏室 (居家與家具)
베란다	[pe̞ɾa̠nda̠]	[pe̞ɾa̠nda̠]	[[pe̞ɾa̠nda̠]] 陽台 (居家與家具)
공기청정기	[ko̞ŋɡit͡ɕʰʌ̹ŋd͡ʑʌ̹ŋɡi]	[ko̞ŋɡit͡ɕʰʌ̹ŋd͡ʑʌ̹ŋɡi]	[[ko̞ŋɡit͡ɕʰʌ̹ŋd͡ʑʌ̹ŋɡi]] 空氣清淨機 (居家與家具)
가습기	[ka̠sʰɯp̚k͈i]	[ka̠sʰɯp̚k͈i]	[[ka̠sʰɯp̚k͈i]] 加濕器 (居家與家具)
제습기	[t͡ɕe̞sʰɯp̚k͈i]	[t͡ɕe̞sʰɯp̚k͈i]	[[t͡ɕe̞sʰɯp̚k͈i]] 除濕機 (居家與家具)
테라스			露台 (居家與家具)
김치냉장고			泡菜冰箱 (居家與家具)
비데	[pide̞]	[pide̞]	[[pide̞]] 免治馬桶 (居家與家具)
소화기	[sʰo̞βwa̠ɡi]	[sʰo̞βwa̠ɡi]	[[sʰo̞βwa̠ɡi]] 滅火器 (居家與家具)
홈짐			居家健身房 (居家與家具)
트렌치코트			風衣 (時尚與風格)
미니스커트	[minisʰɯkʰʌ̹tʰɯ]	[minisʰɯkʰʌ̹tʰɯ]	[[minisʰɯkʰʌ̹tʰɯ]] 迷你裙 (時尚與風格)
애슬레저			運動休閒風 (時尚與風格)
코디네이션			服裝搭配 (時尚與風格)
룩북			Lookbook (Fashion & Style)
레이어링			Layering (Fashion & Style)
모노톤			Monochrome (Fashion & Style)
패션쇼	[pʰɛɕʰʌ̹nɕʰo]	[pʰɛɕʰʌ̹nɕʰo]	[[pʰɛɕʰʌ̹nɕʰo]] Fashion Show (Fashion & Style)
유니섹스			Unisex (Fashion & Style)
커플룩			Matching Outfit (Fashion & Style)
명품			Luxury Goods (時尚與風格)
슬링백			Slingback (時尚與風格)
컬러블록			Color Block (Fashion & Style)
오염	[ˈo̞(ː)jʌ̹m]	[ˈo̞(ː)jʌ̹m]	[[ˈo̞(ː)jʌ̹m]] 污染 (環境)
가뭄	[ka̠mum]	[ka̠mum]	[[ka̠mum]] 乾旱 (環境)
홍수	[ɸʷo̞ŋsʰu]	[ɸʷo̞ŋsʰu]	[[ɸʷo̞ŋsʰu]] 洪水 (環境)
산불	[sʰa̠np͈uɭ]	[sʰa̠np͈uɭ]	[[sʰa̠np͈uɭ]] 野火 (環境)
퇴비화			堆肥 (環境)
야생동물	[ˈja̠(ː)sʰɛŋ to̞(ː)ŋmuɭ]	[ˈja̠(ː)sʰɛŋ to̞(ː)ŋmuɭ]	[[ˈja̠(ː)sʰɛŋ to̞(ː)ŋmuɭ]] 野生動物 (環境)
광합성	[kwa̠ŋɦa̠ps͈ʌ̹ŋ]	[kwa̠ŋɦa̠ps͈ʌ̹ŋ]	[[kwa̠ŋɦa̠ps͈ʌ̹ŋ]] Photosynthesis (Environment)
댐	[tɛm]	[tɛm]	[[tɛm]] Dam (Environment)
스모그	[sʰɯmo̞ɡɯ]	[sʰɯmo̞ɡɯ]	[[sʰɯmo̞ɡɯ]] Smog (Environment)
세종대왕			King Sejong the Great (Korean History)
신라	[ɕʰiɭɭa̠]	[ɕʰiɭɭa̠]	[[ɕʰiɭɭa̠]] 新羅王國 (韓國歷史)
불교	[puɭɡjo]	[puɭɡjo]	[[puɭɡjo]] 韓國佛教 (韓國歷史)
거북선	[kʌ̹buks͈ʌ̹n]	[kʌ̹buks͈ʌ̹n]	[[kʌ̹buks͈ʌ̹n]] 龜船 (韓國歷史)
비무장지대			非軍事區（DMZ） (韓國歷史)
한양	[ˈha̠(ː)ɲa̠ŋ]	[ˈha̠(ː)ɲa̠ŋ]	[[ˈha̠(ː)ɲa̠ŋ]] 漢陽（舊首爾） (韓國歷史)
종로	[t͡ɕo̞ŋno̞]	[t͡ɕo̞ŋno̞]	[[t͡ɕo̞ŋno̞]] 鍾路（歷史街區） (韓國歷史)
독립기념관			獨立紀念館 (韓國歷史)
덕수궁			德壽宮 (韓國歷史)
국립중앙박물관			國立博物館 (韓國歷史)
해인사			海印寺 (韓國歷史)
불국사			佛國寺 (韓國歷史)
민화	[minβwa̠]	[minβwa̠]	[[minβwa̠]] 民畫（朝鮮民間繪畫） (韓國歷史)
창덕궁			昌德宮 (韓國歷史)
성벽	[sʰʌ̹ŋbjʌ̹k̚]	[sʰʌ̹ŋbjʌ̹k̚]	[[sʰʌ̹ŋbjʌ̹k̚]] 朝鮮防禦城牆 (韓國歷史)
육이오	[juɡio̞]	[juɡio̞]	[[juɡio̞]] 六二五（韓戰爆發日） (韓國歷史)
유관순			柳寬順 (韓國歷史)
전쟁기념관			戰爭紀念館 (韓國歷史)
군인	[kunin]	[kunin]	[[kunin]] Soldier (軍事)
육군	[juk̚k͈un]	[juk̚k͈un]	[[juk̚k͈un]] Army (軍事)
공군	[ko̞ŋɡun]	[ko̞ŋɡun]	[[ko̞ŋɡun]] Air Force (軍事)
징병	[t͡ɕiŋbjʌ̹ŋ]	[t͡ɕiŋbjʌ̹ŋ]	[[t͡ɕiŋbjʌ̹ŋ]] Conscription (軍事)
무기	[ˈmu(ː)ɡi]	[ˈmu(ː)ɡi]	[[ˈmu(ː)ɡi]] Weapon (軍事)
탱크	[tʰɛŋkxɯ]	[tʰɛŋkxɯ]	[[tʰɛŋkxɯ]] 坦克 (軍事)
전투기	[ˈt͡ɕɘ(ː)ntʰuɡi]	[ˈt͡ɕɘ(ː)ntʰuɡi]	[[ˈt͡ɕɘ(ː)ntʰuɡi]] 戰鬥機 (軍事)
잠수함	[t͡ɕa̠msʰuɦa̠m]	[t͡ɕa̠msʰuɦa̠m]	[[t͡ɕa̠msʰuɦa̠m]] 潛艇 (軍事)
군부대			軍事基地 (軍事)
장군	[t͡ɕa̠ŋɡun]	[t͡ɕa̠ŋɡun]	[[t͡ɕa̠ŋɡun]] 將軍 (軍事)
중사	[t͡ɕuŋsʰa̠]	[t͡ɕuŋsʰa̠]	[[t͡ɕuŋsʰa̠]] 士官長 (軍事)
군복	[kunbo̞k̚]	[kunbo̞k̚]	[[kunbo̞k̚]] 軍服 (軍事)
전쟁	[ˈt͡ɕɘ(ː)ɲd͡ʑɛŋ]	[ˈt͡ɕɘ(ː)ɲd͡ʑɛŋ]	[[ˈt͡ɕɘ(ː)ɲd͡ʑɛŋ]] 戰爭 (軍事)
전투	[ˈt͡ɕɘ(ː)ntʰu]	[ˈt͡ɕɘ(ː)ntʰu]	[[ˈt͡ɕɘ(ː)ntʰu]] 戰鬥 (軍事)
방어	[pa̠ŋʌ̹]	[pa̠ŋʌ̹]	[[pa̠ŋʌ̹]] 國防 (軍事)
순찰	[sʰuɲt͡ɕʰa̠ɭ]	[sʰuɲt͡ɕʰa̠ɭ]	[[sʰuɲt͡ɕʰa̠ɭ]] 巡邏 (軍事)
경비	[kjʌ̹ŋbi]	[kjʌ̹ŋbi]	[[kjʌ̹ŋbi]] 守衛 (軍事)
미사일	[misʰa̠iɭ]	[misʰa̠iɭ]	[[misʰa̠iɭ]] 導彈 (軍事)
탄약	[ˈtʰa̠(ː)ɲa̠k̚]	[ˈtʰa̠(ː)ɲa̠k̚]	[[ˈtʰa̠(ː)ɲa̠k̚]] 彈藥 (軍事)
포병	[pʰo̞bjʌ̹ŋ]	[pʰo̞bjʌ̹ŋ]	[[pʰo̞bjʌ̹ŋ]] 火炮 (軍事)
행진	[hɛŋd͡ʑin]	[hɛŋd͡ʑin]	[[hɛŋd͡ʑin]] 行軍 (軍事)
경례	[ˈkjɘ(ː)ŋɲe̞]	[ˈkjɘ(ː)ŋɲe̞]	[[ˈkjɘ(ː)ŋɲe̞]] 敬禮 (軍事)
사관학교	[ˈsʰa̠(ː)ɡwa̠nɦa̠k̚k͈jo]	[ˈsʰa̠(ː)ɡwa̠nɦa̠k̚k͈jo]	[[ˈsʰa̠(ː)ɡwa̠nɦa̠k̚k͈jo]] 軍事學院 (軍事)
전역	[ˈt͡ɕɘ(ː)ɲʌ̹k̚]	[ˈt͡ɕɘ(ː)ɲʌ̹k̚]	[[ˈt͡ɕɘ(ː)ɲʌ̹k̚]] 退伍 (軍事)
예비군	[ˈje̞(ː)biɡun]	[ˈje̞(ː)biɡun]	[[ˈje̞(ː)biɡun]] 預備役部隊 (軍事)
국방	[ˈku(ː)k̚p͈a̠ŋ]	[ˈku(ː)k̚p͈a̠ŋ]	[[ˈku(ː)k̚p͈a̠ŋ]] 國土防衛 (軍事)
헌병	[ˈhɘ(ː)nbjʌ̹ŋ]	[ˈhɘ(ː)nbjʌ̹ŋ]	[[ˈhɘ(ː)nbjʌ̹ŋ]] 憲兵 (軍事)
헬리콥터	[he̞ʎʎikʰo̞p̚tʰʌ̹]	[he̞ʎʎikʰo̞p̚tʰʌ̹]	[[he̞ʎʎikʰo̞p̚tʰʌ̹]] 直升機 (軍事)
항공모함	[ˈha̠(ː)ŋɡo̞ŋmo̞ɦa̠m]	[ˈha̠(ː)ŋɡo̞ŋmo̞ɦa̠m]	[[ˈha̠(ː)ŋɡo̞ŋmo̞ɦa̠m]] 航空母艦 (軍事)
구축함	[kut͡ɕʰukʰa̠m]	[kut͡ɕʰukʰa̠m]	[[kut͡ɕʰukʰa̠m]] 驅逐艦 (軍事)
저격수			狙擊手 (軍事)
특수부대	[tʰɯks͈ubudɛ]	[tʰɯks͈ubudɛ]	[[tʰɯks͈ubudɛ]] 特種部隊 (軍事)
낙하산병			傘兵 (軍事)
해병대	[ˈhɛ(ː)bjʌ̹ŋdɛ]	[ˈhɛ(ː)bjʌ̹ŋdɛ]	[[ˈhɛ(ː)bjʌ̹ŋdɛ]] 海軍陸戰隊 (軍事)
나토	[na̠tʰo̞]	[na̠tʰo̞]	[[na̠tʰo̞]] 北約 (軍事)
참전용사			老兵 (軍事)
포로	[ˈpʰo̞(ː)ɾo̞]	[ˈpʰo̞(ː)ɾo̞]	[[ˈpʰo̞(ː)ɾo̞]] 戰俘 (軍事)
스파이	[sʰɯpʰa̠i]	[sʰɯpʰa̠i]	[[sʰɯpʰa̠i]] 間諜 (軍事)
정보	[t͡ɕʌ̹ŋbo̞]	[t͡ɕʌ̹ŋbo̞]	[[t͡ɕʌ̹ŋbo̞]] 情報 (軍事)
갑옷	[ka̠bo̞t̚]	[ka̠bo̞t̚]	[[ka̠bo̞t̚]] 裝甲 (軍事)
방탄복	[pa̠ŋtʰa̠nbo̞k̚]	[pa̠ŋtʰa̠nbo̞k̚]	[[pa̠ŋtʰa̠nbo̞k̚]] 防彈背心 (軍事)
헬멧	[he̞ɭme̞t̚]	[he̞ɭme̞t̚]	[[he̞ɭme̞t̚]] 頭盔 (軍事)
소총	[ˈsʰo̞(ː)t͡ɕʰo̞ŋ]	[ˈsʰo̞(ː)t͡ɕʰo̞ŋ]	[[ˈsʰo̞(ː)t͡ɕʰo̞ŋ]] 步槍 (軍事)
수류탄	[sʰuɾjutʰa̠n]	[sʰuɾjutʰa̠n]	[[sʰuɾjutʰa̠n]] 手榴彈 (軍事)
지뢰	[t͡ɕiɾwe̞]	[t͡ɕiɾwe̞]	[[t͡ɕiɾwe̞]] 地雷 (軍事)
전사자	[ˈt͡ɕɘ(ː)nsʰa̠d͡ʑa̠]	[ˈt͡ɕɘ(ː)nsʰa̠d͡ʑa̠]	[[ˈt͡ɕɘ(ː)nsʰa̠d͡ʑa̠]] 陣亡士兵 (軍事)
보안	[ˈpo̞(ː)a̠n]	[ˈpo̞(ː)a̠n]	[[ˈpo̞(ː)a̠n]] Security (Military)
계급장	[kje̞ɡɯp̚t͡ɕ͈a̠ŋ]	[kje̞ɡɯp̚t͡ɕ͈a̠ŋ]	[[kje̞ɡɯp̚t͡ɕ͈a̠ŋ]] Rank insignia (Military)
사격장	[sʰa̠ɡjʌ̹k̚t͡ɕ͈a̠ŋ]	[sʰa̠ɡjʌ̹k̚t͡ɕ͈a̠ŋ]	[[sʰa̠ɡjʌ̹k̚t͡ɕ͈a̠ŋ]] Shooting range (Military)
위장	[ɥid͡ʑa̠ŋ]	[ɥid͡ʑa̠ŋ]	[[ɥid͡ʑa̠ŋ]] Camouflage (Military)
군수	[kunsʰu]	[kunsʰu]	[[kunsʰu]] Logistics (Military)
군의관			Military doctor (Military)
의무병			Medic (Military)
군종장교			Chaplain (Military)
군악대			Military band (Military)
의장대			Honor guard (Military)
총검	[t͡ɕʰo̞ŋɡʌ̹m]	[t͡ɕʰo̞ŋɡʌ̹m]	[[t͡ɕʰo̞ŋɡʌ̹m]] Bayonet (Military)
벙커	[pʌ̹ŋkʰʌ̹]	[pʌ̹ŋkʰʌ̹]	[[pʌ̹ŋkʰʌ̹]] Bunker (Military)
참호	[t͡ɕʰa̠mβo̞]	[t͡ɕʰa̠mβo̞]	[[t͡ɕʰa̠mβo̞]] Trench (Military)
헌병대			Military police unit (Military)
군사법원	[kunsʰa̠bʌ̹bwʌ̹n]	[kunsʰa̠bʌ̹bwʌ̹n]	[[kunsʰa̠bʌ̹bwʌ̹n]] Military court (Military)
군법			軍法 (軍事)
군기			軍紀 (軍事)
군사력	[kunsʰa̠ɾjʌ̹k̚]	[kunsʰa̠ɾjʌ̹k̚]	[[kunsʰa̠ɾjʌ̹k̚]] 軍事實力 (軍事)
장교	[ˈt͡ɕa̠(ː)ŋɡjo]	[ˈt͡ɕa̠(ː)ŋɡjo]	[[ˈt͡ɕa̠(ː)ŋɡjo]] 軍官 (軍事)
입대	[ip̚t͈ɛ]	[ip̚t͈ɛ]	[[ip̚t͈ɛ]] 入伍 (軍事)
법	[pʌ̹p̚]	[pʌ̹p̚]	[[pʌ̹p̚]] 法律 (法律與政府)
정부	[t͡ɕʌ̹ŋbu]	[t͡ɕʌ̹ŋbu]	[[t͡ɕʌ̹ŋbu]] 政府 (法律與政府)
총리	[ˈt͡ɕʰo̞(ː)ŋni]	[ˈt͡ɕʰo̞(ː)ŋni]	[[ˈt͡ɕʰo̞(ː)ŋni]] 國務總理 (法律與政府)
의회	[ɰiβwe̞]	[ɰiβwe̞]	[[ɰiβwe̞]] 國會 (法律與政府)
국회	[kukʰwe̞]	[kukʰwe̞]	[[kukʰwe̞]] 國會 (法律與政府)
대표	[ˈtɛ(ː)pʰjo]	[ˈtɛ(ː)pʰjo]	[[ˈtɛ(ː)pʰjo]] 代表 (法律與政府)
민주주의	[miɲd͡ʑud͡ʑuɰi]	[miɲd͡ʑud͡ʑuɰi]	[[miɲd͡ʑud͡ʑuɰi]] 民主 (法律與政府)
정당	[t͡ɕʌ̹ŋda̠ŋ]	[t͡ɕʌ̹ŋda̠ŋ]	[[t͡ɕʌ̹ŋda̠ŋ]] 政黨 (法律與政府)
야당	[ˈja̠(ː)da̠ŋ]	[ˈja̠(ː)da̠ŋ]	[[ˈja̠(ː)da̠ŋ]] 反對黨 (法律與政府)
여당	[ˈjɘ(ː)da̠ŋ]	[ˈjɘ(ː)da̠ŋ]	[[ˈjɘ(ː)da̠ŋ]] 執政黨 (法律與政府)
정책	[ˈt͡ɕɘ(ː)ŋt͡ɕʰɛk̚]	[ˈt͡ɕɘ(ː)ŋt͡ɕʰɛk̚]	[[ˈt͡ɕɘ(ː)ŋt͡ɕʰɛk̚]] 政策 (法律與政府)
법안	[pʌ̹ba̠n]	[pʌ̹ba̠n]	[[pʌ̹ba̠n]] 法案 (法律與政府)
판사	[pʰa̠nsʰa̠]	[pʰa̠nsʰa̠]	[[pʰa̠nsʰa̠]] 法官 (法律與政府)
검사	[ˈkɘ(ː)msʰa̠]	[ˈkɘ(ː)msʰa̠]	[[ˈkɘ(ː)msʰa̠]] 檢察官 (法律與政府)
피고	[ˈpʰi(ː)ɡo̞]	[ˈpʰi(ː)ɡo̞]	[[ˈpʰi(ː)ɡo̞]] 被告 (法律與政府)
판결	[pʰa̠nɡjʌ̹ɭ]	[pʰa̠nɡjʌ̹ɭ]	[[pʰa̠nɡjʌ̹ɭ]] 刑期 (法律與政府)
감옥	[ka̠mo̞k̚]	[ka̠mo̞k̚]	[[ka̠mo̞k̚]] 監獄 (法律與政府)
벌금	[pʌ̹ɭɡɯm]	[pʌ̹ɭɡɯm]	[[pʌ̹ɭɡɯm]] 罰款 (法律與政府)
재판	[t͡ɕɛpʰa̠n]	[t͡ɕɛpʰa̠n]	[[t͡ɕɛpʰa̠n]] 審判 (法律與政府)
소송	[sʰo̞sʰo̞ŋ]	[sʰo̞sʰo̞ŋ]	[[sʰo̞sʰo̞ŋ]] 訴訟 (法律與政府)
용의자	[joŋɰid͡ʑa̠]	[joŋɰid͡ʑa̠]	[[joŋɰid͡ʑa̠]] 嫌疑人 (法律與政府)
수사	[ˈsʰu(ː)sʰa̠]	[ˈsʰu(ː)sʰa̠]	[[ˈsʰu(ː)sʰa̠]] 調查 (法律與政府)
증거	[t͡ɕɯŋɡʌ̹]	[t͡ɕɯŋɡʌ̹]	[[t͡ɕɯŋɡʌ̹]] 證據 (法律與政府)
권리	[kwʌ̹ʎʎi]	[kwʌ̹ʎʎi]	[[kwʌ̹ʎʎi]] 權利 (法律與政府)
인권	[ink͈wʌ̹n]	[ink͈wʌ̹n]	[[ink͈wʌ̹n]] 人權 (法律與政府)
평등	[pʰjʌ̹ŋdɯŋ]	[pʰjʌ̹ŋdɯŋ]	[[pʰjʌ̹ŋdɯŋ]] 平等 (法律與政府)
정의	[ˈt͡ɕɘ(ː)ŋɰi]	[ˈt͡ɕɘ(ː)ŋɰi]	[[ˈt͡ɕɘ(ː)ŋɰi]] 正義 (法律與政府)
부패	[ˈpu(ː)pʰɛ]	[ˈpu(ː)pʰɛ]	[[ˈpu(ː)pʰɛ]] 腐敗 (法律與政府)
뇌물	[nwe̞muɭ]	[nwe̞muɭ]	[[nwe̞muɭ]] 賄賂 (法律與政府)
사기	[sʰa̠ɡi]	[sʰa̠ɡi]	[[sʰa̠ɡi]] 欺詐 (法律與政府)
살인	[sʰa̠ɾin]	[sʰa̠ɾin]	[[sʰa̠ɾin]] 謀殺 (法律與政府)
강도	[ˈka̠(ː)ŋdo̞]	[ˈka̠(ː)ŋdo̞]	[[ˈka̠(ː)ŋdo̞]] 搶劫 (法律與政府)
폭행	[pʰo̞kʰɛŋ]	[pʰo̞kʰɛŋ]	[[pʰo̞kʰɛŋ]] 攻擊 (法律與政府)
합의	[ha̠bɰi]	[ha̠bɰi]	[[ha̠bɰi]] 協議 (法律與政府)
대사	[ˈtɛ(ː)sʰa̠]	[ˈtɛ(ː)sʰa̠]	[[ˈtɛ(ː)sʰa̠]] 大使 (法律與政府)
대사관	[ˈtɛ(ː)sʰa̠ɡwa̠n]	[ˈtɛ(ː)sʰa̠ɡwa̠n]	[[ˈtɛ(ː)sʰa̠ɡwa̠n]] 大使館 (法律與政府)
국적	[kuk̚t͡ɕ͈ʌ̹k̚]	[kuk̚t͡ɕ͈ʌ̹k̚]	[[kuk̚t͡ɕ͈ʌ̹k̚]] Citizenship (法律與政府)
공무원	[ko̞ŋmuwʌ̹n]	[ko̞ŋmuwʌ̹n]	[[ko̞ŋmuwʌ̹n]] Civil Servant (法律與政府)
규정	[kjud͡ʑʌ̹ŋ]	[kjud͡ʑʌ̹ŋ]	[[kjud͡ʑʌ̹ŋ]] Regulation (法律與政府)
유약	[juja̠k̚]	[juja̠k̚]	[[juja̠k̚]] 釉料 (藝術與設計)
판화			版畫 (藝術與設計)
에칭			Etching (藝術與設計)
석판화			Lithography (藝術與設計)
목판화			木版畫 (藝術與設計)
단청	[ta̠ɲt͡ɕʰʌ̹ŋ]	[ta̠ɲt͡ɕʰʌ̹ŋ]	[[ta̠ɲt͡ɕʰʌ̹ŋ]] 丹青 (藝術與設計)
타이포그래피	[tʰa̠ipʰo̞ɡɯɾɛpʰi]	[tʰa̠ipʰo̞ɡɯɾɛpʰi]	[[tʰa̠ipʰo̞ɡɯɾɛpʰi]] 排版 (藝術與設計)
애니메이션	[ɛnime̞iɕʰʌ̹n]	[ɛnime̞iɕʰʌ̹n]	[[ɛnime̞iɕʰʌ̹n]] 動畫 (藝術與設計)
구성	[kusʰʌ̹ŋ]	[kusʰʌ̹ŋ]	[[kusʰʌ̹ŋ]] 構圖 (藝術與設計)
원근법			透視 (藝術與設計)
대비	[tɛbi]	[tɛbi]	[[tɛbi]] 對比 (藝術與設計)
질감			紋理 (藝術與設計)
사실주의			寫實主義 (藝術與設計)
인상주의			印象派 (藝術與設計)
미니멀리즘			極簡主義 (藝術與設計)
초현실주의			超現實主義 (藝術與設計)
아방가르드			前衛藝術 (藝術與設計)
르네상스	[ɾɯne̞s͈a̠ŋs͈ɯ]	[ɾɯne̞s͈a̠ŋs͈ɯ]	[[ɾɯne̞s͈a̠ŋs͈ɯ]] 文藝復興 (藝術與設計)
바로크			巴洛克 (藝術與設計)
직조			Weave (藝術與設計)
큐레이터			Curator (藝術與設計)
미술사	[ˈmi(ː)sʰuɭs͈a̠]	[ˈmi(ː)sʰuɭs͈a̠]	[[ˈmi(ː)sʰuɭs͈a̠]] Art history (藝術與設計)
포트폴리오	[pʰo̞tʰɯpʰo̞ʎʎio̞]	[pʰo̞tʰɯpʰo̞ʎʎio̞]	[[pʰo̞tʰɯpʰo̞ʎʎio̞]] Portfolio (Art & Design)
의뢰	[ɰiɾwe̞]	[ɰiɾwe̞]	[[ɰiɾwe̞]] Commission (Art & Design)
수집가			Collector (Art & Design)
후원	[ɸʷuwʌ̹n]	[ɸʷuwʌ̹n]	[[ɸʷuwʌ̹n]] Patronage (Art & Design)
무교			薩滿教 (宗教)
대성당	[ˈtɛ(ː)sʰʌ̹ŋda̠ŋ]	[ˈtɛ(ː)sʰʌ̹ŋda̠ŋ]	[[ˈtɛ(ː)sʰʌ̹ŋda̠ŋ]] Cathedral (Religion)
모스크	[mo̞sʰɯkxɯ]	[mo̞sʰɯkxɯ]	[[mo̞sʰɯkxɯ]] Mosque (Religion)
신사	[ˈɕʰi(ː)nsʰa̠]	[ˈɕʰi(ː)nsʰa̠]	[[ˈɕʰi(ː)nsʰa̠]] Shrine (Religion)
제단	[ˈt͡ɕe̞(ː)da̠n]	[ˈt͡ɕe̞(ː)da̠n]	[[ˈt͡ɕe̞(ː)da̠n]] Altar (Religion)
설교	[sʰʌ̹ɭɡjo]	[sʰʌ̹ɭɡjo]	[[sʰʌ̹ɭɡjo]] Sermon (Religion)
경전	[kjʌ̹ŋd͡ʑʌ̹n]	[kjʌ̹ŋd͡ʑʌ̹n]	[[kjʌ̹ŋd͡ʑʌ̹n]] Scripture (Religion)
꾸란	[k͈uɾa̠n]	[k͈uɾa̠n]	[[k͈uɾa̠n]] Quran (Religion)
불경	[puɭɡjʌ̹ŋ]	[puɭɡjʌ̹ŋ]	[[puɭɡjʌ̹ŋ]] Buddhist scripture (Religion)
목사님	[mo̞ks͈a̠nim]	[mo̞ks͈a̠nim]	[[mo̞ks͈a̠nim]] Reverend (Religion)
주교	[t͡ɕuɡjo]	[t͡ɕuɡjo]	[[t͡ɕuɡjo]] 主教 (宗教)
교황	[ˈkjo(ː)βwa̠ŋ]	[ˈkjo(ː)βwa̠ŋ]	[[ˈkjo(ː)βwa̠ŋ]] 教宗 (宗教)
교중			會眾 (宗教)
신	[ɕʰin]	[ɕʰin]	[[ɕʰin]] 神祇 (宗教)
영혼	[jʌ̹ŋβo̞n]	[jʌ̹ŋβo̞n]	[[jʌ̹ŋβo̞n]] 靈魂 (宗教)
혼	[ɸʷo̞n]	[ɸʷo̞n]	[[ɸʷo̞n]] 靈魂 (宗教)
내세	[ˈnɛ(ː)sʰe̞]	[ˈnɛ(ː)sʰe̞]	[[ˈnɛ(ː)sʰe̞]] 來世 (宗教)
업	[ʌ̹p̚]	[ʌ̹p̚]	[[ʌ̹p̚]] 業力 (宗教)
열반	[jʌ̹ɭba̠n]	[jʌ̹ɭba̠n]	[[jʌ̹ɭba̠n]] 涅槃 (宗教)
깨달음	[k͈ɛda̠ɾɯm]	[k͈ɛda̠ɾɯm]	[[k͈ɛda̠ɾɯm]] 覺悟 (宗教)
염불	[jʌ̹mbuɭ]	[jʌ̹mbuɭ]	[[jʌ̹mbuɭ]] 誦經 (宗教)
의식	[ˈɰi(ː)ɕʰik̚]	[ˈɰi(ː)ɕʰik̚]	[[ˈɰi(ː)ɕʰik̚]] 儀式 (宗教)
순례	[sʰuʎʎe̞]	[sʰuʎʎe̞]	[[sʰuʎʎe̞]] 朝聖 (宗教)
세례	[ˈsʰe̞(ː)ɾje̞]	[ˈsʰe̞(ː)ɾje̞]	[[ˈsʰe̞(ː)ɾje̞]] 洗禮 (宗教)
성찬	[ˈsʰɘ(ː)ŋt͡ɕʰa̠n]	[ˈsʰɘ(ː)ŋt͡ɕʰa̠n]	[[ˈsʰɘ(ː)ŋt͡ɕʰa̠n]] 聖餐 (宗教)
견진			堅信禮 (宗教)
무당	[ˈmu(ː)da̠ŋ]	[ˈmu(ː)da̠ŋ]	[[ˈmu(ː)da̠ŋ]] 巫師 (宗教)
운세	[unsʰe̞]	[unsʰe̞]	[[unsʰe̞]] 星座 (宗教)
부적	[ˈpu(ː)d͡ʑʌ̹k̚]	[ˈpu(ː)d͡ʑʌ̹k̚]	[[ˈpu(ː)d͡ʑʌ̹k̚]] 護身符 (宗教)
성수	[ˈsʰɘ(ː)ŋsʰu]	[ˈsʰɘ(ː)ŋsʰu]	[[ˈsʰɘ(ː)ŋsʰu]] 聖水 (宗教)
묵주	[muk̚t͡ɕ͈u]	[muk̚t͡ɕ͈u]	[[muk̚t͡ɕ͈u]] 念珠 (宗教)
염주	[ˈjɘ(ː)md͡ʑu]	[ˈjɘ(ː)md͡ʑu]	[[ˈjɘ(ː)md͡ʑu]] 佛珠 (宗教)
부활절	[ˈpu(ː)βwa̠ʎt͡ɕ͈ʌ̹ɭ]	[ˈpu(ː)βwa̠ʎt͡ɕ͈ʌ̹ɭ]	[[ˈpu(ː)βwa̠ʎt͡ɕ͈ʌ̹ɭ]] 復活節 (宗教)
라마단			齋戒月 (宗教)
이드			開齋節 (宗教)
무신론자	[muɕʰiɭɭo̞ɲd͡ʑa̠]	[muɕʰiɭɭo̞ɲd͡ʑa̠]	[[muɕʰiɭɭo̞ɲd͡ʑa̠]] 無神論者 (宗教)
세속적	[ˈsʰe̞(ː)sʰo̞k̚t͡ɕ͈ʌ̹k̚]	[ˈsʰe̞(ː)sʰo̞k̚t͡ɕ͈ʌ̹k̚]	[[ˈsʰe̞(ː)sʰo̞k̚t͡ɕ͈ʌ̹k̚]] 世俗的 (宗教)
십일조			什一奉獻 (宗教)
헌금	[ˈhɘ(ː)nɡɯm]	[ˈhɘ(ː)nɡɯm]	[[ˈhɘ(ː)nɡɯm]] 捐款給教會 (宗教)
주일학교			主日學 (宗教)
수묵화			水墨畫 (藝術與設計)
분청사기			粉青瓷 (藝術與設計)
백자			白瓷 (藝術與設計)
풍경	[pʰuŋɡjʌ̹ŋ]	[pʰuŋɡjʌ̹ŋ]	[[pʰuŋɡjʌ̹ŋ]] 風景畫 (藝術與設計)
부조			浮雕 (藝術與設計)
석조			石雕 (藝術與設計)
목조	[mo̞k̚t͡ɕ͈o̞]	[mo̞k̚t͡ɕ͈o̞]	[[mo̞k̚t͡ɕ͈o̞]] 木雕 (藝術與設計)
이자율			利率 (金融與銀行)
대출	[ˈtɛ(ː)t͡ɕʰuɭ]	[ˈtɛ(ː)t͡ɕʰuɭ]	[[ˈtɛ(ː)t͡ɕʰuɭ]] 貸款 (金融與銀行)
신용	[ˈɕʰi(ː)ɲoŋ]	[ˈɕʰi(ː)ɲoŋ]	[[ˈɕʰi(ː)ɲoŋ]] 信用 (金融與銀行)
직불			扣帳 (金融與銀行)
환율	[ˈɸwa̠(ː)ɲuɭ]	[ˈɸwa̠(ː)ɲuɭ]	[[ˈɸwa̠(ː)ɲuɭ]] 匯率 (金融與銀行)
외화	[ˈwe̞(ː)βwa̠]	[ˈwe̞(ː)βwa̠]	[[ˈwe̞(ː)βwa̠]] 外幣 (金融與銀行)
유로	[juɾo̞]	[juɾo̞]	[[juɾo̞]] 歐元 (金融與銀行)
엔	[e̞n]	[e̞n]	[[e̞n]] 日圓 (金融與銀行)
주식	[t͡ɕuɕʰik̚]	[t͡ɕuɕʰik̚]	[[t͡ɕuɕʰik̚]] 股票 (金融與銀行)
배당금	[ˈpɛ(ː)da̠ŋɡɯm]	[ˈpɛ(ː)da̠ŋɡɯm]	[[ˈpɛ(ː)da̠ŋɡɯm]] 股息 (金融與銀行)
펀드	[pʰʌ̹ndɯ]	[pʰʌ̹ndɯ]	[[pʰʌ̹ndɯ]] 基金 (金融與銀行)
자산	[t͡ɕa̠sʰa̠n]	[t͡ɕa̠sʰa̠n]	[[t͡ɕa̠sʰa̠n]] 資產 (金融與銀行)
부채	[put͡ɕʰɛ]	[put͡ɕʰɛ]	[[put͡ɕʰɛ]] 負債 (金融與銀行)
소득세			所得稅 (金融與銀行)
임금	[ˈi(ː)mɡɯm]	[ˈi(ː)mɡɯm]	[[ˈi(ː)mɡɯm]] 工資 (金融與銀行)
빚	[pit̚]	[pit̚]	[[pit̚]] 債務 (金融與銀行)
인플레이션	[inpʰɯɭɭe̞iɕʰʌ̹n]	[inpʰɯɭɭe̞iɕʰʌ̹n]	[[inpʰɯɭɭe̞iɕʰʌ̹n]] 通貨膨脹 (金融與銀行)
페이팔			PayPal (Finance & Banking)
무함마드	[muɦa̠mma̠dɯ]	[muɦa̠mma̠dɯ]	[[muɦa̠mma̠dɯ]] Muhammad (Religion)
공자	[ko̞ŋd͡ʑa̠]	[ko̞ŋd͡ʑa̠]	[[ko̞ŋd͡ʑa̠]] Confucius (Religion)
거룩한			Sacred (Religion)
죄	[t͡ɕwe̞(ː)]	[t͡ɕwe̞(ː)]	[[t͡ɕwe̞(ː)]] 罪 (joe) (宗教)
구원	[ˈku(ː)wʌ̹n]	[ˈku(ː)wʌ̹n]	[[ˈku(ː)wʌ̹n]] 救贖 (guseok) (宗教)
은혜	[ɯnʝe̞]	[ɯnʝe̞]	[[ɯnʝe̞]] 恩典 (eunhye) (宗教)
회개	[ˈɸwe̞(ː)ɡɛ]	[ˈɸwe̞(ː)ɡɛ]	[[ˈɸwe̞(ː)ɡɛ]] 悔改 (hoekai) (宗教)
부활	[ˈpu(ː)βwa̠ɭ]	[ˈpu(ː)βwa̠ɭ]	[[ˈpu(ː)βwa̠ɭ]] 復活 (hubok) (宗教)
이유	[ˈi(ː)ju]	[ˈi(ː)ju]	[[ˈi(ː)ju]] 斷奶 (育兒與家庭生活)
훈육			管教 (育兒與家庭生活)
오페어			互惠生 (育兒與家庭生活)
한부모			單親家長 (育兒與家庭生活)
입양	[ibja̠ŋ]	[ibja̠ŋ]	[[ibja̠ŋ]] 韓國的收養 (育兒與家庭生活)
돌	[to̞(ː)ɭ]	[to̞(ː)ɭ]	[[to̞(ː)ɭ]] 週歲宴 (Dol) (親子與家庭生活)
성인식			成年禮 (親子與家庭生活)
재산세			財產稅 (金融與銀行)
신용점수			信用評分 (金融與銀行)
구조	[kud͡ʑo̞]	[kud͡ʑo̞]	[[kud͡ʑo̞]] 結構 (建築)
평면도			平面圖 (建築)
설계도	[sʰʌ̹ɭɡje̞do̞]	[sʰʌ̹ɭɡje̞do̞]	[[sʰʌ̹ɭɡje̞do̞]] 藍圖 (建築)
기와	[kiwa̠]	[kiwa̠]	[[kiwa̠]] 屋瓦 (建築)
기둥	[kiduŋ]	[kiduŋ]	[[kiduŋ]] 柱子 (建築)
보	[po̞]	[po̞]	[[po̞]] 樑 (建築)
복원	[po̞ɡwʌ̹n]	[po̞ɡwʌ̹n]	[[po̞ɡwʌ̹n]] 修復 (建築)
등대	[tɯŋdɛ]	[tɯŋdɛ]	[[tɯŋdɛ]] Lighthouse (建築)
탑	[tʰa̠p̚]	[tʰa̠p̚]	[[tʰa̠p̚]] Pagoda (建築)
조경	[t͡ɕo̞ɡjʌ̹ŋ]	[t͡ɕo̞ɡjʌ̹ŋ]	[[t͡ɕo̞ɡjʌ̹ŋ]] Landscape architecture (建築)
간판	[ka̠npʰa̠n]	[ka̠npʰa̠n]	[[ka̠npʰa̠n]] Signage (建築)
철거	[t͡ɕʰʌ̹ɭɡʌ̹]	[t͡ɕʰʌ̹ɭɡʌ̹]	[[t͡ɕʰʌ̹ɭɡʌ̹]] 拆除 (建築)
비계	[piɡje̞]	[piɡje̞]	[[piɡje̞]] 鷹架 (建築)
가설	[ˈka̠(ː)sʰʌ̹ɭ]	[ˈka̠(ː)sʰʌ̹ɭ]	[[ˈka̠(ː)sʰʌ̹ɭ]] 假設 (科學與研究)
이론	[ˈi(ː)ɾo̞n]	[ˈi(ː)ɾo̞n]	[[ˈi(ː)ɾo̞n]] 理論 (科學與研究)
분석	[punsʰʌ̹k̚]	[punsʰʌ̹k̚]	[[punsʰʌ̹k̚]] 分析 (科學與研究)
관찰	[kwa̠ɲt͡ɕʰa̠ɭ]	[kwa̠ɲt͡ɕʰa̠ɭ]	[[kwa̠ɲt͡ɕʰa̠ɭ]] 觀察 (科學與研究)
주기율표	[t͡ɕuɡijuɭpʰjo]	[t͡ɕuɡijuɭpʰjo]	[[t͡ɕuɡijuɭpʰjo]] 週期表 (科學與研究)
원소	[wʌ̹nsʰo̞]	[wʌ̹nsʰo̞]	[[wʌ̹nsʰo̞]] 元素 (科學與研究)
원자	[wʌ̹ɲd͡ʑa̠]	[wʌ̹ɲd͡ʑa̠]	[[wʌ̹ɲd͡ʑa̠]] 原子 (科學與研究)
분자	[puɲd͡ʑa̠]	[puɲd͡ʑa̠]	[[puɲd͡ʑa̠]] 分子 (科學與研究)
유전자	[jud͡ʑʌ̹ɲd͡ʑa̠]	[jud͡ʑʌ̹ɲd͡ʑa̠]	[[jud͡ʑʌ̹ɲd͡ʑa̠]] 基因 (科學與研究)
염색체	[ˈjɘ(ː)msʰɛk̚t͡ɕʰe̞]	[ˈjɘ(ː)msʰɛk̚t͡ɕʰe̞]	[[ˈjɘ(ː)msʰɛk̚t͡ɕʰe̞]] 染色體 (科學與研究)
진화	[ˈt͡ɕi(ː)nβwa̠]	[ˈt͡ɕi(ː)nβwa̠]	[[ˈt͡ɕi(ː)nβwa̠]] 演化 (科學與研究)
지질학	[t͡ɕid͡ʑiɾɦa̠k̚]	[t͡ɕid͡ʑiɾɦa̠k̚]	[[t͡ɕid͡ʑiɾɦa̠k̚]] 地質學 (科學與研究)
심리학	[ɕʰimniɦa̠k̚]	[ɕʰimniɦa̠k̚]	[[ɕʰimniɦa̠k̚]] 心理學 (科學與研究)
사회학	[sʰa̠βwe̞ɦa̠k̚]	[sʰa̠βwe̞ɦa̠k̚]	[[sʰa̠βwe̞ɦa̠k̚]] 社會學 (科學與研究)
컴퓨터과학			計算機科學 (科學與研究)
출판	[t͡ɕʰuɭpʰa̠n]	[t͡ɕʰuɭpʰa̠n]	[[t͡ɕʰuɭpʰa̠n]] 出版 (科學與研究)
학술지			期刊 (科學與研究)
인용	[iɲoŋ]	[iɲoŋ]	[[iɲoŋ]] 引用 (科學與研究)
노벨상	[no̞be̞ɭsʰa̠ŋ]	[no̞be̞ɭsʰa̠ŋ]	[[no̞be̞ɭsʰa̠ŋ]] 諾貝爾獎 (科學與研究)
보조금			補助金 (科學與研究)
자금	[t͡ɕa̠ɡɯm]	[t͡ɕa̠ɡɯm]	[[t͡ɕa̠ɡɯm]] 資金 (科學與研究)
박사학위			博士學位 (科學與研究)
조사	[t͡ɕo̞sʰa̠]	[t͡ɕo̞sʰa̠]	[[t͡ɕo̞sʰa̠]] Survey (Science & Research)
설문지	[sʰʌ̹ɭmuɲd͡ʑi]	[sʰʌ̹ɭmuɲd͡ʑi]	[[sʰʌ̹ɭmuɲd͡ʑi]] Questionnaire (Science & Research)
모델	[mo̞de̞ɭ]	[mo̞de̞ɭ]	[[mo̞de̞ɭ]] Model (Science & Research)
로켓	[ɾo̞kʰe̞t̚]	[ɾo̞kʰe̞t̚]	[[ɾo̞kʰe̞t̚]] Rocket (Science & Research)
천문대	[t͡ɕʰʌ̹nmundɛ]	[t͡ɕʰʌ̹nmundɛ]	[[t͡ɕʰʌ̹nmundɛ]] Astronomy Observatory (Science & Research)
자존감	[t͡ɕa̠d͡ʑo̞nɡa̠m]	[t͡ɕa̠d͡ʑo̞nɡa̠m]	[[t͡ɕa̠d͡ʑo̞nɡa̠m]] 自尊 (育兒與家庭生活)
책임감	[t͡ɕʰɛɡimɡa̠m]	[t͡ɕʰɛɡimɡa̠m]	[[t͡ɕʰɛɡimɡa̠m]] 責任感 (育兒與家庭生活)
연구팀			研究團隊 (科學與研究)
오피스텔	[o̞pʰisʰɯtʰe̞ɭ]	[o̞pʰisʰɯtʰe̞ɭ]	[[o̞pʰisʰɯtʰe̞ɭ]] Officetel (建築)
콘서트홀			音樂廳 (建築)
정기예금			定期存款 (金融與銀行)
송금	[sʰo̞ŋɡɯm]	[sʰo̞ŋɡɯm]	[[sʰo̞ŋɡɯm]] 匯款 (金融與銀行)
기자회견	[kid͡ʑa̠βwe̞ɡjʌ̹n]	[kid͡ʑa̠βwe̞ɡjʌ̹n]	[[kid͡ʑa̠βwe̞ɡjʌ̹n]] 記者會 (媒體與新聞)
사설	[sʰa̠sʰʌ̹ɭ]	[sʰa̠sʰʌ̹ɭ]	[[sʰa̠sʰʌ̹ɭ]] 社論 (媒體與新聞)
특종			獨家新聞 (媒體與新聞)
타블로이드			小報 (媒體與新聞)
팩트체크			事實查核 (媒體與新聞)
생중계	[sʰɛŋd͡ʑuŋɡje̞]	[sʰɛŋd͡ʑuŋɡje̞]	[[sʰɛŋd͡ʑuŋɡje̞]] 現場直播 (媒體與新聞)
시청률	[ˈɕʰi(ː)t͡ɕʰʌ̹ŋɲuɭ]	[ˈɕʰi(ː)t͡ɕʰʌ̹ŋɲuɭ]	[[ˈɕʰi(ː)t͡ɕʰʌ̹ŋɲuɭ]] 收視率 (媒體與新聞)
파파라치	[pʰa̠pʰa̠ɾa̠t͡ɕʰi]	[pʰa̠pʰa̠ɾa̠t͡ɕʰi]	[[pʰa̠pʰa̠ɾa̠t͡ɕʰi]] 狗仔隊 (媒體與新聞)
뉴스룸			新聞編輯室 (媒體與新聞學)
정보원	[t͡ɕʌ̹ŋbo̞wʌ̹n]	[t͡ɕʌ̹ŋbo̞wʌ̹n]	[[t͡ɕʌ̹ŋbo̞wʌ̹n]] 新聞來源 (媒體與新聞學)
해설	[ˈhɛ(ː)sʰʌ̹ɭ]	[ˈhɛ(ː)sʰʌ̹ɭ]	[[ˈhɛ(ː)sʰʌ̹ɭ]] 評論 (媒體與新聞學)
언론사			媒體機構 (媒體與新聞學)
객관성			客觀性 (媒體與新聞學)
편집장	[pʰjʌ̹ɲd͡ʑip̚t͡ɕ͈a̠ŋ]	[pʰjʌ̹ɲd͡ʑip̚t͡ɕ͈a̠ŋ]	[[pʰjʌ̹ɲd͡ʑip̚t͡ɕ͈a̠ŋ]] 總編輯 (媒體與新聞學)
특파원	[tʰɯk̚pʰa̠wʌ̹n]	[tʰɯk̚pʰa̠wʌ̹n]	[[tʰɯk̚pʰa̠wʌ̹n]] 特派記者 (媒體與新聞學)
기자증			記者證 (媒體與新聞學)
독자층			讀者群 (媒體與新聞學)
인포그래픽			Infographic (媒體與新聞學)
클릭률			Click-through Rate (媒體與新聞學)
단독			Exclusive (媒體與新聞學)
여론	[ˈjɘ(ː)ɾo̞n]	[ˈjɘ(ː)ɾo̞n]	[[ˈjɘ(ː)ɾo̞n]] Public Opinion (媒體與新聞學)
페이지뷰			Page View (媒體與新聞學)
기자단	[kid͡ʑa̠da̠n]	[kid͡ʑa̠da̠n]	[[kid͡ʑa̠da̠n]] Press Corps (媒體與新聞學)
풍자	[pʰuŋd͡ʑa̠]	[pʰuŋd͡ʑa̠]	[[pʰuŋd͡ʑa̠]] Satire (媒體與新聞學)
여론조사			Opinion Poll (媒體與新聞學)
취재석			採訪席 (媒體與新聞業)
대변인	[ˈtɛ(ː)bjʌ̹nin]	[ˈtɛ(ː)bjʌ̹nin]	[[ˈtɛ(ː)bjʌ̹nin]] 發言人 (媒體與新聞業)
삼계탕	[sʰa̠mɡje̞tʰa̠ŋ]	[sʰa̠mɡje̞tʰa̠ŋ]	[[sʰa̠mɡje̞tʰa̠ŋ]] 蔘雞湯(Samgyetang) (韓式飲食)
부침개	[put͡ɕʰimɡɛ]	[put͡ɕʰimɡɛ]	[[put͡ɕʰimɡɛ]] 韓式煎餅(Buchimgae) (韓式飲食)
쌈장	[s͈a̠md͡ʑa̠ŋ]	[s͈a̠md͡ʑa̠ŋ]	[[s͈a̠md͡ʑa̠ŋ]] 包飯醬 (韓國美食與餐飲)
호박죽	[ˈɸʷo̞(ː)ba̠k̚t͡ɕ͈uk̚]	[ˈɸʷo̞(ː)ba̠k̚t͡ɕ͈uk̚]	[[ˈɸʷo̞(ː)ba̠k̚t͡ɕ͈uk̚]] 南瓜粥 (韓國美食與餐飲)
안주	[a̠ɲd͡ʑu]	[a̠ɲd͡ʑu]	[[a̠ɲd͡ʑu]] 下酒菜 (韓國美食與餐飲)
백김치			白泡菜 (韓國美食與餐飲)
해장국	[ˈhɛ(ː)d͡ʑa̠ŋɡuk̚]	[ˈhɛ(ː)d͡ʑa̠ŋɡuk̚]	[[ˈhɛ(ː)d͡ʑa̠ŋɡuk̚]] 醒酒湯 (韓國美食與餐飲)
누룽지	[nuɾuŋd͡ʑi]	[nuɾuŋd͡ʑi]	[[nuɾuŋd͡ʑi]] 鍋巴 (韓國美食與餐飲)
동치미	[to̞ŋt͡ɕʰimi]	[to̞ŋt͡ɕʰimi]	[[to̞ŋt͡ɕʰimi]] 蘿蔔水泡菜 (韓國美食與餐飲)
오이소박이			黃瓜泡菜 (韓國美食與餐飲)
빈대떡	[pindɛt͈ʌ̹k̚]	[pindɛt͈ʌ̹k̚]	[[pindɛt͈ʌ̹k̚]] 綠豆煎餅 (韓國美食與餐飲)
돌솥비빔밥			石鍋拌飯 (Dolsot Bibimbap) (韓國飲食)
닭볶음탕	[ta̠k̚p͈o̞k͈ɯmtʰa̠ŋ]	[ta̠k̚p͈o̞k͈ɯmtʰa̠ŋ]	[[ta̠k̚p͈o̞k͈ɯmtʰa̠ŋ]] 辣燉雞 (Dak Bokkeum Tang) (韓國飲食)
갈치조림			燉帶魚 (Galchi Jorim) (韓國飲食)
막국수			蕎麥麵 (Makguksu) (韓國飲食)
멸치볶음			炒小魚乾 (Myeolchi Bokkeum) (韓國飲食)
순대국			米腸湯 (Sundaeguk) (韓國飲食)
겉절이	[kʌ̹t̚t͡ɕ͈ʌ̹ɾi]	[kʌ̹t̚t͡ɕ͈ʌ̹ɾi]	[[kʌ̹t̚t͡ɕ͈ʌ̹ɾi]] 鮮拌泡菜 (Geotjeori) (韓國飲食)
조림	[t͡ɕo̞ɾim]	[t͡ɕo̞ɾim]	[[t͡ɕo̞ɾim]] 燉煮 (Jorim) (韓國飲食)
무침	[mut͡ɕʰim]	[mut͡ɕʰim]	[[mut͡ɕʰim]] 拌菜 (Muchim) (韓國飲食)
깍두기	[k͈a̠k̚t͈uɡi]	[k͈a̠k̚t͈uɡi]	[[k͈a̠k̚t͈uɡi]] 塊狀蘿蔔泡菜 (Kkakdugi) (韓國飲食)
닭죽			雞肉粥 (Dakjuk) (韓國飲食)
간장구이			Ganjang Gui (韓國飲食文化)
호박전			Hobak Jeon (韓國飲食文化)
돼지국밥			Dwaeji Gukbap (韓國飲食文化)
칼국수	[kʰa̠ɭɡuks͈u]	[kʰa̠ɭɡuks͈u]	[[kʰa̠ɭɡuks͈u]] Kalguksu (韓國飲食文化)
부추전			Buchu Jeon (韓國飲食文化)
회	[ɸwe̞]	[ɸwe̞]	[[ɸwe̞]] Hoe (韓國飲食文化)
순대볶음			Sundae Bokkeum (韓國飲食文化)
메밀국수			Buckwheat Noodles (韓國飲食文化)
닭도리탕	[ta̠k̚t͈o̞ɾitʰa̠ŋ]	[ta̠k̚t͈o̞ɾitʰa̠ŋ]	[[ta̠k̚t͈o̞ɾitʰa̠ŋ]] Dakdoritang (韓國飲食文化)
육포			Yukpo (韓國飲食文化)
도토리묵	[to̞tʰo̞ɾimuk̚]	[to̞tʰo̞ɾimuk̚]	[[to̞tʰo̞ɾimuk̚]] Dotorimuk (韓國飲食文化)
곰탕	[ko̞mtʰa̠ŋ]	[ko̞mtʰa̠ŋ]	[[ko̞mtʰa̠ŋ]] Gomtang (韓國飲食文化)
수육			Suyuk (韓國飲食文化)
액젓			鯷魚醬 (韓國飲食文化)
포장마차	[pʰo̞d͡ʑa̠ŋma̠t͡ɕʰa̠]	[pʰo̞d͡ʑa̠ŋma̠t͡ɕʰa̠]	[[pʰo̞d͡ʑa̠ŋma̠t͡ɕʰa̠]] 路邊攤 (韓國飲食文化)
장아찌	[t͡ɕa̠ŋa̠t͡ɕ͈i]	[t͡ɕa̠ŋa̠t͡ɕ͈i]	[[t͡ɕa̠ŋa̠t͡ɕ͈i]] 醬漬菜 (韓國飲食文化)
오징어볶음			辣炒魷魚 (韓國飲食文化)
미숫가루	[misʰut̚k͈a̠ɾu]	[misʰut̚k͈a̠ɾu]	[[misʰut̚k͈a̠ɾu]] 穀粉飲 (韓國飲食文化)
소갈비			韓式烤排骨 (韓國飲食文化)
닭볶음			辣燉雞 (韓國飲食文化)
도토리묵무침			橡子凍 (韓國飲食文化)
콩자반	[kʰo̞ŋd͡ʑa̠ba̠n]	[kʰo̞ŋd͡ʑa̠ba̠n]	[[kʰo̞ŋd͡ʑa̠ba̠n]] 燉黑豆 (韓國飲食文化)
무생채			涼拌蘿蔔絲 (韓國飲食文化)
쟁반국수			盤子冷麵 (韓國飲食文化)
마음챙김			正念 (心理健康與身心保健)
트라우마			創傷 (心理健康與保健)
공황발작			Panic Attack (心理健康與保健)
심리학자	[ɕʰimniɦa̠k̚t͡ɕ͈a̠]	[ɕʰimniɦa̠k̚t͡ɕ͈a̠]	[[ɕʰimniɦa̠k̚t͡ɕ͈a̠]] Psychologist (心理健康與保健)
슬픔	[sʰɯɭpʰɯm]	[sʰɯɭpʰɯm]	[[sʰɯɭpʰɯm]] Grief (心理健康與保健)
공포증	[ˈko̞(ː)ŋpʰo̞t͡ɕ͈ɯŋ]	[ˈko̞(ː)ŋpʰo̞t͡ɕ͈ɯŋ]	[[ˈko̞(ː)ŋpʰo̞t͡ɕ͈ɯŋ]] Phobia (心理健康與保健)
중독	[t͡ɕuŋdo̞k̚]	[t͡ɕuŋdo̞k̚]	[[t͡ɕuŋdo̞k̚]] Addiction (心理健康與保健)
심리치료			心理治療 (心理健康與保健)
수용			接納 (心理健康與保健)
완벽주의			完美主義 (心理健康與保健)
신체상			身體意象 (心理健康與保健)
수치심	[sʰut͡ɕʰiɕʰim]	[sʰut͡ɕʰiɕʰim]	[[sʰut͡ɕʰiɕʰim]] 羞恥 (心理健康與保健)
죄책감	[ˈt͡ɕwe̞(ː)t͡ɕʰɛk̚k͈a̠m]	[ˈt͡ɕwe̞(ː)t͡ɕʰɛk̚k͈a̠m]	[[ˈt͡ɕwe̞(ː)t͡ɕʰɛk̚k͈a̠m]] 罪惡感 (心理健康與保健)
팬사이트			站姐網站 (韓國流行文化)
대상	[tɛsʰa̠ŋ]	[tɛsʰa̠ŋ]	[[tɛsʰa̠ŋ]] 大賞 (韓國流行文化)
티저			預告片 (韓國流行文化)
얼짱	[ʌ̹ʎt͡ɕ͈a̠ŋ]	[ʌ̹ʎt͡ɕ͈a̠ŋ]	[[ʌ̹ʎt͡ɕ͈a̠ŋ]] 臉讚 (韓國流行文化)
비주얼	[pid͡ʑuʌ̹ɭ]	[pid͡ʑuʌ̹ɭ]	[[pid͡ʑuʌ̹ɭ]] 門面 (韓國流行文化)
스탠			狂粉 (韓國流行文化)
활동	[ɸwa̠ɭt͈o̞ŋ]	[ɸwa̠ɭt͈o̞ŋ]	[[ɸwa̠ɭt͈o̞ŋ]] 宣傳期 (韓國流行文化)
셋리스트			歌單 (韓國流行文化)
직캠	[t͡ɕik̚kʰɛm]	[t͡ɕik̚kʰɛm]	[[t͡ɕik̚kʰɛm]] 飯拍 (韓國流行文化)
팬픽	[pʰɛnpʰik̚]	[pʰɛnpʰik̚]	[[pʰɛnpʰik̚]] 粉絲小說 (韓國流行文化)
중성화			結紮 (寵物照護與動物)
마이크로칩			Microchip (寵物照護與動物)
팬사인회			粉絲簽名會 (韓國流行文化)
유닛			小分隊 (韓國流行文化)
사생활	[sʰa̠sʰɛŋβwa̠ɭ]	[sʰa̠sʰɛŋβwa̠ɭ]	[[sʰa̠sʰɛŋβwa̠ɭ]] Private Life (Korean Pop Culture)
구충제			驅蟲治療 (寵物照護與動物)
안내견			服務犬 (寵物照護與動物)
패치	[pʰɛt͡ɕʰi]	[pʰɛt͡ɕʰi]	[[pʰɛt͡ɕʰi]] 遊戲更新檔 (遊戲與電競)
길드			公會 (遊戲與電競)
전략	[ˈt͡ɕɘ(ː)ʎʎa̠k̚]	[ˈt͡ɕɘ(ː)ʎʎa̠k̚]	[[ˈt͡ɕɘ(ː)ʎʎa̠k̚]] 遊戲策略 (遊戲與電競)
빌런	[piɭɭʌ̹n]	[piɭɭʌ̹n]	[[piɭɭʌ̹n]] 惡意玩家 (遊戲與電競)
리플레이	[ɾipʰɯɭɭe̞i]	[ɾipʰɯɭɭe̞i]	[[ɾipʰɯɭɭe̞i]] 重播 (遊戲與電競)
정글	[t͡ɕʌ̹ŋɡɯɭ]	[t͡ɕʌ̹ŋɡɯɭ]	[[t͡ɕʌ̹ŋɡɯɭ]] 打野位 (遊戲與電競)
노가다	[no̞ɡa̠da̠]	[no̞ɡa̠da̠]	[[no̞ɡa̠da̠]] 農怪 (遊戲與電競)
너프			削弱 (遊戲與電競)
확장팩			遊戲擴充內容 (遊戲與電競)
롤챔스			LCK (英雄聯盟冠軍賽) (遊戲與電競)
쿨타임			冷卻時間 (遊戲與電競)
초반	[t͡ɕʰo̞ba̠n]	[t͡ɕʰo̞ba̠n]	[[t͡ɕʰo̞ba̠n]] 遊戲前期 (遊戲與電競)
후반	[ˈɸʷu(ː)ba̠n]	[ˈɸʷu(ː)ba̠n]	[[ˈɸʷu(ː)ba̠n]] 遊戲後期 (遊戲與電競)
기생	[ˈki(ː)sʰɛŋ]	[ˈki(ː)sʰɛŋ]	[[ˈki(ː)sʰɛŋ]] 妓生 (文化)
판소리	[pʰa̠ns͈o̞ɾi]	[pʰa̠ns͈o̞ɾi]	[[pʰa̠ns͈o̞ɾi]] 盤索里 (文化)
사물놀이	[sʰa̠muɭɭo̞ɾi]	[sʰa̠muɭɭo̞ɾi]	[[sʰa̠muɭɭo̞ɾi]] 四物農樂 (文化)
정	[t͡ɕʌ̹ŋ]	[t͡ɕʌ̹ŋ]	[[t͡ɕʌ̹ŋ]] 情（深厚的情感連結） (文化)
눈치	[nuɲt͡ɕʰi]	[nuɲt͡ɕʰi]	[[nuɲt͡ɕʰi]] 眼色（社交意識） (文化)
국악	[kuɡa̠k̚]	[kuɡa̠k̚]	[[kuɡa̠k̚]] 傳統音樂 (文化)
교육과정			Curriculum (教育)
논문	[no̞nmun]	[no̞nmun]	[[no̞nmun]] 論文 (教育)
학위논문			學位論文 (教育)
수능	[sʰunɯŋ]	[sʰunɯŋ]	[[sʰunɯŋ]] 大學修業能力測驗 (教育)
학생회	[ha̠ks͈ɛŋβwe̞]	[ha̠ks͈ɛŋβwe̞]	[[ha̠ks͈ɛŋβwe̞]] Student Council (Education)
희망차다			Hopeful (Emotions)
황홀하다			狂喜 (情緒)
원망하다	[ˈwɘ(ː)nma̠ŋɦa̠da̠]	[ˈwɘ(ː)nma̠ŋɦa̠da̠]	[[ˈwɘ(ː)nma̠ŋɦa̠da̠]] 怨恨 (情緒)
무관심하다	[muɡwa̠nɕʰimɦa̠da̠]	[muɡwa̠nɕʰimɦa̠da̠]	[[muɡwa̠nɕʰimɦa̠da̠]] 冷漠 (情緒)
공허하다	[ko̞ŋɦʌ̹ɦa̠da̠]	[ko̞ŋɦʌ̹ɦa̠da̠]	[[ko̞ŋɦʌ̹ɦa̠da̠]] 空虛 (情緒)
간절하다			渴望 (情緒)
의기양양하다			興高采烈 (情緒)
뭉클하다	[muŋkxɯɾɦa̠da̠]	[muŋkxɯɾɦa̠da̠]	[[muŋkxɯɾɦa̠da̠]] Moved (Emotions)
분노하다			Furious (Emotions)
격분하다			Enraged (Emotions)
경악하다	[kjʌ̹ŋa̠kʰa̠da̠]	[kjʌ̹ŋa̠kʰa̠da̠]	[[kjʌ̹ŋa̠kʰa̠da̠]] Horrified (Emotions)
결연하다			Determined (Emotions)
침착하다	[t͡ɕʰimt͡ɕʰa̠kʰa̠da̠]	[t͡ɕʰimt͡ɕʰa̠kʰa̠da̠]	[[t͡ɕʰimt͡ɕʰa̠kʰa̠da̠]] Composed (Emotions)
달콤씁쓸하다			Bittersweet (Emotions)
아련하다	[a̠ɾjʌ̹nɦa̠da̠]	[a̠ɾjʌ̹nɦa̠da̠]	[[a̠ɾjʌ̹nɦa̠da̠]] Wistful (Emotions)
갈망하다	[ka̠ɭma̠ŋɦa̠da̠]	[ka̠ɭma̠ŋɦa̠da̠]	[[ka̠ɭma̠ŋɦa̠da̠]] Yearning (Emotions)
증오하다			憎恨 (情緒)
사생팬	[sʰa̠sʰɛŋpʰɛn]	[sʰa̠sʰɛŋpʰɛn]	[[sʰa̠sʰɛŋpʰɛn]] Sasaeng (obsessive fan) (文化)
성형수술			整形手術 (文化)
재벌	[t͡ɕɛbʌ̹ɭ]	[t͡ɕɛbʌ̹ɭ]	[[t͡ɕɛbʌ̹ɭ]] 財閥 (文化)
무감각한			麻木 (情緒)
간장게장	[ka̠ɲd͡ʑa̠ŋɡe̞(ː)d͡ʑa̠ŋ]	[ka̠ɲd͡ʑa̠ŋɡe̞(ː)d͡ʑa̠ŋ]	[[ka̠ɲd͡ʑa̠ŋɡe̞(ː)d͡ʑa̠ŋ]] Soy Sauce Crab (Food)
이슬비	[isʰɯɭbi]	[isʰɯɭbi]	[[isʰɯɭbi]] 毛毛雨 (Nature)
할부	[ha̠ɭbu]	[ha̠ɭbu]	[[ha̠ɭbu]] 分期付款 (Shopping)
탈춤	[ˈtʰa̠(ː)ʎt͡ɕʰum]	[ˈtʰa̠(ː)ʎt͡ɕʰum]	[[ˈtʰa̠(ː)ʎt͡ɕʰum]] 假面舞 (Culture)
택견	[tʰɛk̚k͈jʌ̹n]	[tʰɛk̚k͈jʌ̹n]	[[tʰɛk̚k͈jʌ̹n]] 跆拳 (Culture)
갈대밭			蘆葦田 (Nature)
한지			韓紙 (Culture)
현무암	[çʌ̹nmua̠m]	[çʌ̹nmua̠m]	[[çʌ̹nmua̠m]] 熔岩石 (Nature)
빙하	[piŋɦa̠]	[piŋɦa̠]	[[piŋɦa̠]] 冰川 (自然)
관세	[kwa̠nsʰe̞]	[kwa̠nsʰe̞]	[[kwa̠nsʰe̞]] 關稅 (購物)
바다코끼리	[pa̠da̠kʰo̞k͈iɾi]	[pa̠da̠kʰo̞k͈iɾi]	[[pa̠da̠kʰo̞k͈iɾi]] 海象 (動物)
코뿔소	[kʰo̞p͈uɭs͈o̞]	[kʰo̞p͈uɭs͈o̞]	[[kʰo̞p͈uɭs͈o̞]] 犀牛 (動物)
하마	[ha̠ma̠]	[ha̠ma̠]	[[ha̠ma̠]] 河馬 (動物)
재규어	[t͡ɕɛɡjuʌ̹]	[t͡ɕɛɡjuʌ̹]	[[t͡ɕɛɡjuʌ̹]] 美洲豹 (動物)
하이에나	[ha̠ie̞na̠]	[ha̠ie̞na̠]	[[ha̠ie̞na̠]] 鬣狗 (動物)
미어캣	[miʌ̹kʰɛt̚]	[miʌ̹kʰɛt̚]	[[miʌ̹kʰɛt̚]] 狐獴 (動物)
아르마딜로	[a̠ɾɯma̠diɭɭo̞]	[a̠ɾɯma̠diɭɭo̞]	[[a̠ɾɯma̠diɭɭo̞]] 犰狳 (動物)
오리너구리	[ˈo̞(ː)ɾinʌ̹ɡuɾi]	[ˈo̞(ː)ɾinʌ̹ɡuɾi]	[[ˈo̞(ː)ɾinʌ̹ɡuɾi]] 鴨嘴獸 (動物)
날다람쥐			飛鼠 (動物)
황새	[ˈɸwa̠(ː)ŋsʰɛ]	[ˈɸwa̠(ː)ŋsʰɛ]	[[ˈɸwa̠(ː)ŋsʰɛ]] 鸛 (動物)
동공	[ˈto̞(ː)ŋɡo̞ŋ]	[ˈto̞(ː)ŋɡo̞ŋ]	[[ˈto̞(ː)ŋɡo̞ŋ]] 瞳孔 (身體部位)
정맥	[t͡ɕʌ̹ŋmɛk̚]	[t͡ɕʌ̹ŋmɛk̚]	[[t͡ɕʌ̹ŋmɛk̚]] 靜脈 (身體部位)
신경	[ɕʰinɡjʌ̹ŋ]	[ɕʰinɡjʌ̹ŋ]	[[ɕʰinɡjʌ̹ŋ]] 神經 (身體部位)
힘줄	[çimt͡ɕ͈uɭ]	[çimt͡ɕ͈uɭ]	[[çimt͡ɕ͈uɭ]] 肌腱 (身體部位)
골격	[ko̞ɭɡjʌ̹k̚]	[ko̞ɭɡjʌ̹k̚]	[[ko̞ɭɡjʌ̹k̚]] Skeleton (身體部位)
고막	[ko̞ma̠k̚]	[ko̞ma̠k̚]	[[ko̞ma̠k̚]] Eardrum (身體部位)
진홍색	[ˈt͡ɕi(ː)nβo̞ŋsʰɛk̚]	[ˈt͡ɕi(ː)nβo̞ŋsʰɛk̚]	[[ˈt͡ɕi(ː)nβo̞ŋsʰɛk̚]] 深紅色 (顏色與形狀)
주홍색			緋紅色 (顏色與形狀)
에메랄드색			翠綠色 (顏色與形狀)
코발트색			鈷藍色 (顏色與形狀)
호박색			琥珀色 (顏色與形狀)
숯색			炭灰色 (顏色與形狀)
수직선			垂直線 (顏色與形狀)
따돌림			Bullying (School Life)
토네이도	[tʰo̞ne̞ido̞]	[tʰo̞ne̞ido̞]	[[tʰo̞ne̞ido̞]] 龍捲風 (天氣)
허리케인	[hʌ̹ɾikʰe̞in]	[hʌ̹ɾikʰe̞in]	[[hʌ̹ɾikʰe̞in]] 颶風 (天氣)
몬순	[mo̞nsʰun]	[mo̞nsʰun]	[[mo̞nsʰun]] 季風 (天氣)
기압			Barometric Pressure (天氣)
시정			Visibility (天氣)
이슬점			Dew Point (天氣)
동상	[ˈto̞(ː)ŋsʰa̠ŋ]	[ˈto̞(ː)ŋsʰa̠ŋ]	[[ˈto̞(ː)ŋsʰa̠ŋ]] Frostbite (天氣)
강설량			降雪量 (天氣)
포켓스퀘어			口袋巾 (服飾)
커프링크			袖扣 (服飾)
압축복			壓力服 (服飾)
막장	[ma̠k̚t͡ɕ͈a̠ŋ]	[ma̠k̚t͡ɕ͈a̠ŋ]	[[ma̠k̚t͡ɕ͈a̠ŋ]] 狗血劇 (韓劇用語)
족제비	[t͡ɕo̞k̚t͡ɕ͈e̞bi]	[t͡ɕo̞k̚t͡ɕ͈e̞bi]	[[t͡ɕo̞k̚t͡ɕ͈e̞bi]] Weasel (Animals)
십억	[ɕʰibʌ̹k̚]	[ɕʰibʌ̹k̚]	[[ɕʰibʌ̹k̚]] Billion (Numbers and Time)
회계연도			Fiscal Year (Numbers and Time)
해빙			Spring Thaw (Weather)
추천서	[t͡ɕʰut͡ɕʰʌ̹nsʰʌ̹]	[t͡ɕʰut͡ɕʰʌ̹nsʰʌ̹]	[[t͡ɕʰut͡ɕʰʌ̹nsʰʌ̹]] 推薦信 (校園生活)
스톡옵션			股票期權 (商業)
지분	[t͡ɕibun]	[t͡ɕibun]	[[t͡ɕibun]] 股權 (商業)
부가가치세			加值稅 (商業)
감사	[ˈka̠(ː)msʰa̠]	[ˈka̠(ː)msʰa̠]	[[ˈka̠(ː)msʰa̠]] 審計 (商業)
대차대조표			資產負債表 (商業)
벤처캐피탈			創投 (商業)
기업공개			首次公開發行 (商業)
합병	[ha̠p̚p͈jʌ̹ŋ]	[ha̠p̚p͈jʌ̹ŋ]	[[ha̠p̚p͈jʌ̹ŋ]] 合併 (商業)
인수	[insʰu]	[insʰu]	[[insʰu]] 收購 (商業)
자회사			子公司 (商業)
주주	[t͡ɕud͡ʑu]	[t͡ɕud͡ʑu]	[[t͡ɕud͡ʑu]] 股東 (商業)
최고재무책임자			財務長 (商業)
최고운영책임자			營運長 (商業)
발효하다			Ferment (Cooking)
염장하다			Cure (Cooking)
훈제하다			Smoke (Cooking)
수익률			Profit Margin (商業)
공급망			Supply Chain (商業)
김장	[kimd͡ʑa̠ŋ]	[kimd͡ʑa̠ŋ]	[[kimd͡ʑa̠ŋ]] Kimchi Making (烹飪)
탕진잼			Tangjinjam (俚語)
극성스럽다			No Chill / Intense (俚語)
존나			Really (俚語)
벼락거지			瞬間赤貧 (俚語)
탈조선	[tʰa̠ʎd͡ʑo̞sʰʌ̹n]	[tʰa̠ʎd͡ʑo̞sʰʌ̹n]	[[tʰa̠ʎd͡ʑo̞sʰʌ̹n]] 逃離韓國 (俚語)
헬조선	[he̞ʎd͡ʑo̞sʰʌ̹n]	[he̞ʎd͡ʑo̞sʰʌ̹n]	[[he̞ʎd͡ʑo̞sʰʌ̹n]] 地獄朝鮮 (俚語)
흙수저			泥土湯匙 (俚語)
금수저	[kɯmsʰud͡ʑʌ̹]	[kɯmsʰud͡ʑʌ̹]	[[kɯmsʰud͡ʑʌ̹]] 金湯匙 (俚語)
노력충			努力中毒者 (俚語)
열정페이			熱情薪資 (俚語)
트라이애슬론			鐵人三項 (運動)
장대높이뛰기	[t͡ɕa̠ŋdɛno̞pʰit͈ɥiɡi]	[t͡ɕa̠ŋdɛno̞pʰit͈ɥiɡi]	[[t͡ɕa̠ŋdɛno̞pʰit͈ɥiɡi]] 撐竿跳高 (運動)
해머던지기	[hɛmʌ̹dʌ̹ɲd͡ʑiɡi]	[hɛmʌ̹dʌ̹ɲd͡ʑiɡi]	[[hɛmʌ̹dʌ̹ɲd͡ʑiɡi]] 鏈球 (運動)
크로스핏			CrossFit (運動)
블록체인			區塊鏈 (科技)
암호화폐	[ˈa̠(ː)mβo̞βwa̠pʰje̞]	[ˈa̠(ː)mβo̞βwa̠pʰje̞]	[[ˈa̠(ː)mβo̞βwa̠pʰje̞]] 加密貨幣 (科技)
메타버스	[me̞tʰa̠bʌ̹sʰɯ]	[me̞tʰa̠bʌ̹sʰɯ]	[[me̞tʰa̠bʌ̹sʰɯ]] 元宇宙 (科技)
가상현실			虛擬實境 (科技)
증강현실			擴增實境 (科技)
우주기술			太空科技 (科技)
양자컴퓨팅			量子計算 (科技)
재생에너지기술			再生能源科技 (科技)
퇴직금	[ˈtʰwe̞(ː)d͡ʑik̚k͈ɯm]	[ˈtʰwe̞(ː)d͡ʑik̚k͈ɯm]	[[ˈtʰwe̞(ː)d͡ʑik̚k͈ɯm]] 資遣費 (商業)
침술	[t͡ɕʰimsʰuɭ]	[t͡ɕʰimsʰuɭ]	[[t͡ɕʰimsʰuɭ]] 針灸 (健康與醫療)
한의학			韓醫學 (健康與醫療)
자기공명영상			MRI (健康與醫療)
근시	[ˈkɯ(ː)nɕʰi]	[ˈkɯ(ː)nɕʰi]	[[ˈkɯ(ː)nɕʰi]] Myopia (Health & Medical)
산부인과	[sʰa̠nbuink͈wa̠]	[sʰa̠nbuink͈wa̠]	[[sʰa̠nbuink͈wa̠]] Obstetrics / OB-GYN (Health & Medical)
심장내과			Cardiology (Health & Medical)
정형외과			Orthopedics (Health & Medical)
신경과			Neurology (Health & Medical)
체질량지수			BMI (Health & Medical)
암	[a̠(ː)m]	[a̠(ː)m]	[[a̠(ː)m]] Cancer (Health & Medical)
본인부담금			Copay (Health & Medical)
뇌졸중	[nwe̞d͡ʑo̞ʎt͡ɕ͈uŋ]	[nwe̞d͡ʑo̞ʎt͡ɕ͈uŋ]	[[nwe̞d͡ʑo̞ʎt͡ɕ͈uŋ]] 中風 (健康與醫療)
심장마비	[ɕʰimd͡ʑa̠ŋma̠bi]	[ɕʰimd͡ʑa̠ŋma̠bi]	[[ɕʰimd͡ʑa̠ŋma̠bi]] 心臟病發作 (健康與醫療)
신장병			腎臟疾病 (健康與醫療)
간질환			肝臟疾病 (健康與醫療)
위내시경			胃鏡檢查 (健康與醫療)
대장내시경			結腸鏡檢查 (健康與醫療)
요양원	[joja̠ŋwʌ̹n]	[joja̠ŋwʌ̹n]	[[joja̠ŋwʌ̹n]] Sanatorium / Convalescent Home (Health & Medical)
호스피스			Hospice (Health & Medical)
제사	[ˈt͡ɕe̞(ː)sʰa̠]	[ˈt͡ɕe̞(ː)sʰa̠]	[[ˈt͡ɕe̞(ː)sʰa̠]] Jesa (Ancestral Rites) (Holidays & Festivals)
차례	[t͡ɕʰa̠ɾje̞]	[t͡ɕʰa̠ɾje̞]	[[t͡ɕʰa̠ɾje̞]] Charye (Holiday Ancestral Rites) (Holidays & Festivals)
정월대보름			Daeboreum (First Full Moon Festival) (Holidays & Festivals)
부럼	[ˈpu(ː)ɾʌ̹m]	[ˈpu(ː)ɾʌ̹m]	[[ˈpu(ː)ɾʌ̹m]] Buram (Nut Cracking Ritual) (Holidays & Festivals)
오곡밥	[o̞ɡo̞k̚p͈a̠p̚]	[o̞ɡo̞k̚p͈a̠p̚]	[[o̞ɡo̞k̚p͈a̠p̚]] Five Grain Rice (Holidays & Festivals)
개천절			National Foundation Day (Holidays & Festivals)
연등회			Lotus Lantern Festival (Holidays & Festivals)
단오			Dano Festival (Holidays & Festivals)
돌잡이	[to̞ʎd͡ʑa̠bi]	[to̞ʎd͡ʑa̠bi]	[[to̞ʎd͡ʑa̠bi]] Doljabi (Birthday Fortune Ritual) (Holidays & Festivals)
환갑	[ˈɸwa̠(ː)nɡa̠p̚]	[ˈɸwa̠(ː)nɡa̠p̚]	[[ˈɸwa̠(ː)nɡa̠p̚]] Hwangap (60th Birthday) (Holidays & Festivals)
기제도			Gijedo (Memorial Flag Day) (Holidays & Festivals)
씨름	[ɕ͈iɾɯm]	[ɕ͈iɾɯm]	[[ɕ͈iɾɯm]] Ssireum (Korean Wrestling) (Holidays & Festivals)
널뛰기	[ˈnɘ(ː)ɭt͈ɥiɡi]	[ˈnɘ(ː)ɭt͈ɥiɡi]	[[ˈnɘ(ː)ɭt͈ɥiɡi]] Neolttuigi (Seesaw Jumping) (Holidays & Festivals)
제상			Jesa Table (Holidays & Festivals)
풍물			Pungmul (Farmer's Music) (Holidays & Festivals)
부의금			Condolence Money (Holidays & Festivals)
폐백	[ˈpʰje̞(ː)bɛk̚]	[ˈpʰje̞(ː)bɛk̚]	[[ˈpʰje̞(ː)bɛk̚]] Pyebaek (傳統婚禮儀式) (節日與慶典)
장례식	[ˈt͡ɕa̠(ː)ŋɲe̞ɕʰik̚]	[ˈt͡ɕa̠(ː)ŋɲe̞ɕʰik̚]	[[ˈt͡ɕa̠(ː)ŋɲe̞ɕʰik̚]] 葬禮 (節日與慶典)
유두	[judu]	[judu]	[[judu]] Yudu（夏日沐浴節） (節日與慶典)
제물	[t͡ɕe̞muɭ]	[t͡ɕe̞muɭ]	[[t͡ɕe̞muɭ]] 祭祀食物 (節日與慶典)
한가위	[ha̠nɡa̠ɥi]	[ha̠nɡa̠ɥi]	[[ha̠nɡa̠ɥi]] 豐收之月 (節日與慶典)
회전교차로	[ɸwe̞d͡ʑʌ̹nɡjot͡ɕʰa̠ɾo̞]	[ɸwe̞d͡ʑʌ̹nɡjot͡ɕʰa̠ɾo̞]	[[ɸwe̞d͡ʑʌ̹nɡjot͡ɕʰa̠ɾo̞]] Roundabout (Transportation)
연석	[jʌ̹nsʰʌ̹k̚]	[jʌ̹nsʰʌ̹k̚]	[[jʌ̹nsʰʌ̹k̚]] Curb (Transportation)
독립운동가			獨立運動家 (節慶與活動)
신위			神主牌 (Holidays & Festivals)
히알루론산			玻尿酸 (Beauty & Skincare)
레티놀	[ɾe̞tʰino̞ɭ]	[ɾe̞tʰino̞ɭ]	[[ɾe̞tʰino̞ɭ]] 視黃醇 (Beauty & Skincare)
나이아신아마이드			煙酰胺 (Beauty & Skincare)
프로폴리스			蜂膠 (Beauty & Skincare)
앰플			安瓶 (美容與護膚)
세라마이드			神經醯胺 (美容與護膚)
펩타이드	[pʰe̞p̚tʰa̠idɯ]	[pʰe̞p̚tʰa̠idɯ]	[[pʰe̞p̚tʰa̠idɯ]] 胜肽 (美容與護膚)
로즈힙			玫瑰果 (美容與護膚)
언더톤			膚色底調 (美容與護膚)
바둑	[pa̠duk̚]	[pa̠duk̚]	[[pa̠duk̚]] 圍棋 (Baduk) (嗜好與休閒)
천문학	[t͡ɕʰʌ̹nmunɦa̠k̚]	[t͡ɕʰʌ̹nmunɦa̠k̚]	[[t͡ɕʰʌ̹nmunɦa̠k̚]] 天文學 (嗜好與休閒)
승마	[sʰɯŋma̠]	[sʰɯŋma̠]	[[sʰɯŋma̠]] 騎馬 (嗜好與休閒)
새옹지마	[sʰɛo̞ŋd͡ʑima̠]	[sʰɛo̞ŋd͡ʑima̠]	[[sʰɛo̞ŋd͡ʑima̠]] 塞翁失馬，焉知非福 (成語與諺語)
유유상종	[ˈju(ː)jusʰa̠ŋd͡ʑo̞ŋ]	[ˈju(ː)jusʰa̠ŋd͡ʑo̞ŋ]	[[ˈju(ː)jusʰa̠ŋd͡ʑo̞ŋ]] 物以類聚 (成語與諺語)
금상첨화			錦上添花 (慣用語與諺語)
딜레마			兩難局面 (慣用語與諺語)
달변가			口才出眾 (慣用語與諺語)
재단사	[t͡ɕɛda̠nsʰa̠]	[t͡ɕɛda̠nsʰa̠]	[[t͡ɕɛda̠nsʰa̠]] Tailor (Fashion & Style)
콜라보	[kʰo̞ɭɭa̠bo̞]	[kʰo̞ɭɭa̠bo̞]	[[kʰo̞ɭɭa̠bo̞]] Collaboration (fashion) (時尚與風格)
런웨이			Runway (Fashion & Style)
온실가스			Greenhouse Gas (Environment)
재조림			Reforestation (Environment)
생태계	[sʰɛŋtʰɛɡje̞]	[sʰɛŋtʰɛɡje̞]	[[sʰɛŋtʰɛɡje̞]] Ecosystem (Environment)
오존층			臭氧層 (環境)
산성비			酸雨 (環境)
보전	[ˈpo̞(ː)d͡ʑʌ̹n]	[ˈpo̞(ː)d͡ʑʌ̹n]	[[ˈpo̞(ː)d͡ʑʌ̹n]] 保育 (環境)
업사이클링			升級再造 (環境)
서식지	[ˈsʰɘ(ː)ɕʰik̚t͡ɕ͈i]	[ˈsʰɘ(ː)ɕʰik̚t͡ɕ͈i]	[[ˈsʰɘ(ː)ɕʰik̚t͡ɕ͈i]] 棲息地 (環境)
환경법			環境法 (環境)
환경부			環境部 (環境)
이산화탄소	[ˈi(ː)sʰa̠nβwa̠tʰa̠nsʰo̞]	[ˈi(ː)sʰa̠nβwa̠tʰa̠nsʰo̞]	[[ˈi(ː)sʰa̠nβwa̠tʰa̠nsʰo̞]] 二氧化碳 (環境)
메탄	[me̞tʰa̠n]	[me̞tʰa̠n]	[[me̞tʰa̠n]] 甲烷 (環境)
환경세			綠色稅 (環境)
수처리			水處理 (環境)
생물권	[sʰɛŋmuɭk͈wʌ̹n]	[sʰɛŋmuɭk͈wʌ̹n]	[[sʰɛŋmuɭk͈wʌ̹n]] 生物圈 (環境)
지하수	[t͡ɕiɦa̠sʰu]	[t͡ɕiɦa̠sʰu]	[[t͡ɕiɦa̠sʰu]] Groundwater (Environment)
남획			Overfishing (Environment)
침식			Erosion (Environment)
생태학	[sʰɛŋtʰɛɦa̠k̚]	[sʰɛŋtʰɛɦa̠k̚]	[[sʰɛŋtʰɛɦa̠k̚]] Ecology (Environment)
독립운동			獨立運動 (韓國歷史)
삼일운동			三一運動 (韓國歷史)
고조선	[ˈko̞(ː)d͡ʑo̞sʰʌ̹n]	[ˈko̞(ː)d͡ʑo̞sʰʌ̹n]	[[ˈko̞(ː)d͡ʑo̞sʰʌ̹n]] 古朝鮮 (韓國歷史)
고구려	[ko̞ɡuɾjʌ̹]	[ko̞ɡuɾjʌ̹]	[[ko̞ɡuɾjʌ̹]] 高句麗 (韓國歷史)
백제	[pɛk̚t͡ɕ͈e̞]	[pɛk̚t͡ɕ͈e̞]	[[pɛk̚t͡ɕ͈e̞]] 百濟王國 (韓國歷史)
이성계			李成桂（太祖） (韓國歷史)
유교	[juɡjo]	[juɡjo]	[[juɡjo]] 韓國儒學 (韓國歷史)
팔만대장경			高麗大藏經 (韓國歷史)
이순신			李舜臣將軍 (韓國歷史)
임진왜란	[imd͡ʑinwɛɾa̠n]	[imd͡ʑinwɛɾa̠n]	[[imd͡ʑinwɛɾa̠n]] 壬辰戰爭 (韓國歷史)
임시정부			臨時政府 (韓國歷史)
청자	[t͡ɕʰʌ̹ŋd͡ʑa̠]	[t͡ɕʰʌ̹ŋd͡ʑa̠]	[[t͡ɕʰʌ̹ŋd͡ʑa̠]] 青瓷 (韓國歷史)
휴전	[çud͡ʑʌ̹n]	[çud͡ʑʌ̹n]	[[çud͡ʑʌ̹n]] 停戰協定 (韓國歷史)
단군	[ta̠nɡun]	[ta̠nɡun]	[[ta̠nɡun]] 檀君 (韓國歷史)
선비	[sʰʌ̹nbi]	[sʰʌ̹nbi]	[[sʰʌ̹nbi]] 儒生（朝鮮） (韓國歷史)
화랑	[ɸwa̠ɾa̠ŋ]	[ɸwa̠ɾa̠ŋ]	[[ɸwa̠ɾa̠ŋ]] 花郎 (韓國歷史)
고종			高宗皇帝 (韓國歷史)
대한제국			大韓帝國 (韓國歷史)
청일전쟁			甲午戰爭 (韓國歷史)
첨성대			瞻星臺天文台 (韓國歷史)
성균관	[sʰʌ̹ŋɡjunɡwa̠n]	[sʰʌ̹ŋɡjunɡwa̠n]	[[sʰʌ̹ŋɡjunɡwa̠n]] 成均館 (韓國歷史)
종묘			宗廟 (韓國歷史)
규장각			奎章閣御覽所 (韓國歷史)
동학운동			東學運動 (韓國歷史)
풍수	[pʰuŋsʰu]	[pʰuŋsʰu]	[[pʰuŋsʰu]] 風水（韓國堪輿學） (韓國歷史)
양반	[ja̠ŋba̠n]	[ja̠ŋba̠n]	[[ja̠ŋba̠n]] 兩班（貴族） (韓國歷史)
과거시험			科舉考試 (韓國歷史)
신분제도			朝鮮社會階級 (韓國歷史)
국궁	[kuk̚k͈uŋ]	[kuk̚k͈uŋ]	[[kuk̚k͈uŋ]] 韓國傳統射箭 (韓國歷史)
석굴암			石窟庵 (韓國歷史)
과거제도			科舉考試（朝鮮） (韓國歷史)
통일신라			統一新羅 (韓國歷史)
왕건			王建（高麗太祖） (韓國歷史)
천도교	[t͡ɕʰʌ̹ndo̞ɡjo]	[t͡ɕʰʌ̹ndo̞ɡjo]	[[t͡ɕʰʌ̹ndo̞ɡjo]] 天道教 (韓國歷史)
삼국사기	[sʰa̠mɡuks͈a̠ɡi]	[sʰa̠mɡuks͈a̠ɡi]	[[sʰa̠mɡuks͈a̠ɡi]] 三國史記 (韓國歷史)
삼국유사	[sʰa̠mɡuɡjusʰa̠]	[sʰa̠mɡuɡjusʰa̠]	[[sʰa̠mɡuɡjusʰa̠]] 三國遺事 (韓國歷史)
동의보감			東醫寶鑑 (韓國歷史)
박정희			朴正熙 (韓國歷史)
이승만			李承晚 (韓國歷史)
안중근			安重根 (韓國歷史)
직지심체요절			直指心傳 (韓國歷史)
헌법	[ˈhɘ(ː)np͈ʌ̹p̚]	[ˈhɘ(ː)np͈ʌ̹p̚]	[[ˈhɘ(ː)np͈ʌ̹p̚]] 憲法 (法律與政府)
상원의원	[ˈsʰa̠(ː)ŋwʌ̹nɰiwʌ̹n]	[ˈsʰa̠(ː)ŋwʌ̹nɰiwʌ̹n]	[[ˈsʰa̠(ː)ŋwʌ̹nɰiwʌ̹n]] 參議員 (法律與政府)
공화국	[ˈko̞(ː)ŋβwa̠ɡuk̚]	[ˈko̞(ː)ŋβwa̠ɡuk̚]	[[ˈko̞(ː)ŋβwa̠ɡuk̚]] 共和國 (法律與政府)
군부제			君主制 (法律與政府)
입법	[ip̚p͈ʌ̹p̚]	[ip̚p͈ʌ̹p̚]	[[ip̚p͈ʌ̹p̚]] 立法 (法律與政府)
원고	[wʌ̹nɡo̞]	[wʌ̹nɡo̞]	[[wʌ̹nɡo̞]] 原告 (法律與政府)
배심단			陪審團 (法律與政府)
평결	[pʰjʌ̹ŋɡjʌ̹ɭ]	[pʰjʌ̹ŋɡjʌ̹ɭ]	[[pʰjʌ̹ŋɡjʌ̹ɭ]] 判決 (法律與政府)
항소	[ˈha̠(ː)ŋsʰo̞]	[ˈha̠(ː)ŋsʰo̞]	[[ˈha̠(ː)ŋsʰo̞]] 上訴 (法律與政府)
영장	[jʌ̹ŋt͡ɕ͈a̠ŋ]	[jʌ̹ŋt͡ɕ͈a̠ŋ]	[[jʌ̹ŋt͡ɕ͈a̠ŋ]] 搜查令 (法律與政府)
시민권	[ˈɕʰi(ː)mink͈wʌ̹n]	[ˈɕʰi(ː)mink͈wʌ̹n]	[[ˈɕʰi(ː)mink͈wʌ̹n]] 公民權利 (法律與政府)
횡령	[ɸwe̞ŋɲʌ̹ŋ]	[ɸwe̞ŋɲʌ̹ŋ]	[[ɸwe̞ŋɲʌ̹ŋ]] 挪用公款 (法律與政府)
탈세	[tʰa̠ɭs͈e̞]	[tʰa̠ɭs͈e̞]	[[tʰa̠ɭs͈e̞]] 逃漏稅 (法律與政府)
성희롱			性騷擾 (法律與政府)
저작권	[ˈt͡ɕɘ(ː)d͡ʑa̠k̚k͈wʌ̹n]	[ˈt͡ɕɘ(ː)d͡ʑa̠k̚k͈wʌ̹n]	[[ˈt͡ɕɘ(ː)d͡ʑa̠k̚k͈wʌ̹n]] 版權 (法律與政府)
상표	[sʰa̠ŋpʰjo]	[sʰa̠ŋpʰjo]	[[sʰa̠ŋpʰjo]] 商標 (法律與政府)
특허	[tʰɯkʰʌ̹]	[tʰɯkʰʌ̹]	[[tʰɯkʰʌ̹]] 專利 (法律與政府)
공증인	[ko̞ŋd͡ʑɯŋin]	[ko̞ŋd͡ʑɯŋin]	[[ko̞ŋd͡ʑɯŋin]] 公證人 (法律與政府)
민법			民法 (法律與政府)
형법	[çʌ̹ŋp͈ʌ̹p̚]	[çʌ̹ŋp͈ʌ̹p̚]	[[çʌ̹ŋp͈ʌ̹p̚]] 刑法 (法律與政府)
행정법	[hɛŋd͡ʑʌ̹ŋbʌ̹p̚]	[hɛŋd͡ʑʌ̹ŋbʌ̹p̚]	[[hɛŋd͡ʑʌ̹ŋbʌ̹p̚]] 行政法 (法律與政府)
국제법	[kuk̚t͡ɕ͈e̞bʌ̹p̚]	[kuk̚t͡ɕ͈e̞bʌ̹p̚]	[[kuk̚t͡ɕ͈e̞bʌ̹p̚]] 國際法 (法律與政府)
조약	[t͡ɕo̞ja̠k̚]	[t͡ɕo̞ja̠k̚]	[[t͡ɕo̞ja̠k̚]] 條約 (法律與政府)
영사	[jʌ̹ŋsʰa̠]	[jʌ̹ŋsʰa̠]	[[jʌ̹ŋsʰa̠]] 領事 (法律與政府)
외교	[ˈwe̞(ː)ɡjo]	[ˈwe̞(ː)ɡjo]	[[ˈwe̞(ː)ɡjo]] 外交事務 (法律與政府)
귀화			Naturalization (法律與政府)
주민등록			Resident Registration (法律與政府)
공무	[ko̞ŋmu]	[ko̞ŋmu]	[[ko̞ŋmu]] Public Service (法律與政府)
관료제	[kwa̠ʎʎod͡ʑe̞]	[kwa̠ʎʎod͡ʑe̞]	[[kwa̠ʎʎod͡ʑe̞]] Bureaucracy (法律與政府)
집행	[t͡ɕipʰɛŋ]	[t͡ɕipʰɛŋ]	[[t͡ɕipʰɛŋ]] Enforcement (法律與政府)
과세	[kwa̠sʰe̞]	[kwa̠sʰe̞]	[[kwa̠sʰe̞]] Taxation (法律與政府)
중앙은행	[t͡ɕuŋa̠ŋɯnɦɛŋ]	[t͡ɕuŋa̠ŋɯnɦɛŋ]	[[t͡ɕuŋa̠ŋɯnɦɛŋ]] Central Bank (法律與政府)
대법원	[tɛbʌ̹bwʌ̹n]	[tɛbʌ̹bwʌ̹n]	[[tɛbʌ̹bwʌ̹n]] Supreme Court (法律與政府)
헌법재판소	[hʌ̹nbʌ̹p̚t͡ɕ͈ɛpʰa̠nsʰo̞]	[hʌ̹nbʌ̹p̚t͡ɕ͈ɛpʰa̠nsʰo̞]	[[hʌ̹nbʌ̹p̚t͡ɕ͈ɛpʰa̠nsʰo̞]] Constitutional Court (法律與政府)
행정법원	[hɛŋd͡ʑʌ̹ŋbʌ̹bwʌ̹n]	[hɛŋd͡ʑʌ̹ŋbʌ̹bwʌ̹n]	[[hɛŋd͡ʑʌ̹ŋbʌ̹bwʌ̹n]] Administrative Court (法律與政府)
국민투표	[kuŋmintʰupʰjo]	[kuŋmintʰupʰjo]	[[kuŋmintʰupʰjo]] Referendum (法律與政府)
탄핵	[ˈtʰa̠(ː)nɦɛk̚]	[ˈtʰa̠(ː)nɦɛk̚]	[[ˈtʰa̠(ː)nɦɛk̚]] Impeachment (法律與政府)
판례	[pʰa̠ʎʎe̞]	[pʰa̠ʎʎe̞]	[[pʰa̠ʎʎe̞]] Legal Precedent (法律與政府)
공소시효			Statute of Limitations (法律與政府)
굿	[kut̚]	[kut̚]	[[kut̚]] 巫俗儀式 (宗教)
디왈리			排燈節 (宗教)
이교도	[ˈi(ː)ɡjodo̞]	[ˈi(ː)ɡjodo̞]	[[ˈi(ː)ɡjodo̞]] 異教徒 (宗教)
불가지론자			不可知論者 (宗教)
포교	[ˈpʰo̞(ː)ɡjo]	[ˈpʰo̞(ː)ɡjo]	[[ˈpʰo̞(ː)ɡjo]] 傳教 (宗教)
선	[sʰʌ̹n]	[sʰʌ̹n]	[[sʰʌ̹n]] 禪 (宗教)
도교	[ˈto̞(ː)ɡjo]	[ˈto̞(ː)ɡjo]	[[ˈto̞(ː)ɡjo]] 道教徒 (宗教)
축귀			驅魔 (宗教)
코스피			KOSPI (金融與銀行)
비트코인	[pitʰɯkʰo̞in]	[pitʰɯkʰo̞in]	[[pitʰɯkʰo̞in]] 比特幣 (金融與銀行)
법인세			企業稅 (金融與銀行)
파산	[ˈpʰa̠(ː)sʰa̠n]	[ˈpʰa̠(ː)sʰa̠n]	[[ˈpʰa̠(ː)sʰa̠n]] 破產 (金融與銀行)
채권자	[ˈt͡ɕʰɛ(ː)ɡwʌ̹ɲd͡ʑa̠]	[ˈt͡ɕʰɛ(ː)ɡwʌ̹ɲd͡ʑa̠]	[[ˈt͡ɕʰɛ(ː)ɡwʌ̹ɲd͡ʑa̠]] 債權人 (金融與銀行)
채무자	[ˈt͡ɕʰɛ(ː)mud͡ʑa̠]	[ˈt͡ɕʰɛ(ː)mud͡ʑa̠]	[[ˈt͡ɕʰɛ(ː)mud͡ʑa̠]] 債務人 (金融與銀行)
담보	[ta̠mbo̞]	[ta̠mbo̞]	[[ta̠mbo̞]] 抵押品 (金融與銀行)
보증인			擔保人 (金融與銀行)
디플레이션	[tipʰɯɭɭe̞iɕʰʌ̹n]	[tipʰɯɭɭe̞iɕʰʌ̹n]	[[tipʰɯɭɭe̞iɕʰʌ̹n]] 通貨緊縮 (金融與銀行)
금융감독위원회			FSC (Financial Services Commission) (Finance & Banking)
경제협력개발기구			OECD (Finance & Banking)
국제통화기금			IMF (Finance & Banking)
세계은행			World Bank (Finance & Banking)
인수합병			M&A (Finance & Banking)
중개인	[t͡ɕuŋɡɛin]	[t͡ɕuŋɡɛin]	[[t͡ɕuŋɡɛin]] Broker (Finance & Banking)
트레이더			Trader (Finance & Banking)
커튼월			幕牆 (建築)
용도지역			Zoning (建築)
길찾기			Wayfinding (建築)
음향	[ɯmʝa̠ŋ]	[ɯmʝa̠ŋ]	[[ɯmʝa̠ŋ]] 聲學 (建築)
냉난방			暖通空調 (建築)
프리팹			預製 (建築)
신경과학			神經科學 (科學與研究)
인류학	[iʎʎuɦa̠k̚]	[iʎʎuɦa̠k̚]	[[iʎʎuɦa̠k̚]] 人類學 (科學與研究)
고고학	[ˈko̞(ː)ɡo̞ɦa̠k̚]	[ˈko̞(ː)ɡo̞ɦa̠k̚]	[[ˈko̞(ː)ɡo̞ɦa̠k̚]] 考古學 (科學與研究)
언어학	[ʌ̹nʌ̹ɦa̠k̚]	[ʌ̹nʌ̹ɦa̠k̚]	[[ʌ̹nʌ̹ɦa̠k̚]] 語言學 (科學與研究)
로봇공학			機器人學 (科學與研究)
나노기술	[na̠no̞ɡisʰuɭ]	[na̠no̞ɡisʰuɭ]	[[na̠no̞ɡisʰuɭ]] 奈米技術 (科學與研究)
생명공학			生物技術 (科學與研究)
유전공학			基因工程 (科學與研究)
줄기세포			幹細胞 (科學與研究)
임상시험			臨床試驗 (科學與研究)
박사후연구원			博士後研究員 (科學與研究)
메타분석			Meta-analysis (Science & Research)
대조군			Control Group (Science & Research)
변수	[ˈpjɘ(ː)nsʰu]	[ˈpjɘ(ː)nsʰu]	[[ˈpjɘ(ː)nsʰu]] Variable (Science & Research)
상관관계			Correlation (Science & Research)
인과관계			Causation (Science & Research)
시뮬레이션	[ɕʰimjuɭɭe̞iɕʰʌ̹n]	[ɕʰimjuɭɭe̞iɕʰʌ̹n]	[[ɕʰimjuɭɭe̞iɕʰʌ̹n]] Simulation (Science & Research)
지진학	[t͡ɕid͡ʑinɦa̠k̚]	[t͡ɕid͡ʑinɦa̠k̚]	[[t͡ɕid͡ʑinɦa̠k̚]] Seismology (Science & Research)
화산학	[ˈɸwa̠(ː)sʰa̠nɦa̠k̚]	[ˈɸwa̠(ː)sʰa̠nɦa̠k̚]	[[ˈɸwa̠(ː)sʰa̠nɦa̠k̚]] Volcanology (Science & Research)
고생물학	[ˈko̞(ː)sʰɛŋmuɾɦa̠k̚]	[ˈko̞(ː)sʰɛŋmuɾɦa̠k̚]	[[ˈko̞(ː)sʰɛŋmuɾɦa̠k̚]] Paleontology (Science & Research)
법의학	[ˈpɘ(ː)bɰiɦa̠k̚]	[ˈpɘ(ː)bɰiɦa̠k̚]	[[ˈpɘ(ː)bɰiɦa̠k̚]] Forensic Science (Science & Research)
독성학			毒理學 (科學與研究)
역학	[jʌ̹kʰa̠k̚]	[jʌ̹kʰa̠k̚]	[[jʌ̹kʰa̠k̚]] 流行病學 (科學與研究)
재료과학			材料科學 (科學與研究)
동의서			知情同意 (科學與研究)
복리	[po̞ŋni]	[po̞ŋni]	[[po̞ŋni]] 複利 (金融與銀行)
순자산			淨資產 (金融與銀行)
건축법			建築規範 (建築)
저축률			儲蓄率 (金融與銀行)
대들보	[tɛdɯɭbo̞]	[tɛdɯɭbo̞]	[[tɛdɯɭbo̞]] 木樑 (建築)
캔틸레버			懸臂 (建築)
난간벽			女兒牆 (建築)
고창			高窗 (建築)
임파스토			厚塗法 (藝術與設計)
검열	[ˈkɘ(ː)mɲʌ̹ɭ]	[ˈkɘ(ː)mɲʌ̹ɭ]	[[ˈkɘ(ː)mɲʌ̹ɭ]] 審查 (媒體與新聞)
선전	[sʰʌ̹ɲd͡ʑʌ̹n]	[sʰʌ̹ɲd͡ʑʌ̹n]	[[sʰʌ̹ɲd͡ʑʌ̹n]] 宣傳 (媒體與新聞)
기고문			評論文章 (媒體與新聞)
포토저널리즘			新聞攝影 (媒體與新聞)
논평가			評論員 (媒體與新聞)
선정주의			煽情主義 (媒體與新聞學)
딥페이크			深度偽造 (媒體與新聞學)
언론법			Media Law (媒體與新聞學)
방송권			Broadcast Rights (媒體與新聞學)
편집위원회			編輯委員會 (媒體與新聞業)
육회	[jukʰwe̞]	[jukʰwe̞]	[[jukʰwe̞]] 生拌牛肉 (韓國美食與餐飲)
구절판	[kud͡ʑʌ̹ɭpʰa̠n]	[kud͡ʑʌ̹ɭpʰa̠n]	[[kud͡ʑʌ̹ɭpʰa̠n]] 九節板 (韓國美食與餐飲)
한정식	[ˈha̠(ː)ɲd͡ʑʌ̹ŋɕʰik̚]	[ˈha̠(ː)ɲd͡ʑʌ̹ŋɕʰik̚]	[[ˈha̠(ː)ɲd͡ʑʌ̹ŋɕʰik̚]] 韓定食 (韓國美食與餐飲)
약식	[ja̠kɕ͈ik̚]	[ja̠kɕ͈ik̚]	[[ja̠kɕ͈ik̚]] 藥飯 (韓國美食與餐飲)
떡갈비			年糕排 (Tteok Galbi) (韓國飲食)
새우젓	[sʰɛud͡ʑʌ̹t̚]	[sʰɛud͡ʑʌ̹t̚]	[[sʰɛud͡ʑʌ̹t̚]] 蝦醬 (Saeujeot) (韓國飲食)
적	[t͡ɕʌ̹k̚]	[t͡ɕʌ̹k̚]	[[t͡ɕʌ̹k̚]] Jeok (韓國飲食文化)
멍게	[mʌ̹ŋɡe̞]	[mʌ̹ŋɡe̞]	[[mʌ̹ŋɡe̞]] Sea Squirt (韓國飲食文化)
낙지볶음			Nakji Bokkeum (韓國飲食文化)
어만두			Fish Mandu (韓國飲食文化)
토란국			Toranguk (韓國飲食文化)
편육	[pʰjʌ̹ɲuk̚]	[pʰjʌ̹ɲuk̚]	[[pʰjʌ̹ɲuk̚]] 肉片 (韓國飲食文化)
꼬리곰탕			牛尾湯 (韓國飲食文化)
더덕구이			烤山藥根 (韓國飲食文化)
천탕			清湯 (韓國飲食文化)
조현병	[t͡ɕo̞ʝʌ̹nbjʌ̹ŋ]	[t͡ɕo̞ʝʌ̹nbjʌ̹ŋ]	[[t͡ɕo̞ʝʌ̹nbjʌ̹ŋ]] Schizophrenia (心理健康與保健)
인지행동치료			Cognitive Behavioral Therapy (心理健康與保健)
자기애	[t͡ɕa̠ɡiɛ]	[t͡ɕa̠ɡiɛ]	[[t͡ɕa̠ɡiɛ]] Narcissism (心理健康與保健)
해리	[ˈhɛ(ː)ɾi]	[ˈhɛ(ː)ɾi]	[[ˈhɛ(ː)ɾi]] 分離 (心理健康與保健)
자폐증	[t͡ɕa̠pʰje̞t͡ɕ͈ɯŋ]	[t͡ɕa̠pʰje̞t͡ɕ͈ɯŋ]	[[t͡ɕa̠pʰje̞t͡ɕ͈ɯŋ]] 自閉症 (心理健康與保健)
편집증	[pʰjʌ̹ɲd͡ʑip̚t͡ɕ͈ɯŋ]	[pʰjʌ̹ɲd͡ʑip̚t͡ɕ͈ɯŋ]	[[pʰjʌ̹ɲd͡ʑip̚t͡ɕ͈ɯŋ]] 偏執 (心理健康與保健)
가스라이팅	[ka̠sʰɯɾa̠itʰiŋ]	[ka̠sʰɯɾa̠itʰiŋ]	[[ka̠sʰɯɾa̠itʰiŋ]] 煤氣燈效應 (心理健康與保健)
공의존			共依存 (心理健康與保健)
몰입	[mo̞ɾip̚]	[mo̞ɾip̚]	[[mo̞ɾip̚]] 心流狀態 (心理健康與保健)
바이오피드백			生物回饋 (心理健康與養生)
취약성	[ˈt͡ɕʰɥi(ː)ja̠ks͈ʌ̹ŋ]	[ˈt͡ɕʰɥi(ː)ja̠ks͈ʌ̹ŋ]	[[ˈt͡ɕʰɥi(ː)ja̠ks͈ʌ̹ŋ]] 脆弱性 (心理健康與養生)
세계관	[ˈsʰe̞(ː)ɡje̞ɡwa̠n]	[ˈsʰe̞(ː)ɡje̞ɡwa̠n]	[[ˈsʰe̞(ː)ɡje̞ɡwa̠n]] 世界觀 (韓國流行文化)
재계약			續約/合約 (韓國流行文化)
하이브			HYBE (韓國流行文化)
세대	[ˈsʰe̞(ː)dɛ]	[ˈsʰe̞(ː)dɛ]	[[ˈsʰe̞(ː)dɛ]] 世代 (韓國流行文化)
동물권			動物權利 (寵物護理與動物)
올킬			All-Kill (韓國流行文化)
총공			刷榜派對 (韓國流行文化)
안락사	[a̠ɭɭa̠ks͈a̠]	[a̠ɭɭa̠ks͈a̠]	[[a̠ɭɭa̠ks͈a̠]] 寵物安樂死 (寵物照護與動物)
스피드런			速通 (遊戲與電競)
옵저버			觀戰者（旁觀工具） (遊戲與電競)
