de	/de/	/de/	[de] 从；的<介>
que	/ke/	/ke/	[ke] 关系代词/连接词<连>
no	/no/	/no/	[no] 不，不是<副>
la	/la/	/la/	[la] 定冠词[阴性单数]<限定>
ser	/ˈseɾ/	/ˈseɾ/	[ˈseɾ] 是<名>
en	/en/	/en/	[en] 在<介>
un	/un/	/un/	[un] 一个[阳性]<限定>
por	/por/	/por/	[por] 通过；因为；为<介>
qué	/ˈke/	/ˈke/	[ˈke] 什么<副>
me	/me/	/me/	[me] 我[宾格]<代>
una	/una/	/una/	[una] 一个[阴性]<限定>
se	/se/	/se/	[se] 自己<代>
te	/te/	/te/	[te] 你[宾格]<代>
con	/kon/	/kon/	[kon] 与<介>
para	/para/	/para/	[para] 为了；给<介>
estar	/esˈtaɾ/	/esˈtaɾ/	[esˈtaɾ] 是<动>
mi	/mi/	/mi/	[mi] 我的<限定>
pero	/pero/	/pero/	[pero] 但是<连>
sí	/ˈsi/	/ˈsi/	[/ˈsi/] 是的<副><noun>
si	/si/	/si/	[si] 如果；是否<连>
bien	/bjen/	/bjen/	[bjen] 好；很<副>
eso	/eso/	/eso/	[eso] 那个<代>
su	/su/	/su/	[su] 他/她/它的<限定>
ellas	/ˈeʝas/	/ˈeʝas/	[ˈeʝas] 他们<代>
yo	/ʒo/	/ʒo/	[ʒo] 我<代>
como	/komo/	/komo/	[komo] 怎样；作为<副>
aquí	/aˈki/	/aˈki/	[aˈki] 这里<副>
tu	/tu/	/tu/	[tu] 你的<限定>
más	/ˈmas/	/ˈmas/	[ˈmas] 更多<副>
le	/le/	/le/	[le] 他/她/您[与格]<代>
éste	/ˈeste/	/ˈeste/	[ˈeste] 这个<代>
todo	/todo/	/todo/	[todo] 所有；全部<限定>
ya	/ja/	/ja/	[ja] 已经；现在<副>
ahora	/aˈoɾa/	/aˈoɾa/	[/aˈoɾa/] 现在<副>
muy	/muj/	/muj/	[muj] 非常<副>
ha	/a/	/a/	[[ˈa] （haber的第三人称单数）已经；有<noun>
esta	/esta/	/esta/	[esta] 这个[阴性]<限定>
así	/aˈsi/	/aˈsi/	[aˈsi] 所以<副>
vamos	/ˈbamos/	/ˈbamos/	[ˈbamos] 我们走吧<叹>
algo	/algo/	/algo/	[algo] 某事；某物<代>
hay	/aj/	/aj/	[aj] 有[存在]<动>
bueno	/ˈbweno/	/ˈbweno/	[ˈbweno] 好<形>
tener	/teˈneɾ/	/teˈneɾ/	[teˈneɾ] 有<动>
él	/ˈel/	/ˈel/	[ˈel] 他<代>
cuando	/kwando/	/kwando/	[kwando] 什么时候<副>
sé	/ˈse/	/ˈse/	[ˈse] 我知道<叹>
tú	/ˈtu/	/ˈtu/	[ˈtu] 你<代>
nosotros	/noˈsotɾos/	/noˈsotɾos/	[noˈsotɾos] 我们<代>
nada	/nada/	/nada/	[nada] 什么也没有<代>
cómo	/ˈkomo/	/ˈkomo/	[ˈkomo] 如何<名>
este	/este/	/este/	[este] 这个<限定>
he	/ˈe/	/ˈe/	[ˈe] 我有<名>
poder	/poˈdeɾ/	/poˈdeɾ/	[/poˈdeɾ/] 能够；权力；能力<noun>
ella	/ˈeʝa/	/ˈeʝa/	[ˈeʝa] 她<代>
querer	/keˈɾeɾ/	/keˈɾeɾ/	[keˈɾeɾ] 想要<名>
hacer	/aˈθeɾ/	/aˈθeɾ/	[aˈθeɾ] 做<名>
ir	/ˈiɾ/	/ˈiɾ/	[ˈiɾ] 去<动>
gracias	/grasjas/	/grasjas/	[grasjas] 谢谢<叹>
vez	/ˈbeθ/	/ˈbeθ/	[ˈbeθ] 时间<名>
era	/ˈeɾa/	/ˈeɾa/	[ˈeɾa] 是<名>
sólo	/ˈsolo/	/ˈsolo/	[ˈsolo] 仅<副>
porque	/ˈpoɾke/	/ˈpoɾke/	[ˈpoɾke] 因为<连>
son	/ˈson/	/ˈson/	[ˈson] 是<名>
crear	/kɾeˈaɾ/	/kɾeˈaɾ/	[kɾeˈaɾ] 创造<动>
sabes	/ˈsabes/	/ˈsabes/	[ˈsabes] 你知道<叹>
puede	/ˈpwede/	/ˈpwede/	[ˈpwede] 可以<叹>
ese	/ˈese/	/ˈese/	[ˈese] 那个<名>
usted	/usˈted/	/usˈted/	[usˈted] 你<代>
entonces	/enˈtonθes/	/enˈtonθes/	[enˈtonθes] 然后<副>
hola	/ola/	/ola/	[ola] 你好<叹>
solo	/ˈsolo/	/ˈsolo/	[ˈsolo] 独自一人<形>
verdad	/beɾˈda/	/beɾˈda/	[beɾˈda] 真实<名>
casa	/ˈkasa/	/ˈkasa/	[ˈkasa] 房子<名>
tan	/tan/	/tan/	[/tan/] 如此；那么<adv>
quién	/ˈkjen/	/ˈkjen/	[ˈkjen] 谁<代>
sus	/sus/	/sus/	[sus] 他们的<形>
tiempo	/ˈtjempo/	/ˈtjempo/	[ˈtjempo] 时间<名>
dos	/ˈdos/	/ˈdos/	[ˈdos] 两个<名>
esa	/ˈesa/	/ˈesa/	[ˈesa] 那个<代>
nunca	/ˈnunka/	/ˈnunka/	[ˈnunka] 从不<副>
dónde	/ˈdonde/	/ˈdonde/	[ˈdonde] 哪里<名>
va	/ˈba/	/ˈba/	[ˈba] 去<叹>
oh	/ˈo/	/ˈo/	[ˈo] 哦<叹>
favor	/faˈboɾ/	/faˈboɾ/	[faˈboɾ] 请<名>
mucho	/ˈmut͡ʃo/	/ˈmut͡ʃo/	[ˈmut͡ʃo] 很多<副>
mí	/ˈmi/	/ˈmi/	[ˈmi] 我<代>
sentar	/senˈtaɾ/	/senˈtaɾ/	[senˈtaɾ] 坐<动>
señor	/seˈɲoɾ/	/seˈɲoɾ/	[seˈɲoɾ] 先生<名>
mejor	/meˈxoɾ/	/meˈxoɾ/	[meˈxoɾ] 更好<形>
hace	/ˈaθe/	/ˈaθe/	[/ˈaθe/] 做；……以前（表时间）<prep>
haber	/aˈbeɾ/	/aˈbeɾ/	[aˈbeɾ] 有<名>
decir	/deˈθiɾ/	/deˈθiɾ/	[deˈθiɾ] 说<名>
también	/tamˈbjen/	/tamˈbjen/	[tamˈbjen] 还有<副>
sobre	/ˈsobɾe/	/ˈsobɾe/	[ˈsobɾe] 关于<名>
dios	/ˈdjos/	/ˈdjos/	[ˈdjos] 上帝<名>
sin	/ˈsin/	/ˈsin/	[ˈsin] 没有<介>
ver	/ˈbeɾ/	/ˈbeɾ/	[ˈbeɾ] 看到<动>
hombre	/ˈombɾe/	/ˈombɾe/	[ˈombɾe] 男人<名>
vida	/ˈbida/	/ˈbida/	[ˈbida] 生活<名>
alguien	/ˈalɡjen/	/ˈalɡjen/	[ˈalɡjen] 某人<代>
cosa	/ˈkosa/	/ˈkosa/	[ˈkosa] 东西<名>
siempre	/ˈsjempɾe/	/ˈsjempɾe/	[ˈsjempɾe] 总是<副>
hasta	/ˈasta/	/ˈasta/	[ˈasta] 直到<副>
ahí	/aˈi/	/aˈi/	[aˈi] 那里<副>
año	/ˈaɲo/	/ˈaɲo/	[ˈaɲo] 年<名>
antes	/ˈantes/	/ˈantes/	[ˈantes] 之前<副>
ni	/ˈni/	/ˈni/	[ˈni] 也不<名>
poco	/ˈpoko/	/ˈpoko/	[ˈpoko] 很少<名>
día	/ˈdia/	/ˈdia/	[ˈdia] 日<名>
uno	/ˈuno/	/ˈuno/	[ˈuno] 一<代>
noche	/ˈnot͡ʃe/	/ˈnot͡ʃe/	[ˈnot͡ʃe] 晚上<名>
hecho	/ˈet͡ʃo/	/ˈet͡ʃo/	[ˈet͡ʃo] 事实<名>
otro	/ˈotɾo/	/ˈotɾo/	[ˈotɾo] 另一个<代>
acuerdo	/aˈkweɾdo/	/aˈkweɾdo/	[aˈkweɾdo] 协议<名>
trabajo	/tɾaˈbaxo/	/tɾaˈbaxo/	[tɾaˈbaxo] 工作<名>
parecer	/paɾeˈθeɾ/	/paɾeˈθeɾ/	[paɾeˈθeɾ] 似乎<名>
gente	/ˈxente/	/ˈxente/	[ˈxente] 人<名>
padre	/ˈpadɾe/	/ˈpadɾe/	[ˈpadɾe] 父亲<名>
mira	/ˈmiɾa/	/ˈmiɾa/	[ˈmiɾa] 看看<名>
mismo	/ˈmismo/	/ˈmismo/	[ˈmismo] 一样<形>
nadie	/ˈnadje/	/ˈnadje/	[ˈnadje] 没有人<名>
hablar	/aˈblaɾ/	/aˈblaɾ/	[aˈblaɾ] 谈话<动>
sr.	/seˈɲoɾ/	/seˈɲoɾ/	[seˈɲoɾ] 先生<名>
tal	/ˈtal/	/ˈtal/	[ˈtal] 这样的<形>
pasa	/ˈpasa/	/ˈpasa/	[ˈpasa] 通过<名>
fuera	/ˈfweɾa/	/ˈfweɾa/	[ˈfweɾa] 出<副>
después	/desˈpwes/	/desˈpwes/	[desˈpwes] 之后<副>
desde	/ˈdesde/	/ˈdesde/	[ˈdesde] 自从<介>
dinero	/diˈneɾo/	/diˈneɾo/	[diˈneɾo] 钱<名>
mundo	/ˈmundo/	/ˈmundo/	[ˈmundo] 世界<名>
claro	/ˈklaɾo/	/ˈklaɾo/	[ˈklaɾo] 清晰<名>
momento	/moˈmento/	/moˈmento/	[moˈmento] 时刻<名>
estado	/esˈtado/	/esˈtado/	[esˈtado] 状态<名>
mañana	/maˈɲana/	/maˈɲana/	[maˈɲana] 明天<名>
madre	/ˈmadɾe/	/ˈmadɾe/	[ˈmadɾe] 妈妈<名>
vale	/ˈbale/	/ˈbale/	[ˈbale] 好的<名>
lugar	/luˈɡaɾ/	/luˈɡaɾ/	[luˈɡaɾ] 地方<名>
donde	/ˈdonde/	/ˈdonde/	[ˈdonde] 哪里<副>
seguro	/seˈɡuɾo/	/seˈɡuɾo/	[seˈɡuɾo] 当然<名>
saber	/saˈbeɾ/	/saˈbeɾ/	[saˈbeɾ] 知道<名>
podar	/poˈdaɾ/	/poˈdaɾ/	[poˈdaɾ] 修剪<动>
espera	/esˈpeɾa/	/esˈpeɾa/	[esˈpeɾa] 等待<名>
nuevo	/ˈnwebo/	/ˈnwebo/	[ˈnwebo] 新的<形>
hijo	/ˈixo/	/ˈixo/	[ˈixo] 儿子<名>
allí	/aˈʝi/	/aˈʝi/	[aˈʝi] 那里<副>
menos	/ˈmenos/	/ˈmenos/	[ˈmenos] 少<名>
tipo	/ˈtipo/	/ˈtipo/	[ˈtipo] 类型<名>
amigo	/aˈmiɡo/	/aˈmiɡo/	[aˈmiɡo] 朋友<名>
gran	/ˈɡɾan/	/ˈɡɾan/	[ˈɡɾan] 太棒了<形>
nuestro	/ˈnwestɾo/	/ˈnwestɾo/	[ˈnwestɾo] 我们的<代>
mujer	/muˈxeɾ/	/muˈxeɾ/	[muˈxeɾ] 女人<名>
mamá	/maˈma/	/maˈma/	[maˈma] 妈妈<名>
luego	/ˈlweɡo/	/ˈlweɡo/	[ˈlweɡo] 然后<副>
papá	/paˈpa/	/paˈpa/	[paˈpa] 爸爸<名>
hoy	/ˈoi/	/ˈoi/	[ˈoi] 今天<副>
tres	/ˈtɾes/	/ˈtɾes/	[ˈtɾes] 三<数>
buena	/ˈbwena/	/ˈbwena/	[ˈbwena] 好<名>
necesitar	/neθesiˈtaɾ/	/neθesiˈtaɾ/	[neθesiˈtaɾ] 需要<动>
dije	/ˈdixe/	/ˈdixe/	[ˈdixe] 我说<名>
oye	/ˈoʝe/	/ˈoʝe/	[ˈoʝe] 嘿<叹>
gustar	/ɡusˈtaɾ/	/ɡusˈtaɾ/	[/ɡusˈtaɾ/] 使喜欢；被喜爱<动><verb>
parte	/ˈpaɾte/	/ˈpaɾte/	[ˈpaɾte] 部分<名>
buen	/ˈbwen/	/ˈbwen/	[ˈbwen] 好<形>
conmigo	/komˈmiɡo/	/komˈmiɡo/	[komˈmiɡo] 和我一起<副>
nombre	/ˈnombɾe/	/ˈnombɾe/	[ˈnombɾe] 姓名<名>
mierda	/ˈmjeɾda/	/ˈmjeɾda/	[ˈmjeɾda] 狗屎<名>
mal	/ˈmal/	/ˈmal/	[ˈmal] 坏<名>
deber	/deˈbeɾ/	/deˈbeɾ/	[/deˈbeɾ/] 应该，必须<动>；职责<名><noun>
realmente	/reˌalˈmente/	/reˌalˈmente/	[reˌalˈmente] 真的<副>
estas	/ˈestas/	/ˈestas/	[ˈestas] 这些<代>
aún	/aˈun/	/aˈun/	[aˈun] 仍然<副>
mío	/ˈmio/	/ˈmio/	[ˈmio] 我的<代>
cada	/ˈkada/	/ˈkada/	[ˈkada] 每个<副>
visto	/ˈbisto/	/ˈbisto/	[ˈbisto] 见过<形>
importar	/impoɾˈtaɾ/	/impoɾˈtaɾ/	[/impoɾˈtaɾ/] 要紧；关系到；进口<verb>
contigo	/konˈtiɡo/	/konˈtiɡo/	[konˈtiɡo] 和你在一起<副>
hemo	/ˈemo/	/ˈemo/	[ˈemo] 血红素<名>
razón	/raˈθon/	/raˈθon/	[raˈθon] 原因<名>
alguno	/alˈɡuno/	/alˈɡuno/	[alˈɡuno] 一些<代>
tanto	/ˈtanto/	/ˈtanto/	[ˈtanto] 这么多<名>
veces	/ˈbeθes/	/ˈbeθes/	[ˈbeθes] 次<介>
serio	/ˈseɾjo/	/ˈseɾjo/	[ˈseɾjo] 严重的<形>
venir	/beˈniɾ/	/beˈniɾ/	[beˈniɾ] 来吧<动>
idea	/iˈdea/	/iˈdea/	[iˈdea] 想法<名>
eh	/ˈe/	/ˈe/	[ˈe] 呵呵<叹>
tarde	/ˈtaɾde/	/ˈtaɾde/	[ˈtaɾde] 下午<名>
problema	/pɾoˈblema/	/pɾoˈblema/	[pɾoˈblema] 问题<名>
hora	/ˈoɾa/	/ˈoɾa/	[ˈoɾa] 小时<名>
cierto	/ˈθjeɾto/	/ˈθjeɾto/	[ˈθjeɾto] 真实<形>
dicho	/ˈdit͡ʃo/	/ˈdit͡ʃo/	[ˈdit͡ʃo] 说<名>
quien	/ˈkjen/	/ˈkjen/	[ˈkjen] 谁<代>
demasiado	/demaˈsjado/	/demaˈsjado/	[demaˈsjado] 太多了<形>
amor	/aˈmoɾ/	/aˈmoɾ/	[aˈmoɾ] 爱<名>
entre	/ˈentɾe/	/ˈentɾe/	[ˈentɾe] 之间<介>
ve	/ˈbe/	/ˈbe/	[ˈbe] 去<名>
pasado	/paˈsado/	/paˈsado/	[paˈsado] 过去<名>
familia	/faˈmilja/	/faˈmilja/	[faˈmilja] 家庭<名>
estos	/ˈestos/	/ˈestos/	[ˈestos] 这些<代>
policía	/poliˈθia/	/poliˈθia/	[poliˈθia] 警察<名>
ustedes	/usˈtedes/	/usˈtedes/	[/usˈtedes/] 你们；您们<pron>
chico	/ˈt͡ʃiko/	/ˈt͡ʃiko/	[ˈt͡ʃiko] 男孩<名>
esos	/ˈesos/	/ˈesos/	[ˈesos] 那些<代>
cuenta	/ˈkwenta/	/ˈkwenta/	[ˈkwenta] 帐户<名>
haz	/ˈaθ/	/ˈaθ/	[ˈaθ] 做<名>
todavía	/todaˈbia/	/todaˈbia/	[todaˈbia] 仍然<副>
salir	/saˈliɾ/	/saˈliɾ/	[saˈliɾ] 出去<动>
algún	/alˈɡun/	/alˈɡun/	[alˈɡun] 一些<限定>
vaya	/ˈbaʝa/	/ˈbaʝa/	[ˈbaʝa] 哇<名>
hermano	/eɾˈmano/	/eɾˈmano/	[eɾˈmano] 兄弟<名>
pensar	/penˈsaɾ/	/penˈsaɾ/	[penˈsaɾ] 认为<动>
cabeza	/kaˈbeθa/	/kaˈbeθa/	[kaˈbeθa] 头<名>
ah	/ˈa/	/ˈa/	[ˈa] 哦<叹>
cariño	/kaˈɾiɲo/	/kaˈɾiɲo/	[/kaˈɾiɲo/] 亲爱的；喜爱；关怀<noun>
digo	/ˈdiɡo/	/ˈdiɡo/	[ˈdiɡo] 我说<叹>
van	/ˈban/	/ˈban/	[ˈban] 他们走了<名>
buenas	/ˈbwenas/	/ˈbwenas/	[ˈbwenas] 好<叹>
cualquier	/kwalˈkjeɾ/	/kwalˈkjeɾ/	[kwalˈkjeɾ] 任何<限定>
forma	/ˈfoɾma/	/ˈfoɾma/	[ˈfoɾma] 形状<名>
mientras	/ˈmjentɾas/	/ˈmjentɾas/	[ˈmjentɾas] 同时<副>
lado	/ˈlado/	/ˈlado/	[ˈlado] 侧面<名>
caso	/ˈkaso/	/ˈkaso/	[ˈkaso] 案例<名>
pasar	/paˈsaɾ/	/paˈsaɾ/	[paˈsaɾ] 通过<动>
primera	/pɾiˈmeɾa/	/pɾiˈmeɾa/	[pɾiˈmeɾa] 第一<名>
genial	/xeˈnjal/	/xeˈnjal/	[xeˈnjal] 太棒了<形>
supuesto	/suˈpwesto/	/suˈpwesto/	[/suˈpwesto/] 假定的；当然（por supuesto）<noun>
pues	/ˈpwes/	/ˈpwes/	[ˈpwes] 嗯<连>
adiós	/aˈdjos/	/aˈdjos/	[/aˈdjos/] 再见<叹><noun>
persona	/peɾˈsona/	/peɾˈsona/	[peɾˈsona] 人<名>
señora	/seˈɲoɾa/	/seˈɲoɾa/	[seˈɲoɾa] 女士<名>
volver	/bolˈbeɾ/	/bolˈbeɾ/	[bolˈbeɾ] 返回<动>
esas	/ˈesas/	/ˈesas/	[ˈesas] 那些<代>
quizá	/kiˈθa/	/kiˈθa/	[kiˈθa] 也许<副>
contra	/ˈkontɾa/	/ˈkontɾa/	[ˈkontɾa] 反对<名>
camino	/kaˈmino/	/kaˈmino/	[kaˈmino] 路径<名>
durante	/duˈɾante/	/duˈɾante/	[duˈɾante] 期间<介>
manera	/maˈneɾa/	/maˈneɾa/	[maˈneɾa] 方式<名>
muerto	/ˈmweɾto/	/ˈmweɾto/	[ˈmweɾto] 死了<名>
rápido	/ˈrapido/	/ˈrapido/	[ˈrapido] 快<名>
cuál	/ˈkwal/	/ˈkwal/	[ˈkwal] 哪一个<代>
ayuda	/aˈʝuda/	/aˈʝuda/	[aˈʝuda] 帮助<名>
historia	/isˈtoɾja/	/isˈtoɾja/	[isˈtoɾja] 历史<名>
suponer	/supoˈneɾ/	/supoˈneɾ/	[supoˈneɾ] 假设<动>
nueva	/ˈnweba/	/ˈnweba/	[ˈnweba] 新的<名>
entender	/entenˈdeɾ/	/entenˈdeɾ/	[entenˈdeɾ] 明白<名>
dentro	/ˈdentɾo/	/ˈdentɾo/	[ˈdentɾo] 里面<副>
casi	/ˈkasi/	/ˈkasi/	[ˈkasi] 几乎<副>
puerta	/ˈpweɾta/	/ˈpweɾta/	[ˈpweɾta] 门<名>
primero	/pɾiˈmeɾo/	/pɾiˈmeɾo/	[/pɾiˈmeɾo/] 第一的<形><noun>
significar	/siɡnifiˈkaɾ/	/siɡnifiˈkaɾ/	[siɡnifiˈkaɾ] 意思是<动>
semana	/seˈmana/	/seˈmana/	[seˈmana] 周<名>
hacia	/ˈaθja/	/ˈaθja/	[ˈaθja] 朝向<介>
quizás	/kiˈθas/	/kiˈθas/	[kiˈθas] 也许<副>
esperar	/espeˈɾaɾ/	/espeˈɾaɾ/	[espeˈɾaɾ] 等待<动>
junto	/ˈxunto/	/ˈxunto/	[ˈxunto] 在一起<形>
niño	/ˈniɲo/	/ˈniɲo/	[ˈniɲo] 孩子<名>
pronto	/ˈpɾonto/	/ˈpɾonto/	[ˈpɾonto] 很快<形>
tío	/ˈtio/	/ˈtio/	[ˈtio] 叔叔<名>
suerte	/ˈsweɾte/	/ˈsweɾte/	[ˈsweɾte] 运气<名>
ciudad	/θjuˈdad/	/θjuˈdad/	[θjuˈdad] 城市<名>
siquiera	/siˈkjeɾa/	/siˈkjeɾa/	[siˈkjeɾa] 甚至<副>
feliz	/feˈliθ/	/feˈliθ/	[feˈliθ] 快乐<形>
hija	/ˈixa/	/ˈixa/	[ˈixa] 女儿<名>
minuto	/miˈnuto/	/miˈnuto/	[miˈnuto] 分钟<名>
cuánto	/ˈkwanto/	/ˈkwanto/	[ˈkwanto] 多少<副>
os	/os/	/os/	[os] 操作系统<代>
hey	/ˈei/	/ˈei/	[ˈei] 嘿<叹>
muerte	/ˈmweɾte/	/ˈmweɾte/	[ˈmweɾte] 死亡<名>
dejar	/deˈxaɾ/	/deˈxaɾ/	[deˈxaɾ] 离开<动>
realidad	/realiˈdad/	/realiˈdad/	[realiˈdad] 现实<名>
deja	/ˈdexa/	/ˈdexa/	[ˈdexa] 让<名>
dar	/ˈdaɾ/	/ˈdaɾ/	[ˈdaɾ] 给予<动>
importante	/impoɾˈtante/	/impoɾˈtante/	[impoɾˈtante] 重要的<形>
corazón	/koɾaˈθon/	/koɾaˈθon/	[koɾaˈθon] 心<名>
miedo	/ˈmjedo/	/ˈmjedo/	[ˈmjedo] 恐惧<名>
jefe	/ˈxefe/	/ˈxefe/	[ˈxefe] 老板<名>
agua	/ˈaɡwa/	/ˈaɡwa/	[ˈaɡwa] 水<名>
justo	/ˈxusto/	/ˈxusto/	[ˈxusto] 公平<形>
esposa	/esˈposa/	/esˈposa/	[esˈposa] 妻子<名>
mano	/ˈmano/	/ˈmano/	[ˈmano] 手<名>
venga	/ˈbenɡa/	/ˈbenɡa/	[ˈbenɡa] 来吧<叹>
ojo	/ˈoxo/	/ˈoxo/	[ˈoxo] 眼睛<名>
adelante	/adeˈlante/	/adeˈlante/	[adeˈlante] 前进<副>
encontrar	/enkonˈtɾaɾ/	/enkonˈtɾaɾ/	[enkonˈtɾaɾ] 找到<动>
cinco	/ˈθinko/	/ˈθinko/	[ˈθinko] 五<名>
ninguno	/ninˈɡuno/	/ninˈɡuno/	[ninˈɡuno] 无<代>
cara	/ˈkaɾa/	/ˈkaɾa/	[ˈkaɾa] 脸<名>
cuidado	/kwiˈdado/	/kwiˈdado/	[kwiˈdado] 照顾<名>
bajo	/ˈbaxo/	/ˈbaxo/	[ˈbaxo] 低<名>
cerca	/ˈθeɾka/	/ˈθeɾka/	[/ˈθeɾka/] 近的；附近<副>（作名词时为“栅栏”）<noun>
viejo	/ˈbjexo/	/ˈbjexo/	[ˈbjexo] 老<名>
bastante	/basˈtante/	/basˈtante/	[basˈtante] 相当<形>
fin	/ˈfin/	/ˈfin/	[ˈfin] 结束<名>
tomar	/toˈmaɾ/	/toˈmaɾ/	[toˈmaɾ] 采取<动>
único	/ˈuniko/	/ˈuniko/	[ˈuniko] 独特的<形>
escucha	/esˈkut͡ʃa/	/esˈkut͡ʃa/	[esˈkut͡ʃa] 听<名>
ningún	/ninˈɡun/	/ninˈɡun/	[ninˈɡun] 无<限定>
suficiente	/sufiˈθjente/	/sufiˈθjente/	[sufiˈθjente] 够了<形>
punto	/ˈpunto/	/ˈpunto/	[ˈpunto] 点<名>
cuándo	/ˈkwando/	/ˈkwando/	[ˈkwando] 当<副>
seguir	/seˈɡiɾ/	/seˈɡiɾ/	[seˈɡiɾ] 关注<动>
haya	/ˈaʝa/	/ˈaʝa/	[ˈaʝa] 山毛榉<名>
equipo	/eˈkipo/	/eˈkipo/	[eˈkipo] 团队<名>
grande	/ˈɡɾande/	/ˈɡɾande/	[ˈɡɾande] 大<名>
llegar	/ʝeˈɡaɾ/	/ʝeˈɡaɾ/	[/ʝeˈɡaɾ/] 到达<动><verb>
incluso	/inˈkluso/	/inˈkluso/	[inˈkluso] 甚至<形>
doctor	/doɡˈtoɾ/	/doɡˈtoɾ/	[doɡˈtoɾ] 医生<名>
difícil	/diˈfiθil/	/diˈfiθil/	[diˈfiθil] 困难<形>
aunque	/ˈaunke/	/ˈaunke/	[ˈaunke] 虽然<连>
primer	/pɾiˈmeɾ/	/pɾiˈmeɾ/	[pɾiˈmeɾ] 第一<形>
coche	/ˈkot͡ʃe/	/ˈkot͡ʃe/	[ˈkot͡ʃe] 汽车<名>
clase	/ˈklase/	/ˈklase/	[ˈklase] 类<名>
cuatro	/ˈkwatɾo/	/ˈkwatɾo/	[ˈkwatɾo] 四<名>
mas	/mas/	/mas/	[mas] 更多<副>
pequeño	/peˈkeɲo/	/peˈkeɲo/	[peˈkeɲo] 小<形>
llama	/ˈʝama/	/ˈʝama/	[ˈʝama] 打电话<名>
toma	/ˈtoma/	/ˈtoma/	[ˈtoma] 采取<名>
allá	/aˈʝa/	/aˈʝa/	[aˈʝa] 那里<副>
último	/ˈultimo/	/ˈultimo/	[ˈultimo] 最后<形>
arriba	/aˈriba/	/aˈriba/	[aˈriba] 向上<副>
tierra	/ˈtjera/	/ˈtjera/	[ˈtjera] 地球<名>
guerra	/ˈɡera/	/ˈɡera/	[ˈɡera] 战争<名>
igual	/iˈɡwal/	/iˈɡwal/	[/iˈɡwal/] 一样的<形>；相同的<形><noun>
loco	/ˈloko/	/ˈloko/	[ˈloko] 疯狂的<名>
sangre	/ˈsanɡɾe/	/ˈsanɡɾe/	[ˈsanɡɾe] 血<名>
vuelta	/ˈbwelta/	/ˈbwelta/	[ˈbwelta] 返回<名>
trabajar	/tɾabaˈxaɾ/	/tɾabaˈxaɾ/	[tɾabaˈxaɾ] 工作<动>
juego	/ˈxweɡo/	/ˈxweɡo/	[ˈxweɡo] 游戏<名>
cuerpo	/ˈkweɾpo/	/ˈkweɾpo/	[ˈkweɾpo] 身体<名>
entrar	/enˈtɾaɾ/	/enˈtɾaɾ/	[enˈtɾaɾ] 输入<动>
oportunidad	/opoɾtuniˈdad/	/opoɾtuniˈdad/	[opoɾtuniˈdad] 机会<名>
teléfono	/teˈlefono/	/teˈlefono/	[teˈlefono] 电话<名>
final	/fiˈnal/	/fiˈnal/	[fiˈnal] 结束<名>
listo	/ˈlisto/	/ˈlisto/	[ˈlisto] 准备好了<形>
fiesta	/ˈfjesta/	/ˈfjesta/	[ˈfjesta] 聚会<名>
auto	/ˈauto/	/ˈauto/	[ˈauto] 汽车<名>
vivir	/biˈbiɾ/	/biˈbiɾ/	[/biˈbiɾ/] 生活；居住<noun>
posible	/poˈsible/	/poˈsible/	[poˈsible] 可能<形>
ok	/ˌoˈkei/	/ˌoˈkei/	[ˌoˈkei] 好的<形>
hermana	/eɾˈmana/	/eɾˈmana/	[eɾˈmana] 妹妹<名>
número	/ˈnumeɾo/	/ˈnumeɾo/	[ˈnumeɾo] 数字；号码<名>
mes	/ˈmes/	/ˈmes/	[ˈmes] 月<名>
exactamente	/eɡˌsaɡtaˈmente/	/eɡˌsaɡtaˈmente/	[eɡˌsaɡtaˈmente] 正是<副>
culpa	/ˈkulpa/	/ˈkulpa/	[ˈkulpa] 责备<名>
abajo	/aˈbaxo/	/aˈbaxo/	[aˈbaxo] 向下<副>
escuela	/esˈkwela/	/esˈkwela/	[esˈkwela] 学校<名>
ido	/ˈido/	/ˈido/	[ˈido] 消失了<名>
fuerte	/ˈfweɾte/	/ˈfweɾte/	[ˈfweɾte] 强<名>
habla	/ˈabla/	/ˈabla/	[/ˈabla/] 言语；谈话<名><noun>
ello	/ˈeʝo/	/ˈeʝo/	[ˈeʝo] 它<名>
pregunta	/pɾeˈɡunta/	/pɾeˈɡunta/	[pɾeˈɡunta] 问题<名>
atrás	/aˈtɾas/	/aˈtɾas/	[/aˈtɾas/] 在后面；向后<adv>
malo	/ˈmalo/	/ˈmalo/	[ˈmalo] 坏<名>
capitán	/kapiˈtan/	/kapiˈtan/	[kapiˈtan] 队长<名>
sra.	/seˈɲoɾa/	/seˈɲoɾa/	[seˈɲoɾa] 夫人<名>
bebé	/beˈbe/	/beˈbe/	[beˈbe] 宝贝<名>
segundo	/seˈɡundo/	/seˈɡundo/	[seˈɡundo] 第二<名>
mayor	/maˈʝoɾ/	/maˈʝoɾ/	[maˈʝoɾ] 较老的<名>
comida	/koˈmida/	/koˈmida/	[koˈmida] 食物<名>
morir	/moˈɾiɾ/	/moˈɾiɾ/	[moˈɾiɾ] 死<动>
conocer	/konoˈθeɾ/	/konoˈθeɾ/	[konoˈθeɾ] 知道<动>
fácil	/ˈfaθil/	/ˈfaθil/	[ˈfaθil] 容易<形>
comer	/koˈmeɾ/	/koˈmeɾ/	[koˈmeɾ] 吃<名>
vino	/ˈbino/	/ˈbino/	[ˈbino] 酒<名>
lista	/ˈlista/	/ˈlista/	[ˈlista] 列表<名>
probablemente	/pɾoˌbableˈmente/	/pɾoˌbableˈmente/	[pɾoˌbableˈmente] 可能<副>
habitación	/abitaˈθjon/	/abitaˈθjon/	[abitaˈθjon] 房间<名>
creer	/kɾeˈeɾ/	/kɾeˈeɾ/	[kɾeˈeɾ] 相信<动>
trata	/ˈtɾata/	/ˈtɾata/	[ˈtɾata] 款待<名>
buscar	/busˈkaɾ/	/busˈkaɾ/	[busˈkaɾ] 搜索<动>
tampoco	/tamˈpoko/	/tamˈpoko/	[tamˈpoko] 两者都不是<副>
amo	/ˈamo/	/ˈamo/	[ˈamo] 爱<名>
joven	/ˈxoben/	/ˈxoben/	[ˈxoben] 年轻的<名>
par	/ˈpaɾ/	/ˈpaɾ/	[ˈpaɾ] 一对<名>
dr.	/doɡˈtoɾ/	/doɡˈtoɾ/	[doɡˈtoɾ] 博士<名>
simplemente	/ˌsimpleˈmente/	/ˌsimpleˈmente/	[ˌsimpleˈmente] 简单地<副>
medio	/ˈmedjo/	/ˈmedjo/	[ˈmedjo] 中等<名>
puta	/ˈputa/	/ˈputa/	[ˈputa] 妓女<名>
sentido	/senˈtido/	/senˈtido/	[senˈtido] 感觉<名>
lejos	/ˈlexos/	/ˈlexos/	[ˈlexos] 远方<副>
arma	/ˈaɾma/	/ˈaɾma/	[ˈaɾma] 武器<名>
alto	/ˈalto/	/ˈalto/	[ˈalto] 高<名>
dólar	/ˈdolaɾ/	/ˈdolaɾ/	[ˈdolaɾ] 美元<名>
seis	/ˈseis/	/ˈseis/	[ˈseis] 六<数>
seguridad	/seɡuɾiˈdad/	/seɡuɾiˈdad/	[seɡuɾiˈdad] 安全<名>
maldito	/malˈdito/	/malˈdito/	[malˈdito] 该死的<名>
preocupar	/pɾeokuˈpaɾ/	/pɾeokuˈpaɾ/	[pɾeokuˈpaɾ] 担心<动>
palabra	/paˈlabɾa/	/paˈlabɾa/	[paˈlabɾa] 词<名>
queda	/ˈkeda/	/ˈkeda/	[/ˈkeda/] 停留；留下<noun>
oficina	/ofiˈθina/	/ofiˈθina/	[ofiˈθina] 办公室<名>
matar	/maˈtaɾ/	/maˈtaɾ/	[maˈtaɾ] 杀<动>
cama	/ˈkama/	/ˈkama/	[ˈkama] 床<名>
además	/adeˈmas/	/adeˈmas/	[adeˈmas] 此外<副>
oído	/oˈido/	/oˈido/	[oˈido] 耳朵<名>
recuerdo	/reˈkweɾdo/	/reˈkweɾdo/	[reˈkweɾdo] 我记得<名>
acerca	/aˈθeɾka/	/aˈθeɾka/	[aˈθeɾka] 关于<副>
luz	/ˈluθ/	/ˈluθ/	[ˈluθ] 光<名>
correcto	/koˈreɡto/	/koˈreɡto/	[koˈreɡto] 正确<形>
ud.	/usˈted/	/usˈted/	你<代>
demonios	/deˈmonjos/	/deˈmonjos/	[deˈmonjos] 恶魔<副>
dormir	/doɾˈmiɾ/	/doɾˈmiɾ/	[doɾˈmiɾ] 睡觉<动>
sitio	/ˈsitjo/	/ˈsitjo/	[ˈsitjo] 站点<名>
ayudar	/aʝuˈdaɾ/	/aʝuˈdaɾ/	[aʝuˈdaɾ] 帮助<动>
conseguir	/konseˈɡiɾ/	/konseˈɡiɾ/	[konseˈɡiɾ] 得到<动>
marido	/maˈɾido/	/maˈɾido/	[maˈɾido] 丈夫<名>
paz	/ˈpaθ/	/ˈpaθ/	[ˈpaθ] 和平<名>
idiota	/iˈdjota/	/iˈdjota/	[iˈdjota] 白痴<名>
plan	/ˈplan/	/ˈplan/	[ˈplan] 计划<名>
dado	/ˈdado/	/ˈdado/	[ˈdado] 给定<名>
cuanto	/ˈkwanto/	/ˈkwanto/	[ˈkwanto] 多少<名>
pueblo	/ˈpweblo/	/ˈpweblo/	[ˈpweblo] 镇<名>
vivo	/ˈbibo/	/ˈbibo/	[ˈbibo] 活着<形>
basta	/ˈbasta/	/ˈbasta/	[ˈbasta] 够了<名>
paso	/ˈpaso/	/ˈpaso/	[ˈpaso] 步骤<名>
músico	/ˈmusiko/	/ˈmusiko/	[ˈmusiko] 音乐家<名>
diga	/ˈdiɡa/	/ˈdiɡa/	[ˈdiɡa] 说<叹>
anoche	/aˈnot͡ʃe/	/aˈnot͡ʃe/	[aˈnot͡ʃe] 昨晚<副>
llamar	/ʝaˈmaɾ/	/ʝaˈmaɾ/	[ʝaˈmaɾ] 打电话<动>
país	/paˈis/	/paˈis/	[paˈis] 国家<名>
rey	/ˈrei/	/ˈrei/	[ˈrei] 国王<名>
perdón	/peɾˈdon/	/peɾˈdon/	[peɾˈdon] 抱歉<名>
falta	/ˈfalta/	/ˈfalta/	[ˈfalta] 失踪<名>
pienso	/ˈpjenso/	/ˈpjenso/	[ˈpjenso] 我认为<名>
diablos	/ˈdjablos/	/ˈdjablos/	[ˈdjablos] 魔鬼<副>
perdido	/peɾˈdido/	/peɾˈdido/	[peɾˈdido] 迷失了<形>
niña	/ˈniɲa/	/ˈniɲa/	[ˈniɲa] 女孩<名>
diez	/ˈdjeθ/	/ˈdjeθ/	[ˈdjeθ] 十<名>
llevar	/ʝeˈbaɾ/	/ʝeˈbaɾ/	[ʝeˈbaɾ] 携带<动>
hospital	/ospiˈtal/	/ospiˈtal/	[ospiˈtal] 医院<名>
llamado	/ʝaˈmado/	/ʝaˈmado/	[ʝaˈmado] 被称为<名>
fuego	/ˈfweɡo/	/ˈfweɡo/	[ˈfweɡo] 火<名>
aqui	/akˈi/	/akˈi/	这里<副>
poner	/poˈneɾ/	/poˈneɾ/	[poˈneɾ] 把<动>
calle	/ˈkaʝe/	/ˈkaʝe/	[ˈkaʝe] 街道<名>
acabar	/akaˈbaɾ/	/akaˈbaɾ/	[akaˈbaɾ] 完成<动>
prueba	/ˈpɾweba/	/ˈpɾweba/	[ˈpɾweba] 测试<名>
increíble	/inkɾeˈible/	/inkɾeˈible/	[inkɾeˈible] 惊人的<形>
real	/reˈal/	/reˈal/	[reˈal] 真实的<名>
libro	/ˈlibɾo/	/ˈlibɾo/	[ˈlibɾo] 书<名>
orden	/ˈoɾden/	/ˈoɾden/	[/ˈoɾden/] 命令；顺序<名><noun>
especial	/espeˈθjal/	/espeˈθjal/	[espeˈθjal] 特别的<名>
mía	/ˈmia/	/ˈmia/	[ˈmia] 我的<名>
café	/kaˈfe/	/kaˈfe/	[kaˈfe] 咖啡<名>
duro	/ˈduɾo/	/ˈduɾo/	[ˈduɾo] 硬<名>
empezar	/empeˈθaɾ/	/empeˈθaɾ/	[empeˈθaɾ] 开始<动>
afuera	/aˈfweɾa/	/aˈfweɾa/	[aˈfweɾa] 外面<副>
perro	/ˈpero/	/ˈpero/	[ˈpero] 狗<名>
cielo	/ˈθjelo/	/ˈθjelo/	[ˈθjelo] 天空<名>
puesto	/ˈpwesto/	/ˈpwesto/	[/ˈpwesto/] 地方；岗位；摊位<名><noun>
viaje	/biˈaxe/	/biˈaxe/	[biˈaxe] 旅行<名>
detrás	/deˈtɾas/	/deˈtɾas/	[deˈtɾas] 后面<副>
cuarto	/ˈkwaɾto/	/ˈkwaɾto/	[ˈkwaɾto] 第四<名>
querido	/keˈɾido/	/keˈɾido/	[keˈɾido] 亲爱的<名>
libre	/ˈlibɾe/	/ˈlibɾe/	[/ˈlibɾe/] 自由的；免费的<adj>
cual	/ˈkwal/	/ˈkwal/	[ˈkwal] 其中<副>
sonar	/soˈnaɾ/	/soˈnaɾ/	[/soˈnaɾ/] 发出声音；响<noun>
jugar	/xuˈɡaɾ/	/xuˈɡaɾ/	[xuˈɡaɾ] 玩<动>
cambio	/ˈkambjo/	/ˈkambjo/	[ˈkambjo] 改变<名>
película	/peˈlikula/	/peˈlikula/	[peˈlikula] 电影<名>
millón	/miˈʝon/	/miˈʝon/	[miˈʝon] 百万<名>
llamada	/ʝaˈmada/	/ʝaˈmada/	[ʝaˈmada] 打电话<名>
resto	/ˈresto/	/ˈresto/	[/ˈresto/] 剩余部分；其余<noun>
extraño	/e(ɡ)sˈtɾaɲo/	/e(ɡ)sˈtɾaɲo/	[e(ɡ)sˈtɾaɲo] 奇怪的<名>
mala	/ˈmala/	/ˈmala/	[ˈmala] 坏<名>
presidente	/pɾesiˈdente/	/pɾesiˈdente/	[pɾesiˈdente] 总统<名>
srta.	/ˈseɲoɾita/	/ˈseɲoɾita/	[[seɲoˈɾita] 小姐<noun>
ropa	/ˈropa/	/ˈropa/	[ˈropa] 衣服<名>
perder	/peɾˈdeɾ/	/peɾˈdeɾ/	[peɾˈdeɾ] 失去<动>
agente	/aˈxente/	/aˈxente/	[aˈxente] 代理人<名>
información	/infoɾmaˈθjon/	/infoɾmaˈθjon/	[infoɾmaˈθjon] 信息<名>
raro	/ˈraɾo/	/ˈraɾo/	[ˈraɾo] 罕见的<形>
tratar	/tɾaˈtaɾ/	/tɾaˈtaɾ/	[tɾaˈtaɾ] 对待<动>
general	/xeneˈɾal/	/xeneˈɾal/	[xeneˈɾal] 一般<名>
trato	/ˈtɾato/	/ˈtɾato/	[ˈtɾato] 交易<名>
usar	/uˈsaɾ/	/uˈsaɾ/	[uˈsaɾ] 使用<动>
perfecto	/peɾˈfeɡto/	/peɾˈfeɡto/	[peɾˈfeɡto] 完美的<形>
derecho	/deˈɾet͡ʃo/	/deˈɾet͡ʃo/	[deˈɾet͡ʃo] 对<名>
modo	/ˈmodo/	/ˈmodo/	[ˈmodo] 模式<名>
ayer	/aˈʝeɾ/	/aˈʝeɾ/	[aˈʝeɾ] 昨天<名>
demás	/deˈmas/	/deˈmas/	[deˈmas] 其他<形>
noticia	/noˈtiθja/	/noˈtiθja/	[noˈtiθja] 新闻<名>
asesino	/aseˈsino/	/aseˈsino/	[aseˈsino] 凶手<名>
encontrado	/enkonˈtɾado/	/enkonˈtɾado/	[enkonˈtɾado] 发现<形>
control	/konˈtɾol/	/konˈtɾol/	[konˈtɾol] 控制<名>
odio	/ˈodjo/	/ˈodjo/	[ˈodjo] 讨厌<名>
frente	/ˈfɾente/	/ˈfɾente/	[ˈfɾente] 前面<名>
sexo	/ˈseɡso/	/ˈseɡso/	[ˈseɡso] 性别<名>
divertido	/dibeɾˈtido/	/dibeɾˈtido/	[dibeɾˈtido] 有趣<形>
recordar	/rekoɾˈdaɾ/	/rekoɾˈdaɾ/	[rekoɾˈdaɾ] 记得；提醒<动>
grupo	/ˈɡɾupo/	/ˈɡɾupo/	[ˈɡɾupo] 组<名>
asunto	/aˈsunto/	/aˈsunto/	[aˈsunto] 事<名>
acabo	/aˈkabo/	/aˈkabo/	[aˈkabo] 我完成了<名>
mensaje	/menˈsaxe/	/menˈsaxe/	[menˈsaxe] 留言<名>
encima	/enˈθima/	/enˈθima/	[enˈθima] 上面<副>
atención	/atenˈθjon/	/atenˈθjon/	[atenˈθjon] 关注<名>
diferente	/difeˈɾente/	/difeˈɾente/	[difeˈɾente] 不同的<形>
uh	/u/	/u/	[u] 呃<叹>
cállate	/ˈkaʝate/	/ˈkaʝate/	[ˈkaʝate] 闭嘴<叹>
daño	/ˈdaɲo/	/ˈdaɲo/	[ˈdaɲo] 损坏<名>
suceder	/suθeˈdeɾ/	/suθeˈdeɾ/	[suθeˈdeɾ] 发生<动>
cambiar	/kamˈbjaɾ/	/kamˈbjaɾ/	[kamˈbjaɾ] 改变<动>
siguiente	/siˈɡjente/	/siˈɡjente/	[siˈɡjente] 下一个<形>
sino	/ˈsino/	/ˈsino/	[ˈsino] 但是<名>
médico	/ˈmediko/	/ˈmediko/	[ˈmediko] 医生<名>
boca	/ˈboka/	/ˈboka/	[ˈboka] 嘴<名>
error	/eˈroɾ/	/eˈroɾ/	[eˈroɾ] 错误<名>
jamás	/xaˈmas/	/xaˈmas/	[xaˈmas] 从不<副>
largo	/ˈlaɾɡo/	/ˈlaɾɡo/	[ˈlaɾɡo] 长<名>
pena	/ˈpena/	/ˈpena/	[ˈpena] 悲伤<名>
voz	/ˈboθ/	/ˈboθ/	[ˈboθ] 声音<名>
futuro	/fuˈtuɾo/	/fuˈtuɾo/	[fuˈtuɾo] 未来<名>
secreto	/seˈkɾeto/	/seˈkɾeto/	[seˈkɾeto] 秘密<名>
baño	/ˈbaɲo/	/ˈbaɲo/	[ˈbaɲo] 浴室<名>
mil	/ˈmil/	/ˈmil/	[ˈmil] 千<名>
novio	/ˈnobjo/	/ˈnobjo/	[ˈnobjo] 男朋友<名>
propio	/ˈpɾopjo/	/ˈpɾopjo/	[ˈpɾopjo] 自己的<形>
sueño	/ˈsweɲo/	/ˈsweɲo/	[ˈsweɲo] 梦想<名>
fuerza	/ˈfweɾθa/	/ˈfweɾθa/	[ˈfweɾθa] 实力<名>
ambos	/ˈambos/	/ˈambos/	[ˈambos] 两者<形>
ay	/ˈai/	/ˈai/	[ˈai] 哦<动>
vuelto	/ˈbwelto/	/ˈbwelto/	[ˈbwelto] 返回<名>
dolor	/doˈloɾ/	/doˈloɾ/	[doˈloɾ] 疼痛<名>
encantar	/enkanˈtaɾ/	/enkanˈtaɾ/	[/enkanˈtaɾ/] 使喜爱；迷住<verb>
edad	/eˈdad/	/eˈdad/	[eˈdad] 年龄<名>
pie	/ˈpje/	/ˈpje/	[ˈpje] 脚<名>
negro	/ˈneɡɾo/	/ˈneɡɾo/	[/ˈneɡɾo/] 黑色的<形><noun>
ganar	/ɡaˈnaɾ/	/ɡaˈnaɾ/	[ɡaˈnaɾ] 赢<动>
aire	/ˈaiɾe/	/ˈaiɾe/	[ˈaiɾe] 空气<名>
lamento	/laˈmento/	/laˈmento/	[laˈmento] 遗憾<名>
asesinato	/asesiˈnato/	/asesiˈnato/	[asesiˈnato] 谋杀<名>
adónde	/aˈdonde/	/aˈdonde/	[aˈdonde] 去哪里<副>
llegado	/ʝeˈɡado/	/ʝeˈɡado/	[ʝeˈɡado] 到达<形>
disculpe	/disˈkulpe/	/disˈkulpe/	[disˈkulpe] 对不起<叹>
cita	/ˈθita/	/ˈθita/	[/ˈθita/] 约会；预约；引文<noun>
sistema	/sisˈtema/	/sisˈtema/	[sisˈtema] 系统<名>
gusto	/ˈɡusto/	/ˈɡusto/	[/ˈɡusto/] 喜好；愉快；兴趣<名><noun>
pobre	/ˈpobɾe/	/ˈpobɾe/	[ˈpobɾe] 穷<形>
negocio	/neˈɡoθjo/	/neˈɡoθjo/	[neˈɡoθjo] 商业<名>
mente	/ˈmente/	/ˈmente/	[ˈmente] 头脑<名>
tuyo	/ˈtuʝo/	/ˈtuʝo/	[ˈtuʝo] 你的<代>
campo	/ˈkampo/	/ˈkampo/	[ˈkampo] 田野；领域<名>
mirar	/miˈɾaɾ/	/miˈɾaɾ/	[miˈɾaɾ] 看看<动>
situación	/sitwaˈθjon/	/sitwaˈθjon/	[sitwaˈθjon] 情况<名>
tras	/ˈtɾas/	/ˈtɾas/	[ˈtɾas] 之后<介>
hotel	/oˈtel/	/oˈtel/	[oˈtel] 酒店<名>
vosotros	/boˈsotɾos/	/boˈsotɾos/	[boˈsotɾos] 你<代>
funcionar	/funθjoˈnaɾ/	/funθjoˈnaɾ/	[funθjoˈnaɾ] 工作<动>
foto	/ˈfoto/	/ˈfoto/	[ˈfoto] 照片<名>
abogado	/aboˈɡado/	/aboˈɡado/	[aboˈɡado] 律师<名>
loca	/ˈloka/	/ˈloka/	[ˈloka] 疯狂的<名>
alrededor	/alredeˈdoɾ/	/alredeˈdoɾ/	[alredeˈdoɾ] 周围<名>
próximo	/ˈpɾoɡsimo/	/ˈpɾoɡsimo/	[ˈpɾoɡsimo] 下一个<形>
terminado	/teɾmiˈnado/	/teɾmiˈnado/	[teɾmiˈnado] 完成<形>
pagar	/paˈɡaɾ/	/paˈɡaɾ/	[paˈɡaɾ] 付钱<动>
personal	/peɾsoˈnal/	/peɾsoˈnal/	[peɾsoˈnal] 工作人员<名>
ocurrir	/okuˈriɾ/	/okuˈriɾ/	[okuˈriɾ] 发生<动>
mitad	/miˈtad/	/miˈtad/	[miˈtad] 一半<名>
pelo	/ˈpelo/	/ˈpelo/	[ˈpelo] 头发<名>
viste	/ˈbiste/	/ˈbiste/	[ˈbiste] 你看到了<叹>
oficial	/ofiˈθjal/	/ofiˈθjal/	[ofiˈθjal] 官方<名>
compañía	/kompaˈɲia/	/kompaˈɲia/	[kompaˈɲia] 公司<名>
relación	/relaˈθjon/	/relaˈθjon/	[relaˈθjon] 关系<名>
pase	/ˈpase/	/ˈpase/	[ˈpase] 通过<名>
montón	/monˈton/	/monˈton/	[monˈton] 堆<名>
cena	/ˈθena/	/ˈθena/	[ˈθena] 晚餐<名>
sentir	/senˈtiɾ/	/senˈtiɾ/	[senˈtiɾ] 感觉<名>
través	/tɾaˈbes/	/tɾaˈbes/	[tɾaˈbes] 通过<名>
accidente	/aɡθiˈdente/	/aɡθiˈdente/	[aɡθiˈdente] 事故<名>
caja	/ˈkaxa/	/ˈkaxa/	[ˈkaxa] 盒子<名>
tranquilo	/tɾanˈkilo/	/tɾanˈkilo/	[tɾanˈkilo] 安静<形>
bonito	/boˈnito/	/boˈnito/	[boˈnito] 不错<名>
asi	/ˈasi/	/ˈasi/	所以<副>
vivar	/biˈbaɾ/	/biˈbaɾ/	[/biˈbaɾ/] 生活；居住<verb>
vista	/ˈbista/	/ˈbista/	[ˈbista] 查看<名>
estúpido	/esˈtupido/	/esˈtupido/	[esˈtupido] 愚蠢的<形>
línea	/ˈlinea/	/ˈlinea/	[ˈlinea] 线<名>
caballero	/kabaˈʝeɾo/	/kabaˈʝeɾo/	[kabaˈʝeɾo] 骑士<名>
dan	/ˈdan/	/ˈdan/	[/ˈdan/] dar的第三人称复数现在时（他们给予）<动><noun>
quedar	/keˈdaɾ/	/keˈdaɾ/	[keˈdaɾ] 留下来<动>
tienda	/ˈtjenda/	/ˈtjenda/	[ˈtjenda] 商店<名>
comprar	/komˈpɾaɾ/	/komˈpɾaɾ/	[komˈpɾaɾ] 买<动>
entendido	/entenˈdido/	/entenˈdido/	[entenˈdido] 明白了<名>
centro	/ˈθentɾo/	/ˈθentɾo/	[ˈθentɾo] 中心<名>
salvo	/ˈsalbo/	/ˈsalbo/	[/ˈsalbo/] 除…之外；安然无恙的<adj>
sol	/ˈsol/	/ˈsol/	[ˈsol] 太阳<名>
tonto	/ˈtonto/	/ˈtonto/	[ˈtonto] 傻瓜<名>
hambre	/ˈambɾe/	/ˈambɾe/	[ˈambɾe] 饥饿<名>
mesa	/ˈmesa/	/ˈmesa/	[/ˈmesa/] 桌子；餐桌<noun>
respuesta	/resˈpwesta/	/resˈpwesta/	[resˈpwesta] 回答<名>
completamente	/komˌpletaˈmente/	/komˌpletaˈmente/	[komˌpletaˈmente] 完全<副>
carta	/ˈkaɾta/	/ˈkaɾta/	[ˈkaɾta] 信<名>
totalmente	/toˌtalˈmente/	/toˌtalˈmente/	[toˌtalˈmente] 完全地<副>
imposible	/impoˈsible/	/impoˈsible/	[impoˈsible] 不可能的<形>
normal	/noɾˈmal/	/noɾˈmal/	[noɾˈmal] 正常<名>
traje	/ˈtɾaxe/	/ˈtɾaxe/	[ˈtɾaxe] 西装<名>
dirección	/diɾeɡˈθjon/	/diɾeɡˈθjon/	[diɾeɡˈθjon] 地址<名>
siete	/ˈsjete/	/ˈsjete/	[ˈsjete] 七<名>
placer	/plaˈθeɾ/	/plaˈθeɾ/	[plaˈθeɾ] 快乐<名>
barco	/ˈbaɾko/	/ˈbaɾko/	[ˈbaɾko] 船<名>
blanco	/ˈblanko/	/ˈblanko/	[ˈblanko] 白色<名>
profesor	/pɾofeˈsoɾ/	/pɾofeˈsoɾ/	[pɾofeˈsoɾ] 老师<名>
servicio	/seɾˈbiθjo/	/seɾˈbiθjo/	[seɾˈbiθjo] 服务<名>
muchacho	/muˈt͡ʃat͡ʃo/	/muˈt͡ʃat͡ʃo/	[muˈt͡ʃat͡ʃo] 男孩<名>
reunión	/reuˈnjon/	/reuˈnjon/	[reuˈnjon] 会议<名>
dejado	/deˈxado/	/deˈxado/	[/deˈxado/] 留下的；放弃的；邋遢的<adj>
ley	/ˈlei/	/ˈlei/	[ˈlei] 法律<名>
programa	/pɾoˈɡɾama/	/pɾoˈɡɾama/	[pɾoˈɡɾama] 节目<名>
carrera	/kaˈreɾa/	/kaˈreɾa/	[kaˈreɾa] 职业；赛跑<名>
cumpleaños	/kumpleˈaɲos/	/kumpleˈaɲos/	[kumpleˈaɲos] 生日<名>
culo	/ˈkulo/	/ˈkulo/	[ˈkulo] 屁股<名>
canción	/kanˈθjon/	/kanˈθjon/	[kanˈθjon] 歌曲<名>
hermoso	/eɾˈmoso/	/eɾˈmoso/	[eɾˈmoso] 美丽的<形>
universidad	/unibeɾsiˈdad/	/unibeɾsiˈdad/	[unibeɾsiˈdad] 大学<名>
boda	/ˈboda/	/ˈboda/	[ˈboda] 婚礼<名>
cualquiera	/kwalˈkjeɾa/	/kwalˈkjeɾa/	[kwalˈkjeɾa] 任何人<名>
sala	/ˈsala/	/ˈsala/	[ˈsala] 房间<名>
decisión	/deθiˈsjon/	/deθiˈsjon/	[deθiˈsjon] 决定<名>
don	/ˈdon/	/ˈdon/	[ˈdon] 礼物<名>
necesario	/neθeˈsaɾjo/	/neθeˈsaɾjo/	[neθeˈsaɾjo] 必要的<形>
sal	/ˈsal/	/ˈsal/	[ˈsal] 盐<名>
prisa	/ˈpɾisa/	/ˈpɾisa/	[ˈpɾisa] 快点<名>
carajo	/kaˈɾaxo/	/kaˈɾaxo/	[kaˈɾaxo] 他妈的<名>
embargo	/emˈbaɾɡo/	/emˈbaɾɡo/	[emˈbaɾɡo] 然而<名>
interesante	/inteɾeˈsante/	/inteɾeˈsante/	[inteɾeˈsante] 有趣的<形>
escuchar	/eskuˈt͡ʃaɾ/	/eskuˈt͡ʃaɾ/	[eskuˈt͡ʃaɾ] 听<动>
abuela	/aˈbwela/	/aˈbwela/	[aˈbwela] 祖母<名>
detective	/deteɡˈtibe/	/deteɡˈtibe/	[deteɡˈtibe] 侦探<名>
horrible	/oˈrible/	/oˈrible/	[oˈrible] 可怕的<形>
suelo	/ˈswelo/	/ˈswelo/	[ˈswelo] 地面<名>
cárcel	/ˈkaɾθel/	/ˈkaɾθel/	[ˈkaɾθel] 监狱<名>
acá	/aˈka/	/aˈka/	[aˈka] 这里<形>
intentar	/intenˈtaɾ/	/intenˈtaɾ/	[intenˈtaɾ] 尝试<动>
maldición	/maldiˈθjon/	/maldiˈθjon/	[maldiˈθjon] 诅咒<名>
silencio	/siˈlenθjo/	/siˈlenθjo/	[siˈlenθjo] 沉默<名>
capaz	/kaˈpaθ/	/kaˈpaθ/	[kaˈpaθ] 有能力的<形>
club	/ˈklub/	/ˈklub/	[ˈklub] 俱乐部<名>
terminar	/teɾmiˈnaɾ/	/teɾmiˈnaɾ/	[teɾmiˈnaɾ] 完成<动>
temar	/teˈmaɾ/	/teˈmaɾ/	[teˈmaɾ] 恐惧<动>
broma	/ˈbɾoma/	/ˈbɾoma/	[ˈbɾoma] 笑话<名>
gobierno	/ɡoˈbjeɾno/	/ɡoˈbjeɾno/	[ɡoˈbjeɾno] 政府<名>
prometer	/pɾomeˈteɾ/	/pɾomeˈteɾ/	[pɾomeˈteɾ] 承诺<动>
cámara	/ˈkamaɾa/	/ˈkamaɾa/	[ˈkamaɾa] 相机<名>
media	/ˈmedja/	/ˈmedja/	[ˈmedja] 平均<名>
terrible	/teˈrible/	/teˈrible/	[teˈrible] 可怕的<形>
regalo	/reˈɡalo/	/reˈɡalo/	[reˈɡalo] 礼物<名>
amable	/aˈmable/	/aˈmable/	[aˈmable] 善良<形>
dulce	/ˈdulθe/	/ˈdulθe/	[ˈdulθe] 甜甜的<名>
ataque	/aˈtake/	/aˈtake/	[aˈtake] 攻击<名>
navidad	/nabiˈðað/	/nabiˈðað/	圣诞节<名>
ocho	/ˈot͡ʃo/	/ˈot͡ʃo/	[ˈot͡ʃo] 八<名>
avión	/aˈbjon/	/aˈbjon/	[aˈbjon] 飞机<名>
investigación	/imbestiɡaˈθjon/	/imbestiɡaˈθjon/	[imbestiɡaˈθjon] 研究<名>
juro	/ˈxuɾo/	/ˈxuɾo/	[/ˈxuɾo/] 我发誓<动>（jurar 第一人称单数变位，非名词）<noun>
mantener	/manteˈneɾ/	/manteˈneɾ/	[/manteˈneɾ/] 维持；保持<动><verb>
ejército	/eˈxeɾθito/	/eˈxeɾθito/	[eˈxeɾθito] 军队<名>
papel	/paˈpel/	/paˈpel/	[paˈpel] 纸<名>
partes	/ˈpaɾtes/	/ˈpaɾtes/	[ˈpaɾtes] 零件<名>
gracioso	/ɡɾaˈθjoso/	/ɡɾaˈθjoso/	[ɡɾaˈθjoso] 有趣的<名>
principio	/pɾinˈθipjo/	/pɾinˈθipjo/	[pɾinˈθipjo] 原则<名>
delante	/deˈlante/	/deˈlante/	[deˈlante] 前面<副>
teniente	/teˈnjente/	/teˈnjente/	[teˈnjente] 中尉<名>
deseo	/deˈseo/	/deˈseo/	[deˈseo] 愿望<名>
nave	/ˈnabe/	/ˈnabe/	[ˈnabe] 船<名>
sale	/ˈsale/	/ˈsale/	[ˈsale] 出来<叹>
basura	/baˈsuɾa/	/baˈsuɾa/	[baˈsuɾa] 垃圾<名>
contacto	/konˈtaɡto/	/konˈtaɡto/	[konˈtaɡto] 联系方式<名>
esposo	/esˈposo/	/esˈposo/	[esˈposo] 丈夫<名>
tren	/ˈtɾen/	/ˈtɾen/	[ˈtɾen] 火车<名>
dale	/ˈdale/	/ˈdale/	[ˈdale] 给它<叹>
verdadero	/beɾdaˈdeɾo/	/beɾdaˈdeɾo/	[beɾdaˈdeɾo] 真实<名>
tuya	/ˈtuʝa/	/ˈtuʝa/	[ˈtuʝa] 你的<名>
alma	/ˈalma/	/ˈalma/	[ˈalma] 灵魂<名>
disculpa	/disˈkulpa/	/disˈkulpa/	[disˈkulpa] 抱歉<名>
anda	/ˈanda/	/ˈanda/	[ˈanda] 去<名>
matrimonio	/matɾiˈmonjo/	/matɾiˈmonjo/	[matɾiˈmonjo] 婚姻<名>
locura	/loˈkuɾa/	/loˈkuɾa/	[loˈkuɾa] 疯狂<名>
oro	/ˈoɾo/	/ˈoɾo/	[ˈoɾo] 黄金<名>
permiso	/peɾˈmiso/	/peɾˈmiso/	[peɾˈmiso] 许可<名>
director	/diɾeɡˈtoɾ/	/diɾeɡˈtoɾ/	[diɾeɡˈtoɾ] 导演<名>
peligro	/peˈliɡɾo/	/peˈliɡɾo/	[peˈliɡɾo] 危险<名>
libertad	/libeɾˈta/	/libeɾˈta/	[libeɾˈta] 自由<名>
alegrar	/aleˈɡɾaɾ/	/aleˈɡɾaɾ/	[aleˈɡɾaɾ] 振作起来<动>
baja	/ˈbaxa/	/ˈbaxa/	[ˈbaxa] 低<名>
derecha	/deˈɾet͡ʃa/	/deˈɾet͡ʃa/	[deˈɾet͡ʃa] 对<名>
segunda	/seˈɡunda/	/seˈɡunda/	[seˈɡunda] 第二<名>
maravilloso	/maɾabiˈʝoso/	/maɾabiˈʝoso/	[maɾabiˈʝoso] 太棒了<形>
espacio	/esˈpaθjo/	/esˈpaθjo/	[esˈpaθjo] 空间<名>
rato	/ˈrato/	/ˈrato/	[/ˈrato/] 一会儿；片刻<noun>
abuelo	/aˈbwelo/	/aˈbwelo/	[aˈbwelo] 祖父<名>
salud	/saˈlud/	/saˈlud/	[saˈlud] 健康<名>
sorpresa	/soɾˈpɾesa/	/soɾˈpɾesa/	[soɾˈpɾesa] 惊喜<名>
triste	/ˈtɾiste/	/ˈtɾiste/	[ˈtɾiste] 悲伤<形>
aun	/aˈun/	/aˈun/	[aˈun] 仍然<副>
maestro	/maˈestɾo/	/maˈestɾo/	[maˈestɾo] 老师<名>
según	/seˈɡun/	/seˈɡun/	[seˈɡun] 根据<介>
infierno	/inˈfjeɾno/	/inˈfjeɾno/	[inˈfjeɾno] 地狱<名>
crimen	/ˈkɾimen/	/ˈkɾimen/	[ˈkɾimen] 犯罪<名>
conocido	/konoˈθido/	/konoˈθido/	[konoˈθido] 已知的<名>
consejo	/konˈsexo/	/konˈsexo/	[konˈsexo] 建议<名>
ante	/ˈante/	/ˈante/	[ˈante] 之前<名>
iglesia	/iˈɡlesja/	/iˈɡlesja/	[iˈɡlesja] 教堂<名>
intento	/inˈtento/	/inˈtento/	[inˈtento] 尝试<名>
mayoría	/maʝoˈɾia/	/maʝoˈɾia/	[maʝoˈɾia] 多数<名>
escena	/esˈθena/	/esˈθena/	[esˈθena] 场景<名>
piso	/ˈpiso/	/ˈpiso/	[ˈpiso] 地板<名>
señal	/seˈɲal/	/seˈɲal/	[seˈɲal] 信号<名>
honor	/oˈnoɾ/	/oˈnoɾ/	[oˈnoɾ] 荣誉<名>
abrir	/aˈbɾiɾ/	/aˈbɾiɾ/	[aˈbɾiɾ] 打开<名>
cerebro	/θeˈɾebɾo/	/θeˈɾebɾo/	[θeˈɾebɾo] 大脑<名>
veras	/ˈbeɾas/	/ˈbeɾas/	[ˈbeɾas] 你会看到<名>
preguntar	/pɾeɡunˈtaɾ/	/pɾeɡunˈtaɾ/	[pɾeɡunˈtaɾ] 问<动>
cocina	/koˈθina/	/koˈθina/	[koˈθina] 厨房<名>
vestido	/besˈtido/	/besˈtido/	[besˈtido] 连衣裙<名>
inteligente	/inteliˈxente/	/inteliˈxente/	[inteliˈxente] 聪明的<形>
caballo	/kaˈbaʝo/	/kaˈbaʝo/	[kaˈbaʝo] 马<名>
bar	/ˈbaɾ/	/ˈbaɾ/	[ˈbaɾ] 酒吧<名>
corte	/ˈkoɾte/	/ˈkoɾte/	[ˈkoɾte] 切<名>
adentro	/aˈdentɾo/	/aˈdentɾo/	[aˈdentɾo] 里面<名>
droga	/ˈdɾoɡa/	/ˈdɾoɡa/	[ˈdɾoɡa] 药物<名>
enseguida	/enseˈɡida/	/enseˈɡida/	[enseˈɡida] 马上<副>
busca	/ˈbuska/	/ˈbuska/	[ˈbuska] 搜索<名>
agradable	/aɡɾaˈdable/	/aɡɾaˈdable/	[aɡɾaˈdable] 不错<形>
carne	/ˈkaɾne/	/ˈkaɾne/	[ˈkaɾne] 肉<名>
departamento	/depaɾtaˈmento/	/depaɾtaˈmento/	[depaɾtaˈmento] 部门<名>
lindo	/ˈlindo/	/ˈlindo/	[ˈlindo] 可爱<形>
mar	/ˈmaɾ/	/ˈmaɾ/	[ˈmaɾ] 海<名>
duda	/ˈduda/	/ˈduda/	[ˈduda] 怀疑<名>
edificio	/ediˈfiθjo/	/ediˈfiθjo/	[ediˈfiθjo] 建筑物<名>
cargo	/ˈkaɾɡo/	/ˈkaɾɡo/	[/ˈkaɾɡo/] 职位<名>；负载<名><noun>
víctima	/ˈbiɡtima/	/ˈbiɡtima/	[ˈbiɡtima] 受害者<名>
luna	/ˈluna/	/ˈluna/	[ˈluna] 月亮<名>
energía	/eneɾˈxia/	/eneɾˈxia/	[eneɾˈxia] 能量<名>
frío	/ˈfɾio/	/ˈfɾio/	[ˈfɾio] 冷<名>
baile	/ˈbaile/	/ˈbaile/	[ˈbaile] 跳舞<名>
misión	/miˈsjon/	/miˈsjon/	[miˈsjon] 使命<名>
izquierda	/iθˈkjeɾda/	/iθˈkjeɾda/	[iθˈkjeɾda] 左<名>
beber	/beˈbeɾ/	/beˈbeɾ/	[beˈbeɾ] 喝<名>
deje	/ˈdexe/	/ˈdexe/	[ˈdexe] 让<名>
finalmente	/fiˌnalˈmente/	/fiˌnalˈmente/	[fiˌnalˈmente] 最后<副>
simple	/ˈsimple/	/ˈsimple/	[ˈsimple] 简单<名>
regresar	/reɡɾeˈsaɾ/	/reɡɾeˈsaɾ/	[reɡɾeˈsaɾ] 返回<动>
sacar	/saˈkaɾ/	/saˈkaɾ/	[saˈkaɾ] 拿出来<动>
cambiado	/kamˈbjado/	/kamˈbjado/	[kamˈbjado] 改变了<形>
traer	/tɾaˈeɾ/	/tɾaˈeɾ/	[tɾaˈeɾ] 带<动>
opinión	/opiˈnjon/	/opiˈnjon/	[opiˈnjon] 意见<名>
apenas	/aˈpenas/	/aˈpenas/	[aˈpenas] 勉强<副>
cerveza	/θeɾˈbeθa/	/θeɾˈbeθa/	[θeɾˈbeθa] 啤酒<名>
oír	/oˈiɾ/	/oˈiɾ/	[oˈiɾ] 听到<动>
hablado	/aˈblado/	/aˈblado/	[aˈblado] 口头的<名>
reina	/ˈreina/	/ˈreina/	[ˈreina] 女王<名>
temprano	/temˈpɾano/	/temˈpɾano/	[temˈpɾano] 早<形>
tema	/ˈtema/	/ˈtema/	[ˈtema] 主题<名>
prisión	/pɾiˈsjon/	/pɾiˈsjon/	[pɾiˈsjon] 监狱<名>
porqué	/poɾˈke/	/poɾˈke/	[poɾˈke] 为什么<名>
público	/ˈpubliko/	/ˈpubliko/	[ˈpubliko] 公开的<名>
salvar	/salˈbaɾ/	/salˈbaɾ/	[salˈbaɾ] 保存<动>
partido	/paɾˈtido/	/paɾˈtido/	[/paɾˈtido/] 比赛；政党<noun>
joder	/xoˈdeɾ/	/xoˈdeɾ/	[xoˈdeɾ] 他妈的<动>
causa	/ˈkausa/	/ˈkausa/	[ˈkausa] 原因<名>
caliente	/kaˈljente/	/kaˈljente/	[kaˈljente] 热<形>
sargento	/saɾˈxento/	/saɾˈxento/	[saɾˈxento] 中士<名>
cenar	/θeˈnaɾ/	/θeˈnaɾ/	[θeˈnaɾ] 晚餐<动>
compañero	/kompaˈɲeɾo/	/kompaˈɲeɾo/	[kompaˈɲeɾo] 同伴<名>
banco	/ˈbanko/	/ˈbanko/	[ˈbanko] 银行<名>
existir	/eɡsisˈtiɾ/	/eɡsisˈtiɾ/	[eɡsisˈtiɾ] 存在<动>
zona	/ˈθona/	/ˈθona/	[ˈθona] 区<名>
destino	/desˈtino/	/desˈtino/	[desˈtino] 命运<名>
base	/ˈbase/	/ˈbase/	[ˈbase] 基地<名>
soler	/soˈleɾ/	/soˈleɾ/	[/soˈleɾ/] 惯于；通常<verb>
cliente	/ˈkljente/	/ˈkljente/	[ˈkljente] 客户<名>
encuentro	/enˈkwentɾo/	/enˈkwentɾo/	[enˈkwentɾo] 遭遇<名>
pelea	/peˈlea/	/peˈlea/	[peˈlea] 战斗<名>
san	/ˈsan/	/ˈsan/	[ˈsan] 桑<名>
norte	/ˈnoɾte/	/ˈnoɾte/	[ˈnoɾte] 北<名>
coronel	/koɾoˈnel/	/koɾoˈnel/	[koɾoˈnel] 上校<名>
apuesto	/aˈpwesto/	/aˈpwesto/	[aˈpwesto] 帅哥<名>
peligroso	/peliˈɡɾoso/	/peliˈɡɾoso/	[peliˈɡɾoso] 危险的<形>
té	/ˈte/	/ˈte/	[ˈte] 茶<名>
excepto	/e(ɡ)ˈθebto/	/e(ɡ)ˈθebto/	[e(ɡ)ˈθebto] 除了<介>
juicio	/ˈxwiθjo/	/ˈxwiθjo/	[ˈxwiθjo] 判断力<名>
llave	/ˈʝabe/	/ˈʝabe/	[ˈʝabe] 钥匙<名>
equivocado	/ekiboˈkado/	/ekiboˈkado/	[ekiboˈkado] 错误的<形>
posición	/posiˈθjon/	/posiˈθjon/	[posiˈθjon] 位置<名>
trasero	/tɾaˈseɾo/	/tɾaˈseɾo/	[tɾaˈseɾo] 后部<名>
espalda	/esˈpalda/	/esˈpalda/	[/esˈpalda/] 背；背部<noun>
excelente	/eɡsθeˈlente/	/eɡsθeˈlente/	[eɡsθeˈlente] 优秀的<形>
éxito	/ˈeɡsito/	/ˈeɡsito/	[ˈeɡsito] 成功<名>
ventana	/benˈtana/	/benˈtana/	[benˈtana] 窗户<名>
especie	/esˈpeθje/	/esˈpeθje/	[esˈpeθje] 物种<名>
diferencia	/difeˈɾenθja/	/difeˈɾenθja/	[difeˈɾenθja] 差异<名>
pedir	/peˈdiɾ/	/peˈdiɾ/	[peˈdiɾ] 问<动>
ejemplo	/eˈxemplo/	/eˈxemplo/	[eˈxemplo] 例子<名>
ése	/ˈese/	/ˈese/	[ˈese] 那个<代>
radio	/ˈradjo/	/ˈradjo/	[ˈradjo] 收音机<名>
leer	/leˈeɾ/	/leˈeɾ/	[leˈeɾ] 读<动>
calma	/ˈkalma/	/ˈkalma/	[ˈkalma] 冷静<名>
hogar	/oˈɡaɾ/	/oˈɡaɾ/	[oˈɡaɾ] 家<名>
fondo	/ˈfondo/	/ˈfondo/	[ˈfondo] 背景<名>
humano	/uˈmano/	/uˈmano/	[uˈmano] 人类的<名>
tí	/tˈi/	/tˈi/	你<代>
unido	/uˈnido/	/uˈnido/	[uˈnido] 联合<形>
jesús	/xeˈsus/	/xeˈsus/	[xeˈsus] 耶稣<叹>
planeta	/plaˈneta/	/plaˈneta/	[plaˈneta] 行星<名>
verme	/ˈbeɾme/	/ˈbeɾme/	[ˈbeɾme] 见我<名>
respecto	/resˈpeɡto/	/resˈpeɡto/	[resˈpeɡto] 尊重<名>
regreso	/reˈɡɾeso/	/reˈɡɾeso/	[reˈɡɾeso] 返回<名>
debido	/deˈbido/	/deˈbido/	[deˈbido] 由于<形>
parar	/paˈɾaɾ/	/paˈɾaɾ/	[paˈɾaɾ] 停止<动>
lleno	/ˈʝeno/	/ˈʝeno/	[ˈʝeno] 满<形>
respeto	/resˈpeto/	/resˈpeto/	[resˈpeto] 尊重<名>
debajo	/deˈbaxo/	/deˈbaxo/	[deˈbaxo] 下面<副>
escribir	/eskɾiˈbiɾ/	/eskɾiˈbiɾ/	[eskɾiˈbiɾ] 写<动>
estación	/estaˈθjon/	/estaˈθjon/	[estaˈθjon] 车站<名>
alta	/ˈalta/	/ˈalta/	[ˈalta] 高<名>
pista	/ˈpista/	/ˈpista/	[/ˈpista/] 跑道；小路；球场<名><noun>
estrella	/esˈtɾeʝa/	/esˈtɾeʝa/	[esˈtɾeʝa] 明星<名>
enfermo	/enˈfeɾmo/	/enˈfeɾmo/	[enˈfeɾmo] 生病了<名>
dolar	/ˈdolaɾ/	/ˈdolaɾ/	[ˈdolaɾ] 美元<名>
miles	/ˈmiles/	/ˈmiles/	[ˈmiles] 数千<名>
ocupado	/okuˈpado/	/okuˈpado/	[okuˈpado] 忙<形>
correr	/koˈreɾ/	/koˈreɾ/	[koˈreɾ] 跑<名>
nivel	/niˈbel/	/niˈbel/	[niˈbel] 水平<名>
experiencia	/eɡspeˈɾjenθja/	/eɡspeˈɾjenθja/	[eɡspeˈɾjenθja] 经验<名>
salida	/saˈlida/	/saˈlida/	[/saˈlida/] 出口；出发<名><noun>
confiar	/konˈfjaɾ/	/konˈfjaɾ/	[konˈfjaɾ] 信任<动>
zapato	/θaˈpato/	/θaˈpato/	[θaˈpato] 鞋<名>
color	/koˈloɾ/	/koˈloɾ/	[koˈloɾ] 颜色<名>
vistazo	/bisˈtaθo/	/bisˈtaθo/	[bisˈtaθo] 一眼<名>
nene	/ˈnene/	/ˈnene/	[ˈnene] 宝贝<名>
juez	/ˈxweθ/	/ˈxweθ/	[ˈxweθ] 法官<名>
paciente	/paˈθjente/	/paˈθjente/	[paˈθjente] 病人<名>
bolsa	/ˈbolsa/	/ˈbolsa/	[ˈbolsa] 包<名>
arte	/ˈaɾte/	/ˈaɾte/	[ˈaɾte] 艺术<名>
bailar	/baiˈlaɾ/	/baiˈlaɾ/	[baiˈlaɾ] 跳舞<动>
diablo	/ˈdjablo/	/ˈdjablo/	[ˈdjablo] 恶魔<名>
sur	/ˈsuɾ/	/ˈsuɾ/	[ˈsuɾ] 南<名>
banda	/ˈbanda/	/ˈbanda/	[ˈbanda] 乐队<名>
aprender	/apɾenˈdeɾ/	/apɾenˈdeɾ/	[apɾenˈdeɾ] 学习<动>
precio	/ˈpɾeθjo/	/ˈpɾeθjo/	[ˈpɾeθjo] 价格<名>
completo	/komˈpleto/	/komˈpleto/	[komˈpleto] 完成<名>
santo	/ˈsanto/	/ˈsanto/	[ˈsanto] 神圣的<名>
culpable	/kulˈpable/	/kulˈpable/	[kulˈpable] 有罪<名>
gana	/ˈɡana/	/ˈɡana/	[ˈɡana] 赢<名>
cielos	/ˈθjelos/	/ˈθjelos/	[ˈθjelos] 天堂<叹>
matado	/maˈtado/	/maˈtado/	[/maˈtado/] 被杀的<形>（matar的过去分词）<adj>
azul	/aˈθul/	/aˈθul/	[aˈθul] 蓝色<名>
ia	/ˈia/	/ˈia/	[ˈia] 人工智能；AI<名>
comandante	/komanˈdante/	/komanˈdante/	[komanˈdante] 指挥官<名>
acción	/aɡˈθjon/	/aɡˈθjon/	[aɡˈθjon] 行动<名>
regla	/ˈreɡla/	/ˈreɡla/	[ˈreɡla] 规则<名>
obra	/ˈobɾa/	/ˈobɾa/	[ˈobɾa] 工作<名>
esperanza	/espeˈɾanθa/	/espeˈɾanθa/	[espeˈɾanθa] 希望<名>
cuestión	/kwesˈtjon/	/kwesˈtjon/	[kwesˈtjon] 问题<名>
molesto	/moˈlesto/	/moˈlesto/	[moˈlesto] 烦人的<形>
informe	/inˈfoɾme/	/inˈfoɾme/	[inˈfoɾme] 报告<名>
río	/ˈrio/	/ˈrio/	[ˈrio] 河<名>
bienvenido	/bjembeˈnido/	/bjembeˈnido/	[bjembeˈnido] 欢迎<形>
tocar	/toˈkaɾ/	/toˈkaɾ/	[toˈkaɾ] 触摸<动>
bob	/ˈbob/	/ˈbob/	[/ˈbob/] 傻的；愚蠢的<noun>
contar	/konˈtaɾ/	/konˈtaɾ/	[konˈtaɾ] 计数<动>
interior	/inteˈɾjoɾ/	/inteˈɾjoɾ/	[inteˈɾjoɾ] 室内<名>
apartamento	/apaɾtaˈmento/	/apaɾtaˈmento/	[apaɾtaˈmento] 公寓<名>
estay	/esˈtai/	/esˈtai/	[/esˈtai/] 支索；牵条<noun>
principal	/pɾinθiˈpal/	/pɾinθiˈpal/	[pɾinθiˈpal] 主要<名>
ojalá	/oxaˈla/	/oxaˈla/	[oxaˈla] 我希望<副>
perdonar	/peɾdoˈnaɾ/	/peɾdoˈnaɾ/	[peɾdoˈnaɾ] 原谅<动>
golpe	/ˈɡolpe/	/ˈɡolpe/	[/ˈɡolpe/] 打击；一击<noun>
acabado	/akaˈbado/	/akaˈbado/	[/akaˈbado/] 完成的；结束的；饰面<noun>
estilo	/esˈtilo/	/esˈtilo/	[esˈtilo] 风格<名>
nueve	/ˈnwebe/	/ˈnwebe/	[ˈnwebe] 九<名>
definitivamente	/definiˌtibaˈmente/	/definiˌtibaˈmente/	[definiˌtibaˈmente] 绝对<副>
bomba	/ˈbomba/	/ˈbomba/	[ˈbomba] 炸弹<名>
guardia	/ˈɡwaɾdja/	/ˈɡwaɾdja/	[ˈɡwaɾdja] 守卫<名>
pistola	/pisˈtola/	/pisˈtola/	[pisˈtola] 手枪<名>
probar	/pɾoˈbaɾ/	/pɾoˈbaɾ/	[pɾoˈbaɾ] 尝试<动>
majestad	/maxesˈtad/	/maxesˈtad/	[maxesˈtad] 陛下<名>
marcha	/ˈmaɾt͡ʃa/	/ˈmaɾt͡ʃa/	[ˈmaɾt͡ʃa] 进行曲<名>
común	/koˈmun/	/koˈmun/	[koˈmun] 常见的<名>
aquel	/aˈkel/	/aˈkel/	[aˈkel] 那个<代>
vuelo	/ˈbwelo/	/ˈbwelo/	[ˈbwelo] 飞行<名>
nota	/ˈnota/	/ˈnota/	[ˈnota] 注释<名>
valor	/baˈloɾ/	/baˈloɾ/	[baˈloɾ] 值<名>
suyo	/ˈsuʝo/	/ˈsuʝo/	[/ˈsuʝo/] 他的；她的；他们的；您的<pron>
objetivo	/obxeˈtibo/	/obxeˈtibo/	[obxeˈtibo] 目标<名>
repente	/reˈpente/	/reˈpente/	[/reˈpente/] 突然<副><noun>
rojo	/ˈroxo/	/ˈroxo/	[ˈroxo] 红色<名>
bromear	/bɾomeˈaɾ/	/bɾomeˈaɾ/	[bɾomeˈaɾ] 笑话<动>
entrada	/enˈtɾada/	/enˈtɾada/	[enˈtɾada] 入口<名>
doble	/ˈdoble/	/ˈdoble/	[ˈdoble] 双<名>
evitar	/ebiˈtaɾ/	/ebiˈtaɾ/	[ebiˈtaɾ] 避免<动>
máquina	/ˈmakina/	/ˈmakina/	[ˈmakina] 机器<名>
cuello	/ˈkweʝo/	/ˈkweʝo/	[ˈkweʝo] 脖子<名>
animal	/aniˈmal/	/aniˈmal/	[aniˈmal] 动物<名>
acaso	/aˈkaso/	/aˈkaso/	[aˈkaso] 也许<副>
pareja	/paˈɾexa/	/paˈɾexa/	[paˈɾexa] 情侣<名>
verano	/beˈɾano/	/beˈɾano/	[beˈɾano] 夏天<名>
ama	/ˈama/	/ˈama/	[/ˈama/] 女主人；主妇<noun>
mentira	/menˈtiɾa/	/menˈtiɾa/	[menˈtiɾa] 谎言<名>
tarjeta	/taɾˈxeta/	/taɾˈxeta/	[taɾˈxeta] 卡<名>
traído	/tɾaˈido/	/tɾaˈido/	[tɾaˈido] 带来了<形>
llegue	/ˈʝeɡe/	/ˈʝeɡe/	[ˈʝeɡe] 到达<名>
preparado	/pɾepaˈɾado/	/pɾepaˈɾado/	[pɾepaˈɾado] 准备好了<名>
tony	/ˈtoni/	/ˈtoni/	[ˈtoni] 托尼<名>
flor	/ˈfloɾ/	/ˈfloɾ/	[ˈfloɾ] 花<名>
vos	/ˈbos/	/ˈbos/	[ˈbos] 你<代>
opción	/obˈθjon/	/obˈθjon/	[obˈθjon] 选项<名>
isla	/ˈisla/	/ˈisla/	[ˈisla] 岛<名>
cerrar	/θeˈraɾ/	/θeˈraɾ/	[θeˈraɾ] 关闭<动>
piel	/ˈpjel/	/ˈpjel/	[ˈpjel] 皮肤<名>
enemigo	/eneˈmiɡo/	/eneˈmiɡo/	[eneˈmiɡo] 敌人<名>
dejo	/ˈdexo/	/ˈdexo/	[ˈdexo] 我离开<名>
exacto	/eɡˈsaɡto/	/eɡˈsaɡto/	[eɡˈsaɡto] 准确的<名>
imbécil	/imˈbeθil/	/imˈbeθil/	[imˈbeθil] 白痴<名>
pedido	/peˈdido/	/peˈdido/	[peˈdido] 请求<名>
justicia	/xusˈtiθja/	/xusˈtiθja/	[xusˈtiθja] 正义<名>
obviamente	/ˌobbjaˈmente/	/ˌobbjaˈmente/	[ˌobbjaˈmente] 显然<副>
despierto	/desˈpjeɾto/	/desˈpjeɾto/	[desˈpjeɾto] 醒着<形>
calor	/kaˈloɾ/	/kaˈloɾ/	[kaˈloɾ] 热<名>
referir	/refeˈɾiɾ/	/refeˈɾiɾ/	[refeˈɾiɾ] 参考<动>
batalla	/baˈtaʝa/	/baˈtaʝa/	[baˈtaʝa] 战斗<名>
fantástico	/fanˈtastiko/	/fanˈtastiko/	[fanˈtastiko] 太棒了<形>
brazo	/ˈbɾaθo/	/ˈbɾaθo/	[ˈbɾaθo] 手臂<名>
absolutamente	/absoˌlutaˈmente/	/absoˌlutaˈmente/	[absoˌlutaˈmente] 绝对<副>
salga	/ˈsalɡa/	/ˈsalɡa/	[ˈsalɡa] 出去<名>
escapar	/eskaˈpaɾ/	/eskaˈpaɾ/	[eskaˈpaɾ] 逃脱<动>
bosque	/ˈboske/	/ˈboske/	[ˈboske] 森林<名>
gay	/ˈɡei/	/ˈɡei/	[ˈɡei] 同性恋<名>
piernas	/ˈpjeɾnas/	/ˈpjeɾnas/	[ˈpjeɾnas] 腿<名>
visita	/biˈsita/	/biˈsita/	[biˈsita] 访问<名>
parir	/paˈɾiɾ/	/paˈɾiɾ/	[paˈɾiɾ] 生下<动>
ganado	/ɡaˈnado/	/ɡaˈnado/	[ɡaˈnado] 牛<名>
movimiento	/mobiˈmjento/	/mobiˈmjento/	[mobiˈmjento] 运动<名>
blanca	/ˈblanka/	/ˈblanka/	[/ˈblanka/] 白色的<形><noun>
rico	/ˈriko/	/ˈriko/	[ˈriko] 富有<形>
inocente	/inoˈθente/	/inoˈθente/	[inoˈθente] 无辜的<名>
pesar	/peˈsaɾ/	/peˈsaɾ/	[peˈsaɾ] 称重<名>
absoluto	/absoˈluto/	/absoˈluto/	[absoˈluto] 绝对的<形>
vacación	/bakaˈθjon/	/bakaˈθjon/	[bakaˈθjon] 假期<名>
tomado	/toˈmado/	/toˈmado/	[toˈmado] 采取<形>
cine	/ˈθine/	/ˈθine/	[ˈθine] 电影院<名>
toca	/ˈtoka/	/ˈtoka/	[ˈtoka] 触摸<名>
brillante	/bɾiˈʝante/	/bɾiˈʝante/	[bɾiˈʝante] 明亮<名>
confianza	/konˈfjanθa/	/konˈfjanθa/	[konˈfjanθa] 信任<名>
vuestro	/ˈbwestɾo/	/ˈbwestɾo/	[ˈbwestɾo] 你的<代>
especialmente	/espeˌθjalˈmente/	/espeˌθjalˈmente/	[espeˌθjalˈmente] 尤其是<副>
embarazado	/embaɾaˈθado/	/embaɾaˈθado/	[embaɾaˈθado] 怀孕了<形>
pantalones	/pantaˈlones/	/pantaˈlones/	[pantaˈlones] 裤子<名>
defensa	/deˈfensa/	/deˈfensa/	[deˈfensa] 防御<名>
salido	/saˈlido/	/saˈlido/	[/saˈlido/] 好色的；放荡的<adj>
estupendo	/estuˈpendo/	/estuˈpendo/	[estuˈpendo] 太棒了<形>
presión	/pɾeˈsjon/	/pɾeˈsjon/	[pɾeˈsjon] 压力<名>
inmediatamente	/immeˌdjataˈmente/	/immeˌdjataˈmente/	[immeˌdjataˈmente] 立即<副>
testigo	/tesˈtiɡo/	/tesˈtiɡo/	[tesˈtiɡo] 证人<名>
olvidado	/olbiˈdado/	/olbiˈdado/	[olbiˈdado] 忘记了<形>
soldado	/solˈdado/	/solˈdado/	[solˈdado] 士兵<名>
resultar	/resulˈtaɾ/	/resulˈtaɾ/	[resulˈtaɾ] 结果<动>
depender	/depenˈdeɾ/	/depenˈdeɾ/	[depenˈdeɾ] 依赖<动>
motivo	/moˈtibo/	/moˈtibo/	[moˈtibo] 原因<名>
inglés	/inˈɡles/	/inˈɡles/	[inˈɡles] 英语<名>
estudio	/esˈtudjo/	/esˈtudjo/	[esˈtudjo] 学习<名>
sentimiento	/sentiˈmjento/	/sentiˈmjento/	[sentiˈmjento] 感觉<名>
propósito	/pɾoˈposito/	/pɾoˈposito/	[pɾoˈposito] 目的<名>
partir	/paɾˈtiɾ/	/paɾˈtiɾ/	[paɾˈtiɾ] 离开<动>
metro	/ˈmetɾo/	/ˈmetɾo/	[ˈmetɾo] 米<名>
santa	/ˈsanta/	/ˈsanta/	[ˈsanta] 神圣的<名>
cuántas	/ˈkwantas/	/ˈkwantas/	[ˈkwantas] 有多少<代>
ridículo	/riˈdikulo/	/riˈdikulo/	[/riˈdikulo/] 可笑的<形>；可笑的事<名><noun>
damas	/ˈdamas/	/ˈdamas/	[ˈdamas] 女士们<名>
operación	/opeɾaˈθjon/	/opeɾaˈθjon/	[/opeɾaˈθjon/] 手术；操作<名><noun>
empresa	/emˈpɾesa/	/emˈpɾesa/	[emˈpɾesa] 公司<名>
laboratorio	/laboɾaˈtoɾjo/	/laboɾaˈtoɾjo/	[laboɾaˈtoɾjo] 实验室<名>
elección	/eleɡˈθjon/	/eleɡˈθjon/	[eleɡˈθjon] 选择<名>
menudo	/meˈnudo/	/meˈnudo/	[meˈnudo] 经常<名>
beso	/ˈbeso/	/ˈbeso/	[ˈbeso] 亲吻<名>
copa	/ˈkopa/	/ˈkopa/	[ˈkopa] 高脚杯；树冠<名>
conversación	/kombeɾsaˈθjon/	/kombeɾsaˈθjon/	[kombeɾsaˈθjon] 谈话<名>
espíritu	/esˈpiɾitu/	/esˈpiɾitu/	[esˈpiɾitu] 精神<名>
cansado	/kanˈsado/	/kanˈsado/	[kanˈsado] 累了<形>
interesar	/inteɾeˈsaɾ/	/inteɾeˈsaɾ/	[inteɾeˈsaɾ] 兴趣<动>
casado	/kaˈsado/	/kaˈsado/	[kaˈsado] 已婚<名>
enorme	/eˈnoɾme/	/eˈnoɾme/	[eˈnoɾme] 巨大的<形>
fe	/ˈfe/	/ˈfe/	[ˈfe] 信仰<名>
muestra	/ˈmwestɾa/	/ˈmwestɾa/	[ˈmwestɾa] 样品<名>
trampa	/ˈtɾampa/	/ˈtɾampa/	[ˈtɾampa] 陷阱<名>
memoria	/meˈmoɾja/	/meˈmoɾja/	[meˈmoɾja] 记忆<名>
contrario	/konˈtɾaɾjo/	/konˈtɾaɾjo/	[/konˈtɾaɾjo/] 相反的；反对的；对手<adj>
subir	/suˈbiɾ/	/suˈbiɾ/	[suˈbiɾ] 上升<动>
turno	/ˈtuɾno/	/ˈtuɾno/	[ˈtuɾno] 转变<名>
preocupado	/pɾeokuˈpado/	/pɾeokuˈpado/	[pɾeokuˈpado] 担心<形>
restaurante	/restauˈɾante/	/restauˈɾante/	[restauˈɾante] 餐厅<名>
escrito	/esˈkɾito/	/esˈkɾito/	[esˈkɾito] 书面的<名>
calmar	/kalˈmaɾ/	/kalˈmaɾ/	[kalˈmaɾ] 冷静<动>
bienvenida	/bjembeˈnida/	/bjembeˈnida/	[/bjembeˈnida/] 欢迎<名><noun>
caer	/kaˈeɾ/	/kaˈeɾ/	[/kaˈeɾ/] 落下；掉落；跌倒<verb>
leche	/ˈlet͡ʃe/	/ˈlet͡ʃe/	[ˈlet͡ʃe] 牛奶<名>
preferir	/pɾefeˈɾiɾ/	/pɾefeˈɾiɾ/	[pɾefeˈɾiɾ] 更喜欢<动>
red	/ˈred/	/ˈred/	[ˈred] 网络<名>
solamente	/ˌsolaˈmente/	/ˌsolaˈmente/	[ˌsolaˈmente] 仅<副>
oiga	/ˈoiɡa/	/ˈoiɡa/	[ˈoiɡa] 嘿<叹>
taxi	/ˈtaɡsi/	/ˈtaɡsi/	[ˈtaɡsi] 出租车<名>
anillo	/aˈniʝo/	/aˈniʝo/	[aˈniʝo] 环<名>
victoria	/biɡˈtoɾja/	/biɡˈtoɾja/	[biɡˈtoɾja] 胜利<名>
héroe	/ˈeɾoe/	/ˈeɾoe/	[ˈeɾoe] 英雄<名>
decidido	/deθiˈdido/	/deθiˈdido/	[/deθiˈdido/] 坚决的；果断的；已决定的<adj>
responsable	/responˈsable/	/responˈsable/	[responˈsable] 负责的<名>
trago	/ˈtɾaɡo/	/ˈtɾaɡo/	[ˈtɾaɡo] 喝<名>
árbol	/ˈaɾbol/	/ˈaɾbol/	[ˈaɾbol] 树<名>
diente	/ˈdjente/	/ˈdjente/	[ˈdjente] 牙齿<名>
encantado	/enkanˈtado/	/enkanˈtado/	[enkanˈtado] 高兴<形>
camión	/kaˈmjon/	/kaˈmjon/	[kaˈmjon] 卡车<名>
vender	/benˈdeɾ/	/benˈdeɾ/	[benˈdeɾ] 卖<动>
detente	/deˈtente/	/deˈtente/	[deˈtente] 停止<名>
luchar	/luˈt͡ʃaɾ/	/luˈt͡ʃaɾ/	[luˈt͡ʃaɾ] 战斗<动>
cabo	/ˈkabo/	/ˈkabo/	[ˈkabo] 海角<名>
ruido	/ˈrwido/	/ˈrwido/	[ˈrwido] 噪音<名>
lucha	/ˈlut͡ʃa/	/ˈlut͡ʃa/	[ˈlut͡ʃa] 战斗<名>
reloj	/reˈlox/	/reˈlox/	[reˈlox] 时钟<名>
gato	/ˈɡato/	/ˈɡato/	[ˈɡato] 猫<名>
averiguar	/abeɾiˈɡwaɾ/	/abeɾiˈɡwaɾ/	[abeɾiˈɡwaɾ] 找出来<动>
volar	/boˈlaɾ/	/boˈlaɾ/	[boˈlaɾ] 飞<动>
colegio	/koˈlexjo/	/koˈlexjo/	[koˈlexjo] 学校<名>
sonido	/soˈnido/	/soˈnido/	[soˈnido] 声音<名>
pasada	/paˈsada/	/paˈsada/	[paˈsada] 过去<名>
código	/ˈkodiɡo/	/ˈkodiɡo/	[ˈkodiɡo] 代码<名>
imagen	/iˈmaxen/	/iˈmaxen/	[iˈmaxen] 图像<名>
riesgo	/ˈrjesɡo/	/ˈrjesɡo/	[ˈrjesɡo] 风险<名>
pan	/ˈpan/	/ˈpan/	[ˈpan] 面包<名>
dama	/ˈdama/	/ˈdama/	[ˈdama] 女士<名>
hielo	/ˈʝelo/	/ˈʝelo/	[ˈʝelo] 冰<名>
coño	/ˈkoɲo/	/ˈkoɲo/	[ˈkoɲo] 阴部<名>
prensa	/ˈpɾensa/	/ˈpɾensa/	[/ˈpɾensa/] 新闻界；媒体；印刷机<noun>
vengar	/benˈɡaɾ/	/benˈɡaɾ/	[benˈɡaɾ] 复仇<动>
caminar	/kamiˈnaɾ/	/kamiˈnaɾ/	[kamiˈnaɾ] 步行<动>
televisión	/telebiˈsjon/	/telebiˈsjon/	[telebiˈsjon] 电视<名>
coger	/koˈxeɾ/	/koˈxeɾ/	[koˈxeɾ] 抓住<动>
posibilidad	/posibiliˈdad/	/posibiliˈdad/	[posibiliˈdad] 可能性<名>
asiento	/aˈsjento/	/aˈsjento/	[aˈsjento] 座位<名>
herido	/eˈɾido/	/eˈɾido/	[eˈɾido] 受伤<形>
maría	/maˈɾia/	/maˈɾia/	[maˈɾia] 玛丽<名>
seguramente	/seˌɡuɾaˈmente/	/seˌɡuɾaˈmente/	[seˌɡuɾaˈmente] 当然<副>
proyecto	/pɾoˈʝeɡto/	/pɾoˈʝeɡto/	[pɾoˈʝeɡto] 项目<名>
pared	/paˈɾed/	/paˈɾed/	[paˈɾed] 墙<名>
sospechoso	/sospeˈt͡ʃoso/	/sospeˈt͡ʃoso/	[sospeˈt͡ʃoso] 可疑的<名>
naturaleza	/natuɾaˈleθa/	/natuɾaˈleθa/	[natuɾaˈleθa] 自然<名>
silla	/ˈsiʝa/	/ˈsiʝa/	[ˈsiʝa] 椅子<名>
arreglar	/areˈɡlaɾ/	/areˈɡlaɾ/	[areˈɡlaɾ] 修复<动>
sentado	/senˈtado/	/senˈtado/	[senˈtado] 坐着<形>
papi	/ˈpapi/	/ˈpapi/	[ˈpapi] 爸爸<名>
obtener	/obteˈneɾ/	/obteˈneɾ/	[obteˈneɾ] 得到<动>
señoría	/seɲoˈɾia/	/seɲoˈɾia/	[seɲoˈɾia] 荣誉<名>
cantidad	/kantiˈdad/	/kantiˈdad/	[kantiˈdad] 数量<名>
bebe	/ˈbebe/	/ˈbebe/	[/ˈbebe/] 喝<动><noun>
papa	/ˈpapa/	/ˈpapa/	[/ˈpapa/] 土豆<名><noun>
llorar	/ʝoˈɾaɾ/	/ʝoˈɾaɾ/	[ʝoˈɾaɾ] 哭<动>
familiar	/famiˈljaɾ/	/famiˈljaɾ/	[/famiˈljaɾ/] 家庭的<形><noun>
desastre	/deˈsastɾe/	/deˈsastɾe/	[deˈsastɾe] 灾难<名>
política	/poˈlitika/	/poˈlitika/	[poˈlitika] 政治<名>
nosotras	/noˈsotɾas/	/noˈsotɾas/	[noˈsotɾas] 我们<代>
enfermedad	/enfeɾmeˈdad/	/enfeɾmeˈdad/	[enfeɾmeˈdad] 疾病<名>
colega	/koˈleɡa/	/koˈleɡa/	[koˈleɡa] 同事<名>
príncipe	/ˈpɾinθipe/	/ˈpɾinθipe/	[ˈpɾinθipe] 王子<名>
verde	/ˈbeɾde/	/ˈbeɾde/	[ˈbeɾde] 绿色<名>
bajar	/baˈxaɾ/	/baˈxaɾ/	[baˈxaɾ] 下去<动>
nervioso	/neɾˈbjoso/	/neɾˈbjoso/	[neɾˈbjoso] 紧张<形>
inspector	/inspeɡˈtoɾ/	/inspeɡˈtoɾ/	[inspeɡˈtoɾ] 检查员<名>
servir	/seɾˈbiɾ/	/seɾˈbiɾ/	[seɾˈbiɾ] 服务<动>
playa	/ˈplaʝa/	/ˈplaʝa/	[ˈplaʝa] 海滩<名>
cantar	/kanˈtaɾ/	/kanˈtaɾ/	[/kanˈtaɾ/] 唱歌<动><noun>
velocidad	/beloθiˈdad/	/beloθiˈdad/	[beloθiˈdad] 速度<名>
total	/toˈtal/	/toˈtal/	[toˈtal] 总计<名>
cabello	/kaˈbeʝo/	/kaˈbeʝo/	[kaˈbeʝo] 头发<名>
suficientemente	/sufiˌθjenteˈmente/	/sufiˌθjenteˈmente/	[sufiˌθjenteˈmente] 够了<副>
huella	/ˈw̝eʝa/	/ˈw̝eʝa/	[ˈw̝eʝa] 足迹<名>
unidad	/uniˈdad/	/uniˈdad/	[uniˈdad] 单位<名>
estan	/esˈtan/	/esˈtan/	[/esˈtan/] （他们）在，处于（estar的第三人称复数变位）<动><verb>
cuchillo	/kuˈt͡ʃiʝo/	/kuˈt͡ʃiʝo/	[kuˈt͡ʃiʝo] 刀<名>
oigan	/ˈoiɡan/	/ˈoiɡan/	[ˈoiɡan] 嘿<叹>
tontería	/tonteˈɾia/	/tonteˈɾia/	[tonteˈɾia] 废话<名>
emergencia	/emeɾˈxenθja/	/emeɾˈxenθja/	[emeɾˈxenθja] 紧急情况<名>
show	/ˈʃow/	/ˈʃow/	[/ˈʃow/] 演出，表演<名><noun>
robo	/ˈrobo/	/ˈrobo/	[ˈrobo] 抢劫<名>
permitir	/peɾmiˈtiɾ/	/peɾmiˈtiɾ/	[peɾmiˈtiɾ] 允许<动>
parque	/ˈpaɾke/	/ˈpaɾke/	[ˈpaɾke] 公园<名>
uds.	/usˈtedes/	/usˈtedes/	[[usˈteðes] 你们；诸位<pron>
roto	/ˈroto/	/ˈroto/	[ˈroto] 坏了<名>
serie	/ˈseɾje/	/ˈseɾje/	[ˈseɾje] 系列<名>
evidencia	/ebiˈdenθja/	/ebiˈdenθja/	[ebiˈdenθja] 证据<名>
botella	/boˈteʝa/	/boˈteʝa/	[boˈteʝa] 瓶子<名>
viento	/ˈbjento/	/ˈbjento/	[ˈbjento] 风<名>
mando	/ˈmando/	/ˈmando/	[ˈmando] 命令<名>
aquella	/aˈkeʝa/	/aˈkeʝa/	[aˈkeʝa] 那个<代>
apoyo	/aˈpoʝo/	/aˈpoʝo/	[aˈpoʝo] 支持<名>
bala	/ˈbala/	/ˈbala/	[ˈbala] 子弹<名>
tiro	/ˈtiɾo/	/ˈtiɾo/	[ˈtiɾo] 射击<名>
época	/ˈepoka/	/ˈepoka/	[ˈepoka] 时代<名>
puente	/ˈpwente/	/ˈpwente/	[ˈpwente] 桥<名>
olvidar	/olbiˈdaɾ/	/olbiˈdaɾ/	[olbiˈdaɾ] 忘记<动>
distancia	/disˈtanθja/	/disˈtanθja/	[disˈtanθja] 距离<名>
desear	/deseˈaɾ/	/deseˈaɾ/	[deseˈaɾ] 愿望<动>
pelear	/peleˈaɾ/	/peleˈaɾ/	[peleˈaɾ] 战斗<动>
pierna	/ˈpjeɾna/	/ˈpjeɾna/	[ˈpjeɾna] 腿<名>
echar	/eˈt͡ʃaɾ/	/eˈt͡ʃaɾ/	[/eˈt͡ʃaɾ/] 扔；投掷；抛出<verb>
descanso	/desˈkanso/	/desˈkanso/	[desˈkanso] 休息<名>
área	/ˈaɾea/	/ˈaɾea/	[ˈaɾea] 面积<名>
orgulloso	/oɾɡuˈʝoso/	/oɾɡuˈʝoso/	[oɾɡuˈʝoso] 骄傲<形>
dato	/ˈdato/	/ˈdato/	[ˈdato] 数据<名>
espectáculo	/espeɡˈtakulo/	/espeɡˈtakulo/	[/espeɡˈtakulo/] 演出；表演；景象<noun>
magia	/ˈmaxja/	/ˈmaxja/	[ˈmaxja] 魔法<名>
nacional	/naθjoˈnal/	/naθjoˈnal/	[naθjoˈnal] 国家的<名>
universo	/uniˈbeɾso/	/uniˈbeɾso/	[uniˈbeɾso] 宇宙<名>
nariz	/naˈɾiθ/	/naˈɾiθ/	[naˈɾiθ] 鼻子<名>
aquellos	/aˈkeʝos/	/aˈkeʝos/	[aˈkeʝos] 那些<代>
vergüenza	/beɾˈɡwenθa/	/beɾˈɡwenθa/	[beɾˈɡwenθa] 耻辱<名>
monstruo	/ˈmonstɾwo/	/ˈmonstɾwo/	[ˈmonstɾwo] 怪物<名>
princesa	/pɾinˈθesa/	/pɾinˈθesa/	[pɾinˈθesa] 公主<名>
autobús	/autoˈbus/	/autoˈbus/	[autoˈbus] 巴士<名>
cuidar	/kwiˈdaɾ/	/kwiˈdaɾ/	[kwiˈdaɾ] 照顾<动>
huevo	/ˈw̝ebo/	/ˈw̝ebo/	[ˈw̝ebo] 鸡蛋<名>
paseo	/paˈseo/	/paˈseo/	[paˈseo] 步行<名>
detalle	/deˈtaʝe/	/deˈtaʝe/	[deˈtaʝe] 细节<名>
belleza	/beˈʝeθa/	/beˈʝeθa/	[beˈʝeθa] 美丽<名>
abierto	/aˈbjeɾto/	/aˈbjeɾto/	[/aˈbjeɾto/] 开着的<形><noun>
enviar	/emˈbjaɾ/	/emˈbjaɾ/	[emˈbjaɾ] 发送<动>
ministro	/miˈnistɾo/	/miˈnistɾo/	[miˈnistɾo] 部长<名>
conducir	/konduˈθiɾ/	/konduˈθiɾ/	[konduˈθiɾ] 开车<动>
aceptar	/aθebˈtaɾ/	/aθebˈtaɾ/	[aθebˈtaɾ] 接受<动>
borracho	/boˈrat͡ʃo/	/boˈrat͡ʃo/	[/boˈrat͡ʃo/] 喝醉的<形><noun>
contrato	/konˈtɾato/	/konˈtɾato/	[konˈtɾato] 合同<名>
viernes	/ˈbjeɾnes/	/ˈbjeɾnes/	[ˈbjeɾnes] 星期五<名>
ex	/ˈeɡs/	/ˈeɡs/	[/ˈeɡs/] 前任<名><noun>
sociedad	/soθjeˈdad/	/soθjeˈdad/	[soθjeˈdad] 社会<名>
dra.	/doɡˈtoɾa/	/doɡˈtoɾa/	[doɡˈtoɾa] 博士<名>
carga	/ˈkaɾɡa/	/ˈkaɾɡa/	[ˈkaɾɡa] 负载<名>
puto	/ˈputo/	/ˈputo/	[/ˈputo/] 该死的<形><noun>
presente	/pɾeˈsente/	/pɾeˈsente/	[pɾeˈsente] 现在<名>
uso	/ˈuso/	/ˈuso/	[ˈuso] 使用<名>
dedo	/ˈdedo/	/ˈdedo/	[ˈdedo] 手指<名>
oferta	/oˈfeɾta/	/oˈfeɾta/	[oˈfeɾta] 报价<名>
proteger	/pɾoteˈxeɾ/	/pɾoteˈxeɾ/	[pɾoteˈxeɾ] 保护<动>
recibir	/reθiˈbiɾ/	/reθiˈbiɾ/	[reθiˈbiɾ] 收到<动>
agradecer	/aɡɾadeˈθeɾ/	/aɡɾadeˈθeɾ/	[/aɡɾadeˈθeɾ/] 感谢<动><verb>
robar	/roˈbaɾ/	/roˈbaɾ/	[roˈbaɾ] 偷<动>
enamorado	/enamoˈɾado/	/enamoˈɾado/	[enamoˈɾado] 恋爱中<名>
oeste	/oˈeste/	/oˈeste/	[oˈeste] 西<名>
herida	/eˈɾida/	/eˈɾida/	[eˈɾida] 伤口<名>
despacio	/desˈpaθjo/	/desˈpaθjo/	[desˈpaθjo] 慢慢地<副>
directamente	/diˌɾeɡtaˈmente/	/diˌɾeɡtaˈmente/	[diˌɾeɡtaˈmente] 直接<副>
inmediato	/immeˈdjato/	/immeˈdjato/	[immeˈdjato] 立即的<形>
profesional	/pɾofesjoˈnal/	/pɾofesjoˈnal/	[pɾofesjoˈnal] 专业的<名>
oscuro	/osˈkuɾo/	/osˈkuɾo/	[osˈkuɾo] 黑暗<形>
mercado	/meɾˈkado/	/meɾˈkado/	[meɾˈkado] 市场<名>
cerdo	/ˈθeɾdo/	/ˈθeɾdo/	[ˈθeɾdo] 猪<名>
líder	/ˈlideɾ/	/ˈlideɾ/	[ˈlideɾ] 领导者<名>
grave	/ˈɡɾabe/	/ˈɡɾabe/	[ˈɡɾabe] 严重的<形>
jurado	/xuˈɾado/	/xuˈɾado/	[xuˈɾado] 陪审团<名>
acordar	/akoɾˈdaɾ/	/akoɾˈdaɾ/	[akoɾˈdaɾ] 同意<动>
ahi	/ˈai/	/ˈai/	那里<副>
desaparecido	/desapaɾeˈθido/	/desapaɾeˈθido/	[desapaɾeˈθido] 失踪<名>
últimamente	/ˌultimaˈmente/	/ˌultimaˈmente/	[ˌultimaˈmente] 最近<副>
piedra	/ˈpjedɾa/	/ˈpjedɾa/	[ˈpjedɾa] 石头<名>
charles	/ˈt͡ʃaɾls/	/ˈt͡ʃaɾls/	[ˈt͡ʃaɾls] 查尔斯<名>
paga	/ˈpaɡa/	/ˈpaɡa/	[ˈpaɡa] 付钱<名>
intención	/intenˈθjon/	/intenˈθjon/	[intenˈθjon] 意图<名>
humor	/uˈmoɾ/	/uˈmoɾ/	[uˈmoɾ] 幽默<名>
leo	/ˈleo/	/ˈleo/	[/ˈleo/] 我读（leer的第一人称单数现在式）<noun>
ángel	/ˈanxel/	/ˈanxel/	[ˈanxel] 天使<名>
conseguido	/konseˈɡido/	/konseˈɡido/	[konseˈɡido] 达到了<形>
peso	/ˈpeso/	/ˈpeso/	[ˈpeso] 重量<名>
asesinado	/asesiˈnado/	/asesiˈnado/	[asesiˈnado] 被谋杀<形>
directo	/diˈɾeɡto/	/diˈɾeɡto/	[diˈɾeɡto] 直接<名>
central	/θenˈtɾal/	/θenˈtɾal/	[θenˈtɾal] 中央<名>
contento	/konˈtento/	/konˈtento/	[konˈtento] 快乐<名>
oscuridad	/oskuɾiˈdad/	/oskuɾiˈdad/	[oskuɾiˈdad] 黑暗<名>
actuar	/aɡˈtwaɾ/	/aɡˈtwaɾ/	[aɡˈtwaɾ] 行动<动>
siga	/ˈsiɡa/	/ˈsiɡa/	[ˈsiɡa] 关注<叹>
comenzar	/komenˈθaɾ/	/komenˈθaɾ/	[komenˈθaɾ] 开始<动>
privado	/pɾiˈbado/	/pɾiˈbado/	[pɾiˈbado] 私人的<形>
mirada	/miˈɾada/	/miˈɾada/	[miˈɾada] 看看<名>
demonio	/deˈmonjo/	/deˈmonjo/	[deˈmonjo] 恶魔<名>
abierta	/aˈbjeɾta/	/aˈbjeɾta/	[aˈbjeɾta] 打开<名>
romper	/romˈpeɾ/	/romˈpeɾ/	[romˈpeɾ] 打破<动>
fiscal	/fisˈkal/	/fisˈkal/	[fisˈkal] 检察官<名>
jardín	/xaɾˈdin/	/xaɾˈdin/	[xaɾˈdin] 花园<名>
natural	/natuˈɾal/	/natuˈɾal/	[natuˈɾal] 自然的<名>
gratis	/ˈɡɾatis/	/ˈɡɾatis/	[ˈɡɾatis] 免费<形>
cuesta	/ˈkwesta/	/ˈkwesta/	[ˈkwesta] 成本<名>
amenaza	/ameˈnaθa/	/ameˈnaθa/	[ameˈnaθa] 威胁<名>
marca	/ˈmaɾka/	/ˈmaɾka/	[ˈmaɾka] 品牌<名>
medicina	/mediˈθina/	/mediˈθina/	[mediˈθina] 医学<名>
precioso	/pɾeˈθjoso/	/pɾeˈθjoso/	[pɾeˈθjoso] 美丽的<形>
sexual	/seɡˈswal/	/seɡˈswal/	[seɡˈswal] 性的<形>
acceso	/aɡˈθeso/	/aɡˈθeso/	[aɡˈθeso] 访问<名>
necesidad	/neθesiˈdad/	/neθesiˈdad/	[neθesiˈdad] 需要<名>
dueño	/ˈdweɲo/	/ˈdweɲo/	[ˈdweɲo] 业主<名>
merecer	/meɾeˈθeɾ/	/meɾeˈθeɾ/	[meɾeˈθeɾ] 应得的<动>
rayos	/ˈraʝos/	/ˈraʝos/	[ˈraʝos] 射线<叹>
mentir	/menˈtiɾ/	/menˈtiɾ/	[/menˈtiɾ/] 说谎；撒谎<verb>
imaginar	/imaxiˈnaɾ/	/imaxiˈnaɾ/	[imaxiˈnaɾ] 想象<动>
fantasma	/fanˈtasma/	/fanˈtasma/	[fanˈtasma] 鬼<名>
pollo	/ˈpoʝo/	/ˈpoʝo/	[ˈpoʝo] 鸡<名>
varios	/ˈbaɾjos/	/ˈbaɾjos/	[ˈbaɾjos] 各种<限定>
efecto	/eˈfeɡto/	/eˈfeɡto/	[eˈfeɡto] 效果<名>
felicidad	/feliθiˈdad/	/feliθiˈdad/	[feliθiˈdad] 幸福<名>
espada	/esˈpada/	/esˈpada/	[esˈpada] 剑<名>
resultado	/resulˈtado/	/resulˈtado/	[resulˈtado] 结果<名>
sombrero	/somˈbɾeɾo/	/somˈbɾeɾo/	[somˈbɾeɾo] 帽子<名>
menor	/meˈnoɾ/	/meˈnoɾ/	[meˈnoɾ] 未成年人<名>
to	/tˈo/	/tˈo/	[[ˈto] 到；向；对于<intj>
limpio	/ˈlimpjo/	/ˈlimpjo/	[ˈlimpjo] 干净<形>
china	/ˈt͡ʃina/	/ˈt͡ʃina/	[/ˈt͡ʃina/] 中国人（女）<名><noun>
correo	/koˈreo/	/koˈreo/	[koˈreo] 邮件<名>
video	/biˈdeo/	/biˈdeo/	[biˈdeo] 视频<名>
perfectamente	/peɾˌfeɡtaˈmente/	/peɾˌfeɡtaˈmente/	[peɾˌfeɡtaˈmente] 完美地<副>
teatro	/teˈatɾo/	/teˈatɾo/	[teˈatɾo] 剧院<名>
dormido	/doɾˈmido/	/doɾˈmido/	[doɾˈmido] 睡着了<形>
local	/loˈkal/	/loˈkal/	[loˈkal] 本地的<名>
lástima	/ˈlastima/	/ˈlastima/	[ˈlastima] 可惜<名>
responsabilidad	/responsabiliˈdad/	/responsabiliˈdad/	[responsabiliˈdad] 责任<名>
búsqueda	/ˈbuskeda/	/ˈbuskeda/	[ˈbuskeda] 搜索<名>
elegir	/eleˈxiɾ/	/eleˈxiɾ/	[eleˈxiɾ] 选择<动>
oler	/oˈleɾ/	/oˈleɾ/	[/oˈleɾ/] 闻；嗅；散发气味<verb>
almuerzo	/alˈmweɾθo/	/alˈmweɾθo/	[alˈmweɾθo] 午餐<名>
cien	/ˈθjen/	/ˈθjen/	[ˈθjen] 一百<数>
adn	/ˌa ˌde ˈene/	/ˌa ˌde ˈene/	[ˌa ˌde ˈene] 脱氧核糖核酸<名>
pago	/ˈpaɡo/	/ˈpaɡo/	[ˈpaɡo] 付款<名>
normalmente	/noɾˌmalˈmente/	/noɾˌmalˈmente/	[noɾˌmalˈmente] 通常<副>
pastel	/pasˈtel/	/pasˈtel/	[pasˈtel] 蛋糕<名>
bastardo	/basˈtaɾdo/	/basˈtaɾdo/	[basˈtaɾdo] 混蛋<名>
cinta	/ˈθinta/	/ˈθinta/	[ˈθinta] 胶带<名>
costa	/ˈkosta/	/ˈkosta/	[ˈkosta] 海岸<名>
levantar	/lebanˈtaɾ/	/lebanˈtaɾ/	[/lebanˈtaɾ/] 举起；抬起；升起<verb>
cerrado	/θeˈrado/	/θeˈrado/	[θeˈrado] 关闭<名>
interés	/inteˈɾes/	/inteˈɾes/	[inteˈɾes] 兴趣<名>
enfermero	/enfeɾˈmeɾo/	/enfeɾˈmeɾo/	[enfeɾˈmeɾo] 护士<名>
comienzo	/koˈmjenθo/	/koˈmjenθo/	[koˈmjenθo] 开始<名>
militar	/miliˈtaɾ/	/miliˈtaɾ/	[miliˈtaɾ] 军事<名>
polvo	/ˈpolbo/	/ˈpolbo/	[ˈpolbo] 灰尘<名>
bello	/ˈbeʝo/	/ˈbeʝo/	[ˈbeʝo] 美丽的<形>
quedo	/ˈkedo/	/ˈkedo/	[ˈkedo] 留下来<形>
voluntad	/bolunˈtad/	/bolunˈtad/	[/bolunˈtad/] 意志；意愿<noun>
vario	/ˈbaɾjo/	/ˈbaɾjo/	[ˈbaɾjo] 各种<形>
teoría	/teoˈɾia/	/teoˈɾia/	[teoˈɾia] 理论<名>
cuento	/ˈkwento/	/ˈkwento/	[ˈkwento] 故事<名>
escenario	/esθeˈnaɾjo/	/esθeˈnaɾjo/	[esθeˈnaɾjo] 舞台<名>
diario	/ˈdjaɾjo/	/ˈdjaɾjo/	[ˈdjaɾjo] 日记<名>
propiedad	/pɾopjeˈdad/	/pɾopjeˈdad/	[pɾopjeˈdad] 财产<名>
agujero	/aɡuˈxeɾo/	/aɡuˈxeɾo/	[aɡuˈxeɾo] 洞<名>
aspecto	/asˈpeɡto/	/asˈpeɡto/	[asˈpeɡto] 外观<名>
campamento	/kampaˈmento/	/kampaˈmento/	[kampaˈmento] 营地<名>
descansar	/deskanˈsaɾ/	/deskanˈsaɾ/	[deskanˈsaɾ] 休息<动>
metido	/meˈtido/	/meˈtido/	[/meˈtido/] 介入的；参与的；多管闲事的<adj>
impresionante	/impɾesjoˈnante/	/impɾesjoˈnante/	[impɾesjoˈnante] 太棒了<形>
proceso	/pɾoˈθeso/	/pɾoˈθeso/	[pɾoˈθeso] 过程<名>
mio	/ˈmjo/	/ˈmjo/	[ˈmjo] 我的<代>
fuente	/ˈfwente/	/ˈfwente/	[ˈfwente] 来源<名>
alcalde	/alˈkalde/	/alˈkalde/	[alˈkalde] 市长<名>
ocurrido	/okuˈrido/	/okuˈrido/	[okuˈrido] 发生<形>
carretero	/kareˈteɾo/	/kareˈteɾo/	[/kareˈteɾo/] 车夫；赶车人<noun>
desaparecer	/desapaɾeˈθeɾ/	/desapaɾeˈθeɾ/	[desapaɾeˈθeɾ] 消失<动>
desayuno	/desaˈʝuno/	/desaˈʝuno/	[desaˈʝuno] 早餐<名>
débil	/ˈdebil/	/ˈdebil/	[ˈdebil] 弱<形>
romo	/ˈromo/	/ˈromo/	[ˈromo] 钝的<名>
sabido	/saˈbido/	/saˈbido/	[saˈbido] 已知的<形>
tambien	/tambˈien/	/tambˈien/	也<副>
miembro	/ˈmjembɾo/	/ˈmjembɾo/	[ˈmjembɾo] 会员<名>
mata	/ˈmata/	/ˈmata/	[ˈmata] 杀<名>
sr	/seˈɲoɾ/	/seˈɲoɾ/	先生<名>
valiente	/baˈljente/	/baˈljente/	[baˈljente] 勇敢的<形>
pecho	/ˈpet͡ʃo/	/ˈpet͡ʃo/	[ˈpet͡ʃo] 胸部<名>
periódico	/peˈɾjodiko/	/peˈɾjodiko/	[peˈɾjodiko] 报纸<名>
mami	/ˈmami/	/ˈmami/	[ˈmami] 妈妈<名>
tv	/teˈbe/	/teˈbe/	[teˈbe] 电视<名>
limpiar	/limˈpjaɾ/	/limˈpjaɾ/	[/limˈpjaɾ/] 打扫；清洗；清洁<verb>
explicar	/eɡspliˈkaɾ/	/eɡspliˈkaɾ/	[eɡspliˈkaɾ] 解释一下<动>
robado	/roˈbado/	/roˈbado/	[roˈbado] 被盗<形>
resolver	/resolˈbeɾ/	/resolˈbeɾ/	[resolˈbeɾ] 解决<动>
guapo	/ˈɡwapo/	/ˈɡwapo/	[ˈɡwapo] 帅哥<名>
continuar	/kontiˈnwaɾ/	/kontiˈnwaɾ/	[kontiˈnwaɾ] 继续<动>
sheriff	/ˈʃeɾif/	/ˈʃeɾif/	[ˈʃeɾif] 警长<名>
extra	/ˈeɡstɾa/	/ˈeɡstɾa/	[ˈeɡstɾa] 额外的<名>
primo	/ˈpɾimo/	/ˈpɾimo/	[ˈpɾimo] 表弟<名>
manejar	/maneˈxaɾ/	/maneˈxaɾ/	[maneˈxaɾ] 开车<动>
acto	/ˈaɡto/	/ˈaɡto/	[ˈaɡto] 行动<名>
kilómetro	/kiˈlometɾo/	/kiˈlometɾo/	[kiˈlometɾo] 公里<名>
premio	/ˈpɾemjo/	/ˈpɾemjo/	[ˈpɾemjo] 奖品<名>
internet	/inteɾˈnet/	/inteɾˈnet/	[inteɾˈnet] 互联网<名>
inútil	/iˈnutil/	/iˈnutil/	[iˈnutil] 无用的<名>
domingo	/doˈminɡo/	/doˈminɡo/	[doˈminɡo] 星期日<名>
sensación	/sensaˈθjon/	/sensaˈθjon/	[sensaˈθjon] 感觉<名>
alcohol	/alˈkol/	/alˈkol/	[alˈkol] 酒精<名>
tercera	/teɾˈθeɾa/	/teɾˈθeɾa/	[teɾˈθeɾa] 第三<名>
antiguo	/anˈtiɡwo/	/anˈtiɡwo/	[anˈtiɡwo] 老<形>
asustado	/asusˈtado/	/asusˈtado/	[asusˈtado] 害怕<形>
sexy	/ˈseɡsi/	/ˈseɡsi/	[ˈseɡsi] 性感的<形>
genio	/ˈxenjo/	/ˈxenjo/	[ˈxenjo] 天才<名>
recuperar	/rekupeˈɾaɾ/	/rekupeˈɾaɾ/	[rekupeˈɾaɾ] 恢复<动>
lengua	/ˈlenɡwa/	/ˈlenɡwa/	[ˈlenɡwa] 语言<名>
ladrón	/laˈdɾon/	/laˈdɾon/	[laˈdɾon] 小偷<名>
examen	/eɡˈsamen/	/eɡˈsamen/	[eɡˈsamen] 考试<名>
deprisa	/deˈpɾisa/	/deˈpɾisa/	[deˈpɾisa] 快点<副>
montaña	/monˈtaɲa/	/monˈtaɲa/	[monˈtaɲa] 山<名>
disparar	/dispaˈɾaɾ/	/dispaˈɾaɾ/	[dispaˈɾaɾ] 射击<动>
entrenador	/entɾenaˈdoɾ/	/entɾenaˈdoɾ/	[entɾenaˈdoɾ] 教练<名>
queso	/ˈkeso/	/ˈkeso/	[ˈkeso] 奶酪<名>
entero	/enˈteɾo/	/enˈteɾo/	[enˈteɾo] 整体<名>
modelo	/moˈdelo/	/moˈdelo/	[moˈdelo] 型号<名>
fútbol	/ˈfudbol/	/ˈfudbol/	[ˈfudbol] 足球<名>
detener	/deteˈneɾ/	/deteˈneɾ/	[deteˈneɾ] 停止<动>
sábado	/ˈsabado/	/ˈsabado/	[ˈsabado] 星期六<名>
pongo	/ˈponɡo/	/ˈponɡo/	[ˈponɡo] 我把<名>
talento	/taˈlento/	/taˈlento/	[/taˈlento/] 才能；天才<名><noun>
descubrir	/deskuˈbɾiɾ/	/deskuˈbɾiɾ/	[deskuˈbɾiɾ] 发现<动>
gordo	/ˈɡoɾdo/	/ˈɡoɾdo/	[/ˈɡoɾdo/] 胖的；肥胖的；胖子<noun>
tribunal	/tɾibuˈnal/	/tɾibuˈnal/	[tɾibuˈnal] 法庭<名>
toque	/ˈtoke/	/ˈtoke/	[ˈtoke] 触摸<名>
wow	/ˈwau/	/ˈwau/	[ˈwau] 哇<叹>
dispuesto	/disˈpwesto/	/disˈpwesto/	[disˈpwesto] 愿意<形>
tamaño	/taˈmaɲo/	/taˈmaɲo/	[taˈmaɲo] 尺寸<名>
invitado	/imbiˈtado/	/imbiˈtado/	[imbiˈtado] 客人<名>
declaración	/deklaɾaˈθjon/	/deklaɾaˈθjon/	[deklaɾaˈθjon] 声明<名>
claramente	/ˌklaɾaˈmente/	/ˌklaɾaˈmente/	[ˌklaɾaˈmente] 清楚地<副>
pérdida	/ˈpeɾdida/	/ˈpeɾdida/	[ˈpeɾdida] 损失<名>
profundo	/pɾoˈfundo/	/pɾoˈfundo/	[pɾoˈfundo] 深<形>
gas	/ˈɡas/	/ˈɡas/	[ˈɡas] 气体<名>
aeropuerto	/ˌaeɾoˈpweɾto/	/ˌaeɾoˈpweɾto/	[ˌaeɾoˈpweɾto] 机场<名>
gloria	/ˈɡloɾja/	/ˈɡloɾja/	[ˈɡloɾja] 荣耀<名>
fué	/fuˈe/	/fuˈe/	[[ˈfwe] 是；去了（ser/ir的过去时第三人称单数）<verb>
pete	/ˈpete/	/ˈpete/	[ˈpete] 皮特<名>
instituto	/instiˈtuto/	/instiˈtuto/	[instiˈtuto] 研究所<名>
disparo	/disˈpaɾo/	/disˈpaɾo/	[disˈpaɾo] 射击<名>
dia	/dˈia/	/dˈia/	日<名>
enviado	/emˈbjado/	/emˈbjado/	[emˈbjado] 已发送<名>
pertenecer	/peɾteneˈθeɾ/	/peɾteneˈθeɾ/	[peɾteneˈθeɾ] 属于<动>
cadáver	/kaˈdabeɾ/	/kaˈdabeɾ/	[kaˈdabeɾ] 尸体<名>
gracia	/ˈɡɾaθja/	/ˈɡɾaθja/	[ˈɡɾaθja] 恩典<名>
amante	/aˈmante/	/aˈmante/	[aˈmante] 情人<名>
temporada	/tempoˈɾada/	/tempoˈɾada/	[tempoˈɾada] 季节<名>
francés	/fɾanˈθes/	/fɾanˈθes/	[fɾanˈθes] 法语<名>
techo	/ˈtet͡ʃo/	/ˈtet͡ʃo/	[ˈtet͡ʃo] 屋顶<名>
protección	/pɾoteɡˈθjon/	/pɾoteɡˈθjon/	[pɾoteɡˈθjon] 保护<名>
lisa	/ˈlisa/	/ˈlisa/	[ˈlisa] 光滑<名>
venganza	/benˈɡanθa/	/benˈɡanθa/	[benˈɡanθa] 复仇<名>
discutir	/diskuˈtiɾ/	/diskuˈtiɾ/	[diskuˈtiɾ] 讨论<动>
comprender	/kompɾenˈdeɾ/	/kompɾenˈdeɾ/	[kompɾenˈdeɾ] 明白<动>
camisa	/kaˈmisa/	/kaˈmisa/	[kaˈmisa] 衬衫<名>
superior	/supeˈɾjoɾ/	/supeˈɾjoɾ/	[supeˈɾjoɾ] 顶部<名>
criminal	/kɾimiˈnal/	/kɾimiˈnal/	[kɾimiˈnal] 罪犯<名>
bote	/ˈbote/	/ˈbote/	[ˈbote] 船<名>
recoger	/rekoˈxeɾ/	/rekoˈxeɾ/	[rekoˈxeɾ] 收集<动>
truco	/ˈtɾuko/	/ˈtɾuko/	[ˈtɾuko] 伎俩<名>
original	/oɾixiˈnal/	/oɾixiˈnal/	[oɾixiˈnal] 原创<形>
rosa	/ˈrosa/	/ˈrosa/	[ˈrosa] 粉红色<名>
mama	/ˈmama/	/ˈmama/	[ˈmama] 妈妈<名>
sobrevivir	/sobɾebiˈbiɾ/	/sobɾebiˈbiɾ/	[sobɾebiˈbiɾ] 生存<动>
rostro	/ˈrostɾo/	/ˈrostɾo/	[ˈrostɾo] 脸<名>
crédito	/ˈkɾedito/	/ˈkɾedito/	[ˈkɾedito] 信用<名>
compartir	/kompaɾˈtiɾ/	/kompaɾˈtiɾ/	[kompaɾˈtiɾ] 分享<动>
saca	/ˈsaka/	/ˈsaka/	[/ˈsaka/] 袋，包<名><noun>
registro	/reˈxistɾo/	/reˈxistɾo/	[reˈxistɾo] 登记<名>
grandioso	/ɡɾanˈdjoso/	/ɡɾanˈdjoso/	[ɡɾanˈdjoso] 太棒了<形>
esquina	/esˈkina/	/esˈkina/	[esˈkina] 角落<名>
contado	/konˈtado/	/konˈtado/	[konˈtado] 数过的<形>
ciento	/ˈθjento/	/ˈθjento/	[/ˈθjento/] 百<数><noun>
tormenta	/toɾˈmenta/	/toɾˈmenta/	[toɾˈmenta] 风暴<名>
relajar	/relaˈxaɾ/	/relaˈxaɾ/	[relaˈxaɾ] 放松<动>
chocolate	/t͡ʃokoˈlate/	/t͡ʃokoˈlate/	[t͡ʃokoˈlate] 巧克力<名>
pedo	/ˈpedo/	/ˈpedo/	[ˈpedo] 放屁<名>
tomo	/ˈtomo/	/ˈtomo/	[ˈtomo] 卷；册<名>
olor	/oˈloɾ/	/oˈloɾ/	[oˈloɾ] 气味<名>
ciencia	/ˈθjenθja/	/ˈθjenθja/	[ˈθjenθja] 科学<名>
conexión	/koneɡˈsjon/	/koneɡˈsjon/	[koneɡˈsjon] 连接<名>
salón	/saˈlon/	/saˈlon/	[saˈlon] 客厅<名>
sucio	/ˈsuθjo/	/ˈsuθjo/	[ˈsuθjo] 肮脏的<形>
firma	/ˈfiɾma/	/ˈfiɾma/	[ˈfiɾma] 签名<名>
casar	/kaˈsaɾ/	/kaˈsaɾ/	[/kaˈsaɾ/] 嫁娶；为…主持婚礼<动><verb>
bebida	/beˈbida/	/beˈbida/	[/beˈbida/] 饮料；饮品<noun>
tercer	/teɾˈθeɾ/	/teɾˈθeɾ/	[teɾˈθeɾ] 第三<形>
lluvia	/ˈʝubja/	/ˈʝubja/	[ˈʝubja] 雨<名>
recién	/reˈθjen/	/reˈθjen/	[reˈθjen] 新<副>
complicado	/kompliˈkado/	/kompliˈkado/	[kompliˈkado] 复杂的<形>
visión	/biˈsjon/	/biˈsjon/	[biˈsjon] 愿景<名>
americano	/ameɾiˈkano/	/ameɾiˈkano/	[ameɾiˈkano] 美国的<名>
diversión	/dibeɾˈsjon/	/dibeɾˈsjon/	[dibeɾˈsjon] 有趣<名>
libra	/ˈlibɾa/	/ˈlibɾa/	[ˈlibɾa] 英镑<名>
curso	/ˈkuɾso/	/ˈkuɾso/	[ˈkuɾso] 课程<名>
disco	/ˈdisko/	/ˈdisko/	[ˈdisko] 磁盘<名>
probable	/pɾoˈbable/	/pɾoˈbable/	[pɾoˈbable] 可能的<形>
tenia	/ˈtenja/	/ˈtenja/	[ˈtenja] 有<名>
lago	/ˈlaɡo/	/ˈlaɡo/	[ˈlaɡo] 湖<名>
leído	/leˈido/	/leˈido/	[leˈido] 读<形>
parecido	/paɾeˈθido/	/paɾeˈθido/	[paɾeˈθido] 类似的<名>
material	/mateˈɾjal/	/mateˈɾjal/	[mateˈɾjal] 材料<名>
discurso	/disˈkuɾso/	/disˈkuɾso/	[disˈkuɾso] 演讲<名>
corta	/ˈkoɾta/	/ˈkoɾta/	[ˈkoɾta] 短<名>
lunes	/ˈlunes/	/ˈlunes/	[ˈlunes] 星期一<名>
efectivo	/efeɡˈtibo/	/efeɡˈtibo/	[efeɡˈtibo] 现金<名>
cura	/ˈkuɾa/	/ˈkuɾa/	[ˈkuɾa] 治愈<名>
cáncer	/ˈkanθeɾ/	/ˈkanθeɾ/	[ˈkanθeɾ] 癌症<名>
funeral	/funeˈɾal/	/funeˈɾal/	[funeˈɾal] 葬礼<名>
jodido	/xoˈdido/	/xoˈdido/	[xoˈdido] 性交<形>
artista	/aɾˈtista/	/aɾˈtista/	[aɾˈtista] 艺术家<名>
favorito	/faboˈɾito/	/faboˈɾito/	[faboˈɾito] 最喜欢的<名>
cae	/ˈkae/	/ˈkae/	[[ˈka.e] 落下；跌倒（caer的第三人称单数）<noun>
entrevista	/entɾeˈbista/	/entɾeˈbista/	[entɾeˈbista] 采访<名>
pintura	/pinˈtuɾa/	/pinˈtuɾa/	[pinˈtuɾa] 绘画<名>
quieto	/ˈkjeto/	/ˈkjeto/	[/ˈkjeto/] 静止的；不动的<adj>
falso	/ˈfalso/	/ˈfalso/	[ˈfalso] 假的<形>
indio	/ˈindjo/	/ˈindjo/	[ˈindjo] 印度人<名>
corto	/ˈkoɾto/	/ˈkoɾto/	[ˈkoɾto] 短<名>
inteligencia	/inteliˈxenθja/	/inteliˈxenθja/	[inteliˈxenθja] 智力<名>
destruir	/desˈtɾwiɾ/	/desˈtɾwiɾ/	[desˈtɾwiɾ] 摧毁<动>
helado	/eˈlado/	/eˈlado/	[eˈlado] 冰淇淋<名>
felicidades	/feliθiˈdades/	/feliθiˈdades/	[feliθiˈdades] 恭喜<叹>
camioneta	/kamjoˈneta/	/kamjoˈneta/	[kamjoˈneta] 货车<名>
mover	/moˈbeɾ/	/moˈbeɾ/	[moˈbeɾ] 移动<动>
aparte	/aˈpaɾte/	/aˈpaɾte/	[aˈpaɾte] 分开<形>
rock	/ˈrok/	/ˈrok/	[ˈrok] 摇滚<名>
tumba	/ˈtumba/	/ˈtumba/	[ˈtumba] 坟墓<名>
mapa	/ˈmapa/	/ˈmapa/	[ˈmapa] 地图<名>
tarea	/taˈɾea/	/taˈɾea/	[taˈɾea] 任务<名>
móvil	/ˈmobil/	/ˈmobil/	[ˈmobil] 移动<名>
responder	/responˈdeɾ/	/responˈdeɾ/	[responˈdeɾ] 回复<动>
vacío	/baˈθio/	/baˈθio/	[baˈθio] 空的<名>
felicitación	/feliθitaˈθjon/	/feliθitaˈθjon/	[feliθitaˈθjon] 祝贺<名>
computadora	/komputaˈdoɾa/	/komputaˈdoɾa/	[komputaˈdoɾa] 电脑<名>
estudiante	/estuˈdjante/	/estuˈdjante/	[estuˈdjante] 学生<名>
construir	/konsˈtɾwiɾ/	/konsˈtɾwiɾ/	[konsˈtɾwiɾ] 建造<动>
clara	/ˈklaɾa/	/ˈklaɾa/	[ˈklaɾa] 清晰<名>
solución	/soluˈθjon/	/soluˈθjon/	[soluˈθjon] 解决方案<名>
mundial	/munˈdjal/	/munˈdjal/	[munˈdjal] 世界<名>
plato	/ˈplato/	/ˈplato/	[ˈplato] 盘子<名>
famoso	/faˈmoso/	/faˈmoso/	[faˈmoso] 著名的<名>
des	/ˈdes/	/ˈdes/	[/ˈdes/] （前缀）表示否定、分离、去除<prep>
tecnología	/texnoloˈxia/	/texnoloˈxia/	技术<名>
notas	/ˈnotas/	/ˈnotas/	[ˈnotas] 笔记<名>
cabrón	/kaˈbɾon/	/kaˈbɾon/	[kaˈbɾon] 混蛋<名>
condición	/kondiˈθjon/	/kondiˈθjon/	[kondiˈθjon] 条件<名>
dudar	/duˈdaɾ/	/duˈdaɾ/	[duˈdaɾ] 怀疑<动>
rápidamente	/ˌrapidaˈmente/	/ˌrapidaˈmente/	[ˌrapidaˈmente] 快点<副>
bordo	/ˈboɾdo/	/ˈboɾdo/	[/ˈboɾdo/] 边缘；船舷<noun>
nieve	/ˈnjebe/	/ˈnjebe/	[ˈnjebe] 雪<名>
fecha	/ˈfet͡ʃa/	/ˈfet͡ʃa/	[ˈfet͡ʃa] 日期<名>
violencia	/bjoˈlenθja/	/bjoˈlenθja/	[bjoˈlenθja] 暴力<名>
sujeto	/suˈxeto/	/suˈxeto/	[suˈxeto] 主题<名>
fría	/ˈfɾia/	/ˈfɾia/	[ˈfɾia] 冷<名>
siglo	/ˈsiɡlo/	/ˈsiɡlo/	[ˈsiɡlo] 世纪<名>
cortar	/koɾˈtaɾ/	/koɾˈtaɾ/	[koɾˈtaɾ] 切<动>
fortuna	/foɾˈtuna/	/foɾˈtuna/	[foɾˈtuna] 财富<名>
archivo	/aɾˈt͡ʃibo/	/aɾˈt͡ʃibo/	[aɾˈt͡ʃibo] 文件<名>
presencia	/pɾeˈsenθja/	/pɾeˈsenθja/	[pɾeˈsenθja] 存在<名>
ey	/ˈei/	/ˈei/	[ˈei] 嘿<叹>
aventura	/abenˈtuɾa/	/abenˈtuɾa/	[abenˈtuɾa] 冒险<名>
gira	/ˈxiɾa/	/ˈxiɾa/	[ˈxiɾa] 游览<名>
social	/soˈθjal/	/soˈθjal/	[soˈθjal] 社会的<形>
comunidad	/komuniˈdad/	/komuniˈdad/	[komuniˈdad] 社区<名>
cero	/ˈθeɾo/	/ˈθeɾo/	[ˈθeɾo] 零<名>
ocupada	/okuˈpada/	/okuˈpada/	[okuˈpada] 忙<形>
convertido	/kombeɾˈtido/	/kombeɾˈtido/	[kombeɾˈtido] 转换的<形>
pieza	/ˈpjeθa/	/ˈpjeθa/	[ˈpjeθa] 一块<名>
estómago	/esˈtomaɡo/	/esˈtomaɡo/	[esˈtomaɡo] 胃<名>
legal	/leˈɡal/	/leˈɡal/	[leˈɡal] 合法的<形>
californio	/kaliˈfoɾnjo/	/kaliˈfoɾnjo/	[/kaliˈfoɾnjo/] 锎（化学元素）<noun>
rara	/ˈraɾa/	/ˈraɾa/	[ˈraɾa] 罕见的<名>
reino	/ˈreino/	/ˈreino/	[ˈreino] 王国<名>
alegría	/aleˈɡɾia/	/aleˈɡɾia/	[aleˈɡɾia] 喜悦<名>
barrio	/ˈbarjo/	/ˈbarjo/	[ˈbarjo] 邻里<名>
granja	/ˈɡɾanxa/	/ˈɡɾanxa/	[ˈɡɾanxa] 农场<名>
esfuerzo	/esˈfweɾθo/	/esˈfweɾθo/	[esˈfweɾθo] 努力<名>
tesoro	/teˈsoɾo/	/teˈsoɾo/	[teˈsoɾo] 宝藏<名>
empleo	/emˈpleo/	/emˈpleo/	[emˈpleo] 就业<名>
cirugía	/θiɾuˈxia/	/θiɾuˈxia/	[θiɾuˈxia] 手术<名>
clave	/ˈklabe/	/ˈklabe/	[ˈklabe] 钥匙<名>
aparentemente	/apaˌɾenteˈmente/	/apaˌɾenteˈmente/	[apaˌɾenteˈmente] 显然<副>
bravo	/ˈbɾabo/	/ˈbɾabo/	[ˈbɾabo] 布拉沃<形>
controlar	/kontɾoˈlaɾ/	/kontɾoˈlaɾ/	[kontɾoˈlaɾ] 控制<动>
mostrar	/mosˈtɾaɾ/	/mosˈtɾaɾ/	[mosˈtɾaɾ] 显示<动>
piloto	/piˈloto/	/piˈloto/	[piˈloto] 飞行员<名>
bolso	/ˈbolso/	/ˈbolso/	[ˈbolso] 包<名>
respirar	/respiˈɾaɾ/	/respiˈɾaɾ/	[respiˈɾaɾ] 呼吸<动>
aparecer	/apaɾeˈθeɾ/	/apaɾeˈθeɾ/	[apaɾeˈθeɾ] 出现<动>
campaña	/kamˈpaɲa/	/kamˈpaɲa/	[kamˈpaɲa] 活动<名>
amistad	/amisˈtad/	/amisˈtad/	[amisˈtad] 友谊<名>
corriente	/koˈrjente/	/koˈrjente/	[koˈrjente] 当前<名>
hueso	/ˈw̝eso/	/ˈw̝eso/	[ˈw̝eso] 骨头<名>
planta	/ˈplanta/	/ˈplanta/	[ˈplanta] 植物<名>
ritmo	/ˈridmo/	/ˈridmo/	[ˈridmo] 节奏<名>
socio	/ˈsoθjo/	/ˈsoθjo/	[ˈsoθjo] 合伙人<名>
caído	/kaˈido/	/kaˈido/	[kaˈido] 堕落<形>
motor	/moˈtoɾ/	/moˈtoɾ/	[moˈtoɾ] 发动机<名>
mono	/ˈmono/	/ˈmono/	[ˈmono] 猴子<名>
página	/ˈpaxina/	/ˈpaxina/	[ˈpaxina] 页面<名>
ruego	/ˈrweɡo/	/ˈrweɡo/	[ˈrweɡo] 我恳求<名>
aburrido	/abuˈrido/	/abuˈrido/	[abuˈrido] 无聊的<形>
paquete	/paˈkete/	/paˈkete/	[paˈkete] 包<名>
combate	/komˈbate/	/komˈbate/	[komˈbate] 战斗<名>
útil	/ˈutil/	/ˈutil/	[ˈutil] 有用的<形>
castillo	/kasˈtiʝo/	/kasˈtiʝo/	[kasˈtiʝo] 城堡<名>
bola	/ˈbola/	/ˈbola/	[ˈbola] 球<名>
asistente	/asisˈtente/	/asisˈtente/	[asisˈtente] 助理<名>
comido	/koˈmido/	/koˈmido/	[koˈmido] 吃过<形>
tirar	/tiˈɾaɾ/	/tiˈɾaɾ/	[tiˈɾaɾ] 扔<动>
honesto	/oˈnesto/	/oˈnesto/	[oˈnesto] 诚实的<形>
carro	/ˈkaro/	/ˈkaro/	[ˈkaro] 汽车<名>
limpia	/ˈlimpja/	/ˈlimpja/	[ˈlimpja] 干净<名>
venta	/ˈbenta/	/ˈbenta/	[ˈbenta] 销售<名>
huir	/ˈw̝iɾ/	/ˈw̝iɾ/	[ˈw̝iɾ] 逃跑<动>
compromiso	/kompɾoˈmiso/	/kompɾoˈmiso/	[kompɾoˈmiso] 承诺<名>
asegurar	/aseɡuˈɾaɾ/	/aseɡuˈɾaɾ/	[aseɡuˈɾaɾ] 确保<动>
ira	/ˈiɾa/	/ˈiɾa/	[ˈiɾa] 愤怒<名>
promesa	/pɾoˈmesa/	/pɾoˈmesa/	[pɾoˈmesa] 承诺<名>
compra	/ˈkompɾa/	/ˈkompɾa/	[ˈkompɾa] 购买<名>
importancia	/impoɾˈtanθja/	/impoɾˈtanθja/	[impoɾˈtanθja] 重要性<名>
lección	/leɡˈθjon/	/leɡˈθjon/	[leɡˈθjon] 教训<名>
personalmente	/peɾˌsonalˈmente/	/peɾˌsonalˈmente/	[peɾˌsonalˈmente] 个人而言<副>
bolsillo	/bolˈsiʝo/	/bolˈsiʝo/	[bolˈsiʝo] 口袋<名>
enojado	/enoˈxado/	/enoˈxado/	[enoˈxado] 生气<形>
desgracia	/desˈɡɾaθja/	/desˈɡɾaθja/	[desˈɡɾaθja] 不幸<名>
artículo	/aɾˈtikulo/	/aɾˈtikulo/	[aɾˈtikulo] 文章<名>
labio	/ˈlabjo/	/ˈlabjo/	[ˈlabjo] 嘴唇<名>
cola	/ˈkola/	/ˈkola/	[ˈkola] 尾巴<名>
whisky	/ˈw̝iski/	/ˈw̝iski/	[ˈw̝iski] 威士忌<名>
taza	/ˈtaθa/	/ˈtaθa/	[ˈtaθa] 杯子<名>
despues	/despˈues/	/despˈues/	之后<副>
pelota	/peˈlota/	/peˈlota/	[peˈlota] 球<名>
andar	/anˈdaɾ/	/anˈdaɾ/	[anˈdaɾ] 步行<名>
chaqueta	/t͡ʃaˈketa/	/t͡ʃaˈketa/	[t͡ʃaˈketa] 夹克<名>
interesado	/inteɾeˈsado/	/inteɾeˈsado/	[inteɾeˈsado] 有兴趣<形>
atrapado	/atɾaˈpado/	/atɾaˈpado/	[atɾaˈpado] 被困<形>
obvio	/ˈobbjo/	/ˈobbjo/	[ˈobbjo] 明显的<形>
amar	/aˈmaɾ/	/aˈmaɾ/	[aˈmaɾ] 爱<动>
entrenamiento	/entɾenaˈmjento/	/entɾenaˈmjento/	[entɾenaˈmjento] 培训<名>
pescado	/pesˈkado/	/pesˈkado/	[pesˈkado] 鱼<名>
abrigo	/aˈbɾiɡo/	/aˈbɾiɡo/	[aˈbɾiɡo] 外套<名>
okay	/oˈkei/	/oˈkei/	[oˈkei] 好的<叹>
estudiar	/estuˈdjaɾ/	/estuˈdjaɾ/	[estuˈdjaɾ] 学习<动>
sonrisa	/sonˈrisa/	/sonˈrisa/	[sonˈrisa] 微笑<名>
cobarde	/koˈbaɾde/	/koˈbaɾde/	[koˈbaɾde] 胆小鬼<名>
secundaria	/sekunˈdaɾja/	/sekunˈdaɾja/	[sekunˈdaɾja] 中学<名>
descubierto	/deskuˈbjeɾto/	/deskuˈbjeɾto/	[deskuˈbjeɾto] 发现了<形>
convertir	/kombeɾˈtiɾ/	/kombeɾˈtiɾ/	[kombeɾˈtiɾ] 转换<动>
charla	/ˈt͡ʃaɾla/	/ˈt͡ʃaɾla/	[ˈt͡ʃaɾla] 谈话<名>
bruja	/ˈbɾuxa/	/ˈbɾuxa/	[ˈbɾuxa] 女巫<名>
celular	/θeluˈlaɾ/	/θeluˈlaɾ/	[θeluˈlaɾ] 手机<名>
veinte	/ˈbeinte/	/ˈbeinte/	[ˈbeinte] 二十<数>
encargo	/enˈkaɾɡo/	/enˈkaɾɡo/	[enˈkaɾɡo] 佣金<名>
palacio	/paˈlaθjo/	/paˈlaθjo/	[paˈlaθjo] 宫殿<名>
ja	/ˈxa/	/ˈxa/	[ˈxa] 哈<叹>
firme	/ˈfiɾme/	/ˈfiɾme/	[ˈfiɾme] 坚定<形>
sorprender	/soɾpɾenˈdeɾ/	/soɾpɾenˈdeɾ/	[soɾpɾenˈdeɾ] 惊喜<动>
alemán	/aleˈman/	/aleˈman/	[aleˈman] 德语<名>
milagro	/miˈlaɡɾo/	/miˈlaɡɾo/	[miˈlaɡɾo] 奇迹<名>
soportar	/sopoɾˈtaɾ/	/sopoɾˈtaɾ/	[sopoɾˈtaɾ] 忍受；承受<动>
disculpar	/diskulˈpaɾ/	/diskulˈpaɾ/	[/diskulˈpaɾ/] 原谅；道歉<verb>
moda	/ˈmoda/	/ˈmoda/	[ˈmoda] 时尚<名>
despacho	/desˈpat͡ʃo/	/desˈpat͡ʃo/	[desˈpat͡ʃo] 办公室<名>
vecino	/beˈθino/	/beˈθino/	[beˈθino] 邻居<名>
vaso	/ˈbaso/	/ˈbaso/	[/ˈbaso/] 杯子；玻璃杯<noun>
explosión	/eɡsploˈsjon/	/eɡsploˈsjon/	[eɡsploˈsjon] 爆炸<名>
copia	/ˈkopja/	/ˈkopja/	[ˈkopja] 复制<名>
viajar	/bjaˈxaɾ/	/bjaˈxaɾ/	[bjaˈxaɾ] 旅行<动>
cadena	/kaˈdena/	/kaˈdena/	[kaˈdena] 链条<名>
fábrica	/ˈfabɾika/	/ˈfabɾika/	[ˈfabɾika] 工厂<名>
meter	/meˈteɾ/	/meˈteɾ/	[meˈteɾ] 把<动>
educación	/edukaˈθjon/	/edukaˈθjon/	[edukaˈθjon] 教育<名>
fumar	/fuˈmaɾ/	/fuˈmaɾ/	[fuˈmaɾ] 抽烟<动>
encantador	/enkantaˈdoɾ/	/enkantaˈdoɾ/	[enkantaˈdoɾ] 可爱的<名>
homicidio	/omiˈθidjo/	/omiˈθidjo/	[omiˈθidjo] 凶杀案<名>
madera	/maˈdeɾa/	/maˈdeɾa/	[maˈdeɾa] 木头<名>
grado	/ˈɡɾado/	/ˈɡɾado/	[ˈɡɾado] 学位<名>
tratamiento	/tɾataˈmjento/	/tɾataˈmjento/	[tɾataˈmjento] 治疗<名>
lord	/ˈloɾd/	/ˈloɾd/	[ˈloɾd] 主<名>
anterior	/anteˈɾjoɾ/	/anteˈɾjoɾ/	[anteˈɾjoɾ] 上一个<形>
comisario	/komiˈsaɾjo/	/komiˈsaɾjo/	[komiˈsaɾjo] 专员<名>
pizza	/ˈpitsa/	/ˈpitsa/	[ˈpitsa] 披萨<名>
milla	/ˈmiʝa/	/ˈmiʝa/	[ˈmiʝa] 英里<名>
tira	/ˈtiɾa/	/ˈtiɾa/	[ˈtiɾa] 条带<名>
cumplir	/kumˈpliɾ/	/kumˈpliɾ/	[kumˈpliɾ] 履行<动>
plata	/ˈplata/	/ˈplata/	[ˈplata] 银<名>
alejar	/aleˈxaɾ/	/aleˈxaɾ/	[/aleˈxaɾ/] 使远离；使疏远<verb>
decidir	/deθiˈdiɾ/	/deθiˈdiɾ/	[deθiˈdiɾ] 决定<动>
lío	/ˈlio/	/ˈlio/	[ˈlio] 混乱<名>
agencia	/aˈxenθja/	/aˈxenθja/	[aˈxenθja] 代理机构<名>
humanidad	/umaniˈdad/	/umaniˈdad/	[umaniˈdad] 人性<名>
usado	/uˈsado/	/uˈsado/	[uˈsado] 使用过的<形>
parada	/paˈɾada/	/paˈɾada/	[paˈɾada] 停止<名>
odiar	/oˈdjaɾ/	/oˈdjaɾ/	[oˈdjaɾ] 讨厌<动>
mir	/ˈmiɾ/	/ˈmiɾ/	[/ˈmiɾ/] 看；注视<noun>
escalera	/eskaˈleɾa/	/eskaˈleɾa/	[eskaˈleɾa] 梯子<名>
salvaje	/salˈbaxe/	/salˈbaxe/	[salˈbaxe] 野生的<名>
ambulancia	/ambuˈlanθja/	/ambuˈlanθja/	[ambuˈlanθja] 救护车<名>
traducción	/tɾaduɡˈθjon/	/tɾaduɡˈθjon/	[tɾaduɡˈθjon] 翻译<名>
básicamente	/ˌbasikaˈmente/	/ˌbasikaˈmente/	[ˌbasikaˈmente] 基本上<副>
tratado	/tɾaˈtado/	/tɾaˈtado/	[tɾaˈtado] 条约<名>
parado	/paˈɾado/	/paˈɾado/	[paˈɾado] 停止了<名>
mentiroso	/mentiˈɾoso/	/mentiˈɾoso/	[mentiˈɾoso] 骗子<名>
conocimiento	/konoθiˈmjento/	/konoθiˈmjento/	[konoθiˈmjento] 知识<名>
armario	/aɾˈmaɾjo/	/aɾˈmaɾjo/	[aɾˈmaɾjo] 壁橱<名>
lobo	/ˈlobo/	/ˈlobo/	[ˈlobo] 狼<名>
ciertamente	/ˌθjeɾtaˈmente/	/ˌθjeɾtaˈmente/	[ˌθjeɾtaˈmente] 当然<副>
tráfico	/ˈtɾafiko/	/ˈtɾafiko/	[ˈtɾafiko] 交通<名>
uniforme	/uniˈfoɾme/	/uniˈfoɾme/	[uniˈfoɾme] 制服<名>
suave	/ˈswabe/	/ˈswabe/	[ˈswabe] 软的<形>
asqueroso	/askeˈɾoso/	/askeˈɾoso/	[askeˈɾoso] 恶心的<形>
invierno	/imˈbjeɾno/	/imˈbjeɾno/	[imˈbjeɾno] 冬天<名>
consigo	/konˈsiɡo/	/konˈsiɡo/	[/konˈsiɡo/] 随身；和自己一起<adv>
conductor	/konduɡˈtoɾ/	/konduɡˈtoɾ/	[konduɡˈtoɾ] 司机<名>
arena	/aˈɾena/	/aˈɾena/	[aˈɾena] 沙子<名>
licencia	/liˈθenθja/	/liˈθenθja/	[liˈθenθja] 许可证<名>
espejo	/esˈpexo/	/esˈpexo/	[esˈpexo] 镜子<名>
marina	/maˈɾina/	/maˈɾina/	[/maˈɾina/] 海事的；海军的；海滨<形/名><noun>
coincidencia	/koinθiˈdenθja/	/koinθiˈdenθja/	[koinθiˈdenθja] 巧合<名>
análisis	/aˈnalisis/	/aˈnalisis/	[aˈnalisis] 分析<名>
azúcar	/aˈθukaɾ/	/aˈθukaɾ/	[aˈθukaɾ] 糖<名>
sótano	/ˈsotano/	/ˈsotano/	[ˈsotano] 地下室<名>
ocasión	/okaˈsjon/	/okaˈsjon/	[okaˈsjon] 场合<名>
cheque	/ˈt͡ʃeke/	/ˈt͡ʃeke/	[/ˈt͡ʃeke/] 支票<noun>
revisar	/rebiˈsaɾ/	/rebiˈsaɾ/	[rebiˈsaɾ] 评论<动>
acusado	/akuˈsado/	/akuˈsado/	[akuˈsado] 被告<名>
conciencia	/konˈθjenθja/	/konˈθjenθja/	[konˈθjenθja] 良心<名>
pesadilla	/pesaˈdiʝa/	/pesaˈdiʝa/	[pesaˈdiʝa] 噩梦<名>
sopa	/ˈsopa/	/ˈsopa/	[ˈsopa] 汤<名>
saltar	/salˈtaɾ/	/salˈtaɾ/	[salˈtaɾ] 跳跃<动>
suicidio	/swiˈθidjo/	/swiˈθidjo/	[swiˈθidjo] 自杀<名>
elegido	/eleˈxido/	/eleˈxido/	[eleˈxido] 选择的<名>
divorcio	/diˈboɾθjo/	/diˈboɾθjo/	[diˈboɾθjo] 离婚<名>
miel	/ˈmjel/	/ˈmjel/	[ˈmjel] 蜂蜜<名>
lady	/ˈleidi/	/ˈleidi/	[ˈleidi] 女士<名>
particular	/paɾtikuˈlaɾ/	/paɾtikuˈlaɾ/	[paɾtikuˈlaɾ] 特别的<名>
frontera	/fɾonˈteɾa/	/fɾonˈteɾa/	[fɾonˈteɾa] 边界<名>
ventaja	/benˈtaxa/	/benˈtaxa/	[benˈtaxa] 优势<名>
alerta	/aˈleɾta/	/aˈleɾta/	[aˈleɾta] 警报<名>
piscina	/pisˈθina/	/pisˈθina/	[pisˈθina] 游泳池<名>
comportamiento	/kompoɾtaˈmjento/	/kompoɾtaˈmjento/	[kompoɾtaˈmjento] 行为<名>
revista	/reˈbista/	/reˈbista/	[reˈbista] 杂志<名>
hecha	/ˈet͡ʃa/	/ˈet͡ʃa/	[ˈet͡ʃa] 制作<名>
canal	/kaˈnal/	/kaˈnal/	[kaˈnal] 频道<名>
paciencia	/paˈθjenθja/	/paˈθjenθja/	[paˈθjenθja] 耐心<名>
echo	/ˈet͡ʃo/	/ˈet͡ʃo/	[ˈet͡ʃo] 回声<名>
crisis	/ˈkɾisis/	/ˈkɾisis/	[ˈkɾisis] 危机<名>
anteriormente	/anˌteɾjoɾˈmente/	/anˌteɾjoɾˈmente/	[anˌteɾjoɾˈmente] 以前<副>
vigilancia	/bixiˈlanθja/	/bixiˈlanθja/	[bixiˈlanθja] 监视<名>
desierto	/deˈsjeɾto/	/deˈsjeɾto/	[deˈsjeɾto] 沙漠<名>
cuerda	/ˈkweɾda/	/ˈkweɾda/	[ˈkweɾda] 绳子<名>
seguido	/seˈɡido/	/seˈɡido/	[seˈɡido] 已关注<形>
pene	/ˈpene/	/ˈpene/	[ˈpene] 阴茎<名>
gobernador	/ɡobeɾnaˈdoɾ/	/ɡobeɾnaˈdoɾ/	[ɡobeɾnaˈdoɾ] 州长<名>
sección	/seɡˈθjon/	/seɡˈθjon/	[seɡˈθjon] 部分<名>
oso	/ˈoso/	/ˈoso/	[ˈoso] 熊<名>
curiosidad	/kuɾjosiˈdad/	/kuɾjosiˈdad/	[kuɾjosiˈdad] 好奇心<名>
vd.	/usˈted/	/usˈted/	你<代>
impresión	/impɾeˈsjon/	/impɾeˈsjon/	[/impɾeˈsjon/] 印刷；印象<名><noun>
pez	/ˈpeθ/	/ˈpeθ/	[ˈpeθ] 鱼<名>
torre	/ˈtore/	/ˈtore/	[ˈtore] 塔<名>
pasillo	/paˈsiʝo/	/paˈsiʝo/	[paˈsiʝo] 走廊<名>
soltar	/solˈtaɾ/	/solˈtaɾ/	[/solˈtaɾ/] 松开；放开；释放<verb>
arresto	/aˈresto/	/aˈresto/	[aˈresto] 逮捕<名>
sencillo	/senˈθiʝo/	/senˈθiʝo/	[senˈθiʝo] 简单<名>
ruta	/ˈruta/	/ˈruta/	[ˈruta] 路线<名>
documento	/dokuˈmento/	/dokuˈmento/	[dokuˈmento] 文件<名>
apuesta	/aˈpwesta/	/aˈpwesta/	[aˈpwesta] 打赌<名>
presentar	/pɾesenˈtaɾ/	/pɾesenˈtaɾ/	[/pɾesenˈtaɾ/] 介绍；提出；呈现<verb>
virus	/ˈbiɾus/	/ˈbiɾus/	[ˈbiɾus] 病毒<名>
largar	/laɾˈɡaɾ/	/laɾˈɡaɾ/	[/laɾˈɡaɾ/] 松开；放出；（口语，常作 largarse）离开<动><verb>
alarma	/aˈlaɾma/	/aˈlaɾma/	[aˈlaɾma] 警报<名>
identidad	/identiˈdad/	/identiˈdad/	[identiˈdad] 身份<名>
aviso	/aˈbiso/	/aˈbiso/	[aˈbiso] 通知<名>
caza	/ˈkaθa/	/ˈkaθa/	[ˈkaθa] 狩猎<名>
permanecer	/peɾmaneˈθeɾ/	/peɾmaneˈθeɾ/	[peɾmaneˈθeɾ] 留下来<动>
orgullo	/oɾˈɡuʝo/	/oɾˈɡuʝo/	[oɾˈɡuʝo] 骄傲<名>
enfadado	/enfaˈdado/	/enfaˈdado/	[enfaˈdado] 生气<形>
altura	/alˈtuɾa/	/alˈtuɾa/	[alˈtuɾa] 高度<名>
fácilmente	/ˌfaθilˈmente/	/ˌfaθilˈmente/	[ˌfaθilˈmente] 轻松地<副>
criatura	/kɾjaˈtuɾa/	/kɾjaˈtuɾa/	[kɾjaˈtuɾa] 生物<名>
saco	/ˈsako/	/ˈsako/	[ˈsako] 麻袋<名>
precisamente	/pɾeˌθisaˈmente/	/pɾeˌθisaˈmente/	[pɾeˌθisaˈmente] 正是<副>
máximo	/ˈmaɡsimo/	/ˈmaɡsimo/	[ˈmaɡsimo] 最大<名>
ilegal	/ileˈɡal/	/ileˈɡal/	[ileˈɡal] 非法的<名>
versión	/beɾˈsjon/	/beɾˈsjon/	[beɾˈsjon] 版本<名>
incendio	/inˈθendjo/	/inˈθendjo/	[inˈθendjo] 火<名>
gritar	/ɡɾiˈtaɾ/	/ɡɾiˈtaɾ/	[ɡɾiˈtaɾ] 尖叫<动>
recebir	/reθeˈbiɾ/	/reθeˈbiɾ/	[reθeˈbiɾ] 收到<动>
concierto	/konˈθjeɾto/	/konˈθjeɾto/	[konˈθjeɾto] 音乐会<名>
casualidad	/kaswaliˈdad/	/kaswaliˈdad/	[kaswaliˈdad] 巧合<名>
excusa	/eɡsˈkusa/	/eɡsˈkusa/	[eɡsˈkusa] 借口<名>
rodilla	/roˈdiʝa/	/roˈdiʝa/	[roˈdiʝa] 膝盖<名>
cruz	/ˈkɾuθ/	/ˈkɾuθ/	[ˈkɾuθ] 十字<名>
zorra	/ˈθora/	/ˈθora/	[ˈθora] 荡妇<名>
cómodo	/ˈkomodo/	/ˈkomodo/	[ˈkomodo] 舒适<形>
cruel	/ˈkɾwel/	/ˈkɾwel/	[ˈkɾwel] 残酷的<形>
sofá	/soˈfa/	/soˈfa/	[soˈfa] 沙发<名>
sombra	/ˈsombɾa/	/ˈsombɾa/	[ˈsombɾa] 影子<名>
firmar	/fiɾˈmaɾ/	/fiɾˈmaɾ/	[/fiɾˈmaɾ/] 签名；签署<verb>
escritorio	/eskɾiˈtoɾjo/	/eskɾiˈtoɾjo/	[eskɾiˈtoɾjo] 书桌<名>
muñeco	/muˈɲeko/	/muˈɲeko/	[muˈɲeko] 娃娃<名>
rastro	/ˈrastɾo/	/ˈrastɾo/	[ˈrastɾo] 痕迹<名>
gigante	/xiˈɡante/	/xiˈɡante/	[xiˈɡante] 巨人<名>
pájaro	/ˈpaxaɾo/	/ˈpaxaɾo/	[ˈpaxaɾo] 鸟<名>
ducha	/ˈdut͡ʃa/	/ˈdut͡ʃa/	[ˈdut͡ʃa] 淋浴<名>
recompensa	/rekomˈpensa/	/rekomˈpensa/	[rekomˈpensa] 奖励<名>
doce	/ˈdoθe/	/ˈdoθe/	[ˈdoθe] 十二<数>
actor	/aɡˈtoɾ/	/aɡˈtoɾ/	[aɡˈtoɾ] 演员<名>
actitud	/aɡtiˈtud/	/aɡtiˈtud/	[aɡtiˈtud] 态度<名>
salsa	/ˈsalsa/	/ˈsalsa/	[ˈsalsa] 酱汁<名>
personaje	/peɾsoˈnaxe/	/peɾsoˈnaxe/	[/peɾsoˈnaxe/] 人物；角色<noun>
voto	/ˈboto/	/ˈboto/	[ˈboto] 投票<名>
vivido	/biˈbido/	/biˈbido/	[biˈbido] 住过<形>
entrega	/enˈtɾeɡa/	/enˈtɾeɡa/	[enˈtɾeɡa] 交货<名>
comercial	/komeɾˈθjal/	/komeɾˈθjal/	[komeɾˈθjal] 商业<名>
tribu	/ˈtɾibu/	/ˈtɾibu/	[ˈtɾibu] 部落<名>
puro	/ˈpuɾo/	/ˈpuɾo/	[ˈpuɾo] 纯粹的<名>
poderoso	/podeˈɾoso/	/podeˈɾoso/	[podeˈɾoso] 强大的<形>
fresco	/ˈfɾesko/	/ˈfɾesko/	[ˈfɾesko] 新鲜的<名>
privada	/pɾiˈbada/	/pɾiˈbada/	[pɾiˈbada] 私人的<名>
guarda	/ˈɡwaɾda/	/ˈɡwaɾda/	[ˈɡwaɾda] 守卫<名>
senador	/senaˈdoɾ/	/senaˈdoɾ/	[senaˈdoɾ] 参议员<名>
campeón	/kampeˈon/	/kampeˈon/	[kampeˈon] 冠军<名>
adorable	/adoˈɾable/	/adoˈɾable/	[adoˈɾable] 可爱的<形>
ciego	/ˈθjeɡo/	/ˈθjeɡo/	[/ˈθjeɡo/] 盲的<形><noun>
jo	/ˈxo/	/ˈxo/	[/ˈxo/] 哎；啧（表示恼怒的感叹词）<intj>
bestia	/ˈbestja/	/ˈbestja/	[ˈbestja] 野兽<名>
alteza	/alˈteθa/	/alˈteθa/	[alˈteθa] 殿下<名>
episodio	/epiˈsodjo/	/epiˈsodjo/	[epiˈsodjo] 情节<名>
celda	/ˈθelda/	/ˈθelda/	[ˈθelda] 细胞<名>
aguanta	/aˈɡwanta/	/aˈɡwanta/	[aˈɡwanta] 坚持住<叹>
jueves	/ˈxwebes/	/ˈxwebes/	[ˈxwebes] 星期四<名>
pensamiento	/pensaˈmjento/	/pensaˈmjento/	[pensaˈmjento] 思想<名>
medianoche	/medjaˈnot͡ʃe/	/medjaˈnot͡ʃe/	[medjaˈnot͡ʃe] 午夜<名>
garganta	/ɡaɾˈɡanta/	/ɡaɾˈɡanta/	[ɡaɾˈɡanta] 喉咙<名>
sesión	/seˈsjon/	/seˈsjon/	[seˈsjon] 会话<名>
muera	/ˈmweɾa/	/ˈmweɾa/	[ˈmweɾa] 死<名>
coma	/ˈkoma/	/ˈkoma/	[ˈkoma] 逗号<名>
identificación	/identifikaˈθjon/	/identifikaˈθjon/	[identifikaˈθjon] 识别<名>
circunstancia	/θiɾkunsˈtanθja/	/θiɾkunsˈtanθja/	[θiɾkunsˈtanθja] 情况<名>
veneno	/beˈneno/	/beˈneno/	[beˈneno] 毒药<名>
primavera	/pɾimaˈbeɾa/	/pɾimaˈbeɾa/	[pɾimaˈbeɾa] 春天<名>
súper	/ˈsupeɾ/	/ˈsupeɾ/	[ˈsupeɾ] 超级<名>
aquél	/aˈkel/	/aˈkel/	[aˈkel] 那个<代>
martes	/ˈmaɾtes/	/ˈmaɾtes/	[ˈmaɾtes] 星期二<名>
feo	/ˈfeo/	/ˈfeo/	[ˈfeo] 丑陋<形>
cristo	/ˈkɾisto/	/ˈkɾisto/	[ˈkɾisto] 基督<名>
virgen	/ˈbiɾxen/	/ˈbiɾxen/	[ˈbiɾxen] 处女<名>
distrito	/disˈtɾito/	/disˈtɾito/	[disˈtɾito] 区<名>
reputación	/reputaˈθjon/	/reputaˈθjon/	[reputaˈθjon] 声誉<名>
socorro	/soˈkoro/	/soˈkoro/	[soˈkoro] 救济<名>
castigo	/kasˈtiɡo/	/kasˈtiɡo/	[kasˈtiɡo] 惩罚<名>
límite	/ˈlimite/	/ˈlimite/	[ˈlimite] 限制<名>
junta	/ˈxunta/	/ˈxunta/	[ˈxunta] 董事会<名>
audiencia	/auˈdjenθja/	/auˈdjenθja/	[auˈdjenθja] 观众<名>
nacer	/naˈθeɾ/	/naˈθeɾ/	[naˈθeɾ] 出生<动>
mato	/ˈmato/	/ˈmato/	[ˈmato] 杀<名>
jugador	/xuɡaˈdoɾ/	/xuɡaˈdoɾ/	[xuɡaˈdoɾ] 玩家<名>
humo	/ˈumo/	/ˈumo/	[/ˈumo/] 烟；烟雾<noun>
popular	/popuˈlaɾ/	/popuˈlaɾ/	[popuˈlaɾ] 流行的<名>
nación	/naˈθjon/	/naˈθjon/	[naˈθjon] 民族<名>
tropa	/ˈtɾopa/	/ˈtɾopa/	[ˈtɾopa] 部队<名>
explicación	/eɡsplikaˈθjon/	/eɡsplikaˈθjon/	[eɡsplikaˈθjon] 解释<名>
salar	/saˈlaɾ/	/saˈlaɾ/	[/saˈlaɾ/] 加盐；腌制<noun>
celebrar	/θeleˈbɾaɾ/	/θeleˈbɾaɾ/	[θeleˈbɾaɾ] 庆祝<动>
competencia	/kompeˈtenθja/	/kompeˈtenθja/	[kompeˈtenθja] 竞争<名>
biblioteca	/bibljoˈteka/	/bibljoˈteka/	[bibljoˈteka] 图书馆<名>
fila	/ˈfila/	/ˈfila/	[ˈfila] 行<名>
ésto	/ˈesto/	/ˈesto/	这个<代>
misterio	/misˈteɾjo/	/misˈteɾjo/	[misˈteɾjo] 神秘<名>
ganador	/ɡanaˈdoɾ/	/ɡanaˈdoɾ/	[ɡanaˈdoɾ] 获胜者<名>
puerto	/ˈpweɾto/	/ˈpweɾto/	[ˈpweɾto] 港口<名>
vehículo	/beˈikulo/	/beˈikulo/	[beˈikulo] 车辆<名>
julio	/ˈxuljo/	/ˈxuljo/	[ˈxuljo] 七月<名>
lograr	/loˈɡɾaɾ/	/loˈɡɾaɾ/	[loˈɡɾaɾ] 达到<动>
quitar	/kiˈtaɾ/	/kiˈtaɾ/	[kiˈtaɾ] 删除<动>
patio	/ˈpatjo/	/ˈpatjo/	[ˈpatjo] 露台<名>
golpear	/ɡolpeˈaɾ/	/ɡolpeˈaɾ/	[ɡolpeˈaɾ] 击中<动>
miss	/ˈmis/	/ˈmis/	[/ˈmis/] 小姐；姑娘<noun>
pecado	/peˈkado/	/peˈkado/	[peˈkado] 罪恶<名>
comité	/komiˈte/	/komiˈte/	[komiˈte] 委员会<名>
comprado	/komˈpɾado/	/komˈpɾado/	[komˈpɾado] 买了<名>
emocionante	/emoθjoˈnante/	/emoθjoˈnante/	[emoθjoˈnante] 令人兴奋的<形>
caro	/ˈkaɾo/	/ˈkaɾo/	[ˈkaɾo] 昂贵<形>
rescate	/resˈkate/	/resˈkate/	[resˈkate] 救援<名>
título	/ˈtitulo/	/ˈtitulo/	[ˈtitulo] 标题<名>
adivino	/adiˈbino/	/adiˈbino/	[adiˈbino] 算命先生<名>
pánico	/ˈpaniko/	/ˈpaniko/	[ˈpaniko] 恐慌<名>
exterior	/eɡsteˈɾjoɾ/	/eɡsteˈɾjoɾ/	[eɡsteˈɾjoɾ] 外面<名>
pasión	/paˈsjon/	/paˈsjon/	[paˈsjon] 激情<名>
preparar	/pɾepaˈɾaɾ/	/pɾepaˈɾaɾ/	[pɾepaˈɾaɾ] 准备<动>
guau	/ˈɡwau/	/ˈɡwau/	[ˈɡwau] 哇<叹>
demostrar	/demosˈtɾaɾ/	/demosˈtɾaɾ/	[demosˈtɾaɾ] 展示<动>
elegante	/eleˈɡante/	/eleˈɡante/	[eleˈɡante] 优雅的<形>
visitar	/bisiˈtaɾ/	/bisiˈtaɾ/	[bisiˈtaɾ] 访问<动>
abra	/ˈabɾa/	/ˈabɾa/	[/ˈabɾa/] 小海湾；山口<noun>
ambiente	/amˈbjente/	/amˈbjente/	[amˈbjente] 环境<名>
conde	/ˈkonde/	/ˈkonde/	[/ˈkonde/] 伯爵<noun>
urgente	/uɾˈxente/	/uɾˈxente/	[uɾˈxente] 紧急的<形>
impuesto	/imˈpwesto/	/imˈpwesto/	[imˈpwesto] 税<名>
distinto	/disˈtinto/	/disˈtinto/	[disˈtinto] 不同的<形>
ron	/ˈron/	/ˈron/	[ˈron] 朗姆酒<名>
adecuado	/adeˈkwado/	/adeˈkwado/	[adeˈkwado] 适合的<形>
abandonar	/abandoˈnaɾ/	/abandoˈnaɾ/	[abandoˈnaɾ] 放弃<动>
ciar	/ˈθjaɾ/	/ˈθjaɾ/	[/ˈθjaɾ/] 搅拌；搅动<verb>
apestar	/apesˈtaɾ/	/apesˈtaɾ/	[apesˈtaɾ] 臭<动>
volando	/boˈlando/	/boˈlando/	[boˈlando] 飞行<形>
luca	/ˈluka/	/ˈluka/	[/ˈluka/] 千元钞票；一千（比索，口语）<noun>
detenido	/deteˈnido/	/deteˈnido/	[deteˈnido] 被拘留<名>
curioso	/kuˈɾjoso/	/kuˈɾjoso/	[kuˈɾjoso] 好奇<名>
teto	/ˈteto/	/ˈteto/	[/ˈteto/] 屋顶（口语）<noun>
asco	/ˈasko/	/ˈasko/	[ˈasko] 厌恶<名>
enseñar	/enseˈɲaɾ/	/enseˈɲaɾ/	[enseˈɲaɾ] 教<动>
océano	/oˈθeano/	/oˈθeano/	[oˈθeano] 海洋<名>
bolo	/ˈbolo/	/ˈbolo/	[/ˈbolo/] 保龄球；木瓶（也指一剂毒品）<noun>
nuevamente	/ˌnwebaˈmente/	/ˌnwebaˈmente/	[ˌnwebaˈmente] 再次<副>
pagado	/paˈɡado/	/paˈɡado/	[paˈɡado] 付费的<形>
federal	/fedeˈɾal/	/fedeˈɾal/	[fedeˈɾal] 联邦的<名>
cuán	/ˈkwan/	/ˈkwan/	[ˈkwan] 如何<副>
terapia	/teˈɾapja/	/teˈɾapja/	[teˈɾapja] 治疗<名>
lágrima	/ˈlaɡɾima/	/ˈlaɡɾima/	[ˈlaɡɾima] 眼泪<名>
terreno	/teˈreno/	/teˈreno/	[teˈreno] 地形<名>
autoridad	/autoɾiˈdad/	/autoɾiˈdad/	[autoɾiˈdad] 权威<名>
roca	/ˈroka/	/ˈroka/	[/ˈroka/] 岩石<noun>
superficie	/supeɾˈfiθje/	/supeɾˈfiθje/	[supeɾˈfiθje] 表面<名>
cubierta	/kuˈbjeɾta/	/kuˈbjeɾta/	[kuˈbjeɾta] 封面<名>
hierba	/ˈʝeɾba/	/ˈʝeɾba/	[ˈʝeɾba] 草<名>
prometido	/pɾomeˈtido/	/pɾomeˈtido/	[pɾomeˈtido] 答应的<名>
crecer	/kɾeˈθeɾ/	/kɾeˈθeɾ/	[kɾeˈθeɾ] 成长<动>
mental	/menˈtal/	/menˈtal/	[menˈtal] 心理的<形>
extranjero	/eɡstɾanˈxeɾo/	/eɡstɾanˈxeɾo/	[eɡstɾanˈxeɾo] 外国人<名>
madame	/madˈame/	/madˈame/	女士<名>
lento	/ˈlento/	/ˈlento/	[ˈlento] 慢<形>
dirigir	/diɾiˈxiɾ/	/diɾiˈxiɾ/	[/diɾiˈxiɾ/] 领导；指导；管理<verb>
chino	/ˈt͡ʃino/	/ˈt͡ʃino/	[ˈt͡ʃino] 中国人<名>
meta	/ˈmeta/	/ˈmeta/	[ˈmeta] 目标<名>
suelta	/ˈswelta/	/ˈswelta/	[ˈswelta] 宽松的<名>
despedida	/despeˈdida/	/despeˈdida/	[despeˈdida] 告别<名>
pasta	/ˈpasta/	/ˈpasta/	[ˈpasta] 面团；意大利面；钱<名>
cristal	/kɾisˈtal/	/kɾisˈtal/	[kɾisˈtal] 水晶<名>
vega	/ˈbeɡa/	/ˈbeɡa/	[/ˈbeɡa/] 河畔草地；沃土平原<noun>
pare	/ˈpaɾe/	/ˈpaɾe/	[/ˈpaɾe/] 停止<动>（parar 的动词变位形式）<noun>
guardar	/ɡwaɾˈdaɾ/	/ɡwaɾˈdaɾ/	[ɡwaɾˈdaɾ] 保存<动>
literalmente	/liteˈɾalˌmente/	/liteˈɾalˌmente/	[liteˈɾalˌmente] 从字面上看<副>
aprecio	/aˈpɾeθjo/	/aˈpɾeθjo/	[aˈpɾeθjo] 欣赏<名>
fotografía	/fotoɡɾaˈfia/	/fotoɡɾaˈfia/	[fotoɡɾaˈfia] 摄影<名>
patrón	/paˈtɾon/	/paˈtɾon/	[/paˈtɾon/] 老板，雇主；模式<noun>
esposas	/esˈposas/	/esˈposas/	[esˈposas] 手铐<名>
desafío	/desaˈfio/	/desaˈfio/	[desaˈfio] 挑战<名>
asombroso	/asomˈbɾoso/	/asomˈbɾoso/	[asomˈbɾoso] 惊人的<形>
clínica	/ˈklinika/	/ˈklinika/	[ˈklinika] 诊所<名>
atrapar	/atɾaˈpaɾ/	/atɾaˈpaɾ/	[atɾaˈpaɾ] 抓住<动>
experto	/eɡsˈpeɾto/	/eɡsˈpeɾto/	[eɡsˈpeɾto] 专家<名>
medida	/meˈdida/	/meˈdida/	[/meˈdida/] 措施；尺寸<noun>
tele	/ˈtele/	/ˈtele/	[ˈtele] 电视<名>
desagradable	/desaɡɾaˈdable/	/desaɡɾaˈdable/	[desaɡɾaˈdable] 不愉快的<形>
custodia	/kusˈtodja/	/kusˈtodja/	[kusˈtodja] 监护权<名>
nacido	/naˈθido/	/naˈθido/	[naˈθido] 出生<名>
anuncio	/aˈnunθjo/	/aˈnunθjo/	[aˈnunθjo] 广告<名>
física	/ˈfisika/	/ˈfisika/	[ˈfisika] 物理学<名>
ma	/ˈma/	/ˈma/	[/ˈma/] 妈；妈妈<noun>
fiebre	/ˈfjebɾe/	/ˈfjebɾe/	[ˈfjebɾe] 发烧<名>
desgraciado	/desɡɾaˈθjado/	/desɡɾaˈθjado/	[desɡɾaˈθjado] 不幸的<名>
organización	/oɾɡaniθaˈθjon/	/oɾɡaniθaˈθjon/	[oɾɡaniθaˈθjon] 组织<名>
mina	/ˈmina/	/ˈmina/	[/ˈmina/] 矿山；矿井；地雷<noun>
honestamente	/oˌnestaˈmente/	/oˌnestaˈmente/	[oˌnestaˈmente] 诚实地<副>
deuda	/ˈdeuda/	/ˈdeuda/	[ˈdeuda] 债务<名>
transporte	/tɾansˈpoɾte/	/tɾansˈpoɾte/	[tɾansˈpoɾte] 交通<名>
cocinar	/koθiˈnaɾ/	/koθiˈnaɾ/	[/koθiˈnaɾ/] 烹调；烹饪；做饭<verb>
delicioso	/deliˈθjoso/	/deliˈθjoso/	[deliˈθjoso] 好吃<形>
habilidad	/abiliˈdad/	/abiliˈdad/	[abiliˈdad] 技能<名>
nadar	/naˈdaɾ/	/naˈdaɾ/	[naˈdaɾ] 游泳<动>
admitir	/admiˈtiɾ/	/admiˈtiɾ/	[admiˈtiɾ] 承认<动>
templo	/ˈtemplo/	/ˈtemplo/	[ˈtemplo] 寺庙<名>
adios	/aˈdjos/	/aˈdjos/	[aˈdjos] 再见<叹>
maravilla	/maɾaˈbiʝa/	/maɾaˈbiʝa/	[/maɾaˈbiʝa/] 奇迹；奇观；奇妙的事物<noun>
quita	/ˈkita/	/ˈkita/	[/ˈkita/] 减免；免除<动><noun>
mate	/ˈmate/	/ˈmate/	[ˈmate] 哑光<名>
piano	/ˈpjano/	/ˈpjano/	[ˈpjano] 钢琴<名>
bombo	/ˈbombo/	/ˈbombo/	[/ˈbombo/] 大鼓；鼓；宣传<noun>
pantalla	/panˈtaʝa/	/panˈtaʝa/	[panˈtaʝa] 屏幕<名>
amén	/aˈmen/	/aˈmen/	[aˈmen] 阿门<叹>
civil	/θiˈbil/	/θiˈbil/	[θiˈbil] 民事<形>
gasolina	/ɡasoˈlina/	/ɡasoˈlina/	[ɡasoˈlina] 汽油<名>
sabio	/ˈsabjo/	/ˈsabjo/	[ˈsabjo] 明智的<名>
judío	/xuˈdio/	/xuˈdio/	[xuˈdio] 犹太人的<名>
s.	/seˈɣundo/	/seˈɣundo/	[seˈɣundo] 秒；秒钟<名>
tripulación	/tɾipulaˈθjon/	/tɾipulaˈθjon/	[tɾipulaˈθjon] 船员<名>
arrestado	/aresˈtado/	/aresˈtado/	[aresˈtado] 被捕<形>
canta	/ˈkanta/	/ˈkanta/	[ˈkanta] 唱歌<名>
cruzar	/kɾuˈθaɾ/	/kɾuˈθaɾ/	[/kɾuˈθaɾ/] 穿过；横穿；交叉<verb>
guía	/ˈɡia/	/ˈɡia/	[ˈɡia] 指南<名>
conferencia	/konfeˈɾenθja/	/konfeˈɾenθja/	[konfeˈɾenθja] 会议<名>
miro	/ˈmiɾo/	/ˈmiɾo/	我看<名>
galleta	/ɡaˈʝeta/	/ɡaˈʝeta/	[ɡaˈʝeta] 饼干<名>
delito	/deˈlito/	/deˈlito/	[deˈlito] 犯罪<名>
atacar	/ataˈkaɾ/	/ataˈkaɾ/	[ataˈkaɾ] 攻击<动>
objeto	/obˈxeto/	/obˈxeto/	[obˈxeto] 对象<名>
museo	/muˈseo/	/muˈseo/	[muˈseo] 博物馆<名>
rueda	/ˈrweda/	/ˈrweda/	[ˈrweda] 轮子<名>
recientemente	/reˌθjenteˈmente/	/reˌθjenteˈmente/	[reˌθjenteˈmente] 最近<副>
violación	/bjolaˈθjon/	/bjolaˈθjon/	[bjolaˈθjon] 强奸<名>
sufrir	/suˈfɾiɾ/	/suˈfɾiɾ/	[suˈfɾiɾ] 受苦<动>
tina	/ˈtina/	/ˈtina/	[ˈtina] 浴缸<名>
disponible	/dispoˈnible/	/dispoˈnible/	[dispoˈnible] 可用<形>
rica	/ˈrika/	/ˈrika/	[ˈrika] 富有<名>
práctica	/ˈpɾaɡtika/	/ˈpɾaɡtika/	[ˈpɾaɡtika] 练习<名>
amado	/aˈmado/	/aˈmado/	[aˈmado] 爱过<形>
maestra	/maˈestɾa/	/maˈestɾa/	[maˈestɾa] 老师<名>
pastilla	/pasˈtiʝa/	/pasˈtiʝa/	[pasˈtiʝa] 药丸<名>
cable	/ˈkable/	/ˈkable/	[ˈkable] 电缆<名>
nacimiento	/naθiˈmjento/	/naθiˈmjento/	[naθiˈmjento] 出生<名>
consciente	/konsˈθjente/	/konsˈθjente/	[konsˈθjente] 有意识的<形>
alcance	/alˈkanθe/	/alˈkanθe/	[alˈkanθe] 范围<名>
evento	/eˈbento/	/eˈbento/	[eˈbento] 事件<名>
alquiler	/alkiˈleɾ/	/alkiˈleɾ/	[alkiˈleɾ] 租金<名>
ordenador	/oɾdenaˈdoɾ/	/oɾdenaˈdoɾ/	[oɾdenaˈdoɾ] 电脑<名>
incidente	/inθiˈdente/	/inθiˈdente/	[inθiˈdente] 事件<名>
maleta	/maˈleta/	/maˈleta/	[maˈleta] 手提箱<名>
condado	/konˈdado/	/konˈdado/	[konˈdado] 县<名>
kilo	/ˈkilo/	/ˈkilo/	[ˈkilo] 公斤<名>
español	/espaˈɲol/	/espaˈɲol/	[espaˈɲol] 西班牙语<名>
renunciar	/renunˈθjaɾ/	/renunˈθjaɾ/	[renunˈθjaɾ] 放弃<动>
actuación	/aɡtwaˈθjon/	/aɡtwaˈθjon/	[aɡtwaˈθjon] 表现<名>
refugio	/reˈfuxjo/	/reˈfuxjo/	[reˈfuxjo] 庇护所<名>
harto	/ˈaɾto/	/ˈaɾto/	[ˈaɾto] 受够了<形>
reacción	/reaɡˈθjon/	/reaɡˈθjon/	[reaɡˈθjon] 反应<名>
paliza	/paˈliθa/	/paˈliθa/	[paˈliθa] 殴打<名>
chef	/ˈt͡ʃef/	/ˈt͡ʃef/	[ˈt͡ʃef] 厨师<名>
entrado	/enˈtɾado/	/enˈtɾado/	[enˈtɾado] 进入<形>
amanecer	/amaneˈθeɾ/	/amaneˈθeɾ/	[amaneˈθeɾ] 黎明<名>
corazones	/koɾaˈθones/	/koɾaˈθones/	[koɾaˈθones] 心<名>
rumor	/ruˈmoɾ/	/ruˈmoɾ/	[ruˈmoɾ] 谣言<名>
celoso	/θeˈloso/	/θeˈloso/	[θeˈloso] 嫉妒<形>
utilizar	/utiliˈθaɾ/	/utiliˈθaɾ/	[utiliˈθaɾ] 使用<动>
territorio	/teriˈtoɾjo/	/teriˈtoɾjo/	[teriˈtoɾjo] 领土<名>
prácticamente	/ˌpɾaɡtikaˈmente/	/ˌpɾaɡtikaˈmente/	[ˌpɾaɡtikaˈmente] 实际上<副>
disfrutar	/disfɾuˈtaɾ/	/disfɾuˈtaɾ/	[disfɾuˈtaɾ] 享受<动>
collar	/koˈʝaɾ/	/koˈʝaɾ/	[koˈʝaɾ] 项链<名>
golf	/ˈɡolf/	/ˈɡolf/	[ˈɡolf] 高尔夫<名>
marco	/ˈmaɾko/	/ˈmaɾko/	[ˈmaɾko] 框架<名>
cercano	/θeɾˈkano/	/θeɾˈkano/	[/θeɾˈkano/] 近的；附近的；接近的<adj>
montar	/monˈtaɾ/	/monˈtaɾ/	[monˈtaɾ] 骑<动>
salvado	/salˈbado/	/salˈbado/	[salˈbado] 麸皮<名>
moto	/ˈmoto/	/ˈmoto/	[ˈmoto] 摩托车<名>
instrucción	/instɾuɡˈθjon/	/instɾuɡˈθjon/	[instɾuɡˈθjon] 指令<名>
treinta	/ˈtɾeinta/	/ˈtɾeinta/	[ˈtɾeinta] 三十<数>
adonde	/aˈdonde/	/aˈdonde/	[aˈdonde] 哪里<副>
emperador	/empeɾaˈdoɾ/	/empeɾaˈdoɾ/	[empeɾaˈdoɾ] 皇帝<名>
cigarrillo	/θiɡaˈriʝo/	/θiɡaˈriʝo/	[θiɡaˈriʝo] 香烟<名>
do	/ˈdo/	/ˈdo/	[ˈdo] 做<名>
mortal	/moɾˈtal/	/moɾˈtal/	[moɾˈtal] 致命的<形>
ronda	/ˈronda/	/ˈronda/	[/ˈronda/] 巡逻；环线；轮次<noun>
metal	/meˈtal/	/meˈtal/	[meˈtal] 金属<名>
cierre	/ˈθjere/	/ˈθjere/	[ˈθjere] 关闭<名>
eva	/ˈeba/	/ˈeba/	[ˈeba] 前夕<名>
botón	/boˈton/	/boˈton/	[boˈton] 按钮<名>
tono	/ˈtono/	/ˈtono/	[ˈtono] 语气<名>
espía	/esˈpia/	/esˈpia/	[esˈpia] 间谍<名>
empleado	/empleˈado/	/empleˈado/	[empleˈado] 员工<名>
ruso	/ˈruso/	/ˈruso/	[ˈruso] 俄语<名>
crema	/ˈkɾema/	/ˈkɾema/	[ˈkɾema] 奶油<名>
contesta	/konˈtesta/	/konˈtesta/	[konˈtesta] 回答<名>
manda	/ˈmanda/	/ˈmanda/	[ˈmanda] 命令<名>
prisionero	/pɾisjoˈneɾo/	/pɾisjoˈneɾo/	[pɾisjoˈneɾo] 囚犯<名>
flota	/ˈflota/	/ˈflota/	[ˈflota] 舰队<名>
cometido	/komeˈtido/	/komeˈtido/	[/komeˈtido/] 任务；职责；使命<noun>
igualmente	/iˌɡwalˈmente/	/iˌɡwalˈmente/	[iˌɡwalˈmente] 同样地<副>
ayudante	/aʝuˈdante/	/aʝuˈdante/	[aʝuˈdante] 帮手<名>
cultura	/kulˈtuɾa/	/kulˈtuɾa/	[kulˈtuɾa] 文化<名>
revolución	/reboluˈθjon/	/reboluˈθjon/	[reboluˈθjon] 革命<名>
hombro	/ˈombɾo/	/ˈombɾo/	[ˈombɾo] 肩膀<名>
bota	/ˈbota/	/ˈbota/	[/ˈbota/] 靴子<noun>
adoro	/aˈdoɾo/	/aˈdoɾo/	[aˈdoɾo] 我喜欢<名>
biblia	/ˈbiblja/	/ˈbiblja/	[ˈbiblja] 圣经<名>
saludo	/saˈludo/	/saˈludo/	[saˈludo] 问候语<名>
adulto	/aˈdulto/	/aˈdulto/	[aˈdulto] 成人<名>
serpiente	/seɾˈpjente/	/seɾˈpjente/	[seɾˈpjente] 蛇<名>
romántico	/roˈmantiko/	/roˈmantiko/	[roˈmantiko] 浪漫的<形>
posiblemente	/poˌsibleˈmente/	/poˌsibleˈmente/	[poˌsibleˈmente] 可能<副>
adivinar	/adibiˈnaɾ/	/adibiˈnaɾ/	[adibiˈnaɾ] 猜测<动>
enfrente	/enˈfɾente/	/enˈfɾente/	[enˈfɾente] 对面<副>
capacidad	/kapaθiˈdad/	/kapaθiˈdad/	[kapaθiˈdad] 容量<名>
aliento	/aˈljento/	/aˈljento/	[aˈljento] 呼吸<名>
placa	/ˈplaka/	/ˈplaka/	[ˈplaka] 盘子<名>
rata	/ˈrata/	/ˈrata/	[ˈrata] 老鼠<名>
áfrico	/ˈafɾiko/	/ˈafɾiko/	[ˈafɾiko] 非洲<形>
cuadro	/ˈkwadɾo/	/ˈkwadɾo/	[/ˈkwadɾo/] 图画；绘画；方格；框架<noun>
afortunado	/afoɾtuˈnado/	/afoɾtuˈnado/	[afoɾtuˈnado] 幸运的<形>
japón	/xaˈpon/	/xaˈpon/	日本<形>
división	/dibiˈsjon/	/dibiˈsjon/	[dibiˈsjon] 师<名>
subtítulo	/subˈtitulo/	/subˈtitulo/	[subˈtitulo] 副标题<名>
bicicleta	/biθiˈkleta/	/biθiˈkleta/	[biθiˈkleta] 自行车<名>
pesado	/peˈsado/	/peˈsado/	[peˈsado] 重<名>
sugerir	/suxeˈɾiɾ/	/suxeˈɾiɾ/	[suxeˈɾiɾ] 建议<动>
callar	/kaˈʝaɾ/	/kaˈʝaɾ/	[kaˈʝaɾ] 闭嘴<动>
espacial	/espaˈθjal/	/espaˈθjal/	[espaˈθjal] 空间<形>
mejorar	/mexoˈɾaɾ/	/mexoˈɾaɾ/	[mexoˈɾaɾ] 改善<动>
concurso	/konˈkuɾso/	/konˈkuɾso/	[konˈkuɾso] 竞赛<名>
comisaría	/komisaˈɾia/	/komisaˈɾia/	[komisaˈɾia] 警察局<名>
sincero	/sinˈθeɾo/	/sinˈθeɾo/	[sinˈθeɾo] 真诚的<形>
centavo	/θenˈtabo/	/θenˈtabo/	[θenˈtabo] 便士<名>
naturalmente	/naˌtuɾalˈmente/	/naˌtuɾalˈmente/	[naˌtuɾalˈmente] 自然地<副>
esperado	/espeˈɾado/	/espeˈɾado/	[espeˈɾado] 预计<形>
recurso	/reˈkuɾso/	/reˈkuɾso/	[reˈkuɾso] 资源<名>
raza	/ˈraθa/	/ˈraθa/	[ˈraθa] 种族<名>
imaginación	/imaxinaˈθjon/	/imaxinaˈθjon/	[imaxinaˈθjon] 想象力<名>
ceremonia	/θeɾeˈmonja/	/θeɾeˈmonja/	[θeɾeˈmonja] 仪式<名>
almacén	/almaˈθen/	/almaˈθen/	[almaˈθen] 仓库<名>
sabor	/saˈboɾ/	/saˈboɾ/	[saˈboɾ] 味道<名>
unión	/uˈnjon/	/uˈnjon/	[uˈnjon] 联盟<名>
reserva	/reˈseɾba/	/reˈseɾba/	[reˈseɾba] 预订<名>
encanto	/enˈkanto/	/enˈkanto/	[enˈkanto] 魅力<名>
calidad	/kaliˈdad/	/kaliˈdad/	[kaliˈdad] 品质<名>
escondido	/eskonˈdido/	/eskonˈdido/	[eskonˈdido] 隐藏的<形>
aceite	/aˈθeite/	/aˈθeite/	[aˈθeite] 油<名>
punta	/ˈpunta/	/ˈpunta/	[/ˈpunta/] 尖端；顶端；尖头<noun>
cinturón	/θintuˈɾon/	/θintuˈɾon/	[θintuˈɾon] 腰带<名>
chiste	/ˈt͡ʃiste/	/ˈt͡ʃiste/	[ˈt͡ʃiste] 笑话<名>
consecuencia	/konseˈkwenθja/	/konseˈkwenθja/	[konseˈkwenθja] 后果<名>
sinceramente	/sinˌθeɾaˈmente/	/sinˌθeɾaˈmente/	[sinˌθeɾaˈmente] 真诚地<副>
vaca	/ˈbaka/	/ˈbaka/	[ˈbaka] 牛<名>
investigar	/imbestiˈɡaɾ/	/imbestiˈɡaɾ/	[imbestiˈɡaɾ] 调查<动>
apellido	/apeˈʝido/	/apeˈʝido/	[apeˈʝido] 姓氏<名>
actual	/aɡˈtwal/	/aɡˈtwal/	[aɡˈtwal] 当前的；现在的<名>
despertar	/despeɾˈtaɾ/	/despeɾˈtaɾ/	[despeɾˈtaɾ] 醒来<名>
instante	/insˈtante/	/insˈtante/	[insˈtante] 即时<名>
ud	/ˈud/	/ˈud/	[ˈud] 你<名>
sentada	/senˈtada/	/senˈtada/	[/senˈtada/] 坐着的；一次坐（sentar的过去分词阴性）<noun>
emoción	/emoˈθjon/	/emoˈθjon/	[emoˈθjon] 情感<名>
dormitorio	/doɾmiˈtoɾjo/	/doɾmiˈtoɾjo/	[doɾmiˈtoɾjo] 卧室<名>
pulso	/ˈpulso/	/ˈpulso/	[ˈpulso] 脉冲<名>
atrever	/atɾeˈbeɾ/	/atɾeˈbeɾ/	[atɾeˈbeɾ] 敢于<动>
frase	/ˈfɾase/	/ˈfɾase/	[ˈfɾase] 短语<名>
partida	/paɾˈtida/	/paɾˈtida/	[paɾˈtida] 出发<名>
excelencia	/eɡsθeˈlenθja/	/eɡsθeˈlenθja/	[eɡsθeˈlenθja] 卓越<名>
despedido	/despeˈdido/	/despeˈdido/	[despeˈdido] 被解雇<形>
moral	/moˈɾal/	/moˈɾal/	[moˈɾal] 道德<名>
asalto	/aˈsalto/	/aˈsalto/	[aˈsalto] 袭击<名>
decente	/deˈθente/	/deˈθente/	[deˈθente] 体面的<形>
asustar	/asusˈtaɾ/	/asusˈtaɾ/	[asusˈtaɾ] 吓唬<动>
poca	/ˈpoka/	/ˈpoka/	[ˈpoka] 很少<名>
combustible	/kombusˈtible/	/kombusˈtible/	[kombusˈtible] 燃料<名>
discusión	/diskuˈsjon/	/diskuˈsjon/	[diskuˈsjon] 讨论<名>
pata	/ˈpata/	/ˈpata/	[ˈpata] 爪子<名>
jean	/xˈean/	/xˈean/	[[ˈʝin] 牛仔裤<noun>
antiguos	/anˈtiɡwos/	/anˈtiɡwos/	古代的<名>
requerir	/rekeˈɾiɾ/	/rekeˈɾiɾ/	[rekeˈɾiɾ] 要求<动>
cogido	/koˈxido/	/koˈxido/	[koˈxido] 抓住了<名>
comunicación	/komunikaˈθjon/	/komunikaˈθjon/	[komunikaˈθjon] 沟通<名>
manzana	/manˈθana/	/manˈθana/	[manˈθana] 苹果<名>
sed	/ˈsed/	/ˈsed/	[ˈsed] 口渴<名>
joya	/ˈxoʝa/	/ˈxoʝa/	[ˈxoʝa] 宝石<名>
cojones	/koˈxones/	/koˈxones/	[/koˈxones/] 睾丸；胆量（粗俗）<noun>
noble	/ˈnoble/	/ˈnoble/	[ˈnoble] 高贵的<形>
traidor	/tɾaiˈdoɾ/	/tɾaiˈdoɾ/	[tɾaiˈdoɾ] 叛徒<名>
letra	/ˈletɾa/	/ˈletɾa/	[ˈletɾa] 信<名>
vía	/ˈbia/	/ˈbia/	[ˈbia] 通过<名>
sacerdote	/saθeɾˈdote/	/saθeɾˈdote/	[saθeɾˈdote] 牧师<名>
resistencia	/resisˈtenθja/	/resisˈtenθja/	[resisˈtenθja] 抵抗力<名>
arroz	/aˈroθ/	/aˈroθ/	[aˈroθ] 米饭<名>
arreglado	/areˈɡlado/	/areˈɡlado/	[areˈɡlado] 固定的<形>
desconocido	/deskonoˈθido/	/deskonoˈθido/	[deskonoˈθido] 未知<名>
mínimo	/ˈminimo/	/ˈminimo/	[ˈminimo] 最小值<名>
bandera	/banˈdeɾa/	/banˈdeɾa/	[banˈdeɾa] 旗帜<名>
plaza	/ˈplaθa/	/ˈplaθa/	[/ˈplaθa/] 广场<noun>
faltar	/falˈtaɾ/	/falˈtaɾ/	[falˈtaɾ] 失踪<动>
planeado	/planeˈado/	/planeˈado/	[planeˈado] 计划中的<形>
imperio	/imˈpeɾjo/	/imˈpeɾjo/	[imˈpeɾjo] 帝国<名>
cartero	/kaɾˈteɾo/	/kaɾˈteɾo/	[kaɾˈteɾo] 邮递员<名>
depósito	/deˈposito/	/deˈposito/	[deˈposito] 押金<名>
periodista	/peɾjoˈdista/	/peɾjoˈdista/	[peɾjoˈdista] 记者<名>
comprobar	/kompɾoˈbaɾ/	/kompɾoˈbaɾ/	[kompɾoˈbaɾ] 检查<动>
forense	/foˈɾense/	/foˈɾense/	[foˈɾense] 法医的<名>
tensión	/tenˈsjon/	/tenˈsjon/	[tenˈsjon] 紧张<名>
involucrado	/imboluˈkɾado/	/imboluˈkɾado/	[imboluˈkɾado] 涉及<形>
abandonado	/abandoˈnado/	/abandoˈnado/	[abandoˈnado] 被遗弃的<形>
vídeo	/ˈbidjo/	/ˈbidjo/	[ˈbidjo] 视频<名>
círculo	/ˈθiɾkulo/	/ˈθiɾkulo/	[ˈθiɾkulo] 圆圈<名>
cole	/ˈkole/	/ˈkole/	[/ˈkole/] 学校（口语）<名><noun>
grito	/ˈɡɾito/	/ˈɡɾito/	[ˈɡɾito] 尖叫<名>
pinta	/ˈpinta/	/ˈpinta/	[/ˈpinta/] 外观；油漆<名><noun>
ascensor	/asθenˈsoɾ/	/asθenˈsoɾ/	[asθenˈsoɾ] 电梯<名>
helicóptero	/eliˈkobteɾo/	/eliˈkobteɾo/	[eliˈkobteɾo] 直升机<名>
apurar	/apuˈɾaɾ/	/apuˈɾaɾ/	[apuˈɾaɾ] 快点<动>
entregar	/entɾeˈɡaɾ/	/entɾeˈɡaɾ/	[entɾeˈɡaɾ] 交付<动>
escape	/esˈkape/	/esˈkape/	[/esˈkape/] 逃跑；逃脱；排气管<noun>
limpieza	/limˈpjeθa/	/limˈpjeθa/	[limˈpjeθa] 清洁<名>
magnífico	/maɡˈnifiko/	/maɡˈnifiko/	[maɡˈnifiko] 宏伟的<形>
trabajador	/tɾabaxaˈdoɾ/	/tɾabaxaˈdoɾ/	[tɾabaxaˈdoɾ] 工人<名>
caída	/kaˈida/	/kaˈida/	[kaˈida] 落下；跌倒；下降；垮台<名>
temperatura	/tempeɾaˈtuɾa/	/tempeɾaˈtuɾa/	[tempeɾaˈtuɾa] 温度<名>
habia	/abˈia/	/abˈia/	有<动>
ejercicio	/exeɾˈθiθjo/	/exeɾˈθiθjo/	[exeɾˈθiθjo] 锻炼<名>
lealtad	/lealˈtad/	/lealˈtad/	[lealˈtad] 忠诚度<名>
ala	/ˈala/	/ˈala/	[ˈala] 翼<名>
invitación	/imbitaˈθjon/	/imbitaˈθjon/	[imbitaˈθjon] 邀请函<名>
diamantes	/djaˈmantes/	/djaˈmantes/	[djaˈmantes] 钻石<名>
leyenda	/leˈʝenda/	/leˈʝenda/	[leˈʝenda] 传说<名>
gilipollas	/xiliˈpoʝas/	/xiliˈpoʝas/	[xiliˈpoʝas] 混蛋<名>
paraíso	/paɾaˈiso/	/paɾaˈiso/	[paɾaˈiso] 天堂<名>
costumbre	/kosˈtumbɾe/	/kosˈtumbɾe/	[kosˈtumbɾe] 习惯；风俗<名>
cabaña	/kaˈbaɲa/	/kaˈbaɲa/	[kaˈbaɲa] 小屋<名>
secretario	/sekɾeˈtaɾjo/	/sekɾeˈtaɾjo/	[sekɾeˈtaɾjo] 秘书<名>
lentamente	/ˌlentaˈmente/	/ˌlentaˈmente/	[ˌlentaˈmente] 慢慢地<副>
ensayo	/enˈsaʝo/	/enˈsaʝo/	[enˈsaʝo] 论文<名>
gimnasio	/ximˈnasjo/	/ximˈnasjo/	[ximˈnasjo] 健身房<名>
negativo	/neɡaˈtibo/	/neɡaˈtibo/	[neɡaˈtibo] 消极的<名>
lenguaje	/lenˈɡwaxe/	/lenˈɡwaxe/	[lenˈɡwaxe] 语言<名>
garaje	/ɡaˈɾaxe/	/ɡaˈɾaxe/	[ɡaˈɾaxe] 车库<名>
palo	/ˈpalo/	/ˈpalo/	[ˈpalo] 棍子<名>
león	/leˈon/	/leˈon/	[leˈon] 狮子<名>
científico	/θjenˈtifiko/	/θjenˈtifiko/	[θjenˈtifiko] 科学家<名>
incluir	/inˈklwiɾ/	/inˈklwiɾ/	[inˈklwiɾ] 包括<动>
actividad	/aɡtibiˈdad/	/aɡtibiˈdad/	[aɡtibiˈdad] 活动<名>
dragón	/dɾaˈɡon/	/dɾaˈɡon/	[dɾaˈɡon] 龙<名>
aguantar	/aɡwanˈtaɾ/	/aɡwanˈtaɾ/	[aɡwanˈtaɾ] 忍受<动>
generación	/xeneɾaˈθjon/	/xeneɾaˈθjon/	[xeneɾaˈθjon] 一代<名>
apetecer	/apeteˈθeɾ/	/apeteˈθeɾ/	[apeteˈθeɾ] 渴望；想要；引起食欲<动>
capital	/kapiˈtal/	/kapiˈtal/	[kapiˈtal] 资本<名>
barato	/baˈɾato/	/baˈɾato/	[baˈɾato] 便宜<形>
fingir	/finˈxiɾ/	/finˈxiɾ/	[finˈxiɾ] 假装<动>
miércoles	/ˈmjeɾkoles/	/ˈmjeɾkoles/	[ˈmjeɾkoles] 星期三<名>
escritor	/eskɾiˈtoɾ/	/eskɾiˈtoɾ/	[eskɾiˈtoɾ] 作家<名>
solitario	/soliˈtaɾjo/	/soliˈtaɾjo/	[soliˈtaɾjo] 孤独<名>
recibo	/reˈθibo/	/reˈθibo/	[reˈθibo] 收据<名>
salto	/ˈsalto/	/ˈsalto/	[ˈsalto] 跳跃<名>
publicidad	/publiθiˈdad/	/publiθiˈdad/	[publiθiˈdad] 广告<名>
temporal	/tempoˈɾal/	/tempoˈɾal/	[tempoˈɾal] 暂时的<名>
antecedente	/anteθeˈdente/	/anteθeˈdente/	[anteθeˈdente] 先行词<名>
probado	/pɾoˈbado/	/pɾoˈbado/	[pɾoˈbado] 经测试<形>
atractivo	/atɾaɡˈtibo/	/atɾaɡˈtibo/	[atɾaɡˈtibo] 有吸引力的<名>
barra	/ˈbara/	/ˈbara/	[ˈbara] 酒吧<名>
aniversario	/anibeɾˈsaɾjo/	/anibeɾˈsaɾjo/	[anibeɾˈsaɾjo] 周年纪念日<名>
interes	/intˈeɾes/	/intˈeɾes/	兴趣<名>
niñera	/niˈɲeɾa/	/niˈɲeɾa/	[niˈɲeɾa] 保姆<名>
quince	/ˈkinθe/	/ˈkinθe/	[ˈkinθe] 十五<数>
muro	/ˈmuɾo/	/ˈmuɾo/	[ˈmuɾo] 墙<名>
lucir	/luˈθiɾ/	/luˈθiɾ/	[luˈθiɾ] 炫耀<动>
prima	/ˈpɾima/	/ˈpɾima/	[ˈpɾima] 表姐妹；堂姐妹<名>
cubierto	/kuˈbjeɾto/	/kuˈbjeɾto/	[kuˈbjeɾto] 覆盖<名>
reír	/reˈiɾ/	/reˈiɾ/	[reˈiɾ] 笑<动>
producto	/pɾoˈduɡto/	/pɾoˈduɡto/	[pɾoˈduɡto] 产品<名>
abrazo	/aˈbɾaθo/	/aˈbɾaθo/	[aˈbɾaθo] 拥抱<名>
gafas	/ˈɡafas/	/ˈɡafas/	[ˈɡafas] 眼镜<名>
sobrino	/soˈbɾino/	/soˈbɾino/	[soˈbɾino] 侄子<名>
man	/ˈman/	/ˈman/	[ˈman] 老兄；哥们<名>
demanda	/deˈmanda/	/deˈmanda/	[deˈmanda] 需求<名>
construcción	/konstɾuɡˈθjon/	/konstɾuɡˈθjon/	[konstɾuɡˈθjon] 建筑<名>
internacional	/inteɾnaθjoˈnal/	/inteɾnaθjoˈnal/	[inteɾnaθjoˈnal] 国际<形>
perfil	/peɾˈfil/	/peɾˈfil/	[peɾˈfil] 简介<名>
trozo	/ˈtɾoθo/	/ˈtɾoθo/	[ˈtɾoθo] 一块<名>
actriz	/aɡˈtɾiθ/	/aɡˈtɾiθ/	[aɡˈtɾiθ] 女演员<名>
repetir	/repeˈtiɾ/	/repeˈtiɾ/	[repeˈtiɾ] 重复<动>
bendecir	/bendeˈθiɾ/	/bendeˈθiɾ/	[bendeˈθiɾ] 祝福<动>
vecindario	/beθinˈdaɾjo/	/beθinˈdaɾjo/	[beθinˈdaɾjo] 邻里<名>
razonable	/raθoˈnable/	/raθoˈnable/	[raθoˈnable] 合理的<形>
vendar	/benˈdaɾ/	/benˈdaɾ/	[benˈdaɾ] 包扎；用绷带包扎<动>
gerente	/xeˈɾente/	/xeˈɾente/	[xeˈɾente] 经理<名>
sensible	/senˈsible/	/senˈsible/	[senˈsible] 敏感的<形>
izquierdo	/iθˈkjeɾdo/	/iθˈkjeɾdo/	[iθˈkjeɾdo] 左<形>
personalidad	/peɾsonaliˈdad/	/peɾsonaliˈdad/	[peɾsonaliˈdad] 个性<名>
sorprendido	/soɾpɾenˈdido/	/soɾpɾenˈdido/	[soɾpɾenˈdido] 惊讶<形>
profundamente	/pɾoˌfundaˈmente/	/pɾoˌfundaˈmente/	[pɾoˌfundaˈmente] 深深地<副>
grano	/ˈɡɾano/	/ˈɡɾano/	[ˈɡɾano] 谷物<名>
pagaré	/paɡaˈɾe/	/paɡaˈɾe/	[paɡaˈɾe] 我会付钱<名>
moneda	/moˈneda/	/moˈneda/	[moˈneda] 货币<名>
super	/supˈeɾ/	/supˈeɾ/	超级<形>
piedad	/pjeˈdad/	/pjeˈdad/	[pjeˈdad] 怜悯<名>
tocado	/toˈkado/	/toˈkado/	[toˈkado] 感动<名>
ciudadano	/θjudaˈdano/	/θjudaˈdano/	[θjudaˈdano] 公民<名>
creado	/kɾeˈado/	/kɾeˈado/	[kɾeˈado] 已创建<形>
encerrado	/enθeˈrado/	/enθeˈrado/	[enθeˈrado] 锁起来<形>
opinar	/opiˈnaɾ/	/opiˈnaɾ/	[opiˈnaɾ] 意见<动>
empiezo	/emˈpjeθo/	/emˈpjeθo/	[/emˈpjeθo/] 开始<动>（empezar的第一人称单数）<noun>
borde	/ˈboɾde/	/ˈboɾde/	[ˈboɾde] 边缘<名>
expresión	/eɡspɾeˈsjon/	/eɡspɾeˈsjon/	[eɡspɾeˈsjon] 表达<名>
escándalo	/esˈkandalo/	/esˈkandalo/	[esˈkandalo] 丑闻<名>
nervio	/ˈneɾbjo/	/ˈneɾbjo/	[ˈneɾbjo] 神经<名>
oficialmente	/ofiθjalˈmente/	/ofiθjalˈmente/	正式<副>
perdedor	/peɾdeˈdoɾ/	/peɾdeˈdoɾ/	[peɾdeˈdoɾ] 失败者<名>
rumbo	/ˈrumbo/	/ˈrumbo/	[ˈrumbo] 方向；航向<名>
valle	/ˈbaʝe/	/ˈbaʝe/	[ˈbaʝe] 山谷<名>
juventud	/xubenˈtud/	/xubenˈtud/	[xubenˈtud] 青年<名>
preocupación	/pɾeokupaˈθjon/	/pɾeokupaˈθjon/	[pɾeokupaˈθjon] 关心<名>
desnudo	/desˈnudo/	/desˈnudo/	[desˈnudo] 裸体<形>
guión	/ɡiˈon/	/ɡiˈon/	[ɡiˈon] 脚本<名>
maya	/ˈmaʝa/	/ˈmaʝa/	[ˈmaʝa] 玛雅人<名>
tirado	/tiˈɾado/	/tiˈɾado/	[tiˈɾado] 抛出<名>
heroína	/eɾoˈina/	/eɾoˈina/	[eɾoˈina] 海洛因<名>
contestar	/kontesˈtaɾ/	/kontesˈtaɾ/	[kontesˈtaɾ] 回答<动>
caos	/ˈkaos/	/ˈkaos/	[ˈkaos] 混乱<名>
alternativa	/alteɾnaˈtiba/	/alteɾnaˈtiba/	[alteɾnaˈtiba] 另类<名>
estupidez	/estupiˈdeθ/	/estupiˈdeθ/	[estupiˈdeθ] 愚蠢<名>
sorprendente	/soɾpɾenˈdente/	/soɾpɾenˈdente/	[soɾpɾenˈdente] 令人惊讶的<形>
egoísta	/eɡoˈista/	/eɡoˈista/	[eɡoˈista] 自私的<名>
verdaderamente	/beɾdaˌdeɾaˈmente/	/beɾdaˌdeɾaˈmente/	[beɾdaˌdeɾaˈmente] 确实<副>
enhorabuena	/enoɾaˈbwena/	/enoɾaˈbwena/	[/enoɾaˈbwena/] 恭喜<叹><noun>
ánimo	/ˈanimo/	/ˈanimo/	[/ˈanimo/] 精神；勇气<名>；加油<叹><noun>
lujo	/ˈluxo/	/ˈluxo/	[ˈluxo] 奢华<名>
religión	/reliˈxjon/	/reliˈxjon/	[reliˈxjon] 宗教<名>
risa	/ˈrisa/	/ˈrisa/	[ˈrisa] 笑声<名>
despejado	/despeˈxado/	/despeˈxado/	[/despeˈxado/] 晴朗的；清澈的<形><adj>
miserable	/miseˈɾable/	/miseˈɾable/	[miseˈɾable] 悲惨的<形>
hierro	/ˈʝero/	/ˈʝero/	[ˈʝero] 铁<名>
corona	/koˈɾona/	/koˈɾona/	[koˈɾona] 皇冠<名>
dispositivo	/disposiˈtibo/	/disposiˈtibo/	[disposiˈtibo] 装置<名>
mencionar	/menθjoˈnaɾ/	/menθjoˈnaɾ/	[menθjoˈnaɾ] 提及<动>
inmunidad	/immuniˈdad/	/immuniˈdad/	[immuniˈdad] 免疫力<名>
grabación	/ɡɾabaˈθjon/	/ɡɾabaˈθjon/	[ɡɾabaˈθjon] 录音<名>
producción	/pɾoduɡˈθjon/	/pɾoduɡˈθjon/	[pɾoduɡˈθjon] 生产<名>
nuclear	/nukleˈaɾ/	/nukleˈaɾ/	[nukleˈaɾ] 核<动>
clima	/ˈklima/	/ˈklima/	[ˈklima] 天气<名>
puesta	/ˈpwesta/	/ˈpwesta/	[ˈpwesta] 放置；落山；日落<名>
carácter	/kaˈɾaɡteɾ/	/kaˈɾaɡteɾ/	[kaˈɾaɡteɾ] 性格<名>
prostituto	/pɾostiˈtuto/	/pɾostiˈtuto/	[pɾostiˈtuto] 男妓<名>
máscara	/ˈmaskaɾa/	/ˈmaskaɾa/	[ˈmaskaɾa] 面具<名>
alegre	/aˈleɡɾe/	/aˈleɡɾe/	[aˈleɡɾe] 开朗的<形>
alianza	/aˈljanθa/	/aˈljanθa/	[aˈljanθa] 联盟<名>
positivo	/posiˈtibo/	/posiˈtibo/	[posiˈtibo] 积极的<形>
desafortunadamente	/desafoɾtuˌnadaˈmente/	/desafoɾtuˌnadaˈmente/	[desafoɾtuˌnadaˈmente] 不幸的是<副>
guitarra	/ɡiˈtara/	/ɡiˈtara/	[ɡiˈtara] 吉他<名>
estrategia	/estɾaˈtexja/	/estɾaˈtexja/	[estɾaˈtexja] 策略<名>
frecuencia	/fɾeˈkwenθja/	/fɾeˈkwenθja/	[fɾeˈkwenθja] 频率<名>
poli	/ˈpoli/	/ˈpoli/	[ˈpoli] 警察<名>
eleno	/eˈleno/	/eˈleno/	[/eˈleno/] 希腊的<形>；希腊人<名><noun>
prohibido	/pɾoiˈbido/	/pɾoiˈbido/	[pɾoiˈbido] 禁止<形>
caray	/kaˈɾai/	/kaˈɾai/	[kaˈɾai] 哎呀<叹>
arruinar	/arwiˈnaɾ/	/arwiˈnaɾ/	[arwiˈnaɾ] 毁坏；破坏；使破产<动>
masa	/ˈmasa/	/ˈmasa/	[ˈmasa] 面团<名>
existencia	/eɡsisˈtenθja/	/eɡsisˈtenθja/	[eɡsisˈtenθja] 存在<名>
túnel	/ˈtunel/	/ˈtunel/	[ˈtunel] 隧道<名>
industria	/inˈdustɾja/	/inˈdustɾja/	[inˈdustɾja] 工业<名>
colección	/koleɡˈθjon/	/koleɡˈθjon/	[koleɡˈθjon] 收藏<名>
fatal	/faˈtal/	/faˈtal/	[faˈtal] 致命的<形>
expediente	/eɡspeˈdjente/	/eɡspeˈdjente/	[eɡspeˈdjente] 文件<名>
putas	/ˈputas/	/ˈputas/	[ˈputas] 妓女<副>
petición	/petiˈθjon/	/petiˈθjon/	[petiˈθjon] 请求<名>
presentación	/pɾesentaˈθjon/	/pɾesentaˈθjon/	[pɾesentaˈθjon] 演示<名>
vendido	/benˈdido/	/benˈdido/	[benˈdido] 已售出<名>
cerebral	/θeɾeˈbɾal/	/θeɾeˈbɾal/	[θeɾeˈbɾal] 大脑的<形>
coraje	/koˈɾaxe/	/koˈɾaxe/	[koˈɾaxe] 勇气<名>
rubio	/ˈrubjo/	/ˈrubjo/	[ˈrubjo] 金发女郎<名>
mandar	/manˈdaɾ/	/manˈdaɾ/	[manˈdaɾ] 发送<动>
almorzar	/almoɾˈθaɾ/	/almoɾˈθaɾ/	[almoɾˈθaɾ] 吃午饭<动>
caridad	/kaɾiˈdad/	/kaɾiˈdad/	[kaɾiˈdad] 慈善事业<名>
llegada	/ʝeˈɡada/	/ʝeˈɡada/	[ʝeˈɡada] 到达<名>
capítulo	/kaˈpitulo/	/kaˈpitulo/	[kaˈpitulo] 章<名>
gasto	/ˈɡasto/	/ˈɡasto/	[ˈɡasto] 费用<名>
tarta	/ˈtaɾta/	/ˈtaɾta/	[ˈtaɾta] 蛋糕<名>
jersey	/xeɾˈsei/	/xeɾˈsei/	[xeɾˈsei] 球衣<名>
breve	/ˈbɾebe/	/ˈbɾebe/	[ˈbɾebe] 简要<名>
acero	/aˈθeɾo/	/aˈθeɾo/	[aˈθeɾo] 钢<名>
camarada	/kamaˈɾada/	/kamaˈɾada/	[kamaˈɾada] 同志<名>
confesión	/konfeˈsjon/	/konfeˈsjon/	[konfeˈsjon] 忏悔<名>
coartada	/koaɾˈtada/	/koaɾˈtada/	[koaɾˈtada] 不在场证明<名>
payaso	/paˈʝaso/	/paˈʝaso/	[paˈʝaso] 小丑<名>
rayo	/ˈraʝo/	/ˈraʝo/	[ˈraʝo] 闪电<名>
guay	/ˈɡwai/	/ˈɡwai/	[ˈɡwai] 酷<形>
político	/poˈlitiko/	/poˈlitiko/	[poˈlitiko] 政治家<名>
diseño	/diˈseɲo/	/diˈseɲo/	[diˈseɲo] 设计<名>
condenado	/kondeˈnado/	/kondeˈnado/	[kondeˈnado] 谴责<名>
convencido	/kombenˈθido/	/kombenˈθido/	[kombenˈθido] 确信<形>
italiano	/itaˈljano/	/itaˈljano/	[itaˈljano] 意大利语<名>
mm	/ˈeme ˈeme/	/ˈeme ˈeme/	毫米<名>
camiseta	/kamiˈseta/	/kamiˈseta/	[kamiˈseta] T恤<名>
impacto	/imˈpaɡto/	/imˈpaɡto/	[imˈpaɡto] 影响<名>
equipaje	/ekiˈpaxe/	/ekiˈpaxe/	[ekiˈpaxe] 行李<名>
sufrimiento	/sufɾiˈmjento/	/sufɾiˈmjento/	[sufɾiˈmjento] 苦难<名>
adolescente	/adolesˈθente/	/adolesˈθente/	[adolesˈθente] 青少年<名>
soltero	/solˈteɾo/	/solˈteɾo/	[solˈteɾo] 单身<名>
influencia	/inˈflwenθja/	/inˈflwenθja/	[inˈflwenθja] 影响力<名>
oxígeno	/oɡˈsixeno/	/oɡˈsixeno/	[oɡˈsixeno] 氧气<名>
experimento	/eɡspeɾiˈmento/	/eɡspeɾiˈmento/	[eɡspeɾiˈmento] 实验<名>
absurdo	/abˈsuɾdo/	/abˈsuɾdo/	[abˈsuɾdo] 荒谬的<名>
algun	/alˈɡun/	/alˈɡun/	[alˈɡun] 一些<形>
ponerle	/poˈneɾle/	/poˈneɾle/	[poˈneɾle] 给…加上；给…放上<动>
empiece	/emˈpjeθe/	/emˈpjeθe/	[/emˈpjeθe/] 开始（empezar 的虚拟式现在时）<动><noun>
devolver	/debolˈbeɾ/	/debolˈbeɾ/	[debolˈbeɾ] 返回<动>
propuesta	/pɾoˈpwesta/	/pɾoˈpwesta/	[pɾoˈpwesta] 提案<名>
cantante	/kanˈtante/	/kanˈtante/	[kanˈtante] 歌手<名>
traición	/tɾaiˈθjon/	/tɾaiˈθjon/	[tɾaiˈθjon] 背叛<名>
cementerio	/θemenˈteɾjo/	/θemenˈteɾjo/	[θemenˈteɾjo] 墓地<名>
florido	/floˈɾido/	/floˈɾido/	[floˈɾido] 华丽的<形>
pozo	/ˈpoθo/	/ˈpoθo/	[ˈpoθo] 井；水井；矿井；坑<名>
patrulla	/paˈtɾuʝa/	/paˈtɾuʝa/	[paˈtɾuʝa] 巡逻<名>
planear	/planeˈaɾ/	/planeˈaɾ/	[planeˈaɾ] 计划<动>
tragedia	/tɾaˈxedja/	/tɾaˈxedja/	[tɾaˈxedja] 悲剧<名>
procedimiento	/pɾoθediˈmjento/	/pɾoθediˈmjento/	[pɾoθediˈmjento] 程序<名>
fantasía	/fantaˈsia/	/fantaˈsia/	[fantaˈsia] 幻想<名>
billete	/biˈʝete/	/biˈʝete/	[biˈʝete] 票<名>
secuestro	/seˈkwestɾo/	/seˈkwestɾo/	[seˈkwestɾo] 绑架<名>
prestado	/pɾesˈtado/	/pɾesˈtado/	[pɾesˈtado] 借来的<形>
béisbol	/ˈbeisbol/	/ˈbeisbol/	[ˈbeisbol] 棒球<名>
conejo	/koˈnexo/	/koˈnexo/	[koˈnexo] 兔子<名>
significado	/siɡnifiˈkado/	/siɡnifiˈkado/	[siɡnifiˈkado] 意义<名>
cincuenta	/θinˈkwenta/	/θinˈkwenta/	[θinˈkwenta] 五十<数>
web	/ˈw̝eb/	/ˈw̝eb/	[ˈw̝eb] 网站<名>
apropiado	/apɾoˈpjado/	/apɾoˈpjado/	[apɾoˈpjado] 适当的<形>
robot	/roˈbot/	/roˈbot/	[roˈbot] 机器人<名>
considerado	/konsideˈɾado/	/konsideˈɾado/	[konsideˈɾado] 考虑到<形>
alcanzar	/alkanˈθaɾ/	/alkanˈθaɾ/	[alkanˈθaɾ] 达到<动>
patata	/paˈtata/	/paˈtata/	[paˈtata] 马铃薯<名>
continuación	/kontinwaˈθjon/	/kontinwaˈθjon/	[kontinwaˈθjon] 继续<名>
tradición	/tɾadiˈθjon/	/tɾadiˈθjon/	[tɾadiˈθjon] 传统<名>
ocultar	/okulˈtaɾ/	/okulˈtaɾ/	[okulˈtaɾ] 隐藏<动>
electricidad	/eleɡtɾiθiˈdad/	/eleɡtɾiθiˈdad/	[eleɡtɾiθiˈdad] 电力<名>
bebido	/beˈbido/	/beˈbido/	[beˈbido] 喝醉了<名>
reto	/ˈreto/	/ˈreto/	[ˈreto] 挑战<名>
aldea	/alˈdea/	/alˈdea/	[alˈdea] 村庄<名>
aguas	/ˈaɡwas/	/ˈaɡwas/	[ˈaɡwas] 水域<叹>
alli	/ˈaʝi/	/ˈaʝi/	那里<副>
cima	/ˈθima/	/ˈθima/	[ˈθima] 顶部<名>
cumplido	/kumˈplido/	/kumˈplido/	[kumˈplido] 实现了<名>
once	/ˈonθe/	/ˈonθe/	[ˈonθe] 十一<名>
terrorista	/teroˈɾista/	/teroˈɾista/	[teroˈɾista] 恐怖分子<名>
término	/ˈteɾmino/	/ˈteɾmino/	[ˈteɾmino] 术语<名>
revés	/reˈbes/	/reˈbes/	[reˈbes] 反向<名>
explotar	/eɡsploˈtaɾ/	/eɡsploˈtaɾ/	[eɡsploˈtaɾ] 爆炸<动>
nube	/ˈnube/	/ˈnube/	[ˈnube] 云<名>
circo	/ˈθiɾko/	/ˈθiɾko/	[ˈθiɾko] 马戏团<名>
tanque	/ˈtanke/	/ˈtanke/	[ˈtanke] 坦克<名>
uña	/ˈuɲa/	/ˈuɲa/	[ˈuɲa] 指甲；趾甲<名>
encargar	/enkaɾˈɡaɾ/	/enkaɾˈɡaɾ/	[enkaɾˈɡaɾ] 委托；订购；负责<动>
agradecido	/aɡɾadeˈθido/	/aɡɾadeˈθido/	[aɡɾadeˈθido] 感恩的<形>
terror	/teˈroɾ/	/teˈroɾ/	[teˈroɾ] 恐怖<名>
sacrificio	/sakɾiˈfiθjo/	/sakɾiˈfiθjo/	[sakɾiˈfiθjo] 牺牲<名>
destrucción	/destɾuɡˈθjon/	/destɾuɡˈθjon/	[destɾuɡˈθjon] 破坏<名>
texto	/ˈteɡsto/	/ˈteɡsto/	[/ˈteɡsto/] 文本<noun>
liga	/ˈliɡa/	/ˈliɡa/	[ˈliɡa] 联赛<名>
porno	/ˈpoɾno/	/ˈpoɾno/	[ˈpoɾno] 色情片<名>
olvido	/olˈbido/	/olˈbido/	[olˈbido] 遗忘<名>
colina	/koˈlina/	/koˈlina/	[koˈlina] 山<名>
sano	/ˈsano/	/ˈsano/	[ˈsano] 健康的<形>
musical	/musiˈkal/	/musiˈkal/	[musiˈkal] 音乐剧<名>
pastor	/pasˈtoɾ/	/pasˈtoɾ/	[pasˈtoɾ] 牧羊人<名>
naranja	/naˈɾanxa/	/naˈɾanxa/	[naˈɾanxa] 橙色<名>
batería	/bateˈɾia/	/bateˈɾia/	[bateˈɾia] 电池<名>
figura	/fiˈɡuɾa/	/fiˈɡuɾa/	[fiˈɡuɾa] 图<名>
caramba	/kaˈɾamba/	/kaˈɾamba/	[kaˈɾamba] 哎呀<叹>
callejón	/kaʝeˈxon/	/kaʝeˈxon/	[kaʝeˈxon] 胡同<名>
técnica	/ˈteɡnika/	/ˈteɡnika/	[ˈteɡnika] 技术<名>
notar	/noˈtaɾ/	/noˈtaɾ/	[noˈtaɾ] 注意到；察觉<动>
maquillaje	/makiˈʝaxe/	/makiˈʝaxe/	[makiˈʝaxe] 化妆<名>
lanzar	/lanˈθaɾ/	/lanˈθaɾ/	[lanˈθaɾ] 扔<动>
cubrir	/kuˈbɾiɾ/	/kuˈbɾiɾ/	[/kuˈbɾiɾ/] 覆盖；遮盖；掩盖<verb>
policial	/poliˈθjal/	/poliˈθjal/	[poliˈθjal] 警察<形>
fase	/ˈfase/	/ˈfase/	[ˈfase] 阶段<名>
armada	/aɾˈmada/	/aɾˈmada/	[aɾˈmada] 海军<名>
porquería	/poɾkeˈɾia/	/poɾkeˈɾia/	[poɾkeˈɾia] 废话<名>
superar	/supeˈɾaɾ/	/supeˈɾaɾ/	[supeˈɾaɾ] 克服<动>
sueldo	/ˈsweldo/	/ˈsweldo/	[ˈsweldo] 工资<名>
testimonio	/testiˈmonjo/	/testiˈmonjo/	[testiˈmonjo] 见证<名>
incómodo	/inˈkomodo/	/inˈkomodo/	[inˈkomodo] 不舒服<形>
costado	/kosˈtado/	/kosˈtado/	[kosˈtado] 侧面<名>
apagar	/apaˈɡaɾ/	/apaˈɡaɾ/	[apaˈɡaɾ] 关掉<动>
considerando	/konsideˈɾando/	/konsideˈɾando/	[/konsideˈɾando/] 考虑到，鉴于<名>（公文中的引言部分）；considerar 的副动词形式<noun>
bolsas	/ˈbolsas/	/ˈbolsas/	[ˈbolsas] 袋子<名>
diana	/ˈdjana/	/ˈdjana/	[ˈdjana] 戴安娜<名>
pasaporte	/pasaˈpoɾte/	/pasaˈpoɾte/	[pasaˈpoɾte] 护照<名>
infancia	/inˈfanθja/	/inˈfanθja/	[inˈfanθja] 童年<名>
solar	/soˈlaɾ/	/soˈlaɾ/	[soˈlaɾ] 太阳能<名>
roco	/ˈroko/	/ˈroko/	[ˈroko] 露水<形>
reverendo	/rebeˈɾendo/	/rebeˈɾendo/	[rebeˈɾendo] 牧师<形>
mediodía	/medjoˈdia/	/medjoˈdia/	[medjoˈdia] 中午<名>
golpeado	/ɡolpeˈado/	/ɡolpeˈado/	[ɡolpeˈado] 殴打<形>
destruido	/desˈtɾwido/	/desˈtɾwido/	[desˈtɾwido] 被摧毁<形>
reconocer	/rekonoˈθeɾ/	/rekonoˈθeɾ/	[rekonoˈθeɾ] 认出<动>
plástico	/ˈplastiko/	/ˈplastiko/	[ˈplastiko] 塑料<名>
barba	/ˈbaɾba/	/ˈbaɾba/	[ˈbaɾba] 胡须<名>
mago	/ˈmaɡo/	/ˈmaɡo/	[ˈmaɡo] 魔术师<名>
hoja	/ˈoxa/	/ˈoxa/	[ˈoxa] 叶<名>
hallar	/aˈʝaɾ/	/aˈʝaɾ/	[aˈʝaɾ] 找到<动>
mantequilla	/manteˈkiʝa/	/manteˈkiʝa/	[manteˈkiʝa] 黄油<名>
lidiar	/liˈdjaɾ/	/liˈdjaɾ/	[/liˈdjaɾ/] 处理；应对；斗牛<verb>
sentencia	/senˈtenθja/	/senˈtenθja/	[/senˈtenθja/] 判决；裁决；格言<noun>
ideal	/ideˈal/	/ideˈal/	[ideˈal] 理想的<名>
residencia	/resiˈdenθja/	/resiˈdenθja/	[resiˈdenθja] 居住地<名>
francamente	/ˌfɾankaˈmente/	/ˌfɾankaˈmente/	[ˌfɾankaˈmente] 坦白地说<副>
guerrero	/ɡeˈreɾo/	/ɡeˈreɾo/	[ɡeˈreɾo] 战士<名>
engañar	/enɡaˈɲaɾ/	/enɡaˈɲaɾ/	[enɡaˈɲaɾ] 作弊<动>
guante	/ˈɡwante/	/ˈɡwante/	[ˈɡwante] 手套<名>
recepción	/reθebˈθjon/	/reθebˈθjon/	[reθebˈθjon] 接待处<名>
logrado	/loˈɡɾado/	/loˈɡɾado/	[loˈɡɾado] 达到了<形>
comisión	/komiˈsjon/	/komiˈsjon/	[komiˈsjon] 佣金<名>
vampiro	/bamˈpiɾo/	/bamˈpiɾo/	[bamˈpiɾo] 吸血鬼<名>
sufrido	/suˈfɾido/	/suˈfɾido/	[suˈfɾido] 遭受<形>
cometer	/komeˈteɾ/	/komeˈteɾ/	[/komeˈteɾ/] 犯（错误、罪行）；做（错事）<verb>
docena	/doˈθena/	/doˈθena/	[doˈθena] 十几个<名>
lanza	/ˈlanθa/	/ˈlanθa/	[ˈlanθa] 矛<名>
lanzamiento	/lanθaˈmjento/	/lanθaˈmjento/	[lanθaˈmjento] 发射<名>
falla	/ˈfaʝa/	/ˈfaʝa/	[ˈfaʝa] 失败<名>
técnicamente	/ˌteɡnikaˈmente/	/ˌteɡnikaˈmente/	[ˌteɡnikaˈmente] 技术上<副>
medias	/ˈmejas/	/ˈmejas/	丝袜<名>
físico	/ˈfisiko/	/ˈfisiko/	[ˈfisiko] 物理的<名>
multitud	/multiˈtud/	/multiˈtud/	[multiˈtud] 人群<名>
potencial	/potenˈθjal/	/potenˈθjal/	[potenˈθjal] 潜力<名>
rutina	/ruˈtina/	/ruˈtina/	[ruˈtina] 例行公事<名>
progreso	/pɾoˈɡɾeso/	/pɾoˈɡɾeso/	[pɾoˈɡɾeso] 进展<名>
fascinante	/fasθiˈnante/	/fasθiˈnante/	[fasθiˈnante] 迷人的<形>
ensalada	/ensaˈlada/	/ensaˈlada/	[ensaˈlada] 沙拉<名>
cómoda	/ˈkomoda/	/ˈkomoda/	[ˈkomoda] 舒适<名>
equivocar	/ekiboˈkaɾ/	/ekiboˈkaɾ/	[ekiboˈkaɾ] 错误<动>
tubo	/ˈtubo/	/ˈtubo/	[ˈtubo] 管<名>
interrumpir	/interumˈpiɾ/	/interumˈpiɾ/	[interumˈpiɾ] 中断<动>
representar	/repɾesenˈtaɾ/	/repɾesenˈtaɾ/	[repɾesenˈtaɾ] 代表<动>
novela	/noˈbela/	/noˈbela/	[noˈbela] 小说<名>
herramienta	/eraˈmjenta/	/eraˈmjenta/	[eraˈmjenta] 工具<名>
apostar	/aposˈtaɾ/	/aposˈtaɾ/	[aposˈtaɾ] 打赌<动>
septiembre	/sebˈtjembɾe/	/sebˈtjembɾe/	[sebˈtjembɾe] 九月<名>
festival	/festiˈbal/	/festiˈbal/	[festiˈbal] 节日<名>
auxilio	/auɡˈsiljo/	/auɡˈsiljo/	[auɡˈsiljo] 帮助<名>
fracaso	/fɾaˈkaso/	/fɾaˈkaso/	[fɾaˈkaso] 失败<名>
berlín	/beɾlˈin/	/beɾlˈin/	柏林<名>
cañón	/kaˈɲon/	/kaˈɲon/	[/kaˈɲon/] 大炮；峡谷<名><adj>
fijar	/fiˈxaɾ/	/fiˈxaɾ/	[fiˈxaɾ] 修复<动>
votar	/boˈtaɾ/	/boˈtaɾ/	[boˈtaɾ] 投票<动>
infantil	/infanˈtil/	/infanˈtil/	[infanˈtil] 幼稚的<名>
estacionamiento	/estaθjonaˈmjento/	/estaθjonaˈmjento/	[estaθjonaˈmjento] 停车<名>
grita	/ˈɡɾita/	/ˈɡɾita/	[/ˈɡɾita/] 喊叫<动>（gritar 的第三人称单数变位）<noun>
ofrecer	/ofɾeˈθeɾ/	/ofɾeˈθeɾ/	[ofɾeˈθeɾ] 报价<动>
esclavo	/esˈklabo/	/esˈklabo/	[esˈklabo] 奴隶<名>
academia	/akaˈdemja/	/akaˈdemja/	[akaˈdemja] 学院<名>
viuda	/ˈbjuda/	/ˈbjuda/	[ˈbjuda] 寡妇<名>
reporte	/reˈpoɾte/	/reˈpoɾte/	[reˈpoɾte] 报告<名>
rob	/ˈrob/	/ˈrob/	[/ˈrob/] 抢劫；偷窃<noun>
advertencia	/adbeɾˈtenθja/	/adbeɾˈtenθja/	[adbeɾˈtenθja] 警告<名>
jugo	/ˈxuɡo/	/ˈxuɡo/	[ˈxuɡo] 果汁<名>
pico	/ˈpiko/	/ˈpiko/	[ˈpiko] 嘴尖；山顶；峰值<名>
amarillo	/amaˈɾiʝo/	/amaˈɾiʝo/	[amaˈɾiʝo] 黄色<名>
encargado	/enkaɾˈɡado/	/enkaɾˈɡado/	[enkaɾˈɡado] 经理<名>
so	/so/	/so/	[[so] （口语贬义前缀）这个；所谓的<noun>
as	/ˈas/	/ˈas/	[ˈas] 王牌<名>
drama	/ˈdɾama/	/ˈdɾama/	[ˈdɾama] 戏剧<名>
confundido	/konfunˈdido/	/konfunˈdido/	[konfunˈdido] 困惑<形>
inconsciente	/inkonsˈθjente/	/inkonsˈθjente/	[inkonsˈθjente] 无意识的<形>
estadounidense	/esˌtadouniˈdense/	/esˌtadouniˈdense/	[esˌtadouniˈdense] 美国<名>
informado	/infoɾˈmado/	/infoɾˈmado/	[infoɾˈmado] 知情的<形>
resuelto	/reˈswelto/	/reˈswelto/	[reˈswelto] 已解决<形>
cueva	/ˈkweba/	/ˈkweba/	[ˈkweba] 洞穴<名>
patético	/paˈtetiko/	/paˈtetiko/	[paˈtetiko] 可悲的<形>
abril	/aˈbɾil/	/aˈbɾil/	[aˈbɾil] 四月<名>
matemáticas	/mateˈmatikas/	/mateˈmatikas/	[mateˈmatikas] 数学<名>
eliminar	/elimiˈnaɾ/	/elimiˈnaɾ/	[elimiˈnaɾ] 删除<动>
causar	/kauˈsaɾ/	/kauˈsaɾ/	[/kauˈsaɾ/] 引起；导致；造成<verb>
vigilar	/bixiˈlaɾ/	/bixiˈlaɾ/	[/bixiˈlaɾ/] 监视；看守；警戒<verb>
función	/funˈθjon/	/funˈθjon/	[funˈθjon] 功能<名>
lectura	/leɡˈtuɾa/	/leɡˈtuɾa/	[leɡˈtuɾa] 阅读<名>
camarero	/kamaˈɾeɾo/	/kamaˈɾeɾo/	[kamaˈɾeɾo] 服务员<名>
cabina	/kaˈbina/	/kaˈbina/	[kaˈbina] 小屋<名>
deporte	/deˈpoɾte/	/deˈpoɾte/	[deˈpoɾte] 运动<名>
fuga	/ˈfuɡa/	/ˈfuɡa/	[ˈfuɡa] 逃脱<名>
champán	/t͡ʃamˈpan/	/t͡ʃamˈpan/	[t͡ʃamˈpan] 香槟<名>
formar	/foɾˈmaɾ/	/foɾˈmaɾ/	[/foɾˈmaɾ/] 形成；组成；培养<verb>
oreja	/oˈɾexa/	/oˈɾexa/	[oˈɾexa] 耳朵<名>
obligado	/obliˈɡado/	/obliˈɡado/	[obliˈɡado] 有义务的<形>
testamento	/testaˈmento/	/testaˈmento/	[/testaˈmento/] 遗嘱；圣约<noun>
extremadamente	/eɡstɾeˌmadaˈmente/	/eɡstɾeˌmadaˈmente/	[eɡstɾeˌmadaˈmente] 极其<副>
materia	/maˈteɾja/	/maˈteɾja/	[maˈteɾja] 事<名>
casco	/ˈkasko/	/ˈkasko/	[ˈkasko] 头盔<名>
agenda	/aˈxenda/	/aˈxenda/	[aˈxenda] 议程<名>
roso	/ˈroso/	/ˈroso/	[/ˈroso/] rosa 粉红色的<形>（roso 非标准词）<adj>
fabuloso	/fabuˈloso/	/fabuˈloso/	[fabuˈloso] 神话般的<形>
arruinado	/arwiˈnado/	/arwiˈnado/	[arwiˈnado] 毁了<形>
enterado	/enteˈɾado/	/enteˈɾado/	[enteˈɾado] 意识到<名>
junio	/ˈxunjo/	/ˈxunjo/	[ˈxunjo] 六月<名>
realizar	/realiˈθaɾ/	/realiˈθaɾ/	[realiˈθaɾ] 实现；进行<动>
hechizo	/eˈt͡ʃiθo/	/eˈt͡ʃiθo/	[eˈt͡ʃiθo] 咒语<名>
respiración	/respiɾaˈθjon/	/respiɾaˈθjon/	[respiɾaˈθjon] 呼吸<名>
extremo	/eɡsˈtɾemo/	/eɡsˈtɾemo/	[eɡsˈtɾemo] 极端<名>
historial	/istoˈɾjal/	/istoˈɾjal/	[istoˈɾjal] 历史<名>
extraordinario	/eɡstɾaoɾdiˈnaɾjo/	/eɡstɾaoɾdiˈnaɾjo/	[eɡstɾaoɾdiˈnaɾjo] 非凡的<形>
tigre	/ˈtiɡɾe/	/ˈtiɡɾe/	[ˈtiɡɾe] 老虎<名>
fianza	/ˈfjanθa/	/ˈfjanθa/	[ˈfjanθa] 保释<名>
auténtico	/auˈtentiko/	/auˈtentiko/	[auˈtentiko] 正宗的<形>
romance	/roˈmanθe/	/roˈmanθe/	[/roˈmanθe/] 罗曼语族的语言；西班牙民谣<名><noun>
miente	/ˈmjente/	/ˈmjente/	[/ˈmjente/] 说谎；撒谎<noun>
increíblemente	/inkɾeˌibleˈmente/	/inkɾeˌibleˈmente/	[inkɾeˌibleˈmente] 难以置信<副>
seco	/ˈseko/	/ˈseko/	[ˈseko] 干<名>
sagrado	/saˈɡɾado/	/saˈɡɾado/	[saˈɡɾado] 神圣的<形>
monte	/ˈmonte/	/ˈmonte/	[/ˈmonte/] 山；山林；山地<noun>
juguete	/xuˈɡete/	/xuˈɡete/	[xuˈɡete] 玩具<名>
enterar	/enteˈɾaɾ/	/enteˈɾaɾ/	[/enteˈɾaɾ/] 告知；通知；使得知<verb>
escapado	/eskaˈpado/	/eskaˈpado/	[eskaˈpado] 逃脱了<名>
pasajero	/pasaˈxeɾo/	/pasaˈxeɾo/	[pasaˈxeɾo] 乘客<名>
debilidad	/debiliˈdad/	/debiliˈdad/	[debiliˈdad] 弱点<名>
corbata	/koɾˈbata/	/koɾˈbata/	[koɾˈbata] 领带<名>
cuartel	/kwaɾˈtel/	/kwaɾˈtel/	[kwaɾˈtel] 军营<名>
cazar	/kaˈθaɾ/	/kaˈθaɾ/	[kaˈθaɾ] 狩猎<动>
convencer	/kombenˈθeɾ/	/kombenˈθeɾ/	[kombenˈθeɾ] 说服<动>
rollo	/ˈroʝo/	/ˈroʝo/	[ˈroʝo] 卷<名>
pescar	/pesˈkaɾ/	/pesˈkaɾ/	[/pesˈkaɾ/] 捕鱼；钓鱼<verb>
mezcla	/ˈmeθkla/	/ˈmeθkla/	[ˈmeθkla] 混合<名>
parejo	/paˈɾexo/	/paˈɾexo/	[/paˈɾexo/] 均匀的；平坦的；相等的<adj>
condicional	/kondiθjoˈnal/	/kondiθjoˈnal/	[kondiθjoˈnal] 有条件的<名>
giro	/ˈxiɾo/	/ˈxiɾo/	[ˈxiɾo] 扭转<名>
molestar	/molesˈtaɾ/	/molesˈtaɾ/	[molesˈtaɾ] 打扰<动>
gris	/ˈɡɾis/	/ˈɡɾis/	[ˈɡɾis] 灰色<名>
refuerzo	/reˈfweɾθo/	/reˈfweɾθo/	[reˈfweɾθo] 强化<名>
colgar	/kolˈɡaɾ/	/kolˈɡaɾ/	[kolˈɡaɾ] 挂<动>
arreglo	/aˈreɡlo/	/aˈreɡlo/	[aˈreɡlo] 安排<名>
plazo	/ˈplaθo/	/ˈplaθo/	[ˈplaθo] 期限；期间<名>
retiro	/reˈtiɾo/	/reˈtiɾo/	[reˈtiɾo] 退休<名>
gravedad	/ɡɾabeˈdad/	/ɡɾabeˈdad/	[ɡɾabeˈdad] 重力<名>
importe	/imˈpoɾte/	/imˈpoɾte/	[imˈpoɾte] 金额<名>
lata	/ˈlata/	/ˈlata/	[ˈlata] 金属罐；麻烦事<名>
vela	/ˈbela/	/ˈbela/	[ˈbela] 蜡烛<名>
símbolo	/ˈsimbolo/	/ˈsimbolo/	[ˈsimbolo] 符号<名>
reconocimiento	/rekonoθiˈmjento/	/rekonoθiˈmjento/	[rekonoθiˈmjento] 认可<名>
típico	/ˈtipiko/	/ˈtipiko/	[ˈtipiko] 典型的<名>
conducta	/konˈduɡta/	/konˈduɡta/	[konˈduɡta] 行为<名>
am	/ˈam/	/ˈam/	是<副>
participar	/paɾtiθiˈpaɾ/	/paɾtiθiˈpaɾ/	[paɾtiθiˈpaɾ] 参与<动>
lana	/ˈlana/	/ˈlana/	[ˈlana] 羊毛<名>
vendedor	/bendeˈdoɾ/	/bendeˈdoɾ/	[bendeˈdoɾ] 卖家<名>
estrés	/esˈtɾes/	/esˈtɾes/	[esˈtɾes] 压力<名>
césar	/ˈθesaɾ/	/ˈθesaɾ/	[ˈθesaɾ] 凯撒<名>
horario	/oˈɾaɾjo/	/oˈɾaɾjo/	[oˈɾaɾjo] 时间表<名>
identificar	/identifiˈkaɾ/	/identifiˈkaɾ/	[identifiˈkaɾ] 识别<动>
alfombra	/alˈfombɾa/	/alˈfombɾa/	[alˈfombɾa] 地毯<名>
preciso	/pɾeˈθiso/	/pɾeˈθiso/	[pɾeˈθiso] 精确的<形>
fan	/ˈfan/	/ˈfan/	[ˈfan] 风扇<名>
anciano	/anˈθjano/	/anˈθjano/	[anˈθjano] 老人<名>
petróleo	/peˈtɾoleo/	/peˈtɾoleo/	[peˈtɾoleo] 油<名>
rango	/ˈranɡo/	/ˈranɡo/	[/ˈranɡo/] 等级、级别<名><noun>
malvado	/malˈbado/	/malˈbado/	[malˈbado] 邪恶<形>
defender	/defenˈdeɾ/	/defenˈdeɾ/	[defenˈdeɾ] 捍卫<动>
jaula	/ˈxaula/	/ˈxaula/	[ˈxaula] 笼子<名>
comentario	/komenˈtaɾjo/	/komenˈtaɾjo/	[komenˈtaɾjo] 评论<名>
dosis	/ˈdosis/	/ˈdosis/	[ˈdosis] 剂量<名>
cartel	/kaɾˈtel/	/kaɾˈtel/	[kaɾˈtel] 海报<名>
cargar	/kaɾˈɡaɾ/	/kaɾˈɡaɾ/	[kaɾˈɡaɾ] 负载<动>
aproximadamente	/apɾoɡsiˌmadaˈmente/	/apɾoɡsiˌmadaˈmente/	[apɾoɡsiˌmadaˈmente] 大约<副>
postre	/ˈpostɾe/	/ˈpostɾe/	[ˈpostɾe] 甜点<名>
escala	/esˈkala/	/esˈkala/	[esˈkala] 规模<名>
pavo	/ˈpabo/	/ˈpabo/	[ˈpabo] 火鸡<名>
origen	/oˈɾixen/	/oˈɾixen/	[oˈɾixen] 起源<名>
considerar	/konsideˈɾaɾ/	/konsideˈɾaɾ/	[konsideˈɾaɾ] 考虑<动>
fiel	/ˈfjel/	/ˈfjel/	[ˈfjel] 忠实的<形>
embajador	/embaxaˈdoɾ/	/embaxaˈdoɾ/	[embaxaˈdoɾ] 大使<名>
tatuaje	/taˈtwaxe/	/taˈtwaxe/	[taˈtwaxe] 纹身<名>
población	/poblaˈθjon/	/poblaˈθjon/	[poblaˈθjon] 人口<名>
dormida	/doɾˈmida/	/doɾˈmida/	[doɾˈmida] 睡着了<名>
pandilla	/panˈdiʝa/	/panˈdiʝa/	[panˈdiʝa] 帮派<名>
agradar	/aɡɾaˈdaɾ/	/aɡɾaˈdaɾ/	[aɡɾaˈdaɾ] 使喜爱；取悦；使满意<动>
onda	/ˈonda/	/ˈonda/	[ˈonda] 波<名>
duque	/ˈduke/	/ˈduke/	[ˈduke] 公爵<名>
trono	/ˈtɾono/	/ˈtɾono/	[ˈtɾono] 王座<名>
canto	/ˈkanto/	/ˈkanto/	[ˈkanto] 唱歌<名>
aumento	/auˈmento/	/auˈmento/	[auˈmento] 增加<名>
esconder	/eskonˈdeɾ/	/eskonˈdeɾ/	[eskonˈdeɾ] 隐藏<动>
taller	/taˈʝeɾ/	/taˈʝeɾ/	[taˈʝeɾ] 车间<名>
practicar	/pɾaɡtiˈkaɾ/	/pɾaɡtiˈkaɾ/	[pɾaɡtiˈkaɾ] 练习<动>
armado	/aɾˈmado/	/aɾˈmado/	[aɾˈmado] 武装的<形>
atender	/atenˈdeɾ/	/atenˈdeɾ/	[atenˈdeɾ] 接待；照料<动>
we	/ˈwe/	/ˈwe/	[ˈwe] 我们<名>
costar	/kosˈtaɾ/	/kosˈtaɾ/	[kosˈtaɾ] 成本<动>
soñar	/soˈɲaɾ/	/soˈɲaɾ/	[soˈɲaɾ] 梦想<动>
juzgado	/xuθˈɡado/	/xuθˈɡado/	[xuθˈɡado] 法庭<名>
gallina	/ɡaˈʝina/	/ɡaˈʝina/	[ɡaˈʝina] 母鸡<名>
miguel	/miˈɡel/	/miˈɡel/	[miˈɡel] 迈克尔<代>
octubre	/oɡˈtubɾe/	/oɡˈtubɾe/	[oɡˈtubɾe] 十月<名>
dificil	/difiθˈil/	/difiθˈil/	困难<形>
besar	/beˈsaɾ/	/beˈsaɾ/	[beˈsaɾ] 亲吻<动>
lavar	/laˈbaɾ/	/laˈbaɾ/	[laˈbaɾ] 洗<动>
cuyo	/ˈkuʝo/	/ˈkuʝo/	[ˈkuʝo] 谁的<名>
emocional	/emoθjoˈnal/	/emoθjoˈnal/	[emoθjoˈnal] 情绪化的<形>
prometida	/pɾomeˈtida/	/pɾomeˈtida/	[pɾomeˈtida] 未婚妻<名>
molestia	/moˈlestja/	/moˈlestja/	[moˈlestja] 烦恼<名>
agarrar	/aɡaˈraɾ/	/aɡaˈraɾ/	[aɡaˈraɾ] 抢<动>
condena	/konˈdena/	/konˈdena/	[konˈdena] 谴责<名>
cafetería	/kafeteˈɾia/	/kafeteˈɾia/	[kafeteˈɾia] 自助餐厅<名>
dió	/diˈo/	/diˈo/	给了<动>
instinto	/insˈtinto/	/insˈtinto/	[insˈtinto] 本能<名>
emocionado	/emoθjoˈnado/	/emoθjoˈnado/	[emoθjoˈnado] 兴奋<形>
villa	/ˈbiʝa/	/ˈbiʝa/	[ˈbiʝa] 别墅<名>
normar	/noɾˈmaɾ/	/noɾˈmaɾ/	[noɾˈmaɾ] 规范<动>
potencia	/poˈtenθja/	/poˈtenθja/	[poˈtenθja] 电源<名>
receta	/reˈθeta/	/reˈθeta/	[reˈθeta] 食谱<名>
norma	/ˈnoɾma/	/ˈnoɾma/	[ˈnoɾma] 规范<名>
cocaína	/kokaˈina/	/kokaˈina/	[kokaˈina] 可卡因<名>
asesinar	/asesiˈnaɾ/	/asesiˈnaɾ/	[asesiˈnaɾ] 谋杀<动>
marihuana	/maɾiˈwana/	/maɾiˈwana/	[maɾiˈwana] 大麻<名>
congreso	/konˈɡɾeso/	/konˈɡɾeso/	[konˈɡɾeso] 国会<名>
capa	/ˈkapa/	/ˈkapa/	[ˈkapa] 斗篷；披风；层<名>
mágico	/ˈmaxiko/	/ˈmaxiko/	[ˈmaxiko] 神奇的<形>
beneficio	/beneˈfiθjo/	/beneˈfiθjo/	[beneˈfiθjo] 好处<名>
invito	/imˈbito/	/imˈbito/	[imˈbito] 我邀请<形>
período	/peˈɾiodo/	/peˈɾiodo/	[peˈɾiodo] 期间<名>
corredor	/koreˈdoɾ/	/koreˈdoɾ/	[koreˈdoɾ] 跑步者<名>
cortado	/koɾˈtado/	/koɾˈtado/	[koɾˈtado] 切<名>
nieto	/ˈnjeto/	/ˈnjeto/	[ˈnjeto] 孙子<名>
fraude	/ˈfɾaude/	/ˈfɾaude/	[ˈfɾaude] 欺诈<名>
sector	/seɡˈtoɾ/	/seɡˈtoɾ/	[seɡˈtoɾ] 部门<名>
furgoneta	/fuɾɡoˈneta/	/fuɾɡoˈneta/	[[fuɾɣoˈneta]] 厢式小货车<名><noun>
graduación	/ɡɾadwaˈθjon/	/ɡɾadwaˈθjon/	[ɡɾadwaˈθjon] 毕业<名>
alejado	/aleˈxado/	/aleˈxado/	[aleˈxado] 离开<形>
junior	/xuniˈoɾ/	/xuniˈoɾ/	初级<形>
complejo	/komˈplexo/	/komˈplexo/	[komˈplexo] 复杂的<名>
patas	/ˈpatas/	/ˈpatas/	[ˈpatas] 腿<名>
columna	/koˈlumna/	/koˈlumna/	[koˈlumna] 柱子；专栏<名>
clásico	/ˈklasiko/	/ˈklasiko/	[/ˈklasiko/] 经典的<形>；经典作品<名><noun>
saque	/ˈsake/	/ˈsake/	[/ˈsake/] 发球<名>；（sacar 的虚拟式）取出<动><noun>
hígado	/ˈiɡado/	/ˈiɡado/	[ˈiɡado] 肝脏<名>
mueble	/ˈmweble/	/ˈmweble/	[ˈmweble] 家具<名>
célula	/ˈθelula/	/ˈθelula/	[ˈθelula] 细胞<名>
presa	/ˈpɾesa/	/ˈpɾesa/	[ˈpɾesa] 水坝<名>
llenar	/ʝeˈnaɾ/	/ʝeˈnaɾ/	[ʝeˈnaɾ] 填充<动>
sonreír	/sonreˈiɾ/	/sonreˈiɾ/	[sonreˈiɾ] 微笑<动>
ordenar	/oɾdeˈnaɾ/	/oɾdeˈnaɾ/	[oɾdeˈnaɾ] 整理；排列；命令<动>
go	/ˈɡo/	/ˈɡo/	[ˈɡo] 去<名>
motel	/moˈtel/	/moˈtel/	[moˈtel] 汽车旅馆<名>
mentido	/menˈtido/	/menˈtido/	[menˈtido] 撒谎了<形>
house	/ˈxaus/	/ˈxaus/	[ˈxaus] 房子；住宅<名>
alimento	/aliˈmento/	/aliˈmento/	[aliˈmento] 食物<名>
presupuesto	/pɾesuˈpwesto/	/pɾesuˈpwesto/	[pɾesuˈpwesto] 预算<名>
ubicación	/ubikaˈθjon/	/ubikaˈθjon/	[ubikaˈθjon] 地点<名>
etapa	/eˈtapa/	/eˈtapa/	[eˈtapa] 阶段；时期<名>
idioma	/iˈdjoma/	/iˈdjoma/	[iˈdjoma] 语言<名>
fruta	/ˈfɾuta/	/ˈfɾuta/	[ˈfɾuta] 水果<名>
bendición	/bendiˈθjon/	/bendiˈθjon/	[bendiˈθjon] 祝福<名>
luis	/ˈlwis/	/ˈlwis/	[ˈlwis] 路易斯<名>
compasión	/kompaˈsjon/	/kompaˈsjon/	[kompaˈsjon] 同情心<名>
desarrollo	/desaˈroʝo/	/desaˈroʝo/	[desaˈroʝo] 发展<名>
vomitar	/bomiˈtaɾ/	/bomiˈtaɾ/	[bomiˈtaɾ] 呕吐<动>
cazador	/kaθaˈdoɾ/	/kaθaˈdoɾ/	[kaθaˈdoɾ] 猎人<名>
pesca	/ˈpeska/	/ˈpeska/	[ˈpeska] 钓鱼<名>
arco	/ˈaɾko/	/ˈaɾko/	[ˈaɾko] 弓<名>
fama	/ˈfama/	/ˈfama/	[ˈfama] 名声<名>
plano	/ˈplano/	/ˈplano/	[ˈplano] 平面；平面图；地图<名>
maíz	/maˈiθ/	/maˈiθ/	[maˈiθ] 玉米<名>
remedio	/reˈmedjo/	/reˈmedjo/	[reˈmedjo] 补救措施<名>
acostumbrado	/akostumˈbɾado/	/akostumˈbɾado/	[akostumˈbɾado] 习惯了<形>
green	/ˈɡɾin/	/ˈɡɾin/	[ˈɡɾin] 绿色<名>
disfraz	/disˈfɾaθ/	/disˈfɾaθ/	[disˈfɾaθ] 化装服；伪装<名>
química	/ˈkimika/	/ˈkimika/	[ˈkimika] 化学<名>
muelle	/ˈmweʝe/	/ˈmweʝe/	[ˈmweʝe] 码头<名>
tiroteo	/tiɾoˈteo/	/tiɾoˈteo/	[tiɾoˈteo] 射击<名>
enterrado	/enteˈrado/	/enteˈrado/	[enteˈrado] 埋葬<形>
acento	/aˈθento/	/aˈθento/	[aˈθento] 口音<名>
psiquiatra	/siˈkjatɾa/	/siˈkjatɾa/	[siˈkjatɾa] 精神科医生<名>
escoger	/eskoˈxeɾ/	/eskoˈxeɾ/	[eskoˈxeɾ] 选择<动>
indicar	/indiˈkaɾ/	/indiˈkaɾ/	[indiˈkaɾ] 表明<动>
bla	/blˈa/	/blˈa/	废话<名>
desayunar	/desaʝuˈnaɾ/	/desaʝuˈnaɾ/	[desaʝuˈnaɾ] 吃早餐<动>
ingeniero	/inxeˈnjeɾo/	/inxeˈnjeɾo/	[inxeˈnjeɾo] 工程师<名>
cráneo	/ˈkɾaneo/	/ˈkɾaneo/	[ˈkɾaneo] 头骨<名>
desesperado	/desespeˈɾado/	/desespeˈɾado/	[desespeˈɾado] 绝望的<形>
baby	/ˈbeibi/	/ˈbeibi/	[ˈbeibi] 宝贝<名>
separado	/sepaˈɾado/	/sepaˈɾado/	[sepaˈɾado] 分开<形>
queja	/ˈkexa/	/ˈkexa/	[ˈkexa] 投诉<名>
jugada	/xuˈɡada/	/xuˈɡada/	[/xuˈɡada/] 一步棋；一次进攻<名><noun>
signo	/ˈsiɡno/	/ˈsiɡno/	[ˈsiɡno] 标志<名>
descripción	/deskɾibˈθjon/	/deskɾibˈθjon/	[deskɾibˈθjon] 描述<名>
tercero	/teɾˈθeɾo/	/teɾˈθeɾo/	[teɾˈθeɾo] 第三<名>
estructura	/estɾuɡˈtuɾa/	/estɾuɡˈtuɾa/	[estɾuɡˈtuɾa] 结构<名>
rehén	/reˈen/	/reˈen/	[reˈen] 人质<名>
bombero	/bomˈbeɾo/	/bomˈbeɾo/	[bomˈbeɾo] 消防员<名>
horno	/ˈoɾno/	/ˈoɾno/	[ˈoɾno] 烤箱<名>
préstamo	/ˈpɾestamo/	/ˈpɾestamo/	[ˈpɾestamo] 贷款<名>
autopsia	/auˈtobsja/	/auˈtobsja/	[auˈtobsja] 尸检<名>
propietario	/pɾopjeˈtaɾjo/	/pɾopjeˈtaɾjo/	[pɾopjeˈtaɾjo] 业主<名>
cuarenta	/kwaˈɾenta/	/kwaˈɾenta/	[kwaˈɾenta] 四十<数>
profesión	/pɾofeˈsjon/	/pɾofeˈsjon/	[pɾofeˈsjon] 职业<名>
británico	/bɾiˈtaniko/	/bɾiˈtaniko/	[bɾiˈtaniko] 英国人<名>
agosto	/aˈɡosto/	/aˈɡosto/	[aˈɡosto] 八月<名>
marchar	/maɾˈt͡ʃaɾ/	/maɾˈt͡ʃaɾ/	[/maɾˈt͡ʃaɾ/] 行进<动><verb>
logar	/loˈɡaɾ/	/loˈɡaɾ/	[/loˈɡaɾ/] 地方<名><noun>
crecido	/kɾeˈθido/	/kɾeˈθido/	[kɾeˈθido] 长大了<形>
representante	/repɾesenˈtante/	/repɾesenˈtante/	[repɾesenˈtante] 代表<名>
vodka	/ˈbodka/	/ˈbodka/	[ˈbodka] 伏特加<名>
re	/ˈre/	/ˈre/	[/ˈre/] 重新<前缀><noun>
infeliz	/infeˈliθ/	/infeˈliθ/	[infeˈliθ] 不高兴<形>
generoso	/xeneˈɾoso/	/xeneˈɾoso/	[xeneˈɾoso] 慷慨<形>
brindis	/ˈbɾindis/	/ˈbɾindis/	[/ˈbɾindis/] 祝酒<名><noun>
directa	/diˈɾeɡta/	/diˈɾeɡta/	[/diˈɾeɡta/] 直接的<形><noun>
actualmente	/aɡˌtwalˈmente/	/aɡˌtwalˈmente/	[aɡˌtwalˈmente] 目前<副>
rifle	/ˈrifle/	/ˈrifle/	[ˈrifle] 步枪<名>
casino	/kaˈsino/	/kaˈsino/	[kaˈsino] 赌场<名>
logro	/ˈloɡɾo/	/ˈloɡɾo/	[ˈloɡɾo] 成就<名>
celos	/ˈθelos/	/ˈθelos/	[ˈθelos] 嫉妒<名>
estable	/esˈtable/	/esˈtable/	[esˈtable] 稳定<形>
escuadrón	/eskwaˈdɾon/	/eskwaˈdɾon/	[eskwaˈdɾon] 小队<名>
sospecha	/sosˈpet͡ʃa/	/sosˈpet͡ʃa/	[sosˈpet͡ʃa] 怀疑<名>
violento	/bjoˈlento/	/bjoˈlento/	[bjoˈlento] 暴力的<形>
relacionado	/relaθjoˈnado/	/relaθjoˈnado/	[relaθjoˈnado] 相关的<形>
negar	/neˈɡaɾ/	/neˈɡaɾ/	[neˈɡaɾ] 否认<动>
chaval	/t͡ʃaˈbal/	/t͡ʃaˈbal/	[t͡ʃaˈbal] 孩子<名>
macho	/ˈmat͡ʃo/	/ˈmat͡ʃo/	[ˈmat͡ʃo] 男<名>
constantemente	/konsˌtanteˈmente/	/konsˌtanteˈmente/	[konsˌtanteˈmente] 不断地<副>
borracha	/boˈrat͡ʃa/	/boˈrat͡ʃa/	[boˈrat͡ʃa] 喝醉了<名>
alivio	/aˈlibjo/	/aˈlibjo/	[/aˈlibjo/] 宽慰；缓解<名><noun>
trauma	/ˈtɾauma/	/ˈtɾauma/	[ˈtɾauma] 外伤<名>
exposición	/eɡsposiˈθjon/	/eɡsposiˈθjon/	[eɡsposiˈθjon] 展览<名>
negociar	/neɡoˈθjaɾ/	/neɡoˈθjaɾ/	[neɡoˈθjaɾ] 谈判<动>
región	/reˈxjon/	/reˈxjon/	[reˈxjon] 地区<名>
lógico	/ˈloxiko/	/ˈloxiko/	[ˈloxiko] 逻辑的<名>
sangrar	/sanˈɡɾaɾ/	/sanˈɡɾaɾ/	[sanˈɡɾaɾ] 流血<动>
traducido	/tɾaduˈθido/	/tɾaduˈθido/	[tɾaduˈθido] 翻译的<形>
narices	/naˈɾiθes/	/naˈɾiθes/	[naˈɾiθes] 鼻子<副>
engaño	/enˈɡaɲo/	/enˈɡaɲo/	[enˈɡaɲo] 欺骗<名>
acusación	/akusaˈθjon/	/akusaˈθjon/	[akusaˈθjon] 指控<名>
cirujano	/θiɾuˈxano/	/θiɾuˈxano/	[θiɾuˈxano] 外科医生<名>
cenizo	/θeˈniθo/	/θeˈniθo/	[θeˈniθo] 灰烬<名>
retraso	/reˈtɾaso/	/reˈtɾaso/	[reˈtɾaso] 延迟<名>
solicitud	/soliθiˈtud/	/soliθiˈtud/	[soliθiˈtud] 请求<名>
buscarla	/busˈkaɾla/	/busˈkaɾla/	[/busˈkaɾla/] 丘鹬<noun>
mona	/ˈmona/	/ˈmona/	[ˈmona] 母猴；雌猴<名>
prioridad	/pɾjoɾiˈdad/	/pɾjoɾiˈdad/	[pɾjoɾiˈdad] 优先级<名>
franco	/ˈfɾanko/	/ˈfɾanko/	[/ˈfɾanko/] 坦率的<形>；免税的<形>；法兰克人<名><noun>
dibujo	/diˈbuxo/	/diˈbuxo/	[diˈbuxo] 绘图<名>
almirante	/almiˈɾante/	/almiˈɾante/	[almiˈɾante] 海军上将<名>
gastar	/ɡasˈtaɾ/	/ɡasˈtaɾ/	[ɡasˈtaɾ] 花费<动>
conjunto	/konˈxunto/	/konˈxunto/	[konˈxunto] 设置<名>
invitar	/imbiˈtaɾ/	/imbiˈtaɾ/	[imbiˈtaɾ] 邀请<动>
alumno	/aˈlumno/	/aˈlumno/	[aˈlumno] 学生<名>
informar	/infoɾˈmaɾ/	/infoɾˈmaɾ/	[infoɾˈmaɾ] 告知<动>
nelson	/ˈnelson/	/ˈnelson/	[ˈnelson] 纳尔逊<副>
noviembre	/noˈbjembɾe/	/noˈbjembɾe/	[noˈbjembɾe] 十一月<名>
invisible	/imbiˈsible/	/imbiˈsible/	[imbiˈsible] 看不见的<形>
economía	/ekonoˈmia/	/ekonoˈmia/	[ekonoˈmia] 经济<名>
combinación	/kombinaˈθjon/	/kombinaˈθjon/	[kombinaˈθjon] 组合<名>
conectado	/koneɡˈtado/	/koneɡˈtado/	[koneɡˈtado] 已连接<形>
asumir	/asuˈmiɾ/	/asuˈmiɾ/	[asuˈmiɾ] 假设<动>
habitual	/abiˈtwal/	/abiˈtwal/	[abiˈtwal] 平常<名>
posesión	/poseˈsjon/	/poseˈsjon/	[poseˈsjon] 占有<名>
ministerio	/minisˈteɾjo/	/minisˈteɾjo/	[minisˈteɾjo] 部委<名>
saludable	/saluˈdable/	/saluˈdable/	[saluˈdable] 健康的<形>
firmado	/fiɾˈmado/	/fiɾˈmado/	[fiɾˈmado] 签署<形>
liberar	/libeˈɾaɾ/	/libeˈɾaɾ/	[libeˈɾaɾ] 释放<动>
toro	/ˈtoɾo/	/ˈtoɾo/	[ˈtoɾo] 公牛<名>
pintar	/pinˈtaɾ/	/pinˈtaɾ/	[pinˈtaɾ] 油漆<动>
eternidad	/eteɾniˈdad/	/eteɾniˈdad/	[eteɾniˈdad] 永恒<名>
similar	/simiˈlaɾ/	/simiˈlaɾ/	[simiˈlaɾ] 类似的<形>
tortura	/toɾˈtuɾa/	/toɾˈtuɾa/	[toɾˈtuɾa] 酷刑<名>
máxima	/ˈmaɡsima/	/ˈmaɡsima/	[ˈmaɡsima] 最大<名>
sra	/sɾˈa/	/sɾˈa/	夫人<名>
pulmón	/pulˈmon/	/pulˈmon/	[pulˈmon] 肺<名>
ratón	/raˈton/	/raˈton/	[raˈton] 鼠标<名>
eléctrica	/eˈleɡtɾika/	/eˈleɡtɾika/	[eˈleɡtɾika] 电动的<名>
productor	/pɾoduɡˈtoɾ/	/pɾoduɡˈtoɾ/	[pɾoduɡˈtoɾ] 制片人<名>
demuestra	/deˈmwestɾa/	/deˈmwestɾa/	[deˈmwestɾa] 展示<名>
reciente	/reˈθjente/	/reˈθjente/	[reˈθjente] 最近的<名>
enfrentar	/enfɾenˈtaɾ/	/enfɾenˈtaɾ/	[enfɾenˈtaɾ] 使面对；对抗；面临<动>
apariencia	/apaˈɾjenθja/	/apaˈɾjenθja/	[apaˈɾjenθja] 外观<名>
ave	/ˈabe/	/ˈabe/	[ˈabe] 鸟<名>
radiación	/radjaˈθjon/	/radjaˈθjon/	[radjaˈθjon] 辐射<名>
advertir	/adbeɾˈtiɾ/	/adbeɾˈtiɾ/	[adbeɾˈtiɾ] 警告<动>
quemado	/keˈmado/	/keˈmado/	[keˈmado] 烧毁<形>
corea	/koˈɾea/	/koˈɾea/	[/koˈɾea/] Corea（韩国，专有名词应大写）；小写 corea 为 corear 的动词变位<noun>
síntoma	/ˈsintoma/	/ˈsintoma/	[ˈsintoma] 症状<名>
japonés	/xapoˈnes/	/xapoˈnes/	[xapoˈnes] 日语<名>
juzgar	/xuθˈɡaɾ/	/xuθˈɡaɾ/	[xuθˈɡaɾ] 审判；判断；认为<动>
quemar	/keˈmaɾ/	/keˈmaɾ/	[keˈmaɾ] 烧伤<动>
marzo	/ˈmaɾθo/	/ˈmaɾθo/	[ˈmaɾθo] 三月<名>
cuarta	/ˈkwaɾta/	/ˈkwaɾta/	[ˈkwaɾta] 第四<名>
gatillo	/ɡaˈtiʝo/	/ɡaˈtiʝo/	[ɡaˈtiʝo] 触发器<名>
azar	/aˈθaɾ/	/aˈθaɾ/	[aˈθaɾ] 随机的<名>
soledad	/soleˈdad/	/soleˈdad/	[soleˈdad] 孤独<名>
vera	/ˈbeɾa/	/ˈbeɾa/	[/ˈbeɾa/] 边缘；边界；旁边<noun>
método	/ˈmetodo/	/ˈmetodo/	[ˈmetodo] 方法<名>
alfa	/ˈalfa/	/ˈalfa/	[ˈalfa] 阿尔法<名>
afecto	/aˈfeɡto/	/aˈfeɡto/	[aˈfeɡto] 感情<名>
alguacil	/alɡwaˈθil/	/alɡwaˈθil/	[alɡwaˈθil] 警长<名>
jugado	/xuˈɡado/	/xuˈɡado/	[xuˈɡado] 玩过<形>
excepción	/eɡsθebˈθjon/	/eɡsθebˈθjon/	[eɡsθebˈθjon] 异常<名>
dignidad	/diɡniˈdad/	/diɡniˈdad/	[diɡniˈdad] 尊严<名>
pasear	/paseˈaɾ/	/paseˈaɾ/	[paseˈaɾ] 漫步<动>
autorización	/autoɾiθaˈθjon/	/autoɾiθaˈθjon/	[autoɾiθaˈθjon] 授权<名>
concepto	/konˈθebto/	/konˈθebto/	[konˈθebto] 概念<名>
enseñado	/enseˈɲado/	/enseˈɲado/	[enseˈɲado] 教过的<形>
pato	/ˈpato/	/ˈpato/	[ˈpato] 鸭子<名>
padrino	/paˈdɾino/	/paˈdɾino/	[paˈdɾino] 教父<名>
generalmente	/xeneˌɾalˈmente/	/xeneˌɾalˈmente/	[xeneˌɾalˈmente] 一般来说<副>
numerar	/numeˈɾaɾ/	/numeˈɾaɾ/	[/numeˈɾaɾ/] 编号；计数<verb>
bebo	/ˈbebo/	/ˈbebo/	[ˈbebo] 我喝<名>
contratar	/kontɾaˈtaɾ/	/kontɾaˈtaɾ/	[kontɾaˈtaɾ] 雇用<动>
administración	/administɾaˈθjon/	/administɾaˈθjon/	[administɾaˈθjon] 行政管理<名>
inusual	/inuˈswal/	/inuˈswal/	[inuˈswal] 不寻常的<形>
feria	/ˈfeɾja/	/ˈfeɾja/	[/ˈfeɾja/] 集市；博览会；游乐场<noun>
mancha	/ˈmant͡ʃa/	/ˈmant͡ʃa/	[ˈmant͡ʃa] 污点<名>
leal	/leˈal/	/leˈal/	[leˈal] 忠诚的<形>
transmisión	/tɾansmiˈsjon/	/tɾansmiˈsjon/	[tɾansmiˈsjon] 传输<名>
tranquilizar	/tɾankiliˈθaɾ/	/tɾankiliˈθaɾ/	[tɾankiliˈθaɾ] 安抚<动>
asociación	/asoθjaˈθjon/	/asoθjaˈθjon/	[asoθjaˈθjon] 协会<名>
parto	/ˈpaɾto/	/ˈpaɾto/	[ˈpaɾto] 分娩<名>
pegado	/peˈɡado/	/peˈɡado/	[peˈɡado] 卡住了<形>
mafia	/ˈmafja/	/ˈmafja/	[ˈmafja] 黑手党<名>
poesía	/poeˈsia/	/poeˈsia/	[poeˈsia] 诗<名>
intercambio	/inteɾˈkambjo/	/inteɾˈkambjo/	[inteɾˈkambjo] 交换<名>
constante	/konsˈtante/	/konsˈtante/	[konsˈtante] 常数<名>
selva	/ˈselba/	/ˈselba/	[ˈselba] 丛林<名>
gane	/ˈɡane/	/ˈɡane/	[ˈɡane] 赢<名>
presentimiento	/pɾesentiˈmjento/	/pɾesentiˈmjento/	[pɾesentiˈmjento] 预感<名>
raíz	/raˈiθ/	/raˈiθ/	[raˈiθ] 根<名>
perspectiva	/peɾspeɡˈtiba/	/peɾspeɡˈtiba/	[peɾspeɡˈtiba] 观点<名>
escolar	/eskoˈlaɾ/	/eskoˈlaɾ/	[/eskoˈlaɾ/] 学校的；学龄的；学生<noun>
digno	/ˈdiɡno/	/ˈdiɡno/	[ˈdiɡno] 值得<形>
shock	/ˈʃok/	/ˈʃok/	[ˈʃok] 震惊<名>
quinto	/ˈkinto/	/ˈkinto/	[/ˈkinto/] 第五的<形><noun>
campana	/kamˈpana/	/kamˈpana/	[kamˈpana] 铃<名>
juramento	/xuɾaˈmento/	/xuɾaˈmento/	[xuɾaˈmento] 誓言<名>
ilusión	/iluˈsjon/	/iluˈsjon/	[iluˈsjon] 错觉<名>
vencer	/benˈθeɾ/	/benˈθeɾ/	[benˈθeɾ] 击败<动>
rezar	/reˈθaɾ/	/reˈθaɾ/	[reˈθaɾ] 祈祷<动>
hoyo	/ˈoʝo/	/ˈoʝo/	[ˈoʝo] 洞<名>
tristeza	/tɾisˈteθa/	/tɾisˈteθa/	[tɾisˈteθa] 悲伤<名>
doloroso	/doloˈɾoso/	/doloˈɾoso/	[doloˈɾoso] 痛苦的<形>
medicamento	/medikaˈmento/	/medikaˈmento/	[/medikaˈmento/] 药物；药品<noun>
ocupar	/okuˈpaɾ/	/okuˈpaɾ/	[okuˈpaɾ] 占据<动>
protocolo	/pɾotoˈkolo/	/pɾotoˈkolo/	[pɾotoˈkolo] 协议<名>
unir	/uˈniɾ/	/uˈniɾ/	[/uˈniɾ/] 联合；连接<verb>
vosotras	/boˈsotɾas/	/boˈsotɾas/	[boˈsotɾas] 你<代>
otoño	/oˈtoɲo/	/oˈtoɲo/	[oˈtoɲo] 秋天<名>
estatal	/estaˈtal/	/estaˈtal/	[estaˈtal] 状态<形>
candidato	/kandiˈdato/	/kandiˈdato/	[kandiˈdato] 候选人<名>
vencido	/benˈθido/	/benˈθido/	[benˈθido] 击败<形>
autor	/auˈtoɾ/	/auˈtoɾ/	[auˈtoɾ] 作者<名>
aéreo	/aˈeɾeo/	/aˈeɾeo/	[/aˈeɾeo/] 空中的；航空的<adj>
polla	/ˈpoʝa/	/ˈpoʝa/	[ˈpoʝa] 公鸡<名>
huelga	/ˈw̝elɡa/	/ˈw̝elɡa/	[ˈw̝elɡa] 罢工<名>
rabia	/ˈrabja/	/ˈrabja/	[ˈrabja] 愤怒<名>
callado	/kaˈʝado/	/kaˈʝado/	[kaˈʝado] 安静<形>
encender	/enθenˈdeɾ/	/enθenˈdeɾ/	[enθenˈdeɾ] 打开<动>
grosero	/ɡɾoˈseɾo/	/ɡɾoˈseɾo/	[ɡɾoˈseɾo] 粗鲁的<形>
rancho	/ˈrant͡ʃo/	/ˈrant͡ʃo/	[ˈrant͡ʃo] 牧场<名>
conflicto	/konˈfliɡto/	/konˈfliɡto/	[konˈfliɡto] 冲突<名>
conspiración	/konspiɾaˈθjon/	/konspiɾaˈθjon/	[konspiɾaˈθjon] 阴谋<名>
comando	/koˈmando/	/koˈmando/	[koˈmando] 命令<名>
gota	/ˈɡota/	/ˈɡota/	[/ˈɡota/] 滴；水滴；痛风<noun>
pa	/pˈa/	/pˈa/	[[pa] 爸爸；爹（papá的口语形式）<noun>
colonia	/koˈlonja/	/koˈlonja/	[koˈlonja] 殖民地<名>
medalla	/meˈdaʝa/	/meˈdaʝa/	[meˈdaʝa] 奖章<名>
contactar	/kontaɡˈtaɾ/	/kontaɡˈtaɾ/	[/kontaɡˈtaɾ/] 联系；联络<verb>
cabra	/ˈkabɾa/	/ˈkabɾa/	[ˈkabɾa] 山羊<名>
pariente	/paˈɾjente/	/paˈɾjente/	[paˈɾjente] 亲戚<名>
creído	/kɾeˈido/	/kɾeˈido/	[/kɾeˈido/] 自负的；自以为是的<adj>
ultimar	/ultiˈmaɾ/	/ultiˈmaɾ/	[ultiˈmaɾ] 敲定<动>
dieta	/ˈdjeta/	/ˈdjeta/	[ˈdjeta] 饮食<名>
correctamente	/koˌreɡtaˈmente/	/koˌreɡtaˈmente/	[koˌreɡtaˈmente] 正确地<副>
suelto	/ˈswelto/	/ˈswelto/	[ˈswelto] 宽松的<名>
elemento	/eleˈmento/	/eleˈmento/	[eleˈmento] 元素<名>
contener	/konteˈneɾ/	/konteˈneɾ/	[konteˈneɾ] 包含<动>
diciembre	/diˈθjembɾe/	/diˈθjembɾe/	[diˈθjembɾe] 十二月<名>
na	/ˈna/	/ˈna/	[/ˈna/] 无；什么也没有（nada的口语形式）<pron>
permanente	/peɾmaˈnente/	/peɾmaˈnente/	[peɾmaˈnente] 永久的<名>
comercio	/koˈmeɾθjo/	/koˈmeɾθjo/	[koˈmeɾθjo] 贸易<名>
jodidamente	/xoˌdidaˈmente/	/xoˌdidaˈmente/	[xoˌdidaˈmente] 他妈的<副>
grasa	/ˈɡɾasa/	/ˈɡɾasa/	[ˈɡɾasa] 脂肪<名>
infección	/infeɡˈθjon/	/infeɡˈθjon/	[infeɡˈθjon] 感染<名>
satisfecho	/satisˈfet͡ʃo/	/satisˈfet͡ʃo/	[satisˈfet͡ʃo] 满意<形>
envío	/emˈbio/	/emˈbio/	[/emˈbio/] 运输<名>；寄送的货物<名><noun>
desfile	/desˈfile/	/desˈfile/	[desˈfile] 游行<名>
suma	/ˈsuma/	/ˈsuma/	[ˈsuma] 总和<名>
conclusión	/konkluˈsjon/	/konkluˈsjon/	[konkluˈsjon] 结论<名>
atrapada	/atɾaˈpada/	/atɾaˈpada/	[atɾaˈpada] 被困<名>
cajón	/kaˈxon/	/kaˈxon/	[kaˈxon] 抽屉<名>
salve	/ˈsalbe/	/ˈsalbe/	[/ˈsalbe/] 你好；致敬；礼炮<intj>
ejecución	/exekuˈθjon/	/exekuˈθjon/	[exekuˈθjon] 执行<名>
misterioso	/misteˈɾjoso/	/misteˈɾjoso/	[misteˈɾjoso] 神秘的<形>
sándwich	/ˈsandwit͡ʃ/	/ˈsandwit͡ʃ/	[ˈsandwit͡ʃ] 三明治<名>
fortaleza	/foɾtaˈleθa/	/foɾtaˈleθa/	[/foɾtaˈleθa/] 堡垒<名>；坚强<名><noun>
furioso	/fuˈɾjoso/	/fuˈɾjoso/	[fuˈɾjoso] 愤怒的<形>
hamburguesa	/ambuɾˈɡesa/	/ambuɾˈɡesa/	[ambuɾˈɡesa] 汉堡包<名>
barbaro	/baɾˈbaɾo/	/baɾˈbaɾo/	[baɾˈbaɾo] 野蛮人<形>
salario	/saˈlaɾjo/	/saˈlaɾjo/	[saˈlaɾjo] 工资<名>
plena	/ˈplena/	/ˈplena/	[ˈplena] 满<名>
cuero	/ˈkweɾo/	/ˈkweɾo/	[ˈkweɾo] 皮革<名>
oculto	/oˈkulto/	/oˈkulto/	[oˈkulto] 隐藏的<形>
quema	/ˈkema/	/ˈkema/	[ˈkema] 燃烧<名>
temor	/teˈmoɾ/	/teˈmoɾ/	[teˈmoɾ] 恐惧<名>
bo	/ˈbo/	/ˈbo/	[/ˈbo/] （唤猪等牲畜的吆喝声）<intj>
comedor	/komeˈdoɾ/	/komeˈdoɾ/	[komeˈdoɾ] 餐厅<名>
aclarar	/aklaˈɾaɾ/	/aklaˈɾaɾ/	[aklaˈɾaɾ] 澄清<动>
ji	/ˈxi/	/ˈxi/	[ˈxi] 嘻<名>
valioso	/baˈljoso/	/baˈljoso/	[baˈljoso] 有价值的<形>
aguja	/aˈɡuxa/	/aˈɡuxa/	[aˈɡuxa] 针<名>
observar	/obseɾˈbaɾ/	/obseɾˈbaɾ/	[obseɾˈbaɾ] 观察<动>
desaparición	/desapaɾiˈθjon/	/desapaɾiˈθjon/	[desapaɾiˈθjon] 失踪<名>
sello	/ˈseʝo/	/ˈseʝo/	[ˈseʝo] 密封件<名>
deshacer	/desaˈθeɾ/	/desaˈθeɾ/	[desaˈθeɾ] 撤消<动>
tiburón	/tibuˈɾon/	/tibuˈɾon/	[tibuˈɾon] 鲨鱼<名>
formación	/foɾmaˈθjon/	/foɾmaˈθjon/	[foɾmaˈθjon] 培训<名>
decepcionado	/deθebθjoˈnado/	/deθebθjoˈnado/	[deθebθjoˈnado] 失望<形>
autopista	/autoˈpista/	/autoˈpista/	[autoˈpista] 高速公路<名>
evidente	/ebiˈdente/	/ebiˈdente/	[ebiˈdente] 明显的<形>
global	/ɡloˈbal/	/ɡloˈbal/	[ɡloˈbal] 全球<名>
confirmar	/konfiɾˈmaɾ/	/konfiɾˈmaɾ/	[konfiɾˈmaɾ] 确认<动>
pendiente	/penˈdjente/	/penˈdjente/	[penˈdjente] 耳环<名>
toalla	/toˈaʝa/	/toˈaʝa/	[toˈaʝa] 毛巾<名>
construido	/konsˈtɾwido/	/konsˈtɾwido/	[konsˈtɾwido] 建成<形>
creación	/kɾeaˈθjon/	/kɾeaˈθjon/	[kɾeaˈθjon] 创造<名>
temer	/teˈmeɾ/	/teˈmeɾ/	[teˈmeɾ] 恐惧<动>
be	/ˈbe/	/ˈbe/	[/ˈbe/] （西班牙语字母）B的名称<noun>
gusano	/ɡuˈsano/	/ɡuˈsano/	[ɡuˈsano] 蠕虫<名>
atmósfera	/adˈmosfeɾa/	/adˈmosfeɾa/	[adˈmosfeɾa] 气氛<名>
reunir	/reuˈniɾ/	/reuˈniɾ/	[reuˈniɾ] 聚集<动>
espiritual	/espiɾiˈtwal/	/espiɾiˈtwal/	[espiɾiˈtwal] 精神上的<名>
pensión	/penˈsjon/	/penˈsjon/	[penˈsjon] 养老金<名>
marica	/maˈɾika/	/maˈɾika/	[maˈɾika] 基佬<名>
república	/reˈpublika/	/reˈpublika/	[reˈpublika] 共和国<名>
embajada	/embaˈxada/	/embaˈxada/	[embaˈxada] 大使馆<名>
poema	/poˈema/	/poˈema/	[poˈema] 诗<名>
tenis	/ˈtenis/	/ˈtenis/	[ˈtenis] 网球<名>
civilización	/θibiliθaˈθjon/	/θibiliθaˈθjon/	[θibiliθaˈθjon] 文明<名>
patada	/paˈtada/	/paˈtada/	[paˈtada] 踢<名>
cuerdo	/ˈkweɾdo/	/ˈkweɾdo/	[ˈkweɾdo] 理智的<形>
pluma	/ˈpluma/	/ˈpluma/	[ˈpluma] 笔<名>
fallo	/ˈfaʝo/	/ˈfaʝo/	[ˈfaʝo] 失败<名>
iris	/ˈiɾis/	/ˈiɾis/	[ˈiɾis] 虹膜<名>
tirador	/tiɾaˈdoɾ/	/tiɾaˈdoɾ/	[tiɾaˈdoɾ] 射手<名>
aparato	/apaˈɾato/	/apaˈɾato/	[apaˈɾato] 仪器<名>
modales	/moˈdales/	/moˈdales/	[moˈdales] 礼仪<名>
horror	/oˈroɾ/	/oˈroɾ/	[oˈroɾ] 恐怖<名>
estatua	/esˈtatwa/	/esˈtatwa/	[esˈtatwa] 雕像<名>
mandado	/manˈdado/	/manˈdado/	[manˈdado] 已发送<名>
continuo	/konˈtinwo/	/konˈtinwo/	[konˈtinwo] 连续的<名>
siesta	/ˈsjesta/	/ˈsjesta/	[ˈsjesta] 打盹<名>
ausencia	/auˈsenθja/	/auˈsenθja/	[auˈsenθja] 缺席<名>
maletín	/maleˈtin/	/maleˈtin/	[maleˈtin] 公文包<名>
perfume	/peɾˈfume/	/peɾˈfume/	[peɾˈfume] 香水<名>
grabar	/ɡɾaˈbaɾ/	/ɡɾaˈbaɾ/	[ɡɾaˈbaɾ] 记录<动>
duelo	/ˈdwelo/	/ˈdwelo/	[ˈdwelo] 决斗<名>
organizar	/oɾɡaniˈθaɾ/	/oɾɡaniˈθaɾ/	[oɾɡaniˈθaɾ] 组织<动>
pervertido	/peɾbeɾˈtido/	/peɾbeɾˈtido/	[peɾbeɾˈtido] 变态<形>
radar	/raˈdaɾ/	/raˈdaɾ/	[raˈdaɾ] 雷达<名>
seriamente	/ˌseɾjaˈmente/	/ˌseɾjaˈmente/	[ˌseɾjaˈmente] 认真地<副>
probabilidad	/pɾobabiliˈdad/	/pɾobabiliˈdad/	[pɾobabiliˈdad] 概率<名>
capullo	/kaˈpuʝo/	/kaˈpuʝo/	[kaˈpuʝo] 茧<名>
dana	/ˈdana/	/ˈdana/	[ˈdana] 达纳<名>
hall	/ˈxol/	/ˈxol/	[ˈxol] 大厅<名>
telefónico	/teleˈfoniko/	/teleˈfoniko/	[teleˈfoniko] 电话<形>
micrófono	/miˈkɾofono/	/miˈkɾofono/	[miˈkɾofono] 麦克风<名>
margen	/ˈmaɾxen/	/ˈmaɾxen/	[/ˈmaɾxen/] 边缘；页边空白；河岸；余地<noun>
gesto	/ˈxesto/	/ˈxesto/	[ˈxesto] 手势<名>
embarazo	/embaˈɾaθo/	/embaˈɾaθo/	[embaˈɾaθo] 怀孕<名>
encajar	/enkaˈxaɾ/	/enkaˈxaɾ/	[enkaˈxaɾ] 适合<动>
consuelo	/konˈswelo/	/konˈswelo/	[/konˈswelo/] 安慰；慰藉<noun>
sabiduría	/sabiduˈɾia/	/sabiduˈɾia/	[sabiduˈɾia] 智慧<名>
mágica	/ˈmaxika/	/ˈmaxika/	[ˈmaxika] 神奇的<名>
terriblemente	/teˌribleˈmente/	/teˌribleˈmente/	[teˌribleˈmente] 可怕地<副>
susto	/ˈsusto/	/ˈsusto/	[ˈsusto] 吓唬<名>
hada	/ˈada/	/ˈada/	[ˈada] 仙女<名>
vidrio	/ˈbidɾjo/	/ˈbidɾjo/	[ˈbidɾjo] 玻璃<名>
desorden	/desˈoɾden/	/desˈoɾden/	[desˈoɾden] 紊乱<名>
alimentar	/alimenˈtaɾ/	/alimenˈtaɾ/	[/alimenˈtaɾ/] 喂养；饲养；供养<verb>
boleto	/boˈleto/	/boˈleto/	[boˈleto] 票<名>
lavado	/laˈbado/	/laˈbado/	[laˈbado] 洗<名>
confusión	/konfuˈsjon/	/konfuˈsjon/	[konfuˈsjon] 混乱<名>
facultad	/fakulˈtad/	/fakulˈtad/	[/fakulˈtad/] 能力；才能；（大学）院系<noun>
mochila	/moˈt͡ʃila/	/moˈt͡ʃila/	[moˈt͡ʃila] 背包<名>
satélite	/saˈtelite/	/saˈtelite/	[saˈtelite] 卫星<名>
independiente	/indepenˈdjente/	/indepenˈdjente/	[indepenˈdjente] 独立的<形>
enero	/eˈneɾo/	/eˈneɾo/	[eˈneɾo] 一月<名>
diosa	/ˈdjosa/	/ˈdjosa/	[ˈdjosa] 女神<名>
barón	/baˈɾon/	/baˈɾon/	[baˈɾon] 男爵<名>
nocturno	/noɡˈtuɾno/	/noɡˈtuɾno/	[noɡˈtuɾno] 夜间活动的<名>
timbre	/ˈtimbɾe/	/ˈtimbɾe/	[ˈtimbɾe] 门铃<名>
establecer	/estableˈθeɾ/	/estableˈθeɾ/	[estableˈθeɾ] 建立<动>
araña	/aˈɾaɲa/	/aˈɾaɲa/	[aˈɾaɲa] 蜘蛛<名>
correos	/koˈreos/	/koˈreos/	[/koˈreos/] 邮政；邮件<noun>
martillo	/maɾˈtiʝo/	/maɾˈtiʝo/	[maɾˈtiʝo] 锤子<名>
eterno	/eˈteɾno/	/eˈteɾno/	[eˈteɾno] 永恒的<形>
inicio	/iˈniθjo/	/iˈniθjo/	[/iˈniθjo/] 开始；开端<noun>
impresionado	/impɾesjoˈnado/	/impɾesjoˈnado/	[impɾesjoˈnado] 印象深刻<形>
estelar	/esteˈlaɾ/	/esteˈlaɾ/	[esteˈlaɾ] 恒星的<形>
álbum	/ˈalbum/	/ˈalbum/	[ˈalbum] 专辑<名>
interno	/inˈteɾno/	/inˈteɾno/	[inˈteɾno] 内部<名>
ola	/ˈola/	/ˈola/	[ˈola] 波<名>
retrato	/reˈtɾato/	/reˈtɾato/	[reˈtɾato] 肖像<名>
justa	/ˈxusta/	/ˈxusta/	[ˈxusta] 公平<名>
repugnante	/repuɡˈnante/	/repuɡˈnante/	[repuɡˈnante] 恶心的<形>
confesar	/konfeˈsaɾ/	/konfeˈsaɾ/	[konfeˈsaɾ] 坦白<动>
vaco	/ˈbako/	/ˈbako/	[/ˈbako/] （西语中无此词，应为 vacío）空的<形><noun>
respiro	/resˈpiɾo/	/resˈpiɾo/	[resˈpiɾo] 我呼吸<名>
ganancia	/ɡaˈnanθja/	/ɡaˈnanθja/	[ɡaˈnanθja] 利润<名>
comedia	/koˈmedja/	/koˈmedja/	[koˈmedja] 喜剧<名>
boy	/ˈboi/	/ˈboi/	[ˈboi] 男孩<名>
chip	/ˈt͡ʃip/	/ˈt͡ʃip/	[ˈt͡ʃip] 筹码<名>
inversión	/imbeɾˈsjon/	/imbeɾˈsjon/	[imbeɾˈsjon] 投资<名>
gemelo	/xeˈmelo/	/xeˈmelo/	[xeˈmelo] 双胞胎<名>
timar	/tiˈmaɾ/	/tiˈmaɾ/	[tiˈmaɾ] 骗局<动>
seda	/ˈseda/	/ˈseda/	[ˈseda] 丝绸<名>
malentendido	/malentenˈdido/	/malentenˈdido/	[malentenˈdido] 误会<名>
diamante	/djaˈmante/	/djaˈmante/	[djaˈmante] 钻石<名>
cojo	/ˈkoxo/	/ˈkoxo/	[ˈkoxo] 跛脚的<名>
avergonzado	/abeɾɡonˈθado/	/abeɾɡonˈθado/	[abeɾɡonˈθado] 尴尬<形>
cobrar	/koˈbɾaɾ/	/koˈbɾaɾ/	[koˈbɾaɾ] 收费<动>
dificultad	/difikulˈtad/	/difikulˈtad/	[difikulˈtad] 难度<名>
lápiz	/ˈlapiθ/	/ˈlapiθ/	[ˈlapiθ] 铅笔<名>
tara	/ˈtaɾa/	/ˈtaɾa/	[ˈtaɾa] 皮重<名>
avenida	/abeˈnida/	/abeˈnida/	[abeˈnida] 大道<名>
bruno	/ˈbɾuno/	/ˈbɾuno/	[ˈbɾuno] 布鲁诺<形>
euro	/ˈeuɾo/	/ˈeuɾo/	[ˈeuɾo] 欧元<名>
salva	/ˈsalba/	/ˈsalba/	[ˈsalba] 保存<名>
explosivo	/eɡsploˈsibo/	/eɡsploˈsibo/	[eɡsploˈsibo] 爆炸物<名>
ataúd	/ataˈud/	/ataˈud/	[ataˈud] 棺材<名>
cancelar	/kanθeˈlaɾ/	/kanθeˈlaɾ/	[kanθeˈlaɾ] 取消<动>
encendido	/enθenˈdido/	/enθenˈdido/	[/enθenˈdido/] 点火；点燃；开启<noun>
coro	/ˈkoɾo/	/ˈkoɾo/	[ˈkoɾo] 合唱团<名>
urgencia	/uɾˈxenθja/	/uɾˈxenθja/	[uɾˈxenθja] 紧迫性<名>
manual	/maˈnwal/	/maˈnwal/	[maˈnwal] 手册<名>
privacidad	/pɾibaθiˈdad/	/pɾibaθiˈdad/	[pɾibaθiˈdad] 隐私<名>
recuperación	/rekupeɾaˈθjon/	/rekupeɾaˈθjon/	[rekupeɾaˈθjon] 恢复<名>
cuartos	/ˈkwaɾtos/	/ˈkwaɾtos/	[ˈkwaɾtos] 宿舍<名>
semejante	/semeˈxante/	/semeˈxante/	[semeˈxante] 类似的<形>
sobra	/ˈsobɾa/	/ˈsobɾa/	[ˈsobɾa] 剩下的<名>
presentado	/pɾesenˈtado/	/pɾesenˈtado/	[/pɾesenˈtado/] 介绍；提交（presentar 的过去分词）<adj>
basado	/baˈsaðo/	/baˈsaðo/	基于<形>
paro	/ˈpaɾo/	/ˈpaɾo/	[ˈpaɾo] 失业<名>
dino	/ˈdino/	/ˈdino/	[ˈdino] 恐龙<形>
saludar	/saluˈdaɾ/	/saluˈdaɾ/	[saluˈdaɾ] 打招呼<动>
nido	/ˈnido/	/ˈnido/	[ˈnido] 巢<名>
plataforma	/plataˈfoɾma/	/plataˈfoɾma/	[plataˈfoɾma] 平台<名>
afortunadamente	/afoɾtuˌnadaˈmente/	/afoɾtuˌnadaˈmente/	[afoɾtuˌnadaˈmente] 幸运的是<副>
pagué	/paˈɡe/	/paˈɡe/	[paˈɡe] 我付了钱<名>
objeción	/obxeˈθjon/	/obxeˈθjon/	[obxeˈθjon] 反对<名>
clan	/ˈklan/	/ˈklan/	[ˈklan] 氏族<名>
chance	/ˈt͡ʃanθe/	/ˈt͡ʃanθe/	[ˈt͡ʃanθe] 机会<名>
vital	/biˈtal/	/biˈtal/	[biˈtal] 至关重要的<形>
pañuelo	/paɲuˈelo/	/paɲuˈelo/	[paɲuˈelo] 手帕<名>
preso	/ˈpɾeso/	/ˈpɾeso/	[ˈpɾeso] 囚犯<名>
durar	/duˈɾaɾ/	/duˈɾaɾ/	[duˈɾaɾ] 最后<动>
halloween	/ˈxalowin/	/ˈxalowin/	[ˈxalowin] 万圣节<名>
aguardar	/aɡwaɾˈdaɾ/	/aɡwaɾˈdaɾ/	[aɡwaɾˈdaɾ] 等待<动>
niebla	/ˈnjebla/	/ˈnjebla/	[ˈnjebla] 雾<名>
psicópata	/siˈkopata/	/siˈkopata/	[/siˈkopata/] 精神变态者；反社会人格者<noun>
rodear	/rodeˈaɾ/	/rodeˈaɾ/	[rodeˈaɾ] 环绕<动>
cal	/ˈkal/	/ˈkal/	[ˈkal] 石灰<名>
culpar	/kulˈpaɾ/	/kulˈpaɾ/	[kulˈpaɾ] 责备<动>
colgado	/kolˈɡado/	/kolˈɡado/	[kolˈɡado] 挂<形>
goma	/ˈɡoma/	/ˈɡoma/	[ˈɡoma] 橡胶<名>
talla	/ˈtaʝa/	/ˈtaʝa/	[ˈtaʝa] 尺码；身高<名>
oración	/oɾaˈθjon/	/oɾaˈθjon/	[oɾaˈθjon] 祈祷<名>
acercar	/aθeɾˈkaɾ/	/aθeɾˈkaɾ/	[/aθeɾˈkaɾ/] 使靠近；使接近<verb>
cómplice	/ˈkompliθe/	/ˈkompliθe/	[ˈkompliθe] 同谋<名>
licor	/liˈkoɾ/	/liˈkoɾ/	[liˈkoɾ] 酒<名>
teme	/ˈteme/	/ˈteme/	[/ˈteme/] 害怕；恐惧<noun>
ídolo	/ˈidolo/	/ˈidolo/	[ˈidolo] 偶像<名>
sindicato	/sindiˈkato/	/sindiˈkato/	[sindiˈkato] 联盟<名>
fallar	/faˈʝaɾ/	/faˈʝaɾ/	[faˈʝaɾ] 失败<动>
globo	/ˈɡlobo/	/ˈɡlobo/	[ˈɡlobo] 气球<名>
audición	/audiˈθjon/	/audiˈθjon/	[audiˈθjon] 听力<名>
almohada	/almoˈada/	/almoˈada/	[almoˈada] 枕头<名>
rehabilitación	/reabilitaˈθjon/	/reabilitaˈθjon/	[reabilitaˈθjon] 康复<名>
galaxia	/ɡaˈlaɡsja/	/ɡaˈlaɡsja/	[ɡaˈlaɡsja] 银河系<名>
curar	/kuˈɾaɾ/	/kuˈɾaɾ/	[kuˈɾaɾ] 治愈<动>
elefante	/eleˈfante/	/eleˈfante/	[eleˈfante] 大象<名>
guardián	/ɡwaɾˈdjan/	/ɡwaɾˈdjan/	[ɡwaɾˈdjan] 监护人<名>
tejido	/teˈxido/	/teˈxido/	[teˈxido] 布料<名>
atacado	/ataˈkado/	/ataˈkado/	[ataˈkado] 受到攻击<形>
vagina	/baˈxina/	/baˈxina/	[baˈxina] 阴道<名>
levantado	/lebanˈtado/	/lebanˈtado/	[lebanˈtado] 举起<形>
tabla	/ˈtabla/	/ˈtabla/	[/ˈtabla/] 木板；板；表格<noun>
escudo	/esˈkudo/	/esˈkudo/	[esˈkudo] 盾牌<名>
bañero	/baˈɲeɾo/	/baˈɲeɾo/	[/baˈɲeɾo/] 救生员；浴场服务员<noun>
pop	/ˈpop/	/ˈpop/	[ˈpop] 流行音乐<名>
moderno	/moˈdeɾno/	/moˈdeɾno/	[moˈdeɾno] 现代的<形>
interrogatorio	/interoɡaˈtoɾjo/	/interoɡaˈtoɾjo/	[interoɡaˈtoɾjo] 审讯<名>
brasil	/bɾaˈsil/	/bɾaˈsil/	[bɾaˈsil] 巴西<名>
asistencia	/asisˈtenθja/	/asisˈtenθja/	[asisˈtenθja] 援助<名>
novato	/noˈbato/	/noˈbato/	[noˈbato] 新手<名>
avisar	/abiˈsaɾ/	/abiˈsaɾ/	[abiˈsaɾ] 警告<动>
hemorragia	/emoˈraxja/	/emoˈraxja/	[emoˈraxja] 出血<名>
convenir	/kombeˈniɾ/	/kombeˈniɾ/	[kombeˈniɾ] 同意<动>
ajá	/aˈxa/	/aˈxa/	[aˈxa] 啊哈<叹>
perrito	/peˈrito/	/peˈrito/	[peˈrito] 小狗<名>
caí	/kaˈi/	/kaˈi/	[kaˈi] 我摔倒了<名>
fenómeno	/feˈnomeno/	/feˈnomeno/	[feˈnomeno] 现象<名>
coca	/ˈkoka/	/ˈkoka/	[/ˈkoka/] 古柯（植物）；可卡因<名><noun>
perseguir	/peɾseˈɡiɾ/	/peɾseˈɡiɾ/	[peɾseˈɡiɾ] 追逐<动>
lotería	/loteˈɾia/	/loteˈɾia/	[loteˈɾia] 彩票<名>
certificado	/θeɾtifiˈkado/	/θeɾtifiˈkado/	[θeɾtifiˈkado] 证书<名>
bigote	/biˈɡote/	/biˈɡote/	[biˈɡote] 小胡子<名>
bondad	/bonˈdad/	/bonˈdad/	[bonˈdad] 仁慈<名>
aterrizar	/ateriˈθaɾ/	/ateriˈθaɾ/	[/ateriˈθaɾ/] 着陆；降落<verb>
misil	/miˈsil/	/miˈsil/	[miˈsil] 导弹<名>
despedir	/despeˈdiɾ/	/despeˈdiɾ/	[despeˈdiɾ] 解雇<动>
avance	/aˈbanθe/	/aˈbanθe/	[aˈbanθe] 提前<名>
tumor	/tuˈmoɾ/	/tuˈmoɾ/	[tuˈmoɾ] 肿瘤<名>
herencia	/eˈɾenθja/	/eˈɾenθja/	[eˈɾenθja] 继承<名>
vaquero	/baˈkeɾo/	/baˈkeɾo/	[baˈkeɾo] 牛仔<名>
patria	/ˈpatɾja/	/ˈpatɾja/	[ˈpatɾja] 祖国<名>
apagado	/apaˈɡado/	/apaˈɡado/	[apaˈɡado] 关闭<形>
rastrear	/rastɾeˈaɾ/	/rastɾeˈaɾ/	[/rastɾeˈaɾ/] 追踪；跟踪<verb>
campeonato	/kampeoˈnato/	/kampeoˈnato/	[kampeoˈnato] 冠军<名>
técnico	/ˈteɡniko/	/ˈteɡniko/	[ˈteɡniko] 技术员<名>
injusto	/inˈxusto/	/inˈxusto/	[inˈxusto] 不公平<形>
activo	/aɡˈtibo/	/aɡˈtibo/	[aɡˈtibo] 活跃的<名>
galería	/ɡaleˈɾia/	/ɡaleˈɾia/	[ɡaleˈɾia] 画廊<名>
vió	/biˈo/	/biˈo/	[[ˈbjo] 看见；看到<verb>
enseña	/enˈseɲa/	/enˈseɲa/	[enˈseɲa] 教<名>
editor	/ediˈtoɾ/	/ediˈtoɾ/	[ediˈtoɾ] 编辑<名>
liberación	/libeɾaˈθjon/	/libeɾaˈθjon/	[libeɾaˈθjon] 释放<名>
quinta	/ˈkinta/	/ˈkinta/	[ˈkinta] 第五<名>
levante	/leˈbante/	/leˈbante/	[/leˈbante/] 东方；东风；升起<noun>
pesa	/ˈpesa/	/ˈpesa/	[ˈpesa] 称重<名>
lance	/ˈlanθe/	/ˈlanθe/	[/ˈlanθe/] 意外事件；投掷<noun>
resistir	/resisˈtiɾ/	/resisˈtiɾ/	[resisˈtiɾ] 抵抗<动>
arriesgado	/arjesˈɡado/	/arjesˈɡado/	[arjesˈɡado] 有风险的<形>
agallas	/aˈɡaʝas/	/aˈɡaʝas/	[aˈɡaʝas] 胆量<名>
volumen	/boˈlumen/	/boˈlumen/	[boˈlumen] 体积<名>
bailarín	/bailaˈɾin/	/bailaˈɾin/	[bailaˈɾin] 舞者<名>
edición	/ediˈθjon/	/ediˈθjon/	[ediˈθjon] 版本<名>
debate	/deˈbate/	/deˈbate/	[deˈbate] 辩论<名>
poeta	/poˈeta/	/poˈeta/	[poˈeta] 诗人<名>
doña	/ˈdoɲa/	/ˈdoɲa/	[ˈdoɲa] 女士<名>
manta	/ˈmanta/	/ˈmanta/	[ˈmanta] 毯子<名>
competir	/kompeˈtiɾ/	/kompeˈtiɾ/	[kompeˈtiɾ] 竞争<动>
nazi	/ˈnaθi/	/ˈnaθi/	[ˈnaθi] 纳粹<名>
frito	/ˈfɾito/	/ˈfɾito/	[ˈfɾito] 油炸的<名>
dentista	/denˈtista/	/denˈtista/	[denˈtista] 牙医<名>
menú	/meˈnu/	/meˈnu/	[meˈnu] 菜单<名>
may	/mˈaj/	/mˈaj/	[[maj] 五月<noun>
necesariamente	/neθeˌsaɾjaˈmente/	/neθeˌsaɾjaˈmente/	[neθeˌsaɾjaˈmente] 必然<副>
descubrimiento	/deskubɾiˈmjento/	/deskubɾiˈmjento/	[deskubɾiˈmjento] 发现<名>
organizado	/oɾɡaniˈθado/	/oɾɡaniˈθado/	[oɾɡaniˈθado] 有组织的<形>
apetito	/apeˈtito/	/apeˈtito/	[apeˈtito] 食欲<名>
visual	/biˈswal/	/biˈswal/	[biˈswal] 视觉的<形>
acostado	/akosˈtado/	/akosˈtado/	[akosˈtado] 躺着<形>
ángulo	/ˈanɡulo/	/ˈanɡulo/	[ˈanɡulo] 角度<名>
inferior	/infeˈɾjoɾ/	/infeˈɾjoɾ/	[infeˈɾjoɾ] 较低<形>
incapaz	/inkaˈpaθ/	/inkaˈpaθ/	[inkaˈpaθ] 不能<形>
volante	/boˈlante/	/boˈlante/	[boˈlante] 方向盘<名>
sierra	/ˈsjera/	/ˈsjera/	[ˈsjera] 锯<名>
abuso	/aˈbuso/	/aˈbuso/	[aˈbuso] 滥用<名>
celebración	/θelebɾaˈθjon/	/θelebɾaˈθjon/	[θelebɾaˈθjon] 庆祝活动<名>
humilde	/uˈmilde/	/uˈmilde/	[uˈmilde] 谦虚的<形>
gene	/xˈene/	/xˈene/	基因<名>
suicidar	/swiθiˈdaɾ/	/swiθiˈdaɾ/	[swiθiˈdaɾ] 自杀<动>
disposición	/disposiˈθjon/	/disposiˈθjon/	[disposiˈθjon] 性格<名>
lámpara	/ˈlampaɾa/	/ˈlampaɾa/	[ˈlampaɾa] 灯<名>
huésped	/ˈw̝esped/	/ˈw̝esped/	[ˈw̝esped] 客人<名>
determinar	/deteɾmiˈnaɾ/	/deteɾmiˈnaɾ/	[deteɾmiˈnaɾ] 确定<动>
condesa	/konˈdesa/	/konˈdesa/	[konˈdesa] 伯爵夫人<名>
ópera	/ˈopeɾa/	/ˈopeɾa/	[ˈopeɾa] 歌剧<名>
corten	/ˈkoɾten/	/ˈkoɾten/	切<叹>
mansión	/manˈsjon/	/manˈsjon/	[manˈsjon] 豪宅<名>
equilibrio	/ekiˈlibɾjo/	/ekiˈlibɾjo/	[ekiˈlibɾjo] 平衡<名>
certeza	/θeɾˈteθa/	/θeɾˈteθa/	[θeɾˈteθa] 确定性<名>
supervivencia	/supeɾiˈβenθja/	/supeɾiˈβenθja/	生存<名>
can	/ˈkan/	/ˈkan/	[/ˈkan/] 罐头；罐子；容器<noun>
aterrizaje	/ateriˈθaxe/	/ateriˈθaxe/	[ateriˈθaxe] 着陆<名>
girar	/xiˈɾaɾ/	/xiˈɾaɾ/	[xiˈɾaɾ] 转<动>
danza	/ˈdanθa/	/ˈdanθa/	[ˈdanθa] 跳舞<名>
hambriento	/amˈbɾjento/	/amˈbɾjento/	[amˈbɾjento] 饿了<名>
mates	/ˈmates/	/ˈmates/	[ˈmates] 伙伴<名>
ordenado	/oɾdeˈnado/	/oɾdeˈnado/	[oɾdeˈnado] 已订购<形>
calcetín	/kalθeˈtin/	/kalθeˈtin/	[kalθeˈtin] 袜子<名>
confuso	/konˈfuso/	/konˈfuso/	[konˈfuso] 困惑<形>
tabaco	/taˈbako/	/taˈbako/	[taˈbako] 烟草<名>
registrar	/rexisˈtɾaɾ/	/rexisˈtɾaɾ/	[rexisˈtɾaɾ] 注册<动>
balón	/baˈlon/	/baˈlon/	[baˈlon] 球<名>
top	/ˈtop/	/ˈtop/	[ˈtop] 顶部<名>
lente	/ˈlente/	/ˈlente/	[ˈlente] 镜头<名>
consejero	/konseˈxeɾo/	/konseˈxeɾo/	[konseˈxeɾo] 顾问<名>
coordenado	/ko.oɾðeˈnaðo/	/ko.oɾðeˈnaðo/	[[kooɾðeˈnaðo]] coordinado 协调的；妥当的<形><adj>
vergonzoso	/beɾɡonˈθoso/	/beɾɡonˈθoso/	[beɾɡonˈθoso] 令人尴尬的<形>
mensajero	/mensaˈxeɾo/	/mensaˈxeɾo/	[mensaˈxeɾo] 使者<名>
test	/ˈtest/	/ˈtest/	[ˈtest] 测试<名>
cortesía	/koɾteˈsia/	/koɾteˈsia/	[koɾteˈsia] 礼貌<名>
campus	/ˈkampus/	/ˈkampus/	[ˈkampus] 校园<名>
bingo	/ˈbinɡo/	/ˈbinɡo/	[ˈbinɡo] 宾果游戏<名>
impulso	/imˈpulso/	/imˈpulso/	[imˈpulso] 冲动<名>
chan	/ˈt͡ʃan/	/ˈt͡ʃan/	[/ˈt͡ʃan/] 陈（姓氏）<noun>
ajedrez	/axeˈdɾeθ/	/axeˈdɾeθ/	[axeˈdɾeθ] 国际象棋<名>
crítica	/ˈkɾitika/	/ˈkɾitika/	[ˈkɾitika] 批评<名>
cordero	/koɾˈdeɾo/	/koɾˈdeɾo/	[koɾˈdeɾo] 羊肉<名>
democracia	/demoˈkɾaθja/	/demoˈkɾaθja/	[demoˈkɾaθja] 民主<名>
papeleo	/papeˈleo/	/papeˈleo/	[papeˈleo] 文书工作<名>
cubo	/ˈkubo/	/ˈkubo/	[ˈkubo] 立方体<名>
judicial	/xudiˈθjal/	/xudiˈθjal/	[xudiˈθjal] 司法<形>
masaje	/maˈsaxe/	/maˈsaxe/	[maˈsaxe] 按摩<名>
beca	/ˈbeka/	/ˈbeka/	[ˈbeka] 奖学金<名>
miseria	/miˈseɾja/	/miˈseɾja/	[miˈseɾja] 痛苦<名>
contenido	/konteˈnido/	/konteˈnido/	[konteˈnido] 内容<名>
razon	/ɾˈaθon/	/ɾˈaθon/	[[raˈθon]] 原因<名><noun>
ritual	/riˈtwal/	/riˈtwal/	[riˈtwal] 仪式<名>
aliado	/aˈljado/	/aˈljado/	[aˈljado] 盟友<名>
orina	/oˈɾina/	/oˈɾina/	[oˈɾina] 尿液<名>
ofender	/ofenˈdeɾ/	/ofenˈdeɾ/	[ofenˈdeɾ] 冒犯<动>
hilo	/ˈilo/	/ˈilo/	[ˈilo] 线程<名>
subido	/suˈbido/	/suˈbido/	[suˈbido] 已上传<形>
enfermería	/enfeɾmeˈɾia/	/enfeɾmeˈɾia/	[enfeɾmeˈɾia] 护理<名>
matrícula	/maˈtɾikula/	/maˈtɾikula/	[maˈtɾikula] 登记<名>
raya	/ˈraʝa/	/ˈraʝa/	[ˈraʝa] 条纹<名>
mascota	/masˈkota/	/masˈkota/	[masˈkota] 宠物<名>
ascenso	/asˈθenso/	/asˈθenso/	[/asˈθenso/] 晋升；提升；上升<noun>
delicado	/deliˈkado/	/deliˈkado/	[deliˈkado] 精致的<形>
empujar	/empuˈxaɾ/	/empuˈxaɾ/	[empuˈxaɾ] 推<动>
atado	/aˈtado/	/aˈtado/	[aˈtado] 捆绑<名>
telegrama	/teleˈɡɾama/	/teleˈɡɾama/	[teleˈɡɾama] 电报<名>
pegar	/peˈɡaɾ/	/peˈɡaɾ/	[peˈɡaɾ] 粘贴<动>
avanzar	/abanˈθaɾ/	/abanˈθaɾ/	[/abanˈθaɾ/] 前进；推进；进展<verb>
mercancía	/meɾkanˈθia/	/meɾkanˈθia/	[meɾkanˈθia] 商品<名>
localizar	/lokaliˈθaɾ/	/lokaliˈθaɾ/	[lokaliˈθaɾ] 定位<动>
choque	/ˈt͡ʃoke/	/ˈt͡ʃoke/	[ˈt͡ʃoke] 崩溃<名>
d.	/doɡˈtoɾ/	/doɡˈtoɾ/	d.<名>
águila	/ˈaɡila/	/ˈaɡila/	[ˈaɡila] 鹰<名>
rebelde	/reˈbelde/	/reˈbelde/	[/reˈbelde/] 叛逆的<形>；叛逆者<名><noun>
apuntar	/apunˈtaɾ/	/apunˈtaɾ/	[apunˈtaɾ] 目标<动>
troy	/ˈtɾoi/	/ˈtɾoi/	[ˈtɾoi] 特洛伊<形>
líquido	/ˈlikido/	/ˈlikido/	[ˈlikido] 液体<名>
joda	/ˈxoda/	/ˈxoda/	[ˈxoda] 他妈的<名>
carbón	/kaɾˈbon/	/kaɾˈbon/	[kaɾˈbon] 煤<名>
secuestrado	/sekwesˈtɾado/	/sekwesˈtɾado/	[sekwesˈtɾado] 被绑架<形>
cocinero	/koθiˈneɾo/	/koθiˈneɾo/	[koθiˈneɾo] 厨师<名>
medicación	/medikaˈθjon/	/medikaˈθjon/	[medikaˈθjon] 药物治疗<名>
ácido	/ˈaθido/	/ˈaθido/	[ˈaθido] 酸<名>
agresión	/aɡɾeˈsjon/	/aɡɾeˈsjon/	[aɡɾeˈsjon] 攻击性<名>
consulta	/konˈsulta/	/konˈsulta/	[konˈsulta] 咨询<名>
órgano	/ˈoɾɡano/	/ˈoɾɡano/	[ˈoɾɡano] 器官<名>
barro	/ˈbaro/	/ˈbaro/	[ˈbaro] 泥<名>
jódete	/ˈxodete/	/ˈxodete/	[ˈxodete] 操你<叹>
jazz	/ˈʝas/	/ˈʝas/	[ˈʝas] 爵士乐<名>
múltiple	/ˈmultiple/	/ˈmultiple/	[ˈmultiple] 多个<形>
apartar	/apaɾˈtaɾ/	/apaɾˈtaɾ/	[apaɾˈtaɾ] 搁置<动>
cretino	/kɾeˈtino/	/kɾeˈtino/	[kɾeˈtino] 白痴<名>
multa	/ˈmulta/	/ˈmulta/	[/ˈmulta/] 罚款；罚金<noun>
claudia	/ˈklaudja/	/ˈklaudja/	[ˈklaudja] 克劳迪娅<名>
quirófano	/kiˈɾofano/	/kiˈɾofano/	[kiˈɾofano] 手术室<名>
carmen	/ˈkaɾmen/	/ˈkaɾmen/	[ˈkaɾmen] 卡门<名>
misa	/ˈmisa/	/ˈmisa/	[/ˈmisa/] 弥撒<noun>
riqueza	/riˈkeθa/	/riˈkeθa/	[riˈkeθa] 财富<名>
tonelada	/toneˈlada/	/toneˈlada/	[toneˈlada] 吨<名>
criada	/ˈkɾjada/	/ˈkɾjada/	[ˈkɾjada] 女仆<名>
ida	/ˈida/	/ˈida/	[/ˈida/] 去程；出发；单程<noun>
observación	/obseɾbaˈθjon/	/obseɾbaˈθjon/	[obseɾbaˈθjon] 观察<名>
asistir	/asisˈtiɾ/	/asisˈtiɾ/	[asisˈtiɾ] 出席；帮助<动>
voluntario	/bolunˈtaɾjo/	/bolunˈtaɾjo/	[bolunˈtaɾjo] 志愿者<名>
puñado	/puˈɲado/	/puˈɲado/	[/puˈɲado/] 一把；少量<名><noun>
profundidad	/pɾofundiˈdad/	/pɾofundiˈdad/	[pɾofundiˈdad] 深度<名>
ligero	/liˈxeɾo/	/liˈxeɾo/	[/liˈxeɾo/] 轻的；轻便的；轻快的<adj>
pega	/ˈpeɡa/	/ˈpeɡa/	[/ˈpeɡa/] 缺点；麻烦<名><noun>
añadir	/aɲaˈdiɾ/	/aɲaˈdiɾ/	[aɲaˈdiɾ] 添加<动>
músculo	/ˈmuskulo/	/ˈmuskulo/	[ˈmuskulo] 肌肉<名>
depresión	/depɾeˈsjon/	/depɾeˈsjon/	[depɾeˈsjon] 抑郁症<名>
afueras	/aˈfweɾas/	/aˈfweɾas/	[aˈfweɾas] 郊区<名>
sordo	/ˈsoɾdo/	/ˈsoɾdo/	[/ˈsoɾdo/] 聋的<形><noun>
vano	/ˈbano/	/ˈbano/	[ˈbano] 徒劳的<名>
brigada	/bɾiˈɡada/	/bɾiˈɡada/	[bɾiˈɡada] 旅<名>
pila	/ˈpila/	/ˈpila/	[/ˈpila/] 堆；电池<名><noun>
bahía	/baˈia/	/baˈia/	[baˈia] 湾<名>
lesbiano	/lesˈbjano/	/lesˈbjano/	[/lesˈbjano/] 女同性恋<名>；女同性恋的<形>（标准形式为 lesbiana）<noun>
ayuntamiento	/aʝuntaˈmjento/	/aʝuntaˈmjento/	[aʝuntaˈmjento] 市政厅<名>
acceder	/aɡθeˈdeɾ/	/aɡθeˈdeɾ/	[aɡθeˈdeɾ] 访问<动>
comprometido	/kompɾomeˈtido/	/kompɾomeˈtido/	[kompɾomeˈtido] 致力于<名>
píldora	/ˈpildoɾa/	/ˈpildoɾa/	[ˈpildoɾa] 药丸<名>
ansioso	/anˈsjoso/	/anˈsjoso/	[anˈsjoso] 着急的<形>
suplicar	/supliˈkaɾ/	/supliˈkaɾ/	[supliˈkaɾ] 乞求<动>
demo	/ˈdemo/	/ˈdemo/	[ˈdemo] 演示<名>
pacífico	/paˈθifiko/	/paˈθifiko/	[paˈθifiko] 和平的<形>
obligación	/obliɡaˈθjon/	/obliɡaˈθjon/	[obliɡaˈθjon] 义务<名>
comunista	/komuˈnista/	/komuˈnista/	[komuˈnista] 共产主义<名>
coincidir	/koinθiˈdiɾ/	/koinθiˈdiɾ/	[/koinθiˈdiɾ/] 巧合；一致；相符<verb>
espectacular	/espeɡtakuˈlaɾ/	/espeɡtakuˈlaɾ/	[espeɡtakuˈlaɾ] 壮观的<形>
filosofía	/filosoˈfia/	/filosoˈfia/	[filosoˈfia] 哲学<名>
simpático	/simˈpatiko/	/simˈpatiko/	[simˈpatiko] 不错<形>
contraseña	/kontɾaˈseɲa/	/kontɾaˈseɲa/	[kontɾaˈseɲa] 密码<名>
pillado	/piˈʝado/	/piˈʝado/	[piˈʝado] 抓住了<形>
supuestamente	/suˌpwestaˈmente/	/suˌpwestaˈmente/	[suˌpwestaˈmente] 据推测<副>
veredicto	/beɾeˈdiɡto/	/beɾeˈdiɡto/	[beɾeˈdiɡto] 判决<名>
jabón	/xaˈbon/	/xaˈbon/	[xaˈbon] 肥皂<名>
concentración	/konθentɾaˈθjon/	/konθentɾaˈθjon/	[konθentɾaˈθjon] 浓度<名>
factura	/faɡˈtuɾa/	/faɡˈtuɾa/	[faɡˈtuɾa] 发票<名>
cargado	/kaɾˈɡado/	/kaɾˈɡado/	[kaɾˈɡado] 已加载<形>
submarino	/submaˈɾino/	/submaˈɾino/	[submaˈɾino] 潜艇<名>
cristiano	/kɾisˈtjano/	/kɾisˈtjano/	[kɾisˈtjano] 基督徒<名>
invasión	/imbaˈsjon/	/imbaˈsjon/	[imbaˈsjon] 入侵<名>
maricón	/maɾiˈkon/	/maɾiˈkon/	[maɾiˈkon] 基佬<名>
botones	/boˈtones/	/boˈtones/	[boˈtones] 按钮<名>
criado	/ˈkɾjado/	/ˈkɾjado/	[ˈkɾjado] 仆人<名>
solucionar	/soluθjoˈnaɾ/	/soluθjoˈnaɾ/	[soluθjoˈnaɾ] 解决<动>
oriente	/oˈɾjente/	/oˈɾjente/	[oˈɾjente] 东<名>
especialista	/espeθjaˈlista/	/espeθjaˈlista/	[espeθjaˈlista] 专家<名>
suizo	/ˈswiθo/	/ˈswiθo/	[ˈswiθo] 瑞士人<名>
tapa	/ˈtapa/	/ˈtapa/	[ˈtapa] 帽<名>
votación	/botaˈθjon/	/botaˈθjon/	[botaˈθjon] 投票<名>
heredero	/eɾeˈdeɾo/	/eɾeˈdeɾo/	[eɾeˈdeɾo] 继承人<名>
atravesar	/atɾabeˈsaɾ/	/atɾabeˈsaɾ/	[atɾabeˈsaɾ] 通过<动>
hamburgués	/ambuɾˈɡes/	/ambuɾˈɡes/	[ambuɾˈɡes] 汉堡包<名>
arrogante	/aroˈɡante/	/aroˈɡante/	[aroˈɡante] 傲慢的<形>
excitante	/eɡsθiˈtante/	/eɡsθiˈtante/	[eɡsθiˈtante] 令人兴奋的<形>
entrenar	/entɾeˈnaɾ/	/entɾeˈnaɾ/	[/entɾeˈnaɾ/] 训练；锻炼<verb>
insecto	/inˈseɡto/	/inˈseɡto/	[inˈseɡto] 昆虫<名>
liberado	/libeˈɾado/	/libeˈɾado/	[libeˈɾado] 释放<形>
brillo	/ˈbɾiʝo/	/ˈbɾiʝo/	[ˈbɾiʝo] 闪光<名>
corresponder	/koresponˈdeɾ/	/koresponˈdeɾ/	[koresponˈdeɾ] 对应<动>
admirar	/admiˈɾaɾ/	/admiˈɾaɾ/	[admiˈɾaɾ] 佩服<动>
costilla	/kosˈtiʝa/	/kosˈtiʝa/	[kosˈtiʝa] 肋骨<名>
retirado	/retiˈɾado/	/retiˈɾado/	[retiˈɾado] 退休了<形>
concentrar	/konθenˈtɾaɾ/	/konθenˈtɾaɾ/	[konθenˈtɾaɾ] 集中<动>
divertir	/dibeɾˈtiɾ/	/dibeɾˈtiɾ/	[dibeɾˈtiɾ] 逗乐<动>
astuto	/asˈtuto/	/asˈtuto/	[asˈtuto] 狡猾的<形>
hueco	/ˈw̝eko/	/ˈw̝eko/	[ˈw̝eko] 空心的<名>
coja	/ˈkoxa/	/ˈkoxa/	[ˈkoxa] 跛脚的<名>
oficio	/oˈfiθjo/	/oˈfiθjo/	[oˈfiθjo] 职业<名>
tejado	/teˈxado/	/teˈxado/	[teˈxado] 屋顶<名>
dorado	/doˈɾado/	/doˈɾado/	[/doˈɾado/] 金色的<形>；镀金的<形><noun>
marinero	/maɾiˈneɾo/	/maɾiˈneɾo/	[maɾiˈneɾo] 水手<名>
torneo	/toɾˈneo/	/toɾˈneo/	[toɾˈneo] 锦标赛<名>
kit	/ˈkit/	/ˈkit/	[ˈkit] 套件<名>
hacha	/ˈat͡ʃa/	/ˈat͡ʃa/	[ˈat͡ʃa] 斧头<名>
destrozado	/destɾoˈθado/	/destɾoˈθado/	[destɾoˈθado] 被摧毁<形>
burro	/ˈburo/	/ˈburo/	[ˈburo] 驴<名>
etiqueta	/etiˈketa/	/etiˈketa/	[etiˈketa] 标签<名>
producir	/pɾoduˈθiɾ/	/pɾoduˈθiɾ/	[pɾoduˈθiɾ] 生产<动>
referencia	/refeˈɾenθja/	/refeˈɾenθja/	[refeˈɾenθja] 参考<名>
polo	/ˈpolo/	/ˈpolo/	[ˈpolo] 极<名>
maldad	/malˈdad/	/malˈdad/	[malˈdad] 邪恶<名>
costo	/ˈkosto/	/ˈkosto/	[ˈkosto] 成本<名>
recorrido	/rekoˈrido/	/rekoˈrido/	[/rekoˈrido/] 路线<名>；行程<名><noun>
retrasado	/retɾaˈsado/	/retɾaˈsado/	[retɾaˈsado] 延迟的<名>
núcleo	/ˈnukleo/	/ˈnukleo/	[ˈnukleo] 核心<名>
pm	/pm/	/pm/	下午<副>
grabado	/ɡɾaˈbado/	/ɡɾaˈbado/	[ɡɾaˈbado] 雕刻<名>
reducir	/reduˈθiɾ/	/reduˈθiɾ/	[reduˈθiɾ] 减少<动>
honorable	/onoˈɾable/	/onoˈɾable/	[onoˈɾable] 光荣的<形>
bodega	/boˈdeɡa/	/boˈdeɡa/	[boˈdeɡa] 酒厂<名>
traficante	/tɾafiˈkante/	/tɾafiˈkante/	[tɾafiˈkante] 人贩子<名>
amenazar	/amenaˈθaɾ/	/amenaˈθaɾ/	[amenaˈθaɾ] 威胁<动>
renta	/ˈrenta/	/ˈrenta/	[ˈrenta] 租金<名>
toco	/ˈtoko/	/ˈtoko/	[ˈtoko] 我触摸<名>
tímido	/ˈtimido/	/ˈtimido/	[ˈtimido] 害羞的<形>
conveniente	/kombeˈnjente/	/kombeˈnjente/	[kombeˈnjente] 方便<形>
identificado	/identifiˈkado/	/identifiˈkado/	[identifiˈkado] 已确定<形>
inocencia	/inoˈθenθja/	/inoˈθenθja/	[inoˈθenθja] 纯真<名>
estadio	/esˈtadjo/	/esˈtadjo/	[esˈtadjo] 体育场<名>
marrón	/maˈron/	/maˈron/	[maˈron] 棕色<名>
retroceder	/retɾoθeˈdeɾ/	/retɾoθeˈdeɾ/	[retɾoθeˈdeɾ] 回去<动>
individuo	/indiˈbidwo/	/indiˈbidwo/	[/indiˈbidwo/] 个人；个体<noun>
adicto	/aˈdiɡto/	/aˈdiɡto/	[aˈdiɡto] 瘾君子<名>
terapeuta	/teɾaˈpeuta/	/teɾaˈpeuta/	[teɾaˈpeuta] 治疗师<名>
derrota	/deˈrota/	/deˈrota/	[deˈrota] 失败<名>
orilla	/oˈɾiʝa/	/oˈɾiʝa/	[oˈɾiʝa] 岸边<名>
mentar	/menˈtaɾ/	/menˈtaɾ/	[/menˈtaɾ/] 提及；提到<verb>
chimenea	/t͡ʃimeˈnea/	/t͡ʃimeˈnea/	[t͡ʃimeˈnea] 壁炉<名>
febrero	/feˈbɾeɾo/	/feˈbɾeɾo/	[feˈbɾeɾo] 二月<名>
cumple	/ˈkumple/	/ˈkumple/	[/ˈkumple/] <cumplir 的陈述式现在时第三人称单数>完成<动><noun>
confidencial	/konfidenˈθjal/	/konfidenˈθjal/	[konfidenˈθjal] 机密<形>
suite	/ˈswit/	/ˈswit/	[ˈswit] 套房<名>
pirata	/piˈɾata/	/piˈɾata/	[piˈɾata] 海盗<名>
reparar	/repaˈɾaɾ/	/repaˈɾaɾ/	[repaˈɾaɾ] 修理<动>
cicatriz	/θikaˈtɾiθ/	/θikaˈtɾiθ/	[θikaˈtɾiθ] 疤痕<名>
borrar	/boˈraɾ/	/boˈraɾ/	[boˈraɾ] 删除<动>
fundación	/fundaˈθjon/	/fundaˈθjon/	[fundaˈθjon] 基金会<名>
iniciar	/iniˈθjaɾ/	/iniˈθjaɾ/	[iniˈθjaɾ] 开始<动>
reservado	/reseɾˈbado/	/reseɾˈbado/	[reseɾˈbado] 保留<形>
justamente	/ˌxustaˈmente/	/ˌxustaˈmente/	[ˌxustaˈmente] 正是<副>
adelantado	/adelanˈtado/	/adelanˈtado/	[adelanˈtado] 提前<名>
sábana	/ˈsabana/	/ˈsabana/	[/ˈsabana/] 床单<noun>
argumento	/aɾɡuˈmento/	/aɾɡuˈmento/	[aɾɡuˈmento] 论证<名>
sip	/ˈsip/	/ˈsip/	[/ˈsip/] 是的（口语）<intj>
flash	/ˈflaʃ/	/ˈflaʃ/	[ˈflaʃ] 闪光<名>
enseño	/enˈseɲo/	/enˈseɲo/	[enˈseɲo] 我教<名>
cruzado	/kɾuˈθado/	/kɾuˈθado/	[kɾuˈθado] 交叉的<名>
tradicional	/tɾadiθjoˈnal/	/tɾadiθjoˈnal/	[tɾadiθjoˈnal] 传统的<形>
cobertura	/kobeɾˈtuɾa/	/kobeɾˈtuɾa/	[kobeɾˈtuɾa] 覆盖范围<名>
pillo	/ˈpiʝo/	/ˈpiʝo/	[ˈpiʝo] 流氓<名>
escritura	/eskɾiˈtuɾa/	/eskɾiˈtuɾa/	[eskɾiˈtuɾa] 写作<名>
billetera	/biʝeˈteɾa/	/biʝeˈteɾa/	[biʝeˈteɾa] 钱包<名>
vapor	/baˈpoɾ/	/baˈpoɾ/	[baˈpoɾ] 蒸汽<名>
cosecha	/koˈset͡ʃa/	/koˈset͡ʃa/	[koˈset͡ʃa] 收获<名>
capturar	/kabtuˈɾaɾ/	/kabtuˈɾaɾ/	[/kabtuˈɾaɾ/] 捕获<动><verb>
cuñado	/kuˈɲado/	/kuˈɲado/	[/kuˈɲado/] 姐夫，妹夫（配偶的兄弟，或姐妹的丈夫）<名><noun>
tranquilidad	/tɾankiliˈdad/	/tɾankiliˈdad/	[tɾankiliˈdad] 宁静<名>
periodo	/peˈɾjodo/	/peˈɾjodo/	[peˈɾjodo] 期间<名>
traicionar	/tɾaiθjoˈnaɾ/	/tɾaiθjoˈnaɾ/	[tɾaiθjoˈnaɾ] 背叛<动>
furia	/ˈfuɾja/	/ˈfuɾja/	[ˈfuɾja] 愤怒<名>
tortuga	/toɾˈtuɡa/	/toɾˈtuɡa/	[toɾˈtuɡa] 乌龟<名>
ficción	/fiɡˈθjon/	/fiɡˈθjon/	[/fiɡˈθjon/] 虚构，幻想；虚构作品<名><noun>
fuí	/fuˈi/	/fuˈi/	[[ˈfwi]] fui 我去了<动><verb>
soñado	/soˈɲado/	/soˈɲado/	[soˈɲado] 梦见<形>
pis	/ˈpis/	/ˈpis/	[ˈpis] 撒尿<名>
oveja	/oˈbexa/	/oˈbexa/	[oˈbexa] 羊<名>
granero	/ɡɾaˈneɾo/	/ɡɾaˈneɾo/	[ɡɾaˈneɾo] 谷仓<名>
doceno	/doˈθeno/	/doˈθeno/	[/doˈθeno/] 一打的；十二个一组的<adj>
quienquiera	/kjenˈkjeɾa/	/kjenˈkjeɾa/	[kjenˈkjeɾa] 无论谁<代>
disciplina	/disθiˈplina/	/disθiˈplina/	[disθiˈplina] 纪律<名>
retirar	/retiˈɾaɾ/	/retiˈɾaɾ/	[retiˈɾaɾ] 撤回<动>
salvador	/salbaˈdoɾ/	/salbaˈdoɾ/	[salbaˈdoɾ] 救世主<名>
privilegio	/pɾibiˈlexjo/	/pɾibiˈlexjo/	[pɾibiˈlexjo] 特权<名>
secuencia	/seˈkwenθja/	/seˈkwenθja/	[seˈkwenθja] 序列<名>
semilla	/seˈmiʝa/	/seˈmiʝa/	[seˈmiʝa] 种子<名>
aprovechar	/apɾobeˈt͡ʃaɾ/	/apɾobeˈt͡ʃaɾ/	[apɾobeˈt͡ʃaɾ] 利用<动>
falda	/ˈfalda/	/ˈfalda/	[ˈfalda] 裙子<名>
acompañar	/akompaˈɲaɾ/	/akompaˈɲaɾ/	[akompaˈɲaɾ] 陪伴<动>
linea	/ˈlinea/	/ˈlinea/	[ˈlinea] 线<名>
circuito	/θiɾˈkwito/	/θiɾˈkwito/	[θiɾˈkwito] 电路<名>
up	/ˈup/	/ˈup/	向上<名>
aprobación	/apɾobaˈθjon/	/apɾobaˈθjon/	[apɾobaˈθjon] 批准<名>
novedad	/nobeˈdad/	/nobeˈdad/	[nobeˈdad] 新奇<名>
impedir	/impeˈdiɾ/	/impeˈdiɾ/	[impeˈdiɾ] 防止<动>
ego	/ˈeɡo/	/ˈeɡo/	[ˈeɡo] 自我<名>
protegido	/pɾoteˈxido/	/pɾoteˈxido/	[pɾoteˈxido] 受保护的<形>
mantenido	/manteˈnido/	/manteˈnido/	[manteˈnido] 维持<名>
inspiración	/inspiɾaˈθjon/	/inspiɾaˈθjon/	[inspiɾaˈθjon] 灵感<名>
aterrador	/ateraˈdoɾ/	/ateraˈdoɾ/	[ateraˈdoɾ] 可怕的<形>
mecánico	/meˈkaniko/	/meˈkaniko/	[meˈkaniko] 机械师<名>
polis	/ˈpolis/	/ˈpolis/	[/ˈpolis/] 城邦<noun>
reconocido	/rekonoˈθido/	/rekonoˈθido/	[rekonoˈθido] 公认的<形>
gripe	/ˈɡɾipe/	/ˈɡɾipe/	[ˈɡɾipe] 流感<名>
bus	/ˈbus/	/ˈbus/	[ˈbus] 巴士<名>
inevitable	/inebiˈtable/	/inebiˈtable/	[inebiˈtable] 不可避免的<形>
cuba	/ˈkuba/	/ˈkuba/	[ˈkuba] 古巴<名>
lastimado	/lastiˈmado/	/lastiˈmado/	[lastiˈmado] 受伤<形>
espantoso	/espanˈtoso/	/espanˈtoso/	[espanˈtoso] 令人恐惧的<形>
postal	/posˈtal/	/posˈtal/	[posˈtal] 明信片<名>
claridad	/klaɾiˈdad/	/klaɾiˈdad/	[klaɾiˈdad] 清晰度<名>
bicho	/ˈbit͡ʃo/	/ˈbit͡ʃo/	[/ˈbit͡ʃo/] 虫子；小动物<noun>
chofer	/t͡ʃoˈfeɾ/	/t͡ʃoˈfeɾ/	[t͡ʃoˈfeɾ] 司机<名>
físicamente	/ˌfisikaˈmente/	/ˌfisikaˈmente/	[ˌfisikaˈmente] 身体上的<副>
occidental	/oɡθidenˈtal/	/oɡθidenˈtal/	[oɡθidenˈtal] 西方的<名>
ejecutivo	/exekuˈtibo/	/exekuˈtibo/	[exekuˈtibo] 行政人员<名>
escondite	/eskonˈdite/	/eskonˈdite/	[eskonˈdite] 藏身之处<名>
aumentar	/aumenˈtaɾ/	/aumenˈtaɾ/	[aumenˈtaɾ] 增加<动>
entregado	/entɾeˈɡado/	/entɾeˈɡado/	[entɾeˈɡado] 已交付<形>
femenino	/femeˈnino/	/femeˈnino/	[femeˈnino] 女性化的<名>
torpe	/ˈtoɾpe/	/ˈtoɾpe/	[ˈtoɾpe] 笨拙的<名>
partícula	/paɾˈtikula/	/paɾˈtikula/	[paɾˈtikula] 粒子<名>
enano	/eˈnano/	/eˈnano/	[eˈnano] 矮人<名>
delgado	/delˈɡado/	/delˈɡado/	[delˈɡado] 薄<形>
denuncia	/deˈnunθja/	/deˈnunθja/	[deˈnunθja] 投诉<名>
apoyar	/apoˈʝaɾ/	/apoˈʝaɾ/	[apoˈʝaɾ] 支持<动>
obsesionado	/obsesjoˈnado/	/obsesjoˈnado/	[obsesjoˈnado] 着迷的<形>
aquellas	/aˈkeʝas/	/aˈkeʝas/	[aˈkeʝas] 那些<代>
detención	/detenˈθjon/	/detenˈθjon/	[detenˈθjon] 拘留<名>
perímetro	/peˈɾimetɾo/	/peˈɾimetɾo/	[peˈɾimetɾo] 周长<名>
bloqueo	/bloˈkeo/	/bloˈkeo/	[bloˈkeo] 锁<名>
intenso	/inˈtenso/	/inˈtenso/	[inˈtenso] 激烈的<形>
principalmente	/pɾinθiˌpalˈmente/	/pɾinθiˌpalˈmente/	[pɾinθiˌpalˈmente] 主要是<副>
portátil	/poɾˈtatil/	/poɾˈtatil/	[poɾˈtatil] 笔记本电脑<名>
vagabundo	/baɡaˈbundo/	/baɡaˈbundo/	[baɡaˈbundo] 流浪汉<名>
investigador	/imbestiɡaˈdoɾ/	/imbestiɡaˈdoɾ/	[imbestiɡaˈdoɾ] 研究员<名>
suministro	/sumiˈnistɾo/	/sumiˈnistɾo/	[sumiˈnistɾo] 供应<名>
conversar	/kombeɾˈsaɾ/	/kombeɾˈsaɾ/	[kombeɾˈsaɾ] 谈话<动>
hockey	/ˈoki/	/ˈoki/	[ˈoki] 曲棍球<名>
vicepresidente	/ˌbiθepɾesiˈdente/	/ˌbiθepɾesiˈdente/	[ˌbiθepɾesiˈdente] 副总裁<名>
transferencia	/tɾansfeˈɾenθja/	/tɾansfeˈɾenθja/	[tɾansfeˈɾenθja] 转移<名>
garantía	/ɡaɾanˈtia/	/ɡaɾanˈtia/	[ɡaɾanˈtia] 保修<名>
torta	/ˈtoɾta/	/ˈtoɾta/	[ˈtoɾta] 蛋糕<名>
tremendo	/tɾeˈmendo/	/tɾeˈmendo/	[tɾeˈmendo] 巨大的<形>
barata	/baˈɾata/	/baˈɾata/	[baˈɾata] 便宜<名>
extraterrestre	/eɡstɾateˈrestɾe/	/eɡstɾateˈrestɾe/	[eɡstɾateˈrestɾe] 外星人<名>
comprobado	/kompɾoˈbado/	/kompɾoˈbado/	[kompɾoˈbado] 已证实的<形>
dulzura	/dulˈθuɾa/	/dulˈθuɾa/	[dulˈθuɾa] 甜味<名>
escondidas	/eskonˈdidas/	/eskonˈdidas/	[eskonˈdidas] 隐藏的<名>
lastimar	/lastiˈmaɾ/	/lastiˈmaɾ/	[lastiˈmaɾ] 受伤<动>
pasaje	/paˈsaxe/	/paˈsaxe/	[paˈsaxe] 通道<名>
vulnerable	/bulneˈɾable/	/bulneˈɾable/	[bulneˈɾable] 脆弱的<形>
quite	/ˈkite/	/ˈkite/	[ˈkite] 删除<名>
merced	/meɾˈθed/	/meɾˈθed/	[meɾˈθed] 怜悯<名>
portal	/poɾˈtal/	/poɾˈtal/	[poɾˈtal] 门户网站<名>
linterna	/linˈteɾna/	/linˈteɾna/	[linˈteɾna] 手电筒<名>
zorro	/ˈθoro/	/ˈθoro/	[ˈθoro] 狐狸<名>
vestuario	/besˈtwaɾjo/	/besˈtwaɾjo/	[besˈtwaɾjo] 衣柜<名>
garantizar	/ɡaɾantiˈθaɾ/	/ɡaɾantiˈθaɾ/	[ɡaɾantiˈθaɾ] 保证<动>
criar	/ˈkɾjaɾ/	/ˈkɾjaɾ/	[/ˈkɾjaɾ/] 抚养；饲养；培育<verb>
colocar	/koloˈkaɾ/	/koloˈkaɾ/	[/koloˈkaɾ/] 放置；安放；安置<verb>
pendejo	/penˈdexo/	/penˈdexo/	[penˈdexo] 混蛋<名>
cabe	/ˈkabe/	/ˈkabe/	[ˈkabe] 适合<介>
gorra	/ˈɡora/	/ˈɡora/	[ˈɡora] 帽<名>
revisión	/rebiˈsjon/	/rebiˈsjon/	[rebiˈsjon] 评论<名>
dong	/dˈonx/	/dˈonx/	[[doŋ] 东<noun>
evidentemente	/ebiˌdenteˈmente/	/ebiˌdenteˈmente/	[ebiˌdenteˈmente] 显然<副>
senado	/seˈnado/	/seˈnado/	[seˈnado] 参议院<名>
caramelo	/kaɾaˈmelo/	/kaɾaˈmelo/	[kaɾaˈmelo] 糖果<名>
salvación	/salbaˈθjon/	/salbaˈθjon/	[salbaˈθjon] 救赎<名>
cobra	/ˈkobɾa/	/ˈkobɾa/	[ˈkobɾa] 收费<名>
baloncesto	/balonˈθesto/	/balonˈθesto/	[balonˈθesto] 篮球<名>
pacto	/ˈpaɡto/	/ˈpaɡto/	[ˈpaɡto] 契约<名>
vientre	/ˈbjentɾe/	/ˈbjentɾe/	[ˈbjentɾe] 肚子<名>
tomate	/toˈmate/	/toˈmate/	[toˈmate] 番茄<名>
césped	/ˈθesped/	/ˈθesped/	[ˈθesped] 草<名>
inicial	/iniˈθjal/	/iniˈθjal/	[iniˈθjal] 初始的<名>
aplauso	/aˈplauso/	/aˈplauso/	[aˈplauso] 掌声<名>
centímetro	/θenˈtimetɾo/	/θenˈtimetɾo/	[θenˈtimetɾo] 厘米<名>
ingreso	/inˈɡɾeso/	/inˈɡɾeso/	[inˈɡɾeso] 收入<名>
declarar	/deklaˈɾaɾ/	/deklaˈɾaɾ/	[deklaˈɾaɾ] 声明<动>
canalla	/kaˈnaʝa/	/kaˈnaʝa/	[kaˈnaʝa] 恶棍<名>
respetar	/respeˈtaɾ/	/respeˈtaɾ/	[respeˈtaɾ] 尊重<动>
filmar	/filˈmaɾ/	/filˈmaɾ/	[/filˈmaɾ/] 拍摄；摄制<verb>
rana	/ˈrana/	/ˈrana/	[ˈrana] 青蛙<名>
mosca	/ˈmoska/	/ˈmoska/	[/ˈmoska/] 苍蝇<noun>
ansiedad	/ansjeˈdad/	/ansjeˈdad/	[ansjeˈdad] 焦虑<名>
puño	/ˈpuɲo/	/ˈpuɲo/	[ˈpuɲo] 拳头<名>
rama	/ˈrama/	/ˈrama/	[/ˈrama/] 树枝；枝<noun>
retirada	/retiˈɾada/	/retiˈɾada/	[retiˈɾada] 提款<名>
curva	/ˈkuɾba/	/ˈkuɾba/	[ˈkuɾba] 曲线<名>
brillar	/bɾiˈʝaɾ/	/bɾiˈʝaɾ/	[bɾiˈʝaɾ] 闪耀<动>
ofrecido	/ofɾeˈθido/	/ofɾeˈθido/	[ofɾeˈθido] 提供<形>
romano	/roˈmano/	/roˈmano/	[roˈmano] 罗马<名>
portero	/poɾˈteɾo/	/poɾˈteɾo/	[poɾˈteɾo] 守门员<名>
bobo	/ˈbobo/	/ˈbobo/	[ˈbobo] 傻瓜<名>
algodón	/alɡoˈdon/	/alɡoˈdon/	[alɡoˈdon] 棉<名>
sexto	/ˈseɡsto/	/ˈseɡsto/	[ˈseɡsto] 第六<名>
crítico	/ˈkɾitiko/	/ˈkɾitiko/	[ˈkɾitiko] 批评的<名>
entusiasmo	/entuˈsjasmo/	/entuˈsjasmo/	[entuˈsjasmo] 热情<名>
instalación	/instalaˈθjon/	/instalaˈθjon/	[instalaˈθjon] 安装<名>
manejo	/maˈnexo/	/maˈnexo/	[maˈnexo] 管理<名>
poseer	/poseˈeɾ/	/poseˈeɾ/	[poseˈeɾ] 拥有<动>
castigado	/kastiˈɡado/	/kastiˈɡado/	[kastiˈɡado] 受到惩罚<形>
cohete	/koˈete/	/koˈete/	[koˈete] 火箭<名>
gps	/ˌxe ˌpe ˈese/	/ˌxe ˌpe ˈese/	[ˌxe ˌpe ˈese] 全球定位系统<名>
extrañar	/eɡstɾaˈɲaɾ/	/eɡstɾaˈɲaɾ/	[eɡstɾaˈɲaɾ] 想念<动>
sostén	/sosˈten/	/sosˈten/	[sosˈten] 胸罩<名>
fórmula	/ˈfoɾmula/	/ˈfoɾmula/	[ˈfoɾmula] 公式<名>
limón	/liˈmon/	/liˈmon/	[liˈmon] 柠檬<名>
jamón	/xaˈmon/	/xaˈmon/	[xaˈmon] 火腿<名>
boom	/ˈbum/	/ˈbum/	[ˈbum] 繁荣<名>
sensor	/senˈsoɾ/	/senˈsoɾ/	[senˈsoɾ] 传感器<名>
esencia	/eˈsenθja/	/eˈsenθja/	[eˈsenθja] 本质<名>
instrumento	/instɾuˈmento/	/instɾuˈmento/	[instɾuˈmento] 仪器<名>
renuncia	/reˈnunθja/	/reˈnunθja/	[reˈnunθja] 辞职<名>
fusión	/fuˈsjon/	/fuˈsjon/	[fuˈsjon] 融合<名>
suicida	/swiˈθida/	/swiˈθida/	[swiˈθida] 有自杀倾向的<名>
vago	/ˈbaɡo/	/ˈbaɡo/	[ˈbaɡo] 含糊的；懒惰的<名>
revelar	/rebeˈlaɾ/	/rebeˈlaɾ/	[rebeˈlaɾ] 揭示<动>
sugerencia	/suxeˈɾenθja/	/suxeˈɾenθja/	[suxeˈɾenθja] 建议<名>
srta	/seɲoɾita/	/seɲoɾita/	[[ˈese aˈerre ˈte aˈkento] 小姐<noun>
caca	/ˈkaka/	/ˈkaka/	[ˈkaka] 便便<名>
legalmente	/leˌɡalˈmente/	/leˌɡalˈmente/	[leˌɡalˈmente] 合法地<副>
won	/wˈon/	/wˈon/	赢了<名>
promedio	/pɾoˈmedjo/	/pɾoˈmedjo/	[pɾoˈmedjo] 平均<名>
tela	/ˈtela/	/ˈtela/	[ˈtela] 布料<名>
arder	/aɾˈdeɾ/	/aɾˈdeɾ/	[aɾˈdeɾ] 烧伤<动>
preferido	/pɾefeˈɾido/	/pɾefeˈɾido/	[/pɾefeˈɾido/] 首选的<形><noun>
arrestar	/aresˈtaɾ/	/aresˈtaɾ/	[aresˈtaɾ] 逮捕<动>
especialidad	/espeθjaliˈdad/	/espeθjaliˈdad/	[espeθjaliˈdad] 专业<名>
griego	/ˈɡɾjeɡo/	/ˈɡɾjeɡo/	[ˈɡɾjeɡo] 希腊语<名>
conservar	/konseɾˈbaɾ/	/konseɾˈbaɾ/	[konseɾˈbaɾ] 保存<动>
crucero	/kɾuˈθeɾo/	/kɾuˈθeɾo/	[kɾuˈθeɾo] 巡航<名>
esencial	/esenˈθjal/	/esenˈθjal/	[esenˈθjal] 必不可少的<形>
cerradura	/θeraˈduɾa/	/θeraˈduɾa/	[θeraˈduɾa] 锁<名>
récord	/ˈrekoɾd/	/ˈrekoɾd/	[ˈrekoɾd] 记录<名>
atascado	/atasˈkado/	/atasˈkado/	[atasˈkado] 卡住了<形>
distracción	/distɾaɡˈθjon/	/distɾaɡˈθjon/	[distɾaɡˈθjon] 分散注意力<名>
supermercado	/ˌsupeɾmeɾˈkado/	/ˌsupeɾmeɾˈkado/	[ˌsupeɾmeɾˈkado] 超市<名>
lira	/ˈliɾa/	/ˈliɾa/	[ˈliɾa] 七弦琴<名>
arrancar	/aranˈkaɾ/	/aranˈkaɾ/	[aranˈkaɾ] 启动<动>
manada	/maˈnada/	/maˈnada/	[maˈnada] 畜群<名>
bienestar	/bjenesˈtaɾ/	/bjenesˈtaɾ/	[bjenesˈtaɾ] 福祉<名>
fiscalía	/fiskaˈlia/	/fiskaˈlia/	[fiskaˈlia] 检察官办公室<名>
reunido	/reuˈnido/	/reuˈnido/	[reuˈnido] 聚集<形>
lola	/ˈlola/	/ˈlola/	[ˈlola] 萝拉<名>
mediante	/meˈdjante/	/meˈdjante/	[meˈdjante] 通过<介>
expresar	/eɡspɾeˈsaɾ/	/eɡspɾeˈsaɾ/	[/eɡspɾeˈsaɾ/] 表达；表示<verb>
tierno	/ˈtjeɾno/	/ˈtjeɾno/	[/ˈtjeɾno/] 温柔的；嫩的；亲切的<adj>
valer	/baˈleɾ/	/baˈleɾ/	[/baˈleɾ/] 值（多少钱）；有价值<动><verb>
ginebra	/xiˈnebɾa/	/xiˈnebɾa/	[xiˈnebɾa] 杜松子酒<名>
agotado	/aɡoˈtado/	/aɡoˈtado/	[aɡoˈtado] 卖完了<形>
herir	/eˈɾiɾ/	/eˈɾiɾ/	[/eˈɾiɾ/] 使受伤；伤害<动><verb>
competición	/kompetiˈθjon/	/kompetiˈθjon/	[kompetiˈθjon] 竞争<名>
acostar	/akosˈtaɾ/	/akosˈtaɾ/	[akosˈtaɾ] 躺下<动>
brutal	/bɾuˈtal/	/bɾuˈtal/	[bɾuˈtal] 残酷的<形>
guardaespaldas	/ˌɡwaɾdaesˈpaldas/	/ˌɡwaɾdaesˈpaldas/	[ˌɡwaɾdaesˈpaldas] 保镖<名>
pretender	/pɾetenˈdeɾ/	/pɾetenˈdeɾ/	[/pɾetenˈdeɾ/] 企图；试图；声称<动><verb>
inyección	/inʝeɡˈθjon/	/inʝeɡˈθjon/	[inʝeɡˈθjon] 注射<名>
adorar	/adoˈɾaɾ/	/adoˈɾaɾ/	[adoˈɾaɾ] 崇拜<动>
flecha	/ˈflet͡ʃa/	/ˈflet͡ʃa/	[ˈflet͡ʃa] 箭头<名>
mudar	/muˈdaɾ/	/muˈdaɾ/	[muˈdaɾ] 改变<名>
armadura	/aɾmaˈduɾa/	/aɾmaˈduɾa/	[aɾmaˈduɾa] 盔甲<名>
cortina	/koɾˈtina/	/koɾˈtina/	[koɾˈtina] 窗帘<名>
cruce	/ˈkɾuθe/	/ˈkɾuθe/	[ˈkɾuθe] 穿越<名>
escoria	/esˈkoɾja/	/esˈkoɾja/	[/esˈkoɾja/] 矿渣；熔渣；渣滓<名><noun>
coco	/ˈkoko/	/ˈkoko/	[ˈkoko] 椰子<名>
marta	/ˈmaɾta/	/ˈmaɾta/	[ˈmaɾta] 玛莎<名>
nevero	/neˈbeɾo/	/neˈbeɾo/	[neˈbeɾo] 冰箱<名>
usualmente	/uˌswalˈmente/	/uˌswalˈmente/	[uˌswalˈmente] 通常<副>
cigarro	/θiˈɡaro/	/θiˈɡaro/	[θiˈɡaro] 雪茄<名>
honrado	/onˈrado/	/onˈrado/	[/onˈrado/] 诚实的；正直的；荣幸的<adj>
farmacia	/faɾˈmaθja/	/faɾˈmaθja/	[faɾˈmaθja] 药房<名>
obispo	/oˈbispo/	/oˈbispo/	[oˈbispo] 主教<名>
maletero	/maleˈteɾo/	/maleˈteɾo/	[/maleˈteɾo/] （汽车）后备箱；行李员<noun>
dallar	/daʝˈaɾ/	/daʝˈaɾ/	[[daˈʝaɾ] 割（草）；刈<verb>
lamentablemente	/lamenˌtableˈmente/	/lamenˌtableˈmente/	[lamenˌtableˈmente] 不幸的是<副>
específico	/espeˈθifiko/	/espeˈθifiko/	[/espeˈθifiko/] 特定的；特有的<形><adj>
salchicha	/salˈt͡ʃit͡ʃa/	/salˈt͡ʃit͡ʃa/	[salˈt͡ʃit͡ʃa] 香肠<名>
previsto	/pɾeˈbisto/	/pɾeˈbisto/	[pɾeˈbisto] 计划中的<形>
electrónico	/eleɡˈtɾoniko/	/eleɡˈtɾoniko/	[eleɡˈtɾoniko] 电子的<形>
delincuente	/delinˈkwente/	/delinˈkwente/	[delinˈkwente] 罪犯<名>
vendo	/ˈbendo/	/ˈbendo/	[ˈbendo] 我卖<名>
fotógrafo	/foˈtoɡɾafo/	/foˈtoɡɾafo/	[foˈtoɡɾafo] 摄影师<名>
crecimiento	/kɾeθiˈmjento/	/kɾeθiˈmjento/	[kɾeθiˈmjento] 成长<名>
fracasado	/fɾakaˈsado/	/fɾakaˈsado/	[fɾakaˈsado] 失败了<名>
sereno	/seˈɾeno/	/seˈɾeno/	[/seˈɾeno/] 宁静的<形>；守夜人<名><noun>
mantenimiento	/manteniˈmjento/	/manteniˈmjento/	[manteniˈmjento] 维护<名>
ardiente	/aɾˈdjente/	/aɾˈdjente/	[aɾˈdjente] 火热的<形>
protector	/pɾoteɡˈtoɾ/	/pɾoteɡˈtoɾ/	[pɾoteɡˈtoɾ] 保护者<名>
portada	/poɾˈtada/	/poɾˈtada/	[poɾˈtada] 封面<名>
expulsado	/eɡspulˈsado/	/eɡspulˈsado/	[eɡspulˈsado] 被开除<形>
bandeja	/banˈdexa/	/banˈdexa/	[banˈdexa] 托盘<名>
envidia	/emˈbidja/	/emˈbidja/	[/emˈbidja/] 嫉妒；眼红<名><noun>
marcado	/maɾˈkado/	/maɾˈkado/	[maɾˈkado] 标记的<形>
ballet	/baˈle/	/baˈle/	[baˈle] 芭蕾舞<名>
literatura	/liteɾaˈtuɾa/	/liteɾaˈtuɾa/	[liteɾaˈtuɾa] 文学<名>
bajado	/baˈxado/	/baˈxado/	[baˈxado] 降低<形>
década	/ˈdekada/	/ˈdekada/	[ˈdekada] 十年<名>
órbita	/ˈoɾbita/	/ˈoɾbita/	[ˈoɾbita] 轨道<名>
eventualmente	/ebenˌtwalˈmente/	/ebenˌtwalˈmente/	[ebenˌtwalˈmente] 最终<副>
heleno	/eˈleno/	/eˈleno/	[/eˈleno/] 希腊的；希腊人<adj>
tardar	/taɾˈdaɾ/	/taɾˈdaɾ/	[taɾˈdaɾ] 迟到了<动>
flujo	/ˈfluxo/	/ˈfluxo/	[ˈfluxo] 流量<名>
toni	/ˈtoni/	/ˈtoni/	[ˈtoni] 托尼<名>
presto	/ˈpɾesto/	/ˈpɾesto/	[ˈpɾesto] 准备好了<形>
jungla	/ˈxunɡla/	/ˈxunɡla/	[ˈxunɡla] 丛林<名>
destinado	/destiˈnado/	/destiˈnado/	[destiˈnado] 注定的<形>
triple	/ˈtɾiple/	/ˈtɾiple/	[ˈtɾiple] 三重<名>
pantano	/panˈtano/	/panˈtano/	[panˈtano] 沼泽<名>
misericordia	/miseɾiˈkoɾdja/	/miseɾiˈkoɾdja/	[miseɾiˈkoɾdja] 怜悯<名>
cometa	/koˈmeta/	/koˈmeta/	[koˈmeta] 彗星<名>
particularmente	/paɾtiˌkulaɾˈmente/	/paɾtiˌkulaɾˈmente/	[paɾtiˌkulaɾˈmente] 特别是<副>
morgue	/ˈmoɾɡe/	/ˈmoɾɡe/	[ˈmoɾɡe] 太平间<名>
implicar	/impliˈkaɾ/	/impliˈkaɾ/	[impliˈkaɾ] 暗示<动>
set	/ˈset/	/ˈset/	[/ˈset/] （网球比赛的）盘；（电影等的）布景、摄制场<名><noun>
drogado	/dɾoˈɡado/	/dɾoˈɡado/	[dɾoˈɡado] 被下药的<形>
divino	/diˈbino/	/diˈbino/	[diˈbino] 神圣的<形>
detestar	/detesˈtaɾ/	/detesˈtaɾ/	[detesˈtaɾ] 厌恶<动>
granjero	/ɡɾanˈxeɾo/	/ɡɾanˈxeɾo/	[ɡɾanˈxeɾo] 农民<名>
basada	/baˈsada/	/baˈsada/	[baˈsada] 基于<名>
operar	/opeˈɾaɾ/	/opeˈɾaɾ/	[opeˈɾaɾ] 操作<动>
pausa	/ˈpausa/	/ˈpausa/	[ˈpausa] 暂停<名>
asilo	/aˈsilo/	/aˈsilo/	[aˈsilo] 庇护<名>
grey	/ˈɡɾei/	/ˈɡɾei/	[ˈɡɾei] 灰色<名>
montones	/monˈtones/	/monˈtones/	[/monˈtones/] 堆；大量<pron>
bárbaro	/ˈbaɾbaɾo/	/ˈbaɾbaɾo/	[ˈbaɾbaɾo] 野蛮人<名>
queriendo	/keˈɾjendo/	/keˈɾjendo/	[keˈɾjendo] 想要<副>
sentimental	/sentimenˈtal/	/sentimenˈtal/	[sentimenˈtal] 多愁善感的<形>
alienígena	/aljeˈnixena/	/aljeˈnixena/	[aljeˈnixena] 外星人<名>
gentil	/xenˈtil/	/xenˈtil/	[xenˈtil] 温柔的<名>
abeja	/aˈbexa/	/aˈbexa/	[aˈbexa] 蜜蜂<名>
cuna	/ˈkuna/	/ˈkuna/	[ˈkuna] 婴儿床<名>
cuidadosamente	/kwidaˌdosaˈmente/	/kwidaˌdosaˈmente/	[kwidaˌdosaˈmente] 仔细地<副>
diagnóstico	/djaɡˈnostiko/	/djaɡˈnostiko/	[djaɡˈnostiko] 诊断<名>
enlace	/enˈlaθe/	/enˈlaθe/	[enˈlaθe] 链接<名>
completar	/kompleˈtaɾ/	/kompleˈtaɾ/	[kompleˈtaɾ] 完成<动>
síndrome	/ˈsindɾome/	/ˈsindɾome/	[ˈsindɾome] 综合症<名>
normalidad	/noɾmaliˈdad/	/noɾmaliˈdad/	[noɾmaliˈdad] 常态<名>
legado	/leˈɡado/	/leˈɡado/	[leˈɡado] 遗产<名>
testificar	/testifiˈkaɾ/	/testifiˈkaɾ/	[testifiˈkaɾ] 作证<动>
ingeniería	/inxenjeˈɾia/	/inxenjeˈɾia/	[inxenjeˈɾia] 工程<名>
rincón	/rinˈkon/	/rinˈkon/	[rinˈkon] 角落<名>
artificial	/aɾtifiˈθjal/	/aɾtifiˈθjal/	[aɾtifiˈθjal] 人工的<形>
milord	/miˈloɾd/	/miˈloɾd/	[miˈloɾd] 陛下<名>
chaleco	/t͡ʃaˈleko/	/t͡ʃaˈleko/	[t͡ʃaˈleko] 背心<名>
subasta	/suˈbasta/	/suˈbasta/	[suˈbasta] 拍卖<名>
talvez	/talˈbeθ/	/talˈbeθ/	[talˈbeθ] 也许<副>
cam	/kˈam/	/kˈam/	凸轮<名>
corrección	/koreɡˈθjon/	/koreɡˈθjon/	[koreɡˈθjon] 修正<名>
marcar	/maɾˈkaɾ/	/maɾˈkaɾ/	[maɾˈkaɾ] 标记<动>
educado	/eduˈkado/	/eduˈkado/	[eduˈkado] 受过教育的<形>
guardado	/ɡwaɾˈdado/	/ɡwaɾˈdado/	[ɡwaɾˈdado] 已保存<名>
tobillo	/toˈbiʝo/	/toˈbiʝo/	[toˈbiʝo] 脚踝<名>
insistir	/insisˈtiɾ/	/insisˈtiɾ/	[insisˈtiɾ] 坚持<动>
categoría	/kateɡoˈɾia/	/kateɡoˈɾia/	[kateɡoˈɾia] 类别<名>
dimensión	/dimenˈsjon/	/dimenˈsjon/	[dimenˈsjon] 维度<名>
bloque	/ˈbloke/	/ˈbloke/	[ˈbloke] 块<名>
ciclo	/ˈθiklo/	/ˈθiklo/	[ˈθiklo] 循环<名>
enterrar	/enteˈraɾ/	/enteˈraɾ/	[enteˈraɾ] 埋葬<动>
charlar	/t͡ʃaɾˈlaɾ/	/t͡ʃaɾˈlaɾ/	[t͡ʃaɾˈlaɾ] 聊天<动>
inventar	/imbenˈtaɾ/	/imbenˈtaɾ/	[/imbenˈtaɾ/] 发明<动><verb>
bata	/ˈbata/	/ˈbata/	[ˈbata] 长袍<名>
aparecido	/apaɾeˈθido/	/apaɾeˈθido/	[apaɾeˈθido] 出现了<名>
descuento	/desˈkwento/	/desˈkwento/	[desˈkwento] 折扣<名>
cardíaco	/kaɾˈdiako/	/kaɾˈdiako/	[kaɾˈdiako] 心脏的<形>
recto	/ˈreɡto/	/ˈreɡto/	[ˈreɡto] 直<名>
infarto	/inˈfaɾto/	/inˈfaɾto/	[inˈfaɾto] 心脏病发作<名>
plumas	/ˈplumas/	/ˈplumas/	[ˈplumas] 羽毛<名>
escrita	/esˈkɾita/	/esˈkɾita/	[/esˈkɾita/] escritura [eskɾiˈtuɾa] 书写；笔迹<名><noun>
refrigerador	/refɾixeɾaˈdoɾ/	/refɾixeɾaˈdoɾ/	[refɾixeɾaˈdoɾ] 冰箱<名>
sida	/ˈsida/	/ˈsida/	[ˈsida] 艾滋病<名>
obligar	/obliˈɡaɾ/	/obliˈɡaɾ/	[/obliˈɡaɾ/] 强迫；迫使<verb>
magnífica	/maɡˈnifika/	/maɡˈnifika/	[maɡˈnifika] 宏伟的<名>
sobrio	/ˈsobɾjo/	/ˈsobɾjo/	[ˈsobɾjo] 清醒的<形>
obsesión	/obseˈsjon/	/obseˈsjon/	[obseˈsjon] 痴迷<名>
calendario	/kalenˈdaɾjo/	/kalenˈdaɾjo/	[kalenˈdaɾjo] 日历<名>
deprimido	/depɾiˈmido/	/depɾiˈmido/	[depɾiˈmido] 郁闷<形>
rudo	/ˈrudo/	/ˈrudo/	[ˈrudo] 粗鲁的<名>
cuidadoso	/kwidaˈdoso/	/kwidaˈdoso/	[kwidaˈdoso] 小心<形>
supervisor	/supeɾbiˈsoɾ/	/supeɾbiˈsoɾ/	[supeɾbiˈsoɾ] 主管<名>
zapatilla	/θapaˈtiʝa/	/θapaˈtiʝa/	[θapaˈtiʝa] 拖鞋<名>
fijo	/ˈfixo/	/ˈfixo/	[ˈfixo] 固定的<形>
servidor	/seɾbiˈdoɾ/	/seɾbiˈdoɾ/	[seɾbiˈdoɾ] 服务器<名>
estimado	/estiˈmado/	/estiˈmado/	[estiˈmado] 亲爱的<形>
mónico	/mˈoniko/	/mˈoniko/	[[ˈmo.ni.ko] 富有的（非规范词）<adj>
proponer	/pɾopoˈneɾ/	/pɾopoˈneɾ/	[pɾopoˈneɾ] 提议<动>
bendito	/benˈdito/	/benˈdito/	[benˈdito] 有福的<名>
altar	/alˈtaɾ/	/alˈtaɾ/	[alˈtaɾ] 祭坛<名>
luchador	/lut͡ʃaˈdoɾ/	/lut͡ʃaˈdoɾ/	[/lut͡ʃaˈdoɾ/] 斗士；摔跤手<noun>
alboroto	/alboˈɾoto/	/alboˈɾoto/	[alboˈɾoto] 大惊小怪<名>
formal	/foɾˈmal/	/foɾˈmal/	[foɾˈmal] 正式的<形>
hermandad	/eɾmanˈdad/	/eɾmanˈdad/	[eɾmanˈdad] 兄弟情谊<名>
arriesgar	/arjesˈɡaɾ/	/arjesˈɡaɾ/	[arjesˈɡaɾ] 风险<动>
vestíbulo	/besˈtibulo/	/besˈtibulo/	[besˈtibulo] 大堂<名>
racista	/raˈθista/	/raˈθista/	[raˈθista] 种族主义者<名>
cuadra	/ˈkwadɾa/	/ˈkwadɾa/	[ˈkwadɾa] 块<名>
rio	/ˈrjo/	/ˈrjo/	[ˈrjo] 河<名>
láser	/ˈlaseɾ/	/ˈlaseɾ/	[ˈlaseɾ] 激光<名>
tribal	/tɾiˈbal/	/tɾiˈbal/	[tɾiˈbal] 部落的<形>
dedicado	/dediˈkado/	/dediˈkado/	[dediˈkado] 专注的<形>
habitante	/abiˈtante/	/abiˈtante/	[abiˈtante] 居民<名>
pobreza	/poˈbɾeθa/	/poˈbɾeθa/	[poˈbɾeθa] 贫困<名>
ebrio	/ˈebɾjo/	/ˈebɾjo/	[ˈebɾjo] 喝醉了<形>
ambición	/ambiˈθjon/	/ambiˈθjon/	[ambiˈθjon] 野心<名>
visitante	/bisiˈtante/	/bisiˈtante/	[bisiˈtante] 访客<名>
rival	/riˈbal/	/riˈbal/	[riˈbal] 对手<名>
tardo	/ˈtaɾdo/	/ˈtaɾdo/	[/ˈtaɾdo/] 缓慢的；迟缓的<形>（常用形式为 tarde「晚的」）<adj>
comisionado	/komisjoˈnado/	/komisjoˈnado/	[komisjoˈnado] 专员<名>
out	/oˈut/	/oˈut/	[[ˈawt]] 出局<感叹词><noun>
captura	/kabˈtuɾa/	/kabˈtuɾa/	[kabˈtuɾa] 抓住<名>
persecución	/peɾsekuˈθjon/	/peɾsekuˈθjon/	[peɾsekuˈθjon] 追逐<名>
específicamente	/espeˌθifikaˈmente/	/espeˌθifikaˈmente/	[espeˌθifikaˈmente] 具体来说<副>
agradecimiento	/aɡɾadeθiˈmjento/	/aɡɾadeθiˈmjento/	[aɡɾadeθiˈmjento] 感恩<名>
bici	/ˈbiθi/	/ˈbiθi/	[ˈbiθi] 自行车<名>
frágil	/ˈfɾaxil/	/ˈfɾaxil/	[ˈfɾaxil] 脆弱的<形>
mejora	/meˈxoɾa/	/meˈxoɾa/	[meˈxoɾa] 改进<名>
tinta	/ˈtinta/	/ˈtinta/	[ˈtinta] 墨水<名>
nieta	/ˈnjeta/	/ˈnjeta/	[ˈnjeta] 孙女<名>
inventado	/imbenˈtado/	/imbenˈtado/	[imbenˈtado] 发明了<形>
ruptura	/rubˈtuɾa/	/rubˈtuɾa/	[rubˈtuɾa] 分手<名>
cepillo	/θeˈpiʝo/	/θeˈpiʝo/	[θeˈpiʝo] 刷子<名>
velada	/beˈlada/	/beˈlada/	[beˈlada] 晚上<名>
propina	/pɾoˈpina/	/pɾoˈpina/	[pɾoˈpina] 小费<名>
caravana	/kaɾaˈbana/	/kaɾaˈbana/	[kaɾaˈbana] 大篷车<名>
atracción	/atɾaɡˈθjon/	/atɾaɡˈθjon/	[atɾaɡˈθjon] 景点<名>
atraer	/atɾaˈeɾ/	/atɾaˈeɾ/	[atɾaˈeɾ] 吸引<动>
reportero	/repoɾˈteɾo/	/repoɾˈteɾo/	[repoɾˈteɾo] 记者<名>
explorar	/eɡsploˈɾaɾ/	/eɡsploˈɾaɾ/	[eɡsploˈɾaɾ] 探索<动>
perfección	/peɾfeɡˈθjon/	/peɾfeɡˈθjon/	[peɾfeɡˈθjon] 完美<名>
consentimiento	/konsentiˈmjento/	/konsentiˈmjento/	[konsentiˈmjento] 同意<名>
chad	/tʃˈad/	/tʃˈad/	乍得<名>
gil	/ˈxil/	/ˈxil/	[/ˈxil/] 傻瓜；蠢人<名><noun>
postura	/posˈtuɾa/	/posˈtuɾa/	[posˈtuɾa] 姿势<名>
concreto	/konˈkɾeto/	/konˈkɾeto/	[konˈkɾeto] 混凝土<名>
gastado	/ɡasˈtado/	/ɡasˈtado/	[ɡasˈtado] 花费了<形>
apertura	/apeɾˈtuɾa/	/apeɾˈtuɾa/	[apeɾˈtuɾa] 开幕<名>
hurra	/ˈura/	/ˈura/	[ˈura] 万岁<名>
ahorrar	/aoˈraɾ/	/aoˈraɾ/	[aoˈraɾ] 保存<动>
autorizado	/autoɾiˈθado/	/autoɾiˈθado/	[autoɾiˈθado] 授权的<形>
regular	/reɡuˈlaɾ/	/reɡuˈlaɾ/	[reɡuˈlaɾ] 常规的<动>
homosexual	/omoseɡˈswal/	/omoseɡˈswal/	[omoseɡˈswal] 同性恋者<名>
mutuamente	/ˌmutwaˈmente/	/ˌmutwaˈmente/	[ˌmutwaˈmente] 互相<副>
film	/ˈfilm/	/ˈfilm/	[ˈfilm] 电影<名>
bate	/ˈbate/	/ˈbate/	[/ˈbate/] 球棒；击打<noun>
lunar	/luˈnaɾ/	/luˈnaɾ/	[/luˈnaɾ/] 痣；月亮的<noun>
delta	/ˈdelta/	/ˈdelta/	[ˈdelta] 三角洲<名>
vestir	/besˈtiɾ/	/besˈtiɾ/	[/besˈtiɾ/] 穿衣；给…穿衣<verb>
vena	/ˈbena/	/ˈbena/	[ˈbena] 静脉<名>
evaluación	/ebalwaˈθjon/	/ebalwaˈθjon/	[ebalwaˈθjon] 评价<名>
marino	/maˈɾino/	/maˈɾino/	[/maˈɾino/] 海洋的；海员<noun>
lejano	/leˈxano/	/leˈxano/	[leˈxano] 远方<形>
altamente	/ˌaltaˈmente/	/ˌaltaˈmente/	[/ˌaltaˈmente/] 高度地；非常<adv>
vulgar	/bulˈɡaɾ/	/bulˈɡaɾ/	[bulˈɡaɾ] 粗俗的<形>
estafa	/esˈtafa/	/esˈtafa/	[esˈtafa] 骗局<名>
describir	/deskɾiˈbiɾ/	/deskɾiˈbiɾ/	[deskɾiˈbiɾ] 描述<动>
escopeta	/eskoˈpeta/	/eskoˈpeta/	[eskoˈpeta] 霰弹枪<名>
orquesta	/oɾˈkesta/	/oɾˈkesta/	[oɾˈkesta] 管弦乐队<名>
cool	/ˈkul/	/ˈkul/	[ˈkul] 酷<形>
like	/ˈlaik/	/ˈlaik/	[ˈlaik] 喜欢<名>
hábito	/ˈabito/	/ˈabito/	[ˈabito] 习惯<名>
integridad	/inteɡɾiˈdad/	/inteɡɾiˈdad/	[inteɡɾiˈdad] 诚信<名>
orinar	/oɾiˈnaɾ/	/oɾiˈnaɾ/	[oɾiˈnaɾ] 小便<动>
rodar	/roˈdaɾ/	/roˈdaɾ/	[roˈdaɾ] 卷<动>
cardenal	/kaɾdeˈnal/	/kaɾdeˈnal/	[kaɾdeˈnal] 红衣主教<名>
sospecho	/sosˈpet͡ʃo/	/sosˈpet͡ʃo/	[sosˈpet͡ʃo] 我怀疑<名>
entretenimiento	/entɾeteniˈmjento/	/entɾeteniˈmjento/	[entɾeteniˈmjento] 娱乐<名>
escriba	/esˈkɾiba/	/esˈkɾiba/	[esˈkɾiba] 写<名>
hembra	/ˈembɾa/	/ˈembɾa/	[ˈembɾa] 女<名>
primaria	/pɾiˈmaɾja/	/pɾiˈmaɾja/	[pɾiˈmaɾja] 小学<名>
convención	/kombenˈθjon/	/kombenˈθjon/	[kombenˈθjon] 公约<名>
cagar	/kaˈɡaɾ/	/kaˈɡaɾ/	[/kaˈɡaɾ/] 拉屎（粗俗）<verb>
ignorar	/iɡnoˈɾaɾ/	/iɡnoˈɾaɾ/	[iɡnoˈɾaɾ] 忽略<动>
seguidor	/seɡiˈdoɾ/	/seɡiˈdoɾ/	[seɡiˈdoɾ] 追随者<名>
fallecer	/faʝeˈθeɾ/	/faʝeˈθeɾ/	[faʝeˈθeɾ] 死<动>
picante	/piˈkante/	/piˈkante/	[piˈkante] 辣的<名>
árabe	/ˈaɾabe/	/ˈaɾabe/	[ˈaɾabe] 阿拉伯语<名>
contrabando	/kontɾaˈbando/	/kontɾaˈbando/	[kontɾaˈbando] 走私<名>
boxeo	/boɡˈseo/	/boɡˈseo/	[boɡˈseo] 拳击<名>
pintor	/pinˈtoɾ/	/pinˈtoɾ/	[pinˈtoɾ] 画家<名>
ejercitar	/exeɾθiˈtaɾ/	/exeɾθiˈtaɾ/	[exeɾθiˈtaɾ] 锻炼<动>
delantero	/delanˈteɾo/	/delanˈteɾo/	[delanˈteɾo] 前面<名>
yoga	/ˈʝoɡa/	/ˈʝoɡa/	[ˈʝoɡa] 瑜伽<名>
disfrute	/disˈfɾute/	/disˈfɾute/	[disˈfɾute] 享受<名>
marea	/maˈɾea/	/maˈɾea/	[maˈɾea] 潮汐<名>
buzón	/buˈθon/	/buˈθon/	[buˈθon] 邮箱<名>
eliminado	/elimiˈnado/	/elimiˈnado/	[elimiˈnado] 已删除<形>
rechazar	/ret͡ʃaˈθaɾ/	/ret͡ʃaˈθaɾ/	[ret͡ʃaˈθaɾ] 拒绝<动>
turista	/tuˈɾista/	/tuˈɾista/	[tuˈɾista] 游客<名>
comparado	/kompaˈɾado/	/kompaˈɾado/	[kompaˈɾado] 比较<形>
lesión	/leˈsjon/	/leˈsjon/	[leˈsjon] 伤害<名>
jorge	/ˈxoɾxe/	/ˈxoɾxe/	[ˈxoɾxe] 乔治<名>
estallar	/estaˈʝaɾ/	/estaˈʝaɾ/	[estaˈʝaɾ] 爆发<动>
mear	/meˈaɾ/	/meˈaɾ/	[meˈaɾ] 小便<动>
anunciar	/anunˈθjaɾ/	/anunˈθjaɾ/	[anunˈθjaɾ] 宣布<动>
eléctrico	/eˈleɡtɾiko/	/eˈleɡtɾiko/	[eˈleɡtɾiko] 电动的<形>
litro	/ˈlitɾo/	/ˈlitɾo/	[ˈlitɾo] 升<名>
judía	/xuˈdia/	/xuˈdia/	[xuˈdia] 犹太人<名>
acoso	/aˈkoso/	/aˈkoso/	[aˈkoso] 骚扰<名>
remoto	/reˈmoto/	/reˈmoto/	[reˈmoto] 远程<形>
conectar	/koneɡˈtaɾ/	/koneɡˈtaɾ/	[koneɡˈtaɾ] 连接<动>
enojar	/enoˈxaɾ/	/enoˈxaɾ/	[enoˈxaɾ] 生气<动>
cuelga	/ˈkwelɡa/	/ˈkwelɡa/	[ˈkwelɡa] 挂断电话<名>
cuernos	/ˈkweɾnos/	/ˈkweɾnos/	[[ˈkweɾ.nos] 角；犄角<adv>
gallo	/ˈɡaʝo/	/ˈɡaʝo/	[ˈɡaʝo] 公鸡<名>
mojado	/moˈxado/	/moˈxado/	[moˈxado] 湿的<名>
entrenado	/entɾeˈnado/	/entɾeˈnado/	[entɾeˈnado] 训练有素的<形>
vínculo	/ˈbinkulo/	/ˈbinkulo/	[ˈbinkulo] 链接<名>
básico	/ˈbasiko/	/ˈbasiko/	[ˈbasiko] 基本的<形>
munición	/muniˈθjon/	/muniˈθjon/	[muniˈθjon] 弹药<名>
evolución	/eboluˈθjon/	/eboluˈθjon/	[eboluˈθjon] 进化论<名>
convincente	/kombinˈθente/	/kombinˈθente/	[kombinˈθente] 令人信服的<形>
pelotón	/peloˈton/	/peloˈton/	[peloˈton] 排<名>
comprometida	/kompɾomeˈtida/	/kompɾomeˈtida/	[kompɾomeˈtida] 致力于<名>
irlandés	/iɾlanˈdes/	/iɾlanˈdes/	[iɾlanˈdes] 爱尔兰语的<名>
sudor	/suˈdoɾ/	/suˈdoɾ/	[suˈdoɾ] 汗水<名>
desesperación	/desespeɾaˈθjon/	/desespeɾaˈθjon/	[desespeɾaˈθjon] 绝望<名>
concernir	/konθeɾˈniɾ/	/konθeɾˈniɾ/	[konθeɾˈniɾ] 关心<动>
valgo	/ˈbalɡo/	/ˈbalɡo/	[ˈbalɡo] 值得<形>
mito	/ˈmito/	/ˈmito/	[ˈmito] 神话<名>
rencor	/renˈkoɾ/	/renˈkoɾ/	[renˈkoɾ] 怨恨<名>
trágico	/ˈtɾaxiko/	/ˈtɾaxiko/	[ˈtɾaxiko] 悲惨的<形>
brandy	/ˈbɾandi/	/ˈbɾandi/	[ˈbɾandi] 白兰地<名>
desgraciadamente	/desɡɾaˌθjadaˈmente/	/desɡɾaˌθjadaˈmente/	[desɡɾaˌθjadaˈmente] 不幸的是<副>
violar	/bjoˈlaɾ/	/bjoˈlaɾ/	[bjoˈlaɾ] 违反<动>
generador	/xeneɾaˈdoɾ/	/xeneɾaˈdoɾ/	[xeneɾaˈdoɾ] 发电机<名>
riñón	/riˈɲon/	/riˈɲon/	[riˈɲon] 肾<名>
navaja	/naˈbaxa/	/naˈbaxa/	[naˈbaxa] 剃须刀<名>
dedicar	/dediˈkaɾ/	/dediˈkaɾ/	[dediˈkaɾ] 奉献<动>
protesta	/pɾoˈtesta/	/pɾoˈtesta/	[pɾoˈtesta] 抗议<名>
ruina	/ˈrwina/	/ˈrwina/	[ˈrwina] 废墟<名>
gratitud	/ɡɾatiˈtud/	/ɡɾatiˈtud/	[ɡɾatiˈtud] 感恩<名>
plaga	/ˈplaɡa/	/ˈplaɡa/	[ˈplaɡa] 瘟疫<名>
sobredosis	/sobɾeˈdosis/	/sobɾeˈdosis/	[sobɾeˈdosis] 过量<名>
revólver	/reˈbolbeɾ/	/reˈbolbeɾ/	[reˈbolbeɾ] 左轮手枪<名>
independencia	/indepenˈdenθja/	/indepenˈdenθja/	[indepenˈdenθja] 独立性<名>
exceso	/eɡsˈθeso/	/eɡsˈθeso/	[eɡsˈθeso] 多余的<名>
santuario	/sanˈtwaɾjo/	/sanˈtwaɾjo/	[sanˈtwaɾjo] 避难所<名>
estrado	/esˈtɾado/	/esˈtɾado/	[esˈtɾado] 讲台<名>
sirena	/siˈɾena/	/siˈɾena/	[siˈɾena] 美人鱼<名>
arar	/aˈɾaɾ/	/aˈɾaɾ/	[aˈɾaɾ] 犁<名>
barrera	/baˈreɾa/	/baˈreɾa/	[baˈreɾa] 屏障<名>
estándar	/esˈtandaɾ/	/esˈtandaɾ/	[esˈtandaɾ] 标准<名>
cuan	/ˈkwan/	/ˈkwan/	[ˈkwan] 如何<副>
supremo	/suˈpɾemo/	/suˈpɾemo/	[suˈpɾemo] 至高无上的<形>
lavandería	/labandeˈɾia/	/labandeˈɾia/	[labandeˈɾia] 洗衣<名>
farsa	/ˈfaɾsa/	/ˈfaɾsa/	[ˈfaɾsa] 闹剧<名>
automático	/autoˈmatiko/	/autoˈmatiko/	[autoˈmatiko] 自动<形>
terminal	/teɾmiˈnal/	/teɾmiˈnal/	[teɾmiˈnal] 终端<名>
val	/ˈbal/	/ˈbal/	[/ˈbal/] 山谷<名>（诗语）<noun>
químico	/ˈkimiko/	/ˈkimiko/	[ˈkimiko] 化学<名>
tijera	/tiˈxeɾa/	/tiˈxeɾa/	[tiˈxeɾa] 剪刀<名>
seno	/ˈseno/	/ˈseno/	[ˈseno] 乳房<名>
calibre	/kaˈlibɾe/	/kaˈlibɾe/	[kaˈlibɾe] 口径<名>
dominio	/doˈminjo/	/doˈminjo/	[doˈminjo] 域<名>
demostración	/demostɾaˈθjon/	/demostɾaˈθjon/	[demostɾaˈθjon] 示范<名>
rompecabezas	/rompekaˈbeθas/	/rompekaˈbeθas/	[rompekaˈbeθas] 拼图<名>
separación	/sepaɾaˈθjon/	/sepaɾaˈθjon/	[sepaɾaˈθjon] 分离<名>
sostener	/sosteˈneɾ/	/sosteˈneɾ/	[sosteˈneɾ] 保持<动>
esperma	/esˈpeɾma/	/esˈpeɾma/	[esˈpeɾma] 精子<名>
alias	/ˈaljas/	/ˈaljas/	[ˈaljas] 别名<名>
atento	/aˈtento/	/aˈtento/	[aˈtento] 细心的<形>
inesperado	/inespeˈɾado/	/inespeˈɾado/	[inespeˈɾado] 意想不到的<形>
indicado	/indiˈkado/	/indiˈkado/	[indiˈkado] 表明<形>
movido	/moˈbido/	/moˈbido/	[moˈbido] 搬家了<形>
carnicero	/kaɾniˈθeɾo/	/kaɾniˈθeɾo/	[kaɾniˈθeɾo] 屠夫<名>
triunfo	/ˈtɾjunfo/	/ˈtɾjunfo/	[ˈtɾjunfo] 胜利<名>
ballena	/baˈʝena/	/baˈʝena/	[baˈʝena] 鲸鱼<名>
corrupción	/korubˈθjon/	/korubˈθjon/	[korubˈθjon] 腐败<名>
uds	/usˈtedes/	/usˈtedes/	你<代>
terremoto	/tereˈmoto/	/tereˈmoto/	[tereˈmoto] 地震<名>
aparcamiento	/apaɾkaˈmjento/	/apaɾkaˈmjento/	[apaɾkaˈmjento] 停车<名>
resumen	/reˈsumen/	/reˈsumen/	[reˈsumen] 总结<名>
chiflado	/t͡ʃiˈflado/	/t͡ʃiˈflado/	[t͡ʃiˈflado] 疯狂的<名>
m.	/ˈmetɾo/	/ˈmetɾo/	米。<名>
ahorro	/aˈoro/	/aˈoro/	[aˈoro] 储蓄<名>
flotar	/floˈtaɾ/	/floˈtaɾ/	[floˈtaɾ] 浮动<动>
demente	/deˈmente/	/deˈmente/	[deˈmente] 疯狂的<形>
automóvil	/autoˈmobil/	/autoˈmobil/	[autoˈmobil] 汽车<名>
doler	/doˈleɾ/	/doˈleɾ/	[/doˈleɾ/] 疼痛；使痛苦<verb>
contenedor	/konteneˈdoɾ/	/konteneˈdoɾ/	[konteneˈdoɾ] 容器<名>
barril	/baˈril/	/baˈril/	[baˈril] 桶<名>
adopción	/adobˈθjon/	/adobˈθjon/	[adobˈθjon] 收养<名>
satisfacción	/satisfaɡˈθjon/	/satisfaɡˈθjon/	[satisfaɡˈθjon] 满意<名>
inmortal	/immoɾˈtal/	/immoɾˈtal/	[immoɾˈtal] 不朽的<名>
varón	/baˈɾon/	/baˈɾon/	[baˈɾon] 男<名>
cooperación	/koopeɾaˈθjon/	/koopeɾaˈθjon/	[koopeɾaˈθjon] 合作<名>
patear	/pateˈaɾ/	/pateˈaɾ/	[pateˈaɾ] 踢<动>
combatir	/kombaˈtiɾ/	/kombaˈtiɾ/	[kombaˈtiɾ] 战斗<动>
accidentalmente	/aɡθiˌdentalˈmente/	/aɡθiˌdentalˈmente/	[aɡθiˌdentalˈmente] 不小心<副>
insoportable	/insopoɾˈtable/	/insopoɾˈtable/	[insopoɾˈtable] 难以忍受的<形>
tour	/ˈtuɾ/	/ˈtuɾ/	[ˈtuɾ] 游览<名>
iniciativa	/iniθjaˈtiba/	/iniθjaˈtiba/	[iniθjaˈtiba] 倡议<名>
regimiento	/rexiˈmjento/	/rexiˈmjento/	[rexiˈmjento] 团<名>
orfanato	/oɾfaˈnato/	/oɾfaˈnato/	[oɾfaˈnato] 孤儿院<名>
anual	/aˈnwal/	/aˈnwal/	[aˈnwal] 年度<形>
declarado	/deklaˈɾado/	/deklaˈɾado/	[deklaˈɾado] 宣布<形>
encubierto	/enkuˈbjeɾto/	/enkuˈbjeɾto/	[enkuˈbjeɾto] 隐蔽的<形>
aborto	/aˈboɾto/	/aˈboɾto/	[aˈboɾto] 堕胎<名>
diseñado	/diseˈɲado/	/diseˈɲado/	[diseˈɲado] 设计的<形>
venda	/ˈbenda/	/ˈbenda/	[ˈbenda] 卖<名>
dj	/ˌde ˈxota/	/ˌde ˈxota/	[ˌde ˈxota] DJ<名>
cacería	/kaθeˈɾia/	/kaθeˈɾia/	[kaθeˈɾia] 狩猎<名>
selección	/seleɡˈθjon/	/seleɡˈθjon/	[seleɡˈθjon] 选择<名>
honestidad	/onestiˈdad/	/onestiˈdad/	[onestiˈdad] 诚实<名>
culto	/ˈkulto/	/ˈkulto/	[/ˈkulto/] 崇拜；有教养的<noun>
amabilidad	/amabiliˈdad/	/amabiliˈdad/	[amabiliˈdad] 仁慈<名>
inestable	/inesˈtable/	/inesˈtable/	[inesˈtable] 不稳定<形>
manga	/ˈmanɡa/	/ˈmanɡa/	[ˈmanɡa] 袖子<名>
lava	/ˈlaba/	/ˈlaba/	[ˈlaba] 熔岩<名>
bay	/ˈbai/	/ˈbai/	[ˈbai] 湾<叹>
congelado	/konxeˈlado/	/konxeˈlado/	[konxeˈlado] 冷冻的<名>
marine	/maˈɾin/	/maˈɾin/	[maˈɾin] 海洋<名>
madrugada	/madɾuˈɡada/	/madɾuˈɡada/	[madɾuˈɡada] 清晨<名>
residente	/resiˈdente/	/resiˈdente/	[resiˈdente] 居民<名>
champagne	/tʃampˈaɡne/	/tʃampˈaɡne/	香槟<名>
derrotar	/deroˈtaɾ/	/deroˈtaɾ/	[/deroˈtaɾ/] 击败；战胜<verb>
cavar	/kaˈbaɾ/	/kaˈbaɾ/	[kaˈbaɾ] 挖<动>
sólido	/ˈsolido/	/ˈsolido/	固体<名>
mariposa	/maɾiˈposa/	/maɾiˈposa/	[maɾiˈposa] 蝴蝶<名>
provocar	/pɾoboˈkaɾ/	/pɾoboˈkaɾ/	[pɾoboˈkaɾ] 挑衅<动>
recomendar	/rekomenˈdaɾ/	/rekomenˈdaɾ/	[rekomenˈdaɾ] 推荐<动>
provisión	/pɾobiˈsjon/	/pɾobiˈsjon/	[pɾobiˈsjon] 规定<名>
temblar	/temˈblaɾ/	/temˈblaɾ/	[temˈblaɾ] 颤抖<动>
ferrocarril	/ferokaˈril/	/ferokaˈril/	[ferokaˈril] 铁路<名>
trofeo	/tɾoˈfeo/	/tɾoˈfeo/	[tɾoˈfeo] 奖杯<名>
espeluznante	/espeluθˈnante/	/espeluθˈnante/	[espeluθˈnante] 令人毛骨悚然的<形>
práctico	/ˈpɾaɡtiko/	/ˈpɾaɡtiko/	[ˈpɾaɡtiko] 实用的<形>
cifra	/ˈθifɾa/	/ˈθifɾa/	[/ˈθifɾa/] 数字；数目；位数<noun>
cachorro	/kaˈt͡ʃoro/	/kaˈt͡ʃoro/	[/kaˈt͡ʃoro/] 幼兽，崽（如小狗、小猫）<noun>
fractura	/fɾaɡˈtuɾa/	/fɾaɡˈtuɾa/	[fɾaɡˈtuɾa] 骨折<名>
fu	/ˈfu/	/ˈfu/	[/ˈfu/] 呸；咄（表示厌恶的叹词）<intj>
confiado	/konˈfjado/	/konˈfjado/	[konˈfjado] 自信的<形>
acordado	/akoɾˈdado/	/akoɾˈdado/	[akoɾˈdado] 同意<形>
apuro	/aˈpuɾo/	/aˈpuɾo/	[aˈpuɾo] 快点<名>
pañal	/paˈɲal/	/paˈɲal/	[paˈɲal] 尿布<名>
tomada	/toˈmada/	/toˈmada/	[toˈmada] 采取<名>
incluido	/inˈklwido/	/inˈklwido/	[inˈklwido] 包括在内<形>
rendir	/renˈdiɾ/	/renˈdiɾ/	[/renˈdiɾ/] 使屈服；投降；交出；发挥（效能）<verb>
opuesto	/oˈpwesto/	/oˈpwesto/	[oˈpwesto] 对面<形>
catalina	/kataˈlina/	/kataˈlina/	[kataˈlina] 凯瑟琳<名>
pito	/ˈpito/	/ˈpito/	[ˈpito] 口哨<名>
follar	/foˈʝaɾ/	/foˈʝaɾ/	[foˈʝaɾ] 他妈的<动>
sesenta	/seˈsenta/	/seˈsenta/	[seˈsenta] 六十<数>
balcón	/balˈkon/	/balˈkon/	[balˈkon] 阳台<名>
camilla	/kaˈmiʝa/	/kaˈmiʝa/	[kaˈmiʝa] 担架<名>
llover	/ʝoˈbeɾ/	/ʝoˈbeɾ/	[/ʝoˈbeɾ/] 下雨<verb>
paloma	/paˈloma/	/paˈloma/	[paˈloma] 鸽子<名>
irlanda	/iɾˈlanda/	/iɾˈlanda/	[iɾˈlanda] 爱尔兰<名>
ático	/ˈatiko/	/ˈatiko/	[ˈatiko] 阁楼<名>
homicida	/omiˈθida/	/omiˈθida/	[omiˈθida] 杀人的<名>
dañado	/daˈɲado/	/daˈɲado/	[daˈɲado] 损坏的<形>
cálculo	/ˈkalkulo/	/ˈkalkulo/	[ˈkalkulo] 计算<名>
sinvergüenza	/simbeɾˈɡwenθa/	/simbeɾˈɡwenθa/	[simbeɾˈɡwenθa] 恶棍<名>
granada	/ɡɾaˈnada/	/ɡɾaˈnada/	[ɡɾaˈnada] 石榴<名>
baúl	/baˈul/	/baˈul/	[/baˈul/] 箱子；行李箱；后备箱<noun>
sirviente	/siɾˈbjente/	/siɾˈbjente/	[siɾˈbjente] 仆人<名>
verificar	/beɾifiˈkaɾ/	/beɾifiˈkaɾ/	[beɾifiˈkaɾ] 检查<动>
bruto	/ˈbɾuto/	/ˈbɾuto/	[ˈbɾuto] 毛重<名>
separar	/sepaˈɾaɾ/	/sepaˈɾaɾ/	[sepaˈɾaɾ] 分开<动>
crío	/ˈkɾio/	/ˈkɾio/	[ˈkɾio] 孩子<名>
publicar	/publiˈkaɾ/	/publiˈkaɾ/	[publiˈkaɾ] 发布<动>
afectado	/afeɡˈtado/	/afeɡˈtado/	[afeɡˈtado] 受影响<形>
alcanzado	/alkanˈθado/	/alkanˈθado/	[alkanˈθado] 达到<形>
prestar	/pɾesˈtaɾ/	/pɾesˈtaɾ/	[pɾesˈtaɾ] 借出<动>
acondicionado	/akondiθjoˈnado/	/akondiθjoˈnado/	[akondiθjoˈnado] 调理<形>
verdura	/beɾˈduɾa/	/beɾˈduɾa/	[beɾˈduɾa] 蔬菜<名>
digital	/dixiˈtal/	/dixiˈtal/	[dixiˈtal] 数字化<名>
imperial	/impeˈɾjal/	/impeˈɾjal/	[impeˈɾjal] 帝国的<形>
emboscada	/embosˈkada/	/embosˈkada/	[embosˈkada] 伏击<名>
finanza	/fiˈnanθa/	/fiˈnanθa/	[fiˈnanθa] 金融<名>
recta	/ˈreɡta/	/ˈreɡta/	[ˈreɡta] 直<名>
soga	/ˈsoɡa/	/ˈsoɡa/	[ˈsoɡa] 绳子<名>
mudo	/ˈmudo/	/ˈmudo/	[/ˈmudo/] 哑的；无声的；沉默的<noun>
apodo	/aˈpodo/	/aˈpodo/	[/aˈpodo/] 绰号；外号<名><noun>
intelectual	/inteleɡˈtwal/	/inteleɡˈtwal/	[inteleɡˈtwal] 知识分子<形>
paisaje	/paiˈsaxe/	/paiˈsaxe/	[paiˈsaxe] 风景<名>
surgir	/suɾˈxiɾ/	/suɾˈxiɾ/	[suɾˈxiɾ] 出现<动>
excepcional	/eɡsθebθjoˈnal/	/eɡsθebθjoˈnal/	[eɡsθebθjoˈnal] 异常的<形>
pub	/ˈpab/	/ˈpab/	[ˈpab] 酒吧<名>
fuma	/ˈfuma/	/ˈfuma/	[/ˈfuma/] fumar 抽烟<动><noun>
matón	/maˈton/	/maˈton/	[maˈton] 恶霸<名>
entorno	/enˈtoɾno/	/enˈtoɾno/	[enˈtoɾno] 环境<名>
expectativa	/eɡspeɡtaˈtiba/	/eɡspeɡtaˈtiba/	[eɡspeɡtaˈtiba] 期望<名>
bastón	/basˈton/	/basˈton/	[basˈton] 手杖<名>
armar	/aɾˈmaɾ/	/aɾˈmaɾ/	[aɾˈmaɾ] 组装<动>
preparación	/pɾepaɾaˈθjon/	/pɾepaɾaˈθjon/	[pɾepaɾaˈθjon] 准备<名>
neumático	/neuˈmatiko/	/neuˈmatiko/	[neuˈmatiko] 轮胎<名>
alá	/aˈla/	/aˈla/	[/aˈla/] 安拉；真主<intj>
participación	/paɾtiθipaˈθjon/	/paɾtiθipaˈθjon/	[paɾtiθipaˈθjon] 参与<名>
vientos	/ˈbjentos/	/ˈbjentos/	[ˈbjentos] 风<副>
verga	/ˈbeɾɡa/	/ˈbeɾɡa/	[/ˈbeɾɡa/] 桅杆；杆；棒<noun>
estudiado	/estuˈdjado/	/estuˈdjado/	[estuˈdjado] 研究过<形>
cha	/ˈt͡ʃa/	/ˈt͡ʃa/	[ˈt͡ʃa] 查<名>
cd	/θeˈde/	/θeˈde/	[θeˈde] 光盘<名>
escondida	/eskonˈdida/	/eskonˈdida/	[eskonˈdida] 隐藏的<名>
garra	/ˈɡara/	/ˈɡara/	[ˈɡara] 爪子<名>
pleno	/ˈpleno/	/ˈpleno/	[ˈpleno] 满<名>
lamentable	/lamenˈtable/	/lamenˈtable/	[lamenˈtable] 遗憾的<形>
promoción	/pɾomoˈθjon/	/pɾomoˈθjon/	[pɾomoˈθjon] 促销<名>
televisor	/telebiˈsoɾ/	/telebiˈsoɾ/	[telebiˈsoɾ] 电视<名>
masacre	/maˈsakɾe/	/maˈsakɾe/	[maˈsakɾe] 屠杀<名>
jet	/ˈʝet/	/ˈʝet/	[ˈʝet] 喷射机<名>
desperdicio	/despeɾˈdiθjo/	/despeɾˈdiθjo/	[/despeɾˈdiθjo/] 浪费<名>；废弃物<名><noun>
margarita	/maɾɡaˈɾita/	/maɾɡaˈɾita/	[maɾɡaˈɾita] 雏菊<名>
chau	/ˈt͡ʃau/	/ˈt͡ʃau/	[ˈt͡ʃau] 再见<叹>
peluca	/peˈluka/	/peˈluka/	[peˈluka] 假发<名>
inspección	/inspeɡˈθjon/	/inspeɡˈθjon/	[inspeɡˈθjon] 检查<名>
cosquillas	/kosˈkiʝas/	/kosˈkiʝas/	[kosˈkiʝas] 挠痒痒的<名>
factor	/faɡˈtoɾ/	/faɡˈtoɾ/	[faɡˈtoɾ] 因素<名>
trece	/ˈtɾeθe/	/ˈtɾeθe/	[ˈtɾeθe] 十三<名>
violín	/bjoˈlin/	/bjoˈlin/	[bjoˈlin] 小提琴<名>
navegar	/nabeˈɡaɾ/	/nabeˈɡaɾ/	[/nabeˈɡaɾ/] 航行；导航<动><verb>
picnic	/ˈpiɡnik/	/ˈpiɡnik/	[ˈpiɡnik] 野餐<名>
examinar	/eɡsamiˈnaɾ/	/eɡsamiˈnaɾ/	[eɡsamiˈnaɾ] 检查<动>
lazo	/ˈlaθo/	/ˈlaθo/	[/ˈlaθo/] 蝴蝶结；绳结；套索<名><noun>
chantaje	/t͡ʃanˈtaxe/	/t͡ʃanˈtaxe/	[t͡ʃanˈtaxe] 勒索<名>
alquilar	/alkiˈlaɾ/	/alkiˈlaɾ/	[/alkiˈlaɾ/] 租用；出租；租赁<verb>
negativa	/neɡaˈtiba/	/neɡaˈtiba/	[neɡaˈtiba] 消极的<名>
futura	/fuˈtuɾa/	/fuˈtuɾa/	[fuˈtuɾa] 未来<名>
melodía	/meloˈdia/	/meloˈdia/	[meloˈdia] 旋律<名>
entierro	/enˈtjero/	/enˈtjero/	[enˈtjero] 埋葬<名>
plomo	/ˈplomo/	/ˈplomo/	[ˈplomo] 铅<名>
únicamente	/ˌunikaˈmente/	/ˌunikaˈmente/	[ˌunikaˈmente] 仅<副>
bufete	/buˈfete/	/buˈfete/	[buˈfete] 律师事务所<名>
localización	/lokaliθaˈθjon/	/lokaliθaˈθjon/	[lokaliθaˈθjon] 地点<名>
envuelto	/emˈbwelto/	/emˈbwelto/	[emˈbwelto] 包裹着<形>
dinamita	/dinaˈmita/	/dinaˈmita/	[dinaˈmita] 炸药<名>
maduro	/maˈduɾo/	/maˈduɾo/	[maˈduɾo] 成熟的<名>
constitución	/konstituˈθjon/	/konstituˈθjon/	[konstituˈθjon] 宪法<名>
arturo	/aɾˈtuɾo/	/aɾˈtuɾo/	[aɾˈtuɾo] 亚瑟<名>
tronco	/ˈtɾonko/	/ˈtɾonko/	[ˈtɾonko] 树干<名>
aplicación	/aplikaˈθjon/	/aplikaˈθjon/	[aplikaˈθjon] 应用<名>
todopoderoso	/todopodeˈɾoso/	/todopodeˈɾoso/	[todopodeˈɾoso] 全能的<形>
monja	/ˈmonxa/	/ˈmonxa/	[ˈmonxa] 修女<名>
campesino	/kampeˈsino/	/kampeˈsino/	[kampeˈsino] 农民<名>
zoológico	/θooˈloxiko/	/θooˈloxiko/	[θooˈloxiko] 动物园<名>
creador	/kɾeaˈdoɾ/	/kɾeaˈdoɾ/	[kɾeaˈdoɾ] 创造者<名>
monje	/ˈmonxe/	/ˈmonxe/	[ˈmonxe] 和尚<名>
parlamento	/paɾlaˈmento/	/paɾlaˈmento/	[paɾlaˈmento] 议会<名>
clavo	/ˈklabo/	/ˈklabo/	[ˈklabo] 丁香<名>
informante	/infoɾˈmante/	/infoɾˈmante/	[infoɾˈmante] 线人<名>
down	/ˈdaun/	/ˈdaun/	[ˈdaun] 向下<形>
terrorismo	/teroˈɾismo/	/teroˈɾismo/	[teroˈɾismo] 恐怖主义<名>
carolino	/kaɾoˈlino/	/kaɾoˈlino/	[/kaɾoˈlino/] 卡罗来纳的；查理（王朝）的<noun>
masculino	/maskuˈlino/	/maskuˈlino/	[maskuˈlino] 男<形>
crack	/ˈkɾak/	/ˈkɾak/	[ˈkɾak] 裂纹<名>
soporte	/soˈpoɾte/	/soˈpoɾte/	[soˈpoɾte] 支持<名>
pólvora	/ˈpolboɾa/	/ˈpolboɾa/	[ˈpolboɾa] 火药<名>
documental	/dokumenˈtal/	/dokumenˈtal/	[dokumenˈtal] 纪录片<名>
gol	/ˈɡol/	/ˈɡol/	[ˈɡol] 目标<名>
institución	/instituˈθjon/	/instituˈθjon/	[instituˈθjon] 机构<名>
intimidad	/intimiˈdad/	/intimiˈdad/	[intimiˈdad] 亲密感<名>
rescatar	/reskaˈtaɾ/	/reskaˈtaɾ/	[reskaˈtaɾ] 救援<动>
avanzada	/abanˈθada/	/abanˈθada/	[abanˈθada] 先进的<名>
incorrecto	/inkoˈreɡto/	/inkoˈreɡto/	[inkoˈreɡto] 不正确<形>
invertir	/imbeɾˈtiɾ/	/imbeɾˈtiɾ/	[imbeɾˈtiɾ] 投资<动>
morfina	/moɾˈfina/	/moɾˈfina/	[moɾˈfina] 吗啡<名>
creencia	/kɾeˈenθja/	/kɾeˈenθja/	[kɾeˈenθja] 信仰<名>
banquete	/banˈkete/	/banˈkete/	[banˈkete] 宴会<名>
enfoque	/enˈfoke/	/enˈfoke/	[enˈfoke] 焦点<名>
enamorar	/enamoˈɾaɾ/	/enamoˈɾaɾ/	[enamoˈɾaɾ] 坠入爱河<动>
gancho	/ˈɡant͡ʃo/	/ˈɡant͡ʃo/	[ˈɡant͡ʃo] 钩子<名>
deseado	/deseˈado/	/deseˈado/	[deseˈado] 想要的<形>
intervención	/inteɾbenˈθjon/	/inteɾbenˈθjon/	[inteɾbenˈθjon] 干预<名>
conquistar	/konkisˈtaɾ/	/konkisˈtaɾ/	[konkisˈtaɾ] 征服<动>
valía	/baˈlia/	/baˈlia/	[baˈlia] 值得<名>
billón	/biˈʝon/	/biˈʝon/	[biˈʝon] 十亿<名>
colorado	/koloˈɾado/	/koloˈɾado/	[/koloˈɾado/] 红色的；红润的<adj>
post	/ˈpost/	/ˈpost/	[ˈpost] 帖子<名>
capilla	/kaˈpiʝa/	/kaˈpiʝa/	[kaˈpiʝa] 小教堂<名>
espléndido	/esˈplendido/	/esˈplendido/	[esˈplendido] 辉煌的<形>
reflejo	/reˈflexo/	/reˈflexo/	[/reˈflexo/] 反射；映像；反映<noun>
suavemente	/ˌswabeˈmente/	/ˌswabeˈmente/	[ˌswabeˈmente] 轻轻地<副>
avanzado	/abanˈθado/	/abanˈθado/	[abanˈθado] 先进的<形>
contador	/kontaˈdoɾ/	/kontaˈdoɾ/	[kontaˈdoɾ] 柜台<名>
sexualmente	/seɡˌswalˈmente/	/seɡˌswalˈmente/	[seɡˌswalˈmente] 性方面的<副>
carruaje	/kaˈrwaxe/	/kaˈrwaxe/	[kaˈrwaxe] 马车<名>
lote	/ˈlote/	/ˈlote/	[/ˈlote/] 一批；一份；地块<noun>
champaña	/t͡ʃamˈpaɲa/	/t͡ʃamˈpaɲa/	[t͡ʃamˈpaɲa] 香槟<名>
agresivo	/aɡɾeˈsibo/	/aɡɾeˈsibo/	[aɡɾeˈsibo] 侵略性的<形>
mariscal	/maɾisˈkal/	/maɾisˈkal/	[maɾisˈkal] 元帅<名>
zumo	/ˈθumo/	/ˈθumo/	[ˈθumo] 果汁<名>
velo	/ˈbelo/	/ˈbelo/	[ˈbelo] 面纱<名>
virtud	/biɾˈtud/	/biɾˈtud/	[biɾˈtud] 美德<名>
nuez	/ˈnweθ/	/ˈnweθ/	[ˈnweθ] 坚果<名>
soda	/ˈsoda/	/ˈsoda/	[ˈsoda] 苏打水<名>
continente	/kontiˈnente/	/kontiˈnente/	[kontiˈnente] 大陆<名>
congresista	/konɡɾeˈsista/	/konɡɾeˈsista/	[konɡɾeˈsista] 国会议员<名>
financiero	/finanˈθjeɾo/	/finanˈθjeɾo/	[finanˈθjeɾo] 金融<形>
colocado	/koloˈkado/	/koloˈkado/	[koloˈkado] 放置<形>
eco	/ˈeko/	/ˈeko/	[ˈeko] 回声<名>
oriental	/oɾjenˈtal/	/oɾjenˈtal/	[oɾjenˈtal] 东方的<名>
quito	/ˈkito/	/ˈkito/	[ˈkito] 我删除<形>
karma	/ˈkaɾma/	/ˈkaɾma/	[ˈkaɾma] 业力<名>
descuida	/desˈkwida/	/desˈkwida/	[desˈkwida] 忽视<叹>
fraternidad	/fɾateɾniˈdad/	/fɾateɾniˈdad/	[fɾateɾniˈdad] 兄弟情谊<名>
dirigido	/diɾiˈxido/	/diɾiˈxido/	[diɾiˈxido] 指导的<形>
expedición	/eɡspediˈθjon/	/eɡspediˈθjon/	[eɡspediˈθjon] 远征<名>
industrial	/indusˈtɾjal/	/indusˈtɾjal/	[indusˈtɾjal] 工业<形>
napoleón	/napoleˈon/	/napoleˈon/	[napoleˈon] 拿破仑<名>
cómico	/ˈkomiko/	/ˈkomiko/	[ˈkomiko] 漫画<名>
chicle	/ˈt͡ʃikle/	/ˈt͡ʃikle/	[ˈt͡ʃikle] 口香糖<名>
tocino	/toˈθino/	/toˈθino/	[toˈθino] 培根<名>
respetable	/respeˈtable/	/respeˈtable/	[respeˈtable] 值得尊敬的<形>
federación	/fedeɾaˈθjon/	/fedeɾaˈθjon/	[fedeɾaˈθjon] 联邦<名>
descarga	/desˈkaɾɡa/	/desˈkaɾɡa/	[desˈkaɾɡa] 下载<名>
leña	/ˈleɲa/	/ˈleɲa/	[ˈleɲa] 柴火<名>
religioso	/reliˈxjoso/	/reliˈxjoso/	[reliˈxjoso] 宗教的<形>
analizar	/analiˈθaɾ/	/analiˈθaɾ/	[analiˈθaɾ] 分析<动>
estreno	/esˈtɾeno/	/esˈtɾeno/	[esˈtɾeno] 首映<名>
cosita	/koˈsita/	/koˈsita/	[koˈsita] 小事<名>
peste	/ˈpeste/	/ˈpeste/	[ˈpeste] 瘟疫<名>
software	/ˈsofdw̝eɾ/	/ˈsofdw̝eɾ/	[ˈsofdw̝eɾ] 软件<名>
freno	/ˈfɾeno/	/ˈfɾeno/	[ˈfɾeno] 刹车<名>
experimentar	/eɡspeɾimenˈtaɾ/	/eɡspeɾimenˈtaɾ/	[eɡspeɾimenˈtaɾ] 实验<动>
paja	/ˈpaxa/	/ˈpaxa/	[ˈpaxa] 稻草<名>
caballería	/kabaʝeˈɾia/	/kabaʝeˈɾia/	[kabaʝeˈɾia] 骑兵<名>
puñetazo	/puɲeˈtaθo/	/puɲeˈtaθo/	[/puɲeˈtaθo/] 一拳；拳打<noun>
hostia	/ˈostja/	/ˈostja/	[/ˈostja/] 圣饼；圣体<noun>
psicología	/sikoloˈxia/	/sikoloˈxia/	[sikoloˈxia] 心理学<名>
calzoncillo	/kalθonˈθiʝo/	/kalθonˈθiʝo/	[kalθonˈθiʝo] 内裤<名>
definición	/definiˈθjon/	/definiˈθjon/	[definiˈθjon] 定义<名>
difunto	/diˈfunto/	/diˈfunto/	[diˈfunto] 死者<形>
fugitivo	/fuxiˈtibo/	/fuxiˈtibo/	[fuxiˈtibo] 逃亡者<形>
asegurado	/aseɡuˈɾado/	/aseɡuˈɾado/	[aseɡuˈɾado] 被保险人<形>
artillería	/aɾtiʝeˈɾia/	/aɾtiʝeˈɾia/	[aɾtiʝeˈɾia] 火炮<名>
panel	/paˈnel/	/paˈnel/	[paˈnel] 面板<名>
desarrollar	/desaroˈʝaɾ/	/desaroˈʝaɾ/	[desaroˈʝaɾ] 发展<动>
asesor	/aseˈsoɾ/	/aseˈsoɾ/	[aseˈsoɾ] 顾问<名>
séptimo	/ˈsebtimo/	/ˈsebtimo/	[ˈsebtimo] 第七<名>
bando	/ˈbando/	/ˈbando/	[ˈbando] 派系；阵营；公告<名>
resfriado	/resˈfɾjado/	/resˈfɾjado/	[resˈfɾjado] 冷<名>
tablero	/taˈbleɾo/	/taˈbleɾo/	[taˈbleɾo] 董事会<名>
seso	/ˈseso/	/ˈseso/	[ˈseso] 大脑<名>
ética	/ˈetika/	/ˈetika/	[ˈetika] 道德<名>
táctica	/ˈtaɡtika/	/ˈtaɡtika/	[ˈtaɡtika] 战术<名>
millonario	/miʝoˈnaɾjo/	/miʝoˈnaɾjo/	[miʝoˈnaɾjo] 百万富翁<名>
sobreviviente	/sobɾebiˈbjente/	/sobɾebiˈbjente/	[sobɾebiˈbjente] 幸存者<名>
éso	/ˈeso/	/ˈeso/	那个<代>
freír	/fɾeˈiɾ/	/fɾeˈiɾ/	[fɾeˈiɾ] 炒<动>
fumo	/ˈfumo/	/ˈfumo/	[ˈfumo] 我抽烟<名>
establecido	/estableˈθido/	/estableˈθido/	[estableˈθido] 成立<形>
apretar	/apɾeˈtaɾ/	/apɾeˈtaɾ/	[apɾeˈtaɾ] 挤压<动>
bandido	/banˈdido/	/banˈdido/	[banˈdido] 强盗<名>
cruza	/ˈkɾuθa/	/ˈkɾuθa/	[ˈkɾuθa] 杂交；杂交种<名>
provecho	/pɾoˈbet͡ʃo/	/pɾoˈbet͡ʃo/	[pɾoˈbet͡ʃo] 好处<名>
botín	/boˈtin/	/boˈtin/	[boˈtin] 掠夺<名>
rechazo	/reˈt͡ʃaθo/	/reˈt͡ʃaθo/	[reˈt͡ʃaθo] 拒绝<名>
donante	/doˈnante/	/doˈnante/	[doˈnante] 捐助者<名>
avisado	/abiˈsado/	/abiˈsado/	[abiˈsado] 警告<形>
exhibición	/eɡsibiˈθjon/	/eɡsibiˈθjon/	[eɡsibiˈθjon] 展览<名>
genética	/xeˈnetika/	/xeˈnetika/	[xeˈnetika] 遗传学<名>
ram	/ˈram/	/ˈram/	[/ˈram/] 内存；随机存取存储器<noun>
paranoico	/paɾaˈnoiko/	/paɾaˈnoiko/	[paɾaˈnoiko] 偏执狂<名>
silencioso	/silenˈθjoso/	/silenˈθjoso/	[silenˈθjoso] 沉默的<形>
insignificante	/insiɡnifiˈkante/	/insiɡnifiˈkante/	[insiɡnifiˈkante] 微不足道的<形>
suspirar	/suspiˈɾaɾ/	/suspiˈɾaɾ/	[suspiˈɾaɾ] 叹息<动>
doncella	/donˈθeʝa/	/donˈθeʝa/	[donˈθeʝa] 少女<名>
conserje	/konˈseɾxe/	/konˈseɾxe/	[konˈseɾxe] 看门人<名>
letal	/leˈtal/	/leˈtal/	[leˈtal] 致命的<形>
hormiga	/hoˈɾmi.ɡa/	/hoˈɾmi.ɡa/	[hoˈɾmi.ɡa] 蚂蚁<名>
dvd	/debeˈde/	/debeˈde/	[debeˈde] DVD<名>
escolta	/esˈkolta/	/esˈkolta/	[esˈkolta] 护送<名>
laurel	/lauˈɾel/	/lauˈɾel/	[lauˈɾel] 月桂树<名>
valla	/ˈbaʝa/	/ˈbaʝa/	[ˈbaʝa] 栅栏<名>
mayordomo	/maʝoɾˈdomo/	/maʝoɾˈdomo/	[maʝoɾˈdomo] 管家<名>
deportivo	/depoɾˈtibo/	/depoɾˈtibo/	[depoɾˈtibo] 运动型的<名>
arquitecto	/aɾkiˈteɡto/	/aɾkiˈteɡto/	[aɾkiˈteɡto] 建筑师<名>
morder	/moɾˈdeɾ/	/moɾˈdeɾ/	[moɾˈdeɾ] 咬<动>
establo	/esˈtablo/	/esˈtablo/	[esˈtablo] 马厩；畜栏<名>
lato	/ˈlato/	/ˈlato/	[ˈlato] 宽的；宽大的；广义的<形>
aislamiento	/aislaˈmjento/	/aislaˈmjento/	[aislaˈmjento] 绝缘<名>
perla	/ˈpeɾla/	/ˈpeɾla/	[ˈpeɾla] 珍珠<名>
cargamento	/kaɾɡaˈmento/	/kaɾɡaˈmento/	[kaɾɡaˈmento] 货物<名>
cristino	/kɾisˈtino/	/kɾisˈtino/	[/kɾisˈtino/] 克里斯蒂娜派支持者（19世纪西班牙支持伊莎贝尔二世及其母克里斯蒂娜摄政者）<名><noun>
p.	/ˈpaxina/	/ˈpaxina/	页<名>
corporal	/koɾpoˈɾal/	/koɾpoˈɾal/	[koɾpoˈɾal] 身体<名>
realista	/reaˈlista/	/reaˈlista/	[reaˈlista] 现实的<名>
embarazoso	/embaɾaˈθoso/	/embaɾaˈθoso/	[embaɾaˈθoso] 令人尴尬的<形>
incumbencia	/inkumˈbenθja/	/inkumˈbenθja/	[inkumˈbenθja] 在职<名>
monta	/ˈmonta/	/ˈmonta/	[ˈmonta] 骑<名>
admirador	/admiɾaˈdoɾ/	/admiɾaˈdoɾ/	[admiɾaˈdoɾ] 仰慕者<名>
montado	/monˈtado/	/monˈtado/	[monˈtado] 已安装<形>
prudente	/pɾuˈdente/	/pɾuˈdente/	[pɾuˈdente] 谨慎的<形>
fenomenal	/fenomeˈnal/	/fenomeˈnal/	[fenomeˈnal] 惊人的<形>
acusar	/akuˈsaɾ/	/akuˈsaɾ/	[akuˈsaɾ] 指责<动>
barbacoa	/baɾbaˈkoa/	/baɾbaˈkoa/	[baɾbaˈkoa] 烧烤<名>
decepción	/deθebˈθjon/	/deθebˈθjon/	[deθebˈθjon] 失望<名>
representación	/repɾesentaˈθjon/	/repɾesentaˈθjon/	[repɾesentaˈθjon] 代表性<名>
carbono	/kaɾˈbono/	/kaɾˈbono/	[kaɾˈbono] 碳<名>
semestre	/seˈmestɾe/	/seˈmestɾe/	[seˈmestɾe] 学期<名>
hacienda	/aˈθjenda/	/aˈθjenda/	[aˈθjenda] 庄园<名>
género	/ˈxeneɾo/	/ˈxeneɾo/	[ˈxeneɾo] 性别<名>
refresco	/reˈfɾesko/	/reˈfɾesko/	[reˈfɾesko] 软饮料<名>
interruptor	/interubˈtoɾ/	/interubˈtoɾ/	[interubˈtoɾ] 开关<名>
halcón	/alˈkon/	/alˈkon/	[alˈkon] 猎鹰<名>
codo	/ˈkodo/	/ˈkodo/	[ˈkodo] 肘部<名>
valentía	/balenˈtia/	/balenˈtia/	[balenˈtia] 勇敢<名>
pipa	/ˈpipa/	/ˈpipa/	[/ˈpipa/] 烟斗；瓜子<名><noun>
sustancia	/susˈtanθja/	/susˈtanθja/	[susˈtanθja] 物质<名>
posterior	/posteˈɾjoɾ/	/posteˈɾjoɾ/	[posteˈɾjoɾ] 后来<形>
was	/wˈas/	/wˈas/	是（be的过去式）<名>
brisa	/ˈbɾisa/	/ˈbɾisa/	[ˈbɾisa] 微风<名>
reparto	/reˈpaɾto/	/reˈpaɾto/	[reˈpaɾto] 演员表<名>
taberna	/taˈbeɾna/	/taˈbeɾna/	[taˈbeɾna] 酒馆<名>
aleluya	/aleˈluʝa/	/aleˈluʝa/	[aleˈluʝa] 哈利路亚<名>
comunicado	/komuniˈkado/	/komuniˈkado/	[komuniˈkado] 声明<名>
seguimiento	/seɡiˈmjento/	/seɡiˈmjento/	[seɡiˈmjento] 追踪<名>
discreción	/diskɾeˈθjon/	/diskɾeˈθjon/	[diskɾeˈθjon] 自由裁量权<名>
pulgar	/pulˈɡaɾ/	/pulˈɡaɾ/	[pulˈɡaɾ] 拇指<名>
comprensión	/kompɾenˈsjon/	/kompɾenˈsjon/	[kompɾenˈsjon] 理解<名>
frasco	/ˈfɾasko/	/ˈfɾasko/	[ˈfɾasko] 罐子<名>
tequila	/teˈkila/	/teˈkila/	[teˈkila] 龙舌兰酒<名>
convento	/komˈbento/	/komˈbento/	[komˈbento] 修道院<名>
regalar	/reɡaˈlaɾ/	/reɡaˈlaɾ/	[reɡaˈlaɾ] 赠送；送礼物<动>
insulto	/inˈsulto/	/inˈsulto/	[inˈsulto] 侮辱<名>
coña	/ˈkoɲa/	/ˈkoɲa/	[ˈkoɲa] 笑话<名>
vigilante	/bixiˈlante/	/bixiˈlante/	[bixiˈlante] 守望者<名>
metida	/meˈtida/	/meˈtida/	[/meˈtida/] 卷入；插手（口语，指介入某事）<noun>
cálido	/ˈkalido/	/ˈkalido/	[ˈkalido] 温暖<形>
gabinete	/ɡabiˈnete/	/ɡabiˈnete/	[ɡabiˈnete] 柜子<名>
excursión	/eɡskuɾˈsjon/	/eɡskuɾˈsjon/	[eɡskuɾˈsjon] 游览<名>
filete	/fiˈlete/	/fiˈlete/	[fiˈlete] 牛排<名>
mecanismo	/mekaˈnismo/	/mekaˈnismo/	[mekaˈnismo] 机制<名>
invento	/imˈbento/	/imˈbento/	[imˈbento] 发明<名>
dorada	/doˈɾada/	/doˈɾada/	[doˈɾada] 金色<名>
exitoso	/eɡsiˈtoso/	/eɡsiˈtoso/	[eɡsiˈtoso] 成功的<形>
frontero	/fɾonˈteɾo/	/fɾonˈteɾo/	[fɾonˈteɾo] 边界<形>
alterado	/alteˈɾado/	/alteˈɾado/	[alteˈɾado] 改变的<形>
mostrador	/mostɾaˈdoɾ/	/mostɾaˈdoɾ/	[mostɾaˈdoɾ] 柜台<名>
precisión	/pɾeθiˈsjon/	/pɾeθiˈsjon/	[pɾeθiˈsjon] 精度<名>
constar	/konsˈtaɾ/	/konsˈtaɾ/	[konsˈtaɾ] 由…组成；由…构成；明确；有记录<动>
manicomio	/maniˈkomjo/	/maniˈkomjo/	[maniˈkomjo] 疯人院<名>
hondo	/ˈondo/	/ˈondo/	[ˈondo] 深<形>
dispar	/disˈpaɾ/	/disˈpaɾ/	[disˈpaɾ] 不同的<形>
basurero	/basuˈɾeɾo/	/basuˈɾeɾo/	[basuˈɾeɾo] 垃圾场<名>
mini	/mˈini/	/mˈini/	迷你<形>
infiel	/inˈfjel/	/inˈfjel/	[inˈfjel] 不忠的<名>
cualidad	/kwaliˈdad/	/kwaliˈdad/	[kwaliˈdad] 品质<名>
comprador	/kompɾaˈdoɾ/	/kompɾaˈdoɾ/	[kompɾaˈdoɾ] 买家<名>
domicilio	/domiˈθiljo/	/domiˈθiljo/	[domiˈθiljo] 住所<名>
obedecer	/obedeˈθeɾ/	/obedeˈθeɾ/	[obedeˈθeɾ] 服从<动>
quemadura	/kemaˈduɾa/	/kemaˈduɾa/	[kemaˈduɾa] 烧伤<名>
juntar	/xunˈtaɾ/	/xunˈtaɾ/	[xunˈtaɾ] 放在一起<动>
arrepentirse	/arepenˈtiɾse/	/arepenˈtiɾse/	[arepenˈtiɾse] 遗憾<动>
bóveda	/ˈbobeda/	/ˈbobeda/	[ˈbobeda] 拱顶<名>
gimnasia	/ximˈnasja/	/ximˈnasja/	[ximˈnasja] 体操<名>
respectar	/respeɡˈtaɾ/	/respeɡˈtaɾ/	[/respeɡˈtaɾ/] 尊重<动>（正确词形为 respetar）<verb>
antepasado	/antepaˈsado/	/antepaˈsado/	[antepaˈsado] 祖先<名>
confirmación	/konfiɾmaˈθjon/	/konfiɾmaˈθjon/	[konfiɾmaˈθjon] 确认<名>
dibujar	/dibuˈxaɾ/	/dibuˈxaɾ/	[dibuˈxaɾ] 画<动>
emocionalmente	/emoθjoˌnalˈmente/	/emoθjoˌnalˈmente/	[emoθjoˌnalˈmente] 情感上地<副>
cangrejo	/kanˈɡɾexo/	/kanˈɡɾexo/	[kanˈɡɾexo] 螃蟹<名>
burbuja	/buɾˈbuxa/	/buɾˈbuxa/	[buɾˈbuxa] 泡沫<名>
ignorante	/iɡnoˈɾante/	/iɡnoˈɾante/	[iɡnoˈɾante] 无知的<名>
comparación	/kompaɾaˈθjon/	/kompaɾaˈθjon/	[kompaɾaˈθjon] 比较<名>
ligeramente	/liˌxeɾaˈmente/	/liˌxeɾaˈmente/	[liˌxeɾaˈmente] 稍微<副>
ejecutar	/exekuˈtaɾ/	/exekuˈtaɾ/	[exekuˈtaɾ] 执行；实施；处决；演奏<动>
provenir	/pɾobeˈniɾ/	/pɾobeˈniɾ/	[pɾobeˈniɾ] 来自；来源于；出自<动>
parcial	/paɾˈθjal/	/paɾˈθjal/	[paɾˈθjal] 部分的<名>
empacar	/empaˈkaɾ/	/empaˈkaɾ/	[empaˈkaɾ] 包<动>
victimar	/biɡtiˈmaɾ/	/biɡtiˈmaɾ/	[biɡtiˈmaɾ] 受害<动>
católico	/kaˈtoliko/	/kaˈtoliko/	[kaˈtoliko] 天主教的<名>
mocoso	/moˈkoso/	/moˈkoso/	[moˈkoso] 臭小子<名>
ring	/ˈrin/	/ˈrin/	[ˈrin] 环<名>
chatarra	/t͡ʃaˈtara/	/t͡ʃaˈtara/	[t͡ʃaˈtara] 废料<名>
pascua	/ˈpaskwa/	/ˈpaskwa/	[ˈpaskwa] 复活节<名>
dicha	/ˈdit͡ʃa/	/ˈdit͡ʃa/	[ˈdit͡ʃa] 极乐<名>
afirmar	/afiɾˈmaɾ/	/afiɾˈmaɾ/	[afiɾˈmaɾ] 肯定<动>
hostil	/osˈtil/	/osˈtil/	[osˈtil] 敌对的<形>
calvo	/ˈkalbo/	/ˈkalbo/	[ˈkalbo] 秃头<名>
cintura	/θinˈtuɾa/	/θinˈtuɾa/	[θinˈtuɾa] 腰<名>
sincronización	/sinkɾoniθaˈθjon/	/sinkɾoniθaˈθjon/	[sinkɾoniθaˈθjon] 同步<名>
barriga	/baˈriɡa/	/baˈriɡa/	[baˈriɡa] 肚子<名>
suprema	/suˈpɾema/	/suˈpɾema/	[suˈpɾema] 至高无上的<名>
despegar	/despeˈɡaɾ/	/despeˈɡaɾ/	[despeˈɡaɾ] 起飞<动>
monitor	/moniˈtoɾ/	/moniˈtoɾ/	[moniˈtoɾ] 监视器<名>
vagón	/baˈɡon/	/baˈɡon/	[baˈɡon] 车厢；货车<名>
régimen	/ˈreximen/	/ˈreximen/	[ˈreximen] 政权<名>
huracán	/uɾaˈkan/	/uɾaˈkan/	[uɾaˈkan] 飓风<名>
cera	/ˈθeɾa/	/ˈθeɾa/	[ˈθeɾa] 蜡<名>
aroma	/aˈɾoma/	/aˈɾoma/	[aˈɾoma] 香气<名>
curado	/kuˈɾado/	/kuˈɾado/	[kuˈɾado] 治愈了<名>
interpretar	/inteɾpɾeˈtaɾ/	/inteɾpɾeˈtaɾ/	[inteɾpɾeˈtaɾ] 解释<动>
paragua	/paˈɾaɡwa/	/paˈɾaɡwa/	[paˈɾaɡwa] 雨伞<名>
bloquear	/blokeˈaɾ/	/blokeˈaɾ/	[blokeˈaɾ] 阻挡；封锁；阻塞<动>
irónico	/iˈɾoniko/	/iˈɾoniko/	[iˈɾoniko] 讽刺的<形>
paradero	/paɾaˈdeɾo/	/paɾaˈdeɾo/	[paɾaˈdeɾo] 行踪<名>
aprobado	/apɾoˈbado/	/apɾoˈbado/	[apɾoˈbado] 已批准<形>
desesperadamente	/desespeˌɾadaˈmente/	/desespeˌɾadaˈmente/	[desespeˌɾadaˈmente] 拼命地<副>
iro	/ˈiɾo/	/ˈiɾo/	[ˈiɾo] 铁（hierro 的异体）<名>
felicitar	/feliθiˈtaɾ/	/feliθiˈtaɾ/	[feliθiˈtaɾ] 祝贺<动>
agachar	/aɡaˈt͡ʃaɾ/	/aɡaˈt͡ʃaɾ/	[/aɡaˈt͡ʃaɾ/] 使弯腰；低头（反身形式 agacharse 蹲下）<动><verb>
führer	/fˈuɾeɾ/	/fˈuɾeɾ/	元首<名>
renuncio	/reˈnunθjo/	/reˈnunθjo/	[reˈnunθjo] 我辞职<名>
apretado	/apɾeˈtado/	/apɾeˈtado/	[apɾeˈtado] 紧<形>
escogido	/eskoˈxido/	/eskoˈxido/	[eskoˈxido] 选择的<形>
acompañante	/akompaˈɲante/	/akompaˈɲante/	[akompaˈɲante] 同伴<名>
catorce	/kaˈtoɾθe/	/kaˈtoɾθe/	[kaˈtoɾθe] 十四<数>
liderazgo	/lideˈɾaθɡo/	/lideˈɾaθɡo/	[lideˈɾaθɡo] 领导力<名>
sensacional	/sensaθjoˈnal/	/sensaθjoˈnal/	[/sensaθjoˈnal/] 轰动性的；了不起的<形><adj>
olla	/ˈoʝa/	/ˈoʝa/	[ˈoʝa] 锅<名>
ocupación	/okupaˈθjon/	/okupaˈθjon/	[okupaˈθjon] 职业<名>
braga	/ˈbɾaɡa/	/ˈbɾaɡa/	[ˈbɾaɡa] 内裤<名>
obstáculo	/obsˈtakulo/	/obsˈtakulo/	[obsˈtakulo] 障碍<名>
inodoro	/inoˈdoɾo/	/inoˈdoɾo/	[inoˈdoɾo] 厕所<名>
terraza	/teˈraθa/	/teˈraθa/	[teˈraθa] 露台<名>
eternamente	/eˌteɾnaˈmente/	/eˌteɾnaˈmente/	[eˌteɾnaˈmente] 永远地<副>
patricia	/paˈtɾiθja/	/paˈtɾiθja/	[paˈtɾiθja] 帕特里夏<名>
estancia	/esˈtanθja/	/esˈtanθja/	[esˈtanθja] 逗留；房间；庄园<名>
enfadar	/enfaˈdaɾ/	/enfaˈdaɾ/	[enfaˈdaɾ] 生气<动>
éxtasis	/ˈeɡstasis/	/ˈeɡstasis/	[ˈeɡstasis] 狂喜<名>
tranquilamente	/tɾanˌkilaˈmente/	/tɾanˌkilaˈmente/	[tɾanˌkilaˈmente] 平静地<副>
colchón	/kolˈt͡ʃon/	/kolˈt͡ʃon/	[kolˈt͡ʃon] 床垫<名>
formulario	/foɾmuˈlaɾjo/	/foɾmuˈlaɾjo/	[[foɾ.mu.laˈɾi.o] 表格；正式的<noun>
profeta	/pɾoˈfeta/	/pɾoˈfeta/	[pɾoˈfeta] 先知<名>
espuma	/esˈpuma/	/esˈpuma/	[esˈpuma] 泡沫<名>
huido	/uˈido/	/uˈido/	[uˈido] 逃跑<名>
cuarentena	/kwaɾenˈtena/	/kwaɾenˈtena/	[kwaɾenˈtena] 检疫<名>
pala	/ˈpala/	/ˈpala/	[ˈpala] 铲子<名>
exagerar	/eɡsaxeˈɾaɾ/	/eɡsaxeˈɾaɾ/	[eɡsaxeˈɾaɾ] 夸大<动>
recorrer	/rekoˈreɾ/	/rekoˈreɾ/	[/rekoˈreɾ/] 走遍；巡视；穿越<动><verb>
interpretación	/inteɾpɾetaˈθjon/	/inteɾpɾetaˈθjon/	[inteɾpɾetaˈθjon] 解释<名>
impaciente	/impaˈθjente/	/impaˈθjente/	[impaˈθjente] 不耐烦的<形>
precaución	/pɾekauˈθjon/	/pɾekauˈθjon/	[pɾekauˈθjon] 小心<名>
administrador	/administɾaˈdoɾ/	/administɾaˈdoɾ/	[administɾaˈdoɾ] 管理员<名>
bum	/ˈbum/	/ˈbum/	[ˈbum] 繁荣<名>
latín	/laˈtin/	/laˈtin/	[laˈtin] 拉丁语<名>
francotirador	/fɾankotiɾaˈdoɾ/	/fɾankotiɾaˈdoɾ/	[fɾankotiɾaˈdoɾ] 狙击手<名>
interferir	/inteɾfeˈɾiɾ/	/inteɾfeˈɾiɾ/	[inteɾfeˈɾiɾ] 干扰<动>
cuchara	/kuˈt͡ʃaɾa/	/kuˈt͡ʃaɾa/	[kuˈt͡ʃaɾa] 勺子<名>
casero	/kaˈseɾo/	/kaˈseɾo/	[kaˈseɾo] 自制的<名>
nasa	/ˈnasa/	/ˈnasa/	[/ˈnasa/] 鱼笼；捕鱼篓<noun>
billar	/biˈʝaɾ/	/biˈʝaɾ/	[biˈʝaɾ] 台球<名>
desprecio	/desˈpɾeθjo/	/desˈpɾeθjo/	[desˈpɾeθjo] 蔑视<名>
peinado	/peiˈnado/	/peiˈnado/	[peiˈnado] 发型<名>
molar	/moˈlaɾ/	/moˈlaɾ/	[/moˈlaɾ/] 磨牙<名>；（俚语）使喜欢<动><noun>
juvenil	/xubeˈnil/	/xubeˈnil/	[xubeˈnil] 青春的<形>
masivo	/maˈsibo/	/maˈsibo/	[/maˈsibo/] 大规模的<形>；大量的<形><adj>
derribar	/deriˈbaɾ/	/deriˈbaɾ/	[deriˈbaɾ] 击倒<动>
anfitrión	/anfiˈtɾjon/	/anfiˈtɾjon/	[anfiˈtɾjon] 主机<名>
tutor	/tuˈtoɾ/	/tuˈtoɾ/	[tuˈtoɾ] 导师<名>
fino	/ˈfino/	/ˈfino/	[/ˈfino/] 细的；精致的；优良的<adj>
bolos	/ˈbolos/	/ˈbolos/	[ˈbolos] 保龄球<名>
ingenioso	/inxeˈnjoso/	/inxeˈnjoso/	[inxeˈnjoso] 巧妙的<形>
cuaderno	/kwaˈdeɾno/	/kwaˈdeɾno/	[kwaˈdeɾno] 笔记本<名>
mande	/ˈmande/	/ˈmande/	[ˈmande] 发送<叹>
impresionar	/impɾesjoˈnaɾ/	/impɾesjoˈnaɾ/	[impɾesjoˈnaɾ] 留下深刻印象<动>
asado	/aˈsado/	/aˈsado/	[aˈsado] 烤<名>
data	/ˈdata/	/ˈdata/	[ˈdata] 数据<名>
resaca	/reˈsaka/	/reˈsaka/	[reˈsaka] 宿醉<名>
cadera	/kaˈdeɾa/	/kaˈdeɾa/	[kaˈdeɾa] 臀部<名>
mérito	/ˈmeɾito/	/ˈmeɾito/	[ˈmeɾito] 优点<名>
compañia	/komˈpaɲja/	/komˈpaɲja/	[komˈpaɲja] 公司<名>
santidad	/santiˈdad/	/santiˈdad/	[santiˈdad] 圣洁<名>
cancelado	/kanθeˈlado/	/kanθeˈlado/	[kanθeˈlado] 取消<形>
ninja	/ˈninʝa/	/ˈninʝa/	[ˈninʝa] 忍者<名>
deprimente	/depɾiˈmente/	/depɾiˈmente/	[depɾiˈmente] 压抑的<形>
blues	/ˈblus/	/ˈblus/	[ˈblus] 蓝调<名>
defensor	/defenˈsoɾ/	/defenˈsoɾ/	[defenˈsoɾ] 后卫<名>
villano	/biˈʝano/	/biˈʝano/	[biˈʝano] 恶棍<名>
soviético	/soˈbjetiko/	/soˈbjetiko/	[soˈbjetiko] 苏联<形>
universitario	/unibeɾsiˈtaɾjo/	/unibeɾsiˈtaɾjo/	[unibeɾsiˈtaɾjo] 大学<名>
capitan	/kapˈitan/	/kapˈitan/	队长<名>
optimista	/obtiˈmista/	/obtiˈmista/	[obtiˈmista] 乐观的<名>
protesto	/pɾoˈtesto/	/pɾoˈtesto/	[pɾoˈtesto] 我抗议<名>
mejorado	/mexoˈɾado/	/mexoˈɾado/	[mexoˈɾado] 改进的<形>
palma	/ˈpalma/	/ˈpalma/	[ˈpalma] 手掌<名>
experimentado	/eɡspeɾimenˈtado/	/eɡspeɾimenˈtado/	[eɡspeɾimenˈtado] 有经验的<形>
reemplazar	/reemplaˈθaɾ/	/reemplaˈθaɾ/	[reemplaˈθaɾ] 替换<动>
basa	/ˈbasa/	/ˈbasa/	[ˈbasa] 基地<名>
anteojos	/anteˈoxos/	/anteˈoxos/	[anteˈoxos] 眼镜<名>
yate	/ˈʝate/	/ˈʝate/	[ˈʝate] 游艇<名>
estropeado	/estɾopeˈado/	/estɾopeˈado/	[estɾopeˈado] 被宠坏的<形>
cobre	/ˈkobɾe/	/ˈkobɾe/	[ˈkobɾe] 铜<名>
mejilla	/meˈxiʝa/	/meˈxiʝa/	[meˈxiʝa] 脸颊<名>
proceder	/pɾoθeˈdeɾ/	/pɾoθeˈdeɾ/	[pɾoθeˈdeɾ] 继续<名>
martín	/maɾˈtin/	/maɾˈtin/	[maɾˈtin] 马丁<名>
pica	/ˈpika/	/ˈpika/	[/ˈpika/] 镐；鹤嘴锄<名><noun>
palanca	/paˈlanka/	/paˈlanka/	[paˈlanka] 杠杆<名>
merecido	/meɾeˈθido/	/meɾeˈθido/	[meɾeˈθido] 当之无愧的<名>
cooperar	/koopeˈɾaɾ/	/koopeˈɾaɾ/	[koopeˈɾaɾ] 合作<动>
tramar	/tɾaˈmaɾ/	/tɾaˈmaɾ/	[/tɾaˈmaɾ/] 密谋；策划<verb>
look	/ˈluk/	/ˈluk/	[/ˈluk/] 造型；外观<noun>
atrevido	/atɾeˈbido/	/atɾeˈbido/	[atɾeˈbido] 大胆的<形>
forzado	/foɾˈθado/	/foɾˈθado/	[foɾˈθado] 被迫<名>
consideración	/konsideɾaˈθjon/	/konsideɾaˈθjon/	[konsideɾaˈθjon] 考虑<名>
cebolla	/θeˈboʝa/	/θeˈboʝa/	[θeˈboʝa] 洋葱<名>
efectivamente	/efeɡˌtibaˈmente/	/efeɡˌtibaˈmente/	[efeɡˌtibaˈmente] 确实<副>
limusina	/limuˈsina/	/limuˈsina/	[limuˈsina] 豪华轿车<名>
ancestro	/anˈθestɾo/	/anˈθestɾo/	[anˈθestɾo] 祖先<名>
superficial	/supeɾfiˈθjal/	/supeɾfiˈθjal/	[supeɾfiˈθjal] 肤浅的<形>
rebelión	/rebeˈljon/	/rebeˈljon/	[rebeˈljon] 叛乱<名>
motocicleta	/motoθiˈkleta/	/motoθiˈkleta/	[motoθiˈkleta] 摩托车<名>
sede	/ˈsede/	/ˈsede/	[ˈsede] 总部<名>
ava	/ˈaba/	/ˈaba/	[/ˈaba/] 艾娃（人名）<noun>
póquer	/ˈpokeɾ/	/ˈpokeɾ/	[ˈpokeɾ] 扑克<名>
medir	/meˈdiɾ/	/meˈdiɾ/	[meˈdiɾ] 测量<动>
exclusiva	/eɡskluˈsiba/	/eɡskluˈsiba/	[eɡskluˈsiba] 独家的<名>
cría	/ˈkɾia/	/ˈkɾia/	[ˈkɾia] 育种<名>
je	/xˈe/	/xˈe/	呵呵<叹>
torno	/ˈtoɾno/	/ˈtoɾno/	[ˈtoɾno] 车床<名>
tentación	/tentaˈθjon/	/tentaˈθjon/	[tentaˈθjon] 诱惑<名>
sermón	/seɾˈmon/	/seɾˈmon/	[seɾˈmon] 布道<名>
dramático	/dɾaˈmatiko/	/dɾaˈmatiko/	[dɾaˈmatiko] 戏剧性的<名>
sutil	/suˈtil/	/suˈtil/	[suˈtil] 微妙的<形>
localizado	/lokaliˈθado/	/lokaliˈθado/	[lokaliˈθado] 位于<形>
fanático	/faˈnatiko/	/faˈnatiko/	[faˈnatiko] 狂热分子<名>
cuerno	/ˈkweɾno/	/ˈkweɾno/	[/ˈkweɾno/] 角；兽角<名><noun>
sillón	/siˈʝon/	/siˈʝon/	[siˈʝon] 扶手椅<名>
confiable	/konˈfjable/	/konˈfjable/	[konˈfjable] 可靠<形>
copiado	/koˈpjado/	/koˈpjado/	[koˈpjado] 复制的<叹>
cantidades	/kantiˈdades/	/kantiˈdades/	[kantiˈdades] 数量<副>
estrictamente	/esˌtɾiɡtaˈmente/	/esˌtɾiɡtaˈmente/	[esˌtɾiɡtaˈmente] 严格地<副>
surf	/ˈsuɾf/	/ˈsuɾf/	[ˈsuɾf] 冲浪<名>
trigo	/ˈtɾiɡo/	/ˈtɾiɡo/	[ˈtɾiɡo] 小麦<名>
comunicar	/komuniˈkaɾ/	/komuniˈkaɾ/	[komuniˈkaɾ] 沟通<动>
recomendación	/rekomendaˈθjon/	/rekomendaˈθjon/	[rekomendaˈθjon] 推荐<名>
chao	/ˈt͡ʃaw/	/ˈt͡ʃaw/	[ˈt͡ʃaw] 再见<叹>
d.c.	/ˈde ˈse/	/ˈde ˈse/	公元<副>
escáner	/esˈkaneɾ/	/esˈkaneɾ/	[esˈkaneɾ] 扫描仪<名>
nudo	/ˈnudo/	/ˈnudo/	[ˈnudo] 结；症结<名>
ingrediente	/inɡɾeˈdjente/	/inɡɾeˈdjente/	[inɡɾeˈdjente] 成分<名>
vero	/ˈbeɾo/	/ˈbeɾo/	[/ˈbeɾo/] 确实；真正地<noun>
concejal	/konθeˈxal/	/konθeˈxal/	[konθeˈxal] 议员<名>
dental	/denˈtal/	/denˈtal/	[denˈtal] 牙科<形>
suspendido	/suspenˈdido/	/suspenˈdido/	[/suspenˈdido/] 被暂停的；被中止的<形><adj>
suéter	/ˈsweteɾ/	/ˈsweteɾ/	[ˈsweteɾ] 毛衣<名>
dinosaurio	/dinoˈsauɾjo/	/dinoˈsauɾjo/	[dinoˈsauɾjo] 恐龙<名>
perpetua	/peɾˈpetwa/	/peɾˈpetwa/	[peɾˈpetwa] 永久的<名>
punk	/ˈpunk/	/ˈpunk/	[ˈpunk] 朋克<名>
mexicano	/mexiˈkano/	/mexiˈkano/	[mexiˈkano] 墨西哥人<名>
arroyo	/aˈroʝo/	/aˈroʝo/	[aˈroʝo] 流<名>
evacuación	/ebakwaˈθjon/	/ebakwaˈθjon/	[ebakwaˈθjon] 疏散<名>
suero	/ˈsweɾo/	/ˈsweɾo/	[ˈsweɾo] 血清<名>
soplar	/soˈplaɾ/	/soˈplaɾ/	[soˈplaɾ] 吹<动>
amoroso	/amoˈɾoso/	/amoˈɾoso/	[amoˈɾoso] 爱着<形>
tenso	/ˈtenso/	/ˈtenso/	[ˈtenso] 紧张<形>
ofendido	/ofenˈdido/	/ofenˈdido/	[ofenˈdido] 冒犯了<形>
posada	/poˈsada/	/poˈsada/	[poˈsada] 客栈<名>
fernando	/feɾnando/	/feɾnando/	费尔南多<名>
country	/ˈkantɾi/	/ˈkantɾi/	[ˈkantɾi] 国家<名>
creativo	/kɾeaˈtibo/	/kɾeaˈtibo/	[kɾeaˈtibo] 创意<形>
sacrificar	/sakɾifiˈkaɾ/	/sakɾifiˈkaɾ/	[sakɾifiˈkaɾ] 牺牲<动>
escocés	/eskoˈθes/	/eskoˈθes/	[/eskoˈθes/] 苏格兰的；苏格兰人<noun>
casamiento	/kasaˈmjento/	/kasaˈmjento/	[kasaˈmjento] 婚姻<名>
crucial	/kɾuˈθjal/	/kɾuˈθjal/	[kɾuˈθjal] 至关重要的<形>
filme	/ˈfilme/	/ˈfilme/	[ˈfilme] 电影<名>
dominar	/domiˈnaɾ/	/domiˈnaɾ/	[domiˈnaɾ] 占主导地位<动>
infinito	/infiˈnito/	/infiˈnito/	[infiˈnito] 无穷大<名>
culpabilidad	/kulpabiliˈdad/	/kulpabiliˈdad/	[kulpabiliˈdad] 内疚<名>
marqués	/maɾˈkes/	/maɾˈkes/	[maɾˈkes] 侯爵<名>
astronauta	/astɾoˈnauta/	/astɾoˈnauta/	[astɾoˈnauta] 宇航员<名>
pimienta	/piˈmjenta/	/piˈmjenta/	[piˈmjenta] 胡椒<名>
mandíbula	/manˈdibula/	/manˈdibula/	[manˈdibula] 下巴<名>
langosta	/lanˈɡosta/	/lanˈɡosta/	[lanˈɡosta] 龙虾<名>
notable	/noˈtable/	/noˈtable/	[noˈtable] 值得注意的<形>
cultural	/kultuˈɾal/	/kultuˈɾal/	[kultuˈɾal] 文化的<形>
previamente	/ˌpɾebjaˈmente/	/ˌpɾebjaˈmente/	[ˌpɾebjaˈmente] 以前<副>
fideo	/fiˈdeo/	/fiˈdeo/	[fiˈdeo] 面条<名>
relevante	/releˈbante/	/releˈbante/	[releˈbante] 相关的<形>
musicar	/musiˈkaɾ/	/musiˈkaɾ/	[/musiˈkaɾ/] 作曲；演奏音乐<verb>
oponente	/opoˈnente/	/opoˈnente/	[opoˈnente] 对手<名>
hércules	/ˈeɾkules/	/ˈeɾkules/	赫拉克勒斯<名>
decano	/deˈkano/	/deˈkano/	[deˈkano] 院长<名>
hipócrita	/iˈpokɾita/	/iˈpokɾita/	[iˈpokɾita] 伪君子<名>
ancho	/ˈant͡ʃo/	/ˈant͡ʃo/	[ˈant͡ʃo] 宽度<名>
natal	/naˈtal/	/naˈtal/	[/naˈtal/] 出生的；出生地的<adj>
ajo	/ˈaxo/	/ˈaxo/	[ˈaxo] 大蒜<名>
angustia	/anˈɡustja/	/anˈɡustja/	[anˈɡustja] 痛苦<名>
consistir	/konsisˈtiɾ/	/konsisˈtiɾ/	[konsisˈtiɾ] 组成<动>
definitivo	/definiˈtibo/	/definiˈtibo/	[definiˈtibo] 确定的<形>
amenazado	/amenaˈθado/	/amenaˈθado/	[amenaˈθado] 受到威胁<形>
relleno	/reˈʝeno/	/reˈʝeno/	[reˈʝeno] 填充<名>
documentación	/dokumentaˈθjon/	/dokumentaˈθjon/	[dokumentaˈθjon] 文档<名>
zombi	/ˈθombi/	/ˈθombi/	[ˈθombi] 僵尸<名>
quiebra	/ˈkjebɾa/	/ˈkjebɾa/	[ˈkjebɾa] 破产<名>
obrero	/oˈbɾeɾo/	/oˈbɾeɾo/	[oˈbɾeɾo] 工人<名>
fundamental	/fundamenˈtal/	/fundamenˈtal/	[fundamenˈtal] 基本的<形>
hood	/oˈod/	/oˈod/	[[ˈxuð] 兜帽；风帽<noun>
universal	/unibeɾˈsal/	/unibeɾˈsal/	[/unibeɾˈsal/] 通用的<形><adj>
terrestre	/teˈrestɾe/	/teˈrestɾe/	[teˈrestɾe] 陆地的<形>
hipoteca	/ipoˈteka/	/ipoˈteka/	[ipoˈteka] 抵押贷款<名>
rupia	/ˈrupja/	/ˈrupja/	[ˈrupja] 卢比<名>
jardinero	/xaɾdiˈneɾo/	/xaɾdiˈneɾo/	[xaɾdiˈneɾo] 园丁<名>
condón	/konˈdon/	/konˈdon/	[konˈdon] 避孕套<名>
facilidad	/faθiliˈdad/	/faθiliˈdad/	[faθiliˈdad] 轻松<名>
reja	/ˈrexa/	/ˈrexa/	[ˈrexa] 栅栏<名>
harina	/aˈɾina/	/aˈɾina/	[aˈɾina] 面粉<名>
batallón	/bataˈʝon/	/bataˈʝon/	[bataˈʝon] 营<名>
histórico	/isˈtoɾiko/	/isˈtoɾiko/	[isˈtoɾiko] 历史的<名>
baba	/ˈbaba/	/ˈbaba/	[ˈbaba] 粘液<名>
refugiado	/refuˈxjado/	/refuˈxjado/	[refuˈxjado] 难民<名>
pajarito	/paxaˈɾito/	/paxaˈɾito/	[paxaˈɾito] 小鸟<名>
prevenir	/pɾebeˈniɾ/	/pɾebeˈniɾ/	[pɾebeˈniɾ] 防止<动>
despido	/desˈpido/	/desˈpido/	[desˈpido] 解雇<名>
padrastro	/paˈdɾastɾo/	/paˈdɾastɾo/	[paˈdɾastɾo] 继父<名>
blusa	/ˈblusa/	/ˈblusa/	[/ˈblusa/] 女衬衫<名><noun>
inmigración	/immiɡɾaˈθjon/	/immiɡɾaˈθjon/	[immiɡɾaˈθjon] 移民<名>
colapso	/koˈlabso/	/koˈlabso/	[koˈlabso] 崩溃<名>
defecto	/deˈfeɡto/	/deˈfeɡto/	[deˈfeɡto] 缺陷<名>
fragmento	/fɾaɡˈmento/	/fɾaɡˈmento/	[fɾaɡˈmento] 片段<名>
menta	/ˈmenta/	/ˈmenta/	[ˈmenta] 薄荷<名>
internado	/inteɾˈnado/	/inteɾˈnado/	[inteɾˈnado] 寄宿学校<名>
lanzado	/lanˈθado/	/lanˈθado/	[lanˈθado] 推出<形>
aconsejar	/akonseˈxaɾ/	/akonseˈxaɾ/	[akonseˈxaɾ] 建议<动>
cápsula	/ˈkabsula/	/ˈkabsula/	[ˈkabsula] 胶囊<名>
acelerar	/aθeleˈɾaɾ/	/aθeleˈɾaɾ/	[aθeleˈɾaɾ] 加速<动>
buda	/ˈbuda/	/ˈbuda/	[ˈbuda] 佛<名>
lodo	/ˈlodo/	/ˈlodo/	[ˈlodo] 泥<名>
sospechar	/sospeˈt͡ʃaɾ/	/sospeˈt͡ʃaɾ/	[/sospeˈt͡ʃaɾ/] 怀疑；猜疑<verb>
aislado	/aisˈlado/	/aisˈlado/	[aisˈlado] 孤立的<形>
exigir	/eɡsiˈxiɾ/	/eɡsiˈxiɾ/	[eɡsiˈxiɾ] 需求<动>
calmado	/kalˈmado/	/kalˈmado/	[kalˈmado] 冷静<形>
piérdete	/ˈpjeɾdete/	/ˈpjeɾdete/	[ˈpjeɾdete] 迷路<叹>
libremente	/ˌlibɾeˈmente/	/ˌlibɾeˈmente/	[ˌlibɾeˈmente] 自由地<副>
tránsito	/ˈtɾansito/	/ˈtɾansito/	[ˈtɾansito] 过境<名>
musulmán	/musulˈman/	/musulˈman/	[musulˈman] 穆斯林<名>
viviente	/biˈbjente/	/biˈbjente/	[/biˈbjente/] 活着的；在世的<noun>
funcionamiento	/funθjonaˈmjento/	/funθjonaˈmjento/	[funθjonaˈmjento] 操作<名>
adjunto	/adˈxunto/	/adˈxunto/	[adˈxunto] 附上<形>
demora	/deˈmoɾa/	/deˈmoɾa/	[deˈmoɾa] 延迟<名>
aficionado	/afiθjoˈnado/	/afiθjoˈnado/	[afiθjoˈnado] 业余的<名>
investigado	/imbestiˈɡado/	/imbestiˈɡado/	[imbestiˈɡado] 调查过<形>
desafortunado	/desafoɾtuˈnado/	/desafoɾtuˈnado/	[desafoɾtuˈnado] 不幸的<形>
burla	/ˈbuɾla/	/ˈbuɾla/	[ˈbuɾla] 嘲讽<名>
cross	/ˈkɾos/	/ˈkɾos/	[ˈkɾos] 十字<名>
toc	/ˈtok/	/ˈtok/	[ˈtok] 敲门<名>
hongo	/ˈonɡo/	/ˈonɡo/	[ˈonɡo] 蘑菇<名>
mateo	/maˈteo/	/maˈteo/	[maˈteo] 马修<名>
gorila	/ɡoˈɾila/	/ɡoˈɾila/	[ɡoˈɾila] 大猩猩<名>
facial	/faˈθjal/	/faˈθjal/	[faˈθjal] 面部<形>
sushi	/ˈsuʃi/	/ˈsuʃi/	[ˈsuʃi] 寿司<名>
jeep	/ˈʝip/	/ˈʝip/	[ˈʝip] 吉普车<名>
calabaza	/kalaˈbaθa/	/kalaˈbaθa/	[kalaˈbaθa] 南瓜<名>
autógrafo	/auˈtoɡɾafo/	/auˈtoɡɾafo/	[auˈtoɡɾafo] 亲笔签名<名>
topo	/ˈtopo/	/ˈtopo/	[/ˈtopo/] 鼹鼠<noun>
financiera	/finanˈθjeɾa/	/finanˈθjeɾa/	金融<名>
penal	/peˈnal/	/peˈnal/	[/peˈnal/] 刑事的<形>；点球<名>；监狱<名><noun>
noto	/ˈnoto/	/ˈnoto/	[ˈnoto] 我注意到<名>
agregar	/aɡɾeˈɡaɾ/	/aɡɾeˈɡaɾ/	[aɡɾeˈɡaɾ] 添加<动>
nadando	/naˈdando/	/naˈdando/	[naˈdando] 游泳<形>
atentamente	/aˌtentaˈmente/	/aˌtentaˈmente/	[aˌtentaˈmente] 真诚地<副>
violador	/bjolaˈdoɾ/	/bjolaˈdoɾ/	[bjolaˈdoɾ] 强奸犯<名>
respaldo	/resˈpaldo/	/resˈpaldo/	[/resˈpaldo/] 支持<名>；靠背<名>；背后支持<名><noun>
simón	/siˈmon/	/siˈmon/	[siˈmon] 西蒙<名>
ofensiva	/ofenˈsiba/	/ofenˈsiba/	[ofenˈsiba] 进攻性的<名>
apreciar	/apɾeˈθjaɾ/	/apɾeˈθjaɾ/	[apɾeˈθjaɾ] 欣赏<动>
inconveniente	/inkombeˈnjente/	/inkombeˈnjente/	[inkombeˈnjente] 不方便<名>
legítimo	/leˈxitimo/	/leˈxitimo/	[/leˈxitimo/] 合法的<形><adj>
calabozo	/kalaˈboθo/	/kalaˈboθo/	[kalaˈboθo] 地牢<名>
corporación	/koɾpoɾaˈθjon/	/koɾpoɾaˈθjon/	[koɾpoɾaˈθjon] 公司<名>
chispa	/ˈt͡ʃispa/	/ˈt͡ʃispa/	[ˈt͡ʃispa] 火花<名>
grandeza	/ɡɾanˈdeθa/	/ɡɾanˈdeθa/	[ɡɾanˈdeθa] 伟大<名>
envenenado	/embeneˈnado/	/embeneˈnado/	[embeneˈnado] 中毒的<形>
satanás	/sataˈnas/	/sataˈnas/	[sataˈnas] 撒旦<名>
salvavidas	/ˌsalbaˈbidas/	/ˌsalbaˈbidas/	[ˌsalbaˈbidas] 救生员<名>
retorno	/reˈtoɾno/	/reˈtoɾno/	[reˈtoɾno] 返回<名>
pulgada	/pulˈɡada/	/pulˈɡada/	[pulˈɡada] 英寸<名>
fallecido	/faʝeˈθido/	/faʝeˈθido/	[faʝeˈθido] 死者<名>
programar	/pɾoɡɾaˈmaɾ/	/pɾoɡɾaˈmaɾ/	[/pɾoɡɾaˈmaɾ/] 编程；安排；计划<verb>
taco	/ˈtako/	/ˈtako/	[ˈtako] 炸玉米饼<名>
asignado	/asiɡˈnado/	/asiɡˈnado/	[asiɡˈnado] 分配的<名>
gasolinera	/ɡasoliˈneɾa/	/ɡasoliˈneɾa/	[ɡasoliˈneɾa] 加油站<名>
nevada	/neˈbada/	/neˈbada/	[neˈbada] 降雪<名>
tasa	/ˈtasa/	/ˈtasa/	[ˈtasa] 率<名>
eminencia	/emiˈnenθja/	/emiˈnenθja/	[emiˈnenθja] 显赫地位<名>
helada	/eˈlada/	/eˈlada/	[eˈlada] 霜<名>
plana	/ˈplana/	/ˈplana/	[ˈplana] 平坦<名>
cortada	/koɾˈtada/	/koɾˈtada/	[koɾˈtada] 切<名>
volado	/boˈlado/	/boˈlado/	[boˈlado] 飞过<名>
extender	/eɡstenˈdeɾ/	/eɡstenˈdeɾ/	[eɡstenˈdeɾ] 延长<动>
pijama	/piˈʝama/	/piˈʝama/	[piˈʝama] 睡衣<名>
corrupto	/koˈrubto/	/koˈrubto/	[koˈrubto] 腐败的<形>
ausente	/auˈsente/	/auˈsente/	[auˈsente] 缺席<形>
sensual	/senˈswal/	/senˈswal/	[senˈswal] 感性的<形>
naval	/naˈbal/	/naˈbal/	[naˈbal] 海军<形>
distante	/disˈtante/	/disˈtante/	[disˈtante] 遥远的<形>
lecho	/ˈlet͡ʃo/	/ˈlet͡ʃo/	[ˈlet͡ʃo] 床<名>
sinceridad	/sinθeɾiˈdad/	/sinθeɾiˈdad/	[sinθeɾiˈdad] 真诚<名>
acontecimiento	/akonteθiˈmjento/	/akonteθiˈmjento/	[akonteθiˈmjento] 事件<名>
expuesto	/eɡsˈpwesto/	/eɡsˈpwesto/	[eɡsˈpwesto] 暴露<形>
jinete	/xiˈnete/	/xiˈnete/	[xiˈnete] 骑手<名>
traslado	/tɾasˈlado/	/tɾasˈlado/	[tɾasˈlado] 转移<名>
camello	/kaˈmeʝo/	/kaˈmeʝo/	[kaˈmeʝo] 骆驼<名>
húmedo	/ˈumedo/	/ˈumedo/	[ˈumedo] 湿的<形>
cierro	/ˈθjero/	/ˈθjero/	[ˈθjero] 我关闭<名>
caminata	/kamiˈnata/	/kamiˈnata/	[kamiˈnata] 远足<名>
guardería	/ɡwaɾdeˈɾia/	/ɡwaɾdeˈɾia/	[ɡwaɾdeˈɾia] 日托<名>
ochenta	/oˈt͡ʃenta/	/oˈt͡ʃenta/	[oˈt͡ʃenta] 八十<数>
daga	/ˈdaɡa/	/ˈdaɡa/	[ˈdaɡa] 匕首<名>
adicción	/adiɡˈθjon/	/adiɡˈθjon/	[adiɡˈθjon] 成瘾<名>
ficha	/ˈfit͡ʃa/	/ˈfit͡ʃa/	[ˈfit͡ʃa] 选项卡<名>
labor	/laˈboɾ/	/laˈboɾ/	[laˈboɾ] 劳工<名>
pentágono	/penˈtaɡono/	/penˈtaɡono/	[penˈtaɡono] 五边形<名>
adema	/aˈdema/	/aˈdema/	[aˈdema] 修枝刀；钩刀<名>
matanza	/maˈtanθa/	/maˈtanθa/	[maˈtanθa] 屠宰<名>
doscientos	/dosˈθjentos/	/dosˈθjentos/	[dosˈθjentos] 两百<数>
fax	/ˈfaɡs/	/ˈfaɡs/	[ˈfaɡs] 传真<名>
conmoción	/kommoˈθjon/	/kommoˈθjon/	[kommoˈθjon] 震惊<名>
atardecer	/ataɾdeˈθeɾ/	/ataɾdeˈθeɾ/	[ataɾdeˈθeɾ] 日落<名>
continuamente	/konˌtinwaˈmente/	/konˌtinwaˈmente/	[konˌtinwaˈmente] 不断地<副>
provocado	/pɾoboˈkado/	/pɾoboˈkado/	[pɾoboˈkado] 激怒了<形>
jurisdicción	/xuɾisdiɡˈθjon/	/xuɾisdiɡˈθjon/	[xuɾisdiɡˈθjon] 管辖权<名>
humillante	/umiˈʝante/	/umiˈʝante/	[umiˈʝante] 羞辱性的<形>
sumamente	/ˌsumaˈmente/	/ˌsumaˈmente/	[ˌsumaˈmente] 极其<副>
residuo	/reˈsidwo/	/reˈsidwo/	[reˈsidwo] 残留物<名>
verónica	/beˈɾonika/	/beˈɾonika/	维罗妮卡<名>
frances	/fɾˈanθes/	/fɾˈanθes/	法语<形>
oposición	/oposiˈθjon/	/oposiˈθjon/	[oposiˈθjon] 反对派<名>
alejo	/aˈlexo/	/aˈlexo/	[aˈlexo] 阿莱霍<形>
intruso	/inˈtɾuso/	/inˈtɾuso/	[inˈtɾuso] 入侵者<名>
maní	/maˈni/	/maˈni/	[maˈni] 花生<名>
sendero	/senˈdeɾo/	/senˈdeɾo/	[senˈdeɾo] 小路；小径<名>
artefacto	/aɾteˈfaɡto/	/aɾteˈfaɡto/	[aɾteˈfaɡto] 人工制品；装置；器械<名>
cancha	/ˈkant͡ʃa/	/ˈkant͡ʃa/	[ˈkant͡ʃa] 球场；场地<名>
limonada	/limoˈnada/	/limoˈnada/	[limoˈnada] 柠檬水<名>
laberinto	/labeˈɾinto/	/labeˈɾinto/	[labeˈɾinto] 迷宫<名>
paracaídas	/paɾakaˈidas/	/paɾakaˈidas/	[paɾakaˈidas] 降落伞<名>
ardilla	/aɾˈdiʝa/	/aɾˈdiʝa/	[aɾˈdiʝa] 松鼠<名>
horizonte	/oɾiˈθonte/	/oɾiˈθonte/	[oɾiˈθonte] 地平线<名>
despegue	/desˈpeɡe/	/desˈpeɡe/	[desˈpeɡe] 起飞<名>
latir	/laˈtiɾ/	/laˈtiɾ/	[laˈtiɾ] 跳动；搏动<动>
cajero	/kaˈxeɾo/	/kaˈxeɾo/	[kaˈxeɾo] 收银员<名>
atún	/aˈtun/	/aˈtun/	[aˈtun] 金枪鱼<名>
inapropiado	/inapɾoˈpjado/	/inapɾoˈpjado/	[inapɾoˈpjado] 不合适的<形>
negociación	/neɡoθjaˈθjon/	/neɡoθjaˈθjon/	[neɡoθjaˈθjon] 谈判<名>
violado	/bjoˈlado/	/bjoˈlado/	[bjoˈlado] 侵犯了<形>
abandono	/abanˈdono/	/abanˈdono/	[abanˈdono] 遗弃<名>
yerno	/ˈʝeɾno/	/ˈʝeɾno/	[ˈʝeɾno] 女婿<名>
sandwich	/sandwˈitʃ/	/sandwˈitʃ/	三明治<名>
ingenuo	/inˈxenwo/	/inˈxenwo/	[inˈxenwo] 天真的<名>
rol	/ˈroul/	/ˈroul/	[ˈroul] 角色<名>
coñac	/koˈɲak/	/koˈɲak/	[koˈɲak] 干邑白兰地<名>
armonía	/aɾmoˈnia/	/aɾmoˈnia/	[aɾmoˈnia] 和谐<名>
satisfacer	/satisfaˈθeɾ/	/satisfaˈθeɾ/	[satisfaˈθeɾ] 满足<动>
salmón	/salˈmon/	/salˈmon/	[salˈmon] 鲑鱼<名>
arteria	/aɾˈteɾja/	/aɾˈteɾja/	[aɾˈteɾja] 动脉<名>
despreciable	/despɾeˈθjable/	/despɾeˈθjable/	[despɾeˈθjable] 卑鄙的<形>
escalar	/eskaˈlaɾ/	/eskaˈlaɾ/	[eskaˈlaɾ] 攀登<动>
alabado	/alaˈbado/	/alaˈbado/	[alaˈbado] 称赞<名>
pasarlo	/paˈsaɾlo/	/paˈsaɾlo/	[paˈsaɾlo] 通过它<动>
correa	/koˈrea/	/koˈrea/	[/koˈrea/] 皮带；带子<名><noun>
feroz	/feˈɾoθ/	/feˈɾoθ/	[feˈɾoθ] 凶猛<形>
contexto	/konˈteɡsto/	/konˈteɡsto/	[konˈteɡsto] 上下文<名>
aparición	/apaɾiˈθjon/	/apaɾiˈθjon/	[apaɾiˈθjon] 外观<名>
casera	/kaˈseɾa/	/kaˈseɾa/	[kaˈseɾa] 自制的<名>
racha	/ˈrat͡ʃa/	/ˈrat͡ʃa/	[ˈrat͡ʃa] 连胜<名>
distribución	/distɾibuˈθjon/	/distɾibuˈθjon/	[distɾibuˈθjon] 分布<名>
repentino	/repenˈtino/	/repenˈtino/	[repenˈtino] 突然的<形>
rezo	/ˈreθo/	/ˈreθo/	[ˈreθo] 我祈祷<名>
humillación	/umiʝaˈθjon/	/umiʝaˈθjon/	[umiʝaˈθjon] 羞辱<名>
ensayar	/ensaˈʝaɾ/	/ensaˈʝaɾ/	[ensaˈʝaɾ] 排练<动>
derrotado	/deroˈtado/	/deroˈtado/	[deroˈtado] 击败<形>
veterinario	/beteɾiˈnaɾjo/	/beteɾiˈnaɾjo/	[beteɾiˈnaɾjo] 兽医<名>
faro	/ˈfaɾo/	/ˈfaɾo/	[ˈfaɾo] 灯塔<名>
pornografía	/poɾnoɡɾaˈfia/	/poɾnoɡɾaˈfia/	[poɾnoɡɾaˈfia] 色情作品<名>
semen	/ˈsemen/	/ˈsemen/	[ˈsemen] 精液<名>
chulo	/ˈt͡ʃulo/	/ˈt͡ʃulo/	[ˈt͡ʃulo] 酷<名>
aceptable	/aθebˈtable/	/aθebˈtable/	[aθebˈtable] 可以接受<形>
nomás	/noˈmas/	/noˈmas/	[noˈmas] 只是<副>
reconstruir	/rekonsˈtɾwiɾ/	/rekonsˈtɾwiɾ/	[rekonsˈtɾwiɾ] 重建<动>
taxista	/taɡˈsista/	/taɡˈsista/	[taɡˈsista] 出租车司机<名>
tos	/ˈtos/	/ˈtos/	[ˈtos] 咳嗽<名>
dondequiera	/dondeˈkjeɾa/	/dondeˈkjeɾa/	[dondeˈkjeɾa] 无论在哪里<副>
propaganda	/pɾopaˈɡanda/	/pɾopaˈɡanda/	[pɾopaˈɡanda] 宣传<名>
iluminación	/iluminaˈθjon/	/iluminaˈθjon/	[iluminaˈθjon] 照明<名>
vacuna	/baˈkuna/	/baˈkuna/	[baˈkuna] 疫苗<名>
ironía	/iɾoˈnia/	/iɾoˈnia/	[iɾoˈnia] 讽刺<名>
tregua	/ˈtɾeɡwa/	/ˈtɾeɡwa/	[ˈtɾeɡwa] 休战<名>
subterráneo	/subteˈraneo/	/subteˈraneo/	[subteˈraneo] 地下<名>
determinado	/deteɾmiˈnado/	/deteɾmiˈnado/	[deteɾmiˈnado] 已确定<形>
complicación	/komplikaˈθjon/	/komplikaˈθjon/	[komplikaˈθjon] 并发症<名>
soborno	/soˈboɾno/	/soˈboɾno/	[soˈboɾno] 贿赂<名>
alba	/ˈalba/	/ˈalba/	[ˈalba] 黎明<名>
volcán	/bolˈkan/	/bolˈkan/	[bolˈkan] 火山<名>
consumo	/konˈsumo/	/konˈsumo/	[konˈsumo] 消费<名>
presionar	/pɾesjoˈnaɾ/	/pɾesjoˈnaɾ/	[pɾesjoˈnaɾ] 按<动>
antídoto	/anˈtidoto/	/anˈtidoto/	[anˈtidoto] 解毒剂<名>
ramera	/raˈmeɾa/	/raˈmeɾa/	[raˈmeɾa] 妓女<名>
atraco	/aˈtɾako/	/aˈtɾako/	[aˈtɾako] 抢劫<名>
ciervo	/ˈθjeɾbo/	/ˈθjeɾbo/	[ˈθjeɾbo] 鹿<名>
intervenir	/inteɾbeˈniɾ/	/inteɾbeˈniɾ/	[inteɾbeˈniɾ] 干预<动>
generosidad	/xeneɾosiˈdad/	/xeneɾosiˈdad/	[xeneɾosiˈdad] 慷慨<名>
hot	/ˈxot/	/ˈxot/	[ˈxot] 热<形>
caña	/ˈkaɲa/	/ˈkaɲa/	[ˈkaɲa] 手杖<名>
rodaje	/roˈdaxe/	/roˈdaxe/	[roˈdaxe] 拍摄<名>
jun	/xˈun/	/xˈun/	六月<名>
pamela	/paˈmela/	/paˈmela/	[paˈmela] 帕梅拉<名>
fruto	/ˈfɾuto/	/ˈfɾuto/	[ˈfɾuto] 水果<名>
radical	/radiˈkal/	/radiˈkal/	[radiˈkal] 激进的<名>
obstante	/obsˈtante/	/obsˈtante/	[obsˈtante] 然而<形>
comparar	/kompaˈɾaɾ/	/kompaˈɾaɾ/	[kompaˈɾaɾ] 比较<动>
cemento	/θeˈmento/	/θeˈmento/	[θeˈmento] 水泥<名>
montaje	/monˈtaxe/	/monˈtaxe/	[monˈtaxe] 组装<名>
espiar	/esˈpjaɾ/	/esˈpjaɾ/	[esˈpjaɾ] 窥探；侦察；监视<动>
suposición	/suposiˈθjon/	/suposiˈθjon/	[suposiˈθjon] 假设<名>
donación	/donaˈθjon/	/donaˈθjon/	[donaˈθjon] 捐赠<名>
formidable	/foɾmiˈdable/	/foɾmiˈdable/	[foɾmiˈdable] 令人敬畏的<形>
leve	/ˈlebe/	/ˈlebe/	[ˈlebe] 温和的<形>
conforme	/konˈfoɾme/	/konˈfoɾme/	[konˈfoɾme] 合规的<名>
estanque	/esˈtanke/	/esˈtanke/	[esˈtanke] 池塘<名>
acudir	/akuˈdiɾ/	/akuˈdiɾ/	[akuˈdiɾ] 去<动>
amablemente	/aˌmableˈmente/	/aˌmableˈmente/	[aˌmableˈmente] 和善地<副>
bolígrafo	/boˈliɡɾafo/	/boˈliɡɾafo/	[boˈliɡɾafo] 笔<名>
adrenalina	/adɾenaˈlina/	/adɾenaˈlina/	[adɾenaˈlina] 肾上腺素<名>
alojamiento	/aloxaˈmjento/	/aloxaˈmjento/	[aloxaˈmjento] 住宿<名>
forzar	/foɾˈθaɾ/	/foɾˈθaɾ/	[foɾˈθaɾ] 强迫；强制；强行打开<动>
inventario	/imbenˈtaɾjo/	/imbenˈtaɾjo/	[imbenˈtaɾjo] 库存<名>
navegación	/nabeɡaˈθjon/	/nabeɡaˈθjon/	[nabeɡaˈθjon] 导航<名>
okey	/oˈkei/	/oˈkei/	[oˈkei] 好的<名>
panda	/ˈpanda/	/ˈpanda/	[ˈpanda] 熊猫<名>
contable	/konˈtable/	/konˈtable/	[konˈtable] 会计师<名>
interrogar	/interoˈɡaɾ/	/interoˈɡaɾ/	[interoˈɡaɾ] 审问<动>
repentinamente	/repenˌtinaˈmente/	/repenˌtinaˈmente/	[repenˌtinaˈmente] 突然<副>
gen	/ˈxen/	/ˈxen/	[ˈxen] 基因<名>
eficiente	/efiˈθjente/	/efiˈθjente/	[efiˈθjente] 高效<形>
seminario	/semiˈnaɾjo/	/semiˈnaɾjo/	[semiˈnaɾjo] 研讨会<名>
pelirrojo	/peliˈroxo/	/peliˈroxo/	[peliˈroxo] 红发女郎<名>
pantalón	/pantaˈlon/	/pantaˈlon/	[pantaˈlon] 裤子<名>
celestial	/θelesˈtjal/	/θelesˈtjal/	[θelesˈtjal] 天堂般的<形>
sonda	/ˈsonda/	/ˈsonda/	[ˈsonda] 探针<名>
secundario	/sekunˈdaɾjo/	/sekunˈdaɾjo/	[sekunˈdaɾjo] 中学<形>
afrontar	/afɾonˈtaɾ/	/afɾonˈtaɾ/	[afɾonˈtaɾ] 面对；面临；正视<动>
esclavitud	/esklabiˈtud/	/esklabiˈtud/	[esklabiˈtud] 奴隶制<名>
cesta	/ˈθesta/	/ˈθesta/	[ˈθesta] 篮子<名>
adoptar	/adobˈtaɾ/	/adobˈtaɾ/	[adobˈtaɾ] 采用<动>
cuervo	/ˈkweɾbo/	/ˈkweɾbo/	[ˈkweɾbo] 乌鸦<名>
fijamente	/ˌfixaˈmente/	/ˌfixaˈmente/	[ˌfixaˈmente] 固定地<副>
narcótico	/naɾˈkotiko/	/naɾˈkotiko/	[naɾˈkotiko] 麻醉剂<名>
lila	/ˈlila/	/ˈlila/	[ˈlila] 紫丁香<名>
clivar	/kliˈbaɾ/	/kliˈbaɾ/	[/kliˈbaɾ/] 钉；钉住<verb>
orientación	/oɾjentaˈθjon/	/oɾjentaˈθjon/	[oɾjentaˈθjon] 方向<名>
apocalipsis	/apokaˈlibsis/	/apokaˈlibsis/	[apokaˈlibsis] 启示录<名>
duquesa	/duˈkesa/	/duˈkesa/	[duˈkesa] 公爵夫人<名>
alucinante	/aluθiˈnante/	/aluθiˈnante/	[aluθiˈnante] 惊人的<形>
nombrado	/nomˈbɾado/	/nomˈbɾado/	[nomˈbɾado] 命名的<形>
empuje	/emˈpuxe/	/emˈpuxe/	[emˈpuxe] 推<名>
ramón	/raˈmon/	/raˈmon/	[raˈmon] 拉蒙<名>
adicional	/adiθjoˈnal/	/adiθjoˈnal/	[adiθjoˈnal] 额外的<形>
turco	/ˈtuɾko/	/ˈtuɾko/	[ˈtuɾko] 土耳其语<名>
frijol	/fɾiˈxol/	/fɾiˈxol/	[fɾiˈxol] 豆<名>
cebo	/ˈθebo/	/ˈθebo/	[ˈθebo] 诱饵<名>
contabilidad	/kontabiliˈdad/	/kontabiliˈdad/	[kontabiliˈdad] 会计<名>
redada	/reˈdada/	/reˈdada/	[reˈdada] 突袭<名>
oportuno	/opoɾˈtuno/	/opoɾˈtuno/	[opoɾˈtuno] 适时的<形>
chile	/ˈt͡ʃile/	/ˈt͡ʃile/	[ˈt͡ʃile] 辣椒<名>
setenta	/seˈtenta/	/seˈtenta/	[seˈtenta] 七十<数>
buque	/ˈbuke/	/ˈbuke/	[ˈbuke] 船<名>
nana	/ˈnana/	/ˈnana/	[ˈnana] 摇篮曲<名>
suegra	/ˈsweɡɾa/	/ˈsweɡɾa/	[/ˈsweɡɾa/] 岳母；婆婆<noun>
ceder	/θeˈdeɾ/	/θeˈdeɾ/	[θeˈdeɾ] 让与；转让；让步<动>
pintado	/pinˈtado/	/pinˈtado/	[pinˈtado] 画的<名>
hospitalidad	/ospitaliˈdad/	/ospitaliˈdad/	[ospitaliˈdad] 款待<名>
atleta	/adˈleta/	/adˈleta/	[adˈleta] 运动员<名>
poste	/ˈposte/	/ˈposte/	[ˈposte] 极<名>
acogida	/akoˈxida/	/akoˈxida/	[akoˈxida] 欢迎<名>
mermelada	/meɾmeˈlada/	/meɾmeˈlada/	[meɾmeˈlada] 果酱<名>
injusticia	/inxusˈtiθja/	/inxusˈtiθja/	[inxusˈtiθja] 不公正<名>
reno	/ˈreno/	/ˈreno/	[ˈreno] 驯鹿<名>
gobernar	/ɡobeɾˈnaɾ/	/ɡobeɾˈnaɾ/	[ɡobeɾˈnaɾ] 治理<动>
lema	/ˈlema/	/ˈlema/	[ˈlema] 座右铭<名>
despejar	/despeˈxaɾ/	/despeˈxaɾ/	[despeˈxaɾ] 清晰<动>
reducido	/reduˈθido/	/reduˈθido/	[reduˈθido] 减少<形>
inauguración	/inauɡuɾaˈθjon/	/inauɡuɾaˈθjon/	[inauɡuɾaˈθjon] 就职典礼<名>
muda	/ˈmuda/	/ˈmuda/	[ˈmuda] 蜕皮<名>
tope	/ˈtope/	/ˈtope/	[ˈtope] 停止<名>
podrido	/poˈdɾido/	/poˈdɾido/	[poˈdɾido] 腐烂的<形>
mulo	/ˈmulo/	/ˈmulo/	[ˈmulo] 骡子<名>
variedad	/baɾjeˈdad/	/baɾjeˈdad/	[baɾjeˈdad] 品种<名>
azotea	/aθoˈtea/	/aθoˈtea/	[aθoˈtea] 屋顶<名>
cóctel	/ˈkoɡtel/	/ˈkoɡtel/	[ˈkoɡtel] 鸡尾酒<名>
tripa	/ˈtɾipa/	/ˈtɾipa/	[ˈtɾipa] 肠道<名>
biología	/bjoloˈxia/	/bjoloˈxia/	[bjoloˈxia] 生物学<名>
pillar	/piˈʝaɾ/	/piˈʝaɾ/	[piˈʝaɾ] 抓住<动>
luto	/ˈluto/	/ˈluto/	[ˈluto] 哀悼<名>
agarre	/aˈɡare/	/aˈɡare/	[aˈɡare] 握力<名>
reactor	/reaɡˈtoɾ/	/reaɡˈtoɾ/	[reaɡˈtoɾ] 反应堆<名>
bono	/ˈbono/	/ˈbono/	[ˈbono] 奖金<名>
spa	/esˈpa/	/esˈpa/	[esˈpa] 水疗中心<名>
martini	/maɾˈtini/	/maɾˈtini/	[maɾˈtini] 马提尼<名>
newton	/ˈnjuton/	/ˈnjuton/	[ˈnjuton] 牛顿<名>
laboral	/laboˈɾal/	/laboˈɾal/	[laboˈɾal] 劳工<形>
apestoso	/apesˈtoso/	/apesˈtoso/	[apesˈtoso] 臭的<形>
acera	/aˈθeɾa/	/aˈθeɾa/	[aˈθeɾa] 人行道<名>
potente	/poˈtente/	/poˈtente/	[poˈtente] 强大的<形>
bombardeo	/bombaɾˈdeo/	/bombaɾˈdeo/	[bombaɾˈdeo] 轰炸<名>
borrado	/boˈrado/	/boˈrado/	[/boˈrado/] 被删除的；删除<形/分词><noun>
irrelevante	/ireleˈbante/	/ireleˈbante/	[ireleˈbante] 不相关的<形>
guarida	/ɡwaˈɾida/	/ɡwaˈɾida/	[ɡwaˈɾida] 巢穴<名>
tendencia	/tenˈdenθja/	/tenˈdenθja/	[tenˈdenθja] 趋势<名>
descifrar	/desθiˈfɾaɾ/	/desθiˈfɾaɾ/	[desθiˈfɾaɾ] 破译<动>
brazalete	/bɾaθaˈlete/	/bɾaθaˈlete/	[bɾaθaˈlete] 手镯<名>
profecía	/pɾofeˈθia/	/pɾofeˈθia/	[pɾofeˈθia] 预言<名>
insensible	/insenˈsible/	/insenˈsible/	[insenˈsible] 不敏感的<形>
extensión	/eɡstenˈsjon/	/eɡstenˈsjon/	[eɡstenˈsjon] 延伸<名>
niñez	/niˈɲeθ/	/niˈɲeθ/	[niˈɲeθ] 童年<名>
voluntariamente	/bolunˌtaɾjaˈmente/	/bolunˌtaɾjaˈmente/	[bolunˌtaɾjaˈmente] 自愿地<副>
parra	/ˈpara/	/ˈpara/	[ˈpara] 藤蔓<名>
jura	/ˈxuɾa/	/ˈxuɾa/	[ˈxuɾa] 发誓<名>
pegamento	/peɡaˈmento/	/peɡaˈmento/	[peɡaˈmento] 胶水<名>
anochecer	/anot͡ʃeˈθeɾ/	/anot͡ʃeˈθeɾ/	[anot͡ʃeˈθeɾ] 黄昏<名>
porcentaje	/poɾθenˈtaxe/	/poɾθenˈtaxe/	[poɾθenˈtaxe] 百分比<名>
dañar	/daˈɲaɾ/	/daˈɲaɾ/	[daˈɲaɾ] 损坏<动>
pálido	/ˈpalido/	/ˈpalido/	[ˈpalido] 苍白<形>
cuido	/ˈkwido/	/ˈkwido/	[ˈkwido] 我关心<名>
veterano	/beteˈɾano/	/beteˈɾano/	[beteˈɾano] 老兵<名>
dese	/ˈdese/	/ˈdese/	[/ˈdese/] dar的虚拟式/敬语命令式形式（如 déselo）<noun>
sensibilidad	/sensibiliˈdad/	/sensibiliˈdad/	[sensibiliˈdad] 灵敏度<名>
golfo	/ˈɡolfo/	/ˈɡolfo/	[ˈɡolfo] 海湾<名>
apresurar	/apɾesuˈɾaɾ/	/apɾesuˈɾaɾ/	[apɾesuˈɾaɾ] 冲<动>
desacuerdo	/desaˈkweɾdo/	/desaˈkweɾdo/	[desaˈkweɾdo] 分歧<名>
modesto	/moˈdesto/	/moˈdesto/	[moˈdesto] 谦虚的<形>
atajo	/aˈtaxo/	/aˈtaxo/	[aˈtaxo] 捷径<名>
recogido	/rekoˈxido/	/rekoˈxido/	[rekoˈxido] 收集的<形>
rapidez	/rapiˈdeθ/	/rapiˈdeθ/	[rapiˈdeθ] 速度<名>
fibra	/ˈfibɾa/	/ˈfibɾa/	[ˈfibɾa] 纤维<名>
suciedad	/suθjeˈdad/	/suθjeˈdad/	[suθjeˈdad] 污垢<名>
stop	/esˈtop/	/esˈtop/	[esˈtop] 停止<叹>
deliberadamente	/delibeˌɾadaˈmente/	/delibeˌɾadaˈmente/	[delibeˌɾadaˈmente] 故意<副>
plasma	/ˈplasma/	/ˈplasma/	[ˈplasma] 等离子<名>
demandar	/demanˈdaɾ/	/demanˈdaɾ/	[demanˈdaɾ] 控告；起诉；要求<动>
llanto	/ˈʝanto/	/ˈʝanto/	[ˈʝanto] 哭<名>
tarado	/taˈɾado/	/taˈɾado/	[taˈɾado] 白痴<名>
mae	/ˈmae/	/ˈmae/	[/ˈmae/] 老兄（哥斯达黎加俚语）<noun>
sustituto	/sustiˈtuto/	/sustiˈtuto/	[sustiˈtuto] 替代品<名>
soplón	/soˈplon/	/soˈplon/	[soˈplon] 告密者<名>
jade	/ˈxade/	/ˈxade/	[ˈxade] 玉<名>
remolque	/reˈmolke/	/reˈmolke/	[reˈmolke] 拖车<名>
adelanto	/adeˈlanto/	/adeˈlanto/	[/adeˈlanto/] 进步，进展；预告；预支<noun>
envidiar	/embiˈdjaɾ/	/embiˈdjaɾ/	[embiˈdjaɾ] 羡慕<动>
reclamar	/reklaˈmaɾ/	/reklaˈmaɾ/	[reklaˈmaɾ] 索赔<动>
infantería	/infanteˈɾia/	/infanteˈɾia/	[infanteˈɾia] 步兵<名>
nuca	/ˈnuka/	/ˈnuka/	[ˈnuka] 脖子<名>
aprendiz	/apɾenˈdiθ/	/apɾenˈdiθ/	[apɾenˈdiθ] 学徒<名>
trueno	/ˈtɾweno/	/ˈtɾweno/	[ˈtɾweno] 雷声<名>
operativo	/opeɾaˈtibo/	/opeɾaˈtibo/	[opeɾaˈtibo] 运营的<名>
adán	/aˈdan/	/aˈdan/	[aˈdan] 亚当<名>
discreto	/disˈkɾeto/	/disˈkɾeto/	[disˈkɾeto] 谨慎的<形>
anónimo	/aˈnonimo/	/aˈnonimo/	[aˈnonimo] 匿名<名>
molino	/moˈlino/	/moˈlino/	[moˈlino] 磨坊<名>
alcohólico	/alkoˈoliko/	/alkoˈoliko/	[alkoˈoliko] 酗酒的<名>
hábil	/ˈabil/	/ˈabil/	[ˈabil] 熟练的<形>
borda	/ˈboɾda/	/ˈboɾda/	[ˈboɾda] 牧人小屋；山间棚屋<名>
suspensión	/suspenˈsjon/	/suspenˈsjon/	[suspenˈsjon] 悬浮<名>
expulsar	/e(ɡ)spulˈsaɾ/	/e(ɡ)spulˈsaɾ/	[e(ɡ)spulˈsaɾ] 驱逐<动>
médula	/ˈmedula/	/ˈmedula/	[ˈmedula] 骨髓<名>
blando	/ˈblando/	/ˈblando/	[ˈblando] 软的<形>
librería	/libɾeˈɾia/	/libɾeˈɾia/	[libɾeˈɾia] 书店<名>
trío	/ˈtɾio/	/ˈtɾio/	[ˈtɾio] 三人组<名>
finca	/ˈfinka/	/ˈfinka/	[ˈfinka] 农场<名>
montano	/monˈtano/	/monˈtano/	[monˈtano] 山地<形>
dea	/ˈdea/	/ˈdea/	[ˈdea] 女神<名>
amigable	/amiˈɡable/	/amiˈɡable/	[amiˈɡable] 友好的<形>
nombrar	/nomˈbɾaɾ/	/nomˈbɾaɾ/	[nomˈbɾaɾ] 命名；任命；提及<动>
blog	/ˈbloɡ/	/ˈbloɡ/	[ˈbloɡ] 博客<名>
asamblea	/asamˈblea/	/asamˈblea/	[/asamˈblea/] 大会；会议；集会<noun>
porche	/ˈpoɾt͡ʃe/	/ˈpoɾt͡ʃe/	[ˈpoɾt͡ʃe] 门廊<名>
náusea	/ˈnausea/	/ˈnausea/	[ˈnausea] 恶心<名>
amuleto	/amuˈleto/	/amuˈleto/	[amuˈleto] 护身符<名>
simpatía	/simpaˈtia/	/simpaˈtia/	[simpaˈtia] 同情<名>
actualidad	/aɡtwaliˈdad/	/aɡtwaliˈdad/	[aɡtwaliˈdad] 时事<名>
púrpura	/ˈpuɾpuɾa/	/ˈpuɾpuɾa/	[ˈpuɾpuɾa] 紫色<名>
cumbre	/ˈkumbɾe/	/ˈkumbɾe/	[ˈkumbɾe] 峰会<名>
concordar	/konkoɾˈdaɾ/	/konkoɾˈdaɾ/	[konkoɾˈdaɾ] 同意<动>
trama	/ˈtɾama/	/ˈtɾama/	[ˈtɾama] 情节<名>
calefacción	/kalefaɡˈθjon/	/kalefaɡˈθjon/	[kalefaɡˈθjon] 供暖<名>
mostaza	/mosˈtaθa/	/mosˈtaθa/	[mosˈtaθa] 芥末<名>
psiquiátrico	/siˈkjatɾiko/	/siˈkjatɾiko/	[siˈkjatɾiko] 精神病学的<名>
barbie	/ˈbaɾbi/	/ˈbaɾbi/	[ˈbaɾbi] 芭比娃娃<名>
desperdiciar	/despeɾdiˈθjaɾ/	/despeɾdiˈθjaɾ/	[/despeɾdiˈθjaɾ/] 浪费<verb>
reaccionar	/reaɡθjoˈnaɾ/	/reaɡθjoˈnaɾ/	[reaɡθjoˈnaɾ] 反应<动>
ejecutado	/exekuˈtado/	/exekuˈtado/	[exekuˈtado] 被处决<形>
estadístico	/estaˈdistiko/	/estaˈdistiko/	[estaˈdistiko] 统计学家<名>
lateral	/lateˈɾal/	/lateˈɾal/	[lateˈɾal] 侧面<名>
humedad	/umeˈdad/	/umeˈdad/	[umeˈdad] 湿度<名>
intuición	/intwiˈθjon/	/intwiˈθjon/	[intwiˈθjon] 直觉<名>
off	/ˈof/	/ˈof/	[ˈof] 关闭<形>
erección	/eɾeɡˈθjon/	/eɾeɡˈθjon/	[eɾeɡˈθjon] 勃起<名>
digna	/ˈdiɡna/	/ˈdiɡna/	值得<动>
marcador	/maɾkaˈdoɾ/	/maɾkaˈdoɾ/	[maɾkaˈdoɾ] 标记<名>
email	/ˈimeil/	/ˈimeil/	[ˈimeil] 电子邮件<名>
rabino	/raˈbino/	/raˈbino/	[raˈbino] 拉比<名>
infectado	/infeɡˈtado/	/infeɡˈtado/	[infeɡˈtado] 感染的<形>
arca	/ˈaɾka/	/ˈaɾka/	[ˈaɾka] 方舟<名>
comerciante	/komeɾˈθjante/	/komeɾˈθjante/	[komeɾˈθjante] 商人<名>
utilidad	/utiliˈdad/	/utiliˈdad/	[utiliˈdad] 效用<名>
exilio	/eɡˈsiljo/	/eɡˈsiljo/	[eɡˈsiljo] 流放<名>
inaceptable	/inaθebˈtable/	/inaθebˈtable/	[inaθebˈtable] 不可接受的<形>
marcial	/maɾˈθjal/	/maɾˈθjal/	[maɾˈθjal] 武术<形>
enmienda	/emˈmjenda/	/emˈmjenda/	[emˈmjenda] 修正案<名>
burdel	/buɾˈdel/	/buɾˈdel/	[buɾˈdel] 妓院<名>
indiana	/inˈdjana/	/inˈdjana/	[/inˈdjana/] 印第安的；印第安女子<noun>
pulsera	/pulˈseɾa/	/pulˈseɾa/	[pulˈseɾa] 手镯<名>
entrego	/enˈtɾeɡo/	/enˈtɾeɡo/	[enˈtɾeɡo] 我交付<名>
doblar	/doˈblaɾ/	/doˈblaɾ/	[doˈblaɾ] 折叠<动>
right	/ˈrait/	/ˈrait/	[/ˈrait/] 权利；右边；正确<noun>
tapadera	/tapaˈðeɾa/	/tapaˈðeɾa/	封面<名>
variar	/baˈɾjaɾ/	/baˈɾjaɾ/	[baˈɾjaɾ] 变化<动>
tango	/ˈtanɡo/	/ˈtanɡo/	[ˈtanɡo] 探戈<名>
gramo	/ˈɡɾamo/	/ˈɡɾamo/	[ˈɡɾamo] 克<名>
maniobra	/maˈnjobɾa/	/maˈnjobɾa/	[maˈnjobɾa] 演习<名>
compensar	/kompenˈsaɾ/	/kompenˈsaɾ/	[kompenˈsaɾ] 补偿<动>
conceder	/konθeˈdeɾ/	/konθeˈdeɾ/	[konθeˈdeɾ] 授予<动>
inminente	/immiˈnente/	/immiˈnente/	[immiˈnente] 迫在眉睫的<形>
arbusto	/aɾˈbusto/	/aɾˈbusto/	[aɾˈbusto] 布什<名>
raja	/ˈraxa/	/ˈraxa/	[ˈraxa] 狭缝<名>
ahogar	/aoˈɡaɾ/	/aoˈɡaɾ/	[aoˈɡaɾ] 淹死<动>
mozo	/ˈmoθo/	/ˈmoθo/	[ˈmoθo] 服务员<名>
timón	/tiˈmon/	/tiˈmon/	[tiˈmon] 舵<名>
argentino	/aɾxenˈtino/	/aɾxenˈtino/	[aɾxenˈtino] 阿根廷人<名>
po	/ˈpo/	/ˈpo/	[/ˈpo/] 嗯；呀（叹词）<intj>
virginidad	/biɾxiniˈdad/	/biɾxiniˈdad/	[biɾxiniˈdad] 童贞<名>
crueldad	/kɾwelˈdad/	/kɾwelˈdad/	[kɾwelˈdad] 残忍<名>
cocodrilo	/kokoˈdɾilo/	/kokoˈdɾilo/	[kokoˈdɾilo] 鳄鱼<名>
descuidado	/deskwiˈdado/	/deskwiˈdado/	[deskwiˈdado] 粗心的<形>
letrero	/leˈtɾeɾo/	/leˈtɾeɾo/	[leˈtɾeɾo] 标志<名>
trayectoria	/tɾaʝeɡˈtoɾja/	/tɾaʝeɡˈtoɾja/	[tɾaʝeɡˈtoɾja] 轨迹<名>
gala	/ˈɡala/	/ˈɡala/	[ˈɡala] 晚会<名>
evacuar	/ebaˈkwaɾ/	/ebaˈkwaɾ/	[ebaˈkwaɾ] 疏散<动>
pescador	/peskaˈdoɾ/	/peskaˈdoɾ/	[peskaˈdoɾ] 渔夫<名>
viajero	/bjaˈxeɾo/	/bjaˈxeɾo/	[bjaˈxeɾo] 旅行者<名>
ladrillo	/laˈdɾiʝo/	/laˈdɾiʝo/	[laˈdɾiʝo] 砖<名>
bufanda	/buˈfanda/	/buˈfanda/	[buˈfanda] 围巾<名>
psicólogo	/siˈkoloɡo/	/siˈkoloɡo/	[siˈkoloɡo] 心理学家<名>
limitado	/limiˈtado/	/limiˈtado/	[limiˈtado] 有限<形>
empresario	/empɾeˈsaɾjo/	/empɾeˈsaɾjo/	[empɾeˈsaɾjo] 商人<名>
admirable	/admiˈɾable/	/admiˈɾable/	[admiˈɾable] 令人钦佩的<形>
corteza	/koɾˈteθa/	/koɾˈteθa/	[koɾˈteθa] 树皮<名>
tenedor	/teneˈdoɾ/	/teneˈdoɾ/	[teneˈdoɾ] 叉子<名>
transmitir	/tɾansmiˈtiɾ/	/tɾansmiˈtiɾ/	[tɾansmiˈtiɾ] 传送<动>
online	/onˈlain/	/onˈlain/	[onˈlain] 在线<形>
correspondencia	/koresponˈdenθja/	/koresponˈdenθja/	[koresponˈdenθja] 信件<名>
allanamiento	/aʝanaˈmjento/	/aʝanaˈmjento/	[aʝanaˈmjento] 侵入<名>
sencillamente	/senˌθiʝaˈmente/	/senˌθiʝaˈmente/	[senˌθiʝaˈmente] 简单地<副>
brecha	/ˈbɾet͡ʃa/	/ˈbɾet͡ʃa/	[ˈbɾet͡ʃa] 差距<名>
vómito	/ˈbomito/	/ˈbomito/	[ˈbomito] 呕吐<名>
dividir	/dibiˈdiɾ/	/dibiˈdiɾ/	[dibiˈdiɾ] 划分<动>
secuestrar	/sekwesˈtɾaɾ/	/sekwesˈtɾaɾ/	[sekwesˈtɾaɾ] 绑架<动>
esqueleto	/eskeˈleto/	/eskeˈleto/	[eskeˈleto] 骨架<名>
difícilmente	/diˌfiθilˈmente/	/diˌfiθilˈmente/	[diˌfiθilˈmente] 几乎不<副>
antigüedad	/antiɡweˈdad/	/antiɡweˈdad/	[antiɡweˈdad] 古代<名>
joyería	/xoʝeˈɾia/	/xoʝeˈɾia/	[xoʝeˈɾia] 珠宝<名>
tambor	/tamˈboɾ/	/tamˈboɾ/	[tamˈboɾ] 鼓<名>
protagonista	/pɾotaɡoˈnista/	/pɾotaɡoˈnista/	[pɾotaɡoˈnista] 主角<名>
atar	/aˈtaɾ/	/aˈtaɾ/	[/aˈtaɾ/] 系；绑；捆<verb>
cereal	/θeɾeˈal/	/θeɾeˈal/	[θeɾeˈal] 谷物<名>
proposición	/pɾoposiˈθjon/	/pɾoposiˈθjon/	[pɾoposiˈθjon] 命题<名>
ventilación	/bentilaˈθjon/	/bentilaˈθjon/	[bentilaˈθjon] 通风<名>
destrozar	/destɾoˈθaɾ/	/destɾoˈθaɾ/	[destɾoˈθaɾ] 摧毁<动>
secuestrador	/sekwestɾaˈdoɾ/	/sekwestɾaˈdoɾ/	[sekwestɾaˈdoɾ] 绑匪<名>
videojuego	/ˌbideoˈxweɡo/	/ˌbideoˈxweɡo/	[ˌbideoˈxweɡo] 视频游戏<名>
deriva	/deˈɾiba/	/deˈɾiba/	[deˈɾiba] 漂移<名>
cobertizo	/kobeɾˈtiθo/	/kobeɾˈtiθo/	[kobeɾˈtiθo] 棚子<名>
reemplazo	/reemˈplaθo/	/reemˈplaθo/	[reemˈplaθo] 更换<名>
octavo	/oɡˈtabo/	/oɡˈtabo/	[oɡˈtabo] 第八<名>
planeo	/plaˈneo/	/plaˈneo/	[/plaˈneo/] 滑翔；滑行<noun>
jornada	/xoɾˈnada/	/xoɾˈnada/	[xoɾˈnada] 日<名>
bocado	/boˈkado/	/boˈkado/	[boˈkado] 咬<名>
tragar	/tɾaˈɡaɾ/	/tɾaˈɡaɾ/	[/tɾaˈɡaɾ/] 吞下；咽下<verb>
canadiense	/kanaˈdjense/	/kanaˈdjense/	[kanaˈdjense] 加拿大人<名>
lunático	/luˈnatiko/	/luˈnatiko/	[luˈnatiko] 疯子<名>
glorioso	/ɡloˈɾjoso/	/ɡloˈɾjoso/	[ɡloˈɾjoso] 光荣的<形>
irresponsable	/iresponˈsable/	/iresponˈsable/	[iresponˈsable] 不负责任的<形>
superviviente	/supeɾbiˈbjente/	/supeɾbiˈbjente/	[supeɾbiˈbjente] 幸存者<名>
tirada	/tiˈɾada/	/tiˈɾada/	[tiˈɾada] 扔<名>
halar	/aˈlaɾ/	/aˈlaɾ/	[aˈlaɾ] 拉<动>
nativo	/naˈtibo/	/naˈtibo/	[naˈtibo] 本地人<名>
ferrari	/ferˈaɾi/	/ferˈaɾi/	法拉利<名>
hormona	/oɾˈmona/	/oɾˈmona/	[oɾˈmona] 激素<名>
inofensivo	/inofenˈsibo/	/inofenˈsibo/	[inofenˈsibo] 无害的<形>
mentalmente	/menˌtalˈmente/	/menˌtalˈmente/	[menˌtalˈmente] 精神上<副>
manager	/ˈmanaʝeɾ/	/ˈmanaʝeɾ/	[ˈmanaʝeɾ] 经理<名>
funcionario	/funθjoˈnaɾjo/	/funθjoˈnaɾjo/	[funθjoˈnaɾjo] 官方<名>
entraña	/enˈtɾaɲa/	/enˈtɾaɲa/	[/enˈtɾaɲa/] 内脏；内心<noun>
elevado	/eleˈbado/	/eleˈbado/	[eleˈbado] 高架<形>
cabreado	/kabɾeˈado/	/kabɾeˈado/	[kabɾeˈado] 生气了<形>
when	/ˈw̝en/	/ˈw̝en/	[/ˈw̝en/] 什么时候；当…时<conj>
lavabo	/laˈbabo/	/laˈbabo/	[laˈbabo] 水槽<名>
microondas	/mikɾoondas/	/mikɾoondas/	微波炉<名>
íntimo	/ˈintimo/	/ˈintimo/	[ˈintimo] 亲密的<形>
detector	/deteɡˈtoɾ/	/deteɡˈtoɾ/	[deteɡˈtoɾ] 探测器<名>
cesar	/θeˈsaɾ/	/θeˈsaɾ/	[θeˈsaɾ] 停止<动>
ta	/ˈta/	/ˈta/	[/ˈta/] （口语）好的；行<叹><verb>
huérfano	/ˈw̝eɾfano/	/ˈw̝eɾfano/	[ˈw̝eɾfano] 孤儿<名>
imprudente	/impɾuˈdente/	/impɾuˈdente/	[impɾuˈdente] 鲁莽的<形>
ignorancia	/iɡnoˈɾanθja/	/iɡnoˈɾanθja/	[iɡnoˈɾanθja] 无知<名>
veloz	/beˈloθ/	/beˈloθ/	[beˈloθ] 快<形>
distinguir	/distinˈɡiɾ/	/distinˈɡiɾ/	[distinˈɡiɾ] 区分<动>
provincia	/pɾoˈbinθja/	/pɾoˈbinθja/	[pɾoˈbinθja] 省份<名>
gorro	/ˈɡoro/	/ˈɡoro/	[ˈɡoro] 帽子<名>
moreno	/moˈɾeno/	/moˈɾeno/	[moˈɾeno] 棕色<名>
maquinar	/makiˈnaɾ/	/makiˈnaɾ/	[makiˈnaɾ] 阴谋<动>
detectar	/deteɡˈtaɾ/	/deteɡˈtaɾ/	[deteɡˈtaɾ] 检测<动>
banana	/baˈnana/	/baˈnana/	[baˈnana] 香蕉<名>
tesis	/ˈtesis/	/ˈtesis/	[ˈtesis] 论文<名>
enojo	/eˈnoxo/	/eˈnoxo/	[eˈnoxo] 愤怒<名>
acelerador	/aθeleɾaˈdoɾ/	/aθeleɾaˈdoɾ/	[aθeleɾaˈdoɾ] 加速器<名>
repuesto	/reˈpwesto/	/reˈpwesto/	[reˈpwesto] 备件<名>
alucinación	/aluθinaˈθjon/	/aluθinaˈθjon/	[aluθinaˈθjon] 幻觉<名>
biológico	/bjoˈloxiko/	/bjoˈloxiko/	[bjoˈloxiko] 生物的<形>
pudrir	/puˈdɾiɾ/	/puˈdɾiɾ/	[puˈdɾiɾ] 腐烂<动>
organismo	/oɾɡaˈnismo/	/oɾɡaˈnismo/	[oɾɡaˈnismo] 有机体<名>
afectar	/afeɡˈtaɾ/	/afeɡˈtaɾ/	[afeɡˈtaɾ] 影响<动>
abismo	/aˈbismo/	/aˈbismo/	[aˈbismo] 深渊<名>
prostitución	/pɾostituˈθjon/	/pɾostituˈθjon/	[pɾostituˈθjon] 卖淫<名>
picado	/piˈkado/	/piˈkado/	[piˈkado] 切碎的<形>
ambicioso	/ambiˈθjoso/	/ambiˈθjoso/	[ambiˈθjoso] 雄心勃勃的<形>
camarote	/kamaˈɾote/	/kamaˈɾote/	[kamaˈɾote] 小屋<名>
determinación	/deteɾminaˈθjon/	/deteɾminaˈθjon/	[deteɾminaˈθjon] 决心<名>
dobla	/ˈdobla/	/ˈdobla/	[ˈdobla] 折叠<名>
bofetada	/bofeˈtada/	/bofeˈtada/	[bofeˈtada] 巴掌<名>
elevador	/elebaˈdoɾ/	/elebaˈdoɾ/	[elebaˈdoɾ] 电梯<名>
estafador	/estafaˈdoɾ/	/estafaˈdoɾ/	[estafaˈdoɾ] 骗子<名>
felizmente	/ˌfeliθˈmente/	/ˌfeliθˈmente/	[ˌfeliθˈmente] 高兴地<副>
noción	/noˈθjon/	/noˈθjon/	[noˈθjon] 概念<名>
corazonada	/koɾaθoˈnada/	/koɾaθoˈnada/	[koɾaθoˈnada] 预感<名>
castigar	/kastiˈɡaɾ/	/kastiˈɡaɾ/	[kastiˈɡaɾ] 惩罚<动>
resolución	/resoluˈθjon/	/resoluˈθjon/	[resoluˈθjon] 分辨率<名>
activado	/aɡtiˈbado/	/aɡtiˈbado/	[aɡtiˈbado] 激活的<形>
brindar	/bɾinˈdaɾ/	/bɾinˈdaɾ/	[bɾinˈdaɾ] 提供<动>
cordón	/koɾˈdon/	/koɾˈdon/	[koɾˈdon] 绳索<名>
relajado	/relaˈxado/	/relaˈxado/	[relaˈxado] 放松<形>
arrastrado	/arasˈtɾado/	/arasˈtɾado/	[arasˈtɾado] 拖<名>
tolerar	/toleˈɾaɾ/	/toleˈɾaɾ/	[toleˈɾaɾ] 容忍<动>
aliviar	/aliˈbjaɾ/	/aliˈbjaɾ/	[aliˈbjaɾ] 缓解<动>
yes	/ˈʝes/	/ˈʝes/	[ˈʝes] 是的<叹>
pope	/ˈpope/	/ˈpope/	[/ˈpope/] 教皇<名>（西语应为 papa）<noun>
racional	/raθjoˈnal/	/raθjoˈnal/	[raθjoˈnal] 理性的<形>
espionaje	/espjoˈnaxe/	/espjoˈnaxe/	[espjoˈnaxe] 间谍活动<名>
sientate	/sientˈate/	/sientˈate/	坐<动>
electrónica	/eleɡˈtɾonika/	/eleɡˈtɾonika/	[eleɡˈtɾonika] 电子的<名>
homenaje	/omeˈnaxe/	/omeˈnaxe/	[omeˈnaxe] 致敬<名>
orgasmo	/oɾˈɡasmo/	/oɾˈɡasmo/	[oɾˈɡasmo] 性高潮<名>
pro	/ˈpɾo/	/ˈpɾo/	[ˈpɾo] 亲<名>
infernal	/infeɾˈnal/	/infeɾˈnal/	[infeɾˈnal] 地狱般的<形>
apartado	/apaɾˈtado/	/apaɾˈtado/	[apaɾˈtado] 部分<名>
drogadicto	/dɾoɡaˈdiɡto/	/dɾoɡaˈdiɡto/	[dɾoɡaˈdiɡto] 吸毒者<名>
temporalmente	/tempoˌɾalˈmente/	/tempoˌɾalˈmente/	[tempoˌɾalˈmente] 暂时<副>
peluche	/peˈlut͡ʃe/	/peˈlut͡ʃe/	[peˈlut͡ʃe] 毛绒动物<名>
económico	/ekoˈnomiko/	/ekoˈnomiko/	[ekoˈnomiko] 经济的<形>
espectro	/esˈpeɡtɾo/	/esˈpeɡtɾo/	[esˈpeɡtɾo] 光谱<名>
record	/ɾekˈoɾd/	/ɾekˈoɾd/	记录<名>
pabellón	/pabeˈʝon/	/pabeˈʝon/	[pabeˈʝon] 凉亭<名>
et	/ˈet/	/ˈet/	[ˈet] 等<名>
avatar	/abaˈtaɾ/	/abaˈtaɾ/	[abaˈtaɾ] 头像<名>
abdomen	/abˈdomen/	/abˈdomen/	[abˈdomen] 腹部<名>
noruego	/noˈɾweɡo/	/noˈɾweɡo/	[noˈɾweɡo] 挪威语<名>
zoo	/ˈθoː/	/ˈθoː/	[ˈθoː] 动物园<名>
banca	/ˈbanka/	/ˈbanka/	[ˈbanka] 银行业<名>
retrete	/reˈtɾete/	/reˈtɾete/	[reˈtɾete] 厕所<名>
tazón	/taˈθon/	/taˈθon/	[taˈθon] 碗<名>
activar	/aɡtiˈbaɾ/	/aɡtiˈbaɾ/	[aɡtiˈbaɾ] 激活<动>
panqueque	/panˈkeke/	/panˈkeke/	[panˈkeke] 煎饼<名>
cuadrado	/kwaˈdɾado/	/kwaˈdɾado/	[kwaˈdɾado] 正方形<名>
transición	/tɾansiˈθjon/	/tɾansiˈθjon/	[tɾansiˈθjon] 过渡<名>
boxeador	/boɡseaˈdoɾ/	/boɡseaˈdoɾ/	[boɡseaˈdoɾ] 拳击手<名>
uva	/ˈuba/	/ˈuba/	[ˈuba] 葡萄<名>
sudar	/suˈdaɾ/	/suˈdaɾ/	[/suˈdaɾ/] 出汗；流汗<verb>
congelador	/konxelaˈdoɾ/	/konxelaˈdoɾ/	[konxelaˈdoɾ] 冰柜<名>
atentado	/atenˈtado/	/atenˈtado/	[atenˈtado] 攻击<名>
batido	/baˈtido/	/baˈtido/	[baˈtido] 冰沙<名>
canasta	/kaˈnasta/	/kaˈnasta/	[kaˈnasta] 篮子<名>
monumento	/monuˈmento/	/monuˈmento/	[monuˈmento] 纪念碑<名>
antorcha	/anˈtoɾt͡ʃa/	/anˈtoɾt͡ʃa/	[anˈtoɾt͡ʃa] 火炬<名>
antena	/anˈtena/	/anˈtena/	[anˈtena] 天线<名>
colaboración	/kolaboɾaˈθjon/	/kolaboɾaˈθjon/	[kolaboɾaˈθjon] 合作<名>
solicitar	/soliθiˈtaɾ/	/soliθiˈtaɾ/	[soliθiˈtaɾ] 请求<动>
taquilla	/taˈkiʝa/	/taˈkiʝa/	[taˈkiʝa] 票房<名>
seo	/ˈseo/	/ˈseo/	[/ˈseo/] 大教堂；主教座堂<名><noun>
insignia	/inˈsiɡnja/	/inˈsiɡnja/	[inˈsiɡnja] 徽章<名>
conque	/ˈkonke/	/ˈkonke/	[ˈkonke] 所以<连>
banquero	/banˈkeɾo/	/banˈkeɾo/	[banˈkeɾo] 银行家<名>
artístico	/aɾˈtistiko/	/aɾˈtistiko/	[aɾˈtistiko] 艺术的<形>
dramática	/dɾaˈmatika/	/dɾaˈmatika/	[dɾaˈmatika] 戏剧性的<名>
coser	/koˈseɾ/	/koˈseɾ/	[koˈseɾ] 缝制<动>
temperamento	/tempeɾaˈmento/	/tempeɾaˈmento/	[tempeɾaˈmento] 气质<名>
calzón	/kalˈθon/	/kalˈθon/	[kalˈθon] 内衣<名>
patán	/paˈtan/	/paˈtan/	[/paˈtan/] 乡巴佬；粗人<noun>
flaco	/ˈflako/	/ˈflako/	[ˈflako] 瘦的<名>
esteroide	/esteˈɾoide/	/esteˈɾoide/	[esteˈɾoide] 类固醇<名>
cuota	/ˈkwota/	/ˈkwota/	[ˈkwota] 配额<名>
avergonzar	/abeɾɡonˈθaɾ/	/abeɾɡonˈθaɾ/	[abeɾɡonˈθaɾ] 使人难堪<动>
ostras	/ˈostɾas/	/ˈostɾas/	[ˈostɾas] 牡蛎<叹>
procesar	/pɾoθeˈsaɾ/	/pɾoθeˈsaɾ/	[/pɾoθeˈsaɾ/] 处理；加工<verb>
tacón	/taˈkon/	/taˈkon/	[taˈkon] 鞋跟<名>
igualdad	/iɡwalˈdad/	/iɡwalˈdad/	[iɡwalˈdad] 平等<名>
saliva	/saˈliba/	/saˈliba/	[saˈliba] 唾液<名>
carnaval	/kaɾnaˈbal/	/kaɾnaˈbal/	[kaɾnaˈbal] 嘉年华<名>
mención	/menˈθjon/	/menˈθjon/	[menˈθjon] 提及<名>
line	/ˈlain/	/ˈlain/	[ˈlain] 线<名>
rasguño	/rasˈɡuɲo/	/rasˈɡuɲo/	[/rasˈɡuɲo/] 抓痕；划伤<noun>
transmisor	/tɾansmiˈsoɾ/	/tɾansmiˈsoɾ/	[tɾansmiˈsoɾ] 发射器<名>
grandote	/ɡɾanˈdote/	/ɡɾanˈdote/	大<形>
dieciséis	/djeθiˈseis/	/djeθiˈseis/	[djeθiˈseis] 十六<数>
ingresar	/inɡɾeˈsaɾ/	/inɡɾeˈsaɾ/	[inɡɾeˈsaɾ] 输入<动>
empeorar	/empeoˈɾaɾ/	/empeoˈɾaɾ/	[empeoˈɾaɾ] 变得更糟<动>
quejarse	/keˈxaɾse/	/keˈxaɾse/	[keˈxaɾse] 抱怨<动>
invertido	/imbeɾˈtido/	/imbeɾˈtido/	[imbeɾˈtido] 倒立的<名>
corro	/ˈkoro/	/ˈkoro/	[ˈkoro] 我跑<名>
canciller	/kanθiˈʝeɾ/	/kanθiˈʝeɾ/	[kanθiˈʝeɾ] 校长<名>
revelación	/rebelaˈθjon/	/rebelaˈθjon/	[rebelaˈθjon] 启示录<名>
etc.	/etk/	/etk/	等等<副>
disturbio	/disˈtuɾbjo/	/disˈtuɾbjo/	[disˈtuɾbjo] 骚乱<名>
divorciado	/diboɾˈθjado/	/diboɾˈθjado/	[diboɾˈθjado] 离婚的<名>
noventa	/noˈbenta/	/noˈbenta/	[noˈbenta] 九十<数>
élite	/ˈelite/	/ˈelite/	[ˈelite] 精英<名>
pellejo	/peˈʝexo/	/peˈʝexo/	[/peˈʝexo/] 皮肤；兽皮<noun>
trastorno	/tɾasˈtoɾno/	/tɾasˈtoɾno/	[tɾasˈtoɾno] 紊乱<名>
explorador	/eɡsploɾaˈdoɾ/	/eɡsploɾaˈdoɾ/	[eɡsploɾaˈdoɾ] 探险家<名>
che	/ˈt͡ʃe/	/ˈt͡ʃe/	[ˈt͡ʃe] 嘿<名>
cansar	/kanˈsaɾ/	/kanˈsaɾ/	[kanˈsaɾ] 累了<动>
estribor	/estɾiˈboɾ/	/estɾiˈboɾ/	[estɾiˈboɾ] 右舷<名>
operador	/opeɾaˈdoɾ/	/opeɾaˈdoɾ/	[opeɾaˈdoɾ] 操作员<名>
puré	/puˈɾe/	/puˈɾe/	[puˈɾe] 果泥<名>
pezón	/peˈθon/	/peˈθon/	[peˈθon] 乳头<名>
ejemplar	/exemˈplaɾ/	/exemˈplaɾ/	[exemˈplaɾ] 模范的<名>
rodeo	/roˈdeo/	/roˈdeo/	[roˈdeo] 牛仔竞技表演<名>
cante	/ˈkante/	/ˈkante/	[ˈkante] 唱歌<名>
plantar	/planˈtaɾ/	/planˈtaɾ/	[/planˈtaɾ/] 种植；栽种<verb>
individual	/indibiˈdwal/	/indibiˈdwal/	[indibiˈdwal] 个人的<名>
pertenencia	/peɾteˈnenθja/	/peɾteˈnenθja/	[peɾteˈnenθja] 归属感<名>
fuertemente	/ˌfweɾteˈmente/	/ˌfweɾteˈmente/	[ˌfweɾteˈmente] 强烈地<副>
noroeste	/noɾoˈeste/	/noɾoˈeste/	[noɾoˈeste] 西北<名>
vegetal	/bexeˈtal/	/bexeˈtal/	[bexeˈtal] 蔬菜<名>
táctico	/ˈtaɡtiko/	/ˈtaɡtiko/	[ˈtaɡtiko] 战术的<名>
frustrante	/fɾusˈtɾante/	/fɾusˈtɾante/	[fɾusˈtɾante] 令人沮丧的<形>
aplicar	/apliˈkaɾ/	/apliˈkaɾ/	[apliˈkaɾ] 申请<动>
triángulo	/ˈtɾjanɡulo/	/ˈtɾjanɡulo/	[ˈtɾjanɡulo] 三角形<名>
titular	/tituˈlaɾ/	/tituˈlaɾ/	[/tituˈlaɾ/] 持有，拥有；冠以标题<动>；持有人<名><noun>
yacer	/ʝaˈθeɾ/	/ʝaˈθeɾ/	[/ʝaˈθeɾ/] 躺；卧；安息<verb>
catástrofe	/kaˈtastɾofe/	/kaˈtastɾofe/	[kaˈtastɾofe] 灾难<名>
compartido	/kompaɾˈtido/	/kompaɾˈtido/	[kompaɾˈtido] 共享<形>
amplio	/ˈampljo/	/ˈampljo/	[ˈampljo] 宽<形>
moisés	/moiˈses/	/moiˈses/	[moiˈses] 摩西<名>
filmación	/filmaˈθjon/	/filmaˈθjon/	[filmaˈθjon] 拍摄<名>
rastreo	/rasˈtɾeo/	/rasˈtɾeo/	[rasˈtɾeo] 追踪<名>
crudo	/ˈkɾudo/	/ˈkɾudo/	[ˈkɾudo] 原始的<名>
ceja	/ˈθexa/	/ˈθexa/	[ˈθexa] 眉毛<名>
alambre	/aˈlambɾe/	/aˈlambɾe/	[aˈlambɾe] 电线<名>
recorte	/reˈkoɾte/	/reˈkoɾte/	[/reˈkoɾte/] 剪下；剪报，剪下的碎片<名><noun>
testículo	/tesˈtikulo/	/tesˈtikulo/	[tesˈtikulo] 睾丸<名>
suegro	/ˈsweɡɾo/	/ˈsweɡɾo/	[ˈsweɡɾo] 岳父<名>
escalofrío	/eskaloˈfɾio/	/eskaloˈfɾio/	[eskaloˈfɾio] 寒冷<名>
ingenio	/inˈxenjo/	/inˈxenjo/	[inˈxenjo] 独创性<名>
grúa	/ˈɡɾua/	/ˈɡɾua/	[ˈɡɾua] 起重机<名>
lloro	/ˈʝoɾo/	/ˈʝoɾo/	[ˈʝoɾo] 我哭了<名>
manipular	/manipuˈlaɾ/	/manipuˈlaɾ/	[manipuˈlaɾ] 操纵<动>
percepción	/peɾθebˈθjon/	/peɾθebˈθjon/	[peɾθebˈθjon] 知觉<名>
sangrado	/sanˈɡɾado/	/sanˈɡɾado/	[sanˈɡɾado] 出血<名>
supervisión	/supeɾbiˈsjon/	/supeɾbiˈsjon/	[supeɾbiˈsjon] 监督<名>
decoración	/dekoɾaˈθjon/	/dekoɾaˈθjon/	[dekoɾaˈθjon] 装饰<名>
saltado	/salˈtado/	/salˈtado/	[salˈtado] 跳了<形>
compuesto	/komˈpwesto/	/komˈpwesto/	[komˈpwesto] 化合物<形>
maligno	/maˈliɡno/	/maˈliɡno/	[maˈliɡno] 邪恶<名>
acantilado	/akantiˈlado/	/akantiˈlado/	[akantiˈlado] 悬崖<名>
arrojar	/aroˈxaɾ/	/aroˈxaɾ/	[aroˈxaɾ] 扔<动>
aria	/ˈaɾja/	/ˈaɾja/	[ˈaɾja] 咏叹调<名>
mareado	/maɾeˈado/	/maɾeˈado/	[maɾeˈado] 头晕<形>
morena	/moˈɾena/	/moˈɾena/	[moˈɾena] 黑发<名>
ojalar	/oxaˈlaɾ/	/oxaˈlaɾ/	[oxaˈlaɾ] 希望<动>
aburrimiento	/aburiˈmjento/	/aburiˈmjento/	[aburiˈmjento] 无聊<名>
improbable	/impɾoˈbable/	/impɾoˈbable/	[impɾoˈbable] 不太可能<形>
tacto	/ˈtaɡto/	/ˈtaɡto/	[ˈtaɡto] 触摸<名>
predicador	/pɾedikaˈdoɾ/	/pɾedikaˈdoɾ/	[pɾedikaˈdoɾ] 传教士<名>
presidencial	/pɾesidenˈθjal/	/pɾesidenˈθjal/	[/pɾesidenˈθjal/] 总统的<adj>
audio	/ˈaudjo/	/ˈaudjo/	[ˈaudjo] 音频<名>
epidemia	/epiˈdemja/	/epiˈdemja/	[epiˈdemja] 流行病<名>
moción	/moˈθjon/	/moˈθjon/	[moˈθjon] 运动<名>
crió	/ˈkɾio/	/ˈkɾio/	[[kɾiˈo] 抚养；养育<verb>
imitación	/imitaˈθjon/	/imitaˈθjon/	[imitaˈθjon] 模仿<名>
casual	/kaˈswal/	/kaˈswal/	[kaˈswal] 休闲的<形>
aprobar	/apɾoˈbaɾ/	/apɾoˈbaɾ/	[apɾoˈbaɾ] 批准<动>
barca	/ˈbaɾka/	/ˈbaɾka/	[ˈbaɾka] 船<名>
vainilla	/baiˈniʝa/	/baiˈniʝa/	[baiˈniʝa] 香草<名>
vil	/ˈbil/	/ˈbil/	[ˈbil] 卑鄙的<形>
estrecho	/esˈtɾet͡ʃo/	/esˈtɾet͡ʃo/	[esˈtɾet͡ʃo] 狭窄<名>
cruzada	/kɾuˈθada/	/kɾuˈθada/	[kɾuˈθada] 十字军东征<名>
anormal	/anoɾˈmal/	/anoɾˈmal/	[anoɾˈmal] 不正常的<形>
aló	/aˈlo/	/aˈlo/	[aˈlo] 你好<叹>
disputa	/disˈputa/	/disˈputa/	[disˈputa] 争议<名>
manguera	/manˈɡeɾa/	/manˈɡeɾa/	[manˈɡeɾa] 软管<名>
cas	/ˈkas/	/ˈkas/	[/ˈkas/] 房屋；家（casa 的缩写）<noun>
pum	/ˈpum/	/ˈpum/	[/ˈpum/] 砰（拟声词）<intj>
condolencia	/kondoˈlenθja/	/kondoˈlenθja/	[kondoˈlenθja] 哀悼<名>
paco	/ˈpako/	/ˈpako/	[ˈpako] 帕科<名>
sofisticado	/sofistiˈkado/	/sofistiˈkado/	[sofistiˈkado] 复杂的<形>
jedi	/xˈedi/	/xˈedi/	绝地武士<名>
ano	/ˈano/	/ˈano/	[ˈano] 肛门<名>
manifestación	/manifestaˈθjon/	/manifestaˈθjon/	[/manifestaˈθjon/] 示威游行；表明；显示<noun>
devoción	/deboˈθjon/	/deboˈθjon/	[deboˈθjon] 奉献精神<名>
espectador	/espeɡtaˈdoɾ/	/espeɡtaˈdoɾ/	[espeɡtaˈdoɾ] 旁观者<名>
mango	/ˈmanɡo/	/ˈmanɡo/	[ˈmanɡo] 柄；把手<名>
honrar	/onˈraɾ/	/onˈraɾ/	[/onˈraɾ/] 尊敬；给…以荣誉<verb>
extracción	/eɡstɾaɡˈθjon/	/eɡstɾaɡˈθjon/	[eɡstɾaɡˈθjon] 提取<名>
proveedor	/pɾobeeˈdoɾ/	/pɾobeeˈdoɾ/	[pɾobeeˈdoɾ] 供应商<名>
característico	/kaɾaɡteˈɾistiko/	/kaɾaɡteˈɾistiko/	[kaɾaɡteˈɾistiko] 特点<形>
eliminación	/eliminaˈθjon/	/eliminaˈθjon/	[eliminaˈθjon] 消除<名>
visible	/biˈsible/	/biˈsible/	[biˈsible] 可见的<形>
transformación	/tɾansfoɾmaˈθjon/	/tɾansfoɾmaˈθjon/	[tɾansfoɾmaˈθjon] 转变<名>
himno	/ˈimno/	/ˈimno/	[/ˈimno/] 圣歌，颂歌；国歌<名><noun>
bon	/ˈbon/	/ˈbon/	[ˈbon] 好<形>
municipal	/muniθiˈpal/	/muniθiˈpal/	[muniθiˈpal] 市级<形>
calentar	/kalenˈtaɾ/	/kalenˈtaɾ/	[kalenˈtaɾ] 热身<动>
murciélago	/muɾˈθjelaɡo/	/muɾˈθjelaɡo/	[muɾˈθjelaɡo] 蝙蝠<名>
dactilar	/daɡtiˈlaɾ/	/daɡtiˈlaɾ/	[daɡtiˈlaɾ] 指纹<形>
atómico	/aˈtomiko/	/aˈtomiko/	[aˈtomiko] 原子的<形>
tito	/tito/	/tito/	[[ˈtito]] 叔叔<名>（对父亲朋友的昵称）<noun>
expreso	/eɡsˈpɾeso/	/eɡsˈpɾeso/	[/eɡsˈpɾeso/] 快的<形>；特快列车<名>；浓缩咖啡<名><noun>
jarra	/ˈxara/	/ˈxara/	[ˈxara] 壶<名>
amistoso	/amisˈtoso/	/amisˈtoso/	[amisˈtoso] 友好的<名>
mordido	/moɾˈdido/	/moɾˈdido/	[moɾˈdido] 被咬<形>
gelatina	/xelaˈtina/	/xelaˈtina/	[xelaˈtina] 明胶<名>
chisme	/ˈt͡ʃisme/	/ˈt͡ʃisme/	[ˈt͡ʃisme] 八卦<名>
estrellar	/estɾeˈʝaɾ/	/estɾeˈʝaɾ/	[estɾeˈʝaɾ] 崩溃<动>
corregir	/koreˈxiɾ/	/koreˈxiɾ/	[/koreˈxiɾ/] 改正；纠正<verb>
exagerado	/eɡsaxeˈɾado/	/eɡsaxeˈɾado/	[eɡsaxeˈɾado] 夸张的<名>
cagado	/kaˈɡado/	/kaˈɡado/	[kaˈɡado] 狗屎<形>
balance	/baˈlanθe/	/baˈlanθe/	[baˈlanθe] 平衡<名>
zar	/ˈθaɾ/	/ˈθaɾ/	[ˈθaɾ] 沙皇<名>
usual	/uˈswal/	/uˈswal/	[uˈswal] 平常<形>
exponer	/eɡspoˈneɾ/	/eɡspoˈneɾ/	[eɡspoˈneɾ] 暴露<动>
bah	/ˈba/	/ˈba/	[ˈba] 呸<叹>
beatle	/beˈatle/	/beˈatle/	披头士乐队<名>
sensato	/senˈsato/	/senˈsato/	[senˈsato] 明智的<形>
circulación	/θiɾkulaˈθjon/	/θiɾkulaˈθjon/	[θiɾkulaˈθjon] 循环<名>
conquista	/konˈkista/	/konˈkista/	[konˈkista] 征服<名>
extraer	/eɡstɾaˈeɾ/	/eɡstɾaˈeɾ/	[/eɡstɾaˈeɾ/] 提取；拔出；开采<verb>
hoguera	/oˈɡeɾa/	/oˈɡeɾa/	[oˈɡeɾa] 篝火<名>
celebridad	/θelebɾiˈdad/	/θelebɾiˈdad/	[θelebɾiˈdad] 名人<名>
uy	/ˈui/	/ˈui/	[ˈui] 哎呀<叹>
diputado	/dipuˈtado/	/dipuˈtado/	[/dipuˈtado/] 议员；代表<noun>
polaco	/poˈlako/	/poˈlako/	[poˈlako] 波兰语<名>
negado	/neˈɡado/	/neˈɡado/	[neˈɡado] 被拒绝<形>
complacer	/komplaˈθeɾ/	/komplaˈθeɾ/	[komplaˈθeɾ] 请<名>
resonancia	/resoˈnanθja/	/resoˈnanθja/	[resoˈnanθja] 共振<名>
severo	/seˈbeɾo/	/seˈbeɾo/	[seˈbeɾo] 严重的<形>
tornado	/toɾˈnado/	/toɾˈnado/	[toɾˈnado] 龙卷风<名>
pizca	/ˈpiθka/	/ˈpiθka/	[ˈpiθka] 捏<名>
concentrado	/konθenˈtɾado/	/konθenˈtɾado/	[konθenˈtɾado] 集中<名>
cora	/ˈkoɾa/	/ˈkoɾa/	[ˈkoɾa] 科拉<名>
atlántico	/aˈtlantiko/	/aˈtlantiko/	[aˈtlantiko] 大西洋的<形>
bancarrota	/bankaˈrota/	/bankaˈrota/	[bankaˈrota] 破产<名>
yarda	/ˈʝaɾda/	/ˈʝaɾda/	[/ˈʝaɾda/] 码（长度单位）<noun>
monasterio	/monasˈteɾjo/	/monasˈteɾjo/	[monasˈteɾjo] 修道院<名>
válvula	/ˈbalbula/	/ˈbalbula/	[ˈbalbula] 阀门<名>
casita	/kaˈsita/	/kaˈsita/	[kaˈsita] 小房子<名>
arranque	/aˈranke/	/aˈranke/	[aˈranke] 启动<名>
oral	/oˈɾal/	/oˈɾal/	[oˈɾal] 口头的<形>
bancario	/banˈkaɾjo/	/banˈkaɾjo/	[banˈkaɾjo] 银行业<名>
labial	/laˈbjal/	/laˈbjal/	[laˈbjal] 口红<名>
predecir	/pɾedeˈθiɾ/	/pɾedeˈθiɾ/	[pɾedeˈθiɾ] 预测<动>
abrazar	/abɾaˈθaɾ/	/abɾaˈθaɾ/	[abɾaˈθaɾ] 拥抱<动>
anzuelo	/anˈθwelo/	/anˈθwelo/	[anˈθwelo] 钩子<名>
carnet	/kaɾˈnet/	/kaɾˈnet/	[kaɾˈnet] 卡<名>
rebaño	/reˈbaɲo/	/reˈbaɲo/	[reˈbaɲo] 羊群<名>
mara	/ˈmaɾa/	/ˈmaɾa/	[/ˈmaɾa/] 长耳豚鼠；帮派<noun>
alimentación	/alimentaˈθjon/	/alimentaˈθjon/	[alimentaˈθjon] 喂养<名>
yen	/ˈʝen/	/ˈʝen/	[ˈʝen] 日元<名>
grieta	/ˈɡɾjeta/	/ˈɡɾjeta/	[ˈɡɾjeta] 裂纹<名>
vip	/ˈbip/	/ˈbip/	[ˈbip] 贵宾<名>
agrado	/aˈɡɾado/	/aˈɡɾado/	[/aˈɡɾado/] 喜好；愉快；好感<noun>
ponche	/ˈpont͡ʃe/	/ˈpont͡ʃe/	[/ˈpont͡ʃe/] 潘趣酒；宾治酒<noun>
movida	/moˈbida/	/moˈbida/	[moˈbida] 移动<名>
escoba	/esˈkoba/	/esˈkoba/	[esˈkoba] 扫帚<名>
recado	/reˈkado/	/reˈkado/	[reˈkado] 差事<名>
hipótesis	/iˈpotesis/	/iˈpotesis/	[iˈpotesis] 假设<名>
flora	/ˈfloɾa/	/ˈfloɾa/	[ˈfloɾa] 植物区系<名>
desmayar	/desmaˈʝaɾ/	/desmaˈʝaɾ/	[desmaˈʝaɾ] 昏倒；使昏厥<动>
porción	/poɾˈθjon/	/poɾˈθjon/	[poɾˈθjon] 部分<名>
tostado	/tosˈtado/	/tosˈtado/	[tosˈtado] 烤的<名>
reportaje	/repoɾˈtaxe/	/repoɾˈtaxe/	[repoɾˈtaxe] 报告<名>
necesitado	/neθesiˈtado/	/neθesiˈtado/	[neθesiˈtado] 有需要的<形>
chófer	/ˈt͡ʃofeɾ/	/ˈt͡ʃofeɾ/	[ˈt͡ʃofeɾ] 司机<名>
ofenda	/oˈfenda/	/oˈfenda/	[oˈfenda] 冒犯<名>
redención	/redenˈθjon/	/redenˈθjon/	[redenˈθjon] 救赎<名>
cosmos	/ˈkosmos/	/ˈkosmos/	[ˈkosmos] 宇宙<名>
ramo	/ˈramo/	/ˈramo/	[ˈramo] 花束<名>
producido	/pɾoduˈθido/	/pɾoduˈθido/	[pɾoduˈθido] 产生的<形>
útero	/ˈuteɾo/	/ˈuteɾo/	[ˈuteɾo] 子宫<名>
mayormente	/maˌʝoɾˈmente/	/maˌʝoɾˈmente/	[maˌʝoɾˈmente] 大部分<副>
trey	/tɾˈej/	/tɾˈej/	特雷<名>
apelación	/apelaˈθjon/	/apelaˈθjon/	[apelaˈθjon] 上诉<名>
comprensible	/kompɾenˈsible/	/kompɾenˈsible/	[kompɾenˈsible] 可以理解的<形>
vito	/ˈbito/	/ˈbito/	[/ˈbito/] 维托舞（西班牙一种舞蹈）<名><noun>
pino	/ˈpino/	/ˈpino/	[ˈpino] 松树<名>
índice	/ˈindiθe/	/ˈindiθe/	[ˈindiθe] 指数<名>
ba	/bˈa/	/bˈa/	巴<动>
micro	/ˈmikɾo/	/ˈmikɾo/	[ˈmikɾo] 微<名>
aplastar	/aplasˈtaɾ/	/aplasˈtaɾ/	[aplasˈtaɾ] 压碎；压扁；粉碎<动>
audaz	/auˈdaθ/	/auˈdaθ/	[auˈdaθ] 大胆的；勇敢的；鲁莽的<形>
descargar	/deskaɾˈɡaɾ/	/deskaɾˈɡaɾ/	[deskaɾˈɡaɾ] 下载<动>
apuñalar	/apuɲaˈlaɾ/	/apuɲaˈlaɾ/	[apuɲaˈlaɾ] 刺<动>
animado	/aniˈmado/	/aniˈmado/	[aniˈmado] 热闹的；活跃的；生气勃勃的<形>
norteamericano	/noɾteameɾiˈkano/	/noɾteameɾiˈkano/	[noɾteameɾiˈkano] 北美<名>
metáfora	/meˈtafoɾa/	/meˈtafoɾa/	[meˈtafoɾa] 隐喻<名>
redonda	/reˈdonda/	/reˈdonda/	[reˈdonda] 圆形<名>
derrame	/deˈrame/	/deˈrame/	[deˈrame] 泄漏<名>
espina	/esˈpina/	/esˈpina/	[esˈpina] 刺<名>
frontal	/fɾonˈtal/	/fɾonˈtal/	[fɾonˈtal] 前面<名>
tramposo	/tɾamˈposo/	/tɾamˈposo/	[tɾamˈposo] 骗子<名>
ferry	/ˈferi/	/ˈferi/	[ˈferi] 渡轮<名>
apasionado	/apasjoˈnado/	/apasjoˈnado/	[apasjoˈnado] 热情的<形>
rendimiento	/rendiˈmjento/	/rendiˈmjento/	[rendiˈmjento] 表现<名>
ajustar	/axusˈtaɾ/	/axusˈtaɾ/	[axusˈtaɾ] 调整<动>
escombro	/esˈkombɾo/	/esˈkombɾo/	[esˈkombɾo] 瓦砾<名>
señalar	/seɲaˈlaɾ/	/seɲaˈlaɾ/	[seɲaˈlaɾ] 指出<动>
tercio	/ˈteɾθjo/	/ˈteɾθjo/	[ˈteɾθjo] 第三<名>
bi	/ˈbi/	/ˈbi/	[ˈbi] 比<形>
royal	/roˈʝal/	/roˈʝal/	[/roˈʝal/] 皇家的（西语应为 real）<形><noun>
ahogado	/aoˈɡado/	/aoˈɡado/	[aoˈɡado] 淹死的<名>
legítima	/leˈxitima/	/leˈxitima/	[leˈxitima] 合法的<名>
regazo	/reˈɡaθo/	/reˈɡaθo/	[reˈɡaθo] 膝上；怀<名>
preparativo	/pɾepaɾaˈtibo/	/pɾepaɾaˈtibo/	[pɾepaɾaˈtibo] 准备<形>
poción	/poˈθjon/	/poˈθjon/	[poˈθjon] 药水<名>
diálogo	/ˈdjaloɡo/	/ˈdjaloɡo/	[ˈdjaloɡo] 对话<名>
amargo	/aˈmaɾɡo/	/aˈmaɾɡo/	[aˈmaɾɡo] 苦的<名>
fi	/ˈfi/	/ˈfi/	[/ˈfi/] 呸；表示厌恶或拒绝的感叹声<noun>
interese	/inteˈɾese/	/inteˈɾese/	[/inteˈɾese/] interesar 的虚拟式（他/她/您使感兴趣）<动>；名词应为 interés（兴趣）<noun>
motivación	/motibaˈθjon/	/motibaˈθjon/	[/motibaˈθjon/] 动力；激励；动机说明<名><noun>
rap	/ˈrap/	/ˈrap/	[ˈrap] 说唱<名>
vaticano	/batiˈkano/	/batiˈkano/	[/batiˈkano/] 梵蒂冈的；罗马教廷的<形>（el Vaticano 才指梵蒂冈<名>）<noun>
arrogancia	/aroˈɡanθja/	/aroˈɡanθja/	[aroˈɡanθja] 傲慢<名>
vencida	/benˈθida/	/benˈθida/	[benˈθida] 击败<名>
acabada	/akaˈbada/	/akaˈbada/	[/akaˈbada/] 结束；结局<名><noun>
presidencia	/pɾesiˈdenθja/	/pɾesiˈdenθja/	[pɾesiˈdenθja] 总统职位<名>
curry	/ˈkuri/	/ˈkuri/	[ˈkuri] 咖喱<名>
tarzán	/taɾˈθan/	/taɾˈθan/	[taɾˈθan] 泰山<名>
implicado	/impliˈkado/	/impliˈkado/	[impliˈkado] 涉及<形>
ganso	/ˈɡanso/	/ˈɡanso/	[ˈɡanso] 鹅<名>
peculiar	/pekuˈljaɾ/	/pekuˈljaɾ/	[pekuˈljaɾ] 奇特的<形>
entusiasmado	/entusjasˈmado/	/entusjasˈmado/	[entusjasˈmado] 兴奋<形>
distraído	/distɾaˈido/	/distɾaˈido/	[distɾaˈido] 心烦意乱的<形>
carreta	/kaˈreta/	/kaˈreta/	[kaˈreta] 牛车；大车<名>
mentor	/menˈtoɾ/	/menˈtoɾ/	[menˈtoɾ] 导师<名>
ajuste	/aˈxuste/	/aˈxuste/	[aˈxuste] 调整<名>
consciencia	/konsˈθjenθja/	/konsˈθjenθja/	[konsˈθjenθja] 意识<名>
judas	/ˈxudas/	/ˈxudas/	[ˈxudas] 犹大<名>
observador	/obseɾbaˈdoɾ/	/obseɾbaˈdoɾ/	[obseɾbaˈdoɾ] 观察者<名>
mediana	/meˈdjana/	/meˈdjana/	[meˈdjana] 中等<名>
inmigrante	/immiˈɡɾante/	/immiˈɡɾante/	[immiˈɡɾante] 移民<名>
enfermar	/enfeɾˈmaɾ/	/enfeɾˈmaɾ/	[enfeɾˈmaɾ] 生病<动>
entrabar	/entɾaˈbaɾ/	/entɾaˈbaɾ/	[entɾaˈbaɾ] 阻碍；阻塞；使停滞<动>
medicar	/mediˈkaɾ/	/mediˈkaɾ/	[/mediˈkaɾ/] 医治；给…用药<动><verb>
diseñador	/diseɲaˈdoɾ/	/diseɲaˈdoɾ/	[diseɲaˈdoɾ] 设计师<名>
encerrar	/enθeˈraɾ/	/enθeˈraɾ/	[enθeˈraɾ] 锁起来<动>
alérgico	/aˈleɾxiko/	/aˈleɾxiko/	[aˈleɾxiko] 过敏的<形>
brear	/bɾeˈaɾ/	/bɾeˈaɾ/	[bɾeˈaɾ] 涂焦油；使劳累；痛打<动>
pilas	/ˈpilas/	/ˈpilas/	[ˈpilas] 电池<形>
antibiótico	/antiˈbjotiko/	/antiˈbjotiko/	[antiˈbjotiko] 抗生素<名>
pasto	/ˈpasto/	/ˈpasto/	[ˈpasto] 草<名>
cho	/tʃˈo/	/tʃˈo/	唤鸡声；唤鸡的呼声<叹>
calentamiento	/kalentaˈmjento/	/kalentaˈmjento/	[kalentaˈmjento] 热身<名>
holanda	/olanda/	/olanda/	荷兰<名>
ilegalmente	/ileɣalmente/	/ileɣalmente/	非法地<副>
tractor	/tɾaɡˈtoɾ/	/tɾaɡˈtoɾ/	[tɾaɡˈtoɾ] 拖拉机<名>
ande	/ˈande/	/ˈande/	[ˈande] 步行<副>
compensación	/kompensaˈθjon/	/kompensaˈθjon/	[kompensaˈθjon] 补偿<名>
víbora	/ˈbiboɾa/	/ˈbiboɾa/	[ˈbiboɾa] 毒蛇<名>
inmenso	/imˈmenso/	/imˈmenso/	[imˈmenso] 巨大的<形>
aspirina	/aspiˈɾina/	/aspiˈɾina/	[aspiˈɾina] 阿司匹林<名>
previo	/ˈpɾebjo/	/ˈpɾebjo/	[ˈpɾebjo] 上一个<形>
asociado	/asoˈθjado/	/asoˈθjado/	[asoˈθjado] 同事<名>
tubería	/tubeˈɾia/	/tubeˈɾia/	[tubeˈɾia] 管子<名>
ordinario	/oɾdiˈnaɾjo/	/oɾdiˈnaɾjo/	[oɾdiˈnaɾjo] 普通的<形>
exploración	/eɡsploɾaˈθjon/	/eɡsploɾaˈθjon/	[eɡsploɾaˈθjon] 探索<名>
sueco	/ˈsweko/	/ˈsweko/	[ˈsweko] 瑞典语<名>
tendido	/tenˈdido/	/tenˈdido/	[tenˈdido] 铺设；伸展；躺卧；看台；观众<名>
satán	/saˈtan/	/saˈtan/	撒旦<名>
arquitectura	/aɾkiteɡˈtuɾa/	/aɾkiteɡˈtuɾa/	[aɾkiteɡˈtuɾa] 建筑学<名>
jurar	/xuˈɾaɾ/	/xuˈɾaɾ/	[xuˈɾaɾ] 发誓<动>
veinticinco	/beintiˈθinko/	/beintiˈθinko/	[beintiˈθinko] 二十五<数>
afirmativo	/afiɾmaˈtibo/	/afiɾmaˈtibo/	[afiɾmaˈtibo] 肯定的<形>
carpa	/ˈkaɾpa/	/ˈkaɾpa/	[ˈkaɾpa] 帐篷<名>
comportar	/kompoɾˈtaɾ/	/kompoɾˈtaɾ/	[/kompoɾˈtaɾ/] 意味着；包含（comportarse 才是“表现”）<verb>
intercambiar	/inteɾkamˈbjaɾ/	/inteɾkamˈbjaɾ/	[inteɾkamˈbjaɾ] 交换<动>
perseguido	/peɾseˈɡido/	/peɾseˈɡido/	[peɾseˈɡido] 被追赶<形>
tac	/tˈaθ/	/tˈaθ/	嗒；敲击声<名>
superintendente	/supeɾintenˈdente/	/supeɾintenˈdente/	[supeɾintenˈdente] 主管<名>
empate	/emˈpate/	/emˈpate/	[emˈpate] 平局；平手<名>
inspirado	/inspiˈɾado/	/inspiˈɾado/	[inspiˈɾado] 受到启发<形>
genético	/xeˈnetiko/	/xeˈnetiko/	[xeˈnetiko] 遗传的<形>
mutuo	/ˈmutwo/	/ˈmutwo/	[ˈmutwo] 相互的<形>
lima	/ˈlima/	/ˈlima/	[ˈlima] 石灰<名>
advertido	/adbeɾˈtido/	/adbeɾˈtido/	[adbeɾˈtido] 警告<形>
reparación	/repaɾaˈθjon/	/repaɾaˈθjon/	[repaɾaˈθjon] 修理<名>
desvío	/desˈbio/	/desˈbio/	[desˈbio] 绕道<名>
mezclar	/meθˈklaɾ/	/meθˈklaɾ/	[meθˈklaɾ] 混合<动>
afeitar	/afeiˈtaɾ/	/afeiˈtaɾ/	[afeiˈtaɾ] 刮胡子<动>
conducto	/konˈduɡto/	/konˈduɡto/	[konˈduɡto] 导管<名>
karate	/kaˈɾate/	/kaˈɾate/	[kaˈɾate] 空手道<名>
pirámide	/piˈɾamide/	/piˈɾamide/	[piˈɾamide] 金字塔<名>
morada	/moˈɾada/	/moˈɾada/	[moˈɾada] 住所<名>
familiarizar	/familjaɾiˈθaɾ/	/familjaɾiˈθaɾ/	[familjaɾiˈθaɾ] 熟悉<动>
funeraria	/funeˈɾaɾja/	/funeˈɾaɾja/	[funeˈɾaɾja] 殡仪馆<名>
mercurio	/meɾˈkuɾjo/	/meɾˈkuɾjo/	[meɾˈkuɾjo] 汞<名>
acta	/ˈaɡta/	/ˈaɡta/	[ˈaɡta] 分钟<名>
dieciocho	/djeˈθjot͡ʃo/	/djeˈθjot͡ʃo/	[djeˈθjot͡ʃo] 十八<数>
sexta	/ˈseɡsta/	/ˈseɡsta/	[ˈseɡsta] 第六<名>
diligencia	/diliˈxenθja/	/diliˈxenθja/	[diliˈxenθja] 勤奋<名>
creíble	/kɾeˈible/	/kɾeˈible/	[kɾeˈible] 可信的<形>
bronce	/ˈbɾonθe/	/ˈbɾonθe/	[ˈbɾonθe] 青铜<名>
gravemente	/ˌɡɾabeˈmente/	/ˌɡɾabeˈmente/	[ˌɡɾabeˈmente] 严重地；沉重地<副>
editorial	/editoˈɾjal/	/editoˈɾjal/	[editoˈɾjal] 社论<名>
crié	/ˈkɾje/	/ˈkɾje/	我抚养；我养育<动>
recurrir	/rekuˈriɾ/	/rekuˈriɾ/	[/rekuˈriɾ/] 求助；诉诸；采用<verb>
disfrazado	/disfɾaˈθado/	/disfɾaˈθado/	[disfɾaˈθado] 伪装的<形>
travieso	/tɾaˈbjeso/	/tɾaˈbjeso/	[tɾaˈbjeso] 顽皮的<形>
trapo	/ˈtɾapo/	/ˈtɾapo/	[ˈtɾapo] 抹布<名>
cortés	/koɾˈtes/	/koɾˈtes/	[koɾˈtes] 有礼貌<形>
barbilla	/baɾˈbiʝa/	/baɾˈbiʝa/	[baɾˈbiʝa] 下巴<名>
diplomático	/diploˈmatiko/	/diploˈmatiko/	[diploˈmatiko] 外交官<名>
definir	/defiˈniɾ/	/defiˈniɾ/	[defiˈniɾ] 定义<动>
cancela	/kanˈθela/	/kanˈθela/	[kanˈθela] 取消<名>
agonía	/aɡoˈnia/	/aɡoˈnia/	[aɡoˈnia] 痛苦<名>
ternera	/teɾˈneɾa/	/teɾˈneɾa/	[/teɾˈneɾa/] 小牛肉<名><noun>
pálida	/ˈpalida/	/ˈpalida/	[ˈpalida] 苍白<名>
strike	/ˈstɾaik/	/ˈstɾaik/	[ˈstɾaik] 罢工<名>
peli	/ˈpeli/	/ˈpeli/	[ˈpeli] 电影<名>
klingon	/ˈklinɡon/	/ˈklinɡon/	[ˈklinɡon] 克林贡语<名>
bridge	/ˈbɾit͡ʃ/	/ˈbɾit͡ʃ/	[ˈbɾit͡ʃ] 桥<名>
comporta	/komˈpoɾta/	/komˈpoɾta/	[komˈpoɾta] 表现<名>
consultar	/konsulˈtaɾ/	/konsulˈtaɾ/	[konsulˈtaɾ] 咨询<动>
prototipo	/pɾotoˈtipo/	/pɾotoˈtipo/	[pɾotoˈtipo] 原型<名>
peón	/peˈon/	/peˈon/	[/peˈon/] 雇工；苦力；（国际象棋的）兵<noun>
acampar	/akamˈpaɾ/	/akamˈpaɾ/	[akamˈpaɾ] 露营<动>
exigente	/eɡsiˈxente/	/eɡsiˈxente/	[eɡsiˈxente] 要求严格<形>
chupa	/ˈt͡ʃupa/	/ˈt͡ʃupa/	[/ˈt͡ʃupa/] 吮吸；皮夹克<noun>
justificar	/xustifiˈkaɾ/	/xustifiˈkaɾ/	[xustifiˈkaɾ] 证明合理<动>
madrastra	/maˈdɾastɾa/	/maˈdɾastɾa/	[maˈdɾastɾa] 继母<名>
autoestima	/autoesˈtima/	/autoesˈtima/	[autoesˈtima] 自尊<名>
psicológico	/sikoˈloxiko/	/sikoˈloxiko/	[sikoˈloxiko] 心理的<形>
preparatoria	/pɾepaɾaˈtoɾja/	/pɾepaɾaˈtoɾja/	[pɾepaɾaˈtoɾja] 准备的<名>
programación	/pɾoɡɾamaˈθjon/	/pɾoɡɾamaˈθjon/	[pɾoɡɾamaˈθjon] 编程<名>
árbitro	/ˈaɾbitɾo/	/ˈaɾbitɾo/	[ˈaɾbitɾo] 裁判员<名>
interferencia	/inteɾfeˈɾenθja/	/inteɾfeˈɾenθja/	[inteɾfeˈɾenθja] 干扰<名>
radiante	/raˈdjante/	/raˈdjante/	[raˈdjante] 容光焕发的<形>
altitud	/altiˈtud/	/altiˈtud/	[altiˈtud] 海拔高度<名>
fiar	/ˈfjaɾ/	/ˈfjaɾ/	[/ˈfjaɾ/] 信任；赊账；赊卖<verb>
erupción	/eɾubˈθjon/	/eɾubˈθjon/	[eɾubˈθjon] 皮疹<名>
pony	/ˈponi/	/ˈponi/	[ˈponi] 小马<名>
puntual	/punˈtwal/	/punˈtwal/	[punˈtwal] 准时的<形>
sumo	/ˈsumo/	/ˈsumo/	[/ˈsumo/] 最高的；至高无上的<noun>
brujería	/bɾuxeˈɾia/	/bɾuxeˈɾia/	[bɾuxeˈɾia] 巫术<名>
excitar	/eɡsθiˈtaɾ/	/eɡsθiˈtaɾ/	[eɡsθiˈtaɾ] 激发<动>
impecable	/impeˈkable/	/impeˈkable/	[impeˈkable] 无可挑剔的<形>
casillero	/kasiˈʝeɾo/	/kasiˈʝeɾo/	[kasiˈʝeɾo] 储物柜<名>
presentir	/pɾesenˈtiɾ/	/pɾesenˈtiɾ/	[/pɾesenˈtiɾ/] 预感；预知<verb>
bocadillo	/bokaˈdiʝo/	/bokaˈdiʝo/	[bokaˈdiʝo] 三明治<名>
aurora	/auˈɾoɾa/	/auˈɾoɾa/	[/auˈɾoɾa/] 黎明；曙光<名><noun>
pasatiempo	/pasaˈtjempo/	/pasaˈtjempo/	[pasaˈtjempo] 爱好<名>
rastreador	/rastɾeaˈdoɾ/	/rastɾeaˈdoɾ/	[rastɾeaˈdoɾ] 追踪器<名>
sanguíneo	/sanˈɡineo/	/sanˈɡineo/	[/sanˈɡineo/] 血液的；多血质的<adj>
realeza	/reaˈleθa/	/reaˈleθa/	[/reaˈleθa/] 王室；王族<noun>
agotador	/aɡotaˈdoɾ/	/aɡotaˈdoɾ/	[aɡotaˈdoɾ] 筋疲力尽<形>
sorprendentemente	/soɾpɾenˌdenteˈmente/	/soɾpɾenˌdenteˈmente/	[soɾpɾenˌdenteˈmente] 令人惊讶地<副>
circular	/θiɾkuˈlaɾ/	/θiɾkuˈlaɾ/	[θiɾkuˈlaɾ] 圆形<名>
acompañado	/akompaˈɲado/	/akompaˈɲado/	[akompaˈɲado] 陪伴<名>
pizarra	/piˈθara/	/piˈθara/	[piˈθara] 黑板<名>
vitamina	/bitaˈmina/	/bitaˈmina/	[bitaˈmina] 维生素<名>
beta	/ˈbeta/	/ˈbeta/	[ˈbeta] 贝塔<名>
panza	/ˈpanθa/	/ˈpanθa/	[ˈpanθa] 肚子<名>
chistoso	/t͡ʃisˈtoso/	/t͡ʃisˈtoso/	[t͡ʃisˈtoso] 有趣的<名>
chupar	/t͡ʃuˈpaɾ/	/t͡ʃuˈpaɾ/	[t͡ʃuˈpaɾ] 吸<动>
neutral	/neuˈtɾal/	/neuˈtɾal/	[neuˈtɾal] 中立的<形>
ingenua	/inˈxenwa/	/inˈxenwa/	[inˈxenwa] 天真的<名>
extinción	/eɡstinˈθjon/	/eɡstinˈθjon/	[eɡstinˈθjon] 灭绝<名>
completado	/kompleˈtado/	/kompleˈtado/	[kompleˈtado] 已完成<形>
repartir	/repaɾˈtiɾ/	/repaɾˈtiɾ/	[repaɾˈtiɾ] 分发<动>
escotilla	/eskoˈtiʝa/	/eskoˈtiʝa/	[/eskoˈtiʝa/] 舱口；舱口盖<noun>
trineo	/tɾiˈneo/	/tɾiˈneo/	[tɾiˈneo] 雪橇<名>
foco	/ˈfoko/	/ˈfoko/	[ˈfoko] 焦点<名>
considerable	/konsideˈɾable/	/konsideˈɾable/	[konsideˈɾable] 相当大的<形>
comunitario	/komuniˈtaɾjo/	/komuniˈtaɾjo/	[komuniˈtaɾjo] 社区<形>
encendedor	/enθendeˈdoɾ/	/enθendeˈdoɾ/	[enθendeˈdoɾ] 打火机<名>
nochebuena	/notʃebuˈena/	/notʃebuˈena/	平安夜<名>
catedral	/kateˈdɾal/	/kateˈdɾal/	[kateˈdɾal] 大教堂<名>
atrasado	/atɾaˈsado/	/atɾaˈsado/	[atɾaˈsado] 迟到了<形>
peluquería	/pelukeˈɾia/	/pelukeˈɾia/	[/pelukeˈɾia/] 理发店；理发业<noun>
concha	/ˈkont͡ʃa/	/ˈkont͡ʃa/	[ˈkont͡ʃa] 外壳<名>
higiénico	/iˈxjeniko/	/iˈxjeniko/	[iˈxjeniko] 卫生的<形>
maratón	/maɾaˈton/	/maɾaˈton/	[maɾaˈton] 马拉松<名>
consultorio	/konsulˈtoɾjo/	/konsulˈtoɾjo/	[konsulˈtoɾjo] 办公室<名>
relámpago	/reˈlampaɡo/	/reˈlampaɡo/	[reˈlampaɡo] 闪电<名>
esponja	/esˈponxa/	/esˈponxa/	[esˈponxa] 海绵<名>
naranjas	/naˈɾanxas/	/naˈɾanxas/	[naˈɾanxas] 橙子<代>
públicamente	/ˌpublikaˈmente/	/ˌpublikaˈmente/	[ˌpublikaˈmente] 公开<副>
samurai	/samaˈɾaj/	/samaˈɾaj/	武士<名>
intensidad	/intensiˈdad/	/intensiˈdad/	[intensiˈdad] 强度<名>
mudanza	/muˈdanθa/	/muˈdanθa/	[muˈdanθa] 移动<名>
tinto	/ˈtinto/	/ˈtinto/	[ˈtinto] 红色<名>
pilar	/piˈlaɾ/	/piˈlaɾ/	[piˈlaɾ] 支柱<名>
honra	/ˈonra/	/ˈonra/	[ˈonra] 荣誉<名>
viola	/ˈbjola/	/ˈbjola/	[ˈbjola] 中提琴<名>
expansión	/eɡspanˈsjon/	/eɡspanˈsjon/	[eɡspanˈsjon] 扩张<名>
reposo	/reˈposo/	/reˈposo/	[reˈposo] 休息<名>
revolucionario	/reboluθjoˈnaɾjo/	/reboluθjoˈnaɾjo/	[reboluθjoˈnaɾjo] 革命性的<名>
estima	/esˈtima/	/esˈtima/	[esˈtima] 尊重<名>
codicia	/koˈdiθja/	/koˈdiθja/	[koˈdiθja] 贪婪<名>
light	/ˈlait/	/ˈlait/	[/ˈlait/] 低热量的；轻型的<adj>
adecuadamente	/adeˌkwadaˈmente/	/adeˌkwadaˈmente/	[adeˌkwadaˈmente] 正确地<副>
convicto	/komˈbiɡto/	/komˈbiɡto/	[komˈbiɡto] 被定罪的<名>
decencia	/deˈθenθja/	/deˈθenθja/	[deˈθenθja] 正派<名>
reventar	/rebenˈtaɾ/	/rebenˈtaɾ/	[rebenˈtaɾ] 爆发<动>
calificación	/kalifikaˈθjon/	/kalifikaˈθjon/	[kalifikaˈθjon] 评级<名>
originalmente	/oɾixiˌnalˈmente/	/oɾixiˌnalˈmente/	[oɾixiˌnalˈmente] 本来<副>
conmovedor	/kommobeˈdoɾ/	/kommobeˈdoɾ/	[/kommobeˈdoɾ/] 感人的；动人的<adj>
anotar	/anoˈtaɾ/	/anoˈtaɾ/	[anoˈtaɾ] 写下<动>
aprendizaje	/apɾendiˈθaxe/	/apɾendiˈθaxe/	[apɾendiˈθaxe] 学习<名>
chocar	/t͡ʃoˈkaɾ/	/t͡ʃoˈkaɾ/	[t͡ʃoˈkaɾ] 崩溃<动>
pinza	/ˈpinθa/	/ˈpinθa/	[ˈpinθa] 夹子<名>
histérico	/isˈteɾiko/	/isˈteɾiko/	[isˈteɾiko] 歇斯底里的<形>
alférez	/alˈfeɾeθ/	/alˈfeɾeθ/	[alˈfeɾeθ] 少尉<名>
carnada	/kaɾˈnada/	/kaɾˈnada/	[kaɾˈnada] 诱饵<名>
esfera	/esˈfeɾa/	/esˈfeɾa/	[esˈfeɾa] 球体<名>
encantados	/enkanˈtados/	/enkanˈtados/	[enkanˈtados] 高兴<名>
deceno	/deˈθeno/	/deˈθeno/	[/deˈθeno/] décimo 第十的<adj>
abiertamente	/aˌbjeɾtaˈmente/	/aˌbjeɾtaˈmente/	[aˌbjeɾtaˈmente] 公开地<副>
defensiva	/defenˈsiba/	/defenˈsiba/	[defenˈsiba] 防御性的<名>
anestesia	/anesˈtesja/	/anesˈtesja/	[anesˈtesja] 麻醉<名>
alcaide	/alˈkaide/	/alˈkaide/	[alˈkaide] 典狱长<名>
arsenal	/aɾseˈnal/	/aɾseˈnal/	[aɾseˈnal] 兵工厂<名>
monseñor	/monseˈɲoɾ/	/monseˈɲoɾ/	[monseˈɲoɾ] 主教<名>
composición	/komposiˈθjon/	/komposiˈθjon/	[komposiˈθjon] 组成<名>
latido	/laˈtido/	/laˈtido/	[laˈtido] 心跳<名>
dilema	/diˈlema/	/diˈlema/	[/diˈlema/] 两难；进退两难<名><noun>
librar	/liˈbɾaɾ/	/liˈbɾaɾ/	[/liˈbɾaɾ/] 解放；使摆脱；进行（战斗）<verb>
talentoso	/talenˈtoso/	/talenˈtoso/	[talenˈtoso] 有才华的<形>
aguante	/aˈɡwante/	/aˈɡwante/	[aˈɡwante] 耐力<名>
revelado	/rebeˈlado/	/rebeˈlado/	[rebeˈlado] 透露<名>
paranoia	/paɾaˈnoja/	/paɾaˈnoja/	[paɾaˈnoja] 偏执狂<名>
manuscrito	/manusˈkɾito/	/manusˈkɾito/	[manusˈkɾito] 手稿<名>
omega	/oˈmeɡa/	/oˈmeɡa/	[oˈmeɡa] 欧米茄<名>
comodidad	/komodiˈdad/	/komodiˈdad/	[komodiˈdad] 舒适度<名>
eje	/ˈexe/	/ˈexe/	[ˈexe] 轴<名>
transferir	/tɾansfeˈɾiɾ/	/tɾansfeˈɾiɾ/	[tɾansfeˈɾiɾ] 转移<动>
pistolero	/pistoˈleɾo/	/pistoˈleɾo/	[pistoˈleɾo] 枪手<名>
estropear	/estɾopeˈaɾ/	/estɾopeˈaɾ/	[estɾopeˈaɾ] 破坏<动>
compadre	/komˈpadɾe/	/komˈpadɾe/	[/komˈpadɾe/] 教父；密友<名><noun>
legión	/leˈxjon/	/leˈxjon/	[leˈxjon] 军团<名>
vivienda	/biˈbjenda/	/biˈbjenda/	[biˈbjenda] 住房<名>
volador	/bolaˈdoɾ/	/bolaˈdoɾ/	[bolaˈdoɾ] 飞行<名>
sellado	/seˈʝado/	/seˈʝado/	[seˈʝado] 密封的<形>
entendimiento	/entendiˈmjento/	/entendiˈmjento/	[entendiˈmjento] 理解<名>
interrupción	/interubˈθjon/	/interubˈθjon/	[interubˈθjon] 中断<名>
credibilidad	/kɾedibiliˈdad/	/kɾedibiliˈdad/	[kɾedibiliˈdad] 可信度<名>
preliminar	/pɾelimiˈnaɾ/	/pɾelimiˈnaɾ/	[pɾelimiˈnaɾ] 初步的<形>
detonador	/detonaˈdoɾ/	/detonaˈdoɾ/	[detonaˈdoɾ] 雷管<名>
puntuación	/puntwaˈθjon/	/puntwaˈθjon/	[puntwaˈθjon] 分数<名>
víspera	/ˈbispeɾa/	/ˈbispeɾa/	[ˈbispeɾa] 前夕<名>
penique	/peˈnike/	/peˈnike/	[peˈnike] 便士<名>
amnesia	/amˈnesja/	/amˈnesja/	[amˈnesja] 失忆症<名>
lujuria	/luˈxuɾja/	/luˈxuɾja/	[luˈxuɾja] 欲望<名>
lancha	/ˈlant͡ʃa/	/ˈlant͡ʃa/	[ˈlant͡ʃa] 船<名>
vice	/ˈbiθe/	/ˈbiθe/	恶习<名>
mezclado	/meθˈklado/	/meθˈklado/	[meθˈklado] 混合的<形>
fundador	/fundaˈdoɾ/	/fundaˈdoɾ/	[fundaˈdoɾ] 创始人<名>
contribución	/kontɾibuˈθjon/	/kontɾibuˈθjon/	[kontɾibuˈθjon] 贡献<名>
agricultura	/aɡɾikulˈtuɾa/	/aɡɾikulˈtuɾa/	[aɡɾikulˈtuɾa] 农业<名>
terco	/ˈteɾko/	/ˈteɾko/	[ˈteɾko] 固执的<形>
paramédico	/paɾaˈmediko/	/paɾaˈmediko/	[paɾaˈmediko] 护理人员<名>
tarifa	/taˈɾifa/	/taˈɾifa/	[taˈɾifa] 率<名>
parroquia	/paˈrokja/	/paˈrokja/	[paˈrokja] 教区<名>
sapo	/ˈsapo/	/ˈsapo/	[ˈsapo] 蟾蜍<名>
reich	/ˈraix/	/ˈraix/	[/ˈraix/] 帝国；德意志帝国<noun>
trompeta	/tɾomˈpeta/	/tɾomˈpeta/	[tɾomˈpeta] 小号<名>
granado	/ɡɾaˈnado/	/ɡɾaˈnado/	[ɡɾaˈnado] 石榴<名>
transportar	/tɾanspoɾˈtaɾ/	/tɾanspoɾˈtaɾ/	[tɾanspoɾˈtaɾ] 运输<动>
donar	/doˈnaɾ/	/doˈnaɾ/	[doˈnaɾ] 捐赠<动>
confundir	/konfunˈdiɾ/	/konfunˈdiɾ/	[konfunˈdiɾ] 混淆<动>
republicano	/republiˈkano/	/republiˈkano/	[republiˈkano] 共和党的<名>
zanahoria	/θanaˈoɾja/	/θanaˈoɾja/	[θanaˈoɾja] 胡萝卜<名>
creciente	/kɾeˈθjente/	/kɾeˈθjente/	[kɾeˈθjente] 成长中<名>
golpeo	/ɡolˈpeo/	/ɡolˈpeo/	[/ɡolˈpeo/] 敲击；叩击<名><noun>
adoptado	/adobˈtado/	/adobˈtado/	[/adobˈtado/] 被收养的；养子<noun>
automáticamente	/autoˌmatikaˈmente/	/autoˌmatikaˈmente/	[autoˌmatikaˈmente] 自动地<副>
búfalo	/ˈbufalo/	/ˈbufalo/	[ˈbufalo] 水牛<名>
horca	/ˈoɾka/	/ˈoɾka/	[ˈoɾka] 绞刑架<名>
narrador	/naraˈdoɾ/	/naraˈdoɾ/	[naraˈdoɾ] 叙述者<名>
intacto	/inˈtaɡto/	/inˈtaɡto/	[inˈtaɡto] 完好无损<形>
pego	/ˈpeɡo/	/ˈpeɡo/	[ˈpeɡo] 击中<名>
preservar	/pɾeseɾˈbaɾ/	/pɾeseɾˈbaɾ/	[pɾeseɾˈbaɾ] 保存<动>
occidente	/oɡθiˈdente/	/oɡθiˈdente/	[oɡθiˈdente] 西<名>
choco	/ˈt͡ʃoko/	/ˈt͡ʃoko/	[ˈt͡ʃoko] 崩溃<名>
trance	/ˈtɾanθe/	/ˈtɾanθe/	[ˈtɾanθe] 恍惚<名>
col	/ˈkol/	/ˈkol/	[ˈkol] 卷心菜<名>
recipiente	/reθiˈpjente/	/reθiˈpjente/	[reθiˈpjente] 容器<名>
negación	/neɡaˈθjon/	/neɡaˈθjon/	[neɡaˈθjon] 否认<名>
entretenido	/entɾeteˈnido/	/entɾeteˈnido/	[entɾeteˈnido] 有趣的<形>
silbato	/silˈbato/	/silˈbato/	[silˈbato] 口哨<名>
plátano	/ˈplatano/	/ˈplatano/	[ˈplatano] 香蕉<名>
pitido	/piˈtido/	/piˈtido/	[piˈtido] 嘟嘟声<名>
instructor	/instɾuɡˈtoɾ/	/instɾuɡˈtoɾ/	[instɾuɡˈtoɾ] 导师<名>
cursi	/ˈkuɾsi/	/ˈkuɾsi/	[ˈkuɾsi] 俗气的<形>
cereza	/θeˈɾeθa/	/θeˈɾeθa/	[θeˈɾeθa] 樱桃<名>
liza	/ˈliθa/	/ˈliθa/	[/ˈliθa/] 战斗；搏斗；竞赛<noun>
inversor	/imbeɾˈsoɾ/	/imbeɾˈsoɾ/	[imbeɾˈsoɾ] 投资者<名>
ventilador	/bentilaˈdoɾ/	/bentilaˈdoɾ/	[bentilaˈdoɾ] 风扇<名>
ofensivo	/ofenˈsibo/	/ofenˈsibo/	[ofenˈsibo] 进攻性的<形>
falsificación	/falsifikaˈθjon/	/falsifikaˈθjon/	[falsifikaˈθjon] 假货<名>
conserva	/konˈseɾba/	/konˈseɾba/	[konˈseɾba] 蜜饯<名>
armamento	/aɾmaˈmento/	/aɾmaˈmento/	[aɾmaˈmento] 武器装备<名>
chin	/ˈt͡ʃin/	/ˈt͡ʃin/	[ˈt͡ʃin] 下巴<名>
chelín	/t͡ʃeˈlin/	/t͡ʃeˈlin/	[t͡ʃeˈlin] 先令<名>
futbol	/fudˈbol/	/fudˈbol/	[fudˈbol] 足球<名>
libreta	/liˈbɾeta/	/liˈbɾeta/	[liˈbɾeta] 笔记本<名>
látigo	/ˈlatiɡo/	/ˈlatiɡo/	[ˈlatiɡo] 鞭子<名>
admisión	/admiˈsjon/	/admiˈsjon/	[admiˈsjon] 入场<名>
póker	/ˈpokeɾ/	/ˈpokeɾ/	[ˈpokeɾ] 扑克<名>
subtitulado	/subtituˈlado/	/subtituˈlado/	[subtituˈlado] 有副标题的<形>
europeo	/euɾoˈpeo/	/euɾoˈpeo/	[euɾoˈpeo] 欧洲的<名>
cariñoso	/kaɾiˈɲoso/	/kaɾiˈɲoso/	[kaɾiˈɲoso] 深情的<形>
fluir	/ˈflwiɾ/	/ˈflwiɾ/	[/ˈflwiɾ/] 流动；流出<verb>
madriza	/maˈdɾiθa/	/maˈdɾiθa/	[/maˈdɾiθa/] 继母<noun>
aproximar	/apɾoɡsiˈmaɾ/	/apɾoɡsiˈmaɾ/	[apɾoɡsiˈmaɾ] 近似<动>
fabricar	/fabɾiˈkaɾ/	/fabɾiˈkaɾ/	[fabɾiˈkaɾ] 制造；生产<动>
clavado	/klaˈbado/	/klaˈbado/	[klaˈbado] 钉牢<名>
tender	/tenˈdeɾ/	/tenˈdeɾ/	[/tenˈdeɾ/] 铺开，晾晒<动>；tender a 倾向于<动><verb>
doctorado	/doɡtoˈɾado/	/doɡtoˈɾado/	[doɡtoˈɾado] 博士学位<名>
pureza	/puˈɾeθa/	/puˈɾeθa/	[puˈɾeθa] 纯度<名>
entrante	/enˈtɾante/	/enˈtɾante/	[/enˈtɾante/] 即将到来的；开胃菜<adj>
jacuzzi	/xakˈuθθi/	/xakˈuθθi/	按摩浴缸<名>
agudo	/aˈɡudo/	/aˈɡudo/	[aˈɡudo] 锋利的<形>
longitud	/lonxiˈtud/	/lonxiˈtud/	[lonxiˈtud] 长度<名>
portar	/poɾˈtaɾ/	/poɾˈtaɾ/	[poɾˈtaɾ] 携带<动>
corrido	/koˈrido/	/koˈrido/	[/koˈrido/] 墨西哥民歌；奔跑的<noun>
sabroso	/saˈbɾoso/	/saˈbɾoso/	[saˈbɾoso] 好吃<形>
aprieto	/aˈpɾjeto/	/aˈpɾjeto/	[aˈpɾjeto] 挤压<名>
eficaz	/efiˈkaθ/	/efiˈkaθ/	[efiˈkaθ] 有效的<形>
marquesa	/maɾˈkesa/	/maɾˈkesa/	[/maɾˈkesa/] 侯爵夫人；女侯爵<noun>
etcétera	/etˈθeteɾa/	/etˈθeteɾa/	[etˈθeteɾa] 等等<名>
grifo	/ˈɡɾifo/	/ˈɡɾifo/	[ˈɡɾifo] 水龙头<名>
psíquico	/ˈsikiko/	/ˈsikiko/	[/ˈsikiko/] 精神的，心理的<形><adj>
votante	/boˈtante/	/boˈtante/	[boˈtante] 选民<名>
remordimiento	/remoɾdiˈmjento/	/remoɾdiˈmjento/	[remoɾdiˈmjento] 悔恨<名>
sultán	/sulˈtan/	/sulˈtan/	[sulˈtan] 苏丹<名>
anular	/anuˈlaɾ/	/anuˈlaɾ/	[anuˈlaɾ] 废除<名>
carpeta	/kaɾˈpeta/	/kaɾˈpeta/	[kaɾˈpeta] 文件夹<名>
hundir	/unˈdiɾ/	/unˈdiɾ/	[/unˈdiɾ/] 使沉没；使下沉；使陷入<verb>
desmayado	/desmaˈʝado/	/desmaˈʝado/	[/desmaˈʝado/] 昏倒的，晕厥的<形><adj>
siniestro	/siˈnjestɾo/	/siˈnjestɾo/	[siˈnjestɾo] 险恶的<名>
rogar	/roˈɡaɾ/	/roˈɡaɾ/	[roˈɡaɾ] 乞求<动>
excitado	/eɡsθiˈtado/	/eɡsθiˈtado/	[eɡsθiˈtado] 兴奋<形>
opio	/ˈopjo/	/ˈopjo/	[ˈopjo] 鸦片<名>
hidrógeno	/iˈdɾoxeno/	/iˈdɾoxeno/	[iˈdɾoxeno] 氢<名>
tic	/ˈtik/	/ˈtik/	[/ˈtik/] 抽搐；痉挛；习惯性动作<noun>
significativo	/siɡnifikaˈtibo/	/siɡnifikaˈtibo/	[siɡnifikaˈtibo] 重要的<形>
telescopio	/telesˈkopjo/	/telesˈkopjo/	[telesˈkopjo] 望远镜<名>
jaque	/ˈxake/	/ˈxake/	[/ˈxake/] 将军；威胁<noun>
ría	/ˈria/	/ˈria/	[ˈria] 河口<名>
alterar	/alteˈɾaɾ/	/alteˈɾaɾ/	[alteˈɾaɾ] 改变<动>
flauta	/ˈflauta/	/ˈflauta/	[ˈflauta] 长笛<名>
estante	/esˈtante/	/esˈtante/	[esˈtante] 架子<名>
milicia	/miˈliθja/	/miˈliθja/	[miˈliθja] 民兵<名>
trasplante	/tɾasˈplante/	/tɾasˈplante/	[tɾasˈplante] 移植<名>
animar	/aniˈmaɾ/	/aniˈmaɾ/	[aniˈmaɾ] 鼓励<动>
jama	/ˈxama/	/ˈxama/	[/ˈxama/] 宴会；聚会；狂欢<noun>
módulo	/ˈmodulo/	/ˈmodulo/	[ˈmodulo] 模块<名>
dorar	/doˈɾaɾ/	/doˈɾaɾ/	[/doˈɾaɾ/] 镀金；使呈金黄色；煎黄<verb>
convencional	/kombenθjoˈnal/	/kombenθjoˈnal/	[kombenθjoˈnal] 常规的<形>
desarmado	/desaɾˈmado/	/desaɾˈmado/	[desaɾˈmado] 解除武装<形>
enseñanza	/enseˈɲanθa/	/enseˈɲanθa/	[enseˈɲanθa] 教学<名>
contestador	/kontestaˈdoɾ/	/kontestaˈdoɾ/	[kontestaˈdoɾ] 应答机<名>
rellenar	/reʝeˈnaɾ/	/reʝeˈnaɾ/	[reʝeˈnaɾ] 填充<动>
verdugo	/beɾˈduɡo/	/beɾˈduɡo/	[beɾˈduɡo] 刽子手<名>
manteca	/manˈteka/	/manˈteka/	[/manˈteka/] 猪油；油脂<名><noun>
curvo	/ˈkuɾbo/	/ˈkuɾbo/	[ˈkuɾbo] 弯曲的<形>
cúpula	/ˈkupula/	/ˈkupula/	[ˈkupula] 圆顶<名>
veto	/ˈbeto/	/ˈbeto/	[ˈbeto] 否决权<名>
póliza	/ˈpoliθa/	/ˈpoliθa/	[/ˈpoliθa/] 保险单；保单<noun>
retener	/reteˈneɾ/	/reteˈneɾ/	[reteˈneɾ] 保留<动>
jubilación	/xubilaˈθjon/	/xubilaˈθjon/	[xubilaˈθjon] 退休<名>
mineral	/mineˈɾal/	/mineˈɾal/	[mineˈɾal] 矿物<名>
fluido	/ˈflwido/	/ˈflwido/	[ˈflwido] 流体<名>
estofado	/estoˈfado/	/estoˈfado/	[estoˈfado] 炖菜<名>
capucha	/kaˈput͡ʃa/	/kaˈput͡ʃa/	[kaˈput͡ʃa] 引擎盖<名>
maternidad	/mateɾniˈdad/	/mateɾniˈdad/	[/mateɾniˈdad/] 母性；母亲身份；产科<noun>
disney	/ˈdisnei/	/ˈdisnei/	[ˈdisnei] 迪士尼<名>
resurrección	/resureɡˈθjon/	/resureɡˈθjon/	[resureɡˈθjon] 复活<名>
muslo	/ˈmuslo/	/ˈmuslo/	[ˈmuslo] 大腿<名>
pecador	/pekaˈdoɾ/	/pekaˈdoɾ/	[pekaˈdoɾ] 罪人<名>
avena	/aˈbena/	/aˈbena/	[aˈbena] 燕麦<名>
nerd	/ˈneɾd/	/ˈneɾd/	[ˈneɾd] 书呆子<名>
popa	/ˈpopa/	/ˈpopa/	[ˈpopa] 船尾<名>
salio	/saˈlio/	/saˈlio/	出来了<名>
ruidoso	/rwiˈdoso/	/rwiˈdoso/	[rwiˈdoso] 吵闹的<形>
disgustado	/disɡusˈtado/	/disɡusˈtado/	[disɡusˈtado] 厌恶<形>
reforma	/reˈfoɾma/	/reˈfoɾma/	[reˈfoɾma] 改革<名>
recreo	/reˈkɾeo/	/reˈkɾeo/	[reˈkɾeo] 课间休息<名>
nop	/ˈnop/	/ˈnop/	[ˈnop] 不，不<叹>
anomalía	/anomaˈlia/	/anomaˈlia/	[anomaˈlia] 异常<名>
cucaracha	/kukaˈɾat͡ʃa/	/kukaˈɾat͡ʃa/	[kukaˈɾat͡ʃa] 蟑螂<名>
caviar	/kaˈbjaɾ/	/kaˈbjaɾ/	[kaˈbjaɾ] 鱼子酱<名>
abordar	/aboɾˈdaɾ/	/aboɾˈdaɾ/	[aboɾˈdaɾ] 处理；着手(问题)<动>
buscador	/buskaˈdoɾ/	/buskaˈdoɾ/	[buskaˈdoɾ] 搜索引擎<名>
celeste	/θeˈleste/	/θeˈleste/	[θeˈleste] 浅蓝色<名>
matemático	/mateˈmatiko/	/mateˈmatiko/	[mateˈmatiko] 数学家<名>
descenso	/desˈθenso/	/desˈθenso/	[desˈθenso] 血统<名>
brote	/ˈbɾote/	/ˈbɾote/	[ˈbɾote] 发芽<名>
tributo	/tɾiˈbuto/	/tɾiˈbuto/	[/tɾiˈbuto/] 贡品；贡税；致敬<noun>
arterial	/aɾteˈɾjal/	/aɾteˈɾjal/	[aɾteˈɾjal] 动脉的<形>
filtro	/ˈfiltɾo/	/ˈfiltɾo/	[ˈfiltɾo] 过滤器<名>
denunciar	/denunˈθjaɾ/	/denunˈθjaɾ/	[denunˈθjaɾ] 报告<动>
ace	/ˈeis/	/ˈeis/	[/ˈeis/] 王牌；能手；佼佼者<noun>
maquinaria	/makiˈnaɾja/	/makiˈnaɾja/	[makiˈnaɾja] 机械<名>
reglamento	/reɡlaˈmento/	/reɡlaˈmento/	[reɡlaˈmento] 监管<名>
invencible	/imbenˈθible/	/imbenˈθible/	[imbenˈθible] 无敌的<形>
extrañamente	/estɾaˈɲamente/	/estɾaˈɲamente/	奇怪地<副>
lamentar	/lamenˈtaɾ/	/lamenˈtaɾ/	[lamenˈtaɾ] 遗憾<动>
bikini	/biˈkini/	/biˈkini/	[biˈkini] 比基尼<名>
fidelidad	/fideliˈdad/	/fideliˈdad/	[fideliˈdad] 保真度<名>
nuera	/ˈnweɾa/	/ˈnweɾa/	[ˈnweɾa] 儿媳妇<名>
farol	/faˈɾol/	/faˈɾol/	[/faˈɾol/] 灯笼；虚张声势<noun>
colada	/koˈlada/	/koˈlada/	[koˈlada] 洗衣<名>
alergia	/aˈleɾxja/	/aˈleɾxja/	[aˈleɾxja] 过敏<名>
impostor	/imposˈtoɾ/	/imposˈtoɾ/	[imposˈtoɾ] 冒名顶替者<名>
convoy	/komˈboi/	/komˈboi/	[komˈboi] 车队<名>
equivalente	/ekibaˈlente/	/ekibaˈlente/	[ekibaˈlente] 同等<形>
curo	/ˈkuɾo/	/ˈkuɾo/	[/ˈkuɾo/] （我）治愈；curar 的第一人称单数现在时<noun>
arrepentimiento	/arepentiˈmjento/	/arepentiˈmjento/	[arepentiˈmjento] 遗憾<名>
balística	/baˈlistika/	/baˈlistika/	[baˈlistika] 弹道学<名>
brújula	/ˈbɾuxula/	/ˈbɾuxula/	[ˈbɾuxula] 指南针<名>
contaminación	/kontaminaˈθjon/	/kontaminaˈθjon/	[kontaminaˈθjon] 污染<名>
scout	/ˈskaut/	/ˈskaut/	[ˈskaut] 侦察兵<名>
irritante	/iriˈtante/	/iriˈtante/	[iriˈtante] 令人恼火的<名>
insolente	/insoˈlente/	/insoˈlente/	[insoˈlente] 无礼的<形>
cascos	/ˈkaskos/	/ˈkaskos/	[ˈkaskos] 头盔<名>
cobro	/ˈkobɾo/	/ˈkobɾo/	[ˈkobɾo] 收费<名>
minero	/miˈneɾo/	/miˈneɾo/	[miˈneɾo] 矿工<名>
secta	/ˈseɡta/	/ˈseɡta/	[ˈseɡta] 教派<名>
gitano	/xiˈtano/	/xiˈtano/	[xiˈtano] 吉普赛人<名>
humillado	/umiˈʝado/	/umiˈʝado/	[umiˈʝado] 被羞辱的<形>
graduado	/ɡɾaˈdwado/	/ɡɾaˈdwado/	[ɡɾaˈdwado] 毕业生<名>
burlar	/buɾˈlaɾ/	/buɾˈlaɾ/	[/buɾˈlaɾ/] 嘲弄；愚弄；躲避；规避<verb>
diarrea	/djaˈrea/	/djaˈrea/	[djaˈrea] 腹泻<名>
acosador	/akosaˈdoɾ/	/akosaˈdoɾ/	[akosaˈdoɾ] 跟踪者<名>
sangriento	/sanˈɡɾjento/	/sanˈɡɾjento/	[sanˈɡɾjento] 血淋淋的<形>
orlar	/oɾˈlaɾ/	/oɾˈlaɾ/	[/oɾˈlaɾ/] 镶边；饰边<verb>
prejuicio	/pɾeˈxwiθjo/	/pɾeˈxwiθjo/	[pɾeˈxwiθjo] 偏见<名>
permanentemente	/peɾmaˌnenteˈmente/	/peɾmaˌnenteˈmente/	[peɾmaˌnenteˈmente] 永久地<副>
roble	/ˈroble/	/ˈroble/	[ˈroble] 橡木<名>
quinientos	/kiˈnjentos/	/kiˈnjentos/	[kiˈnjentos] 五百<数>
fresa	/ˈfɾesa/	/ˈfɾesa/	[ˈfɾesa] 草莓<名>
regularmente	/reˌɡulaɾˈmente/	/reˌɡulaɾˈmente/	[reˌɡulaɾˈmente] 定期<副>
zumbido	/θumˈbido/	/θumˈbido/	[θumˈbido] 嗡嗡声<名>
bribón	/bɾiˈbon/	/bɾiˈbon/	[bɾiˈbon] 流氓<名>
cólera	/ˈkoleɾa/	/ˈkoleɾa/	[ˈkoleɾa] 愤怒<名>
magistrado	/maxisˈtɾado/	/maxisˈtɾado/	[maxisˈtɾado] 地方法官<名>
reconstrucción	/rekonstɾuɡˈθjon/	/rekonstɾuɡˈθjon/	[rekonstɾuɡˈθjon] 重建<名>
vara	/ˈbaɾa/	/ˈbaɾa/	[ˈbaɾa] 杆<名>
discoteca	/diskoˈteka/	/diskoˈteka/	[diskoˈteka] 迪斯科<名>
fastidio	/fasˈtidjo/	/fasˈtidjo/	[fasˈtidjo] 烦恼<名>
lavadora	/labaˈdoɾa/	/labaˈdoɾa/	[labaˈdoɾa] 洗衣机<名>
proyección	/pɾoʝeɡˈθjon/	/pɾoʝeɡˈθjon/	[pɾoʝeɡˈθjon] 投影<名>
atropellado	/atɾopeˈʝado/	/atɾopeˈʝado/	[atɾopeˈʝado] 碾过<形>
hum	/ˈhum/	/ˈhum/	[ˈhum] 嗡嗡声<叹>
mendigo	/menˈdiɡo/	/menˈdiɡo/	[menˈdiɡo] 乞丐<名>
preste	/ˈpɾeste/	/ˈpɾeste/	[ˈpɾeste] 借出<名>
abu	/ˈabu/	/ˈabu/	[ˈabu] 嘘<名>
confidencialidad	/konfidenθjaliˈdad/	/konfidenθjaliˈdad/	[konfidenθjaliˈdad] 保密性<名>
fosa	/ˈfosa/	/ˈfosa/	[ˈfosa] 坑<名>
ecuación	/ekwaˈθjon/	/ekwaˈθjon/	[ekwaˈθjon] 方程<名>
nostalgia	/nosˈtalxja/	/nosˈtalxja/	[nosˈtalxja] 怀旧之情<名>
resistente	/resisˈtente/	/resisˈtente/	[resisˈtente] 抵抗力<形>
apropiadamente	/apɾoˌpjadaˈmente/	/apɾoˌpjadaˈmente/	[apɾoˌpjadaˈmente] 适当地<副>
diecisiete	/djeθiˈsjete/	/djeθiˈsjete/	[djeθiˈsjete] 十七<数>
natación	/nataˈθjon/	/nataˈθjon/	[nataˈθjon] 游泳<名>
incumbir	/inkumˈbiɾ/	/inkumˈbiɾ/	[/inkumˈbiɾ/] 是…的职责；归属于<verb>
gong	/ɡoŋ/	/ɡoŋ/	锣<名>
fabricante	/fabɾiˈkante/	/fabɾiˈkante/	[fabɾiˈkante] 制造商<名>
peludo	/peˈludo/	/peˈludo/	[peˈludo] 毛茸茸的<名>
cuestionar	/kwestjoˈnaɾ/	/kwestjoˈnaɾ/	[/kwestjoˈnaɾ/] 质疑；提问；对…提出异议<verb>
décimo	/ˈdeθimo/	/ˈdeθimo/	[ˈdeθimo] 第十<名>
estricto	/esˈtɾiɡto/	/esˈtɾiɡto/	[esˈtɾiɡto] 严格<形>
cuadrante	/kwaˈdɾante/	/kwaˈdɾante/	[kwaˈdɾante] 象限<名>
hala	/ˈala/	/ˈala/	[/ˈala/] 加油；快走（催促声）<intj>
aprisa	/aˈpɾisa/	/aˈpɾisa/	[aˈpɾisa] 快点<副>
carpintero	/kaɾpinˈteɾo/	/kaɾpinˈteɾo/	[kaɾpinˈteɾo] 木匠<名>
delfín	/delˈfin/	/delˈfin/	[delˈfin] 海豚<名>
coreano	/koɾeˈano/	/koɾeˈano/	[koɾeˈano] 韩国的<名>
asma	/ˈasma/	/ˈasma/	[ˈasma] 哮喘<名>
ducho	/ˈdut͡ʃo/	/ˈdut͡ʃo/	[ˈdut͡ʃo] 洗过澡<形>
cartón	/kaɾˈton/	/kaɾˈton/	[kaɾˈton] 纸板<名>
rima	/ˈrima/	/ˈrima/	[ˈrima] 韵<名>
tortilla	/toɾˈtiʝa/	/toɾˈtiʝa/	[toɾˈtiʝa] 玉米饼<名>
cenicienta	/θeniˈθjenta/	/θeniˈθjenta/	[θeniˈθjenta] 灰姑娘<名>
ligar	/liˈɡaɾ/	/liˈɡaɾ/	[liˈɡaɾ] 调情<动>
sexualidad	/seɡswaliˈdad/	/seɡswaliˈdad/	[seɡswaliˈdad] 性欲<名>
arre	/ˈare/	/ˈare/	[/ˈare/] 驾；快走（赶牲口用语）<intj>
anticuado	/antiˈkwado/	/antiˈkwado/	[antiˈkwado] 过时的<形>
insinuar	/insiˈnwaɾ/	/insiˈnwaɾ/	[insiˈnwaɾ] 提示<动>
trasladar	/tɾaslaˈdaɾ/	/tɾaslaˈdaɾ/	[tɾaslaˈdaɾ] 转移<动>
camarón	/kamaˈɾon/	/kamaˈɾon/	[kamaˈɾon] 虾<名>
descartar	/deskaɾˈtaɾ/	/deskaɾˈtaɾ/	[deskaɾˈtaɾ] 丢弃<动>
men	/ˈmen/	/ˈmen/	[/ˈmen/] 傻瓜；笨蛋（墨西哥俚语）<noun>
impotente	/impoˈtente/	/impoˈtente/	[/impoˈtente/] 无力的，无能的<形><adj>
callejero	/kaʝeˈxeɾo/	/kaʝeˈxeɾo/	[/kaʝeˈxeɾo/] 街道的；流浪的；街道图<noun>
repasar	/repaˈsaɾ/	/repaˈsaɾ/	[/repaˈsaɾ/] 复习；检查；熨烫<verb>
hacker	/ˈxakeɾ/	/ˈxakeɾ/	[ˈxakeɾ] 黑客<名>
despiadado	/despjaˈdado/	/despjaˈdado/	[despjaˈdado] 无情的<形>
agitado	/axiˈtado/	/axiˈtado/	[axiˈtado] 激动的<形>
brujo	/ˈbɾuxo/	/ˈbɾuxo/	[/ˈbɾuxo/] 男巫；巫师<noun>
nobleza	/noˈbleθa/	/noˈbleθa/	[noˈbleθa] 贵族<名>
coca-cola	/ˌkokaˈkola/	/ˌkokaˈkola/	可乐<名>
metálico	/meˈtaliko/	/meˈtaliko/	[meˈtaliko] 金属的<形>
relato	/reˈlato/	/reˈlato/	[reˈlato] 故事<名>
arrastrar	/arasˈtɾaɾ/	/arasˈtɾaɾ/	[arasˈtɾaɾ] 拖动<动>
enserio	/enseɾjo/	/enseɾjo/	认真地<副>
ingle	/ˈinɡle/	/ˈinɡle/	[ˈinɡle] 腹股沟<名>
sujetador	/suxetaˈdoɾ/	/suxetaˈdoɾ/	[suxetaˈdoɾ] 胸罩<名>
carnicería	/kaɾniθeˈɾia/	/kaɾniθeˈɾia/	[kaɾniθeˈɾia] 肉店<名>
retorcido	/retoɾˈθido/	/retoɾˈθido/	[retoɾˈθido] 扭曲的<形>
nalga	/ˈnalɡa/	/ˈnalɡa/	[ˈnalɡa] 臀部<名>
vocación	/bokaˈθjon/	/bokaˈθjon/	[bokaˈθjon] 职业<名>
estresante	/estɾeˈsante/	/estɾeˈsante/	[estɾeˈsante] 有压力的<形>
ajustado	/axusˈtado/	/axusˈtado/	[axusˈtado] 紧<形>
alce	/ˈalθe/	/ˈalθe/	[ˈalθe] 驼鹿<名>
morar	/moˈɾaɾ/	/moˈɾaɾ/	[moˈɾaɾ] 停留<动>
aposento	/apoˈsento/	/apoˈsento/	[apoˈsento] 房间<名>
coral	/koˈɾal/	/koˈɾal/	[koˈɾal] 珊瑚<名>
diccionario	/ˌdiɡθjoˈnaɾjo/	/ˌdiɡθjoˈnaɾjo/	[ˌdiɡθjoˈnaɾjo] 字典<名>
firmemente	/ˌfiɾmeˈmente/	/ˌfiɾmeˈmente/	[ˌfiɾmeˈmente] 坚定地<副>
laguna	/laˈɡuna/	/laˈɡuna/	[laˈɡuna] 泻湖<名>
moretón	/moɾeˈton/	/moɾeˈton/	[moɾeˈton] 瘀伤<名>
mandato	/manˈdato/	/manˈdato/	[manˈdato] 授权<名>
folleto	/foˈʝeto/	/foˈʝeto/	[foˈʝeto] 小册子<名>
yeso	/ˈʝeso/	/ˈʝeso/	[ˈʝeso] 石膏<名>
catálogo	/kaˈtaloɡo/	/kaˈtaloɡo/	[kaˈtaloɡo] 目录<名>
sastre	/ˈsastɾe/	/ˈsastɾe/	[ˈsastɾe] 裁缝<名>
proyectar	/pɾoʝeɡˈtaɾ/	/pɾoʝeɡˈtaɾ/	[/pɾoʝeɡˈtaɾ/] 投射；规划；放映<verb>
marketing	/ˈmaɾketin/	/ˈmaɾketin/	[ˈmaɾketin] 营销<名>
estresado	/estɾeˈsado/	/estɾeˈsado/	[/estɾeˈsado/] 紧张的；有压力的<adj>
instalar	/instaˈlaɾ/	/instaˈlaɾ/	[instaˈlaɾ] 安装<动>
empujón	/empuˈxon/	/empuˈxon/	[empuˈxon] 推<名>
negligencia	/neɡliˈxenθja/	/neɡliˈxenθja/	[neɡliˈxenθja] 疏忽<名>
compositor	/komposiˈtoɾ/	/komposiˈtoɾ/	[komposiˈtoɾ] 作曲家<名>
aplastado	/aplasˈtado/	/aplasˈtado/	[aplasˈtado] 压碎的<形>
chequeo	/t͡ʃeˈkeo/	/t͡ʃeˈkeo/	[t͡ʃeˈkeo] 检查<名>
diabetes	/djaˈbetes/	/djaˈbetes/	[djaˈbetes] 糖尿病<名>
establecimiento	/estableθiˈmjento/	/estableθiˈmjento/	[estableθiˈmjento] 设立<名>
generar	/xeneˈɾaɾ/	/xeneˈɾaɾ/	[xeneˈɾaɾ] 生成<动>
reportar	/repoɾˈtaɾ/	/repoɾˈtaɾ/	[repoɾˈtaɾ] 报告<动>
recepcionista	/reθebθjoˈnista/	/reθebθjoˈnista/	[reθebθjoˈnista] 接待员<名>
pisar	/piˈsaɾ/	/piˈsaɾ/	[/piˈsaɾ/] 踩；踏<verb>
holandés	/olanˈdes/	/olanˈdes/	[olanˈdes] 荷兰语<名>
duende	/ˈdwende/	/ˈdwende/	[ˈdwende] 小精灵<名>
canguro	/kanˈɡuɾo/	/kanˈɡuɾo/	[kanˈɡuɾo] 袋鼠<名>
rosario	/roˈsaɾjo/	/roˈsaɾjo/	[roˈsaɾjo] 念珠<名>
mutante	/muˈtante/	/muˈtante/	[muˈtante] 突变体<名>
vanidad	/baniˈdad/	/baniˈdad/	[baniˈdad] 虚荣心<名>
emisión	/emiˈsjon/	/emiˈsjon/	[emiˈsjon] 广播<名>
infiltrado	/infilˈtɾado/	/infilˈtɾado/	[infilˈtɾado] 渗透<名>
estacionado	/estaθjoˈnado/	/estaθjoˈnado/	[estaθjoˈnado] 停放<形>
liberal	/libeˈɾal/	/libeˈɾal/	[libeˈɾal] 自由主义<名>
semental	/semenˈtal/	/semenˈtal/	[semenˈtal] 种马<名>
proa	/ˈpɾoa/	/ˈpɾoa/	[ˈpɾoa] 弓<名>
saltos	/ˈsaltos/	/ˈsaltos/	跳跃<名>
lector	/leɡˈtoɾ/	/leɡˈtoɾ/	[leɡˈtoɾ] 读者<名>
aluminio	/aluˈminjo/	/aluˈminjo/	[aluˈminjo] 铝<名>
lona	/ˈlona/	/ˈlona/	[ˈlona] 画布<名>
quebrado	/keˈbɾado/	/keˈbɾado/	[keˈbɾado] 坏了<名>
loro	/ˈloɾo/	/ˈloɾo/	[ˈloɾo] 鹦鹉<名>
creyente	/kɾeˈʝente/	/kɾeˈʝente/	[kɾeˈʝente] 信徒<形>
inspirar	/inspiˈɾaɾ/	/inspiˈɾaɾ/	[inspiˈɾaɾ] 启发<动>
tolerancia	/toleˈɾanθja/	/toleˈɾanθja/	[toleˈɾanθja] 宽容<名>
bocas	/ˈbokas/	/ˈbokas/	[ˈbokas] 嘴<名>
mamada	/maˈmada/	/maˈmada/	[maˈmada] 口交<名>
agresor	/aɡɾeˈsoɾ/	/aɡɾeˈsoɾ/	[aɡɾeˈsoɾ] 侵略者<名>
sobrenatural	/sobɾenatuˈɾal/	/sobɾenatuˈɾal/	[sobɾenatuˈɾal] 超自然的<形>
corregido	/koreˈxido/	/koreˈxido/	[koreˈxido] 已纠正<形>
innecesario	/inneθeˈsaɾjo/	/inneθeˈsaɾjo/	[inneθeˈsaɾjo] 不必要的<形>
legendario	/lexenˈdaɾjo/	/lexenˈdaɾjo/	[lexenˈdaɾjo] 传奇的<形>
restaurar	/restauˈɾaɾ/	/restauˈɾaɾ/	[restauˈɾaɾ] 恢复<动>
balsa	/ˈbalsa/	/ˈbalsa/	[ˈbalsa] 木筏<名>
cofre	/ˈkofɾe/	/ˈkofɾe/	[/ˈkofɾe/] 箱子；宝箱<noun>
puntería	/punteˈɾia/	/punteˈɾia/	[punteˈɾia] 目标<名>
aperitivo	/apeɾiˈtibo/	/apeɾiˈtibo/	[apeɾiˈtibo] 开胃菜<名>
accidental	/aɡθidenˈtal/	/aɡθidenˈtal/	[aɡθidenˈtal] 偶然的<名>
paternidad	/pateɾniˈdad/	/pateɾniˈdad/	[pateɾniˈdad] 亲子关系<名>
inmune	/imˈmune/	/imˈmune/	[imˈmune] 免疫<形>
tacaño	/taˈkaɲo/	/taˈkaɲo/	[taˈkaɲo] 吝啬的<名>
presumir	/pɾesuˈmiɾ/	/pɾesuˈmiɾ/	[pɾesuˈmiɾ] 炫耀<动>
indicio	/inˈdiθjo/	/inˈdiθjo/	[inˈdiθjo] 提示<名>
criterio	/kɾiˈteɾjo/	/kɾiˈteɾjo/	[kɾiˈteɾjo] 标准<名>
doméstica	/doˈmestika/	/doˈmestika/	[doˈmestika] 国内<名>
f.	/femeˈnino/	/femeˈnino/	f.<形>
gin	/ˈʝin/	/ˈʝin/	[ˈʝin] 杜松子酒<名>
dominante	/domiˈnante/	/domiˈnante/	[domiˈnante] 占主导地位的<形>
parásito	/paˈɾasito/	/paˈɾasito/	[paˈɾasito] 寄生虫<名>
motín	/moˈtin/	/moˈtin/	[moˈtin] 叛变<名>
honorario	/onoˈɾaɾjo/	/onoˈɾaɾjo/	[onoˈɾaɾjo] 费用<名>
pisa	/ˈpisa/	/ˈpisa/	[/ˈpisa/] 踩踏；脚步<noun>
operando	/opeˈɾando/	/opeˈɾando/	[opeˈɾando] 经营<名>
contratista	/kontɾaˈtista/	/kontɾaˈtista/	[kontɾaˈtista] 承包商<名>
matriz	/maˈtɾiθ/	/maˈtɾiθ/	[maˈtɾiθ] 矩阵<名>
paré	/paˈɾe/	/paˈɾe/	[paˈɾe] 我停了下来<形>
fascista	/fasˈθista/	/fasˈθista/	[fasˈθista] 法西斯主义<名>
proteína	/pɾoteˈina/	/pɾoteˈina/	[pɾoteˈina] 蛋白质<名>
estatus	/esˈtatus/	/esˈtatus/	[esˈtatus] 状态<名>
prometedor	/pɾometeˈdoɾ/	/pɾometeˈdoɾ/	[pɾometeˈdoɾ] 有前途的<形>
bastar	/basˈtaɾ/	/basˈtaɾ/	[basˈtaɾ] 够了<动>
inquieto	/inˈkjeto/	/inˈkjeto/	[inˈkjeto] 不安的<形>
seña	/ˈseɲa/	/ˈseɲa/	[ˈseɲa] 标志<名>
recordatorio	/rekoɾdaˈtoɾjo/	/rekoɾdaˈtoɾjo/	[rekoɾdaˈtoɾjo] 提醒<名>
flexible	/fleɡˈsible/	/fleɡˈsible/	[fleɡˈsible] 灵活<形>
destructor	/destɾuɡˈtoɾ/	/destɾuɡˈtoɾ/	[destɾuɡˈtoɾ] 驱逐舰<名>
esquí	/esˈki/	/esˈki/	[esˈki] 滑雪<名>
bronceado	/bɾonθeˈado/	/bɾonθeˈado/	[bɾonθeˈado] 晒黑的<名>
virtual	/biɾˈtwal/	/biɾˈtwal/	[biɾˈtwal] 虚拟的<形>
alien	/ˈaljen/	/ˈaljen/	[ˈaljen] 外星人<名>
delantal	/delanˈtal/	/delanˈtal/	[delanˈtal] 围裙<名>
pianista	/pjaˈnista/	/pjaˈnista/	[pjaˈnista] 钢琴家<名>
cricket	/ˈkɾiket/	/ˈkɾiket/	[ˈkɾiket] 板球<名>
pinto	/ˈpinto/	/ˈpinto/	[ˈpinto] 我画画<形>
choza	/ˈt͡ʃoθa/	/ˈt͡ʃoθa/	[ˈt͡ʃoθa] 小屋<名>
bocina	/boˈθina/	/boˈθina/	[boˈθina] 号角<名>
magdalena	/maɡdaˈlena/	/maɡdaˈlena/	[maɡdaˈlena] 纸杯蛋糕<名>
altavoz	/altaˈboθ/	/altaˈboθ/	[altaˈboθ] 扬声器<名>
jaleo	/xaˈleo/	/xaˈleo/	[/xaˈleo/] 喧闹，吵闹；骚乱<名><noun>
plancha	/ˈplant͡ʃa/	/ˈplant͡ʃa/	[/ˈplant͡ʃa/] 熨斗；木板<noun>
plegaria	/pleˈɡaɾja/	/pleˈɡaɾja/	[pleˈɡaɾja] 祈祷<名>
colaborar	/kolaboˈɾaɾ/	/kolaboˈɾaɾ/	[kolaboˈɾaɾ] 合作<动>
flojo	/ˈfloxo/	/ˈfloxo/	[ˈfloxo] 懒惰<形>
renacimiento	/renaθiˈmjento/	/renaθiˈmjento/	[renaθiˈmjento] 文艺复兴<名>
infame	/inˈfame/	/inˈfame/	[inˈfame] 臭名昭著的<形>
ternura	/teɾˈnuɾa/	/teɾˈnuɾa/	[teɾˈnuɾa] 温柔<名>
smart	/smˈaɾt/	/smˈaɾt/	聪明的<形>
capricho	/kaˈpɾit͡ʃo/	/kaˈpɾit͡ʃo/	[kaˈpɾit͡ʃo] 一时兴起<名>
rendido	/renˈdido/	/renˈdido/	[renˈdido] 投降<形>
playo	/ˈplaʝo/	/ˈplaʝo/	[/ˈplaʝo/] 非标准西班牙语词；若为方言/俚语，指沿海居民或浅滩相关，'平坦的'不正确<noun>
evaluar	/ebaˈlwaɾ/	/ebaˈlwaɾ/	[ebaˈlwaɾ] 评估<动>
admiración	/admiɾaˈθjon/	/admiɾaˈθjon/	[admiɾaˈθjon] 钦佩<名>
morado	/moˈɾado/	/moˈɾado/	[moˈɾado] 紫色<名>
directivo	/diɾeɡˈtibo/	/diɾeɡˈtibo/	[diɾeɡˈtibo] 经理<名>
imán	/iˈman/	/iˈman/	[iˈman] 磁铁<名>
puja	/ˈpuxa/	/ˈpuxa/	[ˈpuxa] 出价<名>
canela	/kaˈnela/	/kaˈnela/	[kaˈnela] 肉桂<名>
pulga	/ˈpulɡa/	/ˈpulɡa/	[ˈpulɡa] 跳蚤<名>
caldo	/ˈkaldo/	/ˈkaldo/	[ˈkaldo] 肉汤<名>
vicio	/ˈbiθjo/	/ˈbiθjo/	[ˈbiθjo] 恶习<名>
visa	/ˈbisa/	/ˈbisa/	[ˈbisa] 签证<名>
involucrar	/imboluˈkɾaɾ/	/imboluˈkɾaɾ/	[imboluˈkɾaɾ] 涉及<动>
ejercer	/exeɾˈθeɾ/	/exeɾˈθeɾ/	[exeɾˈθeɾ] 锻炼<动>
reflexionar	/refleɡsjoˈnaɾ/	/refleɡsjoˈnaɾ/	[refleɡsjoˈnaɾ] 反映<动>
asiático	/aˈsjatiko/	/aˈsjatiko/	[aˈsjatiko] 亚洲人<名>
empeño	/emˈpeɲo/	/emˈpeɲo/	[emˈpeɲo] 努力<名>
golden	/ɡˈolden/	/ɡˈolden/	金色<名>
cultivar	/kultiˈbaɾ/	/kultiˈbaɾ/	[kultiˈbaɾ] 培养<名>
regalado	/reɡaˈlado/	/reɡaˈlado/	[reɡaˈlado] 有天赋的<形>
whiskey	/ˈw̝iski/	/ˈw̝iski/	[ˈw̝iski] 威士忌<名>
torpedo	/toɾˈpedo/	/toɾˈpedo/	[toɾˈpedo] 鱼雷<名>
escalón	/eskaˈlon/	/eskaˈlon/	[eskaˈlon] 步骤<名>
relativamente	/relaˌtibaˈmente/	/relaˌtibaˈmente/	[relaˌtibaˈmente] 相对地<副>
bacteria	/baɡˈteɾja/	/baɡˈteɾja/	[baɡˈteɾja] 细菌<名>
consulado	/konsuˈlado/	/konsuˈlado/	[konsuˈlado] 领事馆<名>
caloría	/kaloˈɾia/	/kaloˈɾia/	[kaloˈɾia] 卡路里<名>
mordida	/moɾˈdida/	/moɾˈdida/	[moɾˈdida] 咬<名>
dedicación	/dedikaˈθjon/	/dedikaˈθjon/	[dedikaˈθjon] 奉献<名>
her	/ˈeɾ/	/ˈeɾ/	[ˈeɾ] 她<动>
precedente	/pɾeθeˈdente/	/pɾeθeˈdente/	[pɾeθeˈdente] 先例<名>
parche	/ˈpaɾt͡ʃe/	/ˈpaɾt͡ʃe/	[ˈpaɾt͡ʃe] 补丁<名>
uf	/uf/	/uf/	呃<名>
cultivo	/kulˈtibo/	/kulˈtibo/	[kulˈtibo] 栽培<名>
elegancia	/eleˈɡanθja/	/eleˈɡanθja/	[eleˈɡanθja] 优雅<名>
cuelgue	/ˈkwelɡe/	/ˈkwelɡe/	[/ˈkwelɡe/] 悬挂；（电脑等）死机；懒散的人<名><noun>
bledo	/ˈbledo/	/ˈbledo/	[/ˈbledo/] 藜草；野苋（植物）<noun>
karaoke	/kaɾaˈoke/	/kaɾaˈoke/	[kaɾaˈoke] 卡拉OK<名>
estacionar	/estaθjoˈnaɾ/	/estaθjoˈnaɾ/	[/estaθjoˈnaɾ/] 停放（车辆）；停靠<verb>
perezoso	/peɾeˈθoso/	/peɾeˈθoso/	[peɾeˈθoso] 懒惰<名>
fachada	/faˈt͡ʃada/	/faˈt͡ʃada/	[faˈt͡ʃada] 门面<名>
revivir	/rebiˈbiɾ/	/rebiˈbiɾ/	[rebiˈbiɾ] 复活<动>
planificación	/planifikaˈθjon/	/planifikaˈθjon/	[planifikaˈθjon] 规划<名>
receso	/reˈθeso/	/reˈθeso/	[reˈθeso] 课间休息<名>
coordinación	/kooɾdinaˈθjon/	/kooɾdinaˈθjon/	[kooɾdinaˈθjon] 协调<名>
locutor	/lokuˈtoɾ/	/lokuˈtoɾ/	[lokuˈtoɾ] 播音员<名>
bourbon	/ˈbouɾbon/	/ˈbouɾbon/	[ˈbouɾbon] 波本威士忌<名>
vagar	/baˈɡaɾ/	/baˈɡaɾ/	[baˈɡaɾ] 徘徊<动>
diploma	/diˈploma/	/diˈploma/	[diˈploma] 文凭<名>
fiable	/ˈfjable/	/ˈfjable/	[ˈfjable] 可靠<形>
hechicero	/et͡ʃiˈθeɾo/	/et͡ʃiˈθeɾo/	[et͡ʃiˈθeɾo] 巫师<名>
bistec	/bisˈtek/	/bisˈtek/	[bisˈtek] 牛排<名>
receptor	/reθebˈtoɾ/	/reθebˈtoɾ/	[reθebˈtoɾ] 接收器<名>
recuento	/reˈkwento/	/reˈkwento/	[reˈkwento] 计数<名>
matrimonial	/matɾimoˈnjal/	/matɾimoˈnjal/	[matɾimoˈnjal] 婚姻<形>
capataz	/kapaˈtaθ/	/kapaˈtaθ/	[kapaˈtaθ] 工头<名>
experimental	/eɡspeɾimenˈtal/	/eɡspeɾimenˈtal/	[eɡspeɾimenˈtal] 实验性的<形>
hangar	/anˈɡaɾ/	/anˈɡaɾ/	[anˈɡaɾ] 机库<名>
invadir	/imbaˈdiɾ/	/imbaˈdiɾ/	[imbaˈdiɾ] 入侵<动>
acosar	/akoˈsaɾ/	/akoˈsaɾ/	[akoˈsaɾ] 骚扰<动>
africano	/afɾiˈkano/	/afɾiˈkano/	[afɾiˈkano] 非洲的<名>
atuendo	/aˈtwendo/	/aˈtwendo/	[aˈtwendo] 服装<名>
mártir	/ˈmaɾtiɾ/	/ˈmaɾtiɾ/	[ˈmaɾtiɾ] 烈士<名>
stripper	/ˈstɾipeɾ/	/ˈstɾipeɾ/	[ˈstɾipeɾ] 脱衣舞娘<名>
alternativo	/alteɾnaˈtibo/	/alteɾnaˈtibo/	[alteɾnaˈtibo] 另类<形>
picasso	/piˈkaso/	/piˈkaso/	[piˈkaso] 毕加索<名>
inclusive	/inkluˈsibe/	/inkluˈsibe/	[/inkluˈsibe/] 包括在内；包含<adv>
tiniebla	/tiˈnjebla/	/tiˈnjebla/	[tiˈnjebla] 黑暗<名>
cagada	/kaˈɡada/	/kaˈɡada/	[kaˈɡada] 狗屎<名>
tostada	/tosˈtada/	/tosˈtada/	[tosˈtada] 吐司<名>
reflejar	/refleˈxaɾ/	/refleˈxaɾ/	[refleˈxaɾ] 反映<动>
inscripción	/inskɾibˈθjon/	/inskɾibˈθjon/	[inskɾibˈθjon] 登记<名>
pulpo	/ˈpulpo/	/ˈpulpo/	[ˈpulpo] 章鱼<名>
esmoquin	/esˈmokin/	/esˈmokin/	[esˈmokin] 燕尾服<名>
aliviado	/aliˈbjado/	/aliˈbjado/	[aliˈbjado] 松了口气<形>
panadería	/panadeˈɾia/	/panadeˈɾia/	[panadeˈɾia] 面包店<名>
estabilidad	/estabiliˈdad/	/estabiliˈdad/	[estabiliˈdad] 稳定性<名>
clasificado	/klasifiˈkado/	/klasifiˈkado/	[klasifiˈkado] 分类<形>
bitácora	/biˈtakoɾa/	/biˈtakoɾa/	[biˈtakoɾa] 日志<名>
jarrón	/xaˈron/	/xaˈron/	[xaˈron] 花瓶<名>
gamma	/ˈɡama/	/ˈɡama/	[ˈɡama] 伽玛<名>
grueso	/ˈɡɾweso/	/ˈɡɾweso/	[ˈɡɾweso] 厚<名>
paralizar	/paɾaliˈθaɾ/	/paɾaliˈθaɾ/	[paɾaliˈθaɾ] 瘫痪<动>
hindú	/inˈdu/	/inˈdu/	[inˈdu] 印度教<名>
calcular	/kalkuˈlaɾ/	/kalkuˈlaɾ/	[kalkuˈlaɾ] 计算<动>
coop	/koˈop/	/koˈop/	鸡舍<名>
exclusivo	/eɡskluˈsibo/	/eɡskluˈsibo/	[eɡskluˈsibo] 独家的<形>
estufa	/esˈtufa/	/esˈtufa/	[esˈtufa] 炉灶<名>
bro	/ˈbɾo/	/ˈbɾo/	[ˈbɾo] 兄弟<名>
obstrucción	/obstɾuɡˈθjon/	/obstɾuɡˈθjon/	[obstɾuɡˈθjon] 阻塞<名>
cayo	/ˈkaʝo/	/ˈkaʝo/	[ˈkaʝo] 跌倒了<名>
irresistible	/iresisˈtible/	/iresisˈtible/	[iresisˈtible] 不可抗拒的<形>
suburbio	/suˈbuɾbjo/	/suˈbuɾbjo/	[suˈbuɾbjo] 郊区<名>
enigma	/eˈniɡma/	/eˈniɡma/	[eˈniɡma] 谜<名>
maravillosamente	/maɾabiˌʝosaˈmente/	/maɾabiˌʝosaˈmente/	[maɾabiˌʝosaˈmente] 奇妙地<副>
colt	/ˈkolt/	/ˈkolt/	[/ˈkolt/] 幼马，小雄马<noun>
castro	/ˈkastɾo/	/ˈkastɾo/	[/ˈkastɾo/] （史前）山寨，堡垒遗址<名><noun>
regional	/rexjoˈnal/	/rexjoˈnal/	[rexjoˈnal] 区域性的<形>
previa	/ˈpɾebja/	/ˈpɾebja/	[ˈpɾebja] 先前的<名>
porro	/ˈporo/	/ˈporo/	[/ˈporo/] 大麻烟卷；棍棒<noun>
corral	/koˈral/	/koˈral/	[koˈral] 畜栏<名>
apunte	/aˈpunte/	/aˈpunte/	[aˈpunte] 点<名>
charco	/ˈt͡ʃaɾko/	/ˈt͡ʃaɾko/	[ˈt͡ʃaɾko] 水坑<名>
reir	/ɾeˈiɾ/	/ɾeˈiɾ/	笑<动>
jamaica	/xaˈmaika/	/xaˈmaika/	[xaˈmaika] 牙买加<名>
arrepentido	/arepenˈtido/	/arepenˈtido/	[arepenˈtido] 遗憾的<形>
introducir	/intɾoduˈθiɾ/	/intɾoduˈθiɾ/	[intɾoduˈθiɾ] 介绍<动>
noveno	/noˈbeno/	/noˈbeno/	[noˈbeno] 第九<名>
yankee	/ˈʝanki/	/ˈʝanki/	[/ˈʝanki/] 美国佬；北方佬<名><noun>
informal	/infoɾˈmal/	/infoɾˈmal/	[infoɾˈmal] 非正式的<形>
boletín	/boleˈtin/	/boleˈtin/	[boleˈtin] 时事通讯<名>
asignación	/asiɡnaˈθjon/	/asiɡnaˈθjon/	[asiɡnaˈθjon] 作业<名>
clic	/ˈklik/	/ˈklik/	[ˈklik] 单击<名>
heterosexual	/eteɾoseɡˈswal/	/eteɾoseɡˈswal/	[eteɾoseɡˈswal] 异性恋<名>
castor	/kasˈtoɾ/	/kasˈtoɾ/	[kasˈtoɾ] 海狸<名>
demencia	/deˈmenθja/	/deˈmenθja/	[deˈmenθja] 痴呆症<名>
vals	/ˈbals/	/ˈbals/	[ˈbals] 华尔兹<名>
recaudación	/rekaudaˈθjon/	/rekaudaˈθjon/	[rekaudaˈθjon] 收藏<名>
atropellar	/atɾopeˈʝaɾ/	/atɾopeˈʝaɾ/	[atɾopeˈʝaɾ] 碾过<动>
traga	/ˈtɾaɡa/	/ˈtɾaɡa/	[/ˈtɾaɡa/] 吞咽；豪饮<动><noun>
envejecer	/embexeˈθeɾ/	/embexeˈθeɾ/	[embexeˈθeɾ] 变老<动>
implacable	/implaˈkable/	/implaˈkable/	[implaˈkable] 无情的<形>
potencialmente	/potenˌθjalˈmente/	/potenˌθjalˈmente/	[potenˌθjalˈmente] 潜在地<副>
sake	/ˈsake/	/ˈsake/	[ˈsake] 清酒<名>
co	/ˈko/	/ˈko/	[/ˈko/] 共同（前缀）<noun>
revancha	/reˈbant͡ʃa/	/reˈbant͡ʃa/	[reˈbant͡ʃa] 复仇<名>
estudiantil	/estudjanˈtil/	/estudjanˈtil/	[/estudjanˈtil/] 学生的<adj>
auxiliar	/auɡsiˈljaɾ/	/auɡsiˈljaɾ/	[auɡsiˈljaɾ] 辅助<名>
forastero	/foɾasˈteɾo/	/foɾasˈteɾo/	[foɾasˈteɾo] 陌生人<名>
prohibición	/pɾoibiˈθjon/	/pɾoibiˈθjon/	[pɾoibiˈθjon] 禁令<名>
maníaco	/maˈniako/	/maˈniako/	[maˈniako] 躁狂的<名>
entusiasta	/entuˈsjasta/	/entuˈsjasta/	[entuˈsjasta] 热情的<名>
reproducción	/repɾoduɡˈθjon/	/repɾoduɡˈθjon/	[repɾoduɡˈθjon] 繁殖<名>
sabelotodo	/sabeloˈtodo/	/sabeloˈtodo/	[sabeloˈtodo] 无所不知<名>
aumentado	/aumenˈtado/	/aumenˈtado/	[aumenˈtado] 增加<形>
escalofriante	/eskaloˈfɾjante/	/eskaloˈfɾjante/	[eskaloˈfɾjante] 令人不寒而栗<形>
fogata	/foˈɡata/	/foˈɡata/	[foˈɡata] 营火<名>
abundancia	/abunˈdanθja/	/abunˈdanθja/	[abunˈdanθja] 丰富<名>
equipamiento	/ekipaˈmjento/	/ekipaˈmjento/	[ekipaˈmjento] 设备<名>
filo	/ˈfilo/	/ˈfilo/	[ˈfilo] 边缘<名>
camerino	/kameˈɾino/	/kameˈɾino/	[kameˈɾino] 更衣室<名>
umbral	/umˈbɾal/	/umˈbɾal/	[umˈbɾal] 阈值<名>
transacción	/tɾansaɡˈθjon/	/tɾansaɡˈθjon/	[tɾansaɡˈθjon] 交易<名>
entrevistar	/entɾebisˈtaɾ/	/entɾebisˈtaɾ/	[entɾebisˈtaɾ] 采访<动>
piña	/ˈpiɲa/	/ˈpiɲa/	[ˈpiɲa] 菠萝<名>
dinastía	/dinasˈtia/	/dinasˈtia/	[dinasˈtia] 王朝<名>
fregadero	/fɾeɡaˈdeɾo/	/fɾeɡaˈdeɾo/	[fɾeɡaˈdeɾo] 水槽<名>
cimiento	/θiˈmjento/	/θiˈmjento/	[θiˈmjento] 基金会<名>
ofensa	/oˈfensa/	/oˈfensa/	[oˈfensa] 冒犯<名>
cisne	/ˈθisne/	/ˈθisne/	[ˈθisne] 天鹅<名>
superhéroe	/supeˈɾeɾoe/	/supeˈɾeɾoe/	[supeˈɾeɾoe] 超级英雄<名>
estomagar	/estomaˈɡaɾ/	/estomaˈɡaɾ/	[/estomaˈɡaɾ/] 使恶心；使厌恶<verb>
porta	/ˈpoɾta/	/ˈpoɾta/	[/ˈpoɾta/] 门；大门<名><noun>
escultura	/eskulˈtuɾa/	/eskulˈtuɾa/	[eskulˈtuɾa] 雕塑<名>
triunfar	/tɾjunˈfaɾ/	/tɾjunˈfaɾ/	[tɾjunˈfaɾ] 成功<动>
alga	/ˈalɡa/	/ˈalɡa/	[ˈalɡa] 藻类<名>
zombie	/ˈsombi/	/ˈsombi/	僵尸<名>
vudú	/buˈdu/	/buˈdu/	[buˈdu] 巫毒教<名>
chispo	/ˈt͡ʃispo/	/ˈt͡ʃispo/	[ˈt͡ʃispo] 火花<形>
tintorería	/tintoɾeˈɾia/	/tintoɾeˈɾia/	[tintoɾeˈɾia] 干洗<名>
hervir	/eɾˈbiɾ/	/eɾˈbiɾ/	[eɾˈbiɾ] 煮沸<动>
esquiar	/esˈkjaɾ/	/esˈkjaɾ/	[esˈkjaɾ] 滑雪<动>
transformar	/tɾansfoɾˈmaɾ/	/tɾansfoɾˈmaɾ/	[tɾansfoɾˈmaɾ] 变换<动>
arcilla	/aɾˈθiʝa/	/aɾˈθiʝa/	[aɾˈθiʝa] 粘土<名>
talón	/taˈlon/	/taˈlon/	[taˈlon] 鞋跟<名>
ciao	/θiˈao/	/θiˈao/	再见<叹>
pingüino	/pinˈɡwino/	/pinˈɡwino/	[pinˈɡwino] 企鹅<名>
encaje	/enˈkaxe/	/enˈkaxe/	[enˈkaxe] 蕾丝<名>
emitir	/emiˈtiɾ/	/emiˈtiɾ/	[/emiˈtiɾ/] 发射；播送；发行<verb>
pos	/ˈpos/	/ˈpos/	[/ˈpos/] （古语）那么，既然<副><noun>
prosperidad	/pɾospeɾiˈdad/	/pɾospeɾiˈdad/	[pɾospeɾiˈdad] 繁荣<名>
inmortalidad	/immoɾtaliˈdad/	/immoɾtaliˈdad/	[immoɾtaliˈdad] 不朽<名>
esencialmente	/eˌsenθjalˈmente/	/eˌsenθjalˈmente/	[eˌsenθjalˈmente] 本质上<副>
polar	/poˈlaɾ/	/poˈlaɾ/	[poˈlaɾ] 极地<名>
lagarto	/laˈɡaɾto/	/laˈɡaɾto/	[laˈɡaɾto] 蜥蜴<名>
frustración	/fɾustɾaˈθjon/	/fɾustɾaˈθjon/	[fɾustɾaˈθjon] 挫败感<名>
telón	/teˈlon/	/teˈlon/	[teˈlon] 窗帘<名>
aspiradora	/aspiɾaˈdoɾa/	/aspiɾaˈdoɾa/	[aspiɾaˈdoɾa] 吸尘器<名>
bélgico	/bˈelxiko/	/bˈelxiko/	[[ˈbel.xi.ko]] 比利时的<形>（常用形式为belga）<adj>
transbordador	/tɾansboɾdaˈdoɾ/	/tɾansboɾdaˈdoɾ/	[/tɾansboɾdaˈdoɾ/] 航天飞机；渡轮<名><noun>
vacante	/baˈkante/	/baˈkante/	[baˈkante] 空缺<名>
inquilino	/inkiˈlino/	/inkiˈlino/	[inkiˈlino] 租户<名>
tropical	/tɾopiˈkal/	/tɾopiˈkal/	[tɾopiˈkal] 热带<形>
rampa	/ˈrampa/	/ˈrampa/	[ˈrampa] 坡道<名>
importado	/impoɾˈtado/	/impoɾˈtado/	[impoɾˈtado] 进口的<名>
finar	/fiˈnaɾ/	/fiˈnaɾ/	[fiˈnaɾ] 完成<动>
ampliar	/amˈpljaɾ/	/amˈpljaɾ/	[amˈpljaɾ] 展开<动>
guiar	/ˈɡjaɾ/	/ˈɡjaɾ/	[ˈɡjaɾ] 指南<动>
albergue	/alˈbeɾɡe/	/alˈbeɾɡe/	[alˈbeɾɡe] 宿舍<名>
trimestre	/tɾiˈmestɾe/	/tɾiˈmestɾe/	[tɾiˈmestɾe] 四分之一<名>
distinguido	/distinˈɡido/	/distinˈɡido/	[distinˈɡido] 杰出的<形>
imprenta	/imˈpɾenta/	/imˈpɾenta/	[imˈpɾenta] 印刷机<名>
parabrisas	/paɾaˈbɾisas/	/paɾaˈbɾisas/	[paɾaˈbɾisas] 挡风玻璃<名>
hetero	/etˈeɾo/	/etˈeɾo/	直<名>
torturar	/toɾtuˈɾaɾ/	/toɾtuˈɾaɾ/	[toɾtuˈɾaɾ] 酷刑<动>
locamente	/ˌlokaˈmente/	/ˌlokaˈmente/	[ˌlokaˈmente] 疯狂地<副>
patriota	/paˈtɾjota/	/paˈtɾjota/	[paˈtɾjota] 爱国者<名>
marioneta	/maɾjoˈneta/	/maɾjoˈneta/	[maɾjoˈneta] 傀儡<名>
sanar	/saˈnaɾ/	/saˈnaɾ/	[saˈnaɾ] 治愈<动>
resentimiento	/resentiˈmjento/	/resentiˈmjento/	[resentiˈmjento] 怨恨<名>
abortar	/aboɾˈtaɾ/	/aboɾˈtaɾ/	[aboɾˈtaɾ] 中止<动>
decepcionante	/deθebθjoˈnante/	/deθebθjoˈnante/	[deθebθjoˈnante] 令人失望的<形>
acertado	/aθeɾˈtado/	/aθeɾˈtado/	[aθeɾˈtado] 成功的<形>
patinar	/patiˈnaɾ/	/patiˈnaɾ/	[patiˈnaɾ] 滑冰<动>
milímetro	/miˈlimetɾo/	/miˈlimetɾo/	[miˈlimetɾo] 毫米<名>
momia	/ˈmomja/	/ˈmomja/	[ˈmomja] 木乃伊<名>
heno	/ˈeno/	/ˈeno/	[ˈeno] 干草<名>
irracional	/iraθjoˈnal/	/iraθjoˈnal/	[iraθjoˈnal] 非理性的<形>
olfato	/olˈfato/	/olˈfato/	[olˈfato] 气味<名>
suspiro	/susˈpiɾo/	/susˈpiɾo/	[susˈpiɾo] 叹息<名>
manifiesto	/maniˈfjesto/	/maniˈfjesto/	[maniˈfjesto] 宣言<名>
rinde	/ˈrinde/	/ˈrinde/	[ˈrinde] 产量<名>
aterrorizar	/ateroɾiˈθaɾ/	/ateroɾiˈθaɾ/	[ateroɾiˈθaɾ] 吓坏<动>
broche	/ˈbɾot͡ʃe/	/ˈbɾot͡ʃe/	[ˈbɾot͡ʃe] 胸针<名>
carné	/kaɾˈne/	/kaɾˈne/	[kaɾˈne] 卡<名>
rasgo	/ˈrasɡo/	/ˈrasɡo/	[ˈrasɡo] 特质<名>
turismo	/tuˈɾismo/	/tuˈɾismo/	[tuˈɾismo] 旅游<名>
enloquecer	/enlokeˈθeɾ/	/enlokeˈθeɾ/	[enlokeˈθeɾ] 发疯<动>
varga	/ˈbaɾɡa/	/ˈbaɾɡa/	[/ˈbaɾɡa/] 非标准词；或为人名（瓦尔加）<noun>
interminable	/inteɾmiˈnable/	/inteɾmiˈnable/	[inteɾmiˈnable] 无尽的<形>
cargador	/kaɾɡaˈdoɾ/	/kaɾɡaˈdoɾ/	[kaɾɡaˈdoɾ] 充电器<名>
protestar	/pɾotesˈtaɾ/	/pɾotesˈtaɾ/	[pɾotesˈtaɾ] 抗议<动>
farsante	/faɾˈsante/	/faɾˈsante/	[faɾˈsante] 骗子<名>
componente	/kompoˈnente/	/kompoˈnente/	[kompoˈnente] 组件<名>
suceso	/suˈθeso/	/suˈθeso/	[suˈθeso] 事件<名>
chivo	/ˈt͡ʃibo/	/ˈt͡ʃibo/	[ˈt͡ʃibo] 山羊<名>
agarro	/aˈɡaro/	/aˈɡaro/	[aˈɡaro] 我抓住<名>
baronesa	/baɾoˈnesa/	/baɾoˈnesa/	[baɾoˈnesa] 男爵夫人<名>
jarabe	/xaˈɾabe/	/xaˈɾabe/	[xaˈɾabe] 糖浆<名>
incompetente	/inkompeˈtente/	/inkompeˈtente/	[inkompeˈtente] 无能的<形>
apagón	/apaˈɡon/	/apaˈɡon/	[apaˈɡon] 停电<名>
reducción	/reduɡˈθjon/	/reduɡˈθjon/	[reduɡˈθjon] 减少<名>
alcantarilla	/alkantaˈɾiʝa/	/alkantaˈɾiʝa/	[alkantaˈɾiʝa] 下水道<名>
piojo	/ˈpjoxo/	/ˈpjoxo/	[ˈpjoxo] 虱子<名>
atroz	/aˈtɾoθ/	/aˈtɾoθ/	[aˈtɾoθ] 残暴的<形>
catarata	/kataˈɾata/	/kataˈɾata/	[kataˈɾata] 白内障<名>
contención	/kontenˈθjon/	/kontenˈθjon/	[kontenˈθjon] 遏制<名>
drag	/ˈdɾaɡ/	/ˈdɾaɡ/	[ˈdɾaɡ] 拖动<名>
aviación	/abjaˈθjon/	/abjaˈθjon/	[abjaˈθjon] 航空<名>
repartidor	/repaɾtiˈdoɾ/	/repaɾtiˈdoɾ/	[repaɾtiˈdoɾ] 送货员<名>
tai	/tˈai/	/tˈai/	[[ˈtai̯] 泰；泰语<noun>
gestión	/xesˈtjon/	/xesˈtjon/	[xesˈtjon] 管理<名>
despensa	/desˈpensa/	/desˈpensa/	[desˈpensa] 食品储藏室<名>
caribe	/kaˈɾibe/	/kaˈɾibe/	[kaˈɾibe] 加勒比海<名>
bacon	/ˈbeikon/	/ˈbeikon/	[ˈbeikon] 培根<名>
sorbo	/ˈsoɾbo/	/ˈsoɾbo/	[ˈsoɾbo] 啜饮<名>
átomo	/ˈatomo/	/ˈatomo/	[ˈatomo] 原子<名>
faraón	/faɾaˈon/	/faɾaˈon/	[faɾaˈon] 法老<名>
adaptar	/adabˈtaɾ/	/adabˈtaɾ/	[/adabˈtaɾ/] 使适应；改编<动><verb>
impredecible	/impɾedeˈθible/	/impɾedeˈθible/	[impɾedeˈθible] 不可预测的<形>
buey	/ˈbwei/	/ˈbwei/	[ˈbwei] 牛<名>
balde	/ˈbalde/	/ˈbalde/	[ˈbalde] 桶<名>
cecilia	/θeθilˈia/	/θeθilˈia/	[[θeˈθi.lja] 塞西莉亚（女子名）<noun>
puerco	/ˈpweɾko/	/ˈpweɾko/	[ˈpweɾko] 猪<名>
anti	/ˈanti/	/ˈanti/	[ˈanti] 反<形>
servilleta	/seɾbiˈʝeta/	/seɾbiˈʝeta/	[seɾbiˈʝeta] 餐巾纸<名>
panorama	/panoˈɾama/	/panoˈɾama/	[panoˈɾama] 全景<名>
currículum	/kuˈrikulum/	/kuˈrikulum/	[kuˈrikulum] 简历<名>
consumir	/konsuˈmiɾ/	/konsuˈmiɾ/	[konsuˈmiɾ] 消耗<动>
gruñido	/ɡɾuˈɲido/	/ɡɾuˈɲido/	[ɡɾuˈɲido] 咆哮<名>
estupendamente	/estupendamente/	/estupendamente/	奇妙地<副>
meditación	/meditaˈθjon/	/meditaˈθjon/	[meditaˈθjon] 冥想<名>
aduana	/aˈdwana/	/aˈdwana/	[aˈdwana] 海关<名>
enfrentamiento	/enfɾentaˈmjento/	/enfɾentaˈmjento/	[enfɾentaˈmjento] 对抗<名>
genital	/xeniˈtal/	/xeniˈtal/	[xeniˈtal] 生殖器<名>
vertical	/beɾtiˈkal/	/beɾtiˈkal/	[beɾtiˈkal] 垂直<名>
apurado	/apuˈɾado/	/apuˈɾado/	[apuˈɾado] 冲<形>
jovenes	/xobˈenes/	/xobˈenes/	年轻人<形>
sedante	/seˈdante/	/seˈdante/	[seˈdante] 镇静剂<名>
abordo	/aˈboɾdo/	/aˈboɾdo/	[aˈboɾdo] 船上<名>
reservar	/reseɾˈbaɾ/	/reseɾˈbaɾ/	[reseɾˈbaɾ] 储备<动>
vibración	/bibɾaˈθjon/	/bibɾaˈθjon/	[bibɾaˈθjon] 振动<名>
conservador	/konseɾbaˈdoɾ/	/konseɾbaˈdoɾ/	[konseɾbaˈdoɾ] 保守的<名>
cansancio	/kanˈsanθjo/	/kanˈsanθjo/	[kanˈsanθjo] 疲倦<名>
tóxico	/ˈtoɡsiko/	/ˈtoɡsiko/	[ˈtoɡsiko] 有毒的<形>
garantizado	/ɡaɾantiˈθado/	/ɡaɾantiˈθado/	[ɡaɾantiˈθado] 保证<形>
garage	/ɡaɾˈaxe/	/ɡaɾˈaxe/	车库<名>
comediante	/komeˈdjante/	/komeˈdjante/	[komeˈdjante] 喜剧演员<名>
coach	/ˈkout͡ʃ/	/ˈkout͡ʃ/	[ˈkout͡ʃ] 教练<名>
acostumbrar	/akostumˈbɾaɾ/	/akostumˈbɾaɾ/	[akostumˈbɾaɾ] 习惯<动>
seducir	/seduˈθiɾ/	/seduˈθiɾ/	[seduˈθiɾ] 勾引<动>
citación	/θitaˈθjon/	/θitaˈθjon/	[θitaˈθjon] 传票<名>
improvisar	/impɾobiˈsaɾ/	/impɾobiˈsaɾ/	[impɾobiˈsaɾ] 即兴发挥<动>
problemático	/pɾobleˈmatiko/	/pɾobleˈmatiko/	[pɾobleˈmatiko] 有问题的<形>
aguafiestas	/aɡwaˈfjestas/	/aɡwaˈfjestas/	[aɡwaˈfjestas] 派对扫兴者<名>
dron	/ˈdɾon/	/ˈdɾon/	[ˈdɾon] 无人机<名>
soja	/ˈsoxa/	/ˈsoxa/	[ˈsoxa] 大豆<名>
hobby	/ˈxobi/	/ˈxobi/	[ˈxobi] 爱好<名>
mascar	/masˈkaɾ/	/masˈkaɾ/	[masˈkaɾ] 咀嚼<动>
juerga	/ˈxweɾɡa/	/ˈxweɾɡa/	[ˈxweɾɡa] 狂欢<名>
mediocre	/meˈdjokɾe/	/meˈdjokɾe/	[meˈdjokɾe] 平庸的<形>
gama	/ˈɡama/	/ˈɡama/	[ˈɡama] 范围<名>
medallón	/medaˈʝon/	/medaˈʝon/	[medaˈʝon] 奖章<名>
acogedor	/akoxeˈdoɾ/	/akoxeˈdoɾ/	[/akoxeˈdoɾ/] 热情好客的；温馨的<adj>
equivocación	/ekibokaˈθjon/	/ekibokaˈθjon/	[ekibokaˈθjon] 错误<名>
mercenario	/meɾθeˈnaɾjo/	/meɾθeˈnaɾjo/	[meɾθeˈnaɾjo] 雇佣兵<名>
soleado	/soleˈado/	/soleˈado/	[soleˈado] 阳光明媚<形>
poseído	/poseˈido/	/poseˈido/	[poseˈido] 拥有<形>
sauna	/ˈsauna/	/ˈsauna/	[ˈsauna] 桑拿<名>
agarrado	/aɡaˈrado/	/aɡaˈrado/	[aɡaˈrado] 抓住了<形>
atacante	/ataˈkante/	/ataˈkante/	[ataˈkante] 攻击者<名>
aro	/ˈaɾo/	/ˈaɾo/	[ˈaɾo] 箍<名>
exhausto	/eɡˈsausto/	/eɡˈsausto/	[eɡˈsausto] 筋疲力尽<形>
periodismo	/peɾjoˈðismo/	/peɾjoˈðismo/	新闻学<名>
manipulación	/manipulaˈθjon/	/manipulaˈθjon/	[manipulaˈθjon] 操纵<名>
popularidad	/populaɾiˈdad/	/populaɾiˈdad/	[populaɾiˈdad] 人气<名>
mera	/ˈmeɾa/	/ˈmeɾa/	[ˈmeɾa] 仅仅<名>
cherry	/ˈt͡ʃeri/	/ˈt͡ʃeri/	[ˈt͡ʃeri] 樱桃<名>
apretón	/apɾeˈton/	/apɾeˈton/	[apɾeˈton] 挤压<名>
desafiar	/desaˈfjaɾ/	/desaˈfjaɾ/	[desaˈfjaɾ] 挑战<动>
hippie	/ˈxipi/	/ˈxipi/	[ˈxipi] 嬉皮士<名>
mesías	/meˈsias/	/meˈsias/	[meˈsias] 弥赛亚<名>
pronunciar	/pɾonunˈθjaɾ/	/pɾonunˈθjaɾ/	[pɾonunˈθjaɾ] 发音<动>
analista	/anaˈlista/	/anaˈlista/	[anaˈlista] 分析师<名>
gruñón	/ɡɾuˈɲon/	/ɡɾuˈɲon/	[ɡɾuˈɲon] 脾气暴躁<名>
inseguro	/inseˈɡuɾo/	/inseˈɡuɾo/	[inseˈɡuɾo] 不安全感<形>
escupir	/eskuˈpiɾ/	/eskuˈpiɾ/	[eskuˈpiɾ] 吐口水<动>
spray	/ˈspɾei/	/ˈspɾei/	[ˈspɾei] 喷雾<名>
indiferente	/indifeˈɾente/	/indifeˈɾente/	[indifeˈɾente] 冷漠的<形>
gratuito	/ɡɾaˈtwito/	/ɡɾaˈtwito/	[ɡɾaˈtwito] 免费<形>
cocinado	/koθiˈnado/	/koθiˈnado/	[koθiˈnado] 煮熟的<名>
estaca	/esˈtaka/	/esˈtaka/	[/esˈtaka/] 桩；木桩<noun>
inmobiliario	/inmobiˈljaɾjo/	/inmobiˈljaɾjo/	房地产<形>
colectivo	/koleɡˈtibo/	/koleɡˈtibo/	[koleɡˈtibo] 集体的<名>
prestigio	/pɾesˈtixjo/	/pɾesˈtixjo/	[pɾesˈtixjo] 声望<名>
intriga	/inˈtɾiɡa/	/inˈtɾiɡa/	[inˈtɾiɡa] 阴谋<名>
babor	/baˈboɾ/	/baˈboɾ/	[/baˈboɾ/] 左舷<noun>
primitivo	/pɾimiˈtibo/	/pɾimiˈtibo/	[pɾimiˈtibo] 原始的<形>
envenenamiento	/embenenaˈmjento/	/embenenaˈmjento/	[embenenaˈmjento] 中毒<名>
recinto	/reˈθinto/	/reˈθinto/	[/reˈθinto/] 场所；围地；馆区<noun>
enganchado	/enɡanˈt͡ʃado/	/enɡanˈt͡ʃado/	[enɡanˈt͡ʃado] 着迷的<形>
mentalidad	/mentaliˈdad/	/mentaliˈdad/	[mentaliˈdad] 心态<名>
palestino	/palesˈtino/	/palesˈtino/	[palesˈtino] 巴勒斯坦人<名>
ametralladora	/ametɾaʝaˈdoɾa/	/ametɾaʝaˈdoɾa/	[ametɾaʝaˈdoɾa] 机枪<名>
prohibir	/pɾoiˈbiɾ/	/pɾoiˈbiɾ/	[pɾoiˈbiɾ] 禁止<动>
flanco	/ˈflanko/	/ˈflanko/	[ˈflanko] 侧翼<名>
albóndiga	/alˈbondiɡa/	/alˈbondiɡa/	[alˈbondiɡa] 肉丸<名>
ca	/ka/	/ka/	[[ka] 约（circa 缩写）；公司（compañía 缩写）<noun>
noreste	/noɾˈeste/	/noɾˈeste/	东北<名>
serial	/seˈɾjal/	/seˈɾjal/	[seˈɾjal] 连续剧<名>
abdominal	/abdomiˈnal/	/abdomiˈnal/	[abdomiˈnal] 腹部<名>
enormemente	/eˌnoɾmeˈmente/	/eˌnoɾmeˈmente/	[eˌnoɾmeˈmente] 极大地<副>
patrimonio	/patɾiˈmonjo/	/patɾiˈmonjo/	[patɾiˈmonjo] 遗产<名>
inundación	/inundaˈθjon/	/inundaˈθjon/	[inundaˈθjon] 洪水<名>
rondar	/ronˈdaɾ/	/ronˈdaɾ/	[/ronˈdaɾ/] 徘徊；巡逻；盘旋<verb>
comentar	/komenˈtaɾ/	/komenˈtaɾ/	[komenˈtaɾ] 评论<动>
redacción	/redaɡˈθjon/	/redaɡˈθjon/	[redaɡˈθjon] 写作<名>
encarcelar	/enkaɾθeˈlaɾ/	/enkaɾθeˈlaɾ/	[enkaɾθeˈlaɾ] 监禁<动>
succión	/suɡˈθjon/	/suɡˈθjon/	[suɡˈθjon] 吸力<名>
dolido	/doˈlido/	/doˈlido/	[doˈlido] 受伤<名>
imaginario	/imaxiˈnaɾjo/	/imaxiˈnaɾjo/	[imaxiˈnaɾjo] 想象的<形>
especia	/esˈpeθja/	/esˈpeθja/	[esˈpeθja] 香料<名>
transparente	/tɾanspaˈɾente/	/tɾanspaˈɾente/	[tɾanspaˈɾente] 透明<形>
iniciado	/iniˈθjado/	/iniˈθjado/	[iniˈθjado] 开始了<名>
plenamente	/ˌplenaˈmente/	/ˌplenaˈmente/	[ˌplenaˈmente] 完全<副>
peseta	/peˈseta/	/peˈseta/	[peˈseta] 比塞塔<名>
chiquillo	/tʃikiʎo/	/tʃikiʎo/	小男孩<名>
carroza	/kaˈroθa/	/kaˈroθa/	[kaˈroθa] 四轮马车；彩车<名>
reinado	/reiˈnado/	/reiˈnado/	[reiˈnado] 统治<名>
cartucho	/kaɾˈtut͡ʃo/	/kaɾˈtut͡ʃo/	[/kaɾˈtut͡ʃo/] 弹药筒；子弹壳；墨盒<名><noun>
búnker	/ˈbunkeɾ/	/ˈbunkeɾ/	[ˈbunkeɾ] 掩体<名>
espiral	/espiˈɾal/	/espiˈɾal/	[espiˈɾal] 螺旋<名>
malinterpretar	/malinteɾpɾeˈtaɾ/	/malinteɾpɾeˈtaɾ/	[malinteɾpɾeˈtaɾ] 误解<动>
soplo	/ˈsoplo/	/ˈsoplo/	[ˈsoplo] 吹<名>
simulación	/simulaˈθjon/	/simulaˈθjon/	[simulaˈθjon] 模拟<名>
vinagre	/biˈnaɡɾe/	/biˈnaɡɾe/	[biˈnaɡɾe] 醋<名>
len	/ˈlen/	/ˈlen/	[ˈlen] 伦<名>
neumonía	/neumoˈnia/	/neumoˈnia/	[neumoˈnia] 肺炎<名>
rotación	/rotaˈθjon/	/rotaˈθjon/	[rotaˈθjon] 旋转<名>
rió	/ˈrjo/	/ˈrjo/	笑了<动>
tell	/ˈtel/	/ˈtel/	[ˈtel] 告诉<名>
desconectado	/deskoneɡˈtado/	/deskoneɡˈtado/	[deskoneɡˈtado] 离线<形>
patín	/paˈtin/	/paˈtin/	[paˈtin] 滑冰<名>
grabadora	/ɡɾabaˈdoɾa/	/ɡɾabaˈdoɾa/	[ɡɾabaˈdoɾa] 录音机<名>
nobel	/nobˈel/	/nobˈel/	诺贝尔<名>
electoral	/eleɡtoˈɾal/	/eleɡtoˈɾal/	[eleɡtoˈɾal] 选举的<形>
bollo	/ˈboʝo/	/ˈboʝo/	[ˈboʝo] 发髻<名>
cómic	/ˈkomik/	/ˈkomik/	[ˈkomik] 漫画<名>
islam	/isˈlam/	/isˈlam/	[isˈlam] 伊斯兰教<名>
impactante	/impaɡˈtante/	/impaɡˈtante/	[impaɡˈtante] 令人震惊的<形>
castaño	/kasˈtaɲo/	/kasˈtaɲo/	[kasˈtaɲo] 栗子<名>
merodear	/meɾodeˈaɾ/	/meɾodeˈaɾ/	[meɾodeˈaɾ] 徘徊<动>
linaje	/liˈnaxe/	/liˈnaxe/	[liˈnaxe] 血统<名>
coquetear	/koketeˈaɾ/	/koketeˈaɾ/	[koketeˈaɾ] 调情<动>
extorsión	/eɡstoɾˈsjon/	/eɡstoɾˈsjon/	[eɡstoɾˈsjon] 勒索<名>
raramente	/ˌraɾaˈmente/	/ˌraɾaˈmente/	[ˌraɾaˈmente] 很少<副>
gráfico	/ˈɡɾafiko/	/ˈɡɾafiko/	[ˈɡɾafiko] 图<名>
aventón	/abenˈton/	/abenˈton/	[abenˈton] 搭便车<名>
tibia	/ˈtibja/	/ˈtibja/	[ˈtibja] 不冷不热的<名>
frenar	/fɾeˈnaɾ/	/fɾeˈnaɾ/	[fɾeˈnaɾ] 刹车<动>
arrancado	/aranˈkado/	/aranˈkado/	[aranˈkado] 撕掉<形>
pretexto	/pɾeˈteɡsto/	/pɾeˈteɡsto/	[pɾeˈteɡsto] 借口<名>
paralelo	/paɾaˈlelo/	/paɾaˈlelo/	[paɾaˈlelo] 平行<形>
complot	/komˈplot/	/komˈplot/	[komˈplot] 阴谋；密谋<名>
pegada	/peˈɡada/	/peˈɡada/	[peˈɡada] 卡住了<名>
torcido	/toɾˈθido/	/toɾˈθido/	[toɾˈθido] 弯曲的<名>
nómina	/ˈnomina/	/ˈnomina/	[ˈnomina] 工资单<名>
expulsión	/eɡspulˈsjon/	/eɡspulˈsjon/	[eɡspulˈsjon] 驱逐<名>
fusil	/fuˈsil/	/fuˈsil/	[fuˈsil] 步枪<名>
intestino	/intesˈtino/	/intesˈtino/	[intesˈtino] 肠<名>
estimulante	/estimuˈlante/	/estimuˈlante/	[estimuˈlante] 刺激的<名>
nova	/ˈnoba/	/ˈnoba/	[ˈnoba] 新星<名>
esquema	/esˈkema/	/esˈkema/	[esˈkema] 方案<名>
faz	/ˈfaθ/	/ˈfaθ/	[ˈfaθ] 脸<名>
amazona	/amaˈθona/	/amaˈθona/	[amaˈθona] 女骑士；亚马逊女战士<名>
totalidad	/totaliˈdad/	/totaliˈdad/	[totaliˈdad] 整体性<名>
tranvía	/tɾamˈbia/	/tɾamˈbia/	[tɾamˈbia] 电车<名>
inquietante	/inkjeˈtante/	/inkjeˈtante/	[inkjeˈtante] 令人不安的<形>
contrata	/konˈtɾata/	/konˈtɾata/	[konˈtɾata] 雇用<名>
center	/ˈsenteɾ/	/ˈsenteɾ/	[ˈsenteɾ] 中心<名>
acertijo	/aθeɾˈtixo/	/aθeɾˈtixo/	[aθeɾˈtixo] 谜语<名>
reconfortante	/rekonfoɾˈtante/	/rekonfoɾˈtante/	[rekonfoɾˈtante] 安慰的<形>
sartén	/saɾˈten/	/saɾˈten/	[saɾˈten] 煎锅<名>
accionista	/aɡθjoˈnista/	/aɡθjoˈnista/	[aɡθjoˈnista] 股东<名>
cash	/ˈkaʃ/	/ˈkaʃ/	[ˈkaʃ] 现金<名>
bisturí	/bistuˈɾi/	/bistuˈɾi/	[bistuˈɾi] 手术刀<名>
transportador	/tɾanspoɾtaˈdoɾ/	/tɾanspoɾtaˈdoɾ/	[tɾanspoɾtaˈdoɾ] 转运者<名>
costera	/kosˈteɾa/	/kosˈteɾa/	[kosˈteɾa] 沿海<名>
snow	/esˈno/	/esˈno/	[esˈno] 雪<名>
insultar	/insulˈtaɾ/	/insulˈtaɾ/	[insulˈtaɾ] 侮辱<动>
pipí	/piˈpi/	/piˈpi/	[piˈpi] 撒尿<名>
sucesor	/suθeˈsoɾ/	/suθeˈsoɾ/	[suθeˈsoɾ] 继任者<名>
verso	/ˈbeɾso/	/ˈbeɾso/	[ˈbeɾso] 诗句<名>
demócrata	/deˈmokɾata/	/deˈmokɾata/	[deˈmokɾata] 民主党人<名>
portador	/poɾtaˈdoɾ/	/poɾtaˈdoɾ/	[poɾtaˈdoɾ] 持票人<名>
encuesta	/enˈkwesta/	/enˈkwesta/	[enˈkwesta] 调查<名>
empapado	/empaˈpado/	/empaˈpado/	[empaˈpado] 浸泡的<形>
engreído	/enɡɾeˈido/	/enɡɾeˈido/	[enɡɾeˈido] 趾高气扬的<形>
meteorito	/meteoˈɾito/	/meteoˈɾito/	[meteoˈɾito] 陨石<名>
cerilla	/θeˈɾiʝa/	/θeˈɾiʝa/	[θeˈɾiʝa] 火柴<名>
conducción	/konduɡˈθjon/	/konduɡˈθjon/	[konduɡˈθjon] 驾驶<名>
aburrir	/abuˈriɾ/	/abuˈriɾ/	[abuˈriɾ] 使厌烦；使厌倦<动>
escorpión	/eskoɾˈpjon/	/eskoɾˈpjon/	[eskoɾˈpjon] 蝎子<名>
champú	/t͡ʃamˈpu/	/t͡ʃamˈpu/	[t͡ʃamˈpu] 洗发水<名>
vs	/ˈkontɾa/	/ˈkontɾa/	对；对抗<介>
mai	/ˈmai/	/ˈmai/	[ˈmai] 麦<名>
kiki	/kˈiki/	/kˈiki/	[[ˈkiki] 监狱（俚语）；人名<noun>
delegación	/deleɡaˈθjon/	/deleɡaˈθjon/	[deleɡaˈθjon] 代表团<名>
consistente	/konsisˈtente/	/konsisˈtente/	[konsisˈtente] 一致的<形>
mediados	/meˈdjados/	/meˈdjados/	[meˈdjados] 中<副>
cantina	/kanˈtina/	/kanˈtina/	[kanˈtina] 食堂<名>
indefenso	/indeˈfenso/	/indeˈfenso/	[indeˈfenso] 无助的<形>
salado	/saˈlado/	/saˈlado/	[saˈlado] 咸的<形>
reverencia	/rebeˈɾenθja/	/rebeˈɾenθja/	[rebeˈɾenθja] 崇敬<名>
razonar	/raθoˈnaɾ/	/raθoˈnaɾ/	[raθoˈnaɾ] 推理；思考；讲道理<动>
round	/ˈraund/	/ˈraund/	[ˈraund] 回合；轮次<名>
ticket	/ˈtiket/	/ˈtiket/	[ˈtiket] 票<名>
lechuga	/leˈt͡ʃuɡa/	/leˈt͡ʃuɡa/	[leˈt͡ʃuɡa] 生菜<名>
excesivo	/eɡsθeˈsibo/	/eɡsθeˈsibo/	[eɡsθeˈsibo] 过度<形>
egipcio	/eˈxibθjo/	/eˈxibθjo/	[eˈxibθjo] 埃及人<名>
ancla	/ˈankla/	/ˈankla/	[ˈankla] 锚<名>
dote	/ˈdote/	/ˈdote/	[ˈdote] 嫁妆<名>
borra	/ˈbora/	/ˈbora/	[ˈbora] 删除<名>
bulto	/ˈbulto/	/ˈbulto/	[ˈbulto] 肿块<名>
competidor	/kompetiˈdoɾ/	/kompetiˈdoɾ/	[kompetiˈdoɾ] 竞争对手<名>
caldera	/kalˈdeɾa/	/kalˈdeɾa/	[kalˈdeɾa] 锅炉<名>
costura	/kosˈtuɾa/	/kosˈtuɾa/	[kosˈtuɾa] 缝纫<名>
rosado	/roˈsado/	/roˈsado/	[roˈsado] 粉红色<形>
adquirir	/adkiˈɾiɾ/	/adkiˈɾiɾ/	[adkiˈɾiɾ] 获得<动>
fé	/fˈe/	/fˈe/	[[ˈfe]] fe 信仰<名><noun>
introducción	/intɾoduɡˈθjon/	/intɾoduɡˈθjon/	[intɾoduɡˈθjon] 介绍<名>
mustang	/ˈmastein/	/ˈmastein/	[ˈmastein] 野马<名>
mármol	/ˈmaɾmol/	/ˈmaɾmol/	[ˈmaɾmol] 大理石<名>
temple	/ˈtemple/	/ˈtemple/	[ˈtemple] 脾气<名>
costoso	/kosˈtoso/	/kosˈtoso/	[kosˈtoso] 昂贵<形>
winchester	/ˈwint͡ʃesteɾ/	/ˈwint͡ʃesteɾ/	[ˈwint͡ʃesteɾ] 温彻斯特<名>
relajante	/relaˈxante/	/relaˈxante/	[relaˈxante] 放松<形>
esmeralda	/esmeˈɾalda/	/esmeˈɾalda/	[esmeˈɾalda] 祖母绿<名>
señuelo	/seˈɲwelo/	/seˈɲwelo/	[seˈɲwelo] 引诱<名>
huida	/ˈw̝ida/	/ˈw̝ida/	[ˈw̝ida] 逃脱<名>
perdición	/peɾdiˈθjon/	/peɾdiˈθjon/	[peɾdiˈθjon] 祸根<名>
zen	/ˈθen/	/ˈθen/	[ˈθen] 禅宗<名>
moralidad	/moɾaliˈdad/	/moɾaliˈdad/	[moɾaliˈdad] 道德<名>
reformatorio	/refoɾmaˈtoɾjo/	/refoɾmaˈtoɾjo/	[refoɾmaˈtoɾjo] 管教所<名>
sacramento	/sakɾaˈmento/	/sakɾaˈmento/	[sakɾaˈmento] 圣礼<名>
humildad	/umilˈdad/	/umilˈdad/	[umilˈdad] 谦卑<名>
yegua	/ˈʝeɡwa/	/ˈʝeɡwa/	[ˈʝeɡwa] 母马<名>
zanja	/ˈθanxa/	/ˈθanxa/	[ˈθanxa] 沟渠<名>
mayonesa	/maʝoˈnesa/	/maʝoˈnesa/	[maʝoˈnesa] 蛋黄酱<名>
psiquiatría	/sikjaˈtɾia/	/sikjaˈtɾia/	[sikjaˈtɾia] 精神病学<名>
callao	/kaˈʝao/	/kaˈʝao/	[kaˈʝao] 沉默的；安静的；卡亚俄（秘鲁港市）<名>
plástica	/ˈplastika/	/ˈplastika/	[ˈplastika] 塑料<名>
retrasar	/retɾaˈsaɾ/	/retɾaˈsaɾ/	[retɾaˈsaɾ] 延迟<动>
plateado	/plateˈado/	/plateˈado/	[plateˈado] 银<名>
guisante	/ɡiˈsante/	/ɡiˈsante/	[ɡiˈsante] 豌豆<名>
actualización	/aɡtwaliθaˈθjon/	/aɡtwaliθaˈθjon/	[aɡtwaliθaˈθjon] 更新<名>
subconsciente	/subkonsˈθjente/	/subkonsˈθjente/	[subkonsˈθjente] 潜意识<形>
comprensivo	/kompɾenˈsibo/	/kompɾenˈsibo/	[kompɾenˈsibo] 理解<形>
revuelta	/reˈbwelta/	/reˈbwelta/	[reˈbwelta] 反抗<名>
magnético	/maɡˈnetiko/	/maɡˈnetiko/	[maɡˈnetiko] 磁性的<形>
non	/ˈnon/	/ˈnon/	[ˈnon] 不<形>
vegetariano	/bexetaˈɾjano/	/bexetaˈɾjano/	[bexetaˈɾjano] 素食主义者<名>
caluroso	/kaluˈɾoso/	/kaluˈɾoso/	[kaluˈɾoso] 热<形>
animación	/animaˈθjon/	/animaˈθjon/	[animaˈθjon] 动画<名>
acre	/ˈakɾe/	/ˈakɾe/	[/ˈakɾe/] 辛辣的<形>；刺激的<形>；刻薄的<形><noun>
externo	/eɡsˈteɾno/	/eɡsˈteɾno/	[eɡsˈteɾno] 外部的<形>
ganga	/ˈɡanɡa/	/ˈɡanɡa/	[ˈɡanɡa] 便宜货；划算的交易<名>
playboy	/plajbˈoj/	/plajbˈoj/	花花公子<名>
ascender	/asθenˈdeɾ/	/asθenˈdeɾ/	[asθenˈdeɾ] 上升<动>
recluta	/reˈkluta/	/reˈkluta/	[/reˈkluta/] 新兵<名><noun>
tristemente	/ˌtɾisteˈmente/	/ˌtɾisteˈmente/	[ˌtɾisteˈmente] 可悲的是<副>
ping	/ˈpinɡ/	/ˈpinɡ/	[ˈpinɡ] 乒声；网络延迟<名>
tornillo	/toɾˈniʝo/	/toɾˈniʝo/	[toɾˈniʝo] 螺丝<名>
orgía	/oɾˈxia/	/oɾˈxia/	[oɾˈxia] 狂欢<名>
mordisco	/moɾˈdisko/	/moɾˈdisko/	[moɾˈdisko] 咬<名>
terciopelo	/teɾθjoˈpelo/	/teɾθjoˈpelo/	[teɾθjoˈpelo] 天鹅绒<名>
orar	/oˈɾaɾ/	/oˈɾaɾ/	[oˈɾaɾ] 祈祷<动>
llenado	/ʝeˈnado/	/ʝeˈnado/	[ʝeˈnado] 填充<名>
revolver	/rebolˈbeɾ/	/rebolˈbeɾ/	[rebolˈbeɾ] 搅拌<动>
cordura	/koɾˈduɾa/	/koɾˈduɾa/	[koɾˈduɾa] 理智<名>
coste	/ˈkoste/	/ˈkoste/	[ˈkoste] 成本<名>
colisión	/koliˈsjon/	/koliˈsjon/	[koliˈsjon] 碰撞<名>
abusar	/abuˈsaɾ/	/abuˈsaɾ/	[abuˈsaɾ] 滥用<动>
suplente	/suˈplente/	/suˈplente/	[/suˈplente/] 替补者<名><noun>
pocilga	/poˈθilɡa/	/poˈθilɡa/	[poˈθilɡa] 猪圈<名>
sirio	/ˈsiɾjo/	/ˈsiɾjo/	[ˈsiɾjo] 叙利亚<名>
imprimir	/impɾiˈmiɾ/	/impɾiˈmiɾ/	[impɾiˈmiɾ] 打印<动>
aula	/ˈaula/	/ˈaula/	[ˈaula] 课堂<名>
emocionar	/emoθjoˈnaɾ/	/emoθjoˈnaɾ/	[emoθjoˈnaɾ] 激发<动>
feto	/ˈfeto/	/ˈfeto/	[ˈfeto] 胎儿<名>
suspender	/suspenˈdeɾ/	/suspenˈdeɾ/	[suspenˈdeɾ] 暂停<动>
enfado	/enˈfado/	/enˈfado/	[enˈfado] 愤怒<名>
copiar	/koˈpjaɾ/	/koˈpjaɾ/	[koˈpjaɾ] 复制<动>
ocasionalmente	/okasjoˌnalˈmente/	/okasjoˌnalˈmente/	[okasjoˌnalˈmente] 偶尔<副>
inmoral	/immoˈɾal/	/immoˈɾal/	[immoˈɾal] 不道德的<形>
financiar	/finanˈθjaɾ/	/finanˈθjaɾ/	[finanˈθjaɾ] 金融<动>
sabotaje	/saboˈtaxe/	/saboˈtaxe/	[saboˈtaxe] 破坏<名>
carril	/kaˈril/	/kaˈril/	[kaˈril] 车道<名>
romero	/roˈmeɾo/	/roˈmeɾo/	[roˈmeɾo] 迷迭香<名>
borrador	/boraˈdoɾ/	/boraˈdoɾ/	[boraˈdoɾ] 草案<名>
maura	/ˈmauɾa/	/ˈmauɾa/	[/ˈmauɾa/] 摩尔女人（mauro的阴性形式）<noun>
duela	/ˈdwela/	/ˈdwela/	[ˈdwela] 板条<名>
cuchilla	/kuˈt͡ʃiʝa/	/kuˈt͡ʃiʝa/	[kuˈt͡ʃiʝa] 刀片<名>
clemencia	/kleˈmenθja/	/kleˈmenθja/	[kleˈmenθja] 宽大处理<名>
comunión	/komuˈnjon/	/komuˈnjon/	[komuˈnjon] 圣餐<名>
exclusivamente	/eɡskluˌsibaˈmente/	/eɡskluˌsibaˈmente/	[eɡskluˌsibaˈmente] 独家<副>
sonado	/soˈnado/	/soˈnado/	[soˈnado] 响起<形>
eclipse	/eˈklibse/	/eˈklibse/	[eˈklibse] 日食<名>
sensei	/ˈsensei/	/ˈsensei/	[/ˈsensei/] 老师；师傅；先生<noun>
restricción	/restɾiɡˈθjon/	/restɾiɡˈθjon/	[restɾiɡˈθjon] 限制<名>
comunismo	/komuˈnismo/	/komuˈnismo/	[komuˈnismo] 共产主义<名>
pronóstico	/pɾoˈnostiko/	/pɾoˈnostiko/	[pɾoˈnostiko] 预测<名>
recaudar	/rekauˈdaɾ/	/rekauˈdaɾ/	[/rekauˈdaɾ/] 征收；筹集（款项）<verb>
almacenamiento	/almaθenaˈmjento/	/almaθenaˈmjento/	[almaθenaˈmjento] 存储<名>
sarcasmo	/saɾˈkasmo/	/saɾˈkasmo/	[saɾˈkasmo] 讽刺<名>
casualmente	/ˌkaswalˈmente/	/ˌkaswalˈmente/	[ˌkaswalˈmente] 随意地<副>
brevemente	/ˌbɾebeˈmente/	/ˌbɾebeˈmente/	[ˌbɾebeˈmente] 简要地<副>
leopardo	/leoˈpaɾdo/	/leoˈpaɾdo/	[leoˈpaɾdo] 豹子<名>
muscular	/muskuˈlaɾ/	/muskuˈlaɾ/	[muskuˈlaɾ] 肌肉发达的<动>
filósofo	/fiˈlosofo/	/fiˈlosofo/	[fiˈlosofo] 哲学家<名>
barbero	/baɾˈbeɾo/	/baɾˈbeɾo/	[baɾˈbeɾo] 理发师<名>
embarque	/emˈbaɾke/	/emˈbaɾke/	[emˈbaɾke] 登机<名>
malditamente	/malˌditaˈmente/	/malˌditaˈmente/	[malˌditaˈmente] 该死的<副>
herrero	/eˈreɾo/	/eˈreɾo/	[eˈreɾo] 铁匠<名>
invención	/imbenˈθjon/	/imbenˈθjon/	[imbenˈθjon] 发明<名>
colmo	/ˈkolmo/	/ˈkolmo/	[ˈkolmo] 最后一根稻草<名>
cafeína	/kafeˈina/	/kafeˈina/	[kafeˈina] 咖啡因<名>
prenda	/ˈpɾenda/	/ˈpɾenda/	[ˈpɾenda] 服装<名>
latino	/laˈtino/	/laˈtino/	[/laˈtino/] 拉丁美洲人；拉丁裔的<noun>
pulmonar	/pulmoˈnaɾ/	/pulmoˈnaɾ/	[pulmoˈnaɾ] 肺部的<形>
descendiente	/desθenˈdjente/	/desθenˈdjente/	[desθenˈdjente] 后裔<名>
contribuir	/kontɾiˈbwiɾ/	/kontɾiˈbwiɾ/	[kontɾiˈbwiɾ] 贡献<动>
uranio	/uˈɾanjo/	/uˈɾanjo/	[uˈɾanjo] 铀<名>
dinámica	/diˈnamika/	/diˈnamika/	[diˈnamika] 动态<名>
antro	/ˈantɾo/	/ˈantɾo/	[/ˈantɾo/] 洞穴；巢穴；藏污纳垢的场所<noun>
rae	/ˈrae/	/ˈrae/	[/ˈrae/] 西班牙皇家语言学院（RAE）<noun>
precipicio	/pɾeθiˈpiθjo/	/pɾeθiˈpiθjo/	[pɾeθiˈpiθjo] 悬崖<名>
aldeano	/aldeˈano/	/aldeˈano/	[aldeˈano] 村民<名>
usuario	/uˈswaɾjo/	/uˈswaɾjo/	[uˈswaɾjo] 用户<名>
obsequio	/obˈsekjo/	/obˈsekjo/	[obˈsekjo] 礼物<名>
aparente	/apaˈɾente/	/apaˈɾente/	[apaˈɾente] 明显的<形>
porcelana	/poɾθeˈlana/	/poɾθeˈlana/	[poɾθeˈlana] 瓷器<名>
cruda	/ˈkɾuda/	/ˈkɾuda/	[ˈkɾuda] 原始的<名>
tomografía	/tomoɡɾaˈfia/	/tomoɡɾaˈfia/	[tomoɡɾaˈfia] 断层扫描<名>
rendición	/rendiˈθjon/	/rendiˈθjon/	[rendiˈθjon] 投降<名>
comestible	/komesˈtible/	/komesˈtible/	[komesˈtible] 可食用的<名>
arrojado	/aroˈxado/	/aroˈxado/	[aroˈxado] 抛出<形>
descarado	/deskaˈɾado/	/deskaˈɾado/	[deskaˈɾado] 无耻的<形>
barman	/ˈbaɾman/	/ˈbaɾman/	[ˈbaɾman] 调酒师<名>
depredador	/depɾedaˈdoɾ/	/depɾedaˈdoɾ/	[depɾedaˈdoɾ] 捕食者<名>
sonriente	/sonˈrjente/	/sonˈrjente/	[sonˈrjente] 微笑着<形>
mapache	/maˈpat͡ʃe/	/maˈpat͡ʃe/	[maˈpat͡ʃe] 浣熊<名>
tentador	/tentaˈdoɾ/	/tentaˈdoɾ/	[tentaˈdoɾ] 诱人的<形>
creatividad	/kɾeatibiˈdad/	/kɾeatibiˈdad/	[kɾeatibiˈdad] 创造力<名>
llanta	/ˈʝanta/	/ˈʝanta/	[/ˈʝanta/] 轮胎；轮辋<名><noun>
teta	/ˈteta/	/ˈteta/	[/ˈteta/] 乳房；乳头<noun>
estéril	/esˈteɾil/	/esˈteɾil/	[/esˈteɾil/] 不育的；贫瘠的；无菌的<形><adj>
cava	/ˈkaba/	/ˈkaba/	[ˈkaba] 挖<名>
mu	/ˈmu/	/ˈmu/	[/ˈmu/] 亩（中国面积单位）<noun>
alzheimer	/alˈθeimeɾ/	/alˈθeimeɾ/	[alˈθeimeɾ] 阿尔茨海默氏症<名>
distribuidor	/distɾibwiˈdoɾ/	/distɾibwiˈdoɾ/	[distɾibwiˈdoɾ] 分销商<名>
sujetar	/suxeˈtaɾ/	/suxeˈtaɾ/	[suxeˈtaɾ] 保持<动>
invite	/imˈbite/	/imˈbite/	[/imˈbite/] invitar的虚拟式（请柬应为invitación）<noun>
captar	/kabˈtaɾ/	/kabˈtaɾ/	[kabˈtaɾ] 捕获<动>
remo	/ˈremo/	/ˈremo/	[/ˈremo/] 船桨；划船<noun>
cínico	/ˈθiniko/	/ˈθiniko/	[ˈθiniko] 愤世嫉俗的<名>
chiquito	/t͡ʃiˈkito/	/t͡ʃiˈkito/	[/t͡ʃiˈkito/] 小的<形><noun>
frecuentemente	/fɾeˌkwenteˈmente/	/fɾeˌkwenteˈmente/	[fɾeˌkwenteˈmente] 经常<副>
aparcar	/apaɾˈkaɾ/	/apaɾˈkaɾ/	[/apaɾˈkaɾ/] 停放（车辆）<verb>
participante	/paɾtiθiˈpante/	/paɾtiθiˈpante/	[paɾtiθiˈpante] 参与者<名>
informático	/infoɾˈmatiko/	/infoɾˈmatiko/	[infoɾˈmatiko] 计算机科学家<名>
rienda	/ˈrjenda/	/ˈrjenda/	[ˈrjenda] 缰绳<名>
yogur	/ʝoˈɡuɾ/	/ʝoˈɡuɾ/	[ʝoˈɡuɾ] 酸奶<名>
cadete	/kaˈdete/	/kaˈdete/	[kaˈdete] 学员<名>
vocabulario	/bokabuˈlaɾjo/	/bokabuˈlaɾjo/	[bokabuˈlaɾjo] 词汇<名>
coleccionista	/koleɡθjoˈnista/	/koleɡθjoˈnista/	[koleɡθjoˈnista] 收藏家<名>
racial	/raˈθjal/	/raˈθjal/	[raˈθjal] 种族<形>
denegado	/deneˈɡado/	/deneˈɡado/	[deneˈɡado] 被拒绝<形>
competente	/kompeˈtente/	/kompeˈtente/	[kompeˈtente] 有能力的<形>
laptop	/ˈlabtop/	/ˈlabtop/	[ˈlabtop] 笔记本电脑<名>
manía	/maˈnia/	/maˈnia/	[maˈnia] 狂热<名>
aspirante	/aspiˈɾante/	/aspiˈɾante/	[aspiˈɾante] 申请人<名>
cascada	/kasˈkada/	/kasˈkada/	[kasˈkada] 瀑布<名>
asteroide	/asteˈɾoide/	/asteˈɾoide/	[asteˈɾoide] 小行星<名>
condescendiente	/kondesθenˈdjente/	/kondesθenˈdjente/	[kondesθenˈdjente] 居高临下的<形>
contagioso	/kontaˈxjoso/	/kontaˈxjoso/	[kontaˈxjoso] 具有传染性的<形>
violeta	/bjoˈleta/	/bjoˈleta/	[bjoˈleta] 紫罗兰色<名>
automática	/autoˈmatika/	/autoˈmatika/	[/autoˈmatika/] 自动的<形><noun>
elevar	/eleˈbaɾ/	/eleˈbaɾ/	[eleˈbaɾ] 提高<动>
pose	/ˈpose/	/ˈpose/	[ˈpose] 姿势<名>
civilizado	/θibiliˈθado/	/θibiliˈθado/	[θibiliˈθado] 文明的<形>
cónsul	/ˈkonsul/	/ˈkonsul/	[ˈkonsul] 领事<名>
diseñar	/diseˈɲaɾ/	/diseˈɲaɾ/	[diseˈɲaɾ] 设计<动>
académico	/akaˈdemiko/	/akaˈdemiko/	[akaˈdemiko] 学术的<名>
ético	/ˈetiko/	/ˈetiko/	[ˈetiko] 道德的<形>
atravesado	/atɾabeˈsado/	/atɾabeˈsado/	[atɾabeˈsado] 交叉的<形>
vaciar	/baˈθjaɾ/	/baˈθjaɾ/	[/baˈθjaɾ/] 倒空；清空<verb>
festín	/fesˈtin/	/fesˈtin/	[fesˈtin] 盛宴<名>
ofrenda	/oˈfɾenda/	/oˈfɾenda/	[oˈfɾenda] 奉献<名>
adversario	/adbeɾˈsaɾjo/	/adbeɾˈsaɾjo/	[adbeɾˈsaɾjo] 对手<名>
lasaña	/laˈsaɲa/	/laˈsaɲa/	[laˈsaɲa] 烤宽面条<名>
navideño	/nabiˈdeɲo/	/nabiˈdeɲo/	[nabiˈdeɲo] 圣诞节<名>
muralla	/muˈɾaʝa/	/muˈɾaʝa/	[muˈɾaʝa] 墙<名>
ártico	/ˈaɾtiko/	/ˈaɾtiko/	[ˈaɾtiko] 北极的<形>
moribundo	/moɾiˈbundo/	/moɾiˈbundo/	[moɾiˈbundo] 垂死<形>
estirar	/estiˈɾaɾ/	/estiˈɾaɾ/	[estiˈɾaɾ] 伸展<动>
testarudo	/testaˈɾudo/	/testaˈɾudo/	[testaˈɾudo] 固执的<形>
madurar	/maduˈɾaɾ/	/maduˈɾaɾ/	[/maduˈɾaɾ/] 成熟；使成熟<verb>
matadero	/mataˈdeɾo/	/mataˈdeɾo/	[mataˈdeɾo] 屠宰场<名>
publicación	/publikaˈθjon/	/publikaˈθjon/	[publikaˈθjon] 出版<名>
prado	/ˈpɾado/	/ˈpɾado/	[ˈpɾado] 草地<名>
alucinar	/aluθiˈnaɾ/	/aluθiˈnaɾ/	[aluθiˈnaɾ] 产生幻觉<动>
procura	/pɾoˈkuɾa/	/pɾoˈkuɾa/	[/pɾoˈkuɾa/] 努力<名>；照料<名><noun>
jengibre	/xenˈxibɾe/	/xenˈxibɾe/	[xenˈxibɾe] 生姜<名>
buitre	/ˈbwitɾe/	/ˈbwitɾe/	[ˈbwitɾe] 秃鹫<名>
funda	/ˈfunda/	/ˈfunda/	[ˈfunda] 案例<名>
taladro	/taˈladɾo/	/taˈladɾo/	[taˈladɾo] 钻<名>
semáforo	/seˈmafoɾo/	/seˈmafoɾo/	[seˈmafoɾo] 交通灯<名>
ny	/ˈni/	/ˈni/	[ˈni] 纽约<名>
acuario	/aˈkwaɾjo/	/aˈkwaɾjo/	[aˈkwaɾjo] 水族馆<名>
sediento	/seˈdjento/	/seˈdjento/	[seˈdjento] 渴了<形>
ultra	/ˈultɾa/	/ˈultɾa/	[ˈultɾa] 超<名>
cardiaco	/kaɾˈdjako/	/kaɾˈdjako/	[kaɾˈdjako] 心脏的<形>
accesorio	/aɡθeˈsoɾjo/	/aɡθeˈsoɾjo/	[aɡθeˈsoɾjo] 配件<名>
animador	/animaˈdoɾ/	/animaˈdoɾ/	[/animaˈdoɾ/] 动画师；主持人；鼓舞者<名><noun>
parálisis	/paˈɾalisis/	/paˈɾalisis/	[paˈɾalisis] 瘫痪<名>
subida	/suˈbida/	/suˈbida/	[suˈbida] 上升<名>
destripador	/destɾipaˈdoɾ/	/destɾipaˈdoɾ/	[destɾipaˈdoɾ] 开膛手<名>
progresar	/pɾoɡɾeˈsaɾ/	/pɾoɡɾeˈsaɾ/	[pɾoɡɾeˈsaɾ] 进展<动>
yanqui	/ˈʝanki/	/ˈʝanki/	[ˈʝanki] 洋基队<名>
manchado	/manˈt͡ʃado/	/manˈt͡ʃado/	[manˈt͡ʃado] 染色的<形>
restante	/resˈtante/	/resˈtante/	[resˈtante] 剩余<名>
rabo	/ˈrabo/	/ˈrabo/	[ˈrabo] 尾巴<名>
refrescante	/refɾesˈkante/	/refɾesˈkante/	[refɾesˈkante] 清爽<形>
simulacro	/simuˈlakɾo/	/simuˈlakɾo/	[/simuˈlakɾo/] 演习；模拟；彩排<noun>
escarabajo	/eskaɾaˈbaxo/	/eskaɾaˈbaxo/	[eskaɾaˈbaxo] 甲虫<名>
camisón	/kamiˈson/	/kamiˈson/	[kamiˈson] 睡衣<名>
asfixia	/asˈfiɡsja/	/asˈfiɡsja/	[asˈfiɡsja] 窒息<名>
invasor	/imbaˈsoɾ/	/imbaˈsoɾ/	[imbaˈsoɾ] 入侵者<名>
criticar	/kɾitiˈkaɾ/	/kɾitiˈkaɾ/	[kɾitiˈkaɾ] 批评<动>
capitolio	/kapiˈtoljo/	/kapiˈtoljo/	[kapiˈtoljo] 国会大厦<名>
proporcionar	/pɾopoɾθjoˈnaɾ/	/pɾopoɾθjoˈnaɾ/	[pɾopoɾθjoˈnaɾ] 提供<动>
portavoz	/ˌpoɾtaˈboθ/	/ˌpoɾtaˈboθ/	[ˌpoɾtaˈboθ] 发言人<名>
socialista	/soθjaˈlista/	/soθjaˈlista/	[soθjaˈlista] 社会主义者<名>
dardos	/ˈdaɾdos/	/ˈdaɾdos/	[ˈdaɾdos] 飞镖<名>
confortable	/konfoɾˈtable/	/konfoɾˈtable/	[konfoɾˈtable] 舒适<形>
recital	/reθiˈtal/	/reθiˈtal/	[reθiˈtal] 独奏会<名>
bronca	/ˈbɾonka/	/ˈbɾonka/	[ˈbɾonka] 愤怒<名>
sobretodo	/sobɾeˈtodo/	/sobɾeˈtodo/	[/sobɾeˈtodo/] 大衣；外套<noun>
bombón	/bomˈbon/	/bomˈbon/	[/bomˈbon/] 巧克力；（口）俊男/美女<noun>
formalidad	/foɾmaliˈdad/	/foɾmaliˈdad/	[foɾmaliˈdad] 形式<名>
jaguar	/xaˈɡwaɾ/	/xaˈɡwaɾ/	[xaˈɡwaɾ] 捷豹<名>
preliminares	/pɾelimiˈnaɾes/	/pɾelimiˈnaɾes/	[pɾelimiˈnaɾes] 预赛<名>
tortita	/toɾˈtita/	/toɾˈtita/	[toɾˈtita] 煎饼<名>
recogida	/rekoˈxida/	/rekoˈxida/	[rekoˈxida] 收藏<名>
pésame	/ˈpesame/	/ˈpesame/	[ˈpesame] 哀悼<名>
perverso	/peɾˈbeɾso/	/peɾˈbeɾso/	[peɾˈbeɾso] 反常的<形>
cabalgar	/kabalˈɡaɾ/	/kabalˈɡaɾ/	[kabalˈɡaɾ] 骑<动>
tirano	/tiˈɾano/	/tiˈɾano/	[tiˈɾano] 暴君<名>
demandante	/demanˈdante/	/demanˈdante/	[demanˈdante] 原告<名>
resplandor	/resplanˈdoɾ/	/resplanˈdoɾ/	[resplanˈdoɾ] 发光<名>
exquisito	/eɡskiˈsito/	/eɡskiˈsito/	[eɡskiˈsito] 精致的<形>
plantación	/plantaˈθjon/	/plantaˈθjon/	[plantaˈθjon] 种植园<名>
estatura	/estaˈtuɾa/	/estaˈtuɾa/	[estaˈtuɾa] 高度<名>
carecer	/kaɾeˈθeɾ/	/kaɾeˈθeɾ/	[kaɾeˈθeɾ] 缺乏<动>
teclado	/teˈklado/	/teˈklado/	[teˈklado] 键盘<名>
brutalmente	/bɾuˌtalˈmente/	/bɾuˌtalˈmente/	[bɾuˌtalˈmente] 残酷地<副>
lanzador	/lanθaˈdoɾ/	/lanθaˈdoɾ/	[lanθaˈdoɾ] 发射器<名>
franqueza	/fɾanˈkeθa/	/fɾanˈkeθa/	[fɾanˈkeθa] 坦率<名>
trayecto	/tɾaˈʝeɡto/	/tɾaˈʝeɡto/	[tɾaˈʝeɡto] 旅程<名>
aceptación	/aθebtaˈθjon/	/aθebtaˈθjon/	[aθebtaˈθjon] 接受<名>
excitación	/eɡsθitaˈθjon/	/eɡsθitaˈθjon/	[eɡsθitaˈθjon] 兴奋<名>
ocular	/okuˈlaɾ/	/okuˈlaɾ/	[okuˈlaɾ] 目镜<名>
finalista	/finaˈlista/	/finaˈlista/	[finaˈlista] 入围者<名>
independientemente	/indepenˌdjenteˈmente/	/indepenˌdjenteˈmente/	[indepenˌdjenteˈmente] 不管<副>
higiene	/iˈxjene/	/iˈxjene/	[iˈxjene] 卫生<名>
acercamiento	/aθeɾkaˈmjento/	/aθeɾkaˈmjento/	[aθeɾkaˈmjento] 方法<名>
clon	/ˈklon/	/ˈklon/	[ˈklon] 克隆<名>
remover	/remoˈbeɾ/	/remoˈbeɾ/	[remoˈbeɾ] 删除<动>
caracoles	/kaɾaˈkoles/	/kaɾaˈkoles/	[kaɾaˈkoles] 蜗牛<叹>
hipo	/ˈipo/	/ˈipo/	[ˈipo] 打嗝<名>
dixie	/ˈdiɡsi/	/ˈdiɡsi/	[ˈdiɡsi] 迪克西<名>
molde	/ˈmolde/	/ˈmolde/	[ˈmolde] 模具<名>
candado	/kanˈdado/	/kanˈdado/	[kanˈdado] 挂锁<名>
mariquita	/maɾiˈkita/	/maɾiˈkita/	[maɾiˈkita] 瓢虫<名>
bromista	/bɾoˈmista/	/bɾoˈmista/	[bɾoˈmista] 小丑<名>
políticamente	/poˌlitikaˈmente/	/poˌlitikaˈmente/	[poˌlitikaˈmente] 政治上<副>
beneficencia	/benefiˈθenθja/	/benefiˈθenθja/	[benefiˈθenθja] 慈善事业<名>
retardado	/retaɾˈdado/	/retaɾˈdado/	[retaɾˈdado] 迟钝的<名>
obligatorio	/obliɡaˈtoɾjo/	/obliɡaˈtoɾjo/	[obliɡaˈtoɾjo] 强制性的<形>
traviesa	/tɾaˈbjesa/	/tɾaˈbjesa/	[tɾaˈbjesa] 顽皮的<名>
husmear	/usmeˈaɾ/	/usmeˈaɾ/	[usmeˈaɾ] 窥探<动>
soberano	/sobeˈɾano/	/sobeˈɾano/	[sobeˈɾano] 主权<名>
invernadero	/imbeɾnaˈdeɾo/	/imbeɾnaˈdeɾo/	[imbeɾnaˈdeɾo] 温室<名>
frecuente	/fɾeˈkwente/	/fɾeˈkwente/	[fɾeˈkwente] 经常的<形>
anhelo	/aˈnelo/	/aˈnelo/	[aˈnelo] 渴望<名>
picar	/piˈkaɾ/	/piˈkaɾ/	[piˈkaɾ] 砍<动>
quicio	/ˈkiθjo/	/ˈkiθjo/	[/ˈkiθjo/] 门框；门轴<noun>
bombardero	/bombaɾˈdeɾo/	/bombaɾˈdeɾo/	[bombaɾˈdeɾo] 轰炸机<名>
arándano	/aˈɾandano/	/aˈɾandano/	[aˈɾandano] 蓝莓<名>
implante	/imˈplante/	/imˈplante/	[imˈplante] 植入物<名>
patente	/paˈtente/	/paˈtente/	[paˈtente] 专利<名>
estiércol	/esˈtjeɾkol/	/esˈtjeɾkol/	[esˈtjeɾkol] 粪肥<名>
desventaja	/desbenˈtaxa/	/desbenˈtaxa/	[desbenˈtaxa] 劣势<名>
mafioso	/maˈfjoso/	/maˈfjoso/	[maˈfjoso] 黑帮<名>
extravagante	/eɡstɾabaˈɡante/	/eɡstɾabaˈɡante/	[eɡstɾabaˈɡante] 奢侈的<形>
derramar	/deraˈmaɾ/	/deraˈmaɾ/	[deraˈmaɾ] 泄漏<动>
edén	/eˈden/	/eˈden/	[eˈden] 伊甸园<名>
ancestral	/anθesˈtɾal/	/anθesˈtɾal/	[anθesˈtɾal] 祖传的<形>
vengador	/benɡaˈdoɾ/	/benɡaˈdoɾ/	[benɡaˈdoɾ] 复仇者<名>
genéticamente	/xeˌnetikaˈmente/	/xeˌnetikaˈmente/	[xeˌnetikaˈmente] 遗传上<副>
imitar	/imiˈtaɾ/	/imiˈtaɾ/	[imiˈtaɾ] 模仿<动>
mareo	/maˈɾeo/	/maˈɾeo/	[maˈɾeo] 头晕<名>
brutalidad	/bɾutaliˈdad/	/bɾutaliˈdad/	[bɾutaliˈdad] 残暴<名>
ceniza	/θeˈniθa/	/θeˈniθa/	[θeˈniθa] 灰烬<名>
cupón	/kuˈpon/	/kuˈpon/	[kuˈpon] 优惠券<名>
octava	/oɡˈtaba/	/oɡˈtaba/	[oɡˈtaba] 八度<名>
colmillo	/kolˈmiʝo/	/kolˈmiʝo/	[/kolˈmiʝo/] 犬牙；獠牙<noun>
decisivo	/deθiˈsibo/	/deθiˈsibo/	[deθiˈsibo] 决定性的<形>
colono	/koˈlono/	/koˈlono/	[koˈlono] 定居者<名>
susurrar	/susuˈraɾ/	/susuˈraɾ/	[susuˈraɾ] 耳语<动>
abatido	/abaˈtido/	/abaˈtido/	[abaˈtido] 沮丧的<形>
búho	/ˈbuo/	/ˈbuo/	[ˈbuo] 猫头鹰<名>
patinaje	/patiˈnaxe/	/patiˈnaxe/	[patiˈnaxe] 滑冰<名>
adorno	/aˈdoɾno/	/aˈdoɾno/	[aˈdoɾno] 装饰品<名>
acorde	/aˈkoɾde/	/aˈkoɾde/	[aˈkoɾde] 和弦<名>
calificado	/kalifiˈkado/	/kalifiˈkado/	[kalifiˈkado] 合格的<形>
cliché	/kliˈt͡ʃe/	/kliˈt͡ʃe/	[kliˈt͡ʃe] 陈词滥调<名>
escasez	/eskaˈseθ/	/eskaˈseθ/	[eskaˈseθ] 稀缺性<名>
delegado	/deleˈɡado/	/deleˈɡado/	[deleˈɡado] 代表<名>
convicción	/kombiɡˈθjon/	/kombiɡˈθjon/	[kombiɡˈθjon] 信念<名>
memorial	/memoˈɾjal/	/memoˈɾjal/	[/memoˈɾjal/] 请愿书；陈述书<名><noun>
flote	/ˈflote/	/ˈflote/	[ˈflote] 浮动<名>
fertilidad	/feɾtiliˈdad/	/feɾtiliˈdad/	[feɾtiliˈdad] 生育力<名>
yakuza	/ʝaˈkuθa/	/ʝaˈkuθa/	[ʝaˈkuθa] 黑帮<名>
duración	/duɾaˈθjon/	/duɾaˈθjon/	[duɾaˈθjon] 持续时间<名>
aura	/ˈauɾa/	/ˈauɾa/	[ˈauɾa] 光环<名>
apto	/ˈabto/	/ˈabto/	[ˈabto] 适合<形>
petra	/ˈpetɾa/	/ˈpetɾa/	[/ˈpetɾa/] 佩特拉<noun>
rin	/ˈrin/	/ˈrin/	[/ˈrin/] 莱茵河<noun>
párrafo	/ˈparafo/	/ˈparafo/	[ˈparafo] 段落<名>
coyote	/koˈʝote/	/koˈʝote/	[koˈʝote] 土狼<名>
finalizar	/finaliˈθaɾ/	/finaliˈθaɾ/	[finaliˈθaɾ] 完成<动>
vih	/ˌube ˌi ˈat͡ʃe/	/ˌube ˌi ˈat͡ʃe/	[ˌube ˌi ˈat͡ʃe] 艾滋病毒<名>
pi	/ˈpi/	/ˈpi/	[ˈpi] 圆周率<名>
suspenso	/susˈpenso/	/susˈpenso/	[susˈpenso] 悬念<名>
metrópolis	/meˈtɾopolis/	/meˈtɾopolis/	大都会<名>
disgusto	/disˈɡusto/	/disˈɡusto/	[disˈɡusto] 厌恶<名>
emisora	/emiˈsoɾa/	/emiˈsoɾa/	[/emiˈsoɾa/] 电台；广播电台<noun>
bowl	/ˈbol/	/ˈbol/	[ˈbol] 碗<名>
vidente	/biˈdente/	/biˈdente/	[biˈdente] 通灵的<名>
liar	/ˈljaɾ/	/ˈljaɾ/	[ˈljaɾ] 混乱<动>
vejiga	/beˈxiɡa/	/beˈxiɡa/	[beˈxiɡa] 膀胱<名>
fez	/ˈfeθ/	/ˈfeθ/	[/ˈfeθ/] 菲斯帽<名><noun>
arabio	/aɾabˈio/	/aɾabˈio/	阿拉伯<形>
siervo	/ˈsjeɾbo/	/ˈsjeɾbo/	[ˈsjeɾbo] 仆人<名>
directorio	/diɾeɡˈtoɾjo/	/diɾeɡˈtoɾjo/	[diɾeɡˈtoɾjo] 目录<名>
pinche	/ˈpint͡ʃe/	/ˈpint͡ʃe/	[/ˈpint͡ʃe/] 厨房帮工；（墨西哥俚语）该死的<noun>
penitencia	/peniˈtenθja/	/peniˈtenθja/	[peniˈtenθja] 苦行<名>
anotado	/anoˈtado/	/anoˈtado/	[anoˈtado] 带注释的<形>
foro	/ˈfoɾo/	/ˈfoɾo/	[ˈfoɾo] 论坛<名>
urgentemente	/uɾˌxenteˈmente/	/uɾˌxenteˈmente/	[uɾˌxenteˈmente] 紧急地<副>
trescientos	/tɾesˈθjentos/	/tɾesˈθjentos/	[tɾesˈθjentos] 三百<数>
trinchera	/tɾinˈt͡ʃeɾa/	/tɾinˈt͡ʃeɾa/	[tɾinˈt͡ʃeɾa] 战壕<名>
orgánico	/oɾˈɡaniko/	/oɾˈɡaniko/	[oɾˈɡaniko] 有机的<形>
deshecho	/deˈset͡ʃo/	/deˈset͡ʃo/	[/deˈset͡ʃo/] 拆散的；解开的；融化的<adj>
cariñosa	/kaɾiˈɲosa/	/kaɾiˈɲosa/	[kaɾiˈɲosa] 深情的<名>
principiante	/pɾinθiˈpjante/	/pɾinθiˈpjante/	[pɾinθiˈpjante] 初学者<名>
huerto	/ˈw̝eɾto/	/ˈw̝eɾto/	[/ˈw̝eɾto/] 菜园<名><noun>
indemnización	/indemniθaˈθjon/	/indemniθaˈθjon/	[indemniθaˈθjon] 补偿<名>
chili	/ˈt͡ʃili/	/ˈt͡ʃili/	[ˈt͡ʃili] 辣椒<名>
redondo	/reˈdondo/	/reˈdondo/	[reˈdondo] 圆形<形>
céntimo	/ˈθentimo/	/ˈθentimo/	[ˈθentimo] 分<名>
fundido	/funˈdido/	/funˈdido/	[/funˈdido/] 熔化的；熔合的；破产的<adj>
citar	/θiˈtaɾ/	/θiˈtaɾ/	[/θiˈtaɾ/] 引用；约定；传唤<verb>
anatomía	/anatoˈmia/	/anatoˈmia/	[anatoˈmia] 解剖学<名>
bu	/ˈbu/	/ˈbu/	[/ˈbu/] 呜；嘘（吓人声）<intj>
destornillador	/destoɾniʝaˈdoɾ/	/destoɾniʝaˈdoɾ/	[destoɾniʝaˈdoɾ] 螺丝刀<名>
prender	/pɾenˈdeɾ/	/pɾenˈdeɾ/	[/pɾenˈdeɾ/] 点燃；逮捕；开启（拉美）<verb>
imperdonable	/impeɾdoˈnable/	/impeɾdoˈnable/	[impeɾdoˈnable] 不可原谅的<形>
sobresaliente	/sobɾesaˈljente/	/sobɾesaˈljente/	[sobɾesaˈljente] 杰出的<形>
ketchup	/ˈkedt͡ʃup/	/ˈkedt͡ʃup/	[ˈkedt͡ʃup] 番茄酱<名>
teatral	/teaˈtɾal/	/teaˈtɾal/	[teaˈtɾal] 戏剧性的<形>
donut	/ˈdonut/	/ˈdonut/	[ˈdonut] 甜甜圈<名>
posponer	/pospoˈneɾ/	/pospoˈneɾ/	[pospoˈneɾ] 推迟<动>
desagüe	/deˈsaɡwe/	/deˈsaɡwe/	[deˈsaɡwe] 排水管<名>
tirón	/tiˈɾon/	/tiˈɾon/	[tiˈɾon] 拉<名>
germen	/ˈxeɾmen/	/ˈxeɾmen/	[ˈxeɾmen] 胚芽<名>
buceo	/buˈθeo/	/buˈθeo/	[buˈθeo] 潜水<名>
obediencia	/obeˈdjenθja/	/obeˈdjenθja/	[obeˈdjenθja] 服从<名>
fracasar	/fɾakaˈsaɾ/	/fɾakaˈsaɾ/	[fɾakaˈsaɾ] 失败<动>
anticipo	/antiˈθipo/	/antiˈθipo/	[antiˈθipo] 提前<名>
alza	/ˈalθa/	/ˈalθa/	[ˈalθa] 上升<名>
calavera	/kalaˈbeɾa/	/kalaˈbeɾa/	[kalaˈbeɾa] 头骨<名>
remotamente	/reˌmotaˈmente/	/reˌmotaˈmente/	[reˌmotaˈmente] 远程<副>
charlatán	/t͡ʃaɾlaˈtan/	/t͡ʃaɾlaˈtan/	[t͡ʃaɾlaˈtan] 江湖骗子<名>
sable	/ˈsable/	/ˈsable/	[ˈsable] 军刀<名>
heroico	/eˈɾoiko/	/eˈɾoiko/	[eˈɾoiko] 英雄的<形>
reliquia	/reˈlikja/	/reˈlikja/	[reˈlikja] 遗物<名>
preocupante	/pɾeokuˈpante/	/pɾeokuˈpante/	[pɾeokuˈpante] 令人担忧<形>
formalmente	/ˌfoɾmalˈmente/	/ˌfoɾmalˈmente/	[ˌfoɾmalˈmente] 正式地<副>
medieval	/medjeˈbal/	/medjeˈbal/	[medjeˈbal] 中世纪的<形>
cáscara	/ˈkaskaɾa/	/ˈkaskaɾa/	[ˈkaskaɾa] 外壳<名>
quebrar	/keˈbɾaɾ/	/keˈbɾaɾ/	[keˈbɾaɾ] 打破<动>
vejez	/beˈxeθ/	/beˈxeθ/	[beˈxeθ] 晚年<名>
congregación	/konɡɾeɡaˈθjon/	/konɡɾeɡaˈθjon/	[konɡɾeɡaˈθjon] 会众<名>
delicadeza	/delikaˈdeθa/	/delikaˈdeθa/	[/delikaˈdeθa/] 精致；温柔；体贴<noun>
ruleta	/ruˈleta/	/ruˈleta/	[ruˈleta] 轮盘赌<名>
galán	/ɡaˈlan/	/ɡaˈlan/	[/ɡaˈlan/] 美男子；男主角；求爱者<noun>
adulterio	/adulˈteɾjo/	/adulˈteɾjo/	[adulˈteɾjo] 通奸<名>
ración	/raˈθjon/	/raˈθjon/	[raˈθjon] 口粮<名>
enorgullecer	/enoɾɡuʝeˈθeɾ/	/enoɾɡuʝeˈθeɾ/	[enoɾɡuʝeˈθeɾ] 使感到自豪<动>
secretamente	/seˌkɾetaˈmente/	/seˌkɾetaˈmente/	[seˌkɾetaˈmente] 偷偷地<副>
credencial	/kɾedenˈθjal/	/kɾedenˈθjal/	[kɾedenˈθjal] 凭证<名>
anuario	/aˈnwaɾjo/	/aˈnwaɾjo/	[aˈnwaɾjo] 年鉴<名>
limosna	/liˈmosna/	/liˈmosna/	[liˈmosna] 施舍<名>
protectora	/pɾoteɡˈtoɾa/	/pɾoteɡˈtoɾa/	[pɾoteɡˈtoɾa] 保护性的<名>
gemido	/xeˈmido/	/xeˈmido/	[xeˈmido] 呻吟<名>
canso	/ˈkanso/	/ˈkanso/	[ˈkanso] 累了<形>
amaro	/aˈmaɾo/	/aˈmaɾo/	[aˈmaɾo] 阿马罗<名>
timo	/ˈtimo/	/ˈtimo/	[ˈtimo] 胸腺<名>
iluminar	/ilumiˈnaɾ/	/ilumiˈnaɾ/	[ilumiˈnaɾ] 照亮<动>
golosina	/ɡoloˈsina/	/ɡoloˈsina/	[ɡoloˈsina] 糖果<名>
condenar	/kondeˈnaɾ/	/kondeˈnaɾ/	[kondeˈnaɾ] 谴责<动>
cookie	/ˈkuki/	/ˈkuki/	[ˈkuki] 饼干<名>
quejo	/ˈkexo/	/ˈkexo/	[/ˈkexo/] queja（抱怨<名>）<noun>
mezquita	/meθˈkita/	/meθˈkita/	[meθˈkita] 清真寺<名>
defunción	/defunˈθjon/	/defunˈθjon/	[defunˈθjon] 死亡<名>
torrente	/toˈrente/	/toˈrente/	[toˈrente] 激流<名>
ceo	/ˈθeo/	/ˈθeo/	[ˈθeo] 首席执行官<名>
perturbado	/peɾtuɾˈbado/	/peɾtuɾˈbado/	[peɾtuɾˈbado] 不安的<形>
grial	/ˈɡɾjal/	/ˈɡɾjal/	[ˈɡɾjal] 圣杯<名>
anal	/aˈnal/	/aˈnal/	[aˈnal] 肛门<名>
irrumpir	/irumˈpiɾ/	/irumˈpiɾ/	[irumˈpiɾ] 闯入<动>
financiación	/finansjaˈsjon/	/finansjaˈsjon/	融资<名>
caimán	/kaiˈman/	/kaiˈman/	[kaiˈman] 鳄鱼<名>
quimioterapia	/kimjoteˈɾapja/	/kimjoteˈɾapja/	[kimjoteˈɾapja] 化疗<名>
panamá	/panaˈma/	/panaˈma/	巴拿马<名>
diabólico	/djaˈboliko/	/djaˈboliko/	[djaˈboliko] 恶魔般的<形>
copiloto	/kopiˈloto/	/kopiˈloto/	[kopiˈloto] 副驾驶<名>
afeitado	/afeiˈtado/	/afeiˈtado/	[afeiˈtado] 刮胡子<名>
radiografía	/radjoɡɾaˈfia/	/radjoɡɾaˈfia/	[radjoɡɾaˈfia] X射线<名>
controlador	/kontɾolaˈdoɾ/	/kontɾolaˈdoɾ/	[kontɾolaˈdoɾ] 控制器<名>
devoto	/deˈboto/	/deˈboto/	[deˈboto] 奉献者<名>
reservación	/reseɾbaˈθjon/	/reseɾbaˈθjon/	[reseɾbaˈθjon] 预订<名>
pasarela	/pasaˈɾela/	/pasaˈɾela/	[pasaˈɾela] 走秀<名>
cuántico	/ˈkwantiko/	/ˈkwantiko/	[ˈkwantiko] 量子<形>
biopsia	/ˈbjobsja/	/ˈbjobsja/	[ˈbjobsja] 活检<名>
tremendamente	/tɾeˌmendaˈmente/	/tɾeˌmendaˈmente/	[tɾeˌmendaˈmente] 极大地<副>
remate	/reˈmate/	/reˈmate/	[reˈmate] 拍卖<名>
modificar	/modifiˈkaɾ/	/modifiˈkaɾ/	[modifiˈkaɾ] 修改<动>
ahorcado	/aoɾˈkado/	/aoɾˈkado/	[aoɾˈkado] 绞死<名>
oponer	/opoˈneɾ/	/opoˈneɾ/	[opoˈneɾ] 反对<动>
boba	/ˈbouba/	/ˈbouba/	[ˈbouba] 愚蠢的<名>
manto	/ˈmanto/	/ˈmanto/	[ˈmanto] 斗篷<名>
run	/ɾˈun/	/ɾˈun/	[[ˈran] 跑；奔跑；跑步<noun>
intermediario	/inteɾmeˈdjaɾjo/	/inteɾmeˈdjaɾjo/	[inteɾmeˈdjaɾjo] 中介<名>
granuja	/ɡɾaˈnuxa/	/ɡɾaˈnuxa/	[ɡɾaˈnuxa] 流氓<名>
tumbado	/tumˈbado/	/tumˈbado/	[/tumˈbado/] 躺着的；平躺<adj>
melón	/meˈlon/	/meˈlon/	[meˈlon] 甜瓜<名>
torso	/ˈtoɾso/	/ˈtoɾso/	[ˈtoɾso] 躯干<名>
gaseosa	/ɡaseˈosa/	/ɡaseˈosa/	[ɡaseˈosa] 苏打水<名>
tarro	/ˈtaro/	/ˈtaro/	[ˈtaro] 罐子<名>
racismo	/raˈθismo/	/raˈθismo/	[raˈθismo] 种族主义<名>
rizar	/riˈθaɾ/	/riˈθaɾ/	[riˈθaɾ] 卷曲<动>
principe	/pɾinθˈipe/	/pɾinθˈipe/	王子<名>
fósforo	/ˈfosfoɾo/	/ˈfosfoɾo/	[/ˈfosfoɾo/] 火柴；磷<noun>
lencería	/lenθeˈɾia/	/lenθeˈɾia/	[lenθeˈɾia] 内衣<名>
desecho	/deˈset͡ʃo/	/deˈset͡ʃo/	[deˈset͡ʃo] 废物<名>
extendido	/eɡstenˈdido/	/eɡstenˈdido/	[eɡstenˈdido] 扩展<形>
kappa	/ˈkapa/	/ˈkapa/	[/ˈkapa/] 希腊字母 κ<名><noun>
drenaje	/dɾeˈnaxe/	/dɾeˈnaxe/	[dɾeˈnaxe] 排水<名>
colgante	/kolˈɡante/	/kolˈɡante/	[kolˈɡante] 吊坠<名>
penetrar	/peneˈtɾaɾ/	/peneˈtɾaɾ/	[peneˈtɾaɾ] 渗透<动>
mazo	/ˈmaθo/	/ˈmaθo/	[ˈmaθo] 木槌<名>
dársela	/ˈdaɾsela/	/ˈdaɾsela/	[/ˈdaɾsela/] 欺骗<动>（dar gato por liebre；常用语 dársela a alguien）<verb>
page	/pˈaxe/	/pˈaxe/	[[ˈpaχe]] （英语借词）页面<名><noun>
presenciar	/pɾesenˈθjaɾ/	/pɾesenˈθjaɾ/	[/pɾesenˈθjaɾ/] 目睹；在场见证<verb>
tao	/ˈtao/	/ˈtao/	[/ˈtao/] 道<noun>
preciado	/pɾeˈθjado/	/pɾeˈθjado/	[pɾeˈθjado] 珍贵的<形>
macarrones	/makaˈrones/	/makaˈrones/	[makaˈrones] 通心粉<名>
irregular	/ireɡuˈlaɾ/	/ireɡuˈlaɾ/	[ireɡuˈlaɾ] 不规则的<形>
buffet	/biˈfe/	/biˈfe/	[biˈfe] 自助餐<名>
descubierta	/deskuˈbjeɾta/	/deskuˈbjeɾta/	[/deskuˈbjeɾta/] 瞭望；值班瞭望<名><noun>
striptease	/esˈtɾibtis/	/esˈtɾibtis/	[esˈtɾibtis] 脱衣舞<名>
cacahuete	/kakaˈwete/	/kakaˈwete/	[kakaˈwete] 花生<名>
magnitud	/maɡniˈtud/	/maɡniˈtud/	[maɡniˈtud] 震级<名>
defendido	/defenˈdido/	/defenˈdido/	[defenˈdido] 辩护<名>
hedor	/eˈdoɾ/	/eˈdoɾ/	[eˈdoɾ] 恶臭<名>
duramente	/ˌduɾaˈmente/	/ˌduɾaˈmente/	[ˌduɾaˈmente] 严厉地<副>
afirmación	/afiɾmaˈθjon/	/afiɾmaˈθjon/	[afiɾmaˈθjon] 肯定<名>
idéntico	/iˈdentiko/	/iˈdentiko/	[iˈdentiko] 相同的<形>
noticiero	/notiθjeɾo/	/notiθjeɾo/	新闻片<名>
sincronizado	/sinkɾoniˈθado/	/sinkɾoniˈθado/	[sinkɾoniˈθado] 同步的<形>
retaguardia	/retaɣwaɾðja/	/retaɣwaɾðja/	后卫<名>
satisfactorio	/satisfaɡˈtoɾjo/	/satisfaɡˈtoɾjo/	[satisfaɡˈtoɾjo] 满意的<形>
fang	/ˈfan/	/ˈfan/	[/ˈfan/] 泥；泥浆<名>（应为 fango）<noun>
mosco	/ˈmosko/	/ˈmosko/	[/ˈmosko/] 虻；大蝇<名>（蚊子应为 mosquito）<noun>
reclutamiento	/reklutamjento/	/reklutamjento/	招聘<名>
toar	/toˈaɾ/	/toˈaɾ/	[/toˈaɾ/] 触摸<动>（应为 tocar）<verb>
pié	/ˈpje/	/ˈpje/	[/ˈpje/] 脚；足；底部；英尺<名>
arzobispo	/aɾθoˈbispo/	/aɾθoˈbispo/	[aɾθoˈbispo] 大主教<名>
celo	/ˈθelo/	/ˈθelo/	[ˈθelo] 热心<名>
compatible	/kompaˈtible/	/kompaˈtible/	[kompaˈtible] 兼容<形>
afilado	/afiˈlado/	/afiˈlado/	[afiˈlado] 锋利的<名>
tetera	/teˈteɾa/	/teˈteɾa/	[teˈteɾa] 茶壶<名>
delicia	/deˈliθja/	/deˈliθja/	[deˈliθja] 喜悦<名>
residir	/resiˈdiɾ/	/resiˈdiɾ/	[resiˈdiɾ] 居住<动>
mesero	/meˈseɾo/	/meˈseɾo/	[meˈseɾo] 服务员<名>
ovni	/ˈobni/	/ˈobni/	不明飞行物<名>
israelí	/israeˈli/	/israeˈli/	[israeˈli] 以色列人<名>
relacionar	/relaθjoˈnaɾ/	/relaθjoˈnaɾ/	[relaθjoˈnaɾ] 关联<动>
botiquín	/botiˈkin/	/botiˈkin/	[botiˈkin] 急救箱<名>
venia	/ˈbenja/	/ˈbenja/	[/ˈbenja/] 许可；准许；鞠躬礼<noun>
peine	/ˈpeine/	/ˈpeine/	[ˈpeine] 梳子<名>
singular	/sinɡuˈlaɾ/	/sinɡuˈlaɾ/	[/sinɡuˈlaɾ/] 单数的；独特的<形><noun>
microscopio	/mikɾosˈkopjo/	/mikɾosˈkopjo/	[mikɾosˈkopjo] 显微镜<名>
transplantar	/tɾansplanˈtaɾ/	/tɾansplanˈtaɾ/	[tɾansplanˈtaɾ] 移植<动>
danés	/daˈnes/	/daˈnes/	[daˈnes] 丹麦语<名>
arruga	/aˈruɡa/	/aˈruɡa/	[aˈruɡa] 皱纹<名>
saturación	/satuɾaˈθjon/	/satuɾaˈθjon/	[satuɾaˈθjon] 饱和度<名>
lápida	/ˈlapida/	/ˈlapida/	[ˈlapida] 墓碑<名>
pilla	/ˈpiʝa/	/ˈpiʝa/	[ˈpiʝa] 抓住<名>
intérprete	/inˈteɾpɾete/	/inˈteɾpɾete/	[inˈteɾpɾete] 口译员<名>
amateur	/amaˈteɾ/	/amaˈteɾ/	[amaˈteɾ] 业余的<名>
manicuro	/maniˈkuɾo/	/maniˈkuɾo/	修指甲<名>
consultor	/konsulˈtoɾ/	/konsulˈtoɾ/	[konsulˈtoɾ] 顾问<名>
centrado	/θenˈtɾado/	/θenˈtɾado/	[θenˈtɾado] 居中<形>
deportiva	/depoɾˈtiba/	/depoɾˈtiba/	[depoɾˈtiba] 体育<名>
lisiado	/liˈsjado/	/liˈsjado/	[liˈsjado] 残废的<形>
semanal	/semaˈnal/	/semaˈnal/	[semaˈnal] 每周<形>
mari	/ˈmaɾi/	/ˈmaɾi/	[/ˈmaɾi/] （口语）朋友；哥们<noun>
venenoso	/beneˈnoso/	/beneˈnoso/	[beneˈnoso] 有毒的<形>
curación	/kuɾaˈθjon/	/kuɾaˈθjon/	[kuɾaˈθjon] 治愈<名>
olimpiada	/olimˈpjada/	/olimˈpjada/	[olimˈpjada] 奥林匹克竞赛<名>
sequía	/seˈkia/	/seˈkia/	[seˈkia] 干旱<名>
excavación	/eɡskabaˈθjon/	/eɡskabaˈθjon/	[eɡskabaˈθjon] 挖掘<名>
monto	/ˈmonto/	/ˈmonto/	[ˈmonto] 金额<名>
mero	/ˈmeɾo/	/ˈmeɾo/	[ˈmeɾo] 石斑鱼<名>
pepinillo	/pepiˈniʝo/	/pepiˈniʝo/	[pepiˈniʝo] 泡菜<名>
persistente	/peɾsisˈtente/	/peɾsisˈtente/	[peɾsisˈtente] 执着的<形>
aclarado	/aklaˈɾado/	/aklaˈɾado/	[aklaˈɾado] 澄清了<名>
incisión	/inθiˈsjon/	/inθiˈsjon/	[inθiˈsjon] 切口<名>
reclamo	/reˈklamo/	/reˈklamo/	[reˈklamo] 索赔<名>
fumado	/fuˈmado/	/fuˈmado/	[fuˈmado] 熏的<形>
zoom	/ˈθum/	/ˈθum/	[ˈθum] 变焦<名>
benjamín	/benxaˈmin/	/benxaˈmin/	[benxaˈmin] 本杰明<名>
computador	/komputaˈdoɾ/	/komputaˈdoɾ/	[komputaˈdoɾ] 电脑<名>
repleto	/reˈpleto/	/reˈpleto/	[/reˈpleto/] 充满的；装满的<adj>
idiotez	/idjoˈteθ/	/idjoˈteθ/	[idjoˈteθ] 白痴<名>
indicación	/indikaˈθjon/	/indikaˈθjon/	[indikaˈθjon] 指示<名>
gótico	/ˈɡotiko/	/ˈɡotiko/	[ˈɡotiko] 哥特式的<名>
profesionalmente	/pɾofesjoˌnalˈmente/	/pɾofesjoˌnalˈmente/	[pɾofesjoˌnalˈmente] 专业地<副>
decreto	/deˈkɾeto/	/deˈkɾeto/	[deˈkɾeto] 法令<名>
bachillerato	/bat͡ʃiʝeˈɾato/	/bat͡ʃiʝeˈɾato/	[bat͡ʃiʝeˈɾato] 高中<名>
sacudir	/sakuˈdiɾ/	/sakuˈdiɾ/	[sakuˈdiɾ] 摇动<动>
desactivar	/desaɡtiˈbaɾ/	/desaɡtiˈbaɾ/	[desaɡtiˈbaɾ] 停用<动>
gilipollez	/xilipoˈʝeθ/	/xilipoˈʝeθ/	[xilipoˈʝeθ] 废话<名>
zurdo	/ˈθuɾdo/	/ˈθuɾdo/	[ˈθuɾdo] 左撇子<名>
vello	/ˈbeʝo/	/ˈbeʝo/	[ˈbeʝo] 头发<名>
milenio	/miˈlenjo/	/miˈlenjo/	[miˈlenjo] 千年<名>
diplomática	/diploˈmatika/	/diploˈmatika/	[diploˈmatika] 外交的<名>
bautizo	/bauˈtiθo/	/bauˈtiθo/	[bauˈtiθo] 洗礼<名>
réplica	/ˈreplika/	/ˈreplika/	[ˈreplika] 复制品<名>
mugre	/ˈmuɡɾe/	/ˈmuɡɾe/	[ˈmuɡɾe] 污垢<名>
destreza	/desˈtɾeθa/	/desˈtɾeθa/	[desˈtɾeθa] 技能<名>
lujoso	/luˈxoso/	/luˈxoso/	[luˈxoso] 豪华的<形>
comino	/koˈmino/	/koˈmino/	[koˈmino] 小茴香<名>
interrogación	/interoɡaˈθjon/	/interoɡaˈθjon/	[interoɡaˈθjon] 审讯<名>
inmobiliaria	/inmoβiˈljaɾja/	/inmoβiˈljaɾja/	房地产<名>
molécula	/moˈlekula/	/moˈlekula/	[moˈlekula] 分子<名>
reality	/reˈaliti/	/reˈaliti/	[reˈaliti] 现实<名>
insulina	/insuˈlina/	/insuˈlina/	[insuˈlina] 胰岛素<名>
dona	/ˈdona/	/ˈdona/	[ˈdona] 捐赠<名>
entretener	/entɾeteˈneɾ/	/entɾeteˈneɾ/	[entɾeteˈneɾ] 娱乐<动>
liderar	/lideˈɾaɾ/	/lideˈɾaɾ/	[/lideˈɾaɾ/] 领导；带领；位居首位<verb>
censura	/θenˈsuɾa/	/θenˈsuɾa/	[θenˈsuɾa] 审查制度<名>
genuino	/xeˈnwino/	/xeˈnwino/	[xeˈnwino] 正品<形>
abstinencia	/abstiˈnenθja/	/abstiˈnenθja/	[abstiˈnenθja] 禁欲<名>
musa	/ˈmusa/	/ˈmusa/	[ˈmusa] 缪斯<名>
válido	/ˈbalido/	/ˈbalido/	[/ˈbalido/] 有效的<adj>
proxeneta	/pɾoɡseˈneta/	/pɾoɡseˈneta/	[pɾoɡseˈneta] 皮条客<名>
sardina	/saɾˈdina/	/saɾˈdina/	[saɾˈdina] 沙丁鱼<名>
rocío	/roˈθio/	/roˈθio/	[roˈθio] 露水<名>
decorado	/dekoˈɾado/	/dekoˈɾado/	[dekoˈɾado] 装饰的<名>
gruesa	/ˈɡɾesa/	/ˈɡɾesa/	厚<名>
peluquero	/peluˈkeɾo/	/peluˈkeɾo/	[peluˈkeɾo] 理发师<名>
miligramo	/miliˈɡɾamo/	/miliˈɡɾamo/	[miliˈɡɾamo] 毫克<名>
anulación	/anulaˈθjon/	/anulaˈθjon/	[anulaˈθjon] 取消<名>
mezquino	/meθˈkino/	/meθˈkino/	[meθˈkino] 小气的<形>
décima	/ˈdeθima/	/ˈdeθima/	[ˈdeθima] 第十<名>
procurador	/pɾokuɾaˈdoɾ/	/pɾokuɾaˈdoɾ/	[/pɾokuɾaˈdoɾ/] 诉讼代理人；受权人（西班牙司法体系中代表当事人在法院行事者，非律师 abogado）<noun>
delirar	/deliˈɾaɾ/	/deliˈɾaɾ/	[/deliˈɾaɾ/] 胡言乱语；说呓语；狂热<verb>
pinchazo	/pinˈt͡ʃaθo/	/pinˈt͡ʃaθo/	[pinˈt͡ʃaθo] 穿刺<名>
bufón	/buˈfon/	/buˈfon/	[buˈfon] 小丑<名>
discípulo	/disˈθipulo/	/disˈθipulo/	[disˈθipulo] 弟子<名>
descomposición	/deskomposiˈθjon/	/deskomposiˈθjon/	[deskomposiˈθjon] 分解<名>
pradera	/pɾaˈdeɾa/	/pɾaˈdeɾa/	[pɾaˈdeɾa] 草地<名>
marfil	/maɾˈfil/	/maɾˈfil/	[maɾˈfil] 象牙<名>
madurez	/maduˈɾeθ/	/maduˈɾeθ/	[maduˈɾeθ] 成熟度<名>
traducir	/tɾaduˈθiɾ/	/tɾaduˈθiɾ/	[tɾaduˈθiɾ] 翻译<动>
blindado	/blinˈdado/	/blinˈdado/	[/blinˈdado/] 装甲的<形><noun>
contramaestre	/ˌkontɾamaˈestɾe/	/ˌkontɾamaˈestɾe/	[ˌkontɾamaˈestɾe] 水手长<名>
cate	/ˈkate/	/ˈkate/	[/ˈkate/] 不及格；失败；毒打（口语）<noun>
barrido	/baˈrido/	/baˈrido/	[baˈrido] 扫<名>
ombligo	/omˈbliɡo/	/omˈbliɡo/	[omˈbliɡo] 肚脐<名>
rural	/ruˈɾal/	/ruˈɾal/	[ruˈɾal] 农村的<名>
sanidad	/saniˈdad/	/saniˈdad/	[saniˈdad] 医疗保健<名>
vanguardia	/banˈɡwaɾdja/	/banˈɡwaɾdja/	[banˈɡwaɾdja] 前卫派<名>
honda	/ˈonda/	/ˈonda/	[/ˈonda/] 深的；深沉的；投石器<noun>
repetición	/repetiˈθjon/	/repetiˈθjon/	[repetiˈθjon] 重复<名>
presentador	/pɾesentaˈdoɾ/	/pɾesentaˈdoɾ/	[pɾesentaˈdoɾ] 主持人<名>
bambú	/bamˈbu/	/bamˈbu/	[bamˈbu] 竹子<名>
nata	/ˈnata/	/ˈnata/	[ˈnata] 奶油<名>
nupcial	/nubˈθjal/	/nubˈθjal/	[/nubˈθjal/] 婚礼的；婚姻的<adj>
poblado	/poˈblado/	/poˈblado/	[poˈblado] 镇<名>
escandaloso	/eskandaˈloso/	/eskandaˈloso/	[eskandaˈloso] 可耻的<形>
marchamo	/maɾˈt͡ʃamo/	/maɾˈt͡ʃamo/	[[maɾˈtʃamo] 印章；封印；标记；品质标志<noun>
festejar	/festeˈxaɾ/	/festeˈxaɾ/	[festeˈxaɾ] 庆祝<动>
limitación	/limitaˈθjon/	/limitaˈθjon/	[limitaˈθjon] 限制<名>
cachondo	/kaˈt͡ʃondo/	/kaˈt͡ʃondo/	[kaˈt͡ʃondo] 欲火中烧<名>
cenado	/θeˈnado/	/θeˈnado/	[θeˈnado] 吃过饭<形>
vertedero	/beɾteˈdeɾo/	/beɾteˈdeɾo/	[beɾteˈdeɾo] 垃圾填埋场<名>
foso	/ˈfoso/	/ˈfoso/	[ˈfoso] 护城河<名>
capitalismo	/kapitaˈlismo/	/kapitaˈlismo/	[kapitaˈlismo] 资本主义<名>
mucama	/muˈkama/	/muˈkama/	[muˈkama] 女仆<名>
portugués	/poɾtuˈɡes/	/poɾtuˈɡes/	[poɾtuˈɡes] 葡萄牙语<名>
incomodar	/inkomoˈdaɾ/	/inkomoˈdaɾ/	[inkomoˈdaɾ] 打扰<动>
pegajoso	/peɡaˈxoso/	/peɡaˈxoso/	[peɡaˈxoso] 粘性的<形>
unicornio	/uniˈkoɾnjo/	/uniˈkoɾnjo/	[uniˈkoɾnjo] 独角兽<名>
rosquilla	/rosˈkiʝa/	/rosˈkiʝa/	[rosˈkiʝa] 甜甜圈<名>
ucranio	/uˈkɾanjo/	/uˈkɾanjo/	[uˈkɾanjo] 乌克兰语<名>
solidaridad	/solidaɾiˈdad/	/solidaɾiˈdad/	[solidaɾiˈdad] 团结<名>
cláusula	/ˈklausula/	/ˈklausula/	[ˈklausula] 条款<名>
maleducado	/maleduˈkado/	/maleduˈkado/	[maleduˈkado] 粗鲁的<形>
ambiental	/ambjenˈtal/	/ambjenˈtal/	[ambjenˈtal] 环境<形>
híbrido	/ˈibɾido/	/ˈibɾido/	[/ˈibɾido/] 杂交的，混合的<形>；杂交种，混合物<名><noun>
mujeriego	/muxeˈɾjeɡo/	/muxeˈɾjeɡo/	[muxeˈɾjeɡo] 好色之徒<名>
game	/ɡˈame/	/ɡˈame/	游戏<名>
flotante	/floˈtante/	/floˈtante/	[floˈtante] 漂浮<形>
desempleo	/desemˈpleo/	/desemˈpleo/	[desemˈpleo] 失业<名>
apenado	/apeˈnado/	/apeˈnado/	[apeˈnado] 抱歉<形>
azafata	/aθaˈfata/	/aθaˈfata/	[aθaˈfata] 空姐<名>
astilla	/asˈtiʝa/	/asˈtiʝa/	[asˈtiʝa] 碎片<名>
añadido	/aɲaˈdido/	/aɲaˈdido/	[aɲaˈdido] 添加了<名>
garfio	/ˈɡaɾfjo/	/ˈɡaɾfjo/	[ˈɡaɾfjo] 钩子<名>
erótico	/eˈɾotiko/	/eˈɾotiko/	[eˈɾotiko] 色情的<形>
crujiente	/kɾuˈxjente/	/kɾuˈxjente/	[kɾuˈxjente] 酥脆的<形>
fénix	/ˈfeniɡs/	/ˈfeniɡs/	[ˈfeniɡs] 凤凰<名>
hipnosis	/ibˈnosis/	/ibˈnosis/	[ibˈnosis] 催眠<名>
horroroso	/oroˈɾoso/	/oroˈɾoso/	[oroˈɾoso] 可怕的<形>
chat	/ˈt͡ʃat/	/ˈt͡ʃat/	[ˈt͡ʃat] 聊天<名>
coronación	/koɾonaˈθjon/	/koɾonaˈθjon/	[koɾonaˈθjon] 加冕<名>
discretamente	/disˌkɾetaˈmente/	/disˌkɾetaˈmente/	[disˌkɾetaˈmente] 谨慎地<副>
rugby	/ˈraɡbi/	/ˈraɡbi/	[ˈraɡbi] 橄榄球<名>
sutura	/suˈtuɾa/	/suˈtuɾa/	[suˈtuɾa] 缝合<名>
picada	/piˈkada/	/piˈkada/	[piˈkada] 切碎的<名>
limpiador	/limpjaˈdoɾ/	/limpjaˈdoɾ/	[limpjaˈdoɾ] 清洁工<名>
varita	/baˈɾita/	/baˈɾita/	[baˈɾita] 魔杖<名>
ojeada	/oxeˈada/	/oxeˈada/	[oxeˈada] 瞥见<名>
homo	/ˈomo/	/ˈomo/	同性恋者<形>
incendiar	/inθenˈdjaɾ/	/inθenˈdjaɾ/	[inθenˈdjaɾ] 着火<动>
predecible	/pɾedeˈθible/	/pɾedeˈθible/	[pɾedeˈθible] 可预测的<形>
geografía	/xeoɡɾaˈfia/	/xeoɡɾaˈfia/	[xeoɡɾaˈfia] 地理<名>
convocar	/komboˈkaɾ/	/komboˈkaɾ/	[komboˈkaɾ] 召唤<动>
descortés	/deskoɾˈtes/	/deskoɾˈtes/	[deskoɾˈtes] 不礼貌的<形>
cantera	/kanˈteɾa/	/kanˈteɾa/	[kanˈteɾa] 采石场<名>
oxidado	/oɡsiˈdado/	/oɡsiˈdado/	[oɡsiˈdado] 生锈的<形>
compatriota	/kompaˈtɾjota/	/kompaˈtɾjota/	[kompaˈtɾjota] 同胞<名>
inspirador	/inspiɾaˈdoɾ/	/inspiɾaˈdoɾ/	[inspiɾaˈdoɾ] 鼓舞人心的<名>
charleston	/tʃaɾlˈeston/	/tʃaɾlˈeston/	查尔斯顿<名>
pascal	/pasˈkal/	/pasˈkal/	[pasˈkal] 帕斯卡<名>
pantera	/panˈteɾa/	/panˈteɾa/	[panˈteɾa] 黑豹<名>
instancia	/insˈtanθja/	/insˈtanθja/	[insˈtanθja] 实例<名>
atadura	/ataˈduɾa/	/ataˈduɾa/	[ataˈduɾa] 束缚<名>
colmena	/kolˈmena/	/kolˈmena/	[kolˈmena] 蜂巢<名>
iniciación	/iniθjaˈθjon/	/iniθjaˈθjon/	[iniθjaˈθjon] 启动<名>
hostias	/ˈostjas/	/ˈostjas/	[/ˈostjas/] 该死！；见鬼！（粗俗感叹词）；圣饼<intj>
augusto	/auˈɡusto/	/auˈɡusto/	[/auˈɡusto/] 威严的；庄严的；尊贵的<adj>
mediterráneo	/mediteˈraneo/	/mediteˈraneo/	[mediteˈraneo] 地中海的<形>
sombrío	/somˈbɾio/	/somˈbɾio/	[somˈbɾio] 阴沉的<形>
herpes	/ˈeɾpes/	/ˈeɾpes/	[ˈeɾpes] 疱疹<名>
seta	/ˈseta/	/ˈseta/	[ˈseta] 蘑菇<名>
moho	/ˈmoo/	/ˈmoo/	[/ˈmoo/] 霉；霉菌；锈斑<noun>
camuflaje	/kamuˈflaxe/	/kamuˈflaxe/	[kamuˈflaxe] 迷彩<名>
numeroso	/numeˈɾoso/	/numeˈɾoso/	[numeˈɾoso] 众多<形>
entrepierna	/entɾeˈpjeɾna/	/entɾeˈpjeɾna/	[entɾeˈpjeɾna] 胯部<名>
halagado	/alaˈɡado/	/alaˈɡado/	[alaˈɡado] 受宠若惊<形>
rolling	/ˈrolin/	/ˈrolin/	[ˈrolin] 滚动<名>
auriculares	/auɾikuˈlaɾes/	/auɾikuˈlaɾes/	[auɾikuˈlaɾes] 耳机<名>
asaltar	/asalˈtaɾ/	/asalˈtaɾ/	[asalˈtaɾ] 袭击<动>
filtración	/filtɾaˈθjon/	/filtɾaˈθjon/	[/filtɾaˈθjon/] 泄漏，泄露；过滤<noun>
land	/lˈand/	/lˈand/	土地<名>
urbano	/uɾˈbano/	/uɾˈbano/	[uɾˈbano] 城市的<形>
avaricia	/abaˈɾiθja/	/abaˈɾiθja/	[abaˈɾiθja] 贪婪<名>
cafetera	/kafeˈteɾa/	/kafeˈteɾa/	[kafeˈteɾa] 咖啡机<名>
cabezota	/kabeˈθota/	/kabeˈθota/	[kabeˈθota] 大头的<形>
mariano	/maˈɾjano/	/maˈɾjano/	[[maˈɾja.no] 圣母玛利亚的；圣母的<adj>
provisional	/pɾobisjoˈnal/	/pɾobisjoˈnal/	[pɾobisjoˈnal] 临时的<形>
durmiente	/duɾˈmjente/	/duɾˈmjente/	[/duɾˈmjente/] 睡着的人；枕木<noun>
eficiencia	/efiˈθjenθja/	/efiˈθjenθja/	[efiˈθjenθja] 效率<名>
comadreja	/komaˈdɾexa/	/komaˈdɾexa/	[komaˈdɾexa] 黄鼠狼<名>
asno	/ˈasno/	/ˈasno/	[ˈasno] 驴<名>
pupila	/puˈpila/	/puˈpila/	[puˈpila] 瞳孔<名>
constructor	/konstɾuɡˈtoɾ/	/konstɾuɡˈtoɾ/	[konstɾuɡˈtoɾ] 建设者<名>
crónica	/ˈkɾonika/	/ˈkɾonika/	[ˈkɾonika] 慢性的<名>
balanza	/baˈlanθa/	/baˈlanθa/	[baˈlanθa] 平衡<名>
calzado	/kalˈθado/	/kalˈθado/	[kalˈθado] 鞋类<名>
vestimenta	/bestiˈmenta/	/bestiˈmenta/	[bestiˈmenta] 服装<名>
despliegue	/desˈpljeɡe/	/desˈpljeɡe/	[desˈpljeɡe] 部署<名>
apuntado	/apunˈtado/	/apunˈtado/	[apunˈtado] 有针对性的<形>
destacamento	/destakaˈmento/	/destakaˈmento/	[destakaˈmento] 支队<名>
fracción	/fɾaɡˈθjon/	/fɾaɡˈθjon/	[fɾaɡˈθjon] 分数<名>
cono	/ˈkono/	/ˈkono/	[ˈkono] 锥体<名>
itinerario	/itineˈɾaɾjo/	/itineˈɾaɾjo/	[itineˈɾaɾjo] 行程<名>
sentenciar	/sentenˈθjaɾ/	/sentenˈθjaɾ/	[/sentenˈθjaɾ/] 判决；宣判；断言<verb>
puramente	/ˌpuɾaˈmente/	/ˌpuɾaˈmente/	[ˌpuɾaˈmente] 纯粹地<副>
belén	/beˈlen/	/beˈlen/	[beˈlen] 伯利恒<名>
discriminación	/diskɾiminaˈθjon/	/diskɾiminaˈθjon/	[diskɾiminaˈθjon] 歧视<名>
parcialmente	/paɾˌθjalˈmente/	/paɾˌθjalˈmente/	[paɾˌθjalˈmente] 部分地<副>
western	/wˈesteɾn/	/wˈesteɾn/	西方的<名>
educar	/eduˈkaɾ/	/eduˈkaɾ/	[eduˈkaɾ] 教育<动>
patrocinador	/patɾoθinaˈdoɾ/	/patɾoθinaˈdoɾ/	[patɾoθinaˈdoɾ] 赞助商<名>
graduar	/ɡɾaˈdwaɾ/	/ɡɾaˈdwaɾ/	[/ɡɾaˈdwaɾ/] 分级；标定；校准；使毕业<verb>
dictador	/diɡtaˈdoɾ/	/diɡtaˈdoɾ/	[diɡtaˈdoɾ] 独裁者<名>
sandalia	/sanˈdalja/	/sanˈdalja/	[sanˈdalja] 凉鞋<名>
viruela	/biˈɾwela/	/biˈɾwela/	[biˈɾwela] 天花<名>
desviar	/desˈbjaɾ/	/desˈbjaɾ/	[desˈbjaɾ] 转移<动>
designado	/desiɡˈnado/	/desiɡˈnado/	[desiɡˈnado] 指定<名>
agricultor	/aɡɾikulˈtoɾ/	/aɡɾikulˈtoɾ/	[aɡɾikulˈtoɾ] 农民<名>
bazo	/ˈbaθo/	/ˈbaθo/	[ˈbaθo] 脾脏<名>
ensueño	/enˈsweɲo/	/enˈsweɲo/	[enˈsweɲo] 白日梦<名>
miniatura	/minjaˈtuɾa/	/minjaˈtuɾa/	[minjaˈtuɾa] 微型的<名>
enfermizo	/enfeɾˈmiθo/	/enfeɾˈmiθo/	[enfeɾˈmiθo] 病态的<形>
tormento	/toɾˈmento/	/toɾˈmento/	[toɾˈmento] 折磨<名>
desempeño	/desemˈpeɲo/	/desemˈpeɲo/	[desemˈpeɲo] 表现<名>
especulación	/espekulaˈθjon/	/espekulaˈθjon/	[espekulaˈθjon] 猜测<名>
cuidador	/kwidaˈdoɾ/	/kwidaˈdoɾ/	[kwidaˈdoɾ] 照顾者<名>
estribo	/esˈtɾibo/	/esˈtɾibo/	[esˈtɾibo] 马镫<名>
heavy	/ˈxebi/	/ˈxebi/	[ˈxebi] 重<形>
óseo	/ˈoseo/	/ˈoseo/	[/ˈoseo/] 骨的；骨骼的<adj>
ka	/ˈka/	/ˈka/	[/ˈka/] 字母K<noun>
mitología	/mitoloˈxia/	/mitoloˈxia/	[mitoloˈxia] 神话<名>
conteo	/konˈteo/	/konˈteo/	[konˈteo] 计数<名>
sustituir	/sustiˈtwiɾ/	/sustiˈtwiɾ/	[sustiˈtwiɾ] 替换<动>
escalada	/eskaˈlada/	/eskaˈlada/	[eskaˈlada] 攀登<名>
galón	/ɡaˈlon/	/ɡaˈlon/	[ɡaˈlon] 加仑<名>
apéndice	/aˈpendiθe/	/aˈpendiθe/	[aˈpendiθe] 附录<名>
comprometer	/kompɾomeˈteɾ/	/kompɾomeˈteɾ/	[/kompɾomeˈteɾ/] 承诺；使承担义务；危及；连累<verb>
insomnio	/inˈsomnjo/	/inˈsomnjo/	[inˈsomnjo] 失眠<名>
cianuro	/θjaˈnuɾo/	/θjaˈnuɾo/	[θjaˈnuɾo] 氰化物<名>
ansia	/ˈansja/	/ˈansja/	[ˈansja] 渴望<名>
boulevard	/bulˈbaɾ/	/bulˈbaɾ/	[bulˈbaɾ] 大道<名>
batir	/baˈtiɾ/	/baˈtiɾ/	[baˈtiɾ] 击败<动>
trivial	/tɾiˈbjal/	/tɾiˈbjal/	[tɾiˈbjal] 微不足道的<形>
esplendor	/esplenˈdoɾ/	/esplenˈdoɾ/	[esplenˈdoɾ] 辉煌<名>
danzar	/danˈθaɾ/	/danˈθaɾ/	[danˈθaɾ] 跳舞<动>
venado	/beˈnado/	/beˈnado/	[beˈnado] 鹿<名>
explotación	/eɡsplotaˈθjon/	/eɡsplotaˈθjon/	[eɡsplotaˈθjon] 剥削<名>
fiera	/ˈfjeɾa/	/ˈfjeɾa/	[ˈfjeɾa] 野兽<名>
algoritmo	/alɡoˈɾidmo/	/alɡoˈɾidmo/	[alɡoˈɾidmo] 算法<名>
masticar	/mastiˈkaɾ/	/mastiˈkaɾ/	[mastiˈkaɾ] 咀嚼<动>
despertador	/despeɾtaˈdoɾ/	/despeɾtaˈdoɾ/	[despeɾtaˈdoɾ] 闹钟<名>
escrúpulo	/esˈkɾupulo/	/esˈkɾupulo/	[esˈkɾupulo] 顾忌<名>
tuberculosis	/tubeɾkuˈlosis/	/tubeɾkuˈlosis/	[tubeɾkuˈlosis] 结核病<名>
enloquecido	/enlokeˈθido/	/enlokeˈθido/	[enlokeˈθido] 疯狂的<形>
convulsión	/kombulˈsjon/	/kombulˈsjon/	[kombulˈsjon] 癫痫发作<名>
uci	/ˈuθi/	/ˈuθi/	[ˈuθi] 重症监护病房<名>
interponer	/inteɾpoˈneɾ/	/inteɾpoˈneɾ/	[inteɾpoˈneɾ] 介入<动>
escapatoria	/eskapaˈtoɾja/	/eskapaˈtoɾja/	[eskapaˈtoɾja] 逃脱<名>
fabricación	/fabɾikaˈθjon/	/fabɾikaˈθjon/	[fabɾikaˈθjon] 制造<名>
soul	/ˈsoul/	/ˈsoul/	[ˈsoul] 灵魂<名>
inspeccionar	/inspeɡθjoˈnaɾ/	/inspeɡθjoˈnaɾ/	[inspeɡθjoˈnaɾ] 检查<动>
delatar	/delaˈtaɾ/	/delaˈtaɾ/	[delaˈtaɾ] 背叛<动>
congo	/ˈkonɡo/	/ˈkonɡo/	[ˈkonɡo] 刚果<名>
guiso	/ˈɡiso/	/ˈɡiso/	[ˈɡiso] 炖菜<名>
arrepentir	/arepenˈtiɾ/	/arepenˈtiɾ/	遗憾<动>
fastidiado	/fastiˈdjado/	/fastiˈdjado/	[fastiˈdjado] 生气<形>
viudo	/ˈbjudo/	/ˈbjudo/	[ˈbjudo] 鳏夫<名>
embrujado	/embɾuˈxado/	/embɾuˈxado/	[embɾuˈxado] 闹鬼的<形>
iluminado	/ilumiˈnado/	/ilumiˈnado/	[ilumiˈnado] 照亮的<名>
chuleta	/t͡ʃuˈleta/	/t͡ʃuˈleta/	[/t͡ʃuˈleta/] 猪排；肉排<noun>
hartar	/aɾˈtaɾ/	/aɾˈtaɾ/	[aɾˈtaɾ] 受够了<动>
gel	/ˈxel/	/ˈxel/	[ˈxel] 凝胶<名>
inmersión	/immeɾˈsjon/	/immeɾˈsjon/	[immeɾˈsjon] 沉浸式<名>
jabalí	/xabaˈli/	/xabaˈli/	[xabaˈli] 野猪<名>
cristianismo	/kɾistjaˈnismo/	/kɾistjaˈnismo/	[kɾistjaˈnismo] 基督教<名>
destello	/desˈteʝo/	/desˈteʝo/	[desˈteʝo] 闪光<名>
evangelio	/ebanˈxeljo/	/ebanˈxeljo/	[ebanˈxeljo] 福音<名>
banquillo	/banˈkiʝo/	/banˈkiʝo/	[banˈkiʝo] 长凳<名>
rito	/ˈrito/	/ˈrito/	[ˈrito] 仪式<名>
malta	/ˈmalta/	/ˈmalta/	[ˈmalta] 麦芽<名>
swing	/ˈswin/	/ˈswin/	[/ˈswin/] 摇摆乐；摇摆舞<noun>
lóbulo	/ˈlobulo/	/ˈlobulo/	[ˈlobulo] 叶<名>
descender	/desθenˈdeɾ/	/desθenˈdeɾ/	[desθenˈdeɾ] 下降<动>
perforación	/peɾfoɾaˈθjon/	/peɾfoɾaˈθjon/	[peɾfoɾaˈθjon] 钻孔<名>
instantánea	/instanˈtanea/	/instanˈtanea/	[instanˈtanea] 快照<名>
guarnición	/ɡwaɾniˈθjon/	/ɡwaɾniˈθjon/	[ɡwaɾniˈθjon] 装饰<名>
tapar	/taˈpaɾ/	/taˈpaɾ/	[taˈpaɾ] 封面<动>
descaro	/desˈkaɾo/	/desˈkaɾo/	[desˈkaɾo] 厚颜无耻<名>
doméstico	/doˈmestiko/	/doˈmestiko/	[doˈmestiko] 国内<名>
gurú	/ɡuˈɾu/	/ɡuˈɾu/	[ɡuˈɾu] 大师<名>
entidad	/entiˈdad/	/entiˈdad/	[entiˈdad] 实体<名>
analgésico	/analˈxesiko/	/analˈxesiko/	[analˈxesiko] 镇痛剂<名>
hectárea	/eɡˈtaɾea/	/eɡˈtaɾea/	[eɡˈtaɾea] 公顷<名>
capó	/kaˈpo/	/kaˈpo/	[kaˈpo] 引擎盖<名>
jeringa	/xeˈɾinɡa/	/xeˈɾinɡa/	[xeˈɾinɡa] 注射器<名>
parking	/ˈpaɾkin/	/ˈpaɾkin/	[ˈpaɾkin] 停车<名>
cártel	/ˈkaɾtel/	/ˈkaɾtel/	[ˈkaɾtel] 卡特尔<名>
androide	/anˈdɾoide/	/anˈdɾoide/	[anˈdɾoide] 安卓<名>
borrachera	/boraˈt͡ʃeɾa/	/boraˈt͡ʃeɾa/	[boraˈt͡ʃeɾa] 醉酒<名>
aspirar	/aspiˈɾaɾ/	/aspiˈɾaɾ/	[aspiˈɾaɾ] 渴望<动>
razonamiento	/raˌθonaˈmjento/	/raˌθonaˈmjento/	[raˌθonaˈmjento] 推理<名>
necio	/ˈneθjo/	/ˈneθjo/	[/ˈneθjo/] 愚蠢的<形>；傻瓜<名><noun>
apelar	/apeˈlaɾ/	/apeˈlaɾ/	[apeˈlaɾ] 上诉<动>
memorable	/memoˈɾable/	/memoˈɾable/	[memoˈɾable] 难忘的<形>
urna	/ˈuɾna/	/ˈuɾna/	[ˈuɾna] 瓮<名>
ami	/ˈami/	/ˈami/	[ˈami] 朋友<名>
habitualmente	/aβitwaˈmente/	/aβitwaˈmente/	通常<副>
novena	/noˈbena/	/noˈbena/	[noˈbena] 第九<名>
represalia	/repɾeˈsalja/	/repɾeˈsalja/	[repɾeˈsalja] 报复<名>
súbdito	/ˈsubdito/	/ˈsubdito/	[/ˈsubdito/] 臣民；国民<noun>
disparate	/dispaˈɾate/	/dispaˈɾate/	[dispaˈɾate] 废话<名>
plató	/plaˈto/	/plaˈto/	[plaˈto] 设置<名>
aneurisma	/aneuˈɾisma/	/aneuˈɾisma/	[aneuˈɾisma] 动脉瘤<名>
jubilado	/xubiˈlado/	/xubiˈlado/	[xubiˈlado] 退休了<名>
clientela	/kljenˈtela/	/kljenˈtela/	[kljenˈtela] 顾客群<名>
persiana	/peɾˈsjana/	/peɾˈsjana/	[/peɾˈsjana/] 百叶窗；卷帘<noun>
viable	/ˈbjable/	/ˈbjable/	[ˈbjable] 可行的<形>
quimio	/kimiˈo/	/kimiˈo/	化疗<名>
meñique	/meˈɲike/	/meˈɲike/	[meˈɲike] 小指<名>
angelino	/anxeˈlino/	/anxeˈlino/	[anxeˈlino] 安吉莱诺<名>
memo	/ˈmemo/	/ˈmemo/	[ˈmemo] 备忘录<名>
dúo	/ˈduo/	/ˈduo/	[ˈduo] 二人组<名>
corporativo	/koɾpoɾaˈtibo/	/koɾpoɾaˈtibo/	[koɾpoɾaˈtibo] 企业<形>
llorón	/ʝoˈɾon/	/ʝoˈɾon/	[ʝoˈɾon] 爱哭鬼<名>
misericordioso	/miseɾikoɾˈdjoso/	/miseɾikoɾˈdjoso/	[miseɾikoɾˈdjoso] 仁慈的<名>
fa	/ˈfa/	/ˈfa/	[ˈfa] 发<名>
sellar	/seˈʝaɾ/	/seˈʝaɾ/	[/seˈʝaɾ/] 密封；盖章；封口<verb>
contundente	/kontunˈdente/	/kontunˈdente/	[kontunˈdente] 有力的<形>
closet	/ˈkloset/	/ˈkloset/	[ˈkloset] 壁橱<名>
jalea	/xaˈlea/	/xaˈlea/	[xaˈlea] 果冻<名>
intoxicación	/intoɡsikaˈθjon/	/intoɡsikaˈθjon/	[intoɡsikaˈθjon] 中毒<名>
abad	/aˈbad/	/aˈbad/	[aˈbad] 方丈<名>
conllevar	/konʝeˈbaɾ/	/konʝeˈbaɾ/	[konʝeˈbaɾ] 携带<动>
elenco	/eˈlenko/	/eˈlenko/	[eˈlenko] 演员表<名>
horriblemente	/oˌribleˈmente/	/oˌribleˈmente/	[oˌribleˈmente] 可怕地<副>
canoa	/kaˈnoa/	/kaˈnoa/	[kaˈnoa] 独木舟<名>
deshonra	/deˈsonra/	/deˈsonra/	[deˈsonra] 耻辱<名>
mensual	/menˈswal/	/menˈswal/	[menˈswal] 每月<形>
ambulante	/ambuˈlante/	/ambuˈlante/	[ambuˈlante] 流动的<名>
hinchado	/inˈt͡ʃado/	/inˈt͡ʃado/	[inˈt͡ʃado] 肿胀<名>
prematuro	/pɾemaˈtuɾo/	/pɾemaˈtuɾo/	[pɾemaˈtuɾo] 过早的<形>
moro	/ˈmoɾo/	/ˈmoɾo/	[/ˈmoɾo/] 摩尔人<noun>
lucio	/ˈluθjo/	/ˈluθjo/	[ˈluθjo] 派克<名>
contusión	/kontuˈsjon/	/kontuˈsjon/	[kontuˈsjon] 瘀伤<名>
fontanero	/fontaˈneɾo/	/fontaˈneɾo/	[fontaˈneɾo] 水管工<名>
gamba	/ˈɡamba/	/ˈɡamba/	[ˈɡamba] 虾<名>
jerez	/xeˈɾeθ/	/xeˈɾeθ/	[xeˈɾeθ] 雪利酒<名>
molecular	/molekuˈlaɾ/	/molekuˈlaɾ/	[molekuˈlaɾ] 分子的<形>
estática	/esˈtatika/	/esˈtatika/	[esˈtatika] 静态的<名>
desmayo	/desˈmaʝo/	/desˈmaʝo/	[/desˈmaʝo/] 昏厥；昏倒<noun>
renovar	/renoˈbaɾ/	/renoˈbaɾ/	[renoˈbaɾ] 更新<动>
fugaz	/fuˈɡaθ/	/fuˈɡaθ/	[fuˈɡaθ] 稍纵即逝的<形>
fatiga	/faˈtiɡa/	/faˈtiɡa/	[faˈtiɡa] 疲劳<名>
quejando	/keˈxando/	/keˈxando/	抱怨<动>
carguero	/kaɾˈɡeɾo/	/kaɾˈɡeɾo/	[kaɾˈɡeɾo] 货轮<名>
citado	/θiˈtado/	/θiˈtado/	[θiˈtado] 引用<形>
sucursal	/sukuɾˈsal/	/sukuɾˈsal/	[sukuɾˈsal] 分行<名>
callo	/ˈkaʝo/	/ˈkaʝo/	[ˈkaʝo] 愈伤组织<名>
impulsivo	/impulˈsibo/	/impulˈsibo/	[impulˈsibo] 冲动的<形>
imponer	/impoˈneɾ/	/impoˈneɾ/	[impoˈneɾ] 强加<动>
cerrojo	/θeˈroxo/	/θeˈroxo/	[/θeˈroxo/] 门闩；插销<noun>
inclinar	/inkliˈnaɾ/	/inkliˈnaɾ/	[inkliˈnaɾ] 倾斜<动>
compartimento	/kompaɾtiˈmento/	/kompaɾtiˈmento/	[kompaɾtiˈmento] 隔间<名>
inventor	/imbenˈtoɾ/	/imbenˈtoɾ/	[imbenˈtoɾ] 发明家<名>
filipino	/filiˈpino/	/filiˈpino/	[filiˈpino] 菲律宾人<名>
sodio	/ˈsodjo/	/ˈsodjo/	[ˈsodjo] 钠<名>
adquisición	/adkisiˈθjon/	/adkisiˈθjon/	[adkisiˈθjon] 收购<名>
guion	/ˈɡjon/	/ˈɡjon/	[ˈɡjon] 脚本<名>
lamer	/laˈmeɾ/	/laˈmeɾ/	[laˈmeɾ] 舔<动>
tiranía	/tiɾaˈnia/	/tiɾaˈnia/	[tiɾaˈnia] 暴政<名>
platillo	/plaˈtiʝo/	/plaˈtiʝo/	[plaˈtiʝo] 碟子<名>
cenicero	/θeniˈθeɾo/	/θeniˈθeɾo/	[θeniˈθeɾo] 烟灰缸<名>
complacido	/komplaˈθido/	/komplaˈθido/	[komplaˈθido] 高兴<形>
hostilidad	/ostiliˈdad/	/ostiliˈdad/	[ostiliˈdad] 敌意<名>
contracción	/kontɾaɡˈθjon/	/kontɾaɡˈθjon/	[kontɾaɡˈθjon] 收缩<名>
relevo	/reˈlebo/	/reˈlebo/	[/reˈlebo/] 接替；换班；接力<noun>
comic	/komˈiθ/	/komˈiθ/	漫画<名>
desertor	/deseɾˈtoɾ/	/deseɾˈtoɾ/	[deseɾˈtoɾ] 逃兵<名>
trepar	/tɾeˈpaɾ/	/tɾeˈpaɾ/	[tɾeˈpaɾ] 攀登<动>
prodigio	/pɾoˈdixjo/	/pɾoˈdixjo/	[/pɾoˈdixjo/] 奇迹；奇才<名><noun>
exótico	/eɡˈsotiko/	/eɡˈsotiko/	[eɡˈsotiko] 异国情调<形>
gigantesco	/xiɡanˈtesko/	/xiɡanˈtesko/	[xiɡanˈtesko] 巨大的<形>
diminuto	/dimiˈnuto/	/dimiˈnuto/	[dimiˈnuto] 微小的<形>
wa	/ˈwa/	/ˈwa/	[/ˈwa/] 字母W<noun>
preciosidad	/pɾeθjosiˈdad/	/pɾeθjosiˈdad/	[pɾeθjosiˈdad] 珍贵<名>
queme	/ˈkeme/	/ˈkeme/	[/ˈkeme/] 烧伤（quemadura 的口语说法）<名><noun>
habano	/aˈbano/	/aˈbano/	[aˈbano] 哈瓦那<名>
logo	/ˈloɡo/	/ˈloɡo/	[ˈloɡo] 标志<名>
excéntrico	/eɡsˈθentɾiko/	/eɡsˈθentɾiko/	[eɡsˈθentɾiko] 古怪的<形>
pc	/peˈθe/	/peˈθe/	[peˈθe] 电脑<名>
títere	/ˈtiteɾe/	/ˈtiteɾe/	[ˈtiteɾe] 傀儡<名>
cerda	/ˈθeɾda/	/ˈθeɾda/	[/ˈθeɾda/] 猪鬃；鬃毛；母猪<noun>
descuido	/desˈkwido/	/desˈkwido/	[desˈkwido] 粗心<名>
optimismo	/obtiˈmismo/	/obtiˈmismo/	[obtiˈmismo] 乐观<名>
psicótico	/siˈkotiko/	/siˈkotiko/	[siˈkotiko] 精神病的<形>
rector	/reɡˈtoɾ/	/reɡˈtoɾ/	[reɡˈtoɾ] 校长<名>
malaria	/maˈlaɾja/	/maˈlaɾja/	[maˈlaɾja] 疟疾<名>
combatiente	/kombaˈtjente/	/kombaˈtjente/	[/kombaˈtjente/] 战士；战斗人员<noun>
adhesivo	/adeˈsibo/	/adeˈsibo/	[adeˈsibo] 粘合剂<名>
aceituno	/aθeiˈtuno/	/aθeiˈtuno/	[aθeiˈtuno] 橄榄<名>
enteramente	/enˌteɾaˈmente/	/enˌteɾaˈmente/	[enˌteɾaˈmente] 完全<副>
desordenado	/desoɾdeˈnado/	/desoɾdeˈnado/	[desoɾdeˈnado] 凌乱的<形>
fastidiar	/fastiˈdjaɾ/	/fastiˈdjaɾ/	[fastiˈdjaɾ] 惹恼<动>
teja	/ˈtexa/	/ˈtexa/	[ˈtexa] 瓷砖<名>
debut	/deˈbu/	/deˈbu/	[deˈbu] 首次亮相<名>
saga	/ˈsaɡa/	/ˈsaɡa/	[ˈsaɡa] 传奇<名>
superestrella	/supeɾestɾˈeʝa/	/supeɾestɾˈeʝa/	超级巨星<名>
odioso	/oˈdjoso/	/oˈdjoso/	[oˈdjoso] 可恶的<形>
alimenticio	/alimenˈtiθjo/	/alimenˈtiθjo/	[alimenˈtiθjo] 营养的<形>
holograma	/oloˈɡɾama/	/oloˈɡɾama/	[oloˈɡɾama] 全息图<名>
elite	/eˈlite/	/eˈlite/	[eˈlite] 精英<名>
distinción	/distinˈθjon/	/distinˈθjon/	[distinˈθjon] 区别<名>
heredado	/eɾeˈdado/	/eɾeˈdado/	[eɾeˈdado] 遗传的<名>
plomero	/ploˈmeɾo/	/ploˈmeɾo/	[ploˈmeɾo] 水管工<名>
biografía	/bjoɡɾaˈfia/	/bjoɡɾaˈfia/	[bjoɡɾaˈfia] 传记<名>
loción	/loˈθjon/	/loˈθjon/	[loˈθjon] 乳液<名>
lux	/ˈluɡs/	/ˈluɡs/	[ˈluɡs] 勒克斯<名>
notario	/noˈtaɾjo/	/noˈtaɾjo/	[noˈtaɾjo] 公证人<名>
medusa	/meˈdusa/	/meˈdusa/	[meˈdusa] 水母<名>
recrear	/rekɾeˈaɾ/	/rekɾeˈaɾ/	[rekɾeˈaɾ] 重新创造<动>
falte	/ˈfalte/	/ˈfalte/	[/ˈfalte/] faltar 缺少<动><noun>
gueto	/ˈɡeto/	/ˈɡeto/	[ˈɡeto] 贫民窟<名>
característica	/kaɾaɡteˈɾistika/	/kaɾaɡteˈɾistika/	[kaɾaɡteˈɾistika] 特征<名>
barrer	/baˈreɾ/	/baˈreɾ/	[baˈreɾ] 扫<动>
mouse	/ˈmaus/	/ˈmaus/	[ˈmaus] 鼠标<名>
alfabeto	/alfaˈbeto/	/alfaˈbeto/	[alfaˈbeto] 字母表<名>
traumatismo	/tɾaumaˈtismo/	/tɾaumaˈtismo/	[tɾaumaˈtismo] 外伤<名>
pepino	/peˈpino/	/peˈpino/	[peˈpino] 黄瓜<名>
procesado	/pɾoθeˈsado/	/pɾoθeˈsado/	[pɾoθeˈsado] 加工过的<形>
mentón	/menˈton/	/menˈton/	[menˈton] 下巴<名>
conjetura	/konxeˈtuɾa/	/konxeˈtuɾa/	[konxeˈtuɾa] 猜测<名>
superstición	/supeɾstiˈθjon/	/supeɾstiˈθjon/	[supeɾstiˈθjon] 迷信<名>
inverso	/imˈbeɾso/	/imˈbeɾso/	[imˈbeɾso] 逆<形>
viral	/biˈɾal/	/biˈɾal/	[biˈɾal] 病毒式的<形>
leucemia	/leuˈθemja/	/leuˈθemja/	[leuˈθemja] 白血病<名>
concluir	/konˈklwiɾ/	/konˈklwiɾ/	[konˈklwiɾ] 得出结论<动>
traductor	/tɾaduɡˈtoɾ/	/tɾaduɡˈtoɾ/	[tɾaduɡˈtoɾ] 翻译者<名>
borroso	/boˈroso/	/boˈroso/	[boˈroso] 模糊的<形>
duchar	/duˈt͡ʃaɾ/	/duˈt͡ʃaɾ/	[duˈt͡ʃaɾ] 淋浴<动>
extremidad	/eɡstɾemiˈdad/	/eɡstɾemiˈdad/	[eɡstɾemiˈdad] 四肢<名>
platino	/plaˈtino/	/plaˈtino/	[plaˈtino] 铂金<名>
huiste	/ˈw̝iste/	/ˈw̝iste/	[ˈw̝iste] 你逃跑了<名>
inmaduro	/immaˈduɾo/	/immaˈduɾo/	[immaˈduɾo] 不成熟的<形>
litera	/liˈteɾa/	/liˈteɾa/	[liˈteɾa] 双层床<名>
contemplar	/kontemˈplaɾ/	/kontemˈplaɾ/	[kontemˈplaɾ] 沉思<动>
amargado	/amaɾˈɡado/	/amaɾˈɡado/	[/amaɾˈɡado/] 愤愤不平的，心怀怨恨的<形><adj>
jerga	/ˈxeɾɡa/	/ˈxeɾɡa/	[ˈxeɾɡa] 俚语<名>
seleccionado	/seleɡθjoˈnado/	/seleɡθjoˈnado/	[seleɡθjoˈnado] 已选择<名>
leu	/ˈleu/	/ˈleu/	[/ˈleu/] 列伊（罗马尼亚货币单位）<noun>
full	/ˈful/	/ˈful/	[ˈful] 满<名>
rígido	/ˈrixido/	/ˈrixido/	[ˈrixido] 刚性的<形>
cactus	/ˈkaɡtus/	/ˈkaɡtus/	[ˈkaɡtus] 仙人掌<名>
huí	/uˈi/	/uˈi/	[uˈi] 我逃走了<动>
jardinería	/xaɾdineˈɾia/	/xaɾdineˈɾia/	[xaɾdineˈɾia] 园艺<名>
cremallera	/kɾemaˈʝeɾa/	/kɾemaˈʝeɾa/	[kɾemaˈʝeɾa] 拉链<名>
portón	/poɾˈton/	/poɾˈton/	[/poɾˈton/] 大门<名><noun>
ye	/ˈʝe/	/ˈʝe/	[ˈʝe] 叶<名>
ringar	/rinˈɡaɾ/	/rinˈɡaɾ/	[/rinˈɡaɾ/] 非标准西语词，无此词条<verb>
esposado	/espoˈsado/	/espoˈsado/	[espoˈsado] 戴上手铐<名>
colón	/koˈlon/	/koˈlon/	[koˈlon] 哥伦布<名>
simio	/ˈsimjo/	/ˈsimjo/	[ˈsimjo] 猿<名>
escapo	/esˈkapo/	/esˈkapo/	[esˈkapo] 我逃脱<名>
congelar	/konxeˈlaɾ/	/konxeˈlaɾ/	[konxeˈlaɾ] 冻结<动>
historieta	/istoˈɾjeta/	/istoˈɾjeta/	[istoˈɾjeta] 卡通<名>
veinticuatro	/beintiˈkwatɾo/	/beintiˈkwatɾo/	[beintiˈkwatɾo] 二十四<数>
inclinación	/inklinaˈθjon/	/inklinaˈθjon/	[inklinaˈθjon] 倾向<名>
capellán	/kapeˈʝan/	/kapeˈʝan/	[kapeˈʝan] 牧师<名>
sobornar	/soboɾˈnaɾ/	/soboɾˈnaɾ/	[soboɾˈnaɾ] 贿赂<动>
bautismo	/bauˈtismo/	/bauˈtismo/	[bauˈtismo] 洗礼<名>
gradualmente	/ɡɾaˌdwalˈmente/	/ɡɾaˌdwalˈmente/	[ɡɾaˌdwalˈmente] 渐渐地<副>
magnificar	/maɡnifiˈkaɾ/	/maɡnifiˈkaɾ/	[maɡnifiˈkaɾ] 放大<动>
arrastre	/aˈrastɾe/	/aˈrastɾe/	[aˈrastɾe] 拖动<名>
chequear	/t͡ʃekeˈaɾ/	/t͡ʃekeˈaɾ/	[t͡ʃekeˈaɾ] 检查<动>
multimillonario	/multimiʝoˈnaɾjo/	/multimiʝoˈnaɾjo/	亿万富翁<名>
reemplazado	/reemplaˈθado/	/reemplaˈθado/	[reemplaˈθado] 被取代<形>
exactitud	/eɡsaɡtiˈtud/	/eɡsaɡtiˈtud/	[eɡsaɡtiˈtud] 准确度<名>
ruda	/ˈruda/	/ˈruda/	[ˈruda] 粗鲁的<名>
degenerado	/dexeneˈɾado/	/dexeneˈɾado/	[dexeneˈɾado] 堕落的<名>
antemano	/anteˈmano/	/anteˈmano/	[anteˈmano] 提前<名>
metanfetamina	/metanfetaˈmina/	/metanfetaˈmina/	[metanfetaˈmina] 冰毒<名>
concursante	/konkuɾˈsante/	/konkuɾˈsante/	[konkuɾˈsante] 参赛者<名>
tracción	/tɾaɡˈθjon/	/tɾaɡˈθjon/	[tɾaɡˈθjon] 牵引力<名>
sácate	/ˈsakate/	/ˈsakate/	[ˈsakate] 出去<叹>
watt	/ˈw̝at/	/ˈw̝at/	[ˈw̝at] 瓦特<名>
trinidad	/tɾiniˈdad/	/tɾiniˈdad/	[tɾiniˈdad] 三位一体<名>
adquirido	/adkiˈɾido/	/adkiˈɾido/	[adkiˈɾido] 获得的<形>
conjuro	/konˈxuɾo/	/konˈxuɾo/	[konˈxuɾo] 咒语<名>
masajista	/masaˈxista/	/masaˈxista/	[/masaˈxista/] 按摩师<noun>
azufre	/aˈθufɾe/	/aˈθufɾe/	[aˈθufɾe] 硫磺<名>
catering	/ˈkeiteɾin/	/ˈkeiteɾin/	[ˈkeiteɾin] 餐饮<名>
cobardía	/kobaɾˈdia/	/kobaɾˈdia/	[kobaɾˈdia] 胆怯<名>
australiano	/austɾaˈljano/	/austɾaˈljano/	[austɾaˈljano] 澳大利亚人<名>
capitular	/kapituˈlaɾ/	/kapituˈlaɾ/	[kapituˈlaɾ] 投降<动>
nodriza	/noˈdɾiθa/	/noˈdɾiθa/	[noˈdɾiθa] 奶妈<名>
retomar	/retoˈmaɾ/	/retoˈmaɾ/	[/retoˈmaɾ/] 恢复；重新开始；取回<verb>
seriedad	/seɾjeˈdad/	/seɾjeˈdad/	[seɾjeˈdad] 严肃性<名>
sudeste	/suˈdeste/	/suˈdeste/	[suˈdeste] 东南<名>
indecente	/indeˈθente/	/indeˈθente/	[indeˈθente] 不雅的<形>
oasis	/oˈasis/	/oˈasis/	[oˈasis] 绿洲<名>
resucitar	/resuθiˈtaɾ/	/resuθiˈtaɾ/	[resuθiˈtaɾ] 复活<动>
chorrada	/t͡ʃoˈrada/	/t͡ʃoˈrada/	[t͡ʃoˈrada] 废话<名>
pedófilo	/peˈdofilo/	/peˈdofilo/	[peˈdofilo] 恋童癖者<名>
espinal	/espiˈnal/	/espiˈnal/	[espiˈnal] 脊椎<形>
adaptación	/adabtaˈθjon/	/adabtaˈθjon/	[adabtaˈθjon] 适应<名>
expiatorio	/eɡspjaˈtoɾjo/	/eɡspjaˈtoɾjo/	[eɡspjaˈtoɾjo] 赎罪的<形>
ahogo	/aˈoɡo/	/aˈoɡo/	[aˈoɡo] 溺水<名>
contaminado	/kontamiˈnado/	/kontamiˈnado/	[kontamiˈnado] 被污染的<形>
dimisión	/dimiˈsjon/	/dimiˈsjon/	[dimiˈsjon] 辞职<名>
confidente	/konfiˈdente/	/konfiˈdente/	[konfiˈdente] 知己<名>
barbaridad	/baɾbaɾiˈdad/	/baɾbaɾiˈdad/	[baɾbaɾiˈdad] 野蛮<名>
yuki	/ˈʝuki/	/ˈʝuki/	[/ˈʝuki/] 由希（人名）<noun>
manifestante	/manifesˈtante/	/manifesˈtante/	[manifesˈtante] 抗议者<名>
incapacidad	/inkapaθiˈdad/	/inkapaθiˈdad/	[inkapaθiˈdad] 残疾<名>
cresta	/ˈkɾesta/	/ˈkɾesta/	[ˈkɾesta] 波峰<名>
homosexualidad	/omoseɡswaliˈdad/	/omoseɡswaliˈdad/	[omoseɡswaliˈdad] 同性恋<名>
cabaret	/kabaˈɾet/	/kabaˈɾet/	[kabaˈɾet] 歌舞表演<名>
cumplimiento	/kumpliˈmjento/	/kumpliˈmjento/	[kumpliˈmjento] 合规性<名>
basicamente	/basikamˈente/	/basikamˈente/	基本上<副>
preferencia	/pɾefeˈɾenθja/	/pɾefeˈɾenθja/	[pɾefeˈɾenθja] 偏好<名>
yogurt	/ʝoˈɡuɾt/	/ʝoˈɡuɾt/	[ʝoˈɡuɾt] 酸奶<名>
desconectar	/deskoneɡˈtaɾ/	/deskoneɡˈtaɾ/	[deskoneɡˈtaɾ] 断开连接<动>
indispensable	/indispenˈsable/	/indispenˈsable/	[indispenˈsable] 必不可少的<形>
n.	/ˈnombɾe/	/ˈnombɾe/	名词<名>
intravenosa	/intɾabeˈnosa/	/intɾabeˈnosa/	[intɾabeˈnosa] 静脉注射<名>
incrustar	/inkɾusˈtaɾ/	/inkɾusˈtaɾ/	[inkɾusˈtaɾ] 嵌入<动>
sublime	/suˈblime/	/suˈblime/	[suˈblime] 崇高的<形>
anarquía	/anaɾˈkia/	/anaɾˈkia/	[anaɾˈkia] 无政府状态<名>
proveer	/pɾobeˈeɾ/	/pɾobeˈeɾ/	[pɾobeˈeɾ] 提供<动>
emir	/eˈmiɾ/	/eˈmiɾ/	[eˈmiɾ] 埃米尔<名>
prescindir	/pɾesθinˈdiɾ/	/pɾesθinˈdiɾ/	[/pɾesθinˈdiɾ/] 省去；不用；摆脱；无视<verb>
temible	/teˈmible/	/teˈmible/	[teˈmible] 可怕的<形>
solemne	/soˈlemne/	/soˈlemne/	[soˈlemne] 庄严<形>
adolescencia	/adolesˈθenθja/	/adolesˈθenθja/	[adolesˈθenθja] 青春期<名>
mercancías	/meɾkanˈθias/	/meɾkanˈθias/	[meɾkanˈθias] 货物<名>
fragancia	/fɾaˈɡanθja/	/fɾaˈɡanθja/	[fɾaˈɡanθja] 香水<名>
supervisar	/supeɾbiˈsaɾ/	/supeɾbiˈsaɾ/	[supeɾbiˈsaɾ] 监督<动>
histeria	/isˈteɾja/	/isˈteɾja/	[isˈteɾja] 歇斯底里<名>
fotografiar	/fotoɡɾaˈfjaɾ/	/fotoɡɾaˈfjaɾ/	[/fotoɡɾaˈfjaɾ/] 拍照；摄影<verb>
subestimar	/subestiˈmaɾ/	/subestiˈmaɾ/	[subestiˈmaɾ] 低估<动>
equipar	/ekiˈpaɾ/	/ekiˈpaɾ/	[ekiˈpaɾ] 装备<动>
ne	/ˈni/	/ˈni/	[[ˈne]] ni（既不；也不）<noun>
tórax	/ˈtoɾaɡs/	/ˈtoɾaɡs/	[ˈtoɾaɡs] 胸部<名>
pelvis	/ˈpelbis/	/ˈpelbis/	[ˈpelbis] 骨盆<名>
guitarrista	/ɡitaˈrista/	/ɡitaˈrista/	[ɡitaˈrista] 吉他手<名>
astucia	/asˈtuθja/	/asˈtuθja/	[asˈtuθja] 狡猾的<名>
reproductor	/repɾoduɡˈtoɾ/	/repɾoduɡˈtoɾ/	[/repɾoduɡˈtoɾ/] 播放器；复制者；生殖的<noun>
lomo	/ˈlomo/	/ˈlomo/	[ˈlomo] 腰部<名>
limite	/liˈmite/	/liˈmite/	[liˈmite] 限制<名>
restringido	/restɾinˈxido/	/restɾinˈxido/	[restɾinˈxido] 受限的<形>
intersección	/inteɾseˈkθjon/	/inteɾseˈkθjon/	交叉点<名>
complicar	/kompliˈkaɾ/	/kompliˈkaɾ/	[kompliˈkaɾ] 使复杂化<动>
prime	/ˈpɾaim/	/ˈpɾaim/	[/ˈpɾaim/] 素数；质数<noun>
diesel	/djesel/	/djesel/	柴油机<名>
empatía	/empaˈtia/	/empaˈtia/	[empaˈtia] 同理心<名>
proporción	/pɾopoɾˈθjon/	/pɾopoɾˈθjon/	[pɾopoɾˈθjon] 比例<名>
delirio	/deˈliɾjo/	/deˈliɾjo/	[deˈliɾjo] 谵妄<名>
indiferencia	/indifeˈɾenθja/	/indifeˈɾenθja/	[indifeˈɾenθja] 冷漠<名>
amorío	/amoˈɾio/	/amoˈɾio/	[amoˈɾio] 恋爱关系<名>
renovación	/renobaˈθjon/	/renobaˈθjon/	[/renobaˈθjon/] 更新；续期<noun>
pisado	/piˈsado/	/piˈsado/	[piˈsado] 踩到<形>
jóven	/ˈxoben/	/ˈxoben/	[/ˈxoben/] joven 年轻的<形><adj>
premeditar	/pɾemediˈtaɾ/	/pɾemediˈtaɾ/	[pɾemediˈtaɾ] 预谋<动>
intrigante	/intɾiˈɡante/	/intɾiˈɡante/	[intɾiˈɡante] 有趣的<名>
promover	/pɾomoˈbeɾ/	/pɾomoˈbeɾ/	[pɾomoˈbeɾ] 促进<动>
aterrar	/ateˈraɾ/	/ateˈraɾ/	[ateˈraɾ] 吓坏<动>
inflamación	/inflamaˈθjon/	/inflamaˈθjon/	[inflamaˈθjon] 炎症<名>
aislar	/aisˈlaɾ/	/aisˈlaɾ/	[aisˈlaɾ] 隔离<动>
sudadera	/sudaˈdeɾa/	/sudaˈdeɾa/	[sudaˈdeɾa] 运动衫<名>
atropello	/atɾoˈpeʝo/	/atɾoˈpeʝo/	[atɾoˈpeʝo] 碾过<名>
sádico	/ˈsadiko/	/ˈsadiko/	[ˈsadiko] 虐待狂<名>
acelerado	/aθeleˈɾado/	/aθeleˈɾado/	[aθeleˈɾado] 加速的<形>
pera	/ˈpeɾa/	/ˈpeɾa/	[ˈpeɾa] 梨<名>
linear	/lineˈaɾ/	/lineˈaɾ/	[lineˈaɾ] 线性<动>
componer	/kompoˈneɾ/	/kompoˈneɾ/	[kompoˈneɾ] 作曲<动>
localizador	/lokaliθaˈdoɾ/	/lokaliθaˈdoɾ/	[lokaliθaˈdoɾ] 定位器<名>
vigor	/biˈɡoɾ/	/biˈɡoɾ/	[biˈɡoɾ] 活力<名>
bunker	/ˈbonkeɾ/	/ˈbonkeɾ/	[ˈbonkeɾ] 掩体<名>
bañar	/baˈɲaɾ/	/baˈɲaɾ/	[baˈɲaɾ] 洗澡<动>
palco	/ˈpalko/	/ˈpalko/	[ˈpalko] 盒子<名>
colon	/ˈkolon/	/ˈkolon/	[ˈkolon] 结肠<名>
lao	/ˈlao/	/ˈlao/	[/ˈlao/] 老挝的；老挝人；老挝语<noun>
benito	/beˈnito/	/beˈnito/	[beˈnito] 本尼迪克特<名>
envenenar	/embeneˈnaɾ/	/embeneˈnaɾ/	[/embeneˈnaɾ/] 毒害；使中毒；下毒<verb>
disminuir	/dismiˈnwiɾ/	/dismiˈnwiɾ/	[dismiˈnwiɾ] 减少<动>
maniquí	/maniˈki/	/maniˈki/	[maniˈki] 人体模型<名>
distraer	/distɾaˈeɾ/	/distɾaˈeɾ/	[distɾaˈeɾ] 分散注意力<动>
play	/ˈplei/	/ˈplei/	[/ˈplei/] 游戏；戏剧<名>；（体育）比赛<名><noun>
arrodillar	/arodiˈʝaɾ/	/arodiˈʝaɾ/	[arodiˈʝaɾ] 跪下<动>
dentadura	/dentaˈduɾa/	/dentaˈduɾa/	[dentaˈduɾa] 假牙<名>
diva	/ˈdiba/	/ˈdiba/	[ˈdiba] 女主角<名>
aerolínea	/aeɾoˈlinea/	/aeɾoˈlinea/	[aeɾoˈlinea] 航空公司<名>
competitivo	/kompetiˈtibo/	/kompetiˈtibo/	[kompetiˈtibo] 有竞争力的<形>
vacuno	/baˈkuno/	/baˈkuno/	[/baˈkuno/] 牛的<形>；牛<名>；牛肉<名><noun>
modestia	/moˈdestja/	/moˈdestja/	[moˈdestja] 谦虚<名>
resbalar	/resbaˈlaɾ/	/resbaˈlaɾ/	[resbaˈlaɾ] 滑倒<动>
barranco	/baˈranko/	/baˈranko/	[baˈranko] 山沟<名>
sucesión	/suθeˈsjon/	/suθeˈsjon/	[suθeˈsjon] 继承<名>
requisito	/rekiˈsito/	/rekiˈsito/	[rekiˈsito] 要求<名>
desviado	/desˈbjado/	/desˈbjado/	[desˈbjado] 偏离<形>
hackear	/xakeˈaɾ/	/xakeˈaɾ/	[xakeˈaɾ] 黑客<动>
reclutar	/rekluˈtaɾ/	/rekluˈtaɾ/	[rekluˈtaɾ] 招募<动>
trip	/ˈtɾip/	/ˈtɾip/	[ˈtɾip] 旅行<名>
calamar	/kalaˈmaɾ/	/kalaˈmaɾ/	[kalaˈmaɾ] 鱿鱼<名>
expandir	/eɡspanˈdiɾ/	/eɡspanˈdiɾ/	[eɡspanˈdiɾ] 展开<动>
tocador	/tokaˈdoɾ/	/tokaˈdoɾ/	[tokaˈdoɾ] 梳妆台<名>
hepatitis	/epaˈtitis/	/epaˈtitis/	[epaˈtitis] 肝炎<名>
excavar	/eɡskaˈbaɾ/	/eɡskaˈbaɾ/	[eɡskaˈbaɾ] 挖<动>
monstruoso	/monsˈtɾwoso/	/monsˈtɾwoso/	[monsˈtɾwoso] 可怕的<形>
salvada	/salˈbada/	/salˈbada/	[salˈbada] 已保存<名>
párroco	/ˈparoko/	/ˈparoko/	[ˈparoko] 教区神父<名>
guinea	/ɡiˈnea/	/ɡiˈnea/	[ɡiˈnea] 几内亚<名>
nudillo	/nuˈdiʝo/	/nuˈdiʝo/	[nuˈdiʝo] 指关节<名>
parámetro	/paˈɾametɾo/	/paˈɾametɾo/	[paˈɾametɾo] 参数<名>
acechar	/aθeˈt͡ʃaɾ/	/aθeˈt͡ʃaɾ/	[/aθeˈt͡ʃaɾ/] 窥伺；盯梢；潜伏跟踪<verb>
hallazgo	/aˈʝaθɡo/	/aˈʝaθɡo/	[aˈʝaθɡo] 发现<名>
cráter	/ˈkɾateɾ/	/ˈkɾateɾ/	[ˈkɾateɾ] 火山口<名>
otar	/oˈtaɾ/	/oˈtaɾ/	[/oˈtaɾ/] 祈祷；祷告<verb>
minoría	/minoˈɾia/	/minoˈɾia/	[minoˈɾia] 少数民族<名>
opresión	/opɾeˈsjon/	/opɾeˈsjon/	[opɾeˈsjon] 压迫<名>
reptil	/rebˈtil/	/rebˈtil/	[rebˈtil] 爬行动物<名>
centenar	/θenteˈnaɾ/	/θenteˈnaɾ/	[θenteˈnaɾ] 一百<名>
machete	/maˈt͡ʃete/	/maˈt͡ʃete/	[maˈt͡ʃete] 弯刀<名>
bisabuelo	/bisaˈbwelo/	/bisaˈbwelo/	[bisaˈbwelo] 曾祖父<名>
mutación	/mutaˈθjon/	/mutaˈθjon/	[mutaˈθjon] 突变<名>
bobada	/boˈbada/	/boˈbada/	[boˈbada] 废话<名>
incógnito	/inˈkoɡnito/	/inˈkoɡnito/	[inˈkoɡnito] 隐姓埋名<形>
codicioso	/kodiˈθjoso/	/kodiˈθjoso/	[kodiˈθjoso] 贪婪的<名>
bizcocho	/biθˈkot͡ʃo/	/biθˈkot͡ʃo/	[biθˈkot͡ʃo] 海绵蛋糕<名>
abundante	/abunˈdante/	/abunˈdante/	[abunˈdante] 丰富<形>
imitador	/imitaˈdoɾ/	/imitaˈdoɾ/	[imitaˈdoɾ] 模仿者<名>
suroeste	/swoˈeste/	/swoˈeste/	西南<名>
bateador	/bateaˈdoɾ/	/bateaˈdoɾ/	[bateaˈdoɾ] 击球手<名>
evolucionar	/eboluθjoˈnaɾ/	/eboluθjoˈnaɾ/	[eboluθjoˈnaɾ] 进化<动>
densidad	/densiˈdad/	/densiˈdad/	[densiˈdad] 密度<名>
atorar	/atoˈɾaɾ/	/atoˈɾaɾ/	[/atoˈɾaɾ/] 堵塞；卡住；阻塞<verb>
calcio	/ˈkalθjo/	/ˈkalθjo/	[ˈkalθjo] 钙<名>
osea	/oˈsea/	/oˈsea/	[[oˈse.a]] 骨的，骨质的<形>（“也就是说”应写作 o sea）<adj>
cerámica	/θeˈɾamika/	/θeˈɾamika/	[θeˈɾamika] 陶瓷<名>
disgustar	/disɡusˈtaɾ/	/disɡusˈtaɾ/	[disɡusˈtaɾ] 不喜欢<动>
panadero	/panaˈdeɾo/	/panaˈdeɾo/	[panaˈdeɾo] 贝克<名>
egoísmo	/eɡoˈismo/	/eɡoˈismo/	[eɡoˈismo] 自私<名>
alfiler	/alfiˈleɾ/	/alfiˈleɾ/	[alfiˈleɾ] 针<名>
benéfico	/beˈnefiko/	/beˈnefiko/	[beˈnefiko] 有益的<形>
injustamente	/inxusˈtamente/	/inxusˈtamente/	不公平地<副>
torbellino	/toɾbeˈʝino/	/toɾbeˈʝino/	[toɾbeˈʝino] 旋风<名>
clavar	/klaˈbaɾ/	/klaˈbaɾ/	[/klaˈbaɾ/] 钉；钉住；钉入<verb>
fugar	/fuˈɡaɾ/	/fuˈɡaɾ/	[fuˈɡaɾ] 逃脱<动>
crianza	/ˈkɾjanθa/	/ˈkɾjanθa/	[ˈkɾjanθa] 育种<名>
instantáneamente	/instanˌtaneaˈmente/	/instanˌtaneaˈmente/	[instanˌtaneaˈmente] 立即<副>
caracol	/kaɾaˈkol/	/kaɾaˈkol/	[kaɾaˈkol] 蜗牛<名>
mandamiento	/mandaˈmjento/	/mandaˈmjento/	[mandaˈmjento] 诫命<名>
dominó	/domiˈno/	/domiˈno/	[domiˈno] 多米诺骨牌<名>
basar	/baˈsaɾ/	/baˈsaɾ/	[/baˈsaɾ/] 以…为基础；基于<verb>
cazado	/kaˈθado/	/kaˈθado/	[kaˈθado] 被猎杀<形>
silvestre	/silˈbestɾe/	/silˈbestɾe/	[silˈbestɾe] 野生的<形>
camping	/ˈkampin/	/ˈkampin/	[ˈkampin] 露营<名>
mail	/ˈmeil/	/ˈmeil/	[ˈmeil] 电子邮件<名>
brigadier	/bɾiɡaˈdjeɾ/	/bɾiɡaˈdjeɾ/	[bɾiɡaˈdjeɾ] 准将<名>
malgastar	/malɡasˈtaɾ/	/malɡasˈtaɾ/	[/malɡasˈtaɾ/] 浪费；挥霍<verb>
rivera	/riˈbeɾa/	/riˈbeɾa/	[riˈbeɾa] 里维拉<名>
secadora	/sekadˈoɾa/	/sekadˈoɾa/	烘干机<名>
detenidamente	/deteˌnidaˈmente/	/deteˌnidaˈmente/	[deteˌnidaˈmente] 仔细地<副>
magnate	/maɡˈnate/	/maɡˈnate/	[maɡˈnate] 大亨<名>
sanatorio	/sanaˈtoɾjo/	/sanaˈtoɾjo/	[sanaˈtoɾjo] 疗养院<名>
lobby	/ˈlobi/	/ˈlobi/	[ˈlobi] 大堂<名>
rigor	/riˈɡoɾ/	/riˈɡoɾ/	[riˈɡoɾ] 严谨<名>
decepcionar	/deθebθjoˈnaɾ/	/deθebθjoˈnaɾ/	[deθebθjoˈnaɾ] 失望<动>
camionero	/kamjoˈneɾo/	/kamjoˈneɾo/	[kamjoˈneɾo] 卡车司机<名>
sabueso	/saˈbweso/	/saˈbweso/	[/saˈbweso/] 猎犬<名><noun>
encadenado	/enkadeˈnado/	/enkadeˈnado/	[enkadeˈnado] 被锁住的<名>
verbal	/beɾˈbal/	/beɾˈbal/	[beɾˈbal] 口头的<名>
combinar	/kombiˈnaɾ/	/kombiˈnaɾ/	[kombiˈnaɾ] 联合起来<动>
titán	/tiˈtan/	/tiˈtan/	[tiˈtan] 泰坦<名>
temblor	/temˈbloɾ/	/temˈbloɾ/	[temˈbloɾ] 震颤<名>
hebreo	/eˈbɾeo/	/eˈbɾeo/	[eˈbɾeo] 希伯来语<名>
frigorífico	/fɾiɡoˈɾifiko/	/fɾiɡoˈɾifiko/	[fɾiɡoˈɾifiko] 冰箱<名>
pollas	/ˈpoʝas/	/ˈpoʝas/	[[ˈpo.ʝas] 雏鸡；小母鸡<adv>
casanova	/kasaˈnoba/	/kasaˈnoba/	[/kasaˈnoba/] 情场老手；风流男子<名><noun>
valija	/baˈlixa/	/baˈlixa/	[baˈlixa] 手提箱<名>
dependiente	/depenˈdjente/	/depenˈdjente/	[depenˈdjente] 依赖的<名>
correccional	/koreɡθjoˈnal/	/koreɡθjoˈnal/	[koreɡθjoˈnal] 矫正的<名>
sometido	/someˈtido/	/someˈtido/	[someˈtido] 受到<形>
superioridad	/supeɾjoɾiˈdad/	/supeɾjoɾiˈdad/	[supeɾjoɾiˈdad] 优越性<名>
vencedor	/benθeˈdoɾ/	/benθeˈdoɾ/	[benθeˈdoɾ] 胜利者<名>
diariamente	/ˌdjaɾjaˈmente/	/ˌdjaɾjaˈmente/	[ˌdjaɾjaˈmente] 每日<副>
toto	/ˈtoto/	/ˈtoto/	[/ˈtoto/] 托托鱼（一种鱼类）<名><noun>
entrometerse	/entɾomeˈteɾse/	/entɾomeˈteɾse/	[entɾomeˈteɾse] 干涉<动>
intolerable	/intoleˈɾable/	/intoleˈɾable/	[intoleˈɾable] 无法忍受的<形>
lácteo	/ˈlaɡteo/	/ˈlaɡteo/	[/ˈlaɡteo/] 乳的；乳制的<形><noun>
hipotéticamente	/ipoteˈtikamente/	/ipoteˈtikamente/	假设地<副>
mecha	/ˈmet͡ʃa/	/ˈmet͡ʃa/	[ˈmet͡ʃa] 灯芯<名>
divorciar	/diboɾˈθjaɾ/	/diboɾˈθjaɾ/	[diboɾˈθjaɾ] 离婚<动>
guantero	/ɡwanˈteɾo/	/ɡwanˈteɾo/	[ɡwanˈteɾo] 手套人<名>
water	/ˈw̝ateɾ/	/ˈw̝ateɾ/	[ˈw̝ateɾ] 水<名>
evasión	/ebaˈsjon/	/ebaˈsjon/	[ebaˈsjon] 逃避<名>
tropezar	/tɾopeˈθaɾ/	/tɾopeˈθaɾ/	[tɾopeˈθaɾ] 绊倒<动>
bambi	/ˈbambi/	/ˈbambi/	[ˈbambi] 小鹿斑比<名>
epa	/ˈepa/	/ˈepa/	[ˈepa] 呃<叹>
belga	/ˈbelɡa/	/ˈbelɡa/	[ˈbelɡa] 比利时人<名>
holocausto	/oloˈkausto/	/oloˈkausto/	[oloˈkausto] 大屠杀<名>
sinfonía	/sinfoˈnia/	/sinfoˈnia/	[sinfoˈnia] 交响乐<名>
decorar	/dekoˈɾaɾ/	/dekoˈɾaɾ/	[dekoˈɾaɾ] 装饰<动>
serenidad	/seɾeniˈdad/	/seɾeniˈdad/	[seɾeniˈdad] 宁静<名>
ancha	/ˈant͡ʃa/	/ˈant͡ʃa/	[ˈant͡ʃa] 宽<名>
nitrógeno	/niˈtɾoxeno/	/niˈtɾoxeno/	[niˈtɾoxeno] 氮<名>
provocación	/pɾobokaˈθjon/	/pɾobokaˈθjon/	[pɾobokaˈθjon] 挑衅<名>
dictadura	/diɡtaˈduɾa/	/diɡtaˈduɾa/	[diɡtaˈduɾa] 独裁统治<名>
bat	/ˈbat/	/ˈbat/	[/ˈbat/] 蝙蝠（英语借词；西班牙语为murciélago）<noun>
tofu	/ˈtofu/	/ˈtofu/	[ˈtofu] 豆腐<名>
propulsión	/pɾopulˈsjon/	/pɾopulˈsjon/	[pɾopulˈsjon] 推进力<名>
puñalada	/puɲaˈlada/	/puɲaˈlada/	[puɲaˈlada] 刺<名>
estadía	/estaˈdia/	/estaˈdia/	[estaˈdia] 逗留；停留<名>
federico	/fedeɾˈiko/	/fedeɾˈiko/	费德里科<形>
toxina	/toɡˈsina/	/toɡˈsina/	[toɡˈsina] 毒素<名>
detallado	/detaˈʝado/	/detaˈʝado/	[detaˈʝado] 详细的<形>
desperdiciado	/despeɾdiˈθjado/	/despeɾdiˈθjado/	[despeɾdiˈθjado] 浪费了<形>
reflexión	/refleɡˈsjon/	/refleɡˈsjon/	[refleɡˈsjon] 反思<名>
bengala	/benˈɡala/	/benˈɡala/	[benˈɡala] 信号弹；照明弹<名>
gnomo	/ˈnomo/	/ˈnomo/	[ˈnomo] 侏儒<名>
oliva	/oˈliba/	/oˈliba/	[oˈliba] 橄榄<名>
simular	/simuˈlaɾ/	/simuˈlaɾ/	[simuˈlaɾ] 模拟<动>
almeja	/alˈmexa/	/alˈmexa/	[alˈmexa] 蛤<名>
garza	/ˈɡaɾθa/	/ˈɡaɾθa/	[ˈɡaɾθa] 苍鹭<名>
favorable	/faboˈɾable/	/faboˈɾable/	[faboˈɾable] 有利的<形>
cooperativa	/koopeɾaˈtiba/	/koopeɾaˈtiba/	[koopeɾaˈtiba] 合作社<名>
elaborado	/elaboˈɾado/	/elaboˈɾado/	[elaboˈɾado] 精心设计<形>
referente	/refeˈɾente/	/refeˈɾente/	[refeˈɾente] 所指对象<名>
valorar	/baloˈɾaɾ/	/baloˈɾaɾ/	[baloˈɾaɾ] 值<动>
colesterol	/kolesteˈɾol/	/kolesteˈɾol/	[kolesteˈɾol] 胆固醇<名>
pajar	/paˈxaɾ/	/paˈxaɾ/	[paˈxaɾ] 干草堆<名>
apache	/aˈpat͡ʃe/	/aˈpat͡ʃe/	[aˈpat͡ʃe] 阿帕奇<名>
perjurio	/peɾˈxuɾjo/	/peɾˈxuɾjo/	[peɾˈxuɾjo] 伪证<名>
imparcial	/impaɾˈθjal/	/impaɾˈθjal/	[impaɾˈθjal] 公正的<形>
gubernamental	/ɡubeɾnamenˈtal/	/ɡubeɾnamenˈtal/	[ɡubeɾnamenˈtal] 政府的<形>
majo	/ˈmaxo/	/ˈmaxo/	[ˈmaxo] 不错<形>
inolvidable	/inolbiˈdable/	/inolbiˈdable/	[inolbiˈdable] 难忘的<形>
inhumano	/inuˈmano/	/inuˈmano/	[inuˈmano] 不人道的<形>
impreso	/imˈpɾeso/	/imˈpɾeso/	[imˈpɾeso] 印刷的<名>
hormigón	/oɾmiˈɡon/	/oɾmiˈɡon/	[oɾmiˈɡon] 混凝土<名>
devastador	/debastaˈdoɾ/	/debastaˈdoɾ/	[debastaˈdoɾ] 毁灭性的<形>
continental	/kontinenˈtal/	/kontinenˈtal/	[kontinenˈtal] 欧陆式<形>
primitiva	/pɾimiˈtiba/	/pɾimiˈtiba/	[pɾimiˈtiba] 原始的<名>
desempleado	/desempleˈado/	/desempleˈado/	[desempleˈado] 失业的<名>
balazo	/baˈlaθo/	/baˈlaθo/	[baˈlaθo] 子弹<名>
pas	/ˈpas/	/ˈpas/	[/ˈpas/] 步子；舞步（西班牙语标准形式为 paso）<noun>
sustento	/susˈtento/	/susˈtento/	[susˈtento] 维持生计<名>
furgón	/fuɾˈɡon/	/fuɾˈɡon/	[fuɾˈɡon] 货车<名>
deportista	/depoɾˈtista/	/depoɾˈtista/	[depoɾˈtista] 运动员<名>
exorcismo	/eɡsoɾˈθismo/	/eɡsoɾˈθismo/	[eɡsoɾˈθismo] 驱魔<名>
pestaña	/pesˈtaɲa/	/pesˈtaɲa/	[/pesˈtaɲa/] 睫毛；（浏览器）选项卡<名><noun>
antojo	/anˈtoxo/	/anˈtoxo/	[anˈtoxo] 渴望<名>
compás	/komˈpas/	/komˈpas/	[komˈpas] 指南针<名>
nominado	/nomiˈnado/	/nomiˈnado/	[nomiˈnado] 提名<名>
disponer	/dispoˈneɾ/	/dispoˈneɾ/	[dispoˈneɾ] 处置<动>
concejo	/konˈθexo/	/konˈθexo/	[konˈθexo] 理事会<名>
rodante	/roˈdante/	/roˈdante/	[roˈdante] 滚动<形>
trucha	/ˈtɾut͡ʃa/	/ˈtɾut͡ʃa/	[ˈtɾut͡ʃa] 鳟鱼<名>
liebre	/ˈljebɾe/	/ˈljebɾe/	[ˈljebɾe] 野兔<名>
ligado	/liˈɡado/	/liˈɡado/	[liˈɡado] 束缚<名>
úlcera	/ˈulθeɾa/	/ˈulθeɾa/	[ˈulθeɾa] 溃疡<名>
irritable	/iriˈtable/	/iriˈtable/	[iriˈtable] 烦躁的<形>
casta	/ˈkasta/	/ˈkasta/	[ˈkasta] 种姓<名>
deslumbrante	/deslumˈbɾante/	/deslumˈbɾante/	[deslumˈbɾante] 令人眼花缭乱<形>
reconsiderar	/rekonsideˈɾaɾ/	/rekonsideˈɾaɾ/	[rekonsideˈɾaɾ] 重新考虑<动>
activista	/aɡtiˈbista/	/aɡtiˈbista/	[aɡtiˈbista] 积极分子<名>
grandullón	/ɡɾanduˈʝon/	/ɡɾanduˈʝon/	[ɡɾanduˈʝon] 大个子<名>
bol	/ˈbol/	/ˈbol/	[ˈbol] 碗<名>
purgatorio	/puɾɡaˈtoɾjo/	/puɾɡaˈtoɾjo/	[puɾɡaˈtoɾjo] 炼狱<名>
casting	/ˈkastin/	/ˈkastin/	[ˈkastin] 铸造<名>
cochero	/koˈt͡ʃeɾo/	/koˈt͡ʃeɾo/	[koˈt͡ʃeɾo] 车夫<名>
sobrecarga	/sobɾeˈkaɾɡa/	/sobɾeˈkaɾɡa/	[sobɾeˈkaɾɡa] 过载<名>
fascinar	/fasθiˈnaɾ/	/fasθiˈnaɾ/	[fasθiˈnaɾ] 着迷<动>
conmover	/kommoˈbeɾ/	/kommoˈbeɾ/	[kommoˈbeɾ] 使感动；打动<动>
agitar	/axiˈtaɾ/	/axiˈtaɾ/	[axiˈtaɾ] 摇动<动>
foca	/ˈfoka/	/ˈfoka/	[ˈfoka] 海豹<名>
lsd	/elˈesde/	/elˈesde/	[elˈesde] 麦角酸二乙酰胺；致幻剂LSD<名>
suertudo	/sweɾˈtudo/	/sweɾˈtudo/	[sweɾˈtudo] 幸运的<名>
transfusión	/tɾansfuˈsjon/	/tɾansfuˈsjon/	[tɾansfuˈsjon] 输血<名>
heladera	/elaˈdeɾa/	/elaˈdeɾa/	[elaˈdeɾa] 冰箱<名>
enfriar	/enˈfɾjaɾ/	/enˈfɾjaɾ/	[enˈfɾjaɾ] 使冷却；冷藏<动>
restauración	/restauɾaˈθjon/	/restauɾaˈθjon/	[restauɾaˈθjon] 恢复<名>
cupido	/kuˈpido/	/kuˈpido/	[kuˈpido] 丘比特<名>
ecuador	/ekwaˈdoɾ/	/ekwaˈdoɾ/	[ekwaˈdoɾ] 赤道<名>
revuelto	/reˈbwelto/	/reˈbwelto/	[reˈbwelto] 炒的<形>
oráculo	/oˈɾakulo/	/oˈɾakulo/	[oˈɾakulo] 神谕；神示所<名>
textura	/teɡsˈtuɾa/	/teɡsˈtuɾa/	[teɡsˈtuɾa] 纹理<名>
casilla	/kaˈsiʝa/	/kaˈsiʝa/	[kaˈsiʝa] 盒子<名>
erudito	/eɾuˈdito/	/eɾuˈdito/	[eɾuˈdito] 学者<名>
revertir	/rebeɾˈtiɾ/	/rebeɾˈtiɾ/	[rebeɾˈtiɾ] 反向<动>
comprobación	/kompɾobaˈθjon/	/kompɾobaˈθjon/	[kompɾobaˈθjon] 验证<名>
amargura	/amaɾˈɡuɾa/	/amaɾˈɡuɾa/	[amaɾˈɡuɾa] 苦涩<名>
administrar	/adminisˈtɾaɾ/	/adminisˈtɾaɾ/	[adminisˈtɾaɾ] 管理<动>
intelecto	/inteˈleɡto/	/inteˈleɡto/	[inteˈleɡto] 智力<名>
brusco	/ˈbɾusko/	/ˈbɾusko/	[ˈbɾusko] 突然的<形>
teórico	/teˈoɾiko/	/teˈoɾiko/	[teˈoɾiko] 理论的<名>
beneficiar	/benefiˈθjaɾ/	/benefiˈθjaɾ/	[benefiˈθjaɾ] 使受益；有益于<动>
clínico	/ˈkliniko/	/ˈkliniko/	[ˈkliniko] 临床<名>
asombrar	/asomˈbɾaɾ/	/asomˈbɾaɾ/	[asomˈbɾaɾ] 震惊<动>
fósil	/ˈfosil/	/ˈfosil/	[ˈfosil] 化石<名>
coalición	/koaliˈθjon/	/koaliˈθjon/	[koaliˈθjon] 联盟<名>
soñador	/soɲaˈdoɾ/	/soɲaˈdoɾ/	[soɲaˈdoɾ] 梦想家<名>
impresora	/impɾeˈsoɾa/	/impɾeˈsoɾa/	[impɾeˈsoɾa] 打印机<名>
incremento	/inkɾeˈmento/	/inkɾeˈmento/	[inkɾeˈmento] 增加<名>
traficar	/tɾafiˈkaɾ/	/tɾafiˈkaɾ/	[tɾafiˈkaɾ] 交易；做买卖；非法贩运<动>
obediente	/obeˈdjente/	/obeˈdjente/	[obeˈdjente] 听话的<形>
vertebral	/beɾteˈbɾal/	/beɾteˈbɾal/	[beɾteˈbɾal] 脊椎的<形>
obstinado	/obstiˈnado/	/obstiˈnado/	[obstiˈnado] 固执的<形>
perturbador	/peɾtuɾbaˈdoɾ/	/peɾtuɾbaˈdoɾ/	[peɾtuɾbaˈdoɾ] 令人不安的<名>
travesía	/tɾabeˈsia/	/tɾabeˈsia/	[tɾabeˈsia] 穿越<名>
remonta	/reˈmonta/	/reˈmonta/	[reˈmonta] 返回<名>
rabioso	/raˈbjoso/	/raˈbjoso/	[raˈbjoso] 狂热的<形>
malestar	/malesˈtaɾ/	/malesˈtaɾ/	[malesˈtaɾ] 不适<名>
involuntario	/imbolunˈtaɾjo/	/imbolunˈtaɾjo/	[imbolunˈtaɾjo] 不自觉的<形>
diecinueve	/djeθiˈnwebe/	/djeθiˈnwebe/	[djeθiˈnwebe] 十九<数>
ole	/ˈole/	/ˈole/	[ˈole] 奥莱<叹>
inmóvil	/imˈmobil/	/imˈmobil/	[imˈmobil] 一动不动<形>
aproximación	/apɾoɡsimaˈθjon/	/apɾoɡsimaˈθjon/	[/apɾoɡsimaˈθjon/] 接近；近似<名><noun>
vasto	/ˈbasto/	/ˈbasto/	[ˈbasto] 广阔的<形>
saborear	/saboɾeˈaɾ/	/saboɾeˈaɾ/	[saboɾeˈaɾ] 品味<动>
cowboy	/ˈkauboi/	/ˈkauboi/	[ˈkauboi] 牛仔<名>
interacción	/inteɾaɡˈθjon/	/inteɾaɡˈθjon/	[inteɾaɡˈθjon] 互动<名>
prójimo	/ˈpɾoximo/	/ˈpɾoximo/	[ˈpɾoximo] 邻居<名>
living	/ˈlibin/	/ˈlibin/	[ˈlibin] 客厅<名>
génesis	/ˈxenesis/	/ˈxenesis/	[ˈxenesis] 起源<名>
eslabón	/eslaˈbon/	/eslaˈbon/	[eslaˈbon] 链接<名>
dina	/ˈdina/	/ˈdina/	[ˈdina] 迪娜<名>
budista	/buˈdista/	/buˈdista/	[buˈdista] 佛教徒<名>
auditorio	/audiˈtoɾjo/	/audiˈtoɾjo/	[audiˈtoɾjo] 礼堂<名>
intermedio	/inteɾˈmedjo/	/inteɾˈmedjo/	[inteɾˈmedjo] 中间<名>
traumático	/tɾauˈmatiko/	/tɾauˈmatiko/	[tɾauˈmatiko] 创伤性的<形>
deshonesto	/desoˈnesto/	/desoˈnesto/	[desoˈnesto] 不诚实的<形>
curro	/ˈkuro/	/ˈkuro/	[ˈkuro] 工作<名>
inicialmente	/iniˌθjalˈmente/	/iniˌθjalˈmente/	[iniˌθjalˈmente] 最初<副>
prefecto	/pɾeˈfeɡto/	/pɾeˈfeɡto/	[pɾeˈfeɡto] 知府<名>
ies	/ˈies/	/ˈies/	[ˈies] 字母i的复数<名>
peregrino	/peɾeˈɡɾino/	/peɾeˈɡɾino/	[peɾeˈɡɾino] 朝圣者<名>
funcional	/funθjoˈnal/	/funθjoˈnal/	[funθjoˈnal] 功能性的<形>
diplomacia	/diploˈmaθja/	/diploˈmaθja/	[diploˈmaθja] 外交<名>
sífilis	/ˈsifilis/	/ˈsifilis/	[ˈsifilis] 梅毒<名>
desconcertante	/deskonθeɾˈtante/	/deskonθeɾˈtante/	[deskonθeɾˈtante] 令人不安的<形>
penoso	/peˈnoso/	/peˈnoso/	[peˈnoso] 痛苦的<形>
travesura	/tɾabeˈsuɾa/	/tɾabeˈsuɾa/	[tɾabeˈsuɾa] 恶作剧<名>
susceptible	/susθebˈtible/	/susθebˈtible/	[susθebˈtible] 易受影响的<形>
descuide	/desˈkwide/	/desˈkwide/	[desˈkwide] 忽视<叹>
examinando	/eɡsamiˈnando/	/eɡsamiˈnando/	[eɡsamiˈnando] 检查<名>
espagueti	/espaˈɡeti/	/espaˈɡeti/	[espaˈɡeti] 意大利面<名>
paginar	/paxiˈnaɾ/	/paxiˈnaɾ/	[paxiˈnaɾ] 分页<动>
reforzar	/refoɾˈθaɾ/	/refoɾˈθaɾ/	[refoɾˈθaɾ] 强化<动>
scooter	/ˈskuteɾ/	/ˈskuteɾ/	[ˈskuteɾ] 踏板车<名>
grime	/ɡɾˈime/	/ɡɾˈime/	污垢<名>
pergamino	/peɾɡaˈmino/	/peɾɡaˈmino/	[peɾɡaˈmino] 羊皮纸<名>
farmacéutico	/faɾmaˈθeutiko/	/faɾmaˈθeutiko/	[faɾmaˈθeutiko] 药剂师<名>
contribuyente	/kontɾibuˈʝente/	/kontɾibuˈʝente/	[kontɾibuˈʝente] 纳税人<名>
errante	/eˈrante/	/eˈrante/	[eˈrante] 徘徊<形>
bocazas	/boˈkaθas/	/boˈkaθas/	[boˈkaθas] 大嘴<名>
retórica	/reˈtoɾika/	/reˈtoɾika/	[reˈtoɾika] 修辞学<名>
pintalabios	/pintaˈlabjos/	/pintaˈlabjos/	[pintaˈlabjos] 口红<名>
vicario	/biˈkaɾjo/	/biˈkaɾjo/	[biˈkaɾjo] 牧师<名>
fango	/ˈfanɡo/	/ˈfanɡo/	[ˈfanɡo] 泥<名>
ale	/ˈeil/	/ˈeil/	[ˈeil] 麦酒<名>
cisco	/ˈθisko/	/ˈθisko/	[ˈθisko] 谷壳；碎屑<名>
trino	/ˈtɾino/	/ˈtɾino/	[ˈtɾino] 颤音<名>
épico	/ˈepiko/	/ˈepiko/	[ˈepiko] 史诗<形>
hez	/ˈeθ/	/ˈeθ/	[ˈeθ] 渣滓<名>
ara	/ˈaɾa/	/ˈaɾa/	[ˈaɾa] 祭坛<名>
contratiempo	/kontɾaˈtjempo/	/kontɾaˈtjempo/	[kontɾaˈtjempo] 挫折<名>
clasificación	/klasifikaˈθjon/	/klasifikaˈθjon/	[klasifikaˈθjon] 分类<名>
iceberg	/iθeˈbeɾ/	/iθeˈbeɾ/	[iθeˈbeɾ] 冰山<名>
sabotear	/saboteˈaɾ/	/saboteˈaɾ/	[saboteˈaɾ] 破坏<动>
melocotón	/melokoˈton/	/melokoˈton/	[melokoˈton] 桃子<名>
póster	/ˈposteɾ/	/ˈposteɾ/	[ˈposteɾ] 海报<名>
box	/ˈboɡs/	/ˈboɡs/	[ˈboɡs] 盒子<名>
metropolitano	/metɾopolitaˈno/	/metɾopolitaˈno/	大都市的<名>
posar	/poˈsaɾ/	/poˈsaɾ/	[poˈsaɾ] 摆姿势；（鸟）栖息；轻轻放下<动>
genocidio	/xenoˈθidjo/	/xenoˈθidjo/	[xenoˈθidjo] 种族灭绝<名>
jefatura	/xefaˈtuɾa/	/xefaˈtuɾa/	[xefaˈtuɾa] 领导力<名>
hábitat	/ˈabitat/	/ˈabitat/	[ˈabitat] 栖息地<名>
encubrir	/enkuˈbɾiɾ/	/enkuˈbɾiɾ/	[enkuˈbɾiɾ] 掩盖<动>
destacado	/destaˈkado/	/destaˈkado/	[destaˈkado] 精选<形>
confrontación	/konfɾontaˈθjon/	/konfɾontaˈθjon/	[konfɾontaˈθjon] 对抗<名>
indefinidamente	/indefinidamenˈte/	/indefinidamenˈte/	无限期地<副>
maternal	/mateɾˈnal/	/mateɾˈnal/	[mateɾˈnal] 母亲的<形>
incertidumbre	/inθeɾtiˈdumbɾe/	/inθeɾtiˈdumbɾe/	[inθeɾtiˈdumbɾe] 不确定性<名>
consola	/konˈsola/	/konˈsola/	[konˈsola] 控制台<名>
heredar	/eɾeˈdaɾ/	/eɾeˈdaɾ/	[eɾeˈdaɾ] 继承<动>
guionista	/ɡjoˈnista/	/ɡjoˈnista/	[ɡjoˈnista] 编剧<名>
asombro	/aˈsombɾo/	/aˈsombɾo/	[aˈsombɾo] 惊讶<名>
gángster	/ˈɡansteɾ/	/ˈɡansteɾ/	[ˈɡansteɾ] 黑帮<名>
suavidad	/swabiˈdad/	/swabiˈdad/	[swabiˈdad] 柔软度<名>
reencarnación	/reenkaɾnaˈθjon/	/reenkaɾnaˈθjon/	[reenkaɾnaˈθjon] 转世<名>
anotación	/anotaˈθjon/	/anotaˈθjon/	[anotaˈθjon] 注释<名>
repetidamente	/repeˌtidaˈmente/	/repeˌtidaˈmente/	[repeˌtidaˈmente] 反复地<副>
toser	/toˈseɾ/	/toˈseɾ/	[toˈseɾ] 咳嗽<动>
cripta	/ˈkɾibta/	/ˈkɾibta/	[ˈkɾibta] 地穴<名>
subdirector	/subdiɾeɡˈtoɾ/	/subdiɾeɡˈtoɾ/	[subdiɾeɡˈtoɾ] 副主任<名>
cósmico	/ˈkosmiko/	/ˈkosmiko/	[ˈkosmiko] 宇宙的<形>
arpía	/aɾˈpia/	/aɾˈpia/	[aɾˈpia] 鹰身女妖<名>
miga	/ˈmiɡa/	/ˈmiɡa/	[ˈmiɡa] 面包屑<名>
potasio	/poˈtasjo/	/poˈtasjo/	[poˈtasjo] 钾<名>
gobernante	/ɡobeɾˈnante/	/ɡobeɾˈnante/	[ɡobeɾˈnante] 统治者；执政者<名>
genialidad	/xenjaliˈdad/	/xenjaliˈdad/	[xenjaliˈdad] 天才<名>
anonimato	/anoniˈmato/	/anoniˈmato/	[anoniˈmato] 匿名性<名>
pionero	/pjoˈneɾo/	/pjoˈneɾo/	[pjoˈneɾo] 先锋<名>
vagamente	/ˌbaɡaˈmente/	/ˌbaɡaˈmente/	[ˌbaɡaˈmente] 隐约地<副>
jirafa	/xiˈɾafa/	/xiˈɾafa/	[xiˈɾafa] 长颈鹿<名>
ogro	/ˈoɡɾo/	/ˈoɡɾo/	[ˈoɡɾo] 食人魔<名>
vocal	/boˈkal/	/boˈkal/	[boˈkal] 元音<名>
hit	/ˈxit/	/ˈxit/	[ˈxit] 击中<名>
ordenada	/oɾdeˈnada/	/oɾdeˈnada/	[oɾdeˈnada] 已订购<名>
elfo	/ˈelfo/	/ˈelfo/	[ˈelfo] 小精灵<名>
envolver	/embolˈbeɾ/	/embolˈbeɾ/	[embolˈbeɾ] 包裹<动>
irreal	/ireˈal/	/ireˈal/	[ireˈal] 不真实的<形>
rebote	/reˈbote/	/reˈbote/	[reˈbote] 反弹<名>
sueno	/ˈsweno/	/ˈsweno/	[/ˈsweno/] sueño：梦；梦想<名><noun>
constancia	/konsˈtanθja/	/konsˈtanθja/	[konsˈtanθja] 恒心<名>
agitación	/axitaˈθjon/	/axitaˈθjon/	[axitaˈθjon] 搅动<名>
integral	/inteˈɡɾal/	/inteˈɡɾal/	[inteˈɡɾal] 积分<名>
licenciado	/liθenˈθjado/	/liθenˈθjado/	[liθenˈθjado] 毕业生<名>
carmelo	/kaɾˈmelo/	/kaɾˈmelo/	[kaɾˈmelo] 焦糖；糖果<名>
gringo	/ˈɡɾinɡo/	/ˈɡɾinɡo/	[ˈɡɾinɡo] 外国佬<名>
baterista	/bateˈɾista/	/bateˈɾista/	[bateˈɾista] 鼓手<名>
valido	/baˈlido/	/baˈlido/	[baˈlido] 有效<名>
izar	/iˈθaɾ/	/iˈθaɾ/	[iˈθaɾ] 升起；扯起（旗帜）<动>
demandado	/demanˈdado/	/demanˈdado/	[demanˈdado] 被告<名>
desapercibido	/desapeɾsiˈβiðo/	/desapeɾsiˈβiðo/	不被注意的<形>
hazaña	/aˈθaɲa/	/aˈθaɲa/	[aˈθaɲa] 壮举<名>
parcela	/paɾˈθela/	/paɾˈθela/	[paɾˈθela] 小块土地；地块<名>
encierro	/enˈθjero/	/enˈθjero/	[enˈθjero] 禁闭<名>
pagano	/paˈɡano/	/paˈɡano/	[paˈɡano] 异教徒<名>
dardo	/ˈdaɾdo/	/ˈdaɾdo/	[ˈdaɾdo] 飞镖<名>
sandía	/sanˈdia/	/sanˈdia/	[sanˈdia] 西瓜<名>
tramo	/ˈtɾamo/	/ˈtɾamo/	[ˈtɾamo] 伸展<名>
remar	/reˈmaɾ/	/reˈmaɾ/	[reˈmaɾ] 划船；划桨<动>
senda	/ˈsenda/	/ˈsenda/	[ˈsenda] 路径<名>
hocico	/oˈθiko/	/oˈθiko/	[oˈθiko] 鼻子<名>
capitalista	/kapitaˈlista/	/kapitaˈlista/	[kapitaˈlista] 资本家<名>
socialmente	/ˌsoθjalˈmente/	/ˌsoθjalˈmente/	[ˌsoθjalˈmente] 社交上<副>
vibra	/ˈbibɾa/	/ˈbibɾa/	[/ˈbibɾa/] 气氛；感觉（口语，名词）；另为vibrar的第三人称单数变位<noun>
puma	/ˈpuma/	/ˈpuma/	[ˈpuma] 美洲狮<名>
entrometido	/entɾomeˈtido/	/entɾomeˈtido/	[entɾomeˈtido] 多管闲事<名>
burocracia	/buɾoˈkɾaθja/	/buɾoˈkɾaθja/	[buɾoˈkɾaθja] 官僚主义<名>
demolición	/demoliˈθjon/	/demoliˈθjon/	[demoliˈθjon] 拆除<名>
regente	/reˈxente/	/reˈxente/	[reˈxente] 摄政王<名>
voilà	/bwaˈla/	/bwaˈla/	[bwaˈla] 瞧<叹>
puntaje	/punˈtaxe/	/punˈtaxe/	[punˈtaxe] 分数<名>
silenciosamente	/silenˌθjosaˈmente/	/silenˌθjosaˈmente/	[silenˌθjosaˈmente] 默默地<副>
concepción	/konθebˈθjon/	/konθebˈθjon/	[konθebˈθjon] 受孕<名>
ordenando	/oɾdeˈnando/	/oɾdeˈnando/	[/oɾdeˈnando/] ordenar的现在分词（整理；订购）<动><noun>
tiza	/ˈtiθa/	/ˈtiθa/	[ˈtiθa] 粉笔<名>
temporizador	/tempoɾiθaˈdoɾ/	/tempoɾiθaˈdoɾ/	[tempoɾiθaˈdoɾ] 定时器<名>
espantapájaros	/esˌpantaˈpaxaɾos/	/esˌpantaˈpaxaɾos/	[esˌpantaˈpaxaɾos] 稻草人<名>
célebre	/ˈθelebɾe/	/ˈθelebɾe/	[ˈθelebɾe] 著名的<形>
feminista	/femiˈnista/	/femiˈnista/	[femiˈnista] 女权主义者<名>
intensivo	/intenˈsibo/	/intenˈsibo/	[intenˈsibo] 强化<形>
dígito	/ˈdixito/	/ˈdixito/	[ˈdixito] 数字<名>
articular	/aɾtikuˈlaɾ/	/aɾtikuˈlaɾ/	[aɾtikuˈlaɾ] 表达清楚<动>
infante	/inˈfante/	/inˈfante/	[/inˈfante/] 儿童；王子<名><noun>
absorber	/absoɾˈbeɾ/	/absoɾˈbeɾ/	[absoɾˈbeɾ] 吸收<动>
remero	/reˈmeɾo/	/reˈmeɾo/	[reˈmeɾo] 赛艇运动员<名>
aportar	/apoɾˈtaɾ/	/apoɾˈtaɾ/	[apoɾˈtaɾ] 贡献<动>
calentador	/kalentaˈdoɾ/	/kalentaˈdoɾ/	[kalentaˈdoɾ] 加热器<名>
derretir	/dereˈtiɾ/	/dereˈtiɾ/	[dereˈtiɾ] 融化<动>
sarcástico	/saɾˈkastiko/	/saɾˈkastiko/	[saɾˈkastiko] 讽刺的<形>
kan	/kan/	/kan/	可汗<名>
incontable	/iŋkontaβle/	/iŋkontaβle/	不可数的<形>
fúnebre	/ˈfunebɾe/	/ˈfunebɾe/	[ˈfunebɾe] 葬礼的；悲哀的；阴森的<形>
pintada	/pinˈtada/	/pinˈtada/	[pinˈtada] 画的<名>
hipocresía	/ipokɾeˈsia/	/ipokɾeˈsia/	[ipokɾeˈsia] 虚伪<名>
decadencia	/dekaˈdenθja/	/dekaˈdenθja/	[dekaˈdenθja] 腐烂<名>
agregado	/aɡɾeˈɡado/	/aɡɾeˈɡado/	[aɡɾeˈɡado] 添加了<名>
car	/ˈkaɾ/	/ˈkaɾ/	[ˈkaɾ] 汽车<连>
centrar	/θenˈtɾaɾ/	/θenˈtɾaɾ/	[θenˈtɾaɾ] 中心<动>
eureka	/euˈɾeka/	/euˈɾeka/	[euˈɾeka] 尤里卡<叹>
grillo	/ˈɡɾiʝo/	/ˈɡɾiʝo/	[ˈɡɾiʝo] 蟋蟀<名>
adelantar	/adelanˈtaɾ/	/adelanˈtaɾ/	[adelanˈtaɾ] 提前<动>
acecho	/aˈθet͡ʃo/	/aˈθet͡ʃo/	[aˈθet͡ʃo] 跟踪<名>
mamífero	/maˈmifeɾo/	/maˈmifeɾo/	[maˈmifeɾo] 哺乳动物<名>
apoderar	/apodeˈɾaɾ/	/apodeˈɾaɾ/	[apodeˈɾaɾ] 抓住<动>
nasal	/naˈsal/	/naˈsal/	[naˈsal] 鼻的<名>
extraoficialmente	/eɡstɾaoˌfiθjalˈmente/	/eɡstɾaoˌfiθjalˈmente/	[eɡstɾaoˌfiθjalˈmente] 非正式地<副>
impermeable	/impeɾmeˈable/	/impeɾmeˈable/	[impeɾmeˈable] 防水<名>
ladra	/ˈladɾa/	/ˈladɾa/	[ˈladɾa] 树皮<名>
descontento	/deskonˈtento/	/deskonˈtento/	[deskonˈtento] 不满<名>
perrera	/peˈreɾa/	/peˈreɾa/	[peˈreɾa] 狗舍<名>
doquier	/doˈkjeɾ/	/doˈkjeɾ/	[doˈkjeɾ] 到处<副>
polen	/ˈpolen/	/ˈpolen/	[ˈpolen] 花粉<名>
alardear	/alaɾdeˈaɾ/	/alaɾdeˈaɾ/	[alaɾdeˈaɾ] 吹牛<动>
mojar	/moˈxaɾ/	/moˈxaɾ/	[moˈxaɾ] 弄湿；浸湿<动>
impertinente	/impeɾtiˈnente/	/impeɾtiˈnente/	[impeɾtiˈnente] 无礼的<形>
prendar	/pɾenˈdaɾ/	/pɾenˈdaɾ/	[pɾenˈdaɾ] 抓住<动>
intimidar	/intimiˈdaɾ/	/intimiˈdaɾ/	[intimiˈdaɾ] 恐吓<动>
zelda	/θˈelda/	/θˈelda/	塞尔达<名>
mortalidad	/moɾtaliˈdad/	/moɾtaliˈdad/	[moɾtaliˈdad] 死亡率<名>
frita	/ˈfɾita/	/ˈfɾita/	[ˈfɾita] 油炸的<名>
consumido	/konsuˈmido/	/konsuˈmido/	[konsuˈmido] 消耗的<形>
viagra	/ˈbjaɡɾa/	/ˈbjaɡɾa/	[ˈbjaɡɾa] 伟哥<名>
sociópata	/soˈθjopata/	/soˈθjopata/	[soˈθjopata] 反社会者<名>
abusado	/abuˈsado/	/abuˈsado/	[abuˈsado] 被虐待<形>
concebir	/konθeˈbiɾ/	/konθeˈbiɾ/	[konθeˈbiɾ] 构想<动>
deslizar	/desliˈθaɾ/	/desliˈθaɾ/	[desliˈθaɾ] 滑动；滑行；滑落<动>
satelital	/sateliˈtal/	/sateliˈtal/	[sateliˈtal] 卫星<形>
épica	/ˈepika/	/ˈepika/	[ˈepika] 史诗<名>
virtualmente	/biɾˌtwalˈmente/	/biɾˌtwalˈmente/	[biɾˌtwalˈmente] 实际上<副>
inquisición	/inkisiˈθjon/	/inkisiˈθjon/	[inkisiˈθjon] 宗教裁判所<名>
deletrear	/deletɾeˈaɾ/	/deletɾeˈaɾ/	[deletɾeˈaɾ] 拼写；逐字母拼读<动>
bermudas	/beɾˈmudas/	/beɾˈmudas/	[beɾˈmudas] 百慕大<名>
radiador	/radjaˈdoɾ/	/radjaˈdoɾ/	[radjaˈdoɾ] 散热器<名>
notificación	/notifikaˈθjon/	/notifikaˈθjon/	[notifikaˈθjon] 通知<名>
desacato	/desaˈkato/	/desaˈkato/	[desaˈkato] 蔑视<名>
incienso	/inˈθjenso/	/inˈθjenso/	[inˈθjenso] 香<名>
espontáneo	/esponˈtaneo/	/esponˈtaneo/	[esponˈtaneo] 自发的<形>
avalancha	/abaˈlant͡ʃa/	/abaˈlant͡ʃa/	[abaˈlant͡ʃa] 雪崩<名>
jeque	/ˈxeke/	/ˈxeke/	[ˈxeke] 谢赫<名>
elemental	/elemenˈtal/	/elemenˈtal/	[elemenˈtal] 初级的<名>
óxido	/ˈoɡsido/	/ˈoɡsido/	[ˈoɡsido] 锈；氧化物<名>
psicosis	/siˈkosis/	/siˈkosis/	[siˈkosis] 精神病<名>
diversidad	/dibeɾsiˈdad/	/dibeɾsiˈdad/	[dibeɾsiˈdad] 多样性<名>
pancho	/ˈpant͡ʃo/	/ˈpant͡ʃo/	[ˈpant͡ʃo] 潘乔<名>
major	/ˈmeiʝoɾ/	/ˈmeiʝoɾ/	[ˈmeiʝoɾ] 更好的；较好的<名>
concesión	/konθeˈsjon/	/konθeˈsjon/	[konθeˈsjon] 让步<名>
lama	/ˈlama/	/ˈlama/	[/ˈlama/] 喇嘛<noun>
percibo	/peɾˈθibo/	/peɾˈθibo/	[peɾˈθibo] 我察觉到<名>
indudablemente	/induˌðaβleˈmente/	/induˌðaβleˈmente/	毫无疑问<副>
serbio	/ˈseɾbjo/	/ˈseɾbjo/	[ˈseɾbjo] 塞尔维亚语<名>
inesperadamente	/inespeˌɾadaˈmente/	/inespeˌɾadaˈmente/	[inespeˌɾadaˈmente] 出乎意料地<副>
protestante	/pɾotesˈtante/	/pɾotesˈtante/	[pɾotesˈtante] 新教徒<名>
violentamente	/bjoˌlentaˈmente/	/bjoˌlentaˈmente/	[bjoˌlentaˈmente] 猛烈地<副>
pastelería	/pasteleˈɾia/	/pasteleˈɾia/	[pasteleˈɾia] 糕点<名>
portaaviones	/ˌpoɾtaaˈbjones/	/ˌpoɾtaaˈbjones/	[ˌpoɾtaaˈbjones] 航空母舰<名>
campanilla	/kampaˈniʝa/	/kampaˈniʝa/	[kampaˈniʝa] 铃<名>
esquivar	/eskiˈbaɾ/	/eskiˈbaɾ/	[eskiˈbaɾ] 闪避<动>
pubertad	/pubeɾˈtad/	/pubeɾˈtad/	[pubeɾˈtad] 青春期<名>
silbido	/silˈbido/	/silˈbido/	[/silˈbido/] 哨声；口哨声<名><noun>
andén	/anˈden/	/anˈden/	[anˈden] 平台<名>
bacalao	/bakaˈlao/	/bakaˈlao/	[bakaˈlao] 鳕鱼<名>
porrista	/poˈrista/	/poˈrista/	[poˈrista] 啦啦队长<名>
vaina	/ˈbaina/	/ˈbaina/	[ˈbaina] 豆荚；鞘；套<名>
esquizofrenia	/eskiθoˈfɾenja/	/eskiθoˈfɾenja/	[eskiθoˈfɾenja] 精神分裂症<名>
incentivo	/inθenˈtibo/	/inθenˈtibo/	[inθenˈtibo] 激励<名>
clip	/ˈklip/	/ˈklip/	[ˈklip] 剪辑<名>
cubano	/kuˈbano/	/kuˈbano/	[kuˈbano] 古巴人<名>
diámetro	/ˈdjametɾo/	/ˈdjametɾo/	[ˈdjametɾo] 直径<名>
lino	/ˈlino/	/ˈlino/	[ˈlino] 亚麻布<名>
ferretería	/fereteˈɾia/	/fereteˈɾia/	[fereteˈɾia] 五金店<名>
malibú	/malibˈu/	/malibˈu/	[[ma.liˈβu]] 马利宝椰子朗姆酒<名><noun>
rumorear	/rumoɾeˈaɾ/	/rumoɾeˈaɾ/	[rumoɾeˈaɾ] 谣言<动>
guardabosques	/ɡwaɾðaˈboskes/	/ɡwaɾðaˈboskes/	护林员<名>
vértigo	/ˈbeɾtiɡo/	/ˈbeɾtiɡo/	[ˈbeɾtiɡo] 眩晕<名>
ámbar	/ˈambaɾ/	/ˈambaɾ/	[/ˈambaɾ/] 琥珀；琥珀色<名><noun>
próstata	/ˈpɾostata/	/ˈpɾostata/	[ˈpɾostata] 前列腺<名>
turbo	/ˈtuɾbo/	/ˈtuɾbo/	[ˈtuɾbo] 涡轮增压<名>
publicista	/publiˈθista/	/publiˈθista/	[publiˈθista] 公关人员<名>
operado	/opeˈɾado/	/opeˈɾado/	[opeˈɾado] 动过手术的<形>
sub	/ˈsub/	/ˈsub/	[ˈsub] 在下；低于；亚；次<介>
encubrimiento	/enkubɾiˈmjento/	/enkubɾiˈmjento/	[enkubɾiˈmjento] 掩盖<名>
corresponsal	/koresponˈsal/	/koresponˈsal/	[koresponˈsal] 记者<名>
sidra	/ˈsidɾa/	/ˈsidɾa/	[ˈsidɾa] 苹果酒<名>
espécimen	/esˈpeθimen/	/esˈpeθimen/	[esˈpeθimen] 标本<名>
toledo	/toleðo/	/toleðo/	托莱多<名>
monada	/moˈnada/	/moˈnada/	[/moˈnada/] 可爱的东西<名>；鬼脸<名><noun>
perforar	/peɾfoˈɾaɾ/	/peɾfoˈɾaɾ/	[peɾfoˈɾaɾ] 皮尔斯<动>
marciano	/maɾˈθjano/	/maɾˈθjano/	[maɾˈθjano] 火星人<名>
asesoramiento	/asesoɾaˈmjento/	/asesoɾaˈmjento/	[asesoɾaˈmjento] 建议<名>
tempestad	/tempesˈtad/	/tempesˈtad/	[tempesˈtad] 暴风雨<名>
sonoro	/soˈnoɾo/	/soˈnoɾo/	[soˈnoɾo] 铿锵有力的<形>
glamour	/ɡlaˈmuɾ/	/ɡlaˈmuɾ/	[ɡlaˈmuɾ] 魅力<名>
olímpico	/oˈlimpiko/	/oˈlimpiko/	[oˈlimpiko] 奥林匹克的<名>
registrador	/rexistɾaˈdoɾ/	/rexistɾaˈdoɾ/	[rexistɾaˈdoɾ] 录音机<名>
ubicar	/ubiˈkaɾ/	/ubiˈkaɾ/	[ubiˈkaɾ] 定位<动>
pre	/ˈpɾe/	/ˈpɾe/	[ˈpɾe] 前<名>
escapada	/eskaˈpada/	/eskaˈpada/	[eskaˈpada] 逃走<名>
fértil	/ˈfeɾtil/	/ˈfeɾtil/	[ˈfeɾtil] 肥沃的<形>
placentero	/plaθenˈteɾo/	/plaθenˈteɾo/	[plaθenˈteɾo] 愉快的<形>
arrecife	/areˈθife/	/areˈθife/	[areˈθife] 礁石<名>
valium	/baliˈum/	/baliˈum/	安定<名>
lagrimar	/laɡɾiˈmaɾ/	/laɡɾiˈmaɾ/	[laɡɾiˈmaɾ] 流泪；哭泣<动>
preñada	/pɾeˈɲada/	/pɾeˈɲada/	[pɾeˈɲada] 怀孕了<名>
intrusión	/intɾuˈsjon/	/intɾuˈsjon/	[intɾuˈsjon] 入侵<名>
lienzo	/ˈljenθo/	/ˈljenθo/	[ˈljenθo] 画布<名>
ginecólogo	/xineˈkoloɡo/	/xineˈkoloɡo/	[xineˈkoloɡo] 妇科医生<名>
recostar	/rekosˈtaɾ/	/rekosˈtaɾ/	[/rekosˈtaɾ/] 使躺下；使斜倚（recostarse 躺下）<verb>
zarpar	/θaɾˈpaɾ/	/θaɾˈpaɾ/	[θaɾˈpaɾ] 起航<动>
polvos	/ˈpolbos/	/ˈpolbos/	[ˈpolbos] 粉末<名>
influir	/inˈflwiɾ/	/inˈflwiɾ/	[inˈflwiɾ] 影响<动>
talibán	/taliˈban/	/taliˈban/	[taliˈban] 塔利班<名>
colonial	/koloˈnjal/	/koloˈnjal/	[koloˈnjal] 殖民地<形>
exigencia	/eɡsiˈxenθja/	/eɡsiˈxenθja/	[eɡsiˈxenθja] 要求<名>
desván	/desˈban/	/desˈban/	[desˈban] 阁楼<名>
vajilla	/baˈxiʝa/	/baˈxiʝa/	[baˈxiʝa] 餐具<名>
canario	/kaˈnaɾjo/	/kaˈnaɾjo/	[kaˈnaɾjo] 金丝雀<名>
altercado	/alteɾˈkado/	/alteɾˈkado/	[alteɾˈkado] 争吵<名>
tostadora	/tostaˈdoɾa/	/tostaˈdoɾa/	[tostaˈdoɾa] 烤面包机<名>
candidatura	/kandidaˈtuɾa/	/kandidaˈtuɾa/	[kandidaˈtuɾa] 候选资格<名>
estela	/esˈtela/	/esˈtela/	[esˈtela] 航迹；尾流；石碑<名>
estrago	/esˈtɾaɡo/	/esˈtɾaɡo/	[esˈtɾaɡo] 浩劫<名>
pesimista	/pesiˈmista/	/pesiˈmista/	[pesiˈmista] 悲观的<名>
incrementar	/inkɾemenˈtaɾ/	/inkɾemenˈtaɾ/	[inkɾemenˈtaɾ] 增加<动>
confort	/konˈfoɾt/	/konˈfoɾt/	[konˈfoɾt] 舒适度<名>
exhalar	/eɡsaˈlaɾ/	/eɡsaˈlaɾ/	[eɡsaˈlaɾ] 呼气<动>
face	/ˈfaθe/	/ˈfaθe/	[/ˈfaθe/] 做；干；……以前<noun>
fundar	/funˈdaɾ/	/funˈdaɾ/	[funˈdaɾ] 创立；建立；创办<动>
inválido	/imˈbalido/	/imˈbalido/	[/imˈbalido/] 残疾的；病弱的<形>；残疾人<名><adj>
domo	/ˈdomo/	/ˈdomo/	[ˈdomo] 圆顶<名>
erróneo	/eˈroneo/	/eˈroneo/	[eˈroneo] 错误的<形>
festivo	/fesˈtibo/	/fesˈtibo/	[fesˈtibo] 喜庆的<名>
cesto	/ˈθesto/	/ˈθesto/	[ˈθesto] 篮子<名>
dique	/ˈdike/	/ˈdike/	[ˈdike] 堤坝<名>
gras	/ˈɡɾas/	/ˈɡɾas/	[/ˈɡɾas/] 肥的；脂肪<noun>
moralmente	/moˌɾalˈmente/	/moˌɾalˈmente/	[moˌɾalˈmente] 道德上<副>
jugoso	/xuˈɡoso/	/xuˈɡoso/	[xuˈɡoso] 多汁的<形>
fundamento	/fundaˈmento/	/fundaˈmento/	[fundaˈmento] 基础；根据；理由<名>
guarro	/ˈɡwaro/	/ˈɡwaro/	[ˈɡwaro] 小猪<名>
fulana	/fuˈlana/	/fuˈlana/	[fuˈlana] 某某<名>
pudín	/puˈdin/	/puˈdin/	[puˈdin] 布丁<名>
contraste	/konˈtɾaste/	/konˈtɾaste/	[konˈtɾaste] 对比<名>
metano	/meˈtano/	/meˈtano/	[meˈtano] 甲烷<名>
cocido	/koˈθido/	/koˈθido/	[koˈθido] 煮熟的<名>
santificado	/santifiˈkado/	/santifiˈkado/	[santifiˈkado] 成圣的<形>
sucesivamente	/suθeˌsibaˈmente/	/suθeˌsibaˈmente/	[suθeˌsibaˈmente] 先后<副>
abadía	/abaˈdia/	/abaˈdia/	[abaˈdia] 修道院<名>
detonación	/detonaˈθjon/	/detonaˈθjon/	[detonaˈθjon] 爆炸<名>
moco	/ˈmoko/	/ˈmoko/	[ˈmoko] 粘液<名>
taquicardia	/takiˈkaɾdja/	/takiˈkaɾdja/	[takiˈkaɾdja] 心动过速<名>
desodorante	/desodoˈɾante/	/desodoˈɾante/	[desodoˈɾante] 除臭剂<名>
vikingo	/biˈkinɡo/	/biˈkinɡo/	[biˈkinɡo] 维京人<名>
relevancia	/releˈbanθja/	/releˈbanθja/	[releˈbanθja] 相关性<名>
gratificante	/ɡɾatifiˈkante/	/ɡɾatifiˈkante/	[ɡɾatifiˈkante] 有益的<形>
stand	/ˈstand/	/ˈstand/	[ˈstand] 站<名>
fiasco	/ˈfjasko/	/ˈfjasko/	[ˈfjasko] 惨败<名>
humildemente	/uˌmildeˈmente/	/uˌmildeˈmente/	[uˌmildeˈmente] 谦虚地<副>
defectuoso	/defeɡˈtwoso/	/defeɡˈtwoso/	[defeɡˈtwoso] 有缺陷的<形>
ceguera	/θeˈɡeɾa/	/θeˈɡeɾa/	[θeˈɡeɾa] 失明<名>
cabecera	/kabeˈθeɾa/	/kabeˈθeɾa/	[kabeˈθeɾa] 标头<名>
bastidor	/bastiˈdoɾ/	/bastiˈdoɾ/	[bastiˈdoɾ] 框架<名>
procesión	/pɾoθeˈsjon/	/pɾoθeˈsjon/	[pɾoθeˈsjon] 游行<名>
estallido	/estaˈʝido/	/estaˈʝido/	[estaˈʝido] 爆发<名>
persuadir	/peɾswaˈdiɾ/	/peɾswaˈdiɾ/	[peɾswaˈdiɾ] 说服<动>
levantamiento	/lebantaˈmjento/	/lebantaˈmjento/	[lebantaˈmjento] 起义<名>
paladar	/palaˈdaɾ/	/palaˈdaɾ/	[palaˈdaɾ] 上颚<名>
chorro	/ˈt͡ʃoro/	/ˈt͡ʃoro/	[ˈt͡ʃoro] 一股（液体）；喷流；射流<名>
curiosamente	/kuˌɾjosaˈmente/	/kuˌɾjosaˈmente/	[kuˌɾjosaˈmente] 好奇地<副>
caseta	/kaˈseta/	/kaˈseta/	[kaˈseta] 棚子<名>
escaneo	/eskaˈneo/	/eskaˈneo/	[eskaˈneo] 扫描<名>
guillotina	/ɡiʝoˈtina/	/ɡiʝoˈtina/	[ɡiʝoˈtina] 断头台<名>
deducir	/deduˈθiɾ/	/deduˈθiɾ/	[deduˈθiɾ] 推论<动>
envejecido	/embexeˈθido/	/embexeˈθido/	[embexeˈθido] 老年的<形>
irónicamente	/iˌɾonikaˈmente/	/iˌɾonikaˈmente/	[iˌɾonikaˈmente] 讽刺地<副>
energética	/eneɾˈxetika/	/eneɾˈxetika/	[eneɾˈxetika] 能量的；精力的；能源业<名>
terrorífico	/teroˈɾifiko/	/teroˈɾifiko/	[teroˈɾifiko] 可怕的<形>
vandalismo	/bandaˈlismo/	/bandaˈlismo/	[bandaˈlismo] 破坏公物<名>
diverso	/diˈbeɾso/	/diˈbeɾso/	[/diˈbeɾso/] 多样的<形><adj>
intencionalmente	/intenθjoˌnalˈmente/	/intenθjoˌnalˈmente/	[intenθjoˌnalˈmente] 故意地<副>
nebulosa	/nebuˈlosa/	/nebuˈlosa/	[nebuˈlosa] 星云<名>
hinchazón	/int͡ʃaˈθon/	/int͡ʃaˈθon/	[int͡ʃaˈθon] 肿胀<名>
conveniencia	/kombeˈnjenθja/	/kombeˈnjenθja/	[kombeˈnjenθja] 方便<名>
derrumbar	/derumˈbaɾ/	/derumˈbaɾ/	[derumˈbaɾ] 崩溃<动>
motivado	/motiˈbado/	/motiˈbado/	[motiˈbado] 有动力<形>
pandillero	/pandiˈʝeɾo/	/pandiˈʝeɾo/	[pandiˈʝeɾo] 帮派成员<名>
secar	/seˈkaɾ/	/seˈkaɾ/	[seˈkaɾ] 干<动>
bombardear	/bombaɾdeˈaɾ/	/bombaɾdeˈaɾ/	[bombaɾdeˈaɾ] 轰炸；炮轰<动>
intensamente	/inˌtensaˈmente/	/inˌtensaˈmente/	[inˌtensaˈmente] 强烈地<副>
privilegiado	/pɾibileˈxjado/	/pɾibileˈxjado/	[pɾibileˈxjado] 享有特权的<形>
embustero	/embusˈteɾo/	/embusˈteɾo/	[embusˈteɾo] 骗子<名>
infraestructura	/ˌinfɾaˌestɾuɡˈtuɾa/	/ˌinfɾaˌestɾuɡˈtuɾa/	[ˌinfɾaˌestɾuɡˈtuɾa] 基础设施<名>
almendra	/alˈmendɾa/	/alˈmendɾa/	[alˈmendɾa] 杏仁<名>
bucle	/ˈbukle/	/ˈbukle/	[ˈbukle] 循环<名>
liquidar	/likiˈdaɾ/	/likiˈdaɾ/	[likiˈdaɾ] 清算<动>
paranormal	/paɾanoɾˈmal/	/paɾanoɾˈmal/	[paɾanoɾˈmal] 超自然现象<形>
afición	/afiˈθjon/	/afiˈθjon/	[afiˈθjon] 爱好<名>
milagroso	/milaˈɡɾoso/	/milaˈɡɾoso/	[milaˈɡɾoso] 神奇的<形>
ceño	/ˈθeɲo/	/ˈθeɲo/	[ˈθeɲo] 皱眉<名>
fotográfico	/fotoˈɡɾafiko/	/fotoˈɡɾafiko/	[fotoˈɡɾafiko] 摄影的<形>
orador	/oɾaˈdoɾ/	/oɾaˈdoɾ/	[oɾaˈdoɾ] 演讲者；演说家<名>
ferri	/ˈferi/	/ˈferi/	[ˈferi] 渡轮<名>
sacudida	/sakuˈdida/	/sakuˈdida/	[sakuˈdida] 摇动<名>
severamente	/seˌbeɾaˈmente/	/seˌbeɾaˈmente/	[seˌbeɾaˈmente] 严重地<副>
impedido	/impeˈdido/	/impeˈdido/	[impeˈdido] 阻止<形>
paradoja	/paɾaˈdoxa/	/paɾaˈdoxa/	[paɾaˈdoxa] 悖论<名>
ampolla	/amˈpoʝa/	/amˈpoʝa/	[amˈpoʝa] 水泡<名>
pétalo	/ˈpetalo/	/ˈpetalo/	[ˈpetalo] 花瓣<名>
predicción	/pɾediɡˈθjon/	/pɾediɡˈθjon/	[pɾediɡˈθjon] 预测<名>
manantial	/mananˈtjal/	/mananˈtjal/	[mananˈtjal] 泉；泉源；源泉<名>
exterminar	/eɡsteɾmiˈnaɾ/	/eɡsteɾmiˈnaɾ/	[eɡsteɾmiˈnaɾ] 消灭<动>
joyero	/xoˈʝeɾo/	/xoˈʝeɾo/	[xoˈʝeɾo] 珠宝商<名>
emborrachar	/emboraˈt͡ʃaɾ/	/emboraˈt͡ʃaɾ/	[emboraˈt͡ʃaɾ] 喝醉了<动>
tranquilizante	/tɾankiliˈθante/	/tɾankiliˈθante/	[tɾankiliˈθante] 镇定剂<名>
voladora	/bolaˈdoɾa/	/bolaˈdoɾa/	[/bolaˈdoɾa/] 会飞的（阴性）<形>；飞刀<名><noun>
ilustre	/iˈlustɾe/	/iˈlustɾe/	[iˈlustɾe] 杰出的<形>
weber	/webˈeɾ/	/webˈeɾ/	韦伯<名>
especializado	/espeθjaliˈθado/	/espeθjaliˈθado/	[espeθjaliˈθado] 专门的<形>
ac	/ˈaθ/	/ˈaθ/	交流电<副>
entristecer	/entɾisteˈθeɾ/	/entɾisteˈθeɾ/	[entɾisteˈθeɾ] 悲伤<动>
bayo	/ˈbaʝo/	/ˈbaʝo/	[ˈbaʝo] 浅黄褐色的马；浅黄褐色（马毛色）<名>
rinoceronte	/rinoθeˈɾonte/	/rinoθeˈɾonte/	[rinoθeˈɾonte] 犀牛<名>
ruiseñor	/rwiseˈɲoɾ/	/rwiseˈɲoɾ/	[rwiseˈɲoɾ] 夜莺<名>
busto	/ˈbusto/	/ˈbusto/	[ˈbusto] 半身像<名>
clandestino	/klandesˈtino/	/klandesˈtino/	[klandesˈtino] 秘密的<名>
solemnemente	/soˌlemneˈmente/	/soˌlemneˈmente/	[soˌlemneˈmente] 庄严地<副>
sms	/ˌese ˌeme ˈese/	/ˌese ˌeme ˈese/	[ˌese ˌeme ˈese] 短信<名>
anticipación	/antiθipaˈθjon/	/antiθipaˈθjon/	[antiθipaˈθjon] 期待<名>
jalar	/xaˈlaɾ/	/xaˈlaɾ/	[xaˈlaɾ] 拉<动>
metralla	/meˈtɾaʝa/	/meˈtɾaʝa/	[meˈtɾaʝa] 弹片<名>
refinado	/refiˈnado/	/refiˈnado/	[refiˈnado] 精致的<形>
compartimiento	/kompaɾtiˈmjento/	/kompaɾtiˈmjento/	[kompaɾtiˈmjento] 隔间<名>
cabales	/kaˈbales/	/kaˈbales/	[kaˈbales] 正义的<名>
cuadrilla	/kwaˈdɾiʝa/	/kwaˈdɾiʝa/	[kwaˈdɾiʝa] 帮派<名>
alcoba	/alˈkoba/	/alˈkoba/	[alˈkoba] 卧室<名>
babilonio	/baβilonjo/	/baβilonjo/	巴比伦的<名>
respetuoso	/respeˈtwoso/	/respeˈtwoso/	[respeˈtwoso] 恭敬的<形>
pija	/ˈpixa/	/ˈpixa/	[ˈpixa] 富家小姐；势利眼；睡裙<名>
gentileza	/xentiˈleθa/	/xentiˈleθa/	[xentiˈleθa] 仁慈<名>
brownie	/ˈbɾauni/	/ˈbɾauni/	[ˈbɾauni] 核仁巧克力饼<名>
relativo	/relaˈtibo/	/relaˈtibo/	[relaˈtibo] 相对的；与…有关的<形>
temerario	/temeˈɾaɾjo/	/temeˈɾaɾjo/	[temeˈɾaɾjo] 鲁莽的<名>
emplear	/empleˈaɾ/	/empleˈaɾ/	[empleˈaɾ] 雇用<动>
electricista	/eleɡtɾiˈθista/	/eleɡtɾiˈθista/	[eleɡtɾiˈθista] 电工<名>
listillo	/lisˈtiʝo/	/lisˈtiʝo/	[lisˈtiʝo] 聪明人<名>
indigno	/inˈdiɡno/	/inˈdiɡno/	[inˈdiɡno] 不值得的<形>
aprovechado	/apɾobeˈt͡ʃado/	/apɾobeˈt͡ʃado/	[apɾobeˈt͡ʃado] 投机取巧的；爱占便宜的；勤奋好学的<形>
aventurero	/abentuˈɾeɾo/	/abentuˈɾeɾo/	[abentuˈɾeɾo] 冒险家<名>
obsesivo	/oβsesiβo/	/oβsesiβo/	痴迷的<形>
obsceno	/obsˈθeno/	/obsˈθeno/	[obsˈθeno] 淫秽的<形>
maestría	/maesˈtɾia/	/maesˈtɾia/	[maesˈtɾia] 硕士学位<名>
pin	/ˈpin/	/ˈpin/	[/ˈpin/] 大头针<名>；图钉<名><noun>
compasivo	/kompaˈsibo/	/kompaˈsibo/	[kompaˈsibo] 富有同情心的<形>
abrumador	/abɾumaˈdoɾ/	/abɾumaˈdoɾ/	[abɾumaˈdoɾ] 压倒性的<形>
aceleración	/aθeleɾaˈθjon/	/aθeleɾaˈθjon/	[aθeleɾaˈθjon] 加速度<名>
escote	/esˈkote/	/esˈkote/	[esˈkote] 领口<名>
boludo	/boˈludo/	/boˈludo/	[boˈludo] 白痴<名>
cavidad	/kabiˈdad/	/kabiˈdad/	[kabiˈdad] 空腔<名>
repulsivo	/repulˈsibo/	/repulˈsibo/	[repulˈsibo] 令人厌恶的<形>
penetración	/penetɾaˈθjon/	/penetɾaˈθjon/	[penetɾaˈθjon] 渗透<名>
prescripción	/pɾeskɾibˈθjon/	/pɾeskɾibˈθjon/	[pɾeskɾibˈθjon] 处方<名>
asfalto	/asˈfalto/	/asˈfalto/	[asˈfalto] 沥青<名>
emparedado	/empaɾeˈdado/	/empaɾeˈdado/	[empaɾeˈdado] 三明治<名>
innumerable	/innumeˈɾable/	/innumeˈɾable/	[innumeˈɾable] 无数<形>
imparable	/impaˈɾable/	/impaˈɾable/	[impaˈɾable] 势不可挡<名>
potro	/ˈpotɾo/	/ˈpotɾo/	[ˈpotɾo] 小马驹<名>
especificación	/espeθifikaˈθjon/	/espeθifikaˈθjon/	[espeθifikaˈθjon] 规格<名>
olé	/oˈle/	/oˈle/	[oˈle] 奥莱<叹>
flexión	/fleɡˈsjon/	/fleɡˈsjon/	[fleɡˈsjon] 屈曲<名>
infidelidad	/infideliˈdad/	/infideliˈdad/	[infideliˈdad] 不忠<名>
educativo	/edukaˈtibo/	/edukaˈtibo/	[edukaˈtibo] 教育性的<形>
ajeno	/aˈxeno/	/aˈxeno/	[/aˈxeno/] 别人的；外来的；陌生的<adj>
guiado	/ˈɡjado/	/ˈɡjado/	[ˈɡjado] 引导的<形>
carey	/kaˈɾei/	/kaˈɾei/	[kaˈɾei] 龟甲<名>
túnica	/ˈtunika/	/ˈtunika/	[ˈtunika] 外衣<名>
artritis	/aɾˈtɾitis/	/aɾˈtɾitis/	[aɾˈtɾitis] 关节炎<名>
cacharro	/kaˈt͡ʃaro/	/kaˈt͡ʃaro/	[kaˈt͡ʃaro] 锅<名>
aparentar	/apaɾenˈtaɾ/	/apaɾenˈtaɾ/	[apaɾenˈtaɾ] 假装<动>
elogio	/eˈloxjo/	/eˈloxjo/	[eˈloxjo] 赞美<名>
tardanza	/taɾˈdanθa/	/taɾˈdanθa/	[taɾˈdanθa] 迟到<名>
favorecer	/faboɾeˈθeɾ/	/faboɾeˈθeɾ/	[faboɾeˈθeɾ] 青睐<动>
podre	/ˈpodɾe/	/ˈpodɾe/	[/ˈpodɾe/] 腐烂的<形><noun>
nevar	/neˈbaɾ/	/neˈbaɾ/	[/neˈbaɾ/] 下雪<verb>
xi	/ˈsi/	/ˈsi/	[/ˈsi/] 希腊字母ξ<名><noun>
infalible	/infaˈlible/	/infaˈlible/	[infaˈlible] 无误的<形>
helio	/ˈeljo/	/ˈeljo/	[ˈeljo] 氦气<名>
cantinero	/kantiˈneɾo/	/kantiˈneɾo/	[/kantiˈneɾo/] 酒保，小酒馆老板<名><noun>
beisbol	/beisˈbol/	/beisˈbol/	[beisˈbol] 棒球<名>
cosmético	/kosˈmetiko/	/kosˈmetiko/	[kosˈmetiko] 化妆品<形>
precipitado	/pɾeθipiˈtado/	/pɾeθipiˈtado/	[pɾeθipiˈtado] 沉淀<形>
puñal	/puˈɲal/	/puˈɲal/	[puˈɲal] 匕首<名>
conversión	/kombeɾˈsjon/	/kombeɾˈsjon/	[kombeɾˈsjon] 转换<名>
hermosura	/eɾmoˈsuɾa/	/eɾmoˈsuɾa/	[eɾmoˈsuɾa] 美丽<名>
caverna	/kaˈbeɾna/	/kaˈbeɾna/	[kaˈbeɾna] 洞穴<名>
místico	/ˈmistiko/	/ˈmistiko/	[ˈmistiko] 神秘的<名>
tentar	/tenˈtaɾ/	/tenˈtaɾ/	[tenˈtaɾ] 诱惑<动>
surfear	/suɾfeˈaɾ/	/suɾfeˈaɾ/	[suɾfeˈaɾ] 冲浪<动>
acuático	/aˈkwatiko/	/aˈkwatiko/	[aˈkwatiko] 水生的<形>
inexplicable	/ineɡspliˈkable/	/ineɡspliˈkable/	[ineɡspliˈkable] 莫名其妙的<形>
inframundo	/infɾaˈmundo/	/infɾaˈmundo/	[/infɾaˈmundo/] 阴间；冥界；地下世界<noun>
ágil	/ˈaxil/	/ˈaxil/	[ˈaxil] 敏捷的<形>
fideicomiso	/fideikoˈmiso/	/fideikoˈmiso/	[/fideikoˈmiso/] 信托<noun>
dotado	/doˈtado/	/doˈtado/	[doˈtado] 有天赋的<形>
realización	/realiθaˈθjon/	/realiθaˈθjon/	[realiθaˈθjon] 实现<名>
granito	/ɡɾaˈnito/	/ɡɾaˈnito/	[ɡɾaˈnito] 花岗岩<名>
quark	/ˈkwoɾk/	/ˈkwoɾk/	[ˈkwoɾk] 夸克<名>
talismán	/talisˈman/	/talisˈman/	[talisˈman] 护身符<名>
antelación	/antelaˈθjon/	/antelaˈθjon/	[antelaˈθjon] 提前<名>
centinela	/θentiˈnela/	/θentiˈnela/	[θentiˈnela] 哨兵<名>
combinado	/kombiˈnado/	/kombiˈnado/	[kombiˈnado] 合并的<名>
hematoma	/emaˈtoma/	/emaˈtoma/	[emaˈtoma] 血肿<名>
segmento	/seɡˈmento/	/seɡˈmento/	[seɡˈmento] 段<名>
embrague	/emˈbɾaɡe/	/emˈbɾaɡe/	[emˈbɾaɡe] 离合器<名>
sim	/ˈsim/	/ˈsim/	[/ˈsim/] SIM卡<noun>
pelado	/peˈlado/	/peˈlado/	[peˈlado] 秃头的<名>
resentido	/resenˈtido/	/resenˈtido/	[resenˈtido] 怨恨的<名>
presumido	/pɾesuˈmido/	/pɾesuˈmido/	[pɾesuˈmido] 自负的<名>
pulg	/pˈulx/	/pˈulx/	[[pulx] 英寸<noun>
halo	/ˈalo/	/ˈalo/	[ˈalo] 晕<名>
antaño	/anˈtaɲo/	/anˈtaɲo/	[anˈtaɲo] 昨天<名>
seductor	/seduɡˈtoɾ/	/seduɡˈtoɾ/	[seduɡˈtoɾ] 诱人的<名>
jaqueca	/xaˈkeka/	/xaˈkeka/	[xaˈkeka] 偏头痛<名>
narcisista	/naɾθiˈsista/	/naɾθiˈsista/	[naɾθiˈsista] 自恋者<名>
lidia	/ˈlidja/	/ˈlidja/	[/ˈlidja/] 斗牛；对付；处理<noun>
spider	/spidˈeɾ/	/spidˈeɾ/	蜘蛛<名>
arañazo	/aɾaˈɲaθo/	/aɾaˈɲaθo/	[/aɾaˈɲaθo/] 抓伤；抓痕；划痕<noun>
indonesio	/indoˈnesjo/	/indoˈnesjo/	[indoˈnesjo] 印度尼西亚语<名>
contrabandista	/kontɾabanˈdista/	/kontɾabanˈdista/	[kontɾabanˈdista] 走私者<名>
reconciliación	/rekonθiljaˈθjon/	/rekonθiljaˈθjon/	[rekonθiljaˈθjon] 和解<名>
llamativo	/ʎamatiβo/	/ʎamatiβo/	引人注目的<形>
pegajosa	/peɣaxosa/	/peɣaxosa/	粘性的<名>
desastroso	/desasˈtɾoso/	/desasˈtɾoso/	[desasˈtɾoso] 灾难性的<形>
sarpullido	/ˌsaɾpuˈʝido/	/ˌsaɾpuˈʝido/	[ˌsaɾpuˈʝido] 皮疹<名>
senior	/seˈnjoɾ/	/seˈnjoɾ/	[seˈnjoɾ] 高级<名>
poético	/poˈetiko/	/poˈetiko/	[poˈetiko] 诗意的<形>
consumidor	/konsumiˈdoɾ/	/konsumiˈdoɾ/	[konsumiˈdoɾ] 消费者<名>
situado	/siˈtwado/	/siˈtwado/	[siˈtwado] 位于<形>
asique	/aˈsike/	/aˈsike/	[aˈsike] 所以<连>
nublado	/nuˈblado/	/nuˈblado/	[nuˈblado] 多云<形>
click	/ˈklik/	/ˈklik/	[ˈklik] 单击<名>
trastornado	/tɾastoɾˈnado/	/tɾastoɾˈnado/	[tɾastoɾˈnado] 心烦意乱<形>
soprano	/soˈpɾano/	/soˈpɾano/	[soˈpɾano] 女高音<名>
bulldog	/bulˈdoɡ/	/bulˈdoɡ/	[bulˈdoɡ] 斗牛犬<名>
doblado	/doˈblado/	/doˈblado/	[doˈblado] 折叠的<形>
jockey	/xokkˈej/	/xokkˈej/	骑师<名>
pagarla	/paɣaɾla/	/paɣaɾla/	付钱<动>
rehacer	/reaˈθeɾ/	/reaˈθeɾ/	[reaˈθeɾ] 重做<动>
asombrado	/asomˈbɾado/	/asomˈbɾado/	[asomˈbɾado] 惊讶<形>
susurro	/suˈsuro/	/suˈsuro/	[suˈsuro] 耳语<名>
huy	/ˈui/	/ˈui/	[ˈui] 哇<叹>
amnistía	/amnisˈtia/	/amnisˈtia/	[amnisˈtia] 大赦<名>
bucear	/buθeˈaɾ/	/buθeˈaɾ/	[buθeˈaɾ] 潜水<动>
gallinero	/ɡaʝiˈneɾo/	/ɡaʝiˈneɾo/	[ɡaʝiˈneɾo] 鸡舍<名>
recitar	/reθiˈtaɾ/	/reθiˈtaɾ/	[reθiˈtaɾ] 背诵<动>
ideología	/ideoloˈxia/	/ideoloˈxia/	[ideoloˈxia] 意识形态<名>
prudencia	/pɾuˈdenθja/	/pɾuˈdenθja/	[pɾuˈdenθja] 谨慎<名>
franquicia	/fɾanˈkiθja/	/fɾanˈkiθja/	[fɾanˈkiθja] 特许经营权<名>
gremio	/ˈɡɾemjo/	/ˈɡɾemjo/	[ˈɡɾemjo] 行会<名>
indicador	/indikaˈdoɾ/	/indikaˈdoɾ/	[indikaˈdoɾ] 指标<名>
inquietud	/inkjeˈtud/	/inkjeˈtud/	[inkjeˈtud] 不安<名>
infracción	/infɾaɡˈθjon/	/infɾaɡˈθjon/	[infɾaɡˈθjon] 侵权<名>
abertura	/abeɾˈtuɾa/	/abeɾˈtuɾa/	[abeɾˈtuɾa] 开幕<名>
loto	/ˈloto/	/ˈloto/	[ˈloto] 莲花<名>
problemática	/pɾobleˈmatika/	/pɾobleˈmatika/	[pɾobleˈmatika] 有问题的<名>
electo	/eˈleɡto/	/eˈleɡto/	[eˈleɡto] 当选<形>
estímulo	/esˈtimulo/	/esˈtimulo/	[esˈtimulo] 刺激<名>
renal	/reˈnal/	/reˈnal/	[reˈnal] 肾<形>
añicos	/aˈɲikos/	/aˈɲikos/	[aˈɲikos] 破碎的<名>
literal	/liteˈɾal/	/liteˈɾal/	[liteˈɾal] 字面意思<形>
ultrasonido	/ultɾasoˈnido/	/ultɾasoˈnido/	超声波<名>
rotura	/roˈtuɾa/	/roˈtuɾa/	[roˈtuɾa] 破损<名>
funk	/ˈfank/	/ˈfank/	[ˈfank] 放克<名>
ráfaga	/ˈrafaɡa/	/ˈrafaɡa/	[ˈrafaɡa] 爆发<名>
gore	/ˈɡoɾe/	/ˈɡoɾe/	[/ˈɡoɾe/] 血腥；血腥暴力（影视题材）<noun>
indigente	/indiˈxente/	/indiˈxente/	[indiˈxente] 无家可归的<名>
coágulo	/koˈaɡulo/	/koˈaɡulo/	[koˈaɡulo] 凝块<名>
firmeza	/fiɾˈmeθa/	/fiɾˈmeθa/	[fiɾˈmeθa] 坚固度<名>
craneal	/kɾaneˈal/	/kɾaneˈal/	[/kɾaneˈal/] 颅的；颅骨的<adj>
vicioso	/biˈθjoso/	/biˈθjoso/	[biˈθjoso] 恶毒的<形>
conquistador	/konkistaˈdoɾ/	/konkistaˈdoɾ/	[konkistaˈdoɾ] 征服者<名>
troll	/ˈtɾol/	/ˈtɾol/	[ˈtɾol] 巨魔<名>
rublo	/ˈrublo/	/ˈrublo/	[ˈrublo] 卢布<名>
abrumar	/abɾuˈmaɾ/	/abɾuˈmaɾ/	[abɾuˈmaɾ] 压倒<动>
detonar	/detoˈnaɾ/	/detoˈnaɾ/	[detoˈnaɾ] 引爆<动>
autorizar	/autoɾiˈθaɾ/	/autoɾiˈθaɾ/	[autoɾiˈθaɾ] 授权<动>
dióxido	/ˈdjoɡsido/	/ˈdjoɡsido/	[ˈdjoɡsido] 二氧化碳<名>
quarterback	/kwaɾteɾˈbak/	/kwaɾteɾˈbak/	[kwaɾteɾˈbak] 四分卫<名>
teóricamente	/teˌoɾikaˈmente/	/teˌoɾikaˈmente/	[teˌoɾikaˈmente] 理论上<副>
halagar	/alaˈɡaɾ/	/alaˈɡaɾ/	[alaˈɡaɾ] 奉承<动>
maldecir	/maldeˈθiɾ/	/maldeˈθiɾ/	[maldeˈθiɾ] 诅咒<动>
epinefrina	/epineˈfɾina/	/epineˈfɾina/	[epineˈfɾina] 肾上腺素<名>
chimpancé	/t͡ʃimpanˈθe/	/t͡ʃimpanˈθe/	[t͡ʃimpanˈθe] 黑猩猩<名>
bautista	/bauˈtista/	/bauˈtista/	[bauˈtista] 浸信会<名>
irrespetuoso	/irespeˈtwoso/	/irespeˈtwoso/	[irespeˈtwoso] 无礼的<形>
banjo	/ˈbanʝo/	/ˈbanʝo/	[ˈbanʝo] 班卓琴<名>
telefonear	/telefoneˈaɾ/	/telefoneˈaɾ/	[telefoneˈaɾ] 电话<动>
lubricante	/lubɾiˈkante/	/lubɾiˈkante/	[lubɾiˈkante] 润滑剂<名>
pique	/ˈpike/	/ˈpike/	[ˈpike] 激怒<名>
pretendiente	/pɾetenˈdjente/	/pɾetenˈdjente/	[pɾetenˈdjente] 追求者<名>
aseo	/aˈseo/	/aˈseo/	[aˈseo] 厕所<名>
corán	/koˈɾan/	/koˈɾan/	[koˈɾan] 古兰经<名>
cloaca	/kloˈaka/	/kloˈaka/	[kloˈaka] 泄殖腔<名>
gerencia	/xeˈɾenθja/	/xeˈɾenθja/	[xeˈɾenθja] 管理<名>
caparazón	/kapaɾaˈθon/	/kapaɾaˈθon/	[/kapaɾaˈθon/] 甲壳（龟、蟹等的硬壳）<名><noun>
nutriente	/nuˈtɾjente/	/nuˈtɾjente/	[nuˈtɾjente] 营养素<名>
duplicado	/dupliˈkado/	/dupliˈkado/	[dupliˈkado] 重复的<名>
florecer	/floɾeˈθeɾ/	/floɾeˈθeɾ/	[/floɾeˈθeɾ/] 开花；繁荣，蓬勃发展<动><verb>
limitar	/limiˈtaɾ/	/limiˈtaɾ/	[limiˈtaɾ] 限制<动>
emotivo	/emoˈtibo/	/emoˈtibo/	[emoˈtibo] 情绪化的<名>
voltio	/ˈboltjo/	/ˈboltjo/	[ˈboltjo] 伏特<名>
atrocidad	/atɾoθiˈdad/	/atɾoθiˈdad/	[atɾoθiˈdad] 暴行<名>
esgrima	/esˈɡɾima/	/esˈɡɾima/	[esˈɡɾima] 击剑<名>
barricada	/bariˈkada/	/bariˈkada/	[bariˈkada] 路障<名>
suboficial	/subofiˈθjal/	/subofiˈθjal/	士官<名>
estratégico	/estɾaˈtexiko/	/estɾaˈtexiko/	[estɾaˈtexiko] 战略性的<形>
península	/peˈninsula/	/peˈninsula/	[peˈninsula] 半岛<名>
calva	/ˈkalba/	/ˈkalba/	[ˈkalba] 秃头<名>
recolectar	/rekoleɡˈtaɾ/	/rekoleɡˈtaɾ/	[rekoleɡˈtaɾ] 收集<动>
rentable	/renˈtable/	/renˈtable/	[renˈtable] 有利可图的<形>
lanzadera	/lanθaˈdeɾa/	/lanθaˈdeɾa/	[lanθaˈdeɾa] 穿梭机<名>
atasco	/aˈtasko/	/aˈtasko/	[/aˈtasko/] 堵车；交通堵塞；堵塞<noun>
devuelta	/deˈbwelta/	/deˈbwelta/	[deˈbwelta] 返回<名>
lapicera	/lapiˈθeɾa/	/lapiˈθeɾa/	[lapiˈθeɾa] 笔<名>
óptica	/ˈobtika/	/ˈobtika/	[ˈobtika] 光学<名>
fulano	/fuˈlano/	/fuˈlano/	[fuˈlano] 某某<名>
incursión	/inkuɾˈsjon/	/inkuɾˈsjon/	突袭<名>
empleador	/empleaˈdoɾ/	/empleaˈdoɾ/	[empleaˈdoɾ] 雇主<名>
popó	/poˈpo/	/poˈpo/	便便<名>
hinchada	/inˈt͡ʃada/	/inˈt͡ʃada/	[inˈt͡ʃada] 肿胀<名>
nombramiento	/nombɾaˈmjento/	/nombɾaˈmjento/	[/nombɾaˈmjento/] 任命；委任；任命书<noun>
arbolar	/aɾboˈlaɾ/	/aɾboˈlaɾ/	[/aɾboˈlaɾ/] 升起；竖起<verb>
facilitar	/faθiliˈtaɾ/	/faθiliˈtaɾ/	[faθiliˈtaɾ] 促进<动>
estética	/esˈtetika/	/esˈtetika/	[esˈtetika] 审美<名>
pío	/ˈpio/	/ˈpio/	[/ˈpio/] （鸟的）啾啾声；叽叽声<noun>
cc	/ˈkopja/	/ˈkopja/	抄送<名>
escaparate	/eskapaˈɾate/	/eskapaˈɾate/	[eskapaˈɾate] 展示<名>
rene	/ˈrene/	/ˈrene/	[ˈrene] 雷内<名>
qui	/ˈki/	/ˈki/	[ˈki] 谁<代>
chorlito	/t͡ʃoɾˈlito/	/t͡ʃoɾˈlito/	[t͡ʃoɾˈlito] 鸻<名>
interceptar	/inteɾθebˈtaɾ/	/inteɾθebˈtaɾ/	[inteɾθebˈtaɾ] 拦截<动>
descafeinado	/deskafeiˈnado/	/deskafeiˈnado/	[deskafeiˈnado] 不含咖啡因的<名>
colateral	/kolateˈɾal/	/kolateˈɾal/	[kolateˈɾal] 抵押品<形>
prótesis	/ˈpɾotesis/	/ˈpɾotesis/	[ˈpɾotesis] 假肢<名>
difundir	/difunˈdiɾ/	/difunˈdiɾ/	[difunˈdiɾ] 传播<动>
galáctico	/ɡaˈlaɡtiko/	/ɡaˈlaɡtiko/	[ɡaˈlaɡtiko] 银河系的<名>
incondicional	/inkondiθjoˈnal/	/inkondiθjoˈnal/	[inkondiθjoˈnal] 无条件的<形>
porra	/ˈpora/	/ˈpora/	[ˈpora] 接力棒<名>
estrangular	/estɾanɡuˈlaɾ/	/estɾanɡuˈlaɾ/	[estɾanɡuˈlaɾ] 勒死<动>
incompetencia	/inkompeˈtenθja/	/inkompeˈtenθja/	[inkompeˈtenθja] 无能<名>
orquídeo	/oɾˈkideo/	/oɾˈkideo/	[oɾˈkideo] 兰花<形>
desvanecer	/desbaneˈθeɾ/	/desbaneˈθeɾ/	[desbaneˈθeɾ] 褪色<动>
excremento	/eɡskɾeˈmento/	/eɡskɾeˈmento/	[eɡskɾeˈmento] 排泄物<名>
próximamente	/ˌpɾoɡsimaˈmente/	/ˌpɾoɡsimaˈmente/	[ˌpɾoɡsimaˈmente] 即将推出<副>
camilo	/kaˈmilo/	/kaˈmilo/	[kaˈmilo] 卡米洛<名>
enmascarado	/emmaskaˈɾado/	/emmaskaˈɾado/	[emmaskaˈɾado] 蒙面的<名>
recreación	/rekɾeaˈθjon/	/rekɾeaˈθjon/	[rekɾeaˈθjon] 休闲<名>
fije	/ˈfixe/	/ˈfixe/	[ˈfixe] 设置<形>
marisco	/maˈɾisko/	/maˈɾisko/	[maˈɾisko] 海鲜<名>
desafiante	/desaˈfjante/	/desaˈfjante/	[desaˈfjante] 具有挑战性的<名>
procesamiento	/pɾoθesaˈmjento/	/pɾoθesaˈmjento/	[pɾoθesaˈmjento] 加工<名>
baraja	/baˈɾaxa/	/baˈɾaxa/	[/baˈɾaxa/] 一副纸牌；纸牌<noun>
vincular	/binkuˈlaɾ/	/binkuˈlaɾ/	[binkuˈlaɾ] 链接<动>
geometría	/xeomeˈtɾia/	/xeomeˈtɾia/	[xeomeˈtɾia] 几何学<名>
tenebroso	/teneˈbɾoso/	/teneˈbɾoso/	[teneˈbɾoso] 黑暗<形>
indignante	/indiɡˈnante/	/indiɡˈnante/	[indiɡˈnante] 令人发指的<形>
mosquetero	/moskeˈteɾo/	/moskeˈteɾo/	[moskeˈteɾo] 火枪手<名>
hablador	/ablaˈdoɾ/	/ablaˈdoɾ/	[ablaˈdoɾ] 健谈的<名>
váter	/ˈbateɾ/	/ˈbateɾ/	[ˈbateɾ] 厕所<名>
regresivo	/reɡɾeˈsibo/	/reɡɾeˈsibo/	[reɡɾeˈsibo] 回归的<形>
cobrado	/koˈbɾado/	/koˈbɾado/	[koˈbɾado] 收费的<形>
comuna	/koˈmuna/	/koˈmuna/	[koˈmuna] 公社<名>
pacíficamente	/paˌθifikaˈmente/	/paˌθifikaˈmente/	[paˌθifikaˈmente] 平静地<副>
derramado	/deraˈmado/	/deraˈmado/	[deraˈmado] 溢出的<形>
fregar	/fɾeˈɡaɾ/	/fɾeˈɡaɾ/	[/fɾeˈɡaɾ/] 擦洗；刷洗<verb>
patraña	/paˈtɾaɲa/	/paˈtɾaɲa/	[paˈtɾaɲa] 骗人的<名>
oscurecer	/oskuɾeˈθeɾ/	/oskuɾeˈθeɾ/	[oskuɾeˈθeɾ] 变暗<名>
cableado	/kableˈado/	/kableˈado/	[kableˈado] 接线<名>
colapsar	/kolabˈsaɾ/	/kolabˈsaɾ/	[kolabˈsaɾ] 崩溃<动>
vendaje	/benˈdaxe/	/benˈdaxe/	[benˈdaxe] 绷带<名>
computación	/komputaˈθjon/	/komputaˈθjon/	[komputaˈθjon] 计算<名>
denso	/ˈdenso/	/ˈdenso/	[ˈdenso] 稠密的<形>
halagador	/alaɡaˈdoɾ/	/alaɡaˈdoɾ/	[alaɡaˈdoɾ] 谄媚<形>
muchedumbre	/mut͡ʃeˈdumbɾe/	/mut͡ʃeˈdumbɾe/	[mut͡ʃeˈdumbɾe] 人群<名>
falsificar	/falsifiˈkaɾ/	/falsifiˈkaɾ/	[falsifiˈkaɾ] 伪造<动>
rubí	/ruˈbi/	/ruˈbi/	[ruˈbi] 红宝石<名>
monarca	/moˈnaɾka/	/moˈnaɾka/	[moˈnaɾka] 君主<名>
derrumbe	/deˈrumbe/	/deˈrumbe/	[deˈrumbe] 崩溃<名>
misteriosamente	/misteˌɾjosaˈmente/	/misteˌɾjosaˈmente/	[misteˌɾjosaˈmente] 神秘地<副>
fascinación	/fasθinaˈθjon/	/fasθinaˈθjon/	[fasθinaˈθjon] 着迷<名>
nado	/ˈnado/	/ˈnado/	[ˈnado] 游泳<名>
empresarial	/empɾesaˈɾjal/	/empɾesaˈɾjal/	[empɾesaˈɾjal] 商业<形>
indígena	/inˈdixena/	/inˈdixena/	[inˈdixena] 土著<名>
yuan	/ˈʝwan/	/ˈʝwan/	[ˈʝwan] 元<名>
ups	/ˈubs/	/ˈubs/	[ˈubs] 哎呀<叹>
peligrosamente	/peliˌɡɾosaˈmente/	/peliˌɡɾosaˈmente/	[peliˌɡɾosaˈmente] 危险地<副>
testosterona	/testosteˈɾona/	/testosteˈɾona/	[testosteˈɾona] 睾酮<名>
configuración	/konfiɡuɾaˈθjon/	/konfiɡuɾaˈθjon/	[konfiɡuɾaˈθjon] 配置<名>
espeso	/esˈpeso/	/esˈpeso/	[esˈpeso] 厚<形>
asentar	/asenˈtaɾ/	/asenˈtaɾ/	[asenˈtaɾ] 解决<动>
touchdown	/ˈtat͡ʃdaun/	/ˈtat͡ʃdaun/	[ˈtat͡ʃdaun] 达阵<名>
supermán	/supeɾˈman/	/supeɾˈman/	[supeɾˈman] 超人<名>
democrático	/demoˈkɾatiko/	/demoˈkɾatiko/	[demoˈkɾatiko] 民主的<形>
insuficiencia	/insufiˈθjenθja/	/insufiˈθjenθja/	[insufiˈθjenθja] 不足<名>
zeta	/ˈθeta/	/ˈθeta/	[ˈθeta] 泽塔<名>
enchufe	/enˈt͡ʃufe/	/enˈt͡ʃufe/	[enˈt͡ʃufe] 插头<名>
vestidor	/bestiˈdoɾ/	/bestiˈdoɾ/	[bestiˈdoɾ] 更衣室<名>
relucir	/reluˈθiɾ/	/reluˈθiɾ/	[reluˈθiɾ] 闪耀<动>
enciclopedia	/enθikloˈpedja/	/enθikloˈpedja/	[enθikloˈpedja] 百科全书<名>
percibir	/peɾθiˈbiɾ/	/peɾθiˈbiɾ/	[peɾθiˈbiɾ] 感知<动>
púa	/ˈpua/	/ˈpua/	[ˈpua] 倒钩<名>
guardarropa	/ɡwaɾdaˈropa/	/ɡwaɾdaˈropa/	[ɡwaɾdaˈropa] 衣柜<名>
aguardiente	/aɡwaɾˈdjente/	/aɡwaɾˈdjente/	[aɡwaɾˈdjente] 白兰地<名>
equivaler	/ekibaˈleɾ/	/ekibaˈleɾ/	[ekibaˈleɾ] 同等<动>
atlas	/ˈatlas/	/ˈatlas/	[ˈatlas] 阿特拉斯<名>
break	/ˈbɾeik/	/ˈbɾeik/	[ˈbɾeik] 打破<名>
proyector	/pɾoʝeɡˈtoɾ/	/pɾoʝeɡˈtoɾ/	[pɾoʝeɡˈtoɾ] 投影仪<名>
camarógrafo	/kamaˈɾoɡɾafo/	/kamaˈɾoɡɾafo/	[kamaˈɾoɡɾafo] 摄影师<名>
guiño	/ˈɡiɲo/	/ˈɡiɲo/	[ˈɡiɲo] 眨眼<名>
sureste	/suˈɾeste/	/suˈɾeste/	[suˈɾeste] 东南<名>
inflación	/inflaˈθjon/	/inflaˈθjon/	[inflaˈθjon] 通货膨胀<名>
visado	/biˈsado/	/biˈsado/	[biˈsado] 签证<名>
agustín	/aɡusˈtin/	/aɡusˈtin/	[aɡusˈtin] 奥古斯丁<副>
avecinar	/abeθiˈnaɾ/	/abeθiˈnaɾ/	[/abeθiˈnaɾ/] 临近；逼近<verb>
pen	/ˈpen/	/ˈpen/	[ˈpen] 笔<名>
colosal	/koloˈsal/	/koloˈsal/	[koloˈsal] 巨大的<形>
insultante	/insulˈtante/	/insulˈtante/	[insulˈtante] 侮辱性的<形>
yin	/ˈʝin/	/ˈʝin/	[/ˈʝin/] 阴<noun>
fausto	/ˈfausto/	/ˈfausto/	[/ˈfausto/] 快乐的；盛大的；吉祥的<adj>
debidamente	/deˌbidaˈmente/	/deˌbidaˈmente/	[deˌbidaˈmente] 适当地<副>
neurona	/neuˈɾona/	/neuˈɾona/	[neuˈɾona] 神经元<名>
meditar	/mediˈtaɾ/	/mediˈtaɾ/	[mediˈtaɾ] 冥想<动>
absolver	/absolˈbeɾ/	/absolˈbeɾ/	[absolˈbeɾ] 赦免<动>
crepúsculo	/kɾeˈpuskulo/	/kɾeˈpuskulo/	[kɾeˈpuskulo] 黄昏<名>
repollo	/reˈpoʝo/	/reˈpoʝo/	[reˈpoʝo] 卷心菜<名>
merienda	/meˈɾjenda/	/meˈɾjenda/	[meˈɾjenda] 小吃<名>
derrocar	/deroˈkaɾ/	/deroˈkaɾ/	[deroˈkaɾ] 推翻<动>
irritar	/iriˈtaɾ/	/iriˈtaɾ/	[iriˈtaɾ] 激怒<动>
distribuir	/distɾiˈbwiɾ/	/distɾiˈbwiɾ/	[distɾiˈbwiɾ] 分发<动>
aferrar	/afeˈraɾ/	/afeˈraɾ/	[afeˈraɾ] 紧贴<动>
bellísima	/beˈʝisima/	/beˈʝisima/	[beˈʝisima] 美丽的<名>
verificación	/beɾifikaˈθjon/	/beɾifikaˈθjon/	[beɾifikaˈθjon] 验证<名>
corrida	/koˈrida/	/koˈrida/	[/koˈrida/] 奔跑；赛跑；斗牛<noun>
incomodo	/inkoˈmodo/	/inkoˈmodo/	[/inkoˈmodo/] incómodo：不舒服的（incomodo 为动词 incomodar 的第一人称变位）<noun>
maniático	/maˈnjatiko/	/maˈnjatiko/	[maˈnjatiko] 疯子<名>
ora	/ˈoɾa/	/ˈoɾa/	[ˈoɾa] 祈祷<连>
prof.	/pɾofeˈsoɾ/	/pɾofeˈsoɾ/	[pɾofeˈsoɾ] 教授<名>
escéptico	/esˈθebtiko/	/esˈθebtiko/	[esˈθebtiko] 持怀疑态度的<名>
absolución	/absoluˈθjon/	/absoluˈθjon/	[absoluˈθjon] 赦免<名>
prior	/ˈpɾjoɾ/	/ˈpɾjoɾ/	[ˈpɾjoɾ] 先前的<名>
aorta	/aˈoɾta/	/aˈoɾta/	[aˈoɾta] 主动脉<名>
chantajear	/t͡ʃantaxeˈaɾ/	/t͡ʃantaxeˈaɾ/	[t͡ʃantaxeˈaɾ] 勒索<动>
esforzado	/esfoɾˈθado/	/esfoɾˈθado/	[esfoɾˈθado] 努力的<形>
recortar	/rekoɾˈtaɾ/	/rekoɾˈtaɾ/	[rekoɾˈtaɾ] 修剪<动>
party	/ˈpaɾti/	/ˈpaɾti/	[/ˈpaɾti/] （英语借词）聚会，派对<名><noun>
aturdido	/atuɾˈdido/	/atuɾˈdido/	[atuɾˈdido] 惊呆了<形>
perjudicial	/peɾxudiˈθjal/	/peɾxudiˈθjal/	[peɾxudiˈθjal] 有害的<形>
autodestrucción	/autodestɾukθiˈon/	/autodestɾukθiˈon/	自毁<名>
ayo	/ˈaʝo/	/ˈaʝo/	[/ˈaʝo/] 家庭教师；保姆<noun>
fusible	/fuˈsible/	/fuˈsible/	[fuˈsible] 保险丝<名>
nacionalidad	/naθjonaliˈdad/	/naθjonaliˈdad/	[naθjonaliˈdad] 国籍<名>
desconfianza	/deskonˈfjanθa/	/deskonˈfjanθa/	[deskonˈfjanθa] 不信任<名>
rivalidad	/ribaliˈdad/	/ribaliˈdad/	[ribaliˈdad] 竞争<名>
friki	/ˈfɾiki/	/ˈfɾiki/	[ˈfɾiki] 极客<名>
historiador	/istoɾjaˈdoɾ/	/istoɾjaˈdoɾ/	[istoɾjaˈdoɾ] 历史学家<名>
digerir	/dixeˈɾiɾ/	/dixeˈɾiɾ/	[/dixeˈɾiɾ/] 消化；领会<verb>
condominio	/kondoˈminjo/	/kondoˈminjo/	[kondoˈminjo] 公寓<名>
tibio	/ˈtibjo/	/ˈtibjo/	[ˈtibjo] 温暖<形>
fumador	/fumaˈdoɾ/	/fumaˈdoɾ/	[fumaˈdoɾ] 吸烟者<名>
estantería	/estanteˈɾia/	/estanteˈɾia/	[estanteˈɾia] 架子<名>
pediatra	/peˈdjatɾa/	/peˈdjatɾa/	[peˈdjatɾa] 儿科医生<名>
barrote	/baˈrote/	/baˈrote/	[/baˈrote/] 横梁；栅栏<noun>
tanga	/ˈtanɡa/	/ˈtanɡa/	[ˈtanɡa] 丁字裤<名>
estirado	/estiˈɾado/	/estiˈɾado/	[estiˈɾado] 拉伸的<名>
limbo	/ˈlimbo/	/ˈlimbo/	[ˈlimbo] 地狱边缘<名>
pretencioso	/pɾetenˈθjoso/	/pɾetenˈθjoso/	[pɾetenˈθjoso] 自命不凡的<形>
indirecta	/indiˈɾeɡta/	/indiˈɾeɡta/	[indiˈɾeɡta] 间接<名>
accesible	/aɡθeˈsible/	/aɡθeˈsible/	[aɡθeˈsible] 无障碍<形>
creces	/ˈkɾeθes/	/ˈkɾeθes/	[/ˈkɾeθes/] crecer的第二人称单数现在时（你成长/增长）<noun>
desembarco	/desemˈbaɾko/	/desemˈbaɾko/	[desemˈbaɾko] 下船<名>
turístico	/tuˈɾistiko/	/tuˈɾistiko/	[/tuˈɾistiko/] 旅游的；观光的<adj>
cebra	/ˈθebɾa/	/ˈθebɾa/	[ˈθebɾa] 斑马<名>
holgazán	/olɡaˈθan/	/olɡaˈθan/	[olɡaˈθan] 懒惰<名>
variedades	/baɾjeˈdades/	/baɾjeˈdades/	[baɾjeˈdades] 品种<名>
saldar	/salˈdaɾ/	/salˈdaɾ/	[/salˈdaɾ/] 结清；清偿<verb>
lacayo	/laˈkaʝo/	/laˈkaʝo/	[laˈkaʝo] 走狗<名>
mercadería	/meɾkadeˈɾia/	/meɾkadeˈɾia/	[meɾkadeˈɾia] 商品<名>
delincuencia	/delinˈkwenθja/	/delinˈkwenθja/	[delinˈkwenθja] 犯罪<名>
unánime	/uˈnanime/	/uˈnanime/	[uˈnanime] 一致的<形>
nacho	/ˈnat͡ʃo/	/ˈnat͡ʃo/	[ˈnat͡ʃo] 烤干酪辣味玉米片<名>
blasfemia	/blasˈfemja/	/blasˈfemja/	[blasˈfemja] 亵渎<名>
anticipado	/antiθiˈpado/	/antiθiˈpado/	[antiθiˈpado] 预期的<形>
ventura	/benˈtuɾa/	/benˈtuɾa/	[/benˈtuɾa/] 幸运；福气<noun>
discapacidad	/diskapaθiˈdad/	/diskapaθiˈdad/	[diskapaθiˈdad] 残疾<名>
abominación	/abominaˈθjon/	/abominaˈθjon/	[abominaˈθjon] 令人厌恶的<名>
elle	/ˈeʝe/	/ˈeʝe/	[/ˈeʝe/] 字母ll的名称<noun>
cascabel	/kaskaˈbel/	/kaskaˈbel/	[/kaskaˈbel/] 铃铛，小铃<名><noun>
derramamiento	/deramaˈmjento/	/deramaˈmjento/	[/deramaˈmjento/] 洒出，溢出；流淌，流出（如流血、流泪）<noun>
devastado	/debasˈtado/	/debasˈtado/	[debasˈtado] 被摧毁的<形>
fascismo	/fasˈθismo/	/fasˈθismo/	[fasˈθismo] 法西斯主义<名>
proyectil	/pɾoʝeɡˈtil/	/pɾoʝeɡˈtil/	[pɾoʝeɡˈtil] 射弹<名>
plutonio	/pluˈtonjo/	/pluˈtonjo/	[pluˈtonjo] 钚<名>
avería	/abeˈɾia/	/abeˈɾia/	[abeˈɾia] 故障<名>
observatorio	/obseɾbaˈtoɾjo/	/obseɾbaˈtoɾjo/	[obseɾbaˈtoɾjo] 天文台<名>
calmante	/kalˈmante/	/kalˈmante/	[kalˈmante] 舒缓的<名>
hard	/ˈaɾd/	/ˈaɾd/	[[ˈxaɾd] 硬的；坚硬的<adj>
horizontal	/oɾiθonˈtal/	/oɾiθonˈtal/	[oɾiθonˈtal] 水平的<形>
alineación	/alineaˈθjon/	/alineaˈθjon/	[alineaˈθjon] 对准<名>
tapón	/taˈpon/	/taˈpon/	[taˈpon] 塞子<名>
lavanda	/laˈbanda/	/laˈbanda/	[laˈbanda] 薰衣草<名>
administrativo	/administɾaˈtibo/	/administɾaˈtibo/	[administɾaˈtibo] 行政<形>
bañado	/baˈɲado/	/baˈɲado/	[baˈɲado] 沐浴<名>
monarquía	/monaɾˈkia/	/monaɾˈkia/	[monaɾˈkia] 君主制<名>
cacao	/kaˈkao/	/kaˈkao/	[kaˈkao] 可可<名>
instrumental	/instɾumenˈtal/	/instɾumenˈtal/	[instɾumenˈtal] 工具性的<形>
arquero	/aɾˈkeɾo/	/aɾˈkeɾo/	[aɾˈkeɾo] 弓箭手<名>
complicidad	/kompliθiˈdad/	/kompliθiˈdad/	[kompliθiˈdad] 同谋<名>
lloriquear	/ʝoɾikeˈaɾ/	/ʝoɾikeˈaɾ/	[ʝoɾikeˈaɾ] 哀鸣<动>
extraordinariamente	/eɡstɾaoɾdiˌnaɾjaˈmente/	/eɡstɾaoɾdiˌnaɾjaˈmente/	[eɡstɾaoɾdiˌnaɾjaˈmente] 非凡地<副>
muela	/ˈmwela/	/ˈmwela/	[ˈmwela] 砂轮<名>
ecografía	/ekoɣɾaˈfia/	/ekoɣɾaˈfia/	超声波<名>
controversia	/kontɾoˈbeɾsja/	/kontɾoˈbeɾsja/	[kontɾoˈbeɾsja] 争议<名>
trailer	/ˈtɾeileɾ/	/ˈtɾeileɾ/	[ˈtɾeileɾ] 拖车<名>
miau	/ˈmjau/	/ˈmjau/	[ˈmjau] 喵<名>
rebeca	/reˈbeka/	/reˈbeka/	[reˈbeka] 丽贝卡<名>
papelera	/papeˈleɾa/	/papeˈleɾa/	[papeˈleɾa] 垃圾桶<名>
pizzería	/pitseˈɾia/	/pitseˈɾia/	[pitseˈɾia] 比萨店<名>
déficit	/ˈdefiθit/	/ˈdefiθit/	[ˈdefiθit] 赤字<名>
porvenir	/poɾbeˈniɾ/	/poɾbeˈniɾ/	[poɾbeˈniɾ] 未来<名>
sembrar	/semˈbɾaɾ/	/semˈbɾaɾ/	[semˈbɾaɾ] 播种<动>
manojo	/maˈnoxo/	/maˈnoxo/	[maˈnoxo] 一堆<名>
respirador	/respiɾaˈdoɾ/	/respiɾaˈdoɾ/	[respiɾaˈdoɾ] 呼吸器<名>
brasileño	/bɾasiˈleɲo/	/bɾasiˈleɲo/	[bɾasiˈleɲo] 巴西人<名>
doctrina	/doɡˈtɾina/	/doɡˈtɾina/	[doɡˈtɾina] 学说<名>
columpio	/koˈlumpjo/	/koˈlumpjo/	[koˈlumpjo] 秋千<名>
asignar	/asiɡˈnaɾ/	/asiɡˈnaɾ/	[asiɡˈnaɾ] 分配<动>
poni	/ˈponi/	/ˈponi/	[ˈponi] 小马<名>
senil	/seˈnil/	/seˈnil/	[seˈnil] 老年的<形>
viceversa	/biseˈbeɾsa/	/biseˈbeɾsa/	反之亦然<副>
renegado	/reneˈɡado/	/reneˈɡado/	[reneˈɡado] 叛徒<名>
porte	/ˈpoɾte/	/ˈpoɾte/	[/ˈpoɾte/] 举止；仪态<noun>
cojín	/koˈxin/	/koˈxin/	[koˈxin] 坐垫<名>
difamación	/difamaˈθjon/	/difamaˈθjon/	[difamaˈθjon] 诽谤<名>
seducción	/seduɡˈθjon/	/seduɡˈθjon/	[seduɡˈθjon] 诱惑<名>
veterinaria	/beteɾiˈnaɾja/	/beteɾiˈnaɾja/	[beteɾiˈnaɾja] 兽医的<名>
melancolía	/melankoˈlia/	/melankoˈlia/	[melankoˈlia] 忧郁的<名>
providencia	/pɾobiˈdenθja/	/pɾobiˈdenθja/	[/pɾobiˈdenθja/] 天意；天命；规定<noun>
picó	/piˈko/	/piˈko/	[piˈko] 蜇伤<名>
potable	/poˈtable/	/poˈtable/	[poˈtable] 可以饮用的<形>
humillar	/umiˈʝaɾ/	/umiˈʝaɾ/	[umiˈʝaɾ] 羞辱<动>
naufragio	/nauˈfɾaxjo/	/nauˈfɾaxjo/	[nauˈfɾaxjo] 沉船<名>
sta.	/ˈsanta/	/ˈsanta/	站。<名>
calambre	/kaˈlambɾe/	/kaˈlambɾe/	[kaˈlambɾe] 抽筋<名>
liviano	/liˈbjano/	/liˈbjano/	[/liˈbjano/] 轻的；轻便的；轻微的<noun>
desenterrar	/desenteˈraɾ/	/desenteˈraɾ/	[desenteˈraɾ] 发掘<动>
cortejo	/koɾˈtexo/	/koɾˈtexo/	[koɾˈtexo] 求爱<名>
mora	/ˈmoɾa/	/ˈmoɾa/	[ˈmoɾa] 黑莓<名>
desayunado	/desaʝuˈnado/	/desaʝuˈnado/	[desaʝuˈnado] 吃过早餐<形>
antidepresivo	/antidepɾeˈsibo/	/antidepɾeˈsibo/	[antidepɾeˈsibo] 抗抑郁药<名>
sioux	/ˈsju/	/ˈsju/	[ˈsju] 苏族<名>
cese	/ˈθese/	/ˈθese/	[ˈθese] 停止<名>
guineo	/ɡiˈneo/	/ɡiˈneo/	[ɡiˈneo] 香蕉<名>
retrospectiva	/retɾospeɡˈtiba/	/retɾospeɡˈtiba/	[retɾospeɡˈtiba] 回顾性的<名>
asistido	/asisˈtido/	/asisˈtido/	[asisˈtido] 协助的<形>
pinchado	/pinˈt͡ʃado/	/pinˈt͡ʃado/	[pinˈt͡ʃado] 刺伤的<名>
alquilé	/alkiˈle/	/alkiˈle/	[alkiˈle] 我租的<名>
tap	/tˈap/	/tˈap/	点击<名>
influyente	/influˈʝente/	/influˈʝente/	[influˈʝente] 有影响力的<形>
mánager	/ˈmanaxeɾ/	/ˈmanaxeɾ/	[ˈmanaxeɾ] 经理<名>
chusma	/ˈt͡ʃusma/	/ˈt͡ʃusma/	[ˈt͡ʃusma] 乌合之众<名>
nuño	/ˈnuɲo/	/ˈnuɲo/	[/ˈnuɲo/] （西语中无此常用词；仅作专有名词Nuño）<noun>
segun	/seˈɡun/	/seˈɡun/	[seˈɡun] 根据<介>
estéreo	/esˈteɾeo/	/esˈteɾeo/	[esˈteɾeo] 立体声<名>
sorteo	/soɾˈteo/	/soɾˈteo/	[/soɾˈteo/] 抽签；抽奖；抽彩<noun>
ocasional	/okasjoˈnal/	/okasjoˈnal/	偶尔的<形>
reproducir	/repɾoduˈθiɾ/	/repɾoduˈθiɾ/	[/repɾoduˈθiɾ/] 复制；繁殖；播放<verb>
casquillo	/kasˈkiʝo/	/kasˈkiʝo/	[kasˈkiʝo] 帽<名>
demorar	/demoˈɾaɾ/	/demoˈɾaɾ/	[demoˈɾaɾ] 延迟<动>
descendencia	/desθenˈdenθja/	/desθenˈdenθja/	[desθenˈdenθja] 后代<名>
ro	/ˈro/	/ˈro/	[/ˈro/] （西语中无此词；字母r的名称为erre）<noun>
estrellado	/estɾeˈʝado/	/estɾeˈʝado/	[estɾeˈʝado] 繁星点点<形>
proximidad	/pɾoɡsimiˈdad/	/pɾoɡsimiˈdad/	[pɾoɡsimiˈdad] 邻近性<名>
burger	/ˈbuɾɡeɾ/	/ˈbuɾɡeɾ/	[ˈbuɾɡeɾ] 汉堡<名>
short	/ˈʃoɾt/	/ˈʃoɾt/	[ˈʃoɾt] 短裤<名>
toxicológico	/toksikoˈloxiko/	/toksikoˈloxiko/	毒理学的<形>
materno	/maˈteɾno/	/maˈteɾno/	[maˈteɾno] 母亲的<形>
predicar	/pɾediˈkaɾ/	/pɾediˈkaɾ/	[pɾediˈkaɾ] 传道<动>
patricio	/paˈtɾiθjo/	/paˈtɾiθjo/	[/paˈtɾiθjo/] 贵族；贵族的<noun>
crazy	/ˈkɾeisi/	/ˈkɾeisi/	[ˈkɾeisi] 疯狂的<形>
definido	/defiˈnido/	/defiˈnido/	[defiˈnido] 定义的<形>
agotar	/aɡoˈtaɾ/	/aɡoˈtaɾ/	[/aɡoˈtaɾ/] 耗尽；用尽；使筋疲力尽<verb>
plantear	/planteˈaɾ/	/planteˈaɾ/	[/planteˈaɾ/] 提出；拟定<verb>
luminoso	/lumiˈnoso/	/lumiˈnoso/	[/lumiˈnoso/] 明亮的；光亮的<形><adj>
promotor	/pɾomoˈtoɾ/	/pɾomoˈtoɾ/	[pɾomoˈtoɾ] 发起人<名>
saltamontes	/saltaˈmontes/	/saltaˈmontes/	[saltaˈmontes] 蚱蜢<名>
castellano	/kasteˈʝano/	/kasteˈʝano/	[kasteˈʝano] 西班牙语<名>
arsénico	/aɾˈseniko/	/aɾˈseniko/	[aɾˈseniko] 砷<名>
trenza	/ˈtɾenθa/	/ˈtɾenθa/	[ˈtɾenθa] 辫子<名>
gozo	/ˈɡoθo/	/ˈɡoθo/	[ˈɡoθo] 喜悦<名>
intencional	/intenθjoˈnal/	/intenθjoˈnal/	[intenθjoˈnal] 故意的<形>
penicilina	/peniθiˈlina/	/peniθiˈlina/	[peniθiˈlina] 青霉素<名>
oyente	/oˈʝente/	/oˈʝente/	[oˈʝente] 听众<名>
empeñado	/empeˈɲado/	/empeˈɲado/	[empeˈɲado] 典当<形>
sociable	/soˈθjable/	/soˈθjable/	[soˈθjable] 善于交际的<形>
cachemira	/kat͡ʃeˈmiɾa/	/kat͡ʃeˈmiɾa/	[kat͡ʃeˈmiɾa] 羊绒<名>
próspero	/ˈpɾospeɾo/	/ˈpɾospeɾo/	[ˈpɾospeɾo] 繁荣的<形>
alarmante	/alaɾˈmante/	/alaɾˈmante/	[alaɾˈmante] 令人震惊的<形>
trasbordador	/tɾasboɾdadˈoɾ/	/tɾasboɾdadˈoɾ/	渡轮<名>
palabrota	/palaˈbɾota/	/palaˈbɾota/	[palaˈbɾota] 脏话<名>
rascacielos	/raskaˈθjelos/	/raskaˈθjelos/	[raskaˈθjelos] 摩天大楼<名>
armería	/aɾmeˈɾia/	/aɾmeˈɾia/	[aɾmeˈɾia] 军械库<名>
igualar	/iɡwaˈlaɾ/	/iɡwaˈlaɾ/	[iɡwaˈlaɾ] 均衡<动>
cetro	/ˈθetɾo/	/ˈθetɾo/	[ˈθetɾo] 权杖<名>
palermo	/paˈleɾmo/	/paˈleɾmo/	[paˈleɾmo] 巴勒莫<名>
hornear	/oɾneˈaɾ/	/oɾneˈaɾ/	[oɾneˈaɾ] 烘烤<动>
llendo	/ʝˈendo/	/ʝˈendo/	去<动>
ubicado	/ubiˈkado/	/ubiˈkado/	[ubiˈkado] 位于<形>
bb	/beˈbe/	/beˈbe/	[beˈbe] 幼童；宝贝；BB弹<名>
cesárea	/θeˈsaɾea/	/θeˈsaɾea/	[θeˈsaɾea] 剖腹产<名>
batear	/bateˈaɾ/	/bateˈaɾ/	[/bateˈaɾ/] （棒球）击球<verb>
colecta	/koˈleɡta/	/koˈleɡta/	[koˈleɡta] 收藏<名>
rufián	/ruˈfjan/	/ruˈfjan/	[ruˈfjan] 痞子<名>
engordar	/enɡoɾˈdaɾ/	/enɡoɾˈdaɾ/	[enɡoɾˈdaɾ] 发胖<动>
electrón	/eleɡˈtɾon/	/eleɡˈtɾon/	[eleɡˈtɾon] 电子<名>
patriotismo	/patɾjoˈtismo/	/patɾjoˈtismo/	[patɾjoˈtismo] 爱国主义<名>
instantáneo	/instanˈtaneo/	/instanˈtaneo/	[instanˈtaneo] 即时<形>
dimitir	/dimiˈtiɾ/	/dimiˈtiɾ/	[dimiˈtiɾ] 辞职<动>
reembolso	/reemˈbolso/	/reemˈbolso/	[reemˈbolso] 退款<名>
jerarquía	/xeɾaɾˈkia/	/xeɾaɾˈkia/	[xeɾaɾˈkia] 等级制度<名>
hemisferio	/emisˈfeɾjo/	/emisˈfeɾjo/	[emisˈfeɾjo] 半球<名>
variable	/baˈɾjable/	/baˈɾjable/	[baˈɾjable] 变量<名>
cuadrada	/kwaˈdɾaða/	/kwaˈdɾaða/	正方形<名>
ladrar	/laˈdɾaɾ/	/laˈdɾaɾ/	[/laˈdɾaɾ/] （狗）吠叫<verb>
indulgente	/indulˈxente/	/indulˈxente/	放纵的<形>
castidad	/kastiˈdad/	/kastiˈdad/	[kastiˈdad] 贞操<名>
coherente	/koeˈɾente/	/koeˈɾente/	[koeˈɾente] 连贯的<形>
insolencia	/insoˈlenθja/	/insoˈlenθja/	[insoˈlenθja] 傲慢无礼<名>
glaciar	/ɡlaˈθjaɾ/	/ɡlaˈθjaɾ/	[ɡlaˈθjaɾ] 冰川<名>
esforzar	/esfoɾˈθaɾ/	/esfoɾˈθaɾ/	[esfoɾˈθaɾ] 努力<动>
oleada	/oleˈada/	/oleˈada/	[oleˈada] 激增<名>
polígrafo	/poˈliɡɾafo/	/poˈliɡɾafo/	[poˈliɡɾafo] 测谎仪<名>
bañador	/baɲaˈdoɾ/	/baɲaˈdoɾ/	[baɲaˈdoɾ] 泳衣<名>
oporto	/oˈpoɾto/	/oˈpoɾto/	[oˈpoɾto] 港口<名>
caño	/ˈkaɲo/	/ˈkaɲo/	[ˈkaɲo] 喷口<名>
topar	/toˈpaɾ/	/toˈpaɾ/	[/toˈpaɾ/] 碰撞；撞上；偶遇<verb>
culata	/kuˈlata/	/kuˈlata/	[kuˈlata] 气缸盖<名>
cuarteto	/kwaɾˈteto/	/kwaɾˈteto/	[kwaɾˈteto] 四重奏<名>
carisma	/kaˈɾisma/	/kaˈɾisma/	[kaˈɾisma] 魅力<名>
alteración	/alteɾaˈθjon/	/alteɾaˈθjon/	[alteɾaˈθjon] 改变<名>
preventivo	/pɾebenˈtibo/	/pɾebenˈtibo/	[pɾebenˈtibo] 预防性的<形>
loft	/ˈlof/	/ˈlof/	[/ˈlof/] 大开间公寓；阁楼式住宅<名><noun>
apasionante	/apasjoˈnante/	/apasjoˈnante/	令人兴奋的<形>
colado	/koˈlado/	/koˈlado/	[/koˈlado/] 过滤的；迷恋的；不速之客<adj>
lindar	/linˈdaɾ/	/linˈdaɾ/	[linˈdaɾ] 边界<名>
recámara	/reˈkamaɾa/	/reˈkamaɾa/	[reˈkamaɾa] 卧室<名>
impaciencia	/impaˈθjenθja/	/impaˈθjenθja/	[impaˈθjenθja] 不耐烦<名>
carminar	/kaɾmiˈnaɾ/	/kaɾmiˈnaɾ/	[/kaɾmiˈnaɾ/] 染成胭脂红色；使变红<verb>
loquero	/loˈkeɾo/	/loˈkeɾo/	[/loˈkeɾo/] （西语中无此常用词）<noun>
rizado	/riˈθado/	/riˈθado/	[riˈθado] 卷曲的<名>
alegremente	/aˌleɡɾeˈmente/	/aˌleɡɾeˈmente/	[aˌleɡɾeˈmente] 高兴地<副>
lavadero	/labaˈdeɾo/	/labaˈdeɾo/	[labaˈdeɾo] 洗衣房<名>
veintidós	/beintiˈdos/	/beintiˈdos/	[beintiˈdos] 二十二<数>
sonreir	/sonɾeˈiɾ/	/sonɾeˈiɾ/	微笑<动>
monopolio	/monoˈpoljo/	/monoˈpoljo/	[monoˈpoljo] 垄断<名>
cabellera	/kabeˈʝeɾa/	/kabeˈʝeɾa/	[kabeˈʝeɾa] 头发<名>
