que	ki	ki	[ki] 那个；谁；什么<代>
não	nãw̃	nãw̃	[nãw̃] 不，不是<副>
de	dʒi	dʒi	[dʒi] 的；从<介>
um	ũ̃	ũ̃	[ũ̃] 一个（阳性）<限定>
para	paɾɐ	paɾɐ	[paɾɐ] 为了；给<介>
eu	ew	ew	[ew] 我<代>
estar	/isˈta(ʁ)/	/isˈta(ʁ)/	[isˈta(ʁ)] 是<动>
com	kõ̃	kõ̃	[kõ̃] 和，用，以<介>
se	/si/	/si/	[si] 如果<代>
por	puɾ	puɾ	[puɾ] 通过；因为；为<介>
os	/us/	/us/	[us] 的<代>
ele	/ˈɛ.li/	/ˈɛ.li/	[ˈɛ.li] 他<名>
mas	mas	mas	[mas] 但是<连>
em	ẽ̃	ẽ̃	[ẽ̃] 在……里<介>
bem	bẽ̃j	bẽ̃j	[bẽ̃j] 好；很<副>
isso	ˈisu	ˈisu	[ˈisu] 那个<代>
da	da	da	[da] 的<动>
como	kɐˈmu	kɐˈmu	[kɐˈmu] 怎样；作为<副>
sim	/ˈsĩ/	/ˈsĩ/	[ˈsĩ] 是的<名>
as	/as/	/as/	[as] 的<代>
no	nu	nu	[nu] 在<名>
mais	majs	majs	[majs] 更；更多<副>
na	/na/	/na/	[na] 在<代>
meu	mew	mew	[mew] 我的<限定>
aqui	ɐˈki	ɐˈki	[ɐˈki] 这里<副>
me	/mi/	/mi/	[mi] 我<代>
muito	muj̃tu	muj̃tu	[muj̃tu] 非常；很<副>
foi	/ˈfoj/	/ˈfoj/	[ˈfoj] 是<叹>
ela	ˈɛ.lə	ˈɛ.lə	[ˈɛ.lə] 她<名>
isto	ˈistu	ˈistu	[ˈistu] 这个<代>
estou	/isˈto(w)/	/isˈto(w)/	[isˈto(w)] 我是<叹>
fazer	/faˈze(ʁ)/	/faˈze(ʁ)/	[faˈze(ʁ)] 做<动>
vamos	/ˈvɐ̃.mus/	/ˈvɐ̃.mus/	[ˈvɐ̃.mus] 我们走吧<叹>
já	ʒɐ	ʒɐ	[ʒɐ] 已经<副>
ser	/ˈse(ʁ)/	/ˈse(ʁ)/	[ˈse(ʁ)] 是<名>
ir	/ˈi(ʁ)/	/ˈi(ʁ)/	[ˈi(ʁ)] 去<动>
só	/ˈsɔ/	/ˈsɔ/	[ˈsɔ] 独自一人<形>
ter	/ˈte(ʁ)/	/ˈte(ʁ)/	[ˈte(ʁ)] 有<动>
tudo	ˈtudu	ˈtudu	[ˈtudu] 所有；全部<代>
te	/t͡ʃi/	/t͡ʃi/	[t͡ʃi] 你<代>
porque	puɾˈke	puɾˈke	[puɾˈke] 因为<连>
haver	/aˈve(ʁ)/	/aˈve(ʁ)/	[aˈve(ʁ)] 有<名>
tu	/ˈtu/	/ˈtu/	[ˈtu] 你<代>
sei	/ˈsej/	/ˈsej/	[ˈsej] 我知道<叹>
quando	kwɐ̃du	kwɐ̃du	[kwɐ̃du] 什么时候<副>
agora	/aˈɡɔ.ɾɐ/	/aˈɡɔ.ɾɐ/	[aˈɡɔ.ɾɐ] 现在<名>
você	voˈse	voˈse	[voˈse] 你，您<代>
lá	/ˈla/	/ˈla/	[ˈla] 那里<名>
então	/ẽˈtɐ̃w̃/	/ẽˈtɐ̃w̃/	[ẽˈtɐ̃w̃] 然后<副>
era	/ˈɛ.ɾɐ/	/ˈɛ.ɾɐ/	[ˈɛ.ɾɐ] 是<名>
quem	/ˈkẽj̃/	/ˈkẽj̃/	[ˈkẽj̃] 谁<代>
onde	ˈɔndʒi	ˈɔndʒi	[ˈɔndʒi] 哪里<副>
nada	ˈnadɐ	ˈnadɐ	[ˈnadɐ] 什么也没有<代>
ou	ow	ow	[ow] 或者<连>
coisa	/ˈkoj.zɐ/	/ˈkoj.zɐ/	[ˈkoj.zɐ] 东西<名>
dizer	/d͡ʒiˈze(ʁ)/	/d͡ʒiˈze(ʁ)/	[d͡ʒiˈze(ʁ)] 说<动>
são	/ˈsɐ̃w̃/	/ˈsɐ̃w̃/	[ˈsɐ̃w̃] 是<名>
quero	/ˈkɛ.ɾu/	/ˈkɛ.ɾu/	[ˈkɛ.ɾu] 我想要<名>
seu	sew	sew	[sew] 他/她/它的<限定>
poder	/poˈdeʁ/	/poˈdeʁ/	[poˈdeʁ] 电源<名>
mesmo	/ˈmez.mu/	/ˈmez.mu/	[ˈmez.mu] 一样<名>
este	/ˈɛs.t͡ʃi/	/ˈɛs.t͡ʃi/	[ˈɛs.t͡ʃi] 这个<名>
eles	ˈelis	ˈelis	[ˈelis] 他们<代>
nós	/ˈnɔ(j)s/	/ˈnɔ(j)s/	[ˈnɔ(j)s] 我们<代>
todos	/ˈto.dus/	/ˈto.dus/	[ˈto.dus] 大家<代>
nos	ˈnʊs	ˈnʊs	[ˈnʊs] 我们<代>
mim	/ˈmĩ/	/ˈmĩ/	[ˈmĩ] 我<代>
bom	/ˈbõ/	/ˈbõ/	[ˈbõ] 好<形>
ver	/ˈve(ʁ)/	/ˈve(ʁ)/	[ˈve(ʁ)] 看到<动>
casa	/ˈka.zɐ/	/ˈka.zɐ/	[ˈka.zɐ] 家<名>
teu	/tew/	/tew/	[tew] 你的<名>
nunca	ˈnũkɐ	ˈnũkɐ	[ˈnũkɐ] 从不<副>
até	/aˈtɛ/	/aˈtɛ/	[aˈtɛ] 直到<副>
assim	/aˈsĩ/	/aˈsĩ/	[aˈsĩ] 像这样<形>
achar	/aˈʃa(ʁ)/	/aˈʃa(ʁ)/	[aˈʃa(ʁ)] 找到<名>
falar	/faˈlaʁ/	/faˈlaʁ/	[faˈlaʁ] 说话<名>
ainda	/aˈĩ.dɐ/	/aˈĩ.dɐ/	[aˈĩ.dɐ] 仍然<副>
tempo	/ˈtẽ.pu/	/ˈtẽ.pu/	[ˈtẽ.pu] 时间<名>
também	tɐ̃ˈbɐ̃j	tɐ̃ˈbɐ̃j	[tɐ̃ˈbɐ̃j] 也<副>
pai	/ˈpaj/	/ˈpaj/	[ˈpaj] 父亲<名>
sobre	/ˈso.bɾi/	/ˈso.bɾi/	[ˈso.bɾi] 关于<介>
vez	/ˈve(j)s/	/ˈve(j)s/	[ˈve(j)s] 时间<名>
quê	/ˈke/	/ˈke/	[ˈke] 什么<名>
quer	/ˈkɛ(ʁ)/	/ˈkɛ(ʁ)/	[ˈkɛ(ʁ)] 想要<连>
favor	/faˈvoʁ/	/faˈvoʁ/	[faˈvoʁ] 请<名>
depois	/deˈpojs/	/deˈpojs/	[deˈpojs] 之后<副>
tão	/ˈtɐ̃w̃/	/ˈtɐ̃w̃/	[ˈtɐ̃w̃] 所以<动>
mãe	/ˈmɐ̃j̃/	/ˈmɐ̃j̃/	[ˈmɐ̃j̃] 妈妈<名>
talvez	/tawˈve(j)s/	/tawˈve(j)s/	[tawˈve(j)s] 也许<副>
olá	ɔˈla	ɔˈla	[ɔˈla] 你好<叹>
obrigado	obɾiˈgadu	obɾiˈgadu	[obɾiˈgadu] 谢谢（男用）<叹>
noite	/ˈnoj.t͡ʃi/	/ˈnoj.t͡ʃi/	[ˈnoj.t͡ʃi] 晚上<名>
ti	tʃi	tʃi	[tʃi] 你<名>
saber	/saˈbe(ʁ)/	/saˈbe(ʁ)/	[saˈbe(ʁ)] 知道<名>
sempre	ˈsẽpɾi	ˈsẽpɾi	[ˈsẽpɾi] 总是<副>
deus	/ˈdews/	/ˈdews/	[ˈdews] 上帝<名>
alguém	/awˈɡẽj̃/	/awˈɡẽj̃/	[awˈɡẽj̃] 某人<名>
dia	/ˈd͡ʒi.ɐ/	/ˈd͡ʒi.ɐ/	[ˈd͡ʒi.ɐ] 日<名>
certo	/ˈsɛʁ.tu/	/ˈsɛʁ.tu/	[ˈsɛʁ.tu] 对<形>
nem	/ˈnẽj̃/	/ˈnẽj̃/	[ˈnẽj̃] 也不<副>
algum	/awˈɡũ/	/awˈɡũ/	[awˈɡũ] 一些<代>
vida	/ˈvi.dɐ/	/ˈvi.dɐ/	[ˈvi.dɐ] 生活<名>
ano	/ˈɐ̃.nu/	/ˈɐ̃.nu/	[ˈɐ̃.nu] 年<名>
delir	/deˈli(ʁ)/	/deˈli(ʁ)/	[deˈli(ʁ)] 神志不清的<动>
sem	/ˈsẽj̃/	/ˈsẽj̃/	[ˈsẽj̃] 没有<介>
tinha	/ˈt͡ʃĩ.ɲɐ/	/ˈt͡ʃĩ.ɲɐ/	[ˈt͡ʃĩ.ɲɐ] 有<名>
querer	/keˈɾe(ʁ)/	/keˈɾe(ʁ)/	[keˈɾe(ʁ)] 想要<名>
homem	/ˈõ.mẽj̃/	/ˈõ.mẽj̃/	[ˈõ.mẽj̃] 男人<名>
pessoa	/peˈso(w).ɐ/	/peˈso(w).ɐ/	[peˈso(w).ɐ] 人<名>
algo	ˈaw̃gu	ˈaw̃gu	[ˈaw̃gu] 某事；某物<代>
pelo	/ˈpe.lu/	/ˈpe.lu/	[ˈpe.lu] 毛皮<名>
ficar	/fiˈka(ʁ)/	/fiˈka(ʁ)/	[fiˈka(ʁ)] 留下来<动>
boa	/ˈbo(w).ɐ/	/ˈbo(w).ɐ/	[ˈbo(w).ɐ] 好<名>
parecer	/pa.ɾeˈseʁ/	/pa.ɾeˈseʁ/	[pa.ɾeˈseʁ] 意见<名>
claro	/ˈkla.ɾu/	/ˈkla.ɾu/	[ˈkla.ɾu] 当然<名>
dois	/ˈdojs/	/ˈdojs/	[ˈdojs] 两个<名>
verdade	/veʁˈda.d͡ʒi/	/veʁˈda.d͡ʒi/	[veʁˈda.d͡ʒi] 真相<名>
tipo	/ˈt͡ʃi.pu/	/ˈt͡ʃi.pu/	[ˈt͡ʃi.pu] 类型<名>
preciso	/pɾeˈsi.zu/	/pɾeˈsi.zu/	[pɾeˈsi.zu] 我需要<形>
antes	/ˈɐ̃.t͡ʃis/	/ˈɐ̃.t͡ʃis/	[ˈɐ̃.t͡ʃis] 之前<名>
senhor	/sẽˈɲoʁ/	/sẽˈɲoʁ/	[sẽˈɲoʁ] 先生<名>
apenas	/aˈpẽ.nɐs/	/aˈpẽ.nɐs/	[aˈpẽ.nɐs] 只是<副>
sr.	seˈɲoɾ	seˈɲoɾ	[seˈɲoɾ] 先生。<名>
vocês	/voˈse(j)s/	/voˈse(j)s/	[voˈse(j)s] 你<代>
ninguém	/nĩˈɡẽj̃/	/nĩˈɡẽj̃/	[nĩˈɡẽj̃] 没有人<名>
trabalho	/tɾaˈba.ʎu/	/tɾaˈba.ʎu/	[tɾaˈba.ʎu] 工作<名>
outro	/ˈo(w).tɾu/	/ˈo(w).tɾu/	[ˈo(w).tɾu] 其他<代>
espera	/isˈpɛ.ɾɐ/	/isˈpɛ.ɾɐ/	[isˈpɛ.ɾɐ] 等待<名>
comigo	/koˈmi.ɡu/	/koˈmi.ɡu/	[koˈmi.ɡu] 和我一起<副>
vão	/ˈvɐ̃w̃/	/ˈvɐ̃w̃/	[ˈvɐ̃w̃] 去<名>
dinheiro	/d͡ʒĩˈɲe(j).ɾu/	/d͡ʒĩˈɲe(j).ɾu/	[d͡ʒĩˈɲe(j).ɾu] 钱<名>
aí	/aˈi/	/aˈi/	[aˈi] 那里<名>
pouco	/ˈpo(w).ku/	/ˈpo(w).ku/	[ˈpo(w).ku] 很少<副>
essa	/ˈɛ.sɐ/	/ˈɛ.sɐ/	[ˈɛ.sɐ] 这个<名>
esse	/ˈɛ.si/	/ˈɛ.si/	[ˈɛ.si] 这个<名>
grande	/ˈɡɾɐ̃.d͡ʒi/	/ˈɡɾɐ̃.d͡ʒi/	[ˈɡɾɐ̃.d͡ʒi] 大<名>
pois	/ˈpojs/	/ˈpojs/	[ˈpojs] 因为<副>
pelar	/peˈla(ʁ)/	/peˈla(ʁ)/	[peˈla(ʁ)] 剥皮<动>
qualquer	/ˌkwawˈkɛ(ʁ)/	/ˌkwawˈkɛ(ʁ)/	[ˌkwawˈkɛ(ʁ)] 任何<代>
num	/ˈnũ/	/ˈnũ/	[ˈnũ] 在一个<副>
qual	/ˈkwaw/	/ˈkwaw/	[ˈkwaw] 其中<代>
desculpa	/desˈkuw.pɐ/	/desˈkuw.pɐ/	[desˈkuw.pɐ] 抱歉<名>
hoje	/ˈo.ʒi/	/ˈo.ʒi/	[ˈo.ʒi] 今天<副>
toda	/ˈto.dɐ/	/ˈto.dɐ/	[ˈto.dɐ] 全部<名>
dever	/deˈveʁ/	/deˈveʁ/	[deˈveʁ] 职责<名>
mulher	/muˈʎɛʁ/	/muˈʎɛʁ/	[muˈʎɛʁ] 女人<名>
fora	/ˈfɔ.ɾɐ/	/ˈfɔ.ɾɐ/	[ˈfɔ.ɾɐ] 出<名>
filho	/ˈfi.ʎu/	/ˈfi.ʎu/	[ˈfi.ʎu] 儿子<名>
cá	/ˈka/	/ˈka/	[ˈka] 这里<名>
meus	mewʃ	mewʃ	[mewʃ] 我的<代>
nosso	/ˈnɔ.su/	/ˈnɔ.su/	[ˈnɔ.su] 我们的<名>
olha	/ˈo.ʎɐ/	/ˈo.ʎɐ/	[ˈo.ʎɐ] 看看<名>
sério	/ˈsɛ.ɾju/	/ˈsɛ.ɾju/	[ˈsɛ.ɾju] 认真地<名>
oh	o	o	[o] 哦<叹>
nossa	/ˈnɔ.sɐ/	/ˈnɔ.sɐ/	[ˈnɔ.sɐ] 我们的<叹>
certeza	/seʁˈte.zɐ/	/seʁˈte.zɐ/	[seʁˈte.zɐ] 当然<名>
nome	/ˈnõ.mi/	/ˈnõ.mi/	[ˈnõ.mi] 姓名<名>
todo	/ˈto.du/	/ˈto.du/	[ˈto.du] 全部<名>
dar	/ˈda(ʁ)/	/ˈda(ʁ)/	[ˈda(ʁ)] 给予<动>
tentar	/tẽˈta(ʁ)/	/tẽˈta(ʁ)/	[tẽˈta(ʁ)] 尝试<动>
sair	/saˈi(ʁ)/	/saˈi(ʁ)/	[saˈi(ʁ)] 离开<动>
quanto	/ˈkʷɐ̃.tu/	/ˈkʷɐ̃.tu/	[ˈkʷɐ̃.tu] 多少<副>
pensar	/pẽˈsa(ʁ)/	/pẽˈsa(ʁ)/	[pẽˈsa(ʁ)] 认为<动>
mal	/ˈmaw/	/ˈmaw/	[ˈmaw] 坏<名>
volta	/ˈvɔw.tɐ/	/ˈvɔw.tɐ/	[ˈvɔw.tɐ] 回来<名>
acontecer	/a.kõ.teˈse(ʁ)/	/a.kõ.teˈse(ʁ)/	[a.kõ.teˈse(ʁ)] 发生<动>
consigo	/kõˈsi.ɡu/	/kõˈsi.ɡu/	[kõˈsi.ɡu] 我可以<副>
três	/ˈtɾe(j)s/	/ˈtɾe(j)s/	[ˈtɾe(j)s] 三<名>
mundo	/ˈmũ.du/	/ˈmũ.du/	[ˈmũ.du] 世界<名>
menos	/ˈmẽ.nus/	/ˈmẽ.nus/	[ˈmẽ.nus] 少<名>
amigo	/aˈmi.ɡu/	/aˈmi.ɡu/	[aˈmi.ɡu] 朋友<名>
contigo	/kõˈt͡ʃi.ɡu/	/kõˈt͡ʃi.ɡu/	[kõˈt͡ʃi.ɡu] 和你在一起<副>
embora	/ẽˈbɔ.ɾɐ/	/ẽˈbɔ.ɾɐ/	[ẽˈbɔ.ɾɐ] 虽然<副>
passa	/ˈpa.sɐ/	/ˈpa.sɐ/	[ˈpa.sɐ] 通过<名>
porquê	/puʁˈke/	/puʁˈke/	[puʁˈke] 为什么<名>
problema	/pɾoˈblẽ.mɐ/	/pɾoˈblẽ.mɐ/	[pɾoˈblẽ.mɐ] 问题<名>
carro	/ˈka.ʁu/	/ˈka.ʁu/	[ˈka.ʁu] 汽车<名>
lado	/ˈla.du/	/ˈla.du/	[ˈla.du] 侧面<名>
vezes	/ˈve.zis/	/ˈve.zis/	[ˈve.zis] 次<介>
nas	/nas/	/nas/	[nas] 在<代>
fez	/ˈfɛ(j)s/	/ˈfɛ(j)s/	[ˈfɛ(j)s] 做了<名>
novo	/ˈno.vu/	/ˈno.vu/	[ˈno.vu] 新的<名>
merda	/ˈmɛʁ.dɐ/	/ˈmɛʁ.dɐ/	[ˈmɛʁ.dɐ] 狗屎<名>
parte	/ˈpaʁ.t͡ʃi/	/ˈpaʁ.t͡ʃi/	[ˈpaʁ.t͡ʃi] 部分<名>
obrigada	obɾiˈgadɐ	obɾiˈgadɐ	[obɾiˈgadɐ] 谢谢（女用）<叹>
primeiro	/pɾiˈme(j).ɾu/	/pɾiˈme(j).ɾu/	[pɾiˈme(j).ɾu] 第一<名>
será	/seˈɾa/	/seˈɾa/	[seˈɾa] 将是<叹>
lugar	/luˈɡaʁ/	/luˈɡaʁ/	[luˈɡaʁ] 地方<名>
voltar	/vowˈta(ʁ)/	/vowˈta(ʁ)/	[vowˈta(ʁ)] 返回<动>
vir	/ˈvi(ʁ)/	/ˈvi(ʁ)/	[ˈvi(ʁ)] 来吧<动>
dentro	/ˈdẽ.tɾu/	/ˈdẽ.tɾu/	[ˈdẽ.tɾu] 里面<副>
família	/faˈmi.ljɐ/	/faˈmi.ljɐ/	[faˈmi.ljɐ] 家庭<名>
ali	/aˈli/	/aˈli/	[aˈli] 那里<副>
razão	/ʁaˈzɐ̃w̃/	/ʁaˈzɐ̃w̃/	[ʁaˈzɐ̃w̃] 原因<名>
aquele	/aˈke.li/	/aˈke.li/	[aˈke.li] 那个<代>
fui	/ˈfuj/	/ˈfuj/	[ˈfuj] 我去了<叹>
anda	/ˈɐ̃.dɐ/	/ˈɐ̃.dɐ/	[ˈɐ̃.dɐ] 来吧<名>
querido	/keˈɾi.du/	/keˈɾi.du/	[keˈɾi.du] 亲爱的<名>
ideia	/iˈdɛj.ɐ/	/iˈdɛj.ɐ/	[iˈdɛj.ɐ] 想法<名>
hora	/ˈɔ.ɾɐ/	/ˈɔ.ɾɐ/	[ˈɔ.ɾɐ] 时间<名>
si	/ˈsi/	/ˈsi/	[ˈsi] 是的<名>
polícia	/puˈli.sjɐ/	/puˈli.sjɐ/	[puˈli.sjɐ] 警察<名>
forma	/ˈfɔʁ.mɐ/	/ˈfɔʁ.mɐ/	[ˈfɔʁ.mɐ] 形状<名>
entre	/ˈẽ.tɾi/	/ˈẽ.tɾi/	[ˈẽ.tɾi] 之间<介>
caso	/ˈka.zu/	/ˈka.zu/	[ˈka.zu] 案例<名>
gosto	/ˈɡos.tu/	/ˈɡos.tu/	[ˈɡos.tu] 味道<名>
atrás	/aˈtɾa(j)s/	/aˈtɾa(j)s/	[aˈtɾa(j)s] 后面<副>
amor	/aˈmoʁ/	/aˈmoʁ/	[aˈmoʁ] 爱<名>
ok	/ˌɔˈkej/	/ˌɔˈkej/	[ˌɔˈkej] 好的<名>
uns	/ũs/	/ũs/	[ũs] 一些<副>
desde	/ˈde(j)z.d͡ʒi/	/ˈde(j)z.d͡ʒi/	[ˈde(j)z.d͡ʒi] 自从<介>
cabeça	/kaˈbe.sɐ/	/kaˈbe.sɐ/	[kaˈbe.sɐ] 头<名>
ajudar	/a.ʒuˈda(ʁ)/	/a.ʒuˈda(ʁ)/	[a.ʒuˈda(ʁ)] 帮助<动>
tarde	/ˈtaʁ.d͡ʒi/	/ˈtaʁ.d͡ʒi/	[ˈtaʁ.d͡ʒi] 下午<名>
momento	/moˈmẽ.tu/	/moˈmẽ.tu/	[moˈmẽ.tu] 时刻<名>
tal	/ˈtaw/	/ˈtaw/	[ˈtaw] 这样的<名>
pronto	/ˈpɾõ.tu/	/ˈpɾõ.tu/	[ˈpɾõ.tu] 准备好了<名>
foram	/ˈfo.ɾɐ̃w̃/	/ˈfo.ɾɐ̃w̃/	[ˈfo.ɾɐ̃w̃] 是<动>
ia	/iˈa/	/iˈa/	[iˈa] ia<名>
cidade	/siˈda.d͡ʒi/	/siˈda.d͡ʒi/	[siˈda.d͡ʒi] 城市<名>
encontrar	/ẽ.kõˈtɾa(ʁ)/	/ẽ.kõˈtɾa(ʁ)/	[ẽ.kõˈtɾa(ʁ)] 找到<动>
frente	/ˈfɾẽ.t͡ʃi/	/ˈfɾẽ.t͡ʃi/	[ˈfɾẽ.t͡ʃi] 前面<名>
passar	/paˈsa(ʁ)/	/paˈsa(ʁ)/	[paˈsa(ʁ)] 通过<动>
deixar	/de(j)ˈʃa(ʁ)/	/de(j)ˈʃa(ʁ)/	[de(j)ˈʃa(ʁ)] 离开<动>
nenhum	/nẽˈɲũ/	/nẽˈɲũ/	[nẽˈɲũ] 无<代>
gente	/ˈʒẽ.t͡ʃi/	/ˈʒẽ.t͡ʃi/	[ˈʒẽ.t͡ʃi] 人<名>
durante	/duˈɾɐ̃.t͡ʃi/	/duˈɾɐ̃.t͡ʃi/	[duˈɾɐ̃.t͡ʃi] 期间<名>
seria	se.ˈɾi.ə	se.ˈɾi.ə	[se.ˈɾi.ə] 会是<形>
entrar	/ẽˈtɾa(ʁ)/	/ẽˈtɾa(ʁ)/	[ẽˈtɾa(ʁ)] 输入<动>
chegar	/ʃeˈɡa(ʁ)/	/ʃeˈɡa(ʁ)/	[ʃeˈɡa(ʁ)] 到达<动>
nova	/ˈnɔ.vɐ/	/ˈnɔ.vɐ/	[ˈnɔ.vɐ] 新的<名>
trabalhar	/tɾa.baˈʎa(ʁ)/	/tɾa.baˈʎa(ʁ)/	[tɾa.baˈʎa(ʁ)] 工作<动>
quase	/ˈkwa.zi/	/ˈkwa.zi/	[ˈkwa.zi] 几乎<名>
desculpar	/des.kuwˈpa(ʁ)/	/des.kuwˈpa(ʁ)/	[des.kuwˈpa(ʁ)] 道歉<动>
amanhã	/a.mɐ̃ˈɲɐ̃/	/a.mɐ̃ˈɲɐ̃/	[a.mɐ̃ˈɲɐ̃] 明天<名>
tanto	/ˈtɐ̃.tu/	/ˈtɐ̃.tu/	[ˈtɐ̃.tu] 这么多<名>
história	/isˈtɔ.ɾjɐ/	/isˈtɔ.ɾjɐ/	[isˈtɔ.ɾjɐ] 历史<名>
irmão	/iʁˈmɐ̃w̃/	/iʁˈmɐ̃w̃/	[iʁˈmɐ̃w̃] 兄弟<名>
cima	/ˈsĩ.mɐ/	/ˈsĩ.mɐ/	[ˈsĩ.mɐ] 顶部<名>
contra	/ˈkõ.tɾɐ/	/ˈkõ.tɾɐ/	[ˈkõ.tɾɐ] 反对<介>
morrer	/moˈʁe(ʁ)/	/moˈʁe(ʁ)/	[moˈʁe(ʁ)] 死<动>
maneira	/maˈne(j).ɾɐ/	/maˈne(j).ɾɐ/	[maˈne(j).ɾɐ] 方式<名>
enquanto	/ẽˈkwɐ̃.tu/	/ẽˈkwɐ̃.tu/	[ẽˈkwɐ̃.tu] 同时<介>
ajuda	/aˈʒu.dɐ/	/aˈʒu.dɐ/	[aˈʒu.dɐ] 帮助<名>
morto	/ˈmoʁ.tu/	/ˈmoʁ.tu/	[ˈmoʁ.tu] 死了<名>
porta	/ˈpɔʁ.tɐ/	/ˈpɔʁ.tɐ/	[ˈpɔʁ.tɐ] 门<名>
medo	/ˈme.du/	/ˈme.du/	[ˈme.du] 恐惧<名>
morte	/ˈmɔʁ.t͡ʃi/	/ˈmɔʁ.t͡ʃi/	[ˈmɔʁ.t͡ʃi] 死亡<名>
óptimo			太棒了<名>
caminho	/kaˈmĩ.ɲu/	/kaˈmĩ.ɲu/	[kaˈmĩ.ɲu] 路径<名>
feliz	/feˈlis/	/feˈlis/	[feˈlis] 快乐<形>
sentir	/sẽˈt͡ʃi(ʁ)/	/sẽˈt͡ʃi(ʁ)/	[sẽˈt͡ʃi(ʁ)] 感觉<动>
minuto	/miˈnu.tu/	/miˈnu.tu/	[miˈnu.tu] 分钟<名>
ouvir	/o(w)ˈvi(ʁ)/	/o(w)ˈvi(ʁ)/	[o(w)ˈvi(ʁ)] 听<动>
tive	/ˈt͡ʃi.vi/	/ˈt͡ʃi.vi/	[ˈt͡ʃi.vi] 我有<动>
matar	/maˈta(ʁ)/	/maˈta(ʁ)/	[maˈta(ʁ)] 杀<动>
cada	/ka.dɐ/	/ka.dɐ/	[ka.dɐ] 每个<代>
esperar	/is.peˈɾa(ʁ)/	/is.peˈɾa(ʁ)/	[is.peˈɾa(ʁ)] 等待<动>
rapaz	/ʁaˈpa(j)s/	/ʁaˈpa(j)s/	[ʁaˈpa(j)s] 男孩<名>
precisar	/pɾe.siˈza(ʁ)/	/pɾe.siˈza(ʁ)/	[pɾe.siˈza(ʁ)] 需要<动>
for	/ˈfɔʁ/	/ˈfɔʁ/	[ˈfɔʁ] 为了<名>
causa	/ˈkaw.zɐ/	/ˈkaw.zɐ/	[ˈkaw.zɐ] 原因<名>
feito	/ˈfej.tu/	/ˈfej.tu/	[ˈfej.tu] 完成<名>
sorte	/ˈsɔʁ.t͡ʃi/	/ˈsɔʁ.t͡ʃi/	[ˈsɔʁ.t͡ʃi] 运气<名>
lamento	/laˈmẽ.tu/	/laˈmẽ.tu/	[laˈmẽ.tu] 我很遗憾<名>
filha	/ˈfi.ʎɐ/	/ˈfi.ʎɐ/	[ˈfi.ʎɐ] 女儿<名>
acha	/ˈa.ʃɐ/	/ˈa.ʃɐ/	[ˈa.ʃɐ] 认为<名>
levar	/leˈva(ʁ)/	/leˈva(ʁ)/	[leˈva(ʁ)] 采取<动>
conta	/ˈkõ.tɐ/	/ˈkõ.tɐ/	[ˈkõ.tɐ] 帐户<名>
arma	/ˈaʁ.mɐ/	/ˈaʁ.mɐ/	[ˈaʁ.mɐ] 武器<名>
pessoal	/pe.soˈaw/	/pe.soˈaw/	[pe.soˈaw] 个人的<名>
quarto	/ˈkwaʁ.tu/	/ˈkwaʁ.tu/	[ˈkwaʁ.tu] 房间<名>
olho	/ˈo.ʎu/	/ˈo.ʎu/	[ˈo.ʎu] 眼睛<名>
senhora	/sẽˈɲɔ.ɾɐ/	/sẽˈɲɔ.ɾɐ/	[sẽˈɲɔ.ɾɐ] 女士<名>
adeus	/aˈdews/	/aˈdews/	[aˈdews] 再见<叹>
cara	/ˈka.ɾɐ/	/ˈka.ɾɐ/	[ˈka.ɾɐ] 脸<名>
distar	/d͡ʒisˈta(ʁ)/	/d͡ʒisˈta(ʁ)/	[d͡ʒisˈta(ʁ)] 距离<动>
junto	/ˈʒũ.tu/	/ˈʒũ.tu/	[ˈʒũ.tu] 在一起<形>
difícil	/d͡ʒiˈfi.siw/	/d͡ʒiˈfi.siw/	[d͡ʒiˈfi.siw] 困难<形>
última	/ˈuw.t͡ʃi.mɐ/	/ˈuw.t͡ʃi.mɐ/	[ˈuw.t͡ʃi.mɐ] 最后<名>
único	/ˈũ.ni.ku/	/ˈũ.ni.ku/	[ˈũ.ni.ku] 独特的<形>
manhã	/mɐ̃ˈɲɐ̃/	/mɐ̃ˈɲɐ̃/	[mɐ̃ˈɲɐ̃] 早上<名>
importante	/ĩ.poʁˈtɐ̃.t͡ʃi/	/ĩ.poʁˈtɐ̃.t͡ʃi/	[ĩ.poʁˈtɐ̃.t͡ʃi] 重要的<形>
mão	/ˈmɐ̃w̃/	/ˈmɐ̃w̃/	[ˈmɐ̃w̃] 手<名>
ei	/ˈej/	/ˈej/	[ˈej] 嘿<副>
água	/ˈa.ɡwɐ/	/ˈa.ɡwɐ/	[ˈa.ɡwɐ] 水<名>
começar	/ko.meˈsa(ʁ)/	/ko.meˈsa(ʁ)/	[ko.meˈsa(ʁ)] 开始<动>
perto	/ˈpɛʁ.tu/	/ˈpɛʁ.tu/	[ˈpɛʁ.tu] 关闭<副>
cuidado	/kujˈda.du/	/kujˈda.du/	[kujˈda.du] 小心点<名>
sangue	/ˈsɐ̃.ɡi/	/ˈsɐ̃.ɡi/	[ˈsɐ̃.ɡi] 血<名>
semana	/seˈmɐ̃.nɐ/	/seˈmɐ̃.nɐ/	[seˈmɐ̃.nɐ] 周<名>
usar	/uˈza(ʁ)/	/uˈza(ʁ)/	[uˈza(ʁ)] 使用<动>
significar	/si.ɡi.ni.fiˈka(ʁ)/	/si.ɡi.ni.fiˈka(ʁ)/	[si.ɡi.ni.fiˈka(ʁ)] 意思是<动>
acreditar	/a.kɾe.d͡ʒiˈta(ʁ)/	/a.kɾe.d͡ʒiˈta(ʁ)/	[a.kɾe.d͡ʒiˈta(ʁ)] 相信<动>
cinco	/ˈsĩ.ku/	/ˈsĩ.ku/	[ˈsĩ.ku] 五<名>
acabar	/a.kaˈba(ʁ)/	/a.kaˈba(ʁ)/	[a.kaˈba(ʁ)] 结束<动>
corpo	/ˈkoʁ.pu/	/ˈkoʁ.pu/	[ˈkoʁ.pu] 身体<名>
altura	/awˈtu.ɾɐ/	/awˈtu.ɾɐ/	[awˈtu.ɾɐ] 高度<名>
chefe	/ˈʃɛ.fi/	/ˈʃɛ.fi/	[ˈʃɛ.fi] 老板<名>
jogo	/ˈʒo.ɡu/	/ˈʒo.ɡu/	[ˈʒo.ɡu] 游戏<名>
guerra	/ˈɡɛ.ʁɐ/	/ˈɡɛ.ʁɐ/	[ˈɡɛ.ʁɐ] 战争<名>
fala	/ˈfa.lɐ/	/ˈfa.lɐ/	[ˈfa.lɐ] 说话<名>
procura	/pɾoˈku.ɾɐ/	/pɾoˈku.ɾɐ/	[pɾoˈku.ɾɐ] 搜索<名>
dr.	doˈtɔɾ	doˈtɔɾ	[doˈtɔɾ] 博士。<名>
realmente	/ʁeˌawˈmẽ.t͡ʃi/	/ʁeˌawˈmẽ.t͡ʃi/	[ʁeˌawˈmẽ.t͡ʃi] 真的<副>
terra	/ˈtɛ.ʁɐ/	/ˈtɛ.ʁɐ/	[ˈtɛ.ʁɐ] 地球<名>
ontem	/ˈõ.tẽj̃/	/ˈõ.tẽj̃/	[ˈõ.tẽj̃] 昨天<名>
dólar	/ˈdɔ.lɐʁ/	/ˈdɔ.lɐʁ/	[ˈdɔ.lɐʁ] 美元<名>
comer	/koˈme(ʁ)/	/koˈme(ʁ)/	[koˈme(ʁ)] 吃<名>
dormir	/duʁˈmi(ʁ)/	/duʁˈmi(ʁ)/	[duʁˈmi(ʁ)] 睡觉<动>
escola	/isˈkɔ.lɐ/	/isˈkɔ.lɐ/	[isˈkɔ.lɐ] 学校<名>
logo	/ˈlo.ɡu/	/ˈlo.ɡu/	[ˈlo.ɡu] 很快<名>
fim	/ˈfĩ/	/ˈfĩ/	[ˈfĩ] 结束<名>
pára	ˈpa.ɾə	ˈpa.ɾə	[ˈpa.ɾə] 停止<动>
agente	/aˈʒẽ.t͡ʃi/	/aˈʒẽ.t͡ʃi/	[aˈʒẽ.t͡ʃi] 代理人<名>
equipa	/eˈki.pɐ/	/eˈki.pɐ/	[eˈki.pɐ] 团队<名>
rapariga	/ʁa.paˈɾi.ɡɐ/	/ʁa.paˈɾi.ɡɐ/	[ʁa.paˈɾi.ɡɐ] 女孩<名>
marido	/maˈɾi.du/	/maˈɾi.du/	[maˈɾi.du] 丈夫<名>
calma	/ˈkaw.mɐ/	/ˈkaw.mɐ/	[ˈkaw.mɐ] 冷静<名>
coração	/ko.ɾaˈsɐ̃w̃/	/ko.ɾaˈsɐ̃w̃/	[ko.ɾaˈsɐ̃w̃] 心<名>
segurança	/si.ɡuˈɾɐ̃.sɐ/	/si.ɡuˈɾɐ̃.sɐ/	[si.ɡuˈɾɐ̃.sɐ] 安全<名>
viver	/viˈve(ʁ)/	/viˈve(ʁ)/	[viˈve(ʁ)] 直播<名>
estado	/isˈta.du/	/isˈta.du/	[isˈta.du] 状态<名>
parar	/paˈɾa(ʁ)/	/paˈɾa(ʁ)/	[paˈɾa(ʁ)] 帕拉尔<动>
teve	/ˈte.vi/	/ˈte.vi/	[ˈte.vi] 有<动>
segundo	/seˈɡũ.du/	/seˈɡũ.du/	[seˈɡũ.du] 第二<名>
quatro	/ˈkwa.tɾu/	/ˈkwa.tɾu/	[ˈkwa.tɾu] 四<名>
baixo	/ˈbaj.ʃu/	/ˈbaj.ʃu/	[ˈbaj.ʃu] 低<名>
maior	/majˈɔʁ/	/majˈɔʁ/	[majˈɔʁ] 更大<副>
meio	/ˈmej.u/	/ˈmej.u/	[ˈmej.u] 中<名>
mês	/ˈme(j)s/	/ˈme(j)s/	[ˈme(j)s] 月<名>
mau	/ˈmaw/	/ˈmaw/	[ˈmaw] 坏<名>
vê	/ˈve/	/ˈve/	[ˈve] 看到<名>
andar	/ɐ̃ˈda(ʁ)/	/ɐ̃ˈda(ʁ)/	[ɐ̃ˈda(ʁ)] 步行<名>
rápido	/ˈʁa.pi.du/	/ˈʁa.pi.du/	[ˈʁa.pi.du] 快<形>
número	/ˈnũ.me.ɾu/	/ˈnũ.me.ɾu/	[ˈnũ.me.ɾu] 数量<名>
acordo	/aˈkoʁ.du/	/aˈkoʁ.du/	[aˈkoʁ.du] 协议<名>
festa	/ˈfɛs.tɐ/	/ˈfɛs.tɐ/	[ˈfɛs.tɐ] 聚会<名>
capitão	/ka.piˈtɐ̃w̃/	/ka.piˈtɐ̃w̃/	[ka.piˈtɐ̃w̃] 队长<名>
raio	/ˈʁaj.u/	/ˈʁaj.u/	[ˈʁaj.u] 半径<名>
suficiente	/su.fi.siˈẽ.t͡ʃi/	/su.fi.siˈẽ.t͡ʃi/	[su.fi.siˈẽ.t͡ʃi] 够了<名>
sra.	seˈɲoɾa	seˈɲoɾa	[seˈɲoɾa] 夫人。<名>
criança	/kɾiˈɐ̃.sɐ/	/kɾiˈɐ̃.sɐ/	[kɾiˈɐ̃.sɐ] 孩子<名>
força	/ˈfoʁ.sɐ/	/ˈfoʁ.sɐ/	[ˈfoʁ.sɐ] 实力<名>
presidente	/pɾe.ziˈdẽ.t͡ʃi/	/pɾe.ziˈdẽ.t͡ʃi/	[pɾe.ziˈdẽ.t͡ʃi] 总统<名>
buscar	/busˈka(ʁ)/	/busˈka(ʁ)/	[busˈka(ʁ)] 搜索<动>
perder	/peʁˈde(ʁ)/	/peʁˈde(ʁ)/	[peʁˈde(ʁ)] 失去<动>
viu	/ˈviw/	/ˈviw/	[ˈviw] 锯<叹>
irmã	/iʁˈmɐ̃/	/iʁˈmɐ̃/	[iʁˈmɐ̃] 妹妹<名>
chega	/ˈʃe.ɡɐ/	/ˈʃe.ɡɐ/	[ˈʃe.ɡɐ] 到达<名>
possível	/poˈsi.vew/	/poˈsi.vew/	[poˈsi.vew] 可能<形>
elas	ˈelɐs	ˈelɐs	[ˈelɐs] 她们<代>
contar	/kõˈta(ʁ)/	/kõˈta(ʁ)/	[kõˈta(ʁ)] 计数<动>
idiota	/i.d͡ʒiˈɔ.tɐ/	/i.d͡ʒiˈɔ.tɐ/	[i.d͡ʒiˈɔ.tɐ] 白痴<名>
olhar	/oˈʎa(ʁ)/	/oˈʎa(ʁ)/	[oˈʎa(ʁ)] 看看<名>
vosso	/ˈvɔ.su/	/ˈvɔ.su/	[ˈvɔ.su] 你的<名>
pena	/ˈpẽ.nɐ/	/ˈpẽ.nɐ/	[ˈpẽ.nɐ] 可惜<名>
mil	/ˈmiw/	/ˈmiw/	[ˈmiw] 千<形>
longe	/ˈlõ.ʒi/	/ˈlõ.ʒi/	[ˈlõ.ʒi] 远<形>
penso	/ˈpẽ.su/	/ˈpẽ.su/	[ˈpẽ.su] 我认为<名>
pedir	/peˈd͡ʒi(ʁ)/	/peˈd͡ʒi(ʁ)/	[peˈd͡ʒi(ʁ)] 问<动>
estranho	/isˈtɾɐ̃.ɲu/	/isˈtɾɐ̃.ɲu/	[isˈtɾɐ̃.ɲu] 奇怪的<名>
importar	/ĩ.poʁˈta(ʁ)/	/ĩ.poʁˈta(ʁ)/	[ĩ.poʁˈta(ʁ)] 进口<动>
fácil	/ˈfa.siw/	/ˈfa.siw/	[ˈfa.siw] 容易<形>
veio	/ˈvej.u/	/ˈvej.u/	[ˈvej.u] 来了<名>
brincar	/bɾĩˈka(ʁ)/	/bɾĩˈka(ʁ)/	[bɾĩˈka(ʁ)] 玩<动>
bebé	/bɛˈbɛ/	/bɛˈbɛ/	[bɛˈbɛ] 宝贝<名>
plano	/ˈplɐ̃.nu/	/ˈplɐ̃.nu/	[ˈplɐ̃.nu] 计划<名>
prazer	/pɾaˈzeʁ/	/pɾaˈzeʁ/	[pɾaˈzeʁ] 快乐<名>
velho	/ˈvɛ.ʎu/	/ˈvɛ.ʎu/	[ˈvɛ.ʎu] 老<名>
conseguir	/kõ.seˈɡi(ʁ)/	/kõ.seˈɡi(ʁ)/	[kõ.seˈɡi(ʁ)] 得到<动>
passado	/paˈsa.du/	/paˈsa.du/	[paˈsa.du] 过去<名>
tomar	/toˈma(ʁ)/	/toˈma(ʁ)/	[toˈma(ʁ)] 采取<动>
além	/aˈlẽj̃/	/aˈlẽj̃/	[aˈlẽj̃] 超越<名>
jantar	/ʒɐ̃ˈta(ʁ)/	/ʒɐ̃ˈta(ʁ)/	[ʒɐ̃ˈta(ʁ)] 晚餐<名>
depressa	/deˈpɾɛ.sɐ/	/deˈpɾɛ.sɐ/	[deˈpɾɛ.sɐ] 快点<副>
pergunta	/peʁˈɡũ.tɐ/	/peʁˈɡũ.tɐ/	[peʁˈɡũ.tɐ] 问题<名>
tirar	/t͡ʃiˈɾa(ʁ)/	/t͡ʃiˈɾa(ʁ)/	[t͡ʃiˈɾa(ʁ)] 带走<动>
pequeno	/piˈkẽ.nu/	/piˈkẽ.nu/	[piˈkẽ.nu] 小<名>
descobrir	/d͡ʒis.kuˈbɾi(ʁ)/	/d͡ʒis.kuˈbɾi(ʁ)/	[d͡ʒis.kuˈbɾi(ʁ)] 发现<动>
sala	/ˈsa.lɐ/	/ˈsa.lɐ/	[ˈsa.lɐ] 房间<名>
ah	/ˈa/	/ˈa/	[ˈa] 哦<叹>
telefone	/te.leˈfõ.ni/	/te.leˈfõ.ni/	[te.leˈfõ.ni] 电话<名>
trás	/ˈtɾa(j)s/	/ˈtɾa(j)s/	[ˈtɾa(j)s] 后面<名>
seis	/ˈsejs/	/ˈsejs/	[ˈsejs] 六<名>
culpa	/ˈkuw.pɐ/	/ˈkuw.pɐ/	[ˈkuw.pɐ] 内疚<名>
vos	/vus/	/vus/	[vus] 你<代>
exactamente	e.za.ta.ˈmẽ.tʃɪ	e.za.ta.ˈmẽ.tʃɪ	[e.za.ta.ˈmẽ.tʃɪ] 正是<副>
deixa	/ˈde(j).ʃɐ/	/ˈde(j).ʃɐ/	[ˈde(j).ʃɐ] 离开<名>
errado	/eˈʁa.du/	/eˈʁa.du/	[eˈʁa.du] 错误的<形>
vivo	/ˈvi.vu/	/ˈvi.vu/	[ˈvi.vu] 活着<形>
menina	/miˈnĩ.nɐ/	/miˈnĩ.nɐ/	[miˈnĩ.nɐ] 女孩<名>
casamento	/ka.zaˈmẽ.tu/	/ka.zaˈmẽ.tu/	[ka.zaˈmẽ.tu] 婚礼<名>
jack	/ˈd͡ʒɛ.ki/	/ˈd͡ʒɛ.ki/	[ˈd͡ʒɛ.ki] 杰克<名>
correr	/koˈʁe(ʁ)/	/koˈʁe(ʁ)/	[koˈʁe(ʁ)] 跑<动>
mudar	/muˈda(ʁ)/	/muˈda(ʁ)/	[muˈda(ʁ)] 改变<动>
paz	/ˈpa(j)s/	/ˈpa(j)s/	[ˈpa(j)s] 和平<名>
cama	/ˈkɐ̃.mɐ/	/ˈkɐ̃.mɐ/	[ˈkɐ̃.mɐ] 床<名>
gostar	/ɡosˈta(ʁ)/	/ɡosˈta(ʁ)/	[ɡosˈta(ʁ)] 喜欢<动>
sozinho	/ˌsɔˈzĩ.ɲu/	/ˌsɔˈzĩ.ɲu/	[ˌsɔˈzĩ.ɲu] 独自一人<形>
comida	/koˈmi.dɐ/	/koˈmi.dɐ/	[koˈmi.dɐ] 食物<名>
sequer	/siˈkɛ(ʁ)/	/siˈkɛ(ʁ)/	[siˈkɛ(ʁ)] 甚至没有<副>
falta	/ˈfaw.tɐ/	/ˈfaw.tɐ/	[ˈfaw.tɐ] 缺乏<名>
conhecer	/kõ.ɲeˈse(ʁ)/	/kõ.ɲeˈse(ʁ)/	[kõ.ɲeˈse(ʁ)] 见面<动>
bastante	/basˈtɐ̃.t͡ʃi/	/basˈtɐ̃.t͡ʃi/	[basˈtɐ̃.t͡ʃi] 相当<名>
provavelmente	/pɾoˌva.vewˈmẽ.t͡ʃi/	/pɾoˌva.vewˈmẽ.t͡ʃi/	[pɾoˌva.vewˈmẽ.t͡ʃi] 可能<副>
palavra	/paˈla.vɾɐ/	/paˈla.vɾɐ/	[paˈla.vɾɐ] 词<名>
demasiado	/de.ma.ziˈa.du/	/de.ma.ziˈa.du/	[de.ma.ziˈa.du] 太多了<形>
diferente	/d͡ʒi.feˈɾẽ.t͡ʃi/	/d͡ʒi.feˈɾẽ.t͡ʃi/	[d͡ʒi.feˈɾẽ.t͡ʃi] 不同的<形>
digo	/ˈd͡ʒi.ɡu/	/ˈd͡ʒi.ɡu/	[ˈd͡ʒi.ɡu] 我说<叹>
licença	/liˈsẽ.sɐ/	/liˈsẽ.sɐ/	[liˈsẽ.sɐ] 许可证<名>
demais	/d͡ʒiˈmajs/	/d͡ʒiˈmajs/	[d͡ʒiˈmajs] 太多了<形>
pagar	/paˈɡa(ʁ)/	/paˈɡa(ʁ)/	[paˈɡa(ʁ)] 付钱<动>
médico	/ˈmɛ.d͡ʒi.ku/	/ˈmɛ.d͡ʒi.ku/	[ˈmɛ.d͡ʒi.ku] 医生<名>
seguir	/seˈɡi(ʁ)/	/seˈɡi(ʁ)/	[seˈɡi(ʁ)] 关注<动>
local	/loˈkaw/	/loˈkaw/	[loˈkaw] 地点<名>
próprio	/ˈpɾɔ.pɾju/	/ˈpɾɔ.pɾju/	[ˈpɾɔ.pɾju] 拥有<形>
continuar	/kõ.t͡ʃi.nuˈa(ʁ)/	/kõ.t͡ʃi.nuˈa(ʁ)/	[kõ.t͡ʃi.nuˈa(ʁ)] 继续<动>
país	/paˈis/	/paˈis/	[paˈis] 国家<名>
forte	/ˈfɔʁ.t͡ʃi/	/ˈfɔʁ.t͡ʃi/	[ˈfɔʁ.t͡ʃi] 强<名>
partir	/paʁˈt͡ʃi(ʁ)/	/paʁˈt͡ʃi(ʁ)/	[paʁˈt͡ʃi(ʁ)] 离开<动>
prisão	/pɾiˈzɐ̃w̃/	/pɾiˈzɐ̃w̃/	[pɾiˈzɐ̃w̃] 监狱<名>
próximo	/ˈpɾɔ.si.mu/	/ˈpɾɔ.si.mu/	[ˈpɾɔ.si.mu] 下一个<名>
especial	/is.pe.siˈaw/	/is.pe.siˈaw/	[is.pe.siˈaw] 特别的<形>
livro	/ˈli.vɾu/	/ˈli.vɾu/	[ˈli.vɾu] 书<名>
oportunidade	/o.poʁ.tu.niˈda.d͡ʒi/	/o.poʁ.tu.niˈda.d͡ʒi/	[o.poʁ.tu.niˈda.d͡ʒi] 机会<名>
rei	/ˈʁej/	/ˈʁej/	[ˈʁej] 国王<名>
resto	/ˈʁɛs.tu/	/ˈʁɛs.tu/	[ˈʁɛs.tu] 休息<名>
ar	/ˈaʁ/	/ˈaʁ/	[ˈaʁ] 空气<名>
hospital	/os.piˈtaw/	/os.piˈtaw/	[os.piˈtaw] 医院<名>
sítio	/ˈsi.t͡ʃju/	/ˈsi.t͡ʃju/	[ˈsi.t͡ʃju] 站点<名>
ligar	/liˈɡa(ʁ)/	/liˈɡa(ʁ)/	[liˈɡa(ʁ)] 打电话<动>
porra	/ˈpo.ʁɐ/	/ˈpo.ʁɐ/	[ˈpo.ʁɐ] 他妈的<名>
irá	/iˈɾa/	/iˈɾa/	[iˈɾa] 会<名>
sentido	/sẽˈt͡ʃi.du/	/sẽˈt͡ʃi.du/	[sẽˈt͡ʃi.du] 感觉<名>
atenção	/a.tẽˈsɐ̃w̃/	/a.tẽˈsɐ̃w̃/	[a.tẽˈsɐ̃w̃] 关注<名>
direito	/d͡ʒiˈɾej.tu/	/d͡ʒiˈɾej.tu/	[d͡ʒiˈɾej.tu] 对<名>
café	/kaˈfɛ/	/kaˈfɛ/	[kaˈfɛ] 咖啡<名>
visto	/ˈvis.tu/	/ˈvis.tu/	[ˈvis.tu] 签证<名>
luz	/ˈlu(j)s/	/ˈlu(j)s/	[ˈlu(j)s] 光<名>
filme	/ˈfiw.mi/	/ˈfiw.mi/	[ˈfiw.mi] 电影<名>
músico	/ˈmu.zi.ku/	/ˈmu.zi.ku/	[ˈmu.zi.ku] 音乐家<名>
portanto	/poʁˈtɐ̃.tu/	/poʁˈtɐ̃.tu/	[poʁˈtɐ̃.tu] 因此<副>
pôr	/ˈpo(ʁ)/	/ˈpo(ʁ)/	[ˈpo(ʁ)] 把<动>
sexo	/ˈsɛk.su/	/ˈsɛk.su/	[ˈsɛk.su] 性别<名>
fogo	/ˈfo.ɡu/	/ˈfo.ɡu/	[ˈfo.ɡu] 火<名>
connosco	/kõˈnoʃ.ku/	/kõˈnoʃ.ku/	[kõˈnoʃ.ku] 和我们一起<副>
beber	/beˈbe(ʁ)/	/beˈbe(ʁ)/	[beˈbe(ʁ)] 喝<动>
mr	/ˈẽ.mi ˈɛ.ʁi/	/ˈẽ.mi ˈɛ.ʁi/	[ˈẽ.mi ˈɛ.ʁi] 先生<名>
tratar	/tɾaˈta(ʁ)/	/tɾaˈta(ʁ)/	[tɾaˈta(ʁ)] 对待<动>
ganhar	/ɡɐ̃ˈɲa(ʁ)/	/ɡɐ̃ˈɲa(ʁ)/	[ɡɐ̃ˈɲa(ʁ)] 赢<动>
ponto	/ˈpõ.tu/	/ˈpõ.tu/	[ˈpõ.tu] 点<名>
milhões	/miˈʎõj̃s/	/miˈʎõj̃s/	[miˈʎõj̃s] 百万<名>
manter	/mɐ̃ˈte(ʁ)/	/mɐ̃ˈte(ʁ)/	[mɐ̃ˈte(ʁ)] 保留<动>
rua	/ˈʁu.ɐ/	/ˈʁu.ɐ/	[ˈʁu.ɐ] 街道<名>
pé	/ˈpɛ/	/ˈpɛ/	[ˈpɛ] 脚<名>
miúdo	/miˈu.du/	/miˈu.du/	[miˈu.du] 孩子<名>
existir	/e.zisˈt͡ʃi(ʁ)/	/e.zisˈt͡ʃi(ʁ)/	[e.zisˈt͡ʃi(ʁ)] 存在<动>
arranjar	/a.ʁɐ̃ˈʒa(ʁ)/	/a.ʁɐ̃ˈʒa(ʁ)/	[a.ʁɐ̃ˈʒa(ʁ)] 安排<动>
dez	/ˈdɛ(j)s/	/ˈdɛ(j)s/	[ˈdɛ(j)s] 十<名>
último	/ˈuw.t͡ʃi.mu/	/ˈuw.t͡ʃi.mu/	[ˈuw.t͡ʃi.mu] 最后<形>
assassino	/a.saˈsĩ.nu/	/a.saˈsĩ.nu/	[a.saˈsĩ.nu] 杀手<名>
cedo	/ˈse.du/	/ˈse.du/	[ˈse.du] 早<副>
boca	/ˈbo.kɐ/	/ˈbo.kɐ/	[ˈbo.kɐ] 嘴<名>
boas	/ˈbo.ɐs/	/ˈbo.ɐs/	[ˈbo.ɐs] 好<叹>
acontece	/a.kõˈtɛ.si/	/a.kõˈtɛ.si/	[a.kõˈtɛ.si] 发生<叹>
jovem	/ˈʒɔ.vẽj̃/	/ˈʒɔ.vẽj̃/	[ˈʒɔ.vẽj̃] 年轻的<名>
preocupar	/pɾe.o.kuˈpa(ʁ)/	/pɾe.o.kuˈpa(ʁ)/	[pɾe.o.kuˈpa(ʁ)] 担心<动>
comprar	/kõˈpɾa(ʁ)/	/kõˈpɾa(ʁ)/	[kõˈpɾa(ʁ)] 买<动>
situação	/si.tu.aˈsɐ̃w̃/	/si.tu.aˈsɐ̃w̃/	[si.tu.aˈsɐ̃w̃] 情况<名>
esposo	/isˈpo.zu/	/isˈpo.zu/	[isˈpo.zu] 丈夫<名>
sistema	/sisˈtẽ.mɐ/	/sisˈtẽ.mɐ/	[sisˈtẽ.mɐ] 系统<名>
jogar	/ʒoˈɡa(ʁ)/	/ʒoˈɡa(ʁ)/	[ʒoˈɡa(ʁ)] 玩<动>
natal	/naˈtaw/	/naˈtaw/	[naˈtaw] 圣诞节<形>
capaz	/kaˈpa(j)s/	/kaˈpa(j)s/	[kaˈpa(j)s] 有能力的<形>
seguro	/siˈɡu.ɾu/	/siˈɡu.ɾu/	[siˈɡu.ɾu] 保险<名>
questão	/kesˈtɐ̃w̃/	/kesˈtɐ̃w̃/	[kesˈtɐ̃w̃] 问题<名>
relação	/ʁe.laˈsɐ̃w̃/	/ʁe.laˈsɐ̃w̃/	[ʁe.laˈsɐ̃w̃] 关系<名>
encontro	/ẽˈkõ.tɾu/	/ẽˈkõ.tɾu/	[ẽˈkõ.tɾu] 会议<名>
sob	/ˈso.bi/	/ˈso.bi/	[ˈso.bi] 下<介>
cão	/ˈkɐ̃w̃/	/ˈkɐ̃w̃/	[ˈkɐ̃w̃] 狗<名>
negócio	/neˈɡɔ.sju/	/neˈɡɔ.sju/	[neˈɡɔ.sju] 商业<名>
sinal	/siˈnaw/	/siˈnaw/	[siˈnaw] 标志<名>
linda	/ˈlĩ.dɐ/	/ˈlĩ.dɐ/	[ˈlĩ.dɐ] 美丽的<名>
facto	/ˈfak.tu/	/ˈfak.tu/	[ˈfak.tu] 事实<名>
mensagem	/mẽˈsa.ʒẽj̃/	/mẽˈsa.ʒẽj̃/	[mẽˈsa.ʒẽj̃] 留言<名>
apanhar	/a.pɐ̃ˈɲa(ʁ)/	/a.pɐ̃ˈɲa(ʁ)/	[a.pɐ̃ˈɲa(ʁ)] 抓住<动>
adoro	/aˈdɔ.ɾu/	/aˈdɔ.ɾu/	[aˈdɔ.ɾu] 我喜欢它<名>
crime	/ˈkɾĩ.mi/	/ˈkɾĩ.mi/	[ˈkɾĩ.mi] 犯罪<名>
banho	/ˈbɐ̃.ɲu/	/ˈbɐ̃.ɲu/	[ˈbɐ̃.ɲu] 洗澡<名>
chamada	/ʃaˈma.dɐ/	/ʃaˈma.dɐ/	[ʃaˈma.dɐ] 打电话<名>
finalmente	/fiˌnawˈmẽ.t͡ʃi/	/fiˌnawˈmẽ.t͡ʃi/	[fiˌnawˈmẽ.t͡ʃi] 最后<副>
novamente	/ˌnɔ.vaˈmẽ.t͡ʃi/	/ˌnɔ.vaˈmẽ.t͡ʃi/	[ˌnɔ.vaˈmẽ.t͡ʃi] 再次<副>
futuro	/fuˈtu.ɾu/	/fuˈtu.ɾu/	[fuˈtu.ɾu] 未来<名>
perguntar	/peʁ.ɡũˈta(ʁ)/	/peʁ.ɡũˈta(ʁ)/	[peʁ.ɡũˈta(ʁ)] 问<动>
notícias	/nuˈti.sjɐʃ/	/nuˈti.sjɐʃ/	[nuˈti.sjɐʃ] 新闻<名>
ambos	/ˈɐ̃.bus/	/ˈɐ̃.bus/	[ˈɐ̃.bus] 两者<代>
lhes	/ʎis/	/ʎis/	[ʎis] 他们<代>
chamar	/ʃaˈma(ʁ)/	/ʃaˈma(ʁ)/	[ʃaˈma(ʁ)] 打电话<动>
entender	/ẽ.tẽˈde(ʁ)/	/ẽ.tẽˈde(ʁ)/	[ẽ.tẽˈde(ʁ)] 明白<动>
cabelo	/kaˈbe.lu/	/kaˈbe.lu/	[kaˈbe.lu] 头发<名>
grupo	/ˈɡɾu.pu/	/ˈɡɾu.pu/	[ˈɡɾu.pu] 组<名>
doutor	/do(w)ˈtoʁ/	/do(w)ˈtoʁ/	[do(w)ˈtoʁ] 医生<名>
salvar	/sawˈva(ʁ)/	/sawˈva(ʁ)/	[sawˈva(ʁ)] 保存<动>
livre	/ˈli.vɾi/	/ˈli.vɾi/	[ˈli.vɾi] 免费<名>
viagem	/viˈa.ʒẽj̃/	/viˈa.ʒẽj̃/	[viˈa.ʒẽj̃] 旅行<名>
vontade	/võˈta.d͡ʒi/	/võˈta.d͡ʒi/	[võˈta.d͡ʒi] 会<名>
conversa	/kõˈvɛʁ.sɐ/	/kõˈvɛʁ.sɐ/	[kõˈvɛʁ.sɐ] 谈话<名>
fugir	/fuˈʒi(ʁ)/	/fuˈʒi(ʁ)/	[fuˈʒi(ʁ)] 逃跑<动>
lista	/ˈlis.tɐ/	/ˈlis.tɐ/	[ˈlis.tɐ] 列表<名>
lutar	/luˈta(ʁ)/	/luˈta(ʁ)/	[luˈta(ʁ)] 战斗<动>
escritório	/is.kɾiˈtɔ.ɾju/	/is.kɾiˈtɔ.ɾju/	[is.kɾiˈtɔ.ɾju] 办公室<名>
final	/fiˈnaw/	/fiˈnaw/	[fiˈnaw] 结束<名>
procurar	/pɾo.kuˈɾa(ʁ)/	/pɾo.kuˈɾa(ʁ)/	[pɾo.kuˈɾa(ʁ)] 搜索<动>
alto	/ˈaw.tu/	/ˈaw.tu/	[ˈaw.tu] 高<形>
interessar	/ĩ.te.ɾeˈsa(ʁ)/	/ĩ.te.ɾeˈsa(ʁ)/	[ĩ.te.ɾeˈsa(ʁ)] 兴趣<动>
bonito	/buˈni.tu/	/buˈni.tu/	[buˈni.tu] 美丽的<名>
chão	/ˈʃɐ̃w̃/	/ˈʃɐ̃w̃/	[ˈʃɐ̃w̃] 地板<名>
campo	/ˈkɐ̃.pu/	/ˈkɐ̃.pu/	[ˈkɐ̃.pu] 领域<名>
perfeito	/peʁˈfej.tu/	/peʁˈfej.tu/	[peʁˈfej.tu] 完美的<名>
tio	/ˈt͡ʃi.u/	/ˈt͡ʃi.u/	[ˈt͡ʃi.u] 叔叔<名>
dito	/ˈd͡ʒi.tu/	/ˈd͡ʒi.tu/	[ˈd͡ʒi.tu] 说<名>
respeito	/ʁesˈpej.tu/	/ʁesˈpej.tu/	[ʁesˈpej.tu] 尊重<名>
completamente	/kõˌplɛ.taˈmẽ.t͡ʃi/	/kõˌplɛ.taˈmẽ.t͡ʃi/	[kõˌplɛ.taˈmẽ.t͡ʃi] 完全<副>
vista	/ˈvis.tɐ/	/ˈvis.tɐ/	[ˈvis.tɐ] 查看<名>
breve	/ˈbɾɛ.vi/	/ˈbɾɛ.vi/	[ˈbɾɛ.vi] 简要<名>
melhorar	/me.ʎoˈɾa(ʁ)/	/me.ʎoˈɾa(ʁ)/	[me.ʎoˈɾa(ʁ)] 改善<动>
normal	/noʁˈmaw/	/noʁˈmaw/	[noʁˈmaw] 正常<形>
tom	/ˈtõ/	/ˈtõ/	[ˈtõ] 语气<名>
mesa	/ˈme.zɐ/	/ˈme.zɐ/	[ˈme.zɐ] 表<名>
preso	/ˈpɾe.zu/	/ˈpɾe.zu/	[ˈpɾe.zu] 被捕<名>
simples	/ˈsĩ.plis/	/ˈsĩ.plis/	[ˈsĩ.plis] 简单<形>
fixe	/ˈfi.ʃɨ/	/ˈfi.ʃɨ/	[ˈfi.ʃɨ] 酷<名>
emprego	/ẽˈpɾe.ɡu/	/ẽˈpɾe.ɡu/	[ẽˈpɾe.ɡu] 就业<名>
chama	/ˈʃɐ̃.mɐ/	/ˈʃɐ̃.mɐ/	[ˈʃɐ̃.mɐ] 打电话<名>
linha	/ˈlĩ.ɲɐ/	/ˈlĩ.ɲɐ/	[ˈlĩ.ɲɐ] 线<名>
real	/ʁeˈaw/	/ʁeˈaw/	[ʁeˈaw] 真实的<名>
nave	/ˈna.vi/	/ˈna.vi/	[ˈna.vi] 船<名>
assunto	/aˈsũ.tu/	/aˈsũ.tu/	[aˈsũ.tu] 主题<名>
vale	/ˈva.li/	/ˈva.li/	[ˈva.li] 值得<名>
ataque	/aˈta.ki/	/aˈta.ki/	[aˈta.ki] 攻击<名>
ai	/ˈaj/	/ˈaj/	[ˈaj] 哦<叹>
graças	/ˈɡɾa.sɐs/	/ˈɡɾa.sɐs/	[ˈɡɾa.sɐs] 谢谢<叹>
escolha	/isˈko.ʎɐ/	/isˈko.ʎɐ/	[isˈko.ʎɐ] 选择<名>
ordem	/ˈɔʁ.dẽj̃/	/ˈɔʁ.dẽj̃/	[ˈɔʁ.dẽj̃] 订单<名>
viva	/ˈvi.vɐ/	/ˈvi.vɐ/	[ˈvi.vɐ] 直播<名>
fundo	/ˈfũ.du/	/ˈfũ.du/	[ˈfũ.du] 背景<名>
doente	/duˈẽ.t͡ʃi/	/duˈẽ.t͡ʃi/	[duˈẽ.t͡ʃi] 生病了<名>
acidente	/a.siˈdẽ.t͡ʃi/	/a.siˈdẽ.t͡ʃi/	[a.siˈdẽ.t͡ʃi] 事故<名>
modo	/ˈmɔ.du/	/ˈmɔ.du/	[ˈmɔ.du] 模式<名>
provar	/pɾoˈva(ʁ)/	/pɾoˈva(ʁ)/	[pɾoˈva(ʁ)] 证明<动>
resposta	/ʁesˈpɔs.tɐ/	/ʁesˈpɔs.tɐ/	[ʁesˈpɔs.tɐ] 回答<名>
bocado	/boˈka.du/	/boˈka.du/	[boˈka.du] 满口的<名>
papá	/paˈpa/	/paˈpa/	[paˈpa] 爸爸<名>
avião	/a.viˈɐ̃w̃/	/a.viˈɐ̃w̃/	[a.viˈɐ̃w̃] 飞机<名>
vindo	/ˈvĩ.du/	/ˈvĩ.du/	[ˈvĩ.du] 来了<形>
após	/aˈpɔ(j)s/	/aˈpɔ(j)s/	[aˈpɔ(j)s] 之后<介>
erro	/ˈe.ʁu/	/ˈe.ʁu/	[ˈe.ʁu] 错误<名>
verdadeiro	/veʁ.daˈde(j).ɾu/	/veʁ.daˈde(j).ɾu/	[veʁ.daˈde(j).ɾu] 真实<形>
jesus	/ʒeˈzu(j)s/	/ʒeˈzu(j)s/	[ʒeˈzu(j)s] 耶稣<名>
idade	/iˈda.d͡ʒi/	/iˈda.d͡ʒi/	[iˈda.d͡ʒi] 年龄<名>
fizeram	/fiˈzɛ.ɾɐ̃w̃/	/fiˈzɛ.ɾɐ̃w̃/	[fiˈzɛ.ɾɐ̃w̃] 做了<动>
fantástico	/fɐ̃ˈtas.t͡ʃi.ku/	/fɐ̃ˈtas.t͡ʃi.ku/	[fɐ̃ˈtas.t͡ʃi.ku] 太棒了<形>
leva	/ˈlɛ.vɐ/	/ˈlɛ.vɐ/	[ˈlɛ.vɐ] 需要<名>
perceber	/peʁ.seˈbe(ʁ)/	/peʁ.seˈbe(ʁ)/	[peʁ.seˈbe(ʁ)] 意识到<动>
advogado	/a.d͡ʒi.voˈɡa.du/	/a.d͡ʒi.voˈɡa.du/	[a.d͡ʒi.voˈɡa.du] 律师<名>
espaço	/isˈpa.su/	/isˈpa.su/	[isˈpa.su] 空间<名>
serviço	/seʁˈvi.su/	/seʁˈvi.su/	[seʁˈvi.su] 服务<名>
missão	/miˈsɐ̃w̃/	/miˈsɐ̃w̃/	[miˈsɐ̃w̃] 使命<名>
ler	ler	ler	[ler] 读<名>
louco	/ˈlo(w).ku/	/ˈlo(w).ku/	[ˈlo(w).ku] 疯狂的<名>
nele	/ˈnɛ.li/	/ˈnɛ.li/	[ˈnɛ.li] 在其中<名>
lindo	/ˈlĩ.du/	/ˈlĩ.du/	[ˈlĩ.du] 美丽的<名>
informação	/ĩ.foʁ.maˈsɐ̃w̃/	/ĩ.foʁ.maˈsɐ̃w̃/	[ĩ.foʁ.maˈsɐ̃w̃] 信息<名>
abrir	/aˈbɾi(ʁ)/	/aˈbɾi(ʁ)/	[aˈbɾi(ʁ)] 打开<动>
mente	/ˈmẽ.t͡ʃi/	/ˈmẽ.t͡ʃi/	[ˈmẽ.t͡ʃi] 头脑<名>
programa	/pɾoˈɡɾɐ̃.mɐ/	/pɾoˈɡɾɐ̃.mɐ/	[pɾoˈɡɾɐ̃.mɐ] 节目<名>
veja	/ˈvɛ.ʒɐ/	/ˈvɛ.ʒɐ/	[ˈvɛ.ʒɐ] 看到<名>
sol	/ˈsɔw/	/ˈsɔw/	[ˈsɔw] 太阳<名>
simplesmente	/ˌsĩ.plizˈmẽ.t͡ʃi/	/ˌsĩ.plizˈmẽ.t͡ʃi/	[ˌsĩ.plizˈmẽ.t͡ʃi] 简单地<副>
caixa	/ˈka.ʃɐ/	/ˈka.ʃɐ/	[ˈka.ʃɐ] 盒子<名>
sete	/ˈsɛ.t͡ʃi/	/ˈsɛ.t͡ʃi/	[ˈsɛ.t͡ʃi] 七<名>
hotel	/oˈtɛw/	/oˈtɛw/	[oˈtɛw] 酒店<名>
incrível	/ĩˈkɾi.vew/	/ĩˈkɾi.vew/	[ĩˈkɾi.vew] 难以置信<形>
puta	/ˈpu.tɐ/	/ˈpu.tɐ/	[ˈpu.tɐ] 母狗<名>
amo	/ˈɐ̃.mu/	/ˈɐ̃.mu/	[ˈɐ̃.mu] 阿莫<名>
dor	/ˈdoʁ/	/ˈdoʁ/	[ˈdoʁ] 疼痛<名>
presente	/pɾeˈzẽ.t͡ʃi/	/pɾeˈzẽ.t͡ʃi/	[pɾeˈzẽ.t͡ʃi] 礼物<名>
carta	/ˈkaʁ.tɐ/	/ˈkaʁ.tɐ/	[ˈkaʁ.tɐ] 信<名>
governo	/ɡuˈveʁ.nu/	/ɡuˈveʁ.nu/	[ɡuˈveʁ.nu] 政府<名>
barco	/ˈbaʁ.ku/	/ˈbaʁ.ku/	[ˈbaʁ.ku] 船<名>
loja	/ˈlɔ.ʒɐ/	/ˈlɔ.ʒɐ/	[ˈlɔ.ʒɐ] 商店<名>
energia	/e.neʁˈʒi.ɐ/	/e.neʁˈʒi.ɐ/	[e.neʁˈʒi.ɐ] 能量<名>
pra	/pɾa/	/pɾa/	[pɾa] 为了<介>
vítima	/ˈvi.t͡ʃi.mɐ/	/ˈvi.t͡ʃi.mɐ/	[ˈvi.t͡ʃi.mɐ] 受害者<名>
roupa	/ˈʁo(w).pɐ/	/ˈʁo(w).pɐ/	[ˈʁo(w).pɐ] 衣服<名>
voz	/ˈvɔ(j)s/	/ˈvɔ(j)s/	[ˈvɔ(j)s] 声音<名>
trazer	/tɾaˈze(ʁ)/	/tɾaˈze(ʁ)/	[tɾaˈze(ʁ)] 带<动>
luta	/ˈlu.tɐ/	/ˈlu.tɐ/	[ˈlu.tɐ] 战斗<名>
câmara	/ˈkɐ̃.ma.ɾɐ/	/ˈkɐ̃.ma.ɾɐ/	[ˈkɐ̃.ma.ɾɐ] 相机<名>
fome	/ˈfõ.mi/	/ˈfõ.mi/	[ˈfõ.mi] 饥饿<名>
professor	/pɾo.feˈsoʁ/	/pɾo.feˈsoʁ/	[pɾo.feˈsoʁ] 老师<名>
estúpido	/isˈtu.pi.du/	/isˈtu.pi.du/	[isˈtu.pi.du] 愚蠢的<形>
mamã	/maˈmɐ̃/	/maˈmɐ̃/	[maˈmɐ̃] 妈妈<名>
hipótese	/iˈpɔ.te.zi/	/iˈpɔ.te.zi/	[iˈpɔ.te.zi] 假设<名>
telemóvel	/ˌtɛ.lɛˈmɔ.vɛl/	/ˌtɛ.lɛˈmɔ.vɛl/	[ˌtɛ.lɛˈmɔ.vɛl] 手机<名>
reunião	/ʁe.u.niˈɐ̃w̃/	/ʁe.u.niˈɐ̃w̃/	[ʁe.u.niˈɐ̃w̃] 会议<名>
prova	/ˈpɾɔ.vɐ/	/ˈpɾɔ.vɐ/	[ˈpɾɔ.vɐ] 证明<名>
casar	/kaˈza(ʁ)/	/kaˈza(ʁ)/	[kaˈza(ʁ)] 结婚<动>
general	/ʒe.neˈɾaw/	/ʒe.neˈɾaw/	[ʒe.neˈɾaw] 一般<名>
chamado	/ʃaˈma.du/	/ʃaˈma.du/	[ʃaˈma.du] 被称为<名>
exército	/eˈzɛʁ.si.tu/	/eˈzɛʁ.si.tu/	[eˈzɛʁ.si.tu] 军队<名>
através	/a.tɾaˈvɛ(j)s/	/a.tɾaˈvɛ(j)s/	[a.tɾaˈvɛ(j)s] 通过<副>
lei	/ˈlej/	/ˈlej/	[ˈlej] 法律<名>
banco	/ˈbɐ̃.ku/	/ˈbɐ̃.ku/	[ˈbɐ̃.ku] 银行<名>
disseram	/d͡ʒiˈsɛ.ɾɐ̃w̃/	/d͡ʒiˈsɛ.ɾɐ̃w̃/	[d͡ʒiˈsɛ.ɾɐ̃w̃] 他们说<动>
segunda	/seˈɡũ.dɐ/	/seˈɡũ.dɐ/	[seˈɡũ.dɐ] 第二<名>
tocar	/toˈka(ʁ)/	/toˈka(ʁ)/	[toˈka(ʁ)] 触摸<动>
tiro	/ˈt͡ʃi.ɾu/	/ˈt͡ʃi.ɾu/	[ˈt͡ʃi.ɾu] 射击<名>
quantos	/ˈkwɐ̃.tus/	/ˈkwɐ̃.tus/	[ˈkwɐ̃.tus] 有多少<限定>
crer	/ˈkɾe(ʁ)/	/ˈkɾe(ʁ)/	[ˈkɾe(ʁ)] 相信<动>
papel	/paˈpɛw/	/paˈpɛw/	[paˈpɛw] 纸<名>
sonho	/ˈsõ.ɲu/	/ˈsõ.ɲu/	[ˈsõ.ɲu] 梦想<名>
bar	/ˈbaʁ/	/ˈbaʁ/	[ˈbaʁ] 酒吧<名>
povo	/ˈpo.vu/	/ˈpo.vu/	[ˈpo.vu] 人<名>
cena	/ˈsẽ.nɐ/	/ˈsẽ.nɐ/	[ˈsẽ.nɐ] 场景<名>
tenente	/teˈnẽ.t͡ʃi/	/teˈnẽ.t͡ʃi/	[teˈnẽ.t͡ʃi] 中尉<名>
centro	/ˈsẽ.tɾu/	/ˈsẽ.tɾu/	[ˈsẽ.tɾu] 中心<名>
conversar	/kõ.veʁˈsa(ʁ)/	/kõ.veʁˈsa(ʁ)/	[kõ.veʁˈsa(ʁ)] 谈话<动>
teres	/ˈte.ɾis/	/ˈte.ɾis/	[ˈte.ɾis] 特雷斯<名>
nao	ˈnãʊ̃	ˈnãʊ̃	[ˈnãʊ̃] 不<名>
proteger	/pɾo.teˈʒe(ʁ)/	/pɾo.teˈʒe(ʁ)/	[pɾo.teˈʒe(ʁ)] 保护<动>
diabo	/d͡ʒiˈa.bu/	/d͡ʒiˈa.bu/	[d͡ʒiˈa.bu] 恶魔<名>
parabéns	/pa.ɾaˈbẽj̃s/	/pa.ɾaˈbẽj̃s/	[pa.ɾaˈbẽj̃s] 恭喜<名>
bebida	/beˈbi.dɐ/	/beˈbi.dɐ/	[beˈbi.dɐ] 喝<名>
aposto	/aˈpos.tu/	/aˈpos.tu/	[aˈpos.tu] 我打赌<名>
base	/ˈba.zi/	/ˈba.zi/	[ˈba.zi] 基地<名>
tradução	/tɾa.duˈsɐ̃w̃/	/tɾa.duˈsɐ̃w̃/	[tɾa.duˈsɐ̃w̃] 翻译<名>
excelente	/e.seˈlẽ.t͡ʃi/	/e.seˈlẽ.t͡ʃi/	[e.seˈlẽ.t͡ʃi] 优秀的<形>
comandante	/ko.mɐ̃ˈdɐ̃.t͡ʃi/	/ko.mɐ̃ˈdɐ̃.t͡ʃi/	[ko.mɐ̃ˈdɐ̃.t͡ʃi] 指挥官<名>
namorado	/na.moˈɾa.du/	/na.moˈɾa.du/	[na.moˈɾa.du] 男朋友<名>
empresa	/ẽˈpɾe.zɐ/	/ẽˈpɾe.zɐ/	[ẽˈpɾe.zɐ] 公司<名>
resolver	/ʁe.zowˈve(ʁ)/	/ʁe.zowˈve(ʁ)/	[ʁe.zowˈve(ʁ)] 解决<动>
metade	/meˈta.d͡ʒi/	/meˈta.d͡ʒi/	[meˈta.d͡ʒi] 一半<名>
impossível	/ĩ.poˈsi.vew/	/ĩ.poˈsi.vew/	[ĩ.poˈsi.vew] 不可能的<形>
lembrar	/lẽˈbɾa(ʁ)/	/lẽˈbɾa(ʁ)/	[lẽˈbɾa(ʁ)] 记住<动>
desaparecer	/de.za.pa.ɾeˈse(ʁ)/	/de.za.pa.ɾeˈse(ʁ)/	[de.za.pa.ɾeˈse(ʁ)] 消失<动>
interessante	/ĩ.te.ɾeˈsɐ̃.t͡ʃi/	/ĩ.te.ɾeˈsɐ̃.t͡ʃi/	[ĩ.te.ɾeˈsɐ̃.t͡ʃi] 有趣的<名>
acercar	/a.seʁˈka(ʁ)/	/a.seʁˈka(ʁ)/	[a.seʁˈka(ʁ)] 方法<动>
cair	/kaˈi(ʁ)/	/kaˈi(ʁ)/	[kaˈi(ʁ)] 秋天<动>
engraçado	/ẽ.ɡɾaˈsa.du/	/ẽ.ɡɾaˈsa.du/	[ẽ.ɡɾaˈsa.du] 有趣的<形>
belo	/ˈbɛ.lu/	/ˈbɛ.lu/	[ˈbɛ.lu] 美丽的<形>
mentir	/mẽˈt͡ʃi(ʁ)/	/mẽˈt͡ʃi(ʁ)/	[mẽˈt͡ʃi(ʁ)] 谎言<动>
costas	/ˈkɔs.tɐs/	/ˈkɔs.tɐs/	[ˈkɔs.tɐs] 回来<名>
chave	/ˈʃa.vi/	/ˈʃa.vi/	[ˈʃa.vi] 钥匙<名>
divertido	/d͡ʒi.veʁˈt͡ʃi.du/	/d͡ʒi.veʁˈt͡ʃi.du/	[d͡ʒi.veʁˈt͡ʃi.du] 有趣<形>
juro	/ˈʒu.ɾu/	/ˈʒu.ɾu/	[ˈʒu.ɾu] 我发誓<名>
escrever	/is.kɾeˈve(ʁ)/	/is.kɾeˈve(ʁ)/	[is.kɾeˈve(ʁ)] 写<动>
piada	/piˈa.dɐ/	/piˈa.dɐ/	[piˈa.dɐ] 笑话<名>
oito	/ˈoj.tu/	/ˈoj.tu/	[ˈoj.tu] 八<名>
passada	/paˈsa.dɐ/	/paˈsa.dɐ/	[paˈsa.dɐ] 过去<名>
guarda	/ˈɡwaʁ.dɐ/	/ˈɡwaʁ.dɐ/	[ˈɡwaʁ.dɐ] 守卫<名>
controlo	/kõˈtɾo.lu/	/kõˈtɾo.lu/	[kõˈtɾo.lu] 控制<名>
apartamento	/a.paʁ.taˈmẽ.tu/	/a.paʁ.taˈmẽ.tu/	[a.paʁ.taˈmẽ.tu] 公寓<名>
segredo	/seˈɡɾe.du/	/seˈɡɾe.du/	[seˈɡɾe.du] 秘密<名>
decisão	/de.siˈzɐ̃w̃/	/de.siˈzɐ̃w̃/	[de.siˈzɐ̃w̃] 决定<名>
funcionar	/fũ.si.oˈna(ʁ)/	/fũ.si.oˈna(ʁ)/	[fũ.si.oˈna(ʁ)] 工作<动>
posição	/po.ziˈsɐ̃w̃/	/po.ziˈsɐ̃w̃/	[po.ziˈsɐ̃w̃] 位置<名>
surpresa	/suʁˈpɾe.zɐ/	/suʁˈpɾe.zɐ/	[suʁˈpɾe.zɐ] 惊喜<名>
cerca	/ˈseʁ.kɐ/	/ˈseʁ.kɐ/	[ˈseʁ.kɐ] 栅栏<名>
céu	/ˈsɛw/	/ˈsɛw/	[ˈsɛw] 天空<名>
cabo	/ˈka.bu/	/ˈka.bu/	[ˈka.bu] 电缆<名>
receber	/ʁe.seˈbe(ʁ)/	/ʁe.seˈbe(ʁ)/	[ʁe.seˈbe(ʁ)] 收到<动>
motivo	/moˈt͡ʃi.vu/	/moˈt͡ʃi.vu/	[moˈt͡ʃi.vu] 原因<名>
imediatamente	/i.me.d͡ʒiˌa.taˈmẽ.t͡ʃi/	/i.me.d͡ʒiˌa.taˈmẽ.t͡ʃi/	[i.me.d͡ʒiˌa.taˈmẽ.t͡ʃi] 立即<副>
passo	/ˈpa.su/	/ˈpa.su/	[ˈpa.su] 步骤<名>
tribunal	/tɾi.buˈnaw/	/tɾi.buˈnaw/	[tɾi.buˈnaw] 法庭<名>
contacto	/kõˈtak.tu/	/kõˈtak.tu/	[kõˈtak.tu] 联系方式<名>
ora	/ˈɔ.ɾɐ/	/ˈɔ.ɾɐ/	[ˈɔ.ɾɐ] 现在<副>
ótimo	/ˈɔ.t͡ʃi.mu/	/ˈɔ.t͡ʃi.mu/	[ˈɔ.t͡ʃi.mu] 太棒了<名>
bolas	/ˈbɔ.lɐs/	/ˈbɔ.lɐs/	[ˈbɔ.lɐs] 球<叹>
inferno	/ĩˈfɛʁ.nu/	/ĩˈfɛʁ.nu/	[ĩˈfɛʁ.nu] 地狱<名>
estrada	/isˈtɾa.dɐ/	/isˈtɾa.dɐ/	[isˈtɾa.dɐ] 路<名>
cheio	/ˈʃej.u/	/ˈʃej.u/	[ˈʃej.u] 满<形>
companhia	/kõ.pɐ̃ˈɲi.ɐ/	/kõ.pɐ̃ˈɲi.ɐ/	[kõ.pɐ̃ˈɲi.ɐ] 公司<名>
horrível	/oˈʁi.vew/	/oˈʁi.vew/	[oˈʁi.vew] 可怕的<形>
escuta	/isˈku.tɐ/	/isˈku.tɐ/	[isˈku.tɐ] 听<名>
saída	/saˈi.dɐ/	/saˈi.dɐ/	[saˈi.dɐ] 退出<名>
norte	/ˈnɔʁ.t͡ʃi/	/ˈnɔʁ.t͡ʃi/	[ˈnɔʁ.t͡ʃi] 北<名>
explicar	/is.pliˈka(ʁ)/	/is.pliˈka(ʁ)/	[is.pliˈka(ʁ)] 解释一下<动>
aprender	/a.pɾẽˈde(ʁ)/	/a.pɾẽˈde(ʁ)/	[a.pɾẽˈde(ʁ)] 学习<动>
quente	/ˈkẽ.t͡ʃi/	/ˈkẽ.t͡ʃi/	[ˈkẽ.t͡ʃi] 热<形>
esquecer	/is.keˈse(ʁ)/	/is.keˈse(ʁ)/	[is.keˈse(ʁ)] 忘记<动>
prometer	/pɾo.meˈte(ʁ)/	/pɾo.meˈte(ʁ)/	[pɾo.meˈte(ʁ)] 承诺<动>
saia	/ˈsaj.ɐ/	/ˈsaj.ɐ/	[ˈsaj.ɐ] 裙子<名>
padre	/ˈpa.dɾi/	/ˈpa.dɾi/	[ˈpa.dɾi] 牧师<名>
detective			侦探<名>
ouros	/ˈo(w).ɾus/	/ˈo(w).ɾus/	[ˈo(w).ɾus] 钻石<名>
perigo	/peˈɾi.ɡu/	/peˈɾi.ɡu/	[peˈɾi.ɡu] 危险<名>
falou	/faˈlo(w)/	/faˈlo(w)/	[faˈlo(w)] 发言<叹>
coronel	/ko.ɾoˈnɛw/	/ko.ɾoˈnɛw/	[ko.ɾoˈnɛw] 上校<名>
alma	/ˈaw.mɐ/	/ˈaw.mɐ/	[ˈaw.mɐ] 灵魂<名>
vestido	/vesˈt͡ʃi.du/	/vesˈt͡ʃi.du/	[vesˈt͡ʃi.du] 连衣裙<名>
planeta	/plaˈne.tɐ/	/plaˈne.tɐ/	[plaˈne.tɐ] 行星<名>
máquina	/ˈma.ki.nɐ/	/ˈma.ki.nɐ/	[ˈma.ki.nɐ] 机器<名>
maioria	/maj.oˈɾi.ɐ/	/maj.oˈɾi.ɐ/	[maj.oˈɾi.ɐ] 多数<名>
debaixo	/d͡ʒiˈbaj.ʃu/	/d͡ʒiˈbaj.ʃu/	[d͡ʒiˈbaj.ʃu] 在下面<副>
esquerda	/isˈkeʁ.dɐ/	/isˈkeʁ.dɐ/	[isˈkeʁ.dɐ] 左<名>
avó	/aˈvɔ/	/aˈvɔ/	[aˈvɔ] 祖母<名>
confiar	/kõ.fiˈa(ʁ)/	/kõ.fiˈa(ʁ)/	[kõ.fiˈa(ʁ)] 信任<动>
destino	/desˈt͡ʃĩ.nu/	/desˈt͡ʃĩ.nu/	[desˈt͡ʃĩ.nu] 目的地<名>
contente	/kõˈtẽ.t͡ʃi/	/kõˈtẽ.t͡ʃi/	[kõˈtẽ.t͡ʃi] 快乐<形>
frio	/ˈfɾi.u/	/ˈfɾi.u/	[ˈfɾi.u] 冷<名>
lidar	/liˈda(ʁ)/	/liˈda(ʁ)/	[liˈda(ʁ)] 交易<动>
regras	ˈxɛ.gɾəs	ˈxɛ.gɾəs	[ˈxɛ.gɾəs] 规则<名>
homicídio	/o.miˈsi.d͡ʒju/	/o.miˈsi.d͡ʒju/	[o.miˈsi.d͡ʒju] 凶杀案<名>
aonde	/aˈõ.d͡ʒi/	/aˈõ.d͡ʒi/	[aˈõ.d͡ʒi] 哪里<副>
gajo	/ˈɡa.ʒu/	/ˈɡa.ʒu/	[ˈɡa.ʒu] 老兄<名>
aniversário	/a.ni.veʁˈsa.ɾju/	/a.ni.veʁˈsa.ɾju/	[a.ni.veʁˈsa.ɾju] 生日<名>
igreja	/iˈɡɾe.ʒɐ/	/iˈɡɾe.ʒɐ/	[iˈɡɾe.ʒɐ] 教堂<名>
sul	/ˈsuw/	/ˈsuw/	[ˈsuw] 南<名>
compreender	/kõ.pɾe.ẽˈde(ʁ)/	/kõ.pɾe.ẽˈde(ʁ)/	[kõ.pɾe.ẽˈde(ʁ)] 明白<动>
carne	/ˈkaʁ.ni/	/ˈkaʁ.ni/	[ˈkaʁ.ni] 肉<名>
vender	/vẽˈde(ʁ)/	/vẽˈde(ʁ)/	[vẽˈde(ʁ)] 卖<动>
abaixo	/aˈbaj.ʃu/	/aˈbaj.ʃu/	[aˈbaj.ʃu] 下面<副>
direita	/d͡ʒiˈɾej.tɐ/	/d͡ʒiˈɾej.tɐ/	[d͡ʒiˈɾej.tɐ] 对<名>
liberdade	/li.beʁˈda.d͡ʒi/	/li.beʁˈda.d͡ʒi/	[li.beʁˈda.d͡ʒi] 自由<名>
cavalo	/kaˈva.lu/	/kaˈva.lu/	[kaˈva.lu] 马<名>
droga	/ˈdɾɔ.ɡɐ/	/ˈdɾɔ.ɡɐ/	[ˈdɾɔ.ɡɐ] 药物<名>
área	/ˈa.ɾjɐ/	/ˈa.ɾjɐ/	[ˈa.ɾjɐ] 面积<名>
triste	/ˈtɾis.t͡ʃi/	/ˈtɾis.t͡ʃi/	[ˈtɾis.t͡ʃi] 悲伤<形>
bomba	/ˈbõ.bɐ/	/ˈbõ.bɐ/	[ˈbõ.bɐ] 炸弹<名>
espécie	/isˈpɛ.s(j)i/	/isˈpɛ.s(j)i/	[isˈpɛ.s(j)i] 物种<名>
cérebro	/ˈsɛ.ɾe.bɾu/	/ˈsɛ.ɾe.bɾu/	[ˈsɛ.ɾe.bɾu] 大脑<名>
henry	/ˈẽ.ʁi/	/ˈẽ.ʁi/	[ˈẽ.ʁi] 亨利<名>
contrário	/kõˈtɾa.ɾju/	/kõˈtɾa.ɾju/	[kõˈtɾa.ɾju] 相反<形>
cerveja	/seʁˈve.ʒɐ/	/seʁˈve.ʒɐ/	[seʁˈve.ʒɐ] 啤酒<名>
experiência	/is.pe.ɾiˈẽ.sjɐ/	/is.pe.ɾiˈẽ.sjɐ/	[is.pe.ɾiˈẽ.sjɐ] 经验<名>
diferença	/d͡ʒi.feˈɾẽ.sɐ/	/d͡ʒi.feˈɾẽ.sɐ/	[d͡ʒi.feˈɾẽ.sɐ] 差异<名>
animal	/a.niˈmaw/	/a.niˈmaw/	[a.niˈmaw] 动物<名>
humano	/uˈmɐ̃.nu/	/uˈmɐ̃.nu/	[uˈmɐ̃.nu] 人类的<名>
branco	/ˈbɾɐ̃.ku/	/ˈbɾɐ̃.ku/	[ˈbɾɐ̃.ku] 白色<名>
honra	/ˈõ.ʁɐ/	/ˈõ.ʁɐ/	[ˈõ.ʁɐ] 荣誉<名>
mandar	/mɐ̃ˈda(ʁ)/	/mɐ̃ˈda(ʁ)/	[mɐ̃ˈda(ʁ)] 发送<动>
esperança	/is.peˈɾɐ̃.sɐ/	/is.peˈɾɐ̃.sɐ/	[is.peˈɾɐ̃.sɐ] 希望<名>
sentar	/sẽˈta(ʁ)/	/sẽˈta(ʁ)/	[sẽˈta(ʁ)] 坐<动>
falo	/ˈfa.lu/	/ˈfa.lu/	[ˈfa.lu] 我说话<名>
acaso	/aˈka.zu/	/aˈka.zu/	[aˈka.zu] 机会<名>
saúde	/saˈu.d͡ʒi/	/saˈu.d͡ʒi/	[saˈu.d͡ʒi] 健康<名>
perigoso	/pe.ɾiˈɡo.zu/	/pe.ɾiˈɡo.zu/	[pe.ɾiˈɡo.zu] 危险的<形>
inteligente	/ĩ.te.liˈʒẽ.t͡ʃi/	/ĩ.te.liˈʒẽ.t͡ʃi/	[ĩ.te.liˈʒẽ.t͡ʃi] 聪明的<形>
paul	/paˈuw/	/paˈuw/	[paˈuw] 保罗<名>
público	/ˈpu.bli.ku/	/ˈpu.bli.ku/	[ˈpu.bli.ku] 公开的<名>
teste	/ˈtɛs.t͡ʃi/	/ˈtɛs.t͡ʃi/	[ˈtɛs.t͡ʃi] 测试<名>
bola	/ˈbɔ.lɐ/	/ˈbɔ.lɐ/	[ˈbɔ.lɐ] 球<名>
cliente	/kliˈẽ.t͡ʃi/	/kliˈẽ.t͡ʃi/	[kliˈẽ.t͡ʃi] 顾客<名>
roubar	/ʁo(w)ˈba(ʁ)/	/ʁo(w)ˈba(ʁ)/	[ʁo(w)ˈba(ʁ)] 偷<动>
mar	/ˈmaʁ/	/ˈmaʁ/	[ˈmaʁ] 海<名>
dançar	/dɐ̃ˈsa(ʁ)/	/dɐ̃ˈsa(ʁ)/	[dɐ̃ˈsa(ʁ)] 跳舞<动>
suspeito	/susˈpej.tu/	/susˈpej.tu/	[susˈpej.tu] 嫌疑人<名>
suposto	/suˈpos.tu/	/suˈpos.tu/	[suˈpos.tu] 假设<名>
risco	/ˈʁis.ku/	/ˈʁis.ku/	[ˈʁis.ku] 风险<名>
bater	/baˈte(ʁ)/	/baˈte(ʁ)/	[baˈte(ʁ)] 击败<动>
tiveste	/t͡ʃiˈvɛs.t͡ʃi/	/t͡ʃiˈvɛs.t͡ʃi/	[t͡ʃiˈvɛs.t͡ʃi] 你有<动>
nível	/ˈni.vew/	/ˈni.vew/	[ˈni.vew] 水平<名>
rainha	/ʁaˈĩ.ɲɐ/	/ʁaˈĩ.ɲɐ/	[ʁaˈĩ.ɲɐ] 女王<名>
aceitar	/a.sejˈta(ʁ)/	/a.sejˈta(ʁ)/	[a.sejˈta(ʁ)] 接受<动>
clube	/ˈklu.bi/	/ˈklu.bi/	[ˈklu.bi] 俱乐部<名>
pobre	/ˈpɔ.bɾi/	/ˈpɔ.bɾi/	[ˈpɔ.bɾi] 穷<名>
mestre	/ˈmɛs.tɾi/	/ˈmɛs.tɾi/	[ˈmɛs.tɾi] 大师<名>
conselho	/kõˈse.ʎu/	/kõˈse.ʎu/	[kõˈse.ʎu] 建议<名>
perdeu	/peʁˈdew/	/peʁˈdew/	[peʁˈdew] 迷失了<叹>
serão	/seˈɾɐ̃w̃/	/seˈɾɐ̃w̃/	[seˈɾɐ̃w̃] 将是<名>
apesar	/a.peˈza(ʁ)/	/a.peˈza(ʁ)/	[a.peˈza(ʁ)] 尽管<副>
computador	/kõ.pu.taˈdoʁ/	/kõ.pu.taˈdoʁ/	[kõ.pu.taˈdoʁ] 电脑<名>
alvo	/ˈaw.vu/	/ˈaw.vu/	[ˈaw.vu] 目标<名>
aparecer	/a.pa.ɾeˈse(ʁ)/	/a.pa.ɾeˈse(ʁ)/	[a.pa.ɾeˈse(ʁ)] 出现<动>
investigação	/ĩ.ves.t͡ʃi.ɡaˈsɐ̃w̃/	/ĩ.ves.t͡ʃi.ɡaˈsɐ̃w̃/	[ĩ.ves.t͡ʃi.ɡaˈsɐ̃w̃] 调查<名>
entrada	/ẽˈtɾa.dɐ/	/ẽˈtɾa.dɐ/	[ẽˈtɾa.dɐ] 条目<名>
janela	/ʒaˈnɛ.lɐ/	/ʒaˈnɛ.lɐ/	[ʒaˈnɛ.lɐ] 窗户<名>
dúvida	/ˈdu.vi.dɐ/	/ˈdu.vi.dɐ/	[ˈdu.vi.dɐ] 怀疑<名>
nick	/ˈni.ki/	/ˈni.ki/	[ˈni.ki] 尼克<名>
realidade	/ʁe.a.liˈda.d͡ʒi/	/ʁe.a.liˈda.d͡ʒi/	[ʁe.a.liˈda.d͡ʒi] 现实<名>
código	/ˈkɔ.d͡ʒi.ɡu/	/ˈkɔ.d͡ʒi.ɡu/	[ˈkɔ.d͡ʒi.ɡu] 代码<名>
zona	/ˈzõ.nɐ/	/ˈzõ.nɐ/	[ˈzõ.nɐ] 区<名>
longo	/ˈlõ.ɡu/	/ˈlõ.ɡu/	[ˈlõ.ɡu] 长<形>
totalmente	/toˌtawˈmẽ.t͡ʃi/	/toˌtawˈmẽ.t͡ʃi/	[toˌtawˈmẽ.t͡ʃi] 完全地<副>
propósito	/pɾoˈpɔ.zi.tu/	/pɾoˈpɔ.zi.tu/	[pɾoˈpɔ.zi.tu] 目的<名>
avô	/aˈvo/	/aˈvo/	[aˈvo] 祖父<名>
ligação	/li.ɡaˈsɐ̃w̃/	/li.ɡaˈsɐ̃w̃/	[li.ɡaˈsɐ̃w̃] 链接<名>
meia	/ˈmej.ɐ/	/ˈmej.ɐ/	[ˈmej.ɐ] 袜子<名>
basta	/ˈbas.tɐ/	/ˈbas.tɐ/	[ˈbas.tɐ] 够了<叹>
seguinte	/si.ɡĩˈt͡ʃi/	/si.ɡĩˈt͡ʃi/	[si.ɡĩˈt͡ʃi] 下一个<名>
menino	/miˈnĩ.nu/	/miˈnĩ.nu/	[miˈnĩ.nu] 男孩<名>
esconder	/is.kõˈde(ʁ)/	/is.kõˈde(ʁ)/	[is.kõˈde(ʁ)] 隐藏<动>
criar	/kɾiˈa(ʁ)/	/kɾiˈa(ʁ)/	[kɾiˈa(ʁ)] 创造<动>
afinal	/a.fiˈnaw/	/a.fiˈnaw/	[a.fiˈnaw] 毕竟<副>
colocar	/ko.loˈka(ʁ)/	/ko.loˈka(ʁ)/	[ko.loˈka(ʁ)] 把<动>
dê	/ˈde/	/ˈde/	[ˈde] 给予<名>
calhar	/kaˈʎa(ʁ)/	/kaˈʎa(ʁ)/	[kaˈʎa(ʁ)] 方便<动>
loucura	/lo(w)ˈku.ɾɐ/	/lo(w)ˈku.ɾɐ/	[lo(w)ˈku.ɾɐ] 疯狂<名>
sargento	/saʁˈʒẽ.tu/	/saʁˈʒẽ.tu/	[saʁˈʒẽ.tu] 中士<名>
foto	/ˈfɔ.tu/	/ˈfɔ.tu/	[ˈfɔ.tu] 照片<名>
tira	/ˈt͡ʃi.ɾɐ/	/ˈt͡ʃi.ɾɐ/	[ˈt͡ʃi.ɾɐ] 条带<名>
verificar	/ve.ɾi.fiˈka(ʁ)/	/ve.ɾi.fiˈka(ʁ)/	[ve.ɾi.fiˈka(ʁ)] 检查<动>
terrível	/teˈʁi.vew/	/teˈʁi.vew/	[teˈʁi.vew] 可怕的<形>
monte	/ˈmõ.t͡ʃi/	/ˈmõ.t͡ʃi/	[ˈmõ.t͡ʃi] 安装<名>
pedido	/peˈd͡ʒi.du/	/peˈd͡ʒi.du/	[peˈd͡ʒi.du] 订单<名>
chorar	/ʃoˈɾa(ʁ)/	/ʃoˈɾa(ʁ)/	[ʃoˈɾa(ʁ)] 哭<动>
céus	/ˈsɛws/	/ˈsɛws/	[ˈsɛws] 天堂<叹>
preocupado	/pɾew.kuˈpa.du/	/pɾew.kuˈpa.du/	[pɾew.kuˈpa.du] 担心<形>
vós	/ˈvɔ(j)s/	/ˈvɔ(j)s/	[ˈvɔ(j)s] 你<代>
exemplo	/eˈzẽ.plu/	/eˈzẽ.plu/	[eˈzẽ.plu] 例子<名>
rio	/ˈʁi.u/	/ˈʁi.u/	[ˈʁi.u] 河<名>
liga	/ˈli.ɡɐ/	/ˈli.ɡɐ/	[ˈli.ɡɐ] 联赛<名>
jeito	/ˈʒej.tu/	/ˈʒej.tu/	[ˈʒej.tu] 方式<名>
oficial	/o.fi.siˈaw/	/o.fi.siˈaw/	[o.fi.siˈaw] 官方<名>
odiar	/o.d͡ʒiˈa(ʁ)/	/o.d͡ʒiˈa(ʁ)/	[o.d͡ʒiˈa(ʁ)] 讨厌<动>
início	/iˈni.sju/	/iˈni.sju/	[iˈni.sju] 开始<名>
enorme	/eˈnɔʁ.mi/	/eˈnɔʁ.mi/	[eˈnɔʁ.mi] 巨大的<形>
televisão	/te.le.viˈzɐ̃w̃/	/te.le.viˈzɐ̃w̃/	[te.le.viˈzɐ̃w̃] 电视<名>
supor	/suˈpoʁ/	/suˈpoʁ/	[suˈpoʁ] 假设<动>
socorro	/soˈko.ʁu/	/soˈko.ʁu/	[soˈko.ʁu] 帮助<名>
dado	/ˈda.du/	/ˈda.du/	[ˈda.du] 给定<名>
responsável	/ʁes.põˈsa.vew/	/ʁes.põˈsa.vew/	[ʁes.põˈsa.vew] 负责的<名>
repente	/ʁeˈpẽ.t͡ʃi/	/ʁeˈpẽ.t͡ʃi/	[ʁeˈpẽ.t͡ʃi] 突然<名>
percebe	/peʁˈse.bi/	/peʁˈse.bi/	[peʁˈse.bi] 意识到<名>
acima	/aˈsĩ.mɐ/	/aˈsĩ.mɐ/	[aˈsĩ.mɐ] 上面<副>
foda-se	/ˈfo.dɐ.si/	/ˈfo.dɐ.si/	[ˈfo.dɐ.si] 操你<叹>
almoço	/awˈmo.su/	/awˈmo.su/	[awˈmo.su] 午餐<名>
xerife	/ʃeˈɾi.fi/	/ʃeˈɾi.fi/	[ʃeˈɾi.fi] 警长<名>
cartão	/kaʁˈtɐ̃w̃/	/kaʁˈtɐ̃w̃/	[kaʁˈtɐ̃w̃] 卡<名>
cozinha	/kuˈzĩ.ɲɐ/	/kuˈzĩ.ɲɐ/	[kuˈzĩ.ɲɐ] 厨房<名>
metro	/ˈmɛ.tɾu/	/ˈmɛ.tɾu/	[ˈmɛ.tɾu] 米<名>
negro	/ˈne.ɡɾu/	/ˈne.ɡɾu/	[ˈne.ɡɾu] 黑色<名>
operação	/o.pe.ɾaˈsɐ̃w̃/	/o.pe.ɾaˈsɐ̃w̃/	[o.pe.ɾaˈsɐ̃w̃] 操作<名>
preço	/ˈpɾe.su/	/ˈpɾe.su/	[ˈpɾe.su] 价格<名>
pele	/ˈpɛ.li/	/ˈpɛ.li/	[ˈpɛ.li] 皮肤<名>
diabos	/d͡ʒiˈa.bus/	/d͡ʒiˈa.bus/	[d͡ʒiˈa.bus] 地狱<叹>
principal	/pɾĩ.siˈpaw/	/pɾĩ.siˈpaw/	[pɾĩ.siˈpaw] 主要<名>
justo	/ˈʒus.tu/	/ˈʒus.tu/	[ˈʒus.tu] 公平<形>
chá	/ˈʃa/	/ˈʃa/	[ˈʃa] 茶<名>
vinho	/ˈvĩ.ɲu/	/ˈvĩ.ɲu/	[ˈvĩ.ɲu] 酒<名>
lixo	/ˈli.ʃu/	/ˈli.ʃu/	[ˈli.ʃu] 垃圾<名>
relatório	/ʁe.laˈtɔ.ɾju/	/ʁe.laˈtɔ.ɾju/	[ʁe.laˈtɔ.ɾju] 报告<名>
necessário	/ne.seˈsa.ɾju/	/ne.seˈsa.ɾju/	[ne.seˈsa.ɾju] 必要的<形>
alta	/ˈaw.tɐ/	/ˈaw.tɐ/	[ˈaw.tɐ] 高<名>
par	/ˈpaʁ/	/ˈpaʁ/	[ˈpaʁ] 一对<名>
perdido	/peʁˈd͡ʒi.du/	/peʁˈd͡ʒi.du/	[peʁˈd͡ʒi.du] 迷失了<形>
imenso	/iˈmẽ.su/	/iˈmẽ.su/	[iˈmẽ.su] 巨大的<形>
defesa	/deˈfe.zɐ/	/deˈfe.zɐ/	[deˈfe.zɐ] 防御<名>
laboratório	/la.bo.ɾaˈtɔ.ɾju/	/la.bo.ɾaˈtɔ.ɾju/	[la.bo.ɾaˈtɔ.ɾju] 实验室<名>
comando	/koˈmɐ̃.du/	/koˈmɐ̃.du/	[koˈmɐ̃.du] 命令<名>
tia	/ˈt͡ʃi.ɐ/	/ˈt͡ʃi.ɐ/	[ˈt͡ʃi.ɐ] 阿姨<名>
maravilhoso	/ma.ɾa.viˈʎo.zu/	/ma.ɾa.viˈʎo.zu/	[ma.ɾa.viˈʎo.zu] 太棒了<形>
fotografia	/fo.to.ɡɾaˈfi.ɐ/	/fo.to.ɡɾaˈfi.ɐ/	[fo.to.ɡɾaˈfi.ɐ] 摄影<名>
ilha	/ˈi.ʎɐ/	/ˈi.ʎɐ/	[ˈi.ʎɐ] 岛<名>
subir	/suˈbi(ʁ)/	/suˈbi(ʁ)/	[suˈbi(ʁ)] 上升<动>
opinião	/o.pi.niˈɐ̃w̃/	/o.pi.niˈɐ̃w̃/	[o.pi.niˈɐ̃w̃] 意见<名>
terminar	/teʁ.miˈna(ʁ)/	/teʁ.miˈna(ʁ)/	[teʁ.miˈna(ʁ)] 完成<动>
acesso	/aˈsɛ.su/	/aˈsɛ.su/	[aˈsɛ.su] 访问<名>
fato	/ˈfa.tu/	/ˈfa.tu/	[ˈfa.tu] 事实<名>
braço	/ˈbɾa.su/	/ˈbɾa.su/	[ˈbɾa.su] 手臂<名>
saco	/ˈsa.ku/	/ˈsa.ku/	[ˈsa.ku] 包<名>
desejo	/deˈze.ʒu/	/deˈze.ʒu/	[deˈze.ʒu] 欲望<名>
senão	/seˈnɐ̃w̃/	/seˈnɐ̃w̃/	[seˈnɐ̃w̃] 否则<名>
pá	/ˈpa/	/ˈpa/	[ˈpa] 铲子<名>
série	/ˈsɛ.ɾi/	/ˈsɛ.ɾi/	[ˈsɛ.ɾi] 系列<名>
comboio	/kõˈboj.u/	/kõˈboj.u/	[kõˈboj.u] 火车<名>
cabra	/ˈka.bɾɐ/	/ˈka.bɾɐ/	[ˈka.bɾɐ] 山羊<名>
perna	/ˈpɛʁ.nɐ/	/ˈpɛʁ.nɐ/	[ˈpɛʁ.nɐ] 腿<名>
ido	/ˈi.du/	/ˈi.du/	[ˈi.du] 消失了<名>
discutir	/d͡ʒis.kuˈt͡ʃi(ʁ)/	/d͡ʒis.kuˈt͡ʃi(ʁ)/	[d͡ʒis.kuˈt͡ʃi(ʁ)] 讨论<动>
saudade	/sawˈda.d͡ʒi/	/sawˈda.d͡ʒi/	[sawˈda.d͡ʒi] 渴望<名>
rádio	/ˈʁa.d͡ʒju/	/ˈʁa.d͡ʒju/	[ˈʁa.d͡ʒju] 收音机<名>
destruir	/des.tɾuˈi(ʁ)/	/des.tɾuˈi(ʁ)/	[des.tɾuˈi(ʁ)] 摧毁<动>
traz	ˈtɾas	ˈtɾas	[ˈtɾas] 带来<介>
silêncio	/siˈlẽ.sju/	/siˈlẽ.sju/	[siˈlẽ.sju] 沉默<名>
peça	/ˈpɛ.sɐ/	/ˈpɛ.sɐ/	[ˈpɛ.sɐ] 一块<名>
bob	/ˈbɔ.bi/	/ˈbɔ.bi/	[ˈbɔ.bi] 鲍勃<名>
escolher	/is.koˈʎe(ʁ)/	/is.koˈʎe(ʁ)/	[is.koˈʎe(ʁ)] 选择<动>
maldito	/mawˈd͡ʒi.tu/	/mawˈd͡ʒi.tu/	[mawˈd͡ʒi.tu] 该死的<形>
cheia	/ˈʃej.ɐ/	/ˈʃej.ɐ/	[ˈʃej.ɐ] 满<名>
limpar	/lĩˈpa(ʁ)/	/lĩˈpa(ʁ)/	[lĩˈpa(ʁ)] 干净<动>
ama	/ˈɐ̃.mɐ/	/ˈɐ̃.mɐ/	[ˈɐ̃.mɐ] 爱<名>
caramba	/kaˈɾɐ̃.bɐ/	/kaˈɾɐ̃.bɐ/	[kaˈɾɐ̃.bɐ] 该死的<叹>
nove	/ˈnɔ.vi/	/ˈnɔ.vi/	[ˈnɔ.vi] 九<名>
carrinha	/kaˈʁĩ.ɲɐ/	/kaˈʁĩ.ɲɐ/	[kaˈʁĩ.ɲɐ] 货车<名>
trato	/ˈtɾa.tu/	/ˈtɾa.tu/	[ˈtɾa.tu] 交易<名>
evitar	/e.viˈta(ʁ)/	/e.viˈta(ʁ)/	[e.viˈta(ʁ)] 避免<动>
pista	/ˈpis.tɐ/	/ˈpis.tɐ/	[ˈpis.tɐ] 轨道<名>
departamento	/de.paʁ.taˈmẽ.tu/	/de.paʁ.taˈmẽ.tu/	[de.paʁ.taˈmẽ.tu] 部门<名>
verão	/veˈɾɐ̃w̃/	/veˈɾɐ̃w̃/	[veˈɾɐ̃w̃] 夏天<名>
direcção	dʒi.ɾe.ˈsãʊ̃	dʒi.ɾe.ˈsãʊ̃	[dʒi.ɾe.ˈsãʊ̃] 方向<名>
soldado	/sowˈda.du/	/sowˈda.du/	[sowˈda.du] 士兵<名>
justiça	/ʒusˈt͡ʃi.sɐ/	/ʒusˈt͡ʃi.sɐ/	[ʒusˈt͡ʃi.sɐ] 正义<名>
costumar	/kos.tuˈma(ʁ)/	/kos.tuˈma(ʁ)/	[kos.tuˈma(ʁ)] 习惯<动>
mala	/ˈma.lɐ/	/ˈma.lɐ/	[ˈma.lɐ] 手提箱<名>
foder	/fuˈde(ʁ)/	/fuˈde(ʁ)/	[fuˈde(ʁ)] 他妈的<动>
leve	/ˈlɛ.vi/	/ˈlɛ.vi/	[ˈlɛ.vi] 光<形>
memória	/meˈmɔ.ɾjɐ/	/meˈmɔ.ɾjɐ/	[meˈmɔ.ɾjɐ] 记忆<名>
rabo	/ˈʁa.bu/	/ˈʁa.bu/	[ˈʁa.bu] 尾巴<名>
azul	/aˈzuw/	/aˈzuw/	[aˈzuw] 蓝色<名>
calça	/ˈkaw.sɐ/	/ˈkaw.sɐ/	[ˈkaw.sɐ] 裤子<名>
graça	/ˈɡɾa.sɐ/	/ˈɡɾa.sɐ/	[ˈɡɾa.sɐ] 恩典<名>
hey	hei	hei	[hei] 嘿<动>
restaurante	/ʁes.tawˈɾɐ̃.t͡ʃi/	/ʁes.tawˈɾɐ̃.t͡ʃi/	[ʁes.tawˈɾɐ̃.t͡ʃi] 餐厅<名>
comum	/koˈmũ/	/koˈmũ/	[koˈmũ] 常见的<形>
confiança	/kõ.fiˈɐ̃.sɐ/	/kõ.fiˈɐ̃.sɐ/	[kõ.fiˈɐ̃.sɐ] 信任<名>
estação	/is.taˈsɐ̃w̃/	/is.taˈsɐ̃w̃/	[is.taˈsɐ̃w̃] 车站<名>
vídeo	/ˈvi.d͡ʒju/	/ˈvi.d͡ʒju/	[ˈvi.d͡ʒju] 视频<名>
pressão	/pɾeˈsɐ̃w̃/	/pɾeˈsɐ̃w̃/	[pɾeˈsɐ̃w̃] 压力<名>
sapato	/saˈpa.tu/	/saˈpa.tu/	[saˈpa.tu] 鞋<名>
inimigo	/i.niˈmi.ɡu/	/i.niˈmi.ɡu/	[i.niˈmi.ɡu] 敌人<名>
preparar	/pɾe.paˈɾa(ʁ)/	/pɾe.paˈɾa(ʁ)/	[pɾe.paˈɾa(ʁ)] 准备<动>
ocupado	/o.kuˈpa.du/	/o.kuˈpa.du/	[o.kuˈpa.du] 忙<形>
duro	/ˈdu.ɾu/	/ˈdu.ɾu/	[ˈdu.ɾu] 硬<形>
vário	/ˈva.ɾju/	/ˈva.ɾju/	[ˈva.ɾju] 各种<形>
espírito	/isˈpi.ɾi.tu/	/isˈpi.ɾi.tu/	[isˈpi.ɾi.tu] 精神<名>
igual	/iˈɡwaw/	/iˈɡwaw/	[iˈɡwaw] 平等<名>
prestes	/ˈpɾɛs.t͡ʃis/	/ˈpɾɛs.t͡ʃis/	[ˈpɾɛs.t͡ʃis] 关于<形>
parir	/paˈɾi(ʁ)/	/paˈɾi(ʁ)/	[paˈɾi(ʁ)] 生下<动>
corre	/ˈkɔ.ʁi/	/ˈkɔ.ʁi/	[ˈkɔ.ʁi] 跑<名>
inteiro	/ĩˈte(j).ɾu/	/ĩˈte(j).ɾu/	[ĩˈte(j).ɾu] 整体<名>
branca	/ˈbɾɐ̃.kɐ/	/ˈbɾɐ̃.kɐ/	[ˈbɾɐ̃.kɐ] 白色<名>
gelo	/ˈʒe.lu/	/ˈʒe.lu/	[ˈʒe.lu] 冰<名>
maluco	/maˈlu.ku/	/maˈlu.ku/	[maˈlu.ku] 疯狂的<名>
bem-vindo	/ˌbẽj̃ˈvĩ.du/	/ˌbẽj̃ˈvĩ.du/	[ˌbẽj̃ˈvĩ.du] 欢迎<形>
cuidar	/kujˈda(ʁ)/	/kujˈda(ʁ)/	[kujˈda(ʁ)] 照顾<动>
magia	/maˈʒi.ɐ/	/maˈʒi.ɐ/	[maˈʒi.ɐ] 魔法<名>
universidade	/u.ni.veʁ.siˈda.d͡ʒi/	/u.ni.veʁ.siˈda.d͡ʒi/	[u.ni.veʁ.siˈda.d͡ʒi] 大学<名>
processo	/pɾoˈsɛ.su/	/pɾoˈsɛ.su/	[pɾoˈsɛ.su] 过程<名>
dente	/ˈdẽ.t͡ʃi/	/ˈdẽ.t͡ʃi/	[ˈdẽ.t͡ʃi] 牙齿<名>
porcaria	/poʁ.kaˈɾi.ɐ/	/poʁ.kaˈɾi.ɐ/	[poʁ.kaˈɾi.ɐ] 废话<名>
copo	/ˈkɔ.pu/	/ˈkɔ.pu/	[ˈkɔ.pu] 杯子<名>
vermelho	/veʁˈme.ʎu/	/veʁˈme.ʎu/	[veʁˈme.ʎu] 红色<名>
responder	/ʁes.põˈde(ʁ)/	/ʁes.põˈde(ʁ)/	[ʁes.põˈde(ʁ)] 回应<动>
apoio	/aˈpoj.u/	/aˈpoj.u/	[aˈpoj.u] 支持<名>
parque	/ˈpaʁ.ki/	/ˈpaʁ.ki/	[ˈpaʁ.ki] 公园<名>
paciente	/pa.siˈẽ.t͡ʃi/	/pa.siˈẽ.t͡ʃi/	[pa.siˈẽ.t͡ʃi] 病人<名>
quão	/ˈkwɐ̃w̃/	/ˈkwɐ̃w̃/	[ˈkwɐ̃w̃] 如何<副>
tornar	/toʁˈna(ʁ)/	/toʁˈna(ʁ)/	[toʁˈna(ʁ)] 成为<动>
viram	/ˈvi.ɾɐ̃w̃/	/ˈvi.ɾɐ̃w̃/	[ˈvi.ɾɐ̃w̃] 锯<动>
arte	/ˈaʁ.t͡ʃi/	/ˈaʁ.t͡ʃi/	[ˈaʁ.t͡ʃi] 艺术<名>
visita	/viˈzi.tɐ/	/viˈzi.tɐ/	[viˈzi.tɐ] 访问<名>
buraco	/buˈɾa.ku/	/buˈɾa.ku/	[buˈɾa.ku] 洞<名>
cantar	/kɐ̃ˈta(ʁ)/	/kɐ̃ˈta(ʁ)/	[kɐ̃ˈta(ʁ)] 唱歌<名>
sucesso	/suˈsɛ.su/	/suˈsɛ.su/	[suˈsɛ.su] 成功<名>
pegar	/peˈɡa(ʁ)/	/peˈɡa(ʁ)/	[peˈɡa(ʁ)] 抓住<动>
la	/la/	/la/	[la] 拉<代>
ajudá-lo	a.ʒu.ˈda.lʊ	a.ʒu.ˈda.lʊ	[a.ʒu.ˈda.lʊ] 帮助你<动>
infelizmente	/ĩ.feˌlizˈmẽ.t͡ʃi/	/ĩ.feˌlizˈmẽ.t͡ʃi/	[ĩ.feˌlizˈmẽ.t͡ʃi] 不幸的是<副>
conduzir	/kõ.duˈzi(ʁ)/	/kõ.duˈzi(ʁ)/	[kõ.duˈzi(ʁ)] 开车<动>
parede	/paˈɾe.d͡ʒi/	/paˈɾe.d͡ʒi/	[paˈɾe.d͡ʒi] 墙<名>
cheiro	/ˈʃe(j).ɾu/	/ˈʃe(j).ɾu/	[ˈʃe(j).ɾu] 气味<名>
herói	/eˈɾɔj/	/eˈɾɔj/	[eˈɾɔj] 英雄<名>
inglês	/ĩˈɡle(j)s/	/ĩˈɡle(j)s/	[ĩˈɡle(j)s] 英语<名>
devagar	/de.vaˈɡa(ʁ)/	/de.vaˈɡa(ʁ)/	[de.vaˈɡa(ʁ)] 慢慢地<副>
troca	/ˈtɾɔ.kɐ/	/ˈtɾɔ.kɐ/	[ˈtɾɔ.kɐ] 交换<名>
batalha	/baˈta.ʎɐ/	/baˈta.ʎɐ/	[baˈta.ʎɐ] 战斗<名>
bala	/ˈba.lɐ/	/ˈba.lɐ/	[ˈba.lɐ] 子弹<名>
mentira	/mẽˈt͡ʃi.ɾɐ/	/mẽˈt͡ʃi.ɾɐ/	[mẽˈt͡ʃi.ɾɐ] 谎言<名>
férias	/ˈfɛ.ɾjɐs/	/ˈfɛ.ɾjɐs/	[ˈfɛ.ɾjɐs] 假期<名>
emergência	/e.meʁˈʒẽ.sjɐ/	/e.meʁˈʒẽ.sjɐ/	[e.meʁˈʒẽ.sjɐ] 紧急情况<名>
toca	/ˈtɔ.kɐ/	/ˈtɔ.kɐ/	[ˈtɔ.kɐ] 玩<名>
americano	/a.me.ɾiˈkɐ̃.nu/	/a.me.ɾiˈkɐ̃.nu/	[a.me.ɾiˈkɐ̃.nu] 美国<名>
coragem	/koˈɾa.ʒẽj̃/	/koˈɾa.ʒẽj̃/	[koˈɾa.ʒẽj̃] 勇气<名>
encontrado	/ẽ.kõˈtɾa.du/	/ẽ.kõˈtɾa.du/	[ẽ.kõˈtɾa.du] 发现<形>
vergonha	/veʁˈɡõ.ɲɐ/	/veʁˈɡõ.ɲɐ/	[veʁˈɡõ.ɲɐ] 耻辱<名>
longa	/ˈlõ.ɡɐ/	/ˈlõ.ɡɐ/	[ˈlõ.ɡɐ] 长<名>
estrela	/isˈtɾe.lɐ/	/isˈtɾe.lɐ/	[isˈtɾe.lɐ] 明星<名>
acção	a.ˈsãʊ̃	a.ˈsãʊ̃	[a.ˈsãʊ̃] 行动<名>
certamente	/ˌsɛʁ.taˈmẽ.t͡ʃi/	/ˌsɛʁ.taˈmẽ.t͡ʃi/	[ˌsɛʁ.taˈmẽ.t͡ʃi] 当然<副>
juiz	/ʒuˈis/	/ʒuˈis/	[ʒuˈis] 法官<名>
som	/ˈsõ/	/ˈsõ/	[ˈsõ] 声音<名>
edifício	/e.d͡ʒiˈfi.sju/	/e.d͡ʒiˈfi.sju/	[e.d͡ʒiˈfi.sju] 建筑物<名>
aula	/ˈaw.lɐ/	/ˈaw.lɐ/	[ˈaw.lɐ] 类<名>
enviar	/ẽ.viˈa(ʁ)/	/ẽ.viˈa(ʁ)/	[ẽ.viˈa(ʁ)] 发送<动>
pescoço	/pesˈko.su/	/pesˈko.su/	[pesˈko.su] 脖子<名>
lua	/ˈlu.ɐ/	/ˈlu.ɐ/	[ˈlu.ɐ] 月亮<名>
casaco	/kaˈza.ku/	/kaˈza.ku/	[kaˈza.ku] 外套<名>
monstro	/ˈmõs.tɾu/	/ˈmõs.tɾu/	[ˈmõs.tɾu] 怪物<名>
começo	/koˈme.su/	/koˈme.su/	[koˈme.su] 开始<名>
parceiro	/paʁˈse(j).ɾu/	/paʁˈse(j).ɾu/	[paʁˈse(j).ɾu] 合伙人<名>
imaginar	/i.ma.ʒiˈna(ʁ)/	/i.ma.ʒiˈna(ʁ)/	[i.ma.ʒiˈna(ʁ)] 想象<动>
recuperar	/ʁe.ku.peˈɾa(ʁ)/	/ʁe.ku.peˈɾa(ʁ)/	[ʁe.ku.peˈɾa(ʁ)] 恢复<动>
normalmente	/noʁˌmawˈmẽ.t͡ʃi/	/noʁˌmawˈmẽ.t͡ʃi/	[noʁˌmawˈmẽ.t͡ʃi] 通常<副>
simpático	/sĩˈpa.t͡ʃi.ku/	/sĩˈpa.t͡ʃi.ku/	[sĩˈpa.t͡ʃi.ku] 友好的<形>
valor	/vaˈloʁ/	/vaˈloʁ/	[vaˈloʁ] 值<名>
cor	/ˈkoʁ/	/ˈkoʁ/	[ˈkoʁ] 颜色<名>
devido	/deˈvi.du/	/deˈvi.du/	[deˈvi.du] 由于<形>
encontraram	ẽ.kõ.ˈtɾa.ɾãʊ̃	ẽ.kõ.ˈtɾa.ɾãʊ̃	[ẽ.kõ.ˈtɾa.ɾãʊ̃] 发现<动>
especialmente	/is.pe.siˌawˈmẽ.t͡ʃi/	/is.pe.siˌawˈmẽ.t͡ʃi/	[is.pe.siˌawˈmẽ.t͡ʃi] 尤其是<副>
doce	/ˈdo.si/	/ˈdo.si/	[ˈdo.si] 甜甜的<名>
natureza	/na.tuˈɾe.zɐ/	/na.tuˈɾe.zɐ/	[na.tuˈɾe.zɐ] 自然<名>
vieram	/viˈɛ.ɾɐ̃w̃/	/viˈɛ.ɾɐ̃w̃/	[viˈɛ.ɾɐ̃w̃] 来了<动>
líder	/ˈli.deʁ/	/ˈli.deʁ/	[ˈli.deʁ] 领导者<名>
excepto	e.ˈsep.tʊ	e.ˈsep.tʊ	[e.ˈsep.tʊ] 除了<介>
máximo	/ˈma.si.mu/	/ˈma.si.mu/	[ˈma.si.mu] 最大<名>
inocente	/i.noˈsẽ.t͡ʃi/	/i.noˈsẽ.t͡ʃi/	[i.noˈsẽ.t͡ʃi] 无辜的<名>
preferir	/pɾe.feˈɾi(ʁ)/	/pɾe.feˈɾi(ʁ)/	[pɾe.feˈɾi(ʁ)] 更喜欢<动>
autocarro	/ˌaw.toˈka.ʁu/	/ˌaw.toˈka.ʁu/	[ˌaw.toˈka.ʁu] 巴士<名>
gabinete	/ɡa.biˈne.t͡ʃi/	/ɡa.biˈne.t͡ʃi/	[ɡa.biˈne.t͡ʃi] 柜子<名>
faca	/ˈfa.kɐ/	/ˈfa.kɐ/	[ˈfa.kɐ] 刀<名>
grávida	/ˈɡɾa.vi.dɐ/	/ˈɡɾa.vi.dɐ/	[ˈɡɾa.vi.dɐ] 怀孕了<名>
desistir	/de.zisˈt͡ʃi(ʁ)/	/de.zisˈt͡ʃi(ʁ)/	[de.zisˈt͡ʃi(ʁ)] 放弃<动>
fé	/ˈfɛ/	/ˈfɛ/	[ˈfɛ] 信仰<名>
salvo	/ˈsaw.vu/	/ˈsaw.vu/	[ˈsaw.vu] 已保存<形>
exatamente	/eˌza.taˈmẽ.t͡ʃi/	/eˌza.taˈmẽ.t͡ʃi/	[eˌza.taˈmẽ.t͡ʃi] 正是<副>
espectáculo	es.pe.ˈta.ku.lʊ	es.pe.ˈta.ku.lʊ	[es.pe.ˈta.ku.lʊ] 显示<名>
tamanho	/taˈmɐ̃.ɲu/	/taˈmɐ̃.ɲu/	[taˈmɐ̃.ɲu] 尺寸<名>
voar	/voˈa(ʁ)/	/voˈa(ʁ)/	[voˈa(ʁ)] 飞<动>
carreira	/kaˈʁe(j).ɾɐ/	/kaˈʁe(j).ɾɐ/	[kaˈʁe(j).ɾɐ] 职业生涯<名>
limpo	/ˈlĩ.pu/	/ˈlĩ.pu/	[ˈlĩ.pu] 干净<形>
porreiro	/puˈʁɐj.ɾu/	/puˈʁɐj.ɾu/	[puˈʁɐj.ɾu] 酷<形>
árvore	/ˈaʁ.vo.ɾi/	/ˈaʁ.vo.ɾi/	[ˈaʁ.vo.ɾi] 树<名>
preparado	/pɾe.paˈɾa.du/	/pɾe.paˈɾa.du/	[pɾe.paˈɾa.du] 准备好了<名>
demorar	/de.moˈɾa(ʁ)/	/de.moˈɾa(ʁ)/	[de.moˈɾa(ʁ)] 延迟<动>
milhar	/miˈʎaʁ/	/miˈʎaʁ/	[miˈʎaʁ] 数千<名>
disparar	/d͡ʒis.paˈɾa(ʁ)/	/d͡ʒis.paˈɾa(ʁ)/	[d͡ʒis.paˈɾa(ʁ)] 射击<动>
distância	/d͡ʒisˈtɐ̃.sjɐ/	/d͡ʒisˈtɐ̃.sjɐ/	[d͡ʒisˈtɐ̃.sjɐ] 距离<名>
antigo	/ɐ̃ˈt͡ʃi.ɡu/	/ɐ̃ˈt͡ʃi.ɡu/	[ɐ̃ˈt͡ʃi.ɡu] 古代的<形>
brilhante	/bɾiˈʎɐ̃.t͡ʃi/	/bɾiˈʎɐ̃.t͡ʃi/	[bɾiˈʎɐ̃.t͡ʃi] 明亮<形>
dança	/ˈdɐ̃.sɐ/	/ˈdɐ̃.sɐ/	[ˈdɐ̃.sɐ] 跳舞<名>
pedra	/ˈpɛ.dɾɐ/	/ˈpɛ.dɾɐ/	[ˈpɛ.dɾɐ] 石头<名>
faculdade	/fa.kuwˈda.d͡ʒi/	/fa.kuwˈda.d͡ʒi/	[fa.kuwˈda.d͡ʒi] 学院<名>
imagem	/iˈma.ʒẽj̃/	/iˈma.ʒẽj̃/	[iˈma.ʒẽj̃] 图像<名>
majestade	/ma.ʒesˈta.d͡ʒi/	/ma.ʒesˈta.d͡ʒi/	[ma.ʒesˈta.d͡ʒi] 陛下<名>
servir	/seʁˈvi(ʁ)/	/seʁˈvi(ʁ)/	[seʁˈvi(ʁ)] 服务<动>
caralho	/kaˈɾa.ʎu/	/kaˈɾa.ʎu/	[kaˈɾa.ʎu] 他妈的<名>
flor	/ˈfloʁ/	/ˈfloʁ/	[ˈfloʁ] 花<名>
malta	/ˈmaw.tɐ/	/ˈmaw.tɐ/	[ˈmaw.tɐ] 马耳他<名>
conhecido	/kõ.ɲeˈsi.du/	/kõ.ɲeˈsi.du/	[kõ.ɲeˈsi.du] 已知的<名>
doença	/duˈẽ.sɐ/	/duˈẽ.sɐ/	[duˈẽ.sɐ] 疾病<名>
julgamento	/ʒuw.ɡaˈmẽ.tu/	/ʒuw.ɡaˈmẽ.tu/	[ʒuw.ɡaˈmẽ.tu] 判断力<名>
nariz	/naˈɾis/	/naˈɾis/	[naˈɾis] 鼻子<名>
cortar	/koʁˈta(ʁ)/	/koʁˈta(ʁ)/	[koʁˈta(ʁ)] 切<动>
sobreviver	/so.bɾe.viˈve(ʁ)/	/so.bɾe.viˈve(ʁ)/	[so.bɾe.viˈve(ʁ)] 生存<动>
preto	/ˈpɾe.tu/	/ˈpɾe.tu/	[ˈpɾe.tu] 黑色<名>
cadeira	/kaˈde(j).ɾɐ/	/kaˈde(j).ɾɐ/	[kaˈde(j).ɾɐ] 椅子<名>
peixe	/ˈpe(j).ʃi/	/ˈpe(j).ʃi/	[ˈpe(j).ʃi] 鱼<名>
gozar	/ɡoˈza(ʁ)/	/ɡoˈza(ʁ)/	[ɡoˈza(ʁ)] 享受<动>
partido	/paʁˈt͡ʃi.du/	/paʁˈt͡ʃi.du/	[paʁˈt͡ʃi.du] 聚会<名>
voo	/ˈvo.u/	/ˈvo.u/	[ˈvo.u] 飞行<名>
visão	/viˈzɐ̃w̃/	/viˈzɐ̃w̃/	[viˈzɐ̃w̃] 愿景<名>
controlar	/kõ.tɾoˈla(ʁ)/	/kõ.tɾoˈla(ʁ)/	[kõ.tɾoˈla(ʁ)] 控制<动>
testemunha	/tes.teˈmũ.ɲɐ/	/tes.teˈmũ.ɲɐ/	[tes.teˈmũ.ɲɐ] 证人<名>
fechar	/feˈʃa(ʁ)/	/feˈʃa(ʁ)/	[feˈʃa(ʁ)] 关闭<动>
unido	/uˈni.du/	/uˈni.du/	[uˈni.du] 联合<形>
gritar	/ɡɾiˈta(ʁ)/	/ɡɾiˈta(ʁ)/	[ɡɾiˈta(ʁ)] 尖叫<动>
gato	/ˈɡa.tu/	/ˈɡa.tu/	[ˈɡa.tu] 猫<名>
canção	/kɐ̃ˈsɐ̃w̃/	/kɐ̃ˈsɐ̃w̃/	[kɐ̃ˈsɐ̃w̃] 歌曲<名>
corrida	/koˈʁi.dɐ/	/koˈʁi.dɐ/	[koˈʁi.dɐ] 种族<名>
deixado	/de(j)ˈʃa.du/	/de(j)ˈʃa.du/	[de(j)ˈʃa.du] 左<形>
central	/sẽˈtɾaw/	/sẽˈtɾaw/	[sẽˈtɾaw] 中央<名>
notícia	/noˈt͡ʃi.sjɐ/	/noˈt͡ʃi.sjɐ/	[noˈt͡ʃi.sjɐ] 新闻<名>
perdão	/pɛʁˈdɐ̃w̃/ [pɛɦˈdɐ̃ʊ̯̃]	/pɛʁˈdɐ̃w̃/ [pɛɦˈdɐ̃ʊ̯̃]	[pɛʁˈdɐ̃w̃/ [pɛɦˈdɐ̃ʊ̯̃]] 宽恕<名>
interior	/ĩ.te.ɾiˈoʁ/	/ĩ.te.ɾiˈoʁ/	[ĩ.te.ɾiˈoʁ] 室内<名>
estilo	/isˈt͡ʃi.lu/	/isˈt͡ʃi.lu/	[isˈt͡ʃi.lu] 风格<名>
acabado	/a.kaˈba.du/	/a.kaˈba.du/	[a.kaˈba.du] 完成<形>
barulho	/baˈɾu.ʎu/	/baˈɾu.ʎu/	[baˈɾu.ʎu] 噪音<名>
obviamente	/ˌɔb.vjaˈmẽ.t͡ʃi/	/ˌɔb.vjaˈmẽ.t͡ʃi/	[ˌɔb.vjaˈmẽ.t͡ʃi] 显然<副>
velocidade	/ve.lo.siˈda.d͡ʒi/	/ve.lo.siˈda.d͡ʒi/	[ve.lo.siˈda.d͡ʒi] 速度<名>
ameaça	/a.meˈa.sɐ/	/a.meˈa.sɐ/	[a.meˈa.sɐ] 威胁<名>
movimento	/mo.viˈmẽ.tu/	/mo.viˈmẽ.tu/	[mo.viˈmẽ.tu] 运动<名>
correcto	ko.ˈxɛ.tʊ	ko.ˈxɛ.tʊ	[ko.ˈxɛ.tʊ] 正确<形>
ligado	/liˈɡa.du/	/liˈɡa.du/	[liˈɡa.du] 上<形>
relógio	/ʁeˈlɔ.ʒju/	/ʁeˈlɔ.ʒju/	[ʁeˈlɔ.ʒju] 时钟<名>
entanto	/ẽˈtɐ̃.tu/	/ẽˈtɐ̃.tu/	[ẽˈtɐ̃.tu] 然而<名>
unidade	/u.niˈda.d͡ʒi/	/u.niˈda.d͡ʒi/	[u.niˈda.d͡ʒi] 单位<名>
marca	/ˈmaʁ.kɐ/	/ˈmaʁ.kɐ/	[ˈmaʁ.kɐ] 品牌<名>
regressar	/ʁe.ɡɾeˈsa(ʁ)/	/ʁe.ɡɾeˈsa(ʁ)/	[ʁe.ɡɾeˈsa(ʁ)] 返回<动>
baixa	/ˈbaj.ʃɐ/	/ˈbaj.ʃɐ/	[ˈbaj.ʃɐ] 低<名>
verde	/ˈveʁ.d͡ʒi/	/ˈveʁ.d͡ʒi/	[ˈveʁ.d͡ʒi] 绿色<名>
pega	/ˈpe.ɡɐ/	/ˈpe.ɡɐ/	[ˈpe.ɡɐ] 抓住<名>
floresta	/floˈɾɛs.tɐ/	/floˈɾɛs.tɐ/	[floˈɾɛs.tɐ] 森林<名>
total	/toˈtaw/	/toˈtaw/	[toˈtaw] 总计<名>
ponte	/ˈpõ.t͡ʃi/	/ˈpõ.t͡ʃi/	[ˈpõ.t͡ʃi] 桥<名>
confusão	/kõ.fuˈzɐ̃w̃/	/kõ.fuˈzɐ̃w̃/	[kõ.fuˈzɐ̃w̃] 混乱<名>
director	dʒi.ɾe.ˈtox	dʒi.ɾe.ˈtox	[dʒi.ɾe.ˈtox] 导演<名>
culpado	/kuwˈpa.du/	/kuwˈpa.du/	[kuwˈpa.du] 有罪<形>
praia	/ˈpɾaj.ɐ/	/ˈpɾaj.ɐ/	[ˈpɾaj.ɐ] 海滩<名>
tv	/ˌteˈve/	/ˌteˈve/	[ˌteˈve] 电视<名>
tiveram	/t͡ʃiˈvɛ.ɾɐ̃w̃/	/t͡ʃiˈvɛ.ɾɐ̃w̃/	[t͡ʃiˈvɛ.ɾɐ̃w̃] 有<动>
língua	/ˈlĩ.ɡwɐ/	/ˈlĩ.ɡwɐ/	[ˈlĩ.ɡwɐ] 语言<名>
descansar	/des.kɐ̃ˈsa(ʁ)/	/des.kɐ̃ˈsa(ʁ)/	[des.kɐ̃ˈsa(ʁ)] 休息<动>
investigar	/ĩ.ves.t͡ʃiˈɡa(ʁ)/	/ĩ.ves.t͡ʃiˈɡa(ʁ)/	[ĩ.ves.t͡ʃiˈɡa(ʁ)] 调查<动>
meter	/meˈte(ʁ)/	/meˈte(ʁ)/	[meˈte(ʁ)] 米<动>
oi	/ˈoj/	/ˈoj/	[ˈoj] 嗨<叹>
construir	/kõs.tɾuˈi(ʁ)/	/kõs.tɾuˈi(ʁ)/	[kõs.tɾuˈi(ʁ)] 建造<动>
banda	/ˈbɐ̃.dɐ/	/ˈbɐ̃.dɐ/	[ˈbɐ̃.dɐ] 乐队<名>
rapidamente	/ˌʁa.pi.daˈmẽ.t͡ʃi/	/ˌʁa.pi.daˈmẽ.t͡ʃi/	[ˌʁa.pi.daˈmẽ.t͡ʃi] 快点<副>
busca	/ˈbus.kɐ/	/ˈbus.kɐ/	[ˈbus.kɐ] 搜索<名>
ouvido	/o(w)ˈvi.du/	/o(w)ˈvi.du/	[o(w)ˈvi.du] 耳朵<名>
receio	/ʁeˈsej.u/	/ʁeˈsej.u/	[ʁeˈsej.u] 我害怕<名>
atirar	/a.t͡ʃiˈɾa(ʁ)/	/a.t͡ʃiˈɾa(ʁ)/	[a.t͡ʃiˈɾa(ʁ)] 射击<动>
fingir	/fĩˈʒi(ʁ)/	/fĩˈʒi(ʁ)/	[fĩˈʒi(ʁ)] 假装<动>
respirar	/ʁes.piˈɾa(ʁ)/	/ʁes.piˈɾa(ʁ)/	[ʁes.piˈɾa(ʁ)] 呼吸<动>
rosto	/ˈʁos.tu/	/ˈʁos.tu/	[ˈʁos.tu] 脸<名>
ridículo	/ʁiˈd͡ʒi.ku.lu/	/ʁiˈd͡ʒi.ku.lu/	[ʁiˈd͡ʒi.ku.lu] 可笑<名>
mudança	/muˈdɐ̃.sɐ/	/muˈdɐ̃.sɐ/	[muˈdɐ̃.sɐ] 改变<名>
época	/ˈɛ.pu.kɐ/	/ˈɛ.pu.kɐ/	[ˈɛ.pu.kɐ] 季节<名>
nacional	/na.si.oˈnaw/	/na.si.oˈnaw/	[na.si.oˈnaw] 国家的<形>
fonte	/ˈfõ.t͡ʃi/	/ˈfõ.t͡ʃi/	[ˈfõ.t͡ʃi] 来源<名>
sentimento	/sẽ.t͡ʃiˈmẽ.tu/	/sẽ.t͡ʃiˈmẽ.tu/	[sẽ.t͡ʃiˈmẽ.tu] 感觉<名>
major	/maˈʒɔʁ/	/maˈʒɔʁ/	[maˈʒɔʁ] 专业<名>
navio	/naˈvi.u/	/naˈvi.u/	[naˈvi.u] 船<名>
escapar	/is.kaˈpa(ʁ)/	/is.kaˈpa(ʁ)/	[is.kaˈpa(ʁ)] 逃脱<动>
cansado	/kɐ̃ˈsa.du/	/kɐ̃ˈsa.du/	[kɐ̃ˈsa.du] 累了<形>
rico	/ˈʁi.ku/	/ˈʁi.ku/	[ˈʁi.ku] 富有<形>
acordar	/a.koʁˈda(ʁ)/	/a.koʁˈda(ʁ)/	[a.koʁˈda(ʁ)] 醒来<名>
charles	/ˈʃaʁ.lis/	/ˈʃaʁ.lis/	[ˈʃaʁ.lis] 查尔斯<名>
beleza	/beˈle.zɐ/	/beˈle.zɐ/	[beˈle.zɐ] 美丽<名>
atrasado	/a.tɾaˈza.du/	/a.tɾaˈza.du/	[a.tɾaˈza.du] 迟到了<名>
agir	/aˈʒi(ʁ)/	/aˈʒi(ʁ)/	[aˈʒi(ʁ)] 行动<动>
dedo	/ˈde.du/	/ˈde.du/	[ˈde.du] 手指<名>
rir	/ˈʁi(ʁ)/	/ˈʁi(ʁ)/	[ˈʁi(ʁ)] 笑<动>
dono	/ˈdõ.nu/	/ˈdõ.nu/	[ˈdõ.nu] 业主<名>
posto	/ˈpos.tu/	/ˈpos.tu/	[ˈpos.tu] 帖子<名>
nervoso	/neʁ.ˈvo.zu/	/neʁ.ˈvo.zu/	[neʁ.ˈvo.zu] 紧张<名>
bordo	/ˈbɔʁ.du/	/ˈbɔʁ.du/	[ˈbɔʁ.du] 董事会<名>
depender	/de.pẽˈde(ʁ)/	/de.pẽˈde(ʁ)/	[de.pẽˈde(ʁ)] 依赖<动>
magoar	/ma.ɡoˈa(ʁ)/	/ma.ɡoˈa(ʁ)/	[ma.ɡoˈa(ʁ)] 受伤<动>
entregar	/ẽ.tɾeˈɡa(ʁ)/	/ẽ.tɾeˈɡa(ʁ)/	[ẽ.tɾeˈɡa(ʁ)] 交付<动>
agradável	/a.ɡɾaˈda.vew/	/a.ɡɾaˈda.vew/	[a.ɡɾaˈda.vew] 愉快的<形>
princesa	/pɾĩˈse.zɐ/	/pɾĩˈse.zɐ/	[pɾĩˈse.zɐ] 公主<名>
calor	/kaˈloʁ/	/kaˈloʁ/	[kaˈloʁ] 热<名>
gay	/ˈɡej/	/ˈɡej/	[ˈɡej] 同性恋<名>
óbvio	/ˈɔ.bi.vju/	/ˈɔ.bi.vju/	[ˈɔ.bi.vju] 明显的<名>
colega	/koˈlɛ.ɡɐ/	/koˈlɛ.ɡɐ/	[koˈlɛ.ɡɐ] 同事<名>
jornal	/ʒoʁˈnaw/	/ʒoʁˈnaw/	[ʒoʁˈnaw] 报纸<名>
interesse	/ĩ.teˈɾe.si/	/ĩ.teˈɾe.si/	[ĩ.teˈɾe.si] 兴趣<名>
combate	/kõˈba.t͡ʃi/	/kõˈba.t͡ʃi/	[kõˈba.t͡ʃi] 战斗<名>
atacar	/a.taˈka(ʁ)/	/a.taˈka(ʁ)/	[a.taˈka(ʁ)] 攻击<动>
profissional	/pɾo.fi.si.oˈnaw/	/pɾo.fi.si.oˈnaw/	[pɾo.fi.si.oˈnaw] 专业的<名>
decidir	/de.siˈd͡ʒi(ʁ)/	/de.siˈd͡ʒi(ʁ)/	[de.siˈd͡ʒi(ʁ)] 决定<动>
anel	/aˈnɛw/	/aˈnɛw/	[aˈnɛw] 环<名>
pago	/ˈpa.ɡu/	/ˈpa.ɡu/	[ˈpa.ɡu] 付费的<名>
esperto	/isˈpɛʁ.tu/	/isˈpɛʁ.tu/	[isˈpɛʁ.tu] 聪明的<形>
sentado	/sẽˈta.du/	/sẽˈta.du/	[sẽˈta.du] 坐着<形>
descer	/deˈse(ʁ)/	/deˈse(ʁ)/	[deˈse(ʁ)] 下降<动>
classe	/ˈkla.si/	/ˈkla.si/	[ˈkla.si] 类<名>
casado	/kaˈza.du/	/kaˈza.du/	[kaˈza.du] 已婚<名>
agradecer	/a.ɡɾa.deˈse(ʁ)/	/a.ɡɾa.deˈse(ʁ)/	[a.ɡɾa.deˈse(ʁ)] 谢谢<动>
aberta	/aˈbɛʁ.tɐ/	/aˈbɛʁ.tɐ/	[aˈbɛʁ.tɐ] 打开<名>
caro	/ˈka.ɾu/	/ˈka.ɾu/	[ˈka.ɾu] 昂贵<形>
leite	/ˈlej.t͡ʃi/	/ˈlej.t͡ʃi/	[ˈlej.t͡ʃi] 牛奶<名>
mercado	/meʁˈka.du/	/meʁˈka.du/	[meʁˈka.du] 市场<名>
político	/poˈli.t͡ʃi.ku/	/poˈli.t͡ʃi.ku/	[poˈli.t͡ʃi.ku] 政治家<名>
liso	/ˈli.zu/	/ˈli.zu/	[ˈli.zu] 光滑<形>
milhão	/miˈʎɐ̃w̃/	/miˈʎɐ̃w̃/	[miˈʎɐ̃w̃] 百万<名>
género	/ˈʒɛ.nɨ.ɾu/	/ˈʒɛ.nɨ.ɾu/	[ˈʒɛ.nɨ.ɾu] 性别<名>
oferta	/oˈfɛʁ.tɐ/	/oˈfɛʁ.tɐ/	[oˈfɛʁ.tɐ] 报价<名>
teoria	/te.oˈɾi.ɐ/	/te.oˈɾi.ɐ/	[te.oˈɾi.ɐ] 理论<名>
escuro	/isˈku.ɾu/	/isˈku.ɾu/	[isˈku.ɾu] 黑暗<名>
cadeia	/kaˈdej.ɐ/	/kaˈdej.ɐ/	[kaˈdej.ɐ] 链条<名>
levantar	/le.vɐ̃ˈta(ʁ)/	/le.vɐ̃ˈta(ʁ)/	[le.vɐ̃ˈta(ʁ)] 电梯<动>
crescer	/kɾeˈse(ʁ)/	/kɾeˈse(ʁ)/	[kɾeˈse(ʁ)] 成长<动>
via	/ˈvi.ɐ/	/ˈvi.ɐ/	[ˈvi.ɐ] 通过<名>
imprensa	/ĩˈpɾẽ.sɐ/	/ĩˈpɾẽ.sɐ/	[ĩˈpɾẽ.sɐ] 按<名>
uso	/ˈu.zu/	/ˈu.zu/	[ˈu.zu] 使用<名>
santo	/ˈsɐ̃.tu/	/ˈsɐ̃.tu/	[ˈsɐ̃.tu] 圣人<名>
treta	/ˈtɾe.tɐ/	/ˈtɾe.tɐ/	[ˈtɾe.tɐ] 废话<名>
noiva	/ˈnoj.vɐ/	/ˈnoj.vɐ/	[ˈnoj.vɐ] 新娘<名>
absolutamente	/ab.soˌlu.taˈmẽ.t͡ʃi/	/ab.soˌlu.taˈmẽ.t͡ʃi/	[ab.soˌlu.taˈmẽ.t͡ʃi] 绝对<副>
perda	/ˈpeʁ.dɐ/	/ˈpeʁ.dɐ/	[ˈpeʁ.dɐ] 损失<名>
resultado	/ʁe.zuwˈta.du/	/ʁe.zuwˈta.du/	[ʁe.zuwˈta.du] 结果<名>
militar	/mi.liˈta(ʁ)/	/mi.liˈta(ʁ)/	[mi.liˈta(ʁ)] 军事<名>
material	/ma.te.ɾiˈaw/	/ma.te.ɾiˈaw/	[ma.te.ɾiˈaw] 材料<名>
camião	/kaˈmjɐ̃w̃/	/kaˈmjɐ̃w̃/	[kaˈmjɐ̃w̃] 卡车<名>
rede	/ˈʁe.d͡ʒi/	/ˈʁe.d͡ʒi/	[ˈʁe.d͡ʒi] 网络<名>
príncipe	/ˈpɾĩ.si.pi/	/ˈpɾĩ.si.pi/	[ˈpɾĩ.si.pi] 王子<名>
concordar	/kõ.koʁˈda(ʁ)/	/kõ.koʁˈda(ʁ)/	[kõ.koʁˈda(ʁ)] 同意<动>
fantasma	/fɐ̃ˈtaz.mɐ/	/fɐ̃ˈtaz.mɐ/	[fɐ̃ˈtaz.mɐ] 鬼<名>
solução	/so.luˈsɐ̃w̃/	/so.luˈsɐ̃w̃/	[so.luˈsɐ̃w̃] 解决方案<名>
beijo	/ˈbe(j).ʒu/	/ˈbe(j).ʒu/	[ˈbe(j).ʒu] 亲吻<名>
impedir	/ĩ.peˈd͡ʒi(ʁ)/	/ĩ.peˈd͡ʒi(ʁ)/	[ĩ.peˈd͡ʒi(ʁ)] 防止<动>
pessoalmente	/pe.soˌawˈmẽ.t͡ʃi/	/pe.soˌawˈmẽ.t͡ʃi/	[pe.soˌawˈmẽ.t͡ʃi] 亲自<副>
data	/ˈda.tɐ/	/ˈda.tɐ/	[ˈda.tɐ] 日期<名>
morreram	/moˈʁe.ɾɐ̃w̃/	/moˈʁe.ɾɐ̃w̃/	[moˈʁe.ɾɐ̃w̃] 死了<动>
garrafa	/ɡaˈʁa.fɐ/	/ɡaˈʁa.fɐ/	[ɡaˈʁa.fɐ] 瓶子<名>
orgulho	/oʁˈɡu.ʎu/	/oʁˈɡu.ʎu/	[oʁˈɡu.ʎu] 骄傲<名>
bolo	/ˈbo.lu/	/ˈbo.lu/	[ˈbo.lu] 蛋糕<名>
propriedade	/pɾo.pɾi.eˈda.d͡ʒi/	/pɾo.pɾi.eˈda.d͡ʒi/	[pɾo.pɾi.eˈda.d͡ʒi] 财产<名>
policia	po.li.ˈsi.ə	po.li.ˈsi.ə	[po.li.ˈsi.ə] 警察<名>
fuga	/ˈfu.ɡɐ/	/ˈfu.ɡɐ/	[ˈfu.ɡɐ] 逃脱<名>
sensação	/sẽ.saˈsɐ̃w̃/	/sẽ.saˈsɐ̃w̃/	[sẽ.saˈsɐ̃w̃] 感觉<名>
tecnologia	/te.ki.no.loˈʒi.ɐ/	/te.ki.no.loˈʒi.ɐ/	[te.ki.no.loˈʒi.ɐ] 技术<名>
peito	/ˈpej.tu/	/ˈpej.tu/	[ˈpej.tu] 胸部<名>
futebol	/fu.t͡ʃiˈbɔw/	/fu.t͡ʃiˈbɔw/	[fu.t͡ʃiˈbɔw] 足球<名>
vinte	/ˈvĩ.t͡ʃi/	/ˈvĩ.t͡ʃi/	[ˈvĩ.t͡ʃi] 二十<名>
terceiro	/teʁˈse(j).ɾu/	/teʁˈse(j).ɾu/	[teʁˈse(j).ɾu] 第三<名>
bilhete	/biˈʎe.t͡ʃi/	/biˈʎe.t͡ʃi/	[biˈʎe.t͡ʃi] 票<名>
cinema	/siˈnẽ.mɐ/	/siˈnẽ.mɐ/	[siˈnẽ.mɐ] 电影院<名>
vento	/ˈvẽ.tu/	/ˈvẽ.tu/	[ˈvẽ.tu] 风<名>
táxi	/ˈtak.si/	/ˈtak.si/	[ˈtak.si] 出租车<名>
registo	/ʁɨˈʒiʃ.tu/	/ʁɨˈʒiʃ.tu/	[ʁɨˈʒiʃ.tu] 登记<名>
boleia	/boˈlɛj.ɐ/	/boˈlɛj.ɐ/	[boˈlɛj.ɐ] 搭便车<名>
quinta	/ˈkĩ.tɐ/	/ˈkĩ.tɐ/	[ˈkĩ.tɐ] 星期四<名>
chapéu	/ʃaˈpɛw/	/ʃaˈpɛw/	[ʃaˈpɛw] 帽子<名>
mano	/ˈmɐ̃.nu/	/ˈmɐ̃.nu/	[ˈmɐ̃.nu] 兄弟<名>
mexer	/meˈʃe(ʁ)/	/meˈʃe(ʁ)/	[meˈʃe(ʁ)] 搅拌<动>
legal	/leˈɡaw/	/leˈɡaw/	[leˈɡaw] 酷<形>
vingança	/vĩˈɡɐ̃.sɐ/	/vĩˈɡɐ̃.sɐ/	[vĩˈɡɐ̃.sɐ] 复仇<名>
exacto	e.ˈksa.tʊ	e.ˈksa.tʊ	[e.ˈksa.tʊ] 准确的<形>
porco	/ˈpoʁ.ku/	/ˈpoʁ.ku/	[ˈpoʁ.ku] 猪<名>
doido	/ˈdoj.du/	/ˈdoj.du/	[ˈdoj.du] 疯狂的<名>
raiva	/ˈʁaj.vɐ/	/ˈʁaj.vɐ/	[ˈʁaj.vɐ] 愤怒<名>
peso	/ˈpe.zu/	/ˈpe.zu/	[ˈpe.zu] 重量<名>
treino	/ˈtɾej.nu/	/ˈtɾej.nu/	[ˈtɾej.nu] 锻炼<名>
algures	/awˈɡu.ɾis/	/awˈɡu.ɾis/	[awˈɡu.ɾis] 某处<副>
natural	/na.tuˈɾaw/	/na.tuˈɾaw/	[na.tuˈɾaw] 自然的<形>
estudar	/is.tuˈda(ʁ)/	/is.tuˈda(ʁ)/	[is.tuˈda(ʁ)] 学习<动>
assistente	/a.sisˈtẽ.t͡ʃi/	/a.sisˈtẽ.t͡ʃi/	[a.sisˈtẽ.t͡ʃi] 助理<名>
partida	/paʁˈt͡ʃi.dɐ/	/paʁˈt͡ʃi.dɐ/	[paʁˈt͡ʃi.dɐ] 出发<名>
responsabilidade	/ʁes.põ.sa.bi.liˈda.d͡ʒi/	/ʁes.põ.sa.bi.liˈda.d͡ʒi/	[ʁes.põ.sa.bi.liˈda.d͡ʒi] 责任<名>
maldição	/maw.d͡ʒiˈsɐ̃w̃/	/maw.d͡ʒiˈsɐ̃w̃/	[maw.d͡ʒiˈsɐ̃w̃] 诅咒<名>
oeste	/oˈɛs.t͡ʃi/	/oˈɛs.t͡ʃi/	[oˈɛs.t͡ʃi] 西<名>
controle	/kõˈtɾo.li/	/kõˈtɾo.li/	[kõˈtɾo.li] 控制<名>
corte	/ˈkɔʁ.t͡ʃi/	/ˈkɔʁ.t͡ʃi/	[ˈkɔʁ.t͡ʃi] 切<名>
assassinato	/a.sa.siˈna.tu/	/a.sa.siˈna.tu/	[a.sa.siˈna.tu] 谋杀<名>
sir			先生<名>
aparentemente	/a.paˌɾẽ.t͡ʃiˈmẽ.t͡ʃi/	/a.paˌɾẽ.t͡ʃiˈmẽ.t͡ʃi/	[a.paˌɾẽ.t͡ʃiˈmẽ.t͡ʃi] 显然<副>
apanhado	/a.pɐ̃ˈɲa.du/	/a.pɐ̃ˈɲa.du/	[a.pɐ̃ˈɲa.du] 抓住了<名>
toque	/ˈtɔ.ki/	/ˈtɔ.ki/	[ˈtɔ.ki] 触摸<名>
chegaram	ʃe.ˈga.ɾãʊ̃	ʃe.ˈga.ɾãʊ̃	[ʃe.ˈga.ɾãʊ̃] 到达<动>
baile	/ˈbaj.li/	/ˈbaj.li/	[ˈbaj.li] 跳舞<名>
aeroporto	/aˌɛ.ɾoˈpoʁ.tu/	/aˌɛ.ɾoˈpoʁ.tu/	[aˌɛ.ɾoˈpoʁ.tu] 机场<名>
poucos	/ˈpo(w).kus/	/ˈpo(w).kus/	[ˈpo(w).kus] 几个<代>
complicado	/kõ.pliˈka.du/	/kõ.pliˈka.du/	[kõ.pliˈka.du] 复杂的<形>
mostra	/ˈmɔs.tɾɐ/	/ˈmɔs.tɾɐ/	[ˈmɔs.tɾɐ] 显示<名>
convosco	/kõˈvos.ku/	/kõˈvos.ku/	[kõˈvos.ku] 和你在一起<副>
apresentar	/a.pɾe.zẽˈta(ʁ)/	/a.pɾe.zẽˈta(ʁ)/	[a.pɾe.zẽˈta(ʁ)] 现在<动>
lixar	/liˈʃa(ʁ)/	/liˈʃa(ʁ)/	[liˈʃa(ʁ)] 沙子<动>
universo	/u.niˈvɛʁ.su/	/u.niˈvɛʁ.su/	[u.niˈvɛʁ.su] 宇宙<名>
al	/ˈa ˈɛ.li/	/ˈa ˈɛ.li/	[ˈa ˈɛ.li] 阿尔<名>
sacana	/saˈkɐ̃.nɐ/	/saˈkɐ̃.nɐ/	[saˈkɐ̃.nɐ] 混蛋<名>
secretário	/se.kɾeˈta.ɾju/	/se.kɾeˈta.ɾju/	[se.kɾeˈta.ɾju] 秘书<名>
morada	/moˈɾa.dɐ/	/moˈɾa.dɐ/	[moˈɾa.dɐ] 地址<名>
mapa	/ˈma.pɐ/	/ˈma.pɐ/	[ˈma.pɐ] 地图<名>
internet	/ĩ.teʁˈnɛ.t͡ʃi/	/ĩ.teʁˈnɛ.t͡ʃi/	[ĩ.teʁˈnɛ.t͡ʃi] 互联网<名>
efeito	/eˈfej.tu/	/eˈfej.tu/	[eˈfej.tu] 效果<名>
nota	/ˈnɔ.tɐ/	/ˈnɔ.tɐ/	[ˈnɔ.tɐ] 注释<名>
enfermeiro	/ẽ.feʁˈme(j).ɾu/	/ẽ.feʁˈme(j).ɾu/	[ẽ.feʁˈme(j).ɾu] 护士<名>
super	/ˈsu.peʁ/	/ˈsu.peʁ/	[ˈsu.peʁ] 超级<形>
patrão	/paˈtɾɐ̃w̃/	/paˈtɾɐ̃w̃/	[paˈtɾɐ̃w̃] 老板<名>
corredor	/ko.ʁeˈdoʁ/	/ko.ʁeˈdoʁ/	[ko.ʁeˈdoʁ] 走廊<名>
conhecimento	/kõ.ɲe.siˈmẽ.tu/	/kõ.ɲe.siˈmẽ.tu/	[kõ.ɲe.siˈmẽ.tu] 知识<名>
visitar	/vi.ziˈta(ʁ)/	/vi.ziˈta(ʁ)/	[vi.ziˈta(ʁ)] 访问<动>
ás	/ˈa(j)s/	/ˈa(j)s/	[ˈa(j)s] 王牌<名>
aguentar	/a.ɡwẽˈta(ʁ)/	/a.ɡwẽˈta(ʁ)/	[a.ɡwẽˈta(ʁ)] 忍受<动>
adn	/ˈa ˈde ˈẽ.ni/	/ˈa ˈde ˈẽ.ni/	[ˈa ˈde ˈẽ.ni] 脱氧核糖核酸<名>
aldeia	/awˈdej.ɐ/	/awˈdej.ɐ/	[awˈdej.ɐ] 村庄<名>
cirurgia	/si.ɾuʁˈʒi.ɐ/	/si.ɾuʁˈʒi.ɐ/	[si.ɾuʁˈʒi.ɐ] 手术<名>
aberto	/aˈbɛʁ.tu/	/aˈbɛʁ.tu/	[aˈbɛʁ.tu] 打开<名>
merecer	/me.ɾeˈse(ʁ)/	/me.ɾeˈse(ʁ)/	[me.ɾeˈse(ʁ)] 应得的<动>
contrato	/kõˈtɾa.tu/	/kõˈtɾa.tu/	[kõˈtɾa.tu] 合同<名>
gás	/ˈɡa(j)s/	/ˈɡa(j)s/	[ˈɡa(j)s] 气体<名>
sociedade	/so.si.eˈda.d͡ʒi/	/so.si.eˈda.d͡ʒi/	[so.si.eˈda.d͡ʒi] 社会<名>
mata	/ˈma.tɐ/	/ˈma.tɐ/	[ˈma.tɐ] 杀<名>
lar	/ˈlaʁ/	/ˈlaʁ/	[ˈlaʁ] 家<名>
instante	/ĩsˈtɐ̃.t͡ʃi/	/ĩsˈtɐ̃.t͡ʃi/	[ĩsˈtɐ̃.t͡ʃi] 即时<名>
leste	/ˈlɛs.t͡ʃi/	/ˈlɛs.t͡ʃi/	[ˈlɛs.t͡ʃi] 东<名>
usado	/uˈza.du/	/uˈza.du/	[uˈza.du] 使用过的<形>
original	/o.ɾi.ʒiˈnaw/	/o.ɾi.ʒiˈnaw/	[o.ɾi.ʒiˈnaw] 原创<名>
zangado	/zɐ̃ˈɡa.du/	/zɐ̃ˈɡa.du/	[zɐ̃ˈɡa.du] 生气<形>
vinha	/ˈvĩ.ɲɐ/	/ˈvĩ.ɲɐ/	[ˈvĩ.ɲɐ] 葡萄园<名>
familiar	/fa.mi.liˈaʁ/	/fa.mi.liˈaʁ/	[fa.mi.liˈaʁ] 熟悉的<名>
parecido	/pa.ɾeˈsi.du/	/pa.ɾeˈsi.du/	[pa.ɾeˈsi.du] 类似的<形>
largo	/ˈlaʁ.ɡu/	/ˈlaʁ.ɡu/	[ˈlaʁ.ɡu] 宽<名>
pressa	/ˈpɾɛ.sɐ/	/ˈpɾɛ.sɐ/	[ˈpɾɛ.sɐ] 快点<名>
ferido	/feˈɾi.du/	/feˈɾi.du/	[feˈɾi.du] 受伤<名>
passaram	/paˈsa.ɾɐ̃w̃/	/paˈsa.ɾɐ̃w̃/	[paˈsa.ɾɐ̃w̃] 通过了<动>
treinador	/tɾej.naˈdoʁ/	/tɾej.naˈdoʁ/	[tɾej.naˈdoʁ] 教练<名>
anteriormente	/ɐ̃.te.ɾiˌoʁˈmẽ.t͡ʃi/	/ɐ̃.te.ɾiˌoʁˈmẽ.t͡ʃi/	[ɐ̃.te.ɾiˌoʁˈmẽ.t͡ʃi] 以前<副>
cu	/ˈku/	/ˈku/	[ˈku] 屁股<名>
crédito	/ˈkɾɛ.d͡ʒi.tu/	/ˈkɾɛ.d͡ʒi.tu/	[ˈkɾɛ.d͡ʒi.tu] 信用<名>
desligar	/dez.liˈɡa(ʁ)/	/dez.liˈɡa(ʁ)/	[dez.liˈɡa(ʁ)] 关掉<动>
costa	/ˈkɔs.tɐ/	/ˈkɔs.tɐ/	[ˈkɔs.tɐ] 海岸<名>
projecto	pɾo.ˈʒɛ.tʊ	pɾo.ˈʒɛ.tʊ	[pɾo.ˈʒɛ.tʊ] 项目<名>
cancro	/ˈkɐ̃.kɾu/	/ˈkɐ̃.kɾu/	[ˈkɐ̃.kɾu] 癌症<名>
obter	/obˈte(ʁ)/	/obˈte(ʁ)/	[obˈte(ʁ)] 得到<动>
primo	/ˈpɾĩ.mu/	/ˈpɾĩ.mu/	[ˈpɾĩ.mu] 表弟<名>
credo	/ˈkɾɛ.du/	/ˈkɾɛ.du/	[ˈkɾɛ.du] 信条<名>
cavalheiro	/ka.vaˈʎe(j).ɾu/	/ka.vaˈʎe(j).ɾu/	[ka.vaˈʎe(j).ɾu] 绅士<名>
perfeitamente	/peʁˌfej.taˈmẽ.t͡ʃi/	/peʁˌfej.taˈmẽ.t͡ʃi/	[peʁˌfej.taˈmẽ.t͡ʃi] 完美地<副>
objectivo	ob.ʒe.ˈtʃi.vʊ	ob.ʒe.ˈtʃi.vʊ	[ob.ʒe.ˈtʃi.vʊ] 目标<名>
partes	/ˈpaʁ.t͡ʃis/	/ˈpaʁ.t͡ʃis/	[ˈpaʁ.t͡ʃis] 零件<名>
ultimamente	/ˌuw.t͡ʃi.maˈmẽ.t͡ʃi/	/ˌuw.t͡ʃi.maˈmẽ.t͡ʃi/	[ˌuw.t͡ʃi.maˈmẽ.t͡ʃi] 最近<副>
pedaço	/peˈda.su/	/peˈda.su/	[peˈda.su] 一块<名>
jardim	/ʒaʁˈd͡ʒĩ/	/ʒaʁˈd͡ʒĩ/	[ʒaʁˈd͡ʒĩ] 花园<名>
opção	/opˈsɐ̃w̃/	/opˈsɐ̃w̃/	[opˈsɐ̃w̃] 选项<名>
sexual	/sek.suˈaw/	/sek.suˈaw/	[sek.suˈaw] 性的<形>
reino	/ˈʁej.nu/	/ˈʁej.nu/	[ˈʁej.nu] 王国<名>
diante	/d͡ʒiˈɐ̃.t͡ʃi/	/d͡ʒiˈɐ̃.t͡ʃi/	[d͡ʒiˈɐ̃.t͡ʃi] 之前<副>
grave	/ˈɡɾa.vi/	/ˈɡɾa.vi/	[ˈɡɾa.vi] 严重的<名>
aspecto	/asˈpɛk.tu/	/asˈpɛk.tu/	[asˈpɛk.tu] 外观<名>
membro	/ˈmẽ.bɾu/	/ˈmẽ.bɾu/	[ˈmẽ.bɾu] 会员<名>
lago	/ˈla.ɡu/	/ˈla.ɡu/	[ˈla.ɡu] 湖<名>
fumar	/fuˈma(ʁ)/	/fuˈma(ʁ)/	[fuˈma(ʁ)] 抽烟<动>
ovo	/ˈo.vu/	/ˈo.vu/	[ˈo.vu] 鸡蛋<名>
pequeno-almoço	/piˌkẽ.nu.awˈmo.su/	/piˌkẽ.nu.awˈmo.su/	[piˌkẽ.nu.awˈmo.su] 早餐<名>
presença	/pɾeˈzẽ.sɐ/	/pɾeˈzẽ.sɐ/	[pɾeˈzẽ.sɐ] 存在<名>
vitória	/viˈtɔ.ɾjɐ/	/viˈtɔ.ɾjɐ/	[viˈtɔ.ɾjɐ] 胜利<名>
pesquisa	/pesˈki.zɐ/	/pesˈki.zɐ/	[pesˈki.zɐ] 搜索<名>
cheirar	/ʃe(j)ˈɾa(ʁ)/	/ʃe(j)ˈɾa(ʁ)/	[ʃe(j)ˈɾa(ʁ)] 气味<动>
centena	/sẽˈtẽ.nɐ/	/sẽˈtẽ.nɐ/	[sẽˈtẽ.nɐ] 一百<名>
pertence	/peʁˈtẽ.si/	/peʁˈtẽ.si/	[peʁˈtẽ.si] 属于<名>
camisa	/kaˈmi.zɐ/	/kaˈmi.zɐ/	[kaˈmi.zɐ] 衬衫<名>
ficaram	/fiˈka.ɾɐ̃w̃/	/fiˈka.ɾɐ̃w̃/	[fiˈka.ɾɐ̃w̃] 留下来<动>
viajar	/vi.aˈʒa(ʁ)/	/vi.aˈʒa(ʁ)/	[vi.aˈʒa(ʁ)] 旅行<动>
explosão	/is.ploˈzɐ̃w̃/	/is.ploˈzɐ̃w̃/	[is.ploˈzɐ̃w̃] 爆炸<名>
giro	/ˈʒi.ɾu/	/ˈʒi.ɾu/	[ˈʒi.ɾu] 旋转<名>
útil	/ˈu.t͡ʃiw/	/ˈu.t͡ʃiw/	[ˈu.t͡ʃiw] 有用的<名>
massa	/ˈma.sɐ/	/ˈma.sɐ/	[ˈma.sɐ] 质量<名>
tempestade	/tẽ.pesˈta.d͡ʒi/	/tẽ.pesˈta.d͡ʒi/	[tẽ.pesˈta.d͡ʒi] 风暴<名>
sofrer	/soˈfɾe(ʁ)/	/soˈfɾe(ʁ)/	[soˈfɾe(ʁ)] 受苦<动>
jamais	/ʒaˈmajs/	/ʒaˈmajs/	[ʒaˈmajs] 从不<副>
falso	/ˈfaw.su/	/ˈfaw.su/	[ˈfaw.su] 假的<形>
vencer	/vẽˈse(ʁ)/	/vẽˈse(ʁ)/	[vẽˈse(ʁ)] 赢<动>
paga	/ˈpa.ɡɐ/	/ˈpa.ɡɐ/	[ˈpa.ɡɐ] 付钱<名>
neve	/ˈnɛ.vi/	/ˈnɛ.vi/	[ˈnɛ.vi] 雪<名>
protecção	pɾo.te.ˈsãʊ̃	pɾo.te.ˈsãʊ̃	[pɾo.te.ˈsãʊ̃] 保护<名>
adorar	/a.doˈɾa(ʁ)/	/a.doˈɾa(ʁ)/	[a.doˈɾa(ʁ)] 崇拜<动>
aviso	/aˈvi.zu/	/aˈvi.zu/	[aˈvi.zu] 警告<名>
escrito	/isˈkɾi.tu/	/isˈkɾi.tu/	[isˈkɾi.tu] 书面的<形>
admitir	/a.d͡ʒi.miˈt͡ʃi(ʁ)/	/a.d͡ʒi.miˈt͡ʃi(ʁ)/	[a.d͡ʒi.miˈt͡ʃi(ʁ)] 承认<动>
los	/lus/	/lus/	[lus] 他们<代>
assalto	/aˈsaw.tu/	/aˈsaw.tu/	[aˈsaw.tu] 袭击<名>
alerta	/aˈlɛʁ.tɐ/	/aˈlɛʁ.tɐ/	[aˈlɛʁ.tɐ] 警报<名>
sábado	/ˈsa.ba.du/	/ˈsa.ba.du/	[ˈsa.ba.du] 星期六<名>
bairro	/ˈbaj.ʁu/	/ˈbaj.ʁu/	[ˈbaj.ʁu] 邻里<名>
roma	ˈxõ.mə	ˈxõ.mə	[ˈxõ.mə] 罗马<形>
completo	/kõˈplɛ.tu/	/kõˈplɛ.tu/	[kõˈplɛ.tu] 完成<形>
tratamento	/tɾa.taˈmẽ.tu/	/tɾa.taˈmẽ.tu/	[tɾa.taˈmẽ.tu] 治疗<名>
enganar	/ẽ.ɡaˈna(ʁ)/	/ẽ.ɡaˈna(ʁ)/	[ẽ.ɡaˈna(ʁ)] 欺骗<动>
esquadra	/isˈkwa.dɾɐ/	/isˈkwa.dɾɐ/	[isˈkwa.dɾɐ] 中队<名>
saí	/saˈi/	/saˈi/	[saˈi] 我离开了<名>
farto	/ˈfaʁ.tu/	/ˈfaʁ.tu/	[ˈfaʁ.tu] 受够了<形>
vazio	/vaˈzi.u/	/vaˈzi.u/	[vaˈzi.u] 空的<名>
resultar	/ʁe.zuwˈta(ʁ)/	/ʁe.zuwˈta(ʁ)/	[ʁe.zuwˈta(ʁ)] 结果<动>
eis	/ˈejs/	/ˈejs/	[ˈejs] 看哪<副>
avançar	/a.vɐ̃ˈsa(ʁ)/	/a.vɐ̃ˈsa(ʁ)/	[a.vɐ̃ˈsa(ʁ)] 提前<动>
impressão	/ĩ.pɾeˈsɐ̃w̃/	/ĩ.pɾeˈsɐ̃w̃/	[ĩ.pɾeˈsɐ̃w̃] 印刷<名>
funeral	/fu.neˈɾaw/	/fu.neˈɾaw/	[fu.neˈɾaw] 葬礼<名>
osso	/ˈo.su/	/ˈo.su/	[ˈo.su] 骨头<名>
companheiro	/kõ.pɐ̃ˈɲe(j).ɾu/	/kõ.pɐ̃ˈɲe(j).ɾu/	[kõ.pɐ̃ˈɲe(j).ɾu] 同伴<名>
enfrentar	/ẽ.fɾẽˈta(ʁ)/	/ẽ.fɾẽˈta(ʁ)/	[ẽ.fɾẽˈta(ʁ)] 脸<动>
quieto	/kiˈɛ.tu/	/kiˈɛ.tu/	[kiˈɛ.tu] 安静<形>
discurso	/d͡ʒisˈkuʁ.su/	/d͡ʒisˈkuʁ.su/	[d͡ʒisˈkuʁ.su] 演讲<名>
liceu	/liˈsew/	/liˈsew/	[liˈsew] 高中<名>
chocolate	/ʃo.koˈla.t͡ʃi/	/ʃo.koˈla.t͡ʃi/	[ʃo.koˈla.t͡ʃi] 巧克力<名>
compra	/ˈkõ.pɾɐ/	/ˈkõ.pɾɐ/	[ˈkõ.pɾɐ] 购买<名>
tentativa	/tẽ.taˈt͡ʃi.vɐ/	/tẽ.taˈt͡ʃi.vɐ/	[tẽ.taˈt͡ʃi.vɐ] 尝试<名>
prédio	/ˈpɾɛ.d͡ʒju/	/ˈpɾɛ.d͡ʒju/	[ˈpɾɛ.d͡ʒju] 建筑物<名>
caça	/ˈka.sɐ/	/ˈka.sɐ/	[ˈka.sɐ] 狩猎<名>
tretar			废话<动>
saltar	/sawˈta(ʁ)/	/sawˈta(ʁ)/	[sawˈta(ʁ)] 跳跃<动>
equipamento	/e.ki.paˈmẽ.tu/	/e.ki.paˈmẽ.tu/	[e.ki.paˈmẽ.tu] 设备<名>
bolsa	/ˈbow.sɐ/	/ˈbow.sɐ/	[ˈbow.sɐ] 包<名>
génio	/ˈʒɛ.nju/	/ˈʒɛ.nju/	[ˈʒɛ.nju] 天才<名>
começaram	ko.me.ˈsa.ɾãʊ̃	ko.me.ˈsa.ɾãʊ̃	[ko.me.ˈsa.ɾãʊ̃] 开始了<动>
caraças	/kaˈɾa.sɐs/	/kaˈɾa.sɐs/	[kaˈɾa.sɐs] 该死的<叹>
amar	/aˈma(ʁ)/	/aˈma(ʁ)/	[aˈma(ʁ)] 爱<动>
definitivamente	/de.fi.niˌt͡ʃi.vaˈmẽ.t͡ʃi/	/de.fi.niˌt͡ʃi.vaˈmẽ.t͡ʃi/	[de.fi.niˌt͡ʃi.vaˈmẽ.t͡ʃi] 绝对<副>
muda	/ˈmu.dɐ/	/ˈmu.dɐ/	[ˈmu.dɐ] 变化<名>
violência	/vi.oˈlẽ.sjɐ/	/vi.oˈlẽ.sjɐ/	[vi.oˈlẽ.sjɐ] 暴力<名>
envolver	/ẽ.vowˈve(ʁ)/	/ẽ.vowˈve(ʁ)/	[ẽ.vowˈve(ʁ)] 涉及<动>
condição	/kõ.d͡ʒiˈsɐ̃w̃/	/kõ.d͡ʒiˈsɐ̃w̃/	[kõ.d͡ʒiˈsɐ̃w̃] 条件<名>
guardar	/ɡwaʁˈda(ʁ)/	/ɡwaʁˈda(ʁ)/	[ɡwaʁˈda(ʁ)] 保存<动>
desaparecido	/de.za.pa.ɾeˈsi.du/	/de.za.pa.ɾeˈsi.du/	[de.za.pa.ɾeˈsi.du] 失踪<形>
montanha	/mõˈtɐ̃.ɲɐ/	/mõˈtɐ̃.ɲɐ/	[mõˈtɐ̃.ɲɐ] 山<名>
fraco	/ˈfɾa.ku/	/ˈfɾa.ku/	[ˈfɾa.ku] 弱<形>
vêem	ˈve.ẽỹ	ˈve.ẽỹ	[ˈve.ẽỹ] 看到<动>
modelo	/moˈde.lu/	/moˈde.lu/	[moˈde.lu] 型号<名>
topo	/ˈto.pu/	/ˈto.pu/	[ˈto.pu] 顶部<名>
prémio	/ˈpɾɛ.mju/	/ˈpɾɛ.mju/	[ˈpɾɛ.mju] 奖品<名>
anjo	/ˈɐ̃.ʒu/	/ˈɐ̃.ʒu/	[ˈɐ̃.ʒu] 天使<名>
duvidar	/du.viˈda(ʁ)/	/du.viˈda(ʁ)/	[du.viˈda(ʁ)] 怀疑<动>
chuva	/ˈʃu.vɐ/	/ˈʃu.vɐ/	[ˈʃu.vɐ] 雨<名>
bêbado	/ˈbe.ba.du/	/ˈbe.ba.du/	[ˈbe.ba.du] 喝醉了<名>
venda	/ˈvẽ.dɐ/	/ˈvẽ.dɐ/	[ˈvẽ.dɐ] 销售<名>
apaixonado	/a.paj.ʃoˈna.du/	/a.paj.ʃoˈna.du/	[a.paj.ʃoˈna.du] 恋爱中<形>
ladrão	/laˈdɾɐ̃w̃/	/laˈdɾɐ̃w̃/	[laˈdɾɐ̃w̃] 小偷<名>
ciência	/siˈẽ.sjɐ/	/siˈẽ.sjɐ/	[siˈẽ.sjɐ] 科学<名>
deitar	/dejˈta(ʁ)/	/dejˈta(ʁ)/	[dejˈta(ʁ)] 躺下<动>
pão	/ˈpɐ̃w̃/	/ˈpɐ̃w̃/	[ˈpɐ̃w̃] 面包<名>
cofre	/ˈkɔ.fɾi/	/ˈkɔ.fɾi/	[ˈkɔ.fɾi] 安全<名>
comunidade	/ko.mu.niˈda.d͡ʒi/	/ko.mu.niˈda.d͡ʒi/	[ko.mu.niˈda.d͡ʒi] 社区<名>
pânico	/ˈpɐ̃.ni.ku/	/ˈpɐ̃.ni.ku/	[ˈpɐ̃.ni.ku] 恐慌<名>
detalhe	/deˈta.ʎi/	/deˈta.ʎi/	[deˈta.ʎi] 细节<名>
social	/so.siˈaw/	/so.siˈaw/	[so.siˈaw] 社会的<名>
casal	/kaˈzaw/	/kaˈzaw/	[kaˈzaw] 情侣<名>
mandado	/mɐ̃ˈda.du/	/mɐ̃ˈda.du/	[mɐ̃ˈda.du] 令状<名>
ganho	/ˈɡɐ̃.ɲu/	/ˈɡɐ̃.ɲu/	[ˈɡɐ̃.ɲu] 增益<名>
restar	/ʁesˈta(ʁ)/	/ʁesˈta(ʁ)/	[ʁesˈta(ʁ)] 留下来<动>
orgulhoso	/oʁ.ɡuˈʎo.zu/	/oʁ.ɡuˈʎo.zu/	[oʁ.ɡuˈʎo.zu] 骄傲<形>
consciência	/kõ.siˈẽ.sjɐ/	/kõ.siˈẽ.sjɐ/	[kõ.siˈẽ.sjɐ] 良心<名>
passe	/ˈpa.si/	/ˈpa.si/	[ˈpa.si] 通过<名>
comportamento	/kõ.poʁ.taˈmẽ.tu/	/kõ.poʁ.taˈmẽ.tu/	[kõ.poʁ.taˈmẽ.tu] 行为<名>
arriscar	/a.ʁisˈka(ʁ)/	/a.ʁisˈka(ʁ)/	[a.ʁisˈka(ʁ)] 风险<动>
incluir	/ĩˈklujʁ/	/ĩˈklujʁ/	[ĩˈklujʁ] 包括<动>
exame	/eˈzɐ̃.mi/	/eˈzɐ̃.mi/	[eˈzɐ̃.mi] 考试<名>
sarilho	/saˈɾi.ʎu/	/saˈɾi.ʎu/	[saˈɾi.ʎu] 麻烦<名>
deram	/ˈdɛ.ɾɐ̃w̃/	/ˈdɛ.ɾɐ̃w̃/	[ˈdɛ.ɾɐ̃w̃] 给了<动>
autorização	/aw.to.ɾi.zaˈsɐ̃w̃/	/aw.to.ɾi.zaˈsɐ̃w̃/	[aw.to.ɾi.zaˈsɐ̃w̃] 授权<名>
castelo	/kasˈtɛ.lu/	/kasˈtɛ.lu/	[kasˈtɛ.lu] 城堡<名>
lavar	/laˈva(ʁ)/	/laˈva(ʁ)/	[laˈva(ʁ)] 洗<动>
disposto	/d͡ʒisˈpos.tu/	/d͡ʒisˈpos.tu/	[d͡ʒisˈpos.tu] 愿意<形>
custar	/kusˈta(ʁ)/	/kusˈta(ʁ)/	[kusˈta(ʁ)] 成本<动>
zero	/ˈzɛ.ɾu/	/ˈzɛ.ɾu/	[ˈzɛ.ɾu] 零<名>
assustador	/a.sus.taˈdoʁ/	/a.sus.taˈdoʁ/	[a.sus.taˈdoʁ] 可怕的<名>
piloto	/piˈlo.tu/	/piˈlo.tu/	[piˈlo.tu] 飞行员<名>
princípio	/pɾĩˈsi.pju/	/pɾĩˈsi.pju/	[pɾĩˈsi.pju] 原则<名>
vírus	/ˈvi.ɾus/	/ˈvi.ɾus/	[ˈvi.ɾus] 病毒<名>
passeio	/paˈsej.u/	/paˈsej.u/	[paˈsej.u] 骑<名>
doer	/duˈe(ʁ)/	/duˈe(ʁ)/	[duˈe(ʁ)] 受伤<动>
idéia	/iˈdɛj.ɐ/	/iˈdɛj.ɐ/	[iˈdɛj.ɐ] 想法<名>
mundial	/mũ.d͡ʒiˈaw/	/mũ.d͡ʒiˈaw/	[mũ.d͡ʒiˈaw] 全世界<名>
intenção	/ĩ.tẽˈsɐ̃w̃/	/ĩ.tẽˈsɐ̃w̃/	[ĩ.tẽˈsɐ̃w̃] 意图<名>
curso	/ˈkuʁ.su/	/ˈkuʁ.su/	[ˈkuʁ.su] 课程<名>
domingo	/duˈmĩ.ɡu/	/duˈmĩ.ɡu/	[duˈmĩ.ɡu] 周日<名>
avisar	/a.viˈza(ʁ)/	/a.viˈza(ʁ)/	[a.viˈza(ʁ)] 警告<动>
acabaram	a.ka.ˈba.ɾãʊ̃	a.ka.ˈba.ɾãʊ̃	[a.ka.ˈba.ɾãʊ̃] 结束了<动>
golpe	/ˈɡɔw.pi/	/ˈɡɔw.pi/	[ˈɡɔw.pi] 吹<名>
entrevista	/ẽ.tɾeˈvis.tɐ/	/ẽ.tɾeˈvis.tɐ/	[ẽ.tɾeˈvis.tɐ] 采访<名>
armadilha	/aʁ.maˈd͡ʒi.ʎɐ/	/aʁ.maˈd͡ʒi.ʎɐ/	[aʁ.maˈd͡ʒi.ʎɐ] 陷阱<名>
marcar	/maʁˈka(ʁ)/	/maʁˈka(ʁ)/	[maʁˈka(ʁ)] 标记<动>
documento	/do.kuˈmẽ.tu/	/do.kuˈmẽ.tu/	[do.kuˈmẽ.tu] 文件<名>
recentemente	/ʁeˌsẽ.t͡ʃiˈmẽ.t͡ʃi/	/ʁeˌsẽ.t͡ʃiˈmẽ.t͡ʃi/	[ʁeˌsẽ.t͡ʃiˈmẽ.t͡ʃi] 最近<副>
detestar	/de.tesˈta(ʁ)/	/de.tesˈta(ʁ)/	[de.tesˈta(ʁ)] 厌恶<动>
entretanto	/ẽ.tɾeˈtɐ̃.tu/	/ẽ.tɾeˈtɐ̃.tu/	[ẽ.tɾeˈtɐ̃.tu] 然而<名>
queijo	/ˈke(j).ʒu/	/ˈke(j).ʒu/	[ˈke(j).ʒu] 奶酪<名>
truque	/ˈtɾu.ki/	/ˈtɾu.ki/	[ˈtɾu.ki] 伎俩<名>
roubo	/ˈʁo(w).bu/	/ˈʁo(w).bu/	[ˈʁo(w).bu] 抢劫<名>
juntar	/ʒũˈta(ʁ)/	/ʒũˈta(ʁ)/	[ʒũˈta(ʁ)] 加入<动>
francês	/fɾɐ̃ˈse(j)s/	/fɾɐ̃ˈse(j)s/	[fɾɐ̃ˈse(j)s] 法语<名>
legenda	/leˈʒẽ.dɐ/	/leˈʒẽ.dɐ/	[leˈʒẽ.dɐ] 标题<名>
imbecil	/ĩ.beˈsiw/	/ĩ.beˈsiw/	[ĩ.beˈsiw] 愚蠢的<形>
honesto	/oˈnɛs.tu/	/oˈnɛs.tu/	[oˈnɛs.tu] 诚实的<形>
necessidade	/ne.se.siˈda.d͡ʒi/	/ne.se.siˈda.d͡ʒi/	[ne.se.siˈda.d͡ʒi] 需要<名>
particular	/paʁ.t͡ʃi.kuˈlaʁ/	/paʁ.t͡ʃi.kuˈlaʁ/	[paʁ.t͡ʃi.kuˈlaʁ] 私人的<形>
sede	/ˈse.d͡ʒi/	/ˈse.d͡ʒi/	[ˈse.d͡ʒi] 总部<名>
torre	/ˈto.ʁi/	/ˈto.ʁi/	[ˈto.ʁi] 塔<名>
artigo	/aʁˈt͡ʃi.ɡu/	/aʁˈt͡ʃi.ɡu/	[aʁˈt͡ʃi.ɡu] 文章<名>
palco	/ˈpaw.ku/	/ˈpaw.ku/	[ˈpaw.ku] 舞台<名>
gelado	/ʒeˈla.du/	/ʒeˈla.du/	[ʒeˈla.du] 冰淇淋<名>
quadro	/ˈkwa.dɾu/	/ˈkwa.dɾu/	[ˈkwa.dɾu] 框架<名>
mataram	/maˈta.ɾɐ̃w̃/	/maˈta.ɾɐ̃w̃/	[maˈta.ɾɐ̃w̃] 被杀<动>
cem	/ˈsẽj̃/	/ˈsẽj̃/	[ˈsẽj̃] 一百<名>
directamente	dʒi.ɾɛ.ta.ˈmẽ.tʃɪ	dʒi.ɾɛ.ta.ˈmẽ.tʃɪ	[dʒi.ɾɛ.ta.ˈmẽ.tʃɪ] 直接<副>
extra	/ˈes.tɾɐ/	/ˈes.tɾɐ/	[ˈes.tɾɐ] 额外的<名>
carga	/ˈkaʁ.ɡɐ/	/ˈkaʁ.ɡɐ/	[ˈkaʁ.ɡɐ] 负载<名>
tento	/ˈtẽ.tu/	/ˈtẽ.tu/	[ˈtẽ.tu] 我尝试<名>
lição	/liˈsɐ̃w̃/	/liˈsɐ̃w̃/	[liˈsɐ̃w̃] 教训<名>
vigilância	/vi.ʒiˈlɐ̃.sjɐ/	/vi.ʒiˈlɐ̃.sjɐ/	[vi.ʒiˈlɐ̃.sjɐ] 监视<名>
chance	/ˈʃɐ̃.si/	/ˈʃɐ̃.si/	[ˈʃɐ̃.si] 机会<名>
fila	/ˈfi.lɐ/	/ˈfi.lɐ/	[ˈfi.lɐ] 队列<名>
vestir	/vesˈt͡ʃi(ʁ)/	/vesˈt͡ʃi(ʁ)/	[vesˈt͡ʃi(ʁ)] 连衣裙<动>
levado	/leˈva.du/	/leˈva.du/	[leˈva.du] 采取<形>
claramente	/ˌkla.ɾaˈmẽ.t͡ʃi/	/ˌkla.ɾaˈmẽ.t͡ʃi/	[ˌkla.ɾaˈmẽ.t͡ʃi] 清楚地<副>
escondido	/is.kõˈd͡ʒi.du/	/is.kõˈd͡ʒi.du/	[is.kõˈd͡ʒi.du] 隐藏的<形>
parvo	/ˈpaʁ.vu/	/ˈpaʁ.vu/	[ˈpaʁ.vu] 愚蠢的<名>
sarar	/saˈɾa(ʁ)/	/saˈɾa(ʁ)/	[saˈɾa(ʁ)] 治愈<动>
garote			女孩<名>
humanidade	/u.mɐ̃.niˈda.d͡ʒi/	/u.mɐ̃.niˈda.d͡ʒi/	[u.mɐ̃.niˈda.d͡ʒi] 人性<名>
superior	/su.pe.ɾiˈoʁ/	/su.pe.ɾiˈoʁ/	[su.pe.ɾiˈoʁ] 上层<名>
geral	/ʒeˈɾaw/	/ʒeˈɾaw/	[ʒeˈɾaw] 一般<名>
prender	/pɾẽˈde(ʁ)/	/pɾẽˈde(ʁ)/	[pɾẽˈde(ʁ)] 逮捕<动>
piscina	/piˈsĩ.nɐ/	/piˈsĩ.nɐ/	[piˈsĩ.nɐ] 游泳池<名>
oferecer	/o.fe.ɾeˈse(ʁ)/	/o.fe.ɾeˈse(ʁ)/	[o.fe.ɾeˈse(ʁ)] 报价<动>
federal	/fe.deˈɾaw/	/fe.deˈɾaw/	[fe.deˈɾaw] 联邦的<名>
fronteira	/fɾõˈte(j).ɾɐ/	/fɾõˈte(j).ɾɐ/	[fɾõˈte(j).ɾɐ] 边界<名>
óculos	/ˈɔ.ku.lus/	/ˈɔ.ku.lus/	[ˈɔ.ku.lus] 眼镜<名>
ensinar	/ẽ.siˈna(ʁ)/	/ẽ.siˈna(ʁ)/	[ẽ.siˈna(ʁ)] 教<动>
ferida	/feˈɾi.dɐ/	/feˈɾi.dɐ/	[feˈɾi.dɐ] 伤口<名>
trocar	/tɾoˈka(ʁ)/	/tɾoˈka(ʁ)/	[tɾoˈka(ʁ)] 交换<动>
inútil	/iˈnu.t͡ʃiw/	/iˈnu.t͡ʃiw/	[iˈnu.t͡ʃiw] 无用的<名>
s.	sɛˈɡʊ̃du	sɛˈɡʊ̃du	[sɛˈɡʊ̃du] s。<名>
escada	/isˈka.dɐ/	/isˈka.dɐ/	[isˈka.dɐ] 梯子<名>
basicamente	/ˌba.zi.kaˈmẽ.t͡ʃi/	/ˌba.zi.kaˈmẽ.t͡ʃi/	[ˌba.zi.kaˈmẽ.t͡ʃi] 基本上<副>
garantir	/ɡa.ɾɐ̃ˈt͡ʃi(ʁ)/	/ɡa.ɾɐ̃ˈt͡ʃi(ʁ)/	[ɡa.ɾɐ̃ˈt͡ʃi(ʁ)] 保证<动>
diversão	/d͡ʒi.veʁˈsɐ̃w̃/	/d͡ʒi.veʁˈsɐ̃w̃/	[d͡ʒi.veʁˈsɐ̃w̃] 有趣<名>
assinar	/a.siˈna(ʁ)/	/a.siˈna(ʁ)/	[a.siˈna(ʁ)] 标志<动>
armário	/aʁˈma.ɾju/	/aʁˈma.ɾju/	[aʁˈma.ɾju] 壁橱<名>
privado	/pɾiˈva.du/	/pɾiˈva.du/	[pɾiˈva.du] 私人的<名>
deserto	/deˈzɛʁ.tu/	/deˈzɛʁ.tu/	[deˈzɛʁ.tu] 沙漠<名>
possibilidade	/po.si.bi.liˈda.d͡ʒi/	/po.si.bi.liˈda.d͡ʒi/	[po.si.bi.liˈda.d͡ʒi] 可能性<名>
incêndio	/ĩˈsẽ.d͡ʒju/	/ĩˈsẽ.d͡ʒju/	[ĩˈsẽ.d͡ʒju] 火<名>
impressionante	/ĩ.pɾe.si.oˈnɐ̃.t͡ʃi/	/ĩ.pɾe.si.oˈnɐ̃.t͡ʃi/	[ĩ.pɾe.si.oˈnɐ̃.t͡ʃi] 令人印象深刻<形>
cumprir	/kũˈpɾi(ʁ)/	/kũˈpɾi(ʁ)/	[kũˈpɾi(ʁ)] 履行<动>
agência	/aˈʒẽ.sjɐ/	/aˈʒẽ.sjɐ/	[aˈʒẽ.sjɐ] 代理机构<名>
fábrica	/ˈfa.bɾi.kɐ/	/ˈfa.bɾi.kɐ/	[ˈfa.bɾi.kɐ] 工厂<名>
felicidade	/fe.li.siˈda.d͡ʒi/	/fe.li.siˈda.d͡ʒi/	[fe.li.siˈda.d͡ʒi] 幸福<名>
poderoso	/po.deˈɾo.zu/	/po.deˈɾo.zu/	[po.deˈɾo.zu] 强大的<形>
partilhar	/paʁ.t͡ʃiˈʎa(ʁ)/	/paʁ.t͡ʃiˈʎa(ʁ)/	[paʁ.t͡ʃiˈʎa(ʁ)] 分享<动>
localização	/lo.ka.li.zaˈsɐ̃w̃/	/lo.ka.li.zaˈsɐ̃w̃/	[lo.ka.li.zaˈsɐ̃w̃] 地点<名>
regra	/ˈʁɛ.ɡɾɐ/	/ˈʁɛ.ɡɾɐ/	[ˈʁɛ.ɡɾɐ] 规则<名>
mentiroso	/mẽ.t͡ʃiˈɾo.zu/	/mẽ.t͡ʃiˈɾo.zu/	[mẽ.t͡ʃiˈɾo.zu] 骗子<名>
suicídio	/su.iˈsi.d͡ʒju/	/su.iˈsi.d͡ʒju/	[su.iˈsi.d͡ʒju] 自杀<名>
corda	/ˈkɔʁ.dɐ/	/ˈkɔʁ.dɐ/	[ˈkɔʁ.dɐ] 绳子<名>
menor	/meˈnɔʁ/	/meˈnɔʁ/	[meˈnɔʁ] 较小<名>
choque	/ˈʃɔ.ki/	/ˈʃɔ.ki/	[ˈʃɔ.ki] 震惊<名>
virar	/viˈɾa(ʁ)/	/viˈɾa(ʁ)/	[viˈɾa(ʁ)] 转<动>
tá	/ˈta/	/ˈta/	[ˈta] 好的<动>
álcool	/ˈaw.kow/	/ˈaw.kow/	[ˈaw.kow] 酒精<名>
importância	/ĩ.poʁˈtɐ̃.sjɐ/	/ĩ.poʁˈtɐ̃.sjɐ/	[ĩ.poʁˈtɐ̃.sjɐ] 重要性<名>
fase	/ˈfa.zi/	/ˈfa.zi/	[ˈfa.zi] 阶段<名>
adivinhar	/a.d͡ʒi.vĩˈɲa(ʁ)/	/a.d͡ʒi.vĩˈɲa(ʁ)/	[a.d͡ʒi.vĩˈɲa(ʁ)] 猜测<动>
partiu	/paʁˈt͡ʃiw/	/paʁˈt͡ʃiw/	[paʁˈt͡ʃiw] 左<叹>
carteiro	/kaʁˈte(j).ɾu/	/kaʁˈte(j).ɾu/	[kaʁˈte(j).ɾu] 邮递员<名>
telefonar	/te.le.foˈna(ʁ)/	/te.le.foˈna(ʁ)/	[te.le.foˈna(ʁ)] 打电话<动>
famoso	/faˈmo.zu/	/faˈmo.zu/	[faˈmo.zu] 著名的<名>
digitar	/d͡ʒi.ʒiˈta(ʁ)/	/d͡ʒi.ʒiˈta(ʁ)/	[d͡ʒi.ʒiˈta(ʁ)] 类型<动>
atender	/a.tẽˈde(ʁ)/	/a.tẽˈde(ʁ)/	[a.tẽˈde(ʁ)] 见面<动>
rock	/ˈʁɔ.ki/	/ˈʁɔ.ki/	[ˈʁɔ.ki] 摇滚<名>
passagem	/paˈsa.ʒẽj̃/	/paˈsa.ʒẽj̃/	[paˈsa.ʒẽj̃] 通道<名>
gordo	/ˈɡoʁ.du/	/ˈɡoʁ.du/	[ˈɡoʁ.du] 脂肪<名>
cura	/ˈku.ɾɐ/	/ˈku.ɾɐ/	[ˈku.ɾɐ] 治愈<名>
demónio	/dɨˈmɔ.ni.u/	/dɨˈmɔ.ni.u/	[dɨˈmɔ.ni.u] 恶魔<名>
madame	/maˈdɐ̃.mi/	/maˈdɐ̃.mi/	[maˈdɐ̃.mi] 女士<名>
desejar	/de.zeˈʒa(ʁ)/	/de.zeˈʒa(ʁ)/	[de.zeˈʒa(ʁ)] 愿望<动>
revisão	/ʁe.viˈzɐ̃w̃/	/ʁe.viˈzɐ̃w̃/	[ʁe.viˈzɐ̃w̃] 评论<名>
roubado	xow.ˈba.dʊ	xow.ˈba.dʊ	[xow.ˈba.dʊ] 被盗<形>
bolso	/ˈbow.su/	/ˈbow.su/	[ˈbow.su] 口袋<名>
suficientemente	/su.fi.siˌẽ.t͡ʃiˈmẽ.t͡ʃi/	/su.fi.siˌẽ.t͡ʃiˈmẽ.t͡ʃi/	[su.fi.siˌẽ.t͡ʃiˈmẽ.t͡ʃi] 充分地<副>
quilómetro	/kiˈlɔ.mɨ.tɾu/	/kiˈlɔ.mɨ.tɾu/	[kiˈlɔ.mɨ.tɾu] 公里<名>
esquisito	/is.kiˈzi.tu/	/is.kiˈzi.tu/	[is.kiˈzi.tu] 奇怪的<名>
talento	/taˈlẽ.tu/	/taˈlẽ.tu/	[taˈlẽ.tu] 人才<名>
identidade	/i.dẽ.t͡ʃiˈda.d͡ʒi/	/i.dẽ.t͡ʃiˈda.d͡ʒi/	[i.dẽ.t͡ʃiˈda.d͡ʒi] 身份<名>
uau	/ˈwaw/	/ˈwaw/	[ˈwaw] 哇<名>
ouviram	ow.ˈvi.ɾãʊ̃	ow.ˈvi.ɾãʊ̃	[ow.ˈvi.ɾãʊ̃] 听到<动>
telhado	/teˈʎa.du/	/teˈʎa.du/	[teˈʎa.du] 屋顶<名>
proposta	/pɾoˈpɔs.tɐ/	/pɾoˈpɔs.tɐ/	[pɾoˈpɔs.tɐ] 提案<名>
campanha	/kɐ̃ˈpɐ̃.ɲɐ/	/kɐ̃ˈpɐ̃.ɲɐ/	[kɐ̃ˈpɐ̃.ɲɐ] 活动<名>
secreto	/seˈkɾɛ.tu/	/seˈkɾɛ.tu/	[seˈkɾɛ.tu] 秘密<名>
levaram	/leˈva.ɾɐ̃w̃/	/leˈva.ɾɐ̃w̃/	[leˈva.ɾɐ̃w̃] 采取了<动>
página	/ˈpa.ʒi.nɐ/	/ˈpa.ʒi.nɐ/	[ˈpa.ʒi.nɐ] 页面<名>
ambulância	/ɐ̃.buˈlɐ̃.sjɐ/	/ɐ̃.buˈlɐ̃.sjɐ/	[ɐ̃.buˈlɐ̃.sjɐ] 救护车<名>
fechado	/feˈʃa.du/	/feˈʃa.du/	[feˈʃa.du] 关闭<名>
século	/ˈsɛ.ku.lu/	/ˈsɛ.ku.lu/	[ˈsɛ.ku.lu] 世纪<名>
discussão	/d͡ʒis.kuˈsɐ̃w̃/	/d͡ʒis.kuˈsɐ̃w̃/	[d͡ʒis.kuˈsɐ̃w̃] 讨论<名>
identificação	/i.dẽ.t͡ʃi.fi.kaˈsɐ̃w̃/	/i.dẽ.t͡ʃi.fi.kaˈsɐ̃w̃/	[i.dẽ.t͡ʃi.fi.kaˈsɐ̃w̃] 识别<名>
ferro	/ˈfɛ.ʁu/	/ˈfɛ.ʁu/	[ˈfɛ.ʁu] 铁<名>
nascer	/naˈse(ʁ)/	/naˈse(ʁ)/	[naˈse(ʁ)] 出生<动>
motor	/moˈtoʁ/	/moˈtoʁ/	[moˈtoʁ] 发动机<名>
senador	/se.naˈdoʁ/	/se.naˈdoʁ/	[se.naˈdoʁ] 参议员<名>
chateado	/ʃa.t͡ʃiˈa.du/	/ʃa.t͡ʃiˈa.du/	[ʃa.t͡ʃiˈa.du] 心烦意乱<形>
humor	/uˈmoʁ/	/uˈmoʁ/	[uˈmoʁ] 心情<名>
nojento	/noˈʒẽ.tu/	/noˈʒẽ.tu/	[noˈʒẽ.tu] 恶心的<形>
artista	/aʁˈt͡ʃis.tɐ/	/aʁˈt͡ʃis.tɐ/	[aʁˈt͡ʃis.tɐ] 艺术家<名>
mínimo	/ˈmĩ.ni.mu/	/ˈmĩ.ni.mu/	[ˈmĩ.ni.mu] 最小值<名>
urso	/ˈuʁ.su/	/ˈuʁ.su/	[ˈuʁ.su] 熊<名>
dano	/ˈdɐ̃.nu/	/ˈdɐ̃.nu/	[ˈdɐ̃.nu] 损坏<名>
terreno	/teˈʁẽ.nu/	/teˈʁẽ.nu/	[teˈʁẽ.nu] 地形<名>
experimentar	/is.pe.ɾi.mẽˈta(ʁ)/	/is.pe.ɾi.mẽˈta(ʁ)/	[is.pe.ɾi.mẽˈta(ʁ)] 尝试<动>
permitir	/peʁ.miˈt͡ʃi(ʁ)/	/peʁ.miˈt͡ʃi(ʁ)/	[peʁ.miˈt͡ʃi(ʁ)] 允许<动>
brincadeira	/bɾĩ.kaˈde(j).ɾɐ/	/bɾĩ.kaˈde(j).ɾɐ/	[bɾĩ.kaˈde(j).ɾɐ] 笑话<名>
canto	/ˈkɐ̃.tu/	/ˈkɐ̃.tu/	[ˈkɐ̃.tu] 角落<名>
completar	/kõ.pleˈta(ʁ)/	/kõ.pleˈta(ʁ)/	[kõ.pleˈta(ʁ)] 完成<动>
canal	/kaˈnaw/	/kaˈnaw/	[kaˈnaw] 频道<名>
van	/ˈvɐ̃/	/ˈvɐ̃/	[ˈvɐ̃] 货车<名>
quartos	/ˈkwaʁ.tus/	/ˈkwaʁ.tus/	[ˈkwaʁ.tus] 房间<名>
atravessar	/a.tɾa.veˈsa(ʁ)/	/a.tɾa.veˈsa(ʁ)/	[a.tɾa.veˈsa(ʁ)] 十字<动>
bruxa	/ˈbɾu.ʃɐ/	/ˈbɾu.ʃɐ/	[ˈbɾu.ʃɐ] 女巫<名>
sinceramente	/sĩˌsɛ.ɾaˈmẽ.t͡ʃi/	/sĩˌsɛ.ɾaˈmẽ.t͡ʃi/	[sĩˌsɛ.ɾaˈmẽ.t͡ʃi] 真诚地<副>
directo	dʒi.ˈɾɛ.tʊ	dʒi.ˈɾɛ.tʊ	[dʒi.ˈɾɛ.tʊ] 直接<形>
sofá	/soˈfa/	/soˈfa/	[soˈfa] 沙发<名>
episódio	/e.piˈzɔ.d͡ʒju/	/e.piˈzɔ.d͡ʒju/	[e.piˈzɔ.d͡ʒju] 情节<名>
solo	/ˈsɔ.lu/	/ˈsɔ.lu/	[ˈsɔ.lu] 土壤<名>
perante	/peˈɾɐ̃.t͡ʃi/	/peˈɾɐ̃.t͡ʃi/	[peˈɾɐ̃.t͡ʃi] 之前<介>
fim-de-semana	fĩ dʒi siˈmɐ̃na	fĩ dʒi siˈmɐ̃na	[fĩ dʒi siˈmɐ̃na] 周末<名>
bando	/ˈbɐ̃.du/	/ˈbɐ̃.du/	[ˈbɐ̃.du] 一堆<名>
regresso	/ʁeˈɡɾɛ.su/	/ʁeˈɡɾɛ.su/	[ʁeˈɡɾɛ.su] 返回<名>
convidado	/kõ.viˈda.du/	/kõ.viˈda.du/	[kõ.viˈda.du] 客人<名>
disco	/ˈd͡ʒis.ku/	/ˈd͡ʒis.ku/	[ˈd͡ʒis.ku] 磁盘<名>
alegria	/a.leˈɡɾi.ɐ/	/a.leˈɡɾi.ɐ/	[a.leˈɡɾi.ɐ] 喜悦<名>
ilegal	/i.leˈɡaw/	/i.leˈɡaw/	[i.leˈɡaw] 非法的<形>
parado	/paˈɾa.du/	/paˈɾa.du/	[paˈɾa.du] 停止了<形>
amizade	/a.miˈza.d͡ʒi/	/a.miˈza.d͡ʒi/	[a.miˈza.d͡ʒi] 友谊<名>
governador	/ɡo.veʁ.naˈdoʁ/	/ɡo.veʁ.naˈdoʁ/	[ɡo.veʁ.naˈdoʁ] 州长<名>
coma	/ˈkõ.mɐ/	/ˈkõ.mɐ/	[ˈkõ.mɐ] 吃<名>
permissão	/peʁ.miˈsɐ̃w̃/	/peʁ.miˈsɐ̃w̃/	[peʁ.miˈsɐ̃w̃] 许可<名>
criminoso	/kɾi.miˈno.zu/	/kɾi.miˈno.zu/	[kɾi.miˈno.zu] 罪犯<名>
correio	/koˈʁej.u/	/koˈʁej.u/	[koˈʁej.u] 邮件<名>
gigante	/ʒiˈɡɐ̃.t͡ʃi/	/ʒiˈɡɐ̃.t͡ʃi/	[ʒiˈɡɐ̃.t͡ʃi] 巨人<名>
confortável	/kõ.foʁˈta.vew/	/kõ.foʁˈta.vew/	[kõ.foʁˈta.vew] 舒适<形>
acordado	/a.koʁˈda.du/	/a.koʁˈda.du/	[a.koʁˈda.du] 醒着<形>
carregar	/ka.ʁeˈɡa(ʁ)/	/ka.ʁeˈɡa(ʁ)/	[ka.ʁeˈɡa(ʁ)] 负载<动>
estragar	/is.tɾaˈɡa(ʁ)/	/is.tɾaˈɡa(ʁ)/	[is.tɾaˈɡa(ʁ)] 破坏<动>
pesadelo	/pe.zaˈde.lu/	/pe.zaˈde.lu/	[pe.zaˈde.lu] 噩梦<名>
facilmente	/ˌfa.siwˈmẽ.t͡ʃi/	/ˌfa.siwˈmẽ.t͡ʃi/	[ˌfa.siwˈmẽ.t͡ʃi] 轻松地<副>
defender	/de.fẽˈde(ʁ)/	/de.fẽˈde(ʁ)/	[de.fẽˈde(ʁ)] 捍卫<动>
ena	/ˈẽ.nɐ/	/ˈẽ.nɐ/	[ˈẽ.nɐ] 埃纳<叹>
tripulação	/tɾi.pu.laˈsɐ̃w̃/	/tɾi.pu.laˈsɐ̃w̃/	[tɾi.pu.laˈsɐ̃w̃] 船员<名>
queda	/ˈkɛ.dɐ/	/ˈkɛ.dɐ/	[ˈkɛ.dɐ] 秋天<名>
clara	/ˈkla.ɾɐ/	/ˈkla.ɾɐ/	[ˈkla.ɾɐ] 清晰<名>
alarme	/aˈlaʁ.mi/	/aˈlaʁ.mi/	[aˈlaʁ.mi] 警报<名>
pó	/ˈpɔ/	/ˈpɔ/	[ˈpɔ] 粉末<名>
santa	/ˈsɐ̃.tɐ/	/ˈsɐ̃.tɐ/	[ˈsɐ̃.tɐ] 圣人<名>
milagre	/miˈla.ɡɾi/	/miˈla.ɡɾi/	[miˈla.ɡɾi] 奇迹<名>
cheque	/ˈʃɛ.ki/	/ˈʃɛ.ki/	[ˈʃɛ.ki] 检查<名>
alemão	/a.leˈmɐ̃w̃/	/a.leˈmɐ̃w̃/	[a.leˈmɐ̃w̃] 德语<名>
teatro	/teˈa.tɾu/	/teˈa.tɾu/	[teˈa.tɾu] 剧院<名>
capacidade	/ka.pa.siˈda.d͡ʒi/	/ka.pa.siˈda.d͡ʒi/	[ka.pa.siˈda.d͡ʒi] 容量<名>
entrega	/ẽˈtɾɛ.ɡɐ/	/ẽˈtɾɛ.ɡɐ/	[ẽˈtɾɛ.ɡɐ] 交货<名>
período	/peˈɾiw.du/	/peˈɾiw.du/	[peˈɾiw.du] 期间<名>
estômago	/isˈtõ.ma.ɡu/	/isˈtõ.ma.ɡu/	[isˈtõ.ma.ɡu] 胃<名>
provável	/pɾoˈva.vew/	/pɾoˈva.vew/	[pɾoˈva.vew] 可能<形>
adorável	/a.doˈɾa.vew/	/a.doˈɾa.vew/	[a.doˈɾa.vew] 可爱的<形>
acampamento	/a.kɐ̃.paˈmẽ.tu/	/a.kɐ̃.paˈmẽ.tu/	[a.kɐ̃.paˈmẽ.tu] 营地<名>
china	/ˈʃĩ.nɐ/	/ˈʃĩ.nɐ/	[ˈʃĩ.nɐ] 中国<名>
cela	/ˈsɛ.lɐ/	/ˈsɛ.lɐ/	[ˈsɛ.lɐ] 细胞<名>
moda	/ˈmɔ.dɐ/	/ˈmɔ.dɐ/	[ˈmɔ.dɐ] 时尚<名>
madeira	/maˈde(j).ɾɐ/	/maˈde(j).ɾɐ/	[maˈde(j).ɾɐ] 木头<名>
garganta	/ɡaʁˈɡɐ̃.tɐ/	/ɡaʁˈɡɐ̃.tɐ/	[ɡaʁˈɡɐ̃.tɐ] 喉咙<名>
acusação	/a.ku.zaˈsɐ̃w̃/	/a.ku.zaˈsɐ̃w̃/	[a.ku.zaˈsɐ̃w̃] 指控<名>
planear	/plɐˈnjaɾ/	/plɐˈnjaɾ/	[plɐˈnjaɾ] 计划<动>
ambiente	/ɐ̃.biˈẽ.t͡ʃi/	/ɐ̃.biˈẽ.t͡ʃi/	[ɐ̃.biˈẽ.t͡ʃi] 环境<名>
calmo	/ˈkaw.mu/	/ˈkaw.mu/	[ˈkaw.mu] 冷静<形>
bravo	/ˈbɾa.vu/	/ˈbɾa.vu/	[ˈbɾa.vu] 生气<名>
eh	ɛ	ɛ	[ɛ] 呃<动>
soar	/suˈa(ʁ)/	/suˈa(ʁ)/	[suˈa(ʁ)] 声音<动>
garagem	/ɡaˈɾa.ʒẽj̃/	/ɡaˈɾa.ʒẽj̃/	[ɡaˈɾa.ʒẽj̃] 车库<名>
assustado	/a.susˈta.du/	/a.susˈta.du/	[a.susˈta.du] 害怕<形>
libertar	/li.beʁˈta(ʁ)/	/li.beʁˈta(ʁ)/	[li.beʁˈta(ʁ)] 免费<动>
cave	/ˈka.vi/	/ˈka.vi/	[ˈka.vi] 地下室<名>
aumentar	/aw.mẽˈta(ʁ)/	/aw.mẽˈta(ʁ)/	[aw.mẽˈta(ʁ)] 增加<动>
aposta	/aˈpɔs.tɐ/	/aˈpɔs.tɐ/	[aˈpɔs.tɐ] 打赌<名>
reserva	/ʁeˈzɛʁ.vɐ/	/ʁeˈzɛʁ.vɐ/	[ʁeˈzɛʁ.vɐ] 预订<名>
erva	/ˈɛʁ.vɐ/	/ˈɛʁ.vɐ/	[ˈɛʁ.vɐ] 药草<名>
retirar	/ʁe.t͡ʃiˈɾa(ʁ)/	/ʁe.t͡ʃiˈɾa(ʁ)/	[ʁe.t͡ʃiˈɾa(ʁ)] 撤回<动>
calar	/kaˈla(ʁ)/	/kaˈla(ʁ)/	[kaˈla(ʁ)] 闭嘴<动>
somente	/ˌsɔˈmẽ.t͡ʃi/	/ˌsɔˈmẽ.t͡ʃi/	[ˌsɔˈmẽ.t͡ʃi] 仅<副>
promessa	/pɾoˈmɛ.sɐ/	/pɾoˈmɛ.sɐ/	[pɾoˈmɛ.sɐ] 承诺<名>
gasolina	/ɡa.zuˈlĩ.nɐ/	/ɡa.zuˈlĩ.nɐ/	[ɡa.zuˈlĩ.nɐ] 汽油<名>
versão	/veʁˈsɐ̃w̃/	/veʁˈsɐ̃w̃/	[veʁˈsɐ̃w̃] 版本<名>
sorriso	/soˈʁi.zu/	/soˈʁi.zu/	[soˈʁi.zu] 微笑<名>
relaxar	/ʁe.laˈʃa(ʁ)/	/ʁe.laˈʃa(ʁ)/	[ʁe.laˈʃa(ʁ)] 放松<动>
campeão	/kɐ̃.piˈɐ̃w̃/	/kɐ̃.piˈɐ̃w̃/	[kɐ̃.piˈɐ̃w̃] 冠军<名>
causar	/kawˈza(ʁ)/	/kawˈza(ʁ)/	[kawˈza(ʁ)] 原因<动>
gentil	/ʒẽˈt͡ʃiw/	/ʒẽˈt͡ʃiw/	[ʒẽˈt͡ʃiw] 温柔的<形>
big	big	big	[big] 大<形>
inverno	/ĩˈvɛʁ.nu/	/ĩˈvɛʁ.nu/	[ĩˈvɛʁ.nu] 冬天<名>
vizinho	/viˈzĩ.ɲu/	/viˈzĩ.ɲu/	[viˈzĩ.ɲu] 邻居<名>
tivessem	/t͡ʃiˈvɛ.sẽj̃/	/t͡ʃiˈvɛ.sẽj̃/	[t͡ʃiˈvɛ.sẽj̃] 有<动>
diário	/d͡ʒiˈa.ɾju/	/d͡ʒiˈa.ɾju/	[d͡ʒiˈa.ɾju] 日记<名>
divisão	/d͡ʒi.viˈzɐ̃w̃/	/d͡ʒi.viˈzɐ̃w̃/	[d͡ʒi.viˈzɐ̃w̃] 师<名>
praticamente	/ˌpɾa.t͡ʃi.kaˈmẽ.t͡ʃi/	/ˌpɾa.t͡ʃi.kaˈmẽ.t͡ʃi/	[ˌpɾa.t͡ʃi.kaˈmẽ.t͡ʃi] 实际上<副>
júri	/ˈʒu.ɾi/	/ˈʒu.ɾi/	[ˈʒu.ɾi] 陪审团<名>
tomate	/toˈma.t͡ʃi/	/toˈma.t͡ʃi/	[toˈma.t͡ʃi] 番茄<名>
espelho	/isˈpe.ʎu/	/isˈpe.ʎu/	[isˈpe.ʎu] 镜子<名>
fumo	/ˈfũ.mu/	/ˈfũ.mu/	[ˈfũ.mu] 抽烟<名>
limitar	/li.miˈta(ʁ)/	/li.miˈta(ʁ)/	[li.miˈta(ʁ)] 限制<动>
rosa	/ˈʁɔ.zɐ/	/ˈʁɔ.zɐ/	[ˈʁɔ.zɐ] 粉红色<名>
dom	/ˈdõ/	/ˈdõ/	[ˈdõ] 礼物<名>
padrão	/paˈdɾɐ̃w̃/	/paˈdɾɐ̃w̃/	[paˈdɾɐ̃w̃] 默认<名>
garoto	/ɡaˈɾo.tu/	/ɡaˈɾo.tu/	[ɡaˈɾo.tu] 男孩<名>
conseguiram	/kõ.seˈɡi.ɾɐ̃w̃/	/kõ.seˈɡi.ɾɐ̃w̃/	[kõ.seˈɡi.ɾɐ̃w̃] 明白了<动>
revista	/ʁeˈvis.tɐ/	/ʁeˈvis.tɐ/	[ʁeˈvis.tɐ] 杂志<名>
elevador	/e.le.vaˈdoʁ/	/e.le.vaˈdoʁ/	[e.le.vaˈdoʁ] 电梯<名>
tesouro	/teˈzo(w).ɾu/	/teˈzo(w).ɾu/	[teˈzo(w).ɾu] 宝藏<名>
rato	/ˈʁa.tu/	/ˈʁa.tu/	[ˈʁa.tu] 鼠标<名>
imagina	/i.maˈʒĩ.nɐ/	/i.maˈʒĩ.nɐ/	[i.maˈʒĩ.nɐ] 想象<叹>
amante	/aˈmɐ̃.t͡ʃi/	/aˈmɐ̃.t͡ʃi/	[aˈmɐ̃.t͡ʃi] 情人<名>
vantagem	/vɐ̃ˈta.ʒẽj̃/	/vɐ̃ˈta.ʒẽj̃/	[vɐ̃ˈta.ʒẽj̃] 优势<名>
obra	/ˈɔ.bɾɐ/	/ˈɔ.bɾɐ/	[ˈɔ.bɾɐ] 工作<名>
cometer	/ko.meˈte(ʁ)/	/ko.meˈte(ʁ)/	[ko.meˈte(ʁ)] 提交<动>
escutar	/is.kuˈta(ʁ)/	/is.kuˈta(ʁ)/	[is.kuˈta(ʁ)] 听<动>
marinha	/maˈɾĩ.ɲɐ/	/maˈɾĩ.ɲɐ/	[maˈɾĩ.ɲɐ] 海军<名>
crise	/ˈkɾi.zi/	/ˈkɾi.zi/	[ˈkɾi.zi] 危机<名>
corrente	/koˈʁẽ.t͡ʃi/	/koˈʁẽ.t͡ʃi/	[koˈʁẽ.t͡ʃi] 当前<名>
coincidência	/ko.ĩ.siˈdẽ.sjɐ/	/ko.ĩ.siˈdẽ.sjɐ/	[ko.ĩ.siˈdẽ.sjɐ] 巧合<名>
veneno	/veˈnẽ.nu/	/veˈnẽ.nu/	[veˈnẽ.nu] 毒药<名>
paciência	/pa.siˈẽ.sjɐ/	/pa.siˈẽ.sjɐ/	[pa.siˈẽ.sjɐ] 耐心<名>
atitude	/a.t͡ʃiˈtu.d͡ʒi/	/a.t͡ʃiˈtu.d͡ʒi/	[a.t͡ʃiˈtu.d͡ʒi] 态度<名>
confirmar	/kõ.fiʁˈma(ʁ)/	/kõ.fiʁˈma(ʁ)/	[kõ.fiʁˈma(ʁ)] 确认<动>
comprimido	/kõ.pɾiˈmi.du/	/kõ.pɾiˈmi.du/	[kõ.pɾiˈmi.du] 药丸<名>
estiveram	/is.t͡ʃiˈvɛ.ɾɐ̃w̃/	/is.t͡ʃiˈvɛ.ɾɐ̃w̃/	[is.t͡ʃiˈvɛ.ɾɐ̃w̃] 已经<动>
empregado	/ẽ.pɾeˈɡa.du/	/ẽ.pɾeˈɡa.du/	[ẽ.pɾeˈɡa.du] 员工<名>
sexy	/ˈsɛk.si/	/ˈsɛk.si/	[ˈsɛk.si] 性感的<形>
presumir	/pɾe.zuˈmi(ʁ)/	/pɾe.zuˈmi(ʁ)/	[pɾe.zuˈmi(ʁ)] 假定<动>
combinado	/kõ.biˈna.du/	/kõ.biˈna.du/	[kõ.biˈna.du] 合并的<名>
demora	/deˈmɔ.ɾɐ/	/deˈmɔ.ɾɐ/	[deˈmɔ.ɾɐ] 延迟<名>
transporte	/tɾɐ̃sˈpɔʁ.t͡ʃi/	/tɾɐ̃sˈpɔʁ.t͡ʃi/	[tɾɐ̃sˈpɔʁ.t͡ʃi] 运输<名>
bicicleta	/bi.siˈklɛ.tɐ/	/bi.siˈklɛ.tɐ/	[bi.siˈklɛ.tɐ] 自行车<名>
alternativa	/aw.teʁ.naˈt͡ʃi.vɐ/	/aw.teʁ.naˈt͡ʃi.vɐ/	[aw.teʁ.naˈt͡ʃi.vɐ] 另类<名>
vidro	/ˈvi.dɾu/	/ˈvi.dɾu/	[ˈvi.dɾu] 玻璃<名>
selvagem	/sewˈva.ʒẽj̃/	/sewˈva.ʒẽj̃/	[sewˈva.ʒẽj̃] 野生的<名>
limite	/liˈmi.t͡ʃi/	/liˈmi.t͡ʃi/	[liˈmi.t͡ʃi] 限制<名>
sitiar	/si.t͡ʃiˈa(ʁ)/	/si.t͡ʃiˈa(ʁ)/	[si.t͡ʃiˈa(ʁ)] 围攻<动>
saudável	/sawˈda.vew/	/sawˈda.vew/	[sawˈda.vew] 健康的<形>
atirador	/a.t͡ʃi.ɾaˈdoʁ/	/a.t͡ʃi.ɾaˈdoʁ/	[a.t͡ʃi.ɾaˈdoʁ] 狙击手<名>
macaco	/maˈka.ku/	/maˈka.ku/	[maˈka.ku] 猴子<名>
convencer	/kõ.vẽˈse(ʁ)/	/kõ.vẽˈse(ʁ)/	[kõ.vẽˈse(ʁ)] 说服<动>
quantidade	/kwɐ̃.t͡ʃiˈda.d͡ʒi/	/kwɐ̃.t͡ʃiˈda.d͡ʒi/	[kwɐ̃.t͡ʃiˈda.d͡ʒi] 数量<名>
educação	/e.du.kaˈsɐ̃w̃/	/e.du.kaˈsɐ̃w̃/	[e.du.kaˈsɐ̃w̃] 教育<名>
judeu	/ʒuˈdew/	/ʒuˈdew/	[ʒuˈdew] 犹太人<名>
tropa	/ˈtɾɔ.pɐ/	/ˈtɾɔ.pɐ/	[ˈtɾɔ.pɐ] 部队<名>
tratado	/tɾaˈta.du/	/tɾaˈta.du/	[tɾaˈta.du] 条约<名>
repetir	/ʁe.peˈt͡ʃi(ʁ)/	/ʁe.peˈt͡ʃi(ʁ)/	[ʁe.peˈt͡ʃi(ʁ)] 重复<动>
apostar	/a.posˈta(ʁ)/	/a.posˈta(ʁ)/	[a.posˈta(ʁ)] 打赌<动>
conto	/ˈkõ.tu/	/ˈkõ.tu/	[ˈkõ.tu] 短篇小说<名>
turno	/ˈtuʁ.nu/	/ˈtuʁ.nu/	[ˈtuʁ.nu] 转变<名>
pensamento	/pẽ.saˈmẽ.tu/	/pẽ.saˈmẽ.tu/	[pẽ.saˈmẽ.tu] 思想<名>
criatura	/kɾi.aˈtu.ɾɐ/	/kɾi.aˈtu.ɾɐ/	[kɾi.aˈtu.ɾɐ] 生物<名>
confuso	/kõˈfu.zu/	/kõˈfu.zu/	[kõˈfu.zu] 困惑<形>
vendo	/ˈvẽ.du/	/ˈvẽ.du/	[ˈvẽ.du] 看到<名>
medida	/meˈd͡ʒi.dɐ/	/meˈd͡ʒi.dɐ/	[meˈd͡ʒi.dɐ] 测量<名>
cozinhar	/ku.zĩˈɲa(ʁ)/	/ku.zĩˈɲa(ʁ)/	[ku.zĩˈɲa(ʁ)] 厨师<动>
joelho	/ʒuˈe.ʎu/	/ʒuˈe.ʎu/	[ʒuˈe.ʎu] 膝盖<名>
nação	/naˈsɐ̃w̃/	/naˈsɐ̃w̃/	[naˈsɐ̃w̃] 民族<名>
saído	/saˈi.du/	/saˈi.du/	[saˈi.du] 左<形>
sofrimento	/so.fɾiˈmẽ.tu/	/so.fɾiˈmẽ.tu/	[so.fɾiˈmẽ.tu] 苦难<名>
calado	/kaˈla.du/	/kaˈla.du/	[kaˈla.du] 沉默的<名>
medicina	/me.d͡ʒiˈsĩ.nɐ/	/me.d͡ʒiˈsĩ.nɐ/	[me.d͡ʒiˈsĩ.nɐ] 医学<名>
tim			蒂姆<叹>
francisco	/fɾɐ̃ˈsis.ku/	/fɾɐ̃ˈsis.ku/	[fɾɐ̃ˈsis.ku] 弗朗西斯科<名>
biblioteca	/bi.bli.oˈtɛ.kɐ/	/bi.bli.oˈtɛ.kɐ/	[bi.bli.oˈtɛ.kɐ] 图书馆<名>
armazém	/aʁ.maˈzẽj̃/	/aʁ.maˈzẽj̃/	[aʁ.maˈzẽj̃] 仓库<名>
atraso	/aˈtɾa.zu/	/aˈtɾa.zu/	[aˈtɾa.zu] 延迟<名>
divórcio	/d͡ʒiˈvɔʁ.sju/	/d͡ʒiˈvɔʁ.sju/	[d͡ʒiˈvɔʁ.sju] 离婚<名>
helicóptero	/e.liˈkɔp.te.ɾu/	/e.liˈkɔp.te.ɾu/	[e.liˈkɔp.te.ɾu] 直升机<名>
fortuna	/foʁˈtũ.nɐ/	/foʁˈtũ.nɐ/	[foʁˈtũ.nɐ] 财富<名>
deixaram	dey.ˈʃa.ɾãʊ̃	dey.ˈʃa.ɾãʊ̃	[dey.ˈʃa.ɾãʊ̃] 左<动>
estudo	/isˈtu.du/	/isˈtu.du/	[isˈtu.du] 学习<名>
território	/te.ʁiˈtɔ.ɾju/	/te.ʁiˈtɔ.ɾju/	[te.ʁiˈtɔ.ɾju] 领土<名>
escuridão	/is.ku.ɾiˈdɐ̃w̃/	/is.ku.ɾiˈdɐ̃w̃/	[is.ku.ɾiˈdɐ̃w̃] 黑暗<名>
vaca	/ˈva.kɐ/	/ˈva.kɐ/	[ˈva.kɐ] 牛<名>
sombra	/ˈsõ.bɾɐ/	/ˈsõ.bɾɐ/	[ˈsõ.bɾɐ] 影子<名>
nadar	/naˈda(ʁ)/	/naˈda(ʁ)/	[naˈda(ʁ)] 游泳<动>
cadáver	/kaˈda.veʁ/	/kaˈda.veʁ/	[kaˈda.veʁ] 尸体<名>
falado	/faˈla.du/	/faˈla.du/	[faˈla.du] 口头的<形>
falha	/ˈfa.ʎɐ/	/ˈfa.ʎɐ/	[ˈfa.ʎɐ] 失败<名>
traseira	/tɾaˈze(j).ɾɐ/	/tɾaˈze(j).ɾɐ/	[tɾaˈze(j).ɾɐ] 后部<名>
faltar	/fawˈta(ʁ)/	/fawˈta(ʁ)/	[fawˈta(ʁ)] 想念<动>
cópia	/ˈkɔ.pjɐ/	/ˈkɔ.pjɐ/	[ˈkɔ.pjɐ] 复制<名>
inteligência	/ĩ.te.liˈʒẽ.sjɐ/	/ĩ.te.liˈʒẽ.sjɐ/	[ĩ.te.liˈʒẽ.sjɐ] 智力<名>
mel	/ˈmɛw/	/ˈmɛw/	[ˈmɛw] 蜂蜜<名>
prisioneiro	/pɾi.zi.oˈne(j).ɾu/	/pɾi.zi.oˈne(j).ɾu/	[pɾi.zi.oˈne(j).ɾu] 囚犯<名>
queixa	/ˈke(j).ʃɐ/	/ˈke(j).ʃɐ/	[ˈke(j).ʃɐ] 投诉<名>
jogador	/ʒo.ɡaˈdoʁ/	/ʒo.ɡaˈdoʁ/	[ʒo.ɡaˈdoʁ] 玩家<名>
botão	/buˈtɐ̃w̃/	/buˈtɐ̃w̃/	[buˈtɐ̃w̃] 按钮<名>
batata	/baˈta.tɐ/	/baˈta.tɐ/	[baˈta.tɐ] 马铃薯<名>
criado	/kɾiˈa.du/	/kɾiˈa.du/	[kɾiˈa.du] 已创建<名>
explicação	/is.pli.kaˈsɐ̃w̃/	/is.pli.kaˈsɐ̃w̃/	[is.pli.kaˈsɐ̃w̃] 解释<名>
ministro	/miˈnis.tɾu/	/miˈnis.tɾu/	[miˈnis.tɾu] 部长<名>
alcance	/awˈkɐ̃.si/	/awˈkɐ̃.si/	[awˈkɐ̃.si] 范围<名>
almoçar	/aw.moˈsa(ʁ)/	/aw.moˈsa(ʁ)/	[aw.moˈsa(ʁ)] 吃午饭<动>
autoridade	/aw.to.ɾiˈda.d͡ʒi/	/aw.to.ɾiˈda.d͡ʒi/	[aw.to.ɾiˈda.d͡ʒi] 权威<名>
reputação	/ʁe.pu.taˈsɐ̃w̃/	/ʁe.pu.taˈsɐ̃w̃/	[ʁe.pu.taˈsɐ̃w̃] 声誉<名>
esforço	/isˈfoʁ.su/	/isˈfoʁ.su/	[isˈfoʁ.su] 努力<名>
sono	/ˈsõ.nu/	/ˈsõ.nu/	[ˈsõ.nu] 睡觉<名>
oceano	/o.seˈɐ̃.nu/	/o.seˈɐ̃.nu/	[o.seˈɐ̃.nu] 海洋<名>
assumir	/a.suˈmi(ʁ)/	/a.suˈmi(ʁ)/	[a.suˈmi(ʁ)] 假设<动>
fita	/ˈfi.tɐ/	/ˈfi.tɐ/	[ˈfi.tɐ] 丝带<名>
estúdio	/isˈtu.d͡ʒju/	/isˈtu.d͡ʒju/	[isˈtu.d͡ʒju] 工作室<名>
treinar	/tɾejˈna(ʁ)/	/tɾejˈna(ʁ)/	[tɾejˈna(ʁ)] 火车<动>
temer	/teˈme(ʁ)/	/teˈme(ʁ)/	[teˈme(ʁ)] 恐惧<动>
motorista	/mo.toˈɾis.tɐ/	/mo.toˈɾis.tɐ/	[mo.toˈɾis.tɐ] 司机<名>
mora	/ˈmɔ.ɾɐ/	/ˈmɔ.ɾɐ/	[ˈmɔ.ɾɐ] 生活<名>
sr	seˈɲoɾ	seˈɲoɾ	[seˈɲoɾ] 先生<名>
areia	/aˈɾej.ɐ/	/aˈɾej.ɐ/	[aˈɾej.ɐ] 沙子<名>
tolo	/ˈto.lu/	/ˈto.lu/	[ˈto.lu] 傻瓜<名>
fundos	ˈfũ.dʊs	ˈfũ.dʊs	[ˈfũ.dʊs] 资金<名>
aluno	/aˈlũ.nu/	/aˈlũ.nu/	[aˈlũ.nu] 学生<名>
medicamento	/me.d͡ʒi.kaˈmẽ.tu/	/me.d͡ʒi.kaˈmẽ.tu/	[me.d͡ʒi.kaˈmẽ.tu] 医学<名>
devolver	/de.vowˈve(ʁ)/	/de.vowˈve(ʁ)/	[de.vowˈve(ʁ)] 返回<动>
desafio	/de.zaˈfi.u/	/de.zaˈfi.u/	[de.zaˈfi.u] 挑战<名>
sangrar	/sɐ̃ˈɡɾa(ʁ)/	/sɐ̃ˈɡɾa(ʁ)/	[sɐ̃ˈɡɾa(ʁ)] 流血<动>
ciúmes	/siˈũ.mis/	/siˈũ.mis/	[siˈũ.mis] 嫉妒<名>
recurso	/ʁeˈkuʁ.su/	/ʁeˈkuʁ.su/	[ʁeˈkuʁ.su] 资源<名>
clínico	/ˈklĩ.ni.ku/	/ˈklĩ.ni.ku/	[ˈklĩ.ni.ku] 临床<名>
segurar	/si.ɡuˈɾa(ʁ)/	/si.ɡuˈɾa(ʁ)/	[si.ɡuˈɾa(ʁ)] 保持<动>
cooper	/ˈku.peʁ/	/ˈku.peʁ/	[ˈku.peʁ] 库珀<名>
fã	/ˈfɐ̃/	/ˈfɐ̃/	[ˈfɐ̃] 风扇<名>
sós	/ˈsɔ(j)s/	/ˈsɔ(j)s/	[ˈsɔ(j)s] 独自一人<副>
superfície	/su.peʁˈfi.s(j)i/	/su.peʁˈfi.s(j)i/	[su.peʁˈfi.s(j)i] 表面<名>
sessão	/seˈsɐ̃w̃/	/seˈsɐ̃w̃/	[seˈsɐ̃w̃] 会话<名>
ponta	/ˈpõ.tɐ/	/ˈpõ.tɐ/	[ˈpõ.tɐ] 小费<名>
paixão	/pajˈʃɐ̃w̃/	/pajˈʃɐ̃w̃/	[pajˈʃɐ̃w̃] 激情<名>
alimentar	/a.li.mẽˈta(ʁ)/	/a.li.mẽˈta(ʁ)/	[a.li.mẽˈta(ʁ)] 饲料<动>
estacionamento	/(i)ʃ.tɐ.sju.nɐˈmẽ.tu/	/(i)ʃ.tɐ.sju.nɐˈmẽ.tu/	[(i)ʃ.tɐ.sju.nɐˈmẽ.tu] 停车<名>
jogada	/ʒoˈɡa.dɐ/	/ʒoˈɡa.dɐ/	[ʒoˈɡa.dɐ] 玩<名>
organização	/oʁ.ɡa.ni.zaˈsɐ̃w̃/	/oʁ.ɡa.ni.zaˈsɐ̃w̃/	[oʁ.ɡa.ni.zaˈsɐ̃w̃] 组织<名>
açúcar	/aˈsu.kɐʁ/	/aˈsu.kɐʁ/	[aˈsu.kɐʁ] 糖<名>
mamar	/maˈma(ʁ)/	/maˈma(ʁ)/	[maˈma(ʁ)] 母乳喂养<动>
lobo	/ˈlo.bu/	/ˈlo.bu/	[ˈlo.bu] 狼<名>
pássaro	/ˈpa.sa.ɾu/	/ˈpa.sa.ɾu/	[ˈpa.sa.ɾu] 鸟<名>
máscara	/ˈmas.ka.ɾɐ/	/ˈmas.ka.ɾɐ/	[ˈmas.ka.ɾɐ] 面具<名>
meia-noite	/ˌmej.ɐˈnoj.t͡ʃi/	/ˌmej.ɐˈnoj.t͡ʃi/	[ˌmej.ɐˈnoj.t͡ʃi] 午夜<名>
senhorita	/sẽ.ɲoˈɾi.tɐ/	/sẽ.ɲoˈɾi.tɐ/	[sẽ.ɲoˈɾi.tɐ] 想念<名>
despedida	/des.peˈd͡ʒi.dɐ/	/des.peˈd͡ʒi.dɐ/	[des.peˈd͡ʒi.dɐ] 告别<名>
prostituta	/pɾos.t͡ʃiˈtu.tɐ/	/pɾos.t͡ʃiˈtu.tɐ/	[pɾos.t͡ʃiˈtu.tɐ] 妓女<名>
caçar	/kaˈsa(ʁ)/	/kaˈsa(ʁ)/	[kaˈsa(ʁ)] 狩猎<动>
abandonar	/a.bɐ̃.doˈna(ʁ)/	/a.bɐ̃.doˈna(ʁ)/	[a.bɐ̃.doˈna(ʁ)] 放弃<动>
interromper	/ĩ.te.ʁõˈpe(ʁ)/	/ĩ.te.ʁõˈpe(ʁ)/	[ĩ.te.ʁõˈpe(ʁ)] 中断<动>
russo	/ˈʁu.su/	/ˈʁu.su/	[ˈʁu.su] 俄语<名>
champanhe	/ʃɐ̃ˈpɐ̃.ɲi/	/ʃɐ̃ˈpɐ̃.ɲi/	[ʃɐ̃ˈpɐ̃.ɲi] 香槟<名>
extremamente	/isˌtɾẽ.maˈmẽ.t͡ʃi/	/isˌtɾẽ.maˈmẽ.t͡ʃi/	[isˌtɾẽ.maˈmẽ.t͡ʃi] 极其<副>
inacreditável	/i.na.kɾe.d͡ʒiˈta.vew/	/i.na.kɾe.d͡ʒiˈta.vew/	[i.na.kɾe.d͡ʒiˈta.vew] 难以置信<形>
esquecido	/is.keˈsi.du/	/is.keˈsi.du/	[is.keˈsi.du] 忘记了<名>
sobretudo	/so.bɾeˈtu.du/	/so.bɾeˈtu.du/	[so.bɾeˈtu.du] 尤其是<名>
dívida	/ˈd͡ʒi.vi.dɐ/	/ˈd͡ʒi.vi.dɐ/	[ˈd͡ʒi.vi.dɐ] 债务<名>
mistério	/misˈtɛ.ɾju/	/misˈtɛ.ɾju/	[misˈtɛ.ɾju] 神秘<名>
portão	/poʁˈtɐ̃w̃/	/poʁˈtɐ̃w̃/	[poʁˈtɐ̃w̃] 门<名>
assassinar	/a.sa.siˈna(ʁ)/	/a.sa.siˈna(ʁ)/	[a.sa.siˈna(ʁ)] 谋杀<动>
qualidade	/kwa.liˈda.d͡ʒi/	/kwa.liˈda.d͡ʒi/	[kwa.liˈda.d͡ʒi] 品质<名>
percebido	/peʁ.seˈbi.du/	/peʁ.seˈbi.du/	[peʁ.seˈbi.du] 感知到的<形>
noivo	/ˈnoj.vu/	/ˈnoj.vu/	[ˈnoj.vu] 新郎<名>
frota	/ˈfɾɔ.tɐ/	/ˈfɾɔ.tɐ/	[ˈfɾɔ.tɐ] 舰队<名>
seca	/ˈse.kɐ/	/ˈse.kɐ/	[ˈse.kɐ] 干旱<名>
feitiço	/fejˈt͡ʃi.su/	/fejˈt͡ʃi.su/	[fejˈt͡ʃi.su] 咒语<名>
atingir	/a.t͡ʃĩˈʒi(ʁ)/	/a.t͡ʃĩˈʒi(ʁ)/	[a.t͡ʃĩˈʒi(ʁ)] 达到<动>
pausa	/ˈpaw.zɐ/	/ˈpaw.zɐ/	[ˈpaw.zɐ] 暂停<名>
circunstância	/siʁ.kũsˈtɐ̃.sjɐ/	/siʁ.kũsˈtɐ̃.sjɐ/	[siʁ.kũsˈtɐ̃.sjɐ] 情况<名>
tarefa	/taˈɾɛ.fɐ/	/taˈɾɛ.fɐ/	[taˈɾɛ.fɐ] 任务<名>
cole	ˈkɔ.li	ˈkɔ.li	[ˈkɔ.li] 粘贴<名>
sopa	/ˈso.pɐ/	/ˈso.pɐ/	[ˈso.pɐ] 汤<名>
abrigo	/aˈbɾi.ɡu/	/aˈbɾi.ɡu/	[aˈbɾi.ɡu] 庇护所<名>
preocupação	/pɾe.o.ku.paˈsɐ̃w̃/	/pɾe.o.ku.paˈsɐ̃w̃/	[pɾe.o.ku.paˈsɐ̃w̃] 担心<名>
análise	/aˈna.li.zi/	/aˈna.li.zi/	[aˈna.li.zi] 分析<名>
afastar	/a.fasˈta(ʁ)/	/a.fasˈta(ʁ)/	[a.fasˈta(ʁ)] 搬走<动>
telefonema	/te.le.foˈnẽ.mɐ/	/te.le.foˈnẽ.mɐ/	[te.le.foˈnẽ.mɐ] 打电话<名>
anterior	/ɐ̃.te.ɾiˈoʁ/	/ɐ̃.te.ɾiˈoʁ/	[ɐ̃.te.ɾiˈoʁ] 上一个<形>
cigarro	/siˈɡa.ʁu/	/siˈɡa.ʁu/	[siˈɡa.ʁu] 香烟<名>
enfim	/ẽˈfĩ/	/ẽˈfĩ/	[ẽˈfĩ] 无论如何<副>
ritmo	/ˈʁit͡ʃ.mu/	/ˈʁit͡ʃ.mu/	[ˈʁit͡ʃ.mu] 节奏<名>
maravilha	/ma.ɾaˈvi.ʎɐ/	/ma.ɾaˈvi.ʎɐ/	[ma.ɾaˈvi.ʎɐ] 想知道<名>
hitler	/ˈʁi.tleʁ/	/ˈʁi.tleʁ/	[ˈʁi.tleʁ] 希特勒<名>
puto	/ˈpu.tu/	/ˈpu.tu/	[ˈpu.tu] 生气了<名>
pulso	/ˈpuw.su/	/ˈpuw.su/	[ˈpuw.su] 脉冲<名>
física	/ˈfi.zi.kɐ/	/ˈfi.zi.kɐ/	[ˈfi.zi.kɐ] 物理学<名>
veículo	/veˈi.ku.lu/	/veˈi.ku.lu/	[veˈi.ku.lu] 车辆<名>
sujo	/ˈsu.ʒu/	/ˈsu.ʒu/	[ˈsu.ʒu] 肮脏的<形>
ódio	/ˈɔ.d͡ʒju/	/ˈɔ.d͡ʒju/	[ˈɔ.d͡ʒju] 讨厌<名>
pagamento	/pa.ɡaˈmẽ.tu/	/pa.ɡaˈmẽ.tu/	[pa.ɡaˈmẽ.tu] 付款<名>
comunicação	/ko.mu.ni.kaˈsɐ̃w̃/	/ko.mu.ni.kaˈsɐ̃w̃/	[ko.mu.ni.kaˈsɐ̃w̃] 沟通<名>
negociar	/ne.ɡo.siˈa(ʁ)/	/ne.ɡo.siˈa(ʁ)/	[ne.ɡo.siˈa(ʁ)] 谈判<动>
sugerir	/su.ʒeˈɾi(ʁ)/	/su.ʒeˈɾi(ʁ)/	[su.ʒeˈɾi(ʁ)] 建议<动>
cruel	/kɾuˈɛw/	/kɾuˈɛw/	[kɾuˈɛw] 残酷的<形>
dispositivo	/d͡ʒis.po.ziˈt͡ʃi.vu/	/d͡ʒis.po.ziˈt͡ʃi.vu/	[d͡ʒis.po.ziˈt͡ʃi.vu] 装置<名>
exterior	/is.te.ɾiˈoʁ/	/is.te.ɾiˈoʁ/	[is.te.ɾiˈoʁ] 户外<名>
anúncio	/aˈnũ.sju/	/aˈnũ.sju/	[aˈnũ.sju] 广告<名>
fio	/ˈfi.u/	/ˈfi.u/	[ˈfi.u] 电线<名>
montar	/mõˈta(ʁ)/	/mõˈta(ʁ)/	[mõˈta(ʁ)] 组装<动>
pizza	/ˈpit.sɐ/	/ˈpit.sɐ/	[ˈpit.sɐ] 披萨<名>
comissão	/ko.miˈsɐ̃w̃/	/ko.miˈsɐ̃w̃/	[ko.miˈsɐ̃w̃] 佣金<名>
adivinho	/a.d͡ʒiˈvĩ.ɲu/	/a.d͡ʒiˈvĩ.ɲu/	[a.d͡ʒiˈvĩ.ɲu] 算命先生<名>
prato	/ˈpɾa.tu/	/ˈpɾa.tu/	[ˈpɾa.tu] 菜<名>
engano	/ẽˈɡɐ̃.nu/	/ẽˈɡɐ̃.nu/	[ẽˈɡɐ̃.nu] 欺骗<名>
evento	/eˈvẽ.tu/	/eˈvẽ.tu/	[eˈvẽ.tu] 事件<名>
chato	/ˈʃa.tu/	/ˈʃa.tu/	[ˈʃa.tu] 无聊的<名>
esquina	/isˈkĩ.nɐ/	/isˈkĩ.nɐ/	[isˈkĩ.nɐ] 角落<名>
papai	/paˈpaj/	/paˈpaj/	[paˈpaj] 爸爸<名>
palhaço	/paˈʎa.su/	/paˈʎa.su/	[paˈʎa.su] 小丑<名>
comissário	/ko.miˈsa.ɾju/	/ko.miˈsa.ɾju/	[ko.miˈsa.ɾju] 专员<名>
amostra	/aˈmɔs.tɾɐ/	/aˈmɔs.tɾɐ/	[aˈmɔs.tɾɐ] 样品<名>
cego	/ˈsɛ.ɡu/	/ˈsɛ.ɡu/	[ˈsɛ.ɡu] 盲人<名>
sujeito	/suˈʒej.tu/	/suˈʒej.tu/	[suˈʒej.tu] 主题<名>
recompensa	/ʁe.kõˈpẽ.sɐ/	/ʁe.kõˈpẽ.sɐ/	[ʁe.kõˈpẽ.sɐ] 奖励<名>
limpeza	/lĩˈpe.zɐ/	/lĩˈpe.zɐ/	[lĩˈpe.zɐ] 清洁<名>
produção	/pɾo.duˈsɐ̃w̃/	/pɾo.duˈsɐ̃w̃/	[pɾo.duˈsɐ̃w̃] 生产<名>
museu	/muˈzew/	/muˈzew/	[muˈzew] 博物馆<名>
folga	/ˈfɔw.ɡɐ/	/ˈfɔw.ɡɐ/	[ˈfɔw.ɡɐ] 松弛<名>
rezar	/ʁeˈza(ʁ)/	/ʁeˈza(ʁ)/	[ʁeˈza(ʁ)] 祈祷<动>
índio	/ˈĩ.d͡ʒju/	/ˈĩ.d͡ʒju/	[ˈĩ.d͡ʒju] 印度人<名>
raça	/ˈʁa.sɐ/	/ˈʁa.sɐ/	[ˈʁa.sɐ] 种族<名>
lábio	/ˈla.bju/	/ˈla.bju/	[ˈla.bju] 嘴唇<名>
porto	/ˈpoʁ.tu/	/ˈpoʁ.tu/	[ˈpoʁ.tu] 港口<名>
mágico	/ˈma.ʒi.ku/	/ˈma.ʒi.ku/	[ˈma.ʒi.ku] 神奇的<名>
declaração	/de.kla.ɾaˈsɐ̃w̃/	/de.kla.ɾaˈsɐ̃w̃/	[de.kla.ɾaˈsɐ̃w̃] 声明<名>
chegado	/ʃeˈɡa.du/	/ʃeˈɡa.du/	[ʃeˈɡa.du] 到达<形>
resistência	/ʁe.zisˈtẽ.sjɐ/	/ʁe.zisˈtẽ.sjɐ/	[ʁe.zisˈtẽ.sjɐ] 抵抗力<名>
pus	/ˈpu(j)s/	/ˈpu(j)s/	[ˈpu(j)s] 脓<名>
civil	/siˈviw/	/siˈviw/	[siˈviw] 平民<名>
filmar	/fiwˈma(ʁ)/	/fiwˈma(ʁ)/	[fiwˈma(ʁ)] 电影<动>
gerente	/ʒeˈɾẽ.t͡ʃi/	/ʒeˈɾẽ.t͡ʃi/	[ʒeˈɾẽ.t͡ʃi] 经理<名>
onda	/ˈõ.dɐ/	/ˈõ.dɐ/	[ˈõ.dɐ] 波<名>
curioso	/ku.ɾiˈo.zu/	/ku.ɾiˈo.zu/	[ku.ɾiˈo.zu] 好奇<名>
aliança	/a.liˈɐ̃.sɐ/	/a.liˈɐ̃.sɐ/	[a.liˈɐ̃.sɐ] 联盟<名>
significado	/si.ɡi.ni.fiˈka.du/	/si.ɡi.ni.fiˈka.du/	[si.ɡi.ni.fiˈka.du] 意义<名>
dragão	/dɾaˈɡɐ̃w̃/	/dɾaˈɡɐ̃w̃/	[dɾaˈɡɐ̃w̃] 龙<名>
castigo	/kasˈt͡ʃi.ɡu/	/kasˈt͡ʃi.ɡu/	[kasˈt͡ʃi.ɡu] 惩罚<名>
secção	/sɛkˈsɐ̃w̃/	/sɛkˈsɐ̃w̃/	[sɛkˈsɐ̃w̃] 部分<名>
gira	/ˈʒi.ɾɐ/	/ˈʒi.ɾɐ/	[ˈʒi.ɾɐ] 旋转<名>
desastre	/deˈzas.tɾi/	/deˈzas.tɾi/	[deˈzas.tɾi] 灾难<名>
ficheiro	/fiˈʃe(j).ɾu/	/fiˈʃe(j).ɾu/	[fiˈʃe(j).ɾu] 文件<名>
arder	/aʁˈde(ʁ)/	/aʁˈde(ʁ)/	[aʁˈde(ʁ)] 烧伤<动>
galinha	/ɡaˈlĩ.ɲɐ/	/ɡaˈlĩ.ɲɐ/	[ɡaˈlĩ.ɲɐ] 鸡<名>
palácio	/paˈla.sju/	/paˈla.sju/	[paˈla.sju] 宫殿<名>
paraíso	/pa.ɾaˈi.zu/	/pa.ɾaˈi.zu/	[pa.ɾaˈi.zu] 天堂<名>
despedido	/des.peˈd͡ʒi.du/	/des.peˈd͡ʒi.du/	[des.peˈd͡ʒi.du] 被解雇<形>
divertir	/d͡ʒi.veʁˈt͡ʃi(ʁ)/	/d͡ʒi.veʁˈt͡ʃi(ʁ)/	[d͡ʒi.veʁˈt͡ʃi(ʁ)] 玩得开心<动>
popular	/po.puˈlaʁ/	/po.puˈlaʁ/	[po.puˈlaʁ] 流行的<名>
resgate	/ʁezˈɡa.t͡ʃi/	/ʁezˈɡa.t͡ʃi/	[ʁezˈɡa.t͡ʃi] 救援<名>
acto			行动<名>
maricas	/maˈɾi.kɐs/	/maˈɾi.kɐs/	[maˈɾi.kɐs] 娘娘腔<名>
barriga	/baˈʁi.ɡɐ/	/baˈʁi.ɡɐ/	[baˈʁi.ɡɐ] 肚子<名>
sexta-feira	/ˌses.tɐˈfe(j).ɾɐ/	/ˌses.tɐˈfe(j).ɾɐ/	[ˌses.tɐˈfe(j).ɾɐ] 星期五<名>
acusado	/a.kuˈza.du/	/a.kuˈza.du/	[a.kuˈza.du] 被告<名>
negativo	/ne.ɡaˈt͡ʃi.vu/	/ne.ɡaˈt͡ʃi.vu/	[ne.ɡaˈt͡ʃi.vu] 消极的<名>
molho	/ˈmo.ʎu/	/ˈmo.ʎu/	[ˈmo.ʎu] 酱汁<名>
aliás	/a.liˈa(j)s/	/a.liˈa(j)s/	[a.liˈa(j)s] 顺便说一下<副>
cobertura	/ko.beʁˈtu.ɾɐ/	/ko.beʁˈtu.ɾɐ/	[ko.beʁˈtu.ɾɐ] 覆盖范围<名>
frango	/ˈfɾɐ̃.ɡu/	/ˈfɾɐ̃.ɡu/	[ˈfɾɐ̃.ɡu] 鸡<名>
conjunto	/kõˈʒũ.tu/	/kõˈʒũ.tu/	[kõˈʒũ.tu] 设置<名>
lançar	/lɐ̃ˈsa(ʁ)/	/lɐ̃ˈsa(ʁ)/	[lɐ̃ˈsa(ʁ)] 发射<动>
império	/ĩˈpɛ.ɾju/	/ĩˈpɛ.ɾju/	[ĩˈpɛ.ɾju] 帝国<名>
convite	/kõˈvi.t͡ʃi/	/kõˈvi.t͡ʃi/	[kõˈvi.t͡ʃi] 邀请函<名>
falhar	/faˈʎa(ʁ)/	/faˈʎa(ʁ)/	[faˈʎa(ʁ)] 失败<动>
gravação	/ɡɾa.vaˈsɐ̃w̃/	/ɡɾa.vaˈsɐ̃w̃/	[ɡɾa.vaˈsɐ̃w̃] 录音<名>
concerto	/kõˈseʁ.tu/	/kõˈseʁ.tu/	[kõˈseʁ.tu] 音乐会<名>
mina	/ˈmĩ.nɐ/	/ˈmĩ.nɐ/	[ˈmĩ.nɐ] 我的<名>
terapia	/te.ɾaˈpi.ɐ/	/te.ɾaˈpi.ɐ/	[te.ɾaˈpi.ɐ] 治疗<名>
terrorista	/te.ʁoˈɾis.tɐ/	/te.ʁoˈɾis.tɐ/	[te.ʁoˈɾis.tɐ] 恐怖分子<名>
glória	/ˈɡlɔ.ɾjɐ/	/ˈɡlɔ.ɾjɐ/	[ˈɡlɔ.ɾjɐ] 荣耀<名>
pacote	/paˈkɔ.t͡ʃi/	/paˈkɔ.t͡ʃi/	[paˈkɔ.t͡ʃi] 包<名>
privada	/pɾiˈva.dɐ/	/pɾiˈva.dɐ/	[pɾiˈva.dɐ] 私人的<名>
sal	/ˈsaw/	/ˈsaw/	[ˈsaw] 盐<名>
consequência	/kõ.seˈkwẽ.sjɐ/	/kõ.seˈkwẽ.sjɐ/	[kõ.seˈkwẽ.sjɐ] 后果<名>
vampiro	/vɐ̃ˈpi.ɾu/	/vɐ̃ˈpi.ɾu/	[vɐ̃ˈpi.ɾu] 吸血鬼<名>
cargo	/ˈkaʁ.ɡu/	/ˈkaʁ.ɡu/	[ˈkaʁ.ɡu] 位置<名>
vencedor	/vẽ.seˈdoʁ/	/vẽ.seˈdoʁ/	[vẽ.seˈdoʁ] 获胜者<名>
audiência	/aw.d͡ʒiˈẽ.sjɐ/	/aw.d͡ʒiˈẽ.sjɐ/	[aw.d͡ʒiˈẽ.sjɐ] 观众<名>
e-mail	/iˈmej.u/	/iˈmej.u/	[iˈmej.u] 电子邮件<名>
bota	/ˈbɔ.tɐ/	/ˈbɔ.tɐ/	[ˈbɔ.tɐ] 启动<名>
metal	/meˈtaw/	/meˈtaw/	[meˈtaw] 金属<名>
disponível	/d͡ʒis.poˈni.vew/	/d͡ʒis.poˈni.vew/	[d͡ʒis.poˈni.vew] 可用<形>
show	/ˈʃow/	/ˈʃow/	[ˈʃow] 音乐会<名>
rota	/ˈʁɔ.tɐ/	/ˈʁɔ.tɐ/	[ˈʁɔ.tɐ] 路线<名>
prenda	/ˈpɾẽ.dɐ/	/ˈpɾẽ.dɐ/	[ˈpɾẽ.dɐ] 礼物<名>
sumo	/ˈsũ.mu/	/ˈsũ.mu/	[ˈsũ.mu] 果汁<名>
feio	/ˈfej.u/	/ˈfej.u/	[ˈfej.u] 丑陋<名>
favorito	/fa.voˈɾi.tu/	/fa.voˈɾi.tu/	[fa.voˈɾi.tu] 最喜欢的<名>
assistir	/a.sisˈt͡ʃi(ʁ)/	/a.sisˈt͡ʃi(ʁ)/	[a.sisˈt͡ʃi(ʁ)] 手表<动>
literalmente	/li.teˌɾawˈmẽ.t͡ʃi/	/li.teˌɾawˈmẽ.t͡ʃi/	[li.teˌɾawˈmẽ.t͡ʃi] 从字面上看<副>
combustível	/kõ.busˈt͡ʃi.vew/	/kõ.busˈt͡ʃi.vew/	[kõ.busˈt͡ʃi.vew] 燃料<名>
adaptação	/a.dap.taˈsɐ̃w̃/	/a.dap.taˈsɐ̃w̃/	[a.dap.taˈsɐ̃w̃] 适应<名>
pistola	/pisˈtɔ.lɐ/	/pisˈtɔ.lɐ/	[pisˈtɔ.lɐ] 手枪<名>
temperatura	/tẽ.pe.ɾaˈtu.ɾɐ/	/tẽ.pe.ɾaˈtu.ɾɐ/	[tẽ.pe.ɾaˈtu.ɾɐ] 温度<名>
firme	/ˈfiʁ.mi/	/ˈfiʁ.mi/	[ˈfiʁ.mi] 坚定<形>
las	/las/	/las/	[las] 他们<代>
principalmente	/pɾĩ.siˌpawˈmẽ.t͡ʃi/	/pɾĩ.siˌpawˈmẽ.t͡ʃi/	[pɾĩ.siˌpawˈmẽ.t͡ʃi] 主要是<副>
igualmente	/iˌɡwawˈmẽ.t͡ʃi/	/iˌɡwawˈmẽ.t͡ʃi/	[iˌɡwawˈmẽ.t͡ʃi] 同样地<副>
soltar	/sowˈta(ʁ)/	/sowˈta(ʁ)/	[sowˈta(ʁ)] 释放<动>
febre	/ˈfɛ.bɾi/	/ˈfɛ.bɾi/	[ˈfɛ.bɾi] 发烧<名>
identificar	/i.dẽ.t͡ʃi.fiˈka(ʁ)/	/i.dẽ.t͡ʃi.fiˈka(ʁ)/	[i.dẽ.t͡ʃi.fiˈka(ʁ)] 识别<动>
violação	/vi.o.laˈsɐ̃w̃/	/vi.o.laˈsɐ̃w̃/	[vi.o.laˈsɐ̃w̃] 违规<名>
libras	/ˈli.bɾɐs/	/ˈli.bɾɐs/	[ˈli.bɾɐs] 磅<名>
cruz	/ˈkɾu(j)s/	/ˈkɾu(j)s/	[ˈkɾu(j)s] 十字<名>
grau	/ˈɡɾaw/	/ˈɡɾaw/	[ˈɡɾaw] 学位<名>
virgem	/ˈviʁ.ʒẽj̃/	/ˈviʁ.ʒẽj̃/	[ˈviʁ.ʒẽj̃] 处女<名>
cobra	/ˈkɔ.bɾɐ/	/ˈkɔ.bɾɐ/	[ˈkɔ.bɾɐ] 蛇<名>
infância	/ĩˈfɐ̃.sjɐ/	/ĩˈfɐ̃.sjɐ/	[ĩˈfɐ̃.sjɐ] 童年<名>
adulto	/aˈduw.tu/	/aˈduw.tu/	[aˈduw.tu] 成人<名>
exercício	/e.zeʁˈsi.sju/	/e.zeʁˈsi.sju/	[e.zeʁˈsi.sju] 锻炼<名>
conferência	/kõ.feˈɾẽ.sjɐ/	/kõ.feˈɾẽ.sjɐ/	[kõ.feˈɾẽ.sjɐ] 会议<名>
duplo	/ˈdu.plu/	/ˈdu.plu/	[ˈdu.plu] 双<名>
vila	/ˈvi.lɐ/	/ˈvi.lɐ/	[ˈvi.lɐ] 村庄<名>
mental	/mẽˈtaw/	/mẽˈtaw/	[mẽˈtaw] 心理的<形>
lorde	/ˈlɔʁ.d͡ʒi/	/ˈlɔʁ.d͡ʒi/	[ˈlɔʁ.d͡ʒi] 主<名>
túnel	/ˈtũ.new/	/ˈtũ.new/	[ˈtũ.new] 隧道<名>
especialista	/is.pe.si.aˈlis.tɐ/	/is.pe.si.aˈlis.tɐ/	[is.pe.si.aˈlis.tɐ] 专家<名>
fresco	/ˈfɾes.ku/	/ˈfɾes.ku/	[ˈfɾes.ku] 新鲜的<名>
refeição	/ʁe.fejˈsɐ̃w̃/	/ʁe.fejˈsɐ̃w̃/	[ʁe.fejˈsɐ̃w̃] 餐<名>
beijar	/be(j)ˈʒa(ʁ)/	/be(j)ˈʒa(ʁ)/	[be(j)ˈʒa(ʁ)] 亲吻<动>
instrução	/ĩs.tɾuˈsɐ̃w̃/	/ĩs.tɾuˈsɐ̃w̃/	[ĩs.tɾuˈsɐ̃w̃] 指令<名>
espacial	/is.pa.siˈaw/	/is.pa.siˈaw/	[is.pa.siˈaw] 空间<形>
concurso	/kõˈkuʁ.su/	/kõˈkuʁ.su/	[kõˈkuʁ.su] 竞赛<名>
produto	/pɾoˈdu.tu/	/pɾoˈdu.tu/	[pɾoˈdu.tu] 产品<名>
acabo	/aˈka.bu/	/aˈka.bu/	[aˈka.bu] 我完成了<动>
incidente	/ĩ.siˈdẽ.t͡ʃi/	/ĩ.siˈdẽ.t͡ʃi/	[ĩ.siˈdẽ.t͡ʃi] 事件<名>
lenda	/ˈlẽ.dɐ/	/ˈlẽ.dɐ/	[ˈlẽ.dɐ] 传说<名>
sócio	/ˈsɔ.sju/	/ˈsɔ.sju/	[ˈsɔ.sju] 合伙人<名>
destruição	/des.tɾu.iˈsɐ̃w̃/	/des.tɾu.iˈsɐ̃w̃/	[des.tɾu.iˈsɐ̃w̃] 破坏<名>
templo	/ˈtẽ.plu/	/ˈtẽ.plu/	[ˈtẽ.plu] 寺庙<名>
localizar	/lo.ka.liˈza(ʁ)/	/lo.ka.liˈza(ʁ)/	[lo.ka.liˈza(ʁ)] 定位<动>
cento	/ˈsẽ.tu/	/ˈsẽ.tu/	[ˈsẽ.tu] 分<名>
heroína	/e.ɾoˈĩ.nɐ/	/e.ɾoˈĩ.nɐ/	[e.ɾoˈĩ.nɐ] 海洛因<名>
nuclear	/nu.kleˈaʁ/	/nu.kleˈaʁ/	[nu.kleˈaʁ] 核<形>
desapareceram	de.za.pa.ɾe.ˈse.ɾãʊ̃	de.za.pa.ɾe.ˈse.ɾãʊ̃	[de.za.pa.ɾe.ˈse.ɾãʊ̃] 消失了<动>
atraente	/a.tɾaˈẽ.t͡ʃi/	/a.tɾaˈẽ.t͡ʃi/	[a.tɾaˈẽ.t͡ʃi] 有吸引力的<形>
papa	/ˈpa.pɐ/	/ˈpa.pɐ/	[ˈpa.pɐ] 爸爸<名>
lata	/ˈla.tɐ/	/ˈla.tɐ/	[ˈla.tɐ] 可以<名>
traidor	/tɾa.iˈdoʁ/	/tɾa.iˈdoʁ/	[tɾa.iˈdoʁ] 叛徒<名>
falsa	/ˈfaw.sɐ/	/ˈfaw.sɐ/	[ˈfaw.sɐ] 假的<名>
lançamento	/lɐ̃.saˈmẽ.tu/	/lɐ̃.saˈmẽ.tu/	[lɐ̃.saˈmẽ.tu] 释放<名>
romântico	/ʁoˈmɐ̃.t͡ʃi.ku/	/ʁoˈmɐ̃.t͡ʃi.ku/	[ʁoˈmɐ̃.t͡ʃi.ku] 浪漫的<形>
cuecas	/kuˈɛ.kɐs/	/kuˈɛ.kɐs/	[kuˈɛ.kɐs] 内衣<名>
cardíaco	/kaʁˈd͡ʒi.a.ku/	/kaʁˈd͡ʒi.a.ku/	[kaʁˈd͡ʒi.a.ku] 心脏的<名>
lágrima	/ˈla.ɡɾi.mɐ/	/ˈla.ɡɾi.mɐ/	[ˈla.ɡɾi.mɐ] 眼泪<名>
livrar	/liˈvɾa(ʁ)/	/liˈvɾa(ʁ)/	[liˈvɾa(ʁ)] 免费<动>
cinto	/ˈsĩ.tu/	/ˈsĩ.tu/	[ˈsĩ.tu] 腰带<名>
sincero	/sĩˈsɛ.ɾu/	/sĩˈsɛ.ɾu/	[sĩˈsɛ.ɾu] 真诚的<形>
quebrar	/keˈbɾa(ʁ)/	/keˈbɾa(ʁ)/	[keˈbɾa(ʁ)] 打破<动>
costume	/kusˈtũ.mi/	/kusˈtũ.mi/	[kusˈtũ.mi] 定制<名>
expressão	/is.pɾeˈsɐ̃w̃/	/is.pɾeˈsɐ̃w̃/	[is.pɾeˈsɐ̃w̃] 表达<名>
asa	/ˈa.zɐ/	/ˈa.zɐ/	[ˈa.zɐ] 翼<名>
sexta	/ˈses.tɐ/	/ˈses.tɐ/	[ˈses.tɐ] 周五<名>
ombro	/ˈõ.bɾu/	/ˈõ.bɾu/	[ˈõ.bɾu] 肩膀<名>
origem	/oˈɾi.ʒẽj̃/	/oˈɾi.ʒẽj̃/	[oˈɾi.ʒẽj̃] 起源<名>
ansioso	/ɐ̃.siˈo.zu/	/ɐ̃.siˈo.zu/	[ɐ̃.siˈo.zu] 着急的<形>
trânsito	/ˈtɾɐ̃.zi.tu/	/ˈtɾɐ̃.zi.tu/	[ˈtɾɐ̃.zi.tu] 交通<名>
tinta	/ˈt͡ʃĩ.tɐ/	/ˈt͡ʃĩ.tɐ/	[ˈt͡ʃĩ.tɐ] 墨水<名>
felizmente	/feˌlizˈmẽ.t͡ʃi/	/feˌlizˈmẽ.t͡ʃi/	[feˌlizˈmẽ.t͡ʃi] 幸运的是<副>
velhote	/veˈʎɔ.t͡ʃi/	/veˈʎɔ.t͡ʃi/	[veˈʎɔ.t͡ʃi] 老人<名>
incomodar	/ĩ.ko.moˈda(ʁ)/	/ĩ.ko.moˈda(ʁ)/	[ĩ.ko.moˈda(ʁ)] 打扰<动>
ha	ˈa	ˈa	[ˈa] 哈<动>
tensão	/tẽˈsɐ̃w̃/	/tẽˈsɐ̃w̃/	[tẽˈsɐ̃w̃] 紧张<名>
lealdade	/le.awˈda.d͡ʒi/	/le.awˈda.d͡ʒi/	[le.awˈda.d͡ʒi] 忠诚度<名>
lê	/ˈle/	/ˈle/	[ˈle] 读<名>
satisfeito	/sa.t͡ʃisˈfej.tu/	/sa.t͡ʃisˈfej.tu/	[sa.t͡ʃisˈfej.tu] 满意<形>
turma	/ˈtuʁ.mɐ/	/ˈtuʁ.mɐ/	[ˈtuʁ.mɐ] 类<名>
compromisso	/kõ.pɾoˈmi.su/	/kõ.pɾoˈmi.su/	[kõ.pɾoˈmi.su] 承诺<名>
bíblia	/ˈbi.bljɐ/	/ˈbi.bljɐ/	[ˈbi.bljɐ] 圣经<名>
participar	/paʁ.t͡ʃi.siˈpa(ʁ)/	/paʁ.t͡ʃi.siˈpa(ʁ)/	[paʁ.t͡ʃi.siˈpa(ʁ)] 参与<动>
sorrir	/soˈʁi(ʁ)/	/soˈʁi(ʁ)/	[soˈʁi(ʁ)] 微笑<动>
cabana	/kaˈbɐ̃.nɐ/	/kaˈbɐ̃.nɐ/	[kaˈbɐ̃.nɐ] 小屋<名>
queimar	/kejˈma(ʁ)/	/kejˈma(ʁ)/	[kejˈma(ʁ)] 烧伤<动>
imperador	/ĩ.pe.ɾaˈdoʁ/	/ĩ.pe.ɾaˈdoʁ/	[ĩ.pe.ɾaˈdoʁ] 皇帝<名>
milha	/ˈmi.ʎɐ/	/ˈmi.ʎɐ/	[ˈmi.ʎɐ] 英里<名>
primavera	/pɾi.maˈvɛ.ɾɐ/	/pɾi.maˈvɛ.ɾɐ/	[pɾi.maˈvɛ.ɾɐ] 春天<名>
mamãe	/mɐ̃ˈmɐ̃j̃/	/mɐ̃ˈmɐ̃j̃/	[mɐ̃ˈmɐ̃j̃] 妈妈<名>
moeda	/muˈɛ.dɐ/	/muˈɛ.dɐ/	[muˈɛ.dɐ] 货币<名>
diamante	/d͡ʒi.aˈmɐ̃.t͡ʃi/	/d͡ʒi.aˈmɐ̃.t͡ʃi/	[d͡ʒi.aˈmɐ̃.t͡ʃi] 钻石<名>
paragem	/paˈɾa.ʒẽj̃/	/paˈɾa.ʒẽj̃/	[paˈɾa.ʒẽj̃] 停止<名>
traseiro	/tɾaˈze(j).ɾu/	/tɾaˈze(j).ɾu/	[tɾaˈze(j).ɾu] 后部<名>
esquerdo	/isˈkeʁ.du/	/isˈkeʁ.du/	[isˈkeʁ.du] 左<形>
metido	/meˈt͡ʃi.du/	/meˈt͡ʃi.du/	[meˈt͡ʃi.du] 卡住了<形>
puro	/ˈpu.ɾu/	/ˈpu.ɾu/	[ˈpu.ɾu] 纯粹的<形>
combater	/kõ.baˈte(ʁ)/	/kõ.baˈte(ʁ)/	[kõ.baˈte(ʁ)] 战斗<动>
celebrar	/se.leˈbɾa(ʁ)/	/se.leˈbɾa(ʁ)/	[se.leˈbɾa(ʁ)] 庆祝<动>
trinta	/ˈtɾĩ.tɐ/	/ˈtɾĩ.tɐ/	[ˈtɾĩ.tɐ] 三十<名>
imposto	/ĩˈpos.tu/	/ĩˈpos.tu/	[ĩˈpos.tu] 税<名>
camisola	/ka.miˈzɔ.lɐ/	/ka.miˈzɔ.lɐ/	[ka.miˈzɔ.lɐ] 毛衣<名>
reparar	/ʁe.paˈɾa(ʁ)/	/ʁe.paˈɾa(ʁ)/	[ʁe.paˈɾa(ʁ)] 修理<动>
comercial	/ko.meʁ.siˈaw/	/ko.meʁ.siˈaw/	[ko.meʁ.siˈaw] 商业<名>
largar	/laʁˈɡa(ʁ)/	/laʁˈɡa(ʁ)/	[laʁˈɡa(ʁ)] 掉落<动>
golfe	/ˈɡow.fi/	/ˈɡow.fi/	[ˈɡow.fi] 高尔夫<名>
condenado	/kõ.deˈna.du/	/kõ.deˈna.du/	[kõ.deˈna.du] 谴责<名>
internacional	/ĩ.teʁ.na.si.oˈnaw/	/ĩ.teʁ.na.si.oˈnaw/	[ĩ.teʁ.na.si.oˈnaw] 国际<形>
sonhar	/sõˈɲa(ʁ)/	/sõˈɲa(ʁ)/	[sõˈɲa(ʁ)] 梦想<动>
matemático	/ma.teˈma.t͡ʃi.ku/	/ma.teˈma.t͡ʃi.ku/	[ma.teˈma.t͡ʃi.ku] 数学家<名>
assassínio	/a.saˈsĩ.nju/	/a.saˈsĩ.nju/	[a.saˈsĩ.nju] 谋杀<名>
competição	/kõ.pe.t͡ʃiˈsɐ̃w̃/	/kõ.pe.t͡ʃiˈsɐ̃w̃/	[kõ.pe.t͡ʃiˈsɐ̃w̃] 竞争<名>
moral	/moˈɾaw/	/moˈɾaw/	[moˈɾaw] 道德的<名>
voto	/ˈvɔ.tu/	/ˈvɔ.tu/	[ˈvɔ.tu] 投票<名>
união	/u.niˈɐ̃w̃/	/u.niˈɐ̃w̃/	[u.niˈɐ̃w̃] 联盟<名>
região	/ʁe.ʒiˈɐ̃w̃/	/ʁe.ʒiˈɐ̃w̃/	[ʁe.ʒiˈɐ̃w̃] 地区<名>
gastar	/ɡasˈta(ʁ)/	/ɡasˈta(ʁ)/	[ɡasˈta(ʁ)] 花费<动>
prazo	/ˈpɾa.zu/	/ˈpɾa.zu/	[ˈpɾa.zu] 截止日期<名>
armado	/aʁˈma.du/	/aʁˈma.du/	[aʁˈma.du] 武装的<形>
frequência	/fɾeˈkwẽ.sjɐ/	/fɾeˈkwẽ.sjɐ/	[fɾeˈkwẽ.sjɐ] 频率<名>
mortal	/moʁˈtaw/	/moʁˈtaw/	[moʁˈtaw] 致命的<名>
transformar	/tɾɐ̃s.foʁˈma(ʁ)/	/tɾɐ̃s.foʁˈma(ʁ)/	[tɾɐ̃s.foʁˈma(ʁ)] 变换<动>
recolher	/ʁe.koˈʎe(ʁ)/	/ʁe.koˈʎe(ʁ)/	[ʁe.koˈʎe(ʁ)] 收集<动>
passear	/pa.seˈa(ʁ)/	/pa.seˈa(ʁ)/	[pa.seˈa(ʁ)] 漫步<动>
romance	/ʁoˈmɐ̃.si/	/ʁoˈmɐ̃.si/	[ʁoˈmɐ̃.si] 浪漫<名>
imaginação	/i.ma.ʒi.naˈsɐ̃w̃/	/i.ma.ʒi.naˈsɐ̃w̃/	[i.ma.ʒi.naˈsɐ̃w̃] 想象力<名>
custódia	/kusˈtɔ.d͡ʒjɐ/	/kusˈtɔ.d͡ʒjɐ/	[kusˈtɔ.d͡ʒjɐ] 监护权<名>
porém	/poˈɾẽj̃/	/poˈɾẽj̃/	[poˈɾẽj̃] 然而<名>
contactar	/kõ.takˈta(ʁ)/	/kõ.takˈta(ʁ)/	[kõ.takˈta(ʁ)] 联系方式<动>
temporada	/tẽ.poˈɾa.dɐ/	/tẽ.poˈɾa.dɐ/	[tẽ.poˈɾa.dɐ] 季节<名>
espião	/is.piˈɐ̃w̃/	/is.piˈɐ̃w̃/	[is.piˈɐ̃w̃] 间谍<名>
inspector			检查员<名>
desporto	/desˈpoʁ.tu/	/desˈpoʁ.tu/	[desˈpoʁ.tu] 运动<名>
endereço	/ẽ.deˈɾe.su/	/ẽ.deˈɾe.su/	[ẽ.deˈɾe.su] 地址<名>
arquivo	/aʁˈki.vu/	/aʁˈki.vu/	[aʁˈki.vu] 文件<名>
observar	/ob.seʁˈva(ʁ)/	/ob.seʁˈva(ʁ)/	[ob.seʁˈva(ʁ)] 观察<动>
média	/ˈmɛ.d͡ʒjɐ/	/ˈmɛ.d͡ʒjɐ/	[ˈmɛ.d͡ʒjɐ] 平均<名>
traição	/tɾa.iˈsɐ̃w̃/	/tɾa.iˈsɐ̃w̃/	[tɾa.iˈsɐ̃w̃] 背叛<名>
depósito	/deˈpɔ.zi.tu/	/deˈpɔ.zi.tu/	[deˈpɔ.zi.tu] 押金<名>
colar	/koˈlaʁ/	/koˈlaʁ/	[koˈlaʁ] 项链<名>
tentaram	tẽ.ˈta.ɾãʊ̃	tẽ.ˈta.ɾãʊ̃	[tẽ.ˈta.ɾãʊ̃] 尝试过<动>
infeliz	/ĩ.feˈlis/	/ĩ.feˈlis/	[ĩ.feˈlis] 不高兴<形>
possivelmente	/poˌsi.vewˈmẽ.t͡ʃi/	/poˌsi.vewˈmẽ.t͡ʃi/	[poˌsi.vewˈmẽ.t͡ʃi] 可能<副>
vigiar	/vi.ʒiˈa(ʁ)/	/vi.ʒiˈa(ʁ)/	[vi.ʒiˈa(ʁ)] 手表<动>
barba	/ˈbaʁ.bɐ/	/ˈbaʁ.bɐ/	[ˈbaʁ.bɐ] 胡须<名>
pila	/ˈpi.lɐ/	/ˈpi.lɐ/	[ˈpi.lɐ] 迪克<名>
hum	/ˈũ/	/ˈũ/	[ˈũ] 嗡嗡声<数>
acalmar	/a.kawˈma(ʁ)/	/a.kawˈma(ʁ)/	[a.kawˈma(ʁ)] 冷静<动>
oficialmente	/o.fi.siˌawˈmẽ.t͡ʃi/	/o.fi.siˌawˈmẽ.t͡ʃi/	[o.fi.siˌawˈmẽ.t͡ʃi] 正式<副>
juízo	/ʒuˈi.zu/	/ʒuˈi.zu/	[ʒuˈi.zu] 判断力<名>
cultura	/kuwˈtu.ɾɐ/	/kuwˈtu.ɾɐ/	[kuwˈtu.ɾɐ] 文化<名>
fantasia	/fɐ̃.taˈzi.ɐ/	/fɐ̃.taˈzi.ɐ/	[fɐ̃.taˈzi.ɐ] 幻想<名>
entendeu	/ẽ.tẽˈdew/	/ẽ.tẽˈdew/	[ẽ.tẽˈdew] 明白了<叹>
dada	/ˈda.dɐ/	/ˈda.dɐ/	[ˈda.dɐ] 给定<名>
brinde	/ˈbɾĩ.d͡ʒi/	/ˈbɾĩ.d͡ʒi/	[ˈbɾĩ.d͡ʒi] 吐司<名>
chinês	/ʃiˈne(j)s/	/ʃiˈne(j)s/	[ʃiˈne(j)s] 中国人<名>
espectacular	es.pɛ.ta.ku.ˈlax	es.pɛ.ta.ku.ˈlax	[es.pɛ.ta.ku.ˈlax] 壮观的<形>
pesado	/peˈza.du/	/peˈza.du/	[peˈza.du] 重<形>
reforço	/ʁeˈfoʁ.su/	/ʁeˈfoʁ.su/	[ʁeˈfoʁ.su] 强化<名>
apagar	/a.paˈɡa(ʁ)/	/a.paˈɡa(ʁ)/	[a.paˈɡa(ʁ)] 擦除<动>
corajoso	/ko.ɾaˈʒo.zu/	/ko.ɾaˈʒo.zu/	[ko.ɾaˈʒo.zu] 勇敢的<形>
aproveitar	/a.pɾo.vejˈta(ʁ)/	/a.pɾo.vejˈta(ʁ)/	[a.pɾo.vejˈta(ʁ)] 享受<动>
chegada	/ʃeˈɡa.dɐ/	/ʃeˈɡa.dɐ/	[ʃeˈɡa.dɐ] 到达<名>
hei-de	ej dʒi	ej dʒi	[ej dʒi] 嘿<动>
azar	/aˈzaʁ/	/aˈzaʁ/	[aˈzaʁ] 运气不好<名>
título	/ˈt͡ʃi.tu.lu/	/ˈt͡ʃi.tu.lu/	[ˈt͡ʃi.tu.lu] 标题<名>
sincronia	/sĩ.kɾoˈni.ɐ/	/sĩ.kɾoˈni.ɐ/	[sĩ.kɾoˈni.ɐ] 同步性<名>
posse	/ˈpɔ.si/	/ˈpɔ.si/	[ˈpɔ.si] 占有<名>
impacto	/ĩˈpak.tu/	/ĩˈpak.tu/	[ĩˈpak.tu] 影响<名>
perfil	/peʁˈfiw/	/peʁˈfiw/	[peʁˈfiw] 简介<名>
policial	/po.li.siˈaw/	/po.li.siˈaw/	[po.li.siˈaw] 警察<名>
detetive	/de.teˈt͡ʃi.vi/	/de.teˈt͡ʃi.vi/	[de.teˈt͡ʃi.vi] 侦探<名>
suspeita	/susˈpej.tɐ/	/susˈpej.tɐ/	[susˈpej.tɐ] 怀疑<名>
recado	/ʁeˈka.du/	/ʁeˈka.du/	[ʁeˈka.du] 留言<名>
capital	/ka.piˈtaw/	/ka.piˈtaw/	[ka.piˈtaw] 资本<名>
prata	/ˈpɾa.tɐ/	/ˈpɾa.tɐ/	[ˈpɾa.tɐ] 银<名>
caos	/ˈka.us/	/ˈka.us/	[ˈka.us] 混乱<名>
positivo	/po.ziˈt͡ʃi.vu/	/po.ziˈt͡ʃi.vu/	[po.ziˈt͡ʃi.vu] 积极的<形>
urgente	/uʁˈʒẽ.t͡ʃi/	/uʁˈʒẽ.t͡ʃi/	[uʁˈʒẽ.t͡ʃi] 紧急的<形>
desconhecido	/des.kõ.ɲeˈsi.du/	/des.kõ.ɲeˈsi.du/	[des.kõ.ɲeˈsi.du] 未知<名>
planta	/ˈplɐ̃.tɐ/	/ˈplɐ̃.tɐ/	[ˈplɐ̃.tɐ] 植物<名>
considerar	/kõ.si.deˈɾa(ʁ)/	/kõ.si.deˈɾa(ʁ)/	[kõ.si.deˈɾa(ʁ)] 考虑<动>
emoção	/e.moˈsɐ̃w̃/	/e.moˈsɐ̃w̃/	[e.moˈsɐ̃w̃] 情感<名>
frase	/ˈfɾa.zi/	/ˈfɾa.zi/	[ˈfɾa.zi] 短语<名>
salão	/saˈlɐ̃w̃/	/saˈlɐ̃w̃/	[saˈlɐ̃w̃] 大厅<名>
jornalista	/ʒoʁ.naˈlis.tɐ/	/ʒoʁ.naˈlis.tɐ/	[ʒoʁ.naˈlis.tɐ] 记者<名>
analisar	/a.na.liˈza(ʁ)/	/a.na.liˈza(ʁ)/	[a.na.liˈza(ʁ)] 分析<动>
aventura	/a.vẽˈtu.ɾɐ/	/a.vẽˈtu.ɾɐ/	[a.vẽˈtu.ɾɐ] 冒险<名>
direção	/d͡ʒi.ɾeˈsɐ̃w̃/	/d͡ʒi.ɾeˈsɐ̃w̃/	[d͡ʒi.ɾeˈsɐ̃w̃] 方向<名>
besta	/ˈbes.tɐ/	/ˈbes.tɐ/	[ˈbes.tɐ] 野兽<名>
marco	/ˈmaʁ.ku/	/ˈmaʁ.ku/	[ˈmaʁ.ku] 里程碑<名>
salto	/ˈsaw.tu/	/ˈsaw.tu/	[ˈsaw.tu] 跳跃<名>
face	/ˈfa.si/	/ˈfa.si/	[ˈfa.si] 脸<名>
surpreendido	/suʁ.pɾe.ẽˈd͡ʒi.du/	/suʁ.pɾe.ẽˈd͡ʒi.du/	[suʁ.pɾe.ẽˈd͡ʒi.du] 惊讶<形>
aborrecido	/a.bo.ʁeˈsi.du/	/a.bo.ʁeˈsi.du/	[a.bo.ʁeˈsi.du] 无聊<形>
burro	/ˈbu.ʁu/	/ˈbu.ʁu/	[ˈbu.ʁu] 驴<名>
ideal	/i.deˈaw/	/i.deˈaw/	[i.deˈaw] 理想的<名>
círculo	/ˈsiʁ.ku.lu/	/ˈsiʁ.ku.lu/	[ˈsiʁ.ku.lu] 圆圈<名>
multidão	/muw.t͡ʃiˈdɐ̃w̃/	/muw.t͡ʃiˈdɐ̃w̃/	[muw.t͡ʃiˈdɐ̃w̃] 人群<名>
sentada	/sẽˈta.dɐ/	/sẽˈta.dɐ/	[sẽˈta.dɐ] 坐着<名>
rasto	/ˈʁas.tu/	/ˈʁas.tu/	[ˈʁas.tu] 踪迹<名>
iniciar	/i.ni.siˈa(ʁ)/	/i.ni.siˈa(ʁ)/	[i.ni.siˈa(ʁ)] 开始<动>
reacção	xe.a.ˈsãʊ̃	xe.a.ˈsãʊ̃	[xe.a.ˈsãʊ̃] 反应<名>
refém	/ʁeˈfẽj̃/	/ʁeˈfẽj̃/	[ʁeˈfẽj̃] 人质<名>
saíram	sa.ˈi.ɾãʊ̃	sa.ˈi.ɾãʊ̃	[sa.ˈi.ɾãʊ̃] 左<动>
uísque	/uˈis.ki/	/uˈis.ki/	[uˈis.ki] 威士忌<名>
bateria	/ba.teˈɾi.ɐ/	/ba.teˈɾi.ɐ/	[ba.teˈɾi.ɐ] 电池<名>
pénis	/ˈpɛ.niʃ/	/ˈpɛ.niʃ/	[ˈpɛ.niʃ] 阴茎<名>
doze	/ˈdo.zi/	/ˈdo.zi/	[ˈdo.zi] 十二<名>
salva	/ˈsaw.vɐ/	/ˈsaw.vɐ/	[ˈsaw.vɐ] 萨尔瓦<名>
disparate	/d͡ʒis.paˈɾa.t͡ʃi/	/d͡ʒis.paˈɾa.t͡ʃi/	[d͡ʒis.paˈɾa.t͡ʃi] 废话<名>
escolhido	/is.koˈʎi.du/	/is.koˈʎi.du/	[is.koˈʎi.du] 选择的<名>
paus	/ˈpaws/	/ˈpaws/	[ˈpaws] 迪克斯<名>
foda	/ˈfɔ.dɐ/	/ˈfɔ.dɐ/	[ˈfɔ.dɐ] 他妈的<名>
geração	/ʒe.ɾaˈsɐ̃w̃/	/ʒe.ɾaˈsɐ̃w̃/	[ʒe.ɾaˈsɐ̃w̃] 一代<名>
revolução	/ʁe.vo.luˈsɐ̃w̃/	/ʁe.vo.luˈsɐ̃w̃/	[ʁe.vo.luˈsɐ̃w̃] 革命<名>
morar	/moˈɾa(ʁ)/	/moˈɾa(ʁ)/	[moˈɾa(ʁ)] 直播<动>
meritíssimo	/me.ɾiˈt͡ʃi.si.mu/	/me.ɾiˈt͡ʃi.si.mu/	[me.ɾiˈt͡ʃi.si.mu] 阁下<名>
óleo	/ˈɔ.ʎu/	/ˈɔ.ʎu/	[ˈɔ.ʎu] 油<名>
gravar	/ɡɾaˈva(ʁ)/	/ɡɾaˈva(ʁ)/	[ɡɾaˈva(ʁ)] 记录<动>
estudante	/is.tuˈdɐ̃.t͡ʃi/	/is.tuˈdɐ̃.t͡ʃi/	[is.tuˈdɐ̃.t͡ʃi] 学生<名>
existência	/e.zisˈtẽ.sjɐ/	/e.zisˈtẽ.sjɐ/	[e.zisˈtẽ.sjɐ] 存在<名>
guerreiro	/ɡeˈʁe(j).ɾu/	/ɡeˈʁe(j).ɾu/	[ɡeˈʁe(j).ɾu] 战士<名>
mate	/ˈma.t͡ʃi/	/ˈma.t͡ʃi/	[ˈma.t͡ʃi] 杀<名>
uniforme	/u.niˈfɔʁ.mi/	/u.niˈfɔʁ.mi/	[u.niˈfɔʁ.mi] 制服<名>
novidade	/no.viˈda.d͡ʒi/	/no.viˈda.d͡ʒi/	[no.viˈda.d͡ʒi] 新的<名>
plástico	/ˈplas.t͡ʃi.ku/	/ˈplas.t͡ʃi.ku/	[ˈplas.t͡ʃi.ku] 塑料<名>
despedir	/des.peˈd͡ʒi(ʁ)/	/des.peˈd͡ʒi(ʁ)/	[des.peˈd͡ʒi(ʁ)] 解雇<动>
roda	/ˈʁɔ.dɐ/	/ˈʁɔ.dɐ/	[ˈʁɔ.dɐ] 轮子<名>
basebol	/bej.zeˈbɔw/	/bej.zeˈbɔw/	[bej.zeˈbɔw] 棒球<名>
decente	/deˈsẽ.t͡ʃi/	/deˈsẽ.t͡ʃi/	[deˈsẽ.t͡ʃi] 体面的<形>
alô	/aˈlo/	/aˈlo/	[aˈlo] 你好<名>
coroa	/koˈɾo(w).ɐ/	/koˈɾo(w).ɐ/	[koˈɾo(w).ɐ] 皇冠<名>
beco	/ˈbe.ku/	/ˈbe.ku/	[ˈbe.ku] 胡同<名>
cerimónia	/sɨ.ɾiˈmɔ.njɐ/	/sɨ.ɾiˈmɔ.njɐ/	[sɨ.ɾiˈmɔ.njɐ] 仪式<名>
house	/ˈʁaw.zi/	/ˈʁaw.zi/	[ˈʁaw.zi] 房子<名>
construção	/kõs.tɾuˈsɐ̃w̃/	/kõs.tɾuˈsɐ̃w̃/	[kõs.tɾuˈsɐ̃w̃] 建筑<名>
coelho	/kuˈe.ʎu/	/kuˈe.ʎu/	[kuˈe.ʎu] 兔子<名>
petróleo	/peˈtɾɔ.lju/	/peˈtɾɔ.lju/	[peˈtɾɔ.lju] 油<名>
precisamente	/pɾeˌsi.zaˈmẽ.t͡ʃi/	/pɾeˌsi.zaˈmẽ.t͡ʃi/	[pɾeˌsi.zaˈmẽ.t͡ʃi] 正是<副>
pecado	/peˈka.du/	/peˈka.du/	[peˈka.du] 罪恶<名>
nobre	/ˈnɔ.bɾi/	/ˈnɔ.bɾi/	[ˈnɔ.bɾi] 高贵的<名>
satélite	/saˈtɛ.li.t͡ʃi/	/saˈtɛ.li.t͡ʃi/	[saˈtɛ.li.t͡ʃi] 卫星<名>
oxigénio	/ɔk.siˈʒɛ.nju/	/ɔk.siˈʒɛ.nju/	[ɔk.siˈʒɛ.nju] 氧气<名>
julgar	/ʒuwˈɡa(ʁ)/	/ʒuwˈɡa(ʁ)/	[ʒuwˈɡa(ʁ)] 法官<动>
vira	/ˈvi.ɾɐ/	/ˈvi.ɾɐ/	[ˈvi.ɾɐ] 转<名>
familia			家庭<名>
aéreo	/aˈɛ.ɾju/	/aˈɛ.ɾju/	[aˈɛ.ɾju] 天线<形>
capa	/ˈka.pɐ/	/ˈka.pɐ/	[ˈka.pɐ] 封面<名>
geralmente	/ʒeˌɾawˈmẽ.t͡ʃi/	/ʒeˌɾawˈmẽ.t͡ʃi/	[ʒeˌɾawˈmẽ.t͡ʃi] 一般来说<副>
invasão	/ĩ.vaˈzɐ̃w̃/	/ĩ.vaˈzɐ̃w̃/	[ĩ.vaˈzɐ̃w̃] 入侵<名>
nina	/ˈnĩ.nɐ/	/ˈnĩ.nɐ/	[ˈnĩ.nɐ] 妮娜<名>
potencial	/po.tẽ.siˈaw/	/po.tẽ.siˈaw/	[po.tẽ.siˈaw] 潜力<名>
confissão	/kõ.fiˈsɐ̃w̃/	/kõ.fiˈsɐ̃w̃/	[kõ.fiˈsɐ̃w̃] 忏悔<名>
sensível	/sẽˈsi.vew/	/sẽˈsi.vew/	[sẽˈsi.vew] 敏感的<形>
puxar	/puˈʃa(ʁ)/	/puˈʃa(ʁ)/	[puˈʃa(ʁ)] 拉<动>
linguagem	/lĩˈɡwa.ʒẽj̃/	/lĩˈɡwa.ʒẽj̃/	[lĩˈɡwa.ʒẽj̃] 语言<名>
administração	/a.d͡ʒi.mi.nis.tɾaˈsɐ̃w̃/	/a.d͡ʒi.mi.nis.tɾaˈsɐ̃w̃/	[a.d͡ʒi.mi.nis.tɾaˈsɐ̃w̃] 行政管理<名>
figura	/fiˈɡu.ɾɐ/	/fiˈɡu.ɾɐ/	[fiˈɡu.ɾɐ] 图<名>
cavaleiro	/ka.vaˈle(j).ɾu/	/ka.vaˈle(j).ɾu/	[ka.vaˈle(j).ɾu] 骑士<名>
redor	/ʁeˈdɔʁ/	/ʁeˈdɔʁ/	[ʁeˈdɔʁ] 周围<名>
dês	/ˈde(j)s/	/ˈde(j)s/	[ˈde(j)s] 给予<介>
quilo	/ˈki.lu/	/ˈki.lu/	[ˈki.lu] 公斤<名>
altamente	/ˌaw.taˈmẽ.t͡ʃi/	/ˌaw.taˈmẽ.t͡ʃi/	[ˌaw.taˈmẽ.t͡ʃi] 高度<形>
caminhar	/ka.mĩˈɲa(ʁ)/	/ka.mĩˈɲa(ʁ)/	[ka.mĩˈɲa(ʁ)] 步行<动>
baixar	/bajˈʃa(ʁ)/	/bajˈʃa(ʁ)/	[bajˈʃa(ʁ)] 下载<动>
prima	/ˈpɾĩ.mɐ/	/ˈpɾĩ.mɐ/	[ˈpɾĩ.mɐ] 表弟<形>
caridade	/ka.ɾiˈda.d͡ʒi/	/ka.ɾiˈda.d͡ʒi/	[ka.ɾiˈda.d͡ʒi] 慈善事业<名>
cidadão	/si.daˈdɐ̃w̃/	/si.daˈdɐ̃w̃/	[si.daˈdɐ̃w̃] 公民<名>
guia	/ˈɡi.ɐ/	/ˈɡi.ɐ/	[ˈɡi.ɐ] 指南<名>
curto	/ˈkuʁ.tu/	/ˈkuʁ.tu/	[ˈkuʁ.tu] 短<形>
vazia	/vaˈzi.ɐ/	/vaˈzi.ɐ/	[vaˈzi.ɐ] 空的<名>
testar	/tesˈta(ʁ)/	/tesˈta(ʁ)/	[tesˈta(ʁ)] 测试<动>
apontar	/a.põˈta(ʁ)/	/a.põˈta(ʁ)/	[a.põˈta(ʁ)] 点<动>
recente	/ʁeˈsẽ.t͡ʃi/	/ʁeˈsẽ.t͡ʃi/	[ʁeˈsẽ.t͡ʃi] 最近的<形>
personagem	/peʁ.soˈna.ʒẽj̃/	/peʁ.soˈna.ʒẽj̃/	[peʁ.soˈna.ʒẽj̃] 性格<名>
acompanhar	/a.kõ.pɐ̃ˈɲa(ʁ)/	/a.kõ.pɐ̃ˈɲa(ʁ)/	[a.kõ.pɐ̃ˈɲa(ʁ)] 陪伴<动>
in	/ˈĩ/	/ˈĩ/	[ˈĩ] 在<形>
portal	/poʁˈtaw/	/poʁˈtaw/	[poʁˈtaw] 门户网站<名>
intervalo	/ĩ.teʁˈva.lu/	/ĩ.teʁˈva.lu/	[ĩ.teʁˈva.lu] 间隔<名>
disfarce	/d͡ʒisˈfaʁ.si/	/d͡ʒisˈfaʁ.si/	[d͡ʒisˈfaʁ.si] 伪装<名>
voltaram	vow.ˈta.ɾãʊ̃	vow.ˈta.ɾãʊ̃	[vow.ˈta.ɾãʊ̃] 他们回来了<动>
manteiga	/mɐ̃ˈte(j).ɡɐ/	/mɐ̃ˈte(j).ɡɐ/	[mɐ̃ˈte(j).ɡɐ] 黄油<名>
ultrapassar	/ˌuw.tɾa.paˈsa(ʁ)/	/ˌuw.tɾa.paˈsa(ʁ)/	[ˌuw.tɾa.paˈsa(ʁ)] 超越<动>
exposição	/is.po.ziˈsɐ̃w̃/	/is.po.ziˈsɐ̃w̃/	[is.po.ziˈsɐ̃w̃] 展览<名>
condicional	/kõ.d͡ʒi.si.oˈnaw/	/kõ.d͡ʒi.si.oˈnaw/	[kõ.d͡ʒi.si.oˈnaw] 有条件的<名>
ginásio	/ʒiˈna.zju/	/ʒiˈna.zju/	[ʒiˈna.zju] 健身房<名>
abençoar	/a.bẽ.soˈa(ʁ)/	/a.bẽ.soˈa(ʁ)/	[a.bẽ.soˈa(ʁ)] 祝福<动>
tiroteio	/t͡ʃi.ɾoˈtej.u/	/t͡ʃi.ɾoˈtej.u/	[t͡ʃi.ɾoˈtej.u] 射击<名>
nascimento	/na.siˈmẽ.tu/	/na.siˈmẽ.tu/	[na.siˈmẽ.tu] 出生<名>
setembro	/seˈtẽ.bɾu/	/seˈtẽ.bɾu/	[seˈtẽ.bɾu] 九月<名>
patrulha	/paˈtɾu.ʎɐ/	/paˈtɾu.ʎɐ/	[paˈtɾu.ʎɐ] 巡逻<名>
jóia	ˈʒɔy.ə	ˈʒɔy.ə	[ˈʒɔy.ə] 珠宝<名>
detrás	/deˈtɾa(j)s/	/deˈtɾa(j)s/	[deˈtɾa(j)s] 后面<副>
hein	/ˈẽj̃/	/ˈẽj̃/	[ˈẽj̃] 呵呵<叹>
condutor	/kõ.duˈtoʁ/	/kõ.duˈtoʁ/	[kõ.duˈtoʁ] 司机<名>
renda	/ˈʁẽ.dɐ/	/ˈʁẽ.dɐ/	[ˈʁẽ.dɐ] 收入<名>
salário	/saˈla.ɾju/	/saˈla.ɾju/	[saˈla.ɾju] 工资<名>
parto	/ˈpaʁ.tu/	/ˈpaʁ.tu/	[ˈpaʁ.tu] 分娩<名>
black	/ˈblɛ.ki/	/ˈblɛ.ki/	[ˈblɛ.ki] 黑色<名>
vomitar	/vo.miˈta(ʁ)/	/vo.miˈta(ʁ)/	[vo.miˈta(ʁ)] 呕吐<动>
olhadela	/o.ʎaˈdɛ.lɐ/	/o.ʎaˈdɛ.lɐ/	[o.ʎaˈdɛ.lɐ] 一眼<名>
tradição	/tɾa.d͡ʒiˈsɐ̃w̃/	/tɾa.d͡ʒiˈsɐ̃w̃/	[tɾa.d͡ʒiˈsɐ̃w̃] 传统<名>
honestamente	/oˌnɛs.taˈmẽ.t͡ʃi/	/oˌnɛs.taˈmẽ.t͡ʃi/	[oˌnɛs.taˈmẽ.t͡ʃi] 诚实地<副>
noção	/noˈsɐ̃w̃/	/noˈsɐ̃w̃/	[noˈsɐ̃w̃] 概念<名>
deter	/deˈte(ʁ)/	/deˈte(ʁ)/	[deˈte(ʁ)] 拘留<动>
técnica	/ˈtɛ.ki.ni.kɐ/	/ˈtɛ.ki.ni.kɐ/	[ˈtɛ.ki.ni.kɐ] 技术<名>
resistir	/ʁe.zisˈt͡ʃi(ʁ)/	/ʁe.zisˈt͡ʃi(ʁ)/	[ʁe.zisˈt͡ʃi(ʁ)] 抵抗<动>
tema	/ˈtẽ.mɐ/	/ˈtẽ.mɐ/	[ˈtẽ.mɐ] 主题<名>
boneca	/buˈnɛ.kɐ/	/buˈnɛ.kɐ/	[buˈnɛ.kɐ] 娃娃<名>
culpar	/kuwˈpa(ʁ)/	/kuwˈpa(ʁ)/	[kuwˈpa(ʁ)] 责备<动>
perseguir	/peʁ.seˈɡi(ʁ)/	/peʁ.seˈɡi(ʁ)/	[peʁ.seˈɡi(ʁ)] 追逐<动>
cocaína	/ko.kaˈĩ.nɐ/	/ko.kaˈĩ.nɐ/	[ko.kaˈĩ.nɐ] 可卡因<名>
assinatura	/a.si.naˈtu.ɾɐ/	/a.si.naˈtu.ɾɐ/	[a.si.naˈtu.ɾɐ] 签名<名>
egoísta	/e.ɡoˈis.tɐ/	/e.ɡoˈis.tɐ/	[e.ɡoˈis.tɐ] 自私的<名>
profundo	/pɾoˈfũ.du/	/pɾoˈfũ.du/	[pɾoˈfũ.du] 深<形>
sabor	/saˈboʁ/	/saˈboʁ/	[saˈboʁ] 味道<名>
abraço	/aˈbɾa.su/	/aˈbɾa.su/	[aˈbɾa.su] 拥抱<名>
bloco	/ˈblɔ.ku/	/ˈblɔ.ku/	[ˈblɔ.ku] 块<名>
contado	/kõˈta.du/	/kõˈta.du/	[kõˈta.du] 数过的<形>
população	/po.pu.laˈsɐ̃w̃/	/po.pu.laˈsɐ̃w̃/	[po.pu.laˈsɐ̃w̃] 人口<名>
cassete	/kaˈsɛ.t͡ʃi/	/kaˈsɛ.t͡ʃi/	[kaˈsɛ.t͡ʃi] 盒式磁带<名>
tragédia	/tɾaˈʒɛ.d͡ʒjɐ/	/tɾaˈʒɛ.d͡ʒjɐ/	[tɾaˈʒɛ.d͡ʒjɐ] 悲剧<名>
cientista	/si.ẽˈt͡ʃis.tɐ/	/si.ẽˈt͡ʃis.tɐ/	[si.ẽˈt͡ʃis.tɐ] 科学家<名>
religião	/ʁe.li.ʒiˈɐ̃w̃/	/ʁe.li.ʒiˈɐ̃w̃/	[ʁe.li.ʒiˈɐ̃w̃] 宗教<名>
destruído	/des.tɾuˈi.du/	/des.tɾuˈi.du/	[des.tɾuˈi.du] 被摧毁<形>
planeado	/pla.neˈa.du/	/pla.neˈa.du/	[pla.neˈa.du] 计划中的<形>
tecnicamente	/ˌtɛ.ki.ni.kaˈmẽ.t͡ʃi/	/ˌtɛ.ki.ni.kaˈmẽ.t͡ʃi/	[ˌtɛ.ki.ni.kaˈmẽ.t͡ʃi] 技术上<副>
caneta	/kaˈne.tɐ/	/kaˈne.tɐ/	[kaˈne.tɐ] 笔<名>
sobrinho	/soˈbɾĩ.ɲu/	/soˈbɾĩ.ɲu/	[soˈbɾĩ.ɲu] 侄子<名>
dama	/ˈdɐ̃.mɐ/	/ˈdɐ̃.mɐ/	[ˈdɐ̃.mɐ] 女士<名>
sagrado	/saˈɡɾa.du/	/saˈɡɾa.du/	[saˈɡɾa.du] 神圣的<形>
durar	/duˈɾa(ʁ)/	/duˈɾa(ʁ)/	[duˈɾa(ʁ)] 最后<动>
bandeira	/bɐ̃ˈde(j).ɾɐ/	/bɐ̃ˈde(j).ɾɐ/	[bɐ̃ˈde(j).ɾɐ] 旗帜<名>
mudaram	mu.ˈda.ɾãʊ̃	mu.ˈda.ɾãʊ̃	[mu.ˈda.ɾãʊ̃] 已经改变了<动>
japão	/ʒaˈpɐ̃w̃/	/ʒaˈpɐ̃w̃/	[ʒaˈpɐ̃w̃] 日本<名>
contudo	/kõˈtu.du/	/kõˈtu.du/	[kõˈtu.du] 然而<副>
feira	/ˈfe(j).ɾɐ/	/ˈfe(j).ɾɐ/	[ˈfe(j).ɾɐ] 公平<名>
respiração	/ʁes.pi.ɾaˈsɐ̃w̃/	/ʁes.pi.ɾaˈsɐ̃w̃/	[ʁes.pi.ɾaˈsɐ̃w̃] 呼吸<名>
descoberto	/des.koˈbɛʁ.tu/	/des.koˈbɛʁ.tu/	[des.koˈbɛʁ.tu] 发现了<形>
imediato	/i.me.d͡ʒiˈa.tu/	/i.me.d͡ʒiˈa.tu/	[i.me.d͡ʒiˈa.tu] 立即的<名>
pastor	/pasˈtoʁ/	/pasˈtoʁ/	[pasˈtoʁ] 牧羊人<名>
dêem	ˈde.ẽỹ	ˈde.ẽỹ	[ˈde.ẽỹ] 给予<动>
cancelar	/kɐ̃.seˈla(ʁ)/	/kɐ̃.seˈla(ʁ)/	[kɐ̃.seˈla(ʁ)] 取消<动>
tomo	/ˈtõ.mu/	/ˈtõ.mu/	[ˈtõ.mu] 我拿<名>
espantoso	/is.pɐ̃ˈto.zu/	/is.pɐ̃ˈto.zu/	[is.pɐ̃ˈto.zu] 惊人的<形>
genial	/ʒe.niˈaw/	/ʒe.niˈaw/	[ʒe.niˈaw] 天才<形>
asneira	/azˈne(j).ɾɐ/	/azˈne(j).ɾɐ/	[azˈne(j).ɾɐ] 失误<名>
delicioso	/de.li.siˈo.zu/	/de.li.siˈo.zu/	[de.li.siˈo.zu] 好吃<形>
tchau	/ˈt͡ʃaw/	/ˈt͡ʃaw/	[ˈt͡ʃaw] 再见<名>
influência	/ĩ.fluˈẽ.sjɐ/	/ĩ.fluˈẽ.sjɐ/	[ĩ.fluˈẽ.sjɐ] 影响力<名>
espetáculo	/is.peˈta.ku.lu/	/is.peˈta.ku.lu/	[is.peˈta.ku.lu] 奇观<名>
penny			便士<名>
símbolo	/ˈsĩ.bo.lu/	/ˈsĩ.bo.lu/	[ˈsĩ.bo.lu] 符号<名>
tecido	/teˈsi.du/	/teˈsi.du/	[teˈsi.du] 布料<名>
piorar	/pi.oˈɾa(ʁ)/	/pi.oˈɾa(ʁ)/	[pi.oˈɾa(ʁ)] 恶化<动>
estupidez	/is.tu.piˈde(j)s/	/is.tu.piˈde(j)s/	[is.tu.piˈde(j)s] 愚蠢<名>
cobrir	/koˈbɾi(ʁ)/	/koˈbɾi(ʁ)/	[koˈbɾi(ʁ)] 封面<动>
gatilho	/ɡaˈt͡ʃi.ʎu/	/ɡaˈt͡ʃi.ʎu/	[ɡaˈt͡ʃi.ʎu] 触发器<名>
horário	/oˈɾa.ɾju/	/oˈɾa.ɾju/	[oˈɾa.ɾju] 时间表<名>
piano	/piˈɐ̃.nu/	/piˈɐ̃.nu/	[piˈɐ̃.nu] 钢琴<名>
cerebral	/se.ɾeˈbɾaw/	/se.ɾeˈbɾaw/	[se.ɾeˈbɾaw] 大脑的<形>
ocorrer	/o.koˈʁe(ʁ)/	/o.koˈʁe(ʁ)/	[o.koˈʁe(ʁ)] 发生<动>
selva	/ˈsɛw.vɐ/	/ˈsɛw.vɐ/	[ˈsɛw.vɐ] 丛林<名>
adolescente	/a.do.leˈsẽ.t͡ʃi/	/a.do.leˈsẽ.t͡ʃi/	[a.do.leˈsẽ.t͡ʃi] 青少年<名>
academia	/a.ka.deˈmi.ɐ/	/a.ka.deˈmi.ɐ/	[a.ka.deˈmi.ɐ] 健身房<名>
luxo	/ˈlu.ʃu/	/ˈlu.ʃu/	[ˈlu.ʃu] 奢华<名>
pasta	/ˈpas.tɐ/	/ˈpas.tɐ/	[ˈpas.tɐ] 文件夹<名>
apoiar	/a.pojˈa(ʁ)/	/a.pojˈa(ʁ)/	[a.pojˈa(ʁ)] 支持<动>
nojo	/ˈno.ʒu/	/ˈno.ʒu/	[ˈno.ʒu] 厌恶<名>
motel	/moˈtɛw/	/moˈtɛw/	[moˈtɛw] 汽车旅馆<名>
testemunhar	/tes.te.mũˈɲa(ʁ)/	/tes.te.mũˈɲa(ʁ)/	[tes.te.mũˈɲa(ʁ)] 作证<动>
mato	/ˈma.tu/	/ˈma.tu/	[ˈma.tu] 布什<名>
furioso	/fu.ɾiˈo.zu/	/fu.ɾiˈo.zu/	[fu.ɾiˈo.zu] 愤怒的<形>
escravo	/isˈkɾa.vu/	/isˈkɾa.vu/	[isˈkɾa.vu] 奴隶<名>
publicidade	/pu.bli.siˈda.d͡ʒi/	/pu.bli.siˈda.d͡ʒi/	[pu.bli.siˈda.d͡ʒi] 广告<名>
alteza	/awˈte.zɐ/	/awˈte.zɐ/	[awˈte.zɐ] 殿下<名>
sacrifício	/sa.kɾiˈfi.sju/	/sa.kɾiˈfi.sju/	[sa.kɾiˈfi.sju] 牺牲<名>
descanso	/desˈkɐ̃.su/	/desˈkɐ̃.su/	[desˈkɐ̃.su] 休息<名>
psiquiatra	/psiˈkja.tɾɐ/	/psiˈkja.tɾɐ/	[psiˈkja.tɾɐ] 精神科医生<名>
hã	/ˈɐ̃/	/ˈɐ̃/	[ˈɐ̃] 呵呵<叹>
pintar	/pĩˈta(ʁ)/	/pĩˈta(ʁ)/	[pĩˈta(ʁ)] 油漆<动>
reunir	/ʁe.uˈni(ʁ)/	/ʁe.uˈni(ʁ)/	[ʁe.uˈni(ʁ)] 聚集<动>
fraude	/ˈfɾaw.d͡ʒi/	/ˈfɾaw.d͡ʒi/	[ˈfɾaw.d͡ʒi] 欺诈<名>
olhada	/oˈʎa.dɐ/	/oˈʎa.dɐ/	[oˈʎa.dɐ] 看看<名>
transferência	/tɾɐ̃s.feˈɾẽ.sjɐ/	/tɾɐ̃s.feˈɾẽ.sjɐ/	[tɾɐ̃s.feˈɾẽ.sjɐ] 转移<名>
baseado	/ba.zeˈa.du/	/ba.zeˈa.du/	[ba.zeˈa.du] 联合<名>
perderam	peɣ.ˈde.ɾãʊ̃	peɣ.ˈde.ɾãʊ̃	[peɣ.ˈde.ɾãʊ̃] 迷失了<动>
aparelho	/a.paˈɾe.ʎu/	/a.paˈɾe.ʎu/	[a.paˈɾe.ʎu] 装置<名>
agenda	/aˈʒẽ.dɐ/	/aˈʒẽ.dɐ/	[aˈʒẽ.dɐ] 议程<名>
duche	/ˈdu.ʃi/	/ˈdu.ʃi/	[ˈdu.ʃi] 淋浴<名>
firma	/ˈfiʁ.mɐ/	/ˈfiʁ.mɐ/	[ˈfiʁ.mɐ] 签名<名>
excelência	/e.seˈlẽ.sjɐ/	/e.seˈlẽ.sjɐ/	[e.seˈlẽ.sjɐ] 卓越<名>
tina	/ˈt͡ʃĩ.nɐ/	/ˈt͡ʃĩ.nɐ/	[ˈt͡ʃĩ.nɐ] 蒂娜<名>
bens	/ˈbẽj̃s/	/ˈbẽj̃s/	[ˈbẽj̃s] 货物<名>
ferramenta	/fe.ʁaˈmẽ.tɐ/	/fe.ʁaˈmẽ.tɐ/	[fe.ʁaˈmẽ.tɐ] 工具<名>
recusar	/ʁe.kuˈza(ʁ)/	/ʁe.kuˈza(ʁ)/	[ʁe.kuˈza(ʁ)] 拒绝<动>
assustar	/a.susˈta(ʁ)/	/a.susˈta(ʁ)/	[a.susˈta(ʁ)] 吓唬<动>
barato	/baˈɾa.tu/	/baˈɾa.tu/	[baˈɾa.tu] 便宜<名>
acertar	/a.seʁˈta(ʁ)/	/a.seʁˈta(ʁ)/	[a.seʁˈta(ʁ)] 击中<动>
perdoar	/peʁ.doˈa(ʁ)/	/peʁ.doˈa(ʁ)/	[peʁ.doˈa(ʁ)] 原谅<动>
unha	/ˈũ.ɲɐ/	/ˈũ.ɲɐ/	[ˈũ.ɲɐ] 钉子<名>
rumor	/ʁuˈmoʁ/	/ʁuˈmoʁ/	[ʁuˈmoʁ] 谣言<名>
escritor	/is.kɾiˈtoʁ/	/is.kɾiˈtoʁ/	[is.kɾiˈtoʁ] 作家<名>
tubo	/ˈtu.bu/	/ˈtu.bu/	[ˈtu.bu] 管<名>
espanhol	/is.pɐ̃ˈɲɔw/	/is.pɐ̃ˈɲɔw/	[is.pɐ̃ˈɲɔw] 西班牙语<名>
lama	/ˈlɐ̃.mɐ/	/ˈlɐ̃.mɐ/	[ˈlɐ̃.mɐ] 泥<名>
feia	/ˈfej.ɐ/	/ˈfej.ɐ/	[ˈfej.ɐ] 丑陋<名>
nu	/ˈnu/	/ˈnu/	[ˈnu] 裸体<形>
informar	/ĩ.foʁˈma(ʁ)/	/ĩ.foʁˈma(ʁ)/	[ĩ.foʁˈma(ʁ)] 告知<动>
brinquedo	/bɾĩˈke.du/	/bɾĩˈke.du/	[bɾĩˈke.du] 玩具<名>
praticar	/pɾa.t͡ʃiˈka(ʁ)/	/pɾa.t͡ʃiˈka(ʁ)/	[pɾa.t͡ʃiˈka(ʁ)] 练习<动>
dose	/ˈdɔ.zi/	/ˈdɔ.zi/	[ˈdɔ.zi] 剂量<名>
atrasados	a.tɾa.ˈza.dʊs	a.tɾa.ˈza.dʊs	[a.tɾa.ˈza.dʊs] 迟到了<名>
trabalhador	/tɾa.ba.ʎaˈdoʁ/	/tɾa.ba.ʎaˈdoʁ/	[tɾa.ba.ʎaˈdoʁ] 工人<名>
desgraçado	/dez.ɡɾaˈsa.du/	/dez.ɡɾaˈsa.du/	[dez.ɡɾaˈsa.du] 混蛋<名>
estratégia	/is.tɾaˈtɛ.ʒjɐ/	/is.tɾaˈtɛ.ʒjɐ/	[is.tɾaˈtɛ.ʒjɐ] 策略<名>
substituir	/su.bis.t͡ʃi.tuˈi(ʁ)/	/su.bis.t͡ʃi.tuˈi(ʁ)/	[su.bis.t͡ʃi.tuˈi(ʁ)] 替换<动>
terror	/teˈʁoʁ/	/teˈʁoʁ/	[teˈʁoʁ] 恐怖<名>
contratar	/kõ.tɾaˈta(ʁ)/	/kõ.tɾaˈta(ʁ)/	[kõ.tɾaˈta(ʁ)] 雇用<动>
escrita	/isˈkɾi.tɐ/	/isˈkɾi.tɐ/	[isˈkɾi.tɐ] 写作<名>
entraram	ẽ.ˈtɾa.ɾãʊ̃	ẽ.ˈtɾa.ɾãʊ̃	[ẽ.ˈtɾa.ɾãʊ̃] 进入<动>
confessar	/kõ.feˈsa(ʁ)/	/kõ.feˈsa(ʁ)/	[kõ.feˈsa(ʁ)] 坦白<动>
luva	/ˈlu.vɐ/	/ˈlu.vɐ/	[ˈlu.vɐ] 手套<名>
propriamente	/ˌpɾɔ.pɾjaˈmẽ.t͡ʃi/	/ˌpɾɔ.pɾjaˈmẽ.t͡ʃi/	[ˌpɾɔ.pɾjaˈmẽ.t͡ʃi] 正确地<副>
convencido	/kõ.vẽˈsi.du/	/kõ.vẽˈsi.du/	[kõ.vẽˈsi.du] 确信<名>
aumento	/awˈmẽ.tu/	/awˈmẽ.tu/	[awˈmẽ.tu] 增加<名>
letra	/ˈle.tɾɐ/	/ˈle.tɾɐ/	[ˈle.tɾɐ] 歌词<名>
convidar	/kõ.viˈda(ʁ)/	/kõ.viˈda(ʁ)/	[kõ.viˈda(ʁ)] 邀请<动>
verdadeiramente	/veʁ.daˌde(j).ɾaˈmẽ.t͡ʃi/	/veʁ.daˌde(j).ɾaˈmẽ.t͡ʃi/	[veʁ.daˌde(j).ɾaˈmẽ.t͡ʃi] 确实<副>
folha	/ˈfo.ʎɐ/	/ˈfo.ʎɐ/	[ˈfo.ʎɐ] 片材<名>
formação	/foʁ.maˈsɐ̃w̃/	/foʁ.maˈsɐ̃w̃/	[foʁ.maˈsɐ̃w̃] 培训<名>
argumento	/aʁ.ɡuˈmẽ.tu/	/aʁ.ɡuˈmẽ.tu/	[aʁ.ɡuˈmẽ.tu] 论证<名>
frigorífico	/fɾi.ɡoˈɾi.fi.ku/	/fɾi.ɡoˈɾi.fi.ku/	[fɾi.ɡoˈɾi.fi.ku] 冰箱<名>
congresso	/kõˈɡɾɛ.su/	/kõˈɡɾɛ.su/	[kõˈɡɾɛ.su] 国会<名>
naturalmente	/na.tuˌɾawˈmẽ.t͡ʃi/	/na.tuˌɾawˈmẽ.t͡ʃi/	[na.tuˌɾawˈmẽ.t͡ʃi] 自然地<副>
preferido	/pɾe.feˈɾi.du/	/pɾe.feˈɾi.du/	[pɾe.feˈɾi.du] 首选<形>
indústria	/ĩˈdus.tɾjɐ/	/ĩˈdus.tɾjɐ/	[ĩˈdus.tɾjɐ] 工业<名>
trago	/ˈtɾa.ɡu/	/ˈtɾa.ɡu/	[ˈtɾa.ɡu] 我带来<名>
tatuagem	/ta.tuˈa.ʒẽj̃/	/ta.tuˈa.ʒẽj̃/	[ta.tuˈa.ʒẽj̃] 纹身<名>
apetecer	/a.pe.teˈse(ʁ)/	/a.pe.teˈse(ʁ)/	[a.pe.teˈse(ʁ)] 感觉就像<动>
ação	/aˈsɐ̃w̃/	/aˈsɐ̃w̃/	[aˈsɐ̃w̃] 行动<名>
equipe	/eˈki.pi/	/eˈki.pi/	[eˈki.pi] 团队<名>
lance	/ˈlɐ̃.si/	/ˈlɐ̃.si/	[ˈlɐ̃.si] 出价<名>
inventar	/ĩ.vẽˈta(ʁ)/	/ĩ.vẽˈta(ʁ)/	[ĩ.vẽˈta(ʁ)] 发明<动>
rumo	/ˈʁũ.mu/	/ˈʁũ.mu/	[ˈʁũ.mu] 方向<名>
conspiração	/kõs.pi.ɾaˈsɐ̃w̃/	/kõs.pi.ɾaˈsɐ̃w̃/	[kõs.pi.ɾaˈsɐ̃w̃] 阴谋<名>
ramo	/ˈʁɐ̃.mu/	/ˈʁɐ̃.mu/	[ˈʁɐ̃.mu] 分行<名>
cemitério	/si.miˈtɛ.ɾju/	/si.miˈtɛ.ɾju/	[si.miˈtɛ.ɾju] 墓地<名>
tanque	/ˈtɐ̃.ki/	/ˈtɐ̃.ki/	[ˈtɐ̃.ki] 坦克<名>
bebê	/beˈbe/	/beˈbe/	[beˈbe] 宝贝<名>
dúzia	/ˈdu.zjɐ/	/ˈdu.zjɐ/	[ˈdu.zjɐ] 十几个<名>
solteiro	/sowˈte(j).ɾu/	/sowˈte(j).ɾu/	[sowˈte(j).ɾu] 单身<名>
stress	/isˈtɾɛ.si/	/isˈtɾɛ.si/	[isˈtɾɛ.si] 压力<名>
dificuldade	/d͡ʒi.fi.kuwˈda.d͡ʒi/	/d͡ʒi.fi.kuwˈda.d͡ʒi/	[d͡ʒi.fi.kuwˈda.d͡ʒi] 难度<名>
caçador	/ka.saˈdoʁ/	/ka.saˈdoʁ/	[ka.saˈdoʁ] 猎人<名>
poço	/ˈpo.su/	/ˈpo.su/	[ˈpo.su] 嗯<名>
descoberta	/des.koˈbɛʁ.tɐ/	/des.koˈbɛʁ.tɐ/	[des.koˈbɛʁ.tɐ] 发现<名>
inconsciente	/ĩ.kõ.siˈẽ.t͡ʃi/	/ĩ.kõ.siˈẽ.t͡ʃi/	[ĩ.kõ.siˈẽ.t͡ʃi] 无意识的<名>
protocolo	/ˌpɾɔ.toˈkɔ.lu/	/ˌpɾɔ.toˈkɔ.lu/	[ˌpɾɔ.toˈkɔ.lu] 协议<名>
puxa	/ˈpu.ʃɐ/	/ˈpu.ʃɐ/	[ˈpu.ʃɐ] 拉<叹>
anormal	/a.noʁˈmaw/	/a.noʁˈmaw/	[a.noʁˈmaw] 不正常的<形>
amável	/aˈma.vew/	/aˈma.vew/	[aˈma.vew] 善良<形>
curar	/kuˈɾa(ʁ)/	/kuˈɾa(ʁ)/	[kuˈɾa(ʁ)] 治愈<动>
decidido	/de.siˈd͡ʒi.du/	/de.siˈd͡ʒi.du/	[de.siˈd͡ʒi.du] 决定<形>
fascinante	/fa.siˈnɐ̃.t͡ʃi/	/fa.siˈnɐ̃.t͡ʃi/	[fa.siˈnɐ̃.t͡ʃi] 迷人的<形>
aparência	/a.paˈɾẽ.sjɐ/	/a.paˈɾẽ.sjɐ/	[a.paˈɾẽ.sjɐ] 外观<名>
personalidade	/peʁ.so.na.liˈda.d͡ʒi/	/peʁ.so.na.liˈda.d͡ʒi/	[peʁ.so.na.liˈda.d͡ʒi] 个性<名>
absoluto	/ab.soˈlu.tu/	/ab.soˈlu.tu/	[ab.soˈlu.tu] 绝对的<形>
julho	/ˈʒu.ʎu/	/ˈʒu.ʎu/	[ˈʒu.ʎu] 七月<名>
curta	/ˈkuʁ.tɐ/	/ˈkuʁ.tɐ/	[ˈkuʁ.tɐ] 短<名>
cobarde	/koˈbaʁ.d͡ʒi/	/koˈbaʁ.d͡ʒi/	[koˈbaʁ.d͡ʒi] 胆小鬼<名>
reconhecimento	/ʁe.kõ.ɲe.siˈmẽ.tu/	/ʁe.kõ.ɲe.siˈmẽ.tu/	[ʁe.kõ.ɲe.siˈmẽ.tu] 认可<名>
progresso	/pɾoˈɡɾɛ.su/	/pɾoˈɡɾɛ.su/	[pɾoˈɡɾɛ.su] 进展<名>
radiação	/ʁa.d͡ʒi.aˈsɐ̃w̃/	/ʁa.d͡ʒi.aˈsɐ̃w̃/	[ʁa.d͡ʒi.aˈsɐ̃w̃] 辐射<名>
estrangeiro	/is.tɾɐ̃ˈʒe(j).ɾu/	/is.tɾɐ̃ˈʒe(j).ɾu/	[is.tɾɐ̃ˈʒe(j).ɾu] 外国人<名>
traficante	/tɾa.fiˈkɐ̃.t͡ʃi/	/tɾa.fiˈkɐ̃.t͡ʃi/	[tɾa.fiˈkɐ̃.t͡ʃi] 毒贩<名>
reconhecer	/ʁe.kõ.ɲeˈse(ʁ)/	/ʁe.kõ.ɲeˈse(ʁ)/	[ʁe.kõ.ɲeˈse(ʁ)] 认出<动>
pormenor	/ˌpoʁ.meˈnɔʁ/	/ˌpoʁ.meˈnɔʁ/	[ˌpoʁ.meˈnɔʁ] 细节<名>
prestar	/pɾesˈta(ʁ)/	/pɾesˈta(ʁ)/	[pɾesˈta(ʁ)] 渲染<动>
receita	/ʁeˈsej.tɐ/	/ʁeˈsej.tɐ/	[ʁeˈsej.tɐ] 食谱<名>
arranjo	/aˈʁɐ̃.ʒu/	/aˈʁɐ̃.ʒu/	[aˈʁɐ̃.ʒu] 安排<名>
reverendo	xe.ve.ˈɾẽ.dʊ	xe.ve.ˈɾẽ.dʊ	[xe.ve.ˈɾẽ.dʊ] 牧师<名>
transmissão	/tɾɐ̃z.miˈsɐ̃w̃/	/tɾɐ̃z.miˈsɐ̃w̃/	[tɾɐ̃z.miˈsɐ̃w̃] 传输<名>
privacidade	/pɾi.va.siˈda.d͡ʒi/	/pɾi.va.siˈda.d͡ʒi/	[pɾi.va.siˈda.d͡ʒi] 隐私<名>
actividade	a.tʃi.vi.ˈda.dʒɪ	a.tʃi.vi.ˈda.dʒɪ	[a.tʃi.vi.ˈda.dʒɪ] 活动<名>
ensaio	/ẽˈsaj.u/	/ẽˈsaj.u/	[ẽˈsaj.u] 论文<名>
prioridade	/pɾi.o.ɾiˈda.d͡ʒi/	/pɾi.o.ɾiˈda.d͡ʒi/	[pɾi.o.ɾiˈda.d͡ʒi] 优先级<名>
salada	/saˈla.dɐ/	/saˈla.dɐ/	[saˈla.dɐ] 沙拉<名>
cachorro	/kaˈʃo.ʁu/	/kaˈʃo.ʁu/	[kaˈʃo.ʁu] 狗<名>
sobrevivência	/so.bɾe.viˈvẽ.sjɐ/	/so.bɾe.viˈvẽ.sjɐ/	[so.bɾe.viˈvẽ.sjɐ] 生存<名>
condução	/kõ.duˈsɐ̃w̃/	/kõ.duˈsɐ̃w̃/	[kõ.duˈsɐ̃w̃] 驾驶<名>
organizar	/oʁ.ɡa.niˈza(ʁ)/	/oʁ.ɡa.niˈza(ʁ)/	[oʁ.ɡa.niˈza(ʁ)] 组织<动>
luto	/ˈlu.tu/	/ˈlu.tu/	[ˈlu.tu] 哀悼<名>
actor	a.ˈtox	a.ˈtox	[a.ˈtox] 演员<名>
ignorar	/i.ɡi.noˈɾa(ʁ)/	/i.ɡi.noˈɾa(ʁ)/	[i.ɡi.noˈɾa(ʁ)] 忽略<动>
aço	/ˈa.su/	/ˈa.su/	[ˈa.su] 钢<名>
solar	/soˈlaʁ/	/soˈlaʁ/	[soˈlaʁ] 太阳能<名>
passageiro	/pa.saˈʒe(j).ɾu/	/pa.saˈʒe(j).ɾu/	[pa.saˈʒe(j).ɾu] 乘客<名>
leitura	/lejˈtu.ɾɐ/	/lejˈtu.ɾɐ/	[lejˈtu.ɾɐ] 阅读<名>
eliminar	/e.li.miˈna(ʁ)/	/e.li.miˈna(ʁ)/	[e.li.miˈna(ʁ)] 消除<动>
depoimento	/de.po.iˈmẽ.tu/	/de.po.iˈmẽ.tu/	[de.po.iˈmẽ.tu] 见证<名>
maya			玛雅人<名>
estrutura	/is.tɾuˈtu.ɾɐ/	/is.tɾuˈtu.ɾɐ/	[is.tɾuˈtu.ɾɐ] 结构<名>
palpite	/pawˈpi.t͡ʃi/	/pawˈpi.t͡ʃi/	[pawˈpi.t͡ʃi] 猜测<名>
alcançar	/aw.kɐ̃ˈsa(ʁ)/	/aw.kɐ̃ˈsa(ʁ)/	[aw.kɐ̃ˈsa(ʁ)] 达到<动>
célula	/ˈsɛ.lu.lɐ/	/ˈsɛ.lu.lɐ/	[ˈsɛ.lu.lɐ] 细胞<名>
segunda-feira	/seˌɡũ.dɐˈfe(j).ɾɐ/	/seˌɡũ.dɐˈfe(j).ɾɐ/	[seˌɡũ.dɐˈfe(j).ɾɐ] 星期一<名>
italiano	/i.ta.liˈɐ̃.nu/	/i.ta.liˈɐ̃.nu/	[i.ta.liˈɐ̃.nu] 意大利语<名>
tais	/ˈtajs/	/ˈtajs/	[ˈtajs] 这样的<名>
interrogatório	/ĩ.te.ʁo.ɡaˈtɔ.ɾju/	/ĩ.te.ʁo.ɡaˈtɔ.ɾju/	[ĩ.te.ʁo.ɡaˈtɔ.ɾju] 审讯<名>
explosivo	/is.ploˈzi.vu/	/is.ploˈzi.vu/	[is.ploˈzi.vu] 爆炸物<名>
adiante	/a.d͡ʒiˈɐ̃.t͡ʃi/	/a.d͡ʒiˈɐ̃.t͡ʃi/	[a.d͡ʒiˈɐ̃.t͡ʃi] 前面<副>
hemorragia	/e.mo.ʁaˈʒi.ɐ/	/e.mo.ʁaˈʒi.ɐ/	[e.mo.ʁaˈʒi.ɐ] 出血<名>
conde	/ˈkõ.d͡ʒi/	/ˈkõ.d͡ʒi/	[ˈkõ.d͡ʒi] 计数<名>
representar	/ʁe.pɾe.zẽˈta(ʁ)/	/ʁe.pɾe.zẽˈta(ʁ)/	[ʁe.pɾe.zẽˈta(ʁ)] 代表<动>
embaixador	/ẽ.baj.ʃaˈdoʁ/	/ẽ.baj.ʃaˈdoʁ/	[ẽ.baj.ʃaˈdoʁ] 大使<名>
termo	/ˈteʁ.mu/	/ˈteʁ.mu/	[ˈteʁ.mu] 术语<名>
circo	/ˈsiʁ.ku/	/ˈsiʁ.ku/	[ˈsiʁ.ku] 马戏团<名>
munição	/mu.niˈsɐ̃w̃/	/mu.niˈsɐ̃w̃/	[mu.niˈsɐ̃w̃] 弹药<名>
gloria			荣耀<名>
separar	/se.paˈɾa(ʁ)/	/se.paˈɾa(ʁ)/	[se.paˈɾa(ʁ)] 分开<动>
trono	/ˈtɾõ.nu/	/ˈtɾõ.nu/	[ˈtɾõ.nu] 王座<名>
excitante	/e.siˈtɐ̃.t͡ʃi/	/e.siˈtɐ̃.t͡ʃi/	[e.siˈtɐ̃.t͡ʃi] 令人兴奋的<形>
fígado	/ˈfi.ɡa.du/	/ˈfi.ɡa.du/	[ˈfi.ɡa.du] 肝脏<名>
almirante	/aw.miˈɾɐ̃.t͡ʃi/	/aw.miˈɾɐ̃.t͡ʃi/	[aw.miˈɾɐ̃.t͡ʃi] 海军上将<名>
leão	/leˈɐ̃w̃/	/leˈɐ̃w̃/	[leˈɐ̃w̃] 狮子<名>
mínima	/ˈmĩ.ni.mɐ/	/ˈmĩ.ni.mɐ/	[ˈmĩ.ni.mɐ] 最小值<名>
zoar	/zuˈa(ʁ)/	/zuˈa(ʁ)/	[zuˈa(ʁ)] 模拟<动>
combinação	/kõ.bi.naˈsɐ̃w̃/	/kõ.bi.naˈsɐ̃w̃/	[kõ.bi.naˈsɐ̃w̃] 组合<名>
namorar	/na.moˈɾa(ʁ)/	/na.moˈɾa(ʁ)/	[na.moˈɾa(ʁ)] 日期<动>
bebo	/ˈbe.bu/	/ˈbe.bu/	[ˈbe.bu] 喝<名>
chip	/ˈʃi.pi/	/ˈʃi.pi/	[ˈʃi.pi] 芯片<名>
função	/fũˈsɐ̃w̃/	/fũˈsɐ̃w̃/	[fũˈsɐ̃w̃] 功能<名>
visual	/vi.zuˈaw/	/vi.zuˈaw/	[vi.zuˈaw] 视觉的<名>
pintura	/pĩˈtu.ɾɐ/	/pĩˈtu.ɾɐ/	[pĩˈtu.ɾɐ] 绘画<名>
desenho	/deˈzẽ.ɲu/	/deˈzẽ.ɲu/	[deˈzẽ.ɲu] 绘图<名>
alfa	/ˈaw.fɐ/	/ˈaw.fɐ/	[ˈaw.fɐ] 阿尔法<名>
rapto	/ˈʁap.tu/	/ˈʁap.tu/	[ˈʁap.tu] 绑架<名>
miserável	/mi.zeˈɾa.vew/	/mi.zeˈɾa.vew/	[mi.zeˈɾa.vew] 悲惨的<名>
diretor	/d͡ʒi.ɾeˈtoʁ/	/d͡ʒi.ɾeˈtoʁ/	[d͡ʒi.ɾeˈtoʁ] 导演<名>
relacionamento	/ʁe.la.si.o.naˈmẽ.tu/	/ʁe.la.si.o.naˈmẽ.tu/	[ʁe.la.si.o.naˈmẽ.tu] 关系<名>
dividir	/d͡ʒi.viˈd͡ʒi(ʁ)/	/d͡ʒi.viˈd͡ʒi(ʁ)/	[d͡ʒi.viˈd͡ʒi(ʁ)] 划分<动>
gado	/ˈɡa.du/	/ˈɡa.du/	[ˈɡa.du] 牛<名>
pulmão	/puwˈmɐ̃w̃/	/puwˈmɐ̃w̃/	[puwˈmɐ̃w̃] 肺<名>
nora	/ˈnɔ.ɾɐ/	/ˈnɔ.ɾɐ/	[ˈnɔ.ɾɐ] 儿媳妇<名>
complexo	/kõˈplɛk.su/	/kõˈplɛk.su/	[kõˈplɛk.su] 复杂的<名>
solitário	/so.liˈta.ɾju/	/so.liˈta.ɾju/	[so.liˈta.ɾju] 孤独<名>
infantil	/ĩ.fɐ̃ˈt͡ʃiw/	/ĩ.fɐ̃ˈt͡ʃiw/	[ĩ.fɐ̃ˈt͡ʃiw] 儿童的<形>
dobro	/ˈdo.bɾu/	/ˈdo.bɾu/	[ˈdo.bɾu] 双<名>
gravata	/ɡɾaˈva.tɐ/	/ɡɾaˈva.tɐ/	[ɡɾaˈva.tɐ] 领带<名>
valer	/vaˈle(ʁ)/	/vaˈle(ʁ)/	[vaˈle(ʁ)] 值得<动>
apresentação	/a.pɾe.zẽ.taˈsɐ̃w̃/	/a.pɾe.zẽ.taˈsɐ̃w̃/	[a.pɾe.zẽ.taˈsɐ̃w̃] 演示<名>
coordenada	/ko.oʁ.deˈna.dɐ/	/ko.oʁ.deˈna.dɐ/	[ko.oʁ.deˈna.dɐ] 坐标<名>
bastardo	/basˈtaʁ.du/	/basˈtaʁ.du/	[basˈtaʁ.du] 混蛋<名>
vice-presidente	/ˌvi.si.pɾe.ziˈdẽ.t͡ʃi/	/ˌvi.si.pɾe.ziˈdẽ.t͡ʃi/	[ˌvi.si.pɾe.ziˈdẽ.t͡ʃi] 副总裁<名>
agarrar	/a.ɡaˈʁa(ʁ)/	/a.ɡaˈʁa(ʁ)/	[a.ɡaˈʁa(ʁ)] 抢<动>
amarelo	/a.maˈɾɛ.lu/	/a.maˈɾɛ.lu/	[a.maˈɾɛ.lu] 黄色<名>
rotina	/ʁoˈt͡ʃĩ.nɐ/	/ʁoˈt͡ʃĩ.nɐ/	[ʁoˈt͡ʃĩ.nɐ] 例行公事<名>
quarta	/ˈkwaʁ.tɐ/	/ˈkwaʁ.tɐ/	[ˈkwaʁ.tɐ] 第四<名>
revelar	/ʁe.veˈla(ʁ)/	/ʁe.veˈla(ʁ)/	[ʁe.veˈla(ʁ)] 揭示<动>
traduzir	/tɾa.duˈzi(ʁ)/	/tɾa.duˈzi(ʁ)/	[tɾa.duˈzi(ʁ)] 翻译<动>
laranja	/laˈɾɐ̃.ʒɐ/	/laˈɾɐ̃.ʒɐ/	[laˈɾɐ̃.ʒɐ] 橙色<名>
beira	/ˈbe(j).ɾɐ/	/ˈbe(j).ɾɐ/	[ˈbe(j).ɾɐ] 边缘<名>
cinzas	ˈsĩ.zəs	ˈsĩ.zəs	[ˈsĩ.zəs] 骨灰<名>
ameaçar	/a.me.aˈsa(ʁ)/	/a.me.aˈsa(ʁ)/	[a.me.aˈsa(ʁ)] 威胁<动>
grátis	/ˈɡɾa.t͡ʃis/	/ˈɡɾa.t͡ʃis/	[ˈɡɾa.t͡ʃis] 免费<形>
crânio	/ˈkɾɐ̃.nju/	/ˈkɾɐ̃.nju/	[ˈkɾɐ̃.nju] 头骨<名>
escala	/isˈka.lɐ/	/isˈka.lɐ/	[isˈka.lɐ] 规模<名>
economia	/e.ko.noˈmi.ɐ/	/e.ko.noˈmi.ɐ/	[e.ko.noˈmi.ɐ] 经济<名>
audição	/aw.d͡ʒiˈsɐ̃w̃/	/aw.d͡ʒiˈsɐ̃w̃/	[aw.d͡ʒiˈsɐ̃w̃] 试镜<名>
tapete	/taˈpe.t͡ʃi/	/taˈpe.t͡ʃi/	[taˈpe.t͡ʃi] 地毯<名>
arrancar	/a.ʁɐ̃ˈka(ʁ)/	/a.ʁɐ̃ˈka(ʁ)/	[a.ʁɐ̃ˈka(ʁ)] 采摘<动>
vela	/ˈvɛ.lɐ/	/ˈvɛ.lɐ/	[ˈvɛ.lɐ] 蜡烛<名>
prática	/ˈpɾa.t͡ʃi.kɐ/	/ˈpɾa.t͡ʃi.kɐ/	[ˈpɾa.t͡ʃi.kɐ] 练习<名>
gravidade	/ɡɾa.viˈda.d͡ʒi/	/ɡɾa.viˈda.d͡ʒi/	[ɡɾa.viˈda.d͡ʒi] 重力<名>
mando	/ˈmɐ̃.du/	/ˈmɐ̃.du/	[ˈmɐ̃.du] 我发送<名>
consulta	/kõˈsuw.tɐ/	/kõˈsuw.tɐ/	[kõˈsuw.tɐ] 咨询<名>
recepção	/ʁe.sepˈsɐ̃w̃/	/ʁe.sepˈsɐ̃w̃/	[ʁe.sepˈsɐ̃w̃] 接待处<名>
matéria	/maˈtɛ.ɾjɐ/	/maˈtɛ.ɾjɐ/	[maˈtɛ.ɾjɐ] 事<名>
descrição	/des.kɾiˈsɐ̃w̃/	/des.kɾiˈsɐ̃w̃/	[des.kɾiˈsɐ̃w̃] 描述<名>
cumprimento	/kũ.pɾiˈmẽ.tu/	/kũ.pɾiˈmẽ.tu/	[kũ.pɾiˈmẽ.tu] 问候语<名>
site	/ˈsaj.t͡ʃi/	/ˈsaj.t͡ʃi/	[ˈsaj.t͡ʃi] 网站<名>
curiosidade	/ku.ɾi.o.ziˈda.d͡ʒi/	/ku.ɾi.o.ziˈda.d͡ʒi/	[ku.ɾi.o.ziˈda.d͡ʒi] 好奇心<名>
permanecer	/peʁ.ma.neˈse(ʁ)/	/peʁ.ma.neˈse(ʁ)/	[peʁ.ma.neˈse(ʁ)] 留下来<动>
coluna	/koˈlũ.nɐ/	/koˈlũ.nɐ/	[koˈlũ.nɐ] 专栏<名>
ocasião	/o.ka.ziˈɐ̃w̃/	/o.ka.ziˈɐ̃w̃/	[o.ka.ziˈɐ̃w̃] 场合<名>
procurador	/pɾo.ku.ɾaˈdoʁ/	/pɾo.ku.ɾaˈdoʁ/	[pɾo.ku.ɾaˈdoʁ] 律师<名>
inveja	/ĩˈvɛ.ʒɐ/	/ĩˈvɛ.ʒɐ/	[ĩˈvɛ.ʒɐ] 羡慕<名>
francamente	/ˌfɾɐ̃.kaˈmẽ.t͡ʃi/	/ˌfɾɐ̃.kaˈmẽ.t͡ʃi/	[ˌfɾɐ̃.kaˈmẽ.t͡ʃi] 坦白地说<副>
procedimento	/pɾo.se.d͡ʒiˈmẽ.tu/	/pɾo.se.d͡ʒiˈmẽ.tu/	[pɾo.se.d͡ʒiˈmẽ.tu] 程序<名>
criminal	/kɾi.miˈnaw/	/kɾi.miˈnaw/	[kɾi.miˈnaw] 罪犯<形>
enterrado	/ẽ.teˈʁa.du/	/ẽ.teˈʁa.du/	[ẽ.teˈʁa.du] 埋葬<形>
lentamente	/ˌlẽ.taˈmẽ.t͡ʃi/	/ˌlẽ.taˈmẽ.t͡ʃi/	[ˌlẽ.taˈmẽ.t͡ʃi] 慢慢地<副>
remédio	/ʁeˈmɛ.d͡ʒju/	/ʁeˈmɛ.d͡ʒju/	[ʁeˈmɛ.d͡ʒju] 医学<名>
cêntimo	/ˈsẽ.t͡ʃi.mu/	/ˈsẽ.t͡ʃi.mu/	[ˈsẽ.t͡ʃi.mu] 分<名>
esquadrão	/is.kwaˈdɾɐ̃w̃/	/is.kwaˈdɾɐ̃w̃/	[is.kwaˈdɾɐ̃w̃] 小队<名>
banheira	/bɐ̃ˈɲe(j).ɾɐ/	/bɐ̃ˈɲe(j).ɾɐ/	[bɐ̃ˈɲe(j).ɾɐ] 浴缸<名>
instinto	/ĩsˈt͡ʃĩ.tu/	/ĩsˈt͡ʃĩ.tu/	[ĩsˈt͡ʃĩ.tu] 本能<名>
descobriram	des.ko.ˈbɾi.ɾãʊ̃	des.ko.ˈbɾi.ɾãʊ̃	[des.ko.ˈbɾi.ɾãʊ̃] 发现了<动>
casino	/kɐˈzi.nu/	/kɐˈzi.nu/	[kɐˈzi.nu] 赌场<名>
tigre	/ˈt͡ʃi.ɡɾi/	/ˈt͡ʃi.ɡɾi/	[ˈt͡ʃi.ɡɾi] 老虎<名>
campeonato	/kɐ̃.pi.oˈna.tu/	/kɐ̃.pi.oˈna.tu/	[kɐ̃.pi.oˈna.tu] 冠军<名>
bandido	/bɐ̃ˈd͡ʒi.du/	/bɐ̃ˈd͡ʒi.du/	[bɐ̃ˈd͡ʒi.du] 强盗<名>
explorar	/is.ploˈɾa(ʁ)/	/is.ploˈɾa(ʁ)/	[is.ploˈɾa(ʁ)] 探索<动>
encher	/ẽˈʃe(ʁ)/	/ẽˈʃe(ʁ)/	[ẽˈʃe(ʁ)] 填充<动>
estelar	/is.teˈlaʁ/	/is.teˈlaʁ/	[is.teˈlaʁ] 恒星的<形>
quinze	/ˈkĩ.zi/	/ˈkĩ.zi/	[ˈkĩ.zi] 十五<名>
comunicar	/ko.mu.niˈka(ʁ)/	/ko.mu.niˈka(ʁ)/	[ko.mu.niˈka(ʁ)] 沟通<动>
arrumar	/a.ʁuˈma(ʁ)/	/a.ʁuˈma(ʁ)/	[a.ʁuˈma(ʁ)] 整理<动>
passaporte	/ˌpa.saˈpɔʁ.t͡ʃi/	/ˌpa.saˈpɔʁ.t͡ʃi/	[ˌpa.saˈpɔʁ.t͡ʃi] 护照<名>
ténis	/ˈtɛ.niʃ/	/ˈtɛ.niʃ/	[ˈtɛ.niʃ] 网球<名>
cria	/ˈkɾi.ɐ/	/ˈkɾi.ɐ/	[ˈkɾi.ɐ] 创造<名>
victoria	vi.to.ˈɾi.ə	vi.to.ˈɾi.ə	[vi.to.ˈɾi.ə] 维多利亚<名>
lixado	/liˈʃa.du/	/liˈʃa.du/	[liˈʃa.du] 磨砂的<形>
actual	ak.tu.ˈaw	ak.tu.ˈaw	[ak.tu.ˈaw] 当前<形>
sensor	/sẽˈsoʁ/	/sẽˈsoʁ/	[sẽˈsoʁ] 传感器<名>
álibi	/ˈa.li.bi/	/ˈa.li.bi/	[ˈa.li.bi] 不在场证明<名>
máxima	/ˈma.si.mɐ/	/ˈma.si.mɐ/	[ˈma.si.mɐ] 最大<名>
abertura	/a.beʁˈtu.ɾɐ/	/a.beʁˈtu.ɾɐ/	[a.beʁˈtu.ɾɐ] 开幕<名>
habitual	/a.bi.tuˈaw/	/a.bi.tuˈaw/	[a.bi.tuˈaw] 平常<形>
cenário	/seˈna.ɾju/	/seˈna.ɾju/	[seˈna.ɾju] 场景<名>
eventualmente	/e.vẽ.tuˌawˈmẽ.t͡ʃi/	/e.vẽ.tuˌawˈmẽ.t͡ʃi/	[e.vẽ.tuˌawˈmẽ.t͡ʃi] 最终<副>
global	/ɡloˈbaw/	/ɡloˈbaw/	[ɡloˈbaw] 全球<形>
lógica	/ˈlɔ.ʒi.kɐ/	/ˈlɔ.ʒi.kɐ/	[ˈlɔ.ʒi.kɐ] 逻辑<名>
digital	/d͡ʒi.ʒiˈtaw/	/d͡ʒi.ʒiˈtaw/	[d͡ʒi.ʒiˈtaw] 数字化<名>
sensual	/sẽ.suˈaw/	/sẽ.suˈaw/	[sẽ.suˈaw] 感性的<形>
papelada	/pa.peˈla.dɐ/	/pa.peˈla.dɐ/	[pa.peˈla.dɐ] 文书工作<名>
tarte	/ˈtaʁ.t͡ʃi/	/ˈtaʁ.t͡ʃi/	[ˈtaʁ.t͡ʃi] 馅饼<名>
derrotar	/de.ʁoˈta(ʁ)/	/de.ʁoˈta(ʁ)/	[de.ʁoˈta(ʁ)] 失败<动>
desperdiçar	/des.peʁ.d͡ʒiˈsa(ʁ)/	/des.peʁ.d͡ʒiˈsa(ʁ)/	[des.peʁ.d͡ʒiˈsa(ʁ)] 废物<动>
contagem	/kõˈta.ʒẽj̃/	/kõˈta.ʒẽj̃/	[kõˈta.ʒẽj̃] 计数<名>
química	/ˈkĩ.mi.kɐ/	/ˈkĩ.mi.kɐ/	[ˈkĩ.mi.kɐ] 化学<名>
eleição	/e.lejˈsɐ̃w̃/	/e.lejˈsɐ̃w̃/	[e.lejˈsɐ̃w̃] 选举<名>
rever	/ʁeˈve(ʁ)/	/ʁeˈve(ʁ)/	[ʁeˈve(ʁ)] 评论<动>
instalação	/ĩs.ta.laˈsɐ̃w̃/	/ĩs.ta.laˈsɐ̃w̃/	[ĩs.ta.laˈsɐ̃w̃] 安装<名>
rebelde	/ʁeˈbɛw.d͡ʒi/	/ʁeˈbɛw.d͡ʒi/	[ʁeˈbɛw.d͡ʒi] 叛逆者<名>
bestial	/bes.t͡ʃiˈaw/	/bes.t͡ʃiˈaw/	[bes.t͡ʃiˈaw] 兽性的<形>
correto	/koˈʁɛ.tu/	/koˈʁɛ.tu/	[koˈʁɛ.tu] 正确<形>
razoável	/ʁa.zoˈa.vew/	/ʁa.zoˈa.vew/	[ʁa.zoˈa.vew] 合理的<形>
esclarecer	/is.kla.ɾeˈse(ʁ)/	/is.kla.ɾeˈse(ʁ)/	[is.kla.ɾeˈse(ʁ)] 澄清<动>
pesca	/ˈpɛs.kɐ/	/ˈpɛs.kɐ/	[ˈpɛs.kɐ] 钓鱼<名>
ira	/ˈi.ɾɐ/	/ˈi.ɾɐ/	[ˈi.ɾɐ] 愤怒<名>
sandes	/ˈsɐ̃.d͡ʒis/	/ˈsɐ̃.d͡ʒis/	[ˈsɐ̃.d͡ʒis] 三明治<名>
elegante	/e.leˈɡɐ̃.t͡ʃi/	/e.leˈɡɐ̃.t͡ʃi/	[e.leˈɡɐ̃.t͡ʃi] 优雅的<形>
autópsia	/awˈtɔp.sjɐ/	/awˈtɔp.sjɐ/	[awˈtɔp.sjɐ] 尸检<名>
absurdo	/abˈsuʁ.du/	/abˈsuʁ.du/	[abˈsuʁ.du] 废话<名>
negar	/neˈɡa(ʁ)/	/neˈɡa(ʁ)/	[neˈɡa(ʁ)] 否认<动>
ficha	/ˈfi.ʃɐ/	/ˈfi.ʃɐ/	[ˈfi.ʃɐ] 片材<名>
conosco	/koˈnos.ku/	/koˈnos.ku/	[koˈnos.ku] 和我们一起<副>
habilidade	/a.bi.liˈda.d͡ʒi/	/a.bi.liˈda.d͡ʒi/	[a.bi.liˈda.d͡ʒi] 技能<名>
testamento	/tes.taˈmẽ.tu/	/tes.taˈmẽ.tu/	[tes.taˈmẽ.tu] 遗嘱<名>
man	/ˈmɐ̃/	/ˈmɐ̃/	[ˈmɐ̃] 男人<叹>
bombeiro	/bõˈbe(j).ɾu/	/bõˈbe(j).ɾu/	[bõˈbe(j).ɾu] 消防员<名>
república	/rɨˈpu.bli.kɐ/	/rɨˈpu.bli.kɐ/	[rɨˈpu.bli.kɐ] 共和国<名>
caixão	/kaˈʃɐ̃w̃/	/kaˈʃɐ̃w̃/	[kaˈʃɐ̃w̃] 棺材<名>
distante	/d͡ʒisˈtɐ̃.t͡ʃi/	/d͡ʒisˈtɐ̃.t͡ʃi/	[d͡ʒisˈtɐ̃.t͡ʃi] 遥远的<形>
há-de	a dʒi	a dʒi	[a dʒi] 会有<动>
orelha	/oˈɾe.ʎɐ/	/oˈɾe.ʎɐ/	[oˈɾe.ʎɐ] 耳朵<名>
eternidade	/e.teʁ.niˈda.d͡ʒi/	/e.teʁ.niˈda.d͡ʒi/	[e.teʁ.niˈda.d͡ʒi] 永恒<名>
sintoma	/sĩˈtõ.mɐ/	/sĩˈtõ.mɐ/	[sĩˈtõ.mɐ] 症状<名>
vestígio	/vesˈt͡ʃi.ʒju/	/vesˈt͡ʃi.ʒju/	[vesˈt͡ʃi.ʒju] 痕迹<名>
ofensa	/oˈfẽ.sɐ/	/oˈfẽ.sɐ/	[oˈfẽ.sɐ] 冒犯<名>
cretino	/kɾeˈt͡ʃĩ.nu/	/kɾeˈt͡ʃĩ.nu/	[kɾeˈt͡ʃĩ.nu] 白痴<名>
extraordinário	/ˌes.tɾa.oʁ.d͡ʒiˈna.ɾju/	/ˌes.tɾa.oʁ.d͡ʒiˈna.ɾju/	[ˌes.tɾa.oʁ.d͡ʒiˈna.ɾju] 非凡的<形>
médio	/ˈmɛ.d͡ʒju/	/ˈmɛ.d͡ʒju/	[ˈmɛ.d͡ʒju] 中等<名>
meta	/ˈmɛ.tɐ/	/ˈmɛ.tɐ/	[ˈmɛ.tɐ] 目标<名>
oiça	/ˈoj.sɐ/	/ˈoj.sɐ/	[ˈoj.sɐ] 听<名>
apuro	/aˈpu.ɾu/	/aˈpu.ɾu/	[aˈpu.ɾu] 麻烦<名>
nuvem	/ˈnu.vẽj̃/	/ˈnu.vẽj̃/	[ˈnu.vẽj̃] 云<名>
ámen	/ˈa.mɛn/	/ˈa.mɛn/	[ˈa.mɛn] 阿门<叹>
despachar	/des.paˈʃa(ʁ)/	/des.paˈʃa(ʁ)/	[des.paˈʃa(ʁ)] 派遣<动>
mochila	/muˈʃi.lɐ/	/muˈʃi.lɐ/	[muˈʃi.lɐ] 背包<名>
meio-dia	/ˌmej.uˈd͡ʒi.ɐ/	/ˌmej.uˈd͡ʒi.ɐ/	[ˌmej.uˈd͡ʒi.ɐ] 中午<名>
grito	/ˈɡɾi.tu/	/ˈɡɾi.tu/	[ˈɡɾi.tu] 尖叫<名>
profissão	/pɾo.fiˈsɐ̃w̃/	/pɾo.fiˈsɐ̃w̃/	[pɾo.fiˈsɐ̃w̃] 职业<名>
festival	/fes.t͡ʃiˈvaw/	/fes.t͡ʃiˈvaw/	[fes.t͡ʃiˈvaw] 节日<名>
indicar	/ĩ.d͡ʒiˈka(ʁ)/	/ĩ.d͡ʒiˈka(ʁ)/	[ĩ.d͡ʒiˈka(ʁ)] 表明<动>
álbum	/ˈaw.bũ/	/ˈaw.bũ/	[ˈaw.bũ] 专辑<名>
vendedor	/vẽ.deˈdoʁ/	/vẽ.deˈdoʁ/	[vẽ.deˈdoʁ] 卖家<名>
viúva	/viˈu.vɐ/	/viˈu.vɐ/	[viˈu.vɐ] 寡妇<名>
camarada	/ka.maˈɾa.dɐ/	/ka.maˈɾa.dɐ/	[ka.maˈɾa.dɐ] 同志<名>
informado	/ĩ.foʁˈma.du/	/ĩ.foʁˈma.du/	[ĩ.foʁˈma.du] 知情的<形>
realizar	/ʁe.a.liˈza(ʁ)/	/ʁe.a.liˈza(ʁ)/	[ʁe.a.liˈza(ʁ)] 执行<动>
êxito	/ˈe.zi.tu/	/ˈe.zi.tu/	[ˈe.zi.tu] 成功<名>
maio	/ˈmaj.u/	/ˈmaj.u/	[ˈmaj.u] 可能<名>
agressão	/a.ɡɾeˈsɐ̃w̃/	/a.ɡɾeˈsɐ̃w̃/	[a.ɡɾeˈsɐ̃w̃] 攻击性<名>
peru	/piˈɾu/	/piˈɾu/	[piˈɾu] 火鸡<名>
patético	/paˈtɛ.t͡ʃi.ku/	/paˈtɛ.t͡ʃi.ku/	[paˈtɛ.t͡ʃi.ku] 可悲的<形>
custo	/ˈkus.tu/	/ˈkus.tu/	[ˈkus.tu] 成本<名>
capítulo	/kaˈpi.tu.lu/	/kaˈpi.tu.lu/	[kaˈpi.tu.lu] 章<名>
esquema	/isˈkẽ.mɐ/	/isˈkẽ.mɐ/	[isˈkẽ.mɐ] 方案<名>
estável	/isˈta.vew/	/isˈta.vew/	[isˈta.vew] 稳定<形>
perímetro	/peˈɾĩ.me.tɾu/	/peˈɾĩ.me.tɾu/	[peˈɾĩ.me.tɾu] 周长<名>
disposição	/d͡ʒis.po.ziˈsɐ̃w̃/	/d͡ʒis.po.ziˈsɐ̃w̃/	[d͡ʒis.po.ziˈsɐ̃w̃] 性格<名>
dispor	/d͡ʒisˈpoʁ/	/d͡ʒisˈpoʁ/	[d͡ʒisˈpoʁ] 处置<动>
detenção	/de.tẽˈsɐ̃w̃/	/de.tẽˈsɐ̃w̃/	[de.tẽˈsɐ̃w̃] 拘留<名>
tortura	/toʁˈtu.ɾɐ/	/toʁˈtu.ɾɐ/	[toʁˈtu.ɾɐ] 酷刑<名>
aproximar	/a.pɾo.siˈma(ʁ)/	/a.pɾo.siˈma(ʁ)/	[a.pɾo.siˈma(ʁ)] 方法<动>
pretender	/pɾe.tẽˈde(ʁ)/	/pɾe.tẽˈde(ʁ)/	[pɾe.tẽˈde(ʁ)] 打算<动>
separado	/se.paˈɾa.du/	/se.paˈɾa.du/	[se.paˈɾa.du] 分开<形>
interno	/ĩˈtɛʁ.nu/	/ĩˈtɛʁ.nu/	[ĩˈtɛʁ.nu] 内部<名>
físico	/ˈfi.zi.ku/	/ˈfi.zi.ku/	[ˈfi.zi.ku] 物理的<名>
césar	/ˈsɛ.zɐʁ/	/ˈsɛ.zɐʁ/	[ˈsɛ.zɐʁ] 凯撒<名>
mistura	/misˈtu.ɾɐ/	/misˈtu.ɾɐ/	[misˈtu.ɾɐ] 混合物<名>
ruim	/ʁuˈĩ/	/ʁuˈĩ/	[ʁuˈĩ] 坏<形>
guiar	/ɡiˈa(ʁ)/	/ɡiˈa(ʁ)/	[ɡiˈa(ʁ)] 指南<动>
abandonado	/a.bɐ̃.doˈna.du/	/a.bɐ̃.doˈna.du/	[a.bɐ̃.doˈna.du] 被遗弃的<形>
funcionário	/fũ.si.oˈna.ɾju/	/fũ.si.oˈna.ɾju/	[fũ.si.oˈna.ɾju] 员工<名>
deitado	/dejˈta.du/	/dejˈta.du/	[dejˈta.du] 躺着<形>
criação	/kɾi.aˈsɐ̃w̃/	/kɾi.aˈsɐ̃w̃/	[kɾi.aˈsɐ̃w̃] 创造<名>
parada	/paˈɾa.dɐ/	/paˈɾa.dɐ/	[paˈɾa.dɐ] 停止<名>
violento	/vi.oˈlẽ.tu/	/vi.oˈlẽ.tu/	[vi.oˈlẽ.tu] 暴力的<形>
colecção	ko.le.ˈsãʊ̃	ko.le.ˈsãʊ̃	[ko.le.ˈsãʊ̃] 收藏<名>
leu	/ˈlew/	/ˈlew/	[ˈlew] 读<名>
chover	/ʃoˈve(ʁ)/	/ʃoˈve(ʁ)/	[ʃoˈve(ʁ)] 雨<动>
esconderijo	/is.kõ.deˈɾi.ʒu/	/is.kõ.deˈɾi.ʒu/	[is.kõ.deˈɾi.ʒu] 藏身之处<名>
sereno	/seˈɾẽ.nu/	/seˈɾẽ.nu/	[seˈɾẽ.nu] 宁静<名>
juventude	/ʒu.vẽˈtu.d͡ʒi/	/ʒu.vẽˈtu.d͡ʒi/	[ʒu.vẽˈtu.d͡ʒi] 青年<名>
online	/õˈlaj.ni/	/õˈlaj.ni/	[õˈlaj.ni] 在线<形>
mencionar	/mẽ.si.oˈna(ʁ)/	/mẽ.si.oˈna(ʁ)/	[mẽ.si.oˈna(ʁ)] 提及<动>
profundamente	/pɾoˌfũ.daˈmẽ.t͡ʃi/	/pɾoˌfũ.daˈmẽ.t͡ʃi/	[pɾoˌfũ.daˈmẽ.t͡ʃi] 深深地<副>
histórico	/isˈtɔ.ɾi.ku/	/isˈtɔ.ɾi.ku/	[isˈtɔ.ɾi.ku] 历史<名>
vigia	/viˈʒi.ɐ/	/viˈʒi.ɐ/	[viˈʒi.ɐ] 了望台<名>
apanharam	a.pã.ˈɲa.ɾãʊ̃	a.pã.ˈɲa.ɾãʊ̃	[a.pã.ˈɲa.ɾãʊ̃] 抓住了<动>
objetivo	/o.bi.ʒeˈt͡ʃi.vu/	/o.bi.ʒeˈt͡ʃi.vu/	[o.bi.ʒeˈt͡ʃi.vu] 目标<名>
desaparecimento	/de.za.pa.ɾe.siˈmẽ.tu/	/de.za.pa.ɾe.siˈmẽ.tu/	[de.za.pa.ɾe.siˈmẽ.tu] 失踪<名>
abril	/aˈbɾiw/	/aˈbɾiw/	[aˈbɾiw] 四月<名>
raro	/ˈʁa.ɾu/	/ˈʁa.ɾu/	[ˈʁa.ɾu] 罕见的<形>
recorde	/ʁeˈkɔʁ.d͡ʒi/	/ʁeˈkɔʁ.d͡ʒi/	[ʁeˈkɔʁ.d͡ʒi] 记录<名>
tristeza	/tɾisˈte.zɐ/	/tɾisˈte.zɐ/	[tɾisˈte.zɐ] 悲伤<名>
sentença	/sẽˈtẽ.sɐ/	/sẽˈtẽ.sɐ/	[sẽˈtẽ.sɐ] 句子<名>
cirurgião	/si.ɾuʁ.ʒiˈɐ̃w̃/	/si.ɾuʁ.ʒiˈɐ̃w̃/	[si.ɾuʁ.ʒiˈɐ̃w̃] 外科医生<名>
palerma	/paˈlɛʁ.mɐ/	/paˈlɛʁ.mɐ/	[paˈlɛʁ.mɐ] 白痴<形>
ferimento	/fe.ɾiˈmẽ.tu/	/fe.ɾiˈmẽ.tu/	[fe.ɾiˈmẽ.tu] 伤害<名>
condado	/kõˈda.du/	/kõˈda.du/	[kõˈda.du] 县<名>
amado	/aˈma.du/	/aˈma.du/	[aˈma.du] 亲爱的<名>
maçã	/maˈsɐ̃/	/maˈsɐ̃/	[maˈsɐ̃] 苹果<名>
admirar	/a.d͡ʒi.miˈɾa(ʁ)/	/a.d͡ʒi.miˈɾa(ʁ)/	[a.d͡ʒi.miˈɾa(ʁ)] 佩服<动>
objecto	ob.ˈʒɛ.tʊ	ob.ˈʒɛ.tʊ	[ob.ˈʒɛ.tʊ] 对象<名>
outubro	/o(w)ˈtu.bɾu/	/o(w)ˈtu.bɾu/	[o(w)ˈtu.bɾu] 十月<名>
nascido	/naˈsi.du/	/naˈsi.du/	[naˈsi.du] 出生<形>
embaixada	/ẽ.bajˈʃa.dɐ/	/ẽ.bajˈʃa.dɐ/	[ẽ.bajˈʃa.dɐ] 大使馆<名>
conclusão	/kõ.kluˈzɐ̃w̃/	/kõ.kluˈzɐ̃w̃/	[kõ.kluˈzɐ̃w̃] 结论<名>
aterrar	/a.teˈʁa(ʁ)/	/a.teˈʁa(ʁ)/	[a.teˈʁa(ʁ)] 土地<动>
tenda	/ˈtẽ.dɐ/	/ˈtẽ.dɐ/	[ˈtẽ.dɐ] 帐篷<名>
florido	/floˈɾi.du/	/floˈɾi.du/	[floˈɾi.du] 华丽的<形>
danar	/daˈna(ʁ)/	/daˈna(ʁ)/	[daˈna(ʁ)] 跳舞<动>
rocha	/ˈʁɔ.ʃɐ/	/ˈʁɔ.ʃɐ/	[ˈʁɔ.ʃɐ] 摇滚<名>
falaram	/faˈla.ɾɐ̃w̃/	/faˈla.ɾɐ̃w̃/	[faˈla.ɾɐ̃w̃] 他们说话了<动>
milho	/ˈmi.ʎu/	/ˈmi.ʎu/	[ˈmi.ʎu] 玉米<名>
testemunho	/tes.teˈmũ.ɲu/	/tes.teˈmũ.ɲu/	[tes.teˈmũ.ɲu] 见证<名>
junho	/ˈʒũ.ɲu/	/ˈʒũ.ɲu/	[ˈʒũ.ɲu] 六月<名>
tara	/ˈta.ɾɐ/	/ˈta.ɾɐ/	[ˈta.ɾɐ] 皮重<名>
boas-vindas	/ˌbo.ɐzˈvĩ.dɐs/	/ˌbo.ɐzˈvĩ.dɐs/	[ˌbo.ɐzˈvĩ.dɐs] 欢迎<名>
bêbedo	/ˈbe.be.du/	/ˈbe.be.du/	[ˈbe.be.du] 喝醉了<名>
bo	bo	bo	[bo] 好<名>
votar	/voˈta(ʁ)/	/voˈta(ʁ)/	[voˈta(ʁ)] 投票<动>
surgir	/suʁˈʒi(ʁ)/	/suʁˈʒi(ʁ)/	[suʁˈʒi(ʁ)] 出现<动>
processar	/pɾo.seˈsa(ʁ)/	/pɾo.seˈsa(ʁ)/	[pɾo.seˈsa(ʁ)] 过程<动>
mover	/moˈve(ʁ)/	/moˈve(ʁ)/	[moˈve(ʁ)] 移动<动>
amanhecer	/a.mɐ̃.ɲeˈseʁ/	/a.mɐ̃.ɲeˈseʁ/	[a.mɐ̃.ɲeˈseʁ] 黎明<名>
desagradável	/de.za.ɡɾaˈda.vew/	/de.za.ɡɾaˈda.vew/	[de.za.ɡɾaˈda.vew] 不愉快的<形>
cujo	/ˈku.ʒu/	/ˈku.ʒu/	[ˈku.ʒu] 谁的<限定>
invisível	/ĩ.viˈzi.vew/	/ĩ.viˈzi.vew/	[ĩ.viˈzi.vew] 看不见的<形>
misericórdia	/mi.ze.ɾiˈkɔʁ.d͡ʒjɐ/	/mi.ze.ɾiˈkɔʁ.d͡ʒjɐ/	[mi.ze.ɾiˈkɔʁ.d͡ʒjɐ] 怜悯<名>
placa	/ˈpla.kɐ/	/ˈpla.kɐ/	[ˈpla.kɐ] 董事会<名>
dale			戴尔<叹>
ala	/ˈa.lɐ/	/ˈa.lɐ/	[ˈa.lɐ] 翼<名>
superar	/su.peˈɾa(ʁ)/	/su.peˈɾa(ʁ)/	[su.peˈɾa(ʁ)] 克服<动>
pressentimento	/pɾe.sẽ.t͡ʃiˈmẽ.tu/	/pɾe.sẽ.t͡ʃiˈmẽ.tu/	[pɾe.sẽ.t͡ʃiˈmẽ.tu] 预感<名>
juramento	/ʒu.ɾaˈmẽ.tu/	/ʒu.ɾaˈmẽ.tu/	[ʒu.ɾaˈmẽ.tu] 誓言<名>
ministério	/mi.nisˈtɛ.ɾju/	/mi.nisˈtɛ.ɾju/	[mi.nisˈtɛ.ɾju] 部委<名>
bife	/ˈbi.fi/	/ˈbi.fi/	[ˈbi.fi] 牛排<名>
piedade	/pi.eˈda.d͡ʒi/	/pi.eˈda.d͡ʒi/	[pi.eˈda.d͡ʒi] 虔诚<名>
espingarda	/is.pĩˈɡaʁ.dɐ/	/is.pĩˈɡaʁ.dɐ/	[is.pĩˈɡaʁ.dɐ] 霰弹枪<名>
drama	/ˈdɾɐ̃.mɐ/	/ˈdɾɐ̃.mɐ/	[ˈdɾɐ̃.mɐ] 戏剧<名>
kit	/ˈki.t͡ʃi/	/ˈki.t͡ʃi/	[ˈki.t͡ʃi] 套件<名>
fraqueza	/fɾaˈke.zɐ/	/fɾaˈke.zɐ/	[fɾaˈke.zɐ] 弱点<名>
piso	/ˈpi.zu/	/ˈpi.zu/	[ˈpi.zu] 地板<名>
pontapé	/põ.taˈpɛ/	/põ.taˈpɛ/	[põ.taˈpɛ] 踢<名>
seco	/ˈse.ku/	/ˈse.ku/	[ˈse.ku] 干<形>
tonto	/ˈtõ.tu/	/ˈtõ.tu/	[ˈtõ.tu] 头晕<名>
empréstimo	/ẽˈpɾɛs.t͡ʃi.mu/	/ẽˈpɾɛs.t͡ʃi.mu/	[ẽˈpɾɛs.t͡ʃi.mu] 贷款<名>
hábito	/ˈa.bi.tu/	/ˈa.bi.tu/	[ˈa.bi.tu] 习惯<名>
hall	/ˈʁɔw/	/ˈʁɔw/	[ˈʁɔw] 大厅<名>
órgão	/ˈɔʁ.ɡɐ̃w̃/	/ˈɔʁ.ɡɐ̃w̃/	[ˈɔʁ.ɡɐ̃w̃] 器官<名>
conflito	/kõˈfli.tu/	/kõˈfli.tu/	[kõˈfli.tu] 冲突<名>
invadir	/ĩ.vaˈd͡ʒi(ʁ)/	/ĩ.vaˈd͡ʒi(ʁ)/	[ĩ.vaˈd͡ʒi(ʁ)] 入侵<动>
tubarão	/tu.baˈɾɐ̃w̃/	/tu.baˈɾɐ̃w̃/	[tu.baˈɾɐ̃w̃] 鲨鱼<名>
lança	/ˈlɐ̃.sɐ/	/ˈlɐ̃.sɐ/	[ˈlɐ̃.sɐ] 矛<名>
enfermaria	/ẽ.feʁ.maˈɾi.ɐ/	/ẽ.feʁ.maˈɾi.ɐ/	[ẽ.feʁ.maˈɾi.ɐ] 医务室<名>
super-homem	/ˌsu.peɾˈõ.mẽj̃/	/ˌsu.peɾˈõ.mẽj̃/	[ˌsu.peɾˈõ.mẽj̃] 超人<名>
creme	/ˈkɾẽ.mi/	/ˈkɾẽ.mi/	[ˈkɾẽ.mi] 奶油<名>
pescar	/pesˈka(ʁ)/	/pesˈka(ʁ)/	[pesˈka(ʁ)] 鱼<动>
constantemente	/kõsˌtɐ̃.t͡ʃiˈmẽ.t͡ʃi/	/kõsˌtɐ̃.t͡ʃiˈmẽ.t͡ʃi/	[kõsˌtɐ̃.t͡ʃiˈmẽ.t͡ʃi] 不断地<副>
emocional	/e.mo.si.oˈnaw/	/e.mo.si.oˈnaw/	[e.mo.si.oˈnaw] 情绪化的<形>
fruta	/ˈfɾu.tɐ/	/ˈfɾu.tɐ/	[ˈfɾu.tɐ] 水果<名>
suave	/suˈa.vi/	/suˈa.vi/	[suˈa.vi] 光滑<形>
tornado	/toʁˈna.du/	/toʁˈna.du/	[toʁˈna.du] 龙卷风<名>
procurado	/pɾo.kuˈɾa.du/	/pɾo.kuˈɾa.du/	[pɾo.kuˈɾa.du] 通缉<形>
confidencial	/kõ.fi.dẽ.siˈaw/	/kõ.fi.dẽ.siˈaw/	[kõ.fi.dẽ.siˈaw] 机密<形>
desgraça	/dezˈɡɾa.sɐ/	/dezˈɡɾa.sɐ/	[dezˈɡɾa.sɐ] 耻辱<名>
muro	/ˈmu.ɾu/	/ˈmu.ɾu/	[ˈmu.ɾu] 墙<名>
rebentar	/ʁe.bẽˈta(ʁ)/	/ʁe.bẽˈta(ʁ)/	[ʁe.bẽˈta(ʁ)] 爆发<动>
mota	/ˈmɔ.tɐ/	/ˈmɔ.tɐ/	[ˈmɔ.tɐ] 摩托车<名>
tribo	/ˈtɾi.bu/	/ˈtɾi.bu/	[ˈtɾi.bu] 部落<名>
alterar	/aw.teˈɾa(ʁ)/	/aw.teˈɾa(ʁ)/	[aw.teˈɾa(ʁ)] 改变<动>
infecção	/ĩ.fekˈsɐ̃w̃/	/ĩ.fekˈsɐ̃w̃/	[ĩ.fekˈsɐ̃w̃] 感染<名>
bosque	/ˈbɔs.ki/	/ˈbɔs.ki/	[ˈbɔs.ki] 森林<名>
recuperação	/ʁe.ku.pe.ɾaˈsɐ̃w̃/	/ʁe.ku.pe.ɾaˈsɐ̃w̃/	[ʁe.ku.pe.ɾaˈsɐ̃w̃] 恢复<名>
lido	/ˈli.du/	/ˈli.du/	[ˈli.du] 读<形>
projeto	/pɾoˈʒɛ.tu/	/pɾoˈʒɛ.tu/	[pɾoˈʒɛ.tu] 项目<名>
aquecer	/a.keˈse(ʁ)/	/a.keˈse(ʁ)/	[a.keˈse(ʁ)] 热身<动>
comité	/kɔ.miˈtɛ/	/kɔ.miˈtɛ/	[kɔ.miˈtɛ] 委员会<名>
tumor	/tuˈmoʁ/	/tuˈmoʁ/	[tuˈmoʁ] 肿瘤<名>
protesto	/pɾoˈtɛs.tu/	/pɾoˈtɛs.tu/	[pɾoˈtɛs.tu] 抗议<名>
chatear	/ʃa.t͡ʃiˈa(ʁ)/	/ʃa.t͡ʃiˈa(ʁ)/	[ʃa.t͡ʃiˈa(ʁ)] 心烦意乱<动>
sobrevivente	/so.bɾe.viˈvẽ.t͡ʃi/	/so.bɾe.viˈvẽ.t͡ʃi/	[so.bɾe.viˈvẽ.t͡ʃi] 幸存者<名>
dieta	/d͡ʒiˈɛ.tɐ/	/d͡ʒiˈɛ.tɐ/	[d͡ʒiˈɛ.tɐ] 饮食<名>
encantador	/ẽ.kɐ̃.taˈdoʁ/	/ẽ.kɐ̃.taˈdoʁ/	[ẽ.kɐ̃.taˈdoʁ] 迷人的<形>
curtir	/kuʁˈt͡ʃi(ʁ)/	/kuʁˈt͡ʃi(ʁ)/	[kuʁˈt͡ʃi(ʁ)] 喜欢<动>
ritual	/ʁi.tuˈaw/	/ʁi.tuˈaw/	[ʁi.tuˈaw] 仪式<名>
trouxeram	/tɾo(w)ˈsɛ.ɾɐ̃w̃/	/tɾo(w)ˈsɛ.ɾɐ̃w̃/	[tɾo(w)ˈsɛ.ɾɐ̃w̃] 带来了<动>
taça	/ˈta.sɐ/	/ˈta.sɐ/	[ˈta.sɐ] 杯子<名>
atacado	/a.taˈka.du/	/a.taˈka.du/	[a.taˈka.du] 批发<名>
túmulo	/ˈtũ.mu.lu/	/ˈtũ.mu.lu/	[ˈtũ.mu.lu] 坟墓<名>
medicação	/me.d͡ʒi.kaˈsɐ̃w̃/	/me.d͡ʒi.kaˈsɐ̃w̃/	[me.d͡ʒi.kaˈsɐ̃w̃] 药物治疗<名>
míssil	/ˈmi.siw/	/ˈmi.siw/	[ˈmi.siw] 导弹<名>
ja			已经<副>
sincronização	/sĩ.kɾo.ni.zaˈsɐ̃w̃/	/sĩ.kɾo.ni.zaˈsɐ̃w̃/	[sĩ.kɾo.ni.zaˈsɐ̃w̃] 同步<名>
tramar	/tɾaˈma(ʁ)/	/tɾaˈma(ʁ)/	[tɾaˈma(ʁ)] 情节<动>
taxa	/ˈta.ʃɐ/	/ˈta.ʃɐ/	[ˈta.ʃɐ] 率<名>
star	istaʁ	istaʁ	[istaʁ] 明星<动>
leal	/leˈaw/	/leˈaw/	[leˈaw] 忠诚的<形>
juntamente	/ˌʒũ.taˈmẽ.t͡ʃi/	/ˌʒũ.taˈmẽ.t͡ʃi/	[ˌʒũ.taˈmẽ.t͡ʃi] 在一起<副>
atmosfera	/at͡ʃ.mosˈfɛ.ɾɐ/	/at͡ʃ.mosˈfɛ.ɾɐ/	[at͡ʃ.mosˈfɛ.ɾɐ] 气氛<名>
indivíduo	/ĩ.d͡ʒiˈvi.d(w)u/	/ĩ.d͡ʒiˈvi.d(w)u/	[ĩ.d͡ʒiˈvi.d(w)u] 个人的<名>
encomenda	/ẽ.koˈmẽ.dɐ/	/ẽ.koˈmẽ.dɐ/	[ẽ.koˈmẽ.dɐ] 订单<名>
troco	/ˈtɾo.ku/	/ˈtɾo.ku/	[ˈtɾo.ku] 改变<名>
armada	/aʁˈma.dɐ/	/aʁˈma.dɐ/	[aʁˈma.dɐ] 武装的<名>
quinta-feira	/ˌkĩ.tɐˈfe(j).ɾɐ/	/ˌkĩ.tɐˈfe(j).ɾɐ/	[ˌkĩ.tɐˈfe(j).ɾɐ] 星期四<名>
incrivelmente	/ĩˌkɾi.vewˈmẽ.t͡ʃi/	/ĩˌkɾi.vewˈmẽ.t͡ʃi/	[ĩˌkɾi.vewˈmẽ.t͡ʃi] 难以置信<副>
sector	/sɛkˈtoɾ/	/sɛkˈtoɾ/	[sɛkˈtoɾ] 部门<名>
mira	/ˈmi.ɾɐ/	/ˈmi.ɾɐ/	[ˈmi.ɾɐ] 目标<名>
poupar	/po(w)ˈpa(ʁ)/	/po(w)ˈpa(ʁ)/	[po(w)ˈpa(ʁ)] 保存<动>
sobremesa	/so.bɾeˈme.zɐ/	/so.bɾeˈme.zɐ/	[so.bɾeˈme.zɐ] 甜点<名>
justa	/ˈʒus.tɐ/	/ˈʒus.tɐ/	[ˈʒus.tɐ] 公平<名>
caído	/kaˈi.du/	/kaˈi.du/	[kaˈi.du] 堕落<形>
avaliação	/a.va.li.aˈsɐ̃w̃/	/a.va.li.aˈsɐ̃w̃/	[a.va.li.aˈsɐ̃w̃] 评价<名>
candidato	/kɐ̃.d͡ʒiˈda.tu/	/kɐ̃.d͡ʒiˈda.tu/	[kɐ̃.d͡ʒiˈda.tu] 候选人<名>
ninho	/ˈnĩ.ɲu/	/ˈnĩ.ɲu/	[ˈnĩ.ɲu] 巢<名>
gerir	/ʒeˈɾi(ʁ)/	/ʒeˈɾi(ʁ)/	[ʒeˈɾi(ʁ)] 管理<动>
portátil	/poʁˈta.t͡ʃiw/	/poʁˈta.t͡ʃiw/	[poʁˈta.t͡ʃiw] 便携式<名>
japonês	/ʒa.poˈne(j)s/	/ʒa.poˈne(j)s/	[ʒa.poˈne(j)s] 日语<名>
taco	/ˈta.ku/	/ˈta.ku/	[ˈta.ku] 炸玉米饼<名>
electricidade	e.le.tɾi.si.ˈda.dʒɪ	e.le.tɾi.si.ˈda.dʒɪ	[e.le.tɾi.si.ˈda.dʒɪ] 电力<名>
sabedoria	/sa.be.doˈɾi.ɐ/	/sa.be.doˈɾi.ɐ/	[sa.be.doˈɾi.ɐ] 智慧<名>
musical	/mu.ziˈkaw/	/mu.ziˈkaw/	[mu.ziˈkaw] 音乐剧<名>
secundário	/se.kũˈda.ɾju/	/se.kũˈda.ɾju/	[se.kũˈda.ɾju] 中学<名>
terça-feira	/ˌteʁ.sɐˈfe(j).ɾɐ/	/ˌteʁ.sɐˈfe(j).ɾɐ/	[ˌteʁ.sɐˈfe(j).ɾɐ] 星期二<名>
clássico	/ˈkla.si.ku/	/ˈkla.si.ku/	[ˈkla.si.ku] 经典<名>
método	/ˈmɛ.to.du/	/ˈmɛ.to.du/	[ˈmɛ.to.du] 方法<名>
agradar	/a.ɡɾaˈda(ʁ)/	/a.ɡɾaˈda(ʁ)/	[a.ɡɾaˈda(ʁ)] 请<动>
medalha	/meˈda.ʎɐ/	/meˈda.ʎɐ/	[meˈda.ʎɐ] 奖章<名>
roubaram	xow.ˈba.ɾãʊ̃	xow.ˈba.ɾãʊ̃	[xow.ˈba.ɾãʊ̃] 偷<动>
distintivo	/d͡ʒis.t͡ʃĩˈt͡ʃi.vu/	/d͡ʒis.t͡ʃĩˈt͡ʃi.vu/	[d͡ʒis.t͡ʃĩˈt͡ʃi.vu] 徽章<名>
execução	/e.ze.kuˈsɐ̃w̃/	/e.ze.kuˈsɐ̃w̃/	[e.ze.kuˈsɐ̃w̃] 执行<名>
d.	dɔˈtɔɾ	dɔˈtɔɾ	[dɔˈtɔɾ] d.<名>
consertar	/kõ.seʁˈta(ʁ)/	/kõ.seʁˈta(ʁ)/	[kõ.seʁˈta(ʁ)] 修复<动>
caverna	/kaˈvɛʁ.nɐ/	/kaˈvɛʁ.nɐ/	[kaˈvɛʁ.nɐ] 洞穴<名>
desenvolvimento	/de.zẽ.vow.viˈmẽ.tu/	/de.zẽ.vow.viˈmẽ.tu/	[de.zẽ.vow.viˈmẽ.tu] 发展<名>
neto	/ˈnɛ.tu/	/ˈnɛ.tu/	[ˈnɛ.tu] 孙子<名>
lento	/ˈlẽ.tu/	/ˈlẽ.tu/	[ˈlẽ.tu] 慢<形>
cal	/ˈkaw/	/ˈkaw/	[ˈkaw] 石灰<名>
ex	/ˈe(j)s/	/ˈe(j)s/	[ˈe(j)s] 前<名>
trauma	/ˈtɾaw.mɐ/	/ˈtɾaw.mɐ/	[ˈtɾaw.mɐ] 外伤<名>
recuar	/ʁe.kuˈa(ʁ)/	/ʁe.kuˈa(ʁ)/	[ʁe.kuˈa(ʁ)] 撤退<动>
caber	/kaˈbe(ʁ)/	/kaˈbe(ʁ)/	[kaˈbe(ʁ)] 适合<动>
civilização	/si.vi.li.zaˈsɐ̃w̃/	/si.vi.li.zaˈsɐ̃w̃/	[si.vi.li.zaˈsɐ̃w̃] 文明<名>
mijar	/miˈʒa(ʁ)/	/miˈʒa(ʁ)/	[miˈʒa(ʁ)] 小便<动>
colégio	/koˈlɛ.ʒju/	/koˈlɛ.ʒju/	[koˈlɛ.ʒju] 高中<名>
atrair	/a.tɾaˈi(ʁ)/	/a.tɾaˈi(ʁ)/	[a.tɾaˈi(ʁ)] 吸引<动>
lâmina	/ˈlɐ̃.mi.nɐ/	/ˈlɐ̃.mi.nɐ/	[ˈlɐ̃.mi.nɐ] 刀片<名>
vaga	/ˈva.ɡɐ/	/ˈva.ɡɐ/	[ˈva.ɡɐ] 空缺<名>
so	sɔ	sɔ	[sɔ] 所以<名>
elemento	/e.leˈmẽ.tu/	/e.leˈmẽ.tu/	[e.leˈmẽ.tu] 元素<名>
promoção	/pɾo.moˈsɐ̃w̃/	/pɾo.moˈsɐ̃w̃/	[pɾo.moˈsɐ̃w̃] 促销<名>
cinquenta	/sĩˈkwẽ.tɐ/	/sĩˈkwẽ.tɐ/	[sĩˈkwẽ.tɐ] 五十<名>
emocionante	/e.mo.si.oˈnɐ̃.t͡ʃi/	/e.mo.si.oˈnɐ̃.t͡ʃi/	[e.mo.si.oˈnɐ̃.t͡ʃi] 令人兴奋的<形>
fabuloso	/fa.buˈlo.zu/	/fa.buˈlo.zu/	[fa.buˈlo.zu] 神话般的<形>
trair	/tɾaˈi(ʁ)/	/tɾaˈi(ʁ)/	[tɾaˈi(ʁ)] 背叛<动>
cristal	/kɾisˈtaw/	/kɾisˈtaw/	[kɾisˈtaw] 水晶<名>
arruinar	/a.ʁu.iˈna(ʁ)/	/a.ʁu.iˈna(ʁ)/	[a.ʁu.iˈna(ʁ)] 废墟<动>
máfia	/ˈma.fjɐ/	/ˈma.fjɐ/	[ˈma.fjɐ] 黑手党<名>
fiel	/fiˈɛw/	/fiˈɛw/	[fiˈɛw] 忠实的<名>
afastado	/a.fasˈta.du/	/a.fasˈta.du/	[a.fasˈta.du] 离开<形>
fiança	/fiˈɐ̃.sɐ/	/fiˈɐ̃.sɐ/	[fiˈɐ̃.sɐ] 保释<名>
típico	/ˈt͡ʃi.pi.ku/	/ˈt͡ʃi.pi.ku/	[ˈt͡ʃi.pi.ku] 典型的<形>
emprestar	/ẽ.pɾesˈta(ʁ)/	/ẽ.pɾesˈta(ʁ)/	[ẽ.pɾesˈta(ʁ)] 借出<动>
cadela	/kaˈdɛ.lɐ/	/kaˈdɛ.lɐ/	[kaˈdɛ.lɐ] 母狗<名>
lucro	/ˈlu.kɾu/	/ˈlu.kɾu/	[ˈlu.kɾu] 利润<名>
magnífico	/ma.ɡiˈni.fi.ku/	/ma.ɡiˈni.fi.ku/	[ma.ɡiˈni.fi.ku] 宏伟的<名>
aceder	/a.seˈde(ʁ)/	/a.seˈde(ʁ)/	[a.seˈde(ʁ)] 访问<动>
apetite	/a.peˈt͡ʃi.t͡ʃi/	/a.peˈt͡ʃi.t͡ʃi/	[a.peˈt͡ʃi.t͡ʃi] 食欲<名>
despesa	/desˈpe.zɐ/	/desˈpe.zɐ/	[desˈpe.zɐ] 费用<名>
noticiar	/no.t͡ʃi.siˈa(ʁ)/	/no.t͡ʃi.siˈa(ʁ)/	[no.t͡ʃi.siˈa(ʁ)] 报告<动>
demorou	/de.moˈɾo(w)/	/de.moˈɾo(w)/	[de.moˈɾo(w)] 花了一段时间<叹>
psicopata	/pi.si.koˈpa.tɐ/	/pi.si.koˈpa.tɐ/	[pi.si.koˈpa.tɐ] 精神病患者<名>
residência	/ʁe.ziˈdẽ.sjɐ/	/ʁe.ziˈdẽ.sjɐ/	[ʁe.ziˈdẽ.sjɐ] 居住地<名>
veste	/ˈvɛs.t͡ʃi/	/ˈvɛs.t͡ʃi/	[ˈvɛs.t͡ʃi] 磨损<名>
exceto	/eˈsɛ.tu/	/eˈsɛ.tu/	[eˈsɛ.tu] 除了<介>
ecrã	/eˈkɾɐ̃/	/eˈkɾɐ̃/	[eˈkɾɐ̃] 屏幕<名>
derrubar	/de.ʁuˈba(ʁ)/	/de.ʁuˈba(ʁ)/	[de.ʁuˈba(ʁ)] 推翻<动>
agosto	/aˈɡos.tu/	/aˈɡos.tu/	[aˈɡos.tu] 八月<名>
manual	/ma.nuˈaw/	/ma.nuˈaw/	[ma.nuˈaw] 手册<名>
novembro	/noˈvẽ.bɾu/	/noˈvẽ.bɾu/	[noˈvẽ.bɾu] 十一月<名>
proibido	/pɾo.iˈbi.du/	/pɾo.iˈbi.du/	[pɾo.iˈbi.du] 禁止<形>
martelo	/maʁˈtɛ.lu/	/maʁˈtɛ.lu/	[maʁˈtɛ.lu] 锤子<名>
impressionado	/ĩ.pɾe.si.oˈna.du/	/ĩ.pɾe.si.oˈna.du/	[ĩ.pɾe.si.oˈna.du] 印象深刻<形>
dupla	/ˈdu.plɐ/	/ˈdu.plɐ/	[ˈdu.plɐ] 双<名>
vizinhança	/vi.zĩˈɲɐ̃.sɐ/	/vi.zĩˈɲɐ̃.sɐ/	[vi.zĩˈɲɐ̃.sɐ] 邻里<名>
galáxia	/ɡaˈlak.sjɐ/	/ɡaˈlak.sjɐ/	[ɡaˈlak.sjɐ] 银河系<名>
generoso	/ʒe.neˈɾo.zu/	/ʒe.neˈɾo.zu/	[ʒe.neˈɾo.zu] 慷慨<形>
concentrar	/kõ.sẽˈtɾa(ʁ)/	/kõ.sẽˈtɾa(ʁ)/	[kõ.sẽˈtɾa(ʁ)] 集中<动>
cobre	/ˈkɔ.bɾi/	/ˈkɔ.bɾi/	[ˈkɔ.bɾi] 铜<名>
cowboy			牛仔<名>
senso	/ˈsẽ.su/	/ˈsẽ.su/	[ˈsẽ.su] 感觉<名>
perseguição	/peʁ.se.ɡiˈsɐ̃w̃/	/peʁ.se.ɡiˈsɐ̃w̃/	[peʁ.se.ɡiˈsɐ̃w̃] 追逐<名>
distrito	/d͡ʒisˈtɾi.tu/	/d͡ʒisˈtɾi.tu/	[d͡ʒisˈtɾi.tu] 区<名>
apertar	/a.peʁˈta(ʁ)/	/a.peʁˈta(ʁ)/	[a.peʁˈta(ʁ)] 收紧<动>
aliado	/a.liˈa.du/	/a.liˈa.du/	[a.liˈa.du] 盟友<名>
gps	/ˌʒeˌpeˈɛ.si/	/ˌʒeˌpeˈɛ.si/	[ˌʒeˌpeˈɛ.si] 全球定位系统<名>
técnico	/ˈtɛ.ki.ni.ku/	/ˈtɛ.ki.ni.ku/	[ˈtɛ.ki.ni.ku] 技术员<名>
oscar	/ˈɔs.kɐʁ/	/ˈɔs.kɐʁ/	[ˈɔs.kɐʁ] 奥斯卡<名>
colocado	/ko.loˈka.du/	/ko.loˈka.du/	[ko.loˈka.du] 放置<形>
arriscado	/a.ʁisˈka.du/	/a.ʁisˈka.du/	[a.ʁisˈka.du] 有风险的<形>
britânico	/bɾiˈtɐ̃.ni.ku/	/bɾiˈtɐ̃.ni.ku/	[bɾiˈtɐ̃.ni.ku] 英国人<名>
onze	/ˈõ.zi/	/ˈõ.zi/	[ˈõ.zi] 十一<名>
quarteirão	/kwaʁ.te(j)ˈɾɐ̃w̃/	/kwaʁ.te(j)ˈɾɐ̃w̃/	[kwaʁ.te(j)ˈɾɐ̃w̃] 块<名>
examinar	/e.za.miˈna(ʁ)/	/e.za.miˈna(ʁ)/	[e.za.miˈna(ʁ)] 检查<动>
desesperado	/d͡ʒi.zis.peˈɾa.du/	/d͡ʒi.zis.peˈɾa.du/	[d͡ʒi.zis.peˈɾa.du] 绝望的<形>
bondade	/bõˈda.d͡ʒi/	/bõˈda.d͡ʒi/	[bõˈda.d͡ʒi] 仁慈<名>
trevas	/ˈtɾɛ.vɐs/	/ˈtɾɛ.vɐs/	[ˈtɾɛ.vɐs] 黑暗<名>
ave	/ˈa.vi/	/ˈa.vi/	[ˈa.vi] 鸟<名>
esperado	/is.peˈɾa.du/	/is.peˈɾa.du/	[is.peˈɾa.du] 预计<形>
gene	/ˈʒe.ni/	/ˈʒe.ni/	[ˈʒe.ni] 基因<名>
queimado	/kejˈma.du/	/kejˈma.du/	[kejˈma.du] 烧毁<形>
reforma	/ʁeˈfɔʁ.mɐ/	/ʁeˈfɔʁ.mɐ/	[ʁeˈfɔʁ.mɐ] 改革<名>
maquilhagem	/ma.kiˈʎa.ʒẽj̃/	/ma.kiˈʎa.ʒẽj̃/	[ma.kiˈʎa.ʒẽj̃] 化妆<名>
perfume	/peʁˈfũ.mi/	/peʁˈfũ.mi/	[peʁˈfũ.mi] 香水<名>
time	/ˈt͡ʃĩ.mi/	/ˈt͡ʃĩ.mi/	[ˈt͡ʃĩ.mi] 团队<名>
agulha	/aˈɡu.ʎɐ/	/aˈɡu.ʎɐ/	[aˈɡu.ʎɐ] 针<名>
espalhar	/is.paˈʎa(ʁ)/	/is.paˈʎa(ʁ)/	[is.paˈʎa(ʁ)] 传播<动>
joão	/ʒoˈɐ̃w̃/	/ʒoˈɐ̃w̃/	[ʒoˈɐ̃w̃] 约翰<名>
operar	/o.peˈɾa(ʁ)/	/o.peˈɾa(ʁ)/	[o.peˈɾa(ʁ)] 操作<动>
liderança	/li.deˈɾɐ̃.sɐ/	/li.deˈɾɐ̃.sɐ/	[li.deˈɾɐ̃.sɐ] 领导力<名>
biscoito	/bisˈkoj.tu/	/bisˈkoj.tu/	[bisˈkoj.tu] 饼干<名>
pneu	/ˈpnew/	/ˈpnew/	[ˈpnew] 轮胎<名>
formar	/foʁˈma(ʁ)/	/foʁˈma(ʁ)/	[foʁˈma(ʁ)] 形式<动>
dirigir	/d͡ʒi.ɾiˈʒi(ʁ)/	/d͡ʒi.ɾiˈʒi(ʁ)/	[d͡ʒi.ɾiˈʒi(ʁ)] 开车<动>
tecto	ˈtɛ.tʊ	ˈtɛ.tʊ	[ˈtɛ.tʊ] 天花板<名>
grato	/ˈɡɾa.tu/	/ˈɡɾa.tu/	[ˈɡɾa.tu] 感恩的<形>
chego	/ˈʃe.ɡu/	/ˈʃe.ɡu/	[ˈʃe.ɡu] 我到达<动>
apelido	/a.piˈli.du/	/a.piˈli.du/	[a.piˈli.du] 昵称<名>
insecto			昆虫<名>
cola	/ˈkɔ.lɐ/	/ˈkɔ.lɐ/	[ˈkɔ.lɐ] 胶水<名>
franco	/ˈfɾɐ̃.ku/	/ˈfɾɐ̃.ku/	[ˈfɾɐ̃.ku] 弗兰克<名>
ausência	/awˈzẽ.sjɐ/	/awˈzẽ.sjɐ/	[awˈzẽ.sjɐ] 缺席<名>
guitarra	/ɡiˈta.ʁɐ/	/ɡiˈta.ʁɐ/	[ɡiˈta.ʁɐ] 吉他<名>
arroz	/aˈʁo(j)s/	/aˈʁo(j)s/	[aˈʁo(j)s] 米饭<名>
grey			灰色<名>
valeu	/vaˈlew/	/vaˈlew/	[vaˈlew] 谢谢<叹>
padrinho	/paˈdɾĩ.ɲu/	/paˈdɾĩ.ɲu/	[paˈdɾĩ.ɲu] 教父<名>
oficina	/o.fiˈsĩ.nɐ/	/o.fiˈsĩ.nɐ/	[o.fiˈsĩ.nɐ] 车间<名>
fada	/ˈfa.dɐ/	/ˈfa.dɐ/	[ˈfa.dɐ] 仙女<名>
ângulo	/ˈɐ̃.ɡu.lu/	/ˈɐ̃.ɡu.lu/	[ˈɐ̃.ɡu.lu] 角度<名>
vinda	/ˈvĩ.dɐ/	/ˈvĩ.dɐ/	[ˈvĩ.dɐ] 来了<名>
fama	/ˈfɐ̃.mɐ/	/ˈfɐ̃.mɐ/	[ˈfɐ̃.mɐ] 名声<名>
independente	/ĩ.de.pẽˈdẽ.t͡ʃi/	/ĩ.de.pẽˈdẽ.t͡ʃi/	[ĩ.de.pẽˈdẽ.t͡ʃi] 独立的<形>
c.			c.<副>
poesia	/po.eˈzi.ɐ/	/po.eˈzi.ɐ/	[po.eˈzi.ɐ] 诗<名>
requerer	/ʁe.keˈɾe(ʁ)/	/ʁe.keˈɾe(ʁ)/	[ʁe.keˈɾe(ʁ)] 请求<动>
algema	/awˈʒẽ.mɐ/	/awˈʒẽ.mɐ/	[awˈʒẽ.mɐ] 手铐<名>
pirata	/piˈɾa.tɐ/	/piˈɾa.tɐ/	[piˈɾa.tɐ] 海盗<名>
frasco	/ˈfɾas.ku/	/ˈfɾas.ku/	[ˈfɾas.ku] 瓶子<名>
orçamento	/oʁ.saˈmẽ.tu/	/oʁ.saˈmẽ.tu/	[oʁ.saˈmẽ.tu] 预算<名>
recordar	/ʁe.koʁˈda(ʁ)/	/ʁe.koʁˈda(ʁ)/	[ʁe.koʁˈda(ʁ)] 记住<动>
bagagem	/baˈɡa.ʒẽj̃/	/baˈɡa.ʒẽj̃/	[baˈɡa.ʒẽj̃] 行李<名>
relva	/ˈʁɛw.vɐ/	/ˈʁɛw.vɐ/	[ˈʁɛw.vɐ] 草<名>
nervo	/ˈneʁ.vu/	/ˈneʁ.vu/	[ˈneʁ.vu] 神经<名>
permanente	/peʁ.maˈnẽ.t͡ʃi/	/peʁ.maˈnẽ.t͡ʃi/	[peʁ.maˈnẽ.t͡ʃi] 永久的<名>
irritado	/i.ʁiˈta.du/	/i.ʁiˈta.du/	[i.ʁiˈta.du] 生气<形>
rancho	/ˈʁɐ̃.ʃu/	/ˈʁɐ̃.ʃu/	[ˈʁɐ̃.ʃu] 牧场<名>
oriente	/o.ɾiˈẽ.t͡ʃi/	/o.ɾiˈẽ.t͡ʃi/	[o.ɾiˈẽ.t͡ʃi] 东<名>
tranquilo	/tɾɐ̃ˈkwi.lu/	/tɾɐ̃ˈkwi.lu/	[tɾɐ̃ˈkwi.lu] 和平的<形>
equilíbrio	/e.kiˈli.bɾju/	/e.kiˈli.bɾju/	[e.kiˈli.bɾju] 平衡<名>
festejar	/fes.teˈʒa(ʁ)/	/fes.teˈʒa(ʁ)/	[fes.teˈʒa(ʁ)] 庆祝<动>
quintal	/kĩˈtaw/	/kĩˈtaw/	[kĩˈtaw] 后院<名>
recomeçar	/ʁe.ko.meˈsa(ʁ)/	/ʁe.ko.meˈsa(ʁ)/	[ʁe.ko.meˈsa(ʁ)] 重新开始<动>
conduta	/kõˈdu.tɐ/	/kõˈdu.tɐ/	[kõˈdu.tɐ] 行为<名>
supremo	/suˈpɾẽ.mu/	/suˈpɾẽ.mu/	[suˈpɾẽ.mu] 至高无上的<形>
cabine	/kaˈbĩ.ni/	/kaˈbĩ.ni/	[kaˈbĩ.ni] 小屋<名>
determinar	/de.teʁ.miˈna(ʁ)/	/de.teʁ.miˈna(ʁ)/	[de.teʁ.miˈna(ʁ)] 确定<动>
provocar	/pɾo.voˈka(ʁ)/	/pɾo.voˈka(ʁ)/	[pɾo.voˈka(ʁ)] 挑衅<动>
escondidas	/is.kõˈd͡ʒi.dɐs/	/is.kõˈd͡ʒi.dɐs/	[is.kõˈd͡ʒi.dɐs] 隐藏的<名>
fritas	/ˈfɾi.tɐs/	/ˈfɾi.tɐs/	[ˈfɾi.tɐs] 薯条<名>
constante	/kõsˈtɐ̃.t͡ʃi/	/kõsˈtɐ̃.t͡ʃi/	[kõsˈtɐ̃.t͡ʃi] 常数<名>
marcha	/ˈmaʁ.ʃɐ/	/ˈmaʁ.ʃɐ/	[ˈmaʁ.ʃɐ] 进行曲<名>
dignidade	/d͡ʒi.ɡi.niˈda.d͡ʒi/	/d͡ʒi.ɡi.niˈda.d͡ʒi/	[d͡ʒi.ɡi.niˈda.d͡ʒi] 尊严<名>
levante	/leˈvɐ̃.t͡ʃi/	/leˈvɐ̃.t͡ʃi/	[leˈvɐ̃.t͡ʃi] 电梯<名>
xadrez	/ʃaˈdɾe(j)s/	/ʃaˈdɾe(j)s/	[ʃaˈdɾe(j)s] 国际象棋<名>
março	/ˈmaʁ.su/	/ˈmaʁ.su/	[ˈmaʁ.su] 三月<名>
escudo	/isˈku.du/	/isˈku.du/	[isˈku.du] 盾牌<名>
descrever	/des.kɾeˈve(ʁ)/	/des.kɾeˈve(ʁ)/	[des.kɾeˈve(ʁ)] 描述<动>
bingo	/ˈbĩ.ɡu/	/ˈbĩ.ɡu/	[ˈbĩ.ɡu] 宾果游戏<名>
marcado	/maʁˈka.du/	/maʁˈka.du/	[maʁˈka.du] 标记的<形>
competir	/kõ.peˈt͡ʃi(ʁ)/	/kõ.peˈt͡ʃi(ʁ)/	[kõ.peˈt͡ʃi(ʁ)] 竞争<动>
miar	/miˈa(ʁ)/	/miˈa(ʁ)/	[miˈa(ʁ)] 喵<动>
sequência	/seˈkwẽ.sjɐ/	/seˈkwẽ.sjɐ/	[seˈkwẽ.sjɐ] 序列<名>
viciado	/vi.siˈa.du/	/vi.siˈa.du/	[vi.siˈa.du] 瘾君子<名>
celeiro	/seˈle(j).ɾu/	/seˈle(j).ɾu/	[seˈle(j).ɾu] 谷仓<名>
horror	/oˈʁoʁ/	/oˈʁoʁ/	[oˈʁoʁ] 恐怖<名>
corrigir	/ko.ʁiˈʒi(ʁ)/	/ko.ʁiˈʒi(ʁ)/	[ko.ʁiˈʒi(ʁ)] 正确<动>
duque	/ˈdu.ki/	/ˈdu.ki/	[ˈdu.ki] 杜克大学<名>
proteção	/pɾo.teˈsɐ̃w̃/	/pɾo.teˈsɐ̃w̃/	[pɾo.teˈsɐ̃w̃] 保护<名>
briga	/ˈbɾi.ɡɐ/	/ˈbɾi.ɡɐ/	[ˈbɾi.ɡɐ] 战斗<名>
colina	/koˈlĩ.nɐ/	/koˈlĩ.nɐ/	[koˈlĩ.nɐ] 山<名>
radar	/ʁaˈda(ʁ)/	/ʁaˈda(ʁ)/	[ʁaˈda(ʁ)] 雷达<名>
janeiro	/ʒaˈne(j).ɾu/	/ʒaˈne(j).ɾu/	[ʒaˈne(j).ɾu] 一月<名>
apropriado	/a.pɾo.pɾiˈa.du/	/a.pɾo.pɾiˈa.du/	[a.pɾo.pɾiˈa.du] 适当的<形>
khan			可汗<名>
media	/ˈmɛ.djɐ/	/ˈmɛ.djɐ/	[ˈmɛ.djɐ] 媒体<名>
pornografia	/poʁ.no.ɡɾaˈfi.ɐ/	/poʁ.no.ɡɾaˈfi.ɐ/	[poʁ.no.ɡɾaˈfi.ɐ] 色情作品<名>
submarino	/su.bi.maˈɾĩ.nu/	/su.bi.maˈɾĩ.nu/	[su.bi.maˈɾĩ.nu] 潜艇<名>
enterrar	/ẽ.teˈʁa(ʁ)/	/ẽ.teˈʁa(ʁ)/	[ẽ.teˈʁa(ʁ)] 埋葬<动>
perspectiva	/peʁs.pekˈt͡ʃi.vɐ/	/peʁs.pekˈt͡ʃi.vɐ/	[peʁs.pekˈt͡ʃi.vɐ] 观点<名>
assegurar	/a.se.ɡuˈɾa(ʁ)/	/a.se.ɡuˈɾa(ʁ)/	[a.se.ɡuˈɾa(ʁ)] 确保<动>
concentração	/kõ.sẽ.tɾaˈsɐ̃w̃/	/kõ.sẽ.tɾaˈsɐ̃w̃/	[kõ.sẽ.tɾaˈsɐ̃w̃] 浓度<名>
drogado	/dɾoˈɡa.du/	/dɾoˈɡa.du/	[dɾoˈɡa.du] 被下药的<名>
compaixão	/kõ.pajˈʃɐ̃w̃/	/kõ.pajˈʃɐ̃w̃/	[kõ.pajˈʃɐ̃w̃] 同情心<名>
tremer	/tɾeˈme(ʁ)/	/tɾeˈme(ʁ)/	[tɾeˈme(ʁ)] 颤抖<动>
plataforma	/pla.taˈfɔʁ.mɐ/	/pla.taˈfɔʁ.mɐ/	[pla.taˈfɔʁ.mɐ] 平台<名>
fogueira	/foˈɡe(j).ɾɐ/	/foˈɡe(j).ɾɐ/	[foˈɡe(j).ɾɐ] 篝火<名>
desligado	/dez.liˈɡa.du/	/dez.liˈɡa.du/	[dez.liˈɡa.du] 关闭<形>
extraterrestre	/ˌɛs.tɾa.teˈʁɛs.tɾi/	/ˌɛs.tɾa.teˈʁɛs.tɾi/	[ˌɛs.tɾa.teˈʁɛs.tɾi] 外星人的<名>
gravidez	/ɡɾa.viˈde(j)s/	/ɡɾa.viˈde(j)s/	[ɡɾa.viˈde(j)s] 怀孕<名>
parva	/ˈpaɾ.vɐ/	/ˈpaɾ.vɐ/	[ˈpaɾ.vɐ] 愚蠢的<名>
disparo	/d͡ʒisˈpa.ɾu/	/d͡ʒisˈpa.ɾu/	[d͡ʒisˈpa.ɾu] 射击<名>
comentário	/ko.mẽˈta.ɾju/	/ko.mẽˈta.ɾju/	[ko.mẽˈta.ɾju] 评论<名>
tráfico	/ˈtɾa.fi.ku/	/ˈtɾa.fi.ku/	[ˈtɾa.fi.ku] 交通<名>
poema	/poˈẽ.mɐ/	/poˈẽ.mɐ/	[poˈẽ.mɐ] 诗<名>
oposto	/oˈpos.tu/	/oˈpos.tu/	[oˈpos.tu] 对面<名>
praga	/ˈpɾa.ɡɐ/	/ˈpɾa.ɡɐ/	[ˈpɾa.ɡɐ] 瘟疫<名>
investimento	/ĩ.ves.t͡ʃiˈmẽ.tu/	/ĩ.ves.t͡ʃiˈmẽ.tu/	[ĩ.ves.t͡ʃiˈmẽ.tu] 投资<名>
espiritual	/is.pi.ɾi.tuˈaw/	/is.pi.ɾi.tuˈaw/	[is.pi.ɾi.tuˈaw] 精神上的<形>
matrícula	/maˈtɾi.ku.lɐ/	/maˈtɾi.ku.lɐ/	[maˈtɾi.ku.lɐ] 登记<名>
bênção	/ˈbẽ.sɐ̃w̃/	/ˈbẽ.sɐ̃w̃/	[ˈbẽ.sɐ̃w̃] 祝福<名>
obcecado	/o.bi.seˈka.du/	/o.bi.seˈka.du/	[o.bi.seˈka.du] 着迷的<形>
hmm			嗯<叹>
específico	/(e)ʃ.peˈsi.fi.ku/	/(e)ʃ.peˈsi.fi.ku/	[(e)ʃ.peˈsi.fi.ku] 具体的<形>
associação	/a.so.si.aˈsɐ̃w̃/	/a.so.si.aˈsɐ̃w̃/	[a.so.si.aˈsɐ̃w̃] 协会<名>
cúmplice	/ˈkũ.pli.si/	/ˈkũ.pli.si/	[ˈkũ.pli.si] 同谋<名>
reduzir	/ʁe.duˈzi(ʁ)/	/ʁe.duˈzi(ʁ)/	[ʁe.duˈzi(ʁ)] 减少<动>
utilizar	/u.t͡ʃi.liˈza(ʁ)/	/u.t͡ʃi.liˈza(ʁ)/	[u.t͡ʃi.liˈza(ʁ)] 使用<动>
whisky	/uˈis.ki/	/uˈis.ki/	[uˈis.ki] 威士忌<名>
dezembro	/deˈzẽ.bɾu/	/deˈzẽ.bɾu/	[deˈzẽ.bɾu] 十二月<名>
abelha	/aˈbe.ʎɐ/	/aˈbe.ʎɐ/	[aˈbe.ʎɐ] 蜜蜂<名>
pátio	/ˈpa.t͡ʃju/	/ˈpa.t͡ʃju/	[ˈpa.t͡ʃju] 庭院<名>
embaraçoso	/ẽ.ba.ɾaˈso.zu/	/ẽ.ba.ɾaˈso.zu/	[ẽ.ba.ɾaˈso.zu] 令人尴尬的<形>
urgência	/uʁˈʒẽ.sjɐ/	/uʁˈʒẽ.sjɐ/	[uʁˈʒẽ.sjɐ] 紧迫性<名>
ocidental	/o.si.dẽˈtaw/	/o.si.dẽˈtaw/	[o.si.dẽˈtaw] 西方的<名>
margem	/ˈmaʁ.ʒẽj̃/	/ˈmaʁ.ʒẽj̃/	[ˈmaʁ.ʒẽj̃] 保证金<名>
toalha	/tuˈa.ʎɐ/	/tuˈa.ʎɐ/	[tuˈa.ʎɐ] 毛巾<名>
conforto	/kõˈfoʁ.tu/	/kõˈfoʁ.tu/	[kõˈfoʁ.tu] 舒适度<名>
apertado	/a.peʁˈta.du/	/a.peʁˈta.du/	[a.peʁˈta.du] 紧<形>
acorde	/aˈkɔʁ.d͡ʒi/	/aˈkɔʁ.d͡ʒi/	[aˈkɔʁ.d͡ʒi] 醒来<名>
bolacha	/boˈla.ʃɐ/	/boˈla.ʃɐ/	[boˈla.ʃɐ] 饼干<名>
actriz	a.ˈtɾis	a.ˈtɾis	[a.ˈtɾis] 女演员<名>
misterioso	/mis.te.ɾiˈo.zu/	/mis.te.ɾiˈo.zu/	[mis.te.ɾiˈo.zu] 神秘的<形>
lavandaria	/la.vɐ̃.daˈɾi.ɐ/	/la.vɐ̃.daˈɾi.ɐ/	[la.vɐ̃.daˈɾi.ɐ] 洗衣<名>
doloroso	/do.loˈɾo.zu/	/do.loˈɾo.zu/	[do.loˈɾo.zu] 痛苦的<形>
ácido	/ˈa.si.du/	/ˈa.si.du/	[ˈa.si.du] 酸<名>
compensar	/kõ.pẽˈsa(ʁ)/	/kõ.pẽˈsa(ʁ)/	[kõ.pẽˈsa(ʁ)] 补偿<动>
curva	/ˈkuʁ.vɐ/	/ˈkuʁ.vɐ/	[ˈkuʁ.vɐ] 曲线<名>
estátua	/isˈta.twɐ/	/isˈta.twɐ/	[isˈta.twɐ] 雕像<名>
sugestão	/su.ʒesˈtɐ̃w̃/	/su.ʒesˈtɐ̃w̃/	[su.ʒesˈtɐ̃w̃] 建议<名>
sotaque	/soˈta.ki/	/soˈta.ki/	[soˈta.ki] 口音<名>
vendido	/vẽˈd͡ʒi.du/	/vẽˈd͡ʒi.du/	[vẽˈd͡ʒi.du] 已售出<名>
relacionado	/ʁe.la.si.oˈna.du/	/ʁe.la.si.oˈna.du/	[ʁe.la.si.oˈna.du] 相关的<形>
morgue	/ˈmɔʁ.ɡi/	/ˈmɔʁ.ɡi/	[ˈmɔʁ.ɡi] 太平间<名>
brutal	/bɾuˈtaw/	/bɾuˈtaw/	[bɾuˈtaw] 残酷的<形>
pensaram	/pẽˈsa.ɾɐ̃w̃/	/pẽˈsa.ɾɐ̃w̃/	[pẽˈsa.ɾɐ̃w̃] 思想<动>
interferir	/ĩ.teʁ.feˈɾi(ʁ)/	/ĩ.teʁ.feˈɾi(ʁ)/	[ĩ.teʁ.feˈɾi(ʁ)] 干扰<动>
decerto	/d͡ʒiˈsɛʁ.tu/	/d͡ʒiˈsɛʁ.tu/	[d͡ʒiˈsɛʁ.tu] 当然<副>
reclamar	/ʁe.klaˈma(ʁ)/	/ʁe.klaˈma(ʁ)/	[ʁe.klaˈma(ʁ)] 抱怨<动>
garantia	/ɡa.ɾɐ̃ˈt͡ʃi.ɐ/	/ɡa.ɾɐ̃ˈt͡ʃi.ɐ/	[ɡa.ɾɐ̃ˈt͡ʃi.ɐ] 保修<名>
águia	/ˈa.ɡjɐ/	/ˈa.ɡjɐ/	[ˈa.ɡjɐ] 鹰<名>
parente	/paˈɾẽ.t͡ʃi/	/paˈɾẽ.t͡ʃi/	[paˈɾẽ.t͡ʃi] 亲戚<名>
my			我的<代>
preencher	/pɾe.ẽˈʃe(ʁ)/	/pɾe.ẽˈʃe(ʁ)/	[pɾe.ẽˈʃe(ʁ)] 填充<动>
impulso	/ĩˈpuw.su/	/ĩˈpuw.su/	[ĩˈpuw.su] 冲动<名>
lanterna	/lɐ̃ˈtɛʁ.nɐ/	/lɐ̃ˈtɛʁ.nɐ/	[lɐ̃ˈtɛʁ.nɐ] 手电筒<名>
supostamente	/suˌpɔs.taˈmẽ.t͡ʃi/	/suˌpɔs.taˈmẽ.t͡ʃi/	[suˌpɔs.taˈmẽ.t͡ʃi] 据推测<副>
basquetebol	/basˌkɛ.t͡ʃiˈbɔw/	/basˌkɛ.t͡ʃiˈbɔw/	[basˌkɛ.t͡ʃiˈbɔw] 篮球<名>
macho	/ˈma.ʃu/	/ˈma.ʃu/	[ˈma.ʃu] 男<名>
direto	/d͡ʒiˈɾɛ.tu/	/d͡ʒiˈɾɛ.tu/	[d͡ʒiˈɾɛ.tu] 直接<名>
conter	/kõˈte(ʁ)/	/kõˈte(ʁ)/	[kõˈte(ʁ)] 包含<动>
alegre	/aˈlɛ.ɡɾi/	/aˈlɛ.ɡɾi/	[aˈlɛ.ɡɾi] 开朗的<形>
arrogante	/a.ʁoˈɡɐ̃.t͡ʃi/	/a.ʁoˈɡɐ̃.t͡ʃi/	[a.ʁoˈɡɐ̃.t͡ʃi] 傲慢的<形>
conquistar	/kõ.kisˈta(ʁ)/	/kõ.kisˈta(ʁ)/	[kõ.kisˈta(ʁ)] 征服<动>
gémeo	/ˈʒɛ.mju/	/ˈʒɛ.mju/	[ˈʒɛ.mju] 双胞胎<名>
mama	/ˈmɐ̃.mɐ/	/ˈmɐ̃.mɐ/	[ˈmɐ̃.mɐ] 乳房<名>
euro	/ˈew.ɾu/	/ˈew.ɾu/	[ˈew.ɾu] 欧元<名>
confiante	/kõ.fiˈɐ̃.t͡ʃi/	/kõ.fiˈɐ̃.t͡ʃi/	[kõ.fiˈɐ̃.t͡ʃi] 自信的<形>
mansão	/mɐ̃ˈsɐ̃w̃/	/mɐ̃ˈsɐ̃w̃/	[mɐ̃ˈsɐ̃w̃] 豪宅<名>
elefante	/e.leˈfɐ̃.t͡ʃi/	/e.leˈfɐ̃.t͡ʃi/	[e.leˈfɐ̃.t͡ʃi] 大象<名>
clima	/ˈklĩ.mɐ/	/ˈklĩ.mɐ/	[ˈklĩ.mɐ] 气候<名>
instituto	/ĩs.t͡ʃiˈtu.tu/	/ĩs.t͡ʃiˈtu.tu/	[ĩs.t͡ʃiˈtu.tu] 研究所<名>
produzir	/pɾo.duˈzi(ʁ)/	/pɾo.duˈzi(ʁ)/	[pɾo.duˈzi(ʁ)] 生产<动>
desperdício	/des.peʁˈd͡ʒi.sju/	/des.peʁˈd͡ʒi.sju/	[des.peʁˈd͡ʒi.sju] 废物<名>
pacífico	/paˈsi.fi.ku/	/paˈsi.fi.ku/	[paˈsi.fi.ku] 和平的<形>
exato	/eˈza.tu/	/eˈza.tu/	[eˈza.tu] 准确的<形>
apareceram	a.pa.ɾe.ˈse.ɾãʊ̃	a.pa.ɾe.ˈse.ɾãʊ̃	[a.pa.ɾe.ˈse.ɾãʊ̃] 出现了<动>
remover	/ʁe.moˈve(ʁ)/	/ʁe.moˈve(ʁ)/	[ʁe.moˈve(ʁ)] 删除<动>
estabelecer	/is.ta.be.leˈse(ʁ)/	/is.ta.be.leˈse(ʁ)/	[is.ta.be.leˈse(ʁ)] 建立<动>
sortudo	/soʁˈtu.du/	/soʁˈtu.du/	[soʁˈtu.du] 幸运的<名>
gota	/ˈɡo.tɐ/	/ˈɡo.tɐ/	[ˈɡo.tɐ] 痛风<名>
liderar	/li.deˈɾa(ʁ)/	/li.deˈɾa(ʁ)/	[li.deˈɾa(ʁ)] 铅<动>
incapaz	/ĩ.kaˈpa(j)s/	/ĩ.kaˈpa(j)s/	[ĩ.kaˈpa(j)s] 无能的<名>
oxalá	/o.ʃaˈla/	/o.ʃaˈla/	[o.ʃaˈla] 我希望<名>
pato	/ˈpa.tu/	/ˈpa.tu/	[ˈpa.tu] 鸭子<名>
quarenta	/kwaˈɾẽ.tɐ/	/kwaˈɾẽ.tɐ/	[kwaˈɾẽ.tɐ] 四十<名>
lutador	/lu.taˈdoʁ/	/lu.taˈdoʁ/	[lu.taˈdoʁ] 战斗机<名>
feiticeiro	/fej.t͡ʃiˈse(j).ɾu/	/fej.t͡ʃiˈse(j).ɾu/	[fej.t͡ʃiˈse(j).ɾu] 巫师<名>
eterno	/eˈtɛʁ.nu/	/eˈtɛʁ.nu/	[eˈtɛʁ.nu] 永恒的<形>
riqueza	/ʁiˈke.zɐ/	/ʁiˈke.zɐ/	[ʁiˈke.zɐ] 财富<名>
senado	/seˈna.du/	/seˈna.du/	[seˈna.du] 参议院<名>
carruagem	/ka.ʁuˈa.ʒẽj̃/	/ka.ʁuˈa.ʒẽj̃/	[ka.ʁuˈa.ʒẽj̃] 马车<名>
batota	/baˈtɔ.tɐ/	/baˈtɔ.tɐ/	[baˈtɔ.tɐ] 作弊<名>
núcleo	/ˈnu.klju/	/ˈnu.klju/	[ˈnu.klju] 核心<名>
conselheiro	/kõ.seˈʎe(j).ɾu/	/kõ.seˈʎe(j).ɾu/	[kõ.seˈʎe(j).ɾu] 辅导员<名>
excepção	e.sep.ˈsãʊ̃	e.sep.ˈsãʊ̃	[e.sep.ˈsãʊ̃] 异常<名>
cauda	/ˈkaw.dɐ/	/ˈkaw.dɐ/	[ˈkaw.dɐ] 尾巴<名>
murro	/ˈmu.ʁu/	/ˈmu.ʁu/	[ˈmu.ʁu] 冲孔<名>
actualmente			目前<副>
autor	/awˈtoʁ/	/awˈtoʁ/	[awˈtoʁ] 作者<名>
colónia	/kuˈlɔ.njɐ/	/kuˈlɔ.njɐ/	[kuˈlɔ.njɐ] 殖民地<名>
libertação	/li.beʁ.taˈsɐ̃w̃/	/li.beʁ.taˈsɐ̃w̃/	[li.beʁ.taˈsɐ̃w̃] 解放<名>
ilusão	/i.luˈzɐ̃w̃/	/i.luˈzɐ̃w̃/	[i.luˈzɐ̃w̃] 错觉<名>
conceito	/kõˈsej.tu/	/kõˈsej.tu/	[kõˈsej.tu] 概念<名>
bacon	/ˈbej.kõ/	/ˈbej.kõ/	[ˈbej.kõ] 培根<名>
capacete	/ka.paˈse.t͡ʃi/	/ka.paˈse.t͡ʃi/	[ka.paˈse.t͡ʃi] 头盔<名>
músculo	/ˈmus.ku.lu/	/ˈmus.ku.lu/	[ˈmus.ku.lu] 肌肉<名>
engenharia	/ẽ.ʒẽ.ɲaˈɾi.ɐ/	/ẽ.ʒẽ.ɲaˈɾi.ɐ/	[ẽ.ʒẽ.ɲaˈɾi.ɐ] 工程<名>
valioso	/va.liˈo.zu/	/va.liˈo.zu/	[va.liˈo.zu] 有价值的<形>
fundação	/fũ.daˈsɐ̃w̃/	/fũ.daˈsɐ̃w̃/	[fũ.daˈsɐ̃w̃] 基金会<名>
registado	/ʁe.ʒisˈta.du/	/ʁe.ʒisˈta.du/	[ʁe.ʒisˈta.du] 已注册<形>
quinto	/ˈkĩ.tu/	/ˈkĩ.tu/	[ˈkĩ.tu] 第五<名>
balcão	/bawˈkɐ̃w̃/	/bawˈkɐ̃w̃/	[bawˈkɐ̃w̃] 柜台<名>
anunciar	/a.nũ.siˈa(ʁ)/	/a.nũ.siˈa(ʁ)/	[a.nũ.siˈa(ʁ)] 做广告<动>
informador	/ĩ.foʁ.maˈdoʁ/	/ĩ.foʁ.maˈdoʁ/	[ĩ.foʁ.maˈdoʁ] 线人<名>
independentemente	/ĩ.de.pẽˌdẽ.t͡ʃiˈmẽ.t͡ʃi/	/ĩ.de.pẽˌdẽ.t͡ʃiˈmẽ.t͡ʃi/	[ĩ.de.pẽˌdẽ.t͡ʃiˈmẽ.t͡ʃi] 独立地<副>
colher	/kuˈʎɛ(ʁ)/	/kuˈʎɛ(ʁ)/	[kuˈʎɛ(ʁ)] 勺子<名>
reabilitação	/ʁe.a.bi.li.taˈsɐ̃w̃/	/ʁe.a.bi.li.taˈsɐ̃w̃/	[ʁe.a.bi.li.taˈsɐ̃w̃] 康复<名>
outono	/o(w)ˈtõ.nu/	/o(w)ˈtõ.nu/	[o(w)ˈtõ.nu] 秋天<名>
pensão	/pẽˈsɐ̃w̃/	/pẽˈsɐ̃w̃/	[pẽˈsɐ̃w̃] 养老金<名>
produtor	/pɾo.duˈtoʁ/	/pɾo.duˈtoʁ/	[pɾo.duˈtoʁ] 制片人<名>
lençol	/lẽˈsɔw/	/lẽˈsɔw/	[lẽˈsɔw] 片材<名>
alívio	/aˈli.vju/	/aˈli.vju/	[aˈli.vju] 救济<名>
respeitar	/ʁes.pejˈta(ʁ)/	/ʁes.pejˈta(ʁ)/	[ʁes.pejˈta(ʁ)] 尊重<动>
robô	/ʁoˈbo/	/ʁoˈbo/	[ʁoˈbo] 机器人<名>
líquido	/ˈli.ki.du/	/ˈli.ki.du/	[ˈli.ki.du] 液体<名>
safar	/saˈfa(ʁ)/	/saˈfa(ʁ)/	[saˈfa(ʁ)] 走开<动>
desconto	/desˈkõ.tu/	/desˈkõ.tu/	[desˈkõ.tu] 折扣<名>
vadio	/vaˈd͡ʒi.u/	/vaˈd͡ʒi.u/	[vaˈd͡ʒi.u] 流浪<名>
aquecimento	/a.ke.siˈmẽ.tu/	/a.ke.siˈmẽ.tu/	[a.ke.siˈmẽ.tu] 供暖<名>
perito	/peˈɾi.tu/	/peˈɾi.tu/	[peˈɾi.tu] 专家<名>
covarde	/koˈvaʁ.d͡ʒi/	/koˈvaʁ.d͡ʒi/	[koˈvaʁ.d͡ʒi] 胆小鬼<名>
cicatriz	/si.kaˈtɾis/	/si.kaˈtɾis/	[si.kaˈtɾis] 疤痕<名>
chávena	/ˈʃa.ve.nɐ/	/ˈʃa.ve.nɐ/	[ˈʃa.ve.nɐ] 杯子<名>
debate	/deˈba.t͡ʃi/	/deˈba.t͡ʃi/	[deˈba.t͡ʃi] 辩论<名>
gaveta	/ɡaˈve.tɐ/	/ɡaˈve.tɐ/	[ɡaˈve.tɐ] 抽屉<名>
suar	/suˈa(ʁ)/	/suˈa(ʁ)/	[suˈa(ʁ)] 汗水<动>
brevemente	/ˌbɾɛ.viˈmẽ.t͡ʃi/	/ˌbɾɛ.viˈmẽ.t͡ʃi/	[ˌbɾɛ.viˈmẽ.t͡ʃi] 简要地<副>
ciclo	/ˈsi.klu/	/ˈsi.klu/	[ˈsi.klu] 循环<名>
lavagem	/laˈva.ʒẽj̃/	/laˈva.ʒẽj̃/	[laˈva.ʒẽj̃] 洗涤<名>
gesto	/ˈʒɛs.tu/	/ˈʒɛs.tu/	[ˈʒɛs.tu] 手势<名>
essencial	/e.sẽ.siˈaw/	/e.sẽ.siˈaw/	[e.sẽ.siˈaw] 必不可少的<形>
probabilidade	/pɾo.ba.bi.liˈda.d͡ʒi/	/pɾo.ba.bi.liˈda.d͡ʒi/	[pɾo.ba.bi.liˈda.d͡ʒi] 概率<名>
colo	/ˈkɔ.lu/	/ˈkɔ.lu/	[ˈkɔ.lu] 圈<名>
atrasar	/a.tɾaˈza(ʁ)/	/a.tɾaˈza(ʁ)/	[a.tɾaˈza(ʁ)] 延迟<动>
palma	/ˈpaw.mɐ/	/ˈpaw.mɐ/	[ˈpaw.mɐ] 手掌<名>
coberto	/koˈbɛʁ.tu/	/koˈbɛʁ.tu/	[koˈbɛʁ.tu] 覆盖<名>
barata	/baˈɾa.tɐ/	/baˈɾa.tɐ/	[baˈɾa.tɐ] 蟑螂<名>
eléctrico	e.ˈlɛ.tɾi.kʊ	e.ˈlɛ.tɾi.kʊ	[e.ˈlɛ.tɾi.kʊ] 电车<名>
engenheiro	/ẽ.ʒẽˈɲe(j).ɾu/	/ẽ.ʒẽˈɲe(j).ɾu/	[ẽ.ʒẽˈɲe(j).ɾu] 工程师<名>
inferior	/ĩ.fe.ɾiˈoʁ/	/ĩ.fe.ɾiˈoʁ/	[ĩ.fe.ɾiˈoʁ] 底部<形>
forno	/ˈfoʁ.nu/	/ˈfoʁ.nu/	[ˈfoʁ.nu] 烤箱<名>
repórter	/ʁeˈpɔʁ.teʁ/	/ʁeˈpɔʁ.teʁ/	[ʁeˈpɔʁ.teʁ] 记者<名>
desenvolver	/de.zẽ.vowˈve(ʁ)/	/de.zẽ.vowˈve(ʁ)/	[de.zẽ.vowˈve(ʁ)] 发展<动>
torneio	/toʁˈnej.u/	/toʁˈnej.u/	[toʁˈnej.u] 锦标赛<名>
mandato	/mɐ̃ˈda.tu/	/mɐ̃ˈda.tu/	[mɐ̃ˈda.tu] 授权<名>
órbita	/ˈɔʁ.bi.tɐ/	/ˈɔʁ.bi.tɐ/	[ˈɔʁ.bi.tɐ] 轨道<名>
quarta-feira	/ˌkwaʁ.tɐˈfe(j).ɾɐ/	/ˌkwaʁ.tɐˈfe(j).ɾɐ/	[ˌkwaʁ.tɐˈfe(j).ɾɐ] 星期三<名>
ida	/ˈi.dɐ/	/ˈi.dɐ/	[ˈi.dɐ] 去<名>
adequado	/a.deˈkwa.du/	/a.deˈkwa.du/	[a.deˈkwa.du] 适合的<形>
tampa	/ˈtɐ̃.pɐ/	/ˈtɐ̃.pɐ/	[ˈtɐ̃.pɐ] 盖子<名>
rude	/ˈʁu.d͡ʒi/	/ˈʁu.d͡ʒi/	[ˈʁu.d͡ʒi] 粗鲁的<形>
fecho	/ˈfe.ʃu/	/ˈfe.ʃu/	[ˈfe.ʃu] 扣子<名>
intervenção	/ĩ.teʁ.vẽˈsɐ̃w̃/	/ĩ.teʁ.vẽˈsɐ̃w̃/	[ĩ.teʁ.vẽˈsɐ̃w̃] 干预<名>
transmitir	/tɾɐ̃z.miˈt͡ʃi(ʁ)/	/tɾɐ̃z.miˈt͡ʃi(ʁ)/	[tɾɐ̃z.miˈt͡ʃi(ʁ)] 传送<动>
fracasso	/fɾaˈka.su/	/fɾaˈka.su/	[fɾaˈka.su] 失败<名>
digno	/ˈd͡ʒi.ɡi.nu/	/ˈd͡ʒi.ɡi.nu/	[ˈd͡ʒi.ɡi.nu] 值得<形>
restante	/ʁesˈtɐ̃.t͡ʃi/	/ʁesˈtɐ̃.t͡ʃi/	[ʁesˈtɐ̃.t͡ʃi] 剩余<名>
comércio	/koˈmɛʁ.sju/	/koˈmɛʁ.sju/	[koˈmɛʁ.sju] 贸易<名>
miolos	/miˈɔ.lus/	/miˈɔ.lus/	[miˈɔ.lus] 大脑<名>
desconfortável	/des.kõ.foʁˈta.vew/	/des.kõ.foʁˈta.vew/	[des.kõ.foʁˈta.vew] 不舒服<形>
desenhar	/de.zẽˈɲa(ʁ)/	/de.zẽˈɲa(ʁ)/	[de.zẽˈɲa(ʁ)] 画<动>
apreciar	/a.pɾe.siˈa(ʁ)/	/a.pɾe.siˈa(ʁ)/	[a.pɾe.siˈa(ʁ)] 欣赏<动>
inicial	/i.ni.siˈaw/	/i.ni.siˈaw/	[i.ni.siˈaw] 初始的<形>
depressão	/de.pɾeˈsɐ̃w̃/	/de.pɾeˈsɐ̃w̃/	[de.pɾeˈsɐ̃w̃] 抑郁症<名>
alimento	/a.liˈmẽ.tu/	/a.liˈmẽ.tu/	[a.liˈmẽ.tu] 食物<名>
exagerar	/e.za.ʒeˈɾa(ʁ)/	/e.za.ʒeˈɾa(ʁ)/	[e.za.ʒeˈɾa(ʁ)] 夸大<动>
português	/poʁ.tuˈɡe(j)s/	/poʁ.tuˈɡe(j)s/	[poʁ.tuˈɡe(j)s] 葡萄牙语<名>
vingar	/vĩˈɡa(ʁ)/	/vĩˈɡa(ʁ)/	[vĩˈɡa(ʁ)] 复仇<动>
irritante	/i.ʁiˈtɐ̃.t͡ʃi/	/i.ʁiˈtɐ̃.t͡ʃi/	[i.ʁiˈtɐ̃.t͡ʃi] 令人恼火的<形>
crescimento	/kɾe.siˈmẽ.tu/	/kɾe.siˈmẽ.tu/	[kɾe.siˈmẽ.tu] 成长<名>
elogio	/e.loˈʒi.u/	/e.loˈʒi.u/	[e.loˈʒi.u] 赞美<名>
dna	/ˈde ˈẽ.ne. ˈa/	/ˈde ˈẽ.ne. ˈa/	[ˈde ˈẽ.ne. ˈa] 脱氧核糖核酸<名>
forçar	/foʁˈsa(ʁ)/	/foʁˈsa(ʁ)/	[foʁˈsa(ʁ)] 力<动>
acusar	/a.kuˈza(ʁ)/	/a.kuˈza(ʁ)/	[a.kuˈza(ʁ)] 指责<动>
fatal	/faˈtaw/	/faˈtaw/	[faˈtaw] 致命的<形>
aranha	/aˈɾɐ̃.ɲɐ/	/aˈɾɐ̃.ɲɐ/	[aˈɾɐ̃.ɲɐ] 蜘蛛<名>
câmera	/ˈkɐ̃.me.ɾɐ/	/ˈkɐ̃.me.ɾɐ/	[ˈkɐ̃.me.ɾɐ] 相机<名>
moderno	/moˈdɛʁ.nu/	/moˈdɛʁ.nu/	[moˈdɛʁ.nu] 现代的<形>
observação	/ob.seʁ.vaˈsɐ̃w̃/	/ob.seʁ.vaˈsɐ̃w̃/	[ob.seʁ.vaˈsɐ̃w̃] 观察<名>
escândalo	/isˈkɐ̃.da.lu/	/isˈkɐ̃.da.lu/	[isˈkɐ̃.da.lu] 丑闻<名>
delta	/ˈdɛw.tɐ/	/ˈdɛw.tɐ/	[ˈdɛw.tɐ] 三角洲<名>
perca	/ˈpɛʁ.kɐ/	/ˈpɛʁ.kɐ/	[ˈpɛʁ.kɐ] 想念<名>
laser	/ˈlej.zeʁ/	/ˈlej.zeʁ/	[ˈlej.zeʁ] 激光<名>
ciente	/siˈẽ.t͡ʃi/	/siˈẽ.t͡ʃi/	[siˈẽ.t͡ʃi] 意识到<形>
gordura	/ɡoʁˈdu.ɾɐ/	/ɡoʁˈdu.ɾɐ/	[ɡoʁˈdu.ɾɐ] 脂肪<名>
expulsar	/is.puwˈsa(ʁ)/	/is.puwˈsa(ʁ)/	[is.puwˈsa(ʁ)] 驱逐<动>
reagir	/ʁe.aˈʒi(ʁ)/	/ʁe.aˈʒi(ʁ)/	[ʁe.aˈʒi(ʁ)] 反应<动>
comemorar	/ko.me.moˈɾa(ʁ)/	/ko.me.moˈɾa(ʁ)/	[ko.me.moˈɾa(ʁ)] 庆祝<动>
canalha	/kaˈna.ʎɐ/	/kaˈna.ʎɐ/	[kaˈna.ʎɐ] 恶棍<名>
dentista	/dẽˈt͡ʃis.tɐ/	/dẽˈt͡ʃis.tɐ/	[dẽˈt͡ʃis.tɐ] 牙医<名>
mergulho	/meʁˈɡu.ʎu/	/meʁˈɡu.ʎu/	[meʁˈɡu.ʎu] 潜水<名>
microfone	/ˌmi.kɾoˈfõ.ni/	/ˌmi.kɾoˈfõ.ni/	[ˌmi.kɾoˈfõ.ni] 麦克风<名>
checar	/ʃeˈka(ʁ)/	/ʃeˈka(ʁ)/	[ʃeˈka(ʁ)] 检查<动>
gancho	/ˈɡɐ̃.ʃu/	/ˈɡɐ̃.ʃu/	[ˈɡɐ̃.ʃu] 钩子<名>
semelhante	/se.meˈʎɐ̃.t͡ʃi/	/se.meˈʎɐ̃.t͡ʃi/	[se.meˈʎɐ̃.t͡ʃi] 类似的<形>
moça	/ˈmo.sɐ/	/ˈmo.sɐ/	[ˈmo.sɐ] 女孩<名>
possuir	/po.suˈi(ʁ)/	/po.suˈi(ʁ)/	[po.suˈi(ʁ)] 拥有<动>
galeria	/ɡa.leˈɾi.ɐ/	/ɡa.leˈɾi.ɐ/	[ɡa.leˈɾi.ɐ] 画廊<名>
vodka	/ˈvɔd͡ʒ.kɐ/	/ˈvɔd͡ʒ.kɐ/	[ˈvɔd͡ʒ.kɐ] 伏特加<名>
hóspede	/ˈɔs.pe.d͡ʒi/	/ˈɔs.pe.d͡ʒi/	[ˈɔs.pe.d͡ʒi] 客人<名>
científico	/si.ẽˈt͡ʃi.fi.ku/	/si.ẽˈt͡ʃi.fi.ku/	[si.ẽˈt͡ʃi.fi.ku] 科学的<形>
assistência	/a.sisˈtẽ.sjɐ/	/a.sisˈtẽ.sjɐ/	[a.sisˈtẽ.sjɐ] 援助<名>
raramente	/ˌʁa.ɾaˈmẽ.t͡ʃi/	/ˌʁa.ɾaˈmẽ.t͡ʃi/	[ˌʁa.ɾaˈmẽ.t͡ʃi] 很少<副>
obrigação	/o.bɾi.ɡaˈsɐ̃w̃/	/o.bɾi.ɡaˈsɐ̃w̃/	[o.bɾi.ɡaˈsɐ̃w̃] 义务<名>
praça	/ˈpɾa.sɐ/	/ˈpɾa.sɐ/	[ˈpɾa.sɐ] 正方形<名>
contato	/kõˈta.tu/	/kõˈta.tu/	[kõˈta.tu] 联系方式<名>
activo	a.ˈtʃi.vʊ	a.ˈtʃi.vʊ	[a.ˈtʃi.vʊ] 资产<名>
caravana	/ka.ɾaˈvɐ̃.nɐ/	/ka.ɾaˈvɐ̃.nɐ/	[ka.ɾaˈvɐ̃.nɐ] 大篷车<名>
acontecimento	/a.kõ.te.siˈmẽ.tu/	/a.kõ.te.siˈmẽ.tu/	[a.kõ.te.siˈmẽ.tu] 事件<名>
punho	/ˈpũ.ɲu/	/ˈpũ.ɲu/	[ˈpũ.ɲu] 拳头<名>
consciente	/kõ.siˈẽ.t͡ʃi/	/kõ.siˈẽ.t͡ʃi/	[kõ.siˈẽ.t͡ʃi] 有意识的<名>
recordação	/ʁe.koʁ.daˈsɐ̃w̃/	/ʁe.koʁ.daˈsɐ̃w̃/	[ʁe.koʁ.daˈsɐ̃w̃] 纪念品<名>
diagnóstico	/d͡ʒi.a.ɡiˈnɔs.t͡ʃi.ku/	/d͡ʒi.a.ɡiˈnɔs.t͡ʃi.ku/	[d͡ʒi.a.ɡiˈnɔs.t͡ʃi.ku] 诊断<名>
vulnerável	/vuw.neˈɾa.vew/	/vuw.neˈɾa.vew/	[vuw.neˈɾa.vew] 脆弱的<形>
lesão	/leˈzɐ̃w̃/	/leˈzɐ̃w̃/	[leˈzɐ̃w̃] 伤害<名>
tarado	/taˈɾa.du/	/taˈɾa.du/	[taˈɾa.du] 变态<名>
brilhar	/bɾiˈʎa(ʁ)/	/bɾiˈʎa(ʁ)/	[bɾiˈʎa(ʁ)] 闪耀<动>
embaixo	/ẽˈbaj.ʃu/	/ẽˈbaj.ʃu/	[ẽˈbaj.ʃu] 下面<副>
perfeição	/peʁ.fejˈsɐ̃w̃/	/peʁ.fejˈsɐ̃w̃/	[peʁ.fejˈsɐ̃w̃] 完美<名>
dominar	/do.miˈna(ʁ)/	/do.miˈna(ʁ)/	[do.miˈna(ʁ)] 占主导地位<动>
decidiram	de.si.ˈdʒi.ɾãʊ̃	de.si.ˈdʒi.ɾãʊ̃	[de.si.ˈdʒi.ɾãʊ̃] 决定<动>
retrato	/ʁeˈtɾa.tu/	/ʁeˈtɾa.tu/	[ʁeˈtɾa.tu] 肖像<名>
questionar	/kes.t͡ʃi.oˈna(ʁ)/	/kes.t͡ʃi.oˈna(ʁ)/	[kes.t͡ʃi.oˈna(ʁ)] 问题<动>
apanhada	/a.pɐ̃ˈɲa.dɐ/	/a.pɐ̃ˈɲa.dɐ/	[a.pɐ̃ˈɲa.dɐ] 抓住了<名>
isco	/ˈis.ku/	/ˈis.ku/	[ˈis.ku] 诱饵<名>
avenida	/a.veˈni.dɐ/	/a.veˈni.dɐ/	[a.veˈni.dɐ] 大道<名>
excitado	/e.siˈta.du/	/e.siˈta.du/	[e.siˈta.du] 兴奋<形>
mona	/ˈmõ.nɐ/	/ˈmõ.nɐ/	[ˈmõ.nɐ] 莫娜<名>
moto	/ˈmɔ.tu/	/ˈmɔ.tu/	[ˈmɔ.tu] 摩托车<名>
novato	/noˈva.tu/	/noˈva.tu/	[noˈva.tu] 新手<名>
noivado	/nojˈva.du/	/nojˈva.du/	[nojˈva.du] 参与度<名>
aproximadamente	/a.pɾo.siˌma.daˈmẽ.t͡ʃi/	/a.pɾo.siˌma.daˈmẽ.t͡ʃi/	[a.pɾo.siˌma.daˈmẽ.t͡ʃi] 大约<副>
alienígena	/a.li.eˈni.ʒe.nɐ/	/a.li.eˈni.ʒe.nɐ/	[a.li.eˈni.ʒe.nɐ] 外星人<名>
violar	/vi.oˈla(ʁ)/	/vi.oˈla(ʁ)/	[vi.oˈla(ʁ)] 违反<动>
dica	/ˈd͡ʒi.kɐ/	/ˈd͡ʒi.kɐ/	[ˈd͡ʒi.kɐ] 小费<名>
década	/ˈdɛ.ka.dɐ/	/ˈdɛ.ka.dɐ/	[ˈdɛ.ka.dɐ] 十年<名>
fodido	/fuˈd͡ʒi.du/	/fuˈd͡ʒi.du/	[fuˈd͡ʒi.du] 性交<名>
pancada	/pɐ̃ˈka.dɐ/	/pɐ̃ˈka.dɐ/	[pɐ̃ˈka.dɐ] 吹<名>
enfiar	/ẽ.fiˈa(ʁ)/	/ẽ.fiˈa(ʁ)/	[ẽ.fiˈa(ʁ)] 线程<动>
cagar	/kaˈɡa(ʁ)/	/kaˈɡa(ʁ)/	[kaˈɡa(ʁ)] 狗屎<动>
nazi	/naˈzi/	/naˈzi/	[naˈzi] 纳粹<名>
adormecer	/a.doʁ.meˈse(ʁ)/	/a.doʁ.meˈse(ʁ)/	[a.doʁ.meˈse(ʁ)] 睡着了<动>
urina	/uˈɾĩ.nɐ/	/uˈɾĩ.nɐ/	[uˈɾĩ.nɐ] 尿液<名>
carregamento	/ka.ʁe.ɡaˈmẽ.tu/	/ka.ʁe.ɡaˈmẽ.tu/	[ka.ʁe.ɡaˈmẽ.tu] 加载中<名>
profundidade	/pɾo.fũ.d͡ʒiˈda.d͡ʒi/	/pɾo.fũ.d͡ʒiˈda.d͡ʒi/	[pɾo.fũ.d͡ʒiˈda.d͡ʒi] 深度<名>
cereal	/se.ɾeˈaw/	/se.ɾeˈaw/	[se.ɾeˈaw] 谷物<名>
almofada	/aw.moˈfa.dɐ/	/aw.moˈfa.dɐ/	[aw.moˈfa.dɐ] 坐垫<名>
legado	/leˈɡa.du/	/leˈɡa.du/	[leˈɡa.du] 遗产<名>
inspiração	/ĩs.pi.ɾaˈsɐ̃w̃/	/ĩs.pi.ɾaˈsɐ̃w̃/	[ĩs.pi.ɾaˈsɐ̃w̃] 灵感<名>
testa	/ˈtɛs.tɐ/	/ˈtɛs.tɐ/	[ˈtɛs.tɐ] 额头<名>
gerador	/ʒe.ɾaˈdoʁ/	/ʒe.ɾaˈdoʁ/	[ʒe.ɾaˈdoʁ] 发电机<名>
manutenção	/ma.nu.tẽˈsɐ̃w̃/	/ma.nu.tẽˈsɐ̃w̃/	[ma.nu.tẽˈsɐ̃w̃] 维护<名>
fugiram	fu.ˈʒi.ɾãʊ̃	fu.ˈʒi.ɾãʊ̃	[fu.ˈʒi.ɾãʊ̃] 逃跑<动>
valente	/vaˈlẽ.t͡ʃi/	/vaˈlẽ.t͡ʃi/	[vaˈlẽ.t͡ʃi] 勇敢的<名>
autorizar	/aw.to.ɾiˈza(ʁ)/	/aw.to.ɾiˈza(ʁ)/	[aw.to.ɾiˈza(ʁ)] 授权<动>
loiro	/ˈloj.ɾu/	/ˈloj.ɾu/	[ˈloj.ɾu] 金发女郎<名>
auto-estrada			高速公路<名>
aterragem	/a.teˈʁa.ʒẽj̃/	/a.teˈʁa.ʒẽj̃/	[a.teˈʁa.ʒẽj̃] 着陆<名>
tomada	/toˈma.dɐ/	/toˈma.dɐ/	[toˈma.dɐ] 插座<名>
brilho	/ˈbɾi.ʎu/	/ˈbɾi.ʎu/	[ˈbɾi.ʎu] 闪耀<名>
salvador	/saw.vaˈdoʁ/	/saw.vaˈdoʁ/	[saw.vaˈdoʁ] 救世主<名>
potência	/poˈtẽ.sjɐ/	/poˈtẽ.sjɐ/	[poˈtẽ.sjɐ] 电源<名>
vôo	ˈvo.ʊ	ˈvo.ʊ	[ˈvo.ʊ] 飞行<名>
interrogar	/ĩ.te.ʁoˈɡa(ʁ)/	/ĩ.te.ʁoˈɡa(ʁ)/	[ĩ.te.ʁoˈɡa(ʁ)] 审问<动>
empurrar	/ẽ.puˈʁa(ʁ)/	/ẽ.puˈʁa(ʁ)/	[ẽ.puˈʁa(ʁ)] 推<动>
lápis	/ˈla.pis/	/ˈla.pis/	[ˈla.pis] 铅笔<名>
comédia	/koˈmɛ.d͡ʒjɐ/	/koˈmɛ.d͡ʒjɐ/	[koˈmɛ.d͡ʒjɐ] 喜剧<名>
lembrança	/lẽˈbɾɐ̃.sɐ/	/lẽˈbɾɐ̃.sɐ/	[lẽˈbɾɐ̃.sɐ] 纪念品<名>
contratado	/kõ.tɾaˈta.du/	/kõ.tɾaˈta.du/	[kõ.tɾaˈta.du] 雇用<形>
vagina	/vaˈʒĩ.nɐ/	/vaˈʒĩ.nɐ/	[vaˈʒĩ.nɐ] 阴道<名>
fardo	/ˈfaʁ.du/	/ˈfaʁ.du/	[ˈfaʁ.du] 负担<名>
domínio	/doˈmĩ.nju/	/doˈmĩ.nju/	[doˈmĩ.nju] 域<名>
surpreendente	/suʁ.pɾe.ẽˈdẽ.t͡ʃi/	/suʁ.pɾe.ẽˈdẽ.t͡ʃi/	[suʁ.pɾe.ẽˈdẽ.t͡ʃi] 令人惊讶的<形>
derrota	/deˈʁɔ.tɐ/	/deˈʁɔ.tɐ/	[deˈʁɔ.tɐ] 失败<名>
formidável	/foʁ.miˈda.vew/	/foʁ.miˈda.vew/	[foʁ.miˈda.vew] 令人敬畏的<形>
transportar	/tɾɐ̃s.poʁˈta(ʁ)/	/tɾɐ̃s.poʁˈta(ʁ)/	[tɾɐ̃s.poʁˈta(ʁ)] 运输<动>
puseram	/puˈzɛ.ɾɐ̃w̃/	/puˈzɛ.ɾɐ̃w̃/	[puˈzɛ.ɾɐ̃w̃] 把<动>
sanita	/sɐˈni.tɐ/	/sɐˈni.tɐ/	[sɐˈni.tɐ] 厕所<名>
panqueca	/pɐ̃ˈkɛ.kɐ/	/pɐ̃ˈkɛ.kɐ/	[pɐ̃ˈkɛ.kɐ] 煎饼<名>
bigode	/biˈɡɔ.d͡ʒi/	/biˈɡɔ.d͡ʒi/	[biˈɡɔ.d͡ʒi] 小胡子<名>
touro	/ˈto(w).ɾu/	/ˈto(w).ɾu/	[ˈto(w).ɾu] 公牛<名>
sindicato	/sĩ.d͡ʒiˈka.tu/	/sĩ.d͡ʒiˈka.tu/	[sĩ.d͡ʒiˈka.tu] 联盟<名>
mandaram	mã.ˈda.ɾãʊ̃	mã.ˈda.ɾãʊ̃	[mã.ˈda.ɾãʊ̃] 已发送<动>
volante	/voˈlɐ̃.t͡ʃi/	/voˈlɐ̃.t͡ʃi/	[voˈlɐ̃.t͡ʃi] 方向盘<名>
exigir	/e.ziˈʒi(ʁ)/	/e.ziˈʒi(ʁ)/	[e.ziˈʒi(ʁ)] 需求<动>
brigada	/bɾiˈɡa.dɐ/	/bɾiˈɡa.dɐ/	[bɾiˈɡa.dɐ] 旅<名>
falecido	fa.le.ˈsi.dʊ	fa.le.ˈsi.dʊ	[fa.le.ˈsi.dʊ] 死者<名>
ceder	/seˈde(ʁ)/	/seˈde(ʁ)/	[seˈde(ʁ)] 让步<动>
consideração	/kõ.si.de.ɾaˈsɐ̃w̃/	/kõ.si.de.ɾaˈsɐ̃w̃/	[kõ.si.de.ɾaˈsɐ̃w̃] 考虑<名>
queixo	/ˈke(j).ʃu/	/ˈke(j).ʃu/	[ˈke(j).ʃu] 下巴<名>
promotor	/pɾo.moˈtoʁ/	/pɾo.moˈtoʁ/	[pɾo.moˈtoʁ] 发起人<名>
fisicamente	/ˌfi.zi.kaˈmẽ.t͡ʃi/	/ˌfi.zi.kaˈmẽ.t͡ʃi/	[ˌfi.zi.kaˈmẽ.t͡ʃi] 身体上的<副>
agradecido	/a.ɡɾa.deˈsi.du/	/a.ɡɾa.deˈsi.du/	[a.ɡɾa.deˈsi.du] 感恩的<形>
aprovação	/a.pɾo.vaˈsɐ̃w̃/	/a.pɾo.vaˈsɐ̃w̃/	[a.pɾo.vaˈsɐ̃w̃] 批准<名>
salvação	/saw.vaˈsɐ̃w̃/	/saw.vaˈsɐ̃w̃/	[saw.vaˈsɐ̃w̃] 救赎<名>
lenço	/ˈlẽ.su/	/ˈlẽ.su/	[ˈlẽ.su] 围巾<名>
cano	/ˈkɐ̃.nu/	/ˈkɐ̃.nu/	[ˈkɐ̃.nu] 管子<名>
sms			短信<名>
correspondência	/ko.ʁes.põˈdẽ.sjɐ/	/ko.ʁes.põˈdẽ.sjɐ/	[ko.ʁes.põˈdẽ.sjɐ] 信件<名>
edição	/e.d͡ʒiˈsɐ̃w̃/	/e.d͡ʒiˈsɐ̃w̃/	[e.d͡ʒiˈsɐ̃w̃] 编辑<名>
jaula	/ˈʒaw.lɐ/	/ˈʒaw.lɐ/	[ˈʒaw.lɐ] 笼子<名>
srª			夫人<名>
austrália	/awsˈtɾa.ljɐ/	/awsˈtɾa.ljɐ/	[awsˈtɾa.ljɐ] 澳大利亚<名>
porrada	/poˈʁa.dɐ/	/poˈʁa.dɐ/	[poˈʁa.dɐ] 殴打<名>
actuar	a.tu.ˈax	a.tu.ˈax	[a.tu.ˈax] 行动<动>
otário	/oˈta.ɾju/	/oˈta.ɾju/	[oˈta.ɾju] 吸盘<形>
pediram	/peˈd͡ʒi.ɾɐ̃w̃/	/peˈd͡ʒi.ɾɐ̃w̃/	[peˈd͡ʒi.ɾɐ̃w̃] 问<动>
antepassado	/ɐ̃.te.paˈsa.du/	/ɐ̃.te.paˈsa.du/	[ɐ̃.te.paˈsa.du] 祖先<名>
desespero	/d͡ʒi.zisˈpe.ɾu/	/d͡ʒi.zisˈpe.ɾu/	[d͡ʒi.zisˈpe.ɾu] 绝望<名>
feminino	/fe.miˈnĩ.nu/	/fe.miˈnĩ.nu/	[fe.miˈnĩ.nu] 女性化的<形>
encantado	/ẽ.kɐ̃ˈta.du/	/ẽ.kɐ̃ˈta.du/	[ẽ.kɐ̃ˈta.du] 着迷的<名>
gripe	/ˈɡɾi.pi/	/ˈɡɾi.pi/	[ˈɡɾi.pi] 流感<名>
tonelada	/to.neˈla.dɐ/	/to.neˈla.dɐ/	[to.neˈla.dɐ] 吨<名>
semente	/seˈmẽ.t͡ʃi/	/seˈmẽ.t͡ʃi/	[seˈmẽ.t͡ʃi] 种子<名>
lésbica	/ˈlɛz.bi.kɐ/	/ˈlɛz.bi.kɐ/	[ˈlɛz.bi.kɐ] 女同性恋<名>
amigável	/a.miˈɡa.vew/	/a.miˈɡa.vew/	[a.miˈɡa.vew] 友好的<名>
proprietário	/pɾo.pɾi.eˈta.ɾju/	/pɾo.pɾi.eˈta.ɾju/	[pɾo.pɾi.eˈta.ɾju] 业主<名>
boy	/ˈbɔj/	/ˈbɔj/	[ˈbɔj] 男孩<名>
obrigar	/o.bɾiˈɡa(ʁ)/	/o.bɾiˈɡa(ʁ)/	[o.bɾiˈɡa(ʁ)] 义务<动>
aposento	/a.poˈzẽ.tu/	/a.poˈzẽ.tu/	[a.poˈzẽ.tu] 房间<名>
abuso	/aˈbu.zu/	/aˈbu.zu/	[aˈbu.zu] 滥用<名>
separação	/se.pa.ɾaˈsɐ̃w̃/	/se.pa.ɾaˈsɐ̃w̃/	[se.pa.ɾaˈsɐ̃w̃] 分离<名>
mancha	/ˈmɐ̃.ʃɐ/	/ˈmɐ̃.ʃɐ/	[ˈmɐ̃.ʃɐ] 污点<名>
disciplina	/d͡ʒi.siˈplĩ.nɐ/	/d͡ʒi.siˈplĩ.nɐ/	[d͡ʒi.siˈplĩ.nɐ] 纪律<名>
guião	/ɡiˈɐ̃w̃/	/ɡiˈɐ̃w̃/	[ɡiˈɐ̃w̃] 脚本<名>
educado	/e.duˈka.du/	/e.duˈka.du/	[e.duˈka.du] 有礼貌<形>
ficção	/fikˈsɐ̃w̃/	/fikˈsɐ̃w̃/	[fikˈsɐ̃w̃] 小说<名>
delegado	/de.leˈɡa.du/	/de.leˈɡa.du/	[de.leˈɡa.du] 代表<名>
machado	/maˈʃa.du/	/maˈʃa.du/	[maˈʃa.du] 斧头<名>
oração	/o.ɾaˈsɐ̃w̃/	/o.ɾaˈsɐ̃w̃/	[o.ɾaˈsɐ̃w̃] 祈祷<名>
comprado	/kõˈpɾa.du/	/kõˈpɾa.du/	[kõˈpɾa.du] 已购买<名>
fluxo	/ˈfluk.su/	/ˈfluk.su/	[ˈfluk.su] 流量<名>
boxe	/ˈbɔk.si/	/ˈbɔk.si/	[ˈbɔk.si] 拳击<名>
valia	/vaˈli.ɐ/	/vaˈli.ɐ/	[vaˈli.ɐ] 值得<名>
boneco	/buˈnɛ.ku/	/buˈnɛ.ku/	[buˈnɛ.ku] 娃娃<名>
jornada	/ʒoʁˈna.dɐ/	/ʒoʁˈna.dɐ/	[ʒoʁˈna.dɐ] 旅程<名>
cavar	/kaˈva(ʁ)/	/kaˈva(ʁ)/	[kaˈva(ʁ)] 挖<动>
avanço	/aˈvɐ̃.su/	/aˈvɐ̃.su/	[aˈvɐ̃.su] 提前<名>
calibre	/kaˈli.bɾi/	/kaˈli.bɾi/	[kaˈli.bɾi] 口径<名>
pelotão	/pe.loˈtɐ̃w̃/	/pe.loˈtɐ̃w̃/	[pe.loˈtɐ̃w̃] 排<名>
pólvora	/ˈpɔw.vo.ɾɐ/	/ˈpɔw.vo.ɾɐ/	[ˈpɔw.vo.ɾɐ] 火药<名>
reservar	/ʁe.zeʁˈva(ʁ)/	/ʁe.zeʁˈva(ʁ)/	[ʁe.zeʁˈva(ʁ)] 书<动>
especificamente	/is.peˌsi.fi.kaˈmẽ.t͡ʃi/	/is.peˌsi.fi.kaˈmẽ.t͡ʃi/	[is.peˌsi.fi.kaˈmẽ.t͡ʃi] 具体来说<副>
instável	/ĩsˈta.vew/	/ĩsˈta.vew/	[ĩsˈta.vew] 不稳定<形>
massagem	/maˈsa.ʒẽj̃/	/maˈsa.ʒẽj̃/	[maˈsa.ʒẽj̃] 按摩<名>
quantia	/kwɐ̃ˈt͡ʃi.ɐ/	/kwɐ̃ˈt͡ʃi.ɐ/	[kwɐ̃ˈt͡ʃi.ɐ] 金额<名>
ensino	/ẽˈsi.nu/	/ẽˈsi.nu/	[ẽˈsi.nu] 教学<名>
banana	/baˈnɐ̃.nɐ/	/baˈnɐ̃.nɐ/	[baˈnɐ̃.nɐ] 香蕉<名>
realização	/ʁe.a.li.zaˈsɐ̃w̃/	/ʁe.a.li.zaˈsɐ̃w̃/	[ʁe.a.li.zaˈsɐ̃w̃] 成就<名>
fúria	/ˈfu.ɾjɐ/	/ˈfu.ɾjɐ/	[ˈfu.ɾjɐ] 愤怒<名>
alugar	/a.luˈɡa(ʁ)/	/a.luˈɡa(ʁ)/	[a.luˈɡa(ʁ)] 租金<动>
colete	/koˈle.t͡ʃi/	/koˈle.t͡ʃi/	[koˈle.t͡ʃi] 背心<名>
terapeuta	/te.ɾaˈpew.tɐ/	/te.ɾaˈpew.tɐ/	[te.ɾaˈpew.tɐ] 治疗师<名>
susto	/ˈsus.tu/	/ˈsus.tu/	[ˈsus.tu] 惊吓<名>
balde	/ˈbaw.d͡ʒi/	/ˈbaw.d͡ʒi/	[ˈbaw.d͡ʒi] 桶<名>
bata	/ˈba.tɐ/	/ˈba.tɐ/	[ˈba.tɐ] 击败<名>
ópera	/ˈɔ.pe.ɾɐ/	/ˈɔ.pe.ɾɐ/	[ˈɔ.pe.ɾɐ] 歌剧<名>
coreia	/koˈɾɛj.ɐ/	/koˈɾɛj.ɐ/	[koˈɾɛj.ɐ] 韩国<名>
congressista	/kõ.ɡɾeˈsis.tɐ/	/kõ.ɡɾeˈsis.tɐ/	[kõ.ɡɾeˈsis.tɐ] 国会议员<名>
sanduíche	/sɐ̃.duˈi.ʃi/	/sɐ̃.duˈi.ʃi/	[sɐ̃.duˈi.ʃi] 三明治<名>
ajudante	/a.ʒuˈdɐ̃.t͡ʃi/	/a.ʒuˈdɐ̃.t͡ʃi/	[a.ʒuˈdɐ̃.t͡ʃi] 帮手<名>
mercadoria	/meʁ.ka.doˈɾi.ɐ/	/meʁ.ka.doˈɾi.ɐ/	[meʁ.ka.doˈɾi.ɐ] 商品<名>
sabrina	/saˈbɾĩ.nɐ/	/saˈbɾĩ.nɐ/	[saˈbɾĩ.nɐ] 萨布丽娜<名>
volume	/voˈlũ.mi/	/voˈlũ.mi/	[voˈlũ.mi] 体积<名>
adiar	/a.d͡ʒiˈa(ʁ)/	/a.d͡ʒiˈa(ʁ)/	[a.d͡ʒiˈa(ʁ)] 推迟<动>
véspera	/ˈvɛs.pe.ɾɐ/	/ˈvɛs.pe.ɾɐ/	[ˈvɛs.pe.ɾɐ] 前夕<名>
amoroso	/a.moˈɾo.zu/	/a.moˈɾo.zu/	[a.moˈɾo.zu] 爱着<形>
soco	/ˈso.ku/	/ˈso.ku/	[ˈso.ku] 冲孔<名>
dourado	/do(w)ˈɾa.du/	/do(w)ˈɾa.du/	[do(w)ˈɾa.du] 金色<名>
prosseguir	/pɾo.seˈɡi(ʁ)/	/pɾo.seˈɡi(ʁ)/	[pɾo.seˈɡi(ʁ)] 继续<动>
inevitável	/i.ne.viˈta.vew/	/i.ne.viˈta.vew/	[i.ne.viˈta.vew] 不可避免的<形>
vulgar	/vuwˈɡaʁ/	/vuwˈɡaʁ/	[vuwˈɡaʁ] 粗俗的<形>
acharam	/aˈʃa.ɾɐ̃w̃/	/aˈʃa.ɾɐ̃w̃/	[aˈʃa.ɾɐ̃w̃] 发现<动>
particularmente	/paʁ.t͡ʃi.kuˌlaʁˈmẽ.t͡ʃi/	/paʁ.t͡ʃi.kuˌlaʁˈmẽ.t͡ʃi/	[paʁ.t͡ʃi.kuˌlaʁˈmẽ.t͡ʃi] 特别是<副>
suite	/ˈsuj.tɨ/	/ˈsuj.tɨ/	[ˈsuj.tɨ] 套房<名>
tiraram	tʃi.ˈɾa.ɾãʊ̃	tʃi.ˈɾa.ɾãʊ̃	[tʃi.ˈɾa.ɾãʊ̃] 拿走了<动>
falecer	/fa.leˈse(ʁ)/	/fa.leˈse(ʁ)/	[fa.leˈse(ʁ)] 去世<动>
colapso	/koˈlap.su/	/koˈlap.su/	[koˈlap.su] 崩溃<名>
frágil	/ˈfɾa.ʒiw/	/ˈfɾa.ʒiw/	[ˈfɾa.ʒiw] 脆弱的<形>
executar	/e.ze.kuˈta(ʁ)/	/e.ze.kuˈta(ʁ)/	[e.ze.kuˈta(ʁ)] 执行<动>
avisado	/a.viˈza.du/	/a.viˈza.du/	[a.viˈza.du] 警告<形>
especialidade	/is.pe.si.a.liˈda.d͡ʒi/	/is.pe.si.a.liˈda.d͡ʒi/	[is.pe.si.a.liˈda.d͡ʒi] 专业<名>
encerrar	/ẽ.seˈʁa(ʁ)/	/ẽ.seˈʁa(ʁ)/	[ẽ.seˈʁa(ʁ)] 关闭<动>
evolução	/e.vo.luˈsɐ̃w̃/	/e.vo.luˈsɐ̃w̃/	[e.vo.luˈsɐ̃w̃] 进化论<名>
usaram	u.ˈza.ɾãʊ̃	u.ˈza.ɾãʊ̃	[u.ˈza.ɾãʊ̃] 使用过的<动>
fevereiro	/fe.veˈɾe(j).ɾu/	/fe.veˈɾe(j).ɾu/	[fe.veˈɾe(j).ɾu] 二月<名>
implorar	/ĩ.ploˈɾa(ʁ)/	/ĩ.ploˈɾa(ʁ)/	[ĩ.ploˈɾa(ʁ)] 乞求<动>
fechadura	/fe.ʃaˈdu.ɾɐ/	/fe.ʃaˈdu.ɾɐ/	[fe.ʃaˈdu.ɾɐ] 锁<名>
democracia	/de.mo.kɾaˈsi.ɐ/	/de.mo.kɾaˈsi.ɐ/	[de.mo.kɾaˈsi.ɐ] 民主<名>
leilão	/lejˈlɐ̃w̃/	/lejˈlɐ̃w̃/	[lejˈlɐ̃w̃] 拍卖<名>
envelope	/ẽ.veˈlɔ.pi/	/ẽ.veˈlɔ.pi/	[ẽ.veˈlɔ.pi] 信封<名>
encarar	/ẽ.kaˈɾa(ʁ)/	/ẽ.kaˈɾa(ʁ)/	[ẽ.kaˈɾa(ʁ)] 脸<动>
herança	/eˈɾɐ̃.sɐ/	/eˈɾɐ̃.sɐ/	[eˈɾɐ̃.sɐ] 继承<名>
perceberam	pex.se.ˈbe.ɾãʊ̃	pex.se.ˈbe.ɾãʊ̃	[pex.se.ˈbe.ɾãʊ̃] 实现了<动>
clã	/ˈklɐ̃/	/ˈklɐ̃/	[ˈklɐ̃] 氏族<名>
chatice	/ʃaˈt͡ʃi.si/	/ʃaˈt͡ʃi.si/	[ʃaˈt͡ʃi.si] 无聊的<名>
cadastro	/kaˈdas.tɾu/	/kaˈdas.tɾu/	[kaˈdas.tɾu] 登记<名>
precioso	/pɾe.siˈo.zu/	/pɾe.siˈo.zu/	[pɾe.siˈo.zu] 珍贵的<名>
jazz	/ˈd͡ʒɛ(j)s/	/ˈd͡ʒɛ(j)s/	[ˈd͡ʒɛ(j)s] 爵士乐<名>
aluguer	/a.luˈɡɛʁ/	/a.luˈɡɛʁ/	[a.luˈɡɛʁ] 出租<名>
determinado	/de.teʁ.miˈna.du/	/de.teʁ.miˈna.du/	[de.teʁ.miˈna.du] 已确定<名>
homossexual	/ˌõ.mo.sek.suˈaw/	/ˌõ.mo.sek.suˈaw/	[ˌõ.mo.sek.suˈaw] 同性恋者<名>
cobrar	/koˈbɾa(ʁ)/	/koˈbɾa(ʁ)/	[koˈbɾa(ʁ)] 收费<动>
gangue	/ˈɡɐ̃.ɡi/	/ˈɡɐ̃.ɡi/	[ˈɡɐ̃.ɡi] 帮派<名>
dj	/ˈdi ˈd͡ʒej/	/ˈdi ˈd͡ʒej/	[ˈdi ˈd͡ʒej] DJ<名>
suporte	/suˈpɔʁ.t͡ʃi/	/suˈpɔʁ.t͡ʃi/	[suˈpɔʁ.t͡ʃi] 支持<名>
dimensão	/d͡ʒi.mẽˈsɐ̃w̃/	/d͡ʒi.mẽˈsɐ̃w̃/	[d͡ʒi.mẽˈsɐ̃w̃] 维度<名>
júnior	/ˈʒũ.ni.oʁ/	/ˈʒũ.ni.oʁ/	[ˈʒũ.ni.oʁ] 初级<名>
careca	/kaˈɾɛ.kɐ/	/kaˈɾɛ.kɐ/	[kaˈɾɛ.kɐ] 秃头<名>
forense	/foˈɾẽ.si/	/foˈɾẽ.si/	[foˈɾẽ.si] 法医<形>
saudação	/saw.daˈsɐ̃w̃/	/saw.daˈsɐ̃w̃/	[saw.daˈsɐ̃w̃] 问候语<名>
ataca	/aˈta.kɐ/	/aˈta.kɐ/	[aˈta.kɐ] 攻击<名>
couro	/ˈko(w).ɾu/	/ˈko(w).ɾu/	[ˈko(w).ɾu] 皮革<名>
terrorismo	/te.ʁoˈɾiz.mu/	/te.ʁoˈɾiz.mu/	[te.ʁoˈɾiz.mu] 恐怖主义<名>
diretamente	/d͡ʒiˌɾɛ.taˈmẽ.t͡ʃi/	/d͡ʒiˌɾɛ.taˈmẽ.t͡ʃi/	[d͡ʒiˌɾɛ.taˈmẽ.t͡ʃi] 直接<副>
instrumento	/ĩs.tɾuˈmẽ.tu/	/ĩs.tɾuˈmẽ.tu/	[ĩs.tɾuˈmẽ.tu] 仪器<名>
crítica	/ˈkɾi.t͡ʃi.kɐ/	/ˈkɾi.t͡ʃi.kɐ/	[ˈkɾi.t͡ʃi.kɐ] 批评<名>
pegado	/peˈɡa.du/	/peˈɡa.du/	[peˈɡa.du] 抓住了<形>
cortado	/koʁˈta.du/	/koʁˈta.du/	[koʁˈta.du] 切<形>
soro	/ˈso.ɾu/	/ˈso.ɾu/	[ˈso.ɾu] 血清<名>
fórmula	/ˈfɔʁ.mu.lɐ/	/ˈfɔʁ.mu.lɐ/	[ˈfɔʁ.mu.lɐ] 公式<名>
finanças	/fiˈnɐ̃.sɐs/	/fiˈnɐ̃.sɐs/	[fiˈnɐ̃.sɐs] 金融<名>
top	/ˈtɔ.pi/	/ˈtɔ.pi/	[ˈtɔ.pi] 顶部<名>
junta	/ˈʒũ.tɐ/	/ˈʒũ.tɐ/	[ˈʒũ.tɐ] 联合<名>
necessariamente	/ne.seˌsa.ɾjaˈmẽ.t͡ʃi/	/ne.seˌsa.ɾjaˈmẽ.t͡ʃi/	[ne.seˌsa.ɾjaˈmẽ.t͡ʃi] 必然<副>
avaliar	/a.va.liˈa(ʁ)/	/a.va.liˈa(ʁ)/	[a.va.liˈa(ʁ)] 评估<动>
químico	/ˈkĩ.mi.ku/	/ˈkĩ.mi.ku/	[ˈkĩ.mi.ku] 化学<名>
postal	/posˈtaw/	/posˈtaw/	[posˈtaw] 明信片<名>
conforme	/kõˈfɔʁ.mi/	/kõˈfɔʁ.mi/	[kõˈfɔʁ.mi] 根据<形>
pt	/ˌpeˈte/	/ˌpeˈte/	[ˌpeˈte] zh<名>
surdo	/ˈsuʁ.du/	/ˈsuʁ.du/	[ˈsuʁ.du] 聋子<名>
sra			夫人<名>
acelerar	/a.se.leˈɾa(ʁ)/	/a.se.leˈɾa(ʁ)/	[a.se.leˈɾa(ʁ)] 加速<动>
evidente	/e.viˈdẽ.t͡ʃi/	/e.viˈdẽ.t͡ʃi/	[e.viˈdẽ.t͡ʃi] 明显的<形>
atento	/aˈtẽ.tu/	/aˈtẽ.tu/	[aˈtẽ.tu] 细心的<形>
dragões	dɾa.ˈgõỹs	dɾa.ˈgõỹs	[dɾa.ˈgõỹs] 龙<名>
conveniente	/kõ.ve.niˈẽ.t͡ʃi/	/kõ.ve.niˈẽ.t͡ʃi/	[kõ.ve.niˈẽ.t͡ʃi] 方便<形>
entusiasmado	/ẽ.tu.zi.azˈma.du/	/ẽ.tu.zi.azˈma.du/	[ẽ.tu.zi.azˈma.du] 热情的<形>
arco	/ˈaʁ.ku/	/ˈaʁ.ku/	[ˈaʁ.ku] 弓<名>
discoteca	/d͡ʒis.koˈtɛ.kɐ/	/d͡ʒis.koˈtɛ.kɐ/	[d͡ʒis.koˈtɛ.kɐ] 迪斯科<名>
lava	/ˈla.vɐ/	/ˈla.vɐ/	[ˈla.vɐ] 熔岩<名>
cesto	/ˈses.tu/	/ˈses.tu/	[ˈses.tu] 篮子<名>
guardião	/ɡwaʁ.d͡ʒiˈɐ̃w̃/	/ɡwaʁ.d͡ʒiˈɐ̃w̃/	[ɡwaʁ.d͡ʒiˈɐ̃w̃] 监护人<名>
romano	/ʁoˈmɐ̃.nu/	/ʁoˈmɐ̃.nu/	[ʁoˈmɐ̃.nu] 罗马<名>
mensageiro	/mẽ.saˈʒe(j).ɾu/	/mẽ.saˈʒe(j).ɾu/	[mẽ.saˈʒe(j).ɾu] 使者<名>
bilião	/bi.liˈɐ̃w̃/	/bi.liˈɐ̃w̃/	[bi.liˈɐ̃w̃] 十亿<名>
invés	/ĩˈvɛ(j)s/	/ĩˈvɛ(j)s/	[ĩˈvɛ(j)s] 相反<名>
cais	/ˈkajs/	/ˈkajs/	[ˈkajs] 码头<名>
policiar	/po.li.siˈa(ʁ)/	/po.li.siˈa(ʁ)/	[po.li.siˈa(ʁ)] 警察<名>
desfazer	/des.faˈze(ʁ)/	/des.faˈze(ʁ)/	[des.faˈze(ʁ)] 撤消<动>
estragado	/is.tɾaˈɡa.du/	/is.tɾaˈɡa.du/	[is.tɾaˈɡa.du] 被宠坏的<形>
ego	/ˈɛ.ɡu/	/ˈɛ.ɡu/	[ˈɛ.ɡu] 自我<名>
cuba	/ˈku.bɐ/	/ˈku.bɐ/	[ˈku.bɐ] 增值税<名>
privilégio	/pɾi.viˈlɛ.ʒju/	/pɾi.viˈlɛ.ʒju/	[pɾi.viˈlɛ.ʒju] 特权<名>
habitante	/a.biˈtɐ̃.t͡ʃi/	/a.biˈtɐ̃.t͡ʃi/	[a.biˈtɐ̃.t͡ʃi] 居民<名>
acender	/a.sẽˈde(ʁ)/	/a.sẽˈde(ʁ)/	[a.sẽˈde(ʁ)] 点亮<动>
pesquisar	/pes.kiˈza(ʁ)/	/pes.kiˈza(ʁ)/	[pes.kiˈza(ʁ)] 搜索<动>
torno	/ˈtoʁ.nu/	/ˈtoʁ.nu/	[ˈtoʁ.nu] 车床<名>
sábio	/ˈsa.bju/	/ˈsa.bju/	[ˈsa.bju] 明智的<名>
desfile	/desˈfi.li/	/desˈfi.li/	[desˈfi.li] 游行<名>
injusto	/ĩˈʒus.tu/	/ĩˈʒus.tu/	[ĩˈʒus.tu] 不公平<形>
partícula	/paʁˈt͡ʃi.ku.lɐ/	/paʁˈt͡ʃi.ku.lɐ/	[paʁˈt͡ʃi.ku.lɐ] 粒子<名>
vital	/viˈtaw/	/viˈtaw/	[viˈtaw] 至关重要的<形>
capturar	/kap.tuˈɾa(ʁ)/	/kap.tuˈɾa(ʁ)/	[kap.tuˈɾa(ʁ)] 捕获<动>
aliciar	/a.li.siˈa(ʁ)/	/a.li.siˈa(ʁ)/	[a.li.siˈa(ʁ)] 引诱<动>
coca	/ˈkɔ.kɐ/	/ˈkɔ.kɐ/	[ˈkɔ.kɐ] 可乐<名>
aguardar	/a.ɡwaʁˈda(ʁ)/	/a.ɡwaʁˈda(ʁ)/	[a.ɡwaʁˈda(ʁ)] 等待<动>
centímetro	/sẽˈt͡ʃĩ.me.tɾu/	/sẽˈt͡ʃĩ.me.tɾu/	[sẽˈt͡ʃĩ.me.tɾu] 厘米<名>
fugitivo	/fu.ʒiˈt͡ʃi.vu/	/fu.ʒiˈt͡ʃi.vu/	[fu.ʒiˈt͡ʃi.vu] 逃亡者<名>
representante	/ʁe.pɾe.zẽˈtɐ̃.t͡ʃi/	/ʁe.pɾe.zẽˈtɐ̃.t͡ʃi/	[ʁe.pɾe.zẽˈtɐ̃.t͡ʃi] 代表<名>
arrepender	/a.ʁe.pẽˈde(ʁ)/	/a.ʁe.pẽˈde(ʁ)/	[a.ʁe.pẽˈde(ʁ)] 遗憾<动>
tabaco	/taˈba.ku/	/taˈba.ku/	[taˈba.ku] 烟草<名>
mexicano	/me.ʃiˈkɐ̃.nu/	/me.ʃiˈkɐ̃.nu/	[me.ʃiˈkɐ̃.nu] 墨西哥人<名>
solidão	/so.liˈdɐ̃w̃/	/so.liˈdɐ̃w̃/	[so.liˈdɐ̃w̃] 孤独<名>
balão	/baˈlɐ̃w̃/	/baˈlɐ̃w̃/	[baˈlɐ̃w̃] 气球<名>
fazenda	/faˈzẽ.dɐ/	/faˈzẽ.dɐ/	[faˈzẽ.dɐ] 农场<名>
lua-de-mel			蜜月<名>
texto	/ˈtes.tu/	/ˈtes.tu/	[ˈtes.tu] 文本<名>
painel	/pajˈnɛw/	/pajˈnɛw/	[pajˈnɛw] 面板<名>
consultório	/kõ.suwˈtɔ.ɾju/	/kõ.suwˈtɔ.ɾju/	[kõ.suwˈtɔ.ɾju] 办公室<名>
federação	/fe.de.ɾaˈsɐ̃w̃/	/fe.de.ɾaˈsɐ̃w̃/	[fe.de.ɾaˈsɐ̃w̃] 联邦<名>
convés	/kõˈvɛ(j)s/	/kõˈvɛ(j)s/	[kõˈvɛ(j)s] 甲板<名>
terminal	/teʁ.miˈnaw/	/teʁ.miˈnaw/	[teʁ.miˈnaw] 终端<名>
caminhada	/ka.mĩˈɲa.dɐ/	/ka.mĩˈɲa.dɐ/	[ka.mĩˈɲa.dɐ] 步行<名>
carbono	/kaʁˈbõ.nu/	/kaʁˈbõ.nu/	[kaʁˈbõ.nu] 碳<名>
cartel	/kaʁˈtɛw/	/kaʁˈtɛw/	[kaʁˈtɛw] 卡特尔<名>
transferido	tɾãs.fe.ˈɾi.dʊ	tɾãs.fe.ˈɾi.dʊ	[tɾãs.fe.ˈɾi.dʊ] 转移<形>
crítico	/ˈkɾi.t͡ʃi.ku/	/ˈkɾi.t͡ʃi.ku/	[ˈkɾi.t͡ʃi.ku] 批评的<名>
suba	/ˈsu.bɐ/	/ˈsu.bɐ/	[ˈsu.bɐ] 上去<名>
emboscada	/ẽ.bosˈka.dɐ/	/ẽ.bosˈka.dɐ/	[ẽ.bosˈka.dɐ] 伏击<名>
t-shirt	/ˌtiˈʃɐɾ.tɨ/	/ˌtiˈʃɐɾ.tɨ/	[ˌtiˈʃɐɾ.tɨ] T恤<名>
editor	/e.d͡ʒiˈtoʁ/	/e.d͡ʒiˈtoʁ/	[e.d͡ʒiˈtoʁ] 编辑<名>
dezena	/deˈzẽ.nɐ/	/deˈzẽ.nɐ/	[deˈzẽ.nɐ] 十<名>
multa	/ˈmuw.tɐ/	/ˈmuw.tɐ/	[ˈmuw.tɐ] 很好<名>
cozinheiro	/ku.zĩˈɲe(j).ɾu/	/ku.zĩˈɲe(j).ɾu/	[ku.zĩˈɲe(j).ɾu] 厨师<名>
convenção	/kõ.vẽˈsɐ̃w̃/	/kõ.vẽˈsɐ̃w̃/	[kõ.vẽˈsɐ̃w̃] 公约<名>
forçado	/foʁˈsa.du/	/foʁˈsa.du/	[foʁˈsa.du] 被迫<形>
pulseira	/puwˈse(j).ɾɐ/	/puwˈse(j).ɾɐ/	[puwˈse(j).ɾɐ] 手镯<名>
armadura	/aʁ.maˈdu.ɾɐ/	/aʁ.maˈdu.ɾɐ/	[aʁ.maˈdu.ɾɐ] 盔甲<名>
bruno	/ˈbɾũ.nu/	/ˈbɾũ.nu/	[ˈbɾũ.nu] 布鲁诺<名>
fuzileiro	/fu.ziˈle(j).ɾu/	/fu.ziˈle(j).ɾu/	[fu.ziˈle(j).ɾu] 海洋<名>
bloquear	/blo.kiˈa(ʁ)/	/blo.kiˈa(ʁ)/	[blo.kiˈa(ʁ)] 块<动>
mecânico	/meˈkɐ̃.ni.ku/	/meˈkɐ̃.ni.ku/	[meˈkɐ̃.ni.ku] 机械师<名>
castanho	/kasˈtɐ̃.ɲu/	/kasˈtɐ̃.ɲu/	[kasˈtɐ̃.ɲu] 棕色<名>
dobrar	/doˈbɾa(ʁ)/	/doˈbɾa(ʁ)/	[doˈbɾa(ʁ)] 折叠<动>
adiantar	/a.d͡ʒi.ɐ̃ˈta(ʁ)/	/a.d͡ʒi.ɐ̃ˈta(ʁ)/	[a.d͡ʒi.ɐ̃ˈta(ʁ)] 提前<动>
perturbado	/peʁ.tuʁˈba.du/	/peʁ.tuʁˈba.du/	[peʁ.tuʁˈba.du] 不安的<形>
filosofia	/fi.lo.zoˈfi.ɐ/	/fi.lo.zoˈfi.ɐ/	[fi.lo.zoˈfi.ɐ] 哲学<名>
podre	/ˈpo.dɾi/	/ˈpo.dɾi/	[ˈpo.dɾi] 腐烂的<名>
encosta	/ẽˈkɔs.tɐ/	/ẽˈkɔs.tɐ/	[ẽˈkɔs.tɐ] 坡度<名>
carroça	/kaˈʁɔ.sɐ/	/kaˈʁɔ.sɐ/	[kaˈʁɔ.sɐ] 马车<名>
supermercado	/ˌsu.peɾ.meʁˈka.du/	/ˌsu.peɾ.meʁˈka.du/	[ˌsu.peɾ.meʁˈka.du] 超市<名>
indiano	/ĩ.d͡ʒiˈɐ̃.nu/	/ĩ.d͡ʒiˈɐ̃.nu/	[ĩ.d͡ʒiˈɐ̃.nu] 印度人<名>
secundária	/se.kũˈda.ɾjɐ/	/se.kũˈda.ɾjɐ/	[se.kũˈda.ɾjɐ] 中学<名>
conheceram	kõ.ɲe.ˈse.ɾãʊ̃	kõ.ɲe.ˈse.ɾãʊ̃	[kõ.ɲe.ˈse.ɾãʊ̃] 遇见<动>
canhão	/kɐ̃ˈɲɐ̃w̃/	/kɐ̃ˈɲɐ̃w̃/	[kɐ̃ˈɲɐ̃w̃] 大炮<名>
massacre	/maˈsa.kɾi/	/maˈsa.kɾi/	[maˈsa.kɾi] 屠杀<名>
atrever	/a.tɾeˈve(ʁ)/	/a.tɾeˈve(ʁ)/	[a.tɾeˈve(ʁ)] 敢于<动>
primeiro-ministro	/pɾiˌme(j).ɾu.miˈnis.tɾu/	/pɾiˌme(j).ɾu.miˈnis.tɾu/	[pɾiˌme(j).ɾu.miˈnis.tɾu] 总理<名>
arranjado	/a.ʁɐ̃ˈʒa.du/	/a.ʁɐ̃ˈʒa.du/	[a.ʁɐ̃ˈʒa.du] 安排的<形>
fechou	fe.ˈʃow	fe.ˈʃow	[fe.ˈʃow] 关闭<叹>
barreira	/baˈʁe(j).ɾɐ/	/baˈʁe(j).ɾɐ/	[baˈʁe(j).ɾɐ] 屏障<名>
ronda	/ˈʁõ.dɐ/	/ˈʁõ.dɐ/	[ˈʁõ.dɐ] 圆形<名>
referência	/ʁe.feˈɾẽ.sjɐ/	/ʁe.feˈɾẽ.sjɐ/	[ʁe.feˈɾẽ.sjɐ] 参考<名>
legista	/leˈʒis.tɐ/	/leˈʒis.tɐ/	[leˈʒis.tɐ] 验尸官<名>
inocência	/i.noˈsẽ.sjɐ/	/i.noˈsẽ.sjɐ/	[i.noˈsẽ.sjɐ] 纯真<名>
mito	/ˈmi.tu/	/ˈmi.tu/	[ˈmi.tu] 神话<名>
municipal	/mu.ni.siˈpaw/	/mu.ni.siˈpaw/	[mu.ni.siˈpaw] 市级<形>
brasa	/ˈbɾa.zɐ/	/ˈbɾa.zɐ/	[ˈbɾa.zɐ] 余烬<名>
circuito	/siʁˈkuj.tu/	/siʁˈkuj.tu/	[siʁˈkuj.tu] 电路<名>
bispo	/ˈbis.pu/	/ˈbis.pu/	[ˈbis.pu] 主教<名>
vapor	/vaˈpoʁ/	/vaˈpoʁ/	[vaˈpoʁ] 蒸汽<名>
marinheiro	/ma.ɾĩˈɲe(j).ɾu/	/ma.ɾĩˈɲe(j).ɾu/	[ma.ɾĩˈɲe(j).ɾu] 水手<名>
intenso	/ĩˈtẽ.su/	/ĩˈtẽ.su/	[ĩˈtẽ.su] 激烈的<形>
tambem			也<副>
grita	/ˈɡɾi.tɐ/	/ˈɡɾi.tɐ/	[ˈɡɾi.tɐ] 尖叫<名>
sóbrio	/ˈsɔ.bɾju/	/ˈsɔ.bɾju/	[ˈsɔ.bɾju] 清醒的<形>
escolar	/is.koˈlaʁ/	/is.koˈlaʁ/	[is.koˈlaʁ] 学校<形>
temporário	/tẽ.poˈɾa.ɾju/	/tẽ.poˈɾa.ɾju/	[tẽ.poˈɾa.ɾju] 暂时的<形>
laço	/ˈla.su/	/ˈla.su/	[ˈla.su] 循环<名>
barão	/baˈɾɐ̃w̃/	/baˈɾɐ̃w̃/	[baˈɾɐ̃w̃] 男爵<名>
greve	/ˈɡɾɛ.vi/	/ˈɡɾɛ.vi/	[ˈɡɾɛ.vi] 罢工<名>
encobrir	/ẽ.koˈbɾi(ʁ)/	/ẽ.koˈbɾi(ʁ)/	[ẽ.koˈbɾi(ʁ)] 掩盖<动>
esperma	/isˈpɛʁ.mɐ/	/isˈpɛʁ.mɐ/	[isˈpɛʁ.mɐ] 精子<名>
carácter	/kɐˈɾak.tɛɾ/	/kɐˈɾak.tɛɾ/	[kɐˈɾak.tɛɾ] 性格<名>
demonstrar	/de.mõsˈtɾa(ʁ)/	/de.mõsˈtɾa(ʁ)/	[de.mõsˈtɾa(ʁ)] 展示<动>
humilde	/uˈmiw.d͡ʒi/	/uˈmiw.d͡ʒi/	[uˈmiw.d͡ʒi] 谦虚的<形>
instituição	/ĩs.t͡ʃi.tu.iˈsɐ̃w̃/	/ĩs.t͡ʃi.tu.iˈsɐ̃w̃/	[ĩs.t͡ʃi.tu.iˈsɐ̃w̃] 机构<名>
evidência	/e.viˈdẽ.sjɐ/	/e.viˈdẽ.sjɐ/	[e.viˈdẽ.sjɐ] 证据<名>
telefónico	/tɨ.lɨˈfɔ.ni.ku/	/tɨ.lɨˈfɔ.ni.ku/	[tɨ.lɨˈfɔ.ni.ku] 电话<形>
cobertor	/ko.beʁˈtoʁ/	/ko.beʁˈtoʁ/	[ko.beʁˈtoʁ] 毯子<名>
barra	/ˈba.ʁɐ/	/ˈba.ʁɐ/	[ˈba.ʁɐ] 酒吧<名>
orientação	/o.ɾi.ẽ.taˈsɐ̃w̃/	/o.ɾi.ẽ.taˈsɐ̃w̃/	[o.ɾi.ẽ.taˈsɐ̃w̃] 指导<名>
damas	/ˈdɐ̃.mɐs/	/ˈdɐ̃.mɐs/	[ˈdɐ̃.mɐs] 跳棋<名>
pressionar	/pɾe.si.oˈna(ʁ)/	/pɾe.si.oˈna(ʁ)/	[pɾe.si.oˈna(ʁ)] 按<动>
alvejar	/aw.veˈʒa(ʁ)/	/aw.veˈʒa(ʁ)/	[aw.veˈʒa(ʁ)] 漂白剂<动>
guarda-costas	/ˈɡwaʁ.dɐ ˈkɔs.tɐs/	/ˈɡwaʁ.dɐ ˈkɔs.tɐs/	[ˈɡwaʁ.dɐ ˈkɔs.tɐs] 保镖<名>
antigamente	/ɐ̃ˌt͡ʃi.ɡaˈmẽ.t͡ʃi/	/ɐ̃ˌt͡ʃi.ɡaˈmẽ.t͡ʃi/	[ɐ̃ˌt͡ʃi.ɡaˈmẽ.t͡ʃi] 以前<副>
conteúdo	/kõ.teˈu.du/	/kõ.teˈu.du/	[kõ.teˈu.du] 内容<名>
bowling			保龄球<名>
fixar	/fikˈsa(ʁ)/	/fikˈsa(ʁ)/	[fikˈsa(ʁ)] 修复<动>
temporal	/tẽ.poˈɾaw/	/tẽ.poˈɾaw/	[tẽ.poˈɾaw] 时间性的<名>
sótão	/ˈsɔ.tɐ̃w̃/	/ˈsɔ.tɐ̃w̃/	[ˈsɔ.tɐ̃w̃] 阁楼<名>
genética	/ʒeˈnɛ.t͡ʃi.kɐ/	/ʒeˈnɛ.t͡ʃi.kɐ/	[ʒeˈnɛ.t͡ʃi.kɐ] 遗传学<名>
envergonhado	/ẽ.veʁ.ɡõˈɲa.du/	/ẽ.veʁ.ɡõˈɲa.du/	[ẽ.veʁ.ɡõˈɲa.du] 尴尬<形>
póquer	/ˈpɔ.kɛɾ/	/ˈpɔ.kɛɾ/	[ˈpɔ.kɛɾ] 扑克<名>
sobra	/ˈsɔ.bɾɐ/	/ˈsɔ.bɾɐ/	[ˈsɔ.bɾɐ] 盈余<名>
substituto	/su.bis.t͡ʃiˈtu.tu/	/su.bis.t͡ʃiˈtu.tu/	[su.bis.t͡ʃiˈtu.tu] 替代品<名>
invulgar	/ĩ.vuwˈɡa(ʁ)/	/ĩ.vuwˈɡa(ʁ)/	[ĩ.vuwˈɡa(ʁ)] 不寻常的<形>
bloqueio	/bloˈkej.u/	/bloˈkej.u/	[bloˈkej.u] 锁<名>
engolir	/ẽ.ɡuˈli(ʁ)/	/ẽ.ɡuˈli(ʁ)/	[ẽ.ɡuˈli(ʁ)] 燕子<动>
pertencer	/peʁ.tẽˈse(ʁ)/	/peʁ.tẽˈse(ʁ)/	[peʁ.tẽˈse(ʁ)] 属于<动>
varanda	/vaˈɾɐ̃.dɐ/	/vaˈɾɐ̃.dɐ/	[vaˈɾɐ̃.dɐ] 阳台<名>
cortesia	/koʁ.teˈzi.ɐ/	/koʁ.teˈzi.ɐ/	[koʁ.teˈzi.ɐ] 礼貌<名>
cápsula	/ˈka.pi.su.lɐ/	/ˈka.pi.su.lɐ/	[ˈka.pi.su.lɐ] 胶囊<名>
lobisomem	/lo.biˈzõ.mẽj̃/	/lo.biˈzõ.mẽj̃/	[lo.biˈzõ.mẽj̃] 狼人<名>
tartaruga	/taʁ.taˈɾu.ɡɐ/	/taʁ.taˈɾu.ɡɐ/	[taʁ.taˈɾu.ɡɐ] 乌龟<名>
árabe	/ˈa.ɾa.bi/	/ˈa.ɾa.bi/	[ˈa.ɾa.bi] 阿拉伯语<名>
arca	/ˈaʁ.kɐ/	/ˈaʁ.kɐ/	[ˈaʁ.kɐ] 方舟<名>
armar	/aʁˈma(ʁ)/	/aʁˈma(ʁ)/	[aʁˈma(ʁ)] 手臂<动>
estádio	/isˈta.d͡ʒju/	/isˈta.d͡ʒju/	[isˈta.d͡ʒju] 体育场<名>
integridade	/ĩ.te.ɡɾiˈda.d͡ʒi/	/ĩ.te.ɡɾiˈda.d͡ʒi/	[ĩ.te.ɡɾiˈda.d͡ʒi] 诚信<名>
eficaz	/e.fiˈka(j)s/	/e.fiˈka(j)s/	[e.fiˈka(j)s] 有效的<形>
missa	/ˈmi.sɐ/	/ˈmi.sɐ/	[ˈmi.sɐ] 质量<名>
entusiasmo	/ẽ.tu.ziˈaz.mu/	/ẽ.tu.ziˈaz.mu/	[ẽ.tu.ziˈaz.mu] 热情<名>
fêmea	/ˈfẽ.mjɐ/	/ˈfẽ.mjɐ/	[ˈfẽ.mjɐ] 女<名>
fusão	/fuˈzɐ̃w̃/	/fuˈzɐ̃w̃/	[fuˈzɐ̃w̃] 合并<名>
gratidão	/ɡɾa.t͡ʃiˈdɐ̃w̃/	/ɡɾa.t͡ʃiˈdɐ̃w̃/	[ɡɾa.t͡ʃiˈdɐ̃w̃] 感恩<名>
turista	/tuˈɾis.tɐ/	/tuˈɾis.tɐ/	[tuˈɾis.tɐ] 游客<名>
caíram	/kaˈi.ɾɐ̃w̃/	/kaˈi.ɾɐ̃w̃/	[kaˈi.ɾɐ̃w̃] 跌倒了<动>
lindamente	/ˌlĩ.daˈmẽ.t͡ʃi/	/ˌlĩ.daˈmẽ.t͡ʃi/	[ˌlĩ.daˈmẽ.t͡ʃi] 漂亮地<副>
organizado	/oʁ.ɡa.niˈza.du/	/oʁ.ɡa.niˈza.du/	[oʁ.ɡa.niˈza.du] 有组织的<形>
campainha	/kɐ̃.paˈĩ.ɲɐ/	/kɐ̃.paˈĩ.ɲɐ/	[kɐ̃.paˈĩ.ɲɐ] 铃<名>
adversário	/a.d͡ʒi.veʁˈsa.ɾju/	/a.d͡ʒi.veʁˈsa.ɾju/	[a.d͡ʒi.veʁˈsa.ɾju] 对手<名>
votação	/vo.taˈsɐ̃w̃/	/vo.taˈsɐ̃w̃/	[vo.taˈsɐ̃w̃] 投票<名>
ordenado	/oʁ.deˈna.du/	/oʁ.deˈna.du/	[oʁ.deˈna.du] 已订购<名>
sapo	/ˈsa.pu/	/ˈsa.pu/	[ˈsa.pu] 青蛙<名>
coitado	/kojˈta.du/	/kojˈta.du/	[kojˈta.du] 可怜的东西<名>
aberração	/a.be.ʁaˈsɐ̃w̃/	/a.be.ʁaˈsɐ̃w̃/	[a.be.ʁaˈsɐ̃w̃] 怪物<名>
grandalhão	/ɡɾɐ̃.daˈʎɐ̃w̃/	/ɡɾɐ̃.daˈʎɐ̃w̃/	[ɡɾɐ̃.daˈʎɐ̃w̃] 大个子<名>
evacuar	/e.va.kuˈa(ʁ)/	/e.va.kuˈa(ʁ)/	[e.va.kuˈa(ʁ)] 疏散<动>
quite	/ˈki.t͡ʃi/	/ˈki.t͡ʃi/	[ˈki.t͡ʃi] 相当<形>
maré	/maˈɾɛ/	/maˈɾɛ/	[maˈɾɛ] 潮汐<名>
baleado	/ba.leˈa.du/	/ba.leˈa.du/	[ba.leˈa.du] 射击<形>
chuveiro	/ʃuˈve(j).ɾu/	/ʃuˈve(j).ɾu/	[ʃuˈve(j).ɾu] 淋浴<名>
transferir	/tɾɐ̃s.fiˈɾi(ʁ)/	/tɾɐ̃s.fiˈɾi(ʁ)/	[tɾɐ̃s.fiˈɾi(ʁ)] 转移<动>
ultimar	/uw.t͡ʃiˈma(ʁ)/	/uw.t͡ʃiˈma(ʁ)/	[uw.t͡ʃiˈma(ʁ)] 敲定<动>
porteiro	/poʁˈte(j).ɾu/	/poʁˈte(j).ɾu/	[poʁˈte(j).ɾu] 看门人<名>
herdeiro	/eʁˈde(j).ɾu/	/eʁˈde(j).ɾu/	[eʁˈde(j).ɾu] 继承人<名>
elite	/eˈli.t͡ʃi/	/eˈli.t͡ʃi/	[eˈli.t͡ʃi] 精英<名>
quartel	/kwaʁˈtɛw/	/kwaʁˈtɛw/	[kwaʁˈtɛw] 军营<名>
dantes	/ˈdɐ̃.t͡ʃis/	/ˈdɐ̃.t͡ʃis/	[ˈdɐ̃.t͡ʃis] 之前<副>
criador	/kɾi.aˈdoʁ/	/kɾi.aˈdoʁ/	[kɾi.aˈdoʁ] 创造者<名>
solto	/ˈsow.tu/	/ˈsow.tu/	[ˈsow.tu] 宽松的<形>
amendoim	/a.mẽ.doˈĩ/	/a.mẽ.doˈĩ/	[a.mẽ.doˈĩ] 花生<名>
borla	/ˈbɔʁ.lɐ/	/ˈbɔʁ.lɐ/	[ˈbɔʁ.lɐ] 流苏<名>
habituar	/a.bi.tuˈa(ʁ)/	/a.bi.tuˈa(ʁ)/	[a.bi.tuˈa(ʁ)] 习惯<动>
pego	/ˈpe.ɡu/	/ˈpe.ɡu/	[ˈpe.ɡu] 抓住了<名>
molhado	/moˈʎa.du/	/moˈʎa.du/	[moˈʎa.du] 湿的<形>
demonstração	/de.mõs.tɾaˈsɐ̃w̃/	/de.mõs.tɾaˈsɐ̃w̃/	[de.mõs.tɾaˈsɐ̃w̃] 示范<名>
poeta	/poˈɛ.tɐ/	/poˈɛ.tɐ/	[poˈɛ.tɐ] 诗人<名>
inspetor	/ĩs.peˈtoʁ/	/ĩs.peˈtoʁ/	[ĩs.peˈtoʁ] 检查员<名>
sem-abrigo	/ˈsẽj̃ aˈbɾi.ɡu/	/ˈsẽj̃ aˈbɾi.ɡu/	[ˈsẽj̃ aˈbɾi.ɡu] 无家可归的<名>
salve	/ˈsaw.vi/	/ˈsaw.vi/	[ˈsaw.vi] 保存<名>
pata	/ˈpa.tɐ/	/ˈpa.tɐ/	[ˈpa.tɐ] 爪子<名>
encaixar	/ĩ.kaˈʃa(ʁ)/	/ĩ.kaˈʃa(ʁ)/	[ĩ.kaˈʃa(ʁ)] 适合<动>
costela	/kosˈtɛ.lɐ/	/kosˈtɛ.lɐ/	[kosˈtɛ.lɐ] 肋骨<名>
jedi	/ʒeˈdaj/	/ʒeˈdaj/	[ʒeˈdaj] 绝地武士<名>
sobrar	/soˈbɾa(ʁ)/	/soˈbɾa(ʁ)/	[soˈbɾa(ʁ)] 盈余<动>
cor-de-rosa	/ˌkoʁ.d͡ʒiˈʁɔ.zɐ/	/ˌkoʁ.d͡ʒiˈʁɔ.zɐ/	[ˌkoʁ.d͡ʒiˈʁɔ.zɐ] 粉红色<名>
granada	/ɡɾaˈna.dɐ/	/ɡɾaˈna.dɐ/	[ɡɾaˈna.dɐ] 手榴弹<名>
raptar	/ʁa.piˈta(ʁ)/	/ʁa.piˈta(ʁ)/	[ʁa.piˈta(ʁ)] 绑架<动>
cooperar	/ko.o.peˈɾa(ʁ)/	/ko.o.peˈɾa(ʁ)/	[ko.o.peˈɾa(ʁ)] 合作<动>
norma	/ˈnɔʁ.mɐ/	/ˈnɔʁ.mɐ/	[ˈnɔʁ.mɐ] 规范<名>
estimação	/is.t͡ʃi.maˈsɐ̃w̃/	/is.t͡ʃi.maˈsɐ̃w̃/	[is.t͡ʃi.maˈsɐ̃w̃] 宠物<名>
ato	/ˈa.tu/	/ˈa.tu/	[ˈa.tu] 行动<名>
irlandês	/iʁ.lɐ̃ˈde(j)s/	/iʁ.lɐ̃ˈde(j)s/	[iʁ.lɐ̃ˈde(j)s] 爱尔兰语的<名>
grego	/ˈɡɾe.ɡu/	/ˈɡɾe.ɡu/	[ˈɡɾe.ɡu] 希腊语<名>
obsessão	/ob.seˈsɐ̃w̃/	/ob.seˈsɐ̃w̃/	[ob.seˈsɐ̃w̃] 痴迷<名>
pendurar	/pĩ.duˈɾa(ʁ)/	/pĩ.duˈɾa(ʁ)/	[pĩ.duˈɾa(ʁ)] 挂<动>
ansiedade	/ɐ̃.si.eˈda.d͡ʒi/	/ɐ̃.si.eˈda.d͡ʒi/	[ɐ̃.si.eˈda.d͡ʒi] 焦虑<名>
chef	/ˈʃɛ.fi/	/ˈʃɛ.fi/	[ˈʃɛ.fi] 厨师<名>
confirmação	/kõ.fiʁ.maˈsɐ̃w̃/	/kõ.fiʁ.maˈsɐ̃w̃/	[kõ.fiʁ.maˈsɐ̃w̃] 确认<名>
han			汉<名>
publicar	/pu.bliˈka(ʁ)/	/pu.bliˈka(ʁ)/	[pu.bliˈka(ʁ)] 发布<动>
brasil	/bɾaˈziw/	/bɾaˈziw/	[bɾaˈziw] 巴西<名>
seio	/ˈsej.u/	/ˈsej.u/	[ˈsej.u] 乳房<名>
legalmente	/leˌɡawˈmẽ.t͡ʃi/	/leˌɡawˈmẽ.t͡ʃi/	[leˌɡawˈmẽ.t͡ʃi] 合法地<副>
infiltrar	/ĩ.fiwˈtɾa(ʁ)/	/ĩ.fiwˈtɾa(ʁ)/	[ĩ.fiwˈtɾa(ʁ)] 渗透<动>
limão	/liˈmɐ̃w̃/	/liˈmɐ̃w̃/	[liˈmɐ̃w̃] 柠檬<名>
suicida	/sujˈsi.dɐ/	/sujˈsi.dɐ/	[sujˈsi.dɐ] 有自杀倾向的<名>
acrescentar	/a.kɾe.sẽˈta(ʁ)/	/a.kɾe.sẽˈta(ʁ)/	[a.kɾe.sẽˈta(ʁ)] 添加<动>
xixi	/ʃiˈʃi/	/ʃiˈʃi/	[ʃiˈʃi] 撒尿<名>
raiz	/ʁaˈis/	/ʁaˈis/	[ʁaˈis] 根<名>
relativamente	/ʁe.laˌt͡ʃi.vaˈmẽ.t͡ʃi/	/ʁe.laˌt͡ʃi.vaˈmẽ.t͡ʃi/	[ʁe.laˌt͡ʃi.vaˈmẽ.t͡ʃi] 相对地<副>
retiro	xe.ˈtʃi.ɾʊ	xe.ˈtʃi.ɾʊ	[xe.ˈtʃi.ɾʊ] 撤退<名>
supervisor	/ˌsu.peɾ.viˈzoʁ/	/ˌsu.peɾ.viˈzoʁ/	[ˌsu.peɾ.viˈzoʁ] 主管<名>
pântano	/ˈpɐ̃.ta.nu/	/ˈpɐ̃.ta.nu/	[ˈpɐ̃.ta.nu] 沼泽<名>
abordagem	/a.boʁˈda.ʒẽj̃/	/a.boʁˈda.ʒẽj̃/	[a.boʁˈda.ʒẽj̃] 方法<名>
veem	ˈvi.ẽỹ	ˈvi.ẽỹ	[ˈvi.ẽỹ] 看到<动>
software	/ˈsɔf.t͡ʃwɛʁ/	/ˈsɔf.t͡ʃwɛʁ/	[ˈsɔf.t͡ʃwɛʁ] 软件<名>
fortaleza	/foʁ.taˈle.zɐ/	/foʁ.taˈle.zɐ/	[foʁ.taˈle.zɐ] 堡垒<名>
inclusive	/ĩ.kluˈzi.vi/	/ĩ.kluˈzi.vi/	[ĩ.kluˈzi.vi] 包括<副>
teimoso	/tejˈmo.zu/	/tejˈmo.zu/	[tejˈmo.zu] 固执的<名>
gang	/ˈɡɐ̃.ɡi/	/ˈɡɐ̃.ɡi/	[ˈɡɐ̃.ɡi] 帮派<名>
selo	/ˈse.lu/	/ˈse.lu/	[ˈse.lu] 密封件<名>
apressar	/a.pɾeˈsa(ʁ)/	/a.pɾeˈsa(ʁ)/	[a.pɾeˈsa(ʁ)] 快点<动>
ocupar	/o.kuˈpa(ʁ)/	/o.kuˈpa(ʁ)/	[o.kuˈpa(ʁ)] 占据<动>
orfanato	/oʁ.faˈna.tu/	/oʁ.faˈna.tu/	[oʁ.faˈna.tu] 孤儿院<名>
monitor	/mo.niˈtoʁ/	/mo.niˈtoʁ/	[mo.niˈtoʁ] 监视器<名>
expor	/isˈpoʁ/	/isˈpoʁ/	[isˈpoʁ] 暴露<动>
irmandade	/iʁ.mɐ̃ˈda.d͡ʒi/	/iʁ.mɐ̃ˈda.d͡ʒi/	[iʁ.mɐ̃ˈda.d͡ʒi] 兄弟情谊<名>
narcótico	/naʁˈkɔ.t͡ʃi.ku/	/naʁˈkɔ.t͡ʃi.ku/	[naʁˈkɔ.t͡ʃi.ku] 麻醉剂<名>
imunidade	/i.mu.niˈda.d͡ʒi/	/i.mu.niˈda.d͡ʒi/	[i.mu.niˈda.d͡ʒi] 免疫力<名>
protector	pɾo.tʃe.ˈtox	pɾo.tʃe.ˈtox	[pɾo.tʃe.ˈtox] 保护者<名>
seda	/ˈse.dɐ/	/ˈse.dɐ/	[ˈse.dɐ] 丝绸<名>
básico	/ˈba.zi.ku/	/ˈba.zi.ku/	[ˈba.zi.ku] 基本的<名>
quarentena	/kwa.ɾẽˈtẽ.nɐ/	/kwa.ɾẽˈtẽ.nɐ/	[kwa.ɾẽˈtẽ.nɐ] 检疫<名>
visitante	/vi.ziˈtɐ̃.t͡ʃi/	/vi.ziˈtɐ̃.t͡ʃi/	[vi.ziˈtɐ̃.t͡ʃi] 访客<名>
pop	/ˈpɔ.pi/	/ˈpɔ.pi/	[ˈpɔ.pi] 流行音乐<名>
comunista	/ko.muˈnis.tɐ/	/ko.muˈnis.tɐ/	[ko.muˈnis.tɐ] 共产主义<名>
obedecer	/o.be.deˈse(ʁ)/	/o.be.deˈse(ʁ)/	[o.be.deˈse(ʁ)] 服从<动>
terça	/ˈteʁ.sɐ/	/ˈteʁ.sɐ/	[ˈteʁ.sɐ] 星期二<名>
masculino	/mas.kuˈlĩ.nu/	/mas.kuˈlĩ.nu/	[mas.kuˈlĩ.nu] 男<名>
einstein	/ˈaj̃s.taj̃/	/ˈaj̃s.taj̃/	[ˈaj̃s.taj̃] 爱因斯坦<名>
morder	/moʁˈde(ʁ)/	/moʁˈde(ʁ)/	[moʁˈde(ʁ)] 咬<动>
tradicional	/tɾa.d͡ʒi.si.oˈnaw/	/tɾa.d͡ʒi.si.oˈnaw/	[tɾa.d͡ʒi.si.oˈnaw] 传统的<形>
activar	a.tʃi.ˈvax	a.tʃi.ˈvax	[a.tʃi.ˈvax] 激活<动>
ya	/ˈja/	/ˈja/	[ˈja] 呀<副>
colheita	/koˈʎej.tɐ/	/koˈʎej.tɐ/	[koˈʎej.tɐ] 收获<名>
honestidade	/o.nes.t͡ʃiˈda.d͡ʒi/	/o.nes.t͡ʃiˈda.d͡ʒi/	[o.nes.t͡ʃiˈda.d͡ʒi] 诚实<名>
envolvimento	/ẽ.vow.viˈmẽ.tu/	/ẽ.vow.viˈmẽ.tu/	[ẽ.vow.viˈmẽ.tu] 参与<名>
pararam	pa.ˈɾa.ɾãʊ̃	pa.ˈɾa.ɾãʊ̃	[pa.ˈɾa.ɾãʊ̃] 停止了<动>
executivo	/e.ze.kuˈt͡ʃi.vu/	/e.ze.kuˈt͡ʃi.vu/	[e.ze.kuˈt͡ʃi.vu] 行政人员<名>
iniciativa	/i.ni.si.aˈt͡ʃi.vɐ/	/i.ni.si.aˈt͡ʃi.vɐ/	[i.ni.si.aˈt͡ʃi.vɐ] 倡议<名>
ordenar	/oʁ.deˈna(ʁ)/	/oʁ.deˈna(ʁ)/	[oʁ.deˈna(ʁ)] 订单<动>
torta	/ˈtɔʁ.tɐ/	/ˈtɔʁ.tɐ/	[ˈtɔʁ.tɐ] 馅饼<名>
adeusinho	/a.dewˈzĩ.ɲu/	/a.dewˈzĩ.ɲu/	[a.dewˈzĩ.ɲu] 再见<叹>
excesso	/eˈsɛ.su/	/eˈsɛ.su/	[eˈsɛ.su] 多余的<名>
tinhamos	tʃĩ.ˈɲã.mʊs	tʃĩ.ˈɲã.mʊs	[tʃĩ.ˈɲã.mʊs] 我们有<动>
rim	/ˈʁĩ/	/ˈʁĩ/	[ˈʁĩ] 肾<名>
borracha	/boˈʁa.ʃɐ/	/boˈʁa.ʃɐ/	[boˈʁa.ʃɐ] 橡胶<名>
carvão	/kaʁˈvɐ̃w̃/	/kaʁˈvɐ̃w̃/	[kaʁˈvɐ̃w̃] 煤<名>
pilotar	/pi.loˈta(ʁ)/	/pi.loˈta(ʁ)/	[pi.loˈta(ʁ)] 飞行员<动>
elevado	/e.leˈva.du/	/e.leˈva.du/	[e.leˈva.du] 高架<形>
financeiro	/fi.nɐ̃ˈse(j).ɾu/	/fi.nɐ̃ˈse(j).ɾu/	[fi.nɐ̃ˈse(j).ɾu] 金融<名>
morro	/ˈmo.ʁu/	/ˈmo.ʁu/	[ˈmo.ʁu] 山<名>
enlouquecer	/ẽ.lo(w).keˈse(ʁ)/	/ẽ.lo(w).keˈse(ʁ)/	[ẽ.lo(w).keˈse(ʁ)] 发疯<动>
honrado	/õˈʁa.du/	/õˈʁa.du/	[õˈʁa.du] 荣幸的<形>
mayor			市长<形>
hambúrguer	/ɐ̃ˈbuʁ.ɡeʁ/	/ɐ̃ˈbuʁ.ɡeʁ/	[ɐ̃ˈbuʁ.ɡeʁ] 汉堡包<名>
senha	/ˈsẽ.ɲɐ/	/ˈsẽ.ɲɐ/	[ˈsẽ.ɲɐ] 密码<名>
terrestre	/teˈʁɛs.tɾi/	/teˈʁɛs.tɾi/	[teˈʁɛs.tɾi] 陆地的<名>
prever	/pɾeˈve(ʁ)/	/pɾeˈve(ʁ)/	[pɾeˈve(ʁ)] 预测<动>
chamaram	ʃa.ˈma.ɾãʊ̃	ʃa.ˈma.ɾãʊ̃	[ʃa.ˈma.ɾãʊ̃] 被称为<动>
gentileza	/ʒẽ.t͡ʃiˈle.zɐ/	/ʒẽ.t͡ʃiˈle.zɐ/	[ʒẽ.t͡ʃiˈle.zɐ] 仁慈<名>
evacuação	/e.va.ku.aˈsɐ̃w̃/	/e.va.ku.aˈsɐ̃w̃/	[e.va.ku.aˈsɐ̃w̃] 疏散<名>
trem	/ˈtɾẽj̃/	/ˈtɾẽj̃/	[ˈtɾẽj̃] 火车<名>
frequentemente	/fɾeˌkwẽ.t͡ʃiˈmẽ.t͡ʃi/	/fɾeˌkwẽ.t͡ʃiˈmẽ.t͡ʃi/	[fɾeˌkwẽ.t͡ʃiˈmẽ.t͡ʃi] 经常<副>
fotógrafo	/foˈtɔ.ɡɾa.fu/	/foˈtɔ.ɡɾa.fu/	[foˈtɔ.ɡɾa.fu] 摄影师<名>
mosca	/ˈmos.kɐ/	/ˈmos.kɐ/	[ˈmos.kɐ] 飞<名>
sermão	/seʁˈmɐ̃w̃/	/seʁˈmɐ̃w̃/	[seʁˈmɐ̃w̃] 布道<名>
notável	/noˈta.vew/	/noˈta.vew/	[noˈta.vew] 值得注意的<形>
necessitar	/ne.se.siˈta(ʁ)/	/ne.se.siˈta(ʁ)/	[ne.se.siˈta(ʁ)] 需要<动>
dr			博士<名>
tinto	/ˈt͡ʃĩ.tu/	/ˈt͡ʃĩ.tu/	[ˈt͡ʃĩ.tu] 红色<形>
servidor	/seʁ.viˈdoʁ/	/seʁ.viˈdoʁ/	[seʁ.viˈdoʁ] 服务器<名>
faixa	/ˈfa.ʃɐ/	/ˈfa.ʃɐ/	[ˈfa.ʃɐ] 轨道<名>
deviamos			我们应该<动>
diminuir	/d͡ʒi.mi.nuˈi(ʁ)/	/d͡ʒi.mi.nuˈi(ʁ)/	[d͡ʒi.mi.nuˈi(ʁ)] 减少<动>
culto	/ˈkuw.tu/	/ˈkuw.tu/	[ˈkuw.tu] 邪教<名>
aconteceram	/a.kõ.teˈse.ɾɐ̃w̃/	/a.kõ.teˈse.ɾɐ̃w̃/	[a.kõ.teˈse.ɾɐ̃w̃] 发生了<动>
baleia	/baˈlej.ɐ/	/baˈlej.ɐ/	[baˈlej.ɐ] 鲸鱼<名>
finalista	/fi.naˈlis.tɐ/	/fi.naˈlis.tɐ/	[fi.naˈlis.tɐ] 入围者<名>
injecção	ĩ.ʒe.ˈsãʊ̃	ĩ.ʒe.ˈsãʊ̃	[ĩ.ʒe.ˈsãʊ̃] 注射<名>
continente	/kõ.t͡ʃiˈnẽ.t͡ʃi/	/kõ.t͡ʃiˈnẽ.t͡ʃi/	[kõ.t͡ʃiˈnẽ.t͡ʃi] 大陆<名>
ovelha	/oˈve.ʎɐ/	/oˈve.ʎɐ/	[oˈve.ʎɐ] 羊<名>
porno	/ˈpɔɾ.nu/	/ˈpɔɾ.nu/	[ˈpɔɾ.nu] 色情片<名>
comprador	/kõ.pɾaˈdoʁ/	/kõ.pɾaˈdoʁ/	[kõ.pɾaˈdoʁ] 买家<名>
overdose	/o.veʁˈdɔ.zi/	/o.veʁˈdɔ.zi/	[o.veʁˈdɔ.zi] 过量<名>
tornozelo	/toʁ.noˈze.lu/	/toʁ.noˈze.lu/	[toʁ.noˈze.lu] 脚踝<名>
campus	/ˈkɐ̃.pus/	/ˈkɐ̃.pus/	[ˈkɐ̃.pus] 校园<名>
malvado	/mawˈva.du/	/mawˈva.du/	[mawˈva.du] 邪恶<名>
dvd	/ˌdeˌveˈde/	/ˌdeˌveˈde/	[ˌdeˌveˈde] DVD<名>
surpreender	/suʁ.pɾe.ẽˈde(ʁ)/	/suʁ.pɾe.ẽˈde(ʁ)/	[suʁ.pɾe.ẽˈde(ʁ)] 惊喜<动>
impressionar	/ĩ.pɾe.si.oˈna(ʁ)/	/ĩ.pɾe.si.oˈna(ʁ)/	[ĩ.pɾe.si.oˈna(ʁ)] 留下深刻印象<动>
unir	/uˈni(ʁ)/	/uˈni(ʁ)/	[uˈni(ʁ)] 团结起来<动>
estacionar	/(i)ʃ.tɐ.sjuˈnaɾ/	/(i)ʃ.tɐ.sjuˈnaɾ/	[(i)ʃ.tɐ.sjuˈnaɾ] 公园<动>
delicado	/de.liˈka.du/	/de.liˈka.du/	[de.liˈka.du] 精致的<形>
animado	/a.niˈma.du/	/a.niˈma.du/	[a.niˈma.du] 兴奋<形>
voluntário	/vo.lũˈta.ɾju/	/vo.lũˈta.ɾju/	[vo.lũˈta.ɾju] 志愿者<名>
lotaria	/lo.taˈɾi.ɐ/	/lo.taˈɾi.ɐ/	[lo.taˈɾi.ɐ] 彩票<名>
chumbo	/ˈʃũ.bu/	/ˈʃũ.bu/	[ˈʃũ.bu] 铅<名>
captura	/kapˈtu.ɾɐ/	/kapˈtu.ɾɐ/	[kapˈtu.ɾɐ] 捕获<名>
surpreso	/suʁˈpɾe.zu/	/suʁˈpɾe.zu/	[suʁˈpɾe.zu] 惊讶<形>
valha	/ˈva.ʎɐ/	/ˈva.ʎɐ/	[ˈva.ʎɐ] 值得<名>
fino	/ˈfĩ.nu/	/ˈfĩ.nu/	[ˈfĩ.nu] 薄<名>
automóvel	/aw.toˈmɔ.vew/	/aw.toˈmɔ.vew/	[aw.toˈmɔ.vew] 汽车<名>
falcão	/fawˈkɐ̃w̃/	/fawˈkɐ̃w̃/	[fawˈkɐ̃w̃] 鹰<名>
auxiliar	/aw.si.liˈa(ʁ)/	/aw.si.liˈa(ʁ)/	[aw.si.liˈa(ʁ)] 助理<动>
churrasco	/ʃuˈʁas.ku/	/ʃuˈʁas.ku/	[ʃuˈʁas.ku] 烧烤<名>
cd	/ˈse ˈde/	/ˈse ˈde/	[ˈse ˈde] 光盘<名>
seguidor	/se.ɡiˈdoʁ/	/se.ɡiˈdoʁ/	[se.ɡiˈdoʁ] 追随者<名>
madrugada	/ma.dɾuˈɡa.dɐ/	/ma.dɾuˈɡa.dɐ/	[ma.dɾuˈɡa.dɐ] 黎明<名>
manga	/ˈmɐ̃.ɡɐ/	/ˈmɐ̃.ɡɐ/	[ˈmɐ̃.ɡɐ] 袖子<名>
marijuana	/ma.ɾi.ʒuˈɐ̃.nɐ/	/ma.ɾi.ʒuˈɐ̃.nɐ/	[ma.ɾi.ʒuˈɐ̃.nɐ] 大麻<名>
bónus	/ˈbɔ.nuʃ/	/ˈbɔ.nuʃ/	[ˈbɔ.nuʃ] 奖金<名>
realizador	/ʁe.a.li.zaˈdoʁ/	/ʁe.a.li.zaˈdoʁ/	[ʁe.a.li.zaˈdoʁ] 导演<名>
abatido	/a.baˈt͡ʃi.du/	/a.baˈt͡ʃi.du/	[a.baˈt͡ʃi.du] 被击落<形>
ringue	/ˈʁĩ.ɡi/	/ˈʁĩ.ɡi/	[ˈʁĩ.ɡi] 环<名>
toco	/ˈto.ku/	/ˈto.ku/	[ˈto.ku] 树桩<名>
pilha	/ˈpi.ʎɐ/	/ˈpi.ʎɐ/	[ˈpi.ʎɐ] 堆<名>
coro	/ˈko.ɾu/	/ˈko.ɾu/	[ˈko.ɾu] 合唱团<名>
comparar	/kõ.paˈɾa(ʁ)/	/kõ.paˈɾa(ʁ)/	[kõ.paˈɾa(ʁ)] 比较<动>
expectativa	/is.pek.taˈt͡ʃi.vɐ/	/is.pek.taˈt͡ʃi.vɐ/	[is.pek.taˈt͡ʃi.vɐ] 期望<名>
pijama	/piˈʒɐ̃.mɐ/	/piˈʒɐ̃.mɐ/	[piˈʒɐ̃.mɐ] 睡衣<名>
notar	/noˈta(ʁ)/	/noˈta(ʁ)/	[noˈta(ʁ)] 通知<动>
pastilha	/pasˈt͡ʃi.ʎɐ/	/pasˈt͡ʃi.ʎɐ/	[pasˈt͡ʃi.ʎɐ] 平板电脑<名>
serpente	/seʁˈpẽ.t͡ʃi/	/seʁˈpẽ.t͡ʃi/	[seʁˈpẽ.t͡ʃi] 蛇<名>
aliviar	/a.li.viˈa(ʁ)/	/a.li.viˈa(ʁ)/	[a.li.viˈa(ʁ)] 缓解<动>
estreia	/isˈtɾɛj.ɐ/	/isˈtɾɛj.ɐ/	[isˈtɾɛj.ɐ] 首次亮相<名>
raposa	/ʁaˈpo.zɐ/	/ʁaˈpo.zɐ/	[ʁaˈpo.zɐ] 狐狸<名>
tás	/ˈta(j)s/	/ˈta(j)s/	[ˈta(j)s] 你是吗？<动>
litro	/ˈli.tɾu/	/ˈli.tɾu/	[ˈli.tɾu] 升<名>
tímido	/ˈt͡ʃĩ.mi.du/	/ˈt͡ʃĩ.mi.du/	[ˈt͡ʃĩ.mi.du] 害羞的<形>
santuário	/sɐ̃.tuˈa.ɾju/	/sɐ̃.tuˈa.ɾju/	[sɐ̃.tuˈa.ɾju] 避难所<名>
acampar	/a.kɐ̃ˈpa(ʁ)/	/a.kɐ̃ˈpa(ʁ)/	[a.kɐ̃ˈpa(ʁ)] 露营<动>
bico	/ˈbi.ku/	/ˈbi.ku/	[ˈbi.ku] 喙<名>
bunker	/ˈbɐ̃.keʁ/	/ˈbɐ̃.keʁ/	[ˈbɐ̃.keʁ] 掩体<名>
legítimo	/leˈʒi.t͡ʃi.mu/	/leˈʒi.t͡ʃi.mu/	[leˈʒi.t͡ʃi.mu] 合法的<形>
declarar	/de.klaˈɾa(ʁ)/	/de.klaˈɾa(ʁ)/	[de.klaˈɾa(ʁ)] 声明<动>
contentor	/kõ.tẽˈtoʁ/	/kõ.tẽˈtoʁ/	[kõ.tẽˈtoʁ] 容器<名>
altar	/awˈtaʁ/	/awˈtaʁ/	[awˈtaʁ] 祭坛<名>
destinar	/des.t͡ʃiˈna(ʁ)/	/des.t͡ʃiˈna(ʁ)/	[des.t͡ʃiˈna(ʁ)] 分配<动>
insistir	/ĩ.sisˈt͡ʃi(ʁ)/	/ĩ.sisˈt͡ʃi(ʁ)/	[ĩ.sisˈt͡ʃi(ʁ)] 坚持<动>
ruído	/ʁuˈi.du/	/ʁuˈi.du/	[ʁuˈi.du] 噪音<名>
comparado	/kõ.paˈɾa.du/	/kõ.paˈɾa.du/	[kõ.paˈɾa.du] 比较<形>
negociação	/ne.ɡo.si.aˈsɐ̃w̃/	/ne.ɡo.si.aˈsɐ̃w̃/	[ne.ɡo.si.aˈsɐ̃w̃] 谈判<名>
suceder	/su.seˈde(ʁ)/	/su.seˈde(ʁ)/	[su.seˈde(ʁ)] 成功<动>
reza	/ˈʁɛ.zɐ/	/ˈʁɛ.zɐ/	[ˈʁɛ.zɐ] 祈祷<名>
pipoca	/piˈpɔ.kɐ/	/piˈpɔ.kɐ/	[piˈpɔ.kɐ] 爆米花<名>
avatar	/a.vaˈtaʁ/	/a.vaˈtaʁ/	[a.vaˈtaʁ] 头像<名>
dedicado	/de.d͡ʒiˈka.du/	/de.d͡ʒiˈka.du/	[de.d͡ʒiˈka.du] 专注的<形>
laurel	/lawˈɾɛw/	/lawˈɾɛw/	[lawˈɾɛw] 月桂树<名>
garra	/ˈɡa.ʁɐ/	/ˈɡa.ʁɐ/	[ˈɡa.ʁɐ] 爪子<名>
amelia	/a.meˈli.ɐ/	/a.meˈli.ɐ/	[a.meˈli.ɐ] 阿米莉亚<名>
cacifo	/kaˈsi.fu/	/kaˈsi.fu/	[kaˈsi.fu] 储物柜<名>
percurso	/peʁˈkuʁ.su/	/peʁˈkuʁ.su/	[peʁˈkuʁ.su] 路线<名>
vivido	/viˈvi.du/	/viˈvi.du/	[viˈvi.du] 住过<形>
cruzar	/kɾuˈza(ʁ)/	/kɾuˈza(ʁ)/	[kɾuˈza(ʁ)] 十字<动>
filmagem	/fiwˈma.ʒẽj̃/	/fiwˈma.ʒẽj̃/	[fiwˈma.ʒẽj̃] 拍摄<名>
sesta	/ˈsɛs.tɐ/	/ˈsɛs.tɐ/	[ˈsɛs.tɐ] 打盹<名>
lâmpada	/ˈlɐ̃.pa.dɐ/	/ˈlɐ̃.pa.dɐ/	[ˈlɐ̃.pa.dɐ] 灯<名>
verme	/ˈvɛʁ.mi/	/ˈvɛʁ.mi/	[ˈvɛʁ.mi] 蠕虫<名>
pervertido	/peʁ.veʁˈt͡ʃi.du/	/peʁ.veʁˈt͡ʃi.du/	[peʁ.veʁˈt͡ʃi.du] 变态<名>
ambição	/ɐ̃.biˈsɐ̃w̃/	/ɐ̃.biˈsɐ̃w̃/	[ɐ̃.biˈsɐ̃w̃] 野心<名>
iris	i.ˈɾis	i.ˈɾis	[i.ˈɾis] 虹膜<名>
judicial	/ʒu.d͡ʒi.siˈaw/	/ʒu.d͡ʒi.siˈaw/	[ʒu.d͡ʒi.siˈaw] 司法<形>
sexto	/ˈses.tu/	/ˈses.tu/	[ˈses.tu] 第六<名>
baía	/baˈi.ɐ/	/baˈi.ɐ/	[baˈi.ɐ] 湾<名>
correctamente	ko.xe.ta.ˈmẽ.tʃɪ	ko.xe.ta.ˈmẽ.tʃɪ	[ko.xe.ta.ˈmẽ.tʃɪ] 正确地<副>
sino	/ˈsĩ.nu/	/ˈsĩ.nu/	[ˈsĩ.nu] 铃<名>
boato	/boˈa.tu/	/boˈa.tu/	[boˈa.tu] 谣言<名>
ensaiar	/ẽ.sajˈa(ʁ)/	/ẽ.sajˈa(ʁ)/	[ẽ.sajˈa(ʁ)] 排练<动>
extremo	/isˈtɾẽ.mu/	/isˈtɾẽ.mu/	[isˈtɾẽ.mu] 极端<名>
aborto	/aˈboʁ.tu/	/aˈboʁ.tu/	[aˈboʁ.tu] 堕胎<名>
morfina	/moʁˈfĩ.nɐ/	/moʁˈfĩ.nɐ/	[moʁˈfĩ.nɐ] 吗啡<名>
refúgio	/ʁeˈfu.ʒju/	/ʁeˈfu.ʒju/	[ʁeˈfu.ʒju] 避难所<名>
fôlego	/ˈfo.le.ɡu/	/ˈfo.le.ɡu/	[ˈfo.le.ɡu] 呼吸<名>
actuação	a.tu.a.ˈsãʊ̃	a.tu.a.ˈsãʊ̃	[a.tu.a.ˈsãʊ̃] 表现<名>
pacto	/ˈpak.tu/	/ˈpak.tu/	[ˈpak.tu] 契约<名>
estrago	/isˈtɾa.ɡu/	/isˈtɾa.ɡu/	[isˈtɾa.ɡu] 损坏<名>
benefício	/be.neˈfi.sju/	/be.neˈfi.sju/	[be.neˈfi.sju] 好处<名>
anual	/a.nuˈaw/	/a.nuˈaw/	[a.nuˈaw] 年度<形>
tareia	/taˈɾej.ɐ/	/taˈɾej.ɐ/	[taˈɾej.ɐ] 殴打<名>
reconstruir	/ʁe.kõs.tɾuˈi(ʁ)/	/ʁe.kõs.tɾuˈi(ʁ)/	[ʁe.kõs.tɾuˈi(ʁ)] 重建<动>
cavalaria	/ka.va.laˈɾi.ɐ/	/ka.va.laˈɾi.ɐ/	[ka.va.laˈɾi.ɐ] 骑兵<名>
improvável	/ĩ.pɾoˈva.vew/	/ĩ.pɾoˈva.vew/	[ĩ.pɾoˈva.vew] 不太可能<形>
afirmar	/a.fiʁˈma(ʁ)/	/a.fiʁˈma(ʁ)/	[a.fiʁˈma(ʁ)] 断言<动>
pentágono	/pẽˈta.ɡo.nu/	/pẽˈta.ɡo.nu/	[pẽˈta.ɡo.nu] 五边形<名>
descarregar	/des.ka.ʁeˈɡa(ʁ)/	/des.ka.ʁeˈɡa(ʁ)/	[des.ka.ʁeˈɡa(ʁ)] 下载<动>
escolho	/isˈko.ʎu/	/isˈko.ʎu/	[isˈko.ʎu] 我选择<名>
mana	/ˈmɐ̃.nɐ/	/ˈmɐ̃.nɐ/	[ˈmɐ̃.nɐ] 姐姐<名>
acompanhante	/a.kõ.pɐ̃ˈɲɐ̃.t͡ʃi/	/a.kõ.pɐ̃ˈɲɐ̃.t͡ʃi/	[a.kõ.pɐ̃ˈɲɐ̃.t͡ʃi] 同伴<名>
vero	/ˈvɛ.ɾu/	/ˈvɛ.ɾu/	[ˈvɛ.ɾu] 真实<形>
comprido	/kõˈpɾi.du/	/kõˈpɾi.du/	[kõˈpɾi.du] 长<形>
atacaram	a.ta.ˈka.ɾãʊ̃	a.ta.ˈka.ɾãʊ̃	[a.ta.ˈka.ɾãʊ̃] 受到攻击<动>
aperto	/aˈpeʁ.tu/	/aˈpeʁ.tu/	[aˈpeʁ.tu] 握力<名>
sacrificar	/sa.kɾi.fiˈka(ʁ)/	/sa.kɾi.fiˈka(ʁ)/	[sa.kɾi.fiˈka(ʁ)] 牺牲<动>
mm			毫米<名>
governar	/ɡo.veʁˈna(ʁ)/	/ɡo.veʁˈna(ʁ)/	[ɡo.veʁˈna(ʁ)] 治理<动>
tardo	/ˈtaʁ.du/	/ˈtaʁ.du/	[ˈtaʁ.du] 迟到了<形>
expedição	/is.pe.d͡ʒiˈsɐ̃w̃/	/is.pe.d͡ʒiˈsɐ̃w̃/	[is.pe.d͡ʒiˈsɐ̃w̃] 发货<名>
espiar	/is.piˈa(ʁ)/	/is.piˈa(ʁ)/	[is.piˈa(ʁ)] 窥视<动>
adrenalina	/a.dɾe.naˈlĩ.nɐ/	/a.dɾe.naˈlĩ.nɐ/	[a.dɾe.naˈlĩ.nɐ] 肾上腺素<名>
bastão	/basˈtɐ̃w̃/	/basˈtɐ̃w̃/	[basˈtɐ̃w̃] 棍子<名>
gorjeta	/ɡoʁˈʒe.tɐ/	/ɡoʁˈʒe.tɐ/	[ɡoʁˈʒe.tɐ] 小费<名>
desfrutar	/des.fɾuˈta(ʁ)/	/des.fɾuˈta(ʁ)/	[des.fɾuˈta(ʁ)] 享受<动>
acidentalmente	/a.si.dẽˌtawˈmẽ.t͡ʃi/	/a.si.dẽˌtawˈmẽ.t͡ʃi/	[a.si.dẽˌtawˈmẽ.t͡ʃi] 不小心<副>
girar	/ʒiˈɾa(ʁ)/	/ʒiˈɾa(ʁ)/	[ʒiˈɾa(ʁ)] 旋转<动>
arrasar	/a.ʁaˈza(ʁ)/	/a.ʁaˈza(ʁ)/	[a.ʁaˈza(ʁ)] 暗恋<动>
tolice	/toˈli.si/	/toˈli.si/	[toˈli.si] 愚蠢<名>
agressivo	/a.ɡɾeˈsi.vu/	/a.ɡɾeˈsi.vu/	[a.ɡɾeˈsi.vu] 侵略性的<形>
atirado	/a.t͡ʃiˈɾa.du/	/a.t͡ʃiˈɾa.du/	[a.t͡ʃiˈɾa.du] 抛出<形>
deprimido	/de.pɾiˈmi.du/	/de.pɾiˈmi.du/	[de.pɾiˈmi.du] 郁闷<形>
antecedente	/ɐ̃.te.seˈdẽ.t͡ʃi/	/ɐ̃.te.seˈdẽ.t͡ʃi/	[ɐ̃.te.seˈdẽ.t͡ʃi] 先行词<形>
cristão	/kɾisˈtɐ̃w̃/	/kɾisˈtɐ̃w̃/	[kɾisˈtɐ̃w̃] 基督教<名>
donut	/ˈdow.nɐt͡ʃ/	/ˈdow.nɐt͡ʃ/	[ˈdow.nɐt͡ʃ] 甜甜圈<名>
rodada	/ʁoˈda.dɐ/	/ʁoˈda.dɐ/	[ʁoˈda.dɐ] 圆形<名>
tencionar	/tẽ.si.oˈna(ʁ)/	/tẽ.si.oˈna(ʁ)/	[tẽ.si.oˈna(ʁ)] 打算<动>
eleito	/eˈlej.tu/	/eˈlej.tu/	[eˈlej.tu] 当选<形>
manobra	/maˈnɔ.bɾɐ/	/maˈnɔ.bɾɐ/	[maˈnɔ.bɾɐ] 演习<名>
hóquei	/ˈʁɔ.kej/	/ˈʁɔ.kej/	[ˈʁɔ.kej] 曲棍球<名>
vagabundo	/va.ɡaˈbũ.du/	/va.ɡaˈbũ.du/	[va.ɡaˈbũ.du] 流浪汉<名>
escova	/isˈko.vɐ/	/isˈko.vɐ/	[isˈko.vɐ] 刷子<名>
exposto	/isˈpos.tu/	/isˈpos.tu/	[isˈpos.tu] 暴露<名>
ligaram	li.ˈga.ɾãʊ̃	li.ˈga.ɾãʊ̃	[li.ˈga.ɾãʊ̃] 被称为<动>
profecia	/pɾo.feˈsi.ɐ/	/pɾo.feˈsi.ɐ/	[pɾo.feˈsi.ɐ] 预言<名>
rígido	/ˈʁi.ʒi.du/	/ˈʁi.ʒi.du/	[ˈʁi.ʒi.du] 刚性的<形>
abanar	/a.baˈna(ʁ)/	/a.baˈna(ʁ)/	[a.baˈna(ʁ)] 摇动<动>
vacina	/vaˈsĩ.nɐ/	/vaˈsĩ.nɐ/	[vaˈsĩ.nɐ] 疫苗<名>
lareira	/laˈɾe(j).ɾɐ/	/laˈɾe(j).ɾɐ/	[laˈɾe(j).ɾɐ] 壁炉<名>
neta	/ˈnɛ.tɐ/	/ˈnɛ.tɐ/	[ˈnɛ.tɐ] 孙女<名>
queima	/ˈkej.mɐ/	/ˈkej.mɐ/	[ˈkej.mɐ] 燃烧<名>
veia	/ˈvej.ɐ/	/ˈvej.ɐ/	[ˈvej.ɐ] 静脉<名>
fantasiar	/fɐ̃.ta.ziˈa(ʁ)/	/fɐ̃.ta.ziˈa(ʁ)/	[fɐ̃.ta.ziˈa(ʁ)] 幻想<动>
cortina	/kuʁˈt͡ʃĩ.nɐ/	/kuʁˈt͡ʃĩ.nɐ/	[kuʁˈt͡ʃĩ.nɐ] 窗帘<名>
cardeal	/kaʁ.deˈaw/	/kaʁ.deˈaw/	[kaʁ.deˈaw] 红衣主教<名>
trancar	/tɾɐ̃ˈka(ʁ)/	/tɾɐ̃ˈka(ʁ)/	[tɾɐ̃ˈka(ʁ)] 锁<动>
radical	/ʁa.d͡ʒiˈkaw/	/ʁa.d͡ʒiˈkaw/	[ʁa.d͡ʒiˈkaw] 激进的<名>
câmbio	/ˈkɐ̃.bju/	/ˈkɐ̃.bju/	[ˈkɐ̃.bju] 交换<名>
abro	/ˈa.bɾu/	/ˈa.bɾu/	[ˈa.bɾu] 我打开<名>
sensato	/sẽˈsa.tu/	/sẽˈsa.tu/	[sẽˈsa.tu] 明智的<形>
denunciar	/de.nũ.siˈa(ʁ)/	/de.nũ.siˈa(ʁ)/	[de.nũ.siˈa(ʁ)] 报告<动>
empresário	/ẽ.pɾeˈza.ɾju/	/ẽ.pɾeˈza.ɾju/	[ẽ.pɾeˈza.ɾju] 商人<名>
travar	/tɾaˈva(ʁ)/	/tɾaˈva(ʁ)/	[tɾaˈva(ʁ)] 锁<动>
variar	/va.ɾiˈa(ʁ)/	/va.ɾiˈa(ʁ)/	[va.ɾiˈa(ʁ)] 变化<动>
tendência	/tẽˈdẽ.sjɐ/	/tẽˈdẽ.sjɐ/	[tẽˈdẽ.sjɐ] 趋势<名>
demissão	/de.miˈsɐ̃w̃/	/de.miˈsɐ̃w̃/	[de.miˈsɐ̃w̃] 解雇<名>
investigador	/ĩ.ves.t͡ʃi.ɡaˈdoʁ/	/ĩ.ves.t͡ʃi.ɡaˈdoʁ/	[ĩ.ves.t͡ʃi.ɡaˈdoʁ] 调查员<名>
bruto	/ˈbɾu.tu/	/ˈbɾu.tu/	[ˈbɾu.tu] 毛重<名>
convincente	/kõ.vĩˈsẽ.t͡ʃi/	/kõ.vĩˈsẽ.t͡ʃi/	[kõ.vĩˈsẽ.t͡ʃi] 令人信服的<形>
gray			灰色<名>
exigência	/e.ziˈʒẽ.sjɐ/	/e.ziˈʒẽ.sjɐ/	[e.ziˈʒẽ.sjɐ] 要求<名>
investir	/ĩ.vesˈt͡ʃi(ʁ)/	/ĩ.vesˈt͡ʃi(ʁ)/	[ĩ.vesˈt͡ʃi(ʁ)] 投资<动>
senhorio	/sẽ.ɲoˈɾi.u/	/sẽ.ɲoˈɾi.u/	[sẽ.ɲoˈɾi.u] 房东<名>
farmácia	/faʁˈma.sjɐ/	/faʁˈma.sjɐ/	[faʁˈma.sjɐ] 药房<名>
anoitecer	/a.noj.teˈseʁ/	/a.noj.teˈseʁ/	[a.noj.teˈseʁ] 黄昏<名>
referir	/ʁe.feˈɾi(ʁ)/	/ʁe.feˈɾi(ʁ)/	[ʁe.feˈɾi(ʁ)] 参考<动>
trágico	/ˈtɾa.ʒi.ku/	/ˈtɾa.ʒi.ku/	[ˈtɾa.ʒi.ku] 悲惨的<形>
ava	ˈa.və	ˈa.və	[ˈa.və] 艾娃<叹>
relevante	/ʁe.leˈvɐ̃.t͡ʃi/	/ʁe.leˈvɐ̃.t͡ʃi/	[ʁe.leˈvɐ̃.t͡ʃi] 相关的<形>
serra	/ˈsɛ.ʁɐ/	/ˈsɛ.ʁɐ/	[ˈsɛ.ʁɐ] 锯<名>
aspeto	/ɐʃˈpɛ.tu/	/ɐʃˈpɛ.tu/	[ɐʃˈpɛ.tu] 外观<名>
bluff	/ˈblɐ.fɨ/	/ˈblɐ.fɨ/	[ˈblɐ.fɨ] 虚张声势<名>
veado	/veˈa.du/	/veˈa.du/	[veˈa.du] 鹿<名>
carinho	/kaˈɾĩ.ɲu/	/kaˈɾĩ.ɲu/	[kaˈɾĩ.ɲu] 感情<名>
paramédico	/pa.ɾaˈmɛ.d͡ʒi.ku/	/pa.ɾaˈmɛ.d͡ʒi.ku/	[pa.ɾaˈmɛ.d͡ʒi.ku] 护理人员<名>
corresponder	/ko.ʁes.põˈde(ʁ)/	/ko.ʁes.põˈde(ʁ)/	[ko.ʁes.põˈde(ʁ)] 比赛<动>
industrial	/ĩ.dus.tɾiˈaw/	/ĩ.dus.tɾiˈaw/	[ĩ.dus.tɾiˈaw] 工业<形>
perpétuo	/peʁˈpɛ.t(w)u/	/peʁˈpɛ.t(w)u/	[peʁˈpɛ.t(w)u] 永久的<形>
cunhado	/kũˈɲa.du/	/kũˈɲa.du/	[kũˈɲa.du] 妹夫<名>
categoria	/ka.te.ɡoˈɾi.ɐ/	/ka.te.ɡoˈɾi.ɐ/	[ka.te.ɡoˈɾi.ɐ] 类别<名>
partiram	pax.ˈtʃi.ɾãʊ̃	pax.ˈtʃi.ɾãʊ̃	[pax.ˈtʃi.ɾãʊ̃] 左<动>
amém	/aˈmẽj̃/	/aˈmẽj̃/	[aˈmẽj̃] 阿门<名>
avós	/aˈvɔ(j)s/	/aˈvɔ(j)s/	[aˈvɔ(j)s] 祖父母<名>
sr.ª			夫人<名>
tronco	/ˈtɾõ.ku/	/ˈtɾõ.ku/	[ˈtɾõ.ku] 树干<名>
vício	/ˈvi.sju/	/ˈvi.sju/	[ˈvi.sju] 成瘾<名>
precaução	/pɾe.kawˈsɐ̃w̃/	/pɾe.kawˈsɐ̃w̃/	[pɾe.kawˈsɐ̃w̃] 预防措施<名>
poeira	/puˈe(j).ɾɐ/	/puˈe(j).ɾɐ/	[puˈe(j).ɾɐ] 灰尘<名>
afectar	a.fe.ˈtax	a.fe.ˈtax	[a.fe.ˈtax] 影响<动>
arrastar	/a.ʁasˈta(ʁ)/	/a.ʁasˈta(ʁ)/	[a.ʁasˈta(ʁ)] 拖动<动>
fralda	/ˈfɾaw.dɐ/	/ˈfɾaw.dɐ/	[ˈfɾaw.dɐ] 尿布<名>
cocó	/kɔˈkɔ/	/kɔˈkɔ/	[kɔˈkɔ] 便便<名>
alteração	/aw.te.ɾaˈsɐ̃w̃/	/aw.te.ɾaˈsɐ̃w̃/	[aw.te.ɾaˈsɐ̃w̃] 改变<名>
rolo	/ˈʁo.lu/	/ˈʁo.lu/	[ˈʁo.lu] 卷<名>
suor	/suˈɔʁ/	/suˈɔʁ/	[suˈɔʁ] 汗水<名>
substância	/su.bisˈtɐ̃.sjɐ/	/su.bisˈtɐ̃.sjɐ/	[su.bisˈtɐ̃.sjɐ] 物质<名>
chantagem	/ʃɐ̃ˈta.ʒẽj̃/	/ʃɐ̃ˈta.ʒẽj̃/	[ʃɐ̃ˈta.ʒẽj̃] 勒索<名>
jurar	/ʒuˈɾa(ʁ)/	/ʒuˈɾa(ʁ)/	[ʒuˈɾa(ʁ)] 发誓<动>
calendário	/ka.lẽˈda.ɾju/	/ka.lẽˈda.ɾju/	[ka.lẽˈda.ɾju] 日历<名>
mergulhar	/meʁ.ɡuˈʎa(ʁ)/	/meʁ.ɡuˈʎa(ʁ)/	[meʁ.ɡuˈʎa(ʁ)] 潜水<动>
assaltar	/a.sawˈta(ʁ)/	/a.sawˈta(ʁ)/	[a.sawˈta(ʁ)] 袭击<动>
arrependido	/a.ʁe.pẽˈd͡ʒi.du/	/a.ʁe.pẽˈd͡ʒi.du/	[a.ʁe.pẽˈd͡ʒi.du] 抱歉<形>
telegrama	/te.leˈɡɾɐ̃.mɐ/	/te.leˈɡɾɐ̃.mɐ/	[te.leˈɡɾɐ̃.mɐ] 电报<名>
essência	/eˈsẽ.sjɐ/	/eˈsẽ.sjɐ/	[eˈsẽ.sjɐ] 本质<名>
caçada	/kaˈsa.dɐ/	/kaˈsa.dɐ/	[kaˈsa.dɐ] 狩猎<名>
bófia	/ˈbɔ.fjɐ/	/ˈbɔ.fjɐ/	[ˈbɔ.fjɐ] 警察<名>
psicologia	/pi.si.ko.loˈʒi.ɐ/	/pi.si.ko.loˈʒi.ɐ/	[pi.si.ko.loˈʒi.ɐ] 心理学<名>
batalhão	/ba.taˈʎɐ̃w̃/	/ba.taˈʎɐ̃w̃/	[ba.taˈʎɐ̃w̃] 营<名>
cálculo	/ˈkaw.ku.lu/	/ˈkaw.ku.lu/	[ˈkaw.ku.lu] 计算<名>
circular	/siʁ.kuˈla(ʁ)/	/siʁ.kuˈla(ʁ)/	[siʁ.kuˈla(ʁ)] 圆形<名>
salsicha	/sawˈsi.ʃɐ/	/sawˈsi.ʃɐ/	[sawˈsi.ʃɐ] 香肠<名>
facial	/fa.siˈaw/	/fa.siˈaw/	[fa.siˈaw] 面部<形>
distracção	dʒis.tɾa.ˈsãʊ̃	dʒis.tɾa.ˈsãʊ̃	[dʒis.tɾa.ˈsãʊ̃] 分散注意力<名>
maldade	/mawˈda.d͡ʒi/	/mawˈda.d͡ʒi/	[mawˈda.d͡ʒi] 邪恶<名>
compreensão	/kõ.pɾe.ẽˈsɐ̃w̃/	/kõ.pɾe.ẽˈsɐ̃w̃/	[kõ.pɾe.ẽˈsɐ̃w̃] 理解<名>
zonar	/zoˈna(ʁ)/	/zoˈna(ʁ)/	[zoˈna(ʁ)] 区<动>
porão	/poˈɾɐ̃w̃/	/poˈɾɐ̃w̃/	[poˈɾɐ̃w̃] 地下室<名>
lato	/ˈla.tu/	/ˈla.tu/	[ˈla.tu] 广泛<形>
queimadura	/kej.maˈdu.ɾɐ/	/kej.maˈdu.ɾɐ/	[kej.maˈdu.ɾɐ] 烧伤<名>
nó	/ˈnɔ/	/ˈnɔ/	[ˈnɔ] 节点<名>
poção	/poˈsɐ̃w̃/	/poˈsɐ̃w̃/	[poˈsɐ̃w̃] 药水<名>
algodão	/aw.ɡuˈdɐ̃w̃/	/aw.ɡuˈdɐ̃w̃/	[aw.ɡuˈdɐ̃w̃] 棉<名>
literatura	/li.te.ɾaˈtu.ɾɐ/	/li.te.ɾaˈtu.ɾɐ/	[li.te.ɾaˈtu.ɾɐ] 文学<名>
escolta	/isˈkɔw.tɐ/	/isˈkɔw.tɐ/	[isˈkɔw.tɐ] 护送<名>
desviar	/dez.viˈa(ʁ)/	/dez.viˈa(ʁ)/	[dez.viˈa(ʁ)] 转移<动>
coberta	/koˈbɛʁ.tɐ/	/koˈbɛʁ.tɐ/	[koˈbɛʁ.tɐ] 覆盖<名>
definição	/de.fi.niˈsɐ̃w̃/	/de.fi.niˈsɐ̃w̃/	[de.fi.niˈsɐ̃w̃] 定义<名>
troféu	/tɾoˈfɛw/	/tɾoˈfɛw/	[tɾoˈfɛw] 奖杯<名>
reflexo	/ʁeˈflɛk.su/	/ʁeˈflɛk.su/	[ʁeˈflɛk.su] 反思<名>
jura	/ˈʒu.ɾɐ/	/ˈʒu.ɾɐ/	[ˈʒu.ɾɐ] 发誓<名>
invenção	/ĩ.vẽˈsɐ̃w̃/	/ĩ.vẽˈsɐ̃w̃/	[ĩ.vẽˈsɐ̃w̃] 发明<名>
corrupção	/ko.ʁupˈsɐ̃w̃/	/ko.ʁupˈsɐ̃w̃/	[ko.ʁupˈsɐ̃w̃] 腐败<名>
queca	/ˈkɛ.kɐ/	/ˈkɛ.kɐ/	[ˈkɛ.kɐ] 他妈的<名>
semestre	/seˈmɛs.tɾi/	/seˈmɛs.tɾi/	[seˈmɛs.tɾi] 学期<名>
mecanismo	/me.kaˈniz.mu/	/me.kaˈniz.mu/	[me.kaˈniz.mu] 机制<名>
receberam	xe.se.ˈbe.ɾãʊ̃	xe.se.ˈbe.ɾãʊ̃	[xe.se.ˈbe.ɾãʊ̃] 收到<动>
recibo	/ʁeˈsi.bu/	/ʁeˈsi.bu/	[ʁeˈsi.bu] 收据<名>
fatia	/faˈt͡ʃi.ɐ/	/faˈt͡ʃi.ɐ/	[faˈt͡ʃi.ɐ] 切片<名>
calção	/kawˈsɐ̃w̃/	/kawˈsɐ̃w̃/	[kawˈsɐ̃w̃] 短裤<名>
peste	/ˈpɛs.t͡ʃi/	/ˈpɛs.t͡ʃi/	[ˈpɛs.t͡ʃi] 瘟疫<名>
incómodo	/ĩˈkɔ.mu.du/	/ĩˈkɔ.mu.du/	[ĩˈkɔ.mu.du] 不便<名>
abraçar	/a.bɾaˈsa(ʁ)/	/a.bɾaˈsa(ʁ)/	[a.bɾaˈsa(ʁ)] 拥抱<动>
atum	/aˈtũ/	/aˈtũ/	[aˈtũ] 金枪鱼<名>
representação	/ʁe.pɾe.zẽ.taˈsɐ̃w̃/	/ʁe.pɾe.zẽ.taˈsɐ̃w̃/	[ʁe.pɾe.zẽ.taˈsɐ̃w̃] 代表性<名>
calcular	/kaw.kuˈla(ʁ)/	/kaw.kuˈla(ʁ)/	[kaw.kuˈla(ʁ)] 计算<动>
previsto	/pɾeˈvis.tu/	/pɾeˈvis.tu/	[pɾeˈvis.tu] 预测的<形>
gelada	/ʒeˈla.dɐ/	/ʒeˈla.dɐ/	[ʒeˈla.dɐ] 冰冷的<名>
alinhar	/a.lĩˈɲa(ʁ)/	/a.lĩˈɲa(ʁ)/	[a.lĩˈɲa(ʁ)] 对齐<动>
barril	/baˈʁiw/	/baˈʁiw/	[baˈʁiw] 桶<名>
sonda	/ˈsõ.dɐ/	/ˈsõ.dɐ/	[ˈsõ.dɐ] 探针<名>
altitude	/aw.t͡ʃiˈtu.d͡ʒi/	/aw.t͡ʃiˈtu.d͡ʒi/	[aw.t͡ʃiˈtu.d͡ʒi] 海拔高度<名>
sepultura	/se.puwˈtu.ɾɐ/	/se.puwˈtu.ɾɐ/	[se.puwˈtu.ɾɐ] 坟墓<名>
santidade	/sɐ̃.t͡ʃiˈda.d͡ʒi/	/sɐ̃.t͡ʃiˈda.d͡ʒi/	[sɐ̃.t͡ʃiˈda.d͡ʒi] 圣洁<名>
antídoto	/ɐ̃ˈt͡ʃi.do.tu/	/ɐ̃ˈt͡ʃi.do.tu/	[ɐ̃ˈt͡ʃi.do.tu] 解毒剂<名>
robot	/ʁoˈbo/	/ʁoˈbo/	[ʁoˈbo] 机器人<名>
honrar	/õˈʁa(ʁ)/	/õˈʁa(ʁ)/	[õˈʁa(ʁ)] 荣誉<动>
transplante	/tɾɐ̃sˈplɐ̃.t͡ʃi/	/tɾɐ̃sˈplɐ̃.t͡ʃi/	[tɾɐ̃sˈplɐ̃.t͡ʃi] 移植<名>
jurisdição	/ʒu.ɾiz.d͡ʒiˈsɐ̃w̃/	/ʒu.ɾiz.d͡ʒiˈsɐ̃w̃/	[ʒu.ɾiz.d͡ʒiˈsɐ̃w̃] 管辖权<名>
cimento	/siˈmẽ.tu/	/siˈmẽ.tu/	[siˈmẽ.tu] 水泥<名>
mole	/ˈmɔ.li/	/ˈmɔ.li/	[ˈmɔ.li] 软的<名>
claque	/ˈkla.ki/	/ˈkla.ki/	[ˈkla.ki] 啦啦队长<名>
desempenho	/de.zẽˈpẽ.ɲu/	/de.zẽˈpẽ.ɲu/	[de.zẽˈpẽ.ɲu] 表现<名>
banheiro	/bɐ̃ˈɲe(j).ɾu/	/bɐ̃ˈɲe(j).ɾu/	[bɐ̃ˈɲe(j).ɾu] 浴室<名>
currículo	/kuˈʁi.ku.lu/	/kuˈʁi.ku.lu/	[kuˈʁi.ku.lu] 简历<名>
cantor	/kɐ̃ˈtoʁ/	/kɐ̃ˈtoʁ/	[kɐ̃ˈtoʁ] 歌手<名>
resíduo	/ʁeˈzi.d(w)u/	/ʁeˈzi.d(w)u/	[ʁeˈzi.d(w)u] 残留物<名>
bacano	/baˈkɐ̃.nu/	/baˈkɐ̃.nu/	[baˈkɐ̃.nu] 酷<名>
extensão	/is.tẽˈsɐ̃w̃/	/is.tẽˈsɐ̃w̃/	[is.tẽˈsɐ̃w̃] 延伸<名>
pobreza	/poˈbɾe.zɐ/	/poˈbɾe.zɐ/	[poˈbɾe.zɐ] 贫困<名>
silencioso	/si.lẽ.siˈo.zu/	/si.lẽ.siˈo.zu/	[si.lẽ.siˈo.zu] 沉默的<形>
veredicto			判决<名>
constituição	/kõs.t͡ʃi.tu.iˈsɐ̃w̃/	/kõs.t͡ʃi.tu.iˈsɐ̃w̃/	[kõs.t͡ʃi.tu.iˈsɐ̃w̃] 宪法<名>
cartaz	/kaʁˈta(j)s/	/kaʁˈta(j)s/	[kaʁˈta(j)s] 海报<名>
strip			条带<名>
preparação	/pɾe.pa.ɾaˈsɐ̃w̃/	/pɾe.pa.ɾaˈsɐ̃w̃/	[pɾe.pa.ɾaˈsɐ̃w̃] 准备<名>
apodrecer	/a.po.dɾeˈse(ʁ)/	/a.po.dɾeˈse(ʁ)/	[a.po.dɾeˈse(ʁ)] 腐烂<动>
colorado	/ko.loˈɾa.du/	/ko.loˈɾa.du/	[ko.loˈɾa.du] 科罗拉多州<名>
mobília	/moˈbi.ljɐ/	/moˈbi.ljɐ/	[moˈbi.ljɐ] 家具<名>
seriamente	/ˌsɛ.ɾjaˈmẽ.t͡ʃi/	/ˌsɛ.ɾjaˈmẽ.t͡ʃi/	[ˌsɛ.ɾjaˈmẽ.t͡ʃi] 认真地<副>
colaborar	/ko.la.boˈɾa(ʁ)/	/ko.la.boˈɾa(ʁ)/	[ko.la.boˈɾa(ʁ)] 合作<动>
atentado	/a.tẽˈta.du/	/a.tẽˈta.du/	[a.tẽˈta.du] 攻击<名>
mademoiselle	/ma.de.moˈzɛ.li/	/ma.de.moˈzɛ.li/	[ma.de.moˈzɛ.li] 小姐<名>
ética	/ˈɛ.t͡ʃi.kɐ/	/ˈɛ.t͡ʃi.kɐ/	[ˈɛ.t͡ʃi.kɐ] 道德<名>
eficiente	/e.fi.siˈẽ.t͡ʃi/	/e.fi.siˈẽ.t͡ʃi/	[e.fi.siˈẽ.t͡ʃi] 高效<形>
autêntico	/awˈtẽ.t͡ʃi.ku/	/awˈtẽ.t͡ʃi.ku/	[awˈtẽ.t͡ʃi.ku] 正宗的<形>
corrupto	/koˈʁup.tu/	/koˈʁup.tu/	[koˈʁup.tu] 腐败的<名>
contabilista	/kõ.ta.biˈlis.tɐ/	/kõ.ta.biˈlis.tɐ/	[kõ.ta.biˈlis.tɐ] 会计师<名>
mimir	/miˈmi(ʁ)/	/miˈmi(ʁ)/	[miˈmi(ʁ)] 宠爱<动>
condicionado	/kõ.d͡ʒi.si.oˈna.du/	/kõ.d͡ʒi.si.oˈna.du/	[kõ.d͡ʒi.si.oˈna.du] 调理<形>
està			是吗<动>
resgatar	/ʁez.ɡaˈta(ʁ)/	/ʁez.ɡaˈta(ʁ)/	[ʁez.ɡaˈta(ʁ)] 救援<动>
piquenique	/ˌpi.keˈni.ki/	/ˌpi.keˈni.ki/	[ˌpi.keˈni.ki] 野餐<名>
fornecer	/foʁ.neˈse(ʁ)/	/foʁ.neˈse(ʁ)/	[foʁ.neˈse(ʁ)] 提供<动>
racista	/ʁaˈsis.tɐ/	/ʁaˈsis.tɐ/	[ʁaˈsis.tɐ] 种族主义者<形>
certificar	/seʁ.t͡ʃi.fiˈka(ʁ)/	/seʁ.t͡ʃi.fiˈka(ʁ)/	[seʁ.t͡ʃi.fiˈka(ʁ)] 证明<动>
homenagem	/o.meˈna.ʒẽj̃/	/o.meˈna.ʒẽj̃/	[o.meˈna.ʒẽj̃] 致敬<名>
carregado	/ka.ʁeˈɡa.du/	/ka.ʁeˈɡa.du/	[ka.ʁeˈɡa.du] 已加载<形>
revistar	/ʁe.visˈta(ʁ)/	/ʁe.visˈta(ʁ)/	[ʁe.visˈta(ʁ)] 搜索<动>
arena	/aˈɾẽ.nɐ/	/aˈɾẽ.nɐ/	[aˈɾẽ.nɐ] 竞技场<名>
inesperado	/i.nes.peˈɾa.du/	/i.nes.peˈɾa.du/	[i.nes.peˈɾa.du] 意想不到的<形>
espreitar	/is.pɾejˈta(ʁ)/	/is.pɾejˈta(ʁ)/	[is.pɾejˈta(ʁ)] 窥视<动>
sexualmente	/sek.suˌawˈmẽ.t͡ʃi/	/sek.suˌawˈmẽ.t͡ʃi/	[sek.suˌawˈmẽ.t͡ʃi] 性方面的<副>
miséria	/miˈzɛ.ɾjɐ/	/miˈzɛ.ɾjɐ/	[miˈzɛ.ɾjɐ] 痛苦<名>
cogumelo	/ko.ɡuˈmɛ.lu/	/ko.ɡuˈmɛ.lu/	[ko.ɡuˈmɛ.lu] 蘑菇<名>
amador	/a.maˈdoʁ/	/a.maˈdoʁ/	[a.maˈdoʁ] 业余的<名>
profeta	/pɾoˈfɛ.tɐ/	/pɾoˈfɛ.tɐ/	[pɾoˈfɛ.tɐ] 先知<名>
isolamento	/i.zo.laˈmẽ.tu/	/i.zo.laˈmẽ.tu/	[i.zo.laˈmẽ.tu] 隔离<名>
religioso	/ʁe.li.ʒiˈo.zu/	/ʁe.li.ʒiˈo.zu/	[ʁe.li.ʒiˈo.zu] 宗教的<名>
ninja	/ˈnĩ.ʒɐ/	/ˈnĩ.ʒɐ/	[ˈnĩ.ʒɐ] 忍者<名>
independência	/ĩ.de.pẽˈdẽ.sjɐ/	/ĩ.de.pẽˈdẽ.sjɐ/	[ĩ.de.pẽˈdẽ.sjɐ] 独立性<名>
simpatia	/sĩ.paˈt͡ʃi.ɐ/	/sĩ.paˈt͡ʃi.ɐ/	[sĩ.paˈt͡ʃi.ɐ] 同情<名>
reação	/ʁe.aˈsɐ̃w̃/	/ʁe.aˈsɐ̃w̃/	[ʁe.aˈsɐ̃w̃] 反应<名>
marina	/maˈɾĩ.nɐ/	/maˈɾĩ.nɐ/	[maˈɾĩ.nɐ] 码头<名>
táctica	ˈta.tʃi.kə	ˈta.tʃi.kə	[ˈta.tʃi.kə] 战术<名>
artilharia	/aʁ.t͡ʃi.ʎaˈɾi.ɐ/	/aʁ.t͡ʃi.ʎaˈɾi.ɐ/	[aʁ.t͡ʃi.ʎaˈɾi.ɐ] 火炮<名>
jipe	/ˈʒi.pi/	/ˈʒi.pi/	[ˈʒi.pi] 吉普车<名>
hilariante	/i.la.ɾiˈɐ̃.t͡ʃi/	/i.la.ɾiˈɐ̃.t͡ʃi/	[i.la.ɾiˈɐ̃.t͡ʃi] 搞笑的<形>
piscar	/pisˈka(ʁ)/	/pisˈka(ʁ)/	[pisˈka(ʁ)] 眨眼<动>
pedrado	/peˈdɾa.du/	/peˈdɾa.du/	[peˈdɾa.du] 扔石头的<名>
cuidadoso	/kuj.daˈdo.zu/	/kuj.daˈdo.zu/	[kuj.daˈdo.zu] 小心<形>
sofia	/soˈfi.ɐ/	/soˈfi.ɐ/	[soˈfi.ɐ] 索非亚<名>
formal	/foʁˈmaw/	/foʁˈmaw/	[foʁˈmaw] 正式的<形>
paranóico	pa.ɾa.ˈnɔy.kʊ	pa.ɾa.ˈnɔy.kʊ	[pa.ɾa.ˈnɔy.kʊ] 偏执狂<形>
cooperação	/ko.o.pe.ɾaˈsɐ̃w̃/	/ko.o.pe.ɾaˈsɐ̃w̃/	[ko.o.pe.ɾaˈsɐ̃w̃] 合作<名>
capela	/kaˈpɛ.lɐ/	/kaˈpɛ.lɐ/	[kaˈpɛ.lɐ] 小教堂<名>
quebra	/ˈkɛ.bɾɐ/	/ˈkɛ.bɾɐ/	[ˈkɛ.bɾɐ] 打破<名>
remoto	/ʁeˈmɔ.tu/	/ʁeˈmɔ.tu/	[ʁeˈmɔ.tu] 远程<形>
coco	/ˈko.ku/	/ˈko.ku/	[ˈko.ku] 椰子<名>
retorno	/ʁeˈtoʁ.nu/	/ʁeˈtoʁ.nu/	[ʁeˈtoʁ.nu] 返回<名>
combinar	/kõ.biˈna(ʁ)/	/kõ.biˈna(ʁ)/	[kõ.biˈna(ʁ)] 联合起来<动>
insignificante	/ĩ.si.ɡi.ni.fiˈkɐ̃.t͡ʃi/	/ĩ.si.ɡi.ni.fiˈkɐ̃.t͡ʃi/	[ĩ.si.ɡi.ni.fiˈkɐ̃.t͡ʃi] 微不足道的<形>
zombie	/ˈzõ.bi/	/ˈzõ.bi/	[ˈzõ.bi] 僵尸<名>
suspenso	/susˈpẽ.su/	/susˈpẽ.su/	[susˈpẽ.su] 暂停<形>
tramado	/tɾaˈma.du/	/tɾaˈma.du/	[tɾaˈma.du] 编织的<形>
plasma	/ˈplaz.mɐ/	/ˈplaz.mɐ/	[ˈplaz.mɐ] 等离子<名>
cócega	/ˈkɔ.se.ɡɐ/	/ˈkɔ.se.ɡɐ/	[ˈkɔ.se.ɡɐ] 挠痒痒<名>
fulano	fuˈlɐ̃.nu	fuˈlɐ̃.nu	[fuˈlɐ̃.nu] 某某<名>
espionagem	/is.pi.oˈna.ʒẽj̃/	/is.pi.oˈna.ʒẽj̃/	[is.pi.oˈna.ʒẽj̃] 间谍活动<名>
choro	/ˈʃo.ɾu/	/ˈʃo.ɾu/	[ˈʃo.ɾu] 哭<名>
distribuição	/d͡ʒis.tɾi.bu.iˈsɐ̃w̃/	/d͡ʒis.tɾi.bu.iˈsɐ̃w̃/	[d͡ʒis.tɾi.bu.iˈsɐ̃w̃] 分布<名>
doentio	/do.ẽˈt͡ʃi.u/	/do.ẽˈt͡ʃi.u/	[do.ẽˈt͡ʃi.u] 不健康的<形>
detectar	/de.te.kiˈta(ʁ)/	/de.te.kiˈta(ʁ)/	[de.te.kiˈta(ʁ)] 检测<动>
derrotado	/de.ʁoˈta.du/	/de.ʁoˈta.du/	[de.ʁoˈta.du] 击败<名>
gabar	/ɡaˈba(ʁ)/	/ɡaˈba(ʁ)/	[ɡaˈba(ʁ)] 吹牛<动>
criaram	kɾi.ˈa.ɾãʊ̃	kɾi.ˈa.ɾãʊ̃	[kɾi.ˈa.ɾãʊ̃] 已创建<动>
bode	/ˈbɔ.d͡ʒi/	/ˈbɔ.d͡ʒi/	[ˈbɔ.d͡ʒi] 山羊<名>
refugiado	/ʁe.fu.ʒiˈa.du/	/ʁe.fu.ʒiˈa.du/	[ʁe.fu.ʒiˈa.du] 难民<名>
recusa	/ʁeˈku.zɐ/	/ʁeˈku.zɐ/	[ʁeˈku.zɐ] 拒绝<名>
secar	/seˈka(ʁ)/	/seˈka(ʁ)/	[seˈka(ʁ)] 干<动>
abrandar	/a.bɾɐ̃ˈda(ʁ)/	/a.bɾɐ̃ˈda(ʁ)/	[a.bɾɐ̃ˈda(ʁ)] 慢下来<动>
feijão	/fe(j)ˈʒɐ̃w̃/	/fe(j)ˈʒɐ̃w̃/	[fe(j)ˈʒɐ̃w̃] 豆类<名>
nevoeiro	/ne.vuˈe(j).ɾu/	/ne.vuˈe(j).ɾu/	[ne.vuˈe(j).ɾu] 雾<名>
defeito	/deˈfej.tu/	/deˈfej.tu/	[deˈfej.tu] 缺陷<名>
católico	/kaˈtɔ.li.ku/	/kaˈtɔ.li.ku/	[kaˈtɔ.li.ku] 天主教<名>
mercedes	/meʁˈse.d͡ʒis/	/meʁˈse.d͡ʒis/	[meʁˈse.d͡ʒis] 梅赛德斯<名>
divino	/d͡ʒiˈvĩ.nu/	/d͡ʒiˈvĩ.nu/	[d͡ʒiˈvĩ.nu] 神圣的<形>
isolado	/i.zoˈla.du/	/i.zoˈla.du/	[i.zoˈla.du] 孤立的<形>
suíço	/suˈi.su/	/suˈi.su/	[suˈi.su] 瑞士人<名>
charme	/ˈʃaʁ.mi/	/ˈʃaʁ.mi/	[ˈʃaʁ.mi] 魅力<名>
estavamos	es.ta.ˈvã.mʊs	es.ta.ˈvã.mʊs	[es.ta.ˈvã.mʊs] 我们是<动>
oriental	/o.ɾi.ẽˈtaw/	/o.ɾi.ẽˈtaw/	[o.ɾi.ẽˈtaw] 东部<名>
alpha			阿尔法<名>
operacional	/o.pe.ɾa.si.oˈnaw/	/o.pe.ɾa.si.oˈnaw/	[o.pe.ɾa.si.oˈnaw] 运营的<形>
farda	/ˈfaʁ.dɐ/	/ˈfaʁ.dɐ/	[ˈfaʁ.dɐ] 制服<名>
mudo	/ˈmu.du/	/ˈmu.du/	[ˈmu.du] 静音<名>
sólido	/ˈsɔ.li.du/	/ˈsɔ.li.du/	[ˈsɔ.li.du] 固体<名>
cú			屁股<名>
réu	/ˈʁɛw/	/ˈʁɛw/	[ˈʁɛw] 被告<名>
ressaca	/ʁeˈsa.kɐ/	/ʁeˈsa.kɐ/	[ʁeˈsa.kɐ] 宿醉<名>
pimenta	/piˈmẽ.tɐ/	/piˈmẽ.tɐ/	[piˈmẽ.tɐ] 胡椒<名>
estadual	/is.ta.duˈaw/	/is.ta.duˈaw/	[is.ta.duˈaw] 状态<形>
pousar	/po(w)ˈza(ʁ)/	/po(w)ˈza(ʁ)/	[po(w)ˈza(ʁ)] 土地<动>
pope	/ˈpɔ.pi/	/ˈpɔ.pi/	[ˈpɔ.pi] 教皇<名>
síndrome	/ˈsĩ.dɾo.mi/	/ˈsĩ.dɾo.mi/	[ˈsĩ.dɾo.mi] 综合症<名>
compartilhar	/kõ.paʁ.t͡ʃiˈʎa(ʁ)/	/kõ.paʁ.t͡ʃiˈʎa(ʁ)/	[kõ.paʁ.t͡ʃiˈʎa(ʁ)] 分享<动>
bobo	/ˈbo.bu/	/ˈbo.bu/	[ˈbo.bu] 愚蠢的<名>
drive	/ˈdɾaj.vi/	/ˈdɾaj.vi/	[ˈdɾaj.vi] 开车<名>
dificilmente	/d͡ʒiˌfi.siwˈmẽ.t͡ʃi/	/d͡ʒiˌfi.siwˈmẽ.t͡ʃi/	[d͡ʒiˌfi.siwˈmẽ.t͡ʃi] 几乎不<副>
salvamento	/saw.vaˈmẽ.tu/	/saw.vaˈmẽ.tu/	[saw.vaˈmẽ.tu] 救援<名>
abar	/aˈba(ʁ)/	/aˈba(ʁ)/	[aˈba(ʁ)] 打开<动>
letal	/leˈtaw/	/leˈtaw/	[leˈtaw] 致命的<形>
celular	/se.luˈlaʁ/	/se.luˈlaʁ/	[se.luˈlaʁ] 手机<名>
paradeiro	/pa.ɾaˈde(j).ɾu/	/pa.ɾaˈde(j).ɾu/	[pa.ɾaˈde(j).ɾu] 行踪<名>
adopção	a.dop.ˈsãʊ̃	a.dop.ˈsãʊ̃	[a.dop.ˈsãʊ̃] 收养<名>
incomodado	/ĩ.ko.moˈda.du/	/ĩ.ko.moˈda.du/	[ĩ.ko.moˈda.du] 烦恼<形>
auto	/ˈaw.tu/	/ˈaw.tu/	[ˈaw.tu] 汽车<名>
flecha	/ˈflɛ.ʃɐ/	/ˈflɛ.ʃɐ/	[ˈflɛ.ʃɐ] 箭头<名>
flutuar	/flu.tuˈa(ʁ)/	/flu.tuˈa(ʁ)/	[flu.tuˈa(ʁ)] 浮动<动>
inicio	i.ni.ˈsi.ʊ	i.ni.ˈsi.ʊ	[i.ni.ˈsi.ʊ] 家<名>
depor	/deˈpoʁ/	/deˈpoʁ/	[deˈpoʁ] 作证<动>
artéria	/aʁˈtɛ.ɾjɐ/	/aʁˈtɛ.ɾjɐ/	[aʁˈtɛ.ɾjɐ] 动脉<名>
fenda	/ˈfẽ.dɐ/	/ˈfẽ.dɐ/	[ˈfẽ.dɐ] 狭缝<名>
batom	/baˈtõ/	/baˈtõ/	[baˈtõ] 口红<名>
val	/ˈvaw/	/ˈvaw/	[ˈvaw] 瓦尔<名>
furacão	/fu.ɾaˈkɐ̃w̃/	/fu.ɾaˈkɐ̃w̃/	[fu.ɾaˈkɐ̃w̃] 飓风<名>
cimo	/ˈsĩ.mu/	/ˈsĩ.mu/	[ˈsĩ.mu] 顶部<名>
satisfação	/sa.t͡ʃis.faˈsɐ̃w̃/	/sa.t͡ʃis.faˈsɐ̃w̃/	[sa.t͡ʃis.faˈsɐ̃w̃] 满意<名>
colchão	/ko(w)ˈʃɐ̃w̃/	/ko(w)ˈʃɐ̃w̃/	[ko(w)ˈʃɐ̃w̃] 床垫<名>
jacto			喷射机<名>
trocos	ˈtɾɔ.kʊs	ˈtɾɔ.kʊs	[ˈtɾɔ.kʊs] 改变<名>
fachada	/faˈʃa.dɐ/	/faˈʃa.dɐ/	[faˈʃa.dɐ] 门面<名>
hostil	/osˈt͡ʃiw/	/osˈt͡ʃiw/	[osˈt͡ʃiw] 敌对的<形>
casco	/ˈkas.ku/	/ˈkas.ku/	[ˈkas.ku] 船体<名>
enviaram	ẽ.vi.ˈa.ɾãʊ̃	ẽ.vi.ˈa.ɾãʊ̃	[ẽ.vi.ˈa.ɾãʊ̃] 已发送<动>
imortal	/i.moʁˈtaw/	/i.moʁˈtaw/	[i.moʁˈtaw] 不朽的<名>
feriado	/fe.ɾiˈa.du/	/fe.ɾiˈa.du/	[fe.ɾiˈa.du] 假期<名>
golo	/ˈɡo.lu/	/ˈɡo.lu/	[ˈɡo.lu] 目标<名>
sentimental	/sẽ.t͡ʃi.mẽˈtaw/	/sẽ.t͡ʃi.mẽˈtaw/	[sẽ.t͡ʃi.mẽˈtaw] 多愁善感的<形>
corporal	/koʁ.poˈɾaw/	/koʁ.poˈɾaw/	[koʁ.poˈɾaw] 身体<名>
desafiar	/de.za.fiˈa(ʁ)/	/de.za.fiˈa(ʁ)/	[de.za.fiˈa(ʁ)] 挑战<动>
fofo	/ˈfo.fu/	/ˈfo.fu/	[ˈfo.fu] 可爱<形>
gestão	/ʒesˈtɐ̃w̃/	/ʒesˈtɐ̃w̃/	[ʒesˈtɐ̃w̃] 管理<名>
sabido	/saˈbi.du/	/saˈbi.du/	[saˈbi.du] 已知的<形>
cruzeiro	/kɾuˈze(j).ɾu/	/kɾuˈze(j).ɾu/	[kɾuˈze(j).ɾu] 巡航<名>
recomendar	/ʁe.ko.mẽˈda(ʁ)/	/ʁe.ko.mẽˈda(ʁ)/	[ʁe.ko.mẽˈda(ʁ)] 推荐<动>
madre	/ˈma.dɾi/	/ˈma.dɾi/	[ˈma.dɾi] 妈妈<名>
apocalipse	/a.po.kaˈlip.si/	/a.po.kaˈlip.si/	[a.po.kaˈlip.si] 启示录<名>
falência	/faˈlẽ.sjɐ/	/faˈlẽ.sjɐ/	[faˈlẽ.sjɐ] 破产<名>
atleta	/aˈtlɛ.tɐ/	/aˈtlɛ.tɐ/	[aˈtlɛ.tɐ] 运动员<名>
discreto	/d͡ʒisˈkɾɛ.tu/	/d͡ʒisˈkɾɛ.tu/	[d͡ʒisˈkɾɛ.tu] 谨慎的<形>
nã			不<叹>
dc	/ˌdeˈse/	/ˌdeˈse/	[ˌdeˈse] 直流电<副>
expressar	/is.pɾeˈsa(ʁ)/	/is.pɾeˈsa(ʁ)/	[is.pɾeˈsa(ʁ)] 快递<动>
ofender	/o.fẽˈde(ʁ)/	/o.fẽˈde(ʁ)/	[o.fẽˈde(ʁ)] 冒犯<动>
ninguem	ˈnĩ.gẽỹ	ˈnĩ.gẽỹ	[ˈnĩ.gẽỹ] 没有人<名>
montano	/mõˈtɐ̃.nu/	/mõˈtɐ̃.nu/	[mõˈtɐ̃.nu] 山地<形>
lida	/ˈli.dɐ/	/ˈli.dɐ/	[ˈli.dɐ] 读<名>
artificial	/aʁ.t͡ʃi.fi.siˈaw/	/aʁ.t͡ʃi.fi.siˈaw/	[aʁ.t͡ʃi.fi.siˈaw] 人工的<形>
fractura	fɾa.ˈtu.ɾə	fɾa.ˈtu.ɾə	[fɾa.ˈtu.ɾə] 骨折<名>
consultar	/kõ.suwˈta(ʁ)/	/kõ.suwˈta(ʁ)/	[kõ.suwˈta(ʁ)] 咨询<动>
galo	/ˈɡa.lu/	/ˈɡa.lu/	[ˈɡa.lu] 公鸡<名>
digressão	/d͡ʒi.ɡɾeˈsɐ̃w̃/	/d͡ʒi.ɡɾeˈsɐ̃w̃/	[d͡ʒi.ɡɾeˈsɐ̃w̃] 游览<名>
grade	/ˈɡɾa.d͡ʒi/	/ˈɡɾa.d͡ʒi/	[ˈɡɾa.d͡ʒi] 网格<名>
percorrer	/peʁ.koˈʁe(ʁ)/	/peʁ.koˈʁe(ʁ)/	[peʁ.koˈʁe(ʁ)] 遍历<动>
sacar	/saˈka(ʁ)/	/saˈka(ʁ)/	[saˈka(ʁ)] 撤回<动>
possivel	po.si.ˈvew	po.si.ˈvew	[po.si.ˈvew] 可能<形>
revolto	/ʁeˈvow.tu/	/ʁeˈvow.tu/	[ʁeˈvow.tu] 叛逆的<形>
cintura	/sĩˈtu.ɾɐ/	/sĩˈtu.ɾɐ/	[sĩˈtu.ɾɐ] 腰<名>
precisão	/pɾe.siˈzɐ̃w̃/	/pɾe.siˈzɐ̃w̃/	[pɾe.siˈzɐ̃w̃] 精度<名>
marcação	/maʁ.kaˈsɐ̃w̃/	/maʁ.kaˈsɐ̃w̃/	[maʁ.kaˈsɐ̃w̃] 标记<名>
abençoado	/a.bẽ.soˈa.du/	/a.bẽ.soˈa.du/	[a.bẽ.soˈa.du] 有福的<形>
gaita	/ˈɡaj.tɐ/	/ˈɡaj.tɐ/	[ˈɡaj.tɐ] 口琴<名>
anedota	/a.neˈdɔ.tɐ/	/a.neˈdɔ.tɐ/	[a.neˈdɔ.tɐ] 轶事<名>
chichi	/ʃiˈʃi/	/ʃiˈʃi/	[ʃiˈʃi] 撒尿<名>
avariado	/a.va.ɾiˈa.du/	/a.va.ɾiˈa.du/	[a.va.ɾiˈa.du] 坏了<形>
lote	/ˈlɔ.t͡ʃi/	/ˈlɔ.t͡ʃi/	[ˈlɔ.t͡ʃi] 很多<名>
ganharam	gã.ˈɲa.ɾãʊ̃	gã.ˈɲa.ɾãʊ̃	[gã.ˈɲa.ɾãʊ̃] 赢了<动>
encarregado	/ẽ.ka.ʁeˈɡa.du/	/ẽ.ka.ʁeˈɡa.du/	[ẽ.ka.ʁeˈɡa.du] 负责<形>
irrelevante	/i.ʁe.leˈvɐ̃.t͡ʃi/	/i.ʁe.leˈvɐ̃.t͡ʃi/	[i.ʁe.leˈvɐ̃.t͡ʃi] 不相关的<形>
ruiva	/ˈʁuj.vɐ/	/ˈʁuj.vɐ/	[ˈʁuj.vɐ] 红发女郎<名>
vegetal	/ve.ʒeˈtaw/	/ve.ʒeˈtaw/	[ve.ʒeˈtaw] 蔬菜<名>
pêlo	ˈpe.lʊ	ˈpe.lʊ	[ˈpe.lʊ] 毛皮<名>
numero	nu.ˈmɛ.ɾʊ	nu.ˈmɛ.ɾʊ	[nu.ˈmɛ.ɾʊ] 数量<名>
pleno	/ˈplẽ.nu/	/ˈplẽ.nu/	[ˈplẽ.nu] 满<形>
transmissor	/tɾɐ̃z.miˈsoʁ/	/tɾɐ̃z.miˈsoʁ/	[tɾɐ̃z.miˈsoʁ] 发射器<名>
queixar	/ke(j)ˈʃa(ʁ)/	/ke(j)ˈʃa(ʁ)/	[ke(j)ˈʃa(ʁ)] 抱怨<动>
instalar	/ĩs.taˈla(ʁ)/	/ĩs.taˈla(ʁ)/	[ĩs.taˈla(ʁ)] 安装<动>
camioneta	/ka.mi.oˈnɛ.tɐ/	/ka.mi.oˈnɛ.tɐ/	[ka.mi.oˈnɛ.tɐ] 卡车<名>
espetacular	/is.pe.ta.kuˈlaʁ/	/is.pe.ta.kuˈlaʁ/	[is.pe.ta.kuˈlaʁ] 壮观的<形>
satisfazer	/sa.t͡ʃis.faˈze(ʁ)/	/sa.t͡ʃis.faˈze(ʁ)/	[sa.t͡ʃis.faˈze(ʁ)] 满足<动>
lateral	/la.teˈɾaw/	/la.teˈɾaw/	[la.teˈɾaw] 侧面<名>
raio-x	/ˈʁaj.u ˈʃis/	/ˈʁaj.u ˈʃis/	[ˈʁaj.u ˈʃis] X射线<名>
gama	/ˈɡɐ̃.mɐ/	/ˈɡɐ̃.mɐ/	[ˈɡɐ̃.mɐ] 范围<名>
menu	/meˈnu/	/meˈnu/	[meˈnu] 菜单<名>
insinuar	/ĩ.si.nuˈa(ʁ)/	/ĩ.si.nuˈa(ʁ)/	[ĩ.si.nuˈa(ʁ)] 暗示<动>
lo	/lu/	/lu/	[lu] 它<代>
assento	/aˈsẽ.tu/	/aˈsẽ.tu/	[aˈsẽ.tu] 座位<名>
ferir	/fiˈɾi(ʁ)/	/fiˈɾi(ʁ)/	[fiˈɾi(ʁ)] 受伤<动>
magro	/ˈma.ɡɾu/	/ˈma.ɡɾu/	[ˈma.ɡɾu] 薄<形>
estágio	/isˈta.ʒju/	/isˈta.ʒju/	[isˈta.ʒju] 实习<名>
alá	/a.ˈla/	/a.ˈla/	[a.ˈla] 安拉<叹>
sova	/ˈsɔ.vɐ/	/ˈsɔ.vɐ/	[ˈsɔ.vɐ] 揉<名>
esgoto	/izˈɡo.tu/	/izˈɡo.tu/	[izˈɡo.tu] 污水<名>
ajustar	/a.ʒusˈta(ʁ)/	/a.ʒusˈta(ʁ)/	[a.ʒusˈta(ʁ)] 调整<动>
doçura	/doˈsu.ɾɐ/	/doˈsu.ɾɐ/	[doˈsu.ɾɐ] 甜味<名>
recorrer	/ʁe.koˈʁe(ʁ)/	/ʁe.koˈʁe(ʁ)/	[ʁe.koˈʁe(ʁ)] 度假村<动>
ditado	/d͡ʒiˈta.du/	/d͡ʒiˈta.du/	[d͡ʒiˈta.du] 听写<名>
zoológico	/zoˈlɔ.ʒi.ku/	/zoˈlɔ.ʒi.ku/	[zoˈlɔ.ʒi.ku] 动物园<名>
emocionalmente	/e.mo.si.oˌnawˈmẽ.t͡ʃi/	/e.mo.si.oˌnawˈmẽ.t͡ʃi/	[e.mo.si.oˌnawˈmẽ.t͡ʃi] 情感上地<副>
desmaiar	/dez.majˈa(ʁ)/	/dez.majˈa(ʁ)/	[dez.majˈa(ʁ)] 微弱的<动>
esmagar	/iz.maˈɡa(ʁ)/	/iz.maˈɡa(ʁ)/	[iz.maˈɡa(ʁ)] 暗恋<动>
desvio	/dezˈvi.u/	/dezˈvi.u/	[dezˈvi.u] 偏差<名>
asilo	/aˈzi.lu/	/aˈzi.lu/	[aˈzi.lu] 庇护<名>
inteiramente	/ĩˌte(j).ɾaˈmẽ.t͡ʃi/	/ĩˌte(j).ɾaˈmẽ.t͡ʃi/	[ĩˌte(j).ɾaˈmẽ.t͡ʃi] 完全<副>
mal-entendido	/ma.l‿ẽ.tẽˈd͡ʒi.du/	/ma.l‿ẽ.tẽˈd͡ʒi.du/	[ma.l‿ẽ.tẽˈd͡ʒi.du] 误会<名>
impecável	/ĩ.peˈka.vew/	/ĩ.peˈka.vew/	[ĩ.peˈka.vew] 无可挑剔的<形>
riso	/ˈʁi.zu/	/ˈʁi.zu/	[ˈʁi.zu] 笑声<名>
ironia	/i.ɾoˈni.ɐ/	/i.ɾoˈni.ɐ/	[i.ɾoˈni.ɐ] 讽刺<名>
picante	/piˈkɐ̃.t͡ʃi/	/piˈkɐ̃.t͡ʃi/	[piˈkɐ̃.t͡ʃi] 辣的<名>
idoso	/iˈdo.zu/	/iˈdo.zu/	[iˈdo.zu] 老人<名>
navegar	/na.veˈɡa(ʁ)/	/na.veˈɡa(ʁ)/	[na.veˈɡa(ʁ)] 浏览<动>
recolha	/ʁeˈko.ʎɐ/	/ʁeˈko.ʎɐ/	[ʁeˈko.ʎɐ] 收藏<名>
cometa	/koˈme.tɐ/	/koˈme.tɐ/	[koˈme.tɐ] 彗星<名>
comandar	/ko.mɐ̃ˈda(ʁ)/	/ko.mɐ̃ˈda(ʁ)/	[ko.mɐ̃ˈda(ʁ)] 命令<动>
aplicação	/a.pli.kaˈsɐ̃w̃/	/a.pli.kaˈsɐ̃w̃/	[a.pli.kaˈsɐ̃w̃] 应用<名>
paisagem	/pajˈza.ʒẽj̃/	/pajˈza.ʒẽj̃/	[pajˈza.ʒẽj̃] 风景<名>
pouquinho	/po(w)ˈkĩ.ɲu/	/po(w)ˈkĩ.ɲu/	[po(w)ˈkĩ.ɲu] 一点点<名>
comentar	/ko.mẽˈta(ʁ)/	/ko.mẽˈta(ʁ)/	[ko.mẽˈta(ʁ)] 评论<动>
congelado	/kõ.ʒeˈla.du/	/kõ.ʒeˈla.du/	[kõ.ʒeˈla.du] 冷冻的<名>
pátria	/ˈpa.tɾjɐ/	/ˈpa.tɾjɐ/	[ˈpa.tɾjɐ] 祖国<名>
sugar	/suˈɡa(ʁ)/	/suˈɡa(ʁ)/	[suˈɡa(ʁ)] 吸<动>
condessa	/kõˈde.sɐ/	/kõˈde.sɐ/	[kõˈde.sɐ] 伯爵夫人<名>
ligeiramente	/liˌʒe(j).ɾaˈmẽ.t͡ʃi/	/liˌʒe(j).ɾaˈmẽ.t͡ʃi/	[liˌʒe(j).ɾaˈmẽ.t͡ʃi] 稍微<副>
gatar	/ɡaˈta(ʁ)/	/ɡaˈta(ʁ)/	[ɡaˈta(ʁ)] 猫<动>
interferência	/ĩ.teʁ.feˈɾẽ.sjɐ/	/ĩ.teʁ.feˈɾẽ.sjɐ/	[ĩ.teʁ.feˈɾẽ.sjɐ] 干扰<名>
alcunha	/awˈkũ.ɲɐ/	/awˈkũ.ɲɐ/	[awˈkũ.ɲɐ] 昵称<名>
estadia	/is.taˈd͡ʒi.ɐ/	/is.taˈd͡ʒi.ɐ/	[is.taˈd͡ʒi.ɐ] 留下来<名>
bem-estar	/ˌbẽj̃.isˈta(ʁ)/	/ˌbẽj̃.isˈta(ʁ)/	[ˌbẽj̃.isˈta(ʁ)] 福祉<名>
consumo	/kõˈsũ.mu/	/kõˈsũ.mu/	[kõˈsũ.mu] 消费<名>
prejudicar	/pɾe.ʒu.d͡ʒiˈka(ʁ)/	/pɾe.ʒu.d͡ʒiˈka(ʁ)/	[pɾe.ʒu.d͡ʒiˈka(ʁ)] 伤害<动>
nomeado	/no.meˈa.du/	/no.meˈa.du/	[no.meˈa.du] 命名的<形>
pisar	/piˈza(ʁ)/	/piˈza(ʁ)/	[piˈza(ʁ)] 践踏<动>
celebração	/se.le.bɾaˈsɐ̃w̃/	/se.le.bɾaˈsɐ̃w̃/	[se.le.bɾaˈsɐ̃w̃] 庆祝活动<名>
despertar	/des.peʁˈta(ʁ)/	/des.peʁˈta(ʁ)/	[des.peʁˈta(ʁ)] 唤醒<名>
estupor	/is.tuˈpoʁ/	/is.tuˈpoʁ/	[is.tuˈpoʁ] 昏迷<名>
manipular	/ma.ni.puˈla(ʁ)/	/ma.ni.puˈla(ʁ)/	[ma.ni.puˈla(ʁ)] 操纵<动>
fragmento	/fɾa.ɡiˈmẽ.tu/	/fɾa.ɡiˈmẽ.tu/	[fɾa.ɡiˈmẽ.tu] 片段<名>
point	/ˈpõj̃.t͡ʃ(i)/	/ˈpõj̃.t͡ʃ(i)/	[ˈpõj̃.t͡ʃ(i)] 点<名>
preservativo	/pɾe.zeʁ.vaˈt͡ʃi.vu/	/pɾe.zeʁ.vaˈt͡ʃi.vu/	[pɾe.zeʁ.vaˈt͡ʃi.vu] 避孕套<名>
verificação	/ve.ɾi.fi.kaˈsɐ̃w̃/	/ve.ɾi.fi.kaˈsɐ̃w̃/	[ve.ɾi.fi.kaˈsɐ̃w̃] 验证<名>
ruína	/ʁuˈĩ.nɐ/	/ʁuˈĩ.nɐ/	[ʁuˈĩ.nɐ] 废墟<名>
chulo	/ˈʃu.lu/	/ˈʃu.lu/	[ˈʃu.lu] 皮条客<名>
camada	/kaˈma.dɐ/	/kaˈma.dɐ/	[kaˈma.dɐ] 层<名>
mantimento	/mɐ̃.t͡ʃiˈmẽ.tu/	/mɐ̃.t͡ʃiˈmẽ.tu/	[mɐ̃.t͡ʃiˈmẽ.tu] 杂货店<名>
incomum	/ĩ.koˈmũ/	/ĩ.koˈmũ/	[ĩ.koˈmũ] 不寻常的<形>
contrabando	/kõ.tɾaˈbɐ̃.du/	/kõ.tɾaˈbɐ̃.du/	[kõ.tɾaˈbɐ̃.du] 违禁品<名>
brandy	/ˈbɾɐ̃.d͡ʒi/	/ˈbɾɐ̃.d͡ʒi/	[ˈbɾɐ̃.d͡ʒi] 白兰地<名>
vilão	/viˈlɐ̃w̃/	/viˈlɐ̃w̃/	[viˈlɐ̃w̃] 恶棍<名>
organismo	/oʁ.ɡaˈniz.mu/	/oʁ.ɡaˈniz.mu/	[oʁ.ɡaˈniz.mu] 有机体<名>
formiga	/foʁˈmi.ɡɐ/	/foʁˈmi.ɡɐ/	[foʁˈmi.ɡɐ] 蚂蚁<名>
pico	/ˈpi.ku/	/ˈpi.ku/	[ˈpi.ku] 峰值<名>
residente	/ʁe.ziˈdẽ.t͡ʃi/	/ʁe.ziˈdẽ.t͡ʃi/	[ʁe.ziˈdẽ.t͡ʃi] 居民<名>
contabilidade	/kõ.ta.bi.liˈda.d͡ʒi/	/kõ.ta.bi.liˈda.d͡ʒi/	[kõ.ta.bi.liˈda.d͡ʒi] 会计<名>
dinossauro	/d͡ʒi.noˈsaw.ɾu/	/d͡ʒi.noˈsaw.ɾu/	[d͡ʒi.noˈsaw.ɾu] 恐龙<名>
mérito	/ˈmɛ.ɾi.tu/	/ˈmɛ.ɾi.tu/	[ˈmɛ.ɾi.tu] 优点<名>
gasto	/ˈɡas.tu/	/ˈɡas.tu/	[ˈɡas.tu] 花费了<名>
tomaram	to.ˈma.ɾãʊ̃	to.ˈma.ɾãʊ̃	[to.ˈma.ɾãʊ̃] 采取了<动>
sossegado	/so.seˈɡa.du/	/so.seˈɡa.du/	[so.seˈɡa.du] 和平的<形>
farsa	/ˈfaʁ.sɐ/	/ˈfaʁ.sɐ/	[ˈfaʁ.sɐ] 闹剧<名>
fossemos	fo.ˈsẽ.mʊs	fo.ˈsẽ.mʊs	[fo.ˈsẽ.mʊs] 我们是<动>
crack	/ˈkɾa.ki/	/ˈkɾa.ki/	[ˈkɾa.ki] 裂纹<名>
lume	/ˈlũ.mi/	/ˈlũ.mi/	[ˈlũ.mi] 火<名>
mi	/ˈmi/	/ˈmi/	[ˈmi] 我<名>
borboleta	/boʁ.boˈle.tɐ/	/boʁ.boˈle.tɐ/	[boʁ.boˈle.tɐ] 蝴蝶<名>
formulário	/foʁ.muˈla.ɾju/	/foʁ.muˈla.ɾju/	[foʁ.muˈla.ɾju] 形式<名>
cinzento	/sĩˈzẽ.tu/	/sĩˈzẽ.tu/	[sĩˈzẽ.tu] 灰色<名>
tenso	/ˈtẽ.su/	/ˈtẽ.su/	[ˈtẽ.su] 紧张<形>
entretenimento	/ˌẽ.tɾe.te.niˈmẽ.tu/	/ˌẽ.tɾe.te.niˈmẽ.tu/	[ˌẽ.tɾe.te.niˈmẽ.tu] 娱乐<名>
latim	/laˈt͡ʃĩ/	/laˈt͡ʃĩ/	[laˈt͡ʃĩ] 拉丁语<名>
gaiola	/ɡajˈɔ.lɐ/	/ɡajˈɔ.lɐ/	[ɡajˈɔ.lɐ] 笼子<名>
peruca	/piˈɾu.kɐ/	/piˈɾu.kɐ/	[piˈɾu.kɐ] 假发<名>
reitor	/ʁejˈtoʁ/	/ʁejˈtoʁ/	[ʁejˈtoʁ] 校长<名>
reportagem	/ʁe.poʁˈta.ʒẽj̃/	/ʁe.poʁˈta.ʒẽj̃/	[ʁe.poʁˈta.ʒẽj̃] 报告<名>
rodar	/ʁoˈda(ʁ)/	/ʁoˈda(ʁ)/	[ʁoˈda(ʁ)] 旋转<动>
terrivelmente	/teˌʁi.vewˈmẽ.t͡ʃi/	/teˌʁi.vewˈmẽ.t͡ʃi/	[teˌʁi.vewˈmẽ.t͡ʃi] 可怕地<副>
tráfego	/ˈtɾa.fe.ɡu/	/ˈtɾa.fe.ɡu/	[ˈtɾa.fe.ɡu] 交通<名>
berço	/ˈbeʁ.su/	/ˈbeʁ.su/	[ˈbeʁ.su] 婴儿床<名>
psicólogo	/pi.siˈkɔ.lo.ɡu/	/pi.siˈkɔ.lo.ɡu/	[pi.siˈkɔ.lo.ɡu] 心理学家<名>
pan	/ˈpɐ̃/	/ˈpɐ̃/	[ˈpɐ̃] 平底锅<名>
estatuto	/is.taˈtu.tu/	/is.taˈtu.tu/	[is.taˈtu.tu] 状态<名>
exausto	/eˈzaws.tu/	/eˈzaws.tu/	[eˈzaws.tu] 筋疲力尽<形>
imigração	/i.mi.ɡɾaˈsɐ̃w̃/	/i.mi.ɡɾaˈsɐ̃w̃/	[i.mi.ɡɾaˈsɐ̃w̃] 移民<名>
empurra	/ẽˈpu.ʁɐ/	/ẽˈpu.ʁɐ/	[ẽˈpu.ʁɐ] 推<名>
doméstico	/doˈmɛs.t͡ʃi.ku/	/doˈmɛs.t͡ʃi.ku/	[doˈmɛs.t͡ʃi.ku] 国内<名>
crucial	/kɾu.siˈaw/	/kɾu.siˈaw/	[kɾu.siˈaw] 至关重要的<形>
biologia	/bi.o.loˈʒi.ɐ/	/bi.o.loˈʒi.ɐ/	[bi.o.loˈʒi.ɐ] 生物学<名>
pano	/ˈpɐ̃.nu/	/ˈpɐ̃.nu/	[ˈpɐ̃.nu] 布<名>
atropelar	/a.tɾu.peˈla(ʁ)/	/a.tɾu.peˈla(ʁ)/	[a.tɾu.peˈla(ʁ)] 碾过<动>
oposição	/o.po.ziˈsɐ̃w̃/	/o.po.ziˈsɐ̃w̃/	[o.po.ziˈsɐ̃w̃] 反对派<名>
stripper			脱衣舞娘<名>
escolheram	es.ko.ˈʎe.ɾãʊ̃	es.ko.ˈʎe.ɾãʊ̃	[es.ko.ˈʎe.ɾãʊ̃] 选择了<动>
ventilação	/vẽ.t͡ʃi.laˈsɐ̃w̃/	/vẽ.t͡ʃi.laˈsɐ̃w̃/	[vẽ.t͡ʃi.laˈsɐ̃w̃] 通风<名>
blusa	/ˈblu.zɐ/	/ˈblu.zɐ/	[ˈblu.zɐ] 衬衫<名>
fundamental	/fũ.da.mẽˈtaw/	/fũ.da.mẽˈtaw/	[fũ.da.mẽˈtaw] 基本的<形>
fi	/ˈfi/	/ˈfi/	[ˈfi] 菲<名>
insulto	/ĩˈsuw.tu/	/ĩˈsuw.tu/	[ĩˈsuw.tu] 侮辱<名>
limusina	/li.muˈzĩ.nɐ/	/li.muˈzĩ.nɐ/	[li.muˈzĩ.nɐ] 豪华轿车<名>
reservado	/ʁe.zeʁˈva.du/	/ʁe.zeʁˈva.du/	[ʁe.zeʁˈva.du] 保留<形>
nocturno			夜间活动的<形>
molhada	/moˈʎa.dɐ/	/moˈʎa.dɐ/	[moˈʎa.dɐ] 湿的<名>
emenda	/eˈmẽ.dɐ/	/eˈmẽ.dɐ/	[eˈmẽ.dɐ] 修正案<名>
regimento	/ʁe.ʒiˈmẽ.tu/	/ʁe.ʒiˈmẽ.tu/	[ʁe.ʒiˈmẽ.tu] 团<名>
créditos	/ˈkɾɛ.d͡ʒi.tus/	/ˈkɾɛ.d͡ʒi.tus/	[ˈkɾɛ.d͡ʒi.tus] 学分<名>
cera	/ˈse.ɾɐ/	/ˈse.ɾɐ/	[ˈse.ɾɐ] 蜡<名>
pontaria	/põ.taˈɾi.ɐ/	/põ.taˈɾi.ɐ/	[põ.taˈɾi.ɐ] 目标<名>
enforcar	/ẽ.foʁˈka(ʁ)/	/ẽ.foʁˈka(ʁ)/	[ẽ.foʁˈka(ʁ)] 挂<动>
tentativo	/tẽ.taˈt͡ʃi.vu/	/tẽ.taˈt͡ʃi.vu/	[tẽ.taˈt͡ʃi.vu] 暂定的<形>
comprimento	/kõ.pɾiˈmẽ.tu/	/kõ.pɾiˈmẽ.tu/	[kõ.pɾiˈmẽ.tu] 长度<名>
case	/ˈkej.zi/	/ˈkej.zi/	[ˈkej.zi] 案例<名>
tabuleiro	/ta.buˈle(j).ɾu/	/ta.buˈle(j).ɾu/	[ta.buˈle(j).ɾu] 董事会<名>
decorrer	/de.koˈʁe(ʁ)/	/de.koˈʁe(ʁ)/	[de.koˈʁe(ʁ)] 发生<动>
afundar	/a.fũˈda(ʁ)/	/a.fũˈda(ʁ)/	[a.fũˈda(ʁ)] 水槽<动>
parvoíce	/paʁ.voˈi.si/	/paʁ.voˈi.si/	[paʁ.voˈi.si] 废话<名>
animar	a.ni.ˈmax	a.ni.ˈmax	[a.ni.ˈmax] 欢呼<名>
fax	/ˈfaks/	/ˈfaks/	[ˈfaks] 传真<名>
agradecimento	/a.ɡɾa.de.siˈmẽ.tu/	/a.ɡɾa.de.siˈmẽ.tu/	[a.ɡɾa.de.siˈmẽ.tu] 谢谢<名>
recomendação	/ʁe.ko.mẽ.daˈsɐ̃w̃/	/ʁe.ko.mẽ.daˈsɐ̃w̃/	[ʁe.ko.mẽ.daˈsɐ̃w̃] 推荐<名>
d.c.			华盛顿特区<副>
abater	/a.baˈte(ʁ)/	/a.baˈte(ʁ)/	[a.baˈte(ʁ)] 屠宰<动>
primária	/pɾiˈma.ɾjɐ/	/pɾiˈma.ɾjɐ/	[pɾiˈma.ɾjɐ] 小学<名>
disfarçado	/d͡ʒis.faʁˈsa.du/	/d͡ʒis.faʁˈsa.du/	[d͡ʒis.faʁˈsa.du] 伪装的<形>
arsenal	/aʁ.seˈnaw/	/aʁ.seˈnaw/	[aʁ.seˈnaw] 兵工厂<名>
aceitável	/a.sejˈta.vew/	/a.sejˈta.vew/	[a.sejˈta.vew] 可以接受<形>
piza	/ˈpi.zɐ/	/ˈpi.zɐ/	[ˈpi.zɐ] 披萨<名>
boss	/ˈbɔ(j)s/	/ˈbɔ(j)s/	[ˈbɔ(j)s] 老板<名>
transição	/tɾɐ̃.ziˈsɐ̃w̃/	/tɾɐ̃.ziˈsɐ̃w̃/	[tɾɐ̃.ziˈsɐ̃w̃] 过渡<名>
pudim	/puˈd͡ʒĩ/	/puˈd͡ʒĩ/	[puˈd͡ʒĩ] 布丁<名>
dinamite	/d͡ʒi.naˈmi.t͡ʃi/	/d͡ʒi.naˈmi.t͡ʃi/	[d͡ʒi.naˈmi.t͡ʃi] 炸药<名>
sabão	/saˈbɐ̃w̃/	/saˈbɐ̃w̃/	[saˈbɐ̃w̃] 肥皂<名>
alucinação	/a.lu.si.naˈsɐ̃w̃/	/a.lu.si.naˈsɐ̃w̃/	[a.lu.si.naˈsɐ̃w̃] 幻觉<名>
arredores	/a.ʁeˈdɔ.ɾis/	/a.ʁeˈdɔ.ɾis/	[a.ʁeˈdɔ.ɾis] 周围环境<名>
soviético	/so.viˈɛ.t͡ʃi.ku/	/so.viˈɛ.t͡ʃi.ku/	[so.viˈɛ.t͡ʃi.ku] 苏联<形>
biológico	/bi.oˈlɔ.ʒi.ku/	/bi.oˈlɔ.ʒi.ku/	[bi.oˈlɔ.ʒi.ku] 生物的<形>
ausente	/awˈzẽ.t͡ʃi/	/awˈzẽ.t͡ʃi/	[awˈzẽ.t͡ʃi] 缺席<形>
batida	/baˈt͡ʃi.dɐ/	/baˈt͡ʃi.dɐ/	[baˈt͡ʃi.dɐ] 击败<名>
terramoto	/te.ʁaˈmɔ.tu/	/te.ʁaˈmɔ.tu/	[te.ʁaˈmɔ.tu] 地震<名>
insensível	/ĩ.sẽˈsi.vew/	/ĩ.sẽˈsi.vew/	[ĩ.sẽˈsi.vew] 不敏感的<形>
alimentação	/a.li.mẽ.taˈsɐ̃w̃/	/a.li.mẽ.taˈsɐ̃w̃/	[a.li.mẽ.taˈsɐ̃w̃] 食物<名>
cúpula	/ˈku.pu.lɐ/	/ˈku.pu.lɐ/	[ˈku.pu.lɐ] 圆顶<名>
tequila	/teˈki.lɐ/	/teˈki.lɐ/	[teˈki.lɐ] 龙舌兰酒<名>
freire	/ˈfɾe(j).ɾi/	/ˈfɾe(j).ɾi/	[ˈfɾe(j).ɾi] 弗莱雷<名>
violino	/vi.oˈlĩ.nu/	/vi.oˈlĩ.nu/	[vi.oˈlĩ.nu] 小提琴<名>
negativa	ne.ga.ˈtʃi.və	ne.ga.ˈtʃi.və	[ne.ga.ˈtʃi.və] 消极的<名>
transformação	/tɾɐ̃s.foʁ.maˈsɐ̃w̃/	/tɾɐ̃s.foʁ.maˈsɐ̃w̃/	[tɾɐ̃s.foʁ.maˈsɐ̃w̃] 转变<名>
nozes	/ˈnɔ.zis/	/ˈnɔ.zis/	[ˈnɔ.zis] 坚果<代>
prateleira	/pɾa.t͡ʃiˈle(j).ɾɐ/	/pɾa.t͡ʃiˈle(j).ɾɐ/	[pɾa.t͡ʃiˈle(j).ɾɐ] 架子<名>
gostaram	gos.ˈta.ɾãʊ̃	gos.ˈta.ɾãʊ̃	[gos.ˈta.ɾãʊ̃] 喜欢<动>
gata	/ˈɡa.tɐ/	/ˈɡa.tɐ/	[ˈɡa.tɐ] 宝贝<名>
ss			SS<名>
preguiçoso	/pɾe.ɡiˈso.zu/	/pɾe.ɡiˈso.zu/	[pɾe.ɡiˈso.zu] 懒惰<形>
imperial	/ĩ.pe.ɾiˈaw/	/ĩ.pe.ɾiˈaw/	[ĩ.pe.ɾiˈaw] 帝国的<名>
irónico	/iˈɾɔ.ni.ku/	/iˈɾɔ.ni.ku/	[iˈɾɔ.ni.ku] 讽刺的<形>
canja	/ˈkɐ̃.ʒɐ/	/ˈkɐ̃.ʒɐ/	[ˈkɐ̃.ʒɐ] 鸡汤<名>
congelar	/kõ.ʒeˈla(ʁ)/	/kõ.ʒeˈla(ʁ)/	[kõ.ʒeˈla(ʁ)] 冻结<动>
sustentar	/sus.tẽˈta(ʁ)/	/sus.tẽˈta(ʁ)/	[sus.tẽˈta(ʁ)] 支持<动>
puderam	/puˈdɛ.ɾɐ̃w̃/	/puˈdɛ.ɾɐ̃w̃/	[puˈdɛ.ɾɐ̃w̃] 可以<动>
monge	/ˈmõ.ʒi/	/ˈmõ.ʒi/	[ˈmõ.ʒi] 和尚<名>
cruzamento	/kɾu.zaˈmẽ.tu/	/kɾu.zaˈmẽ.tu/	[kɾu.zaˈmẽ.tu] 穿越<名>
labirinto	/la.biˈɾĩ.tu/	/la.biˈɾĩ.tu/	[la.biˈɾĩ.tu] 迷宫<名>
misturar	/mis.tuˈɾa(ʁ)/	/mis.tuˈɾa(ʁ)/	[mis.tuˈɾa(ʁ)] 混合<动>
lenha	/ˈlẽ.ɲɐ/	/ˈlẽ.ɲɐ/	[ˈlẽ.ɲɐ] 柴火<名>
quiseram	/kiˈzɛ.ɾɐ̃w̃/	/kiˈzɛ.ɾɐ̃w̃/	[kiˈzɛ.ɾɐ̃w̃] 通缉<动>
bello			美丽的<形>
nevada	/neˈva.dɐ/	/neˈva.dɐ/	[neˈva.dɐ] 内华达州<名>
condenação	/kõ.de.naˈsɐ̃w̃/	/kõ.de.naˈsɐ̃w̃/	[kõ.de.naˈsɐ̃w̃] 谴责<名>
banquete	/bɐ̃ˈke.t͡ʃi/	/bɐ̃ˈke.t͡ʃi/	[bɐ̃ˈke.t͡ʃi] 宴会<名>
afirmativo	/a.fiʁ.maˈt͡ʃi.vu/	/a.fiʁ.maˈt͡ʃi.vu/	[a.fiʁ.maˈt͡ʃi.vu] 肯定的<形>
consultor	/kõ.suwˈtoʁ/	/kõ.suwˈtoʁ/	[kõ.suwˈtoʁ] 顾问<名>
exibição	/e.zi.biˈsɐ̃w̃/	/e.zi.biˈsɐ̃w̃/	[e.zi.biˈsɐ̃w̃] 显示<名>
velhota	/veˈʎɔ.tɐ/	/veˈʎɔ.tɐ/	[veˈʎɔ.tɐ] 老太太<名>
camarão	/ka.maˈɾɐ̃w̃/	/ka.maˈɾɐ̃w̃/	[ka.maˈɾɐ̃w̃] 虾<名>
anão	/aˈnɐ̃w̃/	/aˈnɐ̃w̃/	[aˈnɐ̃w̃] 矮人<名>
broche	/ˈbɾɔ.ʃi/	/ˈbɾɔ.ʃi/	[ˈbɾɔ.ʃi] 胸针<名>
chocante	/ʃoˈkɐ̃.t͡ʃi/	/ʃoˈkɐ̃.t͡ʃi/	[ʃoˈkɐ̃.t͡ʃi] 令人震惊的<形>
esfregar	/is.fɾeˈɡa(ʁ)/	/is.fɾeˈɡa(ʁ)/	[is.fɾeˈɡa(ʁ)] 擦<动>
servo	/ˈsɛʁ.vu/	/ˈsɛʁ.vu/	[ˈsɛʁ.vu] 仆人<名>
dispensado	/d͡ʒis.pẽˈsa.du/	/d͡ʒis.pẽˈsa.du/	[d͡ʒis.pẽˈsa.du] 被解雇<形>
interpretar	/ĩ.teʁ.pɾeˈta(ʁ)/	/ĩ.teʁ.pɾeˈta(ʁ)/	[ĩ.teʁ.pɾeˈta(ʁ)] 解释<动>
lógico	/ˈlɔ.ʒi.ku/	/ˈlɔ.ʒi.ku/	[ˈlɔ.ʒi.ku] 逻辑的<名>
sétimo	/ˈsɛ.t͡ʃi.mu/	/ˈsɛ.t͡ʃi.mu/	[ˈsɛ.t͡ʃi.mu] 第七<名>
distribuir	/d͡ʒis.tɾi.buˈi(ʁ)/	/d͡ʒis.tɾi.buˈi(ʁ)/	[d͡ʒis.tɾi.buˈi(ʁ)] 分发<动>
gruta	/ˈɡɾu.tɐ/	/ˈɡɾu.tɐ/	[ˈɡɾu.tɐ] 洞穴<名>
esfomeado	/is.fo.meˈa.du/	/is.fo.meˈa.du/	[is.fo.meˈa.du] 饿了<名>
polegar	/po.leˈɡaʁ/	/po.leˈɡaʁ/	[po.leˈɡaʁ] 拇指<名>
comunicado	/ko.mu.niˈka.du/	/ko.mu.niˈka.du/	[ko.mu.niˈka.du] 声明<名>
aperceber	/a.peʁ.seˈbe(ʁ)/	/a.peʁ.seˈbe(ʁ)/	[a.peʁ.seˈbe(ʁ)] 意识到<动>
lamentar	/la.mẽˈta(ʁ)/	/la.mẽˈta(ʁ)/	[la.mẽˈta(ʁ)] 哀叹<动>
bastidor	/bas.t͡ʃiˈdoʁ/	/bas.t͡ʃiˈdoʁ/	[bas.t͡ʃiˈdoʁ] 后台<名>
prenderam	pɾẽ.ˈde.ɾãʊ̃	pɾẽ.ˈde.ɾãʊ̃	[pɾẽ.ˈde.ɾãʊ̃] 被捕<动>
irritar	/i.ʁiˈta(ʁ)/	/i.ʁiˈta(ʁ)/	[i.ʁiˈta(ʁ)] 激怒<动>
hipoteca	/i.poˈtɛ.kɐ/	/i.poˈtɛ.kɐ/	[i.poˈtɛ.kɐ] 抵押贷款<名>
quadrante	/kwaˈdɾɐ̃.t͡ʃi/	/kwaˈdɾɐ̃.t͡ʃi/	[kwaˈdɾɐ̃.t͡ʃi] 象限<名>
barbie	/ˈbaʁ.bi/	/ˈbaʁ.bi/	[ˈbaʁ.bi] 芭比娃娃<名>
harmonia	/aʁ.moˈni.ɐ/	/aʁ.moˈni.ɐ/	[aʁ.moˈni.ɐ] 和谐<名>
pôr-do-sol			日落<名>
comprometido	/kõ.pɾo.meˈt͡ʃi.du/	/kõ.pɾo.meˈt͡ʃi.du/	[kõ.pɾo.meˈt͡ʃi.du] 致力于<形>
vedação	/ve.daˈsɐ̃w̃/	/ve.daˈsɐ̃w̃/	[ve.daˈsɐ̃w̃] 密封件<名>
tocado	/toˈka.du/	/toˈka.du/	[toˈka.du] 感动<形>
prevenir	/pɾe.veˈni(ʁ)/	/pɾe.veˈni(ʁ)/	[pɾe.veˈni(ʁ)] 防止<动>
arterial	/aʁ.te.ɾiˈaw/	/aʁ.te.ɾiˈaw/	[aʁ.te.ɾiˈaw] 动脉的<形>
bebido	/beˈbi.du/	/beˈbi.du/	[beˈbi.du] 喝醉了<形>
tac	/ˈta.ki/	/ˈta.ki/	[ˈta.ki] 塔克<名>
boné	/boˈnɛ/	/boˈnɛ/	[boˈnɛ] 帽<名>
gin			杜松子酒<名>
veterinário	/ve.te.ɾiˈna.ɾju/	/ve.te.ɾiˈna.ɾju/	[ve.te.ɾiˈna.ɾju] 兽医<名>
chupar	/ʃuˈpa(ʁ)/	/ʃuˈpa(ʁ)/	[ʃuˈpa(ʁ)] 吸<动>
padrasto	/paˈdɾas.tu/	/paˈdɾas.tu/	[paˈdɾas.tu] 继父<名>
enigma	/eˈni.ɡi.mɐ/	/eˈni.ɡi.mɐ/	[eˈni.ɡi.mɐ] 谜语<名>
predador	/pɾe.daˈdoʁ/	/pɾe.daˈdoʁ/	[pɾe.daˈdoʁ] 捕食者<名>
navegação	/na.ve.ɡaˈsɐ̃w̃/	/na.ve.ɡaˈsɐ̃w̃/	[na.ve.ɡaˈsɐ̃w̃] 导航<名>
crença	/ˈkɾẽ.sɐ/	/ˈkɾẽ.sɐ/	[ˈkɾẽ.sɐ] 信仰<名>
rum	/ˈʁũ/	/ˈʁũ/	[ˈʁũ] 朗姆酒<名>
ocupação	/o.ku.paˈsɐ̃w̃/	/o.ku.paˈsɐ̃w̃/	[o.ku.paˈsɐ̃w̃] 职业<名>
naval	/naˈvaw/	/naˈvaw/	[naˈvaw] 海军<形>
bordel	/boʁˈdɛw/	/boʁˈdɛw/	[boʁˈdɛw] 妓院<名>
anomalia	/a.no.maˈli.ɐ/	/a.no.maˈli.ɐ/	[a.no.maˈli.ɐ] 异常<名>
regime	/ʁeˈʒĩ.mi/	/ʁeˈʒĩ.mi/	[ʁeˈʒĩ.mi] 政权<名>
desapontado	/de.za.põˈta.du/	/de.za.põˈta.du/	[de.za.põˈta.du] 失望<形>
tou	ˈtʊʊ	ˈtʊʊ	[ˈtʊʊ] 头<动>
disputar	/d͡ʒis.puˈta(ʁ)/	/d͡ʒis.puˈta(ʁ)/	[d͡ʒis.puˈta(ʁ)] 争议<动>
envenenar	/ẽ.ve.neˈna(ʁ)/	/ẽ.ve.neˈna(ʁ)/	[ẽ.ve.neˈna(ʁ)] 毒药<动>
au	/ˈaw/	/ˈaw/	[ˈaw] 哇<叹>
aturar	/a.tuˈɾa(ʁ)/	/a.tuˈɾa(ʁ)/	[a.tuˈɾa(ʁ)] 忍受<动>
sida	/ˈsi.dɐ/	/ˈsi.dɐ/	[ˈsi.dɐ] 艾滋病<名>
diariamente	/d͡ʒiˌa.ɾjaˈmẽ.t͡ʃi/	/d͡ʒiˌa.ɾjaˈmẽ.t͡ʃi/	[d͡ʒiˌa.ɾjaˈmẽ.t͡ʃi] 每日<副>
estaca	/isˈta.kɐ/	/isˈta.kɐ/	[isˈta.kɐ] 股份<名>
atracção	a.tɾa.ˈsãʊ̃	a.tɾa.ˈsãʊ̃	[a.tɾa.ˈsãʊ̃] 景点<名>
automático	/aw.toˈma.t͡ʃi.ku/	/aw.toˈma.t͡ʃi.ku/	[aw.toˈma.t͡ʃi.ku] 自动<形>
localizador	/lo.ka.li.zaˈdoʁ/	/lo.ka.li.zaˈdoʁ/	[lo.ka.li.zaˈdoʁ] 定位器<名>
reles	/ˈʁɛ.lis/	/ˈʁɛ.lis/	[ˈʁɛ.lis] 继电器<形>
aplicar	/a.pliˈka(ʁ)/	/a.pliˈka(ʁ)/	[a.pliˈka(ʁ)] 申请<动>
agitado	/a.ʒiˈta.du/	/a.ʒiˈta.du/	[a.ʒiˈta.du] 激动的<形>
bizarro	/biˈza.ʁu/	/biˈza.ʁu/	[biˈza.ʁu] 奇异的<形>
exploração	/is.plo.ɾaˈsɐ̃w̃/	/is.plo.ɾaˈsɐ̃w̃/	[is.plo.ɾaˈsɐ̃w̃] 探索<名>
marta	/ˈmaʁ.tɐ/	/ˈmaʁ.tɐ/	[ˈmaʁ.tɐ] 貂<名>
concorrência	/kõ.koˈʁẽ.sjɐ/	/kõ.koˈʁẽ.sjɐ/	[kõ.koˈʁẽ.sjɐ] 竞争<名>
jade	/ˈʒa.d͡ʒi/	/ˈʒa.d͡ʒi/	[ˈʒa.d͡ʒi] 玉<名>
contexto	/kõˈtes.tu/	/kõˈtes.tu/	[kõˈtes.tu] 上下文<名>
etiqueta	/e.t͡ʃiˈke.tɐ/	/e.t͡ʃiˈke.tɐ/	[e.t͡ʃiˈke.tɐ] 标签<名>
promover	/pɾo.moˈve(ʁ)/	/pɾo.moˈve(ʁ)/	[pɾo.moˈve(ʁ)] 促进<动>
tesoura	/t͡ʃiˈzo(w).ɾɐ/	/t͡ʃiˈzo(w).ɾɐ/	[t͡ʃiˈzo(w).ɾɐ] 剪刀<名>
iate	/ˈja.t͡ʃi/	/ˈja.t͡ʃi/	[ˈja.t͡ʃi] 游艇<名>
criativo	/kɾi.aˈt͡ʃi.vu/	/kɾi.aˈt͡ʃi.vu/	[kɾi.aˈt͡ʃi.vu] 创意<形>
chique	/ˈʃi.ki/	/ˈʃi.ki/	[ˈʃi.ki] 别致的<形>
consumir	/kõ.suˈmi(ʁ)/	/kõ.suˈmi(ʁ)/	[kõ.suˈmi(ʁ)] 消耗<动>
obstáculo	/obsˈta.ku.lu/	/obsˈta.ku.lu/	[obsˈta.ku.lu] 障碍<名>
namoro	/naˈmo.ɾu/	/naˈmo.ɾu/	[naˈmo.ɾu] 约会<名>
implicar	/ĩ.pliˈka(ʁ)/	/ĩ.pliˈka(ʁ)/	[ĩ.pliˈka(ʁ)] 暗示<动>
cuidadosamente	/kuj.daˌdɔ.zaˈmẽ.t͡ʃi/	/kuj.daˌdɔ.zaˈmẽ.t͡ʃi/	[kuj.daˌdɔ.zaˈmẽ.t͡ʃi] 仔细地<副>
arranhão	/a.ʁɐ̃ˈɲɐ̃w̃/	/a.ʁɐ̃ˈɲɐ̃w̃/	[a.ʁɐ̃ˈɲɐ̃w̃] 从头开始<名>
fruto	/ˈfɾu.tu/	/ˈfɾu.tu/	[ˈfɾu.tu] 水果<名>
intruso	/ĩˈtɾu.zu/	/ĩˈtɾu.zu/	[ĩˈtɾu.zu] 入侵者<名>
documentário	/do.ku.mẽˈta.ɾju/	/do.ku.mẽˈta.ɾju/	[do.ku.mẽˈta.ɾju] 纪录片<名>
boom	/ˈbũ/	/ˈbũ/	[ˈbũ] 繁荣<名>
treze	/ˈtɾe.zi/	/ˈtɾe.zi/	[ˈtɾe.zi] 十三<名>
infectar	/ĩ.fekˈta(ʁ)/	/ĩ.fekˈta(ʁ)/	[ĩ.fekˈta(ʁ)] 感染<动>
aleluia	/a.leˈluj.ɐ/	/a.leˈluj.ɐ/	[a.leˈluj.ɐ] 哈利路亚<名>
caixote	/kaˈʃɔ.t͡ʃi/	/kaˈʃɔ.t͡ʃi/	[kaˈʃɔ.t͡ʃi] 板条箱<名>
klingon			克林贡语<名>
encanto	/ẽˈkɐ̃.tu/	/ẽˈkɐ̃.tu/	[ẽˈkɐ̃.tu] 魅力<名>
embarcar	/ẽ.baʁˈka(ʁ)/	/ẽ.baʁˈka(ʁ)/	[ẽ.baʁˈka(ʁ)] 登船<动>
correcção	ko.xe.ˈsãʊ̃	ko.xe.ˈsãʊ̃	[ko.xe.ˈsãʊ̃] 修正<名>
participação	/paʁ.t͡ʃi.si.paˈsɐ̃w̃/	/paʁ.t͡ʃi.si.paˈsɐ̃w̃/	[paʁ.t͡ʃi.si.paˈsɐ̃w̃] 参与<名>
distinguir	/d͡ʒis.t͡ʃĩˈɡi(ʁ)/	/d͡ʒis.t͡ʃĩˈɡi(ʁ)/	[d͡ʒis.t͡ʃĩˈɡi(ʁ)] 区分<动>
foguete	/foˈɡe.t͡ʃi/	/foˈɡe.t͡ʃi/	[foˈɡe.t͡ʃi] 火箭<名>
distrair	/d͡ʒis.tɾaˈi(ʁ)/	/d͡ʒis.tɾaˈi(ʁ)/	[d͡ʒis.tɾaˈi(ʁ)] 分散注意力<动>
patife	/paˈt͡ʃi.fi/	/paˈt͡ʃi.fi/	[paˈt͡ʃi.fi] 恶棍<名>
sushi	/suˈʃi/	/suˈʃi/	[suˈʃi] 寿司<名>
nega	/ˈnɛ.ɡɐ/	/ˈnɛ.ɡɐ/	[ˈnɛ.ɡɐ] 否认<名>
dourada	/do(w)ˈɾa.dɐ/	/do(w)ˈɾa.dɐ/	[do(w)ˈɾa.dɐ] 金色<名>
racional	/ʁa.si.oˈnaw/	/ʁa.si.oˈnaw/	[ʁa.si.oˈnaw] 理性的<形>
facilitar	/fa.si.liˈta(ʁ)/	/fa.si.liˈta(ʁ)/	[fa.si.liˈta(ʁ)] 促进<动>
insuportável	/ĩ.su.poʁˈta.vew/	/ĩ.su.poʁˈta.vew/	[ĩ.su.poʁˈta.vew] 难以忍受的<形>
porca	/ˈpɔʁ.kɐ/	/ˈpɔʁ.kɐ/	[ˈpɔʁ.kɐ] 坚果<名>
teto	/ˈtɛ.tu/	/ˈtɛ.tu/	[ˈtɛ.tu] 天花板<名>
comparação	/kõ.pa.ɾaˈsɐ̃w̃/	/kõ.pa.ɾaˈsɐ̃w̃/	[kõ.pa.ɾaˈsɐ̃w̃] 比较<名>
acelera	/a.seˈlɛ.ɾɐ/	/a.seˈlɛ.ɾɐ/	[a.seˈlɛ.ɾɐ] 加速<名>
presidencial	/pɾe.zi.dẽ.siˈaw/	/pɾe.zi.dẽ.siˈaw/	[pɾe.zi.dẽ.siˈaw] 总统<形>
karma	/ˈkaʁ.mɐ/	/ˈkaʁ.mɐ/	[ˈkaʁ.mɐ] 业力<名>
spa	/ˈspa/	/ˈspa/	[ˈspa] 水疗中心<名>
móvel	/ˈmɔ.vew/	/ˈmɔ.vew/	[ˈmɔ.vew] 移动<名>
queimada	/kejˈma.dɐ/	/kejˈma.dɐ/	[kejˈma.dɐ] 烧毁<名>
hálito	/ˈa.li.tu/	/ˈa.li.tu/	[ˈa.li.tu] 呼吸<名>
atrapalhar	/a.tɾa.paˈʎa(ʁ)/	/a.tɾa.paˈʎa(ʁ)/	[a.tɾa.paˈʎa(ʁ)] 阻碍<动>
preferência	/pɾe.feˈɾẽ.sjɐ/	/pɾe.feˈɾẽ.sjɐ/	[pɾe.feˈɾẽ.sjɐ] 偏好<名>
conquista	/kõˈkis.tɐ/	/kõˈkis.tɐ/	[kõˈkis.tɐ] 征服<名>
passatempo	/pa.saˈtẽ.pu/	/pa.saˈtẽ.pu/	[pa.saˈtẽ.pu] 爱好<名>
esquilo	/isˈki.lu/	/isˈki.lu/	[isˈki.lu] 松鼠<名>
escumalha	/is.kuˈma.ʎɐ/	/is.kuˈma.ʎɐ/	[is.kuˈma.ʎɐ] 败类<名>
pateta	/paˈtɛ.tɐ/	/paˈtɛ.tɐ/	[paˈtɛ.tɐ] 愚蠢的<名>
propor	/pɾoˈpoʁ/	/pɾoˈpoʁ/	[pɾoˈpoʁ] 提议<动>
penteado	/pẽ.t͡ʃiˈa.du/	/pẽ.t͡ʃiˈa.du/	[pẽ.t͡ʃiˈa.du] 发型<名>
inaceitável	/i.na.sejˈta.vew/	/i.na.sejˈta.vew/	[i.na.sejˈta.vew] 不可接受的<形>
pagaram	pa.ˈga.ɾãʊ̃	pa.ˈga.ɾãʊ̃	[pa.ˈga.ɾãʊ̃] 付费的<动>
go	ˈgʊ	ˈgʊ	[ˈgʊ] 去<名>
horizonte	/o.ɾiˈzõ.t͡ʃi/	/o.ɾiˈzõ.t͡ʃi/	[o.ɾiˈzõ.t͡ʃi] 地平线<名>
viajante	/vi.aˈʒɐ̃.t͡ʃi/	/vi.aˈʒɐ̃.t͡ʃi/	[vi.aˈʒɐ̃.t͡ʃi] 旅行者<名>
medir	/miˈd͡ʒi(ʁ)/	/miˈd͡ʒi(ʁ)/	[miˈd͡ʒi(ʁ)] 测量<动>
restaurar	/ʁes.tawˈɾa(ʁ)/	/ʁes.tawˈɾa(ʁ)/	[ʁes.tawˈɾa(ʁ)] 恢复<动>
lamber	/lɐ̃ˈbe(ʁ)/	/lɐ̃ˈbe(ʁ)/	[lɐ̃ˈbe(ʁ)] 舔<动>
resolução	/ʁe.zo.luˈsɐ̃w̃/	/ʁe.zo.luˈsɐ̃w̃/	[ʁe.zo.luˈsɐ̃w̃] 分辨率<名>
poste	/ˈpɔs.t͡ʃi/	/ˈpɔs.t͡ʃi/	[ˈpɔs.t͡ʃi] 帖子<名>
brisa	/ˈbɾi.zɐ/	/ˈbɾi.zɐ/	[ˈbɾi.zɐ] 微风<名>
propaganda	/pɾo.paˈɡɐ̃.dɐ/	/pɾo.paˈɡɐ̃.dɐ/	[pɾo.paˈɡɐ̃.dɐ] 广告<名>
p.			p。<名>
alho	/ˈa.ʎu/	/ˈa.ʎu/	[ˈa.ʎu] 大蒜<名>
he			嘿<动>
gozo	/ˈɡo.zu/	/ˈɡo.zu/	[ˈɡo.zu] 享受<名>
borda	/ˈbɔʁ.dɐ/	/ˈbɔʁ.dɐ/	[ˈbɔʁ.dɐ] 边缘<名>
motim	/moˈt͡ʃĩ/	/moˈt͡ʃĩ/	[moˈt͡ʃĩ] 骚乱<名>
doca	/ˈdɔ.kɐ/	/ˈdɔ.kɐ/	[ˈdɔ.kɐ] 码头<名>
imobiliário	/i.mo.bi.liˈa.ɾju/	/i.mo.bi.liˈa.ɾju/	[i.mo.bi.liˈa.ɾju] 房地产<形>
parlamento	/paʁ.laˈmẽ.tu/	/paʁ.laˈmẽ.tu/	[paʁ.laˈmẽ.tu] 议会<名>
csi	/ˈksi/	/ˈksi/	[ˈksi] CSI<名>
pinta	/ˈpĩ.tɐ/	/ˈpĩ.tɐ/	[ˈpĩ.tɐ] 油漆<名>
tornaram	toɣ.ˈna.ɾãʊ̃	toɣ.ˈna.ɾãʊ̃	[toɣ.ˈna.ɾãʊ̃] 返回<动>
ofendido	/o.fẽˈd͡ʒi.du/	/o.fẽˈd͡ʒi.du/	[o.fẽˈd͡ʒi.du] 冒犯了<形>
ginástica	/ʒiˈnas.t͡ʃi.kɐ/	/ʒiˈnas.t͡ʃi.kɐ/	[ʒiˈnas.t͡ʃi.kɐ] 体操<名>
escavar	/is.kaˈva(ʁ)/	/is.kaˈva(ʁ)/	[is.kaˈva(ʁ)] 挖掘<动>
rebelião	/ʁe.be.liˈɐ̃w̃/	/ʁe.be.liˈɐ̃w̃/	[ʁe.be.liˈɐ̃w̃] 叛乱<名>
casca	/ˈkas.kɐ/	/ˈkas.kɐ/	[ˈkas.kɐ] 树皮<名>
investidor	/ĩ.ves.t͡ʃiˈdoʁ/	/ĩ.ves.t͡ʃiˈdoʁ/	[ĩ.ves.t͡ʃiˈdoʁ] 投资者<名>
bazar	/baˈzaʁ/	/baˈzaʁ/	[baˈzaʁ] 集市<名>
colocaram	ko.lo.ˈka.ɾãʊ̃	ko.lo.ˈka.ɾãʊ̃	[ko.lo.ˈka.ɾãʊ̃] 把<动>
vaso	/ˈva.zu/	/ˈva.zu/	[ˈva.zu] 花瓶<名>
virado	/viˈɾa.du/	/viˈɾa.du/	[viˈɾa.du] 转身<形>
muralha	/muˈɾa.ʎɐ/	/muˈɾa.ʎɐ/	[muˈɾa.ʎɐ] 墙<名>
agricultor	/a.ɡɾi.kuwˈtoʁ/	/a.ɡɾi.kuwˈtoʁ/	[a.ɡɾi.kuwˈtoʁ] 农民<名>
concorrer	/kõ.koˈʁe(ʁ)/	/kõ.koˈʁe(ʁ)/	[kõ.koˈʁe(ʁ)] 竞争<动>
sombrio	/sõˈbɾi.u/	/sõˈbɾi.u/	[sõˈbɾi.u] 黑暗<形>
home	/ˈõ.mi/	/ˈõ.mi/	[ˈõ.mi] 家<名>
humilhação	/u.mi.ʎaˈsɐ̃w̃/	/u.mi.ʎaˈsɐ̃w̃/	[u.mi.ʎaˈsɐ̃w̃] 羞辱<名>
costeiro	/kosˈte(j).ɾu/	/kosˈte(j).ɾu/	[kosˈte(j).ɾu] 沿海<形>
tentação	/tẽ.taˈsɐ̃w̃/	/tẽ.taˈsɐ̃w̃/	[tẽ.taˈsɐ̃w̃] 诱惑<名>
pesar	/peˈzaʁ/	/peˈzaʁ/	[peˈzaʁ] 遗憾<名>
triplo	/ˈtɾi.plu/	/ˈtɾi.plu/	[ˈtɾi.plu] 三重<名>
realista	/ʁe.aˈlis.tɐ/	/ʁe.aˈlis.tɐ/	[ʁe.aˈlis.tɐ] 现实的<名>
correram	ko.ˈxe.ɾãʊ̃	ko.ˈxe.ɾãʊ̃	[ko.ˈxe.ɾãʊ̃] 跑<动>
definir	/de.fiˈni(ʁ)/	/de.fiˈni(ʁ)/	[de.fiˈni(ʁ)] 设置<动>
chester	/ˈʃɛs.teʁ/	/ˈʃɛs.teʁ/	[ˈʃɛs.teʁ] 切斯特<名>
suspensão	/sus.pẽˈsɐ̃w̃/	/sus.pẽˈsɐ̃w̃/	[sus.pẽˈsɐ̃w̃] 悬浮<名>
refrigerante	/ʁe.fɾi.ʒeˈɾɐ̃.t͡ʃi/	/ʁe.fɾi.ʒeˈɾɐ̃.t͡ʃi/	[ʁe.fɾi.ʒeˈɾɐ̃.t͡ʃi] 苏打水<名>
foco	/ˈfɔ.ku/	/ˈfɔ.ku/	[ˈfɔ.ku] 焦点<名>
consolo	/kõˈso.lu/	/kõˈso.lu/	[kõˈso.lu] 安慰<名>
reformado	/ʁe.foʁˈma.du/	/ʁe.foʁˈma.du/	[ʁe.foʁˈma.du] 装修过的<名>
chocado	/ʃoˈka.du/	/ʃoˈka.du/	[ʃoˈka.du] 震惊<形>
rodeado	/ʁo.deˈa.du/	/ʁo.deˈa.du/	[ʁo.deˈa.du] 包围<形>
sózinho	ˈsɔ.zĩ.ɲʊ	ˈsɔ.zĩ.ɲʊ	[ˈsɔ.zĩ.ɲʊ] 独自一人<形>
grama	/ˈɡɾɐ̃.mɐ/	/ˈɡɾɐ̃.mɐ/	[ˈɡɾɐ̃.mɐ] 草<名>
excitação	/e.si.taˈsɐ̃w̃/	/e.si.taˈsɐ̃w̃/	[e.si.taˈsɐ̃w̃] 兴奋<名>
cilada	/siˈla.dɐ/	/siˈla.dɐ/	[siˈla.dɐ] 陷阱<名>
concluir	/kõ.kluˈi(ʁ)/	/kõ.kluˈi(ʁ)/	[kõ.kluˈi(ʁ)] 得出结论<动>
desesperadamente	/de.zis.peˌɾa.daˈmẽ.t͡ʃi/	/de.zis.peˌɾa.daˈmẽ.t͡ʃi/	[de.zis.peˌɾa.daˈmẽ.t͡ʃi] 拼命地<副>
bicho	/ˈbi.ʃu/	/ˈbi.ʃu/	[ˈbi.ʃu] 动物<名>
leme	/ˈle.mi/	/ˈle.mi/	[ˈle.mi] 舵<名>
perdedor	/peʁ.deˈdoʁ/	/peʁ.deˈdoʁ/	[peʁ.deˈdoʁ] 失败者<名>
formatura	/foʁ.maˈtu.ɾɐ/	/foʁ.maˈtu.ɾɐ/	[foʁ.maˈtu.ɾɐ] 毕业<名>
plantar	/plɐ̃ˈta(ʁ)/	/plɐ̃ˈta(ʁ)/	[plɐ̃ˈta(ʁ)] 植物<动>
indício	/ĩˈd͡ʒi.sju/	/ĩˈd͡ʒi.sju/	[ĩˈd͡ʒi.sju] 线索<名>
achado	/aˈʃa.du/	/aˈʃa.du/	[aˈʃa.du] 找到<名>
inventário	/ĩ.vẽˈta.ɾju/	/ĩ.vẽˈta.ɾju/	[ĩ.vẽˈta.ɾju] 库存<名>
preservar	/pɾe.zeʁˈva(ʁ)/	/pɾe.zeʁˈva(ʁ)/	[pɾe.zeʁˈva(ʁ)] 保存<动>
sacerdote	/sa.seʁˈdɔ.t͡ʃi/	/sa.seʁˈdɔ.t͡ʃi/	[sa.seʁˈdɔ.t͡ʃi] 牧师<名>
brinco	/ˈbɾĩ.ku/	/ˈbɾĩ.ku/	[ˈbɾĩ.ku] 耳环<名>
abortar	/a.boʁˈta(ʁ)/	/a.boʁˈta(ʁ)/	[a.boʁˈta(ʁ)] 中止<动>
hipócrita	/iˈpɔ.kɾi.tɐ/	/iˈpɔ.kɾi.tɐ/	[iˈpɔ.kɾi.tɐ] 伪君子<名>
frito	/ˈfɾi.tu/	/ˈfɾi.tu/	[ˈfɾi.tu] 油炸的<名>
aurora	/awˈɾɔ.ɾɐ/	/awˈɾɔ.ɾɐ/	[awˈɾɔ.ɾɐ] 黎明<名>
garanhão	/ɡa.ɾɐ̃ˈɲɐ̃w̃/	/ɡa.ɾɐ̃ˈɲɐ̃w̃/	[ɡa.ɾɐ̃ˈɲɐ̃w̃] 种马<名>
regular	/ʁe.ɡuˈla(ʁ)/	/ʁe.ɡuˈla(ʁ)/	[ʁe.ɡuˈla(ʁ)] 常规的<动>
ator	/aˈtoʁ/	/aˈtoʁ/	[aˈtoʁ] 演员<名>
derreter	/de.ʁeˈteʁ/	/de.ʁeˈteʁ/	[de.ʁeˈteʁ] 融化<动>
áudio	/ˈaw.d͡ʒju/	/ˈaw.d͡ʒju/	[ˈaw.d͡ʒju] 音频<名>
farol	/faˈɾɔw/	/faˈɾɔw/	[faˈɾɔw] 灯塔<名>
extinção	/is.t͡ʃĩˈsɐ̃w̃/	/is.t͡ʃĩˈsɐ̃w̃/	[is.t͡ʃĩˈsɐ̃w̃] 灭绝<名>
perturbar	/peʁ.tuʁˈba(ʁ)/	/peʁ.tuʁˈba(ʁ)/	[peʁ.tuʁˈba(ʁ)] 打扰<动>
interruptor	/ĩ.te.ʁupˈtoʁ/	/ĩ.te.ʁupˈtoʁ/	[ĩ.te.ʁupˈtoʁ] 开关<名>
decoração	/de.ko.ɾaˈsɐ̃w̃/	/de.ko.ɾaˈsɐ̃w̃/	[de.ko.ɾaˈsɐ̃w̃] 装饰<名>
bolha	/ˈbo.ʎɐ/	/ˈbo.ʎɐ/	[ˈbo.ʎɐ] 泡沫<名>
abusar	/a.buˈza(ʁ)/	/a.buˈza(ʁ)/	[a.buˈza(ʁ)] 滥用<动>
astronauta	/as.tɾoˈnaw.tɐ/	/as.tɾoˈnaw.tɐ/	[as.tɾoˈnaw.tɐ] 宇航员<名>
vulcão	/vuwˈkɐ̃w̃/	/vuwˈkɐ̃w̃/	[vuwˈkɐ̃w̃] 火山<名>
cabina	/kaˈbĩ.nɐ/	/kaˈbĩ.nɐ/	[kaˈbĩ.nɐ] 小屋<名>
atalho	/aˈta.ʎu/	/aˈta.ʎu/	[aˈta.ʎu] 捷径<名>
subitamente	/ˌsu.bi.taˈmẽ.t͡ʃi/	/ˌsu.bi.taˈmẽ.t͡ʃi/	[ˌsu.bi.taˈmẽ.t͡ʃi] 突然<副>
isqueiro	/isˈke(j).ɾu/	/isˈke(j).ɾu/	[isˈke(j).ɾu] 打火机<名>
escalar	/is.kaˈla(ʁ)/	/is.kaˈla(ʁ)/	[is.kaˈla(ʁ)] 攀登<动>
subtil	/subˈtil/	/subˈtil/	[subˈtil] 微妙的<形>
prego	/ˈpɾɛ.ɡu/	/ˈpɾɛ.ɡu/	[ˈpɾɛ.ɡu] 钉子<名>
presidência	/pɾe.ziˈdẽ.sjɐ/	/pɾe.ziˈdẽ.sjɐ/	[pɾe.ziˈdẽ.sjɐ] 总统职位<名>
deprimente	/de.pɾiˈmẽ.t͡ʃi/	/de.pɾiˈmẽ.t͡ʃi/	[de.pɾiˈmẽ.t͡ʃi] 压抑的<形>
espuma	/isˈpũ.mɐ/	/isˈpũ.mɐ/	[isˈpũ.mɐ] 泡沫<名>
consentimento	/kõ.sẽ.t͡ʃiˈmẽ.tu/	/kõ.sẽ.t͡ʃiˈmẽ.tu/	[kõ.sẽ.t͡ʃiˈmẽ.tu] 同意<名>
relato	/ʁeˈla.tu/	/ʁeˈla.tu/	[ʁeˈla.tu] 报告<名>
torcer	/toʁˈse(ʁ)/	/toʁˈse(ʁ)/	[toʁˈse(ʁ)] 扭转<动>
infinito	/ĩ.fiˈni.tu/	/ĩ.fiˈni.tu/	[ĩ.fiˈni.tu] 无限<名>
pintor	/pĩˈtoʁ/	/pĩˈtoʁ/	[pĩˈtoʁ] 画家<名>
vaguear	/va.ɡeˈa(ʁ)/	/va.ɡeˈa(ʁ)/	[va.ɡeˈa(ʁ)] 徘徊<动>
envelhecer	/ẽ.ve.ʎeˈse(ʁ)/	/ẽ.ve.ʎeˈse(ʁ)/	[ẽ.ve.ʎeˈse(ʁ)] 变老<动>
zoo	/ˈzo.u/	/ˈzo.u/	[ˈzo.u] 动物园<名>
eternamente	/eˌtɛʁ.naˈmẽ.t͡ʃi/	/eˌtɛʁ.naˈmẽ.t͡ʃi/	[eˌtɛʁ.naˈmẽ.t͡ʃi] 永远地<副>
expresso	/isˈpɾɛ.su/	/isˈpɾɛ.su/	[isˈpɾɛ.su] 快递<名>
raptor	/ʁapˈtoʁ/	/ʁapˈtoʁ/	[ʁapˈtoʁ] 猛禽<名>
render	/ʁẽˈde(ʁ)/	/ʁẽˈde(ʁ)/	[ʁẽˈde(ʁ)] 渲染<动>
iá	/ˈja/	/ˈja/	[ˈja] 呀<副>
duelo	/duˈɛ.lu/	/duˈɛ.lu/	[duˈɛ.lu] 决斗<名>
sujar	/suˈʒa(ʁ)/	/suˈʒa(ʁ)/	[suˈʒa(ʁ)] 肮脏的<动>
fibra	/ˈfi.bɾɐ/	/ˈfi.bɾɐ/	[ˈfi.bɾɐ] 纤维<名>
fraternidade	/fɾa.teʁ.niˈda.d͡ʒi/	/fɾa.teʁ.niˈda.d͡ʒi/	[fɾa.teʁ.niˈda.d͡ʒi] 兄弟会<名>
intuição	/ĩ.tu.iˈsɐ̃w̃/	/ĩ.tu.iˈsɐ̃w̃/	[ĩ.tu.iˈsɐ̃w̃] 直觉<名>
apagado	/a.paˈɡa.du/	/a.paˈɡa.du/	[a.paˈɡa.du] 关闭<形>
amarrar	/a.maˈʁa(ʁ)/	/a.maˈʁa(ʁ)/	[a.maˈʁa(ʁ)] 领带<动>
ascensão	/a.sẽˈsɐ̃w̃/	/a.sẽˈsɐ̃w̃/	[a.sẽˈsɐ̃w̃] 上升<名>
travão	/tɾaˈvɐ̃w̃/	/tɾaˈvɐ̃w̃/	[tɾaˈvɐ̃w̃] 刹车<名>
suspeitar	/sus.pejˈta(ʁ)/	/sus.pejˈta(ʁ)/	[sus.pejˈta(ʁ)] 嫌疑人<动>
complicação	/kõ.pli.kaˈsɐ̃w̃/	/kõ.pli.kaˈsɐ̃w̃/	[kõ.pli.kaˈsɐ̃w̃] 并发症<名>
noticiário	/no.t͡ʃi.siˈa.ɾju/	/no.t͡ʃi.siˈa.ɾju/	[no.t͡ʃi.siˈa.ɾju] 新闻<名>
lanche	/ˈlɐ̃.ʃi/	/ˈlɐ̃.ʃi/	[ˈlɐ̃.ʃi] 小吃<名>
motivação	/mo.t͡ʃi.vaˈsɐ̃w̃/	/mo.t͡ʃi.vaˈsɐ̃w̃/	[mo.t͡ʃi.vaˈsɐ̃w̃] 动机<名>
dramático	/dɾaˈma.t͡ʃi.ku/	/dɾaˈma.t͡ʃi.ku/	[dɾaˈma.t͡ʃi.ku] 戏剧性的<形>
newton	/ˈniw.tõ/	/ˈniw.tõ/	[ˈniw.tõ] 牛顿<名>
email			电子邮件<名>
útero	/ˈu.te.ɾu/	/ˈu.te.ɾu/	[ˈu.te.ɾu] 子宫<名>
exemplar	/e.zẽˈplaʁ/	/e.zẽˈplaʁ/	[e.zẽˈplaʁ] 模范的<名>
vidente	/viˈdẽ.t͡ʃi/	/viˈdẽ.t͡ʃi/	[viˈdẽ.t͡ʃi] 通灵的<名>
arbusto	/aʁˈbus.tu/	/aʁˈbus.tu/	[aʁˈbus.tu] 布什<名>
candidatura	/kɐ̃.d͡ʒi.daˈtu.ɾɐ/	/kɐ̃.d͡ʒi.daˈtu.ɾɐ/	[kɐ̃.d͡ʒi.daˈtu.ɾɐ] 候选资格<名>
descansado	/des.kɐ̃ˈsa.du/	/des.kɐ̃ˈsa.du/	[des.kɐ̃ˈsa.du] 休息了<形>
outrora	/o(w)ˈtɾɔ.ɾɐ/	/o(w)ˈtɾɔ.ɾɐ/	[o(w)ˈtɾɔ.ɾɐ] 一次<副>
fenómeno	/fɨˈnɔ.mɨ.nu/	/fɨˈnɔ.mɨ.nu/	[fɨˈnɔ.mɨ.nu] 现象<名>
íntimo	/ˈĩ.t͡ʃi.mu/	/ˈĩ.t͡ʃi.mu/	[ˈĩ.t͡ʃi.mu] 亲密的<形>
googlar	/ɡuˈɡla(ʁ)/	/ɡuˈɡla(ʁ)/	[ɡuˈɡla(ʁ)] 谷歌<动>
extrair	/is.tɾaˈi(ʁ)/	/is.tɾaˈi(ʁ)/	[is.tɾaˈi(ʁ)] 提取物<动>
arco-íris	/ˌaʁ.kuˈi.ɾis/	/ˌaʁ.kuˈi.ɾis/	[ˌaʁ.kuˈi.ɾis] 彩虹<名>
mentor	/mẽˈtoʁ/	/mẽˈtoʁ/	[mẽˈtoʁ] 导师<名>
historia	is.to.ˈɾi.ə	is.to.ˈɾi.ə	[is.to.ˈɾi.ə] 历史<名>
destroços	/desˈtɾɔ.sus/	/desˈtɾɔ.sus/	[desˈtɾɔ.sus] 残骸<名>
suborno	/suˈboʁ.nu/	/suˈboʁ.nu/	[suˈboʁ.nu] 贿赂<名>
lunático	/luˈna.t͡ʃi.ku/	/luˈna.t͡ʃi.ku/	[luˈna.t͡ʃi.ku] 疯子<名>
diploma	/d͡ʒiˈplõ.mɐ/	/d͡ʒiˈplõ.mɐ/	[d͡ʒiˈplõ.mɐ] 文凭<名>
detonador	/de.to.naˈdoʁ/	/de.to.naˈdoʁ/	[de.to.naˈdoʁ] 雷管<名>
trabalharam	tɾa.ba.ˈʎa.ɾãʊ̃	tɾa.ba.ˈʎa.ɾãʊ̃	[tɾa.ba.ˈʎa.ɾãʊ̃] 工作过<动>
trigo	/ˈtɾi.ɡu/	/ˈtɾi.ɡu/	[ˈtɾi.ɡu] 小麦<名>
presunto	/pɾeˈzũ.tu/	/pɾeˈzũ.tu/	[pɾeˈzũ.tu] 火腿<名>
humilhante	/u.miˈʎɐ̃.t͡ʃi/	/u.miˈʎɐ̃.t͡ʃi/	[u.miˈʎɐ̃.t͡ʃi] 羞辱性的<形>
estatal	/is.taˈtaw/	/is.taˈtaw/	[is.taˈtaw] 状态<名>
gravador	/ɡɾa.vaˈdoʁ/	/ɡɾa.vaˈdoʁ/	[ɡɾa.vaˈdoʁ] 录音机<名>
sub	/ˈsu.bi/	/ˈsu.bi/	[ˈsu.bi] 子<名>
punhal	/pũˈɲaw/	/pũˈɲaw/	[pũˈɲaw] 匕首<名>
divertimento	/d͡ʒi.veʁ.t͡ʃiˈmẽ.tu/	/d͡ʒi.veʁ.t͡ʃiˈmẽ.tu/	[d͡ʒi.veʁ.t͡ʃiˈmẽ.tu] 有趣<名>
cova	/ˈkɔ.vɐ/	/ˈkɔ.vɐ/	[ˈkɔ.vɐ] 坑<名>
charuto	/ʃaˈɾu.tu/	/ʃaˈɾu.tu/	[ʃaˈɾu.tu] 雪茄<名>
pólo	ˈpɔ.lʊ	ˈpɔ.lʊ	[ˈpɔ.lʊ] 极<名>
hospitalidade	/os.pi.ta.liˈda.d͡ʒi/	/os.pi.ta.liˈda.d͡ʒi/	[os.pi.ta.liˈda.d͡ʒi] 款待<名>
deveras	/deˈvɛ.ɾɐs/	/deˈvɛ.ɾɐs/	[deˈvɛ.ɾɐs] 确实<副>
universal	/u.ni.veʁˈsaw/	/u.ni.veʁˈsaw/	[u.ni.veʁˈsaw] 通用的<形>
província	/pɾoˈvĩ.sjɐ/	/pɾoˈvĩ.sjɐ/	[pɾoˈvĩ.sjɐ] 省份<名>
justificar	/ʒus.t͡ʃi.fiˈka(ʁ)/	/ʒus.t͡ʃi.fiˈka(ʁ)/	[ʒus.t͡ʃi.fiˈka(ʁ)] 证明合理<动>
nativo	/naˈt͡ʃi.vu/	/naˈt͡ʃi.vu/	[naˈt͡ʃi.vu] 本地人<名>
mordomo	/moʁˈdõ.mu/	/moʁˈdõ.mu/	[moʁˈdõ.mu] 管家<名>
salmão	/sawˈmɐ̃w̃/	/sawˈmɐ̃w̃/	[sawˈmɐ̃w̃] 鲑鱼<名>
terço	/ˈteʁ.su/	/ˈteʁ.su/	[ˈteʁ.su] 第三<名>
sessenta	/seˈsẽ.tɐ/	/seˈsẽ.tɐ/	[seˈsẽ.tɐ] 六十<名>
relâmpago	/ʁeˈlɐ̃.pa.ɡu/	/ʁeˈlɐ̃.pa.ɡu/	[ʁeˈlɐ̃.pa.ɡu] 闪电<名>
caluda	/kaˈlu.dɐ/	/kaˈlu.dɐ/	[kaˈlu.dɐ] 卡卢达<叹>
torto	/ˈtoʁ.tu/	/ˈtoʁ.tu/	[ˈtoʁ.tu] 弯曲的<名>
abóbora	/aˈbɔ.bo.ɾɐ/	/aˈbɔ.bo.ɾɐ/	[aˈbɔ.bo.ɾɐ] 南瓜<名>
rap	/ˈʁɛ.pi/	/ˈʁɛ.pi/	[ˈʁɛ.pi] 说唱<名>
fornecedor	/foʁ.ne.seˈdoʁ/	/foʁ.ne.seˈdoʁ/	[foʁ.ne.seˈdoʁ] 供应商<名>
aprovar	/a.pɾoˈva(ʁ)/	/a.pɾoˈva(ʁ)/	[a.pɾoˈva(ʁ)] 批准<动>
compartimento	/kõ.paʁ.t͡ʃiˈmẽ.tu/	/kõ.paʁ.t͡ʃiˈmẽ.tu/	[kõ.paʁ.t͡ʃiˈmẽ.tu] 隔间<名>
descolar	/des.koˈla(ʁ)/	/des.koˈla(ʁ)/	[des.koˈla(ʁ)] 起飞<动>
válvula	/ˈvaw.vu.lɐ/	/ˈvaw.vu.lɐ/	[ˈvaw.vu.lɐ] 阀门<名>
generosidade	/ʒe.ne.ɾo.ziˈda.d͡ʒi/	/ʒe.ne.ɾo.ziˈda.d͡ʒi/	[ʒe.ne.ɾo.ziˈda.d͡ʒi] 慷慨<名>
provisão	/pɾo.viˈzɐ̃w̃/	/pɾo.viˈzɐ̃w̃/	[pɾo.viˈzɐ̃w̃] 规定<名>
registar	/ʁe.ʒisˈta(ʁ)/	/ʁe.ʒisˈta(ʁ)/	[ʁe.ʒisˈta(ʁ)] 注册<动>
crocodilo	/kɾo.koˈd͡ʒi.lu/	/kɾo.koˈd͡ʒi.lu/	[kɾo.koˈd͡ʒi.lu] 鳄鱼<名>
estranhamente	/isˌtɾɐ̃.ɲaˈmẽ.t͡ʃi/	/isˌtɾɐ̃.ɲaˈmẽ.t͡ʃi/	[isˌtɾɐ̃.ɲaˈmẽ.t͡ʃi] 奇怪地<副>
ella			她<代>
porcento	/poʁˈsẽ.tu/	/poʁˈsẽ.tu/	[poʁˈsẽ.tu] 百分比<名>
rival	/ʁiˈvaw/	/ʁiˈvaw/	[ʁiˈvaw] 对手<名>
alternativo	/aw.teʁ.naˈt͡ʃi.vu/	/aw.teʁ.naˈt͡ʃi.vu/	[aw.teʁ.naˈt͡ʃi.vu] 另类<形>
pulsação	/puw.saˈsɐ̃w̃/	/puw.saˈsɐ̃w̃/	[puw.saˈsɐ̃w̃] 脉冲<名>
limonada	/li.moˈna.dɐ/	/li.moˈna.dɐ/	[li.moˈna.dɐ] 柠檬水<名>
vasculhar	/vas.kuˈʎa(ʁ)/	/vas.kuˈʎa(ʁ)/	[vas.kuˈʎa(ʁ)] 翻找<动>
pregar	/pɾeˈɡa(ʁ)/	/pɾeˈɡa(ʁ)/	[pɾeˈɡa(ʁ)] 传道<动>
partilha	/paʁˈt͡ʃi.ʎɐ/	/paʁˈt͡ʃi.ʎɐ/	[paʁˈt͡ʃi.ʎɐ] 分享<名>
revelação	/ʁe.ve.laˈsɐ̃w̃/	/ʁe.ve.laˈsɐ̃w̃/	[ʁe.ve.laˈsɐ̃w̃] 启示录<名>
fósforo	/ˈfɔs.fo.ɾu/	/ˈfɔs.fo.ɾu/	[ˈfɔs.fo.ɾu] 磷<名>
ocidente	/o.siˈdẽ.t͡ʃi/	/o.siˈdẽ.t͡ʃi/	[o.siˈdẽ.t͡ʃi] 西<名>
merdoso	/meʁˈdo.zu/	/meʁˈdo.zu/	[meʁˈdo.zu] 糟糕的<形>
negação	/ne.ɡaˈsɐ̃w̃/	/ne.ɡaˈsɐ̃w̃/	[ne.ɡaˈsɐ̃w̃] 否认<名>
serio	se.ˈɾi.ʊ	se.ˈɾi.ʊ	[se.ˈɾi.ʊ] 认真地<形>
entenderam	ẽ.tẽ.ˈde.ɾãʊ̃	ẽ.tẽ.ˈde.ɾãʊ̃	[ẽ.tẽ.ˈde.ɾãʊ̃] 明白了<动>
repugnante	/ʁe.puɡˈnɐ̃.t͡ʃi/	/ʁe.puɡˈnɐ̃.t͡ʃi/	[ʁe.puɡˈnɐ̃.t͡ʃi] 恶心的<形>
centavo	/sẽˈta.vu/	/sẽˈta.vu/	[sẽˈta.vu] 便士<名>
spray	/isˈpɾej/	/isˈpɾej/	[isˈpɾej] 喷雾<名>
traído	/tɾaˈi.du/	/tɾaˈi.du/	[tɾaˈi.du] 被背叛<形>
tosse	/ˈtɔ.si/	/ˈtɔ.si/	[ˈtɔ.si] 咳嗽<名>
surf	/ˈsɐʁ.fi/	/ˈsɐʁ.fi/	[ˈsɐʁ.fi] 冲浪<名>
quadrado	/kwaˈdɾa.du/	/kwaˈdɾa.du/	[kwaˈdɾa.du] 正方形<名>
chi	/ˈʃi/	/ˈʃi/	[ˈʃi] 气<名>
duzentos	/duˈzẽ.tus/	/duˈzẽ.tus/	[duˈzẽ.tus] 两百<名>
cercado	/seʁˈka.du/	/seʁˈka.du/	[seʁˈka.du] 围栏<名>
simulação	/si.mu.laˈsɐ̃w̃/	/si.mu.laˈsɐ̃w̃/	[si.mu.laˈsɐ̃w̃] 模拟<名>
exclusivo	/is.kluˈzi.vu/	/is.kluˈzi.vu/	[is.kluˈzi.vu] 独家的<形>
atlântico	/aˈtlɐ̃.t͡ʃi.ku/	/aˈtlɐ̃.t͡ʃi.ku/	[aˈtlɐ̃.t͡ʃi.ku] 大西洋<形>
vigarista	/vi.ɡaˈɾis.tɐ/	/vi.ɡaˈɾis.tɐ/	[vi.ɡaˈɾis.tɐ] 骗子<名>
dormitório	/doʁ.miˈtɔ.ɾju/	/doʁ.miˈtɔ.ɾju/	[doʁ.miˈtɔ.ɾju] 宿舍<名>
lésbico	/ˈlɛz.bi.ku/	/ˈlɛz.bi.ku/	[ˈlɛz.bi.ku] 女同性恋<形>
gerar	/ʒeˈɾa(ʁ)/	/ʒeˈɾa(ʁ)/	[ʒeˈɾa(ʁ)] 生成<动>
cunhada	/kũˈɲa.dɐ/	/kũˈɲa.dɐ/	[kũˈɲa.dɐ] 嫂子<名>
ignorante	/i.ɡi.noˈɾɐ̃.t͡ʃi/	/i.ɡi.noˈɾɐ̃.t͡ʃi/	[i.ɡi.noˈɾɐ̃.t͡ʃi] 无知的<名>
post	/ˈpo(w)s.t͡ʃi/	/ˈpo(w)s.t͡ʃi/	[ˈpo(w)s.t͡ʃi] 帖子<名>
celebridade	/se.le.bɾiˈda.d͡ʒi/	/se.le.bɾiˈda.d͡ʒi/	[se.le.bɾiˈda.d͡ʒi] 名人<名>
item	/ˈi.tẽj̃/	/ˈi.tẽj̃/	[ˈi.tẽj̃] 项目<名>
quebrado	/keˈbɾa.du/	/keˈbɾa.du/	[keˈbɾa.du] 坏了<形>
constar	/kõsˈta(ʁ)/	/kõsˈta(ʁ)/	[kõsˈta(ʁ)] 出现<动>
proveito	/pɾoˈvej.tu/	/pɾoˈvej.tu/	[pɾoˈvej.tu] 好处<名>
adicionar	/a.d͡ʒi.si.oˈna(ʁ)/	/a.d͡ʒi.si.oˈna(ʁ)/	[a.d͡ʒi.si.oˈna(ʁ)] 添加<动>
apaixonar	/a.paj.ʃoˈna(ʁ)/	/a.paj.ʃoˈna(ʁ)/	[a.paj.ʃoˈna(ʁ)] 坠入爱河<动>
comichão	/ko.miˈʃɐ̃w̃/	/ko.miˈʃɐ̃w̃/	[ko.miˈʃɐ̃w̃] 瘙痒<名>
traje	/ˈtɾa.ʒi/	/ˈtɾa.ʒi/	[ˈtɾa.ʒi] 服装<名>
punição	/pu.niˈsɐ̃w̃/	/pu.niˈsɐ̃w̃/	[pu.niˈsɐ̃w̃] 惩罚<名>
inquérito	/ĩˈkɛ.ɾi.tu/	/ĩˈkɛ.ɾi.tu/	[ĩˈkɛ.ɾi.tu] 询问<名>
afogar	/a.foˈɡa(ʁ)/	/a.foˈɡa(ʁ)/	[a.foˈɡa(ʁ)] 淹死<动>
prefeito	/pɾeˈfej.tu/	/pɾeˈfej.tu/	[pɾeˈfej.tu] 市长<名>
gole	/ˈɡɔ.lɨ/	/ˈɡɔ.lɨ/	[ˈɡɔ.lɨ] 啜饮<名>
brigar	/bɾiˈɡa(ʁ)/	/bɾiˈɡa(ʁ)/	[bɾiˈɡa(ʁ)] 战斗<动>
factor	fa.ˈtox	fa.ˈtox	[fa.ˈtox] 因素<名>
prostituição	/pɾos.t͡ʃi.tu.iˈsɐ̃w̃/	/pɾos.t͡ʃi.tu.iˈsɐ̃w̃/	[pɾos.t͡ʃi.tu.iˈsɐ̃w̃] 卖淫<名>
aproximação	/a.pɾo.si.maˈsɐ̃w̃/	/a.pɾo.si.maˈsɐ̃w̃/	[a.pɾo.si.maˈsɐ̃w̃] 方法<名>
rancor	/ʁɐ̃ˈkoʁ/	/ʁɐ̃ˈkoʁ/	[ʁɐ̃ˈkoʁ] 怨恨<名>
aquário	/aˈkwa.ɾju/	/aˈkwa.ɾju/	[aˈkwa.ɾju] 水族馆<名>
maníaco	/maˈni.a.ku/	/maˈni.a.ku/	[maˈni.a.ku] 疯子<名>
lagosta	/laˈɡos.tɐ/	/laˈɡos.tɐ/	[laˈɡos.tɐ] 龙虾<名>
exagerado	/e.za.ʒeˈɾa.du/	/e.za.ʒeˈɾa.du/	[e.za.ʒeˈɾa.du] 夸张的<形>
anónimo	/ɐˈnɔ.ni.mu/	/ɐˈnɔ.ni.mu/	[ɐˈnɔ.ni.mu] 匿名<名>
caderno	/kaˈdɛʁ.nu/	/kaˈdɛʁ.nu/	[kaˈdɛʁ.nu] 笔记本<名>
justamente	/ˌʒus.taˈmẽ.t͡ʃi/	/ˌʒus.taˈmẽ.t͡ʃi/	[ˌʒus.taˈmẽ.t͡ʃi] 正是<副>
ferver	/feʁˈve(ʁ)/	/feʁˈve(ʁ)/	[feʁˈve(ʁ)] 煮沸<动>
arruinado	/a.ʁujˈna.du/	/a.ʁujˈna.du/	[a.ʁujˈna.du] 毁了<形>
colaboração	/ko.la.bo.ɾaˈsɐ̃w̃/	/ko.la.bo.ɾaˈsɐ̃w̃/	[ko.la.bo.ɾaˈsɐ̃w̃] 合作<名>
mijo	/ˈmi.ʒu/	/ˈmi.ʒu/	[ˈmi.ʒu] 小便<名>
estibordo	/is.t͡ʃiˈbɔʁ.du/	/is.t͡ʃiˈbɔʁ.du/	[is.t͡ʃiˈbɔʁ.du] 右舷<名>
oral	/oˈɾaw/	/oˈɾaw/	[oˈɾaw] 口头的<名>
matança	/maˈtɐ̃.sɐ/	/maˈtɐ̃.sɐ/	[maˈtɐ̃.sɐ] 杀戮<名>
sobreviveram	/so.bɾe.viˈve.ɾɐ̃w̃/	/so.bɾe.viˈve.ɾɐ̃w̃/	[so.bɾe.viˈve.ɾɐ̃w̃] 幸存下来<动>
esplêndido	/isˈplẽ.d͡ʒi.du/	/isˈplẽ.d͡ʒi.du/	[isˈplẽ.d͡ʒi.du] 辉煌的<形>
antibiótico	/ˌɐ̃.t͡ʃi.biˈɔ.t͡ʃi.ku/	/ˌɐ̃.t͡ʃi.biˈɔ.t͡ʃi.ku/	[ˌɐ̃.t͡ʃi.biˈɔ.t͡ʃi.ku] 抗生素<名>
compreensível	/kõ.pɾe.ẽˈsi.vew/	/kõ.pɾe.ẽˈsi.vew/	[kõ.pɾe.ẽˈsi.vew] 可以理解的<形>
atual	/a.tuˈaw/	/a.tuˈaw/	[a.tuˈaw] 当前<形>
veterano	/ve.teˈɾɐ̃.nu/	/ve.teˈɾɐ̃.nu/	[ve.teˈɾɐ̃.nu] 老兵<名>
musicar	/mu.ziˈka(ʁ)/	/mu.ziˈka(ʁ)/	[mu.ziˈka(ʁ)] 音乐<动>
drone	/ˈdɾo.ni/	/ˈdɾo.ni/	[ˈdɾo.ni] 无人机<名>
louro	/ˈlo(w).ɾu/	/ˈlo(w).ɾu/	[ˈlo(w).ɾu] 金发女郎<名>
cordeiro	/koʁˈde(j).ɾu/	/koʁˈde(j).ɾu/	[koʁˈde(j).ɾu] 羊肉<名>
tela	/ˈtɛ.lɐ/	/ˈtɛ.lɐ/	[ˈtɛ.lɐ] 屏幕<名>
seminário	/se.miˈna.ɾju/	/se.miˈna.ɾju/	[se.miˈna.ɾju] 研讨会<名>
atraído	a.tɾa.ˈi.dʊ	a.tɾa.ˈi.dʊ	[a.tɾa.ˈi.dʊ] 吸引了<形>
virtude	/viʁˈtu.d͡ʒi/	/viʁˈtu.d͡ʒi/	[viʁˈtu.d͡ʒi] 美德<名>
mamilo	/maˈmi.lu/	/maˈmi.lu/	[maˈmi.lu] 乳头<名>
iminente	/i.miˈnẽ.t͡ʃi/	/i.miˈnẽ.t͡ʃi/	[i.miˈnẽ.t͡ʃi] 迫在眉睫的<形>
marcial	/maʁ.siˈaw/	/maʁ.siˈaw/	[maʁ.siˈaw] 武术<形>
composto	/kõˈpos.tu/	/kõˈpos.tu/	[kõˈpos.tu] 化合物<名>
talentoso	/ta.lẽˈto.zu/	/ta.lẽˈto.zu/	[ta.lẽˈto.zu] 有才华的<形>
dosar	/doˈza(ʁ)/	/doˈza(ʁ)/	[doˈza(ʁ)] 剂量<动>
construíram	kõs.tɾu.ˈi.ɾãʊ̃	kõs.tɾu.ˈi.ɾãʊ̃	[kõs.tɾu.ˈi.ɾãʊ̃] 建成<动>
torturar	/toʁ.tuˈɾa(ʁ)/	/toʁ.tuˈɾa(ʁ)/	[toʁ.tuˈɾa(ʁ)] 酷刑<动>
armamento	/aʁ.maˈmẽ.tu/	/aʁ.maˈmẽ.tu/	[aʁ.maˈmẽ.tu] 军备<名>
esforçar	/is.foʁˈsa(ʁ)/	/is.foʁˈsa(ʁ)/	[is.foʁˈsa(ʁ)] 努力<动>
autógrafo	/awˈtɔ.ɡɾa.fu/	/awˈtɔ.ɡɾa.fu/	[awˈtɔ.ɡɾa.fu] 亲笔签名<名>
determinação	/de.teʁ.mi.naˈsɐ̃w̃/	/de.teʁ.mi.naˈsɐ̃w̃/	[de.teʁ.mi.naˈsɐ̃w̃] 决心<名>
cereja	/seˈɾe.ʒɐ/	/seˈɾe.ʒɐ/	[seˈɾe.ʒɐ] 樱桃<名>
virgindade	/viʁ.ʒĩˈda.d͡ʒi/	/viʁ.ʒĩˈda.d͡ʒi/	[viʁ.ʒĩˈda.d͡ʒi] 童贞<名>
limitado	/li.miˈta.du/	/li.miˈta.du/	[li.miˈta.du] 有限<形>
sensibilidade	/sẽ.si.bi.liˈda.d͡ʒi/	/sẽ.si.bi.liˈda.d͡ʒi/	[sẽ.si.bi.liˈda.d͡ʒi] 灵敏度<名>
ex-namorado	/ˌe(j)z.na.moˈɾa.du/	/ˌe(j)z.na.moˈɾa.du/	[ˌe(j)z.na.moˈɾa.du] 前男友<名>
envio	/ẽˈvi.u/	/ẽˈvi.u/	[ẽˈvi.u] 运输<名>
cebola	/seˈbo.lɐ/	/seˈbo.lɐ/	[seˈbo.lɐ] 洋葱<名>
captar	/kapˈta(ʁ)/	/kapˈta(ʁ)/	[kapˈta(ʁ)] 捕获<动>
anfitrião	/ɐ̃.fi.tɾiˈɐ̃w̃/	/ɐ̃.fi.tɾiˈɐ̃w̃/	[ɐ̃.fi.tɾiˈɐ̃w̃] 主机<名>
mangueira	/mɐ̃ˈɡe(j).ɾɐ/	/mɐ̃ˈɡe(j).ɾɐ/	[mɐ̃ˈɡe(j).ɾɐ] 软管<名>
coral	/koˈɾaw/	/koˈɾaw/	[koˈɾaw] 珊瑚<名>
ace	/ˈej.si/	/ˈej.si/	[ˈej.si] 王牌<名>
garante	/ɡaˈɾɐ̃.t͡ʃi/	/ɡaˈɾɐ̃.t͡ʃi/	[ɡaˈɾɐ̃.t͡ʃi] 保证<名>
antena	/ɐ̃ˈtẽ.nɐ/	/ɐ̃ˈtẽ.nɐ/	[ɐ̃ˈtẽ.nɐ] 天线<名>
secretamente	/seˌkɾɛ.taˈmẽ.t͡ʃi/	/seˌkɾɛ.taˈmẽ.t͡ʃi/	[seˌkɾɛ.taˈmẽ.t͡ʃi] 偷偷地<副>
distraído	/d͡ʒis.tɾaˈi.du/	/d͡ʒis.tɾaˈi.du/	[d͡ʒis.tɾaˈi.du] 心烦意乱的<形>
papagaio	/pa.paˈɡaj.u/	/pa.paˈɡaj.u/	[pa.paˈɡaj.u] 鹦鹉<名>
cumprimentar	/kũ.pɾi.mẽˈta(ʁ)/	/kũ.pɾi.mẽˈta(ʁ)/	[kũ.pɾi.mẽˈta(ʁ)] 打招呼<动>
dentada	/dẽˈta.dɐ/	/dẽˈta.dɐ/	[dẽˈta.dɐ] 咬<名>
enterro	/ẽˈte.ʁu/	/ẽˈte.ʁu/	[ẽˈte.ʁu] 埋葬<名>
mmm			嗯<叹>
inconveniente	/ĩ.kõ.ve.niˈẽ.t͡ʃi/	/ĩ.kõ.ve.niˈẽ.t͡ʃi/	[ĩ.kõ.ve.niˈẽ.t͡ʃi] 不方便<名>
certidão	/seʁ.t͡ʃiˈdɐ̃w̃/	/seʁ.t͡ʃiˈdɐ̃w̃/	[seʁ.t͡ʃiˈdɐ̃w̃] 证书<名>
associado	/a.so.siˈa.du/	/a.so.siˈa.du/	[a.so.siˈa.du] 同事<名>
traço	/ˈtɾa.su/	/ˈtɾa.su/	[ˈtɾa.su] 破折号<名>
qualificado	kwa.li.fi.ˈka.dʊ	kwa.li.fi.ˈka.dʊ	[kwa.li.fi.ˈka.dʊ] 合格的<形>
linhagem	/lĩˈɲa.ʒẽj̃/	/lĩˈɲa.ʒẽj̃/	[lĩˈɲa.ʒẽj̃] 血统<名>
desiludido	/de.zi.luˈd͡ʒi.du/	/de.zi.luˈd͡ʒi.du/	[de.zi.luˈd͡ʒi.du] 幻灭的<形>
programação	/pɾo.ɡɾa.maˈsɐ̃w̃/	/pɾo.ɡɾa.maˈsɐ̃w̃/	[pɾo.ɡɾa.maˈsɐ̃w̃] 编程<名>
medalhão	/me.daˈʎɐ̃w̃/	/me.daˈʎɐ̃w̃/	[me.daˈʎɐ̃w̃] 奖章<名>
sanguíneo	/sɐ̃ˈɡwĩ.nju/	/sɐ̃ˈɡwĩ.nju/	[sɐ̃ˈɡwĩ.nju] 乐观的<形>
marketing	/ˈmaʁ.ke.t͡ʃĩ/	/ˈmaʁ.ke.t͡ʃĩ/	[ˈmaʁ.ke.t͡ʃĩ] 营销<名>
ranger	/ʁɐ̃ˈʒe(ʁ)/	/ʁɐ̃ˈʒe(ʁ)/	[ʁɐ̃ˈʒe(ʁ)] 护林员<动>
design	/deˈzaj.ni/	/deˈzaj.ni/	[deˈzaj.ni] 设计<名>
aspirina	/as.piˈɾĩ.nɐ/	/as.piˈɾĩ.nɐ/	[as.piˈɾĩ.nɐ] 阿司匹林<名>
protótipo	/pɾoˈtɔ.t͡ʃi.pu/	/pɾoˈtɔ.t͡ʃi.pu/	[pɾoˈtɔ.t͡ʃi.pu] 原型<名>
livraria	/li.vɾaˈɾi.ɐ/	/li.vɾaˈɾi.ɐ/	[li.vɾaˈɾi.ɐ] 书店<名>
engravidar	/ẽ.ɡɾa.viˈda(ʁ)/	/ẽ.ɡɾa.viˈda(ʁ)/	[ẽ.ɡɾa.viˈda(ʁ)] 怀孕<动>
característico	/ka.ɾak.teˈɾis.t͡ʃi.ku/	/ka.ɾak.teˈɾis.t͡ʃi.ku/	[ka.ɾak.teˈɾis.t͡ʃi.ku] 特点<形>
respeitável	/ʁes.pejˈta.vew/	/ʁes.pejˈta.vew/	[ʁes.pejˈta.vew] 值得尊敬的<形>
inspecção	ĩs.pe.ˈsãʊ̃	ĩs.pe.ˈsãʊ̃	[ĩs.pe.ˈsãʊ̃] 检查<名>
inúmero	/iˈnũ.me.ɾu/	/iˈnũ.me.ɾu/	[iˈnũ.me.ɾu] 无数<形>
morcego	/moʁˈse.ɡu/	/moʁˈse.ɡu/	[moʁˈse.ɡu] 蝙蝠<名>
comprometer	/kõ.pɾo.meˈte(ʁ)/	/kõ.pɾo.meˈte(ʁ)/	[kõ.pɾo.meˈte(ʁ)] 提交<动>
dádiva	/ˈda.d͡ʒi.vɐ/	/ˈda.d͡ʒi.vɐ/	[ˈda.d͡ʒi.vɐ] 礼物<名>
marchar	/maʁˈʃa(ʁ)/	/maʁˈʃa(ʁ)/	[maʁˈʃa(ʁ)] 进行曲<动>
malandro	/maˈlɐ̃.dɾu/	/maˈlɐ̃.dɾu/	[maˈlɐ̃.dɾu] 流氓<名>
imitar	/i.miˈta(ʁ)/	/i.miˈta(ʁ)/	[i.miˈta(ʁ)] 模仿<动>
pen	/ˈpɛn/	/ˈpɛn/	[ˈpɛn] 笔<名>
souberam	/so(w)ˈbɛ.ɾɐ̃w̃/	/so(w)ˈbɛ.ɾɐ̃w̃/	[so(w)ˈbɛ.ɾɐ̃w̃] 知道<动>
tesão	/teˈzɐ̃w̃/	/teˈzɐ̃w̃/	[teˈzɐ̃w̃] 欲火中烧<名>
mostarda	/mosˈtaʁ.dɐ/	/mosˈtaʁ.dɐ/	[mosˈtaʁ.dɐ] 芥末<名>
descida	/deˈsi.dɐ/	/deˈsi.dɐ/	[deˈsi.dɐ] 血统<名>
emitir	/e.miˈt͡ʃi(ʁ)/	/e.miˈt͡ʃi(ʁ)/	[e.miˈt͡ʃi(ʁ)] 问题<动>
night	/ˈnaj.t͡ʃi/	/ˈnaj.t͡ʃi/	[ˈnaj.t͡ʃi] 晚上<名>
louvar	/lo(w)ˈva(ʁ)/	/lo(w)ˈva(ʁ)/	[lo(w)ˈva(ʁ)] 赞美<动>
ignição	/i.ɡi.niˈsɐ̃w̃/	/i.ɡi.niˈsɐ̃w̃/	[i.ɡi.niˈsɐ̃w̃] 点火<名>
lema	/ˈlẽ.mɐ/	/ˈlẽ.mɐ/	[ˈlẽ.mɐ] 座右铭<名>
obrigados	/o.bɾiˈɡa.dus/	/o.bɾiˈɡa.dus/	[o.bɾiˈɡa.dus] 谢谢<叹>
inofensivo	/i.no.fẽˈsi.vu/	/i.no.fẽˈsi.vu/	[i.no.fẽˈsi.vu] 无害的<形>
expandir	/is.pɐ̃ˈd͡ʒi(ʁ)/	/is.pɐ̃ˈd͡ʒi(ʁ)/	[is.pɐ̃ˈd͡ʒi(ʁ)] 展开<动>
golfo	/ˈɡow.fu/	/ˈɡow.fu/	[ˈɡow.fu] 海湾<名>
rastejar	/ʁas.teˈʒa(ʁ)/	/ʁas.teˈʒa(ʁ)/	[ʁas.teˈʒa(ʁ)] 爬行<动>
confronto	/kõˈfɾõ.tu/	/kõˈfɾõ.tu/	[kõˈfɾõ.tu] 对抗<名>
entrevistar	/ẽ.tɾe.visˈta(ʁ)/	/ẽ.tɾe.visˈta(ʁ)/	[ẽ.tɾe.visˈta(ʁ)] 采访<动>
urinar	/u.ɾiˈna(ʁ)/	/u.ɾiˈna(ʁ)/	[u.ɾiˈna(ʁ)] 小便<动>
implacável	/ĩ.plaˈka.vew/	/ĩ.plaˈka.vew/	[ĩ.plaˈka.vew] 无情的<形>
ganância	/ɡaˈnɐ̃.sjɐ/	/ɡaˈnɐ̃.sjɐ/	[ɡaˈnɐ̃.sjɐ] 贪婪<名>
lunar	/luˈnaʁ/	/luˈnaʁ/	[luˈnaʁ] 农历<名>
assédio	/aˈsɛ.d͡ʒju/	/aˈsɛ.d͡ʒju/	[aˈsɛ.d͡ʒju] 骚扰<名>
pontuação	/põ.tu.aˈsɐ̃w̃/	/põ.tu.aˈsɐ̃w̃/	[põ.tu.aˈsɐ̃w̃] 分数<名>
v.			v.<名>
bancário	/bɐ̃ˈka.ɾju/	/bɐ̃ˈka.ɾju/	[bɐ̃ˈka.ɾju] 银行业<形>
andaram	ã.ˈda.ɾãʊ̃	ã.ˈda.ɾãʊ̃	[ã.ˈda.ɾãʊ̃] 走过<动>
parceria	/paʁ.seˈɾi.ɐ/	/paʁ.seˈɾi.ɐ/	[paʁ.seˈɾi.ɐ] 伙伴关系<名>
farinha	/faˈɾĩ.ɲɐ/	/faˈɾĩ.ɲɐ/	[faˈɾĩ.ɲɐ] 面粉<名>
leito	/ˈlej.tu/	/ˈlej.tu/	[ˈlej.tu] 床<名>
castigar	/kas.t͡ʃiˈɡa(ʁ)/	/kas.t͡ʃiˈɡa(ʁ)/	[kas.t͡ʃiˈɡa(ʁ)] 惩罚<动>
aprovado	/a.pɾoˈva.du/	/a.pɾoˈva.du/	[a.pɾoˈva.du] 已批准<形>
balança	/baˈlɐ̃.sɐ/	/baˈlɐ̃.sɐ/	[baˈlɐ̃.sɐ] 规模<名>
patente	/paˈtẽ.t͡ʃi/	/paˈtẽ.t͡ʃi/	[paˈtẽ.t͡ʃi] 专利<名>
fofa	ˈfɔ.fə	ˈfɔ.fə	[ˈfɔ.fə] 可爱<名>
viveram	vi.ˈve.ɾãʊ̃	vi.ˈve.ɾãʊ̃	[vi.ˈve.ɾãʊ̃] 住过<动>
estabelecimento	/is.ta.be.le.siˈmẽ.tu/	/is.ta.be.le.siˈmẽ.tu/	[is.ta.be.le.siˈmẽ.tu] 设立<名>
alegação	/a.le.ɡaˈsɐ̃w̃/	/a.le.ɡaˈsɐ̃w̃/	[a.le.ɡaˈsɐ̃w̃] 指控<名>
módulo	/ˈmɔ.du.lu/	/ˈmɔ.du.lu/	[ˈmɔ.du.lu] 模块<名>
jardineiro	/ʒaʁ.d͡ʒiˈne(j).ɾu/	/ʒaʁ.d͡ʒiˈne(j).ɾu/	[ʒaʁ.d͡ʒiˈne(j).ɾu] 园丁<名>
ajudaram	a.ʒu.ˈda.ɾãʊ̃	a.ʒu.ˈda.ɾãʊ̃	[a.ʒu.ˈda.ɾãʊ̃] 帮助了<动>
discrição	/d͡ʒis.kɾiˈsɐ̃w̃/	/d͡ʒis.kɾiˈsɐ̃w̃/	[d͡ʒis.kɾiˈsɐ̃w̃] 自由裁量权<名>
bilhar	/biˈʎaʁ/	/biˈʎaʁ/	[biˈʎaʁ] 台球<名>
desarmar	/de.zaʁˈma(ʁ)/	/de.zaʁˈma(ʁ)/	[de.zaʁˈma(ʁ)] 解除武装<动>
vaivém	/ˌvajˈvẽj̃/	/ˌvajˈvẽj̃/	[ˌvajˈvẽj̃] 来回<名>
vigilante	/vi.ʒiˈlɐ̃.t͡ʃi/	/vi.ʒiˈlɐ̃.t͡ʃi/	[vi.ʒiˈlɐ̃.t͡ʃi] 义务警员<名>
amuleto	/a.muˈle.tu/	/a.muˈle.tu/	[a.muˈle.tu] 护身符<名>
catástrofe	/kaˈtas.tɾo.fi/	/kaˈtas.tɾo.fi/	[kaˈtas.tɾo.fi] 灾难<名>
glorioso	/ɡlo.ɾiˈo.zu/	/ɡlo.ɾiˈo.zu/	[ɡlo.ɾiˈo.zu] 光荣的<形>
pilar	/piˈlaʁ/	/piˈlaʁ/	[piˈlaʁ] 支柱<名>
mentalmente	/mẽˌtawˈmẽ.t͡ʃi/	/mẽˌtawˈmẽ.t͡ʃi/	[mẽˌtawˈmẽ.t͡ʃi] 精神上<副>
assado	/aˈsa.du/	/aˈsa.du/	[aˈsa.du] 烤<名>
chanceler	/ʃɐ̃.seˈlɛ(ʁ)/	/ʃɐ̃.seˈlɛ(ʁ)/	[ʃɐ̃.seˈlɛ(ʁ)] 校长<名>
universitário	/u.ni.veʁ.siˈta.ɾju/	/u.ni.veʁ.siˈta.ɾju/	[u.ni.veʁ.siˈta.ɾju] 大学<名>
imprudente	/ĩ.pɾuˈdẽ.t͡ʃi/	/ĩ.pɾuˈdẽ.t͡ʃi/	[ĩ.pɾuˈdẽ.t͡ʃi] 鲁莽的<名>
pirâmide	/piˈɾɐ̃.mi.d͡ʒi/	/piˈɾɐ̃.mi.d͡ʒi/	[piˈɾɐ̃.mi.d͡ʒi] 金字塔<名>
sutiã	/su.t͡ʃiˈɐ̃/	/su.t͡ʃiˈɐ̃/	[su.t͡ʃiˈɐ̃] 胸罩<名>
desportivo	/des.poʁˈt͡ʃi.vu/	/des.poʁˈt͡ʃi.vu/	[des.poʁˈt͡ʃi.vu] 运动型的<形>
triângulo	/tɾiˈɐ̃.ɡu.lu/	/tɾiˈɐ̃.ɡu.lu/	[tɾiˈɐ̃.ɡu.lu] 三角形<名>
ola	/ˈɔ.lɐ/	/ˈɔ.lɐ/	[ˈɔ.lɐ] 你好<名>
dispararam	dʒis.pa.ˈɾa.ɾãʊ̃	dʒis.pa.ˈɾa.ɾãʊ̃	[dʒis.pa.ˈɾa.ɾãʊ̃] 被解雇<动>
publicamente	/ˌpu.bli.kaˈmẽ.t͡ʃi/	/ˌpu.bli.kaˈmẽ.t͡ʃi/	[ˌpu.bli.kaˈmẽ.t͡ʃi] 公开<副>
reactor	xe.a.ˈtox	xe.a.ˈtox	[xe.a.ˈtox] 反应堆<名>
boazona	/ˌbo.aˈzõ.nɐ/	/ˌbo.aˈzõ.nɐ/	[ˌbo.aˈzõ.nɐ] 热<名>
recruta	/ʁeˈkɾu.tɐ/	/ʁeˈkɾu.tɐ/	[ʁeˈkɾu.tɐ] 招募<名>
bronze	/ˈbɾõ.zi/	/ˈbɾõ.zi/	[ˈbɾõ.zi] 青铜<名>
adiantado	/a.d͡ʒi.ɐ̃ˈta.du/	/a.d͡ʒi.ɐ̃ˈta.du/	[a.d͡ʒi.ɐ̃ˈta.du] 提前<形>
pára-quedas	ˈpa.ɾa.ke.dəs	ˈpa.ɾa.ke.dəs	[ˈpa.ɾa.ke.dəs] 降落伞<名>
comunitário	/ko.mu.niˈta.ɾju/	/ko.mu.niˈta.ɾju/	[ko.mu.niˈta.ɾju] 社区<形>
candeeiro	/kɐ̃.d͡ʒiˈe(j).ɾu/	/kɐ̃.d͡ʒiˈe(j).ɾu/	[kɐ̃.d͡ʒiˈe(j).ɾu] 灯<名>
ingrediente	/ĩ.ɡɾe.d͡ʒiˈẽ.t͡ʃi/	/ĩ.ɡɾe.d͡ʒiˈẽ.t͡ʃi/	[ĩ.ɡɾe.d͡ʒiˈẽ.t͡ʃi] 成分<名>
remorso	/ʁeˈmɔʁ.su/	/ʁeˈmɔʁ.su/	[ʁeˈmɔʁ.su] 悔恨<名>
traumatismo	/tɾaw.maˈt͡ʃiz.mu/	/tɾaw.maˈt͡ʃiz.mu/	[tɾaw.maˈt͡ʃiz.mu] 外伤<名>
fotográfico	/fo.toˈɡɾa.fi.ku/	/fo.toˈɡɾa.fi.ku/	[fo.toˈɡɾa.fi.ku] 摄影的<形>
visível	/viˈzi.vew/	/viˈzi.vew/	[viˈzi.vew] 可见的<形>
modesto	/moˈdɛs.tu/	/moˈdɛs.tu/	[moˈdɛs.tu] 谦虚的<形>
submundo	/ˌsubˈmũ.du/	/ˌsubˈmũ.du/	[ˌsubˈmũ.du] 黑社会<名>
postura	/posˈtu.ɾɐ/	/posˈtu.ɾɐ/	[posˈtu.ɾɐ] 姿势<名>
viola	/viˈɔ.lɐ/	/viˈɔ.lɐ/	[viˈɔ.lɐ] 中提琴<名>
rebanho	/ʁeˈbɐ̃.ɲu/	/ʁeˈbɐ̃.ɲu/	[ʁeˈbɐ̃.ɲu] 畜群<名>
country	/ˈkaw̃.tɾi/	/ˈkaw̃.tɾi/	[ˈkaw̃.tɾi] 国家<名>
coça	/ˈkɔ.sɐ/	/ˈkɔ.sɐ/	[ˈkɔ.sɐ] 痒<名>
desilusão	/de.zi.luˈzɐ̃w̃/	/de.zi.luˈzɐ̃w̃/	[de.zi.luˈzɐ̃w̃] 幻灭<名>
experiente	/is.pe.ɾiˈẽ.t͡ʃi/	/is.pe.ɾiˈẽ.t͡ʃi/	[is.pe.ɾiˈẽ.t͡ʃi] 有经验的<形>
utilidade	/u.t͡ʃi.liˈda.d͡ʒi/	/u.t͡ʃi.liˈda.d͡ʒi/	[u.t͡ʃi.liˈda.d͡ʒi] 有用性<名>
leitor	/lejˈtoʁ/	/lejˈtoʁ/	[lejˈtoʁ] 读者<名>
arame	/aˈɾɐ̃.mi/	/aˈɾɐ̃.mi/	[aˈɾɐ̃.mi] 电线<名>
intelectual	/ĩ.te.lek.tuˈaw/	/ĩ.te.lek.tuˈaw/	[ĩ.te.lek.tuˈaw] 知识分子<形>
temporariamente	/tẽ.poˌɾa.ɾjaˈmẽ.t͡ʃi/	/tẽ.poˌɾa.ɾjaˈmẽ.t͡ʃi/	[tẽ.poˌɾa.ɾjaˈmẽ.t͡ʃi] 暂时<副>
alérgico	/aˈlɛʁ.ʒi.ku/	/aˈlɛʁ.ʒi.ku/	[aˈlɛʁ.ʒi.ku] 过敏的<名>
bum	/ˈbũ/	/ˈbũ/	[ˈbũ] 繁荣<名>
véu	/ˈvɛw/	/ˈvɛw/	[ˈvɛw] 面纱<名>
sinistro	/siˈnis.tɾu/	/siˈnis.tɾu/	[siˈnis.tɾu] 险恶的<名>
operador	/o.pe.ɾaˈdoʁ/	/o.pe.ɾaˈdoʁ/	[o.pe.ɾaˈdoʁ] 操作员<名>
espinha	/isˈpĩ.ɲɐ/	/isˈpĩ.ɲɐ/	[isˈpĩ.ɲɐ] 脊柱<名>
circulação	/siʁ.ku.laˈsɐ̃w̃/	/siʁ.ku.laˈsɐ̃w̃/	[siʁ.ku.laˈsɐ̃w̃] 循环<名>
hormona	/oʁˈmõ.nɐ/	/oʁˈmõ.nɐ/	[oʁˈmõ.nɐ] 激素<名>
citar	/siˈta(ʁ)/	/siˈta(ʁ)/	[siˈta(ʁ)] 报价<动>
superficial	/su.peʁ.fi.siˈaw/	/su.peʁ.fi.siˈaw/	[su.peʁ.fi.siˈaw] 肤浅的<形>
facilidade	/fa.si.liˈda.d͡ʒi/	/fa.si.liˈda.d͡ʒi/	[fa.si.liˈda.d͡ʒi] 轻松<名>
certificado	/seʁ.t͡ʃi.fiˈka.du/	/seʁ.t͡ʃi.fiˈka.du/	[seʁ.t͡ʃi.fiˈka.du] 证书<名>
samurai	/sɐ.muˈɾaj/	/sɐ.muˈɾaj/	[sɐ.muˈɾaj] 武士<名>
fortemente	/ˌfɔʁ.t͡ʃiˈmẽ.t͡ʃi/	/ˌfɔʁ.t͡ʃiˈmẽ.t͡ʃi/	[ˌfɔʁ.t͡ʃiˈmẽ.t͡ʃi] 强烈地<副>
convento	/kõˈvẽ.tu/	/kõˈvẽ.tu/	[kõˈvẽ.tu] 修道院<名>
medula	/meˈdu.lɐ/	/meˈdu.lɐ/	[meˈdu.lɐ] 骨髓<名>
detector	/de.te.kiˈtoʁ/	/de.te.kiˈtoʁ/	[de.te.kiˈtoʁ] 探测器<名>
obrigatório	/o.bɾi.ɡaˈtɔ.ɾju/	/o.bɾi.ɡaˈtɔ.ɾju/	[o.bɾi.ɡaˈtɔ.ɾju] 强制性的<形>
activado	a.tʃi.ˈva.dʊ	a.tʃi.ˈva.dʊ	[a.tʃi.ˈva.dʊ] 激活的<形>
republicano	/ʁe.pu.bliˈkɐ̃.nu/	/ʁe.pu.bliˈkɐ̃.nu/	[ʁe.pu.bliˈkɐ̃.nu] 共和党的<名>
muçulmano	/mu.suwˈmɐ̃.nu/	/mu.suwˈmɐ̃.nu/	[mu.suwˈmɐ̃.nu] 穆斯林<名>
vencido	/vẽˈsi.du/	/vẽˈsi.du/	[vẽˈsi.du] 赢了<形>
confundir	/kõ.fũˈd͡ʒi(ʁ)/	/kõ.fũˈd͡ʒi(ʁ)/	[kõ.fũˈd͡ʒi(ʁ)] 混淆<动>
higiénico	/iˈʒjɛ.ni.ku/	/iˈʒjɛ.ni.ku/	[iˈʒjɛ.ni.ku] 卫生的<形>
programar	/pɾo.ɡɾaˈma(ʁ)/	/pɾo.ɡɾaˈma(ʁ)/	[pɾo.ɡɾaˈma(ʁ)] 节目<动>
agressor	/a.ɡɾeˈsoʁ/	/a.ɡɾeˈsoʁ/	[a.ɡɾeˈsoʁ] 侵略者<名>
balística	/baˈlis.t͡ʃi.kɐ/	/baˈlis.t͡ʃi.kɐ/	[baˈlis.t͡ʃi.kɐ] 弹道学<名>
genético	/ʒeˈnɛ.t͡ʃi.ku/	/ʒeˈnɛ.t͡ʃi.ku/	[ʒeˈnɛ.t͡ʃi.ku] 遗传的<形>
web	/uˈɛ.bi/	/uˈɛ.bi/	[uˈɛ.bi] 网络<名>
destruíram	des.tɾu.ˈi.ɾãʊ̃	des.tɾu.ˈi.ɾãʊ̃	[des.tɾu.ˈi.ɾãʊ̃] 被摧毁<动>
escotilha	/is.koˈt͡ʃi.ʎɐ/	/is.koˈt͡ʃi.ʎɐ/	[is.koˈt͡ʃi.ʎɐ] 孵化<名>
inventado	ĩ.vẽ.ˈta.dʊ	ĩ.vẽ.ˈta.dʊ	[ĩ.vẽ.ˈta.dʊ] 发明了<形>
transcrição	/tɾɐ̃s.kɾiˈsɐ̃w̃/	/tɾɐ̃s.kɾiˈsɐ̃w̃/	[tɾɐ̃s.kɾiˈsɐ̃w̃] 转录<名>
totó	/toˈtɔ/	/toˈtɔ/	[toˈtɔ] 极客<名>
percentagem	/peʁ.sẽˈta.ʒẽj̃/	/peʁ.sẽˈta.ʒẽj̃/	[peʁ.sẽˈta.ʒẽj̃] 百分比<名>
mulo	/ˈmu.lu/	/ˈmu.lu/	[ˈmu.lu] 骡子<名>
prof.			教授<名>
tolerar	/to.leˈɾa(ʁ)/	/to.leˈɾa(ʁ)/	[to.leˈɾa(ʁ)] 容忍<动>
andamento	/ɐ̃.daˈmẽ.tu/	/ɐ̃.daˈmẽ.tu/	[ɐ̃.daˈmẽ.tu] 节奏<名>
hangar	/ɐ̃ˈɡaʁ/	/ɐ̃ˈɡaʁ/	[ɐ̃ˈɡaʁ] 机库<名>
objecção	ob.ʒe.ˈsãʊ̃	ob.ʒe.ˈsãʊ̃	[ob.ʒe.ˈsãʊ̃] 反对<名>
encomendar	/ẽ.ko.mẽˈda(ʁ)/	/ẽ.ko.mẽˈda(ʁ)/	[ẽ.ko.mẽˈda(ʁ)] 订单<动>
cultural	/kuw.tuˈɾaw/	/kuw.tuˈɾaw/	[kuw.tuˈɾaw] 文化的<形>
comediante	/ko.me.d͡ʒiˈɐ̃.t͡ʃi/	/ko.me.d͡ʒiˈɐ̃.t͡ʃi/	[ko.me.d͡ʒiˈɐ̃.t͡ʃi] 喜剧演员<名>
cinza	/ˈsĩ.zɐ/	/ˈsĩ.zɐ/	[ˈsĩ.zɐ] 灰色<名>
alcoólico	/awˈkɔ.li.ku/	/awˈkɔ.li.ku/	[awˈkɔ.li.ku] 酗酒的<形>
mordido	/moʁˈd͡ʒi.du/	/moʁˈd͡ʒi.du/	[moʁˈd͡ʒi.du] 被咬<形>
gorila	/ɡuˈɾi.lɐ/	/ɡuˈɾi.lɐ/	[ɡuˈɾi.lɐ] 大猩猩<名>
vaticano	/va.t͡ʃiˈkɐ̃.nu/	/va.t͡ʃiˈkɐ̃.nu/	[va.t͡ʃiˈkɐ̃.nu] 梵蒂冈<名>
espancar	/is.pɐ̃ˈka(ʁ)/	/is.pɐ̃ˈka(ʁ)/	[is.pɐ̃ˈka(ʁ)] 打屁股<动>
maca	/ˈma.kɐ/	/ˈma.kɐ/	[ˈma.kɐ] 担架<名>
optimista	op.tʃi.ˈmis.tə	op.tʃi.ˈmis.tə	[op.tʃi.ˈmis.tə] 乐观的<名>
prancha	/ˈpɾɐ̃.ʃɐ/	/ˈpɾɐ̃.ʃɐ/	[ˈpɾɐ̃.ʃɐ] 董事会<名>
ignorância	/i.ɡi.noˈɾɐ̃.sjɐ/	/i.ɡi.noˈɾɐ̃.sjɐ/	[i.ɡi.noˈɾɐ̃.sjɐ] 无知<名>
montagem	/mõˈta.ʒẽj̃/	/mõˈta.ʒẽj̃/	[mõˈta.ʒẽj̃] 组装<名>
arrogância	/a.ʁoˈɡɐ̃.sjɐ/	/a.ʁoˈɡɐ̃.sjɐ/	[a.ʁoˈɡɐ̃.sjɐ] 傲慢<名>
ventre	/ˈvẽ.tɾi/	/ˈvẽ.tɾi/	[ˈvẽ.tɾi] 肚子<名>
assembleia	/a.sẽˈblɛj.ɐ/	/a.sẽˈblɛj.ɐ/	[a.sẽˈblɛj.ɐ] 组装<名>
ancestral	/ɐ̃.sesˈtɾaw/	/ɐ̃.sesˈtɾaw/	[ɐ̃.sesˈtɾaw] 祖先<名>
patos	ˈpa.tʊs	ˈpa.tʊs	[ˈpa.tʊs] 鸭子<名>
caneca	/kaˈnɛ.kɐ/	/kaˈnɛ.kɐ/	[kaˈnɛ.kɐ] 杯子<名>
imitação	/i.mi.taˈsɐ̃w̃/	/i.mi.taˈsɐ̃w̃/	[i.mi.taˈsɐ̃w̃] 模仿<名>
clareza	/klaˈɾe.zɐ/	/klaˈɾe.zɐ/	[klaˈɾe.zɐ] 克莱雷萨<名>
fogão	/foˈɡɐ̃w̃/	/foˈɡɐ̃w̃/	[foˈɡɐ̃w̃] 福冈<名>
entranha	/ẽˈtɾɐ̃.ɲɐ/	/ẽˈtɾɐ̃.ɲɐ/	[ẽˈtɾɐ̃.ɲɐ] 恩特拉尼亚<名>
epidemia	/e.pi.deˈmi.ɐ/	/e.pi.deˈmi.ɐ/	[e.pi.deˈmi.ɐ] 流行病<名>
vitimar	/vi.t͡ʃiˈma(ʁ)/	/vi.t͡ʃiˈma(ʁ)/	[vi.t͡ʃiˈma(ʁ)] 维蒂马尔<动>
expansão	/is.pɐ̃ˈsɐ̃w̃/	/is.pɐ̃ˈsɐ̃w̃/	[is.pɐ̃ˈsɐ̃w̃] 扩张<名>
falido	/faˈli.du/	/faˈli.du/	[faˈli.du] 破产<形>
chan	/ˈʃɐ̃/	/ˈʃɐ̃/	[ˈʃɐ̃] 陈<名>
abriram	a.ˈbɾi.ɾãʊ̃	a.ˈbɾi.ɾãʊ̃	[a.ˈbɾi.ɾãʊ̃] 阿布里拉姆<动>
forca	/ˈfoʁ.kɐ/	/ˈfoʁ.kɐ/	[ˈfoʁ.kɐ] 绞刑架<名>
consistente	/kõ.sisˈtẽ.t͡ʃi/	/kõ.sisˈtẽ.t͡ʃi/	[kõ.sisˈtẽ.t͡ʃi] 一致的<形>
nasceram	na.ˈse.ɾãʊ̃	na.ˈse.ɾãʊ̃	[na.ˈse.ɾãʊ̃] 纳斯塞拉姆<动>
tranca	/ˈtɾɐ̃.kɐ/	/ˈtɾɐ̃.kɐ/	[ˈtɾɐ̃.kɐ] 特兰卡<名>
noroeste	/no.ɾoˈɛs.t͡ʃi/	/no.ɾoˈɛs.t͡ʃi/	[no.ɾoˈɛs.t͡ʃi] 诺罗埃斯特<名>
corvo	/ˈkoʁ.vu/	/ˈkoʁ.vu/	[ˈkoʁ.vu] 乌鸦<名>
regularmente	/ʁe.ɡuˌlaʁˈmẽ.t͡ʃi/	/ʁe.ɡuˌlaʁˈmẽ.t͡ʃi/	[ʁe.ɡuˌlaʁˈmẽ.t͡ʃi] 定期<副>
elo	/ˈɛ.lu/	/ˈɛ.lu/	[ˈɛ.lu] 链接<名>
revólver	/ʁeˈvɔw.veʁ/	/ʁeˈvɔw.veʁ/	[ʁeˈvɔw.veʁ] 旋转器<名>
barman	/baʁˈmẽj̃/	/baʁˈmẽj̃/	[baʁˈmẽj̃] 调酒师<名>
sucata	/suˈka.tɐ/	/suˈka.tɐ/	[suˈka.tɐ] 苏卡塔<名>
divulgar	/d͡ʒi.vuwˈɡa(ʁ)/	/d͡ʒi.vuwˈɡa(ʁ)/	[d͡ʒi.vuwˈɡa(ʁ)] 宣传<动>
lutaram	lu.ˈta.ɾãʊ̃	lu.ˈta.ɾãʊ̃	[lu.ˈta.ɾãʊ̃] 卢塔拉姆<动>
jeitoso	/ʒejˈto.zu/	/ʒejˈto.zu/	[ʒejˈto.zu] 帅哥<形>
irresponsável	/i.ʁes.põˈsa.vew/	/i.ʁes.põˈsa.vew/	[i.ʁes.põˈsa.vew] 不负责任的<形>
terminaram	teɣ.mi.ˈna.ɾãʊ̃	teɣ.mi.ˈna.ɾãʊ̃	[teɣ.mi.ˈna.ɾãʊ̃] 终点站<动>
seguramente	/siˌɡu.ɾaˈmẽ.t͡ʃi/	/siˌɡu.ɾaˈmẽ.t͡ʃi/	[siˌɡu.ɾaˈmẽ.t͡ʃi] 当然<副>
parcial	/paʁ.siˈaw/	/paʁ.siˈaw/	[paʁ.siˈaw] 帕西亚尔<形>
compreendido	/kõ.pɾe.ẽˈd͡ʒi.du/	/kõ.pɾe.ẽˈd͡ʒi.du/	[kõ.pɾe.ẽˈd͡ʒi.du] 理解<形>
evidentemente	/e.viˌdẽ.t͡ʃiˈmẽ.t͡ʃi/	/e.viˌdẽ.t͡ʃiˈmẽ.t͡ʃi/	[e.viˌdẽ.t͡ʃiˈmẽ.t͡ʃi] 显然<副>
orquestra	/oʁˈkɛs.tɾɐ/	/oʁˈkɛs.tɾɐ/	[oʁˈkɛs.tɾɐ] 管弦乐队<名>
crueldade	/kɾu.ewˈda.d͡ʒi/	/kɾu.ewˈda.d͡ʒi/	[kɾu.ewˈda.d͡ʒi] 残忍<名>
falharam	fa.ˈʎa.ɾãʊ̃	fa.ˈʎa.ɾãʊ̃	[fa.ˈʎa.ɾãʊ̃] 失败了<动>
perícia	/peˈɾi.sjɐ/	/peˈɾi.sjɐ/	[peˈɾi.sjɐ] 专业知识<名>
fundador	/fũ.daˈdoʁ/	/fũ.daˈdoʁ/	[fũ.daˈdoʁ] 创始人<名>
bandeja	/bɐ̃ˈde.ʒɐ/	/bɐ̃ˈde.ʒɐ/	[bɐ̃ˈde.ʒɐ] 托盘<名>
nordeste	/noʁˈdɛs.t͡ʃi/	/noʁˈdɛs.t͡ʃi/	[noʁˈdɛs.t͡ʃi] 东北<名>
escape	/isˈka.pi/	/isˈka.pi/	[isˈka.pi] 逃脱<名>
degrau	/deˈɡɾaw/	/deˈɡɾaw/	[deˈɡɾaw] 步骤<名>
terraço	/teˈʁa.su/	/teˈʁa.su/	[teˈʁa.su] 露台<名>
nuca	/ˈnu.kɐ/	/ˈnu.kɐ/	[ˈnu.kɐ] 颈背<名>
maestro	/maˈɛs.tɾu/	/maˈɛs.tɾu/	[maˈɛs.tɾu] 导体<名>
parasita	/pa.ɾaˈzi.tɐ/	/pa.ɾaˈzi.tɐ/	[pa.ɾaˈzi.tɐ] 寄生虫<名>
antiguidade	/ɐ̃.t͡ʃi.ɡwiˈda.d͡ʒi/	/ɐ̃.t͡ʃi.ɡwiˈda.d͡ʒi/	[ɐ̃.t͡ʃi.ɡwiˈda.d͡ʒi] 古代<名>
profundeza	/pɾo.fũˈde.zɐ/	/pɾo.fũˈde.zɐ/	[pɾo.fũˈde.zɐ] 深度<名>
sofisticado	/so.fis.t͡ʃiˈka.du/	/so.fis.t͡ʃiˈka.du/	[so.fis.t͡ʃiˈka.du] 复杂的<形>
garfo	/ˈɡaʁ.fu/	/ˈɡaʁ.fu/	[ˈɡaʁ.fu] 叉子<名>
dita	/ˈd͡ʒi.tɐ/	/ˈd͡ʒi.tɐ/	[ˈd͡ʒi.tɐ] 说<名>
sudoeste	/su.doˈɛs.t͡ʃi/	/su.doˈɛs.t͡ʃi/	[su.doˈɛs.t͡ʃi] 西南<名>
ofensiva	/o.fẽˈsi.vɐ/	/o.fẽˈsi.vɐ/	[o.fẽˈsi.vɐ] 进攻性的<名>
dispensar	/d͡ʒis.pẽˈsa(ʁ)/	/d͡ʒis.pẽˈsa(ʁ)/	[d͡ʒis.pẽˈsa(ʁ)] 解雇<动>
beta	/ˈbɛ.tɐ/	/ˈbɛ.tɐ/	[ˈbɛ.tɐ] 贝塔<名>
milionário	/mi.li.oˈna.ɾju/	/mi.li.oˈna.ɾju/	[mi.li.oˈna.ɾju] 百万富翁<名>
isca	/ˈis.kɐ/	/ˈis.kɐ/	[ˈis.kɐ] 诱饵<名>
esqueleto	/is.keˈle.tu/	/is.keˈle.tu/	[is.keˈle.tu] 骨架<名>
manada	/maˈna.dɐ/	/maˈna.dɐ/	[maˈna.dɐ] 畜群<名>
corporação	/koʁ.po.ɾaˈsɐ̃w̃/	/koʁ.po.ɾaˈsɐ̃w̃/	[koʁ.po.ɾaˈsɐ̃w̃] 公司<名>
maratona	/ma.ɾaˈtõ.nɐ/	/ma.ɾaˈtõ.nɐ/	[ma.ɾaˈtõ.nɐ] 马拉松<名>
manifestação	/ma.ni.fes.taˈsɐ̃w̃/	/ma.ni.fes.taˈsɐ̃w̃/	[ma.ni.fes.taˈsɐ̃w̃] 示范<名>
retribuir	/ʁe.tɾi.buˈi(ʁ)/	/ʁe.tɾi.buˈi(ʁ)/	[ʁe.tɾi.buˈi(ʁ)] 回馈<动>
fitar	/fiˈta(ʁ)/	/fiˈta(ʁ)/	[fiˈta(ʁ)] 凝视<动>
diverso	/d͡ʒiˈvɛʁ.su/	/d͡ʒiˈvɛʁ.su/	[d͡ʒiˈvɛʁ.su] 多样化<形>
decifrar	/de.siˈfɾa(ʁ)/	/de.siˈfɾa(ʁ)/	[de.siˈfɾa(ʁ)] 破译<动>
bengala	/bẽˈɡa.lɐ/	/bẽˈɡa.lɐ/	[bẽˈɡa.lɐ] 手杖<名>
arrumado	/a.ʁuˈma.du/	/a.ʁuˈma.du/	[a.ʁuˈma.du] 整洁<形>
stop	/isˈtɔ.pi/	/isˈtɔ.pi/	[isˈtɔ.pi] 停止<名>
rapidez	/ʁa.piˈde(j)s/	/ʁa.piˈde(j)s/	[ʁa.piˈde(j)s] 速度<名>
bicha	/ˈbi.ʃɐ/	/ˈbi.ʃɐ/	[ˈbi.ʃɐ] 酷儿<名>
hás-de			你会的<动>
mercearia	/meʁ.se.aˈɾi.ɐ/	/meʁ.se.aˈɾi.ɐ/	[meʁ.se.aˈɾi.ɐ] 杂货店<名>
dançarino	/dɐ̃.saˈɾĩ.nu/	/dɐ̃.saˈɾĩ.nu/	[dɐ̃.saˈɾĩ.nu] 舞者<名>
mónica			莫妮卡<名>
perceba	/peʁˈse.bɐ/	/peʁˈse.bɐ/	[peʁˈse.bɐ] 意识到<名>
legume	/leˈɡũ.mi/	/leˈɡũ.mi/	[leˈɡũ.mi] 蔬菜<名>
quimioterapia	/ˌkĩ.mi.o.te.ɾaˈpi.ɐ/	/ˌkĩ.mi.o.te.ɾaˈpi.ɐ/	[ˌkĩ.mi.o.te.ɾaˈpi.ɐ] 化疗<名>
atencioso	/a.tẽ.siˈo.zu/	/a.tẽ.siˈo.zu/	[a.tẽ.siˈo.zu] 细心的<形>
pescador	/pes.kaˈdoʁ/	/pes.kaˈdoʁ/	[pes.kaˈdoʁ] 渔夫<名>
percepção	/peʁ.sepˈsɐ̃w̃/	/peʁ.sepˈsɐ̃w̃/	[peʁ.sepˈsɐ̃w̃] 知觉<名>
condolência	/kõ.doˈlẽ.sjɐ/	/kõ.doˈlẽ.sjɐ/	[kõ.doˈlẽ.sjɐ] 哀悼<名>
ressentimento	/ʁe.sẽ.t͡ʃiˈmẽ.tu/	/ʁe.sẽ.t͡ʃiˈmẽ.tu/	[ʁe.sẽ.t͡ʃiˈmẽ.tu] 怨恨<名>
infantaria	/ĩ.fɐ̃.taˈɾi.ɐ/	/ĩ.fɐ̃.taˈɾi.ɐ/	[ĩ.fɐ̃.taˈɾi.ɐ] 步兵<名>
ocasionalmente	/o.ka.zi.oˌnawˈmẽ.t͡ʃi/	/o.ka.zi.oˌnawˈmẽ.t͡ʃi/	[o.ka.zi.oˌnawˈmẽ.t͡ʃi] 偶尔<副>
skate	/(i)sˈkej.t͡ʃi/	/(i)sˈkej.t͡ʃi/	[(i)sˈkej.t͡ʃi] 滑板<名>
grandeza	/ɡɾɐ̃ˈde.zɐ/	/ɡɾɐ̃ˈde.zɐ/	[ɡɾɐ̃ˈde.zɐ] 伟大<名>
puzzle	/ˈpɐ.zow/	/ˈpɐ.zow/	[ˈpɐ.zow] 拼图<名>
sírio	/ˈsi.ɾju/	/ˈsi.ɾju/	[ˈsi.ɾju] 叙利亚<名>
danificar	/da.ni.fiˈka(ʁ)/	/da.ni.fiˈka(ʁ)/	[da.ni.fiˈka(ʁ)] 损坏<动>
esfaquear	/is.fa.kiˈa(ʁ)/	/is.fa.kiˈa(ʁ)/	[is.fa.kiˈa(ʁ)] 刺<动>
reboque	/ʁeˈbɔ.ki/	/ʁeˈbɔ.ki/	[ʁeˈbɔ.ki] 拖车<名>
supervisão	su.peɣ.vi.ˈzãʊ̃	su.peɣ.vi.ˈzãʊ̃	[su.peɣ.vi.ˈzãʊ̃] 监督<名>
pílula	/ˈpi.lu.lɐ/	/ˈpi.lu.lɐ/	[ˈpi.lu.lɐ] 药丸<名>
lente	/ˈlẽ.t͡ʃi/	/ˈlẽ.t͡ʃi/	[ˈlẽ.t͡ʃi] 镜头<名>
acelerador	/a.se.le.ɾaˈdoʁ/	/a.se.le.ɾaˈdoʁ/	[a.se.le.ɾaˈdoʁ] 加速器<名>
descontrair	/des.kõ.tɾaˈi(ʁ)/	/des.kõ.tɾaˈi(ʁ)/	[des.kõ.tɾaˈi(ʁ)] 放松<动>
palestra	/paˈlɛs.tɾɐ/	/paˈlɛs.tɾɐ/	[paˈlɛs.tɾɐ] 讲座<名>
violador	/vi.o.laˈdoʁ/	/vi.o.laˈdoʁ/	[vi.o.laˈdoʁ] 强奸犯<名>
intimidade	/ĩ.t͡ʃi.miˈda.d͡ʒi/	/ĩ.t͡ʃi.miˈda.d͡ʒi/	[ĩ.t͡ʃi.miˈda.d͡ʒi] 亲密感<名>
apelo	/aˈpe.lu/	/aˈpe.lu/	[aˈpe.lu] 上诉<名>
tigela	/t͡ʃiˈʒɛ.lɐ/	/t͡ʃiˈʒɛ.lɐ/	[t͡ʃiˈʒɛ.lɐ] 碗<名>
metáfora	/meˈta.fo.ɾɐ/	/meˈta.fo.ɾɐ/	[meˈta.fo.ɾɐ] 隐喻<名>
testículo	/tesˈt͡ʃi.ku.lu/	/tesˈt͡ʃi.ku.lu/	[tesˈt͡ʃi.ku.lu] 睾丸<名>
pérola	/ˈpɛ.ɾo.lɐ/	/ˈpɛ.ɾo.lɐ/	[ˈpɛ.ɾo.lɐ] 珍珠<名>
cookie	/ˈku.ki/	/ˈku.ki/	[ˈku.ki] 饼干<名>
salva-vidas	/ˌsaw.vɐˈvi.dɐs/	/ˌsaw.vɐˈvi.dɐs/	[ˌsaw.vɐˈvi.dɐs] 救生员<名>
cruzada	/kɾuˈza.dɐ/	/kɾuˈza.dɐ/	[kɾuˈza.dɐ] 十字军东征<名>
abdómen	/ɐbˈdɔ.mɛn/	/ɐbˈdɔ.mɛn/	[ɐbˈdɔ.mɛn] 腹部<名>
bosta	/ˈbɔs.tɐ/	/ˈbɔs.tɐ/	[ˈbɔs.tɐ] 狗屎<名>
perturbador	/peʁ.tuʁ.baˈdoʁ/	/peʁ.tuʁ.baˈdoʁ/	[peʁ.tuʁ.baˈdoʁ] 令人不安的<形>
gravemente	/ˌɡɾa.viˈmẽ.t͡ʃi/	/ˌɡɾa.viˈmẽ.t͡ʃi/	[ˌɡɾa.viˈmẽ.t͡ʃi] 认真地<副>
psiquiátrico	/pi.si.kiˈa.tɾi.ku/	/pi.si.kiˈa.tɾi.ku/	[pi.si.kiˈa.tɾi.ku] 精神病学的<形>
administrador	/a.d͡ʒi.mi.nis.tɾaˈdoʁ/	/a.d͡ʒi.mi.nis.tɾaˈdoʁ/	[a.d͡ʒi.mi.nis.tɾaˈdoʁ] 管理员<名>
vereador	/ve.ɾe.aˈdoʁ/	/ve.ɾe.aˈdoʁ/	[ve.ɾe.aˈdoʁ] 议员<名>
resistente	/ʁe.zisˈtẽ.t͡ʃi/	/ʁe.zisˈtẽ.t͡ʃi/	[ʁe.zisˈtẽ.t͡ʃi] 抵抗力<名>
globo	/ˈɡlo.bu/	/ˈɡlo.bu/	[ˈɡlo.bu] 地球仪<名>
arrastado	/a.ʁasˈta.du/	/a.ʁasˈta.du/	[a.ʁasˈta.du] 拖<名>
enfarte	/ẽˈfaʁ.t͡ʃi/	/ẽˈfaʁ.t͡ʃi/	[ẽˈfaʁ.t͡ʃi] 心脏病发作<名>
deriva	/deˈɾi.vɐ/	/deˈɾi.vɐ/	[deˈɾi.vɐ] 漂移<名>
agitação	/a.ʒi.taˈsɐ̃w̃/	/a.ʒi.taˈsɐ̃w̃/	[a.ʒi.taˈsɐ̃w̃] 搅动<名>
campa	/ˈkɐ̃.pɐ/	/ˈkɐ̃.pɐ/	[ˈkɐ̃.pɐ] 坟墓<名>
blues	/ˈblus/	/ˈblus/	[ˈblus] 蓝调<名>
arrependimento	/a.ʁe.pẽ.d͡ʒiˈmẽ.tu/	/a.ʁe.pẽ.d͡ʒiˈmẽ.tu/	[a.ʁe.pẽ.d͡ʒiˈmẽ.tu] 遗憾<名>
dobra	/ˈdɔ.bɾɐ/	/ˈdɔ.bɾɐ/	[ˈdɔ.bɾɐ] 折叠<名>
quartel-general	/kwaʁˌtɛw.ʒe.neˈɾaw/	/kwaʁˌtɛw.ʒe.neˈɾaw/	[kwaʁˌtɛw.ʒe.neˈɾaw] 总部<名>
arrefecer	/a.ʁe.feˈse(ʁ)/	/a.ʁe.feˈse(ʁ)/	[a.ʁe.feˈse(ʁ)] 冷静下来<动>
caranguejo	/ka.ɾɐ̃ˈɡe.ʒu/	/ka.ɾɐ̃ˈɡe.ʒu/	[ka.ɾɐ̃ˈɡe.ʒu] 螃蟹<名>
poça	/ˈpo.sɐ/	/ˈpo.sɐ/	[ˈpo.sɐ] 水坑<名>
atividade	/a.t͡ʃi.viˈda.d͡ʒi/	/a.t͡ʃi.viˈda.d͡ʒi/	[a.t͡ʃi.viˈda.d͡ʒi] 活动<名>
erupção	/e.ɾupˈsɐ̃w̃/	/e.ɾupˈsɐ̃w̃/	[e.ɾupˈsɐ̃w̃] 皮疹<名>
iluminação	/i.lu.mi.naˈsɐ̃w̃/	/i.lu.mi.naˈsɐ̃w̃/	[i.lu.mi.naˈsɐ̃w̃] 照明<名>
interpretação	/ĩ.teʁ.pɾe.taˈsɐ̃w̃/	/ĩ.teʁ.pɾe.taˈsɐ̃w̃/	[ĩ.teʁ.pɾe.taˈsɐ̃w̃] 解释<名>
credibilidade	/kɾe.d͡ʒi.bi.liˈda.d͡ʒi/	/kɾe.d͡ʒi.bi.liˈda.d͡ʒi/	[kɾe.d͡ʒi.bi.liˈda.d͡ʒi] 可信度<名>
funcionamento	/fũ.si.o.naˈmẽ.tu/	/fũ.si.o.naˈmẽ.tu/	[fũ.si.o.naˈmẽ.tu] 操作<名>
lã	/ˈlɐ̃/	/ˈlɐ̃/	[ˈlɐ̃] 羊毛<名>
virtual	/viʁ.tuˈaw/	/viʁ.tuˈaw/	[viʁ.tuˈaw] 虚拟的<形>
múltiplo	/ˈmuw.t͡ʃi.plu/	/ˈmuw.t͡ʃi.plu/	[ˈmuw.t͡ʃi.plu] 多个<名>
bonitão	/bu.niˈtɐ̃w̃/	/bu.niˈtɐ̃w̃/	[bu.niˈtɐ̃w̃] 帅哥<名>
barraca	/baˈʁa.kɐ/	/baˈʁa.kɐ/	[baˈʁa.kɐ] 帐篷<名>
orgasmo	/oʁˈɡaz.mu/	/oʁˈɡaz.mu/	[oʁˈɡaz.mu] 性高潮<名>
perguntaram	peɣ.gũ.ˈta.ɾãʊ̃	peɣ.gũ.ˈta.ɾãʊ̃	[peɣ.gũ.ˈta.ɾãʊ̃] 他们问<动>
crescente	/kɾeˈsẽ.t͡ʃi/	/kɾeˈsẽ.t͡ʃi/	[kɾeˈsẽ.t͡ʃi] 成长中<名>
apontado	/a.põˈta.du/	/a.põˈta.du/	[a.põˈta.du] 尖的<形>
calmamente	/ˌkaw.maˈmẽ.t͡ʃi/	/ˌkaw.maˈmẽ.t͡ʃi/	[ˌkaw.maˈmẽ.t͡ʃi] 平静地<副>
composição	/kõ.po.ziˈsɐ̃w̃/	/kõ.po.ziˈsɐ̃w̃/	[kõ.po.ziˈsɐ̃w̃] 组成<名>
sequestro	/seˈkwɛs.tɾu/	/seˈkwɛs.tɾu/	[seˈkwɛs.tɾu] 绑架<名>
colisão	/ko.liˈzɐ̃w̃/	/ko.liˈzɐ̃w̃/	[ko.liˈzɐ̃w̃] 碰撞<名>
encostar	/ẽ.kosˈta(ʁ)/	/ẽ.kosˈta(ʁ)/	[ẽ.kosˈta(ʁ)] 靠边停车<动>
espertinho	/is.pɛʁˈt͡ʃĩ.ɲu/	/is.pɛʁˈt͡ʃĩ.ɲu/	[is.pɛʁˈt͡ʃĩ.ɲu] 聪明人<名>
inicialmente	/i.ni.siˌawˈmẽ.t͡ʃi/	/i.ni.siˌawˈmẽ.t͡ʃi/	[i.ni.siˌawˈmẽ.t͡ʃi] 最初<副>
imigrante	/i.miˈɡɾɐ̃.t͡ʃi/	/i.miˈɡɾɐ̃.t͡ʃi/	[i.miˈɡɾɐ̃.t͡ʃi] 移民<名>
sobrenatural	/so.bɾe.na.tuˈɾaw/	/so.bɾe.na.tuˈɾaw/	[so.bɾe.na.tuˈɾaw] 超自然的<名>
durão	/duˈɾɐ̃w̃/	/duˈɾɐ̃w̃/	[duˈɾɐ̃w̃] 强硬<名>
trilho	/ˈtɾi.ʎu/	/ˈtɾi.ʎu/	[ˈtɾi.ʎu] 铁路<名>
tijolo	/t͡ʃiˈʒo.lu/	/t͡ʃiˈʒo.lu/	[t͡ʃiˈʒo.lu] 砖<名>
cadete	/kaˈde.t͡ʃi/	/kaˈde.t͡ʃi/	[kaˈde.t͡ʃi] 学员<名>
sinceridade	/sĩ.se.ɾiˈda.d͡ʒi/	/sĩ.se.ɾiˈda.d͡ʒi/	[sĩ.se.ɾiˈda.d͡ʒi] 真诚<名>
décimo	/ˈdɛ.si.mu/	/ˈdɛ.si.mu/	[ˈdɛ.si.mu] 第十<名>
amaldiçoado	/a.maw.d͡ʒi.soˈa.du/	/a.maw.d͡ʒi.soˈa.du/	[a.maw.d͡ʒi.soˈa.du] 被诅咒的<形>
pa	/pa/	/pa/	[pa] 帕<介>
contenção	/kõ.tẽˈsɐ̃w̃/	/kõ.tẽˈsɐ̃w̃/	[kõ.tẽˈsɐ̃w̃] 遏制<名>
sufocar	/su.foˈka(ʁ)/	/su.foˈka(ʁ)/	[su.foˈka(ʁ)] 窒息<动>
fiscal	/fisˈkaw/	/fisˈkaw/	[fisˈkaw] 税<名>
psicológico	/pi.si.koˈlɔ.ʒi.ku/	/pi.si.koˈlɔ.ʒi.ku/	[pi.si.koˈlɔ.ʒi.ku] 心理的<形>
eco	/ˈɛ.ku/	/ˈɛ.ku/	[ˈɛ.ku] 回声<名>
agricultura	a.gɾi.kuw.ˈtu.ɾə	a.gɾi.kuw.ˈtu.ɾə	[a.gɾi.kuw.ˈtu.ɾə] 农业<名>
desvantagem	/dez.vɐ̃ˈta.ʒẽj̃/	/dez.vɐ̃ˈta.ʒẽj̃/	[dez.vɐ̃ˈta.ʒẽj̃] 劣势<名>
variedade	/va.ɾi.eˈda.d͡ʒi/	/va.ɾi.eˈda.d͡ʒi/	[va.ɾi.eˈda.d͡ʒi] 品种<名>
penhasco	/pẽˈɲas.ku/	/pẽˈɲas.ku/	[pẽˈɲas.ku] 悬崖<名>
discordar	/d͡ʒis.koʁˈda(ʁ)/	/d͡ʒis.koʁˈda(ʁ)/	[d͡ʒis.koʁˈda(ʁ)] 不同意<动>
órfão	/ˈɔʁ.fɐ̃w̃/	/ˈɔʁ.fɐ̃w̃/	[ˈɔʁ.fɐ̃w̃] 孤儿<名>
tapar	/taˈpa(ʁ)/	/taˈpa(ʁ)/	[taˈpa(ʁ)] 封面<动>
desprezo	/desˈpɾe.zu/	/desˈpɾe.zu/	[desˈpɾe.zu] 蔑视<名>
igualdade	/i.ɡwawˈda.d͡ʒi/	/i.ɡwawˈda.d͡ʒi/	[i.ɡwawˈda.d͡ʒi] 平等<名>
grandioso	/ɡɾɐ̃.d͡ʒiˈo.zu/	/ɡɾɐ̃.d͡ʒiˈo.zu/	[ɡɾɐ̃.d͡ʒiˈo.zu] 宏伟的<形>
isolar	/i.zoˈla(ʁ)/	/i.zoˈla(ʁ)/	[i.zoˈla(ʁ)] 隔离<动>
preliminar	/pɾe.li.miˈnaʁ/	/pɾe.li.miˈnaʁ/	[pɾe.li.miˈnaʁ] 初步的<形>
torpedo	/toʁˈpe.du/	/toʁˈpe.du/	[toʁˈpe.du] 鱼雷<名>
vala	/ˈva.lɐ/	/ˈva.lɐ/	[ˈva.lɐ] 沟渠<名>
aceso	/aˈse.zu/	/aˈse.zu/	[aˈse.zu] 点亮<形>
demônio	/deˈmõ.ni.u/	/deˈmõ.ni.u/	[deˈmõ.ni.u] 恶魔<名>
rabino	/ʁaˈbĩ.nu/	/ʁaˈbĩ.nu/	[ʁaˈbĩ.nu] 拉比<名>
romper	/ʁõˈpe(ʁ)/	/ʁõˈpe(ʁ)/	[ʁõˈpe(ʁ)] 打破<动>
alterado	aw.te.ˈɾa.dʊ	aw.te.ˈɾa.dʊ	[aw.te.ˈɾa.dʊ] 改变了<形>
adjunto	/ad͡ʒˈʒũ.tu/	/ad͡ʒˈʒũ.tu/	[ad͡ʒˈʒũ.tu] 副手<名>
fotografar	/fo.to.ɡɾaˈfa(ʁ)/	/fo.to.ɡɾaˈfa(ʁ)/	[fo.to.ɡɾaˈfa(ʁ)] 照片<动>
vago	/ˈva.ɡu/	/ˈva.ɡu/	[ˈva.ɡu] 空缺<名>
melhora	/meˈʎɔ.ɾɐ/	/meˈʎɔ.ɾɐ/	[meˈʎɔ.ɾɐ] 改善<名>
financiar	/fi.nɐ̃.siˈa(ʁ)/	/fi.nɐ̃.siˈa(ʁ)/	[fi.nɐ̃.siˈa(ʁ)] 金融<动>
doação	/du.aˈsɐ̃w̃/	/du.aˈsɐ̃w̃/	[du.aˈsɐ̃w̃] 捐赠<名>
bailarina	/baj.laˈɾĩ.nɐ/	/baj.laˈɾĩ.nɐ/	[baj.laˈɾĩ.nɐ] 芭蕾舞演员<名>
copiar	/ko.piˈa(ʁ)/	/ko.piˈa(ʁ)/	[ko.piˈa(ʁ)] 复制<名>
dog	/ˈdɔ.ɡi/	/ˈdɔ.ɡi/	[ˈdɔ.ɡi] 狗<名>
faraó	/fa.ɾaˈɔ/	/fa.ɾaˈɔ/	[fa.ɾaˈɔ] 法老<名>
sénior	/ˈsɛ.njɔɾ/	/ˈsɛ.njɔɾ/	[ˈsɛ.njɔɾ] 高级<名>
capuz	/kaˈpu(j)s/	/kaˈpu(j)s/	[kaˈpu(j)s] 引擎盖<名>
patrulhar	/pa.tɾuˈʎa(ʁ)/	/pa.tɾuˈʎa(ʁ)/	[pa.tɾuˈʎa(ʁ)] 巡逻<动>
chili	/ˈʃi.li/	/ˈʃi.li/	[ˈʃi.li] 辣椒<名>
ova	/ˈɔ.vɐ/	/ˈɔ.vɐ/	[ˈɔ.vɐ] 卵子<名>
improvisar	/ĩ.pɾo.viˈza(ʁ)/	/ĩ.pɾo.viˈza(ʁ)/	[ĩ.pɾo.viˈza(ʁ)] 即兴发挥<动>
aliviado	/a.li.viˈa.du/	/a.li.viˈa.du/	[a.li.viˈa.du] 松了口气<形>
mercenário	/meʁ.seˈna.ɾju/	/meʁ.seˈna.ɾju/	[meʁ.seˈna.ɾju] 雇佣兵<名>
dedicação	/de.d͡ʒi.kaˈsɐ̃w̃/	/de.d͡ʒi.kaˈsɐ̃w̃/	[de.d͡ʒi.kaˈsɐ̃w̃] 奉献<名>
doar	/duˈa(ʁ)/	/duˈa(ʁ)/	[duˈa(ʁ)] 捐赠<动>
observador	/o.bi.seʁ.vaˈdoʁ/	/o.bi.seʁ.vaˈdoʁ/	[o.bi.seʁ.vaˈdoʁ] 观察者<名>
analista	/a.naˈlis.tɐ/	/a.naˈlis.tɐ/	[a.naˈlis.tɐ] 分析师<名>
condenar	/kõ.deˈna(ʁ)/	/kõ.deˈna(ʁ)/	[kõ.deˈna(ʁ)] 谴责<动>
tese	/ˈtɛ.zi/	/ˈtɛ.zi/	[ˈtɛ.zi] 论文<名>
cessar	/seˈsa(ʁ)/	/seˈsa(ʁ)/	[seˈsa(ʁ)] 停止<动>
realeza	/ʁe.aˈle.zɐ/	/ʁe.aˈle.zɐ/	[ʁe.aˈle.zɐ] 版税<名>
tambor	/tɐ̃ˈboʁ/	/tɐ̃ˈboʁ/	[tɐ̃ˈboʁ] 鼓<名>
cuspir	/kusˈpi(ʁ)/	/kusˈpi(ʁ)/	[kusˈpi(ʁ)] 吐口水<动>
lixeiro	/liˈʃe(j).ɾu/	/liˈʃe(j).ɾu/	[liˈʃe(j).ɾu] 垃圾人<名>
homicida	/o.miˈsi.dɐ/	/o.miˈsi.dɐ/	[o.miˈsi.dɐ] 杀人的<名>
ketchup	/ˌkɛt͡ʃˈʃu.pi/	/ˌkɛt͡ʃˈʃu.pi/	[ˌkɛt͡ʃˈʃu.pi] 番茄酱<名>
desordem	/deˈzɔʁ.dẽj̃/	/deˈzɔʁ.dẽj̃/	[deˈzɔʁ.dẽj̃] 紊乱<名>
confiável	/kõ.fiˈa.vew/	/kõ.fiˈa.vew/	[kõ.fiˈa.vew] 值得信赖的<形>
exagero	/e.zaˈʒe.ɾu/	/e.zaˈʒe.ɾu/	[e.zaˈʒe.ɾu] 夸张<名>
cap	/ˈkɛ.pi/	/ˈkɛ.pi/	[ˈkɛ.pi] 帽<名>
exigente	/e.ziˈʒẽ.t͡ʃi/	/e.ziˈʒẽ.t͡ʃi/	[e.ziˈʒẽ.t͡ʃi] 要求严格<形>
livremente	/ˌli.vɾiˈmẽ.t͡ʃi/	/ˌli.vɾiˈmẽ.t͡ʃi/	[ˌli.vɾiˈmẽ.t͡ʃi] 自由地<副>
vitamina	/vi.taˈmĩ.nɐ/	/vi.taˈmĩ.nɐ/	[vi.taˈmĩ.nɐ] 维生素<名>
envergonhar	/ẽ.veʁ.ɡõˈɲa(ʁ)/	/ẽ.veʁ.ɡõˈɲa(ʁ)/	[ẽ.veʁ.ɡõˈɲa(ʁ)] 使人难堪<动>
analgésico	/a.nawˈʒɛ.zi.ku/	/a.nawˈʒɛ.zi.ku/	[a.nawˈʒɛ.zi.ku] 镇痛剂<名>
ultimo	uwˈt͡ʃĩ.mu	uwˈt͡ʃĩ.mu	[uwˈt͡ʃĩ.mu] 最后<形>
assentar	/a.sẽˈta(ʁ)/	/a.sẽˈta(ʁ)/	[a.sẽˈta(ʁ)] 解决<动>
negligência	/ne.ɡliˈʒẽ.sjɐ/	/ne.ɡliˈʒẽ.sjɐ/	[ne.ɡliˈʒẽ.sjɐ] 疏忽<名>
injustiça	/ĩ.ʒusˈt͡ʃi.sɐ/	/ĩ.ʒusˈt͡ʃi.sɐ/	[ĩ.ʒusˈt͡ʃi.sɐ] 不公正<名>
avante	/aˈvɐ̃.t͡ʃi/	/aˈvɐ̃.t͡ʃi/	[aˈvɐ̃.t͡ʃi] 前进<副>
corar	/koˈɾa(ʁ)/	/koˈɾa(ʁ)/	[koˈɾa(ʁ)] 脸红<动>
aleijado	/a.le(j)ˈʒa.du/	/a.le(j)ˈʒa.du/	[a.le(j)ˈʒa.du] 残废<名>
ide	/ˈi.d͡ʒi/	/ˈi.d͡ʒi/	[ˈi.d͡ʒi] 去<名>
bora	/ˈbɔ.ɾɐ/	/ˈbɔ.ɾɐ/	[ˈbɔ.ɾɐ] 我们走吧<叹>
selecção	se.le.ˈsãʊ̃	se.le.ˈsãʊ̃	[se.le.ˈsãʊ̃] 选择<名>
taxista	/takˈsis.tɐ/	/takˈsis.tɐ/	[takˈsis.tɐ] 出租车司机<名>
rolar	/ʁoˈla(ʁ)/	/ʁoˈla(ʁ)/	[ʁoˈla(ʁ)] 卷<动>
triunfo	/ˈtɾiw̃.fu/	/ˈtɾiw̃.fu/	[ˈtɾiw̃.fu] 胜利<名>
agonia	/a.ɡoˈni.ɐ/	/a.ɡoˈni.ɐ/	[a.ɡoˈni.ɐ] 痛苦<名>
equação	/e.kwaˈsɐ̃w̃/	/e.kwaˈsɐ̃w̃/	[e.kwaˈsɐ̃w̃] 方程<名>
ambicioso	/ɐ̃.bi.siˈo.zu/	/ɐ̃.bi.siˈo.zu/	[ɐ̃.bi.siˈo.zu] 雄心勃勃的<形>
chicote	/ʃiˈkɔ.t͡ʃi/	/ʃiˈkɔ.t͡ʃi/	[ʃiˈkɔ.t͡ʃi] 鞭子<名>
retaguarda	/ʁe.taˈɡwaʁ.dɐ/	/ʁe.taˈɡwaʁ.dɐ/	[ʁe.taˈɡwaʁ.dɐ] 后部<名>
eletricidade	/e.le.tɾi.siˈda.d͡ʒi/	/e.le.tɾi.siˈda.d͡ʒi/	[e.le.tɾi.siˈda.d͡ʒi] 电力<名>
desprezível	/des.pɾeˈzi.vew/	/des.pɾeˈzi.vew/	[des.pɾeˈzi.vew] 卑鄙的<形>
desgosto	/dezˈɡos.tu/	/dezˈɡos.tu/	[dezˈɡos.tu] 心碎<名>
dezoito	/deˈzoj.tu/	/deˈzoj.tu/	[deˈzoj.tu] 十八<名>
rejeitar	/ʁe.ʒejˈta(ʁ)/	/ʁe.ʒejˈta(ʁ)/	[ʁe.ʒejˈta(ʁ)] 拒绝<动>
mosteiro	/mosˈte(j).ɾu/	/mosˈte(j).ɾu/	[mosˈte(j).ɾu] 修道院<名>
sudeste	/suˈdɛs.t͡ʃi/	/suˈdɛs.t͡ʃi/	[suˈdɛs.t͡ʃi] 东南<名>
inauguração	/i.naw.ɡu.ɾaˈsɐ̃w̃/	/i.naw.ɡu.ɾaˈsɐ̃w̃/	[i.naw.ɡu.ɾaˈsɐ̃w̃] 就职典礼<名>
conexão	/ko.nekˈsɐ̃w̃/	/ko.nekˈsɐ̃w̃/	[ko.nekˈsɐ̃w̃] 连接<名>
infernal	/ĩ.feʁˈnaw/	/ĩ.feʁˈnaw/	[ĩ.feʁˈnaw] 地狱般的<形>
voador	/vo.aˈdoʁ/	/vo.aˈdoʁ/	[vo.aˈdoʁ] 飞行<形>
consulado	/kõ.suˈla.du/	/kõ.suˈla.du/	[kõ.suˈla.du] 领事馆<名>
soma	/ˈsõ.mɐ/	/ˈsõ.mɐ/	[ˈsõ.mɐ] 总和<名>
comovente	/ko.moˈvẽ.t͡ʃi/	/ko.moˈvẽ.t͡ʃi/	[ko.moˈvẽ.t͡ʃi] 移动<形>
ressonância	/ʁe.soˈnɐ̃.sjɐ/	/ʁe.soˈnɐ̃.sjɐ/	[ʁe.soˈnɐ̃.sjɐ] 共振<名>
camponês	/kɐ̃.poˈne(j)s/	/kɐ̃.poˈne(j)s/	[kɐ̃.poˈne(j)s] 农民<名>
luís	/luˈis/	/luˈis/	[luˈis] 路易斯<名>
aplauso	/aˈplaw.zu/	/aˈplaw.zu/	[aˈplaw.zu] 掌声<名>
feroz	/feˈɾɔ(j)s/	/feˈɾɔ(j)s/	[feˈɾɔ(j)s] 凶猛<形>
contaram	/kõˈta.ɾɐ̃w̃/	/kõˈta.ɾɐ̃w̃/	[kõˈta.ɾɐ̃w̃] 告诉<动>
retomar	/ʁe.toˈma(ʁ)/	/ʁe.toˈma(ʁ)/	[ʁe.toˈma(ʁ)] 简历<动>
donzela	/dõˈzɛ.lɐ/	/dõˈzɛ.lɐ/	[dõˈzɛ.lɐ] 少女<名>
coleção	/ko.leˈsɐ̃w̃/	/ko.leˈsɐ̃w̃/	[ko.leˈsɐ̃w̃] 收藏<名>
arranjaram	a.xã.ˈʒa.ɾãʊ̃	a.xã.ˈʒa.ɾãʊ̃	[a.xã.ˈʒa.ɾãʊ̃] 安排的<动>
externo	/isˈtɛʁ.nu/	/isˈtɛʁ.nu/	[isˈtɛʁ.nu] 外部的<名>
avariar	/a.va.ɾiˈa(ʁ)/	/a.va.ɾiˈa(ʁ)/	[a.va.ɾiˈa(ʁ)] 崩溃<动>
cona	/ˈkõ.nɐ/	/ˈkõ.nɐ/	[ˈkõ.nɐ] 阴部<名>
macarrão	/ma.kaˈʁɐ̃w̃/	/ma.kaˈʁɐ̃w̃/	[ma.kaˈʁɐ̃w̃] 面食<名>
imprevisível	/ĩ.pɾe.viˈzi.vew/	/ĩ.pɾe.viˈzi.vew/	[ĩ.pɾe.viˈzi.vew] 不可预测的<形>
hera	/ˈɛ.ɾɐ/	/ˈɛ.ɾɐ/	[ˈɛ.ɾɐ] 常春藤<名>
abdicar	/a.bi.d͡ʒiˈka(ʁ)/	/a.bi.d͡ʒiˈka(ʁ)/	[a.bi.d͡ʒiˈka(ʁ)] 退位<动>
abismo	/aˈbiz.mu/	/aˈbiz.mu/	[aˈbiz.mu] 深渊<名>
jurado	/ʒuˈɾa.du/	/ʒuˈɾa.du/	[ʒuˈɾa.du] 陪审员<名>
argentino	/aʁ.ʒẽˈt͡ʃĩ.nu/	/aʁ.ʒẽˈt͡ʃĩ.nu/	[aʁ.ʒẽˈt͡ʃĩ.nu] 阿根廷人<名>
beck	/ˈbɛ.ki/	/ˈbɛ.ki/	[ˈbɛ.ki] 贝克<名>
procuradoria	/pɾo.ku.ɾa.doˈɾi.ɐ/	/pɾo.ku.ɾa.doˈɾi.ɐ/	[pɾo.ku.ɾa.doˈɾi.ɐ] 检察官办公室<名>
atar	/aˈta(ʁ)/	/aˈta(ʁ)/	[aˈta(ʁ)] 领带<动>
bússola	/ˈbu.so.lɐ/	/ˈbu.so.lɐ/	[ˈbu.so.lɐ] 指南针<名>
plástica	/ˈplas.t͡ʃi.kɐ/	/ˈplas.t͡ʃi.kɐ/	[ˈplas.t͡ʃi.kɐ] 塑料<名>
zoom	/ˈzũ/	/ˈzũ/	[ˈzũ] 变焦<名>
carvalho	/kaʁˈva.ʎu/	/kaʁˈva.ʎu/	[kaʁˈva.ʎu] 橡木<名>
pinguim	/pĩˈɡwĩ/	/pĩˈɡwĩ/	[pĩˈɡwĩ] 企鹅<名>
extracção	es.tɾa.ˈsãʊ̃	es.tɾa.ˈsãʊ̃	[es.tɾa.ˈsãʊ̃] 提取<名>
acertado	a.sex.ˈta.dʊ	a.sex.ˈta.dʊ	[a.sex.ˈta.dʊ] 对<形>
financiamento	/fi.nɐ̃.si.aˈmẽ.tu/	/fi.nɐ̃.si.aˈmẽ.tu/	[fi.nɐ̃.si.aˈmẽ.tu] 融资<名>
ciumento	/siwˈmẽ.tu/	/siwˈmẽ.tu/	[siwˈmẽ.tu] 嫉妒<形>
acompanhado	/a.kõ.pɐ̃ˈɲa.du/	/a.kõ.pɐ̃ˈɲa.du/	[a.kõ.pɐ̃ˈɲa.du] 陪伴<形>
resumo	/ʁeˈzũ.mu/	/ʁeˈzũ.mu/	[ʁeˈzũ.mu] 总结<名>
estábulo	/isˈta.bu.lu/	/isˈta.bu.lu/	[isˈta.bu.lu] 稳定<名>
down			向下<名>
mania	/maˈni.ɐ/	/maˈni.ɐ/	[maˈni.ɐ] 狂热<名>
comportar	/kõ.poʁˈta(ʁ)/	/kõ.poʁˈta(ʁ)/	[kõ.poʁˈta(ʁ)] 表现<动>
führer	ˈfi.ɾeʁ	ˈfi.ɾeʁ	[ˈfi.ɾeʁ] 元首<名>
anita	/aˈni.tɐ/	/aˈni.tɐ/	[aˈni.tɐ] 安妮塔<名>
arquitecto	ax.ki.ˈtɛ.tʊ	ax.ki.ˈtɛ.tʊ	[ax.ki.ˈtɛ.tʊ] 建筑师<名>
subúrbio	/suˈbuʁ.bju/	/suˈbuʁ.bju/	[suˈbuʁ.bju] 郊区<名>
cante	/ˈkɐ̃.t͡ʃi/	/ˈkɐ̃.t͡ʃi/	[ˈkɐ̃.t͡ʃi] 唱歌<名>
extorsão	/is.toʁˈsɐ̃w̃/	/is.toʁˈsɐ̃w̃/	[is.toʁˈsɐ̃w̃] 勒索<名>
admissão	/a.d͡ʒi.miˈsɐ̃w̃/	/a.d͡ʒi.miˈsɐ̃w̃/	[a.d͡ʒi.miˈsɐ̃w̃] 入场<名>
registro	/ʁeˈʒis.tɾu/	/ʁeˈʒis.tɾu/	[ʁeˈʒis.tɾu] 登记<名>
canalizador	/ka.na.li.zaˈdoʁ/	/ka.na.li.zaˈdoʁ/	[ka.na.li.zaˈdoʁ] 水管工<名>
anotação	/a.no.taˈsɐ̃w̃/	/a.no.taˈsɐ̃w̃/	[a.no.taˈsɐ̃w̃] 注释<名>
averiguar	/a.ve.ɾiˈɡwa(ʁ)/	/a.ve.ɾiˈɡwa(ʁ)/	[a.ve.ɾiˈɡwa(ʁ)] 找出来<动>
auge	/ˈaw.ʒi/	/ˈaw.ʒi/	[ˈaw.ʒi] 峰值<名>
ioga	/iˈo.ɡɐ/	/iˈo.ɡɐ/	[iˈo.ɡɐ] 瑜伽<名>
funerária	/fu.neˈɾa.ɾjɐ/	/fu.neˈɾa.ɾjɐ/	[fu.neˈɾa.ɾjɐ] 殡仪馆<名>
intervir	/ĩ.teʁˈvi(ʁ)/	/ĩ.teʁˈvi(ʁ)/	[ĩ.teʁˈvi(ʁ)] 干预<动>
trenó	/tɾeˈnɔ/	/tɾeˈnɔ/	[tɾeˈnɔ] 雪橇<名>
odor	/oˈdoʁ/	/oˈdoʁ/	[oˈdoʁ] 气味<名>
cachimbo	/kaˈʃĩ.bu/	/kaˈʃĩ.bu/	[kaˈʃĩ.bu] 管子<名>
eminência	/e.miˈnẽ.sjɐ/	/e.miˈnẽ.sjɐ/	[e.miˈnẽ.sjɐ] 显赫地位<名>
iogurte	/i.oˈɡuʁ.t͡ʃi/	/i.oˈɡuʁ.t͡ʃi/	[i.oˈɡuʁ.t͡ʃi] 酸奶<名>
grosso	/ˈɡɾo.su/	/ˈɡɾo.su/	[ˈɡɾo.su] 厚<形>
faminto	/faˈmĩ.tu/	/faˈmĩ.tu/	[faˈmĩ.tu] 饿了<形>
espertalhão	/is.peʁ.taˈʎɐ̃w̃/	/is.peʁ.taˈʎɐ̃w̃/	[is.peʁ.taˈʎɐ̃w̃] 聪明人<名>
citação	/si.taˈsɐ̃w̃/	/si.taˈsɐ̃w̃/	[si.taˈsɐ̃w̃] 报价<名>
afecto	a.ˈfe.tʊ	a.ˈfe.tʊ	[a.ˈfe.tʊ] 感情<名>
aprendiz	/a.pɾẽˈd͡ʒis/	/a.pɾẽˈd͡ʒis/	[a.pɾẽˈd͡ʒis] 学徒<名>
mutante	/muˈtɐ̃.t͡ʃi/	/muˈtɐ̃.t͡ʃi/	[muˈtɐ̃.t͡ʃi] 突变体<名>
cromo	/ˈkɾõ.mu/	/ˈkɾõ.mu/	[ˈkɾõ.mu] 铬<名>
marado	/maˈɾa.du/	/maˈɾa.du/	[maˈɾa.du] 疯狂的<形>
vovó	/vɔˈvɔ/	/vɔˈvɔ/	[vɔˈvɔ] 奶奶<名>
trovão	/tɾoˈvɐ̃w̃/	/tɾoˈvɐ̃w̃/	[tɾoˈvɐ̃w̃] 雷声<名>
posta	/ˈpɔs.tɐ/	/ˈpɔs.tɐ/	[ˈpɔs.tɐ] 帖子<名>
excepcional	/e.sep.si.oˈnaw/	/e.sep.si.oˈnaw/	[e.sep.si.oˈnaw] 异常的<名>
cerco	/ˈseʁ.ku/	/ˈseʁ.ku/	[ˈseʁ.ku] 围攻<名>
feitio	/fejˈt͡ʃi.u/	/fejˈt͡ʃi.u/	[fejˈt͡ʃi.u] 咒语<名>
inscrição	/ĩs.kɾiˈsɐ̃w̃/	/ĩs.kɾiˈsɐ̃w̃/	[ĩs.kɾiˈsɐ̃w̃] 登记<名>
alfândega	/awˈfɐ̃.de.ɡɐ/	/awˈfɐ̃.de.ɡɐ/	[awˈfɐ̃.de.ɡɐ] 海关<名>
reverter	/ʁe.veʁˈte(ʁ)/	/ʁe.veʁˈte(ʁ)/	[ʁe.veʁˈte(ʁ)] 反向<动>
wc			厕所<名>
anatomia	/a.na.toˈmi.ɐ/	/a.na.toˈmi.ɐ/	[a.na.toˈmi.ɐ] 解剖学<名>
engraçadinho	/ẽ.ɡɾa.saˈd͡ʒĩ.ɲu/	/ẽ.ɡɾa.saˈd͡ʒĩ.ɲu/	[ẽ.ɡɾa.saˈd͡ʒĩ.ɲu] 有趣的<名>
experimental	/is.pe.ɾi.mẽˈtaw/	/is.pe.ɾi.mẽˈtaw/	[is.pe.ɾi.mẽˈtaw] 实验性的<形>
anular	/a.nuˈla(ʁ)/	/a.nuˈla(ʁ)/	[a.nuˈla(ʁ)] 废除<动>
podres	ˈpɔ.dɾɪs	ˈpɔ.dɾɪs	[ˈpɔ.dɾɪs] 腐烂的<名>
planeamento	/pla.ne.aˈmẽ.tu/	/pla.ne.aˈmẽ.tu/	[pla.ne.aˈmẽ.tu] 规划<名>
contribuir	/kõ.tɾi.buˈi(ʁ)/	/kõ.tɾi.buˈi(ʁ)/	[kõ.tɾi.buˈi(ʁ)] 贡献<动>
esfera	/isˈfɛ.ɾɐ/	/isˈfɛ.ɾɐ/	[isˈfɛ.ɾɐ] 球体<名>
descarga	/desˈkaʁ.ɡɐ/	/desˈkaʁ.ɡɐ/	[desˈkaʁ.ɡɐ] 放电<名>
rendição	/ʁẽ.d͡ʒiˈsɐ̃w̃/	/ʁẽ.d͡ʒiˈsɐ̃w̃/	[ʁẽ.d͡ʒiˈsɐ̃w̃] 投降<名>
proteína	/pɾo.teˈĩ.nɐ/	/pɾo.teˈĩ.nɐ/	[pɾo.teˈĩ.nɐ] 蛋白质<名>
judas	/ˈʒu.dɐs/	/ˈʒu.dɐs/	[ˈʒu.dɐs] 犹大<名>
seguiram	se.ˈgi.ɾãʊ̃	se.ˈgi.ɾãʊ̃	[se.ˈgi.ɾãʊ̃] 已关注<动>
lagarto	/laˈɡaʁ.tu/	/laˈɡaʁ.tu/	[laˈɡaʁ.tu] 蜥蜴<名>
temperamento	/tẽ.pe.ɾaˈmẽ.tu/	/tẽ.pe.ɾaˈmẽ.tu/	[tẽ.pe.ɾaˈmẽ.tu] 气质<名>
escaparam	es.ka.ˈpa.ɾãʊ̃	es.ka.ˈpa.ɾãʊ̃	[es.ka.ˈpa.ɾãʊ̃] 逃脱了<动>
et	/ˌeˈte/	/ˌeˈte/	[ˌeˈte] 等<名>
bisbilhotar	/biz.bi.ʎoˈta(ʁ)/	/biz.bi.ʎoˈta(ʁ)/	[biz.bi.ʎoˈta(ʁ)] 窃听<动>
acostumado	/a.kos.tuˈma.du/	/a.kos.tuˈma.du/	[a.kos.tuˈma.du] 习惯了<形>
bufo	/ˈbu.fu/	/ˈbu.fu/	[ˈbu.fu] 喷鼻息<名>
impaciente	/ĩ.pa.siˈẽ.t͡ʃi/	/ĩ.pa.siˈẽ.t͡ʃi/	[ĩ.pa.siˈẽ.t͡ʃi] 不耐烦的<形>
pegaram	pe.ˈga.ɾãʊ̃	pe.ˈga.ɾãʊ̃	[pe.ˈga.ɾãʊ̃] 抓住了<动>
espelunca	/is.peˈlũ.kɐ/	/is.peˈlũ.kɐ/	[is.peˈlũ.kɐ] 联合<名>
escurecer	/is.ku.ɾeˈse(ʁ)/	/is.ku.ɾeˈse(ʁ)/	[is.ku.ɾeˈse(ʁ)] 变暗<动>
informática	/ĩ.foʁˈma.t͡ʃi.kɐ/	/ĩ.foʁˈma.t͡ʃi.kɐ/	[ĩ.foʁˈma.t͡ʃi.kɐ] 信息技术<名>
eleitor	/e.lejˈtoʁ/	/e.lejˈtoʁ/	[e.lejˈtoʁ] 选民<名>
cruzado	/kɾuˈza.du/	/kɾuˈza.du/	[kɾuˈza.du] 交叉的<名>
impedido	/ĩ.peˈd͡ʒi.du/	/ĩ.peˈd͡ʒi.du/	[ĩ.peˈd͡ʒi.du] 阻止<形>
ingénuo	/ĩˈʒɛ.nwu/	/ĩˈʒɛ.nwu/	[ĩˈʒɛ.nwu] 天真的<形>
intacto	/ĩˈtak.tu/	/ĩˈtak.tu/	[ĩˈtak.tu] 完好无损<形>
camelo	/kaˈme.lu/	/kaˈme.lu/	[kaˈme.lu] 骆驼<名>
morango	/moˈɾɐ̃.ɡu/	/moˈɾɐ̃.ɡu/	[moˈɾɐ̃.ɡu] 草莓<名>
colmeia	/kowˈmɛj.ɐ/	/kowˈmɛj.ɐ/	[kowˈmɛj.ɐ] 蜂巢<名>
hacker	/ˈʁa.keʁ/	/ˈʁa.keʁ/	[ˈʁa.keʁ] 黑客<名>
exibir	/e.ziˈbi(ʁ)/	/e.ziˈbi(ʁ)/	[e.ziˈbi(ʁ)] 显示<动>
uva	/ˈu.vɐ/	/ˈu.vɐ/	[ˈu.vɐ] 葡萄<名>
legião	/le.ʒiˈɐ̃w̃/	/le.ʒiˈɐ̃w̃/	[le.ʒiˈɐ̃w̃] 军团<名>
cordão	/koʁˈdɐ̃w̃/	/koʁˈdɐ̃w̃/	[koʁˈdɐ̃w̃] 绳索<名>
tremendo	/tɾeˈmẽ.du/	/tɾeˈmẽ.du/	[tɾeˈmẽ.du] 摇晃<形>
árbitro	/ˈaʁ.bi.tɾu/	/ˈaʁ.bi.tɾu/	[ˈaʁ.bi.tɾu] 裁判员<名>
estabilidade	/is.ta.bi.liˈda.d͡ʒi/	/is.ta.bi.liˈda.d͡ʒi/	[is.ta.bi.liˈda.d͡ʒi] 稳定性<名>
on-line			在线<形>
tábua	/ˈta.bwɐ/	/ˈta.bwɐ/	[ˈta.bwɐ] 董事会<名>
petição	/pe.t͡ʃiˈsɐ̃w̃/	/pe.t͡ʃiˈsɐ̃w̃/	[pe.t͡ʃiˈsɐ̃w̃] 请愿书<名>
carregador	/ka.ʁe.ɡaˈdoʁ/	/ka.ʁe.ɡaˈdoʁ/	[ka.ʁe.ɡaˈdoʁ] 充电器<名>
rampa	/ˈʁɐ̃.pɐ/	/ˈʁɐ̃.pɐ/	[ˈʁɐ̃.pɐ] 坡道<名>
hospedeiro	/os.peˈde(j).ɾu/	/os.peˈde(j).ɾu/	[os.peˈde(j).ɾu] 主机<名>
moço	/ˈmo.su/	/ˈmo.su/	[ˈmo.su] 年轻人<名>
compatível	/kõ.paˈt͡ʃi.vew/	/kõ.paˈt͡ʃi.vew/	[kõ.paˈt͡ʃi.vew] 兼容<形>
monitorizar	/mo.ni.to.ɾiˈza(ʁ)/	/mo.ni.to.ɾiˈza(ʁ)/	[mo.ni.to.ɾiˈza(ʁ)] 监视器<动>
frances	ˈfɾã.sɪs	ˈfɾã.sɪs	[ˈfɾã.sɪs] 法语<名>
punk	/ˈpɐ̃.ki/	/ˈpɐ̃.ki/	[ˈpɐ̃.ki] 朋克<名>
mago	/ˈma.ɡu/	/ˈma.ɡu/	[ˈma.ɡu] 向导<名>
empatar	/ẽ.paˈta(ʁ)/	/ẽ.paˈta(ʁ)/	[ẽ.paˈta(ʁ)] 画<动>
frontal	/fɾõˈtaw/	/fɾõˈtaw/	[fɾõˈtaw] 前面<名>
roxo	/ˈʁo.ʃu/	/ˈʁo.ʃu/	[ˈʁo.ʃu] 紫色<名>
recreio	/ʁeˈkɾej.u/	/ʁeˈkɾej.u/	[ʁeˈkɾej.u] 游乐场<名>
doe	ˈdo.i	ˈdo.i	[ˈdo.i] 捐赠<名>
fixo	/ˈfik.su/	/ˈfik.su/	[ˈfik.su] 固定的<形>
juvenil	/ʒu.veˈniw/	/ʒu.veˈniw/	[ʒu.veˈniw] 少年的<名>
conviver	/kõ.viˈve(ʁ)/	/kõ.viˈve(ʁ)/	[kõ.viˈve(ʁ)] 共存<动>
picada	/piˈka.dɐ/	/piˈka.dɐ/	[piˈka.dɐ] 刺痛<名>
pote	/ˈpɔ.t͡ʃi/	/ˈpɔ.t͡ʃi/	[ˈpɔ.t͡ʃi] 锅<名>
sela	/ˈsɛ.lɐ/	/ˈsɛ.lɐ/	[ˈsɛ.lɐ] 马鞍<名>
pálido	/ˈpa.li.du/	/ˈpa.li.du/	[ˈpa.li.du] 苍白<形>
átrio	/ˈa.tɾju/	/ˈa.tɾju/	[ˈa.tɾju] 中庭<名>
coleira	/koˈle(j).ɾɐ/	/koˈle(j).ɾɐ/	[koˈle(j).ɾɐ] 衣领<名>
comeram	/koˈme.ɾɐ̃w̃/	/koˈme.ɾɐ̃w̃/	[koˈme.ɾɐ̃w̃] 吃了<动>
messias	/meˈsi.ɐs/	/meˈsi.ɐs/	[meˈsi.ɐs] 弥赛亚<名>
dezasseis	/dɨ.zɐˈsɐjʃ/	/dɨ.zɐˈsɐjʃ/	[dɨ.zɐˈsɐjʃ] 十六<名>
nobel	/ˈnɔ.bew/	/ˈnɔ.bew/	[ˈnɔ.bew] 诺贝尔<名>
palha	/ˈpa.ʎɐ/	/ˈpa.ʎɐ/	[ˈpa.ʎɐ] 稻草<名>
ruptura	/ʁupˈtu.ɾɐ/	/ʁupˈtu.ɾɐ/	[ʁupˈtu.ɾɐ] 破裂<名>
desfiladeiro	/des.fi.laˈde(j).ɾu/	/des.fi.laˈde(j).ɾu/	[des.fi.laˈde(j).ɾu] 峡谷<名>
amnésia	/a.miˈnɛ.zjɐ/	/a.miˈnɛ.zjɐ/	[a.miˈnɛ.zjɐ] 失忆症<名>
imobiliária	/i.mo.bi.liˈa.ɾjɐ/	/i.mo.bi.liˈa.ɾjɐ/	[i.mo.bi.liˈa.ɾjɐ] 房地产<名>
cantina	/kɐ̃ˈt͡ʃĩ.nɐ/	/kɐ̃ˈt͡ʃĩ.nɐ/	[kɐ̃ˈt͡ʃĩ.nɐ] 食堂<名>
amargo	/aˈmaʁ.ɡu/	/aˈmaʁ.ɡu/	[aˈmaʁ.ɡu] 苦的<形>
atiraram	a.tʃi.ˈɾa.ɾãʊ̃	a.tʃi.ˈɾa.ɾãʊ̃	[a.tʃi.ˈɾa.ɾãʊ̃] 他们开枪了<动>
ópio	/ˈɔ.pju/	/ˈɔ.pju/	[ˈɔ.pju] 鸦片<名>
moção	/moˈsɐ̃w̃/	/moˈsɐ̃w̃/	[moˈsɐ̃w̃] 运动<名>
reconstrução	/ʁe.kõs.tɾuˈsɐ̃w̃/	/ʁe.kõs.tɾuˈsɐ̃w̃/	[ʁe.kõs.tɾuˈsɐ̃w̃] 重建<名>
defensor	/de.fẽˈsoʁ/	/de.fẽˈsoʁ/	[de.fẽˈsoʁ] 后卫<名>
paranóia	pa.ɾa.ˈnɔy.ə	pa.ɾa.ˈnɔy.ə	[pa.ɾa.ˈnɔy.ə] 偏执狂<名>
tropical	/tɾo.piˈkaw/	/tɾo.piˈkaw/	[tɾo.piˈkaw] 热带<形>
equivalente	/e.ki.vaˈlẽ.t͡ʃi/	/e.ki.vaˈlẽ.t͡ʃi/	[e.ki.vaˈlẽ.t͡ʃi] 同等<形>
repouso	/ʁeˈpo(w).zu/	/ʁeˈpo(w).zu/	[ʁeˈpo(w).zu] 休息<名>
nº			不。<名>
invencível	/ĩ.vẽˈsi.vew/	/ĩ.vẽˈsi.vew/	[ĩ.vẽˈsi.vew] 无敌的<形>
indicação	/ĩ.d͡ʒi.kaˈsɐ̃w̃/	/ĩ.d͡ʒi.kaˈsɐ̃w̃/	[ĩ.d͡ʒi.kaˈsɐ̃w̃] 指示<名>
seduzir	/se.duˈzi(ʁ)/	/se.duˈzi(ʁ)/	[se.duˈzi(ʁ)] 勾引<动>
oitavo	/ojˈta.vu/	/ojˈta.vu/	[ojˈta.vu] 第八<名>
coincidir	/ko.ĩ.siˈd͡ʒi(ʁ)/	/ko.ĩ.siˈd͡ʒi(ʁ)/	[ko.ĩ.siˈd͡ʒi(ʁ)] 比赛<动>
recrutar	/ʁe.kɾuˈta(ʁ)/	/ʁe.kɾuˈta(ʁ)/	[ʁe.kɾuˈta(ʁ)] 招募<动>
arrombar	/a.ʁõˈba(ʁ)/	/a.ʁõˈba(ʁ)/	[a.ʁõˈba(ʁ)] 闯入<动>
espectro	/isˈpɛk.tɾu/	/isˈpɛk.tɾu/	[isˈpɛk.tɾu] 光谱<名>
hip-hop	/ˌʁi.piˈʁɔ.pi/	/ˌʁi.piˈʁɔ.pi/	[ˌʁi.piˈʁɔ.pi] 嘻哈<名>
oitenta	/ojˈtẽ.tɐ/	/ojˈtẽ.tɐ/	[ojˈtẽ.tɐ] 八十<名>
perverso	/peʁˈvɛʁ.su/	/peʁˈvɛʁ.su/	[peʁˈvɛʁ.su] 邪恶的<形>
escocês	/is.koˈse(j)s/	/is.koˈse(j)s/	[is.koˈse(j)s] 苏格兰人<名>
vice			恶习<名>
anestesia	/a.nes.teˈzi.ɐ/	/a.nes.teˈzi.ɐ/	[a.nes.teˈzi.ɐ] 麻醉<名>
arrepio	/a.ʁeˈpi.u/	/a.ʁeˈpi.u/	[a.ʁeˈpi.u] 颤抖<名>
artefacto	/ɐɾ.tɨˈfak.tu/	/ɐɾ.tɨˈfak.tu/	[ɐɾ.tɨˈfak.tu] 神器<名>
tango	/ˈtɐ̃.ɡu/	/ˈtɐ̃.ɡu/	[ˈtɐ̃.ɡu] 探戈<名>
baunilha	/bawˈni.ʎɐ/	/bawˈni.ʎɐ/	[bawˈni.ʎɐ] 香草<名>
compraram	kõ.ˈpɾa.ɾãʊ̃	kõ.ˈpɾa.ɾãʊ̃	[kõ.ˈpɾa.ɾãʊ̃] 买了<动>
objeto	/o.biˈʒɛ.tu/	/o.biˈʒɛ.tu/	[o.biˈʒɛ.tu] 对象<名>
vómito	/ˈvɔ.mi.tu/	/ˈvɔ.mi.tu/	[ˈvɔ.mi.tu] 呕吐<名>
adoptar	a.dop.ˈtax	a.dop.ˈtax	[a.dop.ˈtax] 采用<动>
exercer	/e.zeʁˈse(ʁ)/	/e.zeʁˈse(ʁ)/	[e.zeʁˈse(ʁ)] 锻炼<动>
ocorrido	/o.koˈʁi.du/	/o.koˈʁi.du/	[o.koˈʁi.du] 发生<名>
alegar	/a.leˈɡa(ʁ)/	/a.leˈɡa(ʁ)/	[a.leˈɡa(ʁ)] 声称<动>
grão	/ˈɡɾɐ̃w̃/	/ˈɡɾɐ̃w̃/	[ˈɡɾɐ̃w̃] 谷物<名>
caminhão	/ka.mĩˈɲɐ̃w̃/	/ka.mĩˈɲɐ̃w̃/	[ka.mĩˈɲɐ̃w̃] 卡车<名>
dilema	/d͡ʒiˈlẽ.mɐ/	/d͡ʒiˈlẽ.mɐ/	[d͡ʒiˈlẽ.mɐ] 困境<名>
essencialmente	/e.sẽ.siˌawˈmẽ.t͡ʃi/	/e.sẽ.siˌawˈmẽ.t͡ʃi/	[e.sẽ.siˌawˈmẽ.t͡ʃi] 本质上<副>
rastrear	/ʁas.tɾeˈa(ʁ)/	/ʁas.tɾeˈa(ʁ)/	[ʁas.tɾeˈa(ʁ)] 轨道<动>
insultar	/ĩ.suwˈta(ʁ)/	/ĩ.suwˈta(ʁ)/	[ĩ.suwˈta(ʁ)] 侮辱<动>
esparguete	/is.paʁˈɡɛ.t͡ʃi/	/is.paʁˈɡɛ.t͡ʃi/	[is.paʁˈɡɛ.t͡ʃi] 意大利面<名>
celeste	/seˈlɛs.t͡ʃi/	/seˈlɛs.t͡ʃi/	[seˈlɛs.t͡ʃi] 天上的<形>
embarque	/ẽˈbaʁ.ki/	/ẽˈbaʁ.ki/	[ẽˈbaʁ.ki] 登机<名>
admirável	/a.d͡ʒi.miˈɾa.vew/	/a.d͡ʒi.miˈɾa.vew/	[a.d͡ʒi.miˈɾa.vew] 令人钦佩的<形>
deliberadamente	/de.li.beˌɾa.daˈmẽ.t͡ʃi/	/de.li.beˌɾa.daˈmẽ.t͡ʃi/	[de.li.beˌɾa.daˈmẽ.t͡ʃi] 故意<副>
soprar	/soˈpɾa(ʁ)/	/soˈpɾa(ʁ)/	[soˈpɾa(ʁ)] 吹<动>
vassoura	/vaˈso(w).ɾɐ/	/vaˈso(w).ɾɐ/	[vaˈso(w).ɾɐ] 扫帚<名>
nato	/ˈna.tu/	/ˈna.tu/	[ˈna.tu] 出生<形>
decência	/deˈsẽ.sjɐ/	/deˈsẽ.sjɐ/	[deˈsẽ.sjɐ] 正派<名>
congelador	/kõ.ʒe.laˈdoʁ/	/kõ.ʒe.laˈdoʁ/	[kõ.ʒe.laˈdoʁ] 冰柜<名>
esteróide	es.te.ˈɾɔy.dʒɪ	es.te.ˈɾɔy.dʒɪ	[es.te.ˈɾɔy.dʒɪ] 类固醇<名>
ligeiro	/liˈʒe(j).ɾu/	/liˈʒe(j).ɾu/	[liˈʒe(j).ɾu] 轻微<名>
esgotado	/iz.ɡoˈta.du/	/iz.ɡoˈta.du/	[iz.ɡoˈta.du] 卖完了<形>
humidade	/u.miˈda.d͡ʒi/	/u.miˈda.d͡ʒi/	[u.miˈda.d͡ʒi] 湿度<名>
crachá	/kɾaˈʃa/	/kɾaˈʃa/	[kɾaˈʃa] 徽章<名>
grelha	/ˈɡɾe.ʎɐ/	/ˈɡɾe.ʎɐ/	[ˈɡɾe.ʎɐ] 烧烤<名>
frios	/ˈfɾi.us/	/ˈfɾi.us/	[ˈfɾi.us] 冷<名>
mero	/ˈmɛ.ɾu/	/ˈmɛ.ɾu/	[ˈmɛ.ɾu] 仅仅<形>
geleia	/ʒeˈlɛj.ɐ/	/ʒeˈlɛj.ɐ/	[ʒeˈlɛj.ɐ] 果冻<名>
ex.			例如<副>
castigado	/kas.t͡ʃiˈɡa.du/	/kas.t͡ʃiˈɡa.du/	[kas.t͡ʃiˈɡa.du] 受到惩罚<形>
r.			河<名>
amorzinho	a.moɣ.ˈzĩ.ɲʊ	a.moɣ.ˈzĩ.ɲʊ	[a.moɣ.ˈzĩ.ɲʊ] 甜心<名>
rendimento	/ʁẽ.d͡ʒiˈmẽ.tu/	/ʁẽ.d͡ʒiˈmẽ.tu/	[ʁẽ.d͡ʒiˈmẽ.tu] 产量<名>
distúrbio	/d͡ʒisˈtuʁ.bju/	/d͡ʒisˈtuʁ.bju/	[d͡ʒisˈtuʁ.bju] 紊乱<名>
reparação	/ʁe.pa.ɾaˈsɐ̃w̃/	/ʁe.pa.ɾaˈsɐ̃w̃/	[ʁe.pa.ɾaˈsɐ̃w̃] 修理<名>
brindar	/bɾĩˈda(ʁ)/	/bɾĩˈda(ʁ)/	[bɾĩˈda(ʁ)] 吐司<动>
electrónica			电子产品<名>
cubo	/ˈku.bu/	/ˈku.bu/	[ˈku.bu] 立方体<名>
ilegalmente	/i.leˌɡawˈmẽ.t͡ʃi/	/i.leˌɡawˈmẽ.t͡ʃi/	[i.leˌɡawˈmẽ.t͡ʃi] 非法地<副>
esticar	/is.t͡ʃiˈka(ʁ)/	/is.t͡ʃiˈka(ʁ)/	[is.t͡ʃiˈka(ʁ)] 伸展<动>
safado	/saˈfa.du/	/saˈfa.du/	[saˈfa.du] 顽皮的<名>
desempregado	/de.zẽ.pɾeˈɡa.du/	/de.zẽ.pɾeˈɡa.du/	[de.zẽ.pɾeˈɡa.du] 失业的<形>
curvo	/ˈkuʁ.vu/	/ˈkuʁ.vu/	[ˈkuʁ.vu] 弯曲的<形>
luar	/luˈa(ʁ)/	/luˈa(ʁ)/	[luˈa(ʁ)] 月光<名>
utilizado	/u.t͡ʃi.liˈza.du/	/u.t͡ʃi.liˈza.du/	[u.t͡ʃi.liˈza.du] 使用过的<形>
inspirado	/ĩs.piˈɾa.du/	/ĩs.piˈɾa.du/	[ĩs.piˈɾa.du] 受到启发<形>
deslizar	/dez.liˈza(ʁ)/	/dez.liˈza(ʁ)/	[dez.liˈza(ʁ)] 幻灯片<动>
todo-poderoso	/ˌto.du.po.deˈɾo.zu/	/ˌto.du.po.deˈɾo.zu/	[ˌto.du.po.deˈɾo.zu] all-powerful<名>
descontrolado	/des.kõ.tɾoˈla.du/	/des.kõ.tɾoˈla.du/	[des.kõ.tɾoˈla.du] out of control<形>
tanga	/ˈtɐ̃.ɡɐ/	/ˈtɐ̃.ɡɐ/	[ˈtɐ̃.ɡɐ] 丁字裤<名>
buda	/ˈbu.dɐ/	/ˈbu.dɐ/	[ˈbu.dɐ] 佛<名>
sereia	/seˈɾej.ɐ/	/seˈɾej.ɐ/	[seˈɾej.ɐ] 美人鱼<名>
tostão	/tusˈtɐ̃w̃/	/tusˈtɐ̃w̃/	[tusˈtɐ̃w̃] 便士<名>
sobrenome	/so.bɾeˈnõ.mi/	/so.bɾeˈnõ.mi/	[so.bɾeˈnõ.mi] 姓氏<名>
içar	/iˈsa(ʁ)/	/iˈsa(ʁ)/	[iˈsa(ʁ)] 提升机<动>
concorrente	/kõ.koˈʁẽ.t͡ʃi/	/kõ.koˈʁẽ.t͡ʃi/	[kõ.koˈʁẽ.t͡ʃi] 竞争对手<名>
bactéria	/bakˈtɛ.ɾjɐ/	/bakˈtɛ.ɾjɐ/	[bakˈtɛ.ɾjɐ] 细菌<名>
hão-de			会<动>
hot			热<名>
potente	/poˈtẽ.t͡ʃi/	/poˈtẽ.t͡ʃi/	[poˈtẽ.t͡ʃi] 强大的<形>
caseiro	/kaˈze(j).ɾu/	/kaˈze(j).ɾu/	[kaˈze(j).ɾu] 自制的<名>
marcador	/maʁ.kaˈdoʁ/	/maʁ.kaˈdoʁ/	[maʁ.kaˈdoʁ] 标记<名>
asma	/ˈaz.mɐ/	/ˈaz.mɐ/	[ˈaz.mɐ] 哮喘<名>
desnecessário	/dez.ne.seˈsa.ɾju/	/dez.ne.seˈsa.ɾju/	[dez.ne.seˈsa.ɾju] 不必要的<形>
sensacional	/sẽ.sa.si.oˈnaw/	/sẽ.sa.si.oˈnaw/	[sẽ.sa.si.oˈnaw] 耸人听闻的<形>
tóxico	/ˈtɔk.si.ku/	/ˈtɔk.si.ku/	[ˈtɔk.si.ku] 有毒的<名>
chiça	/ˈʃi.sɐ/	/ˈʃi.sɐ/	[ˈʃi.sɐ] 奇卡<叹>
contornar	/kõ.toʁˈna(ʁ)/	/kõ.toʁˈna(ʁ)/	[kõ.toʁˈna(ʁ)] 旁路<动>
ônibus	/ˈõ.ni.bus/	/ˈõ.ni.bus/	[ˈõ.ni.bus] 巴士<名>
anotar	/a.noˈta(ʁ)/	/a.noˈta(ʁ)/	[a.noˈta(ʁ)] 写下<动>
bridge	/ˈbɾi.d͡ʒi/	/ˈbɾi.d͡ʒi/	[ˈbɾi.d͡ʒi] 桥<名>
localizado	/lo.ka.liˈza.du/	/lo.ka.liˈza.du/	[lo.ka.liˈza.du] 位于<形>
previsão	/pɾe.viˈzɐ̃w̃/	/pɾe.viˈzɐ̃w̃/	[pɾe.viˈzɐ̃w̃] 预测<名>
restrição	/ʁes.tɾiˈsɐ̃w̃/	/ʁes.tɾiˈsɐ̃w̃/	[ʁes.tɾiˈsɐ̃w̃] 限制<名>
indiferente	/ĩ.d͡ʒi.feˈɾẽ.t͡ʃi/	/ĩ.d͡ʒi.feˈɾẽ.t͡ʃi/	[ĩ.d͡ʒi.feˈɾẽ.t͡ʃi] 冷漠的<形>
frustrante	/fɾusˈtɾɐ̃.t͡ʃi/	/fɾusˈtɾɐ̃.t͡ʃi/	[fɾusˈtɾɐ̃.t͡ʃi] 令人沮丧的<形>
graxa	/ˈɡɾa.ʃɐ/	/ˈɡɾa.ʃɐ/	[ˈɡɾa.ʃɐ] 油脂<名>
madrasta	/maˈdɾas.tɐ/	/maˈdɾas.tɐ/	[maˈdɾas.tɐ] 继母<名>
devoção	/de.voˈsɐ̃w̃/	/de.voˈsɐ̃w̃/	[de.voˈsɐ̃w̃] 奉献精神<名>
golfinho	/ɡowˈfĩ.ɲu/	/ɡowˈfĩ.ɲu/	[ɡowˈfĩ.ɲu] 海豚<名>
gelatina	/ʒe.laˈt͡ʃĩ.nɐ/	/ʒe.laˈt͡ʃĩ.nɐ/	[ʒe.laˈt͡ʃĩ.nɐ] 明胶<名>
gala	/ˈɡa.lɐ/	/ˈɡa.lɐ/	[ˈɡa.lɐ] 晚会<名>
resumir	/ʁe.zuˈmi(ʁ)/	/ʁe.zuˈmi(ʁ)/	[ʁe.zuˈmi(ʁ)] 总结<动>
subterrâneo	/su.bi.teˈʁɐ̃.nju/	/su.bi.teˈʁɐ̃.nju/	[su.bi.teˈʁɐ̃.nju] 地下<形>
repetidamente	/ʁe.peˌt͡ʃi.daˈmẽ.t͡ʃi/	/ʁe.peˌt͡ʃi.daˈmẽ.t͡ʃi/	[ʁe.peˌt͡ʃi.daˈmẽ.t͡ʃi] 反复地<副>
falsificação	/faw.si.fi.kaˈsɐ̃w̃/	/faw.si.fi.kaˈsɐ̃w̃/	[faw.si.fi.kaˈsɐ̃w̃] 伪造<名>
alergia	/a.leʁˈʒi.ɐ/	/a.leʁˈʒi.ɐ/	[a.leʁˈʒi.ɐ] 过敏<名>
lamentável	/la.mẽˈta.vew/	/la.mẽˈta.vew/	[la.mẽˈta.vew] 遗憾的<形>
bisturi	/bis.tuˈɾi/	/bis.tuˈɾi/	[bis.tuˈɾi] 手术刀<名>
reconfortante	/ʁe.kõ.foʁˈtɐ̃.t͡ʃi/	/ʁe.kõ.foʁˈtɐ̃.t͡ʃi/	[ʁe.kõ.foʁˈtɐ̃.t͡ʃi] 安慰的<形>
impostor	/ĩ.posˈtoʁ/	/ĩ.posˈtoʁ/	[ĩ.posˈtoʁ] 冒名顶替者<名>
gangster			黑帮<名>
europeu	/ew.ɾoˈpew/	/ew.ɾoˈpew/	[ew.ɾoˈpew] 欧洲<名>
israelita	/iz.ʁa.eˈli.tɐ/	/iz.ʁa.eˈli.tɐ/	[iz.ʁa.eˈli.tɐ] 以色列人<名>
vara	/ˈva.ɾɐ/	/ˈva.ɾɐ/	[ˈva.ɾɐ] 棍子<名>
porta-voz	/ˈpɔʁ.tɐ ˈvɔ(j)s/	/ˈpɔʁ.tɐ ˈvɔ(j)s/	[ˈpɔʁ.tɐ ˈvɔ(j)s] 发言人<名>
banqueiro	/bɐ̃ˈke(j).ɾu/	/bɐ̃ˈke(j).ɾu/	[bɐ̃ˈke(j).ɾu] 银行家<名>
natação	/na.taˈsɐ̃w̃/	/na.taˈsɐ̃w̃/	[na.taˈsɐ̃w̃] 游泳<名>
criticar	/kɾi.t͡ʃiˈka(ʁ)/	/kɾi.t͡ʃiˈka(ʁ)/	[kɾi.t͡ʃiˈka(ʁ)] 批评<动>
vc	/voˈse/	/voˈse/	[voˈse] 你<代>
noventa	/noˈvẽ.tɐ/	/noˈvẽ.tɐ/	[noˈvẽ.tɐ] 九十<名>
adaptar	/a.dapˈta(ʁ)/	/a.dapˈta(ʁ)/	[a.dapˈta(ʁ)] 适应<动>
emissão	/e.miˈsɐ̃w̃/	/e.miˈsɐ̃w̃/	[e.miˈsɐ̃w̃] 排放<名>
demitir	/de.miˈt͡ʃi(ʁ)/	/de.miˈt͡ʃi(ʁ)/	[de.miˈt͡ʃi(ʁ)] 解雇<动>
discutiram	dʒis.ku.ˈtʃi.ɾãʊ̃	dʒis.ku.ˈtʃi.ɾãʊ̃	[dʒis.ku.ˈtʃi.ɾãʊ̃] 讨论过<动>
adega	/aˈdɛ.ɡɐ/	/aˈdɛ.ɡɐ/	[aˈdɛ.ɡɐ] 地窖<名>
adormecido	/a.doʁ.meˈsi.du/	/a.doʁ.meˈsi.du/	[a.doʁ.meˈsi.du] 睡着了<形>
fedor	/feˈdo(ʁ)/	/feˈdo(ʁ)/	[feˈdo(ʁ)] 恶臭<名>
decorar	/de.koˈɾa(ʁ)/	/de.koˈɾa(ʁ)/	[de.koˈɾa(ʁ)] 装饰<动>
disney	/ˈd͡ʒiz.nej/	/ˈd͡ʒiz.nej/	[ˈd͡ʒiz.nej] 迪士尼<名>
poupança	/po(w)ˈpɐ̃.sɐ/	/po(w)ˈpɐ̃.sɐ/	[po(w)ˈpɐ̃.sɐ] 储蓄<名>
devidamente	/deˌvi.daˈmẽ.t͡ʃi/	/deˌvi.daˈmẽ.t͡ʃi/	[deˌvi.daˈmẽ.t͡ʃi] 正确地<副>
ente	/ˈẽ.t͡ʃi/	/ˈẽ.t͡ʃi/	[ˈẽ.t͡ʃi] 存在<名>
reviravolta	/ʁeˌvi.ɾaˈvɔw.tɐ/	/ʁeˌvi.ɾaˈvɔw.tɐ/	[ʁeˌvi.ɾaˈvɔw.tɐ] 扭转局面<名>
encarregar	/ẽ.ka.ʁeˈɡa(ʁ)/	/ẽ.ka.ʁeˈɡa(ʁ)/	[ẽ.ka.ʁeˈɡa(ʁ)] 收费<动>
ambiental	/ɐ̃.bi.ẽˈtaw/	/ɐ̃.bi.ẽˈtaw/	[ɐ̃.bi.ẽˈtaw] 环境<形>
suavemente	/suˌa.viˈmẽ.t͡ʃi/	/suˌa.viˈmẽ.t͡ʃi/	[suˌa.viˈmẽ.t͡ʃi] 轻轻地<副>
alien	/ˈa.li.ẽj̃/	/ˈa.li.ẽj̃/	[ˈa.li.ẽj̃] 外星人<名>
emocionar	/e.mo.si.oˈna(ʁ)/	/e.mo.si.oˈna(ʁ)/	[e.mo.si.oˈna(ʁ)] 刺激<动>
melodia	/me.loˈd͡ʒi.ɐ/	/me.loˈd͡ʒi.ɐ/	[me.loˈd͡ʒi.ɐ] 旋律<名>
esponja	/isˈpõ.ʒɐ/	/isˈpõ.ʒɐ/	[isˈpõ.ʒɐ] 海绵<名>
impotente	/ĩ.poˈtẽ.t͡ʃi/	/ĩ.poˈtẽ.t͡ʃi/	[ĩ.poˈtẽ.t͡ʃi] 无能为力<形>
link	/ˈlĩ.ki/	/ˈlĩ.ki/	[ˈlĩ.ki] 链接<名>
cortaram	kox.ˈta.ɾãʊ̃	kox.ˈta.ɾãʊ̃	[kox.ˈta.ɾãʊ̃] 切<动>
metralhadora	/me.tɾa.ʎaˈdo.ɾɐ/	/me.tɾa.ʎaˈdo.ɾɐ/	[me.tɾa.ʎaˈdo.ɾɐ] 机枪<名>
casual	/ka.zuˈaw/	/ka.zuˈaw/	[ka.zuˈaw] 休闲的<形>
radiante	/ʁa.d͡ʒiˈɐ̃.t͡ʃi/	/ʁa.d͡ʒiˈɐ̃.t͡ʃi/	[ʁa.d͡ʒiˈɐ̃.t͡ʃi] 容光焕发的<形>
sogra	/ˈsɔ.ɡɾɐ/	/ˈsɔ.ɡɾɐ/	[ˈsɔ.ɡɾɐ] 婆婆<名>
descendente	/de.sẽˈdẽ.t͡ʃi/	/de.sẽˈdẽ.t͡ʃi/	[de.sẽˈdẽ.t͡ʃi] 后裔<名>
direta	/d͡ʒiˈɾɛ.tɐ/	/d͡ʒiˈɾɛ.tɐ/	[d͡ʒiˈɾɛ.tɐ] 直接<名>
prático	/ˈpɾa.t͡ʃi.ku/	/ˈpɾa.t͡ʃi.ku/	[ˈpɾa.t͡ʃi.ku] 实用的<名>
montado	/mõˈta.du/	/mõˈta.du/	[mõˈta.du] 已安装<名>
regional	/ʁe.ʒi.oˈnaw/	/ʁe.ʒi.oˈnaw/	[ʁe.ʒi.oˈnaw] 区域性的<形>
lima	/ˈlĩ.mɐ/	/ˈlĩ.mɐ/	[ˈlĩ.mɐ] 石灰<名>
fraquinho	/fɾaˈkĩ.ɲu/	/fɾaˈkĩ.ɲu/	[fɾaˈkĩ.ɲu] 弱<名>
deslumbrante	/dez.lũˈbɾɐ̃.t͡ʃi/	/dez.lũˈbɾɐ̃.t͡ʃi/	[dez.lũˈbɾɐ̃.t͡ʃi] 令人惊叹的<形>
alpendre	/awˈpẽ.dɾi/	/awˈpẽ.dɾi/	[awˈpẽ.dɾi] 门廊<名>
conferir	/kõ.fiˈɾi(ʁ)/	/kõ.fiˈɾi(ʁ)/	[kõ.fiˈɾi(ʁ)] 检查<动>
penetrar	/pe.neˈtɾa(ʁ)/	/pe.neˈtɾa(ʁ)/	[pe.neˈtɾa(ʁ)] 渗透<动>
chaminé	/ʃa.miˈnɛ/	/ʃa.miˈnɛ/	[ʃa.miˈnɛ] 烟囱<名>
patriota	/pa.tɾiˈɔ.tɐ/	/pa.tɾiˈɔ.tɐ/	[pa.tɾiˈɔ.tɐ] 爱国者<名>
alojamento	/a.lo.ʒaˈmẽ.tu/	/a.lo.ʒaˈmẽ.tu/	[a.lo.ʒaˈmẽ.tu] 住宿<名>
elenco	/eˈlẽ.ku/	/eˈlẽ.ku/	[eˈlẽ.ku] 演员表<名>
reviver	/ʁe.viˈve(ʁ)/	/ʁe.viˈve(ʁ)/	[ʁe.viˈve(ʁ)] 复活<动>
obstrução	/o.bis.tɾuˈsɐ̃w̃/	/o.bis.tɾuˈsɐ̃w̃/	[o.bis.tɾuˈsɐ̃w̃] 阻塞<名>
costeleta	/kos.teˈle.tɐ/	/kos.teˈle.tɐ/	[kos.teˈle.tɐ] 砍<名>
coiro	/ˈkoj.ɾu/	/ˈkoj.ɾu/	[ˈkoj.ɾu] 皮革<名>
acidental	/a.si.dẽˈtaw/	/a.si.dẽˈtaw/	[a.si.dẽˈtaw] 偶然的<形>
óscar	/ˈɔs.kɐʁ/	/ˈɔs.kɐʁ/	[ˈɔs.kɐʁ] 奥斯卡<名>
cartucho	/kaʁˈtu.ʃu/	/kaʁˈtu.ʃu/	[kaʁˈtu.ʃu] 墨盒<名>
bilhão	/biˈʎɐ̃w̃/	/biˈʎɐ̃w̃/	[biˈʎɐ̃w̃] 十亿<名>
angus	/ˈɐ̃.ɡus/	/ˈɐ̃.ɡus/	[ˈɐ̃.ɡus] 安格斯<名>
automaticamente	/aw.toˌma.t͡ʃi.kaˈmẽ.t͡ʃi/	/aw.toˌma.t͡ʃi.kaˈmẽ.t͡ʃi/	[aw.toˌma.t͡ʃi.kaˈmẽ.t͡ʃi] 自动地<副>
genuíno	/ʒe.nuˈĩ.nu/	/ʒe.nuˈĩ.nu/	[ʒe.nuˈĩ.nu] 正品<形>
noticia	no.tʃi.ˈsi.ə	no.tʃi.ˈsi.ə	[no.tʃi.ˈsi.ə] 新闻<名>
trocado	/tɾoˈka.du/	/tɾoˈka.du/	[tɾoˈka.du] 交换的<名>
fecharam	fe.ˈʃa.ɾãʊ̃	fe.ˈʃa.ɾãʊ̃	[fe.ˈʃa.ɾãʊ̃] 关闭<动>
adquirir	/a.d͡ʒi.kiˈɾi(ʁ)/	/a.d͡ʒi.kiˈɾi(ʁ)/	[a.d͡ʒi.kiˈɾi(ʁ)] 获得<动>
infiel	/ĩ.fiˈɛw/	/ĩ.fiˈɛw/	[ĩ.fiˈɛw] 不忠的<名>
intensidade	/ĩ.tẽ.siˈda.d͡ʒi/	/ĩ.tẽ.siˈda.d͡ʒi/	[ĩ.tẽ.siˈda.d͡ʒi] 强度<名>
alavanca	/a.laˈvɐ̃.kɐ/	/a.laˈvɐ̃.kɐ/	[a.laˈvɐ̃.kɐ] 杠杆<名>
tacada	/taˈka.dɐ/	/taˈka.dɐ/	[taˈka.dɐ] 射击<名>
mutação	/mu.taˈsɐ̃w̃/	/mu.taˈsɐ̃w̃/	[mu.taˈsɐ̃w̃] 突变<名>
prece	/ˈpɾɛ.si/	/ˈpɾɛ.si/	[ˈpɾɛ.si] 祈祷<名>
xarope	/ʃaˈɾɔ.pi/	/ʃaˈɾɔ.pi/	[ʃaˈɾɔ.pi] 糖浆<名>
poupa	/ˈpo(w).pɐ/	/ˈpo(w).pɐ/	[ˈpo(w).pɐ] 保存<名>
sedativo	/se.daˈt͡ʃi.vu/	/se.daˈt͡ʃi.vu/	[se.daˈt͡ʃi.vu] 镇静剂<名>
mutuamente	/ˌmu.twaˈmẽ.t͡ʃi/	/ˌmu.twaˈmẽ.t͡ʃi/	[ˌmu.twaˈmẽ.t͡ʃi] 互相<副>
pedrada	/peˈdɾa.dɐ/	/peˈdɾa.dɐ/	[peˈdɾa.dɐ] 高<名>
jarda	/ˈʒaʁ.dɐ/	/ˈʒaʁ.dɐ/	[ˈʒaʁ.dɐ] 院子<名>
incendiar	/ĩ.sẽ.d͡ʒiˈa(ʁ)/	/ĩ.sẽ.d͡ʒiˈa(ʁ)/	[ĩ.sẽ.d͡ʒiˈa(ʁ)] 着火<动>
fôr			为<动>
avaria	/a.vaˈɾi.ɐ/	/a.vaˈɾi.ɐ/	[a.vaˈɾi.ɐ] 故障<名>
manuscrito	/ma.nusˈkɾi.tu/	/ma.nusˈkɾi.tu/	[ma.nusˈkɾi.tu] 手稿<名>
smoking	/isˈmo(w).kĩ/	/isˈmo(w).kĩ/	[isˈmo(w).kĩ] 燕尾服<名>
inspirar	/ĩs.piˈɾa(ʁ)/	/ĩs.piˈɾa(ʁ)/	[ĩs.piˈɾa(ʁ)] 启发<动>
arqueiro	/aʁˈke(j).ɾu/	/aʁˈke(j).ɾu/	[aʁˈke(j).ɾu] 弓箭手<名>
filtro	/ˈfiw.tɾu/	/ˈfiw.tɾu/	[ˈfiw.tɾu] 过滤器<名>
dividido	/d͡ʒi.viˈd͡ʒi.du/	/d͡ʒi.viˈd͡ʒi.du/	[d͡ʒi.viˈd͡ʒi.du] 分裂的<形>
recipiente	/ʁe.si.piˈẽ.t͡ʃi/	/ʁe.si.piˈẽ.t͡ʃi/	[ʁe.si.piˈẽ.t͡ʃi] 容器<名>
barbeiro	/baʁˈbe(j).ɾu/	/baʁˈbe(j).ɾu/	[baʁˈbe(j).ɾu] 理发师<名>
peão	/piˈɐ̃w̃/	/piˈɐ̃w̃/	[piˈɐ̃w̃] 典当<名>
baralho	/baˈɾa.ʎu/	/baˈɾa.ʎu/	[baˈɾa.ʎu] 甲板<名>
redondeza	/ʁe.dõˈde.zɐ/	/ʁe.dõˈde.zɐ/	[ʁe.dõˈde.zɐ] 圆度<名>
guarda-roupa	/ˈɡwaʁ.dɐ ˈʁo(w).pɐ/	/ˈɡwaʁ.dɐ ˈʁo(w).pɐ/	[ˈɡwaʁ.dɐ ˈʁo(w).pɐ] 衣柜<名>
dedicar	/de.d͡ʒiˈka(ʁ)/	/de.d͡ʒiˈka(ʁ)/	[de.d͡ʒiˈka(ʁ)] 奉献<动>
urânio	/uˈɾɐ̃.nju/	/uˈɾɐ̃.nju/	[uˈɾɐ̃.nju] 铀<名>
catálogo	/kaˈta.lo.ɡu/	/kaˈta.lo.ɡu/	[kaˈta.lo.ɡu] 目录<名>
dó	/ˈdɔ/	/ˈdɔ/	[ˈdɔ] 抱歉<名>
rasgar	/ʁazˈɡa(ʁ)/	/ʁazˈɡa(ʁ)/	[ʁazˈɡa(ʁ)] 眼泪<动>
plantação	/plɐ̃.taˈsɐ̃w̃/	/plɐ̃.taˈsɐ̃w̃/	[plɐ̃.taˈsɐ̃w̃] 种植园<名>
nata	/ˈna.tɐ/	/ˈna.tɐ/	[ˈna.tɐ] 奶油<名>
empurrão	/ẽ.puˈʁɐ̃w̃/	/ẽ.puˈʁɐ̃w̃/	[ẽ.puˈʁɐ̃w̃] 推<名>
instrutor	/ĩs.tɾuˈtoʁ/	/ĩs.tɾuˈtoʁ/	[ĩs.tɾuˈtoʁ] 导师<名>
cresceram	kɾe.ˈse.ɾãʊ̃	kɾe.ˈse.ɾãʊ̃	[kɾe.ˈse.ɾãʊ̃] 已经长大了<动>
engatar	/ẽ.ɡaˈta(ʁ)/	/ẽ.ɡaˈta(ʁ)/	[ẽ.ɡaˈta(ʁ)] 参与<动>
castor	/kasˈtoʁ/	/kasˈtoʁ/	[kasˈtoʁ] 海狸<名>
seta	/ˈsɛ.tɐ/	/ˈsɛ.tɐ/	[ˈsɛ.tɐ] 箭头<名>
abaixar	/a.bajˈʃa(ʁ)/	/a.bajˈʃa(ʁ)/	[a.bajˈʃa(ʁ)] 较低<动>
panela	/paˈnɛ.lɐ/	/paˈnɛ.lɐ/	[paˈnɛ.lɐ] 平底锅<名>
concreto	/kõˈkɾɛ.tu/	/kõˈkɾɛ.tu/	[kõˈkɾɛ.tu] 混凝土<名>
setenta	/seˈtẽ.tɐ/	/seˈtẽ.tɐ/	[seˈtẽ.tɐ] 七十<名>
cultivar	/kuw.t͡ʃiˈva(ʁ)/	/kuw.t͡ʃiˈva(ʁ)/	[kuw.t͡ʃiˈva(ʁ)] 培养<名>
anca	/ˈɐ̃.kɐ/	/ˈɐ̃.kɐ/	[ˈɐ̃.kɐ] 臀部<名>
atualmente	/a.tuˌawˈmẽ.t͡ʃi/	/a.tuˌawˈmẽ.t͡ʃi/	[a.tuˌawˈmẽ.t͡ʃi] 目前<副>
reportar	/ʁe.poʁˈta(ʁ)/	/ʁe.poʁˈta(ʁ)/	[ʁe.poʁˈta(ʁ)] 报告<动>
furo	/ˈfu.ɾu/	/ˈfu.ɾu/	[ˈfu.ɾu] 洞<名>
mei	/ˈmej/	/ˈmej/	[ˈmej] 梅<名>
polo	/ˈpɔ.lu/	/ˈpɔ.lu/	[ˈpɔ.lu] 马球<名>
fera	/ˈfɛ.ɾɐ/	/ˈfɛ.ɾɐ/	[ˈfɛ.ɾɐ] 野兽<名>
poker	/ˈpo.keʁ/	/ˈpo.keʁ/	[ˈpo.keʁ] 扑克<名>
angariação	/ɐ̃.ɡa.ɾi.aˈsɐ̃w̃/	/ɐ̃.ɡa.ɾi.aˈsɐ̃w̃/	[ɐ̃.ɡa.ɾi.aˈsɐ̃w̃] 筹款<名>
defensiva	/ˌde.fẽˈsi.vɐ/	/ˌde.fẽˈsi.vɐ/	[ˌde.fẽˈsi.vɐ] 防御性的<名>
concha	/ˈkõ.ʃɐ/	/ˈkõ.ʃɐ/	[ˈkõ.ʃɐ] 外壳<名>
redução	/ʁe.duˈsɐ̃w̃/	/ʁe.duˈsɐ̃w̃/	[ʁe.duˈsɐ̃w̃] 减少<名>
corno	/ˈkoʁ.nu/	/ˈkoʁ.nu/	[ˈkoʁ.nu] 戴绿帽子<名>
interrupção	/ĩ.te.ʁupˈsɐ̃w̃/	/ĩ.te.ʁupˈsɐ̃w̃/	[ĩ.te.ʁupˈsɐ̃w̃] 中断<名>
fabricante	/fa.bɾiˈkɐ̃.t͡ʃi/	/fa.bɾiˈkɐ̃.t͡ʃi/	[fa.bɾiˈkɐ̃.t͡ʃi] 制造商<名>
mercúrio	/meʁˈku.ɾju/	/meʁˈku.ɾju/	[meʁˈku.ɾju] 汞<名>
contínuo	/kõˈt͡ʃĩ.n(w)u/	/kõˈt͡ʃĩ.n(w)u/	[kõˈt͡ʃĩ.n(w)u] 连续的<名>
aparente	/a.paˈɾẽ.t͡ʃi/	/a.paˈɾẽ.t͡ʃi/	[a.paˈɾẽ.t͡ʃi] 明显的<形>
arguido	/aʁˈɡwi.du/	/aʁˈɡwi.du/	[aʁˈɡwi.du] 被告<名>
shot	/ˈʃɔ.t͡ʃi/	/ˈʃɔ.t͡ʃi/	[ˈʃɔ.t͡ʃi] 射击<名>
âncora	/ˈɐ̃.ko.ɾɐ/	/ˈɐ̃.ko.ɾɐ/	[ˈɐ̃.ko.ɾɐ] 锚<名>
reconsiderar	/ʁe.kõ.si.deˈɾa(ʁ)/	/ʁe.kõ.si.deˈɾa(ʁ)/	[ʁe.kõ.si.deˈɾa(ʁ)] 重新考虑<动>
focar	/foˈka(ʁ)/	/foˈka(ʁ)/	[foˈka(ʁ)] 焦点<动>
permanentemente	/peʁ.maˌnẽ.t͡ʃiˈmẽ.t͡ʃi/	/peʁ.maˌnẽ.t͡ʃiˈmẽ.t͡ʃi/	[peʁ.maˌnẽ.t͡ʃiˈmẽ.t͡ʃi] 永久地<副>
contribuição	/kõ.tɾi.bu.iˈsɐ̃w̃/	/kõ.tɾi.bu.iˈsɐ̃w̃/	[kõ.tɾi.bu.iˈsɐ̃w̃] 贡献<名>
juliet	/ʒu.liˈɛ.t͡ʃi/	/ʒu.liˈɛ.t͡ʃi/	[ʒu.liˈɛ.t͡ʃi] 朱丽叶<名>
alumínio	/a.luˈmĩ.nju/	/a.luˈmĩ.nju/	[a.luˈmĩ.nju] 铝<名>
diabetes	/d͡ʒi.aˈbɛ.t͡ʃis/	/d͡ʒi.aˈbɛ.t͡ʃis/	[d͡ʒi.aˈbɛ.t͡ʃis] 糖尿病<名>
ocular	/o.kuˈlaʁ/	/o.kuˈlaʁ/	[o.kuˈlaʁ] 目镜<名>
matriz	/maˈtɾis/	/maˈtɾis/	[maˈtɾis] 矩阵<名>
asiático	/a.ziˈa.t͡ʃi.ku/	/a.ziˈa.t͡ʃi.ku/	[a.ziˈa.t͡ʃi.ku] 亚洲人<名>
reinado	/ʁejˈna.du/	/ʁejˈna.du/	[ʁejˈna.du] 统治<名>
médico-legista	/ˌmɛ.d͡ʒi.ku.leˈʒis.tɐ/	/ˌmɛ.d͡ʒi.ku.leˈʒis.tɐ/	[ˌmɛ.d͡ʒi.ku.leˈʒis.tɐ] 验尸官<名>
estritamente	/isˌtɾi.taˈmẽ.t͡ʃi/	/isˌtɾi.taˈmẽ.t͡ʃi/	[isˌtɾi.taˈmẽ.t͡ʃi] 严格地<副>
seringa	/seˈɾĩ.ɡɐ/	/seˈɾĩ.ɡɐ/	[seˈɾĩ.ɡɐ] 注射器<名>
alertar	/a.leʁˈta(ʁ)/	/a.leʁˈta(ʁ)/	[a.leʁˈta(ʁ)] 警报<动>
artístico	/aʁˈt͡ʃis.t͡ʃi.ku/	/aʁˈt͡ʃis.t͡ʃi.ku/	[aʁˈt͡ʃis.t͡ʃi.ku] 艺术的<形>
imprimir	/ĩ.pɾiˈmi(ʁ)/	/ĩ.pɾiˈmi(ʁ)/	[ĩ.pɾiˈmi(ʁ)] 打印<动>
sofreram	so.ˈfɾe.ɾãʊ̃	so.ˈfɾe.ɾãʊ̃	[so.ˈfɾe.ɾãʊ̃] 遭受<动>
clone	/ˈklõ.ni/	/ˈklõ.ni/	[ˈklõ.ni] 克隆<名>
escorpião	/is.koʁ.piˈɐ̃w̃/	/is.koʁ.piˈɐ̃w̃/	[is.koʁ.piˈɐ̃w̃] 蝎子<名>
sobrancelha	/so.bɾɐ̃ˈse.ʎɐ/	/so.bɾɐ̃ˈse.ʎɐ/	[so.bɾɐ̃ˈse.ʎɐ] 眉毛<名>
cenoura	/seˈno(w).ɾɐ/	/seˈno(w).ɾɐ/	[seˈno(w).ɾɐ] 胡萝卜<名>
gentilmente	/ʒẽˌt͡ʃiwˈmẽ.t͡ʃi/	/ʒẽˌt͡ʃiwˈmẽ.t͡ʃi/	[ʒẽˌt͡ʃiwˈmẽ.t͡ʃi] 和善地<副>
alzheimer	/awˈzaj.meʁ/	/awˈzaj.meʁ/	[awˈzaj.meʁ] 阿尔茨海默氏症<名>
turco	/ˈtuʁ.ku/	/ˈtuʁ.ku/	[ˈtuʁ.ku] 土耳其语<名>
subconsciente	/ˌsub.kõ.siˈẽ.t͡ʃi/	/ˌsub.kõ.siˈẽ.t͡ʃi/	[ˌsub.kõ.siˈẽ.t͡ʃi] 潜意识<名>
recepcionista	/ʁe.se.pi.si.oˈnis.tɐ/	/ʁe.se.pi.si.oˈnis.tɐ/	[ʁe.se.pi.si.oˈnis.tɐ] 接待员<名>
frustrar	/fɾusˈtɾa(ʁ)/	/fɾusˈtɾa(ʁ)/	[fɾusˈtɾa(ʁ)] 挫败<动>
ensinaram	ẽ.si.ˈna.ɾãʊ̃	ẽ.si.ˈna.ɾãʊ̃	[ẽ.si.ˈna.ɾãʊ̃] 教过的<动>
saliva	/saˈli.vɐ/	/saˈli.vɐ/	[saˈli.vɐ] 唾液<名>
protestar	/pɾo.tesˈta(ʁ)/	/pɾo.tesˈta(ʁ)/	[pɾo.tesˈta(ʁ)] 抗议<动>
atriz	/aˈtɾis/	/aˈtɾis/	[aˈtɾis] 女演员<名>
are	/ˈa.ɾi/	/ˈa.ɾi/	[ˈa.ɾi] 是<名>
super-herói	/ˌsu.peɾ.eˈɾɔj/	/ˌsu.peɾ.eˈɾɔj/	[ˌsu.peɾ.eˈɾɔj] 超级英雄<名>
licor	/liˈkoʁ/	/liˈkoʁ/	[liˈkoʁ] 酒<名>
previsível	/pɾe.viˈzi.vew/	/pɾe.viˈzi.vew/	[pɾe.viˈzi.vew] 可预测的<形>
obviar	/ob.viˈa(ʁ)/	/ob.viˈa(ʁ)/	[ob.viˈa(ʁ)] 消除<动>
caligrafia	/ka.li.ɡɾaˈfi.ɐ/	/ka.li.ɡɾaˈfi.ɐ/	[ka.li.ɡɾaˈfi.ɐ] 书法<名>
manto	/ˈmɐ̃.tu/	/ˈmɐ̃.tu/	[ˈmɐ̃.tu] 斗篷<名>
mordida	/moʁˈd͡ʒi.dɐ/	/moʁˈd͡ʒi.dɐ/	[moʁˈd͡ʒi.dɐ] 咬<名>
semelhança	/se.meˈʎɐ̃.sɐ/	/se.meˈʎɐ̃.sɐ/	[se.meˈʎɐ̃.sɐ] 相似性<名>
pintado	/pĩˈta.du/	/pĩˈta.du/	[pĩˈta.du] 画的<名>
batedor	/ba.teˈdoʁ/	/ba.teˈdoʁ/	[ba.teˈdoʁ] 打手<名>
barragem	/baˈʁa.ʒẽj̃/	/baˈʁa.ʒẽj̃/	[baˈʁa.ʒẽj̃] 水坝<名>
imortalidade	/i.moʁ.ta.liˈda.d͡ʒi/	/i.moʁ.ta.liˈda.d͡ʒi/	[i.moʁ.ta.liˈda.d͡ʒi] 不朽<名>
surfar	/suʁˈfa(ʁ)/	/suʁˈfa(ʁ)/	[suʁˈfa(ʁ)] 冲浪<动>
comanda	/koˈmɐ̃.dɐ/	/koˈmɐ̃.dɐ/	[koˈmɐ̃.dɐ] 命令<名>
democrata	/de.moˈkɾa.tɐ/	/de.moˈkɾa.tɐ/	[de.moˈkɾa.tɐ] 民主党人<名>
pecador	/pe.kaˈdoʁ/	/pe.kaˈdoʁ/	[pe.kaˈdoʁ] 罪人<名>
ofício	/oˈfi.sju/	/oˈfi.sju/	[oˈfi.sju] 工艺<名>
subida	/suˈbi.dɐ/	/suˈbi.dɐ/	[suˈbi.dɐ] 攀登<名>
aborrecer	/a.bo.ʁeˈse(ʁ)/	/a.bo.ʁeˈse(ʁ)/	[a.bo.ʁeˈse(ʁ)] 惹恼<动>
esqui	/isˈki/	/isˈki/	[isˈki] 滑雪<名>
min	/ˈmĩ/	/ˈmĩ/	[ˈmĩ] 分钟<名>
fidelidade	/fi.de.liˈda.d͡ʒi/	/fi.de.liˈda.d͡ʒi/	[fi.de.liˈda.d͡ʒi] 忠诚度<名>
round	/ˈʁaw̃d͡ʒi/	/ˈʁaw̃d͡ʒi/	[ˈʁaw̃d͡ʒi] 圆形<名>
pinto	/ˈpĩ.tu/	/ˈpĩ.tu/	[ˈpĩ.tu] 迪克<名>
torneira	/toʁˈne(j).ɾɐ/	/toʁˈne(j).ɾɐ/	[toʁˈne(j).ɾɐ] 水龙头<名>
obscuro	/obsˈku.ɾu/	/obsˈku.ɾu/	[obsˈku.ɾu] 晦涩的<形>
económico	/i.kuˈnɔ.mi.ku/	/i.kuˈnɔ.mi.ku/	[i.kuˈnɔ.mi.ku] 经济的<形>
cotovelo	/ku.tuˈve.lu/	/ku.tuˈve.lu/	[ku.tuˈve.lu] 肘部<名>
covil	/koˈviw/	/koˈviw/	[koˈviw] 巢穴<名>
estupendo	/is.tuˈpẽ.du/	/is.tuˈpẽ.du/	[is.tuˈpẽ.du] 惊人的<形>
estufa	/isˈtu.fɐ/	/isˈtu.fɐ/	[isˈtu.fɐ] 温室<名>
baba	/ˈba.bɐ/	/ˈba.bɐ/	[ˈba.bɐ] 巴巴<名>
artifício	/aʁ.t͡ʃiˈfi.sju/	/aʁ.t͡ʃiˈfi.sju/	[aʁ.t͡ʃiˈfi.sju] 诡计<名>
transportador	/tɾɐ̃s.poʁ.taˈdoʁ/	/tɾɐ̃s.poʁ.taˈdoʁ/	[tɾɐ̃s.poʁ.taˈdoʁ] 转运者<名>
acolhimento	/a.ko.ʎiˈmẽ.tu/	/a.ko.ʎiˈmẽ.tu/	[a.ko.ʎiˈmẽ.tu] 接待处<名>
verso	/ˈvɛʁ.su/	/ˈvɛʁ.su/	[ˈvɛʁ.su] 诗句<名>
disfarçar	/d͡ʒis.faʁˈsa(ʁ)/	/d͡ʒis.faʁˈsa(ʁ)/	[d͡ʒis.faʁˈsa(ʁ)] 伪装<动>
despir	/desˈpi(ʁ)/	/desˈpi(ʁ)/	[desˈpi(ʁ)] 脱衣服<动>
dharma			佛法<名>
pia	/ˈpi.ɐ/	/ˈpi.ɐ/	[ˈpi.ɐ] 水槽<名>
impor	/ĩˈpoʁ/	/ĩˈpoʁ/	[ĩˈpoʁ] 强加<动>
vergonhoso	/veʁ.ɡõˈɲo.zu/	/veʁ.ɡõˈɲo.zu/	[veʁ.ɡõˈɲo.zu] 可耻的<形>
duende	/duˈẽ.d͡ʒi/	/duˈẽ.d͡ʒi/	[duˈẽ.d͡ʒi] 小精灵<名>
insanidade	/ĩ.sa.niˈda.d͡ʒi/	/ĩ.sa.niˈda.d͡ʒi/	[ĩ.sa.niˈda.d͡ʒi] 疯狂<名>
absorver	/ab.soʁˈve(ʁ)/	/ab.soʁˈve(ʁ)/	[ab.soʁˈve(ʁ)] 吸收<动>
evoluir	/e.vo.luˈi(ʁ)/	/e.vo.luˈi(ʁ)/	[e.vo.luˈi(ʁ)] 进化<动>
morador	/mo.ɾaˈdoʁ/	/mo.ɾaˈdoʁ/	[mo.ɾaˈdoʁ] 居民<名>
afirmação	/a.fiʁ.maˈsɐ̃w̃/	/a.fiʁ.maˈsɐ̃w̃/	[a.fiʁ.maˈsɐ̃w̃] 肯定<名>
galactico	/ɡaˈla.ki.t͡ʃi.ku/	/ɡaˈla.ki.t͡ʃi.ku/	[ɡaˈla.ki.t͡ʃi.ku] 银河系的<形>
quark	/ˈkwaʁ.ki/	/ˈkwaʁ.ki/	[ˈkwaʁ.ki] 夸克<名>
milícia	/miˈli.sjɐ/	/miˈli.sjɐ/	[miˈli.sjɐ] 民兵<名>
retornar	/ʁe.toʁˈna(ʁ)/	/ʁe.toʁˈna(ʁ)/	[ʁe.toʁˈna(ʁ)] 返回<动>
waffle	/ˈwa.fo(w)/	/ˈwa.fo(w)/	[ˈwa.fo(w)] 华夫饼<名>
cadê	/kaˈde/	/kaˈde/	[kaˈde] 它在哪里？<副>
genro	/ˈʒẽ.ʁu/	/ˈʒẽ.ʁu/	[ˈʒẽ.ʁu] 女婿<名>
cavalgar	/ka.vawˈɡa(ʁ)/	/ka.vawˈɡa(ʁ)/	[ka.vawˈɡa(ʁ)] 骑<动>
magnético	/ma.ɡiˈnɛ.t͡ʃi.ku/	/ma.ɡiˈnɛ.t͡ʃi.ku/	[ma.ɡiˈnɛ.t͡ʃi.ku] 磁性的<形>
canela	/kaˈnɛ.lɐ/	/kaˈnɛ.lɐ/	[kaˈnɛ.lɐ] 肉桂<名>
pêsame	/ˈpe.za.mi/	/ˈpe.za.mi/	[ˈpe.za.mi] 哀悼<名>
enrolar	/ẽ.ʁoˈla(ʁ)/	/ẽ.ʁoˈla(ʁ)/	[ẽ.ʁoˈla(ʁ)] 卷曲<动>
boletim	/bo.leˈt͡ʃĩ/	/bo.leˈt͡ʃĩ/	[bo.leˈt͡ʃĩ] 公告<名>
ancião	/ɐ̃.siˈɐ̃w̃/	/ɐ̃.siˈɐ̃w̃/	[ɐ̃.siˈɐ̃w̃] 长老<名>
memorando	/me.moˈɾɐ̃.du/	/me.moˈɾɐ̃.du/	[me.moˈɾɐ̃.du] 备忘录<名>
renunciar	/ʁe.nũ.siˈa(ʁ)/	/ʁe.nũ.siˈa(ʁ)/	[ʁe.nũ.siˈa(ʁ)] 辞职<动>
conveniência	/kõ.ve.niˈẽ.sjɐ/	/kõ.ve.niˈẽ.sjɐ/	[kõ.ve.niˈẽ.sjɐ] 方便<名>
delícia	/deˈli.sjɐ/	/deˈli.sjɐ/	[deˈli.sjɐ] 好吃<名>
light	/ˈlaj.t͡ʃi/	/ˈlaj.t͡ʃi/	[ˈlaj.t͡ʃi] 光<形>
tédio	/ˈtɛ.d͡ʒju/	/ˈtɛ.d͡ʒju/	[ˈtɛ.d͡ʒju] 无聊<名>
entendimento	/ẽ.tẽ.d͡ʒiˈmẽ.tu/	/ẽ.tẽ.d͡ʒiˈmẽ.tu/	[ẽ.tẽ.d͡ʒiˈmẽ.tu] 理解<名>
antiquado	/ɐ̃.t͡ʃiˈkwa.du/	/ɐ̃.t͡ʃiˈkwa.du/	[ɐ̃.t͡ʃiˈkwa.du] 老式的<形>
mesquita	/mesˈki.tɐ/	/mesˈki.tɐ/	[mesˈki.tɐ] 清真寺<名>
vibração	/vi.bɾaˈsɐ̃w̃/	/vi.bɾaˈsɐ̃w̃/	[vi.bɾaˈsɐ̃w̃] 振动<名>
envenenamento	/ẽ.ve.ne.naˈmẽ.tu/	/ẽ.ve.ne.naˈmẽ.tu/	[ẽ.ve.ne.naˈmẽ.tu] 中毒<名>
derrame	/deˈʁɐ̃.mi/	/deˈʁɐ̃.mi/	[deˈʁɐ̃.mi] 泄漏<名>
embalagem	/ẽ.baˈla.ʒẽj̃/	/ẽ.baˈla.ʒẽj̃/	[ẽ.baˈla.ʒẽj̃] 包装<名>
charmoso	/ʃaʁˈmo.zu/	/ʃaʁˈmo.zu/	[ʃaʁˈmo.zu] 迷人的<形>
bagageira	/ba.ɡaˈʒe(j).ɾɐ/	/ba.ɡaˈʒe(j).ɾɐ/	[ba.ɡaˈʒe(j).ɾɐ] 行李舱<名>
compor	/kõˈpoʁ/	/kõˈpoʁ/	[kõˈpoʁ] 作曲<动>
ressurreição	/ʁe.su.ʁejˈsɐ̃w̃/	/ʁe.su.ʁejˈsɐ̃w̃/	[ʁe.su.ʁejˈsɐ̃w̃] 复活<名>
detonar	/de.toˈna(ʁ)/	/de.toˈna(ʁ)/	[de.toˈna(ʁ)] 引爆<动>
basquete	/basˈkɛ.t͡ʃi/	/basˈkɛ.t͡ʃi/	[basˈkɛ.t͡ʃi] 篮球<名>
meteram	me.ˈte.ɾãʊ̃	me.ˈte.ɾãʊ̃	[me.ˈte.ɾãʊ̃] 放入<动>
filhote	/fiˈʎɔ.t͡ʃi/	/fiˈʎɔ.t͡ʃi/	[fiˈʎɔ.t͡ʃi] 幼崽<名>
ceia	/ˈsej.ɐ/	/ˈsej.ɐ/	[ˈsej.ɐ] 晚餐<名>
manta	/ˈmɐ̃.tɐ/	/ˈmɐ̃.tɐ/	[ˈmɐ̃.tɐ] 毯子<名>
aperitivo	/a.pe.ɾiˈt͡ʃi.vu/	/a.pe.ɾiˈt͡ʃi.vu/	[a.pe.ɾiˈt͡ʃi.vu] 开胃菜<名>
influenciar	/ĩ.flu.ẽ.siˈa(ʁ)/	/ĩ.flu.ẽ.siˈa(ʁ)/	[ĩ.flu.ẽ.siˈa(ʁ)] 影响力<动>
irracional	/i.ʁa.si.oˈnaw/	/i.ʁa.si.oˈnaw/	[i.ʁa.si.oˈnaw] 非理性的<形>
pneumonia	/pnew.moˈni.ɐ/	/pnew.moˈni.ɐ/	[pnew.moˈni.ɐ] 肺炎<名>
bárbaro	/ˈbaʁ.ba.ɾu/	/ˈbaʁ.ba.ɾu/	[ˈbaʁ.ba.ɾu] 野蛮人<名>
ria	/ˈʁi.ɐ/	/ˈʁi.ɐ/	[ˈʁi.ɐ] 笑<名>
múmia	/ˈmũ.mjɐ/	/ˈmũ.mjɐ/	[ˈmũ.mjɐ] 木乃伊<名>
qué	/ˈkwɛ/	/ˈkwɛ/	[ˈkwɛ] 什么<叹>
actualização	a.tu.a.li.za.ˈsãʊ̃	a.tu.a.li.za.ˈsãʊ̃	[a.tu.a.li.za.ˈsãʊ̃] 更新<名>
progredir	/pɾo.ɡɾeˈd͡ʒi(ʁ)/	/pɾo.ɡɾeˈd͡ʒi(ʁ)/	[pɾo.ɡɾeˈd͡ʒi(ʁ)] 进展<动>
reaver	/ʁe.aˈve(ʁ)/	/ʁe.aˈve(ʁ)/	[ʁe.aˈve(ʁ)] 恢复<动>
incriminar	/ĩ.kɾi.miˈna(ʁ)/	/ĩ.kɾi.miˈna(ʁ)/	[ĩ.kɾi.miˈna(ʁ)] 入罪<动>
coxa	/ˈko.ʃɐ/	/ˈko.ʃɐ/	[ˈko.ʃɐ] 大腿<名>
prudente	/pɾuˈdẽ.t͡ʃi/	/pɾuˈdẽ.t͡ʃi/	[pɾuˈdẽ.t͡ʃi] 谨慎的<形>
duquesa	/duˈke.zɐ/	/duˈke.zɐ/	[duˈke.zɐ] 公爵夫人<名>
afiado	/a.fiˈa.du/	/a.fiˈa.du/	[a.fiˈa.du] 锋利的<形>
espanto	/isˈpɐ̃.tu/	/isˈpɐ̃.tu/	[isˈpɐ̃.tu] 惊讶<名>
relembrar	/ʁe.lẽˈbɾa(ʁ)/	/ʁe.lẽˈbɾa(ʁ)/	[ʁe.lẽˈbɾa(ʁ)] 记住<动>
componente	/kõ.poˈnẽ.t͡ʃi/	/kõ.poˈnẽ.t͡ʃi/	[kõ.poˈnẽ.t͡ʃi] 组件<名>
catorze	/kaˈtoʁ.zi/	/kaˈtoʁ.zi/	[kaˈtoʁ.zi] 十四<名>
colateral	/ko.la.teˈɾaw/	/ko.la.teˈɾaw/	[ko.la.teˈɾaw] 抵押品<形>
navalha	/naˈva.ʎɐ/	/naˈva.ʎɐ/	[naˈva.ʎɐ] 剃须刀<名>
soja	/ˈsɔ.ʒɐ/	/ˈsɔ.ʒɐ/	[ˈsɔ.ʒɐ] 大豆<名>
plenamente	/ˌplẽ.naˈmẽ.t͡ʃi/	/ˌplẽ.naˈmẽ.t͡ʃi/	[ˌplẽ.naˈmẽ.t͡ʃi] 完全<副>
intestino	/ĩ.tesˈt͡ʃĩ.nu/	/ĩ.tesˈt͡ʃĩ.nu/	[ĩ.tesˈt͡ʃĩ.nu] 肠<名>
qi			气<名>
cansativo	/kɐ̃.saˈt͡ʃi.vu/	/kɐ̃.saˈt͡ʃi.vu/	[kɐ̃.saˈt͡ʃi.vu] 累<形>
assaltante	/a.sawˈtɐ̃.t͡ʃi/	/a.sawˈtɐ̃.t͡ʃi/	[a.sawˈtɐ̃.t͡ʃi] 窃贼<名>
tolerância	/to.leˈɾɐ̃.sjɐ/	/to.leˈɾɐ̃.sjɐ/	[to.leˈɾɐ̃.sjɐ] 宽容<名>
alabama	[ˌalaˈbɐma]	[ˌalaˈbɐma]	[[ˌalaˈbɐma]] 阿拉巴马州<名>
converter	/kõ.veʁˈte(ʁ)/	/kõ.veʁˈte(ʁ)/	[kõ.veʁˈte(ʁ)] 转换<动>
pulga	/ˈpuw.ɡɐ/	/ˈpuw.ɡɐ/	[ˈpuw.ɡɐ] 跳蚤<名>
implante	/ĩˈplɐ̃.t͡ʃi/	/ĩˈplɐ̃.t͡ʃi/	[ĩˈplɐ̃.t͡ʃi] 植入物<名>
pombo	/ˈpõ.bu/	/ˈpõ.bu/	[ˈpõ.bu] 鸽子<名>
ofensivo	/o.fẽˈsi.vu/	/o.fẽˈsi.vu/	[o.fẽˈsi.vu] 进攻性的<形>
like	/ˈlaj.ki/	/ˈlaj.ki/	[ˈlaj.ki] 喜欢<名>
aconselhamento	a.kõ.se.ʎa.ˈmẽ.tʊ	a.kõ.se.ʎa.ˈmẽ.tʊ	[a.kõ.se.ʎa.ˈmẽ.tʊ] 辅导<名>
abertamente	/aˌbɛʁ.taˈmẽ.t͡ʃi/	/aˌbɛʁ.taˈmẽ.t͡ʃi/	[aˌbɛʁ.taˈmẽ.t͡ʃi] 公开地<副>
pónei	/ˈpɔ.nɐj/	/ˈpɔ.nɐj/	[ˈpɔ.nɐj] 小马<名>
tralha	/ˈtɾa.ʎɐ/	/ˈtɾa.ʎɐ/	[ˈtɾa.ʎɐ] 垃圾<名>
ementa	/eˈmẽ.tɐ/	/eˈmẽ.tɐ/	[eˈmẽ.tɐ] 菜单<名>
roupão	/ʁo(w)ˈpɐ̃w̃/	/ʁo(w)ˈpɐ̃w̃/	[ʁo(w)ˈpɐ̃w̃] 长袍<名>
cairo	/ˈkajɾu/	/ˈkajɾu/	[ˈkajɾu] 开罗<名>
óbito	/ˈɔ.bi.tu/	/ˈɔ.bi.tu/	[ˈɔ.bi.tu] 死亡<名>
echo	ˈɛ.ʃʊ	ˈɛ.ʃʊ	[ˈɛ.ʃʊ] 回声<名>
introduzir	/ĩ.tɾo.duˈzi(ʁ)/	/ĩ.tɾo.duˈzi(ʁ)/	[ĩ.tɾo.duˈzi(ʁ)] 介绍<动>
silva	/ˈsiw.vɐ/	/ˈsiw.vɐ/	[ˈsiw.vɐ] 席尔瓦<名>
aprenderam	a.pɾẽ.ˈde.ɾãʊ̃	a.pɾẽ.ˈde.ɾãʊ̃	[a.pɾẽ.ˈde.ɾãʊ̃] 学到了<动>
papo	/ˈpa.pu/	/ˈpa.pu/	[ˈpa.pu] 聊天<名>
sacramento	/sa.kɾaˈmẽ.tu/	/sa.kɾaˈmẽ.tu/	[sa.kɾaˈmẽ.tu] 圣礼<名>
camuflagem	/ka.muˈfla.ʒẽj̃/	/ka.muˈfla.ʒẽj̃/	[ka.muˈfla.ʒẽj̃] 迷彩<名>
tributo	/tɾiˈbu.tu/	/tɾiˈbu.tu/	[tɾiˈbu.tu] 致敬<名>
principio	pɾĩ.si.ˈpi.ʊ	pɾĩ.si.ˈpi.ʊ	[pɾĩ.si.ˈpi.ʊ] 原则<名>
trégua	/ˈtɾɛ.ɡwɐ/	/ˈtɾɛ.ɡwɐ/	[ˈtɾɛ.ɡwɐ] 休战<名>
espalhado	/is.paˈʎa.du/	/is.paˈʎa.du/	[is.paˈʎa.du] 分散的<形>
apagão	/a.paˈɡɐ̃w̃/	/a.paˈɡɐ̃w̃/	[a.paˈɡɐ̃w̃] 停电<名>
inapropriado	/i.na.pɾo.pɾiˈa.du/	/i.na.pɾo.pɾiˈa.du/	[i.na.pɾo.pɾiˈa.du] 不合适的<形>
morena	/moˈɾẽ.nɐ/	/moˈɾẽ.nɐ/	[moˈɾẽ.nɐ] 黑发<名>
aveia	/aˈvej.ɐ/	/aˈvej.ɐ/	[aˈvej.ɐ] 燕麦<名>
constipação	/kõs.t͡ʃi.paˈsɐ̃w̃/	/kõs.t͡ʃi.paˈsɐ̃w̃/	[kõs.t͡ʃi.paˈsɐ̃w̃] 便秘<名>
control	/ˈkõ.tɾow/	/ˈkõ.tɾow/	[ˈkõ.tɾow] 控制<名>
divorciado	/d͡ʒi.voʁ.siˈa.du/	/d͡ʒi.voʁ.siˈa.du/	[d͡ʒi.voʁ.siˈa.du] 离婚的<名>
deficiente	/de.fi.siˈẽ.t͡ʃi/	/de.fi.siˈẽ.t͡ʃi/	[de.fi.siˈẽ.t͡ʃi] 残疾人<名>
bunda	/ˈbũ.dɐ/	/ˈbũ.dɐ/	[ˈbũ.dɐ] 屁股<名>
abordar	/a.boʁˈda(ʁ)/	/a.boʁˈda(ʁ)/	[a.boʁˈda(ʁ)] 方法<动>
similar	/si.miˈlaʁ/	/si.miˈlaʁ/	[si.miˈlaʁ] 类似的<形>
nascença	/naˈsẽ.sɐ/	/naˈsẽ.sɐ/	[naˈsẽ.sɐ] 出生<名>
escreveram	es.kɾe.ˈve.ɾãʊ̃	es.kɾe.ˈve.ɾãʊ̃	[es.kɾe.ˈve.ɾãʊ̃] 写道<动>
cisco	/ˈsis.ku/	/ˈsis.ku/	[ˈsis.ku] 斑点<名>
setor	/seˈtoʁ/	/seˈtoʁ/	[seˈtoʁ] 部门<名>
matinal	/ma.t͡ʃiˈnaw/	/ma.t͡ʃiˈnaw/	[ma.t͡ʃiˈnaw] 早上<形>
banca	/ˈbɐ̃.kɐ/	/ˈbɐ̃.kɐ/	[ˈbɐ̃.kɐ] 银行业<名>
apontamento	/a.põ.taˈmẽ.tu/	/a.põ.taˈmẽ.tu/	[a.põ.taˈmẽ.tu] 注释<名>
balançar	/ba.lɐ̃ˈsa(ʁ)/	/ba.lɐ̃ˈsa(ʁ)/	[ba.lɐ̃ˈsa(ʁ)] 秋千<动>
madrinha	/maˈdɾĩ.ɲɐ/	/maˈdɾĩ.ɲɐ/	[maˈdɾĩ.ɲɐ] 教母<名>
esvaziar	/(i)ʒ.vɐˈzjaɾ/	/(i)ʒ.vɐˈzjaɾ/	[(i)ʒ.vɐˈzjaɾ] 空的<动>
surto	/ˈsuʁ.tu/	/ˈsuʁ.tu/	[ˈsuʁ.tu] 爆发<名>
scanner			扫描仪<名>
feixe	/ˈfe(j).ʃi/	/ˈfe(j).ʃi/	[ˈfe(j).ʃi] 梁<名>
strike	/isˈtɾaj.ki/	/isˈtɾaj.ki/	[isˈtɾaj.ki] 罢工<名>
assombrado	/a.sõˈbɾa.du/	/a.sõˈbɾa.du/	[a.sõˈbɾa.du] 闹鬼的<形>
manicómio	/mɐ.niˈkɔ.mju/	/mɐ.niˈkɔ.mju/	[mɐ.niˈkɔ.mju] 疯人院<名>
caveira	/kaˈve(j).ɾɐ/	/kaˈve(j).ɾɐ/	[kaˈve(j).ɾɐ] 头骨<名>
catar	/kaˈtaʁ/	/kaˈtaʁ/	[kaˈtaʁ] 拾荒<名>
plateia	/plaˈtɛj.ɐ/	/plaˈtɛj.ɐ/	[plaˈtɛj.ɐ] 观众<名>
gueto	/ˈɡe.tu/	/ˈɡe.tu/	[ˈɡe.tu] 贫民窟<名>
mascote	/masˈkɔ.t͡ʃi/	/masˈkɔ.t͡ʃi/	[masˈkɔ.t͡ʃi] 吉祥物<名>
rima	/ˈʁĩ.mɐ/	/ˈʁĩ.mɐ/	[ˈʁĩ.mɐ] 韵<名>
revolucionário	/ʁe.vo.lu.si.oˈna.ɾju/	/ʁe.vo.lu.si.oˈna.ɾju/	[ʁe.vo.lu.si.oˈna.ɾju] 革命性的<名>
tabela	/taˈbɛ.lɐ/	/taˈbɛ.lɐ/	[taˈbɛ.lɐ] 表<名>
aroma	/aˈɾõ.mɐ/	/aˈɾõ.mɐ/	[aˈɾõ.mɐ] 香气<名>
apito	/aˈpi.tu/	/aˈpi.tu/	[aˈpi.tu] 口哨<名>
doador	/du.aˈdoʁ/	/du.aˈdoʁ/	[du.aˈdoʁ] 捐助者<名>
molhar	/moˈʎa(ʁ)/	/moˈʎa(ʁ)/	[moˈʎa(ʁ)] 湿的<动>
escalada	/is.kaˈla.dɐ/	/is.kaˈla.dɐ/	[is.kaˈla.dɐ] 攀登<名>
cume	/ˈkũ.mi/	/ˈkũ.mi/	[ˈkũ.mi] 峰会<名>
telescópio	/te.lesˈkɔ.pju/	/te.lesˈkɔ.pju/	[te.lesˈkɔ.pju] 望远镜<名>
vácuo	/ˈva.k(w)u/	/ˈva.k(w)u/	[ˈva.k(w)u] 真空<名>
maligno	/maˈli.ɡi.nu/	/maˈli.ɡi.nu/	[maˈli.ɡi.nu] 恶性的<形>
acreditaram	a.kɾe.dʒi.ˈta.ɾãʊ̃	a.kɾe.dʒi.ˈta.ɾãʊ̃	[a.kɾe.dʒi.ˈta.ɾãʊ̃] 相信<动>
intermediário	/ĩ.teʁ.me.d͡ʒiˈa.ɾju/	/ĩ.teʁ.me.d͡ʒiˈa.ɾju/	[ĩ.teʁ.me.d͡ʒiˈa.ɾju] 中介<名>
lux	/ˈluks/	/ˈluks/	[ˈluks] 勒克斯<名>
teoricamente	/teˌɔ.ɾi.kaˈmẽ.t͡ʃi/	/teˌɔ.ɾi.kaˈmẽ.t͡ʃi/	[teˌɔ.ɾi.kaˈmẽ.t͡ʃi] 理论上<副>
avesso	/aˈve.su/	/aˈve.su/	[aˈve.su] 由内而外<名>
flora	/ˈflɔ.ɾɐ/	/ˈflɔ.ɾɐ/	[ˈflɔ.ɾɐ] 植物区系<名>
bote	/ˈbɔ.t͡ʃi/	/ˈbɔ.t͡ʃi/	[ˈbɔ.t͡ʃi] 船<名>
abastecimento	/a.bas.te.siˈmẽ.tu/	/a.bas.te.siˈmẽ.tu/	[a.bas.te.siˈmẽ.tu] 供应<名>
superintendente	/ˌsu.pe.ɾ‿ĩ.tẽˈdẽ.t͡ʃi/	/ˌsu.pe.ɾ‿ĩ.tẽˈdẽ.t͡ʃi/	[ˌsu.pe.ɾ‿ĩ.tẽˈdẽ.t͡ʃi] 主管<名>
constrangedor	/kõs.tɾɐ̃.ʒeˈdoʁ/	/kõs.tɾɐ̃.ʒeˈdoʁ/	[kõs.tɾɐ̃.ʒeˈdoʁ] 令人尴尬的<形>
dicionário	/d͡ʒi.si.oˈna.ɾju/	/d͡ʒi.si.oˈna.ɾju/	[d͡ʒi.si.oˈna.ɾju] 字典<名>
desemprego	/de.zẽˈpɾe.ɡu/	/de.zẽˈpɾe.ɡu/	[de.zẽˈpɾe.ɡu] 失业<名>
alce	/ˈaw.si/	/ˈaw.si/	[ˈaw.si] 驼鹿<名>
adicional	/a.d͡ʒi.si.oˈnaw/	/a.d͡ʒi.si.oˈnaw/	[a.d͡ʒi.si.oˈnaw] 额外的<形>
tesla	/ˈtɛz.lɐ/	/ˈtɛz.lɐ/	[ˈtɛz.lɐ] 特斯拉<名>
nomear	/no.meˈa(ʁ)/	/no.meˈa(ʁ)/	[no.meˈa(ʁ)] 姓名<动>
maternidade	/ma.teʁ.niˈda.d͡ʒi/	/ma.teʁ.niˈda.d͡ʒi/	[ma.teʁ.niˈda.d͡ʒi] 产妇<名>
tona	/ˈtõ.nɐ/	/ˈtõ.nɐ/	[ˈtõ.nɐ] 表面<名>
relatar	/ʁe.laˈta(ʁ)/	/ʁe.laˈta(ʁ)/	[ʁe.laˈta(ʁ)] 报告<动>
africano	/a.fɾiˈkɐ̃.nu/	/a.fɾiˈkɐ̃.nu/	[a.fɾiˈkɐ̃.nu] 非洲人<名>
atómico	/ɐˈtɔ.mi.ku/	/ɐˈtɔ.mi.ku/	[ɐˈtɔ.mi.ku] 原子的<形>
sondagem	/sõˈda.ʒẽj̃/	/sõˈda.ʒẽj̃/	[sõˈda.ʒẽj̃] 民意调查<名>
ganso	/ˈɡɐ̃.su/	/ˈɡɐ̃.su/	[ˈɡɐ̃.su] 鹅<名>
eixo	/ˈe(j).ʃu/	/ˈe(j).ʃu/	[ˈe(j).ʃu] 轴<名>
errar	/eˈʁa(ʁ)/	/eˈʁa(ʁ)/	[eˈʁa(ʁ)] 犯错<动>
contador	/kõ.taˈdoʁ/	/kõ.taˈdoʁ/	[kõ.taˈdoʁ] 会计师<名>
maduro	/maˈdu.ɾu/	/maˈdu.ɾu/	[maˈdu.ɾu] 成熟的<形>
bravura	/bɾaˈvu.ɾɐ/	/bɾaˈvu.ɾɐ/	[bɾaˈvu.ɾɐ] 勇敢<名>
competente	/kõ.peˈtẽ.t͡ʃi/	/kõ.peˈtẽ.t͡ʃi/	[kõ.peˈtẽ.t͡ʃi] 有能力的<形>
húmido	/ˈũ.mi.du/	/ˈũ.mi.du/	[ˈũ.mi.du] 潮湿<形>
credível	/kɾeˈd͡ʒi.vew/	/kɾeˈd͡ʒi.vew/	[kɾeˈd͡ʒi.vew] 可信的<形>
imundo	/iˈmũ.du/	/iˈmũ.du/	[iˈmũ.du] 肮脏的<形>
marinar	/ma.ɾiˈna(ʁ)/	/ma.ɾiˈna(ʁ)/	[ma.ɾiˈna(ʁ)] 腌制<动>
balanço	/baˈlɐ̃.su/	/baˈlɐ̃.su/	[baˈlɐ̃.su] 平衡<名>
maço	/ˈma.su/	/ˈma.su/	[ˈma.su] 包<名>
encurralar	/ẽ.ku.ʁaˈla(ʁ)/	/ẽ.ku.ʁaˈla(ʁ)/	[ẽ.ku.ʁaˈla(ʁ)] 角落<动>
culinária	/ku.liˈna.ɾjɐ/	/ku.liˈna.ɾjɐ/	[ku.liˈna.ɾjɐ] 烹饪<名>
holandês	/o.lɐ̃ˈde(j)s/	/o.lɐ̃ˈde(j)s/	[o.lɐ̃ˈde(j)s] 荷兰语<名>
shopping	/ˈʃɔ.pĩ/	/ˈʃɔ.pĩ/	[ˈʃɔ.pĩ] 商场<名>
brick			砖<名>
precedente	/pɾe.seˈdẽ.t͡ʃi/	/pɾe.seˈdẽ.t͡ʃi/	[pɾe.seˈdẽ.t͡ʃi] 先例<名>
tripa	/ˈtɾi.pɐ/	/ˈtɾi.pɐ/	[ˈtɾi.pɐ] 牛肚<名>
espirito	es.pi.ˈɾi.tʊ	es.pi.ˈɾi.tʊ	[es.pi.ˈɾi.tʊ] 精神<名>
ressuscitar	/ʁe.su.siˈta(ʁ)/	/ʁe.su.siˈta(ʁ)/	[ʁe.su.siˈta(ʁ)] 复活<动>
bagunça	/baˈɡũ.sɐ/	/baˈɡũ.sɐ/	[baˈɡũ.sɐ] 混乱<名>
redenção	/ʁe.dẽˈsɐ̃w̃/	/ʁe.dẽˈsɐ̃w̃/	[ʁe.dẽˈsɐ̃w̃] 救赎<名>
vasto	/ˈvas.tu/	/ˈvas.tu/	[ˈvas.tu] 广阔的<形>
flagrante	/flaˈɡɾɐ̃.t͡ʃi/	/flaˈɡɾɐ̃.t͡ʃi/	[flaˈɡɾɐ̃.t͡ʃi] 明目张胆的<名>
ecstasy			狂喜<名>
ervilha	/eʁˈvi.ʎɐ/	/eʁˈvi.ʎɐ/	[eʁˈvi.ʎɐ] 豌豆<名>
sémen	/ˈsɛ.mɛn/	/ˈsɛ.mɛn/	[ˈsɛ.mɛn] 精液<名>
pi	/ˈpi/	/ˈpi/	[ˈpi] 圆周率<名>
remediar	/ʁe.me.d͡ʒiˈa(ʁ)/	/ʁe.me.d͡ʒiˈa(ʁ)/	[ʁe.me.d͡ʒiˈa(ʁ)] 补救措施<动>
flexível	/flekˈsi.vew/	/flekˈsi.vew/	[flekˈsi.vew] 灵活<形>
caçadeira	/ka.saˈde(j).ɾɐ/	/ka.saˈde(j).ɾɐ/	[ka.saˈde(j).ɾɐ] 霰弹枪<名>
fenomenal	/fe.no.meˈnaw/	/fe.no.meˈnaw/	[fe.no.meˈnaw] 惊人的<形>
vagão	/vaˈɡɐ̃w̃/	/vaˈɡɐ̃w̃/	[vaˈɡɐ̃w̃] 马车<名>
psicótico	/pi.siˈkɔ.t͡ʃi.ku/	/pi.siˈkɔ.t͡ʃi.ku/	[pi.siˈkɔ.t͡ʃi.ku] 精神病的<名>
liberal	/li.beˈɾaw/	/li.beˈɾaw/	[li.beˈɾaw] 自由主义<名>
bruxaria	/bɾu.ʃaˈɾi.ɐ/	/bɾu.ʃaˈɾi.ɐ/	[bɾu.ʃaˈɾi.ɐ] 巫术<名>
etapa	/eˈta.pɐ/	/eˈta.pɐ/	[eˈta.pɐ] 步骤<名>
mostraram	/mosˈtɾa.ɾɐ̃w̃/	/mosˈtɾa.ɾɐ̃w̃/	[mosˈtɾa.ɾɐ̃w̃] 显示<动>
estimado	/is.t͡ʃiˈma.du/	/is.t͡ʃiˈma.du/	[is.t͡ʃiˈma.du] 估计的<形>
mártir	/ˈmaʁ.t͡ʃiʁ/	/ˈmaʁ.t͡ʃiʁ/	[ˈmaʁ.t͡ʃiʁ] 烈士<名>
aquisição	/a.ki.ziˈsɐ̃w̃/	/a.ki.ziˈsɐ̃w̃/	[a.ki.ziˈsɐ̃w̃] 收购<名>
catedral	/ka.teˈdɾaw/	/ka.teˈdɾaw/	[ka.teˈdɾaw] 大教堂<名>
vénus	/ˈvɛ.nuʃ/	/ˈvɛ.nuʃ/	[ˈvɛ.nuʃ] 金星<名>
punir	/puˈni(ʁ)/	/puˈni(ʁ)/	[puˈni(ʁ)] 惩罚<动>
incentivo	/ĩ.sẽˈt͡ʃi.vu/	/ĩ.sẽˈt͡ʃi.vu/	[ĩ.sẽˈt͡ʃi.vu] 激励<名>
afectado	a.fe.ˈta.dʊ	a.fe.ˈta.dʊ	[a.fe.ˈta.dʊ] 受影响<形>
impune	/ĩˈpũ.ni/	/ĩˈpũ.ni/	[ĩˈpũ.ni] 不受惩罚的<形>
coreano	/ko.ɾeˈɐ̃.nu/	/ko.ɾeˈɐ̃.nu/	[ko.ɾeˈɐ̃.nu] 韩语<名>
astuto	/asˈtu.tu/	/asˈtu.tu/	[asˈtu.tu] 狡猾的<形>
discretamente	/d͡ʒisˌkɾɛ.taˈmẽ.t͡ʃi/	/d͡ʒisˌkɾɛ.taˈmẽ.t͡ʃi/	[d͡ʒisˌkɾɛ.taˈmẽ.t͡ʃi] 谨慎地<副>
monumento	/mo.nuˈmẽ.tu/	/mo.nuˈmẽ.tu/	[mo.nuˈmẽ.tu] 纪念碑<名>
corretor	/ko.ʁeˈtoʁ/	/ko.ʁeˈtoʁ/	[ko.ʁeˈtoʁ] 经纪人<名>
pegada	/peˈɡa.dɐ/	/peˈɡa.dɐ/	[peˈɡa.dɐ] 足迹<名>
confrontar	/kõ.fɾõˈta(ʁ)/	/kõ.fɾõˈta(ʁ)/	[kõ.fɾõˈta(ʁ)] 面对<动>
trajectória	tɾa.ʒe.ˈtɔ.ɾi.ə	tɾa.ʒe.ˈtɔ.ɾi.ə	[tɾa.ʒe.ˈtɔ.ɾi.ə] 轨迹<名>
lisonjeado	/li.zõ.ʒeˈa.du/	/li.zõ.ʒeˈa.du/	[li.zõ.ʒeˈa.du] 受宠若惊<形>
desembuchar	/d͡ʒi.zĩ.buˈʃa(ʁ)/	/d͡ʒi.zĩ.buˈʃa(ʁ)/	[d͡ʒi.zĩ.buˈʃa(ʁ)] 泄漏<动>
considerável	/kõ.si.deˈɾa.vew/	/kõ.si.deˈɾa.vew/	[kõ.si.deˈɾa.vew] 相当大的<形>
enjoado	ẽ.ʒu.ˈa.dʊ	ẽ.ʒu.ˈa.dʊ	[ẽ.ʒu.ˈa.dʊ] 恶心的<形>
excursão	/is.kuʁˈsɐ̃w̃/	/is.kuʁˈsɐ̃w̃/	[is.kuʁˈsɐ̃w̃] 游览<名>
caloria	/ka.loˈɾi.ɐ/	/ka.loˈɾi.ɐ/	[ka.loˈɾi.ɐ] 卡路里<名>
flanco	/ˈflɐ̃.ku/	/ˈflɐ̃.ku/	[ˈflɐ̃.ku] 侧翼<名>
convulsão	/kõ.vuwˈsɐ̃w̃/	/kõ.vuwˈsɐ̃w̃/	[kõ.vuwˈsɐ̃w̃] 癫痫发作<名>
parafuso	/pa.ɾaˈfu.zu/	/pa.ɾaˈfu.zu/	[pa.ɾaˈfu.zu] 螺丝<名>
todavia	/ˌto.daˈvi.ɐ/	/ˌto.daˈvi.ɐ/	[ˌto.daˈvi.ɐ] 然而<副>
individual	/ĩ.d͡ʒi.vi.duˈaw/	/ĩ.d͡ʒi.vi.duˈaw/	[ĩ.d͡ʒi.vi.duˈaw] 个人的<形>
cafeína	/ka.feˈĩ.nɐ/	/ka.feˈĩ.nɐ/	[ka.feˈĩ.nɐ] 咖啡因<名>
carpete	/kaʁˈpɛ.t͡ʃi/	/kaʁˈpɛ.t͡ʃi/	[kaʁˈpɛ.t͡ʃi] 地毯<名>
náusea	/ˈnaw.zjɐ/	/ˈnaw.zjɐ/	[ˈnaw.zjɐ] 恶心<名>
manifesto	/ma.niˈfɛs.tu/	/ma.niˈfɛs.tu/	[ma.niˈfɛs.tu] 宣言<名>
elástico	/eˈlas.t͡ʃi.ku/	/eˈlas.t͡ʃi.ku/	[eˈlas.t͡ʃi.ku] 弹性的<名>
mercê	/meʁˈse/	/meʁˈse/	[meʁˈse] 怜悯<名>
teta	/ˈtɛ.tɐ/	/ˈtɛ.tɐ/	[ˈtɛ.tɐ] 山雀<名>
castro	/ˈkas.tɾu/	/ˈkas.tɾu/	[ˈkas.tɾu] 卡斯特罗<名>
surpreendentemente	/suʁ.pɾe.ẽˌdẽ.t͡ʃiˈmẽ.t͡ʃi/	/suʁ.pɾe.ẽˌdẽ.t͡ʃiˈmẽ.t͡ʃi/	[suʁ.pɾe.ẽˌdẽ.t͡ʃiˈmẽ.t͡ʃi] 令人惊讶地<副>
viatura	/vi.aˈtu.ɾɐ/	/vi.aˈtu.ɾɐ/	[vi.aˈtu.ɾɐ] 车辆<名>
fluido	/ˈfluj.du/	/ˈfluj.du/	[ˈfluj.du] 流体<名>
padaria	/pa.daˈɾi.ɐ/	/pa.daˈɾi.ɐ/	[pa.daˈɾi.ɐ] 面包店<名>
panfleto	/pɐ̃ˈfle.tu/	/pɐ̃ˈfle.tu/	[pɐ̃ˈfle.tu] 传单<名>
guarda-chuva	/ˈɡwaʁ.dɐ ˈʃu.vɐ/	/ˈɡwaʁ.dɐ ˈʃu.vɐ/	[ˈɡwaʁ.dɐ ˈʃu.vɐ] 雨伞<名>
charro	/ˈʃa.ʁu/	/ˈʃa.ʁu/	[ˈʃa.ʁu] 联合<名>
despejar	/des.peˈʒa(ʁ)/	/des.peˈʒa(ʁ)/	[des.peˈʒa(ʁ)] 转储<动>
karaté	/ka.ɾaˈtɛ/	/ka.ɾaˈtɛ/	[ka.ɾaˈtɛ] 空手道<名>
jornalismo	/ʒoʁ.naˈliz.mu/	/ʒoʁ.naˈliz.mu/	[ʒoʁ.naˈliz.mu] 新闻学<名>
sogro	/ˈso.ɡɾu/	/ˈso.ɡɾu/	[ˈso.ɡɾu] 岳父<名>
rejeição	/ʁe.ʒejˈsɐ̃w̃/	/ʁe.ʒejˈsɐ̃w̃/	[ʁe.ʒejˈsɐ̃w̃] 拒绝<名>
tender	/tẽˈde(ʁ)/	/tẽˈde(ʁ)/	[tẽˈde(ʁ)] 倾向于<动>
mineiro	/miˈne(j).ɾu/	/miˈne(j).ɾu/	[miˈne(j).ɾu] 矿工<名>
saborear	/sa.bo.ɾeˈa(ʁ)/	/sa.bo.ɾeˈa(ʁ)/	[sa.bo.ɾeˈa(ʁ)] 品味<动>
raciocínio	/ʁa.si.oˈsĩ.nju/	/ʁa.si.oˈsĩ.nju/	[ʁa.si.oˈsĩ.nju] 推理<名>
designado	/de.zi.ɡiˈna.du/	/de.zi.ɡiˈna.du/	[de.zi.ɡiˈna.du] 任命<形>
bastar	/basˈta(ʁ)/	/basˈta(ʁ)/	[basˈta(ʁ)] 够了<动>
ocultar	/o.kuwˈta(ʁ)/	/o.kuwˈta(ʁ)/	[o.kuwˈta(ʁ)] 隐藏<动>
ostra	/ˈos.tɾɐ/	/ˈos.tɾɐ/	[ˈos.tɾɐ] 牡蛎<名>
convencional	/kõ.vẽ.si.oˈnaw/	/kõ.vẽ.si.oˈnaw/	[kõ.vẽ.si.oˈnaw] 常规的<形>
cabedal	/ka.beˈdaw/	/ka.beˈdaw/	[ka.beˈdaw] 皮革<名>
auto-estima			自尊<名>
creche	/ˈkɾɛ.ʃi/	/ˈkɾɛ.ʃi/	[ˈkɾɛ.ʃi] 日托<名>
fornecimento	/foʁ.ne.siˈmẽ.tu/	/foʁ.ne.siˈmẽ.tu/	[foʁ.ne.siˈmẽ.tu] 供应<名>
ganancioso	/ɡa.nɐ̃.siˈo.zu/	/ɡa.nɐ̃.siˈo.zu/	[ɡa.nɐ̃.siˈo.zu] 贪婪的<形>
agitar	/a.ʒiˈta(ʁ)/	/a.ʒiˈta(ʁ)/	[a.ʒiˈta(ʁ)] 摇动<动>
decomposição	/de.kõ.po.ziˈsɐ̃w̃/	/de.kõ.po.ziˈsɐ̃w̃/	[de.kõ.po.ziˈsɐ̃w̃] 分解<名>
mastigar	/mas.t͡ʃiˈɡa(ʁ)/	/mas.t͡ʃiˈɡa(ʁ)/	[mas.t͡ʃiˈɡa(ʁ)] 咀嚼<动>
dinastia	/d͡ʒi.nasˈt͡ʃi.ɐ/	/d͡ʒi.nasˈt͡ʃi.ɐ/	[d͡ʒi.nasˈt͡ʃi.ɐ] 王朝<名>
reformar	/ʁe.foʁˈma(ʁ)/	/ʁe.foʁˈma(ʁ)/	[ʁe.foʁˈma(ʁ)] 改革<动>
paralelo	/pa.ɾaˈlɛ.lu/	/pa.ɾaˈlɛ.lu/	[pa.ɾaˈlɛ.lu] 平行<名>
brando	/ˈbɾɐ̃.du/	/ˈbɾɐ̃.du/	[ˈbɾɐ̃.du] 乏味的<形>
gênio	/ˈʒẽ.nju/	/ˈʒẽ.nju/	[ˈʒẽ.nju] 天才<名>
baú	/baˈu/	/baˈu/	[baˈu] 胸部<名>
nevar	/neˈva(ʁ)/	/neˈva(ʁ)/	[neˈva(ʁ)] 雪<动>
alcateia	/aw.kaˈtɛj.ɐ/	/aw.kaˈtɛj.ɐ/	[aw.kaˈtɛj.ɐ] 包<名>
amanhar	/a.mɐ̃ˈɲa(ʁ)/	/a.mɐ̃ˈɲa(ʁ)/	[a.mɐ̃ˈɲa(ʁ)] 明天<动>
pureza	/puˈɾe.zɐ/	/puˈɾe.zɐ/	[puˈɾe.zɐ] 纯度<名>
município	/mu.niˈsi.pju/	/mu.niˈsi.pju/	[mu.niˈsi.pju] 市政府<名>
derramar	/de.ʁaˈma(ʁ)/	/de.ʁaˈma(ʁ)/	[de.ʁaˈma(ʁ)] 泄漏<动>
seita	/ˈsej.tɐ/	/ˈsej.tɐ/	[ˈsej.tɐ] 教派<名>
peluche	/peˈlu.ʃi/	/peˈlu.ʃi/	[peˈlu.ʃi] 泰迪熊<名>
mosquito	/mosˈki.tu/	/mosˈki.tu/	[mosˈki.tu] 蚊子<名>
escultura	/is.kuwˈtu.ɾɐ/	/is.kuwˈtu.ɾɐ/	[is.kuwˈtu.ɾɐ] 雕塑<名>
divorciar	/d͡ʒi.voʁ.siˈa(ʁ)/	/d͡ʒi.voʁ.siˈa(ʁ)/	[d͡ʒi.voʁ.siˈa(ʁ)] 离婚<动>
ca	ka	ka	[ka] 加州<名>
soutien	/su.t͡ʃiˈẽj̃/	/su.t͡ʃiˈẽj̃/	[su.t͡ʃiˈẽj̃] 胸罩<名>
espectador	/is.pek.taˈdoʁ/	/is.pek.taˈdoʁ/	[is.pek.taˈdoʁ] 旁观者<名>
louça	/ˈlo(w).sɐ/	/ˈlo(w).sɐ/	[ˈlo(w).sɐ] 陶器<名>
cometeram	ko.me.ˈte.ɾãʊ̃	ko.me.ˈte.ɾãʊ̃	[ko.me.ˈte.ɾãʊ̃] 致力于<动>
bateram	ba.ˈte.ɾãʊ̃	ba.ˈte.ɾãʊ̃	[ba.ˈte.ɾãʊ̃] 敲了<动>
estagiário	/is.ta.ʒiˈa.ɾju/	/is.ta.ʒiˈa.ɾju/	[is.ta.ʒiˈa.ɾju] 实习生<名>
polaco	/poˈla.ku/	/poˈla.ku/	[poˈla.ku] 波兰语<名>
arrombamento	/a.ʁõ.baˈmẽ.tu/	/a.ʁõ.baˈmẽ.tu/	[a.ʁõ.baˈmẽ.tu] 闯入<名>
diálogo	/d͡ʒiˈa.lo.ɡu/	/d͡ʒiˈa.lo.ɡu/	[d͡ʒiˈa.lo.ɡu] 对话<名>
batimento	/ba.t͡ʃiˈmẽ.tu/	/ba.t͡ʃiˈmẽ.tu/	[ba.t͡ʃiˈmẽ.tu] 击败<名>
viking	/ˈvi.kĩ/	/ˈvi.kĩ/	[ˈvi.kĩ] 维京人<名>
válido	/ˈva.li.du/	/ˈva.li.du/	[ˈva.li.du] 有效<形>
dezassete	/dɨ.zɐˈsɛ.tɨ/	/dɨ.zɐˈsɛ.tɨ/	[dɨ.zɐˈsɛ.tɨ] 十七<名>
tutor	/tuˈtoʁ/	/tuˈtoʁ/	[tuˈtoʁ] 导师<名>
paneleiro	/pa.neˈle(j).ɾu/	/pa.neˈle(j).ɾu/	[pa.neˈle(j).ɾu] 基佬<名>
sussurrar	/su.suˈʁa(ʁ)/	/su.suˈʁa(ʁ)/	[su.suˈʁa(ʁ)] 耳语<动>
compensação	/kõ.pẽ.saˈsɐ̃w̃/	/kõ.pẽ.saˈsɐ̃w̃/	[kõ.pẽ.saˈsɐ̃w̃] 补偿<名>
substituição	/su.bis.t͡ʃi.tu.iˈsɐ̃w̃/	/su.bis.t͡ʃi.tu.iˈsɐ̃w̃/	[su.bis.t͡ʃi.tu.iˈsɐ̃w̃] 更换<名>
pular	/puˈla(ʁ)/	/puˈla(ʁ)/	[puˈla(ʁ)] 跳跃<动>
medricas	/meˈdɾi.kɐs/	/meˈdɾi.kɐs/	[meˈdɾi.kɐs] 梅德里卡斯<名>
pêssego	/ˈpe.se.ɡu/	/ˈpe.se.ɡu/	[ˈpe.se.ɡu] 桃子<名>
proa	/ˈpɾo.ɐ/	/ˈpɾo.ɐ/	[ˈpɾo.ɐ] 弓<名>
invadiram	ĩ.va.ˈdʒi.ɾãʊ̃	ĩ.va.ˈdʒi.ɾãʊ̃	[ĩ.va.ˈdʒi.ɾãʊ̃] 入侵<动>
camarim	/ka.maˈɾĩ/	/ka.maˈɾĩ/	[ka.maˈɾĩ] 更衣室<名>
samaritano	/sa.ma.ɾiˈtɐ̃.nu/	/sa.ma.ɾiˈtɐ̃.nu/	[sa.ma.ɾiˈtɐ̃.nu] 撒玛利亚人<名>
teia	/ˈtej.ɐ/	/ˈtej.ɐ/	[ˈtej.ɐ] 网络<名>
dispensa	/d͡ʒisˈpẽ.sɐ/	/d͡ʒisˈpẽ.sɐ/	[d͡ʒisˈpẽ.sɐ] 解雇<名>
babar	/baˈba(ʁ)/	/baˈba(ʁ)/	[baˈba(ʁ)] 流口水<动>
mútuo	/ˈmu.t(w)u/	/ˈmu.t(w)u/	[ˈmu.t(w)u] 相互的<形>
cancela	/kɐ̃ˈsɛ.lɐ/	/kɐ̃ˈsɛ.lɐ/	[kɐ̃ˈsɛ.lɐ] 取消<名>
formado	/foʁˈma.du/	/foʁˈma.du/	[foʁˈma.du] 形成的<形>
oculto	/oˈkuw.tu/	/oˈkuw.tu/	[oˈkuw.tu] 隐藏的<形>
faísca	/faˈis.kɐ/	/faˈis.kɐ/	[faˈis.kɐ] 火花<名>
nomeação	/no.me.aˈsɐ̃w̃/	/no.me.aˈsɐ̃w̃/	[no.me.aˈsɐ̃w̃] 预约<名>
minúsculo	/miˈnus.ku.lu/	/miˈnus.ku.lu/	[miˈnus.ku.lu] 微小的<形>
embalar	/ẽ.baˈla(ʁ)/	/ẽ.baˈla(ʁ)/	[ẽ.baˈla(ʁ)] 包<动>
prime	/ˈpɾaj.mi/	/ˈpɾaj.mi/	[ˈpɾaj.mi] 素数<名>
imperatriz	/ĩ.pe.ɾaˈtɾis/	/ĩ.pe.ɾaˈtɾis/	[ĩ.pe.ɾaˈtɾis] 皇后<名>
acenar	/a.seˈna(ʁ)/	/a.seˈna(ʁ)/	[a.seˈna(ʁ)] 波<动>
vulcano	vuw.ˈkã.nʊ	vuw.ˈkã.nʊ	[vuw.ˈkã.nʊ] 火神<名>
feto	/ˈfɛ.tu/	/ˈfɛ.tu/	[ˈfɛ.tu] 胎儿<名>
cabeleireiro	/ka.be.le(j)ˈɾe(j).ɾu/	/ka.be.le(j)ˈɾe(j).ɾu/	[ka.be.le(j)ˈɾe(j).ɾu] 理发师<名>
pousada	/po(w)ˈza.dɐ/	/po(w)ˈza.dɐ/	[po(w)ˈza.dɐ] 宾馆<名>
sentiram	sẽ.ˈtʃi.ɾãʊ̃	sẽ.ˈtʃi.ɾãʊ̃	[sẽ.ˈtʃi.ɾãʊ̃] 毛毡<动>
suspiro	/susˈpi.ɾu/	/susˈpi.ɾu/	[susˈpi.ɾu] 叹息<名>
hectare	/ekˈta.ɾi/	/ekˈta.ɾi/	[ekˈta.ɾi] 公顷<名>
especulação	/is.pe.ku.laˈsɐ̃w̃/	/is.pe.ku.laˈsɐ̃w̃/	[is.pe.ku.laˈsɐ̃w̃] 猜测<名>
ré	/ˈʁɛ/	/ˈʁɛ/	[ˈʁɛ] 反向<名>
estreito	/isˈtɾej.tu/	/isˈtɾej.tu/	[isˈtɾej.tu] 狭窄<名>
hino	/ˈĩ.nu/	/ˈĩ.nu/	[ˈĩ.nu] 赞美诗<名>
dígito	/ˈd͡ʒi.ʒi.tu/	/ˈd͡ʒi.ʒi.tu/	[ˈd͡ʒi.ʒi.tu] 数字<名>
greta	/ˈɡɾe.tɐ/	/ˈɡɾe.tɐ/	[ˈɡɾe.tɐ] 裂纹<名>
estabilizar	/is.ta.bi.liˈza(ʁ)/	/is.ta.bi.liˈza(ʁ)/	[is.ta.bi.liˈza(ʁ)] 稳定<动>
introdução	/ĩ.tɾo.duˈsɐ̃w̃/	/ĩ.tɾo.duˈsɐ̃w̃/	[ĩ.tɾo.duˈsɐ̃w̃] 介绍<名>
refeitório	/ʁe.fejˈtɔ.ɾju/	/ʁe.fejˈtɔ.ɾju/	[ʁe.fejˈtɔ.ɾju] 自助餐厅<名>
multibanco	/ˌmuw.t͡ʃiˈbɐ̃.ku/	/ˌmuw.t͡ʃiˈbɐ̃.ku/	[ˌmuw.t͡ʃiˈbɐ̃.ku] 自动提款机<名>
carniceiro	/kaʁ.niˈse(j).ɾu/	/kaʁ.niˈse(j).ɾu/	[kaʁ.niˈse(j).ɾu] 屠夫<名>
desenvolvido	/de.zẽ.vowˈvi.du/	/de.zẽ.vowˈvi.du/	[de.zẽ.vowˈvi.du] 发达的<形>
sabotar	/sa.boˈta(ʁ)/	/sa.boˈta(ʁ)/	[sa.boˈta(ʁ)] 破坏<动>
net	/ˈnɛ.t͡ʃi/	/ˈnɛ.t͡ʃi/	[ˈnɛ.t͡ʃi] 网<名>
grosseiro	/ɡɾoˈse(j).ɾu/	/ɡɾoˈse(j).ɾu/	[ɡɾoˈse(j).ɾu] 粗鲁的<形>
efectuar	e.fe.tu.ˈax	e.fe.tu.ˈax	[e.fe.tu.ˈax] 执行<动>
empate	/ẽˈpa.t͡ʃi/	/ẽˈpa.t͡ʃi/	[ẽˈpa.t͡ʃi] 画<名>
fosso	/ˈfo.su/	/ˈfo.su/	[ˈfo.su] 护城河<名>
geneticamente	/ʒeˌnɛ.t͡ʃi.kaˈmẽ.t͡ʃi/	/ʒeˌnɛ.t͡ʃi.kaˈmẽ.t͡ʃi/	[ʒeˌnɛ.t͡ʃi.kaˈmẽ.t͡ʃi] 遗传上<副>
sueco	/suˈɛ.ku/	/suˈɛ.ku/	[suˈɛ.ku] 瑞典语<名>
macio	/maˈsi.u/	/maˈsi.u/	[maˈsi.u] 软的<形>
aprendizagem	/a.pɾẽ.d͡ʒiˈza.ʒẽj̃/	/a.pɾẽ.d͡ʒiˈza.ʒẽj̃/	[a.pɾẽ.d͡ʒiˈza.ʒẽj̃] 学习<名>
suprimento	/su.pɾiˈmẽ.tu/	/su.pɾiˈmẽ.tu/	[su.pɾiˈmẽ.tu] 供应<名>
cruzes	/ˈkɾu.zis/	/ˈkɾu.zis/	[ˈkɾu.zis] 十字架<叹>
ânimo	/ˈɐ̃.ni.mu/	/ˈɐ̃.ni.mu/	[ˈɐ̃.ni.mu] 欢呼<名>
admirador	/a.d͡ʒi.mi.ɾaˈdoʁ/	/a.d͡ʒi.mi.ɾaˈdoʁ/	[a.d͡ʒi.mi.ɾaˈdoʁ] 仰慕者<名>
boi	/ˈboj/	/ˈboj/	[ˈboj] 牛<名>
milímetro	/miˈlĩ.me.tɾu/	/miˈlĩ.me.tɾu/	[miˈlĩ.me.tɾu] 毫米<名>
cautela	/kawˈtɛ.lɐ/	/kawˈtɛ.lɐ/	[kawˈtɛ.lɐ] 小心<名>
surgiram	suɣ.ˈʒi.ɾãʊ̃	suɣ.ˈʒi.ɾãʊ̃	[suɣ.ˈʒi.ɾãʊ̃] 出现了<动>
blog	/ˈblɔ.ɡi/	/ˈblɔ.ɡi/	[ˈblɔ.ɡi] 博客<名>
dador	/daˈdoʁ/	/daˈdoʁ/	[daˈdoʁ] 捐助者<名>
erguer	/eʁˈɡe(ʁ)/	/eʁˈɡe(ʁ)/	[eʁˈɡe(ʁ)] 提高<动>
manipulação	/ma.ni.pu.laˈsɐ̃w̃/	/ma.ni.pu.laˈsɐ̃w̃/	[ma.ni.pu.laˈsɐ̃w̃] 操纵<名>
convicção	/kõ.vikˈsɐ̃w̃/	/kõ.vikˈsɐ̃w̃/	[kõ.vikˈsɐ̃w̃] 信念<名>
guardanapo	/ɡwaʁ.daˈna.pu/	/ɡwaʁ.daˈna.pu/	[ɡwaʁ.daˈna.pu] 餐巾纸<名>
entreter	/ˌẽ.tɾiˈte(ʁ)/	/ˌẽ.tɾiˈte(ʁ)/	[ˌẽ.tɾiˈte(ʁ)] 娱乐<动>
voluntariamente	/vo.lũˌta.ɾjaˈmẽ.t͡ʃi/	/vo.lũˌta.ɾjaˈmẽ.t͡ʃi/	[vo.lũˌta.ɾjaˈmẽ.t͡ʃi] 自愿地<副>
abdominal	/a.bi.do.miˈnaw/	/a.bi.do.miˈnaw/	[a.bi.do.miˈnaw] 腹部<名>
melhoras	/meˈʎɔ.ɾɐs/	/meˈʎɔ.ɾɐs/	[meˈʎɔ.ɾɐs] 好起来<叹>
bondoso	/bõˈdo.zu/	/bõˈdo.zu/	[bõˈdo.zu] 善良<形>
distinção	/d͡ʒis.t͡ʃĩˈsɐ̃w̃/	/d͡ʒis.t͡ʃĩˈsɐ̃w̃/	[d͡ʒis.t͡ʃĩˈsɐ̃w̃] 区别<名>
migalha	/miˈɡa.ʎɐ/	/miˈɡa.ʎɐ/	[miˈɡa.ʎɐ] 面包屑<名>
galar	/ɡaˈla(ʁ)/	/ɡaˈla(ʁ)/	[ɡaˈla(ʁ)] 伽勒尔<动>
refazer	/ʁe.faˈze(ʁ)/	/ʁe.faˈze(ʁ)/	[ʁe.faˈze(ʁ)] 翻拍<动>
concelho	/kõˈse.ʎu/	/kõˈse.ʎu/	[kõˈse.ʎu] 县<名>
esquiar	/is.kiˈa(ʁ)/	/is.kiˈa(ʁ)/	[is.kiˈa(ʁ)] 滑雪<动>
frita	/ˈfɾi.tɐ/	/ˈfɾi.tɐ/	[ˈfɾi.tɐ] 油炸的<名>
significativo	/si.ɡi.ni.fi.kaˈt͡ʃi.vu/	/si.ɡi.ni.fi.kaˈt͡ʃi.vu/	[si.ɡi.ni.fi.kaˈt͡ʃi.vu] 重要的<形>
auxílio	/awˈsi.lju/	/awˈsi.lju/	[awˈsi.lju] 援助<名>
proceder	/pɾo.seˈde(ʁ)/	/pɾo.seˈde(ʁ)/	[pɾo.seˈde(ʁ)] 继续<动>
sigilo	/siˈʒi.lu/	/siˈʒi.lu/	[siˈʒi.lu] 保密<名>
safa	/ˈsa.fɐ/	/ˈsa.fɐ/	[ˈsa.fɐ] 顽皮的<名>
duração	/du.ɾaˈsɐ̃w̃/	/du.ɾaˈsɐ̃w̃/	[du.ɾaˈsɐ̃w̃] 持续时间<名>
apólice	/aˈpɔ.li.si/	/aˈpɔ.li.si/	[aˈpɔ.li.si] 政策<名>
quinhentos	/kĩˈɲẽ.tus/	/kĩˈɲẽ.tus/	[kĩˈɲẽ.tus] 五百<名>
bombista	/bõˈbis.tɐ/	/bõˈbis.tɐ/	[bõˈbis.tɐ] 轰炸机<名>
vaidade	/vajˈda.d͡ʒi/	/vajˈda.d͡ʒi/	[vajˈda.d͡ʒi] 虚荣心<名>
caviar	/ka.viˈaʁ/	/ka.viˈaʁ/	[ka.viˈaʁ] 鱼子酱<名>
frustração	/fɾus.tɾaˈsɐ̃w̃/	/fɾus.tɾaˈsɐ̃w̃/	[fɾus.tɾaˈsɐ̃w̃] 挫败感<名>
muscular	/mus.kuˈlaʁ/	/mus.kuˈlaʁ/	[mus.kuˈlaʁ] 肌肉发达的<形>
matador	/ma.taˈdoʁ/	/ma.taˈdoʁ/	[ma.taˈdoʁ] 杀手<名>
denúncia	/deˈnũ.sjɐ/	/deˈnũ.sjɐ/	[deˈnũ.sjɐ] 投诉<名>
delito	/deˈli.tu/	/deˈli.tu/	[deˈli.tu] 冒犯<名>
selar	/seˈla(ʁ)/	/seˈla(ʁ)/	[seˈla(ʁ)] 密封件<动>
ligadura	/li.ɡaˈdu.ɾɐ/	/li.ɡaˈdu.ɾɐ/	[li.ɡaˈdu.ɾɐ] 结字<名>
entidade	/ẽ.t͡ʃiˈda.d͡ʒi/	/ẽ.t͡ʃiˈda.d͡ʒi/	[ẽ.t͡ʃiˈda.d͡ʒi] 实体<名>
guiada	/ɡiˈa.dɐ/	/ɡiˈa.dɐ/	[ɡiˈa.dɐ] 引导的<名>
guisado	/ɡiˈza.du/	/ɡiˈza.du/	[ɡiˈza.du] 炖菜<名>
gesso	/ˈʒe.su/	/ˈʒe.su/	[ˈʒe.su] 石膏<名>
sódio	/ˈsɔ.d͡ʒju/	/ˈsɔ.d͡ʒju/	[ˈsɔ.d͡ʒju] 钠<名>
regulamento	/ʁe.ɡu.laˈmẽ.tu/	/ʁe.ɡu.laˈmẽ.tu/	[ʁe.ɡu.laˈmẽ.tu] 监管<名>
electrónico			电子的<形>
papar	/paˈpa(ʁ)/	/paˈpa(ʁ)/	[paˈpa(ʁ)] 帕帕尔<动>
moinho	/moˈĩ.ɲu/	/moˈĩ.ɲu/	[moˈĩ.ɲu] 磨坊<名>
coruja	/kuˈɾu.ʒɐ/	/kuˈɾu.ʒɐ/	[kuˈɾu.ʒɐ] 猫头鹰<名>
costura	/kusˈtu.ɾɐ/	/kusˈtu.ɾɐ/	[kusˈtu.ɾɐ] 缝纫<名>
bochecha	/buˈʃe.ʃɐ/	/buˈʃe.ʃɐ/	[buˈʃe.ʃɐ] 脸颊<名>
selado	/seˈla.du/	/seˈla.du/	[seˈla.du] 密封的<形>
pente	/ˈpẽ.t͡ʃi/	/ˈpẽ.t͡ʃi/	[ˈpẽ.t͡ʃi] 梳子<名>
ídolo	/ˈi.do.lu/	/ˈi.do.lu/	[ˈi.do.lu] 偶像<名>
imóvel	/iˈmɔ.vew/	/iˈmɔ.vew/	[iˈmɔ.vew] 财产<名>
toa	/ˈto.ɐ/	/ˈto.ɐ/	[ˈto.ɐ] 什么都没有<名>
viável	/viˈa.vew/	/viˈa.vew/	[viˈa.vew] 可行的<形>
vigor	/viˈɡoʁ/	/viˈɡoʁ/	[viˈɡoʁ] 活力<名>
celestial	/se.les.t͡ʃiˈaw/	/se.les.t͡ʃiˈaw/	[se.les.t͡ʃiˈaw] 天堂般的<形>
imune	/iˈmũ.ni/	/iˈmũ.ni/	[iˈmũ.ni] 免疫<形>
nódoa	/ˈnɔ.dwɐ/	/ˈnɔ.dwɐ/	[ˈnɔ.dwɐ] 污点<名>
pulmonar	/puw.moˈnaʁ/	/puw.moˈnaʁ/	[puw.moˈnaʁ] 肺部的<形>
barbear	/baʁ.beˈa(ʁ)/	/baʁ.beˈa(ʁ)/	[baʁ.beˈa(ʁ)] 刮胡子<动>
espiral	/is.piˈɾaw/	/is.piˈɾaw/	[is.piˈɾaw] 螺旋<名>
rusga	/ˈʁuz.ɡɐ/	/ˈʁuz.ɡɐ/	[ˈʁuz.ɡɐ] 突袭<名>
argumentar	/aʁ.ɡu.mẽˈta(ʁ)/	/aʁ.ɡu.mẽˈta(ʁ)/	[aʁ.ɡu.mẽˈta(ʁ)] 争论<动>
sexualidade	/sek.su.a.liˈda.d͡ʒi/	/sek.su.a.liˈda.d͡ʒi/	[sek.su.a.liˈda.d͡ʒi] 性欲<名>
encerramento	/ẽ.se.ʁaˈmẽ.tu/	/ẽ.se.ʁaˈmẽ.tu/	[ẽ.se.ʁaˈmẽ.tu] 关闭<名>
instantaneamente	/ĩs.tɐ̃ˌtɐ̃.njaˈmẽ.t͡ʃi/	/ĩs.tɐ̃ˌtɐ̃.njaˈmẽ.t͡ʃi/	[ĩs.tɐ̃ˌtɐ̃.njaˈmẽ.t͡ʃi] 立即<副>
ultrapassado	/ˌuw.tɾa.paˈsa.du/	/ˌuw.tɾa.paˈsa.du/	[ˌuw.tɾa.paˈsa.du] 过时的<形>
carneiro	/kaʁˈne(j).ɾu/	/kaʁˈne(j).ɾu/	[kaʁˈne(j).ɾu] 公羊<名>
peculiar	/pe.ku.liˈaʁ/	/pe.ku.liˈaʁ/	[pe.ku.liˈaʁ] 奇特的<形>
luxúria	/luˈʃu.ɾjɐ/	/luˈʃu.ɾjɐ/	[luˈʃu.ɾjɐ] 欲望<名>
dental	/dẽˈtaw/	/dẽˈtaw/	[dẽˈtaw] 牙科<名>
moreno	/moˈɾẽ.nu/	/moˈɾẽ.nu/	[moˈɾẽ.nu] 黑发<形>
czar	/kiˈzaʁ/	/kiˈzaʁ/	[kiˈzaʁ] 沙皇<名>
eficiência	/e.fi.siˈẽ.sjɐ/	/e.fi.siˈẽ.sjɐ/	[e.fi.siˈẽ.sjɐ] 效率<名>
roto	/ˈʁo.tu/	/ˈʁo.tu/	[ˈʁo.tu] 坏了<名>
meditação	/me.d͡ʒi.taˈsɐ̃w̃/	/me.d͡ʒi.taˈsɐ̃w̃/	[me.d͡ʒi.taˈsɐ̃w̃] 冥想<名>
relvado	/ʁewˈva.du/	/ʁewˈva.du/	[ʁewˈva.du] 草坪<名>
varrer	/vaˈʁe(ʁ)/	/vaˈʁe(ʁ)/	[vaˈʁe(ʁ)] 扫<动>
largura	/laʁˈɡu.ɾɐ/	/laʁˈɡu.ɾɐ/	[laʁˈɡu.ɾɐ] 宽度<名>
bombardeamento	/bõ.baʁ.de.aˈmẽ.tu/	/bõ.baʁ.de.aˈmẽ.tu/	[bõ.baʁ.de.aˈmẽ.tu] 轰炸<名>
atuar	/a.tuˈa(ʁ)/	/a.tuˈa(ʁ)/	[a.tuˈa(ʁ)] 行动<动>
porte	/ˈpɔʁ.t͡ʃi/	/ˈpɔʁ.t͡ʃi/	[ˈpɔʁ.t͡ʃi] 尺寸<名>
bombordo	/bõˈbɔʁ.du/	/bõˈbɔʁ.du/	[bõˈbɔʁ.du] 港口<名>
recarregar	/ʁe.ka.ʁeˈɡa(ʁ)/	/ʁe.ka.ʁeˈɡa(ʁ)/	[ʁe.ka.ʁeˈɡa(ʁ)] 充值<动>
inchaço	/ĩˈʃa.su/	/ĩˈʃa.su/	[ĩˈʃa.su] 肿胀<名>
trincheira	/tɾĩˈʃe(j).ɾɐ/	/tɾĩˈʃe(j).ɾɐ/	[tɾĩˈʃe(j).ɾɐ] 战壕<名>
hippie	/ˈʁi.pi/	/ˈʁi.pi/	[ˈʁi.pi] 嬉皮士<名>
inventaram	ĩ.vẽ.ˈta.ɾãʊ̃	ĩ.vẽ.ˈta.ɾãʊ̃	[ĩ.vẽ.ˈta.ɾãʊ̃] 发明了<动>
raul			劳尔<名>
conhaque	/kõˈɲa.ki/	/kõˈɲa.ki/	[kõˈɲa.ki] 干邑白兰地<名>
maxilar	/ma.ki.ziˈlaʁ/	/ma.ki.ziˈlaʁ/	[ma.ki.ziˈlaʁ] 下巴<名>
barro	/ˈba.ʁu/	/ˈba.ʁu/	[ˈba.ʁu] 粘土<名>
diarreia	/d͡ʒi.aˈʁɛj.ɐ/	/d͡ʒi.aˈʁɛj.ɐ/	[d͡ʒi.aˈʁɛj.ɐ] 腹泻<名>
holograma	/ɔ.lɔˈɡɾɐ.mɐ/	/ɔ.lɔˈɡɾɐ.mɐ/	[ɔ.lɔˈɡɾɐ.mɐ] 全息图<名>
desactivar	de.za.tʃi.ˈvax	de.za.tʃi.ˈvax	[de.za.tʃi.ˈvax] 禁用<动>
exílio	/eˈzi.lju/	/eˈzi.lju/	[eˈzi.lju] 流放<名>
alga	/ˈaw.ɡɐ/	/ˈaw.ɡɐ/	[ˈaw.ɡɐ] 海藻<名>
ruivo	/ˈʁuj.vu/	/ˈʁuj.vu/	[ˈʁuj.vu] 红发女郎<名>
atrevido	/a.tɾeˈvi.du/	/a.tɾeˈvi.du/	[a.tɾeˈvi.du] 厚脸皮的<形>
egípcio	/eˈʒip.sju/	/eˈʒip.sju/	[eˈʒip.sju] 埃及人<名>
ardente	/aʁˈdẽ.t͡ʃi/	/aʁˈdẽ.t͡ʃi/	[aʁˈdẽ.t͡ʃi] 燃烧<形>
familiarizar	/fa.mi.li.a.ɾiˈza(ʁ)/	/fa.mi.li.a.ɾiˈza(ʁ)/	[fa.mi.li.a.ɾiˈza(ʁ)] 熟悉<动>
banido	/baˈni.du/	/baˈni.du/	[baˈni.du] 禁止<形>
soletrar	/so.leˈtɾa(ʁ)/	/so.leˈtɾa(ʁ)/	[so.leˈtɾa(ʁ)] 咒语<动>
delirar	/de.liˈɾa(ʁ)/	/de.liˈɾa(ʁ)/	[de.liˈɾa(ʁ)] 狂欢<动>
villa			别墅<名>
incompetente	/ĩ.kõ.peˈtẽ.t͡ʃi/	/ĩ.kõ.peˈtẽ.t͡ʃi/	[ĩ.kõ.peˈtẽ.t͡ʃi] 无能的<名>
taberna	/taˈbɛʁ.nɐ/	/taˈbɛʁ.nɐ/	[taˈbɛʁ.nɐ] 酒馆<名>
animação	/a.ni.maˈsɐ̃w̃/	/a.ni.maˈsɐ̃w̃/	[a.ni.maˈsɐ̃w̃] 动画<名>
oráculo	/oˈɾa.ku.lu/	/oˈɾa.ku.lu/	[oˈɾa.ku.lu] 甲骨文<名>
controlador	/kõ.tɾo.laˈdoʁ/	/kõ.tɾo.laˈdoʁ/	[kõ.tɾo.laˈdoʁ] 控制器<名>
caloiro	/kaˈloj.ɾu/	/kaˈloj.ɾu/	[kaˈloj.ɾu] 新生<名>
prêmio	/ˈpɾẽ.mju/	/ˈpɾẽ.mju/	[ˈpɾẽ.mju] 奖品<名>
preocupante	/pɾe.o.kuˈpɐ̃.t͡ʃi/	/pɾe.o.kuˈpɐ̃.t͡ʃi/	[pɾe.o.kuˈpɐ̃.t͡ʃi] 令人担忧<形>
proximidade	/pɾo.si.miˈda.d͡ʒi/	/pɾo.si.miˈda.d͡ʒi/	[pɾo.si.miˈda.d͡ʒi] 邻近性<名>
joia	/ˈʒɔj.ɐ/	/ˈʒɔj.ɐ/	[ˈʒɔj.ɐ] 珠宝<名>
exorcismo	/e.zoʁˈsiz.mu/	/e.zoʁˈsiz.mu/	[e.zoʁˈsiz.mu] 驱魔<名>
escravatura	/is.kɾa.vaˈtu.ɾɐ/	/is.kɾa.vaˈtu.ɾɐ/	[is.kɾa.vaˈtu.ɾɐ] 奴隶制<名>
recluso	/ʁeˈklu.zu/	/ʁeˈklu.zu/	[ʁeˈklu.zu] 犯人<名>
borracho	/boˈʁa.ʃu/	/boˈʁa.ʃu/	[boˈʁa.ʃu] 宝贝<名>
invasor	/ĩ.vaˈzoʁ/	/ĩ.vaˈzoʁ/	[ĩ.vaˈzoʁ] 入侵者<名>
credenciar	/kɾe.dẽ.siˈa(ʁ)/	/kɾe.dẽ.siˈa(ʁ)/	[kɾe.dẽ.siˈa(ʁ)] 认可<动>
desrespeito	/dez.ʁesˈpej.tu/	/dez.ʁesˈpej.tu/	[dez.ʁesˈpej.tu] 不尊重<名>
horrores	o.ˈxo.ɾɪs	o.ˈxo.ɾɪs	[o.ˈxo.ɾɪs] 恐怖<副>
ajuste	/aˈʒus.t͡ʃi/	/aˈʒus.t͡ʃi/	[aˈʒus.t͡ʃi] 调整<名>
formato	/foʁˈma.tu/	/foʁˈma.tu/	[foʁˈma.tu] 格式<名>
supervisionar	su.peɣ.vi.zi.o.ˈnax	su.peɣ.vi.zi.o.ˈnax	[su.peɣ.vi.zi.o.ˈnax] 监督<动>
pendente	/pẽˈdẽ.t͡ʃi/	/pẽˈdẽ.t͡ʃi/	[pẽˈdẽ.t͡ʃi] 待定<名>
educar	/e.duˈka(ʁ)/	/e.duˈka(ʁ)/	[e.duˈka(ʁ)] 教育<动>
reflectir	xe.fle.ˈtʃix	xe.fle.ˈtʃix	[xe.fle.ˈtʃix] 反映<动>
bexiga	/biˈʃi.ɡɐ/	/biˈʃi.ɡɐ/	[biˈʃi.ɡɐ] 膀胱<名>
cinturão	/sĩ.tuˈɾɐ̃w̃/	/sĩ.tuˈɾɐ̃w̃/	[sĩ.tuˈɾɐ̃w̃] 腰带<名>
originalmente	/o.ɾi.ʒiˌnawˈmẽ.t͡ʃi/	/o.ɾi.ʒiˌnawˈmẽ.t͡ʃi/	[o.ɾi.ʒiˌnawˈmẽ.t͡ʃi] 本来<副>
patim	/paˈt͡ʃĩ/	/paˈt͡ʃĩ/	[paˈt͡ʃĩ] 滑冰<名>
tour	/ˈtuʁ/	/ˈtuʁ/	[ˈtuʁ] 游览<名>
lda.			lda。<名>
lingerie	/lɐ̃.ʒeˈʁi/	/lɐ̃.ʒeˈʁi/	[lɐ̃.ʒeˈʁi] 内衣<名>
baço	/ˈba.su/	/ˈba.su/	[ˈba.su] 脾脏<名>
concebido	/kõ.seˈbi.du/	/kõ.seˈbi.du/	[kõ.seˈbi.du] 受孕<形>
higiene	/i.ʒiˈẽ.ni/	/i.ʒiˈẽ.ni/	[i.ʒiˈẽ.ni] 卫生<名>
humilhar	/u.miˈʎa(ʁ)/	/u.miˈʎa(ʁ)/	[u.miˈʎa(ʁ)] 羞辱<动>
angústia	/ɐ̃ˈɡus.t͡ʃjɐ/	/ɐ̃ˈɡus.t͡ʃjɐ/	[ɐ̃ˈɡus.t͡ʃjɐ] 痛苦<名>
minhoca	/mĩˈɲɔ.kɐ/	/mĩˈɲɔ.kɐ/	[mĩˈɲɔ.kɐ] 蚯蚓<名>
reich	/ˈʁaj.ʃi/	/ˈʁaj.ʃi/	[ˈʁaj.ʃi] 帝国<名>
punhado	/pũˈɲa.du/	/pũˈɲa.du/	[pũˈɲa.du] 少数<名>
conceder	/kõ.seˈde(ʁ)/	/kõ.seˈde(ʁ)/	[kõ.seˈde(ʁ)] 授予<动>
rebuçado	/ʁe.buˈsa.du/	/ʁe.buˈsa.du/	[ʁe.buˈsa.du] 糖果<名>
subsolo	/ˌsubˈsɔ.lu/	/ˌsubˈsɔ.lu/	[ˌsubˈsɔ.lu] 地下<名>
farmacêutico	/faʁ.maˈsew.t͡ʃi.ku/	/faʁ.maˈsew.t͡ʃi.ku/	[faʁ.maˈsew.t͡ʃi.ku] 药剂师<名>
bom-dia	/ˌbõˈd͡ʒi.ɐ/	/ˌbõˈd͡ʒi.ɐ/	[ˌbõˈd͡ʒi.ɐ] 早上好<名>
júlio	/ˈʒu.lju/	/ˈʒu.lju/	[ˈʒu.lju] 胡里奥<名>
agua	ˈa.gwə	ˈa.gwə	[ˈa.gwə] 水<名>
sorvete	/soʁˈve.t͡ʃi/	/soʁˈve.t͡ʃi/	[soʁˈve.t͡ʃi] 冰淇淋<名>
hematoma	/e.maˈtõ.mɐ/	/e.maˈtõ.mɐ/	[e.maˈtõ.mɐ] 瘀伤<名>
aceitaram	a.sey.ˈta.ɾãʊ̃	a.sey.ˈta.ɾãʊ̃	[a.sey.ˈta.ɾãʊ̃] 已接受<动>
diária	/d͡ʒiˈa.ɾjɐ/	/d͡ʒiˈa.ɾjɐ/	[d͡ʒiˈa.ɾjɐ] 每日<名>
cosmos	/ˈkɔz.mus/	/ˈkɔz.mus/	[ˈkɔz.mus] 宇宙<名>
pergaminho	/peʁ.ɡaˈmĩ.ɲu/	/peʁ.ɡaˈmĩ.ɲu/	[peʁ.ɡaˈmĩ.ɲu] 羊皮纸<名>
cativeiro	/ka.t͡ʃiˈve(j).ɾu/	/ka.t͡ʃiˈve(j).ɾu/	[ka.t͡ʃiˈve(j).ɾu] 圈养<名>
estripador	/is.tɾi.paˈdoʁ/	/is.tɾi.paˈdoʁ/	[is.tɾi.paˈdoʁ] 开膛手<名>
micro	/ˈmi.kɾu/	/ˈmi.kɾu/	[ˈmi.kɾu] 微<名>
mara	/ˈma.ɾɐ/	/ˈma.ɾɐ/	[ˈma.ɾɐ] 马拉<名>
burocracia	/bu.ɾo.kɾaˈsi.ɐ/	/bu.ɾo.kɾaˈsi.ɐ/	[bu.ɾo.kɾaˈsi.ɐ] 官僚主义<名>
pára-brisas	ˈpa.ɾa.bɾi.zəs	ˈpa.ɾa.bɾi.zəs	[ˈpa.ɾa.bɾi.zəs] 挡风玻璃<名>
sangrento	/sɐ̃ˈɡɾẽ.tu/	/sɐ̃ˈɡɾẽ.tu/	[sɐ̃ˈɡɾẽ.tu] 血淋淋的<形>
vegetar	/ve.ʒeˈta(ʁ)/	/ve.ʒeˈta(ʁ)/	[ve.ʒeˈta(ʁ)] 植物人<动>
salsa	/ˈsaw.sɐ/	/ˈsaw.sɐ/	[ˈsaw.sɐ] 欧芹<名>
flauta	/ˈflaw.tɐ/	/ˈflaw.tɐ/	[ˈflaw.tɐ] 长笛<名>
repentino	/ʁe.pẽˈt͡ʃĩ.nu/	/ʁe.pẽˈt͡ʃĩ.nu/	[ʁe.pẽˈt͡ʃĩ.nu] 突然的<形>
átomo	/ˈa.to.mu/	/ˈa.to.mu/	[ˈa.to.mu] 原子<名>
acolá	/a.koˈla/	/a.koˈla/	[a.koˈla] 那里<副>
abutre	/aˈbu.tɾi/	/aˈbu.tɾi/	[aˈbu.tɾi] 秃鹫<名>
concordaram	kõ.koɣ.ˈda.ɾãʊ̃	kõ.koɣ.ˈda.ɾãʊ̃	[kõ.koɣ.ˈda.ɾãʊ̃] 同意<动>
admiração	/a.d͡ʒi.mi.ɾaˈsɐ̃w̃/	/a.d͡ʒi.mi.ɾaˈsɐ̃w̃/	[a.d͡ʒi.mi.ɾaˈsɐ̃w̃] 钦佩<名>
soberano	/so.beˈɾɐ̃.nu/	/so.beˈɾɐ̃.nu/	[so.beˈɾɐ̃.nu] 主权<名>
dossier			档案<名>
descuidado	/des.kujˈda.du/	/des.kujˈda.du/	[des.kujˈda.du] 粗心的<形>
câncer	/ˈkɐ̃.seʁ/	/ˈkɐ̃.seʁ/	[ˈkɐ̃.seʁ] 癌症<名>
ousado	/o(w)ˈza.du/	/o(w)ˈza.du/	[o(w)ˈza.du] 粗体<形>
primitivo	/pɾi.miˈt͡ʃi.vu/	/pɾi.miˈt͡ʃi.vu/	[pɾi.miˈt͡ʃi.vu] 原始的<名>
anal	/aˈnaw/	/aˈnaw/	[aˈnaw] 肛门<名>
rotação	/ʁo.taˈsɐ̃w̃/	/ʁo.taˈsɐ̃w̃/	[ʁo.taˈsɐ̃w̃] 旋转<名>
sarcasmo	/saʁˈkaz.mu/	/saʁˈkaz.mu/	[saʁˈkaz.mu] 讽刺<名>
decepção	/de.sepˈsɐ̃w̃/	/de.sepˈsɐ̃w̃/	[de.sepˈsɐ̃w̃] 失望<名>
arranque	/aˈʁɐ̃.ki/	/aˈʁɐ̃.ki/	[aˈʁɐ̃.ki] 开始<名>
severo	/seˈvɛ.ɾu/	/seˈvɛ.ɾu/	[seˈvɛ.ɾu] 严重的<形>
camarote	/ka.maˈɾɔ.t͡ʃi/	/ka.maˈɾɔ.t͡ʃi/	[ka.maˈɾɔ.t͡ʃi] 小屋<名>
apache	/aˈpa.ʃi/	/aˈpa.ʃi/	[aˈpa.ʃi] 阿帕奇<名>
diligência	/d͡ʒi.liˈʒẽ.sjɐ/	/d͡ʒi.liˈʒẽ.sjɐ/	[d͡ʒi.liˈʒẽ.sjɐ] 勤奋<名>
deputado	/de.puˈta.du/	/de.puˈta.du/	[de.puˈta.du] 副手<名>
abandono	/a.bɐ̃ˈdõ.nu/	/a.bɐ̃ˈdõ.nu/	[a.bɐ̃ˈdõ.nu] 遗弃<名>
aneurisma	/a.newˈɾiz.mɐ/	/a.newˈɾiz.mɐ/	[a.newˈɾiz.mɐ] 动脉瘤<名>
empatia	/ẽ.paˈt͡ʃi.ɐ/	/ẽ.paˈt͡ʃi.ɐ/	[ẽ.paˈt͡ʃi.ɐ] 同理心<名>
redondo	/ʁeˈdõ.du/	/ʁeˈdõ.du/	[ʁeˈdõ.du] 圆形<形>
incisão	/ĩ.siˈzɐ̃w̃/	/ĩ.siˈzɐ̃w̃/	[ĩ.siˈzɐ̃w̃] 切口<名>
carril	/kaˈʁiw/	/kaˈʁiw/	[kaˈʁiw] 铁路<名>
chegarão	ʃe.ga.ˈɾãʊ̃	ʃe.ga.ˈɾãʊ̃	[ʃe.ga.ˈɾãʊ̃] 将会到达<动>
vocação	/vo.kaˈsɐ̃w̃/	/vo.kaˈsɐ̃w̃/	[vo.kaˈsɐ̃w̃] 职业<名>
jarro	/ˈʒa.ʁu/	/ˈʒa.ʁu/	[ˈʒa.ʁu] 壶<名>
canalização	/ka.na.li.zaˈsɐ̃w̃/	/ka.na.li.zaˈsɐ̃w̃/	[ka.na.li.zaˈsɐ̃w̃] 管道<名>
promissor	/pɾo.miˈsoʁ/	/pɾo.miˈsoʁ/	[pɾo.miˈsoʁ] 有前途的<形>
caramelo	/ka.ɾaˈmɛ.lu/	/ka.ɾaˈmɛ.lu/	[ka.ɾaˈmɛ.lu] 焦糖<名>
pera	/ˈpe.ɾɐ/	/ˈpe.ɾɐ/	[ˈpe.ɾɐ] 梨<名>
matrimónio	/mɐ.tɾiˈmɔ.ni.u/	/mɐ.tɾiˈmɔ.ni.u/	[mɐ.tɾiˈmɔ.ni.u] 婚姻<名>
saca	/ˈsa.kɐ/	/ˈsa.kɐ/	[ˈsa.kɐ] 包<名>
imaginário	/i.ma.ʒiˈna.ɾju/	/i.ma.ʒiˈna.ɾju/	[i.ma.ʒiˈna.ɾju] 想象的<形>
empolgante	/ẽ.powˈɡɐ̃.t͡ʃi/	/ẽ.powˈɡɐ̃.t͡ʃi/	[ẽ.powˈɡɐ̃.t͡ʃi] 令人兴奋的<形>
receptor	/ʁe.se.piˈtoʁ/	/ʁe.se.piˈtoʁ/	[ʁe.se.piˈtoʁ] 接收器<名>
sossego	/suˈse.ɡu/	/suˈse.ɡu/	[suˈse.ɡu] 和平<名>
elétrico	/eˈlɛ.tɾi.ku/	/eˈlɛ.tɾi.ku/	[eˈlɛ.tɾi.ku] 电动的<名>
vil	/ˈviw/	/ˈviw/	[ˈviw] 卑鄙的<形>
hidrogénio	/i.dɾɔˈʒɛ.nju/	/i.dɾɔˈʒɛ.nju/	[i.dɾɔˈʒɛ.nju] 氢<名>
administrar	/a.d͡ʒi.mi.nisˈtɾa(ʁ)/	/a.d͡ʒi.mi.nisˈtɾa(ʁ)/	[a.d͡ʒi.mi.nisˈtɾa(ʁ)] 管理<动>
escorregar	/is.ko.ʁeˈɡa(ʁ)/	/is.ko.ʁeˈɡa(ʁ)/	[is.ko.ʁeˈɡa(ʁ)] 滑倒<动>
bombardeiro	/bõ.baʁˈde(j).ɾu/	/bõ.baʁˈde(j).ɾu/	[bõ.baʁˈde(j).ɾu] 轰炸机<名>
comerciante	/ko.meʁ.siˈɐ̃.t͡ʃi/	/ko.meʁ.siˈɐ̃.t͡ʃi/	[ko.meʁ.siˈɐ̃.t͡ʃi] 商人<名>
machucar	/ma.ʃuˈka(ʁ)/	/ma.ʃuˈka(ʁ)/	[ma.ʃuˈka(ʁ)] 受伤<动>
cargueiro	/kaʁˈɡe(j).ɾu/	/kaʁˈɡe(j).ɾu/	[kaʁˈɡe(j).ɾu] 货轮<名>
estruturar	/is.tɾu.tuˈɾa(ʁ)/	/is.tɾu.tuˈɾa(ʁ)/	[is.tɾu.tuˈɾa(ʁ)] 结构<动>
descolagem	/des.koˈla.ʒẽj̃/	/des.koˈla.ʒẽj̃/	[des.koˈla.ʒẽj̃] 起飞<名>
perseguidor	/peʁ.se.ɡiˈdoʁ/	/peʁ.se.ɡiˈdoʁ/	[peʁ.se.ɡiˈdoʁ] 跟踪者<名>
ventilador	/vẽ.t͡ʃi.laˈdoʁ/	/vẽ.t͡ʃi.laˈdoʁ/	[vẽ.t͡ʃi.laˈdoʁ] 风扇<名>
destroçar	/des.tɾoˈsa(ʁ)/	/des.tɾoˈsa(ʁ)/	[des.tɾoˈsa(ʁ)] 撕开<动>
aleatório	/a.le.aˈtɔ.ɾju/	/a.le.aˈtɔ.ɾju/	[a.le.aˈtɔ.ɾju] 随机的<形>
escaldante	/is.kawˈdɐ̃.t͡ʃi/	/is.kawˈdɐ̃.t͡ʃi/	[is.kawˈdɐ̃.t͡ʃi] 灼热的<形>
ram	/ˈʁɐ̃/	/ˈʁɐ̃/	[ˈʁɐ̃] 公羊<名>
desvendar	/dez.vẽˈda(ʁ)/	/dez.vẽˈda(ʁ)/	[dez.vẽˈda(ʁ)] 解开<动>
larva	/ˈlaʁ.vɐ/	/ˈlaʁ.vɐ/	[ˈlaʁ.vɐ] 幼虫<名>
algoritmo	/aw.ɡoˈɾit͡ʃ.mu/	/aw.ɡoˈɾit͡ʃ.mu/	[aw.ɡoˈɾit͡ʃ.mu] 算法<名>
gel	/ˈʒɛw/	/ˈʒɛw/	[ˈʒɛw] 凝胶<名>
engate	/ẽˈɡa.t͡ʃi/	/ẽˈɡa.t͡ʃi/	[ẽˈɡa.t͡ʃi] 挂接装置<名>
jeans	/ˈd͡ʒĩs/	/ˈd͡ʒĩs/	[ˈd͡ʒĩs] 牛仔裤<名>
pianista	/pi.ɐ̃ˈnis.tɐ/	/pi.ɐ̃ˈnis.tɐ/	[pi.ɐ̃ˈnis.tɐ] 钢琴家<名>
cambada	/kɐ̃ˈba.dɐ/	/kɐ̃ˈba.dɐ/	[kɐ̃ˈba.dɐ] 一堆<名>
habitat	/a.biˈta.t͡ʃi/	/a.biˈta.t͡ʃi/	[a.biˈta.t͡ʃi] 栖息地<名>
eclipse	/eˈklip.si/	/eˈklip.si/	[eˈklip.si] 日食<名>
repetição	/ʁe.pe.t͡ʃiˈsɐ̃w̃/	/ʁe.pe.t͡ʃiˈsɐ̃w̃/	[ʁe.pe.t͡ʃiˈsɐ̃w̃] 重复<名>
saboroso	/sa.boˈɾo.zu/	/sa.boˈɾo.zu/	[sa.boˈɾo.zu] 好吃<形>
contagioso	/kõ.ta.ʒiˈo.zu/	/kõ.ta.ʒiˈo.zu/	[kõ.ta.ʒiˈo.zu] 具有传染性的<形>
ganga	/ˈɡɐ̃.ɡɐ/	/ˈɡɐ̃.ɡɐ/	[ˈɡɐ̃.ɡɐ] 牛仔布<名>
persistente	/peʁ.sisˈtẽ.t͡ʃi/	/peʁ.sisˈtẽ.t͡ʃi/	[peʁ.sisˈtẽ.t͡ʃi] 执着的<形>
saudita	/sawˈd͡ʒi.tɐ/	/sawˈd͡ʒi.tɐ/	[sawˈd͡ʒi.tɐ] 沙特<名>
irregular	/i.ʁe.ɡuˈlaʁ/	/i.ʁe.ɡuˈlaʁ/	[i.ʁe.ɡuˈlaʁ] 不规则的<形>
diplomática	/d͡ʒi.ploˈma.t͡ʃi.kɐ/	/d͡ʒi.ploˈma.t͡ʃi.kɐ/	[d͡ʒi.ploˈma.t͡ʃi.kɐ] 外交的<名>
estimativa	/is.t͡ʃi.maˈt͡ʃi.vɐ/	/is.t͡ʃi.maˈt͡ʃi.vɐ/	[is.t͡ʃi.maˈt͡ʃi.vɐ] 估计<名>
crescendo	/kɾɨʃˈsẽ.du/	/kɾɨʃˈsẽ.du/	[kɾɨʃˈsẽ.du] 成长中<名>
porta-bagagens	/ˌpɔʁ.tɐ.baˈɡa.ʒẽj̃s/	/ˌpɔʁ.tɐ.baˈɡa.ʒẽj̃s/	[ˌpɔʁ.tɐ.baˈɡa.ʒẽj̃s] 行李架<名>
oponente	/o.poˈnẽ.t͡ʃi/	/o.poˈnẽ.t͡ʃi/	[o.poˈnẽ.t͡ʃi] 对手<名>
panda	/ˈpɐ̃.dɐ/	/ˈpɐ̃.dɐ/	[ˈpɐ̃.dɐ] 熊猫<名>
graduação	/ɡɾa.du.aˈsɐ̃w̃/	/ɡɾa.du.aˈsɐ̃w̃/	[ɡɾa.du.aˈsɐ̃w̃] 毕业<名>
debater	/de.baˈte(ʁ)/	/de.baˈte(ʁ)/	[de.baˈte(ʁ)] 辩论<动>
pretexto	/pɾeˈtes.tu/	/pɾeˈtes.tu/	[pɾeˈtes.tu] 借口<名>
potencialmente	/po.tẽ.siˌawˈmẽ.t͡ʃi/	/po.tẽ.siˌawˈmẽ.t͡ʃi/	[po.tẽ.siˌawˈmẽ.t͡ʃi] 潜在地<副>
temporizador	/tẽ.po.ɾi.zaˈdoʁ/	/tẽ.po.ɾi.zaˈdoʁ/	[tẽ.po.ɾi.zaˈdoʁ] 定时器<名>
adão	/aˈdɐ̃w̃/	/aˈdɐ̃w̃/	[aˈdɐ̃w̃] 亚当<名>
desconfiado	/des.kõ.fiˈa.du/	/des.kõ.fiˈa.du/	[des.kõ.fiˈa.du] 可疑的<形>
excluir	/isˈklujʁ/	/isˈklujʁ/	[isˈklujʁ] 删除<动>
reiniciar	/ʁej.ni.siˈa(ʁ)/	/ʁej.ni.siˈa(ʁ)/	[ʁej.ni.siˈa(ʁ)] 重新启动<动>
saga	/ˈsa.ɡɐ/	/ˈsa.ɡɐ/	[ˈsa.ɡɐ] 传奇<名>
tocha	/ˈtɔ.ʃɐ/	/ˈtɔ.ʃɐ/	[ˈtɔ.ʃɐ] 火炬<名>
distinto	/d͡ʒisˈt͡ʃĩ.tu/	/d͡ʒisˈt͡ʃĩ.tu/	[d͡ʒisˈt͡ʃĩ.tu] 独特的<形>
reter	/ʁeˈte(ʁ)/	/ʁeˈte(ʁ)/	[ʁeˈte(ʁ)] 保留<动>
habitação	/a.bi.taˈsɐ̃w̃/	/a.bi.taˈsɐ̃w̃/	[a.bi.taˈsɐ̃w̃] 住房<名>
facada	/faˈka.dɐ/	/faˈka.dɐ/	[faˈka.dɐ] 刺<名>
ladrar	/laˈdɾa(ʁ)/	/laˈdɾa(ʁ)/	[laˈdɾa(ʁ)] 树皮<动>
peludo	/peˈlu.du/	/peˈlu.du/	[peˈlu.du] 毛茸茸的<形>
inquilino	/ĩ.kiˈlĩ.nu/	/ĩ.kiˈlĩ.nu/	[ĩ.kiˈlĩ.nu] 租户<名>
tentador	/tẽ.taˈdoʁ/	/tẽ.taˈdoʁ/	[tẽ.taˈdoʁ] 诱人的<形>
marechal	/ma.ɾeˈʃaw/	/ma.ɾeˈʃaw/	[ma.ɾeˈʃaw] 元帅<名>
recife	/ʁeˈsi.fi/	/ʁeˈsi.fi/	[ʁeˈsi.fi] 礁石<名>
aterrorizar	/a.te.ʁo.ɾiˈza(ʁ)/	/a.te.ʁo.ɾiˈza(ʁ)/	[a.te.ʁo.ɾiˈza(ʁ)] 吓坏<动>
remotamente	/ʁeˌmɔ.taˈmẽ.t͡ʃi/	/ʁeˌmɔ.taˈmẽ.t͡ʃi/	[ʁeˌmɔ.taˈmẽ.t͡ʃi] 远程<副>
lasanha	/laˈzɐ̃.ɲɐ/	/laˈzɐ̃.ɲɐ/	[laˈzɐ̃.ɲɐ] 烤宽面条<名>
concedido	/kõ.seˈd͡ʒi.du/	/kõ.seˈd͡ʒi.du/	[kõ.seˈd͡ʒi.du] 授予<形>
margar	/maʁˈɡa(ʁ)/	/maʁˈɡa(ʁ)/	[maʁˈɡa(ʁ)] 玛加尔<动>
queque	/ˈkɛ.ki/	/ˈkɛ.ki/	[ˈkɛ.ki] 纸杯蛋糕<名>
pantera	/pɐ̃ˈtɛ.ɾɐ/	/pɐ̃ˈtɛ.ɾɐ/	[pɐ̃ˈtɛ.ɾɐ] 黑豹<名>
orgânico	/oʁˈɡɐ̃.ni.ku/	/oʁˈɡɐ̃.ni.ku/	[oʁˈɡɐ̃.ni.ku] 有机的<形>
tc			TC<动>
exceção	/e.seˈsɐ̃w̃/	/e.seˈsɐ̃w̃/	[e.seˈsɐ̃w̃] 异常<名>
árduo	/ˈaʁ.d(w)u/	/ˈaʁ.d(w)u/	[ˈaʁ.d(w)u] 艰巨的<形>
tríade	/ˈtɾi.a.d͡ʒi/	/ˈtɾi.a.d͡ʒi/	[ˈtɾi.a.d͡ʒi] 三合会<名>
alfinete	/aw.fiˈne.t͡ʃi/	/aw.fiˈne.t͡ʃi/	[aw.fiˈne.t͡ʃi] 针<名>
escusar	/is.kuˈza(ʁ)/	/is.kuˈza(ʁ)/	[is.kuˈza(ʁ)] 借口<动>
rupia	/ʁuˈpi.ɐ/	/ʁuˈpi.ɐ/	[ʁuˈpi.ɐ] 卢比<名>
cigano	/siˈɡɐ̃.nu/	/siˈɡɐ̃.nu/	[siˈɡɐ̃.nu] 吉普赛人<名>
poupado	/po(w)ˈpa.du/	/po(w)ˈpa.du/	[po(w)ˈpa.du] 幸免于难<形>
confiado	/kõ.fiˈa.du/	/kõ.fiˈa.du/	[kõ.fiˈa.du] 受托<形>
paralisia	/pa.ɾa.liˈzi.ɐ/	/pa.ɾa.liˈzi.ɐ/	[pa.ɾa.liˈzi.ɐ] 瘫痪<名>
abundância	/a.bũˈdɐ̃.sjɐ/	/a.bũˈdɐ̃.sjɐ/	[a.bũˈdɐ̃.sjɐ] 丰富<名>
paternidade	/pa.teʁ.niˈda.d͡ʒi/	/pa.teʁ.niˈda.d͡ʒi/	[pa.teʁ.niˈda.d͡ʒi] 父亲身份<名>
carinhoso	/ka.ɾĩˈɲo.zu/	/ka.ɾĩˈɲo.zu/	[ka.ɾĩˈɲo.zu] 深情的<形>
criatividade	/kɾi.a.t͡ʃi.viˈda.d͡ʒi/	/kɾi.a.t͡ʃi.viˈda.d͡ʒi/	[kɾi.a.t͡ʃi.viˈda.d͡ʒi] 创造力<名>
purgatório	/puʁ.ɡaˈtɔ.ɾju/	/puʁ.ɡaˈtɔ.ɾju/	[puʁ.ɡaˈtɔ.ɾju] 炼狱<名>
prisional	/pɾi.zi.oˈnaw/	/pɾi.zi.oˈnaw/	[pɾi.zi.oˈnaw] 监狱<形>
segurador	/si.ɡu.ɾaˈdoʁ/	/si.ɡu.ɾaˈdoʁ/	[si.ɡu.ɾaˈdoʁ] 保险公司<名>
chinelo	/ʃiˈnɛ.lu/	/ʃiˈnɛ.lu/	[ʃiˈnɛ.lu] 拖鞋<名>
penitenciária	/pe.ni.tẽ.siˈa.ɾjɐ/	/pe.ni.tẽ.siˈa.ɾjɐ/	[pe.ni.tẽ.siˈa.ɾjɐ] 监狱的<名>
cachecol	/ka.ʃeˈkɔw/	/ka.ʃeˈkɔw/	[ka.ʃeˈkɔw] 围巾<名>
armazenamento	/aʁ.ma.ze.naˈmẽ.tu/	/aʁ.ma.ze.naˈmẽ.tu/	[aʁ.ma.ze.naˈmẽ.tu] 存储<名>
ósseo	/ˈɔ.sju/	/ˈɔ.sju/	[ˈɔ.sju] 骨瘦如柴<形>
tumba	/ˈtũ.bɐ/	/ˈtũ.bɐ/	[ˈtũ.bɐ] 坟墓<名>
pickles	/ˈpi.klis/	/ˈpi.klis/	[ˈpi.klis] 泡菜<名>
caldeira	/kawˈde(j).ɾɐ/	/kawˈde(j).ɾɐ/	[kawˈde(j).ɾɐ] 锅炉<名>
lendário	/lẽˈda.ɾju/	/lẽˈda.ɾju/	[lẽˈda.ɾju] 传奇的<形>
fiado	/fiˈa.du/	/fiˈa.du/	[fiˈa.du] 纺成的<形>
paralisar	/pa.ɾa.liˈza(ʁ)/	/pa.ɾa.liˈza(ʁ)/	[pa.ɾa.liˈza(ʁ)] 瘫痪<动>
brutalidade	/bɾu.ta.liˈda.d͡ʒi/	/bɾu.ta.liˈda.d͡ʒi/	[bɾu.ta.liˈda.d͡ʒi] 残暴<名>
molécula	/moˈlɛ.ku.lɐ/	/moˈlɛ.ku.lɐ/	[moˈlɛ.ku.lɐ] 分子<名>
fertilidade	/feʁ.t͡ʃi.liˈda.d͡ʒi/	/feʁ.t͡ʃi.liˈda.d͡ʒi/	[feʁ.t͡ʃi.liˈda.d͡ʒi] 生育力<名>
consistir	/kõ.sisˈt͡ʃi(ʁ)/	/kõ.sisˈt͡ʃi(ʁ)/	[kõ.sisˈt͡ʃi(ʁ)] 组成<动>
adolescência	/a.do.leˈsẽ.sjɐ/	/a.do.leˈsẽ.sjɐ/	[a.do.leˈsẽ.sjɐ] 青春期<名>
residir	/ʁe.ziˈd͡ʒi(ʁ)/	/ʁe.ziˈd͡ʒi(ʁ)/	[ʁe.ziˈd͡ʒi(ʁ)] 居住<动>
puré	/puˈɾɛ/	/puˈɾɛ/	[puˈɾɛ] 果泥<名>
cana	/ˈkɐ̃.nɐ/	/ˈkɐ̃.nɐ/	[ˈkɐ̃.nɐ] 芦苇<名>
híbrido	/ˈi.bɾi.du/	/ˈi.bɾi.du/	[ˈi.bɾi.du] 混合动力<名>
impasse	/ĩˈpa.si/	/ĩˈpa.si/	[ĩˈpa.si] 僵局<名>
set	/ˈsɛ.t͡ʃi/	/ˈsɛ.t͡ʃi/	[ˈsɛ.t͡ʃi] 设置<名>
menta	/ˈmẽ.tɐ/	/ˈmẽ.tɐ/	[ˈmẽ.tɐ] 薄荷<名>
sucção	/sukˈsɐ̃w̃/	/sukˈsɐ̃w̃/	[sukˈsɐ̃w̃] 吸力<名>
cómico	/ˈkɔ.mi.ku/	/ˈkɔ.mi.ku/	[ˈkɔ.mi.ku] 漫画<形>
maionese	/maj.oˈnɛ.zi/	/maj.oˈnɛ.zi/	[maj.oˈnɛ.zi] 蛋黄酱<名>
bilionário	/bi.li.oˈna.ɾju/	/bi.li.oˈna.ɾju/	[bi.li.oˈna.ɾju] 亿万富翁<名>
suspender	/sus.pẽˈde(ʁ)/	/sus.pẽˈde(ʁ)/	[sus.pẽˈde(ʁ)] 暂停<动>
hesitar	/e.ziˈta(ʁ)/	/e.ziˈta(ʁ)/	[e.ziˈta(ʁ)] 犹豫<动>
maconha	/maˈkõ.ɲɐ/	/maˈkõ.ɲɐ/	[maˈkõ.ɲɐ] 大麻<名>
detonação	/de.to.naˈsɐ̃w̃/	/de.to.naˈsɐ̃w̃/	[de.to.naˈsɐ̃w̃] 爆炸<名>
suicidar	/suj.siˈda(ʁ)/	/suj.siˈda(ʁ)/	[suj.siˈda(ʁ)] 自杀<动>
súbito	/ˈsu.bi.tu/	/ˈsu.bi.tu/	[ˈsu.bi.tu] 突然的<形>
aparentar	/a.pa.ɾẽˈta(ʁ)/	/a.pa.ɾẽˈta(ʁ)/	[a.pa.ɾẽˈta(ʁ)] 出现<动>
adiantamento	a.dʒi.ã.ta.ˈmẽ.tʊ	a.dʒi.ã.ta.ˈmẽ.tʊ	[a.dʒi.ã.ta.ˈmẽ.tʊ] 提前<名>
falhanço	/faˈʎɐ̃.su/	/faˈʎɐ̃.su/	[faˈʎɐ̃.su] 失败<名>
esqueceram	es.ke.ˈse.ɾãʊ̃	es.ke.ˈse.ɾãʊ̃	[es.ke.ˈse.ɾãʊ̃] 忘记了<动>
xeque	/ˈʃɛ.ki/	/ˈʃɛ.ki/	[ˈʃɛ.ki] 检查<名>
enxofre	/ẽˈʃo.fɾi/	/ẽˈʃo.fɾi/	[ẽˈʃo.fɾi] 硫磺<名>
reduzido	/ʁe.duˈzi.du/	/ʁe.duˈzi.du/	[ʁe.duˈzi.du] 减少<形>
piolho	/piˈo.ʎu/	/piˈo.ʎu/	[piˈo.ʎu] 虱子<名>
brutalmente	/bɾuˌtawˈmẽ.t͡ʃi/	/bɾuˌtawˈmẽ.t͡ʃi/	[bɾuˌtawˈmẽ.t͡ʃi] 残酷地<副>
inseto	/ĩˈsɛ.tu/	/ĩˈsɛ.tu/	[ĩˈsɛ.tu] 昆虫<名>
subornar	/su.boʁˈna(ʁ)/	/su.boʁˈna(ʁ)/	[su.boʁˈna(ʁ)] 贿赂<动>
gráfico	/ˈɡɾa.fi.ku/	/ˈɡɾa.fi.ku/	[ˈɡɾa.fi.ku] 图<名>
suposição	/su.po.ziˈsɐ̃w̃/	/su.po.ziˈsɐ̃w̃/	[su.po.ziˈsɐ̃w̃] 假设<名>
dinâmica	/d͡ʒiˈnɐ̃.mi.kɐ/	/d͡ʒiˈnɐ̃.mi.kɐ/	[d͡ʒiˈnɐ̃.mi.kɐ] 动力学<名>
magistrado	/ma.ʒisˈtɾa.du/	/ma.ʒisˈtɾa.du/	[ma.ʒisˈtɾa.du] 地方法官<名>
dominante	/do.miˈnɐ̃.t͡ʃi/	/do.miˈnɐ̃.t͡ʃi/	[do.miˈnɐ̃.t͡ʃi] 占主导地位的<形>
recrutamento	/ʁe.kɾu.taˈmẽ.tu/	/ʁe.kɾu.taˈmẽ.tu/	[ʁe.kɾu.taˈmẽ.tu] 招聘<名>
whiskey	/uˈis.ki/	/uˈis.ki/	[uˈis.ki] 威士忌<名>
atado	/aˈta.du/	/aˈta.du/	[aˈta.du] 捆绑<名>
tres			三<名>
karaoke	/ka.ɾa.oˈke/	/ka.ɾa.oˈke/	[ka.ɾa.oˈke] 卡拉OK<名>
cubano	/kuˈbɐ̃.nu/	/kuˈbɐ̃.nu/	[kuˈbɐ̃.nu] 古巴人<名>
rã	/ˈʁɐ̃/	/ˈʁɐ̃/	[ˈʁɐ̃] 青蛙<名>
fritar	/fɾiˈta(ʁ)/	/fɾiˈta(ʁ)/	[fɾiˈta(ʁ)] 炒<动>
website	/ˌwɛ.biˈsaj.t͡ʃi/	/ˌwɛ.biˈsaj.t͡ʃi/	[ˌwɛ.biˈsaj.t͡ʃi] 网站<名>
alfaiate	/aw.fajˈa.t͡ʃi/	/aw.fajˈa.t͡ʃi/	[aw.fajˈa.t͡ʃi] 裁缝<名>
grávido	/ˈɡɾa.vi.du/	/ˈɡɾa.vi.du/	[ˈɡɾa.vi.du] 怀孕了<形>
parcialmente	/paʁ.siˌawˈmẽ.t͡ʃi/	/paʁ.siˌawˈmẽ.t͡ʃi/	[paʁ.siˌawˈmẽ.t͡ʃi] 部分地<副>
rodeio	/ʁoˈdej.u/	/ʁoˈdej.u/	[ʁoˈdej.u] 牛仔竞技表演<名>
funcional	/fũ.si.oˈnaw/	/fũ.si.oˈnaw/	[fũ.si.oˈnaw] 功能性的<形>
playboy	/plejˈbɔj/	/plejˈbɔj/	[plejˈbɔj] 花花公子<名>
estimulante	/is.t͡ʃi.muˈlɐ̃.t͡ʃi/	/is.t͡ʃi.muˈlɐ̃.t͡ʃi/	[is.t͡ʃi.muˈlɐ̃.t͡ʃi] 兴奋剂<名>
virada	/viˈɾa.dɐ/	/viˈɾa.dɐ/	[viˈɾa.dɐ] 转<名>
delgado	/dewˈɡa.du/	/dewˈɡa.du/	[dewˈɡa.du] 细长的<形>
perspicaz	/peʁs.piˈka(j)s/	/peʁs.piˈka(j)s/	[peʁs.piˈka(j)s] 有洞察力的<形>
ferry	/ˈfɛ.ʁi/	/ˈfɛ.ʁi/	[ˈfɛ.ʁi] 渡轮<名>
engenho	/ẽˈʒẽ.ɲu/	/ẽˈʒẽ.ɲu/	[ẽˈʒẽ.ɲu] 独创性<名>
reformatório	/ʁe.foʁ.maˈtɔ.ɾju/	/ʁe.foʁ.maˈtɔ.ɾju/	[ʁe.foʁ.maˈtɔ.ɾju] 管教所<名>
coitadinho	/koj.taˈd͡ʒĩ.ɲu/	/koj.taˈd͡ʒĩ.ɲu/	[koj.taˈd͡ʒĩ.ɲu] 可怜的东西<名>
opera	/oˈpɛ.ɾɐ/	/oˈpɛ.ɾɐ/	[oˈpɛ.ɾɐ] 运作<名>
decididamente	/de.siˌd͡ʒi.daˈmẽ.t͡ʃi/	/de.siˌd͡ʒi.daˈmẽ.t͡ʃi/	[de.siˌd͡ʒi.daˈmẽ.t͡ʃi] 坚决地<副>
fanático	/faˈna.t͡ʃi.ku/	/faˈna.t͡ʃi.ku/	[faˈna.t͡ʃi.ku] 狂热分子<名>
fulo	/ˈfu.lu/	/ˈfu.lu/	[ˈfu.lu] 富洛<形>
correspondente	/ko.ʁes.põˈdẽ.t͡ʃi/	/ko.ʁes.põˈdẽ.t͡ʃi/	[ko.ʁes.põˈdẽ.t͡ʃi] 相应的<名>
ousar	/o(w)ˈza(ʁ)/	/o(w)ˈza(ʁ)/	[o(w)ˈza(ʁ)] 敢于<动>
parâmetro	/paˈɾɐ̃.me.tɾu/	/paˈɾɐ̃.me.tɾu/	[paˈɾɐ̃.me.tɾu] 参数<名>
rand			兰特<名>
êxtase	/ˈes.ta.zi/	/ˈes.ta.zi/	[ˈes.ta.zi] 狂喜<名>
medieval	/me.d͡ʒi.eˈvaw/	/me.d͡ʒi.eˈvaw/	[me.d͡ʒi.eˈvaw] 中世纪的<形>
histérico	/isˈtɛ.ɾi.ku/	/isˈtɛ.ɾi.ku/	[isˈtɛ.ɾi.ku] 歇斯底里的<名>
portador	/poʁ.taˈdoʁ/	/poʁ.taˈdoʁ/	[poʁ.taˈdoʁ] 载体<名>
insulina	/ĩ.suˈlĩ.nɐ/	/ĩ.suˈlĩ.nɐ/	[ĩ.suˈlĩ.nɐ] 胰岛素<名>
sopro	/ˈso.pɾu/	/ˈso.pɾu/	[ˈso.pɾu] 吹<名>
polar	/poˈlaʁ/	/poˈlaʁ/	[poˈlaʁ] 极地<形>
rastro	/ˈʁas.tɾu/	/ˈʁas.tɾu/	[ˈʁas.tɾu] 踪迹<名>
rameira	/ʁaˈme(j).ɾɐ/	/ʁaˈme(j).ɾɐ/	[ʁaˈme(j).ɾɐ] 妓女<名>
nono	/ˈnõ.nu/	/ˈnõ.nu/	[ˈnõ.nu] 第九<名>
fértil	/ˈfɛʁ.t͡ʃiw/	/ˈfɛʁ.t͡ʃiw/	[ˈfɛʁ.t͡ʃiw] 肥沃的<形>
polvo	/ˈpow.vu/	/ˈpow.vu/	[ˈpow.vu] 章鱼<名>
fabricar	/fa.bɾiˈka(ʁ)/	/fa.bɾiˈka(ʁ)/	[fa.bɾiˈka(ʁ)] 制造<动>
desabafar	/de.za.baˈfa(ʁ)/	/de.za.baˈfa(ʁ)/	[de.za.baˈfa(ʁ)] 发泄<动>
esboço	/izˈbo.su/	/izˈbo.su/	[izˈbo.su] 素描<名>
ano-luz	/ˌɐ̃.nuˈlu(j)s/	/ˌɐ̃.nuˈlu(j)s/	[ˌɐ̃.nuˈlu(j)s] 光年<名>
psiquiatria	/pi.si.ki.aˈtɾi.ɐ/	/pi.si.ki.aˈtɾi.ɐ/	[pi.si.ki.aˈtɾi.ɐ] 精神病学<名>
recriar	/ʁe.kɾiˈa(ʁ)/	/ʁe.kɾiˈa(ʁ)/	[ʁe.kɾiˈa(ʁ)] 重新创造<动>
prosperidade	/pɾos.pe.ɾiˈda.d͡ʒi/	/pɾos.pe.ɾiˈda.d͡ʒi/	[pɾos.pe.ɾiˈda.d͡ʒi] 繁荣<名>
apreensão	/a.pɾe.ẽˈsɐ̃w̃/	/a.pɾe.ẽˈsɐ̃w̃/	[a.pɾe.ẽˈsɐ̃w̃] 癫痫发作<名>
estalo	/isˈta.lu/	/isˈta.lu/	[isˈta.lu] 快照<名>
brother	/ˈbɾɔ.deʁ/	/ˈbɾɔ.deʁ/	[ˈbɾɔ.deʁ] 兄弟<名>
ambulante	/ɐ̃.buˈlɐ̃.t͡ʃi/	/ɐ̃.buˈlɐ̃.t͡ʃi/	[ɐ̃.buˈlɐ̃.t͡ʃi] 街头小贩<名>
empreiteiro	/ẽ.pɾejˈte(j).ɾu/	/ẽ.pɾejˈte(j).ɾu/	[ẽ.pɾejˈte(j).ɾu] 承包商<名>
judaico	/ʒuˈdaj.ku/	/ʒuˈdaj.ku/	[ʒuˈdaj.ku] 犹太人<形>
cadeado	/ka.d͡ʒiˈa.du/	/ka.d͡ʒiˈa.du/	[ka.d͡ʒiˈa.du] 挂锁<名>
governamental	/ɡo.veʁ.na.mẽˈtaw/	/ɡo.veʁ.na.mẽˈtaw/	[ɡo.veʁ.na.mẽˈtaw] 政府<形>
inchar	/ĩˈʃa(ʁ)/	/ĩˈʃa(ʁ)/	[ĩˈʃa(ʁ)] 膨胀<动>
providenciar	/pɾo.vi.dẽ.siˈa(ʁ)/	/pɾo.vi.dẽ.siˈa(ʁ)/	[pɾo.vi.dẽ.siˈa(ʁ)] 安排<动>
pica	/ˈpi.kɐ/	/ˈpi.kɐ/	[ˈpi.kɐ] 迪克<名>
característica	/ka.ɾak.teˈɾis.t͡ʃi.kɐ/	/ka.ɾak.teˈɾis.t͡ʃi.kɐ/	[ka.ɾak.teˈɾis.t͡ʃi.kɐ] 特点<名>
infelicidade	/ĩ.fe.li.siˈda.d͡ʒi/	/ĩ.fe.li.siˈda.d͡ʒi/	[ĩ.fe.li.siˈda.d͡ʒi] 不快乐<名>
sociopata	/ˌsɔ.si.oˈpa.tɐ/	/ˌsɔ.si.oˈpa.tɐ/	[ˌsɔ.si.oˈpa.tɐ] 反社会者<名>
expiatório	/is.pi.aˈtɔ.ɾju/	/is.pi.aˈtɔ.ɾju/	[is.pi.aˈtɔ.ɾju] 赎罪的<形>
transacção	tɾã.za.ˈsãʊ̃	tɾã.za.ˈsãʊ̃	[tɾã.za.ˈsãʊ̃] 交易<名>
barulhento	/ba.ɾuˈʎẽ.tu/	/ba.ɾuˈʎẽ.tu/	[ba.ɾuˈʎẽ.tu] 吵闹的<形>
escriturar	/is.kɾi.tuˈɾa(ʁ)/	/is.kɾi.tuˈɾa(ʁ)/	[is.kɾi.tuˈɾa(ʁ)] 写<动>
desenterrar	/de.zẽ.teˈʁa(ʁ)/	/de.zẽ.teˈʁa(ʁ)/	[de.zẽ.teˈʁa(ʁ)] 发掘<动>
cobaia	/koˈbaj.ɐ/	/koˈbaj.ɐ/	[koˈbaj.ɐ] 豚鼠<名>
transparente	/tɾɐ̃s.paˈɾẽ.t͡ʃi/	/tɾɐ̃s.paˈɾẽ.t͡ʃi/	[tɾɐ̃s.paˈɾẽ.t͡ʃi] 透明<名>
cianeto	/si.aˈne.tu/	/si.aˈne.tu/	[si.aˈne.tu] 氰化物<名>
metanfetamina	/me.tɐ̃.fe.taˈmĩ.nɐ/	/me.tɐ̃.fe.taˈmĩ.nɐ/	[me.tɐ̃.fe.taˈmĩ.nɐ] 冰毒<名>
condomínio	/kõ.doˈmĩ.nju/	/kõ.doˈmĩ.nju/	[kõ.doˈmĩ.nju] 公寓<名>
saque	/ˈsa.ki/	/ˈsa.ki/	[ˈsa.ki] 掠夺<名>
búfalo	/ˈbu.fa.lu/	/ˈbu.fa.lu/	[ˈbu.fa.lu] 水牛<名>
castanha	/kasˈtɐ̃.ɲɐ/	/kasˈtɐ̃.ɲɐ/	[kasˈtɐ̃.ɲɐ] 栗子<名>
grana	/ˈɡɾɐ̃.nɐ/	/ˈɡɾɐ̃.nɐ/	[ˈɡɾɐ̃.nɐ] 钱<名>
contaminação	/kõ.ta.mi.naˈsɐ̃w̃/	/kõ.ta.mi.naˈsɐ̃w̃/	[kõ.ta.mi.naˈsɐ̃w̃] 污染<名>
aparição	/a.pa.ɾiˈsɐ̃w̃/	/a.pa.ɾiˈsɐ̃w̃/	[a.pa.ɾiˈsɐ̃w̃] 幻影<名>
latino	/laˈt͡ʃĩ.nu/	/laˈt͡ʃĩ.nu/	[laˈt͡ʃĩ.nu] 拉丁语<名>
vertical	/veʁ.t͡ʃiˈkaw/	/veʁ.t͡ʃiˈkaw/	[veʁ.t͡ʃiˈkaw] 垂直<形>
taxi			出租车<名>
renovar	/ʁe.noˈva(ʁ)/	/ʁe.noˈva(ʁ)/	[ʁe.noˈva(ʁ)] 更新<动>
traficar	/tɾa.fiˈka(ʁ)/	/tɾa.fiˈka(ʁ)/	[tɾa.fiˈka(ʁ)] 交通<动>
trava	/ˈtɾa.vɐ/	/ˈtɾa.vɐ/	[ˈtɾa.vɐ] 锁<名>
governanta	/ɡo.veʁˈnɐ̃.tɐ/	/ɡo.veʁˈnɐ̃.tɐ/	[ɡo.veʁˈnɐ̃.tɐ] 管家<名>
alferes	/awˈfe.ɾis/	/awˈfe.ɾis/	[awˈfe.ɾis] 少尉<名>
crente	/ˈkɾẽ.t͡ʃi/	/ˈkɾẽ.t͡ʃi/	[ˈkɾẽ.t͡ʃi] 信徒<名>
indecente	/ĩ.deˈsẽ.t͡ʃi/	/ĩ.deˈsẽ.t͡ʃi/	[ĩ.deˈsẽ.t͡ʃi] 不雅的<形>
gandhi	/ˈɡɐ̃.d͡ʒi/	/ˈɡɐ̃.d͡ʒi/	[ˈɡɐ̃.d͡ʒi] 甘地<名>
microondas	mi.kɾo.ˈõ.dəs	mi.kɾo.ˈõ.dəs	[mi.kɾo.ˈõ.dəs] 微波炉<名>
chutar	/ʃuˈta(ʁ)/	/ʃuˈta(ʁ)/	[ʃuˈta(ʁ)] 踢<动>
intencionalmente	/ĩ.tẽ.si.oˌnawˈmẽ.t͡ʃi/	/ĩ.tẽ.si.oˌnawˈmẽ.t͡ʃi/	[ĩ.tẽ.si.oˌnawˈmẽ.t͡ʃi] 故意地<副>
continuaram	kõ.tʃi.nu.ˈa.ɾãʊ̃	kõ.tʃi.nu.ˈa.ɾãʊ̃	[kõ.tʃi.nu.ˈa.ɾãʊ̃] 继续<动>
veloz	/veˈlɔ(j)s/	/veˈlɔ(j)s/	[veˈlɔ(j)s] 快<形>
toxina	/tokˈsĩ.nɐ/	/tokˈsĩ.nɐ/	[tokˈsĩ.nɐ] 毒素<名>
molecular	/mo.le.kuˈlaʁ/	/mo.le.kuˈlaʁ/	[mo.le.kuˈlaʁ] 分子的<形>
vegetariano	/ve.ʒe.ta.ɾiˈɐ̃.nu/	/ve.ʒe.ta.ɾiˈɐ̃.nu/	[ve.ʒe.ta.ɾiˈɐ̃.nu] 素食主义者<名>
inseguro	/ĩ.seˈɡu.ɾu/	/ĩ.seˈɡu.ɾu/	[ĩ.seˈɡu.ɾu] 不安全感<形>
tirano	/t͡ʃiˈɾɐ̃.nu/	/t͡ʃiˈɾɐ̃.nu/	[t͡ʃiˈɾɐ̃.nu] 暴君<名>
nerd	/ˈnɛʁ.d͡ʒi/	/ˈnɛʁ.d͡ʒi/	[ˈnɛʁ.d͡ʒi] 书呆子<名>
pedófilo	/peˈdɔ.fi.lu/	/peˈdɔ.fi.lu/	[peˈdɔ.fi.lu] 恋童癖者<名>
mafioso	/ma.fiˈo.zu/	/ma.fiˈo.zu/	[ma.fiˈo.zu] 流氓<名>
aldeão	/aw.deˈɐ̃w̃/	/aw.deˈɐ̃w̃/	[aw.deˈɐ̃w̃] 村民<名>
retaliação	/ʁe.ta.li.aˈsɐ̃w̃/	/ʁe.ta.li.aˈsɐ̃w̃/	[ʁe.ta.li.aˈsɐ̃w̃] 报复<名>
status	/isˈta.tus/	/isˈta.tus/	[isˈta.tus] 状态<名>
asteróide	as.tɛ.ˈɾɔy.dʒɪ	as.tɛ.ˈɾɔy.dʒɪ	[as.tɛ.ˈɾɔy.dʒɪ] 小行星<名>
barracão	/ba.ʁaˈkɐ̃w̃/	/ba.ʁaˈkɐ̃w̃/	[ba.ʁaˈkɐ̃w̃] 棚子<名>
estudado	/is.tuˈda.du/	/is.tuˈda.du/	[is.tuˈda.du] 研究过<形>
humildade	/u.miwˈda.d͡ʒi/	/u.miwˈda.d͡ʒi/	[u.miwˈda.d͡ʒi] 谦卑<名>
maia	/ˈmaj.ɐ/	/ˈmaj.ɐ/	[ˈmaj.ɐ] 玛雅人<名>
bi	/ˈbi/	/ˈbi/	[ˈbi] 比<名>
insolente	/ĩ.soˈlẽ.t͡ʃi/	/ĩ.soˈlẽ.t͡ʃi/	[ĩ.soˈlẽ.t͡ʃi] 无礼的<形>
germe	/ˈʒɛʁ.mi/	/ˈʒɛʁ.mi/	[ˈʒɛʁ.mi] 胚芽<名>
hospício	/osˈpi.sju/	/osˈpi.sju/	[osˈpi.sju] 临终关怀<名>
raptaram	xap.ˈta.ɾãʊ̃	xap.ˈta.ɾãʊ̃	[xap.ˈta.ɾãʊ̃] 被绑架<动>
aspirador	/as.pi.ɾaˈdoʁ/	/as.pi.ɾaˈdoʁ/	[as.pi.ɾaˈdoʁ] 吸尘器<名>
trezentos	/tɾeˈzẽ.tus/	/tɾeˈzẽ.tus/	[tɾeˈzẽ.tus] 三百<名>
réplica	/ˈʁɛ.pli.kɐ/	/ˈʁɛ.pli.kɐ/	[ˈʁɛ.pli.kɐ] 复制品<名>
fluir	/fluˈi(ʁ)/	/fluˈi(ʁ)/	[fluˈi(ʁ)] 流量<动>
sauna	/ˈsaw.nɐ/	/ˈsaw.nɐ/	[ˈsaw.nɐ] 桑拿<名>
paisana	/pajˈzɐ̃.nɐ/	/pajˈzɐ̃.nɐ/	[pajˈzɐ̃.nɐ] 便衣<名>
destacamento	/des.ta.kaˈmẽ.tu/	/des.ta.kaˈmẽ.tu/	[des.ta.kaˈmẽ.tu] 支队<名>
estojo	/isˈto.ʒu/	/isˈto.ʒu/	[isˈto.ʒu] 案例<名>
esmeralda	/iz.meˈɾaw.dɐ/	/iz.meˈɾaw.dɐ/	[iz.meˈɾaw.dɐ] 祖母绿<名>
moralidade	/mo.ɾa.liˈda.d͡ʒi/	/mo.ɾa.liˈda.d͡ʒi/	[mo.ɾa.liˈda.d͡ʒi] 道德<名>
genital	/ʒe.niˈtaw/	/ʒe.niˈtaw/	[ʒe.niˈtaw] 生殖器<名>
popa	/ˈpo.pɐ/	/ˈpo.pɐ/	[ˈpo.pɐ] 船尾<名>
gigantesco	/ʒi.ɡɐ̃ˈtes.ku/	/ʒi.ɡɐ̃ˈtes.ku/	[ʒi.ɡɐ̃ˈtes.ku] 巨大的<形>
médium	/ˈmɛ.d͡ʒiw̃/	/ˈmɛ.d͡ʒiw̃/	[ˈmɛ.d͡ʒiw̃] 中等<名>
politicamente	/puˌli.t͡ʃi.kaˈmẽ.t͡ʃi/	/puˌli.t͡ʃi.kaˈmẽ.t͡ʃi/	[puˌli.t͡ʃi.kaˈmẽ.t͡ʃi] 政治上<副>
ceo	/ˈsi ˈi ˈow/	/ˈsi ˈi ˈow/	[ˈsi ˈi ˈow] 首席执行官<名>
atacante	/a.taˈkɐ̃.t͡ʃi/	/a.taˈkɐ̃.t͡ʃi/	[a.taˈkɐ̃.t͡ʃi] 攻击者<名>
meia-idade	/ˌmej.ɐ.iˈda.d͡ʒi/	/ˌmej.ɐ.iˈda.d͡ʒi/	[ˌmej.ɐ.iˈda.d͡ʒi] 中年<名>
sabotagem	/sa.boˈta.ʒẽj̃/	/sa.boˈta.ʒẽj̃/	[sa.boˈta.ʒẽj̃] 破坏<名>
erecção	e.ɾe.ˈsãʊ̃	e.ɾe.ˈsãʊ̃	[e.ɾe.ˈsãʊ̃] 勃起<名>
sabonete	/sa.boˈne.t͡ʃi/	/sa.boˈne.t͡ʃi/	[sa.boˈne.t͡ʃi] 肥皂<名>
negociante	/ne.ɡo.siˈɐ̃.t͡ʃi/	/ne.ɡo.siˈɐ̃.t͡ʃi/	[ne.ɡo.siˈɐ̃.t͡ʃi] 经销商<名>
chocar	/ʃoˈka(ʁ)/	/ʃoˈka(ʁ)/	[ʃoˈka(ʁ)] 震惊<动>
pum	/ˈpũ/	/ˈpũ/	[ˈpũ] 放屁<名>
epinefrina	/e.pi.neˈfɾĩ.nɐ/	/e.pi.neˈfɾĩ.nɐ/	[e.pi.neˈfɾĩ.nɐ] 肾上腺素<名>
civilizado	/si.vi.liˈza.du/	/si.vi.liˈza.du/	[si.vi.liˈza.du] 文明的<形>
tórax	/ˈtɔ.ɾaks/	/ˈtɔ.ɾaks/	[ˈtɔ.ɾaks] 胸部<名>
antecedência	/ɐ̃.te.seˈdẽ.sjɐ/	/ɐ̃.te.seˈdẽ.sjɐ/	[ɐ̃.te.seˈdẽ.sjɐ] 提前<名>
jardinagem	/ʒaʁ.d͡ʒiˈna.ʒẽj̃/	/ʒaʁ.d͡ʒiˈna.ʒẽj̃/	[ʒaʁ.d͡ʒiˈna.ʒẽj̃] 园艺<名>
fantoche	/fɐ̃ˈtɔ.ʃi/	/fɐ̃ˈtɔ.ʃi/	[fɐ̃ˈtɔ.ʃi] 傀儡<名>
algemar	/aw.ʒeˈma(ʁ)/	/aw.ʒeˈma(ʁ)/	[aw.ʒeˈma(ʁ)] 手铐<动>
rasca	/ˈʁas.kɐ/	/ˈʁas.kɐ/	[ˈʁas.kɐ] 从头开始<名>
filipino	/fi.liˈpĩ.nu/	/fi.liˈpĩ.nu/	[fi.liˈpĩ.nu] 菲律宾人<名>
rochedo	/ʁoˈʃe.du/	/ʁoˈʃe.du/	[ʁoˈʃe.du] 摇滚<名>
mister	/misˈtɛʁ/	/misˈtɛʁ/	[misˈtɛʁ] 先生<名>
pose	/ˈpɔ.zi/	/ˈpɔ.zi/	[ˈpɔ.zi] 姿势<名>
névoa	/ˈnɛ.vwɐ/	/ˈnɛ.vwɐ/	[ˈnɛ.vwɐ] 雾<名>
delegacia	/de.le.ɡaˈsi.ɐ/	/de.le.ɡaˈsi.ɐ/	[de.le.ɡaˈsi.ɐ] 警察局<名>
dardo	/ˈdaʁ.du/	/ˈdaʁ.du/	[ˈdaʁ.du] 标枪<名>
exterminador	/is.teʁ.mi.naˈdoʁ/	/is.teʁ.mi.naˈdoʁ/	[is.teʁ.mi.naˈdoʁ] 灭虫者<名>
interminável	/ĩ.teʁ.miˈna.vew/	/ĩ.teʁ.miˈna.vew/	[ĩ.teʁ.miˈna.vew] 无尽的<形>
ferreiro	/feˈʁe(j).ɾu/	/feˈʁe(j).ɾu/	[feˈʁe(j).ɾu] 铁匠<名>
restrito	/ʁesˈtɾi.tu/	/ʁesˈtɾi.tu/	[ʁesˈtɾi.tu] 受限的<形>
recta	ˈxɛ.tə	ˈxɛ.tə	[ˈxɛ.tə] 直<名>
download	/ˌdaw̃ˈlo(w)d͡ʒ(i)/	/ˌdaw̃ˈlo(w)d͡ʒ(i)/	[ˌdaw̃ˈlo(w)d͡ʒ(i)] 下载<名>
ocorreram	o.ko.ˈxe.ɾãʊ̃	o.ko.ˈxe.ɾãʊ̃	[o.ko.ˈxe.ɾãʊ̃] 发生<动>
desonesto	/de.zoˈnɛs.tu/	/de.zoˈnɛs.tu/	[de.zoˈnɛs.tu] 不诚实的<形>
surra	/ˈsu.ʁɐ/	/ˈsu.ʁɐ/	[ˈsu.ʁɐ] 打屁股<名>
carpinteiro	/kaʁ.pĩˈte(j).ɾu/	/kaʁ.pĩˈte(j).ɾu/	[kaʁ.pĩˈte(j).ɾu] 木匠<名>
pregador	/pɾe.ɡaˈdoʁ/	/pɾe.ɡaˈdoʁ/	[pɾe.ɡaˈdoʁ] 传教士<名>
tranquilidade	/tɾɐ̃.kwi.liˈda.d͡ʒi/	/tɾɐ̃.kwi.liˈda.d͡ʒi/	[tɾɐ̃.kwi.liˈda.d͡ʒi] 宁静<名>
recém	/ʁeˈsẽj̃/	/ʁeˈsẽj̃/	[ʁeˈsẽj̃] 最近<副>
contusão	/kõ.tuˈzɐ̃w̃/	/kõ.tuˈzɐ̃w̃/	[kõ.tuˈzɐ̃w̃] 瘀伤<名>
mascarado	/mas.kaˈɾa.du/	/mas.kaˈɾa.du/	[mas.kaˈɾa.du] 蒙面的<形>
integral	/ĩ.teˈɡɾaw/	/ĩ.teˈɡɾaw/	[ĩ.teˈɡɾaw] 积分<名>
indicador	/ĩ.d͡ʒi.kaˈdoʁ/	/ĩ.d͡ʒi.kaˈdoʁ/	[ĩ.d͡ʒi.kaˈdoʁ] 指标<名>
hem			下摆<叹>
frequente	/fɾeˈkwẽ.t͡ʃi/	/fɾeˈkwẽ.t͡ʃi/	[fɾeˈkwẽ.t͡ʃi] 经常的<形>
desconfiar	/des.kõ.fiˈa(ʁ)/	/des.kõ.fiˈa(ʁ)/	[des.kõ.fiˈa(ʁ)] 不信任<动>
ingrato	/ĩˈɡɾa.tu/	/ĩˈɡɾa.tu/	[ĩˈɡɾa.tu] 忘恩负义<名>
velhice	/vɛˈʎi.sɨ/	/vɛˈʎi.sɨ/	[vɛˈʎi.sɨ] 晚年<名>
intimidar	/ĩ.t͡ʃi.miˈda(ʁ)/	/ĩ.t͡ʃi.miˈda(ʁ)/	[ĩ.t͡ʃi.miˈda(ʁ)] 恐吓<动>
escritura	/is.kɾiˈtu.ɾɐ/	/is.kɾiˈtu.ɾɐ/	[is.kɾiˈtu.ɾɐ] 经文<名>
part-time			兼职<名>
ko	/ˌkeˈɔ/	/ˌkeˈɔ/	[ˌkeˈɔ] 科<名>
fénix	/ˈfɛ.niks/	/ˈfɛ.niks/	[ˈfɛ.niks] 凤凰<名>
quilômetro	/kiˈlõ.me.tɾu/	/kiˈlõ.me.tɾu/	[kiˈlõ.me.tɾu] 公里<名>
pronunciar	/pɾo.nũ.siˈa(ʁ)/	/pɾo.nũ.siˈa(ʁ)/	[pɾo.nũ.siˈa(ʁ)] 发音<动>
terno	/ˈtɛʁ.nu/	/ˈtɛʁ.nu/	[ˈtɛʁ.nu] 西装<名>
azeite	/aˈzej.t͡ʃi/	/aˈzej.t͡ʃi/	[aˈzej.t͡ʃi] 橄榄油<名>
casaram	ka.ˈza.ɾãʊ̃	ka.ˈza.ɾãʊ̃	[ka.ˈza.ɾãʊ̃] 结婚了<动>
tirania	/t͡ʃi.ɾaˈni.ɐ/	/t͡ʃi.ɾaˈni.ɐ/	[t͡ʃi.ɾaˈni.ɐ] 暴政<名>
reforçar	/ʁe.foʁˈsa(ʁ)/	/ʁe.foʁˈsa(ʁ)/	[ʁe.foʁˈsa(ʁ)] 强化<动>
loiça	/ˈloj.sɐ/	/ˈloj.sɐ/	[ˈloj.sɐ] 菜肴<名>
ofereceram	o.fe.ɾe.ˈse.ɾãʊ̃	o.fe.ɾe.ˈse.ɾãʊ̃	[o.fe.ɾe.ˈse.ɾãʊ̃] 提供<动>
marfim	/maʁˈfĩ/	/maʁˈfĩ/	[maʁˈfĩ] 象牙<名>
interceptar	/ĩ.teʁ.sepˈta(ʁ)/	/ĩ.teʁ.sepˈta(ʁ)/	[ĩ.teʁ.sepˈta(ʁ)] 拦截<动>
vovô	/voˈvo/	/voˈvo/	[voˈvo] 爷爷<名>
esgotamento	/iz.ɡo.taˈmẽ.tu/	/iz.ɡo.taˈmẽ.tu/	[iz.ɡo.taˈmẽ.tu] 精疲力尽<名>
ração	/ʁaˈsɐ̃w̃/	/ʁaˈsɐ̃w̃/	[ʁaˈsɐ̃w̃] 饲料<名>
irresistível	/i.ʁe.zisˈt͡ʃi.vew/	/i.ʁe.zisˈt͡ʃi.vew/	[i.ʁe.zisˈt͡ʃi.vew] 不可抗拒的<形>
chico	/ˈʃi.ku/	/ˈʃi.ku/	[ˈʃi.ku] 奇科<名>
misericordioso	/mi.ze.ɾi.koʁ.d͡ʒiˈo.zu/	/mi.ze.ɾi.koʁ.d͡ʒiˈo.zu/	[mi.ze.ɾi.koʁ.d͡ʒiˈo.zu] 仁慈的<名>
trunfo	/ˈtɾũ.fu/	/ˈtɾũ.fu/	[ˈtɾũ.fu] 特朗普<名>
inserir	/ĩ.seˈɾi(ʁ)/	/ĩ.seˈɾi(ʁ)/	[ĩ.seˈɾi(ʁ)] 插入<动>
olga	/ˈɔw.ɡɐ/	/ˈɔw.ɡɐ/	[ˈɔw.ɡɐ] 奥尔加<名>
pugilista	/pu.ʒiˈlis.tɐ/	/pu.ʒiˈlis.tɐ/	[pu.ʒiˈlis.tɐ] 拳击手<名>
deduzir	/de.duˈzi(ʁ)/	/de.duˈzi(ʁ)/	[de.duˈzi(ʁ)] 推论<动>
cratera	/kɾaˈtɛ.ɾɐ/	/kɾaˈtɛ.ɾɐ/	[kɾaˈtɛ.ɾɐ] 火山口<名>
planície	/plaˈni.si/	/plaˈni.si/	[plaˈni.si] 普通的<名>
rapaziada	/ʁa.pa.ziˈa.dɐ/	/ʁa.pa.ziˈa.dɐ/	[ʁa.pa.ziˈa.dɐ] 伙计们<名>
documentação	/do.ku.mẽ.taˈsɐ̃w̃/	/do.ku.mẽ.taˈsɐ̃w̃/	[do.ku.mẽ.taˈsɐ̃w̃] 文档<名>
puxado	/puˈʃa.du/	/puˈʃa.du/	[puˈʃa.du] 拉<名>
tô	/ˈto/	/ˈto/	[ˈto] 我是<动>
popularidade	/po.pu.la.ɾiˈda.d͡ʒi/	/po.pu.la.ɾiˈda.d͡ʒi/	[po.pu.la.ɾiˈda.d͡ʒi] 人气<名>
turbar	/tuʁˈba(ʁ)/	/tuʁˈba(ʁ)/	[tuʁˈba(ʁ)] 打扰<动>
hierarquia	/je.ɾaʁˈki.ɐ/	/je.ɾaʁˈki.ɐ/	[je.ɾaʁˈki.ɐ] 等级制度<名>
trimestre	/tɾiˈmɛs.tɾi/	/tɾiˈmɛs.tɾi/	[tɾiˈmɛs.tɾi] 四分之一<名>
tapa	/ˈta.pɐ/	/ˈta.pɐ/	[ˈta.pɐ] 巴掌<名>
caráter	/kaˈɾa.teʁ/	/kaˈɾa.teʁ/	[kaˈɾa.teʁ] 性格<名>
censurar	/sẽ.suˈɾa(ʁ)/	/sẽ.suˈɾa(ʁ)/	[sẽ.suˈɾa(ʁ)] 审查员<动>
regressaram	xe.gɾi.ˈsa.ɾãʊ̃	xe.gɾi.ˈsa.ɾãʊ̃	[xe.gɾi.ˈsa.ɾãʊ̃] 返回<动>
furado	/fuˈɾa.du/	/fuˈɾa.du/	[fuˈɾa.du] 无聊<形>
caracol	/ka.ɾaˈkɔw/	/ka.ɾaˈkɔw/	[ka.ɾaˈkɔw] 蜗牛<名>
enxerto	/ẽˈʃeʁ.tu/	/ẽˈʃeʁ.tu/	[ẽˈʃeʁ.tu] 嫁接<名>
recinto	/ʁeˈsĩ.tu/	/ʁeˈsĩ.tu/	[ʁeˈsĩ.tu] 外壳<名>
intencional	/ĩ.tẽ.si.oˈnaw/	/ĩ.tẽ.si.oˈnaw/	[ĩ.tẽ.si.oˈnaw] 故意的<形>
turbulência	/tuʁ.buˈlẽ.sjɐ/	/tuʁ.buˈlẽ.sjɐ/	[tuʁ.buˈlẽ.sjɐ] 湍流<名>
delegação	/de.le.ɡaˈsɐ̃w̃/	/de.le.ɡaˈsɐ̃w̃/	[de.le.ɡaˈsɐ̃w̃] 代表团<名>
cálice	/ˈka.li.si/	/ˈka.li.si/	[ˈka.li.si] 圣杯<名>
mármore	/ˈmaʁ.mo.ɾi/	/ˈmaʁ.mo.ɾi/	[ˈmaʁ.mo.ɾi] 大理石<名>
lira	/ˈli.ɾɐ/	/ˈli.ɾɐ/	[ˈli.ɾɐ] 里拉<名>
toupeira	/to(w)ˈpe(j).ɾɐ/	/to(w)ˈpe(j).ɾɐ/	[to(w)ˈpe(j).ɾɐ] 摩尔<名>
soneca	/soˈnɛ.kɐ/	/soˈnɛ.kɐ/	[soˈnɛ.kɐ] 打盹<名>
ponche	/ˈpõ.ʃi/	/ˈpõ.ʃi/	[ˈpõ.ʃi] 冲孔<名>
quebrada	/keˈbɾa.dɐ/	/keˈbɾa.dɐ/	[keˈbɾa.dɐ] 坏了<名>
neutralizar	/new.tɾa.liˈza(ʁ)/	/new.tɾa.liˈza(ʁ)/	[new.tɾa.liˈza(ʁ)] 中和<动>
là			那里<副>
mendigo	/mẽˈd͡ʒi.ɡu/	/mẽˈd͡ʒi.ɡu/	[mẽˈd͡ʒi.ɡu] 乞丐<名>
distração	/d͡ʒis.tɾaˈsɐ̃w̃/	/d͡ʒis.tɾaˈsɐ̃w̃/	[d͡ʒis.tɾaˈsɐ̃w̃] 分散注意力<名>
matraca	/maˈtɾa.kɐ/	/maˈtɾa.kɐ/	[maˈtɾa.kɐ] 拨浪鼓<名>
reprodução	/ʁe.pɾo.duˈsɐ̃w̃/	/ʁe.pɾo.duˈsɐ̃w̃/	[ʁe.pɾo.duˈsɐ̃w̃] 繁殖<名>
vó	/ˈvɔ/	/ˈvɔ/	[ˈvɔ] 奶奶<名>
escravidão	/is.kɾa.viˈdɐ̃w̃/	/is.kɾa.viˈdɐ̃w̃/	[is.kɾa.viˈdɐ̃w̃] 奴隶制<名>
obra-prima	/ˌɔ.bɾɐˈpɾĩ.mɐ/	/ˌɔ.bɾɐˈpɾĩ.mɐ/	[ˌɔ.bɾɐˈpɾĩ.mɐ] 杰作<名>
aviação	/a.vi.aˈsɐ̃w̃/	/a.vi.aˈsɐ̃w̃/	[a.vi.aˈsɐ̃w̃] 航空<名>
watt	/ˈwɔ.t͡ʃi/	/ˈwɔ.t͡ʃi/	[ˈwɔ.t͡ʃi] 瓦特<名>
trepar	/tɾeˈpa(ʁ)/	/tɾeˈpa(ʁ)/	[tɾeˈpa(ʁ)] 攀登<动>
emocionado	/e.mo.si.oˈna.du/	/e.mo.si.oˈna.du/	[e.mo.si.oˈna.du] 情绪化的<形>
marquês	/maʁˈke(j)s/	/maʁˈke(j)s/	[maʁˈke(j)s] 侯爵<名>
desiludir	/de.zi.luˈd͡ʒi(ʁ)/	/de.zi.luˈd͡ʒi(ʁ)/	[de.zi.luˈd͡ʒi(ʁ)] 失望<动>
utilizador	/u.t͡ʃi.li.zaˈdoʁ/	/u.t͡ʃi.li.zaˈdoʁ/	[u.t͡ʃi.li.zaˈdoʁ] 用户<名>
víbora	/ˈvi.bo.ɾɐ/	/ˈvi.bo.ɾɐ/	[ˈvi.bo.ɾɐ] 毒蛇<名>
salgado	/sawˈɡa.du/	/sawˈɡa.du/	[sawˈɡa.du] 咸的<名>
colono	/koˈlõ.nu/	/koˈlõ.nu/	[koˈlõ.nu] 殖民者<名>
fumaça	/fuˈma.sɐ/	/fuˈma.sɐ/	[fuˈma.sɐ] 抽烟<名>
olimpíada	/o.lĩˈpi.ɐ.dɐ/	/o.lĩˈpi.ɐ.dɐ/	[o.lĩˈpi.ɐ.dɐ] 奥运会<名>
organizada	/oʁ.ɡa.niˈza.dɐ/	/oʁ.ɡa.niˈza.dɐ/	[oʁ.ɡa.niˈza.dɐ] 有组织的<名>
precipício	/pɾe.siˈpi.sju/	/pɾe.siˈpi.sju/	[pɾe.siˈpi.sju] 悬崖<名>
subiram	su.ˈbi.ɾãʊ̃	su.ˈbi.ɾãʊ̃	[su.ˈbi.ɾãʊ̃] 玫瑰<动>
trela	/ˈtɾɛ.lɐ/	/ˈtɾɛ.lɐ/	[ˈtɾɛ.lɐ] 皮带<名>
retrete	/ʁeˈtɾɛ.t͡ʃi/	/ʁeˈtɾɛ.t͡ʃi/	[ʁeˈtɾɛ.t͡ʃi] 厕所<名>
lançador	/lɐ̃.saˈdoʁ/	/lɐ̃.saˈdoʁ/	[lɐ̃.saˈdoʁ] 发射器<名>
viral	/viˈɾaw/	/viˈɾaw/	[viˈɾaw] 病毒式的<形>
contrataram	kõ.tɾa.ˈta.ɾãʊ̃	kõ.tɾa.ˈta.ɾãʊ̃	[kõ.tɾa.ˈta.ɾãʊ̃] 雇用<动>
tomara	/toˈma.ɾɐ/	/toˈma.ɾɐ/	[toˈma.ɾɐ] 希望<叹>
alface	/awˈfa.si/	/awˈfa.si/	[awˈfa.si] 生菜<名>
sensei	/sẽˈsej/	/sẽˈsej/	[sẽˈsej] 老师<名>
obediência	/o.be.d͡ʒiˈẽ.sjɐ/	/o.be.d͡ʒiˈẽ.sjɐ/	[o.be.d͡ʒiˈẽ.sjɐ] 服从<名>
brecha	/ˈbɾɛ.ʃɐ/	/ˈbɾɛ.ʃɐ/	[ˈbɾɛ.ʃɐ] 漏洞<名>
zangar	/zɐ̃ˈɡa(ʁ)/	/zɐ̃ˈɡa(ʁ)/	[zɐ̃ˈɡa(ʁ)] 生气<动>
bebedeira	/be.beˈde(j).ɾɐ/	/be.beˈde(j).ɾɐ/	[be.beˈde(j).ɾɐ] 醉酒<名>
dependente	/de.pẽˈdẽ.t͡ʃi/	/de.pẽˈdẽ.t͡ʃi/	[de.pẽˈdẽ.t͡ʃi] 依赖的<名>
arrepiante	/a.ʁe.piˈɐ̃.t͡ʃi/	/a.ʁe.piˈɐ̃.t͡ʃi/	[a.ʁe.piˈɐ̃.t͡ʃi] 令人不寒而栗<形>
intrigante	/ĩ.tɾiˈɡɐ̃.t͡ʃi/	/ĩ.tɾiˈɡɐ̃.t͡ʃi/	[ĩ.tɾiˈɡɐ̃.t͡ʃi] 有趣的<名>
racial	/ʁa.siˈaw/	/ʁa.siˈaw/	[ʁa.siˈaw] 种族<形>
lavatório	/la.vaˈtɔ.ɾju/	/la.vaˈtɔ.ɾju/	[la.vaˈtɔ.ɾju] 洗脸盆<名>
adoecer	/a.du.eˈse(ʁ)/	/a.du.eˈse(ʁ)/	[a.du.eˈse(ʁ)] 生病<动>
sustento	/susˈtẽ.tu/	/susˈtẽ.tu/	[susˈtẽ.tu] 维持生计<名>
ante	/ˈɐ̃.t͡ʃi/	/ˈɐ̃.t͡ʃi/	[ˈɐ̃.t͡ʃi] 之前<副>
indemnização	ĩ.dẽ.ni.za.ˈsãʊ̃	ĩ.dẽ.ni.za.ˈsãʊ̃	[ĩ.dẽ.ni.za.ˈsãʊ̃] 补偿<名>
minoria	/mi.noˈɾi.ɐ/	/mi.noˈɾi.ɐ/	[mi.noˈɾi.ɐ] 少数民族<名>
angariar	/ɐ̃.ɡa.ɾiˈa(ʁ)/	/ɐ̃.ɡa.ɾiˈa(ʁ)/	[ɐ̃.ɡa.ɾiˈa(ʁ)] 提高<动>
perspetiva	/pɨɾʃ.pɛˈti.vɐ/	/pɨɾʃ.pɛˈti.vɐ/	[pɨɾʃ.pɛˈti.vɐ] 观点<名>
combatente	/kõ.baˈtẽ.t͡ʃi/	/kõ.baˈtẽ.t͡ʃi/	[kõ.baˈtẽ.t͡ʃi] 战斗员<名>
sonar	/soˈnaʁ/	/soˈnaʁ/	[soˈnaʁ] 声纳<名>
chuto	/ˈʃu.tu/	/ˈʃu.tu/	[ˈʃu.tu] 踢<名>
canil	/kɐ̃ˈniw/	/kɐ̃ˈniw/	[kɐ̃ˈniw] 狗舍<名>
demoraram	de.mo.ˈɾa.ɾãʊ̃	de.mo.ˈɾa.ɾãʊ̃	[de.mo.ˈɾa.ɾãʊ̃] 花了很长时间<动>
carrasco	/kaˈʁas.ku/	/kaˈʁas.ku/	[kaˈʁas.ku] 刽子手<名>
torrada	/toˈʁa.dɐ/	/toˈʁa.dɐ/	[toˈʁa.dɐ] 吐司<名>
bug	/ˈbu.ɡi/	/ˈbu.ɡi/	[ˈbu.ɡi] 错误<名>
tocaram	to.ˈka.ɾãʊ̃	to.ˈka.ɾãʊ̃	[to.ˈka.ɾãʊ̃] 玩过<动>
trapalhada	/tɾa.paˈʎa.dɐ/	/tɾa.paˈʎa.dɐ/	[tɾa.paˈʎa.dɐ] 混乱<名>
cisne	/ˈsiz.ni/	/ˈsiz.ni/	[ˈsiz.ni] 天鹅<名>
dino	/ˈd͡ʒĩ.nu/	/ˈd͡ʒĩ.nu/	[ˈd͡ʒĩ.nu] 恐龙<名>
contracto	kõˈtɾak.tu	kõˈtɾak.tu	[kõˈtɾak.tu] 合同<名>
congregação	/kõ.ɡɾe.ɡaˈsɐ̃w̃/	/kõ.ɡɾe.ɡaˈsɐ̃w̃/	[kõ.ɡɾe.ɡaˈsɐ̃w̃] 会众<名>
performance	/peʁˈfɔʁ.mɐ̃.si/	/peʁˈfɔʁ.mɐ̃.si/	[peʁˈfɔʁ.mɐ̃.si] 表现<名>
caca	/ˈka.kɐ/	/ˈka.kɐ/	[ˈka.kɐ] 狩猎<名>
doutoramento	/do(w).to.ɾaˈmẽ.tu/	/do(w).to.ɾaˈmẽ.tu/	[do(w).to.ɾaˈmẽ.tu] 博士学位<名>
elegância	/e.leˈɡɐ̃.sjɐ/	/e.leˈɡɐ̃.sjɐ/	[e.leˈɡɐ̃.sjɐ] 优雅<名>
jaguar	/ʒaˈɡwaʁ/	/ʒaˈɡwaʁ/	[ʒaˈɡwaʁ] 捷豹<名>
racismo	/ʁaˈsiz.mu/	/ʁaˈsiz.mu/	[ʁaˈsiz.mu] 种族主义<名>
tava	/ˈta.vɐ/	/ˈta.vɐ/	[ˈta.vɐ] 是<动>
arquitectura	ax.ki.te.ˈtu.ɾə	ax.ki.te.ˈtu.ɾə	[ax.ki.te.ˈtu.ɾə] 建筑学<名>
baterista	/ba.teˈɾis.tɐ/	/ba.teˈɾis.tɐ/	[ba.teˈɾis.tɐ] 鼓手<名>
sanidade	/sa.niˈda.d͡ʒi/	/sa.niˈda.d͡ʒi/	[sa.niˈda.d͡ʒi] 理智<名>
retardado	/ʁe.taʁˈda.du/	/ʁe.taʁˈda.du/	[ʁe.taʁˈda.du] 迟钝的<名>
convir	/kõˈvi(ʁ)/	/kõˈvi(ʁ)/	[kõˈvi(ʁ)] 同意<动>
salvaram	saw.ˈva.ɾãʊ̃	saw.ˈva.ɾãʊ̃	[saw.ˈva.ɾãʊ̃] 已保存<动>
sapatilha	/sa.paˈt͡ʃi.ʎɐ/	/sa.paˈt͡ʃi.ʎɐ/	[sa.paˈt͡ʃi.ʎɐ] 运动鞋<名>
eliminação	/e.li.mi.naˈsɐ̃w̃/	/e.li.mi.naˈsɐ̃w̃/	[e.li.mi.naˈsɐ̃w̃] 消除<名>
propulsão	/pɾo.puwˈsɐ̃w̃/	/pɾo.puwˈsɐ̃w̃/	[pɾo.puwˈsɐ̃w̃] 推进力<名>
saldo	/ˈsaw.du/	/ˈsaw.du/	[ˈsaw.du] 平衡<名>
cauteloso	/kaw.teˈlo.zu/	/kaw.teˈlo.zu/	[kaw.teˈlo.zu] 谨慎<形>
prateado	/pɾa.teˈa.du/	/pɾa.teˈa.du/	[pɾa.teˈa.du] 银<名>
apto	/ˈap.tu/	/ˈap.tu/	[ˈap.tu] 适合<名>
guru	/ɡuˈɾu/	/ɡuˈɾu/	[ɡuˈɾu] 大师<名>
validade	/va.liˈda.d͡ʒi/	/va.liˈda.d͡ʒi/	[va.liˈda.d͡ʒi] 有效性<名>
relaxante	/ʁe.laˈʃɐ̃.t͡ʃi/	/ʁe.laˈʃɐ̃.t͡ʃi/	[ʁe.laˈʃɐ̃.t͡ʃi] 放松<名>
potássio	/poˈta.sju/	/poˈta.sju/	[poˈta.sju] 钾<名>
endireitar	/ẽ.d͡ʒi.ɾejˈta(ʁ)/	/ẽ.d͡ʒi.ɾejˈta(ʁ)/	[ẽ.d͡ʒi.ɾejˈta(ʁ)] 拉直<动>
mentalidade	/mẽ.ta.liˈda.d͡ʒi/	/mẽ.ta.liˈda.d͡ʒi/	[mẽ.ta.liˈda.d͡ʒi] 心态<名>
chifre	/ˈʃi.fɾi/	/ˈʃi.fɾi/	[ˈʃi.fɾi] 号角<名>
bancada	/bɐ̃ˈka.dɐ/	/bɐ̃ˈka.dɐ/	[bɐ̃ˈka.dɐ] 长凳<名>
password	/paˈswoɾ.dɨ/	/paˈswoɾ.dɨ/	[paˈswoɾ.dɨ] 密码<名>
actualizar	a.tu.a.li.ˈzax	a.tu.a.li.ˈzax	[a.tu.a.li.ˈzax] 更新<动>
peido	/ˈpej.du/	/ˈpej.du/	[ˈpej.du] 放屁<名>
galdéria	/ɡalˈdɛ.ɾjɐ/	/ɡalˈdɛ.ɾjɐ/	[ɡalˈdɛ.ɾjɐ] 荡妇<名>
porção	/poʁˈsɐ̃w̃/	/poʁˈsɐ̃w̃/	[poʁˈsɐ̃w̃] 部分<名>
destruidor	/des.tɾu.iˈdoʁ/	/des.tɾu.iˈdoʁ/	[des.tɾu.iˈdoʁ] 驱逐舰<名>
penhor	/pẽˈɲoʁ/	/pẽˈɲoʁ/	[pẽˈɲoʁ] 承诺<名>
graal	/ɡɾaˈaw/	/ɡɾaˈaw/	[ɡɾaˈaw] 圣杯<名>
perfurar	/peʁ.fuˈɾa(ʁ)/	/peʁ.fuˈɾa(ʁ)/	[peʁ.fuˈɾa(ʁ)] 皮尔斯<动>
apoiante	/a.pojˈɐ̃.t͡ʃi/	/a.pojˈɐ̃.t͡ʃi/	[a.pojˈɐ̃.t͡ʃi] 支持者<名>
internado	/ĩ.teʁˈna.du/	/ĩ.teʁˈna.du/	[ĩ.teʁˈna.du] 住院治疗<名>
hostilidade	/os.t͡ʃi.liˈda.d͡ʒi/	/os.t͡ʃi.liˈda.d͡ʒi/	[os.t͡ʃi.liˈda.d͡ʒi] 敌意<名>
excêntrico	/eˈsẽ.tɾi.ku/	/eˈsẽ.tɾi.ku/	[eˈsẽ.tɾi.ku] 古怪的<名>
definitivo	/de.fi.niˈt͡ʃi.vu/	/de.fi.niˈt͡ʃi.vu/	[de.fi.niˈt͡ʃi.vu] 确定的<形>
desandar	/de.zɐ̃ˈda(ʁ)/	/de.zɐ̃ˈda(ʁ)/	[de.zɐ̃ˈda(ʁ)] 解开<动>
imoral	/i.moˈɾaw/	/i.moˈɾaw/	[i.moˈɾaw] 不道德的<形>
rigor	/ʁiˈɡoʁ/	/ʁiˈɡoʁ/	[ʁiˈɡoʁ] 严谨<名>
operário	/o.peˈɾa.ɾju/	/o.peˈɾa.ɾju/	[o.peˈɾa.ɾju] 工人<名>
renascer	/ʁe.naˈse(ʁ)/	/ʁe.naˈse(ʁ)/	[ʁe.naˈse(ʁ)] 重生<动>
soda	/ˈsɔ.dɐ/	/ˈsɔ.dɐ/	[ˈsɔ.dɐ] 苏打水<名>
meigo	/ˈme(j).ɡu/	/ˈme(j).ɡu/	[ˈme(j).ɡu] 甜甜的<形>
égua	/ˈɛ.ɡwɐ/	/ˈɛ.ɡwɐ/	[ˈɛ.ɡwɐ] 母马<名>
wi-fi	ˌwajˈfaj	ˌwajˈfaj	[ˌwajˈfaj] 无线网络<名>
paranormal	/pa.ɾa.noʁˈmaw/	/pa.ɾa.noʁˈmaw/	[pa.ɾa.noʁˈmaw] 超自然现象<形>
microscópio	/mi.kɾosˈkɔ.pju/	/mi.kɾosˈkɔ.pju/	[mi.kɾosˈkɔ.pju] 显微镜<名>
joalharia	/ʒo.a.ʎaˈɾi.ɐ/	/ʒo.a.ʎaˈɾi.ɐ/	[ʒo.a.ʎaˈɾi.ɐ] 珠宝<名>
desejado	/de.zeˈʒa.du/	/de.zeˈʒa.du/	[de.zeˈʒa.du] 想要的<形>
nobreza	/noˈbɾe.zɐ/	/noˈbɾe.zɐ/	[noˈbɾe.zɐ] 贵族<名>
grado	/ˈɡɾa.du/	/ˈɡɾa.du/	[ˈɡɾa.du] 学位<名>
manualmente	/ma.nuˌawˈmẽ.t͡ʃi/	/ma.nuˌawˈmẽ.t͡ʃi/	[ma.nuˌawˈmẽ.t͡ʃi] 手动<副>
intoxicação	/ĩ.tok.si.kaˈsɐ̃w̃/	/ĩ.tok.si.kaˈsɐ̃w̃/	[ĩ.tok.si.kaˈsɐ̃w̃] 中毒<名>
deficiência	/de.fi.siˈẽ.sjɐ/	/de.fi.siˈẽ.sjɐ/	[de.fi.siˈẽ.sjɐ] 残疾<名>
limitação	/li.mi.taˈsɐ̃w̃/	/li.mi.taˈsɐ̃w̃/	[li.mi.taˈsɐ̃w̃] 限制<名>
carnaval	/kaʁ.naˈvaw/	/kaʁ.naˈvaw/	[kaʁ.naˈvaw] 嘉年华<名>
empresarial	/ẽ.pɾe.za.ɾiˈaw/	/ẽ.pɾe.za.ɾiˈaw/	[ẽ.pɾe.za.ɾiˈaw] 商业<形>
leopardo	/le.oˈpaʁ.du/	/le.oˈpaʁ.du/	[le.oˈpaʁ.du] 豹子<名>
competência	/kõ.peˈtẽ.sjɐ/	/kõ.peˈtẽ.sjɐ/	[kõ.peˈtẽ.sjɐ] 能力<名>
arduamente	/ˌaʁ.dwaˈmẽ.t͡ʃi/	/ˌaʁ.dwaˈmẽ.t͡ʃi/	[ˌaʁ.dwaˈmẽ.t͡ʃi] 硬<副>
acessório	/a.seˈsɔ.ɾju/	/a.seˈsɔ.ɾju/	[a.seˈsɔ.ɾju] 配件<名>
escavação	/is.ka.vaˈsɐ̃w̃/	/is.ka.vaˈsɐ̃w̃/	[is.ka.vaˈsɐ̃w̃] 挖掘<名>
baseball			棒球<名>
piça	/ˈpi.sɐ/	/ˈpi.sɐ/	[ˈpi.sɐ] 公鸡<名>
blindado	/blĩˈda.du/	/blĩˈda.du/	[blĩˈda.du] 装甲的<名>
herpes	/ˈɛʁ.pis/	/ˈɛʁ.pis/	[ˈɛʁ.pis] 疱疹<名>
adesivo	/a.deˈzi.vu/	/a.deˈzi.vu/	[a.deˈzi.vu] 贴纸<名>
pontual	/põ.tuˈaw/	/põ.tuˈaw/	[põ.tuˈaw] 准时的<形>
canhoto	/kɐ̃ˈɲo.tu/	/kɐ̃ˈɲo.tu/	[kɐ̃ˈɲo.tu] 左撇子<名>
equilibrar	/e.ki.liˈbɾa(ʁ)/	/e.ki.liˈbɾa(ʁ)/	[e.ki.liˈbɾa(ʁ)] 平衡<动>
comporta	/kõˈpɔʁ.tɐ/	/kõˈpɔʁ.tɐ/	[kõˈpɔʁ.tɐ] 持有<名>
toxicológico	/tok.si.koˈlɔ.ʒi.ku/	/tok.si.koˈlɔ.ʒi.ku/	[tok.si.koˈlɔ.ʒi.ku] 毒理学的<形>
benção	/bẽˈsɐ̃w̃/	/bẽˈsɐ̃w̃/	[bẽˈsɐ̃w̃] 祝福<名>
inclinado	/ĩ.kliˈna.du/	/ĩ.kliˈna.du/	[ĩ.kliˈna.du] 倾斜的<形>
acelerado	/a.se.leˈɾa.du/	/a.se.leˈɾa.du/	[a.se.leˈɾa.du] 加速的<形>
telefonista	/te.le.foˈnis.tɐ/	/te.le.foˈnis.tɐ/	[te.le.foˈnis.tɐ] 操作员<名>
lingua	ˈlĩ.gwə	ˈlĩ.gwə	[ˈlĩ.gwə] 语言<名>
neutro	/ˈnew.tɾu/	/ˈnew.tɾu/	[ˈnew.tɾu] 中立的<形>
relíquia	/ʁeˈli.kjɐ/	/ʁeˈli.kjɐ/	[ʁeˈli.kjɐ] 遗物<名>
protagonista	/pɾo.ta.ɡoˈnis.tɐ/	/pɾo.ta.ɡoˈnis.tɐ/	[pɾo.ta.ɡoˈnis.tɐ] 主角<名>
atuação	/a.tu.aˈsɐ̃w̃/	/a.tu.aˈsɐ̃w̃/	[a.tu.aˈsɐ̃w̃] 表演<名>
abalado	/a.baˈla.du/	/a.baˈla.du/	[a.baˈla.du] 动摇<形>
perfuração	/peʁ.fu.ɾaˈsɐ̃w̃/	/peʁ.fu.ɾaˈsɐ̃w̃/	[peʁ.fu.ɾaˈsɐ̃w̃] 钻孔<名>
regente	/ʁeˈʒẽ.t͡ʃi/	/ʁeˈʒẽ.t͡ʃi/	[ʁeˈʒẽ.t͡ʃi] 导体<名>
ouvinte	/o(w)ˈvĩ.t͡ʃi/	/o(w)ˈvĩ.t͡ʃi/	[o(w)ˈvĩ.t͡ʃi] 听众<名>
lulu	/luˈlu/	/luˈlu/	[luˈlu] 露露<名>
diplomata	/d͡ʒi.ploˈma.tɐ/	/d͡ʒi.ploˈma.tɐ/	[d͡ʒi.ploˈma.tɐ] 外交官<名>
sultão	/suwˈtɐ̃w̃/	/suwˈtɐ̃w̃/	[suwˈtɐ̃w̃] 苏丹<名>
discípulo	/d͡ʒiˈsi.pu.lu/	/d͡ʒiˈsi.pu.lu/	[d͡ʒiˈsi.pu.lu] 弟子<名>
bonitinho	/bu.niˈt͡ʃĩ.ɲu/	/bu.niˈt͡ʃĩ.ɲu/	[bu.niˈt͡ʃĩ.ɲu] 可爱<形>
teso	/ˈte.zu/	/ˈte.zu/	[ˈte.zu] 欲火中烧<名>
bronzeado	/bɾõ.zeˈa.du/	/bɾõ.zeˈa.du/	[bɾõ.zeˈa.du] 晒黑<名>
remar	/ʁeˈma(ʁ)/	/ʁeˈma(ʁ)/	[ʁeˈma(ʁ)] 行<动>
perturbação	/peʁ.tuʁ.baˈsɐ̃w̃/	/peʁ.tuʁ.baˈsɐ̃w̃/	[peʁ.tuʁ.baˈsɐ̃w̃] 干扰<名>
polegada	/po.leˈɡa.dɐ/	/po.leˈɡa.dɐ/	[po.leˈɡa.dɐ] 英寸<名>
domicílio	/do.miˈsi.lju/	/do.miˈsi.lju/	[do.miˈsi.lju] 住所<名>
stressado	/stɾɛˈsa.du/	/stɾɛˈsa.du/	[stɾɛˈsa.du] 强调<形>
ocupa	o.ˈku.pə	o.ˈku.pə	[o.ˈku.pə] 占据<名>
enferrujado	/ẽ.fe.ʁuˈʒa.du/	/ẽ.fe.ʁuˈʒa.du/	[ẽ.fe.ʁuˈʒa.du] 生锈的<形>
problemático	/pɾo.bleˈma.t͡ʃi.ku/	/pɾo.bleˈma.t͡ʃi.ku/	[pɾo.bleˈma.t͡ʃi.ku] 有问题的<形>
boulevard	/bu.leˈvaʁ/	/bu.leˈvaʁ/	[bu.leˈvaʁ] 大道<名>
solucionar	/so.lu.si.oˈna(ʁ)/	/so.lu.si.oˈna(ʁ)/	[so.lu.si.oˈna(ʁ)] 解决<动>
idiotice	/i.d͡ʒi.oˈt͡ʃi.si/	/i.d͡ʒi.oˈt͡ʃi.si/	[i.d͡ʒi.oˈt͡ʃi.si] 白痴<名>
carrego	/kaˈʁe.ɡu/	/kaˈʁe.ɡu/	[kaˈʁe.ɡu] 携带<名>
poluição	/po.lu.iˈsɐ̃w̃/	/po.lu.iˈsɐ̃w̃/	[po.lu.iˈsɐ̃w̃] 污染<名>
desmontar	/dez.mõˈta(ʁ)/	/dez.mõˈta(ʁ)/	[dez.mõˈta(ʁ)] 拆解<动>
encenação	/ẽ.se.naˈsɐ̃w̃/	/ẽ.se.naˈsɐ̃w̃/	[ẽ.se.naˈsɐ̃w̃] 分期<名>
polígrafo	/poˈli.ɡɾa.fu/	/poˈli.ɡɾa.fu/	[poˈli.ɡɾa.fu] 测谎仪<名>
cru	/ˈkɾu/	/ˈkɾu/	[ˈkɾu] 原始的<形>
duplicar	/du.pliˈka(ʁ)/	/du.pliˈka(ʁ)/	[du.pliˈka(ʁ)] 重复的<动>
plausível	/plawˈzi.vew/	/plawˈzi.vew/	[plawˈzi.vew] 似是而非的<形>
itinerário	/i.t͡ʃi.neˈɾa.ɾju/	/i.t͡ʃi.neˈɾa.ɾju/	[i.t͡ʃi.neˈɾa.ɾju] 行程<名>
acostumar	/a.kos.tuˈma(ʁ)/	/a.kos.tuˈma(ʁ)/	[a.kos.tuˈma(ʁ)] 习惯<动>
veludo	/veˈlu.du/	/veˈlu.du/	[veˈlu.du] 天鹅绒<名>
desejoso	/de.zeˈʒo.zu/	/de.zeˈʒo.zu/	[de.zeˈʒo.zu] 渴望的<形>
loucamente	/ˌlo(w).kaˈmẽ.t͡ʃi/	/ˌlo(w).kaˈmẽ.t͡ʃi/	[ˌlo(w).kaˈmẽ.t͡ʃi] 疯狂地<副>
estática	/isˈta.t͡ʃi.kɐ/	/isˈta.t͡ʃi.kɐ/	[isˈta.t͡ʃi.kɐ] 静态的<名>
capataz	/ka.paˈta(j)s/	/ka.paˈta(j)s/	[ka.paˈta(j)s] 工头<名>
aura	/ˈaw.ɾɐ/	/ˈaw.ɾɐ/	[ˈaw.ɾɐ] 光环<名>
gorducho	/ɡoʁˈdu.ʃu/	/ɡoʁˈdu.ʃu/	[ɡoʁˈdu.ʃu] 胖乎乎的<名>
reabrir	/ʁe.aˈbɾi(ʁ)/	/ʁe.aˈbɾi(ʁ)/	[ʁe.aˈbɾi(ʁ)] 重新开放<动>
procuraram	pɾo.ku.ˈɾa.ɾãʊ̃	pɾo.ku.ˈɾa.ɾãʊ̃	[pɾo.ku.ˈɾa.ɾãʊ̃] 搜索过<动>
rural	/ʁuˈɾaw/	/ʁuˈɾaw/	[ʁuˈɾaw] 农村的<形>
agudo	/aˈɡu.du/	/aˈɡu.du/	[aˈɡu.du] 锋利的<形>
prometeram	pɾo.me.ˈte.ɾãʊ̃	pɾo.me.ˈte.ɾãʊ̃	[pɾo.me.ˈte.ɾãʊ̃] 答应的<动>
blusão	/bluˈzɐ̃w̃/	/bluˈzɐ̃w̃/	[bluˈzɐ̃w̃] 风衣<名>
lápide	/ˈla.pi.d͡ʒi/	/ˈla.pi.d͡ʒi/	[ˈla.pi.d͡ʒi] 墓碑<名>
matadouro	/ma.taˈdo(w).ɾu/	/ma.taˈdo(w).ɾu/	[ma.taˈdo(w).ɾu] 屠宰场<名>
anulação	/a.nu.laˈsɐ̃w̃/	/a.nu.laˈsɐ̃w̃/	[a.nu.laˈsɐ̃w̃] 取消<名>
maravilhosamente	/ma.ɾa.viˌʎɔ.zaˈmẽ.t͡ʃi/	/ma.ɾa.viˌʎɔ.zaˈmẽ.t͡ʃi/	[ma.ɾa.viˌʎɔ.zaˈmẽ.t͡ʃi] 奇妙地<副>
sucessor	/su.seˈsoʁ/	/su.seˈsoʁ/	[su.seˈsoʁ] 继任者<名>
penal	/peˈnaw/	/peˈnaw/	[peˈnaw] 罪犯<名>
espantado	/is.pɐ̃ˈta.du/	/is.pɐ̃ˈta.du/	[is.pɐ̃ˈta.du] 惊讶<形>
mastro	/ˈmas.tɾu/	/ˈmas.tɾu/	[ˈmas.tɾu] 桅杆<名>
coçar	/koˈsa(ʁ)/	/koˈsa(ʁ)/	[koˈsa(ʁ)] 从头开始<动>
marinho	/maˈɾĩ.ɲu/	/maˈɾĩ.ɲu/	[maˈɾĩ.ɲu] 海洋<形>
neural	/newˈɾaw/	/newˈɾaw/	[newˈɾaw] 神经的<形>
primeira-dama	/pɾiˈme(j).ɾɐ ˈdɐ̃.mɐ/	/pɾiˈme(j).ɾɐ ˈdɐ̃.mɐ/	[pɾiˈme(j).ɾɐ ˈdɐ̃.mɐ] 第一夫人<名>
quântico	/ˈkwɐ̃.t͡ʃi.ku/	/ˈkwɐ̃.t͡ʃi.ku/	[ˈkwɐ̃.t͡ʃi.ku] 量子<形>
estabelecido	/is.ta.be.leˈsi.du/	/is.ta.be.leˈsi.du/	[is.ta.be.leˈsi.du] 成立<形>
atração	/a.tɾaˈsɐ̃w̃/	/a.tɾaˈsɐ̃w̃/	[a.tɾaˈsɐ̃w̃] 景点<名>
pino	/ˈpi.nu/	/ˈpi.nu/	[ˈpi.nu] 针<名>
relaxado	/ʁe.laˈʃa.du/	/ʁe.laˈʃa.du/	[ʁe.laˈʃa.du] 放松<形>
despensa	/desˈpẽ.sɐ/	/desˈpẽ.sɐ/	[desˈpẽ.sɐ] 食品储藏室<名>
exercitar	/e.zeʁ.siˈta(ʁ)/	/e.zeʁ.siˈta(ʁ)/	[e.zeʁ.siˈta(ʁ)] 锻炼<动>
tractor	tɾa.ˈtox	tɾa.ˈtox	[tɾa.ˈtox] 拖拉机<名>
estima	/isˈt͡ʃĩ.mɐ/	/isˈt͡ʃĩ.mɐ/	[isˈt͡ʃĩ.mɐ] 尊重<名>
aceitação	/a.sej.taˈsɐ̃w̃/	/a.sej.taˈsɐ̃w̃/	[a.sej.taˈsɐ̃w̃] 接受<名>
impressor	/ĩ.pɾeˈsoʁ/	/ĩ.pɾeˈsoʁ/	[ĩ.pɾeˈsoʁ] 打印机<名>
fedorento	/fe.doˈɾẽ.tu/	/fe.doˈɾẽ.tu/	[fe.doˈɾẽ.tu] 臭的<名>
conservador	/kõ.seʁ.vaˈdoʁ/	/kõ.seʁ.vaˈdoʁ/	[kõ.seʁ.vaˈdoʁ] 保守的<名>
estéril	/isˈtɛ.ɾiw/	/isˈtɛ.ɾiw/	[isˈtɛ.ɾiw] 无菌的<形>
politicar	/po.li.t͡ʃiˈka(ʁ)/	/po.li.t͡ʃiˈka(ʁ)/	[po.li.t͡ʃiˈka(ʁ)] 政治的<动>
cláusula	/ˈklaw.zu.lɐ/	/ˈklaw.zu.lɐ/	[ˈklaw.zu.lɐ] 条款<名>
filósofo	/fiˈlɔ.zo.fu/	/fiˈlɔ.zo.fu/	[fiˈlɔ.zo.fu] 哲学家<名>
ecografia	/ˌɛ.ko.ɡɾaˈfi.ɐ/	/ˌɛ.ko.ɡɾaˈfi.ɐ/	[ˌɛ.ko.ɡɾaˈfi.ɐ] 超声波<名>
jarra	/ˈʒa.ʁɐ/	/ˈʒa.ʁɐ/	[ˈʒa.ʁɐ] 罐子<名>
morto-vivo	/ˈmoʁ.tu ˈvi.vu/	/ˈmoʁ.tu ˈvi.vu/	[ˈmoʁ.tu ˈvi.vu] 不死族<名>
repensar	/ʁe.pẽˈsa(ʁ)/	/ʁe.pẽˈsa(ʁ)/	[ʁe.pẽˈsa(ʁ)] 重新思考<动>
palestino	/pa.lesˈt͡ʃĩ.nu/	/pa.lesˈt͡ʃĩ.nu/	[pa.lesˈt͡ʃĩ.nu] 巴勒斯坦<名>
orientar	/o.ɾi.ẽˈta(ʁ)/	/o.ɾi.ẽˈta(ʁ)/	[o.ɾi.ẽˈta(ʁ)] 指南<动>
pinça	/ˈpĩ.sɐ/	/ˈpĩ.sɐ/	[ˈpĩ.sɐ] 镊子<名>
porem	ˈpɔ.ɾẽỹ	ˈpɔ.ɾẽỹ	[ˈpɔ.ɾẽỹ] 然而<副>
abandonaram	/a.bɐ̃.doˈna.ɾɐ̃w̃/	/a.bɐ̃.doˈna.ɾɐ̃w̃/	[a.bɐ̃.doˈna.ɾɐ̃w̃] 被遗弃的<动>
condescendente	/kõ.de.sẽˈdẽ.t͡ʃi/	/kõ.de.sẽˈdẽ.t͡ʃi/	[kõ.de.sẽˈdẽ.t͡ʃi] 居高临下的<形>
lagoa	/laˈɡo(w).ɐ/	/laˈɡo(w).ɐ/	[laˈɡo(w).ɐ] 泻湖<名>
efectivamente	e.fe.tʃi.va.ˈmẽ.tʃɪ	e.fe.tʃi.va.ˈmẽ.tʃɪ	[e.fe.tʃi.va.ˈmẽ.tʃɪ] 实际上<副>
caução	/kawˈsɐ̃w̃/	/kawˈsɐ̃w̃/	[kawˈsɐ̃w̃] 押金<名>
incapacidade	/ĩ.ka.pa.siˈda.d͡ʒi/	/ĩ.ka.pa.siˈda.d͡ʒi/	[ĩ.ka.pa.siˈda.d͡ʒi] 残疾<名>
factura	fa.ˈtu.ɾə	fa.ˈtu.ɾə	[fa.ˈtu.ɾə] 发票<名>
iluminar	/i.lu.miˈna(ʁ)/	/i.lu.miˈna(ʁ)/	[i.lu.miˈna(ʁ)] 照亮<动>
árctico	ˈax.tʃi.kʊ	ˈax.tʃi.kʊ	[ˈax.tʃi.kʊ] 北极的<名>
demanda	/deˈmɐ̃.dɐ/	/deˈmɐ̃.dɐ/	[deˈmɐ̃.dɐ] 需求<名>
espinho	/isˈpĩ.ɲu/	/isˈpĩ.ɲu/	[isˈpĩ.ɲu] 刺<名>
herdar	/eʁˈda(ʁ)/	/eʁˈda(ʁ)/	[eʁˈda(ʁ)] 继承<动>
invocar	/ĩ.voˈka(ʁ)/	/ĩ.voˈka(ʁ)/	[ĩ.voˈka(ʁ)] 调用<动>
teclado	/teˈkla.du/	/teˈkla.du/	[teˈkla.du] 键盘<名>
corretamente	/koˌʁɛ.taˈmẽ.t͡ʃi/	/koˌʁɛ.taˈmẽ.t͡ʃi/	[koˌʁɛ.taˈmẽ.t͡ʃi] 正确地<副>
cabeceira	/ka.beˈse(j).ɾɐ/	/ka.beˈse(j).ɾɐ/	[ka.beˈse(j).ɾɐ] 床头板<名>
cosmo	/ˈkɔz.mu/	/ˈkɔz.mu/	[ˈkɔz.mu] 宇宙<名>
diabólico	/d͡ʒi.aˈbɔ.li.ku/	/d͡ʒi.aˈbɔ.li.ku/	[d͡ʒi.aˈbɔ.li.ku] 恶魔般的<形>
tampão	/tɐ̃ˈpɐ̃w̃/	/tɐ̃ˈpɐ̃w̃/	[tɐ̃ˈpɐ̃w̃] 缓冲区<名>
rifle	/ˈʁi.fli/	/ˈʁi.fli/	[ˈʁi.fli] 步枪<名>
intensivo	/ĩ.tẽˈsi.vu/	/ĩ.tẽˈsi.vu/	[ĩ.tẽˈsi.vu] 强化<形>
espetar	/is.peˈta(ʁ)/	/is.peˈta(ʁ)/	[is.peˈta(ʁ)] 刺拳<动>
leucemia	/lew.seˈmi.ɐ/	/lew.seˈmi.ɐ/	[lew.seˈmi.ɐ] 白血病<名>
furar	/fuˈɾa(ʁ)/	/fuˈɾa(ʁ)/	[fuˈɾa(ʁ)] 皮尔斯<动>
javali	/ʒa.vaˈli/	/ʒa.vaˈli/	[ʒa.vaˈli] 野猪<名>
anexo	/aˈnɛk.su/	/aˈnɛk.su/	[aˈnɛk.su] 附件<名>
esclarecido	/is.kla.ɾeˈsi.du/	/is.kla.ɾeˈsi.du/	[is.kla.ɾeˈsi.du] 开明的<形>
chantagear	/ʃɐ̃.ta.ʒeˈa(ʁ)/	/ʃɐ̃.ta.ʒeˈa(ʁ)/	[ʃɐ̃.ta.ʒeˈa(ʁ)] 勒索<动>
olímpico	/oˈlĩ.pi.ku/	/oˈlĩ.pi.ku/	[oˈlĩ.pi.ku] 奥林匹克<名>
extravagante	/is.tɾa.vaˈɡɐ̃.t͡ʃi/	/is.tɾa.vaˈɡɐ̃.t͡ʃi/	[is.tɾa.vaˈɡɐ̃.t͡ʃi] 奢侈的<形>
elevar	/e.leˈva(ʁ)/	/e.leˈva(ʁ)/	[e.leˈva(ʁ)] 提升<动>
velório	/veˈlɔ.ɾju/	/veˈlɔ.ɾju/	[veˈlɔ.ɾju] 醒来<名>
infame	/ĩˈfɐ̃.mi/	/ĩˈfɐ̃.mi/	[ĩˈfɐ̃.mi] 臭名昭著的<形>
turismo	/tuˈɾiz.mu/	/tuˈɾiz.mu/	[tuˈɾiz.mu] 旅游<名>
elmo	/ˈɛw.mu/	/ˈɛw.mu/	[ˈɛw.mu] 头盔<名>
rédea	/ˈʁɛ.d͡ʒjɐ/	/ˈʁɛ.d͡ʒjɐ/	[ˈʁɛ.d͡ʒjɐ] 缰绳<名>
foca	/ˈfɔ.kɐ/	/ˈfɔ.kɐ/	[ˈfɔ.kɐ] 密封件<名>
silenciosamente	/si.lẽ.siˌɔ.zaˈmẽ.t͡ʃi/	/si.lẽ.siˌɔ.zaˈmẽ.t͡ʃi/	[si.lẽ.siˌɔ.zaˈmẽ.t͡ʃi] 默默地<副>
pisa	/ˈpi.zɐ/	/ˈpi.zɐ/	[ˈpi.zɐ] 跺脚<名>
viação	/vi.aˈsɐ̃w̃/	/vi.aˈsɐ̃w̃/	[vi.aˈsɐ̃w̃] 路<名>
cozido	/koˈzi.du/	/koˈzi.du/	[koˈzi.du] 煮熟的<名>
ciúme	/siˈũ.mi/	/siˈũ.mi/	[siˈũ.mi] 嫉妒<名>
bombardear	/bõ.baʁ.d͡ʒiˈa(ʁ)/	/bõ.baʁ.d͡ʒiˈa(ʁ)/	[bõ.baʁ.d͡ʒiˈa(ʁ)] 炸弹<动>
apelar	/a.peˈla(ʁ)/	/a.peˈla(ʁ)/	[a.peˈla(ʁ)] 上诉<动>
sobrecarga	/so.bɾeˈkaʁ.ɡɐ/	/so.bɾeˈkaʁ.ɡɐ/	[so.bɾeˈkaʁ.ɡɐ] 过载<名>
abalada	/a.baˈla.dɐ/	/a.baˈla.dɐ/	[a.baˈla.dɐ] 动摇<名>
beneficiar	/be.ne.fi.siˈa(ʁ)/	/be.ne.fi.siˈa(ʁ)/	[be.ne.fi.siˈa(ʁ)] 好处<动>
atentamente	/aˌtẽ.taˈmẽ.t͡ʃi/	/aˌtẽ.taˈmẽ.t͡ʃi/	[aˌtẽ.taˈmẽ.t͡ʃi] 专心地<副>
hipnose	/ipˈnɔ.zi/	/ipˈnɔ.zi/	[ipˈnɔ.zi] 催眠<名>
maninho	/maˈnĩ.ɲu/	/maˈnĩ.ɲu/	[maˈnĩ.ɲu] 小兄弟<名>
renascimento	/ʁe.na.siˈmẽ.tu/	/ʁe.na.siˈmẽ.tu/	[ʁe.na.siˈmẽ.tu] 重生<名>
sujidade	/su.ʒiˈda.d͡ʒi/	/su.ʒiˈda.d͡ʒi/	[su.ʒiˈda.d͡ʒi] 污垢<名>
arcebispo	/aʁ.seˈbis.pu/	/aʁ.seˈbis.pu/	[aʁ.seˈbis.pu] 大主教<名>
prodígio	/pɾoˈd͡ʒi.ʒju/	/pɾoˈd͡ʒi.ʒju/	[pɾoˈd͡ʒi.ʒju] 神童<名>
novela	/noˈvɛ.lɐ/	/noˈvɛ.lɐ/	[noˈvɛ.lɐ] 肥皂剧<名>
risca	/ˈʁis.kɐ/	/ˈʁis.kɐ/	[ˈʁis.kɐ] 从头开始<名>
projecção	pɾo.ʒe.ˈsãʊ̃	pɾo.ʒe.ˈsãʊ̃	[pɾo.ʒe.ˈsãʊ̃] 投影<名>
mortalidade	/moʁ.ta.liˈda.d͡ʒi/	/moʁ.ta.liˈda.d͡ʒi/	[moʁ.ta.liˈda.d͡ʒi] 死亡率<名>
gerência	/ʒeˈɾẽ.sjɐ/	/ʒeˈɾẽ.sjɐ/	[ʒeˈɾẽ.sjɐ] 管理<名>
distribuidor	/d͡ʒis.tɾi.bu.iˈdoʁ/	/d͡ʒis.tɾi.bu.iˈdoʁ/	[d͡ʒis.tɾi.bu.iˈdoʁ] 分销商<名>
genocídio	/ʒe.noˈsi.d͡ʒju/	/ʒe.noˈsi.d͡ʒju/	[ʒe.noˈsi.d͡ʒju] 种族灭绝<名>
burger			汉堡<名>
paróquia	/paˈɾɔ.kjɐ/	/paˈɾɔ.kjɐ/	[paˈɾɔ.kjɐ] 教区<名>
sintonia	/sĩ.toˈni.ɐ/	/sĩ.toˈni.ɐ/	[sĩ.toˈni.ɐ] 调<名>
embriagado	/ẽ.bɾi.aˈɡa.du/	/ẽ.bɾi.aˈɡa.du/	[ẽ.bɾi.aˈɡa.du] 喝醉了<形>
descartável	/des.kaʁˈta.vew/	/des.kaʁˈta.vew/	[des.kaʁˈta.vew] 一次性的<形>
coser	/koˈze(ʁ)/	/koˈze(ʁ)/	[koˈze(ʁ)] 缝制<动>
ativo	/aˈt͡ʃi.vu/	/aˈt͡ʃi.vu/	[aˈt͡ʃi.vu] 活跃的<名>
yakuza	/jaˈku.zɐ/	/jaˈku.zɐ/	[jaˈku.zɐ] 黑帮<名>
heterossexual	/ˌɛ.te.ɾo.sek.suˈaw/	/ˌɛ.te.ɾo.sek.suˈaw/	[ˌɛ.te.ɾo.sek.suˈaw] 异性恋<名>
gritaria	/ɡɾi.taˈɾi.ɐ/	/ɡɾi.taˈɾi.ɐ/	[ɡɾi.taˈɾi.ɐ] 喊叫<名>
masmorra	/mazˈmo.ʁɐ/	/mazˈmo.ʁɐ/	[mazˈmo.ʁɐ] 地牢<名>
espontâneo	/is.põˈtɐ̃.nju/	/is.põˈtɐ̃.nju/	[is.põˈtɐ̃.nju] 自发的<形>
besteira	/besˈte(j).ɾɐ/	/besˈte(j).ɾɐ/	[besˈte(j).ɾɐ] 废话<名>
tradutor	/tɾa.duˈtoʁ/	/tɾa.duˈtoʁ/	[tɾa.duˈtoʁ] 翻译者<名>
orgia	/oʁˈʒi.ɐ/	/oʁˈʒi.ɐ/	[oʁˈʒi.ɐ] 狂欢<名>
nudez	/nuˈde(j)s/	/nuˈde(j)s/	[nuˈde(j)s] 裸体<名>
gringo	/ˈɡɾĩ.ɡu/	/ˈɡɾĩ.ɡu/	[ˈɡɾĩ.ɡu] 外国的<名>
descartar	/des.kaʁˈta(ʁ)/	/des.kaʁˈta(ʁ)/	[des.kaʁˈta(ʁ)] 丢弃<动>
valentão	/va.lẽˈtɐ̃w̃/	/va.lẽˈtɐ̃w̃/	[va.lẽˈtɐ̃w̃] 恶霸<名>
informático	/ĩ.foʁˈma.t͡ʃi.ku/	/ĩ.foʁˈma.t͡ʃi.ku/	[ĩ.foʁˈma.t͡ʃi.ku] 信息技术<名>
nero	/ˈnɛ.ɾu/	/ˈnɛ.ɾu/	[ˈnɛ.ɾu] 尼禄<名>
trilha	/ˈtɾi.ʎɐ/	/ˈtɾi.ʎɐ/	[ˈtɾi.ʎɐ] 踪迹<名>
cavidade	/ka.viˈda.d͡ʒi/	/ka.viˈda.d͡ʒi/	[ka.viˈda.d͡ʒi] 空腔<名>
compositor	/kõ.po.ziˈtoʁ/	/kõ.po.ziˈtoʁ/	[kõ.po.ziˈtoʁ] 作曲家<名>
repleto	/ʁeˈplɛ.tu/	/ʁeˈplɛ.tu/	[ʁeˈplɛ.tu] 满<形>
decreto	/deˈkɾɛ.tu/	/deˈkɾɛ.tu/	[deˈkɾɛ.tu] 法令<名>
portar	/poʁˈta(ʁ)/	/poʁˈta(ʁ)/	[poʁˈta(ʁ)] 携带<动>
mosqueteiro	/mos.keˈte(j).ɾu/	/mos.keˈte(j).ɾu/	[mos.keˈte(j).ɾu] 火枪手<名>
moca	/ˈmɔ.kɐ/	/ˈmɔ.kɐ/	[ˈmɔ.kɐ] 高<名>
pólen	/ˈpɔ.lẽj̃/	/ˈpɔ.lẽj̃/	[ˈpɔ.lẽj̃] 花粉<名>
alhada	/aˈʎa.dɐ/	/aˈʎa.dɐ/	[aˈʎa.dɐ] 阿尔哈达<名>
núpcias	/ˈnu.pi.sjɐs/	/ˈnu.pi.sjɐs/	[ˈnu.pi.sjɐs] 婚礼<名>
contaminado	/kõ.ta.miˈna.du/	/kõ.ta.miˈna.du/	[kõ.ta.miˈna.du] 被污染的<形>
empenho	/ẽˈpẽ.ɲu/	/ẽˈpẽ.ɲu/	[ẽˈpẽ.ɲu] 承诺<名>
cota	/ˈkɔ.tɐ/	/ˈkɔ.tɐ/	[ˈkɔ.tɐ] 配额<名>
apresentador	/a.pɾe.zẽ.taˈdoʁ/	/a.pɾe.zẽ.taˈdoʁ/	[a.pɾe.zẽ.taˈdoʁ] 主持人<名>
complicar	/kõ.pliˈka(ʁ)/	/kõ.pliˈka(ʁ)/	[kõ.pliˈka(ʁ)] 使复杂化<动>
lsd	/ˈɛ.li ˈɛ.si ˈde/	/ˈɛ.li ˈɛ.si ˈde/	[ˈɛ.li ˈɛ.si ˈde] LSD<名>
fileira	/fiˈle(j).ɾɐ/	/fiˈle(j).ɾɐ/	[fiˈle(j).ɾɐ] 行<名>
hetero	e.ˈtɛ.ɾʊ	e.ˈtɛ.ɾʊ	[e.ˈtɛ.ɾʊ] 直<名>
córtex	/ˈkɔʁ.tɛks/	/ˈkɔʁ.tɛks/	[ˈkɔʁ.tɛks] 皮质<名>
colesterol	/ko.les.teˈɾɔw/	/ko.les.teˈɾɔw/	[ko.les.teˈɾɔw] 胆固醇<名>
havana	/aˈvɐ̃.nɐ/	/aˈvɐ̃.nɐ/	[aˈvɐ̃.nɐ] 哈瓦那<名>
coordenar	/ko.oʁ.deˈna(ʁ)/	/ko.oʁ.deˈna(ʁ)/	[ko.oʁ.deˈna(ʁ)] 坐标<动>
avental	/a.vẽˈtaw/	/a.vẽˈtaw/	[a.vẽˈtaw] 围裙<名>
anseio	/ɐ̃ˈsej.u/	/ɐ̃ˈsej.u/	[ɐ̃ˈsej.u] 我长<名>
sola	/ˈsɔ.lɐ/	/ˈsɔ.lɐ/	[ˈsɔ.lɐ] 鞋底<名>
agrado	/aˈɡɾa.du/	/aˈɡɾa.du/	[aˈɡɾa.du] 请<名>
champagne	/ʃɐ̃ˈpɐ̃.ɲi/	/ʃɐ̃ˈpɐ̃.ɲi/	[ʃɐ̃ˈpɐ̃.ɲi] 香槟<名>
trataram	tɾa.ˈta.ɾãʊ̃	tɾa.ˈta.ɾãʊ̃	[tɾa.ˈta.ɾãʊ̃] 治疗过的<动>
confundido	/kõ.fũˈd͡ʒi.du/	/kõ.fũˈd͡ʒi.du/	[kõ.fũˈd͡ʒi.du] 困惑<形>
picar	/piˈka(ʁ)/	/piˈka(ʁ)/	[piˈka(ʁ)] 砍<动>
molde	/ˈmɔw.d͡ʒi/	/ˈmɔw.d͡ʒi/	[ˈmɔw.d͡ʒi] 模具<名>
destacar	/des.taˈka(ʁ)/	/des.taˈka(ʁ)/	[des.taˈka(ʁ)] 突出显示<动>
coroação	/ko.ɾo.aˈsɐ̃w̃/	/ko.ɾo.aˈsɐ̃w̃/	[ko.ɾo.aˈsɐ̃w̃] 加冕<名>
torradeira	/to.ʁaˈde(j).ɾɐ/	/to.ʁaˈde(j).ɾɐ/	[to.ʁaˈde(j).ɾɐ] 烤面包机<名>
utilização	/u.t͡ʃi.li.zaˈsɐ̃w̃/	/u.t͡ʃi.li.zaˈsɐ̃w̃/	[u.t͡ʃi.li.zaˈsɐ̃w̃] 使用<名>
ralar	/ʁaˈla(ʁ)/	/ʁaˈla(ʁ)/	[ʁaˈla(ʁ)] 炉排<动>
cínico	/ˈsĩ.ni.ku/	/ˈsĩ.ni.ku/	[ˈsĩ.ni.ku] 愤世嫉俗的<名>
hobby	/ˈʁɔ.bi/	/ˈʁɔ.bi/	[ˈʁɔ.bi] 爱好<名>
sumir	/suˈmi(ʁ)/	/suˈmi(ʁ)/	[suˈmi(ʁ)] 消失<动>
tópico	/ˈtɔ.pi.ku/	/ˈtɔ.pi.ku/	[ˈtɔ.pi.ku] 主题<名>
asfixiar	/as.fik.siˈa(ʁ)/	/as.fik.siˈa(ʁ)/	[as.fik.siˈa(ʁ)] 窒息<动>
fundamento	/fũ.daˈmẽ.tu/	/fũ.daˈmẽ.tu/	[fũ.daˈmẽ.tu] 基金会<名>
transfusão	/tɾɐ̃s.fuˈzɐ̃w̃/	/tɾɐ̃s.fuˈzɐ̃w̃/	[tɾɐ̃s.fuˈzɐ̃w̃] 输血<名>
escombros	/isˈkõ.bɾus/	/isˈkõ.bɾus/	[isˈkõ.bɾus] 瓦砾<名>
mestrado	/mesˈtɾa.du/	/mesˈtɾa.du/	[mesˈtɾa.du] 硕士学位<名>
meteorito	/me.te.oˈɾi.tu/	/me.te.oˈɾi.tu/	[me.te.oˈɾi.tu] 陨石<名>
tomografia	/to.mo.ɡɾaˈfi.ɐ/	/to.mo.ɡɾaˈfi.ɐ/	[to.mo.ɡɾaˈfi.ɐ] 断层扫描<名>
buffet			自助餐<名>
retórica	/ʁeˈtɔ.ɾi.kɐ/	/ʁeˈtɔ.ɾi.kɐ/	[ʁeˈtɔ.ɾi.kɐ] 修辞学<名>
ligando	li.ˈgã.dʊ	li.ˈgã.dʊ	[li.ˈgã.dʊ] 呼叫<名>
alinhamento	/a.lĩ.ɲaˈmẽ.tu/	/a.lĩ.ɲaˈmẽ.tu/	[a.lĩ.ɲaˈmẽ.tu] 对准<名>
protestante	/pɾo.tesˈtɐ̃.t͡ʃi/	/pɾo.tesˈtɐ̃.t͡ʃi/	[pɾo.tesˈtɐ̃.t͡ʃi] 新教<名>
mp			议员<名>
condizer	/kõ.d͡ʒiˈze(ʁ)/	/kõ.d͡ʒiˈze(ʁ)/	[kõ.d͡ʒiˈze(ʁ)] 比赛<动>
habitualmente	/a.bi.tuˌawˈmẽ.t͡ʃi/	/a.bi.tuˌawˈmẽ.t͡ʃi/	[a.bi.tuˌawˈmẽ.t͡ʃi] 习惯性地<副>
destemido	/des.teˈmi.du/	/des.teˈmi.du/	[des.teˈmi.du] 无畏的<形>
urbano	/uʁˈbɐ̃.nu/	/uʁˈbɐ̃.nu/	[uʁˈbɐ̃.nu] 乌尔巴诺<形>
intrometer	/ĩ.tɾo.meˈte(ʁ)/	/ĩ.tɾo.meˈte(ʁ)/	[ĩ.tɾo.meˈte(ʁ)] 内测仪<动>
estender	/is.tẽˈde(ʁ)/	/is.tẽˈde(ʁ)/	[is.tẽˈde(ʁ)] 埃斯坦德<动>
decepcionado	/de.se.pi.si.oˈna.du/	/de.se.pi.si.oˈna.du/	[de.se.pi.si.oˈna.du] 德塞普西奥纳多<形>
alucinar	/a.lu.siˈna(ʁ)/	/a.lu.siˈna(ʁ)/	[a.lu.siˈna(ʁ)] 阿卢西纳尔<动>
indefeso	/ĩ.deˈfe.zu/	/ĩ.deˈfe.zu/	[ĩ.deˈfe.zu] 因德费索<形>
fascista	/faˈsis.tɐ/	/faˈsis.tɐ/	[faˈsis.tɐ] 法西斯主义<名>
ditador	/d͡ʒi.taˈdoʁ/	/d͡ʒi.taˈdoʁ/	[d͡ʒi.taˈdoʁ] 迪塔多尔<名>
vagamente	/ˌva.ɡaˈmẽ.t͡ʃi/	/ˌva.ɡaˈmẽ.t͡ʃi/	[ˌva.ɡaˈmẽ.t͡ʃi] 瓦加门特<副>
advocacia	/a.d͡ʒi.vo.kaˈsi.ɐ/	/a.d͡ʒi.vo.kaˈsi.ɐ/	[a.d͡ʒi.vo.kaˈsi.ɐ] 倡导者<名>
solidariedade	/so.li.da.ɾi.eˈda.d͡ʒi/	/so.li.da.ɾi.eˈda.d͡ʒi/	[so.li.da.ɾi.eˈda.d͡ʒi] 团结一致<名>
formalidade	/foʁ.ma.liˈda.d͡ʒi/	/foʁ.ma.liˈda.d͡ʒi/	[foʁ.ma.liˈda.d͡ʒi] 福尔马利达<名>
manifestante	/ma.ni.fesˈtɐ̃.t͡ʃi/	/ma.ni.fesˈtɐ̃.t͡ʃi/	[ma.ni.fesˈtɐ̃.t͡ʃi] 宣言<名>
designer	/deˈzaj.neʁ/	/deˈzaj.neʁ/	[deˈzaj.neʁ] 设计师<名>
mineral	/mi.neˈɾaw/	/mi.neˈɾaw/	[mi.neˈɾaw] 矿物<名>
bem-sucedido	/ˌbẽj̃.su.seˈd͡ʒi.du/	/ˌbẽj̃.su.seˈd͡ʒi.du/	[ˌbẽj̃.su.seˈd͡ʒi.du] 贝姆苏塞迪多<形>
tremor	/tɾeˈmoʁ/	/tɾeˈmoʁ/	[tɾeˈmoʁ] 震颤<名>
ogiva	/oˈʒi.vɐ/	/oˈʒi.vɐ/	[oˈʒi.vɐ] 奥吉瓦<名>
tar	/ˈta(ʁ)/	/ˈta(ʁ)/	[ˈta(ʁ)] 焦油<动>
fóssil	/ˈfɔ.siw/	/ˈfɔ.siw/	[ˈfɔ.siw] 化石<名>
inventor	/ĩ.vẽˈtoʁ/	/ĩ.vẽˈtoʁ/	[ĩ.vẽˈtoʁ] 发明家<名>
flexão	/flekˈsɐ̃w̃/	/flekˈsɐ̃w̃/	[flekˈsɐ̃w̃] 屈曲<名>
reproduzir	/ʁe.pɾo.duˈzi(ʁ)/	/ʁe.pɾo.duˈzi(ʁ)/	[ʁe.pɾo.duˈzi(ʁ)] 雷普罗杜齐尔<动>
bip	/ˈbi.pi/	/ˈbi.pi/	[ˈbi.pi] 毕普<名>
quota	/ˈkɔ.tɐ/	/ˈkɔ.tɐ/	[ˈkɔ.tɐ] 配额<名>
empenhado	/ẽ.pẽˈɲa.du/	/ẽ.pẽˈɲa.du/	[ẽ.pẽˈɲa.du] 恩彭哈多<形>
trailer	/ˈtɾej.leʁ/	/ˈtɾej.leʁ/	[ˈtɾej.leʁ] 拖车<名>
equador	/e.kwaˈdoʁ/	/e.kwaˈdoʁ/	[e.kwaˈdoʁ] 厄瓜多尔<名>
palheiro	/paˈʎe(j).ɾu/	/paˈʎe(j).ɾu/	[paˈʎe(j).ɾu] 帕莱罗<名>
extremidade	/is.tɾe.miˈda.d͡ʒi/	/is.tɾe.miˈda.d͡ʒi/	[is.tɾe.miˈda.d͡ʒi] 极端<名>
fiasco	/fiˈas.ku/	/fiˈas.ku/	[fiˈas.ku] 惨败<名>
tampouco	/tɐ̃ˈpo(w).ku/	/tɐ̃ˈpo(w).ku/	[tɐ̃ˈpo(w).ku] 坦普科<副>
comparecer	/kõ.pa.ɾeˈse(ʁ)/	/kõ.pa.ɾeˈse(ʁ)/	[kõ.pa.ɾeˈse(ʁ)] 比较器<动>
porcelana	/poʁ.seˈlɐ̃.nɐ/	/poʁ.seˈlɐ̃.nɐ/	[poʁ.seˈlɐ̃.nɐ] 瓷器<名>
informal	/ĩ.foʁˈmaw/	/ĩ.foʁˈmaw/	[ĩ.foʁˈmaw] 非正式的<形>
ski	/isˈki/	/isˈki/	[isˈki] 滑雪<名>
nego	/ˈne.ɡu/	/ˈne.ɡu/	[ˈne.ɡu] 尼戈<名>
pistoleiro	/pis.toˈle(j).ɾu/	/pis.toˈle(j).ɾu/	[pis.toˈle(j).ɾu] 皮斯托莱罗<名>
presunçoso	/pɾe.zũˈso.zu/	/pɾe.zũˈso.zu/	[pɾe.zũˈso.zu] 普雷松索索<形>
coiote	/kojˈɔ.t͡ʃi/	/kojˈɔ.t͡ʃi/	[kojˈɔ.t͡ʃi] 科伊特<名>
milénio	/miˈlɛ.nju/	/miˈlɛ.nju/	[miˈlɛ.nju] 米莱尼奥<名>
presto	/ˈpɾɛs.tu/	/ˈpɾɛs.tu/	[ˈpɾɛs.tu] 急板<形>
aplaudir	/a.plawˈd͡ʒi(ʁ)/	/a.plawˈd͡ʒi(ʁ)/	[a.plawˈd͡ʒi(ʁ)] 阿普劳迪尔<动>
ocorrência	/o.koˈʁẽ.sjɐ/	/o.koˈʁẽ.sjɐ/	[o.koˈʁẽ.sjɐ] 奥科伦西亚<名>
idêntico	/iˈdẽ.t͡ʃi.ku/	/iˈdẽ.t͡ʃi.ku/	[iˈdẽ.t͡ʃi.ku] 身份<形>
fúnebre	/ˈfũ.ne.bɾi/	/ˈfũ.ne.bɾi/	[ˈfũ.ne.bɾi] 富内布雷<形>
ensinamento	/ẽ.si.naˈmẽ.tu/	/ẽ.si.naˈmẽ.tu/	[ẽ.si.naˈmẽ.tu] 恩西纳门托<名>
indelicado	/ĩ.de.liˈka.du/	/ĩ.de.liˈka.du/	[ĩ.de.liˈka.du] indelicado<形>
estaleiro	/is.taˈle(j).ɾu/	/is.taˈle(j).ɾu/	[is.taˈle(j).ɾu] 埃斯塔莱罗<名>
comunhão	/ko.mũˈɲɐ̃w̃/	/ko.mũˈɲɐ̃w̃/	[ko.mũˈɲɐ̃w̃] 科穆豪<名>
exclusivamente	/is.kluˌzi.vaˈmẽ.t͡ʃi/	/is.kluˌzi.vaˈmẽ.t͡ʃi/	[is.kluˌzi.vaˈmẽ.t͡ʃi] 独家<副>
pavor	/paˈvoʁ/	/paˈvoʁ/	[paˈvoʁ] 恐惧<名>
inspeccionar	ĩs.pe.si.o.ˈnax	ĩs.pe.si.o.ˈnax	[ĩs.pe.si.o.ˈnax] 检查<动>
a.c.			公元前<副>
atingiram	a.tʃĩ.ˈʒi.ɾãʊ̃	a.tʃĩ.ˈʒi.ɾãʊ̃	[a.tʃĩ.ˈʒi.ɾãʊ̃] 达到<动>
mija	/ˈmi.ʒɐ/	/ˈmi.ʒɐ/	[ˈmi.ʒɐ] 小便<名>
inundação	/i.nũ.daˈsɐ̃w̃/	/i.nũ.daˈsɐ̃w̃/	[i.nũ.daˈsɐ̃w̃] 洪水<名>
binóculos	/biˈnɔ.ku.lus/	/biˈnɔ.ku.lus/	[biˈnɔ.ku.lus] 双筒望远镜<名>
alfabeto	/aw.faˈbɛ.tu/	/aw.faˈbɛ.tu/	[aw.faˈbɛ.tu] 字母表<名>
afetar	/a.feˈta(ʁ)/	/a.feˈta(ʁ)/	[a.feˈta(ʁ)] 影响<动>
definido	/de.fiˈni.du/	/de.fiˈni.du/	[de.fiˈni.du] 定义的<形>
gasosa	/ɡaˈzɔ.sɐ/	/ɡaˈzɔ.sɐ/	[ɡaˈzɔ.sɐ] 气态的<名>
dormente	/doʁˈmẽ.t͡ʃi/	/doʁˈmẽ.t͡ʃi/	[doʁˈmẽ.t͡ʃi] 休眠的<名>
champô	/ʃɐ̃ˈpo/	/ʃɐ̃ˈpo/	[ʃɐ̃ˈpo] 洗发水<名>
publicação	/pu.bli.kaˈsɐ̃w̃/	/pu.bli.kaˈsɐ̃w̃/	[pu.bli.kaˈsɐ̃w̃] 出版<名>
primário	/pɾiˈma.ɾju/	/pɾiˈma.ɾju/	[pɾiˈma.ɾju] 小学<形>
bruxo	/ˈbɾu.ʃu/	/ˈbɾu.ʃu/	[ˈbɾu.ʃu] 向导<名>
catarata	/ka.taˈɾa.tɐ/	/ka.taˈɾa.tɐ/	[ka.taˈɾa.tɐ] 白内障<名>
gengibre	/ʒẽˈʒi.bɾi/	/ʒẽˈʒi.bɾi/	[ʒẽˈʒi.bɾi] 生姜<名>
malha	/ˈma.ʎɐ/	/ˈma.ʎɐ/	[ˈma.ʎɐ] 网格<名>
sádico	/ˈsa.d͡ʒi.ku/	/ˈsa.d͡ʒi.ku/	[ˈsa.d͡ʒi.ku] 虐待狂<名>
umbigo	/ũˈbi.ɡu/	/ũˈbi.ɡu/	[ũˈbi.ɡu] 肚脐<名>
magriço	/maˈɡɾi.su/	/maˈɡɾi.su/	[maˈɡɾi.su] 瘦的<名>
bambi	/ˈbɐ̃.bi/	/ˈbɐ̃.bi/	[ˈbɐ̃.bi] 小鹿斑比<名>
remoção	/ʁe.moˈsɐ̃w̃/	/ʁe.moˈsɐ̃w̃/	[ʁe.moˈsɐ̃w̃] 去除<名>
produzido	/pɾo.duˈzi.du/	/pɾo.duˈzi.du/	[pɾo.duˈzi.du] 产生的<形>
musa	/ˈmu.zɐ/	/ˈmu.zɐ/	[ˈmu.zɐ] 缪斯<名>
mitologia	/mi.to.loˈʒi.ɐ/	/mi.to.loˈʒi.ɐ/	[mi.to.loˈʒi.ɐ] 神话<名>
mimado	/miˈma.du/	/miˈma.du/	[miˈma.du] 被宠坏的<形>
feno	/ˈfẽ.nu/	/ˈfẽ.nu/	[ˈfẽ.nu] 干草<名>
sarjeta	/saʁˈʒe.tɐ/	/saʁˈʒe.tɐ/	[saʁˈʒe.tɐ] 排水沟<名>
treinamento	/tɾej.naˈmẽ.tu/	/tɾej.naˈmẽ.tu/	[tɾej.naˈmẽ.tu] 培训<名>
minúscula	/miˈnus.ku.lɐ/	/miˈnus.ku.lɐ/	[miˈnus.ku.lɐ] 微小的<名>
biografia	/bi.o.ɡɾaˈfi.ɐ/	/bi.o.ɡɾaˈfi.ɐ/	[bi.o.ɡɾaˈfi.ɐ] 传记<名>
intimação	/ĩ.t͡ʃi.maˈsɐ̃w̃/	/ĩ.t͡ʃi.maˈsɐ̃w̃/	[ĩ.t͡ʃi.maˈsɐ̃w̃] 传票<名>
joker	/ˈd͡ʒo(w).keʁ/	/ˈd͡ʒo(w).keʁ/	[ˈd͡ʒo(w).keʁ] 小丑<名>
escória	/isˈkɔ.ɾjɐ/	/isˈkɔ.ɾjɐ/	[isˈkɔ.ɾjɐ] 败类<名>
patinar	/pa.t͡ʃiˈna(ʁ)/	/pa.t͡ʃiˈna(ʁ)/	[pa.t͡ʃiˈna(ʁ)] 滑冰<动>
rabugento	/ʁa.buˈʒẽ.tu/	/ʁa.buˈʒẽ.tu/	[ʁa.buˈʒẽ.tu] 脾气暴躁<名>
stand	/ˈstɐ̃.dɨ/	/ˈstɐ̃.dɨ/	[ˈstɐ̃.dɨ] 站<名>
recital	/ʁe.siˈtaw/	/ʁe.siˈtaw/	[ʁe.siˈtaw] 独奏会<名>
pm	/ˌpeˈẽ.mi/	/ˌpeˈẽ.mi/	[ˌpeˈẽ.mi] 下午<名>
esterco	/isˈteʁ.ku/	/isˈteʁ.ku/	[isˈteʁ.ku] 粪肥<名>
aumentaram	aw.mẽ.ˈta.ɾãʊ̃	aw.mẽ.ˈta.ɾãʊ̃	[aw.mẽ.ˈta.ɾãʊ̃] 增加<动>
holocausto	/o.loˈkaws.tu/	/o.loˈkaws.tu/	[o.loˈkaws.tu] 大屠杀<名>
chile	/ˈʃi.li/	/ˈʃi.li/	[ˈʃi.li] 智利<名>
salazar	/sa.laˈza(ʁ)/	/sa.laˈza(ʁ)/	[sa.laˈza(ʁ)] 萨拉查<名>
repararam	xe.pa.ˈɾa.ɾãʊ̃	xe.pa.ˈɾa.ɾãʊ̃	[xe.pa.ˈɾa.ɾãʊ̃] 注意到<动>
nádega	/ˈna.de.ɡɐ/	/ˈna.de.ɡɐ/	[ˈna.de.ɡɐ] 臀部<名>
fungo	/ˈfũ.ɡu/	/ˈfũ.ɡu/	[ˈfũ.ɡu] 真菌<名>
desempenhar	/de.zẽ.pẽˈɲa(ʁ)/	/de.zẽ.pẽˈɲa(ʁ)/	[de.zẽ.pẽˈɲa(ʁ)] 执行<动>
despertador	/des.peʁ.taˈdoʁ/	/des.peʁ.taˈdoʁ/	[des.peʁ.taˈdoʁ] 闹钟<名>
cansaço	/kɐ̃ˈsa.su/	/kɐ̃ˈsa.su/	[kɐ̃ˈsa.su] 疲倦<名>
oca	/ˈɔ.kɐ/	/ˈɔ.kɐ/	[ˈɔ.kɐ] 空心的<名>
timing	/ˈtaj.mĩ/	/ˈtaj.mĩ/	[ˈtaj.mĩ] 时机<名>
elle			他<代>
imperdoável	/ĩ.peʁ.doˈa.vew/	/ĩ.peʁ.doˈa.vew/	[ĩ.peʁ.doˈa.vew] 不可原谅的<形>
engenhoso	/ẽ.ʒẽˈɲo.zu/	/ẽ.ʒẽˈɲo.zu/	[ẽ.ʒẽˈɲo.zu] 巧妙的<形>
oval	/oˈvaw/	/oˈvaw/	[oˈvaw] 椭圆形<形>
zen	/ˈzẽj̃/	/ˈzẽj̃/	[ˈzẽj̃] 禅宗<名>
tripulante	/tɾi.puˈlɐ̃.t͡ʃi/	/tɾi.puˈlɐ̃.t͡ʃi/	[tɾi.puˈlɐ̃.t͡ʃi] 船员<名>
mamífero	/maˈmi.fe.ɾu/	/maˈmi.fe.ɾu/	[maˈmi.fe.ɾu] 哺乳动物<名>
vestuário	/ves.tuˈa.ɾju/	/ves.tuˈa.ɾju/	[ves.tuˈa.ɾju] 服装<名>
virtualmente	/viʁ.tuˌawˈmẽ.t͡ʃi/	/viʁ.tuˌawˈmẽ.t͡ʃi/	[viʁ.tuˌawˈmẽ.t͡ʃi] 实际上<副>
despercebido	/des.peʁ.seˈbi.du/	/des.peʁ.seˈbi.du/	[des.peʁ.seˈbi.du] 不被注意的<形>
superstição	/su.peʁs.t͡ʃiˈsɐ̃w̃/	/su.peʁs.t͡ʃiˈsɐ̃w̃/	[su.peʁs.t͡ʃiˈsɐ̃w̃] 迷信<名>
almôndega	/awˈmõ.de.ɡɐ/	/awˈmõ.de.ɡɐ/	[awˈmõ.de.ɡɐ] 肉丸<名>
construtor	/kõs.tɾuˈtoʁ/	/kõs.tɾuˈtoʁ/	[kõs.tɾuˈtoʁ] 建设者<名>
gracinha	/ɡɾaˈsĩ.ɲɐ/	/ɡɾaˈsĩ.ɲɐ/	[ɡɾaˈsĩ.ɲɐ] 可爱<名>
venderam	/vẽˈde.ɾɐ̃w̃/	/vẽˈde.ɾɐ̃w̃/	[vẽˈde.ɾɐ̃w̃] 已售出<动>
pascal	/pasˈkaw/	/pasˈkaw/	[pasˈkaw] 帕斯卡<名>
explorador	/is.plo.ɾaˈdoʁ/	/is.plo.ɾaˈdoʁ/	[is.plo.ɾaˈdoʁ] 探险家<名>
legendado	/le.ʒẽˈda.du/	/le.ʒẽˈda.du/	[le.ʒẽˈda.du] 有副标题的<形>
cliché	/kliˈʃe/	/kliˈʃe/	[kliˈʃe] 陈词滥调<名>
equipar	/e.kiˈpa(ʁ)/	/e.kiˈpa(ʁ)/	[e.kiˈpa(ʁ)] 装备<动>
queimaram	key.ˈma.ɾãʊ̃	key.ˈma.ɾãʊ̃	[key.ˈma.ɾãʊ̃] 烧毁<动>
refrescar	/ʁe.fɾesˈka(ʁ)/	/ʁe.fɾesˈka(ʁ)/	[ʁe.fɾesˈka(ʁ)] 刷新<动>
couve	/ˈko(w).vi/	/ˈko(w).vi/	[ˈko(w).vi] 卷心菜<名>
hipoteticamente	/i.poˌtɛ.t͡ʃi.kaˈmẽ.t͡ʃi/	/i.poˌtɛ.t͡ʃi.kaˈmẽ.t͡ʃi/	[i.poˌtɛ.t͡ʃi.kaˈmẽ.t͡ʃi] 假设地<副>
clientela	/kli.ẽˈtɛ.lɐ/	/kli.ẽˈtɛ.lɐ/	[kli.ẽˈtɛ.lɐ] 顾客群<名>
traçar	/tɾaˈsa(ʁ)/	/tɾaˈsa(ʁ)/	[tɾaˈsa(ʁ)] 痕迹<动>
prior	/pɾiˈoʁ/	/pɾiˈoʁ/	[pɾiˈoʁ] 先前的<名>
filho-da-puta			王八蛋<名>
frequentar	/fɾe.kwẽˈta(ʁ)/	/fɾe.kwẽˈta(ʁ)/	[fɾe.kwẽˈta(ʁ)] 参加<动>
remo	/ˈʁẽ.mu/	/ˈʁẽ.mu/	[ˈʁẽ.mu] 划船<名>
recheio	/ʁeˈʃej.u/	/ʁeˈʃej.u/	[ʁeˈʃej.u] 馅料<名>
atropelamento	/a.tɾo.pe.laˈmẽ.tu/	/a.tɾo.pe.laˈmẽ.tu/	[a.tɾo.pe.laˈmẽ.tu] 碾过<名>
levantamento	/le.vɐ̃.taˈmẽ.tu/	/le.vɐ̃.taˈmẽ.tu/	[le.vɐ̃.taˈmẽ.tu] 起重<名>
aconselhar	/a.kõ.seˈʎa(ʁ)/	/a.kõ.seˈʎa(ʁ)/	[a.kõ.seˈʎa(ʁ)] 建议<动>
formalmente	/foʁˌmawˈmẽ.t͡ʃi/	/foʁˌmawˈmẽ.t͡ʃi/	[foʁˌmawˈmẽ.t͡ʃi] 正式地<副>
acumular	/a.ku.muˈla(ʁ)/	/a.ku.muˈla(ʁ)/	[a.ku.muˈla(ʁ)] 积累<动>
empolgado	/ẽ.powˈɡa.du/	/ẽ.powˈɡa.du/	[ẽ.powˈɡa.du] 兴奋<形>
impresso	/ĩˈpɾɛ.su/	/ĩˈpɾɛ.su/	[ĩˈpɾɛ.su] 印刷的<形>
diplomacia	/d͡ʒi.plo.maˈsi.ɐ/	/d͡ʒi.plo.maˈsi.ɐ/	[d͡ʒi.plo.maˈsi.ɐ] 外交<名>
gratuito	/ɡɾaˈtuj.tu/	/ɡɾaˈtuj.tu/	[ɡɾaˈtuj.tu] 免费<形>
embrulho	/ẽˈbɾu.ʎu/	/ẽˈbɾu.ʎu/	[ẽˈbɾu.ʎu] 包裹<名>
troll			巨魔<名>
injectar	ĩ.ʒe.ˈtax	ĩ.ʒe.ˈtax	[ĩ.ʒe.ˈtax] 注入<动>
recuso			我拒绝<名>
optar	/opˈta(ʁ)/	/opˈta(ʁ)/	[opˈta(ʁ)] 选择<动>
engordar	/ẽ.ɡoʁˈda(ʁ)/	/ẽ.ɡoʁˈda(ʁ)/	[ẽ.ɡoʁˈda(ʁ)] 发胖<动>
desintoxicação	/de.zĩ.tok.si.kaˈsɐ̃w̃/	/de.zĩ.tok.si.kaˈsɐ̃w̃/	[de.zĩ.tok.si.kaˈsɐ̃w̃] 排毒<名>
franqueza	/fɾɐ̃ˈke.zɐ/	/fɾɐ̃ˈke.zɐ/	[fɾɐ̃ˈke.zɐ] 坦率<名>
vocabulário	/vo.ka.buˈla.ɾju/	/vo.ka.buˈla.ɾju/	[vo.ka.buˈla.ɾju] 词汇<名>
unicórnio	/u.niˈkɔʁ.nju/	/u.niˈkɔʁ.nju/	[u.niˈkɔʁ.nju] 独角兽<名>
mediterrâneo	/me.d͡ʒi.teˈʁɐ̃.nju/	/me.d͡ʒi.teˈʁɐ̃.nju/	[me.d͡ʒi.teˈʁɐ̃.nju] 地中海<形>
infantário	/ĩ.fɐ̃ˈta.ɾju/	/ĩ.fɐ̃ˈta.ɾju/	[ĩ.fɐ̃ˈta.ɾju] 托儿所<名>
mandíbula	/mɐ̃ˈd͡ʒi.bu.lɐ/	/mɐ̃ˈd͡ʒi.bu.lɐ/	[mɐ̃ˈd͡ʒi.bu.lɐ] 下巴<名>
recear	/ʁe.seˈa(ʁ)/	/ʁe.seˈa(ʁ)/	[ʁe.seˈa(ʁ)] 恐惧<动>
negociador	/ne.ɡo.si.aˈdoʁ/	/ne.ɡo.si.aˈdoʁ/	[ne.ɡo.si.aˈdoʁ] 谈判者<名>
confirmaram	kõ.fiɣ.ˈma.ɾãʊ̃	kõ.fiɣ.ˈma.ɾãʊ̃	[kõ.fiɣ.ˈma.ɾãʊ̃] 已确认<动>
pocilga	/poˈsiw.ɡɐ/	/poˈsiw.ɡɐ/	[poˈsiw.ɡɐ] 猪圈<名>
irritação	/i.ʁi.taˈsɐ̃w̃/	/i.ʁi.taˈsɐ̃w̃/	[i.ʁi.taˈsɐ̃w̃] 刺激<名>
desmancha-prazeres	/dezˈmɐ̃.ʃɐ pɾaˈze.ɾis/	/dezˈmɐ̃.ʃɐ pɾaˈze.ɾis/	[dezˈmɐ̃.ʃɐ pɾaˈze.ɾis] 扫兴<名>
golias	go.ˈli.əs	go.ˈli.əs	[go.ˈli.əs] 歌利亚<名>
furto	/ˈfuʁ.tu/	/ˈfuʁ.tu/	[ˈfuʁ.tu] 盗窃<名>
providência	/pɾo.viˈdẽ.sjɐ/	/pɾo.viˈdẽ.sjɐ/	[pɾo.viˈdẽ.sjɐ] 普罗维登斯<名>
fixamente	/ˌfik.saˈmẽ.t͡ʃi/	/ˌfik.saˈmẽ.t͡ʃi/	[ˌfik.saˈmẽ.t͡ʃi] 固定地<副>
beisebol	/bej.zeˈbɔw/	/bej.zeˈbɔw/	[bej.zeˈbɔw] 棒球<名>
porta-aviões	/ˈpɔʁ.tɐ a.viˈõj̃s/	/ˈpɔʁ.tɐ a.viˈõj̃s/	[ˈpɔʁ.tɐ a.viˈõj̃s] 航空母舰<名>
participante	/paʁ.t͡ʃi.siˈpɐ̃.t͡ʃi/	/paʁ.t͡ʃi.siˈpɐ̃.t͡ʃi/	[paʁ.t͡ʃi.siˈpɐ̃.t͡ʃi] 参与者<名>
tuberculose	/tu.beʁ.kuˈlɔ.zi/	/tu.beʁ.kuˈlɔ.zi/	[tu.beʁ.kuˈlɔ.zi] 结核病<名>
conspirar	/kõs.piˈɾa(ʁ)/	/kõs.piˈɾa(ʁ)/	[kõs.piˈɾa(ʁ)] 密谋<动>
imitador	/i.mi.taˈdoʁ/	/i.mi.taˈdoʁ/	[i.mi.taˈdoʁ] 模仿者<名>
modificar	/mo.d͡ʒi.fiˈka(ʁ)/	/mo.d͡ʒi.fiˈka(ʁ)/	[mo.d͡ʒi.fiˈka(ʁ)] 修改<动>
hesitação	/e.zi.taˈsɐ̃w̃/	/e.zi.taˈsɐ̃w̃/	[e.zi.taˈsɐ̃w̃] 犹豫<名>
conduzido	kõ.du.ˈzi.dʊ	kõ.du.ˈzi.dʊ	[kõ.du.ˈzi.dʊ] 驱动的<形>
rodear	/ʁo.deˈa(ʁ)/	/ʁo.deˈa(ʁ)/	[ʁo.deˈa(ʁ)] 环绕<动>
convocar	/kõ.voˈka(ʁ)/	/kõ.voˈka(ʁ)/	[kõ.voˈka(ʁ)] 召唤<动>
adultério	/a.duwˈtɛ.ɾju/	/a.duwˈtɛ.ɾju/	[a.duwˈtɛ.ɾju] 通奸<名>
cessar-fogo	/seˌsa(ʁ)ˈfo.ɡu/	/seˌsa(ʁ)ˈfo.ɡu/	[seˌsa(ʁ)ˈfo.ɡu] 停火<名>
concussão	/kõ.kuˈsɐ̃w̃/	/kõ.kuˈsɐ̃w̃/	[kõ.kuˈsɐ̃w̃] 脑震荡<名>
transtorno	/tɾɐ̃sˈtoʁ.nu/	/tɾɐ̃sˈtoʁ.nu/	[tɾɐ̃sˈtoʁ.nu] 紊乱<名>
prevenção	/pɾe.vẽˈsɐ̃w̃/	/pɾe.vẽˈsɐ̃w̃/	[pɾe.vẽˈsɐ̃w̃] 预防<名>
totós			极客<名>
massagista	/ma.saˈʒis.tɐ/	/ma.saˈʒis.tɐ/	[ma.saˈʒis.tɐ] 女按摩师<名>
urna	/ˈuʁ.nɐ/	/ˈuʁ.nɐ/	[ˈuʁ.nɐ] 瓮<名>
canadiano	/kɐ.nɐˈdjɐ.nu/	/kɐ.nɐˈdjɐ.nu/	[kɐ.nɐˈdjɐ.nu] 加拿大人<名>
continuamente	/kõˌt͡ʃĩ.nwaˈmẽ.t͡ʃi/	/kõˌt͡ʃĩ.nwaˈmẽ.t͡ʃi/	[kõˌt͡ʃĩ.nwaˈmẽ.t͡ʃi] 不断地<副>
comunicador	/ko.mu.ni.kaˈdoʁ/	/ko.mu.ni.kaˈdoʁ/	[ko.mu.ni.kaˈdoʁ] 通讯器<名>
maturidade	/ma.tu.ɾiˈda.d͡ʒi/	/ma.tu.ɾiˈda.d͡ʒi/	[ma.tu.ɾiˈda.d͡ʒi] 成熟度<名>
diâmetro	/d͡ʒiˈɐ̃.me.tɾu/	/d͡ʒiˈɐ̃.me.tɾu/	[d͡ʒiˈɐ̃.me.tɾu] 直径<名>
prolongar	/pɾo.lõˈɡa(ʁ)/	/pɾo.lõˈɡa(ʁ)/	[pɾo.lõˈɡa(ʁ)] 延长<动>
memorável	/me.moˈɾa.vew/	/me.moˈɾa.vew/	[me.moˈɾa.vew] 难忘的<形>
agredir	/a.ɡɾeˈd͡ʒi(ʁ)/	/a.ɡɾeˈd͡ʒi(ʁ)/	[a.ɡɾeˈd͡ʒi(ʁ)] 攻击<动>
cortador	/koʁ.taˈdoʁ/	/koʁ.taˈdoʁ/	[koʁ.taˈdoʁ] 切割机<名>
acessível	/a.seˈsi.vew/	/a.seˈsi.vew/	[a.seˈsi.vew] 负担得起的<形>
estrume	/isˈtɾũ.mi/	/isˈtɾũ.mi/	[isˈtɾũ.mi] 粪肥<名>
maçaneta	/ma.saˈne.tɐ/	/ma.saˈne.tɐ/	[ma.saˈne.tɐ] 门把手<名>
intérprete	/ĩˈtɛʁ.pɾe.t͡ʃi/	/ĩˈtɛʁ.pɾe.t͡ʃi/	[ĩˈtɛʁ.pɾe.t͡ʃi] 口译员<名>
balneário	/baw.neˈa.ɾju/	/baw.neˈa.ɾju/	[baw.neˈa.ɾju] 澡堂<名>
ruga	/ˈʁu.ɡɐ/	/ˈʁu.ɡɐ/	[ˈʁu.ɡɐ] 皱纹<名>
responderam	xes.põ.ˈde.ɾãʊ̃	xes.põ.ˈde.ɾãʊ̃	[xes.põ.ˈde.ɾãʊ̃] 回应了<动>
carnificina	/kaʁ.ni.fiˈsĩ.nɐ/	/kaʁ.ni.fiˈsĩ.nɐ/	[kaʁ.ni.fiˈsĩ.nɐ] 屠杀<名>
pinar	/piˈna(ʁ)/	/piˈna(ʁ)/	[piˈna(ʁ)] 针<动>
farra	/ˈfa.ʁɐ/	/ˈfa.ʁɐ/	[ˈfa.ʁɐ] 狂欢<名>
cortez			科尔特斯<形>
cesta	/ˈses.tɐ/	/ˈses.tɐ/	[ˈses.tɐ] 篮子<名>
ovni	/ˈɔv.ni/	/ˈɔv.ni/	[ˈɔv.ni] 不明飞行物<名>
sucessão	/su.seˈsɐ̃w̃/	/su.seˈsɐ̃w̃/	[su.seˈsɐ̃w̃] 继承<名>
reembolso	/ʁe.ẽˈbow.su/	/ʁe.ẽˈbow.su/	[ʁe.ẽˈbow.su] 退款<名>
matilha	/maˈt͡ʃi.ʎɐ/	/maˈt͡ʃi.ʎɐ/	[maˈt͡ʃi.ʎɐ] 包<名>
enfraquecer	/ẽ.fɾa.keˈse(ʁ)/	/ẽ.fɾa.keˈse(ʁ)/	[ẽ.fɾa.keˈse(ʁ)] 削弱<动>
caraíba	/ka.ɾaˈi.bɐ/	/ka.ɾaˈi.bɐ/	[ka.ɾaˈi.bɐ] 加勒比海<名>
venenoso	/ve.neˈno.zu/	/ve.neˈno.zu/	[ve.neˈno.zu] 有毒的<形>
discernimento	/d͡ʒi.seʁ.niˈmẽ.tu/	/d͡ʒi.seʁ.niˈmẽ.tu/	[d͡ʒi.seʁ.niˈmẽ.tu] 洞察力<名>
malária	/maˈla.ɾjɐ/	/maˈla.ɾjɐ/	[maˈla.ɾjɐ] 疟疾<名>
idioma	/i.d͡ʒiˈõ.mɐ/	/i.d͡ʒiˈõ.mɐ/	[i.d͡ʒiˈõ.mɐ] 语言<名>
puramente	/ˌpu.ɾaˈmẽ.t͡ʃi/	/ˌpu.ɾaˈmẽ.t͡ʃi/	[ˌpu.ɾaˈmẽ.t͡ʃi] 纯粹地<副>
parágrafo	/paˈɾa.ɡɾa.fu/	/paˈɾa.ɡɾa.fu/	[paˈɾa.ɡɾa.fu] 段落<名>
guarnição	/ɡwaʁ.niˈsɐ̃w̃/	/ɡwaʁ.niˈsɐ̃w̃/	[ɡwaʁ.niˈsɐ̃w̃] 修剪<名>
correia	/koˈʁej.ɐ/	/koˈʁej.ɐ/	[koˈʁej.ɐ] 腰带<名>
monopólio	/mɔ.nɔˈpɔ.lju/	/mɔ.nɔˈpɔ.lju/	[mɔ.nɔˈpɔ.lju] 垄断<名>
aceleração	/a.se.le.ɾaˈsɐ̃w̃/	/a.se.le.ɾaˈsɐ̃w̃/	[a.se.le.ɾaˈsɐ̃w̃] 加速度<名>
sardinha	/saʁˈd͡ʒĩ.ɲɐ/	/saʁˈd͡ʒĩ.ɲɐ/	[saʁˈd͡ʒĩ.ɲɐ] 沙丁鱼<名>
ralo	/ˈʁa.lu/	/ˈʁa.lu/	[ˈʁa.lu] 排水管<名>
miniatura	/mi.ni.aˈtu.ɾɐ/	/mi.ni.aˈtu.ɾɐ/	[mi.ni.aˈtu.ɾɐ] 缩略图<名>
excitar	/e.siˈta(ʁ)/	/e.siˈta(ʁ)/	[e.siˈta(ʁ)] 激发<动>
desapontar	/de.za.põˈta(ʁ)/	/de.za.põˈta(ʁ)/	[de.za.põˈta(ʁ)] 失望<动>
manha	/ˈmɐ̃.ɲɐ/	/ˈmɐ̃.ɲɐ/	[ˈmɐ̃.ɲɐ] 早上<名>
parteiro	/paʁˈte(j).ɾu/	/paʁˈte(j).ɾu/	[paʁˈte(j).ɾu] 助产士<名>
gestor	/ʒesˈtoʁ/	/ʒesˈtoʁ/	[ʒesˈtoʁ] 经理<名>
lixívia	/liˈʃi.vjɐ/	/liˈʃi.vjɐ/	[liˈʃi.vjɐ] 漂白剂<名>
encorajar	/ẽ.ko.ɾaˈʒa(ʁ)/	/ẽ.ko.ɾaˈʒa(ʁ)/	[ẽ.ko.ɾaˈʒa(ʁ)] 鼓励<动>
cólera	/ˈkɔ.le.ɾɐ/	/ˈkɔ.le.ɾɐ/	[ˈkɔ.le.ɾɐ] 霍乱<名>
monsenhor	/mõ.sẽˈɲoʁ/	/mõ.sẽˈɲoʁ/	[mõ.sẽˈɲoʁ] 主教<名>
especificação	/is.pe.si.fi.kaˈsɐ̃w̃/	/is.pe.si.fi.kaˈsɐ̃w̃/	[is.pe.si.fi.kaˈsɐ̃w̃] 规格<名>
incendiário	/ĩ.sẽ.d͡ʒiˈa.ɾju/	/ĩ.sẽ.d͡ʒiˈa.ɾju/	[ĩ.sẽ.d͡ʒiˈa.ɾju] 纵火犯<名>
classificação	/kla.si.fi.kaˈsɐ̃w̃/	/kla.si.fi.kaˈsɐ̃w̃/	[kla.si.fi.kaˈsɐ̃w̃] 分类<名>
delicadeza	/de.li.kaˈde.zɐ/	/de.li.kaˈde.zɐ/	[de.li.kaˈde.zɐ] 美味佳肴<名>
perjúrio	/peʁˈʒu.ɾju/	/peʁˈʒu.ɾju/	[peʁˈʒu.ɾju] 伪证<名>
ribeiro	/ʁiˈbe(j).ɾu/	/ʁiˈbe(j).ɾu/	[ʁiˈbe(j).ɾu] 布鲁克<名>
soprano	/soˈpɾɐ̃.nu/	/soˈpɾɐ̃.nu/	[soˈpɾɐ̃.nu] 女高音<名>
interface	/ˌĩ.teɾˈfa.si/	/ˌĩ.teɾˈfa.si/	[ˌĩ.teɾˈfa.si] 接口<名>
apêndice	/aˈpẽ.d͡ʒi.si/	/aˈpẽ.d͡ʒi.si/	[aˈpẽ.d͡ʒi.si] 附录<名>
roupeiro	/ʁo(w)ˈpe(j).ɾu/	/ʁo(w)ˈpe(j).ɾu/	[ʁo(w)ˈpe(j).ɾu] 衣柜<名>
giz	/ˈʒis/	/ˈʒis/	[ˈʒis] 粉笔<名>
leram	ˈlɛ.ɾãʊ̃	ˈlɛ.ɾãʊ̃	[ˈlɛ.ɾãʊ̃] 读<动>
ativar	/a.t͡ʃiˈva(ʁ)/	/a.t͡ʃiˈva(ʁ)/	[a.t͡ʃiˈva(ʁ)] 激活<动>
call	/ˈkɔw/	/ˈkɔw/	[ˈkɔw] 打电话<名>
censura	/sẽˈsu.ɾɐ/	/sẽˈsu.ɾɐ/	[sẽˈsu.ɾɐ] 审查制度<名>
favorável	/fa.voˈɾa.vew/	/fa.voˈɾa.vew/	[fa.voˈɾa.vew] 有利的<形>
reclamação	/ʁe.kla.maˈsɐ̃w̃/	/ʁe.kla.maˈsɐ̃w̃/	[ʁe.kla.maˈsɐ̃w̃] 投诉<名>
proibição	/pɾo.i.biˈsɐ̃w̃/	/pɾo.i.biˈsɐ̃w̃/	[pɾo.i.biˈsɐ̃w̃] 禁止<名>
excessivo	/e.seˈsi.vu/	/e.seˈsi.vu/	[e.seˈsi.vu] 过度<形>
mauro	/ˈmaw.ɾu/	/ˈmaw.ɾu/	[ˈmaw.ɾu] 毛罗<名>
ka			卡<叹>
nona	/ˈnõ.nɐ/	/ˈnõ.nɐ/	[ˈnõ.nɐ] 第九<名>
estilhaço	/is.t͡ʃiˈʎa.su/	/is.t͡ʃiˈʎa.su/	[is.t͡ʃiˈʎa.su] 弹片<名>
matulão	/ma.tuˈlɐ̃w̃/	/ma.tuˈlɐ̃w̃/	[ma.tuˈlɐ̃w̃] 大个子<名>
aquático	/aˈkwa.t͡ʃi.ku/	/aˈkwa.t͡ʃi.ku/	[aˈkwa.t͡ʃi.ku] 水生的<形>
transe	/ˈtɾɐ̃.zi/	/ˈtɾɐ̃.zi/	[ˈtɾɐ̃.zi] 恍惚<名>
desajeitado	/de.za.ʒejˈta.du/	/de.za.ʒejˈta.du/	[de.za.ʒejˈta.du] 笨拙的<形>
densidade	/dẽ.siˈda.d͡ʒi/	/dẽ.siˈda.d͡ʒi/	[dẽ.siˈda.d͡ʒi] 密度<名>
abstinência	/abs.t͡ʃiˈnẽ.sjɐ/	/abs.t͡ʃiˈnẽ.sjɐ/	[abs.t͡ʃiˈnẽ.sjɐ] 禁欲<名>
pc	/ˌpeˈse/	/ˌpeˈse/	[ˌpeˈse] 电脑<名>
melhoria	/me.ʎoˈɾi.ɐ/	/me.ʎoˈɾi.ɐ/	[me.ʎoˈɾi.ɐ] 改进<名>
académico	/ɐ.kɐˈdɛ.mi.ku/	/ɐ.kɐˈdɛ.mi.ku/	[ɐ.kɐˈdɛ.mi.ku] 学术的<名>
térmica	/ˈtɛʁ.mi.kɐ/	/ˈtɛʁ.mi.kɐ/	[ˈtɛʁ.mi.kɐ] 热的<名>
ético	/ˈɛ.t͡ʃi.ku/	/ˈɛ.t͡ʃi.ku/	[ˈɛ.t͡ʃi.ku] 道德的<形>
australiano	/aws.tɾa.liˈɐ̃.nu/	/aws.tɾa.liˈɐ̃.nu/	[aws.tɾa.liˈɐ̃.nu] 澳大利亚<名>
cc	/ˌseˈse/	/ˌseˈse/	[ˌseˈse] 抄送<名>
pobrezinho	/ˌpɔ.bɾiˈzĩ.ɲu/	/ˌpɔ.bɾiˈzĩ.ɲu/	[ˌpɔ.bɾiˈzĩ.ɲu] 可怜的东西<名>
fracassar	/fɾa.kaˈsa(ʁ)/	/fɾa.kaˈsa(ʁ)/	[fɾa.kaˈsa(ʁ)] 失败<动>
guitarrista	/ɡi.taˈʁis.tɐ/	/ɡi.taˈʁis.tɐ/	[ɡi.taˈʁis.tɐ] 吉他手<名>
finar	/fiˈna(ʁ)/	/fiˈna(ʁ)/	[fiˈna(ʁ)] 薄<动>
réptil	/ˈʁɛp.t͡ʃiw/	/ˈʁɛp.t͡ʃiw/	[ˈʁɛp.t͡ʃiw] 爬行动物<名>
azeitona	/a.zejˈtõ.nɐ/	/a.zejˈtõ.nɐ/	[a.zejˈtõ.nɐ] 橄榄<名>
justificação	/ʒus.t͡ʃi.fi.kaˈsɐ̃w̃/	/ʒus.t͡ʃi.fi.kaˈsɐ̃w̃/	[ʒus.t͡ʃi.fi.kaˈsɐ̃w̃] 理由<名>
anarquia	/a.naʁˈki.ɐ/	/a.naʁˈki.ɐ/	[a.naʁˈki.ɐ] 无政府状态<名>
colorido	/ko.loˈɾi.du/	/ko.loˈɾi.du/	[ko.loˈɾi.du] 色彩缤纷<名>
conquistador	/kõ.kis.taˈdoʁ/	/kõ.kis.taˈdoʁ/	[kõ.kis.taˈdoʁ] 征服者<名>
anti	/ɐ̃ˈt͡ʃi/	/ɐ̃ˈt͡ʃi/	[ɐ̃ˈt͡ʃi] 反<形>
lavada	/laˈva.dɐ/	/laˈva.dɐ/	[laˈva.dɐ] 洗过的<名>
alegadamente	/a.leˌɡa.daˈmẽ.t͡ʃi/	/a.leˌɡa.daˈmẽ.t͡ʃi/	[a.leˌɡa.daˈmẽ.t͡ʃi] 据称<副>
record	/ˈʁɛ.koʁd/	/ˈʁɛ.koʁd/	[ˈʁɛ.koʁd] 记录<名>
avc	/ˈa ˈve ˈse/	/ˈa ˈve ˈse/	[ˈa ˈve ˈse] 中风<名>
roer	/ʁoˈe(ʁ)/	/ʁoˈe(ʁ)/	[ʁoˈe(ʁ)] 啃<动>
evangelho	/e.vɐ̃ˈʒɛ.ʎu/	/e.vɐ̃ˈʒɛ.ʎu/	[e.vɐ̃ˈʒɛ.ʎu] 福音<名>
púrpura	/ˈpuʁ.pu.ɾɐ/	/ˈpuʁ.pu.ɾɐ/	[ˈpuʁ.pu.ɾɐ] 紫色<名>
forasteiro	/fo.ɾasˈte(j).ɾu/	/fo.ɾasˈte(j).ɾu/	[fo.ɾasˈte(j).ɾu] 局外人<名>
stressante	/stɾɛˈsɐ̃.tɨ/	/stɾɛˈsɐ̃.tɨ/	[stɾɛˈsɐ̃.tɨ] 有压力的<形>
especular	/is.pe.kuˈla(ʁ)/	/is.pe.kuˈla(ʁ)/	[is.pe.kuˈla(ʁ)] 推测<动>
florista	/floˈɾis.tɐ/	/floˈɾis.tɐ/	[floˈɾis.tɐ] 花店<名>
carcaça	/kaʁˈka.sɐ/	/kaʁˈka.sɐ/	[kaʁˈka.sɐ] 尸体<名>
sentinela	/sẽ.t͡ʃiˈnɛ.lɐ/	/sẽ.t͡ʃiˈnɛ.lɐ/	[sẽ.t͡ʃiˈnɛ.lɐ] 哨兵<名>
maluquice	/ma.luˈki.si/	/ma.luˈki.si/	[ma.luˈki.si] 疯狂的<名>
dióxido	/d͡ʒiˈɔk.si.du/	/d͡ʒiˈɔk.si.du/	[d͡ʒiˈɔk.si.du] 二氧化碳<名>
boa-noite	/ˈbo(w).ɐ ˈnoj.t͡ʃi/	/ˈbo(w).ɐ ˈnoj.t͡ʃi/	[ˈbo(w).ɐ ˈnoj.t͡ʃi] 晚安<名>
suado	/suˈa.du/	/suˈa.du/	[suˈa.du] 出汗的<形>
pingar	/pĩˈɡa(ʁ)/	/pĩˈɡa(ʁ)/	[pĩˈɡa(ʁ)] 滴水<动>
secretaria	/se.kɾe.taˈɾi.ɐ/	/se.kɾe.taˈɾi.ɐ/	[se.kɾe.taˈɾi.ɐ] 秘书<名>
honorários	/o.noˈɾa.ɾjus/	/o.noˈɾa.ɾjus/	[o.noˈɾa.ɾjus] 费用<名>
novinho	/noˈvĩ.ɲu/	/noˈvĩ.ɲu/	[noˈvĩ.ɲu] 全新的<名>
íman	/ˈi.mɐn/	/ˈi.mɐn/	[ˈi.mɐn] 磁铁<名>
substancial	/su.bis.tɐ̃.siˈaw/	/su.bis.tɐ̃.siˈaw/	[su.bis.tɐ̃.siˈaw] 实质性的<名>
cônsul	/ˈkõ.suw/	/ˈkõ.suw/	[ˈkõ.suw] 领事<名>
fossa	/ˈfɔ.sɐ/	/ˈfɔ.sɐ/	[ˈfɔ.sɐ] 化粪池<名>
processamento	/pɾo.se.saˈmẽ.tu/	/pɾo.se.saˈmẽ.tu/	[pɾo.se.saˈmẽ.tu] 加工<名>
choramingar	/ʃo.ɾa.mĩˈɡa(ʁ)/	/ʃo.ɾa.mĩˈɡa(ʁ)/	[ʃo.ɾa.mĩˈɡa(ʁ)] 哀鸣<动>
normalidade	/noʁ.ma.liˈda.d͡ʒi/	/noʁ.ma.liˈda.d͡ʒi/	[noʁ.ma.liˈda.d͡ʒi] 常态<名>
zebra	/ˈze.bɾɐ/	/ˈze.bɾɐ/	[ˈze.bɾɐ] 斑马<名>
comemoração	/ko.me.mo.ɾaˈsɐ̃w̃/	/ko.me.mo.ɾaˈsɐ̃w̃/	[ko.me.mo.ɾaˈsɐ̃w̃] 庆祝活动<名>
fazendeiro	/fa.zẽˈde(j).ɾu/	/fa.zẽˈde(j).ɾu/	[fa.zẽˈde(j).ɾu] 农民<名>
estalagem	/is.taˈla.ʒẽj̃/	/is.taˈla.ʒẽj̃/	[is.taˈla.ʒẽj̃] 客栈<名>
focinho	/foˈsĩ.ɲu/	/foˈsĩ.ɲu/	[foˈsĩ.ɲu] 枪口<名>
gradualmente	/ɡɾa.duˌawˈmẽ.t͡ʃi/	/ɡɾa.duˌawˈmẽ.t͡ʃi/	[ɡɾa.duˌawˈmẽ.t͡ʃi] 渐渐地<副>
maroto	/maˈɾo.tu/	/maˈɾo.tu/	[maˈɾo.tu] 顽皮的<形>
clemência	/kleˈmẽ.sjɐ/	/kleˈmẽ.sjɐ/	[kleˈmẽ.sjɐ] 宽大处理<名>
feitiçaria	/fej.t͡ʃi.saˈɾi.ɐ/	/fej.t͡ʃi.saˈɾi.ɐ/	[fej.t͡ʃi.saˈɾi.ɐ] 巫术<名>
épico	/ˈɛ.pi.ku/	/ˈɛ.pi.ku/	[ˈɛ.pi.ku] 史诗<名>
broca	/ˈbɾɔ.kɐ/	/ˈbɾɔ.kɐ/	[ˈbɾɔ.kɐ] 钻<名>
falsificar	/faw.si.fiˈka(ʁ)/	/faw.si.fiˈka(ʁ)/	[faw.si.fiˈka(ʁ)] 伪造<动>
cegueira	/seˈɡe(j).ɾɐ/	/seˈɡe(j).ɾɐ/	[seˈɡe(j).ɾɐ] 失明<名>
transportado	/tɾɐ̃s.poʁˈta.du/	/tɾɐ̃s.poʁˈta.du/	[tɾɐ̃s.poʁˈta.du] 运输的<形>
dependência	/de.pẽˈdẽ.sjɐ/	/de.pẽˈdẽ.sjɐ/	[de.pẽˈdẽ.sjɐ] 依赖<名>
marisco	/maˈɾis.ku/	/maˈɾis.ku/	[maˈɾis.ku] 海鲜<名>
arrecadação	/a.ʁe.ka.daˈsɐ̃w̃/	/a.ʁe.ka.daˈsɐ̃w̃/	[a.ʁe.ka.daˈsɐ̃w̃] 收藏<名>
consola	/kõˈsɔ.lɐ/	/kõˈsɔ.lɐ/	[kõˈsɔ.lɐ] 控制台<名>
xeque-mate	/ˌʃɛ.kiˈma.t͡ʃi/	/ˌʃɛ.kiˈma.t͡ʃi/	[ˌʃɛ.kiˈma.t͡ʃi] 将死<名>
profissionalmente	/pɾo.fi.si.oˌnawˈmẽ.t͡ʃi/	/pɾo.fi.si.oˌnawˈmẽ.t͡ʃi/	[pɾo.fi.si.oˌnawˈmẽ.t͡ʃi] 专业地<副>
oxigênio	/ˌɔk.siˈʒẽ.nju/	/ˌɔk.siˈʒẽ.nju/	[ˌɔk.siˈʒẽ.nju] 氧气<名>
feder	/feˈde(ʁ)/	/feˈde(ʁ)/	[feˈde(ʁ)] 臭<动>
recaída	/ʁe.kaˈi.dɐ/	/ʁe.kaˈi.dɐ/	[ʁe.kaˈi.dɐ] 复发<名>
mentiram	mẽ.ˈtʃi.ɾãʊ̃	mẽ.ˈtʃi.ɾãʊ̃	[mẽ.ˈtʃi.ɾãʊ̃] 撒谎了<动>
contribuinte	/kõ.tɾiˈbuj̃.t͡ʃi/	/kõ.tɾiˈbuj̃.t͡ʃi/	[kõ.tɾiˈbuj̃.t͡ʃi] 纳税人<名>
orador	/o.ɾaˈdoʁ/	/o.ɾaˈdoʁ/	[o.ɾaˈdoʁ] 扬声器<名>
compreensivo	/kõ.pɾe.ẽˈsi.vu/	/kõ.pɾe.ẽˈsi.vu/	[kõ.pɾe.ẽˈsi.vu] 理解<形>
ternura	/teʁˈnu.ɾɐ/	/teʁˈnu.ɾɐ/	[teʁˈnu.ɾɐ] 温柔<名>
comunismo	/ko.muˈniz.mu/	/ko.muˈniz.mu/	[ko.muˈniz.mu] 共产主义<名>
prematuro	/pɾe.maˈtu.ɾu/	/pɾe.maˈtu.ɾu/	[pɾe.maˈtu.ɾu] 过早的<名>
descrito	/desˈkɾi.tu/	/desˈkɾi.tu/	[desˈkɾi.tu] 描述的<形>
biopsia	/bi.opˈsi.ɐ/	/bi.opˈsi.ɐ/	[bi.opˈsi.ɐ] 活检<名>
baga	/ˈba.ɡɐ/	/ˈba.ɡɐ/	[ˈba.ɡɐ] 浆果<名>
sirene	/siˈɾẽ.ni/	/siˈɾẽ.ni/	[siˈɾẽ.ni] 塞壬<名>
traste	/ˈtɾas.t͡ʃi/	/ˈtɾas.t͡ʃi/	[ˈtɾas.t͡ʃi] 烦恼<名>
bombaim			孟买<名>
jurídico	/ʒuˈɾi.d͡ʒi.ku/	/ʒuˈɾi.d͡ʒi.ku/	[ʒuˈɾi.d͡ʒi.ku] 合法的<名>
energético	/e.neʁˈʒɛ.t͡ʃi.ku/	/e.neʁˈʒɛ.t͡ʃi.ku/	[e.neʁˈʒɛ.t͡ʃi.ku] 精力充沛<名>
vitelo	/viˈte.lu/	/viˈte.lu/	[viˈte.lu] 小牛肉<名>
heróico	e.ˈɾɔy.kʊ	e.ˈɾɔy.kʊ	[e.ˈɾɔy.kʊ] 英雄的<形>
mesquinho	/mesˈkĩ.ɲu/	/mesˈkĩ.ɲu/	[mesˈkĩ.ɲu] 小气的<形>
damasco	/daˈmas.ku/	/daˈmas.ku/	[daˈmas.ku] 杏子<名>
demência	/deˈmẽ.sjɐ/	/deˈmẽ.sjɐ/	[deˈmẽ.sjɐ] 痴呆症<名>
principiante	/pɾĩ.si.piˈɐ̃.t͡ʃi/	/pɾĩ.si.piˈɐ̃.t͡ʃi/	[pɾĩ.si.piˈɐ̃.t͡ʃi] 初学者<名>
pessimista	/pe.siˈmis.tɐ/	/pe.siˈmis.tɐ/	[pe.siˈmis.tɐ] 悲观的<名>
escadaria	/is.ka.daˈɾi.ɐ/	/is.ka.daˈɾi.ɐ/	[is.ka.daˈɾi.ɐ] 楼梯<名>
incerteza	/ĩ.seʁˈte.zɐ/	/ĩ.seʁˈte.zɐ/	[ĩ.seʁˈte.zɐ] 不确定性<名>
subsídio	/subˈsi.d͡ʒju/	/subˈsi.d͡ʒju/	[subˈsi.d͡ʒju] 补贴<名>
ampliar	ã.pli.ˈax	ã.pli.ˈax	[ã.pli.ˈax] 放大<动>
trapo	/ˈtɾa.pu/	/ˈtɾa.pu/	[ˈtɾa.pu] 抹布<名>
cdc	/ˈse ˈde ˈse/	/ˈse ˈde ˈse/	[ˈse ˈde ˈse] 疾病预防控制中心<名>
antecipar	/ɐ̃.te.siˈpa(ʁ)/	/ɐ̃.te.siˈpa(ʁ)/	[ɐ̃.te.siˈpa(ʁ)] 预见<动>
fortalecer	/foʁ.ta.leˈse(ʁ)/	/foʁ.ta.leˈse(ʁ)/	[foʁ.ta.leˈse(ʁ)] 加强<动>
cómoda	/ˈkɔ.mu.dɐ/	/ˈkɔ.mu.dɐ/	[ˈkɔ.mu.dɐ] 梳妆台<名>
infringir	/ĩ.fɾĩˈʒi(ʁ)/	/ĩ.fɾĩˈʒi(ʁ)/	[ĩ.fɾĩˈʒi(ʁ)] 侵犯<动>
conservar	/kõ.seʁˈva(ʁ)/	/kõ.seʁˈva(ʁ)/	[kõ.seʁˈva(ʁ)] 保存<动>
atendimento	/a.tẽ.d͡ʒiˈmẽ.tu/	/a.tẽ.d͡ʒiˈmẽ.tu/	[a.tẽ.d͡ʒiˈmẽ.tu] 服务<名>
sandália	/sɐ̃ˈda.ljɐ/	/sɐ̃ˈda.ljɐ/	[sɐ̃ˈda.ljɐ] 凉鞋<名>
anzol	/ɐ̃ˈzɔw/	/ɐ̃ˈzɔw/	[ɐ̃ˈzɔw] 钩子<名>
airar	/ajˈɾa(ʁ)/	/ajˈɾa(ʁ)/	[ajˈɾa(ʁ)] 空气<动>
jato	/ˈʒa.tu/	/ˈʒa.tu/	[ˈʒa.tu] 喷射机<名>
alarido	/a.laˈɾi.du/	/a.laˈɾi.du/	[a.laˈɾi.du] 大惊小怪<名>
desmoronar	/dez.mo.ɾoˈna(ʁ)/	/dez.mo.ɾoˈna(ʁ)/	[dez.mo.ɾoˈna(ʁ)] 分崩离析<动>
enforcamento	/ẽ.foʁ.kaˈmẽ.tu/	/ẽ.foʁ.kaˈmẽ.tu/	[ẽ.foʁ.kaˈmẽ.tu] 悬挂<名>
lucrar	/luˈkɾa(ʁ)/	/luˈkɾa(ʁ)/	[luˈkɾa(ʁ)] 利润<动>
buzina	/buˈzĩ.nɐ/	/buˈzĩ.nɐ/	[buˈzĩ.nɐ] 号角<名>
estrangular	/is.tɾɐ̃.ɡuˈla(ʁ)/	/is.tɾɐ̃.ɡuˈla(ʁ)/	[is.tɾɐ̃.ɡuˈla(ʁ)] 勒死<动>
apavorado	/a.pa.voˈɾa.du/	/a.pa.voˈɾa.du/	[a.pa.voˈɾa.du] 害怕<形>
compatriota	/kõ.pa.tɾiˈɔ.tɐ/	/kõ.pa.tɾiˈɔ.tɐ/	[kõ.pa.tɾiˈɔ.tɐ] 乡下人<名>
desconforto	/des.kõˈfoʁ.tu/	/des.kõˈfoʁ.tu/	[des.kõˈfoʁ.tu] 不适<名>
firewall	/faj.ɾewˈɔw/	/faj.ɾewˈɔw/	[faj.ɾewˈɔw] 防火墙<名>
pastelaria	/pas.te.laˈɾi.ɐ/	/pas.te.laˈɾi.ɐ/	[pas.te.laˈɾi.ɐ] 糕点<名>
betão	/beˈtɐ̃w̃/	/beˈtɐ̃w̃/	[beˈtɐ̃w̃] 混凝土<名>
visibilidade	/vi.zi.bi.liˈda.d͡ʒi/	/vi.zi.bi.liˈda.d͡ʒi/	[vi.zi.bi.liˈda.d͡ʒi] 能见度<名>
matricular	/ma.tɾi.kuˈla(ʁ)/	/ma.tɾi.kuˈla(ʁ)/	[ma.tɾi.kuˈla(ʁ)] 报名<动>
sífilis	/ˈsi.fi.lis/	/ˈsi.fi.lis/	[ˈsi.fi.lis] 梅毒<名>
auscultador	/aws.kuw.taˈdoʁ/	/aws.kuw.taˈdoʁ/	[aws.kuw.taˈdoʁ] 耳机<名>
tico	/ˈt͡ʃi.ku/	/ˈt͡ʃi.ku/	[ˈt͡ʃi.ku] 蒂科<名>
consumidor	/kõ.su.miˈdoʁ/	/kõ.su.miˈdoʁ/	[kõ.su.miˈdoʁ] 消费者<名>
trio	/ˈtɾi.u/	/ˈtɾi.u/	[ˈtɾi.u] 三人行<名>
psíquico	/piˈsi.ki.ku/	/piˈsi.ki.ku/	[piˈsi.ki.ku] 通灵的<名>
lula	/ˈlu.lɐ/	/ˈlu.lɐ/	[ˈlu.lɐ] 鱿鱼<名>
cava	/ˈka.vɐ/	/ˈka.vɐ/	[ˈka.vɐ] 坑<名>
egoísmo	/e.ɡoˈiz.mu/	/e.ɡoˈiz.mu/	[e.ɡoˈiz.mu] 自私<名>
escorregadio	/is.ko.ʁe.ɡaˈd͡ʒi.u/	/is.ko.ʁe.ɡaˈd͡ʒi.u/	[is.ko.ʁe.ɡaˈd͡ʒi.u] 滑的<形>
licenciatura	/li.sẽ.si.aˈtu.ɾɐ/	/li.sẽ.si.aˈtu.ɾɐ/	[li.sẽ.si.aˈtu.ɾɐ] 学位<名>
índice	/ˈĩ.d͡ʒi.si/	/ˈĩ.d͡ʒi.si/	[ˈĩ.d͡ʒi.si] 指数<名>
propulsor	/pɾo.puwˈsoʁ/	/pɾo.puwˈsoʁ/	[pɾo.puwˈsoʁ] 推进剂<名>
per	/peʁ/	/peʁ/	[peʁ] 每<介>
cimeira	/siˈme(j).ɾɐ/	/siˈme(j).ɾɐ/	[siˈme(j).ɾɐ] 峰会<名>
bisavô	/bi.zaˈvo/	/bi.zaˈvo/	[bi.zaˈvo] 曾祖父<名>
islão	/iʒˈlɐ̃w̃/	/iʒˈlɐ̃w̃/	[iʒˈlɐ̃w̃] 伊斯兰教<名>
íris	/ˈi.ɾis/	/ˈi.ɾis/	[ˈi.ɾis] 虹膜<名>
ripostar	/ʁi.posˈta(ʁ)/	/ʁi.posˈta(ʁ)/	[ʁi.posˈta(ʁ)] 反击<动>
rafeiro	/ʁaˈfe(j).ɾu/	/ʁaˈfe(j).ɾu/	[ʁaˈfe(j).ɾu] 杂种狗<形>
oitava	/ojˈta.vɐ/	/ojˈta.vɐ/	[ojˈta.vɐ] 八度<名>
clandestino	/klɐ̃.desˈt͡ʃĩ.nu/	/klɐ̃.desˈt͡ʃĩ.nu/	[klɐ̃.desˈt͡ʃĩ.nu] 秘密的<名>
coágulo	/koˈa.ɡu.lu/	/koˈa.ɡu.lu/	[koˈa.ɡu.lu] 凝块<名>
lançaram	lã.ˈsa.ɾãʊ̃	lã.ˈsa.ɾãʊ̃	[lã.ˈsa.ɾãʊ̃] 推出<动>
mc	/ˌẽ.miˈsi/	/ˌẽ.miˈsi/	[ˌẽ.miˈsi] MC<名>
protetor	/pɾo.teˈtoʁ/	/pɾo.teˈtoʁ/	[pɾo.teˈtoʁ] 保护者<名>
agressividade	/a.ɡɾe.si.viˈda.d͡ʒi/	/a.ɡɾe.si.viˈda.d͡ʒi/	[a.ɡɾe.si.viˈda.d͡ʒi] 攻击性<名>
mal-educado	/ˌmaw.e.duˈka.du/	/ˌmaw.e.duˈka.du/	[ˌmaw.e.duˈka.du] 无礼的<形>
robe	/ˈʁɔ.bi/	/ˈʁɔ.bi/	[ˈʁɔ.bi] 长袍<名>
tamara			塔玛拉<名>
aorta	/aˈɔʁ.tɐ/	/aˈɔʁ.tɐ/	[aˈɔʁ.tɐ] 主动脉<名>
inclinação	/ĩ.kli.naˈsɐ̃w̃/	/ĩ.kli.naˈsɐ̃w̃/	[ĩ.kli.naˈsɐ̃w̃] 坡度<名>
estante	/isˈtɐ̃.t͡ʃi/	/isˈtɐ̃.t͡ʃi/	[isˈtɐ̃.t͡ʃi] 书架<名>
deslocar	/dez.loˈka(ʁ)/	/dez.loˈka(ʁ)/	[dez.loˈka(ʁ)] 移动<动>
quebra-cabeças	/ˌkɛ.bɾɐ.kaˈbe.sɐs/	/ˌkɛ.bɾɐ.kaˈbe.sɐs/	[ˌkɛ.bɾɐ.kaˈbe.sɐs] 谜题<名>
meditar	/me.d͡ʒiˈta(ʁ)/	/me.d͡ʒiˈta(ʁ)/	[me.d͡ʒiˈta(ʁ)] 冥想<动>
optimo			最优的<形>
estilista	/is.t͡ʃiˈlis.tɐ/	/is.t͡ʃiˈlis.tɐ/	[is.t͡ʃiˈlis.tɐ] 造型师<名>
intelecto	/ĩ.teˈlɛ.ki.tu/	/ĩ.teˈlɛ.ki.tu/	[ĩ.teˈlɛ.ki.tu] 智力<名>
marioneta	/ma.ɾi.oˈnɛ.tɐ/	/ma.ɾi.oˈnɛ.tɐ/	[ma.ɾi.oˈnɛ.tɐ] 傀儡<名>
rótulo	/ˈʁɔ.tu.lu/	/ˈʁɔ.tu.lu/	[ˈʁɔ.tu.lu] 标签<名>
devastador	/de.vas.taˈdoʁ/	/de.vas.taˈdoʁ/	[de.vas.taˈdoʁ] 毁灭性的<形>
assar	/aˈsa(ʁ)/	/aˈsa(ʁ)/	[aˈsa(ʁ)] 烘烤<动>
vibrar	/viˈbɾa(ʁ)/	/viˈbɾa(ʁ)/	[viˈbɾa(ʁ)] 振动<动>
gate	/ˈɡejt͡ʃ/	/ˈɡejt͡ʃ/	[ˈɡejt͡ʃ] 门<名>
totalidade	/to.ta.liˈda.d͡ʒi/	/to.ta.liˈda.d͡ʒi/	[to.ta.liˈda.d͡ʒi] 整体性<名>
varíola	/vaˈɾiw.lɐ/	/vaˈɾiw.lɐ/	[vaˈɾiw.lɐ] 天花<名>
ordinário	/oʁ.d͡ʒiˈna.ɾju/	/oʁ.d͡ʒiˈna.ɾju/	[oʁ.d͡ʒiˈna.ɾju] 普通的<名>
fedelho	/feˈde.ʎu/	/feˈde.ʎu/	[feˈde.ʎu] 臭小子<名>
ni	/ˈni/	/ˈni/	[ˈni] 你<名>
canoa	/kaˈno(w).ɐ/	/kaˈno(w).ɐ/	[kaˈno(w).ɐ] 独木舟<名>
desforra	/desˈfɔ.ʁɐ/	/desˈfɔ.ʁɐ/	[desˈfɔ.ʁɐ] 复仇<名>
aquecedor	/a.ke.seˈdoʁ/	/a.ke.seˈdoʁ/	[a.ke.seˈdoʁ] 加热器<名>
vespa	/ˈves.pɐ/	/ˈves.pɐ/	[ˈves.pɐ] 黄蜂<名>
chimpanzé	/ʃĩ.pɐ̃ˈzɛ/	/ʃĩ.pɐ̃ˈzɛ/	[ʃĩ.pɐ̃ˈzɛ] 黑猩猩<名>
tormento	/toʁˈmẽ.tu/	/toʁˈmẽ.tu/	[toʁˈmẽ.tu] 折磨<名>
declínio	/deˈklĩ.nju/	/deˈklĩ.nju/	[deˈklĩ.nju] 下降<名>
ipod	/ajˈpɔ.d͡ʒi/	/ajˈpɔ.d͡ʒi/	[ajˈpɔ.d͡ʒi] iPod<名>
impenetrável	/ĩ.pe.neˈtɾa.vew/	/ĩ.pe.neˈtɾa.vew/	[ĩ.pe.neˈtɾa.vew] 坚不可摧的<形>
baloiço	ba.ˈloy.sʊ	ba.ˈloy.sʊ	[ba.ˈloy.sʊ] 秋千<名>
cinzeiro	/sĩˈze(j).ɾu/	/sĩˈze(j).ɾu/	[sĩˈze(j).ɾu] 烟灰缸<名>
causaram	kaw.ˈza.ɾãʊ̃	kaw.ˈza.ɾãʊ̃	[kaw.ˈza.ɾãʊ̃] 造成的<动>
olharam	/oˈʎa.ɾɐ̃w̃/	/oˈʎa.ɾɐ̃w̃/	[oˈʎa.ɾɐ̃w̃] 看起来<动>
reality	/ʁeˈa.li.t͡ʃi/	/ʁeˈa.li.t͡ʃi/	[ʁeˈa.li.t͡ʃi] 现实<名>
acolhedor	/a.ko.ʎeˈdoʁ/	/a.ko.ʎeˈdoʁ/	[a.ko.ʎeˈdoʁ] 欢迎<形>
puberdade	/pu.beʁˈda.d͡ʒi/	/pu.beʁˈda.d͡ʒi/	[pu.beʁˈda.d͡ʒi] 青春期<名>
talhante	/taˈʎɐ̃.t͡ʃi/	/taˈʎɐ̃.t͡ʃi/	[taˈʎɐ̃.t͡ʃi] 屠夫<名>
meramente	/ˌmɛ.ɾaˈmẽ.t͡ʃi/	/ˌmɛ.ɾaˈmẽ.t͡ʃi/	[ˌmɛ.ɾaˈmẽ.t͡ʃi] 仅仅是<副>
moira			莫伊拉<名>
raivoso	/ʁajˈvo.zu/	/ʁajˈvo.zu/	[ʁajˈvo.zu] 生气<形>
amabilidade	/a.ma.bi.liˈda.d͡ʒi/	/a.ma.bi.liˈda.d͡ʒi/	[a.ma.bi.liˈda.d͡ʒi] 仁慈<名>
travesti	/tɾa.vesˈt͡ʃi/	/tɾa.vesˈt͡ʃi/	[tɾa.vesˈt͡ʃi] 异装癖<名>
espantalho	/is.pɐ̃ˈta.ʎu/	/is.pɐ̃ˈta.ʎu/	[is.pɐ̃ˈta.ʎu] 稻草人<名>
viajado	/vi.aˈʒa.du/	/vi.aˈʒa.du/	[vi.aˈʒa.du] 旅行过<形>
concessão	/kõ.seˈsɐ̃w̃/	/kõ.seˈsɐ̃w̃/	[kõ.seˈsɐ̃w̃] 让步<名>
diversidade	/d͡ʒi.veʁ.siˈda.d͡ʒi/	/d͡ʒi.veʁ.siˈda.d͡ʒi/	[d͡ʒi.veʁ.siˈda.d͡ʒi] 多样性<名>
brincalhão	/bɾĩ.kaˈʎɐ̃w̃/	/bɾĩ.kaˈʎɐ̃w̃/	[bɾĩ.kaˈʎɐ̃w̃] 俏皮的<名>
andróide			安卓<名>
game	/ˈɡej.mi/	/ˈɡej.mi/	[ˈɡej.mi] 游戏<名>
bofetada	/bo.feˈta.dɐ/	/bo.feˈta.dɐ/	[bo.feˈta.dɐ] 巴掌<名>
legislação	/le.ʒiz.laˈsɐ̃w̃/	/le.ʒiz.laˈsɐ̃w̃/	[le.ʒiz.laˈsɐ̃w̃] 立法<名>
renovação	/ʁe.no.vaˈsɐ̃w̃/	/ʁe.no.vaˈsɐ̃w̃/	[ʁe.no.vaˈsɐ̃w̃] 更新<名>
condecorar	/kõ.de.koˈɾa(ʁ)/	/kõ.de.koˈɾa(ʁ)/	[kõ.de.koˈɾa(ʁ)] 装饰<动>
calculado	/kaw.kuˈla.du/	/kaw.kuˈla.du/	[kaw.kuˈla.du] 计算出的<形>
ponderar	/põ.deˈɾa(ʁ)/	/põ.deˈɾa(ʁ)/	[põ.deˈɾa(ʁ)] 沉思<动>
exprimir	/is.pɾiˈmi(ʁ)/	/is.pɾiˈmi(ʁ)/	[is.pɾiˈmi(ʁ)] 快递<动>
afogamento	a.fo.ga.ˈmẽ.tʊ	a.fo.ga.ˈmẽ.tʊ	[a.fo.ga.ˈmẽ.tʊ] 溺水<名>
pacificamente	/paˌsi.fi.kaˈmẽ.t͡ʃi/	/paˌsi.fi.kaˈmẽ.t͡ʃi/	[paˌsi.fi.kaˈmẽ.t͡ʃi] 平静地<副>
estourar	/is.to(w)ˈɾa(ʁ)/	/is.to(w)ˈɾa(ʁ)/	[is.to(w)ˈɾa(ʁ)] 爆发<动>
pavilhão	/pa.viˈʎɐ̃w̃/	/pa.viˈʎɐ̃w̃/	[pa.viˈʎɐ̃w̃] 凉亭<名>
contratempo	/ˌkõ.tɾaˈtẽ.pu/	/ˌkõ.tɾaˈtẽ.pu/	[ˌkõ.tɾaˈtẽ.pu] 挫折<名>
mu	/ˈmu/	/ˈmu/	[ˈmu] 亩<名>
ilustre	/iˈlus.tɾi/	/iˈlus.tɾi/	[iˈlus.tɾi] 杰出的<形>
jimbo	/ˈʒĩ.bu/	/ˈʒĩ.bu/	[ˈʒĩ.bu] 金博<名>
slogan	/isˈlo.ɡɐ̃/	/isˈlo.ɡɐ̃/	[isˈlo.ɡɐ̃] 口号<名>
banal	/baˈnaw/	/baˈnaw/	[baˈnaw] 平庸的<形>
saturação	/sa.tu.ɾaˈsɐ̃w̃/	/sa.tu.ɾaˈsɐ̃w̃/	[sa.tu.ɾaˈsɐ̃w̃] 饱和度<名>
talho	/ˈta.ʎu/	/ˈta.ʎu/	[ˈta.ʎu] 屠夫<名>
mesada	/meˈza.dɐ/	/meˈza.dɐ/	[meˈza.dɐ] 津贴<名>
clique	/ˈkli.ki/	/ˈkli.ki/	[ˈkli.ki] 单击<名>
despachado	des.pa.ˈʃa.dʊ	des.pa.ˈʃa.dʊ	[des.pa.ˈʃa.dʊ] 派遣<形>
empreendimento	/ẽ.pɾe.ẽ.d͡ʒiˈmẽ.tu/	/ẽ.pɾe.ẽ.d͡ʒiˈmẽ.tu/	[ẽ.pɾe.ẽ.d͡ʒiˈmẽ.tu] 企业<名>
cacau	/kaˈkaw/	/kaˈkaw/	[kaˈkaw] 可可<名>
motivado	/mo.t͡ʃiˈva.du/	/mo.t͡ʃiˈva.du/	[mo.t͡ʃiˈva.du] 有动力<形>
elfo	/ˈɛw.fu/	/ˈɛw.fu/	[ˈɛw.fu] 小精灵<名>
dote	/ˈdɔ.t͡ʃi/	/ˈdɔ.t͡ʃi/	[ˈdɔ.t͡ʃi] 嫁妆<名>
insuficiência	/ĩ.su.fi.siˈẽ.sjɐ/	/ĩ.su.fi.siˈẽ.sjɐ/	[ĩ.su.fi.siˈẽ.sjɐ] 不足<名>
opressão	/o.pɾeˈsɐ̃w̃/	/o.pɾeˈsɐ̃w̃/	[o.pɾeˈsɐ̃w̃] 压迫<名>
fiambre	/fiˈɐ̃.bɾi/	/fiˈɐ̃.bɾi/	[fiˈɐ̃.bɾi] 火腿<名>
esquecimento	/is.ke.siˈmẽ.tu/	/is.ke.siˈmẽ.tu/	[is.ke.siˈmẽ.tu] 遗忘<名>
fórum	/ˈfɔ.ɾũ/	/ˈfɔ.ɾũ/	[ˈfɔ.ɾũ] 论坛<名>
verbal	/veʁˈbaw/	/veʁˈbaw/	[veʁˈbaw] 口头的<形>
cirúrgico	/siˈɾuʁ.ʒi.ku/	/siˈɾuʁ.ʒi.ku/	[siˈɾuʁ.ʒi.ku] 外科手术<形>
picha	/ˈpi.ʃɐ/	/ˈpi.ʃɐ/	[ˈpi.ʃɐ] 公鸡<名>
primitiva	/pɾi.miˈt͡ʃi.vɐ/	/pɾi.miˈt͡ʃi.vɐ/	[pɾi.miˈt͡ʃi.vɐ] 原始的<名>
solicitar	/so.li.siˈta(ʁ)/	/so.li.siˈta(ʁ)/	[so.li.siˈta(ʁ)] 请求<动>
candidatar	/kɐ̃.d͡ʒi.daˈta(ʁ)/	/kɐ̃.d͡ʒi.daˈta(ʁ)/	[kɐ̃.d͡ʒi.daˈta(ʁ)] 申请<动>
cateter	/ka.teˈtɛʁ/	/ka.teˈtɛʁ/	[ka.teˈtɛʁ] 导管<名>
objeção	/o.bi.ʒeˈsɐ̃w̃/	/o.bi.ʒeˈsɐ̃w̃/	[o.bi.ʒeˈsɐ̃w̃] 反对<名>
relativo	/ʁe.laˈt͡ʃi.vu/	/ʁe.laˈt͡ʃi.vu/	[ʁe.laˈt͡ʃi.vu] 亲戚<形>
especiaria	/is.pe.si.aˈɾi.ɐ/	/is.pe.si.aˈɾi.ɐ/	[is.pe.si.aˈɾi.ɐ] 香料<名>
pós-traumático	ˈpɔs.tɾaw.ma.tʃi.kʊ	ˈpɔs.tɾaw.ma.tʃi.kʊ	[ˈpɔs.tɾaw.ma.tʃi.kʊ] 创伤后<形>
estrondo	/isˈtɾõ.du/	/isˈtɾõ.du/	[isˈtɾõ.du] 砰<名>
sabre	/ˈsa.bɾi/	/ˈsa.bɾi/	[ˈsa.bɾi] 军刀<名>
burrito	/buˈʁi.tu/	/buˈʁi.tu/	[buˈʁi.tu] 墨西哥卷饼<名>
vegetação	/ve.ʒe.taˈsɐ̃w̃/	/ve.ʒe.taˈsɐ̃w̃/	[ve.ʒe.taˈsɐ̃w̃] 植被<名>
cálcio	/ˈkaw.sju/	/ˈkaw.sju/	[ˈkaw.sju] 钙<名>
sedução	/se.duˈsɐ̃w̃/	/se.duˈsɐ̃w̃/	[se.duˈsɐ̃w̃] 诱惑<名>
casulo	/kaˈzu.lu/	/kaˈzu.lu/	[kaˈzu.lu] 茧<名>
dificultar	/d͡ʒi.fi.kuwˈta(ʁ)/	/d͡ʒi.fi.kuwˈta(ʁ)/	[d͡ʒi.fi.kuwˈta(ʁ)] 阻碍<动>
chorão	/ʃoˈɾɐ̃w̃/	/ʃoˈɾɐ̃w̃/	[ʃoˈɾɐ̃w̃] 爱哭鬼<名>
pio	/ˈpi.u/	/ˈpi.u/	[ˈpi.u] 窥视<名>
beliche	/beˈli.ʃi/	/beˈli.ʃi/	[beˈli.ʃi] 双层床<名>
chapa	/ˈʃa.pɐ/	/ˈʃa.pɐ/	[ˈʃa.pɐ] 盘子<名>
desobedecer	/de.zo.be.deˈse(ʁ)/	/de.zo.be.deˈse(ʁ)/	[de.zo.be.deˈse(ʁ)] 不服从<动>
job	/ˈd͡ʒɔ.bi/	/ˈd͡ʒɔ.bi/	[ˈd͡ʒɔ.bi] 工作<名>
pecar	/peˈka(ʁ)/	/peˈka(ʁ)/	[peˈka(ʁ)] 罪恶<动>
gargalhada	/ɡaʁ.ɡaˈʎa.dɐ/	/ɡaʁ.ɡaˈʎa.dɐ/	[ɡaʁ.ɡaˈʎa.dɐ] 笑<名>
socialmente	/so.siˌawˈmẽ.t͡ʃi/	/so.siˌawˈmẽ.t͡ʃi/	[so.siˌawˈmẽ.t͡ʃi] 社交上<副>
alargar	/a.laʁˈɡa(ʁ)/	/a.laʁˈɡa(ʁ)/	[a.laʁˈɡa(ʁ)] 扩大<动>
coleccionador	ko.le.si.o.na.ˈdox	ko.le.si.o.na.ˈdox	[ko.le.si.o.na.ˈdox] 收藏家<名>
hospedar	/os.peˈda(ʁ)/	/os.peˈda(ʁ)/	[os.peˈda(ʁ)] 主机<动>
capitalismo	/ka.pi.taˈliz.mu/	/ka.pi.taˈliz.mu/	[ka.pi.taˈliz.mu] 资本主义<名>
pager	/ˈpej.d͡ʒeʁ/	/ˈpej.d͡ʒeʁ/	[ˈpej.d͡ʒeʁ] 寻呼机<名>
mídia	/ˈmi.d͡ʒjɐ/	/ˈmi.d͡ʒjɐ/	[ˈmi.d͡ʒjɐ] 媒体<名>
nutriente	/nu.tɾiˈẽ.t͡ʃi/	/nu.tɾiˈẽ.t͡ʃi/	[nu.tɾiˈẽ.t͡ʃi] 营养素<名>
berma	/ˈbeʁ.mɐ/	/ˈbeʁ.mɐ/	[ˈbeʁ.mɐ] 护堤<名>
chat	/ˈʃa.t͡ʃi/	/ˈʃa.t͡ʃi/	[ˈʃa.t͡ʃi] 聊天<名>
negada	ne.ˈga.də	ne.ˈga.də	[ne.ˈga.də] 被拒绝<名>
biquíni	/biˈkĩ.ni/	/biˈkĩ.ni/	[biˈkĩ.ni] 比基尼<名>
espécime	/isˈpɛ.si.mi/	/isˈpɛ.si.mi/	[isˈpɛ.si.mi] 标本<名>
exótico	/eˈzɔ.t͡ʃi.ku/	/eˈzɔ.t͡ʃi.ku/	[eˈzɔ.t͡ʃi.ku] 异国情调<形>
retiraram	xe.tʃi.ˈɾa.ɾãʊ̃	xe.tʃi.ˈɾa.ɾãʊ̃	[xe.tʃi.ˈɾa.ɾãʊ̃] 已删除<动>
zulu	/ˈzu.lu/	/ˈzu.lu/	[ˈzu.lu] 祖鲁语<名>
reanimação	/ʁe.a.ni.maˈsɐ̃w̃/	/ʁe.a.ni.maˈsɐ̃w̃/	[ʁe.a.ni.maˈsɐ̃w̃] 复苏<名>
passadeira	/pa.saˈde(j).ɾɐ/	/pa.saˈde(j).ɾɐ/	[pa.saˈde(j).ɾɐ] 跑步机<名>
bendito	/bẽˈd͡ʒi.tu/	/bẽˈd͡ʒi.tu/	[bẽˈd͡ʒi.tu] 有福的<形>
negocio	ne.go.ˈsi.ʊ	ne.go.ˈsi.ʊ	[ne.go.ˈsi.ʊ] 商业<名>
sutura	/suˈtu.ɾɐ/	/suˈtu.ɾɐ/	[suˈtu.ɾɐ] 缝合<名>
decisivo	/de.siˈzi.vu/	/de.siˈzi.vu/	[de.siˈzi.vu] 决定性的<形>
devorar	/de.voˈɾa(ʁ)/	/de.voˈɾa(ʁ)/	[de.voˈɾa(ʁ)] 吞噬<动>
vomitado	/vo.miˈta.du/	/vo.miˈta.du/	[vo.miˈta.du] 呕吐了<名>
suspense	/susˈpẽ.si/	/susˈpẽ.si/	[susˈpẽ.si] 悬念<名>
bermuda	/beʁˈmu.dɐ/	/beʁˈmu.dɐ/	[beʁˈmu.dɐ] 短裤<名>
súbdito	/ˈsub.di.tu/	/ˈsub.di.tu/	[ˈsub.di.tu] 主题<名>
miligrama	/mi.liˈɡɾɐ̃.mɐ/	/mi.liˈɡɾɐ̃.mɐ/	[mi.liˈɡɾɐ̃.mɐ] 毫克<名>
hélio	/ˈɛ.lju/	/ˈɛ.lju/	[ˈɛ.lju] 氦气<名>
zelador	/ze.laˈdoʁ/	/ze.laˈdoʁ/	[ze.laˈdoʁ] 看门人<名>
narcisista	/naʁ.siˈzis.tɐ/	/naʁ.siˈzis.tɐ/	[naʁ.siˈzis.tɐ] 自恋者<名>
governante	/ɡo.veʁˈnɐ̃.t͡ʃi/	/ɡo.veʁˈnɐ̃.t͡ʃi/	[ɡo.veʁˈnɐ̃.t͡ʃi] 尺子<名>
finalidade	/fi.na.liˈda.d͡ʒi/	/fi.na.liˈda.d͡ʒi/	[fi.na.liˈda.d͡ʒi] 目的<名>
involuntário	/ĩ.vo.lũˈta.ɾju/	/ĩ.vo.lũˈta.ɾju/	[ĩ.vo.lũˈta.ɾju] 不自觉的<形>
baronesa	/ba.ɾoˈne.zɐ/	/ba.ɾoˈne.zɐ/	[ba.ɾoˈne.zɐ] 男爵夫人<名>
taquicardia	/ˌta.ki.kaʁˈd͡ʒi.ɐ/	/ˌta.ki.kaʁˈd͡ʒi.ɐ/	[ˌta.ki.kaʁˈd͡ʒi.ɐ] 心动过速<名>
bracelete	/bɾa.seˈlɛ.t͡ʃi/	/bɾa.seˈlɛ.t͡ʃi/	[bɾa.seˈlɛ.t͡ʃi] 手镯<名>
estalar	/is.taˈla(ʁ)/	/is.taˈla(ʁ)/	[is.taˈla(ʁ)] 快照<动>
socapa	/soˈka.pɐ/	/soˈka.pɐ/	[soˈka.pɐ] 斗篷<名>
suplente	/suˈplẽ.t͡ʃi/	/suˈplẽ.t͡ʃi/	[suˈplẽ.t͡ʃi] 替代品<名>
afeição	/a.fejˈsɐ̃w̃/	/a.fejˈsɐ̃w̃/	[a.fejˈsɐ̃w̃] 感情<名>
bobagem	/boˈba.ʒẽj̃/	/boˈba.ʒẽj̃/	[boˈba.ʒẽj̃] 废话<名>
sangramento	/sɐ̃.ɡɾaˈmẽ.tu/	/sɐ̃.ɡɾaˈmẽ.tu/	[sɐ̃.ɡɾaˈmẽ.tu] 出血<名>
combustão	/kõ.busˈtɐ̃w̃/	/kõ.busˈtɐ̃w̃/	[kõ.busˈtɐ̃w̃] 燃烧<名>
cósmico	/ˈkɔz.mi.ku/	/ˈkɔz.mi.ku/	[ˈkɔz.mi.ku] 宇宙的<形>
roleta	/ʁoˈle.tɐ/	/ʁoˈle.tɐ/	[ʁoˈle.tɐ] 轮盘赌<名>
mindinho	/mĩˈd͡ʒĩ.ɲu/	/mĩˈd͡ʒĩ.ɲu/	[mĩˈd͡ʒĩ.ɲu] 小指<名>
comício	/koˈmi.sju/	/koˈmi.sju/	[koˈmi.sju] 拉力赛<名>
belga	/ˈbɛw.ɡɐ/	/ˈbɛw.ɡɐ/	[ˈbɛw.ɡɐ] 比利时人<名>
variável	/va.ɾiˈa.vew/	/va.ɾiˈa.vew/	[va.ɾiˈa.vew] 变量<名>
nascente	/naˈsẽ.t͡ʃi/	/naˈsẽ.t͡ʃi/	[naˈsẽ.t͡ʃi] 春天<名>
vénia	/ˈvɛ.njɐ/	/ˈvɛ.njɐ/	[ˈvɛ.njɐ] 弓<名>
boxers	/ˈbɔk.sɛɾʃ/	/ˈbɔk.sɛɾʃ/	[ˈbɔk.sɛɾʃ] 拳击手<名>
ianque	/ˈjɐ̃.ki/	/ˈjɐ̃.ki/	[ˈjɐ̃.ki] 洋基队<名>
cilindro	/siˈlĩ.dɾu/	/siˈlĩ.dɾu/	[siˈlĩ.dɾu] 气缸<名>
chamamento	/ʃa.maˈmẽ.tu/	/ʃa.maˈmẽ.tu/	[ʃa.maˈmẽ.tu] 呼叫<名>
restauração	/ʁes.taw.ɾaˈsɐ̃w̃/	/ʁes.taw.ɾaˈsɐ̃w̃/	[ʁes.taw.ɾaˈsɐ̃w̃] 恢复<名>
mantiveram	mã.tʃi.ˈvɛ.ɾãʊ̃	mã.tʃi.ˈvɛ.ɾãʊ̃	[mã.tʃi.ˈvɛ.ɾãʊ̃] 维持<动>
colaborador	/ko.la.bo.ɾaˈdoʁ/	/ko.la.bo.ɾaˈdoʁ/	[ko.la.bo.ɾaˈdoʁ] 合作者<名>
golf			高尔夫<名>
volt	/ˈvow.t͡ʃi/	/ˈvow.t͡ʃi/	[ˈvow.t͡ʃi] 伏特<名>
lucrativo	/lu.kɾaˈt͡ʃi.vu/	/lu.kɾaˈt͡ʃi.vu/	[lu.kɾaˈt͡ʃi.vu] 有利可图的<形>
colonial	/ko.lo.niˈaw/	/ko.lo.niˈaw/	[ko.lo.niˈaw] 殖民地<形>
bacia	/baˈsi.ɐ/	/baˈsi.ɐ/	[baˈsi.ɐ] 盆地<名>
platina	/plaˈt͡ʃĩ.nɐ/	/plaˈt͡ʃĩ.nɐ/	[plaˈt͡ʃĩ.nɐ] 铂金<名>
economizar	/e.ko.no.miˈza(ʁ)/	/e.ko.no.miˈza(ʁ)/	[e.ko.no.miˈza(ʁ)] 保存<动>
trance	/ˈtɾɐ̃.si/	/ˈtɾɐ̃.si/	[ˈtɾɐ̃.si] 恍惚<名>
provocação	/pɾo.vo.kaˈsɐ̃w̃/	/pɾo.vo.kaˈsɐ̃w̃/	[pɾo.vo.kaˈsɐ̃w̃] 挑衅<名>
geografia	/ʒe.o.ɡɾaˈfi.ɐ/	/ʒe.o.ɡɾaˈfi.ɐ/	[ʒe.o.ɡɾaˈfi.ɐ] 地理<名>
trocaram	tɾo.ˈka.ɾãʊ̃	tɾo.ˈka.ɾãʊ̃	[tɾo.ˈka.ɾãʊ̃] 交换的<动>
adaga	/aˈda.ɡɐ/	/aˈda.ɡɐ/	[aˈda.ɡɐ] 匕首<名>
micro-ondas	/ˌmi.kɾo.ˈõ.dɐs/	/ˌmi.kɾo.ˈõ.dɐs/	[ˌmi.kɾo.ˈõ.dɐs] 微波炉<名>
intocável	/ĩ.toˈka.vew/	/ĩ.toˈka.vew/	[ĩ.toˈka.vew] 贱民<名>
sininho	/siˈnĩ.ɲu/	/siˈnĩ.ɲu/	[siˈnĩ.ɲu] 铃<名>
cascata	/kasˈka.tɐ/	/kasˈka.tɐ/	[kasˈka.tɐ] 瀑布<名>
injustamente	/ĩˌʒus.taˈmẽ.t͡ʃi/	/ĩˌʒus.taˈmẽ.t͡ʃi/	[ĩˌʒus.taˈmẽ.t͡ʃi] 不公平地<副>
implicação	/ĩ.pli.kaˈsɐ̃w̃/	/ĩ.pli.kaˈsɐ̃w̃/	[ĩ.pli.kaˈsɐ̃w̃] 暗示<名>
digerir	/d͡ʒi.ʒeˈɾi(ʁ)/	/d͡ʒi.ʒeˈɾi(ʁ)/	[d͡ʒi.ʒeˈɾi(ʁ)] 摘要<动>
desistiram	de.ziʃ.ˈtʃi.ɾãʊ̃	de.ziʃ.ˈtʃi.ɾãʊ̃	[de.ziʃ.ˈtʃi.ɾãʊ̃] 放弃了<动>
letreiro	/leˈtɾe(j).ɾu/	/leˈtɾe(j).ɾu/	[leˈtɾe(j).ɾu] 标志<名>
fornicar	/foʁ.niˈka(ʁ)/	/foʁ.niˈka(ʁ)/	[foʁ.niˈka(ʁ)] 通奸<动>
meado	/meˈa.du/	/meˈa.du/	[meˈa.du] 中<名>
noz	/ˈnɔ(j)s/	/ˈnɔ(j)s/	[ˈnɔ(j)s] 坚果<名>
hiperespaço	/ˌi.peɾ.isˈpa.su/	/ˌi.peɾ.isˈpa.su/	[ˌi.peɾ.isˈpa.su] 超空间<名>
hepatite	/e.paˈt͡ʃi.t͡ʃi/	/e.paˈt͡ʃi.t͡ʃi/	[e.paˈt͡ʃi.t͡ʃi] 肝炎<名>
iniciação	/i.ni.si.aˈsɐ̃w̃/	/i.ni.si.aˈsɐ̃w̃/	[i.ni.si.aˈsɐ̃w̃] 启动<名>
receção	/ʁe.seˈsɐ̃w̃/	/ʁe.seˈsɐ̃w̃/	[ʁe.seˈsɐ̃w̃] 接待处<名>
renal	/ʁeˈnaw/	/ʁeˈnaw/	[ʁeˈnaw] 肾的<形>
simultaneamente	/si.muwˌtɐ̃.njaˈmẽ.t͡ʃi/	/si.muwˌtɐ̃.njaˈmẽ.t͡ʃi/	[si.muwˌtɐ̃.njaˈmẽ.t͡ʃi] 同时<副>
velejar	/ve.leˈʒa(ʁ)/	/ve.leˈʒa(ʁ)/	[ve.leˈʒa(ʁ)] 帆<动>
violoncelo	/vi.o.lõˈsɛ.lu/	/vi.o.lõˈsɛ.lu/	[vi.o.lõˈsɛ.lu] 大提琴<名>
sujeira	/suˈʒe(j).ɾɐ/	/suˈʒe(j).ɾɐ/	[suˈʒe(j).ɾɐ] 污垢<名>
concretizar	/kõ.kɾe.t͡ʃiˈza(ʁ)/	/kõ.kɾe.t͡ʃiˈza(ʁ)/	[kõ.kɾe.t͡ʃiˈza(ʁ)] 意识到<动>
pinga	/ˈpĩ.ɡɐ/	/ˈpĩ.ɡɐ/	[ˈpĩ.ɡɐ] 滴水<名>
refrescante	/ʁe.fɾesˈkɐ̃.t͡ʃi/	/ʁe.fɾesˈkɐ̃.t͡ʃi/	[ʁe.fɾesˈkɐ̃.t͡ʃi] 清爽<形>
continuação	/kõ.t͡ʃi.nu.aˈsɐ̃w̃/	/kõ.t͡ʃi.nu.aˈsɐ̃w̃/	[kõ.t͡ʃi.nu.aˈsɐ̃w̃] 继续<名>
operatório	/o.pe.ɾaˈtɔ.ɾju/	/o.pe.ɾaˈtɔ.ɾju/	[o.pe.ɾaˈtɔ.ɾju] 操作性的<形>
intriga	/ĩˈtɾi.ɡɐ/	/ĩˈtɾi.ɡɐ/	[ĩˈtɾi.ɡɐ] 阴谋<名>
impulsivo	/ĩ.puwˈsi.vu/	/ĩ.puwˈsi.vu/	[ĩ.puwˈsi.vu] 冲动的<形>
cripta	/ˈkɾi.pi.tɐ/	/ˈkɾi.pi.tɐ/	[ˈkɾi.pi.tɐ] 地穴<名>
eleitoral	/e.lej.toˈɾaw/	/e.lej.toˈɾaw/	[e.lej.toˈɾaw] 选举的<形>
denso	/ˈdẽ.su/	/ˈdẽ.su/	[ˈdẽ.su] 稠密的<形>
dezanove	/dɨ.zɐˈnɔ.vɨ/	/dɨ.zɐˈnɔ.vɨ/	[dɨ.zɐˈnɔ.vɨ] 十九<名>
reciclagem	/ʁe.siˈkla.ʒẽj̃/	/ʁe.siˈkla.ʒẽj̃/	[ʁe.siˈkla.ʒẽj̃] 回收<名>
relevância	/ʁe.leˈvɐ̃.sjɐ/	/ʁe.leˈvɐ̃.sjɐ/	[ʁe.leˈvɐ̃.sjɐ] 相关性<名>
socialista	/so.si.aˈlis.tɐ/	/so.si.aˈlis.tɐ/	[so.si.aˈlis.tɐ] 社会主义者<名>
hemisfério	/e.misˈfɛ.ɾju/	/e.misˈfɛ.ɾju/	[e.misˈfɛ.ɾju] 半球<名>
cerimônia	/se.ɾiˈmõ.njɐ/	/se.ɾiˈmõ.njɐ/	[se.ɾiˈmõ.njɐ] 仪式<名>
autoestrada	/ˌaw.tu.isˈtɾa.dɐ/	/ˌaw.tu.isˈtɾa.dɐ/	[ˌaw.tu.isˈtɾa.dɐ] 高速公路<名>
mágoa	/ˈma.ɡwɐ/	/ˈma.ɡwɐ/	[ˈma.ɡwɐ] 心痛<名>
encolher	/ẽ.koˈʎe(ʁ)/	/ẽ.koˈʎe(ʁ)/	[ẽ.koˈʎe(ʁ)] 收缩<动>
vinagre	/viˈna.ɡɾi/	/viˈna.ɡɾi/	[viˈna.ɡɾi] 醋<名>
preconceito	/pɾe.kõˈsej.tu/	/pɾe.kõˈsej.tu/	[pɾe.kõˈsej.tu] 偏见<名>
recompensar	/ʁe.kõ.pẽˈsa(ʁ)/	/ʁe.kõ.pẽˈsa(ʁ)/	[ʁe.kõ.pẽˈsa(ʁ)] 奖励<动>
extradição	/is.tɾa.d͡ʒiˈsɐ̃w̃/	/is.tɾa.d͡ʒiˈsɐ̃w̃/	[is.tɾa.d͡ʒiˈsɐ̃w̃] 引渡<名>
fula	/ˈfu.lɐ/	/ˈfu.lɐ/	[ˈfu.lɐ] 富拉<名>
mexerico	/me.ʃeˈɾi.ku/	/me.ʃeˈɾi.ku/	[me.ʃeˈɾi.ku] 八卦<名>
tofu	/toˈfu/	/toˈfu/	[toˈfu] 豆腐<名>
paradoxo	/pa.ɾaˈdɔk.su/	/pa.ɾaˈdɔk.su/	[pa.ɾaˈdɔk.su] 悖论<名>
fracção	fɾa.ˈsãʊ̃	fɾa.ˈsãʊ̃	[fɾa.ˈsãʊ̃] 分数<名>
emergir	/e.meʁˈʒi(ʁ)/	/e.meʁˈʒi(ʁ)/	[e.meʁˈʒi(ʁ)] 出现<动>
carona	/kaˈɾõ.nɐ/	/kaˈɾõ.nɐ/	[kaˈɾõ.nɐ] 搭便车<名>
apolo	/aˈpɔ.lu/	/aˈpɔ.lu/	[aˈpɔ.lu] 阿波罗<名>
crónica	/ˈkɾɔ.ni.kɐ/	/ˈkɾɔ.ni.kɐ/	[ˈkɾɔ.ni.kɐ] 编年史<名>
serviram	/seʁˈvi.ɾɐ̃w̃/	/seʁˈvi.ɾɐ̃w̃/	[seʁˈvi.ɾɐ̃w̃] 服务<动>
demolição	/de.mo.liˈsɐ̃w̃/	/de.mo.liˈsɐ̃w̃/	[de.mo.liˈsɐ̃w̃] 拆除<名>
singular	/sĩ.ɡuˈlaʁ/	/sĩ.ɡuˈlaʁ/	[sĩ.ɡuˈlaʁ] 单数<名>
jangada	/ʒɐ̃ˈɡa.dɐ/	/ʒɐ̃ˈɡa.dɐ/	[ʒɐ̃ˈɡa.dɐ] 木筏<名>
qualificação	/kwa.li.fi.kaˈsɐ̃w̃/	/kwa.li.fi.kaˈsɐ̃w̃/	[kwa.li.fi.kaˈsɐ̃w̃] 资质<名>
abastecer	/a.bas.teˈse(ʁ)/	/a.bas.teˈse(ʁ)/	[a.bas.teˈse(ʁ)] 燃料<动>
carrossel	/ka.ʁoˈsɛw/	/ka.ʁoˈsɛw/	[ka.ʁoˈsɛw] 旋转木马<名>
tumulto	/tuˈmuw.tu/	/tuˈmuw.tu/	[tuˈmuw.tu] 骚乱<名>
rijo	/ˈʁi.ʒu/	/ˈʁi.ʒu/	[ˈʁi.ʒu] 僵硬的<形>
recompor	/ʁe.kõˈpoʁ/	/ʁe.kõˈpoʁ/	[ʁe.kõˈpoʁ] 重组<动>
distrital	/d͡ʒis.tɾiˈtaw/	/d͡ʒis.tɾiˈtaw/	[d͡ʒis.tɾiˈtaw] 区<形>
demente	/deˈmẽ.t͡ʃi/	/deˈmẽ.t͡ʃi/	[deˈmẽ.t͡ʃi] 精神错乱的<形>
secador	/se.kaˈdoʁ/	/se.kaˈdoʁ/	[se.kaˈdoʁ] 烘干机<名>
silicone	/si.liˈko.ni/	/si.liˈko.ni/	[si.liˈko.ni] 硅胶<名>
suplemento	/su.pleˈmẽ.tu/	/su.pleˈmẽ.tu/	[su.pleˈmẽ.tu] 补充<名>
preparo	/pɾeˈpa.ɾu/	/pɾeˈpa.ɾu/	[pɾeˈpa.ɾu] 准备<名>
semanal	/se.maˈnaw/	/se.maˈnaw/	[se.maˈnaw] 每周<形>
seleção	/se.leˈsɐ̃w̃/	/se.leˈsɐ̃w̃/	[se.leˈsɐ̃w̃] 选择<名>
farpar	/faʁˈpa(ʁ)/	/faʁˈpa(ʁ)/	[faʁˈpa(ʁ)] 倒钩<动>
prejudicial	/pɾe.ʒu.d͡ʒi.siˈaw/	/pɾe.ʒu.d͡ʒi.siˈaw/	[pɾe.ʒu.d͡ʒi.siˈaw] 有害的<形>
cachorro-quente	/kaˈʃo.ʁu ˈkẽ.t͡ʃi/	/kaˈʃo.ʁu ˈkẽ.t͡ʃi/	[kaˈʃo.ʁu ˈkẽ.t͡ʃi] 热狗<名>
filial	/fi.liˈaw/	/fi.liˈaw/	[fi.liˈaw] 分行<名>
rinoceronte	/ʁi.no.seˈɾõ.t͡ʃi/	/ʁi.no.seˈɾõ.t͡ʃi/	[ʁi.no.seˈɾõ.t͡ʃi] 犀牛<名>
aniversariante	/a.ni.veʁ.sa.ɾiˈɐ̃.t͡ʃi/	/a.ni.veʁ.sa.ɾiˈɐ̃.t͡ʃi/	[a.ni.veʁ.sa.ɾiˈɐ̃.t͡ʃi] 生日男孩<名>
rebentaram	xe.bẽ.ˈta.ɾãʊ̃	xe.bẽ.ˈta.ɾãʊ̃	[xe.bẽ.ˈta.ɾãʊ̃] 爆发<动>
jogaram	ʒo.ˈga.ɾãʊ̃	ʒo.ˈga.ɾãʊ̃	[ʒo.ˈga.ɾãʊ̃] 玩过<动>
falante	/faˈlɐ̃.t͡ʃi/	/faˈlɐ̃.t͡ʃi/	[faˈlɐ̃.t͡ʃi] 扬声器<名>
homo	/ˈõ.mu/	/ˈõ.mu/	[ˈõ.mu] 同性恋者<形>
ananás	/a.naˈna(j)s/	/a.naˈna(j)s/	[a.naˈna(j)s] 菠萝<名>
seção	/seˈsɐ̃w̃/	/seˈsɐ̃w̃/	[seˈsɐ̃w̃] 部分<名>
patrocinador	/pa.tɾo.si.naˈdoʁ/	/pa.tɾo.si.naˈdoʁ/	[pa.tɾo.si.naˈdoʁ] 赞助商<名>
lona	/ˈlõ.nɐ/	/ˈlõ.nɐ/	[ˈlõ.nɐ] 画布<名>
movimentar	/mo.vi.mẽˈta(ʁ)/	/mo.vi.mẽˈta(ʁ)/	[mo.vi.mẽˈta(ʁ)] 移动<动>
passarão	pa.sa.ˈɾãʊ̃	pa.sa.ˈɾãʊ̃	[pa.sa.ˈɾãʊ̃] 会过去的<动>
calcanhar	/kaw.kɐ̃ˈɲaʁ/	/kaw.kɐ̃ˈɲaʁ/	[kaw.kɐ̃ˈɲaʁ] 鞋跟<名>
descapotável	/des.ka.poˈta.vew/	/des.ka.poˈta.vew/	[des.ka.poˈta.vew] 敞篷车<名>
atlas	/ˈa.tlɐs/	/ˈa.tlɐs/	[ˈa.tlɐs] 阿特拉斯<名>
transtornar	/tɾɐ̃s.toʁˈna(ʁ)/	/tɾɐ̃s.toʁˈna(ʁ)/	[tɾɐ̃s.toʁˈna(ʁ)] 心烦意乱<动>
reflexão	/ʁe.flekˈsɐ̃w̃/	/ʁe.flekˈsɐ̃w̃/	[ʁe.flekˈsɐ̃w̃] 反思<名>
tranquilizante	/tɾɐ̃.kwi.liˈzɐ̃.t͡ʃi/	/tɾɐ̃.kwi.liˈzɐ̃.t͡ʃi/	[tɾɐ̃.kwi.liˈzɐ̃.t͡ʃi] 镇定剂<名>
assombrar	/a.sõˈbɾa(ʁ)/	/a.sõˈbɾa(ʁ)/	[a.sõˈbɾa(ʁ)] 出没<动>
violeta	/vi.oˈle.tɐ/	/vi.oˈle.tɐ/	[vi.oˈle.tɐ] 紫罗兰色<名>
ícone	/ˈi.ko.ni/	/ˈi.ko.ni/	[ˈi.ko.ni] 图标<名>
anteontem	/ˌɐ̃.t͡ʃiˈõ.tẽj̃/	/ˌɐ̃.t͡ʃiˈõ.tẽj̃/	[ˌɐ̃.t͡ʃiˈõ.tẽj̃] 前天<副>
manhoso	/mɐ̃ˈɲo.zu/	/mɐ̃ˈɲo.zu/	[mɐ̃ˈɲo.zu] 狡猾的<形>
penetração	/pe.ne.tɾaˈsɐ̃w̃/	/pe.ne.tɾaˈsɐ̃w̃/	[pe.ne.tɾaˈsɐ̃w̃] 渗透<名>
exterminar	/is.teʁ.miˈna(ʁ)/	/is.teʁ.miˈna(ʁ)/	[is.teʁ.miˈna(ʁ)] 消灭<动>
pagão	/paˈɡɐ̃w̃/	/paˈɡɐ̃w̃/	[paˈɡɐ̃w̃] 异教徒<名>
cristianismo	/kɾis.t͡ʃi.aˈniz.mu/	/kɾis.t͡ʃi.aˈniz.mu/	[kɾis.t͡ʃi.aˈniz.mu] 基督教<名>
plutónio	/pluˈtɔ.ni.u/	/pluˈtɔ.ni.u/	[pluˈtɔ.ni.u] 钚<名>
trampar			作弊<动>
fiável	/fiˈa.vew/	/fiˈa.vew/	[fiˈa.vew] 可靠<形>
horrivelmente	/oˌʁi.vewˈmẽ.t͡ʃi/	/oˌʁi.vewˈmẽ.t͡ʃi/	[oˌʁi.vewˈmẽ.t͡ʃi] 可怕地<副>
cha	ˈʃa	ˈʃa	[ˈʃa] 查<名>
beneficência	/be.ne.fiˈsẽ.sjɐ/	/be.ne.fiˈsẽ.sjɐ/	[be.ne.fiˈsẽ.sjɐ] 行善<名>
esplendor	/is.plẽˈdoʁ/	/is.plẽˈdoʁ/	[is.plẽˈdoʁ] 辉煌<名>
hammer			锤子<名>
minimamente	/ˌmĩ.ni.maˈmẽ.t͡ʃi/	/ˌmĩ.ni.maˈmẽ.t͡ʃi/	[ˌmĩ.ni.maˈmẽ.t͡ʃi] 最低限度地<副>
noturno	/noˈtuʁ.nu/	/noˈtuʁ.nu/	[noˈtuʁ.nu] 夜间活动的<名>
fascinar	/fa.siˈna(ʁ)/	/fa.siˈna(ʁ)/	[fa.siˈna(ʁ)] 着迷<动>
superioridade	/su.pe.ɾi.o.ɾiˈda.d͡ʒi/	/su.pe.ɾi.o.ɾiˈda.d͡ʒi/	[su.pe.ɾi.o.ɾiˈda.d͡ʒi] 优越性<名>
separaram	se.pa.ˈɾa.ɾãʊ̃	se.pa.ˈɾa.ɾãʊ̃	[se.pa.ˈɾa.ɾãʊ̃] 分开<动>
embarcação	/ẽ.baʁ.kaˈsɐ̃w̃/	/ẽ.baʁ.kaˈsɐ̃w̃/	[ẽ.baʁ.kaˈsɐ̃w̃] 容器<名>
autodestruição	/ˌaw.tu.des.tɾu.iˈsɐ̃w̃/	/ˌaw.tu.des.tɾu.iˈsɐ̃w̃/	[ˌaw.tu.des.tɾu.iˈsɐ̃w̃] 自我毁灭<名>
emissário	/e.miˈsa.ɾju/	/e.miˈsa.ɾju/	[e.miˈsa.ɾju] 使者<名>
penitência	/pe.niˈtẽ.sjɐ/	/pe.niˈtẽ.sjɐ/	[pe.niˈtẽ.sjɐ] 苦行<名>
moribundo	/mo.ɾiˈbũ.du/	/mo.ɾiˈbũ.du/	[mo.ɾiˈbũ.du] 垂死<形>
goma	/ˈɡõ.mɐ/	/ˈɡõ.mɐ/	[ˈɡõ.mɐ] 口香糖<名>
esperaram	es.pe.ˈɾa.ɾãʊ̃	es.pe.ˈɾa.ɾãʊ̃	[es.pe.ˈɾa.ɾãʊ̃] 等待<动>
financeiramente	/fi.nɐ̃ˌse(j).ɾaˈmẽ.t͡ʃi/	/fi.nɐ̃ˌse(j).ɾaˈmẽ.t͡ʃi/	[fi.nɐ̃ˌse(j).ɾaˈmẽ.t͡ʃi] 财务上<副>
vodca	/ˈvɔ.d͡ʒi.kɐ/	/ˈvɔ.d͡ʒi.kɐ/	[ˈvɔ.d͡ʒi.kɐ] 伏特加<名>
amarra	/aˈma.ʁɐ/	/aˈma.ʁɐ/	[aˈma.ʁɐ] 领带<名>
desfeita	/desˈfej.tɐ/	/desˈfej.tɐ/	[desˈfej.tɐ] 未完成的<名>
titânio	/t͡ʃiˈtɐ̃.nju/	/t͡ʃiˈtɐ̃.nju/	[t͡ʃiˈtɐ̃.nju] 钛<名>
severamente	/seˌvɛ.ɾaˈmẽ.t͡ʃi/	/seˌvɛ.ɾaˈmẽ.t͡ʃi/	[seˌvɛ.ɾaˈmẽ.t͡ʃi] 严重地<副>
imparcial	/ĩ.paʁ.siˈaw/	/ĩ.paʁ.siˈaw/	[ĩ.paʁ.siˈaw] 公正的<形>
capanga	/kaˈpɐ̃.ɡɐ/	/kaˈpɐ̃.ɡɐ/	[kaˈpɐ̃.ɡɐ] 追随者<名>
enredo	/ẽˈʁe.du/	/ẽˈʁe.du/	[ẽˈʁe.du] 情节<名>
versus	/ˈvɛʁ.sus/	/ˈvɛʁ.sus/	[ˈvɛʁ.sus] 与<介>
posterior	/pos.te.ɾiˈoʁ/	/pos.te.ɾiˈoʁ/	[pos.te.ɾiˈoʁ] 后来<形>
zumbido	/zũˈbi.du/	/zũˈbi.du/	[zũˈbi.du] 耳鸣<名>
despistar	/des.pisˈta(ʁ)/	/des.pisˈta(ʁ)/	[des.pisˈta(ʁ)] 误导<动>
desorientado	/de.zo.ɾi.ẽˈta.du/	/de.zo.ɾi.ẽˈta.du/	[de.zo.ɾi.ẽˈta.du] 迷失方向的<形>
acerto	/aˈseʁ.tu/	/aˈseʁ.tu/	[aˈseʁ.tu] 击中<名>
encharcado	/ẽ.ʃaʁˈka.du/	/ẽ.ʃaʁˈka.du/	[ẽ.ʃaʁˈka.du] 浸泡的<形>
sonoro	/soˈnɔ.ɾu/	/soˈnɔ.ɾu/	[soˈnɔ.ɾu] 铿锵有力的<形>
firmemente	/ˌfiʁ.miˈmẽ.t͡ʃi/	/ˌfiʁ.miˈmẽ.t͡ʃi/	[ˌfiʁ.miˈmẽ.t͡ʃi] 坚定地<副>
acre	/ˈa.kɾi/	/ˈa.kɾi/	[ˈa.kɾi] 英亩<名>
curandeiro	/ku.ɾɐ̃ˈde(j).ɾu/	/ku.ɾɐ̃ˈde(j).ɾu/	[ku.ɾɐ̃ˈde(j).ɾu] 治疗师<名>
teórico	/teˈɔ.ɾi.ku/	/teˈɔ.ɾi.ku/	[teˈɔ.ɾi.ku] 理论的<名>
adequadamente	a.de.kwa.da.ˈmẽ.tʃɪ	a.de.kwa.da.ˈmẽ.tʃɪ	[a.de.kwa.da.ˈmẽ.tʃɪ] 适当地<副>
desenvolveram	de.zẽ.vow.ˈve.ɾãʊ̃	de.zẽ.vow.ˈve.ɾãʊ̃	[de.zẽ.vow.ˈve.ɾãʊ̃] 发达的<动>
compressão	/kõ.pɾeˈsɐ̃w̃/	/kõ.pɾeˈsɐ̃w̃/	[kõ.pɾeˈsɐ̃w̃] 压缩<名>
hipocrisia	/ˌi.po.kɾiˈzi.ɐ/	/ˌi.po.kɾiˈzi.ɐ/	[ˌi.po.kɾiˈzi.ɐ] 虚伪<名>
lamechas	/laˈmɛ.ʃɐs/	/laˈmɛ.ʃɐs/	[laˈmɛ.ʃɐs] 跛脚的<形>
medíocre	/meˈd͡ʒi.o.kɾi/	/meˈd͡ʒi.o.kɾi/	[meˈd͡ʒi.o.kɾi] 平庸的<形>
rena	/ˈʁẽ.nɐ/	/ˈʁẽ.nɐ/	[ˈʁẽ.nɐ] 驯鹿<名>
convenientemente	/kõ.ve.niˌẽ.t͡ʃiˈmẽ.t͡ʃi/	/kõ.ve.niˌẽ.t͡ʃiˈmẽ.t͡ʃi/	[kõ.ve.niˌẽ.t͡ʃiˈmẽ.t͡ʃi] 方便地<副>
dia-a-dia			日复一日<名>
tropeçar	/tɾu.peˈsa(ʁ)/	/tɾu.peˈsa(ʁ)/	[tɾu.peˈsa(ʁ)] 绊倒<动>
curto-circuito	/ˌkuʁ.tu.siʁˈkuj.tu/	/ˌkuʁ.tu.siʁˈkuj.tu/	[ˌkuʁ.tu.siʁˈkuj.tu] 短路<名>
margarita	/maʁ.ɡaˈɾi.tɐ/	/maʁ.ɡaˈɾi.tɐ/	[maʁ.ɡaˈɾi.tɐ] 玛格丽塔<名>
invejar	/ĩ.veˈʒa(ʁ)/	/ĩ.veˈʒa(ʁ)/	[ĩ.veˈʒa(ʁ)] 羡慕<动>
concepção	/kõ.sepˈsɐ̃w̃/	/kõ.sepˈsɐ̃w̃/	[kõ.sepˈsɐ̃w̃] 受孕<名>
proporção	/pɾo.poʁˈsɐ̃w̃/	/pɾo.poʁˈsɐ̃w̃/	[pɾo.poʁˈsɐ̃w̃] 比例<名>
desleixado	/dez.le(j)ˈʃa.du/	/dez.le(j)ˈʃa.du/	[dez.le(j)ˈʃa.du] 马虎的<形>
ninar	/niˈna(ʁ)/	/niˈna(ʁ)/	[niˈna(ʁ)] 摇篮曲<动>
marquesa	/maʁˈke.zɐ/	/maʁˈke.zɐ/	[maʁˈke.zɐ] 沙发<名>
misteriosamente	/mis.te.ɾiˌɔ.zaˈmẽ.t͡ʃi/	/mis.te.ɾiˌɔ.zaˈmẽ.t͡ʃi/	[mis.te.ɾiˌɔ.zaˈmẽ.t͡ʃi] 神秘地<副>
horroroso	/o.ʁoˈɾo.zu/	/o.ʁoˈɾo.zu/	[o.ʁoˈɾo.zu] 可怕的<形>
nasal	/naˈzaw/	/naˈzaw/	[naˈzaw] 鼻的<名>
concorde	/kõˈkɔʁ.d͡ʒi/	/kõˈkɔʁ.d͡ʒi/	[kõˈkɔʁ.d͡ʒi] 同意<形>
identificaram	i.dẽ.tʃi.fi.ˈka.ɾãʊ̃	i.dẽ.tʃi.fi.ˈka.ɾãʊ̃	[i.dẽ.tʃi.fi.ˈka.ɾãʊ̃] 已确定<动>
vestiário	/ves.t͡ʃiˈa.ɾju/	/ves.t͡ʃiˈa.ɾju/	[ves.t͡ʃiˈa.ɾju] 更衣室<名>
flutuante	/flu.tuˈɐ̃.t͡ʃi/	/flu.tuˈɐ̃.t͡ʃi/	[flu.tuˈɐ̃.t͡ʃi] 漂浮<形>
escrúpulo	/isˈkɾu.pu.lu/	/isˈkɾu.pu.lu/	[isˈkɾu.pu.lu] 顾忌<名>
estrangulamento	/is.tɾɐ̃.ɡu.laˈmẽ.tu/	/is.tɾɐ̃.ɡu.laˈmẽ.tu/	[is.tɾɐ̃.ɡu.laˈmẽ.tu] 勒死<名>
prestígio	/pɾesˈt͡ʃi.ʒju/	/pɾesˈt͡ʃi.ʒju/	[pɾesˈt͡ʃi.ʒju] 声望<名>
atrelado	/a.tɾeˈla.du/	/a.tɾeˈla.du/	[a.tɾeˈla.du] 拖车<名>
geometria	/ʒe.o.meˈtɾi.ɐ/	/ʒe.o.meˈtɾi.ɐ/	[ʒe.o.meˈtɾi.ɐ] 几何学<名>
expulsão	/is.puwˈsɐ̃w̃/	/is.puwˈsɐ̃w̃/	[is.puwˈsɐ̃w̃] 驱逐<名>
cone	/ˈko.ni/	/ˈko.ni/	[ˈko.ni] 锥体<名>
negligente	/ne.ɡliˈʒẽ.t͡ʃi/	/ne.ɡliˈʒẽ.t͡ʃi/	[ne.ɡliˈʒẽ.t͡ʃi] 疏忽的<形>
crosta	/ˈkɾos.tɐ/	/ˈkɾos.tɐ/	[ˈkɾos.tɐ] 地壳<名>
ring			环<名>
guaxinim	/ɡwa.ʃiˈnĩ/	/ɡwa.ʃiˈnĩ/	[ɡwa.ʃiˈnĩ] 浣熊<名>
gravitacional	/ɡɾa.vi.ta.si.oˈnaw/	/ɡɾa.vi.ta.si.oˈnaw/	[ɡɾa.vi.ta.si.oˈnaw] 引力的<形>
cabeludo	/ka.beˈlu.du/	/ka.beˈlu.du/	[ka.beˈlu.du] 毛茸茸的<形>
folheto	/foˈʎe.tu/	/foˈʎe.tu/	[foˈʎe.tu] 传单<名>
fodeu	/foˈdew/	/foˈdew/	[foˈdew] 性交<叹>
prejuízo	/pɾe.ʒuˈi.zu/	/pɾe.ʒuˈi.zu/	[pɾe.ʒuˈi.zu] 损失<名>
contestar	/kõ.tesˈta(ʁ)/	/kõ.tesˈta(ʁ)/	[kõ.tesˈta(ʁ)] 竞赛<动>
sintético	/sĩˈtɛ.t͡ʃi.ku/	/sĩˈtɛ.t͡ʃi.ku/	[sĩˈtɛ.t͡ʃi.ku] 合成的<形>
histeria	/is.teˈɾi.ɐ/	/is.teˈɾi.ɐ/	[is.teˈɾi.ɐ] 歇斯底里<名>
úlcera	/ˈuw.se.ɾɐ/	/ˈuw.se.ɾɐ/	[ˈuw.se.ɾɐ] 溃疡<名>
picado	/piˈka.du/	/piˈka.du/	[piˈka.du] 切碎的<名>
meteoro	/me.teˈɔ.ɾu/	/me.teˈɔ.ɾu/	[me.teˈɔ.ɾu] 流星<名>
meio-irmão	/ˈmej.u iʁˈmɐ̃w̃/	/ˈmej.u iʁˈmɐ̃w̃/	[ˈmej.u iʁˈmɐ̃w̃] 同父异母的兄弟<名>
urgentemente	/uʁˌʒẽ.t͡ʃiˈmẽ.t͡ʃi/	/uʁˌʒẽ.t͡ʃiˈmẽ.t͡ʃi/	[uʁˌʒẽ.t͡ʃiˈmẽ.t͡ʃi] 紧急地<副>
desentendimento	/de.zẽ.tẽ.d͡ʒiˈmẽ.tu/	/de.zẽ.tẽ.d͡ʒiˈmẽ.tu/	[de.zẽ.tẽ.d͡ʒiˈmẽ.tu] 分歧<名>
moldura	/mowˈdu.ɾɐ/	/mowˈdu.ɾɐ/	[mowˈdu.ɾɐ] 框架<名>
soul	/ˈsow/	/ˈsow/	[ˈsow] 灵魂<名>
orquídea	/oʁˈki.d͡ʒjɐ/	/oʁˈki.d͡ʒjɐ/	[oʁˈki.d͡ʒjɐ] 兰花<名>
atras	ˈa.tɾəs	ˈa.tɾəs	[ˈa.tɾəs] 后面<介>
tossir	/tuˈsi(ʁ)/	/tuˈsi(ʁ)/	[tuˈsi(ʁ)] 咳嗽<动>
canivete	/ka.niˈvɛ.t͡ʃi/	/ka.niˈvɛ.t͡ʃi/	[ka.niˈvɛ.t͡ʃi] 小刀<名>
contanto	/kõˈtɐ̃.tu/	/kõˈtɐ̃.tu/	[kõˈtɐ̃.tu] 只要<连>
santificar	/sɐ̃.t͡ʃi.fiˈka(ʁ)/	/sɐ̃.t͡ʃi.fiˈka(ʁ)/	[sɐ̃.t͡ʃi.fiˈka(ʁ)] 使之成圣<动>
orar	/oˈɾa(ʁ)/	/oˈɾa(ʁ)/	[oˈɾa(ʁ)] 祈祷<动>
palavra-passe			密码<名>
instantâneo	/ĩs.tɐ̃ˈtɐ̃.nju/	/ĩs.tɐ̃ˈtɐ̃.nju/	[ĩs.tɐ̃ˈtɐ̃.nju] 快照<形>
provaram	pɾo.ˈva.ɾãʊ̃	pɾo.ˈva.ɾãʊ̃	[pɾo.ˈva.ɾãʊ̃] 证明了<动>
hamster	/ˈʁɐ̃.mis.teʁ/	/ˈʁɐ̃.mis.teʁ/	[ˈʁɐ̃.mis.teʁ] 仓鼠<名>
submeter	/su.bi.meˈte(ʁ)/	/su.bi.meˈte(ʁ)/	[su.bi.meˈte(ʁ)] 提交<动>
caril	/kaˈɾiw/	/kaˈɾiw/	[kaˈɾiw] 咖喱<名>
imparável	/ĩ.paˈɾa.vew/	/ĩ.paˈɾa.vew/	[ĩ.paˈɾa.vew] 势不可挡<形>
sorridente	/so.ʁiˈdẽ.t͡ʃi/	/so.ʁiˈdẽ.t͡ʃi/	[so.ʁiˈdẽ.t͡ʃi] 微笑着<形>
esquizofrenia	/is.ki.zo.fɾeˈni.ɐ/	/is.ki.zo.fɾeˈni.ɐ/	[is.ki.zo.fɾeˈni.ɐ] 精神分裂症<名>
diagnosticar	/d͡ʒi.a.ɡi.nos.t͡ʃiˈka(ʁ)/	/d͡ʒi.a.ɡi.nos.t͡ʃiˈka(ʁ)/	[d͡ʒi.a.ɡi.nos.t͡ʃiˈka(ʁ)] 诊断<动>
verniz	/veʁˈnis/	/veʁˈnis/	[veʁˈnis] 清漆<名>
porta-luvas	/ˌpɔʁ.tɐˈlu.vɐs/	/ˌpɔʁ.tɐˈlu.vɐs/	[ˌpɔʁ.tɐˈlu.vɐs] 手套箱<名>
babá	/baˈba/	/baˈba/	[baˈba] 保姆<名>
craniano	/kɾa.niˈɐ̃.nu/	/kɾa.niˈɐ̃.nu/	[kɾa.niˈɐ̃.nu] 颅骨<形>
arrasado	/a.ʁaˈza.du/	/a.ʁaˈza.du/	[a.ʁaˈza.du] 被摧毁的<形>
lavabo	/laˈva.bu/	/laˈva.bu/	[laˈva.bu] 厕所<名>
budista	/buˈd͡ʒis.tɐ/	/buˈd͡ʒis.tɐ/	[buˈd͡ʒis.tɐ] 佛教<名>
avalanche	/a.vaˈlɐ̃.ʃi/	/a.vaˈlɐ̃.ʃi/	[a.vaˈlɐ̃.ʃi] 雪崩<名>
incerto	/ĩˈsɛʁ.tu/	/ĩˈsɛʁ.tu/	[ĩˈsɛʁ.tu] 不确定的<形>
místico	/ˈmis.t͡ʃi.ku/	/ˈmis.t͡ʃi.ku/	[ˈmis.t͡ʃi.ku] 神秘的<名>
inexplicável	/i.nes.pliˈka.vew/	/i.nes.pliˈka.vew/	[i.nes.pliˈka.vew] 莫名其妙的<形>
conversão	/kõ.veʁˈsɐ̃w̃/	/kõ.veʁˈsɐ̃w̃/	[kõ.veʁˈsɐ̃w̃] 转换<名>
desactivado	/de.za.t͡ʃiˈva.du/	/de.za.t͡ʃiˈva.du/	[de.za.t͡ʃiˈva.du] 残疾人<形>
rascunho	/ʁasˈkũ.ɲu/	/ʁasˈkũ.ɲu/	[ʁasˈkũ.ɲu] 草案<名>
borrão	/boˈʁɐ̃w̃/	/boˈʁɐ̃w̃/	[boˈʁɐ̃w̃] 模糊<名>
inquieto	/ĩ.kiˈɛ.tu/	/ĩ.kiˈɛ.tu/	[ĩ.kiˈɛ.tu] 不安的<形>
demo	/ˈdẽ.mu/	/ˈdẽ.mu/	[ˈdẽ.mu] 演示<名>
masturbação	/mas.tuʁ.baˈsɐ̃w̃/	/mas.tuʁ.baˈsɐ̃w̃/	[mas.tuʁ.baˈsɐ̃w̃] 手淫<名>
amen			阿门<叹>
consolação	/kõ.so.laˈsɐ̃w̃/	/kõ.so.laˈsɐ̃w̃/	[kõ.so.laˈsɐ̃w̃] 安慰<名>
recusaram	xe.ku.ˈza.ɾãʊ̃	xe.ku.ˈza.ɾãʊ̃	[xe.ku.ˈza.ɾãʊ̃] 拒绝<动>
gostoso	/ɡosˈto.zu/	/ɡosˈto.zu/	[ɡosˈto.zu] 好吃<形>
testosterona	/tes.tos.teˈɾõ.nɐ/	/tes.tos.teˈɾõ.nɐ/	[tes.tos.teˈɾõ.nɐ] 睾酮<名>
look	/ˈlu.ki/	/ˈlu.ki/	[ˈlu.ki] 看看<名>
montante	/mõˈtɐ̃.t͡ʃi/	/mõˈtɐ̃.t͡ʃi/	[mõˈtɐ̃.t͡ʃi] 金额<名>
injeção	/ĩ.ʒeˈsɐ̃w̃/	/ĩ.ʒeˈsɐ̃w̃/	[ĩ.ʒeˈsɐ̃w̃] 注射<名>
amazona	/a.maˈzõ.nɐ/	/a.maˈzõ.nɐ/	[a.maˈzõ.nɐ] 亚马逊<名>
gladiador	/ɡla.d͡ʒi.aˈdoʁ/	/ɡla.d͡ʒi.aˈdoʁ/	[ɡla.d͡ʒi.aˈdoʁ] 角斗士<名>
melão	/meˈlɐ̃w̃/	/meˈlɐ̃w̃/	[meˈlɐ̃w̃] 甜瓜<名>
desfecho	/desˈfe.ʃu/	/desˈfe.ʃu/	[desˈfe.ʃu] 结果<名>
gore	/ˈɡɔ.ɾi/	/ˈɡɔ.ɾi/	[ˈɡɔ.ɾi] 戈尔<名>
premir	/pɾeˈmi(ʁ)/	/pɾeˈmi(ʁ)/	[pɾeˈmi(ʁ)] 按<动>
lacrosse			长曲棍球<名>
vandalismo	/vɐ̃.daˈliz.mu/	/vɐ̃.daˈliz.mu/	[vɐ̃.daˈliz.mu] 破坏公物<名>
enriquecer	/ẽ.ʁi.keˈse(ʁ)/	/ẽ.ʁi.keˈse(ʁ)/	[ẽ.ʁi.keˈse(ʁ)] 致富<动>
destaque	/desˈta.ki/	/desˈta.ki/	[desˈta.ki] 突出显示<名>
berro	/ˈbɛ.ʁu/	/ˈbɛ.ʁu/	[ˈbɛ.ʁu] 尖叫<名>
furtivo	/fuʁˈt͡ʃi.vu/	/fuʁˈt͡ʃi.vu/	[fuʁˈt͡ʃi.vu] 隐身<形>
mordidela	/moʁ.d͡ʒiˈdɛ.lɐ/	/moʁ.d͡ʒiˈdɛ.lɐ/	[moʁ.d͡ʒiˈdɛ.lɐ] 咬<名>
clavícula	/klaˈvi.ku.lɐ/	/klaˈvi.ku.lɐ/	[klaˈvi.ku.lɐ] 锁骨<名>
suíte	/suˈi.t͡ʃi/	/suˈi.t͡ʃi/	[suˈi.t͡ʃi] 套房<名>
lástima	/ˈlas.t͡ʃi.mɐ/	/ˈlas.t͡ʃi.mɐ/	[ˈlas.t͡ʃi.mɐ] 抱歉<名>
derramamento	/de.ʁa.maˈmẽ.tu/	/de.ʁa.maˈmẽ.tu/	[de.ʁa.maˈmẽ.tu] 泄漏<名>
maléfico	/maˈlɛ.fi.ku/	/maˈlɛ.fi.ku/	[maˈlɛ.fi.ku] 凶恶的<形>
reconciliação	/ʁe.kõ.si.li.aˈsɐ̃w̃/	/ʁe.kõ.si.li.aˈsɐ̃w̃/	[ʁe.kõ.si.li.aˈsɐ̃w̃] 和解<名>
ale	/ˈej.li/	/ˈej.li/	[ˈej.li] 麦酒<名>
peregrino	/pe.ɾeˈɡɾĩ.nu/	/pe.ɾeˈɡɾĩ.nu/	[pe.ɾeˈɡɾĩ.nu] 朝圣者<名>
astral	/asˈtɾaw/	/asˈtɾaw/	[asˈtɾaw] 星体<名>
frigideira	/fɾi.ʒiˈde(j).ɾɐ/	/fɾi.ʒiˈde(j).ɾɐ/	[fɾi.ʒiˈde(j).ɾɐ] 煎锅<名>
adoração	/a.do.ɾaˈsɐ̃w̃/	/a.do.ɾaˈsɐ̃w̃/	[a.do.ɾaˈsɐ̃w̃] 崇拜<名>
say			说<动>
mandamento	/mɐ̃.daˈmẽ.tu/	/mɐ̃.daˈmẽ.tu/	[mɐ̃.daˈmẽ.tu] 诫命<名>
circulo	six.ˈku.lʊ	six.ˈku.lʊ	[six.ˈku.lʊ] 圆圈<名>
disciplinar	/d͡ʒi.si.pliˈna(ʁ)/	/d͡ʒi.si.pliˈna(ʁ)/	[d͡ʒi.si.pliˈna(ʁ)] 纪律处分<动>
aperfeiçoar	/a.peʁ.fej.soˈa(ʁ)/	/a.peʁ.fej.soˈa(ʁ)/	[a.peʁ.fej.soˈa(ʁ)] 完美的<动>
boate	/boˈa.t͡ʃi/	/boˈa.t͡ʃi/	[boˈa.t͡ʃi] 夜总会<名>
formoso	/foʁˈmo.zu/	/foʁˈmo.zu/	[foʁˈmo.zu] 美丽的<形>
vigário	/viˈɡa.ɾju/	/viˈɡa.ɾju/	[viˈɡa.ɾju] 牧师<名>
néctar	/ˈnɛk.tɐʁ/	/ˈnɛk.tɐʁ/	[ˈnɛk.tɐʁ] 花蜜<名>
lan	/ˈlɐ̃/	/ˈlɐ̃/	[ˈlɐ̃] 局域网<名>
gema	/ˈʒẽ.mɐ/	/ˈʒẽ.mɐ/	[ˈʒẽ.mɐ] 宝石<名>
acasalamento	/a.ka.za.laˈmẽ.tu/	/a.ka.za.laˈmẽ.tu/	[a.ka.za.laˈmẽ.tu] 交配<名>
incompetência	/ĩ.kõ.peˈtẽ.sjɐ/	/ĩ.kõ.peˈtẽ.sjɐ/	[ĩ.kõ.peˈtẽ.sjɐ] 无能<名>
absolvição	ab.sow.vi.ˈsãʊ̃	ab.sow.vi.ˈsãʊ̃	[ab.sow.vi.ˈsãʊ̃] 无罪释放<名>
próstata	/ˈpɾɔs.ta.tɐ/	/ˈpɾɔs.ta.tɐ/	[ˈpɾɔs.ta.tɐ] 前列腺<名>
assassinaram	a.sa.si.ˈna.ɾãʊ̃	a.sa.si.ˈna.ɾãʊ̃	[a.sa.si.ˈna.ɾãʊ̃] 被谋杀<动>
coiso	/ˈkoj.zu/	/ˈkoj.zu/	[ˈkoj.zu] 东西<名>
fetiche	/feˈt͡ʃi.ʃi/	/feˈt͡ʃi.ʃi/	[feˈt͡ʃi.ʃi] 恋物癖<名>
dotado	/doˈta.du/	/doˈta.du/	[doˈta.du] 有天赋的<形>
pseudónimo	/psewˈdɔ.ni.mu/	/psewˈdɔ.ni.mu/	[psewˈdɔ.ni.mu] 笔名<名>
almeida	/awˈmej.dɐ/	/awˈmej.dɐ/	[awˈmej.dɐ] 阿尔梅达<名>
maçarico	/ma.saˈɾi.ku/	/ma.saˈɾi.ku/	[ma.saˈɾi.ku] 喷灯<名>
baril	/baˈɾiw/	/baˈɾiw/	[baˈɾiw] 桶<形>
dispersar	/d͡ʒis.peʁˈsa(ʁ)/	/d͡ʒis.peʁˈsa(ʁ)/	[d͡ʒis.peʁˈsa(ʁ)] 驱散<动>
intravenosa	/ˌĩ.tɾa.veˈnɔ.zɐ/	/ˌĩ.tɾa.veˈnɔ.zɐ/	[ˌĩ.tɾa.veˈnɔ.zɐ] 静脉注射<名>
charada	/ʃaˈɾa.dɐ/	/ʃaˈɾa.dɐ/	[ʃaˈɾa.dɐ] 猜字游戏<名>
cool	/ˈku/	/ˈku/	[ˈku] 酷<名>
reinar	/ʁejˈna(ʁ)/	/ʁejˈna(ʁ)/	[ʁejˈna(ʁ)] 统治<名>
diplomático	/d͡ʒi.ploˈma.t͡ʃi.ku/	/d͡ʒi.ploˈma.t͡ʃi.ku/	[d͡ʒi.ploˈma.t͡ʃi.ku] 外交的<形>
colombiano	/ko.lõ.biˈɐ̃.nu/	/ko.lõ.biˈɐ̃.nu/	[ko.lõ.biˈɐ̃.nu] 哥伦比亚<名>
condor	/kõˈdoʁ/	/kõˈdoʁ/	[kõˈdoʁ] 神鹰<名>
aldrabão	/aw.dɾaˈbɐ̃w̃/	/aw.dɾaˈbɐ̃w̃/	[aw.dɾaˈbɐ̃w̃] 骗子<名>
conceber	/kõ.seˈbe(ʁ)/	/kõ.seˈbe(ʁ)/	[kõ.seˈbe(ʁ)] 构想<动>
roteiro	/ʁoˈte(j).ɾu/	/ʁoˈte(j).ɾu/	[ʁoˈte(j).ɾu] 脚本<名>
atribuído	/a.tɾi.buˈi.du/	/a.tɾi.buˈi.du/	[a.tɾi.buˈi.du] 分配的<形>
horizontal	/o.ɾi.zõˈtaw/	/o.ɾi.zõˈtaw/	[o.ɾi.zõˈtaw] 水平的<形>
asqueroso	/as.keˈɾo.zu/	/as.keˈɾo.zu/	[as.keˈɾo.zu] 恶心的<形>
desertor	/de.zeʁˈtoʁ/	/de.zeʁˈtoʁ/	[de.zeʁˈtoʁ] 逃兵<名>
metano	/meˈtɐ̃.nu/	/meˈtɐ̃.nu/	[meˈtɐ̃.nu] 甲烷<名>
agrícola	/aˈɡɾi.ko.lɐ/	/aˈɡɾi.ko.lɐ/	[aˈɡɾi.ko.lɐ] 农业<名>
batista	/baˈt͡ʃis.tɐ/	/baˈt͡ʃis.tɐ/	[baˈt͡ʃis.tɐ] 浸信会<名>
artrite	/aʁˈtɾi.t͡ʃi/	/aʁˈtɾi.t͡ʃi/	[aʁˈtɾi.t͡ʃi] 关节炎<名>
pênis	/ˈpẽ.nis/	/ˈpẽ.nis/	[ˈpẽ.nis] 阴茎<名>
virilha	/viˈɾi.ʎɐ/	/viˈɾi.ʎɐ/	[viˈɾi.ʎɐ] 腹股沟<名>
maçar	/maˈsa(ʁ)/	/maˈsa(ʁ)/	[maˈsa(ʁ)] 钻孔<动>
hackear	/ʁa.kiˈa(ʁ)/	/ʁa.kiˈa(ʁ)/	[ʁa.kiˈa(ʁ)] 黑客<动>
anonimato	/a.no.niˈma.tu/	/a.no.niˈma.tu/	[a.no.niˈma.tu] 匿名性<名>
queima-roupa			直截了当<名>
travessia	/tɾa.veˈsi.ɐ/	/tɾa.veˈsi.ɐ/	[tɾa.veˈsi.ɐ] 穿越<名>
derradeiro	/de.ʁaˈde(j).ɾu/	/de.ʁaˈde(j).ɾu/	[de.ʁaˈde(j).ɾu] 终极的<形>
embaraço	/ẽ.baˈɾa.su/	/ẽ.baˈɾa.su/	[ẽ.baˈɾa.su] 尴尬<名>
reservatório	/ʁe.zeʁ.vaˈtɔ.ɾju/	/ʁe.zeʁ.vaˈtɔ.ɾju/	[ʁe.zeʁ.vaˈtɔ.ɾju] 水库<名>
competitivo	/kõ.pe.t͡ʃiˈt͡ʃi.vu/	/kõ.pe.t͡ʃiˈt͡ʃi.vu/	[kõ.pe.t͡ʃiˈt͡ʃi.vu] 有竞争力的<形>
precipitado	/pɾe.si.piˈta.du/	/pɾe.si.piˈta.du/	[pɾe.si.piˈta.du] 仓促的<名>
id			编号<名>
merecido	/me.ɾeˈsi.du/	/me.ɾeˈsi.du/	[me.ɾeˈsi.du] 当之无愧的<形>
depositar	/de.po.ziˈta(ʁ)/	/de.po.ziˈta(ʁ)/	[de.po.ziˈta(ʁ)] 押金<动>
lubrificante	/lu.bɾi.fiˈkɐ̃.t͡ʃi/	/lu.bɾi.fiˈkɐ̃.t͡ʃi/	[lu.bɾi.fiˈkɐ̃.t͡ʃi] 润滑剂<名>
libra	/ˈli.bɾɐ/	/ˈli.bɾɐ/	[ˈli.bɾɐ] 英镑<名>
fútil	/ˈfu.t͡ʃiw/	/ˈfu.t͡ʃiw/	[ˈfu.t͡ʃiw] 无用的<形>
capô	/kaˈpo/	/kaˈpo/	[kaˈpo] 引擎盖<名>
atribuir	/a.tɾi.buˈi(ʁ)/	/a.tɾi.buˈi(ʁ)/	[a.tɾi.buˈi(ʁ)] 分配<动>
juntaram	ʒũ.ˈta.ɾãʊ̃	ʒũ.ˈta.ɾãʊ̃	[ʒũ.ˈta.ɾãʊ̃] 加入<动>
advertência	/a.d͡ʒi.veʁˈtẽ.sjɐ/	/a.d͡ʒi.veʁˈtẽ.sjɐ/	[a.d͡ʒi.veʁˈtẽ.sjɐ] 警告<名>
interagir	/ĩ.te.ɾaˈʒi(ʁ)/	/ĩ.te.ɾaˈʒi(ʁ)/	[ĩ.te.ɾaˈʒi(ʁ)] 互动<动>
elaborado	/e.la.boˈɾa.du/	/e.la.boˈɾa.du/	[e.la.boˈɾa.du] 精心设计<形>
sonhador	/sõ.ɲaˈdoʁ/	/sõ.ɲaˈdoʁ/	[sõ.ɲaˈdoʁ] 梦幻般的<名>
hardware	/ˈʁaʁ.dwɛʁ/	/ˈʁaʁ.dwɛʁ/	[ˈʁaʁ.dwɛʁ] 硬件<名>
moldar	/mowˈda(ʁ)/	/mowˈda(ʁ)/	[mowˈda(ʁ)] 形状<动>
hm			嗯<叹>
empacotar	/ẽ.pa.koˈta(ʁ)/	/ẽ.pa.koˈta(ʁ)/	[ẽ.pa.koˈta(ʁ)] 包<动>
banir	/baˈni(ʁ)/	/baˈni(ʁ)/	[baˈni(ʁ)] 禁令<动>
prosperar	/pɾos.peˈɾa(ʁ)/	/pɾos.peˈɾa(ʁ)/	[pɾos.peˈɾa(ʁ)] 繁荣<动>
travesseiro	/tɾa.veˈse(j).ɾu/	/tɾa.veˈse(j).ɾu/	[tɾa.veˈse(j).ɾu] 枕头<名>
débil	/ˈdɛ.biw/	/ˈdɛ.biw/	[ˈdɛ.biw] 弱<名>
mergulhador	/meʁ.ɡu.ʎaˈdoʁ/	/meʁ.ɡu.ʎaˈdoʁ/	[meʁ.ɡu.ʎaˈdoʁ] 潜水员<名>
cerâmica	/seˈɾɐ̃.mi.kɐ/	/seˈɾɐ̃.mi.kɐ/	[seˈɾɐ̃.mi.kɐ] 陶瓷<名>
pronúncia	/pɾoˈnũ.sjɐ/	/pɾoˈnũ.sjɐ/	[pɾoˈnũ.sjɐ] 发音<名>
xau	/ˈʃaw/	/ˈʃaw/	[ˈʃaw] 再见<叹>
cappuccino	/ka.puˈt͡ʃĩ.nu/	/ka.puˈt͡ʃĩ.nu/	[ka.puˈt͡ʃĩ.nu] 卡布奇诺<名>
radioactivo			放射性的<形>
rigoroso	/ʁi.ɡoˈɾo.zu/	/ʁi.ɡoˈɾo.zu/	[ʁi.ɡoˈɾo.zu] 严格<形>
firmeza	/fiʁˈme.zɐ/	/fiʁˈme.zɐ/	[fiʁˈme.zɐ] 坚固度<名>
persa	/ˈpɛʁ.sɐ/	/ˈpɛʁ.sɐ/	[ˈpɛʁ.sɐ] 波斯语<名>
pomba	/ˈpõ.bɐ/	/ˈpõ.bɐ/	[ˈpõ.bɐ] 鸽子<名>
matrimonial	/ma.tɾi.mo.niˈaw/	/ma.tɾi.mo.niˈaw/	[ma.tɾi.mo.niˈaw] 婚姻的<形>
embrulhar	/ẽ.bɾuˈʎa(ʁ)/	/ẽ.bɾuˈʎa(ʁ)/	[ẽ.bɾuˈʎa(ʁ)] 包裹<动>
pós	/ˈpɔ(j)s/	/ˈpɔ(j)s/	[ˈpɔ(j)s] 粉末<名>
cólon	/ˈkɔ.lõ/	/ˈkɔ.lõ/	[ˈkɔ.lõ] 结肠<名>
intensamente	/ĩˌtẽ.saˈmẽ.t͡ʃi/	/ĩˌtẽ.saˈmẽ.t͡ʃi/	[ĩˌtẽ.saˈmẽ.t͡ʃi] 强烈地<副>
obediente	/o.be.d͡ʒiˈẽ.t͡ʃi/	/o.be.d͡ʒiˈẽ.t͡ʃi/	[o.be.d͡ʒiˈẽ.t͡ʃi] 听话的<形>
solenemente	/soˌlẽ.niˈmẽ.t͡ʃi/	/soˌlẽ.niˈmẽ.t͡ʃi/	[soˌlẽ.niˈmẽ.t͡ʃi] 庄严地<副>
obsceno	/obˈsẽ.nu/	/obˈsẽ.nu/	[obˈsẽ.nu] 淫秽的<形>
divindade	/d͡ʒi.vĩˈda.d͡ʒi/	/d͡ʒi.vĩˈda.d͡ʒi/	[d͡ʒi.vĩˈda.d͡ʒi] 神性<名>
weber	/uˈɛ.beʁ/	/uˈɛ.beʁ/	[uˈɛ.beʁ] 韦伯<名>
masculinidade	/mas.ku.li.niˈda.d͡ʒi/	/mas.ku.li.niˈda.d͡ʒi/	[mas.ku.li.niˈda.d͡ʒi] 男子气概<名>
limbo	/ˈlĩ.bu/	/ˈlĩ.bu/	[ˈlĩ.bu] 地狱边缘<名>
inesquecível	/i.nes.keˈsi.vew/	/i.nes.keˈsi.vew/	[i.nes.keˈsi.vew] 难忘的<形>
armazenar	/aʁ.ma.zeˈna(ʁ)/	/aʁ.ma.zeˈna(ʁ)/	[aʁ.ma.zeˈna(ʁ)] 商店<动>
canário	/kaˈna.ɾju/	/kaˈna.ɾju/	[kaˈna.ɾju] 金丝雀<名>
pinóquio	/piˈnɔ.kju/	/piˈnɔ.kju/	[piˈnɔ.kju] 匹诺曹<名>
desonra	/d͡ʒiˈzõ.ʁɐ/	/d͡ʒiˈzõ.ʁɐ/	[d͡ʒiˈzõ.ʁɐ] 耻辱<名>
revelaram	xe.ve.ˈla.ɾãʊ̃	xe.ve.ˈla.ɾãʊ̃	[xe.ve.ˈla.ɾãʊ̃] 透露<动>
desodorizante	/de.zo.do.ɾiˈzɐ̃.t͡ʃi/	/de.zo.do.ɾiˈzɐ̃.t͡ʃi/	[de.zo.do.ɾiˈzɐ̃.t͡ʃi] 除臭剂<名>
simular	/si.muˈla(ʁ)/	/si.muˈla(ʁ)/	[si.muˈla(ʁ)] 模拟<动>
embebedar	/ẽ.be.beˈda(ʁ)/	/ẽ.be.beˈda(ʁ)/	[ẽ.be.beˈda(ʁ)] 喝醉了<动>
relutante	/ʁe.luˈtɐ̃.t͡ʃi/	/ʁe.luˈtɐ̃.t͡ʃi/	[ʁe.luˈtɐ̃.t͡ʃi] 不情愿的<形>
folgar	/fowˈɡa(ʁ)/	/fowˈɡa(ʁ)/	[fowˈɡa(ʁ)] 懈怠<动>
especar	/is.peˈka(ʁ)/	/is.peˈka(ʁ)/	[is.peˈka(ʁ)] 等待<动>
palhaçada	/pa.ʎaˈsa.dɐ/	/pa.ʎaˈsa.dɐ/	[pa.ʎaˈsa.dɐ] 小丑表演<名>
cesariana	/se.za.ɾiˈɐ̃.nɐ/	/se.za.ɾiˈɐ̃.nɐ/	[se.za.ɾiˈɐ̃.nɐ] 剖腹产<名>
bafo	/ˈba.fu/	/ˈba.fu/	[ˈba.fu] 呼吸<名>
televisor	/te.le.viˈzoʁ/	/te.le.viˈzoʁ/	[te.le.viˈzoʁ] 电视<名>
trançar	/tɾɐ̃ˈsa(ʁ)/	/tɾɐ̃ˈsa(ʁ)/	[tɾɐ̃ˈsa(ʁ)] 辫子<动>
bambu	/bɐ̃ˈbu/	/bɐ̃ˈbu/	[bɐ̃ˈbu] 竹子<名>
descafeinado	/des.ka.fejˈna.du/	/des.ka.fejˈna.du/	[des.ka.fejˈna.du] 不含咖啡因的<名>
pedreira	/peˈdɾe(j).ɾɐ/	/peˈdɾe(j).ɾɐ/	[peˈdɾe(j).ɾɐ] 采石场<名>
danado	/daˈna.du/	/daˈna.du/	[daˈna.du] 该死的<名>
existente	/e.zisˈtẽ.t͡ʃi/	/e.zisˈtẽ.t͡ʃi/	[e.zisˈtẽ.t͡ʃi] 现有的<形>
semáforo	/seˈma.fo.ɾu/	/seˈma.fo.ɾu/	[seˈma.fo.ɾu] 交通灯<名>
audácia	/awˈda.sjɐ/	/awˈda.sjɐ/	[awˈda.sjɐ] 大胆<名>
detergente	/de.teʁˈʒẽ.t͡ʃi/	/de.teʁˈʒẽ.t͡ʃi/	[de.teʁˈʒẽ.t͡ʃi] 洗涤剂<名>
património	/pɐ.tɾiˈmɔ.ni.u/	/pɐ.tɾiˈmɔ.ni.u/	[pɐ.tɾiˈmɔ.ni.u] 遗产<名>
ameaçador	/a.me.a.saˈdoʁ/	/a.me.a.saˈdoʁ/	[a.me.a.saˈdoʁ] 威胁<形>
dina	ˈdʒĩ.nə	ˈdʒĩ.nə	[ˈdʒĩ.nə] 迪娜<名>
puma	/ˈpũ.mɐ/	/ˈpũ.mɐ/	[ˈpũ.mɐ] 美洲狮<名>
cultivo	/kuwˈt͡ʃi.vu/	/kuwˈt͡ʃi.vu/	[kuwˈt͡ʃi.vu] 栽培<名>
verónica	/vɨˈɾɔ.ni.kɐ/	/vɨˈɾɔ.ni.kɐ/	[vɨˈɾɔ.ni.kɐ] 维罗妮卡<名>
aluguel	/a.luˈɡɛw/	/a.luˈɡɛw/	[a.luˈɡɛw] 租金<名>
medusa	/meˈdu.zɐ/	/meˈdu.zɐ/	[meˈdu.zɐ] 水母<名>
toc	/ˈtɔ.ki/	/ˈtɔ.ki/	[ˈtɔ.ki] 敲门<名>
navegador	/na.ve.ɡaˈdoʁ/	/na.ve.ɡaˈdoʁ/	[na.ve.ɡaˈdoʁ] 浏览器<名>
entediante	/ẽ.te.d͡ʒiˈɐ̃.t͡ʃi/	/ẽ.te.d͡ʒiˈɐ̃.t͡ʃi/	[ẽ.te.d͡ʒiˈɐ̃.t͡ʃi] 无聊的<形>
violentamente	/vi.oˌlẽ.taˈmẽ.t͡ʃi/	/vi.oˌlẽ.taˈmẽ.t͡ʃi/	[vi.oˌlẽ.taˈmẽ.t͡ʃi] 猛烈地<副>
sô	/ˈso/	/ˈso/	[ˈso] 只是<名>
renegado	/ʁe.neˈɡa.du/	/ʁe.neˈɡa.du/	[ʁe.neˈɡa.du] 叛徒<名>
detecção	/de.tekˈsɐ̃w̃/	/de.tekˈsɐ̃w̃/	[de.tekˈsɐ̃w̃] 检测<名>
assobiar	/a.so.biˈa(ʁ)/	/a.so.biˈa(ʁ)/	[a.so.biˈa(ʁ)] 口哨<动>
trama	/ˈtɾɐ̃.mɐ/	/ˈtɾɐ̃.mɐ/	[ˈtɾɐ̃.mɐ] 情节<名>
cacete	/kaˈse.t͡ʃi/	/kaˈse.t͡ʃi/	[kaˈse.t͡ʃi] 狗屎<名>
caídos	ka.ˈi.dʊs	ka.ˈi.dʊs	[ka.ˈi.dʊs] 堕落<名>
xelim	/ʃeˈlĩ/	/ʃeˈlĩ/	[ʃeˈlĩ] 先令<名>
papão	/paˈpɐ̃w̃/	/paˈpɐ̃w̃/	[paˈpɐ̃w̃] 妖怪<名>
vocalista	/vo.kaˈlis.tɐ/	/vo.kaˈlis.tɐ/	[vo.kaˈlis.tɐ] 歌手<名>
atrocidade	/a.tɾo.siˈda.d͡ʒi/	/a.tɾo.siˈda.d͡ʒi/	[a.tɾo.siˈda.d͡ʒi] 暴行<名>
pintada	/pĩˈta.dɐ/	/pĩˈta.dɐ/	[pĩˈta.dɐ] 画的<名>
barricada	/ba.ʁiˈka.dɐ/	/ba.ʁiˈka.dɐ/	[ba.ʁiˈka.dɐ] 路障<名>
sniper	/izˈnaj.peʁ/	/izˈnaj.peʁ/	[izˈnaj.peʁ] 狙击手<名>
milorde	/miˈlɔʁ.d͡ʒi/	/miˈlɔʁ.d͡ʒi/	[miˈlɔʁ.d͡ʒi] 陛下<名>
indefinidamente	/ĩ.de.fiˌni.daˈmẽ.t͡ʃi/	/ĩ.de.fiˌni.daˈmẽ.t͡ʃi/	[ĩ.de.fiˌni.daˈmẽ.t͡ʃi] 无限期地<副>
arranha-céus	/aˌʁɐ̃.ɲɐˈsɛws/	/aˌʁɐ̃.ɲɐˈsɛws/	[aˌʁɐ̃.ɲɐˈsɛws] 摩天大楼<名>
contraste	/kõˈtɾas.t͡ʃi/	/kõˈtɾas.t͡ʃi/	[kõˈtɾas.t͡ʃi] 对比<名>
constituir	/kõs.t͡ʃi.tuˈi(ʁ)/	/kõs.t͡ʃi.tuˈi(ʁ)/	[kõs.t͡ʃi.tuˈi(ʁ)] 构成<动>
poético	/poˈɛ.t͡ʃi.ku/	/poˈɛ.t͡ʃi.ku/	[poˈɛ.t͡ʃi.ku] 诗意的<形>
preservação	/pɾe.zeʁ.vaˈsɐ̃w̃/	/pɾe.zeʁ.vaˈsɐ̃w̃/	[pɾe.zeʁ.vaˈsɐ̃w̃] 保存<名>
possessão	/po.seˈsɐ̃w̃/	/po.seˈsɐ̃w̃/	[po.seˈsɐ̃w̃] 占有<名>
inverter	/ĩ.veʁˈte(ʁ)/	/ĩ.veʁˈte(ʁ)/	[ĩ.veʁˈte(ʁ)] 反转<动>
nabo	/ˈna.bu/	/ˈna.bu/	[ˈna.bu] 萝卜<名>
recitar	/ʁe.siˈta(ʁ)/	/ʁe.siˈta(ʁ)/	[ʁe.siˈta(ʁ)] 背诵<动>
girafa	/ʒiˈɾa.fɐ/	/ʒiˈɾa.fɐ/	[ʒiˈɾa.fɐ] 长颈鹿<名>
polir	/poˈli(ʁ)/	/poˈli(ʁ)/	[poˈli(ʁ)] 波兰语<动>
collants			紧身衣<名>
imaturo	/i.maˈtu.ɾu/	/i.maˈtu.ɾu/	[i.maˈtu.ɾu] 不成熟的<形>
restabelecer	/ʁes.ta.be.leˈse(ʁ)/	/ʁes.ta.be.leˈse(ʁ)/	[ʁes.ta.be.leˈse(ʁ)] 恢复<动>
gratificante	/ɡɾa.t͡ʃi.fiˈkɐ̃.t͡ʃi/	/ɡɾa.t͡ʃi.fiˈkɐ̃.t͡ʃi/	[ɡɾa.t͡ʃi.fiˈkɐ̃.t͡ʃi] 有益的<形>
desconfiança	/des.kõ.fiˈɐ̃.sɐ/	/des.kõ.fiˈɐ̃.sɐ/	[des.kõ.fiˈɐ̃.sɐ] 不信任<名>
discursar	/d͡ʒis.kuʁˈsa(ʁ)/	/d͡ʒis.kuʁˈsa(ʁ)/	[d͡ʒis.kuʁˈsa(ʁ)] 说话<动>
meteorologia	/me.te.o.ɾo.loˈʒi.ɐ/	/me.te.o.ɾo.loˈʒi.ɐ/	[me.te.o.ɾo.loˈʒi.ɐ] 气象学<名>
maciço	/maˈsi.su/	/maˈsi.su/	[maˈsi.su] 巨大的<名>
best	/ˈbɛst͡ʃ/	/ˈbɛst͡ʃ/	[ˈbɛst͡ʃ] 最好的<名>
preguiça	/pɾeˈɡi.sɐ/	/pɾeˈɡi.sɐ/	[pɾeˈɡi.sɐ] 懒惰<名>
abate	/aˈba.t͡ʃi/	/aˈba.t͡ʃi/	[aˈba.t͡ʃi] 屠宰<名>
chapada	/ʃaˈpa.dɐ/	/ʃaˈpa.dɐ/	[ʃaˈpa.dɐ] 巴掌<名>
ravina	/ʁaˈvĩ.nɐ/	/ʁaˈvĩ.nɐ/	[ʁaˈvĩ.nɐ] 山沟<名>
lêem	ˈle.ẽỹ	ˈle.ẽỹ	[ˈle.ẽỹ] 读<动>
autodefesa	/ˌaw.tu.deˈfe.zɐ/	/ˌaw.tu.deˈfe.zɐ/	[ˌaw.tu.deˈfe.zɐ] 自卫<名>
bronco	/ˈbɾõ.ku/	/ˈbɾõ.ku/	[ˈbɾõ.ku] 野马<形>
imprevisto	/ĩ.pɾeˈvis.tu/	/ĩ.pɾeˈvis.tu/	[ĩ.pɾeˈvis.tu] 不可预见的<形>
precoce	/pɾeˈkɔ.si/	/pɾeˈkɔ.si/	[pɾeˈkɔ.si] 早<形>
comitê	/ko.miˈte/	/ko.miˈte/	[ko.miˈte] 委员会<名>
zé-ninguém	/ˌzɛ.nĩˈɡẽj̃/	/ˌzɛ.nĩˈɡẽj̃/	[ˌzɛ.nĩˈɡẽj̃] 没有人<名>
zé	/ˈzɛ/	/ˈzɛ/	[ˈzɛ] 泽<名>
pisca	/ˈpis.kɐ/	/ˈpis.kɐ/	[ˈpis.kɐ] 闪烁<名>
safo	/ˈsa.fu/	/ˈsa.fu/	[ˈsa.fu] 萨福<名>
inscrever	/ĩs.kɾeˈve(ʁ)/	/ĩs.kɾeˈve(ʁ)/	[ĩs.kɾeˈve(ʁ)] 注册<动>
sairam	ˈsay.ɾãʊ̃	ˈsay.ɾãʊ̃	[ˈsay.ɾãʊ̃] 左<动>
requisito	/ʁe.kiˈzi.tu/	/ʁe.kiˈzi.tu/	[ʁe.kiˈzi.tu] 要求<名>
modificação	/mo.d͡ʒi.fi.kaˈsɐ̃w̃/	/mo.d͡ʒi.fi.kaˈsɐ̃w̃/	[mo.d͡ʒi.fi.kaˈsɐ̃w̃] 修改<名>
calçado	/kawˈsa.du/	/kawˈsa.du/	[kawˈsa.du] 鞋类<名>
voadora	/vo.aˈdo.ɾɐ/	/vo.aˈdo.ɾɐ/	[vo.aˈdo.ɾɐ] 飞行<名>
bypass	/ˌbaj.ˈpɛs/	/ˌbaj.ˈpɛs/	[ˌbaj.ˈpɛs] 旁路<名>
nado	/ˈna.du/	/ˈna.du/	[ˈna.du] 游泳<名>
nutrição	/nu.tɾiˈsɐ̃w̃/	/nu.tɾiˈsɐ̃w̃/	[nu.tɾiˈsɐ̃w̃] 营养<名>
pinheiro	/pĩˈɲe(j).ɾu/	/pĩˈɲe(j).ɾu/	[pĩˈɲe(j).ɾu] 松树<名>
accionista	a.si.o.ˈnis.tə	a.si.o.ˈnis.tə	[a.si.o.ˈnis.tə] 股东<名>
individualmente	/ĩ.d͡ʒi.vi.duˌawˈmẽ.t͡ʃi/	/ĩ.d͡ʒi.vi.duˌawˈmẽ.t͡ʃi/	[ĩ.d͡ʒi.vi.duˌawˈmẽ.t͡ʃi] 单独地<副>
shalom	/ʃaˈlõ/	/ʃaˈlõ/	[ʃaˈlõ] 沙洛姆<叹>
ceptro	/ˈsɛp.tɾu/	/ˈsɛp.tɾu/	[ˈsɛp.tɾu] 权杖<名>
imperativo	/ĩ.pe.ɾaˈt͡ʃi.vu/	/ĩ.pe.ɾaˈt͡ʃi.vu/	[ĩ.pe.ɾaˈt͡ʃi.vu] 势在必行<名>
berrar	/beˈʁa(ʁ)/	/beˈʁa(ʁ)/	[beˈʁa(ʁ)] 尖叫<动>
janta	/ˈʒɐ̃.tɐ/	/ˈʒɐ̃.tɐ/	[ˈʒɐ̃.tɐ] 晚餐<名>
tresandar	/tɾe.zɐ̃ˈda(ʁ)/	/tɾe.zɐ̃ˈda(ʁ)/	[tɾe.zɐ̃ˈda(ʁ)] 臭<动>
chaleira	/ʃaˈle(j).ɾɐ/	/ʃaˈle(j).ɾɐ/	[ʃaˈle(j).ɾɐ] 水壶<名>
zodíaco	/zoˈd͡ʒi.a.ku/	/zoˈd͡ʒi.a.ku/	[zoˈd͡ʒi.a.ku] 十二生肖<名>
aspirar	/as.piˈɾa(ʁ)/	/as.piˈɾa(ʁ)/	[as.piˈɾa(ʁ)] 真空<动>
traiçoeiro	/tɾaj.soˈe(j).ɾu/	/tɾaj.soˈe(j).ɾu/	[tɾaj.soˈe(j).ɾu] 奸诈的<形>
influente	/ĩ.fluˈẽ.t͡ʃi/	/ĩ.fluˈẽ.t͡ʃi/	[ĩ.fluˈẽ.t͡ʃi] 有影响力的<形>
experimento	/is.pe.ɾiˈmẽ.tu/	/is.pe.ɾiˈmẽ.tu/	[is.pe.ɾiˈmẽ.tu] 实验<名>
benta	/ˈbẽ.tɐ/	/ˈbẽ.tɐ/	[ˈbẽ.tɐ] 神圣的<名>
falto	/ˈfaw.tu/	/ˈfaw.tu/	[ˈfaw.tu] 我想念<形>
palavra-chave	/paˌla.vɾɐˈʃa.vi/	/paˌla.vɾɐˈʃa.vi/	[paˌla.vɾɐˈʃa.vi] 关键词<名>
especializar	/is.pe.si.a.liˈza(ʁ)/	/is.pe.si.a.liˈza(ʁ)/	[is.pe.si.a.liˈza(ʁ)] 专门化<动>
corcunda	/koʁˈkũ.dɐ/	/koʁˈkũ.dɐ/	[koʁˈkũ.dɐ] hunchback<名>
pediatra	/pe.d͡ʒiˈa.tɾɐ/	/pe.d͡ʒiˈa.tɾɐ/	[pe.d͡ʒiˈa.tɾɐ] 儿科医生<名>
talibã	/ta.liˈbɐ̃/	/ta.liˈbɐ̃/	[ta.liˈbɐ̃] Taliban<名>
estatístico	/is.taˈt͡ʃis.t͡ʃi.ku/	/is.taˈt͡ʃis.t͡ʃi.ku/	[is.taˈt͡ʃis.t͡ʃi.ku] 统计学家<名>
insano	/ĩˈsɐ̃.nu/	/ĩˈsɐ̃.nu/	[ĩˈsɐ̃.nu] 疯狂的<形>
esconderam	es.kõ.ˈde.ɾãʊ̃	es.kõ.ˈde.ɾãʊ̃	[es.kõ.ˈde.ɾãʊ̃] 隐藏<动>
rubi	/ʁuˈbi/	/ʁuˈbi/	[ʁuˈbi] 红宝石<名>
recortar	/ʁe.koʁˈta(ʁ)/	/ʁe.koʁˈta(ʁ)/	[ʁe.koʁˈta(ʁ)] 切<动>
informante	/ĩ.foʁˈmɐ̃.t͡ʃi/	/ĩ.foʁˈmɐ̃.t͡ʃi/	[ĩ.foʁˈmɐ̃.t͡ʃi] 线人<名>
menção	/mẽˈsɐ̃w̃/	/mẽˈsɐ̃w̃/	[mẽˈsɐ̃w̃] 提及<名>
pressentir	/pɾe.sẽˈt͡ʃi(ʁ)/	/pɾe.sẽˈt͡ʃi(ʁ)/	[pɾe.sẽˈt͡ʃi(ʁ)] 感觉<动>
inestimável	/i.nes.t͡ʃiˈma.vew/	/i.nes.t͡ʃiˈma.vew/	[i.nes.t͡ʃiˈma.vew] priceless<形>
caldo	/ˈkaw.du/	/ˈkaw.du/	[ˈkaw.du] 肉汤<名>
punheta	/pũˈɲe.tɐ/	/pũˈɲe.tɐ/	[pũˈɲe.tɐ] 打手枪<名>
intrigar	/ĩ.tɾiˈɡa(ʁ)/	/ĩ.tɾiˈɡa(ʁ)/	[ĩ.tɾiˈɡa(ʁ)] 阴谋<动>
duvidoso	/du.viˈdo.zu/	/du.viˈdo.zu/	[du.viˈdo.zu] 可疑的<形>
elixir	/e.liˈʃi(ʁ)/	/e.liˈʃi(ʁ)/	[e.liˈʃi(ʁ)] 灵丹妙药<名>
sequestrar	/se.kwesˈtɾa(ʁ)/	/se.kwesˈtɾa(ʁ)/	[se.kwesˈtɾa(ʁ)] 绑架<动>
ménage	/meˈna.ʒi/	/meˈna.ʒi/	[meˈna.ʒi] 三人行<名>
satisfatório	/sa.t͡ʃis.faˈtɔ.ɾju/	/sa.t͡ʃis.faˈtɔ.ɾju/	[sa.t͡ʃis.faˈtɔ.ɾju] 满意的<形>
marciano	/maʁ.siˈɐ̃.nu/	/maʁ.siˈɐ̃.nu/	[maʁ.siˈɐ̃.nu] 火星人<名>
aventureiro	/a.vẽ.tuˈɾe(j).ɾu/	/a.vẽ.tuˈɾe(j).ɾu/	[a.vẽ.tuˈɾe(j).ɾu] 冒险家<名>
estafeta	/is.taˈfe.tɐ/	/is.taˈfe.tɐ/	[is.taˈfe.tɐ] 快递员<名>
esperteza	/is.peʁˈte.zɐ/	/is.peʁˈte.zɐ/	[is.peʁˈte.zɐ] 狡猾的<名>
nebulosa	/ne.buˈlɔ.zɐ/	/ne.buˈlɔ.zɐ/	[ne.buˈlɔ.zɐ] 星云<名>
humildemente	/uˌmiw.d͡ʒiˈmẽ.t͡ʃi/	/uˌmiw.d͡ʒiˈmẽ.t͡ʃi/	[uˌmiw.d͡ʒiˈmẽ.t͡ʃi] 谦虚地<副>
variação	/va.ɾi.aˈsɐ̃w̃/	/va.ɾi.aˈsɐ̃w̃/	[va.ɾi.aˈsɐ̃w̃] 变异<名>
cuspo	/ˈkus.pu/	/ˈkus.pu/	[ˈkus.pu] 吐口水<名>
box	/ˈbɔks/	/ˈbɔks/	[ˈbɔks] 盒子<名>
gracioso	/ɡɾa.siˈo.zu/	/ɡɾa.siˈo.zu/	[ɡɾa.siˈo.zu] 优雅的<形>
sarcástico	/saʁˈkas.t͡ʃi.ku/	/saʁˈkas.t͡ʃi.ku/	[saʁˈkas.t͡ʃi.ku] 讽刺的<形>
marmelada	/maʁ.meˈla.dɐ/	/maʁ.meˈla.dɐ/	[maʁ.meˈla.dɐ] 果酱<名>
aeronave	/aˌɛ.ɾoˈna.vi/	/aˌɛ.ɾoˈna.vi/	[aˌɛ.ɾoˈna.vi] 飞机<名>
pairar	/pajˈɾa(ʁ)/	/pajˈɾa(ʁ)/	[pajˈɾa(ʁ)] 派拉尔<动>
discriminação	/d͡ʒis.kɾi.mi.naˈsɐ̃w̃/	/d͡ʒis.kɾi.mi.naˈsɐ̃w̃/	[d͡ʒis.kɾi.mi.naˈsɐ̃w̃] 歧视<名>
crazy	/ˈkɾej.zi/	/ˈkɾej.zi/	[ˈkɾej.zi] 疯狂的<形>
engodo	/ẽˈɡo.du/	/ẽˈɡo.du/	[ẽˈɡo.du] 恩戈多<名>
sanguessuga	/ˌsɐ̃.ɡiˈsu.ɡɐ/	/ˌsɐ̃.ɡiˈsu.ɡɐ/	[ˌsɐ̃.ɡiˈsu.ɡɐ] 桑格苏加<名>
encriptação	/ẽ.kɾi.pi.taˈsɐ̃w̃/	/ẽ.kɾi.pi.taˈsɐ̃w̃/	[ẽ.kɾi.pi.taˈsɐ̃w̃] 加密<名>
camionista	/ka.mi.oˈnis.tɐ/	/ka.mi.oˈnis.tɐ/	[ka.mi.oˈnis.tɐ] 卡米奥尼斯塔<名>
devoto	/deˈvɔ.tu/	/deˈvɔ.tu/	[deˈvɔ.tu] 德沃托<名>
diesel	/ˈd͡ʒi.zew/	/ˈd͡ʒi.zew/	[ˈd͡ʒi.zew] 柴油机<名>
ironicamente	/iˌɾõ.ni.kaˈmẽ.t͡ʃi/	/iˌɾõ.ni.kaˈmẽ.t͡ʃi/	[iˌɾõ.ni.kaˈmẽ.t͡ʃi] 讽刺地<副>
delírio	/deˈli.ɾju/	/deˈli.ɾju/	[deˈli.ɾju] 德里里奥<名>
assinaram	a.si.ˈna.ɾãʊ̃	a.si.ˈna.ɾãʊ̃	[a.si.ˈna.ɾãʊ̃] 签署<动>
expirar	/is.piˈɾa(ʁ)/	/is.piˈɾa(ʁ)/	[is.piˈɾa(ʁ)] 到期日<动>
aterrador	/a.te.ɾaˈdoʁ/	/a.te.ɾaˈdoʁ/	[a.te.ɾaˈdoʁ] 阿特拉多尔<形>
ferrugem	/feˈʁu.ʒẽj̃/	/feˈʁu.ʒẽj̃/	[feˈʁu.ʒẽj̃] 铁矿<名>
margarida	/maʁ.ɡaˈɾi.dɐ/	/maʁ.ɡaˈɾi.dɐ/	[maʁ.ɡaˈɾi.dɐ] 雏菊<名>
calçar	/kawˈsa(ʁ)/	/kawˈsa(ʁ)/	[kawˈsa(ʁ)] 穿上<动>
florescer	/flo.ɾeˈse(ʁ)/	/flo.ɾeˈse(ʁ)/	[flo.ɾeˈse(ʁ)] 弗洛雷斯<动>
critério	/kɾiˈtɛ.ɾju/	/kɾiˈtɛ.ɾju/	[kɾiˈtɛ.ɾju] 标准<名>
chefia	/ʃeˈfi.ɐ/	/ʃeˈfi.ɐ/	[ʃeˈfi.ɐ] 领导力<名>
altruísta	/aw.tɾuˈis.tɐ/	/aw.tɾuˈis.tɐ/	[aw.tɾuˈis.tɐ] 利他主义<名>
desembarque	/de.zẽˈbaʁ.ki/	/de.zẽˈbaʁ.ki/	[de.zẽˈbaʁ.ki] 德森巴克<名>
entediado	/ẽ.te.d͡ʒiˈa.du/	/ẽ.te.d͡ʒiˈa.du/	[ẽ.te.d͡ʒiˈa.du] 恩泰迪亚多<形>
enfermagem	/ẽ.feʁˈma.ʒẽj̃/	/ẽ.feʁˈma.ʒẽj̃/	[ẽ.feʁˈma.ʒẽj̃] 护理<名>
vigília	/viˈʒi.ljɐ/	/viˈʒi.ljɐ/	[viˈʒi.ljɐ] 维吉利亚<名>
elaborar	/e.la.boˈɾa(ʁ)/	/e.la.boˈɾa(ʁ)/	[e.la.boˈɾa(ʁ)] 精心设计<动>
riscar	/ʁisˈka(ʁ)/	/ʁisˈka(ʁ)/	[ʁisˈka(ʁ)] 里斯卡<动>
arrebentar	/a.ʁe.bẽˈta(ʁ)/	/a.ʁe.bẽˈta(ʁ)/	[a.ʁe.bẽˈta(ʁ)] 粉碎<动>
prado	/ˈpɾa.du/	/ˈpɾa.du/	[ˈpɾa.du] 普拉多<名>
revestimento	/ʁe.ves.t͡ʃiˈmẽ.tu/	/ʁe.ves.t͡ʃiˈmẽ.tu/	[ʁe.ves.t͡ʃiˈmẽ.tu] 重演<名>
evasão	/e.vaˈzɐ̃w̃/	/e.vaˈzɐ̃w̃/	[e.vaˈzɐ̃w̃] 埃瓦桑<名>
mulherengo	/mu.ʎeˈɾẽ.ɡu/	/mu.ʎeˈɾẽ.ɡu/	[mu.ʎeˈɾẽ.ɡu] 穆莱伦戈<名>
povoado	/po.voˈa.du/	/po.voˈa.du/	[po.voˈa.du] 镇<名>
dormiram	doɣ.ˈmi.ɾãʊ̃	doɣ.ˈmi.ɾãʊ̃	[doɣ.ˈmi.ɾãʊ̃] 睡了<动>
magnitude	/ma.ɡi.niˈtu.d͡ʒi/	/ma.ɡi.niˈtu.d͡ʒi/	[ma.ɡi.niˈtu.d͡ʒi] 震级<名>
n.º			不。<名>
delaware	/de.laˈwɛʁ/	/de.laˈwɛʁ/	[de.laˈwɛʁ] 特拉华州<名>
proibir	/pɾo.iˈbi(ʁ)/	/pɾo.iˈbi(ʁ)/	[pɾo.iˈbi(ʁ)] 普罗伊比尔<动>
palmada	/pawˈma.dɐ/	/pawˈma.dɐ/	[pawˈma.dɐ] 帕尔马达<名>
ousadia	/o(w).zaˈd͡ʒi.ɐ/	/o(w).zaˈd͡ʒi.ɐ/	[o(w).zaˈd͡ʒi.ɐ] 大胆<名>
persuadir	/peʁ.su.aˈd͡ʒi(ʁ)/	/peʁ.su.aˈd͡ʒi(ʁ)/	[peʁ.su.aˈd͡ʒi(ʁ)] 说服<动>
crepúsculo	/kɾeˈpus.ku.lu/	/kɾeˈpus.ku.lu/	[kɾeˈpus.ku.lu] 黄昏<名>
saudar	/sa.uˈda(ʁ)/	/sa.uˈda(ʁ)/	[sa.uˈda(ʁ)] 打招呼<动>
radiador	/ʁa.d͡ʒi.aˈdoʁ/	/ʁa.d͡ʒi.aˈdoʁ/	[ʁa.d͡ʒi.aˈdoʁ] 散热器<名>
transplantar	/tɾɐ̃s.plɐ̃ˈta(ʁ)/	/tɾɐ̃s.plɐ̃ˈta(ʁ)/	[tɾɐ̃s.plɐ̃ˈta(ʁ)] 移植物<动>
guloseima	/ɡu.loˈzej.mɐ/	/ɡu.loˈzej.mɐ/	[ɡu.loˈzej.mɐ] 对待<名>
rixa	/ˈʁi.ʃɐ/	/ˈʁi.ʃɐ/	[ˈʁi.ʃɐ] 里克萨<名>
tripla	/ˈtɾi.plɐ/	/ˈtɾi.plɐ/	[ˈtɾi.plɐ] 三重<名>
cooperativa	/ko.o.pe.ɾaˈt͡ʃi.vɐ/	/ko.o.pe.ɾaˈt͡ʃi.vɐ/	[ko.o.pe.ɾaˈt͡ʃi.vɐ] 合作社<名>
reabastecer	/ʁe.a.bas.teˈse(ʁ)/	/ʁe.a.bas.teˈse(ʁ)/	[ʁe.a.bas.teˈse(ʁ)] 加油<动>
adiamento	a.dʒi.a.ˈmẽ.tʊ	a.dʒi.a.ˈmẽ.tʊ	[a.dʒi.a.ˈmẽ.tʊ] 推迟<名>
eufemismo	/ew.feˈmiz.mu/	/ew.feˈmiz.mu/	[ew.feˈmiz.mu] 委婉语<名>
grisalho	/ɡɾiˈza.ʎu/	/ɡɾiˈza.ʎu/	[ɡɾiˈza.ʎu] 灰色<形>
repentinamente	/ʁe.pẽˌt͡ʃĩ.naˈmẽ.t͡ʃi/	/ʁe.pẽˌt͡ʃĩ.naˈmẽ.t͡ʃi/	[ʁe.pẽˌt͡ʃĩ.naˈmẽ.t͡ʃi] 突然<副>
atacador	/a.ta.kaˈdoʁ/	/a.ta.kaˈdoʁ/	[a.ta.kaˈdoʁ] 鞋带<名>
inversão	/ĩ.veʁˈsɐ̃w̃/	/ĩ.veʁˈsɐ̃w̃/	[ĩ.veʁˈsɐ̃w̃] 反转<名>
questionário	/kes.t͡ʃi.oˈna.ɾju/	/kes.t͡ʃi.oˈna.ɾju/	[kes.t͡ʃi.oˈna.ɾju] 测验<名>
auditoria	/aw.d͡ʒi.toˈɾi.ɐ/	/aw.d͡ʒi.toˈɾi.ɐ/	[aw.d͡ʒi.toˈɾi.ɐ] 审计<名>
premeditado	/pɾe.me.d͡ʒiˈta.du/	/pɾe.me.d͡ʒiˈta.du/	[pɾe.me.d͡ʒiˈta.du] 有预谋的<形>
inquisição	/ĩ.ki.ziˈsɐ̃w̃/	/ĩ.ki.ziˈsɐ̃w̃/	[ĩ.ki.ziˈsɐ̃w̃] 宗教裁判所<名>
colhão	/kuˈʎɐ̃w̃/	/kuˈʎɐ̃w̃/	[kuˈʎɐ̃w̃] 球<名>
historiador	/is.to.ɾi.aˈdoʁ/	/is.to.ɾi.aˈdoʁ/	[is.to.ɾi.aˈdoʁ] 历史学家<名>
sulista	/suˈlis.tɐ/	/suˈlis.tɐ/	[suˈlis.tɐ] 南方人<名>
lab	/ˈla.bi/	/ˈla.bi/	[ˈla.bi] 实验室<名>
infalível	/ĩ.faˈli.vew/	/ĩ.faˈli.vew/	[ĩ.faˈli.vew] 无误的<形>
entusiasmante	/ẽ.tu.zi.azˈmɐ̃.t͡ʃi/	/ẽ.tu.zi.azˈmɐ̃.t͡ʃi/	[ẽ.tu.zi.azˈmɐ̃.t͡ʃi] 令人兴奋的<形>
chino	/ˈʃĩ.nu/	/ˈʃĩ.nu/	[ˈʃĩ.nu] 奇诺<名>
fodasse			他妈的<叹>
tónico	/ˈtɔ.ni.ku/	/ˈtɔ.ni.ku/	[ˈtɔ.ni.ku] 补品<名>
adepto	/aˈdɛp.tu/	/aˈdɛp.tu/	[aˈdɛp.tu] 熟练的<名>
interrogação	/ĩ.te.ʁo.ɡaˈsɐ̃w̃/	/ĩ.te.ʁo.ɡaˈsɐ̃w̃/	[ĩ.te.ʁo.ɡaˈsɐ̃w̃] 问题<名>
cotton			棉<名>
roulotte			拖车<名>
kelvin	/ˈkew.vĩ/	/ˈkew.vĩ/	[ˈkew.vĩ] 开尔文<名>
táctico	ˈta.tʃi.kʊ	ˈta.tʃi.kʊ	[ˈta.tʃi.kʊ] 战术的<形>
transar	/tɾɐ̃ˈza(ʁ)/	/tɾɐ̃ˈza(ʁ)/	[tɾɐ̃ˈza(ʁ)] 他妈的<动>
surfista	/suʁˈfis.tɐ/	/suʁˈfis.tɐ/	[suʁˈfis.tɐ] 冲浪者<名>
funda	/ˈfũ.dɐ/	/ˈfũ.dɐ/	[ˈfũ.dɐ] 吊带<名>
pró	/ˈpɾɔ/	/ˈpɾɔ/	[ˈpɾɔ] 亲<名>
seriar	/se.ɾiˈa(ʁ)/	/se.ɾiˈa(ʁ)/	[se.ɾiˈa(ʁ)] 连续剧<动>
demoníaca	/de.moˈni.a.kɐ/	/de.moˈni.a.kɐ/	[de.moˈni.a.kɐ] 恶魔般的<名>
coreografia	/ko.ɾe.o.ɡɾaˈfi.ɐ/	/ko.ɾe.o.ɡɾaˈfi.ɐ/	[ko.ɾe.o.ɡɾaˈfi.ɐ] 编舞<名>
perigosamente	/pe.ɾiˌɡɔ.zaˈmẽ.t͡ʃi/	/pe.ɾiˌɡɔ.zaˈmẽ.t͡ʃi/	[pe.ɾiˌɡɔ.zaˈmẽ.t͡ʃi] 危险地<副>
tribal	/tɾiˈbaw/	/tɾiˈbaw/	[tɾiˈbaw] 部落的<形>
ameixa	/aˈme(j).ʃɐ/	/aˈme(j).ʃɐ/	[aˈme(j).ʃɐ] 李子<名>
expediente	/is.pe.d͡ʒiˈẽ.t͡ʃi/	/is.pe.d͡ʒiˈẽ.t͡ʃi/	[is.pe.d͡ʒiˈẽ.t͡ʃi] 办公时间<名>
pepino	/peˈpĩ.nu/	/peˈpĩ.nu/	[peˈpĩ.nu] 黄瓜<名>
contracção	kõ.tɾa.ˈsãʊ̃	kõ.tɾa.ˈsãʊ̃	[kõ.tɾa.ˈsãʊ̃] 收缩<名>
yes	/ˈjɛ(j)s/	/ˈjɛ(j)s/	[ˈjɛ(j)s] 是的<叹>
suco	/ˈsu.ku/	/ˈsu.ku/	[ˈsu.ku] 果汁<名>
escorrega	/is.koˈʁɛ.ɡɐ/	/is.koˈʁɛ.ɡɐ/	[is.koˈʁɛ.ɡɐ] 滑倒<名>
continental	/kõ.t͡ʃi.nẽˈtaw/	/kõ.t͡ʃi.nẽˈtaw/	[kõ.t͡ʃi.nẽˈtaw] 欧陆式<名>
narrativa	/na.ʁaˈt͡ʃi.vɐ/	/na.ʁaˈt͡ʃi.vɐ/	[na.ʁaˈt͡ʃi.vɐ] 叙述性的<名>
canibal	/ka.niˈbaw/	/ka.niˈbaw/	[ka.niˈbaw] 食人者<名>
abc	/aˌbeˈse/	/aˌbeˈse/	[aˌbeˈse] ABC<名>
esfrega	/isˈfɾɛ.ɡɐ/	/isˈfɾɛ.ɡɐ/	[isˈfɾɛ.ɡɐ] 磨砂膏<名>
cansar	/kɐ̃ˈsa(ʁ)/	/kɐ̃ˈsa(ʁ)/	[kɐ̃ˈsa(ʁ)] 累了<动>
ameaçaram	a.me.a.ˈsa.ɾãʊ̃	a.me.a.ˈsa.ɾãʊ̃	[a.me.a.ˈsa.ɾãʊ̃] 受到威胁<动>
valsa	/ˈvaw.sɐ/	/ˈvaw.sɐ/	[ˈvaw.sɐ] 华尔兹<名>
mega	/ˈmɛ.ɡɐ/	/ˈmɛ.ɡɐ/	[ˈmɛ.ɡɐ] 巨型<名>
chiu	/ˈʃiw/	/ˈʃiw/	[ˈʃiw] 邱<叹>
apalpar	/a.pawˈpa(ʁ)/	/a.pawˈpa(ʁ)/	[a.pawˈpa(ʁ)] 摸索<动>
modéstia	/moˈdɛs.t͡ʃjɐ/	/moˈdɛs.t͡ʃjɐ/	[moˈdɛs.t͡ʃjɐ] 谦虚<名>
tau	/ˈtaw/	/ˈtaw/	[ˈtaw] tau蛋白<名>
reator	/ʁe.aˈtoʁ/	/ʁe.aˈtoʁ/	[ʁe.aˈtoʁ] 反应堆<名>
aptidão	/ap.t͡ʃiˈdɐ̃w̃/	/ap.t͡ʃiˈdɐ̃w̃/	[ap.t͡ʃiˈdɐ̃w̃] 健身<名>
abominável	/a.bo.miˈna.vew/	/a.bo.miˈna.vew/	[a.bo.miˈna.vew] 可恶的<形>
exaustão	/e.zawsˈtɐ̃w̃/	/e.zawsˈtɐ̃w̃/	[e.zawsˈtɐ̃w̃] 精疲力尽<名>
pipa	/ˈpi.pɐ/	/ˈpi.pɐ/	[ˈpi.pɐ] 风筝<名>
rolha	/ˈʁo.ʎɐ/	/ˈʁo.ʎɐ/	[ˈʁo.ʎɐ] 软木塞<名>
auditório	/aw.d͡ʒiˈtɔ.ɾju/	/aw.d͡ʒiˈtɔ.ɾju/	[aw.d͡ʒiˈtɔ.ɾju] 礼堂<名>
gêmeo	/ˈʒẽ.mju/	/ˈʒẽ.mju/	[ˈʒẽ.mju] 双胞胎<名>
vaqueiro	/vaˈke(j).ɾu/	/vaˈke(j).ɾu/	[vaˈke(j).ɾu] 牛仔<名>
alem	ˈa.lẽỹ	ˈa.lẽỹ	[ˈa.lẽỹ] 超越<名>
metálico	/meˈta.li.ku/	/meˈta.li.ku/	[meˈta.li.ku] 金属的<形>
redimir	/ʁe.d͡ʒiˈmi(ʁ)/	/ʁe.d͡ʒiˈmi(ʁ)/	[ʁe.d͡ʒiˈmi(ʁ)] 赎回<动>
barbearia	/baʁ.be.aˈɾi.ɐ/	/baʁ.be.aˈɾi.ɐ/	[baʁ.be.aˈɾi.ɐ] 理发店<名>
aflição	/a.fliˈsɐ̃w̃/	/a.fliˈsɐ̃w̃/	[a.fliˈsɐ̃w̃] 苦难<名>
minimizar	/mi.ni.miˈza(ʁ)/	/mi.ni.miˈza(ʁ)/	[mi.ni.miˈza(ʁ)] 最小化<动>
sedutor	/se.duˈtoʁ/	/se.duˈtoʁ/	[se.duˈtoʁ] 诱人的<形>
despedaçar	/des.pe.daˈsa(ʁ)/	/des.pe.daˈsa(ʁ)/	[des.pe.daˈsa(ʁ)] 撕开<动>
pioneiro	/pi.oˈne(j).ɾu/	/pi.oˈne(j).ɾu/	[pi.oˈne(j).ɾu] 先锋<名>
confiscar	/kõ.fisˈka(ʁ)/	/kõ.fisˈka(ʁ)/	[kõ.fisˈka(ʁ)] 没收<动>
talher	/taˈʎɛ(ʁ)/	/taˈʎɛ(ʁ)/	[taˈʎɛ(ʁ)] 餐具<名>
comovido	/ko.moˈvi.du/	/ko.moˈvi.du/	[ko.moˈvi.du] 搬家了<形>
gorro	/ˈɡo.ʁu/	/ˈɡo.ʁu/	[ˈɡo.ʁu] 帽子<名>
internato	/ĩ.teʁˈna.tu/	/ĩ.teʁˈna.tu/	[ĩ.teʁˈna.tu] 寄宿学校<名>
repousar	/ʁe.po(w)ˈza(ʁ)/	/ʁe.po(w)ˈza(ʁ)/	[ʁe.po(w)ˈza(ʁ)] 休息<动>
acompanhamento	a.kõ.pã.ɲa.ˈmẽ.tʊ	a.kõ.pã.ɲa.ˈmẽ.tʊ	[a.kõ.pã.ɲa.ˈmẽ.tʊ] 后续行动<名>
impróprio	/ĩˈpɾɔ.pɾju/	/ĩˈpɾɔ.pɾju/	[ĩˈpɾɔ.pɾju] 不合适的<形>
encenar	/ẽ.seˈna(ʁ)/	/ẽ.seˈna(ʁ)/	[ẽ.seˈna(ʁ)] 舞台<动>
pechincha	/peˈʃĩ.ʃɐ/	/peˈʃĩ.ʃɐ/	[peˈʃĩ.ʃɐ] 讨价还价<名>
óvulo	/ˈɔ.vu.lu/	/ˈɔ.vu.lu/	[ˈɔ.vu.lu] 卵子<名>
uci	u.ˈsi	u.ˈsi	[u.ˈsi] 乌西<名>
estímulo	/isˈt͡ʃĩ.mu.lu/	/isˈt͡ʃĩ.mu.lu/	[isˈt͡ʃĩ.mu.lu] 刺激<名>
orla	/ˈɔʁ.lɐ/	/ˈɔʁ.lɐ/	[ˈɔʁ.lɐ] 岸边<名>
calha	/ˈka.ʎɐ/	/ˈka.ʎɐ/	[ˈka.ʎɐ] 排水沟<名>
mouse	/ˈmaw.zi/	/ˈmaw.zi/	[ˈmaw.zi] 鼠标<名>
projectar	pɾo.ʒe.ˈtax	pɾo.ʒe.ˈtax	[pɾo.ʒe.ˈtax] 项目<动>
ilimitado	/i.li.miˈta.du/	/i.li.miˈta.du/	[i.li.miˈta.du] 无限<形>
induzir	/ĩ.duˈzi(ʁ)/	/ĩ.duˈzi(ʁ)/	[ĩ.duˈzi(ʁ)] 诱发<动>
forreta	/foˈʁe.tɐ/	/foˈʁe.tɐ/	[foˈʁe.tɐ] 便宜<名>
controvérsia	/kõ.tɾoˈvɛʁ.sjɐ/	/kõ.tɾoˈvɛʁ.sjɐ/	[kõ.tɾoˈvɛʁ.sjɐ] 争议<名>
pizzaria	/pit.saˈɾi.ɐ/	/pit.saˈɾi.ɐ/	[pit.saˈɾi.ɐ] 比萨店<名>
amnistia	/ɐ̃.niʃˈti.ɐ/	/ɐ̃.niʃˈti.ɐ/	[ɐ̃.niʃˈti.ɐ] 大赦<名>
publicitário	/pu.bli.siˈta.ɾju/	/pu.bli.siˈta.ɾju/	[pu.bli.siˈta.ɾju] 广告<名>
âmbar	/ˈɐ̃.bɐʁ/	/ˈɐ̃.bɐʁ/	[ˈɐ̃.bɐʁ] 琥珀色<名>
indonésio	/ĩ.doˈnɛ.zju/	/ĩ.doˈnɛ.zju/	[ĩ.doˈnɛ.zju] 印度尼西亚语<名>
montra	/ˈmõ.tɾɐ/	/ˈmõ.tɾɐ/	[ˈmõ.tɾɐ] 展示<名>
detrito	/deˈtɾi.tu/	/deˈtɾi.tu/	[deˈtɾi.tu] 碎片<名>
resort	/ʁiˈzɔʁ.t͡ʃi/	/ʁiˈzɔʁ.t͡ʃi/	[ʁiˈzɔʁ.t͡ʃi] 度假村<名>
tontura	/tõˈtu.ɾɐ/	/tõˈtu.ɾɐ/	[tõˈtu.ɾɐ] 头晕<名>
reescrever	/ʁe.es.kɾeˈve(ʁ)/	/ʁe.es.kɾeˈve(ʁ)/	[ʁe.es.kɾeˈve(ʁ)] 重写<动>
abade	/aˈba.d͡ʒi/	/aˈba.d͡ʒi/	[aˈba.d͡ʒi] 方丈<名>
desceram	de.ˈse.ɾãʊ̃	de.ˈse.ɾãʊ̃	[de.ˈse.ɾãʊ̃] 下降了<动>
abadia	/a.baˈd͡ʒi.ɐ/	/a.baˈd͡ʒi.ɐ/	[a.baˈd͡ʒi.ɐ] 修道院<名>
cumplicidade	/kũ.pli.siˈda.d͡ʒi/	/kũ.pli.siˈda.d͡ʒi/	[kũ.pli.siˈda.d͡ʒi] 同谋<名>
incontrolável	/ĩ.kõ.tɾoˈla.vew/	/ĩ.kõ.tɾoˈla.vew/	[ĩ.kõ.tɾoˈla.vew] 无法控制的<形>
vs.			与<介>
delinquente	/de.lĩˈkwẽ.t͡ʃi/	/de.lĩˈkwẽ.t͡ʃi/	[de.lĩˈkwẽ.t͡ʃi] 违法的<名>
jazer	/ʒaˈze(ʁ)/	/ʒaˈze(ʁ)/	[ʒaˈze(ʁ)] 谎言<动>
fraudar	/fɾawˈda(ʁ)/	/fɾawˈda(ʁ)/	[fɾawˈda(ʁ)] 诈骗<动>
psicose	/pi.siˈkɔ.zi/	/pi.siˈkɔ.zi/	[pi.siˈkɔ.zi] 精神病<名>
baptismo	bap.ˈtʃiz.mʊ	bap.ˈtʃiz.mʊ	[bap.ˈtʃiz.mʊ] 洗礼<名>
transformaram	tɾãs.foɣ.ˈma.ɾãʊ̃	tɾãs.foɣ.ˈma.ɾãʊ̃	[tɾãs.foɣ.ˈma.ɾãʊ̃] 转变的<动>
elevação	/e.le.vaˈsɐ̃w̃/	/e.le.vaˈsɐ̃w̃/	[e.le.vaˈsɐ̃w̃] 海拔<名>
vínculo	/ˈvĩ.ku.lu/	/ˈvĩ.ku.lu/	[ˈvĩ.ku.lu] 债券<名>
hábil	/ˈa.biw/	/ˈa.biw/	[ˈa.biw] 熟练的<形>
maquiagem	/ma.kiˈa.ʒẽj̃/	/ma.kiˈa.ʒẽj̃/	[ma.kiˈa.ʒẽj̃] 化妆<名>
venceram	vẽ.ˈse.ɾãʊ̃	vẽ.ˈse.ɾãʊ̃	[vẽ.ˈse.ɾãʊ̃] 赢了<动>
presságio	/pɾeˈsa.ʒju/	/pɾeˈsa.ʒju/	[pɾeˈsa.ʒju] 预兆<名>
subestimar	/su.bes.t͡ʃiˈma(ʁ)/	/su.bes.t͡ʃiˈma(ʁ)/	[su.bes.t͡ʃiˈma(ʁ)] 低估<动>
certeiro	/seʁˈte(j).ɾu/	/seʁˈte(j).ɾu/	[seʁˈte(j).ɾu] 准确<形>
depravado	/de.pɾaˈva.du/	/de.pɾaˈva.du/	[de.pɾaˈva.du] 堕落的<名>
cobro	/ˈko.bɾu/	/ˈko.bɾu/	[ˈko.bɾu] 我收费<名>
optimismo	/op.t͡ʃiˈmiz.mu/	/op.t͡ʃiˈmiz.mu/	[op.t͡ʃiˈmiz.mu] 乐观<名>
continuidade	/kõ.t͡ʃi.nujˈda.d͡ʒi/	/kõ.t͡ʃi.nujˈda.d͡ʒi/	[kõ.t͡ʃi.nujˈda.d͡ʒi] 连续性<名>
melancia	/me.lɐ̃ˈsi.ɐ/	/me.lɐ̃ˈsi.ɐ/	[me.lɐ̃ˈsi.ɐ] 西瓜<名>
ensopado	/ẽ.soˈpa.du/	/ẽ.soˈpa.du/	[ẽ.soˈpa.du] 炖菜<名>
peralta	/peˈɾaw.tɐ/	/peˈɾaw.tɐ/	[peˈɾaw.tɐ] 佩拉尔塔<名>
sobriedade	/so.bɾi.eˈda.d͡ʒi/	/so.bɾi.eˈda.d͡ʒi/	[so.bɾi.eˈda.d͡ʒi] 清醒<名>
espeto	/isˈpe.tu/	/isˈpe.tu/	[isˈpe.tu] 串<名>
acorrentado	/a.ko.ʁẽˈta.du/	/a.ko.ʁẽˈta.du/	[a.ko.ʁẽˈta.du] 被锁住的<形>
correria	/ko.ʁeˈɾi.ɐ/	/ko.ʁeˈɾi.ɐ/	[ko.ʁeˈɾi.ɐ] 冲<名>
contrabandista	/kõ.tɾa.bɐ̃ˈd͡ʒis.tɐ/	/kõ.tɾa.bɐ̃ˈd͡ʒis.tɐ/	[kõ.tɾa.bɐ̃ˈd͡ʒis.tɐ] 走私者<名>
adoptivo			收养的<形>
preferível	/pɾe.feˈɾi.vew/	/pɾe.feˈɾi.vew/	[pɾe.feˈɾi.vew] 优选<形>
adoraram	a.do.ˈɾa.ɾãʊ̃	a.do.ˈɾa.ɾãʊ̃	[a.do.ˈɾa.ɾãʊ̃] 喜欢它<动>
gallo			公鸡<名>
escovar	/is.koˈva(ʁ)/	/is.koˈva(ʁ)/	[is.koˈva(ʁ)] 刷子<动>
homossexualidade	/ˌõ.mo.sek.su.a.liˈda.d͡ʒi/	/ˌõ.mo.sek.su.a.liˈda.d͡ʒi/	[ˌõ.mo.sek.su.a.liˈda.d͡ʒi] 同性恋<名>
estatura	/is.taˈtu.ɾɐ/	/is.taˈtu.ɾɐ/	[is.taˈtu.ɾɐ] 高度<名>
proeza	/pɾuˈe.zɐ/	/pɾuˈe.zɐ/	[pɾuˈe.zɐ] 壮举<名>
tecla	/ˈtɛ.klɐ/	/ˈtɛ.klɐ/	[ˈtɛ.klɐ] 钥匙<名>
dorido	/doˈɾi.du/	/doˈɾi.du/	[doˈɾi.du] 酸痛<形>
sequestrador	/se.kwes.tɾaˈdoʁ/	/se.kwes.tɾaˈdoʁ/	[se.kwes.tɾaˈdoʁ] 绑匪<名>
fixação	/fik.saˈsɐ̃w̃/	/fik.saˈsɐ̃w̃/	[fik.saˈsɐ̃w̃] 固定<名>
aspirante	/as.piˈɾɐ̃.t͡ʃi/	/as.piˈɾɐ̃.t͡ʃi/	[as.piˈɾɐ̃.t͡ʃi] 有抱负的<名>
serenidade	/se.ɾe.niˈda.d͡ʒi/	/se.ɾe.niˈda.d͡ʒi/	[se.ɾe.niˈda.d͡ʒi] 宁静<名>
pétala	/ˈpɛ.ta.lɐ/	/ˈpɛ.ta.lɐ/	[ˈpɛ.ta.lɐ] 花瓣<名>
carótida	/kaˈɾɔ.t͡ʃi.dɐ/	/kaˈɾɔ.t͡ʃi.dɐ/	[kaˈɾɔ.t͡ʃi.dɐ] 颈动脉<名>
curativo	/ku.ɾaˈt͡ʃi.vu/	/ku.ɾaˈt͡ʃi.vu/	[ku.ɾaˈt͡ʃi.vu] 敷料<名>
psicologicamente	/pi.si.koˌlɔ.ʒi.kaˈmẽ.t͡ʃi/	/pi.si.koˌlɔ.ʒi.kaˈmẽ.t͡ʃi/	[pi.si.koˌlɔ.ʒi.kaˈmẽ.t͡ʃi] 心理上<副>
pretensioso	/pɾe.tẽ.siˈo.zu/	/pɾe.tẽ.siˈo.zu/	[pɾe.tẽ.siˈo.zu] 自命不凡的<形>
tranquilamente	/tɾɐ̃ˌkwi.laˈmẽ.t͡ʃi/	/tɾɐ̃ˌkwi.laˈmẽ.t͡ʃi/	[tɾɐ̃ˌkwi.laˈmẽ.t͡ʃi] 静静地<副>
cupão	/kuˈpɐ̃w̃/	/kuˈpɐ̃w̃/	[kuˈpɐ̃w̃] 优惠券<名>
charlatão	/ʃaʁ.laˈtɐ̃w̃/	/ʃaʁ.laˈtɐ̃w̃/	[ʃaʁ.laˈtɐ̃w̃] 江湖骗子<名>
torrente	/toˈʁẽ.t͡ʃi/	/toˈʁẽ.t͡ʃi/	[toˈʁẽ.t͡ʃi] 激流<名>
repor	/ʁeˈpoʁ/	/ʁeˈpoʁ/	[ʁeˈpoʁ] 重置<动>
dinamarquês	/d͡ʒi.na.maʁˈke(j)s/	/d͡ʒi.na.maʁˈke(j)s/	[d͡ʒi.na.maʁˈke(j)s] 丹麦语<名>
respeitosamente	/ʁes.pejˌtɔ.zaˈmẽ.t͡ʃi/	/ʁes.pejˌtɔ.zaˈmẽ.t͡ʃi/	[ʁes.pejˌtɔ.zaˈmẽ.t͡ʃi] 恭敬地<副>
críquete	/ˈkɾi.ke.t͡ʃi/	/ˈkɾi.ke.t͡ʃi/	[ˈkɾi.ke.t͡ʃi] 板球<名>
eficácia	/e.fiˈka.sjɐ/	/e.fiˈka.sjɐ/	[e.fiˈka.sjɐ] 有效性<名>
pediatria	/pe.d͡ʒi.aˈtɾi.ɐ/	/pe.d͡ʒi.aˈtɾi.ɐ/	[pe.d͡ʒi.aˈtɾi.ɐ] 儿科<名>
cidadania	/si.da.daˈni.ɐ/	/si.da.daˈni.ɐ/	[si.da.daˈni.ɐ] 公民身份<名>
tática	/ˈta.t͡ʃi.kɐ/	/ˈta.t͡ʃi.kɐ/	[ˈta.t͡ʃi.kɐ] 战术<名>
emblema	/ẽˈblẽ.mɐ/	/ẽˈblẽ.mɐ/	[ẽˈblẽ.mɐ] 徽章<名>
estimular	/is.t͡ʃi.muˈla(ʁ)/	/is.t͡ʃi.muˈla(ʁ)/	[is.t͡ʃi.muˈla(ʁ)] 刺激<动>
lazer	/laˈzeʁ/	/laˈzeʁ/	[laˈzeʁ] 休闲<名>
ápice	/ˈa.pi.si/	/ˈa.pi.si/	[ˈa.pi.si] 顶点<名>
loção	/loˈsɐ̃w̃/	/loˈsɐ̃w̃/	[loˈsɐ̃w̃] 乳液<名>
usual	/u.zuˈaw/	/u.zuˈaw/	[u.zuˈaw] 平常<形>
prestável	/pɾesˈta.vew/	/pɾesˈta.vew/	[pɾesˈta.vew] 有帮助的<形>
apreciado	/a.pɾe.siˈa.du/	/a.pɾe.siˈa.du/	[a.pɾe.siˈa.du] 赞赏<形>
vocal	/voˈkaw/	/voˈkaw/	[voˈkaw] 声乐<名>
silenciar	/si.lẽ.siˈa(ʁ)/	/si.lẽ.siˈa(ʁ)/	[si.lẽ.siˈa(ʁ)] 沉默<动>
sina	/ˈsĩ.nɐ/	/ˈsĩ.nɐ/	[ˈsĩ.nɐ] 命运<名>
ayo			阿约<名>
tique	/ˈt͡ʃi.ki/	/ˈt͡ʃi.ki/	[ˈt͡ʃi.ki] 勾选<名>
palestrar	/pa.lesˈtɾa(ʁ)/	/pa.lesˈtɾa(ʁ)/	[pa.lesˈtɾa(ʁ)] 讲座<动>
rapar	/ʁaˈpa(ʁ)/	/ʁaˈpa(ʁ)/	[ʁaˈpa(ʁ)] 刮胡子<动>
incorrecto	ĩ.ko.ˈxɛ.tʊ	ĩ.ko.ˈxɛ.tʊ	[ĩ.ko.ˈxɛ.tʊ] 不正确<形>
heroísmo	/e.ɾoˈiz.mu/	/e.ɾoˈiz.mu/	[e.ɾoˈiz.mu] 英雄主义<名>
limusine	/li.muˈzĩ.ni/	/li.muˈzĩ.ni/	[li.muˈzĩ.ni] 豪华轿车<名>
ágil	/ˈa.ʒiw/	/ˈa.ʒiw/	[ˈa.ʒiw] 敏捷的<形>
baptizado	bap.tʃi.ˈza.dʊ	bap.tʃi.ˈza.dʊ	[bap.tʃi.ˈza.dʊ] 洗礼<名>
florestal	/flo.ɾesˈtaw/	/flo.ɾesˈtaw/	[flo.ɾesˈtaw] 林业<形>
tsunami	/tsuˈnɐ̃.mi/	/tsuˈnɐ̃.mi/	[tsuˈnɐ̃.mi] 海啸<名>
alicate	/a.liˈka.t͡ʃi/	/a.liˈka.t͡ʃi/	[a.liˈka.t͡ʃi] 钳子<名>
paparazzi	/pa.paˈɾat.zi/	/pa.paˈɾat.zi/	[pa.paˈɾat.zi] 狗仔队<名>
inspectora			检查员<名>
salpico	/sawˈpi.ku/	/sawˈpi.ku/	[sawˈpi.ku] 飞溅<名>
posar	/poˈza(ʁ)/	/poˈza(ʁ)/	[poˈza(ʁ)] 姿势<动>
atormentar	/aˈtoʁ.mẽ.tɐʁ/	/aˈtoʁ.mẽ.tɐʁ/	[aˈtoʁ.mẽ.tɐʁ] 折磨<动>
relacionar	/ʁe.la.si.oˈna(ʁ)/	/ʁe.la.si.oˈna(ʁ)/	[ʁe.la.si.oˈna(ʁ)] 关联<动>
live	/ˈlaj.vi/	/ˈlaj.vi/	[ˈlaj.vi] 直播<名>
sorteio	/soʁˈtej.u/	/soʁˈtej.u/	[soʁˈtej.u] 画<名>
patologia	/pa.to.loˈʒi.ɐ/	/pa.to.loˈʒi.ɐ/	[pa.to.loˈʒi.ɐ] 病理学<名>
sublime	/suˈblĩ.mi/	/suˈblĩ.mi/	[suˈblĩ.mi] 崇高的<名>
sebo	/ˈse.bu/	/ˈse.bu/	[ˈse.bu] 牛脂<名>
solene	/soˈlẽ.ni/	/soˈlẽ.ni/	[soˈlẽ.ni] 庄严<形>
hélice	/ˈɛ.li.si/	/ˈɛ.li.si/	[ˈɛ.li.si] 螺旋桨<名>
floco	/ˈflɔ.ku/	/ˈflɔ.ku/	[ˈflɔ.ku] 片状<名>
comodoro	/ko.moˈdɔ.ɾu/	/ko.moˈdɔ.ɾu/	[ko.moˈdɔ.ɾu] 准将<名>
propina	/pɾoˈpĩ.nɐ/	/pɾoˈpĩ.nɐ/	[pɾoˈpĩ.nɐ] 贿赂<名>
éden	/ˈɛ.dẽj̃/	/ˈɛ.dẽj̃/	[ˈɛ.dẽj̃] 伊甸园<名>
fundar	/fũˈda(ʁ)/	/fũˈda(ʁ)/	[fũˈda(ʁ)] 发现<动>
planearam	pla.ni.ˈa.ɾãʊ̃	pla.ni.ˈa.ɾãʊ̃	[pla.ni.ˈa.ɾãʊ̃] 计划中的<动>
conversação	/kõ.veʁ.saˈsɐ̃w̃/	/kõ.veʁ.saˈsɐ̃w̃/	[kõ.veʁ.saˈsɐ̃w̃] 谈话<名>
mundialmente	/mũ.d͡ʒiˌawˈmẽ.t͡ʃi/	/mũ.d͡ʒiˌawˈmẽ.t͡ʃi/	[mũ.d͡ʒiˌawˈmẽ.t͡ʃi] 全世界<副>
imunitário	/i.mu.niˈta.ɾju/	/i.mu.niˈta.ɾju/	[i.mu.niˈta.ɾju] 免疫<形>
cancelaram	kã.se.ˈla.ɾãʊ̃	kã.se.ˈla.ɾãʊ̃	[kã.se.ˈla.ɾãʊ̃] 取消<动>
templário	/tẽˈpla.ɾju/	/tẽˈpla.ɾju/	[tẽˈpla.ɾju] 圣堂武士<名>
omeleta	/o.meˈle.tɐ/	/o.meˈle.tɐ/	[o.meˈle.tɐ] 煎蛋卷<名>
carimbo	/kaˈɾĩ.bu/	/kaˈɾĩ.bu/	[kaˈɾĩ.bu] 邮票<名>
hurra	/ˈu.ʁɐ/	/ˈu.ʁɐ/	[ˈu.ʁɐ] 欢呼<叹>
quiz	/ˈkwis/	/ˈkwis/	[ˈkwis] 测验<名>
clemente	/kleˈmẽ.t͡ʃi/	/kleˈmẽ.t͡ʃi/	[kleˈmẽ.t͡ʃi] 克莱门特<形>
calmante	/kawˈmɐ̃.t͡ʃi/	/kawˈmɐ̃.t͡ʃi/	[kawˈmɐ̃.t͡ʃi] 镇静<名>
capricho	/kaˈpɾi.ʃu/	/kaˈpɾi.ʃu/	[kaˈpɾi.ʃu] 一时兴起<名>
codificar	/ko.d͡ʒi.fiˈka(ʁ)/	/ko.d͡ʒi.fiˈka(ʁ)/	[ko.d͡ʒi.fiˈka(ʁ)] 代码<动>
largada	/laʁˈɡa.dɐ/	/laʁˈɡa.dɐ/	[laʁˈɡa.dɐ] 开始<名>
tintim	/t͡ʃĩˈt͡ʃĩ/	/t͡ʃĩˈt͡ʃĩ/	[t͡ʃĩˈt͡ʃĩ] 丁丁<叹>
maleta	/maˈle.tɐ/	/maˈle.tɐ/	[maˈle.tɐ] 公文包<名>
notificação	/no.t͡ʃi.fi.kaˈsɐ̃w̃/	/no.t͡ʃi.fi.kaˈsɐ̃w̃/	[no.t͡ʃi.fi.kaˈsɐ̃w̃] 通知<名>
tea	ˈtɪ.ə	ˈtɪ.ə	[ˈtɪ.ə] 茶<名>
travessura	/tɾa.veˈsu.ɾɐ/	/tɾa.veˈsu.ɾɐ/	[tɾa.veˈsu.ɾɐ] 恶作剧<名>
cervical	/seʁ.viˈkaw/	/seʁ.viˈkaw/	[seʁ.viˈkaw] 颈椎<名>
full	/ˈfuw/	/ˈfuw/	[ˈfuw] 满<副>
laptop	/ˌlɛ.piˈtɔ.pi/	/ˌlɛ.piˈtɔ.pi/	[ˌlɛ.piˈtɔ.pi] 笔记本电脑<名>
pink			粉红色<名>
amish	/ˈa.mi.ʃi/	/ˈa.mi.ʃi/	[ˈa.mi.ʃi] 阿米什人<名>
coordenação	/ko.oʁ.de.naˈsɐ̃w̃/	/ko.oʁ.de.naˈsɐ̃w̃/	[ko.oʁ.de.naˈsɐ̃w̃] 协调<名>
ténue	/ˈtɛ.nwɨ/	/ˈtɛ.nwɨ/	[ˈtɛ.nwɨ] 脆弱的<形>
habilidoso	/a.bi.liˈdo.zu/	/a.bi.liˈdo.zu/	[a.bi.liˈdo.zu] 熟练的<形>
pélvis	/ˈpɛw.vis/	/ˈpɛw.vis/	[ˈpɛw.vis] 骨盆<名>
make	/ˈmej.ki/	/ˈmej.ki/	[ˈmej.ki] 化妆<名>
zeta	/ˈzɛ.tɐ/	/ˈzɛ.tɐ/	[ˈzɛ.tɐ] 泽塔<名>
cupcake	/ku.piˈkej.ki/	/ku.piˈkej.ki/	[ku.piˈkej.ki] 纸杯蛋糕<名>
signo	/ˈsi.ɡi.nu/	/ˈsi.ɡi.nu/	[ˈsi.ɡi.nu] 标志<名>
moralmente	/moˌɾawˈmẽ.t͡ʃi/	/moˌɾawˈmẽ.t͡ʃi/	[moˌɾawˈmẽ.t͡ʃi] 道德上<副>
simplicidade	/sĩ.pli.siˈda.d͡ʒi/	/sĩ.pli.siˈda.d͡ʒi/	[sĩ.pli.siˈda.d͡ʒi] 简单<名>
produtivo	/pɾo.duˈt͡ʃi.vu/	/pɾo.duˈt͡ʃi.vu/	[pɾo.duˈt͡ʃi.vu] 富有成效的<形>
explodiram	es.plo.ˈdʒi.ɾãʊ̃	es.plo.ˈdʒi.ɾãʊ̃	[es.plo.ˈdʒi.ɾãʊ̃] 爆炸了<动>
valete	/vaˈlɛ.t͡ʃi/	/vaˈlɛ.t͡ʃi/	[vaˈlɛ.t͡ʃi] 代客泊车<名>
recém-nascido	/ʁeˌsẽj̃.naˈsi.du/	/ʁeˌsẽj̃.naˈsi.du/	[ʁeˌsẽj̃.naˈsi.du] 新生儿<名>
emir	/eˈmiʁ/	/eˈmiʁ/	[eˈmiʁ] 埃米尔<名>
canguru	/kɐ̃.ɡuˈɾu/	/kɐ̃.ɡuˈɾu/	[kɐ̃.ɡuˈɾu] 袋鼠<名>
afortunado	/a.foʁ.tuˈna.du/	/a.foʁ.tuˈna.du/	[a.foʁ.tuˈna.du] 幸运的<名>
ventoinha	/vẽ.toˈĩ.ɲɐ/	/vẽ.toˈĩ.ɲɐ/	[vẽ.toˈĩ.ɲɐ] 风扇<名>
detestável	/de.tesˈta.vew/	/de.tesˈta.vew/	[de.tesˈta.vew] 可憎的<形>
desprevenido	/des.pɾe.veˈni.du/	/des.pɾe.veˈni.du/	[des.pɾe.veˈni.du] 措手不及<形>
inspeção	/ĩs.peˈsɐ̃w̃/	/ĩs.peˈsɐ̃w̃/	[ĩs.peˈsɐ̃w̃] 检查<名>
escoltar	/is.kowˈta(ʁ)/	/is.kowˈta(ʁ)/	[is.kowˈta(ʁ)] 护送<动>
devastar	/de.vasˈta(ʁ)/	/de.vasˈta(ʁ)/	[de.vasˈta(ʁ)] 毁灭<动>
lancha	/ˈlɐ̃.ʃɐ/	/ˈlɐ̃.ʃɐ/	[ˈlɐ̃.ʃɐ] 快艇<名>
espessura	/is.peˈsu.ɾɐ/	/is.peˈsu.ɾɐ/	[is.peˈsu.ɾɐ] 厚度<名>
tagarelar	/ta.ɡa.ɾeˈla(ʁ)/	/ta.ɡa.ɾeˈla(ʁ)/	[ta.ɡa.ɾeˈla(ʁ)] 喋喋不休<动>
otimista	/o.t͡ʃiˈmis.tɐ/	/o.t͡ʃiˈmis.tɐ/	[o.t͡ʃiˈmis.tɐ] 乐观的<名>
nana	/ˈnɐ̃.nɐ/	/ˈnɐ̃.nɐ/	[ˈnɐ̃.nɐ] 娜娜<名>
pincel	/pĩˈsɛw/	/pĩˈsɛw/	[pĩˈsɛw] 刷子<名>
gavião	/ɡa.viˈɐ̃w̃/	/ɡa.viˈɐ̃w̃/	[ɡa.viˈɐ̃w̃] 鹰<名>
radiologia	/ˌʁa.d͡ʒi.o.loˈʒi.ɐ/	/ˌʁa.d͡ʒi.o.loˈʒi.ɐ/	[ˌʁa.d͡ʒi.o.loˈʒi.ɐ] 放射学<名>
inflação	/ĩ.flaˈsɐ̃w̃/	/ĩ.flaˈsɐ̃w̃/	[ĩ.flaˈsɐ̃w̃] 通货膨胀<名>
provérbio	/pɾoˈvɛʁ.bju/	/pɾoˈvɛʁ.bju/	[pɾoˈvɛʁ.bju] 谚语<名>
bibliotecário	/bi.bli.o.teˈka.ɾju/	/bi.bli.o.teˈka.ɾju/	[bi.bli.o.teˈka.ɾju] 图书管理员<名>
traça	/ˈtɾa.sɐ/	/ˈtɾa.sɐ/	[ˈtɾa.sɐ] 飞蛾<名>
pitada	pi.ˈta.də	pi.ˈta.də	[pi.ˈta.də] 捏<名>
pomada	/puˈma.dɐ/	/puˈma.dɐ/	[puˈma.dɐ] 软膏<名>
ginecologista	/ʒi.ne.ko.loˈʒis.tɐ/	/ʒi.ne.ko.loˈʒis.tɐ/	[ʒi.ne.ko.loˈʒis.tɐ] 妇科医生<名>
desviado	/dez.viˈa.du/	/dez.viˈa.du/	[dez.viˈa.du] 改道<形>
pombinho	/põˈbĩ.ɲu/	/põˈbĩ.ɲu/	[põˈbĩ.ɲu] 爱情鸟<名>
trivial	/tɾi.viˈaw/	/tɾi.viˈaw/	[tɾi.viˈaw] 微不足道的<名>
retro	/ˈʁe.tɾu/	/ˈʁe.tɾu/	[ˈʁe.tɾu] 复古<形>
arquiteto	/aʁ.kiˈtɛ.tu/	/aʁ.kiˈtɛ.tu/	[aʁ.kiˈtɛ.tu] 建筑师<名>
babilónio	/bɐ.biˈlɔ.nju/	/bɐ.biˈlɔ.nju/	[bɐ.biˈlɔ.nju] 巴比伦人<形>
desrespeitar	/dez.ʁes.pejˈta(ʁ)/	/dez.ʁes.pejˈta(ʁ)/	[dez.ʁes.pejˈta(ʁ)] 不尊重<动>
teatral	/te.aˈtɾaw/	/te.aˈtɾaw/	[te.aˈtɾaw] 戏剧性的<形>
ferro-velho	/ˌfɛ.ʁuˈvɛ.ʎu/	/ˌfɛ.ʁuˈvɛ.ʎu/	[ˌfɛ.ʁuˈvɛ.ʎu] 垃圾场<名>
sanatório	/sa.naˈtɔ.ɾju/	/sa.naˈtɔ.ɾju/	[sa.naˈtɔ.ɾju] 疗养院<名>
limiar	/li.miˈa(ʁ)/	/li.miˈa(ʁ)/	[li.miˈa(ʁ)] 阈值<名>
magnata	/ma.ɡiˈna.tɐ/	/ma.ɡiˈna.tɐ/	[ma.ɡiˈna.tɐ] 大亨<名>
consenso	/kõˈsẽ.su/	/kõˈsẽ.su/	[kõˈsẽ.su] 共识<名>
fusível	/fuˈzi.vew/	/fuˈzi.vew/	[fuˈzi.vew] 保险丝<名>
intimidação	/ĩ.t͡ʃi.mi.daˈsɐ̃w̃/	/ĩ.t͡ʃi.mi.daˈsɐ̃w̃/	[ĩ.t͡ʃi.mi.daˈsɐ̃w̃] 恐吓<名>
salina	/saˈlĩ.nɐ/	/saˈlĩ.nɐ/	[saˈlĩ.nɐ] 生理盐水<名>
somar	/soˈma(ʁ)/	/soˈma(ʁ)/	[soˈma(ʁ)] 添加<动>
traqueia	/tɾaˈkɛj.ɐ/	/tɾaˈkɛj.ɐ/	[tɾaˈkɛj.ɐ] 气管<名>
telefonaram			被称为<动>
pretendente	/pɾe.tẽˈdẽ.t͡ʃi/	/pɾe.tẽˈdẽ.t͡ʃi/	[pɾe.tẽˈdẽ.t͡ʃi] 追求者<名>
monstruoso	/mõs.tɾuˈo.zu/	/mõs.tɾuˈo.zu/	[mõs.tɾuˈo.zu] 可怕的<形>
inválido	/ĩˈva.li.du/	/ĩˈva.li.du/	[ĩˈva.li.du] 无效<名>
potável	/poˈta.vew/	/poˈta.vew/	[poˈta.vew] 可以饮用的<形>
autoclismo	/ˌaw.tɔˈkliʒ.mu/	/ˌaw.tɔˈkliʒ.mu/	[ˌaw.tɔˈkliʒ.mu] 抽水马桶<名>
trajecto	tɾa.ˈʒɛ.tʊ	tɾa.ˈʒɛ.tʊ	[tɾa.ˈʒɛ.tʊ] 路线<名>
alpes	/ˈaw.pis/	/ˈaw.pis/	[ˈaw.pis] 阿尔卑斯山<名>
neblina	/neˈblĩ.nɐ/	/neˈblĩ.nɐ/	[neˈblĩ.nɐ] 雾<名>
esmola	/izˈmɔ.lɐ/	/izˈmɔ.lɐ/	[izˈmɔ.lɐ] 施舍<名>
retaliar	/ʁe.ta.liˈa(ʁ)/	/ʁe.ta.liˈa(ʁ)/	[ʁe.ta.liˈa(ʁ)] 报复<动>
aplicado	/a.pliˈka.du/	/a.pliˈka.du/	[a.pliˈka.du] 应用<形>
nicotina	/ni.koˈt͡ʃĩ.nɐ/	/ni.koˈt͡ʃĩ.nɐ/	[ni.koˈt͡ʃĩ.nɐ] 尼古丁<名>
delirante	/de.liˈɾɐ̃.t͡ʃi/	/de.liˈɾɐ̃.t͡ʃi/	[de.liˈɾɐ̃.t͡ʃi] 妄想的<形>
documentar	/do.ku.mẽˈta(ʁ)/	/do.ku.mẽˈta(ʁ)/	[do.ku.mẽˈta(ʁ)] 文件<动>
irreal	/i.ʁeˈaw/	/i.ʁeˈaw/	[i.ʁeˈaw] 不真实的<形>
ventricular	/vẽ.tɾi.kuˈlaʁ/	/vẽ.tɾi.kuˈlaʁ/	[vẽ.tɾi.kuˈlaʁ] 心室<形>
sinfonia	/sĩ.foˈni.ɐ/	/sĩ.foˈni.ɐ/	[sĩ.foˈni.ɐ] 交响乐<名>
drenar	/dɾeˈna(ʁ)/	/dɾeˈna(ʁ)/	[dɾeˈna(ʁ)] 排水管<动>
indispensável	/ĩ.d͡ʒis.pẽˈsa.vew/	/ĩ.d͡ʒis.pẽˈsa.vew/	[ĩ.d͡ʒis.pẽˈsa.vew] 不可或缺的<形>
literal	/li.teˈɾaw/	/li.teˈɾaw/	[li.teˈɾaw] 字面意思<名>
comitiva	/ko.miˈt͡ʃi.vɐ/	/ko.miˈt͡ʃi.vɐ/	[ko.miˈt͡ʃi.vɐ] 随行人员<名>
votaram	vo.ˈta.ɾãʊ̃	vo.ˈta.ɾãʊ̃	[vo.ˈta.ɾãʊ̃] 投票了<动>
alegremente	/aˌlɛ.ɡɾiˈmẽ.t͡ʃi/	/aˌlɛ.ɡɾiˈmẽ.t͡ʃi/	[aˌlɛ.ɡɾiˈmẽ.t͡ʃi] 高兴地<副>
bipolar	/bi.poˈlaʁ/	/bi.poˈlaʁ/	[bi.poˈlaʁ] 双极性<形>
quarteto	/kwaʁˈte.tu/	/kwaʁˈte.tu/	[kwaʁˈte.tu] 四重奏<名>
coxo	/ˈko.ʃu/	/ˈko.ʃu/	[ˈko.ʃu] 跛脚的<形>
mão-de-obra			劳工<名>
tiara	/t͡ʃiˈa.ɾɐ/	/t͡ʃiˈa.ɾɐ/	[t͡ʃiˈa.ɾɐ] 皇冠<名>
simbólico	/sĩˈbɔ.li.ku/	/sĩˈbɔ.li.ku/	[sĩˈbɔ.li.ku] 象征性的<形>
península	/peˈnĩ.su.lɐ/	/peˈnĩ.su.lɐ/	[peˈnĩ.su.lɐ] 半岛<名>
brócolos	/ˈbɾɔ.ku.luʃ/	/ˈbɾɔ.ku.luʃ/	[ˈbɾɔ.ku.luʃ] 西兰花<名>
patriotismo	/pa.tɾi.oˈt͡ʃiz.mu/	/pa.tɾi.oˈt͡ʃiz.mu/	[pa.tɾi.oˈt͡ʃiz.mu] 爱国主义<名>
ocasional	/o.ka.zi.oˈnaw/	/o.ka.zi.oˈnaw/	[o.ka.zi.oˈnaw] 偶尔的<形>
glaciar	/ɡla.siˈa(ʁ)/	/ɡla.siˈa(ʁ)/	[ɡla.siˈa(ʁ)] 冰川<名>
babaca	/baˈba.kɐ/	/baˈba.kɐ/	[baˈba.kɐ] 混蛋<名>
unânime	/uˈnɐ̃.ni.mi/	/uˈnɐ̃.ni.mi/	[uˈnɐ̃.ni.mi] 一致的<形>
rivalidade	/ʁi.va.liˈda.d͡ʒi/	/ʁi.va.liˈda.d͡ʒi/	[ʁi.va.liˈda.d͡ʒi] 竞争<名>
líbio	/ˈli.bju/	/ˈli.bju/	[ˈli.bju] 利比亚人<名>
banha	/ˈbɐ̃.ɲɐ/	/ˈbɐ̃.ɲɐ/	[ˈbɐ̃.ɲɐ] 猪油<名>
adoção	/a.doˈsɐ̃w̃/	/a.doˈsɐ̃w̃/	[a.doˈsɐ̃w̃] 收养<名>
micróbio	/miˈkɾɔ.bju/	/miˈkɾɔ.bju/	[miˈkɾɔ.bju] 微生物<名>
modificado	/mo.d͡ʒi.fiˈka.du/	/mo.d͡ʒi.fiˈka.du/	[mo.d͡ʒi.fiˈka.du] 修改过的<形>
conserto	/kõˈseʁ.tu/	/kõˈseʁ.tu/	[kõˈseʁ.tu] 修理<名>
decadência	/de.kaˈdẽ.sjɐ/	/de.kaˈdẽ.sjɐ/	[de.kaˈdẽ.sjɐ] 颓废<名>
incondicional	/ĩ.kõ.d͡ʒi.si.oˈnaw/	/ĩ.kõ.d͡ʒi.si.oˈnaw/	[ĩ.kõ.d͡ʒi.si.oˈnaw] 铁杆<形>
prognóstico	/pɾɔɡˈnɔʃ.ti.ku/	/pɾɔɡˈnɔʃ.ti.ku/	[pɾɔɡˈnɔʃ.ti.ku] 预后<名>
pornográfico	/poʁ.noˈɡɾa.fi.ku/	/poʁ.noˈɡɾa.fi.ku/	[poʁ.noˈɡɾa.fi.ku] 色情的<形>
perseguida	/peʁ.seˈɡi.dɐ/	/peʁ.seˈɡi.dɐ/	[peʁ.seˈɡi.dɐ] 受迫害的<名>
hérnia	/ˈɛʁ.njɐ/	/ˈɛʁ.njɐ/	[ˈɛʁ.njɐ] 疝气<名>
quilate	/kiˈla.t͡ʃi/	/kiˈla.t͡ʃi/	[kiˈla.t͡ʃi] 克拉<名>
decepcionar	/de.sep.si.oˈna(ʁ)/	/de.sep.si.oˈna(ʁ)/	[de.sep.si.oˈna(ʁ)] 失望<动>
ultimato	/uw.t͡ʃiˈma.tu/	/uw.t͡ʃiˈma.tu/	[uw.t͡ʃiˈma.tu] 最后通牒<名>
lácteo	/ˈlak.t͡ʃju/	/ˈlak.t͡ʃju/	[ˈlak.t͡ʃju] 乳制品<形>
escorrer	/is.koˈʁe(ʁ)/	/is.koˈʁe(ʁ)/	[is.koˈʁe(ʁ)] 流量<动>
hindu	/ĩˈdu/	/ĩˈdu/	[ĩˈdu] 印度教<形>
brunch	/ˈbɾɐ̃.t͡ʃi/	/ˈbɾɐ̃.t͡ʃi/	[ˈbɾɐ̃.t͡ʃi] 早午餐<名>
calçada	/kawˈsa.dɐ/	/kawˈsa.dɐ/	[kawˈsa.dɐ] 人行道<名>
truta	/ˈtɾu.tɐ/	/ˈtɾu.tɐ/	[ˈtɾu.tɐ] 鳟鱼<名>
rapper			说唱歌手<名>
existiram	e.ziʃ.ˈtʃi.ɾãʊ̃	e.ziʃ.ˈtʃi.ɾãʊ̃	[e.ziʃ.ˈtʃi.ɾãʊ̃] 存在过<动>
integrar	/ĩ.teˈɡɾa(ʁ)/	/ĩ.teˈɡɾa(ʁ)/	[ĩ.teˈɡɾa(ʁ)] 整合<动>
esgotar	/iz.ɡoˈta(ʁ)/	/iz.ɡoˈta(ʁ)/	[iz.ɡoˈta(ʁ)] 用完<动>
mensal	/mẽˈsaw/	/mẽˈsaw/	[mẽˈsaw] 每月<形>
escassez	/is.kaˈse(j)s/	/is.kaˈse(j)s/	[is.kaˈse(j)s] 稀缺性<名>
rebento	/ʁeˈbẽ.tu/	/ʁeˈbẽ.tu/	[ʁeˈbẽ.tu] 发芽<名>
sésamo	/ˈsɛ.za.mu/	/ˈsɛ.za.mu/	[ˈsɛ.za.mu] 芝麻<名>
merecedor	/me.ɾe.seˈdoʁ/	/me.ɾe.seˈdoʁ/	[me.ɾe.seˈdoʁ] 应得的<形>
pêras	ˈpe.ɾəs	ˈpe.ɾəs	[ˈpe.ɾəs] 梨<名>
observatório	/ob.seʁ.vaˈtɔ.ɾju/	/ob.seʁ.vaˈtɔ.ɾju/	[ob.seʁ.vaˈtɔ.ɾju] 天文台<名>
doutrina	/do(w)ˈtɾĩ.nɐ/	/do(w)ˈtɾĩ.nɐ/	[do(w)ˈtɾĩ.nɐ] 学说<名>
apressado	/a.pɾeˈsa.du/	/a.pɾeˈsa.du/	[a.pɾeˈsa.du] 匆忙<形>
bombear	/bõ.biˈa(ʁ)/	/bõ.biˈa(ʁ)/	[bõ.biˈa(ʁ)] 泵<动>
película	/peˈli.ku.lɐ/	/peˈli.ku.lɐ/	[peˈli.ku.lɐ] 电影<名>
pegajoso	/pe.ɡaˈʒo.zu/	/pe.ɡaˈʒo.zu/	[pe.ɡaˈʒo.zu] 粘性的<形>
veterinária	/ve.te.ɾiˈna.ɾjɐ/	/ve.te.ɾiˈna.ɾjɐ/	[ve.te.ɾiˈna.ɾjɐ] 兽医的<名>
erótico	/eˈɾɔ.t͡ʃi.ku/	/eˈɾɔ.t͡ʃi.ku/	[eˈɾɔ.t͡ʃi.ku] 色情的<形>
indígena	/ĩˈd͡ʒi.ʒe.nɐ/	/ĩˈd͡ʒi.ʒe.nɐ/	[ĩˈd͡ʒi.ʒe.nɐ] 土著<名>
refinaria	/ʁe.fi.naˈɾi.ɐ/	/ʁe.fi.naˈɾi.ɐ/	[ʁe.fi.naˈɾi.ɐ] 炼油厂<名>
metabolismo	/me.ta.boˈliz.mu/	/me.ta.boˈliz.mu/	[me.ta.boˈliz.mu] 新陈代谢<名>
colônia	/koˈlõ.njɐ/	/koˈlõ.njɐ/	[koˈlõ.njɐ] 殖民地<名>
suplicar	/su.pliˈka(ʁ)/	/su.pliˈka(ʁ)/	[su.pliˈka(ʁ)] 乞求<动>
marshmallow	/ˌmaʁ.ʃiˈmɛ.lo(w)/	/ˌmaʁ.ʃiˈmɛ.lo(w)/	[ˌmaʁ.ʃiˈmɛ.lo(w)] 棉花糖<名>
inexperiente	/i.nes.pe.ɾiˈẽ.t͡ʃi/	/i.nes.pe.ɾiˈẽ.t͡ʃi/	[i.nes.pe.ɾiˈẽ.t͡ʃi] 缺乏经验的<形>
assaltaram	a.saw.ˈta.ɾãʊ̃	a.saw.ˈta.ɾãʊ̃	[a.saw.ˈta.ɾãʊ̃] 被抢劫<动>
finalizar	/fi.na.liˈza(ʁ)/	/fi.na.liˈza(ʁ)/	[fi.na.liˈza(ʁ)] 完成<动>
licenciado	/li.sẽ.siˈa.du/	/li.sẽ.siˈa.du/	[li.sẽ.siˈa.du] 许可的<名>
espesso	/isˈpe.su/	/isˈpe.su/	[isˈpe.su] 厚<形>
assessor	/a.seˈsoʁ/	/a.seˈsoʁ/	[a.seˈsoʁ] 顾问<名>
vingador	/vĩ.ɡaˈdoʁ/	/vĩ.ɡaˈdoʁ/	[vĩ.ɡaˈdoʁ] 复仇者<名>
trapaceiro	/tɾa.paˈse(j).ɾu/	/tɾa.paˈse(j).ɾu/	[tɾa.paˈse(j).ɾu] 骗子<名>
gee			哎呀<名>
embuste	/ẽˈbus.t͡ʃi/	/ẽˈbus.t͡ʃi/	[ẽˈbus.t͡ʃi] 骗局<名>
junção	/ʒũˈsɐ̃w̃/	/ʒũˈsɐ̃w̃/	[ʒũˈsɐ̃w̃] 交界处<名>
apresentaram	/a.pɾe.zẽˈta.ɾɐ̃w̃/	/a.pɾe.zẽˈta.ɾɐ̃w̃/	[a.pɾe.zẽˈta.ɾɐ̃w̃] 提出<动>
vórtice	/ˈvɔʁ.t͡ʃi.si/	/ˈvɔʁ.t͡ʃi.si/	[ˈvɔʁ.t͡ʃi.si] 涡流<名>
manchar	/mɐ̃ˈʃa(ʁ)/	/mɐ̃ˈʃa(ʁ)/	[mɐ̃ˈʃa(ʁ)] 失去光泽<动>
textura	/tesˈtu.ɾɐ/	/tesˈtu.ɾɐ/	[tesˈtu.ɾɐ] 纹理<名>
horta	/ˈɔʁ.tɐ/	/ˈɔʁ.tɐ/	[ˈɔʁ.tɐ] 菜园<名>
dianteira	/d͡ʒi.ɐ̃ˈte(j).ɾɐ/	/d͡ʒi.ɐ̃ˈte(j).ɾɐ/	[d͡ʒi.ɐ̃ˈte(j).ɾɐ] 前面<名>
laceração	/la.se.ɾaˈsɐ̃w̃/	/la.se.ɾaˈsɐ̃w̃/	[la.se.ɾaˈsɐ̃w̃] 撕裂伤<名>
escapatória	/is.ka.paˈtɔ.ɾjɐ/	/is.ka.paˈtɔ.ɾjɐ/	[is.ka.paˈtɔ.ɾjɐ] 逃脱<名>
anticorpo	/ˌɐ̃.t͡ʃiˈkoʁ.pu/	/ˌɐ̃.t͡ʃiˈkoʁ.pu/	[ˌɐ̃.t͡ʃiˈkoʁ.pu] 抗体<名>
alcatrão	/aw.kaˈtɾɐ̃w̃/	/aw.kaˈtɾɐ̃w̃/	[aw.kaˈtɾɐ̃w̃] 焦油<名>
arar	/aˈɾa(ʁ)/	/aˈɾa(ʁ)/	[aˈɾa(ʁ)] 犁<动>
maternal	/ma.teʁˈnaw/	/ma.teʁˈnaw/	[ma.teʁˈnaw] 母亲的<名>
envelhecimento	/ẽ.ve.ʎe.siˈmẽ.tu/	/ẽ.ve.ʎe.siˈmẽ.tu/	[ẽ.ve.ʎe.siˈmẽ.tu] 老化<名>
esforçado	/is.foʁˈsa.du/	/is.foʁˈsa.du/	[is.foʁˈsa.du] 勤劳的<形>
varão	/vaˈɾɐ̃w̃/	/vaˈɾɐ̃w̃/	[vaˈɾɐ̃w̃] 男人<名>
piratear	/pi.ɾa.teˈa(ʁ)/	/pi.ɾa.teˈa(ʁ)/	[pi.ɾa.teˈa(ʁ)] 海盗<动>
equivaler	/e.ki.vaˈle(ʁ)/	/e.ki.vaˈle(ʁ)/	[e.ki.vaˈle(ʁ)] 等同<动>
intrusão	/ĩ.tɾuˈzɐ̃w̃/	/ĩ.tɾuˈzɐ̃w̃/	[ĩ.tɾuˈzɐ̃w̃] 入侵<名>
penicilina	/pe.ni.siˈlĩ.nɐ/	/pe.ni.siˈlĩ.nɐ/	[pe.ni.siˈlĩ.nɐ] 青霉素<名>
persuasão	/peʁ.su.aˈzɐ̃w̃/	/peʁ.su.aˈzɐ̃w̃/	[peʁ.su.aˈzɐ̃w̃] 说服<名>
distancia	dʒis.tã.ˈsi.ə	dʒis.tã.ˈsi.ə	[dʒis.tã.ˈsi.ə] 距离<名>
contrariar	/kõ.tɾa.ɾiˈa(ʁ)/	/kõ.tɾa.ɾiˈa(ʁ)/	[kõ.tɾa.ɾiˈa(ʁ)] 柜台<动>
demoníaco	/de.moˈni.a.ku/	/de.moˈni.a.ku/	[de.moˈni.a.ku] 恶魔般的<形>
paladar	/pa.laˈdaʁ/	/pa.laˈdaʁ/	[pa.laˈdaʁ] 味道<名>
fuhrer			元首<名>
magnificar	/ma.ɡi.ni.fiˈka(ʁ)/	/ma.ɡi.ni.fiˈka(ʁ)/	[ma.ɡi.ni.fiˈka(ʁ)] 放大<动>
cubículo	/kuˈbi.ku.lu/	/kuˈbi.ku.lu/	[kuˈbi.ku.lu] 小隔间<名>
constitucional	/kõs.t͡ʃi.tu.si.oˈnaw/	/kõs.t͡ʃi.tu.si.oˈnaw/	[kõs.t͡ʃi.tu.si.oˈnaw] 宪政的<形>
ups	/ˈups/	/ˈups/	[ˈups] UPS<叹>
acolher	/a.koˈʎe(ʁ)/	/a.koˈʎe(ʁ)/	[a.koˈʎe(ʁ)] 欢迎<动>
