Mono path[0] = 'e:/steam/steamapps/common/WCP-WordGirlgriend/wcp_Data/Managed'
Mono config path = 'e:/steam/steamapps/common/WCP-WordGirlgriend/MonoBleedingEdge/etc'
[Physics::Module] Initialized MultithreadedJobDispatcher with 23 workers.
Initialize engine version: 2023.2.20f1c1 (881fe566f400)
[Subsystems] Discovering subsystems at path e:/steam/steamapps/common/WCP-WordGirlgriend/wcp_Data/UnitySubsystems
GfxDevice: creating device client; kGfxThreadingModeThreaded
Direct3D:
    Version:  Direct3D 11.0 [level 11.1]
    Renderer: AMD Radeon(TM) Graphics (ID=0x164e)
    Vendor:   ATI
    VRAM:     47909 MB
    Driver:   32.0.21045.5002
Failed to set the cursor because the specified texture ('指针') was not CPU accessible.
Begin MonoManager ReloadAssembly
- Loaded All Assemblies, in  0.212 seconds
- Finished resetting the current domain, in  0.002 seconds
[Message:   BepInEx] BepInEx 5.4.23.5 - wcp (2026/9/12 6:19:42)
[Info   :   BepInEx] Running under Unity v2023.2.20.8921061
[Info   :   BepInEx] CLR runtime version: 4.0.30319.42000
[Info   :   BepInEx] Supports SRE: True
[Info   :   BepInEx] System platform: Bits64, Windows
[Message:   BepInEx] Preloader started
[Info   :   BepInEx] Loaded 1 patcher method from [BepInEx.Preloader 5.4.23.5]
[Info   :   BepInEx] 1 patcher plugin loaded
[Info   :   BepInEx] Patching [UnityEngine.CoreModule] with [BepInEx.Chainloader]
[Message:   BepInEx] Preloader finished
[Message:   BepInEx] Chainloader ready
[Message:   BepInEx] Chainloader started
[Info   :   BepInEx] 13 plugins to load
[Info   :   BepInEx] Loading [WCP Book Name 1.3.1]
[Info   :WCP Book Name] BookName: Harmony patch OK (SonBookChoose guarded)
[Info   :   BepInEx] Loading [WCP Custom Slots 1.2.2]
[Info   :WCP Custom Slots] CustomSlots: store bytes=955416
[Info   :WCP Custom Slots] CustomSlots: store loaded; rows=20; selected=6
[Info   :WCP Custom Slots] CustomSlots: 原生槽位探测 = 4（下限 4；作者加槽会自动跟随）
[Info   :WCP Custom Slots] CustomSlots: serializer round-trip bytes=955416; rows=20 -> 20 (OK)
[Info   :WCP Custom Slots] CustomSlots: store saved; bytes=955416; filledRows=13; selected=6
[Info   :WCP Custom Slots] CustomSlots: Harmony patch OK; logical slots=20; native mirror rows imported=0
[Info   :WCP Custom Slots] CustomSlots: 兼容层解析结果 → 类型=WordChooseButtonS10; 入口=OnBookButtonClicked(Int32)
[Info   :WCP Custom Slots] CustomSlots: 显式补挂 WordChooseButtonS10.OnBookButtonClicked
[Info   :WCP Custom Slots] CustomSlots: patch 状态 WordChooseButtonS10.OnBookButtonClicked postfixes=1（已挂上）
[Info   :   BepInEx] Loading [WCP DE Word List 1.2.0]
[Warning:WCP DE Word List] DEWordList: WcpHost 已接管德语, 旧词表插件不再打补丁, 轮询 Enforce 一并停用 (Legacy/YieldToHost=false 可强制旧模式)。
[Info   :   BepInEx] Loading [WCP FR Word List 1.2.0]
[Warning:WCP FR Word List] FRWordList: WcpHost 已接管法语, 旧词表插件不再打补丁, 轮询 Enforce 一并停用 (Legacy/YieldToHost=false 可强制旧模式)。
[Info   :   BepInEx] Loading [WCP JP Word List 1.7.7]
[Warning:WCP JP Word List] JPWordList: WcpHost 已接管日语, 旧词表插件不再打补丁, 轮询 Enforce 一并停用 (Legacy/YieldToHost=false 可强制旧模式)。
[Info   :   BepInEx] Loading [WCP RU Word List 1.2.0]
[Warning:WCP RU Word List] RUWordList: WcpHost 已接管俄语, 旧词表插件不再打补丁, 轮询 Enforce 一并停用 (Legacy/YieldToHost=false 可强制旧模式)。
[Info   :   BepInEx] Loading [WCP Sentence Audio 1.0.0]
[Info   :WCP Sentence Audio] patched SoundTheWordS8.OnButton1Click
[Info   :WCP Sentence Audio] WCP Sentence Audio 1.2.0 loaded, pack dir = C:\Users\hanserdesu\AppData\LocalLow\WCP\packs\ja\audio\sentence (存在=True)
[Info   :   BepInEx] Loading [WCP Sentence Audio DE 1.0.0]
[Info   :WCP Sentence Audio DE] patched SoundTheWordS8.OnButton1Click
[Info   :WCP Sentence Audio DE] WCP Sentence Audio 1.1.0 loaded, pack dir = C:\Users\hanserdesu\AppData\LocalLow\WCP\packs\de\audio\sentence (存在=True), legacy fallback = False
[Info   :   BepInEx] Loading [WCP Sentence Audio FR 1.0.0]
[Info   :WCP Sentence Audio FR] patched SoundTheWordS8.OnButton1Click
[Info   :WCP Sentence Audio FR] WCP Sentence Audio 1.1.0 loaded, pack dir = C:\Users\hanserdesu\AppData\LocalLow\WCP\packs\fr\audio\sentence (存在=True), legacy fallback = False
[Info   :   BepInEx] Loading [WCP Sentence Audio RU 1.0.0]
[Info   :WCP Sentence Audio RU] patched SoundTheWordS8.OnButton1Click (RU)
[Info   :WCP Sentence Audio RU] WCP Sentence Audio RU 1.1.0 loaded, pack dir = C:\Users\hanserdesu\AppData\LocalLow\WCP\packs\ru\audio\sentence (存在=True)
[Info   :   BepInEx] Loading [WCP Sentence Audio YUE 1.0.0]
[Info   :WCP Sentence Audio YUE] patched SoundTheWordS8.OnButton1Click
[Info   :WCP Sentence Audio YUE] WCP Sentence Audio 1.1.0 loaded, pack dir = C:\Users\hanserdesu\AppData\LocalLow\WCP\packs\yue\audio\sentence (存在=True), legacy fallback = False
[Info   :   BepInEx] Loading [WCP Host 0.5.2]
[Info   :  WCP Host] WcpHost: packs 根 = C:\Users\hanserdesu\AppData\LocalLow\WCP\packs
[Info   :  WCP Host] WcpHost: 加载到 9 个语言包
[Info   :  WCP Host] WcpHost:   [ar] catbar-ar-complete 阿拉伯语词库(猫条版) 词=8118 槽=0 指纹=50c9c0b47ac348b2
[Info   :  WCP Host] WcpHost:   [de] catbar-german-complete 德语词库(猫条版) 词=8062 槽=4 指纹=66bded175dee70d9
[Info   :  WCP Host] WcpHost:   [es] catbar-es-complete 西班牙语词库(猫条版) 词=8599 槽=0 指纹=52b3507136fedc95
[Info   :  WCP Host] WcpHost:   [fr] catbar-french-cefr-complete 法语词库(猫条版) 词=8116 槽=2 指纹=376af2eae0292052
[Info   :  WCP Host] WcpHost:   [ja] catbar-jlpt-complete 日语词库(猫条版) 词=7922 槽=1 指纹=6d7a51c0c5d30dd6
[Info   :  WCP Host] WcpHost:   [ko] catbar-ko-complete 韩语词库(猫条版) 词=7330 槽=0 指纹=ff64542ef480b8ed
[Info   :  WCP Host] WcpHost:   [pt] catbar-pt-complete 葡萄牙语词库(猫条版) 词=8599 槽=0 指纹=9c2b019f2d8f3eae
[Info   :  WCP Host] WcpHost:   [ru] catbar-russian-cefr-complete 俄语词库(猫条版) 词=8451 槽=3 指纹=dfecb0ab75e9b3ef
[Info   :  WCP Host] WcpHost:   [yue] catbar-cantonese-complete 粤语词库(猫条版) 词=384 槽=4 指纹=0748ca590e7caf6c
[Info   :  WCP Host] WcpHost: 槽位预算 9 个语言包 / 4 槽，注册表预分配 4 槽（0=候选包） — 通过
[Info   :  WCP Host] WcpHost: 策略装载 9/9（缺失策略时仅保留身份层）
[Warning:  WCP Host] WcpHost: 语言包提示: observed_slot 撞槽 4: de / yue（不丢包, 槽位按指纹运行时判定）
[Info   :  WCP Host] WcpHost: Harmony 接线完成 — 命中目标方法 59 个（harmony.Patch 调用 59 次，类型解析失败 0 个；单点失败已按 warn 逐条打印）
[Info   :  WCP Host] WcpHost: 行为 Harmony 接线已在加载期安装（身份门通过前所有处理器空转）
[Info   :  WCP Host] WcpHost: 身份轮询已启用（兼容旧选书补丁）
[Info   :   BepInEx] Loading [WCP Yue Word List 1.2.0]
[Warning:WCP Yue Word List] YueWordList: WcpHost 已接管粤语, 旧词表插件不再打补丁, 轮询 Enforce 一并停用 (Legacy/YieldToHost=false 可强制旧模式)。
[Message:   BepInEx] Chainloader startup complete
D3D11 device created for Microsoft Media Foundation video decoding.
<RI> Initializing input.
New input system (experimental) initialized
Using Windows.Gaming.Input
<RI> Input initialized.
<RI> Initialized touch support.
The referenced script on this Behaviour (Game Object 'ShowHideButton') is missing!
The referenced script on this Behaviour (Game Object 'Magica Capsule Collider (spine_03)') is missing!
The referenced script on this Behaviour (Game Object 'Magica Virtual Deformer (Rifle_Hair) (1)') is missing!
The referenced script on this Behaviour (Game Object 'Magica Sphere Collider (spine_02)') is missing!
The referenced script on this Behaviour (Game Object 'Magica Mesh Cloth (Rifle_Full_Body) (1)') is missing!
The referenced script on this Behaviour (Game Object 'Magica Bone Cloth (Rifle_Full_Body) (1)') is missing!
The referenced script on this Behaviour (Game Object 'Magica Capsule Collider (spine_01)') is missing!
The referenced script on this Behaviour (Game Object 'Magica Capsule Collider (lowerarm_r)') is missing!
The referenced script on this Behaviour (Game Object 'Magica Capsule Collider (clavicle_l)') is missing!
The referenced script on this Behaviour (Game Object 'Rifle_Hair') is missing!
The referenced script on this Behaviour (Game Object 'Magica Capsule Collider (upperarm_l)') is missing!
The referenced script on this Behaviour (Game Object 'Magica Capsule Collider (head)') is missing!
The referenced script on this Behaviour (Game Object 'Magica Capsule Collider (upperarm_r)') is missing!
The referenced script on this Behaviour (Game Object 'Magica Capsule Collider (clavicle_r)') is missing!
The referenced script on this Behaviour (Game Object 'Magica Capsule Collider (lowerarm_l)') is missing!
UnloadTime: 1.823000 ms
Color primaries 0 is unknown or unsupported by WindowsMediaFoundation. Falling back to default may result in color shift. e:/steam/steamapps/common/WCP-WordGirlgriend/wcp_Data/sharedassets0.resource
判断刷新0【testerNN】-->上次更新时间：2026/9/18 8:19:16  这次登录时间：2026/9/19 0:16:32  上次更新门槛----》2026/9/18 4:00:00
checkTime---1--->2026/9/18 4:00:00
checkTime---2 回退--->2026/9/18 4:00:00
判断刷新1---》没有跨过任何刷新时间
【testerNN】-->-------这次不更新!!!
今日已学词选取标签---->1, 2, 3, 4, 0
今日已学词【战斗】---->
[Info   :  WCP Host] WcpHost: ES3 批量写已启用（一次整档读写替代 N 次逐键写，path=SaveFile.es3）
【今日新学词】-->-------》0  【所有新学词】-->-------》0
存到文件num---》18
Save File Path: C:/Users/hanserdesu/AppData/LocalLow/WCP/wcp\SaveFile.es3
Copy File Path: C:/Users/hanserdesu/AppData/LocalLow/WCP/wcp\SaveFile_Copy18.es3
Copied SaveFile.es3 to C:/Users/hanserdesu/AppData/LocalLow/WCP/wcp\SaveFile_Copy18.es3
目标文件已存在，无需拷贝。
testerxxx---PreloadAudioClipAsync
G2_Clothes4_SummerDress
学习计划:True  完成每日学习:True  战斗单词设置:True  战胜数:125  买过衣服:True  打工过:True  序章完成情况:3  所有新手任务完成:True  打工上限金额:1000   复习方式：1   高清动态CG：False   林霏霏袜子总数：41  背包1：151  背包2：0  背包3：0  背包4：0  背包5：0  背包6：0  背包7：0  背包8：0  S7_BagUnlock：0  背包6： 武器背包：0 头盔背包：0 护甲背包：0 便装背包：0 手套背包：0 鞋子背包：0 饰品背包：0 补给背包：0
testerxxxxxxxxx启动SyncHaveLearnedDictionaryThis
【tester**】---》无暂时的已学词
当前MSAA: 4
已经读取了settedMonsterWordIf---》True
已存在 0706 语音包标记文件，无需操作。
当前时间：2026-09-19 00:16:38
超过了预定时间：2026-05-26 20:00:00
版本---》正式版
CheatMode--->False
DemoIf--->False
OfficialCheck--->False
UnlockAchievementIf--->True
Achievement [NEW_ACHIEVEMENT_3_0] unlocked
Achievement [NEW_ACHIEVEMENT_3_1] unlocked
Achievement [NEW_ACHIEVEMENT_3_2] unlocked
Achievement [NEW_ACHIEVEMENT_3_5] unlocked
Achievement [NEW_ACHIEVEMENT_3_100] unlocked
Achievement [NEW_ACHIEVEMENT_3_3] unlocked
Achievement [NEW_ACHIEVEMENT_3_4] unlocked
Achievement [NEW_ACHIEVEMENT_3_7] unlocked
[Info   :  WCP Host] WcpHost: ES3 批量写已改为写后置（切书帧只记账，装载+落盘在下一帧消化）
[Info   :  WCP Host] WcpHost: 受管语言登记 = [ar,de,es,fr,ja,ko,pt,ru,yue] -> e:\steam\steamapps\common\WCP-WordGirlgriend\BepInEx\config\WcpHost.managed.txt
[Info   :  WCP Host] WcpHost: 未激活 · 词表 4079 条未命中任何语言包 — 非受管词书
[Info   :  WCP Host] WcpHost: 长帧 370ms — mod 本帧占用 2.1ms（0.6%） GC本帧=0:0 1:0 2:0 本帧 Top=身份:托管登记 x1=1.8ms(单次1.8ms) ; 身份:Evaluate x1=0.3ms(单次0.3ms) ; 身份:匹配内存词表 x1=0.2ms(单次0.2ms) ; 身份:读落盘书名 x1=0.1ms(单次0.1ms) ; 身份:读内存词表 x1=0.0ms(单次0.0ms) ; 补丁:Sync x1=0.0ms(单次0.0ms) ; 身份:槽号 x1=0.0ms(单次0.0ms)
[Info   :  WCP Host] WcpHost: 性能哨兵 fps=3.5 帧=35 最差帧=7862ms 卡顿帧(>=50ms)=22 窗口=10.1s | mod 主线程占用=7.1ms/窗口（GC 基线建立）
[Info   :  WCP Host] WcpHost: 性能哨兵 fps=18.8 帧=188 最差帧=114ms 卡顿帧(>=50ms)=103 窗口=10.0s | mod 主线程占用=23.8ms/窗口，长帧=1 次 | GC窗口=0:0 1:0 2:0 堆=+0MB | 快路径命中=内存词表指纹 9/9 | 窗口 Top（累计）=补丁:场景钩子 x1=913.4ms(单次913.4ms) ; 补丁:选词与刷新 x1=883.1ms(单次883.1ms) ; 场景:强制校正 x2=306.2ms(单次306.1ms) ; 补丁:词典 x1=236.3ms(单次236.3ms) ; ES3:批量写(装载) x1=141.4ms(单次141.4ms) ; 补丁:显示 x1=130.9ms(单次130.9ms) ; 补丁:音频 x1=60.4ms(单次60.4ms) ; ES3:批量写(提交) x1=59.9ms(单次59.9ms) ; 身份:读内存词表 x15=41.6ms(单次41.3ms) ; 身份:读落盘书名 x15=32.5ms(单次29.7ms) ; ES3:落盘书名 x2=29.9ms(单次28.7ms) ; 身份:托管登记 x13=26.8ms(单次5.9ms) ; …共16个标签
[Info   :  WCP Host] WcpHost: 性能哨兵 fps=19.6 帧=197 最差帧=102ms 卡顿帧(>=50ms)=92 窗口=10.0s | mod 主线程占用=19.9ms/窗口 | GC窗口=0:0 1:0 2:0 堆=+0MB | 快路径命中=内存词表指纹 10/10 | 窗口 Top（累计）=身份:托管登记 x10=17.9ms(单次2.3ms) ; 身份:Evaluate x10=1.9ms(单次0.3ms) ; 身份:读落盘书名 x10=1.0ms(单次0.1ms) ; 身份:匹配内存词表 x10=0.8ms(单次0.1ms) ; 身份:读内存词表 x10=0.1ms(单次0.0ms) ; 身份:槽号 x10=0.0ms(单次0.0ms) ; 补丁:Sync x10=0.0ms(单次0.0ms)
[Info   :  WCP Host] WcpHost: 长帧 191ms — mod 本帧占用 0.0ms（0.0%） GC本帧=0:0 1:0 2:0 本帧 Top=无 mod 操作
[Info   :  WCP Host] WcpHost: 长帧 289ms — mod 本帧占用 0.0ms（0.0%） GC本帧=0:0 1:0 2:0 本帧 Top=无 mod 操作
[Info   :  WCP Host] WcpHost: 长帧 409ms — mod 本帧占用 0.0ms（0.0%） GC本帧=0:0 1:0 2:0 本帧 Top=无 mod 操作
[Info   :  WCP Host] WcpHost: 长帧 152ms — mod 本帧占用 0.0ms（0.0%） GC本帧=0:0 1:0 2:0 本帧 Top=无 mod 操作
[Info   :  WCP Host] WcpHost: 性能哨兵 fps=16.9 帧=171 最差帧=409ms 卡顿帧(>=50ms)=78 窗口=10.1s | mod 主线程占用=22.5ms/窗口，长帧=4 次 | GC窗口=0:0 1:0 2:0 堆=+0MB | 快路径命中=内存词表指纹 10/10 | 窗口 Top（累计）=身份:托管登记 x10=20.1ms(单次3.0ms) ; 身份:Evaluate x10=2.4ms(单次0.4ms) ; 身份:读落盘书名 x10=1.2ms(单次0.2ms) ; 身份:匹配内存词表 x10=0.9ms(单次0.2ms) ; 身份:读内存词表 x10=0.2ms(单次0.0ms) ; 补丁:Sync x10=0.0ms(单次0.0ms) ; 身份:槽号 x10=0.0ms(单次0.0ms)
[Info   :  WCP Host] WcpHost: 性能哨兵 fps=19.4 帧=194 最差帧=115ms 卡顿帧(>=50ms)=82 窗口=10.0s | mod 主线程占用=22.7ms/窗口 | GC窗口=0:0 1:0 2:0 堆=+0MB | 快路径命中=内存词表指纹 10/10 | 窗口 Top（累计）=身份:托管登记 x10=20.5ms(单次3.7ms) ; 身份:Evaluate x10=2.2ms(单次0.4ms) ; 身份:读落盘书名 x10=1.2ms(单次0.2ms) ; 身份:匹配内存词表 x10=0.8ms(单次0.1ms) ; 身份:读内存词表 x10=0.1ms(单次0.0ms) ; 身份:槽号 x10=0.0ms(单次0.0ms) ; 补丁:Sync x10=0.0ms(单次0.0ms)
[Info   :  WCP Host] WcpHost: 长帧 195ms — mod 本帧占用 0.0ms（0.0%） GC本帧=0:0 1:0 2:0 本帧 Top=无 mod 操作
[Info   :  WCP Host] WcpHost: 长帧 240ms — mod 本帧占用 0.0ms（0.0%） GC本帧=0:0 1:0 2:0 本帧 Top=无 mod 操作
[Info   :  WCP Host] WcpHost: 长帧 166ms — mod 本帧占用 0.0ms（0.0%） GC本帧=0:0 1:0 2:0 本帧 Top=无 mod 操作
[Info   :  WCP Host] WcpHost: 长帧 224ms — mod 本帧占用 0.0ms（0.0%） GC本帧=0:0 1:0 2:0 本帧 Top=无 mod 操作
[Info   :  WCP Host] WcpHost: 长帧 279ms — mod 本帧占用 0.0ms（0.0%） GC本帧=0:0 1:0 2:0 本帧 Top=无 mod 操作
[Info   :  WCP Host] WcpHost: 长帧 384ms — mod 本帧占用 0.0ms（0.0%） GC本帧=0:0 1:0 2:0 本帧 Top=无 mod 操作
[Info   :  WCP Host] WcpHost: 长帧 154ms — mod 本帧占用 0.0ms（0.0%） GC本帧=0:0 1:0 2:0 本帧 Top=无 mod 操作
[Info   :  WCP Host] WcpHost: 长帧 363ms — mod 本帧占用 0.0ms（0.0%） GC本帧=0:0 1:0 2:0 本帧 Top=无 mod 操作
[Info   :  WCP Host] WcpHost: 长帧 157ms — mod 本帧占用 0.0ms（0.0%） GC本帧=0:0 1:0 2:0 本帧 Top=无 mod 操作
[Info   :  WCP Host] WcpHost: 长帧 209ms — mod 本帧占用 0.0ms（0.0%） GC本帧=0:0 1:0 2:0 本帧 Top=无 mod 操作
[Info   :  WCP Host] WcpHost: 长帧 151ms — mod 本帧占用 3.2ms（2.1%） GC本帧=0:0 1:0 2:0 本帧 Top=身份:托管登记 x1=2.8ms(单次2.8ms) ; 身份:Evaluate x1=0.3ms(单次0.3ms) ; 身份:读落盘书名 x1=0.2ms(单次0.2ms) ; 身份:匹配内存词表 x1=0.2ms(单次0.2ms) ; 身份:读内存词表 x1=0.0ms(单次0.0ms) ; 身份:槽号 x1=0.0ms(单次0.0ms) ; 补丁:Sync x1=0.0ms(单次0.0ms)
[Info   :  WCP Host] WcpHost: 长帧 286ms — mod 本帧占用 0.0ms（0.0%） GC本帧=0:0 1:0 2:0 本帧 Top=无 mod 操作
[Info   :  WCP Host] WcpHost: 长帧 373ms — mod 本帧占用 0.0ms（0.0%） GC本帧=0:0 1:0 2:0 本帧 Top=无 mod 操作
[Info   :  WCP Host] WcpHost: 长帧 166ms — mod 本帧占用 0.0ms（0.0%） GC本帧=0:0 1:0 2:0 本帧 Top=无 mod 操作
[Info   :  WCP Host] WcpHost: 长帧 169ms — mod 本帧占用 0.0ms（0.0%） GC本帧=0:0 1:0 2:0 本帧 Top=无 mod 操作
[Info   :  WCP Host] WcpHost: 长帧 245ms — mod 本帧占用 0.0ms（0.0%） GC本帧=0:0 1:0 2:0 本帧 Top=无 mod 操作
[Info   :  WCP Host] WcpHost: 长帧 177ms — mod 本帧占用 0.0ms（0.0%） GC本帧=0:0 1:0 2:0 本帧 Top=无 mod 操作
[Info   :  WCP Host] WcpHost: 性能哨兵 fps=13.9 帧=140 最差帧=384ms 卡顿帧(>=50ms)=62 窗口=10.1s | mod 主线程占用=19.4ms/窗口，长帧=17 次 | GC窗口=0:0 1:0 2:0 堆=+0MB | 快路径命中=内存词表指纹 9/9 | 窗口 Top（累计）=身份:托管登记 x9=17.4ms(单次2.8ms) ; 身份:Evaluate x9=1.9ms(单次0.3ms) ; 身份:读落盘书名 x9=1.0ms(单次0.2ms) ; 身份:匹配内存词表 x9=0.7ms(单次0.2ms) ; 身份:读内存词表 x9=0.1ms(单次0.0ms) ; 身份:槽号 x9=0.0ms(单次0.0ms) ; 补丁:Sync x9=0.0ms(单次0.0ms)
[Info   :  WCP Host] WcpHost: 长帧 311ms — mod 本帧占用 0.0ms（0.0%） GC本帧=0:0 1:0 2:0 本帧 Top=无 mod 操作
[Info   :  WCP Host] WcpHost: 长帧 297ms — mod 本帧占用 0.0ms（0.0%） GC本帧=0:0 1:0 2:0 本帧 Top=无 mod 操作
[Info   :  WCP Host] WcpHost: 长帧 195ms — mod 本帧占用 0.0ms（0.0%） GC本帧=0:0 1:0 2:0 本帧 Top=无 mod 操作
[Info   :  WCP Host] WcpHost: 长帧 177ms — mod 本帧占用 0.0ms（0.0%） GC本帧=0:0 1:0 2:0 本帧 Top=无 mod 操作
[Info   :  WCP Host] WcpHost: 长帧 208ms — mod 本帧占用 0.0ms（0.0%） GC本帧=0:0 1:0 2:0 本帧 Top=无 mod 操作
[Info   :  WCP Host] WcpHost: 长帧 152ms — mod 本帧占用 0.0ms（0.0%） GC本帧=0:0 1:0 2:0 本帧 Top=无 mod 操作
[Info   :  WCP Host] WcpHost: 长帧 310ms — mod 本帧占用 0.0ms（0.0%） GC本帧=0:0 1:0 2:0 本帧 Top=无 mod 操作
[Info   :  WCP Host] WcpHost: 长帧 229ms — mod 本帧占用 0.0ms（0.0%） GC本帧=0:0 1:0 2:0 本帧 Top=无 mod 操作
[Info   :  WCP Host] WcpHost: 长帧 177ms — mod 本帧占用 0.0ms（0.0%） GC本帧=0:0 1:0 2:0 本帧 Top=无 mod 操作
[Info   :  WCP Host] WcpHost: 长帧 251ms — mod 本帧占用 0.0ms（0.0%） GC本帧=0:0 1:0 2:0 本帧 Top=无 mod 操作
[Info   :  WCP Host] WcpHost: 长帧 274ms — mod 本帧占用 0.0ms（0.0%） GC本帧=0:0 1:0 2:0 本帧 Top=无 mod 操作
[Info   :  WCP Host] WcpHost: 长帧 181ms — mod 本帧占用 0.0ms（0.0%） GC本帧=0:0 1:0 2:0 本帧 Top=无 mod 操作
[Info   :  WCP Host] WcpHost: 长帧 198ms — mod 本帧占用 0.0ms（0.0%） GC本帧=0:0 1:0 2:0 本帧 Top=无 mod 操作
[Info   :  WCP Host] WcpHost: 长帧 229ms — mod 本帧占用 0.0ms（0.0%） GC本帧=0:0 1:0 2:0 本帧 Top=无 mod 操作
[Info   :  WCP Host] WcpHost: 长帧 174ms — mod 本帧占用 0.0ms（0.0%） GC本帧=0:0 1:0 2:0 本帧 Top=无 mod 操作
[Info   :  WCP Host] WcpHost: 长帧 270ms — mod 本帧占用 0.0ms（0.0%） GC本帧=0:0 1:0 2:0 本帧 Top=无 mod 操作
[Info   :  WCP Host] WcpHost: 性能哨兵 fps=12.6 帧=127 最差帧=311ms 卡顿帧(>=50ms)=70 窗口=10.1s | mod 主线程占用=22.4ms/窗口，长帧=16 次 | GC窗口=0:0 1:0 2:0 堆=+0MB | 快路径命中=内存词表指纹 9/9 | 窗口 Top（累计）=身份:托管登记 x9=19.9ms(单次3.7ms) ; 身份:Evaluate x9=2.5ms(单次0.5ms) ; 身份:读落盘书名 x9=1.3ms(单次0.2ms) ; 身份:匹配内存词表 x9=1.0ms(单次0.2ms) ; 身份:读内存词表 x9=0.2ms(单次0.0ms) ; 补丁:Sync x9=0.0ms(单次0.0ms) ; 身份:槽号 x9=0.0ms(单次0.0ms)
[Info   :  WCP Host] WcpHost: 性能哨兵 fps=18.3 帧=184 最差帧=146ms 卡顿帧(>=50ms)=100 窗口=10.0s | mod 主线程占用=24.1ms/窗口 | GC窗口=0:0 1:0 2:0 堆=+0MB | 快路径命中=内存词表指纹 10/10 | 窗口 Top（累计）=身份:托管登记 x10=22.0ms(单次3.0ms) ; 身份:Evaluate x10=2.1ms(单次0.3ms) ; 身份:读落盘书名 x10=1.2ms(单次0.2ms) ; 身份:匹配内存词表 x10=0.7ms(单次0.1ms) ; 身份:读内存词表 x10=0.2ms(单次0.0ms) ; 身份:槽号 x10=0.0ms(单次0.0ms) ; 补丁:Sync x10=0.0ms(单次0.0ms)
[Info   :  WCP Host] WcpHost: 性能哨兵 fps=18.8 帧=188 最差帧=122ms 卡顿帧(>=50ms)=97 窗口=10.0s | mod 主线程占用=25.9ms/窗口 | GC窗口=0:1 1:1 2:1 堆=-5MB | 快路径命中=内存词表指纹 10/10 | 窗口 Top（累计）=身份:托管登记 x10=23.4ms(单次5.4ms) ; 身份:Evaluate x10=2.5ms(单次0.4ms) ; 身份:读落盘书名 x10=1.3ms(单次0.2ms) ; 身份:匹配内存词表 x10=1.0ms(单次0.1ms) ; 身份:读内存词表 x10=0.2ms(单次0.0ms) ; 补丁:Sync x10=0.0ms(单次0.0ms) ; 身份:槽号 x10=0.0ms(单次0.0ms)
[Info   :  WCP Host] WcpHost: 长帧 158ms — mod 本帧占用 0.0ms（0.0%） GC本帧=0:0 1:0 2:0 本帧 Top=无 mod 操作
[Info   :  WCP Host] WcpHost: 性能哨兵 fps=17.8 帧=179 最差帧=158ms 卡顿帧(>=50ms)=92 窗口=10.1s | mod 主线程占用=22.1ms/窗口，长帧=1 次 | GC窗口=0:0 1:0 2:0 堆=+0MB | 快路径命中=内存词表指纹 10/10 | 窗口 Top（累计）=身份:托管登记 x10=19.6ms(单次2.7ms) ; 身份:Evaluate x10=2.4ms(单次0.4ms) ; 身份:读落盘书名 x10=1.1ms(单次0.2ms) ; 身份:匹配内存词表 x10=1.1ms(单次0.2ms) ; 身份:读内存词表 x10=0.2ms(单次0.0ms) ; 补丁:Sync x10=0.0ms(单次0.0ms) ; 身份:槽号 x10=0.0ms(单次0.0ms)
[Info   :  WCP Host] WcpHost: 长帧 176ms — mod 本帧占用 0.0ms（0.0%） GC本帧=0:0 1:0 2:0 本帧 Top=无 mod 操作
[Info   :  WCP Host] WcpHost: 长帧 156ms — mod 本帧占用 0.0ms（0.0%） GC本帧=0:0 1:0 2:0 本帧 Top=无 mod 操作
[Info   :  WCP Host] WcpHost: 长帧 156ms — mod 本帧占用 0.0ms（0.0%） GC本帧=0:0 1:0 2:0 本帧 Top=无 mod 操作
[Info   :  WCP Host] WcpHost: 长帧 201ms — mod 本帧占用 0.0ms（0.0%） GC本帧=0:0 1:0 2:0 本帧 Top=无 mod 操作
[Info   :  WCP Host] WcpHost: 性能哨兵 fps=15.4 帧=155 最差帧=201ms 卡顿帧(>=50ms)=87 窗口=10.1s | mod 主线程占用=20.8ms/窗口，长帧=4 次 | GC窗口=0:0 1:0 2:0 堆=+0MB | 快路径命中=内存词表指纹 9/9 | 窗口 Top（累计）=身份:托管登记 x9=18.4ms(单次2.7ms) ; 身份:Evaluate x9=2.4ms(单次0.4ms) ; 身份:匹配内存词表 x9=1.1ms(单次0.2ms) ; 身份:读落盘书名 x9=1.1ms(单次0.2ms) ; 身份:读内存词表 x9=0.2ms(单次0.0ms) ; 身份:槽号 x9=0.0ms(单次0.0ms) ; 补丁:Sync x9=0.0ms(单次0.0ms)
[Info   :  WCP Host] WcpHost: 长帧 155ms — mod 本帧占用 0.0ms（0.0%） GC本帧=0:0 1:0 2:0 本帧 Top=无 mod 操作
[Info   :  WCP Host] WcpHost: 长帧 151ms — mod 本帧占用 0.0ms（0.0%） GC本帧=0:0 1:0 2:0 本帧 Top=无 mod 操作
[Info   :  WCP Host] WcpHost: 长帧 330ms — mod 本帧占用 0.0ms（0.0%） GC本帧=0:0 1:0 2:0 本帧 Top=无 mod 操作
testerJJ---》正式版，直接进入
Unloading 9 Unused Serialized files (Serialized files now loaded: 1)
UnloadTime: 17.483100 ms
Unloading 445 unused Assets to reduce memory usage. Loaded Objects now: 6004.
Total: 44.828800 ms (FindLiveObjects: 0.619000 ms CreateObjectMapping: 0.220900 ms MarkObjects: 34.358200 ms  DeleteObjects: 9.630100 ms)

Setting up 12 worker threads for Enlighten.
[Info   :  WCP Host] WcpHost: 长帧 231ms — mod 本帧占用 0.0ms（0.0%） GC本帧=0:0 1:0 2:0 本帧 Top=无 mod 操作
The referenced script (Magio.PreviewMagioVFXController) on this Behaviour is missing!
The referenced script (Magio.PreviewMagioVFXController) on this Behaviour is missing!
The referenced script (Magio.PreviewMagioShaderController) on this Behaviour is missing!
The referenced script (Magio.PreviewMagioShaderController) on this Behaviour is missing!
The referenced script (Magio.PreviewMagioVFXController) on this Behaviour is missing!
The referenced script (Magio.PreviewMagioShaderController) on this Behaviour is missing!
The referenced script (Magio.PreviewMagioShaderController) on this Behaviour is missing!
The referenced script (Magio.PreviewMagioShaderController) on this Behaviour is missing!
The referenced script (Magio.PreviewMagioShaderController) on this Behaviour is missing!
The referenced script (Magio.PreviewMagioVFXController) on this Behaviour is missing!
The referenced script (Magio.PreviewMagioVFXController) on this Behaviour is missing!
The referenced script (Magio.PreviewMagioVFXController) on this Behaviour is missing!
The referenced script (Magio.PreviewMagioVFXController) on this Behaviour is missing!
The referenced script (Magio.PreviewMagioVFXController) on this Behaviour is missing!
The referenced script (Magio.PreviewMagioShaderController) on this Behaviour is missing!
The referenced script (Magio.PreviewMagioShaderController) on this Behaviour is missing!
The referenced script (Magio.PreviewMagioVFXController) on this Behaviour is missing!
The referenced script (Magio.PreviewMagioVFXController) on this Behaviour is missing!
The referenced script (Magio.PreviewMagioVFXController) on this Behaviour is missing!
The referenced script (Magio.PreviewMagioVFXController) on this Behaviour is missing!
The referenced script (Magio.PreviewMagioVFXController) on this Behaviour is missing!
The referenced script (Magio.PreviewMagioVFXController) on this Behaviour is missing!
The referenced script (Magio.PreviewMagioVFXController) on this Behaviour is missing!
The referenced script (Magio.PreviewMagioVFXController) on this Behaviour is missing!
The referenced script (Magio.PreviewMagioVFXController) on this Behaviour is missing!
The referenced script (Magio.PreviewMagioShaderController) on this Behaviour is missing!
The referenced script (Magio.PreviewMagioShaderController) on this Behaviour is missing!
The referenced script (Magio.PreviewMagioShaderController) on this Behaviour is missing!
The referenced script (Magio.PreviewMagioShaderController) on this Behaviour is missing!
The referenced script (Magio.PreviewMagioShaderController) on this Behaviour is missing!
The referenced script (Magio.PreviewMagioShaderController) on this Behaviour is missing!
The referenced script (Magio.PreviewMagioVFXController) on this Behaviour is missing!
The referenced script (Magio.PreviewMagioVFXController) on this Behaviour is missing!
The referenced script (Magio.PreviewMagioVFXController) on this Behaviour is missing!
The referenced script (Magio.PreviewMagioVFXController) on this Behaviour is missing!
The referenced script (Magio.PreviewMagioVFXController) on this Behaviour is missing!
The referenced script (Magio.PreviewMagioVFXController) on this Behaviour is missing!
The referenced script (Magio.PreviewMagioShaderController) on this Behaviour is missing!
The referenced script (Magio.PreviewMagioShaderController) on this Behaviour is missing!
The referenced script (Magio.PreviewMagioVFXController) on this Behaviour is missing!
The referenced script (Magio.PreviewMagioShaderController) on this Behaviour is missing!
The referenced script (Magio.PreviewMagioShaderController) on this Behaviour is missing!
The referenced script (Magio.PreviewMagioShaderController) on this Behaviour is missing!
The referenced script (Magio.PreviewMagioVFXController) on this Behaviour is missing!
The referenced script (Magio.PreviewMagioShaderController) on this Behaviour is missing!
The referenced script (Magio.PreviewMagioVFXController) on this Behaviour is missing!
The referenced script (Magio.PreviewMagioVFXController) on this Behaviour is missing!
The referenced script (Magio.PreviewMagioShaderController) on this Behaviour is missing!
The referenced script (Magio.PreviewMagioVFXController) on this Behaviour is missing!
The referenced script (Magio.PreviewMagioVFXController) on this Behaviour is missing!
The referenced script (Magio.PreviewMagioShaderController) on this Behaviour is missing!
The referenced script (Magio.PreviewMagioShaderController) on this Behaviour is missing!
The referenced script (Magio.PreviewMagioShaderController) on this Behaviour is missing!
The referenced script on this Behaviour (Game Object 'Magica Capsule Collider (upperarm_l)') is missing!
The referenced script on this Behaviour (Game Object 'Magica Capsule Collider (head)') is missing!
The referenced script on this Behaviour (Game Object 'New Magio Effect-fire') is missing!
A scripted object (probably Magio.PreviewMagioVFXController?) has a different serialization layout when loading. (Read 32 bytes but expected 48 bytes)
Did you #if UNITY_EDITOR a section of your serialized properties in any of your scripts?
The referenced script on this Behaviour (Game Object 'New Magio Effect-fire') is missing!
A scripted object (probably Magio.PreviewMagioVFXController?) has a different serialization layout when loading. (Read 32 bytes but expected 48 bytes)
Did you #if UNITY_EDITOR a section of your serialized properties in any of your scripts?
The referenced script on this Behaviour (Game Object 'Magica Capsule Collider (clavicle_r)') is missing!
The referenced script on this Behaviour (Game Object 'New Magio Effect-stone') is missing!
A scripted object (probably Magio.PreviewMagioShaderController?) has a different serialization layout when loading. (Read 32 bytes but expected 48 bytes)
Did you #if UNITY_EDITOR a section of your serialized properties in any of your scripts?
The referenced script on this Behaviour (Game Object 'Magica Capsule Collider (spine_01)') is missing!
The referenced script on this Behaviour (Game Object 'Magica Capsule Collider (clavicle_r)') is missing!
The referenced script on this Behaviour (Game Object 'Magica Capsule Collider (spine_03)') is missing!
The referenced script on this Behaviour (Game Object 'New Magio Effect-stone') is missing!
A scripted object (probably Magio.PreviewMagioShaderController?) has a different serialization layout when loading. (Read 32 bytes but expected 48 bytes)
Did you #if UNITY_EDITOR a section of your serialized properties in any of your scripts?
The referenced script on this Behaviour (Game Object 'New Magio Effect-lightning') is missing!
A scripted object (probably Magio.PreviewMagioVFXController?) has a different serialization layout when loading. (Read 32 bytes but expected 48 bytes)
Did you #if UNITY_EDITOR a section of your serialized properties in any of your scripts?
The referenced script on this Behaviour (Game Object 'New Magio Effect-stone') is missing!
A scripted object (probably Magio.PreviewMagioShaderController?) has a different serialization layout when loading. (Read 32 bytes but expected 48 bytes)
Did you #if UNITY_EDITOR a section of your serialized properties in any of your scripts?
The referenced script on this Behaviour (Game Object 'New Magio Effect-stone') is missing!
A scripted object (probably Magio.PreviewMagioShaderController?) has a different serialization layout when loading. (Read 32 bytes but expected 48 bytes)
Did you #if UNITY_EDITOR a section of your serialized properties in any of your scripts?
The referenced script on this Behaviour (Game Object 'New Magio Effect-stone') is missing!
A scripted object (probably Magio.PreviewMagioShaderController?) has a different serialization layout when loading. (Read 32 bytes but expected 48 bytes)
Did you #if UNITY_EDITOR a section of your serialized properties in any of your scripts?
The referenced script on this Behaviour (Game Object 'New Magio Effect-stone') is missing!
A scripted object (probably Magio.PreviewMagioShaderController?) has a different serialization layout when loading. (Read 32 bytes but expected 48 bytes)
Did you #if UNITY_EDITOR a section of your serialized properties in any of your scripts?
The referenced script on this Behaviour (Game Object 'New Magio Effect-lightning') is missing!
A scripted object (probably Magio.PreviewMagioVFXController?) has a different serialization layout when loading. (Read 32 bytes but expected 48 bytes)
Did you #if UNITY_EDITOR a section of your serialized properties in any of your scripts?
The referenced script on this Behaviour (Game Object 'New Magio Effect-fire') is missing!
A scripted object (probably Magio.PreviewMagioVFXController?) has a different serialization layout when loading. (Read 32 bytes but expected 48 bytes)
Did you #if UNITY_EDITOR a section of your serialized properties in any of your scripts?
The referenced script on this Behaviour (Game Object 'New Magio Effect-lightning') is missing!
A scripted object (probably Magio.PreviewMagioVFXController?) has a different serialization layout when loading. (Read 32 bytes but expected 48 bytes)
Did you #if UNITY_EDITOR a section of your serialized properties in any of your scripts?
The referenced script on this Behaviour (Game Object 'Magica Sphere Collider (spine_02)') is missing!
The referenced script on this Behaviour (Game Object 'Magica Bone Cloth (Rifle_Full_Body) (1)') is missing!
The referenced script on this Behaviour (Game Object 'New Magio Effect-lightning') is missing!
A scripted object (probably Magio.PreviewMagioVFXController?) has a different serialization layout when loading. (Read 32 bytes but expected 48 bytes)
Did you #if UNITY_EDITOR a section of your serialized properties in any of your scripts?
The referenced script on this Behaviour (Game Object 'New Magio Effect-fire') is missing!
A scripted object (probably Magio.PreviewMagioVFXController?) has a different serialization layout when loading. (Read 32 bytes but expected 48 bytes)
Did you #if UNITY_EDITOR a section of your serialized properties in any of your scripts?
The referenced script on this Behaviour (Game Object 'New Magio Effect-stone') is missing!
A scripted object (probably Magio.PreviewMagioShaderController?) has a different serialization layout when loading. (Read 32 bytes but expected 48 bytes)
Did you #if UNITY_EDITOR a section of your serialized properties in any of your scripts?
The referenced script on this Behaviour (Game Object 'New Magio Effect-stone') is missing!
A scripted object (probably Magio.PreviewMagioShaderController?) has a different serialization layout when loading. (Read 32 bytes but expected 48 bytes)
Did you #if UNITY_EDITOR a section of your serialized properties in any of your scripts?
The referenced script on this Behaviour (Game Object 'Magica Mesh Cloth (Rifle_Full_Body) (1)') is missing!
The referenced script on this Behaviour (Game Object 'Magica Virtual Deformer (Rifle_Hair) (1)') is missing!
The referenced script on this Behaviour (Game Object 'Magica Bone Cloth (Rifle_Full_Body) (1)') is missing!
The referenced script on this Behaviour (Game Object 'Magica Capsule Collider (lowerarm_l)') is missing!
The referenced script on this Behaviour (Game Object 'New Magio Effect-fire') is missing!
A scripted object (probably Magio.PreviewMagioVFXController?) has a different serialization layout when loading. (Read 32 bytes but expected 48 bytes)
Did you #if UNITY_EDITOR a section of your serialized properties in any of your scripts?
The referenced script on this Behaviour (Game Object 'New Magio Effect-lightning') is missing!
A scripted object (probably Magio.PreviewMagioVFXController?) has a different serialization layout when loading. (Read 32 bytes but expected 48 bytes)
Did you #if UNITY_EDITOR a section of your serialized properties in any of your scripts?
The referenced script on this Behaviour (Game Object 'New Magio Effect-fire') is missing!
A scripted object (probably Magio.PreviewMagioVFXController?) has a different serialization layout when loading. (Read 32 bytes but expected 48 bytes)
Did you #if UNITY_EDITOR a section of your serialized properties in any of your scripts?
The referenced script on this Behaviour (Game Object 'New Magio Effect-lightning') is missing!
A scripted object (probably Magio.PreviewMagioVFXController?) has a different serialization layout when loading. (Read 32 bytes but expected 48 bytes)
Did you #if UNITY_EDITOR a section of your serialized properties in any of your scripts?
The referenced script on this Behaviour (Game Object 'Magica Mesh Cloth (Rifle_Full_Body) (1)') is missing!
The referenced script on this Behaviour (Game Object 'Magica Capsule Collider (head)') is missing!
The referenced script on this Behaviour (Game Object 'Magica Sphere Collider (spine_02)') is missing!
The referenced script on this Behaviour (Game Object 'Magica Capsule Collider (spine_03)') is missing!
The referenced script on this Behaviour (Game Object 'Magica Capsule Collider (lowerarm_r)') is missing!
The referenced script on this Behaviour (Game Object 'Magica Capsule Collider (upperarm_r)') is missing!
The referenced script on this Behaviour (Game Object 'New Magio Effect-lightning') is missing!
A scripted object (probably Magio.PreviewMagioVFXController?) has a different serialization layout when loading. (Read 32 bytes but expected 48 bytes)
Did you #if UNITY_EDITOR a section of your serialized properties in any of your scripts?
The referenced script on this Behaviour (Game Object 'New Magio Effect-fire') is missing!
A scripted object (probably Magio.PreviewMagioVFXController?) has a different serialization layout when loading. (Read 32 bytes but expected 48 bytes)
Did you #if UNITY_EDITOR a section of your serialized properties in any of your scripts?
The referenced script on this Behaviour (Game Object 'New Magio Effect-fire') is missing!
A scripted object (probably Magio.PreviewMagioVFXController?) has a different serialization layout when loading. (Read 32 bytes but expected 48 bytes)
Did you #if UNITY_EDITOR a section of your serialized properties in any of your scripts?
The referenced script on this Behaviour (Game Object 'New Magio Effect-fire') is missing!
A scripted object (probably Magio.PreviewMagioVFXController?) has a different serialization layout when loading. (Read 32 bytes but expected 48 bytes)
Did you #if UNITY_EDITOR a section of your serialized properties in any of your scripts?
The referenced script on this Behaviour (Game Object 'New Magio Effect-fire') is missing!
A scripted object (probably Magio.PreviewMagioVFXController?) has a different serialization layout when loading. (Read 32 bytes but expected 48 bytes)
Did you #if UNITY_EDITOR a section of your serialized properties in any of your scripts?
The referenced script on this Behaviour (Game Object 'New Magio Effect-stone') is missing!
A scripted object (probably Magio.PreviewMagioShaderController?) has a different serialization layout when loading. (Read 32 bytes but expected 48 bytes)
Did you #if UNITY_EDITOR a section of your serialized properties in any of your scripts?
The referenced script on this Behaviour (Game Object 'New Magio Effect-stone') is missing!
A scripted object (probably Magio.PreviewMagioShaderController?) has a different serialization layout when loading. (Read 32 bytes but expected 48 bytes)
Did you #if UNITY_EDITOR a section of your serialized properties in any of your scripts?
The referenced script on this Behaviour (Game Object 'Magica Capsule Collider (spine_01)') is missing!
The referenced script on this Behaviour (Game Object 'New Magio Effect-stone') is missing!
A scripted object (probably Magio.PreviewMagioShaderController?) has a different serialization layout when loading. (Read 32 bytes but expected 48 bytes)
Did you #if UNITY_EDITOR a section of your serialized properties in any of your scripts?
The referenced script on this Behaviour (Game Object 'New Magio Effect-stone') is missing!
A scripted object (probably Magio.PreviewMagioShaderController?) has a different serialization layout when loading. (Read 32 bytes but expected 48 bytes)
Did you #if UNITY_EDITOR a section of your serialized properties in any of your scripts?
The referenced script on this Behaviour (Game Object 'New Magio Effect-stone') is missing!
A scripted object (probably Magio.PreviewMagioShaderController?) has a different serialization layout when loading. (Read 32 bytes but expected 48 bytes)
Did you #if UNITY_EDITOR a section of your serialized properties in any of your scripts?
The referenced script on this Behaviour (Game Object 'CheatModeManager') is missing!
The referenced script on this Behaviour (Game Object 'CheatModeManager') is missing!
The referenced script on this Behaviour (Game Object 'New Magio Effect-stone') is missing!
A scripted object (probably Magio.PreviewMagioShaderController?) has a different serialization layout when loading. (Read 32 bytes but expected 48 bytes)
Did you #if UNITY_EDITOR a section of your serialized properties in any of your scripts?
The referenced script on this Behaviour (Game Object 'New Magio Effect-fire') is missing!
A scripted object (probably Magio.PreviewMagioVFXController?) has a different serialization layout when loading. (Read 32 bytes but expected 48 bytes)
Did you #if UNITY_EDITOR a section of your serialized properties in any of your scripts?
The referenced script on this Behaviour (Game Object 'New Magio Effect-fire') is missing!
A scripted object (probably Magio.PreviewMagioVFXController?) has a different serialization layout when loading. (Read 32 bytes but expected 48 bytes)
Did you #if UNITY_EDITOR a section of your serialized properties in any of your scripts?
The referenced script on this Behaviour (Game Object 'New Magio Effect-fire') is missing!
A scripted object (probably Magio.PreviewMagioVFXController?) has a different serialization layout when loading. (Read 32 bytes but expected 48 bytes)
Did you #if UNITY_EDITOR a section of your serialized properties in any of your scripts?
The referenced script on this Behaviour (Game Object 'New Magio Effect-lightning') is missing!
A scripted object (probably Magio.PreviewMagioVFXController?) has a different serialization layout when loading. (Read 32 bytes but expected 48 bytes)
Did you #if UNITY_EDITOR a section of your serialized properties in any of your scripts?
The referenced script on this Behaviour (Game Object 'Magica Capsule Collider (upperarm_l)') is missing!
The referenced script on this Behaviour (Game Object 'Magica Virtual Deformer (Rifle_Hair) (1)') is missing!
The referenced script on this Behaviour (Game Object 'New Magio Effect-fire') is missing!
A scripted object (probably Magio.PreviewMagioVFXController?) has a different serialization layout when loading. (Read 32 bytes but expected 48 bytes)
Did you #if UNITY_EDITOR a section of your serialized properties in any of your scripts?
The referenced script on this Behaviour (Game Object 'New Magio Effect-fire') is missing!
A scripted object (probably Magio.PreviewMagioVFXController?) has a different serialization layout when loading. (Read 32 bytes but expected 48 bytes)
Did you #if UNITY_EDITOR a section of your serialized properties in any of your scripts?
The referenced script on this Behaviour (Game Object 'New Magio Effect-stone') is missing!
A scripted object (probably Magio.PreviewMagioShaderController?) has a different serialization layout when loading. (Read 32 bytes but expected 48 bytes)
Did you #if UNITY_EDITOR a section of your serialized properties in any of your scripts?
The referenced script on this Behaviour (Game Object 'New Magio Effect-stone') is missing!
A scripted object (probably Magio.PreviewMagioShaderController?) has a different serialization layout when loading. (Read 32 bytes but expected 48 bytes)
Did you #if UNITY_EDITOR a section of your serialized properties in any of your scripts?
The referenced script on this Behaviour (Game Object 'Magica Capsule Collider (upperarm_r)') is missing!
The referenced script on this Behaviour (Game Object 'Magica Capsule Collider (clavicle_l)') is missing!
The referenced script on this Behaviour (Game Object 'New Magio Effect-lightning') is missing!
A scripted object (probably Magio.PreviewMagioVFXController?) has a different serialization layout when loading. (Read 32 bytes but expected 48 bytes)
Did you #if UNITY_EDITOR a section of your serialized properties in any of your scripts?
The referenced script on this Behaviour (Game Object 'New Magio Effect-stone') is missing!
A scripted object (probably Magio.PreviewMagioShaderController?) has a different serialization layout when loading. (Read 32 bytes but expected 48 bytes)
Did you #if UNITY_EDITOR a section of your serialized properties in any of your scripts?
The referenced script on this Behaviour (Game Object 'New Magio Effect-stone') is missing!
A scripted object (probably Magio.PreviewMagioShaderController?) has a different serialization layout when loading. (Read 32 bytes but expected 48 bytes)
Did you #if UNITY_EDITOR a section of your serialized properties in any of your scripts?
The referenced script on this Behaviour (Game Object 'Magica Capsule Collider (lowerarm_r)') is missing!
The referenced script on this Behaviour (Game Object 'New Magio Effect-stone') is missing!
A scripted object (probably Magio.PreviewMagioShaderController?) has a different serialization layout when loading. (Read 32 bytes but expected 48 bytes)
Did you #if UNITY_EDITOR a section of your serialized properties in any of your scripts?
The referenced script on this Behaviour (Game Object 'New Magio Effect-fire') is missing!
A scripted object (probably Magio.PreviewMagioVFXController?) has a different serialization layout when loading. (Read 32 bytes but expected 48 bytes)
Did you #if UNITY_EDITOR a section of your serialized properties in any of your scripts?
The referenced script on this Behaviour (Game Object 'Rifle_Hair') is missing!
The referenced script on this Behaviour (Game Object 'New Magio Effect-stone') is missing!
A scripted object (probably Magio.PreviewMagioShaderController?) has a different serialization layout when loading. (Read 32 bytes but expected 48 bytes)
Did you #if UNITY_EDITOR a section of your serialized properties in any of your scripts?
The referenced script on this Behaviour (Game Object 'New Magio Effect-fire') is missing!
A scripted object (probably Magio.PreviewMagioVFXController?) has a different serialization layout when loading. (Read 32 bytes but expected 48 bytes)
Did you #if UNITY_EDITOR a section of your serialized properties in any of your scripts?
The referenced script on this Behaviour (Game Object 'New Magio Effect-lightning') is missing!
A scripted object (probably Magio.PreviewMagioVFXController?) has a different serialization layout when loading. (Read 32 bytes but expected 48 bytes)
Did you #if UNITY_EDITOR a section of your serialized properties in any of your scripts?
The referenced script on this Behaviour (Game Object 'New Magio Effect-stone') is missing!
A scripted object (probably Magio.PreviewMagioShaderController?) has a different serialization layout when loading. (Read 32 bytes but expected 48 bytes)
Did you #if UNITY_EDITOR a section of your serialized properties in any of your scripts?
The referenced script on this Behaviour (Game Object 'Magica Capsule Collider (lowerarm_l)') is missing!
The referenced script on this Behaviour (Game Object 'Magica Capsule Collider (clavicle_l)') is missing!
The referenced script on this Behaviour (Game Object 'New Magio Effect-fire') is missing!
A scripted object (probably Magio.PreviewMagioVFXController?) has a different serialization layout when loading. (Read 32 bytes but expected 48 bytes)
Did you #if UNITY_EDITOR a section of your serialized properties in any of your scripts?
The referenced script on this Behaviour (Game Object 'New Magio Effect-fire') is missing!
A scripted object (probably Magio.PreviewMagioVFXController?) has a different serialization layout when loading. (Read 32 bytes but expected 48 bytes)
Did you #if UNITY_EDITOR a section of your serialized properties in any of your scripts?
The referenced script on this Behaviour (Game Object 'New Magio Effect-stone') is missing!
A scripted object (probably Magio.PreviewMagioShaderController?) has a different serialization layout when loading. (Read 32 bytes but expected 48 bytes)
Did you #if UNITY_EDITOR a section of your serialized properties in any of your scripts?
The referenced script on this Behaviour (Game Object 'New Magio Effect-stone') is missing!
A scripted object (probably Magio.PreviewMagioShaderController?) has a different serialization layout when loading. (Read 32 bytes but expected 48 bytes)
Did you #if UNITY_EDITOR a section of your serialized properties in any of your scripts?
The referenced script on this Behaviour (Game Object 'New Magio Effect-stone') is missing!
A scripted object (probably Magio.PreviewMagioShaderController?) has a different serialization layout when loading. (Read 32 bytes but expected 48 bytes)
Did you #if UNITY_EDITOR a section of your serialized properties in any of your scripts?
Unloading 6 Unused Serialized files (Serialized files now loaded: 1)
[Info   :  WCP Host] WcpHost: 长帧 266ms — mod 本帧占用 0.0ms（0.0%） GC本帧=0:0 1:0 2:0 本帧 Top=无 mod 操作
[Info   :  WCP Host] WcpHost: 长帧 183ms — mod 本帧占用 0.0ms（0.0%） GC本帧=0:0 1:0 2:0 本帧 Top=无 mod 操作
[Info   :  WCP Host] WcpHost: 长帧 178ms — mod 本帧占用 0.0ms（0.0%） GC本帧=0:0 1:0 2:0 本帧 Top=无 mod 操作
[Info   :  WCP Host] WcpHost: 性能哨兵 fps=15.2 帧=153 最差帧=330ms 卡顿帧(>=50ms)=88 窗口=10.0s | mod 主线程占用=21.0ms/窗口，长帧=7 次 | GC窗口=0:3 1:3 2:3 堆=+0MB | 快路径命中=内存词表指纹 10/10 | 窗口 Top（累计）=身份:托管登记 x10=18.6ms(单次3.0ms) ; 身份:Evaluate x10=2.4ms(单次0.3ms) ; 身份:匹配内存词表 x10=1.1ms(单次0.1ms) ; 身份:读落盘书名 x10=1.0ms(单次0.2ms) ; 身份:读内存词表 x10=0.2ms(单次0.0ms) ; 补丁:Sync x10=0.0ms(单次0.0ms) ; 身份:槽号 x10=0.0ms(单次0.0ms)
[Info   :  WCP Host] WcpHost: 长帧 237ms — mod 本帧占用 0.0ms（0.0%） GC本帧=0:0 1:0 2:0 本帧 Top=无 mod 操作
[Info   :  WCP Host] WcpHost: 长帧 283ms — mod 本帧占用 1.6ms（0.6%） GC本帧=0:0 1:0 2:0 本帧 Top=身份:托管登记 x1=1.5ms(单次1.5ms) ; 身份:Evaluate x1=0.2ms(单次0.2ms) ; 身份:匹配内存词表 x1=0.1ms(单次0.1ms) ; 身份:读落盘书名 x1=0.1ms(单次0.1ms) ; 身份:读内存词表 x1=0.0ms(单次0.0ms) ; 补丁:Sync x1=0.0ms(单次0.0ms) ; 身份:槽号 x1=0.0ms(单次0.0ms)
[Info   :  WCP Host] WcpHost: 长帧 282ms — mod 本帧占用 0.0ms（0.0%） GC本帧=0:0 1:0 2:0 本帧 Top=无 mod 操作
[Info   :  WCP Host] WcpHost: 长帧 216ms — mod 本帧占用 2.3ms（1.1%） GC本帧=0:0 1:0 2:0 本帧 Top=身份:托管登记 x1=2.1ms(单次2.1ms) ; 身份:Evaluate x1=0.3ms(单次0.3ms) ; 身份:匹配内存词表 x1=0.1ms(单次0.1ms) ; 身份:读落盘书名 x1=0.1ms(单次0.1ms) ; 身份:读内存词表 x1=0.0ms(单次0.0ms) ; 身份:槽号 x1=0.0ms(单次0.0ms) ; 补丁:Sync x1=0.0ms(单次0.0ms)
[Info   :  WCP Host] WcpHost: 长帧 152ms — mod 本帧占用 0.0ms（0.0%） GC本帧=0:0 1:0 2:0 本帧 Top=无 mod 操作
[Info   :  WCP Host] WcpHost: 长帧 430ms — mod 本帧占用 0.0ms（0.0%） GC本帧=0:0 1:0 2:0 本帧 Top=无 mod 操作
[Info   :  WCP Host] WcpHost: 长帧 174ms — mod 本帧占用 0.0ms（0.0%） GC本帧=0:0 1:0 2:0 本帧 Top=无 mod 操作
[Info   :  WCP Host] WcpHost: 长帧 155ms — mod 本帧占用 0.0ms（0.0%） GC本帧=0:0 1:0 2:0 本帧 Top=无 mod 操作
[Info   :  WCP Host] WcpHost: 长帧 168ms — mod 本帧占用 0.0ms（0.0%） GC本帧=0:0 1:0 2:0 本帧 Top=无 mod 操作
[Info   :  WCP Host] WcpHost: 长帧 298ms — mod 本帧占用 0.0ms（0.0%） GC本帧=0:0 1:0 2:0 本帧 Top=无 mod 操作
[Info   :  WCP Host] WcpHost: 长帧 247ms — mod 本帧占用 1.9ms（0.8%） GC本帧=0:0 1:0 2:0 本帧 Top=身份:托管登记 x1=1.6ms(单次1.6ms) ; 身份:Evaluate x1=0.4ms(单次0.4ms) ; 身份:读落盘书名 x1=0.2ms(单次0.2ms) ; 身份:匹配内存词表 x1=0.1ms(单次0.1ms) ; 身份:读内存词表 x1=0.0ms(单次0.0ms) ; 身份:槽号 x1=0.0ms(单次0.0ms) ; 补丁:Sync x1=0.0ms(单次0.0ms)
[Info   :  WCP Host] WcpHost: 长帧 175ms — mod 本帧占用 0.0ms（0.0%） GC本帧=0:0 1:0 2:0 本帧 Top=无 mod 操作
[Info   :  WCP Host] WcpHost: 长帧 235ms — mod 本帧占用 0.0ms（0.0%） GC本帧=0:0 1:0 2:0 本帧 Top=无 mod 操作
[Info   :  WCP Host] WcpHost: 长帧 253ms — mod 本帧占用 0.0ms（0.0%） GC本帧=0:0 1:0 2:0 本帧 Top=无 mod 操作
UnloadTime: 0.526900 ms
SALSA-manager-npc-Girl2 [CrazyMinnow.SALSA.Emoter] configuration is not complete. STOP runtime, RESOLVE configuration, and PLAY again. If this is a runtime configuration, this message can be ignored.
SALSA-manager-npc-Girl1 [CrazyMinnow.SALSA.Emoter] configuration is not complete. STOP runtime, RESOLVE configuration, and PLAY again. If this is a runtime configuration, this message can be ignored.
SALSA-manager-Girl1 [CrazyMinnow.SALSA.Emoter] configuration is not complete. STOP runtime, RESOLVE configuration, and PLAY again. If this is a runtime configuration, this message can be ignored.
SALSA-manager-npc-Girl5 (1) [CrazyMinnow.SALSA.Emoter] configuration is not complete. STOP runtime, RESOLVE configuration, and PLAY again. If this is a runtime configuration, this message can be ignored.
PersistentSceneCacheManager: 新实例（ID: 84952）已被设置为全局单例 Instance。
SALSA-manager-npc-Girl5 [CrazyMinnow.SALSA.Emoter] configuration is not complete. STOP runtime, RESOLVE configuration, and PLAY again. If this is a runtime configuration, this message can be ignored.
SALSA-manager-npc-Girl4 [CrazyMinnow.SALSA.Emoter] configuration is not complete. STOP runtime, RESOLVE configuration, and PLAY again. If this is a runtime configuration, this message can be ignored.
SALSA-manager-npc-Girl3 [CrazyMinnow.SALSA.Emoter] configuration is not complete. STOP runtime, RESOLVE configuration, and PLAY again. If this is a runtime configuration, this message can be ignored.
MyParameters.ClothesShopDays-->3
【printerX】StoryManagerS4.JustPlay->Play
【printerX】MyParameters.finishPlotTimes[0]->0
【printerX】MyParameters.finishPlotTimes[1]->0
【printerX】MyParameters.finishPlotTimes[2]->0
【printerX】MyParameters.finishPlotTimes[3]->0
【printerX】MyParameters.finishPlotTimes[4]->0
【printerX】MyParameters.G1_PlotDone->0
【printerX】MyParameters.G2_PlotDone->0
【printerX】MyParameters.G3_PlotDone->0
【printerX】MyParameters.G4_PlotDone->0
【printerX】MyParameters.G5_PlotDone->0
【printerX】MyParameters.memoryModeIf->False
PersistentSceneCacheManager: 开始后台预读 2 个场景...
更新了礼品店商品！！   新的刷新时间为：2026/9/19 0:18:43
更新了礼品店商品！！   新的刷新时间为：2026/9/19 0:18:45
更新了食品店商品！！   新的刷新时间为：2026/9/19 0:18:46
更新了宝箱店商品！！   新的刷新时间为：2026/9/19 0:18:46
testerXXXX--->无畏者光剑 huo 无畏者光剑---->短竹-黄
testerXXXX--->无畏者光剑 huo 无畏者光剑---->浅草
更新了兼职工作！！   新的刷新时间为：2026/9/19 0:18:54
自动更新了npc人物！！   新的刷新时间为：2026/9/19 0:18:54
竞技场人物更新
MyParameters.Initial_PlotDone-->3
The character with Unicode value \u89C9 was not found in the [LiberationSans SDF] font asset or any potential fallbacks. It was replaced by Unicode character \u25A1 in text object [Text (TMP)].
The character with Unicode value \u9192 was not found in the [LiberationSans SDF] font asset or any potential fallbacks. It was replaced by Unicode character \u25A1 in text object [Text (TMP)].
The character with Unicode value \u53D8 was not found in the [LiberationSans SDF] font asset or any potential fallbacks. It was replaced by Unicode character \u25A1 in text object [Text (TMP)].
The character with Unicode value \u8EAB was not found in the [LiberationSans SDF] font asset or any potential fallbacks. It was replaced by Unicode character \u25A1 in text object [Text (TMP)].
The character with Unicode value \u89C9 was not found in the [LiberationSans SDF] font asset or any potential fallbacks. It was replaced by Unicode character \u25A1 in text object [Text (TMP)].
The character with Unicode value \u9192 was not found in the [LiberationSans SDF] font asset or any potential fallbacks. It was replaced by Unicode character \u25A1 in text object [Text (TMP)].
The character with Unicode value \u53D8 was not found in the [LiberationSans SDF] font asset or any potential fallbacks. It was replaced by Unicode character \u25A1 in text object [Text (TMP)].
The character with Unicode value \u8EAB was not found in the [LiberationSans SDF] font asset or any potential fallbacks. It was replaced by Unicode character \u25A1 in text object [Text (TMP)].
Unloading 72 unused Assets to reduce memory usage. Loaded Objects now: 55869.
Total: 48.349900 ms (FindLiveObjects: 9.592800 ms CreateObjectMapping: 0.989500 ms MarkObjects: 36.537400 ms  DeleteObjects: 1.229700 ms)

[Info   :  WCP Host] WcpHost: 长帧 17408ms — mod 本帧占用 1.5ms（0.0%） GC本帧=0:1 1:1 2:1 本帧 Top=身份:托管登记 x1=1.3ms(单次1.3ms) ; 身份:Evaluate x1=0.2ms(单次0.2ms) ; 身份:匹配内存词表 x1=0.1ms(单次0.1ms) ; 身份:读落盘书名 x1=0.1ms(单次0.1ms) ; 身份:读内存词表 x1=0.0ms(单次0.0ms) ; 身份:槽号 x1=0.0ms(单次0.0ms) ; 补丁:Sync x1=0.0ms(单次0.0ms)
[Info   :  WCP Host] WcpHost: 性能哨兵 fps=2.5 帧=58 最差帧=17408ms 卡顿帧(>=50ms)=36 窗口=23.1s | mod 主线程占用=16.0ms/窗口，长帧=15 次 | GC窗口=0:144 1:144 2:144 堆=+20MB | 快路径命中=内存词表指纹 9/9 | 窗口 Top（累计）=身份:托管登记 x6=10.7ms(单次2.5ms) ; 身份:读落盘书名 x9=4.1ms(单次2.0ms) ; 场景:强制校正 x3=3.8ms(单次2.1ms) ; ES3:落盘书名 x2=2.8ms(单次1.7ms) ; 身份:Evaluate x6=1.5ms(单次0.4ms) ; 身份:匹配内存词表 x9=0.9ms(单次0.1ms) ; 身份:读内存词表 x9=0.2ms(单次0.0ms) ; 身份:槽号 x9=0.0ms(单次0.0ms) ; 补丁:Sync x6=0.0ms(单次0.0ms)
The referenced script (Magio.PreviewMagioVFXController) on this Behaviour is missing!
The referenced script (Magio.PreviewMagioVFXController) on this Behaviour is missing!
The referenced script on this Behaviour (Game Object 'skirt_center.L') is missing!
The referenced script on this Behaviour (Game Object 'skirt_side.L') is missing!
The referenced script on this Behaviour (Game Object 'boobs.R') is missing!
The referenced script on this Behaviour (Game Object 'R_jacket.001') is missing!
The referenced script on this Behaviour (Game Object 'ULegCollider.L') is missing!
The referenced script on this Behaviour (Game Object 'headcol (1)') is missing!
The referenced script on this Behaviour (Game Object 'armcol_R (1)') is missing!
The referenced script on this Behaviour (Game Object 'corset_ribbon.root') is missing!
The referenced script on this Behaviour (Game Object 'L_jacket.002') is missing!
The referenced script on this Behaviour (Game Object 'armcol_L (1)') is missing!
The referenced script on this Behaviour (Game Object 'L_jacket.001') is missing!
The referenced script on this Behaviour (Game Object 'hair_side.R.004') is missing!
The referenced script on this Behaviour (Game Object 'skirt_center.R') is missing!
The referenced script on this Behaviour (Game Object 'skirt.L') is missing!
The referenced script on this Behaviour (Game Object 'armcol_R (2)') is missing!
The referenced script on this Behaviour (Game Object 'hip_col') is missing!
The referenced script on this Behaviour (Game Object 'New Magio Effect-fire') is missing!
A scripted object (probably Magio.PreviewMagioVFXController?) has a different serialization layout when loading. (Read 32 bytes but expected 48 bytes)
Did you #if UNITY_EDITOR a section of your serialized properties in any of your scripts?
The referenced script on this Behaviour (Game Object 'leg_col_R') is missing!
The referenced script on this Behaviour (Game Object 'Lower Leg.R.001') is missing!
The referenced script on this Behaviour (Game Object 'hair_center') is missing!
The referenced script on this Behaviour (Game Object 'Upper Leg.R') is missing!
The referenced script on this Behaviour (Game Object 'breast.root') is missing!
The referenced script on this Behaviour (Game Object 'bigribon') is missing!
The referenced script on this Behaviour (Game Object 'skirt_back.L') is missing!
The referenced script on this Behaviour (Game Object 'arm_ribbon.root.L') is missing!
The referenced script on this Behaviour (Game Object 'arm_ribbon.root.R') is missing!
The referenced script on this Behaviour (Game Object 'R_strap2.001') is missing!
The referenced script on this Behaviour (Game Object 'leg_col_L') is missing!
The referenced script on this Behaviour (Game Object 'Lower Leg.L.001') is missing!
The referenced script on this Behaviour (Game Object 'necklace.001') is missing!
The referenced script on this Behaviour (Game Object 'skirt_center') is missing!
The referenced script on this Behaviour (Game Object 'chestcol_ponytail') is missing!
The referenced script on this Behaviour (Game Object 'hair_side.L.004') is missing!
The referenced script on this Behaviour (Game Object 'boobs.L') is missing!
The referenced script on this Behaviour (Game Object 'Bootlace.L') is missing!
The referenced script on this Behaviour (Game Object 'ULegCollider.R') is missing!
The referenced script on this Behaviour (Game Object 'Lower Arm.L.001') is missing!
The referenced script on this Behaviour (Game Object 'New Magio Effect-fire') is missing!
A scripted object (probably Magio.PreviewMagioVFXController?) has a different serialization layout when loading. (Read 32 bytes but expected 48 bytes)
Did you #if UNITY_EDITOR a section of your serialized properties in any of your scripts?
The referenced script on this Behaviour (Game Object 'bunny.L') is missing!
The referenced script on this Behaviour (Game Object 'hair_side.L') is missing!
The referenced script on this Behaviour (Game Object 'skirt_side.R') is missing!
The referenced script on this Behaviour (Game Object 'skirt_back') is missing!
The referenced script on this Behaviour (Game Object 'L_strap2.001') is missing!
The referenced script on this Behaviour (Game Object 'Lower Arm.R.001') is missing!
The referenced script on this Behaviour (Game Object 'bunny.R') is missing!
The referenced script on this Behaviour (Game Object 'skirt_back.R') is missing!
The referenced script on this Behaviour (Game Object 'skirt.root') is missing!
The referenced script on this Behaviour (Game Object 'skirt.root') is missing!
The referenced script on this Behaviour (Game Object 'skirt.root') is missing!
The referenced script on this Behaviour (Game Object 'skirt.root') is missing!
The referenced script on this Behaviour (Game Object 'skirt.root') is missing!
The referenced script on this Behaviour (Game Object 'skirt.root') is missing!
The referenced script on this Behaviour (Game Object 'skirt.root') is missing!
The referenced script on this Behaviour (Game Object 'skirt.root') is missing!
The referenced script on this Behaviour (Game Object 'skirt.root') is missing!
The referenced script on this Behaviour (Game Object 'skirt.root') is missing!
The referenced script on this Behaviour (Game Object 'chestcol_2') is missing!
The referenced script on this Behaviour (Game Object 'Bootlace.R') is missing!
The referenced script on this Behaviour (Game Object 'L_jacket.003') is missing!
The referenced script on this Behaviour (Game Object 'skirt.R') is missing!
The referenced script on this Behaviour (Game Object 'FloorCollider') is missing!
The referenced script on this Behaviour (Game Object 'R_strap.001') is missing!
The referenced script on this Behaviour (Game Object 'zipslider') is missing!
The referenced script on this Behaviour (Game Object 'キャミソール') is missing!
The referenced script on this Behaviour (Game Object 'Upper Leg.L') is missing!
The referenced script on this Behaviour (Game Object 'Bjacket') is missing!
The referenced script on this Behaviour (Game Object 'headcol') is missing!
The referenced script on this Behaviour (Game Object 'R_jacket.003') is missing!
The referenced script on this Behaviour (Game Object 'HipCollider') is missing!
The referenced script on this Behaviour (Game Object 'L_strap.001') is missing!
The referenced script on this Behaviour (Game Object 'armcol_L (2)') is missing!
The referenced script on this Behaviour (Game Object 'chestcol_1') is missing!
The referenced script on this Behaviour (Game Object 'choker') is missing!
The referenced script on this Behaviour (Game Object 'R_jacket.002') is missing!
The referenced script on this Behaviour (Game Object 'tail_root') is missing!
The referenced script on this Behaviour (Game Object 'hair_side.R') is missing!
[Info   :  WCP Host] WcpHost: 长帧 301ms — mod 本帧占用 0.0ms（0.0%） GC本帧=0:0 1:0 2:0 本帧 Top=无 mod 操作
[Info   :  WCP Host] WcpHost: 长帧 164ms — mod 本帧占用 2.4ms（1.5%） GC本帧=0:0 1:0 2:0 本帧 Top=身份:托管登记 x1=2.0ms(单次2.0ms) ; 身份:Evaluate x1=0.4ms(单次0.4ms) ; 身份:读落盘书名 x1=0.2ms(单次0.2ms) ; 身份:匹配内存词表 x1=0.2ms(单次0.2ms) ; 身份:读内存词表 x1=0.0ms(单次0.0ms) ; 补丁:Sync x1=0.0ms(单次0.0ms) ; 身份:槽号 x1=0.0ms(单次0.0ms)
There can be only one active Event System.
RenderPipeline 不一致，正在切换到: MyURP_Asset
背包场景初始化运行
initial showLine---->25
after showLine---->26
场景 Scene14_Equipment 预热完成（已在内存中隐藏）
There are 2 Transition Managers in your scene. Please ensure there is only one Transition Manager in your scene or overlapping transitions may occur.
[Info   :  WCP Host] WcpHost: 长帧 1697ms — mod 本帧占用 3.2ms（0.2%） GC本帧=0:0 1:0 2:0 本帧 Top=身份:托管登记 x1=1.9ms(单次1.9ms) ; 身份:Evaluate x1=1.3ms(单次1.3ms) ; 身份:读落盘书名 x1=1.3ms(单次1.3ms) ; ES3:落盘书名 x1=1.2ms(单次1.2ms) ; 身份:匹配内存词表 x1=0.0ms(单次0.0ms) ; 身份:读内存词表 x1=0.0ms(单次0.0ms) ; 身份:槽号 x1=0.0ms(单次0.0ms) ; 补丁:Sync x1=0.0ms(单次0.0ms)
[Info   :  WCP Host] WcpHost: 长帧 606ms — mod 本帧占用 0.0ms（0.0%） GC本帧=0:0 1:0 2:0 本帧 Top=无 mod 操作
加载成功 -> Index: 0 | Key: Assets/Scenes/PeoplePrefabFinal/13.prefab
currentNumX--->0  MyParameters.MerchantFightTimes[currentNumX]---->2
tester--> unlockedthispersonIf--->False
完成预读取
要解锁成就啦！
场景 Scene18_Gallery 预热完成（已在内存中隐藏）
<color=green>所有场景预热完毕，可以开始高性能秒换！</color>
There are 3 Transition Managers in your scene. Please ensure there is only one Transition Manager in your scene or overlapping transitions may occur.
Unloading 11 Unused Serialized files (Serialized files now loaded: 3)
SALSA: The controller for ('SALSA-manager-Girl2'::small::component 0) is missing. Ensure you have not deleted it with another script or process.
SALSA: The controller for ('SALSA-manager-Girl2'::medium::component 0) is missing. Ensure you have not deleted it with another script or process.
SALSA: The controller for ('SALSA-manager-Girl2'::big::component 0) is missing. Ensure you have not deleted it with another script or process.
SALSA: The controller for ('SALSA-manager-Girl2'::verybig::component 0) is missing. Ensure you have not deleted it with another script or process.
SALSA: The controller for ('SALSA-manager-Girl3'::small::component 0) is missing. Ensure you have not deleted it with another script or process.
SALSA: The controller for ('SALSA-manager-Girl3'::medium::component 0) is missing. Ensure you have not deleted it with another script or process.
SALSA: The controller for ('SALSA-manager-Girl3'::viseme 3::component 0) is missing. Ensure you have not deleted it with another script or process.
SALSA: The controller for ('SALSA-manager-Girl3'::big::component 0) is missing. Ensure you have not deleted it with another script or process.
SALSA: The controller for ('SALSA-manager-Girl4'::small::component 0) is missing. Ensure you have not deleted it with another script or process.
SALSA: The controller for ('SALSA-manager-Girl4'::medium::component 0) is missing. Ensure you have not deleted it with another script or process.
SALSA: The controller for ('SALSA-manager-Girl4'::big::component 0) is missing. Ensure you have not deleted it with another script or process.
SALSA: The controller for ('SALSA-manager-Girl4'::verybig::component 0) is missing. Ensure you have not deleted it with another script or process.
SALSA: The controller for ('SALSA-manager-Girl5'::small::component 0) is missing. Ensure you have not deleted it with another script or process.
SALSA: The controller for ('SALSA-manager-Girl5'::small2::component 0) is missing. Ensure you have not deleted it with another script or process.
SALSA: The controller for ('SALSA-manager-Girl5'::medium::component 0) is missing. Ensure you have not deleted it with another script or process.
SALSA: The controller for ('SALSA-manager-Girl5'::big::component 0) is missing. Ensure you have not deleted it with another script or process.
SALSA: The controller for ('SALSA-manager-Girl5'::verybig::component 0) is missing. Ensure you have not deleted it with another script or process.
SALSA: The controller for ('SALSA-manager-Girl6'::small::component 0) is missing. Ensure you have not deleted it with another script or process.
SALSA: The controller for ('SALSA-manager-Girl6'::medium::component 0) is missing. Ensure you have not deleted it with another script or process.
SALSA: The controller for ('SALSA-manager-Girl6'::viseme 3::component 0) is missing. Ensure you have not deleted it with another script or process.
SALSA: The controller for ('SALSA-manager-Girl6'::big::component 0) is missing. Ensure you have not deleted it with another script or process.
SALSA: The controller for ('SALSA-manager-Man1'::small::component 0) is missing. Ensure you have not deleted it with another script or process.
SALSA: The controller for ('SALSA-manager-Man1'::medium::component 0) is missing. Ensure you have not deleted it with another script or process.
SALSA: The controller for ('SALSA-manager-Man1'::big::component 0) is missing. Ensure you have not deleted it with another script or process.
SALSA: The controller for ('SALSA-manager-Man2'::small::component 0) is missing. Ensure you have not deleted it with another script or process.
SALSA: The controller for ('SALSA-manager-Man2'::medium::component 0) is missing. Ensure you have not deleted it with another script or process.
SALSA: The controller for ('SALSA-manager-Man2'::big::component 0) is missing. Ensure you have not deleted it with another script or process.
SALSA: The controller for ('SALSA-manager-Man2'::verybig::component 0) is missing. Ensure you have not deleted it with another script or process.
SALSA: The controller for ('SALSA-manager-npc-Man1'::small::component 0) is missing. Ensure you have not deleted it with another script or process.
SALSA: The controller for ('SALSA-manager-npc-Man1'::small2::component 0) is missing. Ensure you have not deleted it with another script or process.
SALSA: The controller for ('SALSA-manager-npc-Man1'::medium::component 0) is missing. Ensure you have not deleted it with another script or process.
SALSA: The controller for ('SALSA-manager-npc-Man1'::big::component 0) is missing. Ensure you have not deleted it with another script or process.
SALSA: The controller for ('SALSA-manager-npc-Man1'::verybig::component 0) is missing. Ensure you have not deleted it with another script or process.
SALSA: The controller for ('SALSA-manager-npc-Man3'::small::component 0) is missing. Ensure you have not deleted it with another script or process.
SALSA: The controller for ('SALSA-manager-npc-Man3'::small2::component 0) is missing. Ensure you have not deleted it with another script or process.
SALSA: The controller for ('SALSA-manager-npc-Man3'::middle::component 0) is missing. Ensure you have not deleted it with another script or process.
SALSA: The controller for ('SALSA-manager-npc-Man3'::mediumbig::component 0) is missing. Ensure you have not deleted it with another script or process.
SALSA: The controller for ('SALSA-manager-npc-Man3'::big2::component 0) is missing. Ensure you have not deleted it with another script or process.
NullReferenceException: Object reference not set to an instance of an object
  at DrunkDemo.OnDestroy () [0x00000] in <fa3150a2aa8a468cb29ac7f135fd1c69>:0 

UnloadTime: 104.756200 ms
Unloading 5397 unused Assets to reduce memory usage. Loaded Objects now: 6596.
Total: 76.552900 ms (FindLiveObjects: 0.876400 ms CreateObjectMapping: 0.950800 ms MarkObjects: 42.980200 ms  DeleteObjects: 31.744900 ms)

[Info   :  WCP Host] WcpHost: 长帧 321ms — mod 本帧占用 1.4ms（0.4%） GC本帧=0:0 1:0 2:0 本帧 Top=身份:托管登记 x1=1.3ms(单次1.3ms) ; 身份:Evaluate x1=0.1ms(单次0.1ms) ; 身份:读落盘书名 x1=0.1ms(单次0.1ms) ; 身份:匹配内存词表 x1=0.0ms(单次0.0ms) ; 身份:读内存词表 x1=0.0ms(单次0.0ms) ; 身份:槽号 x1=0.0ms(单次0.0ms) ; 补丁:Sync x1=0.0ms(单次0.0ms)
[Info   :  WCP Host] WcpHost: 长帧 605ms — mod 本帧占用 0.0ms（0.0%） GC本帧=0:0 1:0 2:0 本帧 Top=无 mod 操作
Unloading 6 Unused Serialized files (Serialized files now loaded: 1)
[Info   :  WCP Host] WcpHost: 长帧 215ms — mod 本帧占用 0.0ms（0.0%） GC本帧=0:0 1:0 2:0 本帧 Top=无 mod 操作
[Info   :  WCP Host] WcpHost: 性能哨兵 fps=12.4 帧=124 最差帧=1697ms 卡顿帧(>=50ms)=64 窗口=10.0s | mod 主线程占用=20.9ms/窗口，长帧=7 次 | GC窗口=0:7 1:7 2:7 堆=-19MB | 快路径命中=内存词表指纹 8/8 | 窗口 Top（累计）=身份:托管登记 x8=17.7ms(单次4.1ms) ; 身份:Evaluate x8=3.2ms(单次1.3ms) ; 身份:读落盘书名 x8=2.2ms(单次1.3ms) ; ES3:落盘书名 x1=1.2ms(单次1.2ms) ; 身份:匹配内存词表 x8=0.8ms(单次0.2ms) ; 身份:读内存词表 x8=0.1ms(单次0.0ms) ; 身份:槽号 x8=0.0ms(单次0.0ms) ; 补丁:Sync x8=0.0ms(单次0.0ms)
UnloadTime: 0.605900 ms
SALSA-manager-Girl1 [CrazyMinnow.SALSA.Emoter] configuration is not complete. STOP runtime, RESOLVE configuration, and PLAY again. If this is a runtime configuration, this message can be ignored.
string[]文件找到！！！！
string[]文件找到！！！！
string[]文件找到！！！！
string[]文件找到！！！！
[testerCCC]-->CompleteIf_DailyStudy--->False OpenIf_ExtraStudy-->False CompleteIf_ExtraStudy-->False
[testerAA]-->StartSettingSR_Label--->【不能】额外学习
string[]文件找到！！！！
bookNum---》7330
testerxx当前达到的解锁等级——>1
 BookObj[i]--->0   
 BookObj[i]--->1   
testerxxline基础长度——>240
testerxxline长度——>322
MyParameters.HaveLearnedDictionary.Count--->842
MyParameters.tem_ChosenBook四级大纲词汇
[Info   :WCP Custom Slots] CustomSlots: postfix num=20; plugin=ok; 程序化=是(忽略); 自定义页=是; 栈=CustomCategoryPatch.DescribeStack < CustomCategoryPatch.Postfix < WordChooseButtonS10.DMD<WordChooseButtonS10::OnBookButtonClicked> < WordChooseButtonS10.Initialize < WordChooseButtonS10.Start
我的女友是：无
testerxxxxxxxxx启动LoadHaveLearnedDictionary
[Warning:  WCP Host] WcpHost: 读取 ES3 键失败 SelfBookList5: Key "SelfBookList5" was not found in file "C:/Users/hanserdesu/AppData/LocalLow/WCP/wcp\MyBook.es3". Use Load<T>(key, defaultValue) if you want to return a default value if the key does not exist.
[Info   :  WCP Host] WcpHost: 接管语言包 ko / catbar-ko-complete
[Info   :  WCP Host] WcpHost: 已激活 · ko / catbar-ko-complete（7330 词，槽 1，策略已载入）
Unloading 55 unused Assets to reduce memory usage. Loaded Objects now: 23492.
Total: 40.761800 ms (FindLiveObjects: 2.484900 ms CreateObjectMapping: 0.809100 ms MarkObjects: 36.946700 ms  DeleteObjects: 0.520600 ms)

[Info   :  WCP Host] WcpHost: 长帧 7512ms — mod 本帧占用 422.3ms（5.6%） GC本帧=0:5 1:5 2:5 本帧 Top=运行态:Tick x1=230.9ms(单次230.9ms) ; ES3:批量写(装载) x1=130.8ms(单次130.8ms) ; 运行态:例句按钮 x1=120.1ms(单次120.1ms) ; 运行态:书名扫描 x1=100.8ms(单次100.8ms) ; ES3:批量写(提交) x1=55.5ms(单次55.5ms) ; ES3:槽位词表 x3=23.1ms(单次9.2ms) ; 运行态:队列校正 x1=7.8ms(单次7.8ms) ; 队列:授权集 x1=7.7ms(单次7.7ms) ; 身份:托管登记 x1=3.2ms(单次3.2ms) ; 身份:Evaluate x1=1.8ms(单次1.8ms) ; 镜像:投递 x1=1.7ms(单次1.7ms) ; 身份:读落盘书名 x1=1.5ms(单次1.5ms) ; …共23个标签
[Info   :  WCP Host] WcpHost: 长帧 313ms — mod 本帧占用 0.0ms（0.0%） GC本帧=0:0 1:0 2:0 本帧 Top=无 mod 操作
要解锁成就啦！
Achievement [NEW_ACHIEVEMENT_3_67] unlocked
[Info   :  WCP Host] WcpHost: 长帧 150ms — mod 本帧占用 0.0ms（0.0%） GC本帧=0:0 1:0 2:0 本帧 Top=无 mod 操作
[Info   :  WCP Host] WcpHost: 性能哨兵 fps=3.6 帧=36 最差帧=7512ms 卡顿帧(>=50ms)=24 窗口=10.0s | mod 主线程占用=1501.4ms/窗口，长帧=3 次 | GC窗口=0:20 1:20 2:20 堆=+15MB | 快路径命中=内存词表指纹 5/6 ; 槽位词表指纹 3/4 | 窗口 Top（累计）=场景:强制校正 x2=1065.2ms(单次1065.0ms) ; 运行态:场景校正 x1=795.4ms(单次795.4ms) ; 队列:规则 x4=609.9ms(单次609.6ms) ; 运行态:Tick x3=239.0ms(单次230.9ms) ; 身份:槽位归属 x4=140.2ms(单次140.0ms) ; 槽位归属:重解析 x1=139.0ms(单次139.0ms) ; ES3:批量写(装载) x1=130.8ms(单次130.8ms) ; 运行态:例句按钮 x3=123.2ms(单次120.1ms) ; 运行态:书名扫描 x3=103.6ms(单次100.8ms) ; 槽位归属:行指纹 x13=91.0ms(单次12.3ms) ; 队列:对齐 x4=64.0ms(单次64.0ms) ; ES3:批量写(提交) x1=55.5ms(单次55.5ms) ; …共33个标签
[Info   :  WCP Host] WcpHost: 长帧 1475ms — mod 本帧占用 15.5ms（1.0%） GC本帧=0:1 1:1 2:1 本帧 Top=运行态:Tick x1=8.6ms(单次8.6ms) ; 运行态:队列校正 x1=8.6ms(单次8.6ms) ; 身份:Evaluate x1=5.3ms(单次5.3ms) ; 队列:规则 x1=5.1ms(单次5.1ms) ; 身份:读落盘书名 x1=4.9ms(单次4.9ms) ; ES3:落盘书名 x1=4.8ms(单次4.8ms) ; 队列:授权集 x1=3.5ms(单次3.5ms) ; 身份:托管登记 x1=1.6ms(单次1.6ms) ; 身份:读槽位词表 x1=0.1ms(单次0.1ms) ; 身份:槽位归属 x1=0.1ms(单次0.1ms) ; 身份:匹配槽位词表 x1=0.0ms(单次0.0ms) ; 身份:匹配内存词表 x1=0.0ms(单次0.0ms) ; …共19个标签
Unloading 6 Unused Serialized files (Serialized files now loaded: 1)
SALSA: The controller for ('SALSA-manager-Girl1'::small::component 0) is missing. Ensure you have not deleted it with another script or process.
SALSA: The controller for ('SALSA-manager-Girl1'::medium-small::component 0) is missing. Ensure you have not deleted it with another script or process.
SALSA: The controller for ('SALSA-manager-Girl1'::medium-normal::component 0) is missing. Ensure you have not deleted it with another script or process.
SALSA: The controller for ('SALSA-manager-Girl1'::medium-Large::component 0) is missing. Ensure you have not deleted it with another script or process.
SALSA: The controller for ('SALSA-manager-Girl1'::big::component 0) is missing. Ensure you have not deleted it with another script or process.
SALSA: The controller for ('SALSA-manager-Girl2'::small::component 0) is missing. Ensure you have not deleted it with another script or process.
SALSA: The controller for ('SALSA-manager-Girl2'::medium::component 0) is missing. Ensure you have not deleted it with another script or process.
SALSA: The controller for ('SALSA-manager-Girl2'::big::component 0) is missing. Ensure you have not deleted it with another script or process.
SALSA: The controller for ('SALSA-manager-Girl2'::verybig::component 0) is missing. Ensure you have not deleted it with another script or process.
SALSA: The controller for ('SALSA-manager-Girl2'::huge::component 0) is missing. Ensure you have not deleted it with another script or process.
SALSA: The controller for ('SALSA-manager-Girl3'::medium::component 0) is missing. Ensure you have not deleted it with another script or process.
SALSA: The controller for ('SALSA-manager-Girl3'::medium2::component 0) is missing. Ensure you have not deleted it with another script or process.
SALSA: The controller for ('SALSA-manager-Girl3'::medium3::component 0) is missing. Ensure you have not deleted it with another script or process.
SALSA: The controller for ('SALSA-manager-Girl3'::big::component 0) is missing. Ensure you have not deleted it with another script or process.
SALSA: The controller for ('SALSA-manager-Girl3'::big2::component 0) is missing. Ensure you have not deleted it with another script or process.
SALSA: The controller for ('SALSA-manager-Girl4'::small::component 0) is missing. Ensure you have not deleted it with another script or process.
SALSA: The controller for ('SALSA-manager-Girl4'::medium::component 0) is missing. Ensure you have not deleted it with another script or process.
SALSA: The controller for ('SALSA-manager-Girl4'::big::component 0) is missing. Ensure you have not deleted it with another script or process.
SALSA: The controller for ('SALSA-manager-Girl4'::verybig::component 0) is missing. Ensure you have not deleted it with another script or process.
SALSA: The controller for ('SALSA-manager-Girl4'::viseme 4::component 0) is missing. Ensure you have not deleted it with another script or process.
SALSA: The controller for ('SALSA-manager-Girl5'::small::component 0) is missing. Ensure you have not deleted it with another script or process.
SALSA: The controller for ('SALSA-manager-Girl5'::medium::component 0) is missing. Ensure you have not deleted it with another script or process.
SALSA: The controller for ('SALSA-manager-Girl5'::big::component 0) is missing. Ensure you have not deleted it with another script or process.
SALSA: The controller for ('SALSA-manager-Girl5'::verybig::component 0) is missing. Ensure you have not deleted it with another script or process.
UnloadTime: 27.180000 ms
Unloading 2761 unused Assets to reduce memory usage. Loaded Objects now: 6804.
Total: 59.708600 ms (FindLiveObjects: 0.656100 ms CreateObjectMapping: 0.579800 ms MarkObjects: 49.613900 ms  DeleteObjects: 8.858000 ms)

[Info   :  WCP Host] WcpHost: 长帧 553ms — mod 本帧占用 0.0ms（0.0%） GC本帧=0:0 1:0 2:0 本帧 Top=无 mod 操作
The referenced script on this Behaviour (Game Object 'SaveButton') is missing!
Unloading 9 Unused Serialized files (Serialized files now loaded: 1)
UnloadTime: 0.475400 ms
Vocabulary Path: C:\Users\hanserdesu\AppData\LocalLow\WCP\vocabulary
Vocabulary Path: C:\Users\hanserdesu\AppData\LocalLow\WCP\vocabulary
Vocabulary Path: C:\Users\hanserdesu\AppData\LocalLow\WCP\vocabulary
Vocabulary Path: C:\Users\hanserdesu\AppData\LocalLow\WCP\vocabulary
The character with Unicode value \uB0B4 was not found in the [LiberationSans SDF] font asset or any potential fallbacks. It was replaced by Unicode character \u25A1 in text object [Text].
The character with Unicode value \uD6C4 was not found in the [LiberationSans SDF] font asset or any potential fallbacks. It was replaced by Unicode character \u25A1 in text object [Text].
The character with Unicode value \uB144 was not found in the [LiberationSans SDF] font asset or any potential fallbacks. It was replaced by Unicode character \u25A1 in text object [Text].
testerZZ--声音begin——》1
testerZZ--声音begin——》1
testerZZ--声音begin——》1
testerZZ--声音begin——》1
MyParameters.TimeChoose_SoundAuto_Reviwe--->揭示时
外接词库----》False
[Info   :  WCP Host] WcpHost: 例句表已装载: 7330 词 / 71 ms → C:\Users\hanserdesu\AppData\LocalLow\WCP\packs\ko\db\sentences.json（本次注入 3 句）
The character with Unicode value \uB0B4 was not found in the [SourceHanSerifCN-Heavy SDF] font asset or any potential fallbacks. It was replaced by Unicode character \u25A1 in text object [sentenceRead0].
The character with Unicode value \uD6C4 was not found in the [SourceHanSerifCN-Heavy SDF] font asset or any potential fallbacks. It was replaced by Unicode character \u25A1 in text object [sentenceRead0].
The character with Unicode value \uB144 was not found in the [SourceHanSerifCN-Heavy SDF] font asset or any potential fallbacks. It was replaced by Unicode character \u25A1 in text object [sentenceRead0].
The character with Unicode value \uC774 was not found in the [SourceHanSerifCN-Heavy SDF] font asset or any potential fallbacks. It was replaced by Unicode character \u25A1 in text object [sentenceRead0].
The character with Unicode value \uC6B0 was not found in the [SourceHanSerifCN-Heavy SDF] font asset or any potential fallbacks. It was replaced by Unicode character \u25A1 in text object [sentenceRead0].
The character with Unicode value \uB9AC was not found in the [SourceHanSerifCN-Heavy SDF] font asset or any potential fallbacks. It was replaced by Unicode character \u25A1 in text object [sentenceRead0].
The character with Unicode value \uC0DD was not found in the [SourceHanSerifCN-Heavy SDF] font asset or any potential fallbacks. It was replaced by Unicode character \u25A1 in text object [sentenceRead0].
The character with Unicode value \uD65C was not found in the [SourceHanSerifCN-Heavy SDF] font asset or any potential fallbacks. It was replaced by Unicode character \u25A1 in text object [sentenceRead0].
The character with Unicode value \uACF3 was not found in the [SourceHanSerifCN-Heavy SDF] font asset or any potential fallbacks. It was replaced by Unicode character \u25A1 in text object [sentenceRead0].
The character with Unicode value \uACF3 was not found in the [SourceHanSerifCN-Heavy SDF] font asset or any potential fallbacks. It was replaced by Unicode character \u25A1 in text object [sentenceRead0].
The character with Unicode value \uC5D0 was not found in the [SourceHanSerifCN-Heavy SDF] font asset or any potential fallbacks. It was replaced by Unicode character \u25A1 in text object [sentenceRead0].
The character with Unicode value \uC2A4 was not found in the [SourceHanSerifCN-Heavy SDF] font asset or any potential fallbacks. It was replaced by Unicode character \u25A1 in text object [sentenceRead0].
The character with Unicode value \uBA70 was not found in the [SourceHanSerifCN-Heavy SDF] font asset or any potential fallbacks. It was replaced by Unicode character \u25A1 in text object [sentenceRead0].
The character with Unicode value \uB4E4 was not found in the [SourceHanSerifCN-Heavy SDF] font asset or any potential fallbacks. It was replaced by Unicode character \u25A1 in text object [sentenceRead0].
The character with Unicode value \uC5B4 was not found in the [SourceHanSerifCN-Heavy SDF] font asset or any potential fallbacks. It was replaced by Unicode character \u25A1 in text object [sentenceRead0].
The character with Unicode value \uC788 was not found in the [SourceHanSerifCN-Heavy SDF] font asset or any potential fallbacks. It was replaced by Unicode character \u25A1 in text object [sentenceRead0].
The character with Unicode value \uC2B5 was not found in the [SourceHanSerifCN-Heavy SDF] font asset or any potential fallbacks. It was replaced by Unicode character \u25A1 in text object [sentenceRead0].
The character with Unicode value \uB2C8 was not found in the [SourceHanSerifCN-Heavy SDF] font asset or any potential fallbacks. It was replaced by Unicode character \u25A1 in text object [sentenceRead0].
The character with Unicode value \uB2E4 was not found in the [SourceHanSerifCN-Heavy SDF] font asset or any potential fallbacks. It was replaced by Unicode character \u25A1 in text object [sentenceRead0].
The character with Unicode value \uBA85 was not found in the [SourceHanSerifCN-Heavy SDF] font asset or any potential fallbacks. It was replaced by Unicode character \u25A1 in text object [meaning2format].
The character with Unicode value \uC0AC was not found in the [SourceHanSerifCN-Heavy SDF] font asset or any potential fallbacks. It was replaced by Unicode character \u25A1 in text object [meaning2format].
The character with Unicode value \uB0B4 was not found in the [SourceHanSerifCN-Heavy SDF] font asset or any potential fallbacks. It was replaced by Unicode character \u25A1 in text object [word (TMP)].
The character with Unicode value \uD6C4 was not found in the [SourceHanSerifCN-Heavy SDF] font asset or any potential fallbacks. It was replaced by Unicode character \u25A1 in text object [word (TMP)].
The character with Unicode value \uB144 was not found in the [SourceHanSerifCN-Heavy SDF] font asset or any potential fallbacks. It was replaced by Unicode character \u25A1 in text object [word (TMP)].
The character with Unicode value \uB0B4 was not found in the [SourceHanSerifCN-Heavy SDF] font asset or any potential fallbacks. It was replaced by Unicode character \u25A1 in text object [sentenceRead2].
The character with Unicode value \uD6C4 was not found in the [SourceHanSerifCN-Heavy SDF] font asset or any potential fallbacks. It was replaced by Unicode character \u25A1 in text object [sentenceRead2].
The character with Unicode value \uB144 was not found in the [SourceHanSerifCN-Heavy SDF] font asset or any potential fallbacks. It was replaced by Unicode character \u25A1 in text object [sentenceRead2].
The character with Unicode value \uC744 was not found in the [SourceHanSerifCN-Heavy SDF] font asset or any potential fallbacks. It was replaced by Unicode character \u25A1 in text object [sentenceRead2].
The character with Unicode value \uB97C was not found in the [SourceHanSerifCN-Heavy SDF] font asset or any potential fallbacks. It was replaced by Unicode character \u25A1 in text object [sentenceRead2].
The character with Unicode value \uB458 was not found in the [SourceHanSerifCN-Heavy SDF] font asset or any potential fallbacks. It was replaced by Unicode character \u25A1 in text object [sentenceRead2].
The character with Unicode value \uB7EC was not found in the [SourceHanSerifCN-Heavy SDF] font asset or any potential fallbacks. It was replaced by Unicode character \u25A1 in text object [sentenceRead2].
The character with Unicode value \uC2FC was not found in the [SourceHanSerifCN-Heavy SDF] font asset or any potential fallbacks. It was replaced by Unicode character \u25A1 in text object [sentenceRead2].
The character with Unicode value \uB17C was not found in the [SourceHanSerifCN-Heavy SDF] font asset or any potential fallbacks. It was replaced by Unicode character \u25A1 in text object [sentenceRead2].
The character with Unicode value \uC758 was not found in the [SourceHanSerifCN-Heavy SDF] font asset or any potential fallbacks. It was replaced by Unicode character \u25A1 in text object [sentenceRead2].
The character with Unicode value \uAC00 was not found in the [SourceHanSerifCN-Heavy SDF] font asset or any potential fallbacks. It was replaced by Unicode character \u25A1 in text object [sentenceRead2].
The character with Unicode value \uD65C was not found in the [SourceHanSerifCN-Heavy SDF] font asset or any potential fallbacks. It was replaced by Unicode character \u25A1 in text object [sentenceRead2].
The character with Unicode value \uBC1C was not found in the [SourceHanSerifCN-Heavy SDF] font asset or any potential fallbacks. It was replaced by Unicode character \u25A1 in text object [sentenceRead2].
The character with Unicode value \uD574 was not found in the [SourceHanSerifCN-Heavy SDF] font asset or any potential fallbacks. It was replaced by Unicode character \u25A1 in text object [sentenceRead2].
The character with Unicode value \uC9C0 was not found in the [SourceHanSerifCN-Heavy SDF] font asset or any potential fallbacks. It was replaced by Unicode character \u25A1 in text object [sentenceRead2].
The character with Unicode value \uACE0 was not found in the [SourceHanSerifCN-Heavy SDF] font asset or any potential fallbacks. It was replaced by Unicode character \u25A1 in text object [sentenceRead2].
The character with Unicode value \uC788 was not found in the [SourceHanSerifCN-Heavy SDF] font asset or any potential fallbacks. It was replaced by Unicode character \u25A1 in text object [sentenceRead2].
The character with Unicode value \uC2B5 was not found in the [SourceHanSerifCN-Heavy SDF] font asset or any potential fallbacks. It was replaced by Unicode character \u25A1 in text object [sentenceRead2].
The character with Unicode value \uB2C8 was not found in the [SourceHanSerifCN-Heavy SDF] font asset or any potential fallbacks. It was replaced by Unicode character \u25A1 in text object [sentenceRead2].
The character with Unicode value \uB2E4 was not found in the [SourceHanSerifCN-Heavy SDF] font asset or any potential fallbacks. It was replaced by Unicode character \u25A1 in text object [sentenceRead2].
The character with Unicode value \uBA85 was not found in the [SourceHanSerifCN-Heavy SDF] font asset or any potential fallbacks. It was replaced by Unicode character \u25A1 in text object [meaning2(TMP) (6)].
The character with Unicode value \uC0AC was not found in the [SourceHanSerifCN-Heavy SDF] font asset or any potential fallbacks. It was replaced by Unicode character \u25A1 in text object [meaning2(TMP) (6)].
The character with Unicode value \uB0B4 was not found in the [SourceHanSerifCN-Heavy SDF] font asset or any potential fallbacks. It was replaced by Unicode character \u25A1 in text object [sentence(TMP) (4)].
The character with Unicode value \uD6C4 was not found in the [SourceHanSerifCN-Heavy SDF] font asset or any potential fallbacks. It was replaced by Unicode character \u25A1 in text object [sentence(TMP) (4)].
The character with Unicode value \uB144 was not found in the [SourceHanSerifCN-Heavy SDF] font asset or any potential fallbacks. It was replaced by Unicode character \u25A1 in text object [sentence(TMP) (4)].
The character with Unicode value \uC774 was not found in the [SourceHanSerifCN-Heavy SDF] font asset or any potential fallbacks. It was replaced by Unicode character \u25A1 in text object [sentence(TMP) (4)].
The character with Unicode value \uC6B0 was not found in the [SourceHanSerifCN-Heavy SDF] font asset or any potential fallbacks. It was replaced by Unicode character \u25A1 in text object [sentence(TMP) (4)].
The character with Unicode value \uB9AC was not found in the [SourceHanSerifCN-Heavy SDF] font asset or any potential fallbacks. It was replaced by Unicode character \u25A1 in text object [sentence(TMP) (4)].
The character with Unicode value \uC0DD was not found in the [SourceHanSerifCN-Heavy SDF] font asset or any potential fallbacks. It was replaced by Unicode character \u25A1 in text object [sentence(TMP) (4)].
The character with Unicode value \uD65C was not found in the [SourceHanSerifCN-Heavy SDF] font asset or any potential fallbacks. It was replaced by Unicode character \u25A1 in text object [sentence(TMP) (4)].
The character with Unicode value \uACF3 was not found in the [SourceHanSerifCN-Heavy SDF] font asset or any potential fallbacks. It was replaced by Unicode character \u25A1 in text object [sentence(TMP) (4)].
The character with Unicode value \uACF3 was not found in the [SourceHanSerifCN-Heavy SDF] font asset or any potential fallbacks. It was replaced by Unicode character \u25A1 in text object [sentence(TMP) (4)].
The character with Unicode value \uC5D0 was not found in the [SourceHanSerifCN-Heavy SDF] font asset or any potential fallbacks. It was replaced by Unicode character \u25A1 in text object [sentence(TMP) (4)].
The character with Unicode value \uC2A4 was not found in the [SourceHanSerifCN-Heavy SDF] font asset or any potential fallbacks. It was replaced by Unicode character \u25A1 in text object [sentence(TMP) (4)].
The character with Unicode value \uBA70 was not found in the [SourceHanSerifCN-Heavy SDF] font asset or any potential fallbacks. It was replaced by Unicode character \u25A1 in text object [sentence(TMP) (4)].
The character with Unicode value \uB4E4 was not found in the [SourceHanSerifCN-Heavy SDF] font asset or any potential fallbacks. It was replaced by Unicode character \u25A1 in text object [sentence(TMP) (4)].
The character with Unicode value \uC5B4 was not found in the [SourceHanSerifCN-Heavy SDF] font asset or any potential fallbacks. It was replaced by Unicode character \u25A1 in text object [sentence(TMP) (4)].
The character with Unicode value \uC788 was not found in the [SourceHanSerifCN-Heavy SDF] font asset or any potential fallbacks. It was replaced by Unicode character \u25A1 in text object [sentence(TMP) (4)].
The character with Unicode value \uC2B5 was not found in the [SourceHanSerifCN-Heavy SDF] font asset or any potential fallbacks. It was replaced by Unicode character \u25A1 in text object [sentence(TMP) (4)].
The character with Unicode value \uB2C8 was not found in the [SourceHanSerifCN-Heavy SDF] font asset or any potential fallbacks. It was replaced by Unicode character \u25A1 in text object [sentence(TMP) (4)].
The character with Unicode value \uB2E4 was not found in the [SourceHanSerifCN-Heavy SDF] font asset or any potential fallbacks. It was replaced by Unicode character \u25A1 in text object [sentence(TMP) (4)].
The character with Unicode value \uC5EC was not found in the [SourceHanSerifCN-Heavy SDF] font asset or any potential fallbacks. It was replaced by Unicode character \u25A1 in text object [sentence(TMP) (4)].
The character with Unicode value \uB7EC was not found in the [SourceHanSerifCN-Heavy SDF] font asset or any potential fallbacks. It was replaced by Unicode character \u25A1 in text object [sentence(TMP) (4)].
The character with Unicode value \uB098 was not found in the [SourceHanSerifCN-Heavy SDF] font asset or any potential fallbacks. It was replaced by Unicode character \u25A1 in text object [sentence(TMP) (4)].
The character with Unicode value \uB77C was not found in the [SourceHanSerifCN-Heavy SDF] font asset or any potential fallbacks. It was replaced by Unicode character \u25A1 in text object [sentence(TMP) (4)].
The character with Unicode value \uC5D0 was not found in the [SourceHanSerifCN-Heavy SDF] font asset or any potential fallbacks. It was replaced by Unicode character \u25A1 in text object [sentence(TMP) (4)].
The character with Unicode value \uC11C was not found in the [SourceHanSerifCN-Heavy SDF] font asset or any potential fallbacks. It was replaced by Unicode character \u25A1 in text object [sentence(TMP) (4)].
The character with Unicode value \uB0B4 was not found in the [SourceHanSerifCN-Heavy SDF] font asset or any potential fallbacks. It was replaced by Unicode character \u25A1 in text object [sentence(TMP) (4)].
The character with Unicode value \uD6C4 was not found in the [SourceHanSerifCN-Heavy SDF] font asset or any potential fallbacks. It was replaced by Unicode character \u25A1 in text object [sentence(TMP) (4)].
The character with Unicode value \uB144 was not found in the [SourceHanSerifCN-Heavy SDF] font asset or any potential fallbacks. It was replaced by Unicode character \u25A1 in text object [sentence(TMP) (4)].
The character with Unicode value \uC744 was not found in the [SourceHanSerifCN-Heavy SDF] font asset or any potential fallbacks. It was replaced by Unicode character \u25A1 in text object [sentence(TMP) (4)].
The character with Unicode value \uB450 was not found in the [SourceHanSerifCN-Heavy SDF] font asset or any potential fallbacks. It was replaced by Unicode character \u25A1 in text object [sentence(TMP) (4)].
The character with Unicode value \uACE0 was not found in the [SourceHanSerifCN-Heavy SDF] font asset or any potential fallbacks. It was replaced by Unicode character \u25A1 in text object [sentence(TMP) (4)].
The character with Unicode value \uB450 was not found in the [SourceHanSerifCN-Heavy SDF] font asset or any potential fallbacks. It was replaced by Unicode character \u25A1 in text object [sentence(TMP) (4)].
The character with Unicode value \uACE0 was not found in the [SourceHanSerifCN-Heavy SDF] font asset or any potential fallbacks. It was replaced by Unicode character \u25A1 in text object [sentence(TMP) (4)].
The character with Unicode value \uC5F0 was not found in the [SourceHanSerifCN-Heavy SDF] font asset or any potential fallbacks. It was replaced by Unicode character \u25A1 in text object [sentence(TMP) (4)].
The character with Unicode value \uAD6C was not found in the [SourceHanSerifCN-Heavy SDF] font asset or any potential fallbacks. It was replaced by Unicode character \u25A1 in text object [sentence(TMP) (4)].
The character with Unicode value \uD574 was not found in the [SourceHanSerifCN-Heavy SDF] font asset or any potential fallbacks. It was replaced by Unicode character \u25A1 in text object [sentence(TMP) (4)].
The character with Unicode value \uC654 was not found in the [SourceHanSerifCN-Heavy SDF] font asset or any potential fallbacks. It was replaced by Unicode character \u25A1 in text object [sentence(TMP) (4)].
The character with Unicode value \uC2B5 was not found in the [SourceHanSerifCN-Heavy SDF] font asset or any potential fallbacks. It was replaced by Unicode character \u25A1 in text object [sentence(TMP) (4)].
The character with Unicode value \uB2C8 was not found in the [SourceHanSerifCN-Heavy SDF] font asset or any potential fallbacks. It was replaced by Unicode character \u25A1 in text object [sentence(TMP) (4)].
The character with Unicode value \uB2E4 was not found in the [SourceHanSerifCN-Heavy SDF] font asset or any potential fallbacks. It was replaced by Unicode character \u25A1 in text object [sentence(TMP) (4)].
The character with Unicode value \uB0B4 was not found in the [SourceHanSerifCN-Heavy SDF] font asset or any potential fallbacks. It was replaced by Unicode character \u25A1 in text object [sentence(TMP) (4)].
The character with Unicode value \uD6C4 was not found in the [SourceHanSerifCN-Heavy SDF] font asset or any potential fallbacks. It was replaced by Unicode character \u25A1 in text object [sentence(TMP) (4)].
The character with Unicode value \uB144 was not found in the [SourceHanSerifCN-Heavy SDF] font asset or any potential fallbacks. It was replaced by Unicode character \u25A1 in text object [sentence(TMP) (4)].
The character with Unicode value \uC744 was not found in the [SourceHanSerifCN-Heavy SDF] font asset or any potential fallbacks. It was replaced by Unicode character \u25A1 in text object [sentence(TMP) (4)].
The character with Unicode value \uB97C was not found in the [SourceHanSerifCN-Heavy SDF] font asset or any potential fallbacks. It was replaced by Unicode character \u25A1 in text object [sentence(TMP) (4)].
The character with Unicode value \uB458 was not found in the [SourceHanSerifCN-Heavy SDF] font asset or any potential fallbacks. It was replaced by Unicode character \u25A1 in text object [sentence(TMP) (4)].
The character with Unicode value \uB7EC was not found in the [SourceHanSerifCN-Heavy SDF] font asset or any potential fallbacks. It was replaced by Unicode character \u25A1 in text object [sentence(TMP) (4)].
The character with Unicode value \uC2FC was not found in the [SourceHanSerifCN-Heavy SDF] font asset or any potential fallbacks. It was replaced by Unicode character \u25A1 in text object [sentence(TMP) (4)].
The character with Unicode value \uB17C was not found in the [SourceHanSerifCN-Heavy SDF] font asset or any potential fallbacks. It was replaced by Unicode character \u25A1 in text object [sentence(TMP) (4)].
The character with Unicode value \uC758 was not found in the [SourceHanSerifCN-Heavy SDF] font asset or any potential fallbacks. It was replaced by Unicode character \u25A1 in text object [sentence(TMP) (4)].
The character with Unicode value \uAC00 was not found in the [SourceHanSerifCN-Heavy SDF] font asset or any potential fallbacks. It was replaced by Unicode character \u25A1 in text object [sentence(TMP) (4)].
The character with Unicode value \uD65C was not found in the [SourceHanSerifCN-Heavy SDF] font asset or any potential fallbacks. It was replaced by Unicode character \u25A1 in text object [sentence(TMP) (4)].
The character with Unicode value \uBC1C was not found in the [SourceHanSerifCN-Heavy SDF] font asset or any potential fallbacks. It was replaced by Unicode character \u25A1 in text object [sentence(TMP) (4)].
The character with Unicode value \uD574 was not found in the [SourceHanSerifCN-Heavy SDF] font asset or any potential fallbacks. It was replaced by Unicode character \u25A1 in text object [sentence(TMP) (4)].
The character with Unicode value \uC9C0 was not found in the [SourceHanSerifCN-Heavy SDF] font asset or any potential fallbacks. It was replaced by Unicode character \u25A1 in text object [sentence(TMP) (4)].
The character with Unicode value \uACE0 was not found in the [SourceHanSerifCN-Heavy SDF] font asset or any potential fallbacks. It was replaced by Unicode character \u25A1 in text object [sentence(TMP) (4)].
The character with Unicode value \uC788 was not found in the [SourceHanSerifCN-Heavy SDF] font asset or any potential fallbacks. It was replaced by Unicode character \u25A1 in text object [sentence(TMP) (4)].
The character with Unicode value \uC2B5 was not found in the [SourceHanSerifCN-Heavy SDF] font asset or any potential fallbacks. It was replaced by Unicode character \u25A1 in text object [sentence(TMP) (4)].
The character with Unicode value \uB2C8 was not found in the [SourceHanSerifCN-Heavy SDF] font asset or any potential fallbacks. It was replaced by Unicode character \u25A1 in text object [sentence(TMP) (4)].
The character with Unicode value \uB2E4 was not found in the [SourceHanSerifCN-Heavy SDF] font asset or any potential fallbacks. It was replaced by Unicode character \u25A1 in text object [sentence(TMP) (4)].
The character with Unicode value \uC5EC was not found in the [SourceHanSerifCN-Heavy SDF] font asset or any potential fallbacks. It was replaced by Unicode character \u25A1 in text object [sentenceRead1].
The character with Unicode value \uB7EC was not found in the [SourceHanSerifCN-Heavy SDF] font asset or any potential fallbacks. It was replaced by Unicode character \u25A1 in text object [sentenceRead1].
The character with Unicode value \uB098 was not found in the [SourceHanSerifCN-Heavy SDF] font asset or any potential fallbacks. It was replaced by Unicode character \u25A1 in text object [sentenceRead1].
The character with Unicode value \uB77C was not found in the [SourceHanSerifCN-Heavy SDF] font asset or any potential fallbacks. It was replaced by Unicode character \u25A1 in text object [sentenceRead1].
The character with Unicode value \uC5D0 was not found in the [SourceHanSerifCN-Heavy SDF] font asset or any potential fallbacks. It was replaced by Unicode character \u25A1 in text object [sentenceRead1].
The character with Unicode value \uC11C was not found in the [SourceHanSerifCN-Heavy SDF] font asset or any potential fallbacks. It was replaced by Unicode character \u25A1 in text object [sentenceRead1].
The character with Unicode value \uB0B4 was not found in the [SourceHanSerifCN-Heavy SDF] font asset or any potential fallbacks. It was replaced by Unicode character \u25A1 in text object [sentenceRead1].
The character with Unicode value \uD6C4 was not found in the [SourceHanSerifCN-Heavy SDF] font asset or any potential fallbacks. It was replaced by Unicode character \u25A1 in text object [sentenceRead1].
The character with Unicode value \uB144 was not found in the [SourceHanSerifCN-Heavy SDF] font asset or any potential fallbacks. It was replaced by Unicode character \u25A1 in text object [sentenceRead1].
The character with Unicode value \uC744 was not found in the [SourceHanSerifCN-Heavy SDF] font asset or any potential fallbacks. It was replaced by Unicode character \u25A1 in text object [sentenceRead1].
The character with Unicode value \uB450 was not found in the [SourceHanSerifCN-Heavy SDF] font asset or any potential fallbacks. It was replaced by Unicode character \u25A1 in text object [sentenceRead1].
The character with Unicode value \uACE0 was not found in the [SourceHanSerifCN-Heavy SDF] font asset or any potential fallbacks. It was replaced by Unicode character \u25A1 in text object [sentenceRead1].
The character with Unicode value \uB450 was not found in the [SourceHanSerifCN-Heavy SDF] font asset or any potential fallbacks. It was replaced by Unicode character \u25A1 in text object [sentenceRead1].
The character with Unicode value \uACE0 was not found in the [SourceHanSerifCN-Heavy SDF] font asset or any potential fallbacks. It was replaced by Unicode character \u25A1 in text object [sentenceRead1].
The character with Unicode value \uC5F0 was not found in the [SourceHanSerifCN-Heavy SDF] font asset or any potential fallbacks. It was replaced by Unicode character \u25A1 in text object [sentenceRead1].
The character with Unicode value \uAD6C was not found in the [SourceHanSerifCN-Heavy SDF] font asset or any potential fallbacks. It was replaced by Unicode character \u25A1 in text object [sentenceRead1].
The character with Unicode value \uD574 was not found in the [SourceHanSerifCN-Heavy SDF] font asset or any potential fallbacks. It was replaced by Unicode character \u25A1 in text object [sentenceRead1].
The character with Unicode value \uC654 was not found in the [SourceHanSerifCN-Heavy SDF] font asset or any potential fallbacks. It was replaced by Unicode character \u25A1 in text object [sentenceRead1].
The character with Unicode value \uC2B5 was not found in the [SourceHanSerifCN-Heavy SDF] font asset or any potential fallbacks. It was replaced by Unicode character \u25A1 in text object [sentenceRead1].
The character with Unicode value \uB2C8 was not found in the [SourceHanSerifCN-Heavy SDF] font asset or any potential fallbacks. It was replaced by Unicode character \u25A1 in text object [sentenceRead1].
The character with Unicode value \uB2E4 was not found in the [SourceHanSerifCN-Heavy SDF] font asset or any potential fallbacks. It was replaced by Unicode character \u25A1 in text object [sentenceRead1].
Unloading 225 unused Assets to reduce memory usage. Loaded Objects now: 11822.
Total: 30.936700 ms (FindLiveObjects: 1.196600 ms CreateObjectMapping: 0.536600 ms MarkObjects: 28.861500 ms  DeleteObjects: 0.341700 ms)

[Info   :  WCP Host] WcpHost: 长帧 5126ms — mod 本帧占用 3.0ms（0.1%） GC本帧=0:3 1:3 2:3 本帧 Top=身份:托管登记 x1=1.5ms(单次1.5ms) ; 运行态:Tick x1=1.2ms(单次1.2ms) ; 运行态:队列校正 x1=1.2ms(单次1.2ms) ; 队列:授权集 x1=1.0ms(单次1.0ms) ; 身份:Evaluate x1=0.2ms(单次0.2ms) ; 队列:规则 x1=0.2ms(单次0.2ms) ; 身份:读落盘书名 x1=0.1ms(单次0.1ms) ; 身份:读槽位词表 x1=0.0ms(单次0.0ms) ; 身份:槽位归属 x1=0.0ms(单次0.0ms) ; 身份:匹配槽位词表 x1=0.0ms(单次0.0ms) ; 身份:匹配内存词表 x1=0.0ms(单次0.0ms) ; 身份:读内存词表 x1=0.0ms(单次0.0ms) ; …共18个标签
[Info   :  WCP Host] WcpHost: 长帧 484ms — mod 本帧占用 0.0ms（0.0%） GC本帧=0:0 1:0 2:0 本帧 Top=无 mod 操作
[Info   :  WCP Host] WcpHost: 性能哨兵 fps=4.4 帧=46 最差帧=5126ms 卡顿帧(>=50ms)=33 窗口=10.5s | mod 主线程占用=45.8ms/窗口，长帧=4 次 | GC窗口=0:38 1:38 2:38 堆=+2MB | 快路径命中=内存词表指纹 7/7 ; 槽位词表指纹 7/7 | 窗口 Top（累计）=运行态:Tick x5=26.2ms(单次9.1ms) ; 运行态:队列校正 x5=13.8ms(单次8.6ms) ; 队列:授权集 x7=9.8ms(单次3.5ms) ; 身份:托管登记 x5=8.9ms(单次2.3ms) ; 身份:Evaluate x5=7.1ms(单次5.3ms) ; 运行态:例句按钮 x5=7.0ms(单次4.3ms) ; 身份:读落盘书名 x7=6.4ms(单次4.9ms) ; 队列:规则 x7=6.1ms(单次5.1ms) ; ES3:落盘书名 x2=5.7ms(单次4.8ms) ; 运行态:书名扫描 x5=5.4ms(单次3.4ms) ; 场景:强制校正 x2=3.6ms(单次2.3ms) ; 运行态:场景校正 x2=2.2ms(单次1.1ms) ; …共21个标签
 MyParameters.S8ThisMode_Para------每日学习
The character with Unicode value \uBA85 was not found in the [SourceHanSerifCN-Heavy SDF] font asset or any potential fallbacks. It was replaced by Unicode character \u25A1 in text object [Content].
The character with Unicode value \uC0AC was not found in the [SourceHanSerifCN-Heavy SDF] font asset or any potential fallbacks. It was replaced by Unicode character \u25A1 in text object [Content].
The character with Unicode value \uB0B4 was not found in the [SourceHanSerifCN-Heavy SDF] font asset or any potential fallbacks. It was replaced by Unicode character \u25A1 in text object [Content].
The character with Unicode value \uD6C4 was not found in the [SourceHanSerifCN-Heavy SDF] font asset or any potential fallbacks. It was replaced by Unicode character \u25A1 in text object [Content].
The character with Unicode value \uB144 was not found in the [SourceHanSerifCN-Heavy SDF] font asset or any potential fallbacks. It was replaced by Unicode character \u25A1 in text object [Content].
The character with Unicode value \uC774 was not found in the [SourceHanSerifCN-Heavy SDF] font asset or any potential fallbacks. It was replaced by Unicode character \u25A1 in text object [Content].
The character with Unicode value \uC6B0 was not found in the [SourceHanSerifCN-Heavy SDF] font asset or any potential fallbacks. It was replaced by Unicode character \u25A1 in text object [Content].
The character with Unicode value \uB9AC was not found in the [SourceHanSerifCN-Heavy SDF] font asset or any potential fallbacks. It was replaced by Unicode character \u25A1 in text object [Content].
The character with Unicode value \uC0DD was not found in the [SourceHanSerifCN-Heavy SDF] font asset or any potential fallbacks. It was replaced by Unicode character \u25A1 in text object [Content].
The character with Unicode value \uD65C was not found in the [SourceHanSerifCN-Heavy SDF] font asset or any potential fallbacks. It was replaced by Unicode character \u25A1 in text object [Content].
The character with Unicode value \uACF3 was not found in the [SourceHanSerifCN-Heavy SDF] font asset or any potential fallbacks. It was replaced by Unicode character \u25A1 in text object [Content].
The character with Unicode value \uACF3 was not found in the [SourceHanSerifCN-Heavy SDF] font asset or any potential fallbacks. It was replaced by Unicode character \u25A1 in text object [Content].
The character with Unicode value \uC5D0 was not found in the [SourceHanSerifCN-Heavy SDF] font asset or any potential fallbacks. It was replaced by Unicode character \u25A1 in text object [Content].
The character with Unicode value \uC2A4 was not found in the [SourceHanSerifCN-Heavy SDF] font asset or any potential fallbacks. It was replaced by Unicode character \u25A1 in text object [Content].
The character with Unicode value \uBA70 was not found in the [SourceHanSerifCN-Heavy SDF] font asset or any potential fallbacks. It was replaced by Unicode character \u25A1 in text object [Content].
The character with Unicode value \uB4E4 was not found in the [SourceHanSerifCN-Heavy SDF] font asset or any potential fallbacks. It was replaced by Unicode character \u25A1 in text object [Content].
The character with Unicode value \uC5B4 was not found in the [SourceHanSerifCN-Heavy SDF] font asset or any potential fallbacks. It was replaced by Unicode character \u25A1 in text object [Content].
The character with Unicode value \uC788 was not found in the [SourceHanSerifCN-Heavy SDF] font asset or any potential fallbacks. It was replaced by Unicode character \u25A1 in text object [Content].
The character with Unicode value \uC2B5 was not found in the [SourceHanSerifCN-Heavy SDF] font asset or any potential fallbacks. It was replaced by Unicode character \u25A1 in text object [Content].
The character with Unicode value \uB2C8 was not found in the [SourceHanSerifCN-Heavy SDF] font asset or any potential fallbacks. It was replaced by Unicode character \u25A1 in text object [Content].
The character with Unicode value \uB2E4 was not found in the [SourceHanSerifCN-Heavy SDF] font asset or any potential fallbacks. It was replaced by Unicode character \u25A1 in text object [Content].
The character with Unicode value \uC5EC was not found in the [SourceHanSerifCN-Heavy SDF] font asset or any potential fallbacks. It was replaced by Unicode character \u25A1 in text object [Content].
The character with Unicode value \uB7EC was not found in the [SourceHanSerifCN-Heavy SDF] font asset or any potential fallbacks. It was replaced by Unicode character \u25A1 in text object [Content].
The character with Unicode value \uB098 was not found in the [SourceHanSerifCN-Heavy SDF] font asset or any potential fallbacks. It was replaced by Unicode character \u25A1 in text object [Content].
The character with Unicode value \uB77C was not found in the [SourceHanSerifCN-Heavy SDF] font asset or any potential fallbacks. It was replaced by Unicode character \u25A1 in text object [Content].
The character with Unicode value \uC5D0 was not found in the [SourceHanSerifCN-Heavy SDF] font asset or any potential fallbacks. It was replaced by Unicode character \u25A1 in text object [Content].
The character with Unicode value \uC11C was not found in the [SourceHanSerifCN-Heavy SDF] font asset or any potential fallbacks. It was replaced by Unicode character \u25A1 in text object [Content].
The character with Unicode value \uB0B4 was not found in the [SourceHanSerifCN-Heavy SDF] font asset or any potential fallbacks. It was replaced by Unicode character \u25A1 in text object [Content].
The character with Unicode value \uD6C4 was not found in the [SourceHanSerifCN-Heavy SDF] font asset or any potential fallbacks. It was replaced by Unicode character \u25A1 in text object [Content].
The character with Unicode value \uB144 was not found in the [SourceHanSerifCN-Heavy SDF] font asset or any potential fallbacks. It was replaced by Unicode character \u25A1 in text object [Content].
The character with Unicode value \uC744 was not found in the [SourceHanSerifCN-Heavy SDF] font asset or any potential fallbacks. It was replaced by Unicode character \u25A1 in text object [Content].
The character with Unicode value \uB450 was not found in the [SourceHanSerifCN-Heavy SDF] font asset or any potential fallbacks. It was replaced by Unicode character \u25A1 in text object [Content].
The character with Unicode value \uACE0 was not found in the [SourceHanSerifCN-Heavy SDF] font asset or any potential fallbacks. It was replaced by Unicode character \u25A1 in text object [Content].
The character with Unicode value \uB450 was not found in the [SourceHanSerifCN-Heavy SDF] font asset or any potential fallbacks. It was replaced by Unicode character \u25A1 in text object [Content].
The character with Unicode value \uACE0 was not found in the [SourceHanSerifCN-Heavy SDF] font asset or any potential fallbacks. It was replaced by Unicode character \u25A1 in text object [Content].
The character with Unicode value \uC5F0 was not found in the [SourceHanSerifCN-Heavy SDF] font asset or any potential fallbacks. It was replaced by Unicode character \u25A1 in text object [Content].
The character with Unicode value \uAD6C was not found in the [SourceHanSerifCN-Heavy SDF] font asset or any potential fallbacks. It was replaced by Unicode character \u25A1 in text object [Content].
The character with Unicode value \uD574 was not found in the [SourceHanSerifCN-Heavy SDF] font asset or any potential fallbacks. It was replaced by Unicode character \u25A1 in text object [Content].
The character with Unicode value \uC654 was not found in the [SourceHanSerifCN-Heavy SDF] font asset or any potential fallbacks. It was replaced by Unicode character \u25A1 in text object [Content].
The character with Unicode value \uC2B5 was not found in the [SourceHanSerifCN-Heavy SDF] font asset or any potential fallbacks. It was replaced by Unicode character \u25A1 in text object [Content].
The character with Unicode value \uB2C8 was not found in the [SourceHanSerifCN-Heavy SDF] font asset or any potential fallbacks. It was replaced by Unicode character \u25A1 in text object [Content].
The character with Unicode value \uB2E4 was not found in the [SourceHanSerifCN-Heavy SDF] font asset or any potential fallbacks. It was replaced by Unicode character \u25A1 in text object [Content].
The character with Unicode value \uB0B4 was not found in the [SourceHanSerifCN-Heavy SDF] font asset or any potential fallbacks. It was replaced by Unicode character \u25A1 in text object [Content].
The character with Unicode value \uD6C4 was not found in the [SourceHanSerifCN-Heavy SDF] font asset or any potential fallbacks. It was replaced by Unicode character \u25A1 in text object [Content].
The character with Unicode value \uB144 was not found in the [SourceHanSerifCN-Heavy SDF] font asset or any potential fallbacks. It was replaced by Unicode character \u25A1 in text object [Content].
The character with Unicode value \uC744 was not found in the [SourceHanSerifCN-Heavy SDF] font asset or any potential fallbacks. It was replaced by Unicode character \u25A1 in text object [Content].
The character with Unicode value \uB97C was not found in the [SourceHanSerifCN-Heavy SDF] font asset or any potential fallbacks. It was replaced by Unicode character \u25A1 in text object [Content].
The character with Unicode value \uB458 was not found in the [SourceHanSerifCN-Heavy SDF] font asset or any potential fallbacks. It was replaced by Unicode character \u25A1 in text object [Content].
The character with Unicode value \uB7EC was not found in the [SourceHanSerifCN-Heavy SDF] font asset or any potential fallbacks. It was replaced by Unicode character \u25A1 in text object [Content].
The character with Unicode value \uC2FC was not found in the [SourceHanSerifCN-Heavy SDF] font asset or any potential fallbacks. It was replaced by Unicode character \u25A1 in text object [Content].
The character with Unicode value \uB17C was not found in the [SourceHanSerifCN-Heavy SDF] font asset or any potential fallbacks. It was replaced by Unicode character \u25A1 in text object [Content].
The character with Unicode value \uC758 was not found in the [SourceHanSerifCN-Heavy SDF] font asset or any potential fallbacks. It was replaced by Unicode character \u25A1 in text object [Content].
The character with Unicode value \uAC00 was not found in the [SourceHanSerifCN-Heavy SDF] font asset or any potential fallbacks. It was replaced by Unicode character \u25A1 in text object [Content].
The character with Unicode value \uD65C was not found in the [SourceHanSerifCN-Heavy SDF] font asset or any potential fallbacks. It was replaced by Unicode character \u25A1 in text object [Content].
The character with Unicode value \uBC1C was not found in the [SourceHanSerifCN-Heavy SDF] font asset or any potential fallbacks. It was replaced by Unicode character \u25A1 in text object [Content].
The character with Unicode value \uD574 was not found in the [SourceHanSerifCN-Heavy SDF] font asset or any potential fallbacks. It was replaced by Unicode character \u25A1 in text object [Content].
The character with Unicode value \uC9C0 was not found in the [SourceHanSerifCN-Heavy SDF] font asset or any potential fallbacks. It was replaced by Unicode character \u25A1 in text object [Content].
The character with Unicode value \uACE0 was not found in the [SourceHanSerifCN-Heavy SDF] font asset or any potential fallbacks. It was replaced by Unicode character \u25A1 in text object [Content].
The character with Unicode value \uC788 was not found in the [SourceHanSerifCN-Heavy SDF] font asset or any potential fallbacks. It was replaced by Unicode character \u25A1 in text object [Content].
The character with Unicode value \uC2B5 was not found in the [SourceHanSerifCN-Heavy SDF] font asset or any potential fallbacks. It was replaced by Unicode character \u25A1 in text object [Content].
The character with Unicode value \uB2C8 was not found in the [SourceHanSerifCN-Heavy SDF] font asset or any potential fallbacks. It was replaced by Unicode character \u25A1 in text object [Content].
The character with Unicode value \uB2E4 was not found in the [SourceHanSerifCN-Heavy SDF] font asset or any potential fallbacks. It was replaced by Unicode character \u25A1 in text object [Content].
The character with Unicode value \uBA85 was not found in the [SourceHanSerifCN-Heavy SDF] font asset or any potential fallbacks. It was replaced by Unicode character \u25A1 in text object [Content].
The character with Unicode value \uC0AC was not found in the [SourceHanSerifCN-Heavy SDF] font asset or any potential fallbacks. It was replaced by Unicode character \u25A1 in text object [Content].
The character with Unicode value \uB0B4 was not found in the [SourceHanSerifCN-Heavy SDF] font asset or any potential fallbacks. It was replaced by Unicode character \u25A1 in text object [Content].
The character with Unicode value \uD6C4 was not found in the [SourceHanSerifCN-Heavy SDF] font asset or any potential fallbacks. It was replaced by Unicode character \u25A1 in text object [Content].
The character with Unicode value \uB144 was not found in the [SourceHanSerifCN-Heavy SDF] font asset or any potential fallbacks. It was replaced by Unicode character \u25A1 in text object [Content].
The character with Unicode value \uC774 was not found in the [SourceHanSerifCN-Heavy SDF] font asset or any potential fallbacks. It was replaced by Unicode character \u25A1 in text object [Content].
The character with Unicode value \uC6B0 was not found in the [SourceHanSerifCN-Heavy SDF] font asset or any potential fallbacks. It was replaced by Unicode character \u25A1 in text object [Content].
The character with Unicode value \uB9AC was not found in the [SourceHanSerifCN-Heavy SDF] font asset or any potential fallbacks. It was replaced by Unicode character \u25A1 in text object [Content].
The character with Unicode value \uC0DD was not found in the [SourceHanSerifCN-Heavy SDF] font asset or any potential fallbacks. It was replaced by Unicode character \u25A1 in text object [Content].
The character with Unicode value \uD65C was not found in the [SourceHanSerifCN-Heavy SDF] font asset or any potential fallbacks. It was replaced by Unicode character \u25A1 in text object [Content].
The character with Unicode value \uACF3 was not found in the [SourceHanSerifCN-Heavy SDF] font asset or any potential fallbacks. It was replaced by Unicode character \u25A1 in text object [Content].
The character with Unicode value \uACF3 was not found in the [SourceHanSerifCN-Heavy SDF] font asset or any potential fallbacks. It was replaced by Unicode character \u25A1 in text object [Content].
The character with Unicode value \uC5D0 was not found in the [SourceHanSerifCN-Heavy SDF] font asset or any potential fallbacks. It was replaced by Unicode character \u25A1 in text object [Content].
The character with Unicode value \uC2A4 was not found in the [SourceHanSerifCN-Heavy SDF] font asset or any potential fallbacks. It was replaced by Unicode character \u25A1 in text object [Content].
The character with Unicode value \uBA70 was not found in the [SourceHanSerifCN-Heavy SDF] font asset or any potential fallbacks. It was replaced by Unicode character \u25A1 in text object [Content].
The character with Unicode value \uB4E4 was not found in the [SourceHanSerifCN-Heavy SDF] font asset or any potential fallbacks. It was replaced by Unicode character \u25A1 in text object [Content].
The character with Unicode value \uC5B4 was not found in the [SourceHanSerifCN-Heavy SDF] font asset or any potential fallbacks. It was replaced by Unicode character \u25A1 in text object [Content].
The character with Unicode value \uC788 was not found in the [SourceHanSerifCN-Heavy SDF] font asset or any potential fallbacks. It was replaced by Unicode character \u25A1 in text object [Content].
The character with Unicode value \uC2B5 was not found in the [SourceHanSerifCN-Heavy SDF] font asset or any potential fallbacks. It was replaced by Unicode character \u25A1 in text object [Content].
The character with Unicode value \uB2C8 was not found in the [SourceHanSerifCN-Heavy SDF] font asset or any potential fallbacks. It was replaced by Unicode character \u25A1 in text object [Content].
The character with Unicode value \uB2E4 was not found in the [SourceHanSerifCN-Heavy SDF] font asset or any potential fallbacks. It was replaced by Unicode character \u25A1 in text object [Content].
The character with Unicode value \uC5EC was not found in the [SourceHanSerifCN-Heavy SDF] font asset or any potential fallbacks. It was replaced by Unicode character \u25A1 in text object [Content].
The character with Unicode value \uB7EC was not found in the [SourceHanSerifCN-Heavy SDF] font asset or any potential fallbacks. It was replaced by Unicode character \u25A1 in text object [Content].
The character with Unicode value \uB098 was not found in the [SourceHanSerifCN-Heavy SDF] font asset or any potential fallbacks. It was replaced by Unicode character \u25A1 in text object [Content].
The character with Unicode value \uB77C was not found in the [SourceHanSerifCN-Heavy SDF] font asset or any potential fallbacks. It was replaced by Unicode character \u25A1 in text object [Content].
The character with Unicode value \uC5D0 was not found in the [SourceHanSerifCN-Heavy SDF] font asset or any potential fallbacks. It was replaced by Unicode character \u25A1 in text object [Content].
The character with Unicode value \uC11C was not found in the [SourceHanSerifCN-Heavy SDF] font asset or any potential fallbacks. It was replaced by Unicode character \u25A1 in text object [Content].
The character with Unicode value \uB0B4 was not found in the [SourceHanSerifCN-Heavy SDF] font asset or any potential fallbacks. It was replaced by Unicode character \u25A1 in text object [Content].
The character with Unicode value \uD6C4 was not found in the [SourceHanSerifCN-Heavy SDF] font asset or any potential fallbacks. It was replaced by Unicode character \u25A1 in text object [Content].
The character with Unicode value \uB144 was not found in the [SourceHanSerifCN-Heavy SDF] font asset or any potential fallbacks. It was replaced by Unicode character \u25A1 in text object [Content].
The character with Unicode value \uC744 was not found in the [SourceHanSerifCN-Heavy SDF] font asset or any potential fallbacks. It was replaced by Unicode character \u25A1 in text object [Content].
The character with Unicode value \uB450 was not found in the [SourceHanSerifCN-Heavy SDF] font asset or any potential fallbacks. It was replaced by Unicode character \u25A1 in text object [Content].
The character with Unicode value \uACE0 was not found in the [SourceHanSerifCN-Heavy SDF] font asset or any potential fallbacks. It was replaced by Unicode character \u25A1 in text object [Content].
The character with Unicode value \uB450 was not found in the [SourceHanSerifCN-Heavy SDF] font asset or any potential fallbacks. It was replaced by Unicode character \u25A1 in text object [Content].
The character with Unicode value \uACE0 was not found in the [SourceHanSerifCN-Heavy SDF] font asset or any potential fallbacks. It was replaced by Unicode character \u25A1 in text object [Content].
The character with Unicode value \uC5F0 was not found in the [SourceHanSerifCN-Heavy SDF] font asset or any potential fallbacks. It was replaced by Unicode character \u25A1 in text object [Content].
The character with Unicode value \uAD6C was not found in the [SourceHanSerifCN-Heavy SDF] font asset or any potential fallbacks. It was replaced by Unicode character \u25A1 in text object [Content].
The character with Unicode value \uD574 was not found in the [SourceHanSerifCN-Heavy SDF] font asset or any potential fallbacks. It was replaced by Unicode character \u25A1 in text object [Content].
The character with Unicode value \uC654 was not found in the [SourceHanSerifCN-Heavy SDF] font asset or any potential fallbacks. It was replaced by Unicode character \u25A1 in text object [Content].
The character with Unicode value \uC2B5 was not found in the [SourceHanSerifCN-Heavy SDF] font asset or any potential fallbacks. It was replaced by Unicode character \u25A1 in text object [Content].
The character with Unicode value \uB2C8 was not found in the [SourceHanSerifCN-Heavy SDF] font asset or any potential fallbacks. It was replaced by Unicode character \u25A1 in text object [Content].
The character with Unicode value \uB2E4 was not found in the [SourceHanSerifCN-Heavy SDF] font asset or any potential fallbacks. It was replaced by Unicode character \u25A1 in text object [Content].
The character with Unicode value \uB0B4 was not found in the [SourceHanSerifCN-Heavy SDF] font asset or any potential fallbacks. It was replaced by Unicode character \u25A1 in text object [Content].
The character with Unicode value \uD6C4 was not found in the [SourceHanSerifCN-Heavy SDF] font asset or any potential fallbacks. It was replaced by Unicode character \u25A1 in text object [Content].
The character with Unicode value \uB144 was not found in the [SourceHanSerifCN-Heavy SDF] font asset or any potential fallbacks. It was replaced by Unicode character \u25A1 in text object [Content].
The character with Unicode value \uC744 was not found in the [SourceHanSerifCN-Heavy SDF] font asset or any potential fallbacks. It was replaced by Unicode character \u25A1 in text object [Content].
The character with Unicode value \uB97C was not found in the [SourceHanSerifCN-Heavy SDF] font asset or any potential fallbacks. It was replaced by Unicode character \u25A1 in text object [Content].
The character with Unicode value \uB458 was not found in the [SourceHanSerifCN-Heavy SDF] font asset or any potential fallbacks. It was replaced by Unicode character \u25A1 in text object [Content].
The character with Unicode value \uB7EC was not found in the [SourceHanSerifCN-Heavy SDF] font asset or any potential fallbacks. It was replaced by Unicode character \u25A1 in text object [Content].
The character with Unicode value \uC2FC was not found in the [SourceHanSerifCN-Heavy SDF] font asset or any potential fallbacks. It was replaced by Unicode character \u25A1 in text object [Content].
The character with Unicode value \uB17C was not found in the [SourceHanSerifCN-Heavy SDF] font asset or any potential fallbacks. It was replaced by Unicode character \u25A1 in text object [Content].
The character with Unicode value \uC758 was not found in the [SourceHanSerifCN-Heavy SDF] font asset or any potential fallbacks. It was replaced by Unicode character \u25A1 in text object [Content].
The character with Unicode value \uAC00 was not found in the [SourceHanSerifCN-Heavy SDF] font asset or any potential fallbacks. It was replaced by Unicode character \u25A1 in text object [Content].
The character with Unicode value \uD65C was not found in the [SourceHanSerifCN-Heavy SDF] font asset or any potential fallbacks. It was replaced by Unicode character \u25A1 in text object [Content].
The character with Unicode value \uBC1C was not found in the [SourceHanSerifCN-Heavy SDF] font asset or any potential fallbacks. It was replaced by Unicode character \u25A1 in text object [Content].
The character with Unicode value \uD574 was not found in the [SourceHanSerifCN-Heavy SDF] font asset or any potential fallbacks. It was replaced by Unicode character \u25A1 in text object [Content].
The character with Unicode value \uC9C0 was not found in the [SourceHanSerifCN-Heavy SDF] font asset or any potential fallbacks. It was replaced by Unicode character \u25A1 in text object [Content].
The character with Unicode value \uACE0 was not found in the [SourceHanSerifCN-Heavy SDF] font asset or any potential fallbacks. It was replaced by Unicode character \u25A1 in text object [Content].
The character with Unicode value \uC788 was not found in the [SourceHanSerifCN-Heavy SDF] font asset or any potential fallbacks. It was replaced by Unicode character \u25A1 in text object [Content].
The character with Unicode value \uC2B5 was not found in the [SourceHanSerifCN-Heavy SDF] font asset or any potential fallbacks. It was replaced by Unicode character \u25A1 in text object [Content].
The character with Unicode value \uB2C8 was not found in the [SourceHanSerifCN-Heavy SDF] font asset or any potential fallbacks. It was replaced by Unicode character \u25A1 in text object [Content].
The character with Unicode value \uB2E4 was not found in the [SourceHanSerifCN-Heavy SDF] font asset or any potential fallbacks. It was replaced by Unicode character \u25A1 in text object [Content].
The character with Unicode value \uBA85 was not found in the [SourceHanSerifCN-Heavy SDF] font asset or any potential fallbacks. It was replaced by Unicode character \u25A1 in text object [Content].
The character with Unicode value \uC0AC was not found in the [SourceHanSerifCN-Heavy SDF] font asset or any potential fallbacks. It was replaced by Unicode character \u25A1 in text object [Content].
The character with Unicode value \uB0B4 was not found in the [SourceHanSerifCN-Heavy SDF] font asset or any potential fallbacks. It was replaced by Unicode character \u25A1 in text object [Content].
The character with Unicode value \uD6C4 was not found in the [SourceHanSerifCN-Heavy SDF] font asset or any potential fallbacks. It was replaced by Unicode character \u25A1 in text object [Content].
The character with Unicode value \uB144 was not found in the [SourceHanSerifCN-Heavy SDF] font asset or any potential fallbacks. It was replaced by Unicode character \u25A1 in text object [Content].
The character with Unicode value \uC774 was not found in the [SourceHanSerifCN-Heavy SDF] font asset or any potential fallbacks. It was replaced by Unicode character \u25A1 in text object [Content].
The character with Unicode value \uC6B0 was not found in the [SourceHanSerifCN-Heavy SDF] font asset or any potential fallbacks. It was replaced by Unicode character \u25A1 in text object [Content].
The character with Unicode value \uB9AC was not found in the [SourceHanSerifCN-Heavy SDF] font asset or any potential fallbacks. It was replaced by Unicode character \u25A1 in text object [Content].
The character with Unicode value \uC0DD was not found in the [SourceHanSerifCN-Heavy SDF] font asset or any potential fallbacks. It was replaced by Unicode character \u25A1 in text object [Content].
The character with Unicode value \uD65C was not found in the [SourceHanSerifCN-Heavy SDF] font asset or any potential fallbacks. It was replaced by Unicode character \u25A1 in text object [Content].
The character with Unicode value \uACF3 was not found in the [SourceHanSerifCN-Heavy SDF] font asset or any potential fallbacks. It was replaced by Unicode character \u25A1 in text object [Content].
The character with Unicode value \uACF3 was not found in the [SourceHanSerifCN-Heavy SDF] font asset or any potential fallbacks. It was replaced by Unicode character \u25A1 in text object [Content].
The character with Unicode value \uC5D0 was not found in the [SourceHanSerifCN-Heavy SDF] font asset or any potential fallbacks. It was replaced by Unicode character \u25A1 in text object [Content].
The character with Unicode value \uC2A4 was not found in the [SourceHanSerifCN-Heavy SDF] font asset or any potential fallbacks. It was replaced by Unicode character \u25A1 in text object [Content].
The character with Unicode value \uBA70 was not found in the [SourceHanSerifCN-Heavy SDF] font asset or any potential fallbacks. It was replaced by Unicode character \u25A1 in text object [Content].
The character with Unicode value \uB4E4 was not found in the [SourceHanSerifCN-Heavy SDF] font asset or any potential fallbacks. It was replaced by Unicode character \u25A1 in text object [Content].
The character with Unicode value \uC5B4 was not found in the [SourceHanSerifCN-Heavy SDF] font asset or any potential fallbacks. It was replaced by Unicode character \u25A1 in text object [Content].
The character with Unicode value \uC788 was not found in the [SourceHanSerifCN-Heavy SDF] font asset or any potential fallbacks. It was replaced by Unicode character \u25A1 in text object [Content].
The character with Unicode value \uC2B5 was not found in the [SourceHanSerifCN-Heavy SDF] font asset or any potential fallbacks. It was replaced by Unicode character \u25A1 in text object [Content].
The character with Unicode value \uB2C8 was not found in the [SourceHanSerifCN-Heavy SDF] font asset or any potential fallbacks. It was replaced by Unicode character \u25A1 in text object [Content].
The character with Unicode value \uB2E4 was not found in the [SourceHanSerifCN-Heavy SDF] font asset or any potential fallbacks. It was replaced by Unicode character \u25A1 in text object [Content].
The character with Unicode value \uC5EC was not found in the [SourceHanSerifCN-Heavy SDF] font asset or any potential fallbacks. It was replaced by Unicode character \u25A1 in text object [Content].
The character with Unicode value \uB7EC was not found in the [SourceHanSerifCN-Heavy SDF] font asset or any potential fallbacks. It was replaced by Unicode character \u25A1 in text object [Content].
The character with Unicode value \uB098 was not found in the [SourceHanSerifCN-Heavy SDF] font asset or any potential fallbacks. It was replaced by Unicode character \u25A1 in text object [Content].
The character with Unicode value \uB77C was not found in the [SourceHanSerifCN-Heavy SDF] font asset or any potential fallbacks. It was replaced by Unicode character \u25A1 in text object [Content].
The character with Unicode value \uC5D0 was not found in the [SourceHanSerifCN-Heavy SDF] font asset or any potential fallbacks. It was replaced by Unicode character \u25A1 in text object [Content].
The character with Unicode value \uC11C was not found in the [SourceHanSerifCN-Heavy SDF] font asset or any potential fallbacks. It was replaced by Unicode character \u25A1 in text object [Content].
The character with Unicode value \uB0B4 was not found in the [SourceHanSerifCN-Heavy SDF] font asset or any potential fallbacks. It was replaced by Unicode character \u25A1 in text object [Content].
The character with Unicode value \uD6C4 was not found in the [SourceHanSerifCN-Heavy SDF] font asset or any potential fallbacks. It was replaced by Unicode character \u25A1 in text object [Content].
The character with Unicode value \uB144 was not found in the [SourceHanSerifCN-Heavy SDF] font asset or any potential fallbacks. It was replaced by Unicode character \u25A1 in text object [Content].
The character with Unicode value \uC744 was not found in the [SourceHanSerifCN-Heavy SDF] font asset or any potential fallbacks. It was replaced by Unicode character \u25A1 in text object [Content].
The character with Unicode value \uB450 was not found in the [SourceHanSerifCN-Heavy SDF] font asset or any potential fallbacks. It was replaced by Unicode character \u25A1 in text object [Content].
The character with Unicode value \uACE0 was not found in the [SourceHanSerifCN-Heavy SDF] font asset or any potential fallbacks. It was replaced by Unicode character \u25A1 in text object [Content].
The character with Unicode value \uB450 was not found in the [SourceHanSerifCN-Heavy SDF] font asset or any potential fallbacks. It was replaced by Unicode character \u25A1 in text object [Content].
The character with Unicode value \uACE0 was not found in the [SourceHanSerifCN-Heavy SDF] font asset or any potential fallbacks. It was replaced by Unicode character \u25A1 in text object [Content].
The character with Unicode value \uC5F0 was not found in the [SourceHanSerifCN-Heavy SDF] font asset or any potential fallbacks. It was replaced by Unicode character \u25A1 in text object [Content].
The character with Unicode value \uAD6C was not found in the [SourceHanSerifCN-Heavy SDF] font asset or any potential fallbacks. It was replaced by Unicode character \u25A1 in text object [Content].
The character with Unicode value \uD574 was not found in the [SourceHanSerifCN-Heavy SDF] font asset or any potential fallbacks. It was replaced by Unicode character \u25A1 in text object [Content].
The character with Unicode value \uC654 was not found in the [SourceHanSerifCN-Heavy SDF] font asset or any potential fallbacks. It was replaced by Unicode character \u25A1 in text object [Content].
The character with Unicode value \uC2B5 was not found in the [SourceHanSerifCN-Heavy SDF] font asset or any potential fallbacks. It was replaced by Unicode character \u25A1 in text object [Content].
The character with Unicode value \uB2C8 was not found in the [SourceHanSerifCN-Heavy SDF] font asset or any potential fallbacks. It was replaced by Unicode character \u25A1 in text object [Content].
The character with Unicode value \uB2E4 was not found in the [SourceHanSerifCN-Heavy SDF] font asset or any potential fallbacks. It was replaced by Unicode character \u25A1 in text object [Content].
The character with Unicode value \uB0B4 was not found in the [SourceHanSerifCN-Heavy SDF] font asset or any potential fallbacks. It was replaced by Unicode character \u25A1 in text object [Content].
The character with Unicode value \uD6C4 was not found in the [SourceHanSerifCN-Heavy SDF] font asset or any potential fallbacks. It was replaced by Unicode character \u25A1 in text object [Content].
The character with Unicode value \uB144 was not found in the [SourceHanSerifCN-Heavy SDF] font asset or any potential fallbacks. It was replaced by Unicode character \u25A1 in text object [Content].
The character with Unicode value \uC744 was not found in the [SourceHanSerifCN-Heavy SDF] font asset or any potential fallbacks. It was replaced by Unicode character \u25A1 in text object [Content].
The character with Unicode value \uB97C was not found in the [SourceHanSerifCN-Heavy SDF] font asset or any potential fallbacks. It was replaced by Unicode character \u25A1 in text object [Content].
The character with Unicode value \uB458 was not found in the [SourceHanSerifCN-Heavy SDF] font asset or any potential fallbacks. It was replaced by Unicode character \u25A1 in text object [Content].
The character with Unicode value \uB7EC was not found in the [SourceHanSerifCN-Heavy SDF] font asset or any potential fallbacks. It was replaced by Unicode character \u25A1 in text object [Content].
The character with Unicode value \uC2FC was not found in the [SourceHanSerifCN-Heavy SDF] font asset or any potential fallbacks. It was replaced by Unicode character \u25A1 in text object [Content].
The character with Unicode value \uB17C was not found in the [SourceHanSerifCN-Heavy SDF] font asset or any potential fallbacks. It was replaced by Unicode character \u25A1 in text object [Content].
The character with Unicode value \uC758 was not found in the [SourceHanSerifCN-Heavy SDF] font asset or any potential fallbacks. It was replaced by Unicode character \u25A1 in text object [Content].
The character with Unicode value \uAC00 was not found in the [SourceHanSerifCN-Heavy SDF] font asset or any potential fallbacks. It was replaced by Unicode character \u25A1 in text object [Content].
The character with Unicode value \uD65C was not found in the [SourceHanSerifCN-Heavy SDF] font asset or any potential fallbacks. It was replaced by Unicode character \u25A1 in text object [Content].
The character with Unicode value \uBC1C was not found in the [SourceHanSerifCN-Heavy SDF] font asset or any potential fallbacks. It was replaced by Unicode character \u25A1 in text object [Content].
The character with Unicode value \uD574 was not found in the [SourceHanSerifCN-Heavy SDF] font asset or any potential fallbacks. It was replaced by Unicode character \u25A1 in text object [Content].
The character with Unicode value \uC9C0 was not found in the [SourceHanSerifCN-Heavy SDF] font asset or any potential fallbacks. It was replaced by Unicode character \u25A1 in text object [Content].
The character with Unicode value \uACE0 was not found in the [SourceHanSerifCN-Heavy SDF] font asset or any potential fallbacks. It was replaced by Unicode character \u25A1 in text object [Content].
The character with Unicode value \uC788 was not found in the [SourceHanSerifCN-Heavy SDF] font asset or any potential fallbacks. It was replaced by Unicode character \u25A1 in text object [Content].
The character with Unicode value \uC2B5 was not found in the [SourceHanSerifCN-Heavy SDF] font asset or any potential fallbacks. It was replaced by Unicode character \u25A1 in text object [Content].
The character with Unicode value \uB2C8 was not found in the [SourceHanSerifCN-Heavy SDF] font asset or any potential fallbacks. It was replaced by Unicode character \u25A1 in text object [Content].
The character with Unicode value \uB2E4 was not found in the [SourceHanSerifCN-Heavy SDF] font asset or any potential fallbacks. It was replaced by Unicode character \u25A1 in text object [Content].
The character with Unicode value \uBA85 was not found in the [SourceHanSerifCN-Heavy SDF] font asset or any potential fallbacks. It was replaced by Unicode character \u25A1 in text object [Content].
The character with Unicode value \uC0AC was not found in the [SourceHanSerifCN-Heavy SDF] font asset or any potential fallbacks. It was replaced by Unicode character \u25A1 in text object [Content].
The character with Unicode value \uB0B4 was not found in the [SourceHanSerifCN-Heavy SDF] font asset or any potential fallbacks. It was replaced by Unicode character \u25A1 in text object [Content].
The character with Unicode value \uD6C4 was not found in the [SourceHanSerifCN-Heavy SDF] font asset or any potential fallbacks. It was replaced by Unicode character \u25A1 in text object [Content].
The character with Unicode value \uB144 was not found in the [SourceHanSerifCN-Heavy SDF] font asset or any potential fallbacks. It was replaced by Unicode character \u25A1 in text object [Content].
The character with Unicode value \uC774 was not found in the [SourceHanSerifCN-Heavy SDF] font asset or any potential fallbacks. It was replaced by Unicode character \u25A1 in text object [Content].
The character with Unicode value \uC6B0 was not found in the [SourceHanSerifCN-Heavy SDF] font asset or any potential fallbacks. It was replaced by Unicode character \u25A1 in text object [Content].
The character with Unicode value \uB9AC was not found in the [SourceHanSerifCN-Heavy SDF] font asset or any potential fallbacks. It was replaced by Unicode character \u25A1 in text object [Content].
The character with Unicode value \uC0DD was not found in the [SourceHanSerifCN-Heavy SDF] font asset or any potential fallbacks. It was replaced by Unicode character \u25A1 in text object [Content].
The character with Unicode value \uD65C was not found in the [SourceHanSerifCN-Heavy SDF] font asset or any potential fallbacks. It was replaced by Unicode character \u25A1 in text object [Content].
The character with Unicode value \uACF3 was not found in the [SourceHanSerifCN-Heavy SDF] font asset or any potential fallbacks. It was replaced by Unicode character \u25A1 in text object [Content].
The character with Unicode value \uACF3 was not found in the [SourceHanSerifCN-Heavy SDF] font asset or any potential fallbacks. It was replaced by Unicode character \u25A1 in text object [Content].
The character with Unicode value \uC5D0 was not found in the [SourceHanSerifCN-Heavy SDF] font asset or any potential fallbacks. It was replaced by Unicode character \u25A1 in text object [Content].
The character with Unicode value \uC2A4 was not found in the [SourceHanSerifCN-Heavy SDF] font asset or any potential fallbacks. It was replaced by Unicode character \u25A1 in text object [Content].
The character with Unicode value \uBA70 was not found in the [SourceHanSerifCN-Heavy SDF] font asset or any potential fallbacks. It was replaced by Unicode character \u25A1 in text object [Content].
The character with Unicode value \uB4E4 was not found in the [SourceHanSerifCN-Heavy SDF] font asset or any potential fallbacks. It was replaced by Unicode character \u25A1 in text object [Content].
The character with Unicode value \uC5B4 was not found in the [SourceHanSerifCN-Heavy SDF] font asset or any potential fallbacks. It was replaced by Unicode character \u25A1 in text object [Content].
The character with Unicode value \uC788 was not found in the [SourceHanSerifCN-Heavy SDF] font asset or any potential fallbacks. It was replaced by Unicode character \u25A1 in text object [Content].
The character with Unicode value \uC2B5 was not found in the [SourceHanSerifCN-Heavy SDF] font asset or any potential fallbacks. It was replaced by Unicode character \u25A1 in text object [Content].
The character with Unicode value \uB2C8 was not found in the [SourceHanSerifCN-Heavy SDF] font asset or any potential fallbacks. It was replaced by Unicode character \u25A1 in text object [Content].
The character with Unicode value \uB2E4 was not found in the [SourceHanSerifCN-Heavy SDF] font asset or any potential fallbacks. It was replaced by Unicode character \u25A1 in text object [Content].
The character with Unicode value \uC5EC was not found in the [SourceHanSerifCN-Heavy SDF] font asset or any potential fallbacks. It was replaced by Unicode character \u25A1 in text object [Content].
The character with Unicode value \uB7EC was not found in the [SourceHanSerifCN-Heavy SDF] font asset or any potential fallbacks. It was replaced by Unicode character \u25A1 in text object [Content].
The character with Unicode value \uB098 was not found in the [SourceHanSerifCN-Heavy SDF] font asset or any potential fallbacks. It was replaced by Unicode character \u25A1 in text object [Content].
The character with Unicode value \uB77C was not found in the [SourceHanSerifCN-Heavy SDF] font asset or any potential fallbacks. It was replaced by Unicode character \u25A1 in text object [Content].
The character with Unicode value \uC5D0 was not found in the [SourceHanSerifCN-Heavy SDF] font asset or any potential fallbacks. It was replaced by Unicode character \u25A1 in text object [Content].
The character with Unicode value \uC11C was not found in the [SourceHanSerifCN-Heavy SDF] font asset or any potential fallbacks. It was replaced by Unicode character \u25A1 in text object [Content].
The character with Unicode value \uB0B4 was not found in the [SourceHanSerifCN-Heavy SDF] font asset or any potential fallbacks. It was replaced by Unicode character \u25A1 in text object [Content].
The character with Unicode value \uD6C4 was not found in the [SourceHanSerifCN-Heavy SDF] font asset or any potential fallbacks. It was replaced by Unicode character \u25A1 in text object [Content].
The character with Unicode value \uB144 was not found in the [SourceHanSerifCN-Heavy SDF] font asset or any potential fallbacks. It was replaced by Unicode character \u25A1 in text object [Content].
The character with Unicode value \uC744 was not found in the [SourceHanSerifCN-Heavy SDF] font asset or any potential fallbacks. It was replaced by Unicode character \u25A1 in text object [Content].
The character with Unicode value \uB450 was not found in the [SourceHanSerifCN-Heavy SDF] font asset or any potential fallbacks. It was replaced by Unicode character \u25A1 in text object [Content].
The character with Unicode value \uACE0 was not found in the [SourceHanSerifCN-Heavy SDF] font asset or any potential fallbacks. It was replaced by Unicode character \u25A1 in text object [Content].
The character with Unicode value \uB450 was not found in the [SourceHanSerifCN-Heavy SDF] font asset or any potential fallbacks. It was replaced by Unicode character \u25A1 in text object [Content].
The character with Unicode value \uACE0 was not found in the [SourceHanSerifCN-Heavy SDF] font asset or any potential fallbacks. It was replaced by Unicode character \u25A1 in text object [Content].
The character with Unicode value \uC5F0 was not found in the [SourceHanSerifCN-Heavy SDF] font asset or any potential fallbacks. It was replaced by Unicode character \u25A1 in text object [Content].
The character with Unicode value \uAD6C was not found in the [SourceHanSerifCN-Heavy SDF] font asset or any potential fallbacks. It was replaced by Unicode character \u25A1 in text object [Content].
The character with Unicode value \uD574 was not found in the [SourceHanSerifCN-Heavy SDF] font asset or any potential fallbacks. It was replaced by Unicode character \u25A1 in text object [Content].
The character with Unicode value \uC654 was not found in the [SourceHanSerifCN-Heavy SDF] font asset or any potential fallbacks. It was replaced by Unicode character \u25A1 in text object [Content].
The character with Unicode value \uC2B5 was not found in the [SourceHanSerifCN-Heavy SDF] font asset or any potential fallbacks. It was replaced by Unicode character \u25A1 in text object [Content].
The character with Unicode value \uB2C8 was not found in the [SourceHanSerifCN-Heavy SDF] font asset or any potential fallbacks. It was replaced by Unicode character \u25A1 in text object [Content].
The character with Unicode value \uB2E4 was not found in the [SourceHanSerifCN-Heavy SDF] font asset or any potential fallbacks. It was replaced by Unicode character \u25A1 in text object [Content].
The character with Unicode value \uB0B4 was not found in the [SourceHanSerifCN-Heavy SDF] font asset or any potential fallbacks. It was replaced by Unicode character \u25A1 in text object [Content].
The character with Unicode value \uD6C4 was not found in the [SourceHanSerifCN-Heavy SDF] font asset or any potential fallbacks. It was replaced by Unicode character \u25A1 in text object [Content].
The character with Unicode value \uB144 was not found in the [SourceHanSerifCN-Heavy SDF] font asset or any potential fallbacks. It was replaced by Unicode character \u25A1 in text object [Content].
The character with Unicode value \uC744 was not found in the [SourceHanSerifCN-Heavy SDF] font asset or any potential fallbacks. It was replaced by Unicode character \u25A1 in text object [Content].
The character with Unicode value \uB97C was not found in the [SourceHanSerifCN-Heavy SDF] font asset or any potential fallbacks. It was replaced by Unicode character \u25A1 in text object [Content].
The character with Unicode value \uB458 was not found in the [SourceHanSerifCN-Heavy SDF] font asset or any potential fallbacks. It was replaced by Unicode character \u25A1 in text object [Content].
The character with Unicode value \uB7EC was not found in the [SourceHanSerifCN-Heavy SDF] font asset or any potential fallbacks. It was replaced by Unicode character \u25A1 in text object [Content].
The character with Unicode value \uC2FC was not found in the [SourceHanSerifCN-Heavy SDF] font asset or any potential fallbacks. It was replaced by Unicode character \u25A1 in text object [Content].
The character with Unicode value \uB17C was not found in the [SourceHanSerifCN-Heavy SDF] font asset or any potential fallbacks. It was replaced by Unicode character \u25A1 in text object [Content].
The character with Unicode value \uC758 was not found in the [SourceHanSerifCN-Heavy SDF] font asset or any potential fallbacks. It was replaced by Unicode character \u25A1 in text object [Content].
The character with Unicode value \uAC00 was not found in the [SourceHanSerifCN-Heavy SDF] font asset or any potential fallbacks. It was replaced by Unicode character \u25A1 in text object [Content].
The character with Unicode value \uD65C was not found in the [SourceHanSerifCN-Heavy SDF] font asset or any potential fallbacks. It was replaced by Unicode character \u25A1 in text object [Content].
The character with Unicode value \uBC1C was not found in the [SourceHanSerifCN-Heavy SDF] font asset or any potential fallbacks. It was replaced by Unicode character \u25A1 in text object [Content].
The character with Unicode value \uD574 was not found in the [SourceHanSerifCN-Heavy SDF] font asset or any potential fallbacks. It was replaced by Unicode character \u25A1 in text object [Content].
The character with Unicode value \uC9C0 was not found in the [SourceHanSerifCN-Heavy SDF] font asset or any potential fallbacks. It was replaced by Unicode character \u25A1 in text object [Content].
The character with Unicode value \uACE0 was not found in the [SourceHanSerifCN-Heavy SDF] font asset or any potential fallbacks. It was replaced by Unicode character \u25A1 in text object [Content].
The character with Unicode value \uC788 was not found in the [SourceHanSerifCN-Heavy SDF] font asset or any potential fallbacks. It was replaced by Unicode character \u25A1 in text object [Content].
The character with Unicode value \uC2B5 was not found in the [SourceHanSerifCN-Heavy SDF] font asset or any potential fallbacks. It was replaced by Unicode character \u25A1 in text object [Content].
The character with Unicode value \uB2C8 was not found in the [SourceHanSerifCN-Heavy SDF] font asset or any potential fallbacks. It was replaced by Unicode character \u25A1 in text object [Content].
The character with Unicode value \uB2E4 was not found in the [SourceHanSerifCN-Heavy SDF] font asset or any potential fallbacks. It was replaced by Unicode character \u25A1 in text object [Content].
The character with Unicode value \uBA85 was not found in the [SourceHanSerifCN-Heavy SDF] font asset or any potential fallbacks. It was replaced by Unicode character \u25A1 in text object [Content].
The character with Unicode value \uC0AC was not found in the [SourceHanSerifCN-Heavy SDF] font asset or any potential fallbacks. It was replaced by Unicode character \u25A1 in text object [Content].
The character with Unicode value \uB0B4 was not found in the [SourceHanSerifCN-Heavy SDF] font asset or any potential fallbacks. It was replaced by Unicode character \u25A1 in text object [Content].
The character with Unicode value \uD6C4 was not found in the [SourceHanSerifCN-Heavy SDF] font asset or any potential fallbacks. It was replaced by Unicode character \u25A1 in text object [Content].
The character with Unicode value \uB144 was not found in the [SourceHanSerifCN-Heavy SDF] font asset or any potential fallbacks. It was replaced by Unicode character \u25A1 in text object [Content].
The character with Unicode value \uC774 was not found in the [SourceHanSerifCN-Heavy SDF] font asset or any potential fallbacks. It was replaced by Unicode character \u25A1 in text object [Content].
The character with Unicode value \uC6B0 was not found in the [SourceHanSerifCN-Heavy SDF] font asset or any potential fallbacks. It was replaced by Unicode character \u25A1 in text object [Content].
The character with Unicode value \uB9AC was not found in the [SourceHanSerifCN-Heavy SDF] font asset or any potential fallbacks. It was replaced by Unicode character \u25A1 in text object [Content].
The character with Unicode value \uC0DD was not found in the [SourceHanSerifCN-Heavy SDF] font asset or any potential fallbacks. It was replaced by Unicode character \u25A1 in text object [Content].
The character with Unicode value \uD65C was not found in the [SourceHanSerifCN-Heavy SDF] font asset or any potential fallbacks. It was replaced by Unicode character \u25A1 in text object [Content].
The character with Unicode value \uACF3 was not found in the [SourceHanSerifCN-Heavy SDF] font asset or any potential fallbacks. It was replaced by Unicode character \u25A1 in text object [Content].
The character with Unicode value \uACF3 was not found in the [SourceHanSerifCN-Heavy SDF] font asset or any potential fallbacks. It was replaced by Unicode character \u25A1 in text object [Content].
The character with Unicode value \uC5D0 was not found in the [SourceHanSerifCN-Heavy SDF] font asset or any potential fallbacks. It was replaced by Unicode character \u25A1 in text object [Content].
The character with Unicode value \uC2A4 was not found in the [SourceHanSerifCN-Heavy SDF] font asset or any potential fallbacks. It was replaced by Unicode character \u25A1 in text object [Content].
The character with Unicode value \uBA70 was not found in the [SourceHanSerifCN-Heavy SDF] font asset or any potential fallbacks. It was replaced by Unicode character \u25A1 in text object [Content].
The character with Unicode value \uB4E4 was not found in the [SourceHanSerifCN-Heavy SDF] font asset or any potential fallbacks. It was replaced by Unicode character \u25A1 in text object [Content].
The character with Unicode value \uC5B4 was not found in the [SourceHanSerifCN-Heavy SDF] font asset or any potential fallbacks. It was replaced by Unicode character \u25A1 in text object [Content].
The character with Unicode value \uC788 was not found in the [SourceHanSerifCN-Heavy SDF] font asset or any potential fallbacks. It was replaced by Unicode character \u25A1 in text object [Content].
The character with Unicode value \uC2B5 was not found in the [SourceHanSerifCN-Heavy SDF] font asset or any potential fallbacks. It was replaced by Unicode character \u25A1 in text object [Content].
The character with Unicode value \uB2C8 was not found in the [SourceHanSerifCN-Heavy SDF] font asset or any potential fallbacks. It was replaced by Unicode character \u25A1 in text object [Content].
The character with Unicode value \uB2E4 was not found in the [SourceHanSerifCN-Heavy SDF] font asset or any potential fallbacks. It was replaced by Unicode character \u25A1 in text object [Content].
The character with Unicode value \uC5EC was not found in the [SourceHanSerifCN-Heavy SDF] font asset or any potential fallbacks. It was replaced by Unicode character \u25A1 in text object [Content].
The character with Unicode value \uB7EC was not found in the [SourceHanSerifCN-Heavy SDF] font asset or any potential fallbacks. It was replaced by Unicode character \u25A1 in text object [Content].
The character with Unicode value \uB098 was not found in the [SourceHanSerifCN-Heavy SDF] font asset or any potential fallbacks. It was replaced by Unicode character \u25A1 in text object [Content].
The character with Unicode value \uB77C was not found in the [SourceHanSerifCN-Heavy SDF] font asset or any potential fallbacks. It was replaced by Unicode character \u25A1 in text object [Content].
The character with Unicode value \uC5D0 was not found in the [SourceHanSerifCN-Heavy SDF] font asset or any potential fallbacks. It was replaced by Unicode character \u25A1 in text object [Content].
The character with Unicode value \uC11C was not found in the [SourceHanSerifCN-Heavy SDF] font asset or any potential fallbacks. It was replaced by Unicode character \u25A1 in text object [Content].
The character with Unicode value \uB0B4 was not found in the [SourceHanSerifCN-Heavy SDF] font asset or any potential fallbacks. It was replaced by Unicode character \u25A1 in text object [Content].
The character with Unicode value \uD6C4 was not found in the [SourceHanSerifCN-Heavy SDF] font asset or any potential fallbacks. It was replaced by Unicode character \u25A1 in text object [Content].
The character with Unicode value \uB144 was not found in the [SourceHanSerifCN-Heavy SDF] font asset or any potential fallbacks. It was replaced by Unicode character \u25A1 in text object [Content].
The character with Unicode value \uC744 was not found in the [SourceHanSerifCN-Heavy SDF] font asset or any potential fallbacks. It was replaced by Unicode character \u25A1 in text object [Content].
The character with Unicode value \uB450 was not found in the [SourceHanSerifCN-Heavy SDF] font asset or any potential fallbacks. It was replaced by Unicode character \u25A1 in text object [Content].
The character with Unicode value \uACE0 was not found in the [SourceHanSerifCN-Heavy SDF] font asset or any potential fallbacks. It was replaced by Unicode character \u25A1 in text object [Content].
The character with Unicode value \uB450 was not found in the [SourceHanSerifCN-Heavy SDF] font asset or any potential fallbacks. It was replaced by Unicode character \u25A1 in text object [Content].
The character with Unicode value \uACE0 was not found in the [SourceHanSerifCN-Heavy SDF] font asset or any potential fallbacks. It was replaced by Unicode character \u25A1 in text object [Content].
The character with Unicode value \uC5F0 was not found in the [SourceHanSerifCN-Heavy SDF] font asset or any potential fallbacks. It was replaced by Unicode character \u25A1 in text object [Content].
The character with Unicode value \uAD6C was not found in the [SourceHanSerifCN-Heavy SDF] font asset or any potential fallbacks. It was replaced by Unicode character \u25A1 in text object [Content].
The character with Unicode value \uD574 was not found in the [SourceHanSerifCN-Heavy SDF] font asset or any potential fallbacks. It was replaced by Unicode character \u25A1 in text object [Content].
The character with Unicode value \uC654 was not found in the [SourceHanSerifCN-Heavy SDF] font asset or any potential fallbacks. It was replaced by Unicode character \u25A1 in text object [Content].
The character with Unicode value \uC2B5 was not found in the [SourceHanSerifCN-Heavy SDF] font asset or any potential fallbacks. It was replaced by Unicode character \u25A1 in text object [Content].
The character with Unicode value \uB2C8 was not found in the [SourceHanSerifCN-Heavy SDF] font asset or any potential fallbacks. It was replaced by Unicode character \u25A1 in text object [Content].
The character with Unicode value \uB2E4 was not found in the [SourceHanSerifCN-Heavy SDF] font asset or any potential fallbacks. It was replaced by Unicode character \u25A1 in text object [Content].
The character with Unicode value \uB0B4 was not found in the [SourceHanSerifCN-Heavy SDF] font asset or any potential fallbacks. It was replaced by Unicode character \u25A1 in text object [Content].
The character with Unicode value \uD6C4 was not found in the [SourceHanSerifCN-Heavy SDF] font asset or any potential fallbacks. It was replaced by Unicode character \u25A1 in text object [Content].
The character with Unicode value \uB144 was not found in the [SourceHanSerifCN-Heavy SDF] font asset or any potential fallbacks. It was replaced by Unicode character \u25A1 in text object [Content].
The character with Unicode value \uC744 was not found in the [SourceHanSerifCN-Heavy SDF] font asset or any potential fallbacks. It was replaced by Unicode character \u25A1 in text object [Content].
The character with Unicode value \uB97C was not found in the [SourceHanSerifCN-Heavy SDF] font asset or any potential fallbacks. It was replaced by Unicode character \u25A1 in text object [Content].
The character with Unicode value \uB458 was not found in the [SourceHanSerifCN-Heavy SDF] font asset or any potential fallbacks. It was replaced by Unicode character \u25A1 in text object [Content].
The character with Unicode value \uB7EC was not found in the [SourceHanSerifCN-Heavy SDF] font asset or any potential fallbacks. It was replaced by Unicode character \u25A1 in text object [Content].
The character with Unicode value \uC2FC was not found in the [SourceHanSerifCN-Heavy SDF] font asset or any potential fallbacks. It was replaced by Unicode character \u25A1 in text object [Content].
The character with Unicode value \uB17C was not found in the [SourceHanSerifCN-Heavy SDF] font asset or any potential fallbacks. It was replaced by Unicode character \u25A1 in text object [Content].
The character with Unicode value \uC758 was not found in the [SourceHanSerifCN-Heavy SDF] font asset or any potential fallbacks. It was replaced by Unicode character \u25A1 in text object [Content].
The character with Unicode value \uAC00 was not found in the [SourceHanSerifCN-Heavy SDF] font asset or any potential fallbacks. It was replaced by Unicode character \u25A1 in text object [Content].
The character with Unicode value \uD65C was not found in the [SourceHanSerifCN-Heavy SDF] font asset or any potential fallbacks. It was replaced by Unicode character \u25A1 in text object [Content].
The character with Unicode value \uBC1C was not found in the [SourceHanSerifCN-Heavy SDF] font asset or any potential fallbacks. It was replaced by Unicode character \u25A1 in text object [Content].
The character with Unicode value \uD574 was not found in the [SourceHanSerifCN-Heavy SDF] font asset or any potential fallbacks. It was replaced by Unicode character \u25A1 in text object [Content].
The character with Unicode value \uC9C0 was not found in the [SourceHanSerifCN-Heavy SDF] font asset or any potential fallbacks. It was replaced by Unicode character \u25A1 in text object [Content].
The character with Unicode value \uACE0 was not found in the [SourceHanSerifCN-Heavy SDF] font asset or any potential fallbacks. It was replaced by Unicode character \u25A1 in text object [Content].
The character with Unicode value \uC788 was not found in the [SourceHanSerifCN-Heavy SDF] font asset or any potential fallbacks. It was replaced by Unicode character \u25A1 in text object [Content].
The character with Unicode value \uC2B5 was not found in the [SourceHanSerifCN-Heavy SDF] font asset or any potential fallbacks. It was replaced by Unicode character \u25A1 in text object [Content].
The character with Unicode value \uB2C8 was not found in the [SourceHanSerifCN-Heavy SDF] font asset or any potential fallbacks. It was replaced by Unicode character \u25A1 in text object [Content].
The character with Unicode value \uB2E4 was not found in the [SourceHanSerifCN-Heavy SDF] font asset or any potential fallbacks. It was replaced by Unicode character \u25A1 in text object [Content].
The character with Unicode value \uBA85 was not found in the [SourceHanSerifCN-Heavy SDF] font asset or any potential fallbacks. It was replaced by Unicode character \u25A1 in text object [Content].
The character with Unicode value \uC0AC was not found in the [SourceHanSerifCN-Heavy SDF] font asset or any potential fallbacks. It was replaced by Unicode character \u25A1 in text object [Content].
The character with Unicode value \uB0B4 was not found in the [SourceHanSerifCN-Heavy SDF] font asset or any potential fallbacks. It was replaced by Unicode character \u25A1 in text object [Content].
The character with Unicode value \uD6C4 was not found in the [SourceHanSerifCN-Heavy SDF] font asset or any potential fallbacks. It was replaced by Unicode character \u25A1 in text object [Content].
The character with Unicode value \uB144 was not found in the [SourceHanSerifCN-Heavy SDF] font asset or any potential fallbacks. It was replaced by Unicode character \u25A1 in text object [Content].
The character with Unicode value \uC774 was not found in the [SourceHanSerifCN-Heavy SDF] font asset or any potential fallbacks. It was replaced by Unicode character \u25A1 in text object [Content].
The character with Unicode value \uC6B0 was not found in the [SourceHanSerifCN-Heavy SDF] font asset or any potential fallbacks. It was replaced by Unicode character \u25A1 in text object [Content].
The character with Unicode value \uB9AC was not found in the [SourceHanSerifCN-Heavy SDF] font asset or any potential fallbacks. It was replaced by Unicode character \u25A1 in text object [Content].
The character with Unicode value \uC0DD was not found in the [SourceHanSerifCN-Heavy SDF] font asset or any potential fallbacks. It was replaced by Unicode character \u25A1 in text object [Content].
The character with Unicode value \uD65C was not found in the [SourceHanSerifCN-Heavy SDF] font asset or any potential fallbacks. It was replaced by Unicode character \u25A1 in text object [Content].
The character with Unicode value \uACF3 was not found in the [SourceHanSerifCN-Heavy SDF] font asset or any potential fallbacks. It was replaced by Unicode character \u25A1 in text object [Content].
The character with Unicode value \uACF3 was not found in the [SourceHanSerifCN-Heavy SDF] font asset or any potential fallbacks. It was replaced by Unicode character \u25A1 in text object [Content].
The character with Unicode value \uC5D0 was not found in the [SourceHanSerifCN-Heavy SDF] font asset or any potential fallbacks. It was replaced by Unicode character \u25A1 in text object [Content].
The character with Unicode value \uC2A4 was not found in the [SourceHanSerifCN-Heavy SDF] font asset or any potential fallbacks. It was replaced by Unicode character \u25A1 in text object [Content].
The character with Unicode value \uBA70 was not found in the [SourceHanSerifCN-Heavy SDF] font asset or any potential fallbacks. It was replaced by Unicode character \u25A1 in text object [Content].
The character with Unicode value \uB4E4 was not found in the [SourceHanSerifCN-Heavy SDF] font asset or any potential fallbacks. It was replaced by Unicode character \u25A1 in text object [Content].
The character with Unicode value \uC5B4 was not found in the [SourceHanSerifCN-Heavy SDF] font asset or any potential fallbacks. It was replaced by Unicode character \u25A1 in text object [Content].
The character with Unicode value \uC788 was not found in the [SourceHanSerifCN-Heavy SDF] font asset or any potential fallbacks. It was replaced by Unicode character \u25A1 in text object [Content].
The character with Unicode value \uC2B5 was not found in the [SourceHanSerifCN-Heavy SDF] font asset or any potential fallbacks. It was replaced by Unicode character \u25A1 in text object [Content].
The character with Unicode value \uB2C8 was not found in the [SourceHanSerifCN-Heavy SDF] font asset or any potential fallbacks. It was replaced by Unicode character \u25A1 in text object [Content].
The character with Unicode value \uB2E4 was not found in the [SourceHanSerifCN-Heavy SDF] font asset or any potential fallbacks. It was replaced by Unicode character \u25A1 in text object [Content].
The character with Unicode value \uC5EC was not found in the [SourceHanSerifCN-Heavy SDF] font asset or any potential fallbacks. It was replaced by Unicode character \u25A1 in text object [Content].
The character with Unicode value \uB7EC was not found in the [SourceHanSerifCN-Heavy SDF] font asset or any potential fallbacks. It was replaced by Unicode character \u25A1 in text object [Content].
The character with Unicode value \uB098 was not found in the [SourceHanSerifCN-Heavy SDF] font asset or any potential fallbacks. It was replaced by Unicode character \u25A1 in text object [Content].
The character with Unicode value \uB77C was not found in the [SourceHanSerifCN-Heavy SDF] font asset or any potential fallbacks. It was replaced by Unicode character \u25A1 in text object [Content].
The character with Unicode value \uC5D0 was not found in the [SourceHanSerifCN-Heavy SDF] font asset or any potential fallbacks. It was replaced by Unicode character \u25A1 in text object [Content].
The character with Unicode value \uC11C was not found in the [SourceHanSerifCN-Heavy SDF] font asset or any potential fallbacks. It was replaced by Unicode character \u25A1 in text object [Content].
The character with Unicode value \uB0B4 was not found in the [SourceHanSerifCN-Heavy SDF] font asset or any potential fallbacks. It was replaced by Unicode character \u25A1 in text object [Content].
The character with Unicode value \uD6C4 was not found in the [SourceHanSerifCN-Heavy SDF] font asset or any potential fallbacks. It was replaced by Unicode character \u25A1 in text object [Content].
The character with Unicode value \uB144 was not found in the [SourceHanSerifCN-Heavy SDF] font asset or any potential fallbacks. It was replaced by Unicode character \u25A1 in text object [Content].
The character with Unicode value \uC744 was not found in the [SourceHanSerifCN-Heavy SDF] font asset or any potential fallbacks. It was replaced by Unicode character \u25A1 in text object [Content].
The character with Unicode value \uB450 was not found in the [SourceHanSerifCN-Heavy SDF] font asset or any potential fallbacks. It was replaced by Unicode character \u25A1 in text object [Content].
The character with Unicode value \uACE0 was not found in the [SourceHanSerifCN-Heavy SDF] font asset or any potential fallbacks. It was replaced by Unicode character \u25A1 in text object [Content].
The character with Unicode value \uB450 was not found in the [SourceHanSerifCN-Heavy SDF] font asset or any potential fallbacks. It was replaced by Unicode character \u25A1 in text object [Content].
The character with Unicode value \uACE0 was not found in the [SourceHanSerifCN-Heavy SDF] font asset or any potential fallbacks. It was replaced by Unicode character \u25A1 in text object [Content].
The character with Unicode value \uC5F0 was not found in the [SourceHanSerifCN-Heavy SDF] font asset or any potential fallbacks. It was replaced by Unicode character \u25A1 in text object [Content].
The character with Unicode value \uAD6C was not found in the [SourceHanSerifCN-Heavy SDF] font asset or any potential fallbacks. It was replaced by Unicode character \u25A1 in text object [Content].
The character with Unicode value \uD574 was not found in the [SourceHanSerifCN-Heavy SDF] font asset or any potential fallbacks. It was replaced by Unicode character \u25A1 in text object [Content].
The character with Unicode value \uC654 was not found in the [SourceHanSerifCN-Heavy SDF] font asset or any potential fallbacks. It was replaced by Unicode character \u25A1 in text object [Content].
The character with Unicode value \uC2B5 was not found in the [SourceHanSerifCN-Heavy SDF] font asset or any potential fallbacks. It was replaced by Unicode character \u25A1 in text object [Content].
The character with Unicode value \uB2C8 was not found in the [SourceHanSerifCN-Heavy SDF] font asset or any potential fallbacks. It was replaced by Unicode character \u25A1 in text object [Content].
The character with Unicode value \uB2E4 was not found in the [SourceHanSerifCN-Heavy SDF] font asset or any potential fallbacks. It was replaced by Unicode character \u25A1 in text object [Content].
The character with Unicode value \uB0B4 was not found in the [SourceHanSerifCN-Heavy SDF] font asset or any potential fallbacks. It was replaced by Unicode character \u25A1 in text object [Content].
The character with Unicode value \uD6C4 was not found in the [SourceHanSerifCN-Heavy SDF] font asset or any potential fallbacks. It was replaced by Unicode character \u25A1 in text object [Content].
The character with Unicode value \uB144 was not found in the [SourceHanSerifCN-Heavy SDF] font asset or any potential fallbacks. It was replaced by Unicode character \u25A1 in text object [Content].
The character with Unicode value \uC744 was not found in the [SourceHanSerifCN-Heavy SDF] font asset or any potential fallbacks. It was replaced by Unicode character \u25A1 in text object [Content].
The character with Unicode value \uB97C was not found in the [SourceHanSerifCN-Heavy SDF] font asset or any potential fallbacks. It was replaced by Unicode character \u25A1 in text object [Content].
The character with Unicode value \uB458 was not found in the [SourceHanSerifCN-Heavy SDF] font asset or any potential fallbacks. It was replaced by Unicode character \u25A1 in text object [Content].
The character with Unicode value \uB7EC was not found in the [SourceHanSerifCN-Heavy SDF] font asset or any potential fallbacks. It was replaced by Unicode character \u25A1 in text object [Content].
The character with Unicode value \uC2FC was not found in the [SourceHanSerifCN-Heavy SDF] font asset or any potential fallbacks. It was replaced by Unicode character \u25A1 in text object [Content].
The character with Unicode value \uB17C was not found in the [SourceHanSerifCN-Heavy SDF] font asset or any potential fallbacks. It was replaced by Unicode character \u25A1 in text object [Content].
The character with Unicode value \uC758 was not found in the [SourceHanSerifCN-Heavy SDF] font asset or any potential fallbacks. It was replaced by Unicode character \u25A1 in text object [Content].
The character with Unicode value \uAC00 was not found in the [SourceHanSerifCN-Heavy SDF] font asset or any potential fallbacks. It was replaced by Unicode character \u25A1 in text object [Content].
The character with Unicode value \uD65C was not found in the [SourceHanSerifCN-Heavy SDF] font asset or any potential fallbacks. It was replaced by Unicode character \u25A1 in text object [Content].
The character with Unicode value \uBC1C was not found in the [SourceHanSerifCN-Heavy SDF] font asset or any potential fallbacks. It was replaced by Unicode character \u25A1 in text object [Content].
The character with Unicode value \uD574 was not found in the [SourceHanSerifCN-Heavy SDF] font asset or any potential fallbacks. It was replaced by Unicode character \u25A1 in text object [Content].
The character with Unicode value \uC9C0 was not found in the [SourceHanSerifCN-Heavy SDF] font asset or any potential fallbacks. It was replaced by Unicode character \u25A1 in text object [Content].
The character with Unicode value \uACE0 was not found in the [SourceHanSerifCN-Heavy SDF] font asset or any potential fallbacks. It was replaced by Unicode character \u25A1 in text object [Content].
The character with Unicode value \uC788 was not found in the [SourceHanSerifCN-Heavy SDF] font asset or any potential fallbacks. It was replaced by Unicode character \u25A1 in text object [Content].
The character with Unicode value \uC2B5 was not found in the [SourceHanSerifCN-Heavy SDF] font asset or any potential fallbacks. It was replaced by Unicode character \u25A1 in text object [Content].
The character with Unicode value \uB2C8 was not found in the [SourceHanSerifCN-Heavy SDF] font asset or any potential fallbacks. It was replaced by Unicode character \u25A1 in text object [Content].
The character with Unicode value \uB2E4 was not found in the [SourceHanSerifCN-Heavy SDF] font asset or any potential fallbacks. It was replaced by Unicode character \u25A1 in text object [Content].
The character with Unicode value \uBA85 was not found in the [SourceHanSerifCN-Heavy SDF] font asset or any potential fallbacks. It was replaced by Unicode character \u25A1 in text object [Content].
The character with Unicode value \uC0AC was not found in the [SourceHanSerifCN-Heavy SDF] font asset or any potential fallbacks. It was replaced by Unicode character \u25A1 in text object [Content].
The character with Unicode value \uB0B4 was not found in the [SourceHanSerifCN-Heavy SDF] font asset or any potential fallbacks. It was replaced by Unicode character \u25A1 in text object [Content].
The character with Unicode value \uD6C4 was not found in the [SourceHanSerifCN-Heavy SDF] font asset or any potential fallbacks. It was replaced by Unicode character \u25A1 in text object [Content].
The character with Unicode value \uB144 was not found in the [SourceHanSerifCN-Heavy SDF] font asset or any potential fallbacks. It was replaced by Unicode character \u25A1 in text object [Content].
The character with Unicode value \uC774 was not found in the [SourceHanSerifCN-Heavy SDF] font asset or any potential fallbacks. It was replaced by Unicode character \u25A1 in text object [Content].
The character with Unicode value \uC6B0 was not found in the [SourceHanSerifCN-Heavy SDF] font asset or any potential fallbacks. It was replaced by Unicode character \u25A1 in text object [Content].
The character with Unicode value \uB9AC was not found in the [SourceHanSerifCN-Heavy SDF] font asset or any potential fallbacks. It was replaced by Unicode character \u25A1 in text object [Content].
The character with Unicode value \uC0DD was not found in the [SourceHanSerifCN-Heavy SDF] font asset or any potential fallbacks. It was replaced by Unicode character \u25A1 in text object [Content].
The character with Unicode value \uD65C was not found in the [SourceHanSerifCN-Heavy SDF] font asset or any potential fallbacks. It was replaced by Unicode character \u25A1 in text object [Content].
The character with Unicode value \uACF3 was not found in the [SourceHanSerifCN-Heavy SDF] font asset or any potential fallbacks. It was replaced by Unicode character \u25A1 in text object [Content].
The character with Unicode value \uACF3 was not found in the [SourceHanSerifCN-Heavy SDF] font asset or any potential fallbacks. It was replaced by Unicode character \u25A1 in text object [Content].
The character with Unicode value \uC5D0 was not found in the [SourceHanSerifCN-Heavy SDF] font asset or any potential fallbacks. It was replaced by Unicode character \u25A1 in text object [Content].
The character with Unicode value \uC2A4 was not found in the [SourceHanSerifCN-Heavy SDF] font asset or any potential fallbacks. It was replaced by Unicode character \u25A1 in text object [Content].
The character with Unicode value \uBA70 was not found in the [SourceHanSerifCN-Heavy SDF] font asset or any potential fallbacks. It was replaced by Unicode character \u25A1 in text object [Content].
The character with Unicode value \uB4E4 was not found in the [SourceHanSerifCN-Heavy SDF] font asset or any potential fallbacks. It was replaced by Unicode character \u25A1 in text object [Content].
The character with Unicode value \uC5B4 was not found in the [SourceHanSerifCN-Heavy SDF] font asset or any potential fallbacks. It was replaced by Unicode character \u25A1 in text object [Content].
The character with Unicode value \uC788 was not found in the [SourceHanSerifCN-Heavy SDF] font asset or any potential fallbacks. It was replaced by Unicode character \u25A1 in text object [Content].
The character with Unicode value \uC2B5 was not found in the [SourceHanSerifCN-Heavy SDF] font asset or any potential fallbacks. It was replaced by Unicode character \u25A1 in text object [Content].
The character with Unicode value \uB2C8 was not found in the [SourceHanSerifCN-Heavy SDF] font asset or any potential fallbacks. It was replaced by Unicode character \u25A1 in text object [Content].
The character with Unicode value \uB2E4 was not found in the [SourceHanSerifCN-Heavy SDF] font asset or any potential fallbacks. It was replaced by Unicode character \u25A1 in text object [Content].
The character with Unicode value \uC5EC was not found in the [SourceHanSerifCN-Heavy SDF] font asset or any potential fallbacks. It was replaced by Unicode character \u25A1 in text object [Content].
The character with Unicode value \uB7EC was not found in the [SourceHanSerifCN-Heavy SDF] font asset or any potential fallbacks. It was replaced by Unicode character \u25A1 in text object [Content].
The character with Unicode value \uB098 was not found in the [SourceHanSerifCN-Heavy SDF] font asset or any potential fallbacks. It was replaced by Unicode character \u25A1 in text object [Content].
The character with Unicode value \uB77C was not found in the [SourceHanSerifCN-Heavy SDF] font asset or any potential fallbacks. It was replaced by Unicode character \u25A1 in text object [Content].
The character with Unicode value \uC5D0 was not found in the [SourceHanSerifCN-Heavy SDF] font asset or any potential fallbacks. It was replaced by Unicode character \u25A1 in text object [Content].
The character with Unicode value \uC11C was not found in the [SourceHanSerifCN-Heavy SDF] font asset or any potential fallbacks. It was replaced by Unicode character \u25A1 in text object [Content].
The character with Unicode value \uB0B4 was not found in the [SourceHanSerifCN-Heavy SDF] font asset or any potential fallbacks. It was replaced by Unicode character \u25A1 in text object [Content].
The character with Unicode value \uD6C4 was not found in the [SourceHanSerifCN-Heavy SDF] font asset or any potential fallbacks. It was replaced by Unicode character \u25A1 in text object [Content].
The character with Unicode value \uB144 was not found in the [SourceHanSerifCN-Heavy SDF] font asset or any potential fallbacks. It was replaced by Unicode character \u25A1 in text object [Content].
The character with Unicode value \uC744 was not found in the [SourceHanSerifCN-Heavy SDF] font asset or any potential fallbacks. It was replaced by Unicode character \u25A1 in text object [Content].
The character with Unicode value \uB450 was not found in the [SourceHanSerifCN-Heavy SDF] font asset or any potential fallbacks. It was replaced by Unicode character \u25A1 in text object [Content].
The character with Unicode value \uACE0 was not found in the [SourceHanSerifCN-Heavy SDF] font asset or any potential fallbacks. It was replaced by Unicode character \u25A1 in text object [Content].
The character with Unicode value \uB450 was not found in the [SourceHanSerifCN-Heavy SDF] font asset or any potential fallbacks. It was replaced by Unicode character \u25A1 in text object [Content].
The character with Unicode value \uACE0 was not found in the [SourceHanSerifCN-Heavy SDF] font asset or any potential fallbacks. It was replaced by Unicode character \u25A1 in text object [Content].
The character with Unicode value \uC5F0 was not found in the [SourceHanSerifCN-Heavy SDF] font asset or any potential fallbacks. It was replaced by Unicode character \u25A1 in text object [Content].
The character with Unicode value \uAD6C was not found in the [SourceHanSerifCN-Heavy SDF] font asset or any potential fallbacks. It was replaced by Unicode character \u25A1 in text object [Content].
The character with Unicode value \uD574 was not found in the [SourceHanSerifCN-Heavy SDF] font asset or any potential fallbacks. It was replaced by Unicode character \u25A1 in text object [Content].
The character with Unicode value \uC654 was not found in the [SourceHanSerifCN-Heavy SDF] font asset or any potential fallbacks. It was replaced by Unicode character \u25A1 in text object [Content].
The character with Unicode value \uC2B5 was not found in the [SourceHanSerifCN-Heavy SDF] font asset or any potential fallbacks. It was replaced by Unicode character \u25A1 in text object [Content].
The character with Unicode value \uB2C8 was not found in the [SourceHanSerifCN-Heavy SDF] font asset or any potential fallbacks. It was replaced by Unicode character \u25A1 in text object [Content].
The character with Unicode value \uB2E4 was not found in the [SourceHanSerifCN-Heavy SDF] font asset or any potential fallbacks. It was replaced by Unicode character \u25A1 in text object [Content].
The character with Unicode value \uB0B4 was not found in the [SourceHanSerifCN-Heavy SDF] font asset or any potential fallbacks. It was replaced by Unicode character \u25A1 in text object [Content].
The character with Unicode value \uD6C4 was not found in the [SourceHanSerifCN-Heavy SDF] font asset or any potential fallbacks. It was replaced by Unicode character \u25A1 in text object [Content].
The character with Unicode value \uB144 was not found in the [SourceHanSerifCN-Heavy SDF] font asset or any potential fallbacks. It was replaced by Unicode character \u25A1 in text object [Content].
The character with Unicode value \uC744 was not found in the [SourceHanSerifCN-Heavy SDF] font asset or any potential fallbacks. It was replaced by Unicode character \u25A1 in text object [Content].
The character with Unicode value \uB97C was not found in the [SourceHanSerifCN-Heavy SDF] font asset or any potential fallbacks. It was replaced by Unicode character \u25A1 in text object [Content].
The character with Unicode value \uB458 was not found in the [SourceHanSerifCN-Heavy SDF] font asset or any potential fallbacks. It was replaced by Unicode character \u25A1 in text object [Content].
The character with Unicode value \uB7EC was not found in the [SourceHanSerifCN-Heavy SDF] font asset or any potential fallbacks. It was replaced by Unicode character \u25A1 in text object [Content].
The character with Unicode value \uC2FC was not found in the [SourceHanSerifCN-Heavy SDF] font asset or any potential fallbacks. It was replaced by Unicode character \u25A1 in text object [Content].
The character with Unicode value \uB17C was not found in the [SourceHanSerifCN-Heavy SDF] font asset or any potential fallbacks. It was replaced by Unicode character \u25A1 in text object [Content].
The character with Unicode value \uC758 was not found in the [SourceHanSerifCN-Heavy SDF] font asset or any potential fallbacks. It was replaced by Unicode character \u25A1 in text object [Content].
The character with Unicode value \uAC00 was not found in the [SourceHanSerifCN-Heavy SDF] font asset or any potential fallbacks. It was replaced by Unicode character \u25A1 in text object [Content].
The character with Unicode value \uD65C was not found in the [SourceHanSerifCN-Heavy SDF] font asset or any potential fallbacks. It was replaced by Unicode character \u25A1 in text object [Content].
The character with Unicode value \uBC1C was not found in the [SourceHanSerifCN-Heavy SDF] font asset or any potential fallbacks. It was replaced by Unicode character \u25A1 in text object [Content].
The character with Unicode value \uD574 was not found in the [SourceHanSerifCN-Heavy SDF] font asset or any potential fallbacks. It was replaced by Unicode character \u25A1 in text object [Content].
The character with Unicode value \uC9C0 was not found in the [SourceHanSerifCN-Heavy SDF] font asset or any potential fallbacks. It was replaced by Unicode character \u25A1 in text object [Content].
The character with Unicode value \uACE0 was not found in the [SourceHanSerifCN-Heavy SDF] font asset or any potential fallbacks. It was replaced by Unicode character \u25A1 in text object [Content].
The character with Unicode value \uC788 was not found in the [SourceHanSerifCN-Heavy SDF] font asset or any potential fallbacks. It was replaced by Unicode character \u25A1 in text object [Content].
The character with Unicode value \uC2B5 was not found in the [SourceHanSerifCN-Heavy SDF] font asset or any potential fallbacks. It was replaced by Unicode character \u25A1 in text object [Content].
The character with Unicode value \uB2C8 was not found in the [SourceHanSerifCN-Heavy SDF] font asset or any potential fallbacks. It was replaced by Unicode character \u25A1 in text object [Content].
The character with Unicode value \uB2E4 was not found in the [SourceHanSerifCN-Heavy SDF] font asset or any potential fallbacks. It was replaced by Unicode character \u25A1 in text object [Content].
[Info   :  WCP Host] WcpHost: 长帧 159ms — mod 本帧占用 0.0ms（0.0%） GC本帧=0:0 1:0 2:0 本帧 Top=无 mod 操作
The character with Unicode value \uB0B4 was not found in the [SourceHanSerifCN-Heavy SDF] font asset or any potential fallbacks. It was replaced by Unicode character \u25A1 in text object [Content].
The character with Unicode value \uD6C4 was not found in the [SourceHanSerifCN-Heavy SDF] font asset or any potential fallbacks. It was replaced by Unicode character \u25A1 in text object [Content].
The character with Unicode value \uB144 was not found in the [SourceHanSerifCN-Heavy SDF] font asset or any potential fallbacks. It was replaced by Unicode character \u25A1 in text object [Content].
The character with Unicode value \uC774 was not found in the [SourceHanSerifCN-Heavy SDF] font asset or any potential fallbacks. It was replaced by Unicode character \u25A1 in text object [Content].
The character with Unicode value \uC6B0 was not found in the [SourceHanSerifCN-Heavy SDF] font asset or any potential fallbacks. It was replaced by Unicode character \u25A1 in text object [Content].
The character with Unicode value \uB9AC was not found in the [SourceHanSerifCN-Heavy SDF] font asset or any potential fallbacks. It was replaced by Unicode character \u25A1 in text object [Content].
The character with Unicode value \uC0DD was not found in the [SourceHanSerifCN-Heavy SDF] font asset or any potential fallbacks. It was replaced by Unicode character \u25A1 in text object [Content].
The character with Unicode value \uD65C was not found in the [SourceHanSerifCN-Heavy SDF] font asset or any potential fallbacks. It was replaced by Unicode character \u25A1 in text object [Content].
The character with Unicode value \uACF3 was not found in the [SourceHanSerifCN-Heavy SDF] font asset or any potential fallbacks. It was replaced by Unicode character \u25A1 in text object [Content].
The character with Unicode value \uACF3 was not found in the [SourceHanSerifCN-Heavy SDF] font asset or any potential fallbacks. It was replaced by Unicode character \u25A1 in text object [Content].
The character with Unicode value \uC5D0 was not found in the [SourceHanSerifCN-Heavy SDF] font asset or any potential fallbacks. It was replaced by Unicode character \u25A1 in text object [Content].
The character with Unicode value \uC2A4 was not found in the [SourceHanSerifCN-Heavy SDF] font asset or any potential fallbacks. It was replaced by Unicode character \u25A1 in text object [Content].
The character with Unicode value \uBA70 was not found in the [SourceHanSerifCN-Heavy SDF] font asset or any potential fallbacks. It was replaced by Unicode character \u25A1 in text object [Content].
The character with Unicode value \uB4E4 was not found in the [SourceHanSerifCN-Heavy SDF] font asset or any potential fallbacks. It was replaced by Unicode character \u25A1 in text object [Content].
The character with Unicode value \uC5B4 was not found in the [SourceHanSerifCN-Heavy SDF] font asset or any potential fallbacks. It was replaced by Unicode character \u25A1 in text object [Content].
The character with Unicode value \uC788 was not found in the [SourceHanSerifCN-Heavy SDF] font asset or any potential fallbacks. It was replaced by Unicode character \u25A1 in text object [Content].
The character with Unicode value \uC2B5 was not found in the [SourceHanSerifCN-Heavy SDF] font asset or any potential fallbacks. It was replaced by Unicode character \u25A1 in text object [Content].
The character with Unicode value \uB2C8 was not found in the [SourceHanSerifCN-Heavy SDF] font asset or any potential fallbacks. It was replaced by Unicode character \u25A1 in text object [Content].
The character with Unicode value \uB2E4 was not found in the [SourceHanSerifCN-Heavy SDF] font asset or any potential fallbacks. It was replaced by Unicode character \u25A1 in text object [Content].
The character with Unicode value \uC5EC was not found in the [SourceHanSerifCN-Heavy SDF] font asset or any potential fallbacks. It was replaced by Unicode character \u25A1 in text object [Content].
The character with Unicode value \uB7EC was not found in the [SourceHanSerifCN-Heavy SDF] font asset or any potential fallbacks. It was replaced by Unicode character \u25A1 in text object [Content].
The character with Unicode value \uB098 was not found in the [SourceHanSerifCN-Heavy SDF] font asset or any potential fallbacks. It was replaced by Unicode character \u25A1 in text object [Content].
The character with Unicode value \uB77C was not found in the [SourceHanSerifCN-Heavy SDF] font asset or any potential fallbacks. It was replaced by Unicode character \u25A1 in text object [Content].
The character with Unicode value \uC5D0 was not found in the [SourceHanSerifCN-Heavy SDF] font asset or any potential fallbacks. It was replaced by Unicode character \u25A1 in text object [Content].
The character with Unicode value \uC11C was not found in the [SourceHanSerifCN-Heavy SDF] font asset or any potential fallbacks. It was replaced by Unicode character \u25A1 in text object [Content].
The character with Unicode value \uB0B4 was not found in the [SourceHanSerifCN-Heavy SDF] font asset or any potential fallbacks. It was replaced by Unicode character \u25A1 in text object [Content].
The character with Unicode value \uD6C4 was not found in the [SourceHanSerifCN-Heavy SDF] font asset or any potential fallbacks. It was replaced by Unicode character \u25A1 in text object [Content].
The character with Unicode value \uB144 was not found in the [SourceHanSerifCN-Heavy SDF] font asset or any potential fallbacks. It was replaced by Unicode character \u25A1 in text object [Content].
The character with Unicode value \uC744 was not found in the [SourceHanSerifCN-Heavy SDF] font asset or any potential fallbacks. It was replaced by Unicode character \u25A1 in text object [Content].
The character with Unicode value \uB450 was not found in the [SourceHanSerifCN-Heavy SDF] font asset or any potential fallbacks. It was replaced by Unicode character \u25A1 in text object [Content].
The character with Unicode value \uACE0 was not found in the [SourceHanSerifCN-Heavy SDF] font asset or any potential fallbacks. It was replaced by Unicode character \u25A1 in text object [Content].
The character with Unicode value \uB450 was not found in the [SourceHanSerifCN-Heavy SDF] font asset or any potential fallbacks. It was replaced by Unicode character \u25A1 in text object [Content].
The character with Unicode value \uACE0 was not found in the [SourceHanSerifCN-Heavy SDF] font asset or any potential fallbacks. It was replaced by Unicode character \u25A1 in text object [Content].
The character with Unicode value \uC5F0 was not found in the [SourceHanSerifCN-Heavy SDF] font asset or any potential fallbacks. It was replaced by Unicode character \u25A1 in text object [Content].
The character with Unicode value \uAD6C was not found in the [SourceHanSerifCN-Heavy SDF] font asset or any potential fallbacks. It was replaced by Unicode character \u25A1 in text object [Content].
The character with Unicode value \uD574 was not found in the [SourceHanSerifCN-Heavy SDF] font asset or any potential fallbacks. It was replaced by Unicode character \u25A1 in text object [Content].
The character with Unicode value \uC654 was not found in the [SourceHanSerifCN-Heavy SDF] font asset or any potential fallbacks. It was replaced by Unicode character \u25A1 in text object [Content].
The character with Unicode value \uC2B5 was not found in the [SourceHanSerifCN-Heavy SDF] font asset or any potential fallbacks. It was replaced by Unicode character \u25A1 in text object [Content].
The character with Unicode value \uB2C8 was not found in the [SourceHanSerifCN-Heavy SDF] font asset or any potential fallbacks. It was replaced by Unicode character \u25A1 in text object [Content].
The character with Unicode value \uB2E4 was not found in the [SourceHanSerifCN-Heavy SDF] font asset or any potential fallbacks. It was replaced by Unicode character \u25A1 in text object [Content].
The character with Unicode value \uB0B4 was not found in the [SourceHanSerifCN-Heavy SDF] font asset or any potential fallbacks. It was replaced by Unicode character \u25A1 in text object [Content].
The character with Unicode value \uD6C4 was not found in the [SourceHanSerifCN-Heavy SDF] font asset or any potential fallbacks. It was replaced by Unicode character \u25A1 in text object [Content].
The character with Unicode value \uB144 was not found in the [SourceHanSerifCN-Heavy SDF] font asset or any potential fallbacks. It was replaced by Unicode character \u25A1 in text object [Content].
The character with Unicode value \uC744 was not found in the [SourceHanSerifCN-Heavy SDF] font asset or any potential fallbacks. It was replaced by Unicode character \u25A1 in text object [Content].
The character with Unicode value \uB97C was not found in the [SourceHanSerifCN-Heavy SDF] font asset or any potential fallbacks. It was replaced by Unicode character \u25A1 in text object [Content].
The character with Unicode value \uB458 was not found in the [SourceHanSerifCN-Heavy SDF] font asset or any potential fallbacks. It was replaced by Unicode character \u25A1 in text object [Content].
The character with Unicode value \uB7EC was not found in the [SourceHanSerifCN-Heavy SDF] font asset or any potential fallbacks. It was replaced by Unicode character \u25A1 in text object [Content].
The character with Unicode value \uC2FC was not found in the [SourceHanSerifCN-Heavy SDF] font asset or any potential fallbacks. It was replaced by Unicode character \u25A1 in text object [Content].
The character with Unicode value \uB17C was not found in the [SourceHanSerifCN-Heavy SDF] font asset or any potential fallbacks. It was replaced by Unicode character \u25A1 in text object [Content].
The character with Unicode value \uC758 was not found in the [SourceHanSerifCN-Heavy SDF] font asset or any potential fallbacks. It was replaced by Unicode character \u25A1 in text object [Content].
The character with Unicode value \uAC00 was not found in the [SourceHanSerifCN-Heavy SDF] font asset or any potential fallbacks. It was replaced by Unicode character \u25A1 in text object [Content].
The character with Unicode value \uD65C was not found in the [SourceHanSerifCN-Heavy SDF] font asset or any potential fallbacks. It was replaced by Unicode character \u25A1 in text object [Content].
The character with Unicode value \uBC1C was not found in the [SourceHanSerifCN-Heavy SDF] font asset or any potential fallbacks. It was replaced by Unicode character \u25A1 in text object [Content].
The character with Unicode value \uD574 was not found in the [SourceHanSerifCN-Heavy SDF] font asset or any potential fallbacks. It was replaced by Unicode character \u25A1 in text object [Content].
The character with Unicode value \uC9C0 was not found in the [SourceHanSerifCN-Heavy SDF] font asset or any potential fallbacks. It was replaced by Unicode character \u25A1 in text object [Content].
The character with Unicode value \uACE0 was not found in the [SourceHanSerifCN-Heavy SDF] font asset or any potential fallbacks. It was replaced by Unicode character \u25A1 in text object [Content].
The character with Unicode value \uC788 was not found in the [SourceHanSerifCN-Heavy SDF] font asset or any potential fallbacks. It was replaced by Unicode character \u25A1 in text object [Content].
The character with Unicode value \uC2B5 was not found in the [SourceHanSerifCN-Heavy SDF] font asset or any potential fallbacks. It was replaced by Unicode character \u25A1 in text object [Content].
The character with Unicode value \uB2C8 was not found in the [SourceHanSerifCN-Heavy SDF] font asset or any potential fallbacks. It was replaced by Unicode character \u25A1 in text object [Content].
The character with Unicode value \uB2E4 was not found in the [SourceHanSerifCN-Heavy SDF] font asset or any potential fallbacks. It was replaced by Unicode character \u25A1 in text object [Content].
The character with Unicode value \uB0B4 was not found in the [SourceHanSerifCN-Heavy SDF] font asset or any potential fallbacks. It was replaced by Unicode character \u25A1 in text object [Content].
The character with Unicode value \uD6C4 was not found in the [SourceHanSerifCN-Heavy SDF] font asset or any potential fallbacks. It was replaced by Unicode character \u25A1 in text object [Content].
The character with Unicode value \uB144 was not found in the [SourceHanSerifCN-Heavy SDF] font asset or any potential fallbacks. It was replaced by Unicode character \u25A1 in text object [Content].
The character with Unicode value \uC774 was not found in the [SourceHanSerifCN-Heavy SDF] font asset or any potential fallbacks. It was replaced by Unicode character \u25A1 in text object [Content].
The character with Unicode value \uC6B0 was not found in the [SourceHanSerifCN-Heavy SDF] font asset or any potential fallbacks. It was replaced by Unicode character \u25A1 in text object [Content].
The character with Unicode value \uB9AC was not found in the [SourceHanSerifCN-Heavy SDF] font asset or any potential fallbacks. It was replaced by Unicode character \u25A1 in text object [Content].
The character with Unicode value \uC0DD was not found in the [SourceHanSerifCN-Heavy SDF] font asset or any potential fallbacks. It was replaced by Unicode character \u25A1 in text object [Content].
The character with Unicode value \uD65C was not found in the [SourceHanSerifCN-Heavy SDF] font asset or any potential fallbacks. It was replaced by Unicode character \u25A1 in text object [Content].
The character with Unicode value \uACF3 was not found in the [SourceHanSerifCN-Heavy SDF] font asset or any potential fallbacks. It was replaced by Unicode character \u25A1 in text object [Content].
The character with Unicode value \uACF3 was not found in the [SourceHanSerifCN-Heavy SDF] font asset or any potential fallbacks. It was replaced by Unicode character \u25A1 in text object [Content].
The character with Unicode value \uC5D0 was not found in the [SourceHanSerifCN-Heavy SDF] font asset or any potential fallbacks. It was replaced by Unicode character \u25A1 in text object [Content].
The character with Unicode value \uC2A4 was not found in the [SourceHanSerifCN-Heavy SDF] font asset or any potential fallbacks. It was replaced by Unicode character \u25A1 in text object [Content].
The character with Unicode value \uBA70 was not found in the [SourceHanSerifCN-Heavy SDF] font asset or any potential fallbacks. It was replaced by Unicode character \u25A1 in text object [Content].
The character with Unicode value \uB4E4 was not found in the [SourceHanSerifCN-Heavy SDF] font asset or any potential fallbacks. It was replaced by Unicode character \u25A1 in text object [Content].
The character with Unicode value \uC5B4 was not found in the [SourceHanSerifCN-Heavy SDF] font asset or any potential fallbacks. It was replaced by Unicode character \u25A1 in text object [Content].
The character with Unicode value \uC788 was not found in the [SourceHanSerifCN-Heavy SDF] font asset or any potential fallbacks. It was replaced by Unicode character \u25A1 in text object [Content].
The character with Unicode value \uC2B5 was not found in the [SourceHanSerifCN-Heavy SDF] font asset or any potential fallbacks. It was replaced by Unicode character \u25A1 in text object [Content].
The character with Unicode value \uB2C8 was not found in the [SourceHanSerifCN-Heavy SDF] font asset or any potential fallbacks. It was replaced by Unicode character \u25A1 in text object [Content].
The character with Unicode value \uB2E4 was not found in the [SourceHanSerifCN-Heavy SDF] font asset or any potential fallbacks. It was replaced by Unicode character \u25A1 in text object [Content].
The character with Unicode value \uC5EC was not found in the [SourceHanSerifCN-Heavy SDF] font asset or any potential fallbacks. It was replaced by Unicode character \u25A1 in text object [Content].
The character with Unicode value \uB7EC was not found in the [SourceHanSerifCN-Heavy SDF] font asset or any potential fallbacks. It was replaced by Unicode character \u25A1 in text object [Content].
The character with Unicode value \uB098 was not found in the [SourceHanSerifCN-Heavy SDF] font asset or any potential fallbacks. It was replaced by Unicode character \u25A1 in text object [Content].
The character with Unicode value \uB77C was not found in the [SourceHanSerifCN-Heavy SDF] font asset or any potential fallbacks. It was replaced by Unicode character \u25A1 in text object [Content].
The character with Unicode value \uC5D0 was not found in the [SourceHanSerifCN-Heavy SDF] font asset or any potential fallbacks. It was replaced by Unicode character \u25A1 in text object [Content].
The character with Unicode value \uC11C was not found in the [SourceHanSerifCN-Heavy SDF] font asset or any potential fallbacks. It was replaced by Unicode character \u25A1 in text object [Content].
The character with Unicode value \uB0B4 was not found in the [SourceHanSerifCN-Heavy SDF] font asset or any potential fallbacks. It was replaced by Unicode character \u25A1 in text object [Content].
The character with Unicode value \uD6C4 was not found in the [SourceHanSerifCN-Heavy SDF] font asset or any potential fallbacks. It was replaced by Unicode character \u25A1 in text object [Content].
The character with Unicode value \uB144 was not found in the [SourceHanSerifCN-Heavy SDF] font asset or any potential fallbacks. It was replaced by Unicode character \u25A1 in text object [Content].
The character with Unicode value \uC744 was not found in the [SourceHanSerifCN-Heavy SDF] font asset or any potential fallbacks. It was replaced by Unicode character \u25A1 in text object [Content].
The character with Unicode value \uB450 was not found in the [SourceHanSerifCN-Heavy SDF] font asset or any potential fallbacks. It was replaced by Unicode character \u25A1 in text object [Content].
The character with Unicode value \uACE0 was not found in the [SourceHanSerifCN-Heavy SDF] font asset or any potential fallbacks. It was replaced by Unicode character \u25A1 in text object [Content].
The character with Unicode value \uB450 was not found in the [SourceHanSerifCN-Heavy SDF] font asset or any potential fallbacks. It was replaced by Unicode character \u25A1 in text object [Content].
The character with Unicode value \uACE0 was not found in the [SourceHanSerifCN-Heavy SDF] font asset or any potential fallbacks. It was replaced by Unicode character \u25A1 in text object [Content].
The character with Unicode value \uC5F0 was not found in the [SourceHanSerifCN-Heavy SDF] font asset or any potential fallbacks. It was replaced by Unicode character \u25A1 in text object [Content].
The character with Unicode value \uAD6C was not found in the [SourceHanSerifCN-Heavy SDF] font asset or any potential fallbacks. It was replaced by Unicode character \u25A1 in text object [Content].
The character with Unicode value \uD574 was not found in the [SourceHanSerifCN-Heavy SDF] font asset or any potential fallbacks. It was replaced by Unicode character \u25A1 in text object [Content].
The character with Unicode value \uC654 was not found in the [SourceHanSerifCN-Heavy SDF] font asset or any potential fallbacks. It was replaced by Unicode character \u25A1 in text object [Content].
The character with Unicode value \uC2B5 was not found in the [SourceHanSerifCN-Heavy SDF] font asset or any potential fallbacks. It was replaced by Unicode character \u25A1 in text object [Content].
The character with Unicode value \uB2C8 was not found in the [SourceHanSerifCN-Heavy SDF] font asset or any potential fallbacks. It was replaced by Unicode character \u25A1 in text object [Content].
The character with Unicode value \uB2E4 was not found in the [SourceHanSerifCN-Heavy SDF] font asset or any potential fallbacks. It was replaced by Unicode character \u25A1 in text object [Content].
The character with Unicode value \uB0B4 was not found in the [SourceHanSerifCN-Heavy SDF] font asset or any potential fallbacks. It was replaced by Unicode character \u25A1 in text object [Content].
The character with Unicode value \uD6C4 was not found in the [SourceHanSerifCN-Heavy SDF] font asset or any potential fallbacks. It was replaced by Unicode character \u25A1 in text object [Content].
The character with Unicode value \uB144 was not found in the [SourceHanSerifCN-Heavy SDF] font asset or any potential fallbacks. It was replaced by Unicode character \u25A1 in text object [Content].
The character with Unicode value \uC744 was not found in the [SourceHanSerifCN-Heavy SDF] font asset or any potential fallbacks. It was replaced by Unicode character \u25A1 in text object [Content].
The character with Unicode value \uB97C was not found in the [SourceHanSerifCN-Heavy SDF] font asset or any potential fallbacks. It was replaced by Unicode character \u25A1 in text object [Content].
The character with Unicode value \uB458 was not found in the [SourceHanSerifCN-Heavy SDF] font asset or any potential fallbacks. It was replaced by Unicode character \u25A1 in text object [Content].
The character with Unicode value \uB7EC was not found in the [SourceHanSerifCN-Heavy SDF] font asset or any potential fallbacks. It was replaced by Unicode character \u25A1 in text object [Content].
The character with Unicode value \uC2FC was not found in the [SourceHanSerifCN-Heavy SDF] font asset or any potential fallbacks. It was replaced by Unicode character \u25A1 in text object [Content].
The character with Unicode value \uB17C was not found in the [SourceHanSerifCN-Heavy SDF] font asset or any potential fallbacks. It was replaced by Unicode character \u25A1 in text object [Content].
The character with Unicode value \uC758 was not found in the [SourceHanSerifCN-Heavy SDF] font asset or any potential fallbacks. It was replaced by Unicode character \u25A1 in text object [Content].
The character with Unicode value \uAC00 was not found in the [SourceHanSerifCN-Heavy SDF] font asset or any potential fallbacks. It was replaced by Unicode character \u25A1 in text object [Content].
The character with Unicode value \uD65C was not found in the [SourceHanSerifCN-Heavy SDF] font asset or any potential fallbacks. It was replaced by Unicode character \u25A1 in text object [Content].
The character with Unicode value \uBC1C was not found in the [SourceHanSerifCN-Heavy SDF] font asset or any potential fallbacks. It was replaced by Unicode character \u25A1 in text object [Content].
The character with Unicode value \uD574 was not found in the [SourceHanSerifCN-Heavy SDF] font asset or any potential fallbacks. It was replaced by Unicode character \u25A1 in text object [Content].
The character with Unicode value \uC9C0 was not found in the [SourceHanSerifCN-Heavy SDF] font asset or any potential fallbacks. It was replaced by Unicode character \u25A1 in text object [Content].
The character with Unicode value \uACE0 was not found in the [SourceHanSerifCN-Heavy SDF] font asset or any potential fallbacks. It was replaced by Unicode character \u25A1 in text object [Content].
The character with Unicode value \uC788 was not found in the [SourceHanSerifCN-Heavy SDF] font asset or any potential fallbacks. It was replaced by Unicode character \u25A1 in text object [Content].
The character with Unicode value \uC2B5 was not found in the [SourceHanSerifCN-Heavy SDF] font asset or any potential fallbacks. It was replaced by Unicode character \u25A1 in text object [Content].
The character with Unicode value \uB2C8 was not found in the [SourceHanSerifCN-Heavy SDF] font asset or any potential fallbacks. It was replaced by Unicode character \u25A1 in text object [Content].
The character with Unicode value \uB2E4 was not found in the [SourceHanSerifCN-Heavy SDF] font asset or any potential fallbacks. It was replaced by Unicode character \u25A1 in text object [Content].
The character with Unicode value \uB0B4 was not found in the [SourceHanSerifCN-Heavy SDF] font asset or any potential fallbacks. It was replaced by Unicode character \u25A1 in text object [Content].
The character with Unicode value \uD6C4 was not found in the [SourceHanSerifCN-Heavy SDF] font asset or any potential fallbacks. It was replaced by Unicode character \u25A1 in text object [Content].
The character with Unicode value \uB144 was not found in the [SourceHanSerifCN-Heavy SDF] font asset or any potential fallbacks. It was replaced by Unicode character \u25A1 in text object [Content].
The character with Unicode value \uC774 was not found in the [SourceHanSerifCN-Heavy SDF] font asset or any potential fallbacks. It was replaced by Unicode character \u25A1 in text object [Content].
The character with Unicode value \uC6B0 was not found in the [SourceHanSerifCN-Heavy SDF] font asset or any potential fallbacks. It was replaced by Unicode character \u25A1 in text object [Content].
The character with Unicode value \uB9AC was not found in the [SourceHanSerifCN-Heavy SDF] font asset or any potential fallbacks. It was replaced by Unicode character \u25A1 in text object [Content].
The character with Unicode value \uC0DD was not found in the [SourceHanSerifCN-Heavy SDF] font asset or any potential fallbacks. It was replaced by Unicode character \u25A1 in text object [Content].
The character with Unicode value \uD65C was not found in the [SourceHanSerifCN-Heavy SDF] font asset or any potential fallbacks. It was replaced by Unicode character \u25A1 in text object [Content].
The character with Unicode value \uACF3 was not found in the [SourceHanSerifCN-Heavy SDF] font asset or any potential fallbacks. It was replaced by Unicode character \u25A1 in text object [Content].
The character with Unicode value \uACF3 was not found in the [SourceHanSerifCN-Heavy SDF] font asset or any potential fallbacks. It was replaced by Unicode character \u25A1 in text object [Content].
The character with Unicode value \uC5D0 was not found in the [SourceHanSerifCN-Heavy SDF] font asset or any potential fallbacks. It was replaced by Unicode character \u25A1 in text object [Content].
The character with Unicode value \uC2A4 was not found in the [SourceHanSerifCN-Heavy SDF] font asset or any potential fallbacks. It was replaced by Unicode character \u25A1 in text object [Content].
The character with Unicode value \uBA70 was not found in the [SourceHanSerifCN-Heavy SDF] font asset or any potential fallbacks. It was replaced by Unicode character \u25A1 in text object [Content].
The character with Unicode value \uB4E4 was not found in the [SourceHanSerifCN-Heavy SDF] font asset or any potential fallbacks. It was replaced by Unicode character \u25A1 in text object [Content].
The character with Unicode value \uC5B4 was not found in the [SourceHanSerifCN-Heavy SDF] font asset or any potential fallbacks. It was replaced by Unicode character \u25A1 in text object [Content].
The character with Unicode value \uC788 was not found in the [SourceHanSerifCN-Heavy SDF] font asset or any potential fallbacks. It was replaced by Unicode character \u25A1 in text object [Content].
The character with Unicode value \uC2B5 was not found in the [SourceHanSerifCN-Heavy SDF] font asset or any potential fallbacks. It was replaced by Unicode character \u25A1 in text object [Content].
The character with Unicode value \uB2C8 was not found in the [SourceHanSerifCN-Heavy SDF] font asset or any potential fallbacks. It was replaced by Unicode character \u25A1 in text object [Content].
The character with Unicode value \uB2E4 was not found in the [SourceHanSerifCN-Heavy SDF] font asset or any potential fallbacks. It was replaced by Unicode character \u25A1 in text object [Content].
The character with Unicode value \uC5EC was not found in the [SourceHanSerifCN-Heavy SDF] font asset or any potential fallbacks. It was replaced by Unicode character \u25A1 in text object [Content].
The character with Unicode value \uB7EC was not found in the [SourceHanSerifCN-Heavy SDF] font asset or any potential fallbacks. It was replaced by Unicode character \u25A1 in text object [Content].
The character with Unicode value \uB098 was not found in the [SourceHanSerifCN-Heavy SDF] font asset or any potential fallbacks. It was replaced by Unicode character \u25A1 in text object [Content].
The character with Unicode value \uB77C was not found in the [SourceHanSerifCN-Heavy SDF] font asset or any potential fallbacks. It was replaced by Unicode character \u25A1 in text object [Content].
The character with Unicode value \uC5D0 was not found in the [SourceHanSerifCN-Heavy SDF] font asset or any potential fallbacks. It was replaced by Unicode character \u25A1 in text object [Content].
The character with Unicode value \uC11C was not found in the [SourceHanSerifCN-Heavy SDF] font asset or any potential fallbacks. It was replaced by Unicode character \u25A1 in text object [Content].
The character with Unicode value \uB0B4 was not found in the [SourceHanSerifCN-Heavy SDF] font asset or any potential fallbacks. It was replaced by Unicode character \u25A1 in text object [Content].
The character with Unicode value \uD6C4 was not found in the [SourceHanSerifCN-Heavy SDF] font asset or any potential fallbacks. It was replaced by Unicode character \u25A1 in text object [Content].
The character with Unicode value \uB144 was not found in the [SourceHanSerifCN-Heavy SDF] font asset or any potential fallbacks. It was replaced by Unicode character \u25A1 in text object [Content].
The character with Unicode value \uC744 was not found in the [SourceHanSerifCN-Heavy SDF] font asset or any potential fallbacks. It was replaced by Unicode character \u25A1 in text object [Content].
The character with Unicode value \uB450 was not found in the [SourceHanSerifCN-Heavy SDF] font asset or any potential fallbacks. It was replaced by Unicode character \u25A1 in text object [Content].
The character with Unicode value \uACE0 was not found in the [SourceHanSerifCN-Heavy SDF] font asset or any potential fallbacks. It was replaced by Unicode character \u25A1 in text object [Content].
The character with Unicode value \uB450 was not found in the [SourceHanSerifCN-Heavy SDF] font asset or any potential fallbacks. It was replaced by Unicode character \u25A1 in text object [Content].
The character with Unicode value \uACE0 was not found in the [SourceHanSerifCN-Heavy SDF] font asset or any potential fallbacks. It was replaced by Unicode character \u25A1 in text object [Content].
The character with Unicode value \uC5F0 was not found in the [SourceHanSerifCN-Heavy SDF] font asset or any potential fallbacks. It was replaced by Unicode character \u25A1 in text object [Content].
The character with Unicode value \uAD6C was not found in the [SourceHanSerifCN-Heavy SDF] font asset or any potential fallbacks. It was replaced by Unicode character \u25A1 in text object [Content].
The character with Unicode value \uD574 was not found in the [SourceHanSerifCN-Heavy SDF] font asset or any potential fallbacks. It was replaced by Unicode character \u25A1 in text object [Content].
The character with Unicode value \uC654 was not found in the [SourceHanSerifCN-Heavy SDF] font asset or any potential fallbacks. It was replaced by Unicode character \u25A1 in text object [Content].
The character with Unicode value \uC2B5 was not found in the [SourceHanSerifCN-Heavy SDF] font asset or any potential fallbacks. It was replaced by Unicode character \u25A1 in text object [Content].
The character with Unicode value \uB2C8 was not found in the [SourceHanSerifCN-Heavy SDF] font asset or any potential fallbacks. It was replaced by Unicode character \u25A1 in text object [Content].
The character with Unicode value \uB2E4 was not found in the [SourceHanSerifCN-Heavy SDF] font asset or any potential fallbacks. It was replaced by Unicode character \u25A1 in text object [Content].
The character with Unicode value \uB0B4 was not found in the [SourceHanSerifCN-Heavy SDF] font asset or any potential fallbacks. It was replaced by Unicode character \u25A1 in text object [Content].
The character with Unicode value \uD6C4 was not found in the [SourceHanSerifCN-Heavy SDF] font asset or any potential fallbacks. It was replaced by Unicode character \u25A1 in text object [Content].
The character with Unicode value \uB144 was not found in the [SourceHanSerifCN-Heavy SDF] font asset or any potential fallbacks. It was replaced by Unicode character \u25A1 in text object [Content].
The character with Unicode value \uC744 was not found in the [SourceHanSerifCN-Heavy SDF] font asset or any potential fallbacks. It was replaced by Unicode character \u25A1 in text object [Content].
The character with Unicode value \uB97C was not found in the [SourceHanSerifCN-Heavy SDF] font asset or any potential fallbacks. It was replaced by Unicode character \u25A1 in text object [Content].
The character with Unicode value \uB458 was not found in the [SourceHanSerifCN-Heavy SDF] font asset or any potential fallbacks. It was replaced by Unicode character \u25A1 in text object [Content].
The character with Unicode value \uB7EC was not found in the [SourceHanSerifCN-Heavy SDF] font asset or any potential fallbacks. It was replaced by Unicode character \u25A1 in text object [Content].
The character with Unicode value \uC2FC was not found in the [SourceHanSerifCN-Heavy SDF] font asset or any potential fallbacks. It was replaced by Unicode character \u25A1 in text object [Content].
The character with Unicode value \uB17C was not found in the [SourceHanSerifCN-Heavy SDF] font asset or any potential fallbacks. It was replaced by Unicode character \u25A1 in text object [Content].
The character with Unicode value \uC758 was not found in the [SourceHanSerifCN-Heavy SDF] font asset or any potential fallbacks. It was replaced by Unicode character \u25A1 in text object [Content].
The character with Unicode value \uAC00 was not found in the [SourceHanSerifCN-Heavy SDF] font asset or any potential fallbacks. It was replaced by Unicode character \u25A1 in text object [Content].
The character with Unicode value \uD65C was not found in the [SourceHanSerifCN-Heavy SDF] font asset or any potential fallbacks. It was replaced by Unicode character \u25A1 in text object [Content].
The character with Unicode value \uBC1C was not found in the [SourceHanSerifCN-Heavy SDF] font asset or any potential fallbacks. It was replaced by Unicode character \u25A1 in text object [Content].
The character with Unicode value \uD574 was not found in the [SourceHanSerifCN-Heavy SDF] font asset or any potential fallbacks. It was replaced by Unicode character \u25A1 in text object [Content].
The character with Unicode value \uC9C0 was not found in the [SourceHanSerifCN-Heavy SDF] font asset or any potential fallbacks. It was replaced by Unicode character \u25A1 in text object [Content].
The character with Unicode value \uACE0 was not found in the [SourceHanSerifCN-Heavy SDF] font asset or any potential fallbacks. It was replaced by Unicode character \u25A1 in text object [Content].
The character with Unicode value \uC788 was not found in the [SourceHanSerifCN-Heavy SDF] font asset or any potential fallbacks. It was replaced by Unicode character \u25A1 in text object [Content].
The character with Unicode value \uC2B5 was not found in the [SourceHanSerifCN-Heavy SDF] font asset or any potential fallbacks. It was replaced by Unicode character \u25A1 in text object [Content].
The character with Unicode value \uB2C8 was not found in the [SourceHanSerifCN-Heavy SDF] font asset or any potential fallbacks. It was replaced by Unicode character \u25A1 in text object [Content].
The character with Unicode value \uB2E4 was not found in the [SourceHanSerifCN-Heavy SDF] font asset or any potential fallbacks. It was replaced by Unicode character \u25A1 in text object [Content].
[Info   :  WCP Host] WcpHost: 长帧 170ms — mod 本帧占用 0.0ms（0.0%） GC本帧=0:0 1:0 2:0 本帧 Top=无 mod 操作
执行--《灰
The character with Unicode value \uC774 was not found in the [LiberationSans SDF] font asset or any potential fallbacks. It was replaced by Unicode character \u25A1 in text object [Text].
The character with Unicode value \uB9C8 was not found in the [LiberationSans SDF] font asset or any potential fallbacks. It was replaced by Unicode character \u25A1 in text object [Text].
[Info   :  WCP Host] WcpHost: 长帧 311ms — mod 本帧占用 0.0ms（0.0%） GC本帧=0:9 1:9 2:9 本帧 Top=无 mod 操作
执行--《白
The character with Unicode value \uC774 was not found in the [SourceHanSerifCN-Heavy SDF] font asset or any potential fallbacks. It was replaced by Unicode character \u25A1 in text object [sentence(TMP) (4)].
The character with Unicode value \uB9C8 was not found in the [SourceHanSerifCN-Heavy SDF] font asset or any potential fallbacks. It was replaced by Unicode character \u25A1 in text object [sentence(TMP) (4)].
The character with Unicode value \uC5D0 was not found in the [SourceHanSerifCN-Heavy SDF] font asset or any potential fallbacks. It was replaced by Unicode character \u25A1 in text object [sentence(TMP) (4)].
The character with Unicode value \uC8FC was not found in the [SourceHanSerifCN-Heavy SDF] font asset or any potential fallbacks. It was replaced by Unicode character \u25A1 in text object [sentence(TMP) (4)].
The character with Unicode value \uB984 was not found in the [SourceHanSerifCN-Heavy SDF] font asset or any potential fallbacks. It was replaced by Unicode character \u25A1 in text object [sentence(TMP) (4)].
The character with Unicode value \uC774 was not found in the [SourceHanSerifCN-Heavy SDF] font asset or any potential fallbacks. It was replaced by Unicode character \u25A1 in text object [sentence(TMP) (4)].
The character with Unicode value \uC788 was not found in the [SourceHanSerifCN-Heavy SDF] font asset or any potential fallbacks. It was replaced by Unicode character \u25A1 in text object [sentence(TMP) (4)].
The character with Unicode value \uC5B4 was not found in the [SourceHanSerifCN-Heavy SDF] font asset or any potential fallbacks. It was replaced by Unicode character \u25A1 in text object [sentence(TMP) (4)].
The character with Unicode value \uC694 was not found in the [SourceHanSerifCN-Heavy SDF] font asset or any potential fallbacks. It was replaced by Unicode character \u25A1 in text object [sentence(TMP) (4)].
The character with Unicode value \uC138 was not found in the [SourceHanSerifCN-Heavy SDF] font asset or any potential fallbacks. It was replaced by Unicode character \u25A1 in text object [sentence(TMP) (4)].
The character with Unicode value \uACC4 was not found in the [SourceHanSerifCN-Heavy SDF] font asset or any potential fallbacks. It was replaced by Unicode character \u25A1 in text object [sentence(TMP) (4)].
The character with Unicode value \uD654 was not found in the [SourceHanSerifCN-Heavy SDF] font asset or any potential fallbacks. It was replaced by Unicode character \u25A1 in text object [sentence(TMP) (4)].
The character with Unicode value \uC2DC was not found in the [SourceHanSerifCN-Heavy SDF] font asset or any potential fallbacks. It was replaced by Unicode character \u25A1 in text object [sentence(TMP) (4)].
The character with Unicode value \uB300 was not found in the [SourceHanSerifCN-Heavy SDF] font asset or any potential fallbacks. It was replaced by Unicode character \u25A1 in text object [sentence(TMP) (4)].
The character with Unicode value \uC5D0 was not found in the [SourceHanSerifCN-Heavy SDF] font asset or any potential fallbacks. It was replaced by Unicode character \u25A1 in text object [sentence(TMP) (4)].
The character with Unicode value \uBC1C was not found in the [SourceHanSerifCN-Heavy SDF] font asset or any potential fallbacks. It was replaced by Unicode character \u25A1 in text object [sentence(TMP) (4)].
The character with Unicode value \uB9DE was not found in the [SourceHanSerifCN-Heavy SDF] font asset or any potential fallbacks. It was replaced by Unicode character \u25A1 in text object [sentence(TMP) (4)].
The character with Unicode value \uCD94 was not found in the [SourceHanSerifCN-Heavy SDF] font asset or any potential fallbacks. It was replaced by Unicode character \u25A1 in text object [sentence(TMP) (4)].
The character with Unicode value \uC5B4 was not found in the [SourceHanSerifCN-Heavy SDF] font asset or any potential fallbacks. It was replaced by Unicode character \u25A1 in text object [sentence(TMP) (4)].
The character with Unicode value \uC774 was not found in the [SourceHanSerifCN-Heavy SDF] font asset or any potential fallbacks. It was replaced by Unicode character \u25A1 in text object [sentence(TMP) (4)].
The character with Unicode value \uB9C8 was not found in the [SourceHanSerifCN-Heavy SDF] font asset or any potential fallbacks. It was replaced by Unicode character \u25A1 in text object [sentence(TMP) (4)].
The character with Unicode value \uB294 was not found in the [SourceHanSerifCN-Heavy SDF] font asset or any potential fallbacks. It was replaced by Unicode character \u25A1 in text object [sentence(TMP) (4)].
The character with Unicode value \uAD6D was not found in the [SourceHanSerifCN-Heavy SDF] font asset or any potential fallbacks. It was replaced by Unicode character \u25A1 in text object [sentence(TMP) (4)].
The character with Unicode value \uC81C was not found in the [SourceHanSerifCN-Heavy SDF] font asset or any potential fallbacks. It was replaced by Unicode character \u25A1 in text object [sentence(TMP) (4)].
The character with Unicode value \uC801 was not found in the [SourceHanSerifCN-Heavy SDF] font asset or any potential fallbacks. It was replaced by Unicode character \u25A1 in text object [sentence(TMP) (4)].
The character with Unicode value \uC778 was not found in the [SourceHanSerifCN-Heavy SDF] font asset or any potential fallbacks. It was replaced by Unicode character \u25A1 in text object [sentence(TMP) (4)].
The character with Unicode value \uC8FC was not found in the [SourceHanSerifCN-Heavy SDF] font asset or any potential fallbacks. It was replaced by Unicode character \u25A1 in text object [sentence(TMP) (4)].
The character with Unicode value \uBAA9 was not found in the [SourceHanSerifCN-Heavy SDF] font asset or any potential fallbacks. It was replaced by Unicode character \u25A1 in text object [sentence(TMP) (4)].
The character with Unicode value \uC744 was not found in the [SourceHanSerifCN-Heavy SDF] font asset or any potential fallbacks. It was replaced by Unicode character \u25A1 in text object [sentence(TMP) (4)].
The character with Unicode value \uBC1B was not found in the [SourceHanSerifCN-Heavy SDF] font asset or any potential fallbacks. It was replaced by Unicode character \u25A1 in text object [sentence(TMP) (4)].
The character with Unicode value \uACE0 was not found in the [SourceHanSerifCN-Heavy SDF] font asset or any potential fallbacks. It was replaced by Unicode character \u25A1 in text object [sentence(TMP) (4)].
The character with Unicode value \uC788 was not found in the [SourceHanSerifCN-Heavy SDF] font asset or any potential fallbacks. It was replaced by Unicode character \u25A1 in text object [sentence(TMP) (4)].
The character with Unicode value \uC2B5 was not found in the [SourceHanSerifCN-Heavy SDF] font asset or any potential fallbacks. It was replaced by Unicode character \u25A1 in text object [sentence(TMP) (4)].
The character with Unicode value \uB2C8 was not found in the [SourceHanSerifCN-Heavy SDF] font asset or any potential fallbacks. It was replaced by Unicode character \u25A1 in text object [sentence(TMP) (4)].
The character with Unicode value \uB2E4 was not found in the [SourceHanSerifCN-Heavy SDF] font asset or any potential fallbacks. It was replaced by Unicode character \u25A1 in text object [sentence(TMP) (4)].
The character with Unicode value \uCCB4 was not found in the [SourceHanSerifCN-Heavy SDF] font asset or any potential fallbacks. It was replaced by Unicode character \u25A1 in text object [sentence(TMP) (4)].
The character with Unicode value \uACC4 was not found in the [SourceHanSerifCN-Heavy SDF] font asset or any potential fallbacks. It was replaced by Unicode character \u25A1 in text object [sentence(TMP) (4)].
The character with Unicode value \uC801 was not found in the [SourceHanSerifCN-Heavy SDF] font asset or any potential fallbacks. It was replaced by Unicode character \u25A1 in text object [sentence(TMP) (4)].
The character with Unicode value \uC778 was not found in the [SourceHanSerifCN-Heavy SDF] font asset or any potential fallbacks. It was replaced by Unicode character \u25A1 in text object [sentence(TMP) (4)].
The character with Unicode value \uAD00 was not found in the [SourceHanSerifCN-Heavy SDF] font asset or any potential fallbacks. It was replaced by Unicode character \u25A1 in text object [sentence(TMP) (4)].
The character with Unicode value \uB9AC was not found in the [SourceHanSerifCN-Heavy SDF] font asset or any potential fallbacks. It was replaced by Unicode character \u25A1 in text object [sentence(TMP) (4)].
The character with Unicode value \uC2DC was not found in the [SourceHanSerifCN-Heavy SDF] font asset or any potential fallbacks. It was replaced by Unicode character \u25A1 in text object [sentence(TMP) (4)].
The character with Unicode value \uC2A4 was not found in the [SourceHanSerifCN-Heavy SDF] font asset or any potential fallbacks. It was replaced by Unicode character \u25A1 in text object [sentence(TMP) (4)].
The character with Unicode value \uD15C was not found in the [SourceHanSerifCN-Heavy SDF] font asset or any potential fallbacks. It was replaced by Unicode character \u25A1 in text object [sentence(TMP) (4)].
The character with Unicode value \uC744 was not found in the [SourceHanSerifCN-Heavy SDF] font asset or any potential fallbacks. It was replaced by Unicode character \u25A1 in text object [sentence(TMP) (4)].
The character with Unicode value \uAD6C was not found in the [SourceHanSerifCN-Heavy SDF] font asset or any potential fallbacks. It was replaced by Unicode character \u25A1 in text object [sentence(TMP) (4)].
The character with Unicode value \uCD95 was not found in the [SourceHanSerifCN-Heavy SDF] font asset or any potential fallbacks. It was replaced by Unicode character \u25A1 in text object [sentence(TMP) (4)].
The character with Unicode value \uD558 was not found in the [SourceHanSerifCN-Heavy SDF] font asset or any potential fallbacks. It was replaced by Unicode character \u25A1 in text object [sentence(TMP) (4)].
The character with Unicode value \uC5EC was not found in the [SourceHanSerifCN-Heavy SDF] font asset or any potential fallbacks. It was replaced by Unicode character \u25A1 in text object [sentence(TMP) (4)].
The character with Unicode value \uC774 was not found in the [SourceHanSerifCN-Heavy SDF] font asset or any potential fallbacks. It was replaced by Unicode character \u25A1 in text object [sentence(TMP) (4)].
The character with Unicode value \uB9C8 was not found in the [SourceHanSerifCN-Heavy SDF] font asset or any potential fallbacks. It was replaced by Unicode character \u25A1 in text object [sentence(TMP) (4)].
The character with Unicode value \uB97C was not found in the [SourceHanSerifCN-Heavy SDF] font asset or any potential fallbacks. It was replaced by Unicode character \u25A1 in text object [sentence(TMP) (4)].
The character with Unicode value \uD6A8 was not found in the [SourceHanSerifCN-Heavy SDF] font asset or any potential fallbacks. It was replaced by Unicode character \u25A1 in text object [sentence(TMP) (4)].
The character with Unicode value \uC728 was not found in the [SourceHanSerifCN-Heavy SDF] font asset or any potential fallbacks. It was replaced by Unicode character \u25A1 in text object [sentence(TMP) (4)].
The character with Unicode value \uC801 was not found in the [SourceHanSerifCN-Heavy SDF] font asset or any potential fallbacks. It was replaced by Unicode character \u25A1 in text object [sentence(TMP) (4)].
The character with Unicode value \uC73C was not found in the [SourceHanSerifCN-Heavy SDF] font asset or any potential fallbacks. It was replaced by Unicode character \u25A1 in text object [sentence(TMP) (4)].
The character with Unicode value \uB85C was not found in the [SourceHanSerifCN-Heavy SDF] font asset or any potential fallbacks. It was replaced by Unicode character \u25A1 in text object [sentence(TMP) (4)].
The character with Unicode value \uD65C was not found in the [SourceHanSerifCN-Heavy SDF] font asset or any potential fallbacks. It was replaced by Unicode character \u25A1 in text object [sentence(TMP) (4)].
The character with Unicode value \uC6A9 was not found in the [SourceHanSerifCN-Heavy SDF] font asset or any potential fallbacks. It was replaced by Unicode character \u25A1 in text object [sentence(TMP) (4)].
The character with Unicode value \uD558 was not found in the [SourceHanSerifCN-Heavy SDF] font asset or any potential fallbacks. It was replaced by Unicode character \u25A1 in text object [sentence(TMP) (4)].
The character with Unicode value \uACE0 was not found in the [SourceHanSerifCN-Heavy SDF] font asset or any potential fallbacks. It was replaced by Unicode character \u25A1 in text object [sentence(TMP) (4)].
The character with Unicode value \uC788 was not found in the [SourceHanSerifCN-Heavy SDF] font asset or any potential fallbacks. It was replaced by Unicode character \u25A1 in text object [sentence(TMP) (4)].
The character with Unicode value \uC2B5 was not found in the [SourceHanSerifCN-Heavy SDF] font asset or any potential fallbacks. It was replaced by Unicode character \u25A1 in text object [sentence(TMP) (4)].
The character with Unicode value \uB2C8 was not found in the [SourceHanSerifCN-Heavy SDF] font asset or any potential fallbacks. It was replaced by Unicode character \u25A1 in text object [sentence(TMP) (4)].
The character with Unicode value \uB2E4 was not found in the [SourceHanSerifCN-Heavy SDF] font asset or any potential fallbacks. It was replaced by Unicode character \u25A1 in text object [sentence(TMP) (4)].
The character with Unicode value \uC774 was not found in the [SourceHanSerifCN-Heavy SDF] font asset or any potential fallbacks. It was replaced by Unicode character \u25A1 in text object [sentenceRead0].
The character with Unicode value \uB9C8 was not found in the [SourceHanSerifCN-Heavy SDF] font asset or any potential fallbacks. It was replaced by Unicode character \u25A1 in text object [sentenceRead0].
The character with Unicode value \uC5D0 was not found in the [SourceHanSerifCN-Heavy SDF] font asset or any potential fallbacks. It was replaced by Unicode character \u25A1 in text object [sentenceRead0].
The character with Unicode value \uC8FC was not found in the [SourceHanSerifCN-Heavy SDF] font asset or any potential fallbacks. It was replaced by Unicode character \u25A1 in text object [sentenceRead0].
The character with Unicode value \uB984 was not found in the [SourceHanSerifCN-Heavy SDF] font asset or any potential fallbacks. It was replaced by Unicode character \u25A1 in text object [sentenceRead0].
The character with Unicode value \uC774 was not found in the [SourceHanSerifCN-Heavy SDF] font asset or any potential fallbacks. It was replaced by Unicode character \u25A1 in text object [sentenceRead0].
The character with Unicode value \uC788 was not found in the [SourceHanSerifCN-Heavy SDF] font asset or any potential fallbacks. It was replaced by Unicode character \u25A1 in text object [sentenceRead0].
The character with Unicode value \uC5B4 was not found in the [SourceHanSerifCN-Heavy SDF] font asset or any potential fallbacks. It was replaced by Unicode character \u25A1 in text object [sentenceRead0].
The character with Unicode value \uC694 was not found in the [SourceHanSerifCN-Heavy SDF] font asset or any potential fallbacks. It was replaced by Unicode character \u25A1 in text object [sentenceRead0].
The character with Unicode value \uC138 was not found in the [SourceHanSerifCN-Heavy SDF] font asset or any potential fallbacks. It was replaced by Unicode character \u25A1 in text object [sentenceRead1].
The character with Unicode value \uACC4 was not found in the [SourceHanSerifCN-Heavy SDF] font asset or any potential fallbacks. It was replaced by Unicode character \u25A1 in text object [sentenceRead1].
The character with Unicode value \uD654 was not found in the [SourceHanSerifCN-Heavy SDF] font asset or any potential fallbacks. It was replaced by Unicode character \u25A1 in text object [sentenceRead1].
The character with Unicode value \uC2DC was not found in the [SourceHanSerifCN-Heavy SDF] font asset or any potential fallbacks. It was replaced by Unicode character \u25A1 in text object [sentenceRead1].
The character with Unicode value \uB300 was not found in the [SourceHanSerifCN-Heavy SDF] font asset or any potential fallbacks. It was replaced by Unicode character \u25A1 in text object [sentenceRead1].
The character with Unicode value \uC5D0 was not found in the [SourceHanSerifCN-Heavy SDF] font asset or any potential fallbacks. It was replaced by Unicode character \u25A1 in text object [sentenceRead1].
The character with Unicode value \uBC1C was not found in the [SourceHanSerifCN-Heavy SDF] font asset or any potential fallbacks. It was replaced by Unicode character \u25A1 in text object [sentenceRead1].
The character with Unicode value \uB9DE was not found in the [SourceHanSerifCN-Heavy SDF] font asset or any potential fallbacks. It was replaced by Unicode character \u25A1 in text object [sentenceRead1].
The character with Unicode value \uCD94 was not found in the [SourceHanSerifCN-Heavy SDF] font asset or any potential fallbacks. It was replaced by Unicode character \u25A1 in text object [sentenceRead1].
The character with Unicode value \uC5B4 was not found in the [SourceHanSerifCN-Heavy SDF] font asset or any potential fallbacks. It was replaced by Unicode character \u25A1 in text object [sentenceRead1].
The character with Unicode value \uC774 was not found in the [SourceHanSerifCN-Heavy SDF] font asset or any potential fallbacks. It was replaced by Unicode character \u25A1 in text object [sentenceRead1].
The character with Unicode value \uB9C8 was not found in the [SourceHanSerifCN-Heavy SDF] font asset or any potential fallbacks. It was replaced by Unicode character \u25A1 in text object [sentenceRead1].
The character with Unicode value \uB294 was not found in the [SourceHanSerifCN-Heavy SDF] font asset or any potential fallbacks. It was replaced by Unicode character \u25A1 in text object [sentenceRead1].
The character with Unicode value \uAD6D was not found in the [SourceHanSerifCN-Heavy SDF] font asset or any potential fallbacks. It was replaced by Unicode character \u25A1 in text object [sentenceRead1].
The character with Unicode value \uC81C was not found in the [SourceHanSerifCN-Heavy SDF] font asset or any potential fallbacks. It was replaced by Unicode character \u25A1 in text object [sentenceRead1].
The character with Unicode value \uC801 was not found in the [SourceHanSerifCN-Heavy SDF] font asset or any potential fallbacks. It was replaced by Unicode character \u25A1 in text object [sentenceRead1].
The character with Unicode value \uC778 was not found in the [SourceHanSerifCN-Heavy SDF] font asset or any potential fallbacks. It was replaced by Unicode character \u25A1 in text object [sentenceRead1].
The character with Unicode value \uC8FC was not found in the [SourceHanSerifCN-Heavy SDF] font asset or any potential fallbacks. It was replaced by Unicode character \u25A1 in text object [sentenceRead1].
The character with Unicode value \uBAA9 was not found in the [SourceHanSerifCN-Heavy SDF] font asset or any potential fallbacks. It was replaced by Unicode character \u25A1 in text object [sentenceRead1].
The character with Unicode value \uC744 was not found in the [SourceHanSerifCN-Heavy SDF] font asset or any potential fallbacks. It was replaced by Unicode character \u25A1 in text object [sentenceRead1].
The character with Unicode value \uBC1B was not found in the [SourceHanSerifCN-Heavy SDF] font asset or any potential fallbacks. It was replaced by Unicode character \u25A1 in text object [sentenceRead1].
The character with Unicode value \uACE0 was not found in the [SourceHanSerifCN-Heavy SDF] font asset or any potential fallbacks. It was replaced by Unicode character \u25A1 in text object [sentenceRead1].
The character with Unicode value \uC788 was not found in the [SourceHanSerifCN-Heavy SDF] font asset or any potential fallbacks. It was replaced by Unicode character \u25A1 in text object [sentenceRead1].
The character with Unicode value \uC2B5 was not found in the [SourceHanSerifCN-Heavy SDF] font asset or any potential fallbacks. It was replaced by Unicode character \u25A1 in text object [sentenceRead1].
The character with Unicode value \uB2C8 was not found in the [SourceHanSerifCN-Heavy SDF] font asset or any potential fallbacks. It was replaced by Unicode character \u25A1 in text object [sentenceRead1].
The character with Unicode value \uB2E4 was not found in the [SourceHanSerifCN-Heavy SDF] font asset or any potential fallbacks. It was replaced by Unicode character \u25A1 in text object [sentenceRead1].
The character with Unicode value \uCCB4 was not found in the [SourceHanSerifCN-Heavy SDF] font asset or any potential fallbacks. It was replaced by Unicode character \u25A1 in text object [sentenceRead2].
The character with Unicode value \uACC4 was not found in the [SourceHanSerifCN-Heavy SDF] font asset or any potential fallbacks. It was replaced by Unicode character \u25A1 in text object [sentenceRead2].
The character with Unicode value \uC801 was not found in the [SourceHanSerifCN-Heavy SDF] font asset or any potential fallbacks. It was replaced by Unicode character \u25A1 in text object [sentenceRead2].
The character with Unicode value \uC778 was not found in the [SourceHanSerifCN-Heavy SDF] font asset or any potential fallbacks. It was replaced by Unicode character \u25A1 in text object [sentenceRead2].
The character with Unicode value \uAD00 was not found in the [SourceHanSerifCN-Heavy SDF] font asset or any potential fallbacks. It was replaced by Unicode character \u25A1 in text object [sentenceRead2].
The character with Unicode value \uB9AC was not found in the [SourceHanSerifCN-Heavy SDF] font asset or any potential fallbacks. It was replaced by Unicode character \u25A1 in text object [sentenceRead2].
The character with Unicode value \uC2DC was not found in the [SourceHanSerifCN-Heavy SDF] font asset or any potential fallbacks. It was replaced by Unicode character \u25A1 in text object [sentenceRead2].
The character with Unicode value \uC2A4 was not found in the [SourceHanSerifCN-Heavy SDF] font asset or any potential fallbacks. It was replaced by Unicode character \u25A1 in text object [sentenceRead2].
The character with Unicode value \uD15C was not found in the [SourceHanSerifCN-Heavy SDF] font asset or any potential fallbacks. It was replaced by Unicode character \u25A1 in text object [sentenceRead2].
The character with Unicode value \uC744 was not found in the [SourceHanSerifCN-Heavy SDF] font asset or any potential fallbacks. It was replaced by Unicode character \u25A1 in text object [sentenceRead2].
The character with Unicode value \uAD6C was not found in the [SourceHanSerifCN-Heavy SDF] font asset or any potential fallbacks. It was replaced by Unicode character \u25A1 in text object [sentenceRead2].
The character with Unicode value \uCD95 was not found in the [SourceHanSerifCN-Heavy SDF] font asset or any potential fallbacks. It was replaced by Unicode character \u25A1 in text object [sentenceRead2].
The character with Unicode value \uD558 was not found in the [SourceHanSerifCN-Heavy SDF] font asset or any potential fallbacks. It was replaced by Unicode character \u25A1 in text object [sentenceRead2].
The character with Unicode value \uC5EC was not found in the [SourceHanSerifCN-Heavy SDF] font asset or any potential fallbacks. It was replaced by Unicode character \u25A1 in text object [sentenceRead2].
The character with Unicode value \uC774 was not found in the [SourceHanSerifCN-Heavy SDF] font asset or any potential fallbacks. It was replaced by Unicode character \u25A1 in text object [sentenceRead2].
The character with Unicode value \uB9C8 was not found in the [SourceHanSerifCN-Heavy SDF] font asset or any potential fallbacks. It was replaced by Unicode character \u25A1 in text object [sentenceRead2].
The character with Unicode value \uB97C was not found in the [SourceHanSerifCN-Heavy SDF] font asset or any potential fallbacks. It was replaced by Unicode character \u25A1 in text object [sentenceRead2].
The character with Unicode value \uD6A8 was not found in the [SourceHanSerifCN-Heavy SDF] font asset or any potential fallbacks. It was replaced by Unicode character \u25A1 in text object [sentenceRead2].
The character with Unicode value \uC728 was not found in the [SourceHanSerifCN-Heavy SDF] font asset or any potential fallbacks. It was replaced by Unicode character \u25A1 in text object [sentenceRead2].
The character with Unicode value \uC801 was not found in the [SourceHanSerifCN-Heavy SDF] font asset or any potential fallbacks. It was replaced by Unicode character \u25A1 in text object [sentenceRead2].
The character with Unicode value \uC73C was not found in the [SourceHanSerifCN-Heavy SDF] font asset or any potential fallbacks. It was replaced by Unicode character \u25A1 in text object [sentenceRead2].
The character with Unicode value \uB85C was not found in the [SourceHanSerifCN-Heavy SDF] font asset or any potential fallbacks. It was replaced by Unicode character \u25A1 in text object [sentenceRead2].
The character with Unicode value \uD65C was not found in the [SourceHanSerifCN-Heavy SDF] font asset or any potential fallbacks. It was replaced by Unicode character \u25A1 in text object [sentenceRead2].
The character with Unicode value \uC6A9 was not found in the [SourceHanSerifCN-Heavy SDF] font asset or any potential fallbacks. It was replaced by Unicode character \u25A1 in text object [sentenceRead2].
The character with Unicode value \uD558 was not found in the [SourceHanSerifCN-Heavy SDF] font asset or any potential fallbacks. It was replaced by Unicode character \u25A1 in text object [sentenceRead2].
The character with Unicode value \uACE0 was not found in the [SourceHanSerifCN-Heavy SDF] font asset or any potential fallbacks. It was replaced by Unicode character \u25A1 in text object [sentenceRead2].
The character with Unicode value \uC788 was not found in the [SourceHanSerifCN-Heavy SDF] font asset or any potential fallbacks. It was replaced by Unicode character \u25A1 in text object [sentenceRead2].
The character with Unicode value \uC2B5 was not found in the [SourceHanSerifCN-Heavy SDF] font asset or any potential fallbacks. It was replaced by Unicode character \u25A1 in text object [sentenceRead2].
The character with Unicode value \uB2C8 was not found in the [SourceHanSerifCN-Heavy SDF] font asset or any potential fallbacks. It was replaced by Unicode character \u25A1 in text object [sentenceRead2].
The character with Unicode value \uB2E4 was not found in the [SourceHanSerifCN-Heavy SDF] font asset or any potential fallbacks. It was replaced by Unicode character \u25A1 in text object [sentenceRead2].
The character with Unicode value \uC774 was not found in the [SourceHanSerifCN-Heavy SDF] font asset or any potential fallbacks. It was replaced by Unicode character \u25A1 in text object [word (TMP)].
The character with Unicode value \uB9C8 was not found in the [SourceHanSerifCN-Heavy SDF] font asset or any potential fallbacks. It was replaced by Unicode character \u25A1 in text object [word (TMP)].
[Info   :  WCP Host] WcpHost: 长帧 1066ms — mod 本帧占用 4.2ms（0.4%） GC本帧=0:3 1:3 2:3 本帧 Top=身份:托管登记 x1=1.5ms(单次1.5ms) ; 运行态:Tick x1=1.4ms(单次1.4ms) ; 运行态:队列校正 x1=1.4ms(单次1.4ms) ; 身份:Evaluate x1=1.3ms(单次1.3ms) ; 队列:授权集 x1=1.2ms(单次1.2ms) ; 身份:读落盘书名 x1=1.0ms(单次1.0ms) ; ES3:落盘书名 x1=0.9ms(单次0.9ms) ; 队列:规则 x1=0.2ms(单次0.2ms) ; 身份:读槽位词表 x1=0.1ms(单次0.1ms) ; 身份:匹配槽位词表 x1=0.1ms(单次0.1ms) ; 身份:槽位归属 x1=0.1ms(单次0.1ms) ; 身份:匹配内存词表 x1=0.0ms(单次0.0ms) ; …共19个标签
 MyParameters.S8ThisMode_Para------每日学习
The character with Unicode value \uC774 was not found in the [SourceHanSerifCN-Heavy SDF] font asset or any potential fallbacks. It was replaced by Unicode character \u25A1 in text object [Content].
The character with Unicode value \uB9C8 was not found in the [SourceHanSerifCN-Heavy SDF] font asset or any potential fallbacks. It was replaced by Unicode character \u25A1 in text object [Content].
The character with Unicode value \uC5D0 was not found in the [SourceHanSerifCN-Heavy SDF] font asset or any potential fallbacks. It was replaced by Unicode character \u25A1 in text object [Content].
The character with Unicode value \uC8FC was not found in the [SourceHanSerifCN-Heavy SDF] font asset or any potential fallbacks. It was replaced by Unicode character \u25A1 in text object [Content].
The character with Unicode value \uB984 was not found in the [SourceHanSerifCN-Heavy SDF] font asset or any potential fallbacks. It was replaced by Unicode character \u25A1 in text object [Content].
The character with Unicode value \uC774 was not found in the [SourceHanSerifCN-Heavy SDF] font asset or any potential fallbacks. It was replaced by Unicode character \u25A1 in text object [Content].
The character with Unicode value \uC788 was not found in the [SourceHanSerifCN-Heavy SDF] font asset or any potential fallbacks. It was replaced by Unicode character \u25A1 in text object [Content].
The character with Unicode value \uC5B4 was not found in the [SourceHanSerifCN-Heavy SDF] font asset or any potential fallbacks. It was replaced by Unicode character \u25A1 in text object [Content].
The character with Unicode value \uC694 was not found in the [SourceHanSerifCN-Heavy SDF] font asset or any potential fallbacks. It was replaced by Unicode character \u25A1 in text object [Content].
The character with Unicode value \uC138 was not found in the [SourceHanSerifCN-Heavy SDF] font asset or any potential fallbacks. It was replaced by Unicode character \u25A1 in text object [Content].
The character with Unicode value \uACC4 was not found in the [SourceHanSerifCN-Heavy SDF] font asset or any potential fallbacks. It was replaced by Unicode character \u25A1 in text object [Content].
The character with Unicode value \uD654 was not found in the [SourceHanSerifCN-Heavy SDF] font asset or any potential fallbacks. It was replaced by Unicode character \u25A1 in text object [Content].
The character with Unicode value \uC2DC was not found in the [SourceHanSerifCN-Heavy SDF] font asset or any potential fallbacks. It was replaced by Unicode character \u25A1 in text object [Content].
The character with Unicode value \uB300 was not found in the [SourceHanSerifCN-Heavy SDF] font asset or any potential fallbacks. It was replaced by Unicode character \u25A1 in text object [Content].
The character with Unicode value \uC5D0 was not found in the [SourceHanSerifCN-Heavy SDF] font asset or any potential fallbacks. It was replaced by Unicode character \u25A1 in text object [Content].
The character with Unicode value \uBC1C was not found in the [SourceHanSerifCN-Heavy SDF] font asset or any potential fallbacks. It was replaced by Unicode character \u25A1 in text object [Content].
The character with Unicode value \uB9DE was not found in the [SourceHanSerifCN-Heavy SDF] font asset or any potential fallbacks. It was replaced by Unicode character \u25A1 in text object [Content].
The character with Unicode value \uCD94 was not found in the [SourceHanSerifCN-Heavy SDF] font asset or any potential fallbacks. It was replaced by Unicode character \u25A1 in text object [Content].
The character with Unicode value \uC5B4 was not found in the [SourceHanSerifCN-Heavy SDF] font asset or any potential fallbacks. It was replaced by Unicode character \u25A1 in text object [Content].
The character with Unicode value \uC774 was not found in the [SourceHanSerifCN-Heavy SDF] font asset or any potential fallbacks. It was replaced by Unicode character \u25A1 in text object [Content].
The character with Unicode value \uB9C8 was not found in the [SourceHanSerifCN-Heavy SDF] font asset or any potential fallbacks. It was replaced by Unicode character \u25A1 in text object [Content].
The character with Unicode value \uB294 was not found in the [SourceHanSerifCN-Heavy SDF] font asset or any potential fallbacks. It was replaced by Unicode character \u25A1 in text object [Content].
The character with Unicode value \uAD6D was not found in the [SourceHanSerifCN-Heavy SDF] font asset or any potential fallbacks. It was replaced by Unicode character \u25A1 in text object [Content].
The character with Unicode value \uC81C was not found in the [SourceHanSerifCN-Heavy SDF] font asset or any potential fallbacks. It was replaced by Unicode character \u25A1 in text object [Content].
The character with Unicode value \uC801 was not found in the [SourceHanSerifCN-Heavy SDF] font asset or any potential fallbacks. It was replaced by Unicode character \u25A1 in text object [Content].
The character with Unicode value \uC778 was not found in the [SourceHanSerifCN-Heavy SDF] font asset or any potential fallbacks. It was replaced by Unicode character \u25A1 in text object [Content].
The character with Unicode value \uC8FC was not found in the [SourceHanSerifCN-Heavy SDF] font asset or any potential fallbacks. It was replaced by Unicode character \u25A1 in text object [Content].
The character with Unicode value \uBAA9 was not found in the [SourceHanSerifCN-Heavy SDF] font asset or any potential fallbacks. It was replaced by Unicode character \u25A1 in text object [Content].
The character with Unicode value \uC744 was not found in the [SourceHanSerifCN-Heavy SDF] font asset or any potential fallbacks. It was replaced by Unicode character \u25A1 in text object [Content].
The character with Unicode value \uBC1B was not found in the [SourceHanSerifCN-Heavy SDF] font asset or any potential fallbacks. It was replaced by Unicode character \u25A1 in text object [Content].
The character with Unicode value \uACE0 was not found in the [SourceHanSerifCN-Heavy SDF] font asset or any potential fallbacks. It was replaced by Unicode character \u25A1 in text object [Content].
The character with Unicode value \uC788 was not found in the [SourceHanSerifCN-Heavy SDF] font asset or any potential fallbacks. It was replaced by Unicode character \u25A1 in text object [Content].
The character with Unicode value \uC2B5 was not found in the [SourceHanSerifCN-Heavy SDF] font asset or any potential fallbacks. It was replaced by Unicode character \u25A1 in text object [Content].
The character with Unicode value \uB2C8 was not found in the [SourceHanSerifCN-Heavy SDF] font asset or any potential fallbacks. It was replaced by Unicode character \u25A1 in text object [Content].
The character with Unicode value \uB2E4 was not found in the [SourceHanSerifCN-Heavy SDF] font asset or any potential fallbacks. It was replaced by Unicode character \u25A1 in text object [Content].
The character with Unicode value \uCCB4 was not found in the [SourceHanSerifCN-Heavy SDF] font asset or any potential fallbacks. It was replaced by Unicode character \u25A1 in text object [Content].
The character with Unicode value \uACC4 was not found in the [SourceHanSerifCN-Heavy SDF] font asset or any potential fallbacks. It was replaced by Unicode character \u25A1 in text object [Content].
The character with Unicode value \uC801 was not found in the [SourceHanSerifCN-Heavy SDF] font asset or any potential fallbacks. It was replaced by Unicode character \u25A1 in text object [Content].
The character with Unicode value \uC778 was not found in the [SourceHanSerifCN-Heavy SDF] font asset or any potential fallbacks. It was replaced by Unicode character \u25A1 in text object [Content].
The character with Unicode value \uAD00 was not found in the [SourceHanSerifCN-Heavy SDF] font asset or any potential fallbacks. It was replaced by Unicode character \u25A1 in text object [Content].
The character with Unicode value \uB9AC was not found in the [SourceHanSerifCN-Heavy SDF] font asset or any potential fallbacks. It was replaced by Unicode character \u25A1 in text object [Content].
The character with Unicode value \uC2DC was not found in the [SourceHanSerifCN-Heavy SDF] font asset or any potential fallbacks. It was replaced by Unicode character \u25A1 in text object [Content].
The character with Unicode value \uC2A4 was not found in the [SourceHanSerifCN-Heavy SDF] font asset or any potential fallbacks. It was replaced by Unicode character \u25A1 in text object [Content].
The character with Unicode value \uD15C was not found in the [SourceHanSerifCN-Heavy SDF] font asset or any potential fallbacks. It was replaced by Unicode character \u25A1 in text object [Content].
The character with Unicode value \uC744 was not found in the [SourceHanSerifCN-Heavy SDF] font asset or any potential fallbacks. It was replaced by Unicode character \u25A1 in text object [Content].
The character with Unicode value \uAD6C was not found in the [SourceHanSerifCN-Heavy SDF] font asset or any potential fallbacks. It was replaced by Unicode character \u25A1 in text object [Content].
The character with Unicode value \uCD95 was not found in the [SourceHanSerifCN-Heavy SDF] font asset or any potential fallbacks. It was replaced by Unicode character \u25A1 in text object [Content].
The character with Unicode value \uD558 was not found in the [SourceHanSerifCN-Heavy SDF] font asset or any potential fallbacks. It was replaced by Unicode character \u25A1 in text object [Content].
The character with Unicode value \uC5EC was not found in the [SourceHanSerifCN-Heavy SDF] font asset or any potential fallbacks. It was replaced by Unicode character \u25A1 in text object [Content].
The character with Unicode value \uC774 was not found in the [SourceHanSerifCN-Heavy SDF] font asset or any potential fallbacks. It was replaced by Unicode character \u25A1 in text object [Content].
The character with Unicode value \uB9C8 was not found in the [SourceHanSerifCN-Heavy SDF] font asset or any potential fallbacks. It was replaced by Unicode character \u25A1 in text object [Content].
The character with Unicode value \uB97C was not found in the [SourceHanSerifCN-Heavy SDF] font asset or any potential fallbacks. It was replaced by Unicode character \u25A1 in text object [Content].
The character with Unicode value \uD6A8 was not found in the [SourceHanSerifCN-Heavy SDF] font asset or any potential fallbacks. It was replaced by Unicode character \u25A1 in text object [Content].
The character with Unicode value \uC728 was not found in the [SourceHanSerifCN-Heavy SDF] font asset or any potential fallbacks. It was replaced by Unicode character \u25A1 in text object [Content].
The character with Unicode value \uC801 was not found in the [SourceHanSerifCN-Heavy SDF] font asset or any potential fallbacks. It was replaced by Unicode character \u25A1 in text object [Content].
The character with Unicode value \uC73C was not found in the [SourceHanSerifCN-Heavy SDF] font asset or any potential fallbacks. It was replaced by Unicode character \u25A1 in text object [Content].
The character with Unicode value \uB85C was not found in the [SourceHanSerifCN-Heavy SDF] font asset or any potential fallbacks. It was replaced by Unicode character \u25A1 in text object [Content].
The character with Unicode value \uD65C was not found in the [SourceHanSerifCN-Heavy SDF] font asset or any potential fallbacks. It was replaced by Unicode character \u25A1 in text object [Content].
The character with Unicode value \uC6A9 was not found in the [SourceHanSerifCN-Heavy SDF] font asset or any potential fallbacks. It was replaced by Unicode character \u25A1 in text object [Content].
The character with Unicode value \uD558 was not found in the [SourceHanSerifCN-Heavy SDF] font asset or any potential fallbacks. It was replaced by Unicode character \u25A1 in text object [Content].
The character with Unicode value \uACE0 was not found in the [SourceHanSerifCN-Heavy SDF] font asset or any potential fallbacks. It was replaced by Unicode character \u25A1 in text object [Content].
The character with Unicode value \uC788 was not found in the [SourceHanSerifCN-Heavy SDF] font asset or any potential fallbacks. It was replaced by Unicode character \u25A1 in text object [Content].
The character with Unicode value \uC2B5 was not found in the [SourceHanSerifCN-Heavy SDF] font asset or any potential fallbacks. It was replaced by Unicode character \u25A1 in text object [Content].
The character with Unicode value \uB2C8 was not found in the [SourceHanSerifCN-Heavy SDF] font asset or any potential fallbacks. It was replaced by Unicode character \u25A1 in text object [Content].
The character with Unicode value \uB2E4 was not found in the [SourceHanSerifCN-Heavy SDF] font asset or any potential fallbacks. It was replaced by Unicode character \u25A1 in text object [Content].
The character with Unicode value \uC774 was not found in the [SourceHanSerifCN-Heavy SDF] font asset or any potential fallbacks. It was replaced by Unicode character \u25A1 in text object [Content].
The character with Unicode value \uB9C8 was not found in the [SourceHanSerifCN-Heavy SDF] font asset or any potential fallbacks. It was replaced by Unicode character \u25A1 in text object [Content].
The character with Unicode value \uC5D0 was not found in the [SourceHanSerifCN-Heavy SDF] font asset or any potential fallbacks. It was replaced by Unicode character \u25A1 in text object [Content].
The character with Unicode value \uC8FC was not found in the [SourceHanSerifCN-Heavy SDF] font asset or any potential fallbacks. It was replaced by Unicode character \u25A1 in text object [Content].
The character with Unicode value \uB984 was not found in the [SourceHanSerifCN-Heavy SDF] font asset or any potential fallbacks. It was replaced by Unicode character \u25A1 in text object [Content].
The character with Unicode value \uC774 was not found in the [SourceHanSerifCN-Heavy SDF] font asset or any potential fallbacks. It was replaced by Unicode character \u25A1 in text object [Content].
The character with Unicode value \uC788 was not found in the [SourceHanSerifCN-Heavy SDF] font asset or any potential fallbacks. It was replaced by Unicode character \u25A1 in text object [Content].
The character with Unicode value \uC5B4 was not found in the [SourceHanSerifCN-Heavy SDF] font asset or any potential fallbacks. It was replaced by Unicode character \u25A1 in text object [Content].
The character with Unicode value \uC694 was not found in the [SourceHanSerifCN-Heavy SDF] font asset or any potential fallbacks. It was replaced by Unicode character \u25A1 in text object [Content].
The character with Unicode value \uC138 was not found in the [SourceHanSerifCN-Heavy SDF] font asset or any potential fallbacks. It was replaced by Unicode character \u25A1 in text object [Content].
The character with Unicode value \uACC4 was not found in the [SourceHanSerifCN-Heavy SDF] font asset or any potential fallbacks. It was replaced by Unicode character \u25A1 in text object [Content].
The character with Unicode value \uD654 was not found in the [SourceHanSerifCN-Heavy SDF] font asset or any potential fallbacks. It was replaced by Unicode character \u25A1 in text object [Content].
The character with Unicode value \uC2DC was not found in the [SourceHanSerifCN-Heavy SDF] font asset or any potential fallbacks. It was replaced by Unicode character \u25A1 in text object [Content].
The character with Unicode value \uB300 was not found in the [SourceHanSerifCN-Heavy SDF] font asset or any potential fallbacks. It was replaced by Unicode character \u25A1 in text object [Content].
The character with Unicode value \uC5D0 was not found in the [SourceHanSerifCN-Heavy SDF] font asset or any potential fallbacks. It was replaced by Unicode character \u25A1 in text object [Content].
The character with Unicode value \uBC1C was not found in the [SourceHanSerifCN-Heavy SDF] font asset or any potential fallbacks. It was replaced by Unicode character \u25A1 in text object [Content].
The character with Unicode value \uB9DE was not found in the [SourceHanSerifCN-Heavy SDF] font asset or any potential fallbacks. It was replaced by Unicode character \u25A1 in text object [Content].
The character with Unicode value \uCD94 was not found in the [SourceHanSerifCN-Heavy SDF] font asset or any potential fallbacks. It was replaced by Unicode character \u25A1 in text object [Content].
The character with Unicode value \uC5B4 was not found in the [SourceHanSerifCN-Heavy SDF] font asset or any potential fallbacks. It was replaced by Unicode character \u25A1 in text object [Content].
The character with Unicode value \uC774 was not found in the [SourceHanSerifCN-Heavy SDF] font asset or any potential fallbacks. It was replaced by Unicode character \u25A1 in text object [Content].
The character with Unicode value \uB9C8 was not found in the [SourceHanSerifCN-Heavy SDF] font asset or any potential fallbacks. It was replaced by Unicode character \u25A1 in text object [Content].
The character with Unicode value \uB294 was not found in the [SourceHanSerifCN-Heavy SDF] font asset or any potential fallbacks. It was replaced by Unicode character \u25A1 in text object [Content].
The character with Unicode value \uAD6D was not found in the [SourceHanSerifCN-Heavy SDF] font asset or any potential fallbacks. It was replaced by Unicode character \u25A1 in text object [Content].
The character with Unicode value \uC81C was not found in the [SourceHanSerifCN-Heavy SDF] font asset or any potential fallbacks. It was replaced by Unicode character \u25A1 in text object [Content].
The character with Unicode value \uC801 was not found in the [SourceHanSerifCN-Heavy SDF] font asset or any potential fallbacks. It was replaced by Unicode character \u25A1 in text object [Content].
The character with Unicode value \uC778 was not found in the [SourceHanSerifCN-Heavy SDF] font asset or any potential fallbacks. It was replaced by Unicode character \u25A1 in text object [Content].
The character with Unicode value \uC8FC was not found in the [SourceHanSerifCN-Heavy SDF] font asset or any potential fallbacks. It was replaced by Unicode character \u25A1 in text object [Content].
The character with Unicode value \uBAA9 was not found in the [SourceHanSerifCN-Heavy SDF] font asset or any potential fallbacks. It was replaced by Unicode character \u25A1 in text object [Content].
The character with Unicode value \uC744 was not found in the [SourceHanSerifCN-Heavy SDF] font asset or any potential fallbacks. It was replaced by Unicode character \u25A1 in text object [Content].
The character with Unicode value \uBC1B was not found in the [SourceHanSerifCN-Heavy SDF] font asset or any potential fallbacks. It was replaced by Unicode character \u25A1 in text object [Content].
The character with Unicode value \uACE0 was not found in the [SourceHanSerifCN-Heavy SDF] font asset or any potential fallbacks. It was replaced by Unicode character \u25A1 in text object [Content].
The character with Unicode value \uC788 was not found in the [SourceHanSerifCN-Heavy SDF] font asset or any potential fallbacks. It was replaced by Unicode character \u25A1 in text object [Content].
The character with Unicode value \uC2B5 was not found in the [SourceHanSerifCN-Heavy SDF] font asset or any potential fallbacks. It was replaced by Unicode character \u25A1 in text object [Content].
The character with Unicode value \uB2C8 was not found in the [SourceHanSerifCN-Heavy SDF] font asset or any potential fallbacks. It was replaced by Unicode character \u25A1 in text object [Content].
The character with Unicode value \uB2E4 was not found in the [SourceHanSerifCN-Heavy SDF] font asset or any potential fallbacks. It was replaced by Unicode character \u25A1 in text object [Content].
The character with Unicode value \uCCB4 was not found in the [SourceHanSerifCN-Heavy SDF] font asset or any potential fallbacks. It was replaced by Unicode character \u25A1 in text object [Content].
The character with Unicode value \uACC4 was not found in the [SourceHanSerifCN-Heavy SDF] font asset or any potential fallbacks. It was replaced by Unicode character \u25A1 in text object [Content].
The character with Unicode value \uC801 was not found in the [SourceHanSerifCN-Heavy SDF] font asset or any potential fallbacks. It was replaced by Unicode character \u25A1 in text object [Content].
The character with Unicode value \uC778 was not found in the [SourceHanSerifCN-Heavy SDF] font asset or any potential fallbacks. It was replaced by Unicode character \u25A1 in text object [Content].
The character with Unicode value \uAD00 was not found in the [SourceHanSerifCN-Heavy SDF] font asset or any potential fallbacks. It was replaced by Unicode character \u25A1 in text object [Content].
The character with Unicode value \uB9AC was not found in the [SourceHanSerifCN-Heavy SDF] font asset or any potential fallbacks. It was replaced by Unicode character \u25A1 in text object [Content].
The character with Unicode value \uC2DC was not found in the [SourceHanSerifCN-Heavy SDF] font asset or any potential fallbacks. It was replaced by Unicode character \u25A1 in text object [Content].
The character with Unicode value \uC2A4 was not found in the [SourceHanSerifCN-Heavy SDF] font asset or any potential fallbacks. It was replaced by Unicode character \u25A1 in text object [Content].
The character with Unicode value \uD15C was not found in the [SourceHanSerifCN-Heavy SDF] font asset or any potential fallbacks. It was replaced by Unicode character \u25A1 in text object [Content].
The character with Unicode value \uC744 was not found in the [SourceHanSerifCN-Heavy SDF] font asset or any potential fallbacks. It was replaced by Unicode character \u25A1 in text object [Content].
The character with Unicode value \uAD6C was not found in the [SourceHanSerifCN-Heavy SDF] font asset or any potential fallbacks. It was replaced by Unicode character \u25A1 in text object [Content].
The character with Unicode value \uCD95 was not found in the [SourceHanSerifCN-Heavy SDF] font asset or any potential fallbacks. It was replaced by Unicode character \u25A1 in text object [Content].
The character with Unicode value \uD558 was not found in the [SourceHanSerifCN-Heavy SDF] font asset or any potential fallbacks. It was replaced by Unicode character \u25A1 in text object [Content].
The character with Unicode value \uC5EC was not found in the [SourceHanSerifCN-Heavy SDF] font asset or any potential fallbacks. It was replaced by Unicode character \u25A1 in text object [Content].
The character with Unicode value \uC774 was not found in the [SourceHanSerifCN-Heavy SDF] font asset or any potential fallbacks. It was replaced by Unicode character \u25A1 in text object [Content].
The character with Unicode value \uB9C8 was not found in the [SourceHanSerifCN-Heavy SDF] font asset or any potential fallbacks. It was replaced by Unicode character \u25A1 in text object [Content].
The character with Unicode value \uB97C was not found in the [SourceHanSerifCN-Heavy SDF] font asset or any potential fallbacks. It was replaced by Unicode character \u25A1 in text object [Content].
The character with Unicode value \uD6A8 was not found in the [SourceHanSerifCN-Heavy SDF] font asset or any potential fallbacks. It was replaced by Unicode character \u25A1 in text object [Content].
The character with Unicode value \uC728 was not found in the [SourceHanSerifCN-Heavy SDF] font asset or any potential fallbacks. It was replaced by Unicode character \u25A1 in text object [Content].
The character with Unicode value \uC801 was not found in the [SourceHanSerifCN-Heavy SDF] font asset or any potential fallbacks. It was replaced by Unicode character \u25A1 in text object [Content].
The character with Unicode value \uC73C was not found in the [SourceHanSerifCN-Heavy SDF] font asset or any potential fallbacks. It was replaced by Unicode character \u25A1 in text object [Content].
The character with Unicode value \uB85C was not found in the [SourceHanSerifCN-Heavy SDF] font asset or any potential fallbacks. It was replaced by Unicode character \u25A1 in text object [Content].
The character with Unicode value \uD65C was not found in the [SourceHanSerifCN-Heavy SDF] font asset or any potential fallbacks. It was replaced by Unicode character \u25A1 in text object [Content].
The character with Unicode value \uC6A9 was not found in the [SourceHanSerifCN-Heavy SDF] font asset or any potential fallbacks. It was replaced by Unicode character \u25A1 in text object [Content].
The character with Unicode value \uD558 was not found in the [SourceHanSerifCN-Heavy SDF] font asset or any potential fallbacks. It was replaced by Unicode character \u25A1 in text object [Content].
The character with Unicode value \uACE0 was not found in the [SourceHanSerifCN-Heavy SDF] font asset or any potential fallbacks. It was replaced by Unicode character \u25A1 in text object [Content].
The character with Unicode value \uC788 was not found in the [SourceHanSerifCN-Heavy SDF] font asset or any potential fallbacks. It was replaced by Unicode character \u25A1 in text object [Content].
The character with Unicode value \uC2B5 was not found in the [SourceHanSerifCN-Heavy SDF] font asset or any potential fallbacks. It was replaced by Unicode character \u25A1 in text object [Content].
The character with Unicode value \uB2C8 was not found in the [SourceHanSerifCN-Heavy SDF] font asset or any potential fallbacks. It was replaced by Unicode character \u25A1 in text object [Content].
The character with Unicode value \uB2E4 was not found in the [SourceHanSerifCN-Heavy SDF] font asset or any potential fallbacks. It was replaced by Unicode character \u25A1 in text object [Content].
The character with Unicode value \uC774 was not found in the [SourceHanSerifCN-Heavy SDF] font asset or any potential fallbacks. It was replaced by Unicode character \u25A1 in text object [Content].
The character with Unicode value \uB9C8 was not found in the [SourceHanSerifCN-Heavy SDF] font asset or any potential fallbacks. It was replaced by Unicode character \u25A1 in text object [Content].
The character with Unicode value \uC5D0 was not found in the [SourceHanSerifCN-Heavy SDF] font asset or any potential fallbacks. It was replaced by Unicode character \u25A1 in text object [Content].
The character with Unicode value \uC8FC was not found in the [SourceHanSerifCN-Heavy SDF] font asset or any potential fallbacks. It was replaced by Unicode character \u25A1 in text object [Content].
The character with Unicode value \uB984 was not found in the [SourceHanSerifCN-Heavy SDF] font asset or any potential fallbacks. It was replaced by Unicode character \u25A1 in text object [Content].
The character with Unicode value \uC774 was not found in the [SourceHanSerifCN-Heavy SDF] font asset or any potential fallbacks. It was replaced by Unicode character \u25A1 in text object [Content].
The character with Unicode value \uC788 was not found in the [SourceHanSerifCN-Heavy SDF] font asset or any potential fallbacks. It was replaced by Unicode character \u25A1 in text object [Content].
The character with Unicode value \uC5B4 was not found in the [SourceHanSerifCN-Heavy SDF] font asset or any potential fallbacks. It was replaced by Unicode character \u25A1 in text object [Content].
The character with Unicode value \uC694 was not found in the [SourceHanSerifCN-Heavy SDF] font asset or any potential fallbacks. It was replaced by Unicode character \u25A1 in text object [Content].
The character with Unicode value \uC138 was not found in the [SourceHanSerifCN-Heavy SDF] font asset or any potential fallbacks. It was replaced by Unicode character \u25A1 in text object [Content].
The character with Unicode value \uACC4 was not found in the [SourceHanSerifCN-Heavy SDF] font asset or any potential fallbacks. It was replaced by Unicode character \u25A1 in text object [Content].
The character with Unicode value \uD654 was not found in the [SourceHanSerifCN-Heavy SDF] font asset or any potential fallbacks. It was replaced by Unicode character \u25A1 in text object [Content].
The character with Unicode value \uC2DC was not found in the [SourceHanSerifCN-Heavy SDF] font asset or any potential fallbacks. It was replaced by Unicode character \u25A1 in text object [Content].
The character with Unicode value \uB300 was not found in the [SourceHanSerifCN-Heavy SDF] font asset or any potential fallbacks. It was replaced by Unicode character \u25A1 in text object [Content].
The character with Unicode value \uC5D0 was not found in the [SourceHanSerifCN-Heavy SDF] font asset or any potential fallbacks. It was replaced by Unicode character \u25A1 in text object [Content].
The character with Unicode value \uBC1C was not found in the [SourceHanSerifCN-Heavy SDF] font asset or any potential fallbacks. It was replaced by Unicode character \u25A1 in text object [Content].
The character with Unicode value \uB9DE was not found in the [SourceHanSerifCN-Heavy SDF] font asset or any potential fallbacks. It was replaced by Unicode character \u25A1 in text object [Content].
The character with Unicode value \uCD94 was not found in the [SourceHanSerifCN-Heavy SDF] font asset or any potential fallbacks. It was replaced by Unicode character \u25A1 in text object [Content].
The character with Unicode value \uC5B4 was not found in the [SourceHanSerifCN-Heavy SDF] font asset or any potential fallbacks. It was replaced by Unicode character \u25A1 in text object [Content].
The character with Unicode value \uC774 was not found in the [SourceHanSerifCN-Heavy SDF] font asset or any potential fallbacks. It was replaced by Unicode character \u25A1 in text object [Content].
The character with Unicode value \uB9C8 was not found in the [SourceHanSerifCN-Heavy SDF] font asset or any potential fallbacks. It was replaced by Unicode character \u25A1 in text object [Content].
The character with Unicode value \uB294 was not found in the [SourceHanSerifCN-Heavy SDF] font asset or any potential fallbacks. It was replaced by Unicode character \u25A1 in text object [Content].
The character with Unicode value \uAD6D was not found in the [SourceHanSerifCN-Heavy SDF] font asset or any potential fallbacks. It was replaced by Unicode character \u25A1 in text object [Content].
The character with Unicode value \uC81C was not found in the [SourceHanSerifCN-Heavy SDF] font asset or any potential fallbacks. It was replaced by Unicode character \u25A1 in text object [Content].
The character with Unicode value \uC801 was not found in the [SourceHanSerifCN-Heavy SDF] font asset or any potential fallbacks. It was replaced by Unicode character \u25A1 in text object [Content].
The character with Unicode value \uC778 was not found in the [SourceHanSerifCN-Heavy SDF] font asset or any potential fallbacks. It was replaced by Unicode character \u25A1 in text object [Content].
The character with Unicode value \uC8FC was not found in the [SourceHanSerifCN-Heavy SDF] font asset or any potential fallbacks. It was replaced by Unicode character \u25A1 in text object [Content].
The character with Unicode value \uBAA9 was not found in the [SourceHanSerifCN-Heavy SDF] font asset or any potential fallbacks. It was replaced by Unicode character \u25A1 in text object [Content].
The character with Unicode value \uC744 was not found in the [SourceHanSerifCN-Heavy SDF] font asset or any potential fallbacks. It was replaced by Unicode character \u25A1 in text object [Content].
The character with Unicode value \uBC1B was not found in the [SourceHanSerifCN-Heavy SDF] font asset or any potential fallbacks. It was replaced by Unicode character \u25A1 in text object [Content].
The character with Unicode value \uACE0 was not found in the [SourceHanSerifCN-Heavy SDF] font asset or any potential fallbacks. It was replaced by Unicode character \u25A1 in text object [Content].
The character with Unicode value \uC788 was not found in the [SourceHanSerifCN-Heavy SDF] font asset or any potential fallbacks. It was replaced by Unicode character \u25A1 in text object [Content].
The character with Unicode value \uC2B5 was not found in the [SourceHanSerifCN-Heavy SDF] font asset or any potential fallbacks. It was replaced by Unicode character \u25A1 in text object [Content].
The character with Unicode value \uB2C8 was not found in the [SourceHanSerifCN-Heavy SDF] font asset or any potential fallbacks. It was replaced by Unicode character \u25A1 in text object [Content].
The character with Unicode value \uB2E4 was not found in the [SourceHanSerifCN-Heavy SDF] font asset or any potential fallbacks. It was replaced by Unicode character \u25A1 in text object [Content].
The character with Unicode value \uCCB4 was not found in the [SourceHanSerifCN-Heavy SDF] font asset or any potential fallbacks. It was replaced by Unicode character \u25A1 in text object [Content].
The character with Unicode value \uACC4 was not found in the [SourceHanSerifCN-Heavy SDF] font asset or any potential fallbacks. It was replaced by Unicode character \u25A1 in text object [Content].
The character with Unicode value \uC801 was not found in the [SourceHanSerifCN-Heavy SDF] font asset or any potential fallbacks. It was replaced by Unicode character \u25A1 in text object [Content].
The character with Unicode value \uC778 was not found in the [SourceHanSerifCN-Heavy SDF] font asset or any potential fallbacks. It was replaced by Unicode character \u25A1 in text object [Content].
The character with Unicode value \uAD00 was not found in the [SourceHanSerifCN-Heavy SDF] font asset or any potential fallbacks. It was replaced by Unicode character \u25A1 in text object [Content].
The character with Unicode value \uB9AC was not found in the [SourceHanSerifCN-Heavy SDF] font asset or any potential fallbacks. It was replaced by Unicode character \u25A1 in text object [Content].
The character with Unicode value \uC2DC was not found in the [SourceHanSerifCN-Heavy SDF] font asset or any potential fallbacks. It was replaced by Unicode character \u25A1 in text object [Content].
The character with Unicode value \uC2A4 was not found in the [SourceHanSerifCN-Heavy SDF] font asset or any potential fallbacks. It was replaced by Unicode character \u25A1 in text object [Content].
The character with Unicode value \uD15C was not found in the [SourceHanSerifCN-Heavy SDF] font asset or any potential fallbacks. It was replaced by Unicode character \u25A1 in text object [Content].
The character with Unicode value \uC744 was not found in the [SourceHanSerifCN-Heavy SDF] font asset or any potential fallbacks. It was replaced by Unicode character \u25A1 in text object [Content].
The character with Unicode value \uAD6C was not found in the [SourceHanSerifCN-Heavy SDF] font asset or any potential fallbacks. It was replaced by Unicode character \u25A1 in text object [Content].
The character with Unicode value \uCD95 was not found in the [SourceHanSerifCN-Heavy SDF] font asset or any potential fallbacks. It was replaced by Unicode character \u25A1 in text object [Content].
The character with Unicode value \uD558 was not found in the [SourceHanSerifCN-Heavy SDF] font asset or any potential fallbacks. It was replaced by Unicode character \u25A1 in text object [Content].
The character with Unicode value \uC5EC was not found in the [SourceHanSerifCN-Heavy SDF] font asset or any potential fallbacks. It was replaced by Unicode character \u25A1 in text object [Content].
The character with Unicode value \uC774 was not found in the [SourceHanSerifCN-Heavy SDF] font asset or any potential fallbacks. It was replaced by Unicode character \u25A1 in text object [Content].
The character with Unicode value \uB9C8 was not found in the [SourceHanSerifCN-Heavy SDF] font asset or any potential fallbacks. It was replaced by Unicode character \u25A1 in text object [Content].
The character with Unicode value \uB97C was not found in the [SourceHanSerifCN-Heavy SDF] font asset or any potential fallbacks. It was replaced by Unicode character \u25A1 in text object [Content].
The character with Unicode value \uD6A8 was not found in the [SourceHanSerifCN-Heavy SDF] font asset or any potential fallbacks. It was replaced by Unicode character \u25A1 in text object [Content].
The character with Unicode value \uC728 was not found in the [SourceHanSerifCN-Heavy SDF] font asset or any potential fallbacks. It was replaced by Unicode character \u25A1 in text object [Content].
The character with Unicode value \uC801 was not found in the [SourceHanSerifCN-Heavy SDF] font asset or any potential fallbacks. It was replaced by Unicode character \u25A1 in text object [Content].
The character with Unicode value \uC73C was not found in the [SourceHanSerifCN-Heavy SDF] font asset or any potential fallbacks. It was replaced by Unicode character \u25A1 in text object [Content].
The character with Unicode value \uB85C was not found in the [SourceHanSerifCN-Heavy SDF] font asset or any potential fallbacks. It was replaced by Unicode character \u25A1 in text object [Content].
The character with Unicode value \uD65C was not found in the [SourceHanSerifCN-Heavy SDF] font asset or any potential fallbacks. It was replaced by Unicode character \u25A1 in text object [Content].
The character with Unicode value \uC6A9 was not found in the [SourceHanSerifCN-Heavy SDF] font asset or any potential fallbacks. It was replaced by Unicode character \u25A1 in text object [Content].
The character with Unicode value \uD558 was not found in the [SourceHanSerifCN-Heavy SDF] font asset or any potential fallbacks. It was replaced by Unicode character \u25A1 in text object [Content].
The character with Unicode value \uACE0 was not found in the [SourceHanSerifCN-Heavy SDF] font asset or any potential fallbacks. It was replaced by Unicode character \u25A1 in text object [Content].
The character with Unicode value \uC788 was not found in the [SourceHanSerifCN-Heavy SDF] font asset or any potential fallbacks. It was replaced by Unicode character \u25A1 in text object [Content].
The character with Unicode value \uC2B5 was not found in the [SourceHanSerifCN-Heavy SDF] font asset or any potential fallbacks. It was replaced by Unicode character \u25A1 in text object [Content].
The character with Unicode value \uB2C8 was not found in the [SourceHanSerifCN-Heavy SDF] font asset or any potential fallbacks. It was replaced by Unicode character \u25A1 in text object [Content].
The character with Unicode value \uB2E4 was not found in the [SourceHanSerifCN-Heavy SDF] font asset or any potential fallbacks. It was replaced by Unicode character \u25A1 in text object [Content].
The character with Unicode value \uC774 was not found in the [SourceHanSerifCN-Heavy SDF] font asset or any potential fallbacks. It was replaced by Unicode character \u25A1 in text object [Content].
The character with Unicode value \uB9C8 was not found in the [SourceHanSerifCN-Heavy SDF] font asset or any potential fallbacks. It was replaced by Unicode character \u25A1 in text object [Content].
The character with Unicode value \uC5D0 was not found in the [SourceHanSerifCN-Heavy SDF] font asset or any potential fallbacks. It was replaced by Unicode character \u25A1 in text object [Content].
The character with Unicode value \uC8FC was not found in the [SourceHanSerifCN-Heavy SDF] font asset or any potential fallbacks. It was replaced by Unicode character \u25A1 in text object [Content].
The character with Unicode value \uB984 was not found in the [SourceHanSerifCN-Heavy SDF] font asset or any potential fallbacks. It was replaced by Unicode character \u25A1 in text object [Content].
The character with Unicode value \uC774 was not found in the [SourceHanSerifCN-Heavy SDF] font asset or any potential fallbacks. It was replaced by Unicode character \u25A1 in text object [Content].
The character with Unicode value \uC788 was not found in the [SourceHanSerifCN-Heavy SDF] font asset or any potential fallbacks. It was replaced by Unicode character \u25A1 in text object [Content].
The character with Unicode value \uC5B4 was not found in the [SourceHanSerifCN-Heavy SDF] font asset or any potential fallbacks. It was replaced by Unicode character \u25A1 in text object [Content].
The character with Unicode value \uC694 was not found in the [SourceHanSerifCN-Heavy SDF] font asset or any potential fallbacks. It was replaced by Unicode character \u25A1 in text object [Content].
The character with Unicode value \uC138 was not found in the [SourceHanSerifCN-Heavy SDF] font asset or any potential fallbacks. It was replaced by Unicode character \u25A1 in text object [Content].
The character with Unicode value \uACC4 was not found in the [SourceHanSerifCN-Heavy SDF] font asset or any potential fallbacks. It was replaced by Unicode character \u25A1 in text object [Content].
The character with Unicode value \uD654 was not found in the [SourceHanSerifCN-Heavy SDF] font asset or any potential fallbacks. It was replaced by Unicode character \u25A1 in text object [Content].
The character with Unicode value \uC2DC was not found in the [SourceHanSerifCN-Heavy SDF] font asset or any potential fallbacks. It was replaced by Unicode character \u25A1 in text object [Content].
The character with Unicode value \uB300 was not found in the [SourceHanSerifCN-Heavy SDF] font asset or any potential fallbacks. It was replaced by Unicode character \u25A1 in text object [Content].
The character with Unicode value \uC5D0 was not found in the [SourceHanSerifCN-Heavy SDF] font asset or any potential fallbacks. It was replaced by Unicode character \u25A1 in text object [Content].
The character with Unicode value \uBC1C was not found in the [SourceHanSerifCN-Heavy SDF] font asset or any potential fallbacks. It was replaced by Unicode character \u25A1 in text object [Content].
The character with Unicode value \uB9DE was not found in the [SourceHanSerifCN-Heavy SDF] font asset or any potential fallbacks. It was replaced by Unicode character \u25A1 in text object [Content].
The character with Unicode value \uCD94 was not found in the [SourceHanSerifCN-Heavy SDF] font asset or any potential fallbacks. It was replaced by Unicode character \u25A1 in text object [Content].
The character with Unicode value \uC5B4 was not found in the [SourceHanSerifCN-Heavy SDF] font asset or any potential fallbacks. It was replaced by Unicode character \u25A1 in text object [Content].
The character with Unicode value \uC774 was not found in the [SourceHanSerifCN-Heavy SDF] font asset or any potential fallbacks. It was replaced by Unicode character \u25A1 in text object [Content].
The character with Unicode value \uB9C8 was not found in the [SourceHanSerifCN-Heavy SDF] font asset or any potential fallbacks. It was replaced by Unicode character \u25A1 in text object [Content].
The character with Unicode value \uB294 was not found in the [SourceHanSerifCN-Heavy SDF] font asset or any potential fallbacks. It was replaced by Unicode character \u25A1 in text object [Content].
The character with Unicode value \uAD6D was not found in the [SourceHanSerifCN-Heavy SDF] font asset or any potential fallbacks. It was replaced by Unicode character \u25A1 in text object [Content].
The character with Unicode value \uC81C was not found in the [SourceHanSerifCN-Heavy SDF] font asset or any potential fallbacks. It was replaced by Unicode character \u25A1 in text object [Content].
The character with Unicode value \uC801 was not found in the [SourceHanSerifCN-Heavy SDF] font asset or any potential fallbacks. It was replaced by Unicode character \u25A1 in text object [Content].
The character with Unicode value \uC778 was not found in the [SourceHanSerifCN-Heavy SDF] font asset or any potential fallbacks. It was replaced by Unicode character \u25A1 in text object [Content].
The character with Unicode value \uC8FC was not found in the [SourceHanSerifCN-Heavy SDF] font asset or any potential fallbacks. It was replaced by Unicode character \u25A1 in text object [Content].
The character with Unicode value \uBAA9 was not found in the [SourceHanSerifCN-Heavy SDF] font asset or any potential fallbacks. It was replaced by Unicode character \u25A1 in text object [Content].
The character with Unicode value \uC744 was not found in the [SourceHanSerifCN-Heavy SDF] font asset or any potential fallbacks. It was replaced by Unicode character \u25A1 in text object [Content].
The character with Unicode value \uBC1B was not found in the [SourceHanSerifCN-Heavy SDF] font asset or any potential fallbacks. It was replaced by Unicode character \u25A1 in text object [Content].
The character with Unicode value \uACE0 was not found in the [SourceHanSerifCN-Heavy SDF] font asset or any potential fallbacks. It was replaced by Unicode character \u25A1 in text object [Content].
The character with Unicode value \uC788 was not found in the [SourceHanSerifCN-Heavy SDF] font asset or any potential fallbacks. It was replaced by Unicode character \u25A1 in text object [Content].
The character with Unicode value \uC2B5 was not found in the [SourceHanSerifCN-Heavy SDF] font asset or any potential fallbacks. It was replaced by Unicode character \u25A1 in text object [Content].
The character with Unicode value \uB2C8 was not found in the [SourceHanSerifCN-Heavy SDF] font asset or any potential fallbacks. It was replaced by Unicode character \u25A1 in text object [Content].
The character with Unicode value \uB2E4 was not found in the [SourceHanSerifCN-Heavy SDF] font asset or any potential fallbacks. It was replaced by Unicode character \u25A1 in text object [Content].
The character with Unicode value \uCCB4 was not found in the [SourceHanSerifCN-Heavy SDF] font asset or any potential fallbacks. It was replaced by Unicode character \u25A1 in text object [Content].
The character with Unicode value \uACC4 was not found in the [SourceHanSerifCN-Heavy SDF] font asset or any potential fallbacks. It was replaced by Unicode character \u25A1 in text object [Content].
The character with Unicode value \uC801 was not found in the [SourceHanSerifCN-Heavy SDF] font asset or any potential fallbacks. It was replaced by Unicode character \u25A1 in text object [Content].
The character with Unicode value \uC778 was not found in the [SourceHanSerifCN-Heavy SDF] font asset or any potential fallbacks. It was replaced by Unicode character \u25A1 in text object [Content].
The character with Unicode value \uAD00 was not found in the [SourceHanSerifCN-Heavy SDF] font asset or any potential fallbacks. It was replaced by Unicode character \u25A1 in text object [Content].
The character with Unicode value \uB9AC was not found in the [SourceHanSerifCN-Heavy SDF] font asset or any potential fallbacks. It was replaced by Unicode character \u25A1 in text object [Content].
The character with Unicode value \uC2DC was not found in the [SourceHanSerifCN-Heavy SDF] font asset or any potential fallbacks. It was replaced by Unicode character \u25A1 in text object [Content].
The character with Unicode value \uC2A4 was not found in the [SourceHanSerifCN-Heavy SDF] font asset or any potential fallbacks. It was replaced by Unicode character \u25A1 in text object [Content].
The character with Unicode value \uD15C was not found in the [SourceHanSerifCN-Heavy SDF] font asset or any potential fallbacks. It was replaced by Unicode character \u25A1 in text object [Content].
The character with Unicode value \uC744 was not found in the [SourceHanSerifCN-Heavy SDF] font asset or any potential fallbacks. It was replaced by Unicode character \u25A1 in text object [Content].
The character with Unicode value \uAD6C was not found in the [SourceHanSerifCN-Heavy SDF] font asset or any potential fallbacks. It was replaced by Unicode character \u25A1 in text object [Content].
The character with Unicode value \uCD95 was not found in the [SourceHanSerifCN-Heavy SDF] font asset or any potential fallbacks. It was replaced by Unicode character \u25A1 in text object [Content].
The character with Unicode value \uD558 was not found in the [SourceHanSerifCN-Heavy SDF] font asset or any potential fallbacks. It was replaced by Unicode character \u25A1 in text object [Content].
The character with Unicode value \uC5EC was not found in the [SourceHanSerifCN-Heavy SDF] font asset or any potential fallbacks. It was replaced by Unicode character \u25A1 in text object [Content].
The character with Unicode value \uC774 was not found in the [SourceHanSerifCN-Heavy SDF] font asset or any potential fallbacks. It was replaced by Unicode character \u25A1 in text object [Content].
The character with Unicode value \uB9C8 was not found in the [SourceHanSerifCN-Heavy SDF] font asset or any potential fallbacks. It was replaced by Unicode character \u25A1 in text object [Content].
The character with Unicode value \uB97C was not found in the [SourceHanSerifCN-Heavy SDF] font asset or any potential fallbacks. It was replaced by Unicode character \u25A1 in text object [Content].
The character with Unicode value \uD6A8 was not found in the [SourceHanSerifCN-Heavy SDF] font asset or any potential fallbacks. It was replaced by Unicode character \u25A1 in text object [Content].
The character with Unicode value \uC728 was not found in the [SourceHanSerifCN-Heavy SDF] font asset or any potential fallbacks. It was replaced by Unicode character \u25A1 in text object [Content].
The character with Unicode value \uC801 was not found in the [SourceHanSerifCN-Heavy SDF] font asset or any potential fallbacks. It was replaced by Unicode character \u25A1 in text object [Content].
The character with Unicode value \uC73C was not found in the [SourceHanSerifCN-Heavy SDF] font asset or any potential fallbacks. It was replaced by Unicode character \u25A1 in text object [Content].
The character with Unicode value \uB85C was not found in the [SourceHanSerifCN-Heavy SDF] font asset or any potential fallbacks. It was replaced by Unicode character \u25A1 in text object [Content].
The character with Unicode value \uD65C was not found in the [SourceHanSerifCN-Heavy SDF] font asset or any potential fallbacks. It was replaced by Unicode character \u25A1 in text object [Content].
The character with Unicode value \uC6A9 was not found in the [SourceHanSerifCN-Heavy SDF] font asset or any potential fallbacks. It was replaced by Unicode character \u25A1 in text object [Content].
The character with Unicode value \uD558 was not found in the [SourceHanSerifCN-Heavy SDF] font asset or any potential fallbacks. It was replaced by Unicode character \u25A1 in text object [Content].
The character with Unicode value \uACE0 was not found in the [SourceHanSerifCN-Heavy SDF] font asset or any potential fallbacks. It was replaced by Unicode character \u25A1 in text object [Content].
The character with Unicode value \uC788 was not found in the [SourceHanSerifCN-Heavy SDF] font asset or any potential fallbacks. It was replaced by Unicode character \u25A1 in text object [Content].
The character with Unicode value \uC2B5 was not found in the [SourceHanSerifCN-Heavy SDF] font asset or any potential fallbacks. It was replaced by Unicode character \u25A1 in text object [Content].
The character with Unicode value \uB2C8 was not found in the [SourceHanSerifCN-Heavy SDF] font asset or any potential fallbacks. It was replaced by Unicode character \u25A1 in text object [Content].
The character with Unicode value \uB2E4 was not found in the [SourceHanSerifCN-Heavy SDF] font asset or any potential fallbacks. It was replaced by Unicode character \u25A1 in text object [Content].
[Info   :  WCP Host] WcpHost: 长帧 225ms — mod 本帧占用 0.0ms（0.0%） GC本帧=0:0 1:0 2:0 本帧 Top=无 mod 操作
The character with Unicode value \uC774 was not found in the [SourceHanSerifCN-Heavy SDF] font asset or any potential fallbacks. It was replaced by Unicode character \u25A1 in text object [Content].
The character with Unicode value \uB9C8 was not found in the [SourceHanSerifCN-Heavy SDF] font asset or any potential fallbacks. It was replaced by Unicode character \u25A1 in text object [Content].
The character with Unicode value \uC5D0 was not found in the [SourceHanSerifCN-Heavy SDF] font asset or any potential fallbacks. It was replaced by Unicode character \u25A1 in text object [Content].
The character with Unicode value \uC8FC was not found in the [SourceHanSerifCN-Heavy SDF] font asset or any potential fallbacks. It was replaced by Unicode character \u25A1 in text object [Content].
The character with Unicode value \uB984 was not found in the [SourceHanSerifCN-Heavy SDF] font asset or any potential fallbacks. It was replaced by Unicode character \u25A1 in text object [Content].
The character with Unicode value \uC774 was not found in the [SourceHanSerifCN-Heavy SDF] font asset or any potential fallbacks. It was replaced by Unicode character \u25A1 in text object [Content].
The character with Unicode value \uC788 was not found in the [SourceHanSerifCN-Heavy SDF] font asset or any potential fallbacks. It was replaced by Unicode character \u25A1 in text object [Content].
The character with Unicode value \uC5B4 was not found in the [SourceHanSerifCN-Heavy SDF] font asset or any potential fallbacks. It was replaced by Unicode character \u25A1 in text object [Content].
The character with Unicode value \uC694 was not found in the [SourceHanSerifCN-Heavy SDF] font asset or any potential fallbacks. It was replaced by Unicode character \u25A1 in text object [Content].
The character with Unicode value \uC138 was not found in the [SourceHanSerifCN-Heavy SDF] font asset or any potential fallbacks. It was replaced by Unicode character \u25A1 in text object [Content].
The character with Unicode value \uACC4 was not found in the [SourceHanSerifCN-Heavy SDF] font asset or any potential fallbacks. It was replaced by Unicode character \u25A1 in text object [Content].
The character with Unicode value \uD654 was not found in the [SourceHanSerifCN-Heavy SDF] font asset or any potential fallbacks. It was replaced by Unicode character \u25A1 in text object [Content].
The character with Unicode value \uC2DC was not found in the [SourceHanSerifCN-Heavy SDF] font asset or any potential fallbacks. It was replaced by Unicode character \u25A1 in text object [Content].
The character with Unicode value \uB300 was not found in the [SourceHanSerifCN-Heavy SDF] font asset or any potential fallbacks. It was replaced by Unicode character \u25A1 in text object [Content].
The character with Unicode value \uC5D0 was not found in the [SourceHanSerifCN-Heavy SDF] font asset or any potential fallbacks. It was replaced by Unicode character \u25A1 in text object [Content].
The character with Unicode value \uBC1C was not found in the [SourceHanSerifCN-Heavy SDF] font asset or any potential fallbacks. It was replaced by Unicode character \u25A1 in text object [Content].
The character with Unicode value \uB9DE was not found in the [SourceHanSerifCN-Heavy SDF] font asset or any potential fallbacks. It was replaced by Unicode character \u25A1 in text object [Content].
The character with Unicode value \uCD94 was not found in the [SourceHanSerifCN-Heavy SDF] font asset or any potential fallbacks. It was replaced by Unicode character \u25A1 in text object [Content].
The character with Unicode value \uC5B4 was not found in the [SourceHanSerifCN-Heavy SDF] font asset or any potential fallbacks. It was replaced by Unicode character \u25A1 in text object [Content].
The character with Unicode value \uC774 was not found in the [SourceHanSerifCN-Heavy SDF] font asset or any potential fallbacks. It was replaced by Unicode character \u25A1 in text object [Content].
The character with Unicode value \uB9C8 was not found in the [SourceHanSerifCN-Heavy SDF] font asset or any potential fallbacks. It was replaced by Unicode character \u25A1 in text object [Content].
The character with Unicode value \uB294 was not found in the [SourceHanSerifCN-Heavy SDF] font asset or any potential fallbacks. It was replaced by Unicode character \u25A1 in text object [Content].
The character with Unicode value \uAD6D was not found in the [SourceHanSerifCN-Heavy SDF] font asset or any potential fallbacks. It was replaced by Unicode character \u25A1 in text object [Content].
The character with Unicode value \uC81C was not found in the [SourceHanSerifCN-Heavy SDF] font asset or any potential fallbacks. It was replaced by Unicode character \u25A1 in text object [Content].
The character with Unicode value \uC801 was not found in the [SourceHanSerifCN-Heavy SDF] font asset or any potential fallbacks. It was replaced by Unicode character \u25A1 in text object [Content].
The character with Unicode value \uC778 was not found in the [SourceHanSerifCN-Heavy SDF] font asset or any potential fallbacks. It was replaced by Unicode character \u25A1 in text object [Content].
The character with Unicode value \uC8FC was not found in the [SourceHanSerifCN-Heavy SDF] font asset or any potential fallbacks. It was replaced by Unicode character \u25A1 in text object [Content].
The character with Unicode value \uBAA9 was not found in the [SourceHanSerifCN-Heavy SDF] font asset or any potential fallbacks. It was replaced by Unicode character \u25A1 in text object [Content].
The character with Unicode value \uC744 was not found in the [SourceHanSerifCN-Heavy SDF] font asset or any potential fallbacks. It was replaced by Unicode character \u25A1 in text object [Content].
The character with Unicode value \uBC1B was not found in the [SourceHanSerifCN-Heavy SDF] font asset or any potential fallbacks. It was replaced by Unicode character \u25A1 in text object [Content].
The character with Unicode value \uACE0 was not found in the [SourceHanSerifCN-Heavy SDF] font asset or any potential fallbacks. It was replaced by Unicode character \u25A1 in text object [Content].
The character with Unicode value \uC788 was not found in the [SourceHanSerifCN-Heavy SDF] font asset or any potential fallbacks. It was replaced by Unicode character \u25A1 in text object [Content].
The character with Unicode value \uC2B5 was not found in the [SourceHanSerifCN-Heavy SDF] font asset or any potential fallbacks. It was replaced by Unicode character \u25A1 in text object [Content].
The character with Unicode value \uB2C8 was not found in the [SourceHanSerifCN-Heavy SDF] font asset or any potential fallbacks. It was replaced by Unicode character \u25A1 in text object [Content].
The character with Unicode value \uB2E4 was not found in the [SourceHanSerifCN-Heavy SDF] font asset or any potential fallbacks. It was replaced by Unicode character \u25A1 in text object [Content].
The character with Unicode value \uCCB4 was not found in the [SourceHanSerifCN-Heavy SDF] font asset or any potential fallbacks. It was replaced by Unicode character \u25A1 in text object [Content].
The character with Unicode value \uACC4 was not found in the [SourceHanSerifCN-Heavy SDF] font asset or any potential fallbacks. It was replaced by Unicode character \u25A1 in text object [Content].
The character with Unicode value \uC801 was not found in the [SourceHanSerifCN-Heavy SDF] font asset or any potential fallbacks. It was replaced by Unicode character \u25A1 in text object [Content].
The character with Unicode value \uC778 was not found in the [SourceHanSerifCN-Heavy SDF] font asset or any potential fallbacks. It was replaced by Unicode character \u25A1 in text object [Content].
The character with Unicode value \uAD00 was not found in the [SourceHanSerifCN-Heavy SDF] font asset or any potential fallbacks. It was replaced by Unicode character \u25A1 in text object [Content].
The character with Unicode value \uB9AC was not found in the [SourceHanSerifCN-Heavy SDF] font asset or any potential fallbacks. It was replaced by Unicode character \u25A1 in text object [Content].
The character with Unicode value \uC2DC was not found in the [SourceHanSerifCN-Heavy SDF] font asset or any potential fallbacks. It was replaced by Unicode character \u25A1 in text object [Content].
The character with Unicode value \uC2A4 was not found in the [SourceHanSerifCN-Heavy SDF] font asset or any potential fallbacks. It was replaced by Unicode character \u25A1 in text object [Content].
The character with Unicode value \uD15C was not found in the [SourceHanSerifCN-Heavy SDF] font asset or any potential fallbacks. It was replaced by Unicode character \u25A1 in text object [Content].
The character with Unicode value \uC744 was not found in the [SourceHanSerifCN-Heavy SDF] font asset or any potential fallbacks. It was replaced by Unicode character \u25A1 in text object [Content].
The character with Unicode value \uAD6C was not found in the [SourceHanSerifCN-Heavy SDF] font asset or any potential fallbacks. It was replaced by Unicode character \u25A1 in text object [Content].
The character with Unicode value \uCD95 was not found in the [SourceHanSerifCN-Heavy SDF] font asset or any potential fallbacks. It was replaced by Unicode character \u25A1 in text object [Content].
The character with Unicode value \uD558 was not found in the [SourceHanSerifCN-Heavy SDF] font asset or any potential fallbacks. It was replaced by Unicode character \u25A1 in text object [Content].
The character with Unicode value \uC5EC was not found in the [SourceHanSerifCN-Heavy SDF] font asset or any potential fallbacks. It was replaced by Unicode character \u25A1 in text object [Content].
The character with Unicode value \uC774 was not found in the [SourceHanSerifCN-Heavy SDF] font asset or any potential fallbacks. It was replaced by Unicode character \u25A1 in text object [Content].
The character with Unicode value \uB9C8 was not found in the [SourceHanSerifCN-Heavy SDF] font asset or any potential fallbacks. It was replaced by Unicode character \u25A1 in text object [Content].
The character with Unicode value \uB97C was not found in the [SourceHanSerifCN-Heavy SDF] font asset or any potential fallbacks. It was replaced by Unicode character \u25A1 in text object [Content].
The character with Unicode value \uD6A8 was not found in the [SourceHanSerifCN-Heavy SDF] font asset or any potential fallbacks. It was replaced by Unicode character \u25A1 in text object [Content].
The character with Unicode value \uC728 was not found in the [SourceHanSerifCN-Heavy SDF] font asset or any potential fallbacks. It was replaced by Unicode character \u25A1 in text object [Content].
The character with Unicode value \uC801 was not found in the [SourceHanSerifCN-Heavy SDF] font asset or any potential fallbacks. It was replaced by Unicode character \u25A1 in text object [Content].
The character with Unicode value \uC73C was not found in the [SourceHanSerifCN-Heavy SDF] font asset or any potential fallbacks. It was replaced by Unicode character \u25A1 in text object [Content].
The character with Unicode value \uB85C was not found in the [SourceHanSerifCN-Heavy SDF] font asset or any potential fallbacks. It was replaced by Unicode character \u25A1 in text object [Content].
The character with Unicode value \uD65C was not found in the [SourceHanSerifCN-Heavy SDF] font asset or any potential fallbacks. It was replaced by Unicode character \u25A1 in text object [Content].
The character with Unicode value \uC6A9 was not found in the [SourceHanSerifCN-Heavy SDF] font asset or any potential fallbacks. It was replaced by Unicode character \u25A1 in text object [Content].
The character with Unicode value \uD558 was not found in the [SourceHanSerifCN-Heavy SDF] font asset or any potential fallbacks. It was replaced by Unicode character \u25A1 in text object [Content].
The character with Unicode value \uACE0 was not found in the [SourceHanSerifCN-Heavy SDF] font asset or any potential fallbacks. It was replaced by Unicode character \u25A1 in text object [Content].
The character with Unicode value \uC788 was not found in the [SourceHanSerifCN-Heavy SDF] font asset or any potential fallbacks. It was replaced by Unicode character \u25A1 in text object [Content].
The character with Unicode value \uC2B5 was not found in the [SourceHanSerifCN-Heavy SDF] font asset or any potential fallbacks. It was replaced by Unicode character \u25A1 in text object [Content].
The character with Unicode value \uB2C8 was not found in the [SourceHanSerifCN-Heavy SDF] font asset or any potential fallbacks. It was replaced by Unicode character \u25A1 in text object [Content].
The character with Unicode value \uB2E4 was not found in the [SourceHanSerifCN-Heavy SDF] font asset or any potential fallbacks. It was replaced by Unicode character \u25A1 in text object [Content].
The character with Unicode value \uC774 was not found in the [SourceHanSerifCN-Heavy SDF] font asset or any potential fallbacks. It was replaced by Unicode character \u25A1 in text object [Content].
The character with Unicode value \uB9C8 was not found in the [SourceHanSerifCN-Heavy SDF] font asset or any potential fallbacks. It was replaced by Unicode character \u25A1 in text object [Content].
The character with Unicode value \uC5D0 was not found in the [SourceHanSerifCN-Heavy SDF] font asset or any potential fallbacks. It was replaced by Unicode character \u25A1 in text object [Content].
The character with Unicode value \uC8FC was not found in the [SourceHanSerifCN-Heavy SDF] font asset or any potential fallbacks. It was replaced by Unicode character \u25A1 in text object [Content].
The character with Unicode value \uB984 was not found in the [SourceHanSerifCN-Heavy SDF] font asset or any potential fallbacks. It was replaced by Unicode character \u25A1 in text object [Content].
The character with Unicode value \uC774 was not found in the [SourceHanSerifCN-Heavy SDF] font asset or any potential fallbacks. It was replaced by Unicode character \u25A1 in text object [Content].
The character with Unicode value \uC788 was not found in the [SourceHanSerifCN-Heavy SDF] font asset or any potential fallbacks. It was replaced by Unicode character \u25A1 in text object [Content].
The character with Unicode value \uC5B4 was not found in the [SourceHanSerifCN-Heavy SDF] font asset or any potential fallbacks. It was replaced by Unicode character \u25A1 in text object [Content].
The character with Unicode value \uC694 was not found in the [SourceHanSerifCN-Heavy SDF] font asset or any potential fallbacks. It was replaced by Unicode character \u25A1 in text object [Content].
The character with Unicode value \uC138 was not found in the [SourceHanSerifCN-Heavy SDF] font asset or any potential fallbacks. It was replaced by Unicode character \u25A1 in text object [Content].
The character with Unicode value \uACC4 was not found in the [SourceHanSerifCN-Heavy SDF] font asset or any potential fallbacks. It was replaced by Unicode character \u25A1 in text object [Content].
The character with Unicode value \uD654 was not found in the [SourceHanSerifCN-Heavy SDF] font asset or any potential fallbacks. It was replaced by Unicode character \u25A1 in text object [Content].
The character with Unicode value \uC2DC was not found in the [SourceHanSerifCN-Heavy SDF] font asset or any potential fallbacks. It was replaced by Unicode character \u25A1 in text object [Content].
The character with Unicode value \uB300 was not found in the [SourceHanSerifCN-Heavy SDF] font asset or any potential fallbacks. It was replaced by Unicode character \u25A1 in text object [Content].
The character with Unicode value \uC5D0 was not found in the [SourceHanSerifCN-Heavy SDF] font asset or any potential fallbacks. It was replaced by Unicode character \u25A1 in text object [Content].
The character with Unicode value \uBC1C was not found in the [SourceHanSerifCN-Heavy SDF] font asset or any potential fallbacks. It was replaced by Unicode character \u25A1 in text object [Content].
The character with Unicode value \uB9DE was not found in the [SourceHanSerifCN-Heavy SDF] font asset or any potential fallbacks. It was replaced by Unicode character \u25A1 in text object [Content].
The character with Unicode value \uCD94 was not found in the [SourceHanSerifCN-Heavy SDF] font asset or any potential fallbacks. It was replaced by Unicode character \u25A1 in text object [Content].
The character with Unicode value \uC5B4 was not found in the [SourceHanSerifCN-Heavy SDF] font asset or any potential fallbacks. It was replaced by Unicode character \u25A1 in text object [Content].
The character with Unicode value \uC774 was not found in the [SourceHanSerifCN-Heavy SDF] font asset or any potential fallbacks. It was replaced by Unicode character \u25A1 in text object [Content].
The character with Unicode value \uB9C8 was not found in the [SourceHanSerifCN-Heavy SDF] font asset or any potential fallbacks. It was replaced by Unicode character \u25A1 in text object [Content].
The character with Unicode value \uB294 was not found in the [SourceHanSerifCN-Heavy SDF] font asset or any potential fallbacks. It was replaced by Unicode character \u25A1 in text object [Content].
The character with Unicode value \uAD6D was not found in the [SourceHanSerifCN-Heavy SDF] font asset or any potential fallbacks. It was replaced by Unicode character \u25A1 in text object [Content].
The character with Unicode value \uC81C was not found in the [SourceHanSerifCN-Heavy SDF] font asset or any potential fallbacks. It was replaced by Unicode character \u25A1 in text object [Content].
The character with Unicode value \uC801 was not found in the [SourceHanSerifCN-Heavy SDF] font asset or any potential fallbacks. It was replaced by Unicode character \u25A1 in text object [Content].
The character with Unicode value \uC778 was not found in the [SourceHanSerifCN-Heavy SDF] font asset or any potential fallbacks. It was replaced by Unicode character \u25A1 in text object [Content].
The character with Unicode value \uC8FC was not found in the [SourceHanSerifCN-Heavy SDF] font asset or any potential fallbacks. It was replaced by Unicode character \u25A1 in text object [Content].
The character with Unicode value \uBAA9 was not found in the [SourceHanSerifCN-Heavy SDF] font asset or any potential fallbacks. It was replaced by Unicode character \u25A1 in text object [Content].
The character with Unicode value \uC744 was not found in the [SourceHanSerifCN-Heavy SDF] font asset or any potential fallbacks. It was replaced by Unicode character \u25A1 in text object [Content].
The character with Unicode value \uBC1B was not found in the [SourceHanSerifCN-Heavy SDF] font asset or any potential fallbacks. It was replaced by Unicode character \u25A1 in text object [Content].
The character with Unicode value \uACE0 was not found in the [SourceHanSerifCN-Heavy SDF] font asset or any potential fallbacks. It was replaced by Unicode character \u25A1 in text object [Content].
The character with Unicode value \uC788 was not found in the [SourceHanSerifCN-Heavy SDF] font asset or any potential fallbacks. It was replaced by Unicode character \u25A1 in text object [Content].
The character with Unicode value \uC2B5 was not found in the [SourceHanSerifCN-Heavy SDF] font asset or any potential fallbacks. It was replaced by Unicode character \u25A1 in text object [Content].
The character with Unicode value \uB2C8 was not found in the [SourceHanSerifCN-Heavy SDF] font asset or any potential fallbacks. It was replaced by Unicode character \u25A1 in text object [Content].
The character with Unicode value \uB2E4 was not found in the [SourceHanSerifCN-Heavy SDF] font asset or any potential fallbacks. It was replaced by Unicode character \u25A1 in text object [Content].
The character with Unicode value \uCCB4 was not found in the [SourceHanSerifCN-Heavy SDF] font asset or any potential fallbacks. It was replaced by Unicode character \u25A1 in text object [Content].
The character with Unicode value \uACC4 was not found in the [SourceHanSerifCN-Heavy SDF] font asset or any potential fallbacks. It was replaced by Unicode character \u25A1 in text object [Content].
The character with Unicode value \uC801 was not found in the [SourceHanSerifCN-Heavy SDF] font asset or any potential fallbacks. It was replaced by Unicode character \u25A1 in text object [Content].
The character with Unicode value \uC778 was not found in the [SourceHanSerifCN-Heavy SDF] font asset or any potential fallbacks. It was replaced by Unicode character \u25A1 in text object [Content].
The character with Unicode value \uAD00 was not found in the [SourceHanSerifCN-Heavy SDF] font asset or any potential fallbacks. It was replaced by Unicode character \u25A1 in text object [Content].
The character with Unicode value \uB9AC was not found in the [SourceHanSerifCN-Heavy SDF] font asset or any potential fallbacks. It was replaced by Unicode character \u25A1 in text object [Content].
The character with Unicode value \uC2DC was not found in the [SourceHanSerifCN-Heavy SDF] font asset or any potential fallbacks. It was replaced by Unicode character \u25A1 in text object [Content].
The character with Unicode value \uC2A4 was not found in the [SourceHanSerifCN-Heavy SDF] font asset or any potential fallbacks. It was replaced by Unicode character \u25A1 in text object [Content].
The character with Unicode value \uD15C was not found in the [SourceHanSerifCN-Heavy SDF] font asset or any potential fallbacks. It was replaced by Unicode character \u25A1 in text object [Content].
The character with Unicode value \uC744 was not found in the [SourceHanSerifCN-Heavy SDF] font asset or any potential fallbacks. It was replaced by Unicode character \u25A1 in text object [Content].
The character with Unicode value \uAD6C was not found in the [SourceHanSerifCN-Heavy SDF] font asset or any potential fallbacks. It was replaced by Unicode character \u25A1 in text object [Content].
The character with Unicode value \uCD95 was not found in the [SourceHanSerifCN-Heavy SDF] font asset or any potential fallbacks. It was replaced by Unicode character \u25A1 in text object [Content].
The character with Unicode value \uD558 was not found in the [SourceHanSerifCN-Heavy SDF] font asset or any potential fallbacks. It was replaced by Unicode character \u25A1 in text object [Content].
The character with Unicode value \uC5EC was not found in the [SourceHanSerifCN-Heavy SDF] font asset or any potential fallbacks. It was replaced by Unicode character \u25A1 in text object [Content].
The character with Unicode value \uC774 was not found in the [SourceHanSerifCN-Heavy SDF] font asset or any potential fallbacks. It was replaced by Unicode character \u25A1 in text object [Content].
The character with Unicode value \uB9C8 was not found in the [SourceHanSerifCN-Heavy SDF] font asset or any potential fallbacks. It was replaced by Unicode character \u25A1 in text object [Content].
The character with Unicode value \uB97C was not found in the [SourceHanSerifCN-Heavy SDF] font asset or any potential fallbacks. It was replaced by Unicode character \u25A1 in text object [Content].
The character with Unicode value \uD6A8 was not found in the [SourceHanSerifCN-Heavy SDF] font asset or any potential fallbacks. It was replaced by Unicode character \u25A1 in text object [Content].
The character with Unicode value \uC728 was not found in the [SourceHanSerifCN-Heavy SDF] font asset or any potential fallbacks. It was replaced by Unicode character \u25A1 in text object [Content].
The character with Unicode value \uC801 was not found in the [SourceHanSerifCN-Heavy SDF] font asset or any potential fallbacks. It was replaced by Unicode character \u25A1 in text object [Content].
The character with Unicode value \uC73C was not found in the [SourceHanSerifCN-Heavy SDF] font asset or any potential fallbacks. It was replaced by Unicode character \u25A1 in text object [Content].
The character with Unicode value \uB85C was not found in the [SourceHanSerifCN-Heavy SDF] font asset or any potential fallbacks. It was replaced by Unicode character \u25A1 in text object [Content].
The character with Unicode value \uD65C was not found in the [SourceHanSerifCN-Heavy SDF] font asset or any potential fallbacks. It was replaced by Unicode character \u25A1 in text object [Content].
The character with Unicode value \uC6A9 was not found in the [SourceHanSerifCN-Heavy SDF] font asset or any potential fallbacks. It was replaced by Unicode character \u25A1 in text object [Content].
The character with Unicode value \uD558 was not found in the [SourceHanSerifCN-Heavy SDF] font asset or any potential fallbacks. It was replaced by Unicode character \u25A1 in text object [Content].
The character with Unicode value \uACE0 was not found in the [SourceHanSerifCN-Heavy SDF] font asset or any potential fallbacks. It was replaced by Unicode character \u25A1 in text object [Content].
The character with Unicode value \uC788 was not found in the [SourceHanSerifCN-Heavy SDF] font asset or any potential fallbacks. It was replaced by Unicode character \u25A1 in text object [Content].
The character with Unicode value \uC2B5 was not found in the [SourceHanSerifCN-Heavy SDF] font asset or any potential fallbacks. It was replaced by Unicode character \u25A1 in text object [Content].
The character with Unicode value \uB2C8 was not found in the [SourceHanSerifCN-Heavy SDF] font asset or any potential fallbacks. It was replaced by Unicode character \u25A1 in text object [Content].
The character with Unicode value \uB2E4 was not found in the [SourceHanSerifCN-Heavy SDF] font asset or any potential fallbacks. It was replaced by Unicode character \u25A1 in text object [Content].
执行--《灰
[Info   :  WCP Host] WcpHost: 长帧 162ms — mod 本帧占用 0.0ms（0.0%） GC本帧=0:0 1:0 2:0 本帧 Top=无 mod 操作
testerxxxxxxxxx启动SyncHaveLearnedDictionaryThis
【tester**】---》无暂时的已学词
[Info   :  WCP Host] WcpHost: 性能哨兵 fps=15.4 帧=154 最差帧=1066ms 卡顿帧(>=50ms)=80 窗口=10.0s | mod 主线程占用=69.2ms/窗口，长帧=6 次 | GC窗口=0:13 1:13 2:13 堆=-1MB | 快路径命中=内存词表指纹 9/9 ; 槽位词表指纹 9/9 | 窗口 Top（累计）=运行态:Tick x9=38.4ms(单次10.7ms) ; 身份:托管登记 x9=20.1ms(单次2.8ms) ; 运行态:例句按钮 x9=15.6ms(单次7.8ms) ; 运行态:队列校正 x9=14.8ms(单次2.3ms) ; 队列:授权集 x9=12.4ms(单次2.0ms) ; 身份:Evaluate x9=10.8ms(单次2.4ms) ; 运行态:书名扫描 x9=7.9ms(单次2.1ms) ; 身份:读落盘书名 x9=5.2ms(单次1.6ms) ; ES3:落盘书名 x3=3.9ms(单次1.5ms) ; 队列:规则 x9=2.1ms(单次0.4ms) ; 身份:匹配内存词表 x9=2.0ms(单次0.3ms) ; 身份:读槽位词表 x9=1.4ms(单次0.3ms) ; …共19个标签
Unloading 5 Unused Serialized files (Serialized files now loaded: 1)
UnloadTime: 173.924600 ms
Unloading 461 unused Assets to reduce memory usage. Loaded Objects now: 6438.
Total: 40.515700 ms (FindLiveObjects: 0.629800 ms CreateObjectMapping: 0.298200 ms MarkObjects: 37.072100 ms  DeleteObjects: 2.514800 ms)

[Info   :  WCP Host] WcpHost: 长帧 265ms — mod 本帧占用 0.0ms（0.0%） GC本帧=0:0 1:0 2:0 本帧 Top=无 mod 操作
[Info   :  WCP Host] WcpHost: 长帧 247ms — mod 本帧占用 0.0ms（0.0%） GC本帧=0:0 1:0 2:0 本帧 Top=无 mod 操作
Unloading 6 Unused Serialized files (Serialized files now loaded: 1)
UnloadTime: 0.779600 ms
SALSA-manager-Girl1 [CrazyMinnow.SALSA.Emoter] configuration is not complete. STOP runtime, RESOLVE configuration, and PLAY again. If this is a runtime configuration, this message can be ignored.
string[]文件找到！！！！
string[]文件找到！！！！
string[]文件找到！！！！
string[]文件找到！！！！
[testerCCC]-->CompleteIf_DailyStudy--->False OpenIf_ExtraStudy-->False CompleteIf_ExtraStudy-->False
[testerAA]-->StartSettingSR_Label--->【不能】额外学习
string[]文件找到！！！！
bookNum---》7330
testerxx当前达到的解锁等级——>1
 BookObj[i]--->0   
 BookObj[i]--->1   
testerxxline基础长度——>240
testerxxline长度——>322
MyParameters.HaveLearnedDictionary.Count--->842
MyParameters.tem_ChosenBook自定义词书一
string[]文件找到！！！！
[Info   :WCP Custom Slots] CustomSlots: postfix num=20; plugin=ok; 程序化=是(忽略); 自定义页=是; 栈=CustomCategoryPatch.DescribeStack < CustomCategoryPatch.Postfix < WordChooseButtonS10.DMD<WordChooseButtonS10::OnBookButtonClicked> < WordChooseButtonS10.Initialize < WordChooseButtonS10.Start
我的女友是：无
testerxxxxxxxxx启动LoadHaveLearnedDictionary
Unloading 31 unused Assets to reduce memory usage. Loaded Objects now: 23369.
Total: 36.288900 ms (FindLiveObjects: 3.111900 ms CreateObjectMapping: 1.481500 ms MarkObjects: 31.549200 ms  DeleteObjects: 0.145800 ms)

[Info   :WCP Book Name] BookName: 自定义词书二（法语词库(猫条版)) -> 法语词库(猫条版)
[Info   :WCP Book Name] BookName: 自定义词书三（俄语词库(猫条版)) -> 俄语词库(猫条版)
[Info   :WCP Book Name] BookName: 自定义词书四（德语词库(猫条版)) -> 德语词库(猫条版)
[Info   :  WCP Host] WcpHost: 长帧 5012ms — mod 本帧占用 12.2ms（0.2%） GC本帧=0:1 1:1 2:1 本帧 Top=运行态:Tick x1=10.7ms(单次10.7ms) ; 运行态:队列校正 x1=10.7ms(单次10.7ms) ; 队列:授权集 x1=10.4ms(单次10.4ms) ; 身份:托管登记 x1=1.3ms(单次1.3ms) ; 身份:Evaluate x1=0.3ms(单次0.3ms) ; 队列:规则 x1=0.2ms(单次0.2ms) ; 身份:读槽位词表 x1=0.1ms(单次0.1ms) ; 身份:读落盘书名 x1=0.1ms(单次0.1ms) ; 身份:槽位归属 x1=0.0ms(单次0.0ms) ; 身份:匹配槽位词表 x1=0.0ms(单次0.0ms) ; 身份:匹配内存词表 x1=0.0ms(单次0.0ms) ; 身份:读内存词表 x1=0.0ms(单次0.0ms) ; …共18个标签
[Info   :  WCP Host] WcpHost: 长帧 377ms — mod 本帧占用 0.0ms（0.0%） GC本帧=0:0 1:0 2:0 本帧 Top=无 mod 操作
[Info   :  WCP Host] WcpHost: 性能哨兵 fps=9.2 帧=92 最差帧=5012ms 卡顿帧(>=50ms)=30 窗口=10.0s | mod 主线程占用=51.5ms/窗口，长帧=4 次 | GC窗口=0:12 1:12 2:12 堆=+4MB | 快路径命中=内存词表指纹 7/8 ; 槽位词表指纹 8/8 | 窗口 Top（累计）=运行态:Tick x6=22.8ms(单次10.7ms) ; 队列:授权集 x8=19.4ms(单次10.4ms) ; 运行态:队列校正 x6=19.0ms(单次10.7ms) ; 场景:强制校正 x2=12.7ms(单次10.5ms) ; 身份:托管登记 x6=12.1ms(单次3.7ms) ; 身份:匹配内存词表 x8=10.1ms(单次8.9ms) ; 身份:Evaluate x6=3.9ms(单次1.2ms) ; 运行态:例句按钮 x6=3.3ms(单次1.8ms) ; 运行态:场景校正 x2=2.6ms(单次1.4ms) ; 队列:规则 x8=2.0ms(单次0.4ms) ; 身份:读槽位词表 x8=1.1ms(单次0.3ms) ; 身份:读落盘书名 x8=1.0ms(单次0.2ms) ; …共20个标签
[Info   :  WCP Host] WcpHost: 长帧 226ms — mod 本帧占用 0.0ms（0.0%） GC本帧=0:0 1:0 2:0 本帧 Top=无 mod 操作
要解锁成就啦！
Achievement [NEW_ACHIEVEMENT_3_67] unlocked
MyParameters.tem_ChosenBook自定义词书一
string[]文件找到！！！！
[Info   :WCP Custom Slots] CustomSlots: postfix num=20; plugin=ok; 程序化=是(忽略); 自定义页=是; 栈=CustomCategoryPatch.DescribeStack < CustomCategoryPatch.Postfix < WordChooseButtonS10.DMD<WordChooseButtonS10::OnBookButtonClicked> < WordChooseButtonS10.Initialize < InvokableCall.Invoke < UnityEvent.Invoke < Button.Press < Button.OnPointerClick
[Info   :  WCP Host] WcpHost: 长帧 388ms — mod 本帧占用 0.0ms（0.0%） GC本帧=0:0 1:0 2:0 本帧 Top=无 mod 操作
[Info   :WCP Custom Slots] CustomSlots: native page dumped (auto) -> C:\Users\hanserdesu\AppData\LocalLow\WCP\wcp_diag\WcpSlotsDiag.txt (264 lines)
[Info   :WCP Custom Slots] CustomSlots: 轮询 → 进入自定义页，显示面板
[Info   :WCP Custom Slots] CustomSlots: Show → 新建覆盖层; canvas=CanvasSetting1; sortingOrder=1022
[Info   :WCP Custom Slots] CustomSlots: 原生字体 = SourceHanSerifCN-Heavy
[Info   :WCP Custom Slots] CustomSlots: 路线A 原生外观 → 行 sprite=UISprite; 滚动条 handle=xuqiu10_frame_latiao_2; 面板底=隐藏
[Info   :WCP Custom Slots] CustomSlots: 从 WordChooseButtonS10.Son_spriteChosen 获取到原生选中底图: XQ56_button_list_long_choose
[Info   :WCP Book Name] BookName: 自定义词书二（法语词库(猫条版)) -> 法语词库(猫条版)
[Info   :WCP Book Name] BookName: 自定义词书三（俄语词库(猫条版)) -> 俄语词库(猫条版)
[Info   :WCP Book Name] BookName: 自定义词书四（德语词库(猫条版)) -> 德语词库(猫条版)
[Info   :  WCP Host] WcpHost: 长帧 317ms — mod 本帧占用 0.0ms（0.0%） GC本帧=0:0 1:0 2:0 本帧 Top=无 mod 操作
[Info   :  WCP Host] WcpHost: 性能哨兵 fps=13.1 帧=132 最差帧=388ms 卡顿帧(>=50ms)=114 窗口=10.1s | mod 主线程占用=54.4ms/窗口，长帧=3 次 | GC窗口=0:2 1:2 2:2 堆=+0MB | 快路径命中=内存词表指纹 9/9 ; 槽位词表指纹 9/9 | 窗口 Top（累计）=运行态:Tick x9=34.2ms(单次7.3ms) ; 身份:托管登记 x9=16.0ms(单次2.1ms) ; 运行态:队列校正 x9=12.2ms(单次1.6ms) ; 运行态:例句按钮 x9=11.6ms(单次3.0ms) ; 运行态:书名扫描 x9=10.4ms(单次2.6ms) ; 队列:授权集 x9=10.2ms(单次1.4ms) ; 身份:Evaluate x9=4.2ms(单次0.7ms) ; 队列:规则 x9=1.8ms(单次0.3ms) ; 身份:匹配内存词表 x9=1.1ms(单次0.2ms) ; 身份:读落盘书名 x9=0.8ms(单次0.1ms) ; 身份:槽位归属 x9=0.7ms(单次0.1ms) ; 身份:读槽位词表 x9=0.7ms(单次0.1ms) ; …共18个标签
[Info   :  WCP Host] WcpHost: 长帧 430ms — mod 本帧占用 0.0ms（0.0%） GC本帧=0:0 1:0 2:0 本帧 Top=无 mod 操作
[Info   :  WCP Host] WcpHost: 长帧 203ms — mod 本帧占用 0.0ms（0.0%） GC本帧=0:0 1:0 2:0 本帧 Top=无 mod 操作
[Info   :  WCP Host] WcpHost: 长帧 162ms — mod 本帧占用 0.0ms（0.0%） GC本帧=0:0 1:0 2:0 本帧 Top=无 mod 操作
[Info   :  WCP Host] WcpHost: 长帧 207ms — mod 本帧占用 0.0ms（0.0%） GC本帧=0:0 1:0 2:0 本帧 Top=无 mod 操作
[Info   :  WCP Host] WcpHost: 长帧 242ms — mod 本帧占用 0.0ms（0.0%） GC本帧=0:0 1:0 2:0 本帧 Top=无 mod 操作
[Info   :  WCP Host] WcpHost: 性能哨兵 fps=13.6 帧=136 最差帧=430ms 卡顿帧(>=50ms)=123 窗口=10.0s | mod 主线程占用=56.8ms/窗口，长帧=5 次 | GC窗口=0:0 1:0 2:0 堆=+4MB | 快路径命中=内存词表指纹 10/10 ; 槽位词表指纹 10/10 | 窗口 Top（累计）=运行态:Tick x10=31.7ms(单次5.6ms) ; 身份:托管登记 x10=18.5ms(单次3.1ms) ; 运行态:例句按钮 x10=14.7ms(单次3.8ms) ; 运行态:队列校正 x10=14.7ms(单次2.1ms) ; 队列:授权集 x10=12.5ms(单次1.8ms) ; 身份:Evaluate x10=6.6ms(单次1.1ms) ; 身份:匹配内存词表 x10=2.3ms(单次0.3ms) ; 运行态:书名扫描 x10=2.3ms(单次1.4ms) ; 队列:规则 x10=1.9ms(单次0.3ms) ; 身份:读落盘书名 x10=1.4ms(单次0.4ms) ; 身份:读槽位词表 x10=0.9ms(单次0.2ms) ; 身份:槽位归属 x10=0.8ms(单次0.1ms) ; …共18个标签
[Info   :  WCP Host] WcpHost: 长帧 161ms — mod 本帧占用 0.0ms（0.0%） GC本帧=0:0 1:0 2:0 本帧 Top=无 mod 操作
[Info   :  WCP Host] WcpHost: 长帧 159ms — mod 本帧占用 0.0ms（0.0%） GC本帧=0:0 1:0 2:0 本帧 Top=无 mod 操作
[Info   :  WCP Host] WcpHost: 长帧 177ms — mod 本帧占用 0.0ms（0.0%） GC本帧=0:0 1:0 2:0 本帧 Top=无 mod 操作
[Info   :  WCP Host] WcpHost: 性能哨兵 fps=13.9 帧=139 最差帧=177ms 卡顿帧(>=50ms)=113 窗口=10.0s | mod 主线程占用=53.8ms/窗口，长帧=3 次 | GC窗口=0:1 1:1 2:1 堆=-4MB | 快路径命中=内存词表指纹 9/9 ; 槽位词表指纹 9/9 | 窗口 Top（累计）=运行态:Tick x9=29.5ms(单次6.5ms) ; 身份:托管登记 x9=19.8ms(单次2.8ms) ; 运行态:队列校正 x9=15.6ms(单次4.4ms) ; 队列:授权集 x9=13.6ms(单次4.2ms) ; 运行态:例句按钮 x9=9.1ms(单次3.1ms) ; 运行态:书名扫描 x9=4.8ms(单次3.0ms) ; 身份:Evaluate x9=4.5ms(单次0.6ms) ; 队列:规则 x9=1.8ms(单次0.3ms) ; 身份:匹配内存词表 x9=1.4ms(单次0.3ms) ; 身份:读落盘书名 x9=0.9ms(单次0.1ms) ; 身份:槽位归属 x9=0.7ms(单次0.1ms) ; 身份:读槽位词表 x9=0.7ms(单次0.1ms) ; …共18个标签
[Info   :  WCP Host] WcpHost: 长帧 173ms — mod 本帧占用 0.0ms（0.0%） GC本帧=0:0 1:0 2:0 本帧 Top=无 mod 操作
[Info   :  WCP Host] WcpHost: 性能哨兵 fps=14.4 帧=145 最差帧=173ms 卡顿帧(>=50ms)=140 窗口=10.0s | mod 主线程占用=53.5ms/窗口，长帧=1 次 | GC窗口=0:0 1:0 2:0 堆=+3MB | 快路径命中=内存词表指纹 10/10 ; 槽位词表指纹 10/10 | 窗口 Top（累计）=运行态:Tick x10=30.1ms(单次5.4ms) ; 身份:托管登记 x10=17.9ms(单次2.7ms) ; 运行态:队列校正 x10=13.9ms(单次2.2ms) ; 运行态:例句按钮 x10=13.7ms(单次4.1ms) ; 队列:授权集 x10=11.8ms(单次2.0ms) ; 身份:Evaluate x10=5.5ms(单次0.9ms) ; 运行态:书名扫描 x10=2.4ms(单次1.4ms) ; 队列:规则 x10=1.9ms(单次0.2ms) ; 身份:匹配内存词表 x10=1.9ms(单次0.3ms) ; 身份:读落盘书名 x10=1.1ms(单次0.1ms) ; 身份:读槽位词表 x10=0.8ms(单次0.1ms) ; 身份:槽位归属 x10=0.7ms(单次0.1ms) ; …共18个标签
[Info   :  WCP Host] WcpHost: 长帧 385ms — mod 本帧占用 0.0ms（0.0%） GC本帧=0:0 1:0 2:0 本帧 Top=无 mod 操作
[Info   :  WCP Host] WcpHost: 长帧 238ms — mod 本帧占用 0.0ms（0.0%） GC本帧=0:1 1:1 2:1 本帧 Top=无 mod 操作
[Info   :  WCP Host] WcpHost: 长帧 283ms — mod 本帧占用 0.0ms（0.0%） GC本帧=0:0 1:0 2:0 本帧 Top=无 mod 操作
[Info   :  WCP Host] WcpHost: 性能哨兵 fps=14.4 帧=145 最差帧=385ms 卡顿帧(>=50ms)=138 窗口=10.1s | mod 主线程占用=56.0ms/窗口，长帧=3 次 | GC窗口=0:1 1:1 2:1 堆=-6MB | 快路径命中=内存词表指纹 10/10 ; 槽位词表指纹 10/10 | 窗口 Top（累计）=运行态:Tick x10=33.6ms(单次6.3ms) ; 身份:托管登记 x10=17.7ms(单次2.1ms) ; 运行态:队列校正 x10=17.2ms(单次4.2ms) ; 队列:授权集 x10=14.9ms(单次4.0ms) ; 运行态:例句按钮 x10=11.3ms(单次3.1ms) ; 运行态:书名扫描 x10=4.9ms(单次3.9ms) ; 身份:Evaluate x10=4.7ms(单次0.8ms) ; 队列:规则 x10=2.1ms(单次0.3ms) ; 身份:匹配内存词表 x10=1.5ms(单次0.4ms) ; 身份:读落盘书名 x10=1.0ms(单次0.1ms) ; 身份:读槽位词表 x10=0.7ms(单次0.1ms) ; 身份:槽位归属 x10=0.7ms(单次0.1ms) ; …共18个标签
[Info   :  WCP Host] WcpHost: 长帧 165ms — mod 本帧占用 0.0ms（0.0%） GC本帧=0:0 1:0 2:0 本帧 Top=无 mod 操作
[Info   :  WCP Host] WcpHost: 长帧 159ms — mod 本帧占用 0.0ms（0.0%） GC本帧=0:0 1:0 2:0 本帧 Top=无 mod 操作
[Info   :  WCP Host] WcpHost: 长帧 175ms — mod 本帧占用 0.0ms（0.0%） GC本帧=0:0 1:0 2:0 本帧 Top=无 mod 操作
[Info   :  WCP Host] WcpHost: 性能哨兵 fps=13.6 帧=136 最差帧=175ms 卡顿帧(>=50ms)=120 窗口=10.0s | mod 主线程占用=61.9ms/窗口，长帧=3 次 | GC窗口=0:0 1:0 2:0 堆=+3MB | 快路径命中=内存词表指纹 9/9 ; 槽位词表指纹 9/9 | 窗口 Top（累计）=运行态:Tick x9=36.9ms(单次7.0ms) ; 身份:托管登记 x9=18.9ms(单次2.9ms) ; 运行态:例句按钮 x9=17.6ms(单次5.2ms) ; 运行态:队列校正 x9=15.7ms(单次2.4ms) ; 队列:授权集 x9=13.1ms(单次2.1ms) ; 身份:Evaluate x9=6.1ms(单次1.0ms) ; 运行态:书名扫描 x9=3.7ms(单次2.2ms) ; 队列:规则 x9=2.3ms(单次0.3ms) ; 身份:匹配内存词表 x9=1.9ms(单次0.3ms) ; 身份:读落盘书名 x9=1.3ms(单次0.3ms) ; 身份:读槽位词表 x9=1.0ms(单次0.2ms) ; 身份:槽位归属 x9=0.9ms(单次0.2ms) ; …共18个标签
[Info   :  WCP Host] WcpHost: 长帧 190ms — mod 本帧占用 0.0ms（0.0%） GC本帧=0:0 1:0 2:0 本帧 Top=无 mod 操作
[Info   :  WCP Host] WcpHost: 性能哨兵 fps=14.1 帧=142 最差帧=190ms 卡顿帧(>=50ms)=134 窗口=10.1s | mod 主线程占用=52.1ms/窗口，长帧=1 次 | GC窗口=0:0 1:0 2:0 堆=+4MB | 快路径命中=内存词表指纹 10/10 ; 槽位词表指纹 10/10 | 窗口 Top（累计）=运行态:Tick x10=30.4ms(单次6.0ms) ; 身份:托管登记 x10=16.7ms(单次2.3ms) ; 运行态:队列校正 x10=14.4ms(单次2.2ms) ; 运行态:例句按钮 x10=12.5ms(单次3.2ms) ; 队列:授权集 x10=12.3ms(单次1.9ms) ; 身份:Evaluate x10=5.0ms(单次0.7ms) ; 运行态:书名扫描 x10=3.5ms(单次2.2ms) ; 队列:规则 x10=2.0ms(单次0.3ms) ; 身份:匹配内存词表 x10=1.9ms(单次0.3ms) ; 身份:读落盘书名 x10=1.0ms(单次0.1ms) ; 身份:读槽位词表 x10=0.6ms(单次0.1ms) ; 身份:槽位归属 x10=0.6ms(单次0.1ms) ; …共18个标签
[Info   :WCP Custom Slots] CustomSlots: 物化自检 → 页框 1; 落盘文件存在; 回读词数=8451（写入 8451）; 一致=是; ChosenBook_Para=自定义词书一
[Info   :WCP Custom Slots] CustomSlots: store saved; bytes=955416; filledRows=13; selected=2
[Info   :WCP Custom Slots] CustomSlots: 逻辑槽位 2 -> 物理页框 1 (mod); 指纹=8451|абонентабортабсолютно|ящикёлка
[Info   :  WCP Host] WcpHost: 接管语言包 ru / catbar-russian-cefr-complete
[Info   :  WCP Host] WcpHost: 单词音频兼容层安排（ru → C:\Users\hanserdesu\AppData\LocalLow\WCP\vocabulary，后台线程执行，不占帧）
[Info   :  WCP Host] WcpHost: 已激活 · ru / catbar-russian-cefr-complete（8451 词，槽 1，策略已载入）
[Info   :  WCP Host] WcpHost: 长帧 1044ms — mod 本帧占用 268.8ms（25.7%） GC本帧=0:2 1:2 2:2 本帧 Top=身份:Evaluate x1=216.8ms(单次216.8ms) ; 身份:装载 x1=124.4ms(单次124.4ms) ; 装载:离开 x1=110.0ms(单次110.0ms) ; 身份:槽位归属 x1=72.3ms(单次72.3ms) ; 槽位归属:重解析 x1=72.1ms(单次72.1ms) ; 运行态:Tick x1=49.7ms(单次49.7ms) ; 运行态:队列校正 x1=29.9ms(单次29.9ms) ; 队列:规则 x1=24.4ms(单次24.4ms) ; 运行态:书名扫描 x1=16.7ms(单次16.7ms) ; 身份:接管语言包 x1=12.8ms(单次12.8ms) ; 装载:范围进入 x1=12.8ms(单次12.8ms) ; 身份:匹配槽位词表 x1=7.6ms(单次7.6ms) ; …共28个标签
[Info   :  WCP Host] WcpHost: 长帧 410ms — mod 本帧占用 213.2ms（51.9%） GC本帧=0:3 1:3 2:3 本帧 Top=ES3:批量写(装载) x1=110.4ms(单次110.4ms) ; ES3:批量写(提交) x1=102.6ms(单次102.6ms) ; 还原:分帧 x1=0.2ms(单次0.2ms)
[Info   :WCP Custom Slots] CustomSlots: 物化自检 → 页框 1; 落盘文件存在; 回读词数=8116（写入 8116）; 一致=是; ChosenBook_Para=自定义词书一
[Info   :WCP Custom Slots] CustomSlots: store saved; bytes=955416; filledRows=13; selected=3
[Info   :WCP Custom Slots] CustomSlots: 逻辑槽位 3 -> 物理页框 1 (mod); 指纹=8116|abaisserabandonabandonner|îleôter
[Info   :WCP Book Name] BookName: 自定义词书一（法语词库(猫条版)） -> 法语词库(猫条版)
[Info   :WCP Book Name] BookName: 自定义词书一（法语词库(猫条版)） -> 法语词库(猫条版)
[Info   :  WCP Host] WcpHost: 接管语言包 fr / catbar-french-cefr-complete
[Info   :  WCP Host] WcpHost: 已激活 · fr / catbar-french-cefr-complete（8116 词，槽 1，策略已载入）
[Info   :  WCP Host] WcpHost: 长帧 1251ms — mod 本帧占用 268.9ms（21.5%） GC本帧=0:3 1:3 2:3 本帧 Top=身份:Evaluate x1=246.9ms(单次246.9ms) ; 身份:装载 x1=137.9ms(单次137.9ms) ; 身份:接管语言包 x1=130.9ms(单次130.9ms) ; 装载:范围进入 x1=130.9ms(单次130.9ms) ; 身份:槽位归属 x1=81.6ms(单次81.6ms) ; 槽位归属:重解析 x1=81.4ms(单次81.4ms) ; 运行态:Tick x1=19.4ms(单次19.4ms) ; 运行态:队列校正 x1=17.3ms(单次17.3ms) ; 队列:授权集 x1=11.1ms(单次11.1ms) ; 身份:读槽位词表 x1=10.1ms(单次10.1ms) ; ES3:槽位词表 x1=10.0ms(单次10.0ms) ; 身份:匹配槽位词表 x1=9.1ms(单次9.1ms) ; …共28个标签
[Info   :  WCP Host] WcpHost: 单词音频兼容层完成（后台线程）：pack=catbar-russian-cefr-complete 复制=0 已存在=8451 忽略(保留设备名)=0 失败=0 源=8451 目标库=69918（已记录，后续会话跳过）
[Info   :  WCP Host] WcpHost: 镜像耗时（后台线程）pack=catbar-russian-cefr-complete 源枚举=22ms 目标枚举=304ms 比对=11ms 复制=0ms
[Info   :  WCP Host] WcpHost: 长帧 315ms — mod 本帧占用 166.8ms（53.0%） GC本帧=0:3 1:3 2:3 本帧 Top=ES3:批量写(装载) x1=110.6ms(单次110.6ms) ; ES3:批量写(提交) x1=56.1ms(单次56.1ms) ; 还原:分帧 x1=0.1ms(单次0.1ms)
[Info   :WCP Custom Slots] CustomSlots: 物化自检 → 页框 1; 落盘文件存在; 回读词数=8062（写入 8062）; 一致=是; ChosenBook_Para=自定义词书一
[Info   :WCP Custom Slots] CustomSlots: store saved; bytes=955416; filledRows=13; selected=4
[Info   :WCP Custom Slots] CustomSlots: 逻辑槽位 4 -> 物理页框 1 (mod); 指纹=8062|AasAbbiegenAbbild|übrigübrigens
[Info   :  WCP Host] WcpHost: 接管语言包 de / catbar-german-complete
[Info   :  WCP Host] WcpHost: 单词音频兼容层安排（de → C:\Users\hanserdesu\AppData\LocalLow\WCP\vocabulary，后台线程执行，不占帧）
[Info   :  WCP Host] WcpHost: 已激活 · de / catbar-german-complete（8062 词，槽 1，策略已载入）
[Info   :  WCP Host] WcpHost: 长帧 1059ms — mod 本帧占用 226.7ms（21.4%） GC本帧=0:3 1:3 2:3 本帧 Top=身份:Evaluate x1=211.1ms(单次211.1ms) ; 身份:装载 x1=141.2ms(单次141.2ms) ; 身份:接管语言包 x1=112.1ms(单次112.1ms) ; 装载:范围进入 x1=112.1ms(单次112.1ms) ; 身份:槽位归属 x1=54.1ms(单次54.1ms) ; 槽位归属:重解析 x1=54.0ms(单次54.0ms) ; 装载:离开 x1=29.0ms(单次29.0ms) ; 运行态:Tick x1=14.6ms(单次14.6ms) ; 身份:读槽位词表 x1=6.0ms(单次6.0ms) ; ES3:槽位词表 x1=5.8ms(单次5.8ms) ; 运行态:书名扫描 x1=5.7ms(单次5.7ms) ; 运行态:队列校正 x1=5.5ms(单次5.5ms) ; …共28个标签
[Info   :  WCP Host] WcpHost: 长帧 353ms — mod 本帧占用 187.5ms（53.2%） GC本帧=0:3 1:3 2:3 本帧 Top=ES3:批量写(装载) x1=142.8ms(单次142.8ms) ; ES3:批量写(提交) x1=44.7ms(单次44.7ms)
[Info   :  WCP Host] WcpHost: 长帧 174ms — mod 本帧占用 0.0ms（0.0%） GC本帧=0:0 1:0 2:0 本帧 Top=无 mod 操作
[Info   :WCP Custom Slots] CustomSlots: 物化自检 → 页框 1; 落盘文件存在; 回读词数=7330（写入 7330）; 一致=是; ChosenBook_Para=自定义词书一
[Info   :WCP Custom Slots] CustomSlots: store saved; bytes=955416; filledRows=13; selected=6
[Info   :WCP Custom Slots] CustomSlots: 逻辑槽位 6 -> 物理页框 1 (mod); 指纹=7330|가게가격표가고 있어요|힙하다힙합
[Info   :  WCP Host] WcpHost: 接管语言包 ko / catbar-ko-complete
[Info   :  WCP Host] WcpHost: 已激活 · ko / catbar-ko-complete（7330 词，槽 1，策略已载入）
[Info   :  WCP Host] WcpHost: 长帧 1235ms — mod 本帧占用 372.5ms（30.1%） GC本帧=0:3 1:3 2:3 本帧 Top=身份:Evaluate x1=345.3ms(单次345.3ms) ; 身份:装载 x1=218.0ms(单次218.0ms) ; 身份:接管语言包 x1=164.4ms(单次164.4ms) ; 装载:范围进入 x1=164.4ms(单次164.4ms) ; 身份:槽位归属 x1=76.7ms(单次76.7ms) ; 槽位归属:重解析 x1=76.6ms(单次76.6ms) ; 装载:离开 x1=53.4ms(单次53.4ms) ; 身份:匹配内存词表 x1=36.3ms(单次36.3ms) ; 运行态:Tick x1=25.2ms(单次25.2ms) ; 运行态:书名扫描 x1=15.0ms(单次15.0ms) ; 运行态:队列校正 x1=9.7ms(单次9.7ms) ; 身份:匹配槽位词表 x1=8.6ms(单次8.6ms) ; …共28个标签
[Info   :  WCP Host] WcpHost: 性能哨兵 fps=6.5 帧=66 最差帧=1251ms 卡顿帧(>=50ms)=64 窗口=10.2s | mod 主线程占用=1733.8ms/窗口，长帧=8 次 | GC窗口=0:69 1:69 2:69 堆=+19MB | 快路径命中=内存词表指纹 4/8 ; 槽位词表指纹 4/8 | 窗口 Top（累计）=身份:Evaluate x8=1023.8ms(单次345.3ms) ; 身份:装载 x8=621.4ms(单次218.0ms) ; 身份:接管语言包 x4=420.3ms(单次164.4ms) ; 装载:范围进入 x4=420.3ms(单次164.4ms) ; ES3:批量写(装载) x3=363.8ms(单次142.8ms) ; 身份:槽位归属 x8=285.0ms(单次81.6ms) ; 槽位归属:重解析 x4=284.2ms(单次81.4ms) ; ES3:批量写(提交) x3=203.4ms(单次102.6ms) ; 装载:离开 x4=199.2ms(单次110.0ms) ; 运行态:Tick x8=126.6ms(单次49.7ms) ; 运行态:队列校正 x8=69.1ms(单次29.9ms) ; 身份:匹配内存词表 x8=53.2ms(单次36.3ms) ; …共31个标签
[Info   :  WCP Host] WcpHost: 长帧 323ms — mod 本帧占用 274.3ms（84.8%） GC本帧=0:3 1:3 2:3 本帧 Top=ES3:批量写(装载) x1=209.7ms(单次209.7ms) ; ES3:批量写(提交) x1=64.6ms(单次64.6ms) ; 还原:分帧 x1=0.1ms(单次0.1ms)
[Info   :  WCP Host] WcpHost: 单词音频兼容层完成（后台线程）：pack=catbar-german-complete 复制=410 已存在=7648 忽略(保留设备名)=0 失败=0 源=8058 目标库=69918（已记录，后续会话跳过）
[Info   :  WCP Host] WcpHost: 镜像耗时（后台线程）pack=catbar-german-complete 源枚举=102ms 目标枚举=275ms 比对=41ms 复制=1128ms
[Info   :WCP Custom Slots] CustomSlots: 轮询 → 选书窗不可见，隐藏面板
[Info   :WCP Custom Slots] CustomSlots: Hide → 关闭覆盖层
testerBB------->WordPriority_Para----->收藏的单词 > 本书单词  MyParameters.dailyLearnNum_Para--->100
[testerCCC]-->CompleteIf_DailyStudy--->False OpenIf_ExtraStudy-->False CompleteIf_ExtraStudy-->False
[testerAA]-->StartSettingSR_Label--->【不能】额外学习
string[]文件找到！！！！
bookNum---》7330
testerxx当前达到的解锁等级——>1
 BookObj[i]--->0   
 BookObj[i]--->1   
testerxxline基础长度——>240
testerxxline长度——>322
MyParameters.HaveLearnedDictionary.Count--->842
[testerCCC]-->CompleteIf_DailyStudy--->False OpenIf_ExtraStudy-->False CompleteIf_ExtraStudy-->False
[testerAA]-->StartSettingSR_Label--->【不能】额外学习
string[]文件找到！！！！
bookNum---》7330
testerxx当前达到的解锁等级——>1
 BookObj[i]--->0   
 BookObj[i]--->1   
testerxxline基础长度——>240
testerxxline长度——>322
MyParameters.HaveLearnedDictionary.Count--->842
[Info   :  WCP Host] WcpHost: 长帧 7560ms — mod 本帧占用 3.1ms（0.0%） GC本帧=0:0 1:0 2:0 本帧 Top=身份:托管登记 x1=1.8ms(单次1.8ms) ; 运行态:Tick x1=1.0ms(单次1.0ms) ; 运行态:队列校正 x1=1.0ms(单次1.0ms) ; 队列:授权集 x1=0.9ms(单次0.9ms) ; 身份:Evaluate x1=0.3ms(单次0.3ms) ; 队列:规则 x1=0.1ms(单次0.1ms) ; 身份:匹配槽位词表 x1=0.1ms(单次0.1ms) ; 身份:读落盘书名 x1=0.1ms(单次0.1ms) ; 身份:槽位归属 x1=0.1ms(单次0.1ms) ; 身份:读槽位词表 x1=0.0ms(单次0.0ms) ; 身份:匹配内存词表 x1=0.0ms(单次0.0ms) ; 身份:读内存词表 x1=0.0ms(单次0.0ms) ; …共18个标签
[Info   :  WCP Host] WcpHost: 性能哨兵 fps=3.7 帧=41 最差帧=7560ms 卡顿帧(>=50ms)=40 窗口=11.0s | mod 主线程占用=365.9ms/窗口，长帧=2 次 | GC窗口=0:100 1:100 2:100 堆=-21MB | 快路径命中=内存词表指纹 4/6 ; 槽位词表指纹 6/6 | 窗口 Top（累计）=ES3:批量写(装载) x1=209.7ms(单次209.7ms) ; ES3:批量写(提交) x1=64.6ms(单次64.6ms) ; 场景:强制校正 x2=59.3ms(单次31.5ms) ; 身份:匹配内存词表 x6=53.2ms(单次28.5ms) ; 运行态:Tick x4=19.9ms(单次9.5ms) ; 身份:托管登记 x4=8.6ms(单次2.8ms) ; 运行态:例句按钮 x4=7.7ms(单次5.3ms) ; 队列:授权集 x6=7.4ms(单次1.8ms) ; 运行态:书名扫描 x4=6.8ms(单次2.7ms) ; 运行态:队列校正 x4=5.4ms(单次1.7ms) ; 身份:读落盘书名 x6=4.7ms(单次1.5ms) ; ES3:落盘书名 x3=3.8ms(单次1.4ms) ; …共24个标签
[Info   :  WCP Host] WcpHost: 长帧 1777ms — mod 本帧占用 4.9ms（0.3%） GC本帧=0:0 1:0 2:0 本帧 Top=身份:托管登记 x1=2.1ms(单次2.1ms) ; 运行态:Tick x1=1.6ms(单次1.6ms) ; 运行态:队列校正 x1=1.6ms(单次1.6ms) ; 身份:Evaluate x1=1.3ms(单次1.3ms) ; 队列:授权集 x1=1.2ms(单次1.2ms) ; 身份:读落盘书名 x1=1.0ms(单次1.0ms) ; ES3:落盘书名 x1=0.9ms(单次0.9ms) ; 队列:规则 x1=0.3ms(单次0.3ms) ; 身份:读槽位词表 x1=0.1ms(单次0.1ms) ; 身份:槽位归属 x1=0.1ms(单次0.1ms) ; 身份:匹配槽位词表 x1=0.1ms(单次0.1ms) ; 身份:匹配内存词表 x1=0.0ms(单次0.0ms) ; …共19个标签
Unloading 5 Unused Serialized files (Serialized files now loaded: 1)
SALSA: The controller for ('SALSA-manager-Girl1'::small::component 0) is missing. Ensure you have not deleted it with another script or process.
SALSA: The controller for ('SALSA-manager-Girl1'::medium-small::component 0) is missing. Ensure you have not deleted it with another script or process.
SALSA: The controller for ('SALSA-manager-Girl1'::medium-normal::component 0) is missing. Ensure you have not deleted it with another script or process.
SALSA: The controller for ('SALSA-manager-Girl1'::medium-Large::component 0) is missing. Ensure you have not deleted it with another script or process.
SALSA: The controller for ('SALSA-manager-Girl1'::big::component 0) is missing. Ensure you have not deleted it with another script or process.
SALSA: The controller for ('SALSA-manager-Girl2'::small::component 0) is missing. Ensure you have not deleted it with another script or process.
SALSA: The controller for ('SALSA-manager-Girl2'::medium::component 0) is missing. Ensure you have not deleted it with another script or process.
SALSA: The controller for ('SALSA-manager-Girl2'::big::component 0) is missing. Ensure you have not deleted it with another script or process.
SALSA: The controller for ('SALSA-manager-Girl2'::verybig::component 0) is missing. Ensure you have not deleted it with another script or process.
SALSA: The controller for ('SALSA-manager-Girl2'::huge::component 0) is missing. Ensure you have not deleted it with another script or process.
SALSA: The controller for ('SALSA-manager-Girl3'::medium::component 0) is missing. Ensure you have not deleted it with another script or process.
SALSA: The controller for ('SALSA-manager-Girl3'::medium2::component 0) is missing. Ensure you have not deleted it with another script or process.
SALSA: The controller for ('SALSA-manager-Girl3'::medium3::component 0) is missing. Ensure you have not deleted it with another script or process.
SALSA: The controller for ('SALSA-manager-Girl3'::big::component 0) is missing. Ensure you have not deleted it with another script or process.
SALSA: The controller for ('SALSA-manager-Girl3'::big2::component 0) is missing. Ensure you have not deleted it with another script or process.
SALSA: The controller for ('SALSA-manager-Girl4'::small::component 0) is missing. Ensure you have not deleted it with another script or process.
SALSA: The controller for ('SALSA-manager-Girl4'::medium::component 0) is missing. Ensure you have not deleted it with another script or process.
SALSA: The controller for ('SALSA-manager-Girl4'::big::component 0) is missing. Ensure you have not deleted it with another script or process.
SALSA: The controller for ('SALSA-manager-Girl4'::verybig::component 0) is missing. Ensure you have not deleted it with another script or process.
SALSA: The controller for ('SALSA-manager-Girl4'::viseme 4::component 0) is missing. Ensure you have not deleted it with another script or process.
SALSA: The controller for ('SALSA-manager-Girl5'::small::component 0) is missing. Ensure you have not deleted it with another script or process.
SALSA: The controller for ('SALSA-manager-Girl5'::medium::component 0) is missing. Ensure you have not deleted it with another script or process.
SALSA: The controller for ('SALSA-manager-Girl5'::big::component 0) is missing. Ensure you have not deleted it with another script or process.
SALSA: The controller for ('SALSA-manager-Girl5'::verybig::component 0) is missing. Ensure you have not deleted it with another script or process.
UnloadTime: 24.913800 ms
Unloading 2757 unused Assets to reduce memory usage. Loaded Objects now: 6690.
Total: 43.362100 ms (FindLiveObjects: 0.530900 ms CreateObjectMapping: 0.538200 ms MarkObjects: 35.369400 ms  DeleteObjects: 6.922600 ms)

[Info   :  WCP Host] WcpHost: 长帧 431ms — mod 本帧占用 0.0ms（0.0%） GC本帧=0:0 1:0 2:0 本帧 Top=无 mod 操作
The referenced script on this Behaviour (Game Object 'SaveButton') is missing!
Unloading 9 Unused Serialized files (Serialized files now loaded: 1)
UnloadTime: 0.660500 ms
Vocabulary Path: C:\Users\hanserdesu\AppData\LocalLow\WCP\vocabulary
Vocabulary Path: C:\Users\hanserdesu\AppData\LocalLow\WCP\vocabulary
Vocabulary Path: C:\Users\hanserdesu\AppData\LocalLow\WCP\vocabulary
Vocabulary Path: C:\Users\hanserdesu\AppData\LocalLow\WCP\vocabulary
The character with Unicode value \uC560 was not found in the [LiberationSans SDF] font asset or any potential fallbacks. It was replaced by Unicode character \u25A1 in text object [Text].
The character with Unicode value \uB2C8 was not found in the [LiberationSans SDF] font asset or any potential fallbacks. It was replaced by Unicode character \u25A1 in text object [Text].
The character with Unicode value \uBA54 was not found in the [LiberationSans SDF] font asset or any potential fallbacks. It was replaced by Unicode character \u25A1 in text object [Text].
The character with Unicode value \uC774 was not found in the [LiberationSans SDF] font asset or any potential fallbacks. It was replaced by Unicode character \u25A1 in text object [Text].
The character with Unicode value \uC158 was not found in the [LiberationSans SDF] font asset or any potential fallbacks. It was replaced by Unicode character \u25A1 in text object [Text].
testerZZ--声音begin——》1
testerZZ--声音begin——》1
testerZZ--声音begin——》1
testerZZ--声音begin——》1
MyParameters.TimeChoose_SoundAuto_Reviwe--->揭示时
外接词库----》False
The character with Unicode value \uD55C was not found in the [SourceHanSerifCN-Heavy SDF] font asset or any potential fallbacks. It was replaced by Unicode character \u25A1 in text object [sentenceRead0].
The character with Unicode value \uAD6D was not found in the [SourceHanSerifCN-Heavy SDF] font asset or any potential fallbacks. It was replaced by Unicode character \u25A1 in text object [sentenceRead0].
The character with Unicode value \uC560 was not found in the [SourceHanSerifCN-Heavy SDF] font asset or any potential fallbacks. It was replaced by Unicode character \u25A1 in text object [sentenceRead0].
The character with Unicode value \uB2C8 was not found in the [SourceHanSerifCN-Heavy SDF] font asset or any potential fallbacks. It was replaced by Unicode character \u25A1 in text object [sentenceRead0].
The character with Unicode value \uBA54 was not found in the [SourceHanSerifCN-Heavy SDF] font asset or any potential fallbacks. It was replaced by Unicode character \u25A1 in text object [sentenceRead0].
The character with Unicode value \uC774 was not found in the [SourceHanSerifCN-Heavy SDF] font asset or any potential fallbacks. It was replaced by Unicode character \u25A1 in text object [sentenceRead0].
The character with Unicode value \uC158 was not found in the [SourceHanSerifCN-Heavy SDF] font asset or any potential fallbacks. It was replaced by Unicode character \u25A1 in text object [sentenceRead0].
The character with Unicode value \uC740 was not found in the [SourceHanSerifCN-Heavy SDF] font asset or any potential fallbacks. It was replaced by Unicode character \u25A1 in text object [sentenceRead0].
The character with Unicode value \uC138 was not found in the [SourceHanSerifCN-Heavy SDF] font asset or any potential fallbacks. It was replaced by Unicode character \u25A1 in text object [sentenceRead0].
The character with Unicode value \uACC4 was not found in the [SourceHanSerifCN-Heavy SDF] font asset or any potential fallbacks. It was replaced by Unicode character \u25A1 in text object [sentenceRead0].
The character with Unicode value \uC801 was not found in the [SourceHanSerifCN-Heavy SDF] font asset or any potential fallbacks. It was replaced by Unicode character \u25A1 in text object [sentenceRead0].
The character with Unicode value \uC73C was not found in the [SourceHanSerifCN-Heavy SDF] font asset or any potential fallbacks. It was replaced by Unicode character \u25A1 in text object [sentenceRead0].
The character with Unicode value \uB85C was not found in the [SourceHanSerifCN-Heavy SDF] font asset or any potential fallbacks. It was replaced by Unicode character \u25A1 in text object [sentenceRead0].
The character with Unicode value \uC720 was not found in the [SourceHanSerifCN-Heavy SDF] font asset or any potential fallbacks. It was replaced by Unicode character \u25A1 in text object [sentenceRead0].
The character with Unicode value \uBA85 was not found in the [SourceHanSerifCN-Heavy SDF] font asset or any potential fallbacks. It was replaced by Unicode character \u25A1 in text object [sentenceRead0].
The character with Unicode value \uD569 was not found in the [SourceHanSerifCN-Heavy SDF] font asset or any potential fallbacks. It was replaced by Unicode character \u25A1 in text object [sentenceRead0].
The character with Unicode value \uB2C8 was not found in the [SourceHanSerifCN-Heavy SDF] font asset or any potential fallbacks. It was replaced by Unicode character \u25A1 in text object [sentenceRead0].
The character with Unicode value \uB2E4 was not found in the [SourceHanSerifCN-Heavy SDF] font asset or any potential fallbacks. It was replaced by Unicode character \u25A1 in text object [sentenceRead0].
The character with Unicode value \uC560 was not found in the [SourceHanSerifCN-Heavy SDF] font asset or any potential fallbacks. It was replaced by Unicode character \u25A1 in text object [word (TMP)].
The character with Unicode value \uB2C8 was not found in the [SourceHanSerifCN-Heavy SDF] font asset or any potential fallbacks. It was replaced by Unicode character \u25A1 in text object [word (TMP)].
The character with Unicode value \uBA54 was not found in the [SourceHanSerifCN-Heavy SDF] font asset or any potential fallbacks. It was replaced by Unicode character \u25A1 in text object [word (TMP)].
The character with Unicode value \uC774 was not found in the [SourceHanSerifCN-Heavy SDF] font asset or any potential fallbacks. It was replaced by Unicode character \u25A1 in text object [word (TMP)].
The character with Unicode value \uC158 was not found in the [SourceHanSerifCN-Heavy SDF] font asset or any potential fallbacks. It was replaced by Unicode character \u25A1 in text object [word (TMP)].
The character with Unicode value \uC560 was not found in the [SourceHanSerifCN-Heavy SDF] font asset or any potential fallbacks. It was replaced by Unicode character \u25A1 in text object [sentenceRead2].
The character with Unicode value \uB2C8 was not found in the [SourceHanSerifCN-Heavy SDF] font asset or any potential fallbacks. It was replaced by Unicode character \u25A1 in text object [sentenceRead2].
The character with Unicode value \uBA54 was not found in the [SourceHanSerifCN-Heavy SDF] font asset or any potential fallbacks. It was replaced by Unicode character \u25A1 in text object [sentenceRead2].
The character with Unicode value \uC774 was not found in the [SourceHanSerifCN-Heavy SDF] font asset or any potential fallbacks. It was replaced by Unicode character \u25A1 in text object [sentenceRead2].
The character with Unicode value \uC158 was not found in the [SourceHanSerifCN-Heavy SDF] font asset or any potential fallbacks. It was replaced by Unicode character \u25A1 in text object [sentenceRead2].
The character with Unicode value \uC774 was not found in the [SourceHanSerifCN-Heavy SDF] font asset or any potential fallbacks. It was replaced by Unicode character \u25A1 in text object [sentenceRead2].
The character with Unicode value \uC694 was not found in the [SourceHanSerifCN-Heavy SDF] font asset or any potential fallbacks. It was replaced by Unicode character \u25A1 in text object [sentenceRead2].
The character with Unicode value \uC998 was not found in the [SourceHanSerifCN-Heavy SDF] font asset or any potential fallbacks. It was replaced by Unicode character \u25A1 in text object [sentenceRead2].
The character with Unicode value \uD2B9 was not found in the [SourceHanSerifCN-Heavy SDF] font asset or any potential fallbacks. It was replaced by Unicode character \u25A1 in text object [sentenceRead2].
The character with Unicode value \uD788 was not found in the [SourceHanSerifCN-Heavy SDF] font asset or any potential fallbacks. It was replaced by Unicode character \u25A1 in text object [sentenceRead2].
The character with Unicode value \uC8FC was not found in the [SourceHanSerifCN-Heavy SDF] font asset or any potential fallbacks. It was replaced by Unicode character \u25A1 in text object [sentenceRead2].
The character with Unicode value \uBAA9 was not found in the [SourceHanSerifCN-Heavy SDF] font asset or any potential fallbacks. It was replaced by Unicode character \u25A1 in text object [sentenceRead2].
The character with Unicode value \uBC1B was not found in the [SourceHanSerifCN-Heavy SDF] font asset or any potential fallbacks. It was replaced by Unicode character \u25A1 in text object [sentenceRead2].
The character with Unicode value \uACE0 was not found in the [SourceHanSerifCN-Heavy SDF] font asset or any potential fallbacks. It was replaced by Unicode character \u25A1 in text object [sentenceRead2].
The character with Unicode value \uC788 was not found in the [SourceHanSerifCN-Heavy SDF] font asset or any potential fallbacks. It was replaced by Unicode character \u25A1 in text object [sentenceRead2].
The character with Unicode value \uC2B5 was not found in the [SourceHanSerifCN-Heavy SDF] font asset or any potential fallbacks. It was replaced by Unicode character \u25A1 in text object [sentenceRead2].
The character with Unicode value \uB2C8 was not found in the [SourceHanSerifCN-Heavy SDF] font asset or any potential fallbacks. It was replaced by Unicode character \u25A1 in text object [sentenceRead2].
The character with Unicode value \uB2E4 was not found in the [SourceHanSerifCN-Heavy SDF] font asset or any potential fallbacks. It was replaced by Unicode character \u25A1 in text object [sentenceRead2].
The character with Unicode value \uD55C was not found in the [SourceHanSerifCN-Heavy SDF] font asset or any potential fallbacks. It was replaced by Unicode character \u25A1 in text object [sentence(TMP) (4)].
The character with Unicode value \uAD6D was not found in the [SourceHanSerifCN-Heavy SDF] font asset or any potential fallbacks. It was replaced by Unicode character \u25A1 in text object [sentence(TMP) (4)].
The character with Unicode value \uC560 was not found in the [SourceHanSerifCN-Heavy SDF] font asset or any potential fallbacks. It was replaced by Unicode character \u25A1 in text object [sentence(TMP) (4)].
The character with Unicode value \uB2C8 was not found in the [SourceHanSerifCN-Heavy SDF] font asset or any potential fallbacks. It was replaced by Unicode character \u25A1 in text object [sentence(TMP) (4)].
The character with Unicode value \uBA54 was not found in the [SourceHanSerifCN-Heavy SDF] font asset or any potential fallbacks. It was replaced by Unicode character \u25A1 in text object [sentence(TMP) (4)].
The character with Unicode value \uC774 was not found in the [SourceHanSerifCN-Heavy SDF] font asset or any potential fallbacks. It was replaced by Unicode character \u25A1 in text object [sentence(TMP) (4)].
The character with Unicode value \uC158 was not found in the [SourceHanSerifCN-Heavy SDF] font asset or any potential fallbacks. It was replaced by Unicode character \u25A1 in text object [sentence(TMP) (4)].
The character with Unicode value \uC740 was not found in the [SourceHanSerifCN-Heavy SDF] font asset or any potential fallbacks. It was replaced by Unicode character \u25A1 in text object [sentence(TMP) (4)].
The character with Unicode value \uC138 was not found in the [SourceHanSerifCN-Heavy SDF] font asset or any potential fallbacks. It was replaced by Unicode character \u25A1 in text object [sentence(TMP) (4)].
The character with Unicode value \uACC4 was not found in the [SourceHanSerifCN-Heavy SDF] font asset or any potential fallbacks. It was replaced by Unicode character \u25A1 in text object [sentence(TMP) (4)].
The character with Unicode value \uC801 was not found in the [SourceHanSerifCN-Heavy SDF] font asset or any potential fallbacks. It was replaced by Unicode character \u25A1 in text object [sentence(TMP) (4)].
The character with Unicode value \uC73C was not found in the [SourceHanSerifCN-Heavy SDF] font asset or any potential fallbacks. It was replaced by Unicode character \u25A1 in text object [sentence(TMP) (4)].
The character with Unicode value \uB85C was not found in the [SourceHanSerifCN-Heavy SDF] font asset or any potential fallbacks. It was replaced by Unicode character \u25A1 in text object [sentence(TMP) (4)].
The character with Unicode value \uC720 was not found in the [SourceHanSerifCN-Heavy SDF] font asset or any potential fallbacks. It was replaced by Unicode character \u25A1 in text object [sentence(TMP) (4)].
The character with Unicode value \uBA85 was not found in the [SourceHanSerifCN-Heavy SDF] font asset or any potential fallbacks. It was replaced by Unicode character \u25A1 in text object [sentence(TMP) (4)].
The character with Unicode value \uD569 was not found in the [SourceHanSerifCN-Heavy SDF] font asset or any potential fallbacks. It was replaced by Unicode character \u25A1 in text object [sentence(TMP) (4)].
The character with Unicode value \uB2C8 was not found in the [SourceHanSerifCN-Heavy SDF] font asset or any potential fallbacks. It was replaced by Unicode character \u25A1 in text object [sentence(TMP) (4)].
The character with Unicode value \uB2E4 was not found in the [SourceHanSerifCN-Heavy SDF] font asset or any potential fallbacks. It was replaced by Unicode character \u25A1 in text object [sentence(TMP) (4)].
The character with Unicode value \uAE30 was not found in the [SourceHanSerifCN-Heavy SDF] font asset or any potential fallbacks. It was replaced by Unicode character \u25A1 in text object [sentence(TMP) (4)].
The character with Unicode value \uD68C was not found in the [SourceHanSerifCN-Heavy SDF] font asset or any potential fallbacks. It was replaced by Unicode character \u25A1 in text object [sentence(TMP) (4)].
The character with Unicode value \uAC00 was not found in the [SourceHanSerifCN-Heavy SDF] font asset or any potential fallbacks. It was replaced by Unicode character \u25A1 in text object [sentence(TMP) (4)].
The character with Unicode value \uB418 was not found in the [SourceHanSerifCN-Heavy SDF] font asset or any potential fallbacks. It was replaced by Unicode character \u25A1 in text object [sentence(TMP) (4)].
The character with Unicode value \uBA74 was not found in the [SourceHanSerifCN-Heavy SDF] font asset or any potential fallbacks. It was replaced by Unicode character \u25A1 in text object [sentence(TMP) (4)].
The character with Unicode value \uC560 was not found in the [SourceHanSerifCN-Heavy SDF] font asset or any potential fallbacks. It was replaced by Unicode character \u25A1 in text object [sentence(TMP) (4)].
The character with Unicode value \uB2C8 was not found in the [SourceHanSerifCN-Heavy SDF] font asset or any potential fallbacks. It was replaced by Unicode character \u25A1 in text object [sentence(TMP) (4)].
The character with Unicode value \uBA54 was not found in the [SourceHanSerifCN-Heavy SDF] font asset or any potential fallbacks. It was replaced by Unicode character \u25A1 in text object [sentence(TMP) (4)].
The character with Unicode value \uC774 was not found in the [SourceHanSerifCN-Heavy SDF] font asset or any potential fallbacks. It was replaced by Unicode character \u25A1 in text object [sentence(TMP) (4)].
The character with Unicode value \uC158 was not found in the [SourceHanSerifCN-Heavy SDF] font asset or any potential fallbacks. It was replaced by Unicode character \u25A1 in text object [sentence(TMP) (4)].
The character with Unicode value \uC744 was not found in the [SourceHanSerifCN-Heavy SDF] font asset or any potential fallbacks. It was replaced by Unicode character \u25A1 in text object [sentence(TMP) (4)].
The character with Unicode value \uC9C1 was not found in the [SourceHanSerifCN-Heavy SDF] font asset or any potential fallbacks. It was replaced by Unicode character \u25A1 in text object [sentence(TMP) (4)].
The character with Unicode value \uC811 was not found in the [SourceHanSerifCN-Heavy SDF] font asset or any potential fallbacks. It was replaced by Unicode character \u25A1 in text object [sentence(TMP) (4)].
The character with Unicode value \uACBD was not found in the [SourceHanSerifCN-Heavy SDF] font asset or any potential fallbacks. It was replaced by Unicode character \u25A1 in text object [sentence(TMP) (4)].
The character with Unicode value \uD5D8 was not found in the [SourceHanSerifCN-Heavy SDF] font asset or any potential fallbacks. It was replaced by Unicode character \u25A1 in text object [sentence(TMP) (4)].
The character with Unicode value \uD574 was not found in the [SourceHanSerifCN-Heavy SDF] font asset or any potential fallbacks. It was replaced by Unicode character \u25A1 in text object [sentence(TMP) (4)].
The character with Unicode value \uBCF4 was not found in the [SourceHanSerifCN-Heavy SDF] font asset or any potential fallbacks. It was replaced by Unicode character \u25A1 in text object [sentence(TMP) (4)].
The character with Unicode value \uC2DC was not found in the [SourceHanSerifCN-Heavy SDF] font asset or any potential fallbacks. It was replaced by Unicode character \u25A1 in text object [sentence(TMP) (4)].
The character with Unicode value \uAE38 was not found in the [SourceHanSerifCN-Heavy SDF] font asset or any potential fallbacks. It was replaced by Unicode character \u25A1 in text object [sentence(TMP) (4)].
The character with Unicode value \uAD8C was not found in the [SourceHanSerifCN-Heavy SDF] font asset or any potential fallbacks. It was replaced by Unicode character \u25A1 in text object [sentence(TMP) (4)].
The character with Unicode value \uD569 was not found in the [SourceHanSerifCN-Heavy SDF] font asset or any potential fallbacks. It was replaced by Unicode character \u25A1 in text object [sentence(TMP) (4)].
The character with Unicode value \uB2C8 was not found in the [SourceHanSerifCN-Heavy SDF] font asset or any potential fallbacks. It was replaced by Unicode character \u25A1 in text object [sentence(TMP) (4)].
The character with Unicode value \uB2E4 was not found in the [SourceHanSerifCN-Heavy SDF] font asset or any potential fallbacks. It was replaced by Unicode character \u25A1 in text object [sentence(TMP) (4)].
The character with Unicode value \uC560 was not found in the [SourceHanSerifCN-Heavy SDF] font asset or any potential fallbacks. It was replaced by Unicode character \u25A1 in text object [sentence(TMP) (4)].
The character with Unicode value \uB2C8 was not found in the [SourceHanSerifCN-Heavy SDF] font asset or any potential fallbacks. It was replaced by Unicode character \u25A1 in text object [sentence(TMP) (4)].
The character with Unicode value \uBA54 was not found in the [SourceHanSerifCN-Heavy SDF] font asset or any potential fallbacks. It was replaced by Unicode character \u25A1 in text object [sentence(TMP) (4)].
The character with Unicode value \uC774 was not found in the [SourceHanSerifCN-Heavy SDF] font asset or any potential fallbacks. It was replaced by Unicode character \u25A1 in text object [sentence(TMP) (4)].
The character with Unicode value \uC158 was not found in the [SourceHanSerifCN-Heavy SDF] font asset or any potential fallbacks. It was replaced by Unicode character \u25A1 in text object [sentence(TMP) (4)].
The character with Unicode value \uC774 was not found in the [SourceHanSerifCN-Heavy SDF] font asset or any potential fallbacks. It was replaced by Unicode character \u25A1 in text object [sentence(TMP) (4)].
The character with Unicode value \uC694 was not found in the [SourceHanSerifCN-Heavy SDF] font asset or any potential fallbacks. It was replaced by Unicode character \u25A1 in text object [sentence(TMP) (4)].
The character with Unicode value \uC998 was not found in the [SourceHanSerifCN-Heavy SDF] font asset or any potential fallbacks. It was replaced by Unicode character \u25A1 in text object [sentence(TMP) (4)].
The character with Unicode value \uD2B9 was not found in the [SourceHanSerifCN-Heavy SDF] font asset or any potential fallbacks. It was replaced by Unicode character \u25A1 in text object [sentence(TMP) (4)].
The character with Unicode value \uD788 was not found in the [SourceHanSerifCN-Heavy SDF] font asset or any potential fallbacks. It was replaced by Unicode character \u25A1 in text object [sentence(TMP) (4)].
The character with Unicode value \uC8FC was not found in the [SourceHanSerifCN-Heavy SDF] font asset or any potential fallbacks. It was replaced by Unicode character \u25A1 in text object [sentence(TMP) (4)].
The character with Unicode value \uBAA9 was not found in the [SourceHanSerifCN-Heavy SDF] font asset or any potential fallbacks. It was replaced by Unicode character \u25A1 in text object [sentence(TMP) (4)].
The character with Unicode value \uBC1B was not found in the [SourceHanSerifCN-Heavy SDF] font asset or any potential fallbacks. It was replaced by Unicode character \u25A1 in text object [sentence(TMP) (4)].
The character with Unicode value \uACE0 was not found in the [SourceHanSerifCN-Heavy SDF] font asset or any potential fallbacks. It was replaced by Unicode character \u25A1 in text object [sentence(TMP) (4)].
The character with Unicode value \uC788 was not found in the [SourceHanSerifCN-Heavy SDF] font asset or any potential fallbacks. It was replaced by Unicode character \u25A1 in text object [sentence(TMP) (4)].
The character with Unicode value \uC2B5 was not found in the [SourceHanSerifCN-Heavy SDF] font asset or any potential fallbacks. It was replaced by Unicode character \u25A1 in text object [sentence(TMP) (4)].
The character with Unicode value \uB2C8 was not found in the [SourceHanSerifCN-Heavy SDF] font asset or any potential fallbacks. It was replaced by Unicode character \u25A1 in text object [sentence(TMP) (4)].
The character with Unicode value \uB2E4 was not found in the [SourceHanSerifCN-Heavy SDF] font asset or any potential fallbacks. It was replaced by Unicode character \u25A1 in text object [sentence(TMP) (4)].
The character with Unicode value \uAE30 was not found in the [SourceHanSerifCN-Heavy SDF] font asset or any potential fallbacks. It was replaced by Unicode character \u25A1 in text object [sentenceRead1].
The character with Unicode value \uD68C was not found in the [SourceHanSerifCN-Heavy SDF] font asset or any potential fallbacks. It was replaced by Unicode character \u25A1 in text object [sentenceRead1].
The character with Unicode value \uAC00 was not found in the [SourceHanSerifCN-Heavy SDF] font asset or any potential fallbacks. It was replaced by Unicode character \u25A1 in text object [sentenceRead1].
The character with Unicode value \uB418 was not found in the [SourceHanSerifCN-Heavy SDF] font asset or any potential fallbacks. It was replaced by Unicode character \u25A1 in text object [sentenceRead1].
The character with Unicode value \uBA74 was not found in the [SourceHanSerifCN-Heavy SDF] font asset or any potential fallbacks. It was replaced by Unicode character \u25A1 in text object [sentenceRead1].
The character with Unicode value \uC560 was not found in the [SourceHanSerifCN-Heavy SDF] font asset or any potential fallbacks. It was replaced by Unicode character \u25A1 in text object [sentenceRead1].
The character with Unicode value \uB2C8 was not found in the [SourceHanSerifCN-Heavy SDF] font asset or any potential fallbacks. It was replaced by Unicode character \u25A1 in text object [sentenceRead1].
The character with Unicode value \uBA54 was not found in the [SourceHanSerifCN-Heavy SDF] font asset or any potential fallbacks. It was replaced by Unicode character \u25A1 in text object [sentenceRead1].
The character with Unicode value \uC774 was not found in the [SourceHanSerifCN-Heavy SDF] font asset or any potential fallbacks. It was replaced by Unicode character \u25A1 in text object [sentenceRead1].
The character with Unicode value \uC158 was not found in the [SourceHanSerifCN-Heavy SDF] font asset or any potential fallbacks. It was replaced by Unicode character \u25A1 in text object [sentenceRead1].
The character with Unicode value \uC744 was not found in the [SourceHanSerifCN-Heavy SDF] font asset or any potential fallbacks. It was replaced by Unicode character \u25A1 in text object [sentenceRead1].
The character with Unicode value \uC9C1 was not found in the [SourceHanSerifCN-Heavy SDF] font asset or any potential fallbacks. It was replaced by Unicode character \u25A1 in text object [sentenceRead1].
The character with Unicode value \uC811 was not found in the [SourceHanSerifCN-Heavy SDF] font asset or any potential fallbacks. It was replaced by Unicode character \u25A1 in text object [sentenceRead1].
The character with Unicode value \uACBD was not found in the [SourceHanSerifCN-Heavy SDF] font asset or any potential fallbacks. It was replaced by Unicode character \u25A1 in text object [sentenceRead1].
The character with Unicode value \uD5D8 was not found in the [SourceHanSerifCN-Heavy SDF] font asset or any potential fallbacks. It was replaced by Unicode character \u25A1 in text object [sentenceRead1].
The character with Unicode value \uD574 was not found in the [SourceHanSerifCN-Heavy SDF] font asset or any potential fallbacks. It was replaced by Unicode character \u25A1 in text object [sentenceRead1].
The character with Unicode value \uBCF4 was not found in the [SourceHanSerifCN-Heavy SDF] font asset or any potential fallbacks. It was replaced by Unicode character \u25A1 in text object [sentenceRead1].
The character with Unicode value \uC2DC was not found in the [SourceHanSerifCN-Heavy SDF] font asset or any potential fallbacks. It was replaced by Unicode character \u25A1 in text object [sentenceRead1].
The character with Unicode value \uAE38 was not found in the [SourceHanSerifCN-Heavy SDF] font asset or any potential fallbacks. It was replaced by Unicode character \u25A1 in text object [sentenceRead1].
The character with Unicode value \uAD8C was not found in the [SourceHanSerifCN-Heavy SDF] font asset or any potential fallbacks. It was replaced by Unicode character \u25A1 in text object [sentenceRead1].
The character with Unicode value \uD569 was not found in the [SourceHanSerifCN-Heavy SDF] font asset or any potential fallbacks. It was replaced by Unicode character \u25A1 in text object [sentenceRead1].
The character with Unicode value \uB2C8 was not found in the [SourceHanSerifCN-Heavy SDF] font asset or any potential fallbacks. It was replaced by Unicode character \u25A1 in text object [sentenceRead1].
The character with Unicode value \uB2E4 was not found in the [SourceHanSerifCN-Heavy SDF] font asset or any potential fallbacks. It was replaced by Unicode character \u25A1 in text object [sentenceRead1].
The character with Unicode value \uC774 was not found in the [SourceHanSerifCN-Heavy SDF] font asset or any potential fallbacks. It was replaced by Unicode character \u25A1 in text object [Content].
The character with Unicode value \uB9C8 was not found in the [SourceHanSerifCN-Heavy SDF] font asset or any potential fallbacks. It was replaced by Unicode character \u25A1 in text object [Content].
The character with Unicode value \uC5D0 was not found in the [SourceHanSerifCN-Heavy SDF] font asset or any potential fallbacks. It was replaced by Unicode character \u25A1 in text object [Content].
The character with Unicode value \uC8FC was not found in the [SourceHanSerifCN-Heavy SDF] font asset or any potential fallbacks. It was replaced by Unicode character \u25A1 in text object [Content].
The character with Unicode value \uB984 was not found in the [SourceHanSerifCN-Heavy SDF] font asset or any potential fallbacks. It was replaced by Unicode character \u25A1 in text object [Content].
The character with Unicode value \uC774 was not found in the [SourceHanSerifCN-Heavy SDF] font asset or any potential fallbacks. It was replaced by Unicode character \u25A1 in text object [Content].
The character with Unicode value \uC788 was not found in the [SourceHanSerifCN-Heavy SDF] font asset or any potential fallbacks. It was replaced by Unicode character \u25A1 in text object [Content].
The character with Unicode value \uC5B4 was not found in the [SourceHanSerifCN-Heavy SDF] font asset or any potential fallbacks. It was replaced by Unicode character \u25A1 in text object [Content].
The character with Unicode value \uC694 was not found in the [SourceHanSerifCN-Heavy SDF] font asset or any potential fallbacks. It was replaced by Unicode character \u25A1 in text object [Content].
The character with Unicode value \uC138 was not found in the [SourceHanSerifCN-Heavy SDF] font asset or any potential fallbacks. It was replaced by Unicode character \u25A1 in text object [Content].
The character with Unicode value \uACC4 was not found in the [SourceHanSerifCN-Heavy SDF] font asset or any potential fallbacks. It was replaced by Unicode character \u25A1 in text object [Content].
The character with Unicode value \uD654 was not found in the [SourceHanSerifCN-Heavy SDF] font asset or any potential fallbacks. It was replaced by Unicode character \u25A1 in text object [Content].
The character with Unicode value \uC2DC was not found in the [SourceHanSerifCN-Heavy SDF] font asset or any potential fallbacks. It was replaced by Unicode character \u25A1 in text object [Content].
The character with Unicode value \uB300 was not found in the [SourceHanSerifCN-Heavy SDF] font asset or any potential fallbacks. It was replaced by Unicode character \u25A1 in text object [Content].
The character with Unicode value \uC5D0 was not found in the [SourceHanSerifCN-Heavy SDF] font asset or any potential fallbacks. It was replaced by Unicode character \u25A1 in text object [Content].
The character with Unicode value \uBC1C was not found in the [SourceHanSerifCN-Heavy SDF] font asset or any potential fallbacks. It was replaced by Unicode character \u25A1 in text object [Content].
The character with Unicode value \uB9DE was not found in the [SourceHanSerifCN-Heavy SDF] font asset or any potential fallbacks. It was replaced by Unicode character \u25A1 in text object [Content].
The character with Unicode value \uCD94 was not found in the [SourceHanSerifCN-Heavy SDF] font asset or any potential fallbacks. It was replaced by Unicode character \u25A1 in text object [Content].
The character with Unicode value \uC5B4 was not found in the [SourceHanSerifCN-Heavy SDF] font asset or any potential fallbacks. It was replaced by Unicode character \u25A1 in text object [Content].
The character with Unicode value \uC774 was not found in the [SourceHanSerifCN-Heavy SDF] font asset or any potential fallbacks. It was replaced by Unicode character \u25A1 in text object [Content].
The character with Unicode value \uB9C8 was not found in the [SourceHanSerifCN-Heavy SDF] font asset or any potential fallbacks. It was replaced by Unicode character \u25A1 in text object [Content].
The character with Unicode value \uB294 was not found in the [SourceHanSerifCN-Heavy SDF] font asset or any potential fallbacks. It was replaced by Unicode character \u25A1 in text object [Content].
The character with Unicode value \uAD6D was not found in the [SourceHanSerifCN-Heavy SDF] font asset or any potential fallbacks. It was replaced by Unicode character \u25A1 in text object [Content].
The character with Unicode value \uC81C was not found in the [SourceHanSerifCN-Heavy SDF] font asset or any potential fallbacks. It was replaced by Unicode character \u25A1 in text object [Content].
The character with Unicode value \uC801 was not found in the [SourceHanSerifCN-Heavy SDF] font asset or any potential fallbacks. It was replaced by Unicode character \u25A1 in text object [Content].
The character with Unicode value \uC778 was not found in the [SourceHanSerifCN-Heavy SDF] font asset or any potential fallbacks. It was replaced by Unicode character \u25A1 in text object [Content].
The character with Unicode value \uC8FC was not found in the [SourceHanSerifCN-Heavy SDF] font asset or any potential fallbacks. It was replaced by Unicode character \u25A1 in text object [Content].
The character with Unicode value \uBAA9 was not found in the [SourceHanSerifCN-Heavy SDF] font asset or any potential fallbacks. It was replaced by Unicode character \u25A1 in text object [Content].
The character with Unicode value \uC744 was not found in the [SourceHanSerifCN-Heavy SDF] font asset or any potential fallbacks. It was replaced by Unicode character \u25A1 in text object [Content].
The character with Unicode value \uBC1B was not found in the [SourceHanSerifCN-Heavy SDF] font asset or any potential fallbacks. It was replaced by Unicode character \u25A1 in text object [Content].
The character with Unicode value \uACE0 was not found in the [SourceHanSerifCN-Heavy SDF] font asset or any potential fallbacks. It was replaced by Unicode character \u25A1 in text object [Content].
The character with Unicode value \uC788 was not found in the [SourceHanSerifCN-Heavy SDF] font asset or any potential fallbacks. It was replaced by Unicode character \u25A1 in text object [Content].
The character with Unicode value \uC2B5 was not found in the [SourceHanSerifCN-Heavy SDF] font asset or any potential fallbacks. It was replaced by Unicode character \u25A1 in text object [Content].
The character with Unicode value \uB2C8 was not found in the [SourceHanSerifCN-Heavy SDF] font asset or any potential fallbacks. It was replaced by Unicode character \u25A1 in text object [Content].
The character with Unicode value \uB2E4 was not found in the [SourceHanSerifCN-Heavy SDF] font asset or any potential fallbacks. It was replaced by Unicode character \u25A1 in text object [Content].
The character with Unicode value \uCCB4 was not found in the [SourceHanSerifCN-Heavy SDF] font asset or any potential fallbacks. It was replaced by Unicode character \u25A1 in text object [Content].
The character with Unicode value \uACC4 was not found in the [SourceHanSerifCN-Heavy SDF] font asset or any potential fallbacks. It was replaced by Unicode character \u25A1 in text object [Content].
The character with Unicode value \uC801 was not found in the [SourceHanSerifCN-Heavy SDF] font asset or any potential fallbacks. It was replaced by Unicode character \u25A1 in text object [Content].
The character with Unicode value \uC778 was not found in the [SourceHanSerifCN-Heavy SDF] font asset or any potential fallbacks. It was replaced by Unicode character \u25A1 in text object [Content].
The character with Unicode value \uAD00 was not found in the [SourceHanSerifCN-Heavy SDF] font asset or any potential fallbacks. It was replaced by Unicode character \u25A1 in text object [Content].
The character with Unicode value \uB9AC was not found in the [SourceHanSerifCN-Heavy SDF] font asset or any potential fallbacks. It was replaced by Unicode character \u25A1 in text object [Content].
The character with Unicode value \uC2DC was not found in the [SourceHanSerifCN-Heavy SDF] font asset or any potential fallbacks. It was replaced by Unicode character \u25A1 in text object [Content].
The character with Unicode value \uC2A4 was not found in the [SourceHanSerifCN-Heavy SDF] font asset or any potential fallbacks. It was replaced by Unicode character \u25A1 in text object [Content].
The character with Unicode value \uD15C was not found in the [SourceHanSerifCN-Heavy SDF] font asset or any potential fallbacks. It was replaced by Unicode character \u25A1 in text object [Content].
The character with Unicode value \uC744 was not found in the [SourceHanSerifCN-Heavy SDF] font asset or any potential fallbacks. It was replaced by Unicode character \u25A1 in text object [Content].
The character with Unicode value \uAD6C was not found in the [SourceHanSerifCN-Heavy SDF] font asset or any potential fallbacks. It was replaced by Unicode character \u25A1 in text object [Content].
The character with Unicode value \uCD95 was not found in the [SourceHanSerifCN-Heavy SDF] font asset or any potential fallbacks. It was replaced by Unicode character \u25A1 in text object [Content].
The character with Unicode value \uD558 was not found in the [SourceHanSerifCN-Heavy SDF] font asset or any potential fallbacks. It was replaced by Unicode character \u25A1 in text object [Content].
The character with Unicode value \uC5EC was not found in the [SourceHanSerifCN-Heavy SDF] font asset or any potential fallbacks. It was replaced by Unicode character \u25A1 in text object [Content].
The character with Unicode value \uC774 was not found in the [SourceHanSerifCN-Heavy SDF] font asset or any potential fallbacks. It was replaced by Unicode character \u25A1 in text object [Content].
The character with Unicode value \uB9C8 was not found in the [SourceHanSerifCN-Heavy SDF] font asset or any potential fallbacks. It was replaced by Unicode character \u25A1 in text object [Content].
The character with Unicode value \uB97C was not found in the [SourceHanSerifCN-Heavy SDF] font asset or any potential fallbacks. It was replaced by Unicode character \u25A1 in text object [Content].
The character with Unicode value \uD6A8 was not found in the [SourceHanSerifCN-Heavy SDF] font asset or any potential fallbacks. It was replaced by Unicode character \u25A1 in text object [Content].
The character with Unicode value \uC728 was not found in the [SourceHanSerifCN-Heavy SDF] font asset or any potential fallbacks. It was replaced by Unicode character \u25A1 in text object [Content].
The character with Unicode value \uC801 was not found in the [SourceHanSerifCN-Heavy SDF] font asset or any potential fallbacks. It was replaced by Unicode character \u25A1 in text object [Content].
The character with Unicode value \uC73C was not found in the [SourceHanSerifCN-Heavy SDF] font asset or any potential fallbacks. It was replaced by Unicode character \u25A1 in text object [Content].
The character with Unicode value \uB85C was not found in the [SourceHanSerifCN-Heavy SDF] font asset or any potential fallbacks. It was replaced by Unicode character \u25A1 in text object [Content].
The character with Unicode value \uD65C was not found in the [SourceHanSerifCN-Heavy SDF] font asset or any potential fallbacks. It was replaced by Unicode character \u25A1 in text object [Content].
The character with Unicode value \uC6A9 was not found in the [SourceHanSerifCN-Heavy SDF] font asset or any potential fallbacks. It was replaced by Unicode character \u25A1 in text object [Content].
The character with Unicode value \uD558 was not found in the [SourceHanSerifCN-Heavy SDF] font asset or any potential fallbacks. It was replaced by Unicode character \u25A1 in text object [Content].
The character with Unicode value \uACE0 was not found in the [SourceHanSerifCN-Heavy SDF] font asset or any potential fallbacks. It was replaced by Unicode character \u25A1 in text object [Content].
The character with Unicode value \uC788 was not found in the [SourceHanSerifCN-Heavy SDF] font asset or any potential fallbacks. It was replaced by Unicode character \u25A1 in text object [Content].
The character with Unicode value \uC2B5 was not found in the [SourceHanSerifCN-Heavy SDF] font asset or any potential fallbacks. It was replaced by Unicode character \u25A1 in text object [Content].
The character with Unicode value \uB2C8 was not found in the [SourceHanSerifCN-Heavy SDF] font asset or any potential fallbacks. It was replaced by Unicode character \u25A1 in text object [Content].
The character with Unicode value \uB2E4 was not found in the [SourceHanSerifCN-Heavy SDF] font asset or any potential fallbacks. It was replaced by Unicode character \u25A1 in text object [Content].
The character with Unicode value \uC774 was not found in the [SourceHanSerifCN-Heavy SDF] font asset or any potential fallbacks. It was replaced by Unicode character \u25A1 in text object [Content].
The character with Unicode value \uB9C8 was not found in the [SourceHanSerifCN-Heavy SDF] font asset or any potential fallbacks. It was replaced by Unicode character \u25A1 in text object [Content].
The character with Unicode value \uC5D0 was not found in the [SourceHanSerifCN-Heavy SDF] font asset or any potential fallbacks. It was replaced by Unicode character \u25A1 in text object [Content].
The character with Unicode value \uC8FC was not found in the [SourceHanSerifCN-Heavy SDF] font asset or any potential fallbacks. It was replaced by Unicode character \u25A1 in text object [Content].
The character with Unicode value \uB984 was not found in the [SourceHanSerifCN-Heavy SDF] font asset or any potential fallbacks. It was replaced by Unicode character \u25A1 in text object [Content].
The character with Unicode value \uC774 was not found in the [SourceHanSerifCN-Heavy SDF] font asset or any potential fallbacks. It was replaced by Unicode character \u25A1 in text object [Content].
The character with Unicode value \uC788 was not found in the [SourceHanSerifCN-Heavy SDF] font asset or any potential fallbacks. It was replaced by Unicode character \u25A1 in text object [Content].
The character with Unicode value \uC5B4 was not found in the [SourceHanSerifCN-Heavy SDF] font asset or any potential fallbacks. It was replaced by Unicode character \u25A1 in text object [Content].
The character with Unicode value \uC694 was not found in the [SourceHanSerifCN-Heavy SDF] font asset or any potential fallbacks. It was replaced by Unicode character \u25A1 in text object [Content].
The character with Unicode value \uC138 was not found in the [SourceHanSerifCN-Heavy SDF] font asset or any potential fallbacks. It was replaced by Unicode character \u25A1 in text object [Content].
The character with Unicode value \uACC4 was not found in the [SourceHanSerifCN-Heavy SDF] font asset or any potential fallbacks. It was replaced by Unicode character \u25A1 in text object [Content].
The character with Unicode value \uD654 was not found in the [SourceHanSerifCN-Heavy SDF] font asset or any potential fallbacks. It was replaced by Unicode character \u25A1 in text object [Content].
The character with Unicode value \uC2DC was not found in the [SourceHanSerifCN-Heavy SDF] font asset or any potential fallbacks. It was replaced by Unicode character \u25A1 in text object [Content].
The character with Unicode value \uB300 was not found in the [SourceHanSerifCN-Heavy SDF] font asset or any potential fallbacks. It was replaced by Unicode character \u25A1 in text object [Content].
The character with Unicode value \uC5D0 was not found in the [SourceHanSerifCN-Heavy SDF] font asset or any potential fallbacks. It was replaced by Unicode character \u25A1 in text object [Content].
The character with Unicode value \uBC1C was not found in the [SourceHanSerifCN-Heavy SDF] font asset or any potential fallbacks. It was replaced by Unicode character \u25A1 in text object [Content].
The character with Unicode value \uB9DE was not found in the [SourceHanSerifCN-Heavy SDF] font asset or any potential fallbacks. It was replaced by Unicode character \u25A1 in text object [Content].
The character with Unicode value \uCD94 was not found in the [SourceHanSerifCN-Heavy SDF] font asset or any potential fallbacks. It was replaced by Unicode character \u25A1 in text object [Content].
The character with Unicode value \uC5B4 was not found in the [SourceHanSerifCN-Heavy SDF] font asset or any potential fallbacks. It was replaced by Unicode character \u25A1 in text object [Content].
The character with Unicode value \uC774 was not found in the [SourceHanSerifCN-Heavy SDF] font asset or any potential fallbacks. It was replaced by Unicode character \u25A1 in text object [Content].
The character with Unicode value \uB9C8 was not found in the [SourceHanSerifCN-Heavy SDF] font asset or any potential fallbacks. It was replaced by Unicode character \u25A1 in text object [Content].
The character with Unicode value \uB294 was not found in the [SourceHanSerifCN-Heavy SDF] font asset or any potential fallbacks. It was replaced by Unicode character \u25A1 in text object [Content].
The character with Unicode value \uAD6D was not found in the [SourceHanSerifCN-Heavy SDF] font asset or any potential fallbacks. It was replaced by Unicode character \u25A1 in text object [Content].
The character with Unicode value \uC81C was not found in the [SourceHanSerifCN-Heavy SDF] font asset or any potential fallbacks. It was replaced by Unicode character \u25A1 in text object [Content].
The character with Unicode value \uC801 was not found in the [SourceHanSerifCN-Heavy SDF] font asset or any potential fallbacks. It was replaced by Unicode character \u25A1 in text object [Content].
The character with Unicode value \uC778 was not found in the [SourceHanSerifCN-Heavy SDF] font asset or any potential fallbacks. It was replaced by Unicode character \u25A1 in text object [Content].
The character with Unicode value \uC8FC was not found in the [SourceHanSerifCN-Heavy SDF] font asset or any potential fallbacks. It was replaced by Unicode character \u25A1 in text object [Content].
The character with Unicode value \uBAA9 was not found in the [SourceHanSerifCN-Heavy SDF] font asset or any potential fallbacks. It was replaced by Unicode character \u25A1 in text object [Content].
The character with Unicode value \uC744 was not found in the [SourceHanSerifCN-Heavy SDF] font asset or any potential fallbacks. It was replaced by Unicode character \u25A1 in text object [Content].
The character with Unicode value \uBC1B was not found in the [SourceHanSerifCN-Heavy SDF] font asset or any potential fallbacks. It was replaced by Unicode character \u25A1 in text object [Content].
The character with Unicode value \uACE0 was not found in the [SourceHanSerifCN-Heavy SDF] font asset or any potential fallbacks. It was replaced by Unicode character \u25A1 in text object [Content].
The character with Unicode value \uC788 was not found in the [SourceHanSerifCN-Heavy SDF] font asset or any potential fallbacks. It was replaced by Unicode character \u25A1 in text object [Content].
The character with Unicode value \uC2B5 was not found in the [SourceHanSerifCN-Heavy SDF] font asset or any potential fallbacks. It was replaced by Unicode character \u25A1 in text object [Content].
The character with Unicode value \uB2C8 was not found in the [SourceHanSerifCN-Heavy SDF] font asset or any potential fallbacks. It was replaced by Unicode character \u25A1 in text object [Content].
The character with Unicode value \uB2E4 was not found in the [SourceHanSerifCN-Heavy SDF] font asset or any potential fallbacks. It was replaced by Unicode character \u25A1 in text object [Content].
The character with Unicode value \uCCB4 was not found in the [SourceHanSerifCN-Heavy SDF] font asset or any potential fallbacks. It was replaced by Unicode character \u25A1 in text object [Content].
The character with Unicode value \uACC4 was not found in the [SourceHanSerifCN-Heavy SDF] font asset or any potential fallbacks. It was replaced by Unicode character \u25A1 in text object [Content].
The character with Unicode value \uC801 was not found in the [SourceHanSerifCN-Heavy SDF] font asset or any potential fallbacks. It was replaced by Unicode character \u25A1 in text object [Content].
The character with Unicode value \uC778 was not found in the [SourceHanSerifCN-Heavy SDF] font asset or any potential fallbacks. It was replaced by Unicode character \u25A1 in text object [Content].
The character with Unicode value \uAD00 was not found in the [SourceHanSerifCN-Heavy SDF] font asset or any potential fallbacks. It was replaced by Unicode character \u25A1 in text object [Content].
The character with Unicode value \uB9AC was not found in the [SourceHanSerifCN-Heavy SDF] font asset or any potential fallbacks. It was replaced by Unicode character \u25A1 in text object [Content].
The character with Unicode value \uC2DC was not found in the [SourceHanSerifCN-Heavy SDF] font asset or any potential fallbacks. It was replaced by Unicode character \u25A1 in text object [Content].
The character with Unicode value \uC2A4 was not found in the [SourceHanSerifCN-Heavy SDF] font asset or any potential fallbacks. It was replaced by Unicode character \u25A1 in text object [Content].
The character with Unicode value \uD15C was not found in the [SourceHanSerifCN-Heavy SDF] font asset or any potential fallbacks. It was replaced by Unicode character \u25A1 in text object [Content].
The character with Unicode value \uC744 was not found in the [SourceHanSerifCN-Heavy SDF] font asset or any potential fallbacks. It was replaced by Unicode character \u25A1 in text object [Content].
The character with Unicode value \uAD6C was not found in the [SourceHanSerifCN-Heavy SDF] font asset or any potential fallbacks. It was replaced by Unicode character \u25A1 in text object [Content].
The character with Unicode value \uCD95 was not found in the [SourceHanSerifCN-Heavy SDF] font asset or any potential fallbacks. It was replaced by Unicode character \u25A1 in text object [Content].
The character with Unicode value \uD558 was not found in the [SourceHanSerifCN-Heavy SDF] font asset or any potential fallbacks. It was replaced by Unicode character \u25A1 in text object [Content].
The character with Unicode value \uC5EC was not found in the [SourceHanSerifCN-Heavy SDF] font asset or any potential fallbacks. It was replaced by Unicode character \u25A1 in text object [Content].
The character with Unicode value \uC774 was not found in the [SourceHanSerifCN-Heavy SDF] font asset or any potential fallbacks. It was replaced by Unicode character \u25A1 in text object [Content].
The character with Unicode value \uB9C8 was not found in the [SourceHanSerifCN-Heavy SDF] font asset or any potential fallbacks. It was replaced by Unicode character \u25A1 in text object [Content].
The character with Unicode value \uB97C was not found in the [SourceHanSerifCN-Heavy SDF] font asset or any potential fallbacks. It was replaced by Unicode character \u25A1 in text object [Content].
The character with Unicode value \uD6A8 was not found in the [SourceHanSerifCN-Heavy SDF] font asset or any potential fallbacks. It was replaced by Unicode character \u25A1 in text object [Content].
The character with Unicode value \uC728 was not found in the [SourceHanSerifCN-Heavy SDF] font asset or any potential fallbacks. It was replaced by Unicode character \u25A1 in text object [Content].
The character with Unicode value \uC801 was not found in the [SourceHanSerifCN-Heavy SDF] font asset or any potential fallbacks. It was replaced by Unicode character \u25A1 in text object [Content].
The character with Unicode value \uC73C was not found in the [SourceHanSerifCN-Heavy SDF] font asset or any potential fallbacks. It was replaced by Unicode character \u25A1 in text object [Content].
The character with Unicode value \uB85C was not found in the [SourceHanSerifCN-Heavy SDF] font asset or any potential fallbacks. It was replaced by Unicode character \u25A1 in text object [Content].
The character with Unicode value \uD65C was not found in the [SourceHanSerifCN-Heavy SDF] font asset or any potential fallbacks. It was replaced by Unicode character \u25A1 in text object [Content].
The character with Unicode value \uC6A9 was not found in the [SourceHanSerifCN-Heavy SDF] font asset or any potential fallbacks. It was replaced by Unicode character \u25A1 in text object [Content].
The character with Unicode value \uD558 was not found in the [SourceHanSerifCN-Heavy SDF] font asset or any potential fallbacks. It was replaced by Unicode character \u25A1 in text object [Content].
The character with Unicode value \uACE0 was not found in the [SourceHanSerifCN-Heavy SDF] font asset or any potential fallbacks. It was replaced by Unicode character \u25A1 in text object [Content].
The character with Unicode value \uC788 was not found in the [SourceHanSerifCN-Heavy SDF] font asset or any potential fallbacks. It was replaced by Unicode character \u25A1 in text object [Content].
The character with Unicode value \uC2B5 was not found in the [SourceHanSerifCN-Heavy SDF] font asset or any potential fallbacks. It was replaced by Unicode character \u25A1 in text object [Content].
The character with Unicode value \uB2C8 was not found in the [SourceHanSerifCN-Heavy SDF] font asset or any potential fallbacks. It was replaced by Unicode character \u25A1 in text object [Content].
The character with Unicode value \uB2E4 was not found in the [SourceHanSerifCN-Heavy SDF] font asset or any potential fallbacks. It was replaced by Unicode character \u25A1 in text object [Content].
Unloading 24 unused Assets to reduce memory usage. Loaded Objects now: 11915.
Total: 44.574500 ms (FindLiveObjects: 0.896000 ms CreateObjectMapping: 0.580200 ms MarkObjects: 42.567500 ms  DeleteObjects: 0.530300 ms)

[Info   :  WCP Host] WcpHost: 长帧 4758ms — mod 本帧占用 8.2ms（0.2%） GC本帧=0:3 1:3 2:3 本帧 Top=运行态:Tick x1=5.9ms(单次5.9ms) ; 运行态:队列校正 x1=5.9ms(单次5.9ms) ; 队列:授权集 x1=4.1ms(单次4.1ms) ; 身份:托管登记 x1=1.8ms(单次1.8ms) ; 队列:规则 x1=1.7ms(单次1.7ms) ; 身份:Evaluate x1=0.5ms(单次0.5ms) ; 身份:匹配槽位词表 x1=0.2ms(单次0.2ms) ; 身份:槽位归属 x1=0.1ms(单次0.1ms) ; 身份:读落盘书名 x1=0.1ms(单次0.1ms) ; 身份:读槽位词表 x1=0.1ms(单次0.1ms) ; 身份:匹配内存词表 x1=0.0ms(单次0.0ms) ; 身份:读内存词表 x1=0.0ms(单次0.0ms) ; …共18个标签
[Info   :  WCP Host] WcpHost: 长帧 203ms — mod 本帧占用 0.0ms（0.0%） GC本帧=0:0 1:0 2:0 本帧 Top=无 mod 操作
[Info   :  WCP Host] WcpHost: 性能哨兵 fps=4.9 帧=50 最差帧=4758ms 卡顿帧(>=50ms)=46 窗口=10.1s | mod 主线程占用=38.9ms/窗口，长帧=4 次 | GC窗口=0:35 1:35 2:35 堆=-0MB | 快路径命中=内存词表指纹 7/7 ; 槽位词表指纹 7/7 | 窗口 Top（累计）=运行态:Tick x5=20.4ms(单次5.9ms) ; 运行态:队列校正 x5=12.0ms(单次5.9ms) ; 队列:授权集 x7=11.3ms(单次4.1ms) ; 身份:托管登记 x5=9.7ms(单次2.1ms) ; 场景:强制校正 x2=5.3ms(单次3.6ms) ; 运行态:例句按钮 x5=4.6ms(单次2.3ms) ; 运行态:书名扫描 x5=3.7ms(单次1.7ms) ; 身份:Evaluate x5=3.5ms(单次1.3ms) ; 队列:规则 x7=3.3ms(单次1.7ms) ; 身份:读落盘书名 x7=3.0ms(单次1.5ms) ; 运行态:场景校正 x2=2.8ms(单次1.5ms) ; ES3:落盘书名 x2=2.2ms(单次1.3ms) ; …共21个标签
 MyParameters.S8ThisMode_Para------每日学习
The character with Unicode value \uD55C was not found in the [SourceHanSerifCN-Heavy SDF] font asset or any potential fallbacks. It was replaced by Unicode character \u25A1 in text object [Content].
The character with Unicode value \uAD6D was not found in the [SourceHanSerifCN-Heavy SDF] font asset or any potential fallbacks. It was replaced by Unicode character \u25A1 in text object [Content].
The character with Unicode value \uC560 was not found in the [SourceHanSerifCN-Heavy SDF] font asset or any potential fallbacks. It was replaced by Unicode character \u25A1 in text object [Content].
The character with Unicode value \uB2C8 was not found in the [SourceHanSerifCN-Heavy SDF] font asset or any potential fallbacks. It was replaced by Unicode character \u25A1 in text object [Content].
The character with Unicode value \uBA54 was not found in the [SourceHanSerifCN-Heavy SDF] font asset or any potential fallbacks. It was replaced by Unicode character \u25A1 in text object [Content].
The character with Unicode value \uC774 was not found in the [SourceHanSerifCN-Heavy SDF] font asset or any potential fallbacks. It was replaced by Unicode character \u25A1 in text object [Content].
The character with Unicode value \uC158 was not found in the [SourceHanSerifCN-Heavy SDF] font asset or any potential fallbacks. It was replaced by Unicode character \u25A1 in text object [Content].
The character with Unicode value \uC740 was not found in the [SourceHanSerifCN-Heavy SDF] font asset or any potential fallbacks. It was replaced by Unicode character \u25A1 in text object [Content].
The character with Unicode value \uC138 was not found in the [SourceHanSerifCN-Heavy SDF] font asset or any potential fallbacks. It was replaced by Unicode character \u25A1 in text object [Content].
The character with Unicode value \uACC4 was not found in the [SourceHanSerifCN-Heavy SDF] font asset or any potential fallbacks. It was replaced by Unicode character \u25A1 in text object [Content].
The character with Unicode value \uC801 was not found in the [SourceHanSerifCN-Heavy SDF] font asset or any potential fallbacks. It was replaced by Unicode character \u25A1 in text object [Content].
The character with Unicode value \uC73C was not found in the [SourceHanSerifCN-Heavy SDF] font asset or any potential fallbacks. It was replaced by Unicode character \u25A1 in text object [Content].
The character with Unicode value \uB85C was not found in the [SourceHanSerifCN-Heavy SDF] font asset or any potential fallbacks. It was replaced by Unicode character \u25A1 in text object [Content].
The character with Unicode value \uC720 was not found in the [SourceHanSerifCN-Heavy SDF] font asset or any potential fallbacks. It was replaced by Unicode character \u25A1 in text object [Content].
The character with Unicode value \uBA85 was not found in the [SourceHanSerifCN-Heavy SDF] font asset or any potential fallbacks. It was replaced by Unicode character \u25A1 in text object [Content].
The character with Unicode value \uD569 was not found in the [SourceHanSerifCN-Heavy SDF] font asset or any potential fallbacks. It was replaced by Unicode character \u25A1 in text object [Content].
The character with Unicode value \uB2C8 was not found in the [SourceHanSerifCN-Heavy SDF] font asset or any potential fallbacks. It was replaced by Unicode character \u25A1 in text object [Content].
The character with Unicode value \uB2E4 was not found in the [SourceHanSerifCN-Heavy SDF] font asset or any potential fallbacks. It was replaced by Unicode character \u25A1 in text object [Content].
The character with Unicode value \uAE30 was not found in the [SourceHanSerifCN-Heavy SDF] font asset or any potential fallbacks. It was replaced by Unicode character \u25A1 in text object [Content].
The character with Unicode value \uD68C was not found in the [SourceHanSerifCN-Heavy SDF] font asset or any potential fallbacks. It was replaced by Unicode character \u25A1 in text object [Content].
The character with Unicode value \uAC00 was not found in the [SourceHanSerifCN-Heavy SDF] font asset or any potential fallbacks. It was replaced by Unicode character \u25A1 in text object [Content].
The character with Unicode value \uB418 was not found in the [SourceHanSerifCN-Heavy SDF] font asset or any potential fallbacks. It was replaced by Unicode character \u25A1 in text object [Content].
The character with Unicode value \uBA74 was not found in the [SourceHanSerifCN-Heavy SDF] font asset or any potential fallbacks. It was replaced by Unicode character \u25A1 in text object [Content].
The character with Unicode value \uC560 was not found in the [SourceHanSerifCN-Heavy SDF] font asset or any potential fallbacks. It was replaced by Unicode character \u25A1 in text object [Content].
The character with Unicode value \uB2C8 was not found in the [SourceHanSerifCN-Heavy SDF] font asset or any potential fallbacks. It was replaced by Unicode character \u25A1 in text object [Content].
The character with Unicode value \uBA54 was not found in the [SourceHanSerifCN-Heavy SDF] font asset or any potential fallbacks. It was replaced by Unicode character \u25A1 in text object [Content].
The character with Unicode value \uC774 was not found in the [SourceHanSerifCN-Heavy SDF] font asset or any potential fallbacks. It was replaced by Unicode character \u25A1 in text object [Content].
The character with Unicode value \uC158 was not found in the [SourceHanSerifCN-Heavy SDF] font asset or any potential fallbacks. It was replaced by Unicode character \u25A1 in text object [Content].
The character with Unicode value \uC744 was not found in the [SourceHanSerifCN-Heavy SDF] font asset or any potential fallbacks. It was replaced by Unicode character \u25A1 in text object [Content].
The character with Unicode value \uC9C1 was not found in the [SourceHanSerifCN-Heavy SDF] font asset or any potential fallbacks. It was replaced by Unicode character \u25A1 in text object [Content].
The character with Unicode value \uC811 was not found in the [SourceHanSerifCN-Heavy SDF] font asset or any potential fallbacks. It was replaced by Unicode character \u25A1 in text object [Content].
The character with Unicode value \uACBD was not found in the [SourceHanSerifCN-Heavy SDF] font asset or any potential fallbacks. It was replaced by Unicode character \u25A1 in text object [Content].
The character with Unicode value \uD5D8 was not found in the [SourceHanSerifCN-Heavy SDF] font asset or any potential fallbacks. It was replaced by Unicode character \u25A1 in text object [Content].
The character with Unicode value \uD574 was not found in the [SourceHanSerifCN-Heavy SDF] font asset or any potential fallbacks. It was replaced by Unicode character \u25A1 in text object [Content].
The character with Unicode value \uBCF4 was not found in the [SourceHanSerifCN-Heavy SDF] font asset or any potential fallbacks. It was replaced by Unicode character \u25A1 in text object [Content].
The character with Unicode value \uC2DC was not found in the [SourceHanSerifCN-Heavy SDF] font asset or any potential fallbacks. It was replaced by Unicode character \u25A1 in text object [Content].
The character with Unicode value \uAE38 was not found in the [SourceHanSerifCN-Heavy SDF] font asset or any potential fallbacks. It was replaced by Unicode character \u25A1 in text object [Content].
The character with Unicode value \uAD8C was not found in the [SourceHanSerifCN-Heavy SDF] font asset or any potential fallbacks. It was replaced by Unicode character \u25A1 in text object [Content].
The character with Unicode value \uD569 was not found in the [SourceHanSerifCN-Heavy SDF] font asset or any potential fallbacks. It was replaced by Unicode character \u25A1 in text object [Content].
The character with Unicode value \uB2C8 was not found in the [SourceHanSerifCN-Heavy SDF] font asset or any potential fallbacks. It was replaced by Unicode character \u25A1 in text object [Content].
The character with Unicode value \uB2E4 was not found in the [SourceHanSerifCN-Heavy SDF] font asset or any potential fallbacks. It was replaced by Unicode character \u25A1 in text object [Content].
The character with Unicode value \uC560 was not found in the [SourceHanSerifCN-Heavy SDF] font asset or any potential fallbacks. It was replaced by Unicode character \u25A1 in text object [Content].
The character with Unicode value \uB2C8 was not found in the [SourceHanSerifCN-Heavy SDF] font asset or any potential fallbacks. It was replaced by Unicode character \u25A1 in text object [Content].
The character with Unicode value \uBA54 was not found in the [SourceHanSerifCN-Heavy SDF] font asset or any potential fallbacks. It was replaced by Unicode character \u25A1 in text object [Content].
The character with Unicode value \uC774 was not found in the [SourceHanSerifCN-Heavy SDF] font asset or any potential fallbacks. It was replaced by Unicode character \u25A1 in text object [Content].
The character with Unicode value \uC158 was not found in the [SourceHanSerifCN-Heavy SDF] font asset or any potential fallbacks. It was replaced by Unicode character \u25A1 in text object [Content].
The character with Unicode value \uC774 was not found in the [SourceHanSerifCN-Heavy SDF] font asset or any potential fallbacks. It was replaced by Unicode character \u25A1 in text object [Content].
The character with Unicode value \uC694 was not found in the [SourceHanSerifCN-Heavy SDF] font asset or any potential fallbacks. It was replaced by Unicode character \u25A1 in text object [Content].
The character with Unicode value \uC998 was not found in the [SourceHanSerifCN-Heavy SDF] font asset or any potential fallbacks. It was replaced by Unicode character \u25A1 in text object [Content].
The character with Unicode value \uD2B9 was not found in the [SourceHanSerifCN-Heavy SDF] font asset or any potential fallbacks. It was replaced by Unicode character \u25A1 in text object [Content].
The character with Unicode value \uD788 was not found in the [SourceHanSerifCN-Heavy SDF] font asset or any potential fallbacks. It was replaced by Unicode character \u25A1 in text object [Content].
The character with Unicode value \uC8FC was not found in the [SourceHanSerifCN-Heavy SDF] font asset or any potential fallbacks. It was replaced by Unicode character \u25A1 in text object [Content].
The character with Unicode value \uBAA9 was not found in the [SourceHanSerifCN-Heavy SDF] font asset or any potential fallbacks. It was replaced by Unicode character \u25A1 in text object [Content].
The character with Unicode value \uBC1B was not found in the [SourceHanSerifCN-Heavy SDF] font asset or any potential fallbacks. It was replaced by Unicode character \u25A1 in text object [Content].
The character with Unicode value \uACE0 was not found in the [SourceHanSerifCN-Heavy SDF] font asset or any potential fallbacks. It was replaced by Unicode character \u25A1 in text object [Content].
The character with Unicode value \uC788 was not found in the [SourceHanSerifCN-Heavy SDF] font asset or any potential fallbacks. It was replaced by Unicode character \u25A1 in text object [Content].
The character with Unicode value \uC2B5 was not found in the [SourceHanSerifCN-Heavy SDF] font asset or any potential fallbacks. It was replaced by Unicode character \u25A1 in text object [Content].
The character with Unicode value \uB2C8 was not found in the [SourceHanSerifCN-Heavy SDF] font asset or any potential fallbacks. It was replaced by Unicode character \u25A1 in text object [Content].
The character with Unicode value \uB2E4 was not found in the [SourceHanSerifCN-Heavy SDF] font asset or any potential fallbacks. It was replaced by Unicode character \u25A1 in text object [Content].
The character with Unicode value \uD55C was not found in the [SourceHanSerifCN-Heavy SDF] font asset or any potential fallbacks. It was replaced by Unicode character \u25A1 in text object [Content].
The character with Unicode value \uAD6D was not found in the [SourceHanSerifCN-Heavy SDF] font asset or any potential fallbacks. It was replaced by Unicode character \u25A1 in text object [Content].
The character with Unicode value \uC560 was not found in the [SourceHanSerifCN-Heavy SDF] font asset or any potential fallbacks. It was replaced by Unicode character \u25A1 in text object [Content].
The character with Unicode value \uB2C8 was not found in the [SourceHanSerifCN-Heavy SDF] font asset or any potential fallbacks. It was replaced by Unicode character \u25A1 in text object [Content].
The character with Unicode value \uBA54 was not found in the [SourceHanSerifCN-Heavy SDF] font asset or any potential fallbacks. It was replaced by Unicode character \u25A1 in text object [Content].
The character with Unicode value \uC774 was not found in the [SourceHanSerifCN-Heavy SDF] font asset or any potential fallbacks. It was replaced by Unicode character \u25A1 in text object [Content].
The character with Unicode value \uC158 was not found in the [SourceHanSerifCN-Heavy SDF] font asset or any potential fallbacks. It was replaced by Unicode character \u25A1 in text object [Content].
The character with Unicode value \uC740 was not found in the [SourceHanSerifCN-Heavy SDF] font asset or any potential fallbacks. It was replaced by Unicode character \u25A1 in text object [Content].
The character with Unicode value \uC138 was not found in the [SourceHanSerifCN-Heavy SDF] font asset or any potential fallbacks. It was replaced by Unicode character \u25A1 in text object [Content].
The character with Unicode value \uACC4 was not found in the [SourceHanSerifCN-Heavy SDF] font asset or any potential fallbacks. It was replaced by Unicode character \u25A1 in text object [Content].
The character with Unicode value \uC801 was not found in the [SourceHanSerifCN-Heavy SDF] font asset or any potential fallbacks. It was replaced by Unicode character \u25A1 in text object [Content].
The character with Unicode value \uC73C was not found in the [SourceHanSerifCN-Heavy SDF] font asset or any potential fallbacks. It was replaced by Unicode character \u25A1 in text object [Content].
The character with Unicode value \uB85C was not found in the [SourceHanSerifCN-Heavy SDF] font asset or any potential fallbacks. It was replaced by Unicode character \u25A1 in text object [Content].
The character with Unicode value \uC720 was not found in the [SourceHanSerifCN-Heavy SDF] font asset or any potential fallbacks. It was replaced by Unicode character \u25A1 in text object [Content].
The character with Unicode value \uBA85 was not found in the [SourceHanSerifCN-Heavy SDF] font asset or any potential fallbacks. It was replaced by Unicode character \u25A1 in text object [Content].
The character with Unicode value \uD569 was not found in the [SourceHanSerifCN-Heavy SDF] font asset or any potential fallbacks. It was replaced by Unicode character \u25A1 in text object [Content].
The character with Unicode value \uB2C8 was not found in the [SourceHanSerifCN-Heavy SDF] font asset or any potential fallbacks. It was replaced by Unicode character \u25A1 in text object [Content].
The character with Unicode value \uB2E4 was not found in the [SourceHanSerifCN-Heavy SDF] font asset or any potential fallbacks. It was replaced by Unicode character \u25A1 in text object [Content].
The character with Unicode value \uAE30 was not found in the [SourceHanSerifCN-Heavy SDF] font asset or any potential fallbacks. It was replaced by Unicode character \u25A1 in text object [Content].
The character with Unicode value \uD68C was not found in the [SourceHanSerifCN-Heavy SDF] font asset or any potential fallbacks. It was replaced by Unicode character \u25A1 in text object [Content].
The character with Unicode value \uAC00 was not found in the [SourceHanSerifCN-Heavy SDF] font asset or any potential fallbacks. It was replaced by Unicode character \u25A1 in text object [Content].
The character with Unicode value \uB418 was not found in the [SourceHanSerifCN-Heavy SDF] font asset or any potential fallbacks. It was replaced by Unicode character \u25A1 in text object [Content].
The character with Unicode value \uBA74 was not found in the [SourceHanSerifCN-Heavy SDF] font asset or any potential fallbacks. It was replaced by Unicode character \u25A1 in text object [Content].
The character with Unicode value \uC560 was not found in the [SourceHanSerifCN-Heavy SDF] font asset or any potential fallbacks. It was replaced by Unicode character \u25A1 in text object [Content].
The character with Unicode value \uB2C8 was not found in the [SourceHanSerifCN-Heavy SDF] font asset or any potential fallbacks. It was replaced by Unicode character \u25A1 in text object [Content].
The character with Unicode value \uBA54 was not found in the [SourceHanSerifCN-Heavy SDF] font asset or any potential fallbacks. It was replaced by Unicode character \u25A1 in text object [Content].
The character with Unicode value \uC774 was not found in the [SourceHanSerifCN-Heavy SDF] font asset or any potential fallbacks. It was replaced by Unicode character \u25A1 in text object [Content].
The character with Unicode value \uC158 was not found in the [SourceHanSerifCN-Heavy SDF] font asset or any potential fallbacks. It was replaced by Unicode character \u25A1 in text object [Content].
The character with Unicode value \uC744 was not found in the [SourceHanSerifCN-Heavy SDF] font asset or any potential fallbacks. It was replaced by Unicode character \u25A1 in text object [Content].
The character with Unicode value \uC9C1 was not found in the [SourceHanSerifCN-Heavy SDF] font asset or any potential fallbacks. It was replaced by Unicode character \u25A1 in text object [Content].
The character with Unicode value \uC811 was not found in the [SourceHanSerifCN-Heavy SDF] font asset or any potential fallbacks. It was replaced by Unicode character \u25A1 in text object [Content].
The character with Unicode value \uACBD was not found in the [SourceHanSerifCN-Heavy SDF] font asset or any potential fallbacks. It was replaced by Unicode character \u25A1 in text object [Content].
The character with Unicode value \uD5D8 was not found in the [SourceHanSerifCN-Heavy SDF] font asset or any potential fallbacks. It was replaced by Unicode character \u25A1 in text object [Content].
The character with Unicode value \uD574 was not found in the [SourceHanSerifCN-Heavy SDF] font asset or any potential fallbacks. It was replaced by Unicode character \u25A1 in text object [Content].
The character with Unicode value \uBCF4 was not found in the [SourceHanSerifCN-Heavy SDF] font asset or any potential fallbacks. It was replaced by Unicode character \u25A1 in text object [Content].
The character with Unicode value \uC2DC was not found in the [SourceHanSerifCN-Heavy SDF] font asset or any potential fallbacks. It was replaced by Unicode character \u25A1 in text object [Content].
The character with Unicode value \uAE38 was not found in the [SourceHanSerifCN-Heavy SDF] font asset or any potential fallbacks. It was replaced by Unicode character \u25A1 in text object [Content].
The character with Unicode value \uAD8C was not found in the [SourceHanSerifCN-Heavy SDF] font asset or any potential fallbacks. It was replaced by Unicode character \u25A1 in text object [Content].
The character with Unicode value \uD569 was not found in the [SourceHanSerifCN-Heavy SDF] font asset or any potential fallbacks. It was replaced by Unicode character \u25A1 in text object [Content].
The character with Unicode value \uB2C8 was not found in the [SourceHanSerifCN-Heavy SDF] font asset or any potential fallbacks. It was replaced by Unicode character \u25A1 in text object [Content].
The character with Unicode value \uB2E4 was not found in the [SourceHanSerifCN-Heavy SDF] font asset or any potential fallbacks. It was replaced by Unicode character \u25A1 in text object [Content].
The character with Unicode value \uC560 was not found in the [SourceHanSerifCN-Heavy SDF] font asset or any potential fallbacks. It was replaced by Unicode character \u25A1 in text object [Content].
The character with Unicode value \uB2C8 was not found in the [SourceHanSerifCN-Heavy SDF] font asset or any potential fallbacks. It was replaced by Unicode character \u25A1 in text object [Content].
The character with Unicode value \uBA54 was not found in the [SourceHanSerifCN-Heavy SDF] font asset or any potential fallbacks. It was replaced by Unicode character \u25A1 in text object [Content].
The character with Unicode value \uC774 was not found in the [SourceHanSerifCN-Heavy SDF] font asset or any potential fallbacks. It was replaced by Unicode character \u25A1 in text object [Content].
The character with Unicode value \uC158 was not found in the [SourceHanSerifCN-Heavy SDF] font asset or any potential fallbacks. It was replaced by Unicode character \u25A1 in text object [Content].
The character with Unicode value \uC774 was not found in the [SourceHanSerifCN-Heavy SDF] font asset or any potential fallbacks. It was replaced by Unicode character \u25A1 in text object [Content].
The character with Unicode value \uC694 was not found in the [SourceHanSerifCN-Heavy SDF] font asset or any potential fallbacks. It was replaced by Unicode character \u25A1 in text object [Content].
The character with Unicode value \uC998 was not found in the [SourceHanSerifCN-Heavy SDF] font asset or any potential fallbacks. It was replaced by Unicode character \u25A1 in text object [Content].
The character with Unicode value \uD2B9 was not found in the [SourceHanSerifCN-Heavy SDF] font asset or any potential fallbacks. It was replaced by Unicode character \u25A1 in text object [Content].
The character with Unicode value \uD788 was not found in the [SourceHanSerifCN-Heavy SDF] font asset or any potential fallbacks. It was replaced by Unicode character \u25A1 in text object [Content].
The character with Unicode value \uC8FC was not found in the [SourceHanSerifCN-Heavy SDF] font asset or any potential fallbacks. It was replaced by Unicode character \u25A1 in text object [Content].
The character with Unicode value \uBAA9 was not found in the [SourceHanSerifCN-Heavy SDF] font asset or any potential fallbacks. It was replaced by Unicode character \u25A1 in text object [Content].
The character with Unicode value \uBC1B was not found in the [SourceHanSerifCN-Heavy SDF] font asset or any potential fallbacks. It was replaced by Unicode character \u25A1 in text object [Content].
The character with Unicode value \uACE0 was not found in the [SourceHanSerifCN-Heavy SDF] font asset or any potential fallbacks. It was replaced by Unicode character \u25A1 in text object [Content].
The character with Unicode value \uC788 was not found in the [SourceHanSerifCN-Heavy SDF] font asset or any potential fallbacks. It was replaced by Unicode character \u25A1 in text object [Content].
The character with Unicode value \uC2B5 was not found in the [SourceHanSerifCN-Heavy SDF] font asset or any potential fallbacks. It was replaced by Unicode character \u25A1 in text object [Content].
The character with Unicode value \uB2C8 was not found in the [SourceHanSerifCN-Heavy SDF] font asset or any potential fallbacks. It was replaced by Unicode character \u25A1 in text object [Content].
The character with Unicode value \uB2E4 was not found in the [SourceHanSerifCN-Heavy SDF] font asset or any potential fallbacks. It was replaced by Unicode character \u25A1 in text object [Content].
The character with Unicode value \uD55C was not found in the [SourceHanSerifCN-Heavy SDF] font asset or any potential fallbacks. It was replaced by Unicode character \u25A1 in text object [Content].
The character with Unicode value \uAD6D was not found in the [SourceHanSerifCN-Heavy SDF] font asset or any potential fallbacks. It was replaced by Unicode character \u25A1 in text object [Content].
The character with Unicode value \uC560 was not found in the [SourceHanSerifCN-Heavy SDF] font asset or any potential fallbacks. It was replaced by Unicode character \u25A1 in text object [Content].
The character with Unicode value \uB2C8 was not found in the [SourceHanSerifCN-Heavy SDF] font asset or any potential fallbacks. It was replaced by Unicode character \u25A1 in text object [Content].
The character with Unicode value \uBA54 was not found in the [SourceHanSerifCN-Heavy SDF] font asset or any potential fallbacks. It was replaced by Unicode character \u25A1 in text object [Content].
The character with Unicode value \uC774 was not found in the [SourceHanSerifCN-Heavy SDF] font asset or any potential fallbacks. It was replaced by Unicode character \u25A1 in text object [Content].
The character with Unicode value \uC158 was not found in the [SourceHanSerifCN-Heavy SDF] font asset or any potential fallbacks. It was replaced by Unicode character \u25A1 in text object [Content].
The character with Unicode value \uC740 was not found in the [SourceHanSerifCN-Heavy SDF] font asset or any potential fallbacks. It was replaced by Unicode character \u25A1 in text object [Content].
The character with Unicode value \uC138 was not found in the [SourceHanSerifCN-Heavy SDF] font asset or any potential fallbacks. It was replaced by Unicode character \u25A1 in text object [Content].
The character with Unicode value \uACC4 was not found in the [SourceHanSerifCN-Heavy SDF] font asset or any potential fallbacks. It was replaced by Unicode character \u25A1 in text object [Content].
The character with Unicode value \uC801 was not found in the [SourceHanSerifCN-Heavy SDF] font asset or any potential fallbacks. It was replaced by Unicode character \u25A1 in text object [Content].
The character with Unicode value \uC73C was not found in the [SourceHanSerifCN-Heavy SDF] font asset or any potential fallbacks. It was replaced by Unicode character \u25A1 in text object [Content].
The character with Unicode value \uB85C was not found in the [SourceHanSerifCN-Heavy SDF] font asset or any potential fallbacks. It was replaced by Unicode character \u25A1 in text object [Content].
The character with Unicode value \uC720 was not found in the [SourceHanSerifCN-Heavy SDF] font asset or any potential fallbacks. It was replaced by Unicode character \u25A1 in text object [Content].
The character with Unicode value \uBA85 was not found in the [SourceHanSerifCN-Heavy SDF] font asset or any potential fallbacks. It was replaced by Unicode character \u25A1 in text object [Content].
The character with Unicode value \uD569 was not found in the [SourceHanSerifCN-Heavy SDF] font asset or any potential fallbacks. It was replaced by Unicode character \u25A1 in text object [Content].
The character with Unicode value \uB2C8 was not found in the [SourceHanSerifCN-Heavy SDF] font asset or any potential fallbacks. It was replaced by Unicode character \u25A1 in text object [Content].
The character with Unicode value \uB2E4 was not found in the [SourceHanSerifCN-Heavy SDF] font asset or any potential fallbacks. It was replaced by Unicode character \u25A1 in text object [Content].
The character with Unicode value \uAE30 was not found in the [SourceHanSerifCN-Heavy SDF] font asset or any potential fallbacks. It was replaced by Unicode character \u25A1 in text object [Content].
The character with Unicode value \uD68C was not found in the [SourceHanSerifCN-Heavy SDF] font asset or any potential fallbacks. It was replaced by Unicode character \u25A1 in text object [Content].
The character with Unicode value \uAC00 was not found in the [SourceHanSerifCN-Heavy SDF] font asset or any potential fallbacks. It was replaced by Unicode character \u25A1 in text object [Content].
The character with Unicode value \uB418 was not found in the [SourceHanSerifCN-Heavy SDF] font asset or any potential fallbacks. It was replaced by Unicode character \u25A1 in text object [Content].
The character with Unicode value \uBA74 was not found in the [SourceHanSerifCN-Heavy SDF] font asset or any potential fallbacks. It was replaced by Unicode character \u25A1 in text object [Content].
The character with Unicode value \uC560 was not found in the [SourceHanSerifCN-Heavy SDF] font asset or any potential fallbacks. It was replaced by Unicode character \u25A1 in text object [Content].
The character with Unicode value \uB2C8 was not found in the [SourceHanSerifCN-Heavy SDF] font asset or any potential fallbacks. It was replaced by Unicode character \u25A1 in text object [Content].
The character with Unicode value \uBA54 was not found in the [SourceHanSerifCN-Heavy SDF] font asset or any potential fallbacks. It was replaced by Unicode character \u25A1 in text object [Content].
The character with Unicode value \uC774 was not found in the [SourceHanSerifCN-Heavy SDF] font asset or any potential fallbacks. It was replaced by Unicode character \u25A1 in text object [Content].
The character with Unicode value \uC158 was not found in the [SourceHanSerifCN-Heavy SDF] font asset or any potential fallbacks. It was replaced by Unicode character \u25A1 in text object [Content].
The character with Unicode value \uC744 was not found in the [SourceHanSerifCN-Heavy SDF] font asset or any potential fallbacks. It was replaced by Unicode character \u25A1 in text object [Content].
The character with Unicode value \uC9C1 was not found in the [SourceHanSerifCN-Heavy SDF] font asset or any potential fallbacks. It was replaced by Unicode character \u25A1 in text object [Content].
The character with Unicode value \uC811 was not found in the [SourceHanSerifCN-Heavy SDF] font asset or any potential fallbacks. It was replaced by Unicode character \u25A1 in text object [Content].
The character with Unicode value \uACBD was not found in the [SourceHanSerifCN-Heavy SDF] font asset or any potential fallbacks. It was replaced by Unicode character \u25A1 in text object [Content].
The character with Unicode value \uD5D8 was not found in the [SourceHanSerifCN-Heavy SDF] font asset or any potential fallbacks. It was replaced by Unicode character \u25A1 in text object [Content].
The character with Unicode value \uD574 was not found in the [SourceHanSerifCN-Heavy SDF] font asset or any potential fallbacks. It was replaced by Unicode character \u25A1 in text object [Content].
The character with Unicode value \uBCF4 was not found in the [SourceHanSerifCN-Heavy SDF] font asset or any potential fallbacks. It was replaced by Unicode character \u25A1 in text object [Content].
The character with Unicode value \uC2DC was not found in the [SourceHanSerifCN-Heavy SDF] font asset or any potential fallbacks. It was replaced by Unicode character \u25A1 in text object [Content].
The character with Unicode value \uAE38 was not found in the [SourceHanSerifCN-Heavy SDF] font asset or any potential fallbacks. It was replaced by Unicode character \u25A1 in text object [Content].
The character with Unicode value \uAD8C was not found in the [SourceHanSerifCN-Heavy SDF] font asset or any potential fallbacks. It was replaced by Unicode character \u25A1 in text object [Content].
The character with Unicode value \uD569 was not found in the [SourceHanSerifCN-Heavy SDF] font asset or any potential fallbacks. It was replaced by Unicode character \u25A1 in text object [Content].
The character with Unicode value \uB2C8 was not found in the [SourceHanSerifCN-Heavy SDF] font asset or any potential fallbacks. It was replaced by Unicode character \u25A1 in text object [Content].
The character with Unicode value \uB2E4 was not found in the [SourceHanSerifCN-Heavy SDF] font asset or any potential fallbacks. It was replaced by Unicode character \u25A1 in text object [Content].
The character with Unicode value \uC560 was not found in the [SourceHanSerifCN-Heavy SDF] font asset or any potential fallbacks. It was replaced by Unicode character \u25A1 in text object [Content].
The character with Unicode value \uB2C8 was not found in the [SourceHanSerifCN-Heavy SDF] font asset or any potential fallbacks. It was replaced by Unicode character \u25A1 in text object [Content].
The character with Unicode value \uBA54 was not found in the [SourceHanSerifCN-Heavy SDF] font asset or any potential fallbacks. It was replaced by Unicode character \u25A1 in text object [Content].
The character with Unicode value \uC774 was not found in the [SourceHanSerifCN-Heavy SDF] font asset or any potential fallbacks. It was replaced by Unicode character \u25A1 in text object [Content].
The character with Unicode value \uC158 was not found in the [SourceHanSerifCN-Heavy SDF] font asset or any potential fallbacks. It was replaced by Unicode character \u25A1 in text object [Content].
The character with Unicode value \uC774 was not found in the [SourceHanSerifCN-Heavy SDF] font asset or any potential fallbacks. It was replaced by Unicode character \u25A1 in text object [Content].
The character with Unicode value \uC694 was not found in the [SourceHanSerifCN-Heavy SDF] font asset or any potential fallbacks. It was replaced by Unicode character \u25A1 in text object [Content].
The character with Unicode value \uC998 was not found in the [SourceHanSerifCN-Heavy SDF] font asset or any potential fallbacks. It was replaced by Unicode character \u25A1 in text object [Content].
The character with Unicode value \uD2B9 was not found in the [SourceHanSerifCN-Heavy SDF] font asset or any potential fallbacks. It was replaced by Unicode character \u25A1 in text object [Content].
The character with Unicode value \uD788 was not found in the [SourceHanSerifCN-Heavy SDF] font asset or any potential fallbacks. It was replaced by Unicode character \u25A1 in text object [Content].
The character with Unicode value \uC8FC was not found in the [SourceHanSerifCN-Heavy SDF] font asset or any potential fallbacks. It was replaced by Unicode character \u25A1 in text object [Content].
The character with Unicode value \uBAA9 was not found in the [SourceHanSerifCN-Heavy SDF] font asset or any potential fallbacks. It was replaced by Unicode character \u25A1 in text object [Content].
The character with Unicode value \uBC1B was not found in the [SourceHanSerifCN-Heavy SDF] font asset or any potential fallbacks. It was replaced by Unicode character \u25A1 in text object [Content].
The character with Unicode value \uACE0 was not found in the [SourceHanSerifCN-Heavy SDF] font asset or any potential fallbacks. It was replaced by Unicode character \u25A1 in text object [Content].
The character with Unicode value \uC788 was not found in the [SourceHanSerifCN-Heavy SDF] font asset or any potential fallbacks. It was replaced by Unicode character \u25A1 in text object [Content].
The character with Unicode value \uC2B5 was not found in the [SourceHanSerifCN-Heavy SDF] font asset or any potential fallbacks. It was replaced by Unicode character \u25A1 in text object [Content].
The character with Unicode value \uB2C8 was not found in the [SourceHanSerifCN-Heavy SDF] font asset or any potential fallbacks. It was replaced by Unicode character \u25A1 in text object [Content].
The character with Unicode value \uB2E4 was not found in the [SourceHanSerifCN-Heavy SDF] font asset or any potential fallbacks. It was replaced by Unicode character \u25A1 in text object [Content].
The character with Unicode value \uD55C was not found in the [SourceHanSerifCN-Heavy SDF] font asset or any potential fallbacks. It was replaced by Unicode character \u25A1 in text object [Content].
The character with Unicode value \uAD6D was not found in the [SourceHanSerifCN-Heavy SDF] font asset or any potential fallbacks. It was replaced by Unicode character \u25A1 in text object [Content].
The character with Unicode value \uC560 was not found in the [SourceHanSerifCN-Heavy SDF] font asset or any potential fallbacks. It was replaced by Unicode character \u25A1 in text object [Content].
The character with Unicode value \uB2C8 was not found in the [SourceHanSerifCN-Heavy SDF] font asset or any potential fallbacks. It was replaced by Unicode character \u25A1 in text object [Content].
The character with Unicode value \uBA54 was not found in the [SourceHanSerifCN-Heavy SDF] font asset or any potential fallbacks. It was replaced by Unicode character \u25A1 in text object [Content].
The character with Unicode value \uC774 was not found in the [SourceHanSerifCN-Heavy SDF] font asset or any potential fallbacks. It was replaced by Unicode character \u25A1 in text object [Content].
The character with Unicode value \uC158 was not found in the [SourceHanSerifCN-Heavy SDF] font asset or any potential fallbacks. It was replaced by Unicode character \u25A1 in text object [Content].
The character with Unicode value \uC740 was not found in the [SourceHanSerifCN-Heavy SDF] font asset or any potential fallbacks. It was replaced by Unicode character \u25A1 in text object [Content].
The character with Unicode value \uC138 was not found in the [SourceHanSerifCN-Heavy SDF] font asset or any potential fallbacks. It was replaced by Unicode character \u25A1 in text object [Content].
The character with Unicode value \uACC4 was not found in the [SourceHanSerifCN-Heavy SDF] font asset or any potential fallbacks. It was replaced by Unicode character \u25A1 in text object [Content].
The character with Unicode value \uC801 was not found in the [SourceHanSerifCN-Heavy SDF] font asset or any potential fallbacks. It was replaced by Unicode character \u25A1 in text object [Content].
The character with Unicode value \uC73C was not found in the [SourceHanSerifCN-Heavy SDF] font asset or any potential fallbacks. It was replaced by Unicode character \u25A1 in text object [Content].
The character with Unicode value \uB85C was not found in the [SourceHanSerifCN-Heavy SDF] font asset or any potential fallbacks. It was replaced by Unicode character \u25A1 in text object [Content].
The character with Unicode value \uC720 was not found in the [SourceHanSerifCN-Heavy SDF] font asset or any potential fallbacks. It was replaced by Unicode character \u25A1 in text object [Content].
The character with Unicode value \uBA85 was not found in the [SourceHanSerifCN-Heavy SDF] font asset or any potential fallbacks. It was replaced by Unicode character \u25A1 in text object [Content].
The character with Unicode value \uD569 was not found in the [SourceHanSerifCN-Heavy SDF] font asset or any potential fallbacks. It was replaced by Unicode character \u25A1 in text object [Content].
The character with Unicode value \uB2C8 was not found in the [SourceHanSerifCN-Heavy SDF] font asset or any potential fallbacks. It was replaced by Unicode character \u25A1 in text object [Content].
The character with Unicode value \uB2E4 was not found in the [SourceHanSerifCN-Heavy SDF] font asset or any potential fallbacks. It was replaced by Unicode character \u25A1 in text object [Content].
The character with Unicode value \uAE30 was not found in the [SourceHanSerifCN-Heavy SDF] font asset or any potential fallbacks. It was replaced by Unicode character \u25A1 in text object [Content].
The character with Unicode value \uD68C was not found in the [SourceHanSerifCN-Heavy SDF] font asset or any potential fallbacks. It was replaced by Unicode character \u25A1 in text object [Content].
The character with Unicode value \uAC00 was not found in the [SourceHanSerifCN-Heavy SDF] font asset or any potential fallbacks. It was replaced by Unicode character \u25A1 in text object [Content].
The character with Unicode value \uB418 was not found in the [SourceHanSerifCN-Heavy SDF] font asset or any potential fallbacks. It was replaced by Unicode character \u25A1 in text object [Content].
The character with Unicode value \uBA74 was not found in the [SourceHanSerifCN-Heavy SDF] font asset or any potential fallbacks. It was replaced by Unicode character \u25A1 in text object [Content].
The character with Unicode value \uC560 was not found in the [SourceHanSerifCN-Heavy SDF] font asset or any potential fallbacks. It was replaced by Unicode character \u25A1 in text object [Content].
The character with Unicode value \uB2C8 was not found in the [SourceHanSerifCN-Heavy SDF] font asset or any potential fallbacks. It was replaced by Unicode character \u25A1 in text object [Content].
The character with Unicode value \uBA54 was not found in the [SourceHanSerifCN-Heavy SDF] font asset or any potential fallbacks. It was replaced by Unicode character \u25A1 in text object [Content].
The character with Unicode value \uC774 was not found in the [SourceHanSerifCN-Heavy SDF] font asset or any potential fallbacks. It was replaced by Unicode character \u25A1 in text object [Content].
The character with Unicode value \uC158 was not found in the [SourceHanSerifCN-Heavy SDF] font asset or any potential fallbacks. It was replaced by Unicode character \u25A1 in text object [Content].
The character with Unicode value \uC744 was not found in the [SourceHanSerifCN-Heavy SDF] font asset or any potential fallbacks. It was replaced by Unicode character \u25A1 in text object [Content].
The character with Unicode value \uC9C1 was not found in the [SourceHanSerifCN-Heavy SDF] font asset or any potential fallbacks. It was replaced by Unicode character \u25A1 in text object [Content].
The character with Unicode value \uC811 was not found in the [SourceHanSerifCN-Heavy SDF] font asset or any potential fallbacks. It was replaced by Unicode character \u25A1 in text object [Content].
The character with Unicode value \uACBD was not found in the [SourceHanSerifCN-Heavy SDF] font asset or any potential fallbacks. It was replaced by Unicode character \u25A1 in text object [Content].
The character with Unicode value \uD5D8 was not found in the [SourceHanSerifCN-Heavy SDF] font asset or any potential fallbacks. It was replaced by Unicode character \u25A1 in text object [Content].
The character with Unicode value \uD574 was not found in the [SourceHanSerifCN-Heavy SDF] font asset or any potential fallbacks. It was replaced by Unicode character \u25A1 in text object [Content].
The character with Unicode value \uBCF4 was not found in the [SourceHanSerifCN-Heavy SDF] font asset or any potential fallbacks. It was replaced by Unicode character \u25A1 in text object [Content].
The character with Unicode value \uC2DC was not found in the [SourceHanSerifCN-Heavy SDF] font asset or any potential fallbacks. It was replaced by Unicode character \u25A1 in text object [Content].
The character with Unicode value \uAE38 was not found in the [SourceHanSerifCN-Heavy SDF] font asset or any potential fallbacks. It was replaced by Unicode character \u25A1 in text object [Content].
The character with Unicode value \uAD8C was not found in the [SourceHanSerifCN-Heavy SDF] font asset or any potential fallbacks. It was replaced by Unicode character \u25A1 in text object [Content].
The character with Unicode value \uD569 was not found in the [SourceHanSerifCN-Heavy SDF] font asset or any potential fallbacks. It was replaced by Unicode character \u25A1 in text object [Content].
The character with Unicode value \uB2C8 was not found in the [SourceHanSerifCN-Heavy SDF] font asset or any potential fallbacks. It was replaced by Unicode character \u25A1 in text object [Content].
The character with Unicode value \uB2E4 was not found in the [SourceHanSerifCN-Heavy SDF] font asset or any potential fallbacks. It was replaced by Unicode character \u25A1 in text object [Content].
The character with Unicode value \uC560 was not found in the [SourceHanSerifCN-Heavy SDF] font asset or any potential fallbacks. It was replaced by Unicode character \u25A1 in text object [Content].
The character with Unicode value \uB2C8 was not found in the [SourceHanSerifCN-Heavy SDF] font asset or any potential fallbacks. It was replaced by Unicode character \u25A1 in text object [Content].
The character with Unicode value \uBA54 was not found in the [SourceHanSerifCN-Heavy SDF] font asset or any potential fallbacks. It was replaced by Unicode character \u25A1 in text object [Content].
The character with Unicode value \uC774 was not found in the [SourceHanSerifCN-Heavy SDF] font asset or any potential fallbacks. It was replaced by Unicode character \u25A1 in text object [Content].
The character with Unicode value \uC158 was not found in the [SourceHanSerifCN-Heavy SDF] font asset or any potential fallbacks. It was replaced by Unicode character \u25A1 in text object [Content].
The character with Unicode value \uC774 was not found in the [SourceHanSerifCN-Heavy SDF] font asset or any potential fallbacks. It was replaced by Unicode character \u25A1 in text object [Content].
The character with Unicode value \uC694 was not found in the [SourceHanSerifCN-Heavy SDF] font asset or any potential fallbacks. It was replaced by Unicode character \u25A1 in text object [Content].
The character with Unicode value \uC998 was not found in the [SourceHanSerifCN-Heavy SDF] font asset or any potential fallbacks. It was replaced by Unicode character \u25A1 in text object [Content].
The character with Unicode value \uD2B9 was not found in the [SourceHanSerifCN-Heavy SDF] font asset or any potential fallbacks. It was replaced by Unicode character \u25A1 in text object [Content].
The character with Unicode value \uD788 was not found in the [SourceHanSerifCN-Heavy SDF] font asset or any potential fallbacks. It was replaced by Unicode character \u25A1 in text object [Content].
The character with Unicode value \uC8FC was not found in the [SourceHanSerifCN-Heavy SDF] font asset or any potential fallbacks. It was replaced by Unicode character \u25A1 in text object [Content].
The character with Unicode value \uBAA9 was not found in the [SourceHanSerifCN-Heavy SDF] font asset or any potential fallbacks. It was replaced by Unicode character \u25A1 in text object [Content].
The character with Unicode value \uBC1B was not found in the [SourceHanSerifCN-Heavy SDF] font asset or any potential fallbacks. It was replaced by Unicode character \u25A1 in text object [Content].
The character with Unicode value \uACE0 was not found in the [SourceHanSerifCN-Heavy SDF] font asset or any potential fallbacks. It was replaced by Unicode character \u25A1 in text object [Content].
The character with Unicode value \uC788 was not found in the [SourceHanSerifCN-Heavy SDF] font asset or any potential fallbacks. It was replaced by Unicode character \u25A1 in text object [Content].
The character with Unicode value \uC2B5 was not found in the [SourceHanSerifCN-Heavy SDF] font asset or any potential fallbacks. It was replaced by Unicode character \u25A1 in text object [Content].
The character with Unicode value \uB2C8 was not found in the [SourceHanSerifCN-Heavy SDF] font asset or any potential fallbacks. It was replaced by Unicode character \u25A1 in text object [Content].
The character with Unicode value \uB2E4 was not found in the [SourceHanSerifCN-Heavy SDF] font asset or any potential fallbacks. It was replaced by Unicode character \u25A1 in text object [Content].
[Info   :  WCP Host] WcpHost: 长帧 198ms — mod 本帧占用 0.0ms（0.0%） GC本帧=0:0 1:0 2:0 本帧 Top=无 mod 操作
The character with Unicode value \uD55C was not found in the [SourceHanSerifCN-Heavy SDF] font asset or any potential fallbacks. It was replaced by Unicode character \u25A1 in text object [Content].
The character with Unicode value \uAD6D was not found in the [SourceHanSerifCN-Heavy SDF] font asset or any potential fallbacks. It was replaced by Unicode character \u25A1 in text object [Content].
The character with Unicode value \uC560 was not found in the [SourceHanSerifCN-Heavy SDF] font asset or any potential fallbacks. It was replaced by Unicode character \u25A1 in text object [Content].
The character with Unicode value \uB2C8 was not found in the [SourceHanSerifCN-Heavy SDF] font asset or any potential fallbacks. It was replaced by Unicode character \u25A1 in text object [Content].
The character with Unicode value \uBA54 was not found in the [SourceHanSerifCN-Heavy SDF] font asset or any potential fallbacks. It was replaced by Unicode character \u25A1 in text object [Content].
The character with Unicode value \uC774 was not found in the [SourceHanSerifCN-Heavy SDF] font asset or any potential fallbacks. It was replaced by Unicode character \u25A1 in text object [Content].
The character with Unicode value \uC158 was not found in the [SourceHanSerifCN-Heavy SDF] font asset or any potential fallbacks. It was replaced by Unicode character \u25A1 in text object [Content].
The character with Unicode value \uC740 was not found in the [SourceHanSerifCN-Heavy SDF] font asset or any potential fallbacks. It was replaced by Unicode character \u25A1 in text object [Content].
The character with Unicode value \uC138 was not found in the [SourceHanSerifCN-Heavy SDF] font asset or any potential fallbacks. It was replaced by Unicode character \u25A1 in text object [Content].
The character with Unicode value \uACC4 was not found in the [SourceHanSerifCN-Heavy SDF] font asset or any potential fallbacks. It was replaced by Unicode character \u25A1 in text object [Content].
The character with Unicode value \uC801 was not found in the [SourceHanSerifCN-Heavy SDF] font asset or any potential fallbacks. It was replaced by Unicode character \u25A1 in text object [Content].
The character with Unicode value \uC73C was not found in the [SourceHanSerifCN-Heavy SDF] font asset or any potential fallbacks. It was replaced by Unicode character \u25A1 in text object [Content].
The character with Unicode value \uB85C was not found in the [SourceHanSerifCN-Heavy SDF] font asset or any potential fallbacks. It was replaced by Unicode character \u25A1 in text object [Content].
The character with Unicode value \uC720 was not found in the [SourceHanSerifCN-Heavy SDF] font asset or any potential fallbacks. It was replaced by Unicode character \u25A1 in text object [Content].
The character with Unicode value \uBA85 was not found in the [SourceHanSerifCN-Heavy SDF] font asset or any potential fallbacks. It was replaced by Unicode character \u25A1 in text object [Content].
The character with Unicode value \uD569 was not found in the [SourceHanSerifCN-Heavy SDF] font asset or any potential fallbacks. It was replaced by Unicode character \u25A1 in text object [Content].
The character with Unicode value \uB2C8 was not found in the [SourceHanSerifCN-Heavy SDF] font asset or any potential fallbacks. It was replaced by Unicode character \u25A1 in text object [Content].
The character with Unicode value \uB2E4 was not found in the [SourceHanSerifCN-Heavy SDF] font asset or any potential fallbacks. It was replaced by Unicode character \u25A1 in text object [Content].
The character with Unicode value \uAE30 was not found in the [SourceHanSerifCN-Heavy SDF] font asset or any potential fallbacks. It was replaced by Unicode character \u25A1 in text object [Content].
The character with Unicode value \uD68C was not found in the [SourceHanSerifCN-Heavy SDF] font asset or any potential fallbacks. It was replaced by Unicode character \u25A1 in text object [Content].
The character with Unicode value \uAC00 was not found in the [SourceHanSerifCN-Heavy SDF] font asset or any potential fallbacks. It was replaced by Unicode character \u25A1 in text object [Content].
The character with Unicode value \uB418 was not found in the [SourceHanSerifCN-Heavy SDF] font asset or any potential fallbacks. It was replaced by Unicode character \u25A1 in text object [Content].
The character with Unicode value \uBA74 was not found in the [SourceHanSerifCN-Heavy SDF] font asset or any potential fallbacks. It was replaced by Unicode character \u25A1 in text object [Content].
The character with Unicode value \uC560 was not found in the [SourceHanSerifCN-Heavy SDF] font asset or any potential fallbacks. It was replaced by Unicode character \u25A1 in text object [Content].
The character with Unicode value \uB2C8 was not found in the [SourceHanSerifCN-Heavy SDF] font asset or any potential fallbacks. It was replaced by Unicode character \u25A1 in text object [Content].
The character with Unicode value \uBA54 was not found in the [SourceHanSerifCN-Heavy SDF] font asset or any potential fallbacks. It was replaced by Unicode character \u25A1 in text object [Content].
The character with Unicode value \uC774 was not found in the [SourceHanSerifCN-Heavy SDF] font asset or any potential fallbacks. It was replaced by Unicode character \u25A1 in text object [Content].
The character with Unicode value \uC158 was not found in the [SourceHanSerifCN-Heavy SDF] font asset or any potential fallbacks. It was replaced by Unicode character \u25A1 in text object [Content].
The character with Unicode value \uC744 was not found in the [SourceHanSerifCN-Heavy SDF] font asset or any potential fallbacks. It was replaced by Unicode character \u25A1 in text object [Content].
The character with Unicode value \uC9C1 was not found in the [SourceHanSerifCN-Heavy SDF] font asset or any potential fallbacks. It was replaced by Unicode character \u25A1 in text object [Content].
The character with Unicode value \uC811 was not found in the [SourceHanSerifCN-Heavy SDF] font asset or any potential fallbacks. It was replaced by Unicode character \u25A1 in text object [Content].
The character with Unicode value \uACBD was not found in the [SourceHanSerifCN-Heavy SDF] font asset or any potential fallbacks. It was replaced by Unicode character \u25A1 in text object [Content].
The character with Unicode value \uD5D8 was not found in the [SourceHanSerifCN-Heavy SDF] font asset or any potential fallbacks. It was replaced by Unicode character \u25A1 in text object [Content].
The character with Unicode value \uD574 was not found in the [SourceHanSerifCN-Heavy SDF] font asset or any potential fallbacks. It was replaced by Unicode character \u25A1 in text object [Content].
The character with Unicode value \uBCF4 was not found in the [SourceHanSerifCN-Heavy SDF] font asset or any potential fallbacks. It was replaced by Unicode character \u25A1 in text object [Content].
The character with Unicode value \uC2DC was not found in the [SourceHanSerifCN-Heavy SDF] font asset or any potential fallbacks. It was replaced by Unicode character \u25A1 in text object [Content].
The character with Unicode value \uAE38 was not found in the [SourceHanSerifCN-Heavy SDF] font asset or any potential fallbacks. It was replaced by Unicode character \u25A1 in text object [Content].
The character with Unicode value \uAD8C was not found in the [SourceHanSerifCN-Heavy SDF] font asset or any potential fallbacks. It was replaced by Unicode character \u25A1 in text object [Content].
The character with Unicode value \uD569 was not found in the [SourceHanSerifCN-Heavy SDF] font asset or any potential fallbacks. It was replaced by Unicode character \u25A1 in text object [Content].
The character with Unicode value \uB2C8 was not found in the [SourceHanSerifCN-Heavy SDF] font asset or any potential fallbacks. It was replaced by Unicode character \u25A1 in text object [Content].
The character with Unicode value \uB2E4 was not found in the [SourceHanSerifCN-Heavy SDF] font asset or any potential fallbacks. It was replaced by Unicode character \u25A1 in text object [Content].
The character with Unicode value \uC560 was not found in the [SourceHanSerifCN-Heavy SDF] font asset or any potential fallbacks. It was replaced by Unicode character \u25A1 in text object [Content].
The character with Unicode value \uB2C8 was not found in the [SourceHanSerifCN-Heavy SDF] font asset or any potential fallbacks. It was replaced by Unicode character \u25A1 in text object [Content].
The character with Unicode value \uBA54 was not found in the [SourceHanSerifCN-Heavy SDF] font asset or any potential fallbacks. It was replaced by Unicode character \u25A1 in text object [Content].
The character with Unicode value \uC774 was not found in the [SourceHanSerifCN-Heavy SDF] font asset or any potential fallbacks. It was replaced by Unicode character \u25A1 in text object [Content].
The character with Unicode value \uC158 was not found in the [SourceHanSerifCN-Heavy SDF] font asset or any potential fallbacks. It was replaced by Unicode character \u25A1 in text object [Content].
The character with Unicode value \uC774 was not found in the [SourceHanSerifCN-Heavy SDF] font asset or any potential fallbacks. It was replaced by Unicode character \u25A1 in text object [Content].
The character with Unicode value \uC694 was not found in the [SourceHanSerifCN-Heavy SDF] font asset or any potential fallbacks. It was replaced by Unicode character \u25A1 in text object [Content].
The character with Unicode value \uC998 was not found in the [SourceHanSerifCN-Heavy SDF] font asset or any potential fallbacks. It was replaced by Unicode character \u25A1 in text object [Content].
The character with Unicode value \uD2B9 was not found in the [SourceHanSerifCN-Heavy SDF] font asset or any potential fallbacks. It was replaced by Unicode character \u25A1 in text object [Content].
The character with Unicode value \uD788 was not found in the [SourceHanSerifCN-Heavy SDF] font asset or any potential fallbacks. It was replaced by Unicode character \u25A1 in text object [Content].
The character with Unicode value \uC8FC was not found in the [SourceHanSerifCN-Heavy SDF] font asset or any potential fallbacks. It was replaced by Unicode character \u25A1 in text object [Content].
The character with Unicode value \uBAA9 was not found in the [SourceHanSerifCN-Heavy SDF] font asset or any potential fallbacks. It was replaced by Unicode character \u25A1 in text object [Content].
The character with Unicode value \uBC1B was not found in the [SourceHanSerifCN-Heavy SDF] font asset or any potential fallbacks. It was replaced by Unicode character \u25A1 in text object [Content].
The character with Unicode value \uACE0 was not found in the [SourceHanSerifCN-Heavy SDF] font asset or any potential fallbacks. It was replaced by Unicode character \u25A1 in text object [Content].
The character with Unicode value \uC788 was not found in the [SourceHanSerifCN-Heavy SDF] font asset or any potential fallbacks. It was replaced by Unicode character \u25A1 in text object [Content].
The character with Unicode value \uC2B5 was not found in the [SourceHanSerifCN-Heavy SDF] font asset or any potential fallbacks. It was replaced by Unicode character \u25A1 in text object [Content].
The character with Unicode value \uB2C8 was not found in the [SourceHanSerifCN-Heavy SDF] font asset or any potential fallbacks. It was replaced by Unicode character \u25A1 in text object [Content].
The character with Unicode value \uB2E4 was not found in the [SourceHanSerifCN-Heavy SDF] font asset or any potential fallbacks. It was replaced by Unicode character \u25A1 in text object [Content].
The character with Unicode value \uD55C was not found in the [SourceHanSerifCN-Heavy SDF] font asset or any potential fallbacks. It was replaced by Unicode character \u25A1 in text object [Content].
The character with Unicode value \uAD6D was not found in the [SourceHanSerifCN-Heavy SDF] font asset or any potential fallbacks. It was replaced by Unicode character \u25A1 in text object [Content].
The character with Unicode value \uC560 was not found in the [SourceHanSerifCN-Heavy SDF] font asset or any potential fallbacks. It was replaced by Unicode character \u25A1 in text object [Content].
The character with Unicode value \uB2C8 was not found in the [SourceHanSerifCN-Heavy SDF] font asset or any potential fallbacks. It was replaced by Unicode character \u25A1 in text object [Content].
The character with Unicode value \uBA54 was not found in the [SourceHanSerifCN-Heavy SDF] font asset or any potential fallbacks. It was replaced by Unicode character \u25A1 in text object [Content].
The character with Unicode value \uC774 was not found in the [SourceHanSerifCN-Heavy SDF] font asset or any potential fallbacks. It was replaced by Unicode character \u25A1 in text object [Content].
The character with Unicode value \uC158 was not found in the [SourceHanSerifCN-Heavy SDF] font asset or any potential fallbacks. It was replaced by Unicode character \u25A1 in text object [Content].
The character with Unicode value \uC740 was not found in the [SourceHanSerifCN-Heavy SDF] font asset or any potential fallbacks. It was replaced by Unicode character \u25A1 in text object [Content].
The character with Unicode value \uC138 was not found in the [SourceHanSerifCN-Heavy SDF] font asset or any potential fallbacks. It was replaced by Unicode character \u25A1 in text object [Content].
The character with Unicode value \uACC4 was not found in the [SourceHanSerifCN-Heavy SDF] font asset or any potential fallbacks. It was replaced by Unicode character \u25A1 in text object [Content].
The character with Unicode value \uC801 was not found in the [SourceHanSerifCN-Heavy SDF] font asset or any potential fallbacks. It was replaced by Unicode character \u25A1 in text object [Content].
The character with Unicode value \uC73C was not found in the [SourceHanSerifCN-Heavy SDF] font asset or any potential fallbacks. It was replaced by Unicode character \u25A1 in text object [Content].
The character with Unicode value \uB85C was not found in the [SourceHanSerifCN-Heavy SDF] font asset or any potential fallbacks. It was replaced by Unicode character \u25A1 in text object [Content].
The character with Unicode value \uC720 was not found in the [SourceHanSerifCN-Heavy SDF] font asset or any potential fallbacks. It was replaced by Unicode character \u25A1 in text object [Content].
The character with Unicode value \uBA85 was not found in the [SourceHanSerifCN-Heavy SDF] font asset or any potential fallbacks. It was replaced by Unicode character \u25A1 in text object [Content].
The character with Unicode value \uD569 was not found in the [SourceHanSerifCN-Heavy SDF] font asset or any potential fallbacks. It was replaced by Unicode character \u25A1 in text object [Content].
The character with Unicode value \uB2C8 was not found in the [SourceHanSerifCN-Heavy SDF] font asset or any potential fallbacks. It was replaced by Unicode character \u25A1 in text object [Content].
The character with Unicode value \uB2E4 was not found in the [SourceHanSerifCN-Heavy SDF] font asset or any potential fallbacks. It was replaced by Unicode character \u25A1 in text object [Content].
The character with Unicode value \uAE30 was not found in the [SourceHanSerifCN-Heavy SDF] font asset or any potential fallbacks. It was replaced by Unicode character \u25A1 in text object [Content].
The character with Unicode value \uD68C was not found in the [SourceHanSerifCN-Heavy SDF] font asset or any potential fallbacks. It was replaced by Unicode character \u25A1 in text object [Content].
The character with Unicode value \uAC00 was not found in the [SourceHanSerifCN-Heavy SDF] font asset or any potential fallbacks. It was replaced by Unicode character \u25A1 in text object [Content].
The character with Unicode value \uB418 was not found in the [SourceHanSerifCN-Heavy SDF] font asset or any potential fallbacks. It was replaced by Unicode character \u25A1 in text object [Content].
The character with Unicode value \uBA74 was not found in the [SourceHanSerifCN-Heavy SDF] font asset or any potential fallbacks. It was replaced by Unicode character \u25A1 in text object [Content].
The character with Unicode value \uC560 was not found in the [SourceHanSerifCN-Heavy SDF] font asset or any potential fallbacks. It was replaced by Unicode character \u25A1 in text object [Content].
The character with Unicode value \uB2C8 was not found in the [SourceHanSerifCN-Heavy SDF] font asset or any potential fallbacks. It was replaced by Unicode character \u25A1 in text object [Content].
The character with Unicode value \uBA54 was not found in the [SourceHanSerifCN-Heavy SDF] font asset or any potential fallbacks. It was replaced by Unicode character \u25A1 in text object [Content].
The character with Unicode value \uC774 was not found in the [SourceHanSerifCN-Heavy SDF] font asset or any potential fallbacks. It was replaced by Unicode character \u25A1 in text object [Content].
The character with Unicode value \uC158 was not found in the [SourceHanSerifCN-Heavy SDF] font asset or any potential fallbacks. It was replaced by Unicode character \u25A1 in text object [Content].
The character with Unicode value \uC744 was not found in the [SourceHanSerifCN-Heavy SDF] font asset or any potential fallbacks. It was replaced by Unicode character \u25A1 in text object [Content].
The character with Unicode value \uC9C1 was not found in the [SourceHanSerifCN-Heavy SDF] font asset or any potential fallbacks. It was replaced by Unicode character \u25A1 in text object [Content].
The character with Unicode value \uC811 was not found in the [SourceHanSerifCN-Heavy SDF] font asset or any potential fallbacks. It was replaced by Unicode character \u25A1 in text object [Content].
The character with Unicode value \uACBD was not found in the [SourceHanSerifCN-Heavy SDF] font asset or any potential fallbacks. It was replaced by Unicode character \u25A1 in text object [Content].
The character with Unicode value \uD5D8 was not found in the [SourceHanSerifCN-Heavy SDF] font asset or any potential fallbacks. It was replaced by Unicode character \u25A1 in text object [Content].
The character with Unicode value \uD574 was not found in the [SourceHanSerifCN-Heavy SDF] font asset or any potential fallbacks. It was replaced by Unicode character \u25A1 in text object [Content].
The character with Unicode value \uBCF4 was not found in the [SourceHanSerifCN-Heavy SDF] font asset or any potential fallbacks. It was replaced by Unicode character \u25A1 in text object [Content].
The character with Unicode value \uC2DC was not found in the [SourceHanSerifCN-Heavy SDF] font asset or any potential fallbacks. It was replaced by Unicode character \u25A1 in text object [Content].
The character with Unicode value \uAE38 was not found in the [SourceHanSerifCN-Heavy SDF] font asset or any potential fallbacks. It was replaced by Unicode character \u25A1 in text object [Content].
The character with Unicode value \uAD8C was not found in the [SourceHanSerifCN-Heavy SDF] font asset or any potential fallbacks. It was replaced by Unicode character \u25A1 in text object [Content].
The character with Unicode value \uD569 was not found in the [SourceHanSerifCN-Heavy SDF] font asset or any potential fallbacks. It was replaced by Unicode character \u25A1 in text object [Content].
The character with Unicode value \uB2C8 was not found in the [SourceHanSerifCN-Heavy SDF] font asset or any potential fallbacks. It was replaced by Unicode character \u25A1 in text object [Content].
The character with Unicode value \uB2E4 was not found in the [SourceHanSerifCN-Heavy SDF] font asset or any potential fallbacks. It was replaced by Unicode character \u25A1 in text object [Content].
The character with Unicode value \uC560 was not found in the [SourceHanSerifCN-Heavy SDF] font asset or any potential fallbacks. It was replaced by Unicode character \u25A1 in text object [Content].
The character with Unicode value \uB2C8 was not found in the [SourceHanSerifCN-Heavy SDF] font asset or any potential fallbacks. It was replaced by Unicode character \u25A1 in text object [Content].
The character with Unicode value \uBA54 was not found in the [SourceHanSerifCN-Heavy SDF] font asset or any potential fallbacks. It was replaced by Unicode character \u25A1 in text object [Content].
The character with Unicode value \uC774 was not found in the [SourceHanSerifCN-Heavy SDF] font asset or any potential fallbacks. It was replaced by Unicode character \u25A1 in text object [Content].
The character with Unicode value \uC158 was not found in the [SourceHanSerifCN-Heavy SDF] font asset or any potential fallbacks. It was replaced by Unicode character \u25A1 in text object [Content].
The character with Unicode value \uC774 was not found in the [SourceHanSerifCN-Heavy SDF] font asset or any potential fallbacks. It was replaced by Unicode character \u25A1 in text object [Content].
The character with Unicode value \uC694 was not found in the [SourceHanSerifCN-Heavy SDF] font asset or any potential fallbacks. It was replaced by Unicode character \u25A1 in text object [Content].
The character with Unicode value \uC998 was not found in the [SourceHanSerifCN-Heavy SDF] font asset or any potential fallbacks. It was replaced by Unicode character \u25A1 in text object [Content].
The character with Unicode value \uD2B9 was not found in the [SourceHanSerifCN-Heavy SDF] font asset or any potential fallbacks. It was replaced by Unicode character \u25A1 in text object [Content].
The character with Unicode value \uD788 was not found in the [SourceHanSerifCN-Heavy SDF] font asset or any potential fallbacks. It was replaced by Unicode character \u25A1 in text object [Content].
The character with Unicode value \uC8FC was not found in the [SourceHanSerifCN-Heavy SDF] font asset or any potential fallbacks. It was replaced by Unicode character \u25A1 in text object [Content].
The character with Unicode value \uBAA9 was not found in the [SourceHanSerifCN-Heavy SDF] font asset or any potential fallbacks. It was replaced by Unicode character \u25A1 in text object [Content].
The character with Unicode value \uBC1B was not found in the [SourceHanSerifCN-Heavy SDF] font asset or any potential fallbacks. It was replaced by Unicode character \u25A1 in text object [Content].
The character with Unicode value \uACE0 was not found in the [SourceHanSerifCN-Heavy SDF] font asset or any potential fallbacks. It was replaced by Unicode character \u25A1 in text object [Content].
The character with Unicode value \uC788 was not found in the [SourceHanSerifCN-Heavy SDF] font asset or any potential fallbacks. It was replaced by Unicode character \u25A1 in text object [Content].
The character with Unicode value \uC2B5 was not found in the [SourceHanSerifCN-Heavy SDF] font asset or any potential fallbacks. It was replaced by Unicode character \u25A1 in text object [Content].
The character with Unicode value \uB2C8 was not found in the [SourceHanSerifCN-Heavy SDF] font asset or any potential fallbacks. It was replaced by Unicode character \u25A1 in text object [Content].
The character with Unicode value \uB2E4 was not found in the [SourceHanSerifCN-Heavy SDF] font asset or any potential fallbacks. It was replaced by Unicode character \u25A1 in text object [Content].
The character with Unicode value \uD55C was not found in the [SourceHanSerifCN-Heavy SDF] font asset or any potential fallbacks. It was replaced by Unicode character \u25A1 in text object [Content].
The character with Unicode value \uAD6D was not found in the [SourceHanSerifCN-Heavy SDF] font asset or any potential fallbacks. It was replaced by Unicode character \u25A1 in text object [Content].
The character with Unicode value \uC560 was not found in the [SourceHanSerifCN-Heavy SDF] font asset or any potential fallbacks. It was replaced by Unicode character \u25A1 in text object [Content].
The character with Unicode value \uB2C8 was not found in the [SourceHanSerifCN-Heavy SDF] font asset or any potential fallbacks. It was replaced by Unicode character \u25A1 in text object [Content].
The character with Unicode value \uBA54 was not found in the [SourceHanSerifCN-Heavy SDF] font asset or any potential fallbacks. It was replaced by Unicode character \u25A1 in text object [Content].
The character with Unicode value \uC774 was not found in the [SourceHanSerifCN-Heavy SDF] font asset or any potential fallbacks. It was replaced by Unicode character \u25A1 in text object [Content].
The character with Unicode value \uC158 was not found in the [SourceHanSerifCN-Heavy SDF] font asset or any potential fallbacks. It was replaced by Unicode character \u25A1 in text object [Content].
The character with Unicode value \uC740 was not found in the [SourceHanSerifCN-Heavy SDF] font asset or any potential fallbacks. It was replaced by Unicode character \u25A1 in text object [Content].
The character with Unicode value \uC138 was not found in the [SourceHanSerifCN-Heavy SDF] font asset or any potential fallbacks. It was replaced by Unicode character \u25A1 in text object [Content].
The character with Unicode value \uACC4 was not found in the [SourceHanSerifCN-Heavy SDF] font asset or any potential fallbacks. It was replaced by Unicode character \u25A1 in text object [Content].
The character with Unicode value \uC801 was not found in the [SourceHanSerifCN-Heavy SDF] font asset or any potential fallbacks. It was replaced by Unicode character \u25A1 in text object [Content].
The character with Unicode value \uC73C was not found in the [SourceHanSerifCN-Heavy SDF] font asset or any potential fallbacks. It was replaced by Unicode character \u25A1 in text object [Content].
The character with Unicode value \uB85C was not found in the [SourceHanSerifCN-Heavy SDF] font asset or any potential fallbacks. It was replaced by Unicode character \u25A1 in text object [Content].
The character with Unicode value \uC720 was not found in the [SourceHanSerifCN-Heavy SDF] font asset or any potential fallbacks. It was replaced by Unicode character \u25A1 in text object [Content].
The character with Unicode value \uBA85 was not found in the [SourceHanSerifCN-Heavy SDF] font asset or any potential fallbacks. It was replaced by Unicode character \u25A1 in text object [Content].
The character with Unicode value \uD569 was not found in the [SourceHanSerifCN-Heavy SDF] font asset or any potential fallbacks. It was replaced by Unicode character \u25A1 in text object [Content].
The character with Unicode value \uB2C8 was not found in the [SourceHanSerifCN-Heavy SDF] font asset or any potential fallbacks. It was replaced by Unicode character \u25A1 in text object [Content].
The character with Unicode value \uB2E4 was not found in the [SourceHanSerifCN-Heavy SDF] font asset or any potential fallbacks. It was replaced by Unicode character \u25A1 in text object [Content].
The character with Unicode value \uAE30 was not found in the [SourceHanSerifCN-Heavy SDF] font asset or any potential fallbacks. It was replaced by Unicode character \u25A1 in text object [Content].
The character with Unicode value \uD68C was not found in the [SourceHanSerifCN-Heavy SDF] font asset or any potential fallbacks. It was replaced by Unicode character \u25A1 in text object [Content].
The character with Unicode value \uAC00 was not found in the [SourceHanSerifCN-Heavy SDF] font asset or any potential fallbacks. It was replaced by Unicode character \u25A1 in text object [Content].
The character with Unicode value \uB418 was not found in the [SourceHanSerifCN-Heavy SDF] font asset or any potential fallbacks. It was replaced by Unicode character \u25A1 in text object [Content].
The character with Unicode value \uBA74 was not found in the [SourceHanSerifCN-Heavy SDF] font asset or any potential fallbacks. It was replaced by Unicode character \u25A1 in text object [Content].
The character with Unicode value \uC560 was not found in the [SourceHanSerifCN-Heavy SDF] font asset or any potential fallbacks. It was replaced by Unicode character \u25A1 in text object [Content].
The character with Unicode value \uB2C8 was not found in the [SourceHanSerifCN-Heavy SDF] font asset or any potential fallbacks. It was replaced by Unicode character \u25A1 in text object [Content].
The character with Unicode value \uBA54 was not found in the [SourceHanSerifCN-Heavy SDF] font asset or any potential fallbacks. It was replaced by Unicode character \u25A1 in text object [Content].
The character with Unicode value \uC774 was not found in the [SourceHanSerifCN-Heavy SDF] font asset or any potential fallbacks. It was replaced by Unicode character \u25A1 in text object [Content].
The character with Unicode value \uC158 was not found in the [SourceHanSerifCN-Heavy SDF] font asset or any potential fallbacks. It was replaced by Unicode character \u25A1 in text object [Content].
The character with Unicode value \uC744 was not found in the [SourceHanSerifCN-Heavy SDF] font asset or any potential fallbacks. It was replaced by Unicode character \u25A1 in text object [Content].
The character with Unicode value \uC9C1 was not found in the [SourceHanSerifCN-Heavy SDF] font asset or any potential fallbacks. It was replaced by Unicode character \u25A1 in text object [Content].
The character with Unicode value \uC811 was not found in the [SourceHanSerifCN-Heavy SDF] font asset or any potential fallbacks. It was replaced by Unicode character \u25A1 in text object [Content].
The character with Unicode value \uACBD was not found in the [SourceHanSerifCN-Heavy SDF] font asset or any potential fallbacks. It was replaced by Unicode character \u25A1 in text object [Content].
The character with Unicode value \uD5D8 was not found in the [SourceHanSerifCN-Heavy SDF] font asset or any potential fallbacks. It was replaced by Unicode character \u25A1 in text object [Content].
The character with Unicode value \uD574 was not found in the [SourceHanSerifCN-Heavy SDF] font asset or any potential fallbacks. It was replaced by Unicode character \u25A1 in text object [Content].
The character with Unicode value \uBCF4 was not found in the [SourceHanSerifCN-Heavy SDF] font asset or any potential fallbacks. It was replaced by Unicode character \u25A1 in text object [Content].
The character with Unicode value \uC2DC was not found in the [SourceHanSerifCN-Heavy SDF] font asset or any potential fallbacks. It was replaced by Unicode character \u25A1 in text object [Content].
The character with Unicode value \uAE38 was not found in the [SourceHanSerifCN-Heavy SDF] font asset or any potential fallbacks. It was replaced by Unicode character \u25A1 in text object [Content].
The character with Unicode value \uAD8C was not found in the [SourceHanSerifCN-Heavy SDF] font asset or any potential fallbacks. It was replaced by Unicode character \u25A1 in text object [Content].
The character with Unicode value \uD569 was not found in the [SourceHanSerifCN-Heavy SDF] font asset or any potential fallbacks. It was replaced by Unicode character \u25A1 in text object [Content].
The character with Unicode value \uB2C8 was not found in the [SourceHanSerifCN-Heavy SDF] font asset or any potential fallbacks. It was replaced by Unicode character \u25A1 in text object [Content].
The character with Unicode value \uB2E4 was not found in the [SourceHanSerifCN-Heavy SDF] font asset or any potential fallbacks. It was replaced by Unicode character \u25A1 in text object [Content].
The character with Unicode value \uC560 was not found in the [SourceHanSerifCN-Heavy SDF] font asset or any potential fallbacks. It was replaced by Unicode character \u25A1 in text object [Content].
The character with Unicode value \uB2C8 was not found in the [SourceHanSerifCN-Heavy SDF] font asset or any potential fallbacks. It was replaced by Unicode character \u25A1 in text object [Content].
The character with Unicode value \uBA54 was not found in the [SourceHanSerifCN-Heavy SDF] font asset or any potential fallbacks. It was replaced by Unicode character \u25A1 in text object [Content].
The character with Unicode value \uC774 was not found in the [SourceHanSerifCN-Heavy SDF] font asset or any potential fallbacks. It was replaced by Unicode character \u25A1 in text object [Content].
The character with Unicode value \uC158 was not found in the [SourceHanSerifCN-Heavy SDF] font asset or any potential fallbacks. It was replaced by Unicode character \u25A1 in text object [Content].
The character with Unicode value \uC774 was not found in the [SourceHanSerifCN-Heavy SDF] font asset or any potential fallbacks. It was replaced by Unicode character \u25A1 in text object [Content].
The character with Unicode value \uC694 was not found in the [SourceHanSerifCN-Heavy SDF] font asset or any potential fallbacks. It was replaced by Unicode character \u25A1 in text object [Content].
The character with Unicode value \uC998 was not found in the [SourceHanSerifCN-Heavy SDF] font asset or any potential fallbacks. It was replaced by Unicode character \u25A1 in text object [Content].
The character with Unicode value \uD2B9 was not found in the [SourceHanSerifCN-Heavy SDF] font asset or any potential fallbacks. It was replaced by Unicode character \u25A1 in text object [Content].
The character with Unicode value \uD788 was not found in the [SourceHanSerifCN-Heavy SDF] font asset or any potential fallbacks. It was replaced by Unicode character \u25A1 in text object [Content].
The character with Unicode value \uC8FC was not found in the [SourceHanSerifCN-Heavy SDF] font asset or any potential fallbacks. It was replaced by Unicode character \u25A1 in text object [Content].
The character with Unicode value \uBAA9 was not found in the [SourceHanSerifCN-Heavy SDF] font asset or any potential fallbacks. It was replaced by Unicode character \u25A1 in text object [Content].
The character with Unicode value \uBC1B was not found in the [SourceHanSerifCN-Heavy SDF] font asset or any potential fallbacks. It was replaced by Unicode character \u25A1 in text object [Content].
The character with Unicode value \uACE0 was not found in the [SourceHanSerifCN-Heavy SDF] font asset or any potential fallbacks. It was replaced by Unicode character \u25A1 in text object [Content].
The character with Unicode value \uC788 was not found in the [SourceHanSerifCN-Heavy SDF] font asset or any potential fallbacks. It was replaced by Unicode character \u25A1 in text object [Content].
The character with Unicode value \uC2B5 was not found in the [SourceHanSerifCN-Heavy SDF] font asset or any potential fallbacks. It was replaced by Unicode character \u25A1 in text object [Content].
The character with Unicode value \uB2C8 was not found in the [SourceHanSerifCN-Heavy SDF] font asset or any potential fallbacks. It was replaced by Unicode character \u25A1 in text object [Content].
The character with Unicode value \uB2E4 was not found in the [SourceHanSerifCN-Heavy SDF] font asset or any potential fallbacks. It was replaced by Unicode character \u25A1 in text object [Content].
执行--《灰
Call to DeinitializeLoader without an initialized manager.Please make sure to wait for initialization to complete before calling this API.
<color=#ff7337><color=#0099bc><b>DOTWEEN ► </b></color> SAFE MODE ►</color> DOTween's safe mode captured 1 errors. This is usually ok (it's what safe mode is there for) but if your game is encountering issues you should set Log Behaviour to Default in DOTween Utility Panel in order to get detailed warnings when an error is captured (consider that these errors are always on the user side).
- 1 missing target or field errors
[Info   :  WCP Host] WcpHost: 行为 Harmony 接线已移除
Memory Statistics:
[ALLOC_TEMP_TLS] TLS Allocator
  StackAllocators : 
    [ALLOC_TEMP_MAIN]
      Peak usage frame count: [1.0 KB-2.0 KB]: 176 frames, [2.0 KB-4.0 KB]: 3 frames, [4.0 KB-8.0 KB]: 276 frames, [8.0 KB-16.0 KB]: 1337 frames, [16.0 KB-32.0 KB]: 627 frames, [32.0 KB-64.0 KB]: 1031 frames, [64.0 KB-128.0 KB]: 184 frames, [128.0 KB-256.0 KB]: 10 frames, [256.0 KB-0.5 MB]: 9 frames, [1.0 MB-2.0 MB]: 6 frames, [2.0 MB-4.0 MB]: 4 frames, [4.0 MB-8.0 MB]: 2 frames
      Initial Block Size 4.0 MB
      Current Block Size 7.4 MB
      Peak Allocated Bytes 7.4 MB
      Overflow Count 1
    [ALLOC_TEMP_Background Job.worker 4]
      Initial Block Size 32.0 KB
      Current Block Size 32.0 KB
      Peak Allocated Bytes 48 B
      Overflow Count 0
    [ALLOC_TEMP_Loading.PreloadManager]
      Initial Block Size 256.0 KB
      Current Block Size 0.5 MB
      Peak Allocated Bytes 501.0 KB
      Overflow Count 310
    [ALLOC_TEMP_Background Job.worker 3]
      Initial Block Size 32.0 KB
      Current Block Size 32.0 KB
      Peak Allocated Bytes 48 B
      Overflow Count 0
    [ALLOC_TEMP_Background Job.worker 11]
      Initial Block Size 32.0 KB
      Current Block Size 32.0 KB
      Peak Allocated Bytes 50 B
      Overflow Count 0
    [ALLOC_TEMP_Background Job.worker 7]
      Initial Block Size 32.0 KB
      Current Block Size 32.0 KB
      Peak Allocated Bytes 48 B
      Overflow Count 0
    [ALLOC_TEMP_Job.worker 16]
      Initial Block Size 256.0 KB
      Current Block Size 256.0 KB
      Peak Allocated Bytes 30.8 KB
      Overflow Count 0
    [ALLOC_TEMP_Background Job.worker 6]
      Initial Block Size 32.0 KB
      Current Block Size 32.0 KB
      Peak Allocated Bytes 48 B
      Overflow Count 0
    [ALLOC_TEMP_Job.worker 19]
      Initial Block Size 256.0 KB
      Current Block Size 256.0 KB
      Peak Allocated Bytes 11.4 KB
      Overflow Count 0
    [ALLOC_TEMP_Background Job.worker 12]
      Initial Block Size 32.0 KB
      Current Block Size 32.0 KB
      Peak Allocated Bytes 50 B
      Overflow Count 0
    [ALLOC_TEMP_Background Job.worker 2]
      Initial Block Size 32.0 KB
      Current Block Size 36.0 KB
      Peak Allocated Bytes 32.0 KB
      Overflow Count 0
    [ALLOC_TEMP_Background Job.worker 10]
      Initial Block Size 32.0 KB
      Current Block Size 32.0 KB
      Peak Allocated Bytes 50 B
      Overflow Count 0
    [ALLOC_TEMP_Background Job.worker 15]
      Initial Block Size 32.0 KB
      Current Block Size 32.0 KB
      Peak Allocated Bytes 50 B
      Overflow Count 0
    [ALLOC_TEMP_Job.worker 20]
      Initial Block Size 256.0 KB
      Current Block Size 256.0 KB
      Peak Allocated Bytes 18.4 KB
      Overflow Count 0
    [ALLOC_TEMP_Job.worker 5]
      Initial Block Size 256.0 KB
      Current Block Size 256.0 KB
      Peak Allocated Bytes 30.8 KB
      Overflow Count 0
    [ALLOC_TEMP_Background Job.worker 8]
      Initial Block Size 32.0 KB
      Current Block Size 32.0 KB
      Peak Allocated Bytes 48 B
      Overflow Count 0
    [ALLOC_TEMP_Background Job.worker 13]
      Initial Block Size 32.0 KB
      Current Block Size 32.0 KB
      Peak Allocated Bytes 50 B
      Overflow Count 0
    [ALLOC_TEMP_AssetGarbageCollectorHelper] x 23
      Initial Block Size 64.0 KB
      Current Block Size 64.0 KB
      Peak Allocated Bytes 56 B
      Overflow Count 0
    [ALLOC_TEMP_Background Job.worker 0]
      Initial Block Size 32.0 KB
      Current Block Size 32.0 KB
      Peak Allocated Bytes 48 B
      Overflow Count 0
    [ALLOC_TEMP_Job.worker 6]
      Initial Block Size 256.0 KB
      Current Block Size 256.0 KB
      Peak Allocated Bytes 34.1 KB
      Overflow Count 0
    [ALLOC_TEMP_Job.worker 8]
      Initial Block Size 256.0 KB
      Current Block Size 256.0 KB
      Peak Allocated Bytes 12.5 KB
      Overflow Count 0
    [ALLOC_TEMP_HIDInput]
      Initial Block Size 64.0 KB
      Current Block Size 64.0 KB
      Peak Allocated Bytes 10.8 KB
      Overflow Count 0
    [ALLOC_TEMP_Background Job.worker 14]
      Initial Block Size 32.0 KB
      Current Block Size 32.0 KB
      Peak Allocated Bytes 50 B
      Overflow Count 0
    [ALLOC_TEMP_BatchDeleteObjects]
      Initial Block Size 64.0 KB
      Current Block Size 64.0 KB
      Peak Allocated Bytes 38 B
      Overflow Count 0
    [ALLOC_TEMP_Job.worker 11]
      Initial Block Size 256.0 KB
      Current Block Size 256.0 KB
      Peak Allocated Bytes 29.0 KB
      Overflow Count 0
    [ALLOC_TEMP_Job.worker 15]
      Initial Block Size 256.0 KB
      Current Block Size 256.0 KB
      Peak Allocated Bytes 30.0 KB
      Overflow Count 0
    [ALLOC_TEMP_Background Job.worker 9]
      Initial Block Size 32.0 KB
      Current Block Size 32.0 KB
      Peak Allocated Bytes 48 B
      Overflow Count 0
    [ALLOC_TEMP_Job.worker 0]
      Initial Block Size 256.0 KB
      Current Block Size 256.0 KB
      Peak Allocated Bytes 11.5 KB
      Overflow Count 0
    [ALLOC_TEMP_Job.worker 14]
      Initial Block Size 256.0 KB
      Current Block Size 256.0 KB
      Peak Allocated Bytes 30.8 KB
      Overflow Count 0
    [ALLOC_TEMP_Job.worker 4]
      Initial Block Size 256.0 KB
      Current Block Size 256.0 KB
      Peak Allocated Bytes 34.0 KB
      Overflow Count 0
    [ALLOC_TEMP_Job.worker 13]
      Initial Block Size 256.0 KB
      Current Block Size 256.0 KB
      Peak Allocated Bytes 11.4 KB
      Overflow Count 0
    [ALLOC_TEMP_Background Job.worker 1]
      Initial Block Size 32.0 KB
      Current Block Size 36.0 KB
      Peak Allocated Bytes 32.0 KB
      Overflow Count 0
    [ALLOC_TEMP_EnlightenWorker] x 12
      Initial Block Size 64.0 KB
      Current Block Size 64.0 KB
      Peak Allocated Bytes 0 B
      Overflow Count 0
    [ALLOC_TEMP_Job.worker 1]
      Initial Block Size 256.0 KB
      Current Block Size 256.0 KB
      Peak Allocated Bytes 34.3 KB
      Overflow Count 0
    [ALLOC_TEMP_Job.worker 21]
      Initial Block Size 256.0 KB
      Current Block Size 256.0 KB
      Peak Allocated Bytes 26.1 KB
      Overflow Count 0
    [ALLOC_TEMP_Job.worker 3]
      Initial Block Size 256.0 KB
      Current Block Size 256.0 KB
      Peak Allocated Bytes 34.1 KB
      Overflow Count 0
    [ALLOC_TEMP_Background Job.worker 5]
      Initial Block Size 32.0 KB
      Current Block Size 32.0 KB
      Peak Allocated Bytes 48 B
      Overflow Count 0
    [ALLOC_TEMP_Job.worker 12]
      Initial Block Size 256.0 KB
      Current Block Size 256.0 KB
      Peak Allocated Bytes 12.5 KB
      Overflow Count 0
    [ALLOC_TEMP_UnityGfxDeviceWorker]
      Initial Block Size 256.0 KB
      Current Block Size 256.0 KB
      Peak Allocated Bytes 38.1 KB
      Overflow Count 0
    [ALLOC_TEMP_Job.worker 22]
      Initial Block Size 256.0 KB
      Current Block Size 256.0 KB
      Peak Allocated Bytes 11.4 KB
      Overflow Count 0
    [ALLOC_TEMP_Job.worker 2]
      Initial Block Size 256.0 KB
      Current Block Size 256.0 KB
      Peak Allocated Bytes 32.5 KB
      Overflow Count 0
    [ALLOC_TEMP_Job.worker 10]
      Initial Block Size 256.0 KB
      Current Block Size 256.0 KB
      Peak Allocated Bytes 26.1 KB
      Overflow Count 0
    [ALLOC_TEMP_Job.worker 7]
      Initial Block Size 256.0 KB
      Current Block Size 256.0 KB
      Peak Allocated Bytes 32.5 KB
      Overflow Count 0
    [ALLOC_TEMP_Job.worker 17]
      Initial Block Size 256.0 KB
      Current Block Size 256.0 KB
      Peak Allocated Bytes 11.5 KB
      Overflow Count 0
    [ALLOC_TEMP_Job.worker 9]
      Initial Block Size 256.0 KB
      Current Block Size 256.0 KB
      Peak Allocated Bytes 12.5 KB
      Overflow Count 0
    [ALLOC_TEMP_Job.worker 18]
      Initial Block Size 256.0 KB
      Current Block Size 256.0 KB
      Peak Allocated Bytes 11.4 KB
      Overflow Count 0
    [ALLOC_TEMP_Loading.AsyncRead]
      Initial Block Size 64.0 KB
      Current Block Size 64.0 KB
      Peak Allocated Bytes 486 B
      Overflow Count 0
[ALLOC_DEFAULT] Dual Thread Allocator
  Peak main deferred allocation count 5672
    [ALLOC_BUCKET]
      Large Block size 4.0 MB
      Used Block count 1
      Peak Allocated bytes 4.0 MB
      Failed Allocations. Bucket layout:
        16B: 26 Subsections = 26624 buckets. Failed count: 395631
        32B: 29 Subsections = 14848 buckets. Failed count: 109368
        48B: 60 Subsections = 20480 buckets. Failed count: 170757
        64B: 40 Subsections = 10240 buckets. Failed count: 41008
        80B: 48 Subsections = 9830 buckets. Failed count: 48489
        96B: 22 Subsections = 3754 buckets. Failed count: 43176
        112B: 20 Subsections = 2925 buckets. Failed count: 46167
        128B: 11 Subsections = 1408 buckets. Failed count: 7543
    [ALLOC_DEFAULT_MAIN]
      Peak usage frame count: [32.0 MB-64.0 MB]: 88 frames, [64.0 MB-128.0 MB]: 3577 frames
      Requested Block Size 16.0 MB
      Peak Block count 4
      Peak Allocated memory 97.9 MB
      Peak Large allocation bytes 66.8 MB
    [ALLOC_DEFAULT_THREAD]
      Peak usage frame count: [16.0 MB-32.0 MB]: 1882 frames, [32.0 MB-64.0 MB]: 1722 frames, [64.0 MB-128.0 MB]: 61 frames
      Requested Block Size 16.0 MB
      Peak Block count 4
      Peak Allocated memory 100.8 MB
      Peak Large allocation bytes 64.0 MB
[ALLOC_TEMP_JOB_1_FRAME]
  Initial Block Size 2.0 MB
  Used Block Count 1
  Overflow Count (too large) 0
  Overflow Count (full) 0
[ALLOC_TEMP_JOB_2_FRAMES]
  Initial Block Size 2.0 MB
  Used Block Count 0
  Overflow Count (too large) 0
  Overflow Count (full) 0
[ALLOC_TEMP_JOB_4_FRAMES (JobTemp)]
  Initial Block Size 2.0 MB
  Used Block Count 1
  Overflow Count (too large) 0
  Overflow Count (full) 0
[ALLOC_TEMP_JOB_ASYNC (Background)]
  Initial Block Size 1.0 MB
  Used Block Count 1
  Overflow Count (too large) 10
  Overflow Count (full) 0
[ALLOC_GFX] Dual Thread Allocator
  Peak main deferred allocation count 327
    [ALLOC_BUCKET]
      Large Block size 4.0 MB
      Used Block count 1
      Peak Allocated bytes 4.0 MB
      Failed Allocations. Bucket layout:
        16B: 26 Subsections = 26624 buckets. Failed count: 395631
        32B: 29 Subsections = 14848 buckets. Failed count: 109368
        48B: 60 Subsections = 20480 buckets. Failed count: 170757
        64B: 40 Subsections = 10240 buckets. Failed count: 41008
        80B: 48 Subsections = 9830 buckets. Failed count: 48489
        96B: 22 Subsections = 3754 buckets. Failed count: 43176
        112B: 20 Subsections = 2925 buckets. Failed count: 46167
        128B: 11 Subsections = 1408 buckets. Failed count: 7543
    [ALLOC_GFX_MAIN]
      Peak usage frame count: [128.0 KB-256.0 KB]: 175 frames, [256.0 KB-0.5 MB]: 105 frames, [0.5 MB-1.0 MB]: 1874 frames, [1.0 MB-2.0 MB]: 1488 frames, [2.0 MB-4.0 MB]: 22 frames, [4.0 MB-8.0 MB]: 1 frames
      Requested Block Size 16.0 MB
      Peak Block count 1
      Peak Allocated memory 5.1 MB
      Peak Large allocation bytes 0 B
    [ALLOC_GFX_THREAD]
      Peak usage frame count: [128.0 MB-256.0 MB]: 3534 frames, [256.0 MB-0.50 GB]: 131 frames
      Requested Block Size 16.0 MB
      Peak Block count 5
      Peak Allocated memory 454.6 MB
      Peak Large allocation bytes 384.0 MB
[ALLOC_CACHEOBJECTS] Dual Thread Allocator
  Peak main deferred allocation count 862
    [ALLOC_BUCKET]
      Large Block size 4.0 MB
      Used Block count 1
      Peak Allocated bytes 4.0 MB
      Failed Allocations. Bucket layout:
        16B: 26 Subsections = 26624 buckets. Failed count: 395631
        32B: 29 Subsections = 14848 buckets. Failed count: 109368
        48B: 60 Subsections = 20480 buckets. Failed count: 170757
        64B: 40 Subsections = 10240 buckets. Failed count: 41008
        80B: 48 Subsections = 9830 buckets. Failed count: 48489
        96B: 22 Subsections = 3754 buckets. Failed count: 43176
        112B: 20 Subsections = 2925 buckets. Failed count: 46167
        128B: 11 Subsections = 1408 buckets. Failed count: 7543
    [ALLOC_CACHEOBJECTS_MAIN]
      Peak usage frame count: [16.0 MB-32.0 MB]: 3665 frames
      Requested Block Size 4.0 MB
      Peak Block count 6
      Peak Allocated memory 24.5 MB
      Peak Large allocation bytes 9.9 MB
    [ALLOC_CACHEOBJECTS_THREAD]
      Peak usage frame count: [16.0 MB-32.0 MB]: 1873 frames, [32.0 MB-64.0 MB]: 320 frames, [64.0 MB-128.0 MB]: 1449 frames, [128.0 MB-256.0 MB]: 23 frames
      Requested Block Size 4.0 MB
      Peak Block count 26
      Peak Allocated memory 146.0 MB
      Peak Large allocation bytes 52.2 MB
[ALLOC_TYPETREE] Dual Thread Allocator
  Peak main deferred allocation count 1
    [ALLOC_BUCKET]
      Large Block size 4.0 MB
      Used Block count 1
      Peak Allocated bytes 4.0 MB
      Failed Allocations. Bucket layout:
        16B: 26 Subsections = 26624 buckets. Failed count: 395631
        32B: 29 Subsections = 14848 buckets. Failed count: 109368
        48B: 60 Subsections = 20480 buckets. Failed count: 170757
        64B: 40 Subsections = 10240 buckets. Failed count: 41008
        80B: 48 Subsections = 9830 buckets. Failed count: 48489
        96B: 22 Subsections = 3754 buckets. Failed count: 43176
        112B: 20 Subsections = 2925 buckets. Failed count: 46167
        128B: 11 Subsections = 1408 buckets. Failed count: 7543
    [ALLOC_TYPETREE_MAIN]
      Peak usage frame count: [8.0 KB-16.0 KB]: 1856 frames, [16.0 KB-32.0 KB]: 1809 frames
      Requested Block Size 2.0 MB
      Peak Block count 1
      Peak Allocated memory 24.4 KB
      Peak Large allocation bytes 0 B
    [ALLOC_TYPETREE_THREAD]
      Peak usage frame count: [8.0 KB-16.0 KB]: 32 frames, [32.0 KB-64.0 KB]: 1863 frames, [64.0 KB-128.0 KB]: 1 frames, [128.0 KB-256.0 KB]: 73 frames, [256.0 KB-0.5 MB]: 1696 frames
      Requested Block Size 2.0 MB
      Peak Block count 1
      Peak Allocated memory 486.8 KB
      Peak Large allocation bytes 0 B
