Mono path[0] = 'e:/steam/steamapps/common/WCP-WordGirlgriend/wcp_Data/Managed'
Mono config path = 'e:/steam/steamapps/common/WCP-WordGirlgriend/MonoBleedingEdge/etc'
[Physics::Module] Initialized MultithreadedJobDispatcher with 23 workers.
Initialize engine version: 2023.2.20f1c1 (881fe566f400)
[Subsystems] Discovering subsystems at path e:/steam/steamapps/common/WCP-WordGirlgriend/wcp_Data/UnitySubsystems
GfxDevice: creating device client; kGfxThreadingModeThreaded
Direct3D:
    Version:  Direct3D 11.0 [level 11.1]
    Renderer: AMD Radeon(TM) Graphics (ID=0x164e)
    Vendor:   ATI
    VRAM:     47909 MB
    Driver:   32.0.21045.5002
Failed to set the cursor because the specified texture ('指针') was not CPU accessible.
Begin MonoManager ReloadAssembly
- Loaded All Assemblies, in  0.199 seconds
- Finished resetting the current domain, in  0.002 seconds
[Message:   BepInEx] BepInEx 5.4.23.5 - wcp (2026/9/12 6:19:42)
[Info   :   BepInEx] Running under Unity v2023.2.20.8921061
[Info   :   BepInEx] CLR runtime version: 4.0.30319.42000
[Info   :   BepInEx] Supports SRE: True
[Info   :   BepInEx] System platform: Bits64, Windows
[Message:   BepInEx] Preloader started
[Info   :   BepInEx] Loaded 1 patcher method from [BepInEx.Preloader 5.4.23.5]
[Info   :   BepInEx] 1 patcher plugin loaded
[Info   :   BepInEx] Patching [UnityEngine.CoreModule] with [BepInEx.Chainloader]
[Message:   BepInEx] Preloader finished
[Message:   BepInEx] Chainloader ready
[Message:   BepInEx] Chainloader started
[Info   :   BepInEx] 13 plugins to load
[Info   :   BepInEx] Loading [WCP Book Name 1.3.1]
[Info   :WCP Book Name] BookName: Harmony patch OK (SonBookChoose guarded)
[Info   :   BepInEx] Loading [WCP Custom Slots 1.2.2]
[Info   :WCP Custom Slots] CustomSlots: store bytes=955416
[Info   :WCP Custom Slots] CustomSlots: store loaded; rows=20; selected=3
[Info   :WCP Custom Slots] CustomSlots: 原生槽位探测 = 4（下限 4；作者加槽会自动跟随）
[Info   :WCP Custom Slots] CustomSlots: serializer round-trip bytes=955416; rows=20 -> 20 (OK)
[Info   :WCP Custom Slots] CustomSlots: store saved; bytes=955416; filledRows=13; selected=3
[Info   :WCP Custom Slots] CustomSlots: Harmony patch OK; logical slots=20; native mirror rows imported=0
[Info   :WCP Custom Slots] CustomSlots: 兼容层解析结果 → 类型=WordChooseButtonS10; 入口=OnBookButtonClicked(Int32)
[Info   :WCP Custom Slots] CustomSlots: 显式补挂 WordChooseButtonS10.OnBookButtonClicked
[Info   :WCP Custom Slots] CustomSlots: patch 状态 WordChooseButtonS10.OnBookButtonClicked postfixes=1（已挂上）
[Info   :   BepInEx] Loading [WCP DE Word List 1.2.0]
[Warning:WCP DE Word List] DEWordList: WcpHost 已接管德语, 旧词表插件不再打补丁, 轮询 Enforce 一并停用 (Legacy/YieldToHost=false 可强制旧模式)。
[Info   :   BepInEx] Loading [WCP FR Word List 1.2.0]
[Warning:WCP FR Word List] FRWordList: WcpHost 已接管法语, 旧词表插件不再打补丁, 轮询 Enforce 一并停用 (Legacy/YieldToHost=false 可强制旧模式)。
[Info   :   BepInEx] Loading [WCP JP Word List 1.7.7]
[Warning:WCP JP Word List] JPWordList: WcpHost 已接管日语, 旧词表插件不再打补丁, 轮询 Enforce 一并停用 (Legacy/YieldToHost=false 可强制旧模式)。
[Info   :   BepInEx] Loading [WCP RU Word List 1.2.0]
[Warning:WCP RU Word List] RUWordList: WcpHost 已接管俄语, 旧词表插件不再打补丁, 轮询 Enforce 一并停用 (Legacy/YieldToHost=false 可强制旧模式)。
[Info   :   BepInEx] Loading [WCP Sentence Audio 1.0.0]
[Info   :WCP Sentence Audio] patched SoundTheWordS8.OnButton1Click
[Info   :WCP Sentence Audio] WCP Sentence Audio 1.2.0 loaded, pack dir = C:\Users\hanserdesu\AppData\LocalLow\WCP\packs\ja\audio\sentence (存在=True)
[Info   :   BepInEx] Loading [WCP Sentence Audio DE 1.0.0]
[Info   :WCP Sentence Audio DE] patched SoundTheWordS8.OnButton1Click
[Info   :WCP Sentence Audio DE] WCP Sentence Audio 1.1.0 loaded, pack dir = C:\Users\hanserdesu\AppData\LocalLow\WCP\packs\de\audio\sentence (存在=True), legacy fallback = False
[Info   :   BepInEx] Loading [WCP Sentence Audio FR 1.0.0]
[Info   :WCP Sentence Audio FR] patched SoundTheWordS8.OnButton1Click
[Info   :WCP Sentence Audio FR] WCP Sentence Audio 1.1.0 loaded, pack dir = C:\Users\hanserdesu\AppData\LocalLow\WCP\packs\fr\audio\sentence (存在=True), legacy fallback = False
[Info   :   BepInEx] Loading [WCP Sentence Audio RU 1.0.0]
[Info   :WCP Sentence Audio RU] patched SoundTheWordS8.OnButton1Click (RU)
[Info   :WCP Sentence Audio RU] WCP Sentence Audio RU 1.1.0 loaded, pack dir = C:\Users\hanserdesu\AppData\LocalLow\WCP\packs\ru\audio\sentence (存在=True)
[Info   :   BepInEx] Loading [WCP Sentence Audio YUE 1.0.0]
[Info   :WCP Sentence Audio YUE] patched SoundTheWordS8.OnButton1Click
[Info   :WCP Sentence Audio YUE] WCP Sentence Audio 1.1.0 loaded, pack dir = C:\Users\hanserdesu\AppData\LocalLow\WCP\packs\yue\audio\sentence (存在=True), legacy fallback = False
[Info   :   BepInEx] Loading [WCP Host 0.5.2]
[Info   :  WCP Host] WcpHost: packs 根 = C:\Users\hanserdesu\AppData\LocalLow\WCP\packs
[Info   :  WCP Host] WcpHost: 加载到 9 个语言包
[Info   :  WCP Host] WcpHost:   [ar] catbar-ar-complete 阿拉伯语词库(猫条版) 词=8118 槽=0 指纹=50c9c0b47ac348b2
[Info   :  WCP Host] WcpHost:   [de] catbar-german-complete 德语词库(猫条版) 词=8062 槽=4 指纹=66bded175dee70d9
[Info   :  WCP Host] WcpHost:   [es] catbar-es-complete 西班牙语词库(猫条版) 词=8599 槽=0 指纹=52b3507136fedc95
[Info   :  WCP Host] WcpHost:   [fr] catbar-french-cefr-complete 法语词库(猫条版) 词=8116 槽=2 指纹=376af2eae0292052
[Info   :  WCP Host] WcpHost:   [ja] catbar-jlpt-complete 日语词库(猫条版) 词=7922 槽=1 指纹=6d7a51c0c5d30dd6
[Info   :  WCP Host] WcpHost:   [ko] catbar-ko-complete 韩语词库(猫条版) 词=7330 槽=0 指纹=ff64542ef480b8ed
[Info   :  WCP Host] WcpHost:   [pt] catbar-pt-complete 葡萄牙语词库(猫条版) 词=8599 槽=0 指纹=9c2b019f2d8f3eae
[Info   :  WCP Host] WcpHost:   [ru] catbar-russian-cefr-complete 俄语词库(猫条版) 词=8451 槽=3 指纹=dfecb0ab75e9b3ef
[Info   :  WCP Host] WcpHost:   [yue] catbar-cantonese-complete 粤语词库(猫条版) 词=384 槽=4 指纹=0748ca590e7caf6c
[Info   :  WCP Host] WcpHost: 槽位预算 9 个语言包 / 4 槽，注册表预分配 4 槽（0=候选包） — 通过
[Info   :  WCP Host] WcpHost: 策略装载 9/9（缺失策略时仅保留身份层）
[Warning:  WCP Host] WcpHost: 语言包提示: observed_slot 撞槽 4: de / yue（不丢包, 槽位按指纹运行时判定）
[Info   :  WCP Host] WcpHost: Harmony 接线完成 — 命中目标方法 59 个（harmony.Patch 调用 59 次，类型解析失败 0 个；单点失败已按 warn 逐条打印）
[Info   :  WCP Host] WcpHost: 行为 Harmony 接线已在加载期安装（身份门通过前所有处理器空转）
[Info   :  WCP Host] WcpHost: 身份轮询已启用（兼容旧选书补丁）
[Info   :   BepInEx] Loading [WCP Yue Word List 1.2.0]
[Warning:WCP Yue Word List] YueWordList: WcpHost 已接管粤语, 旧词表插件不再打补丁, 轮询 Enforce 一并停用 (Legacy/YieldToHost=false 可强制旧模式)。
[Message:   BepInEx] Chainloader startup complete
D3D11 device created for Microsoft Media Foundation video decoding.
<RI> Initializing input.
New input system (experimental) initialized
Using Windows.Gaming.Input
<RI> Input initialized.
<RI> Initialized touch support.
The referenced script on this Behaviour (Game Object 'ShowHideButton') is missing!
The referenced script on this Behaviour (Game Object 'Magica Capsule Collider (spine_03)') is missing!
The referenced script on this Behaviour (Game Object 'Magica Virtual Deformer (Rifle_Hair) (1)') is missing!
The referenced script on this Behaviour (Game Object 'Magica Sphere Collider (spine_02)') is missing!
The referenced script on this Behaviour (Game Object 'Magica Mesh Cloth (Rifle_Full_Body) (1)') is missing!
The referenced script on this Behaviour (Game Object 'Magica Bone Cloth (Rifle_Full_Body) (1)') is missing!
The referenced script on this Behaviour (Game Object 'Magica Capsule Collider (spine_01)') is missing!
The referenced script on this Behaviour (Game Object 'Magica Capsule Collider (lowerarm_r)') is missing!
The referenced script on this Behaviour (Game Object 'Magica Capsule Collider (clavicle_l)') is missing!
The referenced script on this Behaviour (Game Object 'Rifle_Hair') is missing!
The referenced script on this Behaviour (Game Object 'Magica Capsule Collider (upperarm_l)') is missing!
The referenced script on this Behaviour (Game Object 'Magica Capsule Collider (head)') is missing!
The referenced script on this Behaviour (Game Object 'Magica Capsule Collider (upperarm_r)') is missing!
The referenced script on this Behaviour (Game Object 'Magica Capsule Collider (clavicle_r)') is missing!
The referenced script on this Behaviour (Game Object 'Magica Capsule Collider (lowerarm_l)') is missing!
UnloadTime: 1.573900 ms
Color primaries 0 is unknown or unsupported by WindowsMediaFoundation. Falling back to default may result in color shift. e:/steam/steamapps/common/WCP-WordGirlgriend/wcp_Data/sharedassets0.resource
判断刷新0【testerNN】-->上次更新时间：2026/9/18 8:19:16  这次登录时间：2026/9/18 22:51:38  上次更新门槛----》2026/9/18 4:00:00
checkTime---1--->2026/9/18 4:00:00
checkTime---2 回退--->2026/9/18 4:00:00
判断刷新1---》没有跨过任何刷新时间
【testerNN】-->-------这次不更新!!!
今日已学词选取标签---->1, 2, 3, 4, 0
今日已学词【战斗】---->
[Info   :  WCP Host] WcpHost: ES3 批量写已启用（一次整档读写替代 N 次逐键写，path=SaveFile.es3）
【今日新学词】-->-------》0  【所有新学词】-->-------》0
存到文件num---》15
Save File Path: C:/Users/hanserdesu/AppData/LocalLow/WCP/wcp\SaveFile.es3
Copy File Path: C:/Users/hanserdesu/AppData/LocalLow/WCP/wcp\SaveFile_Copy15.es3
Copied SaveFile.es3 to C:/Users/hanserdesu/AppData/LocalLow/WCP/wcp\SaveFile_Copy15.es3
目标文件已存在，无需拷贝。
testerxxx---PreloadAudioClipAsync
G2_Clothes4_SummerDress
学习计划:True  完成每日学习:True  战斗单词设置:True  战胜数:125  买过衣服:True  打工过:True  序章完成情况:3  所有新手任务完成:True  打工上限金额:1000   复习方式：1   高清动态CG：False   林霏霏袜子总数：41  背包1：151  背包2：0  背包3：0  背包4：0  背包5：0  背包6：0  背包7：0  背包8：0  S7_BagUnlock：0  背包6： 武器背包：0 头盔背包：0 护甲背包：0 便装背包：0 手套背包：0 鞋子背包：0 饰品背包：0 补给背包：0
testerxxxxxxxxx启动SyncHaveLearnedDictionaryThis
【tester**】---》无暂时的已学词
当前MSAA: 4
已经读取了settedMonsterWordIf---》True
已存在 0706 语音包标记文件，无需操作。
当前时间：2026-09-18 22:51:46
超过了预定时间：2026-05-26 20:00:00
版本---》正式版
CheatMode--->False
DemoIf--->False
OfficialCheck--->False
UnlockAchievementIf--->True
Achievement [NEW_ACHIEVEMENT_3_0] unlocked
Achievement [NEW_ACHIEVEMENT_3_1] unlocked
Achievement [NEW_ACHIEVEMENT_3_2] unlocked
Achievement [NEW_ACHIEVEMENT_3_5] unlocked
Achievement [NEW_ACHIEVEMENT_3_100] unlocked
Achievement [NEW_ACHIEVEMENT_3_3] unlocked
Achievement [NEW_ACHIEVEMENT_3_4] unlocked
Achievement [NEW_ACHIEVEMENT_3_7] unlocked
[Info   :  WCP Host] WcpHost: 受管语言登记 = [ar,de,es,fr,ja,ko,pt,ru,yue] -> e:\steam\steamapps\common\WCP-WordGirlgriend\BepInEx\config\WcpHost.managed.txt
[Info   :  WCP Host] WcpHost: 未激活 · 词表 4079 条未命中任何语言包 — 非受管词书
[Info   :  WCP Host] WcpHost: 性能哨兵 fps=0.1 帧=1 最差帧=10080ms 卡顿帧(>=50ms)=1 窗口=10.1s | mod 主线程占用=0.0ms/窗口（GC 基线建立）
[Info   :  WCP Host] WcpHost: 长帧 417ms — mod 本帧占用 3.0ms（0.7%） GC本帧=0:0 1:0 2:0 本帧 Top=身份:托管登记 x1=2.7ms(单次2.7ms) ; 身份:Evaluate x1=0.4ms(单次0.4ms) ; 身份:匹配内存词表 x1=0.2ms(单次0.2ms) ; 身份:读落盘书名 x1=0.2ms(单次0.2ms) ; 身份:读内存词表 x1=0.0ms(单次0.0ms) ; 补丁:Sync x1=0.0ms(单次0.0ms) ; 身份:槽号 x1=0.0ms(单次0.0ms)
[Info   :  WCP Host] WcpHost: 长帧 152ms — mod 本帧占用 0.0ms（0.0%） GC本帧=0:0 1:0 2:0 本帧 Top=无 mod 操作
[Info   :  WCP Host] WcpHost: 性能哨兵 fps=18.1 帧=181 最差帧=417ms 卡顿帧(>=50ms)=96 窗口=10.0s | mod 主线程占用=35.2ms/窗口，长帧=2 次 | GC窗口=0:0 1:0 2:0 堆=+0MB | 快路径命中=内存词表指纹 10/10 | 窗口 Top（累计）=补丁:选词与刷新 x1=1171.7ms(单次1171.7ms) ; 补丁:场景钩子 x1=903.3ms(单次903.3ms) ; 场景:强制校正 x2=604.1ms(单次597.6ms) ; 补丁:词典 x1=241.3ms(单次241.3ms) ; ES3:批量写(装载) x1=162.6ms(单次162.6ms) ; 补丁:显示 x1=125.9ms(单次125.9ms) ; 身份:读内存词表 x13=93.5ms(单次93.4ms) ; 补丁:音频 x1=69.7ms(单次69.7ms) ; ES3:批量写(提交) x1=66.7ms(单次66.7ms) ; 身份:读落盘书名 x13=56.8ms(单次47.1ms) ; ES3:落盘书名 x3=53.3ms(单次45.6ms) ; 身份:托管登记 x11=37.6ms(单次5.3ms) ; …共16个标签
Can not play a disabled audio source
testerJJ---》正式版，直接进入
Unloading 9 Unused Serialized files (Serialized files now loaded: 1)
UnloadTime: 13.586000 ms
Unloading 445 unused Assets to reduce memory usage. Loaded Objects now: 6004.
Total: 37.907300 ms (FindLiveObjects: 0.632800 ms CreateObjectMapping: 0.209500 ms MarkObjects: 27.743900 ms  DeleteObjects: 9.320400 ms)

Setting up 12 worker threads for Enlighten.
[Info   :  WCP Host] WcpHost: 长帧 267ms — mod 本帧占用 0.0ms（0.0%） GC本帧=0:0 1:0 2:0 本帧 Top=无 mod 操作
The referenced script (Magio.PreviewMagioVFXController) on this Behaviour is missing!
The referenced script (Magio.PreviewMagioVFXController) on this Behaviour is missing!
The referenced script (Magio.PreviewMagioShaderController) on this Behaviour is missing!
The referenced script (Magio.PreviewMagioShaderController) on this Behaviour is missing!
The referenced script (Magio.PreviewMagioVFXController) on this Behaviour is missing!
The referenced script (Magio.PreviewMagioShaderController) on this Behaviour is missing!
The referenced script (Magio.PreviewMagioShaderController) on this Behaviour is missing!
The referenced script (Magio.PreviewMagioShaderController) on this Behaviour is missing!
The referenced script (Magio.PreviewMagioShaderController) on this Behaviour is missing!
The referenced script (Magio.PreviewMagioVFXController) on this Behaviour is missing!
The referenced script (Magio.PreviewMagioVFXController) on this Behaviour is missing!
The referenced script (Magio.PreviewMagioVFXController) on this Behaviour is missing!
The referenced script (Magio.PreviewMagioVFXController) on this Behaviour is missing!
The referenced script (Magio.PreviewMagioVFXController) on this Behaviour is missing!
The referenced script (Magio.PreviewMagioShaderController) on this Behaviour is missing!
The referenced script (Magio.PreviewMagioShaderController) on this Behaviour is missing!
The referenced script (Magio.PreviewMagioVFXController) on this Behaviour is missing!
The referenced script (Magio.PreviewMagioVFXController) on this Behaviour is missing!
The referenced script (Magio.PreviewMagioVFXController) on this Behaviour is missing!
The referenced script (Magio.PreviewMagioVFXController) on this Behaviour is missing!
The referenced script (Magio.PreviewMagioVFXController) on this Behaviour is missing!
The referenced script (Magio.PreviewMagioVFXController) on this Behaviour is missing!
The referenced script (Magio.PreviewMagioVFXController) on this Behaviour is missing!
The referenced script (Magio.PreviewMagioVFXController) on this Behaviour is missing!
The referenced script (Magio.PreviewMagioVFXController) on this Behaviour is missing!
The referenced script (Magio.PreviewMagioShaderController) on this Behaviour is missing!
The referenced script (Magio.PreviewMagioShaderController) on this Behaviour is missing!
The referenced script (Magio.PreviewMagioShaderController) on this Behaviour is missing!
The referenced script (Magio.PreviewMagioShaderController) on this Behaviour is missing!
The referenced script (Magio.PreviewMagioShaderController) on this Behaviour is missing!
The referenced script (Magio.PreviewMagioShaderController) on this Behaviour is missing!
The referenced script (Magio.PreviewMagioVFXController) on this Behaviour is missing!
The referenced script (Magio.PreviewMagioVFXController) on this Behaviour is missing!
The referenced script (Magio.PreviewMagioVFXController) on this Behaviour is missing!
The referenced script (Magio.PreviewMagioVFXController) on this Behaviour is missing!
The referenced script (Magio.PreviewMagioVFXController) on this Behaviour is missing!
The referenced script (Magio.PreviewMagioVFXController) on this Behaviour is missing!
The referenced script (Magio.PreviewMagioShaderController) on this Behaviour is missing!
The referenced script (Magio.PreviewMagioShaderController) on this Behaviour is missing!
The referenced script (Magio.PreviewMagioVFXController) on this Behaviour is missing!
The referenced script (Magio.PreviewMagioShaderController) on this Behaviour is missing!
The referenced script (Magio.PreviewMagioShaderController) on this Behaviour is missing!
The referenced script (Magio.PreviewMagioShaderController) on this Behaviour is missing!
The referenced script (Magio.PreviewMagioVFXController) on this Behaviour is missing!
The referenced script (Magio.PreviewMagioShaderController) on this Behaviour is missing!
The referenced script (Magio.PreviewMagioVFXController) on this Behaviour is missing!
The referenced script (Magio.PreviewMagioVFXController) on this Behaviour is missing!
The referenced script (Magio.PreviewMagioShaderController) on this Behaviour is missing!
The referenced script (Magio.PreviewMagioVFXController) on this Behaviour is missing!
The referenced script (Magio.PreviewMagioVFXController) on this Behaviour is missing!
The referenced script (Magio.PreviewMagioShaderController) on this Behaviour is missing!
The referenced script (Magio.PreviewMagioShaderController) on this Behaviour is missing!
The referenced script (Magio.PreviewMagioShaderController) on this Behaviour is missing!
The referenced script on this Behaviour (Game Object 'Magica Capsule Collider (upperarm_l)') is missing!
The referenced script on this Behaviour (Game Object 'Magica Capsule Collider (head)') is missing!
The referenced script on this Behaviour (Game Object 'New Magio Effect-fire') is missing!
A scripted object (probably Magio.PreviewMagioVFXController?) has a different serialization layout when loading. (Read 32 bytes but expected 48 bytes)
Did you #if UNITY_EDITOR a section of your serialized properties in any of your scripts?
The referenced script on this Behaviour (Game Object 'New Magio Effect-fire') is missing!
A scripted object (probably Magio.PreviewMagioVFXController?) has a different serialization layout when loading. (Read 32 bytes but expected 48 bytes)
Did you #if UNITY_EDITOR a section of your serialized properties in any of your scripts?
The referenced script on this Behaviour (Game Object 'Magica Capsule Collider (clavicle_r)') is missing!
The referenced script on this Behaviour (Game Object 'New Magio Effect-stone') is missing!
A scripted object (probably Magio.PreviewMagioShaderController?) has a different serialization layout when loading. (Read 32 bytes but expected 48 bytes)
Did you #if UNITY_EDITOR a section of your serialized properties in any of your scripts?
The referenced script on this Behaviour (Game Object 'Magica Capsule Collider (spine_01)') is missing!
The referenced script on this Behaviour (Game Object 'Magica Capsule Collider (clavicle_r)') is missing!
The referenced script on this Behaviour (Game Object 'Magica Capsule Collider (spine_03)') is missing!
The referenced script on this Behaviour (Game Object 'New Magio Effect-stone') is missing!
A scripted object (probably Magio.PreviewMagioShaderController?) has a different serialization layout when loading. (Read 32 bytes but expected 48 bytes)
Did you #if UNITY_EDITOR a section of your serialized properties in any of your scripts?
The referenced script on this Behaviour (Game Object 'New Magio Effect-lightning') is missing!
A scripted object (probably Magio.PreviewMagioVFXController?) has a different serialization layout when loading. (Read 32 bytes but expected 48 bytes)
Did you #if UNITY_EDITOR a section of your serialized properties in any of your scripts?
The referenced script on this Behaviour (Game Object 'New Magio Effect-stone') is missing!
A scripted object (probably Magio.PreviewMagioShaderController?) has a different serialization layout when loading. (Read 32 bytes but expected 48 bytes)
Did you #if UNITY_EDITOR a section of your serialized properties in any of your scripts?
The referenced script on this Behaviour (Game Object 'New Magio Effect-stone') is missing!
A scripted object (probably Magio.PreviewMagioShaderController?) has a different serialization layout when loading. (Read 32 bytes but expected 48 bytes)
Did you #if UNITY_EDITOR a section of your serialized properties in any of your scripts?
The referenced script on this Behaviour (Game Object 'New Magio Effect-stone') is missing!
A scripted object (probably Magio.PreviewMagioShaderController?) has a different serialization layout when loading. (Read 32 bytes but expected 48 bytes)
Did you #if UNITY_EDITOR a section of your serialized properties in any of your scripts?
The referenced script on this Behaviour (Game Object 'New Magio Effect-stone') is missing!
A scripted object (probably Magio.PreviewMagioShaderController?) has a different serialization layout when loading. (Read 32 bytes but expected 48 bytes)
Did you #if UNITY_EDITOR a section of your serialized properties in any of your scripts?
The referenced script on this Behaviour (Game Object 'New Magio Effect-lightning') is missing!
A scripted object (probably Magio.PreviewMagioVFXController?) has a different serialization layout when loading. (Read 32 bytes but expected 48 bytes)
Did you #if UNITY_EDITOR a section of your serialized properties in any of your scripts?
The referenced script on this Behaviour (Game Object 'New Magio Effect-fire') is missing!
A scripted object (probably Magio.PreviewMagioVFXController?) has a different serialization layout when loading. (Read 32 bytes but expected 48 bytes)
Did you #if UNITY_EDITOR a section of your serialized properties in any of your scripts?
The referenced script on this Behaviour (Game Object 'New Magio Effect-lightning') is missing!
A scripted object (probably Magio.PreviewMagioVFXController?) has a different serialization layout when loading. (Read 32 bytes but expected 48 bytes)
Did you #if UNITY_EDITOR a section of your serialized properties in any of your scripts?
The referenced script on this Behaviour (Game Object 'Magica Sphere Collider (spine_02)') is missing!
The referenced script on this Behaviour (Game Object 'Magica Bone Cloth (Rifle_Full_Body) (1)') is missing!
The referenced script on this Behaviour (Game Object 'New Magio Effect-lightning') is missing!
A scripted object (probably Magio.PreviewMagioVFXController?) has a different serialization layout when loading. (Read 32 bytes but expected 48 bytes)
Did you #if UNITY_EDITOR a section of your serialized properties in any of your scripts?
The referenced script on this Behaviour (Game Object 'New Magio Effect-fire') is missing!
A scripted object (probably Magio.PreviewMagioVFXController?) has a different serialization layout when loading. (Read 32 bytes but expected 48 bytes)
Did you #if UNITY_EDITOR a section of your serialized properties in any of your scripts?
The referenced script on this Behaviour (Game Object 'New Magio Effect-stone') is missing!
A scripted object (probably Magio.PreviewMagioShaderController?) has a different serialization layout when loading. (Read 32 bytes but expected 48 bytes)
Did you #if UNITY_EDITOR a section of your serialized properties in any of your scripts?
The referenced script on this Behaviour (Game Object 'New Magio Effect-stone') is missing!
A scripted object (probably Magio.PreviewMagioShaderController?) has a different serialization layout when loading. (Read 32 bytes but expected 48 bytes)
Did you #if UNITY_EDITOR a section of your serialized properties in any of your scripts?
The referenced script on this Behaviour (Game Object 'Magica Mesh Cloth (Rifle_Full_Body) (1)') is missing!
The referenced script on this Behaviour (Game Object 'Magica Virtual Deformer (Rifle_Hair) (1)') is missing!
The referenced script on this Behaviour (Game Object 'Magica Bone Cloth (Rifle_Full_Body) (1)') is missing!
The referenced script on this Behaviour (Game Object 'Magica Capsule Collider (lowerarm_l)') is missing!
The referenced script on this Behaviour (Game Object 'New Magio Effect-fire') is missing!
A scripted object (probably Magio.PreviewMagioVFXController?) has a different serialization layout when loading. (Read 32 bytes but expected 48 bytes)
Did you #if UNITY_EDITOR a section of your serialized properties in any of your scripts?
The referenced script on this Behaviour (Game Object 'New Magio Effect-lightning') is missing!
A scripted object (probably Magio.PreviewMagioVFXController?) has a different serialization layout when loading. (Read 32 bytes but expected 48 bytes)
Did you #if UNITY_EDITOR a section of your serialized properties in any of your scripts?
The referenced script on this Behaviour (Game Object 'New Magio Effect-fire') is missing!
A scripted object (probably Magio.PreviewMagioVFXController?) has a different serialization layout when loading. (Read 32 bytes but expected 48 bytes)
Did you #if UNITY_EDITOR a section of your serialized properties in any of your scripts?
The referenced script on this Behaviour (Game Object 'New Magio Effect-lightning') is missing!
A scripted object (probably Magio.PreviewMagioVFXController?) has a different serialization layout when loading. (Read 32 bytes but expected 48 bytes)
Did you #if UNITY_EDITOR a section of your serialized properties in any of your scripts?
The referenced script on this Behaviour (Game Object 'Magica Mesh Cloth (Rifle_Full_Body) (1)') is missing!
The referenced script on this Behaviour (Game Object 'Magica Capsule Collider (head)') is missing!
The referenced script on this Behaviour (Game Object 'Magica Sphere Collider (spine_02)') is missing!
The referenced script on this Behaviour (Game Object 'Magica Capsule Collider (spine_03)') is missing!
The referenced script on this Behaviour (Game Object 'Magica Capsule Collider (lowerarm_r)') is missing!
The referenced script on this Behaviour (Game Object 'Magica Capsule Collider (upperarm_r)') is missing!
The referenced script on this Behaviour (Game Object 'New Magio Effect-lightning') is missing!
A scripted object (probably Magio.PreviewMagioVFXController?) has a different serialization layout when loading. (Read 32 bytes but expected 48 bytes)
Did you #if UNITY_EDITOR a section of your serialized properties in any of your scripts?
The referenced script on this Behaviour (Game Object 'New Magio Effect-fire') is missing!
A scripted object (probably Magio.PreviewMagioVFXController?) has a different serialization layout when loading. (Read 32 bytes but expected 48 bytes)
Did you #if UNITY_EDITOR a section of your serialized properties in any of your scripts?
The referenced script on this Behaviour (Game Object 'New Magio Effect-fire') is missing!
A scripted object (probably Magio.PreviewMagioVFXController?) has a different serialization layout when loading. (Read 32 bytes but expected 48 bytes)
Did you #if UNITY_EDITOR a section of your serialized properties in any of your scripts?
The referenced script on this Behaviour (Game Object 'New Magio Effect-fire') is missing!
A scripted object (probably Magio.PreviewMagioVFXController?) has a different serialization layout when loading. (Read 32 bytes but expected 48 bytes)
Did you #if UNITY_EDITOR a section of your serialized properties in any of your scripts?
The referenced script on this Behaviour (Game Object 'New Magio Effect-fire') is missing!
A scripted object (probably Magio.PreviewMagioVFXController?) has a different serialization layout when loading. (Read 32 bytes but expected 48 bytes)
Did you #if UNITY_EDITOR a section of your serialized properties in any of your scripts?
The referenced script on this Behaviour (Game Object 'New Magio Effect-stone') is missing!
A scripted object (probably Magio.PreviewMagioShaderController?) has a different serialization layout when loading. (Read 32 bytes but expected 48 bytes)
Did you #if UNITY_EDITOR a section of your serialized properties in any of your scripts?
The referenced script on this Behaviour (Game Object 'New Magio Effect-stone') is missing!
A scripted object (probably Magio.PreviewMagioShaderController?) has a different serialization layout when loading. (Read 32 bytes but expected 48 bytes)
Did you #if UNITY_EDITOR a section of your serialized properties in any of your scripts?
The referenced script on this Behaviour (Game Object 'Magica Capsule Collider (spine_01)') is missing!
The referenced script on this Behaviour (Game Object 'New Magio Effect-stone') is missing!
A scripted object (probably Magio.PreviewMagioShaderController?) has a different serialization layout when loading. (Read 32 bytes but expected 48 bytes)
Did you #if UNITY_EDITOR a section of your serialized properties in any of your scripts?
The referenced script on this Behaviour (Game Object 'New Magio Effect-stone') is missing!
A scripted object (probably Magio.PreviewMagioShaderController?) has a different serialization layout when loading. (Read 32 bytes but expected 48 bytes)
Did you #if UNITY_EDITOR a section of your serialized properties in any of your scripts?
The referenced script on this Behaviour (Game Object 'New Magio Effect-stone') is missing!
A scripted object (probably Magio.PreviewMagioShaderController?) has a different serialization layout when loading. (Read 32 bytes but expected 48 bytes)
Did you #if UNITY_EDITOR a section of your serialized properties in any of your scripts?
The referenced script on this Behaviour (Game Object 'CheatModeManager') is missing!
The referenced script on this Behaviour (Game Object 'CheatModeManager') is missing!
The referenced script on this Behaviour (Game Object 'New Magio Effect-stone') is missing!
A scripted object (probably Magio.PreviewMagioShaderController?) has a different serialization layout when loading. (Read 32 bytes but expected 48 bytes)
Did you #if UNITY_EDITOR a section of your serialized properties in any of your scripts?
The referenced script on this Behaviour (Game Object 'New Magio Effect-fire') is missing!
A scripted object (probably Magio.PreviewMagioVFXController?) has a different serialization layout when loading. (Read 32 bytes but expected 48 bytes)
Did you #if UNITY_EDITOR a section of your serialized properties in any of your scripts?
The referenced script on this Behaviour (Game Object 'New Magio Effect-fire') is missing!
A scripted object (probably Magio.PreviewMagioVFXController?) has a different serialization layout when loading. (Read 32 bytes but expected 48 bytes)
Did you #if UNITY_EDITOR a section of your serialized properties in any of your scripts?
The referenced script on this Behaviour (Game Object 'New Magio Effect-fire') is missing!
A scripted object (probably Magio.PreviewMagioVFXController?) has a different serialization layout when loading. (Read 32 bytes but expected 48 bytes)
Did you #if UNITY_EDITOR a section of your serialized properties in any of your scripts?
[Info   :  WCP Host] WcpHost: 性能哨兵 fps=19.6 帧=196 最差帧=267ms 卡顿帧(>=50ms)=90 窗口=10.0s | mod 主线程占用=30.8ms/窗口，长帧=1 次 | GC窗口=0:3 1:3 2:3 堆=+8MB | 快路径命中=内存词表指纹 10/10 | 窗口 Top（累计）=身份:托管登记 x10=28.6ms(单次4.0ms) ; 身份:Evaluate x10=2.2ms(单次0.3ms) ; 身份:读落盘书名 x10=1.4ms(单次0.2ms) ; 身份:匹配内存词表 x10=0.7ms(单次0.1ms) ; 身份:读内存词表 x10=0.1ms(单次0.0ms) ; 身份:槽号 x10=0.0ms(单次0.0ms) ; 补丁:Sync x10=0.0ms(单次0.0ms)
The referenced script on this Behaviour (Game Object 'New Magio Effect-lightning') is missing!
A scripted object (probably Magio.PreviewMagioVFXController?) has a different serialization layout when loading. (Read 32 bytes but expected 48 bytes)
Did you #if UNITY_EDITOR a section of your serialized properties in any of your scripts?
The referenced script on this Behaviour (Game Object 'Magica Capsule Collider (upperarm_l)') is missing!
The referenced script on this Behaviour (Game Object 'Magica Virtual Deformer (Rifle_Hair) (1)') is missing!
The referenced script on this Behaviour (Game Object 'New Magio Effect-fire') is missing!
A scripted object (probably Magio.PreviewMagioVFXController?) has a different serialization layout when loading. (Read 32 bytes but expected 48 bytes)
Did you #if UNITY_EDITOR a section of your serialized properties in any of your scripts?
The referenced script on this Behaviour (Game Object 'New Magio Effect-fire') is missing!
A scripted object (probably Magio.PreviewMagioVFXController?) has a different serialization layout when loading. (Read 32 bytes but expected 48 bytes)
Did you #if UNITY_EDITOR a section of your serialized properties in any of your scripts?
The referenced script on this Behaviour (Game Object 'New Magio Effect-stone') is missing!
A scripted object (probably Magio.PreviewMagioShaderController?) has a different serialization layout when loading. (Read 32 bytes but expected 48 bytes)
Did you #if UNITY_EDITOR a section of your serialized properties in any of your scripts?
The referenced script on this Behaviour (Game Object 'New Magio Effect-stone') is missing!
A scripted object (probably Magio.PreviewMagioShaderController?) has a different serialization layout when loading. (Read 32 bytes but expected 48 bytes)
Did you #if UNITY_EDITOR a section of your serialized properties in any of your scripts?
The referenced script on this Behaviour (Game Object 'Magica Capsule Collider (upperarm_r)') is missing!
The referenced script on this Behaviour (Game Object 'Magica Capsule Collider (clavicle_l)') is missing!
The referenced script on this Behaviour (Game Object 'New Magio Effect-lightning') is missing!
A scripted object (probably Magio.PreviewMagioVFXController?) has a different serialization layout when loading. (Read 32 bytes but expected 48 bytes)
Did you #if UNITY_EDITOR a section of your serialized properties in any of your scripts?
The referenced script on this Behaviour (Game Object 'New Magio Effect-stone') is missing!
A scripted object (probably Magio.PreviewMagioShaderController?) has a different serialization layout when loading. (Read 32 bytes but expected 48 bytes)
Did you #if UNITY_EDITOR a section of your serialized properties in any of your scripts?
The referenced script on this Behaviour (Game Object 'New Magio Effect-stone') is missing!
A scripted object (probably Magio.PreviewMagioShaderController?) has a different serialization layout when loading. (Read 32 bytes but expected 48 bytes)
Did you #if UNITY_EDITOR a section of your serialized properties in any of your scripts?
The referenced script on this Behaviour (Game Object 'Magica Capsule Collider (lowerarm_r)') is missing!
The referenced script on this Behaviour (Game Object 'New Magio Effect-stone') is missing!
A scripted object (probably Magio.PreviewMagioShaderController?) has a different serialization layout when loading. (Read 32 bytes but expected 48 bytes)
Did you #if UNITY_EDITOR a section of your serialized properties in any of your scripts?
The referenced script on this Behaviour (Game Object 'New Magio Effect-fire') is missing!
A scripted object (probably Magio.PreviewMagioVFXController?) has a different serialization layout when loading. (Read 32 bytes but expected 48 bytes)
Did you #if UNITY_EDITOR a section of your serialized properties in any of your scripts?
The referenced script on this Behaviour (Game Object 'Rifle_Hair') is missing!
The referenced script on this Behaviour (Game Object 'New Magio Effect-stone') is missing!
A scripted object (probably Magio.PreviewMagioShaderController?) has a different serialization layout when loading. (Read 32 bytes but expected 48 bytes)
Did you #if UNITY_EDITOR a section of your serialized properties in any of your scripts?
The referenced script on this Behaviour (Game Object 'New Magio Effect-fire') is missing!
A scripted object (probably Magio.PreviewMagioVFXController?) has a different serialization layout when loading. (Read 32 bytes but expected 48 bytes)
Did you #if UNITY_EDITOR a section of your serialized properties in any of your scripts?
The referenced script on this Behaviour (Game Object 'New Magio Effect-lightning') is missing!
A scripted object (probably Magio.PreviewMagioVFXController?) has a different serialization layout when loading. (Read 32 bytes but expected 48 bytes)
Did you #if UNITY_EDITOR a section of your serialized properties in any of your scripts?
The referenced script on this Behaviour (Game Object 'New Magio Effect-stone') is missing!
A scripted object (probably Magio.PreviewMagioShaderController?) has a different serialization layout when loading. (Read 32 bytes but expected 48 bytes)
Did you #if UNITY_EDITOR a section of your serialized properties in any of your scripts?
The referenced script on this Behaviour (Game Object 'Magica Capsule Collider (lowerarm_l)') is missing!
The referenced script on this Behaviour (Game Object 'Magica Capsule Collider (clavicle_l)') is missing!
The referenced script on this Behaviour (Game Object 'New Magio Effect-fire') is missing!
A scripted object (probably Magio.PreviewMagioVFXController?) has a different serialization layout when loading. (Read 32 bytes but expected 48 bytes)
Did you #if UNITY_EDITOR a section of your serialized properties in any of your scripts?
The referenced script on this Behaviour (Game Object 'New Magio Effect-fire') is missing!
A scripted object (probably Magio.PreviewMagioVFXController?) has a different serialization layout when loading. (Read 32 bytes but expected 48 bytes)
Did you #if UNITY_EDITOR a section of your serialized properties in any of your scripts?
The referenced script on this Behaviour (Game Object 'New Magio Effect-stone') is missing!
A scripted object (probably Magio.PreviewMagioShaderController?) has a different serialization layout when loading. (Read 32 bytes but expected 48 bytes)
Did you #if UNITY_EDITOR a section of your serialized properties in any of your scripts?
The referenced script on this Behaviour (Game Object 'New Magio Effect-stone') is missing!
A scripted object (probably Magio.PreviewMagioShaderController?) has a different serialization layout when loading. (Read 32 bytes but expected 48 bytes)
Did you #if UNITY_EDITOR a section of your serialized properties in any of your scripts?
The referenced script on this Behaviour (Game Object 'New Magio Effect-stone') is missing!
A scripted object (probably Magio.PreviewMagioShaderController?) has a different serialization layout when loading. (Read 32 bytes but expected 48 bytes)
Did you #if UNITY_EDITOR a section of your serialized properties in any of your scripts?
Unloading 6 Unused Serialized files (Serialized files now loaded: 1)
[Info   :  WCP Host] WcpHost: 长帧 397ms — mod 本帧占用 0.0ms（0.0%） GC本帧=0:0 1:0 2:0 本帧 Top=无 mod 操作
[Info   :  WCP Host] WcpHost: 长帧 326ms — mod 本帧占用 0.0ms（0.0%） GC本帧=0:0 1:0 2:0 本帧 Top=无 mod 操作
[Info   :  WCP Host] WcpHost: 长帧 213ms — mod 本帧占用 4.2ms（2.0%） GC本帧=0:0 1:0 2:0 本帧 Top=身份:托管登记 x1=3.8ms(单次3.8ms) ; 身份:Evaluate x1=0.3ms(单次0.3ms) ; 身份:读落盘书名 x1=0.2ms(单次0.2ms) ; 身份:匹配内存词表 x1=0.1ms(单次0.1ms) ; 身份:读内存词表 x1=0.0ms(单次0.0ms) ; 身份:槽号 x1=0.0ms(单次0.0ms) ; 补丁:Sync x1=0.0ms(单次0.0ms)
[Info   :  WCP Host] WcpHost: 长帧 413ms — mod 本帧占用 0.0ms（0.0%） GC本帧=0:0 1:0 2:0 本帧 Top=无 mod 操作
[Info   :  WCP Host] WcpHost: 长帧 356ms — mod 本帧占用 0.0ms（0.0%） GC本帧=0:0 1:0 2:0 本帧 Top=无 mod 操作
[Info   :  WCP Host] WcpHost: 长帧 200ms — mod 本帧占用 0.0ms（0.0%） GC本帧=0:0 1:0 2:0 本帧 Top=无 mod 操作
[Info   :  WCP Host] WcpHost: 长帧 180ms — mod 本帧占用 0.0ms（0.0%） GC本帧=0:0 1:0 2:0 本帧 Top=无 mod 操作
[Info   :  WCP Host] WcpHost: 长帧 269ms — mod 本帧占用 0.0ms（0.0%） GC本帧=0:0 1:0 2:0 本帧 Top=无 mod 操作
[Info   :  WCP Host] WcpHost: 长帧 577ms — mod 本帧占用 0.0ms（0.0%） GC本帧=0:0 1:0 2:0 本帧 Top=无 mod 操作
[Info   :  WCP Host] WcpHost: 长帧 230ms — mod 本帧占用 0.0ms（0.0%） GC本帧=0:0 1:0 2:0 本帧 Top=无 mod 操作
[Info   :  WCP Host] WcpHost: 长帧 296ms — mod 本帧占用 0.0ms（0.0%） GC本帧=0:0 1:0 2:0 本帧 Top=无 mod 操作
UnloadTime: 0.675600 ms
SALSA-manager-npc-Girl2 [CrazyMinnow.SALSA.Emoter] configuration is not complete. STOP runtime, RESOLVE configuration, and PLAY again. If this is a runtime configuration, this message can be ignored.
SALSA-manager-npc-Girl1 [CrazyMinnow.SALSA.Emoter] configuration is not complete. STOP runtime, RESOLVE configuration, and PLAY again. If this is a runtime configuration, this message can be ignored.
SALSA-manager-Girl1 [CrazyMinnow.SALSA.Emoter] configuration is not complete. STOP runtime, RESOLVE configuration, and PLAY again. If this is a runtime configuration, this message can be ignored.
SALSA-manager-npc-Girl5 (1) [CrazyMinnow.SALSA.Emoter] configuration is not complete. STOP runtime, RESOLVE configuration, and PLAY again. If this is a runtime configuration, this message can be ignored.
PersistentSceneCacheManager: 新实例（ID: 84952）已被设置为全局单例 Instance。
SALSA-manager-npc-Girl5 [CrazyMinnow.SALSA.Emoter] configuration is not complete. STOP runtime, RESOLVE configuration, and PLAY again. If this is a runtime configuration, this message can be ignored.
SALSA-manager-npc-Girl4 [CrazyMinnow.SALSA.Emoter] configuration is not complete. STOP runtime, RESOLVE configuration, and PLAY again. If this is a runtime configuration, this message can be ignored.
SALSA-manager-npc-Girl3 [CrazyMinnow.SALSA.Emoter] configuration is not complete. STOP runtime, RESOLVE configuration, and PLAY again. If this is a runtime configuration, this message can be ignored.
MyParameters.ClothesShopDays-->3
【printerX】StoryManagerS4.JustPlay->Play
【printerX】MyParameters.finishPlotTimes[0]->0
【printerX】MyParameters.finishPlotTimes[1]->0
【printerX】MyParameters.finishPlotTimes[2]->0
【printerX】MyParameters.finishPlotTimes[3]->0
【printerX】MyParameters.finishPlotTimes[4]->0
【printerX】MyParameters.G1_PlotDone->0
【printerX】MyParameters.G2_PlotDone->0
【printerX】MyParameters.G3_PlotDone->0
【printerX】MyParameters.G4_PlotDone->0
【printerX】MyParameters.G5_PlotDone->0
【printerX】MyParameters.memoryModeIf->False
PersistentSceneCacheManager: 开始后台预读 2 个场景...
MyParameters.Initial_PlotDone-->3
The character with Unicode value \u89C9 was not found in the [LiberationSans SDF] font asset or any potential fallbacks. It was replaced by Unicode character \u25A1 in text object [Text (TMP)].
The character with Unicode value \u9192 was not found in the [LiberationSans SDF] font asset or any potential fallbacks. It was replaced by Unicode character \u25A1 in text object [Text (TMP)].
The character with Unicode value \u53D8 was not found in the [LiberationSans SDF] font asset or any potential fallbacks. It was replaced by Unicode character \u25A1 in text object [Text (TMP)].
The character with Unicode value \u8EAB was not found in the [LiberationSans SDF] font asset or any potential fallbacks. It was replaced by Unicode character \u25A1 in text object [Text (TMP)].
The character with Unicode value \u89C9 was not found in the [LiberationSans SDF] font asset or any potential fallbacks. It was replaced by Unicode character \u25A1 in text object [Text (TMP)].
The character with Unicode value \u9192 was not found in the [LiberationSans SDF] font asset or any potential fallbacks. It was replaced by Unicode character \u25A1 in text object [Text (TMP)].
The character with Unicode value \u53D8 was not found in the [LiberationSans SDF] font asset or any potential fallbacks. It was replaced by Unicode character \u25A1 in text object [Text (TMP)].
The character with Unicode value \u8EAB was not found in the [LiberationSans SDF] font asset or any potential fallbacks. It was replaced by Unicode character \u25A1 in text object [Text (TMP)].
Unloading 72 unused Assets to reduce memory usage. Loaded Objects now: 55863.
Total: 41.892300 ms (FindLiveObjects: 7.033200 ms CreateObjectMapping: 1.184600 ms MarkObjects: 32.684800 ms  DeleteObjects: 0.989500 ms)

[Info   :  WCP Host] WcpHost: 长帧 6498ms — mod 本帧占用 3.6ms（0.1%） GC本帧=0:0 1:0 2:0 本帧 Top=身份:托管登记 x1=3.5ms(单次3.5ms) ; 身份:Evaluate x1=0.1ms(单次0.1ms) ; 身份:读落盘书名 x1=0.1ms(单次0.1ms) ; 身份:匹配内存词表 x1=0.0ms(单次0.0ms) ; 身份:读内存词表 x1=0.0ms(单次0.0ms) ; 身份:槽号 x1=0.0ms(单次0.0ms) ; 补丁:Sync x1=0.0ms(单次0.0ms)
[Info   :  WCP Host] WcpHost: 性能哨兵 fps=5.4 帧=68 最差帧=6498ms 卡顿帧(>=50ms)=31 窗口=12.6s | mod 主线程占用=29.1ms/窗口，长帧=12 次 | GC窗口=0:14 1:14 2:14 堆=+17MB | 快路径命中=内存词表指纹 10/10 | 窗口 Top（累计）=身份:托管登记 x7=25.2ms(单次5.2ms) ; 身份:读落盘书名 x10=3.1ms(单次1.0ms) ; 场景:强制校正 x3=2.2ms(单次1.0ms) ; 身份:Evaluate x7=1.7ms(单次0.3ms) ; ES3:落盘书名 x2=1.7ms(单次0.9ms) ; 身份:匹配内存词表 x10=0.5ms(单次0.1ms) ; 身份:读内存词表 x10=0.1ms(单次0.0ms) ; 身份:槽号 x10=0.0ms(单次0.0ms) ; 补丁:Sync x7=0.0ms(单次0.0ms)
The referenced script (Magio.PreviewMagioVFXController) on this Behaviour is missing!
The referenced script (Magio.PreviewMagioVFXController) on this Behaviour is missing!
The referenced script on this Behaviour (Game Object 'skirt_center.L') is missing!
The referenced script on this Behaviour (Game Object 'skirt_side.L') is missing!
The referenced script on this Behaviour (Game Object 'boobs.R') is missing!
The referenced script on this Behaviour (Game Object 'R_jacket.001') is missing!
The referenced script on this Behaviour (Game Object 'ULegCollider.L') is missing!
The referenced script on this Behaviour (Game Object 'headcol (1)') is missing!
The referenced script on this Behaviour (Game Object 'armcol_R (1)') is missing!
The referenced script on this Behaviour (Game Object 'corset_ribbon.root') is missing!
The referenced script on this Behaviour (Game Object 'L_jacket.002') is missing!
The referenced script on this Behaviour (Game Object 'armcol_L (1)') is missing!
The referenced script on this Behaviour (Game Object 'L_jacket.001') is missing!
The referenced script on this Behaviour (Game Object 'hair_side.R.004') is missing!
The referenced script on this Behaviour (Game Object 'skirt_center.R') is missing!
The referenced script on this Behaviour (Game Object 'skirt.L') is missing!
The referenced script on this Behaviour (Game Object 'armcol_R (2)') is missing!
The referenced script on this Behaviour (Game Object 'hip_col') is missing!
The referenced script on this Behaviour (Game Object 'New Magio Effect-fire') is missing!
A scripted object (probably Magio.PreviewMagioVFXController?) has a different serialization layout when loading. (Read 32 bytes but expected 48 bytes)
Did you #if UNITY_EDITOR a section of your serialized properties in any of your scripts?
The referenced script on this Behaviour (Game Object 'leg_col_R') is missing!
The referenced script on this Behaviour (Game Object 'Lower Leg.R.001') is missing!
The referenced script on this Behaviour (Game Object 'hair_center') is missing!
The referenced script on this Behaviour (Game Object 'Upper Leg.R') is missing!
The referenced script on this Behaviour (Game Object 'breast.root') is missing!
The referenced script on this Behaviour (Game Object 'bigribon') is missing!
The referenced script on this Behaviour (Game Object 'skirt_back.L') is missing!
The referenced script on this Behaviour (Game Object 'arm_ribbon.root.L') is missing!
The referenced script on this Behaviour (Game Object 'arm_ribbon.root.R') is missing!
The referenced script on this Behaviour (Game Object 'R_strap2.001') is missing!
The referenced script on this Behaviour (Game Object 'leg_col_L') is missing!
The referenced script on this Behaviour (Game Object 'Lower Leg.L.001') is missing!
The referenced script on this Behaviour (Game Object 'necklace.001') is missing!
The referenced script on this Behaviour (Game Object 'skirt_center') is missing!
The referenced script on this Behaviour (Game Object 'chestcol_ponytail') is missing!
The referenced script on this Behaviour (Game Object 'hair_side.L.004') is missing!
The referenced script on this Behaviour (Game Object 'boobs.L') is missing!
The referenced script on this Behaviour (Game Object 'Bootlace.L') is missing!
The referenced script on this Behaviour (Game Object 'ULegCollider.R') is missing!
The referenced script on this Behaviour (Game Object 'Lower Arm.L.001') is missing!
The referenced script on this Behaviour (Game Object 'New Magio Effect-fire') is missing!
A scripted object (probably Magio.PreviewMagioVFXController?) has a different serialization layout when loading. (Read 32 bytes but expected 48 bytes)
Did you #if UNITY_EDITOR a section of your serialized properties in any of your scripts?
The referenced script on this Behaviour (Game Object 'bunny.L') is missing!
The referenced script on this Behaviour (Game Object 'hair_side.L') is missing!
The referenced script on this Behaviour (Game Object 'skirt_side.R') is missing!
The referenced script on this Behaviour (Game Object 'skirt_back') is missing!
The referenced script on this Behaviour (Game Object 'L_strap2.001') is missing!
The referenced script on this Behaviour (Game Object 'Lower Arm.R.001') is missing!
The referenced script on this Behaviour (Game Object 'bunny.R') is missing!
The referenced script on this Behaviour (Game Object 'skirt_back.R') is missing!
The referenced script on this Behaviour (Game Object 'skirt.root') is missing!
The referenced script on this Behaviour (Game Object 'skirt.root') is missing!
The referenced script on this Behaviour (Game Object 'skirt.root') is missing!
The referenced script on this Behaviour (Game Object 'skirt.root') is missing!
The referenced script on this Behaviour (Game Object 'skirt.root') is missing!
The referenced script on this Behaviour (Game Object 'skirt.root') is missing!
The referenced script on this Behaviour (Game Object 'skirt.root') is missing!
The referenced script on this Behaviour (Game Object 'skirt.root') is missing!
The referenced script on this Behaviour (Game Object 'skirt.root') is missing!
The referenced script on this Behaviour (Game Object 'skirt.root') is missing!
The referenced script on this Behaviour (Game Object 'chestcol_2') is missing!
The referenced script on this Behaviour (Game Object 'Bootlace.R') is missing!
The referenced script on this Behaviour (Game Object 'L_jacket.003') is missing!
The referenced script on this Behaviour (Game Object 'skirt.R') is missing!
The referenced script on this Behaviour (Game Object 'FloorCollider') is missing!
The referenced script on this Behaviour (Game Object 'R_strap.001') is missing!
The referenced script on this Behaviour (Game Object 'zipslider') is missing!
The referenced script on this Behaviour (Game Object 'キャミソール') is missing!
The referenced script on this Behaviour (Game Object 'Upper Leg.L') is missing!
The referenced script on this Behaviour (Game Object 'Bjacket') is missing!
The referenced script on this Behaviour (Game Object 'headcol') is missing!
The referenced script on this Behaviour (Game Object 'R_jacket.003') is missing!
The referenced script on this Behaviour (Game Object 'HipCollider') is missing!
The referenced script on this Behaviour (Game Object 'L_strap.001') is missing!
The referenced script on this Behaviour (Game Object 'armcol_L (2)') is missing!
The referenced script on this Behaviour (Game Object 'chestcol_1') is missing!
The referenced script on this Behaviour (Game Object 'choker') is missing!
The referenced script on this Behaviour (Game Object 'R_jacket.002') is missing!
The referenced script on this Behaviour (Game Object 'tail_root') is missing!
The referenced script on this Behaviour (Game Object 'hair_side.R') is missing!
[Info   :  WCP Host] WcpHost: 长帧 401ms — mod 本帧占用 0.0ms（0.0%） GC本帧=0:1 1:1 2:1 本帧 Top=无 mod 操作
[Info   :  WCP Host] WcpHost: 长帧 515ms — mod 本帧占用 0.0ms（0.0%） GC本帧=0:0 1:0 2:0 本帧 Top=无 mod 操作
[Info   :  WCP Host] WcpHost: 长帧 236ms — mod 本帧占用 0.0ms（0.0%） GC本帧=0:0 1:0 2:0 本帧 Top=无 mod 操作
[Info   :  WCP Host] WcpHost: 长帧 166ms — mod 本帧占用 0.0ms（0.0%） GC本帧=0:0 1:0 2:0 本帧 Top=无 mod 操作
There can be only one active Event System.
RenderPipeline 不一致，正在切换到: MyURP_Asset
背包场景初始化运行
initial showLine---->25
after showLine---->26
场景 Scene14_Equipment 预热完成（已在内存中隐藏）
There are 2 Transition Managers in your scene. Please ensure there is only one Transition Manager in your scene or overlapping transitions may occur.
[Info   :  WCP Host] WcpHost: 长帧 1598ms — mod 本帧占用 4.1ms（0.3%） GC本帧=0:0 1:0 2:0 本帧 Top=身份:托管登记 x1=2.3ms(单次2.3ms) ; 身份:Evaluate x1=1.8ms(单次1.8ms) ; 身份:读落盘书名 x1=1.7ms(单次1.7ms) ; ES3:落盘书名 x1=1.5ms(单次1.5ms) ; 身份:匹配内存词表 x1=0.1ms(单次0.1ms) ; 身份:读内存词表 x1=0.0ms(单次0.0ms) ; 身份:槽号 x1=0.0ms(单次0.0ms) ; 补丁:Sync x1=0.0ms(单次0.0ms)
[Info   :  WCP Host] WcpHost: 长帧 579ms — mod 本帧占用 0.0ms（0.0%） GC本帧=0:0 1:0 2:0 本帧 Top=无 mod 操作
加载成功 -> Index: 0 | Key: Assets/Scenes/PeoplePrefabFinal/13.prefab
currentNumX--->0  MyParameters.MerchantFightTimes[currentNumX]---->2
tester--> unlockedthispersonIf--->False
完成预读取
要解锁成就啦！
场景 Scene18_Gallery 预热完成（已在内存中隐藏）
<color=green>所有场景预热完毕，可以开始高性能秒换！</color>
There are 3 Transition Managers in your scene. Please ensure there is only one Transition Manager in your scene or overlapping transitions may occur.
There are 3 Transition Managers in your scene. Please ensure there is only one Transition Manager in your scene or overlapping transitions may occur.
There are 3 Transition Managers in your scene. Please ensure there is only one Transition Manager in your scene or overlapping transitions may occur.
There are 3 Transition Managers in your scene. Please ensure there is only one Transition Manager in your scene or overlapping transitions may occur.
There are 3 Transition Managers in your scene. Please ensure there is only one Transition Manager in your scene or overlapping transitions may occur.
There are 3 Transition Managers in your scene. Please ensure there is only one Transition Manager in your scene or overlapping transitions may occur.
[Info   :  WCP Host] WcpHost: 性能哨兵 fps=15.2 帧=153 最差帧=1598ms 卡顿帧(>=50ms)=58 窗口=10.0s | mod 主线程占用=16.5ms/窗口，长帧=6 次 | GC窗口=0:5 1:5 2:5 堆=+19MB | 快路径命中=内存词表指纹 8/8 | 窗口 Top（累计）=身份:托管登记 x8=13.3ms(单次2.3ms) ; 身份:Evaluate x8=3.2ms(单次1.8ms) ; 身份:读落盘书名 x8=2.4ms(单次1.7ms) ; ES3:落盘书名 x1=1.5ms(单次1.5ms) ; 身份:匹配内存词表 x8=0.7ms(单次0.1ms) ; 身份:读内存词表 x8=0.1ms(单次0.0ms) ; 身份:槽号 x8=0.0ms(单次0.0ms) ; 补丁:Sync x8=0.0ms(单次0.0ms)
There are 3 Transition Managers in your scene. Please ensure there is only one Transition Manager in your scene or overlapping transitions may occur.
There are 3 Transition Managers in your scene. Please ensure there is only one Transition Manager in your scene or overlapping transitions may occur.
There are 3 Transition Managers in your scene. Please ensure there is only one Transition Manager in your scene or overlapping transitions may occur.
There are 3 Transition Managers in your scene. Please ensure there is only one Transition Manager in your scene or overlapping transitions may occur.
There are 3 Transition Managers in your scene. Please ensure there is only one Transition Manager in your scene or overlapping transitions may occur.
There are 3 Transition Managers in your scene. Please ensure there is only one Transition Manager in your scene or overlapping transitions may occur.
There are 3 Transition Managers in your scene. Please ensure there is only one Transition Manager in your scene or overlapping transitions may occur.
There are 3 Transition Managers in your scene. Please ensure there is only one Transition Manager in your scene or overlapping transitions may occur.
There are 3 Transition Managers in your scene. Please ensure there is only one Transition Manager in your scene or overlapping transitions may occur.
[Info   :  WCP Host] WcpHost: 性能哨兵 fps=23.5 帧=235 最差帧=122ms 卡顿帧(>=50ms)=67 窗口=10.0s | mod 主线程占用=18.6ms/窗口 | GC窗口=0:0 1:0 2:0 堆=+3MB | 快路径命中=内存词表指纹 10/10 | 窗口 Top（累计）=身份:托管登记 x10=16.3ms(单次2.1ms) ; 身份:Evaluate x10=2.3ms(单次0.4ms) ; 身份:读落盘书名 x10=1.2ms(单次0.3ms) ; 身份:匹配内存词表 x10=1.0ms(单次0.1ms) ; 身份:读内存词表 x10=0.1ms(单次0.0ms) ; 身份:槽号 x10=0.0ms(单次0.0ms) ; 补丁:Sync x10=0.0ms(单次0.0ms)
There are 3 Transition Managers in your scene. Please ensure there is only one Transition Manager in your scene or overlapping transitions may occur.
There are 3 Transition Managers in your scene. Please ensure there is only one Transition Manager in your scene or overlapping transitions may occur.
[Info   :  WCP Host] WcpHost: 长帧 155ms — mod 本帧占用 0.0ms（0.0%） GC本帧=0:0 1:0 2:0 本帧 Top=无 mod 操作
There are 3 Transition Managers in your scene. Please ensure there is only one Transition Manager in your scene or overlapping transitions may occur.
There are 3 Transition Managers in your scene. Please ensure there is only one Transition Manager in your scene or overlapping transitions may occur.
There are 3 Transition Managers in your scene. Please ensure there is only one Transition Manager in your scene or overlapping transitions may occur.
There are 3 Transition Managers in your scene. Please ensure there is only one Transition Manager in your scene or overlapping transitions may occur.
There are 3 Transition Managers in your scene. Please ensure there is only one Transition Manager in your scene or overlapping transitions may occur.
There are 3 Transition Managers in your scene. Please ensure there is only one Transition Manager in your scene or overlapping transitions may occur.
There are 3 Transition Managers in your scene. Please ensure there is only one Transition Manager in your scene or overlapping transitions may occur.
There are 3 Transition Managers in your scene. Please ensure there is only one Transition Manager in your scene or overlapping transitions may occur.
[Info   :  WCP Host] WcpHost: 性能哨兵 fps=23.4 帧=235 最差帧=155ms 卡顿帧(>=50ms)=72 窗口=10.0s | mod 主线程占用=19.0ms/窗口，长帧=1 次 | GC窗口=0:1 1:1 2:1 堆=-9MB | 快路径命中=内存词表指纹 9/9 | 窗口 Top（累计）=身份:托管登记 x9=16.8ms(单次2.8ms) ; 身份:Evaluate x9=2.2ms(单次0.3ms) ; 身份:匹配内存词表 x9=1.0ms(单次0.2ms) ; 身份:读落盘书名 x9=1.0ms(单次0.1ms) ; 身份:读内存词表 x9=0.1ms(单次0.0ms) ; 身份:槽号 x9=0.0ms(单次0.0ms) ; 补丁:Sync x9=0.0ms(单次0.0ms)
There are 3 Transition Managers in your scene. Please ensure there is only one Transition Manager in your scene or overlapping transitions may occur.
There are 3 Transition Managers in your scene. Please ensure there is only one Transition Manager in your scene or overlapping transitions may occur.
There are 3 Transition Managers in your scene. Please ensure there is only one Transition Manager in your scene or overlapping transitions may occur.
There are 3 Transition Managers in your scene. Please ensure there is only one Transition Manager in your scene or overlapping transitions may occur.
There are 3 Transition Managers in your scene. Please ensure there is only one Transition Manager in your scene or overlapping transitions may occur.
There are 3 Transition Managers in your scene. Please ensure there is only one Transition Manager in your scene or overlapping transitions may occur.
There are 3 Transition Managers in your scene. Please ensure there is only one Transition Manager in your scene or overlapping transitions may occur.
There are 3 Transition Managers in your scene. Please ensure there is only one Transition Manager in your scene or overlapping transitions may occur.
There are 3 Transition Managers in your scene. Please ensure there is only one Transition Manager in your scene or overlapping transitions may occur.
There are 3 Transition Managers in your scene. Please ensure there is only one Transition Manager in your scene or overlapping transitions may occur.
[Info   :  WCP Host] WcpHost: 性能哨兵 fps=24.0 帧=240 最差帧=134ms 卡顿帧(>=50ms)=71 窗口=10.0s | mod 主线程占用=18.8ms/窗口 | GC窗口=0:0 1:0 2:0 堆=+2MB | 快路径命中=内存词表指纹 10/10 | 窗口 Top（累计）=身份:托管登记 x10=17.0ms(单次2.9ms) ; 身份:Evaluate x10=1.8ms(单次0.3ms) ; 身份:读落盘书名 x10=1.0ms(单次0.2ms) ; 身份:匹配内存词表 x10=0.7ms(单次0.2ms) ; 身份:读内存词表 x10=0.1ms(单次0.0ms) ; 身份:槽号 x10=0.0ms(单次0.0ms) ; 补丁:Sync x10=0.0ms(单次0.0ms)
There are 3 Transition Managers in your scene. Please ensure there is only one Transition Manager in your scene or overlapping transitions may occur.
There are 3 Transition Managers in your scene. Please ensure there is only one Transition Manager in your scene or overlapping transitions may occur.
There are 3 Transition Managers in your scene. Please ensure there is only one Transition Manager in your scene or overlapping transitions may occur.
There are 3 Transition Managers in your scene. Please ensure there is only one Transition Manager in your scene or overlapping transitions may occur.
There are 3 Transition Managers in your scene. Please ensure there is only one Transition Manager in your scene or overlapping transitions may occur.
There are 3 Transition Managers in your scene. Please ensure there is only one Transition Manager in your scene or overlapping transitions may occur.
There are 3 Transition Managers in your scene. Please ensure there is only one Transition Manager in your scene or overlapping transitions may occur.
There are 3 Transition Managers in your scene. Please ensure there is only one Transition Manager in your scene or overlapping transitions may occur.
There are 3 Transition Managers in your scene. Please ensure there is only one Transition Manager in your scene or overlapping transitions may occur.
[Info   :  WCP Host] WcpHost: 性能哨兵 fps=24.0 帧=241 最差帧=124ms 卡顿帧(>=50ms)=71 窗口=10.0s | mod 主线程占用=17.6ms/窗口 | GC窗口=0:0 1:0 2:0 堆=+3MB | 快路径命中=内存词表指纹 10/10 | 窗口 Top（累计）=身份:托管登记 x10=15.7ms(单次2.7ms) ; 身份:Evaluate x10=1.9ms(单次0.3ms) ; 身份:读落盘书名 x10=1.1ms(单次0.2ms) ; 身份:匹配内存词表 x10=0.7ms(单次0.1ms) ; 身份:读内存词表 x10=0.1ms(单次0.0ms) ; 身份:槽号 x10=0.0ms(单次0.0ms) ; 补丁:Sync x10=0.0ms(单次0.0ms)
There are 3 Transition Managers in your scene. Please ensure there is only one Transition Manager in your scene or overlapping transitions may occur.
There are 3 Transition Managers in your scene. Please ensure there is only one Transition Manager in your scene or overlapping transitions may occur.
There are 3 Transition Managers in your scene. Please ensure there is only one Transition Manager in your scene or overlapping transitions may occur.
There are 3 Transition Managers in your scene. Please ensure there is only one Transition Manager in your scene or overlapping transitions may occur.
There are 3 Transition Managers in your scene. Please ensure there is only one Transition Manager in your scene or overlapping transitions may occur.
There are 3 Transition Managers in your scene. Please ensure there is only one Transition Manager in your scene or overlapping transitions may occur.
[Info   :  WCP Host] WcpHost: 长帧 226ms — mod 本帧占用 0.0ms（0.0%） GC本帧=0:0 1:0 2:0 本帧 Top=无 mod 操作
There are 3 Transition Managers in your scene. Please ensure there is only one Transition Manager in your scene or overlapping transitions may occur.
Unloading 11 Unused Serialized files (Serialized files now loaded: 3)
NullReferenceException: Object reference not set to an instance of an object
  at DrunkDemo.OnDestroy () [0x00000] in <fa3150a2aa8a468cb29ac7f135fd1c69>:0 

UnloadTime: 110.537500 ms
Unloading 5476 unused Assets to reduce memory usage. Loaded Objects now: 6543.
Total: 65.163600 ms (FindLiveObjects: 1.038000 ms CreateObjectMapping: 0.910000 ms MarkObjects: 29.223500 ms  DeleteObjects: 33.991700 ms)

[Info   :  WCP Host] WcpHost: 长帧 324ms — mod 本帧占用 0.0ms（0.0%） GC本帧=0:0 1:0 2:0 本帧 Top=无 mod 操作
[Info   :  WCP Host] WcpHost: 长帧 667ms — mod 本帧占用 0.0ms（0.0%） GC本帧=0:0 1:0 2:0 本帧 Top=无 mod 操作
Unloading 6 Unused Serialized files (Serialized files now loaded: 1)
[Info   :  WCP Host] WcpHost: 长帧 290ms — mod 本帧占用 0.0ms（0.0%） GC本帧=0:0 1:0 2:0 本帧 Top=无 mod 操作
[Info   :  WCP Host] WcpHost: 性能哨兵 fps=21.2 帧=212 最差帧=667ms 卡顿帧(>=50ms)=53 窗口=10.0s | mod 主线程占用=18.5ms/窗口，长帧=4 次 | GC窗口=0:2 1:2 2:2 堆=-36MB | 快路径命中=内存词表指纹 9/9 | 窗口 Top（累计）=身份:托管登记 x9=16.5ms(单次2.6ms) ; 身份:Evaluate x9=2.1ms(单次0.4ms) ; 身份:读落盘书名 x9=1.0ms(单次0.2ms) ; 身份:匹配内存词表 x9=0.8ms(单次0.2ms) ; 身份:读内存词表 x9=0.1ms(单次0.0ms) ; 身份:槽号 x9=0.0ms(单次0.0ms) ; 补丁:Sync x9=0.0ms(单次0.0ms)
[Info   :  WCP Host] WcpHost: 长帧 317ms — mod 本帧占用 0.0ms（0.0%） GC本帧=0:0 1:0 2:0 本帧 Top=无 mod 操作
UnloadTime: 0.449100 ms
SALSA-manager-Girl1 [CrazyMinnow.SALSA.Emoter] configuration is not complete. STOP runtime, RESOLVE configuration, and PLAY again. If this is a runtime configuration, this message can be ignored.
string[]文件找到！！！！
string[]文件找到！！！！
string[]文件找到！！！！
string[]文件找到！！！！
[testerCCC]-->CompleteIf_DailyStudy--->False OpenIf_ExtraStudy-->False CompleteIf_ExtraStudy-->False
[testerAA]-->StartSettingSR_Label--->【不能】额外学习
string[]文件找到！！！！
bookNum---》8116
testerxx当前达到的解锁等级——>1
 BookObj[i]--->0   
 BookObj[i]--->1   
testerxxline基础长度——>240
testerxxline长度——>322
MyParameters.HaveLearnedDictionary.Count--->842
MyParameters.tem_ChosenBook四级大纲词汇
[Info   :WCP Custom Slots] CustomSlots: postfix num=20; plugin=ok; 程序化=是(忽略); 自定义页=是; 栈=CustomCategoryPatch.DescribeStack < CustomCategoryPatch.Postfix < WordChooseButtonS10.DMD<WordChooseButtonS10::OnBookButtonClicked> < WordChooseButtonS10.Initialize < WordChooseButtonS10.Start
我的女友是：无
testerxxxxxxxxx启动LoadHaveLearnedDictionary
[Warning:  WCP Host] WcpHost: 读取 ES3 键失败 SelfBookList5: Key "SelfBookList5" was not found in file "C:/Users/hanserdesu/AppData/LocalLow/WCP/wcp\MyBook.es3". Use Load<T>(key, defaultValue) if you want to return a default value if the key does not exist.
[Info   :  WCP Host] WcpHost: 接管语言包 fr / catbar-french-cefr-complete
[Info   :  WCP Host] WcpHost: 已激活 · fr / catbar-french-cefr-complete（8116 词，槽 1，策略已载入）
Unloading 55 unused Assets to reduce memory usage. Loaded Objects now: 23498.
Total: 29.391200 ms (FindLiveObjects: 2.166100 ms CreateObjectMapping: 0.906100 ms MarkObjects: 26.047400 ms  DeleteObjects: 0.271200 ms)

[Info   :  WCP Host] WcpHost: 长帧 6773ms — mod 本帧占用 215.9ms（3.2%） GC本帧=0:2 1:2 2:2 本帧 Top=运行态:Tick x1=212.2ms(单次212.2ms) ; 运行态:书名扫描 x1=106.8ms(单次106.8ms) ; 运行态:例句按钮 x1=92.8ms(单次92.8ms) ; ES3:槽位词表 x3=27.2ms(单次10.4ms) ; 运行态:队列校正 x1=9.4ms(单次9.4ms) ; 队列:规则 x1=7.4ms(单次7.4ms) ; 镜像:投递 x1=2.4ms(单次2.4ms) ; 身份:Evaluate x1=1.9ms(单次1.9ms) ; 身份:托管登记 x1=1.8ms(单次1.8ms) ; 队列:授权集 x1=1.6ms(单次1.6ms) ; 身份:读落盘书名 x1=1.6ms(单次1.6ms) ; ES3:落盘书名 x1=1.4ms(单次1.4ms) ; …共21个标签
[Info   :  WCP Host] WcpHost: 长帧 485ms — mod 本帧占用 0.0ms（0.0%） GC本帧=0:0 1:0 2:0 本帧 Top=无 mod 操作
[Info   :  WCP Host] WcpHost: 性能哨兵 fps=5.9 帧=59 最差帧=6773ms 卡顿帧(>=50ms)=25 窗口=10.0s | mod 主线程占用=1312.2ms/窗口，长帧=3 次 | GC窗口=0:23 1:23 2:23 堆=+30MB | 快路径命中=内存词表指纹 5/6 ; 槽位词表指纹 2/3 | 窗口 Top（累计）=场景:强制校正 x2=1075.4ms(单次1075.2ms) ; 运行态:场景校正 x1=791.6ms(单次791.6ms) ; 队列:规则 x3=657.4ms(单次642.1ms) ; 运行态:Tick x2=225.3ms(单次212.2ms) ; 身份:槽位归属 x3=150.1ms(单次150.0ms) ; 槽位归属:重解析 x1=149.2ms(单次149.2ms) ; 运行态:书名扫描 x2=108.8ms(单次106.8ms) ; ES3:批量写(装载) x1=98.3ms(单次98.3ms) ; 运行态:例句按钮 x2=95.4ms(单次92.8ms) ; 槽位归属:行指纹 x13=70.5ms(单次10.9ms) ; 队列:对齐 x3=66.4ms(单次66.1ms) ; 身份:读槽位词表 x3=55.8ms(单次55.6ms) ; …共33个标签
[Info   :  WCP Host] WcpHost: 长帧 173ms — mod 本帧占用 0.0ms（0.0%） GC本帧=0:1 1:1 2:1 本帧 Top=无 mod 操作
[Info   :  WCP Host] WcpHost: 长帧 242ms — mod 本帧占用 0.0ms（0.0%） GC本帧=0:0 1:0 2:0 本帧 Top=无 mod 操作
[Info   :  WCP Host] WcpHost: 长帧 154ms — mod 本帧占用 0.0ms（0.0%） GC本帧=0:0 1:0 2:0 本帧 Top=无 mod 操作
[Info   :  WCP Host] WcpHost: 长帧 175ms — mod 本帧占用 0.0ms（0.0%） GC本帧=0:0 1:0 2:0 本帧 Top=无 mod 操作
[Info   :  WCP Host] WcpHost: 长帧 161ms — mod 本帧占用 0.0ms（0.0%） GC本帧=0:0 1:0 2:0 本帧 Top=无 mod 操作
[Info   :  WCP Host] WcpHost: 性能哨兵 fps=13.3 帧=133 最差帧=242ms 卡顿帧(>=50ms)=96 窗口=10.0s | mod 主线程占用=156.3ms/窗口，长帧=5 次 | GC窗口=0:16 1:16 2:16 堆=-16MB | 快路径命中=内存词表指纹 9/9 ; 槽位词表指纹 9/9 | 窗口 Top（累计）=运行态:Tick x9=133.3ms(单次32.3ms) ; 运行态:队列校正 x9=117.8ms(单次29.3ms) ; 队列:规则 x9=99.7ms(单次28.4ms) ; 身份:托管登记 x9=17.7ms(单次2.5ms) ; 队列:授权集 x9=17.7ms(单次7.9ms) ; 运行态:例句按钮 x9=9.4ms(单次3.8ms) ; 运行态:书名扫描 x9=6.2ms(单次2.3ms) ; 身份:Evaluate x9=5.2ms(单次0.8ms) ; 身份:匹配内存词表 x9=1.6ms(单次0.3ms) ; 身份:读落盘书名 x9=1.2ms(单次0.2ms) ; 身份:读槽位词表 x9=0.9ms(单次0.2ms) ; 身份:槽位归属 x9=0.6ms(单次0.1ms) ; …共18个标签
[Info   :  WCP Host] WcpHost: 长帧 151ms — mod 本帧占用 0.0ms（0.0%） GC本帧=0:0 1:0 2:0 本帧 Top=无 mod 操作
[Info   :  WCP Host] WcpHost: 长帧 160ms — mod 本帧占用 0.0ms（0.0%） GC本帧=0:0 1:0 2:0 本帧 Top=无 mod 操作
[Info   :  WCP Host] WcpHost: 长帧 181ms — mod 本帧占用 0.0ms（0.0%） GC本帧=0:1 1:1 2:1 本帧 Top=无 mod 操作
[Info   :  WCP Host] WcpHost: 长帧 168ms — mod 本帧占用 0.0ms（0.0%） GC本帧=0:0 1:0 2:0 本帧 Top=无 mod 操作
[Info   :  WCP Host] WcpHost: 长帧 163ms — mod 本帧占用 0.0ms（0.0%） GC本帧=0:0 1:0 2:0 本帧 Top=无 mod 操作
[Info   :  WCP Host] WcpHost: 长帧 274ms — mod 本帧占用 0.0ms（0.0%） GC本帧=0:0 1:0 2:0 本帧 Top=无 mod 操作
[Info   :  WCP Host] WcpHost: 长帧 165ms — mod 本帧占用 0.0ms（0.0%） GC本帧=0:0 1:0 2:0 本帧 Top=无 mod 操作
[Info   :  WCP Host] WcpHost: 长帧 256ms — mod 本帧占用 0.0ms（0.0%） GC本帧=0:0 1:0 2:0 本帧 Top=无 mod 操作
[Info   :  WCP Host] WcpHost: 长帧 170ms — mod 本帧占用 14.1ms（8.3%） GC本帧=0:0 1:0 2:0 本帧 Top=运行态:Tick x1=12.1ms(单次12.1ms) ; 运行态:队列校正 x1=9.2ms(单次9.2ms) ; 队列:规则 x1=8.4ms(单次8.4ms) ; 运行态:例句按钮 x1=2.9ms(单次2.9ms) ; 身份:托管登记 x1=1.6ms(单次1.6ms) ; 队列:授权集 x1=0.7ms(单次0.7ms) ; 身份:Evaluate x1=0.4ms(单次0.4ms) ; 身份:读落盘书名 x1=0.1ms(单次0.1ms) ; 身份:读槽位词表 x1=0.1ms(单次0.1ms) ; 身份:匹配槽位词表 x1=0.1ms(单次0.1ms) ; 身份:槽位归属 x1=0.1ms(单次0.1ms) ; 身份:匹配内存词表 x1=0.0ms(单次0.0ms) ; …共18个标签
[Info   :  WCP Host] WcpHost: 性能哨兵 fps=14.2 帧=142 最差帧=274ms 卡顿帧(>=50ms)=100 窗口=10.0s | mod 主线程占用=181.1ms/窗口，长帧=9 次 | GC窗口=0:16 1:16 2:16 堆=+1MB | 快路径命中=内存词表指纹 10/10 ; 槽位词表指纹 10/10 | 窗口 Top（累计）=运行态:Tick x10=156.3ms(单次27.3ms) ; 运行态:队列校正 x10=141.8ms(单次27.3ms) ; 队列:规则 x10=132.5ms(单次25.4ms) ; 身份:托管登记 x10=18.9ms(单次3.2ms) ; 运行态:例句按钮 x10=11.6ms(单次2.9ms) ; 队列:授权集 x10=9.0ms(单次1.8ms) ; 身份:Evaluate x10=5.9ms(单次0.9ms) ; 运行态:书名扫描 x10=2.9ms(单次1.6ms) ; 身份:匹配内存词表 x10=1.7ms(单次0.3ms) ; 身份:读落盘书名 x10=1.1ms(单次0.2ms) ; 身份:读槽位词表 x10=1.1ms(单次0.2ms) ; 身份:槽位归属 x10=0.9ms(单次0.2ms) ; …共18个标签
[Info   :  WCP Host] WcpHost: 长帧 192ms — mod 本帧占用 0.0ms（0.0%） GC本帧=0:0 1:0 2:0 本帧 Top=无 mod 操作
[Info   :  WCP Host] WcpHost: 长帧 176ms — mod 本帧占用 0.0ms（0.0%） GC本帧=0:1 1:1 2:1 本帧 Top=无 mod 操作
[Info   :  WCP Host] WcpHost: 长帧 208ms — mod 本帧占用 0.0ms（0.0%） GC本帧=0:0 1:0 2:0 本帧 Top=无 mod 操作
[Info   :  WCP Host] WcpHost: 长帧 196ms — mod 本帧占用 0.0ms（0.0%） GC本帧=0:0 1:0 2:0 本帧 Top=无 mod 操作
[Info   :  WCP Host] WcpHost: 长帧 165ms — mod 本帧占用 0.0ms（0.0%） GC本帧=0:0 1:0 2:0 本帧 Top=无 mod 操作
[Info   :  WCP Host] WcpHost: 长帧 212ms — mod 本帧占用 0.0ms（0.0%） GC本帧=0:1 1:1 2:1 本帧 Top=无 mod 操作
要解锁成就啦！
Achievement [NEW_ACHIEVEMENT_3_67] unlocked
[Info   :  WCP Host] WcpHost: 长帧 291ms — mod 本帧占用 0.0ms（0.0%） GC本帧=0:0 1:0 2:0 本帧 Top=无 mod 操作
[Info   :  WCP Host] WcpHost: 长帧 295ms — mod 本帧占用 21.6ms（7.3%） GC本帧=0:1 1:1 2:1 本帧 Top=运行态:Tick x1=19.2ms(单次19.2ms) ; 运行态:队列校正 x1=17.3ms(单次17.3ms) ; 队列:规则 x1=16.7ms(单次16.7ms) ; 身份:托管登记 x1=1.9ms(单次1.9ms) ; 运行态:例句按钮 x1=1.9ms(单次1.9ms) ; 队列:授权集 x1=0.5ms(单次0.5ms) ; 身份:Evaluate x1=0.5ms(单次0.5ms) ; 身份:匹配槽位词表 x1=0.1ms(单次0.1ms) ; 身份:读落盘书名 x1=0.1ms(单次0.1ms) ; 身份:槽位归属 x1=0.1ms(单次0.1ms) ; 身份:读槽位词表 x1=0.1ms(单次0.1ms) ; 身份:匹配内存词表 x1=0.1ms(单次0.1ms) ; …共18个标签
[Info   :  WCP Host] WcpHost: 长帧 218ms — mod 本帧占用 0.0ms（0.0%） GC本帧=0:0 1:0 2:0 本帧 Top=无 mod 操作
[Info   :  WCP Host] WcpHost: 长帧 211ms — mod 本帧占用 0.0ms（0.0%） GC本帧=0:0 1:0 2:0 本帧 Top=无 mod 操作
[Info   :  WCP Host] WcpHost: 长帧 310ms — mod 本帧占用 9.6ms（3.1%） GC本帧=0:0 1:0 2:0 本帧 Top=运行态:Tick x1=8.0ms(单次8.0ms) ; 运行态:队列校正 x1=8.0ms(单次8.0ms) ; 队列:规则 x1=7.1ms(单次7.1ms) ; 身份:托管登记 x1=1.2ms(单次1.2ms) ; 队列:授权集 x1=0.8ms(单次0.8ms) ; 身份:Evaluate x1=0.4ms(单次0.4ms) ; 身份:读槽位词表 x1=0.1ms(单次0.1ms) ; 身份:读落盘书名 x1=0.1ms(单次0.1ms) ; 身份:匹配槽位词表 x1=0.1ms(单次0.1ms) ; 身份:槽位归属 x1=0.1ms(单次0.1ms) ; 身份:匹配内存词表 x1=0.0ms(单次0.0ms) ; 队列:对齐 x1=0.0ms(单次0.0ms) ; …共18个标签
MyParameters.tem_ChosenBook自定义词书一
string[]文件找到！！！！
[Info   :WCP Custom Slots] CustomSlots: postfix num=20; plugin=ok; 程序化=是(忽略); 自定义页=是; 栈=CustomCategoryPatch.DescribeStack < CustomCategoryPatch.Postfix < WordChooseButtonS10.DMD<WordChooseButtonS10::OnBookButtonClicked> < WordChooseButtonS10.Initialize < InvokableCall.Invoke < UnityEvent.Invoke < Button.Press < Button.OnPointerClick
[Info   :WCP Book Name] BookName: 自定义词书一 -> 法语词库(猫条版)
[Info   :WCP Book Name] BookName: 自定义词书一（法语词库(猫条版)) -> 法语词库(猫条版)
[Info   :WCP Book Name] BookName: 自定义词书二（法语词库(猫条版)) -> 法语词库(猫条版)
[Info   :WCP Book Name] BookName: 自定义词书三（俄语词库(猫条版)) -> 俄语词库(猫条版)
[Info   :WCP Book Name] BookName: 自定义词书四（德语词库(猫条版)) -> 德语词库(猫条版)
[Info   :  WCP Host] WcpHost: 长帧 416ms — mod 本帧占用 9.6ms（2.3%） GC本帧=0:2 1:2 2:2 本帧 Top=运行态:Tick x1=7.1ms(单次7.1ms) ; 运行态:队列校正 x1=7.0ms(单次7.0ms) ; 队列:规则 x1=6.6ms(单次6.6ms) ; 身份:托管登记 x1=2.0ms(单次2.0ms) ; 身份:Evaluate x1=0.6ms(单次0.6ms) ; 队列:授权集 x1=0.5ms(单次0.5ms) ; 身份:读落盘书名 x1=0.1ms(单次0.1ms) ; 身份:匹配内存词表 x1=0.1ms(单次0.1ms) ; 身份:读槽位词表 x1=0.1ms(单次0.1ms) ; 身份:槽位归属 x1=0.1ms(单次0.1ms) ; 身份:匹配槽位词表 x1=0.1ms(单次0.1ms) ; 队列:对齐 x1=0.0ms(单次0.0ms) ; …共18个标签
[Info   :WCP Custom Slots] CustomSlots: native page dumped (auto) -> C:\Users\hanserdesu\AppData\LocalLow\WCP\wcp_diag\WcpSlotsDiag.txt (264 lines)
[Info   :WCP Custom Slots] CustomSlots: 轮询 → 进入自定义页，显示面板
[Info   :WCP Custom Slots] CustomSlots: Show → 新建覆盖层; canvas=CanvasSetting1; sortingOrder=1022
[Info   :WCP Custom Slots] CustomSlots: 原生字体 = SourceHanSerifCN-Heavy
[Info   :WCP Custom Slots] CustomSlots: 路线A 原生外观 → 行 sprite=UISprite; 滚动条 handle=xuqiu10_frame_latiao_2; 面板底=隐藏
[Info   :WCP Custom Slots] CustomSlots: 从 WordChooseButtonS10.Son_spriteChosen 获取到原生选中底图: XQ56_button_list_long_choose
[Info   :  WCP Host] WcpHost: 长帧 315ms — mod 本帧占用 0.0ms（0.0%） GC本帧=0:0 1:0 2:0 本帧 Top=无 mod 操作
[Info   :WCP Custom Slots] CustomSlots: 物化自检 → 页框 1; 落盘文件存在; 回读词数=8451（写入 8451）; 一致=是; ChosenBook_Para=自定义词书一
[Info   :WCP Custom Slots] CustomSlots: store saved; bytes=955416; filledRows=13; selected=2
[Info   :WCP Custom Slots] CustomSlots: 逻辑槽位 2 -> 物理页框 1 (mod); 指纹=8451|абонентабортабсолютно|ящикёлка
[Info   :WCP Book Name] BookName: 自定义词书一（俄语词库(猫条版)） -> 法语词库(猫条版)
[Info   :WCP Book Name] BookName: 自定义词书一（俄语词库(猫条版)） -> 法语词库(猫条版)
[Info   :  WCP Host] WcpHost: 长帧 739ms — mod 本帧占用 0.0ms（0.0%） GC本帧=0:1 1:1 2:1 本帧 Top=无 mod 操作
[Info   :  WCP Host] WcpHost: 长帧 160ms — mod 本帧占用 0.0ms（0.0%） GC本帧=0:0 1:0 2:0 本帧 Top=无 mod 操作
[Info   :  WCP Host] WcpHost: 接管语言包 ru / catbar-russian-cefr-complete
[Info   :  WCP Host] WcpHost: 已激活 · ru / catbar-russian-cefr-complete（8451 词，槽 1，策略已载入）
[Info   :  WCP Host] WcpHost: 长帧 524ms — mod 本帧占用 517.7ms（98.8%） GC本帧=0:8 1:8 2:8 本帧 Top=身份:Evaluate x1=345.3ms(单次345.3ms) ; 身份:装载 x1=193.6ms(单次193.6ms) ; 装载:离开 x1=182.1ms(单次182.1ms) ; 运行态:Tick x1=131.9ms(单次131.9ms) ; ES3:批量写(装载) x1=130.9ms(单次130.9ms) ; 身份:槽位归属 x1=130.3ms(单次130.3ms) ; 槽位归属:重解析 x1=130.1ms(单次130.1ms) ; 槽位归属:行指纹 x13=77.3ms(单次23.0ms) ; 运行态:书名扫描 x1=71.6ms(单次71.6ms) ; 运行态:队列校正 x1=56.1ms(单次56.1ms) ; 队列:规则 x1=54.2ms(单次54.2ms) ; ES3:批量写(提交) x1=38.4ms(单次38.4ms) ; …共30个标签
[Info   :  WCP Host] WcpHost: 性能哨兵 fps=9.0 帧=91 最差帧=739ms 卡顿帧(>=50ms)=77 窗口=10.1s | mod 主线程占用=646.5ms/窗口，长帧=16 次 | GC窗口=0:35 1:35 2:35 堆=+18MB | 快路径命中=内存词表指纹 8/9 ; 槽位词表指纹 8/9 | 窗口 Top（累计）=身份:Evaluate x9=349.0ms(单次345.3ms) ; 运行态:Tick x9=243.5ms(单次131.9ms) ; 身份:装载 x9=193.6ms(单次193.6ms) ; 装载:离开 x1=182.1ms(单次182.1ms) ; 运行态:队列校正 x9=159.5ms(单次56.1ms) ; 队列:规则 x9=140.7ms(单次54.2ms) ; ES3:批量写(装载) x1=130.9ms(单次130.9ms) ; 身份:槽位归属 x9=130.9ms(单次130.3ms) ; 槽位归属:重解析 x1=130.1ms(单次130.1ms) ; 槽位归属:行指纹 x13=77.3ms(单次23.0ms) ; 运行态:书名扫描 x9=74.5ms(单次71.6ms) ; ES3:批量写(提交) x1=38.4ms(单次38.4ms) ; …共30个标签
[Info   :WCP Custom Slots] CustomSlots: 轮询 → 选书窗不可见，隐藏面板
[Info   :WCP Custom Slots] CustomSlots: Hide → 关闭覆盖层
testerBB------->WordPriority_Para----->收藏的单词 > 本书单词  MyParameters.dailyLearnNum_Para--->100
[testerCCC]-->CompleteIf_DailyStudy--->False OpenIf_ExtraStudy-->False CompleteIf_ExtraStudy-->False
[testerAA]-->StartSettingSR_Label--->【不能】额外学习
string[]文件找到！！！！
bookNum---》8451
testerxx当前达到的解锁等级——>1
 BookObj[i]--->0   
 BookObj[i]--->1   
testerxxline基础长度——>240
testerxxline长度——>322
MyParameters.HaveLearnedDictionary.Count--->842
[testerCCC]-->CompleteIf_DailyStudy--->False OpenIf_ExtraStudy-->False CompleteIf_ExtraStudy-->False
[testerAA]-->StartSettingSR_Label--->【不能】额外学习
string[]文件找到！！！！
bookNum---》8451
testerxx当前达到的解锁等级——>1
 BookObj[i]--->0   
 BookObj[i]--->1   
testerxxline基础长度——>240
testerxxline长度——>322
MyParameters.HaveLearnedDictionary.Count--->842
[Info   :  WCP Host] WcpHost: 长帧 6962ms — mod 本帧占用 40.8ms（0.6%） GC本帧=0:2 1:2 2:2 本帧 Top=运行态:Tick x1=38.0ms(单次38.0ms) ; 运行态:队列校正 x1=38.0ms(单次38.0ms) ; 队列:规则 x1=36.6ms(单次36.6ms) ; 身份:托管登记 x1=2.2ms(单次2.2ms) ; 队列:授权集 x1=1.4ms(单次1.4ms) ; 身份:Evaluate x1=0.7ms(单次0.7ms) ; 身份:匹配内存词表 x1=0.3ms(单次0.3ms) ; 身份:读落盘书名 x1=0.1ms(单次0.1ms) ; 身份:槽位归属 x1=0.1ms(单次0.1ms) ; 身份:读槽位词表 x1=0.1ms(单次0.1ms) ; 身份:匹配槽位词表 x1=0.1ms(单次0.1ms) ; 队列:对齐 x1=0.0ms(单次0.0ms) ; …共18个标签
[Info   :  WCP Host] WcpHost: 长帧 185ms — mod 本帧占用 0.0ms（0.0%） GC本帧=0:0 1:0 2:0 本帧 Top=无 mod 操作
[Info   :  WCP Host] WcpHost: 性能哨兵 fps=4.5 帧=45 最差帧=6962ms 卡顿帧(>=50ms)=45 窗口=10.0s | mod 主线程占用=191.7ms/窗口，长帧=2 次 | GC窗口=0:93 1:93 2:93 堆=-6MB | 快路径命中=内存词表指纹 3/5 ; 槽位词表指纹 5/5 | 窗口 Top（累计）=队列:规则 x5=147.0ms(单次54.7ms) ; 场景:强制校正 x2=96.5ms(单次69.7ms) ; 运行态:Tick x3=87.4ms(单次38.0ms) ; 运行态:队列校正 x3=82.6ms(单次38.0ms) ; 运行态:场景校正 x2=71.4ms(单次56.1ms) ; 身份:匹配内存词表 x5=16.2ms(单次7.9ms) ; 身份:读落盘书名 x5=9.8ms(单次5.2ms) ; ES3:落盘书名 x3=9.0ms(单次5.0ms) ; 队列:授权集 x5=6.7ms(单次1.4ms) ; 身份:托管登记 x3=5.4ms(单次2.2ms) ; 运行态:书名扫描 x3=2.8ms(单次1.6ms) ; 身份:Evaluate x3=2.4ms(单次1.5ms) ; …共21个标签
[Info   :  WCP Host] WcpHost: 长帧 150ms — mod 本帧占用 45.7ms（30.5%） GC本帧=0:1 1:1 2:1 本帧 Top=运行态:Tick x1=43.5ms(单次43.5ms) ; 运行态:队列校正 x1=35.6ms(单次35.6ms) ; 队列:规则 x1=30.5ms(单次30.5ms) ; 运行态:例句按钮 x1=5.9ms(单次5.9ms) ; 队列:授权集 x1=5.1ms(单次5.1ms) ; 运行态:书名扫描 x1=1.9ms(单次1.9ms) ; 身份:托管登记 x1=1.6ms(单次1.6ms) ; 身份:Evaluate x1=0.6ms(单次0.6ms) ; 身份:匹配内存词表 x1=0.2ms(单次0.2ms) ; 身份:读落盘书名 x1=0.1ms(单次0.1ms) ; 身份:读槽位词表 x1=0.1ms(单次0.1ms) ; 身份:槽位归属 x1=0.1ms(单次0.1ms) ; …共18个标签
[Info   :  WCP Host] WcpHost: 长帧 1463ms — mod 本帧占用 32.1ms（2.2%） GC本帧=0:2 1:2 2:2 本帧 Top=运行态:Tick x1=27.4ms(单次27.4ms) ; 运行态:队列校正 x1=27.4ms(单次27.4ms) ; 队列:规则 x1=26.2ms(单次26.2ms) ; 身份:Evaluate x1=3.0ms(单次3.0ms) ; 身份:读落盘书名 x1=2.5ms(单次2.5ms) ; ES3:落盘书名 x1=2.4ms(单次2.4ms) ; 身份:托管登记 x1=1.7ms(单次1.7ms) ; 队列:授权集 x1=1.2ms(单次1.2ms) ; 身份:读槽位词表 x1=0.1ms(单次0.1ms) ; 身份:匹配槽位词表 x1=0.1ms(单次0.1ms) ; 身份:槽位归属 x1=0.1ms(单次0.1ms) ; 身份:匹配内存词表 x1=0.1ms(单次0.1ms) ; …共19个标签
[Info   :  WCP Host] WcpHost: 长帧 208ms — mod 本帧占用 0.0ms（0.0%） GC本帧=0:0 1:0 2:0 本帧 Top=无 mod 操作
[Info   :  WCP Host] WcpHost: 长帧 183ms — mod 本帧占用 34.1ms（18.6%） GC本帧=0:1 1:1 2:1 本帧 Top=运行态:Tick x1=31.9ms(单次31.9ms) ; 运行态:队列校正 x1=28.9ms(单次28.9ms) ; 队列:规则 x1=27.6ms(单次27.6ms) ; 运行态:例句按钮 x1=1.8ms(单次1.8ms) ; 身份:托管登记 x1=1.8ms(单次1.8ms) ; 队列:授权集 x1=1.3ms(单次1.3ms) ; 运行态:书名扫描 x1=1.2ms(单次1.2ms) ; 身份:Evaluate x1=0.4ms(单次0.4ms) ; 身份:读落盘书名 x1=0.1ms(单次0.1ms) ; 身份:槽位归属 x1=0.1ms(单次0.1ms) ; 身份:读槽位词表 x1=0.1ms(单次0.1ms) ; 身份:匹配槽位词表 x1=0.1ms(单次0.1ms) ; …共18个标签
Unloading 6 Unused Serialized files (Serialized files now loaded: 1)
SALSA: The controller for ('SALSA-manager-Girl1'::small::component 0) is missing. Ensure you have not deleted it with another script or process.
SALSA: The controller for ('SALSA-manager-Girl1'::medium-small::component 0) is missing. Ensure you have not deleted it with another script or process.
SALSA: The controller for ('SALSA-manager-Girl1'::medium-normal::component 0) is missing. Ensure you have not deleted it with another script or process.
SALSA: The controller for ('SALSA-manager-Girl1'::medium-Large::component 0) is missing. Ensure you have not deleted it with another script or process.
SALSA: The controller for ('SALSA-manager-Girl1'::big::component 0) is missing. Ensure you have not deleted it with another script or process.
SALSA: The controller for ('SALSA-manager-Girl2'::small::component 0) is missing. Ensure you have not deleted it with another script or process.
SALSA: The controller for ('SALSA-manager-Girl2'::medium::component 0) is missing. Ensure you have not deleted it with another script or process.
SALSA: The controller for ('SALSA-manager-Girl2'::big::component 0) is missing. Ensure you have not deleted it with another script or process.
SALSA: The controller for ('SALSA-manager-Girl2'::verybig::component 0) is missing. Ensure you have not deleted it with another script or process.
SALSA: The controller for ('SALSA-manager-Girl2'::huge::component 0) is missing. Ensure you have not deleted it with another script or process.
SALSA: The controller for ('SALSA-manager-Girl3'::medium::component 0) is missing. Ensure you have not deleted it with another script or process.
SALSA: The controller for ('SALSA-manager-Girl3'::medium2::component 0) is missing. Ensure you have not deleted it with another script or process.
SALSA: The controller for ('SALSA-manager-Girl3'::medium3::component 0) is missing. Ensure you have not deleted it with another script or process.
SALSA: The controller for ('SALSA-manager-Girl3'::big::component 0) is missing. Ensure you have not deleted it with another script or process.
SALSA: The controller for ('SALSA-manager-Girl3'::big2::component 0) is missing. Ensure you have not deleted it with another script or process.
SALSA: The controller for ('SALSA-manager-Girl4'::small::component 0) is missing. Ensure you have not deleted it with another script or process.
SALSA: The controller for ('SALSA-manager-Girl4'::medium::component 0) is missing. Ensure you have not deleted it with another script or process.
SALSA: The controller for ('SALSA-manager-Girl4'::big::component 0) is missing. Ensure you have not deleted it with another script or process.
SALSA: The controller for ('SALSA-manager-Girl4'::verybig::component 0) is missing. Ensure you have not deleted it with another script or process.
SALSA: The controller for ('SALSA-manager-Girl4'::viseme 4::component 0) is missing. Ensure you have not deleted it with another script or process.
SALSA: The controller for ('SALSA-manager-Girl5'::small::component 0) is missing. Ensure you have not deleted it with another script or process.
SALSA: The controller for ('SALSA-manager-Girl5'::medium::component 0) is missing. Ensure you have not deleted it with another script or process.
SALSA: The controller for ('SALSA-manager-Girl5'::big::component 0) is missing. Ensure you have not deleted it with another script or process.
SALSA: The controller for ('SALSA-manager-Girl5'::verybig::component 0) is missing. Ensure you have not deleted it with another script or process.
UnloadTime: 24.546000 ms
Unloading 2757 unused Assets to reduce memory usage. Loaded Objects now: 6686.
Total: 30.660700 ms (FindLiveObjects: 0.492200 ms CreateObjectMapping: 0.398000 ms MarkObjects: 23.164100 ms  DeleteObjects: 6.606000 ms)

[Info   :  WCP Host] WcpHost: 长帧 464ms — mod 本帧占用 0.0ms（0.0%） GC本帧=0:0 1:0 2:0 本帧 Top=无 mod 操作
The referenced script on this Behaviour (Game Object 'SaveButton') is missing!
Unloading 9 Unused Serialized files (Serialized files now loaded: 1)
UnloadTime: 0.736100 ms
Vocabulary Path: C:\Users\hanserdesu\AppData\LocalLow\WCP\vocabulary
Vocabulary Path: C:\Users\hanserdesu\AppData\LocalLow\WCP\vocabulary
Vocabulary Path: C:\Users\hanserdesu\AppData\LocalLow\WCP\vocabulary
Vocabulary Path: C:\Users\hanserdesu\AppData\LocalLow\WCP\vocabulary
testerZZ--声音begin——》1
testerZZ--声音begin——》1
testerZZ--声音begin——》1
testerZZ--声音begin——》1
MyParameters.TimeChoose_SoundAuto_Reviwe--->揭示时
外接词库----》False
[Info   :  WCP Host] WcpHost: 例句表已装载: 8451 词 / 94 ms → C:\Users\hanserdesu\AppData\LocalLow\WCP\packs\ru\db\sentences.json（本次注入 3 句）
Unloading 23 unused Assets to reduce memory usage. Loaded Objects now: 11925.
Total: 28.427100 ms (FindLiveObjects: 0.989500 ms CreateObjectMapping: 0.397800 ms MarkObjects: 26.727600 ms  DeleteObjects: 0.311700 ms)

[Info   :WCP Book Name] Label: UK -> RU
[Info   :WCP Book Name] Label: US -> RU
[Info   :WCP Book Name] Label: UK -> RU
[Info   :WCP Book Name] Label: US -> RU
[Info   :WCP Book Name] Label: UK -> RU
[Info   :WCP Book Name] Label: US -> RU
[Info   :WCP Book Name] Label: UK -> RU
[Info   :WCP Book Name] Label: 美 -> RU
[Info   :WCP Book Name] Label: US -> RU
[Info   :WCP Book Name] Label: US -> RU
[Info   :WCP Book Name] Label: US -> RU
[Info   :WCP Book Name] Label: UK -> RU
[Info   :WCP Book Name] HideSwitch: /Canvas-scrollOutput-2/Button-SwitchSentenceButton
[Info   :WCP Sentence Audio RU] RU sentence button created for: sentenceRead0
[Info   :WCP Sentence Audio RU] RU sentence button created for: sentenceRead1
[Info   :WCP Sentence Audio RU] RU sentence button created for: sentenceRead2
[Info   :WCP Sentence Audio RU] [RU-AUDIO] disabled SoundTheWordS8 on Button-ReadSentence
[Info   :WCP Sentence Audio RU] [RU-AUDIO] relabel 0: '读例句1' -> 'RU1'
[Info   :WCP Sentence Audio RU] [RU-AUDIO] read button 0 -> 5f862e72cb48caaa970e023c864588b6.mp3
[Info   :WCP Sentence Audio RU] [RU-AUDIO] disabled SoundTheWordS8 on Button-ReadSentence (1)
[Info   :WCP Sentence Audio RU] [RU-AUDIO] relabel 1: '读例句2' -> 'RU2'
[Info   :WCP Sentence Audio RU] [RU-AUDIO] read button 1 -> 7b0f6c3896febe47ca2ecc29a64318e2.mp3
[Info   :WCP Sentence Audio RU] [RU-AUDIO] disabled SoundTheWordS8 on Button-ReadSentence (2)
[Info   :WCP Sentence Audio RU] [RU-AUDIO] relabel 2: '读例句3' -> 'RU3'
[Info   :WCP Sentence Audio RU] [RU-AUDIO] read button 2 -> ed13ebc6c111ce79503633b6ef55ac56.mp3
[Info   :  WCP Host] WcpHost: 长帧 6043ms — mod 本帧占用 22.1ms（0.4%） GC本帧=0:4 1:4 2:4 本帧 Top=运行态:Tick x1=19.2ms(单次19.2ms) ; 运行态:队列校正 x1=19.2ms(单次19.2ms) ; 队列:规则 x1=18.0ms(单次18.0ms) ; 身份:托管登记 x1=2.4ms(单次2.4ms) ; 队列:授权集 x1=1.2ms(单次1.2ms) ; 身份:Evaluate x1=0.4ms(单次0.4ms) ; 身份:读落盘书名 x1=0.1ms(单次0.1ms) ; 身份:读槽位词表 x1=0.1ms(单次0.1ms) ; 身份:槽位归属 x1=0.1ms(单次0.1ms) ; 身份:匹配槽位词表 x1=0.1ms(单次0.1ms) ; 身份:匹配内存词表 x1=0.0ms(单次0.0ms) ; 身份:读内存词表 x1=0.0ms(单次0.0ms) ; …共18个标签
[Info   :  WCP Host] WcpHost: 性能哨兵 fps=3.2 帧=34 最差帧=6043ms 卡顿帧(>=50ms)=26 窗口=10.6s | mod 主线程占用=291.5ms/窗口，长帧=6 次 | GC窗口=0:45 1:45 2:45 堆=-0MB | 快路径命中=内存词表指纹 7/7 ; 槽位词表指纹 7/7 | 窗口 Top（累计）=队列:规则 x7=244.8ms(单次74.8ms) ; 运行态:Tick x5=162.2ms(单次43.5ms) ; 运行态:队列校正 x5=151.0ms(单次39.8ms) ; 场景:强制校正 x2=114.7ms(单次83.4ms) ; 运行态:场景校正 x2=112.0ms(单次81.2ms) ; 队列:授权集 x7=18.1ms(单次6.3ms) ; 身份:托管登记 x5=9.4ms(单次2.4ms) ; 运行态:例句按钮 x5=7.7ms(单次5.9ms) ; 身份:Evaluate x5=5.2ms(单次3.0ms) ; 身份:读落盘书名 x7=4.9ms(单次2.5ms) ; ES3:落盘书名 x2=4.0ms(单次2.4ms) ; 运行态:书名扫描 x5=3.4ms(单次1.9ms) ; …共21个标签
[Info   :  WCP Host] WcpHost: 长帧 782ms — mod 本帧占用 45.7ms（5.8%） GC本帧=0:1 1:1 2:1 本帧 Top=运行态:Tick x1=41.9ms(单次41.9ms) ; 运行态:队列校正 x1=34.2ms(单次34.2ms) ; 队列:规则 x1=32.8ms(单次32.8ms) ; 运行态:例句按钮 x1=6.3ms(单次6.3ms) ; 身份:托管登记 x1=2.0ms(单次2.0ms) ; 身份:Evaluate x1=1.8ms(单次1.8ms) ; 身份:读落盘书名 x1=1.4ms(单次1.4ms) ; 队列:授权集 x1=1.4ms(单次1.4ms) ; ES3:落盘书名 x1=1.3ms(单次1.3ms) ; 运行态:书名扫描 x1=1.3ms(单次1.3ms) ; 身份:匹配内存词表 x1=0.2ms(单次0.2ms) ; 身份:读槽位词表 x1=0.1ms(单次0.1ms) ; …共19个标签
 MyParameters.S8ThisMode_Para------每日学习
[Info   :  WCP Host] WcpHost: 长帧 259ms — mod 本帧占用 0.0ms（0.0%） GC本帧=0:0 1:0 2:0 本帧 Top=无 mod 操作
执行--《灰
testerxxxxxxxxx启动SyncHaveLearnedDictionaryThis
【tester**】---》无暂时的已学词
Unloading 5 Unused Serialized files (Serialized files now loaded: 1)
UnloadTime: 183.011000 ms
Unloading 414 unused Assets to reduce memory usage. Loaded Objects now: 6699.
Total: 29.164700 ms (FindLiveObjects: 0.831500 ms CreateObjectMapping: 0.144500 ms MarkObjects: 26.833600 ms  DeleteObjects: 1.354700 ms)

[Info   :  WCP Host] WcpHost: 长帧 265ms — mod 本帧占用 0.0ms（0.0%） GC本帧=0:0 1:0 2:0 本帧 Top=无 mod 操作
[Info   :  WCP Host] WcpHost: 长帧 169ms — mod 本帧占用 37.8ms（22.4%） GC本帧=0:1 1:1 2:1 本帧 Top=运行态:Tick x1=36.0ms(单次36.0ms) ; 运行态:队列校正 x1=36.0ms(单次36.0ms) ; 队列:规则 x1=34.7ms(单次34.7ms) ; 身份:托管登记 x1=1.5ms(单次1.5ms) ; 队列:授权集 x1=1.3ms(单次1.3ms) ; 身份:Evaluate x1=0.3ms(单次0.3ms) ; 身份:读落盘书名 x1=0.1ms(单次0.1ms) ; 身份:槽位归属 x1=0.1ms(单次0.1ms) ; 身份:读槽位词表 x1=0.1ms(单次0.1ms) ; 身份:匹配槽位词表 x1=0.0ms(单次0.0ms) ; 身份:匹配内存词表 x1=0.0ms(单次0.0ms) ; 身份:读内存词表 x1=0.0ms(单次0.0ms) ; …共18个标签
Unloading 6 Unused Serialized files (Serialized files now loaded: 1)
[Info   :  WCP Host] WcpHost: 性能哨兵 fps=16.7 帧=168 最差帧=782ms 卡顿帧(>=50ms)=71 窗口=10.1s | mod 主线程占用=419.9ms/窗口，长帧=4 次 | GC窗口=0:18 1:18 2:18 堆=-1MB | 快路径命中=内存词表指纹 10/10 ; 槽位词表指纹 10/10 | 窗口 Top（累计）=运行态:Tick x10=390.1ms(单次56.6ms) ; 运行态:队列校正 x10=375.0ms(单次55.9ms) ; 队列:规则 x10=345.8ms(单次47.6ms) ; 队列:授权集 x10=28.9ms(单次8.3ms) ; 身份:托管登记 x10=21.6ms(单次3.1ms) ; 运行态:例句按钮 x10=12.8ms(单次6.3ms) ; 身份:Evaluate x10=8.2ms(单次1.8ms) ; 身份:读落盘书名 x10=2.8ms(单次1.4ms) ; 运行态:书名扫描 x10=2.2ms(单次1.3ms) ; 身份:匹配内存词表 x10=2.1ms(单次0.3ms) ; ES3:落盘书名 x1=1.3ms(单次1.3ms) ; 身份:读槽位词表 x10=1.1ms(单次0.2ms) ; …共19个标签
UnloadTime: 0.461300 ms
SALSA-manager-Girl1 [CrazyMinnow.SALSA.Emoter] configuration is not complete. STOP runtime, RESOLVE configuration, and PLAY again. If this is a runtime configuration, this message can be ignored.
string[]文件找到！！！！
string[]文件找到！！！！
string[]文件找到！！！！
string[]文件找到！！！！
[testerCCC]-->CompleteIf_DailyStudy--->False OpenIf_ExtraStudy-->False CompleteIf_ExtraStudy-->False
[testerAA]-->StartSettingSR_Label--->【不能】额外学习
string[]文件找到！！！！
bookNum---》8451
testerxx当前达到的解锁等级——>1
 BookObj[i]--->0   
 BookObj[i]--->1   
testerxxline基础长度——>240
testerxxline长度——>322
MyParameters.HaveLearnedDictionary.Count--->842
MyParameters.tem_ChosenBook自定义词书一
string[]文件找到！！！！
[Info   :WCP Custom Slots] CustomSlots: postfix num=20; plugin=ok; 程序化=是(忽略); 自定义页=是; 栈=CustomCategoryPatch.DescribeStack < CustomCategoryPatch.Postfix < WordChooseButtonS10.DMD<WordChooseButtonS10::OnBookButtonClicked> < WordChooseButtonS10.Initialize < WordChooseButtonS10.Start
我的女友是：无
testerxxxxxxxxx启动LoadHaveLearnedDictionary
Unloading 25 unused Assets to reduce memory usage. Loaded Objects now: 23400.
Total: 39.422600 ms (FindLiveObjects: 3.683700 ms CreateObjectMapping: 1.127700 ms MarkObjects: 34.302500 ms  DeleteObjects: 0.308100 ms)

[Info   :WCP Book Name] BookName: 自定义词书一 -> 俄语词库(猫条版)
[Info   :WCP Book Name] BookName: 自定义词书一（俄语词库(猫条版)) -> 俄语词库(猫条版)
[Info   :WCP Book Name] BookName: 自定义词书二（法语词库(猫条版)) -> 法语词库(猫条版)
[Info   :  WCP Host] WcpHost: 长帧 5122ms — mod 本帧占用 18.9ms（0.4%） GC本帧=0:2 1:2 2:2 本帧 Top=运行态:Tick x1=16.4ms(单次16.4ms) ; 运行态:队列校正 x1=16.4ms(单次16.4ms) ; 队列:规则 x1=15.0ms(单次15.0ms) ; 身份:托管登记 x1=1.8ms(单次1.8ms) ; 队列:授权集 x1=1.4ms(单次1.4ms) ; 身份:Evaluate x1=0.7ms(单次0.7ms) ; 身份:匹配内存词表 x1=0.3ms(单次0.3ms) ; 身份:槽位归属 x1=0.1ms(单次0.1ms) ; 身份:读槽位词表 x1=0.1ms(单次0.1ms) ; 身份:读落盘书名 x1=0.1ms(单次0.1ms) ; 身份:匹配槽位词表 x1=0.1ms(单次0.1ms) ; 身份:读内存词表 x1=0.0ms(单次0.0ms) ; …共18个标签
[Info   :  WCP Host] WcpHost: 长帧 509ms — mod 本帧占用 0.0ms（0.0%） GC本帧=0:0 1:0 2:0 本帧 Top=无 mod 操作
[Info   :  WCP Host] WcpHost: 长帧 347ms — mod 本帧占用 0.0ms（0.0%） GC本帧=0:0 1:0 2:0 本帧 Top=无 mod 操作
要解锁成就啦！
Achievement [NEW_ACHIEVEMENT_3_67] unlocked
MyParameters.tem_ChosenBook自定义词书一
string[]文件找到！！！！
[Info   :WCP Custom Slots] CustomSlots: postfix num=20; plugin=ok; 程序化=是(忽略); 自定义页=是; 栈=CustomCategoryPatch.DescribeStack < CustomCategoryPatch.Postfix < WordChooseButtonS10.DMD<WordChooseButtonS10::OnBookButtonClicked> < WordChooseButtonS10.Initialize < InvokableCall.Invoke < UnityEvent.Invoke < Button.Press < Button.OnPointerClick
[Info   :  WCP Host] WcpHost: 长帧 455ms — mod 本帧占用 17.4ms（3.8%） GC本帧=0:1 1:1 2:1 本帧 Top=运行态:Tick x1=15.5ms(单次15.5ms) ; 运行态:队列校正 x1=15.5ms(单次15.5ms) ; 队列:规则 x1=14.3ms(单次14.3ms) ; 身份:托管登记 x1=1.6ms(单次1.6ms) ; 队列:授权集 x1=1.2ms(单次1.2ms) ; 身份:Evaluate x1=0.4ms(单次0.4ms) ; 身份:读落盘书名 x1=0.1ms(单次0.1ms) ; 身份:匹配内存词表 x1=0.1ms(单次0.1ms) ; 身份:读槽位词表 x1=0.1ms(单次0.1ms) ; 身份:槽位归属 x1=0.1ms(单次0.1ms) ; 身份:匹配槽位词表 x1=0.0ms(单次0.0ms) ; 身份:读内存词表 x1=0.0ms(单次0.0ms) ; …共18个标签
[Info   :WCP Custom Slots] CustomSlots: 轮询 → 进入自定义页，显示面板
[Info   :WCP Custom Slots] CustomSlots: Show → 新建覆盖层; canvas=CanvasSetting1; sortingOrder=1022
[Info   :WCP Custom Slots] CustomSlots: 路线A 原生外观 → 行 sprite=UISprite; 滚动条 handle=xuqiu10_frame_latiao_2; 面板底=隐藏
[Info   :  WCP Host] WcpHost: 性能哨兵 fps=5.7 帧=57 最差帧=5122ms 卡顿帧(>=50ms)=55 窗口=10.0s | mod 主线程占用=211.3ms/窗口，长帧=4 次 | GC窗口=0:20 1:20 2:20 堆=+17MB | 快路径命中=内存词表指纹 6/7 ; 槽位词表指纹 7/7 | 窗口 Top（累计）=队列:规则 x7=168.8ms(单次33.7ms) ; 运行态:Tick x5=127.9ms(单次38.6ms) ; 运行态:队列校正 x5=119.6ms(单次35.7ms) ; 场景:强制校正 x2=70.3ms(单次35.7ms) ; 运行态:场景校正 x2=59.8ms(单次35.1ms) ; 身份:匹配内存词表 x7=10.5ms(单次9.4ms) ; 队列:授权集 x7=10.4ms(单次2.2ms) ; 身份:托管登记 x5=9.7ms(单次2.3ms) ; 运行态:书名扫描 x5=4.9ms(单次1.9ms) ; 身份:Evaluate x5=3.5ms(单次1.1ms) ; 运行态:例句按钮 x5=3.4ms(单次2.2ms) ; 身份:读落盘书名 x7=1.0ms(单次0.3ms) ; …共20个标签
[Info   :  WCP Host] WcpHost: 长帧 161ms — mod 本帧占用 0.0ms（0.0%） GC本帧=0:0 1:0 2:0 本帧 Top=无 mod 操作
[Info   :WCP Custom Slots] CustomSlots: 物化自检 → 页框 1; 落盘文件存在; 回读词数=7922（写入 7922）; 一致=是; ChosenBook_Para=自定义词书一
[Info   :WCP Custom Slots] CustomSlots: store saved; bytes=955416; filledRows=13; selected=1
[Info   :WCP Custom Slots] CustomSlots: 逻辑槽位 1 -> 物理页框 1 (mod); 指纹=7922|ああああいかわらず|鼾齎らす
[Info   :  WCP Host] WcpHost: 接管语言包 ja / catbar-jlpt-complete
[Info   :  WCP Host] WcpHost: 单词音频兼容层安排（ja → C:\Users\hanserdesu\AppData\LocalLow\WCP\vocabulary，后台线程执行，不占帧）
[Info   :  WCP Host] WcpHost: 已激活 · ja / catbar-jlpt-complete（7922 词，槽 1，策略已载入）
[Info   :  WCP Host] WcpHost: 长帧 1227ms — mod 本帧占用 490.3ms（40.0%） GC本帧=0:7 1:7 2:7 本帧 Top=身份:Evaluate x1=336.2ms(单次336.2ms) ; 身份:装载 x1=167.9ms(单次167.9ms) ; 身份:槽位归属 x1=140.8ms(单次140.8ms) ; 槽位归属:重解析 x1=140.7ms(单次140.7ms) ; 装载:离开 x1=118.7ms(单次118.7ms) ; 运行态:Tick x1=104.8ms(单次104.8ms) ; 槽位归属:行指纹 x13=100.9ms(单次22.5ms) ; 运行态:队列校正 x1=94.3ms(单次94.3ms) ; 队列:规则 x1=91.0ms(单次91.0ms) ; ES3:批量写(装载) x1=75.4ms(单次75.4ms) ; 身份:接管语言包 x1=48.3ms(单次48.3ms) ; 装载:范围进入 x1=48.3ms(单次48.3ms) ; …共30个标签
Call to DeinitializeLoader without an initialized manager.Please make sure to wait for initialization to complete before calling this API.
[Info   :WCP Custom Slots] CustomSlots: Hide → 关闭覆盖层
[Info   :  WCP Host] WcpHost: 行为 Harmony 接线已移除
Memory Statistics:
[ALLOC_TEMP_TLS] TLS Allocator
  StackAllocators : 
    [ALLOC_TEMP_MAIN]
      Peak usage frame count: [1.0 KB-2.0 KB]: 45 frames, [2.0 KB-4.0 KB]: 1 frames, [4.0 KB-8.0 KB]: 296 frames, [8.0 KB-16.0 KB]: 228 frames, [16.0 KB-32.0 KB]: 131 frames, [32.0 KB-64.0 KB]: 1403 frames, [64.0 KB-128.0 KB]: 111 frames, [128.0 KB-256.0 KB]: 8 frames, [256.0 KB-0.5 MB]: 295 frames, [1.0 MB-2.0 MB]: 5 frames, [2.0 MB-4.0 MB]: 3 frames, [4.0 MB-8.0 MB]: 2 frames
      Initial Block Size 4.0 MB
      Current Block Size 7.4 MB
      Peak Allocated Bytes 7.4 MB
      Overflow Count 1
    [ALLOC_TEMP_Background Job.worker 11]
      Initial Block Size 32.0 KB
      Current Block Size 32.0 KB
      Peak Allocated Bytes 50 B
      Overflow Count 0
    [ALLOC_TEMP_Loading.PreloadManager]
      Initial Block Size 256.0 KB
      Current Block Size 0.5 MB
      Peak Allocated Bytes 501.0 KB
      Overflow Count 301
    [ALLOC_TEMP_Background Job.worker 3]
      Initial Block Size 32.0 KB
      Current Block Size 32.0 KB
      Peak Allocated Bytes 408 B
      Overflow Count 0
    [ALLOC_TEMP_Background Job.worker 4]
      Initial Block Size 32.0 KB
      Current Block Size 32.0 KB
      Peak Allocated Bytes 48 B
      Overflow Count 0
    [ALLOC_TEMP_Background Job.worker 7]
      Initial Block Size 32.0 KB
      Current Block Size 32.0 KB
      Peak Allocated Bytes 48 B
      Overflow Count 0
    [ALLOC_TEMP_Job.worker 16]
      Initial Block Size 256.0 KB
      Current Block Size 256.0 KB
      Peak Allocated Bytes 6.6 KB
      Overflow Count 0
    [ALLOC_TEMP_Background Job.worker 6]
      Initial Block Size 32.0 KB
      Current Block Size 32.0 KB
      Peak Allocated Bytes 48 B
      Overflow Count 0
    [ALLOC_TEMP_Job.worker 19]
      Initial Block Size 256.0 KB
      Current Block Size 256.0 KB
      Peak Allocated Bytes 11.4 KB
      Overflow Count 0
    [ALLOC_TEMP_Background Job.worker 12]
      Initial Block Size 32.0 KB
      Current Block Size 32.0 KB
      Peak Allocated Bytes 50 B
      Overflow Count 0
    [ALLOC_TEMP_Background Job.worker 10]
      Initial Block Size 32.0 KB
      Current Block Size 32.0 KB
      Peak Allocated Bytes 50 B
      Overflow Count 0
    [ALLOC_TEMP_Background Job.worker 2]
      Initial Block Size 32.0 KB
      Current Block Size 36.0 KB
      Peak Allocated Bytes 32.0 KB
      Overflow Count 0
    [ALLOC_TEMP_Background Job.worker 15]
      Initial Block Size 32.0 KB
      Current Block Size 32.0 KB
      Peak Allocated Bytes 50 B
      Overflow Count 0
    [ALLOC_TEMP_Job.worker 5]
      Initial Block Size 256.0 KB
      Current Block Size 256.0 KB
      Peak Allocated Bytes 34.1 KB
      Overflow Count 0
    [ALLOC_TEMP_Job.worker 20]
      Initial Block Size 256.0 KB
      Current Block Size 256.0 KB
      Peak Allocated Bytes 6.6 KB
      Overflow Count 0
    [ALLOC_TEMP_Background Job.worker 8]
      Initial Block Size 32.0 KB
      Current Block Size 32.0 KB
      Peak Allocated Bytes 48 B
      Overflow Count 0
    [ALLOC_TEMP_Background Job.worker 13]
      Initial Block Size 32.0 KB
      Current Block Size 32.0 KB
      Peak Allocated Bytes 50 B
      Overflow Count 0
    [ALLOC_TEMP_AssetGarbageCollectorHelper] x 23
      Initial Block Size 64.0 KB
      Current Block Size 64.0 KB
      Peak Allocated Bytes 56 B
      Overflow Count 0
    [ALLOC_TEMP_Background Job.worker 0]
      Initial Block Size 32.0 KB
      Current Block Size 32.0 KB
      Peak Allocated Bytes 48 B
      Overflow Count 0
    [ALLOC_TEMP_Job.worker 6]
      Initial Block Size 256.0 KB
      Current Block Size 256.0 KB
      Peak Allocated Bytes 17.6 KB
      Overflow Count 0
    [ALLOC_TEMP_Job.worker 8]
      Initial Block Size 256.0 KB
      Current Block Size 256.0 KB
      Peak Allocated Bytes 30.8 KB
      Overflow Count 0
    [ALLOC_TEMP_HIDInput]
      Initial Block Size 64.0 KB
      Current Block Size 64.0 KB
      Peak Allocated Bytes 10.8 KB
      Overflow Count 0
    [ALLOC_TEMP_Background Job.worker 14]
      Initial Block Size 32.0 KB
      Current Block Size 32.0 KB
      Peak Allocated Bytes 50 B
      Overflow Count 0
    [ALLOC_TEMP_BatchDeleteObjects]
      Initial Block Size 64.0 KB
      Current Block Size 64.0 KB
      Peak Allocated Bytes 38 B
      Overflow Count 0
    [ALLOC_TEMP_Job.worker 11]
      Initial Block Size 256.0 KB
      Current Block Size 256.0 KB
      Peak Allocated Bytes 26.1 KB
      Overflow Count 0
    [ALLOC_TEMP_Job.worker 15]
      Initial Block Size 256.0 KB
      Current Block Size 256.0 KB
      Peak Allocated Bytes 11.4 KB
      Overflow Count 0
    [ALLOC_TEMP_Background Job.worker 9]
      Initial Block Size 32.0 KB
      Current Block Size 32.0 KB
      Peak Allocated Bytes 48 B
      Overflow Count 0
    [ALLOC_TEMP_Job.worker 0]
      Initial Block Size 256.0 KB
      Current Block Size 256.0 KB
      Peak Allocated Bytes 30.8 KB
      Overflow Count 0
    [ALLOC_TEMP_Job.worker 14]
      Initial Block Size 256.0 KB
      Current Block Size 256.0 KB
      Peak Allocated Bytes 30.8 KB
      Overflow Count 0
    [ALLOC_TEMP_Job.worker 4]
      Initial Block Size 256.0 KB
      Current Block Size 256.0 KB
      Peak Allocated Bytes 34.3 KB
      Overflow Count 0
    [ALLOC_TEMP_Job.worker 13]
      Initial Block Size 256.0 KB
      Current Block Size 256.0 KB
      Peak Allocated Bytes 11.5 KB
      Overflow Count 0
    [ALLOC_TEMP_Background Job.worker 1]
      Initial Block Size 32.0 KB
      Current Block Size 36.0 KB
      Peak Allocated Bytes 32.0 KB
      Overflow Count 0
    [ALLOC_TEMP_EnlightenWorker] x 12
      Initial Block Size 64.0 KB
      Current Block Size 64.0 KB
      Peak Allocated Bytes 0 B
      Overflow Count 0
    [ALLOC_TEMP_Job.worker 1]
      Initial Block Size 256.0 KB
      Current Block Size 256.0 KB
      Peak Allocated Bytes 34.3 KB
      Overflow Count 0
    [ALLOC_TEMP_Job.worker 21]
      Initial Block Size 256.0 KB
      Current Block Size 256.0 KB
      Peak Allocated Bytes 6.6 KB
      Overflow Count 0
    [ALLOC_TEMP_Job.worker 3]
      Initial Block Size 256.0 KB
      Current Block Size 256.0 KB
      Peak Allocated Bytes 34.1 KB
      Overflow Count 0
    [ALLOC_TEMP_Background Job.worker 5]
      Initial Block Size 32.0 KB
      Current Block Size 32.0 KB
      Peak Allocated Bytes 48 B
      Overflow Count 0
    [ALLOC_TEMP_Job.worker 12]
      Initial Block Size 256.0 KB
      Current Block Size 256.0 KB
      Peak Allocated Bytes 17.8 KB
      Overflow Count 0
    [ALLOC_TEMP_UnityGfxDeviceWorker]
      Initial Block Size 256.0 KB
      Current Block Size 256.0 KB
      Peak Allocated Bytes 38.1 KB
      Overflow Count 0
    [ALLOC_TEMP_Job.worker 22]
      Initial Block Size 256.0 KB
      Current Block Size 256.0 KB
      Peak Allocated Bytes 11.4 KB
      Overflow Count 0
    [ALLOC_TEMP_Job.worker 2]
      Initial Block Size 256.0 KB
      Current Block Size 256.0 KB
      Peak Allocated Bytes 30.8 KB
      Overflow Count 0
    [ALLOC_TEMP_Job.worker 10]
      Initial Block Size 256.0 KB
      Current Block Size 256.0 KB
      Peak Allocated Bytes 12.6 KB
      Overflow Count 0
    [ALLOC_TEMP_Job.worker 7]
      Initial Block Size 256.0 KB
      Current Block Size 256.0 KB
      Peak Allocated Bytes 34.1 KB
      Overflow Count 0
    [ALLOC_TEMP_Job.worker 17]
      Initial Block Size 256.0 KB
      Current Block Size 256.0 KB
      Peak Allocated Bytes 11.4 KB
      Overflow Count 0
    [ALLOC_TEMP_Job.worker 9]
      Initial Block Size 256.0 KB
      Current Block Size 256.0 KB
      Peak Allocated Bytes 26.1 KB
      Overflow Count 0
    [ALLOC_TEMP_Job.worker 18]
      Initial Block Size 256.0 KB
      Current Block Size 256.0 KB
      Peak Allocated Bytes 12.6 KB
      Overflow Count 0
    [ALLOC_TEMP_Loading.AsyncRead]
      Initial Block Size 64.0 KB
      Current Block Size 64.0 KB
      Peak Allocated Bytes 486 B
      Overflow Count 0
[ALLOC_DEFAULT] Dual Thread Allocator
  Peak main deferred allocation count 3092
    [ALLOC_BUCKET]
      Large Block size 4.0 MB
      Used Block count 1
      Peak Allocated bytes 4.0 MB
      Failed Allocations. Bucket layout:
        16B: 26 Subsections = 26624 buckets. Failed count: 322106
        32B: 29 Subsections = 14848 buckets. Failed count: 72817
        48B: 60 Subsections = 20480 buckets. Failed count: 138069
        64B: 40 Subsections = 10240 buckets. Failed count: 42410
        80B: 48 Subsections = 9830 buckets. Failed count: 24846
        96B: 22 Subsections = 3754 buckets. Failed count: 30351
        112B: 20 Subsections = 2925 buckets. Failed count: 43936
        128B: 11 Subsections = 1408 buckets. Failed count: 62311
    [ALLOC_DEFAULT_MAIN]
      Peak usage frame count: [32.0 MB-64.0 MB]: 91 frames, [64.0 MB-128.0 MB]: 2437 frames
      Requested Block Size 16.0 MB
      Peak Block count 4
      Peak Allocated memory 114.7 MB
      Peak Large allocation bytes 66.8 MB
    [ALLOC_DEFAULT_THREAD]
      Peak usage frame count: [16.0 MB-32.0 MB]: 358 frames, [32.0 MB-64.0 MB]: 2106 frames, [64.0 MB-128.0 MB]: 64 frames
      Requested Block Size 16.0 MB
      Peak Block count 4
      Peak Allocated memory 100.6 MB
      Peak Large allocation bytes 64.0 MB
[ALLOC_TEMP_JOB_1_FRAME]
  Initial Block Size 2.0 MB
  Used Block Count 1
  Overflow Count (too large) 0
  Overflow Count (full) 0
[ALLOC_TEMP_JOB_2_FRAMES]
  Initial Block Size 2.0 MB
  Used Block Count 0
  Overflow Count (too large) 0
  Overflow Count (full) 0
[ALLOC_TEMP_JOB_4_FRAMES (JobTemp)]
  Initial Block Size 2.0 MB
  Used Block Count 1
  Overflow Count (too large) 0
  Overflow Count (full) 0
[ALLOC_TEMP_JOB_ASYNC (Background)]
  Initial Block Size 1.0 MB
  Used Block Count 1
  Overflow Count (too large) 10
  Overflow Count (full) 0
[ALLOC_GFX] Dual Thread Allocator
  Peak main deferred allocation count 332
    [ALLOC_BUCKET]
      Large Block size 4.0 MB
      Used Block count 1
      Peak Allocated bytes 4.0 MB
      Failed Allocations. Bucket layout:
        16B: 26 Subsections = 26624 buckets. Failed count: 322106
        32B: 29 Subsections = 14848 buckets. Failed count: 72817
        48B: 60 Subsections = 20480 buckets. Failed count: 138069
        64B: 40 Subsections = 10240 buckets. Failed count: 42410
        80B: 48 Subsections = 9830 buckets. Failed count: 24846
        96B: 22 Subsections = 3754 buckets. Failed count: 30351
        112B: 20 Subsections = 2925 buckets. Failed count: 43936
        128B: 11 Subsections = 1408 buckets. Failed count: 62311
    [ALLOC_GFX_MAIN]
      Peak usage frame count: [128.0 KB-256.0 KB]: 176 frames, [256.0 KB-0.5 MB]: 97 frames, [0.5 MB-1.0 MB]: 347 frames, [1.0 MB-2.0 MB]: 652 frames, [2.0 MB-4.0 MB]: 1255 frames, [4.0 MB-8.0 MB]: 1 frames
      Requested Block Size 16.0 MB
      Peak Block count 1
      Peak Allocated memory 5.1 MB
      Peak Large allocation bytes 0 B
    [ALLOC_GFX_THREAD]
      Peak usage frame count: [128.0 MB-256.0 MB]: 1160 frames, [256.0 MB-0.50 GB]: 1368 frames
      Requested Block Size 16.0 MB
      Peak Block count 5
      Peak Allocated memory 454.6 MB
      Peak Large allocation bytes 384.0 MB
[ALLOC_CACHEOBJECTS] Dual Thread Allocator
  Peak main deferred allocation count 538
    [ALLOC_BUCKET]
      Large Block size 4.0 MB
      Used Block count 1
      Peak Allocated bytes 4.0 MB
      Failed Allocations. Bucket layout:
        16B: 26 Subsections = 26624 buckets. Failed count: 322106
        32B: 29 Subsections = 14848 buckets. Failed count: 72817
        48B: 60 Subsections = 20480 buckets. Failed count: 138069
        64B: 40 Subsections = 10240 buckets. Failed count: 42410
        80B: 48 Subsections = 9830 buckets. Failed count: 24846
        96B: 22 Subsections = 3754 buckets. Failed count: 30351
        112B: 20 Subsections = 2925 buckets. Failed count: 43936
        128B: 11 Subsections = 1408 buckets. Failed count: 62311
    [ALLOC_CACHEOBJECTS_MAIN]
      Peak usage frame count: [16.0 MB-32.0 MB]: 2528 frames
      Requested Block Size 4.0 MB
      Peak Block count 6
      Peak Allocated memory 24.5 MB
      Peak Large allocation bytes 9.9 MB
    [ALLOC_CACHEOBJECTS_THREAD]
      Peak usage frame count: [16.0 MB-32.0 MB]: 346 frames, [32.0 MB-64.0 MB]: 127 frames, [64.0 MB-128.0 MB]: 2029 frames, [128.0 MB-256.0 MB]: 26 frames
      Requested Block Size 4.0 MB
      Peak Block count 26
      Peak Allocated memory 146.0 MB
      Peak Large allocation bytes 52.2 MB
[ALLOC_TYPETREE] Dual Thread Allocator
  Peak main deferred allocation count 1
    [ALLOC_BUCKET]
      Large Block size 4.0 MB
      Used Block count 1
      Peak Allocated bytes 4.0 MB
      Failed Allocations. Bucket layout:
        16B: 26 Subsections = 26624 buckets. Failed count: 322106
        32B: 29 Subsections = 14848 buckets. Failed count: 72817
        48B: 60 Subsections = 20480 buckets. Failed count: 138069
        64B: 40 Subsections = 10240 buckets. Failed count: 42410
        80B: 48 Subsections = 9830 buckets. Failed count: 24846
        96B: 22 Subsections = 3754 buckets. Failed count: 30351
        112B: 20 Subsections = 2925 buckets. Failed count: 43936
        128B: 11 Subsections = 1408 buckets. Failed count: 62311
    [ALLOC_TYPETREE_MAIN]
      Peak usage frame count: [8.0 KB-16.0 KB]: 327 frames, [16.0 KB-32.0 KB]: 2201 frames
      Requested Block Size 2.0 MB
      Peak Block count 1
      Peak Allocated memory 24.4 KB
      Peak Large allocation bytes 0 B
    [ALLOC_TYPETREE_THREAD]
      Peak usage frame count: [8.0 KB-16.0 KB]: 31 frames, [32.0 KB-64.0 KB]: 345 frames, [64.0 KB-128.0 KB]: 1 frames, [128.0 KB-256.0 KB]: 94 frames, [256.0 KB-0.5 MB]: 2057 frames
      Requested Block Size 2.0 MB
      Peak Block count 1
      Peak Allocated memory 486.9 KB
      Peak Large allocation bytes 0 B
