abandon	例句：Don't abandon hope.（不要放弃希望。）
abandon	例句：He abandoned his family.（他抛弃了他的家庭。）
abandon	例句：She abandoned the project.（她放弃了这个项目。）
abdomen	例句：Examine the abdomen carefully.（仔细检查腹部。）
abdomen	例句：He has a pain in his abdomen.（他的腹部疼痛。）
abdomen	例句：The abdomen is divided into different regions.（腹部被分为不同的区域。）
abdominal	例句：Abdominal surgery can be complex.（腹部手术可能很复杂。）
abdominal	例句：He has abdominal pain.（他有腹痛。）
abdominal	例句：The abdominal muscles are important for core strength.（腹部肌肉对核心力量很重要。）
abject	例句：He lived in abject poverty.（他生活在极度贫困中。）
abject	例句：His abject apology was not accepted.（他卑贱的道歉没有被接受。）
abject	例句：The abject condition of the prisoners was heartbreaking.（囚犯们的悲惨状况令人心碎。）
abominable	例句：His behavior was abominable.（他的行为很可恶。）
abominable	例句：She couldn't stand the abominable smell.（她无法忍受这可恶的气味。）
abominable	例句：The food was abominable.（这食物极差。）
about	例句：He looked about for his keys.（他到处找他的钥匙。）
about	例句：Tell me about your trip.（告诉我关于你的旅行。）
about	例句：There are about twenty people in the room.（房间里大约有二十个人。）
absence	例句：His absence was noticed.（他的缺席被注意到了。）
absence	例句：There is an absence of leadership.（缺乏领导。）
absence	例句：We need to explain his absence.（我们需要解释他的缺席。）
absent	例句：He is absent from school today.（他今天不在学校。）
absent	例句：She was absent-minded during the meeting.（她在会议期间心不在焉。）
absent	例句：The teacher noticed the absent students.（老师注意到了缺席的学生。）
absorber	例句：He installed an absorber in the car.（他在汽车里安装了一个减震器。）
absorber	例句：The absorber helps reduce noise.（吸收器有助于减少噪音。）
absorber	例句：The absorber is an important part of the system.（吸收器是这个系统的一个重要部分。）
abuser	例句：She is a victim of an abuser.（她是一个虐待者的受害者。）
abuser	例句：The abuser was punished for his actions.（那个滥用者因其行为受到了惩罚。）
abuser	例句：We should help those who are abused by abusers.（我们应该帮助那些被滥用者虐待的人。）
accent	例句：He has a British accent.（他有英国口音。）
accent	例句：She put an accent on the importance of education.（她强调了教育的重要性。）
accent	例句：The word is pronounced with an accent on the first syllable.（这个词的重音在第一个音节上。）
acceptable	例句：His apology was acceptable.（他的道歉是可以接受的。）
acceptable	例句：The quality of the product is acceptable.（这个产品的质量尚可。）
acceptable	例句：The terms are not entirely acceptable.（这些条款不是完全可以接受的。）
accessible	例句：His lecture is very accessible.（他的讲座很容易理解。）
accessible	例句：The information should be made accessible to the public.（这些信息应该让公众能够获取。）
accessible	例句：The park is accessible to everyone.（这个公园对每个人都开放。）
accident	例句：He was injured in the accident.（他在事故中受伤了。）
accident	例句：The accident was caused by human error.（这起事故是由人为错误引起的。）
accident	例句：There was a serious accident on the highway.（高速公路上发生了一起严重的事故。）
acclamation	例句：Acclamation filled the room as the winner was announced.（当获胜者宣布时，房间里充满了喝彩声。）
acclamation	例句：The decision was greeted with acclamation.（这个决定受到了称赞。）
acclamation	例句：The speech was met with acclamation.（演讲赢得了喝彩。）
accord	例句：His actions are in accord with his words.（他的行动与他的话一致。）
accord	例句：The accord was signed after months of negotiation.（经过几个月的谈判，协议被签署了。）
accord	例句：The two sides reached an accord.（双方达成了一致。）
accusation	例句：His accusation was unfounded.（他的指责是没有根据的。）
accusation	例句：She denied the accusation.（她否认了这项指责。）
accusation	例句：The accusation against him was serious.（对他的控告很严重。）
accuser	例句：He faced his accuser in court.（他在法庭上面对控告者。）
accuser	例句：The accuser made serious allegations.（原告提出了严重的指控。）
accuser	例句：The accuser's testimony was crucial.（控告者的证词至关重要。）
acquisition	例句：The acquisition of new skills is important for career development.（获得新技能对职业发展很重要。）
acquisition	例句：The company's acquisition of a rival firm was a major move.（这家公司对一家竞争对手的收购是一个重大举措。）
acquisition	例句：They are planning an acquisition.（他们正在计划一次收购。）
action	例句：His actions spoke louder than his words.（他的行动胜于言语。）
action	例句：The medicine has a positive action on the body.（这种药对身体有积极的作用。）
action	例句：We need to take action to solve the problem.（我们需要采取行动来解决这个问题。）
activation	例句：Activation requires a specific code.（激活需要一个特定的代码。）
activation	例句：The activation of the alarm system was accidental.（警报系统的激活是意外的。）
activation	例句：They are working on the activation of new features.（他们正在努力激活新功能。）
adaptation	例句：Adaptation is necessary for survival.（适应是生存所必需的。）
adaptation	例句：The adaptation to the new environment was difficult.（适应新环境很困难。）
adaptation	例句：The movie is an adaptation of a novel.（这部电影是一部小说的改编。）
adapter	例句：He needs an adapter to charge his phone.（他需要一个适配器来给手机充电。）
adapter	例句：She is an adapter of novels for the screen.（她是小说改编成电影的改编者。）
adapter	例句：The adapter allows different devices to be connected.（这个适配器允许不同的设备连接。）
addition	例句：Addition is one of the basic arithmetic operations.（加法是基本算术运算之一。）
addition	例句：The addition of salt improved the taste.（加盐改善了味道。）
addition	例句：There is an addition to the family.（家里有了新成员。）
adieu	例句：Adieu, my dear ones.（再见，我亲爱的人们。）
adieu	例句：He bade adieu to his friends.（他向朋友们告别。）
adieu	例句：With a final adieu, she left the room.（她最后道一声再见，离开了房间。）
adjoint	例句：The adjoint of a matrix is important in linear algebra.（矩阵的伴随矩阵在线性代数中很重要。）
adjoint	例句：The adjoint operator has certain properties.（伴随算子有某些特性。）
adjoint	例句：We need to find the adjoint of this function.（我们需要找到这个函数的伴随。）
administration	例句：The administration of justice is important.（司法的实施很重要。）
administration	例句：The administration of the school is efficient.（学校的管理是高效的。）
administration	例句：The new administration has promised changes.（新政府承诺进行变革。）
admirable	例句：Her work is admirable.（她的工作值得赞扬。）
admirable	例句：His courage is admirable.（他的勇气令人钦佩。）
admirable	例句：The achievement is admirable.（这个成就令人钦佩。）
admiration	例句：He looked at her with admiration.（他钦佩地看着她。）
admiration	例句：Her work earned her admiration from others.（她的工作赢得了别人的赞赏。）
admiration	例句：They expressed their admiration for his talent.（他们表达了对他的才能的羡慕。）
admirer	例句：He is an admirer of her work.（他是她工作的赞赏者。）
admirer	例句：She has many admirers.（她有很多仰慕者。）
admirer	例句：The singer has a large number of admirers.（这位歌手有大量的粉丝。）
admission	例句：Admission to the museum is free on Sundays.（博物馆在星期天免费入场。）
admission	例句：He paid the admission fee and entered the park.（他付了入场费，进入了公园。）
admission	例句：Her admission of guilt surprised everyone.（她的认罪让每个人都感到惊讶。）
ado	例句：She made a lot of ado over a small problem.（她为一个小问题大费周章。）
ado	例句：There was much ado about the new policy.（关于这项新政策有很多纷扰。）
ado	例句：Without further ado, let's begin the meeting.（闲话少说，我们开始开会吧。）
adolescence	例句：Adolescence can be a time of confusion and exploration.（青春期可能是一个困惑和探索的时期。）
adolescence	例句：Adolescence is a crucial stage of life.（青春期是人生的一个关键阶段。）
adolescence	例句：He is going through adolescence.（他正在经历青春期。）
adolescent	例句：Adolescent behavior can be unpredictable.（青少年的行为可能不可预测。）
adolescent	例句：Adolescents face many challenges.（青少年面临很多挑战。）
adolescent	例句：He is an adolescent boy going through changes.（他是一个正在经历变化的青春期男孩。）
adopter	例句：She is an adopter of new technologies.（她是新技术的采用者。）
adopter	例句：The adopter is very kind to the child.（收养者对孩子非常好。）
adopter	例句：The adopter must meet certain requirements.（收养者必须满足一定的要求。）
adoption	例句：She went through the adoption process.（她经历了收养过程。）
adoption	例句：The adoption of new technology is important.（采用新技术很重要。）
adoption	例句：They are considering adoption.（他们正在考虑收养。）
adorable	例句：His expression is adorable.（他的表情很可爱。）
adorable	例句：She is adorable in that dress.（她穿那件衣服很迷人。）
adorable	例句：The kitten is adorable.（这只小猫很可爱。）
affectation	例句：Affectation is not an attractive quality.（做作不是一种吸引人的品质。）
affectation	例句：He has no affectation in his manner.（他的举止没有做作。）
affectation	例句：Her speech was full of affectation.（她的演讲充满了做作。）
affection	例句：His affection for music is obvious.（他对音乐的喜爱很明显。）
affection	例句：She has a deep affection for her family.（她对家人有深厚的感情。）
affection	例句：The new policy had a positive affection on the economy.（新政策对经济有积极影响。）
affront	例句：He affronted the authority.（他公然侮辱权威。）
affront	例句：His words were an affront to her.（他的话是对她的侮辱。）
affront	例句：She took his actions as an affront.（她把他的行为视为一种冒犯。）
agenda	例句：She is responsible for setting the agenda.（她负责制定议程。）
agenda	例句：The agenda for the meeting was set.（会议的议程已经确定。）
agenda	例句：What items are on the agenda?（议程上有哪些项目？）
agent	例句：He is a real estate agent.（他是一名房地产代理商。）
agent	例句：The company uses agents to sell its products.（公司通过代理商销售其产品。）
agent	例句：The secret agent completed the mission.（特工完成了任务。）
agile	例句：She has an agile mind and can solve problems quickly.（她思维敏捷，能够迅速解决问题。）
agile	例句：The athlete is extremely agile and can change direction quickly.（这位运动员非常敏捷，能够迅速改变方向。）
agile	例句：The company needs to be agile in responding to market changes.（公司需要在应对市场变化时保持敏捷。）
agitation	例句：His speech caused agitation among the crowd.（他的演讲在人群中引起了激动。）
agitation	例句：She was in a state of agitation.（她处于不安状态。）
agitation	例句：The agitation of the liquid was visible.（液体的搅动是可见的。）
agriculture	例句：Agriculture is the backbone of many economies.（农业是许多经济体的支柱。）
agriculture	例句：He is interested in agriculture.（他对农业感兴趣。）
agriculture	例句：The development of agriculture is crucial for food security.（农业的发展对于粮食安全至关重要。）
aide	例句：She is an aide to the minister.（她是部长的助手。）
aide	例句：The aide provided valuable advice.（助手提供了有价值的建议。）
aide	例句：The president's aide accompanied him on the trip.（总统的助手陪他一起旅行。）
ail	例句：He is ailing from a long-term illness.（他因长期患病而身体虚弱。）
ail	例句：The problem ails the company.（这个问题困扰着公司。）
ail	例句：What ails you?（你怎么了？）
air	例句：He is flying in the air.（他在空中飞行。）
air	例句：The air is polluted.（空气被污染了。）
air	例句：We need fresh air.（我们需要新鲜空气。）
album	例句：He collects rare albums.（他收集稀有的唱片集。）
album	例句：She showed me her photo album.（她给我看了她的相册。）
album	例句：The band released a new album.（这个乐队发行了一张新专辑。）
alias	例句：He goes by the alias "The Shadow".（他的别名是 “影子”。）
alias	例句：The book was written by John Smith alias Mark Johnson.（这本书是约翰?史密斯，又名马克?约翰逊写的。）
alias	例句：The city is known as Paris alias the City of Lights.（这个城市以巴黎为名，亦称为 “光明之城”。）
alibi	例句：He provided an alibi for his whereabouts.（他为自己的行踪提供了不在犯罪现场的证据。）
alibi	例句：Her alibi was not convincing.（她的不在犯罪现场的证据不可信。）
alibi	例句：The suspect had a solid alibi.（嫌疑犯有一个确凿的不在犯罪现场的证据。）
aliment	例句：Good aliment is essential for health.（好的食物对健康至关重要。）
aliment	例句：He lacks proper aliment.（他缺乏适当的食物。）
aliment	例句：The aliment provided by the parents is important for the growth of children.（父母提供的食物对孩子的成长很重要。）
alimentation	例句：Alimentation is crucial for survival.（营养是生存的关键。）
alimentation	例句：The organization is responsible for the alimentation of the needy.（这个组织负责为有需要的人提供食物。）
alimentation	例句：This food provides good alimentation.（这种食物提供良好的营养。）
alliance	例句：The alliance between the political parties was short-lived.（政党之间的联盟是短暂的。）
alliance	例句：The two countries formed an alliance for economic cooperation.（这两个国家为了经济合作组成了一个联盟。）
alliance	例句：Their marriage was seen as an alliance between two powerful families.（他们的婚姻被视为两个强大家族之间的联姻。）
alligator	例句：Alligators are dangerous animals.（短吻鳄是危险的动物。）
alligator	例句：The alligator swam in the river.（短吻鳄在河里游泳。）
alligator	例句：We saw an alligator at the zoo.（我们在动物园看到了一只短吻鳄。）
allo	例句：Allo, can you hear me?（喂，你能听到我吗？）
allo	例句：Allo, this is base.（喂，这里是基地。）
allo	例句：Allo, what's your status?（喂，你的情况如何？）
allocation	例句：The allocation of funds needs to be fair.（资金的分配需要公平。）
allocation	例句：The allocation of resources is a crucial decision.（资源的分配是一个关键的决定。）
allocation	例句：We are discussing the allocation of tasks.（我们正在讨论任务的分配。）
allure	例句：She has an allure that attracts many people.（她有一种魅力吸引着很多人。）
allure	例句：The allure of the city is hard to resist.（城市的诱惑力难以抗拒。）
allure	例句：The new product has great allure for consumers.（这个新产品对消费者有很大的吸引力。）
allusion	例句：Allusions can enrich a text.（影射可以丰富一篇文章。）
allusion	例句：He understood the allusion immediately.（他立刻理解了这个暗指。）
allusion	例句：The book is full of allusions to classical literature.（这本书充满了对古典文学的影射。）
alpha	例句：He is the alpha male in the group.（他是这个群体中的主导者。）
alpha	例句：She always wants to be the alpha.（她总是想成为最好的。）
alpha	例句：The alpha version of the software is still in testing.（这个软件的 alpha 版本仍在测试中。）
alphabet	例句：He is learning the alphabet.（他正在学习字母表。）
alphabet	例句：The English alphabet has 26 letters.（英语字母表有 26 个字母。）
alphabet	例句：The child recited the alphabet loudly.（那个孩子大声地背诵字母表。）
alternative	例句：The alternative is not very satisfactory.（这个替代方案不是很令人满意。）
alternative	例句：There are alternative solutions to the problem.（这个问题有可供选择的解决方案。）
alternative	例句：We need to find an alternative energy source.（我们需要找到一种替代能源。）
altitude	例句：He suffers from altitude sickness.（他患有高原反应。）
altitude	例句：The airplane flew at a high altitude.（飞机在高空中飞行。）
altitude	例句：The mountain has an altitude of 5000 meters.（这座山海拔 5000 米。）
aluminium	例句：Aluminium is a lightweight metal.（铝是一种轻金属。）
aluminium	例句：Aluminium is widely used in industry.（铝在工业中被广泛使用。）
aluminium	例句：The car is made of aluminium.（这辆汽车是用铝制成的。）
amateur	例句：He is an amateur photographer.（他是一个业余摄影师。）
amateur	例句：She did a great job for an amateur.（作为一个业余爱好者，她做得非常好。）
amateur	例句：The tournament is open to amateurs and professionals.（这场比赛对业余爱好者和专业人士都开放。）
ambition	例句：Ambition can drive people to achieve great things.（雄心可以驱使人们取得伟大的成就。）
ambition	例句：He has great ambition to succeed.（他有很大的成功野心。）
ambition	例句：Her ambition is to become a famous writer.（她的抱负是成为一名著名作家。）
ambulance	例句：He called an ambulance when he saw the accident.（他看到事故后叫了救护车。）
ambulance	例句：The ambulance arrived within minutes.（救护车在几分钟内就到了。）
ambulance	例句：The ambulance took the injured person to the hospital.（救护车把伤者送到了医院。）
ambulant	例句：Ambulant care services are provided to those who can move but still need medical attention.（为那些能够走动但仍需要医疗护理的人提供流动护理服务。）
ambulant	例句：The ambulant patients were able to move around the hospital ward with relative ease.（能够走动的病人能够相对轻松地在医院病房内走动。）
ambulant	例句：The new treatment has helped many formerly bed - ridden patients become ambulant again.（新的治疗方法帮助许多以前卧床不起的病人再次能够走动。）
amour	例句：Amour can bring both joy and pain.（爱情既能带来快乐，也能带来痛苦。）
amour	例句：He was lost in amour.（他沉浸在爱情中。）
amour	例句：Their amour was the talk of the town.（他们的恋情是镇上的热门话题。）
ampoule	例句：She broke open the ampoule carefully.（她小心地打开安瓿。）
ampoule	例句：The doctor used an ampoule of medicine.（医生用了一支安瓿的药。）
ampoule	例句：There are several ampoules on the tray.（托盘上有几个安瓿。）
amusement	例句：Amusement parks are popular.（游乐园很受欢迎。）
amusement	例句：The book provided amusement.（这本书提供了乐趣。）
amusement	例句：We found amusement in the park.（我们在公园里找到了娱乐。）
an	例句：He is an artist.（他是一个艺术家。）
an	例句：She has an idea.（她有一个主意。）
an	例句：There is an apple on the table.（桌子上有一个苹果。）
anal	例句：Anal fissures can be painful and require treatment.（肛裂可能很痛苦，需要治疗。）
anal	例句：He had an anal examination to check for any problems.（他进行了肛门检查以检查是否有任何问题。）
anal	例句：The anal sphincter controls the release of waste from the body.（肛门括约肌控制着身体废物的排出。）
analyse	例句：She analysed the problem and found a solution.（她分析了问题并找到了一个解决方案。）
analyse	例句：The scientist analysed the sample.（科学家分析了样本。）
analyse	例句：We need to analyse the data carefully.（我们需要仔细分析数据。）
analyser	例句：The analyser detected a problem in the system.（分析仪检测到系统中的一个问题。）
analyser	例句：The analyser is a crucial instrument in our laboratory.（分析仪是我们实验室中的关键仪器。）
analyser	例句：We need to upgrade our analyser.（我们需要升级我们的分析仪。）
ancestral	例句：He is proud of his ancestral heritage and often tells stories about his forefathers.（他为自己的祖传遗产感到自豪，经常讲述关于他祖先的故事。）
ancestral	例句：The family's ancestral traditions are still observed during special festivals.（在特殊节日期间，这个家族仍然遵循祖传的传统。）
ancestral	例句：The old house is an ancestral property that has been passed down through generations.（这座老房子是祖传的房产，已经传承了好几代。）
anecdote	例句：He shared an interesting anecdote.（他分享了一个有趣的轶事。）
anecdote	例句：She has a collection of anecdotes.（她有很多轶事。）
anecdote	例句：The anecdote made everyone laugh.（这个轶事让大家都笑了。）
angle	例句：He has a unique angle on the issue.（他对这个问题有一个独特的观点。）
angle	例句：The angle of the triangle is 90 degrees.（这个三角形的角是 90 度。）
angle	例句：We need to look at the problem from a different angle.（我们需要从不同的角度看待这个问题。）
animal	例句：He is studying animal behavior.（他在研究动物行为。）
animal	例句：The animal kingdom is diverse.（动物王国是多样的。）
animal	例句：There are many different animals in the zoo.（动物园里有很多不同的动物。）
antidote	例句：Scientists are searching for an antidote to the virus.（科学家们正在寻找一种对抗病毒的解药。）
antidote	例句：The antidote saved his life.（解毒剂救了他的命。）
antidote	例句：There is no known antidote for this poison.（这种毒药没有已知的解毒剂。）
antique	例句：He collects antiques.（他收集古董。）
antique	例句：The antique table is beautiful.（这张古董桌子很漂亮。）
antique	例句：What are the characteristics of antiques?（古董有哪些特点？）
apocalypse	例句：Many movies are about the apocalypse.（很多电影都关于世界末日。）
apocalypse	例句：Some people fear an apocalypse.（有些人害怕世界末日。）
apocalypse	例句：The thought of an apocalypse can be terrifying.（世界末日的想法可能很可怕。）
apparent	例句：His happiness was only apparent.（他的幸福只是表面上的。）
apparent	例句：It was apparent that he was angry.（很显然他生气了。）
apparent	例句：The problem is apparent to everyone.（这个问题对每个人来说都是显而易见的。）
apparition	例句：Some people claim to have seen an apparition of a ghost in the old house.（有些人声称在那座老房子里看到了鬼魂的幻影。）
apparition	例句：The apparition disappeared as quickly as it had appeared.（这个幻影出现得快，消失得也快。）
apparition	例句：The apparition in his dream left him feeling disturbed.（他梦中出现的幻影让他感到不安。）
apparition	例句：The legend of the apparition has been passed down through generations in the village.（这个幻影的传说在村子里代代相传。）
apparition	例句：The story is about an apparition that haunts the castle.（这个故事是关于一个萦绕在城堡里的幽灵。）
apparition	例句：They saw an apparition in the old house.（他们在那座老房子里看到了一个幽灵。）
application	例句：His application was rejected.（他的申请被拒绝了。）
application	例句：I downloaded a new application on my phone.（我在手机上下载了一个新的应用程序。）
application	例句：The application of this method is widespread.（这种方法的应用很广泛。）
approbation	例句：His work received the approbation of his colleagues.（他的工作得到了同事们的赞许。）
approbation	例句：The plan was met with approbation.（这个计划得到了认可。）
approbation	例句：We are waiting for the approbation of the authorities.（我们在等待当局的批准。）
aptitude	例句：He has an aptitude for music.（他有音乐天赋。）
aptitude	例句：Her aptitude for languages is remarkable.（她在语言方面的才能很出色。）
aptitude	例句：The test measures aptitude for different skills.（这个测试测量不同技能的天资。）
aquarium	例句：He has a large aquarium in his living room.（他在客厅里有一个大鱼缸。）
aquarium	例句：The aquarium is a popular tourist attraction.（水族馆是一个受欢迎的旅游景点。）
aquarium	例句：We visited the aquarium and saw many beautiful fish.（我们参观了水族馆，看到了许多美丽的鱼。）
arc	例句：The ball followed an arc.（球沿着弧形运动。）
arc	例句：The rainbow is an arc in the sky.（彩虹是天空中的一道弧形。）
arc	例句：They are welding an arc.（他们在焊接电弧。）
archer	例句：She is a skilled archer who has won many competitions.（她是一位技术娴熟的弓箭手，赢得了许多比赛。）
archer	例句：The archer took aim and released the arrow with precision.（弓箭手瞄准后精准地射出了箭。）
archer	例句：The archer's focus was unwavering as he prepared to shoot.（弓箭手在准备射击时注意力非常集中。）
architecture	例句：Good architecture combines form and function.（好的建筑结合了形式和功能。）
architecture	例句：The ancient architecture of the Forbidden City attracts millions of tourists every year.（故宫的古代建筑每年吸引数百万游客。）
architecture	例句：The architecture of the city is impressive.（这个城市的建筑令人印象深刻。）
archive	例句：She archived the important documents.（她把重要文件存档。）
archive	例句：The archive is a treasure trove of information.（这个档案馆是一个信息宝库。）
archive	例句：They donated their papers to the archive.（他们把他们的文件捐给了档案馆。）
ardent	例句：He is an ardent supporter of the team.（他是这个队的热情支持者。）
ardent	例句：Her ardent love for music is evident.（她对音乐的热烈热爱很明显。）
ardent	例句：They are ardent advocates for social justice.（他们是社会正义的热心倡导者。）
argument	例句：His argument was well-supported by evidence.（他的论点有充分的证据支持。）
argument	例句：They had a heated argument about politics.（他们就政治问题进行了激烈的争论。）
argument	例句：We need to present strong arguments to win the debate.（我们需要提出有力的论点才能赢得辩论。）
arrangement	例句：The arrangement of the furniture is very pleasing.（家具的布置非常令人满意。）
arrangement	例句：The two parties reached an arrangement.（双方达成了一项协议。）
arrangement	例句：We need to make an arrangement for the meeting.（我们需要为会议做一个安排。）
arrogance	例句：Arrogance can lead to isolation.（傲慢会导致孤立。）
arrogance	例句：His arrogance is his downfall.（他的傲慢是他的失败之处。）
arrogance	例句：She was criticized for her arrogance.（她因傲慢而受到批评。）
arrogant	例句：Arrogant people are difficult to get along with.（傲慢的人很难相处。）
arrogant	例句：He is arrogant and thinks he is always right.（他很傲慢，认为自己总是对的。）
arrogant	例句：Her arrogant attitude annoys others.（她傲慢的态度惹恼了别人。）
arsenal	例句：His knowledge is an arsenal for solving problems.（他的知识是解决问题的宝库。）
arsenal	例句：The arsenal contains a variety of weapons.（军械库中存有各种各样的武器。）
arsenal	例句：The city has a large arsenal.（这个城市有一个大型兵工厂。）
art	例句：He is learning different forms of art.（他正在学习不同形式的艺术。）
art	例句：She has a passion for art.（她对艺术充满热情。）
art	例句：The museum houses a large collection of art.（博物馆收藏了大量的艺术品。）
article	例句：He bought an article of clothing.（他买了一件衣服。）
article	例句：I read an interesting article in the newspaper.（我在报纸上读了一篇有趣的文章。）
article	例句：The article is about environmental protection.（这篇文章是关于环境保护的。）
artifice	例句：He used artifice to win the game.（他用诡计赢得了比赛。）
artifice	例句：She was able to solve the problem through artifice and ingenuity.（她通过巧妙的办法和创造力解决了问题。）
artifice	例句：The artist's work is full of artifice and creativity.（这位艺术家的作品充满了技巧和创造力。）
artisan	例句：She is an artisan who specializes in pottery.（她是一位专门从事陶器制作的工匠。）
artisan	例句：The artisan crafted a unique piece of jewelry.（这位工匠制作了一件独特的珠宝。）
artisan	例句：The artisan's work is highly regarded.（这位工匠的作品备受推崇。）
artiste	例句：She is a talented artiste.（她是一位有才华的艺人。）
artiste	例句：The artiste performed on stage.（这位艺人在舞台上表演。）
artiste	例句：The artiste's work is highly regarded.（这位艺人的作品受到高度评价。）
as	例句：As he was tired, he went to bed early.（因为他很累，所以早早地上床睡觉了。）
as	例句：He regards her as his best friend.（他把她当作自己最好的朋友。）
as	例句：She works as a nurse in the local hospital.（她在当地医院担任护士。）
aspect	例句：The house has a beautiful aspect.（这所房子有一个美丽的外观。）
aspect	例句：This is an important aspect of the issue.（这是这个问题的一个重要方面。）
aspect	例句：We need to consider all aspects of the situation.（我们需要考虑情况的所有方面。）
aspiration	例句：Aspiration drives people to succeed.（渴望驱使人们取得成功。）
aspiration	例句：He has high aspirations.（他有很高的抱负。）
aspiration	例句：Her aspiration is to become a doctor.（她的志向是成为一名医生。）
assassin	例句：Assassins often work in secret.（刺客通常在秘密行动。）
assassin	例句：He was worried about assassins.（他担心有刺客。）
assassin	例句：The assassin was hired to kill the king.（刺客被雇来杀国王。）
assembler	例句：He is an expert assembler.（他是一位专业的装配工。）
assembler	例句：The assembler put the parts together.（装配工把零件组装在一起。）
assembler	例句：The software uses an assembler to convert code.（这个软件使用汇编程序来转换代码。）
assistance	例句：I need your assistance.（我需要你的帮助。）
assistance	例句：They provided assistance to the victims.（他们向受害者提供了援助。）
assistance	例句：We are grateful for your assistance.（我们感激你的帮助。）
assistant	例句：She works as an assistant in a law firm.（她在一家律师事务所担任助理。）
assistant	例句：The assistant helped the professor with his research work.（助手帮助教授进行他的研究工作。）
assistant	例句：The shop assistant was very helpful and found the right size for me.（店员非常乐于助人，帮我找到了合适的尺码。）
association	例句：He is a member of the association.（他是这个协会的成员。）
association	例句：The association organized a conference.（这个协会组织了一次会议。）
association	例句：There is an association between smoking and lung cancer.（吸烟和肺癌之间有联系。）
assurance	例句：He gave me an assurance that everything would be okay.（他向我保证一切都会好起来的。）
assurance	例句：She had full assurance in her abilities.（她对自己的能力充满信心。）
assurance	例句：The company offers an assurance of quality.（公司提供质量保证。）
attache	例句：He is an attache to the embassy.（他是大使馆的专员。）
attache	例句：The diplomat had an attache.（这位外交官有一个随员。）
attache	例句：The document has several attaches.（这份文件有几个附件。）
attention	例句：His attention was focused on the book.（他的注意力集中在书上。）
attention	例句：Pay attention to the teacher.（注意听老师讲。）
attention	例句：She needs more attention.（她需要更多的关心。）
attitude	例句：A positive attitude can help you overcome difficulties more easily.（积极的态度能帮助你更容易地克服困难。）
attitude	例句：Changing your attitude can change your perspective on life.（改变态度可以改变你对生活的看法。）
attitude	例句：Her attitude towards work is very responsible.（她对工作的态度非常负责。）
attraction	例句：She visited all the attractions in the city.（她参观了这座城市的所有景点。）
attraction	例句：The attraction of the place is its natural beauty.（这个地方的吸引力在于它的自然之美。）
attraction	例句：The new museum is a major attraction.（这个新博物馆是一个主要的吸引人的事物。）
audience	例句：The book is popular among its target audience.（这本书在其目标读者中很受欢迎。）
audience	例句：The movie has a wide audience.（这部电影有广泛的观众。）
audience	例句：The speaker addressed the audience.（演讲者向观众发表讲话。）
audition	例句：His audition was impressive.（他的试听很出色。）
audition	例句：She went to an audition for the play.（她去参加了那个戏剧的试演。）
audition	例句：The audition process was very competitive.（试演过程非常有竞争力。）
augmentation	例句：The augmentation of resources is crucial for the project.（资源的增加对于这个项目至关重要。）
augmentation	例句：The augmentation of the army is necessary for national security.（军队的扩充对于国家安全是必要的。）
augmentation	例句：They are considering augmentation of the facilities.（他们正在考虑扩大设施。）
aura	例句：He could sense the aura of danger.（他能感觉到危险的气息。）
aura	例句：She has an aura of mystery.（她有一种神秘的氛围。）
aura	例句：The painting has an aura of tranquility.（这幅画有一种宁静的氛围。）
auteur	例句：He is considered an auteur.（他被认为是一位具有独特艺术风格的导演。）
auteur	例句：She admires the work of auteurs.（她钦佩具有独特艺术风格的导演的作品。）
auteur	例句：The auteur's films are always thought-provoking.（这位导演的电影总是发人深省。）
auto	例句：Auto parts are essential for car maintenance.（汽车零件对汽车保养很重要。）
auto	例句：He bought a new auto.（他买了一辆新汽车。）
auto	例句：The machine has an auto setting.（这台机器有一个自动设置。）
automobile	例句：He loves his new automobile.（他喜欢他的新汽车。）
automobile	例句：The automobile industry is constantly evolving.（汽车工业在不断发展。）
automobile	例句：The automobile is a convenient mode of transportation.（汽车是一种方便的交通工具。）
avalanche	例句：An avalanche buried the village.（一场雪崩掩埋了村庄。）
avalanche	例句：Avalanches can be very dangerous.（雪崩可能非常危险。）
avalanche	例句：The climbers were caught in an avalanche.（登山者们遭遇了雪崩。）
avant	例句：The avant movement challenges traditional thinking.（前卫运动挑战传统思维。）
avant	例句：The avant-garde artists are always ahead of their time.（先锋艺术家总是走在时代的前面。）
avant	例句：They are exploring new ideas in the avant of technology.（他们在技术的前沿探索新的想法。）
avatar	例句：His avatar on social media is very unique.（他在社交媒体上的头像很独特。）
avatar	例句：In the game, you can create your own avatar.（在游戏中，你可以创建自己的化身。）
avatar	例句：The leader is seen as an avatar of hope.（这位领导人被视为希望的代表。）
avenue	例句：The avenue is wide and beautiful.（这条大街又宽又漂亮。）
avenue	例句：There are many shops on this avenue.（这条大街上有很多商店。）
avenue	例句：They walked down the avenue.（他们沿着林荫大道走。）
aviation	例句：Aviation safety is a top priority.（航空安全是重中之重。）
aviation	例句：He is studying aviation.（他在学习航空。）
aviation	例句：The aviation industry is important for the economy.（航空工业对经济很重要。）
axe	例句：He swung the axe with force.（他用力挥动斧头。）
axe	例句：The axe fell on several departments.（削减落在了几个部门上。）
axe	例句：The company is facing axe in staff numbers.（公司正面临着员工人数的削减。）
baby	例句：New parents often face challenges in taking care of a baby.（新手父母在照顾婴儿时常常面临挑战。）
baby	例句：She bought a cute toy for the baby.（她给婴儿买了一个可爱的玩具。）
baby	例句：The baby was sleeping soundly in its crib.（婴儿在婴儿床里睡得很香。）
baby-sitter	例句：She is a reliable baby-sitter.（她是一个可靠的临时保姆。）
baby-sitter	例句：The baby-sitter played with the children.（临时保姆和孩子们一起玩。）
baby-sitter	例句：We hired a baby-sitter for the evening.（我们雇了一个临时保姆来照顾晚上。）
bacon	例句：Bacon is a popular breakfast food.（培根是一种很受欢迎的早餐食品。）
bacon	例句：He cooked some bacon for breakfast.（他早餐做了一些培根。）
bacon	例句：I like eating bacon with eggs.（我喜欢培根配鸡蛋。）
bacon	例句：I like to have bacon and eggs for breakfast.（我喜欢早餐吃培根和鸡蛋。）
bacon	例句：She cooked the bacon until it was crispy.（她把培根煎得很脆。）
bacon	例句：The smell of frying bacon filled the kitchen.（煎培根的香味弥漫在厨房里。）
badge	例句：She wore a badge with her name on it.（她戴着一个有她名字的徽章。）
badge	例句：The badge of honor was given to the brave soldier.（荣誉徽章被授予勇敢的士兵。）
badge	例句：This is a badge of our school.（这是我们学校的标志。）
baguette	例句：He bought a baguette at the bakery.（他在面包店买了一根法棍面包。）
baguette	例句：She sliced the baguette for sandwiches.（她把法棍面包切成片做三明治。）
baguette	例句：The baguette is a staple in French cuisine.（法棍面包是法国美食中的主食。）
bail	例句：He was released on bail.（他被保释出来。）
bail	例句：She posted bail for her friend.（她为朋友交了保释金。）
bail	例句：The bail amount was set high.（保释金数额定得很高。）
balance	例句：He lost his balance and fell.（他失去平衡摔倒了。）
balance	例句：She tried to balance work and family life.（她试图平衡工作和家庭生活。）
balance	例句：The balance of the scales shows the weight accurately.（天平的平衡准确地显示了重量。）
ballet	例句：Ballet requires discipline and dedication.（芭蕾舞需要纪律和奉献精神。）
ballet	例句：She loves watching ballet performances.（她喜欢看芭蕾舞表演。）
ballet	例句：The ballet was a beautiful display of grace and artistry.（这场芭蕾舞是优雅和艺术的美丽展示。）
ballon	例句：A hot air ballon can carry people up.（热气球可以载人升空。）
ballon	例句：The colorful ballon flew high into the sky.（彩色气球飞上了高空。）
ballon	例句：We held a ballon in the party game.（派对游戏中我们拿着气球。）
banal	例句：Banal remarks don't impress anyone.（陈腐的言论不会给任何人留下深刻印象。）
banal	例句：His speech was banal and uninteresting.（他的演讲陈腐无趣。）
banal	例句：The movie plot was banal.（电影情节很平庸。）
bandage	例句：He needs a bandage for his sprained ankle.（他扭伤的脚踝需要绷带。）
bandage	例句：She put a bandage on his wound.（她在他的伤口上缠上绷带。）
bandage	例句：The doctor bandaged his arm.（医生给他的手臂包扎了绷带。）
bandit	例句：Bandits were a threat to the safety of the people.（土匪对人民的安全构成威胁。）
bandit	例句：The bandit robbed the travelers.（土匪抢劫了旅行者。）
bandit	例句：The police are hunting for the bandit.（警察正在追捕土匪。）
banjo	例句：He plays the banjo beautifully.（他弹班卓琴弹得很好。）
banjo	例句：She is learning to play the banjo.（她正在学习弹班卓琴。）
banjo	例句：The banjo is a popular instrument in folk music.（班卓琴是民间音乐中一种很受欢迎的乐器。）
banquet	例句：She planned a wonderful banquet.（她策划了一场精彩的宴会。）
banquet	例句：The banquet was a celebration of success.（这场宴会是对成功的庆祝。）
banquet	例句：They attended a grand banquet.（他们参加了一场盛大的宴会。）
banquette	例句：She placed her bag on the banquette.（她把包放在长椅上。）
banquette	例句：The banquette in the restaurant is comfortable.（餐厅里的靠墙座位很舒服。）
banquette	例句：They sat on the banquette and watched the people pass by.（他们坐在长椅上看着人们经过。）
bar	例句：He went to the bar for a drink.（他去酒吧喝一杯。）
bar	例句：The police barred the entrance.（警察封锁了入口。）
bar	例句：There is a bar of chocolate on the table.（桌子上有一条巧克力。）
barbe	例句：He loves to grill burgers at the barbe.（他喜欢在烧烤时烤汉堡。）
barbe	例句：They invited friends over for a barbe.（他们邀请朋友来参加烧烤野餐。）
barbe	例句：We had a barbe on the weekend.（我们在周末进行了一次烧烤。）
barbecue	例句：He is barbecuing chicken in the backyard.（他在后院烤鸡肉。）
barbecue	例句：The barbecue was a great success.（这次烧烤非常成功。）
barbecue	例句：We had a barbecue in the park.（我们在公园里进行了一次烧烤。）
barman	例句：He is a popular barman.（他是一个受欢迎的酒吧男招待。）
barman	例句：The barman knew how to make all the classic drinks.（这个酒吧男招待知道如何调制所有的经典饮料。）
barman	例句：The barman poured a beer for the customer.（酒吧男招待为顾客倒了一杯啤酒。）
baron	例句：He is a business baron.（他是一个商业大亨。）
baron	例句：The baron owned a large estate.（男爵拥有一个大庄园。）
baron	例句：The baron was respected for his wealth and power.（男爵因其财富和权力而受到尊敬。）
barrage	例句：The audience bombarded the speaker with a barrage of questions.（观众向演讲者提出一连串的问题。）
barrage	例句：The fireworks created a beautiful barrage of colors.（烟花创造了美丽的色彩弹幕。）
barrage	例句：The soldiers were under a barrage of enemy fire.（士兵们处于敌人的火力网之下。）
barricade	例句：The barricade blocked the road.（路障挡住了道路。）
barricade	例句：The protesters set up barricades.（抗议者设置了路障。）
barricade	例句：They had to remove the barricade to pass.（他们不得不移走路障才能通过。）
base	例句：His argument is based on solid evidence.（他的论点基于确凿的证据。）
base	例句：The company is based in New York.（这家公司总部设在纽约。）
base	例句：The tower has a strong base.（这座塔有一个坚固的基础。）
baseball	例句：Baseball is popular in America.（棒球在美国很受欢迎。）
baseball	例句：He loves playing baseball.（他喜欢打棒球。）
baseball	例句：They watched a baseball game on TV.（他们在电视上看了一场棒球比赛。）
basket	例句：He put his toys in the basket.（他把玩具放在篮子里。）
basket	例句：She carried a basket of apples.（她提着一篮子苹果。）
basket	例句：The basket is made of wicker.（这个篮子是用柳条编的。）
bazar	例句：He sells his goods at the bazar.（他在集市上卖他的货物。）
bazar	例句：The bazar is full of colorful items.（集市上摆满了五颜六色的物品。）
bazar	例句：They went to the bazar to buy souvenirs.（他们去集市买纪念品。）
beau	例句：He is a beau of many girls.（他是很多女孩的情郎。）
beau	例句：She has a new beau.（她有了一个新男朋友。）
beau	例句：The beau sunset was breathtaking.（美丽的日落令人惊叹。）
bide	例句：He bided his time until the right opportunity came.（他等待着时机，直到合适的机会到来。）
bide	例句：She bided at home until her parents returned.（她待在家里，直到父母回来。）
bide	例句：They had to bide the storm.（他们不得不等待暴风雨过去。）
bikini	例句：He bought a new bikini for his girlfriend.（他给他的女朋友买了一件新比基尼。）
bikini	例句：She wore a bikini on the beach.（她在海滩上穿了比基尼。）
bikini	例句：The bikini is a popular swimwear.（比基尼是一种流行的泳装。）
bile	例句：Bile is produced by the liver.（胆汁由肝脏产生。）
bile	例句：His words were full of bile.（他的话充满了愤怒。）
bile	例句：She couldn't hide her bile.（她无法掩饰自己的怨恨。）
billet	例句：He received a billet assigning him to a new post.（他收到了一份分配令，把他分配到一个新的岗位。）
billet	例句：The army billeted in the school during the emergency.（在紧急情况下，军队在学校里宿营。）
billet	例句：The soldiers were billeted in the town.（士兵们被安排在镇上住宿。）
bingo	例句：Bingo! I found the answer.（答对了！我找到了答案。）
bingo	例句：She shouted “Bingo!” when she won.（她赢的时候喊了 “答对了！”）
bingo	例句：They are playing bingo at the party.（他们在聚会上玩宾果游戏。）
bio	例句：She wrote a bio for her website.（她为自己的网站写了一份个人简历。）
bio	例句：The book is a bio of a famous musician.（这本书是一位著名音乐家的传记。）
bio	例句：The scientist is studying different types of bios.（科学家正在研究不同类型的生物体。）
biscuit	例句：She ate a biscuit with her tea.（她喝茶时吃了一块饼干。）
biscuit	例句：There are many different types of biscuits.（有许多不同类型的饼干。）
biscuit	例句：What are the ingredients of a good biscuit?（一块好饼干的成分有哪些？）
bison	例句：Bisons are an important symbol of the wilderness.（野牛是荒野的一个重要象征。）
bison	例句：The bison is a large wild animal.（野牛是一种大型野生动物。）
bison	例句：We saw a herd of bison.（我们看到了一群野牛。）
bizarre	例句：His behavior was bizarre.（他的行为很古怪。）
bizarre	例句：She had a bizarre dream.（她做了一个古怪的梦。）
bizarre	例句：The painting is bizarre.（这幅画很奇异。）
black	例句：His heart is black with hatred.（他的心因仇恨而变得邪恶。）
black	例句：She wore a black dress.（她穿着一件黑色的连衣裙。）
black	例句：The night is black.（夜晚是黑暗的。）
bled	例句：He bled profusely.（他大量流血。）
bled	例句：The wound bled for a long time.（伤口流了很长时间的血。）
bled	例句：They bled the patient.（他们给病人放血。）
bloc	例句：The political bloc is working to pass the bill.（这个政治集团正在努力通过这项法案。）
bloc	例句：The trade bloc promotes economic cooperation.（这个贸易集团促进经济合作。）
bloc	例句：There are several blocs in the parliament.（议会中有几个阵营。）
blond	例句：Blond people are often associated with beauty.（金发的人常常与美丽联系在一起。）
blond	例句：He is a blond man.（他是一个金发男子。）
blond	例句：She has blond hair.（她有一头金发。）
blouse	例句：He bought her a silk blouse for her birthday.（他为她的生日买了一件丝绸女衬衫。）
blouse	例句：She wore a white blouse with a skirt.（她穿着一件白色女衬衫和一条裙子。）
blouse	例句：The blouse had ruffles on the sleeves.（这件女衬衫的袖子上有褶边。）
blues	例句：He loves listening to the blues.（他喜欢听蓝调音乐。）
blues	例句：She has the blues today.（她今天很忧郁。）
blues	例句：The blues can express deep emotions.（蓝调音乐可以表达深刻的情感。）
bluff	例句：Don't be bluffed by his threats.（不要被他的威胁吓倒。）
bluff	例句：He bluffed his way out of trouble.（他虚张声势地摆脱了麻烦。）
bluff	例句：The bluff overlooked the river.（悬崖俯瞰着河流。）
bombardier	例句：He is a bombardier in the air force.（他是空军的一名投弹手。）
bombardier	例句：He trained hard to become a skilled bombardier.（他努力训练，成为一名熟练的投弹手。）
bombardier	例句：The bombardier dropped the bombs accurately.（投弹手准确地投下了炸弹。）
bombardier	例句：The bombardier in the plane was responsible for dropping the bombs accurately.（飞机上的投弹手负责准确投弹。）
bombardier	例句：The bombardier's job is dangerous.（投弹手的工作很危险。）
bombardier	例句：The bombardier's job was dangerous but crucial during the war.（在战争期间，投弹手的工作危险但至关重要。）
bon	例句：Bon voyage!（一路平安！）
bon	例句：C'est bon!（很好！）
bon	例句：Have a bon time!（玩得愉快！）
bonbon	例句：Bonbons are delicious.（糖果很好吃。）
bonbon	例句：She gave him a bonbon.（她给了他一颗糖果。）
bonbon	例句：The box is full of bonbons.（盒子里装满了糖果。）
bond	例句：Love bonds people together.（爱把人们结合在一起。）
bond	例句：She bought a bond.（她买了一张债券。）
bond	例句：The two countries formed a bond through trade.（这两个国家通过贸易形成了一种结合。）
bonnet	例句：She wore a cute bonnet.（她戴着一顶可爱的童帽。）
bonnet	例句：The bonnet protects the engine.（引擎罩保护发动机。）
bonnet	例句：The car's bonnet was dented.（汽车的引擎罩被撞凹了。）
bonus	例句：He got a bonus for his outstanding work.（他因出色的工作获得了奖金。）
bonus	例句：The bonus feature on the DVD is very interesting.（DVD 上的附加功能非常有趣。）
bonus	例句：We have a bonus day off next week.（我们下周有一个额外的休息日。）
boom	例句：The cannon boomed.（大炮发出隆隆声。）
boom	例句：The economy is experiencing a boom.（经济正在繁荣发展。）
boom	例句：There was a boom in construction.（建筑行业出现了繁荣。）
boomer	例句：Boomers have had a significant impact on society.（婴儿潮一代对社会产生了重大影响。）
boomer	例句：He is a boomer who remembers the 1960s.（他是一个婴儿潮一代的人，记得 20 世纪 60 年代。）
boomer	例句：The boomers are retiring in large numbers.（婴儿潮一代的人正在大量退休。）
boomerang	例句：Boomerangs can be tricky to use.（回飞棒使用起来可能很棘手。）
boomerang	例句：He threw the boomerang and it came back.（他扔出回飞棒，它又飞回来了。）
boomerang	例句：His actions boomeranged on him.（他的行为自食其果。）
border	例句：The country borders on the sea.（这个国家濒临大海。）
border	例句：The flower garden has a border of stones.（花园有一圈石头边。）
border	例句：They crossed the border illegally.（他们非法越过了边界。）
borne	例句：She has borne many hardships.（她忍受了许多艰难困苦。）
borne	例句：The cost is borne by the company.（费用由公司承担。）
borne	例句：The woman has borne three children.（这个女人生育了三个孩子。）
boss	例句：He is the boss of the company.（他是公司的老板。）
boss	例句：The boss is very strict.（老板很严格。）
boss	例句：We need to follow the boss's instructions.（我们需要听从老板的指示。）
bouillon	例句：She made a delicious bouillon.（她做了一份美味的清汤。）
bouillon	例句：The bouillon is very flavorful.（这个清汤很有味道。）
bouillon	例句：We need some bouillon for the soup.（我们需要一些清汤来做汤。）
boule	例句：He is a member of the boule.（他是立法机构的一员。）
boule	例句：The boule debated the new law.（议会辩论新法律。）
boule	例句：The fortune teller looked into the boule.（占卜师看着梨形水晶球。）
boulevard	例句：The boulevard is a beautiful place.（这条林荫大道是一个美丽的地方。）
boulevard	例句：The boulevard is lined with trees.（这条林荫大道两旁种着树。）
boulevard	例句：They walked along the boulevard.（他们沿着林荫大道散步。）
bouquet	例句：He chose a bouquet for his girlfriend.（他为他的女朋友选了一束花。）
bouquet	例句：She received a bouquet of roses.（她收到了一束玫瑰。）
bouquet	例句：The bouquet filled the room with a lovely fragrance.（花束使房间充满了可爱的芳香。）
bourgeois	例句：He was born into a bourgeois family and grew up in a comfortable environment.（他出生在一个资产阶级家庭，在舒适的环境中长大。）
bourgeois	例句：The bourgeois lifestyle depicted in the novel includes luxury goods and high - society parties.（小说中描绘的资产阶级生活方式包括奢侈品和上流社会的派对。）
bourgeois	例句：The bourgeois values of materialism and social status are criticized in some works.（一些作品批评了资产阶级的物质主义和社会地位价值观。）
bourgeoisie	例句：The bourgeoisie emerged as a powerful class during the industrial revolution.（资产阶级在工业革命期间崛起成为一个强大的阶级。）
bourgeoisie	例句：The bourgeoisie often uses its economic power to influence political decisions.（资产阶级经常利用其经济力量影响政治决策。）
bourgeoisie	例句：The conflict between the proletariat and the bourgeoisie was a major theme in 19th - century literature.（无产阶级和资产阶级之间的冲突是 19 世纪文学的一个主要主题。）
bourse	例句：He works at the bourse.（他在证券交易所工作。）
bourse	例句：The bourse is very busy today.（证券交易所今天非常繁忙。）
bourse	例句：The prices on the bourse are fluctuating.（证券交易所的价格在波动。）
bout	例句：He had a bout of illness.（他生了一场病。）
bout	例句：The boxing match was a fierce bout.（这场拳击比赛是一场激烈的较量。）
bout	例句：They had a bout of arguing.（他们争论了一阵。）
boutique	例句：I bought a beautiful dress from that boutique.（我从那家精品店买了一条漂亮的裙子。）
boutique	例句：She discovered a charming boutique while strolling down the street.（她在街上漫步时发现了一家迷人的精品店。）
boutique	例句：The boutique offers a curated selection of high-end fashion items.（这家精品店提供精心挑选的高端时尚单品。）
boxer	例句：He is a famous boxer.（他是一位著名的拳击手。）
boxer	例句：She admires boxers for their courage.（她因为拳击手的勇气而钦佩他们。）
boxer	例句：The boxer won the championship.（这位拳击手赢得了冠军。）
bracelet	例句：He bought a bracelet for his girlfriend.（他给他女朋友买了一个手链。）
bracelet	例句：She has a lovely bracelet.（她有一个可爱的手镯。）
bracelet	例句：The bracelet is made of silver.（这个手镯是银制的。）
brandy	例句：Brandy can be enjoyed after dinner.（白兰地可以在饭后享用。）
brandy	例句：She added a splash of brandy to the recipe.（她在食谱中加了一点白兰地。）
brandy	例句：The brandy had a smooth taste.（白兰地口感顺滑。）
brave	例句：He is a brave man.（他是一个勇敢的人。）
brave	例句：She was brave enough to speak up.（她足够勇敢地大声说出来。）
brave	例句：They braved the storm to reach safety.（他们勇敢地面对暴风雨以到达安全地带。）
bravo	例句：Bravo for your courage and determination.（为你的勇气和决心喝彩。）
bravo	例句：He received a standing ovation and shouts of “Bravo!”（他获得了全场起立鼓掌和 “太棒了！” 的欢呼声。）
bravo	例句：“Bravo! That was an amazing performance.”（“好极了！那是一场精彩的表演。”）
break	例句：He broke the window with a stone.（他用石头打破了窗户。）
break	例句：Let's take a break.（我们休息一下吧。）
break	例句：The branch broke under the weight.（树枝在重压下折断了。）
bridge	例句：He bridged the gap between the two ideas.（他在两个想法之间架起了桥梁。）
bridge	例句：The bridge over the river is a beautiful sight.（河上的桥是一道美丽的风景。）
bridge	例句：They are building a new bridge to connect the two cities.（他们正在建造一座新桥连接两个城市。）
briefing	例句：A good briefing is clear and concise.（一个好的简报应该清晰简洁。）
briefing	例句：Briefings can help us stay informed.（简报可以帮助我们保持了解情况。）
briefing	例句：We had a briefing on the new project.（我们对新项目进行了简报。）
brigade	例句：A brigade of workers was building the road.（一队工人正在修路。）
brigade	例句：The fire brigade responded quickly to the emergency.（消防队迅速响应紧急情况。）
brigade	例句：The military brigade was on a mission.（这个军旅在执行任务。）
brigand	例句：The area was infested with brigands.（这个地区到处都是土匪。）
brigand	例句：The brigand held up the stagecoach.（土匪劫持了公共马车。）
brigand	例句：We need to protect ourselves from brigands.（我们需要保护自己免受土匪的侵害。）
brochette	例句：He made some brochettes for the party.（他为聚会做了一些烤肉串。）
brochette	例句：She ordered a brochette of shrimp.（她点了一串虾烤肉串。）
brochette	例句：The brochette is very delicious.（这个烤肉串非常美味。）
brochure	例句：He designed a brochure for the company.（他为公司设计了一本小册子。）
brochure	例句：She picked up a brochure at the tourist information center.（她在旅游信息中心拿了一本小册子。）
brochure	例句：The brochure is full of pictures.（这本小册子上全是图片。）
bronze	例句：His skin had a bronze tan.（他的皮肤呈青铜色的晒黑。）
bronze	例句：She has a bronze medal.（她有一块铜牌。）
bronze	例句：The statue is made of bronze.（这座雕像是青铜制的。）
brouhaha	例句：The brouhaha died down eventually.（喧闹最终平息了。）
brouhaha	例句：The brouhaha lasted for hours.（喧闹持续了几个小时。）
brouhaha	例句：There was a brouhaha over the new policy.（新政策引起了一阵喧闹。）
bruit	例句：The doctor listened for a bruit.（医生听诊杂音。）
bruit	例句：The news was bruited about.（消息被传播开来。）
bruit	例句：There was a bruit about his resignation.（有关于他辞职的传闻。）
brusque	例句：His manner was brusque.（他的态度很唐突。）
brusque	例句：She gave a brusque answer.（她给出了一个粗鲁的回答。）
brusque	例句：The boss is known for his brusque style.（老板以他直率的风格而闻名。）
brutal	例句：The attack was brutal.（这次攻击很残忍。）
brutal	例句：The brutal storm broke many trees outside.（猛烈的暴风雨刮断了外面很多树。）
brutal	例句：The weather was brutal.（天气很严酷。）
brute	例句：Don't be a brute. Show some kindness.（不要残忍。表现出一些善良。）
brute	例句：He is a brute who treats others badly.（他是一个残忍的人，对别人很不好。）
brute	例句：The brute force of the storm was terrifying.（暴风雨的蛮力很可怕。）
budget	例句：He budgeted carefully for his trip.（他为他的旅行仔细地编制了预算。）
budget	例句：The government is trying to balance the budget.（政府正在努力平衡预算。）
budget	例句：We have a tight budget for this project.（我们这个项目的预算很紧张。）
buffet	例句：I usually eat more than usual at a buffet.（我在吃自助餐时通常比平时吃得多。）
buffet	例句：The hotel's buffet has a wide selection of international cuisines.（酒店的自助餐有丰富的国际美食可供选择。）
buffet	例句：They went to a buffet restaurant and enjoyed a large variety of dishes.（他们去了一家自助餐厅，享用了各种各样的菜肴。）
bulldozer	例句：He is like a bulldozer, pushing others aside.（他就像一个欺凌者，把别人推到一边。）
bulldozer	例句：The bulldozer is clearing the land.（推土机在清理土地。）
bulldozer	例句：The bulldozer operator is skilled.（推土机操作员技术熟练。）
bulletin	例句：The bulletin board is full of important information.（公告栏上满是重要信息。）
bulletin	例句：The company issued a bulletin about the new product.（公司发布了关于新产品的公告。）
bulletin	例句：We read the bulletin to stay informed.（我们阅读简讯以保持了解。）
bunker	例句：The bunker is filled with coal.（煤仓里装满了煤。）
bunker	例句：The soldiers took shelter in the bunker.（士兵们在地堡里避难。）
bunker	例句：We need to secure the bunker to protect the fuel.（我们需要保护燃料库以确保安全。）
bureau	例句：He went to the bureau to file a complaint.（他去局里投诉。）
bureau	例句：The bureau of statistics releases data regularly.（统计局定期发布数据。）
bureau	例句：The tax bureau is located downtown.（税务局位于市中心。）
burger	例句：He likes burgers with cheese.（他喜欢有奶酪的汉堡包。）
burger	例句：She ate a burger for dinner.（她晚餐吃了一个汉堡包。）
burger	例句：This burger is too big.（这个汉堡包太大了。）
bus	例句：I take the bus to work every day.（我每天乘公共汽车去上班。）
bus	例句：The bus is crowded during rush hour.（高峰时段公共汽车很拥挤。）
bus	例句：There are many different routes for the bus.（公共汽车有很多不同的路线。）
business	例句：Business is booming this year.（今年生意兴隆。）
business	例句：He is in the business of selling cars.（他从事汽车销售生意。）
business	例句：She has a lot of business experience.（她有很多商业经验。）
but	例句：He is rich, but he is not happy.（他很富有，但是他不快乐。）
but	例句：I want to go, but I'm too tired.（我想去，但是我太累了。）
but	例句：She is smart, but sometimes careless.（她很聪明，但是有时粗心。）
bye	例句：Bye! Have a great trip.（再见！旅途愉快。）
bye	例句：She said bye and left.（她说再见然后离开了。）
bye	例句：“Bye for now,” he called out.（“现在先再见了。” 他喊道。）
bye-bye	例句：Bye-bye! See you tomorrow.（再见！明天见。）
bye-bye	例句：She blew a kiss and said bye-bye.（她飞了个吻然后说再见。）
bye-bye	例句：The child waved and said bye-bye.（孩子挥挥手说再见。）
cabaret	例句：She performed in a cabaret.（她在一家卡巴莱餐馆表演。）
cabaret	例句：The cabaret is very popular in this city.（卡巴莱在这个城市很受欢迎。）
cabaret	例句：We went to a cabaret last night.（我们昨晚去看了一场卡巴莱歌舞表演。）
cabinet	例句：She put the dishes in the cabinet.（她把盘子放在橱柜里。）
cabinet	例句：The cabinet met to discuss the issue.（内阁开会讨论这个问题。）
cabinet	例句：The museum has a beautiful cabinet of curiosities.（博物馆有一个漂亮的陈列柜。）
cache	例句：He found a cache of old books.（他发现了一批旧书的隐藏处。）
cache	例句：She cached food for the winter.（她为冬天贮藏了食物。）
cache	例句：The cache was well hidden.（贮藏处隐藏得很好。）
cachet	例句：His position in the company gives him a cachet of prestige.（他在公司的职位赋予他一种威望。）
cachet	例句：The award gives the product added cachet.（这个奖项给产品增添了额外的威望。）
cachet	例句：The brand has a certain cachet.（这个品牌有一定的声誉。）
cachet	例句：The designer brand has a certain cachet that attracts many consumers.（这个设计师品牌有一种独特的魅力，吸引了许多消费者。）
cachet	例句：The designer label has cachet among fashionistas.（这个设计师品牌在时尚达人中很有认可度。）
cachet	例句：The old-fashioned tea-house has a cachet of nostalgia.（这家老式茶馆有一种怀旧的韵味。）
cactus	例句：I bought a small cactus to put on my desk.（我买了一盆小仙人掌放在书桌上。）
cactus	例句：The cactus has sharp spines.（仙人掌有尖锐的刺。）
cactus	例句：The cactus is a desert plant.（仙人掌是一种沙漠植物。）
cadence	例句：She spoke with a certain cadence.（她说话带有一定的抑扬顿挫。）
cadence	例句：The cadence of his speech was very soothing.（他讲话的节奏非常舒缓。）
cadence	例句：The music has a beautiful cadence.（这首音乐有优美的韵律。）
cadet	例句：He is a cadet at the military academy.（他是军校的一名学员。）
cadet	例句：She admired the cadets in their uniforms.（她欣赏穿着制服的学员们。）
cadet	例句：The cadets are training hard.（学员们正在刻苦训练。）
cadre	例句：The cadre is responsible for leading the team.（干部负责领导团队。）
cadre	例句：The cadre team is highly efficient.（干部团队非常高效。）
cadre	例句：We need to train more cadres.（我们需要培养更多干部。）
cage	例句：He made a cage for his pet.（他为他的宠物做了一个笼子。）
cage	例句：The cage is too small for the animal.（这个笼子对动物来说太小了。）
cage	例句：The lion is in a cage.（狮子在笼子里。）
cake	例句：I ate a piece of cake.（我吃了一块蛋糕。）
cake	例句：She made a chocolate cake.（她做了一个巧克力蛋糕。）
cake	例句：The cake is very sweet.（这个蛋糕很甜。）
calibre	例句：She has the calibre to handle the job.（她有能力处理这份工作。）
calibre	例句：The book is of high calibre.（这本书水准很高。）
calibre	例句：The machine has a small calibre.（这台机器口径很小。）
calmer	例句：He tried to be calmer in difficult situations.（他在困难的情况下努力保持更平静。）
calmer	例句：She is a calmer person than her sister.（她比她姐姐更安静。）
calmer	例句：The sea is calmer today than yesterday.（今天的大海比昨天平静。）
came	例句：He came to my house yesterday.（他昨天来到了我家。）
came	例句：She came back from her vacation.（她度假回来了。）
came	例句：The train came on time.（火车准时到达。）
camouflage	例句：He camouflaged himself in the bushes.（他把自己隐藏在灌木丛中。）
camouflage	例句：The animal uses camouflage to hide from predators.（这种动物用伪装来躲避捕食者。）
camouflage	例句：The soldiers wore camouflage uniforms.（士兵们穿着迷彩服。）
camp	例句：He loves to camp in the mountains.（他喜欢在山里露营。）
camp	例句：They set up camp by the river.（他们在河边扎营。）
camp	例句：We went to a summer camp.（我们去了一个夏令营。）
camper	例句：The camper enjoyed the beautiful scenery.（露营者欣赏着美丽的风景。）
camper	例句：The campers set up their tents by the lake.（露营者在湖边搭起了帐篷。）
camper	例句：We saw several campers on the road.（我们在路上看到了几辆野营车。）
camping	例句：Camping is a popular outdoor activity.（露营是一种受欢迎的户外活动。）
camping	例句：She loves the simplicity of camping.（她喜欢露营的简单。）
camping	例句：They went camping in the mountains.（他们去山里露营。）
campus	例句：He is walking around the campus.（他在校园里散步。）
campus	例句：The campus is beautiful.（校园很漂亮。）
campus	例句：There are many buildings on the campus.（校园里有很多建筑物。）
canal	例句：The Panama Canal is an important waterway.（巴拿马运河是一条重要的水道。）
canal	例句：The water flows through the canal.（水通过运河流淌。）
canal	例句：They are building a new canal.（他们正在修建一条新运河。）
canard	例句：Don't believe the canards.（不要相信谣言。）
canard	例句：That story is just a canard.（那个故事只是个谣言。）
canard	例句：The canard spread quickly.（谣言迅速传播。）
cancer	例句：Cancer is a serious disease.（癌症是一种严重的疾病。）
cancer	例句：Early detection of cancer is important.（癌症的早期发现很重要。）
cancer	例句：He is battling cancer.（他正在与癌症作斗争。）
canon	例句：The church has its own canons.（教会有自己的教规。）
canon	例句：The literary canon includes many great works.（文学经典包括许多伟大的作品。）
canon	例句：They follow the canons of ethics.（他们遵循道德准则。）
canyon	例句：The Grand Canyon is a famous tourist attraction.（大峡谷是一个著名的旅游景点。）
canyon	例句：The canyon is deep and narrow.（这个峡谷又深又窄。）
canyon	例句：They explored the canyon on foot.（他们徒步探索了峡谷。）
cap	例句：He wore a baseball cap.（他戴着一顶棒球帽。）
cap	例句：Put the cap back on the pen.（把笔套盖回钢笔上。）
cap	例句：The bottle has a red cap.（这个瓶子有一个红色的盖子。）
capable	例句：He is capable of solving complex problems.（他有能力解决复杂问题。）
capable	例句：She is a capable leader.（她是一个有能力的领导。）
capable	例句：We need capable people to get the job done.（我们需要有能力的人来完成工作。）
cape	例句：She wore a beautiful cape.（她穿着一件漂亮的披肩。）
cape	例句：The superhero wore a cape.（超级英雄穿着一件斗篷。）
cape	例句：They stood on the cape and watched the sunset.（他们站在海角上看日落。）
capital	例句：Beijing is the capital of China.（北京是中国的首都。）
capital	例句：He has a lot of capital to invest.（他有很多资本可以投资。）
capital	例句：Write your name in capital letters.（用大写字母写下你的名字。）
caprice	例句：Caprice can lead to unpredictable behavior.（反复无常可能会导致不可预测的行为。）
caprice	例句：He acted on a caprice and regretted it later.（他凭一时冲动行事，后来后悔了。）
caprice	例句：Her decisions are often based on caprice.（她的决定常常基于任性。）
capsule	例句：He took a capsule of medicine.（他吃了一粒胶囊药。）
capsule	例句：The capsule contains a small amount of powder.（这个胶囊里装着少量粉末。）
capsule	例句：The space capsule returned to Earth.（太空舱返回了地球。）
capture	例句：The company captured a large share of the market.（这家公司夺得了很大的市场份额。）
capture	例句：The enemy was captured in the battle.（敌人在战斗中被俘虏。）
capture	例句：The hunter captured a wild animal.（猎人捕获了一只野生动物。）
car	例句：He drives a car to work.（他开车去上班。）
car	例句：She bought a new car.（她买了一辆新车。）
car	例句：The car is red.（这辆车是红色的。）
caramel	例句：Her hair is a beautiful caramel color.（她的头发是漂亮的焦糖色。）
caramel	例句：She loves caramel ice cream.（她喜欢焦糖冰淇淋。）
caramel	例句：The caramel sauce is delicious on pancakes.（焦糖酱涂在薄煎饼上很美味。）
cardinal	例句：The cardinal attended the ceremony.（红衣主教出席了仪式。）
cardinal	例句：There are seven cardinal virtues.（有七种主要美德。）
cardinal	例句：This is a cardinal rule.（这是一条主要规则。）
cargo	例句：The cargo was unloaded at the port.（货物在港口被卸下。）
cargo	例句：The ship is carrying a large cargo.（这艘船运载着大量货物。）
cargo	例句：The truck is transporting cargo.（卡车正在运输货物。）
carnage	例句：The battlefield was a scene of carnage.（战场是一片大屠杀的景象。）
carnage	例句：The carnage was unimaginable.（那场残杀难以想象。）
carnage	例句：The war brought carnage and destruction.（战争带来了大屠杀和破坏。）
carte	例句：He studied the carte to find a good dish.（他研究菜单以找到一道好菜。）
carte	例句：The tourist bought a carte of the city.（游客买了一张城市地图。）
carte	例句：The waiter handed us the carte.（服务员递给我们菜单。）
carton	例句：He carried a carton of books.（他提着一箱书。）
carton	例句：The carton is made of recycled material.（这个纸盒是由可回收材料制成的。）
carton	例句：The milk is packed in cartons.（牛奶装在纸盒里。）
cascade	例句：Cascading failures can have serious consequences.（串联故障可能会产生严重后果。）
cascade	例句：The cascade of water was beautiful.（小瀑布很美。）
cascade	例句：The events cascaded one after another.（事件一个接一个地发生。）
case	例句：The case presents some challenges.（这个情况带来了一些挑战。）
case	例句：This is a special case.（这是一个特殊情况。）
case	例句：We need to analyze each case carefully.（我们需要仔细分析每个案例。）
cash	例句：He paid in cash.（他用现金支付。）
cash	例句：I have some cash on me.（我身上有些现金。）
cash	例句：She cashed a check at the bank.（她在银行兑现了一张支票。）
casino	例句：He lost a lot of money at the casino.（他在赌场输了很多钱。）
casino	例句：The casino is full of excitement.（赌场充满了刺激。）
casino	例句：They went to the casino for a night of gambling.（他们去赌场度过了一个赌博之夜。）
casserole	例句：He bought a new casserole for the kitchen.（他为厨房买了一个新砂锅。）
casserole	例句：She made a delicious casserole for dinner.（她做了一个美味的砂锅菜当晚餐。）
casserole	例句：The casserole is perfect for cold winter days.（砂锅在寒冷的冬天很完美。）
cassette	例句：I bought a cassette of my favorite band.（我买了一盒我最喜欢的乐队的磁带。）
cassette	例句：She recorded her voice on a cassette.（她把自己的声音录在一盒磁带上。）
cassette	例句：The cassette player is broken.（盒式磁带播放器坏了。）
casting	例句：He is looking for a casting for his movie.（他正在为他的电影寻找演员。）
casting	例句：The casting of the statue is a masterpiece.（这座雕像的铸造是一件杰作。）
casting	例句：The casting process is complex.（铸造过程很复杂。）
castor	例句：Castor oil is used in medicine.（蓖麻油用于医药。）
castor	例句：He replaced the broken castor on the table.（他更换了桌子上坏了的小脚轮。）
castor	例句：The chair has castors for easy movement.（这把椅子有小脚轮，便于移动。）
catalogue	例句：He looked through the catalogue to find what he needed.（他查阅目录以找到他需要的东西。）
catalogue	例句：The catalogue is very detailed.（这个目录非常详细。）
catalogue	例句：They catalogue the artworks in the museum.（他们为博物馆的艺术品编目录。）
catastrophe	例句：A nuclear accident would be a global catastrophe.（核事故将是一场全球性的大灾难。）
catastrophe	例句：The earthquake was a terrible catastrophe.（这场地震是一场可怕的大灾难。）
catastrophe	例句：They were able to avoid a catastrophe.（他们能够避免一场大灾难。）
catch	例句：I caught the ball.（我接住了球。）
catch	例句：The police caught the thief.（警察抓住了小偷。）
catch	例句：We need to catch the train.（我们需要赶上火车。）
cause	例句：His mistake caused a lot of trouble.（他的错误引起了很多麻烦。）
cause	例句：Smoking can cause cancer.（吸烟会导致癌症。）
cause	例句：The heavy rain caused floods.（大雨引起了洪水。）
caution	例句：Caution is needed in handling this delicate matter.（处理这个微妙的问题需要谨慎。）
caution	例句：He gave her a caution about the danger.（他警告她有危险。）
caution	例句：We should exercise caution when driving.（我们开车时应该谨慎。）
cavalier	例句：He was cavalier about the rules.（他对规则漫不经心。）
cavalier	例句：Her attitude was cavalier.（她的态度很傲慢。）
cavalier	例句：The cavalier rode into battle.（骑士骑马冲入战场。）
cave	例句：The cave is dark and mysterious.（这个洞穴黑暗而神秘。）
cave	例句：There are many stalactites and stalagmites in the cave.（洞穴里有很多钟乳石和石笋。）
cave	例句：They explored the cave.（他们探索了这个洞穴。）
caviar	例句：Caviar is a luxury food.（鱼子酱是一种奢侈品。）
caviar	例句：She loves the taste of caviar.（她喜欢鱼子酱的味道。）
caviar	例句：They served caviar at the party.（他们在聚会上提供了鱼子酱。）
cellule	例句：He observed the cellule under the microscope.（他在显微镜下观察小细胞。）
cellule	例句：The cellule is very small.（这个小细胞很小。）
cellule	例句：The insect has many cellules.（这种昆虫有很多小室。）
censure	例句：His behavior was worthy of censure.（他的行为应该受到谴责。）
censure	例句：The committee censured him for his negligence.（委员会指责他的疏忽。）
censure	例句：The politician faced censure for his actions.（这位政治家因其行为面临指责。）
cent	例句：He has a few cents in his pocket.（他口袋里有几美分。）
cent	例句：The change is in cents.（零钱是美分。）
cent	例句：The price is two dollars and fifty cents.（价格是两美元五十美分。）
centime	例句：He had a few centimes in his pocket.（他口袋里有几生丁。）
centime	例句：The old coin is worth several centimes.（这枚旧硬币值几生丁。）
centime	例句：The price is ten centimes.（价格是十生丁。）
central	例句：The central issue needs to be addressed.（主要问题需要得到解决。）
central	例句：The central office is responsible for coordinating activities.（中央办公室负责协调活动。）
central	例句：The central part of the city is busy.（城市的中心部分很繁忙。）
centre	例句：The centre of the room is decorated with a beautiful chandelier.（房间的中央装饰着一盏漂亮的吊灯。）
centre	例句：The discussion centred around the issue of climate change.（讨论围绕着气候变化问题展开。）
centre	例句：The town centre is bustling with activity.（城镇中心充满了活力。）
cerise	例句：He bought a cerise shirt.（他买了一件樱桃色的衬衫。）
cerise	例句：She likes cerise color.（她喜欢樱桃色。）
cerise	例句：The scarf is cerise.（这条围巾是樱桃色的。）
certain	例句：I am certain he is telling the truth.（我确定他在说真话。）
certain	例句：It is certain that he will succeed.（他肯定会成功。）
certain	例句：We need to be certain before making a decision.（在做决定之前我们需要确定。）
certifier	例句：The certifier verified the authenticity of the document.（证明者核实了文件的真实性。）
certifier	例句：The certifier's stamp is required on the document.（文件上需要有认证者的盖章。）
certifier	例句：We need a trusted certifier for this product.（我们需要一个可信赖的认证者来认证这个产品。）
certitude	例句：Certitude gives us strength.（确定给我们力量。）
certitude	例句：He spoke with certitude.（他说话充满确定。）
certitude	例句：We need to have certitude in our beliefs.（我们需要对我们的信仰有确定。）
chagrin	例句：He felt chagrin at his failure.（他为自己的失败感到懊恼。）
chagrin	例句：Her actions chagrined him.（她的行为使他懊恼。）
chagrin	例句：To his chagrin, he realized he had made a mistake.（令他懊恼的是，他意识到自己犯了一个错误。）
chair	例句：He was appointed to the chair of history.（他被任命为历史教授职位。）
chair	例句：She sat on a chair and read a book.（她坐在椅子上看书。）
chair	例句：The chair of the meeting called for order.（会议主席要求保持秩序。）
chaise	例句：She lay on the chaise and read a book.（她躺在躺椅上看书。）
chaise	例句：The chaise is very comfortable.（这辆轻便马车 / 这张躺椅很舒服。）
chaise	例句：They rode in a chaise through the countryside.（他们坐着轻便马车穿过乡村。）
chalet	例句：She dreamed of owning a chalet by the lake.（她梦想在湖边拥有一间小木屋。）
chalet	例句：The chalet was cozy and charming.（小木屋舒适又迷人。）
chalet	例句：They rented a chalet in the mountains.（他们在山上租了一间小木屋。）
champ	例句：He is the champ of the tournament.（他是这次比赛的冠军。）
champ	例句：The champs were awarded medals.（冠军们被授予了奖牌。）
champ	例句：The horse was champing at the bit.（马急不可耐地咬着嚼子。）
champagne	例句：Champagne is often associated with luxury.（香槟酒常与奢华联系在一起。）
champagne	例句：She opened a bottle of champagne.（她打开了一瓶香槟酒。）
champagne	例句：They celebrated with champagne.（他们用香槟酒庆祝。）
champion	例句：He is a champion boxer.（他是一位拳击冠军。）
champion	例句：She champions the cause of environmental protection.（她支持环境保护事业。）
champion	例句：The team won the championship with their champion performance.（这个团队以他们出色的表现赢得了冠军。）
chance	例句：He took a chance and applied for the job.（他冒险一试，申请了这份工作。）
chance	例句：Is there any chance of winning?（有获胜的可能性吗？）
chance	例句：There is a chance of rain tomorrow.（明天有下雨的机会。）
change	例句：Change is inevitable.（变化是不可避免的。）
change	例句：There is a big change in his attitude.（他的态度有很大的变化。）
change	例句：We need to change our plans.（我们需要改变我们的计划。）
changer	例句：He is a changer who brings new ideas.（他是一个带来新想法的改变者。）
changer	例句：The changer of the times is always innovative.（时代的改变者总是创新的。）
changer	例句：We need more changers to make a difference.（我们需要更多的改变者来产生影响。）
chanson	例句：Chansons are popular in France.（香颂在法国很受欢迎。）
chanson	例句：Listen to this charming chanson.（听这首迷人的歌曲。）
chanson	例句：She sang a beautiful chanson.（她唱了一首美丽的歌曲。）
chant	例句：A chant can create a powerful atmosphere.（吟唱可以营造出强大的氛围。）
chant	例句：The crowd chanted slogans.（人群反复呼喊口号。）
chant	例句：The monks chanted prayers.（僧侣们吟唱祈祷文。）
chanter	例句：He played the chanter of the bagpipes.（他吹奏着风笛的笛管。）
chanter	例句：The chanter led the singing.（吟唱者带领着唱歌。）
chanter	例句：The chanter's voice was beautiful.（圣歌领唱者的声音很优美。）
chaos	例句：Chaos reigned in the city.（城市里一片混乱。）
chaos	例句：The room was in chaos after the party.（聚会后房间一片混乱。）
chaos	例句：The world seems to be in chaos.（世界似乎处于混乱之中。）
chaperon	例句：He chaperoned the students on the trip.（他在旅行中监护学生。）
chaperon	例句：She went to the party with a chaperon.（她和一个女伴一起去参加聚会。）
chaperon	例句：The school requires a chaperon for field trips.（学校要求实地考察有监护人陪同。）
char	例句：She charred the bread by leaving it in the oven too long.（她把面包放在烤箱里太久，把面包烧焦了。）
char	例句：The char from the fire was everywhere.（火的烧焦物到处都是。）
char	例句：The fire charred the wood.（火把木头烧焦了。）
charge	例句：He has a negative charge.（他带有负电荷。）
charge	例句：She was charged with theft.（她被指控犯有盗窃罪。）
charge	例句：There is a charge for parking here.（这里停车要收费。）
charger	例句：He left his charger at home.（他把充电器忘在家里了。）
charger	例句：I need to buy a new charger for my phone.（我需要为我的手机买一个新充电器。）
charger	例句：The charger is not working properly.（充电器不能正常工作。）
chariot	例句：The ancient warriors rode in chariots.（古代的战士乘坐二轮战车。）
chariot	例句：The chariot was pulled by horses.（轻便马车由马牵引。）
chariot	例句：They are restoring an ancient chariot.（他们正在修复一辆古代的二轮战车。）
charitable	例句：He is very charitable to the needy.（他对穷人很慈善。）
charitable	例句：She has a charitable heart.（她有一颗慈善的心。）
charitable	例句：The act was charitable.（这个行为是慈善的。）
charlatan	例句：Don't be fooled by charlatans.（不要被骗子欺骗。）
charlatan	例句：He is a charlatan who pretends to be an expert.（他是一个骗子，假装是专家。）
charlatan	例句：The charlatan sold fake medicine.（冒充内行者卖假药。）
charmer	例句：He has a way with words and is a charmer.（他善于言辞，是个有魅力的人。）
charmer	例句：She is a real charmer.（她真是个迷人的人。）
charmer	例句：The charmer won everyone's heart.（这个有魅力的人赢得了每个人的心。）
charnel	例句：He was horrified by the charnel.（他被藏骸所吓坏了。）
charnel	例句：The charnel house was a spooky place.（藏骸所是一个阴森恐怖的地方。）
charnel	例句：The charnel smell was overwhelming.（藏骸所的气味令人难以忍受。）
chaste	例句：His style is chaste and simple.（他的风格朴素而简单。）
chaste	例句：She is a chaste woman.（她是一个贞洁的女人。）
chaste	例句：The painting has a chaste beauty.（这幅画有一种纯洁的美。）
chat	例句：Let's have a chat.（我们聊聊天吧。）
chat	例句：They chatted for hours.（他们聊了几个小时。）
chat	例句：We like to chat after class about our hobbies.（我们喜欢课后聊爱好。）
chauffeur	例句：She travels in a chauffeur-driven car.（她乘坐一辆有司机驾驶的汽车。）
chauffeur	例句：The chauffeur picked them up at the airport.（司机在机场接他们。）
chauffeur	例句：The rich man has a chauffeur.（这个富人有一个司机。）
cheeseburger	例句：He makes the best cheeseburgers in town.（他做的芝士汉堡是城里最好的。）
cheeseburger	例句：I ordered a cheeseburger and fries.（我点了一个芝士汉堡和薯条。）
cheeseburger	例句：The cheeseburger is a popular fast food item.（芝士汉堡是一种很受欢迎的快餐食品。）
chef	例句：He is a famous chef.（他是一位著名的厨师。）
chef	例句：The chef prepared a delicious meal.（厨师准备了一顿美味的饭菜。）
chef	例句：The chef's skills are highly regarded.（这位厨师的技能备受推崇。）
chemise	例句：She wore a chemise under her dress.（她在连衣裙下面穿了一件女式宽松内衣。）
chemise	例句：The chemise was made of silk.（这件女式宽松内衣是丝绸做的。）
chemise	例句：The store sells beautiful chemises.（这家商店出售漂亮的女式宽松内衣。）
chenille	例句：She likes the soft texture of chenille.（她喜欢绳绒线的柔软质地。）
chenille	例句：The curtains are made of chenille fabric.（窗帘是用绳绒线织物制成的。）
chenille	例句：The sweater is made of chenille.（这件毛衣是用绳绒线织成的。）
chic	例句：Chic people always stand out.（时髦的人总是引人注目。）
chic	例句：She has a chic style.（她有时髦的风格。）
chic	例句：The restaurant is very chic.（这家餐馆很优雅。）
chiffon	例句：She wore a beautiful chiffon dress.（她穿了一件漂亮的雪纺绸连衣裙。）
chiffon	例句：The chiffon scarf was light and airy.（这条雪纺绸围巾又轻又透气。）
chiffon	例句：The curtains were made of chiffon.（窗帘是用雪纺绸做的。）
chip	例句：He put a chip on the table.（他把一个筹码放在桌子上。）
chip	例句：The computer has a powerful chip.（这台电脑有一个强大的芯片。）
chip	例句：There was a chip in the glass.（玻璃上有一个碎片。）
chips	例句：He played poker with chips.（他用筹码玩扑克。）
chips	例句：The new computer has advanced chips.（这台新电脑有先进的芯片。）
chips	例句：There were chips of wood everywhere.（到处都是木片。）
chorale	例句：The chorale is often sung in churches.（赞美诗经常在教堂里演唱。）
chorale	例句：The chorale was very moving.（这首赞美诗非常动人。）
chorale	例句：They performed a chorale at the concert.（他们在音乐会上表演了一首合唱曲。）
chose	例句：He chose the blue shirt.（他选择了蓝色的衬衫。）
chose	例句：She chose a different path.（她选择了一条不同的路。）
chose	例句：They chose to go by train.（他们选择坐火车去。）
chute	例句：The package went down the chute.（包裹顺着斜槽滑下去了。）
chute	例句：The parachutist opened his chute.（跳伞者打开了降落伞。）
chute	例句：They slid down the chute.（他们顺着滑道滑下去。）
cigarette	例句：He lit a cigarette.（他点燃了一支香烟。）
cigarette	例句：She is trying to quit smoking cigarettes.（她正在努力戒烟。）
cigarette	例句：The pack of cigarettes is empty.（这包香烟空了。）
circuit	例句：The circuit is broken.（电路断了。）
circuit	例句：The electric current flows through the circuit.（电流通过电路。）
circuit	例句：The technician is testing the circuit.（技术员正在测试电路。）
circulation	例句：The book has a large circulation.（这本书发行量很大。）
circulation	例句：The circulation of blood is essential for life.（血液循环对生命至关重要。）
circulation	例句：The circulation of money in the economy is important.（货币在经济中的流通很重要。）
citation	例句：He received a citation for his bravery.（他因勇敢而获得了一张奖状。）
citation	例句：The judge issued a citation to the witness.（法官向证人发出了传票。）
citation	例句：The research paper contains many citations.（这篇研究论文包含很多引用。）
civil	例句：Civil rights are essential for a democratic society.（公民权利对民主社会至关重要。）
civil	例句：He works in the civil service.（他在文职部门工作。）
civil	例句：The civil aviation industry is developing rapidly.（民用航空业发展迅速。）
civilisation	例句：Ancient civilisations left us many valuable legacies.（古代文明给我们留下了许多宝贵的遗产。）
civilisation	例句：The development of civilisation is a long process.（文明的发展是一个漫长的过程。）
civilisation	例句：We should cherish and protect our civilisation.（我们应该珍惜和保护我们的文明。）
clan	例句：Members of the clan gather for important events.（宗族成员为重要事件聚集在一起。）
clan	例句：The clan has a long history and strong traditions.（这个宗族有悠久的历史和强大的传统。）
clan	例句：The clan leader has great influence.（宗族首领有很大的影响力。）
clause	例句：Clauses can modify or clarify the meaning of a statement.（条款可以修饰或阐明一个陈述的含义。）
clause	例句：The contract contains several important clauses.（合同包含几个重要条款。）
clause	例句：The sentence has a relative clause.（这个句子有一个关系从句。）
client	例句：He is a lawyer representing a client.（他是一名代表客户的律师。）
client	例句：The client is satisfied with the service.（客户对服务很满意。）
client	例句：The company has many clients.（这家公司有很多客户。）
clip	例句：He clipped the hedge to make it look neat.（他修剪树篱使其看起来整洁。）
clip	例句：She used a clip to hold her papers together.（她用一个夹子把她的文件夹在一起。）
clip	例句：The clip is very useful for organizing things.（夹子对于整理东西很有用。）
clique	例句：Cliques can be exclusive.（小团体可能是排外的。）
clique	例句：She didn't want to be part of a clique.（她不想成为一个小团体的一部分。）
clique	例句：There are cliques in the school.（学校里有小团体。）
clone	例句：He tried to clone the software.（他试图复制这个软件。）
clone	例句：Scientists have cloned a sheep.（科学家克隆了一只羊。）
clone	例句：This is a clone of the original painting.（这是原画的复制品。）
club	例句：He clubbed the animal to death.（他用棍棒把动物打死了。）
club	例句：He joined a sports club.（他加入了一个体育俱乐部。）
club	例句：The club is very active.（这个俱乐部非常活跃。）
coach	例句：He coaches the basketball team.（他训练篮球队。）
coach	例句：The coach is motivating the team.（教练在激励球队。）
coach	例句：We took a coach to travel.（我们坐长途客车去旅行。）
cobra	例句：Cobras are venomous snakes.（眼镜蛇是有毒的蛇。）
cobra	例句：She is afraid of cobras.（她害怕眼镜蛇。）
cobra	例句：The cobra raised its head.（眼镜蛇抬起了头。）
coca	例句：Coca leaves are used in some traditional medicines.（古柯叶在一些传统医学中被使用。）
coca	例句：How is coca related to cocaine?（古柯与可卡因有什么关系？）
coca	例句：What are the properties of coca?（古柯有哪些特性？）
cocktail	例句：He ordered a cocktail at the bar.（他在酒吧点了一杯鸡尾酒。）
cocktail	例句：She sipped on a colorful cocktail.（她小口喝着一杯色彩斑斓的鸡尾酒。）
cocktail	例句：The cocktail is made with various liquors.（这款鸡尾酒是用各种酒调制而成的。）
code	例句：He is writing code for a software program.（他正在为一个软件程序编写代码。）
code	例句：She is trying to decipher the code.（她正在试图破译密码。）
code	例句：The code of ethics governs professional behavior.（道德准则规范着职业行为。）
coder	例句：Coders play an important role in the digital age.（编码员在数字时代扮演着重要角色。）
coder	例句：She is a skilled coder.（她是一个熟练的编码员。）
coder	例句：The coder is working on a new software project.（编码员正在从事一个新的软件项目。）
cognac	例句：Cognac is a popular drink among connoisseurs.（干邑白兰地是鉴赏家们喜爱的饮品。）
cognac	例句：He sipped a glass of cognac.（他抿了一口干邑白兰地。）
cognac	例句：The bottle of cognac was expensive.（那瓶干邑白兰地很贵。）
coiffure	例句：He is admiring her coiffure.（他在欣赏她的发型。）
coiffure	例句：Her coiffure was elegant.（她的发型很优雅。）
coiffure	例句：The bride's coiffure was stunning.（新娘的发型令人惊艳。）
coin	例句：He collected old coins.（他收集旧硬币。）
coin	例句：The government coins money.（政府铸造货币。）
coin	例句：The machine accepts coins.（这台机器接受硬币。）
coke	例句：Coke is a highly addictive drug.（可卡因是一种极易上瘾的毒品。）
coke	例句：He drank a can of coke.（他喝了一罐可口可乐。）
coke	例句：The steel mill uses coke as fuel.（钢铁厂用焦炭作燃料。）
col	例句：The col is a difficult place to pass.（山口是一个很难通过的地方。）
col	例句：They crossed the col between the two mountains.（他们穿过了两座山之间的山口。）
col	例句：We reached the col after a long climb.（经过长时间的攀登，我们到达了山口。）
collaboration	例句：His collaboration with the enemy was discovered.（他与敌人的通敌行为被发现了。）
collaboration	例句：The collaboration between the two companies was successful.（这两家公司的合作很成功。）
collaboration	例句：They are working on a collaboration project.（他们正在进行一个合作项目。）
collection	例句：His collection of stamps is impressive.（他的邮票收藏品令人印象深刻。）
collection	例句：She is making a collection for charity.（她正在为慈善事业募捐。）
collection	例句：The tax collection is an important task.（税收征收是一项重要任务。）
collier	例句：He bought coal from a collier.（他从一个煤商那里买了煤。）
collier	例句：The collier brought coal to the city.（运煤船把煤运到了城市。）
collier	例句：The collier works hard underground.（煤矿工人在地下辛勤工作。）
collision	例句：The collision of ideas led to a new solution.（思想的碰撞带来了新的解决方案。）
collision	例句：There was a collision between two cars.（两辆车发生了碰撞。）
collision	例句：We need to avoid collisions.（我们需要避免碰撞。）
colon	例句：A colon is often used in writing to indicate a pause.（冒号在写作中经常用来表示停顿。）
colon	例句：The doctor examined his colon.（医生检查了他的结肠。）
colon	例句：Use a colon to introduce a list.（用冒号引出一个列表。）
colonel	例句：He is a brave colonel.（他是一位勇敢的上校。）
colonel	例句：The colonel gave orders to his troops.（上校向他的部队下达命令。）
colonel	例句：The colonel inspected the barracks.（上校视察了营房。）
colonial	例句：Colonial rule had a lasting effect on the colonies.（殖民统治对殖民地有持久的影响。）
colonial	例句：He is interested in colonial history.（他对殖民历史感兴趣。）
colonial	例句：The colonial architecture is still visible in some cities.（在一些城市中仍然可以看到殖民时期的建筑。）
coma	例句：Coma can be caused by various factors.（昏迷可以由多种因素引起。）
coma	例句：He fell into a coma after the accident.（他在事故后陷入了昏迷。）
coma	例句：The doctors are trying to bring him out of coma.（医生们正在努力让他从昏迷中苏醒过来。）
combat	例句：He combated injustice.（他反对不公正。）
combat	例句：The combat lasted for hours.（战斗持续了几个小时。）
combat	例句：They engaged in combat with the enemy.（他们与敌人进行战斗。）
combine	例句：The two companies combined to form a new entity.（这两家公司合并成了一个新的实体。）
combine	例句：They combined their efforts to finish the project.（他们结合他们的努力来完成这个项目。）
combine	例句：Water and oil do not combine easily.（水和油不容易结合。）
combustion	例句：Combustion of fossil fuels releases pollutants.（化石燃料的燃烧释放污染物。）
combustion	例句：The process of combustion is complex.（燃烧的过程很复杂。）
combustion	例句：We need to study combustion for energy production.（我们需要研究燃烧以用于能源生产。）
commandant	例句：He is the commandant of the military academy.（他是军校校长。）
commandant	例句：The commandant gave orders to the troops.（指挥官向部队下达命令。）
commandant	例句：The commandant inspected the troops.（司令官检阅了部队。）
commander	例句：He is a respected commander.（他是一位受人尊敬的指挥官。）
commander	例句：The commander gave orders to his troops.（指挥官向他的部队下达命令。）
commander	例句：The commander is responsible for the safety of his soldiers.（指挥官对他的士兵的安全负责。）
commando	例句：He is trained as a commando.（他接受过突击队员的训练。）
commando	例句：The commando operation was successful.（突击行动成功了。）
commando	例句：The commandos carried out a daring mission.（突击队员执行了一项大胆的任务。）
commencement	例句：Commencement is a significant event.（毕业典礼是一个重要的事件。）
commencement	例句：She attended her commencement ceremony.（她参加了她的毕业典礼。）
commencement	例句：The commencement of the project was delayed.（这个项目的开始被推迟了。）
comment	例句：He commented on the new movie.（他评论了这部新电影。）
comment	例句：She made a comment about the situation.（她对这种情况发表了意见。）
comment	例句：The comments on the article were very interesting.（对这篇文章的评论很有趣。）
commenter	例句：She is a frequent commenter on this blog.（她是这个博客的常客评论者。）
commenter	例句：The commenter left an insightful remark.（评论者留下了一条有见地的评论。）
commenter	例句：The commenter's opinion was valuable.（评论者的意见很有价值。）
commerce	例句：Commerce between the two countries is growing.（两国之间的贸易在增长。）
commerce	例句：Commerce plays an important role in the economy.（商业在经济中扮演重要角色。）
commerce	例句：He is studying commerce at university.（他在大学学习商业。）
commercial	例句：The movie is too commercial.（这部电影太商业化了。）
commercial	例句：They are engaged in commercial activities.（他们从事商业活动。）
commercial	例句：This is a commercial building.（这是一座商业建筑。）
commissariat	例句：The commissariat ensures the smooth supply of provisions.（军需部门确保物资的顺利供应。）
commissariat	例句：The commissariat is responsible for providing food to the troops.（军需部门负责为部队提供食物。）
commissariat	例句：The work of the commissariat is essential for military operations.（军需部门的工作对军事行动至关重要。）
commission	例句：He earns a commission on every sale.（他每销售一件商品就赚取一笔佣金。）
commission	例句：She received a commission to paint a portrait.（她接受了一项委托，要画一幅肖像画。）
commission	例句：The commission is responsible for investigating the matter.（这个委员会负责调查这件事。）
commode	例句：Modern commodes are more comfortable and hygienic.（现代马桶更加舒适和卫生。）
commode	例句：The old house still had a commode in the bedroom.（这座老房子的卧室里仍然有一个便桶。）
commode	例句：We need to choose a commode that suits our needs.（我们需要选择一个适合我们需求的马桶。）
commotion	例句：The country is in commotion.（这个国家处于动乱之中。）
commotion	例句：The news caused a commotion.（这个消息引起了一阵骚动。）
commotion	例句：There was a commotion in the crowd.（人群中一阵骚动。）
commune	例句：She communed with nature.（她与大自然融为一体。）
commune	例句：The commune was a social experiment.（公社是一个社会实验。）
commune	例句：They live in a commune.（他们生活在一个公社里。）
communication	例句：Communication skills are important in the workplace.（在工作场所，沟通技巧很重要。）
communication	例句：Good communication is essential in a relationship.（良好的交流在关系中至关重要。）
communication	例句：They use email for communication.（他们使用电子邮件进行交流。）
communion	例句：Communion of ideas is important in a team.（思想的共享在团队中很重要。）
communion	例句：The church holds a communion service every Sunday.（教堂每个星期天举行圣餐仪式。）
communion	例句：They have a deep communion with nature.（他们与大自然有深刻的交流。）
compassion	例句：Compassion is an important virtue.（同情是一种重要的美德。）
compassion	例句：His compassion led him to help others.（他的同情心促使他去帮助别人。）
compassion	例句：She showed great compassion for the needy.（她对穷人表现出极大的同情。）
compatible	例句：Compatible personalities can make for good friendships.（能共处的性格可以成就良好的友谊。）
compatible	例句：The new software is compatible with our system.（新软件与我们的系统兼容。）
compatible	例句：We need to find compatible partners.（我们需要找到兼容的合作伙伴。）
compensation	例句：He received compensation for his injury.（他因受伤而获得赔偿。）
compensation	例句：The company provided compensation to the employees.（公司向员工提供了补偿。）
compensation	例句：What is the appropriate compensation for this loss?（这种损失的适当补偿是什么？）
complication	例句：He was worried about the possible complications.（他担心可能出现的并发症。）
complication	例句：The project faced many complications.（这个项目面临许多复杂情况。）
complication	例句：The surgery had some complications.（这个手术有一些并发症。）
complice	例句：He was accused of being a complice in the crime.（他被指控为这起犯罪的同谋。）
complice	例句：She didn't want to be a complice.（她不想成为帮凶。）
complice	例句：The complice was arrested along with the criminal.（帮凶和罪犯一起被逮捕了。）
compliment	例句：He complimented her on her beauty.（他恭维她的美丽。）
compliment	例句：He gave her a compliment on her dress.（他赞美了她的衣服。）
compliment	例句：She received many compliments on her performance.（她的表演得到了很多赞美。）
composer	例句：A good composer needs to have a deep understanding of music theory and emotions.（一位优秀的作曲家需要对音乐理论和情感有深刻的理解。）
composer	例句：Beethoven is one of the most famous composers in the history of music.（贝多芬是音乐史上最著名的作曲家之一。）
composer	例句：The young composer created a beautiful piece of music inspired by nature.（这位年轻的作曲家受大自然启发创作了一首优美的乐曲。）
composition	例句：She is writing a composition about her dream vacation.（她正在写一篇关于她梦想假期的作文。）
composition	例句：The artist is known for his unique composition in paintings.（这位艺术家以其独特的绘画构图而闻名。）
composition	例句：The composition of the soil affects plant growth.（土壤的成分影响植物生长。）
con	例句：He presented several cons to the proposal.（他对这个提议提出了几个反对理由。）
con	例句：I am not convinced by your con argument.（我不被你的反对论点说服。）
con	例句：She cons the idea.（她反对这个想法。）
concentration	例句：He has a high level of concentration.（他有很高的注意力水平。）
concentration	例句：The concentration of the students was impressive.（学生们的全神贯注令人印象深刻。）
concentration	例句：We need to improve our concentration.（我们需要提高我们的注意力。）
concept	例句：He presented a new concept in his speech.（他在演讲中提出了一个新的概念。）
concept	例句：The concept of time is complex.（时间的概念很复杂。）
concept	例句：Understanding this concept is crucial.（理解这个概念是至关重要的。）
conception	例句：His conception of the project was unique.（他对这个项目的构想是独特的。）
conception	例句：The artist had a new conception for his painting.（这位艺术家对他的画有了一个新的构想。）
conception	例句：The conception of democracy varies from country to country.（民主的概念因国家而异。）
concert	例句：He is looking forward to the concert.（他期待着这场音乐会。）
concert	例句：The concert was very successful.（这场音乐会非常成功。）
concert	例句：We went to a concert last night.（我们昨晚去了一场音乐会。）
concession	例句：He made a concession in the argument.（他在争论中做出了让步。）
concession	例句：The government granted a concession for the construction of the new airport.（政府批准了建造新机场的特许。）
concession	例句：The two sides reached a concession after long negotiations.（双方经过长时间的谈判达成了一项让步。）
concierge	例句：A good concierge can make your stay more enjoyable.（一个好的礼宾员能让你的住宿更加愉快。）
concierge	例句：She asked the concierge for directions.（她向礼宾员问路。）
concierge	例句：The concierge at the hotel was very helpful.（酒店的礼宾员非常乐于助人。）
conclusion	例句：He reached a conclusion after careful consideration.（他经过仔细考虑得出了一个结论。）
conclusion	例句：The conclusion of the experiment is important.（这个实验的结论很重要。）
conclusion	例句：The conclusion of the story is unexpected.（这个故事的结尾出乎意料。）
concurrence	例句：The concurrence of events was unexpected.（这些事件的同时发生是出乎意料的。）
concurrence	例句：There was concurrence among the members.（成员们意见一致。）
concurrence	例句：We need concurrence on this matter.（我们在这件事情上需要一致同意。）
concurrent	例句：The concurrent sessions at the conference were very informative.（会议上的同时进行的会议非常有信息量。）
concurrent	例句：The two projects are concurrent.（这两个项目是同时进行的。）
concurrent	例句：There were concurrent problems in different departments.（不同部门同时存在问题。）
condition	例句：He conditioned himself for the marathon.（他为马拉松比赛使自己处于良好状态。）
condition	例句：The car is in excellent condition.（这辆汽车状况极佳。）
condition	例句：Under certain conditions, the reaction will occur.（在特定条件下，反应会发生。）
conduit	例句：Conduits are used to protect and route wires.（导管用于保护和引导电线。）
conduit	例句：The conduit carries electricity cables.（管道里装有电缆。）
conduit	例句：We need to install conduits properly for safety.（为了安全起见，我们需要正确安装导管。）
confession	例句：His confession surprised everyone.（他的供认让每个人都很惊讶。）
confession	例句：She made a confession to the priest.（她向牧师忏悔。）
confession	例句：The confession of love was very romantic.（爱的表白很浪漫。）
confidence	例句：Confidence is key to success.（信心是成功的关键。）
confidence	例句：He has confidence in his own abilities.（他对自己的能力有信心。）
confidence	例句：She shared her confidence with her friend.（她向她的朋友透露了她的秘密。）
confirmation	例句：He needs confirmation of his appointment.（他需要对他的任命进行确认。）
confirmation	例句：The confirmation came by email.（确认通过电子邮件传来。）
confirmation	例句：We are waiting for confirmation of the order.（我们正在等待订单的确认。）
confrontation	例句：The confrontation between the two groups was intense.（两个团体之间的对抗很激烈。）
confrontation	例句：The confrontation led to a resolution.（这次对抗导致了一个解决方案。）
confrontation	例句：We should avoid confrontation if possible.（如果可能的话，我们应该避免冲突。）
confusion	例句：His statement caused confusion.（他的陈述引起了混淆。）
confusion	例句：The room was in confusion after the party.（聚会后房间一片混乱。）
confusion	例句：There is a lot of confusion about the new rules.（对于新规则有很多困惑。）
conjugal	例句：She is worried about her conjugal future.（她担心自己的婚姻未来。）
conjugal	例句：The conjugal rights should be respected.（夫妻权利应该得到尊重。）
conjugal	例句：They have a strong conjugal bond.（他们有牢固的夫妻关系。）
conjurer	例句：She watched the conjurer's show with fascination.（她着迷地观看魔术师的表演。）
conjurer	例句：The conjurer amazed the crowd with his tricks.（魔术师用他的魔术让人群惊叹。）
conjurer	例句：The conjurer's skills are impressive.（魔术师的技巧令人印象深刻。）
connecter	例句：Connecters are used to join different parts.（连接器用于连接不同的部分。）
connecter	例句：He is looking for the right connecter.（他正在寻找合适的连接器。）
connecter	例句：The connecter is broken and needs to be replaced.（连接器坏了，需要更换。）
connexion	例句：The connexion between the different parts of the machine is important.（机器不同部分之间的连接很重要。）
connexion	例句：There is a connexion between the two ideas.（这两个想法之间有联系。）
connexion	例句：We need to establish a connexion with the outside world.（我们需要与外界建立联系。）
conscience	例句：A clear conscience is a soft pillow.（问心无愧，高枕无忧。）
conscience	例句：His conscience troubled him.（他的良心使他不安。）
conscience	例句：She listened to her conscience and did the right thing.（她听从自己的良心，做了正确的事。）
conservatoire	例句：He is a graduate of the conservatoire.（他是这所音乐学院的毕业生。）
conservatoire	例句：She studied at a conservatoire.（她在一所音乐学院学习。）
conservatoire	例句：The conservatoire offers excellent music education.（这所音乐学院提供优秀的音乐教育。）
conserve	例句：Conserve energy by turning off lights when not in use.（通过在不使用时关灯来节约能源。）
conserve	例句：The museum aims to conserve historical artifacts.（博物馆旨在保存历史文物。）
conserve	例句：We should conserve natural resources.（我们应该保护自然资源。）
consigner	例句：He is the consigner of the package.（他是这个包裹的发货人。）
consigner	例句：The consigner is responsible for packaging the goods properly.（发货人负责正确包装货物。）
consigner	例句：The consigner shipped the goods.（发货人运送了货物。）
consolation	例句：He found consolation in his work.（他在工作中找到了安慰。）
consolation	例句：Her words were a great consolation.（她的话是极大的安慰。）
consolation	例句：They offered consolation to the family.（他们向这个家庭表示慰问。）
console	例句：He tried to console himself with music.（他试图用音乐来安慰自己。）
console	例句：She consoled her friend in distress.（她安慰处于困境中的朋友。）
console	例句：They consoled each other after the loss.（他们在损失后互相安慰。）
constant	例句：Constant effort is needed for improvement.（不断的努力是改进所需要的。）
constant	例句：He has a constant headache.（他经常头痛。）
constant	例句：The speed is constant.（速度是恒定的。）
constitution	例句：The constitution guarantees certain rights.（宪法保障某些权利。）
constitution	例句：The country has a new constitution.（这个国家有一部新宪法。）
constitution	例句：They are discussing changes to the constitution.（他们正在讨论对宪法的修改。）
construction	例句：The construction industry is booming.（建筑业正在蓬勃发展。）
construction	例句：The construction of the new airport is underway.（新机场的建设正在进行中。）
construction	例句：We need more investment in construction.（我们需要在建设方面投入更多资金。）
consul	例句：He met with the consul to discuss his case.（他与领事会面讨论他的情况。）
consul	例句：The consul issued a visa.（领事签发了签证。）
consul	例句：The consul represents his country abroad.（领事在国外代表他的国家。）
consultation	例句：A medical consultation is necessary for this case.（这种情况需要进行医疗会诊。）
consultation	例句：The consultation process took a long time.（咨询过程花了很长时间。）
consultation	例句：We had a consultation with the expert.（我们与专家进行了一次咨询。）
consumer	例句：Consumer rights need to be protected.（消费者权益需要得到保护。）
consumer	例句：He is a careful consumer who compares prices before buying.（他是一个谨慎的消费者，在购买前会比较价格。）
consumer	例句：The consumer is king in the market.（在市场上，消费者是上帝。）
contact	例句：I had no contact with him for years.（我已经多年没有和他联系了。）
contact	例句：Make contact with the supplier.（与供应商联系。）
contact	例句：You can contact me by email.（你可以通过电子邮件联系我。）
container	例句：He filled the container with water.（他把容器装满了水。）
container	例句：The container is made of plastic.（这个容器是塑料做的。）
container	例句：The container ship is carrying a large number of containers.（集装箱船载着大量的集装箱。）
contamination	例句：Contamination can occur in many ways.（污染可以以很多方式发生。）
contamination	例句：There is a risk of contamination.（有污染的风险。）
contamination	例句：They are trying to prevent contamination.（他们正在努力防止污染。）
content	例句：Check the contents page to find what you're looking for.（查看目录页以找到你要找的内容。）
content	例句：He is content with his life.（他对自己的生活感到满足。）
content	例句：The book has interesting content.（这本书有有趣的内容。）
continent	例句：He traveled to different continents.（他去了不同的大陆。）
continent	例句：The continent is vast and diverse.（大陆广阔而多样。）
continent	例句：There are seven continents on earth.（地球上有七大洲。）
contraction	例句：She felt a contraction during labor.（她在分娩时感到一阵宫缩。）
contraction	例句：The contraction of muscles causes movement.（肌肉的收缩引起运动。）
contraction	例句：“Can't” is a contraction of “cannot”.（“can't” 是 “cannot” 的缩略词。）
contravention	例句：Contravention of the rules can lead to penalties.（违反规则可能会导致处罚。）
contravention	例句：His actions are in contravention of the law.（他的行为违反了法律。）
contravention	例句：There is a contravention of ethics in this case.（在这种情况下存在违反道德的行为。）
contribution	例句：Everyone should make a contribution to protecting the environment.（每个人都应该为保护环境做出贡献。）
contribution	例句：His contribution to the charity was generous.（他对慈善事业的捐献很慷慨。）
contribution	例句：This research makes an important contribution to the field.（这项研究对该领域做出了重要贡献。）
contusion	例句：He suffered a contusion on his leg.（他的腿上有一处挫伤。）
contusion	例句：The accident caused several contusions.（这次事故造成了几处挫伤。）
contusion	例句：The doctor diagnosed a contusion on her arm.（医生诊断她的手臂有挫伤。）
convention	例句：It is a convention to shake hands when meeting.（见面时握手是一种惯例。）
convention	例句：The convention was held in a big hotel.（大会在一家大饭店举行。）
convention	例句：They broke the convention and did something different.（他们打破惯例，做了一些不同的事情。）
conversation	例句：Good conversation skills are important in social situations.（在社交场合中，良好的谈话技巧很重要。）
conversation	例句：The conversation turned to politics.（谈话转向了政治。）
conversation	例句：We had a pleasant conversation.（我们进行了一次愉快的谈话。）
conviction	例句：He was found guilty with a strong conviction.（他被定罪，证据确凿。）
conviction	例句：His conviction inspired others.（他的坚定信仰激励了其他人。）
conviction	例句：She has a deep conviction in her beliefs.（她对自己的信仰有坚定的信念。）
cookie	例句：Cookies are a popular treat.（饼干是一种受欢迎的零食。）
cookie	例句：She baked delicious cookies.（她烤了美味的饼干。）
cookie	例句：We need to store cookies in an airtight container.（我们需要把饼干存放在密封容器中。）
cool	例句：He remained cool in a crisis.（他在危机中保持冷静。）
cool	例句：That's a cool idea.（那是个很棒的主意。）
cool	例句：The weather is cool today.（今天天气很凉爽。）
copier	例句：She is a fast copier.（她是一个快速的复制者。）
copier	例句：The copier is out of order.（复印机坏了。）
copier	例句：We need to buy a new copier.（我们需要买一台新复印机。）
cordon	例句：The area was cordoned off for safety reasons.（出于安全原因，该区域被封锁了。）
cordon	例句：The police set up a cordon around the crime scene.（警察在犯罪现场周围设置了警戒线。）
cordon	例句：The protesters were kept behind the cordon.（抗议者被挡在警戒线后面。）
corps	例句：A corps of volunteers cleaned up the park.（一群志愿者清理了公园。）
corps	例句：The Marine Corps is a branch of the military.（海军陆战队是军队的一个分支。）
corps	例句：The medical corps provides assistance in disasters.（医疗队在灾难中提供援助。）
correct	例句：It is correct to say so.（这样说是恰当的。）
correct	例句：Please correct your mistakes.（请改正你的错误。）
correct	例句：Your answer is correct.（你的答案是正确的。）
correction	例句：The teacher made some corrections on my paper.（老师在我的论文上做了一些修改。）
correction	例句：There are a few corrections to be made.（有一些地方需要改正。）
correction	例句：We need to make corrections to the plan.（我们需要对计划进行修正。）
corruption	例句：Corruption can lead to economic instability.（腐败可能导致经济不稳定。）
corruption	例句：Corruption is a major problem in many countries.（腐败是许多国家的一个主要问题。）
corruption	例句：We need to fight against corruption.（我们需要打击腐败。）
cortex	例句：The adrenal cortex produces hormones.（肾上腺皮质产生激素。）
cortex	例句：The cortex of the brain is responsible for many functions.（大脑皮层负责许多功能。）
cortex	例句：The tree's cortex is damaged.（树的树皮受损。）
cosmos	例句：Cosmos implies a sense of order and harmony.（宇宙意味着一种秩序和和谐感。）
cosmos	例句：He is fascinated by the beauty and mystery of the cosmos.（他被宇宙的美丽和神秘所吸引。）
cosmos	例句：The cosmos is filled with wonders.（宇宙充满了奇迹。）
costume	例句：He designed the costumes for the play.（他为这部戏设计了服装。）
costume	例句：She wore a beautiful costume to the party.（她穿着漂亮的服装去参加聚会。）
costume	例句：The actors are in colorful costumes.（演员们穿着五颜六色的戏装。）
coup	例句：He was involved in a failed coup attempt.（他参与了一次失败的政变企图。）
coup	例句：The country was shaken by a coup.（这个国家被一场政变震动。）
coup	例句：The military coup led to a change in leadership.（军事政变导致了领导权的变更。）
coupe	例句：He drives a sporty coupe.（他开着一辆运动型双门小轿车。）
coupe	例句：She poured champagne into a coupe.（她把香槟倒进高脚玻璃杯里。）
coupe	例句：The coupe is sleek and stylish.（这辆双门小轿车时尚又漂亮。）
couple	例句：A couple of friends came over for dinner.（几个朋友过来吃晚饭。）
couple	例句：The two wires are coupled together.（这两根电线连接在一起。）
couple	例句：They are a happy couple.（他们是一对幸福的夫妻。）
courage	例句：Courage is not the absence of fear, but the ability to act in spite of it.（勇气不是没有恐惧，而是尽管有恐惧仍能采取行动。）
courage	例句：It takes courage to face your fears.（面对恐惧需要勇气。）
courage	例句：She had the courage to speak up.（她有勇气大声说出来。）
course	例句：I am taking a math course.（我正在上一门数学课。）
course	例句：The river courses through the valley.（河流穿过山谷。）
course	例句：The ship is on its course.（船在航线上。）
court	例句：He is a judge in a court.（他是一名法院的法官。）
court	例句：The case will be heard in court.（这个案子将在法庭上审理。）
court	例句：They are playing basketball on the court.（他们正在球场上打篮球。）
courtier	例句：He played the role of a courtier in the historical drama.（他在历史剧中扮演一个廷臣。）
courtier	例句：The courtier flattered the king.（廷臣奉承国王。）
courtier	例句：The courtiers gathered around the throne.（朝臣们聚集在王座周围。）
cousin	例句：Cousins can be great friends and support each other.（表兄弟姐妹可以成为好朋友并相互支持。）
cousin	例句：I have many cousins on my mother's side.（我在我母亲那边有很多表兄弟姐妹。）
cousin	例句：My cousin is coming to visit me this weekend.（我表哥 / 表妹这周末要来看我。）
couture	例句：Couture fashion shows are highly anticipated events.（高级时装秀是备受期待的活动。）
couture	例句：She wears only couture dresses.（她只穿高级时装。）
couture	例句：We can admire the artistry of couture.（我们可以欣赏高级时装的艺术性。）
couturier	例句：She is a famous couturier.（她是一位著名的女时装设计师。）
couturier	例句：The couturier designed a beautiful dress.（女时装设计师设计了一件漂亮的连衣裙。）
couturier	例句：The couturier's creations are highly sought after.（女时装设计师的作品备受追捧。）
coyote	例句：Coyotes are common in this area.（郊狼在这个地区很常见。）
coyote	例句：The coyote howled in the distance.（郊狼在远处嚎叫。）
coyote	例句：We saw a coyote on our hike.（我们在徒步旅行中看到了一只郊狼。）
crack	例句：He cracked a joke to lighten the mood.（他讲了个笑话来缓和气氛，发出了笑声。）
crack	例句：The glass cracked when it fell.（玻璃掉下来时裂开了。）
crack	例句：There is a crack in the wall.（墙上有一条裂缝。）
cracker	例句：A box of crackers was on the table.（桌子上有一盒薄脆饼干。）
cracker	例句：She ate a cracker with cheese.（她吃了一块带奶酪的薄脆饼干。）
cracker	例句：The children set off crackers on New Year's Eve.（孩子们在除夕放爆竹。）
crash	例句：The computer system crashed.（计算机系统崩溃了。）
crash	例句：The plane crashed into the mountain.（飞机坠毁在山上。）
crash	例句：There was a loud crash as the car hit the wall.（汽车撞到墙上时发出一声巨响。）
crayon	例句：He drew with crayons.（他用蜡笔作画。）
crayon	例句：She has a box of crayons.（她有一盒蜡笔。）
crayon	例句：The child colored with crayons.（孩子用蜡笔涂色。）
cricket	例句：Cricket is a popular sport in some countries.（板球在一些国家是一项受欢迎的运动。）
cricket	例句：He plays cricket on weekends.（他在周末打板球。）
cricket	例句：The sound of crickets filled the night.（蟋蟀的叫声充满了夜晚。）
crime	例句：Drug-related crimes are on the rise.（与毒品相关的犯罪在增加。）
crime	例句：He was arrested for a serious crime.（他因一项严重罪行而被捕。）
crime	例句：The police are working hard to reduce crime in the city.（警方正在努力减少城市里的犯罪。）
critique	例句：He offered a critique of the new policy.（他对新政策提出了批评。）
critique	例句：She critiqued the student's essay.（她评论了学生的论文。）
critique	例句：The painting received a harsh critique.（这幅画受到了严厉的批评。）
crochet	例句：He crocheted a scarf for his girlfriend.（他为他的女朋友钩织了一条围巾。）
crochet	例句：She is learning crochet.（她正在学习钩针编织。）
crochet	例句：The blanket was made by crochet.（这条毯子是用钩针编织的。）
crocodile	例句：Crocodiles live in swamps and rivers.（鳄鱼生活在沼泽和河流中。）
crocodile	例句：The crocodile is a dangerous animal.（鳄鱼是一种危险的动物。）
crocodile	例句：The zoo has several crocodiles.（这个动物园有几只鳄鱼。）
croissant	例句：He bought some croissants from the bakery.（他从面包店买了一些羊角面包。）
croissant	例句：She had a croissant for breakfast.（她早餐吃了一个羊角面包。）
croissant	例句：The croissant is flaky and delicious.（羊角面包酥脆可口。）
crucial	例句：A good education is crucial for success.（良好的教育对成功至关重要。）
crucial	例句：The decision is crucial for the future of the company.（这个决定对公司的未来至关重要。）
crucial	例句：Time is crucial in this situation.（在这种情况下，时间至关重要。）
cruel	例句：He is a cruel person.（他是一个残忍的人。）
cruel	例句：She endured cruel hardships.（她忍受着残酷的艰难困苦。）
cruel	例句：The cruel treatment of animals is unacceptable.（对动物的残酷对待是不可接受的。）
cube	例句：He built a cube out of wooden blocks.（他用木块搭了一个立方体。）
cube	例句：The ice cube is melting.（冰块正在融化。）
cube	例句：The volume of a cube is calculated by cubing the length of one side.（立方体的体积是通过将一条边的长度立方来计算的。）
cuisine	例句：French cuisine is famous around the world for its elegance and complexity.（法国美食以其精致和复杂而闻名于世。）
cuisine	例句：French cuisine is famous around the world.（法国菜在世界范围内都很有名。）
cuisine	例句：I enjoy different cuisines.（我喜欢不同的菜肴。）
cuisine	例句：I love trying different cuisines, such as Italian, Chinese, and Indian.（我喜欢尝试不同的美食，比如意大利菜、中国菜和印度菜。）
cuisine	例句：The local cuisine in this region has unique flavors.（这个地区的地方美食有独特的风味。）
cuisine	例句：The restaurant offers a variety of cuisines.（这家餐厅提供各种不同的菜肴。）
culture	例句：Different countries have different cultures.（不同的国家有不同的文化。）
culture	例句：Different countries have diverse cultures that are worth exploring.（不同的国家有值得探索的多元文化。）
culture	例句：She is interested in the study of ancient Greek culture.（她对古希腊文化的研究很感兴趣。）
culture	例句：The company promotes a positive work culture to boost employee morale.（公司倡导积极的工作文化以提高员工士气。）
culture	例句：The laboratory is used for cell culture.（这个实验室用于细胞培养。）
culture	例句：We should respect different cultures.（我们应该尊重不同的文化。）
cure	例句：The new drug offers hope for a cure.（这种新药为治愈带来了希望。）
cure	例句：There is currently no cure for this disease.（目前这种疾病没有治愈方法。）
cure	例句：We need to find a cure for poverty.（我们需要找到解决贫困的方法。）
cutter	例句：The cutter is very sharp.（这把刀具非常锋利。）
cutter	例句：The tailor is a skilled cutter.（这个裁缝是一个熟练的裁剪者。）
cutter	例句：They used a cutter to cut the metal.（他们用切割机切割金属。）
cycle	例句：He bought a new cycle.（他买了一辆新自行车。）
cycle	例句：She cycles to school every day.（她每天骑自行车去上学。）
cycle	例句：The water cycle is an important natural process.（水循环是一个重要的自然过程。）
dame	例句：She was honored as a dame for her contributions to the arts.（她因对艺术的贡献而被授予女爵士称号。）
dame	例句：The dame looked elegant in her gown.（这位女爵士穿着长袍看起来很优雅。）
dame	例句：We respect the dame for her wisdom and grace.（我们尊敬这位女爵士的智慧和优雅。）
dandy	例句：He is a dandy who always wears stylish clothes.（他是个花花公子，总是穿着时髦的衣服。）
dandy	例句：That car is a real dandy.（那辆车真是太棒了。）
dandy	例句：The dandy's appearance was always impeccable.（这个讲究穿着的人的外表总是无可挑剔。）
danger	例句：He was aware of the danger.（他意识到了危险。）
danger	例句：The danger of the situation was obvious.（情况的危险是显而易见的。）
danger	例句：There is danger everywhere.（到处都有危险。）
date	例句：The date palm is a common tree in desert areas.（枣椰树是沙漠地区常见的树。）
date	例句：They have a date tonight.（他们今晚有个约会。）
date	例句：What's the date today?（今天几号？）
deal	例句：He is good at dealing with difficult customers.（他擅长应对难缠的客户。）
deal	例句：They made a great deal.（他们达成了一笔很棒的交易。）
deal	例句：We need to deal with this problem quickly.（我们需要迅速处理这个问题。）
dealer	例句：He is a car dealer.（他是一个汽车经销商。）
dealer	例句：She is negotiating with the dealer.（她正在与这个经销商谈判。）
dealer	例句：The dealer is offering a good deal.（这个经销商提供一个很好的交易。）
delta	例句：The Nile Delta is a fertile region.（尼罗河三角洲是一个肥沃的地区。）
delta	例句：The delta in temperature was significant.（温度的变化量很大。）
delta	例句：There is a small delta at the mouth of the river.（在河口处有一个小三角洲。）
demander	例句：The demander insisted on his rights.（要求者坚持自己的权利。）
demander	例句：The demander of the service was not satisfied.（这项服务的要求者不满意。）
demander	例句：We need to address the concerns of the demander.（我们需要解决要求者的担忧。）
dent	例句：He dented the metal with a hammer.（他用锤子把金属敲出了凹痕。）
dent	例句：The accident left a dent in his reputation.（这次事故给他的声誉留下了损害。）
dent	例句：There was a dent in the car door.（车门上有一个凹痕。）
descendant	例句：He is a descendant of a great leader.（他是一位伟大领袖的后代。）
descendant	例句：The descendants of the pioneers built this town.（开拓者的后代建造了这个城镇。）
descendant	例句：We are all descendants of early humans.（我们都是早期人类的后代。）
description	例句：Read the description before using the product.（在使用产品之前阅读说明书。）
description	例句：She gave a vivid description of the event.（她对事件进行了生动的描述。）
description	例句：The book contains a detailed description of the place.（这本书包含了对这个地方的详细描写。）
dessert	例句：She loves to make desserts.（她喜欢做甜点。）
dessert	例句：The dessert was delicious.（这个甜点很美味。）
dessert	例句：We had ice cream for dessert.（我们吃了冰淇淋当甜点。）
destination	例句：The train is bound for its destination.（火车驶向它的目的地。）
destination	例句：We reached our destination after a long journey.（经过漫长的旅程，我们到达了目的地。）
destination	例句：What is your destination?（你的目的地是哪里？）
destruction	例句：The destruction of the forest is a serious problem.（森林的破坏是一个严重的问题。）
destruction	例句：The war brought destruction to the country.（战争给这个国家带来了破坏。）
destruction	例句：We must prevent destruction of the environment.（我们必须防止环境的破坏。）
devise	例句：He devised a new method of teaching.（他设计出一种新的教学方法。）
devise	例句：She devised a clever plan.（她想出一个聪明的计划。）
devise	例句：They devised a way to solve the problem.（他们想出了一个解决问题的方法。）
diagnostic	例句：He is an expert in diagnostic medicine.（他是诊断医学方面的专家。）
diagnostic	例句：The diagnostic report showed no abnormalities.（诊断报告显示没有异常。）
diagnostic	例句：The diagnostic test was positive.（诊断测试呈阳性。）
dialogue	例句：Dialogue can lead to understanding.（对话可以带来理解。）
dialogue	例句：The dialogue between the two leaders was productive.（两位领导人之间的交谈富有成效。）
dialogue	例句：We need to have a dialogue about the issue.（我们需要就这个问题进行对话。）
difficile	例句：Difficile situations test our courage.（困难的情况考验我们的勇气。）
difficile	例句：He found the exam difficile.（他觉得考试很难。）
difficile	例句：This task is difficile.（这个任务很困难。）
diffuser	例句：He is installing a diffuser in the room.（他正在房间里安装一个扩散器。）
diffuser	例句：The diffuser spreads the fragrance.（扩散器传播香味。）
diffuser	例句：They are using a diffuser to soften the light.（他们正在使用柔光罩来柔化光线。）
diffusion	例句：Diffusion of gases occurs through a membrane.（气体通过膜扩散。）
diffusion	例句：The diffusion of knowledge is important.（知识的传播很重要。）
diffusion	例句：The light undergoes diffusion in the atmosphere.（光在大气中发生漫射。）
digital	例句：The digital age has brought many changes.（数字时代带来了许多变化。）
digital	例句：This is a digital watch.（这是一块数字手表。）
digital	例句：We use digital technology in our daily lives.（我们在日常生活中使用数字技术。）
diligence	例句：Diligence is essential for success.（勤奋对成功至关重要。）
diligence	例句：His diligence paid off in the end.（他的勤奋最终得到了回报。）
diligence	例句：She was known for her diligence.（她以勤奋而闻名。）
dimension	例句：The box has three dimensions.（这个盒子有三个维度。）
dimension	例句：The project has many dimensions.（这个项目有很多方面。）
dimension	例句：They are exploring a new dimension of the problem.（他们正在探索这个问题的一个新维度。）
dire	例句：A dire warning was issued.（发出了一个可怕的警告。）
dire	例句：The situation is dire.（情况很可怕。）
dire	例句：They are in dire need of help.（他们急需帮助。）
direct	例句：Please give a direct answer.（请给出直接回答。）
direct	例句：The road is direct and short.（这条路笔直又近。）
direct	例句：There is a direct train to the city.（有一趟直达那个城市的火车。）
direction	例句：He asked for directions.（他问路。）
direction	例句：The economy is heading in a new direction.（经济正朝着一个新的方向发展。）
direction	例句：The teacher gave direction to the students.（老师给学生们指导。）
directive	例句：The company issued a directive on safety procedures.（公司发布了一项关于安全程序的指令。）
directive	例句：The directive requires all employees to follow certain guidelines.（这项指示要求所有员工遵循某些准则。）
directive	例句：The directive tone of his speech was clear.（他讲话的指示语气很明显。）
disciple	例句：He is a disciple of the famous philosopher.（他是那位著名哲学家的门徒。）
disciple	例句：She is a disciple of a particular religious leader.（她是一位特定宗教领袖的信徒。）
disciple	例句：The disciples followed their teacher.（门徒们跟随他们的老师。）
discipline	例句：He has strict discipline.（他有严格的纪律。）
discipline	例句：Mathematics is a discipline.（数学是一门学科。）
discipline	例句：We need discipline in the classroom.（我们在教室里需要纪律。）
discussion	例句：He participated in the discussion actively.（他积极参与了讨论。）
discussion	例句：The discussion lasted for a long time.（讨论持续了很长时间。）
discussion	例句：There was a lively discussion about the topic.（关于这个话题有一场热烈的讨论。）
dispenser	例句：A money dispenser at the bank allows people to withdraw cash easily.（银行的取款机让人们可以方便地取现金。）
dispenser	例句：The dispenser dispenses candy.（自动售货机分发糖果。）
dispenser	例句：The soap dispenser in the bathroom needs to be refilled.（浴室里的肥皂液器需要重新装肥皂了。）
dispenser	例句：The soap dispenser is empty.（肥皂分配器空了。）
dispenser	例句：The water dispenser in the office provides cold and hot water for the employees.（办公室的饮水机为员工提供冷水和热水。）
dispenser	例句：There is a water dispenser in the office.（办公室里有一个饮水机。）
disposition	例句：His disposition is to be cautious.（他的倾向是谨慎。）
disposition	例句：She has a cheerful disposition.（她性情开朗。）
disposition	例句：The disposition of the property was handled carefully.（财产的处置被小心处理。）
dispute	例句：He disputed the accuracy of the report.（他对报告的准确性提出质疑。）
dispute	例句：There is a long-standing dispute between the two countries.（这两个国家之间存在长期的争端。）
dispute	例句：They are in dispute over the ownership of the land.（他们在土地所有权问题上存在争议。）
distance	例句：He distanced himself from the controversy.（他使自己远离争议。）
distance	例句：The distance between friends can be hard.（朋友之间的距离可能很难跨越。）
distance	例句：The distance to the city is long.（到城市的距离很长。）
distant	例句：He has a distant look in his eyes.（他眼神中流露出疏远的神情。）
distant	例句：She is distant with strangers.（她对陌生人很冷淡。）
distant	例句：The star is very distant.（那颗星星很遥远。）
distinct	例句：His style is distinct.（他的风格独特。）
distinct	例句：The two colors are distinct.（这两种颜色不同。）
distinct	例句：There is a distinct difference between the two.（这两者之间有明显的不同。）
distinction	例句：She has made a distinction in her field.（她在自己的领域里取得了卓越成就。）
distinction	例句：The distinction between the two colors is hard to see.（这两种颜色之间的差别很难看出。）
distinction	例句：There is a clear distinction between right and wrong.（对与错之间有明显的区别。）
distraction	例句：Playing games can be a good distraction.（玩游戏可以是一种很好的娱乐方式。）
distraction	例句：She used music as a distraction from her problems.（她用音乐来分散自己对问题的注意力。）
distraction	例句：The noise was a distraction from my work.（噪音分散了我工作的注意力。）
distribution	例句：The company is responsible for the distribution of products.（公司负责产品的分发。）
distribution	例句：The distribution of resources is uneven.（资源的分布不均匀。）
distribution	例句：We are studying the distribution of population.（我们正在研究人口的分布。）
district	例句：He works in the downtown district.（他在市中心区工作。）
district	例句：The district has a vibrant nightlife.（这个区有充满活力的夜生活。）
district	例句：The district is known for its historical buildings.（这个区以其历史建筑而闻名。）
diva	例句：He was mesmerized by the diva's voice.（他被这位著名女歌唱家的声音迷住了。）
diva	例句：She is a diva.（她是一位著名女歌唱家。）
diva	例句：The diva's performance was breathtaking.（这位歌剧中的女主角的表演令人惊叹。）
divan	例句：She bought a new divan for her living room.（她为她的客厅买了一个新长沙发。）
divan	例句：The divan is very comfortable.（这个长沙发很舒服。）
divan	例句：They sat on the divan and talked.（他们坐在长沙发上聊天。）
divers	例句：Divers people attended the event.（不同的人参加了这个活动。）
divers	例句：The divers explored the underwater cave.（潜水员探索了水下洞穴。）
divers	例句：There are divers opinions on this matter.（在这件事情上有各种各样的意见。）
diversion	例句：Reading is her favorite diversion.（阅读是她最喜欢的消遣。）
diversion	例句：The diversion of funds raised concerns.（资金的转移引起了关注。）
diversion	例句：The diversion of traffic was necessary due to construction.（由于施工，交通改道是必要的。）
division	例句：The company has different divisions.（公司有不同的部门。）
division	例句：The country is divided into several divisions.（这个国家被分成几个区域。）
division	例句：There is a division of opinion on this matter.（在这件事情上存在意见分歧。）
divorce	例句：Divorce can be a painful process.（离婚可能是一个痛苦的过程。）
divorce	例句：The couple's marriage ended in divorce.（这对夫妇的婚姻以离婚告终。）
divorce	例句：They decided to get a divorce.（他们决定离婚。）
do	例句：Do you like playing basketball?（你喜欢打篮球吗？）
do	例句：I do my homework every day after school.（我每天放学后做作业。）
do	例句：She does her best to help others.（她尽最大努力帮助别人。）
dock	例句：He works at the dock.（他在码头工作。）
dock	例句：The company docked his pay for being late.（公司因他迟到而扣了他的工资。）
dock	例句：The ship is docking at the port.（船正在港口靠码头。）
document	例句：He documented the events in his diary.（他在日记中记录了这些事件。）
document	例句：Please sign this document.（请在这份文件上签字。）
document	例句：The researcher studied various historical documents.（研究者研究了各种历史文件。）
dodo	例句：The dodo is an extinct bird.（渡渡鸟是一种已灭绝的鸟。）
dodo	例句：The extinction of the dodo is a tragic event.（渡渡鸟的灭绝是一个悲剧事件。）
dodo	例句：We only know the dodo from historical records.（我们只能从历史记录中了解渡渡鸟。）
dollar	例句：He earns a good salary in dollars.（他以美元赚取高薪。）
dollar	例句：I have ten dollars in my pocket.（我口袋里有十美元。）
dollar	例句：The price of the book is five dollars.（这本书的价格是五美元。）
domicile	例句：His domicile is in New York.（他的住所是在纽约。）
domicile	例句：She changed her domicile to another state.（她把户籍迁到了另一个州。）
domicile	例句：The company's domicile is registered in Delaware.（这家公司的注册地是特拉华州。）
dominant	例句：He has a dominant personality.（他有支配性的个性。）
dominant	例句：The dominant power in the region is the country.（这个地区的主导力量是这个国家。）
dominant	例句：The dominant theme of the book is love.（这本书的主要主题是爱。）
domination	例句：Domination can lead to conflict.（统治可能导致冲突。）
domination	例句：He resists domination.（他抵抗统治。）
domination	例句：The country seeks domination over its neighbors.（这个国家寻求对邻国的统治。）
don	例句：He is addressed as Don.（他被称为先生。）
don	例句：She respects the don.（她尊敬这位先生。）
don	例句：The don is giving a lecture.（这位大学教师正在讲课。）
dose	例句：She dosed herself with painkillers.（她给自己服用了止痛药。）
dose	例句：Take one dose of the medicine three times a day.（每天服用一剂这种药，一天三次。）
dose	例句：The doctor adjusted the dose.（医生调整了剂量。）
dossier	例句：The detective has a thick dossier on the case.（侦探有一份关于这个案子的厚厚的档案。）
dossier	例句：The dossier contains important information.（这份档案包含重要信息。）
dossier	例句：They compiled a dossier of evidence.（他们汇编了一份证据卷宗。）
dot	例句：She dotted the i with a heart.（她用一个心形点缀了字母 “i”。）
dot	例句：The sky is full of stars like dots.（天空中满是像点一样的星星。）
dot	例句：There is a dot on the paper.（纸上有一个点。）
double	例句：He has a double identity.（他有双重身份。）
double	例句：She doubled the amount of sugar in the recipe.（她把食谱中的糖量加倍了。）
double	例句：The room is double the size of mine.（这个房间是我的两倍大。）
doyen	例句：He is the doyen of the field.（他是这个领域的元老。）
doyen	例句：The doyen has seen many changes over the years.（这位元老多年来见证了许多变化。）
doyen	例句：The doyen's advice is highly valued.（元老的建议很有价值。）
dragon	例句：He drew a picture of a dragon.（他画了一幅龙的画。）
dragon	例句：The dragon is a mythical creature.（龙是一种神话中的生物。）
dragon	例句：The dragon symbolizes power and strength.（龙象征着权力和力量。）
drap	例句：Drap can be used for many purposes.（布可以用于很多目的。）
drap	例句：She bought some beautiful drap.（她买了一些漂亮的布。）
drap	例句：The drap is soft and smooth.（这块布柔软光滑。）
dresser	例句：She hired a dresser for the theater production.（她为戏剧演出雇了一个服装师。）
dresser	例句：The dresser is filled with cosmetics.（梳妆台里装满了化妆品。）
dresser	例句：There is a beautiful mirror on the dresser.（梳妆台上有一面漂亮的镜子。）
duel	例句：The duel between the two champions was exciting.（两位冠军之间的决斗很精彩。）
duel	例句：The political duel continued for months.（政治斗争持续了数月。）
duel	例句：They fought a duel over honor.（他们为了荣誉进行了一场决斗。）
dune	例句：The dunes are a beautiful sight.（沙丘是一道美丽的风景。）
dune	例句：The wind blew the sand into dunes.（风把沙子吹成了沙丘。）
dune	例句：They walked on the dunes by the sea.（他们在海边的沙丘上行走。）
duo	例句：The duo performed a lively show.（这对表演者表演了一场生动的演出。）
duo	例句：The duo's music is very enjoyable.（这对表演者的音乐非常令人愉快。）
duo	例句：They are a popular duo.（他们是一个受欢迎的二重奏表演者组合。）
dupe	例句：Don't be a dupe.（不要成为受骗者。）
dupe	例句：He was a dupe of the con artist.（他是那个骗子的受骗者。）
dupe	例句：She was duped into buying a fake product.（她被愚弄买了一个假货。）
dynamite	例句：Dynamite is a powerful explosive.（炸药是一种强大的爆炸物。）
dynamite	例句：His speech was dynamite.（他的演讲具有爆炸性。）
dynamite	例句：They used dynamite to blast the rocks.（他们用炸药炸开岩石。）
e-mail	例句：E-mail is a convenient way to communicate.（电子邮件是一种方便的交流方式。）
e-mail	例句：He e-mails his friends every day.（他每天给朋友们发电子邮件。）
e-mail	例句：I received an e-mail from him.（我收到了他的一封电子邮件。）
eau	例句：Eau is essential for life.（水是生命所必需的。）
eau	例句：She drank a glass of eau.（她喝了一杯水。）
eau	例句：This eau de parfum smells wonderful.（这款香水味道很好。）
ecstasy	例句：He was in ecstasy when he received the award.（他在获得奖项时处于狂喜之中。）
ecstasy	例句：Some people seek ecstasy through spiritual practices.（有些人通过精神修行寻求极乐境界。）
ecstasy	例句：The music brought her to a state of ecstasy.（音乐使她进入了一种入迷的状态。）
effort	例句：He made an effort to be friendly.（他努力表现得友好。）
effort	例句：It takes a lot of effort to achieve success.（取得成功需要付出很多努力。）
effort	例句：She is putting in effort to finish the work.（她正在努力完成工作。）
ego	例句：His ego was bruised when he didn't get the promotion he expected.（当他没有得到期望的晋升时，他的自尊心受到了伤害。）
ego	例句：She has a strong ego and is not easily influenced by others' opinions.（她自尊心很强，不容易被别人的意见影响。）
ego	例句：Sometimes, it's important to put your ego aside and work together for a common goal.（有时候，把自尊心放在一边，为共同目标而合作是很重要的。）
empire	例句：He built an empire.（他建立了一个帝国。）
empire	例句：The Roman Empire was very powerful.（罗马帝国非常强大。）
empire	例句：The empire collapsed.（帝国崩溃了。）
employer	例句：As an employer, he is fair to his employees.（作为雇主，他对员工很公平。）
employer	例句：The employer offered a good salary.（雇主提供了一份不错的薪水。）
employer	例句：What are the responsibilities of an employer?（雇主的责任是什么？）
encore	例句：He was hoping for an encore from the singer.（他希望歌手再来一首。）
encore	例句：The audience shouted “encore!” after the performance.（演出结束后观众高喊 “再来一个！”）
encore	例句：The band played an encore at the request of the fans.（应粉丝要求，乐队又演奏了一首返场曲目。）
encouragement	例句：Encouragement can boost confidence.（鼓励可以增强信心。）
encouragement	例句：She needs encouragement to keep going.（她需要鼓励才能继续前进。）
encouragement	例句：What are some forms of encouragement?（鼓励有哪些形式？）
engagement	例句：Her engagement in class makes the teacher very happy.（她在课堂上的投入让老师很高兴。）
engagement	例句：The army is in engagement with the enemy.（军队正在与敌人交战。）
engagement	例句：They have an engagement tonight.（他们今晚有个约会。）
ennui	例句：Ennui can lead to a lack of motivation.（厌倦会导致缺乏动力。）
ennui	例句：He was filled with ennui.（他满心倦怠。）
ennui	例句：She tried to escape from her ennui.（她试图摆脱自己的厌倦感。）
ensemble	例句：The ensemble of colors was stunning.（色彩的整体效果很惊人。）
ensemble	例句：The ensemble performed beautifully.（合奏团表演得很精彩。）
ensemble	例句：We need to work as an ensemble.（我们需要像一个整体一样工作。）
entente	例句：Entente is important for international cooperation.（协定对国际合作很重要。）
entente	例句：The two countries reached an entente.（两国达成了一项协定。）
entente	例句：There is an entente between them.（他们之间有一种友好关系。）
entourage	例句：Her entourage included several bodyguards.（她的随从包括几个保镖。）
entourage	例句：The entourage made a grand entrance.（随从们隆重登场。）
entourage	例句：The president was accompanied by his entourage.（总统由他的随从陪同。）
entrain	例句：The entrain of passengers was orderly.（火车上的乘客上车很有秩序。）
entrain	例句：The music entrained his emotions.（音乐使他的情绪产生节奏。）
entrain	例句：They entrained for their journey.（他们上火车开始他们的旅程。）
entrepreneur	例句：Entrepreneurs take risks to start new businesses.（企业家冒险创办新企业。）
entrepreneur	例句：He is an entrepreneur with great vision.（他是一位有远大眼光的企业家。）
entrepreneur	例句：The city is attracting many entrepreneurs.（这个城市吸引了很多企业家。）
environ	例句：The castle is environed by a moat.（城堡被护城河环绕着。）
environ	例句：The park is environed by tall trees.（公园被高大的树木环绕着。）
environ	例句：They live in a place environed by beautiful scenery.（他们住在一个被美丽风景环绕的地方。）
errant	例句：His errant behavior caused concern.（他错误的行为引起了关注。）
errant	例句：The errant knight wandered the land.（迷途的骑士在这片土地上漫游。）
errant	例句：We need to correct errant thinking.（我们需要纠正错误的思维。）
escalade	例句：He is an expert in escalade.（他是攀登方面的专家。）
escalade	例句：The escalade was a risky move.（攀登城墙是一个冒险的举动。）
escalade	例句：The soldiers made an escalade of the castle walls.（士兵们用云梯攀登城堡的城墙。）
esprit	例句：He has an esprit de corps.（他有团队精神。）
esprit	例句：She is full of esprit.（她充满机智。）
esprit	例句：The room has an esprit.（这个房间有生气。）
essence	例句：She captured the essence of the scene in her painting.（她在画中捕捉到了场景的精髓。）
essence	例句：The essence of life is to be happy.（生活的本质是快乐。）
essence	例句：The essence of the problem lies in communication.（问题的本质在于沟通。）
estimation	例句：His estimation of the cost was accurate.（他对成本的估计很准确。）
estimation	例句：She has a high estimation of his abilities.（她对他的能力评价很高。）
estimation	例句：The estimation of the project's duration is important.（对项目持续时间的估计很重要。）
euro	例句：He exchanged dollars for euros.（他把美元换成了欧元。）
euro	例句：The euro is widely used in Europe.（欧元在欧洲被广泛使用。）
euro	例句：The price is ten euros.（价格是十欧元。）
exact	例句：He gave an exact description of the event.（他对事件进行了准确的描述。）
exact	例句：The exact time of the meeting is yet to be determined.（会议的确切时间尚未确定。）
exact	例句：They need the exact dimensions of the room.（他们需要房间的确切尺寸。）
exam	例句：He did well on the exam.（他在考试中表现很好。）
exam	例句：I have an exam tomorrow.（我明天有一场考试。）
exam	例句：The exam is very difficult.（这场考试非常难。）
examiner	例句：She works as an examiner for the driving test.（她是驾驶考试的主考人。）
examiner	例句：The examiner evaluated the students' papers.（审查员评估了学生的试卷。）
examiner	例句：The examiner was very strict.（主考人非常严格。）
excellence	例句：Excellence is a virtue worth pursuing.（优秀是一种值得追求的美德。）
excellence	例句：He is known for his excellence in teaching.（他以教学出色而闻名。）
excellence	例句：The company strives for excellence.（这家公司追求卓越。）
excellent	例句：His work is excellent.（他的工作卓越。）
excellent	例句：The food is excellent.（食物极好。）
excellent	例句：The service was excellent.（服务极好。）
exception	例句：He is an exception to the general pattern.（他是一般模式的一个例外。）
exception	例句：There are always exceptions to the rule.（规则总有例外。）
exception	例句：We need to make an exception in this case.（在这种情况下我们需要破例。）
excitant	例句：Coffee is a mild excitant.（咖啡是一种温和的兴奋剂。）
excitant	例句：The drug is a powerful excitant.（这种药物是一种强力兴奋剂。）
excitant	例句：The music had an excitant effect on the crowd.（音乐对人群有刺激作用。）
excitation	例句：Excitation is an important process in many physical and chemical systems.（激发在许多物理和化学系统中是一个重要的过程。）
excitation	例句：The excitation energy determines the behavior of the system.（激发能量决定了系统的行为。）
excitation	例句：The excitation of atoms can lead to the emission of light.（原子的激发可以导致光的发射。）
exciter	例句：He is an exciter of creativity.（他是创造力的激励者。）
exciter	例句：The music served as an exciter for the party.（音乐在聚会上起到了刺激物的作用。）
exciter	例句：The new project is an exciter for the team.（这个新项目对团队来说是一个激励物。）
excursion	例句：An excursion is a great way to relax.（远足是放松的好方法。）
excursion	例句：The school organized an excursion for the students.（学校为学生组织了一次短途旅行。）
excursion	例句：We went on an excursion to the mountains.（我们去山区远足了。）
excuse	例句：He made an excuse for being late.（他为迟到找了个借口。）
excuse	例句：I have no excuse for my behavior.（我对我的行为没有借口。）
excuse	例句：Please excuse my mistake.（请原谅我的错误。）
existence	例句：He struggles for existence.（他为生存而奋斗。）
existence	例句：She leads a simple existence.（她过着简单的生活。）
existence	例句：The existence of life on Earth is a miracle.（地球上生命的存在是一个奇迹。）
expert	例句：He is an expert in the field.（他是这个领域的专家。）
expert	例句：She is an expert at solving problems.（她是解决问题的行家。）
expert	例句：The expert gave valuable advice.（专家给出了有价值的建议。）
expertise	例句：Expertise is valuable in the workplace.（专业知识在工作场所很有价值。）
expertise	例句：He has expertise in marketing.（他在市场营销方面有专业知识。）
expertise	例句：They are seeking expertise in a particular area.（他们在寻找特定领域的专业知识。）
explication	例句：Explication helps in understanding complex texts.（解释有助于理解复杂的文本。）
explication	例句：She gave a detailed explication of the problem.（她对这个问题进行了详细的解释。）
explication	例句：The explication of the poem was insightful.（对这首诗的解释很有见地。）
exploit	例句：The new technology can be exploited for various purposes.（这项新技术可以被用于各种目的。）
exploit	例句：They exploited the natural resources of the region.（他们开发了这个地区的自然资源。）
exploit	例句：We should not exploit others for our own gain.（我们不应该为了自己的利益剥削他人。）
exploitation	例句：Exploitation can lead to social inequality.（剥削可能会导致社会不平等。）
exploitation	例句：The exploitation of natural resources should be sustainable.（自然资源的开发应该是可持续的。）
exploitation	例句：The exploitation of workers is unjust.（对工人的剥削是不公正的。）
exploiter	例句：Exploiters often seek profit at the expense of others.（剥削者常常以牺牲他人为代价谋取利益。）
exploiter	例句：He is seen as an exploiter of natural resources.（他被视为自然资源的开发者。）
exploiter	例句：The exploiter took advantage of the workers.（剥削者利用了工人。）
explorer	例句：He is an intrepid explorer.（他是一个勇敢的探险家。）
explorer	例句：She dreams of becoming an explorer.（她梦想成为一名探险家。）
explorer	例句：The explorer mapped unknown territories.（这位探险家绘制了未知的领土。）
explosion	例句：The explosion caused damage.（爆炸造成了破坏。）
explosion	例句：The population explosion is a problem.（人口激增是一个问题。）
explosion	例句：There was a loud explosion.（有一声巨响的爆炸。）
expo	例句：Expos attract people from all over.（博览会吸引了来自各地的人。）
expo	例句：She visited the expo to see the latest technology.（她参观博览会去看最新的技术。）
expo	例句：The expo was a huge success.（这个博览会非常成功。）
exposition	例句：He gave an exposition of his theory.（他对自己的理论进行了阐述。）
exposition	例句：The exposition was very informative.（这个展览会非常有信息量。）
exposition	例句：They are preparing for an exposition on art.（他们正在为一个艺术博览会做准备。）
express	例句：He expressed his gratitude.（他表达了他的感激之情。）
express	例句：She has an express purpose in coming here.（她来这里有一个明确的目的。）
express	例句：This train is an express.（这列火车是快车。）
expression	例句：He is good at finding the right expression.（他善于找到恰当的措辞。）
expression	例句：Her expression showed surprise.（她的表情显示出惊讶。）
expression	例句：The painting is a powerful expression of emotion.（这幅画是情感的有力表达。）
expulsion	例句：Expulsion can affect a person's future.（开除可能会影响一个人的未来。）
expulsion	例句：The expulsion of students is a serious matter.（开除学生是一件严肃的事情。）
expulsion	例句：We need to consider the consequences of expulsion.（我们需要考虑开除的后果。）
extension	例句：The extension of the building is underway.（这座建筑的扩展正在进行中。）
extension	例句：The extension of the road will improve traffic flow.（道路的延伸将改善交通流量。）
extension	例句：They asked for an extension of the loan.（他们要求延长贷款期限。）
extinction	例句：Extinction can be caused by various factors.（灭绝可以由各种因素引起。）
extinction	例句：The extinction of species is a serious problem.（物种灭绝是一个严重的问题。）
extinction	例句：We should take measures to prevent extinction.（我们应该采取措施防止灭绝。）
extra	例句：He took an extra sandwich just in case.（他多拿了一个三明治以防万一。）
extra	例句：There are extra charges for shipping.（运费有额外的费用。）
extra	例句：We need extra time to finish the project.（我们需要额外的时间来完成这个项目。）
extraordinaire	例句：Extraordinaire people stand out.（非凡的人脱颖而出。）
extraordinaire	例句：He is a musician extraordinaire.（他是一位非凡的音乐家。）
extraordinaire	例句：The performance was extraordinaire.（这场表演非常卓越。）
extravagant	例句：He is extravagant with his money.（他花钱很挥霍。）
extravagant	例句：Her demands are extravagant.（她的要求很过分。）
extravagant	例句：The party was extravagant.（这个聚会很奢侈。）
fable	例句：Aesop's fables are famous all over the world.（伊索寓言举世闻名。）
fable	例句：Fables often have a moral lesson.（寓言通常有一个道德教训。）
fable	例句：He told a fable to the class.（他给全班讲了一个寓言。）
fabrication	例句：His story was a fabrication.（他的故事是伪造的。）
fabrication	例句：The fabrication of the machine took months.（这台机器的制造花了几个月的时间。）
fabrication	例句：They are experts in metal fabrication.（他们是金属制造方面的专家。）
face	例句：He couldn't face the truth.（他无法面对真相。）
face	例句：She has a beautiful face.（她有一张美丽的脸。）
face	例句：The wall has a smooth face.（这面墙表面很光滑。）
facial	例句：He went for a facial at the spa.（他去水疗中心做了面部护理。）
facial	例句：She had a facial expression of surprise.（她脸上露出惊讶的表情。）
facial	例句：The facial features of the baby were adorable.（婴儿的面部特征很可爱。）
facile	例句：Don't be satisfied with facile solutions.（不要满足于肤浅的解决方案。）
facile	例句：He had a facile answer for every question.（他对每个问题都有一个容易的答案。）
facile	例句：Her smile was facile and unconvincing.（她的微笑很轻易且不可信。）
facture	例句：Facture can affect the quality of a product.（制作方法会影响产品的质量。）
facture	例句：He is interested in the facture of traditional handicrafts.（他对传统手工艺品的制作很感兴趣。）
facture	例句：The facture of this vase is exquisite.（这个花瓶的制作很精美。）
falsifier	例句：Falsifiers undermine the integrity of records.（伪造者破坏了记录的完整性。）
falsifier	例句：The falsifier was caught.（伪造者被抓住了。）
falsifier	例句：We must be vigilant against falsifiers.（我们必须警惕伪造者。）
familial	例句：Familial relationships are important for emotional support.（家庭关系对于情感支持很重要。）
familial	例句：The disease has a familial pattern.（这种疾病有家族遗传模式。）
familial	例句：The study focused on familial factors in mental health.（这项研究集中在心理健康的家庭因素上。）
famine	例句：Famine can lead to widespread starvation.（饥荒会导致大面积的饥饿。）
famine	例句：The country is suffering from a famine.（这个国家正在遭受饥荒。）
famine	例句：They are providing aid to areas affected by famine.（他们正在向受饥荒影响的地区提供援助。）
fan	例句：He fanned himself with a newspaper.（他用报纸给自己扇风。）
fan	例句：She is a big fan of pop music.（她是流行音乐的忠实粉丝。）
fan	例句：The fan is blowing cool air.（风扇吹着凉爽的风。）
fanfare	例句：The arrival of the guests was greeted with fanfare.（客人的到来受到了热烈的欢迎。）
fanfare	例句：The event was announced with fanfare.（这个活动以响亮的喇叭声宣布。）
fanfare	例句：There was a fanfare of publicity for the new product.（这个新产品有一番大肆宣传。）
farce	例句：His life is like a farce.（他的生活就像一场滑稽戏。）
farce	例句：The play turned into a farce.（这场戏变成了一场闹剧。）
farce	例句：The whole situation is a farce.（整个情况是一场荒唐事。）
fascination	例句：He has a fascination for science fiction.（他对科幻小说有着迷。）
fascination	例句：Her fascination with art started at a young age.（她对艺术的着迷从年轻时就开始了。）
fascination	例句：The fascination of the city lies in its history.（这座城市的魅力在于它的历史。）
fast-food	例句：Fast-food restaurants are popular among young people.（快餐店在年轻人中很受欢迎。）
fast-food	例句：He ate a fast-food burger for lunch.（他午餐吃了一个快餐汉堡。）
fast-food	例句：The fast-food industry is growing rapidly.（快餐行业正在迅速发展。）
fatal	例句：A fatal mistake can ruin everything.（一个致命的错误可以毁掉一切。）
fatal	例句：It seems that their fate is fatal.（他们的命运似乎是命中注定的。）
fatal	例句：The accident was fatal.（这次事故是致命的。）
fatigue	例句：Fatigue is a common symptom of many diseases.（疲劳是许多疾病的常见症状。）
fatigue	例句：Long hours of work can cause fatigue.（长时间工作会导致疲劳。）
fatigue	例句：She was suffering from fatigue.（她感到很疲劳。）
faux	例句：His smile was faux.（他的微笑是虚伪的。）
faux	例句：She wore a faux fur coat.（她穿了一件人造毛皮大衣。）
faux	例句：This painting is faux.（这幅画是假的。）
favorable	例句：He has a favorable opinion of the project.（他对这个项目有赞成的看法。）
favorable	例句：She made a favorable impression.（她给人留下了好印象。）
favorable	例句：The conditions are favorable for growth.（这些条件对生长有利。）
fax	例句：He sent a fax to his colleague.（他给他的同事发了一份传真。）
fax	例句：She received a fax from the client.（她收到了客户的一份传真。）
fax	例句：The fax machine is out of order.（传真机坏了。）
fertile	例句：She is a fertile writer.（她是一位多产的作家。）
fertile	例句：The area is fertile in natural resources.（这个地区自然资源丰富。）
fertile	例句：The soil is fertile.（土壤肥沃。）
festival	例句：The festival was full of joy and excitement.（这个节日充满了欢乐和兴奋。）
festival	例句：The town holds a festival every year.（这个城镇每年都举办一个节日。）
festival	例句：They are planning a music festival.（他们正在计划一个音乐节。）
fibre	例句：Eating foods high in fibre is good for health.（吃高纤维的食物对健康有益。）
fibre	例句：Fibre helps with digestion.（纤维素有助于消化。）
fibre	例句：The carpet is made of synthetic fibre.（这块地毯是由合成纤维制成的。）
fiction	例句：He is good at writing fiction.（他擅长写小说。）
fiction	例句：She loves reading fiction.（她喜欢读小说。）
fiction	例句：The story is pure fiction.（这个故事纯属虚构。）
fief	例句：Fiefs were important in feudal society.（封地在封建社会很重要。）
fief	例句：The knight was given a fief by the king.（骑士被国王赐予了一块封地。）
fief	例句：We can study the history of fiefs.（我们可以研究封地的历史。）
figure	例句：I can't figure out how to solve this problem.（我想不出如何解决这个问题。）
figure	例句：The figure for unemployment has risen again.（失业数字又上升了。）
figure	例句：The figure on the wall is a beautiful painting.（墙上的图形是一幅美丽的画。）
figurine	例句：He is admiring the figurine.（他在欣赏小雕像。）
figurine	例句：She placed the figurine on the shelf.（她把小雕像放在架子上。）
figurine	例句：The figurine is made of porcelain.（这个小雕像由瓷器制成。）
file	例句：He filed a complaint with the manager.（他向经理提出了投诉。）
file	例句：I need to find a specific file.（我需要找到一个特定的文件。）
file	例句：She used a file to sharpen the pencil.（她用锉刀削铅笔。）
filer	例句：He used a filer to smooth the edges.（他用锉刀把边缘磨平。）
filer	例句：The filer is responsible for organizing the files.（文件归档员负责整理文件。）
filer	例句：The filer's job is important for office efficiency.（文件归档员的工作对办公室效率很重要。）
filet	例句：He fileted the chicken carefully.（他小心地把鸡肉切成片。）
filet	例句：She ordered a filet of fish.（她点了一份鱼片。）
filet	例句：The filet mignon is delicious.（菲力牛排很美味。）
film	例句：I watched a great film last night.（我昨晚看了一部很棒的电影。）
film	例句：The window was covered with a film of dust.（窗户上覆盖着一层灰尘。）
film	例句：They are planning to film a new movie.（他们正在计划拍摄一部新电影。）
fin	例句：He studied the structure of fish fins.（他研究了鱼鳍的结构。）
fin	例句：The fish has beautiful fins.（这条鱼有漂亮的鳍。）
fin	例句：The shark's fin is very large.（鲨鱼的鳍很大。）
final	例句：She made some final adjustments to her presentation.（她对自己的展示做了最后的调整。）
final	例句：The final decision lies with the board of directors.（最终决定权在董事会手中。）
final	例句：The final exam will be held next week.（期末考试将于下周举行。）
finale	例句：The finale brought the story to a satisfying end.（最后一幕使故事有了一个令人满意的结局。）
finale	例句：The finale of the concert was amazing.（音乐会的终曲令人惊叹。）
finale	例句：They are waiting for the finale of the movie.（他们在等待电影的结局。）
finance	例句：He works in finance.（他从事金融工作。）
finance	例句：The government needs to manage its finances well.（政府需要妥善管理财政。）
finance	例句：They financed the project with a loan.（他们用贷款为这个项目提供资金。）
financier	例句：Financiers play an important role in the economy.（金融家在经济中起着重要作用。）
financier	例句：She is a successful financier.（她是一位成功的金融家。）
financier	例句：The financier invested in the project.（这位金融家投资了这个项目。）
finesse	例句：He finessed the situation.（他巧妙地处理了这种情况。）
finesse	例句：He played the game with finesse.（他巧妙地玩这个游戏。）
finesse	例句：She has finesse in dealing with people.（她在与人打交道方面很有技巧。）
fisc	例句：How is the fisc funded?（国库是如何获得资金的？）
fisc	例句：The fisc is responsible for managing the country's finances.（国库负责管理国家的财政。）
fisc	例句：What are the functions of the fisc?（国库的功能有哪些？）
fiscal	例句：The fiscal year starts in April.（财政年度从四月开始。）
fiscal	例句：The government is facing fiscal challenges.（政府面临着财政挑战。）
fiscal	例句：We need to pay attention to fiscal policy.（我们需要关注财政政策。）
fissure	例句：The earth is fissured after the earthquake.（地震后地面裂开了。）
fissure	例句：The relationship between them fissured.（他们之间的关系出现了裂痕。）
fissure	例句：There is a fissure in the wall.（墙上有一条裂缝。）
fixer	例句：Fixers may operate in the shadows.（操纵者可能在幕后操作。）
fixer	例句：He is a fixer who can solve any problem.（他是一个能解决任何问题的人。）
fixer	例句：What are the roles of fixers in society?（解决问题的人在社会中扮演什么角色？）
flagrant	例句：His behavior was flagrant disrespect for the rules.（他的行为是对规则的公然不尊重。）
flagrant	例句：It was a flagrant abuse of power.（这是公然的滥用权力。）
flagrant	例句：The company's flagrant violation of environmental laws was punished.（这家公司公然违反环境法而受到了惩罚。）
flair	例句：He showed flair in his performance.（他在表演中表现出才能。）
flair	例句：She has a flair for design.（她有设计的天资。）
flair	例句：The restaurant has a flair for presentation.（这家餐厅在呈现方面有鉴别力。）
flash	例句：His smile was a flash of brightness.（他的微笑是一道亮光。）
flash	例句：The car flashed by.（汽车飞驰而过。）
flash	例句：There was a flash of lightning.（有一道闪电。）
flatter	例句：He tried to flatter his boss with compliments to get a promotion.（他试图用恭维话来奉承老板，以获得晋升。）
flatter	例句：His ego was flattered by the attention.（他的自尊心因受到关注而得到满足。）
flatter	例句：She flattered him by praising his work.（她通过赞扬他的工作来奉承他。）
flipper	例句：He put on his flippers and went snorkeling.（他穿上脚蹼去浮潜。）
flipper	例句：The dolphin uses its flippers to swim.（海豚用它的鳍状肢游泳。）
flipper	例句：The penguin's flippers help it move on land and in water.（企鹅的鳍状肢帮助它在陆地和水中移动。）
flirt	例句：Flirting can be a way to show interest.（调情可以是一种表示兴趣的方式。）
flirt	例句：He is a flirt.（他是个爱调情的人。）
flirt	例句：She flirts with everyone.（她跟每个人都调情。）
flux	例句：Electromagnetic flux is an important concept in physics.（电磁通量在物理学中是一个重要的概念。）
flux	例句：The company is trying to manage the flux of orders.（公司正试图管理订单的不断变化。）
flux	例句：The market is in a state of flux.（市场处于不断变化之中。）
foetus	例句：She is concerned about the health of her foetus.（她很关心自己胎儿的健康。）
foetus	例句：The development of the foetus can be monitored through ultrasound.（胎儿的发育可以通过超声波进行监测。）
foetus	例句：The foetus is protected by the amniotic sac.（胎儿受到羊膜囊的保护。）
fond	例句：He has a fond memory of his childhood.（他对童年有美好的回忆。）
fond	例句：She is fond of reading.（她喜欢读书。）
fond	例句：The parents are fond of their children.（父母宠爱他们的孩子。）
foot	例句：He hurt his foot.（他伤了脚。）
foot	例句：The foot of the mountain is beautiful.（山脚下很美。）
foot	例句：We walk to school on foot every morning.（我们每天早上步行上学。）
football	例句：Football is one of the most popular sports in the world.（足球是世界上最受欢迎的运动之一。）
football	例句：He is a big fan of football and never misses any important games.（他是个足球迷，从不错过任何重要比赛。）
football	例句：The children are playing football on the playground.（孩子们在操场上踢足球。）
force	例句：He forced himself to stay awake.（他强迫自己保持清醒。）
force	例句：The force of the explosion was tremendous.（爆炸的力量是巨大的。）
force	例句：They used force to solve the problem.（他们用武力解决问题。）
forger	例句：The blacksmith is also known as a forger.（铁匠也被称为伪造者。）
forger	例句：The forger was skilled at imitating signatures.（这个伪造者擅长模仿签名。）
forger	例句：The police arrested the forger of counterfeit money.（警察逮捕了伪造假币的人。）
formation	例句：The aircrafts flew in formation.（飞机编队飞行。）
formation	例句：The formation of the galaxy is a complex process.（星系的形成是一个复杂的过程。）
formation	例句：The rock has a unique formation.（这块岩石有独特的构造。）
former	例句：He has to choose between the former and the latter.（他必须在前者和后者之间做出选择。）
former	例句：He is a former student of this school.（他是这所学校的以前的学生。）
former	例句：The former president is still respected.（前总统仍然受到尊重。）
formidable	例句：He has a formidable intellect.（他有一个强大的智力。）
formidable	例句：She is a formidable opponent.（她是一个令人敬畏的对手。）
formidable	例句：The task seems formidable.（这个任务看起来很艰巨。）
fort	例句：The old fort is a popular tourist attraction.（这座古老的堡垒是一个受欢迎的旅游景点。）
fort	例句：The soldiers took refuge in the fort.（士兵们在堡垒中避难。）
fort	例句：They built a fort to defend the city.（他们建造了一座堡垒来保卫城市。）
fortune	例句：He made a fortune in business.（他在生意上发了财。）
fortune	例句：His fortune changed overnight.（他的命运在一夜之间改变了。）
fortune	例句：She had good fortune in finding a job.（她很幸运地找到了一份工作。）
fosse	例句：The castle was surrounded by a fosse.（城堡被一条护城河环绕。）
fosse	例句：The fosse was filled with water.（壕沟里装满了水。）
fosse	例句：They dug a fosse to protect the city.（他们挖了一条壕沟来保护城市。）
four	例句：He has four brothers.（他有四个兄弟。）
four	例句：The book has four chapters.（这本书有四章。）
four	例句：There are four apples on the table.（桌子上有四个苹果。）
foyer	例句：The foyer of the hotel is beautifully decorated.（酒店的门厅装饰得很漂亮。）
foyer	例句：There are comfortable chairs in the foyer.（门厅里有舒适的椅子。）
foyer	例句：We waited in the foyer for the concert to start.（我们在门厅里等待音乐会开始。）
fracas	例句：The fracas broke out between the two groups.（两群人之间爆发了一场打斗。）
fracas	例句：The police were called to deal with the fracas.（警察被叫来处理这场吵闹。）
fracas	例句：There was a fracas in the bar.（酒吧里有一场吵闹。）
fracture	例句：He suffered a fracture in his leg.（他的腿骨折了。）
fracture	例句：The fracture in the rock was caused by pressure.（岩石中的断裂是由压力造成的。）
fracture	例句：The stress fractured the material.（压力使材料断裂。）
fragile	例句：Her fragile health requires special attention.（她脆弱的健康状况需要特别关注。）
fragile	例句：The ecosystem is fragile.（生态系统很脆弱。）
fragile	例句：The vase is fragile, so handle it with care.（这个花瓶易碎，所以要小心拿放。）
fragment	例句：He found a fragment of the ancient pottery.（他发现了一块古代陶器的碎片。）
fragment	例句：The story was fragmented and hard to follow.（这个故事支离破碎，很难理解。）
fragment	例句：The vase broke into fragments.（花瓶碎成了碎片。）
franc	例句：He had some old francs.（他有一些旧法郎。）
franc	例句：The franc was once the currency of France.（法郎曾经是法国的货币。）
franc	例句：The price was in francs.（价格是用法郎表示的。）
franchise	例句：All citizens have the franchise.（所有公民都有选举权。）
franchise	例句：The company has a franchise to operate in this area.（这家公司有在这个地区经营的特许经营权。）
franchise	例句：The government franchised the new company.（政府授予了这家新公司特许经营权。）
front	例句：He is standing at the front of the line.（他站在队伍的前面。）
front	例句：The car crashed into the front of the building.（汽车撞上了建筑物的正面。）
front	例句：The soldiers are on the front.（士兵们在前线。）
fruit	例句：His hard work bore fruit.（他的努力工作取得了成果。）
fruit	例句：I ate an apple, a fruit.（我吃了一个苹果，一种水果。）
fruit	例句：The tree bears fruit.（这棵树结果实。）
frustration	例句：He felt a lot of frustration when he failed the exam.（他考试不及格时感到非常沮丧。）
frustration	例句：She expressed her frustration at the situation.（她对这种情况表示不满。）
frustration	例句：The project's delay caused frustration among the team.（项目的延迟在团队中引起了不满。）
fugue	例句：He composed a beautiful fugue.（他创作了一首优美的赋格曲。）
fugue	例句：She fell into a fugue after the trauma.（她在创伤后陷入了一种神游状态。）
fugue	例句：Some people use fugue as a way to escape reality.（一些人用逃避现实作为一种方式。）
fun	例句：Life should be full of fun.（生活应该充满乐趣。）
fun	例句：This is a fun game.（这是一个有趣的游戏。）
fun	例句：We had a lot of fun at the party.（我们在聚会上玩得很开心。）
fusible	例句：The fusible plug melted.（易熔塞熔化了。）
fusible	例句：The material is fusible at a low temperature.（这种材料在低温下是易熔的。）
fusible	例句：They used fusible metal.（他们使用了易熔金属。）
fusillade	例句：The fusillade continued for several minutes.（连续射击持续了几分钟。）
fusillade	例句：The fusillade of gunfire startled everyone.（枪炮的齐射让每个人都吓了一跳。）
fusillade	例句：They were caught in a fusillade of bullets.（他们陷入了一阵弹雨之中。）
fusion	例句：Scientists are researching nuclear fusion.（科学家们正在研究核聚变。）
fusion	例句：The fusion of different cultures is beautiful.（不同文化的融合很美丽。）
fusion	例句：The metal undergoes fusion.（这种金属经历熔化。）
futile	例句：Futile efforts only waste time and energy.（无用的努力只会浪费时间和精力。）
futile	例句：His attempts to change her mind were futile.（他试图改变她的想法是徒劳的。）
futile	例句：The search for the missing key became futile.（寻找丢失的钥匙变得徒劳。）
gadget	例句：He has a new gadget for his phone.（他有一个新的手机小装置。）
gadget	例句：She loves collecting gadgets.（她喜欢收集小器具。）
gadget	例句：The gadget is very useful.（这个小器具很有用。）
gaffe	例句：His gaffe during the speech was widely criticized.（他在演讲中的失言受到了广泛批评。）
gaffe	例句：She tried to recover from her gaffe.（她试图从她的失言中恢复过来。）
gaffe	例句：That was a major gaffe.（那是一个重大的失态。）
gaffer	例句：He is the gaffer on the construction site.（他是建筑工地上的领班。）
gaffer	例句：The gaffer is in charge of the workers.（工头负责管理工人。）
gaffer	例句：The old gaffer has a lot of experience.（这位老人有很多经验。）
gag	例句：He put a gag in the prisoner's mouth.（他在囚犯的嘴里塞了一个塞口物。）
gag	例句：The actor wore a funny gag in the school show.（演员在校园演出里戴了搞笑的口套道具。）
gag	例句：The comedian told a funny gag.（喜剧演员讲了一个有趣的笑话。）
gage	例句：He accepted the gage and prepared for the duel.（他接受了挑战，准备决斗。）
gage	例句：The engineer used a gage to measure the pressure.（工程师用测量仪器测量压力。）
gage	例句：What is the gage of this wire?（这根电线的规格是多少？）
gain	例句：He hopes to gain knowledge from the book.（他希望从这本书中获得知识。）
gain	例句：The company aims to gain a competitive edge.（这家公司旨在获得竞争优势。）
gain	例句：The gain in sales was significant.（销售额的增加很显著。）
gala	例句：She wore a beautiful gown to the gala.（她穿着一件漂亮的礼服去参加盛会。）
gala	例句：The gala was a glamorous event.（这个庆典是一个光彩夺目的活动。）
gala	例句：We attended a gala to raise money for charity.（我们参加了一个盛会为慈善筹款。）
gale	例句：A gale is blowing from the north.（一阵大风从北方吹来。）
gale	例句：The gale was so strong that it damaged many buildings.（狂风非常猛烈，损坏了许多建筑物。）
gale	例句：The ship was tossed about by the gale.（船被大风刮得颠簸不定。）
gang	例句：A gang of thieves broke into the store.（一帮小偷闯进了商店。）
gang	例句：He is a member of a gang.（他是一个团伙的成员。）
gang	例句：They ganged up on him.（他们联合起来对付他。）
gangster	例句：Gangster movies are popular.（黑帮电影很受欢迎。）
gangster	例句：The gangster was arrested by the police.（歹徒被警察逮捕了。）
gangster	例句：They were threatened by gangsters.（他们受到了歹徒的威胁。）
garage	例句：He took his car to the garage for repairs.（他把车送到汽车修理厂修理。）
garage	例句：I need to clean out the garage.（我需要清理车库。）
garage	例句：The garage is too small for two cars.（这个车库对于两辆车来说太小了。）
gauche	例句：He is rather gauche in social situations.（他在社交场合相当不善交际。）
gauche	例句：He was gauche at the party.（他在聚会上很笨拙。）
gauche	例句：Her gauche behavior embarrassed everyone.（她笨拙的行为让每个人都很尴尬。）
gay	例句：He came out as gay to his family.（他向家人出柜，表明自己是同性恋者。）
gay	例句：She has a gay personality.（她性格开朗。）
gay	例句：The flowers are gay and colorful.（这些花鲜艳多彩。）
gazelle	例句：A herd of gazelles was spotted in the distance.（远处看到一群瞪羚。）
gazelle	例句：Gazelles are known for their speed.（瞪羚以其速度而闻名。）
gazelle	例句：The gazelle ran gracefully across the savannah.（瞪羚优雅地跑过热带草原。）
gel	例句：The gel has a smooth texture.（凝胶质地光滑。）
gel	例句：The hair gel gives a firm hold.（发胶有很强的定型作用。）
gel	例句：The substance turns into a gel when cooled.（这种物质冷却时会变成凝胶。）
gendarme	例句：He was arrested by the gendarme.（他被宪兵逮捕了。）
gendarme	例句：The gendarme is responsible for maintaining order.（宪兵负责维持秩序。）
gendarme	例句：The gendarme patrolled the streets.（宪兵在街道上巡逻。）
genre	例句：He likes movies of different genres.（他喜欢不同类型的电影。）
genre	例句：The painting has a unique genre.（这幅画有一种独特的风格。）
genre	例句：This book belongs to the mystery genre.（这本书属于悬疑体裁。）
gens	例句：He belonged to a powerful gens.（他属于一个强大的氏族。）
gens	例句：The gens had its own traditions and customs.（这个氏族有自己的传统和习俗。）
gens	例句：The gens played an important role in ancient society.（氏族在古代社会中起着重要作用。）
gentleman	例句：A gentleman always behaves politely.（绅士总是举止有礼。）
gentleman	例句：He is a true gentleman.（他是一个真正的绅士。）
gentleman	例句：The gentleman opened the door for her.（这位绅士为她打开了门。）
ghetto	例句：He grew up in the ghetto.（他在贫民区长大。）
ghetto	例句：The ghetto is a place of poverty and crime.（贫民区是一个贫困和犯罪的地方。）
ghetto	例句：The ghetto residents face many difficulties.（贫民区的居民面临许多困难。）
gigantesque	例句：His imagination is gigantesque.（他的想象力非常巨大。）
gigantesque	例句：The mountain is gigantesque.（这座山非常巨大。）
gigantesque	例句：The painting has a gigantesque quality.（这幅画有一种如巨人般的特质。）
gin	例句：He likes to drink gin and tonic.（他喜欢喝杜松子酒和奎宁水。）
gin	例句：She was caught in a gin.（她陷入了一个陷阱。）
gin	例句：The gin factory is located near the river.（轧棉厂位于河边。）
glacial	例句：Progress was glacial.（进展很缓慢。）
glacial	例句：The landscape was shaped by glacial activity.（这片景观是由冰川活动形成的。）
glacial	例句：The water was glacial.（水很冰冷。）
glacier	例句：Glaciers move slowly.（冰川移动缓慢。）
glacier	例句：The glacier is a magnificent sight.（冰川是一个壮观的景象。）
glacier	例句：The study of glaciers is important for understanding climate.（对冰川的研究对于理解气候很重要。）
gland	例句：Glands can become inflamed or infected.（腺体可能会发炎或感染。）
gland	例句：He had a problem with his salivary gland.（他的唾液腺有问题。）
gland	例句：The thyroid gland is important for metabolism.（甲状腺腺体对新陈代谢很重要。）
global	例句：Global cooperation is essential.（全球合作是必要的。）
global	例句：The company has a global presence.（这家公司在全球都有业务。）
global	例句：We need to address global issues.（我们需要解决全球问题。）
globe	例句：He is holding a globe in his hand.（他手里拿着一个地球仪。）
globe	例句：The globe is a symbol of unity.（地球是团结的象征。）
globe	例句：They globed the clay to make a pot.（他们把黏土揉成球形来制作一个罐子。）
globule	例句：He globuled the wax.（他把蜡做成小球状。）
globule	例句：The globule is very small.（这个小球很小。）
globule	例句：There are many globules in the liquid.（液体里有很多小滴。）
gnome	例句：He shared a gnome of wisdom.（他分享了一句格言。）
gnome	例句：In folklore, gnomes are associated with magic.（在民间传说中，侏儒与魔法有关。）
gnome	例句：The garden has a gnome statue.（花园里有一个侏儒雕像。）
golf	例句：Golf is a challenging sport.（高尔夫球是一项具有挑战性的运动。）
golf	例句：He loves playing golf.（他喜欢打高尔夫球。）
golf	例句：She is learning to play golf.（她正在学习打高尔夫球。）
gorge	例句：He had a gorge on the delicious food.（他狼吞虎咽地吃着美味的食物。）
gorge	例句：The river flows through a deep gorge.（河流流经一个深峡谷。）
gorge	例句：The view from the gorge is breathtaking.（从峡谷望出去的景色令人惊叹。）
gourmand	例句：He is a gourmand who enjoys fine cuisine.（他是一个美食家，喜欢美味佳肴。）
gourmand	例句：She has a reputation as a gourmand.（她作为美食家而闻名。）
gourmand	例句：The gourmand sampled all the dishes at the restaurant.（这个贪吃的人品尝了餐厅里的所有菜肴。）
grade	例句：He got an A grade.（他得了一个 A 等级。）
grade	例句：The apples are graded according to size.（苹果根据大小分级。）
grade	例句：They are grading the papers.（他们正在给试卷评分。）
graffiti	例句：Graffiti can be both artistic and vandalism.（涂鸦既可以是艺术也可以是破坏行为。）
graffiti	例句：He was arrested for painting graffiti.（他因涂鸦而被捕。）
graffiti	例句：The walls are covered with graffiti.（墙上满是涂鸦。）
grain	例句：Grain is used to make flour and other products.（谷物被用来制作面粉和其他产品。）
grain	例句：The farmer harvested a large amount of grain.（农民收获了大量的谷物。）
grain	例句：What are the different types of grains?（有哪些不同类型的谷物？）
gramme	例句：He needs 300 grammes of sugar.（他需要 300 克糖。）
gramme	例句：The apple weighs 150 grammes.（这个苹果重 150 克。）
gramme	例句：The box contains 500 grammes of rice.（这个盒子里有 500 克大米。）
grand	例句：The hotel is grand.（这家酒店很豪华。）
grand	例句：The plan is grand in scale.（这个计划规模宏大。）
grand	例句：They held a grand ceremony.（他们举行了一场盛大的仪式。）
grandeur	例句：He was impressed by the grandeur of the ceremony.（他被仪式的宏伟所打动。）
grandeur	例句：The grandeur of the mountains is breathtaking.（山脉的壮丽令人惊叹。）
grandeur	例句：The palace is full of grandeur.（宫殿充满了宏伟。）
grandiose	例句：His ideas are grandiose.（他的想法很浮夸。）
grandiose	例句：The building has a grandiose design.（这座建筑有一个宏伟的设计。）
grandiose	例句：The speech was grandiose but lacked substance.（演讲很浮夸，但缺乏实质内容。）
grange	例句：He lives on a grange.（他住在一个农庄里。）
grange	例句：The grange is surrounded by fields.（庄园被田野环绕。）
grange	例句：They visited a beautiful grange.（他们参观了一个美丽的庄园。）
gratis	例句：He gave the book away gratis.（他免费送了这本书。）
gratis	例句：The service is provided gratis.（这项服务是免费提供的。）
gratis	例句：They received treatment gratis.（他们免费接受了治疗。）
gratitude	例句：Express your gratitude to those who help you.（向帮助你的人表达你的感激之情。）
gratitude	例句：Gratitude brings happiness.（感激带来幸福。）
gratitude	例句：We should cultivate gratitude.（我们应该培养感激之心。）
grave	例句：He spoke in a grave tone.（他用严肃的语气说话。）
grave	例句：The situation is grave.（情况很严重。）
grave	例句：They visited the grave of the famous person.（他们参观了那位名人的坟墓。）
graver	例句：He used a graver to carve the stone.（他用雕刻刀雕刻石头。）
graver	例句：The graver is an essential tool for sculptors.（雕刻刀是雕塑家的必备工具。）
graver	例句：The situation is even graver than we thought.（情况比我们想象的还要严重。）
grenade	例句：Grenades are dangerous weapons.（手榴弹是危险的武器。）
grenade	例句：He threw a grenade at the enemy.（他向敌人扔了一颗手榴弹。）
grenade	例句：The army uses grenades in combat.（军队在战斗中使用手榴弹。）
grille	例句：The building has a decorative grille.（这座建筑有一个装饰性的格栅。）
grille	例句：The car has a grille on the front.（汽车的前面有一个格栅。）
grille	例句：The grille protects the equipment.（格栅保护着设备。）
grimace	例句：Don't grimace like that.（不要那样做鬼脸。）
grimace	例句：He made a grimace when he tasted the sour lemon.（他尝了酸柠檬后做了个鬼脸。）
grimace	例句：She grimaced at the bad smell.（她对着难闻的气味做鬼脸。）
grotesque	例句：The creature was grotesque in appearance.（这个生物的外表很怪诞。）
grotesque	例句：The painting had a grotesque quality.（这幅画有一种怪诞的特质。）
grotesque	例句：What is the meaning of grotesque in art?（在艺术中，“怪诞” 的含义是什么？）
grouper	例句：Groupers can grow to a large size.（石斑鱼可以长到很大的尺寸。）
grouper	例句：He saw a beautiful grouper on his dive.（他在潜水时看到了一条美丽的石斑鱼。）
grouper	例句：The grouper is a popular fish for cooking.（石斑鱼是一种很受欢迎的烹饪用鱼。）
guide	例句：He acts as a guide for tourists.（他充当游客的向导。）
guide	例句：The teacher guides the students in their studies.（老师指导学生学习。）
guide	例句：The travel guide is very useful.（旅游指南非常有用。）
guise	例句：Don't be deceived by his guise.（不要被他的伪装所欺骗。）
guise	例句：She appeared in a different guise.（她以不同的面貌出现。）
guise	例句：Under the guise of friendship, he was actually spying on us.（他以友谊为借口，实际上在监视我们。）
gym	例句：He works out at the gym.（他在健身房锻炼。）
gym	例句：I go to the gym every day.（我每天都去健身房。）
gym	例句：The gym is equipped with modern facilities.（这个健身房配备了现代化的设施。）
ha	例句：Ha! I knew it.（哈！我就知道。）
ha	例句：Ha, you can't fool me.（哈，你骗不了我。）
ha	例句：She laughed and said, “Ha!”（她笑着说：“嘿！”）
habit	例句：Breaking a bad habit is not easy.（改掉一个坏习惯不容易。）
habit	例句：Developing good habits is important.（养成好习惯很重要。）
habit	例句：He has a habit of reading before going to bed.（他有睡前读书的习惯。）
habitant	例句：He is a habitant of this town.（他是这个镇的居民。）
habitant	例句：The habitant's life is simple.（居民的生活很简单。）
habitant	例句：The habitants of the island are friendly.（这个岛上的居民很友好。）
habitude	例句：He has a habitude of reading before going to sleep.（他有睡前读书的习惯。）
habitude	例句：Her habitude of being punctual is admirable.（她守时的习惯令人钦佩。）
habitude	例句：The habitude of animals can be changed by training.（动物的习性可以通过训练改变。）
hall	例句：The concert hall is beautiful.（音乐厅很漂亮。）
hall	例句：The wedding was held in a grand hall.（婚礼在一个宏伟的会堂举行。）
hall	例句：There is a long hall in the building.（大楼里有一条长长的走廊。）
hallucination	例句：Hallucinations can be a symptom of certain mental disorders.（幻觉可能是某些精神障碍的症状。）
hallucination	例句：He had vivid hallucinations after the accident.（事故后他有生动的幻觉。）
hallucination	例句：The patient described his hallucinations to the doctor.（病人向医生描述了他的幻觉。）
hamburger	例句：He bought a hamburger from the stand.（他从摊位上买了一个汉堡包。）
hamburger	例句：The hamburger has lettuce and tomato.（这个汉堡包有生菜和西红柿。）
hamburger	例句：The hamburger is a popular fast food.（汉堡包是一种受欢迎的快餐。）
hamster	例句：Hamsters are cute and playful.（仓鼠可爱又好玩。）
hamster	例句：She has a pet hamster.（她有一只宠物仓鼠。）
hamster	例句：The hamster is a small rodent.（仓鼠是一种小啮齿动物。）
handicap	例句：His lack of education was a handicap in his career.（他缺乏教育是他职业生涯中的一个不利条件。）
handicap	例句：People with handicaps need special support.（残疾人需要特殊的支持。）
handicap	例句：The golf course has different handicaps for different players.（高尔夫球场对不同的球员有不同的障碍难度。）
hangar	例句：The hangar is large enough to hold several planes.（这个飞机库足够大，可以容纳几架飞机。）
hangar	例句：The planes are parked in the hangar.（飞机停在飞机库里。）
hangar	例句：They are repairing the plane in the hangar.（他们在飞机库里修理飞机。）
hauteur	例句：Hauteur can damage relationships.（傲慢会破坏关系。）
hauteur	例句：He showed hauteur in his dealings with others.（他在与别人打交道时表现出傲慢。）
hauteur	例句：Her hauteur was off-putting.（她的傲慢让人反感。）
hectare	例句：The field is one hectare in size.（这块地面积为一公顷。）
hectare	例句：The forest covers many hectares.（这片森林覆盖了很多公顷。）
hectare	例句：They bought a hectare of land.（他们买了一公顷土地。）
hippie	例句：He was a hippie in his youth.（他年轻时是个嬉皮士。）
hippie	例句：She has a hippie style.（她有嬉皮士风格。）
hippie	例句：The hippie culture was very popular.（嬉皮士文化很受欢迎。）
hobby	例句：His hobby is collecting stamps.（他的爱好是集邮。）
hobby	例句：Hobby can bring joy and relaxation.（爱好可以带来快乐和放松。）
hobby	例句：She took up a new hobby of gardening.（她开始了一项新的爱好 —— 园艺。）
hockey	例句：He plays hockey on the weekends.（他在周末打曲棍球。）
hockey	例句：Hockey is a popular sport.（曲棍球是一项受欢迎的运动。）
hockey	例句：We need to watch a hockey game.（我们需要看一场曲棍球比赛。）
hold-up	例句：The bank was robbed in a hold-up.（银行在一次抢劫中被抢。）
hold-up	例句：The traffic hold-up made him late.（交通耽搁使他迟到了。）
hold-up	例句：There was a hold-up in the construction work.（建筑工程出现了阻碍。）
homicide	例句：Homicide is a serious crime.（杀人是一种严重的罪行。）
homicide	例句：The rate of homicide is increasing.（杀人率在上升。）
homicide	例句：They are investigating a homicide case.（他们正在调查一起杀人案件。）
honorable	例句：He is an honorable man.（他是一个高尚的人。）
honorable	例句：It is an honorable thing to do.（这是一件光荣的事情。）
honorable	例句：The honorable judge made a fair decision.（这位可敬的法官做出了公正的裁决。）
horde	例句：A horde of tourists visited the museum.（一大群游客参观了博物馆。）
horde	例句：He was surrounded by a horde of children.（他被一大群孩子包围着。）
horde	例句：The horde swept through the countryside.（游牧部落席卷了乡村。）
horizon	例句：He has a broad horizon.（他有广阔的视野。）
horizon	例句：The project is on the horizon.（这个项目即将到来。）
horizon	例句：The ship disappeared over the horizon.（船消失在地平线上。）
hormone	例句：Hormone levels can be affected by stress.（激素水平会受到压力的影响。）
hormone	例句：Hormones play important roles in the body.（激素在身体中起着重要作用。）
hormone	例句：The balance of hormones is crucial for health.（激素的平衡对健康至关重要。）
horoscope	例句：Horoscopes are not scientifically proven.（占星术没有被科学证实。）
horoscope	例句：She reads her horoscope every day.（她每天看她的星座运势。）
horoscope	例句：The horoscope for today is positive.（今天的星座运势是积极的。）
horrible	例句：He had a horrible nightmare.（他做了一个可怕的噩梦。）
horrible	例句：The accident was horrible.（这场事故很可怕。）
horrible	例句：The movie was so horrible that I left early.（这部电影太可怕了，我提前离开了。）
hors	例句：He is hors the law.（他在法律之外。）
hors	例句：Hors d'oeuvres are served before the meal.（餐前小吃在正餐之外供应。）
hors	例句：Hors this, there is nothing else.（除了这个，没有别的了。）
hospice	例句：Hospice care is important for those in need.（临终关怀对有需要的人很重要。）
hospice	例句：She volunteers at a hospice.（她在一家临终关怀医院做志愿者。）
hospice	例句：The hospice provides care for the terminally ill.（临终关怀医院为绝症患者提供护理。）
hostile	例句：He has a hostile attitude.（他态度敌对。）
hostile	例句：The environment is hostile to life.（这种环境对生命不友好。）
hostile	例句：They are in hostile territory.（他们在敌方领土上。）
hot dog	例句：He is a hot dog at skiing.（他是个滑雪高手。）
hot dog	例句：I love eating hot dogs.（我喜欢吃热狗。）
hot dog	例句：The vendor sold hot dogs at the stadium.（小贩在体育场卖热狗。）
hot-dog	例句：He bought a hot-dog from the street vendor.（他从街头小贩那里买了一个热狗。）
hot-dog	例句：He hot-dogged on his skateboard, doing tricks.（他在滑板上卖弄，做各种技巧动作。）
hot-dog	例句：We bought a hot-dog for lunch in the park.（我们在公园买了热狗当午餐。）
hum	例句：She hums a tune while working.（她工作时哼唱着曲调。）
hum	例句：The bees hum around the flowers.（蜜蜂在花周围嗡嗡叫。）
hum	例句：The machine hums softly.（机器轻轻地发出嗡嗡声。）
humble	例句：He is a humble man.（他是一个谦逊的人。）
humble	例句：She lives in a humble cottage.（她住在一个简陋的小屋里。）
humble	例句：The experience humbled him.（这次经历使他感到谦卑。）
humiliation	例句：He felt deep humiliation after being publicly criticized.（在被公开批评后，他感到极度的羞辱。）
humiliation	例句：Humiliation can have a long-lasting impact on a person.（羞辱可能对一个人产生持久的影响。）
humiliation	例句：The experience was a source of humiliation for her.（这次经历对她来说是一种耻辱。）
humour	例句：His jokes are full of humour.（他的笑话充满了幽默。）
humour	例句：She has a great sense of humour.（她很有幽默感。）
humour	例句：The movie is full of humour and charm.（这部电影充满了幽默和魅力。）
hurler	例句：He is a talented hurler.（他是一个有才华的投手。）
hurler	例句：The hurler has a powerful arm.（这位投手有一只强壮的手臂。）
hurler	例句：The hurler threw the ball fast.（投手快速地投出了球。）
hyper	例句：He was in a hyper state after winning the race.（他在赢得比赛后处于一种亢奋的状态。）
hyper	例句：She has a hyper sense of responsibility.（她有一种过分的责任感。）
hyper	例句：The hyper child couldn't sit still.（这个高度紧张的孩子坐不住。）
hypocrite	例句：He is a hypocrite who says one thing and does another.（他是一个言行不一的伪君子。）
hypocrite	例句：She despises hypocrites.（她鄙视伪君子。）
hypocrite	例句：The hypocrite was exposed in the end.（伪君子最终被揭露了。）
identification	例句：She showed her identification to enter the building.（她出示了身份证明以进入大楼。）
identification	例句：The identification of the suspect was crucial for the investigation.（嫌疑犯的识别对调查至关重要。）
identification	例句：The process of identification can be difficult.（识别的过程可能会很困难。）
identifier	例句：The identifier helps in tracking and management.（标识符有助于跟踪和管理。）
identifier	例句：The identifier is used to distinguish one item from another.（标识符用于区分一个项目与另一个项目。）
identifier	例句：We need to assign a unique identifier to each product.（我们需要给每个产品分配一个唯一的标识符。）
idiot	例句：Don't call me an idiot.（别叫我白痴。）
idiot	例句：He is an idiot for doing that.（他那样做真是个白痴。）
idiot	例句：They are acting like idiots.（他们的行为像白痴一样。）
ignoble	例句：An ignoble person is despised.（一个卑鄙的人会被人鄙视。）
ignoble	例句：His actions were ignoble.（他的行为不光彩。）
ignoble	例句：The ignoble deed brought shame.（那个下贱的行为带来了耻辱。）
ignorance	例句：His ignorance of history is surprising.（他对历史的无知令人惊讶。）
ignorance	例句：Ignorance can lead to mistakes.（无知会导致错误。）
ignorance	例句：We should try to overcome ignorance.（我们应该努力克服无知。）
ignorant	例句：He is ignorant of the facts.（他不知道这些事实。）
ignorant	例句：People were ignorant about the disease.（人们对这种疾病一无所知。）
ignorant	例句：She is ignorant of modern technology.（她对现代科技一无所知。）
illusion	例句：She lives under the illusion that she is happy.（她生活在一种她很幸福的错觉之中。）
illusion	例句：The beauty of the sunset is an illusion.（日落的美丽是一种假象。）
illusion	例句：The magician created an illusion.（魔术师创造了一个错觉。）
image	例句：She has a good image in public.（她在公众中有良好的形象。）
image	例句：The book created an image of a bygone era.（这本书营造出了一个过去时代的印象。）
image	例句：The image on the screen is clear.（屏幕上的图像很清晰。）
imagination	例句：Children have rich imaginations.（孩子们有丰富的想象力。）
imagination	例句：His imagination is very vivid.（他的想象非常生动。）
imagination	例句：She uses her imagination to create stories.（她用她的想象力创作故事。）
imitation	例句：His painting is an imitation of a famous work.（他的画是一幅著名作品的仿制品。）
imitation	例句：Imitation is not the same as innovation.（模仿不同于创新。）
imitation	例句：There are many imitations on the market.（市场上有很多仿制品。）
immature	例句：His behavior is immature.（他的行为不成熟。）
immature	例句：She is still immature and needs to grow up.（她还不成熟，需要长大。）
immature	例句：The idea is immature and needs more thought.（这个想法不成熟，需要更多的思考。）
immense	例句：He has an immense knowledge of history.（他对历史有着广博的知识。）
immense	例句：The ocean is immense.（海洋是巨大的。）
immense	例句：The sky seemed immense.（天空看起来无边无际。）
immigration	例句：Immigration can bring cultural diversity.（移民可以带来文化多样性。）
immigration	例句：Immigration has contributed to the cultural diversity of the country.（移民促进了这个国家的文化多样性。）
immigration	例句：Immigration has had a significant impact on the cultural diversity of this city.（移民对这座城市的文化多样性产生了重要影响。）
immigration	例句：Immigration policies are being debated.（移民政策正在被辩论。）
immigration	例句：The city has seen a significant increase in immigration in recent years.（近年来，这座城市的移民数量显著增加。）
immigration	例句：The government is implementing new policies to manage immigration.（政府正在实施新政策来管理移民。）
imminent	例句：He sensed an imminent threat.（他感觉到一个迫在眉睫的威胁。）
imminent	例句：The storm is imminent.（暴风雨迫在眉睫。）
imminent	例句：There is an imminent danger.（有一个即将发生的危险。）
immobile	例句：Immobile objects can be a source of stability.（不动的物体可以是稳定的来源。）
immobile	例句：The statue was immobile.（雕像一动不动。）
immobile	例句：What are the differences between mobile and immobile things?（可移动的和不可移动的东西有什么区别？）
immoral	例句：Cheating is immoral.（作弊是不道德的。）
immoral	例句：His behavior is immoral.（他的行为是不道德的。）
immoral	例句：The act was immoral and unacceptable.（这个行为是不道德的，不可接受的。）
impact	例句：The asteroid's impact was devastating.（小行星的撞击是毁灭性的。）
impact	例句：The economic crisis had a huge impact.（经济危机产生了巨大影响。）
impact	例句：The new policy will impact on businesses.（新政策将对企业产生影响。）
impasse	例句：Finding a way out of the impasse is crucial.（找到摆脱僵局的方法至关重要。）
impasse	例句：The situation seemed to be at an impasse.（情况似乎陷入了绝境。）
impasse	例句：They reached an impasse in the negotiations.（他们在谈判中陷入了僵局。）
impatience	例句：His impatience showed.（他的不耐烦表现出来了。）
impatience	例句：Impatience can lead to mistakes.（不耐烦会导致错误。）
impatience	例句：She couldn't hide her impatience.（她无法掩饰自己的急躁。）
impatient	例句：He is impatient with slow service.（他对缓慢的服务很不耐烦。）
impatient	例句：Impatient people may miss out on opportunities.（急躁的人可能会错过机会。）
impatient	例句：She became impatient waiting for the bus.（她等公共汽车等得不耐烦了。）
impeccable	例句：He has an impeccable reputation.（他有一个无可挑剔的声誉。）
impeccable	例句：Her manners were impeccable.（她的举止无可挑剔。）
impeccable	例句：The workmanship on the dress was impeccable.（这件衣服的做工完美无缺。）
implant	例句：Implants can improve quality of life.（植入物可以提高生活质量。）
implant	例句：The patient received a dental implant.（病人接受了一个牙科植入物。）
implant	例句：The surgeon implanted a pacemaker.（外科医生植入了一个起搏器。）
implication	例句：He didn't realize the implication of his actions.（他没有意识到自己行为的牵连。）
implication	例句：The implication of this decision is significant.（这个决定的含义很重大。）
implication	例句：There are many implications in his statement.（他的陈述有很多含义。）
importance	例句：She realized the importance of time management.（她意识到了时间管理的重要性。）
importance	例句：The importance of this project cannot be overstated.（这个项目的重要性怎么强调都不为过。）
importance	例句：We should understand the importance of education.（我们应该理解教育的重要性。）
important	例句：Health is important.（健康很重要。）
important	例句：This is an important meeting.（这是一个重要的会议。）
important	例句：We need to focus on important issues.（我们需要关注重要问题。）
importer	例句：He is a major importer of electronics.（他是一个主要的电子产品进口商。）
importer	例句：The importer has to deal with customs regulations.（进口商必须处理海关规定。）
importer	例句：The importer is responsible for bringing in goods.（进口商负责进口货物。）
impossible	例句：An impossible dream.（一个不可能实现的梦想。）
impossible	例句：It's impossible to predict the future.（预测未来是不可能的。）
impossible	例句：The task seems impossible.（这个任务似乎不可能完成。）
impression	例句：He made a good impression on everyone.（他给每个人都留下了好印象。）
impression	例句：I have the impression that he is a nice person.（我有一个印象，他是一个好人。）
impression	例句：The beautiful scenery gave me a wonderful impression.（美丽的风景给我留下了美妙的印象。）
improbable	例句：It is improbable that he will come.（他不大可能会来。）
improbable	例句：Such an outcome is improbable.（这样的结果不大可能。）
improbable	例句：The story seems improbable.（这个故事似乎不大可能。）
imprudent	例句：His behavior is imprudent.（他的行为轻率。）
imprudent	例句：Imprudent actions can have serious consequences.（轻率的行为可能会有严重后果。）
imprudent	例句：It was imprudent of her to make that decision.（她做出那个决定是不谨慎的。）
impuissance	例句：His impuissance was evident in his inability to act.（他的无力在他无法行动中很明显。）
impuissance	例句：Impuissance can be overcome with determination.（无力可以通过决心来克服。）
impuissance	例句：The country was in a state of impuissance.（这个国家处于无力的状态。）
impuissant	例句：He felt impuissant in the face of the problem.（面对这个问题他感到无力。）
impuissant	例句：She was impuissant to change the situation.（她无力改变这种情况。）
impuissant	例句：The army was impuissant against the enemy.（军队对敌人无能为力。）
impulsion	例句：He acted on impulsion.（他凭冲动行事。）
impulsion	例句：Impulsion can lead to both good and bad outcomes.（冲动可能会带来好的和坏的结果。）
impulsion	例句：The impulsion to do something can be strong.（做某事的冲动可能很强烈。）
inacceptable	例句：His behavior is inacceptable.（他的行为不能接受。）
inacceptable	例句：Such actions are inacceptable.（这样的行为不能接受。）
inacceptable	例句：The offer is inacceptable.（这个提议不合意。）
inaccessible	例句：He found an inaccessible cave.（他发现了一个无法进入的洞穴。）
inaccessible	例句：The area is inaccessible due to bad weather.（由于天气恶劣，这个地区无法进入。）
inaccessible	例句：The mountain top is inaccessible.（山顶难以接近。）
inadmissible	例句：His behavior was inadmissible.（他的行为是不能接受的。）
inadmissible	例句：Such actions are inadmissible.（这样的行为是不被允许的。）
inadmissible	例句：The evidence is inadmissible in court.（这个证据在法庭上是不被允许的。）
inaudible	例句：His whisper was inaudible.（他的低语听不见。）
inaudible	例句：The music in the distance was inaudible.（远处的音乐听不见。）
inaudible	例句：The sound was too faint to be inaudible.（声音太微弱以至于听不见。）
inauguration	例句：The inauguration marked the beginning of a new era.（就职典礼标志着一个新时代的开始。）
inauguration	例句：The inauguration of the museum attracted many visitors.（博物馆的开幕式吸引了很多游客。）
inauguration	例句：The inauguration of the new president was a grand event.（新总统的就职典礼是一个盛大的活动。）
incapable	例句：He is incapable of doing the job.（他无能力做这份工作。）
incapable	例句：She was incapable of handling the situation.（她无能力处理这种情况。）
incapable	例句：The child is incapable of understanding complex ideas.（这个孩子无能力理解复杂的想法。）
incertitude	例句：His future is filled with incertitude.（他的未来充满了不确定。）
incertitude	例句：The situation is characterized by incertitude.（这种情况以不确定为特点。）
incertitude	例句：There is incertitude about the outcome.（结果存在不确定性。）
incident	例句：He reported the incident to the police.（他向警方报告了这起事件。）
incident	例句：The incident caused a lot of controversy.（这个事件引起了很多争议。）
incident	例句：There was a minor incident at the school.（学校发生了一起小事件。）
incision	例句：The incision needs to be stitched up.（切口需要缝合。）
incision	例句：The incision was clean and precise.（切口干净且精确。）
incision	例句：The surgeon made an incision.（外科医生做了一个切口。）
incorrect	例句：He made an incorrect decision.（他做出了一个错误的决定。）
incorrect	例句：The data is incorrect.（这些数据是不正确的。）
incorrect	例句：Your answer is incorrect.（你的答案是错误的。）
incurable	例句：His attitude is incurable.（他的态度不可救药。）
incurable	例句：The disease is incurable.（这种疾病无法治愈。）
incurable	例句：The problem seems incurable.（这个问题似乎无法解决。）
index	例句：Look up the word in the index.（在索引中查找这个词。）
index	例句：The index of a book helps you find information quickly.（一本书的索引能帮助你快速找到信息。）
index	例句：The stock index rose today.（股票指数今天上涨了。）
indication	例句：His words were an indication of his mood.（他的话是他心情的暗示。）
indication	例句：The doctor looked for indications of illness.（医生寻找疾病的迹象。）
indication	例句：There is no indication of a problem.（没有问题的迹象。）
indispensable	例句：An indispensable tool.（一个必不可少的工具。）
indispensable	例句：He is an indispensable member of the team.（他是团队中不可或缺的成员。）
indispensable	例句：Water is indispensable for life.（水对生命来说是不可或缺的。）
indulgence	例句：He has an indulgence in expensive wines.（他嗜好昂贵的葡萄酒。）
indulgence	例句：Indulgence in bad habits can lead to problems.（放纵于坏习惯会导致问题。）
indulgence	例句：Too much indulgence in sweets is bad for health.（过度沉溺于甜食对健康有害。）
indulgent	例句：An indulgent parent spoils the child.（纵容的父母会宠坏孩子。）
indulgent	例句：He has an indulgent attitude.（他有一种宽容的态度。）
indulgent	例句：She is indulgent with her children.（她对她的孩子很纵容。）
inestimable	例句：His contribution is inestimable.（他的贡献是无法估量的。）
inestimable	例句：The importance of education is inestimable.（教育的重要性是无法估量的。）
inestimable	例句：The value of friendship is inestimable.（友谊的价值是无法估量的。）
inexplicable	例句：His behavior is inexplicable.（他的行为无法解释。）
inexplicable	例句：The phenomenon is inexplicable.（这种现象莫名其妙。）
inexplicable	例句：The result is inexplicable.（这个结果无法解释。）
infantile	例句：His infantile behavior at the meeting made everyone uncomfortable.（他在会议上幼稚的行为让每个人都不舒服。）
infantile	例句：The disease can cause infantile paralysis in some cases.（在某些情况下，这种疾病会导致小儿麻痹症。）
infantile	例句：The infantile stage of development is crucial for a child's growth.（婴儿发育阶段对孩子的成长至关重要。）
infect	例句：He was infected with the virus.（他被病毒感染了。）
infect	例句：Her positive attitude infected others.（她的积极态度影响了别人。）
infect	例句：The bacteria can infect the wound.（细菌可以感染伤口。）
infection	例句：Infection can cause fever and other symptoms.（感染会引起发烧和其他症状。）
infection	例句：She has an infection in her wound.（她的伤口有感染。）
infection	例句：The hospital is taking measures to prevent the spread of infection.（医院正在采取措施防止感染的传播。）
infernal	例句：He was trapped in an infernal situation.（他陷入了一个可怕的境地。）
infernal	例句：The infernal creatures lurked in the shadows.（那些恶魔般的生物潜伏在阴影中。）
infernal	例句：The infernal noise was unbearable.（那地狱般的噪音让人无法忍受。）
influence	例句：His words had a great influence on me.（他的话对我有很大的影响。）
influence	例句：She influences others with her positive attitude.（她以积极的态度影响别人。）
influence	例句：The new policy will have a significant influence on the economy.（新政策将对经济产生重大影响。）
influent	例句：The influent stream joins the river.（支流汇入河流。）
influent	例句：The influent water is treated.（流入的水被处理。）
influent	例句：They studied the influent factors.（他们研究了流入的因素。）
info	例句：He shared some interesting info.（他分享了一些有趣的信息。）
info	例句：I need some info on this topic.（我需要关于这个主题的一些信息。）
info	例句：The website provides useful info.（这个网站提供有用的信息。）
information	例句：He is looking for information.（他在寻找信息。）
information	例句：She provided me with important information.（她给我提供了重要的信息。）
information	例句：The book contains useful information.（这本书包含有用的信息。）
informer	例句：He is suspected of being an informer.（他被怀疑是一个告密者。）
informer	例句：The informer gave the police valuable information.（这个告密者给了警察有价值的信息。）
informer	例句：The informer's identity was kept secret.（这个提供消息的人的身份被保密。）
infraction	例句：His action was an infraction of the law.（他的行为违反了法律。）
infraction	例句：Infraction can result in serious penalties.（违法可能会导致严重的处罚。）
infraction	例句：The company was fined for infraction of safety regulations.（这家公司因违反安全规定而被罚款。）
initial	例句：He made an initial investment in the business.（他在这个生意上做了最初的投资。）
initial	例句：The initial letter of her name is “A”.（她名字的首字母是 “A”。）
initial	例句：The initial plan was to build a small house.（最初的计划是建造一座小房子。）
initiative	例句：She took the initiative to start the project.（她主动发起这个项目。）
initiative	例句：The initiative aims to promote environmental protection.（这个倡议旨在促进环境保护。）
initiative	例句：We need more people with initiative.（我们需要更多有主动性的人。）
injection	例句：She had an injection for pain relief.（她打了一针止痛。）
injection	例句：The doctor gave him an injection of antibiotics.（医生给他注射了抗生素。）
injection	例句：The injection of funds is needed for the project.（这个项目需要注入资金。）
injure	例句：He was injured in the accident.（他在事故中受伤了。）
injure	例句：The explosion injured many people.（爆炸使很多人受伤。）
injure	例句：They are careful not to injure themselves.（他们很小心以免自己受伤。）
injustice	例句：He suffered an injustice.（他受到了不公正的待遇。）
injustice	例句：There is too much injustice in the world.（世界上有太多的不公平。）
injustice	例句：We must fight against injustice.（我们必须与不公平作斗争。）
innocence	例句：He maintained his innocence throughout the trial.（在整个审判过程中，他坚称自己是无辜的。）
innocence	例句：Innocence is a precious quality.（天真无邪是一种珍贵的品质。）
innocence	例句：The child's innocence is charming.（孩子的天真很迷人。）
innocent	例句：He is innocent of the crime.（他无罪。）
innocent	例句：She was wrongly accused and is innocent.（她被错误地指控，是无辜的。）
innocent	例句：The child is innocent and pure.（这个孩子天真纯洁。）
insatiable	例句：His appetite for knowledge is insatiable.（他对知识的渴望无法满足。）
insatiable	例句：She has an insatiable desire for power.（她对权力贪得无厌。）
insatiable	例句：The demand is insatiable.（这种需求无法满足。）
inscription	例句：The archaeologist studied the inscription carefully.（考古学家仔细研究了铭文。）
inscription	例句：The inscription on the ring is very beautiful.（戒指上的铭文很漂亮。）
inscription	例句：This inscription dates back to ancient times.（这个铭文可以追溯到古代。）
insensible	例句：He was insensible after the accident.（事故后他失去了知觉。）
insensible	例句：Her feet were insensible due to the cold.（她的脚因为寒冷而麻木了。）
insensible	例句：The patient lay insensible on the bed.（病人毫无知觉地躺在床上。）
insolence	例句：His insolence towards his elders was unacceptable.（他对长辈的无礼是不可接受的。）
insolence	例句：Insolence can lead to conflicts.（傲慢无礼会导致冲突。）
insolence	例句：She was punished for her insolence.（她因无礼而受到惩罚。）
insolent	例句：His insolent behavior angered everyone.（他无礼的行为激怒了每个人。）
insolent	例句：Insolent remarks are not acceptable.（无礼的言论是不可接受的。）
insolent	例句：She was insolent to her elders.（她对长辈无礼。）
insouciant	例句：He had an insouciant attitude.（他有一种无忧无虑的态度。）
insouciant	例句：She was insouciant about the danger.（她对危险漫不经心。）
insouciant	例句：The insouciant boy played happily.（那个无忧无虑的男孩快乐地玩耍着。）
inspection	例句：Inspection is crucial for quality control.（检查对质量控制至关重要。）
inspection	例句：The inspection revealed some defects.（检查揭示了一些缺陷。）
inspection	例句：We need a strict inspection process.（我们需要一个严格的检查过程。）
inspiration	例句：His speech was an inspiration to everyone.（他的演讲对每个人都是一种鼓舞。）
inspiration	例句：She finds inspiration in nature.（她从大自然中获得灵感。）
inspiration	例句：The book provided inspiration for her next project.（这本书为她的下一个项目提供了启示。）
installation	例句：The installation is very complex.（这个装置非常复杂。）
installation	例句：The installation of the new machine took several days.（新机器的安装花了几天时间。）
installation	例句：We need to improve the installation.（我们需要改进这个设施。）
installer	例句：The installer did a great job.（安装工干得很棒。）
installer	例句：The installer is running.（安装程序正在运行。）
installer	例句：We need to hire an installer.（我们需要雇一个安装工。）
instant	例句：He needs an instant answer.（他需要一个立即的答案。）
instant	例句：In an instant, everything changed.（一瞬间，一切都变了。）
instant	例句：The instant coffee is convenient.（速溶咖啡很方便。）
instinct	例句：Animals act on instinct.（动物凭本能行动。）
instinct	例句：He followed his instinct and made the right decision.（他凭直觉做出了正确的决定。）
instinct	例句：Trust your instinct in difficult situations.（在困难的情况下相信你的直觉。）
institution	例句：He is a respected member of the institution.（他是这个机构中受尊敬的成员。）
institution	例句：The institution has a long history.（这个机构有悠久的历史。）
institution	例句：The institution of marriage is important in society.（婚姻制度在社会中很重要。）
instruction	例句：Follow the instructions on the label.（按照标签上的指示做。）
instruction	例句：He needs instruction in math.（他需要数学方面的教导。）
instruction	例句：The teacher gave clear instructions.（老师给出了明确的指令。）
instrument	例句：Diplomacy is an important instrument of foreign policy.（外交是外交政策的重要手段。）
instrument	例句：He plays several musical instruments.（他会演奏几种乐器。）
instrument	例句：The scientist used a precision instrument.（科学家使用了一种精密仪器。）
insupportable	例句：His behavior is insupportable.（他的行为难以忍受。）
insupportable	例句：The burden is insupportable.（负担难以支持。）
insupportable	例句：The heat is insupportable.（炎热让人无法忍受。）
intact	例句：He returned the book intact.（他把书完好无损地还了回来。）
intact	例句：The ancient ruins are mostly intact.（这些古代遗迹大部分都完整无缺。）
intact	例句：The vase was still intact after the accident.（事故后花瓶仍然完好无损。）
intelligence	例句：He has a high level of intelligence.（他有很高的智力水平。）
intelligence	例句：She used her intelligence to solve the problem.（她运用自己的才智解决了问题。）
intelligence	例句：The agency gathers intelligence on foreign countries.（这个机构收集有关外国的情报。）
intelligent	例句：He made an intelligent choice.（他做了一个明智的选择。）
intelligent	例句：She is an intelligent woman.（她是一个聪明的女人。）
intelligent	例句：This computer is very intelligent.（这台电脑非常智能。）
intense	例句：He has an intense look on his face.（他脸上有一种紧张的表情。）
intense	例句：The competition is intense.（竞争很激烈。）
intense	例句：The heat was intense.（炎热非常强烈。）
intention	例句：He announced his intention to resign.（他宣布了他辞职的打算。）
intention	例句：I had no intention of hurting you.（我无意伤害你。）
intention	例句：What is your intention with this project?（你做这个项目的意图是什么？）
intercepter	例句：The intercepter can detect and destroy incoming threats.（拦截器可以探测并摧毁来袭的威胁。）
intercepter	例句：The intercepter was launched to stop the enemy aircraft.（拦截器被发射出去拦截敌机。）
intercepter	例句：The missile intercepter is a crucial defense system.（导弹拦截器是一个关键的防御系统。）
interdiction	例句：The interdiction of illegal drugs is a major concern.（禁止非法药物是一个主要问题。）
interdiction	例句：The interdiction of trade can have serious consequences.（贸易禁令可能会产生严重后果。）
interdiction	例句：The military carried out an interdiction of the enemy supply lines.（军队对敌人的补给线进行了封锁。）
interminable	例句：He told an interminable story.（他讲了一个冗长的故事。）
interminable	例句：The meeting seemed interminable.（这个会议似乎没完没了。）
interminable	例句：The wait was interminable.（等待是没完没了的。）
international	例句：He is involved in international affairs.（他参与国际事务。）
international	例句：The Olympics is an international sporting event.（奥运会是一项国际体育赛事。）
international	例句：The international conference was a great success.（这次国际会议非常成功。）
interne	例句：She is an interne at the hospital.（她是这家医院的一名实习医生。）
interne	例句：The interne is learning under the supervision of experienced doctors.（这个实习医生在有经验的医生的监督下学习。）
interne	例句：The interne program provides valuable experience.（实习医生项目提供了宝贵的经验。）
interrogation	例句：He was subjected to intense interrogation.（他受到了严厉的审讯。）
interrogation	例句：The interrogation lasted for hours.（审讯持续了几个小时。）
interrogation	例句：The interrogation room was cold and intimidating.（审讯室又冷又吓人。）
interruption	例句：The interruption of service was inconvenient.（服务的中断很不方便。）
interruption	例句：The power outage caused an interruption in production.（停电导致生产中断。）
interruption	例句：We try to avoid interruptions during class.（我们在课堂上尽量避免打扰。）
intervention	例句：His intervention saved the situation.（他的介入挽救了局面。）
intervention	例句：Intervention can have both positive and negative effects.（介入可能有积极和消极的影响。）
intervention	例句：The government's intervention was necessary.（政府的介入是必要的。）
intrigue	例句：Her beauty and intelligence intrigued him.（她的美丽和智慧引起了他的兴趣。）
intrigue	例句：The political intrigue fascinated him.（政治阴谋引起了他的兴趣。）
intrigue	例句：They were involved in an intrigue.（他们卷入了一场阴谋。）
intriguer	例句：He is seen as an intriguer in the political arena.（他在政治舞台上被视为一个阴谋家。）
intriguer	例句：She was wary of the intriguer.（她对这个阴谋家保持警惕。）
intriguer	例句：The intriguer plotted behind the scenes.（这个阴谋家在幕后策划。）
introduction	例句：He gave a brief introduction to the topic.（他对这个话题做了一个简短的介绍。）
introduction	例句：The introduction of new technology has changed our lives.（新技术的引入改变了我们的生活。）
introduction	例句：The introduction to the book is very interesting.（这本书的引言很有趣。）
intrusion	例句：The intrusion of noise disturbed her concentration.（噪音的干扰打乱了她的注意力。）
intrusion	例句：The intrusion of privacy is a serious issue.（侵犯隐私是一个严重的问题。）
intrusion	例句：They were angry about the intrusion into their lives.（他们对生活被闯入感到愤怒。）
intuition	例句：His intuition led him to the right decision.（他的直觉引导他做出了正确的决定。）
intuition	例句：Intuition is an important tool in decision-making.（直觉在决策中是一个重要的工具。）
intuition	例句：Trust your intuition.（相信你的直觉。）
inutile	例句：His advice was inutile.（他的建议无益。）
inutile	例句：The effort was inutile.（这个努力无价值。）
inutile	例句：This tool is inutile now.（这个工具现在无用了。）
invasion	例句：Invasion can cause great harm to a country.（入侵会给一个国家带来巨大的伤害。）
invasion	例句：The history of the country is marked by many invasions.（这个国家的历史上有很多次入侵。）
invasion	例句：The invasion of the enemy was repelled.（敌人的入侵被击退了。）
invention	例句：He is working on a new invention.（他正在致力于一项新发明。）
invention	例句：The invention changed the way we live.（这项发明改变了我们的生活方式。）
invention	例句：The invention of the computer was a major breakthrough.（计算机的发明是一个重大突破。）
inverse	例句：He calculated the inverse of the number.（他计算了这个数的倒数。）
inverse	例句：The effect is the inverse of what we expected.（效果与我们预期的相反。）
inverse	例句：The relationship is inverse.（这种关系是相反的。）
investigation	例句：He is leading the investigation.（他正在领导这项调查。）
investigation	例句：The investigation is still ongoing.（调查仍在进行中。）
investigation	例句：The results of the investigation will be announced soon.（调查结果将很快公布。）
invincible	例句：An invincible force.（一种无敌的力量。）
invincible	例句：He feels invincible.（他觉得自己不可战胜。）
invincible	例句：The team is invincible.（这个团队是无敌的。）
invisible	例句：She has an invisible charm.（她有一种看不见的魅力。）
invisible	例句：The air is invisible.（空气是看不见的。）
invisible	例句：The invisible enemy is difficult to detect.（隐形的敌人很难被发现。）
invitation	例句：He accepted the invitation without hesitation.（他毫不犹豫地接受了邀请。）
invitation	例句：I received an invitation to the party.（我收到了聚会的邀请。）
invitation	例句：The invitation was very tempting.（这个邀请很诱人。）
inviter	例句：He was the inviter of the event.（他是这个活动的邀请者。）
inviter	例句：The inviter is responsible for making sure everyone has a good time.（邀请者负责确保每个人都玩得开心。）
inviter	例句：The inviter sent out invitations to the party.（邀请者发出了聚会的邀请。）
iris	例句：Her eyes had beautiful irises.（她的眼睛有美丽的虹膜。）
iris	例句：The garden was filled with irises.（花园里满是鸢尾花。）
iris	例句：The iris is the colored part of the eye.（虹膜是眼睛的有色部分。）
irruption	例句：The irruption of events changed the situation.（突发事件改变了局势。）
irruption	例句：The irruption of the wild animals surprised everyone.（野生动物的闯入让每个人都很惊讶。）
irruption	例句：There was an irruption of noise from the next room.（隔壁房间突然传来一阵噪音。）
islam	例句：He converted to Islam.（他皈依了伊斯兰教。）
islam	例句：Islam is a major religion.（伊斯兰教是一个主要的宗教。）
islam	例句：People practice Islam in different ways.（人们以不同的方式信奉伊斯兰教。）
issue	例句：The environment is a major issue.（环境是一个主要问题。）
issue	例句：The magazine is on a controversial issue.（这本杂志是关于一个有争议的议题。）
issue	例句：We need to discuss this issue.（我们需要讨论这个问题。）
jalousie	例句：He installed jalousies to block the sun.（他安装了百叶窗以遮挡阳光。）
jalousie	例句：Her jalousie made her unhappy.（她的嫉妒心让她不开心。）
jalousie	例句：The room has beautiful jalousies.（房间里有漂亮的百叶窗。）
jazz	例句：He jazzed up the party with his music.（他用他的音乐使聚会充满活力。）
jazz	例句：I love listening to jazz.（我喜欢听爵士乐。）
jazz	例句：The band plays jazz every weekend.（这个乐队每个周末都演奏爵士乐。）
jean	例句：He bought a new pair of jeans.（他买了一条新牛仔裤。）
jean	例句：Jeans are a popular choice of clothing.（牛仔裤是一种很受欢迎的服装选择。）
jean	例句：She wore a pair of tight jeans.（她穿了一条紧身牛仔裤。）
jeep	例句：He drives a jeep.（他开一辆吉普车。）
jeep	例句：Jeeps are popular among adventurers.（吉普车在冒险者中很受欢迎。）
jeep	例句：The jeep is suitable for off-road driving.（吉普车适合越野驾驶。）
jet	例句：A jet of water shot out from the broken pipe.（一股水流从破裂的水管中喷射而出。）
jet	例句：He travels a lot by jet for business.（他因工作经常乘坐喷气式飞机旅行。）
jet	例句：The jet stream is very strong.（喷射流非常强大。）
jet	例句：The jet took off smoothly and soared into the sky.（喷气式飞机平稳起飞，直冲云霄。）
jet	例句：The jet took off smoothly.（喷气式飞机平稳起飞。）
jet	例句：The water came out of the jet forcefully.（水从喷嘴中有力地喷出。）
job	例句：A good job can bring financial stability and personal satisfaction.（一份好工作可以带来财务稳定和个人满足感。）
job	例句：He is looking for a new job.（他正在找一份新工作。）
job	例句：Her job is very demanding.（她的工作要求很高。）
jogging	例句：Jogging can improve cardiovascular health.（慢跑可以改善心血管健康。）
jogging	例句：Jogging is a good way to keep fit.（慢跑是保持健康的好方法。）
jogging	例句：Jogging is a great way to keep fit and improve your cardiovascular health.（慢跑是保持健康和改善心血管健康的好方法。）
jogging	例句：Many people enjoy jogging in the park during the weekends.（许多人喜欢在周末去公园慢跑。）
jogging	例句：She goes jogging after work.（她下班后去慢跑。）
jogging	例句：She goes jogging every morning before work to start her day right.（她每天早上上班前慢跑，以便正确开启新的一天。）
joint	例句：My knee joint is painful.（我的膝关节很疼。）
joint	例句：The two companies launched a joint project.（这两家公司推出了一个联合项目。）
joint	例句：They made a joint decision.（他们做出了一个共同的决定。）
joker	例句：He is a joker and always makes people laugh.（他是一个爱开玩笑的人，总是让人发笑。）
joker	例句：The clown was a joker at the circus.（那个小丑是马戏团里的爱开玩笑的人。）
joker	例句：The joker in the deck is a wild card.（扑克牌中的王牌是一张百搭牌。）
journal	例句：He reads a journal every day.（他每天读一本杂志。）
journal	例句：She keeps a journal of her travels.（她写旅行日记。）
journal	例句：The journal publishes scientific articles.（这本杂志发表科学文章。）
jungle	例句：The animals live in the jungle.（动物生活在丛林里。）
jungle	例句：The jungle is full of dangers.（丛林充满危险。）
jungle	例句：They explored the jungle.（他们探索了丛林。）
junior	例句：He is a junior employee.（他是一名下级员工。）
junior	例句：She is junior to me in the company.（她在公司里比我级别低。）
junior	例句：The junior members of the team are very enthusiastic.（团队里的年轻成员非常有热情。）
junkie	例句：He is a drug junkie.（他是一个吸毒者。）
junkie	例句：Junkies often have a hard time kicking their addiction.（吸毒者通常很难戒除毒瘾。）
junkie	例句：She is a coffee junkie.（她是一个咖啡上瘾者。）
jury	例句：A jury of experts was assembled.（一个专家陪审团被召集起来。）
jury	例句：The defense lawyer tried to persuade the jury of his client's innocence.（辩护律师试图说服陪审团相信他的当事人是无辜的。）
jury	例句：The jury is still deliberating.（陪审团仍在审议。）
jury	例句：The jury listened attentively to the testimony of the witnesses.（陪审团认真听取了证人的证词。）
jury	例句：The jury reached a verdict after hours of deliberation.（经过数小时的审议，陪审团做出了裁决。）
jury	例句：The jury reached a verdict.（陪审团做出了裁决。）
justice	例句：He is committed to promoting justice.（他致力于促进正义。）
justice	例句：The court represents justice.（法院代表着公正。）
justice	例句：We should seek justice for the victims.（我们应该为受害者寻求正义。）
justifier	例句：He is the justifier of the project.（他是这个项目的证明者。）
justifier	例句：Justifiers need to be convincing.（证明者需要有说服力。）
justifier	例句：The justifier presented valid reasons.（辩护者提出了有效的理由。）
karma	例句：His success is seen as a result of good karma.（他的成功被视为善有善报。）
karma	例句：Karma will catch up with those who do wrong.（因果报应会降临到那些做错事的人身上。）
karma	例句：She believes in karma and tries to do good deeds.（她相信因果报应，努力做好事。）
ketchup	例句：He puts ketchup on his fries.（他在薯条上放番茄酱。）
ketchup	例句：She likes ketchup on her hot dog.（她喜欢在热狗上放番茄酱。）
ketchup	例句：The ketchup bottle is almost empty.（番茄酱瓶子快空了。）
kid	例句：He is a smart kid.（他是一个聪明的小孩。）
kid	例句：The kids are playing in the park.（孩子们在公园里玩耍。）
kid	例句：The young kid has a lot of energy.（这个年轻的孩子有很多精力。）
kidnapper	例句：The kidnapper demanded a ransom.（绑匪索要赎金。）
kidnapper	例句：The police are searching for the kidnapper.（警察正在搜寻绑匪。）
kidnapper	例句：What are the motives of kidnappers?（绑匪的动机是什么？）
kidnapping	例句：Kidnapping is a serious crime.（绑架是一种严重的犯罪。）
kidnapping	例句：The victim of the kidnapping was rescued.（绑架的受害者被解救了。）
kidnapping	例句：There has been an increase in kidnappings recently.（最近绑架事件有所增加。）
kilo	例句：A kilo is equal to 1000 grams.（一千克等于 1000 克。）
kilo	例句：I bought one kilo of apples in the supermarket.（我在超市买了一公斤苹果。）
kilo	例句：I need to buy a kilo of sugar.（我需要买一千克糖。）
kit	例句：He has a first aid kit.（他有一个急救箱。）
kit	例句：She is packing a travel kit.（她正在打包一个旅行装备。）
kit	例句：The kit is very useful.（这个装备很有用。）
labourer	例句：He works as a labourer in the factory.（他在工厂里当工人。）
labourer	例句：The labourers are building the new road.（工人们正在修建新道路。）
labourer	例句：The labourers were paid a fair wage.（工人们得到了公平的工资。）
laid	例句：He laid the book on the table.（他把书放在桌子上。）
laid	例句：The hen laid an egg.（母鸡下了一个蛋。）
laid	例句：They laid a new carpet.（他们铺了一块新地毯。）
lame	例句：A lame horse cannot run fast.（一匹瘸马跑不快。）
lame	例句：He is lame in one leg.（他一条腿瘸了。）
lame	例句：The excuse was rather lame.（这个借口相当没有说服力。）
lamentable	例句：His decision is lamentable.（他的决定是令人遗憾的。）
lamentable	例句：The outcome of the event was lamentable.（这个事件的结果是令人遗憾的。）
lamentable	例句：The situation is lamentable.（这种情况是可悲的。）
lance	例句：He lanced the fish with a harpoon.（他用鱼叉叉鱼。）
lance	例句：The knight held a lance.（骑士拿着一根长矛。）
lance	例句：The soldiers charged forward with lances.（士兵们拿着长矛向前冲锋。）
lard	例句：Lard is high in fat.（猪油脂肪含量高。）
lard	例句：She used lard to make the pie crust.（她用猪油做馅饼皮。）
lard	例句：The lard gave the dish a rich flavor.（猪油给这道菜增添了浓郁的味道。）
large	例句：He has a large house.（他有一座大房子。）
large	例句：The company is large and successful.（这家公司规模大且成功。）
large	例句：There is a large amount of work to be done.（有大量的工作要做。）
laser	例句：He had laser surgery on his eyes.（他的眼睛做了激光手术。）
laser	例句：The laser beam is very powerful.（激光束非常强大。）
laser	例句：The laser pointer is useful for presentations.（激光指示器在演示中很有用。）
lavage	例句：Lavage is sometimes necessary in medical emergencies.（在医疗紧急情况下，灌洗有时是必要的。）
lavage	例句：The doctor performed a lavage on the patient.（医生给病人进行了洗胃。）
lavage	例句：The lavage procedure removed the toxins.（灌洗过程去除了毒素。）
lave	例句：He laved his wounds carefully.（他小心地清洗伤口。）
lave	例句：She laved her face with cold water.（她用冷水洗脸。）
lave	例句：The waves laved the shore.（海浪冲洗着海岸。）
laver	例句：Laver is a common ingredient in Japanese cuisine.（紫菜是日本料理中常见的食材。）
laver	例句：She bought some laver to make sushi.（她买了一些紫菜来做寿司。）
laver	例句：The laver soup is delicious.（紫菜汤很美味。）
leader	例句：A good leader listens to others.（一个好的领导者会倾听他人。）
leader	例句：He is a natural leader.（他是一个天生的领导者。）
leader	例句：The team needs a strong leader.（这个团队需要一个强有力的领导者。）
lecture	例句：He gave a lecture on history.（他做了一个关于历史的讲座。）
lecture	例句：I attended a lecture at the university.（我在大学参加了一个讲座。）
lecture	例句：The professor lectures on literature.（教授讲授文学。）
lent	例句：He lent me his book.（他把他的书借给了我。）
lent	例句：She lent her support to the cause.（她为这个事业提供了支持。）
lent	例句：They lent money to the business.（他们借钱给企业。）
lever	例句：A lever is a simple tool to lift heavy things easily.（杠杆是一种能轻松举起重物的简单工具。）
lever	例句：He pulled the lever to start the machine.（他拉动控制杆启动了机器。）
lever	例句：The lever can be used to lift heavy objects.（杠杆可以用来举起重物。）
liaison	例句：She acts as a liaison between the two departments.（她充当两个部门之间的联络人。）
liaison	例句：The liaison between the teams is crucial for success.（团队之间的联系对成功至关重要。）
liaison	例句：We need to maintain good liaison with our partners.（我们需要与我们的合作伙伴保持良好的联系。）
licence	例句：He needs a driving licence.（他需要一张驾驶执照。）
licence	例句：He was accused of driving without a licence.（他被指控无证驾驶。）
licence	例句：The company has a licence to operate in this area.（这家公司有在这个地区经营的许可证。）
lien	例句：Lien can be legal or emotional.（留置权可以是法律上的或情感上的。）
lien	例句：The bank has a lien on the property.（银行对该财产有留置权。）
lien	例句：There is a lien between them.（他们之间有联系。）
lier	例句：He is a known lier.（他是一个众所周知的说谎者。）
lier	例句：She is a lier when it comes to her grades.（当涉及到她的成绩时，她是一个说谎者。）
lier	例句：The lier tried to deceive everyone.（这个说谎者试图欺骗每个人。）
lieu	例句：He was absent, so I took his place in lieu.（他不在，所以我代替他。）
lieu	例句：In lieu of flowers, donations can be made to the charity.（可以向慈善机构捐款以代替送花。）
lieu	例句：The park is a beautiful lieu for a picnic.（公园是一个美丽的野餐场所。）
lieutenant	例句：He is a lieutenant in the navy.（他是海军中尉。）
lieutenant	例句：She was appointed as a lieutenant.（她被任命为中尉。）
lieutenant	例句：The lieutenant reported to the captain.（中尉向船长报告。）
light	例句：She turned on the light.（她打开了灯。）
light	例句：The box is very light.（这个盒子很轻。）
light	例句：The room was filled with light.（房间里充满了光。）
lingerie	例句：Her lingerie is very elegant.（她的女用内衣非常优雅。）
lingerie	例句：She bought some beautiful lingerie.（她买了一些漂亮的女用内衣。）
lingerie	例句：The store specializes in lingerie.（这家商店专门经营女用内衣。）
lion	例句：He is as brave as a lion.（他像狮子一样勇敢。）
lion	例句：The lion is the king of the jungle.（狮子是丛林之王。）
lion	例句：The lion roared loudly.（狮子大声吼叫。）
liqueur	例句：Liqueurs are often served after a meal.（利口酒常常在饭后饮用。）
liqueur	例句：She sipped on a glass of liqueur.（她抿了一口利口酒。）
liqueur	例句：The liqueur had a rich flavor.（这种利口酒味道浓郁。）
lit	例句：He lit the candle.（他点燃了蜡烛。）
lit	例句：The Christmas tree was beautifully lit.（圣诞树被漂亮地照亮了。）
lit	例句：The room was lit by a single lamp.（房间被一盏灯照亮。）
litre	例句：He bought two litres of milk.（他买了两升牛奶。）
litre	例句：The bottle contains one litre of water.（这个瓶子装有一升水。）
litre	例句：The tank has a capacity of fifty litres.（这个油箱的容量是五十升。）
live	例句：She lives a happy life.（她过着幸福的生活。）
live	例句：They live in a big house.（他们住在一所大房子里。）
live	例句：We must learn to live in harmony with nature.（我们必须学会与自然和谐相处。）
lobe	例句：The ear lobe is the soft lower part of the ear.（耳垂是耳朵柔软的下半部分。）
lobe	例句：The leaf has several lobes.（这片叶子有几个裂片。）
lobe	例句：The lobe of the lung is affected.（肺叶受到影响。）
local	例句：He is a local artist.（他是一位当地的艺术家。）
local	例句：The local people are very friendly.（当地人非常友好。）
local	例句：We are looking for a local restaurant.（我们正在找一家当地的餐馆。）
location	例句：The location can affect business success.（位置可以影响商业成功。）
location	例句：The location of the hotel is convenient.（这家酒店的位置很便利。）
location	例句：They are trying to determine the location of the treasure.（他们正在试图确定宝藏的位置。）
locomotive	例句：He is fascinated by locomotives.（他对机车着迷。）
locomotive	例句：Locomotives are essential for railway transportation.（机车对铁路运输至关重要。）
locomotive	例句：The locomotive is at the front of the train.（机车在火车的前面。）
loin	例句：He felt a pain in his loin.（他感到腰部疼痛。）
loin	例句：The loin is an important part of the body.（腰部是身体的一个重要部分。）
loin	例句：The loin of the pig is very tender.（猪的腰肉很嫩。）
long	例句：He has a long journey ahead.（他前面有一段很长的旅程。）
long	例句：She gave a long speech.（她做了一个冗长的演讲。）
long	例句：The river is very long.（这条河很长。）
longer	例句：He stayed longer than expected.（他待的时间比预期的长。）
longer	例句：The meeting lasted longer than planned.（会议持续的时间比计划的长。）
longer	例句：This rope is longer than that one.（这条绳子比那条长。）
look	例句：Look at that beautiful flower.（看那朵美丽的花。）
look	例句：She has a worried look.（她有一个担忧的表情。）
look	例句：Take a look at this book.（看一下这本书。）
lot	例句：He has a lot of work to do.（他有很多工作要做。）
lot	例句：There are a lot of people at the concert.（音乐会上有很多人。）
lot	例句：We need to sell this lot of goods quickly.（我们需要尽快卖掉这批货物。）
lover	例句：He is a music lover.（他是一个音乐爱好者。）
lover	例句：She is a nature lover.（她是一个自然爱好者。）
lover	例句：They are lovers.（他们是情人。）
loyal	例句：He is a loyal employee.（他是一个忠诚的员工。）
loyal	例句：Loyal friends are hard to find.（忠诚的朋友很难找到。）
loyal	例句：The dog is loyal to its owner.（狗对主人忠诚。）
lustre	例句：Her actions added lustre to her reputation.（她的行为为她的声誉增添了光彩。）
lustre	例句：The diamond has a brilliant lustre.（钻石有耀眼的光彩。）
lustre	例句：The object has a dull lustre.（这个物体有暗淡的光泽。）
macabre	例句：He told a macabre joke.（他讲了一个可怕的笑话。）
macabre	例句：The atmosphere was macabre.（这种气氛很恐怖。）
macabre	例句：The painting had a macabre theme.（这幅画有一个恐怖的主题。）
macaroni	例句：He cooked macaroni and cheese.（他做了通心粉和奶酪。）
macaroni	例句：Macaroni is a popular pasta shape.（通心粉是一种很受欢迎的面食形状。）
macaroni	例句：The kids love macaroni.（孩子们喜欢通心粉。）
machine	例句：He is very good at operating machines.（他很擅长操作机器。）
machine	例句：The factory has many advanced machines.（这家工厂有很多先进的机器。）
machine	例句：This machine can perform multiple tasks.（这台机器可以执行多项任务。）
macho	例句：He has a macho attitude.（他有一种大男子主义的态度。）
macho	例句：She doesn't like macho men.（她不喜欢大男子主义的男人。）
macho	例句：The macho image is not always positive.（男子气概的形象并不总是积极的。）
madame	例句：Good morning, madame.（早上好，夫人。）
madame	例句：Madame is a polite way to address a woman.（“夫人” 是一种礼貌地称呼女人的方式。）
madame	例句：She is a charming madame.（她是一个迷人的女士。）
mademoiselle	例句：Good morning, mademoiselle.（早上好，小姐。）
mademoiselle	例句：Mademoiselle is a polite way to address a young woman.（“mademoiselle” 是一种礼貌地称呼年轻女子的方式。）
mademoiselle	例句：She is a charming mademoiselle.（她是一个迷人的小姐。）
maestro	例句：He is a maestro of painting.（他是一位绘画大师。）
maestro	例句：She studied under a famous maestro.（她在一位著名的大师门下学习。）
maestro	例句：The maestro conducted the orchestra with great skill.（音乐大师以高超的技巧指挥着管弦乐队。）
magazine	例句：He loaded a new magazine into his camera.（他给相机装上了一个新胶卷盒。）
magazine	例句：I like reading fashion magazines.（我喜欢看时尚杂志。）
magazine	例句：The soldiers stored ammunition in the magazine.（士兵们把弹药存放在弹药库里。）
mail	例句：He checked his mail every day.（他每天查看邮件。）
mail	例句：She mailed the letter yesterday.（她昨天寄了信。）
mail	例句：There is a lot of mail today.（今天有很多邮件。）
main	例句：The main idea of the article is clear.（这篇文章的主要思想很清晰。）
main	例句：The main reason for his success is hard work.（他成功的主要原因是努力工作。）
main	例句：This is the main entrance to the building.（这是这座建筑的主要入口。）
maintenance	例句：He is responsible for the maintenance of the garden.（他负责花园的维护。）
maintenance	例句：Regular maintenance is important for equipment.（定期维护对设备很重要。）
maintenance	例句：The building requires maintenance.（这座大楼需要维护。）
major	例句：He is majoring in engineering.（他主修工程学。）
major	例句：The major problem is lack of funding.（主要问题是缺乏资金。）
major	例句：This is a major decision.（这是一个重要的决定。）
maladroit	例句：His maladroit handling of the situation made it worse.（他对这种情况的笨拙处理使情况变得更糟。）
maladroit	例句：She is maladroit at sports.（她在运动方面很笨拙。）
maladroit	例句：The comment was maladroit.（这个评论不得当。）
malaise	例句：He felt a malaise after the long journey.（长途旅行后他感到不舒服。）
malaise	例句：The malaise of the economy is a concern.（经济的不适是一个令人担忧的问题。）
malaise	例句：There is a general malaise in the society.（社会上有一种普遍的不安。）
manager	例句：She is a successful manager.（她是一位成功的经理。）
manager	例句：The manager is in charge of the project.（经理负责这个项目。）
manager	例句：The manager made a wise decision.（经理做出了明智的决定。）
manger	例句：The baby Jesus was laid in a manger.（婴儿耶稣被放在马槽里。）
manger	例句：The horse is eating from the manger.（马在饲料槽里吃东西。）
manger	例句：The manger is made of wood.（这个马槽是木头做的。）
manifestation	例句：The disease has many manifestations.（这种疾病有很多表现形式。）
manifestation	例句：The protest was a manifestation of public discontent.（这次抗议是公众不满的一种示威运动。）
manifestation	例句：This is a manifestation of his anger.（这是他愤怒的表现。）
manipulation	例句：He accused them of manipulation.（他指责他们操纵。）
manipulation	例句：Manipulation of data is unethical.（操纵数据是不道德的。）
manipulation	例句：She is skilled in the manipulation of tools.（她擅长操作工具。）
mannequin	例句：She posed like a mannequin for the photographer.（她像人体模型一样为摄影师摆姿势。）
mannequin	例句：The mannequin was dressed in the latest fashion.（人体模型穿着最新的时尚服装。）
mannequin	例句：The store uses mannequins to display clothes.（这家商店用人体模型来展示衣服。）
manoeuvre	例句：He made a clever manoeuvre to avoid the obstacle.（他巧妙地操纵以避开障碍物。）
manoeuvre	例句：She manoeuvred the car into a tight parking space.（她把车开进一个狭窄的停车位。）
manoeuvre	例句：The military manoeuvre was a success.（这次军事演习很成功。）
marcher	例句：The marcher lords played an important role in history.（边境领主在历史上扮演了重要角色。）
marcher	例句：The marchers protested peacefully.（行进者们和平抗议。）
marcher	例句：The marchers were demanding change.（行进者们要求变革。）
mare	例句：She rides a mare.（她骑一匹母马。）
mare	例句：The mare is a beautiful animal.（母马是一种美丽的动物。）
mare	例句：The mare is with her foal.（母马和它的小马在一起。）
marijuana	例句：He was arrested for using marijuana.（他因使用大麻而被捕。）
marijuana	例句：Marijuana is illegal in many countries.（大麻在很多国家是非法的。）
marijuana	例句：The debate over marijuana legalization continues.（关于大麻合法化的争论仍在继续。）
marine	例句：He joined the marine corps.（他加入了海军陆战队。）
marine	例句：Marine life is diverse and fascinating.（海洋生物多种多样且很迷人。）
marine	例句：The marine environment is under threat.（海洋环境受到威胁。）
maritime	例句：He is involved in maritime trade.（他从事海事贸易。）
maritime	例句：The city has a rich maritime history.（这个城市有丰富的海事历史。）
maritime	例句：The maritime climate is mild.（海洋性气候温和。）
marquis	例句：She married a marquis.（她嫁给了一个侯爵。）
marquis	例句：The marquis is a nobleman.（侯爵是一个贵族。）
marquis	例句：The marquis's castle is magnificent.（侯爵的城堡很宏伟。）
martial	例句：He has a martial spirit.（他有尚武精神。）
martial	例句：The city has a martial atmosphere during wartime.（战时这个城市有军事氛围。）
martial	例句：The martial arts are popular in many countries.（武术在许多国家都很受欢迎。）
martyr	例句：He is regarded as a martyr for the cause.（他被视为这项事业的烈士。）
martyr	例句：She was martyred for her beliefs.（她因自己的信仰而殉难。）
martyr	例句：The martyrs sacrificed their lives for freedom.（烈士们为自由献出了生命。）
masque	例句：He performed in a masque.（他在一个假面剧中表演。）
masque	例句：The masque was a grand event.（假面舞会是一个盛大的活动。）
masque	例句：They attended a masque.（他们参加了一个假面舞会。）
masquer	例句：He is a masquer who hides his true identity.（他是一个伪装者，隐藏了自己的真实身份。）
masquer	例句：She went to the masquer as a princess.（她化装成公主去参加舞会。）
masquer	例句：They masquer as tourists to avoid detection.（他们伪装成游客以避免被发现。）
massacre	例句：The history book records many massacres.（历史书记录了很多大屠杀。）
massacre	例句：The massacre was a terrible event.（那场大屠杀是一个可怕的事件。）
massacre	例句：They were massacred by the enemy.（他们被敌人残杀了。）
massage	例句：He massaged her shoulders.（他按摩她的肩膀。）
massage	例句：Massage can improve blood circulation.（按摩可以改善血液循环。）
massage	例句：She enjoys a relaxing massage.（她喜欢放松的按摩。）
massif	例句：The massif is an important geological feature.（这个地块是一个重要的地质特征。）
massif	例句：The massif is covered with snow.（这座山丘被雪覆盖着。）
massif	例句：They climbed the massif.（他们攀登了这座群山。）
master	例句：He has a master's degree in engineering.（他有工程学硕士学位。）
master	例句：He is the master of this house.（他是这所房子的主人。）
master	例句：She is a master of painting.（她是绘画大师。）
mat	例句：His hair was matted.（他的头发缠结在一起。）
mat	例句：She put a mat on the floor.（她在地板上放了一个垫子。）
mat	例句：The cat is sleeping on the mat.（猫正在垫子上睡觉。）
match	例句：He struck a match.（他划了一根火柴。）
match	例句：There is a basketball match tonight.（今晚有一场篮球比赛。）
match	例句：This color matches your skin tone.（这个颜色和你的肤色很相配。）
mater	例句：He misses his mater.（他想念他的妈妈。）
mater	例句：I love my mater.（我爱我的妈妈。）
mater	例句：The mater is very kind.（母亲很善良。）
maths	例句：He got a good grade in maths.（他在数学上取得了好成绩。）
maths	例句：I'm studying maths at school.（我在学校学习数学。）
maths	例句：Maths is difficult for some students.（数学对一些学生来说很难。）
maximal	例句：He achieved maximal results.（他取得了最大的成果。）
maximal	例句：Maximal effort is required for success.（成功需要最大的努力。）
maximal	例句：The maximal capacity of the container is 10 liters.（这个容器的最大容量是 10 升。）
maximum	例句：The container has a maximum capacity of 10 liters.（这个容器的最大容量是 10 升。）
maximum	例句：The maximum speed limit on this road is 60 mph.（这条路上的最高限速是每小时 60 英里。）
maximum	例句：We need to make the maximum use of our resources.（我们需要最大限度地利用我们的资源。）
mayonnaise	例句：I put mayonnaise on my sandwich.（我在我的三明治上涂了蛋黄酱。）
mayonnaise	例句：Mayonnaise is a popular condiment.（蛋黄酱是一种受欢迎的调味品。）
mayonnaise	例句：She made her own mayonnaise.（她自己做蛋黄酱。）
me	例句：He loves me.（他爱我。）
me	例句：She gave me a book.（她给了我一本书。）
me	例句：They helped me.（他们帮助了我。）
meeting	例句：She is preparing for the meeting.（她正在为会议做准备。）
meeting	例句：The meeting lasted for two hours.（会议持续了两个小时。）
meeting	例句：We had a meeting this morning.（我们今天早上开了个会。）
melon	例句：He bought a cantaloupe melon.（他买了一个哈密瓜。）
melon	例句：The melon is very juicy.（这个瓜非常多汁。）
melon	例句：We had melon for dessert.（我们把瓜当甜点吃。）
menace	例句：He menaced her with a knife.（他用刀威胁她。）
menace	例句：The criminal is a menace to society.（这个罪犯是社会的威胁。）
menace	例句：There is a menace in the air.（空气中有一种威胁的气氛。）
menacer	例句：He felt intimidated by the menacer.（他被威胁者吓住了。）
menacer	例句：The menacer was arrested by the police.（威胁者被警察逮捕了。）
menacer	例句：The menacer's actions were unacceptable.（威胁者的行为是不可接受的。）
mental	例句：He has mental health issues.（他有心理健康问题。）
mental	例句：Mental stress can affect physical health.（精神压力会影响身体健康。）
mental	例句：We need to pay attention to mental well-being.（我们需要关注心理健康。）
mention	例句：Don't forget to mention the important points.（别忘了提及重要的点。）
mention	例句：He mentioned your name in the meeting.（他在会议上提到了你的名字。）
mention	例句：She casually mentioned her plans.（她随意地提到了她的计划。）
mention	例句：The mention of his past made him uncomfortable.（提及他的过去让他不舒服。）
menu	例句：He designed the menu for the restaurant.（他为餐厅设计了菜单。）
menu	例句：She ordered from the menu.（她从菜单上点菜。）
menu	例句：The menu has many choices.（菜单有很多选择。）
message	例句：He sent a message to his friend.（他给他的朋友发了一条信息。）
message	例句：The message was clear and concise.（这条信息清晰简洁。）
message	例句：We need to understand the message behind the story.（我们需要理解故事背后的启示。）
micro	例句：Micro analysis is needed for this sample.（这个样品需要进行微观分析。）
micro	例句：The micro organism is too small to see.（这种微生物太小了，看不见。）
micro	例句：There is a micro amount of impurity in the solution.（溶液中有微量的杂质。）
microbe	例句：Microbes can cause diseases.（微生物可以引起疾病。）
microbe	例句：The microbe is too small to see with the naked eye.（这种微生物太小了，肉眼看不见。）
microbe	例句：The study of microbes is important for medicine.（对微生物的研究对医学很重要。）
microscope	例句：He looked through the microscope.（他通过显微镜看。）
microscope	例句：She is using a microscope to study the sample.（她正在用显微镜研究样本。）
microscope	例句：The microscope revealed tiny details.（显微镜显示出微小的细节。）
mien	例句：He had an air of confidence about his mien.（他的风度中有一种自信的气息。）
mien	例句：Her mien was calm and composed.（她的态度冷静而沉着。）
mien	例句：The stranger's mien was mysterious.（那个陌生人的外表很神秘。）
migraine	例句：Migraine can be very painful.（偏头痛会非常痛苦。）
migraine	例句：She suffers from migraine.（她患有偏头痛。）
migraine	例句：There are different treatments for migraine.（偏头痛有不同的治疗方法。）
mile	例句：He drives at a speed of 60 miles per hour on the highway.（他在高速公路上以每小时 60 英里的速度行驶。）
mile	例句：He runs five miles every day.（他每天跑五英里。）
mile	例句：It's about five miles from my home to the city center.（从我家到市中心大约有五英里。）
mile	例句：It’s one mile from my home to school.（从我家到学校一英里。）
mile	例句：The town is a few miles away.（那个城镇在几英里之外。）
mile	例句：We walked three miles yesterday.（我们昨天走了三英里。）
milieu	例句：He grew up in a artistic milieu.（他在一个艺术氛围中长大。）
milieu	例句：The milieu of the city is very diverse.（这个城市的环境非常多样化。）
milieu	例句：The novel captures the milieu of a bygone era.（这本小说捕捉到了一个过去时代的氛围。）
militant	例句：He has a militant attitude.（他有一种好战的态度。）
militant	例句：She is a militant feminist.（她是一个激进的女权主义者。）
militant	例句：The militant group launched an attack.（激进组织发动了一次袭击。）
million	例句：He has a million dollars.（他有一百万美元。）
million	例句：The company made millions in profits last year.（这家公司去年盈利数百万。）
million	例句：There are millions of stars in the sky.（天空中有数百万颗星星。）
mime	例句：He is a famous mime artist.（他是一位著名的哑剧艺术家。）
mime	例句：She mimed opening a book.（她用手势表演打开一本书。）
mime	例句：The children watched the mime performance with interest.（孩子们饶有兴趣地观看哑剧表演。）
mince	例句：He minced his words when speaking to her.（他对她说话时很委婉。）
mince	例句：She minced the meat.（她把肉切碎。）
mince	例句：The cook minced the vegetables.（厨师把蔬菜剁碎。）
mine	例句：He stepped on a mine.（他踩到了一颗地雷。）
mine	例句：The coal mine is deep underground.（煤矿在地下深处。）
mine	例句：This book is mine.（这本书是我的。）
miner	例句：The miner dug deep into the earth for minerals.（矿工深入地下挖掘矿物。）
miner	例句：The miner's lamp shone in the darkness.（矿工的灯在黑暗中闪耀。）
miner	例句：The new miner is more efficient.（新的开矿机效率更高。）
miniature	例句：He collects miniature trains.（他收集微型火车。）
miniature	例句：She has a miniature garden.（她有一个微型花园。）
miniature	例句：The miniature version of the car is very cute.（这辆车的微型版本很可爱。）
minimum	例句：The company sets a minimum price for its products.（公司为其产品设定了最低价格。）
minimum	例句：The minimum age for voting is 18 in most countries.（在大多数国家，投票的最低年龄是 18 岁。）
minimum	例句：We need to meet the minimum requirements to enter the program.（我们需要满足最低要求才能进入这个项目。）
minuscule	例句：She has a minuscule chance of winning.（她获胜的机会极小。）
minuscule	例句：The amount of money is minuscule compared to the cost.（与成本相比，这笔钱的数额极小。）
minuscule	例句：The difference is minuscule and hardly noticeable.（差异极小，几乎察觉不到。）
minute	例句：He took a minute to think about it.（他花了一点时间来考虑这件事。）
minute	例句：I'll be back in a few minutes.（我几分钟后回来。）
minute	例句：Please write down the minutes of the meeting.（请写下会议记录。）
miracle	例句：He witnessed a miracle.（他见证了一个奇迹。）
miracle	例句：Miracles do happen.（奇迹确实会发生。）
miracle	例句：The birth of the baby was a miracle.（这个婴儿的出生是一个奇迹。）
miser	例句：Don't be such a miser.（别这么吝啬。）
miser	例句：He is a miser who never spends money.（他是个守财奴，从不花钱。）
miser	例句：The miser hoards his wealth.（吝啬鬼囤积财富。）
miss	例句：Don't miss the game.（别错过这场比赛。）
miss	例句：I miss my mom.（我想念我的妈妈。）
miss	例句：She is addressed as Miss Smith.（她被称呼为史密斯小姐。）
missile	例句：The missile defense system is crucial.（导弹防御系统至关重要。）
missile	例句：The missile was launched towards the target.（导弹朝着目标发射。）
missile	例句：They are developing new missiles.（他们正在开发新导弹。）
mission	例句：His mission is to save the environment.（他的使命是拯救环境。）
mission	例句：The mission of the organization is to help the poor.（这个组织的使命是帮助穷人。）
mission	例句：They were sent on a special mission.（他们被派去执行一项特殊任务。）
mobile	例句：He has a mobile phone.（他有一部手机。）
mobile	例句：She is a mobile worker who travels a lot.（她是一个经常旅行的流动工作者。）
mobile	例句：The mobile library visits different neighborhoods.（流动图书馆访问不同的社区。）
mode	例句：The mode of transportation depends on the distance.（交通方式取决于距离。）
mode	例句：The phone is in silent mode.（手机处于静音模式。）
mode	例句：They work in different modes.（他们以不同的方式工作。）
moderne	例句：Moderne design is popular.（新式设计很流行。）
moderne	例句：She has a moderne outlook.（她有现代的观念。）
moderne	例句：The architecture is in a moderne style.（这种建筑是现代风格的。）
modification	例句：He suggested several modifications to the design.（他对设计提出了一些修改建议。）
modification	例句：Modification can improve the performance of a product.（修改可以提高产品的性能。）
modification	例句：The plan needs some modifications.（这个计划需要一些修改。）
modifier	例句：He is a modifier of the plan.（他是这个计划的修改者。）
modifier	例句：The modifier adjusts the output.（调节器调整输出。）
modifier	例句：The modifier changes the meaning of the word.（修饰语改变了这个词的意思。）
module	例句：The course is divided into several modules.（这门课程被分成几个模块。）
module	例句：The satellite has different modules for different functions.（这颗卫星有不同的模块用于不同的功能。）
module	例句：This module is responsible for data processing.（这个模块负责数据处理。）
moment	例句：At that moment, I realized what I had to do.（在那一刻，我意识到了自己必须要做的事情。）
moment	例句：She captured a beautiful moment with her camera.（她用相机捕捉到了一个美丽的瞬间。）
moment	例句：The moment I saw her smile, I knew everything would be okay.（我看到她微笑的那一刻，我就知道一切都会好起来。）
montage	例句：He created a beautiful montage of pictures.（他制作了一幅美丽的拼贴画。）
montage	例句：The film uses montage to tell the story.（这部电影用蒙太奇手法讲述故事。）
montage	例句：The montage was very effective in conveying the mood.（蒙太奇在传达情绪方面非常有效。）
monument	例句：The monument is a symbol of national pride.（这座纪念碑是民族自豪感的象征。）
monument	例句：The monument stands tall in the city center.（纪念碑矗立在市中心。）
monument	例句：We visited the ancient monument.（我们参观了这座古老的纪念碑。）
moral	例句：He has a strong moral sense.（他有很强的道德感。）
moral	例句：The story has a moral at the end.（这个故事在结尾有一个道德教训。）
moral	例句：They are discussing moral issues.（他们正在讨论道德问题。）
morale	例句：A good leader can boost morale.（一个好的领导可以提高士气。）
morale	例句：Low morale can affect productivity.（士气低落会影响生产力。）
morale	例句：The team's morale is high.（这个团队的士气很高。）
morgue	例句：The body was taken to the morgue.（尸体被送到了太平间。）
morgue	例句：The morgue is a solemn place.（太平间是一个肃穆的地方。）
morgue	例句：They work in the morgue.（他们在太平间工作。）
morphine	例句：Morphine is a powerful painkiller.（吗啡是一种强力止痛药。）
morphine	例句：Morphine use needs to be carefully monitored.（吗啡的使用需要被仔细监测。）
morphine	例句：The patient was given morphine.（患者被给予了吗啡。）
motel	例句：Motels are a convenient option for travelers.（汽车旅馆是旅行者的一个方便选择。）
motel	例句：The motel is located near the highway.（这家汽车旅馆位于高速公路附近。）
motel	例句：They stayed at a motel on their road trip.（他们在公路旅行中住在一家汽车旅馆。）
motif	例句：The motif of the story is love and sacrifice.（这个故事的主题是爱和牺牲。）
motif	例句：The motif repeats throughout the design.（这个主题在整个设计中重复出现。）
motif	例句：They used a floral motif for the decoration.（他们用花卉图案作为装饰。）
motion	例句：He made a motion with his hand.（他用手做了一个动作。）
motion	例句：The motion was passed by the committee.（这个动议被委员会通过了。）
motion	例句：The object is in motion.（这个物体在运动。）
motivation	例句：He has strong motivation to succeed.（他有强烈的成功动机。）
motivation	例句：Motivation is important for learning.（动力对学习很重要。）
motivation	例句：She lacks motivation lately.（她最近缺乏动力。）
mousse	例句：He uses hair mousse to style his hair.（他用摩丝来整理头发。）
mousse	例句：She made a delicious chocolate mousse.（她做了一个美味的巧克力奶油冻。）
mousse	例句：The mousse is light and fluffy.（奶油冻很轻很蓬松。）
moustache	例句：He has a thick moustache.（他有浓密的胡子。）
moustache	例句：She doesn't like men with moustaches.（她不喜欢有胡子的男人。）
moustache	例句：The man with the moustache is my uncle.（那个有胡子的男人是我的叔叔。）
muffin	例句：He bought a dozen muffins for the office.（他为办公室买了一打松饼。）
muffin	例句：She baked blueberry muffins.（她烤了蓝莓松饼。）
muffin	例句：The muffin is delicious with a cup of coffee.（松饼和一杯咖啡一起很美味。）
mule	例句：He rode a mule through the mountains.（他骑着骡子穿过山脉。）
mule	例句：Mules are known for their strength and endurance.（骡子以其力量和耐力而闻名。）
mule	例句：The mule is a hybrid animal.（骡子是一种杂交动物。）
multiple	例句：She has multiple talents.（她有多种才能。）
multiple	例句：There are multiple solutions to the problem.（这个问题有多个解决方案。）
multiple	例句：Three is a multiple of one.（三是一的倍数。）
multiplier	例句：The multiplier effect can boost economic growth.（乘数效应可以促进经济增长。）
multiplier	例句：The multiplier of two and three is six.（二和三的乘数是六。）
multiplier	例句：This circuit has a multiplier to increase the signal.（这个电路有一个乘数来放大信号。）
municipal	例句：The municipal elections will be held next month.（市政选举将在下个月举行。）
municipal	例句：The municipal government is responsible for public services.（市政府负责公共服务。）
municipal	例句：They are building a municipal park.（他们正在建造一个市政公园。）
munition	例句：Munitions factories produce various types of weapons.（军工厂生产各种类型的武器。）
munition	例句：The army needs a large supply of munitions.（军队需要大量的弹药。）
munition	例句：The storage of munitions must be carefully managed.（弹药的储存必须小心管理。）
muscle	例句：He flexed his muscle to show his strength.（他绷紧肌肉以显示自己的力量。）
muscle	例句：Muscle power is important for many activities.（肌肉力量对很多活动都很重要。）
muscle	例句：She strained a muscle while lifting weights.（她在举重时拉伤了一块肌肉。）
muse	例句：He sat in silence, lost in muse.（他静静地坐着，陷入沉思。）
muse	例句：She is his muse for painting.（她是他绘画的灵感。）
muse	例句：The poet found his muse in nature.（诗人在大自然中找到了他的灵感。）
musical	例句：He is starring in a musical.（他正在一部音乐剧中担任主演。）
musical	例句：She has a musical talent.（她有音乐天赋。）
musical	例句：This is a musical instrument.（这是一种乐器。）
must	例句：A good education is a must for a successful future.（良好的教育是成功未来的必备条件。）
must	例句：He must be very tired after a long day at work.（他在工作了一整天后一定很累。）
must	例句：You must finish your homework before you can watch TV.（你必须先完成作业才能看电视。）
mutant	例句：He is studying mutant genes.（他正在研究突变基因。）
mutant	例句：The mutant form of the virus is more dangerous.（这种病毒的变异形式更危险。）
mutant	例句：The mutant plant has unique characteristics.（突变植物有独特的特征。）
mutation	例句：Genetic mutation can cause diseases.（基因突变可以引起疾病。）
mutation	例句：Mutation is a natural process.（突变是一个自然过程。）
mutation	例句：The mutation rate is low.（突变率很低。）
mystique	例句：Her charm lies in her mystique.（她的魅力在于她的神秘性。）
mystique	例句：The old castle has an air of mystique.（这座古老的城堡有一种神秘的气息。）
mystique	例句：The painting holds a certain mystique.（这幅画有一种特定的神秘性。）
naissance	例句：The naissance of the idea was inspired by nature.（这个想法的起源受到了自然的启发。）
naissance	例句：The naissance of the new technology changed the world.（新技术的诞生改变了世界。）
naissance	例句：We are witnessing the naissance of a new era.（我们正在见证一个新时代的出现。）
natal	例句：He has a strong connection to his natal place.（他与他的出生地有很强的联系。）
natal	例句：Natal care is important for the well-being of newborns.（新生儿护理对新生儿的幸福很重要。）
natal	例句：The natal day is a special occasion.（生日是一个特殊的日子。）
natation	例句：He is good at natation.（他擅长游泳。）
natation	例句：Natation is a good exercise.（游泳是一项很好的运动。）
natation	例句：She learned natation when she was young.（她年轻时学会了游泳。）
nation	例句：China is a great and beautiful nation with a long history.（中国是一个历史悠久的伟大美丽国家。）
nation	例句：The nation is proud of its rich history.（这个国家为其丰富的历史感到自豪。）
nation	例句：The nation's economy is growing rapidly.（这个国家的经济正在快速增长。）
national	例句：He is a national hero.（他是一位民族英雄。）
national	例句：The national economy is growing.（国家经济在增长。）
national	例句：We should promote national unity.（我们应该促进民族团结。）
nature	例句：Human nature is complex and diverse.（人性是复杂多样的。）
nature	例句：The beauty of nature has always inspired artists.（自然之美一直激励着艺术家。）
nature	例句：We should respect nature and protect the environment.（我们应该尊重自然，保护环境。）
naval	例句：He joined the naval academy.（他加入了海军学院。）
naval	例句：The country has a strong naval force.（这个国家有强大的海军力量。）
naval	例句：The naval ship is on a mission.（这艘军舰在执行任务。）
navigation	例句：He studied navigation at school.（他在学校学习航海术。）
navigation	例句：Navigation systems are very useful.（导航系统非常有用。）
navigation	例句：The ship's navigation was accurate.（这艘船的导航很准确。）
nectar	例句：Nectar is sweet.（花蜜是甜的。）
nectar	例句：The bees collect nectar.（蜜蜂采集花蜜。）
nectar	例句：They are studying the properties of nectar.（他们在研究花蜜的性质。）
net	例句：He caught a fish in his net.（他用网捕到了一条鱼。）
net	例句：She made a profit of $500 net.（她净赚了 500 美元。）
net	例句：The tennis net is too high.（网球网太高了。）
niche	例句：She found her niche in the art world.（她在艺术界找到了自己的位置。）
niche	例句：The company specializes in a niche market.（这家公司专注于一个利基市场。）
niche	例句：There was a niche in the wall for a statue.（墙上有一个放雕像的壁龛。）
nickel	例句：He is allergic to nickel.（他对镍过敏。）
nickel	例句：Nickel has a shiny appearance.（镍有闪亮的外观。）
nickel	例句：Nickel is used in batteries.（镍用于电池中。）
noble	例句：He did a noble deed.（他做了一件高尚的事。）
noble	例句：She has a noble bearing.（她有高贵的仪态。）
noble	例句：The noble family lived in a grand mansion.（这个贵族家庭住在一座宏伟的大厦里。）
nocturne	例句：He played a beautiful nocturne on the piano.（他在钢琴上弹奏了一首优美的夜曲。）
nocturne	例句：She is fond of listening to nocturnes.（她喜欢听夜曲。）
nocturne	例句：The painting is a nocturne of the city at night.（这幅画是城市夜晚的夜景画。）
nomination	例句：He received a nomination for the award.（他获得了这个奖项的提名。）
nomination	例句：The nomination process is fair.（提名过程是公平的。）
nomination	例句：They are considering nominations for the position.（他们正在考虑这个职位的提名。）
normal	例句：His temperature is normal.（他的体温正常。）
normal	例句：The situation is back to normal.（情况恢复正常。）
normal	例句：This is a normal reaction.（这是一种正常的反应。）
note	例句：Please note that the meeting has been postponed.（请注意会议已被推迟。）
note	例句：She left a note on the table.（她在桌子上留了一张便条。）
note	例句：Take notes during the lecture.（在讲座期间做笔记。）
notion	例句：His notion of success is different from others.（他对成功的概念与别人不同。）
notion	例句：She had a strange notion about the world.（她对世界有一个奇怪的观念。）
notion	例句：The notion of justice is important in society.（正义的观念在社会中很重要。）
nouveau	例句：Nouveau cuisine is known for its innovative style.（新式烹饪以其创新的风格而闻名。）
nouveau	例句：The nouveau art movement was controversial.（新艺术运动是有争议的。）
nouveau	例句：The nouveau riche flaunt their wealth.（暴发户炫耀他们的财富。）
objection	例句：He raised an objection.（他提出了一个异议。）
objection	例句：There is an objection to the plan.（对这个计划有一个反对意见。）
objection	例句：They considered the objections.（他们考虑了反对意见。）
obligation	例句：He has an obligation to take care of his parents.（他有照顾父母的义务。）
obligation	例句：The company has fulfilled its financial obligations.（公司已经履行了其财务义务。）
obligation	例句：We have an obligation to protect the environment.（我们有保护环境的责任。）
observation	例句：His observation was very insightful.（他的观察非常有洞察力。）
observation	例句：The observation deck offers a great view.（观测台提供了很好的视野。）
observation	例句：We need more accurate observation.（我们需要更准确的观察。）
observer	例句：As an observer, he watched the behavior of the animals in their natural habitat.（作为一名观察者，他观察了动物在自然栖息地的行为。）
observer	例句：The UN observers were sent to monitor the cease - fire.（联合国观察员被派去监督停火情况。）
observer	例句：The observers at the conference took detailed notes on the discussions.（会议上的观察员对讨论做了详细记录。）
obsession	例句：His obsession with music is obvious.（他对音乐的痴迷很明显。）
obsession	例句：She has an obsession with cleanliness.（她有洁癖。）
obsession	例句：The obsession with success can lead to stress.（对成功的痴迷可能会导致压力。）
obstacle	例句：He overcame the obstacle and achieved his goal.（他克服了障碍，实现了他的目标。）
obstacle	例句：Obstacles make us stronger.（障碍使我们更强大。）
obstacle	例句：The language barrier was an obstacle to communication.（语言障碍是交流的一个阻碍。）
occasion	例句：He chose the right occasion to propose.（他选了一个合适的时机求婚。）
occasion	例句：The event was held on a grand occasion.（这个活动在一个盛大的场合举行。）
occasion	例句：This is a special occasion.（这是一个特殊场合。）
occidental	例句：He is an occidental scholar.（他是一位西方学者。）
occidental	例句：Occidentals have their own way of life.（西方人有他们自己的生活方式。）
occidental	例句：The occidental culture is different from ours.（西方文化与我们的不同。）
occupant	例句：The occupant must vacate the premises by the end of the month.（居住者必须在月底前搬出房屋。）
occupant	例句：The occupant of the house was away on vacation.（房子的居住者去度假了。）
occupant	例句：They are the legal occupants of the land.（他们是这片土地的合法占有者。）
occupation	例句：He is engaged in a lucrative occupation.（他从事一份有利可图的职业。）
occupation	例句：Reading is his favorite occupation in his spare time.（阅读是他业余时间最喜欢的消遣。）
occupation	例句：What's your occupation?（你的职业是什么？）
oeuvre	例句：The artist's oeuvre is extensive.（这位艺术家的全部作品很丰富。）
oeuvre	例句：The oeuvre represents the artist's creative journey.（全部作品代表了艺术家的创作历程。）
oeuvre	例句：We need to study the oeuvre of this great writer.（我们需要研究这位伟大作家的毕生之作。）
off	例句：He took his coat off.（他把外套脱下来。）
off	例句：She is off work today.（她今天不上班。）
off	例句：The switch is off.（开关关着。）
offense	例句：Driving under the influence is an offense.（酒后驾车是一种违法行为。）
offense	例句：His words caused offense to many people.（他的话冒犯了很多人。）
offense	例句：The team is planning an offense.（这个团队正在计划一次进攻。）
offensive	例句：His remarks were offensive to many people.（他的话冒犯了很多人。）
offensive	例句：She found his behavior offensive.（她觉得他的行为很冒犯。）
offensive	例句：The team launched an offensive to win the game.（球队发起进攻以赢得比赛。）
office	例句：He works in an office.（他在一个办公室工作。）
office	例句：She holds an important office in the company.（她在公司担任一个重要职务。）
office	例句：The office is spacious and well-lit.（这个办公室宽敞且光线充足。）
ogre	例句：Don't be an ogre and share your toys.（别那么可怕，分享一下你的玩具吧。）
ogre	例句：He looks like an ogre when he's angry.（他生气的时候看起来像个食人魔。）
ogre	例句：The ogre in the story is very frightening.（故事中的食人魔非常可怕。）
olive	例句：She wore an olive green dress.（她穿了一件橄榄绿的连衣裙。）
olive	例句：The olive branch is a symbol of peace.（橄榄枝是和平的象征。）
olive	例句：The olive tree is long-lived.（橄榄树寿命很长。）
omelette	例句：I ordered an omelette for breakfast.（我早餐点了一个煎蛋卷。）
omelette	例句：She makes delicious omelettes.（她做的煎蛋卷很美味。）
omelette	例句：The omelette is filled with cheese and mushrooms.（这个煎蛋卷里有奶酪和蘑菇。）
on	例句：He is giving a speech on history.（他正在做一个关于历史的演讲。）
on	例句：Keep going on.（继续前进。）
on	例句：There is a book on the table.（桌子上有一本书。）
once	例句：He was once a famous singer.（他曾经是一位著名的歌手。）
once	例句：I have been there once.（我去过那里一次。）
once	例句：Once you start, you can't stop.（一旦你开始，就不能停止。）
opinion	例句：He asked for my opinion.（他征求我的意见。）
opinion	例句：In my opinion, this is a good idea.（在我看来，这是个好主意。）
opinion	例句：Opinions may vary on this issue.（在这个问题上意见可能会有所不同。）
opium	例句：He was addicted to opium.（他对鸦片上瘾。）
opium	例句：Opium is a dangerous drug.（鸦片是一种危险的毒品。）
opium	例句：The production and use of opium are illegal.（鸦片的生产和使用是非法的。）
opposition	例句：Black and white are in opposition.（黑色和白色是对立的。）
opposition	例句：The opposition party criticized the government's policies.（反对党批评政府的政策。）
opposition	例句：There is strong opposition to the new law.（对新法律有强烈的反对。）
oppression	例句：Oppression can lead to rebellion.（压迫会导致反抗。）
oppression	例句：She fought against oppression.（她与压迫作斗争。）
oppression	例句：The people lived under oppression.（人民生活在压迫之下。）
option	例句：The menu offers several options for dessert.（菜单提供了几种甜点选项。）
option	例句：This is one of the options we have.（这是我们有的一个选项。）
option	例句：You have the option to decline the offer.（你有权选择拒绝这个提议。）
or	例句：Hurry up, or we'll be late.（快点，否则我们要迟到了。）
or	例句：Is it red or blue?（它是红色的还是蓝色的？）
or	例句：You can choose tea or coffee.（你可以选择茶或者咖啡。）
oracle	例句：The ancient Greeks consulted oracles for advice.（古希腊人向神谕寻求建议。）
oracle	例句：The oracle was respected for her wisdom.（这位圣人因其智慧而受到尊敬。）
oracle	例句：The oracle's prediction came true.（神谕的预言实现了。）
oral	例句：He took an oral exam.（他参加了口试。）
oral	例句：Oral history is an important way to preserve the past.（口头历史是保存过去的重要方式。）
oral	例句：This medicine is for oral use only.（这种药仅供口服。）
orange	例句：I ate an orange for breakfast.（我早餐吃了一个橙子。）
orange	例句：She painted the wall orange.（她把墙漆成了橙色。）
orange	例句：The orange is a popular fruit.（橙子是一种很受欢迎的水果。）
organisation	例句：The local organisation is committed to environmental protection.（这个当地组织致力于环境保护。）
organisation	例句：The success of the event depends on the good organisation of the team.（活动的成功取决于团队的良好组织。）
organisation	例句：This non-profit organisation provides help to the poor.（这个非营利组织为穷人提供帮助。）
organiser	例句：She is the organiser of the event.（她是这个活动的组织者。）
organiser	例句：The organiser did a great job.（组织者做得很好。）
organiser	例句：The organisers are responsible for everything.（组织者对一切负责。）
oriental	例句：She has an oriental beauty.（她有一种东方美。）
oriental	例句：The oriental art is unique.（东方艺术很独特。）
oriental	例句：The orientals have a rich culture.（东方人有丰富的文化。）
orientation	例句：He has a good sense of orientation.（他有很好的方向感。）
orientation	例句：The building's orientation is important for energy efficiency.（建筑物的朝向对能源效率很重要。）
orientation	例句：The new employee orientation is tomorrow.（新员工入职培训在明天。）
original	例句：His original idea for the project was very creative.（他对这个项目最初的想法非常有创意。）
original	例句：The original painting is now in a museum, and this is just a copy.（原画现在在博物馆里，这只是一幅复制品。）
original	例句：The story has been adapted several times, but the original version is still the best.（这个故事已经被改编了好几次，但原版仍然是最好的。）
oui	例句：“C'est une bonne idée?” “Oui!”（“这是个好主意吗？”“对！”）
oui	例句：“Est-ce que vous êtes d'accord?” “Oui!”（“你同意吗？”“是！”）
oui	例句：“Voulez-vous venir?” “Oui!”（“你想来吗？”“想！”）
ours	例句：That house is ours.（那所房子是我们的。）
ours	例句：The victory is ours.（胜利是我们的。）
ours	例句：This book is ours.（这本书是我们的。）
out	例句：He is out for a walk.（他出去散步了。）
out	例句：The ball is out of bounds.（球出界了。）
out	例句：The book is out of print.（这本书已绝版。）
outrage	例句：People expressed their outrage at the government's decision.（人们对政府的决定表示愤慨。）
outrage	例句：The act of violence was an outrage.（暴力行为是一种暴行。）
outrage	例句：The news of the injustice caused outrage.（不公正的消息引起了愤怒。）
overdose	例句：He had an overdose of sleeping pills.（他服用了过量的安眠药。）
overdose	例句：She was rushed to the hospital after an overdose.（她用药过量后被紧急送往医院。）
overdose	例句：Taking too much of this medicine can lead to an overdose.（服用这种药太多会导致用药过量。）
page	例句：He turned to the sports page of the newspaper.（他翻到报纸的体育专页。）...
page	例句：She read a page of the book.（她读了这本书的一页。）
page	例句：The page is filled with pictures.（这个页面上满是图片。）
pain	例句：He was in great pain.（他非常痛苦。）
pain	例句：Her words pained him.（她的话使他痛苦。）
pain	例句：The pain was unbearable.（疼痛难以忍受。）
pair	例句：A pair of gloves is necessary in winter.（冬天一副手套是必要的。）
pair	例句：He bought a pair of shoes.（他买了一双鞋。）
pair	例句：She has a pair of earrings.（她有一对耳环。）
palace	例句：The king lives in the palace.（国王住在宫殿里。）
palace	例句：The palace is a magnificent building.（宫殿是一座宏伟的建筑。）
palace	例句：They visited the palace during their tour.（他们在旅行中参观了宫殿。）
papa	例句：Papa is always there for us.（爸爸总是在我们身边。）
papa	例句：Papa, where are you?（爸爸，你在哪里？）
papa	例句：She is close to her papa.（她和她的爸爸很亲近。）
par	例句：His performance was up to par.（他的表现达到了标准。）
par	例句：She played golf at par.（她打高尔夫球达到了标准杆数。）
par	例句：The price is on a par with others.（这个价格与其他的相当。）
parachute	例句：He jumped out of the plane and opened his parachute.（他从飞机上跳下来并打开了降落伞。）
parachute	例句：Parachuting is an exciting activity.（跳伞是一项令人兴奋的活动。）
parachute	例句：The parachute saved his life.（降落伞救了他的命。）
parade	例句：She paraded her new dress.（她展示她的新裙子。）
parade	例句：The soldiers paraded through the city.（士兵们在城市中游行。）
parade	例句：There was a big parade on National Day.（国庆节有一场盛大的游行。）
parasite	例句：He is a parasite who always takes advantage of others.（他是一个总是利用别人的食客。）
parasite	例句：Some parasites are harmful to humans.（一些寄生虫对人类有害。）
parasite	例句：The parasite lives off the host organism.（寄生虫靠宿主生物体生存。）
pardon	例句：He asked for her pardon.（他请求她的原谅。）
pardon	例句：Pardon me for interrupting.（请原谅我打断一下。）
pardon	例句：The president granted a pardon to the prisoner.（总统赦免了这个囚犯。）
parent	例句：Both parents are responsible for raising the child.（父母双方都有责任抚养孩子。）
parent	例句：The plant is a hybrid of two different parents.（这种植物是两个不同亲本的杂交品种。）
parent	例句：We need to support parents in their role.（我们需要支持父母在他们的角色中。）
parking	例句：He is looking for a parking space.（他正在找一个停车位。）
parking	例句：The parking lot is full.（停车场满了。）
parking	例句：There is limited parking in the city.（城市里停车有限。）
parole	例句：He was granted parole after serving part of his sentence.（他在服了一部分刑期后被准予假释。）
parole	例句：Parole is a form of early release.（假释是一种提前释放的形式。）
parole	例句：The parole board reviews applications for parole.（假释委员会审查假释申请。）
parquet	例句：Parquet gives a luxurious look to the space.（镶木地板给空间带来一种奢华的感觉。）
parquet	例句：The room has a beautiful parquet floor.（这个房间有漂亮的镶木地板。）
parquet	例句：They installed parquet in the living room.（他们在客厅安装了拼花地板。）
part	例句：He played an important part in the project.（他在这个项目中扮演了重要角色。）
part	例句：The machine is made up of many parts.（这台机器由许多零件组成。）
part	例句：This is only a part of the whole story.（这只是整个故事的一部分。）
participation	例句：His participation in the project was valuable.（他对这个项目的参与很有价值。）
participation	例句：Participation in sports is good for health.（参加体育运动对健康有好处。）
participation	例句：We encourage everyone's participation.（我们鼓励每个人的参与。）
partisan	例句：He is a partisan of the conservative party.（他是保守党的坚定支持者。）
partisan	例句：The debate became partisan.（这场辩论变得有党派性。）
partisan	例句：The media is often partisan.（媒体常常有党派性。）
partition	例句：He partitioned the room into two smaller areas.（他把房间隔成两个较小的区域。）
partition	例句：The office is divided by a partition.（办公室被一个隔墙隔开。）
partition	例句：The partition of the land was controversial.（土地的划分有争议。）
passage	例句：She read a passage from the book.（她读了书中的一个段落。）
passage	例句：The bill had a difficult passage through parliament.（这项法案在议会中通过得很艰难。）
passage	例句：There is a narrow passage between the two buildings.（两栋楼之间有一条狭窄的通道。）
passe	例句：His ideas seem passe now.（他的想法现在看来很陈旧。）
passe	例句：That style of music is passe.（那种音乐风格已经过时了。）
passe	例句：This fashion is passe.（这种时尚已经过时了。）
passer	例句：A passer stopped to rest on the bench.（一个旅客在长椅上停下来休息。）
passer	例句：The passer didn't notice the sign.（那个过路人没有注意到标志。）
passer	例句：The passers were in a hurry to reach their destinations.（旅客们急于到达他们的目的地。）
passion	例句：His passion for music led him to become a musician.（他对音乐的酷爱使他成为了一名音乐家。）
passion	例句：She has a passion for art.（她对艺术有热情。）
passion	例句：We should pursue our passions.（我们应该追求我们的热情所在。）
patience	例句：Patience is a virtue.（耐心是一种美德。）
patience	例句：She has a lot of patience with children.（她对孩子们很有耐心。）
patience	例句：We need patience to solve this problem.（我们需要耐心来解决这个问题。）
patient	例句：She is a patient listener.（她是一个有耐心的倾听者。）
patient	例句：The doctor is treating a patient.（医生正在治疗一位病人。）
patient	例句：What are the rights of patients?（病人有哪些权利？）
patron	例句：He is a patron of the arts.（他是艺术的赞助人。）
patron	例句：The museum has many generous patrons.（这家博物馆有很多慷慨的赞助人。）
patron	例句：The store has a loyal patron base.（这家商店有一群忠实的主顾。）
pause	例句：He paused for a moment before answering.（他在回答之前停顿了一下。）
pause	例句：The music paused and then started again.（音乐暂停了一下，然后又开始了。）
pause	例句：There was a pause in the conversation.（谈话中出现了停顿。）
payer	例句：The payer can choose different payment methods.（付款人可以选择不同的支付方式。）
payer	例句：The payer is responsible for the bill.（付款人负责账单。）
payer	例句：We need to identify the payer.（我们需要确定付款人。）
penchant	例句：He has a penchant for collecting stamps.（他有收集邮票的爱好。）
penchant	例句：She has a penchant for spicy food.（她喜欢吃辣的食物。）
penchant	例句：There is a penchant among young people for social media.（年轻人有使用社交媒体的倾向。）
pendant	例句：He gave her a pendant as a gift.（他送给她一个吊坠作为礼物。）
pendant	例句：She wore a beautiful pendant around her neck.（她脖子上戴着一个漂亮的吊坠。）
pendant	例句：The pendant is made of silver.（这个吊坠是银制的。）
pension	例句：He is living on a pension.（他靠养老金生活。）
pension	例句：She received a pension after retirement.（她退休后收到了一份养老金。）
pension	例句：The government is increasing pensions.（政府正在增加养老金。）
people	例句：People from different cultures have different traditions.（来自不同文化的人们有不同的传统。）
people	例句：The city is populated by friendly people.（这个城市居住着友好的人们。）
people	例句：There are many people at the event.（这个活动有很多人参加。）
perception	例句：Our perception of the world is influenced by our experiences.（我们对世界的知觉受到我们经验的影响。）
perception	例句：People may have different perceptions of the same event.（人们对同一事件可能有不同的看法。）
perception	例句：Perception plays a crucial role in decision-making.（知觉在决策中起着关键作用。）
perfection	例句：Perfection is often hard to achieve.（完美常常很难实现。）
perfection	例句：The artist's work is a pursuit of perfection.（这位艺术家的作品是对完美的追求。）
perfection	例句：We strive for perfection in everything we do.（我们在做的每一件事中都追求完美。）
performance	例句：His performance at work is outstanding.（他在工作中的表现很出色。）
performance	例句：The car's performance is excellent.（这辆车的性能很好。）
performance	例句：The performance was amazing.（这场表演令人惊叹。）
permanence	例句：She values the permanence of friendship.（她珍视友谊的持久性。）
permanence	例句：The permanence of love is a common theme in literature.（爱的持久性是文学中的一个常见主题。）
permanence	例句：We seek permanence in a changing world.（我们在不断变化的世界中寻求永久。）
permanent	例句：He has a permanent job.（他有一份永久的工作。）
permanent	例句：She made a permanent decision.（她做了一个永久的决定。）
permanent	例句：The damage is permanent.（这种损害是永久的。）
permission	例句：She asked for permission to leave early.（她请求允许提前离开。）
permission	例句：Without permission, you can't enter the area.（没有许可，你不能进入这个区域。）
permission	例句：You need permission to use this room.（你需要许可才能使用这个房间。）
personnel	例句：Personnel changes are announced.（人员变动被宣布。）
personnel	例句：The company has excellent personnel.（这家公司有优秀的员工。）
personnel	例句：The personnel department is responsible for hiring.（人事部门负责招聘。）
perspective	例句：He has a different perspective on the issue.（他对这个问题有不同的观点。）
perspective	例句：The artist drew a beautiful perspective.（这位艺术家画了一幅美丽的透视图。）
perspective	例句：We need to consider the problem from multiple perspectives.（我们需要从多个视角考虑这个问题。）
persuader	例句：A good persuader can change people's minds.（一个好的说服者可以改变人们的想法。）
persuader	例句：He is a skilled persuader.（他是一个有技巧的说服者。）
persuader	例句：The persuader used logical arguments to convince others.（这个说服者用逻辑论证来说服别人。）
pertinent	例句：His comments were pertinent to the discussion.（他的评论与讨论相关。）
pertinent	例句：Pertinent questions need to be asked.（需要提出切题的问题。）
pertinent	例句：We need to provide pertinent information.（我们需要提供相关的信息。）
perversion	例句：His behavior is a perversion of morality.（他的行为是对道德的一种反常。）
perversion	例句：She saw his actions as a perversion of the truth.（她认为他的行为是对真理的一种曲解。）
perversion	例句：The perversion of justice is unacceptable.（对正义的颠倒是不可接受的。）
peso	例句：He exchanged dollars for pesos.（他把美元换成比索。）
peso	例句：The price is ten pesos.（价格是十比索。）
peso	例句：The value of the peso fluctuates.（比索的价值波动。）
pet	例句：He pets the dog gently.（他轻轻地抚摸着狗。）
pet	例句：She has a cat as a pet.（她有一只猫作为宠物。）
pet	例句：The pet store has a wide variety of animals.（宠物店有各种各样的动物。）
phase	例句：The moon goes through different phases.（月亮经历不同的阶段。）
phase	例句：This is an important phase in our lives.（这是我们生活中的一个重要阶段。）
phase	例句：We are currently in the planning phase of the project.（我们目前处于项目的规划阶段。）
photo	例句：He took a photo of the flower.（他拍了一张花的照片。）
photo	例句：She has many photos on her phone.（她手机里有很多照片。）
photo	例句：This is a great photo.（这是一张很棒的照片。）
phrase	例句：He phrased his answer carefully.（他小心地措辞回答。）
phrase	例句：She used a beautiful phrase to describe the scenery.（她用一个优美的短语来描述风景。）
phrase	例句：This phrase is often used in conversation.（这个短语在对话中经常被使用。）
physique	例句：A good diet and exercise can improve your physique.（良好的饮食和锻炼可以改善你的体格。）
physique	例句：He has a muscular physique.（他有强壮的体格。）
physique	例句：Her petite physique is very charming.（她娇小的体型很迷人。）
piano	例句：He bought a new piano.（他买了一架新钢琴。）
piano	例句：She plays the piano beautifully.（她弹钢琴弹得很优美。）
piano	例句：The piano is a versatile instrument.（钢琴是一种多功能的乐器。）
pied	例句：The bird is pied in color.（这只鸟的颜色是杂色的。）
pied	例句：The fabric is pied with different patterns.（这种织物有不同图案的杂色。）
pied	例句：The garden is filled with pied flowers.（花园里满是杂色的花朵。）
pigeon	例句：He released the pigeon into the sky.（他把鸽子放飞到天空中。）
pigeon	例句：Pigeons are often seen in the city parks.（在城市公园里经常能看到鸽子。）
pigeon	例句：The pigeon cooed softly.（鸽子轻轻地咕咕叫。）
pile	例句：The snow was piled high.（雪堆得很高。）
pile	例句：There is a pile of books on the desk.（桌子上有一堆书。）
pile	例句：They piled the sandbags to protect the house.（他们堆积沙袋来保护房子。）
pilotage	例句：He is a pilotage expert.（他是一位引航专家。）
pilotage	例句：The pilotage fee is expensive.（领港费很贵。）
pilotage	例句：The ship requires pilotage to enter the harbor.（这艘船需要引航才能进入港口。）
pilule	例句：He took a pilule for his headache.（他吃了一颗小药丸治头痛。）
pilule	例句：She has a box of pilules.（她有一盒小药丸。）
pilule	例句：The pilule is very small.（这个小药丸很小。）
ping-pong	例句：He is good at ping-pong.（他擅长打乒乓球。）
ping-pong	例句：Ping-pong is a popular sport.（乒乓球是一项受欢迎的运动。）
ping-pong	例句：They are playing ping-pong.（他们在打乒乓球。）
pipe	例句：He smoked a pipe.（他抽着烟斗。）
pipe	例句：The water flows through the pipe.（水通过管道流动。）
pipe	例句：They are laying pipes for the new gas line.（他们正在为新的天然气管道铺设管子。）
piquant	例句：A piquant sauce can enhance the taste of food.（一种开胃的酱汁可以增强食物的味道。）
piquant	例句：His remarks were piquant and witty.（他的话很有趣，很机智。）
piquant	例句：The dish had a piquant flavor.（这道菜有辛辣的味道。）
pique	例句：His words piqued her curiosity.（他的话激起了她的好奇心。）
pique	例句：She was piqued by his indifference.（他的冷漠使她生气。）
pique	例句：The new exhibit piqued his interest in art.（新的展览使他对艺术产生了兴趣。）
pirate	例句：He was captured by pirates.（他被海盗抓住了。）
pirate	例句：Pirates used to roam the seas.（海盗过去常在海上游荡。）
pirate	例句：The software is pirated.（这个软件是盗版的。）
piscine	例句：He has a piscine appearance.（他有一副似鱼的外表。）
piscine	例句：The piscine creatures live in the ocean.（鱼的生物生活在海洋里。）
piscine	例句：They went swimming in the piscine.（他们去游泳池游泳。）
piston	例句：He replaced the piston in the engine.（他更换了发动机里的活塞。）
piston	例句：The piston is a key component of the engine.（活塞是发动机的关键部件。）
piston	例句：The piston moves up and down in the cylinder.（活塞在汽缸里上下运动。）
pizza	例句：I love eating pizza.（我喜欢吃披萨。）
pizza	例句：She ordered a pepperoni pizza.（她点了一个意大利辣香肠披萨。）
pizza	例句：The pizza delivery was fast.（披萨外卖送得很快。）
placard	例句：He held up a placard with a message.（他举起一个带有信息的标语牌。）
placard	例句：The placard announced the upcoming concert.（布告宣布了即将举行的音乐会。）
placard	例句：They carried placards protesting against the war.（他们举着标语牌抗议战争。）
place	例句：He put the book in its place.（他把书放在合适的位置。）
place	例句：She was placed in charge of the project.（她被任命负责这个项目。）
place	例句：This is a beautiful place.（这是一个美丽的地方。）
placement	例句：The placement of students in classes is based on their abilities.（学生在班级中的安排是基于他们的能力。）
placement	例句：The placement of the furniture is important.（家具的放置很重要。）
placement	例句：We are considering different placement options.（我们正在考虑不同的安置选择。）
placer	例句：He is a placer of bets.（他是一个下注的人。）
placer	例句：The placer deposits are rich in minerals.（砂矿沉积物富含矿物质。）
placer	例句：They found gold in the placer.（他们在砂矿中发现了金子。）
plan	例句：I have a plan to study abroad next year.（我有一个明年出国留学的计划。）
plan	例句：The city has a long-term development plan.（这个城市有一个长期的发展规划。）
plan	例句：We need to come up with a better plan.（我们需要想出一个更好的计划。）
planer	例句：He is a skilled planer.（他是一个熟练的刨工。）
planer	例句：The planer is used to smooth wood.（刨床用于使木材光滑。）
planer	例句：The planer makes a loud noise.（刨床发出很大的噪音。）
planning	例句：Good planning is essential for success.（良好的规划对于成功至关重要。）
planning	例句：The company is in the process of strategic planning.（公司正在进行战略规划。）
planning	例句：They are involved in urban planning.（他们参与城市规划。）
plantation	例句：Plantation agriculture plays a significant role in some countries.（种植园农业在一些国家起着重要作用。）
plantation	例句：The old plantation is now a tourist attraction.（那个古老的种植园现在是一个旅游景点。）
plantation	例句：They are planning to establish a new plantation.（他们正在计划建立一个新的种植园。）
planter	例句：The planter filled the planter with soil.（种植者在花盆里装满了土。）
planter	例句：The planter's work is important for agriculture.（种植者的工作对农业很重要。）
planter	例句：They use a planter to sow seeds.（他们用播种机播种。）
plaque	例句：Brushing regularly can prevent plaque buildup on teeth.（经常刷牙可以防止牙齿上牙斑的形成。）
plaque	例句：The plaque on the wall commemorated the event.（墙上的匾纪念了这个事件。）
plaque	例句：The plaque was engraved with words of praise.（饰板上刻着赞扬的话。）
plasma	例句：Plasma donation is a way to help others.（献血浆是一种帮助他人的方式。）
plasma	例句：Plasma is a major component of blood.（血浆是血液的主要成分之一。）
plasma	例句：The laboratory is studying plasma physics.（实验室正在研究等离子体物理学。）
plateau	例句：He reached a plateau in his fitness journey.（他在健身过程中达到了一个稳定水平。）
plateau	例句：The economy has been on a plateau for some time.（经济已经停滞了一段时间。）
plateau	例句：The plateau is a high and flat area.（高原是一个高而平坦的地区。）
plausible	例句：His explanation sounds plausible.（他的解释听起来貌似合理。）
plausible	例句：She gave a plausible excuse for being late.（她给出了一个貌似合理的迟到理由。）
plausible	例句：The theory is plausible but needs more evidence.（这个理论貌似可信，但需要更多证据。）
plume	例句：She wore a hat with a plume.（她戴着一顶有羽饰的帽子。）
plume	例句：Smoke plumed from the chimney.（烟从烟囱里飘升出来。）
plume	例句：The bird's plume is colorful.（这只鸟的羽毛很鲜艳。）
plus	例句：The hotel room has a balcony plus a beautiful view.（酒店房间有一个阳台加上美丽的景色。）
plus	例句：The plus side of this plan is its flexibility.（这个计划的优势是它的灵活性。）
plus	例句：Two plus three is five.（二加三等于五。）
podium	例句：He climbed onto the podium to receive his medal.（他爬上领奖台领取他的奖牌。）
podium	例句：The conductor stood on the podium and led the orchestra.（指挥站在指挥台上领导乐队。）
podium	例句：The speaker stood on the podium.（演讲者站在讲台上。）
point	例句：He scored a point in the game.（他在比赛中得了一分。）
point	例句：I see your point.（我明白你的观点。）
point	例句：The point of the story is to teach a lesson.（这个故事的要点是教一个道理。）
pointer	例句：He gave me a pointer on how to solve the problem.（他给了我一个如何解决问题的提示。）
pointer	例句：The pointer is very useful in navigation.（指针在导航中很有用。）
pointer	例句：The pointer on the compass is pointing north.（指南针上的指针指向北方。）
poison	例句：Don't touch that poison.（不要碰那个毒药。）
poison	例句：He was poisoned by his enemy.（他被敌人下了毒。）
poison	例句：The snake's venom is a powerful poison.（蛇的毒液是一种强力的毒药。）
poker	例句：He used a poker to stir the fire.（他用拨火棍搅拌火。）
poker	例句：They are playing poker.（他们在玩扑克牌。）
poker	例句：What are the rules of poker?（扑克牌的规则是什么？）
police	例句：He called the police when he saw the accident.（他看到事故时打电话给警察。）
police	例句：The police are investigating the case.（警察正在调查这个案件。）
police	例句：The police maintain order in the city.（警察维护城市的秩序。）
pollution	例句：Air pollution is a major issue.（空气污染是一个主要问题。）
pollution	例句：Pollution can harm wildlife.（污染可以危害野生动物。）
pollution	例句：They are taking steps to reduce pollution.（他们正在采取措施减少污染。）
pop	例句：He popped the cork on the bottle.（他打开了瓶子的软木塞，发出砰的一声。）
pop	例句：She popped up from behind the couch.（她突然从沙发后面出现。）
pop	例句：The balloon popped.（气球爆了。）
population	例句：The population of the city is growing.（这个城市的人口在增长。）
population	例句：The population of this species is declining.（这个物种的种群在减少。）
population	例句：We need to address population issues.（我们需要解决人口问题。）
port	例句：He works at the port as a dockworker.（他在港口当码头工人。）
port	例句：The goods are being ported to different destinations.（货物正在被转运到不同的目的地。）
port	例句：The ship arrived at the port.（这艘船到达了港口。）
portable	例句：He has a portable computer.（他有一台便携式电脑。）
portable	例句：The portable tent is convenient for camping.（便携帐篷对露营很方便。）
portable	例句：This radio is portable and easy to carry.（这台收音机是便携的，很容易携带。）
porter	例句：She asked the porter for help.（她向门房求助。）
porter	例句：The porter carried the luggage for the guests.（搬运工为客人搬运行李。）
porter	例句：The porter greeted everyone with a smile.（门房微笑着向每个人打招呼。）
portion	例句：He divided the work into equal portions.（他把工作分成相等的部分。）
portion	例句：She ate a large portion of the cake.（她吃了很大一部分蛋糕。）
portion	例句：There is a portion of land for sale.（有一部分土地待售。）
portrait	例句：His words are a vivid portrait of the city.（他的话是对这座城市的生动描写。）
portrait	例句：She painted a portrait of her mother.（她画了一幅她母亲的肖像。）
portrait	例句：The portrait hangs on the wall.（这幅肖像挂在墙上。）
pose	例句：His pose suggested confidence.（他的姿态显示出自信。）
pose	例句：She struck a pose for the photographer.（她为摄影师摆了个姿势。）
pose	例句：The problem poses a challenge to us.（这个问题给我们带来了挑战。）
position	例句：He took up a position at the company.（他在公司担任一个职位。）
position	例句：She positioned herself in front of the mirror.（她站在镜子前。）
position	例句：The book is in a prominent position on the shelf.（这本书在书架上的显眼位置。）
possession	例句：He has many possessions.（他有很多财产。）
possession	例句：The possession of knowledge is power.（拥有知识就是力量。）
possession	例句：They took possession of the enemy's camp.（他们占领了敌人的营地。）
possible	例句：Is it possible that he will come to the party tonight?（他今晚有可能来参加派对吗？）
possible	例句：It is possible to finish this task within a week.（在一周内完成这项任务是有可能的。）
possible	例句：We should explore all possible solutions to the problem.（我们应该探索这个问题的所有可能的解决方案。）
postal	例句：She works for the postal department.（她在邮政部门工作。）
postal	例句：The postal code is important for mail delivery.（邮政编码对邮件投递很重要。）
postal	例句：The postal service is efficient.（邮政服务很高效。）
poster	例句：He designed a poster for the event.（他为这个活动设计了一张海报。）
poster	例句：She put up a poster on the wall.（她在墙上贴了一张海报。）
poster	例句：The poster is very eye-catching.（这张海报很引人注目。）
pot	例句：He planted flowers in a pot.（他在花盆里种花。）
pot	例句：She cooked soup in a pot.（她在锅里煮汤。）
pot	例句：They placed a large pot of coffee on the table.（他们在桌子上放了一大壶咖啡。）
potable	例句：Is the liquid potable?（这种液体可以饮用吗？）
potable	例句：The water is potable after treatment.（经过处理后，水是可饮用的。）
potable	例句：They found a source of potable water in the desert.（他们在沙漠中找到了一处可饮用的水源。）
potence	例句：He exercised his potence as a leader.（他行使了作为领导者的权力。）
potence	例句：The new technology has great potence.（这项新技术有很大的潜力。）
potence	例句：The potence of the human mind is limitless.（人类思维的潜能是无限的。）
potion	例句：He drank the potion to cure his illness.（他喝了药水来治疗他的病。）
potion	例句：The potion had a strange smell.（这种药水有一种奇怪的味道。）
potion	例句：The witch brewed a potion.（女巫酿造了一种药水。）
pour	例句：He poured his heart out to her.（他向她倾诉了自己的心事。）
pour	例句：It was pouring with rain.（雨倾盆而下。）
pour	例句：She poured water into the glass.（她把水倒进杯子里。）
prairie	例句：He lives on the prairie.（他住在大草原上。）
prairie	例句：The prairie is home to many animals.（大草原是许多动物的家园。）
prairie	例句：The prairie is vast and beautiful.（大草原辽阔而美丽。）
premier	例句：The premier addressed the nation on the current economic situation.（总理就当前经济形势向全国发表讲话。）
premier	例句：The premier of the state visited several countries to promote economic cooperation.（该国总理访问了几个国家以促进经济合作。）
premier	例句：The premier's visit was aimed at strengthening bilateral relations.（总理的访问旨在加强双边关系。）
prescription	例句：Follow the instructions on your prescription carefully.（仔细遵循处方上的说明。）
prescription	例句：Prescriptions are required for certain medications.（某些药物需要处方。）
prescription	例句：The doctor wrote a prescription for the patient.（医生给病人开了一个处方。）
pressing	例句：He had a pressing engagement.（他有一个紧急的约会。）
pressing	例句：The problem is extremely pressing.（这个问题非常紧迫。）
pressing	例句：There is a pressing need for action.（迫切需要采取行动。）
prestige	例句：He gained prestige through his achievements.（他通过自己的成就获得了声誉。）
prestige	例句：The company has high prestige in the industry.（这家公司在行业中享有很高的威望。）
prestige	例句：The event has great prestige.（这个活动有很大的影响力。）
prime	例句：His prime concern is the safety of his family.（他首要关心的是家人的安全。）
prime	例句：She is in her prime and full of energy.（她正处于黄金时期，充满活力。）
prime	例句：This is the prime location for a business.（这是做生意的最佳地点。）
primordial	例句：He has a primordial fear of the dark.（他对黑暗有一种原始的恐惧。）
primordial	例句：The primordial forest is full of mysteries.（原始森林充满了神秘。）
primordial	例句：The primordial soup is believed to be the origin of life.（原始汤被认为是生命的起源。）
prince	例句：He is a prince of a small country.（他是一个小国的王子。）
prince	例句：The prince and princess got married.（王子和公主结婚了。）
prince	例句：The prince is very handsome.（王子非常英俊。）
principal	例句：In a loan, the principal is the amount of money borrowed.（在贷款中，本金是所借的金额。）
principal	例句：The principal of the school made an important announcement at the assembly.（学校校长在集会上做了一个重要的宣布。）
principal	例句：The principal reason for his success is his hard work.（他成功的主要原因是他的努力工作。）
prise	例句：He prised open the box with a crowbar.（他用撬棍撬开了盒子。）
prise	例句：She prised the lid off the jar.（她撬开了罐子的盖子。）
prise	例句：They prised the two pieces apart.（他们强行把这两部分分开。）
prison	例句：He was sent to prison for his crime.（他因犯罪被送进监狱。）
prison	例句：The prison is overcrowded.（监狱人满为患。）
prison	例句：We need to reform the prison system.（我们需要改革监狱系统。）
pro	例句：He is a pro in his field.（他是他领域里的专业人士。）
pro	例句：I am pro this proposal.（我赞成这个提议。）
pro	例句：She plays tennis like a pro.（她打网球像个专业选手。）
probable	例句：Are there any probable solutions to this problem?（这个问题有什么可能的解决方案吗？）
probable	例句：It is probable that he will arrive late.（他很可能会迟到。）
probable	例句：The most probable outcome is a draw.（最可能的结果是平局。）
procession	例句：A procession of people marched through the street.（一队人穿过街道游行。）
procession	例句：The funeral procession was solemn.（葬礼队伍很庄严。）
procession	例句：The wedding procession was beautiful.（婚礼队伍很漂亮。）
production	例句：His latest production is a masterpiece.（他的最新作品是一部杰作。）
production	例句：Production of the new model has started.（新车型的生产已经开始。）
production	例句：The factory increased its production this year.（这家工厂今年增加了产量。）
prof	例句：I had a chat with the prof after class.（课后我和教授聊了聊。）
prof	例句：The prof is very approachable.（这位教授很平易近人。）
prof	例句：We can learn a lot from the prof.（我们可以从教授那里学到很多。）
profession	例句：He is a lawyer by profession.（他的职业是律师。）
profession	例句：She made a profession of her faith.（她公开表明了自己的信仰。）
profession	例句：Teaching is a noble profession.（教学是一个高尚的职业。）
profit	例句：His actions will profit the whole community.（他的行为将有益于整个社区。）
profit	例句：The company made a profit of $10 million last year.（该公司去年盈利 1000 万美元。）
profit	例句：They are looking for ways to increase profit.（他们正在寻找增加利润的方法。）
programme	例句：I watched an interesting programme on TV last night.（我昨晚看了一个有趣的电视节目。）
programme	例句：The government has launched a new programme to promote employment.（政府推出了一项新的促进就业的计划。）
programme	例句：The school has a comprehensive educational programme.（这所学校有一个全面的教育方案。）
programmer	例句：He is a talented programmer.（他是一个有才华的程序员。）
programmer	例句：Programmers need to have strong problem-solving skills.（程序员需要有很强的解决问题的能力。）
programmer	例句：The company is hiring programmers for a new project.（这家公司正在为一个新项目招聘程序员。）
projection	例句：The city has a long-term projection for development.（这个城市有一个长期的发展规划。）
projection	例句：The company's sales projection for next year is optimistic.（公司对明年的销售预测很乐观。）
projection	例句：The projection of the movie was clear.（电影的投射很清晰。）
promenade	例句：He likes to promenade in the park.（他喜欢在公园里闲逛。）
promenade	例句：The promenade is a popular place for people to relax.（散步场所是人们放松的热门地方。）
promenade	例句：They are taking a promenade along the beach.（他们正在沿着海滩散步。）
promo	例句：He is working on a promo for the product.（他正在为产品制作一个宣传广告。）
promo	例句：The promo was very effective.（这个促销很有效。）
promo	例句：They launched a new promo.（他们推出了一个新的促销活动。）
promotion	例句：He got a promotion at work.（他在工作中得到了晋升。）
promotion	例句：The company is running a promotion.（公司正在进行促销活动。）
promotion	例句：The new product needs promotion.（新产品需要推广。）
proportion	例句：A large proportion of the budget is spent on education.（预算的很大一部分用于教育。）
proportion	例句：The painting has good proportion.（这幅画比例协调。）
proportion	例句：The proportion of men to women in the class is 2:3.（这个班级中男女生的比例是 2:3。）
proposition	例句：The proposition is interesting.（这个提议很有趣。）
proposition	例句：The proposition needs further study.（这个命题需要进一步研究。）
proposition	例句：They debated the proposition.（他们就这个主张进行了辩论。）
prostitution	例句：Prostitution is a social issue.（卖淫是一个社会问题。）
prostitution	例句：She was rescued from prostitution.（她从卖淫中被解救出来。）
prostitution	例句：The government is trying to eliminate prostitution.（政府正在努力消除卖淫活动。）
protection	例句：The company provides protection for its employees.（公司为员工提供保护。）
protection	例句：The law offers protection to consumers.（法律为消费者提供保护。）
protection	例句：Wear protective gear for protection.（穿戴防护装备以获得保护。）
protestant	例句：He is a Protestant.（他是一个新教徒。）
protestant	例句：Protestant is a major group in the Christian religion.（新教是基督教的一个主要教派。）
protestant	例句：The Protestant Reformation was a major event.（新教改革是一个重大事件。）
protestation	例句：Her protestation was loud and clear.（她的抗议声响亮而清晰。）
protestation	例句：His protestation of innocence was ignored.（他对无辜的声明被忽视了。）
protestation	例句：They made a protestation against the decision.（他们对这个决定提出了抗议。）
protester	例句：Protester blocked the road to draw attention to their cause.（抗议者们封锁道路以引起人们对他们事业的关注。）
protester	例句：The protesters are expressing their dissatisfaction.（抗议者们在表达他们的不满。）
protester	例句：The protesters gathered outside the building.（抗议者们聚集在大楼外面。）
prototype	例句：The company developed a prototype of the new product.（公司开发了新产品的原型。）
prototype	例句：The prototype serves as a model for future versions.（这个原型作为未来版本的模型。）
prototype	例句：The prototype was tested extensively.（这个原型经过了广泛的测试。）
protégé	例句：He is the protégé of a famous artist.（他是一位著名艺术家的门徒。）
protégé	例句：Protégés often benefit from the guidance of experienced people.（门徒常常从有经验的人的指导中受益。）
protégé	例句：The protégé learned a lot from his mentor.（门徒从他的导师那里学到了很多。）
provenance	例句：He is interested in the provenance of historical documents.（他对历史文献的来源感兴趣。）
provenance	例句：The painting's provenance is being investigated.（这幅画的出处正在被调查。）
provenance	例句：The provenance of the antique is important for its value.（古董的来源对其价值很重要。）
province	例句：He comes from a small province.（他来自一个小省。）
province	例句：The problem is outside the province of the committee.（这个问题超出了委员会的范围。）
province	例句：This is within my province.（这在我的领域内。）
provision	例句：The company made provisions for employee benefits.（公司为员工福利做了准备。）
provision	例句：The contract includes several important provisions.（合同包括几个重要条款。）
provision	例句：The law has specific provisions on this matter.（法律在这个问题上有具体规定。）
provocation	例句：His actions were a provocation.（他的行为是一种挑衅。）
provocation	例句：She couldn't resist the provocation.（她无法抗拒这种挑衅。）
provocation	例句：The provocation led to a fight.（挑衅导致了一场争斗。）
prudence	例句：He showed prudence in his financial decisions.（他在财务决策上表现出谨慎。）
prudence	例句：Prudence is a virtue in business.（审慎在商业中是一种美德。）
prudence	例句：She lives with prudence and saves money.（她生活节俭并存钱。）
prudent	例句：He is a prudent investor.（他是一个谨慎的投资者。）
prudent	例句：It is prudent to save money for the future.（为未来存钱是明智的。）
prudent	例句：She made a prudent decision.（她做了一个慎重的决定。）
prune	例句：He pruned the tree.（他修剪了树。）
prune	例句：She pruned the text to make it more concise.（她删去了一些内容，使文章更简洁。）
prune	例句：They need to prune the budget.（他们需要精简预算。）
pub	例句：He is the bartender at the pub.（他是这家酒吧的调酒师。）
pub	例句：The pub is a popular gathering place.（酒吧是一个受欢迎的聚会场所。）
pub	例句：They went to the pub for a drink.（他们去酒吧喝一杯。）
public	例句：He made a speech in public.（他在公众场合发表演讲。）
public	例句：The issue is of great public concern.（这个问题引起了公众的极大关注。）
public	例句：The museum is open to the public.（博物馆向公众开放。）
pudding	例句：I like chocolate pudding.（我喜欢巧克力布丁。）
pudding	例句：She made a fruit pudding for dessert.（她做了一个水果布丁当甜点。）
pudding	例句：The pudding is delicious.（这个布丁很美味。）
puissance	例句：She possessed a certain puissance in the business world.（她在商业世界中拥有一定的影响力。）
puissance	例句：The king's puissance was undeniable.（国王的权力是不可否认的。）
puissance	例句：The puissance of nature is awe-inspiring.（大自然的力量令人敬畏。）
puissant	例句：He is a puissant leader.（他是一个强大的领导。）
puissant	例句：Her arguments were puissant and convincing.（她的论点强大而有说服力。）
puissant	例句：The army was puissant and well-equipped.（军队强大且装备精良。）
pull	例句：He pulled on the rope.（他拉着绳子。）
pull	例句：She gave a pull on the handle.（她拉了一下把手。）
pull	例句：The magnet has a strong pull.（这块磁铁有很强的吸引力。）
punch	例句：He gave a powerful punch.（他给了有力的一拳。）
punch	例句：She punched in the numbers on the keypad.（她在键盘上按数字。）
punch	例句：The punch broke the window.（这一拳打破了窗户。）
punk	例句：He listens to punk music.（他听朋克音乐。）
punk	例句：She has a punk haircut.（她有一个朋克发型。）
punk	例句：The punk style is unique.（朋克风格很独特。）
purifier	例句：Purifiers can improve the quality of our environment.（净化器可以改善我们的环境质量。）
purifier	例句：The air purifier helps remove pollutants from the air.（空气净化器有助于去除空气中的污染物。）
purifier	例句：We need a water purifier to ensure clean drinking water.（我们需要一个净水器来确保干净的饮用水。）
puzzle	例句：She was puzzled by his behavior.（她对他的行为感到困惑。）
puzzle	例句：The puzzle is difficult to solve.（这个谜题很难解开。）
puzzle	例句：The situation puzzles everyone.（这种情况让每个人都感到困惑。）
pyjama	例句：He bought a new pair of pyjamas.（他买了一套新睡衣。）
pyjama	例句：She is wearing pyjamas.（她穿着睡衣。）
pyjama	例句：The pyjamas are very comfortable.（这套睡衣非常舒服。）
python	例句：I am learning Python programming.（我正在学习 Python 编程语言。）
python	例句：The python is a large snake.（巨蟒是一种大型蛇。）
python	例句：The zoo has a python on display.（动物园展出了一条巨蟒。）
qualification	例句：His academic qualifications include a master's degree in business administration.（他的学术资格包括工商管理硕士学位。）
qualification	例句：Obtaining relevant qualifications can enhance your career prospects.（获得相关资格可以提升你的职业前景。）
qualification	例句：You need certain qualifications to apply for this job.（你需要具备一定的资格才能申请这份工作。）
qualifier	例句：He is a qualifier for the competition.（他是这个比赛的合格者。）
qualifier	例句：He won the qualifier and entered the final game.（他赢了预选赛，进入了决赛。）
qualifier	例句：The qualifier “very” modifies the adjective.（限定词 “非常” 修饰形容词。）
quant	例句：He works as a quant on Wall Street.（他在华尔街做金融工程师。）
quant	例句：Quant methods are widely used in finance.（定量方法在金融领域被广泛使用。）
quant	例句：The quant analyzed the data using complex models.（定量分析专家用复杂的模型分析数据。）
quart	例句：A quart is equal to two pints.（一夸脱等于两品脱。）
quart	例句：She bought a quart of milk.（她买了一夸脱牛奶。）
quart	例句：The pitcher holds a quart of water.（这个水罐能装一夸脱水。）
quasi	例句：He has a quasi-official position.（他有一个准官方的职位。）
quasi	例句：The organization has a quasi-governmental status.（这个组织有一个半政府的地位。）
quasi	例句：This is a quasi-scientific theory.（这是一个半科学的理论。）
question	例句：He answered my question.（他回答了我的问题。）
question	例句：I have a question.（我有一个问题。）
question	例句：She questioned his decision.（她质疑他的决定。）
queue	例句：The queue for the concert was very long.（音乐会的队伍很长。）
queue	例句：There is a long queue at the ticket office.（售票处有一条长队。）
queue	例句：We waited in the queue for hours.（我们在队列中等待了几个小时。）
quitter	例句：Don't be a quitter. Keep trying.（不要做一个轻易放弃的人。继续努力。）
quitter	例句：He is a quitter.（他是一个轻易放弃的人。）
quitter	例句：Quitters never succeed.（轻易放弃的人永远不会成功。）
rabbi	例句：He consulted the rabbi for advice.（他向拉比请教建议。）
rabbi	例句：The rabbi is respected in the community.（拉比在社区中受到尊敬。）
rabbi	例句：The rabbi led the service.（拉比主持仪式。）
race	例句：He raced to catch the bus.（他跑着去赶公共汽车。）
race	例句：There are different races of people in the world.（世界上有不同的种族。）
race	例句：They are watching a horse race.（他们正在观看赛马。）
racial	例句：He is interested in racial issues.（他对种族问题感兴趣。）
racial	例句：Racial discrimination is still a problem in many parts of the world.（种族歧视在世界许多地方仍然是一个问题。）
racial	例句：Racial diversity enriches society.（种族多样性丰富了社会。）
racket	例句：He bought a new tennis racket.（他买了一个新网球拍。）
racket	例句：The party was a racket.（这个聚会很喧闹。）
racket	例句：They were accused of running a racket.（他们被指控进行敲诈。）
radar	例句：Radar can detect objects in the distance.（雷达可以探测远处的物体。）
radar	例句：The airport has a powerful radar system.（机场有一个强大的雷达系统。）
radar	例句：The ship uses radar to navigate.（这艘船使用雷达导航。）
radiation	例句：Exposure to radiation can be dangerous.（暴露于辐射可能是危险的。）
radiation	例句：The radiation from the nuclear accident spread over a wide area.（核事故的辐射扩散到了很大的区域。）
radiation	例句：We need to protect ourselves from radiation.（我们需要保护自己免受辐射。）
radical	例句：He has radical ideas.（他有激进的想法。）
radical	例句：He is a political radical.（他是一个政治激进分子。）
radical	例句：The change is radical.（这个变化是根本的。）
radio	例句：He listens to the radio every morning.（他每天早上听收音机。）
radio	例句：The radio station plays popular music.（这个广播电台播放流行音乐。）
radio	例句：We received the news on the radio.（我们通过无线电广播收到了这个消息。）
rage	例句：He raged at the injustice.（他对不公正怒斥。）
rage	例句：He was filled with rage when he heard the news.（当他听到这个消息时，他充满了愤怒。）
rage	例句：Her rage was uncontrollable.（她的愤怒无法控制。）
raid	例句：The army carried out a raid on the enemy camp.（军队对敌人的营地进行了突袭。）
raid	例句：The police raided the drug den.（警察突袭了毒品窝点。）
raid	例句：They planned a raid on the bank.（他们计划对银行进行突袭。）
rail	例句：He leaned on the rail and watched the sea.（他靠在栏杆上看海。）
rail	例句：The gymnast held onto the rail.（体操运动员抓住横杆。）
rail	例句：The train runs on the rail.（火车在铁轨上行驶。）
raisin	例句：He ate a raisin.（他吃了一个葡萄干。）
raisin	例句：Raisins are a good source of iron.（葡萄干是铁的良好来源。）
raisin	例句：The raisin is dried grape.（葡萄干是干葡萄。）
ranch	例句：The ranch is very large.（这个牧场很大。）
ranch	例句：They live on a ranch.（他们住在一个牧场里。）
ranch	例句：We visited a ranch on our vacation.（我们在度假时参观了一个牧场。）
rang	例句：He rang the doorbell.（他按了门铃。）
rang	例句：She rang me up yesterday.（她昨天给我打了电话。）
rang	例句：The bell rang.（铃响了。）
ranger	例句：He is a ranger.（他是一名护林员。）
ranger	例句：The ranger is on duty.（护林员在值班。）
ranger	例句：They are training to be rangers.（他们正在接受培训成为护林员。）
rap	例句：He can sing rap songs very quickly and clearly.（他唱说唱又快又清楚。）
rap	例句：He is a famous rap singer.（他是一位著名的说唱歌手。）
rap	例句：She rapped him for his bad behavior.（她指责他的不良行为。）
rapport	例句：Building rapport is important in communication.（在交流中建立融洽关系很重要。）
rapport	例句：The teacher established a rapport with the students.（老师与学生建立了融洽的关系。）
rapport	例句：They have a good rapport.（他们关系融洽。）
rare	例句：He has a rare talent.（他有一种罕见的才能。）
rare	例句：It is rare to see such a beautiful sunset.（很少能看到如此美丽的日落。）
rare	例句：This flower is rare.（这种花很稀有。）
rat	例句：He is a rat who betrayed his friends.（他是一个背叛朋友的叛徒。）
rat	例句：Rats are known for their adaptability.（老鼠以其适应性而闻名。）
rat	例句：There is a rat in the kitchen.（厨房里有一只老鼠。）
rater	例句：He is a reliable rater.（他是一个可靠的评估者。）
rater	例句：The rater gave a high score to the performance.（评估者给这个表演打了高分。）
rater	例句：The raters had different opinions.（评估者们有不同的意见。）
ration	例句：Each person was given a ration of food.（每个人都得到了一份食物配给。）
ration	例句：Rationing was necessary during the crisis.（在危机期间实行配给是必要的。）
ration	例句：The government rationed gasoline.（政府对汽油实行配给。）
ravage	例句：Disease ravaged the population.（疾病破坏了人口。）
ravage	例句：The invaders ravaged the village.（侵略者劫掠了这个村庄。）
ravage	例句：The storm ravaged the coast.（暴风雨蹂躏了海岸。）
ravioli	例句：He likes eating ravioli.（他喜欢吃意大利小方饺。）
ravioli	例句：She made ravioli for dinner.（她做了意大利小方饺当晚餐。）
ravioli	例句：The ravioli is filled with cheese.（意大利小方饺里填满了奶酪。）
rayon	例句：Rayon has a smooth texture.（人造丝有光滑的质地。）
rayon	例句：Rayon is a popular fabric choice.（人造丝是一种受欢迎的织物选择。）
rayon	例句：This dress is made of rayon.（这件连衣裙是用人造丝制成的。）
recherche	例句：He has a recherche taste.（他有稀罕的品味。）
recherche	例句：She is doing recherche on a new topic.（她正在对一个新课题进行研究。）
recherche	例句：The food is very recherche.（这食物很精致。）
reconnaissance	例句：He is in charge of reconnaissance.（他负责侦察。）
reconnaissance	例句：The reconnaissance mission was successful.（侦察任务成功了。）
reconnaissance	例句：They carried out reconnaissance before the attack.（他们在攻击前进行了侦察。）
reconstitution	例句：The reconstitution of the committee is necessary.（委员会的重新组成是必要的。）
reconstitution	例句：The reconstitution of the damaged ecosystem is a long process.（受损生态系统的复原是一个漫长的过程。）
reconstitution	例句：They are working on the reconstitution of the company.（他们正在进行公司的重构工作。）
reconstruction	例句：Historical reconstruction helps us understand the past.（历史重建帮助我们了解过去。）
reconstruction	例句：The reconstruction of the city is a massive undertaking.（这个城市的重建是一项巨大的工程。）
reconstruction	例句：The reconstruction period after the war was difficult.（战后的重建时期很艰难。）
record	例句：He broke the world record.（他打破了世界纪录。）
record	例句：She bought a new record.（她买了一张新唱片。）
record	例句：They are recording the song.（他们正在录制这首歌。）
refrain	例句：He refrained from making comments.（他避免发表评论。）
refrain	例句：Please refrain from smoking.（请不要吸烟。）
refrain	例句：The refrain of the song is very catchy.（这首歌的副歌很动听。）
refuge	例句：Refuge is essential for those in danger.（避难所对处于危险中的人来说是必不可少的。）
refuge	例句：The forest provided refuge from the heat.（森林为人们提供了躲避炎热的地方。）
refuge	例句：They sought refuge in a neighboring country.（他们在邻国寻求避难。）
regard	例句：He regards her as a friend.（他把她视为朋友。）
regard	例句：She is highly regarded in her field.（她在她的领域里备受尊敬。）
regard	例句：They regard the situation as serious.（他们认为这种情况很严重。）
regret	例句：Don't have any regrets.（不要有任何遗憾。）
regret	例句：He expressed regret for his actions.（他对自己的行为表示遗憾。）
regret	例句：I regret my decision.（我后悔我的决定。）
regrettable	例句：His behavior is regrettable.（他的行为令人遗憾。）
regrettable	例句：The decision was regrettable.（这个决定很可惜。）
regrettable	例句：The outcome is regrettable.（结果令人遗憾。）
rein	例句：He held the reins tightly.（他紧紧地握住缰绳。）
rein	例句：She reined in her emotions.（她控制住自己的情绪。）
rein	例句：The government needs to rein in inflation.（政府需要控制通货膨胀。）
relation	例句：He is a relation of mine.（他是我的一个亲戚。）
relation	例句：The relation between cause and effect is important.（因果关系很重要。）
relation	例句：There is a close relation between them.（他们之间关系密切。）
relax	例句：He likes to relax after work.（他喜欢在工作后放松一下。）
relax	例句：Relax your muscles.（放松你的肌肉。）
relax	例句：The music helps to relax the mind.（音乐有助于放松心情。）
religion	例句：His study focuses on the history and development of different religions.（他的研究集中在不同宗教的历史和发展上。）
religion	例句：Religion has a profound influence on many people's lives.（宗教对许多人的生活有着深远的影响。）
religion	例句：There are various religions in the world, such as Christianity, Islam, and Buddhism.（世界上有各种宗教，如基督教、伊斯兰教和佛教。）
renaissance	例句：The Renaissance was a period of great cultural and artistic achievement.（文艺复兴是一个文化和艺术成就巨大的时期。）
renaissance	例句：The city is experiencing a renaissance in its downtown area.（这个城市的市中心正在经历一场复兴。）
renaissance	例句：There is a renaissance of interest in classical music.（对古典音乐的兴趣正在复兴。）
rentable	例句：Is the equipment rentable?（这个设备可以租用吗？）
rentable	例句：Some spaces are highly rentable.（一些空间非常容易出租。）
rentable	例句：The property is rentable for a good price.（这个房产可以以一个好价格出租。）
reportage	例句：His reportage on the war was widely praised.（他对战争的报道受到了广泛的赞扬。）
reportage	例句：Reportage plays an important role in informing the public.（新闻报道在向公众提供信息方面发挥着重要作用。）
reportage	例句：The magazine features excellent reportage.（这本杂志有精彩的新闻报道。）
reporter	例句：Reporters are always on the lookout for news.（记者们总是在寻找新闻。）
reporter	例句：She is a talented reporter.（她是一位有才华的记者。）
reporter	例句：The reporter interviewed the politician.（记者采访了这位政治家。）
reprise	例句：The play was reprised due to popular demand.（由于观众的强烈要求，这部戏重演了。）
reprise	例句：The song had a beautiful reprise at the end.（这首歌在结尾处有一个优美的重复。）
reprise	例句：They reprised their roles in the sequel.（他们在续集中重演了他们的角色。）
reproduction	例句：He is studying the reproduction of plants.（他正在研究植物的繁殖。）
reproduction	例句：Human reproduction is complex.（人类的生殖很复杂。）
reproduction	例句：The reproduction of animals is a natural process.（动物的繁殖是一个自然过程。）
reptile	例句：He is interested in studying reptiles.（他对研究爬行动物很感兴趣。）
reptile	例句：Reptiles have scales on their bodies.（爬行动物的身体上有鳞片。）
reptile	例句：The snake is a reptile.（蛇是一种爬行动物。）
requiem	例句：He composed a requiem for his friend.（他为他的朋友创作了一首安魂曲。）
requiem	例句：The requiem was a solemn and moving ceremony.（追思弥撒是一个庄严而感人的仪式。）
requiem	例句：They played a requiem for the deceased.（他们为死者演奏了安魂曲。）
respect	例句：He is a respected figure in the community.（他是社区里受尊敬的人物。）
respect	例句：Show respect for your elders.（尊重长辈。）
respect	例句：We should respect the opinions of others.（我们应该尊重他人的意见。）
respectable	例句：He lives in a respectable neighborhood.（他住在一个体面的社区。）
respectable	例句：She is a respectable teacher.（她是一位值得尊敬的老师。）
respectable	例句：The company has a respectable reputation.（这家公司有相当好的声誉。）
respiration	例句：Plants carry out respiration.（植物进行呼吸作用。）
respiration	例句：Respiration is essential for life.（呼吸对生命至关重要。）
respiration	例句：The doctor monitored his respiration.（医生监测他的呼吸。）
restaurant	例句：The restaurant is famous for its delicious food.（这家餐馆以其美味的食物而闻名。）
restaurant	例句：There are many restaurants in this city.（这个城市有很多餐馆。）
restaurant	例句：We went to a nice restaurant for dinner.（我们去了一家不错的餐馆吃晚餐。）
retard	例句：His hesitation retarded the decision-making process.（他的犹豫使决策过程放慢了。）
retard	例句：The bad weather retarded their progress.（恶劣的天气延迟了他们的进度。）
retard	例句：The drug can retard the growth of cancer cells.（这种药物可以减缓癌细胞的生长。）
revolver	例句：In the old - fashioned Western movies, the revolver was a common weapon.（在老式的西部电影中，左轮手枪是常见的武器。）
revolver	例句：The cowboy drew his revolver as he heard the suspicious noise.（牛仔听到可疑的声音，拔出了他的左轮手枪。）
revolver	例句：The detective examined the revolver for fingerprints.（侦探检查左轮手枪上的指纹。）
revue	例句：The revue combined music, dance, and comedy.（这场时事讽刺剧结合了音乐、舞蹈和喜剧。）
revue	例句：The revue was a big hit with the audience.（这场时事讽刺剧深受观众喜爱。）
revue	例句：We went to see a revue at the theater.（我们去剧院看了一场时事讽刺剧。）
ride	例句：He goes for a ride every morning.（他每天早上出去骑一趟。）
ride	例句：She took a ride on the carousel.（她坐了一次旋转木马。）
ride	例句：They rode on the train.（他们乘坐火车。）
ridicule	例句：He couldn't stand the ridicule.（他无法忍受嘲笑。）
ridicule	例句：Her actions were met with ridicule.（她的行为遭到了嘲笑。）
ridicule	例句：They ridiculed his new haircut.（他们嘲笑他的新发型。）
rime	例句：Rime forms on cold surfaces.（白霜在寒冷的表面上形成。）
rime	例句：The morning air was filled with rime.（早晨的空气中弥漫着白霜。）
rime	例句：The trees were covered with rime.（树上覆盖着白霜。）
ring	例句：She wears a diamond ring.（她戴着一枚钻石戒指。）
ring	例句：The lake is in the shape of a ring.（这个湖是环形的。）
ring	例句：The phone rang loudly.（电话铃声大作。）
rite	例句：The rite of passage is an important event.（成人仪式是一个重要的事件。）
rite	例句：The wedding rite was very beautiful.（婚礼仪式非常漂亮。）
rite	例句：They performed the ancient rite.（他们举行了古老的仪式。）
rival	例句：He has a rival for the leadership position.（他在领导职位上有一个竞争对手。）
rival	例句：The rival products are vying for market share.（竞争产品在争夺市场份额。）
rival	例句：The two companies are rivals.（这两家公司是竞争对手。）
rive	例句：He rived the log with an axe.（他用斧头劈开原木。）
rive	例句：The storm rived the roof.（暴风雨撕开了屋顶。）
rive	例句：There was a rive in the wall.（墙上有一条裂缝。）
robe	例句：He bought a new robe for the ceremony.（他为仪式买了一件新长袍。）
robe	例句：She wore a beautiful robe to the party.（她穿着一件漂亮的长袍去参加聚会。）
robe	例句：The judge wears a black robe.（法官穿着黑色长袍。）
robot	例句：He built a robot for the science fair.（他为科学展览制作了一个机器人。）
robot	例句：Robots are changing the way we live.（机器人正在改变我们的生活方式。）
robot	例句：The robot can move around and perform tasks.（这个机器人可以四处移动并执行任务。）
rock	例句：He loves listening to rock music.（他喜欢听摇滚乐。）
rock	例句：The boat rocked back and forth.（船来回摇晃。）
rock	例句：The climber held on to the rock.（攀岩者紧紧抓住岩石。）
rose	例句：A red rose stands for love and beauty.（红玫瑰代表爱与美。）
rose	例句：She gave him a red rose.（她给了他一朵红玫瑰。）
rose	例句：The sky was rose at dawn.（黎明时天空是玫瑰色的。）
rotation	例句：The earth's rotation causes day and night.（地球的旋转产生了昼夜。）
rotation	例句：The rotation of the planets around the sun is a natural phenomenon.（行星围绕太阳的旋转是一种自然现象。）
rotation	例句：The rotation of the wheel is smooth.（轮子的转动很平稳。）
rouble	例句：He exchanged dollars for roubles.（他把美元换成了卢布。）
rouble	例句：The rouble is the currency of Russia.（卢布是俄罗斯的货币。）
rouble	例句：The value of the rouble fluctuates.（卢布的价值波动。）
rouge	例句：He gave her a box of rouge as a gift.（他送给她一盒胭脂作为礼物。）
rouge	例句：She put on rouge before going out.（她出门前涂了胭脂。）
rouge	例句：The rouge made her lips look fuller.（口红让她的嘴唇看起来更饱满。）
roulette	例句：He played roulette at the casino.（他在赌场玩轮盘赌。）
roulette	例句：Roulette is a popular gambling game.（轮盘赌是一种受欢迎的赌博游戏。）
roulette	例句：The roulette wheel spun rapidly.（轮盘快速旋转。）
round	例句：He rounded the corner quickly.（他快速绕过拐角。）
round	例句：The table is round.（这张桌子是圆形的。）
round	例句：They played a round of golf.（他们打了一轮高尔夫球。）
route	例句：He knows all the shortcuts on this route.（他知道这条路线上的所有捷径。）
route	例句：The shipping route is important for trade.（航运路线对贸易很重要。）
route	例句：We planned our route carefully.（我们仔细规划了我们的路线。）
routine	例句：She follows a daily routine of exercise and meditation.（她遵循每天锻炼和冥想的常规。）
routine	例句：The routine check-up revealed no problems.（例行检查没有发现问题。）
routine	例句：This is a routine task that needs to be done every week.（这是一项每周都需要做的常规任务。）
royal	例句：She has a royal bearing.（她有高贵的仪态。）
royal	例句：The royal family lives in a palace.（王室家族住在一座宫殿里。）
royal	例句：The royal wedding was a grand event.（王室婚礼是一个盛大的事件。）
rude	例句：He is a rude person.（他是一个粗鲁的人。）
rude	例句：Her remarks were rude.（她的言论很无礼。）
rude	例句：The storm was very rude.（暴风雨非常狂暴。）
rue	例句：Don't let yourself be filled with rue.（不要让自己充满悔恨。）
rue	例句：He rued his actions.（他后悔自己的行为。）
rue	例句：She rued her words.（她后悔自己说的话。）
rupture	例句：A rupture in the relationship is difficult to repair.（关系的破裂很难修复。）
rupture	例句：The pipe ruptured and water gushed out.（管道破裂，水涌了出来。）
rupture	例句：The rupture of the aneurysm was life-threatening.（动脉瘤的破裂危及生命。）
ruse	例句：His excuse was just a ruse to avoid going to the party.（他的借口只是一个避免参加聚会的诡计。）
ruse	例句：She came up with a ruse to get out of trouble.（她想出了一个诡计来摆脱困境。）
ruse	例句：The spy used a ruse to gain access to the building.（间谍使用了一个策略进入了大楼。）
sabot	例句：He wore sabots in the countryside.（他在乡村穿木鞋。）
sabot	例句：Sabots are traditional footwear in some regions.（木屐在一些地区是传统的鞋类。）
sabot	例句：The sabot helps to stabilize the projectile.（弹托有助于稳定炮弹。）
sabotage	例句：His actions were seen as sabotage.（他的行为被视为破坏活动。）
sabotage	例句：The rebels sabotaged the railway tracks.（叛乱分子破坏了铁路轨道。）
sabotage	例句：They suspected sabotage of the factory.（他们怀疑有人蓄意破坏工厂。）
sabre	例句：He drew his sabre and charged forward.（他拔出军刀向前冲去。）
sabre	例句：The sabre is a symbol of courage.（军刀是勇气的象征。）
sabre	例句：The soldier's sabre was sharp.（那个士兵的军刀很锋利。）
sac	例句：He has a problem with his sac.（他的囊有问题。）
sac	例句：The sac is filled with fluid.（这个囊里充满了液体。）
sac	例句：The sac was removed surgically.（这个囊被手术切除了。）
sachet	例句：He sacheted the tea.（他把茶叶用小袋包装起来。）
sachet	例句：She has a sachet of lavender.（她有一个薰衣草香袋。）
sachet	例句：The sachet is very fragrant.（这个小袋很香。）
sacrifice	例句：His sacrifice was noble.（他的牺牲是高尚的。）
sacrifice	例句：She made a sacrifice for her family.（她为她的家庭做出了牺牲。）
sacrifice	例句：They sacrificed their comfort for the greater good.（他们为了更大的利益牺牲了自己的舒适。）
sage	例句：He is known as a sage in the field of philosophy.（他在哲学领域被称为圣人。）
sage	例句：Her words were full of sage wisdom.（她的话充满了圣人的智慧。）
sage	例句：The sage gave wise advice.（这位智者给出了明智的建议。）
saint	例句：He is regarded as a saint for his selfless deeds.（他因无私的行为被视为圣人。）
saint	例句：People respect him as a kind and wise saint.（人们尊他为善良又睿智的圣人。）
saint	例句：The church is dedicated to a famous saint.（这座教堂是献给一位著名的圣徒的。）
sale	例句：He is looking for a good sale.（他在寻找一个好的促销活动。）
sale	例句：She is having a sale on her clothes.（她正在对她的衣服进行大减价。）
sale	例句：The sale of the house is pending.（房子的销售正在进行中。）
salon	例句：She held a literary salon in her home.（她在自己家里举办了一个文学沙龙。）
salon	例句：She went to the salon to get her hair done.（她去美容院做头发。）
salon	例句：The salon is beautifully decorated.（这个沙龙装饰得很漂亮。）
saloon	例句：The hotel has a beautiful saloon.（这家酒店有一个漂亮的大厅。）
saloon	例句：The saloon car is very comfortable.（那辆轿车很舒适。）
saloon	例句：They went to the saloon for a drink.（他们去酒吧喝一杯。）
salutation	例句：He greeted her with a friendly salutation.（他用友好的问候向她打招呼。）
salutation	例句：Salutations vary depending on the context.（称呼因情境而异。）
salutation	例句：The letter began with a formal salutation.（这封信以正式的称呼开头。）
samba	例句：He likes listening to samba music.（他喜欢听桑巴音乐。）
samba	例句：The samba is a lively dance.（桑巴舞是一种充满活力的舞蹈。）
samba	例句：They are dancing the samba.（他们正在跳桑巴舞。）
sanction	例句：The country imposed economic sanctions.（这个国家实施了经济制裁。）
sanction	例句：The plan needs official sanction.（这个计划需要官方批准。）
sanction	例句：The sanctions are meant to pressure the regime.（制裁旨在向该政权施压。）
sang	例句：He sang along with the music.（他跟着音乐一起唱。）
sang	例句：She sang a beautiful song.（她唱了一首美丽的歌。）
sang	例句：They sang at the top of their lungs.（他们竭尽全力地唱歌。）
sardine	例句：Sardines are small fish.（沙丁鱼是一种小鱼。）
sardine	例句：The sardines are canned for export.（沙丁鱼被罐装出口。）
sardine	例句：They are catching sardines.（他们正在捕捞沙丁鱼。）
satellite	例句：Satellites are used for communication and navigation.（卫星用于通信和导航。）
satellite	例句：The country launched a new satellite.（这个国家发射了一颗新的人造卫星。）
satellite	例句：The moon is a natural satellite of the earth.（月亮是地球的一颗天然卫星。）
satin	例句：She wore a beautiful satin dress.（她穿着一件漂亮的缎子连衣裙。）
satin	例句：The box is covered with satin.（盒子用缎子覆盖着。）
satin	例句：The satin pillowcase is soft.（缎子枕套很柔软。）
satisfaction	例句：Completing the difficult project gave him a great sense of satisfaction.（完成这个艰难的项目给了他极大的满足感。）
satisfaction	例句：Customer satisfaction is the top priority for this company.（客户满意度是这家公司的首要任务。）
satisfaction	例句：He looked at his work with satisfaction.（他满意地看着自己的工作。）
satisfaction	例句：She expressed her satisfaction with the quality of the product.（她对产品质量表示满意。）
satisfaction	例句：She felt a great sense of satisfaction.（她感到一种极大的满足感。）
satisfaction	例句：The company offered him satisfaction for his complaint.（公司对他的投诉给予了赔偿。）
sauce	例句：He poured sauce over his pasta.（他把调味汁倒在他的意大利面上。）
sauce	例句：She made a delicious tomato sauce.（她做了一种美味的番茄酱。）
sauce	例句：The sauce is too spicy.（这个调味汁太辣了。）
sauna	例句：He goes to the sauna after work.（他下班后去洗桑拿浴。）
sauna	例句：The sauna is very hot.（桑拿房非常热。）
sauna	例句：They are taking a sauna.（他们正在洗桑拿浴。）
savant	例句：He is a savant in the field of mathematics.（他是数学领域的专家。）
savant	例句：She has the qualities of a savant.（她有学者的品质。）
savant	例句：The savant's knowledge is extensive.（这位学者的知识很渊博。）
scanner	例句：He bought a new scanner for his office.（他为办公室买了一台新扫描仪。）
scanner	例句：The scanner can read barcodes.（这个扫描仪可以读取条形码。）
scanner	例句：They are using a scanner to copy documents.（他们正在用扫描仪复印文件。）
science	例句：He is majoring in computer science.（他主修计算机科学。）
science	例句：Science can help us understand the world better.（科学能帮助我们更好地理解世界。）
science	例句：The progress of science is remarkable.（科学的进步是显著的。）
scoop	例句：He got an exclusive scoop on the story.（他得到了这个故事的独家新闻。）
scoop	例句：She used a scoop to measure the flour.（她用勺子量面粉。）
scoop	例句：The journalist scooped her competitors.（这位记者抢先报道了这个新闻，超过了她的竞争对手。）
scooter	例句：He rides a scooter to work.（他骑小型摩托车去上班。）
scooter	例句：She bought a new scooter.（她买了一辆新的小型摩托车。）
scooter	例句：The scooter is convenient for short trips.（踏板车对于短途旅行很方便。）
score	例句：He got a high score on the test.（他在考试中得了高分。）
score	例句：She scored two goals in the game.（她在比赛中进了两个球。）
score	例句：The final score was 3-2.（最终比分是 3 比 2。）
scorpion	例句：He was stung by a scorpion.（他被蝎子蜇了。）
scorpion	例句：Scorpions are found in many parts of the world.（蝎子在世界上很多地方都有。）
scorpion	例句：The scorpion is a dangerous creature.（蝎子是一种危险的生物。）
scotch	例句：He likes to drink scotch.（他喜欢喝苏格兰威士忌。）
scotch	例句：She scotched the rumor.（她挫败了谣言。）
scotch	例句：The scotch landscape is beautiful.（苏格兰的风景很美。）
scout	例句：He joined the scouts when he was young.（他年轻时加入了童子军。）
scout	例句：The scout reported back to the army.（侦察员向军队报告。）
scout	例句：They scouted the area for signs of danger.（他们侦察了这个地区以寻找危险的迹象。）
script	例句：He is writing a script for a movie.（他正在为一部电影写剧本。）
script	例句：Her script was difficult to read.（她的笔迹很难辨认。）
script	例句：The script is very well-written.（这个剧本写得非常好。）
sculpture	例句：He visited the sculpture garden.（他参观了雕塑花园。）
sculpture	例句：She is learning sculpture.（她正在学习雕塑。）
sculpture	例句：The sculpture is made of bronze.（这座雕塑是由青铜制成的。）
second	例句：He seconded the motion.（他支持这个动议。）
second	例句：The second hand on the clock is moving quickly.（钟上的秒针走得很快。）
second	例句：This is the second time I've visited this place.（这是我第二次来这个地方。）
secret	例句：She told him a secret.（她告诉他一个秘密。）
secret	例句：The document is top secret.（这份文件是绝密的。）
secret	例句：They kept the plan secret.（他们对计划保密。）
section	例句：He is in charge of the sales section.（他负责销售部门。）
section	例句：She sectioned the cake evenly.（她把蛋糕均匀地切成块。）
section	例句：This section of the report is very important.（这份报告的这一部分非常重要。）
seize	例句：He seized the opportunity.（他抓住了机会。）
seize	例句：The police seized the drugs.（警察没收了毒品。）
seize	例句：They seized control of the company.（他们夺取了公司的控制权。）
semblable	例句：The paintings have a semblable style.（这些画有相似的风格。）
semblable	例句：The two objects are semblable.（这两个物体很相似。）
semblable	例句：They look semblable.（他们看起来很像。）
sensation	例句：Loss of sensation can be a sign of a problem.（感觉丧失可能是一个问题的迹象。）
sensation	例句：The cold water gave me a sensation of shock.（冷水给我一种震惊的感觉。）
sensation	例句：The new movie created a sensation.（这部新电影引起了轰动。）
sensible	例句：She is a sensible person.（她是一个明智的人。）
sensible	例句：That's a sensible suggestion.（那是一个合理的建议。）
sensible	例句：We need to make sensible decisions.（我们需要做出切合实际的决定。）
sentence	例句：He was sentenced to prison for ten years.（他被判处十年监禁。）
sentence	例句：The judge handed down a harsh sentence.（法官做出了严厉的判决。）
sentence	例句：This is a beautiful sentence.（这是一个优美的句子。）
sentiment	例句：He expressed his sentiment on the matter.（他表达了他对这件事的观点。）
sentiment	例句：Her sentiment was clear in her speech.（她的感情在她的演讲中很明显。）
sentiment	例句：The sentiment of the crowd was positive.（人群的情绪是积极的。）
sentimental	例句：He has a sentimental attachment to his old home.（他对他的旧家有一种感情上的依恋。）
sentimental	例句：She is a sentimental person.（她是一个多愁善感的人。）
sentimental	例句：The movie is too sentimental.（这部电影太感伤了。）
sermon	例句：He listened to the sermon attentively.（他专心地听布道。）
sermon	例句：The pastor gave a sermon on forgiveness.（牧师做了一个关于宽恕的布道。）
sermon	例句：The sermon was inspiring.（这次布道很鼓舞人心。）
serpent	例句：A huge serpent appeared in the adventure story we read.（我们读的冒险故事里出现了一条巨蛇。）
serpent	例句：He was frightened by the huge serpent.（他被那条巨大的蛇吓坏了。）
serpent	例句：The serpent in the story is a symbol of evil.（故事中的蛇是邪恶的象征。）
service	例句：I need to service my car.（我需要维修我的汽车。）
service	例句：The hotel provides excellent service.（这家酒店提供出色的服务。）
service	例句：The shop offers good service to every customer.（这家商店为每位顾客提供优质服务。）
serviette	例句：She took a serviette from the table.（她从桌子上拿了一张餐巾。）
serviette	例句：The serviette is folded neatly.（餐巾折叠得很整齐。）
serviette	例句：The serviette matches the tablecloth.（餐巾和桌布很搭配。）
session	例句：She had a training session in the afternoon.（她下午有一个培训课程。）
session	例句：The court session was long and tedious.（法庭开庭时间很长且乏味。）
session	例句：The session began with a speech.（会议以一场演讲开始。）
set	例句：He set the alarm clock for 6 am.（他把闹钟设置在早上 6 点。）
set	例句：She set the book on the table.（她把书放在桌子上。）
set	例句：The price is set at $50.（价格定在 50 美元。）
sexy	例句：He finds her sexy and intelligent.（他觉得她既性感又聪明。）
sexy	例句：She looks very sexy in that dress.（她穿那件衣服很性感。）
sexy	例句：The movie has some sexy scenes.（这部电影有一些性感的场景。）
sheriff	例句：He was elected sheriff.（他被选为警长。）
sheriff	例句：The sheriff is responsible for maintaining law and order in the county.（警长负责维护县里的法律和秩序。）
sheriff	例句：The sheriff's office is located downtown.（警长办公室位于市中心。）
sherry	例句：He likes to drink sherry.（他喜欢喝雪利酒。）
sherry	例句：Sherry is a fortified wine.（雪利酒是一种加强型葡萄酒。）
sherry	例句：The bottle of sherry was a gift.（这瓶雪利酒是一份礼物。）
shit	例句：Don't step in the shit.（别踩到屎。）
shit	例句：He shitted in the toilet.（他在厕所里拉屎。）
shit	例句：That's a load of shit.（那是一堆胡说。）
shooter	例句：He is a good shooter.（他是一个好射手。）
shooter	例句：The shooter hit the target with precision.（射手精确地击中了目标。）
shooter	例句：The shooter was arrested.（射击者被逮捕了。）
shopping	例句：She loves shopping for clothes.（她喜欢买衣服。）
shopping	例句：Shopping can be fun.（购物可以很有趣。）
shopping	例句：We went shopping yesterday.（我们昨天去购物了。）
short	例句：He is short for his age.（他在同龄人中个子较矮。）
short	例句：The pencil is short.（这支铅笔很短。）
short	例句：We are short of time.（我们时间不够。）
signal	例句：A smoke signal can be seen from afar.（烟雾信号可以从远处看到。）
signal	例句：She signaled to the driver to stop.（她向司机示意停车。）
signal	例句：The signal for help was ignored.（求救信号被忽视了。）
signaler	例句：He is a trained signaler.（他是一个经过训练的信号员。）
signaler	例句：The signaler gave the signal to start.（信号员发出了开始的信号。）
signaler	例句：The signaler uses flags to signal.（信号员用旗帜发信号。）
signature	例句：He put his signature at the bottom of the letter.（他在信的底部签了名。）
signature	例句：Her signature style is very recognizable.（她的标志性风格很容易辨认。）
signature	例句：The signature on the painting is hard to read.（画上的签名很难辨认。）
signification	例句：He is trying to understand the signification of the text.（他在努力理解文本的含义。）
signification	例句：The signification of her words is important.（她的话的意义很重要。）
signification	例句：The signification of this symbol is not clear.（这个符号的意义不清楚。）
signifier	例句：Signifiers have different meanings in different contexts.（能指在不同的语境中有不同的意义。）
signifier	例句：The study of signifiers is part of semiotics.（对能指的研究是符号学的一部分。）
signifier	例句：The word is a signifier of a concept.（这个词是一个概念的能指。）
silence	例句：His silence spoke volumes.（他的沉默意味深长。）
silence	例句：The room was filled with silence.（房间里充满了寂静。）
silence	例句：We need to break the silence on this issue.（我们需要打破对这个问题的沉默。）
silhouette	例句：She cut out a silhouette of a bird.（她剪出了一只鸟的剪影。）
silhouette	例句：The silhouette of the mountains was beautiful against the sunset.（山脉的轮廓在夕阳的映衬下很美。）
silhouette	例句：The trees were silhouetted against the sky.（树木在天空的映衬下呈现出轮廓。）
silicone	例句：She bought some silicone caulk for the bathroom.（她为浴室买了一些硅酮填缝剂。）
silicone	例句：Silicone is used in many products, such as sealants.（硅酮用于许多产品，如密封剂。）
silicone	例句：The cookware is coated with silicone.（炊具涂有硅树脂。）
simple	例句：Her life is simple and uncomplicated.（她的生活简单而不复杂。）
simple	例句：The problem is quite simple.（这个问题很简单。）
simple	例句：We need a simple solution.（我们需要一个简单的解决方案。）
simplifier	例句：He is a simplifier who can break down difficult concepts.（他是一个能够分解复杂概念的简化者。）
simplifier	例句：The simplifier makes the process easier.（简化器使这个过程更容易。）
simplifier	例句：The software acts as a simplifier for complex tasks.（这个软件充当复杂任务的简化器。）
simulation	例句：Simulation can help predict outcomes.（模拟可以帮助预测结果。）
simulation	例句：The computer simulation was very realistic.（计算机模拟非常逼真。）
simulation	例句：They conducted a simulation of the experiment.（他们对这个实验进行了模拟。）
singe	例句：She singed the edge of the paper.（她把纸的边缘烤焦了。）
singe	例句：The fire singed his hair.（火烧焦了他的头发。）
singe	例句：There was a singe on his shirt.（他的衬衫上有一处烧焦的地方。）
sire	例句：She was sired by a famous racehorse.（她是由一匹著名的赛马生育的。）
sire	例句：Sire, your subjects await your command.（陛下，您的臣民等待您的命令。）
sire	例句：The stallion is a fine sire.（这匹种马是一匹优良的种畜。）
site	例句：The construction site is busy.（建筑工地很繁忙。）
site	例句：The historical site attracts many tourists.（这个历史遗址吸引了很多游客。）
site	例句：They are looking for a suitable site for the new factory.（他们正在为新工厂寻找一个合适的地点。）
situation	例句：The situation is getting worse.（形势正在变得更糟。）
situation	例句：Understanding the situation is crucial.（理解情况至关重要。）
situation	例句：We need to adapt to different situations.（我们需要适应不同的情况。）
six	例句：He is six years old.（他六岁了。）
six	例句：There are six people in the room.（房间里有六个人。）
six	例句：They have six apples.（他们有六个苹果。）
skate	例句：He likes to skate in the park.（他喜欢在公园里滑冰。）
skate	例句：She put on her skates and went skating.（她穿上冰鞋去滑冰了。）
skate	例句：The skates are too tight.（冰鞋太紧了。）
sketch	例句：He made a sketch of the building.（他画了一幅建筑物的草图。）
sketch	例句：She drew a sketch of the landscape.（她画了一幅风景素描。）
sketch	例句：She sketched out her plan.（她概述了她的计划。）
ski	例句：He has a new pair of skis.（他有一副新的滑雪板。）
ski	例句：She skis very well.（她滑雪滑得很好。）
ski	例句：They went skiing last weekend.（他们上周末去滑雪了。）
skier	例句：She is an experienced skier.（她是一个有经验的滑雪者。）
skier	例句：The skier glided down the slope.（滑雪者从斜坡上滑下来。）
skier	例句：The skiers were enjoying the snow.（滑雪者们正在享受雪。）
slip	例句：He tried to slip away unnoticed.（他试图不被注意地溜走。）
slip	例句：She slipped on the ice.（她在冰上滑倒了。）
slip	例句：There is a slip of paper on the table.（桌子上有一张纸条。）
slogan	例句：The company has a catchy slogan.（这家公司有一个吸引人的口号。）
slogan	例句：The slogan is easy to remember.（这个口号很容易记住。）
slogan	例句：They came up with a new slogan for the campaign.（他们为这个活动想出了一个新口号。）
smoking	例句：He is in the smoking section.（他在吸烟区。）
smoking	例句：Smoking is harmful to health.（吸烟有害健康。）
smoking	例句：The building was on fire and there was smoking everywhere.（大楼着火了，到处都在冒烟。）
sniffer	例句：He is a nosy sniffer who always wants to know everyone's business.（他是个爱打听的人，总是想知道每个人的事情。）
sniffer	例句：The network administrator used a sniffer to detect unauthorized access.（网络管理员使用嗅探器来检测未经授权的访问。）
sniffer	例句：The police used a sniffer dog to find the drugs.（警察用嗅探犬找到了毒品。）
sniper	例句：The sniper took position on the rooftop.（狙击手在屋顶上占据了位置。）
sniper	例句：The sniper's aim was accurate.（狙击手的瞄准很准确。）
sniper	例句：They were worried about the sniper's attack.（他们担心狙击手的攻击。）
social	例句：He is concerned about social issues.（他关心社会问题。）
social	例句：She is active in social activities.（她积极参加社交活动。）
social	例句：They are having a social tonight.（他们今晚有个社交聚会。）
soda	例句：He drank a can of soda.（他喝了一罐汽水。）
soda	例句：Soda can be bad for your teeth.（苏打对牙齿不好。）
soda	例句：The soda machine is out of order.（苏打水自动售货机坏了。）
sofa	例句：He is sitting on the sofa.（他坐在沙发上。）
sofa	例句：The sofa is comfortable.（这个沙发很舒服。）
sofa	例句：They are buying a new sofa.（他们正在买一个新沙发。）
sol	例句：He has some sols in his wallet.（他钱包里有一些索尔。）
sol	例句：The note is a sol.（这个音符是 G 音。）
sol	例句：The sol is a stable colloid.（溶胶是一种稳定的胶体。）
solitaire	例句：She likes to play solitaire in her free time.（她在空闲时间喜欢玩单人纸牌游戏。）
solitaire	例句：Solitaire can be a relaxing pastime.（单人纸牌游戏可以是一种放松的消遣。）
solitaire	例句：The solitaire on her finger is very beautiful.（她手指上的独粒宝石非常漂亮。）
solitude	例句：He enjoys the solitude of the mountains.（他享受山中的孤独。）
solitude	例句：She craves solitude after a busy day.（在忙碌的一天后，她渴望独处。）
solitude	例句：Solitude can be a time for reflection.（孤独可以是一个反思的时间。）
solo	例句：He took a solo trip.（他进行了一次独自旅行。）
solo	例句：She did a solo dance.（她跳了一段独舞。）
solo	例句：The singer performed a solo.（这位歌手进行了独唱。）
solution	例句：The solution is simple.（解决办法很简单。）
solution	例句：This is a chemical solution.（这是一种化学溶液。）
solution	例句：We need a better solution.（我们需要一个更好的解决办法。）
sombre	例句：His mood was sombre after the bad news.（听到坏消息后，他的心情很忧郁。）
sombre	例句：The room was decorated in sombre colors.（房间用暗淡的颜色装饰着。）
sombre	例句：The sky was sombre on that rainy day.（在那个雨天，天空阴沉。）
son	例句：He has a son and a daughter.（他有一个儿子和一个女儿。）
son	例句：She is proud of her son.（她为她的儿子感到骄傲。）
son	例句：The son is following in his father's footsteps.（儿子在追随他父亲的脚步。）
soprano	例句：He composed a piece for soprano.（他为女高音创作了一首曲子。）
soprano	例句：She has a beautiful soprano voice.（她有一副美丽的女高音嗓音。）
soprano	例句：The soprano sang a lovely aria.（女高音歌手演唱了一首动听的咏叹调。）
sort	例句：There are all sorts of problems.（有各种各样的问题。）
sort	例句：They sorted the mail into different piles.（他们把邮件分成不同的堆。）
sort	例句：What sort of person is he?（他是哪种人？）
sortie	例句：She made a sortie to the store.（她短暂外出到商店去了。）
sortie	例句：The military launched a sortie against the enemy.（军队对敌人发动了一次出击。）
sortie	例句：The plane made a sortie over enemy territory.（这架飞机对敌方领土进行了一次突袭。）
souffle	例句：She made a delicious chocolate souffle.（她做了一个美味的巧克力蛋奶酥。）
souffle	例句：The cloud looked like a giant souffle.（那朵云看起来像一个巨大的蓬松物。）
souffle	例句：The souffle rose high in the oven.（蛋奶酥在烤箱里膨胀得很高。）
source	例句：He cited a reliable source for his information.（他为他的信息引用了一个可靠的来源。）
source	例句：The river has many sources.（这条河有很多源头。）
source	例句：We need to find the source of the problem.（我们需要找到问题的源头。）
souvenir	例句：He gave me a souvenir as a reminder of our friendship.（他给了我一个纪念品，作为我们友谊的纪念。）
souvenir	例句：I bought a souvenir from my trip.（我从旅行中买了一个纪念品。）
souvenir	例句：The souvenir shop is full of unique items.（纪念品商店里摆满了独特的物品。）
spaghetti	例句：I had spaghetti for dinner.（我晚餐吃了意大利面。）
spaghetti	例句：She cooked delicious spaghetti.（她煮了美味的意大利面。）
spaghetti	例句：Spaghetti is a popular dish.（意大利面是一道很受欢迎的菜。）
spatial	例句：Spatial planning is essential for urban development.（空间规划对城市发展至关重要。）
spatial	例句：The spatial distribution of the population is uneven.（人口的空间分布不均匀。）
spatial	例句：The study focuses on spatial patterns.（这项研究关注空间模式。）
spectacle	例句：The circus put on a great spectacle.（马戏团上演了一场精彩的表演。）
spectacle	例句：The fireworks display was a magnificent spectacle.（烟花表演是一场壮观的景象。）
spectacle	例句：The natural wonder is a breathtaking spectacle.（这个自然奇观是一个令人惊叹的景象。）
spectre	例句：He couldn't shake off the spectre of his past mistakes.（他无法摆脱过去错误的幽灵。）
spectre	例句：The house was said to be haunted by a spectre.（据说这座房子被一个幽灵所困扰。）
spectre	例句：The spectre of poverty haunts many people.（贫困的幽灵困扰着许多人。）
speed	例句：He sped up on the highway.（他在高速公路上加速。）
speed	例句：Speed is important in many sports.（速度在很多运动中很重要。）
speed	例句：The speed of light is very fast.（光速非常快。）
sponsor	例句：He is looking for a sponsor for his project.（他正在为他的项目寻找赞助商。）
sponsor	例句：The company is a major sponsor of the event.（这家公司是这个活动的主要赞助商。）
sponsor	例句：The organization sponsors many charitable activities.（这个组织赞助了很多慈善活动。）
sport	例句：He plays sport regularly.（他经常进行体育运动。）
sport	例句：She enjoys watching sport on TV.（她喜欢在电视上看体育节目。）
sport	例句：Sport is an important part of life.（体育运动是生活的一个重要部分。）
spot	例句：He has a spot on his shirt.（他的衬衫上有一个斑点。）
spot	例句：She spotted her friend in the crowd.（她在人群中认出了她的朋友。）
spot	例句：This is a good spot for fishing.（这是一个钓鱼的好地方。）
spray	例句：He used a spray to water the plants.（他用喷雾器给植物浇水。）
spray	例句：The perfume comes in a spray bottle.（香水装在喷雾瓶里。）
spray	例句：The spray from the fountain was beautiful.（喷泉的水花很漂亮。）
square	例句：The area of the room is ten square meters.（这个房间的面积是十平方米。）
square	例句：The table is square.（这张桌子是正方形的。）
square	例句：They are dancing in the square.（他们在广场上跳舞。）
stabiliser	例句：The stabiliser helps to keep the ship steady.（稳定器有助于保持船的稳定。）
stabiliser	例句：The stabiliser is essential for the machine.（稳定器对这台机器来说是必不可少的。）
stabiliser	例句：This chemical is a stabiliser.（这种化学物质是一种稳定剂。）
stable	例句：He has a stable job.（他有一份稳定的工作。）
stable	例句：The relationship between them is stable.（他们之间的关系很稳定。）
stable	例句：The table is stable.（这张桌子很稳定。）
stage	例句：The actor walked onto the stage.（演员走上舞台。）
stage	例句：The play will be staged next month.（这部戏将于下个月上演。）
stage	例句：We are in the final stage of the project.（我们处于项目的最后阶段。）
stand	例句：He took a firm stand on the issue.（他在这个问题上采取了坚定的立场。）
stand	例句：The stands were filled with spectators.（看台上坐满了观众。）
stand	例句：There is a bookshelf stand in the corner.（角落里有一个书架。）
standard	例句：The product meets the standard.（这个产品符合标准。）
standard	例句：They set a high standard for themselves.（他们为自己设定了一个高标准。）
standard	例句：This is the standard model.（这是标准型号。）
star	例句：He stars in the new play.（他在新剧中担任主演。）
star	例句：She is a movie star.（她是一位电影明星。）
star	例句：The star in the sky is bright.（天空中的星星很亮。）
station	例句：He is on duty at his station.（他在岗位上值班。）
station	例句：I'll meet you at the station.（我会在车站见你。）
station	例句：She holds an important station in the company.（她在公司里占据重要地位。）
statue	例句：He stood in front of the statue and took a picture.（他站在雕像前拍照。）
statue	例句：She marveled at the beauty of the statue.（她惊叹于雕像的美丽。）
statue	例句：The statue is a symbol of freedom.（这座雕像是自由的象征。）
steak	例句：He ordered a steak for dinner.（他晚餐点了一份牛排。）
steak	例句：She likes her steak well done.（她喜欢牛排全熟。）
steak	例句：The steak is cooked medium rare.（牛排煎成半熟。）
stock	例句：He invested in stocks.（他投资股票。）
stock	例句：The store has a large stock of goods.（这家商店有大量的存货。）
stock	例句：What are the different types of stocks?（有哪些不同类型的股票？）
stop	例句：He tried to stop the fight.（他试图阻止这场争斗。）
stop	例句：The car stopped at the red light.（汽车在红灯处停下。）
stop	例句：The machine suddenly stopped working.（机器突然停止了工作。）
stopper	例句：Put the stopper back on the bottle to keep the liquid from spilling.（把瓶塞放回瓶子上，防止液体溢出。）
stopper	例句：The stopper in the sink is clogged, and the water won't drain.（水槽的塞子堵住了，水排不出去。）
stopper	例句：The stopper of the wine bottle was made of cork.（这个葡萄酒瓶的瓶塞是用软木制成的。）
store	例句：He stores his books in the attic.（他把书存放在阁楼里。）
store	例句：The store is stocked with a variety of products.（这家商店储备了各种各样的产品。）
store	例句：They went to the store to buy groceries.（他们去商店买杂货。）
stress	例句：She is under a lot of stress at work.（她在工作中压力很大。）
stress	例句：Stress can have negative effects on health.（压力会对健康产生负面影响。）
stress	例句：They are learning ways to manage stress.（他们正在学习管理压力的方法。）
strict	例句：Be strict in your work.（在工作中要严格要求自己。）
strict	例句：The rules are very strict.（这些规则非常严格。）
strict	例句：The teacher is strict with his students.（这位老师对学生很严格。）
string	例句：He strung the lights on the tree.（他把灯挂在树上。）
string	例句：She tied the package with a string.（她用一根细绳捆住了包裹。）
string	例句：There is a string of pearls around her neck.（她脖子上戴着一串珍珠。）
structure	例句：He is trying to structure his thoughts.（他正在努力组织他的思路。）
structure	例句：The building has a solid structure.（这座建筑物有坚固的结构。）
structure	例句：The structure of the book is well-organized.（这本书的结构组织得很好。）
studio	例句：She has a painting studio in her home.（她在家里有一个绘画工作室。）
studio	例句：The dance studio offers classes for all levels.（舞蹈工作室为各个水平的人提供课程。）
studio	例句：The recording studio is equipped with state-of-the-art equipment.（录音工作室配备了最先进的设备。）
style	例句：He styled his hair differently.（他把头发设计成不同的样子。）
style	例句：She has a unique style.（她有独特的风格。）
style	例句：The new fashion style is popular.（新的时尚风格很受欢迎。）
sublime	例句：His music is sublime.（他的音乐非常卓越。）
sublime	例句：She experienced a sublime moment of happiness.（她体验到了一个崇高的幸福时刻。）
sublime	例句：The view from the mountain top was sublime.（山顶的景色壮丽无比。）
substance	例句：He is concerned about the substance of the issue.（他关心这个问题的实质。）
substance	例句：The speech lacked substance.（这个演讲缺乏内容。）
substance	例句：Water is a substance.（水是一种物质。）
subvention	例句：Subventions can help stimulate economic development.（补助金可以帮助刺激经济发展。）
subvention	例句：The government provides subventions to small businesses.（政府向小企业提供补助金。）
subvention	例句：The project received a subvention from a foundation.（这个项目从一个基金会获得了津贴。）
succession	例句：He is the heir in succession to the throne.（他是王位的继承人。）
succession	例句：The company has a smooth succession plan.（公司有一个顺利的继任计划。）
succession	例句：There is a succession of events that led to the crisis.（有一系列的事件导致了这场危机。）
suggestion	例句：The suggestion box is full.（建议箱满了。）
suggestion	例句：We need to consider all suggestions.（我们需要考虑所有的建议。）
suggestion	例句：Your suggestion is very good.（你的建议非常好。）
suicide	例句：His suicide was a great shock to his family and friends.（他的自杀对他的家人和朋友来说是一个巨大的打击。）
suicide	例句：The high - pressure job environment has led to an increase in suicide rates.（高压的工作环境导致自杀率上升。）
suicide	例句：We should pay more attention to mental health to prevent suicide.（我们应该更加关注心理健康以预防自杀。）
suite	例句：He bought a suite of furniture for his new home.（他为他的新家买了一套家具。）
suite	例句：The hotel offers a luxury suite.（这家酒店提供一个豪华套房。）
suite	例句：The software suite includes several useful programs.（这个软件套装包括几个有用的程序。）
super	例句：He is a super athlete.（他是一个超级运动员。）
super	例句：The movie was super.（这部电影极好。）
super	例句：The party was super fun.（这个聚会超级有趣。）
superstition	例句：He doesn't believe in superstition.（他不相信迷信。）
superstition	例句：Superstition can lead to unnecessary fears.（迷信会导致不必要的恐惧。）
superstition	例句：There are many superstitions around the world.（世界上有很多迷信。）
supplier	例句：The supplier delivered the goods on time.（供应商按时交付了货物。）
supplier	例句：They are one of our main suppliers.（他们是我们的主要供应商之一。）
supplier	例句：We need to find a reliable supplier for our raw materials.（我们需要为我们的原材料找到一个可靠的供应商。）
support	例句：He supported the old man.（他搀扶着那位老人。）
support	例句：I need your support.（我需要你的支持。）
support	例句：The chair has a metal support.（这把椅子有一个金属支撑。）
supporter	例句：She is a strong supporter of the cause.（她是这个事业的坚定支持者。）
supporter	例句：Supporters cheered loudly at the game.（支持者在比赛中大声欢呼。）
supporter	例句：The team needs more supporters.（这个团队需要更多的支持者。）
supposition	例句：His theory is based on supposition.（他的理论是基于推测的。）
supposition	例句：The supposition that he is guilty has not been proven.（他有罪的假定尚未得到证实。）
supposition	例句：We need more evidence than just supposition.（我们需要比仅仅是推测更多的证据。）
surf	例句：He loves to surf.（他喜欢冲浪。）
surf	例句：Many young people love to surf on the sea waves.（很多年轻人喜欢在海浪上冲浪。）
surf	例句：The surf was high today.（今天海浪很大。）
surface	例句：The surface of the table is smooth.（桌子的表面很光滑。）
surface	例句：The surface of the water was calm.（水面很平静。）
surface	例句：They surfaced the road.（他们把路面铺平。）
surfer	例句：She is a professional surfer.（她是一名专业冲浪者。）
surfer	例句：Surfers love the ocean.（冲浪者热爱海洋。）
surfer	例句：The surfer caught a big wave.（冲浪者抓住了一个大浪。）
surprise	例句：His arrival was a surprise.（他的到来是一个惊喜。）
surprise	例句：She was surprised by the news.（她对这个消息感到惊讶。）
surprise	例句：The party was full of surprises.（这个聚会充满了惊喜。）
surveillance	例句：He is conducting surveillance on the suspect.（他正在对嫌疑人进行监视。）
surveillance	例句：Surveillance cameras are installed in many places.（很多地方都安装了监控摄像头。）
surveillance	例句：The police are under surveillance.（警察处于监视之下。）
susceptible	例句：He is susceptible to flattery.（他容易被奉承。）
susceptible	例句：She is susceptible to criticism.（她容易受到批评的影响。）
susceptible	例句：The plant is susceptible to disease.（这种植物容易生病。）
suspect	例句：He is the prime suspect in the murder case.（他是这起谋杀案的主要嫌疑犯。）
suspect	例句：I suspect that he is lying.（我怀疑他在说谎。）
suspect	例句：The police suspect him of the crime.（警察怀疑他犯了罪。）
suspense	例句：She loves reading books with suspense.（她喜欢读有悬念的书。）
suspense	例句：The movie is full of suspense.（这部电影充满了悬念。）
suspense	例句：The suspense kept me on the edge of my seat.（悬念让我一直紧张地坐在座位边缘。）
suspension	例句：The car's suspension is very smooth.（这辆车的悬架很平稳。）
suspension	例句：The suspension of particles in the liquid is visible.（液体中悬浮的颗粒是可见的。）
suspension	例句：There is a suspension of classes due to bad weather.（由于天气恶劣，课程暂停。）
suture	例句：He sutured the wound carefully.（他小心地缝合了伤口。）
suture	例句：Suture material needs to be sterile.（缝线材料需要是无菌的。）
suture	例句：The surgeon used a suture to close the incision.（外科医生用缝线缝合切口。）
synagogue	例句：He is a regular visitor to the synagogue.（他是犹太教堂的常客。）
synagogue	例句：The synagogue is a beautiful building.（这座犹太教堂是一座美丽的建筑。）
synagogue	例句：They went to the synagogue for worship.（他们去犹太教堂做礼拜。）
syndrome	例句：He was diagnosed with a rare syndrome that affects his nervous system.（他被诊断出患有一种罕见的综合征，影响他的神经系统。）
syndrome	例句：Many people suffer from the post - holiday syndrome after a long vacation.（很多人在长假后患有节后综合征。）
syndrome	例句：The doctor is studying the causes and symptoms of this syndrome.（医生正在研究这种综合征的病因和症状。）
table	例句：He made a table of the data.（他制作了一个数据表格。）
table	例句：There is a vase on the table.（桌子上有一个花瓶。）
table	例句：They tabled the proposal for further discussion.（他们搁置了这个提议以便进一步讨论。）
tableau	例句：The situation was like a tableau.（这种情况就像一个戏剧性局面。）
tableau	例句：The tableau was beautiful and moving.（这个画面美丽而动人。）
tableau	例句：They created a tableau for the performance.（他们为表演创作了一个活人画。）
tact	例句：He showed great tact in handling the delicate situation.（他在处理微妙情况时表现出极大的机智。）
tact	例句：She has a natural sense of tact.（她有一种天生的机智感。）
tact	例句：Tact is important in interpersonal relationships.（机智在人际关系中很重要。）
talent	例句：She has a great talent for music.（她有音乐方面的天赋。）
talent	例句：Talent is essential for success.（才能对成功至关重要。）
talent	例句：The company is looking for talented people.（公司正在寻找有才能的人。）
talon	例句：He was grabbed by the talon of the monster.（他被怪物的爪子抓住了。）
talon	例句：The falcon's talon was strong.（猎鹰的爪子很强壮。）
talon	例句：The talon of the lion was impressive.（狮子的爪子令人印象深刻。）
tampon	例句：Make sure to change tampons regularly.（确保定期更换卫生棉条。）
tampon	例句：She uses tampons during her period.（她在经期使用卫生棉条。）
tampon	例句：Tampons are convenient for some women.（卫生棉条对一些女性来说很方便。）
tango	例句：He is learning to tango.（他正在学习跳探戈舞。）
tango	例句：The tango is a passionate dance.（探戈是一种充满激情的舞蹈。）
tango	例句：They danced the tango gracefully.（他们优雅地跳着探戈舞。）
tank	例句：He drove a tank in the war.（他在战争中驾驶一辆坦克。）
tank	例句：The fish swim in the tank.（鱼在水槽里游。）
tank	例句：The tank is full of gas.（油箱装满了汽油。）
tanner	例句：The tanner processes animal hides.（制革工人加工动物皮革。）
tanner	例句：The tanner uses traditional methods.（制革工人使用传统方法。）
tanner	例句：The tanner's work is essential in the leather industry.（制革工人的工作在皮革行业中至关重要。）
tape	例句：I need a tape to fix this.（我需要一条胶带把这个粘好。）
tape	例句：She recorded her voice on tape.（她把自己的声音录在磁带上。）
tape	例句：The tape is stuck.（胶带粘住了。）
taper	例句：His enthusiasm tapered off as the project progressed.（随着项目的进行，他的热情逐渐减少。）
taper	例句：The candle tapered to a point.（蜡烛逐渐变细成一个尖头。）
taper	例句：The music tapered away to silence.（音乐逐渐减弱至寂静。）
taxi	例句：He took a taxi to the hotel.（他乘出租车去酒店。）
taxi	例句：She hailed a taxi on the street.（她在街上叫了一辆出租车。）
taxi	例句：The taxi is convenient for short trips.（出租车对于短途旅行很方便。）
team	例句：He is on the football team.（他在足球队。）
team	例句：The team worked hard to achieve their goal.（这个团队努力工作以实现他们的目标。）
team	例句：We need a strong team to complete the project.（我们需要一个强大的团队来完成这个项目。）
technique	例句：She uses a special technique to solve the problem.（她用一种特殊的技术来解决这个问题。）
technique	例句：The artist's painting technique is unique.（这位艺术家的绘画技巧很独特。）
technique	例句：We need to learn new techniques to improve our work.（我们需要学习新的技术来改进我们的工作。）
temple	例句：He went to the temple to pray.（他去寺庙祈祷。）
temple	例句：She felt a pain in her temple.（她感到太阳穴疼。）
temple	例句：The temple is an ancient building.（这座寺庙是一座古老的建筑。）
tendance	例句：She is responsible for the tendance of the elderly.（她负责照顾老年人。）
tendance	例句：The tendance of the sick is a noble task.（照顾病人是一项高尚的任务。）
tendance	例句：There is a tendance towards healthier lifestyles.（有一个追求更健康生活方式的趋势。）
tennis	例句：He loves playing tennis.（他喜欢打网球。）
tennis	例句：She joined a tennis club.（她加入了一个网球俱乐部。）
tennis	例句：Tennis is a popular sport.（网球是一项受欢迎的运动。）
tension	例句：He felt the tension in the room.（他感受到了房间里的紧张气氛。）
tension	例句：The tension in the rope is too high.（绳子的张力太高了。）
tension	例句：There is a lot of tension between the two countries.（这两个国家之间有很大的紧张关系。）
tentative	例句：He made a tentative suggestion.（他提出了一个试探性的建议。）
tentative	例句：She took a tentative step forward.（她试探性地向前迈了一步。）
tentative	例句：The plan is still tentative.（这个计划仍是暂定的。）
tequila	例句：He ordered a shot of tequila.（他点了一杯龙舌兰酒。）
tequila	例句：Tequila is a popular drink in Mexico.（龙舌兰酒是墨西哥的一种流行饮品。）
tequila	例句：The taste of tequila is strong and unique.（龙舌兰酒的味道浓烈而独特。）
terminal	例句：He is in terminal stage of cancer.（他处于癌症晚期。）
terminal	例句：The terminal illness is difficult to treat.（晚期疾病很难治疗。）
terminal	例句：The train reached the terminal.（火车到达了终点站。）
terminus	例句：The terminus is a busy place.（终点站是一个繁忙的地方。）
terminus	例句：The train reached the terminus.（火车到达了终点站。）
terminus	例句：They waited at the terminus for the next bus.（他们在终点站等下一辆公共汽车。）
termite	例句：A termite is a small insect.（白蚁是一种小昆虫。）
termite	例句：The termite eats wood.（白蚁吃木头。）
termite	例句：They found a termite colony.（他们发现了一个白蚁群落。）
terrain	例句：The terrain influenced their strategy.（地形影响了他们的策略。）
terrain	例句：The terrain was rugged and difficult to traverse.（地形崎岖，难以穿越。）
terrain	例句：They had to adapt to the different terrains.（他们不得不适应不同的地形。）
terrible	例句：He had a terrible headache.（他头痛得很厉害。）
terrible	例句：The food at that restaurant is terrible.（那家餐厅的食物很糟糕。）
terrible	例句：The storm was terrible and caused a lot of damage.（这场风暴很可怕，造成了很多破坏。）
test	例句：The machine needs to be tested before use.（这台机器在使用前需要进行测试。）
test	例句：The student took a test in math.（这个学生参加了数学测试。）
test	例句：They are testing the new product.（他们正在测试新产品。）
testament	例句：He made a testament before he died.（他在去世前立了遗嘱。）
testament	例句：Testaments are important legal documents.（遗嘱是重要的法律文件。）
testament	例句：The document is a testament to his achievements.（这份文件是他成就的证明。）
tester	例句：He is a software tester.（他是一个软件测试员。）
tester	例句：The tester checked the product for quality.（测试员检查产品的质量。）
tester	例句：The tester is used to measure voltage.（这个测试仪是用来测量电压的。）
thorax	例句：He had an injury to his thorax.（他的胸部受伤了。）
thorax	例句：The thorax contains the heart and lungs.（胸廓里有心脏和肺。）
thorax	例句：The thorax is protected by the rib cage.（胸廓由肋骨笼保护着。）
tibia	例句：He broke his tibia in the accident.（他在事故中摔断了胫骨。）
tibia	例句：The doctor examined the patient's tibia carefully.（医生仔细检查了病人的胫骨。）
tibia	例句：The tibia is one of the two long bones in the lower leg.（胫骨是小腿中的两根长骨之一。）
tic	例句：He has a nervous tic in his eye.（他的眼睛有神经性抽搐。）
tic	例句：She tried to control her facial tic.（她试图控制自己的面部痉挛。）
tic	例句：The tic became worse when he was stressed.（他在压力大的时候抽搐会更严重。）
ticket	例句：He bought a ticket for the concert.（他买了一张音乐会的票。）
ticket	例句：He got a ticket for speeding.（他因超速收到一张罚单。）
ticket	例句：The ticket allows you to enter the museum.（这张票允许你进入博物馆。）
timbre	例句：Different instruments have different timbres.（不同的乐器有不同的音色。）
timbre	例句：She is sensitive to the timbre of music.（她对音乐的音色很敏感。）
timbre	例句：The timbre of his voice is unique.（他的声音的音色很独特。）
timing	例句：She has a good sense of timing.（她有很好的时间感。）
timing	例句：The timing of his decision was perfect.（他做出决定的时机非常好。）
timing	例句：Timing is everything in business.（在商业中，时机就是一切。）
titre	例句：The titre of the antibody was measured.（抗体的滴度被测量了。）
titre	例句：The titre of the solution is important.（溶液的浓度单位很重要。）
titre	例句：We need to determine the titre accurately.（我们需要准确地确定滴度。）
toast	例句：He proposed a toast to the bride and groom.（他向新娘和新郎敬酒。）
toast	例句：I had toast and jam for breakfast.（我早餐吃了烤面包和果酱。）
toast	例句：Let's toast to our success.（让我们为我们的成功干杯。）
toile	例句：She is decorating the room with toile fabric.（她正在用印花棉布装饰房间。）
toile	例句：The dress is made of toile.（这件连衣裙是用薄麻布做的。）
toile	例句：Toile is often used for curtains.（薄麻布常被用于制作窗帘。）
toilette	例句：She spent a long time on her toilette.（她花了很长时间打扮。）
toilette	例句：The toilette is located at the end of the corridor.（厕所在走廊的尽头。）
toilette	例句：The toilette of the ladies was elegant.（女士们的打扮很优雅。）
ton	例句：I have a ton of work to do.（我有大量的工作要做。）
ton	例句：The truck is carrying five tons of sand.（这辆卡车运载着五吨沙子。）
ton	例句：There are tons of books in the library.（图书馆里有很多书。）
tonne	例句：The truck can carry one tonne of goods.（这辆卡车可以运载一公吨的货物。）
tonne	例句：The weight of the shipment is ten tonnes.（这批货物的重量是十公吨。）
tonne	例句：We ordered two tonnes of coal.（我们订购了两公吨的煤。）
top	例句：He is at the top of his class.（他在班上名列前茅。）
top	例句：She stood on top of the mountain.（她站在山顶上。）
top	例句：The building has a top floor with a great view.（这座建筑的顶层有很好的视野。）
torrent	例句：He downloaded the file in a torrent.（他以洪流的方式下载了这个文件。）
torrent	例句：Her words came out in a torrent.（她的话如洪流般涌出。）
torrent	例句：The river was a torrent after the heavy rain.（大雨过后，河水变成了急流。）
tort	例句：He is studying tort law.（他正在学习侵权法。）
tort	例句：The company was sued for tort.（这家公司因侵权行为被起诉。）
tort	例句：Torts can result in significant damages.（侵权行为可能导致重大损失。）
torture	例句：He endured great torture during the war.（他在战争期间忍受了巨大的痛苦。）
torture	例句：The prisoner was subjected to torture.（囚犯遭受了折磨。）
torture	例句：Torture is immoral and illegal.（折磨是不道德和非法的。）
torturer	例句：He was tortured by the torturer.（他被折磨者折磨。）
torturer	例句：The torturer showed no mercy.（折磨者毫不留情。）
torturer	例句：The torturer was arrested and brought to justice.（拷问者被逮捕并被绳之以法。）
total	例句：She added up all the numbers to get the total.（她把所有数字加起来得出总数。）
total	例句：The total cost of the project is estimated to be around one million dollars.（该项目的总成本估计约为一百万美元。）
total	例句：What's the total number of students in this school?（这所学校的学生总数是多少？）
touche	例句：He made a good point and I had to say “Touche!”.（他提出了一个好观点，我不得不说 “一针见血！”）
touche	例句：Touche is often used in debates.（“说得好” 经常在辩论中使用。）
touche	例句：“Your argument is very strong.” “Touche!”（“你的论点非常有力。”“说得好！”）
tour	例句：She is planning a tour of Asia.（她正在计划一次亚洲之旅。）
tour	例句：The tour guide showed them around the museum.（导游带他们参观了博物馆。）
tour	例句：They went on a tour of Europe.（他们去欧洲旅行了。）
tout	例句：Don't trust the touts.（不要相信票贩子。）
tout	例句：He was touting tickets outside the stadium.（他在体育场外兜售票。）
tout	例句：The salesman was touting his product.（推销员在吹嘘他的产品。）
trace	例句：The detective traced the criminal's movements.（侦探查出了罪犯的行动轨迹。）
trace	例句：There are traces of mud on the floor.（地板上有泥的痕迹。）
trace	例句：They tried to trace the missing person.（他们试图追踪失踪的人。）
tracer	例句：Scientists use tracers to study the movement of pollutants.（科学家们使用示踪物来研究污染物的移动。）
tracer	例句：The tracer bullet lit up the night sky.（曳光弹照亮了夜空。）
tracer	例句：The tracer was used to follow the flow of the liquid.（示踪物被用来跟踪液体的流动。）
tract	例句：A tract of land was cleared for farming.（一片土地被开垦出来用于耕种。）
tract	例句：The respiratory tract is affected by pollution.（呼吸道受到污染的影响。）
tract	例句：They hiked through a tract of mountains.（他们徒步穿越了一片山区。）
tradition	例句：The family has a tradition of celebrating birthdays.（这个家庭有庆祝生日的传统。）
tradition	例句：This custom has a long tradition.（这个习俗有悠久的传统。）
tradition	例句：We should respect tradition.（我们应该尊重传统。）
train	例句：He is training for a marathon.（他正在为马拉松训练。）
train	例句：The train is leaving soon.（火车很快就要开了。）
train	例句：Trains are a convenient way to travel.（火车是一种方便的旅行方式。）
trait	例句：Her sense of humor is one of her most endearing traits.（她的幽默感是她最可爱的特质之一。）
trait	例句：Honesty is a highly valued trait in any relationship.（诚实是任何关系中都非常看重的特质。）
trait	例句：Honesty is a trait he values highly.（诚实是他高度重视的一种品质。）
trait	例句：She has many good traits.（她有很多好的特点。）
trait	例句：Some personality traits are believed to be hereditary.（一些个性特质被认为是遗传的。）
trait	例句：What are the main traits of this breed of dog?（这种狗的主要特点是什么？）
tram	例句：The tram is a convenient way to travel around the city.（有轨电车是在城市中旅行的一种方便方式。）
tram	例句：Trams are environmentally friendly transportation.（有轨电车是环保的交通工具。）
tram	例句：We took the tram to the museum.（我们乘坐有轨电车去博物馆。）
tranche	例句：The company received a tranche of funding.（该公司收到了一部分资金。）
tranche	例句：The loan is divided into several tranches.（贷款分为几部分。）
tranche	例句：The project will be implemented in tranches.（这个项目将分阶段实施。）
transaction	例句：The transaction was completed smoothly.（交易顺利完成。）
transaction	例句：There are many transactions in the stock market.（股票市场上有很多交易。）
transaction	例句：This is a significant transaction for the company.（这对公司来说是一项重大交易。）
transformation	例句：The caterpillar undergoes a transformation into a butterfly.（毛毛虫经历了一个转变变成了蝴蝶。）
transformation	例句：The city has undergone a transformation.（这个城市经历了一个变化。）
transformation	例句：Transformation can be dramatic.（转变可以是戏剧性的。）
transformer	例句：He is a transformer of the company.（他是公司的变革者。）
transformer	例句：The new technology is a transformer of the industry.（这项新技术是这个行业的变革者。）
transformer	例句：The transformer converts electrical energy.（变压器转换电能。）
transfusion	例句：She received a transfusion after the surgery.（她在手术后接受了输血。）
transfusion	例句：The hospital has a strict protocol for transfusions.（医院对输血有严格的规定。）
transfusion	例句：The transfusion was necessary to save his life.（输血是挽救他生命所必需的。）
transition	例句：He made a smooth transition from one job to another.（他顺利地从一个工作过渡到另一个工作。）
transition	例句：The company is undergoing a major transition.（公司正在经历重大转变。）
transition	例句：The transition from childhood to adulthood can be difficult.（从童年到成年的过渡可能很困难。）
transmission	例句：The transmission of data is very fast.（数据的传输非常快。）
transmission	例句：The transmission of the disease needs to be controlled.（这种疾病的传播需要被控制。）
transmission	例句：What are the different methods of transmission?（有哪些不同的传输方法？）
transparent	例句：His motives are transparent.（他的动机显而易见。）
transparent	例句：The instructions are transparent.（这些说明易懂。）
transparent	例句：The plastic is transparent.（这种塑料是透明的。）
transplantation	例句：Organ transplantation has saved countless lives in recent years.（近年来，器官移植拯救了无数生命。）
transplantation	例句：Organ transplantation is a complex medical procedure.（器官移植是一个复杂的医疗程序。）
transplantation	例句：Researchers are studying transplantation techniques.（研究人员正在研究移植技术。）
transplantation	例句：Successful transplantation depends on many factors, including tissue matching.（移植成功取决于许多因素，包括组织配型。）
transplantation	例句：The transplantation of the liver was a complex and delicate procedure.（肝脏移植是一个复杂而精细的手术。）
transplantation	例句：The transplantation of trees is necessary for urban landscaping.（树木的移栽对城市景观美化是必要的。）
transport	例句：Public transport is convenient in the city.（城市里的公共交通很方便。）
transport	例句：The goods are transported by truck.（货物由卡车运输。）
transport	例句：We need to improve the transport system.（我们需要改善运输系统。）
transporter	例句：The military uses transporters to move troops.（军队使用运输机来运送部队。）
transporter	例句：The new transporter is very efficient.（新的运输工具非常高效。）
transporter	例句：The transporter delivered the goods on time.（运输者按时交付了货物。）
trauma	例句：She is still dealing with the trauma of her childhood.（她仍在处理童年的痛苦经历。）
trauma	例句：The accident caused him a lot of trauma.（这次事故给他造成了很大的创伤。）
trauma	例句：The soldiers suffered from psychological trauma.（士兵们遭受了心理创伤。）
travail	例句：His life was full of travail.（他的生活充满了艰苦劳动。）
travail	例句：She endured great travail in her journey.（她在旅途中忍受了巨大的痛苦。）
travail	例句：The woman was in travail for hours.（这个女人分娩阵痛了几个小时。）
trembler	例句：He was a trembler with fear.（他因恐惧而颤抖。）
trembler	例句：The trembler caused the ground to shake.（震动器使地面震动。）
trembler	例句：The trembler is used in construction.（震动器在建筑中被使用。）
triangle	例句：The area of a triangle can be calculated using a formula.（三角形的面积可以用一个公式计算。）
triangle	例句：The triangle has three angles.（三角形有三个角。）
triangle	例句：They are drawing a triangle.（他们正在画一个三角形。）
tribunal	例句：The case was heard by a special tribunal.（这个案子由一个特别法庭审理。）
tribunal	例句：The tribunal has the power to make important decisions.（法庭有权做出重要决定。）
tribunal	例句：The tribunal's ruling was controversial.（法庭的裁决是有争议的。）
tribune	例句：He stood on the tribune and gave a speech.（他站在讲坛上发表演讲。）
tribune	例句：The online tribune is very popular.（这个在线论坛很受欢迎。）
tribune	例句：The tribune spoke out for the people.（护民官为人民发声。）
trier	例句：He is a trier in the field of science.（他是科学领域的一个尝试者。）
trier	例句：She is a trier who never gives up.（她是一个尝试者，从不放弃。）
trier	例句：The trier kept trying different methods.（尝试者不断尝试不同的方法。）
trio	例句：The trio of paintings is very impressive.（这三件一套的画非常令人印象深刻。）
trio	例句：The trio played beautiful music.（三重奏演奏了美妙的音乐。）
trio	例句：They are a trio of friends.（他们是三个朋友组成的一组。）
trip	例句：He tripped over a rock.（他被一块石头绊倒了。）
trip	例句：She went on a trip to Asia.（她去亚洲旅行了。）
trip	例句：The trip was full of adventures.（这次旅行充满了冒险。）
tripe	例句：His speech was full of tripe.（他的演讲全是废话。）
tripe	例句：I don't like eating tripe.（我不喜欢吃牛肚。）
tripe	例句：This book is just tripe.（这本书纯粹是拙劣的作品。）
triple	例句：The company's profits tripled this year.（这家公司的利润今年增加至三倍。）
triple	例句：The triple jump is an athletic event.（三级跳远是一项体育赛事。）
triple	例句：They are planning a triple celebration.（他们正在计划一个三重庆祝活动。）
trombone	例句：He plays the trombone.（他吹长号。）
trombone	例句：The sound of the trombone is very powerful.（长号的声音非常有力。）
trombone	例句：The trombone is a brass instrument.（长号是一种铜管乐器。）
tropical	例句：His tropical paintings are full of color.（他的热带画作充满色彩。）
tropical	例句：She loves tropical fruits.（她喜欢热带水果。）
tropical	例句：The tropical climate is warm and humid.（热带气候温暖潮湿。）
trotter	例句：He ordered trotters for dinner.（他点了猪脚当晚餐。）
trotter	例句：The horse moved at a trotter.（马以小跑步前进。）
trotter	例句：The trotter led the horse around the track.（遛马的人带着马在跑道上转。）
trouble	例句：He is in trouble.（他有麻烦了。。）
trouble	例句：The machine is giving me trouble.（这台机器给我带来了麻烦。）
trouble	例句：We had a lot of trouble finding the place.（我们找这个地方遇到了很多麻烦。）
troupe	例句：He joined a famous troupe.（他加入了一个著名的剧团。）
troupe	例句：The troupe is performing in the city.（这个剧团正在这个城市演出。）
troupe	例句：The troupe's performance was amazing.（这个剧团的表演令人惊叹。）
tube	例句：She watched TV on an old tube television.（她在一台旧的显像管电视机上看电视。）
tube	例句：The subway runs through a long tube.（地铁在一条长长的隧道中行驶。）
tube	例句：The tube was filled with water.（管子里装满了水。）
tunnel	例句：The tunnel connects two cities.（这条隧道连接了两个城市。）
tunnel	例句：The tunnel is long and dark.（这条隧道又长又黑。）
tunnel	例句：They dug a tunnel through the mountain.（他们在山中挖了一条隧道。）
type	例句：She is typing a report.（她正在打一份报告。）
type	例句：There are different types of flowers in the garden.（花园里有不同种类的花。）
type	例句：What type of music do you like?（你喜欢什么类型的音乐？）
uni	例句：He graduated from a prestigious uni.（他从一所著名的大学毕业。）
uni	例句：She is going to uni next year.（她明年要上大学。）
uni	例句：Uni life is full of challenges.（大学生活充满挑战。）
union	例句：The two countries formed a union.（这两个国家组成了一个联盟。）
union	例句：The union represents the workers.（工会代表工人。）
union	例句：We need to promote union among different groups.（我们需要促进不同群体之间的团结。）
unique	例句：His style is unique.（他的风格是独一无二的。）
unique	例句：She has a unique talent.（她有独特的才能。）
unique	例句：This is a unique place.（这是一个独特的地方。）
urgent	例句：He received an urgent call.（他接到一个紧急电话。）
urgent	例句：The situation is urgent.（情况很紧急。）
urgent	例句：This is an urgent matter.（这是一件紧急的事情。）
urine	例句：The color of urine can vary.（尿液的颜色可以不同。）
urine	例句：The doctor tested the urine sample.（医生检测了尿样。）
urine	例句：Urine can indicate certain health problems.（尿液可以表明某些健康问题。）
usage	例句：The usage of this word is incorrect.（这个词的用法不正确。）
usage	例句：This is a common usage in the industry.（这是这个行业中的一种常见用法。）
usage	例句：We should follow proper usage when writing.（我们在写作时应该遵循正确的用法。）
user	例句：The software is designed for the average user.（这个软件是为普通用户设计的。）
user	例句：This product is popular among users.（这个产品在用户中很受欢迎。）
user	例句：Users can customize the settings according to their needs.（用户可以根据自己的需求自定义设置。）
utile	例句：His advice was utile.（他的建议很有用。）
utile	例句：This tool is utile for many tasks.（这个工具对很多任务都有用。）
utile	例句：We need utile solutions.（我们需要有用的解决方案。）
utilisation	例句：The company is focused on the utilisation of renewable energy.（这家公司专注于利用可再生能源。）
utilisation	例句：Utilisation of technology can enhance productivity.（利用技术可以提高生产力。）
utilisation	例句：We need to improve the utilisation of resources.（我们需要提高资源的利用率。）
vagabond	例句：He is a vagabond, living on the streets.（他是个流浪汉，住在街上。）
vagabond	例句：The vagabond traveled from place to place.（这个流浪者四处漂泊。）
vagabond	例句：They led a vagabond life.（他们过着流浪的生活。）
vague	例句：His description was very vague.（他的描述非常含糊。）
vague	例句：She had a vague idea of what to do.（她对要做什么只有一个模糊的想法。）
vague	例句：The plan is still vague and needs more details.（这个计划仍然很不明确，需要更多的细节。）
vain	例句：All his attempts were in vain.（他所有的尝试都是徒劳的。）
vain	例句：He made a vain effort to save the situation.（他徒劳地努力挽救局面。）
vain	例句：She is vain about her appearance.（她对自己的外貌很自负。）
valet	例句：He valeted his boss's clothes.（他替老板管理衣物。）
valet	例句：The valet parked the car.（男仆把车停好。）
valet	例句：We used the valet service at the hotel.（我们在酒店使用了服务员泊车服务。）
valve	例句：He is repairing a faulty valve.（他正在修理一个有故障的阀门。）
valve	例句：The heart has four valves.（心脏有四个瓣膜。）
valve	例句：The valve controls the flow of water.（阀门控制着水流。）
vampire	例句：She was fascinated by vampires.（她被吸血鬼迷住了。）
vampire	例句：The vampire appeared in the moonlight.（吸血鬼在月光下出现。）
vampire	例句：Vampires are often depicted as mysterious creatures.（吸血鬼常常被描绘成神秘的生物。）
van	例句：He is driving a van.（他在开一辆货车。）
van	例句：The van is loaded with goods.（货车上装满了货物。）
van	例句：The van led the procession.（货车在队伍的前面。）
vase	例句：She bought a beautiful vase.（她买了一个漂亮的花瓶。）
vase	例句：The vase is filled with flowers.（花瓶里插满了花。）
vase	例句：The vase on the table adds elegance to the room.（桌子上的花瓶为房间增添了优雅。）
vassal	例句：He was a vassal of a powerful lord.（他是一个强大领主的封臣。）
vassal	例句：The vassal had certain obligations.（封臣有一定的义务。）
vassal	例句：The vassal pledged his loyalty to the king.（封臣向国王宣誓效忠。）
vengeance	例句：He sought vengeance for his father's death.（他为父亲的死寻求复仇。）
vengeance	例句：The act of vengeance can lead to more violence.（复仇行为可能导致更多的暴力。）
vengeance	例句：Vengeance is a powerful emotion.（复仇是一种强烈的情感。）
vent	例句：He vented his frustration.（他发泄了他的沮丧。）
vent	例句：The gas is vented through a pipe.（气体通过管道排出。）
vent	例句：The vent in the wall allows air to circulate.（墙上的通风口让空气流通。）
ventilation	例句：Good ventilation is important for health.（良好的通风对健康很重要。）
ventilation	例句：The room needs better ventilation.（这个房间需要更好的通风。）
ventilation	例句：Ventilation systems are installed in buildings.（建筑物中安装了通风系统。）
venue	例句：The concert venue was packed.（音乐会场地座无虚席。）
venue	例句：The venue for the conference was changed.（会议的场地变了。）
venue	例句：They chose a beautiful venue for the wedding.（他们为婚礼选了一个美丽的场地。）
verbal	例句：He gave a verbal description of the event.（他对事件进行了口头描述。）
verbal	例句：This is a verbal agreement.（这是一个口头协议。）
verbal	例句：Verbal communication is important in daily life.（口头交流在日常生活中很重要。）
verdict	例句：The jury reached a verdict after hours of deliberation.（陪审团经过数小时的审议后做出了裁决。）
verdict	例句：The public is waiting for the verdict on the case.（公众正在等待这个案件的定论。）
verdict	例句：The verdict was not what he had hoped for.（这个裁决不是他所希望的。）
version	例句：There are different versions of the story.（这个故事有不同的版本。）
version	例句：This is the latest version of the software.（这是这个软件的最新版本。）
version	例句：What's your version of events?（你对这些事件的说法是什么？）
via	例句：He reached the destination via a different route.（他通过一条不同的路线到达了目的地。）
via	例句：The message was sent via email.（这个消息是通过电子邮件发送的。）
via	例句：They traveled via train.（他们乘火车旅行。）
vibration	例句：The phone's vibration alerted him.（手机的振动提醒了他。）
vibration	例句：The vibration of the engine can be felt.（能感觉到发动机的振动。）
vibration	例句：They are studying the effects of vibration on structures.（他们正在研究振动对结构的影响。）
vice	例句：He was appointed as the vice president of the company.（他被任命为公司的副总裁。）
vice	例句：She struggled with the vice of gambling for many years.（她多年来一直与赌博的恶习作斗争。）
vice	例句：The detective tried to uncover the vice that was corrupting the city. （侦探试图揭露腐化城市的恶行。）
vie	例句：Companies vie with each other in the market.（公司在市场上相互竞争。）
vie	例句：The candidates vie for the leadership position.（候选人争夺领导职位。）
vie	例句：They vie for the attention of the audience.（他们争夺观众的注意力。）
vigilant	例句：Be vigilant when walking alone at night.（晚上独自走路时要保持警惕。）
vigilant	例句：He is vigilant against potential threats.（他对潜在的威胁保持警惕。）
vigilant	例句：The security guard is always vigilant.（保安总是保持警觉。）
villa	例句：He rented a villa for the summer.（他租了一座别墅过夏天。）
villa	例句：The villa has a large garden.（这座别墅有一个大花园。）
villa	例句：They live in a beautiful villa by the sea.（他们住在海边的一座美丽别墅里。）
village	例句：I live in a small quiet village with green trees.（我住在一个绿树成荫的宁静小村庄。）
village	例句：The village is peaceful and quiet.（这个村庄宁静祥和。）
village	例句：They went for a walk in the village.（他们在村庄里散步。）
viol	例句：He plays the viol in a historical music ensemble.（他在一个历史音乐合奏团中演奏中世纪的弦乐器。）
viol	例句：The sound of the viol is unique and haunting.（中世纪的弦乐器的声音独特而令人难忘。）
viol	例句：The viol was popular in medieval times.（中世纪的弦乐器在中世纪很流行。）
violation	例句：His actions are a violation of the law.（他的行为违反了法律。）
violation	例句：The company was fined for environmental violations.（这家公司因环境违规被罚款。）
violation	例句：There was a violation of privacy.（有侵犯隐私的行为。）
violence	例句：The movie contains scenes of violence.（这部电影有暴力场景。）
violence	例句：There is too much violence in the world.（世界上有太多的暴力。）
violence	例句：Violence is never the answer.（暴力永远不是解决问题的办法。）
violent	例句：He is a violent person.（他是一个暴力的人。）
violent	例句：She had a violent reaction.（她有强烈的反应。）
violent	例句：The storm was violent.（暴风雨很猛烈。）
violet	例句：She wore a dress in a soft violet color.（她穿着一件淡紫色的连衣裙。）
violet	例句：The field is full of beautiful violets in spring.（春天，田野里开满了美丽的紫罗兰。）
violet	例句：The violet has a delicate fragrance.（紫罗兰有一股淡雅的香味。）
virus	例句：A virus can make people sick.（病毒会让人生病。）
virus	例句：Some viruses can be deadly.（有些病毒可能是致命的。）
virus	例句：The computer was infected by a virus.（计算机被病毒感染了。）
visa	例句：He applied for a visa to travel abroad.（他申请了出国旅行的签证。）
visa	例句：She was denied a visa.（她被拒签了。）
visa	例句：The visa process can be complicated.（签证程序可能很复杂。）
visage	例句：Her visage was pale and tired.（她的面容苍白而疲惫。）
visage	例句：His stern visage frightened the children.（他严厉的面容吓到了孩子们。）
visage	例句：The old man had a kind visage.（这位老人面容和善。）
visible	例句：His happiness was visible on his face.（他的幸福在脸上显而易见。）
visible	例句：The damage is visible to the naked eye.（损伤肉眼可见。）
visible	例句：The stars are visible on a clear night.（在晴朗的夜晚星星是可见的。）
vision	例句：He has poor vision and needs glasses.（他视力不好，需要戴眼镜。）
vision	例句：She had a vision of a better future.（她幻想有一个更美好的未来。）
vision	例句：The artist has a unique vision.（这位艺术家有独特的视觉。）
vital	例句：A good diet is vital for a long life.（良好的饮食对长寿至关重要。）
vital	例句：Exercise is vital for good health.（锻炼对健康至关重要。）
vital	例句：The heart is a vital organ.（心脏是一个至关重要的器官。）
vitamine	例句：In the past, vitamine was used to refer to these essential substances.（在过去，vitamine 被用来指代这些必需物质。）
vitamine	例句：Now we use the term vitamin instead of vitamine.（现在我们使用 vitamin 这个词而不是 vitamine。）
vitamine	例句：The discovery of vitamine was a significant breakthrough.（维生素的发现是一个重大突破。）
vocal	例句：He is very vocal about his opinions.（他对自己的观点直言不讳。）
vocal	例句：She has a beautiful vocal range.（她有一个美丽的音域。）
vocal	例句：The vocal music class is very popular.（声乐课很受欢迎。）
vocation	例句：He found his vocation in teaching.（他在教学中找到了自己的职业。）
vocation	例句：Teaching is her vocation.（教学是她的职业。）
vocation	例句：We should pursue our vocation with passion.（我们应该充满激情地追求自己的职业。）
vodka	例句：He ordered a shot of vodka.（他点了一杯伏特加。）
vodka	例句：Vodka is a popular drink in many countries.（伏特加在许多国家都是一种受欢迎的饮料。）
vodka	例句：We need to chill the vodka before serving.（我们需要在供应前将伏特加冷藏。）
vogue	例句：She follows the latest vogues.（她追随最新的时尚潮流。）
vogue	例句：This style is in vogue this season.（这种风格在这个季节很流行。）
vogue	例句：Vogue magazine is a popular source of fashion inspiration.（《时尚》杂志是一个受欢迎的时尚灵感来源。）
volant	例句：He dreams of being volant like a bird.（他梦想着像鸟一样飞行。）
volant	例句：The bird is volant.（这只鸟会飞。）
volant	例句：The volant creature soared through the sky.（这个会飞的生物在天空中翱翔。）
volume	例句：He measured the volume of the box.（他测量了盒子的体积。）
volume	例句：The library has a large volume of books.（图书馆有大量的书籍。）
volume	例句：The volume of the music was too loud.（音乐的音量太大了。）
vortex	例句：A vortex can be powerful.（漩涡可能很强大。）
vortex	例句：The water forms a vortex.（水形成一个漩涡。）
vortex	例句：The water went down the drain in a small vortex.（水形成小漩涡流入下水道。）
vote	例句：She voted for the candidate she believed in.（她投票给她信任的候选人。）
vote	例句：The vote was close.（投票结果很接近。）
vote	例句：They cast their votes in the election.（他们在选举中投票。）
voter	例句：The number of voters is increasing.（选民的数量在增加。）
voter	例句：Voters have the right to choose their leaders.（选民有权利选择他们的领导人。）
voter	例句：Voters should be informed before casting their votes.（选民在投票前应该了解情况。）
voyage	例句：His voyage was full of adventures.（他的航行充满了冒险。）
voyage	例句：The voyage lasted for months.（这次航行持续了几个月。）
voyage	例句：They planned a voyage around the world.（他们计划了一次环球航行。）
voyager	例句：She is a fearless voyager.（她是一个无畏的旅行者。）
voyager	例句：The voyager set off on a long journey.（航行者开始了漫长的旅程。）
voyager	例句：The voyagers discovered new lands.（航行者们发现了新的土地。）
voyageur	例句：The story of the voyageur is fascinating.（毛皮商人的故事很迷人。）
voyageur	例句：The voyageur traveled through the wilderness.（毛皮商人穿越荒野旅行。）
voyageur	例句：Voyageurs played an important role in Canadian history.（毛皮商人在加拿大历史上扮演了重要角色。）
voyeur	例句：A voyeur likes to watch others secretly in private.（窥淫癖者喜欢偷偷窥视他人的隐私。）
voyeur	例句：Don't be a voyeur. Respect others' privacy.（不要做爱窥探他人隐私的人。尊重他人的隐私。）
voyeur	例句：He is a voyeur who enjoys watching others.（他是个爱窥探他人隐私的人，喜欢观察别人。）
wagon	例句：The children played with a toy wagon.（孩子们玩一辆玩具手推车。）
wagon	例句：The farmer uses a wagon to transport goods.（农民用一辆运货马车运输货物。）
wagon	例句：The wagon was loaded with hay.（运货马车上装着干草。）
web	例句：He was caught in the web of lies.（他陷入了谎言的罗网。）
web	例句：The Internet is a vast web of information.（互联网是一个巨大的信息网。）
web	例句：The spider spun a web.（蜘蛛织了一张网。）
western	例句：He is from western China.（他来自中国西部。）
western	例句：She likes to watch western movies.（她喜欢看西部片。）
western	例句：The western countries are developed.（西方国家很发达。）
whisky	例句：He bought a bottle of whisky as a gift.（他买了一瓶威士忌作为礼物。）
whisky	例句：She prefers whisky over other drinks.（她喜欢威士忌胜过其他饮料。）
whisky	例句：Whisky comes in different varieties.（威士忌有不同的种类。）
yacht	例句：He owns a luxurious yacht.（他拥有一艘豪华游艇。）
yacht	例句：She went on a yacht cruise.（她参加了一次游艇巡游。）
yacht	例句：The yacht is moored in the harbor.（游艇停泊在港口。）
yen	例句：He has a yen for travel.（他渴望旅行。）
yen	例句：She saved up yen for her trip.（她为旅行攒了日元。）
yen	例句：The exchange rate for yen is fluctuating.（日元的汇率在波动。）
yoga	例句：He joined a yoga class.（他参加了一个瑜伽班。）
yoga	例句：She practices yoga every day.（她每天练习瑜伽。）
yoga	例句：Yoga is good for your health.（瑜伽对健康有益。）
yuan	例句：He earns a monthly salary of several thousand yuan.（他每月赚取几千元的工资。）
yuan	例句：I have fifty yuan in my wallet.（我钱包里有五十元。）
yuan	例句：This book costs twenty yuan.（这本书二十元。）
zapper	例句：He used the zapper to change channels.（他用遥控器换频道。）
zapper	例句：She bought a zapper to get rid of insects.（她买了一个捕杀器来除掉昆虫。）
zapper	例句：The zapper is a useful tool.（遥控器是一个有用的工具。）
zombie	例句：He walked like a zombie.（他走路像个僵尸。）
zombie	例句：The movie is about a zombie apocalypse.（这部电影是关于僵尸末日的。）
zombie	例句：The office was filled with zombie workers.（办公室里都是无生气的员工。）
zone	例句：The city is divided into different zones.（城市被划分成不同的区域。）
zone	例句：The industrial zone is located on the outskirts of the city.（工业区位于城市的郊区。）
zone	例句：They are in the danger zone.（他们在危险地带。）
zoo	例句：She loves visiting the zoo.（她喜欢参观动物园。）
zoo	例句：The zoo has many different animals.（动物园有很多不同的动物。）
zoo	例句：They went to the zoo on Sunday.（他们星期天去了动物园。）
zoom	例句：He zoomed in on the picture to see the details.（他拉近镜头看照片的细节。）
zoom	例句：The car zoomed past us.（汽车从我们身边疾驰而过。）
zoom	例句：The prices have zoomed up recently.（价格最近急剧上涨。）
