abaisser	[abese]		降低；放下〈v.〉
abandon	[abɑ̃dɔ̃]		放弃；抛弃〈n.m.〉
abandonner	[abɑ̃done]		放弃；抛弃〈v.〉
abandonné	[abɑ̃done]		被抛弃的；荒废的〈adj.〉
abattoir	[abatwaʁ]		屠宰场〈n.m.〉
abattre	[abatʁ]		击倒；砍倒；宰杀〈v.〉
abattu	[abaty]		沮丧的；垂头丧气的〈adj.〉
abbaye	[abei]		修道院〈n.f.〉
abbé	[abe]		神父；修道院长〈n.m.〉
abdomen	[abdomɛn]		腹部〈n.m.〉
abdominal	[abdominal]		腹部的〈adj.〉
abeille	[abɛj]		蜜蜂〈n.f.〉
abject	[abʒɛkt]		卑劣的；可鄙的〈adj.〉
abolir	[aboliʁ]		废除〈v.〉
abominable	[abominabl]		可憎的；恶劣的〈adj.〉
abondance	[abɔ̃dɑ̃s]		丰富；大量〈n.f.〉
abonnement	[abɔnəmɑ̃]		订阅；定期票〈n.m.〉
abord	[abɔʁ]		接近；四周（习语）〈n.m.〉
aborder	[abɔʁde]		着手处理；接近〈v.〉
about	[abu]		端头；末端〈n.m.〉
aboutir	[abutiʁ]		通向；达成〈v.〉
aboyer	[abwaje]		吠叫〈v.〉
abri	[abʁi]		躲避处；庇护〈n.m.〉
abriter	[abʁite]		掩蔽；庇护〈v.〉
abruti	[abʁyti]		蠢货（粗俗）〈n.m.〉
abrutir	[abʁytiʁ]		使迟钝；使麻木〈v.〉
abréger	[abʁeʒe]		缩短；节略〈v.〉
absence	[apsɑ̃s]		缺席；缺乏〈n.f.〉
absent	[apsɑ̃]		缺席的；心不在焉的〈adj.〉
absenter	[apsɑ̃te]		缺席；离开〈v.〉
absolu	[apsoly]		绝对的〈adj.〉
absolument	[apsolymɑ̃]		绝对地；当然〈adv.〉
absorber	[apsɔʁbe]		吸收；承受〈v.〉
absoudre	[apsudʁ]		赦免；宽恕〈v.〉
abstenir	[apstəniʁ]		克制；戒除；弃权〈v.〉
absurde	[apsyʁd]		荒谬的；荒唐的〈adj.〉
absurdité	[apsyʁdite]		荒谬；荒唐事〈n.f.〉
abus	[aby]		滥用；虐待〈n.m.〉
abuser	[abyze]		滥用；欺骗〈v.〉
abîme	[abim]		深渊〈n.m.〉
abîmer	[abime]		损坏；弄伤〈v.〉
académie	[akademi]		学院；研究院〈n.f.〉
accabler	[akable]		压垮；使难以承受〈v.〉
accent	[aksɑ̃]		口音；重音〈n.m.〉
acceptable	[aksɛptabl]		可接受的〈adj.〉
accepter	[aksɛpte]		接受；同意〈v.〉
accessible	[aksesibl]		可进入的；易懂的；可接近的〈adj.〉
accessoire	[akseswaʁ]		附件；配饰；次要的〈n.m.〉
accident	[aksidɑ̃]		事故；意外〈n.m.〉
accidentel	[aksidɑ̃tɛl]		偶然的；意外的〈adj.〉
accidentellement	[aksidɑ̃tɛləmɑ̃]		意外地；偶然地〈adv.〉
acclamation	[aklamasjɔ̃]		欢呼；喝彩〈n.f.〉
accommoder	[akomode]		烹制；使适应〈v.〉
accompagner	[akɔ̃paɲe]		陪伴；陪同〈v.〉
accompli	[akɔ̃pli]		完成的；圆满的〈adj.〉
accomplir	[akɔ̃pliʁ]		完成；实现〈v.〉
accord	[akɔʁ]		同意；一致；协议〈n.m.〉
accorder	[akɔʁde]		给予；准许；调音〈v.〉
accordéon	[akɔʁdeɔ̃]		手风琴〈n.m.〉
accouchement	[akuʃəmɑ̃]		分娩；生产〈n.m.〉
accoucher	[akuʃe]		分娩；生产〈v.〉
accoupler	[akuple]		使交配；使成对〈v.〉
accourir	[akuʁiʁ]		跑来；赶来〈v.〉
accro	[akʁo]		上瘾的；着迷的〈adj.〉
accrochage	[akʁoʃaʒ]		碰撞（车辆）；口角〈n.m.〉
accrocher	[akʁoʃe]		挂；钩住〈v.〉
accroître	[akʁwatʁ]		增加；增长〈v.〉
accueil	[akœj]		接待；前台〈n.m.〉
accueillant	[akœjɑ̃]		热情接待的；好客的〈adj.〉
accueillir	[akœjiʁ]		迎接；接待〈v.〉
accumuler	[akymyle]		积累；堆积〈v.〉
accusation	[akyzasjɔ̃]		指控；控告〈n.f.〉
accuser	[akyze]		指控；指责〈v.〉
accusé	[akyze]		被告〈n.m.〉
accès	[aksɛ]		通道；权限〈n.m.〉
accéder	[aksede]		进入；获得〈v.〉
accélérateur	[akseleʁatœʁ]		加速器；油门〈n.m.〉
accélérer	[akseleʁe]		加速〈v.〉
acharner	[aʃaʁne]		猛攻；发狠〈v.〉
achat	[aʃa]		购买；采购〈n.m.〉
acheter	[aʃəte]		买；购买〈v.〉
acheteur	[aʃətœʁ]		买家；买主〈n.m.〉
achever	[aʃəve]		完成；结束〈v.〉
acide	[asid]		酸；酸的；尖刻的〈n.m.〉
acier	[asje]		钢〈n.m.〉
aciérie	[asjeʁi]		炼钢厂〈n.f.〉
acompte	[akɔ̃t]		定金；分期付款〈n.m.〉
acquisition	[akizisjɔ̃]		获得；购置〈n.f.〉
acquitter	[akite]		宣判无罪；清偿〈v.〉
acquérir	[akeʁiʁ]		获得；购得〈v.〉
acrobate	[akʁobat]		杂技演员〈n.〉
acte	[akt]		行为；（戏剧）幕〈n.m.〉
acteur	[aktœʁ]		演员〈n.m.〉
actif	[aktif]		积极的；活跃的〈adj.〉
action	[aksjɔ̃]		行动；行为〈n.f.〉
actionnaire	[aksjonɛʁ]		股东〈n.〉
activation	[aktivasjɔ̃]		激活；启动〈n.f.〉
activer	[aktive]		使加速；激活〈v.〉
activité	[aktivite]		活动〈n.f.〉
activé	[aktive]		已激活的；接通的〈adj.〉
actualité	[aktɥalite]		时事；新闻〈n.f.〉
actuel	[aktɥɛl]		目前的；当前的〈adj.〉
actuellement	[aktɥɛləmɑ̃]		目前；现今〈adv.〉
adaptation	[adaptasjɔ̃]		适应；改编〈n.f.〉
adapter	[adapte]		使适应；改编〈v.〉
addition	[adisjɔ̃]		账单；加法〈n.f.〉
adepte	[adɛpt]		信徒；追随者〈n.〉
adhérer	[adeʁe]		加入；粘附；赞同〈v.〉
adieu	[adjø]		告别；永别〈n.m.〉
adjoint	[adʒwɛ̃]		副手；助理〈n.m.〉
adjudant	[adʒydɑ̃]		军士（军衔）〈n.m.〉
admettre	[admɛtʁ]		承认；准许进入〈v.〉
administrateur	[administʁatœʁ]		管理员；行政人员〈n.m.〉
administratif	[administʁatif]		行政的〈adj.〉
administration	[administʁasjɔ̃]		行政；管理〈n.f.〉
administrer	[administʁe]		管理；投药〈v.〉
admirable	[admiʁabl]		令人赞叹的〈adj.〉
admirateur	[admiʁatœʁ]		崇拜者；爱慕者〈n.m.〉
admiration	[admiʁasjɔ̃]		钦佩；赞赏〈n.f.〉
admirer	[admiʁe]		欣赏；钦佩〈v.〉
admission	[admisjɔ̃]		录取；接纳〈n.f.〉
ado	[ado]		青少年（口语）〈n.〉
adolescence	[adolesɑ̃s]		青春期〈n.f.〉
adolescent	[adolesɑ̃]		青少年〈n.m.〉
adopter	[adɔpte]		采用；收养〈v.〉
adoptif	[adɔptif]		收养的〈adj.〉
adoption	[adɔpsjɔ̃]		收养；采用〈n.f.〉
adorable	[adoʁabl]		可爱的；讨人喜欢的〈adj.〉
adorer	[adoʁe]		热爱；酷爱〈v.〉
adoucir	[adusiʁ]		使柔和；缓和〈v.〉
adresse	[adʁɛs]		地址；住址〈n.f.〉
adresser	[adʁese]		寄给；向…提出〈v.〉
adrénaline	[adʁenalin]		肾上腺素〈n.f.〉
adulte	[adylt]		成年人；成年的〈n.〉
adultère	[adyltɛʁ]		通奸〈n.m.〉
advenir	[advəniʁ]		发生（书面）〈v.〉
adversaire	[advɛʁsɛʁ]		对手；敌手〈n.〉
adéquat	[adekwa]		适当的；足够的〈adj.〉
affaiblir	[afebliʁ]		削弱；使衰弱〈v.〉
affaire	[afɛʁ]		事情；事务；生意〈n.f.〉
affairer	[afɛʁe]		奔忙；操劳〈v.〉
affamer	[afame]		使挨饿〈v.〉
affamé	[afame]		饥饿的；挨饿的〈adj.〉
affectation	[afɛktasjɔ̃]		分配；做作〈n.f.〉
affecter	[afɛkte]		影响；分配；使悲痛〈v.〉
affection	[afɛksjɔ̃]		喜爱；感情〈n.f.〉
affectueux	[afɛktɥø]		深情的；亲切的〈adj.〉
affiche	[afiʃ]		海报；招贴〈n.f.〉
afficher	[afiʃe]		张贴；显示〈v.〉
affirmatif	[afiʁmatif]		肯定的〈adj.〉
affirmer	[afiʁme]		断言；坚称〈v.〉
affliger	[afliʒe]		使悲痛；使苦恼〈v.〉
affoler	[afole]		使惊慌失措〈v.〉
affreusement	[afʁøzəmɑ̃]		可怕地；非常〈adv.〉
affreux	[afʁø]		可怕的；讨厌的〈adj.〉
affront	[afʁɔ̃]		侮辱；冒犯〈n.m.〉
affrontement	[afʁɔ̃təmɑ̃]		冲突；对抗〈n.m.〉
affronter	[afʁɔ̃te]		面对；对抗〈v.〉
afin de	[afɛ̃də]		为了〈prép.〉
afin que	[afɛ̃k]		以便；为了（后接虚拟式）〈conj.〉
africain	[afʁikɛ̃]		非洲的；非洲人〈adj.〉
agacer	[agase]		惹恼；使烦躁〈v.〉
agence	[aʒɑ̃s]		事务所；中介机构〈n.f.〉
agenda	[aʒɛ̃da]		日程本；日程安排〈n.m.〉
agenouiller	[aʒənuje]		（使）跪下〈v.〉
agent	[aʒɑ̃]		代理人；特工；警探〈n.m.〉
aggraver	[agʁave]		加重；使恶化〈v.〉
agile	[aʒil]		敏捷的；灵活的〈adj.〉
agir	[aʒiʁ]		行动；行事〈v.〉
agitation	[aʒitasjɔ̃]		骚动；激动〈n.f.〉
agiter	[aʒite]		摇动；使不安〈v.〉
agité	[aʒite]		焦躁的；动荡的〈adj.〉
agneau	[aɲo]		羔羊；羊肉〈n.m.〉
agonie	[agoni]		垂死；极度痛苦〈n.f.〉
agrandir	[agʁɑ̃diʁ]		扩大；放大〈v.〉
agresser	[agʁese]		袭击；侵犯〈v.〉
agresseur	[agʁɛsœʁ]		侵犯者；攻击者〈n.m.〉
agressif	[agʁɛsif]		好斗的；挑衅的〈adj.〉
agression	[agʁɛsjɔ̃]		袭击；侵犯〈n.f.〉
agressivité	[agʁesivite]		攻击性；好斗〈n.f.〉
agricole	[agʁikɔl]		农业的〈adj.〉
agriculture	[agʁikyltyʁ]		农业〈n.f.〉
agripper	[agʁipe]		紧紧抓住〈v.〉
agréable	[agʁeabl]		令人愉快的；宜人的〈adj.〉
aide	[ɛd]		帮助；援助；助手〈n.〉
aider	[ede]		帮助〈v.〉
aigle	[ɛgl]		鹰；鹰徽〈n.〉
aigu	[egy]		尖的；尖锐的〈adj.〉
aiguille	[egɥij]		针；指针〈n.f.〉
aiguiser	[egize]		磨快；使敏锐〈v.〉
ail	[aj]		大蒜〈n.m.〉
aile	[ɛl]		翅膀；翼〈n.f.〉
ailleurs	[ajœʁ]		在别处〈adv.〉
aimable	[ɛmabl]		和蔼的；亲切的〈adj.〉
aimant	[ɛmɑ̃]		深情的；慈爱的〈adj.〉
aimer	[eme]		爱；喜欢〈v.〉
aimé	[eme]		心爱的；受爱戴的〈adj.〉
ainsi	[ɛ̃si]		这样；如此；因此〈adv.〉
air	[ɛʁ]		空气；样子；神态〈n.m.〉
aire	[ɛʁ]		场地；（高速路）服务区〈n.f.〉
aise	[ɛz]		自在；安逸〈n.f.〉
aisé	[eze]		富裕的；自在的〈adj.〉
aisément	[ezemɑ̃]		轻而易举地〈adv.〉
ajouter	[aʒute]		添加；补充〈v.〉
ajuster	[aʒyste]		调整；校准〈v.〉
alarme	[alaʁm]		警报；警报器〈n.f.〉
alarmer	[alaʁme]		使惊慌；报警〈v.〉
album	[albɔm]		专辑；相册〈n.m.〉
alchimiste	[alʃimist]		炼金术士〈n.〉
alcool	[alkɔl]		酒精；酒〈n.m.〉
alcoolique	[alkolik]		酗酒者；含酒精的〈n.〉
alentour	[alɑ̃tuʁ]		在周围；四周〈adv.〉
alerte	[alɛʁt]		警报〈n.f.〉
alerter	[alɛʁte]		报警；使警觉〈v.〉
algue	[alg]		海藻；藻类〈n.f.〉
alias	[aljas]		别名；又名〈adv.〉
alibi	[alibi]		不在场证明；托词〈n.m.〉
aligner	[aliɲe]		使排齐；对齐〈v.〉
aliment	[alimɑ̃]		食物；食品〈n.m.〉
alimentaire	[alimɑ̃tɛʁ]		食物的；饮食的〈adj.〉
alimentation	[alimɑ̃tasjɔ̃]		食品；饮食〈n.f.〉
alimenter	[alimɑ̃te]		供给；供养；提供〈v.〉
allemand	[aləmɑ̃]		德语；德国的；德国人〈n.m.〉
aller	[ale]		去；走〈v.〉
aller-retour	[aleʁətuʁ]		往返；来回票〈n.m.〉
allergie	[alɛʁʒi]		过敏；过敏症〈n.f.〉
allergique	[alɛʁʒik]		过敏的〈adj.〉
alliance	[aljɑ̃s]		联盟；结婚戒指〈n.f.〉
allier	[alje]		使结合；使联合〈v.〉
alligator	[aligatɔʁ]		短吻鳄〈n.m.〉
allié	[alje]		盟友；同盟国〈n.m.〉
allo	[alo]		喂（接电话）〈interj.〉
allocation	[alokasjɔ̃]		津贴；补助〈n.f.〉
allonger	[alɔ̃ʒe]		加长；伸长；躺下〈v.〉
allongé	[alɔ̃ʒe]		躺着的；拉长的〈adj.〉
allumer	[alyme]		点燃；打开（电）〈v.〉
allumette	[alymɛt]		火柴〈n.f.〉
allumé	[alyme]		点亮的；点燃的〈adj.〉
allure	[alyʁ]		步态；风采〈n.f.〉
allusion	[alyzjɔ̃]		暗指；影射〈n.f.〉
allée	[ale]		小路；过道〈n.f.〉
alléger	[aleʒe]		减轻；使变轻〈v.〉
alléluia	[aleluja]		哈利路亚〈interj.〉
allô	[alo]		喂（接电话用语）〈interj.〉
alors	[alɔʁ]		那么；那时〈adv.〉
alpha	[alfa]		希腊字母首字；开端〈n.m.〉
alphabet	[alfabɛ]		字母表〈n.m.〉
alternatif	[altɛʁnatif]		替代的；另类的〈adj.〉
alternative	[altɛʁnativ]		替代方案；选择〈n.f.〉
altesse	[altɛs]		殿下（尊称）〈n.f.〉
altitude	[altityd]		海拔；高度〈n.f.〉
altérer	[alteʁe]		改变；使变质；使口渴〈v.〉
aluminium	[alyminjɔm]		铝（金属）〈n.m.〉
amabilité	[amabilite]		和蔼；客气〈n.f.〉
amande	[amɑ̃d]		杏仁〈n.f.〉
amant	[amɑ̃]		情人；情夫〈n.m.〉
amasser	[amase]		积攒；堆积〈v.〉
amateur	[amatœʁ]		业余爱好者；业余的〈n.〉
ambassade	[ɑ̃basad]		大使馆〈n.f.〉
ambassadeur	[ɑ̃basadœʁ]		大使〈n.m.〉
ambiance	[ɑ̃bjɑ̃s]		气氛；氛围〈n.f.〉
ambigu	[ɑ̃bigy]		模棱两可的〈adj.〉
ambitieux	[ɑ̃bisjø]		有抱负的；野心勃勃的〈adj.〉
ambition	[ɑ̃bisjɔ̃]		抱负；野心〈n.f.〉
ambulance	[ɑ̃bylɑ̃s]		救护车〈n.f.〉
ambulant	[ɑ̃bylɑ̃]		流动的；巡回的〈adj.〉
amende	[amɑ̃d]		罚款〈n.f.〉
amendement	[amɑ̃dəmɑ̃]		（法案）修正案〈n.m.〉
amener	[aməne]		带来；领来；导致〈v.〉
amer	[amɛʁ]		苦的；辛酸的〈adj.〉
amertume	[amɛʁtym]		苦味；辛酸；怨恨〈n.f.〉
ami	[ami]		朋友〈n.m.〉
amical	[amikal]		友好的；友谊的〈adj.〉
amigo	[amigo]		朋友（西语借词，口语）〈n.m.〉
amiral	[amiʁal]		海军上将；舰队司令〈n.m.〉
amitié	[amitje]		友谊〈n.f.〉
amnistie	[amnisti]		大赦〈n.f.〉
amnésie	[amnezi]		失忆；遗忘症〈n.f.〉
amnésique	[amnezik]		失忆的〈adj.〉
amocher	[amoʃe]		打伤；揍坏（口语）〈v.〉
amorcer	[amɔʁse]		开始；引发；装饵〈v.〉
amour	[amuʁ]		爱；爱情〈n.m.〉
amour-propre	[amuʁpʁɔpʁ]		自尊心〈n.m.〉
amoureux	[amuʁø]		恋爱的；热恋的〈adj.〉
ampleur	[ɑ̃plœʁ]		规模；幅度〈n.f.〉
ampoule	[ɑ̃pul]		灯泡；水疱〈n.f.〉
amputer	[ɑ̃pyte]		截肢；削减〈v.〉
amulette	[amylɛt]		护身符〈n.f.〉
amusant	[amyzɑ̃]		好玩的；有趣的〈adj.〉
amusement	[amyzəmɑ̃]		娱乐；消遣〈n.m.〉
amuser	[amyze]		逗乐；使开心〈v.〉
amélioration	[ameljoʁasjɔ̃]		改善；改进〈n.f.〉
améliorer	[ameljoʁe]		改善；改进〈v.〉
américain	[ameʁikɛ̃]		美国的；美国人〈adj.〉
an	[ɑ̃]		年；岁〈n.m.〉
anal	[anal]		肛门的〈adj.〉
analyse	[analiz]		分析〈n.f.〉
analyser	[analize]		分析〈v.〉
analyste	[analist]		分析员〈n.〉
anarchie	[anaʁʃi]		无政府状态；混乱〈n.f.〉
anatomie	[anatomi]		解剖；构造〈n.f.〉
ancestral	[ɑ̃sɛstʁal]		祖传的；古老的〈adj.〉
ancien	[ɑ̃sjɛ̃]		古老的；从前的〈adj.〉
ancre	[ɑ̃kʁ]		锚〈n.f.〉
ancêtre	[ɑ̃sɛtʁ]		祖先〈n.〉
andouille	[ɑ̃duj]		猪肉肠；蠢货（口语）〈n.f.〉
anecdote	[anɛkdɔt]		轶事；趣闻〈n.f.〉
anesthésie	[anɛstezi]		麻醉〈n.f.〉
ange	[ɑ̃ʒ]		天使〈n.m.〉
anglais	[ɑ̃glɛ]		英语；英国人〈n.m.〉
angle	[ɑ̃gl]		角；角度〈n.m.〉
angoisse	[ɑ̃gwas]		焦虑；不安〈n.f.〉
angoisser	[ɑ̃gwase]		使焦虑；担忧〈v.〉
anguille	[ɑ̃gij]		鳗鱼〈n.f.〉
animal	[animal]		动物；野兽〈n.m.〉
animateur	[animatœʁ]		主持人；动画师〈n.m.〉
animer	[anime]		使活跃；主持〈v.〉
animé	[anime]		有生气的；热闹的；动画的〈adj.〉
anneau	[ano]		环；圈；环状物〈n.m.〉
anniversaire	[anivɛʁsɛʁ]		生日；周年纪念日〈n.m.〉
annonce	[anɔ̃s]		公告；广告〈n.f.〉
annoncer	[anɔ̃se]		宣布；告知〈v.〉
annuaire	[anɥɛʁ]		号码簿；年鉴〈n.m.〉
annuel	[anɥɛl]		每年的；年度的〈adj.〉
annulation	[anylasjɔ̃]		取消〈n.f.〉
annuler	[anyle]		取消〈v.〉
année	[ane]		年；年份〈n.f.〉
anomalie	[anomali]		异常；反常〈n.f.〉
anonyme	[anonim]		匿名的；无名的〈adj.〉
anormal	[anɔʁmal]		反常的；异常的〈adj.〉
antenne	[ɑ̃tɛn]		天线；（机构）分部〈n.f.〉
antibiotique	[ɑ̃tibjotik]		抗生素〈n.m.〉
anticiper	[ɑ̃tisipe]		预见；提前做〈v.〉
antidote	[ɑ̃tidɔt]		解毒剂〈n.m.〉
antiquaire	[ɑ̃tikɛʁ]		古董商〈n.〉
antique	[ɑ̃tik]		古代的；古老的〈adj.〉
antiquité	[ɑ̃tikite]		古代；古物〈n.f.〉
antre	[ɑ̃tʁ]		兽穴；巢穴〈n.m.〉
antécédent	[ɑ̃tesedɑ̃]		先例；病史；前科〈n.m.〉
antérieur	[ɑ̃teʁjœʁ]		先前的；前面的〈adj.〉
anxieux	[ɑ̃ksjø]		焦虑的；担忧的〈adj.〉
anxiété	[ɑ̃ksjete]		焦虑〈n.f.〉
anéantir	[aneɑ̃tiʁ]		歼灭；使崩溃〈v.〉
août	[ut]		八月〈n.m.〉
apaiser	[apeze]		平息；安抚〈v.〉
apercevoir	[apɛʁsəvwaʁ]		瞥见；察觉〈v.〉
apitoyer	[apitwaje]		激起怜悯；同情〈v.〉
apocalypse	[apokalips]		末日；天启〈n.f.〉
apparaître	[apaʁɛtʁ]		出现；显露〈v.〉
appareil	[apaʁɛj]		器械；设备；器具〈n.m.〉
apparemment	[apaʁamɑ̃]		看来；似乎〈adv.〉
apparence	[apaʁɑ̃s]		外表；外观〈n.f.〉
apparent	[apaʁɑ̃]		表面的；明显的〈adj.〉
apparition	[apaʁisjɔ̃]		出现；显形〈n.f.〉
appart	[apaʁt]		公寓（口语）〈n.m.〉
appartement	[apaʁtəmɑ̃]		公寓；套房〈n.m.〉
appartenir	[apaʁtəniʁ]		属于〈v.〉
appel	[apɛl]		呼唤；电话；呼吁〈n.m.〉
appeler	[apəle]		叫；称呼；打电话〈v.〉
applaudir	[aplodiʁ]		鼓掌〈v.〉
applaudissement	[aplodisəmɑ̃]		掌声〈n.m.〉
application	[aplikasjɔ̃]		应用；申请；勤奋〈n.f.〉
appliquer	[aplike]		应用；施加；涂抹〈v.〉
apporter	[apɔʁte]		带来；拿来〈v.〉
apprendre	[apʁɑ̃dʁ]		学习；得知〈v.〉
apprenti	[apʁɑ̃ti]		学徒〈n.m.〉
apprivoiser	[apʁivwaze]		驯养；使亲近〈v.〉
approbation	[apʁobasjɔ̃]		批准；赞许〈n.f.〉
approche	[apʁɔʃ]		接近；方法〈n.f.〉
approcher	[apʁoʃe]		靠近；接近〈v.〉
approprier	[apʁopʁije]		据为己有；使适合〈v.〉
approprié	[apʁopʁije]		恰当的；适宜的〈adj.〉
approuver	[apʁuve]		赞成；批准〈v.〉
approvisionnement	[apʁovizjɔnəmɑ̃]		供应；补给〈n.m.〉
apprécier	[apʁesje]		欣赏；珍视〈v.〉
appréhender	[apʁeɑ̃de]		担心；领会；拘捕〈v.〉
apprêter	[apʁete]		准备；使就绪；打扮〈v.〉
appui	[apɥi]		支撑；支持〈n.m.〉
appuyer	[apɥije]		按；压；靠〈v.〉
appât	[apa]		诱饵；诱惑物〈n.m.〉
appétit	[apeti]		食欲〈n.m.〉
après	[apʁɛ]		在……之后；后来〈prép.〉
après-demain	[apʁɛdəmɛ̃]		后天〈adv.〉
apte	[apt]		有能力的；胜任的〈adj.〉
aptitude	[aptityd]		能力；资质〈n.f.〉
apéritif	[apeʁitif]		开胃酒〈n.m.〉
apôtre	[apotʁ]		使徒；门徒〈n.m.〉
aquarium	[akwaʁjɔm]		水族馆；鱼缸〈n.m.〉
arabe	[aʁab]		阿拉伯的；阿拉伯人〈n.〉
araignée	[aʁɛɲe]		蜘蛛〈n.f.〉
arbitre	[aʁbitʁ]		裁判〈n.〉
arbre	[aʁbʁ]		树；树木〈n.m.〉
arc	[aʁk]		弓；拱；弧〈n.m.〉
arc-en-ciel	[aʁkɑ̃sjɛl]		彩虹〈n.m.〉
arche	[aʁʃ]		拱；拱顶〈n.f.〉
archer	[aʁʃe]		弓箭手〈n.m.〉
archevêque	[aʁʃəvɛk]		大主教〈n.m.〉
architecte	[aʁʃitɛkt]		建筑师〈n.〉
architecture	[aʁʃitɛktyʁ]		建筑学；建筑风格〈n.f.〉
archive	[aʁʃiv]		档案；档案室〈n.f.〉
archéologue	[aʁkeolɔg]		考古学家〈n.〉
ardent	[aʁdɑ̃]		炽热的；热烈的〈adj.〉
ardeur	[aʁdœʁ]		热情；激烈〈n.f.〉
ardoise	[aʁdwaz]		石板；赊账〈n.f.〉
argent	[aʁʒɑ̃]		钱；金钱〈n.m.〉
argenterie	[aʁʒɑ̃təʁi]		银器〈n.f.〉
argentin	[aʁʒɑ̃tɛ̃]		阿根廷的；银灰色的〈adj.〉
argile	[aʁʒil]		黏土〈n.f.〉
argument	[aʁgymɑ̃]		论据；论点；理由〈n.m.〉
aristocrate	[aʁistokʁat]		贵族〈n.〉
arme	[aʁm]		武器；兵器〈n.f.〉
armement	[aʁməmɑ̃]		军备；军火工业〈n.m.〉
armer	[aʁme]		武装；配备〈v.〉
armoire	[aʁmwaʁ]		衣柜；橱柜〈n.f.〉
armure	[aʁmyʁ]		盔甲〈n.f.〉
armé	[aʁme]		武装的〈adj.〉
armée	[aʁme]		军队；陆军〈n.f.〉
arnaque	[aʁnak]		骗局；诈骗〈n.f.〉
arnaquer	[aʁnake]		诈骗；坑骗〈v.〉
arracher	[aʁaʃe]		拔掉；撕下；夺走〈v.〉
arrangement	[aʁɑ̃ʒəmɑ̃]		安排；协议；整理〈n.m.〉
arranger	[aʁɑ̃ʒe]		安排；整理；解决〈v.〉
arrestation	[aʁɛstasjɔ̃]		逮捕〈n.f.〉
arriver	[aʁive]		到达；发生〈v.〉
arrivée	[aʁive]		到达〈n.f.〉
arrière	[aʁjɛʁ]		后面；后方〈n.m.〉
arrogance	[aʁogɑ̃s]		傲慢〈n.f.〉
arrogant	[aʁogɑ̃]		傲慢的；自大的〈adj.〉
arroser	[aʁoze]		浇水；洒〈v.〉
arrêt	[aʁɛ]		停止；停靠站；逮捕〈n.m.〉
arrêter	[aʁete]		停止；阻止〈v.〉
arrêté	[aʁete]		被捕的；被中止的〈adj.〉
arsenal	[aʁsønal]		兵工厂；军械库〈n.m.〉
art	[aʁ]		艺术〈n.m.〉
artichaut	[aʁtiʃo]		朝鲜蓟〈n.m.〉
article	[aʁtikl]		文章；物品；冠词〈n.m.〉
artifice	[aʁtifis]		巧计；诀窍〈n.m.〉
artificiel	[aʁtifisjɛl]		人造的；人工的〈adj.〉
artillerie	[aʁtijəʁi]		火炮；炮兵〈n.f.〉
artisan	[aʁtizɑ̃]		工匠；手艺人〈n.m.〉
artiste	[aʁtist]		艺术家；艺人〈n.〉
artistique	[aʁtistik]		艺术的；美术的〈adj.〉
artère	[aʁtɛʁ]		动脉；干道〈n.f.〉
arène	[aʁɛn]		竞技场；斗牛场〈n.f.〉
as	[as]		王牌；能手〈n.m.〉
ascenseur	[asɑ̃sœʁ]		电梯〈n.m.〉
ascension	[asɑ̃sjɔ̃]		攀登；上升〈n.f.〉
asiatique	[azjatik]		亚洲的；亚洲人〈adj.〉
asile	[azil]		庇护；收容所〈n.m.〉
aspect	[aspɛ]		方面；外观〈n.m.〉
asperger	[aspɛʁʒe]		喷洒；浇洒〈v.〉
aspirateur	[aspiʁatœʁ]		吸尘器〈n.m.〉
aspiration	[aspiʁasjɔ̃]		渴望；抽吸〈n.f.〉
aspirer	[aspiʁe]		吸入；渴望〈v.〉
aspirine	[aspiʁin]		阿司匹林〈n.f.〉
assaillir	[asajiʁ]		围攻；接连袭来〈v.〉
assassin	[asasɛ̃]		刺客；凶手〈n.m.〉
assassinat	[asasina]		暗杀；谋杀〈n.m.〉
assassiner	[asasine]		暗杀；谋杀〈v.〉
assassiné	[asasine]		被谋杀的〈adj.〉
assaut	[aso]		攻击；突击〈n.m.〉
assembler	[asɑ̃ble]		组装；集合〈v.〉
assemblée	[asɑ̃ble]		议会；大会〈n.f.〉
asseoir	[aswaʁ]		坐；使坐下〈v.〉
assez	[ase]		足够；相当〈adv.〉
assiette	[asjɛt]		盘子〈n.f.〉
assigner	[asiɲe]		指派；传唤〈v.〉
assis	[asi]		坐着的〈adj.〉
assise	[asiz]		基础；底座〈n.f.〉
assistance	[asistɑ̃s]		援助；帮助；观众〈n.f.〉
assistant	[asistɑ̃]		助理；助手〈n.m.〉
assister	[asiste]		参加；观看；协助〈v.〉
association	[asosjasjɔ̃]		协会；联结〈n.f.〉
associer	[asosje]		使联合；联想〈v.〉
associé	[asosje]		合伙人；同事〈n.m.〉
assoiffer	[aswafe]		使口渴；使渴求〈v.〉
assommer	[asome]		击昏；使腻烦〈v.〉
assoupir	[asupiʁ]		打盹；昏昏欲睡〈v.〉
assouvir	[asuviʁ]		满足（欲望）〈v.〉
assumer	[asyme]		承担；接受〈v.〉
assurance	[asyʁɑ̃s]		保险；保证；自信〈n.f.〉
assurer	[asyʁe]		保证；确保〈v.〉
assuré	[asyʁe]		自信的；已投保的〈adj.〉
assurément	[asyʁemɑ̃]		无疑；肯定〈adv.〉
assécher	[aseʃe]		使干涸；吸干〈v.〉
asthme	[asm]		哮喘〈n.m.〉
asticot	[astiko]		蛆虫〈n.m.〉
astiquer	[astike]		擦亮；擦洗〈v.〉
astre	[astʁ]		天体〈n.m.〉
astronaute	[astʁonot]		宇航员〈n.〉
astuce	[astys]		窍门；妙计〈n.f.〉
astucieux	[astysjø]		机敏的；巧妙的〈adj.〉
astéroïde	[asteʁoid]		小行星〈n.m.〉
atelier	[atəlje]		工作室；车间〈n.m.〉
athlète	[atlɛt]		运动员〈n.〉
atmosphère	[atmosfɛʁ]		大气；气氛〈n.f.〉
atome	[atom]		原子〈n.m.〉
atomique	[atomik]		原子的〈adj.〉
atout	[atu]		王牌；优势〈n.m.〉
atroce	[atʁɔs]		可怕的；残忍的〈adj.〉
atrocité	[atʁosite]		暴行〈n.f.〉
attache	[ataʃ]		挂钩；系带〈n.f.〉
attachement	[ataʃəmɑ̃]		依恋；眷恋〈n.m.〉
attacher	[ataʃe]		系上；绑；拴〈v.〉
attaché	[ataʃe]		依恋的；附属的〈adj.〉
attaque	[atak]		攻击；（疾病）发作〈n.f.〉
attaquer	[atake]		攻击；进攻〈v.〉
attarder	[ataʁde]		逗留；耽搁〈v.〉
atteindre	[atɛ̃dʁ]		达到；抵达；击中〈v.〉
atteint	[atɛ̃]		患病的；受损的〈adj.〉
atteler	[atəle]		套（役畜）〈v.〉
attendre	[atɑ̃dʁ]		等；等待〈v.〉
attendrir	[atɑ̃dʁiʁ]		使感动；使心软〈v.〉
attendu	[atɑ̃dy]		预期的；意料中的〈adj.〉
attentat	[atɑ̃ta]		袭击；行刺〈n.m.〉
attente	[atɑ̃t]		等待；期望〈n.f.〉
attentif	[atɑ̃tif]		专注的；体贴的〈adj.〉
attention	[atɑ̃sjɔ̃]		注意；小心〈interj.〉
attentionné	[atɑ̃sjone]		体贴的；亲切的〈adj.〉
attentivement	[atɑ̃tivəmɑ̃]		专心地；注意地〈adv.〉
atterrir	[ateʁiʁ]		着陆；降落〈v.〉
atterrissage	[ateʁisaʒ]		着陆；降落〈n.m.〉
attester	[atɛste]		证明；证实〈v.〉
attirance	[atiʁɑ̃s]		吸引力；好感〈n.f.〉
attirant	[atiʁɑ̃]		有吸引力的；迷人的〈adj.〉
attirer	[atiʁe]		吸引〈v.〉
attitude	[atityd]		态度；姿态〈n.f.〉
attraction	[atʁaksjɔ̃]		吸引力；游乐设施〈n.f.〉
attraper	[atʁape]		抓住；逮住〈v.〉
attribuer	[atʁibɥe]		授予；归于〈v.〉
attrister	[atʁiste]		使悲伤〈v.〉
atténuer	[atenɥe]		减轻；缓和〈v.〉
au	[o]		到；在（缩合冠词）〈art.〉
au-delà	[odəla]		超越；那边〈adv.〉
au-dessous	[odəsu]		在下面；低于〈adv.〉
au-dessus	[odəsy]		在上面；上方〈adv.〉
aube	[ob]		黎明；拂晓〈n.f.〉
auberge	[obɛʁʒ]		客栈；小旅馆〈n.f.〉
aucun	[okœ̃]		没有一个；毫无〈adj.〉
aucune	[okyn]		没有一个（阴性）；毫无〈adj.〉
audace	[odas]		大胆；胆识〈n.f.〉
audacieux	[odasjø]		大胆的；创新的〈adj.〉
audience	[odjɑ̃s]		听众；审讯；收视率〈n.f.〉
auditeur	[oditœʁ]		听众；审计员〈n.m.〉
audition	[odisjɔ̃]		听觉；试音；试镜〈n.f.〉
auditionner	[odisjone]		试镜；面试选拔〈v.〉
augmentation	[ogmɑ̃tasjɔ̃]		增加；加薪〈n.f.〉
augmenter	[ogmɑ̃te]		增加；提高〈v.〉
augure	[ogyʁ]		预兆〈n.m.〉
aujourd'hui	[oʒuʁdɥi]		今天〈adv.〉
aumône	[omon]		施舍；施舍物〈n.f.〉
auparavant	[opaʁavɑ̃]		以前；在此之前〈adv.〉
auprès	[opʁɛ]		在…近旁；向…〈prép.〉
auquel	[okɛl]		对那个；向那个〈pron.〉
aura	[oʁa]		气场；氛围〈n.f.〉
aurore	[oʁɔʁ]		黎明；曙光〈n.f.〉
aussi	[osi]		也；同样〈adv.〉
aussitôt	[osito]		立即；随即〈adv.〉
autant	[otɑ̃]		同样多；如此多〈adv.〉
autel	[otɛl]		祭坛〈n.m.〉
auteur	[otœʁ]		作者；作家〈n.m.〉
authentique	[otɑ̃tik]		真实的；正宗的〈adj.〉
auto	[oto]		汽车（口语）〈n.〉
autobus	[otobys]		公共汽车〈n.m.〉
autocar	[otokaʁ]		大客车；长途巴士〈n.m.〉
autocollant	[otokolɑ̃]		贴纸；不干胶标签〈n.m.〉
autodestruction	[otodɛstʁyksjɔ̃]		自我毁灭〈n.f.〉
autographe	[otogʁaf]		亲笔签名〈n.m.〉
automatique	[otomatik]		自动的〈adj.〉
automatiquement	[otomatikəmɑ̃]		自动地〈adv.〉
automne	[otɔn]		秋天〈n.m.〉
automobile	[otomobil]		汽车〈n.f.〉
autonome	[otonom]		自主的；独立的〈adj.〉
autonomie	[otonomi]		自治；自主〈n.f.〉
autopsie	[otɔpsi]		尸检〈n.f.〉
autorisation	[otoʁizasjɔ̃]		许可；授权〈n.f.〉
autoriser	[otoʁize]		允许；批准〈v.〉
autorisé	[otoʁize]		获准的；授权的〈adj.〉
autorité	[otoʁite]		权威；当局〈n.f.〉
autoroute	[otoʁut]		高速公路〈n.f.〉
autour	[otuʁ]		周围；四周〈adv.〉
autre	[otʁ]		别的；其他的〈adj.〉
autrefois	[otʁəfwa]		从前；往昔〈adv.〉
autrement	[otʁəmɑ̃]		否则；用别的方式〈adv.〉
autres	[otʁ]		其他人；其余的〈pron.〉
autrichien	[otʁiʃjɛ̃]		奥地利的；奥地利人〈n.m.〉
autruche	[otʁyʃ]		鸵鸟〈n.f.〉
autrui	[otʁɥi]		他人；别人〈pron.〉
aux	[o]		到；在（缩合冠词复数）〈art.〉
auxquels	[okɛl]		对那些（关系代词）〈pron.〉
aval	[aval]		下游；下段〈n.m.〉
avalanche	[avalɑ̃ʃ]		雪崩〈n.f.〉
avaler	[avale]		吞下；咽下〈v.〉
avance	[avɑ̃s]		前进；提前；领先〈n.f.〉
avancement	[avɑ̃səmɑ̃]		进展；晋升〈n.m.〉
avancer	[avɑ̃se]		前进；提前〈v.〉
avancé	[avɑ̃se]		先进的；高级的〈adj.〉
avancée	[avɑ̃se]		进展；进步〈n.f.〉
avant	[avɑ̃]		在……之前〈prép.〉
avant-hier	[avɑ̃tjɛʁ]		前天〈adv.〉
avant-poste	[avɑ̃pɔst]		前哨〈n.m.〉
avantage	[avɑ̃taʒ]		优势；好处〈n.m.〉
avare	[avaʁ]		吝啬的；守财奴〈adj.〉
avatar	[avataʁ]		变迁；波折；化身〈n.m.〉
avec	[avɛk]		和；同；带有〈prép.〉
avenir	[avəniʁ]		未来；前途〈n.m.〉
aventure	[avɑ̃tyʁ]		冒险；奇遇〈n.f.〉
aventurer	[avɑ̃tyʁe]		冒险；贸然前往〈v.〉
aventurier	[avɑ̃tyʁje]		冒险家〈n.m.〉
avenue	[avəny]		大街；大道〈n.f.〉
avertir	[avɛʁtiʁ]		警告；告知〈v.〉
avertissement	[avɛʁtisəmɑ̃]		警告；警示〈n.m.〉
aveu	[avø]		承认；供认〈n.m.〉
aveugle	[avœgl]		失明的；盲目的〈adj.〉
aveugler	[avœgle]		使失明；蒙蔽〈v.〉
aviateur	[avjatœʁ]		飞行员〈n.m.〉
aviation	[avjasjɔ̃]		航空；飞行〈n.f.〉
avide	[avid]		贪婪的；渴求的〈adj.〉
avion	[avjɔ̃]		飞机〈n.m.〉
avis	[avi]		意见；看法〈n.m.〉
aviser	[avize]		注意到；通知〈v.〉
avocat	[avoka]		律师；鳄梨〈n.m.〉
avoir	[avwaʁ]		有；拥有〈v.〉
avortement	[avɔʁtəmɑ̃]		堕胎；流产〈n.m.〉
avorter	[avɔʁte]		流产；堕胎；夭折〈v.〉
avouer	[avwe]		承认；坦白〈v.〉
avril	[avʁil]		四月〈n.m.〉
avérer	[aveʁe]		证实；证明是〈v.〉
axe	[aks]		轴；轴线〈n.m.〉
azur	[azyʁ]		蔚蓝；碧空〈n.m.〉
aérer	[aeʁe]		使通风；使透气〈v.〉
aérien	[aeʁjɛ̃]		空中的；航空的〈adj.〉
aérodrome	[aeʁodʁom]		小型机场〈n.m.〉
aéroport	[aeʁopɔʁ]		机场〈n.m.〉
aîné	[ene]		长子；年长的〈n.m.〉
aïe	[aj]		哎哟（呼痛）〈interj.〉
aïeul	[ajœl]		祖父；祖先〈n.m.〉
baby	[bejbi]		婴儿（口语）〈n.m.〉
baby-sitter	[babisitœʁ]		临时保姆〈n.f.〉
bac	[bak]		中学毕业会考；文凭〈n.m.〉
bacon	[bekon]		培根〈n.m.〉
bactérie	[bakteʁi]		细菌〈n.f.〉
badge	[badʒ]		徽章；工牌〈n.m.〉
baffe	[baf]		耳光；巴掌〈n.f.〉
bafouer	[bafwe]		嘲弄；公然蔑视〈v.〉
bafouiller	[bafuje]		说话结巴；口齿不清地说〈v.〉
bagage	[bagaʒ]		行李〈n.m.〉
bagarre	[bagaʁ]		打架；斗殴〈n.f.〉
bagarrer	[bagaʁe]		争斗；打架（口语）〈v.〉
bagnole	[baɲɔl]		破车；汽车（俚语）〈n.f.〉
bague	[bag]		戒指〈n.f.〉
baguette	[bagɛt]		棍子；法棍面包；筷子〈n.f.〉
bah	[ba]		哼；得了吧（语气词）〈interj.〉
baie	[bɛ]		海湾；浆果〈n.f.〉
baigner	[beɲe]		浸泡；给…洗澡〈v.〉
baignoire	[bɛɲwaʁ]		浴缸〈n.f.〉
bail	[baj]		租约；租期〈n.m.〉
bain	[bɛ̃]		洗澡；沐浴〈n.m.〉
baise	[bɛz]		性交（粗俗）〈n.f.〉
baiser	[beze]		吻；性交（粗俗）〈v.〉
baisse	[bɛs]		下降；跌价〈n.f.〉
baisser	[bese]		放下；降低；低头〈v.〉
bal	[bal]		舞会〈n.m.〉
balade	[balad]		漫步；兜风〈n.f.〉
balader	[balade]		闲逛；散步〈v.〉
balai	[balɛ]		扫帚〈n.m.〉
balance	[balɑ̃s]		秤；天平〈n.f.〉
balancer	[balɑ̃se]		摇摆；抛（口语）〈v.〉
balançoire	[balɑ̃swaʁ]		秋千〈n.f.〉
balayer	[baleje]		扫；扫视〈v.〉
balcon	[balkɔ̃]		阳台〈n.m.〉
baleine	[balɛn]		鲸鱼〈n.f.〉
balise	[baliz]		信标；标记〈n.f.〉
ballade	[balad]		叙事曲；抒情曲；漫步〈n.f.〉
balle	[bal]		球；子弹〈n.f.〉
ballet	[balɛ]		芭蕾舞〈n.m.〉
ballon	[balɔ̃]		球；气球〈n.m.〉
banal	[banal]		平庸的；陈腐的〈adj.〉
banane	[banan]		香蕉〈n.f.〉
banc	[bɑ̃]		长凳；长椅〈n.m.〉
bancaire	[bɑ̃kɛʁ]		银行的〈adj.〉
bandage	[bɑ̃daʒ]		绷带〈n.m.〉
bande	[bɑ̃d]		一伙；带子；条〈n.f.〉
bandeau	[bɑ̃do]		束发带；横幅〈n.m.〉
bander	[bɑ̃de]		捆扎；勃起（俚）〈v.〉
bandit	[bɑ̃di]		强盗；歹徒〈n.m.〉
banjo	[bɑ̃dʒo]		班卓琴〈n.m.〉
banlieue	[bɑ̃ljø]		郊区；市郊〈n.f.〉
bannir	[baniʁ]		驱逐；取缔〈v.〉
bannière	[banjɛʁ]		旗帜；横幅〈n.f.〉
banque	[bɑ̃k]		银行〈n.f.〉
banquet	[bɑ̃kɛ]		宴会；盛宴〈n.m.〉
banquette	[bɑ̃kɛt]		长凳；（汽车）后排座椅〈n.f.〉
banquier	[bɑ̃kje]		银行家〈n.m.〉
baptiser	[batize]		施洗；命名〈v.〉
baptême	[batɛm]		洗礼〈n.m.〉
bar	[baʁ]		酒吧〈n.m.〉
baraque	[baʁak]		房子（口语）；棚屋〈n.f.〉
baratin	[baʁatɛ̃]		花言巧语（口语）〈n.m.〉
barbare	[baʁbaʁ]		野蛮人；残暴的〈n.〉
barbe	[baʁb]		胡子〈n.〉
barbecue	[baʁbəkju]		烤架；烧烤〈n.m.〉
barbelé	[baʁbəle]		带刺铁丝网〈n.m.〉
barbier	[baʁbje]		理发师〈n.m.〉
baril	[baʁil]		桶〈n.m.〉
barman	[baʁman]		酒保；调酒师〈n.m.〉
baron	[baʁɔ̃]		男爵〈n.m.〉
barque	[baʁk]		小船〈n.f.〉
barrage	[baʁaʒ]		水坝；路障〈n.m.〉
barre	[baʁ]		杆；杠；条状物〈n.f.〉
barreau	[baʁo]		栏杆；律师界〈n.m.〉
barrer	[baʁe]		闩上；拦住〈v.〉
barricade	[baʁikad]		路障；街垒〈n.f.〉
barricader	[baʁikade]		设置路障；堵住〈v.〉
barrière	[baʁjɛʁ]		栅栏；障碍；屏障〈n.f.〉
barré	[baʁe]		划掉的；有横杠的〈adj.〉
bas	[ba]		低的；矮的〈adj.〉
basculer	[baskyle]		翻转；骤变〈v.〉
base	[baz]		基础；基地〈n.f.〉
base-ball	[bɛzbol]		棒球〈n.m.〉
baseball	[bezbol]		棒球〈n.m.〉
baser	[baze]		把…建在；基于〈v.〉
basket	[baskɛt]		篮球；球鞋〈n.〉
basque	[bask]		巴斯克的；巴斯克人〈adj.〉
basse	[bas]		低音；贝斯〈n.f.〉
bassin	[basɛ̃]		盆地；水池；骨盆〈n.m.〉
bataille	[bataj]		战斗；战役〈n.f.〉
bataillon	[batajɔ̃]		营；大队〈n.m.〉
bateau	[bato]		船；船只〈n.m.〉
batte	[bat]		球棒；棍棒〈n.f.〉
battement	[batəmɑ̃]		拍打；跳动〈n.m.〉
batterie	[batəʁi]		电池；架子鼓〈n.f.〉
batteur	[batœʁ]		打蛋器；搅拌器〈n.m.〉
battre	[batʁ]		打；打败；敲打〈v.〉
battu	[baty]		被打败的；被殴打的〈adj.〉
bavard	[bavaʁ]		话多的；爱闲聊的〈adj.〉
bavardage	[bavaʁdaʒ]		闲聊；饶舌〈n.m.〉
bavarder	[bavaʁde]		闲聊〈v.〉
bave	[bav]		口水；黏液〈n.f.〉
baver	[bave]		流口水；渗开〈v.〉
bazar	[bazaʁ]		杂货市场；混乱〈n.m.〉
baïonnette	[bajonɛt]		刺刀〈n.f.〉
beau	[bo]		漂亮的；美好的〈adj.〉
beau-frère	[bofʁɛʁ]		姐夫；妹夫；连襟〈n.m.〉
beau-père	[bopɛʁ]		岳父；继父〈n.m.〉
beaucoup	[boku]		很多；非常〈adv.〉
beauté	[bote]		美；美丽〈n.f.〉
beaux-arts	[bozaʁ]		美术；美术学院〈n.m.〉
bec	[bɛk]		喙；嘴〈n.m.〉
beignet	[bɛɲɛ]		炸面饼〈n.m.〉
belge	[bɛlʒ]		比利时的；比利时人〈adj.〉
belle-fille	[bɛlfij]		儿媳；继女〈n.f.〉
ben	[bɛ̃]		嗯；那个（语气词）〈n.m.〉
bercail	[bɛʁkaj]		归宿；老家〈n.m.〉
berceau	[bɛʁso]		摇篮；发源地〈n.m.〉
bercer	[bɛʁse]		轻摇；哄（入睡）〈v.〉
berge	[bɛʁʒ]		河岸；岸堤〈n.f.〉
berger	[bɛʁʒe]		牧羊人〈n.m.〉
berner	[bɛʁne]		欺骗；愚弄〈v.〉
besoin	[bəzwɛ̃]		需要；需求〈n.m.〉
bestiole	[bɛstjɔl]		小动物；小家伙〈n.f.〉
beurk	[bœʁk]		呸（嫌恶声）〈interj.〉
beurre	[bœʁ]		黄油〈n.m.〉
biberon	[bibəʁɔ̃]		奶瓶〈n.m.〉
bible	[bibl]		圣经〈n.f.〉
bibliothèque	[biblijotɛk]		图书馆〈n.f.〉
bibliothécaire	[biblijotekɛʁ]		图书管理员〈n.〉
biblique	[biblik]		圣经的〈adj.〉
biche	[biʃ]		母鹿〈n.f.〉
bicyclette	[bisiklɛt]		自行车〈n.f.〉
bide	[bid]		肚子（口语）〈n.m.〉
bidon	[bidɔ̃]		罐；桶；假的（口语）〈n.m.〉
bien	[bjɛ̃]		好；很；相当〈adv.〉
bien-aimé	[bjɛ̃neme]		心爱的人〈n.m.〉
bien-être	[bjɛ̃nɛtʁ]		安乐；身心健康〈n.m.〉
bienfait	[bjɛ̃fɛ]		好处；功效〈n.m.〉
bienfaiteur	[bjɛ̃fɛtœʁ]		恩人；捐助人〈n.m.〉
bienheureux	[bjɛ̃nøʁø]		极幸福的；受祝福的〈adj.〉
bientôt	[bjɛ̃to]		不久；很快〈adv.〉
bienveillance	[bjɛ̃vɛjɑ̃s]		善意；仁慈〈n.f.〉
bienvenu	[bjɛ̃vəny]		欢迎；受欢迎的〈n.m.〉
bienvenue	[bjɛ̃vəny]		欢迎〈n.f.〉
bijou	[biʒu]		珠宝；首饰〈n.m.〉
bijouterie	[biʒutəʁi]		珠宝店；珠宝业〈n.f.〉
bikini	[bikini]		比基尼泳装〈n.m.〉
bilan	[bilɑ̃]		总结；评估；结算〈n.m.〉
bile	[bil]		胆汁〈n.f.〉
billard	[bijaʁ]		台球；台球桌〈n.m.〉
bille	[bij]		弹珠；小球〈n.f.〉
billet	[bijɛ]		票；钞票〈n.m.〉
bingo	[biŋo]		宾果游戏〈n.m.〉
binoclard	[binoklaʁ]		戴眼镜的（俚语）〈adj.〉
bio	[bjo]		有机的；生态的〈adj.〉
biographie	[bjogʁafi]		传记〈n.f.〉
biologie	[bjoloʒi]		生物学〈n.f.〉
biologique	[bjoloʒik]		生物的；有机的〈adj.〉
bip	[bip]		哔声；提示音〈n.m.〉
biper	[bipe]		发出哔哔声〈v.〉
biscuit	[biskɥi]		饼干〈n.m.〉
bise	[biz]		亲吻；贴面礼〈n.f.〉
bison	[bizɔ̃]		野牛〈n.m.〉
bisou	[bizu]		亲亲（口语）〈n.m.〉
bistrot	[bistʁo]		小酒馆〈n.m.〉
bizarre	[bizaʁ]		奇怪的；怪异的〈adj.〉
bizarrement	[bizaʁəmɑ̃]		奇怪地〈adv.〉
bizut	[bizy]		新生（俚语）〈n.m.〉
bière	[bjɛʁ]		啤酒〈n.f.〉
black	[blak]		黑人（口语借词）〈n.m.〉
blague	[blag]		玩笑；笑话〈n.f.〉
blaguer	[blage]		开玩笑（口语）〈v.〉
blaireau	[blɛʁo]		獾；剃须刷；蠢货（口语）〈n.m.〉
blanc	[blɑ̃]		白色的〈adj.〉
blanchir	[blɑ̃ʃiʁ]		漂白；洗白〈v.〉
blasphème	[blasfɛm]		亵渎；渎神〈n.m.〉
blasphémer	[blasfeme]		亵渎〈v.〉
bled	[blɛd]		小村镇；穷乡僻壤（口语）〈n.m.〉
blesser	[blese]		使受伤〈v.〉
blessure	[blesyʁ]		伤口〈n.f.〉
blessé	[blese]		伤员；受伤的〈n.m.〉
bleu	[blø]		蓝色的〈adj.〉
blindé	[blɛ̃de]		装甲的；塞满的（口语）〈adj.〉
bloc	[blɔk]		块；街区；集团〈n.m.〉
blond	[blɔ̃]		金发的；金发的人〈n.m.〉
bloquer	[bloke]		堵住；封锁〈v.〉
bloqué	[bloke]		被卡的；封锁的；冻结的〈adj.〉
blouse	[bluz]		罩衫；工作服〈n.f.〉
blouson	[bluzɔ̃]		夹克；短外套〈n.m.〉
blues	[bluz]		布鲁斯；忧郁〈n.m.〉
bluff	[blœf]		虚张声势；唬人〈n.m.〉
bluffer	[blœfe]		虚张声势；唬人〈v.〉
blâmer	[blame]		责备；指责〈v.〉
blé	[ble]		小麦〈n.m.〉
bobine	[bobin]		线轴；卷筒〈n.f.〉
bocal	[bokal]		广口瓶；罐子〈n.m.〉
boeuf	[bœf]		牛肉；牛〈n.m.〉
bof	[bɔf]		一般般；不怎么样（口语）〈interj.〉
bohème	[boɛm]		放浪不羁的生活〈n.〉
bohémien	[boemjɛ̃]		波希米亚人；流浪的〈n.m.〉
boire	[bwaʁ]		喝；饮〈v.〉
bois	[bwa]		木头；树林〈n.m.〉
boisson	[bwasɔ̃]		饮料〈n.f.〉
boiter	[bwate]		跛行；瘸〈v.〉
boiteux	[bwatø]		瘸的；跛的〈adj.〉
bol	[bɔl]		碗；一碗〈n.m.〉
bolchevik	[bɔlʃəvik]		布尔什维克；布尔什维克的〈n.〉
bombardement	[bɔ̃baʁdəmɑ̃]		轰炸〈n.m.〉
bombarder	[bɔ̃baʁde]		轰炸〈v.〉
bombardier	[bɔ̃baʁdje]		轰炸机〈n.m.〉
bombe	[bɔ̃b]		炸弹〈n.f.〉
bon	[bɔ̃]		好的；不错的〈adj.〉
bonbon	[bɔ̃bɔ̃]		糖果〈n.m.〉
bond	[bɔ̃]		跳跃；一跃〈n.m.〉
bondir	[bɔ̃diʁ]		跳起；跃起〈v.〉
bonheur	[bonœʁ]		幸福；快乐〈n.m.〉
bonhomme	[bonɔm]		家伙；小人儿〈n.m.〉
bonjour	[bɔ̃ʒuʁ]		你好；日安〈n.m.〉
bonne	[bɔn]		女仆（旧）〈n.f.〉
bonnet	[bonɛ]		毛线帽；便帽〈n.m.〉
bonsoir	[bɔ̃swaʁ]		晚上好〈n.m.〉
bonté	[bɔ̃te]		善良；仁慈〈n.f.〉
bonus	[bonys]		奖金；红利；额外赠送〈n.m.〉
boom	[bum]		激增；繁荣〈n.m.〉
boomer	[bumœʁ]		婴儿潮一代（戏称）〈n.m.〉
boomerang	[buməʁɑ̃g]		回旋镖；回力镖〈n.m.〉
bord	[bɔʁ]		边缘；旁边〈n.m.〉
bordel	[bɔʁdɛl]		脏乱；混乱（粗俗）〈n.m.〉
border	[bɔʁde]		给…镶边；掖好被子〈v.〉
borne	[bɔʁn]		界石；里程碑〈n.f.〉
borner	[bɔʁne]		限定；使局限于〈v.〉
borné	[bɔʁne]		狭隘的；目光短浅的〈adj.〉
boss	[bɔs]		老板（口语）〈n.m.〉
bosse	[bɔs]		肿块；隆起〈n.〉
bosser	[bose]		干活；工作（口语）〈v.〉
bossu	[bosy]		驼背的人〈n.m.〉
botte	[bɔt]		靴子（常用复数）；一捆〈n.f.〉
botter	[bote]		给…穿靴；合…心意〈v.〉
bottine	[botin]		短靴〈n.f.〉
bouc	[buk]		公山羊〈n.m.〉
bouche	[buʃ]		嘴；口〈n.f.〉
boucher	[buʃe]		堵住；塞住〈v.〉
boucherie	[buʃəʁi]		肉店〈n.f.〉
bouchon	[buʃɔ̃]		瓶塞；堵塞物〈n.m.〉
bouché	[buʃe]		堵塞的〈adj.〉
bouchée	[buʃe]		一口（的食物）〈n.f.〉
boucle	[bukl]		环；圈；卷发〈n.f.〉
boucler	[bukle]		扣紧；锁上〈v.〉
bouclier	[buklije]		盾；防护物〈n.m.〉
bouclé	[bukle]		卷曲的；卷发的〈adj.〉
bouder	[bude]		生闷气；赌气〈v.〉
boudin	[budɛ̃]		血肠〈n.m.〉
boue	[bu]		泥；泥浆〈n.f.〉
bouffe	[buf]		吃的东西（俚）〈n.f.〉
bouffer	[bufe]		吃（口语）〈v.〉
bouffon	[bufɔ̃]		小丑；弄臣〈n.m.〉
bouffée	[bufe]		一股；一阵〈n.f.〉
bouger	[buʒe]		动；移动；挪动〈v.〉
bougie	[buʒi]		蜡烛〈n.f.〉
bougre	[bugʁ]		家伙（旧式口语）〈n.m.〉
bouillant	[bujɑ̃]		沸腾的；滚烫的〈adj.〉
bouillie	[buji]		糊状物；粥〈n.f.〉
bouillir	[bujiʁ]		沸腾；煮开〈v.〉
bouillon	[bujɔ̃]		汤；高汤〈n.m.〉
boulanger	[bulɑ̃ʒe]		面包师〈n.m.〉
boulangerie	[bulɑ̃ʒəʁi]		面包店〈n.f.〉
boule	[bul]		圆球；球状物〈n.f.〉
boulet	[bulɛ]		炮弹；累赘〈n.m.〉
boulette	[bulɛt]		肉丸；失误（口语）〈n.f.〉
boulevard	[buləvaʁ]		大街；林荫大道〈n.m.〉
bouleverser	[buləvɛʁse]		使震惊；使心乱〈v.〉
bouleversé	[buləvɛʁse]		震惊的；心烦意乱的〈adj.〉
boulon	[bulɔ̃]		螺栓；螺钉〈n.m.〉
boulot	[bulo]		工作；活儿（口语）〈n.m.〉
boum	[bum]		砰；（口）派对〈n.m.〉
bouquet	[bukɛ]		花束〈n.m.〉
bouquin	[bukɛ̃]		书（口语）〈n.m.〉
bourdonner	[buʁdone]		嗡嗡作响〈v.〉
bourgeois	[buʁʒwa]		资产阶级的；市侩的〈adj.〉
bourgeoisie	[buʁʒwazi]		资产阶级；中产阶层〈n.f.〉
bourreau	[buʁo]		刽子手〈n.m.〉
bourrer	[buʁe]		塞满；填塞〈v.〉
bourré	[buʁe]		喝醉的；塞满的〈adj.〉
bourse	[buʁs]		奖学金；交易所〈n.f.〉
bousculer	[buskyle]		推搡；打乱〈v.〉
bousiller	[buzije]		弄坏；糟蹋（口语）〈v.〉
boussole	[busɔl]		指南针〈n.f.〉
bout	[bu]		末端；尽头；一端〈n.m.〉
bouteille	[butɛj]		瓶子〈n.f.〉
boutique	[butik]		小店；商店〈n.f.〉
bouton	[butɔ̃]		按钮；疙瘩；花蕾〈n.m.〉
boutonner	[butone]		扣纽扣〈v.〉
boxe	[bɔks]		拳击〈n.f.〉
boxer	[bɔkse]		拳击〈v.〉
boxeur	[bɔksœʁ]		拳击手〈n.m.〉
boy-scout	[bɔjskut]		童子军〈n.m.〉
boyau	[bwajo]		肠子；窄巷〈n.m.〉
boîte	[bwat]		盒子；箱子〈n.f.〉
bracelet	[bʁasəlɛ]		手镯；表带〈n.m.〉
braguette	[bʁagɛt]		裤门襟〈n.f.〉
brailler	[bʁaje]		大喊大叫（口语）〈v.〉
branche	[bʁɑ̃ʃ]		树枝；分支〈n.f.〉
brancher	[bʁɑ̃ʃe]		接上电源；连接〈v.〉
branché	[bʁɑ̃ʃe]		时髦的；新潮的〈adj.〉
brandir	[bʁɑ̃diʁ]		挥舞；举起〈v.〉
brandy	[bʁɑ̃di]		白兰地〈n.m.〉
branler	[bʁɑ̃le]		摇晃；摆动〈v.〉
braquage	[bʁakaʒ]		持械抢劫〈n.m.〉
braquer	[bʁake]		瞄准；用枪对准〈v.〉
braqueur	[bʁakœʁ]		持枪抢劫者〈n.m.〉
bras	[bʁa]		手臂；胳膊〈n.m.〉
brave	[bʁav]		勇敢的；正直的〈adj.〉
braver	[bʁave]		不畏；顶着（危险）〈v.〉
bravo	[bʁavo]		好哇；真棒（喝彩声）〈interj.〉
bravoure	[bʁavuʁ]		英勇；勇敢〈n.f.〉
break	[bʁɛk]		间歇；旅行车〈n.m.〉
brebis	[bʁəbi]		母羊〈n.f.〉
bref	[bʁɛf]		简言之；简短的〈adv.〉
bretelle	[bʁətɛl]		背带；匝道〈n.f.〉
brevet	[bʁøvɛ]		专利；文凭〈n.m.〉
bricoler	[bʁikole]		做零活；摆弄修理〈v.〉
bridge	[bʁidʒ]		桥牌〈n.m.〉
briefing	[bʁifiŋ]		简报会；情况介绍〈n.m.〉
brigade	[bʁigad]		旅；（警察）分队〈n.f.〉
brigand	[bʁigɑ̃]		强盗；土匪〈n.m.〉
brillant	[bʁijɑ̃]		闪亮的；辉煌的〈adj.〉
briller	[bʁije]		发光；闪耀〈v.〉
brin	[bʁɛ̃]		小枝；一点儿〈n.m.〉
brioche	[bʁijɔʃ]		奶油圆面包〈n.f.〉
brique	[bʁik]		砖；砖块〈n.f.〉
briquet	[bʁikɛ]		打火机〈n.m.〉
brise	[bʁiz]		微风〈n.f.〉
briser	[bʁize]		打碎；打破；击碎〈v.〉
brisé	[bʁize]		破碎的；粉碎的〈adj.〉
britannique	[bʁitanik]		英国的；英国人〈adj.〉
broche	[bʁɔʃ]		饰针；烤肉扦〈n.f.〉
brochette	[bʁoʃɛt]		肉串；一串〈n.f.〉
brochure	[bʁoʃyʁ]		小册子〈n.f.〉
broder	[bʁode]		绣花；刺绣〈v.〉
bronze	[bʁɔ̃z]		青铜；铜像〈n.m.〉
bronzer	[bʁɔ̃ze]		晒黑；晒太阳〈v.〉
bronzé	[bʁɔ̃ze]		晒黑的〈adj.〉
brosse	[bʁɔs]		刷子〈n.f.〉
brosser	[bʁose]		刷；刷净〈v.〉
brouhaha	[bʁuaa]		嘈杂声；喧哗声〈n.m.〉
brouillard	[bʁujaʁ]		雾〈n.m.〉
brouiller	[bʁuje]		弄乱；使关系不和〈v.〉
brouillé	[bʁuje]		闹翻的；模糊的〈adj.〉
broyer	[bʁwaje]		碾碎；磨碎〈v.〉
bruit	[bʁɥi]		声音；噪声〈n.m.〉
brume	[bʁym]		薄雾；雾霭〈n.f.〉
brun	[bʁœ̃]		棕色的〈adj.〉
brune	[bʁyn]		黑发女子；深褐色的〈n.f.〉
brusque	[bʁysk]		突然的；生硬的〈adj.〉
brusquement	[bʁyskəmɑ̃]		突然地；唐突地〈adv.〉
brut	[bʁyt]		未加工的；粗制的〈adj.〉
brutal	[bʁytal]		粗暴的；野蛮的〈adj.〉
brutalement	[bʁytaləmɑ̃]		粗暴地；猛然〈adv.〉
brutalité	[bʁytalite]		残暴；粗暴〈n.f.〉
brute	[bʁyt]		蛮横的人；恶汉〈n.f.〉
bruyant	[bʁɥijɑ̃]		吵闹的；喧哗的〈adj.〉
brèche	[bʁɛʃ]		缺口；突破口〈n.f.〉
brésilien	[bʁeziljɛ̃]		巴西的；巴西人〈n.m.〉
brûlant	[bʁylɑ̃]		烫的；灼热的〈adj.〉
brûler	[bʁyle]		烧；燃烧〈v.〉
brûlure	[bʁylyʁ]		烧伤；灼伤〈n.f.〉
brûlé	[bʁyle]		烧焦的〈adj.〉
budget	[bydʒɛ]		预算〈n.m.〉
buffet	[byfɛ]		餐边柜；自助餐〈n.m.〉
buisson	[bɥisɔ̃]		灌木丛〈n.m.〉
bulldozer	[byldozɛʁ]		推土机〈n.m.〉
bulle	[byl]		泡；气泡〈n.f.〉
bulletin	[bylətɛ̃]		公报；简报；通知单〈n.m.〉
bunker	[bunkɛʁ]		地堡；掩体〈n.m.〉
bureau	[byʁo]		办公室；书桌〈n.m.〉
burger	[bœʁgœʁ]		汉堡包〈n.m.〉
bus	[bys]		公共汽车〈n.m.〉
business	[biznɛs]		生意；商务（借词）〈n.m.〉
buste	[byst]		半身像；躯干〈n.m.〉
but	[byt]		目标；进球〈n.m.〉
buter	[byte]		绊住；受阻（口语）〈v.〉
butin	[bytɛ̃]		战利品；赃物〈n.m.〉
buveur	[byvœʁ]		饮酒者〈n.m.〉
bye	[baj]		再见（口语）〈interj.〉
bye-bye	[bajbaj]		再见（儿语）〈interj.〉
bâche	[baʃ]		防水布；车罩〈n.f.〉
bâillonner	[bajone]		堵嘴；钳制言论〈v.〉
bâtard	[bataʁ]		杂种；私生子〈n.m.〉
bâtiment	[batimɑ̃]		建筑；大楼〈n.m.〉
bâtir	[batiʁ]		建造〈v.〉
bâton	[batɔ̃]		棍；棒〈n.m.〉
bébé	[bebe]		婴儿；宝宝〈n.m.〉
bégayer	[begeje]		口吃；结巴着说〈v.〉
béguin	[begɛ̃]		迷恋；爱慕〈n.m.〉
bénir	[beniʁ]		祝福；保佑〈v.〉
bénit	[beni]		神圣的；祝圣的〈adj.〉
bénédiction	[benediksjɔ̃]		祝福；恩赐〈n.f.〉
bénéfice	[benefis]		利润；好处〈n.m.〉
bénéficier	[benefisje]		受益；享有〈v.〉
béquille	[bekij]		拐杖〈n.f.〉
bétail	[betaj]		牲畜（总称）〈n.m.〉
béton	[betɔ̃]		混凝土〈n.m.〉
bête	[bɛt]		牲畜；野兽；蠢货〈n.f.〉
bêtement	[bɛtəmɑ̃]		愚蠢地；呆呆地〈adv.〉
bêtise	[betiz]		蠢事；蠢话〈n.f.〉
bûche	[byʃ]		木柴；劈柴〈n.f.〉
bûcher	[byʃe]		柴堆；火刑堆〈n.m.〉
bûcheron	[byʃəʁɔ̃]		伐木工〈n.m.〉
cabane	[kaban]		小屋；棚屋〈n.f.〉
cabaret	[kabaʁɛ]		卡巴莱；夜总会〈n.m.〉
cabine	[kabin]		舱；小间〈n.f.〉
cabinet	[kabinɛ]		事务所；诊室；内阁〈n.m.〉
caca	[kaka]		便便（儿语）〈adj.〉
cacahuète	[kakawɛt]		花生〈n.f.〉
cache	[kaʃ]		藏匿处〈n.〉
cache-cache	[kaʃkaʃ]		捉迷藏〈n.m.〉
cacher	[kaʃe]		藏；隐藏；隐瞒〈v.〉
cachet	[kaʃɛ]		图章；药片〈n.m.〉
cachette	[kaʃɛt]		藏身处；密藏处〈n.f.〉
cachot	[kaʃo]		地牢；禁闭室〈n.m.〉
caché	[kaʃe]		藏起来的；暗中的〈adj.〉
cactus	[kaktys]		仙人掌〈n.m.〉
cadavre	[kadavʁ]		尸体〈n.m.〉
cadeau	[kado]		礼物；礼品〈n.m.〉
cadenas	[kadəna]		挂锁〈n.m.〉
cadence	[kadɑ̃s]		节奏；步调〈n.f.〉
cadet	[kadɛ]		幼子；较年幼的〈n.m.〉
cadre	[kadʁ]		框架；主管〈n.m.〉
cafard	[kafaʁ]		蟑螂；忧郁（口语）〈n.m.〉
cafetière	[kafətjɛʁ]		咖啡壶；咖啡机〈n.f.〉
café	[kafe]		咖啡；咖啡馆〈n.m.〉
cafétéria	[kafeteʁja]		自助餐厅〈n.f.〉
cage	[kaʒ]		笼子〈n.f.〉
cagoule	[kagul]		蒙面头套；风帽〈n.f.〉
cahier	[kaje]		本子；练习本〈n.m.〉
caille	[kaj]		鹌鹑〈n.f.〉
caillot	[kajo]		血块〈n.m.〉
caillou	[kaju]		石子；小石头〈n.m.〉
caisse	[kɛs]		箱子；收银台〈n.f.〉
caissier	[kesje]		收银员；出纳〈n.m.〉
cake	[kɛk]		果料蛋糕〈n.m.〉
cal	[kal]		老茧〈n.m.〉
calamité	[kalamite]		灾祸；灾难〈n.f.〉
calcul	[kalkyl]		计算；算计〈n.m.〉
calculer	[kalkyle]		计算〈v.〉
cale	[kal]		垫块；货舱〈n.f.〉
calendrier	[kalɑ̃dʁije]		日历；日程表〈n.m.〉
caler	[kale]		垫稳；卡住；搁浅〈v.〉
caleçon	[kalsɔ̃]		内裤；衬裤〈n.m.〉
calibre	[kalibʁ]		口径；水准〈n.m.〉
calife	[kalif]		哈里发〈n.m.〉
calmant	[kalmɑ̃]		镇静剂；止痛剂〈n.m.〉
calme	[kalm]		平静；镇静〈n.m.〉
calmement	[kalməmɑ̃]		平静地；沉着地〈adv.〉
calmer	[kalme]		使平静；平息〈v.〉
calomnie	[kalɔmni]		诽谤；中伤〈n.f.〉
calvaire	[kalvɛʁ]		苦难；折磨〈n.m.〉
camarade	[kamaʁad]		同伴；同学；战友〈n.〉
cambriolage	[kɑ̃bʁijolaʒ]		入室盗窃〈n.m.〉
cambrioler	[kɑ̃bʁijole]		入室盗窃；抢劫〈v.〉
cambrioleur	[kɑ̃bʁijolœʁ]		窃贼〈n.m.〉
came	[kam]		毒品（俚语）〈n.f.〉
camelote	[kaməlɔt]		劣质货；破烂货〈n.f.〉
camion	[kamjɔ̃]		卡车〈n.m.〉
camionnette	[kamjonɛt]		小货车；面包车〈n.f.〉
camionneur	[kamjonœʁ]		卡车司机〈n.m.〉
camouflage	[kamuflaʒ]		伪装〈n.m.〉
camoufler	[kamufle]		伪装；掩饰〈v.〉
camp	[kɑ̃]		营地；阵营〈n.m.〉
campagne	[kɑ̃paɲ]		乡下；农村；运动（宣传）〈n.f.〉
campement	[kɑ̃pəmɑ̃]		营地；露营地〈n.m.〉
camper	[kɑ̃pe]		露营〈v.〉
camping	[kɑ̃piŋ]		露营；露营地〈n.m.〉
campus	[kɑ̃pys]		校园〈n.m.〉
camé	[kame]		吸毒成瘾者（俚语）〈n.m.〉
caméléon	[kameleɔ̃]		变色龙〈n.m.〉
caméra	[kameʁa]		摄影机；摄像机〈n.f.〉
canadien	[kanadjɛ̃]		加拿大的；加拿大人〈adj.〉
canaille	[kanaj]		无赖；流氓〈n.f.〉
canal	[kanal]		运河；频道〈n.m.〉
canapé	[kanape]		沙发〈n.m.〉
canard	[kanaʁ]		鸭子〈n.m.〉
canari	[kanaʁi]		金丝雀〈n.m.〉
cancer	[kɑ̃sɛʁ]		癌；癌症〈n.m.〉
candidat	[kɑ̃dida]		候选人；考生〈n.m.〉
candidature	[kɑ̃didatyʁ]		候选资格；申请〈n.f.〉
caniche	[kaniʃ]		卷毛狗〈n.m.〉
caniveau	[kanivo]		街沟；排水沟〈n.m.〉
canne	[kan]		手杖；拐杖〈n.f.〉
cannibale	[kanibal]		食人者；食人的〈n.〉
canon	[kanɔ̃]		大炮〈n.m.〉
canot	[kano]		小船；小艇〈n.m.〉
cantine	[kɑ̃tin]		食堂；饭盒〈n.f.〉
canyon	[kanjɔn]		峡谷〈n.m.〉
caoutchouc	[kautʃu]		橡胶〈n.m.〉
cap	[kap]		航向；目标；海角〈n.m.〉
capable	[kapabl]		有能力的；能干的〈adj.〉
capacité	[kapasite]		能力；容量〈n.f.〉
cape	[kap]		斗篷；披风〈n.f.〉
capitaine	[kapitɛn]		上尉；队长；船长〈n.m.〉
capital	[kapital]		至关重要的；资本的〈adj.〉
capitale	[kapital]		首都〈n.f.〉
capitalisme	[kapitalizm]		资本主义〈n.m.〉
capituler	[kapityle]		投降〈v.〉
caporal	[kapoʁal]		下士（军衔）〈n.m.〉
capot	[kapo]		发动机罩；车盖〈n.m.〉
capote	[kapɔt]		雨衣；安全套〈n.f.〉
caprice	[kapʁis]		任性；突发奇想〈n.m.〉
capricieux	[kapʁisjø]		任性的；反复无常的〈adj.〉
capsule	[kapsyl]		瓶盖；胶囊〈n.f.〉
capter	[kapte]		接收；捕捉〈v.〉
capteur	[kaptœʁ]		传感器〈n.m.〉
captivité	[kaptivite]		囚禁；被俘〈n.f.〉
capture	[kaptyʁ]		捕获；抓获〈n.f.〉
capturer	[kaptyʁe]		捕获；捉住〈v.〉
car	[kaʁ]		因为；由于〈conj.〉
carabine	[kaʁabin]		步枪；卡宾枪〈n.f.〉
caractère	[kaʁaktɛʁ]		性格；特性〈n.m.〉
caractéristique	[kaʁakteʁistik]		特征；特性〈n.f.〉
caramel	[kaʁamɛl]		焦糖〈n.m.〉
caravane	[kaʁavan]		房车；车队〈n.f.〉
carbone	[kaʁbɔn]		碳〈n.m.〉
carburant	[kaʁbyʁɑ̃]		燃料；燃油〈n.m.〉
carcasse	[kaʁkas]		骨架；残骸〈n.f.〉
cardiaque	[kaʁdjak]		心脏的；心脏病患者〈adj.〉
cardinal	[kaʁdinal]		红衣主教〈n.m.〉
caresse	[kaʁɛs]		抚摸；爱抚〈n.f.〉
caresser	[kaʁese]		抚摸〈v.〉
cargaison	[kaʁgɛzɔ̃]		货物；载货〈n.f.〉
cargo	[kaʁgo]		货船；货机〈n.m.〉
carnage	[kaʁnaʒ]		屠杀；残杀〈n.m.〉
carnaval	[kaʁnaval]		狂欢节〈n.m.〉
carnet	[kaʁnɛ]		记事本；册子〈n.m.〉
carotte	[kaʁɔt]		胡萝卜〈n.f.〉
carpe	[kaʁp]		鲤鱼〈n.〉
carreau	[kaʁo]		瓷砖；窗玻璃〈n.m.〉
carrefour	[kaʁəfuʁ]		十字路口〈n.m.〉
carrière	[kaʁjɛʁ]		职业；生涯〈n.〉
carré	[kaʁe]		正方形的；方形的〈adj.〉
carrément	[kaʁemɑ̃]		干脆；完全；直截了当（口语）〈adv.〉
carte	[kaʁt]		卡片；地图；菜单〈n.f.〉
carton	[kaʁtɔ̃]		纸板；纸箱〈n.m.〉
cartouche	[kaʁtuʃ]		弹匣；墨盒〈n.〉
cas	[ka]		情况；案例；场合〈n.m.〉
cascade	[kaskad]		瀑布；特技动作〈n.f.〉
cascadeur	[kaskadœʁ]		特技演员〈n.m.〉
case	[kaz]		格子；方格〈n.f.〉
caser	[kaze]		安顿；安置（口语）〈v.〉
caserne	[kazɛʁn]		兵营；营房〈n.f.〉
cash	[kaʃ]		现金（口语）〈adv.〉
casier	[kazje]		储物柜；格架〈n.m.〉
casino	[kazino]		赌场〈n.m.〉
casque	[kask]		头盔；耳机〈n.m.〉
casquette	[kaskɛt]		鸭舌帽；便帽〈n.f.〉
casse	[kas]		破损；报废车场〈n.〉
casser	[kase]		打碎；折断；弄坏〈v.〉
casserole	[kasəʁɔl]		有柄平底锅〈n.f.〉
cassette	[kasɛt]		盒式磁带〈n.f.〉
cassé	[kase]		破了的；断了的〈adj.〉
casting	[kastiŋ]		选角；演员挑选〈n.m.〉
castor	[kastɔʁ]		河狸；海狸〈n.m.〉
catalogue	[katalɔg]		目录；目录册〈n.m.〉
catastrophe	[katastʁɔf]		灾难〈n.f.〉
catastrophique	[katastʁofik]		灾难性的；极糟的〈adj.〉
catch	[katʃ]		（职业）摔角〈n.m.〉
catholique	[katolik]		天主教的；天主教徒〈adj.〉
cathédrale	[katedʁal]		大教堂〈n.f.〉
catégorie	[kategoʁi]		类别；范畴；种类〈n.f.〉
cauchemar	[koʃəmaʁ]		噩梦〈n.m.〉
cause	[koz]		原因；理由〈n.f.〉
causer	[koze]		引起；导致；闲聊〈v.〉
caution	[kosjɔ̃]		押金；担保〈n.f.〉
cavale	[kaval]		母马；逃亡〈n.f.〉
cavaler	[kavale]		骑马；飞奔（口语）〈v.〉
cavalerie	[kavaləʁi]		骑兵〈n.f.〉
cavalier	[kavalje]		骑手；骑士〈n.m.〉
cave	[kav]		地窖；酒窖〈n.f.〉
caveau	[kavo]		地窖；墓穴〈n.m.〉
caverne	[kavɛʁn]		洞穴；大山洞〈n.f.〉
caviar	[kavjaʁ]		鱼子酱〈n.m.〉
ce	[sø]		这；这个〈pron.〉
ceci	[səsi]		这个；这件事〈pron.〉
ceinture	[sɛ̃tyʁ]		腰带；安全带〈n.f.〉
cela	[səla]		那；那个〈pron.〉
celle	[sɛl]		那个（阴性）〈pron.〉
celle-ci	[sɛlsi]		这个（阴性）〈pron.〉
celle-là	[sɛlla]		那个（阴性）〈pron.〉
celles	[sɛl]		那些（阴性复数）〈pron.〉
celles-ci	[sɛlsi]		这些（阴性复数）〈pron.〉
celles-là	[sɛlla]		那些（阴性）〈pron.〉
cellulaire	[selylɛʁ]		细胞的〈adj.〉
cellule	[selyl]		细胞；小房间〈n.f.〉
celui	[səlɥi]		那个（人/物）〈pron.〉
celui-ci	[səlɥisi]		这个；此人〈pron.〉
celui-là	[səlɥila]		那个；那位〈pron.〉
cendre	[sɑ̃dʁ]		灰烬〈n.f.〉
cendrier	[sɑ̃dʁije]		烟灰缸〈n.m.〉
censure	[sɑ̃syʁ]		审查；查禁〈n.f.〉
censurer	[sɑ̃syʁe]		审查；查禁〈v.〉
censé	[sɑ̃se]		理应；据称〈adj.〉
cent	[sɑ̃]		一百〈adj.〉
centaine	[sɑ̃tɛn]		约一百；百来个〈n.f.〉
centime	[sɑ̃tim]		分（货币单位）〈n.m.〉
centimètre	[sɑ̃timɛtʁ]		厘米〈n.m.〉
central	[sɑ̃tʁal]		中心的；中央的〈adj.〉
centrale	[sɑ̃tʁal]		发电站；总站〈n.f.〉
centre	[sɑ̃tʁ]		中心；中央〈n.m.〉
centre-ville	[sɑ̃tʁəvil]		市中心〈n.m.〉
cependant	[səpɑ̃dɑ̃]		然而；不过〈adv.〉
cercle	[sɛʁkl]		圆；圈子〈n.m.〉
cercueil	[sɛʁkœj]		棺材〈n.m.〉
cerf	[sɛʁ]		鹿〈n.m.〉
cerise	[səʁiz]		樱桃〈n.f.〉
cerner	[sɛʁne]		包围；看清〈v.〉
certain	[sɛʁtɛ̃]		确定的；某个〈adj.〉
certainement	[sɛʁtɛnəmɑ̃]		肯定；必定〈adv.〉
certains	[sɛʁtɛ̃]		某些；有些人〈adj.〉
certes	[sɛʁt]		当然；确实（书面）〈adv.〉
certificat	[sɛʁtifika]		证书；证明〈n.m.〉
certifier	[sɛʁtifje]		证明；认证〈v.〉
certitude	[sɛʁtityd]		确信；确定性〈n.f.〉
cerveau	[sɛʁvo]		大脑；头脑〈n.m.〉
cervelle	[sɛʁvɛl]		脑髓；脑子〈n.f.〉
ces	[se]		这些；那些〈adj.〉
cesse	[sɛs]		停止〈n.f.〉
cesser	[sese]		停止；中止〈v.〉
cet	[sɛt]		这个（元音前）〈adj.〉
cette	[sɛt]		这个（阴性）〈adj.〉
ceux	[sø]		那些（人/物）〈pron.〉
ceux-ci	[søsi]		这些（近指）〈pron.〉
ceux-là	[søla]		那些〈pron.〉
chacal	[ʃakal]		豺；奸诈之徒〈n.m.〉
chacun	[ʃakœ̃]		每个人；各自〈pron.〉
chagrin	[ʃagʁɛ̃]		忧伤；悲伤〈n.m.〉
chair	[ʃɛʁ]		肉；肉体〈n.f.〉
chaise	[ʃɛz]		椅子〈n.f.〉
chalet	[ʃalɛ]		山间木屋〈n.m.〉
chaleur	[ʃalœʁ]		热；炎热〈n.f.〉
chaleureux	[ʃaløʁø]		热情的；温暖的〈adj.〉
chamailler	[ʃamaje]		斗嘴；争吵（代动词）〈v.〉
chambouler	[ʃɑ̃bule]		打乱；搅乱（口语）〈v.〉
chambre	[ʃɑ̃bʁ]		房间；卧室〈n.f.〉
chameau	[ʃamo]		骆驼〈n.m.〉
champ	[ʃɑ̃]		田地；领域〈n.m.〉
champagne	[ʃɑ̃paɲ]		香槟酒〈n.m.〉
champignon	[ʃɑ̃piɲɔ̃]		蘑菇〈n.m.〉
champion	[ʃɑ̃pjɔ̃]		冠军〈n.m.〉
championnat	[ʃɑ̃pjona]		锦标赛；联赛〈n.m.〉
chance	[ʃɑ̃s]		运气；机会〈n.〉
chancelier	[ʃɑ̃sølje]		总理；大臣〈n.m.〉
chanceux	[ʃɑ̃sø]		幸运的〈adj.〉
chandelle	[ʃɑ̃dɛl]		蜡烛〈n.f.〉
change	[ʃɑ̃ʒ]		兑换；汇兑〈n.m.〉
changement	[ʃɑ̃ʒəmɑ̃]		变化；改变〈n.m.〉
changer	[ʃɑ̃ʒe]		改变；更换〈v.〉
changé	[ʃɑ̃ʒe]		变样的；不同以往的〈adj.〉
chanson	[ʃɑ̃sɔ̃]		歌曲；歌〈n.f.〉
chant	[ʃɑ̃]		歌唱；歌声〈n.m.〉
chantage	[ʃɑ̃taʒ]		敲诈；要挟〈n.m.〉
chanter	[ʃɑ̃te]		唱；唱歌〈v.〉
chanteur	[ʃɑ̃tœʁ]		歌手〈n.m.〉
chantier	[ʃɑ̃tje]		工地〈n.m.〉
chantonner	[ʃɑ̃tone]		哼歌；轻声唱〈v.〉
chaos	[kao]		混乱；混沌〈n.m.〉
chapeau	[ʃapo]		帽子〈n.m.〉
chapelle	[ʃapɛl]		小教堂〈n.f.〉
chaperon	[ʃapəʁɔ̃]		陪护人；监护妇〈n.m.〉
chapitre	[ʃapitʁ]		章；章节〈n.m.〉
chaque	[ʃak]		每个；每一〈adj.〉
char	[ʃaʁ]		坦克〈n.m.〉
charabia	[ʃaʁabja]		莫名其妙的话；呓语〈n.m.〉
charbon	[ʃaʁbɔ̃]		煤；炭〈n.m.〉
charge	[ʃaʁʒ]		负荷；费用；指控〈n.f.〉
chargement	[ʃaʁʒəmɑ̃]		装载；货物〈n.m.〉
charger	[ʃaʁʒe]		装载；充电〈v.〉
chargeur	[ʃaʁʒœʁ]		充电器；弹匣〈n.m.〉
chargé	[ʃaʁʒe]		满载的；负责的〈adj.〉
chariot	[ʃaʁjo]		手推车；购物车〈n.m.〉
charitable	[ʃaʁitabl]		仁慈的；慈善的〈adj.〉
charité	[ʃaʁite]		慈善；施舍〈n.f.〉
charlatan	[ʃaʁlatɑ̃]		江湖骗子〈n.m.〉
charmant	[ʃaʁmɑ̃]		迷人的；可爱的〈adj.〉
charme	[ʃaʁm]		魅力；魔力〈n.m.〉
charmer	[ʃaʁme]		使着迷；诱惑〈v.〉
charnel	[ʃaʁnɛl]		肉体的；世俗的〈adj.〉
charogne	[ʃaʁɔɲ]		腐尸；恶棍〈n.f.〉
charpentier	[ʃaʁpɑ̃tje]		木匠〈n.m.〉
charrette	[ʃaʁɛt]		手推车；板车〈n.f.〉
charrier	[ʃaʁje]		冲带；冲走；调侃〈v.〉
chasse	[ʃas]		打猎；狩猎〈n.f.〉
chasser	[ʃase]		打猎；驱赶〈v.〉
chasseur	[ʃasœʁ]		猎人〈n.m.〉
chaste	[ʃast]		贞洁的；纯洁的〈adj.〉
chat	[ʃa]		猫；猫咪〈n.m.〉
chaton	[ʃatɔ̃]		小猫〈n.m.〉
chatouiller	[ʃatuje]		挠痒；胳肢〈v.〉
chaud	[ʃo]		热的；烫的〈adj.〉
chaudière	[ʃodjɛʁ]		锅炉；热水器〈n.f.〉
chauffage	[ʃofaʒ]		暖气；供暖〈n.m.〉
chauffer	[ʃofe]		加热；取暖〈v.〉
chauffeur	[ʃofœʁ]		司机〈n.m.〉
chaussette	[ʃosɛt]		袜子〈n.f.〉
chausson	[ʃosɔ̃]		软底鞋；拖鞋〈n.m.〉
chaussure	[ʃosyʁ]		鞋；鞋子〈n.f.〉
chauve	[ʃov]		秃头的〈adj.〉
chauve-souris	[ʃovsuʁi]		蝙蝠〈n.f.〉
chavirer	[ʃaviʁe]		（船）倾覆；倾心〈v.〉
chaîne	[ʃɛn]		链条；频道〈n.f.〉
cheeseburger	[tʃizbœʁgœʁ]		芝士汉堡〈n.m.〉
chef	[ʃɛf]		首领；上司；主厨〈n.〉
chef-d'oeuvre	[ʃɛdœvʁ]		杰作；代表作〈n.m.〉
chemin	[ʃəmɛ̃]		路；小路；路程〈n.m.〉
cheminée	[ʃəmine]		烟囱；壁炉〈n.f.〉
chemise	[ʃəmiz]		衬衫〈n.f.〉
chemisier	[ʃəmizje]		女式衬衫〈n.m.〉
chenille	[ʃənij]		毛虫；履带〈n.f.〉
cher	[ʃɛʁ]		贵的；昂贵的；亲爱的〈adj.〉
chercher	[ʃɛʁʃe]		找；寻找〈v.〉
chercheur	[ʃɛʁʃœʁ]		研究员；科研人员〈n.m.〉
cheval	[ʃəval]		马；马匹〈n.m.〉
chevalier	[ʃəvalje]		骑士〈n.m.〉
chevaucher	[ʃəvoʃe]		骑跨；部分重叠〈v.〉
chevet	[ʃəvɛ]		床头〈n.m.〉
cheveu	[ʃəvø]		头发〈n.m.〉
cheville	[ʃəvij]		脚踝；销钉〈n.f.〉
chez	[ʃe]		在……家；在……那里〈prép.〉
chialer	[ʃjale]		哭鼻子（口语）〈v.〉
chiant	[ʃjɑ̃]		烦人的（俚语）〈adj.〉
chic	[ʃik]		时髦的；雅致的〈adj.〉
chiche	[ʃiʃ]		吝啬的；勉强的〈adj.〉
chien	[ʃjɛ̃]		狗；犬〈n.m.〉
chier	[ʃje]		拉屎（粗俗）〈v.〉
chieur	[ʃjœʁ]		讨厌鬼（俚语）〈n.m.〉
chiffon	[ʃifɔ̃]		抹布；碎布〈n.m.〉
chiffre	[ʃifʁ]		数字；数额〈n.m.〉
chimie	[ʃimi]		化学〈n.f.〉
chimique	[ʃimik]		化学的〈adj.〉
chimpanzé	[ʃɛ̃pɑ̃ze]		黑猩猩〈n.m.〉
chimère	[ʃimɛʁ]		幻想；空想〈n.f.〉
chinois	[ʃinwa]		中文；中国人〈n.m.〉
chiot	[ʃjo]		幼犬；小狗〈n.m.〉
chiotte	[ʃjɔt]		厕所（俚语）〈n.f.〉
chip	[ʃip]		薯片；芯片〈n.〉
chiper	[ʃipe]		偷拿（口语）〈v.〉
chips	[ʃips]		薯片〈n.〉
chirurgical	[ʃiʁyʁʒikal]		外科的；手术的〈adj.〉
chirurgie	[ʃiʁyʁʒi]		外科；外科手术〈n.f.〉
chirurgien	[ʃiʁyʁʒjɛ̃]		外科医生〈n.m.〉
choc	[ʃɔk]		撞击；震惊〈n.m.〉
chocolat	[ʃokola]		巧克力〈n.m.〉
choeur	[kœʁ]		合唱团；唱诗班〈n.m.〉
choisir	[ʃwaziʁ]		选择；挑选〈v.〉
choix	[ʃwa]		选择〈n.m.〉
choléra	[koleʁa]		霍乱〈n.m.〉
choper	[ʃope]		抓住；逮住（口语）〈v.〉
choquant	[ʃokɑ̃]		令人震惊的；无礼的〈adj.〉
choquer	[ʃoke]		冒犯；使震惊〈v.〉
choqué	[ʃoke]		震惊的；被冒犯的〈adj.〉
chorale	[koʁal]		合唱团〈n.f.〉
chose	[ʃoz]		事情；东西〈n.f.〉
chou	[ʃu]		卷心菜；宝贝（爱称）〈n.m.〉
chouchou	[ʃuʃu]		宠儿；心头好（口语）〈n.m.〉
chouette	[ʃwɛt]		漂亮的；好极了（口语）〈adj.〉
chourer	[ʃuʁe]		偷（俚语）〈v.〉
christianisme	[kʁistjanizm]		基督教〈n.m.〉
chronique	[kʁonik]		（报纸）专栏；编年史〈n.f.〉
chrono	[kʁono]		秒表；计时（口语）〈n.m.〉
chrétien	[kʁetjɛ̃]		基督徒的；基督徒〈adj.〉
chuchoter	[ʃyʃote]		低语；耳语〈v.〉
chut	[ʃyt]		嘘（叫安静）〈interj.〉
chute	[ʃyt]		跌落；衰落〈n.f.〉
chuter	[ʃyte]		骤降；跌落〈v.〉
châle	[ʃal]		披肩；围巾〈n.m.〉
château	[ʃato]		城堡〈n.m.〉
châtiment	[ʃatimɑ̃]		惩罚〈n.m.〉
chèque	[ʃɛk]		支票〈n.m.〉
chèvre	[ʃɛvʁ]		山羊〈n.f.〉
chéri	[ʃeʁi]		亲爱的；爱人〈n.〉
chérir	[ʃeʁiʁ]		珍爱；钟爱〈v.〉
chêne	[ʃɛn]		橡树；橡木〈n.m.〉
chômage	[ʃomaʒ]		失业〈n.m.〉
chômeur	[ʃomœʁ]		失业者〈n.m.〉
ci	[si]		此；这里（用于复合词）〈adv.〉
ciao	[tʃao]		再见（口语）〈interj.〉
cible	[sibl]		靶子；目标〈n.f.〉
cicatrice	[sikatʁis]		伤疤〈n.f.〉
cicatriser	[sikatʁize]		愈合；结疤〈v.〉
ciel	[sjɛl]		天空〈n.m.〉
cigale	[sigal]		蝉；知了〈n.f.〉
cigare	[sigaʁ]		雪茄〈n.m.〉
cigarette	[sigaʁɛt]		香烟〈n.f.〉
cigogne	[sigɔɲ]		鹳〈n.f.〉
cil	[sil]		睫毛〈n.m.〉
ciment	[simɑ̃]		水泥〈n.m.〉
cimetière	[simətjɛʁ]		墓地；公墓〈n.m.〉
cingler	[sɛ̃gle]		鞭打；痛击〈v.〉
cinglé	[sɛ̃gle]		疯子；疯狂的（口语）〈n.m.〉
cinq	[sɛ̃k]		五；五个〈adj.〉
cinquante	[sɛ̃kɑ̃t]		五十〈adj.〉
cinquième	[sɛ̃kjɛm]		第五的〈adj.〉
ciné	[sine]		电影院；电影（口语）〈n.m.〉
cinéaste	[sineast]		电影导演；电影人〈n.〉
cinéma	[sinema]		电影院；电影〈n.m.〉
cirage	[siʁaʒ]		鞋油；上光〈n.m.〉
circonstance	[siʁkɔ̃stɑ̃s]		情况；情形〈n.f.〉
circuit	[siʁkɥi]		电路；线路；巡回〈n.m.〉
circulation	[siʁkylasjɔ̃]		交通；流通〈n.f.〉
circuler	[siʁkyle]		通行；流通；传播〈v.〉
cire	[siʁ]		蜡；蜡质〈n.f.〉
cirer	[siʁe]		上蜡；擦亮〈v.〉
cirque	[siʁk]		马戏团〈n.m.〉
ciseau	[sizo]		凿子；剪刀（复数）〈n.m.〉
citation	[sitasjɔ̃]		引文；引用〈n.f.〉
citer	[site]		引用；列举〈v.〉
citerne	[sitɛʁn]		水槽；储水罐〈n.f.〉
citoyen	[sitwajɛ̃]		公民；市民〈n.m.〉
citron	[sitʁɔ̃]		柠檬〈n.m.〉
cité	[site]		城区；城市〈n.f.〉
civil	[sivil]		公民的；平民的；民事的〈adj.〉
civilisation	[sivilizasjɔ̃]		文明〈n.f.〉
civiliser	[sivilize]		使开化；教化〈v.〉
civilisé	[sivilize]		文明的；有教养的〈adj.〉
civique	[sivik]		公民的；市民的〈adj.〉
clair	[klɛʁ]		明亮的；浅色的；清楚的〈adj.〉
clairement	[klɛʁəmɑ̃]		清楚地〈adv.〉
clairon	[klɛʁɔ̃]		军号；号角〈n.m.〉
clamer	[klame]		高声宣告；声言〈v.〉
clan	[klɑ̃]		帮派；小集团〈n.m.〉
clandestin	[klɑ̃dɛstɛ̃]		秘密的；非法的〈adj.〉
claque	[klak]		一巴掌；耳光〈n.〉
claquer	[klake]		拍；砰地响；挥霍〈v.〉
clarifier	[klaʁifje]		澄清；使明晰〈v.〉
clarinette	[klaʁinɛt]		单簧管〈n.f.〉
clarté	[klaʁte]		明亮；清晰〈n.f.〉
classe	[klas]		班级；课〈n.f.〉
classement	[klasəmɑ̃]		排名；分类〈n.m.〉
classer	[klase]		分类；排序〈v.〉
classique	[klasik]		古典的；经典的〈adj.〉
classé	[klase]		分级的；受保护的〈adj.〉
clause	[kloz]		条款〈n.f.〉
cliché	[kliʃe]		陈词滥调；老套〈n.m.〉
client	[klijɑ̃]		顾客；客户〈n.m.〉
clientèle	[klijɑ̃tɛl]		顾客；客户群〈n.f.〉
cligner	[kliɲe]		眨眼；闪烁〈v.〉
climat	[klima]		气候；气氛〈n.m.〉
clin	[klɛ̃]		眼色；眨眼示意〈n.m.〉
clinique	[klinik]		诊所；临床的〈n.f.〉
clip	[klip]		音乐短片；别针〈n.m.〉
clique	[klik]		小圈子；帮派〈n.f.〉
clochard	[kloʃaʁ]		流浪汉〈n.m.〉
cloche	[klɔʃ]		钟；铃〈n.f.〉
clocher	[kloʃe]		跛行；不对劲（口语）〈v.〉
clochette	[kloʃɛt]		小铃铛〈n.f.〉
clodo	[klodo]		流浪汉（口语）〈n.m.〉
cloison	[klwazɔ̃]		隔板；隔墙〈n.f.〉
clone	[klon]		克隆；复制品〈n.m.〉
clope	[klɔp]		香烟（俚语）〈n.〉
clore	[klɔʁ]		结束；了结〈v.〉
clos	[klo]		封闭的；围起的〈adj.〉
clou	[klu]		钉子〈n.m.〉
clouer	[klue]		钉住；使呆住〈v.〉
club	[klœb]		俱乐部〈n.m.〉
clé	[kle]		钥匙；关键〈n.f.〉
clémence	[klemɑ̃s]		仁慈；宽厚〈n.f.〉
clément	[klemɑ̃]		仁慈的；（天气）温和的〈adj.〉
clôture	[klotyʁ]		围栏；栅栏；结束〈n.f.〉
coach	[kotʃ]		教练；辅导老师〈n.m.〉
cobaye	[kobaj]		实验动物；试验品〈n.m.〉
cobra	[kobʁa]		眼镜蛇〈n.m.〉
coca	[koka]		可乐；古柯〈n.〉
cocaïne	[kokain]		可卡因〈n.f.〉
cochon	[koʃɔ̃]		猪；肮脏的人（骂）〈n.m.〉
cochonnerie	[koʃɔnəʁi]		脏乱；破烂货（口语）〈n.f.〉
cocktail	[kɔktɛl]		鸡尾酒；混合物〈n.m.〉
coco	[koko]		椰子（口语）〈n.〉
cocotte	[kokɔt]		母鸡（儿语）；炖锅〈n.f.〉
cocu	[koky]		戴绿帽子的人〈n.m.〉
code	[kɔd]		密码；代码；法规〈n.m.〉
coder	[kode]		编码；编程序〈v.〉
codé	[kode]		编码的；暗号的〈adj.〉
coeur	[kœʁ]		心；心脏〈n.m.〉
coffre	[kɔfʁ]		箱子；后备箱〈n.m.〉
coffre-fort	[kɔfʁəfɔʁ]		保险箱〈n.m.〉
coffrer	[kofʁe]		关进箱柜；（口）逮捕〈v.〉
cognac	[koɲak]		干邑（白兰地酒）〈n.m.〉
cogner	[koɲe]		撞；敲〈v.〉
coiffer	[kwafe]		梳头；做头发〈v.〉
coiffeur	[kwafœʁ]		理发师〈n.m.〉
coiffure	[kwafyʁ]		发型；理发〈n.f.〉
coin	[kwɛ̃]		角落；地段〈n.m.〉
coincer	[kwɛ̃se]		卡住；夹住；困住〈v.〉
coincé	[kwɛ̃se]		卡住的；尴尬的；放不开的〈adj.〉
coing	[kwɛ̃]		榅桲（一种水果）〈n.m.〉
coke	[kok]		可卡因（口语）〈n.〉
col	[kɔl]		衣领；山口；颈部〈n.m.〉
colis	[koli]		包裹〈n.m.〉
collaborateur	[kolaboʁatœʁ]		合作者；雇员〈n.m.〉
collaboration	[kolaboʁasjɔ̃]		合作；（历史）通敌〈n.f.〉
collaborer	[kolaboʁe]		合作〈v.〉
collant	[kolɑ̃]		连裤袜；紧身裤〈n.m.〉
colle	[kɔl]		胶水〈n.f.〉
collecte	[kolɛkt]		募捐；收集〈n.f.〉
collecter	[kolɛkte]		收集；募集〈v.〉
collectif	[kolɛktif]		集体的；共同的〈adj.〉
collection	[kolɛksjɔ̃]		收藏；系列〈n.f.〉
collectionner	[kolɛksjone]		收藏；收集〈v.〉
coller	[kole]		粘；贴〈v.〉
collier	[kolje]		项链〈n.m.〉
colline	[kolin]		小山；丘陵〈n.f.〉
collision	[kolizjɔ̃]		碰撞〈n.f.〉
collège	[kolɛʒ]		初中〈n.m.〉
collègue	[kolɛg]		同事〈n.〉
colocataire	[kolokatɛʁ]		合租者；室友〈n.〉
colombe	[kolɔ̃b]		鸽子；白鸽〈n.f.〉
colon	[kolɔ̃]		殖民者〈n.m.〉
colonel	[kolonɛl]		上校〈n.m.〉
colonial	[kolonjal]		殖民的〈adj.〉
colonie	[koloni]		殖民地；聚居地〈n.f.〉
colonne	[kolɔn]		柱；纵队；栏〈n.f.〉
coloré	[koloʁe]		色彩鲜艳的〈adj.〉
colosse	[kolɔs]		巨人；大块头〈n.m.〉
colère	[kolɛʁ]		愤怒〈n.f.〉
coma	[koma]		昏迷〈n.m.〉
combat	[kɔ̃ba]		搏斗；战斗〈n.m.〉
combattant	[kɔ̃batɑ̃]		战士；战斗人员〈n.m.〉
combattre	[kɔ̃batʁ]		搏斗；与…作斗争〈v.〉
combien	[kɔ̃bjɛ̃]		多少；多少钱〈adv.〉
combinaison	[kɔ̃binɛzɔ̃]		结合；组合；连体服〈n.f.〉
combine	[kɔ̃bin]		花招；诡计；窍门〈n.f.〉
combiner	[kɔ̃bine]		组合；结合〈v.〉
comble	[kɔ̃bl]		顶点；极度〈n.m.〉
combler	[kɔ̃ble]		填满；使满足〈v.〉
combustion	[kɔ̃bystjɔ̃]		燃烧〈n.f.〉
comique	[komik]		滑稽的；喜剧演员〈n.〉
comité	[komite]		委员会〈n.m.〉
commandant	[komɑ̃dɑ̃]		指挥官；警官〈n.m.〉
commande	[komɑ̃d]		订购；订单〈n.f.〉
commandement	[komɑ̃dəmɑ̃]		指挥；命令〈n.m.〉
commander	[komɑ̃de]		订购；点（菜）；指挥〈v.〉
commando	[komɑ̃do]		突击队〈n.m.〉
comme	[kɔm]		像；作为；因为〈conj.〉
commencement	[komɑ̃səmɑ̃]		开始；开端〈n.m.〉
commencer	[komɑ̃se]		开始〈v.〉
comment	[komɑ̃]		怎样；如何〈adv.〉
commentaire	[komɑ̃tɛʁ]		评论；注解〈n.m.〉
commenter	[komɑ̃te]		评论；解说〈v.〉
commerce	[komɛʁs]		商业；店铺〈n.m.〉
commercial	[komɛʁsjal]		商业的；商务的〈adj.〉
commerçant	[komɛʁsɑ̃]		商人；店主〈n.m.〉
commettre	[komɛtʁ]		犯（罪、错）〈v.〉
commis	[komi]		职员；店员〈n.m.〉
commissaire	[komisɛʁ]		警长；专员〈n.〉
commissariat	[komisaʁja]		警察局〈n.m.〉
commission	[komisjɔ̃]		委员会；佣金〈n.f.〉
commode	[komɔd]		方便的；舒适的〈adj.〉
commotion	[komosjɔ̃]		脑震荡；剧烈震荡〈n.f.〉
commun	[komœ̃]		共同的；普通的〈adj.〉
communauté	[komynote]		社区；团体〈n.f.〉
commune	[komyn]		市镇；公社〈n.f.〉
communication	[komynikasjɔ̃]		交流；通讯〈n.f.〉
communion	[komynjɔ̃]		领圣体；共融〈n.f.〉
communiquer	[komynike]		交流；传达〈v.〉
communiqué	[komynike]		公报；公告〈n.m.〉
communisme	[komynizm]		共产主义〈n.m.〉
communiste	[komynist]		共产主义的；共产党员〈adj.〉
compagnie	[kɔ̃paɲi]		陪伴；公司〈n.f.〉
compagnon	[kɔ̃paɲɔ̃]		同伴；伴侣〈n.m.〉
comparaison	[kɔ̃paʁɛzɔ̃]		比较；比喻〈n.f.〉
comparaître	[kɔ̃paʁɛtʁ]		（被传唤）出庭〈v.〉
comparer	[kɔ̃paʁe]		比较；对比〈v.〉
compartiment	[kɔ̃paʁtimɑ̃]		车厢；隔间〈n.m.〉
compassion	[kɔ̃pasjɔ̃]		同情；怜悯〈n.f.〉
compatible	[kɔ̃patibl]		兼容的；合得来的〈adj.〉
compatir	[kɔ̃patiʁ]		同情；怜悯〈v.〉
compatriote	[kɔ̃patʁijɔt]		同胞〈n.〉
compensation	[kɔ̃pɑ̃sasjɔ̃]		补偿；抵消〈n.f.〉
compenser	[kɔ̃pɑ̃se]		补偿；弥补〈v.〉
complet	[kɔ̃plɛ]		完整的；满员的〈adj.〉
complexe	[kɔ̃plɛks]		复杂的；情结〈adj.〉
complication	[kɔ̃plikasjɔ̃]		并发症；复杂化〈n.f.〉
complice	[kɔ̃plis]		同谋；同伙〈n.〉
complicité	[kɔ̃plisite]		默契；同谋关系〈n.f.〉
compliment	[kɔ̃plimɑ̃]		恭维；称赞〈n.m.〉
compliquer	[kɔ̃plike]		使复杂化〈v.〉
compliqué	[kɔ̃plike]		复杂的〈adj.〉
complot	[kɔ̃plo]		阴谋；密谋〈n.m.〉
comploter	[kɔ̃plote]		密谋；策划〈v.〉
complètement	[kɔ̃plɛtəmɑ̃]		完全地；彻底地〈adv.〉
compléter	[kɔ̃plete]		补全；补充〈v.〉
comportement	[kɔ̃pɔʁtəmɑ̃]		行为；举止〈n.m.〉
comporter	[kɔ̃pɔʁte]		包含；容纳〈v.〉
composant	[kɔ̃pozɑ̃]		成分；部件〈n.m.〉
composer	[kɔ̃poze]		组成；作曲；拨号〈v.〉
compositeur	[kɔ̃pozitœʁ]		作曲家〈n.m.〉
composition	[kɔ̃pozisjɔ̃]		构成；作文；成分〈n.f.〉
compote	[kɔ̃pɔt]		果泥；煮烂的水果〈n.f.〉
comprendre	[kɔ̃pʁɑ̃dʁ]		理解；懂；包含〈v.〉
comprimé	[kɔ̃pʁime]		药片〈n.m.〉
compris	[kɔ̃pʁi]		包括在内的；明白的〈adj.〉
compromettre	[kɔ̃pʁomɛtʁ]		危及；损害〈v.〉
compromis	[kɔ̃pʁomi]		妥协；折中方案〈n.m.〉
compréhensible	[kɔ̃pʁeɑ̃sibl]		可以理解的〈adj.〉
compréhensif	[kɔ̃pʁeɑ̃sif]		体谅的；善解人意的〈adj.〉
compréhension	[kɔ̃pʁeɑ̃sjɔ̃]		理解；理解力〈n.f.〉
comptabilité	[kɔ̃tabilite]		会计；会计学〈n.f.〉
comptable	[kɔ̃tabl]		会计；会计的〈n.〉
compte	[kɔ̃t]		账目；账户；计数〈n.m.〉
compte-rendu	[kɔ̃tʁɑ̃dy]		报告；纪要〈n.m.〉
compter	[kɔ̃te]		数；计算；打算〈v.〉
compteur	[kɔ̃tœʁ]		计数器；计费表〈n.m.〉
comptoir	[kɔ̃twaʁ]		柜台；吧台〈n.m.〉
compétence	[kɔ̃petɑ̃s]		能力；技能；职权〈n.f.〉
compétent	[kɔ̃petɑ̃]		胜任的；有能力的〈adj.〉
compétition	[kɔ̃petisjɔ̃]		竞争；比赛〈n.f.〉
comte	[kɔ̃t]		伯爵〈n.m.〉
comté	[kɔ̃te]		郡；伯爵领地〈n.m.〉
comète	[komɛt]		彗星〈n.f.〉
comédie	[komedi]		喜剧〈n.f.〉
comédien	[komedjɛ̃]		演员；喜剧演员〈n.m.〉
con	[kɔ̃]		蠢货；傻瓜（粗俗）〈n.m.〉
concentration	[kɔ̃sɑ̃tʁasjɔ̃]		专注；集中〈n.f.〉
concentrer	[kɔ̃sɑ̃tʁe]		集中；专注〈v.〉
concentré	[kɔ̃sɑ̃tʁe]		集中的；专注的〈adj.〉
concept	[kɔ̃sɛpt]		概念；观念〈n.m.〉
conception	[kɔ̃sɛpsjɔ̃]		观念；构想；受孕〈n.f.〉
concernant	[kɔ̃sɛʁnɑ̃]		关于〈prép.〉
concerner	[kɔ̃sɛʁne]		涉及；与…有关〈v.〉
concert	[kɔ̃sɛʁ]		音乐会〈n.m.〉
concession	[kɔ̃sesjɔ̃]		让步；特许权〈n.f.〉
concevoir	[kɔ̃səvwaʁ]		构想；设计；理解〈v.〉
concierge	[kɔ̃sjɛʁʒ]		门房；大楼管理员〈n.〉
concitoyen	[kɔ̃sitwajɛ̃]		同胞；同国公民〈n.m.〉
conclure	[kɔ̃klyʁ]		得出结论；缔结〈v.〉
conclusion	[kɔ̃klyzjɔ̃]		结论；结尾〈n.f.〉
concombre	[kɔ̃kɔ̃bʁ]		黄瓜〈n.m.〉
concorder	[kɔ̃kɔʁde]		一致；相符〈v.〉
concours	[kɔ̃kuʁ]		竞赛；选拔考试〈n.m.〉
concret	[kɔ̃kʁɛ]		具体的；实际的〈adj.〉
concurrence	[kɔ̃kyʁɑ̃s]		竞争；竞争对手〈n.f.〉
concurrent	[kɔ̃kyʁɑ̃]		竞争者；对手〈n.m.〉
condamnation	[kɔ̃danasjɔ̃]		判刑；谴责〈n.f.〉
condamner	[kɔ̃dane]		判刑；谴责〈v.〉
condamné	[kɔ̃dane]		囚犯；被判刑者〈n.m.〉
condition	[kɔ̃disjɔ̃]		条件；状况〈n.f.〉
conditionnel	[kɔ̃disjonɛl]		条件式（语法）〈n.m.〉
condoléance	[kɔ̃doleɑ̃s]		吊唁；哀悼〈n.f.〉
conducteur	[kɔ̃dyktœʁ]		司机；导体〈n.m.〉
conduire	[kɔ̃dɥiʁ]		驾驶；开车；引导〈v.〉
conduit	[kɔ̃dɥi]		管道；导管〈n.m.〉
conduite	[kɔ̃dɥit]		驾驶；行为〈n.f.〉
confesser	[kɔ̃fese]		坦白；告解〈v.〉
confession	[kɔ̃fesjɔ̃]		忏悔；供认〈n.f.〉
confiance	[kɔ̃fjɑ̃s]		信任；信心〈n.f.〉
confiant	[kɔ̃fjɑ̃]		自信的；信任的〈adj.〉
confidence	[kɔ̃fidɑ̃s]		知心话；隐秘〈n.f.〉
confidentiel	[kɔ̃fidɑ̃sjɛl]		机密的；保密的〈adj.〉
confier	[kɔ̃fje]		托付；吐露〈v.〉
confirmation	[kɔ̃fiʁmasjɔ̃]		确认；证实〈n.f.〉
confirmer	[kɔ̃fiʁme]		确认；证实〈v.〉
confirmé	[kɔ̃fiʁme]		确认的；资深的〈adj.〉
confisquer	[kɔ̃fiske]		没收；充公〈v.〉
confiture	[kɔ̃fityʁ]		果酱〈n.f.〉
conflit	[kɔ̃fli]		冲突〈n.m.〉
confondre	[kɔ̃fɔ̃dʁ]		混淆；混同〈v.〉
conformément	[kɔ̃fɔʁmemɑ̃]		按照；依照〈adv.〉
confort	[kɔ̃fɔʁ]		舒适〈n.m.〉
confortable	[kɔ̃fɔʁtabl]		舒适的〈adj.〉
confrontation	[kɔ̃fʁɔ̃tasjɔ̃]		对抗；对质〈n.f.〉
confronter	[kɔ̃fʁɔ̃te]		使对质；对照〈v.〉
confrère	[kɔ̃fʁɛʁ]		同行；同僚〈n.m.〉
confrérie	[kɔ̃fʁeʁi]		兄弟会；行会〈n.f.〉
confus	[kɔ̃fy]		混乱的；羞愧的〈adj.〉
confusion	[kɔ̃fyzjɔ̃]		混乱；混淆〈n.f.〉
conférence	[kɔ̃feʁɑ̃s]		会议；讲座〈n.f.〉
conférer	[kɔ̃feʁe]		授予；赋予〈v.〉
congeler	[kɔ̃ʒəle]		冷冻〈v.〉
congrès	[kɔ̃gʁɛ]		代表大会；会议〈n.m.〉
congé	[kɔ̃ʒe]		假期；请假〈n.m.〉
congédier	[kɔ̃ʒedje]		辞退；解雇〈v.〉
conjugal	[kɔ̃ʒygal]		夫妻的；婚姻的〈adj.〉
conjurer	[kɔ̃ʒyʁe]		驱除（厄运）；恳求〈v.〉
connaissance	[konɛsɑ̃s]		知识；认识；熟人〈n.f.〉
connard	[konaʁ]		混蛋；蠢货（粗俗）〈n.m.〉
connasse	[konas]		蠢货（粗俗骂语）〈n.f.〉
connaître	[konɛtʁ]		认识；知道〈v.〉
connecter	[konɛkte]		连接；登录；联网〈v.〉
connerie	[kɔnəʁi]		蠢话；胡扯（粗俗）〈n.f.〉
connexion	[konɛksjɔ̃]		连接；网络连接〈n.f.〉
connu	[kony]		著名的；已知的〈adj.〉
conquérir	[kɔ̃keʁiʁ]		征服；赢得〈v.〉
conquête	[kɔ̃kɛt]		征服；赢得〈n.f.〉
consacrer	[kɔ̃sakʁe]		奉献；专用于〈v.〉
conscience	[kɔ̃sjɑ̃s]		知觉；良心；意识〈n.f.〉
conscient	[kɔ̃sjɑ̃]		意识到的；清醒的〈adj.〉
conseil	[kɔ̃sɛj]		建议；劝告〈n.m.〉
conseiller	[kɔ̃seje]		建议；推荐〈v.〉
consentement	[kɔ̃sɑ̃təmɑ̃]		同意；准许〈n.m.〉
consentir	[kɔ̃sɑ̃tiʁ]		同意；准许〈v.〉
conservateur	[kɔ̃sɛʁvatœʁ]		保守的；（馆）馆长〈adj.〉
conservatoire	[kɔ̃sɛʁvatwaʁ]		音乐学院〈n.m.〉
conserve	[kɔ̃sɛʁv]		罐头；罐装食品〈n.f.〉
conserver	[kɔ̃sɛʁve]		保存；保持〈v.〉
considérable	[kɔ̃sideʁabl]		可观的；巨大的〈adj.〉
considération	[kɔ̃sideʁasjɔ̃]		考虑；尊重〈n.f.〉
considérer	[kɔ̃sideʁe]		认为；考虑〈v.〉
consigne	[kɔ̃siɲ]		指令；（行李）寄存处〈n.f.〉
consigner	[kɔ̃siɲe]		登记；记录；存放〈v.〉
consister	[kɔ̃siste]		在于；由…构成〈v.〉
consolation	[kɔ̃solasjɔ̃]		安慰；慰藉〈n.f.〉
console	[kɔ̃sɔl]		游戏机；控制台〈n.f.〉
consoler	[kɔ̃sole]		安慰〈v.〉
consommation	[kɔ̃somasjɔ̃]		消费；消耗〈n.f.〉
consommer	[kɔ̃some]		消费；消耗〈v.〉
conspiration	[kɔ̃spiʁasjɔ̃]		阴谋；密谋〈n.f.〉
constamment	[kɔ̃stamɑ̃]		不断地；始终〈adv.〉
constant	[kɔ̃stɑ̃]		持续的；不断的〈adj.〉
constater	[kɔ̃state]		发觉；确认〈v.〉
constituer	[kɔ̃stitɥe]		组成；构成；设立〈v.〉
constitution	[kɔ̃stitysjɔ̃]		宪法；体质；构成〈n.f.〉
construction	[kɔ̃stʁyksjɔ̃]		建造；建筑物〈n.f.〉
construire	[kɔ̃stʁɥiʁ]		建造；构建〈v.〉
consul	[kɔ̃syl]		领事〈n.m.〉
consulat	[kɔ̃syla]		领事馆〈n.m.〉
consultation	[kɔ̃syltasjɔ̃]		就诊；咨询〈n.f.〉
consulter	[kɔ̃sylte]		咨询；查阅〈v.〉
consumer	[kɔ̃syme]		烧毁；吞噬〈v.〉
conséquence	[kɔ̃sekɑ̃s]		后果；结果〈n.f.〉
conséquent	[kɔ̃sekɑ̃]		相当大的；可观的〈adj.〉
contact	[kɔ̃takt]		接触；联系〈n.m.〉
contacter	[kɔ̃takte]		联系〈v.〉
contagieux	[kɔ̃taʒjø]		传染性的〈adj.〉
container	[kɔ̃tɛnɛʁ]		集装箱〈n.m.〉
contamination	[kɔ̃taminasjɔ̃]		污染；感染〈n.f.〉
contaminer	[kɔ̃tamine]		污染；传染〈v.〉
conte	[kɔ̃t]		故事；童话〈n.m.〉
contempler	[kɔ̃tɑ̃ple]		凝视；沉思〈v.〉
conteneur	[kɔ̃tənœʁ]		集装箱〈n.m.〉
contenir	[kɔ̃təniʁ]		包含；容纳〈v.〉
content	[kɔ̃tɑ̃]		高兴的；满意的〈adj.〉
contenter	[kɔ̃tɑ̃te]		使满意；满足〈v.〉
contenu	[kɔ̃təny]		内容〈n.m.〉
conter	[kɔ̃te]		讲述；编造〈v.〉
contester	[kɔ̃tɛste]		质疑；争执〈v.〉
contexte	[kɔ̃tɛkst]		背景；环境；语境〈n.m.〉
continent	[kɔ̃tinɑ̃]		大陆；洲〈n.m.〉
continu	[kɔ̃tiny]		连续的；不断的〈adj.〉
continuer	[kɔ̃tinɥe]		继续；持续〈v.〉
contourner	[kɔ̃tuʁne]		绕过；规避〈v.〉
contracter	[kɔ̃tʁakte]		感染；订立〈v.〉
contraction	[kɔ̃tʁaksjɔ̃]		收缩；缩约形〈n.f.〉
contradictoire	[kɔ̃tʁadiktwaʁ]		互相矛盾的〈adj.〉
contraindre	[kɔ̃tʁɛ̃dʁ]		强迫；迫使〈v.〉
contrainte	[kɔ̃tʁɛ̃t]		约束；强制〈n.f.〉
contraire	[kɔ̃tʁɛʁ]		相反；相反的〈n.m.〉
contrairement	[kɔ̃tʁɛʁəmɑ̃]		与……相反〈adv.〉
contrarier	[kɔ̃tʁaʁje]		使恼火；违逆〈v.〉
contrarié	[kɔ̃tʁaʁje]		恼火的；不如意的〈adj.〉
contrat	[kɔ̃tʁa]		合同；契约〈n.m.〉
contravention	[kɔ̃tʁavɑ̃sjɔ̃]		轻罪；违章罚单〈n.f.〉
contre	[kɔ̃tʁ]		反对；靠着〈prép.〉
contrebande	[kɔ̃tʁəbɑ̃d]		走私；违禁品〈n.f.〉
contredire	[kɔ̃tʁədiʁ]		反驳；与…相矛盾〈v.〉
contremaître	[kɔ̃tʁəmɛtʁ]		工头；领班〈n.m.〉
contrer	[kɔ̃tʁe]		拦阻；挡开〈v.〉
contribuable	[kɔ̃tʁibɥabl]		纳税人〈n.〉
contribuer	[kɔ̃tʁibɥe]		贡献；捐助；促成〈v.〉
contribution	[kɔ̃tʁibysjɔ̃]		贡献；分摊〈n.f.〉
contrée	[kɔ̃tʁe]		地区；国度〈n.f.〉
contrôle	[kɔ̃tʁol]		控制；检查〈n.m.〉
contrôler	[kɔ̃tʁole]		控制；检查；核查〈v.〉
contrôleur	[kɔ̃tʁolœʁ]		检查员；稽查员〈n.m.〉
contusion	[kɔ̃tyzjɔ̃]		挫伤；淤青〈n.f.〉
convaincant	[kɔ̃vɛ̃kɑ̃]		有说服力的〈adj.〉
convaincre	[kɔ̃vɛ̃kʁ]		说服；使信服〈v.〉
convaincu	[kɔ̃vɛ̃ky]		确信的；信服的〈adj.〉
convenable	[kɔ̃vənabl]		得体的；合适的〈adj.〉
convenir	[kɔ̃vəniʁ]		适合；商定〈v.〉
convention	[kɔ̃vɑ̃sjɔ̃]		公约；惯例〈n.f.〉
conventionnel	[kɔ̃vɑ̃sjonɛl]		常规的；习俗的〈adj.〉
convenu	[kɔ̃vəny]		商定的；惯常的；老套的〈adj.〉
conversation	[kɔ̃vɛʁsasjɔ̃]		谈话；会话〈n.f.〉
convertir	[kɔ̃vɛʁtiʁ]		转变；转换；使皈依〈v.〉
conviction	[kɔ̃viksjɔ̃]		信念；确信〈n.f.〉
convier	[kɔ̃vje]		邀请〈v.〉
convoi	[kɔ̃vwa]		车队；护送〈n.m.〉
convoiter	[kɔ̃vwate]		觊觎；垂涎〈v.〉
convoquer	[kɔ̃voke]		召集；传唤〈v.〉
cookie	[kuki]		曲奇饼〈n.m.〉
cool	[kul]		酷；不错（口语）〈adj.〉
coopératif	[koopeʁatif]		合作的；合作制的〈adj.〉
coopération	[koopeʁasjɔ̃]		合作〈n.f.〉
coopérer	[koopeʁe]		合作〈v.〉
coordonnée	[koɔʁdone]		坐标〈n.f.〉
copain	[kopɛ̃]		朋友；伙伴；男朋友〈n.m.〉
copie	[kopi]		副本；复印件〈n.f.〉
copier	[kopje]		抄写；复制；抄袭〈v.〉
coq	[kɔk]		公鸡〈n.m.〉
coque	[kɔk]		壳；船体〈n.f.〉
coquillage	[kokijaʒ]		贝壳〈n.m.〉
coquille	[kokij]		贝壳；外壳〈n.f.〉
coquin	[kokɛ̃]		顽童；坏蛋〈n.m.〉
cor	[kɔʁ]		圆号；号角〈n.m.〉
corbeau	[kɔʁbo]		乌鸦〈n.m.〉
corbeille	[kɔʁbɛj]		篮子；花篮；垃圾桶〈n.f.〉
corde	[kɔʁd]		绳子〈n.f.〉
cordon	[kɔʁdɔ̃]		绳带；电线；警戒线〈n.m.〉
coriace	[koʁjas]		坚韧的；难对付的〈adj.〉
corne	[kɔʁn]		角；号角〈n.f.〉
cornichon	[kɔʁniʃɔ̃]		酸黄瓜〈n.m.〉
corporel	[kɔʁpoʁɛl]		身体的；肉体的〈adj.〉
corps	[kɔʁ]		身体；躯体〈n.m.〉
correct	[koʁɛkt]		正确的；得体的〈adj.〉
correctement	[koʁɛktəmɑ̃]		正确地；得体地〈adv.〉
correction	[koʁɛksjɔ̃]		修改；批改；纠正〈n.f.〉
correspondance	[koʁɛspɔ̃dɑ̃s]		通信；函件；换乘〈n.f.〉
correspondant	[koʁɛspɔ̃dɑ̃]		通信者；驻地记者；对应物〈n.m.〉
correspondre	[koʁɛspɔ̃dʁ]		符合；通信〈v.〉
corriger	[koʁiʒe]		改正；批改〈v.〉
corrompre	[koʁɔ̃pʁ]		使腐败；收买〈v.〉
corrompu	[koʁɔ̃py]		腐败的；堕落的〈adj.〉
corruption	[koʁypsjɔ̃]		腐败；贪污〈n.f.〉
corse	[kɔʁs]		科西嘉的；科西嘉人〈adj.〉
cortex	[kɔʁtɛks]		皮层；大脑皮层〈n.m.〉
cortège	[kɔʁtɛʒ]		车队；行列〈n.m.〉
corvée	[kɔʁve]		苦差事；劳役〈n.f.〉
coréen	[koʁeɛ̃]		韩国的；韩语的〈adj.〉
cosmique	[kɔsmik]		宇宙的〈adj.〉
cosmos	[kɔsmos]		宇宙〈n.m.〉
costard	[kɔstaʁ]		西装（口语）〈n.m.〉
costaud	[kɔsto]		结实的；壮实的〈adj.〉
costume	[kɔstym]		男西装；套装；戏服〈n.m.〉
cote	[kɔt]		行情；评分〈n.f.〉
coton	[kotɔ̃]		棉花〈n.m.〉
coté	[kote]		受青睐的；行情好的〈adj.〉
cou	[ku]		脖子〈n.m.〉
couche	[kuʃ]		层；尿布〈n.f.〉
coucher	[kuʃe]		使躺下；就寝〈v.〉
couché	[kuʃe]		躺着的；睡下的〈adj.〉
coucou	[kuku]		布谷鸟；你好（亲昵）〈n.m.〉
coude	[kud]		肘；肘部〈n.m.〉
coudre	[kudʁ]		缝纫；缝制〈v.〉
couille	[kuj]		睾丸（粗俗）〈n.f.〉
couillon	[kujɔ̃]		蠢货；笨蛋（粗俗）〈n.m.〉
couler	[kule]		流淌；沉没〈v.〉
couleur	[kulœʁ]		颜色；彩色〈n.f.〉
coulisse	[kulis]		（舞台）侧幕；幕后〈n.f.〉
couloir	[kulwaʁ]		走廊；过道〈n.m.〉
coup	[ku]		打；击；一下〈n.m.〉
coupable	[kupabl]		有罪的；内疚的〈adj.〉
coupe	[kup]		奖杯；杯子；剪裁〈n.f.〉
couper	[kupe]		切；割；剪〈v.〉
couple	[kupl]		一对；夫妇；情侣〈n.〉
coupure	[kupyʁ]		伤口；中断；剪报〈n.f.〉
coupé	[kupe]		切开的；剪断的〈adj.〉
cour	[kuʁ]		院子；宫廷〈n.f.〉
courage	[kuʁaʒ]		勇气〈n.m.〉
courageux	[kuʁaʒø]		勇敢的；有胆量的〈adj.〉
courant	[kuʁɑ̃]		水流；电流〈n.m.〉
courbe	[kuʁb]		曲线；弯道〈n.f.〉
courber	[kuʁbe]		使弯曲〈v.〉
coureur	[kuʁœʁ]		跑步者；赛跑选手〈n.m.〉
courge	[kuʁʒ]		瓜类；葫芦；傻瓜（俚语）〈n.f.〉
courir	[kuʁiʁ]		跑；奔跑〈v.〉
couronne	[kuʁɔn]		王冠；花环〈n.f.〉
couronnement	[kuʁɔnəmɑ̃]		加冕；顶峰〈n.m.〉
couronner	[kuʁone]		加冕；圆满完成〈v.〉
courrier	[kuʁje]		邮件；信件〈n.m.〉
cours	[kuʁ]		课；课程〈n.〉
course	[kuʁs]		购物；奔跑；比赛〈n.f.〉
coursier	[kuʁsje]		信使；送件员〈n.m.〉
court	[kuʁ]		短的〈adj.〉
courtier	[kuʁtje]		经纪人；掮客〈n.m.〉
courtisan	[kuʁtizɑ̃]		朝臣；谄媚者〈n.m.〉
courtiser	[kuʁtize]		追求；献殷勤〈v.〉
courtoisie	[kuʁtwazi]		彬彬有礼；殷勤〈n.f.〉
cousin	[kuzɛ̃]		堂兄弟；表兄弟〈n.m.〉
coussin	[kusɛ̃]		靠垫；垫子〈n.m.〉
couteau	[kuto]		刀〈n.m.〉
coutume	[kutym]		习俗；惯例〈n.f.〉
couture	[kutyʁ]		缝纫；时装业〈n.f.〉
couturier	[kutyʁje]		裁缝；时装设计师〈n.m.〉
couvent	[kuvɑ̃]		修道院〈n.m.〉
couver	[kuve]		孵卵；酝酿〈v.〉
couvercle	[kuvɛʁkl]		盖子〈n.m.〉
couvert	[kuvɛʁ]		餐具；盖子〈n.m.〉
couverture	[kuvɛʁtyʁ]		被子；封面；覆盖〈n.f.〉
couvre-feu	[kuvʁəfø]		宵禁〈n.m.〉
couvrir	[kuvʁiʁ]		覆盖；遮盖〈v.〉
coyote	[kojɔt]		郊狼〈n.m.〉
coéquipier	[koekipje]		队友〈n.m.〉
coïncidence	[koɛ̃sidɑ̃s]		巧合〈n.f.〉
coût	[ku]		成本；费用〈n.m.〉
coûter	[kute]		花费；值（多少钱）〈v.〉
coûteux	[kutø]		昂贵的〈adj.〉
crabe	[kʁab]		螃蟹〈n.m.〉
cracher	[kʁaʃe]		吐；吐痰〈v.〉
crack	[kʁak]		能手；高手〈n.m.〉
cracker	[kʁakɛʁ]		脆薄饼干〈n.m.〉
craie	[kʁɛ]		粉笔〈n.f.〉
craindre	[kʁɛ̃dʁ]		害怕；担忧〈v.〉
crainte	[kʁɛ̃t]		恐惧；担忧〈n.f.〉
cramer	[kʁame]		烧糊；烤焦（口语）〈v.〉
crampe	[kʁɑ̃p]		抽筋；痉挛〈n.f.〉
cran	[kʁɑ̃]		凹口；胆量（口语）〈n.m.〉
crapaud	[kʁapo]		蟾蜍〈n.m.〉
crapule	[kʁapyl]		恶棍；无赖〈n.f.〉
craquement	[kʁakəmɑ̃]		咔嚓声；爆裂声〈n.m.〉
craquer	[kʁake]		断裂；着迷；崩溃〈v.〉
crash	[kʁaʃ]		坠机；崩盘〈n.m.〉
crasse	[kʁas]		污垢〈n.f.〉
cratère	[kʁatɛʁ]		火山口；弹坑〈n.m.〉
cravate	[kʁavat]		领带〈n.f.〉
crayon	[kʁɛjɔ̃]		铅笔〈n.m.〉
creuser	[kʁøze]		挖；掘〈v.〉
creux	[kʁø]		空心的；凹陷的；空洞的〈adj.〉
crever	[kʁəve]		爆裂；累坏；（口语）死〈v.〉
crevette	[kʁəvɛt]		虾；小虾〈n.f.〉
crevé	[kʁəve]		累坏的；爆了胎的〈adj.〉
cri	[kʁi]		喊叫声；尖叫〈n.m.〉
cricket	[kʁikɛt]		板球〈n.m.〉
crier	[kʁije]		喊叫；大叫〈v.〉
crime	[kʁim]		罪行；犯罪〈n.m.〉
criminel	[kʁiminɛl]		罪犯；犯罪的〈n.m.〉
crinière	[kʁinjɛʁ]		鬃毛〈n.f.〉
crise	[kʁiz]		危机〈n.f.〉
cristal	[kʁistal]		水晶〈n.m.〉
critique	[kʁitik]		批评；评论；评论家〈n.〉
critiquer	[kʁitike]		批评；评论〈v.〉
critère	[kʁitɛʁ]		标准；准则〈n.m.〉
croc	[kʁo]		犬牙；（衣）钩扣〈n.m.〉
crochet	[kʁoʃɛ]		钩；钩针编织〈n.m.〉
crocodile	[kʁokodil]		鳄鱼〈n.m.〉
croire	[kʁwaʁ]		相信；认为〈v.〉
croisade	[kʁwazad]		十字军东征；圣战〈n.f.〉
croisement	[kʁwazəmɑ̃]		交叉路口；交叉；杂交〈n.m.〉
croiser	[kʁwaze]		交叉；使交叉〈v.〉
croisière	[kʁwazjɛʁ]		乘船游；巡游〈n.f.〉
croissance	[kʁwasɑ̃s]		增长；生长〈n.f.〉
croissant	[kʁwasɑ̃]		羊角面包；新月〈n.m.〉
croisé	[kʁwaze]		交叉的；十字形的〈adj.〉
croix	[kʁwa]		十字；十字架〈n.f.〉
croque-mort	[kʁɔkmɔʁ]		殡葬工（口语）〈n.m.〉
croquer	[kʁoke]		咬；啃；速写〈v.〉
croquis	[kʁoki]		素描；速写〈n.m.〉
crotte	[kʁɔt]		粪便；屎〈n.f.〉
crouler	[kʁule]		坍塌；崩溃〈v.〉
croyable	[kʁwajabl]		可信的〈adj.〉
croyance	[kʁwajɑ̃s]		信念；信仰〈n.f.〉
croyant	[kʁwajɑ̃]		信徒；信教的〈adj.〉
croître	[kʁwatʁ]		增长〈v.〉
croûte	[kʁut]		面包皮；痂〈n.f.〉
cru	[kʁy]		生的；未加工的〈adj.〉
cruauté	[kʁyote]		残忍；残酷〈n.f.〉
cruche	[kʁyʃ]		壶；水罐；笨蛋〈n.f.〉
crucial	[kʁysjal]		关键的；决定性的〈adj.〉
crucifier	[kʁysifje]		钉上十字架；折磨〈v.〉
cruel	[kʁyɛl]		残忍的；残酷的〈adj.〉
crypte	[kʁipt]		地窖；（教堂）地下室〈n.f.〉
crâne	[kʁan]		头颅；脑袋〈n.m.〉
crèche	[kʁɛʃ]		托儿所；马槽〈n.f.〉
crème	[kʁɛm]		奶油；乳霜〈n.〉
crève	[kʁɛv]		重感冒（口语）〈n.f.〉
créateur	[kʁeatœʁ]		创造者；设计师〈n.m.〉
créatif	[kʁeatif]		有创造力的〈adj.〉
création	[kʁeasjɔ̃]		创造；创作〈n.f.〉
créature	[kʁeatyʁ]		创造物；生物〈n.f.〉
crédible	[kʁedibl]		可信的〈adj.〉
crédit	[kʁedi]		信贷；赊购〈n.m.〉
créer	[kʁee]		创造；创建〈v.〉
crépuscule	[kʁepyskyl]		黄昏；暮色〈n.m.〉
crétin	[kʁetɛ̃]		白痴；蠢货（骂）〈n.m.〉
crêpe	[kʁɛp]		可丽饼；薄饼〈n.〉
crête	[kʁɛt]		鸡冠；峰顶〈n.f.〉
cubain	[kybɛ̃]		古巴的；古巴人〈adj.〉
cube	[kyb]		立方体〈n.m.〉
cueillir	[kœjiʁ]		采摘；采集〈v.〉
cuillère	[kɥijɛʁ]		勺子；匙〈n.f.〉
cuir	[kɥiʁ]		皮革〈n.m.〉
cuire	[kɥiʁ]		烧煮；烤〈v.〉
cuisine	[kɥizin]		厨房；烹饪〈n.f.〉
cuisiner	[kɥizine]		做饭；烹饪〈v.〉
cuisinier	[kɥizinje]		厨师〈n.m.〉
cuisse	[kɥis]		大腿〈n.f.〉
cuit	[kɥi]		熟的；煮熟的〈adj.〉
cuivre	[kɥivʁ]		铜；铜器〈n.m.〉
cul	[ky]		臀部；屁股（粗俗）〈n.m.〉
culot	[kylo]		厚脸皮；大胆（口语）〈n.m.〉
culotte	[kylɔt]		内裤；短裤〈n.f.〉
culpabiliser	[kylpabilize]		使内疚；自责〈v.〉
culpabilité	[kylpabilite]		过错；内疚〈n.f.〉
culte	[kylt]		礼拜；崇拜〈n.m.〉
cultiver	[kyltive]		种植；培养〈v.〉
cultivé	[kyltive]		有教养的；有文化的〈adj.〉
culture	[kyltyʁ]		文化；耕作〈n.f.〉
culturel	[kyltyʁɛl]		文化的〈adj.〉
cure	[kyʁ]		疗程；疗养〈n.f.〉
curieux	[kyʁjø]		好奇的；奇怪的〈adj.〉
curiosité	[kyʁjozite]		好奇心；珍品〈n.f.〉
curé	[kyʁe]		本堂神父〈n.m.〉
cutter	[kytɛʁ]		美工刀；快艇〈n.m.〉
cuvette	[kyvɛt]		盆；马桶；洼地〈n.f.〉
cyanure	[sjanyʁ]		氰化物〈n.m.〉
cycle	[sikl]		周期；循环〈n.m.〉
cygne	[siɲ]		天鹅〈n.m.〉
cynique	[sinik]		愤世嫉俗的；犬儒的〈adj.〉
câble	[kabl]		电缆；缆绳〈n.m.〉
câlin	[kalɛ̃]		拥抱；依偎〈n.m.〉
céder	[sede]		让步；出让〈v.〉
céleste	[selɛst]		天上的；天空的〈adj.〉
célibataire	[selibatɛʁ]		单身的；未婚者〈adj.〉
célèbre	[selɛbʁ]		著名的〈adj.〉
célébration	[selebʁasjɔ̃]		庆祝；庆典〈n.f.〉
célébrer	[selebʁe]		庆祝；颂扬〈v.〉
célébrité	[selebʁite]		名人；名声〈n.f.〉
céréale	[seʁeal]		谷物；谷类食物〈n.f.〉
cérébral	[seʁebʁal]		大脑的；理性的〈adj.〉
cérémonie	[seʁemoni]		仪式；典礼〈n.f.〉
côte	[kot]		肋骨；海岸；坡〈n.f.〉
côtelette	[kotəlɛt]		排骨；肉排〈n.f.〉
côtoyer	[kotwaje]		与……相处；靠近〈v.〉
côté	[kote]		边；旁边；方面〈n.m.〉
d'abord	[dabɔʁ]		首先〈adv.〉
d'autres	[dotʁ]		其他的；另一些〈adj.〉
dague	[dag]		匕首；短剑〈n.f.〉
daigner	[deɲe]		屈尊；惠予（正式）〈v.〉
dalle	[dal]		石板〈n.f.〉
dame	[dam]		女士；夫人〈n.f.〉
damner	[dane]		罚入地狱；诅咒〈v.〉
damné	[dane]		被诅咒的；该死的〈adj.〉
dandy	[dɑ̃di]		花花公子；时髦绅士〈n.m.〉
danger	[dɑ̃ʒe]		危险〈n.m.〉
dangereux	[dɑ̃ʒəʁø]		危险的〈adj.〉
danois	[danwa]		丹麦的；丹麦语〈adj.〉
dans	[dɑ̃]		在……里；……之后〈prép.〉
danse	[dɑ̃s]		舞蹈；跳舞〈n.f.〉
danser	[dɑ̃se]		跳舞〈v.〉
danseur	[dɑ̃sœʁ]		舞蹈演员〈n.m.〉
date	[dat]		日期〈n.f.〉
dater	[date]		注明日期；始于〈v.〉
dauphin	[dofɛ̃]		海豚；王太子〈n.m.〉
davantage	[davɑ̃taʒ]		更多；更加〈adv.〉
de	[də]		……的；从；由〈prép.〉
deal	[dil]		交易；毒品交易（口语）〈n.m.〉
dealer	[dilœʁ]		毒贩（口语）〈n.m.〉
debout	[dəbu]		站着；直立〈adv.〉
dedans	[dədɑ̃]		在里面；内部〈adv.〉
degré	[dəgʁe]		度数；程度〈n.m.〉
dehors	[døɔʁ]		在外面〈adv.〉
delta	[dɛlta]		三角洲〈n.m.〉
delà	[dəla]		在…那边；更远处〈adv.〉
demain	[dəmɛ̃]		明天〈adv.〉
demande	[dəmɑ̃d]		请求；要求；申请〈n.f.〉
demander	[dəmɑ̃de]		问；要求〈v.〉
demeure	[dəmœʁ]		住所（书面）〈n.f.〉
demeurer	[dəmœʁe]		居住；仍然是〈v.〉
demeuré	[dəmœʁe]		笨蛋（口语）〈n.m.〉
demi	[dəmi]		一半的；半个〈adj.〉
demi-frère	[dəmifʁɛʁ]		同父异母的兄弟〈n.m.〉
demi-heure	[dəmiœʁ]		半小时〈n.f.〉
demi-million	[dømimiljɔ̃]		五十万〈n.m.〉
demi-tour	[dəmituʁ]		掉头；回转〈n.m.〉
dent	[dɑ̃]		牙齿〈n.f.〉
dentaire	[dɑ̃tɛʁ]		牙齿的〈adj.〉
dentelle	[dɑ̃tɛl]		花边；蕾丝〈n.f.〉
dentifrice	[dɑ̃tifʁis]		牙膏〈n.m.〉
dentiste	[dɑ̃tist]		牙医〈n.〉
depuis	[dəpɥi]		自从；自……以来〈prép.〉
dernier	[dɛʁnje]		最后的；最新的〈adj.〉
dernièrement	[dɛʁnjɛʁəmɑ̃]		最近；近来〈adv.〉
derrière	[dɛʁjɛʁ]		在…后面〈prép.〉
des	[de]		一些（不定冠词复数）〈art.〉
descendant	[desɑ̃dɑ̃]		后代；子孙〈n.m.〉
descendre	[desɑ̃dʁ]		下楼；下来；下降〈v.〉
descente	[desɑ̃t]		下降；下坡〈n.f.〉
description	[deskʁipsjɔ̃]		描写；描述〈n.f.〉
dessein	[desɛ̃]		意图；打算〈n.m.〉
desserrer	[deseʁe]		松开；拧松〈v.〉
dessert	[desɛʁ]		甜点〈n.m.〉
dessin	[desɛ̃]		图画；素描〈n.m.〉
dessiner	[desine]		画；绘制〈v.〉
dessous	[dəsu]		下面；底部〈n.m.〉
dessus	[dəsy]		在上面；其上〈adv.〉
dessécher	[deseʃe]		使干枯；变干〈v.〉
destin	[destɛ̃]		命运〈n.m.〉
destination	[destinasjɔ̃]		目的地〈n.f.〉
destiner	[destine]		指定给；预定〈v.〉
destinée	[destine]		命运；天命〈n.f.〉
destructeur	[destʁyktœʁ]		破坏性的〈adj.〉
destruction	[destʁyksjɔ̃]		破坏；毁灭〈n.f.〉
dette	[dɛt]		债；债务〈n.f.〉
deuil	[dœj]		哀悼；丧事〈n.m.〉
deux	[dø]		二；两个〈adj.〉
deuxième	[døzjɛm]		第二〈adj.〉
deuxièmement	[døzjɛməmɑ̃]		第二；其次〈adv.〉
devancer	[dəvɑ̃se]		领先；居先〈v.〉
devant	[dəvɑ̃]		在…前面〈prép.〉
devenir	[dəvəniʁ]		变成；成为〈v.〉
deviner	[dəvine]		猜出；猜中〈v.〉
devinette	[dəvinɛt]		谜语〈n.f.〉
devise	[dəviz]		格言；货币〈n.f.〉
devoir	[dəvwaʁ]		必须；应当；欠〈v.〉
diable	[djabl]		魔鬼；恶魔〈n.m.〉
diabolique	[djabolik]		恶魔般的；邪恶的〈adj.〉
diabète	[djabɛt]		糖尿病〈n.m.〉
diagnostic	[djagnostik]		诊断；判断〈n.m.〉
dialogue	[djalɔg]		对话；对白〈n.m.〉
diamant	[djamɑ̃]		钻石〈n.m.〉
diarrhée	[djaʁe]		腹泻〈n.f.〉
dictateur	[diktatœʁ]		独裁者〈n.m.〉
dictature	[diktatyʁ]		独裁；专政〈n.f.〉
dicter	[dikte]		口授；听写〈v.〉
dictionnaire	[diksjonɛʁ]		词典；字典〈n.m.〉
dicton	[diktɔ̃]		俗语；谚语〈n.m.〉
dictée	[dikte]		听写〈n.f.〉
dieu	[djø]		上帝；神〈n.m.〉
difficile	[difisil]		困难的；难办的〈adj.〉
difficilement	[difisiləmɑ̃]		困难地〈adv.〉
difficulté	[difikylte]		困难；难点〈n.f.〉
diffuser	[difyze]		播放；传播〈v.〉
diffusion	[difyzjɔ̃]		播出；传播；散发〈n.f.〉
différemment	[difeʁamɑ̃]		不同地〈adv.〉
différence	[difeʁɑ̃s]		差别；不同〈n.f.〉
différencier	[difeʁɑ̃sje]		区分；使有别〈v.〉
différend	[difeʁɑ̃]		争端；分歧〈n.m.〉
différent	[difeʁɑ̃]		不同的；有差别的〈adj.〉
différer	[difeʁe]		推迟；相异〈v.〉
digital	[diʒital]		数字的；指部的〈adj.〉
digne	[diɲ]		值得的；有尊严的〈adj.〉
dignité	[diɲite]		尊严〈n.f.〉
digérer	[diʒeʁe]		消化；领会〈v.〉
dilemme	[dilɛm]		两难；困境〈n.m.〉
diligence	[diliʒɑ̃s]		驿站马车；勤勉（正式）〈n.f.〉
dimanche	[dimɑ̃ʃ]		星期日；周日〈n.m.〉
dimension	[dimɑ̃sjɔ̃]		尺寸；范围；维度〈n.f.〉
diminuer	[diminɥe]		减少；降低〈v.〉
dinde	[dɛ̃d]		火鸡〈n.f.〉
dingue	[dɛ̃g]		疯的（口语）〈adj.〉
dinosaure	[dinozoʁ]		恐龙〈n.m.〉
diplomate	[diplomat]		外交官〈n.〉
diplomatique	[diplomatik]		外交的；圆通的〈adj.〉
diplôme	[diplom]		文凭；证书〈n.m.〉
dire	[diʁ]		说；讲〈v.〉
direct	[diʁɛkt]		直接的；直的〈adj.〉
directement	[diʁɛktəmɑ̃]		直接地〈adv.〉
directeur	[diʁɛktœʁ]		经理；校长；主任〈n.m.〉
direction	[diʁɛksjɔ̃]		方向；管理部门〈n.f.〉
directive	[diʁɛktiv]		指令；指示〈n.f.〉
dirigeant	[diʁiʒɑ̃]		领导人；主管〈n.m.〉
diriger	[diʁiʒe]		领导；管理；操纵〈v.〉
disciple	[disipl]		门徒；追随者〈n.〉
discipline	[disiplin]		纪律；学科〈n.f.〉
discours	[diskuʁ]		演讲；话语〈n.m.〉
discret	[diskʁɛ]		谨慎的；低调的〈adj.〉
discrètement	[diskʁɛtəmɑ̃]		谨慎地；低调地〈adv.〉
discrétion	[diskʁesjɔ̃]		谨慎；慎重〈n.f.〉
discussion	[diskysjɔ̃]		讨论；谈话〈n.f.〉
discuter	[diskyte]		讨论；交谈〈v.〉
disjoncter	[disʒɔ̃kte]		跳闸；失常（口语）〈v.〉
disparaître	[dispaʁɛtʁ]		消失；失踪〈v.〉
disparition	[dispaʁisjɔ̃]		消失；失踪〈n.f.〉
disparu	[dispaʁy]		失踪者；死者；消失的〈n.m.〉
dispenser	[dispɑ̃se]		讲授；授予；免除〈v.〉
disperser	[dispɛʁse]		使分散；驱散〈v.〉
disponible	[disponibl]		可用的；有空的〈adj.〉
disposer	[dispoze]		布置；拥有〈v.〉
dispositif	[dispozitif]		装置；机制〈n.m.〉
disposition	[dispozisjɔ̃]		安排；处置〈n.f.〉
dispute	[dispyt]		争吵〈n.f.〉
disputer	[dispyte]		争夺；争吵〈v.〉
disque	[disk]		唱片；圆盘〈n.m.〉
dissimuler	[disimyle]		隐藏；掩饰〈v.〉
dissiper	[disipe]		驱散；消除〈v.〉
dissoudre	[disudʁ]		溶解；解散〈v.〉
dissuader	[disɥade]		劝阻；打消念头〈v.〉
distance	[distɑ̃s]		距离；间距〈n.f.〉
distant	[distɑ̃]		冷淡的；疏远的〈adj.〉
distinct	[distɛ̃]		清楚的；不同的〈adj.〉
distinction	[distɛ̃ksjɔ̃]		区别；殊荣〈n.f.〉
distinguer	[distɛ̃ge]		区分；辨别〈v.〉
distingué	[distɛ̃ge]		高雅的；有气派的〈adj.〉
distraction	[distʁaksjɔ̃]		消遣；分心〈n.f.〉
distraire	[distʁɛʁ]		使分心；消遣〈v.〉
distribuer	[distʁibɥe]		分发；分配〈v.〉
distributeur	[distʁibytœʁ]		自动售货机；经销商〈n.m.〉
distribution	[distʁibysjɔ̃]		分发；分配；演员阵容〈n.f.〉
district	[distʁikt]		区；行政区〈n.m.〉
diva	[diva]		女歌唱家；大牌歌星〈n.f.〉
divaguer	[divage]		胡扯；胡言乱语〈v.〉
divan	[divɑ̃]		软榻；长沙发〈n.m.〉
divers	[divɛʁ]		各种各样的〈adj.〉
diversion	[divɛʁsjɔ̃]		转移注意力；牵制〈n.f.〉
divertir	[divɛʁtiʁ]		使消遣；使娱乐〈v.〉
divertissement	[divɛʁtisəmɑ̃]		娱乐；消遣〈n.m.〉
divin	[divɛ̃]		神的；神圣的〈adj.〉
divinité	[divinite]		神；神性〈n.f.〉
diviser	[divize]		分开；划分；除〈v.〉
division	[divizjɔ̃]		分开；除法；部门〈n.f.〉
divorce	[divɔʁs]		离婚〈n.m.〉
divorcer	[divɔʁse]		离婚〈v.〉
divorcé	[divɔʁse]		离婚者；离婚的〈n.m.〉
divulguer	[divylge]		泄露；透露〈v.〉
dix	[dis]		十；十个〈adj.〉
dix-huit	[dizɥit]		十八〈adj.〉
dix-sept	[disɛt]		十七〈adj.〉
dizaine	[dizɛn]		十来个〈n.f.〉
do	[do]		哆（唱名）〈n.m.〉
dock	[dɔk]		码头；船坞〈n.m.〉
docteur	[dɔktœʁ]		医生；博士〈n.m.〉
doctorat	[dɔktoʁa]		博士学位〈n.m.〉
document	[dokymɑ̃]		文件；文献〈n.m.〉
documentaire	[dokymɑ̃tɛʁ]		纪录片〈n.m.〉
dodo	[dodo]		睡觉（儿语）〈n.m.〉
doigt	[dwa]		手指〈n.m.〉
dollar	[dolaʁ]		美元〈n.m.〉
domaine	[domɛn]		领域；庄园〈n.m.〉
domestique	[domɛstik]		仆人；家庭的〈n.〉
domicile	[domisil]		住所；家〈n.m.〉
dominant	[dominɑ̃]		占优势的；主导的〈adj.〉
domination	[dominasjɔ̃]		统治；支配〈n.f.〉
dominer	[domine]		支配；统治；俯瞰〈v.〉
dommage	[domaʒ]		遗憾；可惜；损失〈n.m.〉
dompteur	[dɔ̃ptœʁ]		驯兽师〈n.m.〉
don	[dɔ̃]		天赋；捐赠〈n.m.〉
donc	[dɔ̃k]		所以；因此〈conj.〉
donjon	[dɔ̃ʒɔ̃]		城堡主塔〈n.m.〉
donne	[dɔn]		牌局；形势〈n.〉
donner	[done]		给；给予〈v.〉
donneur	[donœʁ]		捐赠者；献血者〈n.m.〉
donné	[done]		给定的；已知的〈adj.〉
donnée	[done]		数据；资料〈n.f.〉
dont	[dɔ̃]		其中；…的〈pron.〉
dorer	[doʁe]		镀金；晒成金色〈v.〉
dormir	[dɔʁmiʁ]		睡觉〈v.〉
dortoir	[dɔʁtwaʁ]		宿舍；大寝室〈n.m.〉
doré	[doʁe]		金色的；镀金的〈adj.〉
dorénavant	[doʁenavɑ̃]		从今以后〈adv.〉
dos	[do]		背；背部〈n.m.〉
dose	[doz]		剂量；一剂〈n.f.〉
dossier	[dosje]		案卷；文件夹〈n.m.〉
dot	[dɔt]		嫁妆〈n.f.〉
doter	[dote]		赋予；配备〈v.〉
douane	[dwan]		海关；关税〈n.f.〉
double	[dubl]		两倍的；双重的〈adj.〉
doubler	[duble]		超车；加倍；配音〈v.〉
doublure	[dublyʁ]		替身；衬里〈n.f.〉
doucement	[dusəmɑ̃]		轻轻地；温和地〈adv.〉
douceur	[dusœʁ]		温柔；柔和〈n.f.〉
douche	[duʃ]		淋浴〈n.f.〉
doucher	[duʃe]		给…淋浴；冲洗〈v.〉
douer	[dwe]		使有天赋〈v.〉
douille	[duj]		弹壳；套筒〈n.f.〉
douillet	[dujɛ]		怕冷的；柔软舒适的〈adj.〉
douleur	[dulœʁ]		疼痛；痛苦〈n.f.〉
douloureux	[duluʁø]		疼痛的；痛苦的〈adj.〉
doute	[dut]		怀疑；疑问〈n.m.〉
douter	[dute]		怀疑；疑心〈v.〉
douteux	[dutø]		可疑的；靠不住的〈adj.〉
doux	[du]		温柔的；柔软的；甜的〈adj.〉
douzaine	[duzɛn]		一打；约十二个〈n.f.〉
douze	[duz]		十二〈adj.〉
doué	[dwe]		有天赋的〈adj.〉
doyen	[dwajɛ̃]		年长者；系主任〈n.m.〉
dragon	[dʁagɔ̃]		龙〈n.m.〉
draguer	[dʁage]		搭讪；调情〈v.〉
dramatique	[dʁamatik]		悲剧性的；严重的〈adj.〉
dramatiser	[dʁamatize]		夸张渲染；戏剧化〈v.〉
drame	[dʁam]		悲剧；惨剧〈n.m.〉
drap	[dʁa]		床单〈n.m.〉
drapeau	[dʁapo]		旗帜〈n.m.〉
dresser	[dʁese]		竖起；训练；拟定〈v.〉
drogue	[dʁɔg]		毒品〈n.f.〉
droguer	[dʁoge]		使吸毒；下药〈v.〉
drogué	[dʁoge]		吸毒者；上瘾的人〈n.m.〉
droit	[dʁwa]		权利；法律；右边〈n.m.〉
droite	[dʁwat]		右边；右侧〈n.f.〉
drôle	[dʁol]		好笑的；滑稽的；古怪的〈adj.〉
drôlement	[dʁoləmɑ̃]		古怪地；非常〈adv.〉
du	[dy]		一些（缩合冠词）〈art.〉
duc	[dyk]		公爵〈n.m.〉
duel	[dɥɛl]		决斗；较量〈n.m.〉
dune	[dyn]		沙丘〈n.f.〉
duo	[dɥo]		二重奏；二人组〈n.m.〉
dupe	[dyp]		受骗的；上当者〈adj.〉
duper	[dype]		欺骗〈v.〉
duquel	[dykɛl]		从其中；关于那个（用于关系从句）〈pron.〉
dur	[dyʁ]		硬的；艰难的；艰苦的〈adj.〉
durant	[dyʁɑ̃]		在…期间〈prép.〉
durement	[dyʁəmɑ̃]		严厉地；艰苦地〈adv.〉
durer	[dyʁe]		持续；延续〈v.〉
durée	[dyʁe]		持续时间；期限〈n.f.〉
dynamique	[dinamik]		有活力的；动态的〈adj.〉
dynamite	[dinamit]		炸药〈n.f.〉
dynastie	[dinasti]		王朝；朝代〈n.f.〉
dès	[dɛ]		从…起〈prép.〉
dé	[de]		骰子；色子〈n.m.〉
déballer	[debale]		拆包；抖出（秘密）〈v.〉
débarquement	[debaʁkəmɑ̃]		登陆；下船〈n.m.〉
débarquer	[debaʁke]		下船；突然出现〈v.〉
débarras	[debaʁa]		储藏室；杂物间〈n.m.〉
débarrasser	[debaʁase]		收拾；清除；摆脱〈v.〉
débat	[deba]		辩论；争论〈n.m.〉
débattre	[debatʁ]		辩论；挣扎〈v.〉
débauche	[deboʃ]		放纵；放荡〈n.f.〉
débile	[debil]		智力低下的；差劲的〈adj.〉
débloquer	[debloke]		解锁；疏通；解冻〈v.〉
déborder	[debɔʁde]		溢出；超出〈v.〉
déboucher	[debuʃe]		疏通；通向〈v.〉
débrancher	[debʁɑ̃ʃe]		拔掉插头；切断电源〈v.〉
débris	[debʁi]		碎片；残骸〈n.m.〉
débrouiller	[debʁuje]		（自行）应付；搞定〈v.〉
début	[deby]		开始；开头〈n.m.〉
débutant	[debytɑ̃]		初学者〈n.m.〉
débuter	[debyte]		开始；起步〈v.〉
décamper	[dekɑ̃pe]		溜走；开溜（口语）〈v.〉
décapiter	[dekapite]		斩首〈v.〉
décembre	[desɑ̃bʁ]		十二月〈n.m.〉
décence	[desɑ̃s]		体面；正派〈n.f.〉
décennie	[deseni]		十年〈n.f.〉
décent	[desɑ̃]		体面的；像样的〈adj.〉
déception	[desɛpsjɔ̃]		失望；扫兴〈n.f.〉
décerner	[desɛʁne]		颁发；授予〈v.〉
décevoir	[dɛsəvwaʁ]		使失望〈v.〉
décharge	[deʃaʁʒ]		垃圾场；卸货；回执〈n.f.〉
décharger	[deʃaʁʒe]		卸货；卸下〈v.〉
déchaîner	[deʃɛne]		使爆发；激起〈v.〉
déchet	[deʃɛ]		垃圾；废料〈n.m.〉
déchiffrer	[deʃifʁe]		破译；辨认〈v.〉
déchiqueter	[deʃikəte]		撕碎；剁碎〈v.〉
déchirer	[deʃiʁe]		撕裂；撕碎〈v.〉
déchiré	[deʃiʁe]		撕破的；破裂的；痛苦的〈adj.〉
décider	[deside]		决定〈v.〉
décidé	[deside]		果断的；坚决的〈adj.〉
décidément	[desidemɑ̃]		真是（加强语气）〈adv.〉
décimer	[desime]		大批杀害；重创〈v.〉
décisif	[desizif]		决定性的〈adj.〉
décision	[desizjɔ̃]		决定〈n.f.〉
déclaration	[deklaʁasjɔ̃]		声明；申报〈n.f.〉
déclarer	[deklaʁe]		声明；申报〈v.〉
déclencher	[deklɑ̃ʃe]		引发；触发〈v.〉
décliner	[dekline]		谢绝；衰落〈v.〉
déco	[deko]		装饰；布置（口语）〈adj.〉
décoder	[dekode]		解码；破译〈v.〉
décollage	[dekolaʒ]		起飞〈n.m.〉
décoller	[dekole]		起飞；揭开〈v.〉
décommander	[dekomɑ̃de]		取消〈v.〉
décomposer	[dekɔ̃poze]		分解；剖析〈v.〉
décomposition	[dekɔ̃pozisjɔ̃]		分解；腐烂〈n.f.〉
déconnecter	[dekonɛkte]		断开连接；使脱离现实〈v.〉
déconner	[dekone]		胡来；出毛病（口语）〈v.〉
déconseiller	[dekɔ̃seje]		劝阻；不建议〈v.〉
décor	[dekɔʁ]		布景；场景〈n.m.〉
décorateur	[dekoʁatœʁ]		装饰师；布景师〈n.m.〉
décoration	[dekoʁasjɔ̃]		装饰；勋章〈n.f.〉
décorer	[dekoʁe]		装饰；授勋〈v.〉
découper	[dekupe]		切；剪裁；分割〈v.〉
décourager	[dekuʁaʒe]		使泄气；使气馁〈v.〉
découvert	[dekuvɛʁ]		无遮盖的；透支的〈adj.〉
découverte	[dekuvɛʁt]		发现〈n.f.〉
découvrir	[dekuvʁiʁ]		发现；发觉〈v.〉
décret	[dekʁɛ]		法令；政令〈n.m.〉
décrire	[dekʁiʁ]		描述；描写〈v.〉
décrocher	[dekʁoʃe]		摘下；获得〈v.〉
décréter	[dekʁete]		颁布；下令〈v.〉
décès	[desɛ]		死亡〈n.m.〉
décéder	[desede]		去世〈v.〉
décédé	[desede]		去世的；已故的〈adj.〉
dédaigner	[dedeɲe]		蔑视；不屑于做〈v.〉
dédier	[dedje]		奉献；献给〈v.〉
dédommager	[dedomaʒe]		赔偿；补偿〈v.〉
déduire	[dedɥiʁ]		推断；扣除〈v.〉
déesse	[deɛs]		女神〈n.f.〉
défaillance	[defajɑ̃s]		衰竭；昏厥；故障〈n.f.〉
défaire	[defɛʁ]		拆开；解开〈v.〉
défaite	[defɛt]		失败；败仗〈n.f.〉
défaut	[defo]		缺点；缺陷〈n.m.〉
défectueux	[defɛktɥø]		有缺陷的；出故障的〈adj.〉
défendre	[defɑ̃dʁ]		保卫；禁止〈v.〉
défense	[defɑ̃s]		防御；辩护；禁止〈n.f.〉
défenseur	[defɑ̃sœʁ]		保卫者；辩护人〈n.m.〉
défensif	[defɑ̃sif]		防御的；防守的〈adj.〉
défi	[defi]		挑战〈n.m.〉
défier	[defje]		挑战〈v.〉
défigurer	[defigyʁe]		毁容；使变丑〈v.〉
défiler	[defile]		列队行进；接连出现〈v.〉
défilé	[defile]		游行；行列；时装表演〈n.m.〉
définir	[definiʁ]		下定义；确定〈v.〉
définitif	[definitif]		最终的；定局的〈adj.〉
définition	[definisjɔ̃]		定义；清晰度〈n.f.〉
définitivement	[definitivəmɑ̃]		永久地；最终地〈adv.〉
défoncer	[defɔ̃se]		砸穿；撞凹〈v.〉
défoncé	[defɔ̃se]		压塌的；嗑药的（俚语）〈adj.〉
déformer	[defɔʁme]		使变形；歪曲〈v.〉
défouler	[defule]		发泄；尽情释放〈v.〉
défunt	[defœ̃]		亡者；死者〈n.m.〉
dégager	[degaʒe]		清除；挪开；散发〈v.〉
dégainer	[degene]		拔出（枪）〈v.〉
dégommer	[degome]		干掉；击落（口语）〈v.〉
dégonfler	[degɔ̃fle]		放气；使泄气〈v.〉
dégonflé	[degɔ̃fle]		泄气的；胆小鬼（口语）〈n.m.〉
dégoter	[degote]		找到；弄到（口语）〈v.〉
dégoût	[degu]		厌恶；反感〈n.m.〉
dégoûtant	[degutɑ̃]		令人恶心的；讨厌的〈adj.〉
dégoûter	[degute]		使厌恶；使反感〈v.〉
dégrader	[degʁade]		使降级；损坏〈v.〉
déguerpir	[degɛʁpiʁ]		仓皇离开；溜走〈v.〉
dégueu	[degø]		恶心的；龌龊的（口语）〈adj.〉
dégueulasse	[degølas]		恶心的；令人作呕的（粗俗）〈adj.〉
déguisement	[degizəmɑ̃]		化装；伪装服〈n.m.〉
déguiser	[degize]		化装；伪装〈v.〉
déguisé	[degize]		化了装的；伪装的〈adj.〉
déguster	[degyste]		品尝；细细品味〈v.〉
dégât	[dega]		损害；损失〈n.m.〉
dégénérer	[deʒeneʁe]		退化；恶化；堕落〈v.〉
dégénéré	[deʒeneʁe]		堕落的；蜕化变质者〈n.m.〉
déjeuner	[deʒœne]		午餐；吃午饭〈n.m.〉
déjouer	[deʒwe]		挫败；识破〈v.〉
déjà	[deʒa]		已经〈adv.〉
délai	[delɛ]		期限；延误〈n.m.〉
délaisser	[delese]		冷落；弃置〈v.〉
délibérer	[delibeʁe]		审议；商议〈v.〉
délibérément	[delibeʁemɑ̃]		故意地；蓄意地〈adv.〉
délicat	[delika]		精致的；微妙的；娇嫩的〈adj.〉
délicatesse	[delikatɛs]		体贴；精致〈n.f.〉
délice	[delis]		乐事；极大的快乐〈n.m.〉
délicieux	[delisjø]		美味的；怡人的〈adj.〉
délier	[delje]		解开；松开〈v.〉
délinquant	[delɛ̃kɑ̃]		违法者；罪犯〈n.m.〉
délirant	[deliʁɑ̃]		疯狂的；荒诞的〈adj.〉
délire	[deliʁ]		胡话；狂热〈n.m.〉
délirer	[deliʁe]		胡言乱语；发狂〈v.〉
délit	[deli]		轻罪；违法行为〈n.m.〉
délivrer	[delivʁe]		解救；颁发〈v.〉
déluge	[delyʒ]		洪水；倾盆大雨〈n.m.〉
délégation	[delegasjɔ̃]		代表团；授权〈n.f.〉
délégué	[delege]		代表〈n.m.〉
démanger	[demɑ̃ʒe]		发痒〈v.〉
démarche	[demaʁʃ]		步态；做法；步骤〈n.f.〉
démarrer	[demaʁe]		启动；开动〈v.〉
démasquer	[demaske]		揭穿；识破〈v.〉
démence	[demɑ̃s]		痴呆；疯癫〈n.f.〉
démener	[demne]		（自己）卖力；拼命干〈v.〉
démentir	[demɑ̃tiʁ]		揭穿；与…相悖〈v.〉
démerder	[demɛʁde]		（自行）摆脱麻烦（粗口语）〈v.〉
démission	[demisjɔ̃]		辞职〈n.f.〉
démissionner	[demisjone]		辞职〈v.〉
démocrate	[demokʁat]		民主人士〈n.〉
démocratie	[demokʁasi]		民主〈n.f.〉
démocratique	[demokʁatik]		民主的〈adj.〉
démolir	[demoliʁ]		拆毁；摧毁〈v.〉
démon	[demɔ̃]		恶魔；魔鬼〈n.m.〉
démoniaque	[demonjak]		魔鬼般的；凶恶的〈adj.〉
démonstration	[demɔ̃stʁasjɔ̃]		演示；证明〈n.f.〉
démonter	[demɔ̃te]		拆卸；拆开〈v.〉
démontrer	[demɔ̃tʁe]		论证；证明〈v.〉
déménagement	[demenaʒəmɑ̃]		搬家〈n.m.〉
déménager	[demenaʒe]		搬家〈v.〉
dénicher	[deniʃe]		找出；发掘〈v.〉
dénommé	[denome]		名叫某某的〈n.m.〉
dénoncer	[denɔ̃se]		告发；揭露〈v.〉
dépanner	[depane]		救急；帮忙解围〈v.〉
départ	[depaʁ]		出发；离开〈n.m.〉
département	[depaʁtəmɑ̃]		省；部门〈n.m.〉
dépasser	[depase]		超过；越过〈v.〉
dépeindre	[depɛ̃dʁ]		描绘；刻画〈v.〉
dépendance	[depɑ̃dɑ̃s]		依赖；毒瘾；附属建筑〈n.f.〉
dépendre	[depɑ̃dʁ]		取决于〈v.〉
dépens	[depɑ̃]		花费；负担〈n.m.〉
dépense	[depɑ̃s]		开支；花费〈n.f.〉
dépenser	[depɑ̃se]		花费；花钱〈v.〉
dépit	[depi]		恼火；懊恼〈n.m.〉
déplacement	[deplasəmɑ̃]		移动；出行〈n.m.〉
déplacer	[deplase]		移动；挪动〈v.〉
déplacé	[deplase]		不恰当的；不合时宜的〈adj.〉
déplaire	[deplɛʁ]		使不悦〈v.〉
déplaisant	[deplɛzɑ̃]		令人不快的〈adj.〉
déplorer	[deploʁe]		痛惜；谴责〈v.〉
déployer	[deplwaje]		部署；施展〈v.〉
déporter	[depɔʁte]		流放；遣送〈v.〉
déporté	[depɔʁte]		被流放者；被押送者〈n.m.〉
déposer	[depoze]		放下；存放；提交〈v.〉
déposition	[depozisjɔ̃]		证词；陈述〈n.f.〉
dépouiller	[depuje]		剥夺；洗劫〈v.〉
dépression	[depʁesjɔ̃]		抑郁；萧条〈n.f.〉
déprimant	[depʁimɑ̃]		令人沮丧的〈adj.〉
déprimer	[depʁime]		使沮丧；消沉〈v.〉
déprimé	[depʁime]		沮丧的；抑郁的〈adj.〉
député	[depyte]		议员〈n.m.〉
dépêche	[depɛʃ]		快讯；急件〈n.f.〉
dépêcher	[depeʃe]		赶紧；催促〈v.〉
dépôt	[depo]		存放；仓库；沉积物〈n.m.〉
dérailler	[deʁaje]		出轨；出毛病（口语）〈v.〉
dérangement	[deʁɑ̃ʒəmɑ̃]		打扰；麻烦〈n.m.〉
déranger	[deʁɑ̃ʒe]		打扰；麻烦〈v.〉
dérangé	[deʁɑ̃ʒe]		被打乱的；精神失常的〈adj.〉
déraper	[deʁape]		打滑；失控〈v.〉
dérive	[deʁiv]		漂移；偏离〈n.f.〉
dériver	[deʁive]		漂流；源自〈v.〉
dérober	[deʁobe]		偷窃；掩饰〈v.〉
dérouler	[deʁule]		展开；（事件）进行〈v.〉
désaccord	[dezakɔʁ]		分歧；不一致〈n.m.〉
désactiver	[dezaktive]		停用；使失效〈v.〉
désagréable	[dezagʁeabl]		令人不快的〈adj.〉
désamorcer	[dezamɔʁse]		拆除引信；化解〈v.〉
désapprouver	[dezapʁuve]		不赞成；反对〈v.〉
désarmer	[dezaʁme]		缴械；解除武装〈v.〉
désastre	[dezastʁ]		灾难；惨败〈n.m.〉
désastreux	[dezastʁø]		灾难性的；糟糕的〈adj.〉
désert	[dezɛʁ]		沙漠〈n.m.〉
déserter	[dezɛʁte]		开小差；擅离〈v.〉
déserteur	[dezɛʁtœʁ]		逃兵〈n.m.〉
désespoir	[dezɛspwaʁ]		绝望〈n.m.〉
désespérer	[dezɛspeʁe]		使绝望；绝望〈v.〉
désespéré	[dezɛspeʁe]		绝望的〈adj.〉
désespérément	[dezɛspeʁemɑ̃]		绝望地；极度地〈adv.〉
déshabiller	[dezabije]		脱去衣服〈v.〉
déshonneur	[dezonœʁ]		耻辱〈n.m.〉
déshonorer	[dezonoʁe]		羞辱；玷污〈v.〉
désigner	[deziɲe]		指定；指明；任命〈v.〉
désinfecter	[dezɛ̃fɛkte]		消毒〈v.〉
désir	[deziʁ]		欲望；愿望〈n.m.〉
désirer	[deziʁe]		渴望；想要〈v.〉
désobéir	[dezobeiʁ]		违抗；不服从〈v.〉
désoler	[dezole]		使难过；（常用）抱歉〈v.〉
désolé	[dezole]		抱歉的；遗憾的〈adj.〉
désordre	[dezɔʁdʁ]		混乱；杂乱〈n.m.〉
désormais	[dezɔʁmɛ]		从今以后〈adv.〉
détacher	[detaʃe]		解开；使分开〈v.〉
détaché	[detaʃe]		分开的；松开的〈adj.〉
détail	[detaj]		细节〈n.m.〉
détailler	[detaje]		切碎；细述〈v.〉
détecter	[detɛkte]		探测；察觉〈v.〉
détecteur	[detɛktœʁ]		探测器〈n.m.〉
détective	[detɛktiv]		侦探〈n.〉
détendre	[detɑ̃dʁ]		使放松；松开〈v.〉
détendu	[detɑ̃dy]		放松的；缓和的〈adj.〉
détenir	[dɛtəniʁ]		持有；掌握〈v.〉
détente	[detɑ̃t]		放松；缓和〈n.f.〉
détention	[detɑ̃sjɔ̃]		拘押；监禁；持有〈n.f.〉
détenu	[dɛtəny]		囚犯；在押人员〈n.m.〉
détermination	[detɛʁminasjɔ̃]		决心；确定〈n.f.〉
déterminer	[detɛʁmine]		确定；查明〈v.〉
déterminé	[detɛʁmine]		坚决的；果断的〈adj.〉
déterrer	[deteʁe]		挖出；翻出〈v.〉
détester	[detɛste]		讨厌；憎恶〈v.〉
détonateur	[detonatœʁ]		雷管；起爆器〈n.m.〉
détour	[detuʁ]		绕道；弯路〈n.m.〉
détournement	[detuʁnəmɑ̃]		挪用；劫持；歪曲〈n.m.〉
détourner	[detuʁne]		使改道；挪用；转移〈v.〉
détraquer	[detʁake]		使失灵；使紊乱〈v.〉
détresse	[detʁɛs]		痛苦；危难〈n.f.〉
détroit	[detʁwa]		海峡〈n.m.〉
détromper	[detʁɔ̃pe]		使醒悟；消除误解〈v.〉
détruire	[detʁɥiʁ]		摧毁；破坏〈v.〉
dévaliser	[devalize]		抢劫；入室盗窃〈v.〉
dévaster	[devaste]		蹂躏；毁坏〈v.〉
développement	[devəlɔpəmɑ̃]		发展；发育〈n.m.〉
développer	[devəlope]		发展；开发〈v.〉
développé	[devəlope]		发达的；展开的〈adj.〉
dévier	[devje]		偏离；使转向〈v.〉
dévoiler	[devwale]		揭露；透露〈v.〉
dévorer	[devoʁe]		吞食；狼吞虎咽〈v.〉
dévotion	[devosjɔ̃]		虔诚；热忱〈n.f.〉
dévouement	[devumɑ̃]		奉献；献身精神〈n.m.〉
dévouer	[devwe]		献身；奉献〈v.〉
dévoué	[devwe]		尽职的；忠心的〈adj.〉
déçu	[desy]		失望的〈adj.〉
dîner	[dine]		晚饭；正餐〈n.m.〉
dû	[dy]		应付的；应得的〈adj.〉
e-mail	[imɛjl]		电子邮件〈n.m.〉
eau	[o]		水；水域〈n.f.〉
eau-de-vie	[odəvi]		烧酒；烈酒〈n.f.〉
ecstasy	[ɛkstazi]		摇头丸；迷狂〈n.m.〉
effacer	[efase]		擦掉；抹去〈v.〉
effectif	[efɛktif]		人员总数；编制〈n.m.〉
effectivement	[efɛktivəmɑ̃]		的确；确实〈adv.〉
effectuer	[efɛktɥe]		进行；实施〈v.〉
effet	[efɛ]		效果；影响〈n.m.〉
efficace	[efikas]		有效的〈adj.〉
efficacité	[efikasite]		有效性；功效〈n.f.〉
effleurer	[eflœʁe]		掠过；轻触〈v.〉
effondrer	[efɔ̃dʁe]		（使）倒塌；崩溃〈v.〉
efforcer	[efɔʁse]		努力；尽力〈v.〉
effort	[efɔʁ]		努力〈n.m.〉
effraction	[efʁaksjɔ̃]		破门闯入；非法侵入〈n.f.〉
effrayant	[efʁɛjɑ̃]		吓人的；骇人的〈adj.〉
effrayer	[efʁɛje]		使惊恐；吓唬〈v.〉
effrayé	[efʁɛje]		受惊的；惊恐的〈adj.〉
effroi	[efʁwa]		恐惧；惊骇〈n.m.〉
effroyable	[efʁwajabl]		可怕的；骇人的〈adj.〉
ego	[ego]		自我；自负〈n.m.〉
elfe	[ɛlf]		精灵〈n.m.〉
elle	[ɛl]		她；它〈pron.〉
elle-même	[ɛlmɛm]		她自己〈pron.〉
elles	[ɛl]		她们；它们〈pron.〉
emballage	[ɑ̃balaʒ]		包装；包装材料〈n.m.〉
emballer	[ɑ̃bale]		包装；包起来〈v.〉
embarquement	[ɑ̃baʁkəmɑ̃]		登机；装载〈n.m.〉
embarquer	[ɑ̃baʁke]		上船；装载〈v.〉
embarras	[ɑ̃baʁa]		尴尬；窘迫；麻烦〈n.m.〉
embarrassant	[ɑ̃baʁasɑ̃]		令人尴尬的〈adj.〉
embarrasser	[ɑ̃baʁase]		使尴尬；使为难〈v.〉
embarrassé	[ɑ̃baʁase]		尴尬的；为难的〈adj.〉
embauche	[ɑ̃boʃ]		雇用；招聘〈n.f.〉
embaucher	[ɑ̃boʃe]		雇用〈v.〉
embaumer	[ɑ̃bome]		散发香气；涂防腐香料〈v.〉
embellir	[ɑ̃beliʁ]		美化；增色〈v.〉
embobiner	[ɑ̃bobine]		哄骗；缠磨（口语）〈v.〉
embouteillage	[ɑ̃butɛjaʒ]		堵车〈n.m.〉
embraser	[ɑ̃bʁaze]		点燃；照亮〈v.〉
embrasse	[ɑ̃bʁas]		吻；亲吻〈n.f.〉
embrasser	[ɑ̃bʁase]		拥抱；亲吻〈v.〉
embrouille	[ɑ̃bʁuj]		纠纷；乱子（口语）〈n.f.〉
embrouiller	[ɑ̃bʁuje]		搞乱；使混乱〈v.〉
embuscade	[ɑ̃byskad]		埋伏〈n.f.〉
embêtant	[ɑ̃bɛtɑ̃]		烦人的〈adj.〉
embêter	[ɑ̃bete]		打扰；使厌烦〈v.〉
emmener	[ɑ̃məne]		带走；带（人）去〈v.〉
emmerde	[ɑ̃mɛʁd]		麻烦；烦心事（粗俗）〈n.f.〉
emmerder	[ɑ̃mɛʁde]		使厌烦（粗俗）〈v.〉
emmerdeur	[ɑ̃mɛʁdœʁ]		讨厌鬼（粗俗）〈n.m.〉
emménager	[ɑ̃menaʒe]		搬入（新居）〈v.〉
emparer	[ɑ̃paʁe]		夺取；抢占〈v.〉
empereur	[ɑ̃pəʁœʁ]		皇帝〈n.m.〉
empester	[ɑ̃pɛste]		发臭；臭气弥漫〈v.〉
empire	[ɑ̃piʁ]		帝国〈n.m.〉
empirer	[ɑ̃piʁe]		恶化〈v.〉
emplacement	[ɑ̃plasəmɑ̃]		位置；场所〈n.m.〉
emplir	[ɑ̃pliʁ]		装满；填满〈v.〉
emploi	[ɑ̃plwa]		工作；职业；用途〈n.m.〉
employer	[ɑ̃plwaje]		使用；雇用〈v.〉
employeur	[ɑ̃plwajœʁ]		雇主〈n.m.〉
employé	[ɑ̃plwaje]		雇员；员工〈n.m.〉
empocher	[ɑ̃poʃe]		放进口袋；赚得〈v.〉
empoisonner	[ɑ̃pwazone]		毒杀；下毒〈v.〉
emporter	[ɑ̃pɔʁte]		带走；拿走〈v.〉
empreinte	[ɑ̃pʁɛ̃t]		印记；足迹；指纹〈n.f.〉
emprise	[ɑ̃pʁiz]		支配；控制〈n.f.〉
emprisonner	[ɑ̃pʁizone]		监禁；关押〈v.〉
emprunt	[ɑ̃pʁœ̃]		借款；借词〈n.m.〉
emprunter	[ɑ̃pʁœ̃te]		借入；借用〈v.〉
empêcher	[ɑ̃peʃe]		阻止；妨碍〈v.〉
en	[ɑ̃]		在……里；在……期间〈prép.〉
encadrer	[ɑ̃kadʁe]		指导；监督；加框〈v.〉
encaisser	[ɑ̃kese]		收款；承受〈v.〉
enceinte	[ɑ̃sɛ̃t]		怀孕的〈adj.〉
encens	[ɑ̃sɑ̃]		香；熏香〈n.m.〉
encercler	[ɑ̃sɛʁkle]		包围〈v.〉
enchanter	[ɑ̃ʃɑ̃te]		使陶醉；使欣喜〈v.〉
enchanté	[ɑ̃ʃɑ̃te]		很高兴认识你（客套）〈adj.〉
enchaîner	[ɑ̃ʃene]		接连进行；锁住〈v.〉
enchère	[ɑ̃ʃɛʁ]		拍卖〈n.f.〉
enclencher	[ɑ̃klɑ̃ʃe]		启动；触发〈v.〉
enclin	[ɑ̃klɛ̃]		倾向于……的〈adj.〉
enclos	[ɑ̃klo]		围场；圈地〈n.m.〉
encombrer	[ɑ̃kɔ̃bʁe]		塞满；妨碍〈v.〉
encore	[ɑ̃kɔʁ]		还；再；仍然〈adv.〉
encouragement	[ɑ̃kuʁaʒəmɑ̃]		鼓励；鼓舞〈n.m.〉
encourager	[ɑ̃kuʁaʒe]		鼓励〈v.〉
encre	[ɑ̃kʁ]		墨水〈n.f.〉
enculer	[ɑ̃kyle]		鸡奸（粗俗）〈v.〉
endommager	[ɑ̃domaʒe]		损坏；毁损〈v.〉
endommagé	[ɑ̃domaʒe]		损坏的〈adj.〉
endormi	[ɑ̃dɔʁmi]		睡着的〈adj.〉
endormir	[ɑ̃dɔʁmiʁ]		使入睡；哄睡〈v.〉
endosser	[ɑ̃dose]		承担；背书〈v.〉
endroit	[ɑ̃dʁwa]		地方；地点〈n.m.〉
endurer	[ɑ̃dyʁe]		忍受；耐受〈v.〉
enfance	[ɑ̃fɑ̃s]		童年〈n.f.〉
enfant	[ɑ̃fɑ̃]		孩子；儿童〈n.〉
enfantin	[ɑ̃fɑ̃tɛ̃]		孩子的；极其简单的〈adj.〉
enfer	[ɑ̃fɛʁ]		地狱〈n.m.〉
enfermer	[ɑ̃fɛʁme]		关起来；监禁〈v.〉
enfermé	[ɑ̃fɛʁme]		被关的；封闭的〈adj.〉
enfiler	[ɑ̃file]		穿上；串起〈v.〉
enfin	[ɑ̃fɛ̃]		终于；到底；总之〈adv.〉
enflammer	[ɑ̃flame]		点燃；使激昂〈v.〉
enflammé	[ɑ̃flame]		燃烧的；红肿的；激昂的〈adj.〉
enfler	[ɑ̃fle]		肿胀；鼓起〈v.〉
enflure	[ɑ̃flyʁ]		肿胀；肿处〈n.f.〉
enfoiré	[ɑ̃fwaʁe]		混蛋（粗俗）〈n.m.〉
enfoncer	[ɑ̃fɔ̃se]		钉入；塞进；撞入〈v.〉
enfouir	[ɑ̃fwiʁ]		埋；埋藏〈v.〉
enfreindre	[ɑ̃fʁɛ̃dʁ]		违反；触犯〈v.〉
enfuir	[ɑ̃fɥiʁ]		逃走；逃跑〈v.〉
engagement	[ɑ̃gaʒəmɑ̃]		承诺；约定；投入〈n.m.〉
engager	[ɑ̃gaʒe]		雇用；着手；承诺〈v.〉
engagé	[ɑ̃gaʒe]		已占线的；已承诺的；有立场的〈adj.〉
engendrer	[ɑ̃ʒɑ̃dʁe]		引起；产生〈v.〉
engin	[ɑ̃ʒɛ̃]		装置；器械〈n.m.〉
engloutir	[ɑ̃glutiʁ]		吞没；吞噬〈v.〉
engrais	[ɑ̃gʁɛ]		肥料〈n.m.〉
engraisser	[ɑ̃gʁese]		养肥；长胖；牟利〈v.〉
engueuler	[ɑ̃gøle]		责骂（粗俗）〈v.〉
enivrer	[ɑ̃nivʁe]		使醉；使陶醉〈v.〉
enjeu	[ɑ̃ʒø]		赌注；利害关系〈n.m.〉
enlacer	[ɑ̃lase]		拥抱；搂抱〈v.〉
enlever	[ɑ̃ləve]		拿掉；脱下；除去〈v.〉
enlèvement	[ɑ̃lɛvəmɑ̃]		绑架；劫持〈n.m.〉
ennemi	[ɛnəmi]		敌人；仇敌〈n.m.〉
ennui	[ɑ̃nɥi]		无聊；烦恼〈n.m.〉
ennuyer	[ɑ̃nɥije]		使厌烦；使无聊〈v.〉
ennuyeux	[ɑ̃nɥijø]		无聊的；烦人的〈adj.〉
enquête	[ɑ̃kɛt]		调查〈n.f.〉
enquêter	[ɑ̃kete]		调查；侦查〈v.〉
enquêteur	[ɑ̃kɛtœʁ]		调查员；侦探〈n.m.〉
enrager	[ɑ̃ʁaʒe]		暴怒；恼火〈v.〉
enragé	[ɑ̃ʁaʒe]		狂怒的；患狂犬病的〈adj.〉
enregistrement	[ɑ̃ʁəʒistʁəmɑ̃]		登记；录音〈n.m.〉
enregistrer	[ɑ̃ʁəʒistʁe]		登记；录制〈v.〉
enrhumer	[ɑ̃ʁyme]		（自己）感冒〈v.〉
enrichir	[ɑ̃ʁiʃiʁ]		使富裕；充实〈v.〉
enrouler	[ɑ̃ʁule]		卷；缠绕〈v.〉
enseignant	[ɑ̃sɛɲɑ̃]		教师〈n.m.〉
enseigne	[ɑ̃sɛɲ]		招牌；军旗；少尉〈n.〉
enseignement	[ɑ̃sɛɲəmɑ̃]		教学；教育〈n.m.〉
enseigner	[ɑ̃seɲe]		教；讲授〈v.〉
ensemble	[ɑ̃sɑ̃bl]		一起；共同〈adv.〉
ensorceler	[ɑ̃sɔʁsəle]		施魔法；迷惑〈v.〉
ensuite	[ɑ̃sɥit]		然后；接着〈adv.〉
entamer	[ɑ̃tame]		开始；切开〈v.〉
entasser	[ɑ̃tase]		堆放；堆积〈v.〉
entendre	[ɑ̃tɑ̃dʁ]		听见；听懂〈v.〉
entendu	[ɑ̃tɑ̃dy]		说定的；当然〈adj.〉
entente	[ɑ̃tɑ̃t]		协定；谅解；融洽〈n.f.〉
enterrement	[ɑ̃tɛʁəmɑ̃]		葬礼；埋葬〈n.m.〉
enterrer	[ɑ̃teʁe]		埋葬；埋〈v.〉
enterré	[ɑ̃teʁe]		被埋葬的；被搁置的〈adj.〉
enthousiasme	[ɑ̃tuzjasm]		热情；热忱〈n.m.〉
enthousiaste	[ɑ̃tuzjast]		热情的；热衷的〈adj.〉
entier	[ɑ̃tje]		整个的；完整的〈adj.〉
entité	[ɑ̃tite]		实体〈n.f.〉
entièrement	[ɑ̃tjɛʁəmɑ̃]		完全地〈adv.〉
entourage	[ɑ̃tuʁaʒ]		随行人员；身边人〈n.m.〉
entourer	[ɑ̃tuʁe]		围绕；围住〈v.〉
entraider	[ɑ̃tʁɛde]		互相帮助〈v.〉
entrailles	[ɑ̃tʁaj]		内脏；肚腹〈n.f.〉
entrain	[ɑ̃tʁɛ̃]		活力；劲头〈n.m.〉
entraver	[ɑ̃tʁave]		阻碍；束缚〈v.〉
entraînement	[ɑ̃tʁɛnəmɑ̃]		训练〈n.m.〉
entraîner	[ɑ̃tʁene]		训练；导致；带动〈v.〉
entraîneur	[ɑ̃tʁɛnœʁ]		教练〈n.m.〉
entre	[ɑ̃tʁ]		在……之间〈prép.〉
entre-temps	[ɑ̃tʁətɑ̃]		在此期间〈adv.〉
entre-tuer	[ɑ̃tʁətɥe]		互相残杀〈v.〉
entreprendre	[ɑ̃tʁəpʁɑ̃dʁ]		着手进行；承担〈v.〉
entrepreneur	[ɑ̃tʁəpʁənœʁ]		企业家；承包商〈n.m.〉
entreprise	[ɑ̃tʁəpʁiz]		企业；公司〈n.f.〉
entrepôt	[ɑ̃tʁəpo]		仓库〈n.m.〉
entrer	[ɑ̃tʁe]		进入；进来〈v.〉
entretenir	[ɑ̃tʁətəniʁ]		保养；维持〈v.〉
entretien	[ɑ̃tʁətjɛ̃]		面试；保养；谈话〈n.m.〉
entretuer	[ɑ̃tʁətye]		互相残杀〈v.〉
entrevoir	[ɑ̃tʁəvwaʁ]		隐约看见；模糊预见〈v.〉
entrevue	[ɑ̃tʁəvy]		会晤；会面〈n.f.〉
entrée	[ɑ̃tʁe]		入口；进入；前菜〈n.f.〉
entuber	[ɑ̃tybe]		坑骗（口语）〈v.〉
envahir	[ɑ̃vaiʁ]		侵占；涌入〈v.〉
envahisseur	[ɑ̃vaisœʁ]		入侵者〈n.m.〉
enveloppe	[ɑ̃vəlɔp]		信封〈n.f.〉
envelopper	[ɑ̃vəlope]		包；包裹〈v.〉
envers	[ɑ̃vɛʁ]		对；对于〈prép.〉
envie	[ɑ̃vi]		渴望；想要〈n.f.〉
envier	[ɑ̃vje]		羡慕；嫉妒〈v.〉
environ	[ɑ̃viʁɔ̃]		大约；左右〈adv.〉
environnement	[ɑ̃viʁɔnəmɑ̃]		环境〈n.m.〉
envisager	[ɑ̃vizaʒe]		考虑；打算〈v.〉
envoi	[ɑ̃vwa]		寄送；发运〈n.m.〉
envol	[ɑ̃vɔl]		起飞；腾飞〈n.m.〉
envoler	[ɑ̃vole]		飞走；腾空〈v.〉
envoyer	[ɑ̃vwaje]		寄；发送〈v.〉
envoyé	[ɑ̃vwaje]		使者；特派记者〈n.m.〉
ermite	[ɛʁmit]		隐士〈n.m.〉
errant	[ɛʁɑ̃]		流浪的；漂泊的〈adj.〉
errer	[ɛʁe]		漂泊；游荡〈v.〉
erreur	[ɛʁœʁ]		错误；差错〈n.f.〉
escadron	[ɛskadʁɔ̃]		中队；骑兵连〈n.m.〉
escalade	[ɛskalad]		攀登；攀岩〈n.f.〉
escalader	[ɛskalade]		攀登；爬上〈v.〉
escale	[ɛskal]		中途停留；经停〈n.f.〉
escalier	[ɛskalje]		楼梯〈n.m.〉
escargot	[ɛskaʁgo]		蜗牛〈n.m.〉
esclavage	[ɛsklavaʒ]		奴隶制；奴役〈n.m.〉
esclave	[ɛsklav]		奴隶〈n.〉
escorte	[ɛskɔʁt]		护送；护卫队〈n.f.〉
escorter	[ɛskɔʁte]		护送〈v.〉
escroc	[ɛskʁo]		骗子〈n.m.〉
escroquer	[ɛskʁoke]		诈骗；骗取〈v.〉
escroquerie	[ɛskʁɔkəʁi]		诈骗〈n.f.〉
espace	[ɛspas]		空间；太空〈n.〉
espagnol	[ɛspaɲɔl]		西班牙的；西班牙语〈adj.〉
espion	[ɛspjɔ̃]		间谍〈n.m.〉
espionnage	[ɛspjonaʒ]		间谍活动〈n.m.〉
espionner	[ɛspjone]		侦察；监视〈v.〉
espoir	[ɛspwaʁ]		希望〈n.m.〉
esprit	[ɛspʁi]		精神；头脑；心智〈n.m.〉
espèce	[ɛspɛs]		种类；物种〈n.f.〉
espérance	[ɛspeʁɑ̃s]		希望；期望〈n.f.〉
espérer	[ɛspeʁe]		希望；盼望〈v.〉
esquinter	[ɛskɛ̃te]		弄伤；搞坏（口语）〈v.〉
esquiver	[ɛskive]		躲闪；回避〈v.〉
essai	[esɛ]		尝试；试验；论文〈n.m.〉
essayer	[eseje]		尝试；试图〈v.〉
essence	[esɑ̃s]		汽油；本质〈n.f.〉
essentiel	[esɑ̃sjɛl]		要点；本质〈n.m.〉
essuyer	[esɥije]		擦拭；擦干；遭受〈v.〉
est	[ɛst]		东；东方〈n.m.〉
est-ce que	[ɛsəkə]		（构成疑问句）是不是〈adv.〉
esthétique	[ɛstetik]		美学的；审美〈adj.〉
estimation	[ɛstimasjɔ̃]		估计；估价〈n.f.〉
estime	[ɛstim]		尊重；好感〈n.f.〉
estimer	[ɛstime]		估计；认为〈v.〉
estomac	[ɛstoma]		胃部〈n.m.〉
et	[e]		和；而且〈conj.〉
euh	[ø]		呃（犹豫时的声音）〈interj.〉
euro	[øʁo]		欧元〈n.m.〉
européen	[øʁopeɛ̃]		欧洲的；欧洲人〈adj.〉
eux	[ø]		他们（重读）〈pron.〉
eux-mêmes	[ømɛm]		他们自己〈pron.〉
ex-femme	[ɛksfam]		前妻〈n.f.〉
ex-mari	[ɛksmaʁi]		前夫〈n.m.〉
exact	[ɛgzakt]		准确的；确切的〈adj.〉
exactement	[ɛgzaktəmɑ̃]		恰好；正是〈adv.〉
exagérer	[ɛgzaʒeʁe]		夸张；夸大〈v.〉
exagéré	[ɛgzaʒeʁe]		夸张的；过分的〈adj.〉
exam	[ɛgzam]		考试（口语）〈n.m.〉
examen	[ɛgzamɛ̃]		考试；检查〈n.m.〉
examiner	[ɛgzamine]		检查；审查〈v.〉
exaspérer	[ɛgzaspeʁe]		激怒；使厌烦〈v.〉
exaucer	[ɛgzose]		应允；使如愿〈v.〉
excellence	[ɛksɛlɑ̃s]		卓越；优秀；阁下〈n.f.〉
excellent	[eksɛlɑ̃]		极好的；优秀的〈adj.〉
exceller	[ɛksele]		擅长；出类拔萃〈v.〉
excentrique	[ɛksɑ̃tʁik]		古怪的；怪异的〈adj.〉
exception	[ɛksɛpsjɔ̃]		例外〈n.f.〉
exceptionnel	[ɛksɛpsjonɛl]		异常的；杰出的〈adj.〉
excepté	[ɛksɛpte]		除……以外〈prép.〉
excessif	[ɛksesif]		过度的；过分的〈adj.〉
excitant	[ɛksitɑ̃]		令人兴奋的；刺激的〈adj.〉
excitation	[ɛksitasjɔ̃]		兴奋；刺激〈n.f.〉
exciter	[ɛksite]		使兴奋；刺激〈v.〉
excité	[ɛksite]		兴奋的；激动的〈adj.〉
exclure	[ɛksklyʁ]		排除；开除〈v.〉
exclusif	[ɛksklyzif]		独家的；专有的〈adj.〉
exclusivité	[ɛksklyzivite]		独家；专营权〈n.f.〉
excursion	[ɛkskyʁsjɔ̃]		远足；短途旅行〈n.f.〉
excuse	[ɛkskyz]		借口；道歉〈n.f.〉
excuser	[ɛkskyze]		原谅；宽恕〈v.〉
excès	[ɛksɛ]		过度；过量〈n.m.〉
exemplaire	[ɛgzɑ̃plɛʁ]		册；副本；样本〈n.m.〉
exemple	[ɛgzɑ̃pl]		例子；榜样〈n.m.〉
exercer	[ɛgzɛʁse]		行使；从事；施加〈v.〉
exercice	[ɛgzɛʁsis]		练习；锻炼〈n.m.〉
exhiber	[ɛgzibe]		炫耀；展示〈v.〉
exigeant	[ɛgziʒɑ̃]		要求高的；苛刻的〈adj.〉
exigence	[ɛgziʒɑ̃s]		要求；苛求〈n.f.〉
exiger	[ɛgziʒe]		要求；强求〈v.〉
exil	[ɛgzil]		流亡；放逐〈n.m.〉
exiler	[ɛgzile]		流放；放逐〈v.〉
exilé	[ɛgzile]		流亡者；被放逐者〈n.m.〉
existence	[ɛgzistɑ̃s]		存在；生存〈n.f.〉
exister	[ɛgziste]		存在〈v.〉
exotique	[ɛgzotik]		异域的；奇异的〈adj.〉
expert	[ɛkspɛʁ]		专家〈n.m.〉
expertise	[ɛkspɛʁtiz]		专业知识；鉴定〈n.f.〉
expier	[ɛkspje]		赎罪；抵罪〈v.〉
expirer	[ɛkspiʁe]		呼气；到期〈v.〉
explication	[ɛksplikasjɔ̃]		解释；说明〈n.f.〉
expliquer	[ɛksplike]		解释；说明〈v.〉
exploit	[ɛksplwa]		壮举；功绩〈n.m.〉
exploitation	[ɛksplwatasjɔ̃]		开采；剥削；经营〈n.f.〉
exploiter	[ɛksplwate]		剥削；开发；经营〈v.〉
explorer	[ɛksploʁe]		探索；勘探〈v.〉
exploser	[ɛksploze]		爆炸；激增〈v.〉
explosif	[ɛksplozif]		炸药；爆炸性的〈n.m.〉
explosion	[ɛksplozjɔ̃]		爆炸；爆发〈n.f.〉
expo	[ɛkspo]		展览会（口语）〈n.f.〉
exposer	[ɛkspoze]		展出；陈述；使暴露〈v.〉
exposition	[ɛkspozisjɔ̃]		展览；暴露〈n.f.〉
exposé	[ɛkspoze]		（课堂）报告；陈述〈n.m.〉
express	[ɛkspʁɛs]		特快的；快速的〈adj.〉
expression	[ɛkspʁɛsjɔ̃]		表达；表情；短语〈n.f.〉
exprimer	[ɛkspʁime]		表达；表示〈v.〉
exprès	[ɛkspʁɛ]		故意的；特意〈adj.〉
expulser	[ɛkspylse]		驱逐；开除〈v.〉
expulsion	[ɛkspylsjɔ̃]		开除；驱逐〈n.f.〉
expédier	[ɛkspedje]		寄出；草草处理〈v.〉
expédition	[ɛkspedisjɔ̃]		远征；探险；寄送〈n.f.〉
expérience	[ɛkspeʁjɑ̃s]		经验；实验〈n.f.〉
expérimental	[ɛkspeʁimɑ̃tal]		实验性的〈adj.〉
expérimenter	[ɛkspeʁimɑ̃te]		试验；尝试〈v.〉
expérimenté	[ɛkspeʁimɑ̃te]		有经验的；老练的〈adj.〉
exquis	[ɛkski]		精致的；绝妙的〈adj.〉
extase	[ɛkstaz]		狂喜；出神〈n.f.〉
extension	[ɛkstɑ̃sjɔ̃]		扩展；延伸〈n.f.〉
exterminer	[ɛkstɛʁmine]		消灭；灭绝〈v.〉
externe	[ɛkstɛʁn]		外部的；走读的〈adj.〉
extinction	[ɛkstɛ̃ksjɔ̃]		灭绝；熄灭〈n.f.〉
extra	[ɛkstʁa]		额外的；极好的〈adj.〉
extra-terrestre	[ɛkstʁatɛʁɛstʁ]		外星人；外星的〈n.〉
extraire	[ɛkstʁɛʁ]		提取；拔出〈v.〉
extrait	[ɛkstʁɛ]		摘录；节选〈n.m.〉
extraordinaire	[ɛkstʁaɔʁdinɛʁ]		非凡的；奇特的〈adj.〉
extraterrestre	[ɛkstʁatɛʁɛstʁ]		外星人；外星的〈n.〉
extravagant	[ɛkstʁavagɑ̃]		挥霍的；离谱的〈adj.〉
extrémité	[ɛkstʁemite]		末端；极端〈n.f.〉
extrême	[ɛkstʁɛm]		极度的；极端的〈adj.〉
extrêmement	[ɛkstʁɛməmɑ̃]		极其；非常〈adv.〉
extérieur	[ɛksteʁjœʁ]		外部；外面〈n.m.〉
exécuter	[ɛgzekyte]		执行；处决〈v.〉
exécution	[ɛgzekysjɔ̃]		执行；处决〈n.f.〉
fable	[fabl]		寓言；虚构的故事〈n.f.〉
fabricant	[fabʁikɑ̃]		制造商〈n.m.〉
fabrication	[fabʁikasjɔ̃]		制造；捏造〈n.f.〉
fabrique	[fabʁik]		工厂；制造〈n.f.〉
fabriquer	[fabʁike]		制造；制作〈v.〉
fabuleux	[fabylø]		惊人的；绝妙的〈adj.〉
fac	[fak]		大学（口语）〈n.f.〉
face	[fas]		脸；正面；对面〈n.f.〉
facial	[fasjal]		面部的〈adj.〉
facile	[fasil]		容易的；轻松的〈adj.〉
facilement	[fasiləmɑ̃]		容易地；轻易地〈adv.〉
faciliter	[fasilite]		使便利；促进〈v.〉
facteur	[faktœʁ]		邮递员；因素〈n.m.〉
facture	[faktyʁ]		账单；发票〈n.f.〉
faculté	[fakylte]		能力；学院；系〈n.f.〉
faible	[fɛbl]		弱的；虚弱的〈adj.〉
faiblesse	[fɛblɛs]		虚弱；弱点〈n.f.〉
faiblir	[febliʁ]		变弱；衰减〈v.〉
faille	[faj]		裂缝；破绽；缺点〈n.f.〉
faillir	[fajiʁ]		差点儿；险些〈v.〉
faillite	[fajit]		破产；倒闭〈n.f.〉
faim	[fɛ̃]		饿；饥饿〈n.f.〉
fainéant	[feneɑ̃]		懒汉；懒惰的〈n.m.〉
faire	[fɛʁ]		做；干；使〈v.〉
faisable	[fəzabl]		可行的；办得到的〈adj.〉
fait	[fɛ]		事实；行为；事件〈n.m.〉
falaise	[falɛz]		悬崖；峭壁〈n.f.〉
falloir	[falwaʁ]		必须；需要〈v.〉
falsifier	[falsifje]		伪造；篡改〈v.〉
fameux	[famø]		著名的；了不起的〈adj.〉
familial	[familjal]		家庭的；家族的〈adj.〉
familier	[familje]		熟悉的；通俗的〈adj.〉
famille	[famij]		家庭；家人〈n.f.〉
famine	[famin]		饥荒〈n.f.〉
fan	[fan]		迷；爱好者〈n.〉
fanatique	[fanatik]		狂热者；入迷的〈n.〉
faner	[fane]		凋谢；枯萎〈v.〉
fanfare	[fɑ̃faʁ]		军乐队；铜管乐〈n.f.〉
fantaisie	[fɑ̃tezi]		幻想；奇想〈n.f.〉
fantasme	[fɑ̃tasm]		幻想；妄想〈n.m.〉
fantastique	[fɑ̃tastik]		奇妙的；极好的〈adj.〉
fantôme	[fɑ̃tom]		鬼；幽灵〈n.m.〉
farce	[faʁs]		玩笑；恶作剧；馅〈n.f.〉
farci	[faʁsi]		填馅的；酿馅的〈adj.〉
farcir	[faʁsiʁ]		填馅〈v.〉
fardeau	[faʁdo]		负担；重担〈n.m.〉
farine	[faʁin]		面粉〈n.f.〉
farouche	[faʁuʃ]		凶猛的；粗野的〈adj.〉
fascinant	[fasinɑ̃]		迷人的；引人入胜的〈adj.〉
fascination	[fasinasjɔ̃]		迷恋；魅力〈n.f.〉
fasciner	[fasine]		使着迷〈v.〉
fasciste	[faʃist]		法西斯的〈adj.〉
fast-food	[fastfud]		快餐〈n.m.〉
fatal	[fatal]		致命的；灾难性的〈adj.〉
fatalité	[fatalite]		宿命；厄运〈n.f.〉
fatigant	[fatigɑ̃]		累人的〈adj.〉
fatigue	[fatig]		疲劳；疲倦〈n.f.〉
fatiguer	[fatige]		使疲劳；使累〈v.〉
fatigué	[fatige]		累的；疲倦的〈adj.〉
faucher	[foʃe]		割；撞倒；偷（俚）〈v.〉
fauché	[foʃe]		身无分文的；被割倒的〈adj.〉
faucon	[fokɔ̃]		隼；猎鹰〈n.m.〉
faufiler	[fofile]		挤过；穿行；疏缝〈v.〉
fausser	[fose]		扭曲；歪曲〈v.〉
faute	[fot]		错误；过失；犯规〈n.f.〉
fauteuil	[fotœj]		扶手椅〈n.m.〉
fautif	[fotif]		有过失的；错误的〈adj.〉
fauve	[fov]		猛兽；黄褐色的〈n.m.〉
faux	[fo]		假的；错误的〈adj.〉
faveur	[favœʁ]		恩惠；好感〈n.f.〉
favorable	[favoʁabl]		有利的；赞同的〈adj.〉
favori	[favoʁi]		最喜欢的；热门的〈adj.〉
favoriser	[favoʁize]		有利于；促进〈v.〉
fax	[faks]		传真；传真机〈n.m.〉
faxer	[fakse]		发传真〈v.〉
façade	[fasad]		正立面；门面〈n.f.〉
façon	[fasɔ̃]		方式；方法〈n.f.〉
faîte	[fɛt]		顶点；顶峰；屋脊〈n.m.〉
feindre	[fɛ̃dʁ]		假装；佯装〈v.〉
femelle	[fəmɛl]		雌性的；母的〈n.f.〉
femme	[fam]		女人；妻子〈n.f.〉
fendre	[fɑ̃dʁ]		劈开；使裂开〈v.〉
fente	[fɑ̃t]		裂缝；缝隙〈n.f.〉
fenêtre	[fənɛtʁ]		窗；窗户〈n.f.〉
fer	[fɛʁ]		铁；熨斗〈n.m.〉
ferme	[fɛʁm]		农场；农庄〈n.f.〉
fermement	[fɛʁməmɑ̃]		坚定地〈adv.〉
fermer	[fɛʁme]		关；关闭；合上〈v.〉
fermeture	[fɛʁmətyʁ]		关闭；停业；拉链〈n.f.〉
fermier	[fɛʁmje]		农场主；农民〈n.m.〉
fermé	[fɛʁme]		关闭的；闭着的〈adj.〉
ferraille	[fɛʁaj]		废铁；铁器〈n.f.〉
ferré	[fɛʁe]		钉蹄铁的；精通的〈adj.〉
fertile	[fɛʁtil]		肥沃的；多产的〈adj.〉
fesse	[fɛs]		臀部；屁股〈n.f.〉
fessée	[fese]		打屁股〈n.f.〉
festin	[fɛstɛ̃]		盛宴〈n.m.〉
festival	[fɛstival]		节；艺术节〈n.m.〉
feu	[fø]		火；火光；红绿灯〈n.m.〉
feuille	[fœj]		叶子；纸张〈n.f.〉
feuilleter	[fœjəte]		翻阅；浏览〈v.〉
feuilleton	[fœjətɔ̃]		连载小说；连续剧〈n.m.〉
fiable	[fjabl]		可靠的〈adj.〉
fiancer	[fjɑ̃se]		订婚〈v.〉
fiancé	[fjɑ̃se]		未婚夫〈n.m.〉
fiançailles	[fijɑ̃saj]		订婚〈n.f.〉
fibre	[fibʁ]		纤维〈n.f.〉
ficelle	[fisɛl]		细绳；细线〈n.f.〉
fiche	[fiʃ]		卡片；资料卡〈n.f.〉
ficher	[fiʃe]		登记；存档〈v.〉
fichier	[fiʃje]		文件；档案〈n.m.〉
fichu	[fiʃy]		糟透的；完蛋的〈adj.〉
fiction	[fiksjɔ̃]		虚构；小说〈n.f.〉
fidèle	[fidɛl]		忠实的；忠诚的〈adj.〉
fidélité	[fidelite]		忠诚；忠实〈n.f.〉
fief	[fjɛf]		封地；地盘〈n.m.〉
fier	[fjɛʁ]		自豪的；骄傲的〈adj.〉
fierté	[fjɛʁte]		自豪；骄傲〈n.f.〉
figer	[fiʒe]		使凝固；使僵住〈v.〉
figue	[fig]		无花果〈n.f.〉
figurant	[figyʁɑ̃]		临时演员〈n.m.〉
figure	[figyʁ]		脸；人物；图形〈n.f.〉
figurer	[figyʁe]		出现；位列；想象〈v.〉
figurine	[figyʁin]		小雕像；小塑像〈n.f.〉
fil	[fil]		线；线索〈n.m.〉
file	[fil]		队；行列〈n.f.〉
filer	[file]		递给；赶快离开；跟踪〈v.〉
filet	[filɛ]		网；细流；里脊〈n.m.〉
fille	[fij]		女孩；女儿〈n.f.〉
fillette	[fijɛt]		小女孩〈n.f.〉
filleul	[fijœl]		教子；受资助人〈n.m.〉
film	[film]		电影；影片〈n.m.〉
filmer	[filme]		拍摄〈v.〉
filon	[filɔ̃]		矿脉；财源〈n.m.〉
fils	[fis]		儿子〈n.m.〉
filtre	[filtʁ]		过滤器；滤嘴〈n.m.〉
filtrer	[filtʁe]		过滤；筛选〈v.〉
fin	[fɛ̃]		结束；末尾；目的〈n.〉
final	[final]		最后的；最终的〈adj.〉
finale	[final]		决赛；终曲〈n.〉
finalement	[finaləmɑ̃]		最终；到底〈adv.〉
finance	[finɑ̃s]		财政；金融〈n.f.〉
financement	[finɑ̃səmɑ̃]		融资；资金筹措〈n.m.〉
financer	[finɑ̃se]		资助；出资〈v.〉
financier	[finɑ̃sje]		金融的；财政的〈adj.〉
financièrement	[finɑ̃sjɛʁəmɑ̃]		财政上；资金方面〈adv.〉
finesse	[finɛs]		精妙；敏锐〈n.f.〉
fini	[fini]		完结的；结束了的〈adj.〉
finir	[finiʁ]		结束；完成〈v.〉
firme	[fiʁm]		公司；商行〈n.f.〉
fisc	[fisk]		税务机关〈n.m.〉
fiscal	[fiskal]		税务的；税收的〈adj.〉
fissure	[fisyʁ]		裂缝；裂痕〈n.f.〉
fiston	[fistɔ̃]		儿子（爱称）〈n.m.〉
fixe	[fiks]		固定的〈adj.〉
fixer	[fikse]		固定；注视；确定〈v.〉
fièvre	[fjɛvʁ]		发烧〈n.f.〉
flacon	[flakɔ̃]		小瓶；细颈瓶〈n.m.〉
flagrant	[flagʁɑ̃]		公然的；现行的〈adj.〉
flair	[flɛʁ]		嗅觉；直觉〈n.m.〉
flairer	[fleʁe]		嗅；嗅出；察觉〈v.〉
flambeau	[flɑ̃bo]		火炬；火把〈n.m.〉
flamber	[flɑ̃be]		烧旺；熊熊燃烧〈v.〉
flamme	[flam]		火焰〈n.f.〉
flan	[flɑ̃]		蛋奶挞；果馅饼〈n.m.〉
flanc	[flɑ̃]		侧面；侧腹〈n.m.〉
flancher	[flɑ̃ʃe]		松劲；退缩（口语）〈v.〉
flanquer	[flɑ̃ke]		猛扔；放置（口语）〈v.〉
flaque	[flak]		水洼；水坑〈n.f.〉
flash	[flaʃ]		闪光；闪光灯；快讯〈n.m.〉
flatter	[flate]		奉承；讨好〈v.〉
flatteur	[flatœʁ]		奉承的；讨好的〈adj.〉
fleur	[flœʁ]		花；花朵〈n.f.〉
fleurir	[flœʁiʁ]		开花；繁荣〈v.〉
fleuriste	[flœʁist]		花店；花商〈n.〉
fleuve	[flœv]		江；大河〈n.m.〉
flic	[flik]		警察（俚语）〈n.m.〉
flingue	[flɛ̃g]		枪（俚语）〈n.m.〉
flinguer	[flɛ̃ge]		（俚语）开枪；干掉〈v.〉
flipper	[flipe]		发慌；紧张（俚）〈v.〉
flirt	[flœʁt]		调情〈n.m.〉
flirter	[flœʁte]		调情〈v.〉
flocon	[flokɔ̃]		雪花；薄片〈n.m.〉
flot	[flo]		水流；大量〈n.m.〉
flottant	[flotɑ̃]		漂浮的；悬垂的；摇摆不定的〈adj.〉
flotte	[flɔt]		舰队；船队〈n.f.〉
flotter	[flote]		飘扬；漂浮〈v.〉
flou	[flu]		模糊的〈adj.〉
fluide	[flɥid]		流体；液体〈n.m.〉
flux	[fly]		流；流量〈n.m.〉
flèche	[flɛʃ]		箭；箭头〈n.f.〉
fléau	[fleo]		灾祸；祸害〈n.m.〉
flûte	[flyt]		长笛〈n.f.〉
foetus	[fetys]		胎儿〈n.m.〉
foi	[fwa]		信仰；信心〈n.f.〉
foie	[fwa]		肝脏〈n.m.〉
foin	[fwɛ̃]		干草〈n.m.〉
foire	[fwaʁ]		集市；博览会〈n.f.〉
foirer	[fwaʁe]		搞砸；出故障（粗俗）〈v.〉
foireux	[fwaʁø]		破烂的；差劲的（口语）〈adj.〉
fois	[fwa]		次；倍；回〈n.f.〉
folie	[foli]		疯狂；蠢事〈n.f.〉
follement	[fɔləmɑ̃]		疯狂地〈adv.〉
foncer	[fɔ̃se]		猛冲；疾驰〈v.〉
fonction	[fɔ̃ksjɔ̃]		职务；功能〈n.f.〉
fonctionnaire	[fɔ̃ksjonɛʁ]		公务员〈n.〉
fonctionnement	[fɔ̃ksjɔnəmɑ̃]		运转；运作方式〈n.m.〉
fonctionner	[fɔ̃ksjone]		运转；起作用〈v.〉
foncé	[fɔ̃se]		深色的〈adj.〉
fond	[fɔ̃]		底部；背景〈n.m.〉
fondamental	[fɔ̃damɑ̃tal]		根本的；基本的〈adj.〉
fondateur	[fɔ̃datœʁ]		创始人；奠基的〈n.m.〉
fondation	[fɔ̃dasjɔ̃]		创建；基金会；地基〈n.f.〉
fondement	[fɔ̃dəmɑ̃]		基础；根据〈n.m.〉
fonder	[fɔ̃de]		创立；建立〈v.〉
fondre	[fɔ̃dʁ]		熔化；融化〈v.〉
fonds	[fɔ̃]		资金；基金〈n.m.〉
fontaine	[fɔ̃tɛn]		泉水；喷泉〈n.f.〉
foot	[fut]		足球（口语）〈n.m.〉
football	[futbɔl]		足球〈n.m.〉
footballeur	[futbɔlœʁ]		足球运动员〈n.m.〉
force	[fɔʁs]		力气；力量；武力〈n.f.〉
forcer	[fɔʁse]		强迫；强行打开〈v.〉
forcé	[fɔʁse]		强制的；勉强的〈adj.〉
forcément	[fɔʁsemɑ̃]		必然；一定〈adv.〉
forestier	[foʁɛstje]		森林的〈adj.〉
forger	[fɔʁʒe]		锻造；锤炼〈v.〉
forgeron	[fɔʁʒəʁɔ̃]		铁匠〈n.m.〉
formalité	[fɔʁmalite]		手续；形式〈n.f.〉
formation	[fɔʁmasjɔ̃]		培训；组成〈n.f.〉
forme	[fɔʁm]		形状；形式〈n.f.〉
formel	[fɔʁmɛl]		正式的；明确的〈adj.〉
former	[fɔʁme]		形成；培养〈v.〉
formidable	[fɔʁmidabl]		极好的；了不起的〈adj.〉
formulaire	[fɔʁmylɛʁ]		表格；表单〈n.m.〉
formule	[fɔʁmyl]		公式；格式；套语〈n.f.〉
formuler	[fɔʁmyle]		表达；拟定〈v.〉
fort	[fɔʁ]		强壮的；强烈的；大声地〈adv.〉
fortement	[fɔʁtəmɑ̃]		强烈地；大大地〈adv.〉
forteresse	[fɔʁtəʁɛs]		要塞；堡垒〈n.f.〉
fortifier	[fɔʁtifje]		加固；增强〈v.〉
fortune	[fɔʁtyn]		财富；运气〈n.f.〉
fortuné	[fɔʁtyne]		富裕的；家财万贯的〈adj.〉
forêt	[foʁɛ]		森林〈n.f.〉
fosse	[fɔs]		坑；沟；墓穴〈n.f.〉
fossoyeur	[foswajœʁ]		掘墓人〈n.m.〉
fossé	[fose]		沟；鸿沟〈n.m.〉
fou	[fu]		疯的；狂热的〈adj.〉
foudre	[fudʁ]		雷电；霹雳〈n.〉
foudroyer	[fudʁwaje]		雷击般击倒；使震惊〈v.〉
fouet	[fwɛ]		鞭子〈n.m.〉
fouetter	[fwete]		鞭打；抽打〈v.〉
fouille	[fuj]		搜查；翻找〈n.f.〉
fouiller	[fuje]		翻找；搜查〈v.〉
fouiner	[fwine]		翻找；打探〈v.〉
foulard	[fulaʁ]		方巾；头巾〈n.m.〉
foule	[ful]		人群〈n.f.〉
fouler	[fule]		踩踏；扭伤〈v.〉
four	[fuʁ]		烤箱；炉子〈n.m.〉
fourchette	[fuʁʃɛt]		叉子〈n.f.〉
fourgon	[fuʁgɔ̃]		厢式货车；囚车〈n.m.〉
fourmi	[fuʁmi]		蚂蚁〈n.f.〉
fourneau	[fuʁno]		炉灶；炉子〈n.m.〉
fournir	[fuʁniʁ]		提供；供给〈v.〉
fournisseur	[fuʁnisœʁ]		供应商〈n.m.〉
fourrer	[fuʁe]		塞进；填塞〈v.〉
fourrière	[fuʁjɛʁ]		扣车场；收容所〈n.f.〉
fourrure	[fuʁyʁ]		毛皮；裘皮〈n.f.〉
foutaise	[futɛz]		胡扯；废话（粗俗）〈n.f.〉
foutre	[futʁ]		干；搞（粗俗语）〈v.〉
foutu	[futy]		完蛋的；该死的（粗）〈adj.〉
foyer	[fwaje]		家；壁炉；中心〈n.m.〉
fracas	[fʁaka]		撞击声；爆裂声〈n.m.〉
fracasser	[fʁakase]		砸碎；撞毁〈v.〉
fracture	[fʁaktyʁ]		骨折；断裂〈n.f.〉
fragile	[fʁaʒil]		易碎的；脆弱的〈adj.〉
fragment	[fʁagmɑ̃]		碎片；片段〈n.m.〉
frais	[fʁɛ]		新鲜的；凉爽的〈adj.〉
fraise	[fʁɛz]		草莓〈n.f.〉
framboise	[fʁɑ̃bwaz]		覆盆子；山莓〈n.f.〉
franc	[fʁɑ̃]		坦率的；直爽的〈adj.〉
franchement	[fʁɑ̃ʃəmɑ̃]		坦率地；说真的〈adv.〉
franchir	[fʁɑ̃ʃiʁ]		越过；跨过〈v.〉
franchise	[fʁɑ̃ʃiz]		坦率；特许经营权〈n.f.〉
frangin	[fʁɑ̃ʒɛ̃]		兄弟（口语）〈n.m.〉
français	[fʁɑ̃sɛ]		法国的；法语的；法国人〈adj.〉
frappe	[fʁap]		击打；打击〈n.f.〉
frapper	[fʁape]		敲；打；撞击〈v.〉
fraternité	[fʁatɛʁnite]		博爱；手足情谊〈n.f.〉
fraude	[fʁod]		欺诈；舞弊〈n.f.〉
frayeur	[fʁɛjœʁ]		惊恐；恐惧〈n.f.〉
fraîcheur	[fʁɛʃœʁ]		凉爽；新鲜〈n.f.〉
frein	[fʁɛ̃]		刹车；制动器〈n.m.〉
freiner	[fʁene]		刹车；制止〈v.〉
fresque	[fʁɛsk]		壁画〈n.f.〉
friandise	[fʁijɑ̃diz]		甜点；小零食〈n.f.〉
fric	[fʁik]		钱；钞票（口语）〈n.m.〉
frigo	[fʁigo]		冰箱（口语）〈n.m.〉
frimer	[fʁime]		炫耀；逞能（口语）〈v.〉
fringue	[fʁɛ̃g]		衣服（俚语）〈n.f.〉
frire	[fʁiʁ]		油炸；油煎〈v.〉
friser	[fʁize]		卷曲；烫卷〈v.〉
frisson	[fʁisɔ̃]		战栗；寒意〈n.m.〉
frissonner	[fʁisone]		颤抖；战栗〈v.〉
frisé	[fʁize]		卷曲的〈adj.〉
frite	[fʁit]		炸薯条〈n.f.〉
frivole	[fʁivɔl]		轻浮的；琐碎的〈adj.〉
froid	[fʁwa]		冷的；寒冷的〈adj.〉
froisser	[fʁwase]		弄皱；得罪〈v.〉
fromage	[fʁomaʒ]		奶酪〈n.m.〉
front	[fʁɔ̃]		额头；前线〈n.m.〉
frontière	[fʁɔ̃tjɛʁ]		边界；国境〈n.f.〉
frotter	[fʁote]		擦；揉搓〈v.〉
frousse	[fʁus]		害怕（口语）〈n.f.〉
fruit	[fʁɥi]		水果；成果〈n.m.〉
frustration	[fʁystʁasjɔ̃]		挫败感；不满〈n.f.〉
frustrer	[fʁystʁe]		使受挫；使沮丧〈v.〉
frère	[fʁɛʁ]		兄弟；哥哥；弟弟〈n.m.〉
frémir	[fʁemiʁ]		颤抖；颤动〈v.〉
fréquence	[fʁekɑ̃s]		频率；次数〈n.f.〉
fréquent	[fʁekɑ̃]		频繁的；常见的〈adj.〉
fréquentation	[fʁekɑ̃tasjɔ̃]		常去；光顾；交往〈n.f.〉
fréquenter	[fʁekɑ̃te]		常去；与…交往〈v.〉
frérot	[fʁeʁo]		兄弟（俚语称呼）〈n.m.〉
frôler	[fʁole]		擦过；贴近掠过〈v.〉
fugitif	[fyʒitif]		逃亡者；逃犯〈n.m.〉
fugue	[fyg]		离家出走；赋格曲〈n.f.〉
fuguer	[fyge]		离家出走；私奔〈v.〉
fuir	[fɥiʁ]		逃跑；逃避〈v.〉
fuite	[fɥit]		逃跑；泄漏〈n.f.〉
fumer	[fyme]		吸烟；抽烟〈v.〉
fumeur	[fymœʁ]		吸烟者〈n.m.〉
fumier	[fymje]		粪肥；（骂）坏蛋〈n.m.〉
fumé	[fyme]		烟熏的〈adj.〉
fumée	[fyme]		烟；烟雾〈n.f.〉
fun	[fyn]		乐趣；有趣〈n.m.〉
funeste	[fynɛst]		不祥的；致命的〈adj.〉
funèbre	[fynɛbʁ]		葬礼的；阴沉的〈adj.〉
funérailles	[fyneʁaj]		葬礼〈n.f.〉
furax	[fyʁaks]		暴怒的（俚语）〈adj.〉
fureur	[fyʁœʁ]		狂怒〈n.f.〉
furie	[fyʁi]		狂怒；暴怒〈n.f.〉
furieux	[fyʁjø]		狂怒的；激烈的〈adj.〉
fusible	[fyzibl]		保险丝〈n.m.〉
fusil	[fyzi]		枪；步枪〈n.m.〉
fusillade	[fyzijad]		枪战；连射〈n.f.〉
fusiller	[fyzije]		枪决；枪杀〈v.〉
fusion	[fyzjɔ̃]		合并；融合；聚变〈n.f.〉
fusionner	[fyzjone]		合并；融合〈v.〉
fusée	[fyze]		火箭〈n.f.〉
futile	[fytil]		琐碎的；无谓的〈adj.〉
futur	[fytyʁ]		未来；将来〈n.m.〉
futé	[fyte]		机灵的；精明的〈adj.〉
fâcher	[faʃe]		使生气；惹恼〈v.〉
fâcheux	[faʃø]		令人恼火的；尴尬的〈adj.〉
fâché	[faʃe]		生气的；恼火的〈adj.〉
fédéral	[fedeʁal]		联邦的；联邦制的〈adj.〉
fédération	[fedeʁasjɔ̃]		联合会；联盟〈n.f.〉
fée	[fe]		仙女〈n.f.〉
félicitation	[felisitasjɔ̃]		祝贺〈n.f.〉
féliciter	[felisite]		祝贺〈v.〉
féminin	[feminɛ̃]		女性的；阴性的〈adj.〉
féroce	[feʁɔs]		凶猛的；残忍的〈adj.〉
février	[fevʁije]		二月〈n.m.〉
fête	[fɛt]		节日；庆祝会；聚会〈n.f.〉
fêter	[fete]		庆祝〈v.〉
gadget	[gadʒɛt]		小玩意儿；小发明〈n.m.〉
gaffe	[gaf]		失言；失礼（口语）〈n.f.〉
gaffer	[gafe]		说漏嘴；出糗（口语）〈v.〉
gag	[gag]		噱头；笑料〈n.m.〉
gage	[gaʒ]		抵押；保证〈n.m.〉
gagnant	[gaɲɑ̃]		获胜者；赢家〈n.m.〉
gagner	[gaɲe]		赢得；挣得〈v.〉
gagné	[gaɲe]		赢了的；已成定局的〈adj.〉
gai	[gɛ]		快乐的；欢快的〈adj.〉
gaiement	[gemɑ̃]		快活地〈adv.〉
gaieté	[gete]		快乐；欢快〈n.f.〉
gaillard	[gajaʁ]		精壮汉子；家伙〈n.m.〉
gain	[gɛ̃]		收益；利润〈n.m.〉
gala	[gala]		庆典晚会；义演〈n.m.〉
galant	[galɑ̃]		殷勤的；献媚的〈adj.〉
galaxie	[galaksi]		星系；银河系〈n.f.〉
gale	[gal]		疥疮；（兽）疥癣〈n.f.〉
galerie	[galəʁi]		画廊；走廊〈n.f.〉
galon	[galɔ̃]		饰带；（军装）袖条纹〈n.m.〉
galop	[galo]		疾驰；飞奔〈n.m.〉
galoper	[galope]		疾驰；飞奔〈v.〉
gamin	[gamɛ̃]		小孩；调皮鬼（口语）〈n.m.〉
gamme	[gam]		音阶；一系列〈n.f.〉
gang	[gɑ̃g]		帮派；团伙〈n.m.〉
gangster	[gɑ̃gstɛʁ]		歹徒；匪徒〈n.m.〉
gant	[gɑ̃]		手套〈n.m.〉
garage	[gaʁaʒ]		车库；修车行〈n.m.〉
garant	[gaʁɑ̃]		保证人；担保者〈adj.〉
garanti	[gaʁɑ̃ti]		有保证的〈adj.〉
garantie	[gaʁɑ̃ti]		保证；保修单〈n.f.〉
garantir	[gaʁɑ̃tiʁ]		保证；担保〈v.〉
garce	[gaʁs]		贱人（骂人语）〈n.f.〉
garde	[gaʁd]		看守；警卫〈n.〉
garde-robe	[gaʁdəʁɔb]		衣柜；全部衣物〈n.f.〉
garder	[gaʁde]		保管；看守；保持〈v.〉
gardien	[gaʁdjɛ̃]		看守者；守门员〈n.m.〉
gardé	[gaʁde]		被看守的；受保护的〈adj.〉
gare	[gaʁ]		火车站〈n.f.〉
garer	[gaʁe]		停放（车辆）〈v.〉
garnison	[gaʁnizɔ̃]		驻军；卫戍部队〈n.f.〉
gars	[ga]		男孩；家伙（口语）〈n.m.〉
garçon	[gaʁsɔ̃]		男孩；儿子；服务员〈n.m.〉
gaspiller	[gaspije]		浪费〈v.〉
gauche	[goʃ]		左边；左侧；笨拙的〈n.〉
gaucher	[goʃe]		左撇子的〈adj.〉
gaufre	[gofʁ]		华夫饼〈n.f.〉
gaver	[gave]		填饱；喂饱；灌输〈v.〉
gay	[gɛ]		同性恋的〈adj.〉
gaz	[gaz]		气体；煤气〈n.m.〉
gazelle	[gazɛl]		瞪羚〈n.f.〉
gazeux	[gazø]		气体的；含汽的〈adj.〉
gazon	[gazɔ̃]		草坪；草皮〈n.m.〉
geisha	[geʃa]		艺伎〈n.f.〉
gel	[ʒɛl]		严寒；冰冻〈n.m.〉
geler	[ʒəle]		结冰；冻结；冻僵〈v.〉
gelé	[ʒəle]		结冰的；冻结的〈adj.〉
gelée	[ʒəle]		果冻；霜冻〈n.f.〉
gendarme	[ʒɑ̃daʁm]		宪兵〈n.m.〉
gendarmerie	[ʒɑ̃daʁməʁi]		宪兵队〈n.f.〉
gendre	[ʒɑ̃dʁ]		女婿〈n.m.〉
genou	[ʒənu]		膝盖〈n.m.〉
genre	[ʒɑ̃ʁ]		类型；种类；性别〈n.m.〉
gens	[ʒɑ̃]		人们〈n.〉
gentil	[ʒɑ̃ti]		和善的；亲切的；乖的〈adj.〉
gentillesse	[ʒɑ̃tijɛs]		亲切；和善〈n.f.〉
gentiment	[ʒɑ̃timɑ̃]		温和地；客气地〈adv.〉
gentleman	[dʒɛntləman]		绅士〈n.m.〉
geste	[ʒɛst]		手势；举动〈n.〉
gestion	[ʒɛstjɔ̃]		管理；经营〈n.f.〉
ghetto	[gɛto]		贫民区；聚居区〈n.m.〉
gibier	[ʒibje]		猎物；野味〈n.m.〉
gicler	[ʒikle]		喷；溅〈v.〉
gifle	[ʒifl]		耳光〈n.f.〉
gifler	[ʒifle]		掴；扇耳光〈v.〉
gigantesque	[ʒigɑ̃tɛsk]		巨大的；庞大的〈adj.〉
gilet	[ʒilɛ]		背心；马甲〈n.m.〉
gin	[dʒin]		杜松子酒〈n.m.〉
girafe	[ʒiʁaf]		长颈鹿〈n.f.〉
gitan	[ʒitɑ̃]		吉卜赛人〈n.m.〉
glace	[glas]		冰；冰淇淋；镜子〈n.f.〉
glacer	[glase]		冷冻；使惊呆〈v.〉
glacial	[glasjal]		冰冷的；冷淡的〈adj.〉
glacier	[glasje]		冰川；冷饮店〈n.m.〉
glacé	[glase]		冰冷的；结冰的〈adj.〉
gladiateur	[gladjatœʁ]		角斗士〈n.m.〉
gland	[glɑ̃]		橡果；橡子〈n.m.〉
glande	[glɑ̃d]		腺〈n.f.〉
glander	[glɑ̃de]		闲混；偷懒（口语）〈v.〉
glaçon	[glasɔ̃]		冰块〈n.m.〉
glissant	[glisɑ̃]		滑的；湿滑的〈adj.〉
glisser	[glise]		滑动；滑落〈v.〉
global	[global]		总体的；全局的〈adj.〉
globe	[glɔb]		球体；地球〈n.m.〉
globule	[glɔbyl]		（血）球〈n.m.〉
gloire	[glwaʁ]		光荣；声誉〈n.〉
glorieux	[gloʁjø]		光荣的；辉煌的〈adj.〉
gnome	[gnom]		地精；小精灵〈n.m.〉
gobelet	[gɔbəlɛ]		（纸、塑料）杯〈n.m.〉
gober	[gobe]		轻信；吞食〈v.〉
golf	[gɔlf]		高尔夫球〈n.m.〉
gomme	[gɔm]		橡皮；树胶〈n.f.〉
gonfler	[gɔ̃fle]		充气；使膨胀〈v.〉
gonflé	[gɔ̃fle]		鼓起的；过分的〈adj.〉
gonzesse	[gɔ̃zɛs]		（口语）姑娘〈n.f.〉
gorge	[gɔʁʒ]		喉咙；峡谷〈n.〉
gorgée	[gɔʁʒe]		一口；一小口〈n.f.〉
gorille	[goʁij]		大猩猩〈n.m.〉
gosse	[gɔs]		小孩；家伙（口语）〈n.〉
goudron	[gudʁɔ̃]		沥青；柏油〈n.m.〉
gouffre	[gufʁ]		深渊；无底洞〈n.m.〉
gourde	[guʁd]		葫芦；水壶〈n.f.〉
gourer	[guʁe]		搞错（俚语）〈v.〉
gourmand	[guʁmɑ̃]		贪吃的；爱吃甜食的〈adj.〉
goutte	[gut]		滴；一滴〈n.f.〉
gouttière	[gutjɛʁ]		檐槽；排水沟〈n.f.〉
gouvernail	[guvɛʁnaj]		船舵；方向〈n.m.〉
gouvernante	[guvɛʁnɑ̃t]		女管家〈n.f.〉
gouvernement	[guvɛʁnəmɑ̃]		政府〈n.m.〉
gouvernemental	[guvɛʁnəmɑ̃tal]		政府的〈adj.〉
gouverner	[guvɛʁne]		统治；治理〈v.〉
gouverneur	[guvɛʁnœʁ]		省长；州长；总督〈n.m.〉
goût	[gu]		味道；品味〈n.m.〉
goûter	[gute]		品尝〈v.〉
gracier	[gʁasje]		特赦；赦免〈v.〉
gracieux	[gʁasjø]		优雅的；殷勤的〈adj.〉
grade	[gʁad]		军衔；级别〈n.m.〉
graffiti	[gʁafiti]		涂鸦〈n.m.〉
grain	[gʁɛ̃]		颗粒；一粒〈n.m.〉
graine	[gʁɛn]		种子〈n.f.〉
graisse	[gʁɛs]		脂肪；油脂〈n.f.〉
graisser	[gʁese]		抹油；润滑〈v.〉
gramme	[gʁam]		克〈n.m.〉
grand	[gʁɑ̃]		大的；高大的〈adj.〉
grand-chose	[gʁɑ̃ʃoz]		重要的东西（多用于否定）〈pron.〉
grand-mère	[gʁɑ̃mɛʁ]		祖母；外祖母〈n.f.〉
grand-papa	[gʁɑ̃papa]		爷爷；外公（儿语）〈n.m.〉
grand-père	[gʁɑ̃pɛʁ]		祖父；外祖父〈n.m.〉
grandeur	[gʁɑ̃dœʁ]		大小；伟大〈n.f.〉
grandiose	[gʁɑ̃djoz]		宏伟的；壮丽的〈adj.〉
grandir	[gʁɑ̃diʁ]		长大；增高〈v.〉
grands-parents	[gʁɑ̃paʁɑ̃]		祖父母；外祖父母〈n.m.〉
grange	[gʁɑ̃ʒ]		谷仓〈n.f.〉
grappe	[gʁap]		（葡萄）串；簇〈n.f.〉
gras	[gʁa]		肥的；油腻的〈adj.〉
gratis	[gʁatis]		免费〈adv.〉
gratitude	[gʁatityd]		感激；感恩〈n.f.〉
gratos	[gʁatos]		免费（口语）〈adv.〉
gratter	[gʁate]		刮；抓〈v.〉
gratuit	[gʁatɥi]		免费的〈adj.〉
gratuitement	[gʁatɥitəmɑ̃]		免费地〈adv.〉
grave	[gʁav]		严重的；重大的〈adj.〉
gravement	[gʁavəmɑ̃]		严重地〈adv.〉
graver	[gʁave]		雕刻；铭记〈v.〉
gravier	[gʁavje]		碎石；砾石〈n.m.〉
gravir	[gʁaviʁ]		攀登；爬上〈v.〉
gravité	[gʁavite]		重力；严重性〈n.f.〉
grec	[gʁɛk]		希腊的；希腊人〈adj.〉
greffe	[gʁɛf]		移植；登记处〈n.〉
greffer	[gʁefe]		嫁接；移植〈v.〉
grenade	[gʁənad]		石榴；手榴弹〈n.f.〉
grenier	[gʁənje]		阁楼〈n.m.〉
grenouille	[gʁənuj]		青蛙〈n.f.〉
griffe	[gʁif]		爪；抓痕〈n.f.〉
griffer	[gʁife]		抓伤；划破〈v.〉
grignoter	[gʁiɲote]		啃食；吃零嘴〈v.〉
grille	[gʁij]		格子；栅栏〈n.f.〉
grille-pain	[gʁijpɛ̃]		烤面包机〈n.m.〉
griller	[gʁije]		烤；烧断（灯泡）〈v.〉
grillé	[gʁije]		烤的；烤焦的〈adj.〉
grimace	[gʁimas]		鬼脸；怪相〈n.f.〉
grimper	[gʁɛ̃pe]		攀爬〈v.〉
grincer	[gʁɛ̃se]		发出嘎吱声〈v.〉
gringo	[gʁiŋo]		外国佬（拉美俚语）〈n.m.〉
grippe	[gʁip]		流感〈n.f.〉
gris	[gʁi]		灰色的〈adj.〉
grogner	[gʁoɲe]		嘟囔；低吼〈v.〉
gronder	[gʁɔ̃de]		训斥；吼叫〈v.〉
gros	[gʁo]		胖的；粗的；大的〈adj.〉
grossesse	[gʁosɛs]		怀孕；妊娠〈n.f.〉
grossier	[gʁosje]		粗鲁的；粗糙的〈adj.〉
grossir	[gʁosiʁ]		变胖；增大〈v.〉
grossièreté	[gʁosjɛʁəte]		粗鲁；粗话〈n.f.〉
grotesque	[gʁotɛsk]		荒诞的；怪诞的〈adj.〉
grotte	[gʁɔt]		洞穴〈n.f.〉
grouiller	[gʁuje]		蠕动；挤满；乱动〈v.〉
groupe	[gʁup]		小组；群体〈n.m.〉
grouper	[gʁupe]		聚合；分组〈v.〉
grue	[gʁy]		起重机；鹤〈n.f.〉
grâce	[gʁas]		多亏；幸亏〈prép.〉
grève	[gʁɛv]		罢工〈n.f.〉
gré	[gʁe]		意愿（用于固定短语）〈n.m.〉
guerre	[gɛʁ]		战争〈n.f.〉
guerrier	[gɛʁje]		战士〈n.m.〉
guet	[gɛ]		警戒；放哨〈n.m.〉
guetter	[gete]		守候；窥伺〈v.〉
gueule	[gœl]		（动物的）嘴；嘴脸（粗俗）〈n.f.〉
gueuler	[gœle]		大喊大叫（口语）〈v.〉
guichet	[giʃɛ]		窗口；售票窗〈n.m.〉
guide	[gid]		导游；指南〈n.〉
guider	[gide]		引导；指导〈v.〉
guignol	[giɲɔl]		木偶；傻瓜（口语）〈n.m.〉
guise	[giz]		方式；名目（固定短语）〈n.f.〉
guitare	[gitaʁ]		吉他〈n.f.〉
guitariste	[gitaʁist]		吉他手〈n.〉
gus	[gys]		家伙（口语）〈n.m.〉
guère	[gɛʁ]		几乎不；不怎么〈adv.〉
guéri	[geʁi]		痊愈的；治好的〈adj.〉
guérilla	[geʁija]		游击战〈n.f.〉
guérir	[geʁiʁ]		治愈；痊愈〈v.〉
guérison	[geʁizɔ̃]		痊愈；治愈〈n.f.〉
guérisseur	[geʁisœʁ]		治病人；巫医〈n.m.〉
guêpe	[gɛp]		黄蜂；马蜂〈n.f.〉
gym	[ʒim]		体操；健身房〈n.f.〉
gymnase	[ʒimnaz]		体育馆；健身房〈n.m.〉
gymnastique	[ʒimnastik]		体操〈n.f.〉
gâcher	[gaʃe]		浪费；糟蹋〈v.〉
gâchette	[gaʃɛt]		扳机〈n.f.〉
gâchis	[gaʃi]		浪费；糟蹋〈n.m.〉
gâteau	[gato]		蛋糕〈n.m.〉
gâter	[gate]		宠爱；溺爱〈v.〉
gâté	[gate]		被宠坏的〈adj.〉
gène	[ʒɛn]		基因〈n.m.〉
géant	[ʒeɑ̃]		巨大的；巨人〈adj.〉
gémir	[ʒemiʁ]		呻吟；叹息；抱怨〈v.〉
gémissement	[ʒemisəmɑ̃]		呻吟；叹息〈n.m.〉
génial	[ʒenjal]		极好的；绝妙的〈adj.〉
génie	[ʒeni]		天才；才华〈n.m.〉
général	[ʒeneʁal]		将军；总的；一般的〈n.m.〉
généralement	[ʒeneʁaləmɑ̃]		一般地；通常〈adv.〉
générateur	[ʒeneʁatœʁ]		发电机；发生器〈n.m.〉
génération	[ʒeneʁasjɔ̃]		一代人；世代〈n.f.〉
générer	[ʒeneʁe]		产生；生成；引起〈v.〉
généreux	[ʒeneʁø]		慷慨的；宽宏的〈adj.〉
générosité	[ʒeneʁozite]		慷慨；大方〈n.f.〉
génétique	[ʒenetik]		遗传的；基因的〈adj.〉
géographie	[ʒeogʁafi]		地理〈n.f.〉
géomètre	[ʒeomɛtʁ]		测量员；几何学家〈n.〉
gérant	[ʒeʁɑ̃]		经理；经营者〈n.m.〉
gérer	[ʒeʁe]		管理；经营〈v.〉
gésir	[ʒeziʁ]		躺卧；长眠（书面语）〈v.〉
gênant	[ʒɛnɑ̃]		令人尴尬的〈adj.〉
gêne	[ʒɛn]		尴尬；不便；贫困〈n.f.〉
gêner	[ʒene]		使尴尬；妨碍〈v.〉
gêné	[ʒɛne]		尴尬的；拘束的〈adj.〉
ha	[a]		哈（惊叹声）〈interj.〉
habile	[abil]		灵巧的；巧妙的〈adj.〉
habiller	[abije]		穿衣；给……穿衣〈v.〉
habillé	[abije]		穿好衣服的；盛装的〈adj.〉
habit	[abi]		衣服〈n.m.〉
habitant	[abitɑ̃]		居民〈n.m.〉
habiter	[abite]		居住；住在〈v.〉
habitude	[abityd]		习惯〈n.f.〉
habituel	[abitɥɛl]		惯常的；通常的〈adj.〉
habituellement	[abitɥɛləmɑ̃]		通常；惯常〈adv.〉
habituer	[abitɥe]		使习惯〈v.〉
habitué	[abitɥe]		常客；老主顾〈n.m.〉
hache	[aʃ]		斧头〈n.f.〉
hacher	[aʃe]		剁碎；切碎〈v.〉
haie	[ɛ]		树篱；篱笆〈n.f.〉
haine	[ɛn]		仇恨；憎恨〈n.f.〉
haleine	[alɛn]		呼吸；口气〈n.f.〉
hall	[ol]		门厅；大厅〈n.m.〉
hallucination	[alysinasjɔ̃]		幻觉〈n.f.〉
halluciner	[alysine]		产生幻觉；令人咋舌（口语）〈v.〉
halte	[alt]		站住；停下（喝令）〈interj.〉
hamburger	[ɑ̃buʁgœʁ]		汉堡包〈n.m.〉
hameçon	[aməsɔ̃]		鱼钩〈n.m.〉
hamster	[amstɛʁ]		仓鼠〈n.m.〉
hanche	[ɑ̃ʃ]		髋部〈n.f.〉
handicap	[ɑ̃dikap]		障碍；残疾；不利条件〈n.m.〉
handicaper	[ɑ̃dikape]		妨碍；拖累〈v.〉
handicapé	[ɑ̃dikape]		残疾人〈n.m.〉
hangar	[ɑ̃gaʁ]		库房；机库；棚〈n.m.〉
hanter	[ɑ̃te]		（鬼魂）出没；萦绕〈v.〉
harceler	[aʁsəle]		骚扰；纠缠〈v.〉
harcèlement	[aʁsɛləmɑ̃]		骚扰〈n.m.〉
hardi	[aʁdi]		大胆的；勇敢的〈adj.〉
hareng	[aʁɑ̃]		鲱鱼〈n.m.〉
haricot	[aʁiko]		菜豆；豆子〈n.m.〉
harmonie	[aʁmoni]		和谐；融洽〈n.f.〉
hasard	[azaʁ]		偶然；运气〈n.m.〉
hasch	[aʃ]		大麻浓缩物（毒品）〈n.m.〉
hausse	[os]		上涨；提高〈n.f.〉
haut	[o]		高处；顶端〈n.m.〉
haut-parleur	[opaʁlœʁ]		扬声器；喇叭〈n.m.〉
hautement	[otəmɑ̃]		高度地〈adv.〉
hauteur	[otœʁ]		高度；傲慢〈n.f.〉
haïr	[aiʁ]		憎恨；痛恨〈v.〉
hectare	[ɛktaʁ]		公顷〈n.m.〉
hein	[ɛ̃]		是吧；嗯？（口语）〈interj.〉
herbe	[ɛʁb]		草；草地〈n.f.〉
hernie	[ɛʁni]		疝气〈n.f.〉
heu	[ø]		呃（迟疑声）〈interj.〉
heure	[œʁ]		小时；钟点；时刻〈n.f.〉
heureusement	[øʁøzəmɑ̃]		幸好；所幸〈adv.〉
heureux	[øʁø]		幸福的；高兴的〈adj.〉
heurter	[œʁte]		碰撞；冒犯〈v.〉
hibou	[ibu]		猫头鹰〈n.m.〉
hic	[ik]		难处；症结（口语）〈n.m.〉
hideux	[idø]		丑陋的；骇人的〈adj.〉
hier	[jɛʁ]		昨天〈adv.〉
hilarant	[ilaʁɑ̃]		令人捧腹的〈adj.〉
hippie	[ipi]		嬉皮士〈n.〉
hippopotame	[ipopotam]		河马〈n.m.〉
hisser	[ise]		升起；拉起〈v.〉
histoire	[istwaʁ]		故事；历史〈n.f.〉
historien	[istoʁjɛ̃]		历史学家〈n.m.〉
historique	[istoʁik]		历史的；历史性的〈adj.〉
hiver	[ivɛʁ]		冬天〈n.m.〉
hiérarchie	[jeʁaʁʃi]		等级制度；层次〈n.f.〉
hobby	[ɔbi]		业余爱好〈n.m.〉
hockey	[ɔkɛ]		冰球；曲棍球〈n.m.〉
hold-up	[ɔldœp]		持械抢劫〈n.m.〉
hollandais	[olɑ̃dɛ]		荷兰的；荷兰人〈adj.〉
homard	[omaʁ]		龙虾〈n.m.〉
homicide	[omisid]		杀人；凶杀案〈n.m.〉
hommage	[omaʒ]		致敬；敬意〈n.m.〉
homme	[ɔm]		男人；人〈n.m.〉
homosexualité	[omoseksɥalite]		同性恋〈n.f.〉
homosexuel	[omoseksɥɛl]		同性恋的；同性恋者〈adj.〉
honneur	[onœʁ]		荣誉；名誉；敬意〈n.m.〉
honnête	[onɛt]		诚实的；正派的〈adj.〉
honnêtement	[onɛtəmɑ̃]		诚实地；老实说〈adv.〉
honnêteté	[onɛtte]		诚实；正直〈n.f.〉
honorable	[onoʁabl]		可敬的；体面的〈adj.〉
honoraire	[onoʁɛʁ]		名誉的；荣誉的〈adj.〉
honorer	[onoʁe]		尊敬；履行〈v.〉
honoré	[onoʁe]		荣幸的；受人尊敬的〈adj.〉
honte	[ɔ̃t]		羞耻；耻辱〈n.f.〉
honteux	[ɔ̃tø]		可耻的；羞耻的〈adj.〉
horaire	[oʁɛʁ]		时刻表；时间的〈n.m.〉
horde	[ɔʁd]		一大群；游群〈n.f.〉
horizon	[oʁizɔ̃]		地平线；眼界〈n.m.〉
horloge	[ɔʁlɔʒ]		钟；挂钟〈n.f.〉
hormis	[ɔʁmi]		除…之外〈prép.〉
hormone	[ɔʁmɔn]		激素；荷尔蒙〈n.f.〉
horoscope	[oʁoskɔp]		星座运势〈n.m.〉
horreur	[oʁœʁ]		恐怖；憎恶〈n.f.〉
horrible	[oʁibl]		可怕的；糟透的〈adj.〉
horriblement	[oʁibləmɑ̃]		可怕地；极其〈adv.〉
hors	[ɔʁ]		在……之外〈prép.〉
hors-la-loi	[ɔʁlalwa]		法外之徒；逃犯〈n.m.〉
hospice	[ɔspis]		养老院；收容所〈n.m.〉
hospitaliser	[ɔspitalize]		送入医院〈v.〉
hospitalité	[ɔspitalite]		好客；款待〈n.f.〉
hostile	[ɔstil]		敌对的〈adj.〉
hostilité	[ɔstilite]		敌意；敌对〈n.f.〉
hosto	[ɔsto]		医院（口语）〈n.m.〉
hot dog	[ɔtdɔg]		热狗〈n.m.〉
hot-dog	[ɔtdɔg]		热狗〈n.m.〉
hublot	[yblo]		舷窗；观察窗〈n.m.〉
huile	[ɥil]		油；油脂〈n.f.〉
huissier	[ɥisje]		法警；执达员〈n.m.〉
huit	[ɥit]		八〈adj.〉
hum	[œm]		嗯（迟疑声）〈interj.〉
humain	[ymɛ̃]		人类的；有人情味的〈adj.〉
humanité	[ymanite]		人类；人性；人道〈n.f.〉
humble	[œ̃bl]		谦卑的；卑微的〈adj.〉
humblement	[œ̃bləmɑ̃]		谦卑地〈adv.〉
humeur	[ymœʁ]		心情；情绪〈n.f.〉
humide	[ymid]		潮湿的〈adj.〉
humidité	[ymidite]		湿度；潮湿〈n.f.〉
humiliant	[ymiljɑ̃]		令人羞辱的〈adj.〉
humiliation	[ymiljasjɔ̃]		羞辱；屈辱〈n.f.〉
humilier	[ymilje]		羞辱；使丢脸〈v.〉
humilité	[ymilite]		谦虚；谦卑〈n.f.〉
humilié	[ymilje]		受辱的；蒙羞的〈adj.〉
humour	[ymuʁ]		幽默〈n.m.〉
hurlement	[yʁləmɑ̃]		嚎叫；咆哮〈n.m.〉
hurler	[yʁle]		吼叫；喊叫〈v.〉
hutte	[yt]		小木屋；棚屋〈n.f.〉
huître	[ɥitʁ]		牡蛎〈n.f.〉
hygiène	[iʒjɛn]		卫生〈n.f.〉
hymne	[imn]		颂歌；国歌；赞美诗〈n.〉
hyper	[ipɛʁ]		非常；特别（口语）〈adv.〉
hypnose	[ipnoz]		催眠〈n.f.〉
hypnotiser	[ipnotize]		催眠〈v.〉
hypocrisie	[ipokʁizi]		虚伪〈n.f.〉
hypocrite	[ipokʁit]		伪善的；伪君子〈n.〉
hypothèque	[ipotɛk]		抵押；抵押权〈n.f.〉
hypothèse	[ipotɛz]		假设；假说〈n.f.〉
hystérie	[isteʁi]		歇斯底里〈n.f.〉
hystérique	[isteʁik]		歇斯底里的〈adj.〉
hyène	[jɛn]		鬣狗〈n.f.〉
hâte	[at]		急忙；仓促〈n.f.〉
hâter	[ate]		加快；催促〈v.〉
hâtif	[atif]		仓促的；过早的〈adj.〉
héberger	[ebɛʁʒe]		收留；供住宿〈v.〉
hélas	[elas]		唉（表遗憾）〈interj.〉
hélice	[elis]		螺旋桨〈n.f.〉
hélicoptère	[elikɔptɛʁ]		直升机〈n.m.〉
hémorragie	[emoʁaʒi]		出血；大出血〈n.f.〉
héritage	[eʁitaʒ]		遗产；继承〈n.m.〉
hériter	[eʁite]		继承〈v.〉
héritier	[eʁitje]		继承人〈n.m.〉
héros	[eʁo]		英雄；主角〈n.m.〉
héroïque	[eʁoik]		英勇的；英雄的〈adj.〉
héréditaire	[eʁeditɛʁ]		遗传的；世袭的〈adj.〉
hérétique	[eʁetik]		异端；异教徒〈n.〉
hésitation	[ezitasjɔ̃]		犹豫〈n.f.〉
hésiter	[ezite]		犹豫〈v.〉
hétéro	[eteʁo]		异性恋的（口语）〈adj.〉
hôpital	[opital]		医院〈n.m.〉
hôte	[ot]		主人；客人〈n.m.〉
hôtel	[otɛl]		旅馆；酒店〈n.m.〉
hôtesse	[otɛs]		女乘务员；女主人〈n.f.〉
ici	[isi]		这里〈adv.〉
ici-bas	[isiba]		在尘世；在人间〈adv.〉
identification	[idɑ̃tifikasjɔ̃]		身份验证；识别〈n.f.〉
identifier	[idɑ̃tifje]		识别；确认〈v.〉
identique	[idɑ̃tik]		完全相同的〈adj.〉
identité	[idɑ̃tite]		身份；特性〈n.f.〉
idiot	[idjo]		白痴；傻瓜〈n.m.〉
idiotie	[idjosi]		愚蠢；蠢话〈n.f.〉
idole	[idɔl]		偶像〈n.f.〉
idéal	[ideal]		理想的〈adj.〉
idée	[ide]		主意；想法〈n.f.〉
idéologie	[ideoloʒi]		意识形态；思想体系〈n.f.〉
ignoble	[iɲɔbl]		卑鄙的；可憎的〈adj.〉
ignorance	[iɲoʁɑ̃s]		无知〈n.f.〉
ignorant	[iɲoʁɑ̃]		无知的〈adj.〉
ignorer	[iɲoʁe]		不知道；忽视；不理会〈v.〉
il	[il]		他；它〈pron.〉
illico	[iliko]		立刻（口语）〈adv.〉
illimité	[ilimite]		无限的；无限制的〈adj.〉
illuminer	[ilymine]		照亮；点亮〈v.〉
illusion	[ilyzjɔ̃]		幻觉；幻想〈n.f.〉
illustre	[ilystʁ]		显赫的；著名的〈adj.〉
illustrer	[ilystʁe]		加插图；举例说明〈v.〉
illégal	[ilegal]		非法的〈adj.〉
ils	[il]		他们〈pron.〉
image	[imaʒ]		图像；形象〈n.f.〉
imaginaire	[imaʒinɛʁ]		想象的；虚构的〈adj.〉
imagination	[imaʒinasjɔ̃]		想象；想象力〈n.f.〉
imaginer	[imaʒine]		想象；设想〈v.〉
imbécile	[ɛ̃besil]		蠢货；愚蠢的〈n.〉
imitation	[imitasjɔ̃]		模仿；仿制品〈n.f.〉
imiter	[imite]		模仿〈v.〉
immaculé	[imakyle]		洁白无瑕的〈adj.〉
immatriculation	[imatʁikylasjɔ̃]		登记注册；上牌照〈n.f.〉
immature	[imatyʁ]		不成熟的〈adj.〉
immense	[imɑ̃s]		巨大的；辽阔的〈adj.〉
immeuble	[imœbl]		楼房；大楼〈n.m.〉
immigration	[imigʁasjɔ̃]		移民；移居〈n.f.〉
imminent	[iminɑ̃]		迫近的；临近的〈adj.〉
immobile	[imobil]		不动的；静止的〈adj.〉
immobilier	[imobilje]		房地产的〈adj.〉
immobiliser	[imobilize]		使停住；冻结〈v.〉
immoler	[imole]		宰杀（祭品）；牺牲〈v.〉
immonde	[imɔ̃d]		污秽的；肮脏的〈adj.〉
immoral	[imoʁal]		不道德的〈adj.〉
immortalité	[imɔʁtalite]		不朽；永生〈n.f.〉
immortel	[imɔʁtɛl]		不朽的；永生的〈adj.〉
immunité	[imynite]		免疫力；豁免权〈n.f.〉
immédiat	[imedja]		立即的；直接的〈adj.〉
immédiatement	[imedjatəmɑ̃]		立即；马上〈adv.〉
impact	[ɛ̃pakt]		冲击；影响〈n.m.〉
impardonnable	[ɛ̃paʁdonabl]		不可原谅的〈adj.〉
impasse	[ɛ̃pas]		死胡同；僵局〈n.f.〉
impatience	[ɛ̃pasjɑ̃s]		不耐烦；急切〈n.f.〉
impatient	[ɛ̃pasjɑ̃]		不耐烦的；急切的〈adj.〉
impatienter	[ɛ̃pasjɑ̃te]		使不耐烦〈v.〉
impeccable	[ɛ̃pekabl]		无可挑剔的；完美的〈adj.〉
impensable	[ɛ̃pɑ̃sabl]		难以想象的〈adj.〉
impitoyable	[ɛ̃pitwajabl]		无情的；冷酷的〈adj.〉
implant	[ɛ̃plɑ̃]		植入体；移植物〈n.m.〉
implanter	[ɛ̃plɑ̃te]		建立；植入〈v.〉
implication	[ɛ̃plikasjɔ̃]		牵连；含义〈n.f.〉
impliquer	[ɛ̃plike]		牵涉；意味着〈v.〉
implorer	[ɛ̃ploʁe]		恳求〈v.〉
impoli	[ɛ̃poli]		不礼貌的；无礼的〈adj.〉
importance	[ɛ̃pɔʁtɑ̃s]		重要性〈n.f.〉
important	[ɛ̃pɔʁtɑ̃]		重要的；重大的〈adj.〉
importer	[ɛ̃pɔʁte]		要紧；重要；进口〈v.〉
importuner	[ɛ̃pɔʁtyne]		打扰；纠缠〈v.〉
imposer	[ɛ̃poze]		强加；施加〈v.〉
impossible	[ɛ̃posibl]		不可能的〈adj.〉
imposteur	[ɛ̃pɔstœʁ]		骗子；冒名顶替者〈n.m.〉
impression	[ɛ̃pʁesjɔ̃]		印象；感觉〈n.f.〉
impressionnant	[ɛ̃pʁesjonɑ̃]		令人惊叹的；可观的〈adj.〉
impressionner	[ɛ̃pʁesjone]		使印象深刻〈v.〉
imprimer	[ɛ̃pʁime]		印刷；打印〈v.〉
improbable	[ɛ̃pʁobabl]		不太可能的；离奇的〈adj.〉
improviser	[ɛ̃pʁovize]		即兴发挥；临时拼凑〈v.〉
imprudent	[ɛ̃pʁydɑ̃]		轻率的；不谨慎的〈adj.〉
imprévisible	[ɛ̃pʁevizibl]		不可预测的〈adj.〉
imprévu	[ɛ̃pʁevy]		意外情况〈n.m.〉
impuissance	[ɛ̃pɥisɑ̃s]		无能为力；无能〈n.f.〉
impuissant	[ɛ̃pɥisɑ̃]		无能为力的〈adj.〉
impulsif	[ɛ̃pylsif]		冲动的〈adj.〉
impulsion	[ɛ̃pylsjɔ̃]		推动；动力；冲量〈n.f.〉
impur	[ɛ̃pyʁ]		不纯的；不洁的〈adj.〉
impénétrable	[ɛ̃penetʁabl]		穿不透的；深不可测的〈adj.〉
impératrice	[ɛ̃peʁatʁis]		女皇；皇后〈n.f.〉
impérial	[ɛ̃peʁjal]		帝国的；专横的〈adj.〉
impôt	[ɛ̃po]		税；税款〈n.m.〉
inacceptable	[inaksɛptabl]		不能接受的〈adj.〉
inaccessible	[inaksesibl]		达不到的；难接近的〈adj.〉
inachevé	[inaʃəve]		未完成的〈adj.〉
inadmissible	[inadmisibl]		不可容忍的；离谱的〈adj.〉
inaperçu	[inapɛʁsy]		未被注意的；不显眼的〈adj.〉
inattendu	[inatɑ̃dy]		意外的；想不到的〈adj.〉
inaudible	[inodibl]		听不见的〈adj.〉
inauguration	[inogyʁasjɔ̃]		落成典礼；开幕式〈n.f.〉
inaugurer	[inogyʁe]		揭幕；开创〈v.〉
incapable	[ɛ̃kapabl]		无能的；不能的〈adj.〉
incapacité	[ɛ̃kapasite]		无能力；丧失劳动能力〈n.f.〉
incarner	[ɛ̃kaʁne]		化身；体现〈v.〉
incendie	[ɛ̃sɑ̃di]		火灾〈n.m.〉
incendier	[ɛ̃sɑ̃dje]		纵火焚烧〈v.〉
incertain	[ɛ̃sɛʁtɛ̃]		不确定的〈adj.〉
incertitude	[ɛ̃sɛʁtityd]		不确定；犹豫不决〈n.f.〉
incident	[ɛ̃sidɑ̃]		事故；冲突〈n.m.〉
incinérer	[ɛ̃sineʁe]		焚化；火化〈v.〉
incision	[ɛ̃sizjɔ̃]		切口；切开〈n.f.〉
inciter	[ɛ̃site]		促使；激励；煽动〈v.〉
incliner	[ɛ̃kline]		使倾斜；倾向〈v.〉
inclure	[ɛ̃klyʁ]		包括；包含〈v.〉
incomplet	[ɛ̃kɔ̃plɛ]		不完整的；不全的〈adj.〉
incompréhensible	[ɛ̃kɔ̃pʁeɑ̃sibl]		无法理解的〈adj.〉
incompétent	[ɛ̃kɔ̃petɑ̃]		不称职的；无能的〈adj.〉
inconnu	[ɛ̃kony]		陌生人；未知的人〈n.m.〉
inconscient	[ɛ̃kɔ̃sjɑ̃]		无意识的；不省人事的〈adj.〉
incontrôlable	[ɛ̃kɔ̃tʁolabl]		无法控制的〈adj.〉
inconvénient	[ɛ̃kɔ̃venjɑ̃]		缺点；不便〈n.m.〉
incorrect	[ɛ̃koʁɛkt]		不正确的；失礼的〈adj.〉
incroyable	[ɛ̃kʁwajabl]		难以置信的；惊人的〈adj.〉
incroyablement	[ɛ̃kʁwajabləmɑ̃]		难以置信地；极其〈adv.〉
incruster	[ɛ̃kʁyste]		镶嵌；使嵌入〈v.〉
inculpation	[ɛ̃kylpasjɔ̃]		控告；指控〈n.f.〉
inculper	[ɛ̃kylpe]		控告〈v.〉
inculte	[ɛ̃kylt]		无教养的；无知的〈adj.〉
incurable	[ɛ̃kyʁabl]		无法治愈的；无可救药的〈adj.〉
indemne	[ɛ̃dɛmn]		安然无恙的〈adj.〉
indemnité	[ɛ̃dɛmnite]		补偿金；津贴〈n.f.〉
index	[ɛ̃dɛks]		索引；食指〈n.m.〉
indic	[ɛ̃dik]		告密者（口语）〈n.m.〉
indication	[ɛ̃dikasjɔ̃]		指示；迹象；说明〈n.f.〉
indice	[ɛ̃dis]		线索；指数；迹象〈n.m.〉
indien	[ɛ̃djɛ̃]		印度的；印第安的；印度人〈n.m.〉
indifférence	[ɛ̃difeʁɑ̃s]		冷淡；无动于衷〈n.f.〉
indifférent	[ɛ̃difeʁɑ̃]		冷漠的；无所谓的〈adj.〉
indigne	[ɛ̃diɲ]		不相称的；可耻的〈adj.〉
indigner	[ɛ̃diɲe]		使愤慨；激怒〈v.〉
indigène	[ɛ̃diʒɛn]		土著；本地的〈n.〉
indiquer	[ɛ̃dike]		指示；表明〈v.〉
indiscret	[ɛ̃diskʁɛ]		多嘴的；冒失的〈adj.〉
indiscrétion	[ɛ̃diskʁesjɔ̃]		冒失；泄密〈n.f.〉
indispensable	[ɛ̃dispɑ̃sabl]		必不可少的〈adj.〉
individu	[ɛ̃dividy]		个人；个体〈n.m.〉
individuel	[ɛ̃dividɥɛl]		个人的；单独的〈adj.〉
indulgence	[ɛ̃dylʒɑ̃s]		宽容；宽厚〈n.f.〉
indulgent	[ɛ̃dylʒɑ̃]		宽容的；宽大的〈adj.〉
industrie	[ɛ̃dystʁi]		工业〈n.f.〉
industriel	[ɛ̃dystʁijɛl]		工业的〈adj.〉
indépendance	[ɛ̃depɑ̃dɑ̃s]		独立〈n.f.〉
indépendant	[ɛ̃depɑ̃dɑ̃]		独立的；自主的〈adj.〉
inestimable	[inɛstimabl]		无法估价的；极珍贵的〈adj.〉
inexplicable	[inɛksplikabl]		无法解释的〈adj.〉
infaillible	[ɛ̃fajibl]		不会犯错的；万无一失的〈adj.〉
infamie	[ɛ̃fami]		丑行；耻辱〈n.f.〉
infanterie	[ɛ̃fɑ̃təʁi]		步兵；步兵团〈n.f.〉
infantile	[ɛ̃fɑ̃til]		幼儿的；幼稚的〈adj.〉
infarctus	[ɛ̃faʁktys]		梗死；心肌梗死〈n.m.〉
infect	[ɛ̃fɛkt]		恶臭的；极糟的〈adj.〉
infecter	[ɛ̃fɛkte]		感染；污染〈v.〉
infection	[ɛ̃fɛksjɔ̃]		感染〈n.f.〉
infecté	[ɛ̃fɛkte]		被感染的〈adj.〉
infernal	[ɛ̃fɛʁnal]		地狱般的；难熬的〈adj.〉
infidèle	[ɛ̃fidɛl]		不忠的；背信的〈adj.〉
infiltrer	[ɛ̃filtʁe]		渗透；潜入〈v.〉
infini	[ɛ̃fini]		无限的；无穷的〈adj.〉
infiniment	[ɛ̃finimɑ̃]		无限地；极其〈adv.〉
infirmerie	[ɛ̃fiʁməʁi]		医务室〈n.f.〉
infirmier	[ɛ̃fiʁmje]		护士〈n.m.〉
infliger	[ɛ̃fliʒe]		使遭受；施加〈v.〉
influence	[ɛ̃flyɑ̃s]		影响；影响力〈n.f.〉
influencer	[ɛ̃flyɑ̃se]		影响〈v.〉
influent	[ɛ̃flyɑ̃]		有影响力的〈adj.〉
info	[ɛ̃fo]		消息；信息（口语）〈n.f.〉
informateur	[ɛ̃fɔʁmatœʁ]		线人；情报提供者〈n.m.〉
information	[ɛ̃fɔʁmasjɔ̃]		信息；消息〈n.f.〉
informatique	[ɛ̃fɔʁmatik]		信息技术的；信息技术〈adj.〉
informer	[ɛ̃fɔʁme]		通知；告知〈v.〉
informé	[ɛ̃fɔʁme]		知情的；消息灵通的〈adj.〉
infraction	[ɛ̃fʁaksjɔ̃]		违法行为；违规〈n.f.〉
infâme	[ɛ̃fam]		可耻的；恶劣的〈adj.〉
inférieur	[ɛ̃feʁjœʁ]		较低的；下级的〈adj.〉
ingrat	[ɛ̃gʁa]		忘恩负义的；不讨好的〈adj.〉
ingrédient	[ɛ̃gʁedjɑ̃]		成分；配料〈n.m.〉
ingénieur	[ɛ̃ʒenjœʁ]		工程师〈n.m.〉
ingénieux	[ɛ̃ʒenjø]		巧妙的；有独创性的〈adj.〉
inhabituel	[inabitɥɛl]		不寻常的；罕见的〈adj.〉
inhumain	[inymɛ̃]		非人的；残忍的〈adj.〉
inimaginable	[inimaʒinabl]		难以想象的〈adj.〉
initial	[inisjal]		最初的；开头的〈adj.〉
initiale	[inisjal]		首字母〈n.f.〉
initiative	[inisjativ]		主动权；倡议〈n.f.〉
initier	[inisje]		启蒙；传授入门〈v.〉
injecter	[ɛ̃ʒɛkte]		注射；注入〈v.〉
injection	[ɛ̃ʒɛksjɔ̃]		注射；注入〈n.f.〉
injure	[ɛ̃ʒyʁ]		辱骂；侮辱〈n.f.〉
injuste	[ɛ̃ʒyst]		不公正的〈adj.〉
injustice	[ɛ̃ʒystis]		不公正；不义〈n.f.〉
innocence	[inosɑ̃s]		清白；天真〈n.f.〉
innocent	[inosɑ̃]		无辜的；天真的〈adj.〉
innombrable	[inɔ̃bʁabl]		无数的〈adj.〉
inoffensif	[inofɑ̃sif]		无害的〈adj.〉
inondation	[inɔ̃dasjɔ̃]		洪水；水灾〈n.f.〉
inonder	[inɔ̃de]		淹没；充斥〈v.〉
inoubliable	[inublijabl]		难忘的〈adj.〉
inouï	[inwi]		闻所未闻的；惊人的〈adj.〉
inquiet	[ɛ̃kjɛ]		担心的；不安的〈adj.〉
inquisition	[ɛ̃kizisjɔ̃]		宗教裁判；严查〈n.f.〉
inquiétant	[ɛ̃kjetɑ̃]		令人担心的；可疑的〈adj.〉
inquiéter	[ɛ̃kjete]		担心；使不安〈v.〉
inquiétude	[ɛ̃kjetyd]		担心；忧虑〈n.f.〉
insatiable	[ɛ̃sasjabl]		贪得无厌的；永不满足的〈adj.〉
inscription	[ɛ̃skʁipsjɔ̃]		登记；注册；题词〈n.f.〉
inscrire	[ɛ̃skʁiʁ]		登记；题写〈v.〉
insecte	[ɛ̃sɛkt]		昆虫〈n.m.〉
insensible	[ɛ̃sɑ̃sibl]		无感觉的；无动于衷的〈adj.〉
insensé	[ɛ̃sɑ̃se]		荒唐的；疯狂的〈adj.〉
insigne	[ɛ̃siɲ]		徽章；勋章〈n.m.〉
insignifiant	[ɛ̃siɲifjɑ̃]		微不足道的〈adj.〉
insinuer	[ɛ̃sinɥe]		暗示；影射〈v.〉
insister	[ɛ̃siste]		坚持；坚决要求〈v.〉
insolence	[ɛ̃solɑ̃s]		无礼；傲慢〈n.f.〉
insolent	[ɛ̃sɔlɑ̃]		傲慢无礼的〈adj.〉
insolite	[ɛ̃solit]		奇特的；少见的〈adj.〉
insomnie	[ɛ̃sɔmni]		失眠〈n.f.〉
insouciant	[ɛ̃susjɑ̃]		无忧无虑的〈adj.〉
inspecter	[ɛ̃spɛkte]		检查；视察〈v.〉
inspecteur	[ɛ̃spɛktœʁ]		督察；警探〈n.m.〉
inspection	[ɛ̃spɛksjɔ̃]		检查；视察〈n.f.〉
inspiration	[ɛ̃spiʁasjɔ̃]		灵感；吸气〈n.f.〉
inspirer	[ɛ̃spiʁe]		吸气；启发〈v.〉
instable	[ɛ̃stabl]		不稳定的；反复无常的〈adj.〉
installation	[ɛ̃stalasjɔ̃]		安装；设施；安置〈n.f.〉
installer	[ɛ̃stale]		安装；安顿〈v.〉
instant	[ɛ̃stɑ̃]		瞬间；片刻〈n.m.〉
instantané	[ɛ̃stɑ̃tane]		瞬间的；即时的〈adj.〉
instaurer	[ɛ̃stoʁe]		设立；建立〈v.〉
instinct	[ɛ̃stɛ̃]		本能〈n.m.〉
institut	[ɛ̃stity]		学院；研究所〈n.m.〉
instituteur	[ɛ̃stitytœʁ]		小学教师〈n.m.〉
institution	[ɛ̃stitysjɔ̃]		机构；制度〈n.f.〉
instruction	[ɛ̃stʁyksjɔ̃]		指示；教育〈n.f.〉
instruire	[ɛ̃stʁɥiʁ]		教育；告知〈v.〉
instruit	[ɛ̃stʁɥi]		有学识的；博学的〈adj.〉
instrument	[ɛ̃stʁymɑ̃]		乐器；仪器；工具〈n.m.〉
insu	[ɛ̃sy]		不知；瞒着〈n.m.〉
insuffisant	[ɛ̃syfizɑ̃]		不足的；不够的〈adj.〉
insulte	[ɛ̃sylt]		侮辱；辱骂〈n.f.〉
insulter	[ɛ̃sylte]		辱骂；侮辱〈v.〉
insupportable	[ɛ̃sypɔʁtabl]		难以忍受的〈adj.〉
inséparable	[ɛ̃sepaʁabl]		不可分开的〈adj.〉
insérer	[ɛ̃seʁe]		插入；嵌入〈v.〉
intact	[ɛ̃takt]		完好无损的〈adj.〉
intellectuel	[ɛ̃telɛktɥɛl]		智力的；知识分子的〈adj.〉
intelligence	[ɛ̃teliʒɑ̃s]		智力；智慧〈n.f.〉
intelligent	[ɛ̃teliʒɑ̃]		聪明的〈adj.〉
intello	[ɛ̃tɛlo]		知识分子（口语）〈n.〉
intendant	[ɛ̃tɑ̃dɑ̃]		总管；事务主管〈n.m.〉
intense	[ɛ̃tɑ̃s]		强烈的；紧张的〈adj.〉
intensif	[ɛ̃tɑ̃sif]		强化的；密集的〈adj.〉
intensité	[ɛ̃tɑ̃site]		强度；强烈〈n.f.〉
intention	[ɛ̃tɑ̃sjɔ̃]		意图；打算〈n.f.〉
intercepter	[ɛ̃tɛʁsɛpte]		拦截；截住〈v.〉
interdiction	[ɛ̃tɛʁdiksjɔ̃]		禁止；禁令〈n.f.〉
interdire	[ɛ̃tɛʁdiʁ]		禁止〈v.〉
interdit	[ɛ̃tɛʁdi]		被禁止的〈adj.〉
interférence	[ɛ̃tɛʁfeʁɑ̃s]		干扰；干涉〈n.f.〉
interférer	[ɛ̃tɛʁfeʁe]		干扰；干涉〈v.〉
interminable	[ɛ̃tɛʁminabl]		没完没了的〈adj.〉
intermédiaire	[ɛ̃tɛʁmedjɛʁ]		中间人；媒介〈n.〉
internat	[ɛ̃tɛʁna]		寄宿学校〈n.m.〉
international	[ɛ̃tɛʁnasjonal]		国际的〈adj.〉
interne	[ɛ̃tɛʁn]		内部的；实习医师〈adj.〉
interner	[ɛ̃tɛʁne]		强制收治；拘禁〈v.〉
internet	[ɛ̃tɛʁnɛt]		互联网〈n.〉
interprète	[ɛ̃tɛʁpʁɛt]		口译员；表演者〈n.〉
interprétation	[ɛ̃tɛʁpʁetasjɔ̃]		解释；演绎；口译〈n.f.〉
interpréter	[ɛ̃tɛʁpʁete]		口译；诠释；扮演〈v.〉
interrogation	[ɛ̃tɛʁogasjɔ̃]		提问；讯问；测验〈n.f.〉
interrogatoire	[ɛ̃tɛʁogatwaʁ]		审讯；讯问〈n.m.〉
interroger	[ɛ̃tɛʁoʒe]		审问；询问〈v.〉
interrompre	[ɛ̃tɛʁɔ̃pʁ]		打断；中断〈v.〉
interrupteur	[ɛ̃tɛʁyptœʁ]		开关〈n.m.〉
interruption	[ɛ̃tɛʁypsjɔ̃]		中断；中止〈n.f.〉
intervalle	[ɛ̃tɛʁval]		间隔；幕间休息〈n.m.〉
intervenir	[ɛ̃tɛʁvəniʁ]		介入；干预；发言〈v.〉
intervention	[ɛ̃tɛʁvɑ̃sjɔ̃]		干预；介入；手术〈n.f.〉
intestin	[ɛ̃tɛstɛ̃]		肠〈n.m.〉
intime	[ɛ̃tim]		亲密的；私密的〈adj.〉
intimider	[ɛ̃timide]		恐吓；使胆怯〈v.〉
intimité	[ɛ̃timite]		亲密；隐私〈n.f.〉
intituler	[ɛ̃tityle]		题为；定名为〈v.〉
intolérable	[ɛ̃toleʁabl]		无法容忍的〈adj.〉
intrigue	[ɛ̃tʁig]		阴谋；情节〈n.f.〉
intriguer	[ɛ̃tʁige]		引起好奇；密谋〈v.〉
introduction	[ɛ̃tʁodyksjɔ̃]		引言；引进；入门〈n.f.〉
introduire	[ɛ̃tʁodɥiʁ]		引入；插入〈v.〉
introuvable	[ɛ̃tʁuvabl]		找不到的；下落不明的〈adj.〉
intrus	[ɛ̃tʁy]		闯入者；不速之客〈n.m.〉
intrusion	[ɛ̃tʁyzjɔ̃]		闯入；侵扰〈n.f.〉
intuition	[ɛ̃tɥisjɔ̃]		直觉〈n.f.〉
intégrer	[ɛ̃tegʁe]		使融入；整合〈v.〉
intégrité	[ɛ̃tegʁite]		完整；正直〈n.f.〉
intéressant	[ɛ̃teʁɛsɑ̃]		有趣的〈adj.〉
intéresser	[ɛ̃teʁese]		使感兴趣〈v.〉
intéressé	[ɛ̃teʁese]		感兴趣的；有利害关系的〈adj.〉
intérieur	[ɛ̃teʁjœʁ]		内部；里面〈n.m.〉
intérêt	[ɛ̃teʁɛ]		兴趣；利益〈n.m.〉
inutile	[inytil]		无用的；徒劳的〈adj.〉
invasion	[ɛ̃vazjɔ̃]		入侵；侵略〈n.f.〉
inventaire	[ɛ̃vɑ̃tɛʁ]		清单；盘点〈n.m.〉
inventer	[ɛ̃vɑ̃te]		发明；编造〈v.〉
inventeur	[ɛ̃vɑ̃tœʁ]		发明者〈n.m.〉
invention	[ɛ̃vɑ̃sjɔ̃]		发明；虚构〈n.f.〉
inverse	[ɛ̃vɛʁs]		相反；反面〈n.〉
inverser	[ɛ̃vɛʁse]		颠倒；反转〈v.〉
investigation	[ɛ̃vɛstigasjɔ̃]		调查；侦查〈n.f.〉
investir	[ɛ̃vɛstiʁ]		投资；投入〈v.〉
investissement	[ɛ̃vɛstisəmɑ̃]		投资〈n.m.〉
investisseur	[ɛ̃vɛstisœʁ]		投资者〈n.m.〉
invincible	[ɛ̃vɛ̃sibl]		无敌的；不可战胜的〈adj.〉
invisible	[ɛ̃vizibl]		看不见的〈adj.〉
invitation	[ɛ̃vitasjɔ̃]		邀请〈n.f.〉
inviter	[ɛ̃vite]		邀请；招待〈v.〉
invité	[ɛ̃vite]		客人；受邀者〈n.m.〉
involontaire	[ɛ̃volɔ̃tɛʁ]		无意的；非自愿的〈adj.〉
invoquer	[ɛ̃voke]		援引；祈求〈v.〉
inévitable	[inevitabl]		不可避免的〈adj.〉
iris	[iʁis]		鸢尾；虹膜〈n.m.〉
irlandais	[iʁlɑ̃dɛ]		爱尔兰的；爱尔兰人〈adj.〉
ironie	[iʁoni]		讽刺；反语〈n.f.〉
ironique	[iʁonik]		讽刺的；反语的〈adj.〉
irresponsable	[iʁɛspɔ̃sabl]		不负责任的〈adj.〉
irriter	[iʁite]		激怒；使不适〈v.〉
irruption	[iʁypsjɔ̃]		闯入；突然出现〈n.f.〉
irréel	[iʁeɛl]		虚幻的；不真实的〈adj.〉
irrégulier	[iʁegylje]		不规则的；无规律的〈adj.〉
irréprochable	[iʁepʁoʃabl]		无可指摘的；完美无瑕的〈adj.〉
irrésistible	[iʁezistibl]		不可抗拒的〈adj.〉
islam	[islam]		伊斯兰教〈n.m.〉
isolement	[izɔləmɑ̃]		隔离；孤独〈n.m.〉
isoler	[izole]		使孤立；隔离〈v.〉
isolé	[izole]		孤立的；偏僻的〈adj.〉
israélien	[isʁaeljɛ̃]		以色列的；以色列人〈adj.〉
issu	[isy]		出身于……的〈adj.〉
issue	[isy]		出口；出路；结局〈n.f.〉
italien	[italjɛ̃]		意大利的；意大利人〈adj.〉
itinéraire	[itineʁɛʁ]		路线；行程〈n.m.〉
ivre	[ivʁ]		醉的〈adj.〉
ivresse	[ivʁɛs]		醉意；陶醉〈n.f.〉
ivrogne	[ivʁɔɲ]		酒鬼〈n.〉
jacuzzi	[ʒakyzi]		按摩浴缸〈n.m.〉
jadis	[ʒadis]		从前；往昔〈adv.〉
jaillir	[ʒajiʁ]		喷出；迸发〈v.〉
jalousie	[ʒaluzi]		嫉妒；妒忌〈n.f.〉
jaloux	[ʒalu]		嫉妒的〈adj.〉
jamais	[ʒamɛ]		从不；从未〈adv.〉
jambe	[ʒɑ̃b]		腿；腿部〈n.f.〉
jambon	[ʒɑ̃bɔ̃]		火腿〈n.m.〉
janvier	[ʒɑ̃vje]		一月〈n.m.〉
japonais	[ʒaponɛ]		日本的；日本人；日语〈n.m.〉
jardin	[ʒaʁdɛ̃]		花园〈n.m.〉
jardinier	[ʒaʁdinje]		园丁〈n.m.〉
jaser	[ʒaze]		闲聊；说闲话〈v.〉
jaune	[ʒon]		黄色的〈adj.〉
jazz	[dʒaz]		爵士乐〈n.m.〉
je	[ʒə]		我（主格）〈pron.〉
jean	[dʒin]		牛仔裤；牛仔布〈n.m.〉
jeep	[dʒip]		吉普车〈n.f.〉
jet	[dʒɛt]		喷射；投掷〈n.m.〉
jeter	[ʒəte]		扔；抛；扔掉〈v.〉
jeton	[ʒətɔ̃]		筹码；代币〈n.m.〉
jetée	[ʒəte]		防波堤；码头〈n.f.〉
jeu	[ʒø]		游戏；比赛〈n.m.〉
jeudi	[ʒødi]		星期四〈n.m.〉
jeune	[ʒœn]		年轻的；年幼的〈adj.〉
jeunesse	[ʒœnɛs]		青年；青春〈n.f.〉
jeûner	[ʒøne]		禁食；斋戒〈v.〉
job	[dʒɔb]		工作（口语）〈n.m.〉
jogging	[dʒɔgiŋ]		慢跑；运动裤〈n.m.〉
joie	[ʒwa]		喜悦；欢乐〈n.f.〉
joindre	[ʒwɛ̃dʁ]		连接；接通；加入〈v.〉
joint	[ʒwɛ̃]		接缝；接头〈n.m.〉
joker	[ʒokɛʁ]		鬼牌；王牌〈n.m.〉
joli	[ʒoli]		漂亮的；好看的〈adj.〉
joliment	[ʒolimɑ̃]		漂亮地；相当〈adv.〉
joue	[ʒu]		脸颊〈n.f.〉
jouer	[ʒwe]		玩；演奏；扮演〈v.〉
jouet	[ʒwɛ]		玩具〈n.m.〉
joueur	[ʒwœʁ]		玩家；运动员〈n.m.〉
joug	[ʒu]		枷锁；束缚〈n.m.〉
jouir	[ʒwiʁ]		享有；获得乐趣〈v.〉
jour	[ʒuʁ]		天；白天；日子〈n.m.〉
journal	[ʒuʁnal]		报纸；日记〈n.m.〉
journalisme	[ʒuʁnalizm]		新闻业〈n.m.〉
journaliste	[ʒuʁnalist]		记者〈n.〉
journée	[ʒuʁne]		一天；白天〈n.f.〉
joyau	[ʒwajo]		珠宝；珍品〈n.m.〉
joyeux	[ʒwajø]		快乐的；欢快的〈adj.〉
judiciaire	[ʒydisjɛʁ]		司法的〈adj.〉
judicieux	[ʒydisjø]		明智的；中肯的〈adj.〉
juge	[ʒyʒ]		法官；裁判〈n.m.〉
jugement	[ʒyʒəmɑ̃]		判断；审判〈n.m.〉
juger	[ʒyʒe]		审判；判断；评价〈v.〉
juif	[ʒɥif]		犹太人；犹太的〈n.m.〉
juillet	[ʒɥijɛ]		七月〈n.m.〉
juin	[ʒɥɛ̃]		六月〈n.m.〉
jules	[ʒyl]		丈夫；男人（口语）〈n.m.〉
jumeau	[ʒymo]		双胞胎之一〈n.m.〉
jumelle	[ʒymɛl]		双胞胎之一；（复）双筒望远镜〈n.f.〉
jument	[ʒymɑ̃]		母马〈n.f.〉
jungle	[ʒœ̃gl]		丛林〈n.f.〉
junior	[ʒynjɔʁ]		年少的；青少年的〈adj.〉
junkie	[ʒœnki]		瘾君子〈n.m.〉
jupe	[ʒyp]		裙子〈n.f.〉
jurer	[ʒyʁe]		发誓；咒骂〈v.〉
juridiction	[ʒyʁidiksjɔ̃]		司法权；法院〈n.f.〉
juridique	[ʒyʁidik]		法律的；司法的〈adj.〉
juriste	[ʒyʁist]		法学家；法律专家〈n.〉
jury	[ʒyʁi]		评审团；陪审团〈n.m.〉
juré	[ʒyʁe]		陪审员〈n.m.〉
jus	[ʒy]		果汁；肉汁〈n.m.〉
jusque	[ʒysk]		直到〈prép.〉
jusque-là	[ʒyskəla]		直到那时；迄今〈adv.〉
juste	[ʒyst]		正确的；恰好；公正的〈adj.〉
justement	[ʒystəmɑ̃]		正好；恰恰〈adv.〉
justice	[ʒystis]		司法；正义〈n.〉
justifier	[ʒystifje]		为…辩解；说明理由〈v.〉
juteux	[ʒytø]		多汁的；有利可图的〈adj.〉
karaté	[kaʁate]		空手道〈n.m.〉
karma	[kaʁma]		业报；因果〈n.m.〉
ketchup	[kɛtʃœp]		番茄酱〈n.m.〉
keuf	[kœf]		警察（俚语）〈n.f.〉
kid	[kid]		小孩（口语）〈n.m.〉
kidnapper	[kidnape]		绑架〈v.〉
kidnappeur	[kidnapœʁ]		绑架者〈n.m.〉
kidnapping	[kidnapiŋ]		绑架；绑架案〈n.m.〉
kilo	[kilo]		千克；公斤〈n.m.〉
kilomètre	[kilomɛtʁ]		千米；公里〈n.m.〉
kiosque	[kjɔsk]		报亭；售货亭〈n.m.〉
kit	[kit]		成套工具；套装〈n.m.〉
klaxon	[klaksɔ̃]		（汽车）喇叭〈n.m.〉
klaxonner	[klaksone]		鸣喇叭〈v.〉
l'un	[lœ̃]		两者之一；一个…另一个〈pron.〉
la	[la]		定冠词；她（宾格）〈art.〉
la plupart	[laplypaʁ]		大部分；大多数〈pron.〉
la plupart de	[laplypaʁdø]		大多数；大部分〈adj.〉
la plupart des	[laplypaʁdɛ]		大多数〈adj.〉
labeur	[labœʁ]		苦工；辛劳〈n.m.〉
labo	[labo]		实验室（口语）〈n.m.〉
laboratoire	[laboʁatwaʁ]		实验室〈n.m.〉
labourer	[labuʁe]		耕地；翻土〈v.〉
labyrinthe	[labiʁɛ̃t]		迷宫〈n.m.〉
lac	[lak]		湖；湖泊〈n.m.〉
lacet	[lasɛ]		鞋带；系带〈n.m.〉
laid	[lɛ]		丑的；难看的〈adj.〉
laine	[lɛn]		羊毛；毛线〈n.f.〉
laisse	[lɛs]		（牵狗的）绳带〈n.f.〉
laisser	[lese]		让；留下；听任〈v.〉
laissez-passer	[lɛsepase]		通行证〈n.m.〉
lait	[lɛ]		奶；牛奶〈n.m.〉
laitue	[lety]		莴苣；生菜〈n.f.〉
lambeau	[lɑ̃bo]		碎块；破布条〈n.m.〉
lame	[lam]		刀刃；刀片〈n.f.〉
lamentable	[lamɑ̃tabl]		悲惨的；糟糕透顶的〈adj.〉
lamenter	[lamɑ̃te]		哀叹；悲叹〈v.〉
lampe	[lɑ̃p]		电灯；灯〈n.f.〉
lance	[lɑ̃s]		长矛〈n.f.〉
lancement	[lɑ̃səmɑ̃]		发射；推出；启动〈n.m.〉
lancer	[lɑ̃se]		投掷；发起〈v.〉
lanceur	[lɑ̃sœʁ]		发射器；投掷者〈n.m.〉
langage	[lɑ̃gaʒ]		语言；用语〈n.m.〉
langouste	[lɑ̃gust]		岩龙虾；龙虾〈n.f.〉
langue	[lɑ̃g]		语言；舌头〈n.f.〉
languir	[lɑ̃giʁ]		憔悴；苦苦盼望〈v.〉
lanterne	[lɑ̃tɛʁn]		灯笼；提灯〈n.f.〉
lapin	[lapɛ̃]		兔子〈n.m.〉
laquelle	[lakɛl]		哪一个（阴性）〈pron.〉
lard	[laʁ]		培根；肥肉〈n.m.〉
large	[laʁʒ]		宽的；宽大的〈adj.〉
largement	[laʁʒəmɑ̃]		宽裕地；在很大程度上〈adv.〉
larguer	[laʁge]		投下；甩掉（口语）〈v.〉
larme	[laʁm]		眼泪〈n.f.〉
larve	[laʁv]		幼虫；蛆〈n.f.〉
las	[la]		厌倦的（书面）〈adj.〉
laser	[lazɛʁ]		激光〈n.m.〉
lasser	[lase]		使厌倦；使疲惫〈v.〉
latin	[latɛ̃]		拉丁语；拉丁的〈n.m.〉
laurier	[loʁje]		月桂；桂冠〈n.m.〉
lavabo	[lavabo]		洗手池；盥洗盆〈n.m.〉
lavage	[lavaʒ]		清洗；洗涤〈n.m.〉
lave	[lav]		熔岩〈n.f.〉
laver	[lave]		洗；清洗〈v.〉
laverie	[lavəʁi]		自助洗衣店〈n.f.〉
le	[lə]		定冠词；他（宾格）〈art.〉
leader	[lidœʁ]		领袖；领先者〈n.m.〉
lecteur	[lɛktœʁ]		读者；播放器；读卡器〈n.m.〉
lecture	[lɛktyʁ]		阅读〈n.f.〉
lendemain	[lɑ̃dəmɛ̃]		次日；第二天〈n.m.〉
lent	[lɑ̃]		慢的；缓慢的〈adj.〉
lentement	[lɑ̃təmɑ̃]		慢慢地〈adv.〉
lentille	[lɑ̃tij]		扁豆；镜片〈n.f.〉
lequel	[ləkɛl]		哪一个〈pron.〉
les	[le]		定冠词（复数）；他们（宾格）〈art.〉
lesbien	[lɛzbjɛ̃]		女同性恋的〈adj.〉
lesquelles	[lɛkɛl]		哪些（阴性复数）〈pron.〉
lesquels	[lɛkɛl]		哪些（阳性复数）〈pron.〉
lessive	[lesiv]		洗衣粉；洗衣〈n.f.〉
lettre	[lɛtʁ]		信；字母〈n.f.〉
leur	[lœʁ]		他们的；（间接宾语）〈pron.〉
leurre	[lœʁ]		诱饵；假象〈n.m.〉
leurs	[lœʁ]		他们的（复数）〈adj.〉
lever	[ləve]		举起；抬起；升起〈v.〉
levier	[ləvje]		杠杆；手段〈n.m.〉
leçon	[ləsɔ̃]		课；教训〈n.f.〉
liaison	[ljɛzɔ̃]		联系；联络〈n.f.〉
liberté	[libɛʁte]		自由〈n.f.〉
librairie	[libʁeʁi]		书店〈n.f.〉
libre	[libʁ]		自由的；空闲的〈adj.〉
librement	[libʁəmɑ̃]		自由地；无拘束地〈adv.〉
libéral	[libeʁal]		自由的；自由派的〈adj.〉
libération	[libeʁasjɔ̃]		解放〈n.f.〉
libérer	[libeʁe]		释放；解放〈v.〉
libéré	[libeʁe]		获释的；解脱的〈adj.〉
licence	[lisɑ̃s]		执照；学士学位〈n.f.〉
licenciement	[lisɑ̃simɑ̃]		解雇〈n.m.〉
licencier	[lisɑ̃sje]		解雇；裁员〈v.〉
lien	[ljɛ̃]		联系；纽带；链接〈n.m.〉
lier	[lje]		捆绑；连接；联系〈v.〉
lieu	[ljø]		地点；场所〈n.m.〉
lieutenant	[ljøtənɑ̃]		中尉〈n.m.〉
light	[lajt]		低脂的；清淡的〈adj.〉
ligne	[liɲ]		线；行列〈n.f.〉
lignée	[liɲe]		血统；世系〈n.f.〉
ligoter	[ligote]		捆绑；束缚〈v.〉
ligue	[lig]		联盟；联赛〈n.f.〉
lilas	[lila]		丁香花〈n.m.〉
limace	[limas]		蛞蝓〈n.f.〉
limite	[limit]		界限；极限〈n.f.〉
limiter	[limite]		限制；限定〈v.〉
limité	[limite]		有限的〈adj.〉
limonade	[limonad]		柠檬水〈n.f.〉
limpide	[lɛ̃pid]		清澈的；清晰的〈adj.〉
lin	[lɛ̃]		亚麻〈n.m.〉
linge	[lɛ̃ʒ]		衣物；内衣〈n.m.〉
lingerie	[lɛ̃ʒəʁi]		内衣；内衣店〈n.f.〉
lion	[ljɔ̃]		狮子〈n.m.〉
liqueur	[likœʁ]		利口酒〈n.f.〉
liquide	[likid]		液体；液态的〈n.m.〉
liquider	[likide]		清算；了结；处理掉〈v.〉
lire	[liʁ]		读；阅读〈v.〉
lisse	[lis]		光滑的；平滑的〈adj.〉
liste	[list]		清单；名单〈n.f.〉
lit	[li]		床；床位〈n.m.〉
litre	[litʁ]		升（容量单位）〈n.〉
littéraire	[liteʁɛʁ]		文学的〈adj.〉
littéralement	[liteʁaləmɑ̃]		字面上地；简直〈adv.〉
littérature	[liteʁatyʁ]		文学〈n.f.〉
live	[liv]		现场的；实况的（借词）〈adj.〉
livraison	[livʁɛzɔ̃]		送货；交货〈n.f.〉
livre	[livʁ]		书；本子〈n.〉
livrer	[livʁe]		递送；交付〈v.〉
livret	[livʁɛ]		小册子；存折〈n.m.〉
livreur	[livʁœʁ]		送货员〈n.m.〉
lièvre	[ljɛvʁ]		野兔〈n.m.〉
lié	[lje]		有关的；相连的〈adj.〉
lobe	[lɔb]		（脑）叶；耳垂〈n.m.〉
local	[lokal]		当地的；场所〈adj.〉
localiser	[lokalize]		定位；确定位置〈v.〉
locataire	[lokatɛʁ]		房客；承租人〈n.〉
location	[lokasjɔ̃]		出租；租借〈n.f.〉
locomotive	[lokomotiv]		火车头〈n.f.〉
loge	[lɔʒ]		更衣室；包厢；门房〈n.f.〉
logement	[lɔʒəmɑ̃]		住房；住所〈n.m.〉
loger	[loʒe]		住宿；安置〈v.〉
logiciel	[loʒisjɛl]		软件〈n.m.〉
logique	[loʒik]		合逻辑的；合理的〈adj.〉
loi	[lwa]		法律〈n.f.〉
loin	[lwɛ̃]		远；远处〈adv.〉
lointain	[lwɛ̃tɛ̃]		遥远的；久远的〈adj.〉
loisir	[lwaziʁ]		消遣；休闲活动〈n.m.〉
long	[lɔ̃]		长的；长久的〈adj.〉
longer	[lɔ̃ʒe]		沿…而行〈v.〉
longtemps	[lɔ̃tɑ̃]		很久；长时间〈adv.〉
longuement	[lɔ̃gəmɑ̃]		长久地；冗长地〈adv.〉
longueur	[lɔ̃gœʁ]		长度；冗长〈n.f.〉
look	[luk]		造型；打扮〈n.m.〉
loque	[lɔk]		破布；烂衫；疲惫不堪的人〈n.f.〉
lors	[lɔʁ]		在…期间（书面）〈adv.〉
lorsque	[lɔʁskə]		当…时（书面）〈conj.〉
lot	[lo]		一批；一份；奖品〈n.m.〉
loterie	[lɔtəʁi]		彩票；碰运气的事〈n.f.〉
loto	[loto]		乐透；彩票游戏〈n.m.〉
louange	[lwɑ̃ʒ]		赞美；颂扬〈n.f.〉
louche	[luʃ]		可疑的〈adj.〉
louer	[lwe]		租；租借〈v.〉
loup	[lu]		狼（动物）〈n.m.〉
loup-garou	[lugaʁu]		狼人〈n.m.〉
louper	[lupe]		错过；搞砸（口语）〈v.〉
lourd	[luʁ]		重的；沉重的〈adj.〉
loutre	[lutʁ]		水獭〈n.f.〉
lover	[love]		蜷缩；盘绕〈v.〉
loyal	[lwajal]		忠诚的；正直的〈adj.〉
loyauté	[lwajote]		忠诚；诚实〈n.f.〉
loyer	[lwaje]		房租〈n.m.〉
lubie	[lybi]		怪念头；一时兴致〈n.f.〉
lucide	[lysid]		清醒的；明智的〈adj.〉
lueur	[lɥœʁ]		微光；闪光〈n.f.〉
lugubre	[lygybʁ]		阴森的；凄凉的〈adj.〉
lui	[lɥi]		他；她（间接宾语）〈pron.〉
lui-même	[lɥimɛm]		他自己；他本人〈pron.〉
luire	[lɥiʁ]		发光；闪耀〈v.〉
lumineux	[lyminø]		明亮的；光明的〈adj.〉
lumière	[lymjɛʁ]		光；灯光；光线〈n.f.〉
lunaire	[lynɛʁ]		月亮的；恍惚的〈adj.〉
lundi	[lœ̃di]		星期一〈n.m.〉
lune	[lyn]		月亮〈n.f.〉
lunette	[lynɛt]		眼镜（常用复数）；镜片〈n.f.〉
lustre	[lystʁ]		吊灯；五年〈n.m.〉
lutte	[lyt]		斗争；搏斗〈n.f.〉
lutter	[lyte]		斗争；搏斗〈v.〉
luxe	[lyks]		奢华；奢侈品〈n.m.〉
luxueux	[lyksɥø]		豪华的；奢华的〈adj.〉
lycée	[lise]		高中〈n.m.〉
lycéen	[liseɛ̃]		高中生〈n.m.〉
lys	[lis]		百合花〈n.m.〉
là	[la]		那里；那儿〈adv.〉
là-bas	[laba]		在那边〈adv.〉
là-dedans	[ladədɑ̃]		在那里面；其中〈adv.〉
là-dessous	[ladəsu]		在那下面；在其中〈adv.〉
là-dessus	[ladəsy]		在这点上；于是〈adv.〉
là-haut	[lao]		在上面；高处〈adv.〉
lâche	[laʃ]		懦夫；胆小鬼〈n.〉
lâcher	[laʃe]		松开；放开〈v.〉
lâcheté	[laʃəte]		怯懦；卑鄙〈n.f.〉
lèvre	[lɛvʁ]		嘴唇〈n.f.〉
lécher	[leʃe]		舔〈v.〉
légal	[legal]		合法的〈adj.〉
légalement	[legaləmɑ̃]		合法地〈adv.〉
légalité	[legalite]		合法性〈n.f.〉
légendaire	[leʒɑ̃dɛʁ]		传奇的；传说中的〈adj.〉
légende	[leʒɑ̃d]		传说；图例〈n.f.〉
léger	[leʒe]		轻的；轻微的〈adj.〉
légion	[leʒjɔ̃]		军团；大批〈n.f.〉
légiste	[leʒist]		法医〈n.〉
légitime	[leʒitim]		正当的；合法的〈adj.〉
léguer	[lege]		遗赠；传给〈v.〉
légume	[legym]		蔬菜〈n.m.〉
légèrement	[leʒɛʁəmɑ̃]		轻微地；稍微〈adv.〉
léopard	[leopaʁ]		豹〈n.m.〉
lésion	[lezjɔ̃]		损伤；病变〈n.f.〉
lézard	[lezaʁ]		蜥蜴〈n.m.〉
ma	[ma]		我的（阴性）〈adj.〉
macabre	[makabʁ]		阴森可怖的；与死亡相关的〈adj.〉
macaroni	[makaʁoni]		通心粉〈n.m.〉
machette	[maʃɛt]		砍刀〈n.f.〉
machin	[maʃɛ̃]		玩意儿；东西（口语）〈n.m.〉
machine	[maʃin]		机器〈n.f.〉
macho	[matʃo]		大男子主义的；大男子汉〈n.m.〉
madame	[madam]		夫人；女士〈n.f.〉
mademoiselle	[madəmwazɛl]		小姐〈n.f.〉
maestro	[maɛstʁo]		大师；名指挥〈n.m.〉
mafia	[mafja]		黑手党；黑帮〈n.f.〉
magasin	[magazɛ̃]		商店〈n.m.〉
magazine	[magazin]		杂志〈n.m.〉
magicien	[maʒisjɛ̃]		魔术师；魔法师〈n.m.〉
magie	[maʒi]		魔法；魔术〈n.f.〉
magique	[maʒik]		有魔力的；神奇的〈adj.〉
magistrat	[maʒistʁa]		法官；司法官〈n.m.〉
magner	[maɲe]		赶紧；加快（口语）〈v.〉
magnifique	[maɲifik]		壮丽的；极好的〈adj.〉
magnétique	[maɲetik]		磁性的；有魅力的〈adj.〉
magot	[mago]		窖藏钱财；私蓄〈n.m.〉
magouille	[maguj]		私下勾当；鬼把戏（口语）〈n.f.〉
mai	[mɛ]		五月〈n.〉
maigre	[mɛgʁ]		瘦的；贫乏的〈adj.〉
maigrir	[megʁiʁ]		变瘦；消瘦〈v.〉
mail	[mɛjl]		电子邮件〈n.m.〉
maillot	[majo]		运动衫；泳衣〈n.m.〉
main	[mɛ̃]		手（身体部位）〈n.〉
maintenance	[mɛ̃tənɑ̃s]		维护；保养〈n.f.〉
maintenant	[mɛ̃tənɑ̃]		现在〈adv.〉
maintenir	[mɛ̃təniʁ]		维持；保持〈v.〉
maintes	[mɛ̃t]		许多的（书面语）〈adj.〉
maire	[mɛʁ]		市长〈n.m.〉
mairie	[meʁi]		市政厅〈n.f.〉
mais	[mɛ]		但是〈conj.〉
maison	[mɛzɔ̃]		房子；家〈n.〉
majesté	[maʒɛste]		威严；陛下〈n.f.〉
majeur	[maʒœʁ]		主要的；重大的；成年的〈adj.〉
major	[maʒɔʁ]		军士长；第一名〈n.〉
majordome	[maʒoʁdɔm]		管家〈n.m.〉
majorité	[maʒoʁite]		大多数；成年〈n.f.〉
mal	[mal]		坏；糟；疼〈adv.〉
malade	[malad]		生病的；患病的〈adj.〉
maladie	[maladi]		疾病〈n.f.〉
maladroit	[maladʁwa]		笨拙的〈adj.〉
malaise	[malɛz]		不适；不安；窘迫〈n.〉
malchance	[malʃɑ̃s]		厄运；不幸〈n.f.〉
malentendu	[malɑ̃tɑ̃dy]		误会；误解〈n.m.〉
malfaiteur	[malfɛtœʁ]		罪犯；歹徒〈n.m.〉
malgré	[malgʁe]		尽管；虽然〈prép.〉
malheur	[malœʁ]		不幸；灾难〈n.m.〉
malheureusement	[maløʁøzəmɑ̃]		不幸地；可惜〈adv.〉
malheureux	[maløʁø]		不幸的；可怜的〈adj.〉
malhonnête	[malonɛt]		不诚实的；无礼的〈adj.〉
malin	[malɛ̃]		机灵的；狡猾的〈adj.〉
malle	[mal]		大箱子；衣箱〈n.f.〉
mallette	[malɛt]		公文包；小提箱〈n.f.〉
malsain	[malsɛ̃]		不健康的；病态的〈adj.〉
maltraiter	[maltʁete]		虐待〈v.〉
malédiction	[malediksjɔ̃]		诅咒〈n.f.〉
maléfique	[malefik]		邪恶的；有害的〈adj.〉
maman	[mamɑ̃]		妈妈〈n.f.〉
mamie	[mami]		奶奶；外婆（昵称）〈n.f.〉
manager	[manadʒœʁ]		经理；经纪人〈n.m.〉
manche	[mɑ̃ʃ]		袖子；柄〈n.〉
manchette	[mɑ̃ʃɛt]		袖口；头条〈n.f.〉
mandat	[mɑ̃da]		委任；汇票；任期〈n.m.〉
manger	[mɑ̃ʒe]		吃；吃饭〈v.〉
mangeur	[mɑ̃ʒœʁ]		吃…的人；食客〈n.m.〉
maniaque	[manjak]		有怪癖者；……迷〈n.〉
manie	[mani]		癖好；怪癖〈n.f.〉
manier	[manje]		使用；操作〈v.〉
manif	[manif]		游行示威（口语）〈n.f.〉
manifestation	[manifɛstasjɔ̃]		示威游行；表现〈n.f.〉
manifestement	[manifɛstəmɑ̃]		显然；明摆着〈adv.〉
manifester	[manifɛste]		显示；表明；示威〈v.〉
manigancer	[manigɑ̃se]		密谋；暗中策划〈v.〉
manipulation	[manipylasjɔ̃]		操纵；摆布〈n.f.〉
manipuler	[manipyle]		操纵；摆弄〈v.〉
manière	[manjɛʁ]		方式；方法；举止〈n.f.〉
mannequin	[manəkɛ̃]		模特；人体模型〈n.〉
manoeuvre	[manœvʁ]		操作；演习；手法〈n.〉
manoir	[manwaʁ]		庄园；宅邸〈n.m.〉
manquant	[mɑ̃kɑ̃]		缺失的；缺少的〈adj.〉
manque	[mɑ̃k]		缺乏；不足〈n.m.〉
manquer	[mɑ̃ke]		错过；想念；缺少〈v.〉
manqué	[mɑ̃ke]		失败的；未遂的〈adj.〉
manteau	[mɑ̃to]		大衣；外套〈n.m.〉
manuel	[manɥɛl]		手册；教材〈n.m.〉
manuscrit	[manyskʁi]		手稿；手抄本〈n.m.〉
manège	[manɛʒ]		骑术场；旋转木马；把戏〈n.m.〉
maquereau	[makəʁo]		鲭鱼；拉皮条者〈n.m.〉
maquette	[makɛt]		模型；设计图〈n.f.〉
maquillage	[makijaʒ]		化妆；化妆品〈n.m.〉
maquiller	[makije]		化妆；给…化妆〈v.〉
marais	[maʁɛ]		沼泽；湿地〈n.m.〉
marbre	[maʁbʁ]		大理石〈n.m.〉
marchand	[maʁʃɑ̃]		商人〈n.m.〉
marchander	[maʁʃɑ̃de]		讨价还价〈v.〉
marchandise	[maʁʃɑ̃diz]		商品；货物〈n.f.〉
marche	[maʁʃ]		步行；步伐；挡位〈n.f.〉
marcher	[maʁʃe]		走；步行；运转〈v.〉
marché	[maʁʃe]		市场；集市〈n.m.〉
mardi	[maʁdi]		星期二〈n.m.〉
mare	[maʁ]		池塘；水洼〈n.f.〉
marge	[maʁʒ]		页边；余地；利润〈n.f.〉
mari	[maʁi]		丈夫〈n.m.〉
mariage	[maʁjaʒ]		结婚；婚礼〈n.m.〉
marier	[maʁje]		结婚；嫁；娶〈v.〉
marijuana	[maʁiʁwana]		大麻〈n.f.〉
marin	[maʁɛ̃]		水手；海员〈n.m.〉
marine	[maʁin]		海的；海军的〈adj.〉
marionnette	[maʁjonɛt]		木偶；提线木偶〈n.f.〉
maritime	[maʁitim]		海事的；近海的〈adj.〉
marié	[maʁje]		新郎；已婚的〈n.m.〉
marmite	[maʁmit]		锅；汤锅〈n.f.〉
marmotte	[maʁmɔt]		土拨鼠；旱獭〈n.f.〉
marocain	[maʁokɛ̃]		摩洛哥的；摩洛哥人〈n.m.〉
marque	[maʁk]		牌子；商标；记号〈n.f.〉
marquer	[maʁke]		做记号；得分〈v.〉
marquis	[maʁki]		侯爵〈n.m.〉
marqué	[maʁke]		明显的；显著的〈adj.〉
marraine	[maʁɛn]		教母；女赞助人〈n.f.〉
marrant	[maʁɑ̃]		好笑的（口语）〈adj.〉
marre	[maʁ]		受够了（口语）〈adv.〉
marrer	[maʁe]		大笑（口语）〈v.〉
marron	[maʁɔ̃]		栗色的；栗子〈adj.〉
mars	[maʁs]		三月〈n.m.〉
marteau	[maʁto]		锤子〈n.m.〉
martial	[maʁsjal]		军事的；好战的〈adj.〉
martyr	[maʁtiʁ]		殉道者；烈士〈n.m.〉
martyre	[maʁtiʁ]		殉道者；酷刑折磨〈n.〉
marécage	[maʁekaʒ]		沼泽〈n.m.〉
maréchal	[maʁeʃal]		元帅〈n.m.〉
marée	[maʁe]		潮汐；海潮〈n.f.〉
mascarade	[maskaʁad]		化装舞会；闹剧〈n.f.〉
mascotte	[maskɔt]		吉祥物〈n.f.〉
masculin	[maskylɛ̃]		男性的；阳性的〈adj.〉
masque	[mask]		面具；口罩〈n.m.〉
masquer	[maske]		遮住；掩饰〈v.〉
masqué	[maske]		戴面具的〈adj.〉
massacre	[masakʁ]		屠杀〈n.m.〉
massacrer	[masakʁe]		屠杀；糟蹋〈v.〉
massage	[masaʒ]		按摩〈n.m.〉
masse	[mas]		块；团；大量〈n.f.〉
masser	[mase]		按摩〈v.〉
massif	[masif]		巨大的；结实的〈adj.〉
master	[mastœʁ]		硕士学位〈n.m.〉
masturber	[mastyʁbe]		手淫〈v.〉
mat	[mat]		将死（棋）〈n.m.〉
match	[matʃ]		比赛〈n.m.〉
matelas	[matəla]		床垫〈n.m.〉
matelot	[matəlo]		水手〈n.m.〉
mater	[mate]		看（口语）；镇压〈v.〉
maternel	[matɛʁnɛl]		母亲的；幼儿园的〈adj.〉
maternité	[matɛʁnite]		产科；母性〈n.f.〉
maths	[mat]		数学（口语）〈n.f.〉
matin	[matɛ̃]		早晨；上午〈n.m.〉
matinal	[matinal]		清晨的；早起的〈adj.〉
matinée	[matine]		上午；早晨时段〈n.f.〉
matière	[matjɛʁ]		材料；物质；科目〈n.f.〉
matos	[matos]		器材；装备（口语）〈n.m.〉
matrice	[matʁis]		矩阵；模子；模板〈n.f.〉
matricule	[matʁikyl]		编号；登记号〈n.〉
maturité	[matyʁite]		成熟〈n.f.〉
matériau	[mateʁjo]		材料；原料〈n.m.〉
matériel	[mateʁjɛl]		器材；设备；物资〈n.m.〉
maudire	[modiʁ]		诅咒〈v.〉
maudit	[modi]		被诅咒的；该死的〈adj.〉
mauvais	[movɛ]		坏的；差的；糟糕的〈adj.〉
mauviette	[movjɛt]		瘦弱的人；胆小鬼（口语）〈n.f.〉
max	[maks]		最大值；极限（口语）〈n.m.〉
maximal	[maksimal]		最大的；最高的〈adj.〉
maximum	[maksimɔm]		最大值；最大限度〈n.m.〉
mayonnaise	[majonɛz]		蛋黄酱〈n.f.〉
maçon	[masɔ̃]		泥瓦匠；石匠〈n.m.〉
maître	[mɛtʁ]		主人；师傅；大师〈n.m.〉
maîtresse	[mɛtʁɛs]		情妇；女教师；女主人〈n.f.〉
maîtrise	[metʁiz]		掌握；控制；硕士〈n.f.〉
maîtriser	[metʁize]		掌握；控制〈v.〉
maïs	[mais]		玉米〈n.m.〉
me	[mə]		我（宾格）〈pron.〉
mec	[mɛk]		家伙；男人（口语）〈n.m.〉
meeting	[mitiŋ]		集会；会议〈n.m.〉
meilleur	[mɛjœʁ]		更好的；最好的〈adj.〉
melon	[məlɔ̃]		甜瓜〈n.m.〉
membre	[mɑ̃bʁ]		成员；会员；肢体〈n.m.〉
menace	[mənas]		威胁〈n.f.〉
menacer	[mənase]		威胁〈v.〉
menaçant	[mənasɑ̃]		威胁的；险恶的〈adj.〉
mendiant	[mɑ̃djɑ̃]		乞丐〈n.m.〉
mendier	[mɑ̃dje]		乞讨〈v.〉
mener	[məne]		带领；引导〈v.〉
meneur	[mənœʁ]		领头人；为首者〈n.m.〉
menotte	[mənɔt]		手铐〈n.f.〉
menotter	[mənote]		给……戴上手铐〈v.〉
mensonge	[mɑ̃sɔ̃ʒ]		谎言〈n.m.〉
mental	[mɑ̃tal]		精神的；心理的〈adj.〉
mentalement	[mɑ̃taləmɑ̃]		在脑中；精神上〈adv.〉
mentalité	[mɑ̃talite]		心态；思维方式〈n.f.〉
menteur	[mɑ̃tœʁ]		说谎的人〈n.m.〉
menthe	[mɑ̃t]		薄荷〈n.f.〉
mention	[mɑ̃sjɔ̃]		提及；注记〈n.f.〉
mentionner	[mɑ̃sjone]		提到；提及〈v.〉
mentir	[mɑ̃tiʁ]		说谎；撒谎〈v.〉
menton	[mɑ̃tɔ̃]		下巴〈n.m.〉
menu	[məny]		菜单；套餐〈n.m.〉
menuisier	[mønɥizje]		木匠；细木工〈n.m.〉
mer	[mɛʁ]		海；大海〈n.f.〉
mercenaire	[mɛʁsənɛʁ]		雇佣兵〈n.〉
merci	[mɛʁsi]		谢谢〈interj.〉
mercredi	[mɛʁkʁədi]		星期三〈n.m.〉
merde	[mɛʁd]		该死（粗话）；讨厌〈interj.〉
merder	[mɛʁde]		出乱子（粗俗）〈v.〉
merdique	[mɛʁdik]		糟透的（粗俗）〈adj.〉
merle	[mɛʁl]		乌鸫（一种鸟）〈n.m.〉
merveille	[mɛʁvɛj]		奇迹；胜景〈n.f.〉
merveilleusement	[mɛʁvɛjøzəmɑ̃]		美妙地；绝妙地〈adv.〉
merveilleux	[mɛʁvɛjø]		美妙的；了不起的〈adj.〉
mes	[me]		我的（复数）〈adj.〉
mesquin	[mɛskɛ̃]		吝啬的；卑劣的〈adj.〉
message	[mesaʒ]		消息；口信〈n.m.〉
messager	[mesaʒe]		信使；使者〈n.m.〉
messe	[mɛs]		弥撒〈n.f.〉
mesure	[məzyʁ]		措施；尺寸；程度〈n.f.〉
mesurer	[məzyʁe]		测量；衡量〈v.〉
mets	[mɛ]		菜肴〈n.m.〉
mettre	[mɛtʁ]		放；穿上〈v.〉
meuble	[mœbl]		家具〈n.m.〉
meuf	[mœf]		女人；女朋友（俚语）〈n.f.〉
meurtre	[mœʁtʁ]		谋杀；凶杀〈n.m.〉
meurtrier	[mœʁtʁije]		凶手；杀人犯〈n.m.〉
meute	[møt]		（狼）群；一伙〈n.f.〉
mexicain	[mɛksikɛ̃]		墨西哥的；墨西哥人〈n.m.〉
mi	[mi]		半；中点（用于复合词）〈n.m.〉
mi-chemin	[miʃəmɛ̃]		中途；半路〈n.m.〉
miam	[mjam]		好吃（尝美食的感叹语）〈interj.〉
miche	[miʃ]		圆面包〈n.f.〉
micro	[mikʁo]		麦克风〈n.〉
micro-ondes	[mikʁoɔ̃d]		微波炉〈n.m.〉
microbe	[mikʁɔb]		微生物；细菌〈n.m.〉
microscope	[mikʁoskɔp]		显微镜〈n.m.〉
midi	[midi]		中午；正午〈n.m.〉
miel	[mjɛl]		蜂蜜〈n.m.〉
mien	[mjɛ̃]		我的（东西）〈pron.〉
mienne	[mjɛn]		我的（所属物）〈pron.〉
miette	[mjɛt]		碎屑；一点〈n.f.〉
mieux	[mjø]		更好〈adv.〉
mignon	[miɲɔ̃]		可爱的；娇小的〈adj.〉
migraine	[migʁɛn]		偏头痛〈n.f.〉
mijoter	[miʒote]		用小火煨；暗中策划〈v.〉
mile	[majl]		英里〈n.m.〉
milice	[milis]		民兵；治安队〈n.f.〉
milieu	[miljø]		中间；中部；环境〈n.m.〉
militaire	[militɛʁ]		军事的；军人〈adj.〉
militant	[militɑ̃]		积极分子；斗士〈n.m.〉
mille	[mil]		千；一千〈adj.〉
milliard	[miljaʁ]		十亿〈n.m.〉
millier	[milje]		约一千；千余〈n.m.〉
millimètre	[milimɛtʁ]		毫米〈n.m.〉
million	[miljɔ̃]		百万〈n.m.〉
millionnaire	[miljonɛʁ]		百万富翁的〈adj.〉
millénaire	[milenɛʁ]		千年的；千年〈n.m.〉
mime	[mim]		哑剧；哑剧演员〈n.m.〉
minable	[minabl]		糟透的；寒碜的（口语）〈adj.〉
mince	[mɛ̃s]		细的；苗条的〈adj.〉
mine	[min]		气色；神态；矿井〈n.f.〉
miner	[mine]		侵蚀；暗中破坏〈v.〉
minet	[minɛ]		猫咪（儿语）；小帅哥〈n.m.〉
mineur	[minœʁ]		未成年人；矿工〈n.m.〉
miniature	[minjatyʁ]		微型画；微型；缩样〈n.f.〉
minimum	[minimɔm]		最小量；最低限度〈n.m.〉
ministre	[ministʁ]		部长；大臣〈n.〉
ministère	[ministɛʁ]		部；部委〈n.m.〉
minorité	[minoʁite]		少数；少数派〈n.f.〉
minou	[minu]		猫咪（儿语）〈n.m.〉
minuit	[minɥi]		午夜〈n.m.〉
minuscule	[minyskyl]		极小的〈adj.〉
minute	[minyt]		分钟〈n.f.〉
minéral	[mineʁal]		矿物的；含矿物质的〈adj.〉
miracle	[miʁakl]		奇迹〈n.m.〉
miraculeux	[miʁakylø]		奇迹般的〈adj.〉
miroir	[miʁwaʁ]		镜子〈n.m.〉
mise	[miz]		放置；下注；设置〈n.f.〉
miser	[mize]		下注；打赌〈v.〉
miss	[mis]		小姐；选美冠军〈n.f.〉
missile	[misil]		导弹〈n.m.〉
mission	[misjɔ̃]		任务；使命〈n.f.〉
missionnaire	[misjonɛʁ]		传教士〈n.〉
misère	[mizɛʁ]		苦难；贫困〈n.f.〉
misérable	[mizeʁabl]		悲惨的；贫苦的〈adj.〉
miséricorde	[mizeʁikɔʁd]		仁慈；怜悯〈n.f.〉
miséricordieux	[mizeʁikɔʁdjø]		仁慈的；慈悲的〈adj.〉
mitraillette	[mitʁajɛt]		冲锋枪；长棍三明治〈n.f.〉
mitrailleur	[mitʁajœʁ]		机枪手；机枪〈n.m.〉
mixte	[mikst]		混合的；男女混合的〈adj.〉
mobile	[mobil]		动机；手机（口语）〈n.m.〉
mobiliser	[mobilize]		动员；调动〈v.〉
moche	[mɔʃ]		丑的；难看的〈adj.〉
mode	[mɔd]		时尚；流行；方式〈n.〉
modeler	[modəle]		塑造；捏塑〈v.〉
moderne	[modɛʁn]		现代的〈adj.〉
modeste	[modɛst]		谦逊的；微薄的〈adj.〉
modestie	[modɛsti]		谦虚〈n.f.〉
modification	[modifikasjɔ̃]		修改；变更〈n.f.〉
modifier	[modifje]		修改；更改〈v.〉
module	[modyl]		模块；组件；舱〈n.m.〉
modèle	[modɛl]		模型；模范；型号〈n.m.〉
moelle	[mwal]		骨髓；髓〈n.f.〉
moeurs	[mœʁs]		风俗；习惯；道德〈n.f.〉
moi	[mwa]		我（重读）〈pron.〉
moi-même	[mwamɛm]		我自己；本人〈pron.〉
moindre	[mwɛ̃dʁ]		更小的；最轻微的〈adj.〉
moine	[mwan]		修士；僧侣〈n.m.〉
moineau	[mwano]		麻雀〈n.m.〉
moins	[mwɛ̃]		更少；较少；减〈adv.〉
mois	[mwa]		月；月份〈n.m.〉
moisson	[mwasɔ̃]		收割；收成〈n.f.〉
moitié	[mwatje]		一半；半个〈n.f.〉
mollo	[molo]		慢点；轻点（口语）〈adv.〉
moléculaire	[molekylɛʁ]		分子的〈adj.〉
moment	[momɑ̃]		时刻；片刻〈n.m.〉
momie	[momi]		木乃伊；干瘪的人〈n.f.〉
mon	[mɔ̃]		我的〈adj.〉
monastère	[monastɛʁ]		修道院〈n.m.〉
mondain	[mɔ̃dɛ̃]		上流社会的；世俗的〈adj.〉
monde	[mɔ̃d]		世界；人们〈n.m.〉
mondial	[mɔ̃djal]		世界的；全球的〈adj.〉
moniteur	[monitœʁ]		教练员；显示器〈n.m.〉
monnaie	[monɛ]		货币；零钱〈n.f.〉
monseigneur	[mɔ̃sɛɲœʁ]		大人（主教尊称）〈n.m.〉
monsieur	[məsjø]		先生〈n.m.〉
monstre	[mɔ̃stʁ]		怪物〈n.m.〉
monstrueux	[mɔ̃stʁyø]		巨大的；骇人的〈adj.〉
montage	[mɔ̃taʒ]		组装；剪辑；安装〈n.m.〉
montagne	[mɔ̃taɲ]		山；山区〈n.f.〉
montant	[mɔ̃tɑ̃]		金额〈n.m.〉
monter	[mɔ̃te]		上楼；登上；上升〈v.〉
montre	[mɔ̃tʁ]		手表〈n.f.〉
montrer	[mɔ̃tʁe]		出示；展示〈v.〉
monture	[mɔ̃tyʁ]		坐骑（马）；镜架〈n.f.〉
montée	[mɔ̃te]		上升；上坡〈n.f.〉
monument	[monymɑ̃]		纪念碑；宏伟建筑〈n.m.〉
moquer	[moke]		嘲笑；取笑〈v.〉
moquette	[mokɛt]		铺地地毯〈n.f.〉
moral	[moʁal]		道德的；士气〈adj.〉
morale	[moʁal]		道德；士气〈n.f.〉
moralité	[moʁalite]		道德；寓意〈n.f.〉
morbide	[mɔʁbid]		病态的〈adj.〉
morceau	[mɔʁso]		一块；片段〈n.m.〉
mordre	[mɔʁdʁ]		咬；咬住〈v.〉
morgue	[mɔʁg]		停尸房；傲慢〈n.f.〉
morphine	[mɔʁfin]		吗啡〈n.f.〉
morse	[mɔʁs]		海象；摩斯电码〈n.m.〉
morsure	[mɔʁsyʁ]		咬伤；咬〈n.f.〉
mort	[mɔʁ]		死亡；死者；死的〈n.〉
mortel	[mɔʁtɛl]		致命的〈adj.〉
morue	[moʁy]		鳕鱼〈n.f.〉
morveux	[mɔʁvø]		流鼻涕的小孩；小屁孩〈n.m.〉
mosquée	[mɔske]		清真寺〈n.f.〉
mot	[mo]		词；单词；话〈n.m.〉
motard	[motaʁ]		摩托车手〈n.m.〉
motel	[motɛl]		汽车旅馆〈n.m.〉
moteur	[motœʁ]		发动机；马达〈n.m.〉
motif	[motif]		动机；理由；图案〈n.m.〉
motion	[mosjɔ̃]		动议〈n.f.〉
motivation	[motivasjɔ̃]		动力；动机〈n.f.〉
motiver	[motive]		激励；说明理由〈v.〉
moto	[moto]		摩托车〈n.f.〉
mou	[mu]		软的；无力的〈adj.〉
mou,mol	[mɔl]		软的；松弛的；无力的〈adj.〉
mouchard	[muʃaʁ]		告密者；眼线〈n.m.〉
mouche	[muʃ]		苍蝇〈n.f.〉
moucher	[muʃe]		擤（鼻涕）；数落〈v.〉
moucheron	[muʃəʁɔ̃]		蠓；小飞虫〈n.m.〉
mouchoir	[muʃwaʁ]		手帕；纸巾〈n.m.〉
mouette	[mwɛt]		海鸥〈n.f.〉
mouiller	[muje]		弄湿〈v.〉
mouillé	[muje]		湿的〈adj.〉
moule	[mul]		贻贝；模具〈n.〉
moulin	[mulɛ̃]		磨坊〈n.m.〉
mourant	[muʁɑ̃]		垂死的〈adj.〉
mourir	[muʁiʁ]		死；死亡〈v.〉
mousquetaire	[muskətɛʁ]		火枪手〈n.m.〉
mousse	[mus]		泡沫；苔藓；慕斯〈n.〉
moustache	[mustaʃ]		小胡子〈n.f.〉
moustique	[mustik]		蚊子〈n.m.〉
moutarde	[mutaʁd]		芥末〈n.f.〉
mouton	[mutɔ̃]		绵羊；羊肉〈n.m.〉
mouvement	[muvəmɑ̃]		运动；动作〈n.m.〉
moyen	[mwajɛ̃]		方法；手段〈n.m.〉
moyenne	[mwajɛn]		平均数；中等〈n.f.〉
muet	[mɥɛ]		哑的；沉默的；无声的〈adj.〉
muffin	[mœfin]		玛芬；松饼〈n.m.〉
mule	[myl]		骡子〈n.f.〉
mulet	[mylɛ]		骡子〈n.m.〉
multiple	[myltipl]		多种的；多个的〈adj.〉
multiplier	[myltiplije]		乘；使成倍增加〈v.〉
municipal	[mynisipal]		市政的〈adj.〉
munition	[mynisjɔ̃]		弹药〈n.f.〉
mur	[myʁ]		墙；墙壁〈n.m.〉
muraille	[myʁaj]		城墙；高墙〈n.f.〉
murmure	[myʁmyʁ]		低语声；潺潺声〈n.m.〉
murmurer	[myʁmyʁe]		低声说；嘀咕〈v.〉
muscle	[myskl]		肌肉〈n.m.〉
musclé	[myskle]		肌肉发达的；结实的〈adj.〉
musculaire	[myskylɛʁ]		肌肉的〈adj.〉
muse	[myz]		缪斯；灵感女神〈n.f.〉
musical	[myzikal]		音乐的〈adj.〉
musicien	[myzisjɛ̃]		音乐家；乐手〈n.m.〉
musique	[myzik]		音乐〈n.f.〉
must	[mœst]		必备之物（借词）〈n.m.〉
musulman	[myzylmɑ̃]		穆斯林；伊斯兰教的〈n.m.〉
musée	[myze]		博物馆〈n.m.〉
mutant	[mytɑ̃]		突变体；变种人〈n.m.〉
mutation	[mytasjɔ̃]		调动；突变〈n.f.〉
muter	[myte]		调职；调动〈v.〉
mutiler	[mytile]		使残缺；致残〈v.〉
mutilé	[mytile]		残废的；肢体残缺的〈adj.〉
mutinerie	[mytinəʁi]		哗变；骚动〈n.f.〉
mutuel	[mytɥɛl]		相互的〈adj.〉
mutuellement	[mytɥɛləmɑ̃]		相互地〈adv.〉
myrtille	[miʁtij]		蓝莓〈n.f.〉
mystique	[mistik]		神秘的；神秘主义的〈adj.〉
mystère	[mistɛʁ]		秘密；谜〈n.m.〉
mystérieux	[misteʁjø]		神秘的〈adj.〉
mythe	[mit]		神话；虚构的人物〈n.m.〉
mâcher	[maʃe]		咀嚼〈v.〉
mâchoire	[maʃwaʁ]		颌；下巴〈n.f.〉
mâle	[mal]		雄性；公的〈n.m.〉
mèche	[mɛʃ]		灯芯；一缕头发；钻头〈n.f.〉
mère	[mɛʁ]		母亲；妈妈〈n.f.〉
mètre	[mɛtʁ]		米；公尺〈n.m.〉
mécanicien	[mekanisjɛ̃]		机械师；修理工〈n.m.〉
mécanique	[mekanik]		机械装置；力学〈n.f.〉
mécanisme	[mekanizm]		机制；机械装置〈n.m.〉
méchanceté	[meʃɑ̃səte]		恶毒；坏心眼〈n.f.〉
méchant	[meʃɑ̃]		凶的；恶毒的；淘气的〈adj.〉
mécontent	[mekɔ̃tɑ̃]		不满的〈adj.〉
médaille	[medaj]		奖章；勋章〈n.f.〉
médecin	[mɛdsɛ̃]		医生；大夫〈n.m.〉
médecine	[mɛdsin]		医学；药〈n.f.〉
média	[medja]		媒体；传媒〈n.m.〉
médical	[medikal]		医学的；医疗的〈adj.〉
médicament	[medikamɑ̃]		药；药品〈n.m.〉
médiocre	[medjɔkʁ]		平庸的；差劲的〈adj.〉
méditation	[meditasjɔ̃]		冥想；沉思〈n.f.〉
méditer	[medite]		沉思；冥想〈v.〉
médium	[medjɔm]		灵媒；通灵者〈n.m.〉
méfiance	[mefjɑ̃s]		不信任；警惕〈n.f.〉
méfiant	[mefjɑ̃]		多疑的；戒备的〈adj.〉
méfier	[mefje]		提防；警惕〈v.〉
méga	[mega]		极大的（口语）〈adj.〉
mégot	[mego]		烟头〈n.m.〉
mélancolie	[melɑ̃koli]		忧郁；感伤〈n.f.〉
mélancolique	[melɑ̃kolik]		忧郁的；感伤的〈adj.〉
mélange	[melɑ̃ʒ]		混合；混合物〈n.m.〉
mélanger	[melɑ̃ʒe]		混合；掺和〈v.〉
mélodie	[melodi]		旋律〈n.f.〉
mémo	[memo]		备忘录；便条〈n.m.〉
mémoire	[memwaʁ]		记忆；回忆；内存〈n.〉
mémorable	[memoʁabl]		值得纪念的；难忘的〈adj.〉
mémoriser	[memoʁize]		记住；背熟〈v.〉
mémé	[meme]		奶奶；外婆（口语）〈n.f.〉
ménage	[menaʒ]		家务；打扫〈n.m.〉
ménager	[menaʒe]		节省使用；小心对待〈v.〉
méprendre	[mepʁɑ̃dʁ]		弄错；误解〈v.〉
mépris	[mepʁi]		蔑视；轻蔑〈n.m.〉
mépriser	[mepʁize]		轻视；鄙视〈v.〉
mérite	[meʁit]		功绩；价值〈n.m.〉
mériter	[meʁite]		值得；应得〈v.〉
métal	[metal]		金属〈n.m.〉
métallique	[metalik]		金属的；金属般的〈adj.〉
métaphore	[metafɔʁ]		隐喻；比喻〈n.f.〉
méthode	[metɔd]		方法〈n.f.〉
méticuleux	[metikylø]		一丝不苟的〈adj.〉
métier	[metje]		职业；行当；手艺〈n.m.〉
métro	[metʁo]		地铁〈n.m.〉
météo	[meteo]		天气预报〈n.f.〉
météorite	[meteoʁit]		陨石〈n.f.〉
mêler	[mele]		混合；使卷入〈v.〉
même	[mɛm]		甚至；相同的〈adv.〉
môme	[mom]		小孩（口语）〈n.〉
mûr	[myʁ]		成熟的〈adj.〉
mûrir	[myʁiʁ]		成熟；酝酿〈v.〉
nage	[naʒ]		游泳；泳姿〈n.f.〉
nager	[naʒe]		游泳〈v.〉
nageur	[naʒœʁ]		游泳者；游泳运动员〈n.m.〉
nain	[nɛ̃]		侏儒；矮子〈n.m.〉
naissance	[nɛsɑ̃s]		出生；诞生〈n.f.〉
nana	[nana]		姑娘；妞（口语）〈n.f.〉
nappe	[nap]		桌布〈n.f.〉
narine	[naʁin]		鼻孔〈n.f.〉
natal	[natal]		出生的；故乡的〈adj.〉
natation	[natasjɔ̃]		游泳（运动）〈n.f.〉
nation	[nasjɔ̃]		民族；国家〈n.f.〉
national	[nasjonal]		国家的；全国的〈adj.〉
nationalisme	[nasjonalizm]		民族主义〈n.m.〉
nationalité	[nasjonalite]		国籍〈n.f.〉
nature	[natyʁ]		自然；本性〈n.f.〉
naturel	[natyʁɛl]		自然的；天生的〈adj.〉
naturellement	[natyʁɛləmɑ̃]		自然地；当然〈adv.〉
naufrage	[nofʁaʒ]		海难；沉船〈n.m.〉
nausée	[noze]		恶心；想吐〈n.f.〉
naval	[naval]		海军的〈adj.〉
navet	[navɛ]		芜菁；（电影）烂片〈n.m.〉
navette	[navɛt]		班车；摆渡车〈n.f.〉
navigateur	[navigatœʁ]		航海家；浏览器〈n.m.〉
navigation	[navigasjɔ̃]		航行；导航〈n.f.〉
naviguer	[navige]		航行；浏览〈v.〉
navire	[naviʁ]		船；大船〈n.m.〉
navrer	[navʁe]		使悲痛；使难过〈v.〉
navré	[navʁe]		悲痛的；深感歉意的〈adj.〉
naze	[naz]		很差的；糟透的（俚语）〈adj.〉
nazi	[nazi]		纳粹的；纳粹分子〈n.m.〉
naître	[nɛtʁ]		出生；诞生〈v.〉
naïf	[naif]		天真的；幼稚的〈adj.〉
ne	[nə]		不（否定词）〈adv.〉
nectar	[nɛktaʁ]		花蜜；甘露〈n.m.〉
neige	[nɛʒ]		雪；积雪〈n.f.〉
neiger	[neʒe]		下雪〈v.〉
nerf	[nɛʁ]		神经；精力〈n.m.〉
nerveux	[nɛʁvø]		神经质的；紧张的〈adj.〉
net	[nɛt]		干净利落的；清晰的〈adj.〉
nettement	[nɛtəmɑ̃]		明显地；清楚地〈adv.〉
nettoyage	[netwajaʒ]		清洁；打扫〈n.m.〉
nettoyer	[netwaje]		打扫；清洗〈v.〉
nettoyeur	[netwajœʁ]		清洁工；清洗器〈n.m.〉
neuf	[nœf]		新的；九〈adj.〉
neutraliser	[nøtʁalize]		中和；瓦解；制服〈v.〉
neutre	[nøtʁ]		中立的；中性的〈adj.〉
neveu	[nəvø]		侄子；外甥〈n.m.〉
nez	[ne]		鼻子〈n.m.〉
ni	[ni]		也不；既不〈conj.〉
niche	[niʃ]		壁龛；狗窝；利基〈n.f.〉
nichon	[niʃɔ̃]		乳房（粗俗口语）〈n.m.〉
nickel	[nikɛl]		镍；（口语）完美的〈adj.〉
nid	[ni]		巢；窝〈n.m.〉
nier	[nje]		否认〈v.〉
niquer	[nike]		与…性交（粗俗）〈v.〉
niveau	[nivo]		水平；等级；楼层〈n.m.〉
nièce	[njɛs]		侄女；外甥女〈n.f.〉
noble	[nɔbl]		高贵的；贵族的〈adj.〉
noblesse	[noblɛs]		贵族身份；高贵〈n.f.〉
noce	[nɔs]		婚礼；喜宴〈n.f.〉
nocturne	[nɔktyʁn]		夜间的；夜曲〈adj.〉
noeud	[nø]		结；节〈n.m.〉
noir	[nwaʁ]		黑色的；黑暗的〈adj.〉
noisette	[nwazɛt]		榛子〈n.f.〉
noix	[nwa]		坚果；核桃〈n.f.〉
nom	[nɔ̃]		名字；名称；姓氏〈n.m.〉
nombre	[nɔ̃bʁ]		数目；数量〈n.m.〉
nombreux	[nɔ̃bʁø]		众多的；许多的〈adj.〉
nombril	[nɔ̃bʁil]		肚脐〈n.m.〉
nomination	[nominasjɔ̃]		任命；提名〈n.f.〉
nommer	[nome]		命名；任命〈v.〉
nommé	[nome]		被任命的；名为〈adj.〉
non	[nɔ̃]		不；不是〈adv.〉
nonne	[nɔn]		修女〈n.f.〉
nord	[nɔʁ]		北；北方〈n.m.〉
normal	[nɔʁmal]		正常的；寻常的〈adj.〉
normalement	[nɔʁmaləmɑ̃]		通常；正常地〈adv.〉
norme	[nɔʁm]		标准；规范〈n.f.〉
norvégien	[nɔʁveʒjɛ̃]		挪威的；挪威语的〈adj.〉
nos	[no]		我们的（复数）〈adj.〉
nostalgie	[nɔstalʒi]		怀旧；乡愁〈n.f.〉
notaire	[notɛʁ]		公证人〈n.m.〉
notamment	[notamɑ̃]		尤其；特别是〈adv.〉
note	[nɔt]		笔记；分数；音符〈n.f.〉
noter	[note]		记下；评分〈v.〉
notion	[nosjɔ̃]		概念；观念〈n.f.〉
notre	[nɔtʁ]		我们的〈adj.〉
nouer	[nwe]		打结；系上〈v.〉
nouille	[nuj]		面条〈n.f.〉
nounou	[nunu]		保姆（儿语）〈n.f.〉
nounours	[nunuʁs]		玩具熊；宝贝（昵称）〈n.m.〉
nourri	[nuʁi]		喂饱的；滋养的〈adj.〉
nourrice	[nuʁis]		奶妈；保姆〈n.f.〉
nourrir	[nuʁiʁ]		喂养；滋养〈v.〉
nourriture	[nuʁityʁ]		食物；营养〈n.f.〉
nous	[nu]		我们〈pron.〉
nous-mêmes	[numɛm]		我们自己〈pron.〉
nouveau	[nuvo]		新的；新来的〈n.m.〉
nouveau-né	[nuvone]		新生儿〈n.m.〉
nouveauté	[nuvote]		新事物；新奇〈n.f.〉
nouvelle	[nuvɛl]		消息；新闻；短篇小说〈adj.〉
novembre	[novɑ̃bʁ]		十一月〈n.m.〉
noyau	[nwajo]		果核；核心〈n.m.〉
noyer	[nwaje]		淹死；淹没〈v.〉
noyé	[nwaje]		溺水者〈n.m.〉
noël	[noɛl]		圣诞节〈n.m.〉
nu	[ny]		裸体的；光秃的〈adj.〉
nuage	[nɥaʒ]		云；云朵〈n.m.〉
nucléaire	[nykleɛʁ]		核的；核能的〈adj.〉
nudiste	[nydist]		裸体主义者〈n.〉
nuire	[nɥiʁ]		损害；妨碍〈v.〉
nuit	[nɥi]		夜；夜晚〈n.f.〉
nul	[nyl]		差劲的；（比分）零〈adj.〉
numérique	[nymeʁik]		数字的；数码的〈adj.〉
numéro	[nymeʁo]		号码；期号〈n.m.〉
nuque	[nyk]		后颈；颈背〈n.f.〉
né	[ne]		出生的；天生的〈adj.〉
néanmoins	[neɑ̃mwɛ̃]		然而；不过〈adv.〉
néant	[neɑ̃]		虚无；乌有〈n.m.〉
nécessaire	[nesesɛʁ]		必需的；必要的〈adj.〉
nécessairement	[nesesɛʁəmɑ̃]		必然地；必定〈adv.〉
nécessiter	[nesesite]		需要；使成为必要〈v.〉
nécessité	[nesesite]		必要性；必需品〈n.f.〉
négatif	[negatif]		否定的；负面的；底片〈adj.〉
négligence	[negliʒɑ̃s]		疏忽；马虎〈n.f.〉
négliger	[negliʒe]		忽视；疏忽〈v.〉
négociation	[negosjasjɔ̃]		谈判；协商〈n.f.〉
négocier	[negosje]		谈判；协商〈v.〉
négro	[negʁo]		对黑人的蔑称（侮辱语）〈n.m.〉
nôtre	[notʁ]		我们的（东西）〈pron.〉
objectif	[ɔbʒɛktif]		目标；客观的；镜头〈n.m.〉
objection	[ɔbʒɛksjɔ̃]		异议；反对〈n.f.〉
objet	[ɔbʒɛ]		物品；物体；目标〈n.m.〉
obligation	[obligasjɔ̃]		义务；责任〈n.f.〉
obligatoire	[obligatwaʁ]		强制性的；必须的〈adj.〉
obliger	[obliʒe]		强迫；使不得不〈v.〉
obligé	[obliʒe]		被迫的；感激的〈adj.〉
obscur	[ɔpskyʁ]		昏暗的；晦涩的〈adj.〉
obscurité	[ɔpskyʁite]		黑暗；晦涩〈n.f.〉
obscène	[ɔpsɛn]		淫秽的；下流的〈adj.〉
observateur	[opsɛʁvatœʁ]		观察者；观察员〈n.m.〉
observation	[opsɛʁvasjɔ̃]		观察；评论〈n.f.〉
observer	[opsɛʁve]		观察；监视〈v.〉
obsession	[ɔpsesjɔ̃]		困扰；痴迷〈n.f.〉
obstacle	[ɔpstakl]		障碍〈n.m.〉
obstiner	[ɔpstine]		固执；坚持到底〈v.〉
obsèques	[ɔpsɛk]		葬礼〈n.f.〉
obséder	[opsede]		使痴迷；纠缠〈v.〉
obsédé	[opsede]		痴迷者；色迷（口语）〈n.m.〉
obtenir	[ɔptəniʁ]		获得；得到〈v.〉
obus	[oby]		炮弹〈n.m.〉
obéir	[obeiʁ]		服从；听话〈v.〉
obéissance	[obeisɑ̃s]		服从；顺从〈n.f.〉
obéissant	[obeisɑ̃]		顺从的；听话的〈adj.〉
occasion	[okazjɔ̃]		机会；场合〈n.f.〉
occidental	[ɔksidɑ̃tal]		西方的；西方人〈adj.〉
occulte	[okylt]		神秘的；隐秘的〈adj.〉
occupant	[okypɑ̃]		占用者；占领者〈n.m.〉
occupation	[okypasjɔ̃]		占领；占用；职业〈n.f.〉
occuper	[okype]		占据；占用；忙于〈v.〉
occupé	[okype]		忙的；被占用的〈adj.〉
octobre	[ɔktɔbʁ]		十月〈n.m.〉
oculaire	[okylɛʁ]		眼的；视觉的〈adj.〉
océan	[oseɑ̃]		海洋〈n.m.〉
odeur	[odœʁ]		气味〈n.f.〉
odieux	[odjø]		可憎的；恶劣的〈adj.〉
oeil	[œj]		眼睛〈n.m.〉
oeuf	[œf]		鸡蛋〈n.m.〉
oeuvre	[œvʁ]		作品；事业〈n.〉
oeuvrer	[œvʁe]		致力于；效力〈v.〉
off	[ɔf]		画外的；镜头外的〈adj.〉
offense	[ofɑ̃s]		冒犯；侮辱〈n.f.〉
offenser	[ofɑ̃se]		冒犯；触怒〈v.〉
offensive	[ofɑ̃siv]		进攻；攻势〈n.f.〉
offensé	[ofɑ̃se]		被冒犯的；被侮辱的〈adj.〉
office	[ofis]		办事处；职责〈n.〉
officiel	[ofisjɛl]		官方的；正式的〈adj.〉
officiellement	[ofisjɛləmɑ̃]		正式地；官方地〈adv.〉
officier	[ofisje]		军官；官员〈n.m.〉
offrande	[ofʁɑ̃d]		供品；祭品〈n.f.〉
offre	[ɔfʁ]		提议；报价〈n.f.〉
offrir	[ofʁiʁ]		赠送；提供〈v.〉
ogre	[ɔgʁ]		食人魔（童话）〈n.m.〉
oie	[wa]		鹅；鹅肉〈n.f.〉
oignon	[ɔɲɔ̃]		洋葱〈n.m.〉
oiseau	[wazo]		鸟；禽〈n.m.〉
ok	[oke]		好；行；可以〈adj.〉
olive	[oliv]		橄榄〈n.f.〉
olympique	[olɛ̃pik]		奥林匹克的〈adj.〉
ombre	[ɔ̃bʁ]		影子；阴凉处〈n.〉
omelette	[oməlɛt]		煎蛋卷〈n.f.〉
omettre	[omɛtʁ]		省略；遗漏〈v.〉
on	[ɔ̃]		人们；（口语）我们〈pron.〉
once	[ɔ̃s]		盎司〈n.f.〉
oncle	[ɔ̃kl]		叔叔；伯父；舅舅〈n.m.〉
onde	[ɔ̃d]		波；水波〈n.f.〉
ongle	[ɔ̃gl]		指甲〈n.m.〉
onze	[ɔ̃z]		十一〈adj.〉
opinion	[opinjɔ̃]		意见；看法〈n.f.〉
opium	[opjɔm]		鸦片〈n.m.〉
opportunité	[opɔʁtynite]		机会；时机〈n.f.〉
opposer	[opoze]		使对立；反对〈v.〉
opposition	[opozisjɔ̃]		反对；反对派〈n.f.〉
opposé	[opoze]		相反的；对立的〈adj.〉
oppression	[opʁesjɔ̃]		压迫；压制〈n.f.〉
optimiste	[ɔptimist]		乐观的；乐观者〈adj.〉
option	[ɔpsjɔ̃]		选项；选修课〈n.f.〉
opéra	[opeʁa]		歌剧〈n.m.〉
opérateur	[opeʁatœʁ]		操作员；运营商〈n.m.〉
opération	[opeʁasjɔ̃]		手术；行动；运算〈n.f.〉
opérationnel	[opeʁasjonɛl]		可运转的；行之有效的〈adj.〉
opérer	[opeʁe]		做手术；施行〈v.〉
or	[ɔʁ]		黄金；金子〈n.m.〉
oracle	[oʁakl]		神谕；权威人士〈n.m.〉
orage	[oʁaʒ]		暴风雨〈n.m.〉
oral	[oʁal]		口头的；口试〈adj.〉
orange	[oʁɑ̃ʒ]		橙子；橙色〈n.〉
orbite	[ɔʁbit]		轨道；眼眶〈n.f.〉
orchestre	[ɔʁkɛstʁ]		乐队；管弦乐队〈n.m.〉
orchestrer	[ɔʁkɛstʁe]		编管弦乐；精心策划〈v.〉
orchidée	[ɔʁkide]		兰花〈n.f.〉
ordinaire	[ɔʁdinɛʁ]		普通的；平常的〈adj.〉
ordinateur	[ɔʁdinatœʁ]		电脑；计算机〈n.m.〉
ordonnance	[ɔʁdonɑ̃s]		处方；法令〈n.〉
ordonner	[ɔʁdone]		命令；规定〈v.〉
ordre	[ɔʁdʁ]		命令；顺序；秩序〈n.m.〉
ordure	[ɔʁdyʁ]		垃圾；卑鄙的人（骂）〈n.f.〉
oreille	[oʁɛj]		耳朵〈n.f.〉
oreiller	[oʁeje]		枕头〈n.m.〉
organe	[ɔʁgan]		器官〈n.m.〉
organique	[ɔʁganik]		器官的；有机的〈adj.〉
organisateur	[ɔʁganizatœʁ]		组织者〈n.m.〉
organisation	[ɔʁganizasjɔ̃]		组织；机构〈n.f.〉
organiser	[ɔʁganize]		组织；筹办〈v.〉
organisme	[ɔʁganizm]		机构；有机体〈n.m.〉
organisé	[ɔʁganize]		有组织的；有条理的〈adj.〉
orgasme	[ɔʁgasm]		性高潮〈n.m.〉
orgie	[ɔʁʒi]		纵欲；狂欢〈n.f.〉
orgue	[ɔʁg]		管风琴〈n.m.〉
orgueil	[ɔʁgœj]		骄傲；傲慢〈n.m.〉
oriental	[oʁjɑ̃tal]		东方的〈adj.〉
orientation	[oʁjɑ̃tasjɔ̃]		方向；定位〈n.f.〉
orienter	[oʁjɑ̃te]		指引；定向〈v.〉
originaire	[oʁiʒinɛʁ]		出生于……的；原产于……的〈adj.〉
original	[oʁiʒinal]		原先的；独创的；原件〈adj.〉
origine	[oʁiʒin]		起源；出身〈n.f.〉
orner	[ɔʁne]		装饰〈v.〉
orphelin	[ɔʁfəlɛ̃]		孤儿；失去双亲的〈adj.〉
orphelinat	[ɔʁfəlina]		孤儿院〈n.m.〉
orteil	[ɔʁtɛj]		脚趾〈n.m.〉
orthographe	[ɔʁtogʁaf]		拼写；正字法〈n.f.〉
os	[ɔs]		骨头〈n.m.〉
oser	[oze]		敢；敢于〈v.〉
otage	[otaʒ]		人质〈n.m.〉
ou	[u]		或者〈conj.〉
ouais	[wɛ]		是；对（口语）〈adv.〉
oubli	[ubli]		遗忘；疏漏〈n.m.〉
oublier	[ublije]		忘记〈v.〉
oublié	[ublije]		被遗忘的〈adj.〉
ouest	[wɛst]		西；西方〈n.m.〉
ouf	[uf]		呼！（如释重负）〈interj.〉
oui	[wi]		是；对〈adv.〉
ouragan	[uʁagɑ̃]		飓风〈n.m.〉
ours	[uʁs]		熊（动物）〈n.m.〉
out	[awt]		出局；过时（口语）〈adj.〉
outil	[uti]		工具〈n.m.〉
outrage	[utʁaʒ]		侮辱；亵渎〈n.m.〉
outrager	[utʁaʒe]		侮辱；亵渎〈v.〉
outre	[utʁ]		在……之外；此外；皮囊〈n.f.〉
ouvert	[uvɛʁ]		开着的；开放的〈adj.〉
ouvertement	[uvɛʁtəmɑ̃]		公开地；直率地〈adv.〉
ouverture	[uvɛʁtyʁ]		打开；开幕；开端〈n.f.〉
ouvrage	[uvʁaʒ]		作品；著作；工程〈n.m.〉
ouvrier	[uvʁije]		工人〈n.m.〉
ouvrir	[uvʁiʁ]		打开；开启〈v.〉
ouïe	[wi]		听觉〈n.f.〉
overdose	[ɔvœʁdoz]		（药物）过量〈n.f.〉
ovni	[ɔvni]		不明飞行物〈n.m.〉
oxygène	[ɔksiʒɛn]		氧气〈n.m.〉
où	[u]		哪里；在哪里〈pron.〉
pacha	[paʃa]		帕夏（奥斯曼官职）〈n.m.〉
pacificateur	[pasifikatœʁ]		调解人；安抚者〈n.m.〉
pacifique	[pasifik]		和平的；温和的〈adj.〉
pacte	[pakt]		条约；契约〈n.m.〉
pagaille	[pagaj]		乱七八糟；混乱〈n.f.〉
page	[paʒ]		页；页面〈n.〉
paie	[pɛ]		工资；薪水〈n.f.〉
paiement	[pɛmɑ̃]		支付；付款〈n.m.〉
paille	[paj]		稻草；麦秆；吸管〈n.f.〉
pain	[pɛ̃]		面包〈n.m.〉
pair	[pɛʁ]		偶数；同等的人〈n.m.〉
paire	[pɛʁ]		一双；一对〈n.f.〉
paisible	[pezibl]		宁静的；平和的〈adj.〉
paix	[pɛ]		和平；安宁〈n.f.〉
palace	[palas]		豪华大饭店；宫殿〈n.m.〉
palais	[palɛ]		宫殿；上颚〈n.m.〉
palestinien	[palɛstinjɛ̃]		巴勒斯坦的；巴勒斯坦人〈adj.〉
palier	[palje]		楼梯平台；阶段〈n.m.〉
palmier	[palmje]		棕榈树〈n.m.〉
pancarte	[pɑ̃kaʁt]		标牌；告示牌〈n.f.〉
panier	[panje]		篮子〈n.m.〉
panique	[panik]		恐慌〈n.f.〉
paniquer	[panike]		恐慌；惊慌失措〈v.〉
panne	[pan]		故障；抛锚〈n.f.〉
panneau	[pano]		标牌；镶板〈n.m.〉
pansement	[pɑ̃səmɑ̃]		敷料；绷带〈n.m.〉
pantalon	[pɑ̃talɔ̃]		裤子〈n.m.〉
pantin	[pɑ̃tɛ̃]		木偶；傀儡〈n.m.〉
pantoufle	[pɑ̃tufl]		拖鞋〈n.f.〉
papa	[papa]		爸爸〈n.m.〉
pape	[pap]		教皇〈n.m.〉
paperasse	[papəʁas]		繁琐文书（口语）〈n.f.〉
papi	[papi]		爷爷（儿语）〈n.m.〉
papier	[papje]		纸；纸张〈n.m.〉
papillon	[papijɔ̃]		蝴蝶〈n.m.〉
papy	[papi]		爷爷；外公（口语）〈n.m.〉
paquet	[pakɛ]		包裹；一包〈n.m.〉
par	[paʁ]		由；通过；被〈prép.〉
par-dessus	[paʁdəsy]		在…上方；越过〈prép.〉
parachute	[paʁaʃyt]		降落伞〈n.m.〉
parachutiste	[paʁaʃytist]		伞兵；跳伞者〈n.〉
parade	[paʁad]		阅兵；检阅；炫耀〈n.f.〉
paradis	[paʁadi]		天堂；乐园〈n.m.〉
paragraphe	[paʁagʁaf]		段落〈n.m.〉
parallèle	[paʁalɛl]		平行的；类似的〈adj.〉
paralyser	[paʁalize]		使瘫痪；使停摆〈v.〉
paralysie	[paʁalizi]		瘫痪；麻痹〈n.f.〉
parano	[paʁano]		多疑的；偏执的（口语）〈adj.〉
paranoïaque	[paʁanojak]		偏执的；多疑的〈adj.〉
parapluie	[paʁaplɥi]		雨伞〈n.m.〉
parasite	[paʁazit]		寄生虫〈n.m.〉
paraître	[paʁɛtʁ]		显得；好像〈v.〉
parc	[paʁk]		公园；停车场〈n.m.〉
parce que	[paʁsək]		因为〈conj.〉
parcelle	[paʁsɛl]		小块；一小块地〈n.f.〉
parchemin	[paʁʃəmɛ̃]		羊皮纸〈n.m.〉
parcourir	[paʁkuʁiʁ]		跑遍；穿越；浏览〈v.〉
parcours	[paʁkuʁ]		路线；历程〈n.m.〉
pardon	[paʁdɔ̃]		对不起；劳驾；请再说一遍〈interj.〉
pardonner	[paʁdone]		原谅；宽恕〈v.〉
pare-brise	[paʁbʁiz]		挡风玻璃〈n.m.〉
pareil	[paʁɛj]		相同的；同样的〈adj.〉
parent	[paʁɑ̃]		父亲；父母；亲戚〈n.m.〉
parer	[paʁe]		挡开；应对〈v.〉
paresse	[paʁɛs]		懒惰；懒散〈n.f.〉
paresseux	[paʁɛsø]		懒惰的；树懒〈adj.〉
parfaire	[paʁfɛʁ]		使完善；使完美〈v.〉
parfait	[paʁfɛ]		完美的〈adj.〉
parfaitement	[paʁfɛtəmɑ̃]		完全地；十分〈adv.〉
parfois	[paʁfwa]		有时；偶尔〈adv.〉
parfum	[paʁfœ̃]		香水；气味〈n.m.〉
parfumé	[paʁfyme]		芳香的；喷香水的〈adj.〉
pari	[paʁi]		打赌；赌注〈n.m.〉
parier	[paʁje]		打赌；下注〈v.〉
parking	[paʁkiŋ]		停车场〈n.m.〉
parlant	[paʁlɑ̃]		会说话的；传神的〈adj.〉
parlement	[paʁləmɑ̃]		议会〈n.m.〉
parler	[paʁle]		说话；讲〈v.〉
parlé	[paʁle]		口头的；口语的〈adj.〉
parmi	[paʁmi]		在……之中〈prép.〉
paroi	[paʁwa]		壁；岩壁〈n.f.〉
paroisse	[paʁwas]		教区〈n.f.〉
parole	[paʁɔl]		话；诺言〈n.f.〉
parquet	[paʁkɛ]		镶木地板；检察院〈n.m.〉
parrain	[paʁɛ̃]		教父；担保人〈n.m.〉
part	[paʁ]		部分；份；方面〈n.〉
partage	[paʁtaʒ]		分享；分配〈n.m.〉
partager	[paʁtaʒe]		分享；共用〈v.〉
partant	[paʁtɑ̃]		愿意参加的；准备出发的〈adj.〉
partenaire	[paʁtənɛʁ]		伙伴；搭档〈n.〉
parterre	[paʁtɛʁ]		花坛；（剧院）正厅〈n.m.〉
parti	[paʁti]		政党〈n.m.〉
participation	[paʁtisipasjɔ̃]		参加；参与〈n.f.〉
participer	[paʁtisipe]		参加；参与〈v.〉
particule	[paʁtikyl]		粒子；小品词〈n.f.〉
particulier	[paʁtikylje]		特别的；个人的〈adj.〉
particulièrement	[paʁtikyljɛʁəmɑ̃]		特别；尤其〈adv.〉
partie	[paʁti]		部分；一局；一方〈n.f.〉
partiel	[paʁsjɛl]		部分的；期中的〈adj.〉
partir	[paʁtiʁ]		离开；出发〈v.〉
partisan	[paʁtizɑ̃]		拥护者；支持者〈n.m.〉
partition	[paʁtisjɔ̃]		乐谱；分割〈n.f.〉
partout	[paʁtu]		到处；处处〈adv.〉
parvenir	[paʁvəniʁ]		达到；抵达〈v.〉
pas	[pa]		不（否定词）；步子〈adv.〉
passage	[pasaʒ]		通过；通道；段落〈n.m.〉
passager	[pasaʒe]		乘客〈n.m.〉
passant	[pasɑ̃]		行人；过路人〈n.m.〉
passe	[pas]		传球；关口；一遍〈n.f.〉
passe-temps	[pastɑ̃]		消遣；爱好〈n.m.〉
passeport	[paspɔʁ]		护照〈n.m.〉
passer	[pase]		经过；度过；传递〈v.〉
passerelle	[pasəʁɛl]		人行天桥；跳板〈n.f.〉
passeur	[pasœʁ]		偷渡者；摆渡人〈n.m.〉
passif	[pasif]		被动的；消极的〈adj.〉
passion	[pasjɔ̃]		激情；酷爱〈n.f.〉
passionnant	[pasjonɑ̃]		引人入胜的；迷人的〈adj.〉
passionner	[pasjone]		使着迷〈v.〉
passionné	[pasjone]		热情的；痴迷的〈adj.〉
passé	[pase]		过去的；已逝的〈adj.〉
pasteur	[pastœʁ]		牧师〈n.m.〉
pastèque	[pastɛk]		西瓜〈n.f.〉
patate	[patat]		土豆（口语）〈n.f.〉
paternel	[patɛʁnɛl]		父亲的；父系的〈adj.〉
pathétique	[patetik]		悲惨的；可怜的〈adj.〉
patience	[pasjɑ̃s]		耐心〈n.f.〉
patient	[pasjɑ̃]		病人〈n.m.〉
patienter	[pasjɑ̃te]		耐心等待〈v.〉
patin	[patɛ̃]		冰鞋；轮滑鞋〈n.m.〉
patiner	[patine]		滑冰；打滑〈v.〉
patrie	[patʁi]		祖国〈n.f.〉
patrimoine	[patʁimwan]		遗产；文物〈n.m.〉
patriote	[patʁijɔt]		爱国者〈n.〉
patriotisme	[patʁijotizm]		爱国主义；爱国心〈n.m.〉
patron	[patʁɔ̃]		老板；店主〈n.m.〉
patrouille	[patʁuj]		巡逻；巡逻队〈n.f.〉
patrouiller	[patʁuje]		巡逻〈v.〉
patte	[pat]		（动物的）脚；爪〈n.f.〉
paume	[pom]		手掌〈n.f.〉
paumer	[pome]		输光；搞砸（俚语）〈v.〉
paumé	[pome]		茫然无措的（口语）〈adj.〉
paupière	[popjɛʁ]		眼睑〈n.f.〉
pause	[poz]		休息；暂停〈n.f.〉
pauvre	[povʁ]		贫穷的；可怜的〈adj.〉
pauvreté	[povʁəte]		贫穷；贫乏〈n.f.〉
pavillon	[pavijɔ̃]		凉亭；馆；旗帜〈n.m.〉
pavé	[pave]		铺路石；厚书（口语）〈n.m.〉
paye	[pɛj]		工资；薪水〈n.f.〉
payer	[peje]		付钱；支付〈v.〉
pays	[pei]		国家；家乡〈n.m.〉
paysage	[peizaʒ]		风景；景色〈n.m.〉
paysan	[peizɑ̃]		农民〈n.m.〉
païen	[pajɛ̃]		异教的；异教徒〈n.m.〉
peau	[po]		皮肤〈n.f.〉
peigne	[pɛɲ]		梳子〈n.m.〉
peigner	[peɲe]		梳（头发）〈v.〉
peignoir	[pɛɲwaʁ]		浴袍〈n.m.〉
peinard	[pɛnaʁ]		清闲自在的（口语）〈adj.〉
peindre	[pɛ̃dʁ]		画；描绘；粉刷〈v.〉
peine	[pɛn]		痛苦；悲伤；刑罚〈n.f.〉
peiner	[pene]		费力；使难过〈v.〉
peintre	[pɛ̃tʁ]		画家〈n.〉
peinture	[pɛ̃tyʁ]		油漆；绘画〈n.f.〉
pelle	[pɛl]		铲子〈n.f.〉
pellicule	[pelikyl]		胶卷；薄膜〈n.f.〉
peloton	[pəlotɔ̃]		线团；小队〈n.m.〉
pelouse	[pəluz]		草坪〈n.f.〉
peluche	[pəlyʃ]		绒毛；毛绒玩具〈n.f.〉
penchant	[pɑ̃ʃɑ̃]		倾向；爱好〈n.m.〉
pencher	[pɑ̃ʃe]		倾斜；俯身〈v.〉
pendant	[pɑ̃dɑ̃]		在……期间〈prép.〉
pendre	[pɑ̃dʁ]		悬挂；绞死〈v.〉
pendu	[pɑ̃dy]		被绞死的；上吊的〈adj.〉
pendule	[pɑ̃dyl]		挂钟；摆钟〈n.〉
penser	[pɑ̃se]		想；思考；认为〈v.〉
pension	[pɑ̃sjɔ̃]		养老金；膳宿费〈n.f.〉
pensionnaire	[pɑ̃sjonɛʁ]		寄宿者；收容者〈n.〉
pensée	[pɑ̃se]		思想；想法〈n.f.〉
pente	[pɑ̃t]		斜坡；坡度〈n.f.〉
people	[pipœl]		名人的；八卦的〈adj.〉
perception	[pɛʁsɛpsjɔ̃]		感知；看法〈n.f.〉
percer	[pɛʁse]		打穿；戳穿〈v.〉
percevoir	[pɛʁsəvwaʁ]		感知；征收〈v.〉
perche	[pɛʁʃ]		鲈鱼；长竿〈n.f.〉
percher	[pɛʁʃe]		栖息；坐落高处〈v.〉
percuter	[pɛʁkyte]		撞上；领悟（口语）〈v.〉
perdant	[pɛʁdɑ̃]		输家；失败者〈n.m.〉
perdre	[pɛʁdʁ]		丢失；输掉〈v.〉
perdrix	[pɛʁdʁi]		山鹑；鹧鸪〈n.f.〉
perdu	[pɛʁdy]		迷路的；失去的〈adj.〉
perfection	[pɛʁfɛksjɔ̃]		完美〈n.f.〉
perfectionner	[pɛʁfɛksjone]		使完善；进修〈v.〉
perfide	[pɛʁfid]		阴险的；背信弃义的〈adj.〉
performance	[pɛʁfɔʁmɑ̃s]		性能；成绩；表现〈n.f.〉
perle	[pɛʁl]		珍珠〈n.f.〉
permanence	[pɛʁmanɑ̃s]		值班；常设〈n.f.〉
permanent	[pɛʁmanɑ̃]		永久的；常设的〈adj.〉
permettre	[pɛʁmɛtʁ]		允许；使能够〈v.〉
permis	[pɛʁmi]		许可证；驾照〈n.m.〉
permission	[pɛʁmisjɔ̃]		允许；许可〈n.f.〉
perplexe	[pɛʁplɛks]		困惑的；茫然的〈adj.〉
perpétuel	[pɛʁpetɥɛl]		永久的；无休止的〈adj.〉
perpétuer	[pɛʁpetɥe]		使永久延续〈v.〉
perpétuité	[pɛʁpetɥite]		无期徒刑；终身〈n.f.〉
perquisition	[pɛʁkizisjɔ̃]		搜查；抄查〈n.f.〉
perroquet	[pɛʁokɛ]		鹦鹉〈n.m.〉
perruque	[pɛʁyk]		假发〈n.f.〉
persister	[pɛʁsiste]		坚持；持续〈v.〉
perso	[pɛʁso]		个人的（口语）〈adj.〉
personnage	[pɛʁsonaʒ]		人物；角色〈n.m.〉
personnalité	[pɛʁsonalite]		个性；名人〈n.f.〉
personne	[pɛʁsɔn]		没有人；人〈pron.〉
personnel	[pɛʁsonɛl]		个人的；全体人员〈adj.〉
personnellement	[pɛʁsonɛləmɑ̃]		就个人而言；亲自〈adv.〉
perspective	[pɛʁspɛktiv]		前景；观点〈n.f.〉
perspicace	[pɛʁspikas]		敏锐的；有洞察力的〈adj.〉
persuader	[pɛʁsɥade]		说服；使相信〈v.〉
persécuter	[pɛʁsekyte]		迫害；不断折磨〈v.〉
persécution	[pɛʁsekysjɔ̃]		迫害；烦扰〈n.f.〉
perte	[pɛʁt]		损失〈n.f.〉
pertinent	[pɛʁtinɑ̃]		贴切的；中肯的〈adj.〉
perturber	[pɛʁtyʁbe]		干扰；扰乱〈v.〉
perturbé	[pɛʁtyʁbe]		被扰乱的；紊乱的〈adj.〉
pervers	[pɛʁvɛʁ]		变态者；堕落者〈n.m.〉
perversion	[pɛʁvɛʁsjɔ̃]		变态；反常〈n.f.〉
pesant	[pøzɑ̃]		沉重的；累赘的〈adj.〉
peser	[pøze]		称重；掂量〈v.〉
peso	[pezo]		比索（货币单位）〈n.m.〉
peste	[pɛst]		鼠疫；瘟疫〈n.f.〉
pet	[pɛ]		屁〈n.m.〉
petit	[pəti]		小的；年幼的〈adj.〉
petit-déjeuner	[pətideʒœne]		早餐〈n.m.〉
petit-enfant	[pətiɑ̃fɑ̃]		孙子；孙女〈n.m.〉
petit-fils	[pətifis]		孙子〈n.m.〉
petite-fille	[pətitfij]		孙女；外孙女〈n.f.〉
peu	[pø]		少；稍许；不太〈n.m.〉
peuple	[pøpl]		人民；民族〈n.m.〉
peupler	[pøple]		居住于；聚居于〈v.〉
peur	[pøʁ]		害怕；恐惧〈n.f.〉
peureux	[pøʁø]		胆小的；胆怯的〈adj.〉
peut-être	[pøtɛtʁ]		也许；可能〈adv.〉
pharaon	[faʁaɔ̃]		法老〈n.m.〉
phare	[faʁ]		灯塔；车头灯〈n.m.〉
pharmaceutique	[faʁmasøtik]		制药的〈adj.〉
pharmacie	[faʁmasi]		药房；药学〈n.f.〉
pharmacien	[faʁmasjɛ̃]		药剂师〈n.m.〉
phase	[faz]		阶段；时期〈n.f.〉
philo	[filo]		哲学（口语）〈n.f.〉
philosophe	[filozɔf]		哲学家〈n.〉
philosophie	[filozofi]		哲学〈n.f.〉
phobie	[fobi]		恐惧症；极度厌恶〈n.f.〉
phoque	[fɔk]		海豹〈n.m.〉
photo	[foto]		照片；相片〈n.f.〉
photocopie	[fotokopi]		复印件〈n.f.〉
photocopieur	[fotokopjœʁ]		复印机〈n.m.〉
photographe	[fotogʁaf]		摄影师〈n.〉
photographie	[fotogʁafi]		照片；摄影〈n.f.〉
photographier	[fotogʁafje]		拍摄；拍照〈v.〉
phrase	[fʁaz]		句子〈n.f.〉
physique	[fizik]		身体的；物理的〈adj.〉
physiquement	[fizikəmɑ̃]		身体上；体力上〈adv.〉
phénomène	[fenomɛn]		现象；杰出人物〈n.m.〉
pianiste	[pjanist]		钢琴家；钢琴师〈n.〉
piano	[pjano]		钢琴〈n.m.〉
piaule	[pjol]		房间；住处（口语）〈n.f.〉
pic	[pik]		顶峰；山峰；尖突〈n.m.〉
picoler	[pikole]		贪杯；灌酒（口语）〈v.〉
pied	[pje]		脚；足；底部〈n.m.〉
pierre	[pjɛʁ]		石头〈n.f.〉
pieu	[pjø]		桩；木桩〈n.m.〉
pieux	[pjø]		虔诚的〈adj.〉
pigeon	[piʒɔ̃]		鸽子〈n.m.〉
piger	[piʒe]		明白；领会（口语）〈v.〉
pignon	[piɲɔ̃]		山墙；小齿轮〈n.m.〉
pile	[pil]		电池；一堆〈n.f.〉
piler	[pile]		捣碎；碾碎〈v.〉
pilier	[pilje]		柱子；顶梁柱〈n.m.〉
piller	[pije]		掠夺；洗劫〈v.〉
pilotage	[pilotaʒ]		驾驶；操纵〈n.m.〉
pilote	[pilɔt]		飞行员；领航员〈n.〉
piloter	[pilote]		驾驶；操纵〈v.〉
pilule	[pilyl]		药丸；避孕药〈n.f.〉
piment	[pimɑ̃]		辣椒〈n.m.〉
pin	[pɛ̃]		松树〈n.m.〉
pince	[pɛ̃s]		钳子；夹子〈n.f.〉
pinceau	[pɛ̃so]		画笔；刷子〈n.m.〉
pincer	[pɛ̃se]		捏；掐〈v.〉
ping-pong	[piŋpɔ̃ŋ]		乒乓球〈n.m.〉
pingouin	[pɛ̃gwɛ̃]		企鹅；海雀〈n.m.〉
pioche	[pjɔʃ]		镐；镐头〈n.f.〉
pion	[pjɔ̃]		（棋）兵卒；学监〈n.m.〉
pionnier	[pjonje]		先驱；开拓者〈n.m.〉
pipe	[pip]		烟斗；管道〈n.f.〉
pipi	[pipi]		尿尿（儿语）〈n.m.〉
piquant	[pikɑ̃]		辣的；扎人的；尖刻的〈adj.〉
pique	[pik]		长矛；黑桃；刺〈n.〉
pique-nique	[piknik]		野餐〈n.m.〉
piquer	[pike]		刺；扎；叮；偷（口语）〈v.〉
piquet	[pikɛ]		木桩；岗哨；纠察线〈n.m.〉
piqûre	[pikyʁ]		注射；叮咬〈n.f.〉
pirate	[piʁat]		海盗〈n.m.〉
pirater	[piʁate]		盗版；非法侵入〈v.〉
pire	[piʁ]		更坏的；最糟的〈adj.〉
pis	[pi]		更糟（惯用语）〈adv.〉
piscine	[pisin]		游泳池〈n.f.〉
pisse	[pis]		尿（粗俗）〈n.f.〉
pisser	[pise]		撒尿（粗俗）〈v.〉
piste	[pist]		跑道；踪迹；小径〈n.f.〉
pistolet	[pistolɛ]		手枪〈n.m.〉
piston	[pistɔ̃]		活塞；门路〈n.m.〉
pitié	[pitje]		怜悯；同情〈n.f.〉
pitoyable	[pitwajabl]		可怜的；可鄙的〈adj.〉
pizza	[pidza]		披萨〈n.f.〉
pièce	[pjɛs]		房间；硬币；件〈n.f.〉
piège	[pjɛʒ]		陷阱；圈套〈n.m.〉
piètre	[pjɛtʁ]		低劣的；蹩脚的〈adj.〉
piéger	[pjeʒe]		设陷阱捕捉；困住〈v.〉
piétiner	[pjetine]		踩踏；原地踏步〈v.〉
placard	[plakaʁ]		壁橱；柜子〈n.m.〉
place	[plas]		地方；位置；广场〈n.f.〉
placement	[plasəmɑ̃]		投资；安置〈n.m.〉
placer	[plase]		放置；安放；安排〈v.〉
placé	[plase]		位于的；处境有利的〈adj.〉
plafond	[plafɔ̃]		天花板；上限〈n.m.〉
plage	[plaʒ]		海滩〈n.f.〉
plaider	[plede]		辩护；申辩〈v.〉
plaie	[plɛ]		伤口；创伤〈n.f.〉
plaindre	[plɛ̃dʁ]		怜悯；抱怨〈v.〉
plaine	[plɛn]		平原〈n.f.〉
plainte	[plɛ̃t]		抱怨；申诉〈n.f.〉
plaire	[plɛʁ]		使喜欢；讨人喜欢〈v.〉
plaisant	[plɛzɑ̃]		令人愉快的〈adj.〉
plaisanter	[plɛzɑ̃te]		开玩笑〈v.〉
plaisanterie	[plɛzɑ̃təʁi]		玩笑；戏言〈n.f.〉
plaisir	[pleziʁ]		快乐；乐趣〈n.m.〉
plan	[plɑ̃]		计划；平面图；地图〈n.m.〉
planche	[plɑ̃ʃ]		木板；板〈n.f.〉
plancher	[plɑ̃ʃe]		地板〈n.m.〉
planer	[plane]		滑翔；飘荡〈v.〉
planifier	[planifje]		计划；规划〈v.〉
planning	[planiŋ]		日程表〈n.m.〉
planque	[plɑ̃k]		藏身处（口语）〈n.f.〉
planquer	[plɑ̃ke]		藏；躲藏（口语）〈v.〉
plantation	[plɑ̃tasjɔ̃]		种植园；种植〈n.f.〉
plante	[plɑ̃t]		植物〈n.f.〉
planter	[plɑ̃te]		种植；钉进〈v.〉
planté	[plɑ̃te]		种下的；呆立的〈adj.〉
planète	[planɛt]		行星；地球〈n.f.〉
planétaire	[planetɛʁ]		行星的；全球的〈adj.〉
plaque	[plak]		板；牌子；斑块〈n.f.〉
plaquer	[plake]		贴紧；猛然抛弃〈v.〉
plasma	[plasma]		血浆；等离子体〈n.m.〉
plastique	[plastik]		塑料；塑料的〈n.〉
plat	[pla]		平的；盘子；菜肴〈n.〉
plate-forme	[platfɔʁm]		平台；站台〈n.f.〉
plateau	[plato]		托盘；高原〈n.m.〉
plausible	[plozibl]		似乎可信的〈adj.〉
plein	[plɛ̃]		满的；充满的〈adj.〉
pleinement	[plɛnəmɑ̃]		充分地；完全地〈adv.〉
pleur	[plœʁ]		哭泣；眼泪〈n.m.〉
pleurer	[pløʁe]		哭；哭泣〈v.〉
pleurnicher	[plœʁniʃe]		哭哭啼啼；爱抱怨〈v.〉
pleuvoir	[pløvwaʁ]		下雨（无人称）〈v.〉
pli	[pli]		褶皱；折痕〈n.m.〉
plier	[plije]		折叠；使屈服〈v.〉
plomb	[plɔ̃]		铅；铅块〈n.m.〉
plomberie	[plɔ̃bəʁi]		管道工程；管件〈n.f.〉
plombier	[plɔ̃bje]		水管工；铅管工〈n.m.〉
plonge	[plɔ̃ʒ]		洗碗池（口语）〈n.f.〉
plongeon	[plɔ̃ʒɔ̃]		跳水；猛冲〈n.m.〉
plonger	[plɔ̃ʒe]		跳入；潜水〈v.〉
plongeur	[plɔ̃ʒœʁ]		潜水员；洗碗工〈n.m.〉
plongée	[plɔ̃ʒe]		潜水；跳水〈n.f.〉
plouc	[pluk]		乡巴佬（口语）〈n.m.〉
pluie	[plɥi]		雨；雨水〈n.f.〉
plume	[plym]		羽毛；钢笔〈n.f.〉
plumer	[plyme]		拔毛；敲竹杠（口语）〈v.〉
plus	[ply]		更；更多；加〈adv.〉
plusieurs	[plyzjœʁ]		几个；多个〈adj.〉
plutôt	[plyto]		宁可；宁愿；更确切地说〈adv.〉
plâtre	[platʁ]		灰泥；石膏〈n.m.〉
pneu	[pnø]		轮胎〈n.m.〉
pneumonie	[pnømoni]		肺炎〈n.f.〉
poche	[pɔʃ]		口袋〈n.〉
pochette	[poʃɛt]		小手包；封套〈n.f.〉
podium	[podjɔm]		领奖台；讲台〈n.m.〉
pognon	[poɲɔ̃]		钱（俚）〈n.m.〉
poids	[pwa]		重量；分量〈n.m.〉
poignard	[pwaɲaʁ]		匕首〈n.m.〉
poignarder	[pwaɲaʁde]		用匕首刺〈v.〉
poignet	[pwaɲɛ]		手腕〈n.m.〉
poignée	[pwaɲe]		把手；一把；一撮〈n.f.〉
poil	[pwal]		毛；毛发〈n.m.〉
poilu	[pwaly]		多毛的；毛茸茸的〈adj.〉
poindre	[pwɛ̃dʁ]		破晓；初现〈v.〉
poing	[pwɛ̃]		拳头〈n.m.〉
point	[pwɛ̃]		点；要点；分数〈n.m.〉
pointe	[pwɛ̃t]		尖端；顶尖〈n.f.〉
pointer	[pwɛ̃te]		指向；打卡〈v.〉
pointu	[pwɛ̃ty]		尖的；尖端的〈adj.〉
pointure	[pwɛ̃tyʁ]		鞋码；针脚〈n.f.〉
poire	[pwaʁ]		梨〈n.f.〉
pois	[pwa]		豌豆〈n.m.〉
poison	[pwazɔ̃]		毒药〈n.m.〉
poisse	[pwas]		霉运；倒霉（口语）〈n.f.〉
poisson	[pwasɔ̃]		鱼；鱼肉〈n.m.〉
poitrine	[pwatʁin]		胸；胸膛〈n.f.〉
poivre	[pwavʁ]		胡椒〈n.m.〉
poivron	[pwavʁɔ̃]		甜椒；柿子椒〈n.m.〉
poivrot	[pwavʁo]		酒鬼〈n.m.〉
poker	[pokɛʁ]		扑克（牌戏）〈n.m.〉
poli	[poli]		有礼貌的；光滑的〈adj.〉
police	[polis]		警察；警方〈n.f.〉
policier	[polisje]		警察；警探〈n.m.〉
poliment	[polimɑ̃]		礼貌地〈adv.〉
polir	[poliʁ]		磨光；润色〈v.〉
politesse	[politɛs]		礼貌；客气〈n.f.〉
politicien	[politisjɛ̃]		政客〈n.m.〉
politique	[politik]		政治；政策的〈n.〉
politiquement	[politikəmɑ̃]		在政治上〈adv.〉
polluer	[polɥe]		污染〈v.〉
pollution	[polysjɔ̃]		污染〈n.f.〉
polonais	[polonɛ]		波兰的；波兰人；波兰语〈adj.〉
pommade	[pomad]		药膏；发油〈n.f.〉
pomme	[pɔm]		苹果〈n.f.〉
pompe	[pɔ̃p]		泵；抽水机〈n.f.〉
pomper	[pɔ̃pe]		抽吸；抄袭〈v.〉
pompier	[pɔ̃pje]		消防员〈n.m.〉
ponctuel	[pɔ̃ktɥɛl]		准时的；守时的〈adj.〉
pondre	[pɔ̃dʁ]		下蛋；产出〈v.〉
poney	[ponɛ]		矮马；小马〈n.m.〉
pont	[pɔ̃]		桥〈n.m.〉
ponte	[pɔ̃t]		产卵；大亨（口语）〈n.〉
pop	[pɔp]		流行音乐的〈adj.〉
pop-corn	[pɔpkɔʁn]		爆米花〈n.m.〉
populaire	[popylɛʁ]		大众的；受欢迎的〈adj.〉
population	[popylasjɔ̃]		人口；居民〈n.f.〉
porc	[pɔʁ]		猪肉；猪〈n.m.〉
porcelaine	[pɔʁsəlɛn]		瓷；瓷器〈n.f.〉
porche	[pɔʁʃ]		门廊〈n.m.〉
porcherie	[pɔʁʃəʁi]		猪圈；脏乱的地方〈n.f.〉
porno	[pɔʁno]		色情（作品）〈n.m.〉
port	[pɔʁ]		港口〈n.m.〉
portable	[pɔʁtabl]		便携的；手机〈adj.〉
portail	[pɔʁtaj]		大门；门户网站〈n.m.〉
porte	[pɔʁt]		门；门口〈n.f.〉
porte-bonheur	[pɔʁtbɔnœʁ]		吉祥物；护身符〈n.m.〉
porte-monnaie	[pɔʁtəmonɛ]		钱包；零钱包〈n.m.〉
portefeuille	[pɔʁtəfœj]		钱包；皮夹〈n.m.〉
porter	[poʁte]		穿；戴；携带〈v.〉
porteur	[pɔʁtœʁ]		携带者；持有人〈n.m.〉
portier	[pɔʁtje]		门房；门卫〈n.m.〉
portion	[pɔʁsjɔ̃]		部分；一份〈n.f.〉
porto	[pɔʁto]		波特酒〈n.m.〉
portrait	[pɔʁtʁɛ]		肖像；描绘〈n.m.〉
portugais	[pɔʁtygɛ]		葡萄牙的；葡萄牙人；葡萄牙语〈n.m.〉
portée	[pɔʁte]		范围；一窝幼崽〈n.f.〉
pose	[poz]		姿势；姿态〈n.f.〉
poser	[poze]		放；放下；提出〈v.〉
positif	[pozitif]		积极的；阳性的〈adj.〉
position	[pozisjɔ̃]		位置；姿势；立场〈n.f.〉
possession	[posesjɔ̃]		拥有；占有物〈n.f.〉
possibilité	[posibilite]		可能性〈n.f.〉
possible	[posibl]		可能的〈adj.〉
posséder	[posede]		拥有；具有〈v.〉
postal	[pɔstal]		邮政的〈adj.〉
poste	[pɔst]		职位；岗位〈n.〉
poster	[pɔste]		邮寄；张贴〈v.〉
postuler	[pɔstyle]		申请（职位）〈v.〉
pot	[po]		罐；盆；运气（口语）〈n.m.〉
potable	[potabl]		可饮用的；凑合的〈adj.〉
potage	[potaʒ]		浓汤〈n.m.〉
potager	[potaʒe]		菜园〈n.m.〉
pote	[pɔt]		好友；哥们儿（口语）〈n.m.〉
poteau	[poto]		杆；柱〈n.m.〉
potence	[potɑ̃s]		绞刑架〈n.f.〉
potentiel	[potɑ̃sjɛl]		潜力；潜能〈n.m.〉
potion	[posjɔ̃]		药水；魔水〈n.f.〉
pou	[pu]		虱子〈n.m.〉
poubelle	[pubɛl]		垃圾桶〈n.f.〉
pouce	[pus]		拇指〈n.m.〉
poudre	[pudʁ]		粉末；火药〈n.f.〉
poulain	[pulɛ̃]		马驹；小马〈n.m.〉
poule	[pul]		母鸡〈n.f.〉
poulet	[pulɛ]		鸡肉；鸡〈n.m.〉
poulette	[pulɛt]		小母鸡；小妞（昵称）〈n.f.〉
pouls	[pu]		脉搏〈n.m.〉
poumon	[pumɔ̃]		肺；肺部〈n.m.〉
poupée	[pupe]		玩偶；布娃娃〈n.f.〉
pour	[puʁ]		为了；给；对于〈prép.〉
pourboire	[puʁbwaʁ]		小费〈n.m.〉
pourcentage	[puʁsɑ̃taʒ]		百分比〈n.m.〉
pourchasser	[puʁʃase]		追捕；穷追不舍〈v.〉
pourpre	[puʁpʁ]		紫红的；绛红的〈adj.〉
pourquoi	[puʁkwa]		为什么〈adv.〉
pourri	[puʁi]		腐烂的；烂透的〈adj.〉
pourrir	[puʁiʁ]		使腐烂；腐烂〈v.〉
pourriture	[puʁityʁ]		腐烂；腐败〈n.f.〉
poursuite	[puʁsɥit]		追赶；追究；诉讼〈n.f.〉
poursuivre	[puʁsɥivʁ]		追赶；继续；追究〈v.〉
pourtant	[puʁtɑ̃]		然而；可是〈adv.〉
pourvoir	[puʁvwaʁ]		供给；提供〈v.〉
pousse	[pus]		芽；新梢〈n.f.〉
pousser	[puse]		推；推动；促使〈v.〉
poussin	[pusɛ̃]		小鸡；雏鸟〈n.m.〉
poussière	[pusjɛʁ]		灰尘〈n.f.〉
pouvoir	[puvwaʁ]		能；可以〈v.〉
poème	[poɛm]		诗；诗歌〈n.m.〉
poète	[poɛt]		诗人〈n.m.〉
poésie	[poezi]		诗；诗意〈n.f.〉
poétique	[poetik]		诗的；诗意的〈adj.〉
poêle	[pwal]		平底锅；火炉〈n.〉
prairie	[pʁeʁi]		草地；牧场〈n.f.〉
pratique	[pʁatik]		实用的；方便的〈adj.〉
pratiquement	[pʁatikəmɑ̃]		几乎；实际上〈adv.〉
pratiquer	[pʁatike]		从事；进行（运动等）〈v.〉
premier	[pʁømje]		第一的；最初的〈adj.〉
premièrement	[pʁømjɛʁəmɑ̃]		第一；首先〈adv.〉
prendre	[pʁɑ̃dʁ]		拿；乘坐；服用〈v.〉
preneur	[pʁənœʁ]		接受者；买主；接手的人〈n.m.〉
prescription	[pʁɛskʁipsjɔ̃]		处方；时效（法律）〈n.f.〉
prescrire	[pʁɛskʁiʁ]		开处方；规定〈v.〉
presque	[pʁɛsk]		几乎；差不多〈adv.〉
presse	[pʁɛs]		新闻界；报刊〈n.f.〉
pressentiment	[pʁesɑ̃timɑ̃]		预感〈n.m.〉
pressentir	[pʁesɑ̃tiʁ]		预感；预感到〈v.〉
presser	[pʁese]		催促；挤压〈v.〉
pressing	[pʁesiŋ]		干洗店〈n.m.〉
pression	[pʁɛsjɔ̃]		压力；按压〈n.f.〉
pressé	[pʁese]		急匆匆的；赶时间的〈adj.〉
prestige	[pʁɛstiʒ]		威望；声望〈n.m.〉
preuve	[pʁœv]		证据；证明〈n.f.〉
prier	[pʁije]		祈祷；恳求〈v.〉
primaire	[pʁimɛʁ]		初级的；原始的〈adj.〉
prime	[pʁim]		奖金；补贴〈n.f.〉
primitif	[pʁimitif]		原始的；最初的〈adj.〉
primo	[pʁimo]		第一（列举用）〈adv.〉
primordial	[pʁimɔʁdjal]		首要的；根本的〈adj.〉
prince	[pʁɛ̃s]		王子；亲王〈n.m.〉
principal	[pʁɛ̃sipal]		主要的〈adj.〉
principalement	[pʁɛ̃sipaləmɑ̃]		主要地〈adv.〉
principe	[pʁɛ̃sip]		原则；原理〈n.m.〉
printemps	[pʁɛ̃tɑ̃]		春天〈n.m.〉
prioritaire	[pʁijoʁitɛʁ]		优先的〈adj.〉
priorité	[pʁijoʁite]		优先；优先权〈n.f.〉
pris	[pʁi]		被占用的；有约在身的〈adj.〉
prise	[pʁiz]		插座；抓握；拍摄〈n.f.〉
prison	[pʁizɔ̃]		监狱〈n.f.〉
prisonnier	[pʁizonje]		囚犯；俘虏〈n.m.〉
priver	[pʁive]		剥夺；使丧失〈v.〉
privilège	[pʁivilɛʒ]		特权；荣幸〈n.m.〉
privilégier	[pʁivileʒje]		优先考虑；偏爱〈v.〉
privé	[pʁive]		私人的；私营的〈adj.〉
prix	[pʁi]		价格；奖品；代价〈n.m.〉
prière	[pʁijɛʁ]		祈祷；恳求〈n.f.〉
pro	[pʁo]		行家；专业人员〈n.〉
probabilité	[pʁobabilite]		可能性；概率〈n.f.〉
probable	[pʁobablə]		很可能的〈adj.〉
probablement	[pʁobabləmɑ̃]		大概；很可能〈adv.〉
problème	[pʁoblɛm]		问题；麻烦〈n.m.〉
procession	[pʁosesjɔ̃]		游行队伍；行列〈n.f.〉
processus	[pʁosesys]		过程；进程〈n.m.〉
prochain	[pʁoʃɛ̃]		下一个的；下次的〈adj.〉
proche	[pʁɔʃ]		近的；亲近的〈adj.〉
proclamer	[pʁoklame]		宣告；宣布〈v.〉
procurer	[pʁokyʁe]		带来；设法取得〈v.〉
procureur	[pʁokyʁœʁ]		检察官〈n.m.〉
procès	[pʁosɛ]		诉讼；审判〈n.m.〉
procès-verbal	[pʁosɛvɛʁbal]		笔录；罚单〈n.m.〉
procéder	[pʁosede]		进行；着手〈v.〉
procédure	[pʁosedyʁ]		程序；手续〈n.f.〉
procédé	[pʁosede]		方法；工艺〈n.m.〉
prodige	[pʁodiʒ]		奇迹；奇才〈n.m.〉
prodigieux	[pʁodiʒjø]		非凡的；惊人的〈adj.〉
producteur	[pʁodyktœʁ]		制作人；生产者〈n.m.〉
production	[pʁodyksjɔ̃]		生产；制作〈n.f.〉
produire	[pʁodɥiʁ]		生产；制造；产生〈v.〉
produit	[pʁodɥi]		产品；产物〈n.m.〉
prof	[pʁɔf]		老师（口语）〈n.〉
profaner	[pʁofane]		亵渎〈v.〉
professeur	[pʁofɛsœʁ]		教师；教授〈n.〉
profession	[pʁofɛsjɔ̃]		职业〈n.f.〉
professionnel	[pʁofɛsjonɛl]		专业的；职业的〈adj.〉
profil	[pʁofil]		侧面；轮廓；简介〈n.m.〉
profit	[pʁofi]		利润；好处〈n.m.〉
profiter	[pʁofite]		利用；受益；享受〈v.〉
profond	[pʁofɔ̃]		深的；深刻的〈adj.〉
profondeur	[pʁofɔ̃dœʁ]		深度；深处〈n.f.〉
profondément	[pʁofɔ̃demɑ̃]		深深地〈adv.〉
programme	[pʁogʁam]		计划；节目；程序〈n.m.〉
programmer	[pʁogʁame]		编程；设定〈v.〉
progresser	[pʁogʁese]		进步；进展〈v.〉
progrès	[pʁogʁɛ]		进步〈n.m.〉
proie	[pʁwa]		猎物；受害者〈n.f.〉
projecteur	[pʁoʒɛktœʁ]		聚光灯；投影仪〈n.m.〉
projection	[pʁoʒɛksjɔ̃]		放映；投射〈n.f.〉
projet	[pʁoʒɛ]		计划；项目；方案〈n.m.〉
projeter	[pʁoʒəte]		投掷；投射；打算〈v.〉
prolonger	[pʁolɔ̃ʒe]		延长〈v.〉
promenade	[pʁɔmnad]		散步〈n.f.〉
promener	[pʁɔmne]		散步；遛〈v.〉
promesse	[pʁomɛs]		诺言；承诺〈n.f.〉
prometteur	[pʁomɛtœʁ]		有前途的；有希望的〈adj.〉
promettre	[pʁomɛtʁ]		答应；承诺〈v.〉
promis	[pʁomi]		未婚夫〈n.m.〉
promo	[pʁomo]		促销；特价〈n.f.〉
promotion	[pʁomosjɔ̃]		促销；晋升〈n.f.〉
promouvoir	[pʁomuvwaʁ]		推广；促进；提升〈v.〉
prononcer	[pʁonɔ̃se]		发音；宣布〈v.〉
propagande	[pʁopagɑ̃d]		宣传〈n.f.〉
propager	[pʁopaʒe]		传播；扩散〈v.〉
prophète	[pʁofɛt]		先知〈n.m.〉
prophétie	[pʁofesi]		预言〈n.f.〉
propice	[pʁopis]		适宜的；有利的〈adj.〉
proportion	[pʁopɔʁsjɔ̃]		比例；部分〈n.f.〉
propos	[pʁopo]		话题；话语〈n.m.〉
proposer	[pʁopoze]		建议；提议；提出〈v.〉
proposition	[pʁopozisjɔ̃]		建议；提议〈n.f.〉
propre	[pʁɔpʁ]		干净的；自己的〈adj.〉
proprement	[pʁɔpʁəmɑ̃]		干净地；整洁地〈adv.〉
propreté	[pʁɔpʁəte]		清洁；整洁〈n.f.〉
proprio	[pʁopʁijo]		房东；业主（口语）〈n.m.〉
propriétaire	[pʁopʁijetɛʁ]		业主；房东；所有者〈n.〉
propriété	[pʁopʁijete]		财产；所有权；性质〈n.f.〉
prospère	[pʁɔspɛʁ]		繁荣的；兴旺的〈adj.〉
prospérité	[pʁɔspeʁite]		繁荣〈n.f.〉
prostituer	[pʁɔstitɥe]		卖淫〈v.〉
prostitution	[pʁɔstitysjɔ̃]		卖淫〈n.f.〉
prostitué	[pʁɔstitɥe]		卖淫者；妓女〈n.m.〉
protecteur	[pʁotɛktœʁ]		保护的；保护者〈adj.〉
protection	[pʁotɛksjɔ̃]		保护；防护〈n.f.〉
protestant	[pʁotɛstɑ̃]		新教的；新教徒〈adj.〉
protestation	[pʁotɛstasjɔ̃]		抗议〈n.f.〉
protester	[pʁotɛste]		抗议；反对〈v.〉
protocole	[pʁotokɔl]		协议；规程；礼仪〈n.m.〉
prototype	[pʁototip]		原型；样机〈n.m.〉
protéger	[pʁoteʒe]		保护；防护〈v.〉
protégé	[pʁoteʒe]		被保护人；门生〈n.m.〉
protéine	[pʁotein]		蛋白质〈n.f.〉
prouver	[pʁuve]		证明；证实〈v.〉
provenance	[pʁovənɑ̃s]		来源；产地〈n.f.〉
provenir	[pʁovəniʁ]		来自；源于〈v.〉
proverbe	[pʁovɛʁb]		谚语；格言〈n.m.〉
province	[pʁovɛ̃s]		外省；省份〈n.f.〉
proviseur	[pʁovizœʁ]		（高中）校长〈n.m.〉
provision	[pʁovizjɔ̃]		储备；储存〈n.f.〉
provisoire	[pʁovizwaʁ]		暂时的；临时的〈adj.〉
provocation	[pʁovokasjɔ̃]		挑衅；刺激〈n.f.〉
provoquer	[pʁovoke]		引起；挑衅〈v.〉
proximité	[pʁɔksimite]		邻近；亲近〈n.f.〉
prudemment	[pʁydamɑ̃]		谨慎地；审慎地〈adv.〉
prudence	[pʁydɑ̃s]		谨慎；小心〈n.f.〉
prudent	[pʁydɑ̃]		谨慎的；小心的〈adj.〉
prune	[pʁyn]		李子；西梅〈n.f.〉
près	[pʁɛ]		近；靠近〈prép.〉
près de	[pʁɛdø]		将近；大约；在附近〈adv.〉
pré	[pʁe]		草地；牧场〈n.m.〉
précaution	[pʁekosjɔ̃]		谨慎；预防措施〈n.f.〉
précieux	[pʁesjø]		珍贵的；宝贵的〈adj.〉
précipitation	[pʁesipitasjɔ̃]		仓促；急忙〈n.f.〉
précipiter	[pʁesipite]		猛冲；使仓促〈v.〉
précis	[pʁesi]		确切的；精确的〈adj.〉
préciser	[pʁesize]		明确说明；具体指出〈v.〉
précision	[pʁesizjɔ̃]		准确；细节；明确说明〈n.f.〉
précisément	[pʁesizemɑ̃]		确切地；正是〈adv.〉
précoce	[pʁekɔs]		早熟的；过早的〈adj.〉
précédemment	[pʁesedamɑ̃]		此前；先前〈adv.〉
précédent	[pʁesedɑ̃]		先前的；以前的〈adj.〉
précéder	[pʁesede]		先于；走在前面〈v.〉
prédateur	[pʁedatœʁ]		捕食者；掠夺者〈n.m.〉
prédire	[pʁediʁ]		预言；预测〈v.〉
prédécesseur	[pʁedesesœʁ]		前任；前身〈n.m.〉
préfecture	[pʁefɛktyʁ]		省政府；警察总局〈n.f.〉
préfet	[pʁefɛ]		省长；警察局长〈n.m.〉
préférable	[pʁefeʁabl]		更可取的；更好的〈adj.〉
préférence	[pʁefeʁɑ̃s]		偏爱；优先〈n.f.〉
préférer	[pʁefeʁe]		更喜欢；宁可〈v.〉
préféré	[pʁefeʁe]		最喜爱的〈adj.〉
préjugé	[pʁeʒyʒe]		偏见〈n.m.〉
prélever	[pʁeləve]		抽取；扣除；采集〈v.〉
préliminaire	[pʁeliminɛʁ]		预备的；初步的〈adj.〉
prélèvement	[pʁelɛvəmɑ̃]		扣款；取样〈n.m.〉
prématuré	[pʁematyʁe]		早产的；过早的〈adj.〉
prémonition	[pʁemonisjɔ̃]		预感；预兆〈n.f.〉
prénom	[pʁenɔ̃]		名；名字〈n.m.〉
préoccupation	[pʁeokypasjɔ̃]		担忧；心事〈n.f.〉
préoccuper	[pʁeokype]		使担忧〈v.〉
préparatif	[pʁepaʁatif]		准备工作（常用复数）〈n.m.〉
préparation	[pʁepaʁasjɔ̃]		准备；制作〈n.f.〉
préparer	[pʁepaʁe]		准备；预备〈v.〉
présage	[pʁezaʒ]		预兆；征兆〈n.m.〉
présence	[pʁezɑ̃s]		在场；出席〈n.f.〉
présent	[pʁezɑ̃]		现在；目前；礼品（旧）〈n.m.〉
présentable	[pʁezɑ̃tabl]		体面的；像样的〈adj.〉
présentateur	[pʁezɑ̃tatœʁ]		主持人；播音员〈n.m.〉
présentation	[pʁezɑ̃tasjɔ̃]		介绍；引见；演示〈n.f.〉
présenter	[pʁezɑ̃te]		介绍；提出；展示〈v.〉
préservatif	[pʁezɛʁvatif]		避孕套〈n.m.〉
préserver	[pʁezɛʁve]		保护；保存〈v.〉
présidence	[pʁezidɑ̃s]		主席职位；主席团〈n.f.〉
président	[pʁezidɑ̃]		总统；主席〈n.m.〉
présidentiel	[pʁezidɑ̃sjɛl]		总统的〈adj.〉
présider	[pʁezide]		主持；担任主席〈v.〉
présumer	[pʁezyme]		推测；推定〈v.〉
prétendant	[pʁetɑ̃dɑ̃]		求婚者；争夺者〈n.m.〉
prétendre	[pʁetɑ̃dʁ]		声称；自认为〈v.〉
prétendu	[pʁetɑ̃dy]		所谓的〈adj.〉
prétentieux	[pʁetɑ̃sjø]		自负的；自命不凡的〈adj.〉
prétention	[pʁetɑ̃sjɔ̃]		自负；要求；抱负〈n.f.〉
prétexte	[pʁetɛkst]		借口〈n.m.〉
prévenir	[pʁɛvəniʁ]		通知；提醒；预防〈v.〉
prévenu	[pʁɛvəny]		被告〈n.m.〉
prévisible	[pʁevizibl]		可预见的；意料之中的〈adj.〉
prévision	[pʁevizjɔ̃]		预报；预料〈n.f.〉
prévoir	[pʁevwaʁ]		预见；安排〈v.〉
prêcher	[pʁeʃe]		布道；说教〈v.〉
prêt	[pʁɛ]		准备好的〈adj.〉
prêter	[pʁete]		借出；借给〈v.〉
prêtre	[pʁɛtʁ]		神父；教士〈n.m.〉
psy	[psi]		心理医生（口语）〈n.〉
psychiatre	[psikjatʁ]		精神科医生〈n.〉
psychiatrie	[psikjatʁi]		精神病学〈n.f.〉
psychiatrique	[psikjatʁik]		精神病的；精神病学的〈adj.〉
psychique	[psiʃik]		精神的；心理的〈adj.〉
psychologie	[psikoloʒi]		心理学；心理〈n.f.〉
psychologique	[psikoloʒik]		心理的〈adj.〉
psychologue	[psikolɔg]		心理医生；心理学家〈n.〉
psychopathe	[psikopat]		精神变态者；反社会人格者〈n.〉
puant	[pɥɑ̃]		发臭的；可恶的〈adj.〉
puanteur	[pɥɑ̃tœʁ]		恶臭〈n.f.〉
pub	[pœb]		广告（口语）〈n.〉
public	[pyblik]		公众；观众〈n.m.〉
publicitaire	[pyblisitɛʁ]		广告的〈adj.〉
publicité	[pyblisite]		广告〈n.f.〉
publier	[pyblije]		出版；发表〈v.〉
publiquement	[pyblikəmɑ̃]		公开地；当众〈adv.〉
puce	[pys]		跳蚤；芯片〈n.f.〉
puceau	[pyso]		处男（的）〈adj.〉
pudding	[pudiŋ]		布丁〈n.m.〉
pudeur	[pydœʁ]		羞怯；羞耻心〈n.f.〉
puer	[pɥe]		发臭〈v.〉
puis	[pɥi]		然后；接着〈conj.〉
puiser	[pɥize]		汲取；舀取〈v.〉
puisque	[pɥiskə]		既然〈conj.〉
puissance	[pɥisɑ̃s]		力量；权力；功率〈n.f.〉
puissant	[pɥisɑ̃]		强大的；有权势的〈adj.〉
puits	[pɥi]		井；水井〈n.m.〉
pull	[pyl]		套头毛衣〈n.m.〉
pulmonaire	[pylmonɛʁ]		肺的〈adj.〉
pulsion	[pylsjɔ̃]		冲动；本能驱力〈n.f.〉
pulvériser	[pylveʁize]		粉碎；喷洒〈v.〉
punaise	[pynɛz]		图钉；臭虫〈n.f.〉
punch	[pɔ̃ʃ]		潘趣酒〈n.m.〉
punir	[pyniʁ]		惩罚〈v.〉
punition	[pynisjɔ̃]		惩罚；处罚〈n.f.〉
punk	[pœ̃k]		朋克〈n.〉
pupille	[pypij]		瞳孔；受监护人〈n.〉
pur	[pyʁ]		纯的；纯净的〈adj.〉
purement	[pyʁəmɑ̃]		纯粹地；完全地〈adv.〉
pureté	[pyʁəte]		纯洁；纯净〈n.f.〉
purger	[pyʁʒe]		服（刑）；清除〈v.〉
purifier	[pyʁifje]		净化；提纯〈v.〉
purée	[pyʁe]		菜泥；果泥〈n.f.〉
putain	[pytɛ̃]		该死（粗口）；妓女〈n.f.〉
pute	[pyt]		妓女（粗俗）〈n.f.〉
puzzle	[pœzœl]		拼图〈n.m.〉
puéril	[pɥeʁil]		幼稚的；孩子气的〈adj.〉
pyjama	[piʒama]		睡衣裤〈n.m.〉
pyramide	[piʁamid]		金字塔；棱锥〈n.f.〉
python	[pitɔ̃]		蟒蛇〈n.m.〉
pâle	[pal]		苍白的；暗淡的〈adj.〉
pâte	[pat]		面团；糊状物〈n.f.〉
pâtisserie	[patisəʁi]		糕点；糕点店〈n.f.〉
pâtissier	[patisje]		糕点师〈n.m.〉
pâté	[pate]		肉酱；肉馅饼〈n.m.〉
pèlerin	[pɛləʁɛ̃]		朝圣者〈n.m.〉
pèlerinage	[pɛləʁinaʒ]		朝圣；朝觐〈n.m.〉
père	[pɛʁ]		父亲；爸爸〈n.m.〉
pécher	[peʃe]		犯罪；作孽〈v.〉
pécheur	[peʃœʁ]		罪人〈n.m.〉
péché	[peʃe]		罪孽；过失〈n.m.〉
pédale	[pedal]		踏板〈n.f.〉
pédiatre	[pedjatʁ]		儿科医生〈n.〉
pénal	[penal]		刑事的〈adj.〉
pénible	[penibl]		令人厌烦的；辛苦的〈adj.〉
pénis	[penis]		阴茎〈n.m.〉
pénitentiaire	[penitɑ̃sjɛʁ]		监狱的；刑罚的〈adj.〉
pénétration	[penetʁasjɔ̃]		穿透；洞察〈n.f.〉
pénétrer	[penetʁe]		渗入；进入〈v.〉
pépin	[pepɛ̃]		果核；小麻烦〈n.m.〉
pépé	[pepe]		爷爷（儿语）〈n.m.〉
péril	[peʁil]		危险〈n.m.〉
périmètre	[peʁimɛtʁ]		周长；周边范围〈n.m.〉
période	[peʁjɔd]		时期；阶段〈n.f.〉
périr	[peʁiʁ]		丧生；灭亡〈v.〉
pétale	[petal]		花瓣〈n.m.〉
pétard	[petaʁ]		爆竹；鞭炮〈n.m.〉
pétasse	[petas]		贱货（粗俗）〈n.f.〉
péter	[pete]		放屁（粗俗）；爆裂〈v.〉
pétition	[petisjɔ̃]		请愿书〈n.f.〉
pétrifier	[petʁifje]		使石化；使惊呆〈v.〉
pétrin	[petʁɛ̃]		困境（口语）；揉面槽〈n.m.〉
pétrole	[petʁɔl]		石油〈n.m.〉
pêche	[pɛʃ]		桃子；捕鱼〈n.f.〉
pêcher	[peʃe]		钓鱼；捕鱼〈v.〉
pêcheur	[pɛʃœʁ]		渔夫；钓鱼者〈n.m.〉
pôle	[pol]		极；极点；中心〈n.m.〉
quai	[kɛ]		站台；码头〈n.m.〉
qualification	[kalifikasjɔ̃]		资格；资历〈n.f.〉
qualifier	[kalifje]		把……称作；定性为〈v.〉
qualifié	[kalifje]		合格的；有资质的〈adj.〉
qualité	[kalite]		质量；品质〈n.f.〉
quand	[kɑ̃]		当……时；何时〈conj.〉
quant	[kɑ̃]		至于〈n.f.〉
quantité	[kɑ̃tite]		数量；大量〈n.f.〉
quarantaine	[kaʁɑ̃tɛn]		四十上下；隔离期〈n.f.〉
quarante	[kaʁɑ̃t]		四十〈adj.〉
quart	[kaʁ]		四分之一；一刻钟〈n.m.〉
quartier	[kaʁtje]		街区；居住区〈n.m.〉
quasi	[kazi]		几乎；近乎〈adv.〉
quasiment	[kazimɑ̃]		几乎；差不多〈adv.〉
quatorze	[katɔʁz]		十四〈adj.〉
quatre	[katʁ]		四；四个〈adj.〉
quatrième	[katʁijɛm]		第四〈adj.〉
que	[kə]		（连词，无实义）；什么〈pron.〉
quel	[kɛl]		什么样的；哪个〈adj.〉
quelconque	[kɛlkɔ̃k]		普通的；随便哪个的〈adj.〉
quelle	[kɛl]		什么样的；哪个（阴性）〈adj.〉
quelqu'un	[kɛlkœ̃]		某人；有人〈pron.〉
quelque	[kɛlk]		某个；一些〈adj.〉
quelquefois	[kɛlkəfwa]		有时〈adv.〉
quelques	[kɛlk]		几个；一些〈adj.〉
quelques-unes	[kɛlkəzyn]		几个；一些（阴性复数）〈pron.〉
quelques-uns	[kɛlkəzœ̃]		几个；一些人〈pron.〉
querelle	[kəʁɛl]		争吵〈n.f.〉
question	[kɛstjɔ̃]		问题；提问〈n.f.〉
questionner	[kɛstjone]		提问；盘问〈v.〉
queue	[kø]		尾巴；队列〈n.f.〉
qui	[ki]		谁；（关系代词）〈pron.〉
quiconque	[kikɔ̃k]		任何人；无论谁〈pron.〉
quille	[kij]		木瓶；腿（口语）〈n.f.〉
quinze	[kɛ̃z]		十五〈adj.〉
quitte	[kit]		两清的；偿清的〈adj.〉
quitter	[kite]		离开；告别〈v.〉
quoi	[kwa]		什么〈adj.〉
quoique	[kwakə]		尽管；虽然〈conj.〉
quotidien	[kotidjɛ̃]		每日的；日常的〈adj.〉
quête	[kɛt]		寻求；募捐；探索〈n.f.〉
rabaisser	[ʁabese]		降低；贬低〈v.〉
rabattre	[ʁabatʁ]		折下；驱赶；压低〈v.〉
rabbi	[ʁabi]		拉比（犹太教士）〈n.m.〉
rabbin	[ʁabɛ̃]		拉比；犹太教士〈n.m.〉
racaille	[ʁakaj]		无赖；人渣（贬）〈n.f.〉
raccompagner	[ʁakɔ̃paɲe]		送（某人）回去〈v.〉
raccourci	[ʁakuʁsi]		捷径；快捷键〈n.m.〉
raccourcir	[ʁakuʁsiʁ]		弄短；缩短〈v.〉
raccrocher	[ʁakʁoʃe]		挂断（电话）〈v.〉
race	[ʁas]		种族；品种〈n.f.〉
racheter	[ʁaʃəte]		收购；再买；赎回〈v.〉
racial	[ʁasjal]		种族的〈adj.〉
racine	[ʁasin]		根；词根〈n.f.〉
raciste	[ʁasist]		种族主义的；种族主义者〈adj.〉
racket	[ʁakɛt]		敲诈；勒索〈n.m.〉
raclée	[ʁakle]		一顿毒打；惨败〈n.f.〉
raconter	[ʁakɔ̃te]		讲述；叙述〈v.〉
radar	[ʁadaʁ]		雷达〈n.m.〉
rade	[ʁad]		港湾；锚地〈n.f.〉
radeau	[ʁado]		木筏；救生筏〈n.m.〉
radiateur	[ʁadjatœʁ]		暖气片；散热器〈n.m.〉
radiation	[ʁadjasjɔ̃]		除名；除籍〈n.f.〉
radical	[ʁadikal]		激进的；彻底的；根本的〈adj.〉
radieux	[ʁadjø]		灿烂的；容光焕发的〈adj.〉
radin	[ʁadɛ̃]		小气的；吝啬的（口语）〈adj.〉
radio	[ʁadjo]		收音机；广播〈n.〉
radioactif	[ʁadjoaktif]		放射性的〈adj.〉
raffiné	[ʁafine]		精致的；精炼的〈adj.〉
raffoler	[ʁafole]		酷爱；迷恋〈v.〉
rafler	[ʁafle]		席卷；一举夺得〈v.〉
rafraîchir	[ʁafʁeʃiʁ]		使凉爽；使清新；刷新〈v.〉
rage	[ʁaʒ]		狂怒；狂犬病〈n.f.〉
ragot	[ʁago]		流言；闲话〈n.m.〉
ragoût	[ʁagu]		炖菜；焖肉〈n.m.〉
raid	[ʁɛd]		突袭；远征〈n.m.〉
raide	[ʁɛd]		僵直的；陡的〈adj.〉
raie	[ʁɛ]		条纹；分缝；鳐鱼〈n.f.〉
rail	[ʁaj]		铁轨；轨道〈n.m.〉
railler	[ʁaje]		嘲笑；讥讽〈v.〉
raisin	[ʁɛzɛ̃]		葡萄〈n.m.〉
raison	[ʁɛzɔ̃]		理由；道理〈n.f.〉
raisonnable	[ʁɛzonabl]		合理的；明智的〈adj.〉
raisonnement	[ʁɛzɔnəmɑ̃]		推理；思路〈n.m.〉
raisonner	[ʁɛzone]		推理；思考〈v.〉
rajeunir	[ʁaʒœniʁ]		使年轻；显年轻〈v.〉
rajouter	[ʁaʒute]		再加；补充〈v.〉
ralenti	[ʁalɑ̃ti]		慢动作；减速〈n.m.〉
ralentir	[ʁalɑ̃tiʁ]		减速；放慢〈v.〉
rallier	[ʁalje]		重新集合；驶抵〈v.〉
rallumer	[ʁalyme]		重新点燃；重新打开〈v.〉
ramasser	[ʁamase]		捡起；收集〈v.〉
rame	[ʁam]		桨；一沓纸〈n.f.〉
ramener	[ʁaməne]		带回；送回〈v.〉
ramer	[ʁame]		划桨；费力前行〈v.〉
ramollir	[ʁamoliʁ]		使变软；使松懈〈v.〉
rampe	[ʁɑ̃p]		坡道；扶手〈n.f.〉
ramper	[ʁɑ̃pe]		爬行；匍匐〈v.〉
rancard	[ʁɑ̃kaʁ]		约会；约见（口语）〈n.m.〉
ranch	[ʁɑ̃nʃ]		牧场；大农场〈n.m.〉
rancune	[ʁɑ̃kyn]		怨恨；积怨〈n.f.〉
randonnée	[ʁɑ̃done]		远足；徒步旅行〈n.f.〉
rang	[ʁɑ̃]		排；行列；等级〈n.m.〉
ranger	[ʁɑ̃ʒe]		整理；归置〈v.〉
rangé	[ʁɑ̃ʒe]		整齐的；规矩的〈adj.〉
rangée	[ʁɑ̃ʒe]		一排；一列〈n.f.〉
ranimer	[ʁanime]		使苏醒；重燃〈v.〉
rançon	[ʁɑ̃sɔ̃]		赎金〈n.f.〉
rap	[ʁap]		说唱音乐〈n.m.〉
rapatrier	[ʁapatʁije]		遣返；撤回〈v.〉
rapide	[ʁapid]		快的；迅速的〈adj.〉
rapidement	[ʁapidəmɑ̃]		快速地〈adv.〉
rapidité	[ʁapidite]		迅速；速度〈n.f.〉
rappel	[ʁapɛl]		提醒；召回；复习〈n.m.〉
rappeler	[ʁapəle]		使想起；提醒；回电话〈v.〉
rappliquer	[ʁaplike]		赶来；再次登门（口语）〈v.〉
rapport	[ʁapɔʁ]		报告；关系；比率〈n.m.〉
rapporter	[ʁapɔʁte]		带回；汇报〈v.〉
rapprocher	[ʁapʁoʃe]		使靠近；使亲近〈v.〉
rare	[ʁaʁ]		稀少的；罕见的〈adj.〉
rarement	[ʁaʁəmɑ̃]		很少；难得〈adv.〉
ras	[ʁa]		齐平的〈adj.〉
raser	[ʁaze]		剃；刮〈v.〉
rasoir	[ʁazwaʁ]		剃刀；剃须刀〈n.m.〉
rassemblement	[ʁasɑ̃bləmɑ̃]		集会；聚集〈n.m.〉
rassembler	[ʁasɑ̃ble]		集合；聚集〈v.〉
rassurant	[ʁasyʁɑ̃]		令人安心的〈adj.〉
rassurer	[ʁasyʁe]		使安心〈v.〉
rat	[ʁa]		老鼠〈n.m.〉
rater	[ʁate]		错过；搞砸；没打中〈v.〉
ration	[ʁasjɔ̃]		口粮；定量〈n.f.〉
rationnel	[ʁasjonɛl]		理性的；合理的〈adj.〉
ratisser	[ʁatise]		耙拢；搜查〈v.〉
rattraper	[ʁatʁape]		追上；弥补〈v.〉
raté	[ʁate]		失败者；失败（口语）〈n.m.〉
ravage	[ʁavaʒ]		破坏；毁坏〈n.m.〉
ravager	[ʁavaʒe]		毁坏；蹂躏〈v.〉
ravi	[ʁavi]		高兴的；很乐意的〈adj.〉
ravin	[ʁavɛ̃]		沟壑；深谷〈n.m.〉
ravioli	[ʁavjoli]		意式方饺〈n.m.〉
ravir	[ʁaviʁ]		使欣喜；夺走〈v.〉
ravissant	[ʁavisɑ̃]		迷人的；非常美的〈adj.〉
ravisseur	[ʁavisœʁ]		绑架者；劫持者〈n.m.〉
ravitaillement	[ʁavitajəmɑ̃]		补给；粮食供应〈n.m.〉
raviver	[ʁavive]		重新点燃；唤起〈v.〉
rayer	[ʁeje]		划伤；划掉〈v.〉
rayon	[ʁɛjɔ̃]		货架；光线；半径〈n.m.〉
rayonner	[ʁɛjone]		发光；焕发光彩〈v.〉
rayure	[ʁejyʁ]		条纹；划痕〈n.f.〉
rebelle	[ʁəbɛl]		反抗者；叛逆者〈n.〉
rebeller	[ʁəbɛle]		反抗；不服管束〈v.〉
rebondir	[ʁəbɔ̃diʁ]		弹起；东山再起〈v.〉
rebord	[ʁəbɔʁ]		边缘；窗沿〈n.m.〉
rebours	[ʁəbuʁ]		逆向；倒着〈adv.〉
recette	[ʁəsɛt]		食谱；收入〈n.f.〉
recevoir	[ʁəsəvwaʁ]		收到；接待〈v.〉
rechange	[ʁəʃɑ̃ʒ]		更换；备用〈n.m.〉
recharger	[ʁəʃaʁʒe]		充电；重新装填〈v.〉
recherche	[ʁəʃɛʁʃ]		研究；寻找〈n.f.〉
rechercher	[ʁəʃɛʁʃe]		寻找；追求〈v.〉
recherché	[ʁəʃɛʁʃe]		精致的；考究的〈adj.〉
recoin	[ʁəkwɛ̃]		角落；隐蔽处〈n.m.〉
recoller	[ʁəkole]		重新粘合〈v.〉
recommandation	[ʁəkomɑ̃dasjɔ̃]		建议；推荐〈n.f.〉
recommander	[ʁəkomɑ̃de]		推荐；建议〈v.〉
recommencer	[ʁəkomɑ̃se]		重新开始；重来〈v.〉
reconduire	[ʁəkɔ̃dɥiʁ]		押送回去；续签；延长〈v.〉
reconnaissance	[ʁəkonɛsɑ̃s]		感激；承认；侦察〈n.f.〉
reconnaissant	[ʁəkonɛsɑ̃]		感激的；感恩的〈adj.〉
reconnaître	[ʁəkonɛtʁ]		认出；承认〈v.〉
reconnu	[ʁəkony]		公认的；知名的〈adj.〉
reconstituer	[ʁəkɔ̃stitɥe]		重建；还原〈v.〉
reconstitution	[ʁəkɔ̃stitysjɔ̃]		复原；重现〈n.f.〉
reconstruction	[ʁəkɔ̃stʁyksjɔ̃]		重建〈n.f.〉
reconstruire	[ʁəkɔ̃stʁɥiʁ]		重建〈v.〉
recopier	[ʁəkopje]		抄写；誊抄〈v.〉
record	[ʁəkɔʁ]		纪录〈n.m.〉
recoucher	[ʁəkuʃe]		使再躺下；再睡〈v.〉
recoudre	[ʁəkudʁ]		重新缝上；缝补〈v.〉
recours	[ʁəkuʁ]		求助；追索权〈n.m.〉
recouvrir	[ʁəkuvʁiʁ]		覆盖；重新覆盖〈v.〉
recracher	[ʁəkʁaʃe]		吐出；原样倒出〈v.〉
recrue	[ʁəkʁy]		新兵；新手〈n.f.〉
recruter	[ʁəkʁyte]		招募；招聘〈v.〉
recréer	[ʁəkʁee]		重现；再创造〈v.〉
recteur	[ʁɛktœʁ]		大学校长；学区总长〈n.m.〉
recueillir	[ʁəkœjiʁ]		收集；收留〈v.〉
recul	[ʁəkyl]		后退；（时间）推移〈n.m.〉
reculer	[ʁəkyle]		后退；推迟〈v.〉
reddition	[ʁɛdisjɔ̃]		投降〈n.f.〉
redemander	[ʁədəmɑ̃de]		再要；再问〈v.〉
redescendre	[ʁədesɑ̃dʁ]		（重新）下去；降下〈v.〉
redevable	[ʁədəvabl]		感激的；应偿付的〈adj.〉
redevenir	[ʁədəvəniʁ]		重新变得〈v.〉
redire	[ʁədiʁ]		反对意见；再说〈v.〉
redonner	[ʁədone]		归还；重新给予〈v.〉
redoubler	[ʁəduble]		加倍；留级重读〈v.〉
redoutable	[ʁədutabl]		可怕的；厉害的〈adj.〉
redouter	[ʁədute]		畏惧；担忧〈v.〉
redresser	[ʁədʁese]		纠正；扶正；整顿〈v.〉
refaire	[ʁəfɛʁ]		重做；再做〈v.〉
refermer	[ʁəfɛʁme]		再关上；合上〈v.〉
refiler	[ʁəfile]		转交；偷偷塞给（口语）〈v.〉
reflet	[ʁəflɛ]		倒影；反光〈n.m.〉
refléter	[ʁəflete]		反映；映照〈v.〉
refrain	[ʁəfʁɛ̃]		副歌；老调子〈n.m.〉
refroidir	[ʁəfʁwadiʁ]		使冷却；使扫兴〈v.〉
refuge	[ʁəfyʒ]		避难所；藏身处〈n.m.〉
refus	[ʁəfy]		拒绝〈n.m.〉
refuser	[ʁəfyze]		拒绝〈v.〉
regagner	[ʁəgaɲe]		返回；重回；重新赢得〈v.〉
regard	[ʁəgaʁ]		目光；眼神〈n.m.〉
regarder	[ʁəgaʁde]		看；观看〈v.〉
registre	[ʁəʒistʁ]		登记簿；语域〈n.m.〉
regret	[ʁəgʁɛ]		遗憾；后悔〈n.m.〉
regrettable	[ʁəgʁɛtabl]		令人遗憾的〈adj.〉
regretter	[ʁəgʁete]		遗憾；懊悔〈v.〉
regrouper	[ʁəgʁupe]		使重新聚集；归并〈v.〉
rein	[ʁɛ̃]		肾脏〈n.m.〉
reine	[ʁɛn]		王后；女王〈n.f.〉
rejet	[ʁəʒɛ]		排斥；拒绝〈n.m.〉
rejeter	[ʁəʒte]		拒绝；扔回；排放〈v.〉
rejeté	[ʁəʒte]		被抛弃的；被排斥的〈adj.〉
rejoindre	[ʁəʒwɛ̃dʁ]		与…会合；加入〈v.〉
rejouer	[ʁəʒwe]		重播；再玩〈v.〉
relais	[ʁəlɛ]		接力；中继站〈n.m.〉
relancer	[ʁəlɑ̃se]		重新启动；振兴〈v.〉
relatif	[ʁəlatif]		相对的〈adj.〉
relation	[ʁəlasjɔ̃]		关系；联系〈n.f.〉
relativement	[ʁəlativəmɑ̃]		相对地；比较而言〈adv.〉
relax	[ʁəlaks]		放松的（口语）〈adj.〉
relaxer	[ʁəlakse]		使放松；放松〈v.〉
relayer	[ʁəleje]		接替；转播；传递〈v.〉
relever	[ʁələve]		扶起；记下〈v.〉
relevé	[ʁələve]		报表；清单；对账单〈n.m.〉
relier	[ʁəlje]		连接；装订〈v.〉
religieux	[ʁəliʒjø]		宗教的；修士〈adj.〉
religion	[ʁəliʒjɔ̃]		宗教〈n.f.〉
relique	[ʁəlik]		圣物；遗物〈n.f.〉
relire	[ʁəliʁ]		重读；再读一遍〈v.〉
relâche	[ʁəlaʃ]		休息日；停演〈n.〉
relâcher	[ʁəlaʃe]		释放；放松〈v.〉
relève	[ʁəlɛv]		接班；接班人〈n.f.〉
remarier	[ʁəmaʁje]		再婚；使再婚〈v.〉
remarquable	[ʁəmaʁkabl]		出色的；非凡的〈adj.〉
remarque	[ʁəmaʁk]		评语；意见〈n.〉
remarquer	[ʁəmaʁke]		注意到；察觉〈v.〉
remballer	[ʁɑ̃bale]		重新打包；打发走〈v.〉
rembourser	[ʁɑ̃buʁse]		偿还；还清〈v.〉
remerciement	[ʁəmɛʁsimɑ̃]		感谢；谢意〈n.m.〉
remercier	[ʁəmɛʁsje]		感谢；道谢〈v.〉
remettre	[ʁəmɛtʁ]		放回；递交；推迟〈v.〉
remise	[ʁəmiz]		折扣；交付；储藏室〈n.f.〉
remonter	[ʁəmɔ̃te]		重新上去；追溯〈v.〉
remords	[ʁəmɔʁ]		悔恨；自责〈n.m.〉
remplacer	[ʁɑ̃plase]		代替；取代〈v.〉
remplaçant	[ʁɑ̃plasɑ̃]		替补；替代者〈n.m.〉
rempli	[ʁɑ̃pli]		装满的；挤满的〈adj.〉
remplir	[ʁɑ̃pliʁ]		装满；填写〈v.〉
remporter	[ʁɑ̃pɔʁte]		赢得；夺得〈v.〉
remuer	[ʁəmɥe]		摇动；翻动〈v.〉
remède	[ʁəmɛd]		药；补救办法〈n.m.〉
remédier	[ʁəmedje]		补救；设法解决〈v.〉
renaissance	[ʁənɛsɑ̃s]		复兴；再生；文艺复兴〈n.f.〉
renard	[ʁənaʁ]		狐狸〈n.m.〉
renaître	[ʁənɛtʁ]		重生；复兴〈v.〉
rencard	[ʁɑ̃kaʁ]		（口语）约会〈n.m.〉
rencontre	[ʁɑ̃kɔ̃tʁ]		相遇；会面；比赛〈n.f.〉
rencontrer	[ʁɑ̃kɔ̃tʁe]		遇见；结识；会面〈v.〉
rendez-vous	[ʁɑ̃devu]		约会；预约〈n.m.〉
rendormir	[ʁɑ̃dɔʁmiʁ]		使重新入睡〈v.〉
rendre	[ʁɑ̃dʁ]		归还；使变得〈v.〉
renfermer	[ʁɑ̃fɛʁme]		关闭；藏有〈v.〉
renforcer	[ʁɑ̃fɔʁse]		加强；增援〈v.〉
renfort	[ʁɑ̃fɔʁ]		增援；支援〈n.m.〉
renier	[ʁənje]		否认；背弃〈v.〉
renifler	[ʁənifle]		嗅；嗤之以鼻〈v.〉
renoncer	[ʁənɔ̃se]		放弃〈v.〉
renouveler	[ʁənuvəle]		更新；续订〈v.〉
renseignement	[ʁɑ̃sɛɲəmɑ̃]		消息；情报〈n.m.〉
renseigner	[ʁɑ̃seɲe]		告知；提供消息〈v.〉
rentable	[ʁɑ̃tabl]		有利可图的；划算的〈adj.〉
rentrer	[ʁɑ̃tʁe]		回家；返回〈v.〉
rentré	[ʁɑ̃tʁe]		已返回的；归来的〈adj.〉
rentrée	[ʁɑ̃tʁe]		开学；返回〈n.f.〉
renverser	[ʁɑ̃vɛʁse]		打翻；推翻〈v.〉
renvoi	[ʁɑ̃vwa]		解雇；退回；援引〈n.m.〉
renvoyer	[ʁɑ̃vwaje]		退回；解雇；遣返〈v.〉
repaire	[ʁəpɛʁ]		巢穴；老窝〈n.m.〉
reparler	[ʁəpaʁle]		再谈；重提〈v.〉
repartir	[ʁəpaʁtiʁ]		再出发；动身返回〈v.〉
repas	[ʁəpa]		一餐；饭〈n.m.〉
repasser	[ʁəpase]		再次经过；熨烫〈v.〉
repeindre	[ʁəpɛ̃dʁ]		重新粉刷〈v.〉
repenser	[ʁəpɑ̃se]		重新思考；反思〈v.〉
repentir	[ʁəpɑ̃tiʁ]		悔悟；忏悔〈v.〉
replier	[ʁəplije]		折起；撤退〈v.〉
reportage	[ʁəpɔʁtaʒ]		报道〈n.m.〉
reporter	[ʁəpoʁte]		推迟；改期〈v.〉
repos	[ʁəpo]		休息〈n.m.〉
reposer	[ʁəpoze]		（使）休息〈v.〉
repoussant	[ʁəpusɑ̃]		令人反感的〈adj.〉
repousser	[ʁəpuse]		推开；推迟；赶走〈v.〉
reprendre	[ʁəpʁɑ̃dʁ]		重新开始；取回；恢复〈v.〉
reprise	[ʁəpʁiz]		重新开始；恢复；翻唱〈n.f.〉
reproche	[ʁəpʁɔʃ]		责备；指责〈n.m.〉
reprocher	[ʁəpʁoʃe]		责备；指责〈v.〉
reproduction	[ʁəpʁodyksjɔ̃]		复制；繁殖；复制品〈n.f.〉
reproduire	[ʁəpʁodɥiʁ]		复制；繁殖〈v.〉
représaille	[ʁəpʁezaj]		报复（常用复数）〈n.f.〉
représentant	[ʁəpʁezɑ̃tɑ̃]		代表；代理人〈n.m.〉
représentation	[ʁəpʁezɑ̃tasjɔ̃]		演出；表示；观念〈n.f.〉
représenter	[ʁəpʁezɑ̃te]		代表；象征；描绘〈v.〉
reptile	[ʁɛptil]		爬行动物〈n.m.〉
repère	[ʁəpɛʁ]		参照物；标记；基准点〈n.m.〉
repérer	[ʁəpeʁe]		发现；定位〈v.〉
repêcher	[ʁəpeʃe]		捞起；补考救回〈v.〉
requiem	[ʁekɥijɛm]		安魂曲〈n.m.〉
requin	[ʁəkɛ̃]		鲨鱼〈n.m.〉
requérir	[ʁəkeʁiʁ]		要求；申请（正式）〈v.〉
requête	[ʁəkɛt]		请求；诉状〈n.f.〉
respect	[ʁɛspɛ]		尊敬；尊重〈n.m.〉
respectable	[ʁɛspɛktabl]		可敬的；体面的〈adj.〉
respecter	[ʁɛspɛkte]		尊重；遵守〈v.〉
respectueux	[ʁɛspɛktɥø]		恭敬的；有礼貌的〈adj.〉
respecté	[ʁɛspɛkte]		受尊敬的〈adj.〉
respiration	[ʁɛspiʁasjɔ̃]		呼吸〈n.f.〉
respiratoire	[ʁɛspiʁatwaʁ]		呼吸的〈adj.〉
respirer	[ʁɛspiʁe]		呼吸〈v.〉
responsabilité	[ʁɛspɔ̃sabilite]		责任；职责〈n.f.〉
responsable	[ʁɛspɔ̃sabl]		负责的〈adj.〉
ressaisir	[ʁəseziʁ]		重新抓住；使镇定下来〈v.〉
ressemblance	[ʁəsɑ̃blɑ̃s]		相似；相像〈n.f.〉
ressembler	[ʁəsɑ̃ble]		相像；相似〈v.〉
ressentir	[ʁəsɑ̃tiʁ]		感到；感受到〈v.〉
resserrer	[ʁəseʁe]		收紧；夹紧〈v.〉
ressort	[ʁəsɔʁ]		弹簧；发条；管辖范围〈n.m.〉
ressortir	[ʁəsɔʁtiʁ]		重新取出；凸显〈v.〉
ressource	[ʁəsuʁs]		资源；办法〈n.f.〉
ressusciter	[ʁesysite]		使复活；复苏〈v.〉
restant	[ʁɛstɑ̃]		剩余部分；余款〈n.m.〉
restau	[ʁɛsto]		餐馆（口语）〈n.m.〉
restaurant	[ʁɛstoʁɑ̃]		餐馆〈n.m.〉
restauration	[ʁɛstoʁasjɔ̃]		修复；餐饮业〈n.f.〉
restaurer	[ʁɛstoʁe]		修复；翻新；恢复〈v.〉
reste	[ʁɛst]		剩余；其余〈n.m.〉
rester	[ʁɛste]		停留；保持〈v.〉
restituer	[ʁɛstitɥe]		归还；返还〈v.〉
resto	[ʁɛsto]		餐馆（口语）〈n.m.〉
retaper	[ʁətape]		修整；翻新〈v.〉
retard	[ʁətaʁ]		迟到；延误〈n.m.〉
retarder	[ʁətaʁde]		使延迟；拖延〈v.〉
retenir	[ʁətəniʁ]		记住；留住；预订〈v.〉
retentir	[ʁətɑ̃tiʁ]		回响；鸣响〈v.〉
retenue	[ʁətəny]		克制；扣款；蓄水池〈n.f.〉
retirer	[ʁətiʁe]		取出；撤回〈v.〉
retomber	[ʁətɔ̃be]		再落下；回落〈v.〉
retour	[ʁətuʁ]		回来；返回；背面〈n.m.〉
retourner	[ʁətuʁne]		返回；回去；翻转〈v.〉
retrait	[ʁətʁɛ]		提款；收回〈n.m.〉
retraite	[ʁətʁɛt]		退休；退隐〈n.f.〉
retraité	[ʁətʁete]		退休者；领养老金者〈n.m.〉
retravailler	[ʁətʁavaje]		重新工作；返工〈v.〉
retrouvaille	[ʁətʁuvaj]		重逢（常用复数）〈n.f.〉
retrouver	[ʁətʁuve]		重新找到；重逢〈v.〉
revanche	[ʁəvɑ̃ʃ]		报复；回敬〈n.f.〉
revendiquer	[ʁəvɑ̃dike]		要求；主张〈v.〉
revendre	[ʁəvɑ̃dʁ]		转卖；再出售〈v.〉
revenir	[ʁəvəniʁ]		回来；返回〈v.〉
revenu	[ʁəvəny]		收入；所得〈n.m.〉
revers	[ʁəvɛʁ]		反面；挫折；翻边〈n.m.〉
revivre	[ʁəvivʁ]		重温；重新体验〈v.〉
revoilà	[ʁəvwala]		又来了；又见面了〈prép.〉
revoir	[ʁəvwaʁ]		再见；重新见到〈n.m.〉
revolver	[ʁevɔlvɛʁ]		左轮手枪〈n.m.〉
revue	[ʁəvy]		杂志；期刊〈n.f.〉
revêtir	[ʁəvetiʁ]		穿上；具有〈v.〉
rez-de-chaussée	[ʁedəʃose]		底层；一楼〈n.m.〉
reçu	[ʁəsy]		收据；收讫的〈adj.〉
rhabiller	[ʁabije]		重新穿好衣服〈v.〉
rhinocéros	[ʁinoseʁɔs]		犀牛〈n.m.〉
rhum	[ʁɔm]		朗姆酒〈n.m.〉
rhumatisme	[ʁymatizm]		风湿病〈n.m.〉
rhume	[ʁym]		感冒〈n.m.〉
richard	[ʁiʃaʁ]		阔佬（贬，口语）〈adj.〉
riche	[ʁiʃ]		富有的；有钱的〈adj.〉
richesse	[ʁiʃɛs]		财富；丰富〈n.f.〉
ride	[ʁid]		皱纹〈n.f.〉
rideau	[ʁido]		窗帘；幕布〈n.m.〉
ridicule	[ʁidikyl]		可笑的；荒谬的〈adj.〉
ridiculiser	[ʁidikylize]		使显得可笑；嘲讽〈v.〉
rien	[ʁjɛ̃]		没什么；什么也没有〈pron.〉
rigide	[ʁiʒid]		僵硬的；死板的〈adj.〉
rigolade	[ʁigolad]		玩笑；嬉闹〈n.f.〉
rigoler	[ʁigole]		开玩笑；打闹〈v.〉
rigolo	[ʁigolo]		滑稽的；好笑的（口语）〈adj.〉
rigueur	[ʁigœʁ]		严格；严厉〈n.f.〉
rime	[ʁim]		韵；押韵〈n.f.〉
rimer	[ʁime]		押韵〈v.〉
rincer	[ʁɛ̃se]		冲洗；涮洗〈v.〉
ring	[ʁiŋ]		拳击台；擂台〈n.m.〉
ringard	[ʁɛ̃gaʁ]		过时的；老土的〈adj.〉
riposter	[ʁipɔste]		还击；反驳〈v.〉
rire	[ʁiʁ]		笑；发笑〈v.〉
risque	[ʁisk]		风险；危险〈n.m.〉
risquer	[ʁiske]		冒…的危险；冒险〈v.〉
risqué	[ʁiske]		冒险的；有风险的〈adj.〉
risée	[ʁize]		嘲笑；笑柄〈n.f.〉
rite	[ʁit]		仪式；惯例〈n.m.〉
rituel	[ʁitɥɛl]		仪式；例行程序〈n.m.〉
rivage	[ʁivaʒ]		岸；海滨〈n.m.〉
rival	[ʁival]		对手；竞争者〈n.m.〉
rivalité	[ʁivalite]		竞争；对抗〈n.f.〉
rive	[ʁiv]		河岸；岸〈n.f.〉
rivière	[ʁivjɛʁ]		河；河流〈n.f.〉
riz	[ʁi]		大米；米饭〈n.m.〉
rizière	[ʁizjɛʁ]		稻田〈n.f.〉
robe	[ʁɔb]		连衣裙〈n.f.〉
robinet	[ʁobinɛ]		水龙头〈n.m.〉
robot	[ʁobo]		机器人〈n.m.〉
robuste	[ʁobyst]		结实的；健壮的〈adj.〉
roche	[ʁɔʃ]		岩石〈n.f.〉
rocher	[ʁoʃe]		岩石；礁石〈n.m.〉
rock	[ʁɔk]		摇滚乐〈n.m.〉
roi	[ʁwa]		国王〈n.m.〉
romain	[ʁomɛ̃]		罗马的；古罗马的〈adj.〉
roman	[ʁomɑ̃]		小说〈n.m.〉
romantique	[ʁomɑ̃tik]		浪漫的；浪漫主义的〈adj.〉
rompre	[ʁɔ̃pʁ]		折断；中断；决裂〈v.〉
rond	[ʁɔ̃]		圆形；圆圈〈n.m.〉
ronde	[ʁɔ̃d]		巡逻；轮次；环形舞〈n.f.〉
ronfler	[ʁɔ̃fle]		打鼾〈v.〉
ronger	[ʁɔ̃ʒe]		啃；咬；折磨〈v.〉
rose	[ʁoz]		玫瑰；粉红色〈n.〉
rossignol	[ʁosiɲɔl]		夜莺〈n.m.〉
rosée	[ʁoze]		露水〈n.f.〉
rotation	[ʁotasjɔ̃]		旋转；轮换〈n.f.〉
rouble	[ʁubl]		卢布〈n.m.〉
roue	[ʁu]		轮子〈n.f.〉
rouge	[ʁuʒ]		红色的〈adj.〉
rougir	[ʁuʒiʁ]		脸红；变红〈v.〉
rouiller	[ʁuje]		（使）生锈〈v.〉
roulant	[ʁulɑ̃]		滚动的；行驶的〈adj.〉
rouleau	[ʁulo]		卷；滚筒；卷轴〈n.m.〉
roulement	[ʁuləmɑ̃]		滚动；轴承〈n.m.〉
rouler	[ʁule]		滚动；行驶；开车〈v.〉
roulette	[ʁulɛt]		轮盘；小脚轮〈n.f.〉
roumain	[ʁumɛ̃]		罗马尼亚的；罗马尼亚人〈adj.〉
round	[ʁund]		回合〈n.m.〉
rouquin	[ʁukɛ̃]		红头发的人〈n.m.〉
route	[ʁut]		道路；公路；路线〈n.f.〉
routier	[ʁutje]		公路的；道路的〈adj.〉
routine	[ʁutin]		常规；惯例〈n.f.〉
rouvrir	[ʁuvʁiʁ]		重新打开〈v.〉
roux	[ʁu]		红棕色的；红发的〈adj.〉
royal	[ʁwajal]		王室的；盛大的〈adj.〉
royaume	[ʁwajom]		王国〈n.m.〉
ruban	[ʁybɑ̃]		丝带；缎带〈n.m.〉
rubis	[ʁybi]		红宝石〈n.m.〉
rubrique	[ʁybʁik]		栏目；类别〈n.f.〉
ruche	[ʁyʃ]		蜂箱；蜂巢〈n.f.〉
rude	[ʁyd]		艰难的；严酷的〈adj.〉
rudement	[ʁydəmɑ̃]		非常（口语）；严厉地〈adv.〉
rue	[ʁy]		街；街道〈n.f.〉
ruelle	[ʁɥɛl]		小巷；窄街〈n.f.〉
ruer	[ʁɥe]		猛冲；踢跳〈v.〉
ruine	[ʁɥin]		毁灭；废墟〈n.f.〉
ruiner	[ʁɥine]		使破产；毁掉〈v.〉
ruisseau	[ʁɥiso]		小溪〈n.m.〉
rumeur	[ʁymœʁ]		谣言；传闻〈n.f.〉
rupture	[ʁyptyʁ]		断裂；破裂；分手〈n.f.〉
ruse	[ʁyz]		诡计；狡猾〈n.f.〉
ruser	[ʁyze]		用计；耍花招〈v.〉
russe	[ʁys]		俄语；俄罗斯人〈n.〉
rustre	[ʁystʁ]		粗野的；粗人〈n.〉
rusé	[ʁyze]		狡猾的〈adj.〉
rythme	[ʁitm]		节奏〈n.m.〉
râler	[ʁale]		抱怨；发牢骚〈v.〉
règle	[ʁɛgl]		规则；尺子〈n.f.〉
règlement	[ʁɛgləmɑ̃]		规章；条例〈n.m.〉
règne	[ʁɛɲ]		统治；支配〈n.m.〉
ré	[ʁe]		音阶唱名〈n.m.〉
réacteur	[ʁeaktœʁ]		反应堆；喷气发动机〈n.m.〉
réaction	[ʁeaksjɔ̃]		反应〈n.f.〉
réagir	[ʁeaʒiʁ]		作出反应；回应〈v.〉
réalisateur	[ʁealizatœʁ]		导演〈n.m.〉
réalisation	[ʁealizasjɔ̃]		实现；制作〈n.f.〉
réaliser	[ʁealize]		实现；意识到〈v.〉
réaliste	[ʁealist]		现实的；现实主义的〈adj.〉
réalité	[ʁealite]		现实；真实〈n.f.〉
réanimation	[ʁeanimasjɔ̃]		复苏；重症监护〈n.f.〉
réapparaître	[ʁeapaʁɛtʁ]		重新出现〈v.〉
rébellion	[ʁebeljɔ̃]		反叛；叛乱〈n.f.〉
récapituler	[ʁekapityle]		总结；概括〈v.〉
récemment	[ʁesamɑ̃]		最近〈adv.〉
récent	[ʁesɑ̃]		最近的〈adj.〉
réception	[ʁesɛpsjɔ̃]		接待；前台；接收〈n.f.〉
réchapper	[ʁeʃape]		幸免；逃脱〈v.〉
réchauffer	[ʁeʃofe]		重新加热；使变暖〈v.〉
réciproque	[ʁesipʁɔk]		相互的；互惠的〈adj.〉
récit	[ʁesi]		叙述；故事〈n.m.〉
réciter	[ʁesite]		背诵〈v.〉
réclamer	[ʁeklame]		要求；索要〈v.〉
récolte	[ʁekɔlt]		收获；收成〈n.f.〉
récolter	[ʁekɔlte]		收获；采集〈v.〉
récompense	[ʁekɔ̃pɑ̃s]		奖励；报酬〈n.f.〉
récompenser	[ʁekɔ̃pɑ̃se]		奖励；酬谢〈v.〉
réconciliation	[ʁekɔ̃siljasjɔ̃]		和解；修好〈n.f.〉
réconcilier	[ʁekɔ̃silje]		使和解；调解〈v.〉
réconfort	[ʁekɔ̃fɔʁ]		安慰；鼓舞〈n.m.〉
réconforter	[ʁekɔ̃fɔʁte]		安慰；鼓舞〈v.〉
récré	[ʁekʁe]		课间休息（口语）〈n.f.〉
récréation	[ʁekʁeasjɔ̃]		课间休息；娱乐〈n.f.〉
récupérer	[ʁekypeʁe]		恢复；取回〈v.〉
rédacteur	[ʁedaktœʁ]		编辑；撰稿人〈n.m.〉
rédaction	[ʁedaksjɔ̃]		作文；编辑部〈n.f.〉
rédemption	[ʁedɑ̃psjɔ̃]		救赎〈n.f.〉
rédiger	[ʁediʒe]		撰写；起草〈v.〉
réduction	[ʁedyksjɔ̃]		折扣；缩减〈n.f.〉
réduire	[ʁedɥiʁ]		减少；缩小〈v.〉
réduit	[ʁedɥi]		缩减的；减少的〈adj.〉
réel	[ʁeɛl]		真实的〈adj.〉
réellement	[ʁeɛləmɑ̃]		真正地；确实〈adv.〉
réessayer	[ʁeeseje]		重试；再试〈v.〉
réflexe	[ʁeflɛks]		反射；本能反应〈n.m.〉
réflexion	[ʁeflɛksjɔ̃]		思考；反思〈n.f.〉
réfléchi	[ʁefleʃi]		深思熟虑的〈adj.〉
réfléchir	[ʁefleʃiʁ]		思考；反省〈v.〉
réforme	[ʁefɔʁm]		改革〈n.f.〉
réfrigérateur	[ʁefʁiʒeʁatœʁ]		冰箱〈n.m.〉
réfugier	[ʁefyʒje]		避难；躲藏〈v.〉
réfugié	[ʁefyʒje]		难民；避难者〈n.m.〉
référence	[ʁefeʁɑ̃s]		参考；出处〈n.f.〉
référer	[ʁefeʁe]		参照；援引〈v.〉
régal	[ʁegal]		享受；乐趣〈n.m.〉
régaler	[ʁegale]		款待；使享口福〈v.〉
régime	[ʁeʒim]		制度；饮食法；政体〈n.m.〉
régiment	[ʁeʒimɑ̃]		团（军队编制）〈n.m.〉
région	[ʁeʒjɔ̃]		地区；区域〈n.f.〉
régional	[ʁeʒjonal]		地区的；区域的〈adj.〉
régir	[ʁeʒiʁ]		管辖；支配〈v.〉
régler	[ʁegle]		解决；调整；支付〈v.〉
réglo	[ʁeglo]		守规矩的；正派的（口语）〈adj.〉
réglé	[ʁegle]		有规律的；调准的〈adj.〉
régner	[ʁeɲe]		统治；盛行〈v.〉
régulier	[ʁegylje]		有规律的；定期的〈adj.〉
régulièrement	[ʁegyljɛʁəmɑ̃]		定期地；经常地〈adv.〉
réintégrer	[ʁeɛ̃tegʁe]		使重返；复职〈v.〉
réjouir	[ʁeʒwiʁ]		使高兴〈v.〉
rénover	[ʁenove]		翻新；修缮〈v.〉
répandre	[ʁepɑ̃dʁ]		撒；传播；流布〈v.〉
réparation	[ʁepaʁasjɔ̃]		修理；修复〈n.f.〉
réparer	[ʁepaʁe]		修理〈v.〉
répartir	[ʁepaʁtiʁ]		分配；分摊〈v.〉
répertoire	[ʁepɛʁtwaʁ]		保留剧目；目录（计算机）〈n.m.〉
répit	[ʁepi]		喘息；暂缓〈n.m.〉
réplique	[ʁeplik]		回嘴；反驳；台词〈n.f.〉
répondeur	[ʁepɔ̃dœʁ]		答录机〈n.m.〉
répondre	[ʁepɔ̃dʁ]		回答；回复〈v.〉
réponse	[ʁepɔ̃s]		回答；答复〈n.f.〉
répression	[ʁepʁesjɔ̃]		镇压〈n.f.〉
réprimer	[ʁepʁime]		镇压；抑制〈v.〉
républicain	[ʁepyblikɛ̃]		共和的；共和主义者〈n.m.〉
république	[ʁepyblik]		共和国〈n.f.〉
répugnant	[ʁepyɲɑ̃]		令人反感的〈adj.〉
répugner	[ʁepyɲe]		令人厌恶；使反感〈v.〉
réputation	[ʁepytasjɔ̃]		名声；声誉〈n.f.〉
répéter	[ʁepete]		重复；排练〈v.〉
répétition	[ʁepetisjɔ̃]		重复；排练〈n.f.〉
réseau	[ʁezo]		网；网络；人脉〈n.m.〉
réservation	[ʁezɛʁvasjɔ̃]		预订〈n.f.〉
réserve	[ʁezɛʁv]		储备；保留〈n.f.〉
réserver	[ʁezɛʁve]		预订；保留〈v.〉
réservoir	[ʁezɛʁvwaʁ]		水库；油箱〈n.m.〉
réservé	[ʁezɛʁve]		预订的；矜持的〈adj.〉
résidence	[ʁezidɑ̃s]		住宅；居所〈n.f.〉
résider	[ʁezide]		居住；存在于〈v.〉
résidu	[ʁezidy]		残渣；残余〈n.m.〉
résigner	[ʁeziɲe]		使顺从；甘心接受〈v.〉
résistance	[ʁezistɑ̃s]		抵抗；抵抗力〈n.f.〉
résistant	[ʁezistɑ̃]		坚固的；耐…的〈adj.〉
résister	[ʁeziste]		抵抗；忍住〈v.〉
résolu	[ʁezoly]		坚决的；已解决的〈adj.〉
résolution	[ʁezolysjɔ̃]		决心；决议；分辨率〈n.f.〉
résonner	[ʁezone]		回响；鸣响〈v.〉
résoudre	[ʁezudʁ]		解决；解答〈v.〉
résultat	[ʁezylta]		结果；成绩〈n.m.〉
résulter	[ʁezylte]		由……产生；是……的结果〈v.〉
résumer	[ʁezyme]		概括；总结〈v.〉
résumé	[ʁezyme]		摘要；梗概〈n.m.〉
résurrection	[ʁezyʁɛksjɔ̃]		复活；复兴〈n.f.〉
rétablir	[ʁetabliʁ]		恢复；使复原〈v.〉
rétrécir	[ʁetʁesiʁ]		使缩小；变窄〈v.〉
réunion	[ʁeynjɔ̃]		会议；聚会〈n.f.〉
réunir	[ʁeyniʁ]		集合；聚集；合并〈v.〉
réussi	[ʁeysi]		成功的；圆满的〈adj.〉
réussir	[ʁeysiʁ]		成功；做到；及格〈v.〉
réussite	[ʁeysit]		成功〈n.f.〉
réveil	[ʁevɛj]		闹钟；睡醒〈n.m.〉
réveiller	[ʁeveje]		叫醒；唤醒；醒来〈v.〉
réveillon	[ʁevɛjɔ̃]		守夜晚宴（圣诞/新年）〈n.m.〉
réviser	[ʁevize]		复习；修订〈v.〉
révision	[ʁevizjɔ̃]		复习；修订〈n.f.〉
révolte	[ʁevɔlt]		反抗；起义〈n.f.〉
révolter	[ʁevɔlte]		激怒；使愤慨〈v.〉
révolu	[ʁevoly]		已结束的；一去不返的〈adj.〉
révolution	[ʁevolysjɔ̃]		革命；变革〈n.f.〉
révolutionnaire	[ʁevolysjonɛʁ]		革命的；革命者〈adj.〉
révélation	[ʁevelasjɔ̃]		揭露；启示〈n.f.〉
révéler	[ʁevele]		揭露；显示〈v.〉
révérence	[ʁeveʁɑ̃s]		屈膝礼；敬意〈n.f.〉
révérend	[ʁeveʁɑ̃]		尊者（教士尊称）〈n.m.〉
réécrire	[ʁeekʁiʁ]		重写；改写〈v.〉
rééducation	[ʁeedykasjɔ̃]		康复治疗；再教育〈n.f.〉
rêne	[ʁɛn]		缰绳〈n.f.〉
rêve	[ʁɛv]		梦；梦想〈n.m.〉
rêver	[ʁeve]		做梦；梦见；幻想〈v.〉
rêveur	[ʁɛvœʁ]		爱做梦的；出神的〈n.m.〉
rêvé	[ʁeve]		梦寐以求的；理想的〈adj.〉
rôder	[ʁode]		游荡；徘徊〈v.〉
rôle	[ʁol]		角色；作用〈n.m.〉
rôti	[ʁoti]		烤肉〈n.m.〉
rôtir	[ʁotiʁ]		烤；炙烤〈v.〉
sa	[sa]		他/她的（阴性）〈adj.〉
sable	[sabl]		沙子〈n.m.〉
sabot	[sabo]		木鞋；蹄壳〈n.m.〉
sabotage	[sabotaʒ]		蓄意破坏；破坏活动〈n.m.〉
saboter	[sabote]		蓄意破坏；搞砸〈v.〉
sabre	[sabʁ]		军刀；马刀〈n.m.〉
sac	[sak]		包；袋子〈n.m.〉
saccager	[sakaʒe]		洗劫；捣毁〈v.〉
sachet	[saʃɛ]		小袋；小包〈n.m.〉
sacoche	[sakɔʃ]		挎包；小袋〈n.f.〉
sacrement	[sakʁəmɑ̃]		圣事；圣礼〈n.m.〉
sacrer	[sakʁe]		加冕；咒骂〈v.〉
sacrifice	[sakʁifis]		牺牲〈n.m.〉
sacrifier	[sakʁifje]		牺牲〈v.〉
sacré	[sakʁe]		神圣的；该死的（语气）〈adj.〉
sacrément	[sakʁemɑ̃]		非常；极其（口语）〈adv.〉
sadique	[sadik]		虐待狂〈n.〉
sage	[saʒ]		乖的；明智的〈adj.〉
sagement	[saʒəmɑ̃]		明智地；乖巧地〈adv.〉
sagesse	[saʒɛs]		智慧；明智〈n.f.〉
saignement	[sɛɲəmɑ̃]		出血〈n.m.〉
saigner	[seɲe]		流血；放血〈v.〉
sain	[sɛ̃]		健康的；健全的〈adj.〉
saint	[sɛ̃]		圣人；神圣的〈n.〉
sainteté	[sɛ̃tte]		圣洁；神圣〈n.f.〉
saisie	[sezi]		扣押；没收；（数据）录入〈n.f.〉
saisir	[seziʁ]		抓住；领会〈v.〉
saison	[sɛzɔ̃]		季节；赛季〈n.f.〉
saké	[sake]		清酒〈n.m.〉
salade	[salad]		沙拉；生菜〈n.f.〉
salaire	[salɛʁ]		工资；薪水〈n.m.〉
salaud	[salo]		混蛋；坏蛋（粗俗）〈n.m.〉
sale	[sal]		脏的；肮脏的〈adj.〉
salement	[saləmɑ̃]		肮脏地；非常（口语）〈adv.〉
saler	[sale]		加盐；腌制〈v.〉
saleté	[saləte]		肮脏；污物〈n.f.〉
saligaud	[saligo]		脏鬼；下流坯〈n.m.〉
salir	[saliʁ]		弄脏；玷污〈v.〉
salive	[saliv]		唾液；口水〈n.f.〉
salle	[sal]		房间；大厅〈n.f.〉
salon	[salɔ̃]		客厅；沙龙〈n.m.〉
saloon	[salun]		（西部）酒馆〈n.m.〉
salopard	[salopaʁ]		混蛋（骂人语）〈n.m.〉
salope	[salɔp]		婊子；荡妇（侮辱语）〈n.f.〉
saloperie	[salɔpəʁi]		脏话；破烂货（粗俗）〈n.f.〉
saluer	[salɥe]		问候；打招呼〈v.〉
salut	[saly]		你好；再见（口语）〈n.m.〉
salutation	[salytasjɔ̃]		致意；问候〈n.f.〉
salé	[sale]		咸的〈adj.〉
samba	[sɑ̃ba]		桑巴舞〈n.f.〉
samedi	[samədi]		星期六〈n.m.〉
sanction	[sɑ̃ksjɔ̃]		处罚；制裁〈n.f.〉
sanctuaire	[sɑ̃ktɥɛʁ]		圣所；庇护所〈n.m.〉
sandale	[sɑ̃dal]		凉鞋〈n.f.〉
sang	[sɑ̃]		血；血液〈n.m.〉
sang-froid	[sɑ̃fʁwa]		冷静；沉着〈n.m.〉
sanglant	[sɑ̃glɑ̃]		血淋淋的；血腥的〈adj.〉
sanglier	[sɑ̃glije]		野猪〈n.m.〉
sanglot	[sɑ̃glo]		呜咽；啜泣〈n.m.〉
sangloter	[sɑ̃glote]		抽泣；呜咽〈v.〉
sanguin	[sɑ̃gɛ̃]		血液的〈adj.〉
sanguinaire	[sɑ̃ginɛʁ]		嗜血的；血腥的〈adj.〉
sanitaire	[sanitɛʁ]		卫生的；卫生方面的〈adj.〉
sans	[sɑ̃]		没有；不带〈prép.〉
santé	[sɑ̃te]		健康〈n.f.〉
saouler	[sule]		灌醉；使厌烦〈v.〉
saper	[sape]		削弱；动摇〈v.〉
sapin	[sapɛ̃]		冷杉；枞树〈n.m.〉
sarcasme	[saʁkasm]		讽刺；挖苦〈n.m.〉
sarcastique	[saʁkastik]		讽刺的；挖苦的〈adj.〉
sarcophage	[saʁkofaʒ]		石棺〈n.m.〉
sardine	[saʁdin]		沙丁鱼〈n.f.〉
sas	[sa]		气闸；缓冲区〈n.m.〉
satanique	[satanik]		撒旦的；邪恶的〈adj.〉
satané	[satane]		该死的〈adj.〉
satellite	[satelit]		卫星〈n.m.〉
satin	[satɛ̃]		缎子〈n.m.〉
satisfaction	[satisfaksjɔ̃]		满意〈n.f.〉
satisfaire	[satisfɛʁ]		使满意；满足〈v.〉
satisfaisant	[satisfəzɑ̃]		令人满意的〈adj.〉
satisfait	[satisfɛ]		满意的；满足的〈adj.〉
sauce	[sos]		酱汁〈n.f.〉
saucisse	[sosis]		香肠〈n.f.〉
sauf	[sof]		除…以外〈prép.〉
saumon	[somɔ̃]		三文鱼；鲑鱼〈n.m.〉
sauna	[sona]		桑拿浴〈n.m.〉
saut	[so]		跳；跳跃〈n.m.〉
sauter	[sote]		跳；跳跃〈v.〉
sauterelle	[sotəʁɛl]		蚱蜢〈n.f.〉
sauvage	[sovaʒ]		野生的；野蛮的〈adj.〉
sauvegarder	[sovəgaʁde]		保存（文件）；保障〈v.〉
sauver	[sove]		救；拯救；挽救〈v.〉
sauvetage	[sovətaʒ]		营救；救援〈n.m.〉
sauveur	[sovœʁ]		救星；救世主〈n.m.〉
savant	[savɑ̃]		学者；博学的〈n.m.〉
saveur	[savœʁ]		味道；风味〈n.f.〉
savoir	[savwaʁ]		知道；会〈v.〉
savon	[savɔ̃]		肥皂〈n.m.〉
savourer	[savuʁe]		品味；细细享受〈v.〉
scandale	[skɑ̃dal]		丑闻；轰动〈n.m.〉
scandaleux	[skɑ̃dalø]		令人愤慨的；可耻的〈adj.〉
scanner	[skanɛʁ]		扫描仪〈n.m.〉
sceau	[so]		印章；封印〈n.m.〉
sceller	[sele]		封合；注定〈v.〉
sceptique	[sɛptik]		怀疑的；将信将疑的〈adj.〉
schéma	[ʃema]		简图；纲要〈n.m.〉
scie	[si]		锯子〈n.f.〉
science	[sjɑ̃s]		科学〈n.f.〉
science-fiction	[sjɑ̃sfiksjɔ̃]		科幻；科幻小说〈n.f.〉
scientifique	[sjɑ̃tifik]		科学的；科学家〈adj.〉
scientifiquement	[sjɑ̃tifikəmɑ̃]		科学地；从科学上讲〈adv.〉
scier	[sje]		锯；锯开〈v.〉
scolaire	[skolɛʁ]		学校的；学制的〈adj.〉
scoop	[skup]		独家新闻〈n.m.〉
scooter	[skutœʁ]		小踏板摩托〈n.m.〉
score	[skɔʁ]		比分；得分〈n.m.〉
scorpion	[skɔʁpjɔ̃]		蝎子〈n.m.〉
scotch	[skɔtʃ]		胶带；苏格兰威士忌〈n.m.〉
scout	[skut]		童子军〈n.m.〉
script	[skʁipt]		剧本；脚本〈n.m.〉
scrupule	[skʁypyl]		顾虑；顾忌〈n.m.〉
scruter	[skʁyte]		细察；探究〈v.〉
sculpter	[skylte]		雕刻〈v.〉
sculpteur	[skyltœʁ]		雕塑家〈n.m.〉
sculpture	[skyltyʁ]		雕塑；雕刻〈n.f.〉
scène	[sɛn]		舞台；场景〈n.f.〉
scénario	[senaʁjo]		剧本；情节〈n.m.〉
scénariste	[senaʁist]		编剧〈n.〉
se	[sə]		自己；彼此（代词）〈pron.〉
seau	[so]		桶；水桶〈n.m.〉
sec	[sɛk]		干的；干燥的〈adj.〉
second	[səgɔ̃]		第二的；秒〈adj.〉
secondaire	[səgɔ̃dɛʁ]		次要的；中等的〈adj.〉
seconde	[səgɔ̃d]		秒；片刻〈n.f.〉
secouer	[səkwe]		摇动；抖动〈v.〉
secourir	[səkuʁiʁ]		救助；援救〈v.〉
secours	[səkuʁ]		救助；救援；帮助〈n.m.〉
secousse	[səkus]		震动；摇晃〈n.f.〉
secret	[səkʁɛ]		秘密〈n.m.〉
secrètement	[səkʁɛtəmɑ̃]		秘密地〈adv.〉
secrétaire	[səkʁetɛʁ]		秘书〈n.〉
secte	[sɛkt]		教派；邪教〈n.f.〉
secteur	[sektœʁ]		部门；领域〈n.m.〉
section	[seksjɔ̃]		部分；部门〈n.f.〉
seigneur	[sɛɲœʁ]		领主；老爷；勋爵〈n.m.〉
sein	[sɛ̃]		胸；乳房；内部〈n.m.〉
seize	[sɛz]		十六〈adj.〉
sel	[sɛl]		盐；食盐〈n.m.〉
selle	[sɛl]		马鞍；车座〈n.f.〉
selon	[səlɔ̃]		根据；依照〈prép.〉
semaine	[səmɛn]		星期；周〈n.f.〉
semblable	[sɑ̃blabl]		相似的；类似的〈adj.〉
semblant	[sɑ̃blɑ̃]		假装；外表〈n.m.〉
sembler	[sɑ̃ble]		似乎；好像〈v.〉
semelle	[səmɛl]		鞋底〈n.f.〉
semence	[səmɑ̃s]		种子〈n.f.〉
semer	[səme]		播种；撒〈v.〉
semestre	[səmɛstʁ]		学期；半年〈n.m.〉
sens	[sɑ̃s]		意义；感觉；方向〈n.m.〉
sensation	[sɑ̃sasjɔ̃]		感觉；知觉〈n.f.〉
sensationnel	[sɑ̃sasjonɛl]		轰动的；极棒的〈adj.〉
sensibilité	[sɑ̃sibilite]		敏感；感受力〈n.f.〉
sensible	[sɑ̃sibl]		敏感的；易感的〈adj.〉
sensuel	[sɑ̃sɥɛl]		感官的；撩人的〈adj.〉
sensé	[sɑ̃se]		明智的；有道理的〈adj.〉
sentence	[sɑ̃tɑ̃s]		判决；裁决〈n.f.〉
sentier	[sɑ̃tje]		小径；小路〈n.m.〉
sentiment	[sɑ̃timɑ̃]		感情；情绪〈n.m.〉
sentimental	[sɑ̃timɑ̃tal]		感伤的；多情的〈adj.〉
sentinelle	[sɑ̃tinɛl]		哨兵；岗哨〈n.f.〉
sentir	[sɑ̃tiʁ]		感觉；闻；觉得〈v.〉
sept	[sɛt]		七〈adj.〉
septembre	[sɛptɑ̃bʁ]		九月〈n.m.〉
septième	[sɛtjɛm]		第七〈adj.〉
serbe	[sɛʁb]		塞尔维亚的；塞尔维亚语〈adj.〉
serein	[səʁɛ̃]		安详的；平静的〈adj.〉
sergent	[sɛʁʒɑ̃]		中士；军士〈n.m.〉
seringue	[səʁɛ̃g]		注射器；针筒〈n.f.〉
serment	[sɛʁmɑ̃]		誓言〈n.m.〉
sermon	[sɛʁmɔ̃]		布道；训诫〈n.m.〉
serpent	[sɛʁpɑ̃]		蛇（动物）〈n.m.〉
serre	[sɛʁ]		温室；爪〈n.f.〉
serrer	[seʁe]		握紧；夹紧；搂紧〈v.〉
serrure	[seʁyʁ]		锁；门锁〈n.f.〉
serrurier	[seʁyʁje]		锁匠〈n.m.〉
serré	[sɛʁe]		紧的；密集的〈adj.〉
serveur	[sɛʁvœʁ]		服务员；服务器〈n.m.〉
service	[sɛʁvis]		服务；服役；部门〈n.m.〉
serviette	[sɛʁvjɛt]		毛巾；餐巾；公文包〈n.f.〉
servir	[sɛʁviʁ]		服务；用于〈v.〉
serviteur	[sɛʁvitœʁ]		仆人〈n.m.〉
ses	[se]		他/她的（复数）〈adj.〉
session	[sesjɔ̃]		场次；会期〈n.f.〉
set	[sɛt]		（网球）局；盘〈n.m.〉
seuil	[sœj]		门槛；界限〈n.m.〉
seul	[sœl]		单独的；唯一的〈adj.〉
seulement	[sœləmɑ̃]		只；仅仅；才〈adv.〉
sexe	[sɛks]		性别；性〈n.m.〉
sexualité	[seksɥalite]		性；性行为〈n.f.〉
sexuel	[seksɥɛl]		性的；性方面的〈adj.〉
sexuellement	[seksɥɛləmɑ̃]		性方面地〈adv.〉
sexy	[seksi]		性感的〈adj.〉
shampooing	[ʃɑ̃pwɛ̃]		洗发水〈n.m.〉
sheriff	[ʃɛʁif]		治安官；警长〈n.m.〉
sherry	[ʃɛʁi]		雪利酒〈n.m.〉
shit	[ʃit]		大麻（俚语）〈n.m.〉
shooter	[ʃute]		射门；开枪（口语）〈v.〉
shopping	[ʃɔpiŋ]		购物〈n.m.〉
short	[ʃɔʁt]		短裤〈n.m.〉
shérif	[ʃeʁif]		治安官；警长〈n.m.〉
si	[si]		如果；是否；这么〈adv.〉
sida	[sida]		艾滋病〈n.m.〉
sien	[sjɛ̃]		他（她）的（物主代词）〈pron.〉
sieste	[sjɛst]		午睡〈n.f.〉
sifflement	[sifləmɑ̃]		哨声；嘶鸣〈n.m.〉
siffler	[sifle]		吹哨；吹口哨〈v.〉
sifflet	[siflɛ]		哨子〈n.m.〉
signal	[siɲal]		信号〈n.m.〉
signalement	[siɲaləmɑ̃]		体貌描述〈n.m.〉
signaler	[siɲale]		指出；报告〈v.〉
signature	[siɲatyʁ]		签名〈n.f.〉
signe	[siɲ]		记号；迹象〈n.m.〉
signer	[siɲe]		签字；签署〈v.〉
signification	[siɲifikasjɔ̃]		含义；意义〈n.f.〉
signifier	[siɲifje]		意味着；表示〈v.〉
silence	[silɑ̃s]		沉默；寂静〈n.m.〉
silencieux	[silɑ̃sjø]		安静的；沉默的〈adj.〉
silhouette	[silwɛt]		轮廓；身影〈n.f.〉
silicone	[silikɔn]		硅胶；硅酮〈n.f.〉
similaire	[similɛʁ]		类似的；相似的〈adj.〉
simple	[sɛ̃pl]		简单的；朴素的〈adj.〉
simplement	[sɛ̃pləmɑ̃]		简单地；只是〈adv.〉
simplicité	[sɛ̃plisite]		简单；朴素〈n.f.〉
simplifier	[sɛ̃plifje]		简化〈v.〉
simulation	[simylasjɔ̃]		模拟；假装〈n.f.〉
simuler	[simyle]		模拟；假装〈v.〉
sincère	[sɛ̃sɛʁ]		真诚的〈adj.〉
sincèrement	[sɛ̃sɛʁəmɑ̃]		真诚地；老实说〈adv.〉
sincérité	[sɛ̃seʁite]		真诚；诚挚〈n.f.〉
singe	[sɛ̃ʒ]		猴子〈n.m.〉
singulier	[sɛ̃gylje]		单数的；独特的〈adj.〉
sinistre	[sinistʁ]		阴森的；不祥的〈adj.〉
sinon	[sinɔ̃]		否则；不然〈conj.〉
sire	[siʁ]		陛下（旧时尊称）〈n.m.〉
sirop	[siʁo]		糖浆；果汁露〈n.m.〉
sirène	[siʁɛn]		警报器；汽笛；美人鱼〈n.f.〉
site	[sit]		地点；网站〈n.m.〉
situation	[sitɥasjɔ̃]		情况；处境〈n.f.〉
situer	[sitɥe]		使位于；确定位置〈v.〉
sitôt	[sito]		立即；一…就（书面）〈adv.〉
six	[sis]		六；六个〈adj.〉
sixième	[sizjɛm]		第六〈adj.〉
siècle	[sjɛkl]		世纪〈n.m.〉
siège	[sjɛʒ]		座位；总部〈n.m.〉
siéger	[sjeʒe]		（议会中）就座〈v.〉
skate	[skɛjt]		滑板〈n.m.〉
sketch	[skɛtʃ]		小品；滑稽短剧〈n.m.〉
ski	[ski]		滑雪；滑雪板〈n.m.〉
skier	[skje]		滑雪〈v.〉
slip	[slip]		三角裤；内裤〈n.m.〉
slogan	[slogɑ̃]		口号；标语〈n.m.〉
smoking	[smɔkiŋ]		男式晚礼服〈n.m.〉
sniffer	[snife]		嗅；吸食（毒品）〈v.〉
sniper	[snajpœʁ]		狙击手〈n.m.〉
sobre	[sɔbʁ]		节制的；朴素的；未醉的〈adj.〉
social	[sosjal]		社会的；社交的〈adj.〉
socialisme	[sosjalizm]		社会主义〈n.m.〉
socialiste	[sosjalist]		社会主义的；社会党的〈adj.〉
société	[sosjete]		社会；公司〈n.f.〉
soda	[soda]		汽水〈n.m.〉
soeur	[sœʁ]		姐妹；姐姐；妹妹〈n.f.〉
sofa	[sofa]		长沙发〈n.m.〉
soi	[swa]		自己〈pron.〉
soi-disant	[swadizɑ̃]		所谓的〈adj.〉
soi-même	[swamɛm]		自己；自身〈pron.〉
soie	[swa]		丝绸；丝〈n.f.〉
soif	[swaf]		口渴；渴望〈n.f.〉
soigner	[swaɲe]		照料；医治〈v.〉
soigneusement	[swaɲøzəmɑ̃]		仔细地；细心地〈adv.〉
soin	[swɛ̃]		照料；小心〈n.m.〉
soir	[swaʁ]		晚上；傍晚〈n.m.〉
soirée	[swaʁe]		晚上；晚会〈n.f.〉
soit	[swa]		即；也就是说〈conj.〉
soixante	[swasɑ̃t]		六十〈adj.〉
soja	[soʒa]		大豆；黄豆〈n.m.〉
sol	[sɔl]		地面；土地〈n.m.〉
solaire	[solɛʁ]		太阳的〈adj.〉
soldat	[sɔlda]		士兵；军人〈n.m.〉
solde	[sɔld]		余额；结余；打折季〈n.〉
soleil	[solɛj]		太阳；阳光〈n.m.〉
solennel	[solanɛl]		庄严的；隆重的〈adj.〉
solidaire	[solidɛʁ]		互助的；团结的〈adj.〉
solidarité	[solidaʁite]		团结；互助〈n.f.〉
solide	[solid]		坚固的；结实的〈adj.〉
solitaire	[solitɛʁ]		孤独的；单独的〈adj.〉
solitude	[solityd]		孤独〈n.f.〉
solliciter	[solisite]		请求；恳请〈v.〉
solo	[solo]		独奏；独唱〈n.m.〉
solution	[solysjɔ̃]		解决办法；溶液〈n.f.〉
sombre	[sɔ̃bʁ]		阴暗的；忧郁的〈adj.〉
sombrer	[sɔ̃bʁe]		沉没；陷入〈v.〉
somme	[sɔm]		总额；款项；小睡〈n.〉
sommeil	[somɛj]		睡眠〈n.m.〉
sommer	[some]		责令；强令〈v.〉
sommet	[somɛ]		顶峰；峰会〈n.m.〉
somnambule	[sɔmnɑ̃byl]		梦游者〈n.〉
somnifère	[sɔmnifɛʁ]		安眠药〈n.m.〉
somptueux	[sɔ̃ptɥø]		奢华的；豪华的〈adj.〉
son	[sɔ̃]		他/她的；它的〈adj.〉
sonate	[sonat]		奏鸣曲〈n.f.〉
sondage	[sɔ̃daʒ]		民意调查；探测〈n.m.〉
sonde	[sɔ̃d]		探针；探测器〈n.f.〉
sonder	[sɔ̃de]		探测；试探〈v.〉
songe	[sɔ̃ʒ]		梦；幻想（书面）〈n.m.〉
songer	[sɔ̃ʒe]		想；考虑〈v.〉
sonner	[sone]		响铃；鸣响〈v.〉
sonnerie	[sɔnəʁi]		铃声；鸣响〈n.f.〉
sonnette	[sonɛt]		门铃〈n.f.〉
sonore	[sonɔʁ]		响亮的；声音的〈adj.〉
sophistiqué	[sofistike]		精密复杂的；精致老练的〈adj.〉
soprano	[sopʁano]		女高音（歌手）〈n.〉
sorcellerie	[sɔʁsɛləʁi]		巫术；妖术〈n.f.〉
sorcier	[sɔʁsje]		男巫；巫师〈n.m.〉
sordide	[sɔʁdid]		肮脏的；悲惨的〈adj.〉
sort	[sɔʁ]		命运；咒语〈n.m.〉
sorte	[sɔʁt]		种类；类型〈n.f.〉
sortie	[sɔʁti]		出口；外出〈n.f.〉
sortilège	[sɔʁtilɛʒ]		魔法；魅力〈n.m.〉
sortir	[sɔʁtiʁ]		出去；拿出〈v.〉
sot	[so]		愚蠢的；傻的〈adj.〉
sottise	[sotiz]		蠢话；蠢事〈n.f.〉
sou	[su]		苏（旧币）；小钱〈n.m.〉
souche	[suʃ]		树桩；祖籍〈n.f.〉
souci	[susi]		担忧；烦恼〈n.m.〉
soucier	[susje]		使担忧〈v.〉
soucieux	[susjø]		担忧的；挂虑的〈adj.〉
soucoupe	[sukup]		茶托；飞碟〈n.f.〉
soudain	[sudɛ̃]		突然〈adv.〉
soudainement	[sudɛnəmɑ̃]		突然；骤然〈adv.〉
souder	[sude]		焊接〈v.〉
souffle	[sufl]		呼吸；气息〈n.m.〉
souffler	[sufle]		吹；喘气〈v.〉
souffrance	[sufʁɑ̃s]		痛苦〈n.f.〉
souffrant	[sufʁɑ̃]		患病的；不适的〈adj.〉
souffrir	[sufʁiʁ]		受苦；忍受〈v.〉
soufre	[sufʁ]		硫；硫磺〈n.m.〉
souhait	[swɛ]		愿望；祝愿〈n.m.〉
souhaiter	[swete]		祝愿；希望〈v.〉
souiller	[suje]		玷污；弄脏〈v.〉
soulagement	[sulaʒəmɑ̃]		宽慰；解脱〈n.m.〉
soulager	[sulaʒe]		减轻；宽慰〈v.〉
soulever	[suləve]		举起；掀起〈v.〉
souligner	[suliɲe]		强调；划线〈v.〉
soumettre	[sumɛtʁ]		使服从；提交〈v.〉
soupe	[sup]		汤；浓汤〈n.f.〉
souper	[supe]		吃晚饭〈v.〉
soupir	[supiʁ]		叹息〈n.m.〉
soupirer	[supiʁe]		叹气；渴望〈v.〉
souple	[supl]		柔软的；灵活的〈adj.〉
soupçon	[supsɔ̃]		怀疑；一点儿〈n.m.〉
soupçonner	[supsone]		怀疑；猜疑〈v.〉
source	[suʁs]		来源；泉；源头〈n.f.〉
sourcil	[suʁsi]		眉毛〈n.m.〉
sourd	[suʁ]		聋的；沉闷的〈adj.〉
souriant	[suʁjɑ̃]		面带微笑的〈adj.〉
sourire	[suʁiʁ]		微笑〈v.〉
souris	[suʁi]		老鼠；鼠标〈n.〉
sournois	[suʁnwa]		阴险的；暗中的〈adj.〉
sous	[su]		在……下面〈prép.〉
sous-estimer	[suzɛstime]		低估〈v.〉
sous-marin	[sumaʁɛ̃]		潜水艇〈n.m.〉
sous-sol	[susɔl]		地下室〈n.m.〉
sous-titrage	[sutitʁaʒ]		字幕；加字幕〈n.m.〉
sous-titre	[sutitʁ]		字幕〈n.m.〉
sous-titrer	[sutitʁe]		配字幕；加字幕〈v.〉
sous-vêtement	[suvɛtəmɑ̃]		内衣〈n.m.〉
soustraire	[sustʁɛʁ]		减去；使避开；盗取〈v.〉
soute	[sut]		（飞机、轮船的）货舱〈n.f.〉
soutenir	[sutəniʁ]		支持；支撑〈v.〉
souterrain	[sutɛʁɛ̃]		地下的〈adj.〉
soutien	[sutjɛ̃]		支持；支撑〈n.m.〉
soutien-gorge	[sutjɛ̃gɔʁʒ]		胸罩〈n.m.〉
soutirer	[sutiʁe]		抽取；骗取〈v.〉
souvenir	[suvəniʁ]		记得；回忆〈v.〉
souvent	[suvɑ̃]		经常；常常〈adv.〉
souverain	[suvəʁɛ̃]		君主；至高无上的〈n.m.〉
soviétique	[sovjetik]		苏联的；苏维埃的〈adj.〉
soûl	[su]		喝醉的〈adj.〉
soûler	[sule]		使喝醉；使厌烦〈v.〉
spaghetti	[spageti]		意大利面〈n.m.〉
spatial	[spasjal]		太空的；空间的〈adj.〉
spectacle	[spɛktakl]		演出；节目；景象〈n.m.〉
spectaculaire	[spɛktakylɛʁ]		壮观的；惊人的〈adj.〉
spectateur	[spɛktatœʁ]		观众〈n.m.〉
spectre	[spɛktʁ]		光谱；幽灵；范围〈n.m.〉
speed	[spid]		安非他明（俚语）〈n.m.〉
sperme	[spɛʁm]		精液〈n.m.〉
sphère	[sfɛʁ]		球体；领域〈n.f.〉
spirituel	[spiʁitɥɛl]		精神的；心灵的〈adj.〉
splendeur	[splɑ̃dœʁ]		光辉；壮丽〈n.f.〉
splendide	[splɑ̃did]		华丽的；极好的〈adj.〉
sponsor	[spɔ̃sɔʁ]		赞助商；赞助人〈n.m.〉
spontané	[spɔ̃tane]		自发的；率真的〈adj.〉
sport	[spɔʁ]		体育运动〈n.m.〉
sportif	[spɔʁtif]		体育的；运动员〈adj.〉
spot	[spɔt]		广告短片；地点（口语）〈n.m.〉
spray	[spʁɛj]		喷雾；喷剂〈n.m.〉
spécial	[spesjal]		特别的；专门的〈adj.〉
spécialement	[spesjaləmɑ̃]		特别；专门〈adv.〉
spécialiser	[spesjalize]		使专门化；专攻〈v.〉
spécialiste	[spesjalist]		专家〈n.〉
spécialité	[spesjalite]		专业；特产；拿手菜〈n.f.〉
spécifique	[spesifik]		特有的；具体的〈adj.〉
spécimen	[spesimɛn]		样本；标本〈n.m.〉
square	[skwaʁ]		小公园；街心花园〈n.m.〉
squelette	[skəlɛt]		骨骼；骨架〈n.m.〉
stabiliser	[stabilize]		使稳定〈v.〉
stable	[stabl]		稳定的；稳固的〈adj.〉
stade	[stad]		体育场；阶段〈n.m.〉
stage	[staʒ]		实习；培训班〈n.m.〉
stagiaire	[staʒjɛʁ]		实习生；学员〈n.〉
stand	[stɑ̃d]		摊位；展台〈n.m.〉
standard	[stɑ̃daʁ]		标准的；规格〈adj.〉
star	[staʁ]		明星〈n.f.〉
station	[stasjɔ̃]		车站；站点〈n.f.〉
station-service	[stasjɔ̃sɛʁvis]		加油站〈n.f.〉
statistique	[statistik]		统计；统计数据〈n.f.〉
statue	[staty]		雕像〈n.f.〉
statut	[staty]		地位；身份；章程〈n.m.〉
steak	[stɛk]		牛排〈n.m.〉
stimuler	[stimyle]		刺激；激励〈v.〉
stock	[stɔk]		库存；存货〈n.m.〉
stocker	[stoke]		储存；囤积〈v.〉
stop	[stɔp]		停止；停车标志〈n.m.〉
stopper	[stope]		停止；使停下〈v.〉
store	[stɔʁ]		遮阳帘；卷帘〈n.m.〉
stratégie	[stʁateʒi]		战略；策略〈n.f.〉
stratégique	[stʁateʒik]		战略的；关键的〈adj.〉
stress	[stʁɛs]		压力；紧张〈n.m.〉
stresser	[stʁɛse]		使紧张；施压〈v.〉
strict	[stʁikt]		严格的；确切的〈adj.〉
strictement	[stʁiktəmɑ̃]		严格地；绝对地〈adv.〉
string	[stʁiŋ]		丁字裤〈n.m.〉
strip-tease	[stʁiptiz]		脱衣舞〈n.m.〉
structure	[stʁyktyʁ]		结构；构造〈n.f.〉
studio	[stydjo]		工作室；单间公寓〈n.m.〉
stupide	[stypid]		愚蠢的〈adj.〉
stupidité	[stypidite]		愚蠢；蠢事〈n.f.〉
stupéfait	[stypefɛ]		惊愕的；惊呆的〈adj.〉
stupéfiant	[stypefjɑ̃]		令人震惊的；麻醉的〈adj.〉
style	[stil]		风格；款式〈n.m.〉
stylo	[stilo]		钢笔〈n.m.〉
stérile	[steʁil]		贫瘠的；不育的〈adj.〉
stéréo	[steʁeo]		立体声音响〈n.f.〉
subconscient	[sypkɔ̃sjɑ̃]		潜意识〈n.m.〉
subir	[sybiʁ]		遭受；承受〈v.〉
subit	[sybi]		突然的〈adj.〉
subitement	[sybitəmɑ̃]		突然地〈adv.〉
sublime	[syblim]		崇高的；壮丽的〈adj.〉
submerger	[sybmɛʁʒe]		淹没；使应接不暇〈v.〉
substance	[sypstɑ̃s]		物质；实质〈n.f.〉
substitut	[sypstity]		替代品；代用品〈n.m.〉
subtil	[syptil]		微妙的；细微的〈adj.〉
subvention	[sybvɑ̃sjɔ̃]		补贴；补助金〈n.f.〉
subversif	[sybvɛʁsif]		颠覆性的〈adj.〉
successeur	[syksesœʁ]		继任者；接替者〈n.m.〉
succession	[syksesjɔ̃]		连续；继承〈n.f.〉
succomber	[sykɔ̃be]		屈服；经受不住〈v.〉
succès	[syksɛ]		成功；成功之作〈n.m.〉
succéder	[syksede]		接替；相继〈v.〉
sucer	[syse]		吮吸〈v.〉
sucette	[sysɛt]		棒棒糖〈n.f.〉
sucre	[sykʁ]		食糖〈n.m.〉
sucré	[sykʁe]		甜的；加糖的〈adj.〉
sud	[syd]		南；南方〈n.m.〉
sud-est	[sydɛst]		东南；东南方〈n.m.〉
suer	[sɥe]		出汗；流汗〈v.〉
sueur	[sɥœʁ]		汗；汗水〈n.f.〉
suffire	[syfiʁ]		足够；足以〈v.〉
suffisamment	[syfizamɑ̃]		足够地〈adv.〉
suffisant	[syfizɑ̃]		足够的；自大的〈adj.〉
suffoquer	[syfoke]		窒息；喘不过气〈v.〉
suggestion	[sygʒɛstjɔ̃]		建议；暗示〈n.f.〉
suggérer	[sygʒeʁe]		建议；暗示〈v.〉
suicidaire	[sɥisidɛʁ]		想自杀的；自杀性的〈adj.〉
suicide	[sɥisid]		自杀〈n.m.〉
suicider	[sɥiside]		自杀〈v.〉
suisse	[sɥis]		瑞士的；瑞士人〈adj.〉
suite	[sɥit]		继续；接着；套房〈n.f.〉
suivant	[sɥivɑ̃]		接着的；下列的〈adj.〉
suivre	[sɥivʁ]		跟随；沿着〈v.〉
sujet	[syʒɛ]		话题；主题；主语〈n.m.〉
super	[sypɛʁ]		极好的；棒极了〈adj.〉
superbe	[sypɛʁb]		壮丽的；极好的〈adj.〉
superficiel	[sypɛʁfisjɛl]		肤浅的；表面的〈adj.〉
superflu	[sypɛʁfly]		多余的；过剩的〈adj.〉
supermarché	[sypɛʁmaʁʃe]		超市〈n.m.〉
superstitieux	[sypɛʁstisjø]		迷信的〈adj.〉
superstition	[sypɛʁstisjɔ̃]		迷信〈n.f.〉
superviser	[sypɛʁvize]		监督；监管〈v.〉
supplice	[syplis]		酷刑；折磨〈n.m.〉
supplier	[syplije]		哀求；恳求〈v.〉
supplément	[syplemɑ̃]		补充；增刊；附加费〈n.m.〉
supplémentaire	[syplemɑ̃tɛʁ]		额外的；补充的〈adj.〉
support	[sypɔʁ]		载体；支撑物〈n.m.〉
supporter	[sypoʁte]		忍受；支持〈v.〉
supposer	[sypoze]		假设；推测〈v.〉
supposition	[sypozisjɔ̃]		假设；推测〈n.f.〉
supposé	[sypoze]		所谓的；假定的〈adj.〉
supprimer	[sypʁime]		删除；取消〈v.〉
suprême	[sypʁɛm]		最高的；至上的〈adj.〉
supérieur	[sypeʁjœʁ]		上级的；更高的；优越的〈adj.〉
sur	[syʁ]		在……上面；关于〈prép.〉
sur-le-champ	[syʁləʃɑ̃]		立即；当场〈adv.〉
surcharger	[syʁʃaʁʒe]		使超载；使负担过重〈v.〉
surf	[sœʁf]		冲浪（运动）〈n.m.〉
surface	[syʁfas]		表面；面积〈n.f.〉
surfer	[sœʁfe]		冲浪；上网浏览〈v.〉
surgir	[syʁʒiʁ]		突然出现；涌现〈v.〉
surmonter	[syʁmɔ̃te]		克服；翻越〈v.〉
surnaturel	[syʁnatyʁɛl]		超自然的〈adj.〉
surnom	[syʁnɔ̃]		绰号；外号〈n.m.〉
surnommer	[syʁnome]		起绰号〈v.〉
surpasser	[syʁpase]		超过；胜过〈v.〉
surprenant	[syʁpʁənɑ̃]		惊人的；出人意料的〈adj.〉
surprendre	[syʁpʁɑ̃dʁ]		使吃惊；撞见〈v.〉
surpris	[syʁpʁi]		吃惊的；意外的〈adj.〉
surprise	[syʁpʁiz]		惊喜；意外〈n.f.〉
sursis	[syʁsi]		缓刑；宽限期〈n.m.〉
surtout	[syʁtu]		尤其是；特别〈adv.〉
surveillance	[syʁvɛjɑ̃s]		监视；监督〈n.f.〉
surveillant	[syʁvɛjɑ̃]		监视者；看守；监考人〈n.m.〉
surveiller	[syʁveje]		监视；照看〈v.〉
survenir	[syʁvəniʁ]		突然发生〈v.〉
survie	[syʁvi]		生存；幸存〈n.f.〉
survivant	[syʁvivɑ̃]		幸存者〈n.m.〉
survivre	[syʁvivʁ]		幸存；存活〈v.〉
survoler	[syʁvole]		飞越；略读〈v.〉
susceptible	[sysɛptibl]		可能……的；易怒的〈adj.〉
susciter	[sysite]		引起；激起〈v.〉
suspect	[syspɛ]		嫌疑人；可疑的〈n.m.〉
suspecter	[syspɛkte]		怀疑；猜想〈v.〉
suspendre	[syspɑ̃dʁ]		悬挂；暂停〈v.〉
suspendu	[syspɑ̃dy]		悬挂的；暂停的〈adj.〉
suspense	[syspɛns]		悬念〈n.〉
suspension	[syspɑ̃sjɔ̃]		暂停；悬挂〈n.f.〉
suture	[sytyʁ]		缝合；缝线〈n.f.〉
suédois	[sɥedwa]		瑞典语；瑞典人〈n.m.〉
symbole	[sɛ̃bɔl]		象征；符号〈n.m.〉
symbolique	[sɛ̃bolik]		象征的；象征性的〈adj.〉
symboliser	[sɛ̃bolize]		象征；代表〈v.〉
sympa	[sɛ̃pa]		和气的；讨人喜欢的（口语）〈adj.〉
sympathie	[sɛ̃pati]		好感；同情〈n.f.〉
sympathique	[sɛ̃patik]		友好的；讨人喜欢的〈adj.〉
symptôme	[sɛ̃ptom]		症状；征兆〈n.m.〉
synagogue	[sinagɔg]		犹太教堂〈n.f.〉
syndicat	[sɛ̃dika]		工会〈n.m.〉
syndrome	[sɛ̃dʁom]		综合征；症候群〈n.m.〉
synthétique	[sɛ̃tetik]		合成的；人造的〈adj.〉
système	[sistɛm]		系统；体系〈n.m.〉
sève	[sɛv]		树液；汁液〈n.f.〉
séance	[seɑ̃s]		场次；会议〈n.f.〉
sécher	[seʃe]		弄干；变干〈v.〉
sécheresse	[seʃəʁɛs]		干旱；枯燥〈n.f.〉
sécuriser	[sekyʁize]		保护；使安全〈v.〉
sécurité	[sekyʁite]		安全；治安〈n.f.〉
sédatif	[sedatif]		镇静剂〈n.m.〉
séducteur	[sedyktœʁ]		引诱者；情场高手〈n.m.〉
séduction	[sedyksjɔ̃]		魅力；诱惑〈n.f.〉
séduire	[sedɥiʁ]		引诱；使着迷〈v.〉
séduisant	[sedɥizɑ̃]		迷人的；有吸引力的〈adj.〉
séisme	[seizm]		地震〈n.m.〉
séjour	[seʒuʁ]		逗留；居留〈n.m.〉
séjourner	[seʒuʁne]		小住；逗留〈v.〉
sélection	[selɛksjɔ̃]		挑选；选拔〈n.f.〉
sélectionner	[selɛksjone]		挑选；选拔〈v.〉
séminaire	[seminɛʁ]		研讨班；神学院〈n.m.〉
sénateur	[senatœʁ]		参议员〈n.m.〉
sénile	[senil]		衰老的；老糊涂的〈adj.〉
séparation	[sepaʁasjɔ̃]		分离；分开；分居〈n.f.〉
séparer	[sepaʁe]		分开；隔开〈v.〉
séparé	[sepaʁe]		分开的；分居的〈adj.〉
séparément	[sepaʁemɑ̃]		分开地；各自地〈adv.〉
séquence	[sekɑ̃s]		片段；序列〈n.f.〉
série	[seʁi]		系列；连续剧〈n.f.〉
sérieusement	[seʁjøzəmɑ̃]		认真地；严肃地〈adv.〉
sérieux	[seʁjø]		严肃的；认真的〈adj.〉
sérum	[seʁɔm]		血清；精华液〈n.m.〉
sérénité	[seʁenite]		安详；平静〈n.f.〉
sévir	[seviʁ]		肆虐；严厉打击〈v.〉
sévère	[sevɛʁ]		严厉的；严重的〈adj.〉
sévèrement	[sevɛʁəmɑ̃]		严厉地〈adv.〉
sûr	[syʁ]		确信的；安全的〈adj.〉
sûrement	[syʁəmɑ̃]		肯定；一定〈adv.〉
sûreté	[syʁəte]		安全；稳妥〈n.f.〉
t-shirt	[tiʃœʁt]		T恤衫〈n.m.〉
ta	[ta]		你的（阴性）〈adj.〉
tabac	[taba]		烟草〈n.m.〉
tabasser	[tabase]		毒打（口语）〈v.〉
table	[tabl]		桌子；餐桌〈n.f.〉
tableau	[tablo]		黑板；画；表格〈n.m.〉
tablette	[tablɛt]		薄板；药片；平板电脑〈n.f.〉
tablier	[tablije]		围裙〈n.m.〉
tabouret	[tabuʁɛ]		凳子〈n.m.〉
tache	[taʃ]		污渍；斑点〈n.f.〉
tacher	[taʃe]		弄脏；沾污〈v.〉
tact	[takt]		机敏；分寸〈n.m.〉
tactique	[taktik]		战术；策略〈n.f.〉
taille	[taj]		尺寸；身材〈n.f.〉
tailler	[taje]		切削；裁剪〈v.〉
tailleur	[tajœʁ]		裁缝；女式套装〈n.m.〉
taire	[tɛʁ]		沉默；闭口不言〈v.〉
talent	[talɑ̃]		才能；天赋〈n.m.〉
talentueux	[talɑ̃tɥø]		有才华的〈adj.〉
talon	[talɔ̃]		脚跟；鞋跟〈n.m.〉
tambour	[tɑ̃buʁ]		鼓（乐器）〈n.m.〉
tampon	[tɑ̃pɔ̃]		图章；棉塞；缓冲垫〈n.m.〉
tandis que	[tɑ̃dikø]		当…时；然而〈conj.〉
tango	[tɑ̃go]		探戈舞；探戈曲〈n.m.〉
tank	[tɑ̃k]		坦克〈n.m.〉
tanner	[tane]		鞣（皮革）；纠缠使厌烦（口语）〈v.〉
tant	[tɑ̃]		那么多；如此〈adv.〉
tante	[tɑ̃t]		姑母；姨母；婶母〈n.f.〉
tantôt	[tɑ̃to]		不久前；时而……时而〈adv.〉
tape	[tap]		轻拍；巴掌〈n.f.〉
taper	[tape]		敲；打；打字〈v.〉
tapette	[tapɛt]		苍蝇拍；男同性恋（贬）〈n.f.〉
tapis	[tapi]		地毯〈n.m.〉
taquiner	[takine]		打趣；逗弄〈v.〉
tard	[taʁ]		晚；迟〈adv.〉
tarder	[taʁde]		迟迟；耽搁〈v.〉
tardif	[taʁdif]		晚的；迟到的〈adj.〉
tarer	[taʁa]		校准；扣除皮重〈v.〉
tarif	[taʁif]		价目；收费〈n.m.〉
tarte	[taʁt]		果馅饼；挞〈n.f.〉
tartine	[taʁtin]		抹了酱的面包片〈n.f.〉
taré	[taʁe]		（俚语）疯子；怪人〈n.m.〉
tas	[ta]		堆；一堆〈n.m.〉
tasse	[tas]		杯子〈n.f.〉
tasser	[tase]		压实；挤在一处〈v.〉
tata	[tata]		姨妈；阿姨（儿语）〈n.f.〉
tatouage	[tatwaʒ]		纹身〈n.m.〉
tatouer	[tatwe]		纹身〈v.〉
taudis	[todi]		贫民窟；破屋〈n.m.〉
taule	[tol]		牢房（俚语）〈n.f.〉
taupe	[top]		鼹鼠；内奸〈n.f.〉
taureau	[toʁo]		公牛〈n.m.〉
taux	[to]		比率；率〈n.m.〉
taverne	[tavɛʁn]		酒馆；小酒馆〈n.f.〉
taxe	[taks]		税；税费〈n.f.〉
taxer	[takse]		征税；指责为〈v.〉
taxi	[taksi]		出租车〈n.m.〉
tchao	[tʃao]		再见（口语）〈interj.〉
te	[tə]		你（宾格）〈pron.〉
team	[tim]		团队（借词）〈n.m.〉
technicien	[tɛknisjɛ̃]		技术员；技师〈n.m.〉
technique	[tɛknik]		技术的；技巧〈adj.〉
techniquement	[tɛknikəmɑ̃]		技术上；严格来说〈adv.〉
technologie	[tɛknoloʒi]		技术；工艺〈n.f.〉
tee-shirt	[tiʃœʁt]		T恤衫〈n.m.〉
teindre	[tɛ̃dʁ]		染色〈v.〉
teint	[tɛ̃]		肤色；面色〈n.m.〉
tel	[tɛl]		如此的；这样的〈adj.〉
tellement	[tɛləmɑ̃]		如此；这么；非常〈adv.〉
tempe	[tɑ̃p]		太阳穴〈n.f.〉
temple	[tɑ̃pl]		寺庙；神殿〈n.m.〉
temporaire	[tɑ̃poʁɛʁ]		临时的；暂时的〈adj.〉
temporairement	[tɑ̃poʁɛʁəmɑ̃]		暂时地〈adv.〉
temporel	[tɑ̃poʁɛl]		时间的；世俗的〈adj.〉
temps	[tɑ̃]		时间；天气；时代〈n.m.〉
tempérament	[tɑ̃peʁamɑ̃]		气质；性情；脾气〈n.m.〉
température	[tɑ̃peʁatyʁ]		温度；体温〈n.f.〉
tempête	[tɑ̃pɛt]		风暴；暴风雨〈n.f.〉
tendance	[tɑ̃dɑ̃s]		趋势；时尚〈n.f.〉
tendre	[tɑ̃dʁ]		伸出；递；绷紧〈v.〉
tendrement	[tɑ̃dʁəmɑ̃]		温柔地〈adv.〉
tendresse	[tɑ̃dʁɛs]		温柔；温情〈n.f.〉
tendu	[tɑ̃dy]		绷紧的；紧张的〈adj.〉
tenir	[təniʁ]		握住；拿住；坚持〈v.〉
tennis	[tenis]		网球运动〈n.m.〉
tension	[tɑ̃sjɔ̃]		紧张；电压；张力〈n.f.〉
tentant	[tɑ̃tɑ̃]		诱人的〈adj.〉
tentation	[tɑ̃tasjɔ̃]		诱惑〈n.f.〉
tentative	[tɑ̃tativ]		企图；尝试〈n.f.〉
tente	[tɑ̃t]		帐篷〈n.f.〉
tenter	[tɑ̃te]		试图；尝试〈v.〉
tenu	[təny]		保持的；整洁的〈adj.〉
tenue	[təny]		服装；制服〈n.f.〉
tequila	[tekila]		龙舌兰酒〈n.f.〉
terme	[tɛʁm]		期限；术语〈n.m.〉
terminal	[tɛʁminal]		终点站；航站楼〈n.m.〉
terminer	[tɛʁmine]		结束；完成〈v.〉
terminus	[tɛʁminys]		终点站〈n.m.〉
termite	[tɛʁmit]		白蚁〈n.m.〉
terrain	[tɛʁɛ̃]		场地；土地；地形〈n.m.〉
terrasse	[tɛʁas]		露台；露天座〈n.f.〉
terrasser	[tɛʁase]		打垮；压倒〈v.〉
terre	[tɛʁ]		土地；地球；地面〈n.f.〉
terrestre	[tɛʁɛstʁ]		陆地的；地球的〈adj.〉
terreur	[tɛʁœʁ]		恐怖〈n.f.〉
terrible	[tɛʁibl]		可怕的；糟糕的〈adj.〉
terriblement	[tɛʁibləmɑ̃]		可怕地；极其〈adv.〉
terrien	[tɛʁjɛ̃]		地球的；陆生的〈adj.〉
terrifiant	[tɛʁifjɑ̃]		可怕的；骇人的〈adj.〉
terrifier	[tɛʁifje]		使惊恐〈v.〉
territoire	[tɛʁitwaʁ]		领土；地区〈n.m.〉
terroriser	[tɛʁoʁize]		恐吓；使惊恐〈v.〉
terrorisme	[tɛʁoʁizm]		恐怖主义〈n.m.〉
terroriste	[tɛʁoʁist]		恐怖分子〈n.〉
tes	[te]		你的（复数）〈adj.〉
test	[tɛst]		测试；检验〈n.m.〉
testament	[tɛstamɑ̃]		遗嘱〈n.m.〉
tester	[tɛste]		测试；试验〈v.〉
testicule	[tɛstikyl]		睾丸〈n.m.〉
texte	[tɛkst]		文本；课文〈n.m.〉
thanksgiving	[tɑ̃ksgiviŋ]		感恩节〈n.m.〉
thermique	[tɛʁmik]		热的；热量的〈adj.〉
thon	[tɔ̃]		金枪鱼〈n.m.〉
thorax	[toʁaks]		胸廓〈n.m.〉
thune	[tyn]		钱（俚语）〈n.f.〉
thème	[tɛm]		主题；题目〈n.m.〉
thèse	[tɛz]		论文；论点〈n.f.〉
thé	[te]		茶〈n.m.〉
théorie	[teoʁi]		理论；学说〈n.f.〉
théoriquement	[teoʁikəmɑ̃]		理论上〈adv.〉
thérapeute	[teʁapøt]		治疗师〈n.〉
thérapie	[teʁapi]		治疗；疗法〈n.f.〉
théâtre	[teatʁ]		剧院；戏剧〈n.m.〉
tibia	[tibja]		胫骨〈n.m.〉
tic	[tik]		习惯动作；抽搐〈n.m.〉
ticket	[tikɛ]		票；券〈n.m.〉
tien	[tjɛ̃]		你的（东西）〈pron.〉
tiens	[tjɛ̃]		喏；你看（口语）〈interj.〉
tiers	[tjɛʁ]		三分之一；第三方〈n.m.〉
tige	[tiʒ]		茎；杆〈n.f.〉
tigre	[tigʁ]		虎〈n.m.〉
timbre	[tɛ̃bʁ]		邮票；音色〈n.m.〉
timide	[timid]		害羞的；腼腆的〈adj.〉
timing	[tajmiŋ]		时机把握〈n.m.〉
tir	[tiʁ]		射击；发射〈n.m.〉
tirage	[tiʁaʒ]		抽签；印数；冲印〈n.m.〉
tirer	[tiʁe]		拉；拖；射〈v.〉
tireur	[tiʁœʁ]		射手；开枪的人〈n.m.〉
tiroir	[tiʁwaʁ]		抽屉〈n.m.〉
tisane	[tizan]		草药茶；花草茶〈n.f.〉
tisser	[tise]		编织；织造〈v.〉
tissu	[tisy]		布料；织物〈n.m.〉
titi	[titi]		顽童；小家伙（口语）〈n.m.〉
titre	[titʁ]		标题；头衔〈n.m.〉
tiède	[tjɛd]		温热的；不冷不热的〈adj.〉
toast	[tost]		吐司；祝酒〈n.m.〉
toc	[tɔk]		疯疯癫癫的（口语）〈adj.〉
toi	[twa]		你（重读）〈pron.〉
toi-même	[twamɛm]		你自己；你本人〈pron.〉
toile	[twal]		画布；帆布；蛛网〈n.f.〉
toilette	[twalɛt]		梳洗；厕所（常用复数）〈n.f.〉
toit	[twa]		屋顶〈n.m.〉
tolérance	[toleʁɑ̃s]		宽容；容忍〈n.f.〉
tolérant	[toleʁɑ̃]		宽容的；容忍的〈adj.〉
tolérer	[toleʁe]		容忍；容许〈v.〉
tomate	[tomat]		番茄〈n.f.〉
tombe	[tɔ̃b]		坟墓〈n.f.〉
tombeau	[tɔ̃bo]		坟墓；陵墓〈n.m.〉
tomber	[tɔ̃be]		跌倒；落下〈v.〉
tombée	[tɔ̃be]		降临；落下之时〈n.f.〉
ton	[tɔ̃]		你的〈adj.〉
tondre	[tɔ̃dʁ]		剪（草、羊毛）〈v.〉
tonne	[tɔn]		公吨；吨〈n.f.〉
tonneau	[tono]		大桶；酒桶〈n.m.〉
tonnerre	[tonɛʁ]		雷；雷声〈n.m.〉
tonton	[tɔ̃tɔ̃]		叔叔（儿语）〈n.m.〉
top	[tɔp]		顶端；顶尖〈n.m.〉
topo	[topo]		概况；情况说明（口语）〈n.m.〉
torche	[tɔʁʃ]		抹布；擦布〈n.f.〉
torchon	[tɔʁʃɔ̃]		抹布；洗碗布〈n.m.〉
tordre	[tɔʁdʁ]		拧；扭〈v.〉
tordu	[tɔʁdy]		扭曲的；古怪的〈adj.〉
tornade	[tɔʁnad]		龙卷风〈n.f.〉
torpille	[tɔʁpij]		鱼雷〈n.f.〉
torrent	[toʁɑ̃]		激流；急流〈n.m.〉
torse	[tɔʁs]		躯干；上身〈n.m.〉
tort	[tɔʁ]		过错；不对；损害〈n.m.〉
tortue	[tɔʁty]		乌龟〈n.f.〉
torture	[tɔʁtyʁ]		拷打；折磨〈n.f.〉
torturer	[tɔʁtyʁe]		拷打；折磨〈v.〉
torturé	[tɔʁtyʁe]		受刑的；扭曲的〈adj.〉
total	[total]		全部的；总的〈adj.〉
totalement	[totaləmɑ̃]		完全地〈adv.〉
totalité	[totalite]		全部；整体〈n.f.〉
toubib	[tubib]		大夫（口语）〈n.m.〉
touchant	[tuʃɑ̃]		感人的〈adj.〉
touche	[tuʃ]		按键；琴键；笔触〈n.f.〉
toucher	[tuʃe]		触摸；碰；触及〈v.〉
touché	[tuʃe]		感动的；受触动的〈adj.〉
touffe	[tuf]		一簇；一丛〈n.f.〉
toujours	[tuʒuʁ]		总是；一直〈adv.〉
toupet	[tupɛ]		额发；一绺头发；厚脸皮〈n.m.〉
tour	[tuʁ]		塔；塔楼；轮流〈n.〉
tourbillon	[tuʁbijɔ̃]		漩涡；旋风〈n.m.〉
tourisme	[tuʁizm]		旅游业；观光〈n.m.〉
touriste	[tuʁist]		游客〈n.〉
touristique	[tuʁistik]		旅游的；观光的〈adj.〉
tourment	[tuʁmɑ̃]		痛苦；折磨〈n.m.〉
tourmenter	[tuʁmɑ̃te]		折磨；使烦恼〈v.〉
tourmenté	[tuʁmɑ̃te]		备受折磨的；坎坷的〈adj.〉
tournage	[tuʁnaʒ]		拍摄〈n.m.〉
tournant	[tuʁnɑ̃]		转折点；弯道〈n.m.〉
tourner	[tuʁne]		转动；转向；拍摄〈v.〉
tournevis	[tuʁnəvis]		螺丝刀〈n.m.〉
tournoi	[tuʁnwa]		锦标赛；联赛〈n.m.〉
tournure	[tuʁnyʁ]		表达方式；体态〈n.f.〉
tourné	[tuʁne]		转向…的；倾向…的〈adj.〉
tournée	[tuʁne]		巡回；一轮（请客）〈n.f.〉
tous	[tus]		大家；所有人〈pron.〉
tousser	[tuse]		咳嗽〈v.〉
tout	[tu]		全部；所有；整个〈adj.〉
tout-puissant	[tupɥisɑ̃]		全能的；权力至上的〈adj.〉
toutefois	[tutəfwa]		然而；不过〈adv.〉
toutou	[tutu]		狗狗（儿语）〈n.m.〉
toux	[tu]		咳嗽〈n.f.〉
toxine	[tɔksin]		毒素〈n.f.〉
toxique	[tɔksik]		有毒的〈adj.〉
trac	[tʁak]		怯场；发怵（口语）〈n.m.〉
tracasser	[tʁakase]		烦扰；使担忧〈v.〉
trace	[tʁas]		痕迹；踪迹〈n.f.〉
tracer	[tʁase]		划线；勾勒〈v.〉
tract	[tʁakt]		传单〈n.m.〉
tracteur	[tʁaktœʁ]		拖拉机〈n.m.〉
tradition	[tʁadisjɔ̃]		传统〈n.f.〉
traditionnel	[tʁadisjonɛl]		传统的〈adj.〉
traducteur	[tʁadyktœʁ]		译者；翻译者〈n.m.〉
traduction	[tʁadyksjɔ̃]		翻译；译文〈n.f.〉
traduire	[tʁadɥiʁ]		翻译〈v.〉
trafic	[tʁafik]		交通；非法交易〈n.m.〉
trafiquant	[tʁafikɑ̃]		贩子；走私者〈n.m.〉
trafiquer	[tʁafike]		非法买卖；篡改〈v.〉
tragique	[tʁaʒik]		悲剧性的；悲惨的〈adj.〉
tragédie	[tʁaʒedi]		悲剧〈n.f.〉
trahir	[tʁaiʁ]		背叛；泄露〈v.〉
trahison	[tʁaizɔ̃]		背叛〈n.f.〉
train	[tʁɛ̃]		火车〈n.m.〉
traire	[tʁɛʁ]		挤奶〈v.〉
trait	[tʁɛ]		线条；笔画；特征〈n.m.〉
traite	[tʁɛt]		挤奶；汇票；贩卖〈n.f.〉
traitement	[tʁɛtəmɑ̃]		处理；治疗；待遇〈n.m.〉
traiter	[tʁete]		对待；处理〈v.〉
traiteur	[tʁɛtœʁ]		酒席承办商；熟食商〈n.m.〉
traité	[tʁete]		条约〈n.m.〉
trajectoire	[tʁaʒɛktwaʁ]		轨迹；弹道〈n.f.〉
trajet	[tʁaʒɛ]		路程；行程〈n.m.〉
tram	[tʁam]		有轨电车〈n.m.〉
tramer	[tʁame]		密谋；酝酿〈v.〉
tranchant	[tʁɑ̃ʃɑ̃]		锋利的；斩钉截铁的〈adj.〉
tranche	[tʁɑ̃ʃ]		片；部分；年龄段〈n.f.〉
trancher	[tʁɑ̃ʃe]		切断；果断决定〈v.〉
tranchée	[tʁɑ̃ʃe]		战壕；沟渠〈n.f.〉
tranquille	[tʁɑ̃kil]		安静的；平静的〈adj.〉
tranquillement	[tʁɑ̃kiləmɑ̃]		平静地；安心地〈adv.〉
tranquillisant	[tʁɑ̃kilizɑ̃]		镇静剂〈n.m.〉
tranquillité	[tʁɑ̃kilite]		安宁；平静〈n.f.〉
transaction	[tʁɑ̃zaksjɔ̃]		交易；买卖〈n.f.〉
transcender	[tʁɑ̃sɑ̃de]		超越〈v.〉
transe	[tʁɑ̃s]		恍惚；出神〈n.f.〉
transfert	[tʁɑ̃sfɛʁ]		转移；转会〈n.m.〉
transformation	[tʁɑ̃sfɔʁmasjɔ̃]		转变；改造〈n.f.〉
transformer	[tʁɑ̃sfɔʁme]		使变形；改造〈v.〉
transfusion	[tʁɑ̃sfyzjɔ̃]		输血〈n.f.〉
transférer	[tʁɑ̃sfeʁe]		转移；转账〈v.〉
transition	[tʁɑ̃zisjɔ̃]		过渡；转变〈n.f.〉
transmettre	[tʁɑ̃smɛtʁ]		传递；传送；传染〈v.〉
transmission	[tʁɑ̃smisjɔ̃]		传送；传染；传动〈n.f.〉
transparent	[tʁɑ̃spaʁɑ̃]		透明的；显而易见的〈adj.〉
transpercer	[tʁɑ̃spɛʁse]		刺穿；穿透〈v.〉
transpirer	[tʁɑ̃spiʁe]		出汗〈v.〉
transplantation	[tʁɑ̃splɑ̃tasjɔ̃]		移植〈n.f.〉
transport	[tʁɑ̃spɔʁ]		运输；交通〈n.m.〉
transporter	[tʁɑ̃spɔʁte]		运输；运送；使感动〈v.〉
transporteur	[tʁɑ̃spɔʁtœʁ]		承运商；运输公司〈n.m.〉
trappe	[tʁap]		活板门；舱口〈n.f.〉
traquer	[tʁake]		追捕；围捕〈v.〉
trauma	[tʁoma]		创伤〈n.m.〉
traumatiser	[tʁomatize]		使受创伤〈v.〉
traumatisme	[tʁomatizm]		创伤；外伤〈n.m.〉
travail	[tʁavaj]		工作；劳动〈n.m.〉
travailler	[tʁavaje]		工作；劳动〈v.〉
travailleur	[tʁavajœʁ]		劳动者；工人〈n.m.〉
travers	[tʁavɛʁ]		横穿；穿过（短语中）〈n.m.〉
traverser	[tʁavɛʁse]		穿过；横穿〈v.〉
traversée	[tʁavɛʁse]		横渡；穿越〈n.f.〉
travesti	[tʁavɛsti]		男扮女装者〈n.m.〉
traîne	[tʁɛn]		裙裾；拖曳部分〈n.f.〉
traîneau	[tʁɛno]		雪橇〈n.m.〉
traîner	[tʁene]		拖；磨蹭；闲逛〈v.〉
traînée	[tʁene]		痕迹；尾迹〈n.f.〉
traître	[tʁɛtʁ]		叛徒〈n.m.〉
treize	[tʁɛz]		十三〈adj.〉
tremblant	[tʁɑ̃blɑ̃]		颤抖的；摇晃的〈adj.〉
tremblement	[tʁɑ̃bləmɑ̃]		颤抖；地震〈n.m.〉
trembler	[tʁɑ̃ble]		发抖；颤抖〈v.〉
trempe	[tʁɑ̃p]		淬火；秉性〈n.f.〉
tremper	[tʁɑ̃pe]		浸泡；浸湿〈v.〉
trempé	[tʁɑ̃pe]		湿透的〈adj.〉
trentaine	[tʁɑ̃tɛn]		三十来个；三十多岁〈n.f.〉
trente	[tʁɑ̃t]		三十〈adj.〉
triangle	[tʁijɑ̃gl]		三角形〈n.m.〉
tribord	[tʁibɔʁ]		右舷〈n.m.〉
tribu	[tʁiby]		部落；大家族〈n.f.〉
tribunal	[tʁibynal]		法庭；法院〈n.m.〉
tribune	[tʁibyn]		看台；讲坛〈n.f.〉
tricher	[tʁiʃe]		作弊；欺诈〈v.〉
tricheur	[tʁiʃœʁ]		作弊者；骗子〈n.m.〉
tricoter	[tʁikote]		编织；打毛线〈v.〉
trier	[tʁije]		分拣；挑选〈v.〉
trimballer	[tʁɛ̃bale]		拖着；拎来拎去〈v.〉
trimer	[tʁime]		苦干；辛苦劳作〈v.〉
trimestre	[tʁimɛstʁ]		学期；季度〈n.m.〉
trinquer	[tʁɛ̃ke]		碰杯〈v.〉
trio	[tʁijo]		三人组；三重奏〈n.m.〉
triomphe	[tʁijɔ̃f]		胜利；凯旋〈n.m.〉
triompher	[tʁijɔ̃fe]		获胜；凯旋〈v.〉
trip	[tʁip]		（口语）旅行；迷幻体验〈n.m.〉
tripe	[tʁip]		肠子；内脏〈n.f.〉
triple	[tʁipl]		三倍的；三重的〈adj.〉
tripoter	[tʁipote]		摆弄；乱摸〈v.〉
triste	[tʁist]		悲伤的；难过的〈adj.〉
tristesse	[tʁistɛs]		悲伤〈n.f.〉
trois	[tʁwa]		三；三个〈adj.〉
troisième	[tʁwazjɛm]		第三〈adj.〉
trombone	[tʁɔ̃bɔn]		回形针；长号〈n.m.〉
trompe	[tʁɔ̃p]		象鼻；号角〈n.f.〉
tromper	[tʁɔ̃pe]		欺骗；使上当〈v.〉
trompette	[tʁɔ̃pɛt]		小号；喇叭〈n.〉
trompeur	[tʁɔ̃pœʁ]		骗人的；误导的〈adj.〉
tronc	[tʁɔ̃]		树干；躯干〈n.m.〉
tronche	[tʁɔ̃ʃ]		脸（口语）〈n.f.〉
trop	[tʁo]		太；过于〈adv.〉
trophée	[tʁofe]		奖杯〈n.m.〉
tropical	[tʁopikal]		热带的〈adj.〉
trotter	[tʁote]		小跑；疾走〈v.〉
trottoir	[tʁotwaʁ]		人行道〈n.m.〉
trou	[tʁu]		洞；孔；破洞〈n.m.〉
troublant	[tʁublɑ̃]		令人不安的；撩人的〈adj.〉
trouble	[tʁubl]		混乱；骚动；失调〈n.m.〉
troubler	[tʁuble]		扰乱；使不安〈v.〉
troublé	[tʁuble]		心烦意乱的；混浊的〈adj.〉
trouduc	[tʁudyk]		混蛋；蠢货（粗俗）〈n.m.〉
trouer	[tʁue]		打穿；穿洞〈v.〉
trouillard	[tʁujaʁ]		胆小鬼（口语）〈n.m.〉
trouille	[tʁuj]		恐惧；害怕（口语）〈n.f.〉
troupe	[tʁup]		部队；队伍；剧团〈n.f.〉
troupeau	[tʁupo]		畜群；一群（人）〈n.m.〉
trousse	[tʁus]		铅笔盒；化妆包〈n.f.〉
trouver	[tʁuve]		找到；发现；觉得〈v.〉
truand	[tʁyɑ̃]		坏蛋；无赖〈n.m.〉
truc	[tʁyk]		东西；玩意儿（口语）〈n.m.〉
truffe	[tʁyf]		松露〈n.f.〉
truie	[tʁɥi]		母猪〈n.f.〉
truite	[tʁɥit]		鳟鱼〈n.f.〉
truquer	[tʁyke]		做手脚；暗中操纵〈v.〉
trèfle	[tʁɛfl]		三叶草；梅花（纸牌）〈n.m.〉
très	[tʁɛ]		很；非常〈adv.〉
trébucher	[tʁebyʃe]		绊倒〈v.〉
trésor	[tʁezɔʁ]		珍宝；宝物〈n.m.〉
trêve	[tʁɛv]		休战；停战〈n.f.〉
trône	[tʁon]		王座；王位〈n.m.〉
tsar	[tsaʁ]		沙皇〈n.m.〉
tu	[ty]		你（主格）〈pron.〉
tube	[tyb]		管子；软管〈n.m.〉
tuberculose	[tybɛʁkyloz]		肺结核〈n.f.〉
tuer	[tɥe]		杀；杀死〈v.〉
tuerie	[tyʁi]		屠杀〈n.f.〉
tueur	[tɥœʁ]		杀手；凶手〈n.m.〉
tueuse	[tɥøz]		女杀手〈n.f.〉
tuile	[tɥil]		瓦；意外的烦心事〈n.f.〉
tulipe	[tylip]		郁金香〈n.f.〉
tumeur	[tymœʁ]		肿瘤〈n.f.〉
tunnel	[tynɛl]		隧道〈n.m.〉
turc	[tyʁk]		土耳其的；土耳其人〈adj.〉
tuteur	[tytœʁ]		监护人；支撑杆〈n.m.〉
tutoyer	[tytwaje]		以「你」相称〈v.〉
tuyau	[tɥijo]		管子；内幕消息〈n.m.〉
type	[tip]		类型；家伙（口语）〈n.m.〉
typique	[tipik]		典型的；特有的〈adj.〉
tyran	[tiʁɑ̃]		暴君〈n.m.〉
tyrannie	[tiʁani]		暴政；专横〈n.f.〉
tâche	[taʃ]		任务；工作〈n.f.〉
tâcher	[taʃe]		设法；力求〈v.〉
tâter	[tate]		触摸；试探〈v.〉
télescope	[telɛskɔp]		望远镜〈n.m.〉
télé	[tele]		电视（口语）〈n.f.〉
télécharger	[teleʃaʁʒe]		下载〈v.〉
télécommande	[telekomɑ̃d]		遥控器〈n.f.〉
télégramme	[telegʁam]		电报〈n.m.〉
téléphone	[telefɔn]		电话；电话机〈n.m.〉
téléphoner	[telefone]		打电话〈v.〉
téléphonique	[telefonik]		电话的〈adj.〉
téléspectateur	[telespɛktatœʁ]		电视观众〈n.m.〉
téléviseur	[televizœʁ]		电视机〈n.m.〉
télévision	[televizjɔ̃]		电视〈n.f.〉
télévisé	[televize]		电视转播的〈adj.〉
témoignage	[temwaɲaʒ]		证词；见证〈n.m.〉
témoigner	[temwaɲe]		表明；作证〈v.〉
témoin	[temwɛ̃]		目击者；证人〈n.m.〉
téméraire	[temeʁɛʁ]		鲁莽的；大胆的〈adj.〉
ténèbres	[tenɛbʁ]		黑暗（文学用语）〈n.f.〉
téton	[tetɔ̃]		乳头〈n.m.〉
tête	[tɛt]		头；头部〈n.f.〉
têtu	[tety]		固执的；倔强的〈adj.〉
tôle	[tol]		铁皮；金属薄板〈n.f.〉
tôt	[to]		早；提早〈adv.〉
ulcère	[ylsɛʁ]		溃疡〈n.m.〉
ultime	[yltim]		最后的；终极的〈adj.〉
un	[œ̃]		一；一个〈art.〉
unanime	[ynanim]		一致的；无异议的〈adj.〉
unanimité	[ynanimite]		全体一致；一致通过〈n.f.〉
une	[yn]		一个（阴性）〈art.〉
uni	[yni]		纯色的；统一的〈adj.〉
uniforme	[ynifɔʁm]		制服〈n.m.〉
union	[ynjɔ̃]		联合；联盟；结合〈n.f.〉
unique	[ynik]		唯一的；独特的〈adj.〉
uniquement	[ynikəmɑ̃]		仅仅；只〈adv.〉
unir	[yniʁ]		联合；使结合〈v.〉
unité	[ynite]		单位；统一；团结〈n.f.〉
univers	[ynivɛʁ]		宇宙；世界〈n.m.〉
universel	[ynivɛʁsɛl]		普遍的；全世界的〈adj.〉
universitaire	[ynivɛʁsitɛʁ]		大学的；高校的〈adj.〉
université	[ynivɛʁsite]		大学〈n.f.〉
urbain	[yʁbɛ̃]		城市的〈adj.〉
urgence	[yʁʒɑ̃s]		紧急；急诊〈n.f.〉
urgent	[yʁʒɑ̃]		紧急的〈adj.〉
urine	[yʁin]		尿；尿液〈n.f.〉
urne	[yʁn]		投票箱；骨灰瓮〈n.f.〉
usage	[yzaʒ]		使用；用法；惯例〈n.m.〉
user	[yze]		消耗；磨损〈v.〉
usine	[yzin]		工厂〈n.f.〉
usurier	[yzyʁje]		放高利贷者〈n.m.〉
usé	[yze]		破旧的；磨损的〈adj.〉
utile	[ytil]		有用的〈adj.〉
utilisation	[ytilizasjɔ̃]		使用；利用〈n.f.〉
utiliser	[ytilize]		使用；利用〈v.〉
utilité	[ytilite]		用处；效用〈n.f.〉
utérus	[yteʁys]		子宫〈n.m.〉
vacance	[vakɑ̃s]		空缺；假期（常用复数）〈n.f.〉
vacarme	[vakaʁm]		喧闹声；嘈杂〈n.m.〉
vaccin	[vaksɛ̃]		疫苗〈n.m.〉
vache	[vaʃ]		母牛；奶牛〈n.f.〉
vachement	[vaʃəmɑ̃]		非常；特别（口语）〈adv.〉
vagabond	[vagabɔ̃]		流浪者；流浪的〈n.m.〉
vagabonder	[vagabɔ̃de]		流浪；闲逛〈v.〉
vagin	[vaʒɛ̃]		阴道〈n.m.〉
vague	[vag]		波浪；海浪〈n.〉
vaguement	[vagəmɑ̃]		模糊地；隐约地〈adv.〉
vaillant	[vajɑ̃]		英勇的；健壮的〈adj.〉
vain	[vɛ̃]		徒劳的；白费的〈adj.〉
vaincre	[vɛ̃kʁ]		战胜；克服〈v.〉
vaincu	[vɛ̃ky]		战败的；败者〈adj.〉
vainqueur	[vɛ̃kœʁ]		胜利者；获胜者〈n.m.〉
vaisseau	[vɛso]		船；舰；飞船〈n.m.〉
vaisselle	[vɛsɛl]		餐具；洗碗〈n.f.〉
valable	[valabl]		有效的；有根据的〈adj.〉
valet	[valɛ]		男仆；（纸牌）杰克〈n.m.〉
valeur	[valœʁ]		价值〈n.f.〉
valide	[valid]		有效的〈adj.〉
valise	[valiz]		手提箱；行李箱〈n.f.〉
vallée	[vale]		山谷〈n.f.〉
valoir	[valwaʁ]		值；值得〈v.〉
valse	[vals]		华尔兹〈n.f.〉
valve	[valv]		阀门；瓣膜〈n.f.〉
vampire	[vɑ̃piʁ]		吸血鬼〈n.m.〉
van	[van]		厢式货车；露营车〈n.m.〉
vanille	[vanij]		香草〈n.f.〉
vaniteux	[vanitø]		自负的；虚荣的〈adj.〉
vanité	[vanite]		虚荣；自负〈n.f.〉
vanne	[van]		阀门；玩笑（口语）〈n.f.〉
vanter	[vɑ̃te]		夸耀；吹嘘〈v.〉
vapeur	[vapœʁ]		蒸汽〈n.〉
varier	[vaʁje]		变化；使多样化〈v.〉
variole	[vaʁjɔl]		天花〈n.f.〉
variété	[vaʁjete]		品种；多样性〈n.f.〉
vase	[vaz]		花瓶〈n.〉
vassal	[vasal]		附庸；属下〈n.m.〉
vaste	[vast]		广阔的；宽敞的〈adj.〉
vaudou	[vodu]		伏都教〈n.m.〉
vaurien	[voʁjɛ̃]		无赖；废物（口语）〈n.m.〉
vautour	[votuʁ]		秃鹫〈n.m.〉
vautrer	[votʁe]		（自己）打滚；沉溺〈v.〉
veau	[vo]		小牛；小牛肉〈n.m.〉
vedette	[vədɛt]		明星；主演〈n.f.〉
veille	[vɛj]		前夜；前一天〈n.f.〉
veiller	[veje]		熬夜；守候〈v.〉
veinard	[vɛnaʁ]		幸运儿（口语）〈n.m.〉
veine	[vɛn]		静脉；运气〈n.f.〉
velours	[vəluʁ]		天鹅绒；绒面〈n.m.〉
vendeur	[vɑ̃dœʁ]		售货员〈n.m.〉
vendre	[vɑ̃dʁ]		卖；出售〈v.〉
vendredi	[vɑ̃dʁədi]		星期五〈n.m.〉
vendu	[vɑ̃dy]		叛徒（口语）；被出卖的〈n.m.〉
vengeance	[vɑ̃ʒɑ̃s]		报仇；复仇〈n.f.〉
venger	[vɑ̃ʒe]		报仇；为…报仇〈v.〉
venimeux	[vənimø]		有毒的〈adj.〉
venin	[vənɛ̃]		毒液〈n.m.〉
venir	[vəniʁ]		来；来到〈v.〉
vent	[vɑ̃]		风；气流〈n.m.〉
vente	[vɑ̃t]		销售；出售〈n.f.〉
ventilateur	[vɑ̃tilatœʁ]		风扇；电扇〈n.m.〉
ventilation	[vɑ̃tilasjɔ̃]		通风〈n.f.〉
ventre	[vɑ̃tʁ]		肚子；腹部〈n.m.〉
venue	[vəny]		到来；来临〈n.f.〉
ver	[vɛʁ]		虫；蠕虫〈n.m.〉
verbal	[vɛʁbal]		口头的；动词的〈adj.〉
verdict	[vɛʁdikt]		判决；定论〈n.m.〉
verger	[vɛʁʒe]		果园〈n.m.〉
vermine	[vɛʁmin]		害虫；败类〈n.f.〉
vernis	[vɛʁni]		清漆；指甲油〈n.m.〉
vernissage	[vɛʁnisaʒ]		上漆；画展开幕日〈n.m.〉
verre	[vɛʁ]		玻璃杯；一杯；玻璃〈n.m.〉
verrou	[veʁu]		门闩；插销〈n.m.〉
verrouiller	[veʁuje]		锁上；锁定〈v.〉
vers	[vɛʁ]		朝；向；大约〈prép.〉
versement	[vɛʁsəmɑ̃]		缴款；支付〈n.m.〉
verser	[vɛʁse]		倒入；缴纳〈v.〉
version	[vɛʁsjɔ̃]		版本；译本〈n.f.〉
vert	[vɛʁ]		绿色的〈adj.〉
vertige	[vɛʁtiʒ]		眩晕；头晕〈n.m.〉
vertu	[vɛʁty]		美德；功效〈n.f.〉
vertueux	[vɛʁtɥø]		有德行的；正直的〈adj.〉
vertébral	[vɛʁtebʁal]		脊柱的；椎骨的〈adj.〉
vessie	[vesi]		膀胱〈n.f.〉
veste	[vɛst]		上衣；外套〈n.f.〉
vestiaire	[vɛstjɛʁ]		衣帽间；更衣室〈n.m.〉
veuf	[vœf]		鳏夫〈n.m.〉
vexer	[vɛkse]		得罪；使恼火〈v.〉
via	[vja]		经由；通过〈prép.〉
viande	[vjɑ̃d]		肉〈n.f.〉
vibration	[vibʁasjɔ̃]		振动；震动〈n.f.〉
vibrer	[vibʁe]		振动；颤动〈v.〉
vice	[vis]		恶习；缺点〈n.m.〉
vice-président	[vispʁezidɑ̃]		副总统；副主席〈n.m.〉
vicieux	[visjø]		邪恶的；刁钻的；扭曲的〈adj.〉
victime	[viktim]		受害者；牺牲品〈n.f.〉
victoire	[viktwaʁ]		胜利〈n.f.〉
victorieux	[viktoʁjø]		胜利的；获胜的〈adj.〉
vide	[vid]		空的〈adj.〉
vider	[vide]		倒空；清空〈v.〉
vidéo	[video]		视频；录像〈adj.〉
vie	[vi]		生命；生活〈n.f.〉
vieillard	[vjɛjaʁ]		老人；老者〈n.m.〉
vieillesse	[vjɛjɛs]		老年；晚年〈n.f.〉
vieillir	[vjejiʁ]		变老；老化〈v.〉
vierge	[vjɛʁʒ]		处女的；未开发的〈adj.〉
vieux	[vjø]		旧的；年老的〈adj.〉
vif	[vif]		活泼的；鲜艳的；敏锐的〈adj.〉
vigilant	[viʒilɑ̃]		警惕的；警觉的〈adj.〉
vigile	[viʒil]		保安；警卫〈n.〉
vigne	[viɲ]		葡萄藤；葡萄园〈n.f.〉
vigoureux	[viguʁø]		强健的；有力的〈adj.〉
vigueur	[vigœʁ]		活力；（法律）效力〈n.f.〉
vil	[vil]		卑鄙的；恶劣的〈adj.〉
vilain	[vilɛ̃]		丑的；淘气的；坏的〈adj.〉
villa	[villa]		别墅〈n.f.〉
village	[vilaʒ]		村庄；村镇〈n.m.〉
villageois	[vilaʒwa]		村民〈n.m.〉
ville	[vil]		城市〈n.f.〉
vin	[vɛ̃]		葡萄酒；酒〈n.m.〉
vinaigre	[vinɛgʁ]		醋〈n.m.〉
vingt	[vɛ̃]		二十〈adj.〉
vingt-cinq	[vɛ̃tsɛ̃k]		二十五〈adj.〉
vingtaine	[vɛ̃tɛn]		二十来个〈n.f.〉
viol	[vjɔl]		强奸〈n.m.〉
violation	[vjolasjɔ̃]		违反；侵犯〈n.f.〉
violemment	[vjolamɑ̃]		猛烈地；激烈地〈adv.〉
violence	[vjolɑ̃s]		暴力〈n.f.〉
violent	[vjolɑ̃]		暴力的；猛烈的〈adj.〉
violer	[vjole]		强奸；违反〈v.〉
violet	[vjolɛ]		紫色的〈adj.〉
violeur	[vjolœʁ]		强奸犯〈n.m.〉
violon	[vjolɔ̃]		小提琴〈n.m.〉
violoncelle	[vjolɔ̃sɛl]		大提琴〈n.m.〉
violoniste	[vjolonist]		小提琴手〈n.〉
vipère	[vipɛʁ]		蝰蛇；毒蛇〈n.f.〉
virage	[viʁaʒ]		转弯；弯道；转变〈n.m.〉
virer	[viʁe]		转弯；解雇；转账〈v.〉
virginité	[viʁʒinite]		处女性；贞洁〈n.f.〉
virgule	[viʁgyl]		逗号〈n.f.〉
viril	[viʁil]		有男子气概的〈adj.〉
virilité	[viʁilite]		男子气概〈n.f.〉
virtuel	[viʁtɥɛl]		虚拟的；实际上的〈adj.〉
virus	[viʁys]		病毒〈n.m.〉
virée	[viʁe]		兜风；出游〈n.f.〉
vis	[vis]		螺丝钉〈n.f.〉
visa	[viza]		签证〈n.m.〉
visage	[vizaʒ]		脸；面孔〈n.m.〉
viser	[vize]		瞄准；以…为目标〈v.〉
visible	[vizibl]		看得见的；明显的〈adj.〉
visiblement	[vizibləmɑ̃]		显然；看得出〈adv.〉
vision	[vizjɔ̃]		视力；视野；观念〈n.f.〉
visite	[vizit]		拜访；参观〈n.f.〉
visiter	[vizite]		参观；游览〈v.〉
visiteur	[vizitœʁ]		访客；参观者〈n.m.〉
visser	[vise]		拧紧；用螺丝固定〈v.〉
visuel	[vizɥɛl]		视觉的〈adj.〉
vital	[vital]		至关重要的〈adj.〉
vitamine	[vitamin]		维生素〈n.f.〉
vite	[vit]		快；迅速〈adv.〉
vitesse	[vitɛs]		速度〈n.f.〉
vitre	[vitʁ]		窗玻璃；玻璃〈n.f.〉
vitrine	[vitʁin]		橱窗；陈列柜〈n.f.〉
vivant	[vivɑ̃]		活着的〈adj.〉
vive	[viv]		万岁（欢呼用语）〈interj.〉
vivement	[vivəmɑ̃]		迫切地；强烈地〈adv.〉
vivre	[vivʁ]		活着；生活〈v.〉
vocabulaire	[vokabylɛʁ]		词汇；词汇量〈n.m.〉
vocal	[vokal]		嗓音的；发声的〈adj.〉
vocation	[vokasjɔ̃]		天职；使命；志向〈n.f.〉
vodka	[vɔdka]		伏特加〈n.f.〉
voeu	[vø]		愿望；誓愿〈n.m.〉
vogue	[vɔg]		流行；风尚〈n.f.〉
voguer	[voge]		航行；盛行〈v.〉
voici	[vwasi]		这是；这儿是〈prép.〉
voie	[vwa]		道路；途径；车道〈n.f.〉
voile	[vwal]		面纱；帆〈n.〉
voiler	[vwale]		遮盖；蒙纱〈v.〉
voilà	[vwala]		瞧；就是；在那里〈prép.〉
voir	[vwaʁ]		看见；明白〈v.〉
voire	[vwaʁ]		甚至；乃至〈adv.〉
voisin	[vwazɛ̃]		邻居；邻近的〈n.m.〉
voisinage	[vwazinaʒ]		邻里；街区〈n.m.〉
voiture	[vwatyʁ]		汽车；车〈n.〉
voix	[vwa]		声音；嗓音〈n.f.〉
vol	[vɔl]		航班；飞行；盗窃〈n.m.〉
volaille	[volaj]		家禽；禽肉〈n.f.〉
volant	[volɑ̃]		方向盘；羽毛球〈n.m.〉
volcan	[vɔlkɑ̃]		火山〈n.m.〉
voler	[vole]		飞；飞行；偷〈v.〉
volet	[volɛ]		百叶窗；（事务的）方面〈n.m.〉
voleur	[volœʁ]		小偷〈n.m.〉
volontaire	[volɔ̃tɛʁ]		自愿的；志愿者〈adj.〉
volontairement	[volɔ̃tɛʁəmɑ̃]		故意地；自愿地〈adv.〉
volontiers	[volɔ̃tje]		乐意地；自愿地〈adv.〉
volonté	[volɔ̃te]		意志；意愿〈n.f.〉
volume	[volym]		体积；音量；卷〈n.m.〉
volupté	[volypte]		快感；肉欲〈n.f.〉
volé	[vole]		被偷的〈adj.〉
vomi	[vomi]		呕吐物（口语）〈n.m.〉
vomir	[vomiʁ]		呕吐〈v.〉
vortex	[vɔʁtɛks]		涡旋；漩涡〈n.m.〉
vos	[vo]		你们的（复数）〈adj.〉
vote	[vɔt]		投票；表决〈n.m.〉
voter	[vote]		投票；表决〈v.〉
votre	[vɔtʁ]		您的；你们的〈adj.〉
vouer	[vwe]		奉献；使注定〈v.〉
vouloir	[vulwaʁ]		想要；愿〈v.〉
voulu	[vuly]		刻意的；有意的〈adj.〉
vous	[vu]		您；你们〈pron.〉
vous-même	[vumɛm]		您自己；你们自己〈pron.〉
vous-mêmes	[vumɛm]		你们自己〈pron.〉
voyage	[vwajaʒ]		旅行；旅程〈n.m.〉
voyager	[vwajaʒe]		旅行〈v.〉
voyageur	[vwajaʒœʁ]		旅客；旅行者〈n.m.〉
voyant	[vwajɑ̃]		占卜师；指示灯〈n.m.〉
voyeur	[vwajœʁ]		偷窥狂〈n.m.〉
voyou	[vwaju]		流氓；无赖〈n.m.〉
voûte	[vut]		拱顶；穹苍〈n.f.〉
vrai	[vʁɛ]		真的；真实的〈adj.〉
vraiment	[vʁɛmɑ̃]		真的；确实〈adv.〉
vu	[vy]		鉴于；已看过的〈adj.〉
vue	[vy]		视力；景色；看法〈n.f.〉
vulgaire	[vylgɛʁ]		粗俗的；庸俗的〈adj.〉
vulnérable	[vylneʁabl]		脆弱的；易受伤害的〈adj.〉
végétarien	[veʒetaʁjɛ̃]		素食的；素食者〈adj.〉
véhicule	[veikyl]		车辆；交通工具〈n.m.〉
vélo	[velo]		自行车〈n.m.〉
vénérable	[veneʁabl]		可敬的；庄严的〈adj.〉
vénérer	[veneʁe]		崇敬；敬奉〈v.〉
vérification	[veʁifikasjɔ̃]		核实；检查〈n.f.〉
vérifier	[veʁifje]		核实；检查〈v.〉
véritable	[veʁitabl]		真正的；名副其实的〈adj.〉
vérité	[veʁite]		真相；真理〈n.f.〉
vétéran	[veteʁɑ̃]		老兵；老手〈n.m.〉
vétérinaire	[veteʁinɛʁ]		兽医〈n.〉
vêtement	[vɛtəmɑ̃]		衣服；服装〈n.m.〉
vêtir	[vetiʁ]		给…穿衣〈v.〉
vôtre	[votʁ]		你的东西；您的东西〈pron.〉
wagon	[vagɔ̃]		车厢〈n.m.〉
web	[wɛb]		网络；万维网〈n.m.〉
week-end	[wikɛnd]		周末〈n.m.〉
western	[wɛstɛʁn]		西部片〈n.m.〉
whisky	[wiski]		威士忌〈n.m.〉
y	[i]		那里（代词）〈pron.〉
yacht	[jɔt]		游艇〈n.m.〉
yankee	[jɑ̃ki]		美国佬〈n.〉
yaourt	[jauʁt]		酸奶〈n.m.〉
yen	[jɛn]		日元〈n.m.〉
yin	[jin]		阴（道家学说两仪之一）〈n.m.〉
yoga	[joga]		瑜伽〈n.m.〉
yuan	[jyan]		元（中国货币）〈n.m.〉
zapper	[zape]		换台；跳过〈v.〉
zen	[zɛn]		禅的；平和放松的〈adj.〉
zizi	[zizi]		小鸡鸡（儿语）〈n.m.〉
zombie	[zɔ̃bi]		僵尸〈n.m.〉
zone	[zon]		区域；地带〈n.f.〉
zoo	[zoo]		动物园〈n.m.〉
zoom	[zum]		变焦；放大〈n.m.〉
zut	[zyt]		哎呀；见鬼〈interj.〉
zèbre	[zɛbʁ]		斑马〈n.m.〉
zèle	[zɛl]		热忱；热心〈n.m.〉
zéro	[zeʁo]		零；零分〈n.m.〉
à	[a]		到；向；在〈prép.〉
à l'encontre	[alɑ̃kɔ̃tʁ]		反对；违背〈prép.〉
à l'improviste	[alɛ̃pʁovist]		突然地；出其不意地〈adv.〉
âge	[aʒ]		年龄；年纪〈n.m.〉
âgé	[aʒe]		年老的；上了年纪的〈adj.〉
âme	[am]		灵魂；心灵〈n.f.〉
âne	[an]		驴〈n.m.〉
ça	[sa]		这个；那个〈pron.〉
ère	[ɛʁ]		时代；纪元〈n.f.〉
éblouir	[ebluiʁ]		使目眩；使耀眼〈v.〉
ébranler	[ebʁɑ̃le]		震动；动摇〈v.〉
écart	[ekaʁ]		差距；间隔〈n.m.〉
écarter	[ekaʁte]		分开；排除〈v.〉
écarté	[ekaʁte]		被搁置的；岔开的〈adj.〉
échange	[eʃɑ̃ʒ]		交换；交流〈n.m.〉
échanger	[eʃɑ̃ʒe]		交换；交流〈v.〉
échantillon	[eʃɑ̃tijɔ̃]		样品；样本〈n.m.〉
échapper	[eʃape]		逃脱；逃离〈v.〉
écharpe	[eʃaʁp]		围巾；披肩〈n.f.〉
échauffer	[eʃofe]		加热；使激动〈v.〉
échec	[eʃɛk]		失败；挫折〈n.m.〉
échelle	[eʃɛl]		梯子；等级；比例尺〈n.f.〉
écho	[eko]		回声；反响；传闻〈n.m.〉
échouer	[eʃwe]		失败；搁浅〈v.〉
échéance	[eʃeɑ̃s]		期限；到期日〈n.f.〉
éclair	[eklɛʁ]		闪电；电光〈n.m.〉
éclairage	[eklɛʁaʒ]		照明；灯光〈n.m.〉
éclaircir	[eklɛʁsiʁ]		澄清；使明亮〈v.〉
éclairer	[ekleʁe]		照亮；启发〈v.〉
éclaireur	[eklɛʁœʁ]		侦察兵；先行者〈n.m.〉
éclairé	[ekleʁe]		明亮的；开明的〈adj.〉
éclat	[ekla]		光辉；碎片〈n.m.〉
éclatant	[eklatɑ̃]		耀眼的；辉煌的〈adj.〉
éclater	[eklate]		爆裂；爆发〈v.〉
éclipser	[eklipse]		使黯然失色；遮蔽〈v.〉
école	[ekɔl]		学校〈n.f.〉
écolier	[ekolje]		小学生〈n.m.〉
économie	[ekonomi]		经济；节省〈n.f.〉
économique	[ekonomik]		经济的〈adj.〉
économiser	[ekonomize]		节省；储蓄〈v.〉
écorcher	[ekɔʁʃe]		剥皮；擦伤〈v.〉
écossais	[ekosɛ]		苏格兰的；苏格兰人〈adj.〉
écouler	[ekule]		流出；流逝；售出〈v.〉
écoute	[ekut]		倾听；监听〈n.f.〉
écouter	[ekute]		听；倾听〈v.〉
écran	[ekʁɑ̃]		屏幕；银幕〈n.m.〉
écraser	[ekʁaze]		压碎；碾过；压扁〈v.〉
écrire	[ekʁiʁ]		写；写作〈v.〉
écrit	[ekʁi]		书面文字；作品〈n.m.〉
écriteau	[ekʁito]		告示牌；小木牌〈n.m.〉
écriture	[ekʁityʁ]		书写；笔迹；写作〈n.f.〉
écrivain	[ekʁivɛ̃]		作家〈n.m.〉
écrouler	[ekʁule]		倒塌；崩溃〈v.〉
écume	[ekym]		泡沫；浪花〈n.f.〉
écureuil	[ekyʁœj]		松鼠〈n.m.〉
écurie	[ekyʁi]		马厩；车队〈n.f.〉
édifice	[edifis]		大楼；宏伟建筑〈n.m.〉
éditeur	[editœʁ]		出版商；编辑器〈n.m.〉
édition	[edisjɔ̃]		出版；版本〈n.f.〉
éducation	[edykasjɔ̃]		教育；教养〈n.f.〉
éduquer	[edyke]		教育；教养〈v.〉
égal	[egal]		相等的；平等的〈adj.〉
également	[egaləmɑ̃]		同样地；也〈adv.〉
égaler	[egale]		与…相等；比得上〈v.〉
égalité	[egalite]		平等；相等〈n.f.〉
égard	[egaʁ]		方面；尊重（用于短语）〈n.m.〉
égarer	[egaʁe]		使迷路；遗失〈v.〉
égaré	[egaʁe]		迷路的；不知所措的〈adj.〉
église	[egliz]		教堂〈n.f.〉
égorger	[egɔʁʒe]		割喉；屠宰〈v.〉
égout	[egu]		下水道；阴沟〈n.m.〉
égoïste	[egoist]		自私的〈adj.〉
égratignure	[egʁatiɲyʁ]		划伤；擦伤〈n.f.〉
égyptien	[eʒipsjɛ̃]		埃及的；埃及人〈adj.〉
éjecter	[eʒɛkte]		弹出；逐出〈v.〉
élan	[elɑ̃]		冲劲；势头〈n.m.〉
élancer	[elɑ̃se]		猛冲；疾驰（代动词）〈v.〉
élargir	[elaʁʒiʁ]		加宽；扩大〈v.〉
électeur	[elɛktœʁ]		选民〈n.m.〉
élection	[elɛksjɔ̃]		选举〈n.f.〉
électoral	[elɛktoʁal]		选举的〈adj.〉
électricien	[elɛktʁisjɛ̃]		电工〈n.m.〉
électricité	[elɛktʁisite]		电；电力〈n.f.〉
électrique	[elɛktʁik]		电的；用电的〈adj.〉
électrochoc	[elɛktʁoʃɔk]		电击；电休克〈n.m.〉
électronique	[elɛktʁonik]		电子的〈adj.〉
élevage	[ɛləvaʒ]		饲养；养殖〈n.m.〉
élever	[ɛləve]		举起；抚养；提高〈v.〉
élevé	[ɛləve]		高的；崇高的〈adj.〉
éliminer	[elimine]		淘汰；清除〈v.〉
élire	[eliʁ]		选举；选出〈v.〉
élite	[elit]		精英〈n.f.〉
éloge	[elɔʒ]		赞扬；颂词〈n.m.〉
éloigner	[elwaɲe]		使远离；疏远〈v.〉
éloigné	[elwaɲe]		遥远的〈adj.〉
élu	[ely]		当选者；被选中的〈adj.〉
élucider	[elyside]		阐明；解开（谜团）〈v.〉
élève	[elɛv]		学生；弟子〈n.〉
élégance	[elegɑ̃s]		优雅〈n.f.〉
élégant	[elegɑ̃]		优雅的；雅致的〈adj.〉
élément	[elemɑ̃]		元素；要素〈n.m.〉
élémentaire	[elemɑ̃tɛʁ]		基础的；基本的〈adj.〉
éléphant	[elefɑ̃]		象〈n.m.〉
émaner	[emane]		发自；源于〈v.〉
émeraude	[ɛməʁod]		祖母绿〈n.f.〉
émerger	[emɛʁʒe]		浮现；涌现〈v.〉
émetteur	[emetœʁ]		发射器；发射台〈n.m.〉
émettre	[emɛtʁ]		发出；播送；表达〈v.〉
émeute	[emøt]		骚乱；暴动〈n.f.〉
émigrer	[emigʁe]		移居国外；移民〈v.〉
éminent	[eminɑ̃]		卓越的；著名的〈adj.〉
émission	[emisjɔ̃]		节目；排放〈n.f.〉
émotif	[emotif]		易动情的；多愁善感的〈adj.〉
émotion	[emosjɔ̃]		情感；激动〈n.f.〉
émotionnel	[emosjonɛl]		情感的；情绪化的〈adj.〉
émouvant	[emuvɑ̃]		感人的；动情的〈adj.〉
émouvoir	[emuvwaʁ]		使感动；触动〈v.〉
ému	[emy]		感动的；激动的〈adj.〉
énergie	[enɛʁʒi]		能量；精力〈n.f.〉
énergétique	[enɛʁʒetik]		能量的；能源的〈adj.〉
énerver	[enɛʁve]		使恼火；惹怒〈v.〉
énervé	[enɛʁve]		恼火的；气恼的〈adj.〉
énigme	[enigm]		谜；费解之事〈n.f.〉
énorme	[enɔʁm]		巨大的；庞大的〈adj.〉
énormément	[enɔʁmemɑ̃]		非常；极其〈adv.〉
épais	[epɛ]		厚的；浓的〈adj.〉
épaisseur	[epɛsœʁ]		厚度〈n.f.〉
épanouir	[epanwiʁ]		绽放；舒展〈v.〉
épargne	[epaʁɲ]		储蓄〈n.f.〉
épargner	[epaʁɲe]		节省；储蓄；饶恕〈v.〉
éparpiller	[epaʁpije]		使分散；使散落〈v.〉
épatant	[epatɑ̃]		令人惊叹的；了不起的〈adj.〉
épater	[epate]		使惊叹；镇住〈v.〉
épaule	[epol]		肩膀〈n.f.〉
épave	[epav]		残骸〈n.f.〉
épeler	[epəle]		拼写〈v.〉
épice	[epis]		香料；调料〈n.f.〉
épicerie	[episəʁi]		食品杂货店〈n.f.〉
épicier	[episje]		食品杂货商〈n.m.〉
épidémie	[epidemi]		流行病；传染病〈n.f.〉
épier	[epje]		窥伺；暗中监视〈v.〉
épine	[epin]		刺；荆棘〈n.f.〉
épingle	[epɛ̃gl]		别针；大头针〈n.f.〉
épingler	[epɛ̃gle]		用别针别住〈v.〉
épisode	[epizɔd]		一集；片段〈n.m.〉
éplucher	[eplyʃe]		去皮；择洗（蔬菜）〈v.〉
éponge	[epɔ̃ʒ]		海绵〈n.f.〉
époque	[epɔk]		时代；时期〈n.f.〉
épouser	[epuze]		娶；嫁；与…结婚〈v.〉
épouvantable	[epuvɑ̃tabl]		可怕的；骇人的〈adj.〉
épouvantail	[epuvɑ̃taj]		稻草人〈n.m.〉
époux	[epu]		配偶；丈夫（正式）〈n.m.〉
épreuve	[epʁœv]		考验；试验；磨难〈n.f.〉
éprouver	[epʁuve]		感到；经受；考验〈v.〉
épuisant	[epɥizɑ̃]		使人筋疲力尽的〈adj.〉
épuiser	[epɥize]		使精疲力竭；耗尽〈v.〉
épuisé	[epɥize]		精疲力竭的；售罄的〈adj.〉
épée	[epe]		剑；长剑〈n.f.〉
équation	[ekwasjɔ̃]		方程；等式〈n.f.〉
équilibre	[ekilibʁ]		平衡；均衡〈n.m.〉
équilibré	[ekilibʁe]		均衡的；稳重的〈adj.〉
équipage	[ekipaʒ]		船员；机组人员〈n.m.〉
équipe	[ekip]		队；组；团队〈n.f.〉
équipement	[ekipəmɑ̃]		设备；装备〈n.m.〉
équiper	[ekipe]		装备；配备〈v.〉
équipier	[ekipje]		队友；队员〈n.m.〉
équitable	[ekitabl]		公平的；公正的〈adj.〉
équivalent	[ekivalɑ̃]		等同物；等价物〈n.m.〉
équivaloir	[ekivalwaʁ]		相当于；等同于〈v.〉
érection	[eʁɛksjɔ̃]		勃起〈n.f.〉
érotique	[eʁotik]		色情的；性爱的〈adj.〉
éruption	[eʁypsjɔ̃]		喷发；爆发；出疹〈n.f.〉
étable	[etabl]		牲口棚；牛棚〈n.f.〉
établir	[etabliʁ]		建立；确立〈v.〉
établissement	[etablisəmɑ̃]		机构；建立〈n.m.〉
étage	[etaʒ]		楼层〈n.m.〉
étagère	[etaʒɛʁ]		搁架；置物架〈n.f.〉
étalage	[etalaʒ]		橱窗陈列；炫耀〈n.m.〉
étaler	[etale]		摊开；铺开〈v.〉
étalon	[etalɔ̃]		种马；标准器〈n.m.〉
étang	[etɑ̃]		池塘〈n.m.〉
étape	[etap]		阶段；步骤〈n.f.〉
état	[eta]		状态；国家；州〈n.m.〉
état-major	[etamaʒɔʁ]		参谋部；指挥部〈n.m.〉
éteindre	[etɛ̃dʁ]		熄灭；关掉〈v.〉
éteint	[etɛ̃]		熄灭的；断电的；灭绝的〈adj.〉
étendre	[etɑ̃dʁ]		铺开；伸展；扩大〈v.〉
étendue	[etɑ̃dy]		面积；广阔范围〈n.f.〉
éternel	[etɛʁnɛl]		永恒的；无休止的〈adj.〉
éternellement	[etɛʁnɛləmɑ̃]		永远地；永恒地〈adv.〉
éternité	[etɛʁnite]		永恒；极长时间〈n.f.〉
éternuer	[etɛʁnɥe]		打喷嚏〈v.〉
éthique	[etik]		伦理；道德〈n.f.〉
étincelle	[etɛ̃sɛl]		火花；火星〈n.f.〉
étiquette	[etikɛt]		标签；礼节〈n.f.〉
étirer	[etiʁe]		伸展；拉长〈v.〉
étoffe	[etɔf]		织物；布料〈n.f.〉
étoile	[etwal]		星；星星；明星〈n.f.〉
étonnant	[etonɑ̃]		惊人的；了不起的〈adj.〉
étonner	[etone]		使惊讶〈v.〉
étonné	[etone]		惊讶的〈adj.〉
étouffer	[etufe]		使窒息；压抑〈v.〉
étrange	[etʁɑ̃ʒ]		奇怪的；怪异的〈adj.〉
étrangement	[etʁɑ̃ʒəmɑ̃]		奇怪地；异常地〈adv.〉
étranger	[etʁɑ̃ʒe]		外国人；外国〈n.m.〉
étrangler	[etʁɑ̃gle]		掐死；勒住〈v.〉
étreindre	[etʁɛ̃dʁ]		紧抱；拥抱〈v.〉
étreinte	[etʁɛ̃t]		拥抱；紧抱〈n.f.〉
étroit	[etʁwa]		狭窄的；狭隘的〈adj.〉
étude	[etyd]		学习；研究〈n.f.〉
étudiant	[etydjɑ̃]		大学生；学生〈n.m.〉
étudier	[etydje]		学习；研究〈v.〉
étui	[etɥi]		（眼镜等）套子；小盒〈n.m.〉
été	[ete]		夏天〈n.m.〉
évacuation	[evakɥasjɔ̃]		疏散；撤离；排出〈n.f.〉
évacuer	[evakɥe]		撤离；疏散〈v.〉
évader	[evade]		逃跑；逃脱〈v.〉
évaluation	[evalɥasjɔ̃]		评估；评价〈n.f.〉
évaluer	[evalɥe]		评估；评价〈v.〉
évanouir	[evanuiʁ]		昏倒；消失〈v.〉
évaporer	[evapoʁe]		蒸发；（使）消失〈v.〉
évasion	[evazjɔ̃]		逃跑；逃脱〈n.f.〉
éveiller	[eveje]		唤醒；唤起〈v.〉
éveillé	[eveje]		醒着的；机敏的〈adj.〉
éventail	[evɑ̃taj]		折扇；一系列〈n.m.〉
éventualité	[evɑ̃tɥalite]		可能性；万一〈n.f.〉
éventuel	[evɑ̃tɥɛl]		可能的；万一的〈adj.〉
éventuellement	[evɑ̃tɥɛləmɑ̃]		可能；必要时〈adv.〉
évidemment	[evidamɑ̃]		显然；当然〈adv.〉
évidence	[evidɑ̃s]		明显；显而易见之事〈n.f.〉
évident	[evidɑ̃]		明显的；显然的〈adj.〉
évier	[evje]		洗碗水槽〈n.m.〉
éviter	[evite]		避免；避开〈v.〉
évoluer	[evolɥe]		演变；进化〈v.〉
évolution	[evolysjɔ̃]		演变；进化〈n.f.〉
évoquer	[evoke]		提及；使人想起〈v.〉
évènement	[evɛnəmɑ̃]		事件；大事〈n.m.〉
événement	[evɛnəmɑ̃]		事件；大事〈n.m.〉
évêque	[evɛk]		主教〈n.m.〉
être	[ɛtʁ]		是；存在〈v.〉
île	[il]		岛〈n.f.〉
ôter	[ote]		去掉；脱掉〈v.〉
